{
  "type": "FeatureCollection",
  "features": [
    {
      "type": "Feature",
      "properties": {
        "cell_id": "SYN_elongated_r000_c000",
        "method": "GeoAnnulus-Final",
        "view": "annulus"
      },
      "geometry": {
        "type": "Polygon",
        "coordinates": [
          [
            [
              -0.9382257037510396,
              0.17884897661142626
            ],
            [
              -0.9495831795669054,
              0.17404647945774038
            ],
            [
              -0.9836065536303034,
              0.18030295727224552
            ],
            [
              -0.9823485185218157,
              0.1870598518068318
            ],
            [
              -0.9807852804032305,
              0.19509032201612792
            ],
            [
              -0.9791563962022338,
              0.20310773440776236
            ],
            [
              -0.9774619749435719,
              0.21111155235896492
            ],
            [
              -0.9757021300385287,
              0.21910124015686938
            ],
            [
              -0.9738769792773336,
              0.22707626303437303
            ],
            [
              -0.9719866448212795,
              0.23503608720592636
            ],
            [
              -0.9700312531945441,
              0.24298017990326337
            ],
            [
              -0.9680109352757228,
              0.25090800941105973
            ],
            [
              -0.9659258262890684,
              0.25881904510252035
            ],
            [
              -0.96377606579544,
              0.26671275747489825
            ],
            [
              -0.961561797682962,
              0.274588618184932
            ],
            [
              -0.9593779409919942,
              0.282119298046978
            ],
            [
              -0.9382257037510396,
              0.17884897661142626
            ]
          ]
        ]
      }
    },
    {
      "type": "Feature",
      "properties": {
        "cell_id": "SYN_elongated_r000_c001",
        "method": "GeoAnnulus-Final",
        "view": "annulus"
      },
      "geometry": {
        "type": "Polygon",
        "coordinates": [
          [
            [
              -0.9114570944984456,
              0.1924230819804823
            ],
            [
              -0.9292908606805481,
              0.1793774190956091
            ],
            [
              -0.9382257037510406,
              0.1788489766114259
            ],
            [
              -0.9593779409919949,
              0.2821192980469758
            ],
            [
              -0.9592831701573937,
              0.282446100084212
            ],
            [
              -0.9569403357322089,
              0.2902846772544621
            ],
            [
              -0.9545334512183886,
              0.29810382504273947
            ],
            [
              -0.9520626777139244,
              0.3059030200965529
            ],
            [
              -0.9506262435911271,
              0.3103116340112774
            ],
            [
              -0.9114570944984456,
              0.1924230819804823
            ]
          ]
        ]
      }
    },
    {
      "type": "Feature",
      "properties": {
        "cell_id": "SYN_elongated_r000_c002",
        "method": "GeoAnnulus-Final",
        "view": "annulus"
      },
      "geometry": {
        "type": "Polygon",
        "coordinates": [
          [
            [
              -0.9127232834845861,
              0.285445211401552
            ],
            [
              -0.8979332659388148,
              0.24330631259774416
            ],
            [
              -0.9095887087740673,
              0.19265050684631746
            ],
            [
              -0.9114570944984454,
              0.19242308198048275
            ],
            [
              -0.950626243591127,
              0.310311634011278
            ],
            [
              -0.9495281805930368,
              0.3136817403988912
            ],
            [
              -0.9469301294951058,
              0.3214394653031611
            ],
            [
              -0.9463003014383159,
              0.3232702405309355
            ],
            [
              -0.9127232834845861,
              0.285445211401552
            ]
          ]
        ]
      }
    },
    {
      "type": "Feature",
      "properties": {
        "cell_id": "SYN_elongated_r000_c003",
        "method": "GeoAnnulus-Final",
        "view": "annulus"
      },
      "geometry": {
        "type": "Polygon",
        "coordinates": [
          [
            [
              -0.9095887087740665,
              0.19265050684631735
            ],
            [
              -0.8979332659388143,
              0.24330631259774282
            ],
            [
              -0.841282513734706,
              0.22213093122706087
            ],
            [
              -0.8569189288588608,
              0.19583842646027338
            ],
            [
              -0.9018646076456771,
              0.18965680021572953
            ],
            [
              -0.9095887087740665,
              0.19265050684631735
            ]
          ]
        ]
      }
    },
    {
      "type": "Feature",
      "properties": {
        "cell_id": "SYN_elongated_r000_c004",
        "method": "GeoAnnulus-Final",
        "view": "annulus"
      },
      "geometry": {
        "type": "Polygon",
        "coordinates": [
          [
            [
              -0.8412825137347055,
              0.22213093122706143
            ],
            [
              -0.8979332659388144,
              0.2433063125977436
            ],
            [
              -0.9127232834845858,
              0.2854452114015519
            ],
            [
              -0.8156171895002632,
              0.24916931538455797
            ],
            [
              -0.8265087432631736,
              0.2329868492769524
            ],
            [
              -0.8412825137347055,
              0.22213093122706143
            ]
          ]
        ]
      }
    },
    {
      "type": "Feature",
      "properties": {
        "cell_id": "SYN_elongated_r000_c005",
        "method": "GeoAnnulus-Final",
        "view": "annulus"
      },
      "geometry": {
        "type": "Polygon",
        "coordinates": [
          [
            [
              -0.7972906115484687,
              0.2781966192116754
            ],
            [
              -0.813821689108023,
              0.25038003921313406
            ],
            [
              -0.8156171895002635,
              0.24916931538455747
            ],
            [
              -0.9127232834845855,
              0.28544521140155116
            ],
            [
              -0.9463003014383159,
              0.3232702405309354
            ],
            [
              -0.9448769385403254,
              0.3274076515364974
            ],
            [
              -0.7972906115484687,
              0.2781966192116754
            ]
          ]
        ]
      }
    },
    {
      "type": "Feature",
      "properties": {
        "cell_id": "SYN_elongated_r000_c006",
        "method": "GeoAnnulus-Final",
        "view": "annulus"
      },
      "geometry": {
        "type": "Polygon",
        "coordinates": [
          [
            [
              -0.7880771428580059,
              0.2927209658181777
            ],
            [
              -0.7933937749154656,
              0.2816831524154768
            ],
            [
              -0.7972906115484693,
              0.2781966192116747
            ],
            [
              -0.9448769385403256,
              0.32740765153649665
            ],
            [
              -0.9442686983133166,
              0.3291756755680387
            ],
            [
              -0.9415440651830209,
              0.33688985339221966
            ],
            [
              -0.9387564124698135,
              0.34458148244907993
            ],
            [
              -0.9359059267573259,
              0.3522500479212332
            ],
            [
              -0.9329927988347391,
              0.35989503653498767
            ],
            [
              -0.9300172236840122,
              0.36751593659470333
            ],
            [
              -0.9269794004668331,
              0.37511223801703764
            ],
            [
              -0.9252951690880642,
              0.3792258464928219
            ],
            [
              -0.7880771428580059,
              0.2927209658181777
            ]
          ]
        ]
      }
    },
    {
      "type": "Feature",
      "properties": {
        "cell_id": "SYN_elongated_r000_c007",
        "method": "GeoAnnulus-Final",
        "view": "annulus"
      },
      "geometry": {
        "type": "Polygon",
        "coordinates": [
          [
            [
              -0.760691032834943,
              0.3419504662797679
            ],
            [
              -0.7711808557597116,
              0.31157674660262846
            ],
            [
              -0.7880771428580058,
              0.2927209658181781
            ],
            [
              -0.925295169088064,
              0.3792258464928223
            ],
            [
              -0.923879532511287,
              0.3826834323650892
            ],
            [
              -0.9207178272982478,
              0.39022901288242773
            ],
            [
              -0.9174944964474915,
              0.3977484745270106
            ],
            [
              -0.9142097557035308,
              0.40524131400498964
            ],
            [
              -0.9132365698201275,
              0.40741276634458906
            ],
            [
              -0.760691032834943,
              0.3419504662797679
            ]
          ]
        ]
      }
    },
    {
      "type": "Feature",
      "properties": {
        "cell_id": "SYN_elongated_r000_c008",
        "method": "GeoAnnulus-Final",
        "view": "annulus"
      },
      "geometry": {
        "type": "Polygon",
        "coordinates": [
          [
            [
              -0.7347519915725379,
              0.3915302294074004
            ],
            [
              -0.7405306220291482,
              0.36283684960679813
            ],
            [
              -0.7606910328349431,
              0.3419504662797678
            ],
            [
              -0.9132365698201275,
              0.40741276634458895
            ],
            [
              -0.910863824921176,
              0.4127070298043944
            ],
            [
              -0.9074569280508189,
              0.42014512222870193
            ],
            [
              -0.9039892931234434,
              0.4275550934302818
            ],
            [
              -0.9004611522353638,
              0.4349364474437167
            ],
            [
              -0.8968727415326884,
              0.4422886902190011
            ],
            [
              -0.8932243011955155,
              0.44961132965460626
            ],
            [
              -0.8895160754218563,
              0.4569038756304202
            ],
            [
              -0.8857483124112907,
              0.4641658400405513
            ],
            [
              -0.8854572609826071,
              0.4647157580989238
            ],
            [
              -0.7347519915725379,
              0.3915302294074004
            ]
          ]
        ]
      }
    },
    {
      "type": "Feature",
      "properties": {
        "cell_id": "SYN_elongated_r000_c009",
        "method": "GeoAnnulus-Final",
        "view": "annulus"
      },
      "geometry": {
        "type": "Polygon",
        "coordinates": [
          [
            [
              -0.6973044609078496,
              0.45543081676387176
            ],
            [
              -0.6992921685882592,
              0.4330587144157202
            ],
            [
              -0.734751991572538,
              0.3915302294074003
            ],
            [
              -0.8854572609826071,
              0.4647157580989237
            ],
            [
              -0.8819212643483553,
              0.47139673682599725
            ],
            [
              -0.8780351873856628,
              0.4785960820071806
            ],
            [
              -0.874090341626759,
              0.4857633937163397
            ],
            [
              -0.8700869911087117,
              0.49289819222978354
            ],
            [
              -0.8660254037844388,
              0.4999999999999998
            ],
            [
              -0.8619058515047745,
              0.5070683416876167
            ],
            [
              -0.8577286100002722,
              0.5141027441932216
            ],
            [
              -0.8534939588627506,
              0.5211027366890231
            ],
            [
              -0.8492021815265792,
              0.5280678506503675
            ],
            [
              -0.8448535652497072,
              0.5349976198870969
            ],
            [
              -0.8404484010944383,
              0.5418915805747513
            ],
            [
              -0.8396946456200977,
              0.5430501859457755
            ],
            [
              -0.6973044609078496,
              0.45543081676387176
            ]
          ]
        ]
      }
    },
    {
      "type": "Feature",
      "properties": {
        "cell_id": "SYN_elongated_r000_c010",
        "method": "GeoAnnulus-Final",
        "view": "annulus"
      },
      "geometry": {
        "type": "Polygon",
        "coordinates": [
          [
            [
              -0.6258394171825897,
              0.5400125983098506
            ],
            [
              -0.6260018424640706,
              0.5357616652314064
            ],
            [
              -0.6973044609078494,
              0.4554308167638722
            ],
            [
              -0.8396946456200974,
              0.5430501859457759
            ],
            [
              -0.8359869839079468,
              0.5487492712856157
            ],
            [
              -0.8314696123025455,
              0.555570233019602
            ],
            [
              -0.8268965886356965,
              0.5623540092349727
            ],
            [
              -0.8222682189897753,
              0.569100145878898
            ],
            [
              -0.8175848131515839,
              0.5758081914178449
            ],
            [
              -0.8128466845916156,
              0.5824776968678016
            ],
            [
              -0.8080541504430734,
              0.5891082158243279
            ],
            [
              -0.8032075314806453,
              0.5956993044924329
            ],
            [
              -0.7983071520990316,
              0.6022505217162818
            ],
            [
              -0.7933533402912354,
              0.6087614290087203
            ],
            [
              -0.7883464276266067,
              0.6152315905806264
            ],
            [
              -0.7832867492286506,
              0.6216605733700772
            ],
            [
              -0.7781746437525981,
              0.6280479470713338
            ],
            [
              -0.7730104533627371,
              0.6343932841636453
            ],
            [
              -0.7678732652090107,
              0.6406010095212836
            ],
            [
              -0.6258394171825897,
              0.5400125983098506
            ]
          ]
        ]
      }
    },
    {
      "type": "Feature",
      "properties": {
        "cell_id": "SYN_elongated_r000_c011",
        "method": "GeoAnnulus-Final",
        "view": "annulus"
      },
      "geometry": {
        "type": "Polygon",
        "coordinates": [
          [
            [
              -0.5123283771322763,
              0.6432349052742735
            ],
            [
              -0.6258394171825894,
              0.5400125983098507
            ],
            [
              -0.7678732652090104,
              0.6406010095212838
            ],
            [
              -0.7677945237095123,
              0.6406961599398604
            ],
            [
              -0.7625272039063885,
              0.6469561525348569
            ],
            [
              -0.7572088465064848,
              0.6531728429537765
            ],
            [
              -0.7518398074789777,
              0.6593458151000685
            ],
            [
              -0.7464204461852739,
              0.6654746558033421
            ],
            [
              -0.7409511253549593,
              0.6715589548470181
            ],
            [
              -0.7354322110615191,
              0.6775983049957882
            ],
            [
              -0.7298640726978358,
              0.683592302022871
            ],
            [
              -0.7242470829514672,
              0.6895405447370666
            ],
            [
              -0.7185816177796983,
              0.6954426350096115
            ],
            [
              -0.7128680563843801,
              0.701298177800824
            ],
            [
              -0.7071067811865479,
              0.7071067811865471
            ],
            [
              -0.7012981778008246,
              0.7128680563843797
            ],
            [
              -0.695442635009612,
              0.7185816177796978
            ],
            [
              -0.689540544737067,
              0.7242470829514668
            ],
            [
              -0.6835923020228716,
              0.7298640726978354
            ],
            [
              -0.6775983049957891,
              0.7354322110615182
            ],
            [
              -0.6715589548470187,
              0.7409511253549589
            ],
            [
              -0.6654746558033426,
              0.7464204461852735
            ],
            [
              -0.6593458151000691,
              0.7518398074789773
            ],
            [
              -0.6531728429537771,
              0.7572088465064843
            ],
            [
              -0.6469561525348575,
              0.7625272039063881
            ],
            [
              -0.6441313961146551,
              0.764904027074362
            ],
            [
              -0.5123283771322763,
              0.6432349052742735
            ]
          ]
        ]
      }
    },
    {
      "type": "Feature",
      "properties": {
        "cell_id": "SYN_elongated_r000_c012",
        "method": "GeoAnnulus-Final",
        "view": "annulus"
      },
      "geometry": {
        "type": "Polygon",
        "coordinates": [
          [
            [
              -0.37434388307334626,
              0.782539260283197
            ],
            [
              -0.4419657280243082,
              0.6344528561872445
            ],
            [
              -0.5123283771322762,
              0.6432349052742734
            ],
            [
              -0.6441313961146551,
              0.764904027074362
            ],
            [
              -0.6406961599398614,
              0.7677945237095115
            ],
            [
              -0.6343932841636458,
              0.7730104533627367
            ],
            [
              -0.6280479470713344,
              0.7781746437525977
            ],
            [
              -0.6216605733700781,
              0.7832867492286498
            ],
            [
              -0.6152315905806273,
              0.7883464276266059
            ],
            [
              -0.6087614290087209,
              0.7933533402912349
            ],
            [
              -0.602250521716282,
              0.7983071520990315
            ],
            [
              -0.5956993044924339,
              0.8032075314806445
            ],
            [
              -0.5891082158243285,
              0.8080541504430729
            ],
            [
              -0.5824776968678023,
              0.8128466845916151
            ],
            [
              -0.5758081914178459,
              0.8175848131515833
            ],
            [
              -0.5691001458788986,
              0.8222682189897749
            ],
            [
              -0.5623540092349733,
              0.826896588635696
            ],
            [
              -0.555570233019603,
              0.8314696123025448
            ],
            [
              -0.5487492712856163,
              0.8359869839079463
            ],
            [
              -0.541891580574752,
              0.8404484010944379
            ],
            [
              -0.5349976198870973,
              0.844853565249707
            ],
            [
              -0.5280678506503685,
              0.8492021815265786
            ],
            [
              -0.5211027366890237,
              0.8534939588627503
            ],
            [
              -0.5141027441932218,
              0.857728610000272
            ],
            [
              -0.5070683416876177,
              0.861905851504774
            ],
            [
              -0.5000000000000004,
              0.8660254037844384
            ],
            [
              -0.4928981922297842,
              0.8700869911087113
            ],
            [
              -0.48576339371634075,
              0.8740903416267585
            ],
            [
              -0.4785960820071813,
              0.8780351873856624
            ],
            [
              -0.4713967368259979,
              0.8819212643483549
            ],
            [
              -0.46416584004055234,
              0.8857483124112902
            ],
            [
              -0.45690387563042123,
              0.8895160754218557
            ],
            [
              -0.44961132965460693,
              0.8932243011955151
            ],
            [
              -0.44228869021900136,
              0.8968727415326883
            ],
            [
              -0.43493644744371773,
              0.9004611522353633
            ],
            [
              -0.4318746241228542,
              0.9019246430841632
            ],
            [
              -0.37434388307334626,
              0.782539260283197
            ]
          ]
        ]
      }
    },
    {
      "type": "Feature",
      "properties": {
        "cell_id": "SYN_elongated_r000_c013",
        "method": "GeoAnnulus-Final",
        "view": "annulus"
      },
      "geometry": {
        "type": "Polygon",
        "coordinates": [
          [
            [
              -0.1390783773845702,
              0.8345926846695904
            ],
            [
              -0.17656732843416809,
              0.7277771788289473
            ],
            [
              -0.37434388307334665,
              0.7825392602831969
            ],
            [
              -0.43187462412285454,
              0.901924643084163
            ],
            [
              -0.4275550934302825,
              0.9039892931234431
            ],
            [
              -0.4201451222287026,
              0.9074569280508186
            ],
            [
              -0.41270702980439544,
              0.9108638249211755
            ],
            [
              -0.40524131400499036,
              0.9142097557035305
            ],
            [
              -0.3977484745270113,
              0.9174944964474913
            ],
            [
              -0.39022901288242884,
              0.9207178272982474
            ],
            [
              -0.38268343236509034,
              0.9238795325112865
            ],
            [
              -0.3751122380170383,
              0.9269794004668328
            ],
            [
              -0.36751593659470366,
              0.9300172236840121
            ],
            [
              -0.3598950365349888,
              0.9329927988347386
            ],
            [
              -0.35225004792123393,
              0.9359059267573255
            ],
            [
              -0.3445814824490806,
              0.9387564124698131
            ],
            [
              -0.3368898533922208,
              0.9415440651830205
            ],
            [
              -0.3291756755680394,
              0.9442686983133164
            ],
            [
              -0.3214394653031618,
              0.9469301294951056
            ],
            [
              -0.3136817403988923,
              0.9495281805930365
            ],
            [
              -0.305903020096554,
              0.952062677713924
            ],
            [
              -0.29810382504274013,
              0.9545334512183884
            ],
            [
              -0.29028467725446244,
              0.9569403357322088
            ],
            [
              -0.28244610008421317,
              0.9592831701573934
            ],
            [
              -0.27458861818493274,
              0.9615617976829618
            ],
            [
              -0.26671275747489853,
              0.9637760657954398
            ],
            [
              -0.2588190451025215,
              0.9659258262890681
            ],
            [
              -0.2509080094110605,
              0.9680109352757226
            ],
            [
              -0.24298017990326412,
              0.970031253194544
            ],
            [
              -0.23503608720592753,
              0.9719866448212793
            ],
            [
              -0.22707626303437378,
              0.9738769792773335
            ],
            [
              -0.2191012401568701,
              0.9757021300385285
            ],
            [
              -0.2111115523589661,
              0.9774619749435717
            ],
            [
              -0.20310773440776353,
              0.9791563962022336
            ],
            [
              -0.19509032201612866,
              0.9807852804032303
            ],
            [
              -0.1870598518068321,
              0.9823485185218157
            ],
            [
              -0.1790168612766334,
              0.9838460059270773
            ],
            [
              -0.1709618887603017,
              0.9852776423889411
            ],
            [
              -0.16316943608357695,
              0.9865969486537687
            ],
            [
              -0.1390783773845702,
              0.8345926846695904
            ]
          ]
        ]
      }
    },
    {
      "type": "Feature",
      "properties": {
        "cell_id": "SYN_elongated_r000_c014",
        "method": "GeoAnnulus-Final",
        "view": "annulus"
      },
      "geometry": {
        "type": "Polygon",
        "coordinates": [
          [
            [
              0.13877671305565148,
              0.8345926846695904
            ],
            [
              -0.13907837738457002,
              0.8345926846695906
            ],
            [
              -0.1631694360835767,
              0.9865969486537688
            ],
            [
              -0.16289547339458896,
              0.986643332084879
            ],
            [
              -0.15481815508214186,
              0.9879429836063223
            ],
            [
              -0.1467304744553623,
              0.9891765099647809
            ],
            [
              -0.13863297284022696,
              0.9903438285976648
            ],
            [
              -0.1305261922200525,
              0.9914448613738103
            ],
            [
              -0.12241067519921685,
              0.99247953459871
            ],
            [
              -0.11428696496684677,
              0.9934477790194444
            ],
            [
              -0.1061556052604576,
              0.9943495298293181
            ],
            [
              -0.09801714032956134,
              0.9951847266721968
            ],
            [
              -0.08987211489923544,
              0.9959533136465477
            ],
            [
              -0.08172107413366843,
              0.9966552393091803
            ],
            [
              -0.07356456359966825,
              0.9972904566786902
            ],
            [
              -0.06540312923014362,
              0.9978589232386035
            ],
            [
              -0.05723731728756891,
              0.9983606009402225
            ],
            [
              -0.04906767432741892,
              0.9987954562051723
            ],
            [
              -0.04089474716158408,
              0.9991634599276488
            ],
            [
              -0.03271908282177651,
              0.9994645874763657
            ],
            [
              -0.02454122852291239,
              0.9996988186962042
            ],
            [
              -0.0163617316264875,
              0.9998661379095618
            ],
            [
              -0.008181139603937581,
              0.9999665339174011
            ],
            [
              -1.8369701987210297e-16,
              1.0
            ],
            [
              0.008181139603936325,
              0.9999665339174011
            ],
            [
              0.016361731626486246,
              0.9998661379095618
            ],
            [
              0.02454122852291202,
              0.9996988186962042
            ],
            [
              0.032719082821775256,
              0.9994645874763657
            ],
            [
              0.04089474716158283,
              0.9991634599276488
            ],
            [
              0.04906767432741766,
              0.9987954562051724
            ],
            [
              0.05723731728756854,
              0.9983606009402225
            ],
            [
              0.06540312923014237,
              0.9978589232386036
            ],
            [
              0.07356456359966698,
              0.9972904566786902
            ],
            [
              0.08172107413366805,
              0.9966552393091803
            ],
            [
              0.08987211489923418,
              0.9959533136465478
            ],
            [
              0.09801714032956009,
              0.9951847266721969
            ],
            [
              0.10615560526045723,
              0.9943495298293181
            ],
            [
              0.11428696496684553,
              0.9934477790194445
            ],
            [
              0.1224106751992156,
              0.9924795345987101
            ],
            [
              0.13052619222005127,
              0.9914448613738105
            ],
            [
              0.13863297284022572,
              0.990343828597665
            ],
            [
              0.14673047445536108,
              0.9891765099647811
            ],
            [
              0.1548181550821406,
              0.9879429836063224
            ],
            [
              0.16287562908775294,
              0.9866465250608858
            ],
            [
              0.13877671305565148,
              0.8345926846695904
            ]
          ]
        ]
      }
    },
    {
      "type": "Feature",
      "properties": {
        "cell_id": "SYN_elongated_r000_c015",
        "method": "GeoAnnulus-Final",
        "view": "annulus"
      },
      "geometry": {
        "type": "Polygon",
        "coordinates": [
          [
            [
              0.3768960461469968,
              0.7877091145706563
            ],
            [
              0.17488263980808164,
              0.7317177649418117
            ],
            [
              0.13877671305565165,
              0.8345926846695906
            ],
            [
              0.16287562908775308,
              0.9866465250608858
            ],
            [
              0.1628954733945886,
              0.986643332084879
            ],
            [
              0.17096188876030047,
              0.9852776423889413
            ],
            [
              0.1790168612766322,
              0.9838460059270775
            ],
            [
              0.18705985180683174,
              0.9823485185218157
            ],
            [
              0.19509032201612742,
              0.9807852804032307
            ],
            [
              0.2031077344077623,
              0.9791563962022338
            ],
            [
              0.21111155235896487,
              0.9774619749435719
            ],
            [
              0.21910124015686888,
              0.9757021300385288
            ],
            [
              0.22707626303437256,
              0.9738769792773339
            ],
            [
              0.2350360872059263,
              0.9719866448212795
            ],
            [
              0.24298017990326376,
              0.970031253194544
            ],
            [
              0.2509080094110593,
              0.9680109352757229
            ],
            [
              0.2588190451025203,
              0.9659258262890684
            ],
            [
              0.2667127574748982,
              0.96377606579544
            ],
            [
              0.2745886181849315,
              0.9615617976829621
            ],
            [
              0.28244610008421195,
              0.9592831701573937
            ],
            [
              0.29028467725446205,
              0.9569403357322089
            ],
            [
              0.29810382504273897,
              0.9545334512183887
            ],
            [
              0.30590302009655285,
              0.9520626777139245
            ],
            [
              0.31368174039889113,
              0.9495281805930368
            ],
            [
              0.3214394653031615,
              0.9469301294951057
            ],
            [
              0.32917567556803823,
              0.9442686983133167
            ],
            [
              0.3368898533922196,
              0.9415440651830209
            ],
            [
              0.34458148244908027,
              0.9387564124698132
            ],
            [
              0.3522500479212327,
              0.935905926757326
            ],
            [
              0.3598950365349876,
              0.9329927988347391
            ],
            [
              0.3675159365947033,
              0.9300172236840122
            ],
            [
              0.37511223801703714,
              0.9269794004668332
            ],
            [
              0.38268343236508917,
              0.923879532511287
            ],
            [
              0.3902290128824277,
              0.9207178272982478
            ],
            [
              0.3977484745270101,
              0.9174944964474917
            ],
            [
              0.4052413140049892,
              0.9142097557035309
            ],
            [
              0.41270702980439433,
              0.910863824921176
            ],
            [
              0.42014512222870226,
              0.9074569280508188
            ],
            [
              0.42755509343028136,
              0.9039892931234437
            ],
            [
              0.43192408778385855,
              0.9019010004347867
            ],
            [
              0.3768960461469968,
              0.7877091145706563
            ]
          ]
        ]
      }
    },
    {
      "type": "Feature",
      "properties": {
        "cell_id": "SYN_elongated_r000_c016",
        "method": "GeoAnnulus-Final",
        "view": "annulus"
      },
      "geometry": {
        "type": "Polygon",
        "coordinates": [
          [
            [
              0.5128332464110467,
              0.6432200913432417
            ],
            [
              0.4466425716884392,
              0.6349587515289101
            ],
            [
              0.3768960461469968,
              0.7877091145706563
            ],
            [
              0.43192408778385855,
              0.9019010004347867
            ],
            [
              0.4349364474437166,
              0.9004611522353638
            ],
            [
              0.442288690219001,
              0.8968727415326885
            ],
            [
              0.4496113296546058,
              0.8932243011955158
            ],
            [
              0.4569038756304201,
              0.8895160754218563
            ],
            [
              0.4641658400405512,
              0.8857483124112907
            ],
            [
              0.4713967368259968,
              0.8819212643483555
            ],
            [
              0.4785960820071802,
              0.8780351873856631
            ],
            [
              0.4857633937163397,
              0.874090341626759
            ],
            [
              0.49289819222978387,
              0.8700869911087115
            ],
            [
              0.49999999999999933,
              0.866025403784439
            ],
            [
              0.5070683416876166,
              0.8619058515047746
            ],
            [
              0.5141027441932216,
              0.8577286100002722
            ],
            [
              0.5211027366890226,
              0.8534939588627509
            ],
            [
              0.5280678506503674,
              0.8492021815265792
            ],
            [
              0.5349976198870969,
              0.8448535652497072
            ],
            [
              0.541891580574751,
              0.8404484010944385
            ],
            [
              0.5487492712856153,
              0.835986983907947
            ],
            [
              0.5555702330196018,
              0.8314696123025455
            ],
            [
              0.562354009234973,
              0.8268965886356963
            ],
            [
              0.5691001458788976,
              0.8222682189897755
            ],
            [
              0.5758081914178449,
              0.8175848131515839
            ],
            [
              0.5824776968678019,
              0.8128466845916154
            ],
            [
              0.5891082158243275,
              0.8080541504430737
            ],
            [
              0.5956993044924329,
              0.8032075314806453
            ],
            [
              0.6022505217162817,
              0.7983071520990317
            ],
            [
              0.6087614290087199,
              0.7933533402912357
            ],
            [
              0.6152315905806264,
              0.7883464276266067
            ],
            [
              0.6216605733700771,
              0.7832867492286506
            ],
            [
              0.6280479470713334,
              0.7781746437525985
            ],
            [
              0.6343932841636449,
              0.7730104533627374
            ],
            [
              0.6406961599398604,
              0.7677945237095123
            ],
            [
              0.6444039122961633,
              0.7646747249054301
            ],
            [
              0.5128332464110467,
              0.6432200913432417
            ]
          ]
        ]
      }
    },
    {
      "type": "Feature",
      "properties": {
        "cell_id": "SYN_elongated_r000_c017",
        "method": "GeoAnnulus-Final",
        "view": "annulus"
      },
      "geometry": {
        "type": "Polygon",
        "coordinates": [
          [
            [
              0.626131964986768,
              0.5401908608620913
            ],
            [
              0.5128332464110468,
              0.6432200913432418
            ],
            [
              0.6444039122961633,
              0.7646747249054301
            ],
            [
              0.6469561525348572,
              0.7625272039063883
            ],
            [
              0.6531728429537761,
              0.7572088465064851
            ],
            [
              0.6593458151000684,
              0.7518398074789778
            ],
            [
              0.665474655803342,
              0.746420446185274
            ],
            [
              0.6715589548470177,
              0.7409511253549598
            ],
            [
              0.6775983049957882,
              0.7354322110615191
            ],
            [
              0.683592302022871,
              0.7298640726978359
            ],
            [
              0.6895405447370662,
              0.7242470829514677
            ],
            [
              0.6954426350096111,
              0.7185816177796986
            ],
            [
              0.701298177800824,
              0.7128680563843802
            ],
            [
              0.7071067811865474,
              0.7071067811865477
            ],
            [
              0.7128680563843793,
              0.7012981778008249
            ],
            [
              0.7185816177796976,
              0.6954426350096121
            ],
            [
              0.7242470829514667,
              0.6895405447370672
            ],
            [
              0.729864072697835,
              0.683592302022872
            ],
            [
              0.7354322110615182,
              0.6775983049957892
            ],
            [
              0.7409511253549588,
              0.6715589548470187
            ],
            [
              0.7464204461852731,
              0.665474655803343
            ],
            [
              0.7518398074789769,
              0.6593458151000694
            ],
            [
              0.7572088465064842,
              0.6531728429537771
            ],
            [
              0.762527203906388,
              0.6469561525348575
            ],
            [
              0.7677945237095114,
              0.6406961599398614
            ],
            [
              0.7678883544482897,
              0.6405827758396474
            ],
            [
              0.626131964986768,
              0.5401908608620913
            ]
          ]
        ]
      }
    },
    {
      "type": "Feature",
      "properties": {
        "cell_id": "SYN_elongated_r000_c018",
        "method": "GeoAnnulus-Final",
        "view": "annulus"
      },
      "geometry": {
        "type": "Polygon",
        "coordinates": [
          [
            [
              0.6973425398027095,
              0.4554516591809657
            ],
            [
              0.6263121227278577,
              0.5354758405527162
            ],
            [
              0.6261319649867676,
              0.5401908608620913
            ],
            [
              0.7678883544482896,
              0.6405827758396476
            ],
            [
              0.7730104533627367,
              0.6343932841636459
            ],
            [
              0.7781746437525977,
              0.6280479470713345
            ],
            [
              0.7832867492286498,
              0.6216605733700782
            ],
            [
              0.7883464276266059,
              0.6152315905806274
            ],
            [
              0.7933533402912349,
              0.6087614290087209
            ],
            [
              0.7983071520990309,
              0.6022505217162828
            ],
            [
              0.8032075314806445,
              0.5956993044924339
            ],
            [
              0.8080541504430729,
              0.5891082158243286
            ],
            [
              0.8128466845916151,
              0.5824776968678023
            ],
            [
              0.8175848131515833,
              0.575808191417846
            ],
            [
              0.8222682189897748,
              0.5691001458788987
            ],
            [
              0.826896588635696,
              0.5623540092349734
            ],
            [
              0.8314696123025448,
              0.555570233019603
            ],
            [
              0.8359869839079463,
              0.5487492712856165
            ],
            [
              0.8396958485780034,
              0.5430483368666802
            ],
            [
              0.6973425398027095,
              0.4554516591809657
            ]
          ]
        ]
      }
    },
    {
      "type": "Feature",
      "properties": {
        "cell_id": "SYN_elongated_r000_c019",
        "method": "GeoAnnulus-Final",
        "view": "annulus"
      },
      "geometry": {
        "type": "Polygon",
        "coordinates": [
          [
            [
              0.7347452614653028,
              0.39152846618979814
            ],
            [
              0.6993356513720814,
              0.43301873483260894
            ],
            [
              0.6973425398027093,
              0.45545165918096575
            ],
            [
              0.8396958485780034,
              0.5430483368666802
            ],
            [
              0.8404484010944379,
              0.5418915805747521
            ],
            [
              0.8448535652497066,
              0.534997619887098
            ],
            [
              0.8492021815265786,
              0.5280678506503687
            ],
            [
              0.8534939588627503,
              0.5211027366890237
            ],
            [
              0.8577286100002716,
              0.5141027441932227
            ],
            [
              0.861905851504774,
              0.5070683416876177
            ],
            [
              0.8660254037844384,
              0.5000000000000004
            ],
            [
              0.8700869911087112,
              0.49289819222978426
            ],
            [
              0.8740903416267585,
              0.4857633937163408
            ],
            [
              0.8780351873856624,
              0.47859608200718134
            ],
            [
              0.8819212643483548,
              0.471396736825998
            ],
            [
              0.8854566272841253,
              0.46471695542078617
            ],
            [
              0.7347452614653028,
              0.39152846618979814
            ]
          ]
        ]
      }
    },
    {
      "type": "Feature",
      "properties": {
        "cell_id": "SYN_elongated_r000_c020",
        "method": "GeoAnnulus-Final",
        "view": "annulus"
      },
      "geometry": {
        "type": "Polygon",
        "coordinates": [
          [
            [
              0.7607331523617693,
              0.34197141224228356
            ],
            [
              0.7405013139969681,
              0.3629309870071468
            ],
            [
              0.7347452614653026,
              0.39152846618979864
            ],
            [
              0.8854566272841251,
              0.46471695542078667
            ],
            [
              0.88574831241129,
              0.4641658400405524
            ],
            [
              0.8895160754218557,
              0.4569038756304213
            ],
            [
              0.8932243011955151,
              0.449611329654607
            ],
            [
              0.8968727415326878,
              0.44228869021900225
            ],
            [
              0.9004611522353633,
              0.4349364474437178
            ],
            [
              0.9039892931234431,
              0.42755509343028253
            ],
            [
              0.9074569280508186,
              0.42014512222870265
            ],
            [
              0.9108638249211755,
              0.4127070298043955
            ],
            [
              0.913235490631298,
              0.4074151743194152
            ],
            [
              0.7607331523617693,
              0.34197141224228356
            ]
          ]
        ]
      }
    },
    {
      "type": "Feature",
      "properties": {
        "cell_id": "SYN_elongated_r000_c021",
        "method": "GeoAnnulus-Final",
        "view": "annulus"
      },
      "geometry": {
        "type": "Polygon",
        "coordinates": [
          [
            [
              0.7881097470779531,
              0.29273787060578577
            ],
            [
              0.7712311049962673,
              0.3115723357793308
            ],
            [
              0.7607331523617695,
              0.34197141224228356
            ],
            [
              0.913235490631298,
              0.4074151743194151
            ],
            [
              0.9142097557035304,
              0.4052413140049904
            ],
            [
              0.9174944964474911,
              0.39774847452701134
            ],
            [
              0.9207178272982474,
              0.3902290128824289
            ],
            [
              0.9238795325112865,
              0.3826834323650904
            ],
            [
              0.9252963567628024,
              0.37922294568659576
            ],
            [
              0.7881097470779531,
              0.29273787060578577
            ]
          ]
        ]
      }
    },
    {
      "type": "Feature",
      "properties": {
        "cell_id": "SYN_elongated_r000_c022",
        "method": "GeoAnnulus-Final",
        "view": "annulus"
      },
      "geometry": {
        "type": "Polygon",
        "coordinates": [
          [
            [
              0.7972979209283396,
              0.2781976752300857
            ],
            [
              0.7934597711926332,
              0.2816317007628394
            ],
            [
              0.7881097470779529,
              0.2927378706057856
            ],
            [
              0.9252963567628024,
              0.3792229456865957
            ],
            [
              0.9269794004668328,
              0.37511223801703836
            ],
            [
              0.9300172236840117,
              0.3675159365947045
            ],
            [
              0.9329927988347386,
              0.35989503653498883
            ],
            [
              0.9359059267573255,
              0.352250047921234
            ],
            [
              0.9387564124698131,
              0.34458148244908066
            ],
            [
              0.9415440651830205,
              0.33688985339222083
            ],
            [
              0.9442686983133164,
              0.32917567556803945
            ],
            [
              0.9448773648112712,
              0.3274064124581817
            ],
            [
              0.7972979209283396,
              0.2781976752300857
            ]
          ]
        ]
      }
    },
    {
      "type": "Feature",
      "properties": {
        "cell_id": "SYN_elongated_r000_c023",
        "method": "GeoAnnulus-Final",
        "view": "annulus"
      },
      "geometry": {
        "type": "Polygon",
        "coordinates": [
          [
            [
              0.9127231162852598,
              0.28544471878226385
            ],
            [
              0.8156177562015812,
              0.2491690969283262
            ],
            [
              0.813834771276394,
              0.2503713814525993
            ],
            [
              0.7972979209283391,
              0.2781976752300863
            ],
            [
              0.9448773648112709,
              0.32740641245818247
            ],
            [
              0.9463003768769334,
              0.3232700212470366
            ],
            [
              0.9127231162852598,
              0.28544471878226385
            ]
          ]
        ]
      }
    },
    {
      "type": "Feature",
      "properties": {
        "cell_id": "SYN_elongated_r000_c024",
        "method": "GeoAnnulus-Final",
        "view": "annulus"
      },
      "geometry": {
        "type": "Polygon",
        "coordinates": [
          [
            [
              0.8979332668224413,
              0.243306298871095
            ],
            [
              0.8412825238321113,
              0.2221309209444141
            ],
            [
              0.8265095773845194,
              0.2329862334930637
            ],
            [
              0.8156177562015807,
              0.24916909692832678
            ],
            [
              0.9127231162852601,
              0.2854447187822647
            ],
            [
              0.8979332668224413,
              0.243306298871095
            ]
          ]
        ]
      }
    },
    {
      "type": "Feature",
      "properties": {
        "cell_id": "SYN_elongated_r000_c025",
        "method": "GeoAnnulus-Final",
        "view": "annulus"
      },
      "geometry": {
        "type": "Polygon",
        "coordinates": [
          [
            [
              0.8412825238321101,
              0.22213092094441522
            ],
            [
              0.8979332668224416,
              0.24330629887109667
            ],
            [
              0.9095887066855665,
              0.19265050603685546
            ],
            [
              0.9018646076456767,
              0.18965680021572817
            ],
            [
              0.8569189331958085,
              0.19583842586378764
            ],
            [
              0.8412825238321101,
              0.22213092094441522
            ]
          ]
        ]
      }
    },
    {
      "type": "Feature",
      "properties": {
        "cell_id": "SYN_elongated_r000_c026",
        "method": "GeoAnnulus-Final",
        "view": "annulus"
      },
      "geometry": {
        "type": "Polygon",
        "coordinates": [
          [
            [
              0.9114570962427752,
              0.19242308070447897
            ],
            [
              0.9095887066855665,
              0.192650506036856
            ],
            [
              0.897933266822442,
              0.24330629887109545
            ],
            [
              0.9127231162852608,
              0.2854447187822648
            ],
            [
              0.9463003768769332,
              0.32327002124703663
            ],
            [
              0.9469301294951056,
              0.32143946530316186
            ],
            [
              0.9495281805930363,
              0.31368174039889235
            ],
            [
              0.9506262446646764,
              0.310311630716407
            ],
            [
              0.9114570962427752,
              0.19242308070447897
            ]
          ]
        ]
      }
    },
    {
      "type": "Feature",
      "properties": {
        "cell_id": "SYN_elongated_r000_c027",
        "method": "GeoAnnulus-Final",
        "view": "annulus"
      },
      "geometry": {
        "type": "Polygon",
        "coordinates": [
          [
            [
              0.9382257037510399,
              0.17884897661142507
            ],
            [
              0.9292908606805481,
              0.17937741909560817
            ],
            [
              0.911457096242775,
              0.1924230807044785
            ],
            [
              0.9506262446646765,
              0.31031163071640694
            ],
            [
              0.952062677713924,
              0.30590302009655407
            ],
            [
              0.9545334512183883,
              0.2981038250427402
            ],
            [
              0.9569403357322086,
              0.29028467725446333
            ],
            [
              0.9592831701573934,
              0.2824461000842132
            ],
            [
              0.959377940991994,
              0.282119298046979
            ],
            [
              0.9382257037510399,
              0.17884897661142507
            ]
          ]
        ]
      }
    },
    {
      "type": "Feature",
      "properties": {
        "cell_id": "SYN_elongated_r000_c028",
        "method": "GeoAnnulus-Final",
        "view": "annulus"
      },
      "geometry": {
        "type": "Polygon",
        "coordinates": [
          [
            [
              0.9495831795669043,
              0.17404647945773982
            ],
            [
              0.9382257037510396,
              0.17884897661142538
            ],
            [
              0.9593779409919938,
              0.2821192980469795
            ],
            [
              0.9615617976829618,
              0.2745886181849328
            ],
            [
              0.9637760657954396,
              0.2667127574748994
            ],
            [
              0.9659258262890681,
              0.25881904510252157
            ],
            [
              0.9680109352757226,
              0.25090800941106056
            ],
            [
              0.970031253194544,
              0.24298017990326418
            ],
            [
              0.9719866448212792,
              0.23503608720592759
            ],
            [
              0.9738769792773335,
              0.22707626303437384
            ],
            [
              0.9757021300385285,
              0.21910124015687016
            ],
            [
              0.9774619749435717,
              0.21111155235896614
            ],
            [
              0.9791563962022336,
              0.20310773440776358
            ],
            [
              0.9807852804032303,
              0.19509032201612872
            ],
            [
              0.9823485185218155,
              0.18705985180683304
            ],
            [
              0.9836065536303035,
              0.18030295727224518
            ],
            [
              0.9495831795669043,
              0.17404647945773982
            ]
          ]
        ]
      }
    },
    {
      "type": "Feature",
      "properties": {
        "cell_id": "SYN_elongated_r001_c000",
        "method": "GeoAnnulus-Final",
        "view": "annulus"
      },
      "geometry": {
        "type": "Polygon",
        "coordinates": [
          [
            [
              -0.9495831795669056,
              0.17404647945774013
            ],
            [
              -0.9559934160943047,
              0.11023110784583894
            ],
            [
              -0.959145574994801,
              0.10888730339167427
            ],
            [
              -0.9936169323476676,
              0.11276165826098664
            ],
            [
              -0.9934477790194445,
              0.11428696496684604
            ],
            [
              -0.9924795345987101,
              0.12241067519921565
            ],
            [
              -0.9914448613738105,
              0.13052619222005132
            ],
            [
              -0.9903438285976649,
              0.13863297284022622
            ],
            [
              -0.989176509964781,
              0.14673047445536158
            ],
            [
              -0.9879429836063224,
              0.15481815508214067
            ],
            [
              -0.9866433320848791,
              0.1628954733945882
            ],
            [
              -0.9852776423889413,
              0.17096188876030097
            ],
            [
              -0.9838460059270775,
              0.17901686127663224
            ],
            [
              -0.9836065536303035,
              0.18030295727224524
            ],
            [
              -0.9495831795669056,
              0.17404647945774013
            ]
          ]
        ]
      }
    },
    {
      "type": "Feature",
      "properties": {
        "cell_id": "SYN_elongated_r001_c001",
        "method": "GeoAnnulus-Final",
        "view": "annulus"
      },
      "geometry": {
        "type": "Polygon",
        "coordinates": [
          [
            [
              -0.9559934160943033,
              0.11023110784583916
            ],
            [
              -0.9495831795669043,
              0.1740464794577403
            ],
            [
              -0.9382257037510402,
              0.17884897661142563
            ],
            [
              -0.9292908606805487,
              0.17937741909560875
            ],
            [
              -0.902053483802496,
              0.1161524440346044
            ],
            [
              -0.9250461071337405,
              0.10683688370192534
            ],
            [
              -0.9559934160943033,
              0.11023110784583916
            ]
          ]
        ]
      }
    },
    {
      "type": "Feature",
      "properties": {
        "cell_id": "SYN_elongated_r001_c002",
        "method": "GeoAnnulus-Final",
        "view": "annulus"
      },
      "geometry": {
        "type": "Polygon",
        "coordinates": [
          [
            [
              -0.9292908606805479,
              0.1793774190956094
            ],
            [
              -0.9114570944984464,
              0.19242308198048175
            ],
            [
              -0.9095887087740668,
              0.19265050684631663
            ],
            [
              -0.9018646076456771,
              0.18965680021572864
            ],
            [
              -0.8612209611619996,
              0.13143988856026328
            ],
            [
              -0.9001737513192677,
              0.11596927076241556
            ],
            [
              -0.902053483802495,
              0.11615244403460448
            ],
            [
              -0.9292908606805479,
              0.1793774190956094
            ]
          ]
        ]
      }
    },
    {
      "type": "Feature",
      "properties": {
        "cell_id": "SYN_elongated_r001_c003",
        "method": "GeoAnnulus-Final",
        "view": "annulus"
      },
      "geometry": {
        "type": "Polygon",
        "coordinates": [
          [
            [
              -0.901864607645677,
              0.1896568002157293
            ],
            [
              -0.8569189288588605,
              0.19583842646027322
            ],
            [
              -0.8313888945207792,
              0.13594527173714652
            ],
            [
              -0.8430252801137489,
              0.1314332153158069
            ],
            [
              -0.8612209611619991,
              0.13143988856026328
            ],
            [
              -0.901864607645677,
              0.1896568002157293
            ]
          ]
        ]
      }
    },
    {
      "type": "Feature",
      "properties": {
        "cell_id": "SYN_elongated_r001_c004",
        "method": "GeoAnnulus-Final",
        "view": "annulus"
      },
      "geometry": {
        "type": "Polygon",
        "coordinates": [
          [
            [
              -0.85691892885886,
              0.19583842646027333
            ],
            [
              -0.8412825137347049,
              0.22213093122706162
            ],
            [
              -0.8265087432631745,
              0.23298684927695137
            ],
            [
              -0.8097079152748943,
              0.14040820802837828
            ],
            [
              -0.8221048982807063,
              0.13614770411998067
            ],
            [
              -0.8313888945207788,
              0.1359452717371467
            ],
            [
              -0.85691892885886,
              0.19583842646027333
            ]
          ]
        ]
      }
    },
    {
      "type": "Feature",
      "properties": {
        "cell_id": "SYN_elongated_r001_c005",
        "method": "GeoAnnulus-Final",
        "view": "annulus"
      },
      "geometry": {
        "type": "Polygon",
        "coordinates": [
          [
            [
              -0.8265087432631729,
              0.23298684927695285
            ],
            [
              -0.8156171895002629,
              0.24916931538455778
            ],
            [
              -0.8138216891080231,
              0.2503800392131339
            ],
            [
              -0.7932922109224962,
              0.21444191497719367
            ],
            [
              -0.7809887981408725,
              0.1504348294143568
            ],
            [
              -0.7994520842047754,
              0.14135045464936033
            ],
            [
              -0.8097079152748925,
              0.14040820802837867
            ],
            [
              -0.8265087432631729,
              0.23298684927695285
            ]
          ]
        ]
      }
    },
    {
      "type": "Feature",
      "properties": {
        "cell_id": "SYN_elongated_r001_c006",
        "method": "GeoAnnulus-Final",
        "view": "annulus"
      },
      "geometry": {
        "type": "Polygon",
        "coordinates": [
          [
            [
              -0.7809887981408723,
              0.15043482941435676
            ],
            [
              -0.7932922109224962,
              0.2144419149771949
            ],
            [
              -0.7048742246262242,
              0.20565131597847588
            ],
            [
              -0.7029168205985826,
              0.2044139572645278
            ],
            [
              -0.7261872933947143,
              0.17829119238209187
            ],
            [
              -0.7739599184355386,
              0.1512397176821305
            ],
            [
              -0.7809887981408723,
              0.15043482941435676
            ]
          ]
        ]
      }
    },
    {
      "type": "Feature",
      "properties": {
        "cell_id": "SYN_elongated_r001_c007",
        "method": "GeoAnnulus-Final",
        "view": "annulus"
      },
      "geometry": {
        "type": "Polygon",
        "coordinates": [
          [
            [
              -0.8138216891080229,
              0.2503800392131343
            ],
            [
              -0.797290611548469,
              0.27819661921167516
            ],
            [
              -0.7933937749154658,
              0.2816831524154769
            ],
            [
              -0.7048742246262217,
              0.2056513159784741
            ],
            [
              -0.7932922109224956,
              0.21444191497719328
            ],
            [
              -0.8138216891080229,
              0.2503800392131343
            ]
          ]
        ]
      }
    },
    {
      "type": "Feature",
      "properties": {
        "cell_id": "SYN_elongated_r001_c008",
        "method": "GeoAnnulus-Final",
        "view": "annulus"
      },
      "geometry": {
        "type": "Polygon",
        "coordinates": [
          [
            [
              -0.7933937749154655,
              0.2816831524154767
            ],
            [
              -0.7880771428580056,
              0.29272096581817797
            ],
            [
              -0.7711808557597116,
              0.31157674660262813
            ],
            [
              -0.6606674133729428,
              0.2380808241950348
            ],
            [
              -0.6824332989592933,
              0.21281937447233631
            ],
            [
              -0.7029168205985828,
              0.2044139572645278
            ],
            [
              -0.7048742246262218,
              0.2056513159784743
            ],
            [
              -0.7933937749154655,
              0.2816831524154767
            ]
          ]
        ]
      }
    },
    {
      "type": "Feature",
      "properties": {
        "cell_id": "SYN_elongated_r001_c009",
        "method": "GeoAnnulus-Final",
        "view": "annulus"
      },
      "geometry": {
        "type": "Polygon",
        "coordinates": [
          [
            [
              -0.771180855759712,
              0.3115767466026282
            ],
            [
              -0.7606910328349432,
              0.3419504662797679
            ],
            [
              -0.7405306220291483,
              0.36283684960679835
            ],
            [
              -0.6198041252017242,
              0.2787919953301688
            ],
            [
              -0.6426780319089499,
              0.24904882607154097
            ],
            [
              -0.6606674133729427,
              0.23808082419503462
            ],
            [
              -0.771180855759712,
              0.3115767466026282
            ]
          ]
        ]
      }
    },
    {
      "type": "Feature",
      "properties": {
        "cell_id": "SYN_elongated_r001_c010",
        "method": "GeoAnnulus-Final",
        "view": "annulus"
      },
      "geometry": {
        "type": "Polygon",
        "coordinates": [
          [
            [
              -0.7405306220291487,
              0.36283684960679813
            ],
            [
              -0.7347519915725383,
              0.3915302294074001
            ],
            [
              -0.699292168588259,
              0.4330587144157203
            ],
            [
              -0.5703889964442613,
              0.3463374975879828
            ],
            [
              -0.6036204320648663,
              0.287025677671665
            ],
            [
              -0.6198041252017245,
              0.2787919953301685
            ],
            [
              -0.7405306220291487,
              0.36283684960679813
            ]
          ]
        ]
      }
    },
    {
      "type": "Feature",
      "properties": {
        "cell_id": "SYN_elongated_r001_c011",
        "method": "GeoAnnulus-Final",
        "view": "annulus"
      },
      "geometry": {
        "type": "Polygon",
        "coordinates": [
          [
            [
              -0.699292168588259,
              0.4330587144157201
            ],
            [
              -0.6973044609078494,
              0.45543081676387187
            ],
            [
              -0.6260018424640703,
              0.5357616652314064
            ],
            [
              -0.4984489750690099,
              0.41541300820426325
            ],
            [
              -0.501981430110682,
              0.384607845313953
            ],
            [
              -0.5703889964442614,
              0.34633749758798266
            ],
            [
              -0.699292168588259,
              0.4330587144157201
            ]
          ]
        ]
      }
    },
    {
      "type": "Feature",
      "properties": {
        "cell_id": "SYN_elongated_r001_c012",
        "method": "GeoAnnulus-Final",
        "view": "annulus"
      },
      "geometry": {
        "type": "Polygon",
        "coordinates": [
          [
            [
              -0.6260018424640704,
              0.5357616652314063
            ],
            [
              -0.6258394171825896,
              0.5400125983098509
            ],
            [
              -0.5123283771322766,
              0.6432349052742734
            ],
            [
              -0.4419657280243083,
              0.6344528561872445
            ],
            [
              -0.36200989538826656,
              0.5475223017082754
            ],
            [
              -0.4984489750690101,
              0.4154130082042632
            ],
            [
              -0.6260018424640704,
              0.5357616652314063
            ]
          ]
        ]
      }
    },
    {
      "type": "Feature",
      "properties": {
        "cell_id": "SYN_elongated_r001_c013",
        "method": "GeoAnnulus-Final",
        "view": "annulus"
      },
      "geometry": {
        "type": "Polygon",
        "coordinates": [
          [
            [
              -0.4419657280243084,
              0.6344528561872447
            ],
            [
              -0.37434388307334654,
              0.7825392602831969
            ],
            [
              -0.17656732843416814,
              0.7277771788289473
            ],
            [
              -0.15399095128636575,
              0.6321145904887595
            ],
            [
              -0.19251251654566306,
              0.4882738605321226
            ],
            [
              -0.36200989538826644,
              0.5475223017082754
            ],
            [
              -0.4419657280243084,
              0.6344528561872447
            ]
          ]
        ]
      }
    },
    {
      "type": "Feature",
      "properties": {
        "cell_id": "SYN_elongated_r001_c014",
        "method": "GeoAnnulus-Final",
        "view": "annulus"
      },
      "geometry": {
        "type": "Polygon",
        "coordinates": [
          [
            [
              -0.17656732843416814,
              0.7277771788289475
            ],
            [
              -0.1390783773845703,
              0.8345926846695901
            ],
            [
              0.13877671305565142,
              0.8345926846695901
            ],
            [
              0.1748826398080814,
              0.7317177649418114
            ],
            [
              0.1623441011901635,
              0.6785647415846934
            ],
            [
              -0.15399095128636575,
              0.6321145904887596
            ],
            [
              -0.17656732843416814,
              0.7277771788289475
            ]
          ]
        ]
      }
    },
    {
      "type": "Feature",
      "properties": {
        "cell_id": "SYN_elongated_r001_c015",
        "method": "GeoAnnulus-Final",
        "view": "annulus"
      },
      "geometry": {
        "type": "Polygon",
        "coordinates": [
          [
            [
              0.17488263980808158,
              0.7317177649418118
            ],
            [
              0.37689604614699634,
              0.7877091145706563
            ],
            [
              0.4466425716884389,
              0.6349587515289098
            ],
            [
              0.3651409008464623,
              0.5463789397036822
            ],
            [
              0.2195530556902624,
              0.49551467008149863
            ],
            [
              0.16234410119016351,
              0.6785647415846932
            ],
            [
              0.17488263980808158,
              0.7317177649418118
            ]
          ]
        ]
      }
    },
    {
      "type": "Feature",
      "properties": {
        "cell_id": "SYN_elongated_r001_c016",
        "method": "GeoAnnulus-Final",
        "view": "annulus"
      },
      "geometry": {
        "type": "Polygon",
        "coordinates": [
          [
            [
              0.4466425716884392,
              0.6349587515289101
            ],
            [
              0.5128332464110468,
              0.6432200913432418
            ],
            [
              0.626131964986768,
              0.5401908608620911
            ],
            [
              0.6263121227278582,
              0.535475840552716
            ],
            [
              0.49973932045481684,
              0.4160518943818863
            ],
            [
              0.3651409008464621,
              0.546378939703682
            ],
            [
              0.4466425716884392,
              0.6349587515289101
            ]
          ]
        ]
      }
    },
    {
      "type": "Feature",
      "properties": {
        "cell_id": "SYN_elongated_r001_c017",
        "method": "GeoAnnulus-Final",
        "view": "annulus"
      },
      "geometry": {
        "type": "Polygon",
        "coordinates": [
          [
            [
              0.6263121227278582,
              0.5354758405527161
            ],
            [
              0.69734253980271,
              0.4554516591809654
            ],
            [
              0.6993356513720821,
              0.4330187348326091
            ],
            [
              0.5704577190841892,
              0.34638282719634683
            ],
            [
              0.5034282468884197,
              0.38388220550066077
            ],
            [
              0.49973932045481684,
              0.41605189438188644
            ],
            [
              0.6263121227278582,
              0.5354758405527161
            ]
          ]
        ]
      }
    },
    {
      "type": "Feature",
      "properties": {
        "cell_id": "SYN_elongated_r001_c018",
        "method": "GeoAnnulus-Final",
        "view": "annulus"
      },
      "geometry": {
        "type": "Polygon",
        "coordinates": [
          [
            [
              0.6993356513720819,
              0.4330187348326092
            ],
            [
              0.7347452614653025,
              0.3915284661897993
            ],
            [
              0.7405013139969683,
              0.3629309870071466
            ],
            [
              0.6201812438214194,
              0.27906546416070616
            ],
            [
              0.6034116271168807,
              0.2875905969347028
            ],
            [
              0.5704577190841891,
              0.34638282719634694
            ],
            [
              0.6993356513720819,
              0.4330187348326092
            ]
          ]
        ]
      }
    },
    {
      "type": "Feature",
      "properties": {
        "cell_id": "SYN_elongated_r001_c019",
        "method": "GeoAnnulus-Final",
        "view": "annulus"
      },
      "geometry": {
        "type": "Polygon",
        "coordinates": [
          [
            [
              0.7405013139969683,
              0.36293098700714677
            ],
            [
              0.7607331523617695,
              0.34197141224228367
            ],
            [
              0.7712311049962672,
              0.3115723357793309
            ],
            [
              0.6613370950346587,
              0.2385120898438394
            ],
            [
              0.6421724304387917,
              0.25035781901344983
            ],
            [
              0.6201812438214191,
              0.2790654641607062
            ],
            [
              0.7405013139969683,
              0.36293098700714677
            ]
          ]
        ]
      }
    },
    {
      "type": "Feature",
      "properties": {
        "cell_id": "SYN_elongated_r001_c020",
        "method": "GeoAnnulus-Final",
        "view": "annulus"
      },
      "geometry": {
        "type": "Polygon",
        "coordinates": [
          [
            [
              0.7712311049962671,
              0.311572335779331
            ],
            [
              0.7881097470779539,
              0.2927378706057846
            ],
            [
              0.7934597711926339,
              0.2816317007628392
            ],
            [
              0.7049510716668241,
              0.20562015982909082
            ],
            [
              0.7029350662665539,
              0.2043459478423394
            ],
            [
              0.6834724173292903,
              0.21233556257763636
            ],
            [
              0.6613370950346583,
              0.23851208984383937
            ],
            [
              0.7712311049962671,
              0.311572335779331
            ]
          ]
        ]
      }
    },
    {
      "type": "Feature",
      "properties": {
        "cell_id": "SYN_elongated_r001_c021",
        "method": "GeoAnnulus-Final",
        "view": "annulus"
      },
      "geometry": {
        "type": "Polygon",
        "coordinates": [
          [
            [
              0.7049510716668232,
              0.20562015982909082
            ],
            [
              0.7934597711926334,
              0.28163170076283955
            ],
            [
              0.7972979209283391,
              0.27819767523008654
            ],
            [
              0.8138347712763943,
              0.2503713814525992
            ],
            [
              0.7932878276223332,
              0.21440268283126265
            ],
            [
              0.7049510716668232,
              0.20562015982909082
            ]
          ]
        ]
      }
    },
    {
      "type": "Feature",
      "properties": {
        "cell_id": "SYN_elongated_r001_c022",
        "method": "GeoAnnulus-Final",
        "view": "annulus"
      },
      "geometry": {
        "type": "Polygon",
        "coordinates": [
          [
            [
              0.7029350662665533,
              0.20434594784233998
            ],
            [
              0.7049510716668247,
              0.2056201598290921
            ],
            [
              0.7932878276223339,
              0.21440268283126382
            ],
            [
              0.7809916913297587,
              0.15043345236321948
            ],
            [
              0.7739520658337111,
              0.15123957114869102
            ],
            [
              0.7261027818150944,
              0.1783344543571132
            ],
            [
              0.7029350662665533,
              0.20434594784233998
            ]
          ]
        ]
      }
    },
    {
      "type": "Feature",
      "properties": {
        "cell_id": "SYN_elongated_r001_c023",
        "method": "GeoAnnulus-Final",
        "view": "annulus"
      },
      "geometry": {
        "type": "Polygon",
        "coordinates": [
          [
            [
              0.7809916913297588,
              0.15043345236321964
            ],
            [
              0.7932878276223337,
              0.21440268283126276
            ],
            [
              0.8138347712763946,
              0.25037138145259885
            ],
            [
              0.8156177562015807,
              0.24916909692832645
            ],
            [
              0.8265095773845188,
              0.23298623349306424
            ],
            [
              0.80970880306366,
              0.14040788797139248
            ],
            [
              0.7994527963348993,
              0.14135015073087742
            ],
            [
              0.7809916913297588,
              0.15043345236321964
            ]
          ]
        ]
      }
    },
    {
      "type": "Feature",
      "properties": {
        "cell_id": "SYN_elongated_r001_c024",
        "method": "GeoAnnulus-Final",
        "view": "annulus"
      },
      "geometry": {
        "type": "Polygon",
        "coordinates": [
          [
            [
              0.8097088030636612,
              0.1404078879713921
            ],
            [
              0.82650957738452,
              0.2329862334930628
            ],
            [
              0.8412825238321109,
              0.222130920944414
            ],
            [
              0.8569189331958081,
              0.19583842586378822
            ],
            [
              0.831388898460767,
              0.13594527020940037
            ],
            [
              0.8221048563180717,
              0.13614770359311554
            ],
            [
              0.8097088030636612,
              0.1404078879713921
            ]
          ]
        ]
      }
    },
    {
      "type": "Feature",
      "properties": {
        "cell_id": "SYN_elongated_r001_c025",
        "method": "GeoAnnulus-Final",
        "view": "annulus"
      },
      "geometry": {
        "type": "Polygon",
        "coordinates": [
          [
            [
              0.8313888984607671,
              0.1359452702094001
            ],
            [
              0.8569189331958086,
              0.19583842586378852
            ],
            [
              0.9018646076456776,
              0.18965680021572898
            ],
            [
              0.861220961162,
              0.1314398885602634
            ],
            [
              0.8430252801137489,
              0.13143321531580704
            ],
            [
              0.8313888984607671,
              0.1359452702094001
            ]
          ]
        ]
      }
    },
    {
      "type": "Feature",
      "properties": {
        "cell_id": "SYN_elongated_r001_c026",
        "method": "GeoAnnulus-Final",
        "view": "annulus"
      },
      "geometry": {
        "type": "Polygon",
        "coordinates": [
          [
            [
              0.8612209611619992,
              0.13143988856026356
            ],
            [
              0.9018646076456767,
              0.18965680021572892
            ],
            [
              0.9095887066855659,
              0.19265050603685596
            ],
            [
              0.9114570962427757,
              0.1924230807044788
            ],
            [
              0.9292908606805488,
              0.17937741909560853
            ],
            [
              0.9020534838024963,
              0.11615244403460452
            ],
            [
              0.9001737513192675,
              0.11596927076241546
            ],
            [
              0.8612209611619992,
              0.13143988856026356
            ]
          ]
        ]
      }
    },
    {
      "type": "Feature",
      "properties": {
        "cell_id": "SYN_elongated_r001_c027",
        "method": "GeoAnnulus-Final",
        "view": "annulus"
      },
      "geometry": {
        "type": "Polygon",
        "coordinates": [
          [
            [
              0.9020534838024956,
              0.11615244403460469
            ],
            [
              0.9292908606805481,
              0.17937741909560861
            ],
            [
              0.9382257037510389,
              0.17884897661142557
            ],
            [
              0.9495831795669047,
              0.17404647945773954
            ],
            [
              0.955993416094304,
              0.11023110784583973
            ],
            [
              0.9250461071337399,
              0.10683688370192579
            ],
            [
              0.9020534838024956,
              0.11615244403460469
            ]
          ]
        ]
      }
    },
    {
      "type": "Feature",
      "properties": {
        "cell_id": "SYN_elongated_r001_c028",
        "method": "GeoAnnulus-Final",
        "view": "annulus"
      },
      "geometry": {
        "type": "Polygon",
        "coordinates": [
          [
            [
              0.9591455749948018,
              0.1088873033916744
            ],
            [
              0.9559934160943038,
              0.11023110784583985
            ],
            [
              0.9495831795669045,
              0.1740464794577395
            ],
            [
              0.9836065536303036,
              0.18030295727224482
            ],
            [
              0.9838460059270773,
              0.1790168612766335
            ],
            [
              0.9852776423889411,
              0.17096188876030177
            ],
            [
              0.986643332084879,
              0.162895473394589
            ],
            [
              0.9879429836063223,
              0.15481815508214192
            ],
            [
              0.9891765099647809,
              0.1467304744553624
            ],
            [
              0.9903438285976648,
              0.13863297284022702
            ],
            [
              0.9914448613738103,
              0.13052619222005257
            ],
            [
              0.9924795345987099,
              0.1224106751992169
            ],
            [
              0.9934477790194444,
              0.11428696496684684
            ],
            [
              0.9936169323476675,
              0.11276165826098668
            ],
            [
              0.9591455749948018,
              0.1088873033916744
            ]
          ]
        ]
      }
    },
    {
      "type": "Feature",
      "properties": {
        "cell_id": "SYN_elongated_r002_c000",
        "method": "GeoAnnulus-Final",
        "view": "annulus"
      },
      "geometry": {
        "type": "Polygon",
        "coordinates": [
          [
            [
              -0.9591455749948018,
              0.10888730339167353
            ],
            [
              -0.9639481977089366,
              0.03678936694682511
            ],
            [
              -0.9992819910061334,
              0.037676608151536596
            ],
            [
              -0.9991634599276488,
              0.04089474716158289
            ],
            [
              -0.9987954562051724,
              0.049067674327417724
            ],
            [
              -0.9983606009402225,
              0.05723731728756816
            ],
            [
              -0.9978589232386035,
              0.06540312923014287
            ],
            [
              -0.9972904566786902,
              0.07356456359966705
            ],
            [
              -0.9966552393091803,
              0.08172107413366768
            ],
            [
              -0.9959533136465478,
              0.08987211489923469
            ],
            [
              -0.9951847266721969,
              0.09801714032956015
            ],
            [
              -0.9943495298293181,
              0.1061556052604573
            ],
            [
              -0.9936169323476676,
              0.11276165826098583
            ],
            [
              -0.9591455749948018,
              0.10888730339167353
            ]
          ]
        ]
      }
    },
    {
      "type": "Feature",
      "properties": {
        "cell_id": "SYN_elongated_r002_c001",
        "method": "GeoAnnulus-Final",
        "view": "annulus"
      },
      "geometry": {
        "type": "Polygon",
        "coordinates": [
          [
            [
              -0.9639481977089369,
              0.03678936694682507
            ],
            [
              -0.9591455749948021,
              0.10888730339167361
            ],
            [
              -0.9559934160943041,
              0.11023110784583909
            ],
            [
              -0.9250461071337398,
              0.10683688370192512
            ],
            [
              -0.922760430525397,
              0.03671976192415441
            ],
            [
              -0.961799006650278,
              0.03558153997965826
            ],
            [
              -0.9639481977089369,
              0.03678936694682507
            ]
          ]
        ]
      }
    },
    {
      "type": "Feature",
      "properties": {
        "cell_id": "SYN_elongated_r002_c002",
        "method": "GeoAnnulus-Final",
        "view": "annulus"
      },
      "geometry": {
        "type": "Polygon",
        "coordinates": [
          [
            [
              -0.9227604305253976,
              0.036719761924154645
            ],
            [
              -0.9250461071337402,
              0.10683688370192496
            ],
            [
              -0.9020534838024953,
              0.11615244403460413
            ],
            [
              -0.9001737513192677,
              0.11596927076241519
            ],
            [
              -0.8732980439679106,
              0.04437345926744773
            ],
            [
              -0.8842772740615926,
              0.03859866278197459
            ],
            [
              -0.9224538436130704,
              0.03658300964508303
            ],
            [
              -0.9227604305253976,
              0.036719761924154645
            ]
          ]
        ]
      }
    },
    {
      "type": "Feature",
      "properties": {
        "cell_id": "SYN_elongated_r002_c003",
        "method": "GeoAnnulus-Final",
        "view": "annulus"
      },
      "geometry": {
        "type": "Polygon",
        "coordinates": [
          [
            [
              -0.9001737513192682,
              0.1159692707624152
            ],
            [
              -0.861220961161999,
              0.13143988856026353
            ],
            [
              -0.8430252801137483,
              0.13143321531580715
            ],
            [
              -0.8580643285128254,
              0.04490286260176491
            ],
            [
              -0.873298043967911,
              0.04437345926744744
            ],
            [
              -0.9001737513192682,
              0.1159692707624152
            ]
          ]
        ]
      }
    },
    {
      "type": "Feature",
      "properties": {
        "cell_id": "SYN_elongated_r002_c004",
        "method": "GeoAnnulus-Final",
        "view": "annulus"
      },
      "geometry": {
        "type": "Polygon",
        "coordinates": [
          [
            [
              -0.8580643285128264,
              0.044902862601765126
            ],
            [
              -0.8430252801137493,
              0.13143321531580693
            ],
            [
              -0.8313888945207794,
              0.13594527173714666
            ],
            [
              -0.8221048982807057,
              0.13614770411998064
            ],
            [
              -0.8081344381738909,
              0.04449275752764589
            ],
            [
              -0.813754646562286,
              0.04201005062869842
            ],
            [
              -0.8502831075871732,
              0.041625370494904494
            ],
            [
              -0.8580643285128264,
              0.044902862601765126
            ]
          ]
        ]
      }
    },
    {
      "type": "Feature",
      "properties": {
        "cell_id": "SYN_elongated_r002_c005",
        "method": "GeoAnnulus-Final",
        "view": "annulus"
      },
      "geometry": {
        "type": "Polygon",
        "coordinates": [
          [
            [
              -0.8081344381738909,
              0.044492757527646226
            ],
            [
              -0.8221048982807055,
              0.13614770411998048
            ],
            [
              -0.8097079152748934,
              0.1404082080283781
            ],
            [
              -0.799452084204776,
              0.14135045464935983
            ],
            [
              -0.7587027452912553,
              0.05303990120501072
            ],
            [
              -0.7770148960448817,
              0.045205613823264094
            ],
            [
              -0.8081344381738909,
              0.044492757527646226
            ]
          ]
        ]
      }
    },
    {
      "type": "Feature",
      "properties": {
        "cell_id": "SYN_elongated_r002_c006",
        "method": "GeoAnnulus-Final",
        "view": "annulus"
      },
      "geometry": {
        "type": "Polygon",
        "coordinates": [
          [
            [
              -0.799452084204775,
              0.1413504546493601
            ],
            [
              -0.7809887981408716,
              0.1504348294143569
            ],
            [
              -0.773959918435539,
              0.15123971768213051
            ],
            [
              -0.712251615534513,
              0.06271685866227951
            ],
            [
              -0.7403868481189906,
              0.0532085522450878
            ],
            [
              -0.7587027452912543,
              0.053039901205010925
            ],
            [
              -0.799452084204775,
              0.1413504546493601
            ]
          ]
        ]
      }
    },
    {
      "type": "Feature",
      "properties": {
        "cell_id": "SYN_elongated_r002_c007",
        "method": "GeoAnnulus-Final",
        "view": "annulus"
      },
      "geometry": {
        "type": "Polygon",
        "coordinates": [
          [
            [
              -0.7739599184355388,
              0.1512397176821306
            ],
            [
              -0.7261872933947144,
              0.17829119238209198
            ],
            [
              -0.6945190675343936,
              0.0699938448336516
            ],
            [
              -0.6942786316930029,
              0.06557561598527605
            ],
            [
              -0.7034628884767207,
              0.062875572463763
            ],
            [
              -0.7122516155345125,
              0.06271685866227951
            ],
            [
              -0.7739599184355388,
              0.1512397176821306
            ]
          ]
        ]
      }
    },
    {
      "type": "Feature",
      "properties": {
        "cell_id": "SYN_elongated_r002_c008",
        "method": "GeoAnnulus-Final",
        "view": "annulus"
      },
      "geometry": {
        "type": "Polygon",
        "coordinates": [
          [
            [
              -0.726187293394715,
              0.17829119238209165
            ],
            [
              -0.702916820598583,
              0.20441395726452785
            ],
            [
              -0.682433298959293,
              0.2128193744723365
            ],
            [
              -0.6589419159506134,
              0.1674324850095508
            ],
            [
              -0.6945190675343935,
              0.06999384483364918
            ],
            [
              -0.726187293394715,
              0.17829119238209165
            ]
          ]
        ]
      }
    },
    {
      "type": "Feature",
      "properties": {
        "cell_id": "SYN_elongated_r002_c009",
        "method": "GeoAnnulus-Final",
        "view": "annulus"
      },
      "geometry": {
        "type": "Polygon",
        "coordinates": [
          [
            [
              -0.6942786316930026,
              0.06557561598527609
            ],
            [
              -0.6945190675343934,
              0.06999384483365122
            ],
            [
              -0.6589419159506139,
              0.16743248500955116
            ],
            [
              -0.58863074574718,
              0.09560075367528471
            ],
            [
              -0.6244053409430422,
              0.07435991292577845
            ],
            [
              -0.6651311228345919,
              0.062374552674532055
            ],
            [
              -0.6942786316930026,
              0.06557561598527609
            ]
          ]
        ]
      }
    },
    {
      "type": "Feature",
      "properties": {
        "cell_id": "SYN_elongated_r002_c010",
        "method": "GeoAnnulus-Final",
        "view": "annulus"
      },
      "geometry": {
        "type": "Polygon",
        "coordinates": [
          [
            [
              -0.6824332989592934,
              0.21281937447233618
            ],
            [
              -0.6606674133729425,
              0.23808082419503496
            ],
            [
              -0.6426780319089497,
              0.24904882607154136
            ],
            [
              -0.532945738131795,
              0.11712905004535398
            ],
            [
              -0.5514203864890991,
              0.1069430149223915
            ],
            [
              -0.5862556780412934,
              0.09619651588327675
            ],
            [
              -0.58863074574718,
              0.09560075367528464
            ],
            [
              -0.6589419159506142,
              0.16743248500955146
            ],
            [
              -0.6824332989592934,
              0.21281937447233618
            ]
          ]
        ]
      }
    },
    {
      "type": "Feature",
      "properties": {
        "cell_id": "SYN_elongated_r002_c011",
        "method": "GeoAnnulus-Final",
        "view": "annulus"
      },
      "geometry": {
        "type": "Polygon",
        "coordinates": [
          [
            [
              -0.5129092560565821,
              0.1220570930208686
            ],
            [
              -0.5329457381317956,
              0.11712905004535382
            ],
            [
              -0.64267803190895,
              0.24904882607154108
            ],
            [
              -0.6198041252017246,
              0.2787919953301686
            ],
            [
              -0.6036204320648664,
              0.28702567767166515
            ],
            [
              -0.4467941368051966,
              0.17541937930995014
            ],
            [
              -0.44783654344067475,
              0.17274961753679408
            ],
            [
              -0.4492348448435164,
              0.16908002300219194
            ],
            [
              -0.4506030779855104,
              0.16539911157555837
            ],
            [
              -0.45194115128785,
              0.16170712962826544
            ],
            [
              -0.453248975190392,
              0.15800432427265856
            ],
            [
              -0.45452646215765075,
              0.15429094334551732
            ],
            [
              -0.4549017681711002,
              0.15317028763186435
            ],
            [
              -0.5129092560565821,
              0.1220570930208686
            ]
          ]
        ]
      }
    },
    {
      "type": "Feature",
      "properties": {
        "cell_id": "SYN_elongated_r002_c012",
        "method": "GeoAnnulus-Final",
        "view": "annulus"
      },
      "geometry": {
        "type": "Polygon",
        "coordinates": [
          [
            [
              -0.6036204320648664,
              0.28702567767166515
            ],
            [
              -0.5703889964442614,
              0.3463374975879827
            ],
            [
              -0.501981430110682,
              0.384607845313953
            ],
            [
              -0.382154494972944,
              0.2904378643266026
            ],
            [
              -0.38318743300753516,
              0.28908025042381524
            ],
            [
              -0.3855396151107097,
              0.2859356661563678
            ],
            [
              -0.3878659922126752,
              0.2827719435956774
            ],
            [
              -0.39016640860397545,
              0.27958929449654474
            ],
            [
              -0.3924407103127603,
              0.27638793188056554
            ],
            [
              -0.3946887451150921,
              0.27316807002187105
            ],
            [
              -0.3969103625451343,
              0.2699299244327869
            ],
            [
              -0.3991054139052218,
              0.2666737118494089
            ],
            [
              -0.40127375227581447,
              0.2633996502170955
            ],
            [
              -0.40341523252533035,
              0.2601079586758806
            ],
            [
              -0.40552971131985943,
              0.2567988575458065
            ],
            [
              -0.40761704713275804,
              0.2534725683121764
            ],
            [
              -0.40967710025412024,
              0.25012931361073104
            ],
            [
              -0.4117097328001307,
              0.24676931721274634
            ],
            [
              -0.41371480872229177,
              0.24339280401005603
            ],
            [
              -0.4156921938165306,
              0.23999999999999988
            ],
            [
              -0.4176417557321816,
              0.2365911322702961
            ],
            [
              -0.4195633639808443,
              0.23316642898384304
            ],
            [
              -0.4214568899451181,
              0.2297261193634467
            ],
            [
              -0.4233222068872105,
              0.22627043367647867
            ],
            [
              -0.4251591899574195,
              0.2227996032194646
            ],
            [
              -0.426967716202491,
              0.21931386030260167
            ],
            [
              -0.42874766457384744,
              0.215813438234211
            ],
            [
              -0.4304989159356904,
              0.2122985713051205
            ],
            [
              -0.4322213530729746,
              0.208769494772984
            ],
            [
              -0.43391486069925284,
              0.20522644484653527
            ],
            [
              -0.43557932546439304,
              0.20166965866977693
            ],
            [
              -0.4372146359621645,
              0.1980993743061093
            ],
            [
              -0.43882068273769476,
              0.19451583072239503
            ],
            [
              -0.44039735829479587,
              0.19091926777296508
            ],
            [
              -0.44194455710315894,
              0.1873099261835653
            ],
            [
              -0.44346217560541773,
              0.18368804753524282
            ],
            [
              -0.4449501122240799,
              0.18005387424817806
            ],
            [
              -0.44640826736832584,
              0.1764076495654576
            ],
            [
              -0.44679413680519653,
              0.1754193793099502
            ],
            [
              -0.6036204320648664,
              0.28702567767166515
            ]
          ]
        ]
      }
    },
    {
      "type": "Feature",
      "properties": {
        "cell_id": "SYN_elongated_r002_c013",
        "method": "GeoAnnulus-Final",
        "view": "annulus"
      },
      "geometry": {
        "type": "Polygon",
        "coordinates": [
          [
            [
              -0.5019814301106822,
              0.384607845313953
            ],
            [
              -0.4984489750690101,
              0.4154130082042633
            ],
            [
              -0.36200989538826656,
              0.5475223017082755
            ],
            [
              -0.192512516545663,
              0.4882738605321227
            ],
            [
              -0.17562688377538563,
              0.4467131168303673
            ],
            [
              -0.17640764956545776,
              0.4464082673683258
            ],
            [
              -0.18005387424817837,
              0.4449501122240797
            ],
            [
              -0.18368804753524334,
              0.4434621756054175
            ],
            [
              -0.18730992618356584,
              0.4419445571031587
            ],
            [
              -0.19091926777296542,
              0.4403973582947958
            ],
            [
              -0.19451583072239537,
              0.4388206827376946
            ],
            [
              -0.1980993743061098,
              0.4372146359621642
            ],
            [
              -0.20166965866977724,
              0.4355793254643929
            ],
            [
              -0.20522644484653557,
              0.43391486069925267
            ],
            [
              -0.2087694947729845,
              0.4322213530729744
            ],
            [
              -0.21229857130512064,
              0.43049891593569034
            ],
            [
              -0.2158134382342113,
              0.4287476645738472
            ],
            [
              -0.2193138603026022,
              0.42696771620249074
            ],
            [
              -0.22279960321946513,
              0.42515918995741925
            ],
            [
              -0.226270433676479,
              0.42332220688721034
            ],
            [
              -0.229726119363447,
              0.42145688994511793
            ],
            [
              -0.23316642898384354,
              0.41956336398084404
            ],
            [
              -0.2365911322702964,
              0.41764175573218143
            ],
            [
              -0.2400000000000002,
              0.4156921938165304
            ],
            [
              -0.2433928040100565,
              0.4137148087222915
            ],
            [
              -0.24676931721274645,
              0.41170973280013057
            ],
            [
              -0.2501293136107314,
              0.40967710025412013
            ],
            [
              -0.2534725683121769,
              0.4076170471327577
            ],
            [
              -0.25679885754580667,
              0.4055297113198593
            ],
            [
              -0.26010795867588093,
              0.4034152325253302
            ],
            [
              -0.2633996502170958,
              0.40127375227581424
            ],
            [
              -0.2666737118494094,
              0.3991054139052215
            ],
            [
              -0.2699299244327871,
              0.39691036254513407
            ],
            [
              -0.2731680700218713,
              0.39468874511509194
            ],
            [
              -0.27638793188056604,
              0.39244071031275995
            ],
            [
              -0.27958929449654507,
              0.3901664086039752
            ],
            [
              -0.28277194359567764,
              0.387865992212675
            ],
            [
              -0.2859356661563683,
              0.38553961511070933
            ],
            [
              -0.28908025042381535,
              0.3831874330075351
            ],
            [
              -0.292205485924186,
              0.38080960333979275
            ],
            [
              -0.29531116347870107,
              0.3784062852607708
            ],
            [
              -0.2983970752176375,
              0.3759776396297519
            ],
            [
              -0.30146301459424046,
              0.37352382900124687
            ],
            [
              -0.30450877639855,
              0.37104501761411357
            ],
            [
              -0.30753415677113344,
              0.36854137138056553
            ],
            [
              -0.3105389532167316,
              0.36601305787506627
            ],
            [
              -0.313522964617813,
              0.36346024632311247
            ],
            [
              -0.3164859912480331,
              0.3608831075899091
            ],
            [
              -0.31942783478560444,
              0.35828181416893123
            ],
            [
              -0.32234829832656897,
              0.35565654017038023
            ],
            [
              -0.3252471863979788,
              0.35300746130952876
            ],
            [
              -0.32812430497097833,
              0.35033475489496096
            ],
            [
              -0.33097946147379215,
              0.34763859981670403
            ],
            [
              -0.33381246480461374,
              0.3449191765342549
            ],
            [
              -0.3366231253443958,
              0.3421766670645022
            ],
            [
              -0.339411254969543,
              0.3394112549695426
            ],
            [
              -0.34217666706450245,
              0.33662312534439554
            ],
            [
              -0.3449191765342552,
              0.33381246480461346
            ],
            [
              -0.34763859981670425,
              0.330979461473792
            ],
            [
              -0.3503347548949612,
              0.32812430497097805
            ],
            [
              -0.35300746130952915,
              0.32524718639797834
            ],
            [
              -0.35565654017038045,
              0.3223482983265687
            ],
            [
              -0.35828181416893146,
              0.3194278347856042
            ],
            [
              -0.36088310758990927,
              0.3164859912480329
            ],
            [
              -0.3634602463231127,
              0.3135229646178127
            ],
            [
              -0.3660130578750665,
              0.3105389532167313
            ],
            [
              -0.36854137138056586,
              0.307534156771133
            ],
            [
              -0.3710450176141138,
              0.30450877639854973
            ],
            [
              -0.3735238290012471,
              0.30146301459424024
            ],
            [
              -0.3759776396297523,
              0.29839707521763703
            ],
            [
              -0.3784062852607712,
              0.2953111634787006
            ],
            [
              -0.38080960333979297,
              0.29220548592418577
            ],
            [
              -0.3821544949729441,
              0.29043786432660257
            ],
            [
              -0.5019814301106822,
              0.384607845313953
            ]
          ]
        ]
      }
    },
    {
      "type": "Feature",
      "properties": {
        "cell_id": "SYN_elongated_r002_c014",
        "method": "GeoAnnulus-Final",
        "view": "annulus"
      },
      "geometry": {
        "type": "Polygon",
        "coordinates": [
          [
            [
              -0.19251251654566304,
              0.4882738605321226
            ],
            [
              -0.1539909512863657,
              0.6321145904887595
            ],
            [
              0.16234410119016343,
              0.6785647415846933
            ],
            [
              0.21955305569026234,
              0.49551467008149847
            ],
            [
              0.19375988208094796,
              0.4391520785069756
            ],
            [
              0.19091926777296486,
              0.440397358294796
            ],
            [
              0.1873099261835653,
              0.44194455710315894
            ],
            [
              0.1836880475352428,
              0.44346217560541773
            ],
            [
              0.18005387424817781,
              0.44495011222407993
            ],
            [
              0.17640764956545757,
              0.44640826736832584
            ],
            [
              0.17274961753679405,
              0.44783654344067475
            ],
            [
              0.1690800230021917,
              0.44923484484351645
            ],
            [
              0.16539911157555853,
              0.45060307798551036
            ],
            [
              0.16170712962826542,
              0.45194115128785
            ],
            [
              0.15800432427265834,
              0.45324897519039203
            ],
            [
              0.1542909433455175,
              0.4545264621576507
            ],
            [
              0.15056723539146774,
              0.45577352668465765
            ],
            [
              0.14683344964634537,
              0.45699008530268376
            ],
            [
              0.1430898360205147,
              0.4581760565848266
            ],
            [
              0.13933664508214177,
              0.4593313611514603
            ],
            [
              0.13557412804042174,
              0.460455921675549
            ],
            [
              0.13180253672876713,
              0.4615496628878218
            ],
            [
              0.12802212358795112,
              0.46261251158181116
            ],
            [
              0.12423314164920973,
              0.46364439661875284
            ],
            [
              0.12043584451730845,
              0.464645248932347
            ],
            [
              0.1166304863535666,
              0.4656150015333811
            ],
            [
              0.11281732185884462,
              0.46655358951421416
            ],
            [
              0.10899660625649883,
              0.4674609500531202
            ],
            [
              0.10516859527529705,
              0.4683370224184938
            ],
            [
              0.10133354513230314,
              0.4691817479729145
            ],
            [
              0.0974917125157259,
              0.4699950701770722
            ],
            [
              0.09364335456774116,
              0.4707769345935507
            ],
            [
              0.08978872886727923,
              0.4715272888904715
            ],
            [
              0.08592809341278344,
              0.4722460828449972
            ],
            [
              0.08206170660494422,
              0.4729332683466918
            ],
            [
              0.07818982722940253,
              0.4735887994007419
            ],
            [
              0.0743127144394275,
              0.4742126321310347
            ],
            [
              0.07043062773857332,
              0.47480472478309493
            ],
            [
              0.06654382696330834,
              0.4753650377268792
            ],
            [
              0.06265257226562461,
              0.47589353345942903
            ],
            [
              0.05875712409562348,
              0.4763901766073808
            ],
            [
              0.05485774318408585,
              0.4768549339293333
            ],
            [
              0.05095469052501947,
              0.4772877743180727
            ],
            [
              0.047048227358188845,
              0.4776886688026545
            ],
            [
              0.043138615151632406,
              0.4780575905503429
            ],
            [
              0.03922611558416066,
              0.47839451486840656
            ],
            [
              0.03531099052784015,
              0.4786994192057713
            ],
            [
              0.03139350203046833,
              0.4789722831545297
            ],
            [
              0.0274739122980329,
              0.4792130884513068
            ],
            [
              0.023552483677160476,
              0.47942181897848274
            ],
            [
              0.019629478637559757,
              0.4795984607652714
            ],
            [
              0.015705159754452122,
              0.4797430019886555
            ],
            [
              0.01177978969099777,
              0.47985543297417804
            ],
            [
              0.007853631180713397,
              0.47993574619658963
            ],
            [
              0.003926947009889436,
              0.4799839362803525
            ],
            [
              -8.817456953860942e-17,
              0.48
            ],
            [
              -0.0039269470098900385,
              0.4799839362803525
            ],
            [
              -0.007853631180714,
              0.47993574619658963
            ],
            [
              -0.011779789690997947,
              0.47985543297417804
            ],
            [
              -0.015705159754452726,
              0.4797430019886555
            ],
            [
              -0.019629478637560357,
              0.4795984607652714
            ],
            [
              -0.02355248367716108,
              0.4794218189784827
            ],
            [
              -0.027473912298033077,
              0.4792130884513068
            ],
            [
              -0.03139350203046894,
              0.47897228315452967
            ],
            [
              -0.03531099052784076,
              0.4786994192057713
            ],
            [
              -0.039226115584160844,
              0.47839451486840656
            ],
            [
              -0.04313861515163301,
              0.47805759055034286
            ],
            [
              -0.04704822735818944,
              0.4776886688026545
            ],
            [
              -0.05095469052501964,
              0.4772877743180727
            ],
            [
              -0.05485774318408645,
              0.47685493392933326
            ],
            [
              -0.058757124095624086,
              0.47639017660738076
            ],
            [
              -0.06265257226562519,
              0.4758935334594289
            ],
            [
              -0.06654382696330895,
              0.4753650377268791
            ],
            [
              -0.0704306277385739,
              0.4748047247830948
            ],
            [
              -0.0743127144394281,
              0.47421263213103465
            ],
            [
              -0.0781898272294027,
              0.4735887994007419
            ],
            [
              -0.08206170660494481,
              0.4729332683466917
            ],
            [
              -0.08592809341278404,
              0.4722460828449971
            ],
            [
              -0.0897887288672794,
              0.4715272888904715
            ],
            [
              -0.09364335456774175,
              0.4707769345935505
            ],
            [
              -0.0974917125157265,
              0.4699950701770721
            ],
            [
              -0.10133354513230372,
              0.4691817479729144
            ],
            [
              -0.10516859527529765,
              0.4683370224184936
            ],
            [
              -0.10899660625649941,
              0.46746095005312005
            ],
            [
              -0.11281732185884522,
              0.46655358951421405
            ],
            [
              -0.11663048635356678,
              0.4656150015333811
            ],
            [
              -0.12043584451730904,
              0.4646452489323468
            ],
            [
              -0.12423314164921033,
              0.4636443966187527
            ],
            [
              -0.1280221235879513,
              0.4626125115818111
            ],
            [
              -0.1318025367287677,
              0.4615496628878216
            ],
            [
              -0.13557412804042232,
              0.46045592167554883
            ],
            [
              -0.13933664508214197,
              0.4593313611514602
            ],
            [
              -0.14308983602051525,
              0.4581760565848264
            ],
            [
              -0.14683344964634593,
              0.45699008530268354
            ],
            [
              -0.1505672353914683,
              0.4557735266846575
            ],
            [
              -0.15429094334551766,
              0.45452646215765063
            ],
            [
              -0.1580043242726589,
              0.45324897519039187
            ],
            [
              -0.16170712962826597,
              0.4519411512878498
            ],
            [
              -0.16539911157555867,
              0.4506030779855103
            ],
            [
              -0.16908002300219227,
              0.4492348448435162
            ],
            [
              -0.1727496175367946,
              0.44783654344067453
            ],
            [
              -0.17562688377538566,
              0.44671311683036724
            ],
            [
              -0.19251251654566304,
              0.4882738605321226
            ]
          ]
        ]
      }
    },
    {
      "type": "Feature",
      "properties": {
        "cell_id": "SYN_elongated_r002_c015",
        "method": "GeoAnnulus-Final",
        "view": "annulus"
      },
      "geometry": {
        "type": "Polygon",
        "coordinates": [
          [
            [
              0.21955305569026234,
              0.49551467008149863
            ],
            [
              0.3651409008464623,
              0.5463789397036821
            ],
            [
              0.4997393204548169,
              0.41605189438188656
            ],
            [
              0.5034282468884198,
              0.38388220550066077
            ],
            [
              0.38304139317779284,
              0.28927219388661685
            ],
            [
              0.38080960333979275,
              0.292205485924186
            ],
            [
              0.3784062852607708,
              0.2953111634787011
            ],
            [
              0.3759776396297519,
              0.29839707521763753
            ],
            [
              0.37352382900124687,
              0.3014630145942405
            ],
            [
              0.37104501761411357,
              0.30450877639855006
            ],
            [
              0.3685413713805655,
              0.30753415677113344
            ],
            [
              0.3660130578750662,
              0.3105389532167316
            ],
            [
              0.3634602463231124,
              0.313522964617813
            ],
            [
              0.36088310758990894,
              0.3164859912480333
            ],
            [
              0.3582818141689311,
              0.3194278347856046
            ],
            [
              0.3556565401703802,
              0.32234829832656897
            ],
            [
              0.35300746130952876,
              0.32524718639797884
            ],
            [
              0.3503347548949608,
              0.32812430497097855
            ],
            [
              0.347638599816704,
              0.3309794614737922
            ],
            [
              0.34491917653425486,
              0.3338124648046138
            ],
            [
              0.34217666706450206,
              0.336623125344396
            ],
            [
              0.3394112549695427,
              0.3394112549695429
            ],
            [
              0.33662312534439554,
              0.3421766670645025
            ],
            [
              0.33381246480461335,
              0.34491917653425536
            ],
            [
              0.33097946147379176,
              0.3476385998167045
            ],
            [
              0.32812430497097805,
              0.35033475489496124
            ],
            [
              0.32524718639797834,
              0.35300746130952915
            ],
            [
              0.32234829832656847,
              0.3556565401703807
            ],
            [
              0.31942783478560416,
              0.3582818141689315
            ],
            [
              0.31648599124803284,
              0.3608831075899093
            ],
            [
              0.31352296461781254,
              0.36346024632311286
            ],
            [
              0.3105389532167314,
              0.3660130578750664
            ],
            [
              0.307534156771133,
              0.36854137138056586
            ],
            [
              0.30450877639854956,
              0.37104501761411396
            ],
            [
              0.30146301459424,
              0.37352382900124725
            ],
            [
              0.298397075217637,
              0.3759776396297523
            ],
            [
              0.2953111634787006,
              0.3784062852607712
            ],
            [
              0.29220548592418555,
              0.38080960333979313
            ],
            [
              0.2890802504238152,
              0.3831874330075352
            ],
            [
              0.2859356661563678,
              0.3855396151107097
            ],
            [
              0.2827719435956772,
              0.38786599221267537
            ],
            [
              0.2795892944965449,
              0.39016640860397533
            ],
            [
              0.27638793188056554,
              0.3924407103127603
            ],
            [
              0.2731680700218708,
              0.3946887451150922
            ],
            [
              0.26992992443278707,
              0.3969103625451342
            ],
            [
              0.26667371184940886,
              0.3991054139052218
            ],
            [
              0.2633996502170954,
              0.4012737522758146
            ],
            [
              0.26010795867588044,
              0.40341523252533046
            ],
            [
              0.2567988575458065,
              0.40552971131985943
            ],
            [
              0.25347256831217635,
              0.40761704713275804
            ],
            [
              0.2501293136107309,
              0.4096771002541204
            ],
            [
              0.24676931721274634,
              0.4117097328001307
            ],
            [
              0.24339280401005597,
              0.41371480872229177
            ],
            [
              0.23999999999999966,
              0.4156921938165307
            ],
            [
              0.23659113227029624,
              0.4176417557321815
            ],
            [
              0.23316642898384304,
              0.4195633639808443
            ],
            [
              0.22972611936344647,
              0.42145688994511826
            ],
            [
              0.22627043367647845,
              0.4233222068872106
            ],
            [
              0.22279960321946457,
              0.4251591899574195
            ],
            [
              0.21931386030260164,
              0.426967716202491
            ],
            [
              0.21581343823421079,
              0.42874766457384755
            ],
            [
              0.21229857130512048,
              0.43049891593569045
            ],
            [
              0.20876949477298398,
              0.4322213530729746
            ],
            [
              0.20522644484653504,
              0.43391486069925295
            ],
            [
              0.20166965866977707,
              0.435579325464393
            ],
            [
              0.19809937430610927,
              0.4372146359621645
            ],
            [
              0.1945158307223948,
              0.4388206827376948
            ],
            [
              0.1937598820809479,
              0.43915207850697563
            ],
            [
              0.21955305569026234,
              0.49551467008149863
            ]
          ]
        ]
      }
    },
    {
      "type": "Feature",
      "properties": {
        "cell_id": "SYN_elongated_r002_c016",
        "method": "GeoAnnulus-Final",
        "view": "annulus"
      },
      "geometry": {
        "type": "Polygon",
        "coordinates": [
          [
            [
              0.5034282468884197,
              0.3838822055006607
            ],
            [
              0.5704577190841891,
              0.3463828271963469
            ],
            [
              0.6034116271168807,
              0.28759059693470285
            ],
            [
              0.4470399217296809,
              0.17478988677462565
            ],
            [
              0.4464082673683256,
              0.17640764956545815
            ],
            [
              0.4449501122240797,
              0.1800538742481784
            ],
            [
              0.4434621756054175,
              0.18368804753524337
            ],
            [
              0.4419445571031587,
              0.18730992618356587
            ],
            [
              0.44039735829479576,
              0.19091926777296545
            ],
            [
              0.43882068273769453,
              0.1945158307223954
            ],
            [
              0.4372146359621642,
              0.19809937430610983
            ],
            [
              0.4355793254643929,
              0.20166965866977726
            ],
            [
              0.43391486069925267,
              0.2052264448465356
            ],
            [
              0.4322213530729744,
              0.20876949477298454
            ],
            [
              0.4304989159356901,
              0.21229857130512106
            ],
            [
              0.4287476645738472,
              0.21581343823421134
            ],
            [
              0.42696771620249074,
              0.21931386030260222
            ],
            [
              0.4251591899574192,
              0.22279960321946515
            ],
            [
              0.4233222068872103,
              0.22627043367647903
            ],
            [
              0.42145688994511793,
              0.22972611936344703
            ],
            [
              0.41956336398084404,
              0.23316642898384357
            ],
            [
              0.4176417557321814,
              0.23659113227029643
            ],
            [
              0.4156921938165304,
              0.2400000000000002
            ],
            [
              0.4137148087222915,
              0.2433928040100565
            ],
            [
              0.41170973280013035,
              0.24676931721274686
            ],
            [
              0.40967710025412013,
              0.2501293136107314
            ],
            [
              0.4076170471327577,
              0.25347256831217696
            ],
            [
              0.40552971131985915,
              0.25679885754580706
            ],
            [
              0.4034152325253302,
              0.260107958675881
            ],
            [
              0.40127375227581424,
              0.2633996502170959
            ],
            [
              0.3991054139052215,
              0.2666737118494094
            ],
            [
              0.39691036254513407,
              0.2699299244327872
            ],
            [
              0.3946887451150919,
              0.2731680700218714
            ],
            [
              0.39244071031275995,
              0.2763879318805661
            ],
            [
              0.3901664086039752,
              0.27958929449654507
            ],
            [
              0.387865992212675,
              0.2827719435956777
            ],
            [
              0.38553961511070933,
              0.2859356661563683
            ],
            [
              0.38318743300753483,
              0.28908025042381574
            ],
            [
              0.38304139317779284,
              0.2892721938866169
            ],
            [
              0.5034282468884197,
              0.3838822055006607
            ]
          ]
        ]
      }
    },
    {
      "type": "Feature",
      "properties": {
        "cell_id": "SYN_elongated_r002_c017",
        "method": "GeoAnnulus-Final",
        "view": "annulus"
      },
      "geometry": {
        "type": "Polygon",
        "coordinates": [
          [
            [
              0.6034116271168809,
              0.2875905969347027
            ],
            [
              0.620181243821419,
              0.27906546416070627
            ],
            [
              0.6421724304387915,
              0.2503578190134499
            ],
            [
              0.5332628574179872,
              0.11711312985914384
            ],
            [
              0.5134584120456573,
              0.12175080948104104
            ],
            [
              0.45490694486292726,
              0.15315483014100092
            ],
            [
              0.45452646215765063,
              0.15429094334551768
            ],
            [
              0.45324897519039187,
              0.15800432427265892
            ],
            [
              0.4519411512878498,
              0.161707129628266
            ],
            [
              0.4506030779855103,
              0.1653991115755587
            ],
            [
              0.4492348448435162,
              0.1690800230021923
            ],
            [
              0.44783654344067453,
              0.17274961753679463
            ],
            [
              0.44703992172968093,
              0.1747898867746254
            ],
            [
              0.6034116271168809,
              0.2875905969347027
            ]
          ]
        ]
      }
    },
    {
      "type": "Feature",
      "properties": {
        "cell_id": "SYN_elongated_r002_c018",
        "method": "GeoAnnulus-Final",
        "view": "annulus"
      },
      "geometry": {
        "type": "Polygon",
        "coordinates": [
          [
            [
              0.5332628574179874,
              0.11711312985914368
            ],
            [
              0.6421724304387917,
              0.25035781901344967
            ],
            [
              0.6613370950346589,
              0.23851208984383912
            ],
            [
              0.6834724173292904,
              0.2123355625776366
            ],
            [
              0.6586253048113682,
              0.1667509765819672
            ],
            [
              0.5872628767097495,
              0.09673117818703056
            ],
            [
              0.55062182346069,
              0.10790525439802413
            ],
            [
              0.5332628574179874,
              0.11711312985914368
            ]
          ]
        ]
      }
    },
    {
      "type": "Feature",
      "properties": {
        "cell_id": "SYN_elongated_r002_c019",
        "method": "GeoAnnulus-Final",
        "view": "annulus"
      },
      "geometry": {
        "type": "Polygon",
        "coordinates": [
          [
            [
              0.5872628767097493,
              0.09673117818703067
            ],
            [
              0.6586253048113687,
              0.16675097658196814
            ],
            [
              0.6942308646495159,
              0.06929499820198459
            ],
            [
              0.6940321928083515,
              0.06564422111769225
            ],
            [
              0.6652341842779589,
              0.062481540938849695
            ],
            [
              0.6236638457202797,
              0.0747154492946631
            ],
            [
              0.5927759383196064,
              0.09305486357988971
            ],
            [
              0.5872628767097493,
              0.09673117818703067
            ]
          ]
        ]
      }
    },
    {
      "type": "Feature",
      "properties": {
        "cell_id": "SYN_elongated_r002_c020",
        "method": "GeoAnnulus-Final",
        "view": "annulus"
      },
      "geometry": {
        "type": "Polygon",
        "coordinates": [
          [
            [
              0.6586253048113672,
              0.16675097658196614
            ],
            [
              0.6834724173292901,
              0.212335562577637
            ],
            [
              0.7029350662665536,
              0.20434594784234006
            ],
            [
              0.726102781815095,
              0.17833445435711293
            ],
            [
              0.6942308646495153,
              0.06929499820197986
            ],
            [
              0.6586253048113672,
              0.16675097658196614
            ]
          ]
        ]
      }
    },
    {
      "type": "Feature",
      "properties": {
        "cell_id": "SYN_elongated_r002_c021",
        "method": "GeoAnnulus-Final",
        "view": "annulus"
      },
      "geometry": {
        "type": "Polygon",
        "coordinates": [
          [
            [
              0.6940321928083515,
              0.06564422111769232
            ],
            [
              0.6942308646495158,
              0.06929499820198252
            ],
            [
              0.7261027818150945,
              0.17833445435711315
            ],
            [
              0.7739520658337107,
              0.1512395711486913
            ],
            [
              0.7122447371022631,
              0.0627181096113868
            ],
            [
              0.7034448721397611,
              0.0628770245499844
            ],
            [
              0.6940321928083515,
              0.06564422111769232
            ]
          ]
        ]
      }
    },
    {
      "type": "Feature",
      "properties": {
        "cell_id": "SYN_elongated_r002_c022",
        "method": "GeoAnnulus-Final",
        "view": "annulus"
      },
      "geometry": {
        "type": "Polygon",
        "coordinates": [
          [
            [
              0.7122447371022634,
              0.06271810961138664
            ],
            [
              0.7739520658337111,
              0.1512395711486911
            ],
            [
              0.7809916913297582,
              0.15043345236321956
            ],
            [
              0.799452796334899,
              0.14135015073087728
            ],
            [
              0.7587034623042237,
              0.053039607868462076
            ],
            [
              0.7403844544996476,
              0.053208287550945574
            ],
            [
              0.7122447371022634,
              0.06271810961138664
            ]
          ]
        ]
      }
    },
    {
      "type": "Feature",
      "properties": {
        "cell_id": "SYN_elongated_r002_c023",
        "method": "GeoAnnulus-Final",
        "view": "annulus"
      },
      "geometry": {
        "type": "Polygon",
        "coordinates": [
          [
            [
              0.7587034623042243,
              0.05303960786846196
            ],
            [
              0.7994527963348995,
              0.1413501507308771
            ],
            [
              0.8097088030636608,
              0.1404078879713921
            ],
            [
              0.8221048563180716,
              0.1361477035931154
            ],
            [
              0.8081343989337215,
              0.0444927748618502
            ],
            [
              0.7770148885863425,
              0.04520563042944532
            ],
            [
              0.7587034623042243,
              0.05303960786846196
            ]
          ]
        ]
      }
    },
    {
      "type": "Feature",
      "properties": {
        "cell_id": "SYN_elongated_r002_c024",
        "method": "GeoAnnulus-Final",
        "view": "annulus"
      },
      "geometry": {
        "type": "Polygon",
        "coordinates": [
          [
            [
              0.8081343989337215,
              0.04449277486185001
            ],
            [
              0.8221048563180716,
              0.1361477035931155
            ],
            [
              0.8313888984607676,
              0.13594527020940034
            ],
            [
              0.8430252801137494,
              0.13143321531580718
            ],
            [
              0.8580643285128264,
              0.04490286260176512
            ],
            [
              0.8502831075871733,
              0.04162537049490452
            ],
            [
              0.8137546465622859,
              0.04201005062869845
            ],
            [
              0.8081343989337215,
              0.04449277486185001
            ]
          ]
        ]
      }
    },
    {
      "type": "Feature",
      "properties": {
        "cell_id": "SYN_elongated_r002_c025",
        "method": "GeoAnnulus-Final",
        "view": "annulus"
      },
      "geometry": {
        "type": "Polygon",
        "coordinates": [
          [
            [
              0.8580643285128255,
              0.04490286260176497
            ],
            [
              0.8430252801137483,
              0.13143321531580743
            ],
            [
              0.8612209611619998,
              0.1314398885602638
            ],
            [
              0.9001737513192682,
              0.11596927076241569
            ],
            [
              0.8732980439679109,
              0.04437345926744748
            ],
            [
              0.8580643285128255,
              0.04490286260176497
            ]
          ]
        ]
      }
    },
    {
      "type": "Feature",
      "properties": {
        "cell_id": "SYN_elongated_r002_c026",
        "method": "GeoAnnulus-Final",
        "view": "annulus"
      },
      "geometry": {
        "type": "Polygon",
        "coordinates": [
          [
            [
              0.8732980439679106,
              0.04437345926744761
            ],
            [
              0.9001737513192679,
              0.11596927076241569
            ],
            [
              0.9020534838024956,
              0.11615244403460465
            ],
            [
              0.9250461071337398,
              0.10683688370192586
            ],
            [
              0.9227604305253975,
              0.036719761924154604
            ],
            [
              0.9224538436130703,
              0.03658300964508296
            ],
            [
              0.8842772740615927,
              0.038598662781974505
            ],
            [
              0.8732980439679106,
              0.04437345926744761
            ]
          ]
        ]
      }
    },
    {
      "type": "Feature",
      "properties": {
        "cell_id": "SYN_elongated_r002_c027",
        "method": "GeoAnnulus-Final",
        "view": "annulus"
      },
      "geometry": {
        "type": "Polygon",
        "coordinates": [
          [
            [
              0.9227604305253972,
              0.03671976192415444
            ],
            [
              0.9250461071337397,
              0.10683688370192601
            ],
            [
              0.9559934160943035,
              0.11023110784583992
            ],
            [
              0.9591455749948024,
              0.10888730339167418
            ],
            [
              0.9639481977089369,
              0.03678936694682516
            ],
            [
              0.961799006650278,
              0.035581539979658294
            ],
            [
              0.9227604305253972,
              0.03671976192415444
            ]
          ]
        ]
      }
    },
    {
      "type": "Feature",
      "properties": {
        "cell_id": "SYN_elongated_r002_c028",
        "method": "GeoAnnulus-Final",
        "view": "annulus"
      },
      "geometry": {
        "type": "Polygon",
        "coordinates": [
          [
            [
              0.9639481977089368,
              0.03678936694682507
            ],
            [
              0.9591455749948021,
              0.10888730339167424
            ],
            [
              0.9936169323476676,
              0.1127616582609865
            ],
            [
              0.994349529829318,
              0.10615560526045854
            ],
            [
              0.9951847266721968,
              0.0980171403295614
            ],
            [
              0.9959533136465477,
              0.0898721148992355
            ],
            [
              0.9966552393091803,
              0.08172107413366848
            ],
            [
              0.9972904566786901,
              0.0735645635996683
            ],
            [
              0.9978589232386035,
              0.06540312923014367
            ],
            [
              0.9983606009402225,
              0.05723731728756897
            ],
            [
              0.9987954562051723,
              0.04906767432741898
            ],
            [
              0.9991634599276488,
              0.040894747161584144
            ],
            [
              0.9992819910061335,
              0.03767660815153655
            ],
            [
              0.9639481977089368,
              0.03678936694682507
            ]
          ]
        ]
      }
    },
    {
      "type": "Feature",
      "properties": {
        "cell_id": "SYN_elongated_r003_c000",
        "method": "GeoAnnulus-Final",
        "view": "annulus"
      },
      "geometry": {
        "type": "Polygon",
        "coordinates": [
          [
            [
              -0.9639481977089364,
              0.03678936694682482
            ],
            [
              -0.9617990066502783,
              0.03558153997965847
            ],
            [
              -0.9617990066502783,
              -0.03558153997965841
            ],
            [
              -0.9639481977089359,
              -0.03678936694682466
            ],
            [
              -0.9992819910061335,
              -0.03767660815153616
            ],
            [
              -0.9994645874763657,
              -0.03271908282177645
            ],
            [
              -0.9996988186962042,
              -0.02454122852291277
            ],
            [
              -0.9998661379095618,
              -0.016361731626486995
            ],
            [
              -0.9999665339174011,
              -0.00818113960393752
            ],
            [
              -1.0,
              -1.2246467991473532e-16
            ],
            [
              -0.9999665339174011,
              0.008181139603936832
            ],
            [
              -0.9998661379095618,
              0.016361731626486308
            ],
            [
              -0.9996988186962042,
              0.02454122852291208
            ],
            [
              -0.9994645874763657,
              0.03271908282177576
            ],
            [
              -0.9992819910061334,
              0.037676608151536305
            ],
            [
              -0.9639481977089364,
              0.03678936694682482
            ]
          ]
        ]
      }
    },
    {
      "type": "Feature",
      "properties": {
        "cell_id": "SYN_elongated_r003_c001",
        "method": "GeoAnnulus-Final",
        "view": "annulus"
      },
      "geometry": {
        "type": "Polygon",
        "coordinates": [
          [
            [
              -0.961799006650278,
              -0.035581539979658475
            ],
            [
              -0.961799006650278,
              0.03558153997965856
            ],
            [
              -0.9227604305253978,
              0.03671976192415469
            ],
            [
              -0.92245384361307,
              0.03658300964508281
            ],
            [
              -0.92245384361307,
              -0.03658300964508275
            ],
            [
              -0.9227604305253977,
              -0.03671976192415461
            ],
            [
              -0.961799006650278,
              -0.035581539979658475
            ]
          ]
        ]
      }
    },
    {
      "type": "Feature",
      "properties": {
        "cell_id": "SYN_elongated_r003_c002",
        "method": "GeoAnnulus-Final",
        "view": "annulus"
      },
      "geometry": {
        "type": "Polygon",
        "coordinates": [
          [
            [
              -0.9224538436130707,
              -0.036583009645082994
            ],
            [
              -0.9224538436130707,
              0.03658300964508306
            ],
            [
              -0.8842772740615924,
              0.03859866278197466
            ],
            [
              -0.8842772740615924,
              -0.03859866278197456
            ],
            [
              -0.9224538436130707,
              -0.036583009645082994
            ]
          ]
        ]
      }
    },
    {
      "type": "Feature",
      "properties": {
        "cell_id": "SYN_elongated_r003_c003",
        "method": "GeoAnnulus-Final",
        "view": "annulus"
      },
      "geometry": {
        "type": "Polygon",
        "coordinates": [
          [
            [
              -0.8842772740615921,
              -0.038598662781974324
            ],
            [
              -0.8842772740615921,
              0.03859866278197449
            ],
            [
              -0.8732980439679103,
              0.04437345926744742
            ],
            [
              -0.858064328512826,
              0.04490286260176485
            ],
            [
              -0.850283107587174,
              0.04162537049490475
            ],
            [
              -0.850283107587174,
              -0.041625370494904675
            ],
            [
              -0.858064328512826,
              -0.044902862601764765
            ],
            [
              -0.8732980439679102,
              -0.04437345926744733
            ],
            [
              -0.8842772740615921,
              -0.038598662781974324
            ]
          ]
        ]
      }
    },
    {
      "type": "Feature",
      "properties": {
        "cell_id": "SYN_elongated_r003_c004",
        "method": "GeoAnnulus-Final",
        "view": "annulus"
      },
      "geometry": {
        "type": "Polygon",
        "coordinates": [
          [
            [
              -0.8502831075871734,
              -0.04162537049490474
            ],
            [
              -0.8502831075871734,
              0.04162537049490482
            ],
            [
              -0.8137546465622858,
              0.04201005062869875
            ],
            [
              -0.8137546465622858,
              -0.04201005062869865
            ],
            [
              -0.8502831075871734,
              -0.04162537049490474
            ]
          ]
        ]
      }
    },
    {
      "type": "Feature",
      "properties": {
        "cell_id": "SYN_elongated_r003_c005",
        "method": "GeoAnnulus-Final",
        "view": "annulus"
      },
      "geometry": {
        "type": "Polygon",
        "coordinates": [
          [
            [
              -0.813754646562286,
              -0.042010050628698566
            ],
            [
              -0.813754646562286,
              0.04201005062869866
            ],
            [
              -0.8081344381738914,
              0.04449275752764595
            ],
            [
              -0.7770148960448818,
              0.045205613823263845
            ],
            [
              -0.7770148960448818,
              -0.0452056138232644
            ],
            [
              -0.8081344381738897,
              -0.044492757527646545
            ],
            [
              -0.813754646562286,
              -0.042010050628698566
            ]
          ]
        ]
      }
    },
    {
      "type": "Feature",
      "properties": {
        "cell_id": "SYN_elongated_r003_c006",
        "method": "GeoAnnulus-Final",
        "view": "annulus"
      },
      "geometry": {
        "type": "Polygon",
        "coordinates": [
          [
            [
              -0.7770148960448819,
              -0.0452056138232644
            ],
            [
              -0.7770148960448819,
              0.04520561382326387
            ],
            [
              -0.7587027452912547,
              0.05303990120501081
            ],
            [
              -0.7403868481189906,
              0.053208552245087685
            ],
            [
              -0.7403868481189906,
              -0.053208552245087866
            ],
            [
              -0.7587027452912555,
              -0.053039901205010995
            ],
            [
              -0.7770148960448819,
              -0.0452056138232644
            ]
          ]
        ]
      }
    },
    {
      "type": "Feature",
      "properties": {
        "cell_id": "SYN_elongated_r003_c007",
        "method": "GeoAnnulus-Final",
        "view": "annulus"
      },
      "geometry": {
        "type": "Polygon",
        "coordinates": [
          [
            [
              -0.740386848118991,
              -0.05320855224508784
            ],
            [
              -0.740386848118991,
              0.0532085522450876
            ],
            [
              -0.7122516155345124,
              0.06271685866227963
            ],
            [
              -0.7034628884767201,
              0.06287557246376314
            ],
            [
              -0.7034628884767201,
              -0.06287557246376306
            ],
            [
              -0.7122516155345131,
              -0.06271685866227954
            ],
            [
              -0.740386848118991,
              -0.05320855224508784
            ]
          ]
        ]
      }
    },
    {
      "type": "Feature",
      "properties": {
        "cell_id": "SYN_elongated_r003_c008",
        "method": "GeoAnnulus-Final",
        "view": "annulus"
      },
      "geometry": {
        "type": "Polygon",
        "coordinates": [
          [
            [
              -0.7034628884767207,
              -0.06287557246376292
            ],
            [
              -0.7034628884767207,
              0.062875572463763
            ],
            [
              -0.6942786316930027,
              0.06557561598527611
            ],
            [
              -0.6651311228345916,
              0.06237455267453204
            ],
            [
              -0.6651311228345915,
              -0.06237455267453199
            ],
            [
              -0.6942786316930026,
              -0.06557561598527605
            ],
            [
              -0.7034628884767207,
              -0.06287557246376292
            ]
          ]
        ]
      }
    },
    {
      "type": "Feature",
      "properties": {
        "cell_id": "SYN_elongated_r003_c009",
        "method": "GeoAnnulus-Final",
        "view": "annulus"
      },
      "geometry": {
        "type": "Polygon",
        "coordinates": [
          [
            [
              -0.665131122834592,
              -0.062374552674532055
            ],
            [
              -0.6651311228345921,
              0.062374552674532
            ],
            [
              -0.6244053409430419,
              0.07435991292577859
            ],
            [
              -0.624405340943042,
              -0.0743599129257786
            ],
            [
              -0.665131122834592,
              -0.062374552674532055
            ]
          ]
        ]
      }
    },
    {
      "type": "Feature",
      "properties": {
        "cell_id": "SYN_elongated_r003_c010",
        "method": "GeoAnnulus-Final",
        "view": "annulus"
      },
      "geometry": {
        "type": "Polygon",
        "coordinates": [
          [
            [
              -0.6244053409430419,
              -0.07435991292577854
            ],
            [
              -0.6244053409430418,
              0.07435991292577859
            ],
            [
              -0.5886307457471799,
              0.0956007536752847
            ],
            [
              -0.5862556780412955,
              0.09619651588327624
            ],
            [
              -0.5862556780412956,
              -0.09619651588327612
            ],
            [
              -0.5886307457471801,
              -0.09560075367528452
            ],
            [
              -0.6244053409430419,
              -0.07435991292577854
            ]
          ]
        ]
      }
    },
    {
      "type": "Feature",
      "properties": {
        "cell_id": "SYN_elongated_r003_c011",
        "method": "GeoAnnulus-Final",
        "view": "annulus"
      },
      "geometry": {
        "type": "Polygon",
        "coordinates": [
          [
            [
              -0.5862556780412954,
              -0.09619651588327624
            ],
            [
              -0.5862556780412953,
              0.0961965158832764
            ],
            [
              -0.5514203864890987,
              0.10694301492239176
            ],
            [
              -0.5514203864890989,
              -0.10694301492239168
            ],
            [
              -0.5862556780412954,
              -0.09619651588327624
            ]
          ]
        ]
      }
    },
    {
      "type": "Feature",
      "properties": {
        "cell_id": "SYN_elongated_r003_c012",
        "method": "GeoAnnulus-Final",
        "view": "annulus"
      },
      "geometry": {
        "type": "Polygon",
        "coordinates": [
          [
            [
              -0.5514203864890991,
              -0.10694301492239151
            ],
            [
              -0.5514203864890991,
              0.10694301492239162
            ],
            [
              -0.5329457381317955,
              0.11712905004535387
            ],
            [
              -0.5129092560565822,
              0.12205709302086862
            ],
            [
              -0.5129092560565823,
              -0.12205709302086853
            ],
            [
              -0.5329457381317952,
              -0.11712905004535383
            ],
            [
              -0.5514203864890991,
              -0.10694301492239151
            ]
          ]
        ]
      }
    },
    {
      "type": "Feature",
      "properties": {
        "cell_id": "SYN_elongated_r003_c013",
        "method": "GeoAnnulus-Final",
        "view": "annulus"
      },
      "geometry": {
        "type": "Polygon",
        "coordinates": [
          [
            [
              -0.5129092560565823,
              -0.1220570930208685
            ],
            [
              -0.5129092560565822,
              0.12205709302086867
            ],
            [
              -0.4549017681711001,
              0.15317028763186444
            ],
            [
              -0.45577352668465765,
              0.15056723539146777
            ],
            [
              -0.4569900853026837,
              0.1468334496463454
            ],
            [
              -0.4581760565848265,
              0.14308983602051495
            ],
            [
              -0.4593313611514603,
              0.1393366450821418
            ],
            [
              -0.460455921675549,
              0.13557412804042177
            ],
            [
              -0.46154966288782173,
              0.13180253672876738
            ],
            [
              -0.46261251158181116,
              0.12802212358795115
            ],
            [
              -0.46364439661875284,
              0.12423314164920976
            ],
            [
              -0.46464524893234693,
              0.12043584451730867
            ],
            [
              -0.46561500153338115,
              0.11663048635356642
            ],
            [
              -0.46655358951421416,
              0.11281732185884465
            ],
            [
              -0.4674609500531201,
              0.10899660625649905
            ],
            [
              -0.46833702241849373,
              0.1051685952752973
            ],
            [
              -0.4691817479729145,
              0.10133354513230315
            ],
            [
              -0.4699950701770722,
              0.09749171251572593
            ],
            [
              -0.47077693459355063,
              0.0936433545677414
            ],
            [
              -0.4715272888904715,
              0.08978872886727926
            ],
            [
              -0.4722460828449972,
              0.08592809341278347
            ],
            [
              -0.4729332683466918,
              0.08206170660494447
            ],
            [
              -0.47358879940074194,
              0.07818982722940233
            ],
            [
              -0.4742126321310347,
              0.07431271443942752
            ],
            [
              -0.4748047247830949,
              0.07043062773857356
            ],
            [
              -0.47536503772687916,
              0.06654382696330859
            ],
            [
              -0.47589353345942903,
              0.06265257226562464
            ],
            [
              -0.4763901766073808,
              0.05875712409562351
            ],
            [
              -0.4768549339293333,
              0.054857743184086094
            ],
            [
              -0.4772877743180727,
              0.0509546905250195
            ],
            [
              -0.4776886688026545,
              0.047048227358188865
            ],
            [
              -0.4780575905503429,
              0.04313861515163265
            ],
            [
              -0.47839451486840656,
              0.03922611558416048
            ],
            [
              -0.4786994192057713,
              0.03531099052784018
            ],
            [
              -0.47897228315452967,
              0.031393502030468576
            ],
            [
              -0.4792130884513068,
              0.027473912298032716
            ],
            [
              -0.47942181897848274,
              0.023552483677160507
            ],
            [
              -0.4795984607652714,
              0.019629478637559785
            ],
            [
              -0.4797430019886555,
              0.015705159754452365
            ],
            [
              -0.47985543297417804,
              0.011779789690997798
            ],
            [
              -0.47993574619658963,
              0.007853631180713428
            ],
            [
              -0.4799839362803525,
              0.003926947009889679
            ],
            [
              -0.48,
              -5.878304635907295e-17
            ],
            [
              -0.4799839362803525,
              -0.00392694700989001
            ],
            [
              -0.47993574619658963,
              -0.007853631180713758
            ],
            [
              -0.47985543297417804,
              -0.011779789690998129
            ],
            [
              -0.4797430019886555,
              -0.015705159754452695
            ],
            [
              -0.4795984607652714,
              -0.019629478637560118
            ],
            [
              -0.47942181897848274,
              -0.023552483677160837
            ],
            [
              -0.4792130884513068,
              -0.027473912298033046
            ],
            [
              -0.47897228315452967,
              -0.03139350203046891
            ],
            [
              -0.4786994192057713,
              -0.03531099052784051
            ],
            [
              -0.47839451486840656,
              -0.03922611558416081
            ],
            [
              -0.47805759055034286,
              -0.043138615151632975
            ],
            [
              -0.4776886688026545,
              -0.04704822735818919
            ],
            [
              -0.4772877743180726,
              -0.05095469052501982
            ],
            [
              -0.47685493392933326,
              -0.05485774318408642
            ],
            [
              -0.47639017660738076,
              -0.05875712409562384
            ],
            [
              -0.475893533459429,
              -0.06265257226562496
            ],
            [
              -0.4753650377268791,
              -0.06654382696330892
            ],
            [
              -0.4748047247830948,
              -0.07043062773857388
            ],
            [
              -0.47421263213103465,
              -0.07431271443942786
            ],
            [
              -0.4735887994007419,
              -0.07818982722940267
            ],
            [
              -0.47293326834669175,
              -0.08206170660494479
            ],
            [
              -0.47224608284499714,
              -0.08592809341278379
            ],
            [
              -0.47152728889047146,
              -0.0897887288672796
            ],
            [
              -0.4707769345935506,
              -0.09364335456774173
            ],
            [
              -0.46999507017707215,
              -0.09749171251572625
            ],
            [
              -0.46918174797291445,
              -0.10133354513230348
            ],
            [
              -0.4683370224184936,
              -0.10516859527529762
            ],
            [
              -0.46746095005312005,
              -0.10899660625649939
            ],
            [
              -0.4665535895142141,
              -0.11281732185884497
            ],
            [
              -0.4656150015333811,
              -0.11663048635356675
            ],
            [
              -0.4646452489323468,
              -0.12043584451730902
            ],
            [
              -0.46364439661875273,
              -0.12423314164921008
            ],
            [
              -0.46261251158181105,
              -0.12802212358795148
            ],
            [
              -0.4615496628878217,
              -0.13180253672876768
            ],
            [
              -0.46045592167554894,
              -0.13557412804042207
            ],
            [
              -0.45933136115146017,
              -0.13933664508214214
            ],
            [
              -0.4581760565848264,
              -0.14308983602051523
            ],
            [
              -0.45699008530268365,
              -0.1468334496463457
            ],
            [
              -0.45577352668465754,
              -0.15056723539146805
            ],
            [
              -0.4549017681711002,
              -0.15317028763186433
            ],
            [
              -0.5129092560565823,
              -0.1220570930208685
            ]
          ]
        ]
      }
    },
    {
      "type": "Feature",
      "properties": {
        "cell_id": "SYN_elongated_r003_c014",
        "method": "GeoAnnulus-Final",
        "view": "annulus"
      },
      "geometry": {
        "type": "Polygon",
        "coordinates": [
          [
            [
              0.5134584120456576,
              0.12175080948104094
            ],
            [
              0.5134584120456576,
              -0.12175080948104093
            ],
            [
              0.4549069448629273,
              -0.1531548301410009
            ],
            [
              0.4557735266846576,
              -0.1505672353914679
            ],
            [
              0.45699008530268365,
              -0.14683344964634565
            ],
            [
              0.45817605658482646,
              -0.1430898360205151
            ],
            [
              0.4593313611514602,
              -0.1393366450821419
            ],
            [
              0.46045592167554894,
              -0.13557412804042196
            ],
            [
              0.4615496628878217,
              -0.1318025367287675
            ],
            [
              0.4626125115818111,
              -0.1280221235879512
            ],
            [
              0.4636443966187528,
              -0.12423314164920995
            ],
            [
              0.4646452489323469,
              -0.1204358445173088
            ],
            [
              0.4656150015333811,
              -0.11663048635356664
            ],
            [
              0.4665535895142141,
              -0.1128173218588448
            ],
            [
              0.4674609500531201,
              -0.10899660625649914
            ],
            [
              0.4683370224184937,
              -0.10516859527529748
            ],
            [
              0.4691817479729145,
              -0.10133354513230326
            ],
            [
              0.46999507017707215,
              -0.09749171251572616
            ],
            [
              0.4707769345935506,
              -0.09364335456774156
            ],
            [
              0.4715272888904715,
              -0.08978872886727934
            ],
            [
              0.47224608284499714,
              -0.08592809341278368
            ],
            [
              0.47293326834669175,
              -0.08206170660494458
            ],
            [
              0.4735887994007419,
              -0.07818982722940258
            ],
            [
              0.4742126321310347,
              -0.07431271443942769
            ],
            [
              0.4748047247830949,
              -0.07043062773857364
            ],
            [
              0.47536503772687916,
              -0.0665438269633088
            ],
            [
              0.475893533459429,
              -0.06265257226562475
            ],
            [
              0.47639017660738076,
              -0.05875712409562377
            ],
            [
              0.47685493392933326,
              -0.05485774318408626
            ],
            [
              0.4772877743180727,
              -0.05095469052501959
            ],
            [
              0.4776886688026545,
              -0.04704822735818909
            ],
            [
              0.47805759055034286,
              -0.04313861515163278
            ],
            [
              0.47839451486840656,
              -0.03922611558416074
            ],
            [
              0.4786994192057713,
              -0.03531099052784036
            ],
            [
              0.47897228315452967,
              -0.031393502030468666
            ],
            [
              0.4792130884513068,
              -0.027473912298032938
            ],
            [
              0.47942181897848274,
              -0.023552483677160646
            ],
            [
              0.4795984607652714,
              -0.019629478637560052
            ],
            [
              0.4797430019886555,
              -0.015705159754452545
            ],
            [
              0.47985543297417804,
              -0.011779789690997898
            ],
            [
              0.47993574619658963,
              -0.007853631180713654
            ],
            [
              0.4799839362803525,
              -0.003926947009889822
            ],
            [
              0.48,
              0.0
            ],
            [
              0.4799839362803525,
              0.003926947009890068
            ],
            [
              0.47993574619658963,
              0.00785363118071403
            ],
            [
              0.479855432974178,
              0.011779789690998401
            ],
            [
              0.4797430019886555,
              0.015705159754452754
            ],
            [
              0.4795984607652714,
              0.01962947863756039
            ],
            [
              0.4794218189784827,
              0.02355248367716111
            ],
            [
              0.4792130884513068,
              0.027473912298033105
            ],
            [
              0.47897228315452967,
              0.031393502030468964
            ],
            [
              0.47869941920577125,
              0.035310990527840785
            ],
            [
              0.47839451486840656,
              0.03922611558416087
            ],
            [
              0.47805759055034286,
              0.04313861515163304
            ],
            [
              0.4776886688026545,
              0.04704822735818947
            ],
            [
              0.4772877743180726,
              0.0509546905250201
            ],
            [
              0.47685493392933326,
              0.05485774318408648
            ],
            [
              0.4763901766073807,
              0.058757124095624114
            ],
            [
              0.4758935334594289,
              0.06265257226562523
            ],
            [
              0.4753650377268791,
              0.06654382696330896
            ],
            [
              0.4748047247830948,
              0.07043062773857395
            ],
            [
              0.47421263213103465,
              0.07431271443942812
            ],
            [
              0.4735887994007419,
              0.07818982722940272
            ],
            [
              0.4729332683466917,
              0.08206170660494484
            ],
            [
              0.4722460828449971,
              0.08592809341278407
            ],
            [
              0.4715272888904714,
              0.08978872886727986
            ],
            [
              0.4707769345935505,
              0.09364335456774178
            ],
            [
              0.4699950701770721,
              0.09749171251572651
            ],
            [
              0.4691817479729144,
              0.10133354513230375
            ],
            [
              0.4683370224184936,
              0.10516859527529768
            ],
            [
              0.46746095005312005,
              0.10899660625649944
            ],
            [
              0.466553589514214,
              0.11281732185884524
            ],
            [
              0.4656150015333811,
              0.1166304863535668
            ],
            [
              0.4646452489323468,
              0.12043584451730907
            ],
            [
              0.4636443966187527,
              0.12423314164921034
            ],
            [
              0.462612511581811,
              0.12802212358795173
            ],
            [
              0.4615496628878216,
              0.13180253672876774
            ],
            [
              0.46045592167554883,
              0.13557412804042235
            ],
            [
              0.4593313611514601,
              0.13933664508214239
            ],
            [
              0.45817605658482635,
              0.14308983602051528
            ],
            [
              0.45699008530268354,
              0.14683344964634595
            ],
            [
              0.4557735266846574,
              0.15056723539146832
            ],
            [
              0.45490694486292726,
              0.15315483014100095
            ],
            [
              0.5134584120456576,
              0.12175080948104094
            ]
          ]
        ]
      }
    },
    {
      "type": "Feature",
      "properties": {
        "cell_id": "SYN_elongated_r003_c015",
        "method": "GeoAnnulus-Final",
        "view": "annulus"
      },
      "geometry": {
        "type": "Polygon",
        "coordinates": [
          [
            [
              0.5134584120456576,
              0.1217508094810409
            ],
            [
              0.5134584120456576,
              -0.12175080948104093
            ],
            [
              0.4549069448629273,
              -0.1531548301410009
            ],
            [
              0.4557735266846576,
              -0.1505672353914679
            ],
            [
              0.45699008530268365,
              -0.14683344964634565
            ],
            [
              0.45817605658482646,
              -0.1430898360205151
            ],
            [
              0.4593313611514602,
              -0.1393366450821419
            ],
            [
              0.46045592167554894,
              -0.13557412804042196
            ],
            [
              0.4615496628878217,
              -0.1318025367287675
            ],
            [
              0.4626125115818111,
              -0.1280221235879512
            ],
            [
              0.4636443966187528,
              -0.12423314164920995
            ],
            [
              0.4646452489323469,
              -0.1204358445173088
            ],
            [
              0.4656150015333811,
              -0.11663048635356664
            ],
            [
              0.4665535895142141,
              -0.1128173218588448
            ],
            [
              0.4674609500531201,
              -0.10899660625649914
            ],
            [
              0.4683370224184937,
              -0.10516859527529748
            ],
            [
              0.4691817479729145,
              -0.10133354513230326
            ],
            [
              0.46999507017707215,
              -0.09749171251572616
            ],
            [
              0.4707769345935506,
              -0.09364335456774156
            ],
            [
              0.4715272888904715,
              -0.08978872886727934
            ],
            [
              0.47224608284499714,
              -0.08592809341278368
            ],
            [
              0.47293326834669175,
              -0.08206170660494458
            ],
            [
              0.4735887994007419,
              -0.07818982722940258
            ],
            [
              0.4742126321310347,
              -0.07431271443942769
            ],
            [
              0.4748047247830949,
              -0.07043062773857364
            ],
            [
              0.47536503772687916,
              -0.0665438269633088
            ],
            [
              0.475893533459429,
              -0.06265257226562475
            ],
            [
              0.47639017660738076,
              -0.05875712409562377
            ],
            [
              0.47685493392933326,
              -0.05485774318408626
            ],
            [
              0.4772877743180727,
              -0.05095469052501959
            ],
            [
              0.4776886688026545,
              -0.04704822735818909
            ],
            [
              0.47805759055034286,
              -0.04313861515163278
            ],
            [
              0.47839451486840656,
              -0.03922611558416074
            ],
            [
              0.4786994192057713,
              -0.03531099052784036
            ],
            [
              0.47897228315452967,
              -0.031393502030468666
            ],
            [
              0.4792130884513068,
              -0.027473912298032938
            ],
            [
              0.47942181897848274,
              -0.023552483677160646
            ],
            [
              0.4795984607652714,
              -0.019629478637560052
            ],
            [
              0.4797430019886555,
              -0.015705159754452545
            ],
            [
              0.47985543297417804,
              -0.011779789690997898
            ],
            [
              0.47993574619658963,
              -0.007853631180713654
            ],
            [
              0.4799839362803525,
              -0.003926947009889822
            ],
            [
              0.48,
              0.0
            ],
            [
              0.4799839362803525,
              0.003926947009890068
            ],
            [
              0.47993574619658963,
              0.00785363118071403
            ],
            [
              0.479855432974178,
              0.011779789690998401
            ],
            [
              0.4797430019886555,
              0.015705159754452754
            ],
            [
              0.4795984607652714,
              0.01962947863756039
            ],
            [
              0.4794218189784827,
              0.02355248367716111
            ],
            [
              0.4792130884513068,
              0.027473912298033105
            ],
            [
              0.47897228315452967,
              0.031393502030468964
            ],
            [
              0.47869941920577125,
              0.035310990527840785
            ],
            [
              0.47839451486840656,
              0.03922611558416087
            ],
            [
              0.47805759055034286,
              0.04313861515163304
            ],
            [
              0.4776886688026545,
              0.04704822735818947
            ],
            [
              0.4772877743180726,
              0.0509546905250201
            ],
            [
              0.47685493392933326,
              0.05485774318408648
            ],
            [
              0.4763901766073807,
              0.058757124095624114
            ],
            [
              0.4758935334594289,
              0.06265257226562523
            ],
            [
              0.4753650377268791,
              0.06654382696330896
            ],
            [
              0.4748047247830948,
              0.07043062773857395
            ],
            [
              0.47421263213103465,
              0.07431271443942812
            ],
            [
              0.4735887994007419,
              0.07818982722940272
            ],
            [
              0.4729332683466917,
              0.08206170660494484
            ],
            [
              0.4722460828449971,
              0.08592809341278407
            ],
            [
              0.4715272888904714,
              0.08978872886727986
            ],
            [
              0.4707769345935505,
              0.09364335456774178
            ],
            [
              0.4699950701770721,
              0.09749171251572651
            ],
            [
              0.4691817479729144,
              0.10133354513230375
            ],
            [
              0.4683370224184936,
              0.10516859527529768
            ],
            [
              0.46746095005312005,
              0.10899660625649944
            ],
            [
              0.466553589514214,
              0.11281732185884524
            ],
            [
              0.4656150015333811,
              0.1166304863535668
            ],
            [
              0.4646452489323468,
              0.12043584451730907
            ],
            [
              0.4636443966187527,
              0.12423314164921034
            ],
            [
              0.462612511581811,
              0.12802212358795173
            ],
            [
              0.4615496628878216,
              0.13180253672876774
            ],
            [
              0.46045592167554883,
              0.13557412804042235
            ],
            [
              0.4593313611514601,
              0.13933664508214239
            ],
            [
              0.45817605658482635,
              0.14308983602051528
            ],
            [
              0.45699008530268354,
              0.14683344964634595
            ],
            [
              0.4557735266846574,
              0.15056723539146832
            ],
            [
              0.45490694486292726,
              0.1531548301410009
            ],
            [
              0.5134584120456576,
              0.1217508094810409
            ]
          ]
        ]
      }
    },
    {
      "type": "Feature",
      "properties": {
        "cell_id": "SYN_elongated_r003_c016",
        "method": "GeoAnnulus-Final",
        "view": "annulus"
      },
      "geometry": {
        "type": "Polygon",
        "coordinates": [
          [
            [
              0.5134584120456576,
              -0.1217508094810409
            ],
            [
              0.5134584120456576,
              0.12175080948104088
            ],
            [
              0.5332628574179876,
              0.1171131298591436
            ],
            [
              0.5506218234606898,
              0.10790525439802426
            ],
            [
              0.5506218234606898,
              -0.10790525439802427
            ],
            [
              0.5332628574179875,
              -0.11711312985914364
            ],
            [
              0.5134584120456576,
              -0.1217508094810409
            ]
          ]
        ]
      }
    },
    {
      "type": "Feature",
      "properties": {
        "cell_id": "SYN_elongated_r003_c017",
        "method": "GeoAnnulus-Final",
        "view": "annulus"
      },
      "geometry": {
        "type": "Polygon",
        "coordinates": [
          [
            [
              0.5506218234606898,
              -0.1079052543980242
            ],
            [
              0.5506218234606898,
              0.1079052543980242
            ],
            [
              0.5872628767097494,
              0.09673117818703059
            ],
            [
              0.5927759383196056,
              0.09305486357989025
            ],
            [
              0.5927759383196056,
              -0.09305486357989032
            ],
            [
              0.5872628767097495,
              -0.09673117818703056
            ],
            [
              0.5506218234606898,
              -0.1079052543980242
            ]
          ]
        ]
      }
    },
    {
      "type": "Feature",
      "properties": {
        "cell_id": "SYN_elongated_r003_c018",
        "method": "GeoAnnulus-Final",
        "view": "annulus"
      },
      "geometry": {
        "type": "Polygon",
        "coordinates": [
          [
            [
              0.5927759383196048,
              -0.09305486357989079
            ],
            [
              0.5927759383196048,
              0.09305486357989085
            ],
            [
              0.6236638457202799,
              0.0747154492946632
            ],
            [
              0.6236638457202799,
              -0.07471544929466313
            ],
            [
              0.5927759383196048,
              -0.09305486357989079
            ]
          ]
        ]
      }
    },
    {
      "type": "Feature",
      "properties": {
        "cell_id": "SYN_elongated_r003_c019",
        "method": "GeoAnnulus-Final",
        "view": "annulus"
      },
      "geometry": {
        "type": "Polygon",
        "coordinates": [
          [
            [
              0.62366384572028,
              -0.07471544929466306
            ],
            [
              0.62366384572028,
              0.074715449294663
            ],
            [
              0.6652341842779587,
              0.06248154093884978
            ],
            [
              0.6652341842779587,
              -0.062481540938849785
            ],
            [
              0.62366384572028,
              -0.07471544929466306
            ]
          ]
        ]
      }
    },
    {
      "type": "Feature",
      "properties": {
        "cell_id": "SYN_elongated_r003_c020",
        "method": "GeoAnnulus-Final",
        "view": "annulus"
      },
      "geometry": {
        "type": "Polygon",
        "coordinates": [
          [
            [
              0.6652341842779589,
              -0.06248154093884978
            ],
            [
              0.6652341842779589,
              0.06248154093884979
            ],
            [
              0.6940321928083512,
              0.0656442211176923
            ],
            [
              0.703444872139761,
              0.06287702454998426
            ],
            [
              0.703444872139761,
              -0.06287702454998431
            ],
            [
              0.6940321928083512,
              -0.06564422111769229
            ],
            [
              0.6652341842779589,
              -0.06248154093884978
            ]
          ]
        ]
      }
    },
    {
      "type": "Feature",
      "properties": {
        "cell_id": "SYN_elongated_r003_c021",
        "method": "GeoAnnulus-Final",
        "view": "annulus"
      },
      "geometry": {
        "type": "Polygon",
        "coordinates": [
          [
            [
              0.7034448721397604,
              -0.06287702454998448
            ],
            [
              0.7034448721397604,
              0.06287702454998448
            ],
            [
              0.7122447371022637,
              0.06271810961138685
            ],
            [
              0.7403844544996485,
              0.05320828755094546
            ],
            [
              0.7403844544996485,
              -0.05320828755094546
            ],
            [
              0.7122447371022635,
              -0.06271810961138685
            ],
            [
              0.7034448721397604,
              -0.06287702454998448
            ]
          ]
        ]
      }
    },
    {
      "type": "Feature",
      "properties": {
        "cell_id": "SYN_elongated_r003_c022",
        "method": "GeoAnnulus-Final",
        "view": "annulus"
      },
      "geometry": {
        "type": "Polygon",
        "coordinates": [
          [
            [
              0.7403844544996472,
              -0.053208287550945636
            ],
            [
              0.7403844544996472,
              0.053208287550945636
            ],
            [
              0.758703462304224,
              0.05303960786846213
            ],
            [
              0.7770148885863429,
              0.04520563042944516
            ],
            [
              0.7770148885863429,
              -0.045205630429445136
            ],
            [
              0.7587034623042239,
              -0.05303960786846213
            ],
            [
              0.7403844544996472,
              -0.053208287550945636
            ]
          ]
        ]
      }
    },
    {
      "type": "Feature",
      "properties": {
        "cell_id": "SYN_elongated_r003_c023",
        "method": "GeoAnnulus-Final",
        "view": "annulus"
      },
      "geometry": {
        "type": "Polygon",
        "coordinates": [
          [
            [
              0.7770148885863424,
              -0.04520563042944519
            ],
            [
              0.7770148885863424,
              0.04520563042944519
            ],
            [
              0.808134398933722,
              0.044492774861850055
            ],
            [
              0.813754646562286,
              0.042010050628698656
            ],
            [
              0.813754646562286,
              -0.042010050628698614
            ],
            [
              0.808134398933722,
              -0.044492774861850055
            ],
            [
              0.7770148885863424,
              -0.04520563042944519
            ]
          ]
        ]
      }
    },
    {
      "type": "Feature",
      "properties": {
        "cell_id": "SYN_elongated_r003_c024",
        "method": "GeoAnnulus-Final",
        "view": "annulus"
      },
      "geometry": {
        "type": "Polygon",
        "coordinates": [
          [
            [
              0.8137546465622858,
              -0.04201005062869873
            ],
            [
              0.8137546465622858,
              0.04201005062869873
            ],
            [
              0.8502831075871734,
              0.0416253704949048
            ],
            [
              0.8502831075871734,
              -0.041625370494904806
            ],
            [
              0.8137546465622858,
              -0.04201005062869873
            ]
          ]
        ]
      }
    },
    {
      "type": "Feature",
      "properties": {
        "cell_id": "SYN_elongated_r003_c025",
        "method": "GeoAnnulus-Final",
        "view": "annulus"
      },
      "geometry": {
        "type": "Polygon",
        "coordinates": [
          [
            [
              0.8502831075871741,
              -0.041625370494904716
            ],
            [
              0.8502831075871741,
              0.041625370494904786
            ],
            [
              0.8580643285128261,
              0.044902862601764876
            ],
            [
              0.8732980439679103,
              0.044373459267447436
            ],
            [
              0.8842772740615921,
              0.03859866278197454
            ],
            [
              0.8842772740615921,
              -0.038598662781974456
            ],
            [
              0.8732980439679104,
              -0.04437345926744743
            ],
            [
              0.8580643285128262,
              -0.044902862601764855
            ],
            [
              0.8502831075871741,
              -0.041625370494904716
            ]
          ]
        ]
      }
    },
    {
      "type": "Feature",
      "properties": {
        "cell_id": "SYN_elongated_r003_c026",
        "method": "GeoAnnulus-Final",
        "view": "annulus"
      },
      "geometry": {
        "type": "Polygon",
        "coordinates": [
          [
            [
              0.8842772740615924,
              -0.03859866278197468
            ],
            [
              0.8842772740615924,
              0.038598662781974706
            ],
            [
              0.9224538436130706,
              0.036583009645083146
            ],
            [
              0.9224538436130706,
              -0.036583009645083105
            ],
            [
              0.8842772740615924,
              -0.03859866278197468
            ]
          ]
        ]
      }
    },
    {
      "type": "Feature",
      "properties": {
        "cell_id": "SYN_elongated_r003_c027",
        "method": "GeoAnnulus-Final",
        "view": "annulus"
      },
      "geometry": {
        "type": "Polygon",
        "coordinates": [
          [
            [
              0.9224538436130701,
              -0.03658300964508287
            ],
            [
              0.9224538436130701,
              0.036583009645082896
            ],
            [
              0.9227604305253976,
              0.0367197619241546
            ],
            [
              0.961799006650278,
              0.03558153997965847
            ],
            [
              0.961799006650278,
              -0.035581539979658475
            ],
            [
              0.9227604305253976,
              -0.036719761924154604
            ],
            [
              0.9224538436130701,
              -0.03658300964508287
            ]
          ]
        ]
      }
    },
    {
      "type": "Feature",
      "properties": {
        "cell_id": "SYN_elongated_r003_c028",
        "method": "GeoAnnulus-Final",
        "view": "annulus"
      },
      "geometry": {
        "type": "Polygon",
        "coordinates": [
          [
            [
              0.9639481977089365,
              -0.03678936694682476
            ],
            [
              0.9617990066502782,
              -0.03558153997965831
            ],
            [
              0.9617990066502782,
              0.035581539979658405
            ],
            [
              0.9639481977089364,
              0.03678936694682477
            ],
            [
              0.9992819910061335,
              0.03767660815153626
            ],
            [
              0.9994645874763657,
              0.032719082821776574
            ],
            [
              0.9996988186962041,
              0.024541228522913336
            ],
            [
              0.9998661379095618,
              0.016361731626487564
            ],
            [
              0.9999665339174011,
              0.008181139603937642
            ],
            [
              1.0,
              0.0
            ],
            [
              0.9999665339174011,
              -0.008181139603937128
            ],
            [
              0.9998661379095618,
              -0.01636173162648678
            ],
            [
              0.9996988186962042,
              -0.024541228522912288
            ],
            [
              0.9994645874763657,
              -0.03271908282177614
            ],
            [
              0.9992819910061335,
              -0.03767660815153625
            ],
            [
              0.9639481977089365,
              -0.03678936694682476
            ]
          ]
        ]
      }
    },
    {
      "type": "Feature",
      "properties": {
        "cell_id": "SYN_elongated_r004_c000",
        "method": "GeoAnnulus-Final",
        "view": "annulus"
      },
      "geometry": {
        "type": "Polygon",
        "coordinates": [
          [
            [
              -0.9639481977089365,
              -0.03678936694682506
            ],
            [
              -0.9591455749948017,
              -0.10888730339167357
            ],
            [
              -0.9936169323476676,
              -0.11276165826098587
            ],
            [
              -0.994349529829318,
              -0.10615560526045797
            ],
            [
              -0.9951847266721968,
              -0.09801714032956083
            ],
            [
              -0.9959533136465477,
              -0.08987211489923537
            ],
            [
              -0.9966552393091803,
              -0.08172107413366836
            ],
            [
              -0.9972904566786902,
              -0.07356456359966773
            ],
            [
              -0.9978589232386035,
              -0.06540312923014356
            ],
            [
              -0.9983606009402225,
              -0.05723731728756885
            ],
            [
              -0.9987954562051724,
              -0.04906767432741841
            ],
            [
              -0.9991634599276488,
              -0.04089474716158358
            ],
            [
              -0.9992819910061334,
              -0.03767660815153655
            ],
            [
              -0.9639481977089365,
              -0.03678936694682506
            ]
          ]
        ]
      }
    },
    {
      "type": "Feature",
      "properties": {
        "cell_id": "SYN_elongated_r004_c001",
        "method": "GeoAnnulus-Final",
        "view": "annulus"
      },
      "geometry": {
        "type": "Polygon",
        "coordinates": [
          [
            [
              -0.959145574994802,
              -0.10888730339167371
            ],
            [
              -0.9639481977089368,
              -0.03678936694682499
            ],
            [
              -0.9617990066502778,
              -0.035581539979658156
            ],
            [
              -0.922760430525397,
              -0.0367197619241543
            ],
            [
              -0.9250461071337398,
              -0.1068368837019259
            ],
            [
              -0.9559934160943027,
              -0.11023110784583973
            ],
            [
              -0.959145574994802,
              -0.10888730339167371
            ]
          ]
        ]
      }
    },
    {
      "type": "Feature",
      "properties": {
        "cell_id": "SYN_elongated_r004_c002",
        "method": "GeoAnnulus-Final",
        "view": "annulus"
      },
      "geometry": {
        "type": "Polygon",
        "coordinates": [
          [
            [
              -0.9250461071337404,
              -0.1068368837019257
            ],
            [
              -0.9227604305253976,
              -0.03671976192415454
            ],
            [
              -0.9224538436130704,
              -0.03658300964508294
            ],
            [
              -0.8842772740615927,
              -0.03859866278197449
            ],
            [
              -0.8732980439679107,
              -0.044373459267447596
            ],
            [
              -0.9001737513192677,
              -0.11596927076241516
            ],
            [
              -0.9020534838024967,
              -0.11615244403460427
            ],
            [
              -0.9250461071337404,
              -0.1068368837019257
            ]
          ]
        ]
      }
    },
    {
      "type": "Feature",
      "properties": {
        "cell_id": "SYN_elongated_r004_c003",
        "method": "GeoAnnulus-Final",
        "view": "annulus"
      },
      "geometry": {
        "type": "Polygon",
        "coordinates": [
          [
            [
              -0.9001737513192682,
              -0.1159692707624154
            ],
            [
              -0.8732980439679109,
              -0.04437345926744733
            ],
            [
              -0.8580643285128253,
              -0.044902862601764806
            ],
            [
              -0.8430252801137481,
              -0.13143321531580718
            ],
            [
              -0.8612209611619992,
              -0.13143988856026356
            ],
            [
              -0.9001737513192682,
              -0.1159692707624154
            ]
          ]
        ]
      }
    },
    {
      "type": "Feature",
      "properties": {
        "cell_id": "SYN_elongated_r004_c004",
        "method": "GeoAnnulus-Final",
        "view": "annulus"
      },
      "geometry": {
        "type": "Polygon",
        "coordinates": [
          [
            [
              -0.8430252801137494,
              -0.13143321531580687
            ],
            [
              -0.8580643285128267,
              -0.04490286260176507
            ],
            [
              -0.8502831075871732,
              -0.0416253704949044
            ],
            [
              -0.813754646562286,
              -0.04201005062869831
            ],
            [
              -0.8081344381738892,
              -0.04449275752764655
            ],
            [
              -0.822104898280704,
              -0.13614770411998067
            ],
            [
              -0.8313888945207794,
              -0.13594527173714663
            ],
            [
              -0.8430252801137494,
              -0.13143321531580687
            ]
          ]
        ]
      }
    },
    {
      "type": "Feature",
      "properties": {
        "cell_id": "SYN_elongated_r004_c005",
        "method": "GeoAnnulus-Final",
        "view": "annulus"
      },
      "geometry": {
        "type": "Polygon",
        "coordinates": [
          [
            [
              -0.8221048982807053,
              -0.13614770411998045
            ],
            [
              -0.8081344381738904,
              -0.04449275752764626
            ],
            [
              -0.7770148960448819,
              -0.04520561382326412
            ],
            [
              -0.7587027452912548,
              -0.05303990120501097
            ],
            [
              -0.7994520842047753,
              -0.14135045464935977
            ],
            [
              -0.8097079152748934,
              -0.140408208028378
            ],
            [
              -0.8221048982807053,
              -0.13614770411998045
            ]
          ]
        ]
      }
    },
    {
      "type": "Feature",
      "properties": {
        "cell_id": "SYN_elongated_r004_c006",
        "method": "GeoAnnulus-Final",
        "view": "annulus"
      },
      "geometry": {
        "type": "Polygon",
        "coordinates": [
          [
            [
              -0.7994520842047759,
              -0.14135045464935952
            ],
            [
              -0.7587027452912555,
              -0.05303990120501088
            ],
            [
              -0.7403868481189907,
              -0.05320855224508774
            ],
            [
              -0.712251615534513,
              -0.0627168586622794
            ],
            [
              -0.7739599184355394,
              -0.15123971768213032
            ],
            [
              -0.7809887981408719,
              -0.1504348294143567
            ],
            [
              -0.7994520842047759,
              -0.14135045464935952
            ]
          ]
        ]
      }
    },
    {
      "type": "Feature",
      "properties": {
        "cell_id": "SYN_elongated_r004_c007",
        "method": "GeoAnnulus-Final",
        "view": "annulus"
      },
      "geometry": {
        "type": "Polygon",
        "coordinates": [
          [
            [
              -0.773959918435539,
              -0.1512397176821304
            ],
            [
              -0.7122516155345129,
              -0.0627168586622795
            ],
            [
              -0.7034628884767204,
              -0.062875572463763
            ],
            [
              -0.6942786316930026,
              -0.06557561598527607
            ],
            [
              -0.6945190675343935,
              -0.06999384483365056
            ],
            [
              -0.7261872933947146,
              -0.1782911923820918
            ],
            [
              -0.773959918435539,
              -0.1512397176821304
            ]
          ]
        ]
      }
    },
    {
      "type": "Feature",
      "properties": {
        "cell_id": "SYN_elongated_r004_c008",
        "method": "GeoAnnulus-Final",
        "view": "annulus"
      },
      "geometry": {
        "type": "Polygon",
        "coordinates": [
          [
            [
              -0.726187293394715,
              -0.17829119238209162
            ],
            [
              -0.6945190675343933,
              -0.0699938448336485
            ],
            [
              -0.6589419159506129,
              -0.1674324850095501
            ],
            [
              -0.6824332989592929,
              -0.2128193744723365
            ],
            [
              -0.702916820598583,
              -0.20441395726452785
            ],
            [
              -0.726187293394715,
              -0.17829119238209162
            ]
          ]
        ]
      }
    },
    {
      "type": "Feature",
      "properties": {
        "cell_id": "SYN_elongated_r004_c009",
        "method": "GeoAnnulus-Final",
        "view": "annulus"
      },
      "geometry": {
        "type": "Polygon",
        "coordinates": [
          [
            [
              -0.6945190675343934,
              -0.06999384483365187
            ],
            [
              -0.6942786316930025,
              -0.06557561598527598
            ],
            [
              -0.6651311228345919,
              -0.06237455267453198
            ],
            [
              -0.6244053409430421,
              -0.07435991292577845
            ],
            [
              -0.5886307457471801,
              -0.0956007536752846
            ],
            [
              -0.6589419159506139,
              -0.1674324850095511
            ],
            [
              -0.6945190675343934,
              -0.06999384483365187
            ]
          ]
        ]
      }
    },
    {
      "type": "Feature",
      "properties": {
        "cell_id": "SYN_elongated_r004_c010",
        "method": "GeoAnnulus-Final",
        "view": "annulus"
      },
      "geometry": {
        "type": "Polygon",
        "coordinates": [
          [
            [
              -0.6824332989592935,
              -0.21281937447233615
            ],
            [
              -0.6589419159506139,
              -0.16743248500955066
            ],
            [
              -0.5886307457471804,
              -0.09560075367528453
            ],
            [
              -0.5862556780412943,
              -0.09619651588327652
            ],
            [
              -0.5514203864890989,
              -0.10694301492239158
            ],
            [
              -0.532945738131795,
              -0.11712905004535393
            ],
            [
              -0.6426780319089497,
              -0.24904882607154127
            ],
            [
              -0.6606674133729427,
              -0.23808082419503504
            ],
            [
              -0.6824332989592935,
              -0.21281937447233615
            ]
          ]
        ]
      }
    },
    {
      "type": "Feature",
      "properties": {
        "cell_id": "SYN_elongated_r004_c011",
        "method": "GeoAnnulus-Final",
        "view": "annulus"
      },
      "geometry": {
        "type": "Polygon",
        "coordinates": [
          [
            [
              -0.6036204320648664,
              -0.28702567767166515
            ],
            [
              -0.6198041252017246,
              -0.2787919953301686
            ],
            [
              -0.6426780319089499,
              -0.24904882607154133
            ],
            [
              -0.5329457381317954,
              -0.1171290500453538
            ],
            [
              -0.512909256056582,
              -0.12205709302086859
            ],
            [
              -0.45490176817110023,
              -0.15317028763186422
            ],
            [
              -0.45452646215765063,
              -0.15429094334551763
            ],
            [
              -0.45324897519039187,
              -0.15800432427265887
            ],
            [
              -0.4519411512878499,
              -0.16170712962826575
            ],
            [
              -0.4506030779855103,
              -0.16539911157555864
            ],
            [
              -0.4492348448435162,
              -0.16908002300219224
            ],
            [
              -0.44783654344067464,
              -0.17274961753679438
            ],
            [
              -0.44679413680519653,
              -0.1754193793099502
            ],
            [
              -0.6036204320648664,
              -0.28702567767166515
            ]
          ]
        ]
      }
    },
    {
      "type": "Feature",
      "properties": {
        "cell_id": "SYN_elongated_r004_c012",
        "method": "GeoAnnulus-Final",
        "view": "annulus"
      },
      "geometry": {
        "type": "Polygon",
        "coordinates": [
          [
            [
              -0.501981430110682,
              -0.384607845313953
            ],
            [
              -0.5703889964442613,
              -0.34633749758798277
            ],
            [
              -0.6036204320648663,
              -0.2870256776716651
            ],
            [
              -0.44679413680519653,
              -0.1754193793099502
            ],
            [
              -0.44640826736832573,
              -0.1764076495654579
            ],
            [
              -0.4449501122240797,
              -0.18005387424817834
            ],
            [
              -0.4434621756054176,
              -0.18368804753524315
            ],
            [
              -0.4419445571031588,
              -0.18730992618356562
            ],
            [
              -0.4403973582947958,
              -0.1909192677729654
            ],
            [
              -0.4388206827376946,
              -0.19451583072239534
            ],
            [
              -0.4372146359621643,
              -0.1980993743061096
            ],
            [
              -0.4355793254643929,
              -0.2016696586697772
            ],
            [
              -0.43391486069925267,
              -0.20522644484653554
            ],
            [
              -0.43222135307297443,
              -0.2087694947729843
            ],
            [
              -0.4304989159356903,
              -0.2122985713051208
            ],
            [
              -0.4287476645738473,
              -0.21581343823421129
            ],
            [
              -0.42696771620249085,
              -0.21931386030260197
            ],
            [
              -0.42515918995741936,
              -0.2227996032194649
            ],
            [
              -0.42332220688721034,
              -0.22627043367647898
            ],
            [
              -0.421456889945118,
              -0.22972611936344697
            ],
            [
              -0.41956336398084415,
              -0.23316642898384335
            ],
            [
              -0.41764175573218143,
              -0.23659113227029638
            ],
            [
              -0.41569219381653044,
              -0.24000000000000016
            ],
            [
              -0.4137148087222916,
              -0.24339280401005628
            ],
            [
              -0.41170973280013046,
              -0.24676931721274661
            ],
            [
              -0.40967710025412013,
              -0.2501293136107313
            ],
            [
              -0.4076170471327578,
              -0.2534725683121767
            ],
            [
              -0.4055297113198593,
              -0.25679885754580684
            ],
            [
              -0.4034152325253302,
              -0.26010795867588093
            ],
            [
              -0.4012737522758143,
              -0.2633996502170958
            ],
            [
              -0.3991054139052216,
              -0.2666737118494092
            ],
            [
              -0.3969103625451341,
              -0.2699299244327871
            ],
            [
              -0.39468874511509194,
              -0.2731680700218713
            ],
            [
              -0.3924407103127601,
              -0.2763879318805658
            ],
            [
              -0.3901664086039752,
              -0.279589294496545
            ],
            [
              -0.387865992212675,
              -0.28277194359567764
            ],
            [
              -0.3855396151107095,
              -0.28593566615636806
            ],
            [
              -0.383187433007535,
              -0.2890802504238155
            ],
            [
              -0.38215449497294407,
              -0.2904378643266026
            ],
            [
              -0.501981430110682,
              -0.384607845313953
            ]
          ]
        ]
      }
    },
    {
      "type": "Feature",
      "properties": {
        "cell_id": "SYN_elongated_r004_c013",
        "method": "GeoAnnulus-Final",
        "view": "annulus"
      },
      "geometry": {
        "type": "Polygon",
        "coordinates": [
          [
            [
              -0.1925125165456631,
              -0.4882738605321226
            ],
            [
              -0.36200989538826656,
              -0.5475223017082755
            ],
            [
              -0.49844897506901015,
              -0.4154130082042633
            ],
            [
              -0.5019814301106822,
              -0.384607845313953
            ],
            [
              -0.38215449497294407,
              -0.2904378643266026
            ],
            [
              -0.3808096033397928,
              -0.292205485924186
            ],
            [
              -0.37840628526077097,
              -0.2953111634787009
            ],
            [
              -0.37597763962975206,
              -0.29839707521763725
            ],
            [
              -0.37352382900124687,
              -0.30146301459424046
            ],
            [
              -0.37104501761411357,
              -0.30450877639855
            ],
            [
              -0.3685413713805657,
              -0.30753415677113327
            ],
            [
              -0.36601305787506627,
              -0.31053895321673153
            ],
            [
              -0.36346024632311247,
              -0.313522964617813
            ],
            [
              -0.3608831075899091,
              -0.31648599124803306
            ],
            [
              -0.35828181416893123,
              -0.3194278347856044
            ],
            [
              -0.35565654017038023,
              -0.3223482983265689
            ],
            [
              -0.3530074613095289,
              -0.3252471863979786
            ],
            [
              -0.35033475489496096,
              -0.32812430497097833
            ],
            [
              -0.34763859981670403,
              -0.33097946147379215
            ],
            [
              -0.3449191765342549,
              -0.33381246480461374
            ],
            [
              -0.3421766670645022,
              -0.33662312534439576
            ],
            [
              -0.3394112549695428,
              -0.33941125496954283
            ],
            [
              -0.33662312534439554,
              -0.34217666706450245
            ],
            [
              -0.3338124648046135,
              -0.34491917653425513
            ],
            [
              -0.330979461473792,
              -0.34763859981670425
            ],
            [
              -0.3281243049709781,
              -0.3503347548949612
            ],
            [
              -0.32524718639797856,
              -0.353007461309529
            ],
            [
              -0.3223482983265687,
              -0.35565654017038045
            ],
            [
              -0.3194278347856042,
              -0.35828181416893146
            ],
            [
              -0.3164859912480329,
              -0.36088310758990927
            ],
            [
              -0.3135229646178127,
              -0.3634602463231127
            ],
            [
              -0.3105389532167315,
              -0.3660130578750663
            ],
            [
              -0.30753415677113305,
              -0.3685413713805658
            ],
            [
              -0.3045087763985498,
              -0.3710450176141138
            ],
            [
              -0.30146301459424024,
              -0.3735238290012471
            ],
            [
              -0.29839707521763703,
              -0.3759776396297523
            ],
            [
              -0.29531116347870084,
              -0.378406285260771
            ],
            [
              -0.29220548592418577,
              -0.38080960333979297
            ],
            [
              -0.28908025042381524,
              -0.38318743300753516
            ],
            [
              -0.285935666156368,
              -0.38553961511070955
            ],
            [
              -0.2827719435956774,
              -0.3878659922126752
            ],
            [
              -0.27958929449654496,
              -0.3901664086039753
            ],
            [
              -0.2763879318805656,
              -0.3924407103127603
            ],
            [
              -0.27316807002187105,
              -0.39468874511509205
            ],
            [
              -0.26992992443278707,
              -0.3969103625451342
            ],
            [
              -0.2666737118494089,
              -0.39910541390522175
            ],
            [
              -0.26339965021709555,
              -0.40127375227581447
            ],
            [
              -0.26010795867588066,
              -0.4034152325253303
            ],
            [
              -0.25679885754580656,
              -0.40552971131985943
            ],
            [
              -0.2534725683121766,
              -0.40761704713275787
            ],
            [
              -0.2501293136107311,
              -0.40967710025412024
            ],
            [
              -0.2467693172127464,
              -0.4117097328001306
            ],
            [
              -0.24339280401005603,
              -0.41371480872229177
            ],
            [
              -0.2399999999999999,
              -0.41569219381653055
            ],
            [
              -0.2365911322702963,
              -0.4176417557321815
            ],
            [
              -0.2331664289838431,
              -0.4195633639808443
            ],
            [
              -0.22972611936344672,
              -0.4214568899451181
            ],
            [
              -0.2262704336764787,
              -0.4233222068872105
            ],
            [
              -0.22279960321946463,
              -0.42515918995741947
            ],
            [
              -0.2193138603026019,
              -0.4269677162024909
            ],
            [
              -0.21581343823421104,
              -0.4287476645738474
            ],
            [
              -0.21229857130512053,
              -0.4304989159356904
            ],
            [
              -0.20876949477298404,
              -0.4322213530729746
            ],
            [
              -0.2052264448465353,
              -0.43391486069925284
            ],
            [
              -0.20166965866977712,
              -0.43557932546439293
            ],
            [
              -0.1980993743061094,
              -0.4372146359621644
            ],
            [
              -0.19451583072239506,
              -0.4388206827376947
            ],
            [
              -0.1909192677729652,
              -0.4403973582947958
            ],
            [
              -0.18730992618356532,
              -0.44194455710315894
            ],
            [
              -0.18368804753524295,
              -0.4434621756054177
            ],
            [
              -0.1800538742481782,
              -0.4449501122240798
            ],
            [
              -0.17640764956545762,
              -0.44640826736832584
            ],
            [
              -0.1756268837753857,
              -0.44671311683036724
            ],
            [
              -0.1925125165456631,
              -0.4882738605321226
            ]
          ]
        ]
      }
    },
    {
      "type": "Feature",
      "properties": {
        "cell_id": "SYN_elongated_r004_c014",
        "method": "GeoAnnulus-Final",
        "view": "annulus"
      },
      "geometry": {
        "type": "Polygon",
        "coordinates": [
          [
            [
              0.21955305569026246,
              -0.4955146700814989
            ],
            [
              0.16234410119016365,
              -0.6785647415846933
            ],
            [
              -0.15399095128636572,
              -0.6321145904887595
            ],
            [
              -0.19251251654566304,
              -0.4882738605321226
            ],
            [
              -0.17562688377538566,
              -0.44671311683036724
            ],
            [
              -0.17274961753679421,
              -0.4478365434406747
            ],
            [
              -0.16908002300219196,
              -0.44923484484351633
            ],
            [
              -0.16539911157555848,
              -0.45060307798551036
            ],
            [
              -0.16170712962826556,
              -0.45194115128784995
            ],
            [
              -0.1580043242726586,
              -0.453248975190392
            ],
            [
              -0.15429094334551746,
              -0.4545264621576507
            ],
            [
              -0.1505672353914678,
              -0.45577352668465765
            ],
            [
              -0.1468334496463455,
              -0.4569900853026837
            ],
            [
              -0.14308983602051503,
              -0.45817605658482646
            ],
            [
              -0.13933664508214183,
              -0.4593313611514603
            ],
            [
              -0.13557412804042188,
              -0.460455921675549
            ],
            [
              -0.1318025367287674,
              -0.46154966288782173
            ],
            [
              -0.12802212358795118,
              -0.4626125115818111
            ],
            [
              -0.1242331416492099,
              -0.4636443966187528
            ],
            [
              -0.12043584451730872,
              -0.46464524893234693
            ],
            [
              -0.11663048635356654,
              -0.46561500153338115
            ],
            [
              -0.11281732185884467,
              -0.46655358951421416
            ],
            [
              -0.1089966062564991,
              -0.4674609500531201
            ],
            [
              -0.10516859527529743,
              -0.4683370224184937
            ],
            [
              -0.10133354513230318,
              -0.4691817479729145
            ],
            [
              -0.09749171251572607,
              -0.46999507017707215
            ],
            [
              -0.09364335456774142,
              -0.47077693459355063
            ],
            [
              -0.0897887288672793,
              -0.4715272888904715
            ],
            [
              -0.08592809341278361,
              -0.4722460828449972
            ],
            [
              -0.08206170660494448,
              -0.4729332683466918
            ],
            [
              -0.07818982722940247,
              -0.47358879940074194
            ],
            [
              -0.07431271443942755,
              -0.4742126321310347
            ],
            [
              -0.07043062773857359,
              -0.4748047247830949
            ],
            [
              -0.06654382696330872,
              -0.47536503772687916
            ],
            [
              -0.06265257226562466,
              -0.47589353345942903
            ],
            [
              -0.05875712409562365,
              -0.4763901766073808
            ],
            [
              -0.05485774318408623,
              -0.47685493392933326
            ],
            [
              -0.050954690525019525,
              -0.4772877743180727
            ],
            [
              -0.047048227358189004,
              -0.4776886688026545
            ],
            [
              -0.04313861515163268,
              -0.47805759055034286
            ],
            [
              -0.039226115584160615,
              -0.47839451486840656
            ],
            [
              -0.035310990527840314,
              -0.4786994192057713
            ],
            [
              -0.031393502030468604,
              -0.47897228315452967
            ],
            [
              -0.02747391229803285,
              -0.4792130884513068
            ],
            [
              -0.023552483677160535,
              -0.47942181897848274
            ],
            [
              -0.019629478637559924,
              -0.4795984607652714
            ],
            [
              -0.015705159754452497,
              -0.4797430019886555
            ],
            [
              -0.011779789690997827,
              -0.47985543297417804
            ],
            [
              -0.007853631180713562,
              -0.47993574619658963
            ],
            [
              -0.003926947009889708,
              -0.4799839362803525
            ],
            [
              2.9391523179536474e-17,
              -0.48
            ],
            [
              0.003926947009889873,
              -0.4799839362803525
            ],
            [
              0.007853631180713729,
              -0.47993574619658963
            ],
            [
              0.011779789690997992,
              -0.47985543297417804
            ],
            [
              0.015705159754452663,
              -0.4797430019886555
            ],
            [
              0.01962947863756009,
              -0.4795984607652714
            ],
            [
              0.023552483677160698,
              -0.47942181897848274
            ],
            [
              0.027473912298033015,
              -0.4792130884513068
            ],
            [
              0.03139350203046877,
              -0.47897228315452967
            ],
            [
              0.03531099052784048,
              -0.4786994192057713
            ],
            [
              0.03922611558416078,
              -0.47839451486840656
            ],
            [
              0.04313861515163284,
              -0.47805759055034286
            ],
            [
              0.04704822735818917,
              -0.4776886688026545
            ],
            [
              0.05095469052501969,
              -0.4772877743180726
            ],
            [
              0.0548577431840864,
              -0.47685493392933326
            ],
            [
              0.05875712409562381,
              -0.47639017660738076
            ],
            [
              0.06265257226562482,
              -0.475893533459429
            ],
            [
              0.06654382696330889,
              -0.4753650377268791
            ],
            [
              0.07043062773857374,
              -0.4748047247830948
            ],
            [
              0.07431271443942772,
              -0.4742126321310347
            ],
            [
              0.07818982722940263,
              -0.4735887994007419
            ],
            [
              0.08206170660494465,
              -0.47293326834669175
            ],
            [
              0.08592809341278376,
              -0.47224608284499714
            ],
            [
              0.08978872886727945,
              -0.47152728889047146
            ],
            [
              0.0936433545677416,
              -0.4707769345935506
            ],
            [
              0.09749171251572622,
              -0.46999507017707215
            ],
            [
              0.10133354513230335,
              -0.46918174797291445
            ],
            [
              0.1051685952752976,
              -0.4683370224184936
            ],
            [
              0.10899660625649925,
              -0.4674609500531201
            ],
            [
              0.11281732185884484,
              -0.4665535895142141
            ],
            [
              0.11663048635356671,
              -0.4656150015333811
            ],
            [
              0.12043584451730888,
              -0.4646452489323469
            ],
            [
              0.12423314164921005,
              -0.46364439661875273
            ],
            [
              0.12802212358795134,
              -0.4626125115818111
            ],
            [
              0.13180253672876754,
              -0.4615496628878217
            ],
            [
              0.13557412804042204,
              -0.46045592167554894
            ],
            [
              0.139336645082142,
              -0.4593313611514602
            ],
            [
              0.1430898360205152,
              -0.4581760565848264
            ],
            [
              0.14683344964634568,
              -0.45699008530268365
            ],
            [
              0.15056723539146796,
              -0.4557735266846576
            ],
            [
              0.1542909433455176,
              -0.45452646215765063
            ],
            [
              0.15800432427265873,
              -0.4532489751903919
            ],
            [
              0.16170712962826572,
              -0.4519411512878499
            ],
            [
              0.16539911157555862,
              -0.45060307798551036
            ],
            [
              0.16908002300219213,
              -0.4492348448435163
            ],
            [
              0.17274961753679435,
              -0.44783654344067464
            ],
            [
              0.1764076495654578,
              -0.4464082673683258
            ],
            [
              0.1800538742481783,
              -0.4449501122240797
            ],
            [
              0.18368804753524312,
              -0.4434621756054176
            ],
            [
              0.18730992618356548,
              -0.44194455710315883
            ],
            [
              0.19091926777296536,
              -0.4403973582947958
            ],
            [
              0.1937598820809479,
              -0.43915207850697563
            ],
            [
              0.21955305569026246,
              -0.4955146700814989
            ]
          ]
        ]
      }
    },
    {
      "type": "Feature",
      "properties": {
        "cell_id": "SYN_elongated_r004_c015",
        "method": "GeoAnnulus-Final",
        "view": "annulus"
      },
      "geometry": {
        "type": "Polygon",
        "coordinates": [
          [
            [
              0.5034282468884199,
              -0.38388220550066066
            ],
            [
              0.49973932045481695,
              -0.4160518943818866
            ],
            [
              0.3651409008464621,
              -0.5463789397036823
            ],
            [
              0.2195530556902624,
              -0.49551467008149885
            ],
            [
              0.19375988208094788,
              -0.43915207850697563
            ],
            [
              0.1945158307223952,
              -0.43882068273769465
            ],
            [
              0.19809937430610958,
              -0.4372146359621643
            ],
            [
              0.20166965866977718,
              -0.43557932546439293
            ],
            [
              0.20522644484653543,
              -0.4339148606992528
            ],
            [
              0.20876949477298426,
              -0.4322213530729745
            ],
            [
              0.2122985713051207,
              -0.43049891593569034
            ],
            [
              0.21581343823421115,
              -0.42874766457384733
            ],
            [
              0.21931386030260194,
              -0.42696771620249085
            ],
            [
              0.2227996032194648,
              -0.4251591899574194
            ],
            [
              0.22627043367647895,
              -0.42332220688721034
            ],
            [
              0.2297261193634469,
              -0.42145688994511804
            ],
            [
              0.23316642898384324,
              -0.4195633639808442
            ],
            [
              0.23659113227029635,
              -0.41764175573218143
            ],
            [
              0.24000000000000005,
              -0.4156921938165305
            ],
            [
              0.24339280401005622,
              -0.4137148087222916
            ],
            [
              0.2467693172127465,
              -0.41170973280013057
            ],
            [
              0.2501293136107312,
              -0.4096771002541202
            ],
            [
              0.2534725683121767,
              -0.40761704713275787
            ],
            [
              0.25679885754580667,
              -0.4055297113198593
            ],
            [
              0.2601079586758808,
              -0.40341523252533024
            ],
            [
              0.26339965021709566,
              -0.4012737522758144
            ],
            [
              0.26667371184940913,
              -0.39910541390522164
            ],
            [
              0.26992992443278707,
              -0.3969103625451341
            ],
            [
              0.2731680700218712,
              -0.394688745115092
            ],
            [
              0.27638793188056576,
              -0.3924407103127602
            ],
            [
              0.27958929449654507,
              -0.3901664086039752
            ],
            [
              0.2827719435956776,
              -0.38786599221267504
            ],
            [
              0.28593566615636806,
              -0.3855396151107095
            ],
            [
              0.2890802504238154,
              -0.38318743300753505
            ],
            [
              0.2922054859241859,
              -0.38080960333979286
            ],
            [
              0.2953111634787009,
              -0.37840628526077097
            ],
            [
              0.29839707521763714,
              -0.37597763962975217
            ],
            [
              0.30146301459424046,
              -0.3735238290012469
            ],
            [
              0.3045087763985499,
              -0.3710450176141137
            ],
            [
              0.3075341567711332,
              -0.36854137138056575
            ],
            [
              0.3105389532167316,
              -0.36601305787506627
            ],
            [
              0.31352296461781287,
              -0.3634602463231125
            ],
            [
              0.31648599124803306,
              -0.36088310758990916
            ],
            [
              0.31942783478560427,
              -0.3582818141689314
            ],
            [
              0.32234829832656886,
              -0.3556565401703803
            ],
            [
              0.3252471863979786,
              -0.3530074613095289
            ],
            [
              0.3281243049709782,
              -0.3503347548949611
            ],
            [
              0.33097946147379215,
              -0.3476385998167041
            ],
            [
              0.3338124648046136,
              -0.3449191765342551
            ],
            [
              0.3366231253443957,
              -0.3421766670645023
            ],
            [
              0.33941125496954283,
              -0.3394112549695428
            ],
            [
              0.3421766670645024,
              -0.33662312534439565
            ],
            [
              0.34491917653425513,
              -0.3338124648046135
            ],
            [
              0.34763859981670414,
              -0.3309794614737921
            ],
            [
              0.35033475489496113,
              -0.3281243049709781
            ],
            [
              0.353007461309529,
              -0.32524718639797856
            ],
            [
              0.3556565401703804,
              -0.3223482983265688
            ],
            [
              0.3582818141689314,
              -0.3194278347856042
            ],
            [
              0.36088310758990916,
              -0.31648599124803306
            ],
            [
              0.36346024632311263,
              -0.31352296461781276
            ],
            [
              0.3660130578750663,
              -0.3105389532167315
            ],
            [
              0.36854137138056575,
              -0.30753415677113316
            ],
            [
              0.37104501761411374,
              -0.30450877639854984
            ],
            [
              0.373523829001247,
              -0.3014630145942404
            ],
            [
              0.3759776396297522,
              -0.2983970752176371
            ],
            [
              0.37840628526077097,
              -0.29531116347870084
            ],
            [
              0.3808096033397929,
              -0.2922054859241858
            ],
            [
              0.3830413931777929,
              -0.28927219388661674
            ],
            [
              0.5034282468884199,
              -0.38388220550066066
            ]
          ]
        ]
      }
    },
    {
      "type": "Feature",
      "properties": {
        "cell_id": "SYN_elongated_r004_c016",
        "method": "GeoAnnulus-Final",
        "view": "annulus"
      },
      "geometry": {
        "type": "Polygon",
        "coordinates": [
          [
            [
              0.6034116271168807,
              -0.28759059693470285
            ],
            [
              0.5704577190841891,
              -0.34638282719634683
            ],
            [
              0.5034282468884199,
              -0.3838822055006606
            ],
            [
              0.3830413931777929,
              -0.2892721938866167
            ],
            [
              0.3831874330075351,
              -0.2890802504238153
            ],
            [
              0.38553961511070955,
              -0.28593566615636795
            ],
            [
              0.3878659922126751,
              -0.2827719435956775
            ],
            [
              0.3901664086039753,
              -0.27958929449654496
            ],
            [
              0.3924407103127602,
              -0.2763879318805657
            ],
            [
              0.39468874511509205,
              -0.27316807002187116
            ],
            [
              0.3969103625451342,
              -0.26992992443278707
            ],
            [
              0.3991054139052217,
              -0.266673711849409
            ],
            [
              0.4012737522758144,
              -0.26339965021709555
            ],
            [
              0.40341523252533024,
              -0.26010795867588077
            ],
            [
              0.4055297113198594,
              -0.2567988575458066
            ],
            [
              0.4076170471327579,
              -0.25347256831217657
            ],
            [
              0.40967710025412024,
              -0.2501293136107312
            ],
            [
              0.4117097328001306,
              -0.2467693172127464
            ],
            [
              0.41371480872229166,
              -0.24339280401005617
            ],
            [
              0.41569219381653055,
              -0.23999999999999996
            ],
            [
              0.4176417557321815,
              -0.23659113227029627
            ],
            [
              0.41956336398084426,
              -0.2331664289838432
            ],
            [
              0.4214568899451181,
              -0.22972611936344678
            ],
            [
              0.4233222068872104,
              -0.22627043367647884
            ],
            [
              0.42515918995741947,
              -0.2227996032194647
            ],
            [
              0.4269677162024909,
              -0.2193138603026019
            ],
            [
              0.42874766457384733,
              -0.21581343823421112
            ],
            [
              0.4304989159356904,
              -0.2122985713051206
            ],
            [
              0.4322213530729745,
              -0.20876949477298418
            ],
            [
              0.4339148606992528,
              -0.20522644484653538
            ],
            [
              0.43557932546439293,
              -0.20166965866977712
            ],
            [
              0.43721463596216437,
              -0.19809937430610944
            ],
            [
              0.4388206827376947,
              -0.1945158307223951
            ],
            [
              0.4403973582947958,
              -0.19091926777296528
            ],
            [
              0.4419445571031589,
              -0.18730992618356543
            ],
            [
              0.4434621756054176,
              -0.1836880475352431
            ],
            [
              0.44495011222407976,
              -0.18005387424817823
            ],
            [
              0.44640826736832584,
              -0.17640764956545768
            ],
            [
              0.4470399217296809,
              -0.17478988677462567
            ],
            [
              0.6034116271168807,
              -0.28759059693470285
            ]
          ]
        ]
      }
    },
    {
      "type": "Feature",
      "properties": {
        "cell_id": "SYN_elongated_r004_c017",
        "method": "GeoAnnulus-Final",
        "view": "annulus"
      },
      "geometry": {
        "type": "Polygon",
        "coordinates": [
          [
            [
              0.5134584120456578,
              -0.12175080948104092
            ],
            [
              0.5332628574179873,
              -0.11711312985914378
            ],
            [
              0.6421724304387915,
              -0.2503578190134498
            ],
            [
              0.6201812438214189,
              -0.2790654641607062
            ],
            [
              0.6034116271168808,
              -0.28759059693470274
            ],
            [
              0.447039921729681,
              -0.17478988677462545
            ],
            [
              0.4478365434406747,
              -0.1727496175367943
            ],
            [
              0.44923484484351633,
              -0.16908002300219208
            ],
            [
              0.45060307798551036,
              -0.1653991115755586
            ],
            [
              0.45194115128784995,
              -0.1617071296282656
            ],
            [
              0.4532489751903919,
              -0.15800432427265865
            ],
            [
              0.4545264621576507,
              -0.15429094334551752
            ],
            [
              0.45490694486292726,
              -0.15315483014100104
            ],
            [
              0.5134584120456578,
              -0.12175080948104092
            ]
          ]
        ]
      }
    },
    {
      "type": "Feature",
      "properties": {
        "cell_id": "SYN_elongated_r004_c018",
        "method": "GeoAnnulus-Final",
        "view": "annulus"
      },
      "geometry": {
        "type": "Polygon",
        "coordinates": [
          [
            [
              0.5332628574179874,
              -0.11711312985914374
            ],
            [
              0.5506218234606901,
              -0.10790525439802412
            ],
            [
              0.5872628767097495,
              -0.09673117818703056
            ],
            [
              0.6586253048113662,
              -0.16675097658196525
            ],
            [
              0.6834724173292898,
              -0.21233556257763733
            ],
            [
              0.6613370950346588,
              -0.23851208984383926
            ],
            [
              0.6421724304387917,
              -0.25035781901344967
            ],
            [
              0.5332628574179874,
              -0.11711312985914374
            ]
          ]
        ]
      }
    },
    {
      "type": "Feature",
      "properties": {
        "cell_id": "SYN_elongated_r004_c019",
        "method": "GeoAnnulus-Final",
        "view": "annulus"
      },
      "geometry": {
        "type": "Polygon",
        "coordinates": [
          [
            [
              0.5872628767097492,
              -0.09673117818703059
            ],
            [
              0.5927759383196048,
              -0.09305486357989062
            ],
            [
              0.6236638457202798,
              -0.07471544929466305
            ],
            [
              0.6652341842779588,
              -0.06248154093884968
            ],
            [
              0.6940321928083515,
              -0.06564422111769223
            ],
            [
              0.6942308646495154,
              -0.06929499820197758
            ],
            [
              0.6586253048113666,
              -0.1667509765819659
            ],
            [
              0.5872628767097492,
              -0.09673117818703059
            ]
          ]
        ]
      }
    },
    {
      "type": "Feature",
      "properties": {
        "cell_id": "SYN_elongated_r004_c020",
        "method": "GeoAnnulus-Final",
        "view": "annulus"
      },
      "geometry": {
        "type": "Polygon",
        "coordinates": [
          [
            [
              0.6834724173292901,
              -0.21233556257763692
            ],
            [
              0.6586253048113672,
              -0.16675097658196597
            ],
            [
              0.6942308646495153,
              -0.06929499820197978
            ],
            [
              0.726102781815095,
              -0.17833445435711298
            ],
            [
              0.7029350662665539,
              -0.20434594784233984
            ],
            [
              0.6834724173292901,
              -0.21233556257763692
            ]
          ]
        ]
      }
    },
    {
      "type": "Feature",
      "properties": {
        "cell_id": "SYN_elongated_r004_c021",
        "method": "GeoAnnulus-Final",
        "view": "annulus"
      },
      "geometry": {
        "type": "Polygon",
        "coordinates": [
          [
            [
              0.6940321928083514,
              -0.06564422111769234
            ],
            [
              0.7034448721397609,
              -0.06287702454998441
            ],
            [
              0.7122447371022629,
              -0.06271810961138681
            ],
            [
              0.7739520658337106,
              -0.1512395711486913
            ],
            [
              0.7261027818150961,
              -0.17833445435711223
            ],
            [
              0.6942308646495152,
              -0.06929499820197464
            ],
            [
              0.6940321928083514,
              -0.06564422111769234
            ]
          ]
        ]
      }
    },
    {
      "type": "Feature",
      "properties": {
        "cell_id": "SYN_elongated_r004_c022",
        "method": "GeoAnnulus-Final",
        "view": "annulus"
      },
      "geometry": {
        "type": "Polygon",
        "coordinates": [
          [
            [
              0.7122447371022637,
              -0.06271810961138663
            ],
            [
              0.7403844544996477,
              -0.05320828755094556
            ],
            [
              0.7587034623042237,
              -0.05303960786846206
            ],
            [
              0.7994527963348991,
              -0.1413501507308773
            ],
            [
              0.7809916913297582,
              -0.1504334523632196
            ],
            [
              0.7739520658337113,
              -0.1512395711486911
            ],
            [
              0.7122447371022637,
              -0.06271810961138663
            ]
          ]
        ]
      }
    },
    {
      "type": "Feature",
      "properties": {
        "cell_id": "SYN_elongated_r004_c023",
        "method": "GeoAnnulus-Final",
        "view": "annulus"
      },
      "geometry": {
        "type": "Polygon",
        "coordinates": [
          [
            [
              0.7587034623042244,
              -0.05303960786846198
            ],
            [
              0.7770148885863426,
              -0.04520563042944531
            ],
            [
              0.8081343989337215,
              -0.044492774861850194
            ],
            [
              0.8221048563180716,
              -0.13614770359311532
            ],
            [
              0.8097088030636607,
              -0.1404078879713921
            ],
            [
              0.7994527963348996,
              -0.1413501507308771
            ],
            [
              0.7587034623042244,
              -0.05303960786846198
            ]
          ]
        ]
      }
    },
    {
      "type": "Feature",
      "properties": {
        "cell_id": "SYN_elongated_r004_c024",
        "method": "GeoAnnulus-Final",
        "view": "annulus"
      },
      "geometry": {
        "type": "Polygon",
        "coordinates": [
          [
            [
              0.8081343989337216,
              -0.04449277486185004
            ],
            [
              0.8137546465622859,
              -0.042010050628698545
            ],
            [
              0.8502831075871732,
              -0.04162537049490462
            ],
            [
              0.8580643285128264,
              -0.04490286260176522
            ],
            [
              0.8430252801137493,
              -0.13143321531580718
            ],
            [
              0.8313888984607676,
              -0.13594527020940028
            ],
            [
              0.8221048563180717,
              -0.13614770359311545
            ],
            [
              0.8081343989337216,
              -0.04449277486185004
            ]
          ]
        ]
      }
    },
    {
      "type": "Feature",
      "properties": {
        "cell_id": "SYN_elongated_r004_c025",
        "method": "GeoAnnulus-Final",
        "view": "annulus"
      },
      "geometry": {
        "type": "Polygon",
        "coordinates": [
          [
            [
              0.8430252801137484,
              -0.1314332153158074
            ],
            [
              0.8580643285128257,
              -0.044902862601764924
            ],
            [
              0.873298043967911,
              -0.04437345926744743
            ],
            [
              0.9001737513192685,
              -0.11596927076241564
            ],
            [
              0.8612209611619998,
              -0.13143988856026376
            ],
            [
              0.8430252801137484,
              -0.1314332153158074
            ]
          ]
        ]
      }
    },
    {
      "type": "Feature",
      "properties": {
        "cell_id": "SYN_elongated_r004_c026",
        "method": "GeoAnnulus-Final",
        "view": "annulus"
      },
      "geometry": {
        "type": "Polygon",
        "coordinates": [
          [
            [
              0.9001737513192677,
              -0.1159692707624155
            ],
            [
              0.8732980439679106,
              -0.044373459267447755
            ],
            [
              0.8842772740615927,
              -0.038598662781974616
            ],
            [
              0.9224538436130704,
              -0.0365830096450831
            ],
            [
              0.9227604305253972,
              -0.03671976192415456
            ],
            [
              0.9250461071337395,
              -0.10683688370192594
            ],
            [
              0.9020534838024958,
              -0.11615244403460451
            ],
            [
              0.9001737513192677,
              -0.1159692707624155
            ]
          ]
        ]
      }
    },
    {
      "type": "Feature",
      "properties": {
        "cell_id": "SYN_elongated_r004_c027",
        "method": "GeoAnnulus-Final",
        "view": "annulus"
      },
      "geometry": {
        "type": "Polygon",
        "coordinates": [
          [
            [
              0.9250461071337395,
              -0.10683688370192604
            ],
            [
              0.9227604305253972,
              -0.03671976192415439
            ],
            [
              0.9617990066502778,
              -0.03558153997965824
            ],
            [
              0.963948197708937,
              -0.03678936694682522
            ],
            [
              0.9591455749948024,
              -0.10888730339167425
            ],
            [
              0.9559934160943037,
              -0.11023110784583998
            ],
            [
              0.9250461071337395,
              -0.10683688370192604
            ]
          ]
        ]
      }
    },
    {
      "type": "Feature",
      "properties": {
        "cell_id": "SYN_elongated_r004_c028",
        "method": "GeoAnnulus-Final",
        "view": "annulus"
      },
      "geometry": {
        "type": "Polygon",
        "coordinates": [
          [
            [
              0.9591455749948024,
              -0.1088873033916743
            ],
            [
              0.963948197708937,
              -0.03678936694682509
            ],
            [
              0.9992819910061334,
              -0.037676608151536554
            ],
            [
              0.9991634599276488,
              -0.04089474716158344
            ],
            [
              0.9987954562051724,
              -0.049067674327418015
            ],
            [
              0.9983606009402225,
              -0.057237317287568625
            ],
            [
              0.9978589232386035,
              -0.06540312923014306
            ],
            [
              0.9972904566786902,
              -0.07356456359966743
            ],
            [
              0.9966552393091803,
              -0.0817210741336682
            ],
            [
              0.9959533136465477,
              -0.08987211489923497
            ],
            [
              0.9951847266721969,
              -0.0980171403295606
            ],
            [
              0.9943495298293181,
              -0.10615560526045748
            ],
            [
              0.9936169323476675,
              -0.1127616582609865
            ],
            [
              0.9591455749948024,
              -0.1088873033916743
            ]
          ]
        ]
      }
    },
    {
      "type": "Feature",
      "properties": {
        "cell_id": "SYN_elongated_r005_c000",
        "method": "GeoAnnulus-Final",
        "view": "annulus"
      },
      "geometry": {
        "type": "Polygon",
        "coordinates": [
          [
            [
              -0.9591455749948016,
              -0.10888730339167393
            ],
            [
              -0.9559934160943032,
              -0.11023110784583953
            ],
            [
              -0.9495831795669042,
              -0.17404647945774
            ],
            [
              -0.9836065536303035,
              -0.18030295727224535
            ],
            [
              -0.9838460059270774,
              -0.1790168612766329
            ],
            [
              -0.9852776423889412,
              -0.17096188876030163
            ],
            [
              -0.986643332084879,
              -0.1628954733945889
            ],
            [
              -0.9879429836063223,
              -0.15481815508214136
            ],
            [
              -0.9891765099647809,
              -0.14673047445536225
            ],
            [
              -0.9903438285976648,
              -0.1386329728402269
            ],
            [
              -0.9914448613738104,
              -0.130526192220052
            ],
            [
              -0.99247953459871,
              -0.12241067519921635
            ],
            [
              -0.9934477790194444,
              -0.11428696496684672
            ],
            [
              -0.9936169323476676,
              -0.11276165826098625
            ],
            [
              -0.9591455749948016,
              -0.10888730339167393
            ]
          ]
        ]
      }
    },
    {
      "type": "Feature",
      "properties": {
        "cell_id": "SYN_elongated_r005_c001",
        "method": "GeoAnnulus-Final",
        "view": "annulus"
      },
      "geometry": {
        "type": "Polygon",
        "coordinates": [
          [
            [
              -0.9559934160943034,
              -0.11023110784583913
            ],
            [
              -0.9250461071337405,
              -0.10683688370192533
            ],
            [
              -0.9020534838024961,
              -0.11615244403460426
            ],
            [
              -0.9292908606805488,
              -0.1793774190956088
            ],
            [
              -0.93822570375104,
              -0.17884897661142576
            ],
            [
              -0.9495831795669044,
              -0.17404647945774032
            ],
            [
              -0.9559934160943034,
              -0.11023110784583913
            ]
          ]
        ]
      }
    },
    {
      "type": "Feature",
      "properties": {
        "cell_id": "SYN_elongated_r005_c002",
        "method": "GeoAnnulus-Final",
        "view": "annulus"
      },
      "geometry": {
        "type": "Polygon",
        "coordinates": [
          [
            [
              -0.9020534838024964,
              -0.11615244403460458
            ],
            [
              -0.9001737513192676,
              -0.1159692707624155
            ],
            [
              -0.8612209611619996,
              -0.13143988856026326
            ],
            [
              -0.9018646076456774,
              -0.18965680021572914
            ],
            [
              -0.9095887087740667,
              -0.19265050684631693
            ],
            [
              -0.9114570944984458,
              -0.1924230819804821
            ],
            [
              -0.9292908606805489,
              -0.17937741909560848
            ],
            [
              -0.9020534838024964,
              -0.11615244403460458
            ]
          ]
        ]
      }
    },
    {
      "type": "Feature",
      "properties": {
        "cell_id": "SYN_elongated_r005_c003",
        "method": "GeoAnnulus-Final",
        "view": "annulus"
      },
      "geometry": {
        "type": "Polygon",
        "coordinates": [
          [
            [
              -0.861220961161999,
              -0.13143988856026326
            ],
            [
              -0.8430252801137489,
              -0.13143321531580687
            ],
            [
              -0.8313888945207792,
              -0.1359452717371465
            ],
            [
              -0.8569189288588606,
              -0.19583842646027325
            ],
            [
              -0.9018646076456769,
              -0.18965680021572937
            ],
            [
              -0.861220961161999,
              -0.13143988856026326
            ]
          ]
        ]
      }
    },
    {
      "type": "Feature",
      "properties": {
        "cell_id": "SYN_elongated_r005_c004",
        "method": "GeoAnnulus-Final",
        "view": "annulus"
      },
      "geometry": {
        "type": "Polygon",
        "coordinates": [
          [
            [
              -0.8313888945207787,
              -0.13594527173714668
            ],
            [
              -0.8221048982807047,
              -0.1361477041199807
            ],
            [
              -0.8097079152748942,
              -0.14040820802837775
            ],
            [
              -0.8265087432631745,
              -0.23298684927695112
            ],
            [
              -0.8412825137347048,
              -0.22213093122706135
            ],
            [
              -0.8569189288588599,
              -0.19583842646027333
            ],
            [
              -0.8313888945207787,
              -0.13594527173714668
            ]
          ]
        ]
      }
    },
    {
      "type": "Feature",
      "properties": {
        "cell_id": "SYN_elongated_r005_c005",
        "method": "GeoAnnulus-Final",
        "view": "annulus"
      },
      "geometry": {
        "type": "Polygon",
        "coordinates": [
          [
            [
              -0.8097079152748924,
              -0.14040820802837814
            ],
            [
              -0.7994520842047758,
              -0.14135045464935977
            ],
            [
              -0.7809887981408724,
              -0.1504348294143565
            ],
            [
              -0.7932922109224962,
              -0.21444191497719367
            ],
            [
              -0.8138216891080232,
              -0.25038003921313395
            ],
            [
              -0.8156171895002629,
              -0.2491693153845579
            ],
            [
              -0.8265087432631729,
              -0.2329868492769529
            ],
            [
              -0.8097079152748924,
              -0.14040820802837814
            ]
          ]
        ]
      }
    },
    {
      "type": "Feature",
      "properties": {
        "cell_id": "SYN_elongated_r005_c006",
        "method": "GeoAnnulus-Final",
        "view": "annulus"
      },
      "geometry": {
        "type": "Polygon",
        "coordinates": [
          [
            [
              -0.7809887981408722,
              -0.15043482941435649
            ],
            [
              -0.7739599184355392,
              -0.15123971768213013
            ],
            [
              -0.7261872933947146,
              -0.17829119238209168
            ],
            [
              -0.7029168205985826,
              -0.2044139572645278
            ],
            [
              -0.7048742246262241,
              -0.2056513159784758
            ],
            [
              -0.7932922109224962,
              -0.21444191497719484
            ],
            [
              -0.7809887981408722,
              -0.15043482941435649
            ]
          ]
        ]
      }
    },
    {
      "type": "Feature",
      "properties": {
        "cell_id": "SYN_elongated_r005_c007",
        "method": "GeoAnnulus-Final",
        "view": "annulus"
      },
      "geometry": {
        "type": "Polygon",
        "coordinates": [
          [
            [
              -0.8138216891080229,
              -0.25038003921313434
            ],
            [
              -0.7932922109224955,
              -0.2144419149771933
            ],
            [
              -0.7048742246262218,
              -0.20565131597847414
            ],
            [
              -0.7933937749154657,
              -0.28168315241547676
            ],
            [
              -0.7972906115484694,
              -0.27819661921167466
            ],
            [
              -0.8138216891080229,
              -0.25038003921313434
            ]
          ]
        ]
      }
    },
    {
      "type": "Feature",
      "properties": {
        "cell_id": "SYN_elongated_r005_c008",
        "method": "GeoAnnulus-Final",
        "view": "annulus"
      },
      "geometry": {
        "type": "Polygon",
        "coordinates": [
          [
            [
              -0.7933937749154657,
              -0.2816831524154768
            ],
            [
              -0.7048742246262223,
              -0.20565131597847464
            ],
            [
              -0.7029168205985827,
              -0.20441395726452782
            ],
            [
              -0.6824332989592933,
              -0.21281937447233631
            ],
            [
              -0.6606674133729428,
              -0.23808082419503487
            ],
            [
              -0.7711808557597116,
              -0.31157674660262813
            ],
            [
              -0.788077142858006,
              -0.2927209658181775
            ],
            [
              -0.7933937749154657,
              -0.2816831524154768
            ]
          ]
        ]
      }
    },
    {
      "type": "Feature",
      "properties": {
        "cell_id": "SYN_elongated_r005_c009",
        "method": "GeoAnnulus-Final",
        "view": "annulus"
      },
      "geometry": {
        "type": "Polygon",
        "coordinates": [
          [
            [
              -0.7711808557597118,
              -0.31157674660262813
            ],
            [
              -0.6606674133729428,
              -0.23808082419503468
            ],
            [
              -0.6426780319089498,
              -0.24904882607154116
            ],
            [
              -0.6198041252017241,
              -0.27879199533016874
            ],
            [
              -0.7405306220291483,
              -0.3628368496067984
            ],
            [
              -0.760691032834943,
              -0.341950466279768
            ],
            [
              -0.7711808557597118,
              -0.31157674660262813
            ]
          ]
        ]
      }
    },
    {
      "type": "Feature",
      "properties": {
        "cell_id": "SYN_elongated_r005_c010",
        "method": "GeoAnnulus-Final",
        "view": "annulus"
      },
      "geometry": {
        "type": "Polygon",
        "coordinates": [
          [
            [
              -0.7405306220291487,
              -0.3628368496067979
            ],
            [
              -0.6198041252017246,
              -0.2787919953301685
            ],
            [
              -0.6036204320648663,
              -0.2870256776716651
            ],
            [
              -0.5703889964442613,
              -0.3463374975879827
            ],
            [
              -0.6992921685882592,
              -0.43305871441572036
            ],
            [
              -0.7347519915725382,
              -0.3915302294074003
            ],
            [
              -0.7405306220291487,
              -0.3628368496067979
            ]
          ]
        ]
      }
    },
    {
      "type": "Feature",
      "properties": {
        "cell_id": "SYN_elongated_r005_c011",
        "method": "GeoAnnulus-Final",
        "view": "annulus"
      },
      "geometry": {
        "type": "Polygon",
        "coordinates": [
          [
            [
              -0.6992921685882592,
              -0.43305871441572014
            ],
            [
              -0.5703889964442616,
              -0.34633749758798266
            ],
            [
              -0.501981430110682,
              -0.38460784531395303
            ],
            [
              -0.4984489750690099,
              -0.4154130082042633
            ],
            [
              -0.6260018424640704,
              -0.5357616652314064
            ],
            [
              -0.6973044609078495,
              -0.455430816763872
            ],
            [
              -0.6992921685882592,
              -0.43305871441572014
            ]
          ]
        ]
      }
    },
    {
      "type": "Feature",
      "properties": {
        "cell_id": "SYN_elongated_r005_c012",
        "method": "GeoAnnulus-Final",
        "view": "annulus"
      },
      "geometry": {
        "type": "Polygon",
        "coordinates": [
          [
            [
              -0.6260018424640704,
              -0.5357616652314064
            ],
            [
              -0.49844897506901004,
              -0.4154130082042633
            ],
            [
              -0.36200989538826656,
              -0.5475223017082754
            ],
            [
              -0.4419657280243083,
              -0.6344528561872445
            ],
            [
              -0.512328377132276,
              -0.6432349052742734
            ],
            [
              -0.6258394171825896,
              -0.5400125983098505
            ],
            [
              -0.6260018424640704,
              -0.5357616652314064
            ]
          ]
        ]
      }
    },
    {
      "type": "Feature",
      "properties": {
        "cell_id": "SYN_elongated_r005_c013",
        "method": "GeoAnnulus-Final",
        "view": "annulus"
      },
      "geometry": {
        "type": "Polygon",
        "coordinates": [
          [
            [
              -0.4419657280243082,
              -0.6344528561872446
            ],
            [
              -0.36200989538826656,
              -0.5475223017082755
            ],
            [
              -0.1925125165456631,
              -0.4882738605321227
            ],
            [
              -0.15399095128636575,
              -0.63211459048876
            ],
            [
              -0.176567328434168,
              -0.7277771788289471
            ],
            [
              -0.37434388307334643,
              -0.7825392602831966
            ],
            [
              -0.4419657280243082,
              -0.6344528561872446
            ]
          ]
        ]
      }
    },
    {
      "type": "Feature",
      "properties": {
        "cell_id": "SYN_elongated_r005_c014",
        "method": "GeoAnnulus-Final",
        "view": "annulus"
      },
      "geometry": {
        "type": "Polygon",
        "coordinates": [
          [
            [
              -0.13907837738457024,
              -0.8345926846695901
            ],
            [
              -0.17656732843416809,
              -0.7277771788289475
            ],
            [
              -0.15399095128636564,
              -0.6321145904887595
            ],
            [
              0.16234410119016363,
              -0.6785647415846933
            ],
            [
              0.17488263980808155,
              -0.7317177649418113
            ],
            [
              0.13877671305565142,
              -0.8345926846695904
            ],
            [
              -0.13907837738457024,
              -0.8345926846695901
            ]
          ]
        ]
      }
    },
    {
      "type": "Feature",
      "properties": {
        "cell_id": "SYN_elongated_r005_c015",
        "method": "GeoAnnulus-Final",
        "view": "annulus"
      },
      "geometry": {
        "type": "Polygon",
        "coordinates": [
          [
            [
              0.17488263980808147,
              -0.7317177649418113
            ],
            [
              0.16234410119016357,
              -0.6785647415846934
            ],
            [
              0.21955305569026246,
              -0.4955146700814988
            ],
            [
              0.3651409008464622,
              -0.5463789397036822
            ],
            [
              0.446642571688439,
              -0.6349587515289101
            ],
            [
              0.37689604614699684,
              -0.787709114570656
            ],
            [
              0.17488263980808147,
              -0.7317177649418113
            ]
          ]
        ]
      }
    },
    {
      "type": "Feature",
      "properties": {
        "cell_id": "SYN_elongated_r005_c016",
        "method": "GeoAnnulus-Final",
        "view": "annulus"
      },
      "geometry": {
        "type": "Polygon",
        "coordinates": [
          [
            [
              0.446642571688439,
              -0.6349587515289102
            ],
            [
              0.3651409008464621,
              -0.5463789397036823
            ],
            [
              0.4997393204548169,
              -0.41605189438188644
            ],
            [
              0.6263121227278582,
              -0.5354758405527162
            ],
            [
              0.626131964986768,
              -0.5401908608620913
            ],
            [
              0.5128332464110467,
              -0.643220091343242
            ],
            [
              0.446642571688439,
              -0.6349587515289102
            ]
          ]
        ]
      }
    },
    {
      "type": "Feature",
      "properties": {
        "cell_id": "SYN_elongated_r005_c017",
        "method": "GeoAnnulus-Final",
        "view": "annulus"
      },
      "geometry": {
        "type": "Polygon",
        "coordinates": [
          [
            [
              0.6263121227278581,
              -0.535475840552716
            ],
            [
              0.4997393204548169,
              -0.4160518943818866
            ],
            [
              0.5034282468884198,
              -0.38388220550066066
            ],
            [
              0.5704577190841892,
              -0.34638282719634683
            ],
            [
              0.6993356513720818,
              -0.43301873483260894
            ],
            [
              0.6973425398027095,
              -0.4554516591809658
            ],
            [
              0.6263121227278581,
              -0.535475840552716
            ]
          ]
        ]
      }
    },
    {
      "type": "Feature",
      "properties": {
        "cell_id": "SYN_elongated_r005_c018",
        "method": "GeoAnnulus-Final",
        "view": "annulus"
      },
      "geometry": {
        "type": "Polygon",
        "coordinates": [
          [
            [
              0.5704577190841891,
              -0.34638282719634694
            ],
            [
              0.6034116271168808,
              -0.2875905969347028
            ],
            [
              0.6201812438214191,
              -0.2790654641607062
            ],
            [
              0.7405013139969683,
              -0.3629309870071467
            ],
            [
              0.7347452614653028,
              -0.39152846618979864
            ],
            [
              0.6993356513720816,
              -0.43301873483260905
            ],
            [
              0.5704577190841891,
              -0.34638282719634694
            ]
          ]
        ]
      }
    },
    {
      "type": "Feature",
      "properties": {
        "cell_id": "SYN_elongated_r005_c019",
        "method": "GeoAnnulus-Final",
        "view": "annulus"
      },
      "geometry": {
        "type": "Polygon",
        "coordinates": [
          [
            [
              0.6201812438214193,
              -0.27906546416070616
            ],
            [
              0.6421724304387916,
              -0.25035781901344983
            ],
            [
              0.6613370950346587,
              -0.23851208984383943
            ],
            [
              0.7712311049962671,
              -0.31157233577933086
            ],
            [
              0.7607331523617694,
              -0.34197141224228345
            ],
            [
              0.7405013139969682,
              -0.36293098700714665
            ],
            [
              0.6201812438214193,
              -0.27906546416070616
            ]
          ]
        ]
      }
    },
    {
      "type": "Feature",
      "properties": {
        "cell_id": "SYN_elongated_r005_c020",
        "method": "GeoAnnulus-Final",
        "view": "annulus"
      },
      "geometry": {
        "type": "Polygon",
        "coordinates": [
          [
            [
              0.6613370950346582,
              -0.23851208984383945
            ],
            [
              0.6834724173292894,
              -0.21233556257763725
            ],
            [
              0.7029350662665543,
              -0.20434594784233967
            ],
            [
              0.7049510716668246,
              -0.2056201598290911
            ],
            [
              0.7934597711926339,
              -0.28163170076283905
            ],
            [
              0.7881097470779534,
              -0.2927378706057853
            ],
            [
              0.7712311049962671,
              -0.31157233577933124
            ],
            [
              0.6613370950346582,
              -0.23851208984383945
            ]
          ]
        ]
      }
    },
    {
      "type": "Feature",
      "properties": {
        "cell_id": "SYN_elongated_r005_c021",
        "method": "GeoAnnulus-Final",
        "view": "annulus"
      },
      "geometry": {
        "type": "Polygon",
        "coordinates": [
          [
            [
              0.7934597711926332,
              -0.2816317007628395
            ],
            [
              0.7049510716668234,
              -0.20562015982909085
            ],
            [
              0.7932878276223331,
              -0.21440268283126263
            ],
            [
              0.8138347712763943,
              -0.2503713814525995
            ],
            [
              0.7972979209283395,
              -0.2781976752300858
            ],
            [
              0.7934597711926332,
              -0.2816317007628395
            ]
          ]
        ]
      }
    },
    {
      "type": "Feature",
      "properties": {
        "cell_id": "SYN_elongated_r005_c022",
        "method": "GeoAnnulus-Final",
        "view": "annulus"
      },
      "geometry": {
        "type": "Polygon",
        "coordinates": [
          [
            [
              0.7029350662665537,
              -0.2043459478423402
            ],
            [
              0.7261027818150956,
              -0.17833445435711257
            ],
            [
              0.773952065833711,
              -0.15123957114869108
            ],
            [
              0.7809916913297585,
              -0.15043345236321948
            ],
            [
              0.7932878276223339,
              -0.21440268283126385
            ],
            [
              0.7049510716668248,
              -0.20562015982909215
            ],
            [
              0.7029350662665537,
              -0.2043459478423402
            ]
          ]
        ]
      }
    },
    {
      "type": "Feature",
      "properties": {
        "cell_id": "SYN_elongated_r005_c023",
        "method": "GeoAnnulus-Final",
        "view": "annulus"
      },
      "geometry": {
        "type": "Polygon",
        "coordinates": [
          [
            [
              0.7809916913297589,
              -0.15043345236321956
            ],
            [
              0.7994527963348992,
              -0.14135015073087748
            ],
            [
              0.8097088030636598,
              -0.14040788797139253
            ],
            [
              0.8265095773845187,
              -0.2329862334930643
            ],
            [
              0.8156177562015806,
              -0.24916909692832662
            ],
            [
              0.8138347712763947,
              -0.2503713814525988
            ],
            [
              0.7932878276223339,
              -0.21440268283126257
            ],
            [
              0.7809916913297589,
              -0.15043345236321956
            ]
          ]
        ]
      }
    },
    {
      "type": "Feature",
      "properties": {
        "cell_id": "SYN_elongated_r005_c024",
        "method": "GeoAnnulus-Final",
        "view": "annulus"
      },
      "geometry": {
        "type": "Polygon",
        "coordinates": [
          [
            [
              0.8097088030636612,
              -0.14040788797139214
            ],
            [
              0.822104856318072,
              -0.1361477035931155
            ],
            [
              0.831388898460767,
              -0.13594527020940034
            ],
            [
              0.8569189331958084,
              -0.19583842586378852
            ],
            [
              0.8412825238321112,
              -0.22213092094441397
            ],
            [
              0.8265095773845199,
              -0.23298623349306294
            ],
            [
              0.8097088030636612,
              -0.14040788797139214
            ]
          ]
        ]
      }
    },
    {
      "type": "Feature",
      "properties": {
        "cell_id": "SYN_elongated_r005_c025",
        "method": "GeoAnnulus-Final",
        "view": "annulus"
      },
      "geometry": {
        "type": "Polygon",
        "coordinates": [
          [
            [
              0.8569189331958087,
              -0.19583842586378858
            ],
            [
              0.8313888984607672,
              -0.1359452702094001
            ],
            [
              0.8430252801137489,
              -0.13143321531580704
            ],
            [
              0.861220961162,
              -0.13143988856026337
            ],
            [
              0.9018646076456777,
              -0.18965680021572903
            ],
            [
              0.8569189331958087,
              -0.19583842586378858
            ]
          ]
        ]
      }
    },
    {
      "type": "Feature",
      "properties": {
        "cell_id": "SYN_elongated_r005_c026",
        "method": "GeoAnnulus-Final",
        "view": "annulus"
      },
      "geometry": {
        "type": "Polygon",
        "coordinates": [
          [
            [
              0.9018646076456768,
              -0.18965680021572884
            ],
            [
              0.8612209611619994,
              -0.13143988856026356
            ],
            [
              0.9001737513192678,
              -0.11596927076241553
            ],
            [
              0.9020534838024961,
              -0.11615244403460455
            ],
            [
              0.9292908606805486,
              -0.17937741909560853
            ],
            [
              0.9114570962427758,
              -0.19242308070447867
            ],
            [
              0.9095887066855658,
              -0.19265050603685582
            ],
            [
              0.9018646076456768,
              -0.18965680021572884
            ]
          ]
        ]
      }
    },
    {
      "type": "Feature",
      "properties": {
        "cell_id": "SYN_elongated_r005_c027",
        "method": "GeoAnnulus-Final",
        "view": "annulus"
      },
      "geometry": {
        "type": "Polygon",
        "coordinates": [
          [
            [
              0.9292908606805482,
              -0.17937741909560861
            ],
            [
              0.9020534838024956,
              -0.11615244403460462
            ],
            [
              0.92504610713374,
              -0.10683688370192579
            ],
            [
              0.9559934160943038,
              -0.1102311078458397
            ],
            [
              0.9495831795669047,
              -0.17404647945773954
            ],
            [
              0.9382257037510389,
              -0.17884897661142557
            ],
            [
              0.9292908606805482,
              -0.17937741909560861
            ]
          ]
        ]
      }
    },
    {
      "type": "Feature",
      "properties": {
        "cell_id": "SYN_elongated_r005_c028",
        "method": "GeoAnnulus-Final",
        "view": "annulus"
      },
      "geometry": {
        "type": "Polygon",
        "coordinates": [
          [
            [
              0.9495831795669045,
              -0.17404647945773943
            ],
            [
              0.9559934160943038,
              -0.11023110784583985
            ],
            [
              0.9591455749948018,
              -0.10888730339167438
            ],
            [
              0.9936169323476675,
              -0.11276165826098665
            ],
            [
              0.9934477790194444,
              -0.11428696496684639
            ],
            [
              0.99247953459871,
              -0.12241067519921618
            ],
            [
              0.9914448613738104,
              -0.13052619222005157
            ],
            [
              0.9903438285976649,
              -0.13863297284022666
            ],
            [
              0.989176509964781,
              -0.14673047445536175
            ],
            [
              0.9879429836063224,
              -0.15481815508214103
            ],
            [
              0.986643332084879,
              -0.1628954733945887
            ],
            [
              0.9852776423889412,
              -0.17096188876030122
            ],
            [
              0.9838460059270774,
              -0.17901686127663266
            ],
            [
              0.9836065536303035,
              -0.18030295727224477
            ],
            [
              0.9495831795669045,
              -0.17404647945773943
            ]
          ]
        ]
      }
    },
    {
      "type": "Feature",
      "properties": {
        "cell_id": "SYN_elongated_r006_c000",
        "method": "GeoAnnulus-Final",
        "view": "annulus"
      },
      "geometry": {
        "type": "Polygon",
        "coordinates": [
          [
            [
              -0.9495831795669037,
              -0.17404647945774013
            ],
            [
              -0.9382257037510396,
              -0.17884897661142543
            ],
            [
              -0.9593779409919944,
              -0.28211929804697766
            ],
            [
              -0.9615617976829619,
              -0.2745886181849327
            ],
            [
              -0.9637760657954397,
              -0.2667127574748989
            ],
            [
              -0.9659258262890682,
              -0.258819045102521
            ],
            [
              -0.9680109352757226,
              -0.25090800941106045
            ],
            [
              -0.970031253194544,
              -0.24298017990326407
            ],
            [
              -0.9719866448212794,
              -0.23503608720592703
            ],
            [
              -0.9738769792773335,
              -0.22707626303437373
            ],
            [
              -0.9757021300385285,
              -0.21910124015687005
            ],
            [
              -0.9774619749435718,
              -0.2111115523589656
            ],
            [
              -0.9791563962022337,
              -0.20310773440776303
            ],
            [
              -0.9807852804032304,
              -0.1950903220161286
            ],
            [
              -0.9823485185218156,
              -0.1870598518068325
            ],
            [
              -0.9836065536303034,
              -0.18030295727224557
            ],
            [
              -0.9495831795669037,
              -0.17404647945774013
            ]
          ]
        ]
      }
    },
    {
      "type": "Feature",
      "properties": {
        "cell_id": "SYN_elongated_r006_c001",
        "method": "GeoAnnulus-Final",
        "view": "annulus"
      },
      "geometry": {
        "type": "Polygon",
        "coordinates": [
          [
            [
              -0.9382257037510406,
              -0.17884897661142507
            ],
            [
              -0.9292908606805493,
              -0.17937741909560817
            ],
            [
              -0.9114570944984454,
              -0.19242308198048247
            ],
            [
              -0.950626243591127,
              -0.31031163401127787
            ],
            [
              -0.9520626777139243,
              -0.30590302009655357
            ],
            [
              -0.9545334512183884,
              -0.2981038250427401
            ],
            [
              -0.9569403357322087,
              -0.2902846772544628
            ],
            [
              -0.9592831701573936,
              -0.28244610008421267
            ],
            [
              -0.959377940991995,
              -0.2821192980469756
            ],
            [
              -0.9382257037510406,
              -0.17884897661142507
            ]
          ]
        ]
      }
    },
    {
      "type": "Feature",
      "properties": {
        "cell_id": "SYN_elongated_r006_c002",
        "method": "GeoAnnulus-Final",
        "view": "annulus"
      },
      "geometry": {
        "type": "Polygon",
        "coordinates": [
          [
            [
              -0.9114570944984455,
              -0.19242308198048272
            ],
            [
              -0.9095887087740672,
              -0.19265050684631746
            ],
            [
              -0.8979332659388147,
              -0.24330631259774393
            ],
            [
              -0.9127232834845861,
              -0.2854452114015521
            ],
            [
              -0.9463003014383159,
              -0.32327024053093556
            ],
            [
              -0.9469301294951056,
              -0.32143946530316175
            ],
            [
              -0.9495281805930366,
              -0.3136817403988918
            ],
            [
              -0.950626243591127,
              -0.3103116340112778
            ],
            [
              -0.9114570944984455,
              -0.19242308198048272
            ]
          ]
        ]
      }
    },
    {
      "type": "Feature",
      "properties": {
        "cell_id": "SYN_elongated_r006_c003",
        "method": "GeoAnnulus-Final",
        "view": "annulus"
      },
      "geometry": {
        "type": "Polygon",
        "coordinates": [
          [
            [
              -0.9095887087740662,
              -0.19265050684631724
            ],
            [
              -0.901864607645677,
              -0.18965680021572953
            ],
            [
              -0.8569189288588608,
              -0.19583842646027344
            ],
            [
              -0.841282513734706,
              -0.22213093122706115
            ],
            [
              -0.897933265938814,
              -0.243306312597743
            ],
            [
              -0.9095887087740662,
              -0.19265050684631724
            ]
          ]
        ]
      }
    },
    {
      "type": "Feature",
      "properties": {
        "cell_id": "SYN_elongated_r006_c004",
        "method": "GeoAnnulus-Final",
        "view": "annulus"
      },
      "geometry": {
        "type": "Polygon",
        "coordinates": [
          [
            [
              -0.8412825137347055,
              -0.22213093122706143
            ],
            [
              -0.8265087432631736,
              -0.23298684927695246
            ],
            [
              -0.8156171895002632,
              -0.249169315384558
            ],
            [
              -0.912723283484586,
              -0.285445211401552
            ],
            [
              -0.8979332659388145,
              -0.24330631259774366
            ],
            [
              -0.8412825137347055,
              -0.22213093122706143
            ]
          ]
        ]
      }
    },
    {
      "type": "Feature",
      "properties": {
        "cell_id": "SYN_elongated_r006_c005",
        "method": "GeoAnnulus-Final",
        "view": "annulus"
      },
      "geometry": {
        "type": "Polygon",
        "coordinates": [
          [
            [
              -0.9127232834845853,
              -0.28544521140155116
            ],
            [
              -0.8156171895002636,
              -0.24916931538455753
            ],
            [
              -0.8138216891080228,
              -0.25038003921313434
            ],
            [
              -0.7972906115484688,
              -0.2781966192116753
            ],
            [
              -0.9448769385403254,
              -0.32740765153649737
            ],
            [
              -0.9463003014383159,
              -0.3232702405309355
            ],
            [
              -0.9127232834845853,
              -0.28544521140155116
            ]
          ]
        ]
      }
    },
    {
      "type": "Feature",
      "properties": {
        "cell_id": "SYN_elongated_r006_c006",
        "method": "GeoAnnulus-Final",
        "view": "annulus"
      },
      "geometry": {
        "type": "Polygon",
        "coordinates": [
          [
            [
              -0.7972906115484693,
              -0.2781966192116747
            ],
            [
              -0.7933937749154658,
              -0.2816831524154766
            ],
            [
              -0.788077142858006,
              -0.29272096581817764
            ],
            [
              -0.9252951690880642,
              -0.3792258464928218
            ],
            [
              -0.9269794004668328,
              -0.37511223801703825
            ],
            [
              -0.930017223684012,
              -0.367515936594704
            ],
            [
              -0.9329927988347388,
              -0.35989503653498833
            ],
            [
              -0.9359059267573255,
              -0.3522500479212339
            ],
            [
              -0.9387564124698131,
              -0.34458148244908055
            ],
            [
              -0.9415440651830207,
              -0.33688985339222033
            ],
            [
              -0.9442686983133164,
              -0.32917567556803934
            ],
            [
              -0.9448769385403256,
              -0.32740765153649665
            ],
            [
              -0.7972906115484693,
              -0.2781966192116747
            ]
          ]
        ]
      }
    },
    {
      "type": "Feature",
      "properties": {
        "cell_id": "SYN_elongated_r006_c007",
        "method": "GeoAnnulus-Final",
        "view": "annulus"
      },
      "geometry": {
        "type": "Polygon",
        "coordinates": [
          [
            [
              -0.7880771428580059,
              -0.29272096581817797
            ],
            [
              -0.7711808557597116,
              -0.31157674660262835
            ],
            [
              -0.7606910328349431,
              -0.34195046627976783
            ],
            [
              -0.9132365698201275,
              -0.407412766344589
            ],
            [
              -0.9142097557035305,
              -0.4052413140049903
            ],
            [
              -0.9174944964474913,
              -0.39774847452701123
            ],
            [
              -0.9207178272982475,
              -0.3902290128824284
            ],
            [
              -0.9238795325112867,
              -0.3826834323650899
            ],
            [
              -0.9252951690880641,
              -0.37922584649282215
            ],
            [
              -0.7880771428580059,
              -0.29272096581817797
            ]
          ]
        ]
      }
    },
    {
      "type": "Feature",
      "properties": {
        "cell_id": "SYN_elongated_r006_c008",
        "method": "GeoAnnulus-Final",
        "view": "annulus"
      },
      "geometry": {
        "type": "Polygon",
        "coordinates": [
          [
            [
              -0.760691032834943,
              -0.3419504662797678
            ],
            [
              -0.7405306220291483,
              -0.3628368496067981
            ],
            [
              -0.734751991572538,
              -0.3915302294074005
            ],
            [
              -0.885457260982607,
              -0.46471575809892385
            ],
            [
              -0.8857483124112904,
              -0.4641658400405519
            ],
            [
              -0.889516075421856,
              -0.4569038756304208
            ],
            [
              -0.8932243011955152,
              -0.4496113296546069
            ],
            [
              -0.8968727415326881,
              -0.4422886902190017
            ],
            [
              -0.9004611522353635,
              -0.4349364474437173
            ],
            [
              -0.9039892931234431,
              -0.4275550934302824
            ],
            [
              -0.9074569280508186,
              -0.42014512222870254
            ],
            [
              -0.9108638249211757,
              -0.412707029804395
            ],
            [
              -0.9132365698201275,
              -0.40741276634458895
            ],
            [
              -0.760691032834943,
              -0.3419504662797678
            ]
          ]
        ]
      }
    },
    {
      "type": "Feature",
      "properties": {
        "cell_id": "SYN_elongated_r006_c009",
        "method": "GeoAnnulus-Final",
        "view": "annulus"
      },
      "geometry": {
        "type": "Polygon",
        "coordinates": [
          [
            [
              -0.7347519915725382,
              -0.3915302294074004
            ],
            [
              -0.6992921685882592,
              -0.4330587144157204
            ],
            [
              -0.6973044609078495,
              -0.4554308167638718
            ],
            [
              -0.8396946456200977,
              -0.5430501859457756
            ],
            [
              -0.8404484010944379,
              -0.541891580574752
            ],
            [
              -0.8448535652497069,
              -0.5349976198870976
            ],
            [
              -0.8492021815265788,
              -0.5280678506503681
            ],
            [
              -0.8534939588627503,
              -0.5211027366890236
            ],
            [
              -0.8577286100002718,
              -0.5141027441932221
            ],
            [
              -0.8619058515047742,
              -0.5070683416876173
            ],
            [
              -0.8660254037844385,
              -0.5000000000000003
            ],
            [
              -0.8700869911087113,
              -0.49289819222978415
            ],
            [
              -0.8740903416267587,
              -0.4857633937163403
            ],
            [
              -0.8780351873856626,
              -0.47859608200718123
            ],
            [
              -0.8819212643483549,
              -0.47139673682599786
            ],
            [
              -0.8854572609826071,
              -0.4647157580989237
            ],
            [
              -0.7347519915725382,
              -0.3915302294074004
            ]
          ]
        ]
      }
    },
    {
      "type": "Feature",
      "properties": {
        "cell_id": "SYN_elongated_r006_c010",
        "method": "GeoAnnulus-Final",
        "view": "annulus"
      },
      "geometry": {
        "type": "Polygon",
        "coordinates": [
          [
            [
              -0.6973044609078494,
              -0.4554308167638722
            ],
            [
              -0.6260018424640704,
              -0.5357616652314066
            ],
            [
              -0.6258394171825896,
              -0.5400125983098505
            ],
            [
              -0.7678732652090107,
              -0.6406010095212836
            ],
            [
              -0.7730104533627367,
              -0.6343932841636458
            ],
            [
              -0.7781746437525977,
              -0.6280479470713344
            ],
            [
              -0.7832867492286502,
              -0.6216605733700776
            ],
            [
              -0.7883464276266062,
              -0.6152315905806269
            ],
            [
              -0.793353340291235,
              -0.6087614290087209
            ],
            [
              -0.7983071520990312,
              -0.6022505217162823
            ],
            [
              -0.8032075314806448,
              -0.5956993044924335
            ],
            [
              -0.8080541504430729,
              -0.5891082158243285
            ],
            [
              -0.8128466845916151,
              -0.5824776968678022
            ],
            [
              -0.8175848131515836,
              -0.5758081914178454
            ],
            [
              -0.8222682189897749,
              -0.5691001458788986
            ],
            [
              -0.8268965886356962,
              -0.5623540092349733
            ],
            [
              -0.831469612302545,
              -0.5555702330196025
            ],
            [
              -0.8359869839079465,
              -0.5487492712856163
            ],
            [
              -0.8396946456200974,
              -0.5430501859457759
            ],
            [
              -0.6973044609078494,
              -0.4554308167638722
            ]
          ]
        ]
      }
    },
    {
      "type": "Feature",
      "properties": {
        "cell_id": "SYN_elongated_r006_c011",
        "method": "GeoAnnulus-Final",
        "view": "annulus"
      },
      "geometry": {
        "type": "Polygon",
        "coordinates": [
          [
            [
              -0.6258394171825896,
              -0.5400125983098508
            ],
            [
              -0.5123283771322763,
              -0.6432349052742734
            ],
            [
              -0.6441313961146551,
              -0.764904027074362
            ],
            [
              -0.6469561525348573,
              -0.7625272039063882
            ],
            [
              -0.6531728429537765,
              -0.7572088465064848
            ],
            [
              -0.6593458151000685,
              -0.7518398074789777
            ],
            [
              -0.6654746558033421,
              -0.7464204461852739
            ],
            [
              -0.6715589548470181,
              -0.7409511253549593
            ],
            [
              -0.6775983049957887,
              -0.7354322110615187
            ],
            [
              -0.6835923020228711,
              -0.7298640726978358
            ],
            [
              -0.6895405447370666,
              -0.7242470829514672
            ],
            [
              -0.6954426350096116,
              -0.7185816177796982
            ],
            [
              -0.701298177800824,
              -0.7128680563843801
            ],
            [
              -0.7071067811865475,
              -0.7071067811865476
            ],
            [
              -0.7128680563843797,
              -0.7012981778008245
            ],
            [
              -0.7185816177796978,
              -0.695442635009612
            ],
            [
              -0.7242470829514668,
              -0.689540544737067
            ],
            [
              -0.7298640726978354,
              -0.6835923020228716
            ],
            [
              -0.7354322110615186,
              -0.6775983049957888
            ],
            [
              -0.7409511253549589,
              -0.6715589548470186
            ],
            [
              -0.7464204461852735,
              -0.6654746558033425
            ],
            [
              -0.7518398074789773,
              -0.659345815100069
            ],
            [
              -0.7572088465064843,
              -0.6531728429537771
            ],
            [
              -0.7625272039063881,
              -0.6469561525348574
            ],
            [
              -0.7677945237095118,
              -0.640696159939861
            ],
            [
              -0.7678732652090106,
              -0.6406010095212838
            ],
            [
              -0.6258394171825896,
              -0.5400125983098508
            ]
          ]
        ]
      }
    },
    {
      "type": "Feature",
      "properties": {
        "cell_id": "SYN_elongated_r006_c012",
        "method": "GeoAnnulus-Final",
        "view": "annulus"
      },
      "geometry": {
        "type": "Polygon",
        "coordinates": [
          [
            [
              -0.5123283771322761,
              -0.6432349052742733
            ],
            [
              -0.4419657280243082,
              -0.6344528561872443
            ],
            [
              -0.37434388307334626,
              -0.7825392602831966
            ],
            [
              -0.4318746241228544,
              -0.9019246430841632
            ],
            [
              -0.43493644744371673,
              -0.9004611522353638
            ],
            [
              -0.44228869021900113,
              -0.8968727415326884
            ],
            [
              -0.4496113296546063,
              -0.8932243011955154
            ],
            [
              -0.4569038756304206,
              -0.8895160754218561
            ],
            [
              -0.46416584004055134,
              -0.8857483124112906
            ],
            [
              -0.4713967368259973,
              -0.8819212643483553
            ],
            [
              -0.4785960820071807,
              -0.8780351873856628
            ],
            [
              -0.4857633937163398,
              -0.874090341626759
            ],
            [
              -0.492898192229784,
              -0.8700869911087115
            ],
            [
              -0.49999999999999983,
              -0.8660254037844387
            ],
            [
              -0.5070683416876167,
              -0.8619058515047745
            ],
            [
              -0.5141027441932217,
              -0.8577286100002721
            ],
            [
              -0.5211027366890232,
              -0.8534939588627506
            ],
            [
              -0.528067850650368,
              -0.8492021815265789
            ],
            [
              -0.534997619887097,
              -0.8448535652497072
            ],
            [
              -0.5418915805747514,
              -0.8404484010944382
            ],
            [
              -0.5487492712856158,
              -0.8359869839079468
            ],
            [
              -0.555570233019602,
              -0.8314696123025453
            ],
            [
              -0.562354009234973,
              -0.8268965886356963
            ],
            [
              -0.569100145878898,
              -0.8222682189897752
            ],
            [
              -0.575808191417845,
              -0.8175848131515839
            ],
            [
              -0.582477696867802,
              -0.8128466845916152
            ],
            [
              -0.5891082158243279,
              -0.8080541504430734
            ],
            [
              -0.5956993044924334,
              -0.8032075314806449
            ],
            [
              -0.6022505217162818,
              -0.7983071520990316
            ],
            [
              -0.6087614290087203,
              -0.7933533402912354
            ],
            [
              -0.6152315905806268,
              -0.7883464276266063
            ],
            [
              -0.6216605733700772,
              -0.7832867492286506
            ],
            [
              -0.6280479470713338,
              -0.7781746437525981
            ],
            [
              -0.6343932841636454,
              -0.7730104533627371
            ],
            [
              -0.6406961599398605,
              -0.7677945237095122
            ],
            [
              -0.6441313961146551,
              -0.764904027074362
            ],
            [
              -0.5123283771322761,
              -0.6432349052742733
            ]
          ]
        ]
      }
    },
    {
      "type": "Feature",
      "properties": {
        "cell_id": "SYN_elongated_r006_c013",
        "method": "GeoAnnulus-Final",
        "view": "annulus"
      },
      "geometry": {
        "type": "Polygon",
        "coordinates": [
          [
            [
              -0.3743438830733462,
              -0.7825392602831968
            ],
            [
              -0.1765673284341682,
              -0.7277771788289473
            ],
            [
              -0.13907837738457018,
              -0.8345926846695906
            ],
            [
              -0.16316943608357692,
              -0.9865969486537688
            ],
            [
              -0.17096188876030102,
              -0.9852776423889413
            ],
            [
              -0.17901686127663252,
              -0.9838460059270775
            ],
            [
              -0.18705985180683188,
              -0.9823485185218157
            ],
            [
              -0.19509032201612797,
              -0.9807852804032305
            ],
            [
              -0.20310773440776264,
              -0.9791563962022337
            ],
            [
              -0.21111155235896498,
              -0.9774619749435719
            ],
            [
              -0.21910124015686966,
              -0.9757021300385286
            ],
            [
              -0.22707626303437312,
              -0.9738769792773336
            ],
            [
              -0.23503608720592642,
              -0.9719866448212795
            ],
            [
              -0.24298017990326365,
              -0.9700312531945441
            ],
            [
              -0.25090800941105984,
              -0.9680109352757228
            ],
            [
              -0.25881904510252063,
              -0.9659258262890683
            ],
            [
              -0.2667127574748983,
              -0.9637760657954398
            ],
            [
              -0.2745886181849321,
              -0.961561797682962
            ],
            [
              -0.2824461000842123,
              -0.9592831701573937
            ],
            [
              -0.29028467725446216,
              -0.9569403357322089
            ],
            [
              -0.2981038250427397,
              -0.9545334512183885
            ],
            [
              -0.3059030200965532,
              -0.9520626777139244
            ],
            [
              -0.31368174039889124,
              -0.9495281805930368
            ],
            [
              -0.32143946530316136,
              -0.9469301294951057
            ],
            [
              -0.32917567556803873,
              -0.9442686983133166
            ],
            [
              -0.33688985339221994,
              -0.9415440651830208
            ],
            [
              -0.34458148244908016,
              -0.9387564124698133
            ],
            [
              -0.35225004792123327,
              -0.9359059267573258
            ],
            [
              -0.35989503653498794,
              -0.932992798834739
            ],
            [
              -0.3675159365947034,
              -0.9300172236840122
            ],
            [
              -0.3751122380170379,
              -0.926979400466833
            ],
            [
              -0.3826834323650895,
              -0.9238795325112868
            ],
            [
              -0.3902290128824278,
              -0.9207178272982478
            ],
            [
              -0.39774847452701084,
              -0.9174944964474914
            ],
            [
              -0.40524131400498975,
              -0.9142097557035307
            ],
            [
              -0.4127070298043946,
              -0.9108638249211759
            ],
            [
              -0.4201451222287024,
              -0.9074569280508187
            ],
            [
              -0.42755509343028186,
              -0.9039892931234434
            ],
            [
              -0.43187462412285427,
              -0.9019246430841632
            ],
            [
              -0.3743438830733462,
              -0.7825392602831968
            ]
          ]
        ]
      }
    },
    {
      "type": "Feature",
      "properties": {
        "cell_id": "SYN_elongated_r006_c014",
        "method": "GeoAnnulus-Final",
        "view": "annulus"
      },
      "geometry": {
        "type": "Polygon",
        "coordinates": [
          [
            [
              -0.1390783773845702,
              -0.8345926846695904
            ],
            [
              0.13877671305565145,
              -0.8345926846695905
            ],
            [
              0.1628756290877529,
              -0.9866465250608858
            ],
            [
              0.15481815508214108,
              -0.9879429836063224
            ],
            [
              0.14673047445536197,
              -0.9891765099647809
            ],
            [
              0.13863297284022685,
              -0.9903438285976648
            ],
            [
              0.1305261922200517,
              -0.9914448613738104
            ],
            [
              0.12241067519921628,
              -0.99247953459871
            ],
            [
              0.11428696496684666,
              -0.9934477790194444
            ],
            [
              0.1061556052604577,
              -0.994349529829318
            ],
            [
              0.09801714032956077,
              -0.9951847266721968
            ],
            [
              0.08987211489923509,
              -0.9959533136465477
            ],
            [
              0.0817210741336683,
              -0.9966552393091803
            ],
            [
              0.07356456359966768,
              -0.9972904566786902
            ],
            [
              0.06540312923014327,
              -0.9978589232386035
            ],
            [
              0.057237317287568784,
              -0.9983606009402225
            ],
            [
              0.049067674327418126,
              -0.9987954562051724
            ],
            [
              0.04089474716158352,
              -0.9991634599276488
            ],
            [
              0.03271908282177639,
              -0.9994645874763657
            ],
            [
              0.024541228522912486,
              -0.9996988186962042
            ],
            [
              0.016361731626486936,
              -0.9998661379095618
            ],
            [
              0.008181139603937236,
              -0.9999665339174011
            ],
            [
              6.123233995736766e-17,
              -1.0
            ],
            [
              -0.008181139603936892,
              -0.9999665339174011
            ],
            [
              -0.01636173162648659,
              -0.9998661379095618
            ],
            [
              -0.024541228522912142,
              -0.9996988186962042
            ],
            [
              -0.03271908282177604,
              -0.9994645874763657
            ],
            [
              -0.04089474716158317,
              -0.9991634599276488
            ],
            [
              -0.049067674327417786,
              -0.9987954562051724
            ],
            [
              -0.057237317287568444,
              -0.9983606009402225
            ],
            [
              -0.06540312923014292,
              -0.9978589232386035
            ],
            [
              -0.07356456359966733,
              -0.9972904566786902
            ],
            [
              -0.08172107413366796,
              -0.9966552393091803
            ],
            [
              -0.08987211489923475,
              -0.9959533136465477
            ],
            [
              -0.09801714032956042,
              -0.9951847266721969
            ],
            [
              -0.10615560526045735,
              -0.9943495298293181
            ],
            [
              -0.11428696496684632,
              -0.9934477790194444
            ],
            [
              -0.12241067519921595,
              -0.9924795345987101
            ],
            [
              -0.13052619222005138,
              -0.9914448613738105
            ],
            [
              -0.13863297284022652,
              -0.9903438285976649
            ],
            [
              -0.14673047445536164,
              -0.989176509964781
            ],
            [
              -0.15481815508214075,
              -0.9879429836063224
            ],
            [
              -0.16289547339458849,
              -0.9866433320848791
            ],
            [
              -0.16316943608357695,
              -0.9865969486537688
            ],
            [
              -0.1390783773845702,
              -0.8345926846695904
            ]
          ]
        ]
      }
    },
    {
      "type": "Feature",
      "properties": {
        "cell_id": "SYN_elongated_r006_c015",
        "method": "GeoAnnulus-Final",
        "view": "annulus"
      },
      "geometry": {
        "type": "Polygon",
        "coordinates": [
          [
            [
              0.1387767130556516,
              -0.8345926846695904
            ],
            [
              0.17488263980808166,
              -0.7317177649418114
            ],
            [
              0.3768960461469967,
              -0.787709114570656
            ],
            [
              0.4319240877838586,
              -0.9019010004347867
            ],
            [
              0.4275550934302822,
              -0.9039892931234433
            ],
            [
              0.4201451222287025,
              -0.9074569280508187
            ],
            [
              0.41270702980439494,
              -0.9108638249211757
            ],
            [
              0.40524131400499,
              -0.9142097557035306
            ],
            [
              0.3977484745270112,
              -0.9174944964474913
            ],
            [
              0.3902290128824281,
              -0.9207178272982476
            ],
            [
              0.38268343236508984,
              -0.9238795325112867
            ],
            [
              0.3751122380170382,
              -0.9269794004668328
            ],
            [
              0.3675159365947037,
              -0.9300172236840121
            ],
            [
              0.3598950365349883,
              -0.9329927988347388
            ],
            [
              0.3522500479212336,
              -0.9359059267573256
            ],
            [
              0.3445814824490805,
              -0.9387564124698132
            ],
            [
              0.3368898533922203,
              -0.9415440651830207
            ],
            [
              0.32917567556803906,
              -0.9442686983133165
            ],
            [
              0.3214394653031617,
              -0.9469301294951056
            ],
            [
              0.3136817403988916,
              -0.9495281805930367
            ],
            [
              0.3059030200965535,
              -0.9520626777139243
            ],
            [
              0.29810382504274,
              -0.9545334512183884
            ],
            [
              0.2902846772544625,
              -0.9569403357322088
            ],
            [
              0.2824461000842126,
              -0.9592831701573936
            ],
            [
              0.2745886181849324,
              -0.9615617976829619
            ],
            [
              0.26671275747489864,
              -0.9637760657954398
            ],
            [
              0.25881904510252096,
              -0.9659258262890682
            ],
            [
              0.2509080094110602,
              -0.9680109352757227
            ],
            [
              0.24298017990326398,
              -0.970031253194544
            ],
            [
              0.23503608720592675,
              -0.9719866448212794
            ],
            [
              0.22707626303437345,
              -0.9738769792773336
            ],
            [
              0.21910124015687,
              -0.9757021300385285
            ],
            [
              0.2111115523589653,
              -0.9774619749435718
            ],
            [
              0.20310773440776297,
              -0.9791563962022337
            ],
            [
              0.19509032201612833,
              -0.9807852804032304
            ],
            [
              0.1870598518068322,
              -0.9823485185218156
            ],
            [
              0.17901686127663285,
              -0.9838460059270774
            ],
            [
              0.17096188876030136,
              -0.9852776423889412
            ],
            [
              0.16289547339458882,
              -0.986643332084879
            ],
            [
              0.16287562908775308,
              -0.9866465250608858
            ],
            [
              0.1387767130556516,
              -0.8345926846695904
            ]
          ]
        ]
      }
    },
    {
      "type": "Feature",
      "properties": {
        "cell_id": "SYN_elongated_r006_c016",
        "method": "GeoAnnulus-Final",
        "view": "annulus"
      },
      "geometry": {
        "type": "Polygon",
        "coordinates": [
          [
            [
              0.3768960461469967,
              -0.7877091145706558
            ],
            [
              0.44664257168843885,
              -0.63495875152891
            ],
            [
              0.5128332464110468,
              -0.6432200913432418
            ],
            [
              0.6444039122961635,
              -0.7646747249054301
            ],
            [
              0.6406961599398608,
              -0.767794523709512
            ],
            [
              0.6343932841636456,
              -0.7730104533627369
            ],
            [
              0.6280479470713343,
              -0.7781746437525978
            ],
            [
              0.6216605733700774,
              -0.7832867492286504
            ],
            [
              0.6152315905806269,
              -0.7883464276266062
            ],
            [
              0.6087614290087207,
              -0.7933533402912352
            ],
            [
              0.6022505217162821,
              -0.7983071520990314
            ],
            [
              0.5956993044924335,
              -0.8032075314806448
            ],
            [
              0.5891082158243284,
              -0.808054150443073
            ],
            [
              0.5824776968678023,
              -0.8128466845916151
            ],
            [
              0.5758081914178453,
              -0.8175848131515837
            ],
            [
              0.5691001458788983,
              -0.822268218989775
            ],
            [
              0.5623540092349731,
              -0.8268965886356962
            ],
            [
              0.5555702330196024,
              -0.8314696123025451
            ],
            [
              0.548749271285616,
              -0.8359869839079467
            ],
            [
              0.5418915805747517,
              -0.840448401094438
            ],
            [
              0.5349976198870973,
              -0.844853565249707
            ],
            [
              0.5280678506503681,
              -0.8492021815265789
            ],
            [
              0.5211027366890234,
              -0.8534939588627504
            ],
            [
              0.5141027441932219,
              -0.857728610000272
            ],
            [
              0.5070683416876172,
              -0.8619058515047742
            ],
            [
              0.5000000000000001,
              -0.8660254037844386
            ],
            [
              0.4928981922297841,
              -0.8700869911087113
            ],
            [
              0.4857633937163401,
              -0.8740903416267588
            ],
            [
              0.478596082007181,
              -0.8780351873856627
            ],
            [
              0.4713967368259978,
              -0.8819212643483549
            ],
            [
              0.46416584004055167,
              -0.8857483124112905
            ],
            [
              0.45690387563042073,
              -0.889516075421856
            ],
            [
              0.4496113296546066,
              -0.8932243011955153
            ],
            [
              0.44228869021900147,
              -0.8968727415326883
            ],
            [
              0.43493644744371723,
              -0.9004611522353636
            ],
            [
              0.4319240877838586,
              -0.9019010004347867
            ],
            [
              0.3768960461469967,
              -0.7877091145706558
            ]
          ]
        ]
      }
    },
    {
      "type": "Feature",
      "properties": {
        "cell_id": "SYN_elongated_r006_c017",
        "method": "GeoAnnulus-Final",
        "view": "annulus"
      },
      "geometry": {
        "type": "Polygon",
        "coordinates": [
          [
            [
              0.5128332464110468,
              -0.6432200913432417
            ],
            [
              0.6261319649867679,
              -0.5401908608620912
            ],
            [
              0.7678883544482898,
              -0.6405827758396475
            ],
            [
              0.7677945237095121,
              -0.6406961599398607
            ],
            [
              0.7625272039063882,
              -0.6469561525348573
            ],
            [
              0.7572088465064847,
              -0.6531728429537766
            ],
            [
              0.7518398074789775,
              -0.6593458151000688
            ],
            [
              0.7464204461852738,
              -0.6654746558033421
            ],
            [
              0.7409511253549592,
              -0.6715589548470183
            ],
            [
              0.7354322110615187,
              -0.6775983049957887
            ],
            [
              0.7298640726978357,
              -0.6835923020228711
            ],
            [
              0.724247082951467,
              -0.6895405447370668
            ],
            [
              0.7185816177796982,
              -0.6954426350096116
            ],
            [
              0.71286805638438,
              -0.7012981778008243
            ],
            [
              0.7071067811865476,
              -0.7071067811865475
            ],
            [
              0.7012981778008244,
              -0.7128680563843798
            ],
            [
              0.6954426350096117,
              -0.7185816177796981
            ],
            [
              0.689540544737067,
              -0.7242470829514669
            ],
            [
              0.6835923020228714,
              -0.7298640726978356
            ],
            [
              0.6775983049957888,
              -0.7354322110615186
            ],
            [
              0.6715589548470184,
              -0.740951125354959
            ],
            [
              0.6654746558033422,
              -0.7464204461852738
            ],
            [
              0.659345815100069,
              -0.7518398074789774
            ],
            [
              0.6531728429537769,
              -0.7572088465064845
            ],
            [
              0.6469561525348575,
              -0.7625272039063881
            ],
            [
              0.6444039122961635,
              -0.7646747249054301
            ],
            [
              0.5128332464110468,
              -0.6432200913432417
            ]
          ]
        ]
      }
    },
    {
      "type": "Feature",
      "properties": {
        "cell_id": "SYN_elongated_r006_c018",
        "method": "GeoAnnulus-Final",
        "view": "annulus"
      },
      "geometry": {
        "type": "Polygon",
        "coordinates": [
          [
            [
              0.6261319649867678,
              -0.5401908608620913
            ],
            [
              0.626312122727858,
              -0.535475840552716
            ],
            [
              0.6973425398027097,
              -0.4554516591809655
            ],
            [
              0.8396958485780035,
              -0.5430483368666799
            ],
            [
              0.8359869839079467,
              -0.5487492712856158
            ],
            [
              0.8314696123025452,
              -0.5555702330196022
            ],
            [
              0.8268965886356963,
              -0.562354009234973
            ],
            [
              0.8222682189897751,
              -0.5691001458788982
            ],
            [
              0.8175848131515837,
              -0.5758081914178452
            ],
            [
              0.8128466845916152,
              -0.582477696867802
            ],
            [
              0.8080541504430732,
              -0.5891082158243282
            ],
            [
              0.8032075314806449,
              -0.5956993044924332
            ],
            [
              0.7983071520990315,
              -0.6022505217162819
            ],
            [
              0.7933533402912353,
              -0.6087614290087205
            ],
            [
              0.7883464276266062,
              -0.6152315905806268
            ],
            [
              0.7832867492286505,
              -0.6216605733700773
            ],
            [
              0.7781746437525979,
              -0.6280479470713342
            ],
            [
              0.773010453362737,
              -0.6343932841636455
            ],
            [
              0.7678883544482897,
              -0.6405827758396476
            ],
            [
              0.6261319649867678,
              -0.5401908608620913
            ]
          ]
        ]
      }
    },
    {
      "type": "Feature",
      "properties": {
        "cell_id": "SYN_elongated_r006_c019",
        "method": "GeoAnnulus-Final",
        "view": "annulus"
      },
      "geometry": {
        "type": "Polygon",
        "coordinates": [
          [
            [
              0.6973425398027093,
              -0.4554516591809659
            ],
            [
              0.6993356513720815,
              -0.4330187348326087
            ],
            [
              0.7347452614653027,
              -0.3915284661897983
            ],
            [
              0.8854566272841253,
              -0.46471695542078634
            ],
            [
              0.881921264348355,
              -0.4713967368259976
            ],
            [
              0.8780351873856628,
              -0.4785960820071808
            ],
            [
              0.8740903416267589,
              -0.48576339371634003
            ],
            [
              0.8700869911087115,
              -0.4928981922297839
            ],
            [
              0.8660254037844387,
              -0.49999999999999994
            ],
            [
              0.8619058515047743,
              -0.507068341687617
            ],
            [
              0.8577286100002721,
              -0.5141027441932217
            ],
            [
              0.8534939588627505,
              -0.5211027366890234
            ],
            [
              0.849202181526579,
              -0.5280678506503679
            ],
            [
              0.8448535652497071,
              -0.5349976198870972
            ],
            [
              0.8404484010944381,
              -0.5418915805747516
            ],
            [
              0.8396958485780032,
              -0.5430483368666803
            ],
            [
              0.6973425398027093,
              -0.4554516591809659
            ]
          ]
        ]
      }
    },
    {
      "type": "Feature",
      "properties": {
        "cell_id": "SYN_elongated_r006_c020",
        "method": "GeoAnnulus-Final",
        "view": "annulus"
      },
      "geometry": {
        "type": "Polygon",
        "coordinates": [
          [
            [
              0.7347452614653025,
              -0.39152846618979875
            ],
            [
              0.740501313996968,
              -0.362930987007147
            ],
            [
              0.7607331523617695,
              -0.34197141224228345
            ],
            [
              0.9132354906312982,
              -0.407415174319415
            ],
            [
              0.9108638249211758,
              -0.41270702980439467
            ],
            [
              0.9074569280508187,
              -0.4201451222287024
            ],
            [
              0.9039892931234433,
              -0.42755509343028203
            ],
            [
              0.9004611522353636,
              -0.43493644744371707
            ],
            [
              0.8968727415326884,
              -0.44228869021900125
            ],
            [
              0.8932243011955153,
              -0.44961132965460654
            ],
            [
              0.8895160754218561,
              -0.4569038756304206
            ],
            [
              0.8857483124112906,
              -0.4641658400405515
            ],
            [
              0.8854566272841251,
              -0.4647169554207868
            ],
            [
              0.7347452614653025,
              -0.39152846618979875
            ]
          ]
        ]
      }
    },
    {
      "type": "Feature",
      "properties": {
        "cell_id": "SYN_elongated_r006_c021",
        "method": "GeoAnnulus-Final",
        "view": "annulus"
      },
      "geometry": {
        "type": "Polygon",
        "coordinates": [
          [
            [
              0.7607331523617697,
              -0.34197141224228356
            ],
            [
              0.7712311049962676,
              -0.31157233577933074
            ],
            [
              0.7881097470779532,
              -0.2927378706057856
            ],
            [
              0.9252963567628025,
              -0.3792229456865955
            ],
            [
              0.9238795325112867,
              -0.3826834323650898
            ],
            [
              0.9207178272982477,
              -0.390229012882428
            ],
            [
              0.9174944964474914,
              -0.397748474527011
            ],
            [
              0.9142097557035307,
              -0.4052413140049898
            ],
            [
              0.9132354906312982,
              -0.407415174319415
            ],
            [
              0.7607331523617697,
              -0.34197141224228356
            ]
          ]
        ]
      }
    },
    {
      "type": "Feature",
      "properties": {
        "cell_id": "SYN_elongated_r006_c022",
        "method": "GeoAnnulus-Final",
        "view": "annulus"
      },
      "geometry": {
        "type": "Polygon",
        "coordinates": [
          [
            [
              0.7881097470779531,
              -0.29273787060578554
            ],
            [
              0.7934597711926334,
              -0.2816317007628393
            ],
            [
              0.7972979209283396,
              -0.2781976752300857
            ],
            [
              0.944877364811271,
              -0.3274064124581817
            ],
            [
              0.9442686983133165,
              -0.32917567556803884
            ],
            [
              0.9415440651830208,
              -0.33688985339222005
            ],
            [
              0.9387564124698132,
              -0.34458148244908043
            ],
            [
              0.9359059267573258,
              -0.3522500479212335
            ],
            [
              0.932992798834739,
              -0.3598950365349881
            ],
            [
              0.9300172236840122,
              -0.3675159365947035
            ],
            [
              0.9269794004668329,
              -0.37511223801703797
            ],
            [
              0.9252963567628024,
              -0.3792229456865956
            ],
            [
              0.7881097470779531,
              -0.29273787060578554
            ]
          ]
        ]
      }
    },
    {
      "type": "Feature",
      "properties": {
        "cell_id": "SYN_elongated_r006_c023",
        "method": "GeoAnnulus-Final",
        "view": "annulus"
      },
      "geometry": {
        "type": "Polygon",
        "coordinates": [
          [
            [
              0.7972979209283392,
              -0.27819767523008637
            ],
            [
              0.8138347712763944,
              -0.25037138145259913
            ],
            [
              0.8156177562015813,
              -0.24916909692832623
            ],
            [
              0.9127231162852599,
              -0.2854447187822639
            ],
            [
              0.9463003768769332,
              -0.3232700212470367
            ],
            [
              0.9448773648112708,
              -0.32740641245818247
            ],
            [
              0.7972979209283392,
              -0.27819767523008637
            ]
          ]
        ]
      }
    },
    {
      "type": "Feature",
      "properties": {
        "cell_id": "SYN_elongated_r006_c024",
        "method": "GeoAnnulus-Final",
        "view": "annulus"
      },
      "geometry": {
        "type": "Polygon",
        "coordinates": [
          [
            [
              0.8156177562015808,
              -0.24916909692832678
            ],
            [
              0.8265095773845195,
              -0.23298623349306372
            ],
            [
              0.8412825238321116,
              -0.22213092094441414
            ],
            [
              0.8979332668224412,
              -0.24330629887109492
            ],
            [
              0.91272311628526,
              -0.2854447187822647
            ],
            [
              0.8156177562015808,
              -0.24916909692832678
            ]
          ]
        ]
      }
    },
    {
      "type": "Feature",
      "properties": {
        "cell_id": "SYN_elongated_r006_c025",
        "method": "GeoAnnulus-Final",
        "view": "annulus"
      },
      "geometry": {
        "type": "Polygon",
        "coordinates": [
          [
            [
              0.8412825238321101,
              -0.22213092094441503
            ],
            [
              0.8569189331958084,
              -0.19583842586378764
            ],
            [
              0.9018646076456767,
              -0.18965680021572817
            ],
            [
              0.9095887066855667,
              -0.19265050603685555
            ],
            [
              0.8979332668224419,
              -0.2433062988710966
            ],
            [
              0.8412825238321101,
              -0.22213092094441503
            ]
          ]
        ]
      }
    },
    {
      "type": "Feature",
      "properties": {
        "cell_id": "SYN_elongated_r006_c026",
        "method": "GeoAnnulus-Final",
        "view": "annulus"
      },
      "geometry": {
        "type": "Polygon",
        "coordinates": [
          [
            [
              0.9127231162852609,
              -0.2854447187822649
            ],
            [
              0.8979332668224421,
              -0.24330629887109545
            ],
            [
              0.9095887066855666,
              -0.19265050603685596
            ],
            [
              0.9114570962427752,
              -0.19242308070447897
            ],
            [
              0.9506262446646764,
              -0.3103116307164071
            ],
            [
              0.9495281805930367,
              -0.31368174039889146
            ],
            [
              0.9469301294951057,
              -0.32143946530316153
            ],
            [
              0.9463003768769332,
              -0.32327002124703663
            ],
            [
              0.9127231162852609,
              -0.2854447187822649
            ]
          ]
        ]
      }
    },
    {
      "type": "Feature",
      "properties": {
        "cell_id": "SYN_elongated_r006_c027",
        "method": "GeoAnnulus-Final",
        "view": "annulus"
      },
      "geometry": {
        "type": "Polygon",
        "coordinates": [
          [
            [
              0.9114570962427752,
              -0.19242308070447858
            ],
            [
              0.9292908606805484,
              -0.17937741909560817
            ],
            [
              0.9382257037510399,
              -0.17884897661142507
            ],
            [
              0.9593779409919939,
              -0.28211929804697905
            ],
            [
              0.9592831701573936,
              -0.28244610008421245
            ],
            [
              0.9569403357322088,
              -0.29028467725446233
            ],
            [
              0.9545334512183885,
              -0.2981038250427398
            ],
            [
              0.9520626777139243,
              -0.30590302009655346
            ],
            [
              0.9506262446646765,
              -0.310311630716407
            ],
            [
              0.9114570962427752,
              -0.19242308070447858
            ]
          ]
        ]
      }
    },
    {
      "type": "Feature",
      "properties": {
        "cell_id": "SYN_elongated_r006_c028",
        "method": "GeoAnnulus-Final",
        "view": "annulus"
      },
      "geometry": {
        "type": "Polygon",
        "coordinates": [
          [
            [
              0.9382257037510398,
              -0.17884897661142543
            ],
            [
              0.9495831795669045,
              -0.17404647945773985
            ],
            [
              0.9836065536303035,
              -0.18030295727224516
            ],
            [
              0.9823485185218157,
              -0.18705985180683196
            ],
            [
              0.9807852804032304,
              -0.19509032201612825
            ],
            [
              0.9791563962022337,
              -0.20310773440776286
            ],
            [
              0.9774619749435719,
              -0.21111155235896514
            ],
            [
              0.9757021300385286,
              -0.21910124015686977
            ],
            [
              0.9738769792773336,
              -0.2270762630343732
            ],
            [
              0.9719866448212794,
              -0.23503608720592667
            ],
            [
              0.970031253194544,
              -0.24298017990326384
            ],
            [
              0.9680109352757227,
              -0.25090800941106
            ],
            [
              0.9659258262890683,
              -0.25881904510252074
            ],
            [
              0.9637760657954398,
              -0.26671275747489837
            ],
            [
              0.9615617976829619,
              -0.2745886181849323
            ],
            [
              0.9593779409919938,
              -0.28211929804697955
            ],
            [
              0.9382257037510398,
              -0.17884897661142543
            ]
          ]
        ]
      }
    }
  ]
}