dataset,cell_id,month,value,previous_value,delta,relative_delta,value_bin,value_reconstructed,delta_bin,delta_reconstructed,theta,rho
湖北,CEG2000_f4_r0027_c0088,1,54.18718672665075,,,,4,51.35394475180705,4,,-2.648542072588538,0.9707946439664888
湖北,CEG2000_f4_r0027_c0088,2,43.33070530127822,54.18718672665075,-10.856481425372529,-0.20035144987575101,3,45.261650143630746,1,-12.787761188764504,-2.648542072588538,0.9707946439664888
湖北,CEG2000_f4_r0027_c0088,3,48.455008919349176,43.33070530127822,5.124303618070954,0.11826033253882416,4,51.35394475180705,5,4.262587062921499,-2.648542072588538,0.9707946439664888
湖北,CEG2000_f4_r0027_c0088,4,37.76233244985767,48.455008919349176,-10.69267646949151,-0.22067226294992348,2,39.16935553545444,1,-12.787761188764504,-2.648542072588538,0.9707946439664888
湖北,CEG2000_f4_r0027_c0088,5,35.92621301803976,37.76233244985767,-1.836119431817906,-0.04862304081073325,1,33.07706092727814,4,-1.7763568394002505e-15,-2.648542072588538,0.9707946439664888
湖北,CEG2000_f4_r0027_c0088,6,26.33086944575103,35.92621301803976,-9.59534357228873,-0.26708474860599934,0,26.98476631910183,2,-8.525174125843003,-2.648542072588538,0.9707946439664888
湖北,CEG2000_f4_r0027_c0088,7,25.94944739524736,26.33086944575103,-0.3814220505036694,-0.014485737027769088,0,26.98476631910183,4,-1.7763568394002505e-15,-2.648542072588538,0.9707946439664888
湖北,CEG2000_f4_r0027_c0088,8,24.19778284603599,25.94944739524736,-1.7516645492113696,-0.06750296152866002,0,26.98476631910183,4,-1.7763568394002505e-15,-2.648542072588538,0.9707946439664888
湖北,CEG2000_f4_r0027_c0088,9,29.26620519771078,24.19778284603599,5.068422351674787,0.20945813027267005,0,26.98476631910183,5,4.262587062921499,-2.648542072588538,0.9707946439664888
湖北,CEG2000_f4_r0027_c0088,10,28.807947057120444,29.26620519771078,-0.45825814059033476,-0.01565826992240798,0,26.98476631910183,4,-1.7763568394002505e-15,-2.648542072588538,0.9707946439664888
湖北,CEG2000_f4_r0027_c0088,11,35.904962255882864,28.807947057120444,7.097015198762421,0.24635615945455772,1,33.07706092727814,6,8.525174125843,-2.648542072588538,0.9707946439664888
湖北,CEG2000_f4_r0027_c0088,12,50.80981387825552,35.904962255882864,14.904851622372654,0.41511954576503035,4,51.35394475180705,7,12.7877611887645,-2.648542072588538,0.9707946439664888
湖北,CEG2000_f4_r0027_c0089,1,56.21546472331705,,,,5,57.44623935998336,4,,-2.6059693292941857,0.9635533921762136
湖北,CEG2000_f4_r0027_c0089,2,44.237765593006955,56.21546472331705,-11.977699130310093,-0.21306768856687905,3,45.261650143630746,1,-12.787761188764504,-2.6059693292941857,0.9635533921762136
湖北,CEG2000_f4_r0027_c0089,3,50.98988316428412,44.237765593006955,6.752117571277168,0.152632427989187,4,51.35394475180705,6,8.525174125843,-2.6059693292941857,0.9635533921762136
湖北,CEG2000_f4_r0027_c0089,4,38.913674256742986,50.98988316428412,-12.076208907541137,-0.23683539082905608,2,39.16935553545444,1,-12.787761188764504,-2.6059693292941857,0.9635533921762136
湖北,CEG2000_f4_r0027_c0089,5,37.79475807620803,38.913674256742986,-1.1189161805349528,-0.028753804463505943,2,39.16935553545444,4,-1.7763568394002505e-15,-2.6059693292941857,0.9635533921762136
湖北,CEG2000_f4_r0027_c0089,6,26.96100104350489,37.79475807620803,-10.833757032703144,-0.28664707975794773,0,26.98476631910183,1,-12.787761188764504,-2.6059693292941857,0.9635533921762136
湖北,CEG2000_f4_r0027_c0089,7,26.361260662056026,26.96100104350489,-0.5997403814488642,-0.02224473714759735,0,26.98476631910183,4,-1.7763568394002505e-15,-2.6059693292941857,0.9635533921762136
湖北,CEG2000_f4_r0027_c0089,8,25.17610798541318,26.361260662056026,-1.185152676642847,-0.04495811834783519,0,26.98476631910183,4,-1.7763568394002505e-15,-2.6059693292941857,0.9635533921762136
湖北,CEG2000_f4_r0027_c0089,9,30.70083044277931,25.17610798541318,5.524722457366131,0.2194430712073172,1,33.07706092727814,5,4.262587062921499,-2.6059693292941857,0.9635533921762136
湖北,CEG2000_f4_r0027_c0089,10,32.14531534049259,30.70083044277931,1.4444848977132771,0.04705035260871952,1,33.07706092727814,4,-1.7763568394002505e-15,-2.6059693292941857,0.9635533921762136
湖北,CEG2000_f4_r0027_c0089,11,38.28934584583865,32.14531534049259,6.144030505346066,0.19113299839390893,2,39.16935553545444,5,4.262587062921499,-2.6059693292941857,0.9635533921762136
湖北,CEG2000_f4_r0027_c0089,12,56.84235464507358,38.28934584583865,18.553008799234924,0.4845475520509916,5,57.44623935998336,8,17.050348251686003,-2.6059693292941857,0.9635533921762136
湖北,CEG2000_f4_r0027_c0100,1,48.21627421017851,,,,3,45.261650143630746,4,,-1.169735684656772,0.8993981436475194
湖北,CEG2000_f4_r0027_c0100,2,41.099195419980546,48.21627421017851,-7.117078790197965,-0.1476073982650352,2,39.16935553545444,2,-8.525174125843003,-1.169735684656772,0.8993981436475194
湖北,CEG2000_f4_r0027_c0100,3,51.71955827678229,41.099195419980546,10.62036285680174,0.2584080478528932,4,51.35394475180705,6,8.525174125843,-1.169735684656772,0.8993981436475194
湖北,CEG2000_f4_r0027_c0100,4,43.35352357835798,51.71955827678229,-8.366034698424308,-0.16175765952316631,3,45.261650143630746,2,-8.525174125843003,-1.169735684656772,0.8993981436475194
湖北,CEG2000_f4_r0027_c0100,5,44.66081170727485,43.35352357835798,1.3072881289168734,0.030154137911167844,3,45.261650143630746,4,-1.7763568394002505e-15,-1.169735684656772,0.8993981436475194
湖北,CEG2000_f4_r0027_c0100,6,29.18981158121113,44.66081170727485,-15.471000126063721,-0.3464110824377075,0,26.98476631910183,0,-17.050348251686003,-1.169735684656772,0.8993981436475194
湖北,CEG2000_f4_r0027_c0100,7,28.934934411273115,29.18981158121113,-0.2548771699380161,-0.008731716860484129,0,26.98476631910183,4,-1.7763568394002505e-15,-1.169735684656772,0.8993981436475194
湖北,CEG2000_f4_r0027_c0100,8,27.918229526254756,28.934934411273115,-1.0167048850183598,-0.035137625355122604,0,26.98476631910183,4,-1.7763568394002505e-15,-1.169735684656772,0.8993981436475194
湖北,CEG2000_f4_r0027_c0100,9,33.67217244541398,27.918229526254756,5.753942919159222,0.2060998500548941,1,33.07706092727814,5,4.262587062921499,-1.169735684656772,0.8993981436475194
湖北,CEG2000_f4_r0027_c0100,10,32.38985831382327,33.67217244541398,-1.2823141315907094,-0.0380823106578428,1,33.07706092727814,4,-1.7763568394002505e-15,-1.169735684656772,0.8993981436475194
湖北,CEG2000_f4_r0027_c0100,11,35.57311250957557,32.38985831382327,3.183254195752305,0.09827934919967721,1,33.07706092727814,5,4.262587062921499,-1.169735684656772,0.8993981436475194
湖北,CEG2000_f4_r0027_c0100,12,53.08785535320907,35.57311250957557,17.5147428436335,0.4923590208452769,4,51.35394475180705,8,17.050348251686003,-1.169735684656772,0.8993981436475194
湖北,CEG2000_f4_r0027_c0101,1,47.54139322619012,,,,3,45.261650143630746,4,,-1.0348203913336926,0.9614779465161988
湖北,CEG2000_f4_r0027_c0101,2,40.27765831812694,47.54139322619012,-7.263734908063178,-0.15278759024802102,2,39.16935553545444,2,-8.525174125843003,-1.0348203913336926,0.9614779465161988
湖北,CEG2000_f4_r0027_c0101,3,51.52610226027411,40.27765831812694,11.24844394214717,0.27927253996007045,4,51.35394475180705,7,12.7877611887645,-1.0348203913336926,0.9614779465161988
湖北,CEG2000_f4_r0027_c0101,4,40.36368505168719,51.52610226027411,-11.162417208586916,-0.21663616534008592,2,39.16935553545444,1,-12.787761188764504,-1.0348203913336926,0.9614779465161988
湖北,CEG2000_f4_r0027_c0101,5,42.60703931527959,40.36368505168719,2.2433542635924013,0.05557852957973741,3,45.261650143630746,5,4.262587062921499,-1.0348203913336926,0.9614779465161988
湖北,CEG2000_f4_r0027_c0101,6,27.654597294779062,42.60703931527959,-14.95244202050053,-0.3509383017641016,0,26.98476631910183,0,-17.050348251686003,-1.0348203913336926,0.9614779465161988
湖北,CEG2000_f4_r0027_c0101,7,27.170685650109444,27.654597294779062,-0.4839116446696181,-0.01749841588765338,0,26.98476631910183,4,-1.7763568394002505e-15,-1.0348203913336926,0.9614779465161988
湖北,CEG2000_f4_r0027_c0101,8,26.676469627530096,27.170685650109444,-0.49421602257934794,-0.018189309940264877,0,26.98476631910183,4,-1.7763568394002505e-15,-1.0348203913336926,0.9614779465161988
湖北,CEG2000_f4_r0027_c0101,9,32.54279181504838,26.676469627530096,5.866322187518286,0.2199062420712614,1,33.07706092727814,5,4.262587062921499,-1.0348203913336926,0.9614779465161988
湖北,CEG2000_f4_r0027_c0101,10,31.39714785601484,32.54279181504838,-1.145643959033542,-0.03520423095672374,1,33.07706092727814,4,-1.7763568394002505e-15,-1.0348203913336926,0.9614779465161988
湖北,CEG2000_f4_r0027_c0101,11,32.839445916562035,31.39714785601484,1.442298060547195,0.04593723185180624,1,33.07706092727814,4,-1.7763568394002505e-15,-1.0348203913336926,0.9614779465161988
湖北,CEG2000_f4_r0027_c0101,12,49.76847734229197,32.839445916562035,16.92903142572994,0.5155090456989733,4,51.35394475180705,8,17.050348251686003,-1.0348203913336926,0.9614779465161988
湖北,CEG2000_f4_r0027_c0102,1,46.35693710198357,,,,3,45.261650143630746,4,,-0.8769035145757559,0.963485433121635
湖北,CEG2000_f4_r0027_c0102,2,39.26872556467354,46.35693710198357,-7.0882115373100305,-0.15290508779120207,2,39.16935553545444,2,-8.525174125843003,-0.8769035145757559,0.963485433121635
湖北,CEG2000_f4_r0027_c0102,3,49.921686355484255,39.26872556467354,10.652960790810717,0.2712835885968809,4,51.35394475180705,6,8.525174125843,-0.8769035145757559,0.963485433121635
湖北,CEG2000_f4_r0027_c0102,4,38.587834717475,49.921686355484255,-11.333851638009257,-0.22703262781034145,2,39.16935553545444,1,-12.787761188764504,-0.8769035145757559,0.963485433121635
湖北,CEG2000_f4_r0027_c0102,5,39.77289927160176,38.587834717475,1.185064554126761,0.030710833162921405,2,39.16935553545444,4,-1.7763568394002505e-15,-0.8769035145757559,0.963485433121635
湖北,CEG2000_f4_r0027_c0102,6,26.480804933069976,39.77289927160176,-13.292094338531783,-0.3341997838217057,0,26.98476631910183,1,-12.787761188764504,-0.8769035145757559,0.963485433121635
湖北,CEG2000_f4_r0027_c0102,7,25.780004633881912,26.480804933069976,-0.7008002991880637,-0.026464463635426903,0,26.98476631910183,4,-1.7763568394002505e-15,-0.8769035145757559,0.963485433121635
湖北,CEG2000_f4_r0027_c0102,8,26.393917093825657,25.780004633881912,0.6139124599437444,0.023813512397003106,0,26.98476631910183,4,-1.7763568394002505e-15,-0.8769035145757559,0.963485433121635
湖北,CEG2000_f4_r0027_c0102,9,30.801785573272912,26.393917093825657,4.407868479447256,0.16700319485652967,1,33.07706092727814,5,4.262587062921499,-0.8769035145757559,0.963485433121635
湖北,CEG2000_f4_r0027_c0102,10,29.557304490152102,30.801785573272912,-1.2444810831208102,-0.040402887688454715,0,26.98476631910183,4,-1.7763568394002505e-15,-0.8769035145757559,0.963485433121635
湖北,CEG2000_f4_r0027_c0102,11,29.93296710456746,29.557304490152102,0.37566261441535787,0.012709637123389282,0,26.98476631910183,4,-1.7763568394002505e-15,-0.8769035145757559,0.963485433121635
湖北,CEG2000_f4_r0027_c0102,12,45.46262148017946,29.93296710456746,15.529654375611997,0.5188144002350616,3,45.261650143630746,8,17.050348251686003,-0.8769035145757559,0.963485433121635
湖北,CEG2000_f4_r0028_c0087,1,57.23027681703387,,,,5,57.44623935998336,4,,-2.784581823557678,0.9936413949800194
湖北,CEG2000_f4_r0028_c0087,2,45.23126514333808,57.23027681703387,-11.99901167369579,-0.20966195414460123,3,45.261650143630746,1,-12.787761188764504,-2.784581823557678,0.9936413949800194
湖北,CEG2000_f4_r0028_c0087,3,49.73172239102852,45.23126514333808,4.500457247690441,0.09949881422570146,4,51.35394475180705,5,4.262587062921499,-2.784581823557678,0.9936413949800194
湖北,CEG2000_f4_r0028_c0087,4,36.92137707356254,49.73172239102852,-12.81034531746598,-0.25758901364286824,2,39.16935553545444,1,-12.787761188764504,-2.784581823557678,0.9936413949800194
湖北,CEG2000_f4_r0028_c0087,5,35.69781521030923,36.92137707356254,-1.223561863253309,-0.03313965946653267,1,33.07706092727814,4,-1.7763568394002505e-15,-2.784581823557678,0.9936413949800194
湖北,CEG2000_f4_r0028_c0087,6,26.077536858862516,35.69781521030923,-9.620278351446714,-0.26949207660945196,0,26.98476631910183,2,-8.525174125843003,-2.784581823557678,0.9936413949800194
湖北,CEG2000_f4_r0028_c0087,7,25.401946260746428,26.077536858862516,-0.6755905981160879,-0.02590699427528512,0,26.98476631910183,4,-1.7763568394002505e-15,-2.784581823557678,0.9936413949800194
湖北,CEG2000_f4_r0028_c0087,8,21.58118200963382,25.401946260746428,-3.8207642511126068,-0.150412264158547,0,26.98476631910183,3,-4.262587062921503,-2.784581823557678,0.9936413949800194
湖北,CEG2000_f4_r0028_c0087,9,26.27940714908776,21.58118200963382,4.698225139453939,0.21770008414537514,0,26.98476631910183,5,4.262587062921499,-2.784581823557678,0.9936413949800194
湖北,CEG2000_f4_r0028_c0087,10,27.967593696089,26.27940714908776,1.6881865470012407,0.06423990227115313,0,26.98476631910183,4,-1.7763568394002505e-15,-2.784581823557678,0.9936413949800194
湖北,CEG2000_f4_r0028_c0087,11,35.654231640618264,27.967593696089,7.686637944529263,0.2748408757670191,1,33.07706092727814,6,8.525174125843,-2.784581823557678,0.9936413949800194
湖北,CEG2000_f4_r0028_c0087,12,49.847851105520384,35.654231640618264,14.19361946490212,0.3980907401951236,4,51.35394475180705,7,12.7877611887645,-2.784581823557678,0.9936413949800194
湖北,CEG2000_f4_r0028_c0088,1,56.85549316556471,,,,5,57.44623935998336,4,,-2.726069270400376,0.9469818161908722
湖北,CEG2000_f4_r0028_c0088,2,43.96630770759725,56.85549316556471,-12.889185457967457,-0.22670079424751108,3,45.261650143630746,1,-12.787761188764504,-2.726069270400376,0.9469818161908722
湖北,CEG2000_f4_r0028_c0088,3,51.42854689089599,43.96630770759725,7.462239183298735,0.16972631026756158,4,51.35394475180705,6,8.525174125843,-2.726069270400376,0.9469818161908722
湖北,CEG2000_f4_r0028_c0088,4,37.23868094664953,51.42854689089599,-14.189865944246456,-0.2759141916715983,2,39.16935553545444,1,-12.787761188764504,-2.726069270400376,0.9469818161908722
湖北,CEG2000_f4_r0028_c0088,5,36.226540403164975,37.23868094664953,-1.0121405434845556,-0.027179817269430452,2,39.16935553545444,4,-1.7763568394002505e-15,-2.726069270400376,0.9469818161908722
湖北,CEG2000_f4_r0028_c0088,6,26.939521242231574,36.226540403164975,-9.2870191609334,-0.2563595379955749,0,26.98476631910183,2,-8.525174125843003,-2.726069270400376,0.9469818161908722
湖北,CEG2000_f4_r0028_c0088,7,25.748493822112422,26.939521242231574,-1.191027420119152,-0.044211157630078636,0,26.98476631910183,4,-1.7763568394002505e-15,-2.726069270400376,0.9469818161908722
湖北,CEG2000_f4_r0028_c0088,8,23.1812377227345,25.748493822112422,-2.5672560993779214,-0.09970509798026322,0,26.98476631910183,3,-4.262587062921503,-2.726069270400376,0.9469818161908722
湖北,CEG2000_f4_r0028_c0088,9,27.75922232215884,23.1812377227345,4.57798459942434,0.19748663355169255,0,26.98476631910183,5,4.262587062921499,-2.726069270400376,0.9469818161908722
湖北,CEG2000_f4_r0028_c0088,10,29.16521182044762,27.75922232215884,1.405989498288779,0.05064945559250937,0,26.98476631910183,4,-1.7763568394002505e-15,-2.726069270400376,0.9469818161908722
湖北,CEG2000_f4_r0028_c0088,11,35.87786618280553,29.16521182044762,6.712654362357913,0.2301596300305865,1,33.07706092727814,6,8.525174125843,-2.726069270400376,0.9469818161908722
湖北,CEG2000_f4_r0028_c0088,12,50.273795221230486,35.87786618280553,14.395929038424953,0.40124819478044105,4,51.35394475180705,7,12.7877611887645,-2.726069270400376,0.9469818161908722
湖北,CEG2000_f4_r0028_c0089,1,53.58495992252483,,,,4,51.35394475180705,4,,-2.688668118106409,0.8703947763861216
湖北,CEG2000_f4_r0028_c0089,2,43.56775201619225,53.58495992252483,-10.01720790633258,-0.18694066246976462,3,45.261650143630746,2,-8.525174125843003,-2.688668118106409,0.8703947763861216
湖北,CEG2000_f4_r0028_c0089,3,53.21554349000489,43.56775201619225,9.647791473812639,0.22144340773485333,4,51.35394475180705,6,8.525174125843,-2.688668118106409,0.8703947763861216
湖北,CEG2000_f4_r0028_c0089,4,37.04486829603224,53.21554349000489,-16.17067519397265,-0.3038712777030996,2,39.16935553545444,0,-17.050348251686003,-2.688668118106409,0.8703947763861216
湖北,CEG2000_f4_r0028_c0089,5,36.42184793916357,37.04486829603224,-0.6230203568686719,-0.016817993571741262,2,39.16935553545444,4,-1.7763568394002505e-15,-2.688668118106409,0.8703947763861216
湖北,CEG2000_f4_r0028_c0089,6,26.383275272375336,36.42184793916357,-10.038572666788234,-0.2756195315393096,0,26.98476631910183,2,-8.525174125843003,-2.688668118106409,0.8703947763861216
湖北,CEG2000_f4_r0028_c0089,7,25.155048932346144,26.383275272375336,-1.2282263400291917,-0.04655321704182834,0,26.98476631910183,4,-1.7763568394002505e-15,-2.688668118106409,0.8703947763861216
湖北,CEG2000_f4_r0028_c0089,8,24.090355741649173,25.155048932346144,-1.0646931906969712,-0.042325228369081536,0,26.98476631910183,4,-1.7763568394002505e-15,-2.688668118106409,0.8703947763861216
湖北,CEG2000_f4_r0028_c0089,9,27.88009438522251,24.090355741649173,3.7897386435733367,0.15731351932762697,0,26.98476631910183,5,4.262587062921499,-2.688668118106409,0.8703947763861216
湖北,CEG2000_f4_r0028_c0089,10,28.288383924861364,27.88009438522251,0.4082895396388544,0.014644481973320115,0,26.98476631910183,4,-1.7763568394002505e-15,-2.688668118106409,0.8703947763861216
湖北,CEG2000_f4_r0028_c0089,11,35.629866121371315,28.288383924861364,7.341482196509951,0.259522856307739,1,33.07706092727814,6,8.525174125843,-2.688668118106409,0.8703947763861216
湖北,CEG2000_f4_r0028_c0089,12,48.92968715312925,35.629866121371315,13.299821031757936,0.37327732263861946,4,51.35394475180705,7,12.7877611887645,-2.688668118106409,0.8703947763861216
湖北,CEG2000_f4_r0028_c0090,1,48.48233030277012,,,,4,51.35394475180705,4,,-2.6617722306623435,0.7850131758645893
湖北,CEG2000_f4_r0028_c0090,2,42.43784506838113,48.48233030277012,-6.044485234388993,-0.12467398321494524,3,45.261650143630746,3,-4.262587062921503,-2.6617722306623435,0.7850131758645893
湖北,CEG2000_f4_r0028_c0090,3,48.76512306501872,42.43784506838113,6.327277996637591,0.14909517640309713,4,51.35394475180705,5,4.262587062921499,-2.6617722306623435,0.7850131758645893
湖北,CEG2000_f4_r0028_c0090,4,35.328165874987455,48.76512306501872,-13.436957190031265,-0.27554441259413454,1,33.07706092727814,1,-12.787761188764504,-2.6617722306623435,0.7850131758645893
湖北,CEG2000_f4_r0028_c0090,5,33.933711027551425,35.328165874987455,-1.3944548474360303,-0.03947147588613742,1,33.07706092727814,4,-1.7763568394002505e-15,-2.6617722306623435,0.7850131758645893
湖北,CEG2000_f4_r0028_c0090,6,26.756460824618557,33.933711027551425,-7.177250202932868,-0.21150796613743547,0,26.98476631910183,2,-8.525174125843003,-2.6617722306623435,0.7850131758645893
湖北,CEG2000_f4_r0028_c0090,7,24.510717231503723,26.756460824618557,-2.2457435931148346,-0.08393275956170299,0,26.98476631910183,3,-4.262587062921503,-2.6617722306623435,0.7850131758645893
湖北,CEG2000_f4_r0028_c0090,8,23.785319493872613,24.510717231503723,-0.7253977376311092,-0.02959512489086825,0,26.98476631910183,4,-1.7763568394002505e-15,-2.6617722306623435,0.7850131758645893
湖北,CEG2000_f4_r0028_c0090,9,26.764023610811257,23.785319493872613,2.978704116938644,0.12523288231238577,0,26.98476631910183,5,4.262587062921499,-2.6617722306623435,0.7850131758645893
湖北,CEG2000_f4_r0028_c0090,10,25.097746657982363,26.764023610811257,-1.6662769528288948,-0.062258088584102374,0,26.98476631910183,4,-1.7763568394002505e-15,-2.6617722306623435,0.7850131758645893
湖北,CEG2000_f4_r0028_c0090,11,31.857193777473704,25.097746657982363,6.759447119491341,0.2693248605783297,1,33.07706092727814,6,8.525174125843,-2.6617722306623435,0.7850131758645893
湖北,CEG2000_f4_r0028_c0090,12,40.728205865286306,31.857193777473704,8.871012087812602,0.27846181775386997,2,39.16935553545444,6,8.525174125843,-2.6617722306623435,0.7850131758645893
湖北,CEG2000_f4_r0028_c0091,1,47.77839923614453,,,,3,45.261650143630746,4,,-2.6063555683438255,0.7204016902844429
湖北,CEG2000_f4_r0028_c0091,2,42.79948391692064,47.77839923614453,-4.978915319223887,-0.10420850005073673,3,45.261650143630746,3,-4.262587062921503,-2.6063555683438255,0.7204016902844429
湖北,CEG2000_f4_r0028_c0091,3,47.19324508256498,42.79948391692064,4.393761165644335,0.10265920902628631,3,45.261650143630746,5,4.262587062921499,-2.6063555683438255,0.7204016902844429
湖北,CEG2000_f4_r0028_c0091,4,35.958814029633636,47.19324508256498,-11.234431052931342,-0.23805167526150428,1,33.07706092727814,1,-12.787761188764504,-2.6063555683438255,0.7204016902844429
湖北,CEG2000_f4_r0028_c0091,5,35.43992916814325,35.958814029633636,-0.5188848614903847,-0.014429977058274836,1,33.07706092727814,4,-1.7763568394002505e-15,-2.6063555683438255,0.7204016902844429
湖北,CEG2000_f4_r0028_c0091,6,27.28990209968001,35.43992916814325,-8.150027068463242,-0.2299673633600051,0,26.98476631910183,2,-8.525174125843003,-2.6063555683438255,0.7204016902844429
湖北,CEG2000_f4_r0028_c0091,7,24.585225499551804,27.28990209968001,-2.704676600128206,-0.0991090620350712,0,26.98476631910183,3,-4.262587062921503,-2.6063555683438255,0.7204016902844429
湖北,CEG2000_f4_r0028_c0091,8,24.670214275810203,24.585225499551804,0.08498877625839896,0.003456904483546361,0,26.98476631910183,4,-1.7763568394002505e-15,-2.6063555683438255,0.7204016902844429
湖北,CEG2000_f4_r0028_c0091,9,27.393478788388503,24.670214275810203,2.7232645125783,0.11038673933402082,0,26.98476631910183,5,4.262587062921499,-2.6063555683438255,0.7204016902844429
湖北,CEG2000_f4_r0028_c0091,10,25.48078764572567,27.393478788388503,-1.9126911426628332,-0.0698228639537955,0,26.98476631910183,4,-1.7763568394002505e-15,-2.6063555683438255,0.7204016902844429
湖北,CEG2000_f4_r0028_c0091,11,32.99750360572548,25.48078764572567,7.516715959999807,0.29499543202938294,1,33.07706092727814,6,8.525174125843,-2.6063555683438255,0.7204016902844429
湖北,CEG2000_f4_r0028_c0091,12,40.80085870086282,32.99750360572548,7.803355095137341,0.23648319546765237,2,39.16935553545444,6,8.525174125843,-2.6063555683438255,0.7204016902844429
湖北,CEG2000_f4_r0028_c0092,1,48.430032169139025,,,,4,51.35394475180705,4,,-2.5445597605005963,0.926783715082187
湖北,CEG2000_f4_r0028_c0092,2,43.07880527659546,48.430032169139025,-5.351226892543565,-0.11049397765945562,3,45.261650143630746,3,-4.262587062921503,-2.5445597605005963,0.926783715082187
湖北,CEG2000_f4_r0028_c0092,3,47.44307307878336,43.07880527659546,4.3642678021878965,0.10130893310913117,3,45.261650143630746,5,4.262587062921499,-2.5445597605005963,0.926783715082187
湖北,CEG2000_f4_r0028_c0092,4,36.19813866780224,47.44307307878336,-11.244934410981116,-0.23701952005317875,2,39.16935553545444,1,-12.787761188764504,-2.5445597605005963,0.926783715082187
湖北,CEG2000_f4_r0028_c0092,5,35.98856602043006,36.19813866780224,-0.20957264737217685,-0.005789597340776776,1,33.07706092727814,4,-1.7763568394002505e-15,-2.5445597605005963,0.926783715082187
湖北,CEG2000_f4_r0028_c0092,6,27.53786025801283,35.98856602043006,-8.450705762417233,-0.23481640690045608,0,26.98476631910183,2,-8.525174125843003,-2.5445597605005963,0.926783715082187
湖北,CEG2000_f4_r0028_c0092,7,23.915656579336833,27.53786025801283,-3.622203678675998,-0.13153540778906475,0,26.98476631910183,3,-4.262587062921503,-2.5445597605005963,0.926783715082187
湖北,CEG2000_f4_r0028_c0092,8,24.23579223969824,23.915656579336833,0.3201356603614087,0.013386028491394482,0,26.98476631910183,4,-1.7763568394002505e-15,-2.5445597605005963,0.926783715082187
湖北,CEG2000_f4_r0028_c0092,9,27.743735947523017,24.23579223969824,3.5079437078247757,0.14474227510824927,0,26.98476631910183,5,4.262587062921499,-2.5445597605005963,0.926783715082187
湖北,CEG2000_f4_r0028_c0092,10,26.162998123657797,27.743735947523017,-1.5807378238652205,-0.056976386556416535,0,26.98476631910183,4,-1.7763568394002505e-15,-2.5445597605005963,0.926783715082187
湖北,CEG2000_f4_r0028_c0092,11,33.147330227792146,26.162998123657797,6.984332104134349,0.2669545772668459,1,33.07706092727814,6,8.525174125843,-2.5445597605005963,0.926783715082187
湖北,CEG2000_f4_r0028_c0092,12,42.70341333279008,33.147330227792146,9.556083104997931,0.2882911848202393,3,45.261650143630746,6,8.525174125843,-2.5445597605005963,0.926783715082187
湖北,CEG2000_f4_r0028_c0096,1,62.14647104933854,,,,6,63.53853396815967,4,,-1.966516739497035,0.914813146260494
湖北,CEG2000_f4_r0028_c0096,2,55.54069215389436,62.14647104933854,-6.605778895444175,-0.10629370878033925,5,57.44623935998336,2,-8.525174125843003,-1.966516739497035,0.914813146260494
湖北,CEG2000_f4_r0028_c0096,3,66.82926045762488,55.54069215389436,11.288568303730521,0.20324860684940163,7,69.63082857633597,7,12.7877611887645,-1.966516739497035,0.914813146260494
湖北,CEG2000_f4_r0028_c0096,4,52.930424038229866,66.82926045762488,-13.898836419395018,-0.2079753138703068,4,51.35394475180705,1,-12.787761188764504,-1.966516739497035,0.914813146260494
湖北,CEG2000_f4_r0028_c0096,5,55.860062863167926,52.930424038229866,2.92963882493806,0.055348863686073634,5,57.44623935998336,5,4.262587062921499,-1.966516739497035,0.914813146260494
湖北,CEG2000_f4_r0028_c0096,6,38.519717752212635,55.860062863167926,-17.34034511095529,-0.31042473320216896,2,39.16935553545444,0,-17.050348251686003,-1.966516739497035,0.914813146260494
湖北,CEG2000_f4_r0028_c0096,7,35.86943717499276,38.519717752212635,-2.650280577219874,-0.06880321902326601,1,33.07706092727814,3,-4.262587062921503,-1.966516739497035,0.914813146260494
湖北,CEG2000_f4_r0028_c0096,8,37.637671879781664,35.86943717499276,1.7682347047889024,0.04929641622650466,2,39.16935553545444,4,-1.7763568394002505e-15,-1.966516739497035,0.914813146260494
湖北,CEG2000_f4_r0028_c0096,9,42.34319171719676,37.637671879781664,4.705519837415096,0.125021543639707,3,45.261650143630746,5,4.262587062921499,-1.966516739497035,0.914813146260494
湖北,CEG2000_f4_r0028_c0096,10,43.082979688583045,42.34319171719676,0.7397879713862849,0.017471237792540714,3,45.261650143630746,4,-1.7763568394002505e-15,-1.966516739497035,0.914813146260494
湖北,CEG2000_f4_r0028_c0096,11,69.83921729552813,43.082979688583045,26.756237606945085,0.6210396263291758,7,69.63082857633597,8,17.050348251686003,-1.966516739497035,0.914813146260494
湖北,CEG2000_f4_r0028_c0096,12,82.26624529165612,69.83921729552813,12.42702799612799,0.17793767566927907,8,75.72312318451227,7,12.7877611887645,-1.966516739497035,0.914813146260494
湖北,CEG2000_f4_r0028_c0097,1,61.00500687383116,,,,6,63.53853396815967,4,,-1.7592552028189543,0.9063625141026884
湖北,CEG2000_f4_r0028_c0097,2,55.497671930509576,61.00500687383116,-5.507334943321581,-0.09027676949060422,5,57.44623935998336,3,-4.262587062921503,-1.7592552028189543,0.9063625141026884
湖北,CEG2000_f4_r0028_c0097,3,67.10549613305386,55.497671930509576,11.607824202544286,0.20915875925532187,7,69.63082857633597,7,12.7877611887645,-1.7592552028189543,0.9063625141026884
湖北,CEG2000_f4_r0028_c0097,4,53.0626404354464,67.10549613305386,-14.042855697607465,-0.20926535838083815,4,51.35394475180705,1,-12.787761188764504,-1.7592552028189543,0.9063625141026884
湖北,CEG2000_f4_r0028_c0097,5,56.97264264655498,53.0626404354464,3.9100022111085835,0.07368653687457025,5,57.44623935998336,5,4.262587062921499,-1.7592552028189543,0.9063625141026884
湖北,CEG2000_f4_r0028_c0097,6,37.598320683628,56.97264264655498,-19.374321962926977,-0.34006360005311254,2,39.16935553545444,0,-17.050348251686003,-1.7592552028189543,0.9063625141026884
湖北,CEG2000_f4_r0028_c0097,7,35.1188630462798,37.598320683628,-2.4794576373482045,-0.0659459675928524,1,33.07706092727814,3,-4.262587062921503,-1.7592552028189543,0.9063625141026884
湖北,CEG2000_f4_r0028_c0097,8,35.391117992127874,35.1188630462798,0.27225494584807564,0.0077523849644362585,1,33.07706092727814,4,-1.7763568394002505e-15,-1.7592552028189543,0.9063625141026884
湖北,CEG2000_f4_r0028_c0097,9,42.16960427373497,35.391117992127874,6.778486281607094,0.19153071917973452,2,39.16935553545444,6,8.525174125843,-1.7592552028189543,0.9063625141026884
湖北,CEG2000_f4_r0028_c0097,10,42.02734506601526,42.16960427373497,-0.1422592077197109,-0.0033735011312002283,2,39.16935553545444,4,-1.7763568394002505e-15,-1.7592552028189543,0.9063625141026884
湖北,CEG2000_f4_r0028_c0097,11,66.73290249615496,42.02734506601526,24.705557430139706,0.5878448279645783,7,69.63082857633597,8,17.050348251686003,-1.7592552028189543,0.9063625141026884
湖北,CEG2000_f4_r0028_c0097,12,79.23060912425896,66.73290249615496,12.497706628103998,0.1872795301961292,8,75.72312318451227,7,12.7877611887645,-1.7592552028189543,0.9063625141026884
湖北,CEG2000_f4_r0028_c0098,1,59.024766611460976,,,,5,57.44623935998336,4,,-1.4986250571810191,0.8469093946835319
湖北,CEG2000_f4_r0028_c0098,2,53.17646119040233,59.024766611460976,-5.848305421058647,-0.0990822286440531,4,51.35394475180705,3,-4.262587062921503,-1.4986250571810191,0.8469093946835319
湖北,CEG2000_f4_r0028_c0098,3,65.13913199437212,53.17646119040233,11.962670803969793,0.2249617694779754,6,63.53853396815967,7,12.7877611887645,-1.4986250571810191,0.8469093946835319
湖北,CEG2000_f4_r0028_c0098,4,53.32028239432677,65.13913199437212,-11.818849600045354,-0.1814400842962795,4,51.35394475180705,1,-12.787761188764504,-1.4986250571810191,0.8469093946835319
湖北,CEG2000_f4_r0028_c0098,5,56.79043207919833,53.32028239432677,3.470149684871565,0.065081232301215,5,57.44623935998336,5,4.262587062921499,-1.4986250571810191,0.8469093946835319
湖北,CEG2000_f4_r0028_c0098,6,36.80307581543628,56.79043207919833,-19.987356263762052,-0.3519493606931578,2,39.16935553545444,0,-17.050348251686003,-1.4986250571810191,0.8469093946835319
湖北,CEG2000_f4_r0028_c0098,7,34.371844989784634,36.80307581543628,-2.431230825651646,-0.06606053357724838,1,33.07706092727814,3,-4.262587062921503,-1.4986250571810191,0.8469093946835319
湖北,CEG2000_f4_r0028_c0098,8,33.90059788541559,34.371844989784634,-0.4712471043690414,-0.013710265029680448,1,33.07706092727814,4,-1.7763568394002505e-15,-1.4986250571810191,0.8469093946835319
湖北,CEG2000_f4_r0028_c0098,9,42.397917029160595,33.90059788541559,8.497319143745003,0.2506539611031651,3,45.261650143630746,6,8.525174125843,-1.4986250571810191,0.8469093946835319
湖北,CEG2000_f4_r0028_c0098,10,42.21283739545201,42.397917029160595,-0.1850796337085825,-0.004365300153337433,2,39.16935553545444,4,-1.7763568394002505e-15,-1.4986250571810191,0.8469093946835319
湖北,CEG2000_f4_r0028_c0098,11,63.18885022917721,42.21283739545201,20.9760128337252,0.49691075340946267,6,63.53853396815967,8,17.050348251686003,-1.4986250571810191,0.8469093946835319
湖北,CEG2000_f4_r0028_c0098,12,78.25273953106286,63.18885022917721,15.063889301885645,0.23839473652790016,8,75.72312318451227,8,17.050348251686003,-1.4986250571810191,0.8469093946835319
湖北,CEG2000_f4_r0028_c0099,1,58.28506460786,,,,5,57.44623935998336,4,,-1.3106010190649342,0.9408678498832844
湖北,CEG2000_f4_r0028_c0099,2,54.257738006879585,58.28506460786,-4.027326600980416,-0.0690970599085055,4,51.35394475180705,3,-4.262587062921503,-1.3106010190649342,0.9408678498832844
湖北,CEG2000_f4_r0028_c0099,3,66.52005237114246,54.257738006879585,12.26231436426287,0.2260012085779926,6,63.53853396815967,7,12.7877611887645,-1.3106010190649342,0.9408678498832844
湖北,CEG2000_f4_r0028_c0099,4,53.80902061031707,66.52005237114246,-12.711031760825385,-0.19108571487444664,4,51.35394475180705,1,-12.787761188764504,-1.3106010190649342,0.9408678498832844
湖北,CEG2000_f4_r0028_c0099,5,56.088640339948235,53.80902061031707,2.2796197296311647,0.0423650106204327,5,57.44623935998336,5,4.262587062921499,-1.3106010190649342,0.9408678498832844
湖北,CEG2000_f4_r0028_c0099,6,36.79205577421759,56.088640339948235,-19.296584565730647,-0.34403730325384557,2,39.16935553545444,0,-17.050348251686003,-1.3106010190649342,0.9408678498832844
湖北,CEG2000_f4_r0028_c0099,7,34.57079324325804,36.79205577421759,-2.2212625309595495,-0.06037342801910303,1,33.07706092727814,3,-4.262587062921503,-1.3106010190649342,0.9408678498832844
湖北,CEG2000_f4_r0028_c0099,8,34.23352132479788,34.57079324325804,-0.3372719184601607,-0.00975597858246817,1,33.07706092727814,4,-1.7763568394002505e-15,-1.3106010190649342,0.9408678498832844
湖北,CEG2000_f4_r0028_c0099,9,42.515112223289734,34.23352132479788,8.281590898491856,0.24191466661926148,3,45.261650143630746,6,8.525174125843,-1.3106010190649342,0.9408678498832844
湖北,CEG2000_f4_r0028_c0099,10,41.84505898198197,42.515112223289734,-0.6700532413077624,-0.01576035452496602,2,39.16935553545444,4,-1.7763568394002505e-15,-1.3106010190649342,0.9408678498832844
湖北,CEG2000_f4_r0028_c0099,11,60.18644904398427,41.84505898198197,18.341390062002297,0.43831674535098397,5,57.44623935998336,8,17.050348251686003,-1.3106010190649342,0.9408678498832844
湖北,CEG2000_f4_r0028_c0099,12,78.83788966958771,60.18644904398427,18.651440625603442,0.3098943519989519,8,75.72312318451227,8,17.050348251686003,-1.3106010190649342,0.9408678498832844
湖北,CEG2000_f4_r0028_c0100,1,51.91784700118009,,,,4,51.35394475180705,4,,-1.0919973147283952,0.7508471691082128
湖北,CEG2000_f4_r0028_c0100,2,46.2256663274344,51.91784700118009,-5.692180673745689,-0.10963822659318492,3,45.261650143630746,3,-4.262587062921503,-1.0919973147283952,0.7508471691082128
湖北,CEG2000_f4_r0028_c0100,3,59.12457195816381,46.2256663274344,12.89890563072941,0.2790420702507874,5,57.44623935998336,7,12.7877611887645,-1.0919973147283952,0.7508471691082128
湖北,CEG2000_f4_r0028_c0100,4,48.387953262122885,59.12457195816381,-10.736618696040928,-0.18159317421592658,4,51.35394475180705,1,-12.787761188764504,-1.0919973147283952,0.7508471691082128
湖北,CEG2000_f4_r0028_c0100,5,50.036904725682355,48.387953262122885,1.6489514635594702,0.03407772704555033,4,51.35394475180705,4,-1.7763568394002505e-15,-1.0919973147283952,0.7508471691082128
湖北,CEG2000_f4_r0028_c0100,6,32.67809404350111,50.036904725682355,-17.358810682181243,-0.3469201537814452,1,33.07706092727814,0,-17.050348251686003,-1.0919973147283952,0.7508471691082128
湖北,CEG2000_f4_r0028_c0100,7,30.91278957906685,32.67809404350111,-1.7653044644342621,-0.05402103507273977,1,33.07706092727814,4,-1.7763568394002505e-15,-1.0919973147283952,0.7508471691082128
湖北,CEG2000_f4_r0028_c0100,8,31.415513216587257,30.91278957906685,0.5027236375204076,0.0162626422385651,1,33.07706092727814,4,-1.7763568394002505e-15,-1.0919973147283952,0.7508471691082128
湖北,CEG2000_f4_r0028_c0100,9,38.0736067454804,31.415513216587257,6.65809352889314,0.21193648765151146,2,39.16935553545444,6,8.525174125843,-1.0919973147283952,0.7508471691082128
湖北,CEG2000_f4_r0028_c0100,10,36.21363378157786,38.0736067454804,-1.8599729639025355,-0.04885202960508404,2,39.16935553545444,4,-1.7763568394002505e-15,-1.0919973147283952,0.7508471691082128
湖北,CEG2000_f4_r0028_c0100,11,45.96779628626849,36.21363378157786,9.754162504690626,0.26935055906078775,3,45.261650143630746,6,8.525174125843,-1.0919973147283952,0.7508471691082128
湖北,CEG2000_f4_r0028_c0100,12,64.17497966173143,45.96779628626849,18.20718337546294,0.3960856261648069,6,63.53853396815967,8,17.050348251686003,-1.0919973147283952,0.7508471691082128
湖北,CEG2000_f4_r0028_c0101,1,50.43922038079134,,,,4,51.35394475180705,4,,-0.932984989084942,0.8183548125730086
湖北,CEG2000_f4_r0028_c0101,2,43.975470050277536,50.43922038079134,-6.463750330513804,-0.12814929100243153,3,45.261650143630746,2,-8.525174125843003,-0.932984989084942,0.8183548125730086
湖北,CEG2000_f4_r0028_c0101,3,56.70563639092466,43.975470050277536,12.730166340647123,0.2894833489236753,5,57.44623935998336,7,12.7877611887645,-0.932984989084942,0.8183548125730086
湖北,CEG2000_f4_r0028_c0101,4,46.96121779284195,56.70563639092466,-9.74441859808271,-0.17184215217876006,3,45.261650143630746,2,-8.525174125843003,-0.932984989084942,0.8183548125730086
湖北,CEG2000_f4_r0028_c0101,5,47.483785440991085,46.96121779284195,0.5225676481491348,0.011127642610426236,3,45.261650143630746,4,-1.7763568394002505e-15,-0.932984989084942,0.8183548125730086
湖北,CEG2000_f4_r0028_c0101,6,31.306471577256215,47.483785440991085,-16.17731386373487,-0.34069132680752034,1,33.07706092727814,0,-17.050348251686003,-0.932984989084942,0.8183548125730086
湖北,CEG2000_f4_r0028_c0101,7,29.407481768649937,31.306471577256215,-1.8989898086062773,-0.06065805927442399,0,26.98476631910183,4,-1.7763568394002505e-15,-0.932984989084942,0.8183548125730086
湖北,CEG2000_f4_r0028_c0101,8,29.78695409376063,29.407481768649937,0.37947232511069373,0.012903938123502741,0,26.98476631910183,4,-1.7763568394002505e-15,-0.932984989084942,0.8183548125730086
湖北,CEG2000_f4_r0028_c0101,9,36.13616488798069,29.78695409376063,6.34921079422006,0.21315407994501884,2,39.16935553545444,5,4.262587062921499,-0.932984989084942,0.8183548125730086
湖北,CEG2000_f4_r0028_c0101,10,34.707981486335264,36.13616488798069,-1.428183401645427,-0.03952227376847224,1,33.07706092727814,4,-1.7763568394002505e-15,-0.932984989084942,0.8183548125730086
湖北,CEG2000_f4_r0028_c0101,11,39.748436407352294,34.707981486335264,5.04045492101703,0.14522466318018196,2,39.16935553545444,5,4.262587062921499,-0.932984989084942,0.8183548125730086
湖北,CEG2000_f4_r0028_c0101,12,58.559093663945475,39.748436407352294,18.81065725659318,0.4732426972426458,5,57.44623935998336,8,17.050348251686003,-0.932984989084942,0.8183548125730086
湖北,CEG2000_f4_r0028_c0102,1,50.23586763570939,,,,4,51.35394475180705,4,,-0.7993379189675514,0.8431907784587901
湖北,CEG2000_f4_r0028_c0102,2,43.18294943315194,50.23586763570939,-7.05291820255745,-0.14039606628678972,3,45.261650143630746,2,-8.525174125843003,-0.7993379189675514,0.8431907784587901
湖北,CEG2000_f4_r0028_c0102,3,54.266315611173,43.18294943315194,11.083366178021059,0.25666070343755304,4,51.35394475180705,7,12.7877611887645,-0.7993379189675514,0.8431907784587901
湖北,CEG2000_f4_r0028_c0102,4,44.51272328505946,54.266315611173,-9.75359232611354,-0.1797356650486394,3,45.261650143630746,2,-8.525174125843003,-0.7993379189675514,0.8431907784587901
湖北,CEG2000_f4_r0028_c0102,5,45.21449819008805,44.51272328505946,0.7017749050285929,0.015765714906599327,3,45.261650143630746,4,-1.7763568394002505e-15,-0.7993379189675514,0.8431907784587901
湖北,CEG2000_f4_r0028_c0102,6,30.727485183453595,45.21449819008805,-14.487013006634456,-0.3204063649170457,1,33.07706092727814,1,-12.787761188764504,-0.7993379189675514,0.8431907784587901
湖北,CEG2000_f4_r0028_c0102,7,28.56677510101577,30.727485183453595,-2.1607100824378236,-0.07031848098006216,0,26.98476631910183,3,-4.262587062921503,-0.7993379189675514,0.8431907784587901
湖北,CEG2000_f4_r0028_c0102,8,29.36299042368339,28.56677510101577,0.7962153226676172,0.02787207585917899,0,26.98476631910183,4,-1.7763568394002505e-15,-0.7993379189675514,0.8431907784587901
湖北,CEG2000_f4_r0028_c0102,9,34.11189980977846,29.36299042368339,4.748909386095068,0.16173112198629222,1,33.07706092727814,5,4.262587062921499,-0.7993379189675514,0.8431907784587901
湖北,CEG2000_f4_r0028_c0102,10,34.301461987569915,34.11189980977846,0.18956217779145845,0.0055570689069952914,1,33.07706092727814,4,-1.7763568394002505e-15,-0.7993379189675514,0.8431907784587901
湖北,CEG2000_f4_r0028_c0102,11,36.14540058292719,34.301461987569915,1.8439385953572724,0.05375685141424802,2,39.16935553545444,4,-1.7763568394002505e-15,-0.7993379189675514,0.8431907784587901
湖北,CEG2000_f4_r0028_c0102,12,54.635011106145555,36.14540058292719,18.489610523218367,0.5115342540138204,5,57.44623935998336,8,17.050348251686003,-0.7993379189675514,0.8431907784587901
湖北,CEG2000_f4_r0028_c0103,1,50.7364441305541,,,,4,51.35394475180705,4,,-0.6921930680473327,0.9224663068373484
湖北,CEG2000_f4_r0028_c0103,2,44.17397111574404,50.7364441305541,-6.56247301481006,-0.12934436236649977,3,45.261650143630746,2,-8.525174125843003,-0.6921930680473327,0.9224663068373484
湖北,CEG2000_f4_r0028_c0103,3,53.877292931352265,44.17397111574404,9.703321815608227,0.21966152398170669,4,51.35394475180705,6,8.525174125843,-0.6921930680473327,0.9224663068373484
湖北,CEG2000_f4_r0028_c0103,4,45.34082719972955,53.877292931352265,-8.536465731622712,-0.1584427365810574,3,45.261650143630746,2,-8.525174125843003,-0.6921930680473327,0.9224663068373484
湖北,CEG2000_f4_r0028_c0103,5,47.84675111878807,45.34082719972955,2.5059239190585174,0.05526859728473292,3,45.261650143630746,5,4.262587062921499,-0.6921930680473327,0.9224663068373484
湖北,CEG2000_f4_r0028_c0103,6,32.21733408832241,47.84675111878807,-15.62941703046566,-0.32665576376675715,1,33.07706092727814,0,-17.050348251686003,-0.6921930680473327,0.9224663068373484
湖北,CEG2000_f4_r0028_c0103,7,29.632770247048207,32.21733408832241,-2.5845638412742034,-0.08022277182180049,0,26.98476631910183,3,-4.262587062921503,-0.6921930680473327,0.9224663068373484
湖北,CEG2000_f4_r0028_c0103,8,30.221382122648784,29.632770247048207,0.5886118756005772,0.01986354534838707,1,33.07706092727814,4,-1.7763568394002505e-15,-0.6921930680473327,0.9224663068373484
湖北,CEG2000_f4_r0028_c0103,9,34.94422262469289,30.221382122648784,4.722840502044107,0.15627480182333134,1,33.07706092727814,5,4.262587062921499,-0.6921930680473327,0.9224663068373484
湖北,CEG2000_f4_r0028_c0103,10,36.67649819862433,34.94422262469289,1.7322755739314388,0.04957258865181761,2,39.16935553545444,4,-1.7763568394002505e-15,-0.6921930680473327,0.9224663068373484
湖北,CEG2000_f4_r0028_c0103,11,37.77359880408456,36.67649819862433,1.097100605460227,0.02991290497579121,2,39.16935553545444,4,-1.7763568394002505e-15,-0.6921930680473327,0.9224663068373484
湖北,CEG2000_f4_r0028_c0103,12,55.02789458830253,37.77359880408456,17.254295784217973,0.4567818881570856,5,57.44623935998336,8,17.050348251686003,-0.6921930680473327,0.9224663068373484
湖北,CEG2000_f4_r0028_c0104,1,50.87965150224275,,,,4,51.35394475180705,4,,-0.5878522482855164,0.971392935326072
湖北,CEG2000_f4_r0028_c0104,2,44.99478377589174,50.87965150224275,-5.884867726351011,-0.11566250067753725,3,45.261650143630746,3,-4.262587062921503,-0.5878522482855164,0.971392935326072
湖北,CEG2000_f4_r0028_c0104,3,56.02415104995359,44.99478377589174,11.029367274061848,0.2451254645204317,5,57.44623935998336,7,12.7877611887645,-0.5878522482855164,0.971392935326072
湖北,CEG2000_f4_r0028_c0104,4,46.353011827723584,56.02415104995359,-9.671139222230003,-0.17262446714465682,3,45.261650143630746,2,-8.525174125843003,-0.5878522482855164,0.971392935326072
湖北,CEG2000_f4_r0028_c0104,5,50.81904358514561,46.353011827723584,4.466031757422023,0.0963482540038726,4,51.35394475180705,5,4.262587062921499,-0.5878522482855164,0.971392935326072
湖北,CEG2000_f4_r0028_c0104,6,32.80158777335912,50.81904358514561,-18.01745581178649,-0.3545414187419495,1,33.07706092727814,0,-17.050348251686003,-0.5878522482855164,0.971392935326072
湖北,CEG2000_f4_r0028_c0104,7,30.626979464491207,32.80158777335912,-2.17460830886791,-0.06629582457694591,1,33.07706092727814,3,-4.262587062921503,-0.5878522482855164,0.971392935326072
湖北,CEG2000_f4_r0028_c0104,8,31.28459003356219,30.626979464491207,0.6576105690709824,0.02147161034386082,1,33.07706092727814,4,-1.7763568394002505e-15,-0.5878522482855164,0.971392935326072
湖北,CEG2000_f4_r0028_c0104,9,36.36672814107427,31.28459003356219,5.08213810751208,0.1624486081505287,2,39.16935553545444,5,4.262587062921499,-0.5878522482855164,0.971392935326072
湖北,CEG2000_f4_r0028_c0104,10,38.98842595023237,36.36672814107427,2.6216978091581,0.07209056033272987,2,39.16935553545444,5,4.262587062921499,-0.5878522482855164,0.971392935326072
湖北,CEG2000_f4_r0028_c0104,11,40.405571834933106,38.98842595023237,1.4171458847007372,0.03634786093980004,2,39.16935553545444,4,-1.7763568394002505e-15,-0.5878522482855164,0.971392935326072
湖北,CEG2000_f4_r0028_c0104,12,58.225130103937495,40.405571834933106,17.81955826900439,0.4410173513148571,5,57.44623935998336,8,17.050348251686003,-0.5878522482855164,0.971392935326072
湖北,CEG2000_f4_r0028_c0105,1,50.06607848916298,,,,4,51.35394475180705,4,,-0.5047331027088252,0.951774330164092
湖北,CEG2000_f4_r0028_c0105,2,46.46660627969996,50.06607848916298,-3.5994722094630234,-0.07189443068208637,3,45.261650143630746,3,-4.262587062921503,-0.5047331027088252,0.951774330164092
湖北,CEG2000_f4_r0028_c0105,3,57.758353041666304,46.46660627969996,11.291746761966344,0.24300777840320592,5,57.44623935998336,7,12.7877611887645,-0.5047331027088252,0.951774330164092
湖北,CEG2000_f4_r0028_c0105,4,48.24369389912023,57.758353041666304,-9.514659142546073,-0.1647321753735307,3,45.261650143630746,2,-8.525174125843003,-0.5047331027088252,0.951774330164092
湖北,CEG2000_f4_r0028_c0105,5,54.72978805543744,48.24369389912023,6.486094156317208,0.13444439328961683,5,57.44623935998336,6,8.525174125843,-0.5047331027088252,0.951774330164092
湖北,CEG2000_f4_r0028_c0105,6,34.576415746839636,54.72978805543744,-20.153372308597802,-0.36823406456797986,1,33.07706092727814,0,-17.050348251686003,-0.5047331027088252,0.951774330164092
湖北,CEG2000_f4_r0028_c0105,7,33.46788078296549,34.576415746839636,-1.108534963874149,-0.032060435991705466,1,33.07706092727814,4,-1.7763568394002505e-15,-0.5047331027088252,0.951774330164092
湖北,CEG2000_f4_r0028_c0105,8,31.82889670264419,33.46788078296549,-1.638984080321297,-0.04897185127883892,1,33.07706092727814,4,-1.7763568394002505e-15,-0.5047331027088252,0.951774330164092
湖北,CEG2000_f4_r0028_c0105,9,38.71454452748227,31.82889670264419,6.8856478248380775,0.21633322352219803,2,39.16935553545444,6,8.525174125843,-0.5047331027088252,0.951774330164092
湖北,CEG2000_f4_r0028_c0105,10,40.91445809815654,38.71454452748227,2.199913570674269,0.05682395589369824,2,39.16935553545444,5,4.262587062921499,-0.5047331027088252,0.951774330164092
湖北,CEG2000_f4_r0028_c0105,11,44.08991758214439,40.91445809815654,3.1754594839878507,0.07761216038520441,3,45.261650143630746,5,4.262587062921499,-0.5047331027088252,0.951774330164092
湖北,CEG2000_f4_r0028_c0105,12,64.35163855387732,44.08991758214439,20.261720971732935,0.459554521370631,6,63.53853396815967,8,17.050348251686003,-0.5047331027088252,0.951774330164092
湖北,CEG2000_f4_r0029_c0087,1,52.55014862566906,,,,4,51.35394475180705,4,,-2.8542617160819135,0.9684616229594484
湖北,CEG2000_f4_r0029_c0087,2,42.94170703013108,52.55014862566906,-9.608441595537982,-0.18284328107198858,3,45.261650143630746,2,-8.525174125843003,-2.8542617160819135,0.9684616229594484
湖北,CEG2000_f4_r0029_c0087,3,48.8774452151622,42.94170703013108,5.93573818503112,0.13822781150423682,4,51.35394475180705,5,4.262587062921499,-2.8542617160819135,0.9684616229594484
湖北,CEG2000_f4_r0029_c0087,4,35.392335878850965,48.8774452151622,-13.485109336311233,-0.2758963623599549,1,33.07706092727814,1,-12.787761188764504,-2.8542617160819135,0.9684616229594484
湖北,CEG2000_f4_r0029_c0087,5,33.94364670105402,35.392335878850965,-1.4486891777969433,-0.04093228496575784,1,33.07706092727814,4,-1.7763568394002505e-15,-2.8542617160819135,0.9684616229594484
湖北,CEG2000_f4_r0029_c0087,6,24.56945981138629,33.94364670105402,-9.37418688966773,-0.27616911559996415,0,26.98476631910183,2,-8.525174125843003,-2.8542617160819135,0.9684616229594484
湖北,CEG2000_f4_r0029_c0087,7,23.668775703350747,24.56945981138629,-0.900684108035545,-0.036658685821742754,0,26.98476631910183,4,-1.7763568394002505e-15,-2.8542617160819135,0.9684616229594484
湖北,CEG2000_f4_r0029_c0087,8,20.51780446876729,23.668775703350747,-3.150971234583455,-0.13312776605244425,0,26.98476631910183,3,-4.262587062921503,-2.8542617160819135,0.9684616229594484
湖北,CEG2000_f4_r0029_c0087,9,24.51355475396148,20.51780446876729,3.9957502851941875,0.1947455095050066,0,26.98476631910183,5,4.262587062921499,-2.8542617160819135,0.9684616229594484
湖北,CEG2000_f4_r0029_c0087,10,25.05993332907985,24.51355475396148,0.5463785751183714,0.02228883491612226,0,26.98476631910183,4,-1.7763568394002505e-15,-2.8542617160819135,0.9684616229594484
湖北,CEG2000_f4_r0029_c0087,11,33.59319888670176,25.05993332907985,8.533265557621906,0.34051429609031725,1,33.07706092727814,6,8.525174125843,-2.8542617160819135,0.9684616229594484
湖北,CEG2000_f4_r0029_c0087,12,42.74948865815827,33.59319888670176,9.156289771456514,0.2725637949019834,3,45.261650143630746,6,8.525174125843,-2.8542617160819135,0.9684616229594484
湖北,CEG2000_f4_r0029_c0088,1,50.51843883593306,,,,4,51.35394475180705,4,,-2.83016503809231,0.8848247611598429
湖北,CEG2000_f4_r0029_c0088,2,42.23740143089415,50.51843883593306,-8.281037405038909,-0.16392108695070606,3,45.261650143630746,2,-8.525174125843003,-2.83016503809231,0.8848247611598429
湖北,CEG2000_f4_r0029_c0088,3,47.79542502232646,42.23740143089415,5.55802359143231,0.13159009321456375,3,45.261650143630746,5,4.262587062921499,-2.83016503809231,0.8848247611598429
湖北,CEG2000_f4_r0029_c0088,4,35.67575366014883,47.79542502232646,-12.119671362177634,-0.2535738798539029,1,33.07706092727814,1,-12.787761188764504,-2.83016503809231,0.8848247611598429
湖北,CEG2000_f4_r0029_c0088,5,34.00818855167733,35.67575366014883,-1.6675651084715,-0.046742253137997014,1,33.07706092727814,4,-1.7763568394002505e-15,-2.83016503809231,0.8848247611598429
湖北,CEG2000_f4_r0029_c0088,6,25.08388713422185,34.00818855167733,-8.924301417455478,-0.2624162531883904,0,26.98476631910183,2,-8.525174125843003,-2.83016503809231,0.8848247611598429
湖北,CEG2000_f4_r0029_c0088,7,24.24766330023518,25.08388713422185,-0.8362238339866721,-0.03333709123757837,0,26.98476631910183,4,-1.7763568394002505e-15,-2.83016503809231,0.8848247611598429
湖北,CEG2000_f4_r0029_c0088,8,21.85118064744454,24.24766330023518,-2.396482652790638,-0.09883355039689101,0,26.98476631910183,3,-4.262587062921503,-2.83016503809231,0.8848247611598429
湖北,CEG2000_f4_r0029_c0088,9,25.628277844449645,21.85118064744454,3.777097197005105,0.17285552016370476,0,26.98476631910183,5,4.262587062921499,-2.83016503809231,0.8848247611598429
湖北,CEG2000_f4_r0029_c0088,10,25.64353840870308,25.628277844449645,0.015260564253434694,0.0005954580462276243,0,26.98476631910183,4,-1.7763568394002505e-15,-2.83016503809231,0.8848247611598429
湖北,CEG2000_f4_r0029_c0088,11,33.167014359673324,25.64353840870308,7.523475950970244,0.29338681078492956,1,33.07706092727814,6,8.525174125843,-2.83016503809231,0.8848247611598429
湖北,CEG2000_f4_r0029_c0088,12,42.7278287203441,33.167014359673324,9.560814360670776,0.2882627377004863,3,45.261650143630746,6,8.525174125843,-2.83016503809231,0.8848247611598429
湖北,CEG2000_f4_r0029_c0089,1,52.74131055561739,,,,4,51.35394475180705,4,,-2.797368281406575,0.7892386497038573
湖北,CEG2000_f4_r0029_c0089,2,43.79236416597425,52.74131055561739,-8.94894638964314,-0.1696762233506919,3,45.261650143630746,2,-8.525174125843003,-2.797368281406575,0.7892386497038573
湖北,CEG2000_f4_r0029_c0089,3,47.53221497051195,43.79236416597425,3.739850804537703,0.085399609629742,3,45.261650143630746,5,4.262587062921499,-2.797368281406575,0.7892386497038573
湖北,CEG2000_f4_r0029_c0089,4,36.45551631725511,47.53221497051195,-11.076698653256841,-0.23303560879981305,2,39.16935553545444,1,-12.787761188764504,-2.797368281406575,0.7892386497038573
湖北,CEG2000_f4_r0029_c0089,5,35.58265995662969,36.45551631725511,-0.8728563606254198,-0.023943053035632905,1,33.07706092727814,4,-1.7763568394002505e-15,-2.797368281406575,0.7892386497038573
湖北,CEG2000_f4_r0029_c0089,6,26.259320462041753,35.58265995662969,-9.323339494587938,-0.26201918310637234,0,26.98476631910183,2,-8.525174125843003,-2.797368281406575,0.7892386497038573
湖北,CEG2000_f4_r0029_c0089,7,25.07941686349802,26.259320462041753,-1.1799035985437314,-0.04493275445757631,0,26.98476631910183,4,-1.7763568394002505e-15,-2.797368281406575,0.7892386497038573
湖北,CEG2000_f4_r0029_c0089,8,24.02373936289278,25.07941686349802,-1.055677500605242,-0.04209338304598835,0,26.98476631910183,4,-1.7763568394002505e-15,-2.797368281406575,0.7892386497038573
湖北,CEG2000_f4_r0029_c0089,9,27.36052854520365,24.02373936289278,3.33678918231087,0.1388954954891367,0,26.98476631910183,5,4.262587062921499,-2.797368281406575,0.7892386497038573
湖北,CEG2000_f4_r0029_c0089,10,28.57008253903177,27.36052854520365,1.20955399382812,0.04420799078606093,0,26.98476631910183,4,-1.7763568394002505e-15,-2.797368281406575,0.7892386497038573
湖北,CEG2000_f4_r0029_c0089,11,36.0490280224677,28.57008253903177,7.478945483435933,0.2617754244573279,1,33.07706092727814,6,8.525174125843,-2.797368281406575,0.7892386497038573
湖北,CEG2000_f4_r0029_c0089,12,46.55722934628915,36.0490280224677,10.508201323821446,0.2914974938373419,3,45.261650143630746,6,8.525174125843,-2.797368281406575,0.7892386497038573
湖北,CEG2000_f4_r0029_c0090,1,48.79064143811511,,,,4,51.35394475180705,4,,-2.757231384546599,0.7410348052834078
湖北,CEG2000_f4_r0029_c0090,2,42.58615290450357,48.79064143811511,-6.2044885336115385,-0.12716554549669457,3,45.261650143630746,3,-4.262587062921503,-2.757231384546599,0.7410348052834078
湖北,CEG2000_f4_r0029_c0090,3,47.728952472684675,42.58615290450357,5.142799568181104,0.12076224822921826,3,45.261650143630746,5,4.262587062921499,-2.757231384546599,0.7410348052834078
湖北,CEG2000_f4_r0029_c0090,4,36.091558105279816,47.728952472684675,-11.637394367404859,-0.24382253882619676,1,33.07706092727814,1,-12.787761188764504,-2.757231384546599,0.7410348052834078
湖北,CEG2000_f4_r0029_c0090,5,33.74358641660687,36.091558105279816,-2.347971688672949,-0.0650559801775215,1,33.07706092727814,3,-4.262587062921503,-2.757231384546599,0.7410348052834078
湖北,CEG2000_f4_r0029_c0090,6,25.872316964462183,33.74358641660687,-7.871269452144684,-0.2332671268241614,0,26.98476631910183,2,-8.525174125843003,-2.757231384546599,0.7410348052834078
湖北,CEG2000_f4_r0029_c0090,7,24.4648084545278,25.872316964462183,-1.407508509934381,-0.05440210522574043,0,26.98476631910183,4,-1.7763568394002505e-15,-2.757231384546599,0.7410348052834078
湖北,CEG2000_f4_r0029_c0090,8,23.822461502492263,24.4648084545278,-0.6423469520355383,-0.026255956723693723,0,26.98476631910183,4,-1.7763568394002505e-15,-2.757231384546599,0.7410348052834078
湖北,CEG2000_f4_r0029_c0090,9,26.367008322646956,23.822461502492263,2.544546820154693,0.1068129261070896,0,26.98476631910183,5,4.262587062921499,-2.757231384546599,0.7410348052834078
湖北,CEG2000_f4_r0029_c0090,10,25.80624563116984,26.367008322646956,-0.560762691477116,-0.02126758882218237,0,26.98476631910183,4,-1.7763568394002505e-15,-2.757231384546599,0.7410348052834078
湖北,CEG2000_f4_r0029_c0090,11,33.96019623874674,25.80624563116984,8.153950607576899,0.3159681080353751,1,33.07706092727814,6,8.525174125843,-2.757231384546599,0.7410348052834078
湖北,CEG2000_f4_r0029_c0090,12,40.5093749439242,33.96019623874674,6.549178705177461,0.19284867081260276,2,39.16935553545444,6,8.525174125843,-2.757231384546599,0.7410348052834078
湖北,CEG2000_f4_r0029_c0091,1,46.9752112433301,,,,3,45.261650143630746,4,,-2.707164598355769,0.6638047847978223
湖北,CEG2000_f4_r0029_c0091,2,41.69600167991967,46.9752112433301,-5.279209563410433,-0.11238288075096235,2,39.16935553545444,3,-4.262587062921503,-2.707164598355769,0.6638047847978223
湖北,CEG2000_f4_r0029_c0091,3,45.49817826366407,41.69600167991967,3.802176583744405,0.09118803795461979,3,45.261650143630746,5,4.262587062921499,-2.707164598355769,0.6638047847978223
湖北,CEG2000_f4_r0029_c0091,4,35.29912079326889,45.49817826366407,-10.199057470395182,-0.22416408435720583,1,33.07706092727814,2,-8.525174125843003,-2.707164598355769,0.6638047847978223
湖北,CEG2000_f4_r0029_c0091,5,33.01203553216661,35.29912079326889,-2.287085261102284,-0.06479156448390644,1,33.07706092727814,3,-4.262587062921503,-2.707164598355769,0.6638047847978223
湖北,CEG2000_f4_r0029_c0091,6,25.489895833997693,33.01203553216661,-7.522139698168914,-0.22786052350026748,0,26.98476631910183,2,-8.525174125843003,-2.707164598355769,0.6638047847978223
湖北,CEG2000_f4_r0029_c0091,7,23.844044784913144,25.489895833997693,-1.6458510490845484,-0.06456876323870102,0,26.98476631910183,4,-1.7763568394002505e-15,-2.707164598355769,0.6638047847978223
湖北,CEG2000_f4_r0029_c0091,8,23.11542360651977,23.844044784913144,-0.7286211783933751,-0.030557784342629485,0,26.98476631910183,4,-1.7763568394002505e-15,-2.707164598355769,0.6638047847978223
湖北,CEG2000_f4_r0029_c0091,9,25.269412779472063,23.11542360651977,2.1539891729522935,0.09318406660498123,0,26.98476631910183,5,4.262587062921499,-2.707164598355769,0.6638047847978223
湖北,CEG2000_f4_r0029_c0091,10,23.841216227366523,25.269412779472063,-1.4281965521055398,-0.056518786747025394,0,26.98476631910183,4,-1.7763568394002505e-15,-2.707164598355769,0.6638047847978223
湖北,CEG2000_f4_r0029_c0091,11,31.810304547494916,23.841216227366523,7.969088320128392,0.33425678640425005,1,33.07706092727814,6,8.525174125843,-2.707164598355769,0.6638047847978223
湖北,CEG2000_f4_r0029_c0091,12,38.37344936591914,31.810304547494916,6.563144818424227,0.20632134497879492,2,39.16935553545444,6,8.525174125843,-2.707164598355769,0.6638047847978223
湖北,CEG2000_f4_r0029_c0092,1,47.91659563058482,,,,3,45.261650143630746,4,,-2.668542802819022,0.5862824077293857
湖北,CEG2000_f4_r0029_c0092,2,42.55628722315736,47.91659563058482,-5.3603084074274605,-0.1118674717367862,3,45.261650143630746,3,-4.262587062921503,-2.668542802819022,0.5862824077293857
湖北,CEG2000_f4_r0029_c0092,3,45.634321566539846,42.55628722315736,3.078034343382484,0.07232854518632785,3,45.261650143630746,5,4.262587062921499,-2.668542802819022,0.5862824077293857
湖北,CEG2000_f4_r0029_c0092,4,35.68466958547579,45.634321566539846,-9.949651981064058,-0.2180300186243894,1,33.07706092727814,2,-8.525174125843003,-2.668542802819022,0.5862824077293857
湖北,CEG2000_f4_r0029_c0092,5,33.33026553348146,35.68466958547579,-2.3544040519943294,-0.0659780258397743,1,33.07706092727814,3,-4.262587062921503,-2.668542802819022,0.5862824077293857
湖北,CEG2000_f4_r0029_c0092,6,25.700986901902027,33.33026553348146,-7.629278631579432,-0.22889942547609005,0,26.98476631910183,2,-8.525174125843003,-2.668542802819022,0.5862824077293857
湖北,CEG2000_f4_r0029_c0092,7,22.905267582486747,25.700986901902027,-2.79571931941528,-0.10877867570168599,0,26.98476631910183,3,-4.262587062921503,-2.668542802819022,0.5862824077293857
湖北,CEG2000_f4_r0029_c0092,8,22.656913289911564,22.905267582486747,-0.2483542925751827,-0.010842671524390885,0,26.98476631910183,4,-1.7763568394002505e-15,-2.668542802819022,0.5862824077293857
湖北,CEG2000_f4_r0029_c0092,9,24.940160609680433,22.656913289911564,2.2832473197688685,0.10077486242512695,0,26.98476631910183,5,4.262587062921499,-2.668542802819022,0.5862824077293857
湖北,CEG2000_f4_r0029_c0092,10,23.598713622266633,24.940160609680433,-1.3414469874138,-0.053786621842889105,0,26.98476631910183,4,-1.7763568394002505e-15,-2.668542802819022,0.5862824077293857
湖北,CEG2000_f4_r0029_c0092,11,31.170847150419952,23.598713622266633,7.572133528153319,0.32087060546421525,1,33.07706092727814,6,8.525174125843,-2.668542802819022,0.5862824077293857
湖北,CEG2000_f4_r0029_c0092,12,38.79305089417658,31.170847150419952,7.622203743756629,0.24452988739685047,2,39.16935553545444,6,8.525174125843,-2.668542802819022,0.5862824077293857
湖北,CEG2000_f4_r0029_c0093,1,52.09636435298162,,,,4,51.35394475180705,4,,-2.603720684653541,0.5092920936364392
湖北,CEG2000_f4_r0029_c0093,2,43.30500496539001,52.09636435298162,-8.791359387591605,-0.16875187926791385,3,45.261650143630746,2,-8.525174125843003,-2.603720684653541,0.5092920936364392
湖北,CEG2000_f4_r0029_c0093,3,51.43530886224568,43.30500496539001,8.130303896855665,0.18774513253961111,4,51.35394475180705,6,8.525174125843,-2.603720684653541,0.5092920936364392
湖北,CEG2000_f4_r0029_c0093,4,38.82158320974463,51.43530886224568,-12.613725652501046,-0.24523476054714077,2,39.16935553545444,1,-12.787761188764504,-2.603720684653541,0.5092920936364392
湖北,CEG2000_f4_r0029_c0093,5,37.02525610275168,38.82158320974463,-1.7963271069929476,-0.04627135110095279,2,39.16935553545444,4,-1.7763568394002505e-15,-2.603720684653541,0.5092920936364392
湖北,CEG2000_f4_r0029_c0093,6,27.368448962780644,37.02525610275168,-9.65680713997104,-0.26081675473551563,0,26.98476631910183,2,-8.525174125843003,-2.603720684653541,0.5092920936364392
湖北,CEG2000_f4_r0029_c0093,7,24.237412073639657,27.368448962780644,-3.1310368891409865,-0.1144031542817424,0,26.98476631910183,3,-4.262587062921503,-2.603720684653541,0.5092920936364392
湖北,CEG2000_f4_r0029_c0093,8,26.2844553338769,24.237412073639657,2.047043260237242,0.08445799634126713,0,26.98476631910183,4,-1.7763568394002505e-15,-2.603720684653541,0.5092920936364392
湖北,CEG2000_f4_r0029_c0093,9,28.48300394758204,26.2844553338769,2.1985486137051424,0.08364444253374077,0,26.98476631910183,5,4.262587062921499,-2.603720684653541,0.5092920936364392
湖北,CEG2000_f4_r0029_c0093,10,26.849320134405,28.48300394758204,-1.63368381317704,-0.05735644372986598,0,26.98476631910183,4,-1.7763568394002505e-15,-2.603720684653541,0.5092920936364392
湖北,CEG2000_f4_r0029_c0093,11,34.8227145985692,26.849320134405,7.973394464164198,0.2969682071743413,1,33.07706092727814,6,8.525174125843,-2.603720684653541,0.5092920936364392
湖北,CEG2000_f4_r0029_c0093,12,48.474621202899215,34.8227145985692,13.651906604330016,0.3920402749098414,4,51.35394475180705,7,12.7877611887645,-2.603720684653541,0.5092920936364392
湖北,CEG2000_f4_r0029_c0094,1,58.67965273672121,,,,5,57.44623935998336,4,,-2.471581707865404,0.9036705125209128
湖北,CEG2000_f4_r0029_c0094,2,50.05693643048285,58.67965273672121,-8.62271630623836,-0.14694559194012305,4,51.35394475180705,2,-8.525174125843003,-2.471581707865404,0.9036705125209128
湖北,CEG2000_f4_r0029_c0094,3,58.34895638818944,50.05693643048285,8.292019957706593,0.16565176674809556,5,57.44623935998336,6,8.525174125843,-2.471581707865404,0.9036705125209128
湖北,CEG2000_f4_r0029_c0094,4,45.74815652725815,58.34895638818944,-12.60079986093129,-0.215955873779464,3,45.261650143630746,1,-12.787761188764504,-2.471581707865404,0.9036705125209128
湖北,CEG2000_f4_r0029_c0094,5,45.56121840972016,45.74815652725815,-0.1869381175379914,-0.004086243724959889,3,45.261650143630746,4,-1.7763568394002505e-15,-2.471581707865404,0.9036705125209128
湖北,CEG2000_f4_r0029_c0094,6,33.370644513791405,45.56121840972016,-12.190573895928758,-0.2675647035226781,1,33.07706092727814,1,-12.787761188764504,-2.471581707865404,0.9036705125209128
湖北,CEG2000_f4_r0029_c0094,7,30.72962746430664,33.370644513791405,-2.6410170494847662,-0.0791419251250388,1,33.07706092727814,3,-4.262587062921503,-2.471581707865404,0.9036705125209128
湖北,CEG2000_f4_r0029_c0094,8,34.39400984914864,30.72962746430664,3.664382384842,0.11924590980148676,1,33.07706092727814,5,4.262587062921499,-2.471581707865404,0.9036705125209128
湖北,CEG2000_f4_r0029_c0094,9,37.335364348935315,34.39400984914864,2.9413544997866765,0.0855193829590499,2,39.16935553545444,5,4.262587062921499,-2.471581707865404,0.9036705125209128
湖北,CEG2000_f4_r0029_c0094,10,35.6316066757784,37.335364348935315,-1.7037576731569146,-0.04563388366144337,1,33.07706092727814,4,-1.7763568394002505e-15,-2.471581707865404,0.9036705125209128
湖北,CEG2000_f4_r0029_c0094,11,48.020910385255114,35.6316066757784,12.389303709476714,0.3477054465214081,3,45.261650143630746,7,12.7877611887645,-2.471581707865404,0.9036705125209128
湖北,CEG2000_f4_r0029_c0094,12,65.998806665188,48.020910385255114,17.977896279932885,0.37437641510130604,6,63.53853396815967,8,17.050348251686003,-2.471581707865404,0.9036705125209128
湖北,CEG2000_f4_r0029_c0095,1,64.19445325539478,,,,6,63.53853396815967,4,,-2.2964268671282744,0.8764827753191794
湖北,CEG2000_f4_r0029_c0095,2,55.39508572722088,64.19445325539478,-8.799367528173896,-0.13707364237788588,5,57.44623935998336,2,-8.525174125843003,-2.2964268671282744,0.8764827753191794
湖北,CEG2000_f4_r0029_c0095,3,65.75181519492357,55.39508572722088,10.356729467702685,0.18696115967220966,6,63.53853396815967,6,8.525174125843,-2.2964268671282744,0.8764827753191794
湖北,CEG2000_f4_r0029_c0095,4,52.405257009015294,65.75181519492357,-13.346558185908272,-0.20298387422981298,4,51.35394475180705,1,-12.787761188764504,-2.2964268671282744,0.8764827753191794
湖北,CEG2000_f4_r0029_c0095,5,55.13071922881554,52.405257009015294,2.7254622198002494,0.05200742015884756,5,57.44623935998336,5,4.262587062921499,-2.2964268671282744,0.8764827753191794
湖北,CEG2000_f4_r0029_c0095,6,39.4966355336552,55.13071922881554,-15.634083695160342,-0.28358207391186674,2,39.16935553545444,0,-17.050348251686003,-2.2964268671282744,0.8764827753191794
湖北,CEG2000_f4_r0029_c0095,7,35.96475508133452,39.4966355336552,-3.531880452320678,-0.08942231166275294,1,33.07706092727814,3,-4.262587062921503,-2.2964268671282744,0.8764827753191794
湖北,CEG2000_f4_r0029_c0095,8,38.67299445575745,35.96475508133452,2.7082393744229236,0.07530259467354145,2,39.16935553545444,5,4.262587062921499,-2.2964268671282744,0.8764827753191794
湖北,CEG2000_f4_r0029_c0095,9,43.46492909586705,38.67299445575745,4.791934640109602,0.12390906645699896,3,45.261650143630746,5,4.262587062921499,-2.2964268671282744,0.8764827753191794
湖北,CEG2000_f4_r0029_c0095,10,44.37850860003408,43.46492909586705,0.913579504167032,0.02101877359910157,3,45.261650143630746,4,-1.7763568394002505e-15,-2.2964268671282744,0.8764827753191794
湖北,CEG2000_f4_r0029_c0095,11,66.47608039974612,44.37850860003408,22.097571799712043,0.4979340788323624,6,63.53853396815967,8,17.050348251686003,-2.2964268671282744,0.8764827753191794
湖北,CEG2000_f4_r0029_c0095,12,83.87188916652575,66.47608039974612,17.395808766779624,0.2616852356843539,8,75.72312318451227,8,17.050348251686003,-2.2964268671282744,0.8764827753191794
湖北,CEG2000_f4_r0029_c0096,1,63.520896484779186,,,,6,63.53853396815967,4,,-2.0886241822851748,0.7630328737013666
湖北,CEG2000_f4_r0029_c0096,2,57.204722409823006,63.520896484779186,-6.31617407495618,-0.099434586482413,5,57.44623935998336,3,-4.262587062921503,-2.0886241822851748,0.7630328737013666
湖北,CEG2000_f4_r0029_c0096,3,67.35825323132788,57.204722409823006,10.153530821504873,0.17749462620871564,7,69.63082857633597,6,8.525174125843,-2.0886241822851748,0.7630328737013666
湖北,CEG2000_f4_r0029_c0096,4,52.975835003256144,67.35825323132788,-14.382418228071735,-0.21352124703528635,4,51.35394475180705,1,-12.787761188764504,-2.0886241822851748,0.7630328737013666
湖北,CEG2000_f4_r0029_c0096,5,56.99108298915505,52.975835003256144,4.01524798589891,0.07579395370836747,5,57.44623935998336,5,4.262587062921499,-2.0886241822851748,0.7630328737013666
湖北,CEG2000_f4_r0029_c0096,6,40.30430152420056,56.99108298915505,-16.686781464954493,-0.29279635672355714,2,39.16935553545444,0,-17.050348251686003,-2.0886241822851748,0.7630328737013666
湖北,CEG2000_f4_r0029_c0096,7,35.62795712349443,40.30430152420056,-4.676344400706128,-0.11602593827108591,1,33.07706092727814,3,-4.262587062921503,-2.0886241822851748,0.7630328737013666
湖北,CEG2000_f4_r0029_c0096,8,37.794523880090175,35.62795712349443,2.166566756595742,0.06081086123141833,2,39.16935553545444,5,4.262587062921499,-2.0886241822851748,0.7630328737013666
湖北,CEG2000_f4_r0029_c0096,9,43.5580479082441,37.794523880090175,5.763524028153924,0.15249627291085147,3,45.261650143630746,5,4.262587062921499,-2.0886241822851748,0.7630328737013666
湖北,CEG2000_f4_r0029_c0096,10,44.08937227584698,43.5580479082441,0.5313243676028847,0.012198075743020674,3,45.261650143630746,4,-1.7763568394002505e-15,-2.0886241822851748,0.7630328737013666
湖北,CEG2000_f4_r0029_c0096,11,70.58987805432284,44.08937227584698,26.500505778475855,0.6010633495227453,7,69.63082857633597,8,17.050348251686003,-2.0886241822851748,0.7630328737013666
湖北,CEG2000_f4_r0029_c0096,12,83.97169654831839,70.58987805432284,13.381818493995553,0.18957135021110957,8,75.72312318451227,7,12.7877611887645,-2.0886241822851748,0.7630328737013666
湖北,CEG2000_f4_r0029_c0097,1,61.32628085476346,,,,6,63.53853396815967,4,,-1.8181980968097595,0.6849457613923452
湖北,CEG2000_f4_r0029_c0097,2,55.120728338443705,61.32628085476346,-6.205552516319756,-0.10118912201795041,5,57.44623935998336,3,-4.262587062921503,-1.8181980968097595,0.6849457613923452
湖北,CEG2000_f4_r0029_c0097,3,65.14640725506497,55.120728338443705,10.025678916621267,0.18188582079436896,6,63.53853396815967,6,8.525174125843,-1.8181980968097595,0.6849457613923452
湖北,CEG2000_f4_r0029_c0097,4,52.25815140563537,65.14640725506497,-12.888255849429605,-0.19783525128206628,4,51.35394475180705,1,-12.787761188764504,-1.8181980968097595,0.6849457613923452
湖北,CEG2000_f4_r0029_c0097,5,58.05406024110132,52.25815140563537,5.795908835465951,0.11090918219585046,5,57.44623935998336,5,4.262587062921499,-1.8181980968097595,0.6849457613923452
湖北,CEG2000_f4_r0029_c0097,6,39.27687929248077,58.05406024110132,-18.777180948620547,-0.323443026562449,2,39.16935553545444,0,-17.050348251686003,-1.8181980968097595,0.6849457613923452
湖北,CEG2000_f4_r0029_c0097,7,34.33813911676822,39.27687929248077,-4.938740175712553,-0.12574166442643098,1,33.07706092727814,3,-4.262587062921503,-1.8181980968097595,0.6849457613923452
湖北,CEG2000_f4_r0029_c0097,8,36.64015299378274,34.33813911676822,2.3020138770145238,0.06703956405984708,2,39.16935553545444,5,4.262587062921499,-1.8181980968097595,0.6849457613923452
湖北,CEG2000_f4_r0029_c0097,9,43.46754422242507,36.64015299378274,6.827391228642327,0.1863363187866827,3,45.261650143630746,6,8.525174125843,-1.8181980968097595,0.6849457613923452
湖北,CEG2000_f4_r0029_c0097,10,44.09627182938919,43.46754422242507,0.6287276069641194,0.014464300162597097,3,45.261650143630746,4,-1.7763568394002505e-15,-1.8181980968097595,0.6849457613923452
湖北,CEG2000_f4_r0029_c0097,11,68.78149819669449,44.09627182938919,24.685226367305297,0.5598030251358606,7,69.63082857633597,8,17.050348251686003,-1.8181980968097595,0.6849457613923452
湖北,CEG2000_f4_r0029_c0097,12,82.6096278336125,68.78149819669449,13.828129636918021,0.20104432150305468,8,75.72312318451227,7,12.7877611887645,-1.8181980968097595,0.6849457613923452
湖北,CEG2000_f4_r0029_c0098,1,61.28704777494019,,,,6,63.53853396815967,4,,-1.5063543582974586,0.6274322529352633
湖北,CEG2000_f4_r0029_c0098,2,54.151107972350125,61.28704777494019,-7.135939802590066,-0.11643471274378953,4,51.35394475180705,2,-8.525174125843003,-1.5063543582974586,0.6274322529352633
湖北,CEG2000_f4_r0029_c0098,3,63.54136576087249,54.151107972350125,9.390257788522362,0.17340841471456286,6,63.53853396815967,6,8.525174125843,-1.5063543582974586,0.6274322529352633
湖北,CEG2000_f4_r0029_c0098,4,52.55821175720951,63.54136576087249,-10.983154003662975,-0.17285045532380078,4,51.35394475180705,1,-12.787761188764504,-1.5063543582974586,0.6274322529352633
湖北,CEG2000_f4_r0029_c0098,5,58.12392641985208,52.55821175720951,5.56571466264257,0.10589619541001812,5,57.44623935998336,5,4.262587062921499,-1.5063543582974586,0.6274322529352633
湖北,CEG2000_f4_r0029_c0098,6,38.89902482722651,58.12392641985208,-19.22490159262557,-0.33075710429052074,2,39.16935553545444,0,-17.050348251686003,-1.5063543582974586,0.6274322529352633
湖北,CEG2000_f4_r0029_c0098,7,33.82089032389021,38.89902482722651,-5.078134503336301,-0.13054657606177245,1,33.07706092727814,3,-4.262587062921503,-1.5063543582974586,0.6274322529352633
湖北,CEG2000_f4_r0029_c0098,8,34.89288611799705,33.82089032389021,1.07199579410684,0.031696261802712206,1,33.07706092727814,4,-1.7763568394002505e-15,-1.5063543582974586,0.6274322529352633
湖北,CEG2000_f4_r0029_c0098,9,42.87076239623708,34.89288611799705,7.977876278240032,0.22863904840835747,3,45.261650143630746,6,8.525174125843,-1.5063543582974586,0.6274322529352633
湖北,CEG2000_f4_r0029_c0098,10,43.575729083826715,42.87076239623708,0.7049666875896321,0.01644399698502935,3,45.261650143630746,4,-1.7763568394002505e-15,-1.5063543582974586,0.6274322529352633
湖北,CEG2000_f4_r0029_c0098,11,65.88942735798713,43.575729083826715,22.313698274160416,0.5120671241377398,6,63.53853396815967,8,17.050348251686003,-1.5063543582974586,0.6274322529352633
湖北,CEG2000_f4_r0029_c0098,12,81.4095192358629,65.88942735798713,15.520091877875771,0.23554753016068553,8,75.72312318451227,8,17.050348251686003,-1.5063543582974586,0.6274322529352633
湖北,CEG2000_f4_r0029_c0099,1,59.36705184734711,,,,5,57.44623935998336,4,,-1.206218115803795,0.508838777129601
湖北,CEG2000_f4_r0029_c0099,2,53.245982916636166,59.36705184734711,-6.121068930710948,-0.10310548932849652,4,51.35394475180705,3,-4.262587062921503,-1.206218115803795,0.508838777129601
湖北,CEG2000_f4_r0029_c0099,3,62.89610193244443,53.245982916636166,9.650119015808265,0.1812365644731705,6,63.53853396815967,6,8.525174125843,-1.206218115803795,0.508838777129601
湖北,CEG2000_f4_r0029_c0099,4,51.62670041653516,62.89610193244443,-11.269401515909273,-0.17917487999516304,4,51.35394475180705,1,-12.787761188764504,-1.206218115803795,0.508838777129601
湖北,CEG2000_f4_r0029_c0099,5,57.02089407126336,51.62670041653516,5.3941936547282054,0.10448457118519502,5,57.44623935998336,5,4.262587062921499,-1.206218115803795,0.508838777129601
湖北,CEG2000_f4_r0029_c0099,6,38.82838255620979,57.02089407126336,-18.192511515053575,-0.31904991690093465,2,39.16935553545444,0,-17.050348251686003,-1.206218115803795,0.508838777129601
湖北,CEG2000_f4_r0029_c0099,7,33.59877160947324,38.82838255620979,-5.22961094673655,-0.13468526378006912,1,33.07706092727814,3,-4.262587062921503,-1.206218115803795,0.508838777129601
湖北,CEG2000_f4_r0029_c0099,8,34.43436694267196,33.59877160947324,0.835595333198718,0.024869817947841887,1,33.07706092727814,4,-1.7763568394002505e-15,-1.206218115803795,0.508838777129601
湖北,CEG2000_f4_r0029_c0099,9,42.17520867868093,34.43436694267196,7.740841736008974,0.2247998852105024,2,39.16935553545444,6,8.525174125843,-1.206218115803795,0.508838777129601
湖北,CEG2000_f4_r0029_c0099,10,42.78000131202633,42.17520867868093,0.6047926333453972,0.014340003340661898,3,45.261650143630746,4,-1.7763568394002505e-15,-1.206218115803795,0.508838777129601
湖北,CEG2000_f4_r0029_c0099,11,61.38037175460153,42.78000131202633,18.600370442575205,0.4347912546077053,6,63.53853396815967,8,17.050348251686003,-1.206218115803795,0.508838777129601
湖北,CEG2000_f4_r0029_c0099,12,79.7708905480824,61.38037175460153,18.390518793480872,0.29961563066131447,8,75.72312318451227,8,17.050348251686003,-1.206218115803795,0.508838777129601
湖北,CEG2000_f4_r0029_c0100,1,57.98135617535326,,,,5,57.44623935998336,4,,-0.9609139350083676,0.5950694319579374
湖北,CEG2000_f4_r0029_c0100,2,52.688080375920315,57.98135617535326,-5.293275799432948,-0.09129272146419741,4,51.35394475180705,3,-4.262587062921503,-0.9609139350083676,0.5950694319579374
湖北,CEG2000_f4_r0029_c0100,3,64.13164314802916,52.688080375920315,11.44356277210884,0.21719452844857898,6,63.53853396815967,7,12.7877611887645,-0.9609139350083676,0.5950694319579374
湖北,CEG2000_f4_r0029_c0100,4,52.068235323565965,64.13164314802916,-12.06340782446319,-0.18810383193548214,4,51.35394475180705,1,-12.787761188764504,-0.9609139350083676,0.5950694319579374
湖北,CEG2000_f4_r0029_c0100,5,56.92645829742539,52.068235323565965,4.8582229738594265,0.09330492849755954,5,57.44623935998336,5,4.262587062921499,-0.9609139350083676,0.5950694319579374
湖北,CEG2000_f4_r0029_c0100,6,38.67663629853252,56.92645829742539,-18.24982199889287,-0.320585937448321,2,39.16935553545444,0,-17.050348251686003,-0.9609139350083676,0.5950694319579374
湖北,CEG2000_f4_r0029_c0100,7,33.38493324786729,38.67663629853252,-5.291703050665234,-0.13681911244349895,1,33.07706092727814,3,-4.262587062921503,-0.9609139350083676,0.5950694319579374
湖北,CEG2000_f4_r0029_c0100,8,34.67991112950369,33.38493324786729,1.2949778816363988,0.038789290726502355,1,33.07706092727814,4,-1.7763568394002505e-15,-0.9609139350083676,0.5950694319579374
湖北,CEG2000_f4_r0029_c0100,9,41.85031720793491,34.67991112950369,7.1704060784312205,0.20675964398106686,2,39.16935553545444,6,8.525174125843,-0.9609139350083676,0.5950694319579374
湖北,CEG2000_f4_r0029_c0100,10,42.61198211646119,41.85031720793491,0.761664908526285,0.018199740392454464,3,45.261650143630746,4,-1.7763568394002505e-15,-0.9609139350083676,0.5950694319579374
湖北,CEG2000_f4_r0029_c0100,11,57.37203718518688,42.61198211646119,14.760055068725691,0.3463827387420173,5,57.44623935998336,7,12.7877611887645,-0.9609139350083676,0.5950694319579374
湖北,CEG2000_f4_r0029_c0100,12,78.07085782854321,57.37203718518688,20.698820643356328,0.36078238910262433,8,75.72312318451227,8,17.050348251686003,-0.9609139350083676,0.5950694319579374
湖北,CEG2000_f4_r0029_c0101,1,55.36212495883426,,,,5,57.44623935998336,4,,-0.7775356042976186,0.6267545334090829
湖北,CEG2000_f4_r0029_c0101,2,50.92576569985809,55.36212495883426,-4.436359258976168,-0.08013347143511781,4,51.35394475180705,3,-4.262587062921503,-0.7775356042976186,0.6267545334090829
湖北,CEG2000_f4_r0029_c0101,3,63.38467541666435,50.92576569985809,12.45890971680626,0.24464845143881614,6,63.53853396815967,7,12.7877611887645,-0.7775356042976186,0.6267545334090829
湖北,CEG2000_f4_r0029_c0101,4,52.11688795395169,63.38467541666435,-11.267787462712661,-0.17776832315765503,4,51.35394475180705,1,-12.787761188764504,-0.7775356042976186,0.6267545334090829
湖北,CEG2000_f4_r0029_c0101,5,55.70525422515347,52.11688795395169,3.588366271201778,0.06885227441769565,5,57.44623935998336,5,4.262587062921499,-0.7775356042976186,0.6267545334090829
湖北,CEG2000_f4_r0029_c0101,6,37.2934057894792,55.70525422515347,-18.411848435674266,-0.3305226534153483,2,39.16935553545444,0,-17.050348251686003,-0.7775356042976186,0.6267545334090829
湖北,CEG2000_f4_r0029_c0101,7,33.26164371512344,37.2934057894792,-4.031762074355761,-0.10810924851205617,1,33.07706092727814,3,-4.262587062921503,-0.7775356042976186,0.6267545334090829
湖北,CEG2000_f4_r0029_c0101,8,34.06296388519376,33.26164371512344,0.8013201700703192,0.024091418239381057,1,33.07706092727814,4,-1.7763568394002505e-15,-0.7775356042976186,0.6267545334090829
湖北,CEG2000_f4_r0029_c0101,9,41.02867373584599,34.06296388519376,6.965709850652232,0.2044951189253392,2,39.16935553545444,6,8.525174125843,-0.7775356042976186,0.6267545334090829
湖北,CEG2000_f4_r0029_c0101,10,41.342096668150795,41.02867373584599,0.3134229323048032,0.0076391192735769916,2,39.16935553545444,4,-1.7763568394002505e-15,-0.7775356042976186,0.6267545334090829
湖北,CEG2000_f4_r0029_c0101,11,51.20588609280071,41.342096668150795,9.863789424649916,0.2385894818984544,4,51.35394475180705,6,8.525174125843,-0.7775356042976186,0.6267545334090829
湖北,CEG2000_f4_r0029_c0101,12,73.35663283987651,51.20588609280071,22.1507467470758,0.43258204158271724,8,75.72312318451227,8,17.050348251686003,-0.7775356042976186,0.6267545334090829
湖北,CEG2000_f4_r0029_c0102,1,53.71578938788716,,,,4,51.35394475180705,4,,-0.6436372880243294,0.7114402670009731
湖北,CEG2000_f4_r0029_c0102,2,48.8409090229572,53.71578938788716,-4.874880364929965,-0.0907532109363219,4,51.35394475180705,3,-4.262587062921503,-0.6436372880243294,0.7114402670009731
湖北,CEG2000_f4_r0029_c0102,3,61.06597083524966,48.8409090229572,12.22506181229246,0.2503037321960201,6,63.53853396815967,7,12.7877611887645,-0.6436372880243294,0.7114402670009731
湖北,CEG2000_f4_r0029_c0102,4,50.93237761223137,61.06597083524966,-10.133593223018288,-0.165945011344498,4,51.35394475180705,2,-8.525174125843003,-0.6436372880243294,0.7114402670009731
湖北,CEG2000_f4_r0029_c0102,5,54.290060091873485,50.93237761223137,3.357682479642115,0.06592432234767243,4,51.35394475180705,5,4.262587062921499,-0.6436372880243294,0.7114402670009731
湖北,CEG2000_f4_r0029_c0102,6,36.656462369319144,54.290060091873485,-17.63359772255434,-0.32480342981226246,2,39.16935553545444,0,-17.050348251686003,-0.6436372880243294,0.7114402670009731
湖北,CEG2000_f4_r0029_c0102,7,32.70359228123257,36.656462369319144,-3.952870088086577,-0.10783555838697256,1,33.07706092727814,3,-4.262587062921503,-0.6436372880243294,0.7114402670009731
湖北,CEG2000_f4_r0029_c0102,8,32.99263286153542,32.70359228123257,0.28904058030285285,0.008838190551584238,1,33.07706092727814,4,-1.7763568394002505e-15,-0.6436372880243294,0.7114402670009731
湖北,CEG2000_f4_r0029_c0102,9,39.43743438033956,32.99263286153542,6.444801518804141,0.19534062485561243,2,39.16935553545444,6,8.525174125843,-0.6436372880243294,0.7114402670009731
湖北,CEG2000_f4_r0029_c0102,10,40.17529701029291,39.43743438033956,0.737862629953348,0.01870970162098549,2,39.16935553545444,4,-1.7763568394002505e-15,-0.6436372880243294,0.7114402670009731
湖北,CEG2000_f4_r0029_c0102,11,46.602025336596874,40.17529701029291,6.426728326303966,0.15996716401766584,3,45.261650143630746,6,8.525174125843,-0.6436372880243294,0.7114402670009731
湖北,CEG2000_f4_r0029_c0102,12,68.19047654951592,46.602025336596874,21.588451212919047,0.4632513513520086,7,69.63082857633597,8,17.050348251686003,-0.6436372880243294,0.7114402670009731
湖北,CEG2000_f4_r0029_c0103,1,55.43551954822602,,,,5,57.44623935998336,4,,-0.5448471089024007,0.7616547588824791
湖北,CEG2000_f4_r0029_c0103,2,50.11406361294647,55.43551954822602,-5.321455935279552,-0.09599361526052194,4,51.35394475180705,3,-4.262587062921503,-0.5448471089024007,0.7616547588824791
湖北,CEG2000_f4_r0029_c0103,3,60.493624419812285,50.11406361294647,10.379560806865818,0.20711872194264372,6,63.53853396815967,6,8.525174125843,-0.5448471089024007,0.7616547588824791
湖北,CEG2000_f4_r0029_c0103,4,51.07914041206912,60.493624419812285,-9.414484007743162,-0.15562770619278388,4,51.35394475180705,2,-8.525174125843003,-0.5448471089024007,0.7616547588824791
湖北,CEG2000_f4_r0029_c0103,5,56.01096178906222,51.07914041206912,4.931821376993099,0.09655255231796725,5,57.44623935998336,5,4.262587062921499,-0.5448471089024007,0.7616547588824791
湖北,CEG2000_f4_r0029_c0103,6,37.141566575979446,56.01096178906222,-18.869395213082775,-0.33688754148063166,2,39.16935553545444,0,-17.050348251686003,-0.5448471089024007,0.7616547588824791
湖北,CEG2000_f4_r0029_c0103,7,32.743592898965126,37.141566575979446,-4.3979736770143205,-0.11841109792764155,1,33.07706092727814,3,-4.262587062921503,-0.5448471089024007,0.7616547588824791
湖北,CEG2000_f4_r0029_c0103,8,33.56718656300551,32.743592898965126,0.8235936640403807,0.025152818952449495,1,33.07706092727814,4,-1.7763568394002505e-15,-0.5448471089024007,0.7616547588824791
湖北,CEG2000_f4_r0029_c0103,9,38.90336493128875,33.56718656300551,5.336178368283242,0.15897008104230756,2,39.16935553545444,5,4.262587062921499,-0.5448471089024007,0.7616547588824791
湖北,CEG2000_f4_r0029_c0103,10,41.37180200914043,38.90336493128875,2.468437077851682,0.06345047741272365,2,39.16935553545444,5,4.262587062921499,-0.5448471089024007,0.7616547588824791
湖北,CEG2000_f4_r0029_c0103,11,46.516847533605294,41.37180200914043,5.145045524464862,0.12436116568787958,3,45.261650143630746,5,4.262587062921499,-0.5448471089024007,0.7616547588824791
湖北,CEG2000_f4_r0029_c0103,12,68.55111717446367,46.516847533605294,22.034269640858376,0.47368363956607545,7,69.63082857633597,8,17.050348251686003,-0.5448471089024007,0.7616547588824791
湖北,CEG2000_f4_r0029_c0104,1,52.834990376171554,,,,4,51.35394475180705,4,,-0.4703008825264359,0.7884853549441381
湖北,CEG2000_f4_r0029_c0104,2,47.889024161448845,52.834990376171554,-4.945966214722709,-0.09361156649236994,3,45.261650143630746,3,-4.262587062921503,-0.4703008825264359,0.7884853549441381
湖北,CEG2000_f4_r0029_c0104,3,58.86472653374235,47.889024161448845,10.975702372293505,0.22919035341565924,5,57.44623935998336,7,12.7877611887645,-0.4703008825264359,0.7884853549441381
湖北,CEG2000_f4_r0029_c0104,4,48.79617187552731,58.86472653374235,-10.068554658215042,-0.1710456371940089,4,51.35394475180705,2,-8.525174125843003,-0.4703008825264359,0.7884853549441381
湖北,CEG2000_f4_r0029_c0104,5,54.6540181744852,48.79617187552731,5.857846298957895,0.12004725112249584,5,57.44623935998336,5,4.262587062921499,-0.4703008825264359,0.7884853549441381
湖北,CEG2000_f4_r0029_c0104,6,35.008491084994404,54.6540181744852,-19.6455270894908,-0.35945256626460004,1,33.07706092727814,0,-17.050348251686003,-0.4703008825264359,0.7884853549441381
湖北,CEG2000_f4_r0029_c0104,7,32.28015722297944,35.008491084994404,-2.7283338620149635,-0.07793348920383496,1,33.07706092727814,3,-4.262587062921503,-0.4703008825264359,0.7884853549441381
湖北,CEG2000_f4_r0029_c0104,8,31.94921497957112,32.28015722297944,-0.33094224340831957,-0.01025218808949078,1,33.07706092727814,4,-1.7763568394002505e-15,-0.4703008825264359,0.7884853549441381
湖北,CEG2000_f4_r0029_c0104,9,38.18783708702003,31.94921497957112,6.238622107448908,0.1952668355525477,2,39.16935553545444,5,4.262587062921499,-0.4703008825264359,0.7884853549441381
湖北,CEG2000_f4_r0029_c0104,10,40.61969235346979,38.18783708702003,2.431855266449759,0.06368140884513047,2,39.16935553545444,5,4.262587062921499,-0.4703008825264359,0.7884853549441381
湖北,CEG2000_f4_r0029_c0104,11,44.566374580599096,40.61969235346979,3.9466822271293083,0.09716179514077923,3,45.261650143630746,5,4.262587062921499,-0.4703008825264359,0.7884853549441381
湖北,CEG2000_f4_r0029_c0104,12,65.22695940867192,44.566374580599096,20.66058482807282,0.4635913291692098,6,63.53853396815967,8,17.050348251686003,-0.4703008825264359,0.7884853549441381
湖北,CEG2000_f4_r0029_c0105,1,48.88623164794034,,,,4,51.35394475180705,4,,-0.4126417835141968,0.9047065917236544
湖北,CEG2000_f4_r0029_c0105,2,44.8960933442201,48.88623164794034,-3.9901383037202436,-0.08162090161613746,3,45.261650143630746,3,-4.262587062921503,-0.4126417835141968,0.9047065917236544
湖北,CEG2000_f4_r0029_c0105,3,54.727660650576034,44.8960933442201,9.831567306355936,0.21898491770713602,5,57.44623935998336,6,8.525174125843,-0.4126417835141968,0.9047065917236544
湖北,CEG2000_f4_r0029_c0105,4,45.66550710727609,54.727660650576034,-9.062153543299942,-0.16558634949079554,3,45.261650143630746,2,-8.525174125843003,-0.4126417835141968,0.9047065917236544
湖北,CEG2000_f4_r0029_c0105,5,50.63061819210966,45.66550710727609,4.965111084833566,0.10872782104816378,4,51.35394475180705,5,4.262587062921499,-0.4126417835141968,0.9047065917236544
湖北,CEG2000_f4_r0029_c0105,6,32.45078211015594,50.63061819210966,-18.179836081953717,-0.3590680250628835,1,33.07706092727814,0,-17.050348251686003,-0.4126417835141968,0.9047065917236544
湖北,CEG2000_f4_r0029_c0105,7,30.878822268942393,32.45078211015594,-1.5719598412135483,-0.048441354537386655,1,33.07706092727814,4,-1.7763568394002505e-15,-0.4126417835141968,0.9047065917236544
湖北,CEG2000_f4_r0029_c0105,8,29.398530852135178,30.878822268942393,-1.4802914168072157,-0.047938726545800864,0,26.98476631910183,4,-1.7763568394002505e-15,-0.4126417835141968,0.9047065917236544
湖北,CEG2000_f4_r0029_c0105,9,36.008249895747646,29.398530852135178,6.609719043612468,0.22483161069704996,1,33.07706092727814,6,8.525174125843,-0.4126417835141968,0.9047065917236544
湖北,CEG2000_f4_r0029_c0105,10,38.03789670786688,36.008249895747646,2.029646812119232,0.056366161032417206,2,39.16935553545444,4,-1.7763568394002505e-15,-0.4126417835141968,0.9047065917236544
湖北,CEG2000_f4_r0029_c0105,11,40.22374320799931,38.03789670786688,2.1858465001324348,0.05746496755380181,2,39.16935553545444,5,4.262587062921499,-0.4126417835141968,0.9047065917236544
湖北,CEG2000_f4_r0029_c0105,12,58.76952935386576,40.22374320799931,18.545786145866444,0.4610656459784239,5,57.44623935998336,8,17.050348251686003,-0.4126417835141968,0.9047065917236544
湖北,CEG2000_f4_r0029_c0106,1,48.51787234468437,,,,4,51.35394475180705,4,,-0.382939501507917,0.9832019856909904
湖北,CEG2000_f4_r0029_c0106,2,46.314627765571856,48.51787234468437,-2.203244579112514,-0.04541098924248071,3,45.261650143630746,3,-4.262587062921503,-0.382939501507917,0.9832019856909904
湖北,CEG2000_f4_r0029_c0106,3,54.955432507273315,46.314627765571856,8.640804741701459,0.1865675091989972,5,57.44623935998336,6,8.525174125843,-0.382939501507917,0.9832019856909904
湖北,CEG2000_f4_r0029_c0106,4,46.42203786297242,54.955432507273315,-8.533394644300898,-0.15527845483103986,3,45.261650143630746,2,-8.525174125843003,-0.382939501507917,0.9832019856909904
湖北,CEG2000_f4_r0029_c0106,5,53.14844706837312,46.42203786297242,6.7264092054007065,0.14489689628136485,4,51.35394475180705,6,8.525174125843,-0.382939501507917,0.9832019856909904
湖北,CEG2000_f4_r0029_c0106,6,33.83313946543885,53.14844706837312,-19.315307602934276,-0.3634218621305339,1,33.07706092727814,0,-17.050348251686003,-0.382939501507917,0.9832019856909904
湖北,CEG2000_f4_r0029_c0106,7,31.209955775483387,33.83313946543885,-2.623183689955461,-0.07753296712636111,1,33.07706092727814,3,-4.262587062921503,-0.382939501507917,0.9832019856909904
湖北,CEG2000_f4_r0029_c0106,8,30.169760472137703,31.209955775483387,-1.0401953033456834,-0.03332895793985061,1,33.07706092727814,4,-1.7763568394002505e-15,-0.382939501507917,0.9832019856909904
湖北,CEG2000_f4_r0029_c0106,9,36.692308736476896,30.169760472137703,6.522548264339193,0.21619489721712837,2,39.16935553545444,6,8.525174125843,-0.382939501507917,0.9832019856909904
湖北,CEG2000_f4_r0029_c0106,10,39.27214094785926,36.692308736476896,2.5798322113823673,0.07030989055255825,2,39.16935553545444,5,4.262587062921499,-0.382939501507917,0.9832019856909904
湖北,CEG2000_f4_r0029_c0106,11,41.880457374269625,39.27214094785926,2.6083164264103615,0.06641645613039952,2,39.16935553545444,5,4.262587062921499,-0.382939501507917,0.9832019856909904
湖北,CEG2000_f4_r0029_c0106,12,61.228276946163504,41.880457374269625,19.34781957189388,0.4619772749612025,6,63.53853396815967,8,17.050348251686003,-0.382939501507917,0.9832019856909904
湖北,CEG2000_f4_r0030_c0087,1,55.42002989874747,,,,5,57.44623935998336,4,,-2.937001495464862,0.9590156422632578
湖北,CEG2000_f4_r0030_c0087,2,46.168539427495205,55.42002989874747,-9.251490471252268,-0.16693405774328818,3,45.261650143630746,2,-8.525174125843003,-2.937001495464862,0.9590156422632578
湖北,CEG2000_f4_r0030_c0087,3,52.21584396739197,46.168539427495205,6.047304539896764,0.1309832326273539,4,51.35394475180705,5,4.262587062921499,-2.937001495464862,0.9590156422632578
湖北,CEG2000_f4_r0030_c0087,4,38.06840823640517,52.21584396739197,-14.1474357309868,-0.27094143570334067,2,39.16935553545444,1,-12.787761188764504,-2.937001495464862,0.9590156422632578
湖北,CEG2000_f4_r0030_c0087,5,35.732978883827805,38.06840823640517,-2.335429352577364,-0.06134822706729229,1,33.07706092727814,3,-4.262587062921503,-2.937001495464862,0.9590156422632578
湖北,CEG2000_f4_r0030_c0087,6,26.09650509123225,35.732978883827805,-9.636473792595556,-0.2696801132624539,0,26.98476631910183,2,-8.525174125843003,-2.937001495464862,0.9590156422632578
湖北,CEG2000_f4_r0030_c0087,7,24.937823930108223,26.09650509123225,-1.1586811611240257,-0.04439985956254781,0,26.98476631910183,4,-1.7763568394002505e-15,-2.937001495464862,0.9590156422632578
湖北,CEG2000_f4_r0030_c0087,8,22.008674164913987,24.937823930108223,-2.9291497651942358,-0.11745811396389645,0,26.98476631910183,3,-4.262587062921503,-2.937001495464862,0.9590156422632578
湖北,CEG2000_f4_r0030_c0087,9,26.34111910075936,22.008674164913987,4.332444935845373,0.19685170053324313,0,26.98476631910183,5,4.262587062921499,-2.937001495464862,0.9590156422632578
湖北,CEG2000_f4_r0030_c0087,10,26.9711633068957,26.34111910075936,0.6300442061363398,0.023918657507538355,0,26.98476631910183,4,-1.7763568394002505e-15,-2.937001495464862,0.9590156422632578
湖北,CEG2000_f4_r0030_c0087,11,37.15658060359652,26.9711633068957,10.185417296700816,0.3776410079463171,2,39.16935553545444,6,8.525174125843,-2.937001495464862,0.9590156422632578
湖北,CEG2000_f4_r0030_c0087,12,45.622050927841514,37.15658060359652,8.465470324244997,0.22783232974418519,3,45.261650143630746,6,8.525174125843,-2.937001495464862,0.9590156422632578
湖北,CEG2000_f4_r0030_c0088,1,51.53996005105657,,,,4,51.35394475180705,4,,-2.9241025149695643,0.8819691499494728
湖北,CEG2000_f4_r0030_c0088,2,43.09475207099021,51.53996005105657,-8.445207980066357,-0.16385748013192786,3,45.261650143630746,2,-8.525174125843003,-2.9241025149695643,0.8819691499494728
湖北,CEG2000_f4_r0030_c0088,3,48.27419088458995,43.09475207099021,5.179438813599738,0.1201872284835894,3,45.261650143630746,5,4.262587062921499,-2.9241025149695643,0.8819691499494728
湖北,CEG2000_f4_r0030_c0088,4,36.27664815207769,48.27419088458995,-11.997542732512258,-0.24852913146063946,2,39.16935553545444,1,-12.787761188764504,-2.9241025149695643,0.8819691499494728
湖北,CEG2000_f4_r0030_c0088,5,34.49564624459738,36.27664815207769,-1.7810019074803094,-0.049094996318680154,1,33.07706092727814,4,-1.7763568394002505e-15,-2.9241025149695643,0.8819691499494728
湖北,CEG2000_f4_r0030_c0088,6,25.24438606335672,34.49564624459738,-9.25126018124066,-0.2681863130101402,0,26.98476631910183,2,-8.525174125843003,-2.9241025149695643,0.8819691499494728
湖北,CEG2000_f4_r0030_c0088,7,24.127450866953986,25.24438606335672,-1.1169351964027356,-0.04424489443314344,0,26.98476631910183,4,-1.7763568394002505e-15,-2.9241025149695643,0.8819691499494728
湖北,CEG2000_f4_r0030_c0088,8,21.497295725220773,24.127450866953986,-2.630155141733212,-0.1090109003324337,0,26.98476631910183,3,-4.262587062921503,-2.9241025149695643,0.8819691499494728
湖北,CEG2000_f4_r0030_c0088,9,24.7340373624842,21.497295725220773,3.236741637263428,0.150565060770228,0,26.98476631910183,5,4.262587062921499,-2.9241025149695643,0.8819691499494728
湖北,CEG2000_f4_r0030_c0088,10,25.252905208239618,24.7340373624842,0.5188678457554161,0.020977887198570272,0,26.98476631910183,4,-1.7763568394002505e-15,-2.9241025149695643,0.8819691499494728
湖北,CEG2000_f4_r0030_c0088,11,34.15875821831472,25.252905208239618,8.905853010075106,0.35266647289236525,1,33.07706092727814,6,8.525174125843,-2.9241025149695643,0.8819691499494728
湖北,CEG2000_f4_r0030_c0088,12,42.256347255203146,34.15875821831472,8.097589036888422,0.23705747688880505,3,45.261650143630746,6,8.525174125843,-2.9241025149695643,0.8819691499494728
湖北,CEG2000_f4_r0030_c0089,1,53.01721618293348,,,,4,51.35394475180705,4,,-2.9039388752918174,0.8013038216293396
湖北,CEG2000_f4_r0030_c0089,2,43.7561632926325,53.01721618293348,-9.26105289030098,-0.17468010501241976,3,45.261650143630746,2,-8.525174125843003,-2.9039388752918174,0.8013038216293396
湖北,CEG2000_f4_r0030_c0089,3,47.102132880022445,43.7561632926325,3.345969587389945,0.07646853233024035,3,45.261650143630746,5,4.262587062921499,-2.9039388752918174,0.8013038216293396
湖北,CEG2000_f4_r0030_c0089,4,36.37903319039583,47.102132880022445,-10.723099689626615,-0.22765635086929645,2,39.16935553545444,1,-12.787761188764504,-2.9039388752918174,0.8013038216293396
湖北,CEG2000_f4_r0030_c0089,5,35.31318526116541,36.37903319039583,-1.0658479292304222,-0.02929841273274434,1,33.07706092727814,4,-1.7763568394002505e-15,-2.9039388752918174,0.8013038216293396
湖北,CEG2000_f4_r0030_c0089,6,26.562147356589623,35.31318526116541,-8.751037904575785,-0.24781219365672658,0,26.98476631910183,2,-8.525174125843003,-2.9039388752918174,0.8013038216293396
湖北,CEG2000_f4_r0030_c0089,7,24.59739306568623,26.562147356589623,-1.964754290903393,-0.0739682023643307,0,26.98476631910183,4,-1.7763568394002505e-15,-2.9039388752918174,0.8013038216293396
湖北,CEG2000_f4_r0030_c0089,8,23.272269310661773,24.59739306568623,-1.3251237550244568,-0.0538725283401283,0,26.98476631910183,4,-1.7763568394002505e-15,-2.9039388752918174,0.8013038216293396
湖北,CEG2000_f4_r0030_c0089,9,26.79057639548195,23.272269310661773,3.518307084820176,0.15118023248417492,0,26.98476631910183,5,4.262587062921499,-2.9039388752918174,0.8013038216293396
湖北,CEG2000_f4_r0030_c0089,10,27.013608975084185,26.79057639548195,0.22303257960223632,0.008325038487781445,0,26.98476631910183,4,-1.7763568394002505e-15,-2.9039388752918174,0.8013038216293396
湖北,CEG2000_f4_r0030_c0089,11,35.80868384023277,27.013608975084185,8.795074865148582,0.32557940974346145,1,33.07706092727814,6,8.525174125843,-2.9039388752918174,0.8013038216293396
湖北,CEG2000_f4_r0030_c0089,12,45.00608616580669,35.80868384023277,9.197402325573925,0.25684837696380797,3,45.261650143630746,6,8.525174125843,-2.9039388752918174,0.8013038216293396
湖北,CEG2000_f4_r0030_c0090,1,52.46691732122944,,,,4,51.35394475180705,4,,-2.892326294999087,0.7127706924966677
湖北,CEG2000_f4_r0030_c0090,2,45.69576098581584,52.46691732122944,-6.7711563354136,-0.1290557303749542,3,45.261650143630746,2,-8.525174125843003,-2.892326294999087,0.7127706924966677
湖北,CEG2000_f4_r0030_c0090,3,49.49776066021447,45.69576098581584,3.8019996743986297,0.08320245887969317,4,51.35394475180705,5,4.262587062921499,-2.892326294999087,0.7127706924966677
湖北,CEG2000_f4_r0030_c0090,4,37.468302394822864,49.49776066021447,-12.029458265391604,-0.24303035339254642,2,39.16935553545444,1,-12.787761188764504,-2.892326294999087,0.7127706924966677
湖北,CEG2000_f4_r0030_c0090,5,36.79121805228834,37.468302394822864,-0.6770843425345205,-0.018070857211509958,2,39.16935553545444,4,-1.7763568394002505e-15,-2.892326294999087,0.7127706924966677
湖北,CEG2000_f4_r0030_c0090,6,27.035466094831587,36.79121805228834,-9.755751957456756,-0.2651652343663019,0,26.98476631910183,2,-8.525174125843003,-2.892326294999087,0.7127706924966677
湖北,CEG2000_f4_r0030_c0090,7,25.20083578736697,27.035466094831587,-1.834630307464618,-0.06786013235463868,0,26.98476631910183,4,-1.7763568394002505e-15,-2.892326294999087,0.7127706924966677
湖北,CEG2000_f4_r0030_c0090,8,24.567788015808553,25.20083578736697,-0.6330477715584166,-0.02512011017808226,0,26.98476631910183,4,-1.7763568394002505e-15,-2.892326294999087,0.7127706924966677
湖北,CEG2000_f4_r0030_c0090,9,27.964232026432818,24.567788015808553,3.396444010624265,0.1382478556245587,0,26.98476631910183,5,4.262587062921499,-2.892326294999087,0.7127706924966677
湖北,CEG2000_f4_r0030_c0090,10,28.247325751540966,27.964232026432818,0.2830937251081487,0.010123422121535757,0,26.98476631910183,4,-1.7763568394002505e-15,-2.892326294999087,0.7127706924966677
湖北,CEG2000_f4_r0030_c0090,11,37.40603159159015,28.247325751540966,9.158705840049183,0.3242326696908486,2,39.16935553545444,6,8.525174125843,-2.892326294999087,0.7127706924966677
湖北,CEG2000_f4_r0030_c0090,12,46.13852415478568,37.40603159159015,8.732492563195528,0.2334514566671868,3,45.261650143630746,6,8.525174125843,-2.892326294999087,0.7127706924966677
湖北,CEG2000_f4_r0030_c0091,1,51.43285982144673,,,,4,51.35394475180705,4,,-2.8574773146464434,0.6171852979311374
湖北,CEG2000_f4_r0030_c0091,2,45.16338842504794,51.43285982144673,-6.269471396398792,-0.12189622389584716,3,45.261650143630746,3,-4.262587062921503,-2.8574773146464434,0.6171852979311374
湖北,CEG2000_f4_r0030_c0091,3,48.42672628969816,45.16338842504794,3.263337864650218,0.07225626726537523,4,51.35394475180705,5,4.262587062921499,-2.8574773146464434,0.6171852979311374
湖北,CEG2000_f4_r0030_c0091,4,37.2732822132572,48.42672628969816,-11.153444076440962,-0.23031587990728253,2,39.16935553545444,1,-12.787761188764504,-2.8574773146464434,0.6171852979311374
湖北,CEG2000_f4_r0030_c0091,5,35.5871422301344,37.2732822132572,-1.6861399831228,-0.04523722846503389,1,33.07706092727814,4,-1.7763568394002505e-15,-2.8574773146464434,0.6171852979311374
湖北,CEG2000_f4_r0030_c0091,6,26.57209938894173,35.5871422301344,-9.015042841192667,-0.2533230340018404,0,26.98476631910183,2,-8.525174125843003,-2.8574773146464434,0.6171852979311374
湖北,CEG2000_f4_r0030_c0091,7,24.503759123808727,26.57209938894173,-2.0683402651330027,-0.07783879756199336,0,26.98476631910183,4,-1.7763568394002505e-15,-2.8574773146464434,0.6171852979311374
湖北,CEG2000_f4_r0030_c0091,8,24.030046169703215,24.503759123808727,-0.47371295410551184,-0.01933225639837585,0,26.98476631910183,4,-1.7763568394002505e-15,-2.8574773146464434,0.6171852979311374
湖北,CEG2000_f4_r0030_c0091,9,26.638658260936463,24.030046169703215,2.6086120912332476,0.10855626630140035,0,26.98476631910183,5,4.262587062921499,-2.8574773146464434,0.6171852979311374
湖北,CEG2000_f4_r0030_c0091,10,25.784512543164443,26.638658260936463,-0.8541457177720204,-0.03206414187251162,0,26.98476631910183,4,-1.7763568394002505e-15,-2.8574773146464434,0.6171852979311374
湖北,CEG2000_f4_r0030_c0091,11,34.702591711530275,25.784512543164443,8.918079168365832,0.3458696049978282,1,33.07706092727814,6,8.525174125843,-2.8574773146464434,0.6171852979311374
湖北,CEG2000_f4_r0030_c0091,12,44.018056471775374,34.702591711530275,9.3154647602451,0.26843714837442373,3,45.261650143630746,6,8.525174125843,-2.8574773146464434,0.6171852979311374
湖北,CEG2000_f4_r0030_c0092,1,51.97028482697665,,,,4,51.35394475180705,4,,-2.811710770391941,0.5216002618108417
湖北,CEG2000_f4_r0030_c0092,2,45.838308998259905,51.97028482697665,-6.131975828716747,-0.11799003698232131,3,45.261650143630746,3,-4.262587062921503,-2.811710770391941,0.5216002618108417
湖北,CEG2000_f4_r0030_c0092,3,48.38953563127574,45.838308998259905,2.551226633015837,0.05565708440755713,4,51.35394475180705,5,4.262587062921499,-2.811710770391941,0.5216002618108417
湖北,CEG2000_f4_r0030_c0092,4,37.284826822350354,48.38953563127574,-11.104708808925388,-0.22948574860363097,2,39.16935553545444,1,-12.787761188764504,-2.811710770391941,0.5216002618108417
湖北,CEG2000_f4_r0030_c0092,5,35.67446611825397,37.284826822350354,-1.6103607040963865,-0.043190778698509534,1,33.07706092727814,4,-1.7763568394002505e-15,-2.811710770391941,0.5216002618108417
湖北,CEG2000_f4_r0030_c0092,6,26.744146950081294,35.67446611825397,-8.930319168172673,-0.25032803962841066,0,26.98476631910183,2,-8.525174125843003,-2.811710770391941,0.5216002618108417
湖北,CEG2000_f4_r0030_c0092,7,23.720980919514915,26.744146950081294,-3.0231660305663794,-0.11304028639272751,0,26.98476631910183,3,-4.262587062921503,-2.811710770391941,0.5216002618108417
湖北,CEG2000_f4_r0030_c0092,8,23.37149587654189,23.720980919514915,-0.34948504297302563,-0.01473316150621365,0,26.98476631910183,4,-1.7763568394002505e-15,-2.811710770391941,0.5216002618108417
湖北,CEG2000_f4_r0030_c0092,9,25.57809163910508,23.37149587654189,2.2065957625631896,0.09441397222579848,0,26.98476631910183,5,4.262587062921499,-2.811710770391941,0.5216002618108417
湖北,CEG2000_f4_r0030_c0092,10,24.458513193305276,25.57809163910508,-1.119578445799803,-0.04377099205040516,0,26.98476631910183,4,-1.7763568394002505e-15,-2.811710770391941,0.5216002618108417
湖北,CEG2000_f4_r0030_c0092,11,33.17401824354893,24.458513193305276,8.715505050243653,0.3563383015705648,1,33.07706092727814,6,8.525174125843,-2.811710770391941,0.5216002618108417
湖北,CEG2000_f4_r0030_c0092,12,42.83634539104284,33.17401824354893,9.662327147493912,0.29126188683437115,3,45.261650143630746,6,8.525174125843,-2.811710770391941,0.5216002618108417
湖北,CEG2000_f4_r0030_c0093,1,58.43900859924907,,,,5,57.44623935998336,4,,-2.7492661905338687,0.4578580635029328
湖北,CEG2000_f4_r0030_c0093,2,46.19124806778534,58.43900859924907,-12.247760531463733,-0.20958193550910298,3,45.261650143630746,1,-12.787761188764504,-2.7492661905338687,0.4578580635029328
湖北,CEG2000_f4_r0030_c0093,3,54.54109087184205,46.19124806778534,8.349842804056713,0.1807667719175584,5,57.44623935998336,6,8.525174125843,-2.7492661905338687,0.4578580635029328
湖北,CEG2000_f4_r0030_c0093,4,40.83378982475066,54.54109087184205,-13.707301047091391,-0.25132062501830277,2,39.16935553545444,1,-12.787761188764504,-2.7492661905338687,0.4578580635029328
湖北,CEG2000_f4_r0030_c0093,5,40.49183588298595,40.83378982475066,-0.3419539417647073,-0.008374288627930345,2,39.16935553545444,4,-1.7763568394002505e-15,-2.7492661905338687,0.4578580635029328
湖北,CEG2000_f4_r0030_c0093,6,29.20749336360202,40.49183588298595,-11.284342519383934,-0.2786819187945351,0,26.98476631910183,1,-12.787761188764504,-2.7492661905338687,0.4578580635029328
湖北,CEG2000_f4_r0030_c0093,7,25.547811929084457,29.20749336360202,-3.6596814345175623,-0.12529940138848777,0,26.98476631910183,3,-4.262587062921503,-2.7492661905338687,0.4578580635029328
湖北,CEG2000_f4_r0030_c0093,8,27.516551927399703,25.547811929084457,1.9687399983152467,0.07706100247567461,0,26.98476631910183,4,-1.7763568394002505e-15,-2.7492661905338687,0.4578580635029328
湖北,CEG2000_f4_r0030_c0093,9,29.94536432124867,27.516551927399703,2.4288123938489683,0.08826732361878778,0,26.98476631910183,5,4.262587062921499,-2.7492661905338687,0.4578580635029328
湖北,CEG2000_f4_r0030_c0093,10,29.13306306307547,29.94536432124867,-0.8123012581732034,-0.027126110387536997,0,26.98476631910183,4,-1.7763568394002505e-15,-2.7492661905338687,0.4578580635029328
湖北,CEG2000_f4_r0030_c0093,11,37.705996054829605,29.13306306307547,8.572932991754136,0.2942681644286093,2,39.16935553545444,6,8.525174125843,-2.7492661905338687,0.4578580635029328
湖北,CEG2000_f4_r0030_c0093,12,53.38898322151515,37.705996054829605,15.682987166685542,0.4159282026094832,4,51.35394475180705,8,17.050348251686003,-2.7492661905338687,0.4578580635029328
湖北,CEG2000_f4_r0030_c0094,1,67.86225928780009,,,,7,69.63082857633597,4,,-2.659898007267487,0.3806277534047712
湖北,CEG2000_f4_r0030_c0094,2,54.88752567435805,67.86225928780009,-12.974733613442034,-0.1911921847225408,5,57.44623935998336,1,-12.787761188764504,-2.659898007267487,0.3806277534047712
湖北,CEG2000_f4_r0030_c0094,3,63.96416435108809,54.88752567435805,9.076638676730035,0.16536796959259528,6,63.53853396815967,6,8.525174125843,-2.659898007267487,0.3806277534047712
湖北,CEG2000_f4_r0030_c0094,4,51.00956381125707,63.96416435108809,-12.95460053983102,-0.2025290359258895,4,51.35394475180705,1,-12.787761188764504,-2.659898007267487,0.3806277534047712
湖北,CEG2000_f4_r0030_c0094,5,50.837496347224,51.00956381125707,-0.17206746403306994,-0.003373239274692585,4,51.35394475180705,4,-1.7763568394002505e-15,-2.659898007267487,0.3806277534047712
湖北,CEG2000_f4_r0030_c0094,6,37.17878625563143,50.837496347224,-13.658710091592567,-0.26867393308086085,2,39.16935553545444,1,-12.787761188764504,-2.659898007267487,0.3806277534047712
湖北,CEG2000_f4_r0030_c0094,7,33.18491165014737,37.17878625563143,-3.9938746054840593,-0.1074234801002712,1,33.07706092727814,3,-4.262587062921503,-2.659898007267487,0.3806277534047712
湖北,CEG2000_f4_r0030_c0094,8,37.31053674521332,33.18491165014737,4.125625095065949,0.12432231667694157,2,39.16935553545444,5,4.262587062921499,-2.659898007267487,0.3806277534047712
湖北,CEG2000_f4_r0030_c0094,9,40.10074258793697,37.31053674521332,2.790205842723651,0.074783320909518,2,39.16935553545444,5,4.262587062921499,-2.659898007267487,0.3806277534047712
湖北,CEG2000_f4_r0030_c0094,10,40.99708382478546,40.10074258793697,0.8963412368484924,0.02235223537027786,2,39.16935553545444,4,-1.7763568394002505e-15,-2.659898007267487,0.3806277534047712
湖北,CEG2000_f4_r0030_c0094,11,55.06576805071314,40.99708382478546,14.068684225927676,0.34316304754881666,5,57.44623935998336,7,12.7877611887645,-2.659898007267487,0.3806277534047712
湖北,CEG2000_f4_r0030_c0094,12,71.46056803234178,55.06576805071314,16.394799981628644,0.29773125050266724,7,69.63082857633597,8,17.050348251686003,-2.659898007267487,0.3806277534047712
湖北,CEG2000_f4_r0030_c0095,1,67.89678332783187,,,,7,69.63082857633597,4,,-2.524384841930575,0.4497387500535247
湖北,CEG2000_f4_r0030_c0095,2,57.76506548495437,67.89678332783187,-10.1317178428775,-0.14922235408351608,5,57.44623935998336,2,-8.525174125843003,-2.524384841930575,0.4497387500535247
湖北,CEG2000_f4_r0030_c0095,3,67.91420642986003,57.76506548495437,10.14914094490566,0.17569686556573075,7,69.63082857633597,6,8.525174125843,-2.524384841930575,0.4497387500535247
湖北,CEG2000_f4_r0030_c0095,4,53.73742737788911,67.91420642986003,-14.176779051970918,-0.20874541273794187,4,51.35394475180705,1,-12.787761188764504,-2.524384841930575,0.4497387500535247
湖北,CEG2000_f4_r0030_c0095,5,56.734881156688225,53.73742737788911,2.9974537787991125,0.05577962930232216,5,57.44623935998336,5,4.262587062921499,-2.524384841930575,0.4497387500535247
湖北,CEG2000_f4_r0030_c0095,6,40.9373311071808,56.734881156688225,-15.797550049507421,-0.2784451069154151,2,39.16935553545444,0,-17.050348251686003,-2.524384841930575,0.4497387500535247
湖北,CEG2000_f4_r0030_c0095,7,35.936506863627756,40.9373311071808,-5.000824243553048,-0.12215804275222658,1,33.07706092727814,3,-4.262587062921503,-2.524384841930575,0.4497387500535247
湖北,CEG2000_f4_r0030_c0095,8,39.89289233242048,35.936506863627756,3.9563854687927247,0.1100937685403442,2,39.16935553545444,5,4.262587062921499,-2.524384841930575,0.4497387500535247
湖北,CEG2000_f4_r0030_c0095,9,43.75317326212461,39.89289233242048,3.860280929704132,0.09676613311306403,3,45.261650143630746,5,4.262587062921499,-2.524384841930575,0.4497387500535247
湖北,CEG2000_f4_r0030_c0095,10,45.52757469976921,43.75317326212461,1.774401437644599,0.040554805636934865,3,45.261650143630746,4,-1.7763568394002505e-15,-2.524384841930575,0.4497387500535247
湖北,CEG2000_f4_r0030_c0095,11,64.64692281895344,45.52757469976921,19.11934811918423,0.4199509472065322,6,63.53853396815967,8,17.050348251686003,-2.524384841930575,0.4497387500535247
湖北,CEG2000_f4_r0030_c0095,12,82.1598036596401,64.64692281895344,17.512880840686663,0.2709004555364879,8,75.72312318451227,8,17.050348251686003,-2.524384841930575,0.4497387500535247
湖北,CEG2000_f4_r0030_c0096,1,67.2216786309744,,,,7,69.63082857633597,4,,-2.3064674335203637,0.5589446607358155
湖北,CEG2000_f4_r0030_c0096,2,58.76144935016568,67.2216786309744,-8.460229280808718,-0.12585566818782795,5,57.44623935998336,2,-8.525174125843003,-2.3064674335203637,0.5589446607358155
湖北,CEG2000_f4_r0030_c0096,3,68.35435145706519,58.76144935016568,9.592902106899516,0.16325162522344197,7,69.63082857633597,6,8.525174125843,-2.3064674335203637,0.5589446607358155
湖北,CEG2000_f4_r0030_c0096,4,53.95629892576678,68.35435145706519,-14.398052531298411,-0.21063841912598835,4,51.35394475180705,1,-12.787761188764504,-2.3064674335203637,0.5589446607358155
湖北,CEG2000_f4_r0030_c0096,5,58.405486024978664,53.95629892576678,4.449187099211883,0.08245908610842799,5,57.44623935998336,5,4.262587062921499,-2.3064674335203637,0.5589446607358155
湖北,CEG2000_f4_r0030_c0096,6,40.32275920381327,58.405486024978664,-18.082726821165394,-0.3096066491670292,2,39.16935553545444,0,-17.050348251686003,-2.3064674335203637,0.5589446607358155
湖北,CEG2000_f4_r0030_c0096,7,36.429490996641285,40.32275920381327,-3.8932682071719853,-0.09655262397826694,2,39.16935553545444,3,-4.262587062921503,-2.3064674335203637,0.5589446607358155
湖北,CEG2000_f4_r0030_c0096,8,39.12802955717513,36.429490996641285,2.698538560533848,0.07407565921749076,2,39.16935553545444,5,4.262587062921499,-2.3064674335203637,0.5589446607358155
湖北,CEG2000_f4_r0030_c0096,9,44.644559279297,39.12802955717513,5.5165297221218665,0.14098664779581951,3,45.261650143630746,5,4.262587062921499,-2.3064674335203637,0.5589446607358155
湖北,CEG2000_f4_r0030_c0096,10,46.07940549519793,44.644559279297,1.434846215900933,0.032139329832432985,3,45.261650143630746,4,-1.7763568394002505e-15,-2.3064674335203637,0.5589446607358155
湖北,CEG2000_f4_r0030_c0096,11,68.699095320143,46.07940549519793,22.61968982494507,0.4908850186294685,7,69.63082857633597,8,17.050348251686003,-2.3064674335203637,0.5589446607358155
湖北,CEG2000_f4_r0030_c0096,12,84.55300586860614,68.699095320143,15.853910548463134,0.23077320705000126,8,75.72312318451227,8,17.050348251686003,-2.3064674335203637,0.5589446607358155
湖北,CEG2000_f4_r0030_c0097,1,64.96404346472582,,,,6,63.53853396815967,4,,-1.9524447775409888,0.4270362557761493
湖北,CEG2000_f4_r0030_c0097,2,57.64937300145931,64.96404346472582,-7.314670463266509,-0.11259567713389376,5,57.44623935998336,2,-8.525174125843003,-1.9524447775409888,0.4270362557761493
湖北,CEG2000_f4_r0030_c0097,3,66.18324415985312,57.64937300145931,8.533871158393808,0.1480305979768034,6,63.53853396815967,6,8.525174125843,-1.9524447775409888,0.4270362557761493
湖北,CEG2000_f4_r0030_c0097,4,52.92605160628687,66.18324415985312,-13.257192553566249,-0.2003104066876203,4,51.35394475180705,1,-12.787761188764504,-1.9524447775409888,0.4270362557761493
湖北,CEG2000_f4_r0030_c0097,5,58.81932598420148,52.92605160628687,5.893274377914608,0.11134921648329743,5,57.44623935998336,5,4.262587062921499,-1.9524447775409888,0.4270362557761493
湖北,CEG2000_f4_r0030_c0097,6,39.95376788618373,58.81932598420148,-18.865558098017743,-0.3207374070060735,2,39.16935553545444,0,-17.050348251686003,-1.9524447775409888,0.4270362557761493
湖北,CEG2000_f4_r0030_c0097,7,35.25452537199289,39.95376788618373,-4.699242514190843,-0.11761700492373013,1,33.07706092727814,3,-4.262587062921503,-1.9524447775409888,0.4270362557761493
湖北,CEG2000_f4_r0030_c0097,8,37.74298187035947,35.25452537199289,2.488456498366581,0.07058544887810277,2,39.16935553545444,5,4.262587062921499,-1.9524447775409888,0.4270362557761493
湖北,CEG2000_f4_r0030_c0097,9,44.23898710298535,37.74298187035947,6.496005232625876,0.17211160620373123,3,45.261650143630746,6,8.525174125843,-1.9524447775409888,0.4270362557761493
湖北,CEG2000_f4_r0030_c0097,10,45.22923503281196,44.23898710298535,0.9902479298266087,0.022384055211783646,3,45.261650143630746,4,-1.7763568394002505e-15,-1.9524447775409888,0.4270362557761493
湖北,CEG2000_f4_r0030_c0097,11,67.96629236203837,45.22923503281196,22.737057329226417,0.5027070944872628,7,69.63082857633597,8,17.050348251686003,-1.9524447775409888,0.4270362557761493
湖北,CEG2000_f4_r0030_c0097,12,86.21075576624456,67.96629236203837,18.244463404206186,0.2684339952961209,8,75.72312318451227,8,17.050348251686003,-1.9524447775409888,0.4270362557761493
湖北,CEG2000_f4_r0030_c0098,1,62.230012523768345,,,,6,63.53853396815967,4,,-1.4686177545908206,0.4073273037906489
湖北,CEG2000_f4_r0030_c0098,2,56.33288077690319,62.230012523768345,-5.897131746865156,-0.09476346713915228,5,57.44623935998336,3,-4.262587062921503,-1.4686177545908206,0.4073273037906489
湖北,CEG2000_f4_r0030_c0098,3,64.19009746904132,56.33288077690319,7.857216692138131,0.1394783398927405,6,63.53853396815967,6,8.525174125843,-1.4686177545908206,0.4073273037906489
湖北,CEG2000_f4_r0030_c0098,4,52.21465156843395,64.19009746904132,-11.975445900607369,-0.18656220153557312,4,51.35394475180705,1,-12.787761188764504,-1.4686177545908206,0.4073273037906489
湖北,CEG2000_f4_r0030_c0098,5,59.20835390714849,52.21465156843395,6.993702338714542,0.13394137715442578,5,57.44623935998336,6,8.525174125843,-1.4686177545908206,0.4073273037906489
湖北,CEG2000_f4_r0030_c0098,6,39.85831066670046,59.20835390714849,-19.35004324044803,-0.32681272090072094,2,39.16935553545444,0,-17.050348251686003,-1.4686177545908206,0.4073273037906489
湖北,CEG2000_f4_r0030_c0098,7,34.2075114077865,39.85831066670046,-5.650799258913963,-0.14177217158465552,1,33.07706092727814,3,-4.262587062921503,-1.4686177545908206,0.4073273037906489
湖北,CEG2000_f4_r0030_c0098,8,35.92408482178787,34.2075114077865,1.716573414001374,0.05018118370372415,1,33.07706092727814,4,-1.7763568394002505e-15,-1.4686177545908206,0.4073273037906489
湖北,CEG2000_f4_r0030_c0098,9,43.521033182214815,35.92408482178787,7.596948360426943,0.21147228657636982,3,45.261650143630746,6,8.525174125843,-1.4686177545908206,0.4073273037906489
湖北,CEG2000_f4_r0030_c0098,10,44.15650319616998,43.521033182214815,0.6354700139551639,0.014601445955902842,3,45.261650143630746,4,-1.7763568394002505e-15,-1.4686177545908206,0.4073273037906489
湖北,CEG2000_f4_r0030_c0098,11,64.71944031325854,44.15650319616998,20.562937117088566,0.4656830960036741,6,63.53853396815967,8,17.050348251686003,-1.4686177545908206,0.4073273037906489
湖北,CEG2000_f4_r0030_c0098,12,82.93519631995063,64.71944031325854,18.21575600669209,0.2814572548607219,8,75.72312318451227,8,17.050348251686003,-1.4686177545908206,0.4073273037906489
湖北,CEG2000_f4_r0030_c0099,1,61.6966251309716,,,,6,63.53853396815967,4,,-1.0256866171906311,0.3673593138276246
湖北,CEG2000_f4_r0030_c0099,2,55.882635341287695,61.6966251309716,-5.813989789683902,-0.09423513486097133,5,57.44623935998336,3,-4.262587062921503,-1.0256866171906311,0.3673593138276246
湖北,CEG2000_f4_r0030_c0099,3,63.640351345981024,55.882635341287695,7.757716004693329,0.13882158486827312,6,63.53853396815967,6,8.525174125843,-1.0256866171906311,0.3673593138276246
湖北,CEG2000_f4_r0030_c0099,4,53.0383535206596,63.640351345981024,-10.601997825321426,-0.1665923836228311,4,51.35394475180705,2,-8.525174125843003,-1.0256866171906311,0.3673593138276246
湖北,CEG2000_f4_r0030_c0099,5,59.99687878834857,53.0383535206596,6.9585252676889695,0.1311979879801222,5,57.44623935998336,6,8.525174125843,-1.0256866171906311,0.3673593138276246
湖北,CEG2000_f4_r0030_c0099,6,40.86811010567591,59.99687878834857,-19.128768682672657,-0.3188293969450203,2,39.16935553545444,0,-17.050348251686003,-1.0256866171906311,0.3673593138276246
湖北,CEG2000_f4_r0030_c0099,7,33.86570171567711,40.86811010567591,-7.0024083899987986,-0.17134162484861953,1,33.07706092727814,2,-8.525174125843003,-1.0256866171906311,0.3673593138276246
湖北,CEG2000_f4_r0030_c0099,8,34.99005922805565,33.86570171567711,1.1243575123785376,0.03320047881535702,1,33.07706092727814,4,-1.7763568394002505e-15,-1.0256866171906311,0.3673593138276246
湖北,CEG2000_f4_r0030_c0099,9,42.51925048494773,34.99005922805565,7.529191256892084,0.21518086630888136,3,45.261650143630746,6,8.525174125843,-1.0256866171906311,0.3673593138276246
湖北,CEG2000_f4_r0030_c0099,10,43.42651031665155,42.51925048494773,0.9072598317038185,0.0213376252251906,3,45.261650143630746,4,-1.7763568394002505e-15,-1.0256866171906311,0.3673593138276246
湖北,CEG2000_f4_r0030_c0099,11,61.47028863074945,43.42651031665155,18.0437783140979,0.4155014571175238,6,63.53853396815967,8,17.050348251686003,-1.0256866171906311,0.3673593138276246
湖北,CEG2000_f4_r0030_c0099,12,81.62237721033651,61.47028863074945,20.15208857958706,0.3278346178043863,8,75.72312318451227,8,17.050348251686003,-1.0256866171906311,0.3673593138276246
湖北,CEG2000_f4_r0030_c0100,1,60.48527956098079,,,,5,57.44623935998336,4,,-0.733198822721606,0.4103179707866818
湖北,CEG2000_f4_r0030_c0100,2,55.40973954146035,60.48527956098079,-5.075540019520446,-0.08391364074631293,5,57.44623935998336,3,-4.262587062921503,-0.733198822721606,0.4103179707866818
湖北,CEG2000_f4_r0030_c0100,3,64.56409408300995,55.40973954146035,9.154354541549601,0.16521201177456996,6,63.53853396815967,6,8.525174125843,-0.733198822721606,0.4103179707866818
湖北,CEG2000_f4_r0030_c0100,4,53.07980689480705,64.56409408300995,-11.484287188202899,-0.17787420936221254,4,51.35394475180705,1,-12.787761188764504,-0.733198822721606,0.4103179707866818
湖北,CEG2000_f4_r0030_c0100,5,58.35598996713905,53.07980689480705,5.276183072332003,0.09940094700774406,5,57.44623935998336,5,4.262587062921499,-0.733198822721606,0.4103179707866818
湖北,CEG2000_f4_r0030_c0100,6,41.18121617296563,58.35598996713905,-17.174773794173426,-0.2943103836271948,2,39.16935553545444,0,-17.050348251686003,-0.733198822721606,0.4103179707866818
湖北,CEG2000_f4_r0030_c0100,7,33.65571482619313,41.18121617296563,-7.525501346772494,-0.18274111466656454,1,33.07706092727814,2,-8.525174125843003,-0.733198822721606,0.4103179707866818
湖北,CEG2000_f4_r0030_c0100,8,35.23190736759079,33.65571482619313,1.5761925413976599,0.04683283506345143,1,33.07706092727814,4,-1.7763568394002505e-15,-0.733198822721606,0.4103179707866818
湖北,CEG2000_f4_r0030_c0100,9,42.14361053691154,35.23190736759079,6.911703169320745,0.19617737686488976,2,39.16935553545444,6,8.525174125843,-0.733198822721606,0.4103179707866818
湖北,CEG2000_f4_r0030_c0100,10,43.1331419227625,42.14361053691154,0.9895313858509596,0.023479986010792243,3,45.261650143630746,4,-1.7763568394002505e-15,-0.733198822721606,0.4103179707866818
湖北,CEG2000_f4_r0030_c0100,11,58.96202195057626,43.1331419227625,15.82888002781376,0.3669772087588278,5,57.44623935998336,8,17.050348251686003,-0.733198822721606,0.4103179707866818
湖北,CEG2000_f4_r0030_c0100,12,80.82465454476626,58.96202195057626,21.862632594190003,0.3707917719055822,8,75.72312318451227,8,17.050348251686003,-0.733198822721606,0.4103179707866818
湖北,CEG2000_f4_r0030_c0101,1,60.38704218477193,,,,5,57.44623935998336,4,,-0.5546599389145968,0.4859115576440849
湖北,CEG2000_f4_r0030_c0101,2,56.62467534809643,60.38704218477193,-3.762366836675497,-0.062304207998189885,5,57.44623935998336,3,-4.262587062921503,-0.5546599389145968,0.4859115576440849
湖北,CEG2000_f4_r0030_c0101,3,66.581340665653,56.62467534809643,9.95666531755657,0.17583615722913432,6,63.53853396815967,6,8.525174125843,-0.5546599389145968,0.4859115576440849
湖北,CEG2000_f4_r0030_c0101,4,54.56207408757483,66.581340665653,-12.019266578078174,-0.18052004447363879,5,57.44623935998336,1,-12.787761188764504,-0.5546599389145968,0.4859115576440849
湖北,CEG2000_f4_r0030_c0101,5,59.93308094518537,54.56207408757483,5.3710068576105385,0.0984384656820378,5,57.44623935998336,5,4.262587062921499,-0.5546599389145968,0.4859115576440849
湖北,CEG2000_f4_r0030_c0101,6,41.68775924819371,59.93308094518537,-18.24532169699166,-0.3044282291057051,2,39.16935553545444,0,-17.050348251686003,-0.5546599389145968,0.4859115576440849
湖北,CEG2000_f4_r0030_c0101,7,34.93154086781852,41.68775924819371,-6.756218380375188,-0.16206719915433998,1,33.07706092727814,2,-8.525174125843003,-0.5546599389145968,0.4859115576440849
湖北,CEG2000_f4_r0030_c0101,8,35.9806879284471,34.93154086781852,1.0491470606285773,0.030034376799997622,1,33.07706092727814,4,-1.7763568394002505e-15,-0.5546599389145968,0.4859115576440849
湖北,CEG2000_f4_r0030_c0101,9,42.584640515993776,35.9806879284471,6.603952587546679,0.18354158766168152,3,45.261650143630746,6,8.525174125843,-0.5546599389145968,0.4859115576440849
湖北,CEG2000_f4_r0030_c0101,10,44.473292283167964,42.584640515993776,1.8886517671741885,0.04435053916833831,3,45.261650143630746,4,-1.7763568394002505e-15,-0.5546599389145968,0.4859115576440849
湖北,CEG2000_f4_r0030_c0101,11,57.25381304127776,44.473292283167964,12.780520758109795,0.2873751886128499,5,57.44623935998336,7,12.7877611887645,-0.5546599389145968,0.4859115576440849
湖北,CEG2000_f4_r0030_c0101,12,82.49286666890784,57.25381304127776,25.239053627630078,0.4408274713412312,8,75.72312318451227,8,17.050348251686003,-0.5546599389145968,0.4859115576440849
湖北,CEG2000_f4_r0030_c0102,1,57.61095589560949,,,,5,57.44623935998336,4,,-0.4411205129886998,0.5279282297080792
湖北,CEG2000_f4_r0030_c0102,2,53.89513552691565,57.61095589560949,-3.7158203686938407,-0.06449850225410028,4,51.35394475180705,3,-4.262587062921503,-0.4411205129886998,0.5279282297080792
湖北,CEG2000_f4_r0030_c0102,3,64.1000502890778,53.89513552691565,10.204914762162147,0.18934760368244613,6,63.53853396815967,6,8.525174125843,-0.4411205129886998,0.5279282297080792
湖北,CEG2000_f4_r0030_c0102,4,53.46793077697281,64.1000502890778,-10.632119512104993,-0.1658675689668941,4,51.35394475180705,2,-8.525174125843003,-0.4411205129886998,0.5279282297080792
湖北,CEG2000_f4_r0030_c0102,5,60.39387197459771,53.46793077697281,6.925941197624901,0.12953449099264033,5,57.44623935998336,6,8.525174125843,-0.4411205129886998,0.5279282297080792
湖北,CEG2000_f4_r0030_c0102,6,40.50944298774721,60.39387197459771,-19.8844289868505,-0.32924580485937543,2,39.16935553545444,0,-17.050348251686003,-0.4411205129886998,0.5279282297080792
湖北,CEG2000_f4_r0030_c0102,7,33.950310428808265,40.50944298774721,-6.559132558938941,-0.161916137946475,1,33.07706092727814,2,-8.525174125843003,-0.4411205129886998,0.5279282297080792
湖北,CEG2000_f4_r0030_c0102,8,35.2751686536726,33.950310428808265,1.324858224864336,0.039023449509908985,1,33.07706092727814,4,-1.7763568394002505e-15,-0.4411205129886998,0.5279282297080792
湖北,CEG2000_f4_r0030_c0102,9,41.52726791722187,35.2751686536726,6.252099263549269,0.17723796943202835,2,39.16935553545444,5,4.262587062921499,-0.4411205129886998,0.5279282297080792
湖北,CEG2000_f4_r0030_c0102,10,44.3571816189236,41.52726791722187,2.8299137017017273,0.06814591577136062,3,45.261650143630746,5,4.262587062921499,-0.4411205129886998,0.5279282297080792
湖北,CEG2000_f4_r0030_c0102,11,53.28779770668197,44.3571816189236,8.930616087758374,0.20133416420551856,4,51.35394475180705,6,8.525174125843,-0.4411205129886998,0.5279282297080792
湖北,CEG2000_f4_r0030_c0102,12,78.81111534793088,53.28779770668197,25.52331764124891,0.47897114798663254,8,75.72312318451227,8,17.050348251686003,-0.4411205129886998,0.5279282297080792
湖北,CEG2000_f4_r0030_c0103,1,57.61469716485513,,,,5,57.44623935998336,4,,-0.3643809232754383,0.6535213310281808
湖北,CEG2000_f4_r0030_c0103,2,52.96210489142844,57.61469716485513,-4.652592273426691,-0.0807535664053575,4,51.35394475180705,3,-4.262587062921503,-0.3643809232754383,0.6535213310281808
湖北,CEG2000_f4_r0030_c0103,3,61.77012388685297,52.96210489142844,8.808018995424533,0.16630794817314845,6,63.53853396815967,6,8.525174125843,-0.3643809232754383,0.6535213310281808
湖北,CEG2000_f4_r0030_c0103,4,52.151963005962585,61.77012388685297,-9.618160880890386,-0.15570894593814302,4,51.35394475180705,2,-8.525174125843003,-0.3643809232754383,0.6535213310281808
湖北,CEG2000_f4_r0030_c0103,5,58.50966305224133,52.151963005962585,6.357700046278744,0.12190720501837796,5,57.44623935998336,5,4.262587062921499,-0.3643809232754383,0.6535213310281808
湖北,CEG2000_f4_r0030_c0103,6,39.14083587930807,58.50966305224133,-19.36882717293326,-0.3310363820697357,2,39.16935553545444,0,-17.050348251686003,-0.3643809232754383,0.6535213310281808
湖北,CEG2000_f4_r0030_c0103,7,32.73881070293306,39.14083587930807,-6.4020251763750124,-0.16356383384646783,1,33.07706092727814,2,-8.525174125843003,-0.3643809232754383,0.6535213310281808
湖北,CEG2000_f4_r0030_c0103,8,33.874243656600086,32.73881070293306,1.1354329536670278,0.034681557737993966,1,33.07706092727814,4,-1.7763568394002505e-15,-0.3643809232754383,0.6535213310281808
湖北,CEG2000_f4_r0030_c0103,9,40.631775927245016,33.874243656600086,6.75753227064493,0.19948880155522783,2,39.16935553545444,6,8.525174125843,-0.3643809232754383,0.6535213310281808
湖北,CEG2000_f4_r0030_c0103,10,44.03829683527609,40.631775927245016,3.4065209080310765,0.08383883869931676,3,45.261650143630746,5,4.262587062921499,-0.3643809232754383,0.6535213310281808
湖北,CEG2000_f4_r0030_c0103,11,49.98235107539315,44.03829683527609,5.944054240117055,0.13497466222071686,4,51.35394475180705,5,4.262587062921499,-0.3643809232754383,0.6535213310281808
湖北,CEG2000_f4_r0030_c0103,12,74.24931917779638,49.98235107539315,24.266968102403233,0.4855107368958905,8,75.72312318451227,8,17.050348251686003,-0.3643809232754383,0.6535213310281808
湖北,CEG2000_f4_r0030_c0104,1,53.21842085226347,,,,4,51.35394475180705,4,,-0.309638618789762,0.8060040365929098
湖北,CEG2000_f4_r0030_c0104,2,49.05630996046036,53.21842085226347,-4.16211089180311,-0.07820808707115345,4,51.35394475180705,3,-4.262587062921503,-0.309638618789762,0.8060040365929098
湖北,CEG2000_f4_r0030_c0104,3,56.53694726422008,49.05630996046036,7.480637303759721,0.15249082757731172,5,57.44623935998336,6,8.525174125843,-0.309638618789762,0.8060040365929098
湖北,CEG2000_f4_r0030_c0104,4,47.39749384757738,56.53694726422008,-9.139453416642702,-0.16165452609123607,3,45.261650143630746,2,-8.525174125843003,-0.309638618789762,0.8060040365929098
湖北,CEG2000_f4_r0030_c0104,5,52.7113732619085,47.39749384757738,5.313879414331119,0.11211308832951568,4,51.35394475180705,5,4.262587062921499,-0.309638618789762,0.8060040365929098
湖北,CEG2000_f4_r0030_c0104,6,34.77150772916367,52.7113732619085,-17.939865532744825,-0.34034145617126127,1,33.07706092727814,0,-17.050348251686003,-0.309638618789762,0.8060040365929098
湖北,CEG2000_f4_r0030_c0104,7,30.44762747338081,34.77150772916367,-4.323880255782864,-0.12435124439991785,1,33.07706092727814,3,-4.262587062921503,-0.309638618789762,0.8060040365929098
湖北,CEG2000_f4_r0030_c0104,8,30.741482582471615,30.44762747338081,0.29385510909080637,0.009651166066969015,1,33.07706092727814,4,-1.7763568394002505e-15,-0.309638618789762,0.8060040365929098
湖北,CEG2000_f4_r0030_c0104,9,36.222565993945786,30.741482582471615,5.48108341147417,0.17829600107183546,2,39.16935553545444,5,4.262587062921499,-0.309638618789762,0.8060040365929098
湖北,CEG2000_f4_r0030_c0104,10,39.09330011535371,36.222565993945786,2.870734121407928,0.07925264383223818,2,39.16935553545444,5,4.262587062921499,-0.309638618789762,0.8060040365929098
湖北,CEG2000_f4_r0030_c0104,11,42.75993716937478,39.09330011535371,3.6666370540210664,0.0937919552251106,3,45.261650143630746,5,4.262587062921499,-0.309638618789762,0.8060040365929098
湖北,CEG2000_f4_r0030_c0104,12,61.824550613417806,42.75993716937478,19.064613444043026,0.44585223239517174,6,63.53853396815967,8,17.050348251686003,-0.309638618789762,0.8060040365929098
湖北,CEG2000_f4_r0030_c0105,1,48.29673982322006,,,,3,45.261650143630746,4,,-0.28549826655476,0.9385562834273768
湖北,CEG2000_f4_r0030_c0105,2,44.848879852955314,48.29673982322006,-3.4478599702647443,-0.07138908304959926,3,45.261650143630746,3,-4.262587062921503,-0.28549826655476,0.9385562834273768
湖北,CEG2000_f4_r0030_c0105,3,52.070884269882995,44.848879852955314,7.222004416927682,0.16102976129183721,4,51.35394475180705,6,8.525174125843,-0.28549826655476,0.9385562834273768
湖北,CEG2000_f4_r0030_c0105,4,42.97614771712588,52.070884269882995,-9.094736552757112,-0.17466068956346434,3,45.261650143630746,2,-8.525174125843003,-0.28549826655476,0.9385562834273768
湖北,CEG2000_f4_r0030_c0105,5,46.35169706667507,42.97614771712588,3.375549349549189,0.07854471675235893,3,45.261650143630746,5,4.262587062921499,-0.28549826655476,0.9385562834273768
湖北,CEG2000_f4_r0030_c0105,6,31.133675543598756,46.35169706667507,-15.218021523076317,-0.3283163829187483,1,33.07706092727814,0,-17.050348251686003,-0.28549826655476,0.9385562834273768
湖北,CEG2000_f4_r0030_c0105,7,27.917525969691127,31.133675543598756,-3.2161495739076287,-0.10330131337701583,0,26.98476631910183,3,-4.262587062921503,-0.28549826655476,0.9385562834273768
湖北,CEG2000_f4_r0030_c0105,8,27.27316810980459,27.917525969691127,-0.6443578598865365,-0.023080765128904633,0,26.98476631910183,4,-1.7763568394002505e-15,-0.28549826655476,0.9385562834273768
湖北,CEG2000_f4_r0030_c0105,9,32.00901329827966,27.27316810980459,4.735845188475071,0.17364485011085143,1,33.07706092727814,5,4.262587062921499,-0.28549826655476,0.9385562834273768
湖北,CEG2000_f4_r0030_c0105,10,33.64811020949702,32.00901329827966,1.639096911217358,0.05120735512660904,1,33.07706092727814,4,-1.7763568394002505e-15,-0.28549826655476,0.9385562834273768
湖北,CEG2000_f4_r0030_c0105,11,36.12830564090341,33.64811020949702,2.4801954314063934,0.0737097987365237,2,39.16935553545444,5,4.262587062921499,-0.28549826655476,0.9385562834273768
湖北,CEG2000_f4_r0030_c0105,12,52.208207457363,36.12830564090341,16.07990181645959,0.4450776622708371,4,51.35394475180705,8,17.050348251686003,-0.28549826655476,0.9385562834273768
湖北,CEG2000_f4_r0031_c0090,1,51.728377178426015,,,,4,51.35394475180705,4,,-2.993465903461664,0.949522880071667
湖北,CEG2000_f4_r0031_c0090,2,44.194522947770736,51.728377178426015,-7.53385423065528,-0.14564257843753448,3,45.261650143630746,2,-8.525174125843003,-2.993465903461664,0.949522880071667
湖北,CEG2000_f4_r0031_c0090,3,49.372646061935455,44.194522947770736,5.17812311416472,0.11716662538215983,4,51.35394475180705,5,4.262587062921499,-2.993465903461664,0.949522880071667
湖北,CEG2000_f4_r0031_c0090,4,37.57991354963517,49.372646061935455,-11.792732512300283,-0.23885153932213607,2,39.16935553545444,1,-12.787761188764504,-2.993465903461664,0.949522880071667
湖北,CEG2000_f4_r0031_c0090,5,37.01014013111229,37.57991354963517,-0.5697734185228853,-0.015161647931157008,2,39.16935553545444,4,-1.7763568394002505e-15,-2.993465903461664,0.949522880071667
湖北,CEG2000_f4_r0031_c0090,6,26.837465104300723,37.01014013111229,-10.172675026811564,-0.2748618349126429,0,26.98476631910183,2,-8.525174125843003,-2.993465903461664,0.949522880071667
湖北,CEG2000_f4_r0031_c0090,7,24.26289911340086,26.837465104300723,-2.5745659908998633,-0.09593178718236274,0,26.98476631910183,3,-4.262587062921503,-2.993465903461664,0.949522880071667
湖北,CEG2000_f4_r0031_c0090,8,24.482521202635,24.26289911340086,0.2196220892341394,0.009051766163955154,0,26.98476631910183,4,-1.7763568394002505e-15,-2.993465903461664,0.949522880071667
湖北,CEG2000_f4_r0031_c0090,9,26.76752258330636,24.482521202635,2.2850013806713605,0.0933319473823403,0,26.98476631910183,5,4.262587062921499,-2.993465903461664,0.949522880071667
湖北,CEG2000_f4_r0031_c0090,10,26.862944735026385,26.76752258330636,0.095422151720026,0.003564848088688502,0,26.98476631910183,4,-1.7763568394002505e-15,-2.993465903461664,0.949522880071667
湖北,CEG2000_f4_r0031_c0090,11,35.81682387413053,26.862944735026385,8.953879139104142,0.3333171112632804,1,33.07706092727814,6,8.525174125843,-2.993465903461664,0.949522880071667
湖北,CEG2000_f4_r0031_c0090,12,43.17481616114976,35.81682387413053,7.357992287019229,0.205433969044187,3,45.261650143630746,6,8.525174125843,-2.993465903461664,0.949522880071667
湖北,CEG2000_f4_r0031_c0091,1,54.31312113069344,,,,4,51.35394475180705,4,,-3.0095419888987855,0.8511591727670801
湖北,CEG2000_f4_r0031_c0091,2,44.57323765414433,54.31312113069344,-9.73988347654911,-0.17932836990001125,3,45.261650143630746,2,-8.525174125843003,-3.0095419888987855,0.8511591727670801
湖北,CEG2000_f4_r0031_c0091,3,50.30283599826095,44.57323765414433,5.729598344116624,0.12854346342471484,4,51.35394475180705,5,4.262587062921499,-3.0095419888987855,0.8511591727670801
湖北,CEG2000_f4_r0031_c0091,4,39.046004553530906,50.30283599826095,-11.256831444730047,-0.22378124853873474,2,39.16935553545444,1,-12.787761188764504,-3.0095419888987855,0.8511591727670801
湖北,CEG2000_f4_r0031_c0091,5,37.78394278869498,39.046004553530906,-1.2620617648359271,-0.03232243040656511,2,39.16935553545444,4,-1.7763568394002505e-15,-3.0095419888987855,0.8511591727670801
湖北,CEG2000_f4_r0031_c0091,6,27.385797228365256,37.78394278869498,-10.398145560329723,-0.2752001192273895,0,26.98476631910183,2,-8.525174125843003,-3.0095419888987855,0.8511591727670801
湖北,CEG2000_f4_r0031_c0091,7,24.552255140523258,27.385797228365256,-2.833542087841998,-0.10346757716102249,0,26.98476631910183,3,-4.262587062921503,-3.0095419888987855,0.8511591727670801
湖北,CEG2000_f4_r0031_c0091,8,24.98212070702665,24.552255140523258,0.42986556650339125,0.017508190756534717,0,26.98476631910183,4,-1.7763568394002505e-15,-3.0095419888987855,0.8511591727670801
湖北,CEG2000_f4_r0031_c0091,9,26.84057791736882,24.98212070702665,1.85845721034217,0.07439149110425389,0,26.98476631910183,4,-1.7763568394002505e-15,-3.0095419888987855,0.8511591727670801
湖北,CEG2000_f4_r0031_c0091,10,26.415241067614996,26.84057791736882,-0.4253368497538226,-0.015846784337627196,0,26.98476631910183,4,-1.7763568394002505e-15,-3.0095419888987855,0.8511591727670801
湖北,CEG2000_f4_r0031_c0091,11,35.021442914586366,26.415241067614996,8.60620184697137,0.32580440303164776,1,33.07706092727814,6,8.525174125843,-3.0095419888987855,0.8511591727670801
湖北,CEG2000_f4_r0031_c0091,12,43.91734186984141,35.021442914586366,8.895898955255042,0.2540129193691764,3,45.261650143630746,6,8.525174125843,-3.0095419888987855,0.8511591727670801
湖北,CEG2000_f4_r0031_c0092,1,56.2470499164035,,,,5,57.44623935998336,4,,-3.0017629847067475,0.7299416047287478
湖北,CEG2000_f4_r0031_c0092,2,44.75461137247338,56.2470499164035,-11.49243854393012,-0.20432073434981246,3,45.261650143630746,1,-12.787761188764504,-3.0017629847067475,0.7299416047287478
湖北,CEG2000_f4_r0031_c0092,3,51.389285322920855,44.75461137247338,6.634673950447478,0.1482455940736462,4,51.35394475180705,6,8.525174125843,-3.0017629847067475,0.7299416047287478
湖北,CEG2000_f4_r0031_c0092,4,39.778499208968306,51.389285322920855,-11.61078611395255,-0.22593787870355653,2,39.16935553545444,1,-12.787761188764504,-3.0017629847067475,0.7299416047287478
湖北,CEG2000_f4_r0031_c0092,5,39.27619254319142,39.778499208968306,-0.5023066657768851,-0.012627592185872035,2,39.16935553545444,4,-1.7763568394002505e-15,-3.0017629847067475,0.7299416047287478
湖北,CEG2000_f4_r0031_c0092,6,28.781991418586028,39.27619254319142,-10.494201124605393,-0.26718987878127654,0,26.98476631910183,2,-8.525174125843003,-3.0017629847067475,0.7299416047287478
湖北,CEG2000_f4_r0031_c0092,7,25.20698582320686,28.781991418586028,-3.5750055953791673,-0.12420980686800567,0,26.98476631910183,3,-4.262587062921503,-3.0017629847067475,0.7299416047287478
湖北,CEG2000_f4_r0031_c0092,8,25.96185850494409,25.20698582320686,0.7548726817372291,0.02994696339465761,0,26.98476631910183,4,-1.7763568394002505e-15,-3.0017629847067475,0.7299416047287478
湖北,CEG2000_f4_r0031_c0092,9,27.75088494347475,25.96185850494409,1.7890264385306622,0.06890979851037883,0,26.98476631910183,4,-1.7763568394002505e-15,-3.0017629847067475,0.7299416047287478
湖北,CEG2000_f4_r0031_c0092,10,27.390251407999003,27.75088494347475,-0.36063353547574906,-0.012995388659147867,0,26.98476631910183,4,-1.7763568394002505e-15,-3.0017629847067475,0.7299416047287478
湖北,CEG2000_f4_r0031_c0092,11,36.66880360378102,27.390251407999003,9.27855219578202,0.33875381636958346,2,39.16935553545444,6,8.525174125843,-3.0017629847067475,0.7299416047287478
湖北,CEG2000_f4_r0031_c0092,12,45.92435789080075,36.66880360378102,9.255554287019727,0.2524094973762755,3,45.261650143630746,6,8.525174125843,-3.0017629847067475,0.7299416047287478
湖北,CEG2000_f4_r0031_c0093,1,58.77826168267128,,,,5,57.44623935998336,4,,-2.9731128539265774,0.4439785713154641
湖北,CEG2000_f4_r0031_c0093,2,45.459902291465454,58.77826168267128,-13.318359391205824,-0.2265864795918638,3,45.261650143630746,1,-12.787761188764504,-2.9731128539265774,0.4439785713154641
湖北,CEG2000_f4_r0031_c0093,3,54.6962500759894,45.459902291465454,9.236347784523943,0.20317570691870923,5,57.44623935998336,6,8.525174125843,-2.9731128539265774,0.4439785713154641
湖北,CEG2000_f4_r0031_c0093,4,41.27464298223588,54.6962500759894,-13.421607093753515,-0.24538441072481024,2,39.16935553545444,1,-12.787761188764504,-2.9731128539265774,0.4439785713154641
湖北,CEG2000_f4_r0031_c0093,5,41.45571826975821,41.27464298223588,0.18107528752232582,0.004387083071808968,2,39.16935553545444,4,-1.7763568394002505e-15,-2.9731128539265774,0.4439785713154641
湖北,CEG2000_f4_r0031_c0093,6,29.889425881297303,41.45571826975821,-11.566292388460905,-0.2790035457399968,0,26.98476631910183,1,-12.787761188764504,-2.9731128539265774,0.4439785713154641
湖北,CEG2000_f4_r0031_c0093,7,26.225218696727055,29.889425881297303,-3.664207184570248,-0.12259208989567949,0,26.98476631910183,3,-4.262587062921503,-2.9731128539265774,0.4439785713154641
湖北,CEG2000_f4_r0031_c0093,8,27.576409947429216,26.225218696727055,1.3511912507021613,0.0515225922928449,0,26.98476631910183,4,-1.7763568394002505e-15,-2.9731128539265774,0.4439785713154641
湖北,CEG2000_f4_r0031_c0093,9,29.24464660904301,27.576409947429216,1.6682366616137934,0.060495063164279404,0,26.98476631910183,4,-1.7763568394002505e-15,-2.9731128539265774,0.4439785713154641
湖北,CEG2000_f4_r0031_c0093,10,29.06829508806837,29.24464660904301,-0.17635152097463802,-0.0060302154897678515,0,26.98476631910183,4,-1.7763568394002505e-15,-2.9731128539265774,0.4439785713154641
湖北,CEG2000_f4_r0031_c0093,11,37.3150399942332,29.06829508806837,8.246744906164832,0.28370239400624025,2,39.16935553545444,6,8.525174125843,-2.9731128539265774,0.4439785713154641
湖北,CEG2000_f4_r0031_c0093,12,49.14496264100697,37.3150399942332,11.829922646773767,0.3170282719408047,4,51.35394475180705,7,12.7877611887645,-2.9731128539265774,0.4439785713154641
湖北,CEG2000_f4_r0031_c0094,1,61.719030285243285,,,,6,63.53853396815967,4,,-2.9299170152353806,0.3421717121926806
湖北,CEG2000_f4_r0031_c0094,2,49.429421002805746,61.719030285243285,-12.289609282437539,-0.19912187903211312,4,51.35394475180705,1,-12.787761188764504,-2.9299170152353806,0.3421717121926806
湖北,CEG2000_f4_r0031_c0094,3,59.41712745600812,49.429421002805746,9.987706453202371,0.20205995236390573,5,57.44623935998336,6,8.525174125843,-2.9299170152353806,0.3421717121926806
湖北,CEG2000_f4_r0031_c0094,4,44.99905751719201,59.41712745600812,-14.41806993881611,-0.24265848175664692,3,45.261650143630746,1,-12.787761188764504,-2.9299170152353806,0.3421717121926806
湖北,CEG2000_f4_r0031_c0094,5,45.867225314070865,44.99905751719201,0.8681677968788577,0.019293021782671158,3,45.261650143630746,4,-1.7763568394002505e-15,-2.9299170152353806,0.3421717121926806
湖北,CEG2000_f4_r0031_c0094,6,33.69986816734186,45.867225314070865,-12.167357146729003,-0.26527345099718463,1,33.07706092727814,1,-12.787761188764504,-2.9299170152353806,0.3421717121926806
湖北,CEG2000_f4_r0031_c0094,7,29.65913575276649,33.69986816734186,-4.040732414575373,-0.11990350806449737,0,26.98476631910183,3,-4.262587062921503,-2.9299170152353806,0.3421717121926806
湖北,CEG2000_f4_r0031_c0094,8,32.08571073592281,29.65913575276649,2.4265749831563213,0.08181543128511355,1,33.07706092727814,5,4.262587062921499,-2.9299170152353806,0.3421717121926806
湖北,CEG2000_f4_r0031_c0094,9,34.63006639840736,32.08571073592281,2.5443556624845485,0.07929871597439529,1,33.07706092727814,5,4.262587062921499,-2.9299170152353806,0.3421717121926806
湖北,CEG2000_f4_r0031_c0094,10,35.59585877035669,34.63006639840736,0.965792371949334,0.027888839739381815,1,33.07706092727814,4,-1.7763568394002505e-15,-2.9299170152353806,0.3421717121926806
湖北,CEG2000_f4_r0031_c0094,11,44.31438937743671,35.59585877035669,8.71853060708002,0.24493103715594539,3,45.261650143630746,6,8.525174125843,-2.9299170152353806,0.3421717121926806
湖北,CEG2000_f4_r0031_c0094,12,58.05628874673645,44.31438937743671,13.741899369299738,0.3101001630025081,5,57.44623935998336,7,12.7877611887645,-2.9299170152353806,0.3421717121926806
湖北,CEG2000_f4_r0031_c0095,1,66.36512050411355,,,,6,63.53853396815967,4,,-2.85773209212718,0.2539607746857862
湖北,CEG2000_f4_r0031_c0095,2,53.32069203001844,66.36512050411355,-13.044428474095106,-0.1965554853966786,4,51.35394475180705,1,-12.787761188764504,-2.85773209212718,0.2539607746857862
湖北,CEG2000_f4_r0031_c0095,3,64.16895887728496,53.32069203001844,10.848266847266522,0.20345322677281033,6,63.53853396815967,7,12.7877611887645,-2.85773209212718,0.2539607746857862
湖北,CEG2000_f4_r0031_c0095,4,50.37739363459202,64.16895887728496,-13.791565242692947,-0.21492580655808324,4,51.35394475180705,1,-12.787761188764504,-2.85773209212718,0.2539607746857862
湖北,CEG2000_f4_r0031_c0095,5,56.06580585409058,50.37739363459202,5.688412219498559,0.11291596903085054,5,57.44623935998336,5,4.262587062921499,-2.85773209212718,0.2539607746857862
湖北,CEG2000_f4_r0031_c0095,6,38.64711733120168,56.06580585409058,-17.4186885228889,-0.31068292442314066,2,39.16935553545444,0,-17.050348251686003,-2.85773209212718,0.2539607746857862
湖北,CEG2000_f4_r0031_c0095,7,34.11649921355847,38.64711733120168,-4.530618117643208,-0.11723042830895493,1,33.07706092727814,3,-4.262587062921503,-2.85773209212718,0.2539607746857862
湖北,CEG2000_f4_r0031_c0095,8,38.03581957909102,34.11649921355847,3.919320365532549,0.11488049641315323,2,39.16935553545444,5,4.262587062921499,-2.85773209212718,0.2539607746857862
湖北,CEG2000_f4_r0031_c0095,9,41.80011407896754,38.03581957909102,3.76429449987652,0.09896709316461848,2,39.16935553545444,5,4.262587062921499,-2.85773209212718,0.2539607746857862
湖北,CEG2000_f4_r0031_c0095,10,41.52696330891242,41.80011407896754,-0.2731507700551177,-0.006534689583360689,2,39.16935553545444,4,-1.7763568394002505e-15,-2.85773209212718,0.2539607746857862
湖北,CEG2000_f4_r0031_c0095,11,56.79577233372494,41.52696330891242,15.26880902481252,0.3676842178714176,5,57.44623935998336,8,17.050348251686003,-2.85773209212718,0.2539607746857862
湖北,CEG2000_f4_r0031_c0095,12,69.99989129344685,56.79577233372494,13.20411895972191,0.23248418706477197,7,69.63082857633597,7,12.7877611887645,-2.85773209212718,0.2539607746857862
湖北,CEG2000_f4_r0031_c0096,1,67.04520037918047,,,,7,69.63082857633597,4,,-2.715308127979792,0.1746813860808082
湖北,CEG2000_f4_r0031_c0096,2,57.1729561405386,67.04520037918047,-9.87224423864187,-0.14724759092087814,5,57.44623935998336,2,-8.525174125843003,-2.715308127979792,0.1746813860808082
湖北,CEG2000_f4_r0031_c0096,3,66.53420528590169,57.1729561405386,9.36124914536309,0.16373561518057445,6,63.53853396815967,6,8.525174125843,-2.715308127979792,0.1746813860808082
湖北,CEG2000_f4_r0031_c0096,4,52.54406863801358,66.53420528590169,-13.990136647888114,-0.21026983921686013,4,51.35394475180705,1,-12.787761188764504,-2.715308127979792,0.1746813860808082
湖北,CEG2000_f4_r0031_c0096,5,59.18460052956099,52.54406863801358,6.640531891547411,0.12638023783988525,5,57.44623935998336,6,8.525174125843,-2.715308127979792,0.1746813860808082
湖北,CEG2000_f4_r0031_c0096,6,39.65801092014121,59.18460052956099,-19.52658960941978,-0.3299268633175418,2,39.16935553545444,0,-17.050348251686003,-2.715308127979792,0.1746813860808082
湖北,CEG2000_f4_r0031_c0096,7,35.94598394637222,39.65801092014121,-3.7120269737689853,-0.09360093680048258,1,33.07706092727814,3,-4.262587062921503,-2.715308127979792,0.1746813860808082
湖北,CEG2000_f4_r0031_c0096,8,39.18633767431743,35.94598394637222,3.2403537279452053,0.0901450836004235,2,39.16935553545444,5,4.262587062921499,-2.715308127979792,0.1746813860808082
湖北,CEG2000_f4_r0031_c0096,9,43.20134969224288,39.18633767431743,4.01501201792545,0.10245948604063791,3,45.261650143630746,5,4.262587062921499,-2.715308127979792,0.1746813860808082
湖北,CEG2000_f4_r0031_c0096,10,44.654656734050654,43.20134969224288,1.4533070418077756,0.033640315688301926,3,45.261650143630746,4,-1.7763568394002505e-15,-2.715308127979792,0.1746813860808082
湖北,CEG2000_f4_r0031_c0096,11,62.29906854738865,44.654656734050654,17.644411813337996,0.39513038737309447,6,63.53853396815967,8,17.050348251686003,-2.715308127979792,0.1746813860808082
湖北,CEG2000_f4_r0031_c0096,12,78.57864390720619,62.29906854738865,16.279575359817535,0.26131330274118386,8,75.72312318451227,8,17.050348251686003,-2.715308127979792,0.1746813860808082
湖北,CEG2000_f4_r0031_c0097,1,66.24642701708858,,,,6,63.53853396815967,4,,-2.3441975650381854,0.2332650165443218
湖北,CEG2000_f4_r0031_c0097,2,58.598481872154075,66.24642701708858,-7.6479451449345035,-0.11544690769453393,5,57.44623935998336,2,-8.525174125843003,-2.3441975650381854,0.2332650165443218
湖北,CEG2000_f4_r0031_c0097,3,66.2154221097456,58.598481872154075,7.616940237591528,0.12998528279639765,6,63.53853396815967,6,8.525174125843,-2.3441975650381854,0.2332650165443218
湖北,CEG2000_f4_r0031_c0097,4,53.05026291972422,66.2154221097456,-13.165159190021384,-0.19882315585335117,4,51.35394475180705,1,-12.787761188764504,-2.3441975650381854,0.2332650165443218
湖北,CEG2000_f4_r0031_c0097,5,60.397511968280014,53.05026291972422,7.3472490485557955,0.13849599689399597,5,57.44623935998336,6,8.525174125843,-2.3441975650381854,0.2332650165443218
湖北,CEG2000_f4_r0031_c0097,6,40.30094220612192,60.397511968280014,-20.096569762158097,-0.3327383712877536,2,39.16935553545444,0,-17.050348251686003,-2.3441975650381854,0.2332650165443218
湖北,CEG2000_f4_r0031_c0097,7,36.037166035295904,40.30094220612192,-4.263776170826013,-0.10579842399263617,1,33.07706092727814,3,-4.262587062921503,-2.3441975650381854,0.2332650165443218
湖北,CEG2000_f4_r0031_c0097,8,38.89758785266564,36.037166035295904,2.8604218173697333,0.0793742164566478,2,39.16935553545444,5,4.262587062921499,-2.3441975650381854,0.2332650165443218
湖北,CEG2000_f4_r0031_c0097,9,43.40574940670474,38.89758785266564,4.508161554039106,0.11589822924534285,3,45.261650143630746,5,4.262587062921499,-2.3441975650381854,0.2332650165443218
湖北,CEG2000_f4_r0031_c0097,10,45.09889985933151,43.40574940670474,1.6931504526267673,0.03900751572705785,3,45.261650143630746,4,-1.7763568394002505e-15,-2.3441975650381854,0.2332650165443218
湖北,CEG2000_f4_r0031_c0097,11,63.84658476912515,45.09889985933151,18.74768490979364,0.415701601774539,6,63.53853396815967,8,17.050348251686003,-2.3441975650381854,0.2332650165443218
湖北,CEG2000_f4_r0031_c0097,12,83.73040305783388,63.84658476912515,19.88381828870873,0.3114311965253954,8,75.72312318451227,8,17.050348251686003,-2.3441975650381854,0.2332650165443218
湖北,CEG2000_f4_r0031_c0098,1,63.43995335205141,,,,6,63.53853396815967,4,,-1.3263497773545831,0.1872226297772217
湖北,CEG2000_f4_r0031_c0098,2,56.77565974484486,63.43995335205141,-6.664293607206552,-0.10504884154349799,5,57.44623935998336,2,-8.525174125843003,-1.3263497773545831,0.1872226297772217
湖北,CEG2000_f4_r0031_c0098,3,65.2496000867509,56.77565974484486,8.473940341906044,0.14925304928183533,6,63.53853396815967,6,8.525174125843,-1.3263497773545831,0.1872226297772217
湖北,CEG2000_f4_r0031_c0098,4,52.1892487696316,65.2496000867509,-13.060351317119306,-0.20015986764294733,4,51.35394475180705,1,-12.787761188764504,-1.3263497773545831,0.1872226297772217
湖北,CEG2000_f4_r0031_c0098,5,59.179484865195185,52.1892487696316,6.9902360955635885,0.1339401554986769,5,57.44623935998336,6,8.525174125843,-1.3263497773545831,0.1872226297772217
湖北,CEG2000_f4_r0031_c0098,6,39.345165189692885,59.179484865195185,-19.8343196755023,-0.33515532824732847,2,39.16935553545444,0,-17.050348251686003,-1.3263497773545831,0.1872226297772217
湖北,CEG2000_f4_r0031_c0098,7,35.1955533671769,39.345165189692885,-4.149611822515986,-0.10546688017472208,1,33.07706092727814,3,-4.262587062921503,-1.3263497773545831,0.1872226297772217
湖北,CEG2000_f4_r0031_c0098,8,36.87720698570994,35.1955533671769,1.6816536185330406,0.047780286361439564,2,39.16935553545444,4,-1.7763568394002505e-15,-1.3263497773545831,0.1872226297772217
湖北,CEG2000_f4_r0031_c0098,9,42.06130509280713,36.87720698570994,5.184098107097192,0.14057729776298,2,39.16935553545444,5,4.262587062921499,-1.3263497773545831,0.1872226297772217
湖北,CEG2000_f4_r0031_c0098,10,42.23685164035955,42.06130509280713,0.17554654755242183,0.004173587746863373,3,45.261650143630746,4,-1.7763568394002505e-15,-1.3263497773545831,0.1872226297772217
湖北,CEG2000_f4_r0031_c0098,11,58.803356271715984,42.23685164035955,16.56650463135643,0.39222868154136414,5,57.44623935998336,8,17.050348251686003,-1.3263497773545831,0.1872226297772217
湖北,CEG2000_f4_r0031_c0098,12,79.89304051483316,58.803356271715984,21.089684243117176,0.35864762796305166,8,75.72312318451227,8,17.050348251686003,-1.3263497773545831,0.1872226297772217
湖北,CEG2000_f4_r0031_c0099,1,63.072994693574465,,,,6,63.53853396815967,4,,-0.5957345219899602,0.1938818904251147
湖北,CEG2000_f4_r0031_c0099,2,56.7462392686069,63.072994693574465,-6.3267554249675655,-0.10030846728785657,5,57.44623935998336,3,-4.262587062921503,-0.5957345219899602,0.1938818904251147
湖北,CEG2000_f4_r0031_c0099,3,64.89846055980138,56.7462392686069,8.15222129119448,0.14366099668043453,6,63.53853396815967,6,8.525174125843,-0.5957345219899602,0.1938818904251147
湖北,CEG2000_f4_r0031_c0099,4,53.70697581072243,64.89846055980138,-11.191484749078946,-0.17244607426036604,4,51.35394475180705,1,-12.787761188764504,-0.5957345219899602,0.1938818904251147
湖北,CEG2000_f4_r0031_c0099,5,59.99727517905449,53.70697581072243,6.290299368332057,0.11712257622735515,5,57.44623935998336,5,4.262587062921499,-0.5957345219899602,0.1938818904251147
湖北,CEG2000_f4_r0031_c0099,6,40.90116327560208,59.99727517905449,-19.09611190345241,-0.3182829861266601,2,39.16935553545444,0,-17.050348251686003,-0.5957345219899602,0.1938818904251147
湖北,CEG2000_f4_r0031_c0099,7,35.2787104013909,40.90116327560208,-5.622452874211177,-0.13746437567865025,1,33.07706092727814,3,-4.262587062921503,-0.5957345219899602,0.1938818904251147
湖北,CEG2000_f4_r0031_c0099,8,36.60862663565072,35.2787104013909,1.3299162342598194,0.037697416349079076,2,39.16935553545444,4,-1.7763568394002505e-15,-0.5957345219899602,0.1938818904251147
湖北,CEG2000_f4_r0031_c0099,9,42.478197124242385,36.60862663565072,5.869570488591663,0.16033298782303065,3,45.261650143630746,5,4.262587062921499,-0.5957345219899602,0.1938818904251147
湖北,CEG2000_f4_r0031_c0099,10,42.27223346199634,42.478197124242385,-0.20596366224604168,-0.004848691239028547,3,45.261650143630746,4,-1.7763568394002505e-15,-0.5957345219899602,0.1938818904251147
湖北,CEG2000_f4_r0031_c0099,11,59.20330037106445,42.27223346199634,16.931066909068107,0.40052454111017116,5,57.44623935998336,8,17.050348251686003,-0.5957345219899602,0.1938818904251147
湖北,CEG2000_f4_r0031_c0099,12,82.32749234477669,59.20330037106445,23.124191973712236,0.39058957572936526,8,75.72312318451227,8,17.050348251686003,-0.5957345219899602,0.1938818904251147
湖北,CEG2000_f4_r0031_c0100,1,62.52836633234002,,,,6,63.53853396815967,4,,-0.3546002716901793,0.276743439984968
湖北,CEG2000_f4_r0031_c0100,2,57.294101640351734,62.52836633234002,-5.234264691988287,-0.08371024223099038,5,57.44623935998336,3,-4.262587062921503,-0.3546002716901793,0.276743439984968
湖北,CEG2000_f4_r0031_c0100,3,64.58699667290529,57.294101640351734,7.292895032553552,0.12728875789575572,6,63.53853396815967,6,8.525174125843,-0.3546002716901793,0.276743439984968
湖北,CEG2000_f4_r0031_c0100,4,54.888027378218425,64.58699667290529,-9.698969294686862,-0.15016907108727118,5,57.44623935998336,2,-8.525174125843003,-0.3546002716901793,0.276743439984968
湖北,CEG2000_f4_r0031_c0100,5,60.59847669975478,54.888027378218425,5.710449321536352,0.10403815903579852,6,63.53853396815967,5,4.262587062921499,-0.3546002716901793,0.276743439984968
湖北,CEG2000_f4_r0031_c0100,6,41.82863290255341,60.59847669975478,-18.769843797201368,-0.3097411819475212,2,39.16935553545444,0,-17.050348251686003,-0.3546002716901793,0.276743439984968
湖北,CEG2000_f4_r0031_c0100,7,35.589820799205164,41.82863290255341,-6.238812103348245,-0.14915170949723772,1,33.07706092727814,3,-4.262587062921503,-0.3546002716901793,0.276743439984968
湖北,CEG2000_f4_r0031_c0100,8,36.95041594558083,35.589820799205164,1.3605951463756654,0.03822989595963495,2,39.16935553545444,4,-1.7763568394002505e-15,-0.3546002716901793,0.276743439984968
湖北,CEG2000_f4_r0031_c0100,9,42.72364482490287,36.95041594558083,5.7732288793220405,0.15624259515304598,3,45.261650143630746,5,4.262587062921499,-0.3546002716901793,0.276743439984968
湖北,CEG2000_f4_r0031_c0100,10,43.64475147634015,42.72364482490287,0.9211066514372774,0.021559645840431206,3,45.261650143630746,4,-1.7763568394002505e-15,-0.3546002716901793,0.276743439984968
湖北,CEG2000_f4_r0031_c0100,11,60.78177477615948,43.64475147634015,17.137023299819333,0.3926479753037276,6,63.53853396815967,8,17.050348251686003,-0.3546002716901793,0.276743439984968
湖北,CEG2000_f4_r0031_c0100,12,85.29045796306475,60.78177477615948,24.508683186905273,0.40322421115808466,8,75.72312318451227,8,17.050348251686003,-0.3546002716901793,0.276743439984968
湖北,CEG2000_f4_r0031_c0101,1,59.756234415451864,,,,5,57.44623935998336,4,,-0.2493725611591326,0.4373174436968576
湖北,CEG2000_f4_r0031_c0101,2,55.248183802695095,59.756234415451864,-4.508050612756769,-0.07544067421341848,5,57.44623935998336,3,-4.262587062921503,-0.2493725611591326,0.4373174436968576
湖北,CEG2000_f4_r0031_c0101,3,63.54031125061874,55.248183802695095,8.292127447923647,0.15008868848136042,6,63.53853396815967,6,8.525174125843,-0.2493725611591326,0.4373174436968576
湖北,CEG2000_f4_r0031_c0101,4,54.418077366770106,63.54031125061874,-9.122233883848637,-0.14356608748528607,5,57.44623935998336,2,-8.525174125843003,-0.2493725611591326,0.4373174436968576
湖北,CEG2000_f4_r0031_c0101,5,58.93456669323185,54.418077366770106,4.516489326461745,0.08299612086662395,5,57.44623935998336,5,4.262587062921499,-0.2493725611591326,0.4373174436968576
湖北,CEG2000_f4_r0031_c0101,6,40.58252222268983,58.93456669323185,-18.35204447054202,-0.3113969525909758,2,39.16935553545444,0,-17.050348251686003,-0.2493725611591326,0.4373174436968576
湖北,CEG2000_f4_r0031_c0101,7,34.692873624505005,40.58252222268983,-5.889648598184827,-0.14512771202012437,1,33.07706092727814,3,-4.262587062921503,-0.2493725611591326,0.4373174436968576
湖北,CEG2000_f4_r0031_c0101,8,35.44085782484125,34.692873624505005,0.7479842003362478,0.02156016847817172,1,33.07706092727814,4,-1.7763568394002505e-15,-0.2493725611591326,0.4373174436968576
湖北,CEG2000_f4_r0031_c0101,9,41.365655744193646,35.44085782484125,5.924797919352393,0.1671742244116782,2,39.16935553545444,5,4.262587062921499,-0.2493725611591326,0.4373174436968576
湖北,CEG2000_f4_r0031_c0101,10,42.96291773532137,41.365655744193646,1.5972619911277235,0.03861323995454673,3,45.261650143630746,4,-1.7763568394002505e-15,-0.2493725611591326,0.4373174436968576
湖北,CEG2000_f4_r0031_c0101,11,56.41744297023114,42.96291773532137,13.454525234909774,0.3131660032448942,5,57.44623935998336,7,12.7877611887645,-0.2493725611591326,0.4373174436968576
湖北,CEG2000_f4_r0031_c0101,12,80.28679926198726,56.41744297023114,23.869356291756112,0.4230846886192779,8,75.72312318451227,8,17.050348251686003,-0.2493725611591326,0.4373174436968576
湖北,CEG2000_f4_r0031_c0102,1,56.444479721251,,,,5,57.44623935998336,4,,-0.1917043049258803,0.588586219302382
湖北,CEG2000_f4_r0031_c0102,2,53.46713021139193,56.444479721251,-2.977349509859067,-0.05274828512128377,4,51.35394475180705,3,-4.262587062921503,-0.1917043049258803,0.588586219302382
湖北,CEG2000_f4_r0031_c0102,3,61.688222144016,53.46713021139193,8.22109193262407,0.1537597379945492,6,63.53853396815967,6,8.525174125843,-0.1917043049258803,0.588586219302382
湖北,CEG2000_f4_r0031_c0102,4,52.98783091370112,61.688222144016,-8.700391230314885,-0.14103812572200797,4,51.35394475180705,2,-8.525174125843003,-0.1917043049258803,0.588586219302382
湖北,CEG2000_f4_r0031_c0102,5,57.5894616898288,52.98783091370112,4.601630776127685,0.08684316185016429,5,57.44623935998336,5,4.262587062921499,-0.1917043049258803,0.588586219302382
湖北,CEG2000_f4_r0031_c0102,6,38.873443981369064,57.5894616898288,-18.716017708459738,-0.3249903221749558,2,39.16935553545444,0,-17.050348251686003,-0.1917043049258803,0.588586219302382
湖北,CEG2000_f4_r0031_c0102,7,32.74278120827964,38.873443981369064,-6.130662773089426,-0.15770824874759434,1,33.07706092727814,3,-4.262587062921503,-0.1917043049258803,0.588586219302382
湖北,CEG2000_f4_r0031_c0102,8,34.29825621186207,32.74278120827964,1.5554750035824298,0.04750589125853177,1,33.07706092727814,4,-1.7763568394002505e-15,-0.1917043049258803,0.588586219302382
湖北,CEG2000_f4_r0031_c0102,9,39.99852683459062,34.29825621186207,5.700270622728553,0.1661970972377631,2,39.16935553545444,5,4.262587062921499,-0.1917043049258803,0.588586219302382
湖北,CEG2000_f4_r0031_c0102,10,42.7055244467971,39.99852683459062,2.7069976122064787,0.06767743280648712,3,45.261650143630746,5,4.262587062921499,-0.1917043049258803,0.588586219302382
湖北,CEG2000_f4_r0031_c0102,11,51.08161101928188,42.7055244467971,8.37608657248478,0.19613590234490105,4,51.35394475180705,6,8.525174125843,-0.1917043049258803,0.588586219302382
湖北,CEG2000_f4_r0031_c0102,12,75.43200683852035,51.08161101928188,24.35039581923847,0.47669592507657754,8,75.72312318451227,8,17.050348251686003,-0.1917043049258803,0.588586219302382
湖北,CEG2000_f4_r0031_c0103,1,53.67153966648668,,,,4,51.35394475180705,4,,-0.1555220345232024,0.713107804932222
湖北,CEG2000_f4_r0031_c0103,2,50.82189278376572,53.67153966648668,-2.849646882720961,-0.05309418921887802,4,51.35394475180705,3,-4.262587062921503,-0.1555220345232024,0.713107804932222
湖北,CEG2000_f4_r0031_c0103,3,58.83975838641302,50.82189278376572,8.017865602647298,0.15776401002538976,5,57.44623935998336,6,8.525174125843,-0.1555220345232024,0.713107804932222
湖北,CEG2000_f4_r0031_c0103,4,49.33257112101797,58.83975838641302,-9.507187265395046,-0.1615776054510516,4,51.35394475180705,2,-8.525174125843003,-0.1555220345232024,0.713107804932222
湖北,CEG2000_f4_r0031_c0103,5,54.75460748206177,49.33257112101797,5.422036361043801,0.1099078405571641,5,57.44623935998336,5,4.262587062921499,-0.1555220345232024,0.713107804932222
湖北,CEG2000_f4_r0031_c0103,6,36.48087053349661,54.75460748206177,-18.27373694856516,-0.333738799142188,2,39.16935553545444,0,-17.050348251686003,-0.1555220345232024,0.713107804932222
湖北,CEG2000_f4_r0031_c0103,7,30.662615615015813,36.48087053349661,-5.8182549184808,-0.15948783111243187,1,33.07706092727814,3,-4.262587062921503,-0.1555220345232024,0.713107804932222
湖北,CEG2000_f4_r0031_c0103,8,32.625518908805304,30.662615615015813,1.9629032937894912,0.06401617260688734,1,33.07706092727814,4,-1.7763568394002505e-15,-0.1555220345232024,0.713107804932222
湖北,CEG2000_f4_r0031_c0103,9,37.72458429805057,32.625518908805304,5.099065389245268,0.15629070616464835,2,39.16935553545444,5,4.262587062921499,-0.1555220345232024,0.713107804932222
湖北,CEG2000_f4_r0031_c0103,10,39.77784280686618,37.72458429805057,2.0532585088156097,0.054427597997990726,2,39.16935553545444,4,-1.7763568394002505e-15,-0.1555220345232024,0.713107804932222
湖北,CEG2000_f4_r0031_c0103,11,45.37536414463257,39.77784280686618,5.597521337766388,0.14071958011760713,3,45.261650143630746,5,4.262587062921499,-0.1555220345232024,0.713107804932222
湖北,CEG2000_f4_r0031_c0103,12,67.2785821362581,45.37536414463257,21.903217991625525,0.482711674154497,7,69.63082857633597,8,17.050348251686003,-0.1555220345232024,0.713107804932222
湖北,CEG2000_f4_r0031_c0104,1,49.91022336770067,,,,4,51.35394475180705,4,,-0.1307634934579253,0.8376293905620618
湖北,CEG2000_f4_r0031_c0104,2,46.583470673740514,49.91022336770067,-3.3267526939601524,-0.06665473463124302,3,45.261650143630746,3,-4.262587062921503,-0.1307634934579253,0.8376293905620618
湖北,CEG2000_f4_r0031_c0104,3,53.12296928584805,46.583470673740514,6.539498612107536,0.1403823827964348,4,51.35394475180705,6,8.525174125843,-0.1307634934579253,0.8376293905620618
湖北,CEG2000_f4_r0031_c0104,4,43.38786974208962,53.12296928584805,-9.73509954375843,-0.18325593758464587,3,45.261650143630746,2,-8.525174125843003,-0.1307634934579253,0.8376293905620618
湖北,CEG2000_f4_r0031_c0104,5,47.9343484558902,43.38786974208962,4.546478713800582,0.10478686187697624,3,45.261650143630746,5,4.262587062921499,-0.1307634934579253,0.8376293905620618
湖北,CEG2000_f4_r0031_c0104,6,32.285431589986814,47.9343484558902,-15.648916865903388,-0.32646562162629,1,33.07706092727814,0,-17.050348251686003,-0.1307634934579253,0.8376293905620618
湖北,CEG2000_f4_r0031_c0104,7,27.59852157278227,32.285431589986814,-4.686910017204543,-0.14517105042071568,0,26.98476631910183,3,-4.262587062921503,-0.1307634934579253,0.8376293905620618
湖北,CEG2000_f4_r0031_c0104,8,28.76896151836956,27.59852157278227,1.1704399455872903,0.04240951612210927,0,26.98476631910183,4,-1.7763568394002505e-15,-0.1307634934579253,0.8376293905620618
湖北,CEG2000_f4_r0031_c0104,9,32.85753091515671,28.76896151836956,4.088569396787147,0.14211737862614585,1,33.07706092727814,5,4.262587062921499,-0.1307634934579253,0.8376293905620618
湖北,CEG2000_f4_r0031_c0104,10,33.946345291617526,32.85753091515671,1.0888143764608174,0.033137437480384835,1,33.07706092727814,4,-1.7763568394002505e-15,-0.1307634934579253,0.8376293905620618
湖北,CEG2000_f4_r0031_c0104,11,38.16132617946644,33.946345291617526,4.214980887848917,0.12416596990456392,2,39.16935553545444,5,4.262587062921499,-0.1307634934579253,0.8376293905620618
湖北,CEG2000_f4_r0031_c0104,12,54.66142260576478,38.16132617946644,16.500096426298335,0.4323774375319425,5,57.44623935998336,8,17.050348251686003,-0.1307634934579253,0.8376293905620618
湖北,CEG2000_f4_r0031_c0105,1,47.1148045629505,,,,3,45.261650143630746,4,,-0.1029358783950136,0.9474851313472472
湖北,CEG2000_f4_r0031_c0105,2,43.48716407831871,47.1148045629505,-3.6276404846317902,-0.07699576636861281,3,45.261650143630746,3,-4.262587062921503,-0.1029358783950136,0.9474851313472472
湖北,CEG2000_f4_r0031_c0105,3,49.4981439776496,43.48716407831871,6.010979899330884,0.13822423298298644,4,51.35394475180705,5,4.262587062921499,-0.1029358783950136,0.9474851313472472
湖北,CEG2000_f4_r0031_c0105,4,40.41341570578733,49.4981439776496,-9.084728271862268,-0.1835367458619133,2,39.16935553545444,2,-8.525174125843003,-0.1029358783950136,0.9474851313472472
湖北,CEG2000_f4_r0031_c0105,5,43.432746215046265,40.41341570578733,3.0193305092589355,0.07471109423761373,3,45.261650143630746,5,4.262587062921499,-0.1029358783950136,0.9474851313472472
湖北,CEG2000_f4_r0031_c0105,6,29.87813062476646,43.432746215046265,-13.554615590279806,-0.31208285847658707,0,26.98476631910183,1,-12.787761188764504,-0.1029358783950136,0.9474851313472472
湖北,CEG2000_f4_r0031_c0105,7,25.13688502820616,29.87813062476646,-4.741245596560301,-0.15868615262797622,0,26.98476631910183,3,-4.262587062921503,-0.1029358783950136,0.9474851313472472
湖北,CEG2000_f4_r0031_c0105,8,25.532272964619462,25.13688502820616,0.3953879364133037,0.015729392721876158,0,26.98476631910183,4,-1.7763568394002505e-15,-0.1029358783950136,0.9474851313472472
湖北,CEG2000_f4_r0031_c0105,9,29.305102977786273,25.532272964619462,3.7728300131668107,0.14776710316370542,0,26.98476631910183,5,4.262587062921499,-0.1029358783950136,0.9474851313472472
湖北,CEG2000_f4_r0031_c0105,10,30.84912327229641,29.305102977786273,1.544020294510137,0.05268776211708003,1,33.07706092727814,4,-1.7763568394002505e-15,-0.1029358783950136,0.9474851313472472
湖北,CEG2000_f4_r0031_c0105,11,34.409112964111635,30.84912327229641,3.5599896918152254,0.11540002807834154,1,33.07706092727814,5,4.262587062921499,-0.1029358783950136,0.9474851313472472
湖北,CEG2000_f4_r0031_c0105,12,48.81809479862981,34.409112964111635,14.408981834518173,0.4187548179328714,4,51.35394475180705,7,12.7877611887645,-0.1029358783950136,0.9474851313472472
湖北,CEG2000_f4_r0032_c0091,1,51.22399825831782,,,,4,51.35394475180705,4,,3.074845395807276,0.9613087560704988
湖北,CEG2000_f4_r0032_c0091,2,40.820662958102005,51.22399825831782,-10.403335300215815,-0.20309494873384876,2,39.16935553545444,2,-8.525174125843003,3.074845395807276,0.9613087560704988
湖北,CEG2000_f4_r0032_c0091,3,47.865248552748845,40.820662958102005,7.04458559464684,0.17257401237891076,3,45.261650143630746,6,8.525174125843,3.074845395807276,0.9613087560704988
湖北,CEG2000_f4_r0032_c0091,4,38.05319445081781,47.865248552748845,-9.812054101931032,-0.20499327588611335,2,39.16935553545444,2,-8.525174125843003,3.074845395807276,0.9613087560704988
湖北,CEG2000_f4_r0032_c0091,5,36.08533727101921,38.05319445081781,-1.9678571797985995,-0.05171332415579391,1,33.07706092727814,4,-1.7763568394002505e-15,3.074845395807276,0.9613087560704988
湖北,CEG2000_f4_r0032_c0091,6,26.672308264438698,36.08533727101921,-9.413029006580516,-0.2608546772303633,0,26.98476631910183,2,-8.525174125843003,3.074845395807276,0.9613087560704988
湖北,CEG2000_f4_r0032_c0091,7,24.057264521891607,26.672308264438698,-2.6150437425470905,-0.09804339829236457,0,26.98476631910183,3,-4.262587062921503,3.074845395807276,0.9613087560704988
湖北,CEG2000_f4_r0032_c0091,8,23.359909329410836,24.057264521891607,-0.6973551924807708,-0.02898730202040187,0,26.98476631910183,4,-1.7763568394002505e-15,3.074845395807276,0.9613087560704988
湖北,CEG2000_f4_r0032_c0091,9,24.656318524872596,23.359909329410836,1.2964091954617594,0.055497184393157754,0,26.98476631910183,4,-1.7763568394002505e-15,3.074845395807276,0.9613087560704988
湖北,CEG2000_f4_r0032_c0091,10,24.544375137879772,24.656318524872596,-0.11194338699282369,-0.004540150099046554,0,26.98476631910183,4,-1.7763568394002505e-15,3.074845395807276,0.9613087560704988
湖北,CEG2000_f4_r0032_c0091,11,32.63939881087644,24.544375137879772,8.095023672996671,0.3298117645090698,1,33.07706092727814,6,8.525174125843,3.074845395807276,0.9613087560704988
湖北,CEG2000_f4_r0032_c0091,12,38.47687097689927,32.63939881087644,5.8374721660228275,0.1788474168855587,2,39.16935553545444,5,4.262587062921499,3.074845395807276,0.9613087560704988
湖北,CEG2000_f4_r0032_c0092,1,53.35991745884189,,,,4,51.35394475180705,4,,3.080770481809482,0.836967139691641
湖北,CEG2000_f4_r0032_c0092,2,41.687207275922916,53.35991745884189,-11.672710182918976,-0.21875427734539674,2,39.16935553545444,1,-12.787761188764504,3.080770481809482,0.836967139691641
湖北,CEG2000_f4_r0032_c0092,3,49.24599868996864,41.687207275922916,7.5587914140457215,0.18132160698640556,4,51.35394475180705,6,8.525174125843,3.080770481809482,0.836967139691641
湖北,CEG2000_f4_r0032_c0092,4,39.24031835994844,49.24599868996864,-10.005680330020198,-0.2031775290620382,2,39.16935553545444,2,-8.525174125843003,3.080770481809482,0.836967139691641
湖北,CEG2000_f4_r0032_c0092,5,37.9110556807772,39.24031835994844,-1.3292626791712365,-0.03387492086526953,2,39.16935553545444,4,-1.7763568394002505e-15,3.080770481809482,0.836967139691641
湖北,CEG2000_f4_r0032_c0092,6,27.200039516516267,37.9110556807772,-10.711016164260936,-0.28253014778725766,0,26.98476631910183,1,-12.787761188764504,3.080770481809482,0.836967139691641
湖北,CEG2000_f4_r0032_c0092,7,24.734272501866585,27.200039516516267,-2.465767014649682,-0.09065306736603937,0,26.98476631910183,3,-4.262587062921503,3.080770481809482,0.836967139691641
湖北,CEG2000_f4_r0032_c0092,8,24.428846200321104,24.734272501866585,-0.3054263015454808,-0.012348303412701208,0,26.98476631910183,4,-1.7763568394002505e-15,3.080770481809482,0.836967139691641
湖北,CEG2000_f4_r0032_c0092,9,25.60698227479958,24.428846200321104,1.178136074478477,0.048227250064024355,0,26.98476631910183,4,-1.7763568394002505e-15,3.080770481809482,0.836967139691641
湖北,CEG2000_f4_r0032_c0092,10,25.78374852730097,25.60698227479958,0.17676625250138756,0.006903048965490451,0,26.98476631910183,4,-1.7763568394002505e-15,3.080770481809482,0.836967139691641
湖北,CEG2000_f4_r0032_c0092,11,33.7275247478716,25.78374852730097,7.94377622057063,0.3080923711367806,1,33.07706092727814,6,8.525174125843,3.080770481809482,0.836967139691641
湖北,CEG2000_f4_r0032_c0092,12,41.515277930240394,33.7275247478716,7.787753182368796,0.23090200779884532,2,39.16935553545444,6,8.525174125843,3.080770481809482,0.836967139691641
湖北,CEG2000_f4_r0032_c0093,1,53.19423980532533,,,,4,51.35394475180705,4,,3.068131560052674,0.6895059186293676
湖北,CEG2000_f4_r0032_c0093,2,41.22323943712018,53.19423980532533,-11.971000368205154,-0.2250431703134655,2,39.16935553545444,1,-12.787761188764504,3.068131560052674,0.6895059186293676
湖北,CEG2000_f4_r0032_c0093,3,51.29491504149398,41.22323943712018,10.071675604373802,0.24432033343077322,4,51.35394475180705,6,8.525174125843,3.068131560052674,0.6895059186293676
湖北,CEG2000_f4_r0032_c0093,4,39.34308291754189,51.29491504149398,-11.951832123952087,-0.23300227935427703,2,39.16935553545444,1,-12.787761188764504,3.068131560052674,0.6895059186293676
湖北,CEG2000_f4_r0032_c0093,5,38.13904551715573,39.34308291754189,-1.204037400386163,-0.030603534626650192,2,39.16935553545444,4,-1.7763568394002505e-15,3.068131560052674,0.6895059186293676
湖北,CEG2000_f4_r0032_c0093,6,27.60990979679982,38.13904551715573,-10.52913572035591,-0.2760723446951416,0,26.98476631910183,2,-8.525174125843003,3.068131560052674,0.6895059186293676
湖北,CEG2000_f4_r0032_c0093,7,24.962750546110215,27.60990979679982,-2.6471592506896044,-0.09587714230766624,0,26.98476631910183,3,-4.262587062921503,3.068131560052674,0.6895059186293676
湖北,CEG2000_f4_r0032_c0093,8,24.06919443122844,24.962750546110215,-0.8935561148817754,-0.03579557922638507,0,26.98476631910183,4,-1.7763568394002505e-15,3.068131560052674,0.6895059186293676
湖北,CEG2000_f4_r0032_c0093,9,25.132517598729024,24.06919443122844,1.0633231675005845,0.044177763013164326,0,26.98476631910183,4,-1.7763568394002505e-15,3.068131560052674,0.6895059186293676
湖北,CEG2000_f4_r0032_c0093,10,25.593524447061057,25.132517598729024,0.4610068483320333,0.018343042893376783,0,26.98476631910183,4,-1.7763568394002505e-15,3.068131560052674,0.6895059186293676
湖北,CEG2000_f4_r0032_c0093,11,32.60571181623862,25.593524447061057,7.0121873691775605,0.27398287342885985,1,33.07706092727814,6,8.525174125843,3.068131560052674,0.6895059186293676
湖北,CEG2000_f4_r0032_c0093,12,40.99964439252851,32.60571181623862,8.393932576289892,0.25743748897729823,2,39.16935553545444,6,8.525174125843,3.068131560052674,0.6895059186293676
湖北,CEG2000_f4_r0032_c0094,1,55.504590177982,,,,5,57.44623935998336,4,,3.0488810120916905,0.5296125782355688
湖北,CEG2000_f4_r0032_c0094,2,43.53863513429271,55.504590177982,-11.965955043689291,-0.21558496342949382,3,45.261650143630746,1,-12.787761188764504,3.0488810120916905,0.5296125782355688
湖北,CEG2000_f4_r0032_c0094,3,54.271391545141654,43.53863513429271,10.732756410848943,0.24651109015577313,4,51.35394475180705,7,12.7877611887645,3.0488810120916905,0.5296125782355688
湖北,CEG2000_f4_r0032_c0094,4,41.47435686018652,54.271391545141654,-12.797034684955136,-0.23579706214665358,2,39.16935553545444,1,-12.787761188764504,3.0488810120916905,0.5296125782355688
湖北,CEG2000_f4_r0032_c0094,5,42.29561028899324,41.47435686018652,0.8212534288067204,0.01980147471786563,3,45.261650143630746,4,-1.7763568394002505e-15,3.0488810120916905,0.5296125782355688
湖北,CEG2000_f4_r0032_c0094,6,29.82328092720964,42.29561028899324,-12.472329361783597,-0.29488472388893094,0,26.98476631910183,1,-12.787761188764504,3.0488810120916905,0.5296125782355688
湖北,CEG2000_f4_r0032_c0094,7,26.439291446359405,29.82328092720964,-3.3839894808502358,-0.11346804830459854,0,26.98476631910183,3,-4.262587062921503,3.0488810120916905,0.5296125782355688
湖北,CEG2000_f4_r0032_c0094,8,26.324012992689255,26.439291446359405,-0.11527845367015033,-0.004360118874744798,0,26.98476631910183,4,-1.7763568394002505e-15,3.0488810120916905,0.5296125782355688
湖北,CEG2000_f4_r0032_c0094,9,29.31177467754565,26.324012992689255,2.9877616848563946,0.11349947615077383,0,26.98476631910183,5,4.262587062921499,3.0488810120916905,0.5296125782355688
湖北,CEG2000_f4_r0032_c0094,10,28.30538310891793,29.31177467754565,-1.0063915686277198,-0.03433403742007707,0,26.98476631910183,4,-1.7763568394002505e-15,3.0488810120916905,0.5296125782355688
湖北,CEG2000_f4_r0032_c0094,11,36.44443730856239,28.30538310891793,8.139054199644463,0.28754439282187855,2,39.16935553545444,6,8.525174125843,3.0488810120916905,0.5296125782355688
湖北,CEG2000_f4_r0032_c0094,12,49.044314996556786,36.44443730856239,12.599877687994393,0.3457284188891601,4,51.35394475180705,7,12.7877611887645,3.0488810120916905,0.5296125782355688
湖北,CEG2000_f4_r0032_c0095,1,61.97583736880258,,,,6,63.53853396815967,4,,3.016030575092462,0.3554592725390639
湖北,CEG2000_f4_r0032_c0095,2,48.4015670539386,61.97583736880258,-13.57427031486398,-0.21902520225885647,4,51.35394475180705,1,-12.787761188764504,3.016030575092462,0.3554592725390639
湖北,CEG2000_f4_r0032_c0095,3,60.03029156377109,48.4015670539386,11.628724509832487,0.2402551243201168,5,57.44623935998336,7,12.7877611887645,3.016030575092462,0.3554592725390639
湖北,CEG2000_f4_r0032_c0095,4,46.75570823623276,60.03029156377109,-13.274583327538323,-0.22113141518622365,3,45.261650143630746,1,-12.787761188764504,3.016030575092462,0.3554592725390639
湖北,CEG2000_f4_r0032_c0095,5,50.28583736975568,46.75570823623276,3.5301291335229195,0.07550156476481922,4,51.35394475180705,5,4.262587062921499,3.016030575092462,0.3554592725390639
湖北,CEG2000_f4_r0032_c0095,6,34.487797319050784,50.28583736975568,-15.798040050704898,-0.31416480021085613,1,33.07706092727814,0,-17.050348251686003,3.016030575092462,0.3554592725390639
湖北,CEG2000_f4_r0032_c0095,7,31.55258205707348,34.487797319050784,-2.935215261977305,-0.08510880630685902,1,33.07706092727814,3,-4.262587062921503,3.016030575092462,0.3554592725390639
湖北,CEG2000_f4_r0032_c0095,8,33.668586918098285,31.55258205707348,2.1160048610248055,0.06706281144273066,1,33.07706092727814,4,-1.7763568394002505e-15,3.016030575092462,0.3554592725390639
湖北,CEG2000_f4_r0032_c0095,9,37.11634403699613,33.668586918098285,3.4477571188978473,0.10240278652872516,2,39.16935553545444,5,4.262587062921499,3.016030575092462,0.3554592725390639
湖北,CEG2000_f4_r0032_c0095,10,35.42265499290242,37.11634403699613,-1.6936890440937091,-0.04563189311979395,1,33.07706092727814,4,-1.7763568394002505e-15,3.016030575092462,0.3554592725390639
湖北,CEG2000_f4_r0032_c0095,11,46.71635934112748,35.42265499290242,11.293704348225056,0.31882715596806493,3,45.261650143630746,7,12.7877611887645,3.016030575092462,0.3554592725390639
湖北,CEG2000_f4_r0032_c0095,12,60.2723384734956,46.71635934112748,13.555979132368122,0.29017627494002735,5,57.44623935998336,7,12.7877611887645,3.016030575092462,0.3554592725390639
湖北,CEG2000_f4_r0032_c0096,1,67.80509793235836,,,,7,69.63082857633597,4,,2.947575897434493,0.2164389525211364
湖北,CEG2000_f4_r0032_c0096,2,56.31209438038064,67.80509793235836,-11.493003551977722,-0.16950058185068945,5,57.44623935998336,1,-12.787761188764504,2.947575897434493,0.2164389525211364
湖北,CEG2000_f4_r0032_c0096,3,65.81816443139374,56.31209438038064,9.506070051013097,0.16881045103385553,6,63.53853396815967,6,8.525174125843,2.947575897434493,0.2164389525211364
湖北,CEG2000_f4_r0032_c0096,4,51.38687431801141,65.81816443139374,-14.431290113382332,-0.21925999058246207,4,51.35394475180705,1,-12.787761188764504,2.947575897434493,0.2164389525211364
湖北,CEG2000_f4_r0032_c0096,5,59.29407653023217,51.38687431801141,7.90720221222076,0.15387591320083926,5,57.44623935998336,6,8.525174125843,2.947575897434493,0.2164389525211364
湖北,CEG2000_f4_r0032_c0096,6,39.637818754065535,59.29407653023217,-19.656257776166633,-0.33150457729356037,2,39.16935553545444,0,-17.050348251686003,2.947575897434493,0.2164389525211364
湖北,CEG2000_f4_r0032_c0096,7,36.45325267413733,39.637818754065535,-3.184566079928203,-0.08034160758660745,2,39.16935553545444,3,-4.262587062921503,2.947575897434493,0.2164389525211364
湖北,CEG2000_f4_r0032_c0096,8,38.584186042034354,36.45325267413733,2.130933367897022,0.05845660432405983,2,39.16935553545444,4,-1.7763568394002505e-15,2.947575897434493,0.2164389525211364
湖北,CEG2000_f4_r0032_c0096,9,42.61576023910573,38.584186042034354,4.031574197071379,0.10448773475950236,3,45.261650143630746,5,4.262587062921499,2.947575897434493,0.2164389525211364
湖北,CEG2000_f4_r0032_c0096,10,43.49677175321147,42.61576023910573,0.8810115141057366,0.0206733731643555,3,45.261650143630746,4,-1.7763568394002505e-15,2.947575897434493,0.2164389525211364
湖北,CEG2000_f4_r0032_c0096,11,58.780146972576894,43.49677175321147,15.283375219365425,0.3513680349907121,5,57.44623935998336,8,17.050348251686003,2.947575897434493,0.2164389525211364
湖北,CEG2000_f4_r0032_c0096,12,75.74736186492186,58.780146972576894,16.967214892344963,0.28865553705166463,8,75.72312318451227,8,17.050348251686003,2.947575897434493,0.2164389525211364
湖北,CEG2000_f4_r0032_c0097,1,67.65767461832141,,,,7,69.63082857633597,4,,2.7244278010854703,0.0943064992770297
湖北,CEG2000_f4_r0032_c0097,2,57.992418281581834,67.65767461832141,-9.665256336739574,-0.1428552842122402,5,57.44623935998336,2,-8.525174125843003,2.7244278010854703,0.0943064992770297
湖北,CEG2000_f4_r0032_c0097,3,67.23464756116243,57.992418281581834,9.242229279580599,0.1593696133640265,7,69.63082857633597,6,8.525174125843,2.7244278010854703,0.0943064992770297
湖北,CEG2000_f4_r0032_c0097,4,53.11839210723837,67.23464756116243,-14.116255453924062,-0.20995507474152666,4,51.35394475180705,1,-12.787761188764504,2.7244278010854703,0.0943064992770297
湖北,CEG2000_f4_r0032_c0097,5,62.497332274235994,53.11839210723837,9.378940166997623,0.17656671813527217,6,63.53853396815967,6,8.525174125843,2.7244278010854703,0.0943064992770297
湖北,CEG2000_f4_r0032_c0097,6,40.99555099837499,62.497332274235994,-21.501781275861006,-0.3440431854196909,2,39.16935553545444,0,-17.050348251686003,2.7244278010854703,0.0943064992770297
湖北,CEG2000_f4_r0032_c0097,7,37.534461515957496,40.99555099837499,-3.461089482417492,-0.08442597789586205,2,39.16935553545444,3,-4.262587062921503,2.7244278010854703,0.0943064992770297
湖北,CEG2000_f4_r0032_c0097,8,38.761485735146806,37.534461515957496,1.2270242191893104,0.032690604037776065,2,39.16935553545444,4,-1.7763568394002505e-15,2.7244278010854703,0.0943064992770297
湖北,CEG2000_f4_r0032_c0097,9,42.604309554867314,38.761485735146806,3.8428238197205076,0.09914026118550054,3,45.261650143630746,5,4.262587062921499,2.7244278010854703,0.0943064992770297
湖北,CEG2000_f4_r0032_c0097,10,44.58498488923701,42.604309554867314,1.9806753343696997,0.04649002307663071,3,45.261650143630746,4,-1.7763568394002505e-15,2.7244278010854703,0.0943064992770297
湖北,CEG2000_f4_r0032_c0097,11,61.574065449040354,44.58498488923701,16.98908055980334,0.3810493735056658,6,63.53853396815967,8,17.050348251686003,2.7244278010854703,0.0943064992770297
湖北,CEG2000_f4_r0032_c0097,12,81.28981685323836,61.574065449040354,19.71575140419801,0.32019570675441383,8,75.72312318451227,8,17.050348251686003,2.7244278010854703,0.0943064992770297
湖北,CEG2000_f4_r0032_c0098,1,58.870417798078286,,,,5,57.44623935998336,4,,1.0478330463934389,0.0995293023515049
湖北,CEG2000_f4_r0032_c0098,2,52.12999862621805,58.870417798078286,-6.740419171860239,-0.11449586097689063,4,51.35394475180705,2,-8.525174125843003,1.0478330463934389,0.0995293023515049
湖北,CEG2000_f4_r0032_c0098,3,61.87416014723065,52.12999862621805,9.7441615210126,0.18692042543258214,6,63.53853396815967,6,8.525174125843,1.0478330463934389,0.0995293023515049
湖北,CEG2000_f4_r0032_c0098,4,47.24400964861382,61.87416014723065,-14.630150498616828,-0.23645008617174162,3,45.261650143630746,1,-12.787761188764504,1.0478330463934389,0.0995293023515049
湖北,CEG2000_f4_r0032_c0098,5,54.69137465345628,47.24400964861382,7.44736500484246,0.15763617568097277,5,57.44623935998336,6,8.525174125843,1.0478330463934389,0.0995293023515049
湖北,CEG2000_f4_r0032_c0098,6,36.84175823957018,54.69137465345628,-17.849616413886096,-0.32636986228610126,2,39.16935553545444,0,-17.050348251686003,1.0478330463934389,0.0995293023515049
湖北,CEG2000_f4_r0032_c0098,7,33.98510870592788,36.84175823957018,-2.8566495336423046,-0.07753836054909284,1,33.07706092727814,3,-4.262587062921503,1.0478330463934389,0.0995293023515049
湖北,CEG2000_f4_r0032_c0098,8,35.13657700867075,33.98510870592788,1.1514683027428703,0.033881554203827643,1,33.07706092727814,4,-1.7763568394002505e-15,1.0478330463934389,0.0995293023515049
湖北,CEG2000_f4_r0032_c0098,9,39.17570726394961,35.13657700867075,4.039130255278863,0.11495514358960225,2,39.16935553545444,5,4.262587062921499,1.0478330463934389,0.0995293023515049
湖北,CEG2000_f4_r0032_c0098,10,37.89706067588054,39.17570726394961,-1.2786465880690727,-0.03263876206379847,2,39.16935553545444,4,-1.7763568394002505e-15,1.0478330463934389,0.0995293023515049
湖北,CEG2000_f4_r0032_c0098,11,50.32566569827716,37.89706067588054,12.428605022396624,0.32795696554658577,4,51.35394475180705,7,12.7877611887645,1.0478330463934389,0.0995293023515049
湖北,CEG2000_f4_r0032_c0098,12,68.3837959778908,50.32566569827716,18.058130279613636,0.35882546269490945,7,69.63082857633597,8,17.050348251686003,1.0478330463934389,0.0995293023515049
湖北,CEG2000_f4_r0032_c0099,1,61.962484868411224,,,,6,63.53853396815967,4,,0.2853013742356075,0.2878604881939528
湖北,CEG2000_f4_r0032_c0099,2,55.22862970138576,61.962484868411224,-6.73385516702546,-0.10867632538181846,5,57.44623935998336,2,-8.525174125843003,0.2853013742356075,0.2878604881939528
湖北,CEG2000_f4_r0032_c0099,3,63.47373286104499,55.22862970138576,8.245103159659223,0.14929038080863957,6,63.53853396815967,6,8.525174125843,0.2853013742356075,0.2878604881939528
湖北,CEG2000_f4_r0032_c0099,4,51.60426620587995,63.47373286104499,-11.869466655165034,-0.18699808755772024,4,51.35394475180705,1,-12.787761188764504,0.2853013742356075,0.2878604881939528
湖北,CEG2000_f4_r0032_c0099,5,59.068555294609055,51.60426620587995,7.464289088729103,0.14464480628306267,5,57.44623935998336,6,8.525174125843,0.2853013742356075,0.2878604881939528
湖北,CEG2000_f4_r0032_c0099,6,40.1854442109131,59.068555294609055,-18.883111083695958,-0.31968127524898754,2,39.16935553545444,0,-17.050348251686003,0.2853013742356075,0.2878604881939528
湖北,CEG2000_f4_r0032_c0099,7,35.89924676222478,40.1854442109131,-4.28619744868832,-0.1066604471557471,1,33.07706092727814,3,-4.262587062921503,0.2853013742356075,0.2878604881939528
湖北,CEG2000_f4_r0032_c0099,8,36.811519117420445,35.89924676222478,0.9122723551956682,0.02541201940079737,2,39.16935553545444,4,-1.7763568394002505e-15,0.2853013742356075,0.2878604881939528
湖北,CEG2000_f4_r0032_c0099,9,41.92703664254499,36.811519117420445,5.115517525124545,0.13896512960541502,2,39.16935553545444,5,4.262587062921499,0.2853013742356075,0.2878604881939528
湖北,CEG2000_f4_r0032_c0099,10,40.91324669087678,41.92703664254499,-1.0137899516682083,-0.024179861799235206,2,39.16935553545444,4,-1.7763568394002505e-15,0.2853013742356075,0.2878604881939528
湖北,CEG2000_f4_r0032_c0099,11,56.18027174585925,40.91324669087678,15.267025054982469,0.3731560384423574,5,57.44623935998336,8,17.050348251686003,0.2853013742356075,0.2878604881939528
湖北,CEG2000_f4_r0032_c0099,12,77.34348162637095,56.18027174585925,21.163209880511694,0.3767018069305,8,75.72312318451227,8,17.050348251686003,0.2853013742356075,0.2878604881939528
湖北,CEG2000_f4_r0032_c0100,1,60.94095462013233,,,,6,63.53853396815967,4,,0.1588460573609914,0.3880753462271499
湖北,CEG2000_f4_r0032_c0100,2,55.1750794293662,60.94095462013233,-5.765875190766131,-0.09461412652143339,5,57.44623935998336,3,-4.262587062921503,0.1588460573609914,0.3880753462271499
湖北,CEG2000_f4_r0032_c0100,3,62.09231266789866,55.1750794293662,6.917233238532461,0.12536879529802464,6,63.53853396815967,6,8.525174125843,0.1588460573609914,0.3880753462271499
湖北,CEG2000_f4_r0032_c0100,4,53.8096173387551,62.09231266789866,-8.282695329143557,-0.1333932490716465,4,51.35394475180705,2,-8.525174125843003,0.1588460573609914,0.3880753462271499
湖北,CEG2000_f4_r0032_c0100,5,58.73050233537351,53.8096173387551,4.920884996618405,0.09144991620437067,5,57.44623935998336,5,4.262587062921499,0.1588460573609914,0.3880753462271499
湖北,CEG2000_f4_r0032_c0100,6,41.01553242488869,58.73050233537351,-17.714969910484818,-0.301631506730959,2,39.16935553545444,0,-17.050348251686003,0.1588460573609914,0.3880753462271499
湖北,CEG2000_f4_r0032_c0100,7,35.87546737820736,41.01553242488869,-5.140065046681329,-0.12531996399398876,1,33.07706092727814,3,-4.262587062921503,0.1588460573609914,0.3880753462271499
湖北,CEG2000_f4_r0032_c0100,8,36.859509348857785,35.87546737820736,0.9840419706504235,0.02742938399314575,2,39.16935553545444,4,-1.7763568394002505e-15,0.1588460573609914,0.3880753462271499
湖北,CEG2000_f4_r0032_c0100,9,41.93198490459635,36.859509348857785,5.0724755557385635,0.13761646981597034,2,39.16935553545444,5,4.262587062921499,0.1588460573609914,0.3880753462271499
湖北,CEG2000_f4_r0032_c0100,10,42.11751629824133,41.93198490459635,0.18553139364497895,0.004424579329290039,2,39.16935553545444,4,-1.7763568394002505e-15,0.1588460573609914,0.3880753462271499
湖北,CEG2000_f4_r0032_c0100,11,57.97938577476875,42.11751629824133,15.861869476527424,0.37660980206446215,5,57.44623935998336,8,17.050348251686003,0.1588460573609914,0.3880753462271499
湖北,CEG2000_f4_r0032_c0100,12,81.31615974587413,57.97938577476875,23.33677397110538,0.40250122796680243,8,75.72312318451227,8,17.050348251686003,0.1588460573609914,0.3880753462271499
湖北,CEG2000_f4_r0032_c0101,1,57.61895205262591,,,,5,57.44623935998336,4,,0.1097464986888576,0.5151244215452307
湖北,CEG2000_f4_r0032_c0101,2,52.540644405096984,57.61895205262591,-5.0783076475289235,-0.0881360640313396,4,51.35394475180705,3,-4.262587062921503,0.1097464986888576,0.5151244215452307
湖北,CEG2000_f4_r0032_c0101,3,60.080327159765574,52.540644405096984,7.53968275466859,0.14350190866591583,5,57.44623935998336,6,8.525174125843,0.1097464986888576,0.5151244215452307
湖北,CEG2000_f4_r0032_c0101,4,51.99823354340717,60.080327159765574,-8.082093616358407,-0.13452146481936603,4,51.35394475180705,2,-8.525174125843003,0.1097464986888576,0.5151244215452307
湖北,CEG2000_f4_r0032_c0101,5,55.23841630837643,51.99823354340717,3.240182764969262,0.062313323822133636,5,57.44623935998336,5,4.262587062921499,0.1097464986888576,0.5151244215452307
湖北,CEG2000_f4_r0032_c0101,6,38.63988971776662,55.23841630837643,-16.598526590609808,-0.30048882100359536,2,39.16935553545444,0,-17.050348251686003,0.1097464986888576,0.5151244215452307
湖北,CEG2000_f4_r0032_c0101,7,33.2618981463945,38.63988971776662,-5.377991571372121,-0.13918237372451195,1,33.07706092727814,3,-4.262587062921503,0.1097464986888576,0.5151244215452307
湖北,CEG2000_f4_r0032_c0101,8,35.270990675402196,33.2618981463945,2.0090925290076953,0.06040222118909577,1,33.07706092727814,4,-1.7763568394002505e-15,0.1097464986888576,0.5151244215452307
湖北,CEG2000_f4_r0032_c0101,9,39.05323988224596,35.270990675402196,3.7822492068437654,0.1072339941242843,2,39.16935553545444,5,4.262587062921499,0.1097464986888576,0.5151244215452307
湖北,CEG2000_f4_r0032_c0101,10,38.70077543462151,39.05323988224596,-0.35246444762444895,-0.00902522937116629,2,39.16935553545444,4,-1.7763568394002505e-15,0.1097464986888576,0.5151244215452307
湖北,CEG2000_f4_r0032_c0101,11,50.780089813722086,38.70077543462151,12.079314379100573,0.31212073255499895,4,51.35394475180705,7,12.7877611887645,0.1097464986888576,0.5151244215452307
湖北,CEG2000_f4_r0032_c0101,12,72.98284892516753,50.780089813722086,22.202759111445445,0.4372335534043441,8,75.72312318451227,8,17.050348251686003,0.1097464986888576,0.5151244215452307
湖北,CEG2000_f4_r0032_c0102,1,55.365149315557645,,,,5,57.44623935998336,4,,0.0837790637912169,0.6646451540038745
湖北,CEG2000_f4_r0032_c0102,2,51.76351750272813,55.365149315557645,-3.601631812829517,-0.06505232727363847,4,51.35394475180705,3,-4.262587062921503,0.0837790637912169,0.6646451540038745
湖北,CEG2000_f4_r0032_c0102,3,58.90596878160611,51.76351750272813,7.142451278877985,0.1379823401394921,5,57.44623935998336,6,8.525174125843,0.0837790637912169,0.6646451540038745
湖北,CEG2000_f4_r0032_c0102,4,51.55690277236892,58.90596878160611,-7.349066009237191,-0.12475927586360314,4,51.35394475180705,2,-8.525174125843003,0.0837790637912169,0.6646451540038745
湖北,CEG2000_f4_r0032_c0102,5,55.12935157304046,51.55690277236892,3.5724488006715376,0.0692913772660939,5,57.44623935998336,5,4.262587062921499,0.0837790637912169,0.6646451540038745
湖北,CEG2000_f4_r0032_c0102,6,38.24088500911562,55.12935157304046,-16.888466563924837,-0.3063425576763666,2,39.16935553545444,0,-17.050348251686003,0.0837790637912169,0.6646451540038745
湖北,CEG2000_f4_r0032_c0102,7,32.28271845571607,38.24088500911562,-5.9581665533995505,-0.1558061888991136,1,33.07706092727814,3,-4.262587062921503,0.0837790637912169,0.6646451540038745
湖北,CEG2000_f4_r0032_c0102,8,35.014942125609295,32.28271845571607,2.732223669893223,0.08463425016827997,1,33.07706092727814,5,4.262587062921499,0.0837790637912169,0.6646451540038745
湖北,CEG2000_f4_r0032_c0102,9,38.704835037065166,35.014942125609295,3.689892911455871,0.10538052292701493,2,39.16935553545444,5,4.262587062921499,0.0837790637912169,0.6646451540038745
湖北,CEG2000_f4_r0032_c0102,10,38.50186668705909,38.704835037065166,-0.20296835000607416,-0.00524400503998284,2,39.16935553545444,4,-1.7763568394002505e-15,0.0837790637912169,0.6646451540038745
湖北,CEG2000_f4_r0032_c0102,11,47.772400460104265,38.50186668705909,9.270533773045173,0.24078141063641217,3,45.261650143630746,6,8.525174125843,0.0837790637912169,0.6646451540038745
湖北,CEG2000_f4_r0032_c0102,12,69.7674159903005,47.772400460104265,21.99501553019624,0.46041260891976193,7,69.63082857633597,8,17.050348251686003,0.0837790637912169,0.6646451540038745
湖北,CEG2000_f4_r0032_c0103,1,52.3814119386142,,,,4,51.35394475180705,4,,0.0677334995703663,0.8141670078722212
湖北,CEG2000_f4_r0032_c0103,2,49.106076861658906,52.3814119386142,-3.275335076955294,-0.06252857560986826,4,51.35394475180705,3,-4.262587062921503,0.0677334995703663,0.8141670078722212
湖北,CEG2000_f4_r0032_c0103,3,56.21929266327851,49.106076861658906,7.113215801619603,0.14485408438672215,5,57.44623935998336,6,8.525174125843,0.0677334995703663,0.8141670078722212
湖北,CEG2000_f4_r0032_c0103,4,48.11362585685019,56.21929266327851,-8.105666806428317,-0.14417945197170368,3,45.261650143630746,2,-8.525174125843003,0.0677334995703663,0.8141670078722212
湖北,CEG2000_f4_r0032_c0103,5,52.93406571816196,48.11362585685019,4.820439861311769,0.1001886633041076,4,51.35394475180705,5,4.262587062921499,0.0677334995703663,0.8141670078722212
湖北,CEG2000_f4_r0032_c0103,6,36.61381031642796,52.93406571816196,-16.320255401734002,-0.3083129017262401,2,39.16935553545444,0,-17.050348251686003,0.0677334995703663,0.8141670078722212
湖北,CEG2000_f4_r0032_c0103,7,30.729765157030837,36.61381031642796,-5.884045159397122,-0.16070562196464586,1,33.07706092727814,3,-4.262587062921503,0.0677334995703663,0.8141670078722212
湖北,CEG2000_f4_r0032_c0103,8,32.71340523275593,30.729765157030837,1.983640075725095,0.06455109779032095,1,33.07706092727814,4,-1.7763568394002505e-15,0.0677334995703663,0.8141670078722212
湖北,CEG2000_f4_r0032_c0103,9,36.756084761056144,32.71340523275593,4.042679528300212,0.12357868279185676,2,39.16935553545444,5,4.262587062921499,0.0677334995703663,0.8141670078722212
湖北,CEG2000_f4_r0032_c0103,10,36.34915502006207,36.756084761056144,-0.4069297409940731,-0.011071085063587182,2,39.16935553545444,4,-1.7763568394002505e-15,0.0677334995703663,0.8141670078722212
湖北,CEG2000_f4_r0032_c0103,11,43.522669917601974,36.34915502006207,7.173514897539903,0.1973502518443867,3,45.261650143630746,6,8.525174125843,0.0677334995703663,0.8141670078722212
湖北,CEG2000_f4_r0032_c0103,12,63.37788453323333,43.522669917601974,19.855214615631354,0.45620396573146044,6,63.53853396815967,8,17.050348251686003,0.0677334995703663,0.8141670078722212
湖北,CEG2000_f4_r0032_c0104,1,49.18809232202589,,,,4,51.35394475180705,4,,0.0289821679410926,0.934528357937156
湖北,CEG2000_f4_r0032_c0104,2,45.69334555428478,49.18809232202589,-3.4947467677411055,-0.0710486339836399,3,45.261650143630746,3,-4.262587062921503,0.0289821679410926,0.934528357937156
湖北,CEG2000_f4_r0032_c0104,3,51.42987398242714,45.69334555428478,5.736528428142357,0.12554406683413508,4,51.35394475180705,5,4.262587062921499,0.0289821679410926,0.934528357937156
湖北,CEG2000_f4_r0032_c0104,4,42.062071122666,51.42987398242714,-9.367802859761142,-0.18214710895387354,2,39.16935553545444,2,-8.525174125843003,0.0289821679410926,0.934528357937156
湖北,CEG2000_f4_r0032_c0104,5,45.610086108333,42.062071122666,3.5480149856670025,0.08435188498730589,3,45.261650143630746,5,4.262587062921499,0.0289821679410926,0.934528357937156
湖北,CEG2000_f4_r0032_c0104,6,31.89665058870302,45.610086108333,-13.713435519629979,-0.30066673163163626,1,33.07706092727814,1,-12.787761188764504,0.0289821679410926,0.934528357937156
湖北,CEG2000_f4_r0032_c0104,7,26.91681755407385,31.89665058870302,-4.97983303462917,-0.1561240112274641,0,26.98476631910183,3,-4.262587062921503,0.0289821679410926,0.934528357937156
湖北,CEG2000_f4_r0032_c0104,8,28.169474021232443,26.91681755407385,1.252656467158591,0.046538059881785755,0,26.98476631910183,4,-1.7763568394002505e-15,0.0289821679410926,0.934528357937156
湖北,CEG2000_f4_r0032_c0104,9,31.915602577518023,28.169474021232443,3.74612855628558,0.13298539239539847,1,33.07706092727814,5,4.262587062921499,0.0289821679410926,0.934528357937156
湖北,CEG2000_f4_r0032_c0104,10,31.33108829198334,31.915602577518023,-0.5845142855346808,-0.018314374109496656,1,33.07706092727814,4,-1.7763568394002505e-15,0.0289821679410926,0.934528357937156
湖北,CEG2000_f4_r0032_c0104,11,36.70595373956148,31.33108829198334,5.374865447578138,0.171550550606102,2,39.16935553545444,5,4.262587062921499,0.0289821679410926,0.934528357937156
湖北,CEG2000_f4_r0032_c0104,12,52.65364222317313,36.70595373956148,15.94768848361165,0.4344714374339582,4,51.35394475180705,8,17.050348251686003,0.0289821679410926,0.934528357937156
湖北,CEG2000_f4_r0033_c0090,1,51.19773389955647,,,,4,51.35394475180705,4,,2.9401966537678663,0.930417689304024
湖北,CEG2000_f4_r0033_c0090,2,42.635546700095254,51.19773389955647,-8.562187199461214,-0.16723762063881872,3,45.261650143630746,2,-8.525174125843003,2.9401966537678663,0.930417689304024
湖北,CEG2000_f4_r0033_c0090,3,48.72163833605434,42.635546700095254,6.086091635959086,0.14274688861783702,4,51.35394475180705,5,4.262587062921499,2.9401966537678663,0.930417689304024
湖北,CEG2000_f4_r0033_c0090,4,38.86422523119298,48.72163833605434,-9.857413104861358,-0.20232105162126304,2,39.16935553545444,2,-8.525174125843003,2.9401966537678663,0.930417689304024
湖北,CEG2000_f4_r0033_c0090,5,34.88156012631864,38.86422523119298,-3.982665104874343,-0.10247637978584477,1,33.07706092727814,3,-4.262587062921503,2.9401966537678663,0.930417689304024
湖北,CEG2000_f4_r0033_c0090,6,26.52102711832131,34.88156012631864,-8.36053300799733,-0.23968345961937598,0,26.98476631910183,2,-8.525174125843003,2.9401966537678663,0.930417689304024
湖北,CEG2000_f4_r0033_c0090,7,23.874729143455212,26.52102711832131,-2.6462979748660977,-0.09978112699255064,0,26.98476631910183,3,-4.262587062921503,2.9401966537678663,0.930417689304024
湖北,CEG2000_f4_r0033_c0090,8,22.86804264743166,23.874729143455212,-1.0066864960235513,-0.042165357771169296,0,26.98476631910183,4,-1.7763568394002505e-15,2.9401966537678663,0.930417689304024
湖北,CEG2000_f4_r0033_c0090,9,23.56632534842266,22.86804264743166,0.6982827009909975,0.03053530692402406,0,26.98476631910183,4,-1.7763568394002505e-15,2.9401966537678663,0.930417689304024
湖北,CEG2000_f4_r0033_c0090,10,24.45089408830425,23.56632534842266,0.8845687398815905,0.03753528506474585,0,26.98476631910183,4,-1.7763568394002505e-15,2.9401966537678663,0.930417689304024
湖北,CEG2000_f4_r0033_c0090,11,32.84139660768627,24.45089408830425,8.390502519382022,0.3431572886079247,1,33.07706092727814,6,8.525174125843,2.9401966537678663,0.930417689304024
湖北,CEG2000_f4_r0033_c0090,12,39.502299894810406,32.84139660768627,6.660903287124135,0.20282034185979786,2,39.16935553545444,6,8.525174125843,2.9401966537678663,0.930417689304024
湖北,CEG2000_f4_r0033_c0091,1,49.61618144924089,,,,4,51.35394475180705,4,,2.9213127380323853,0.8163763123821952
湖北,CEG2000_f4_r0033_c0091,2,41.66909401551176,49.61618144924089,-7.947087433729131,-0.16017128286785395,2,39.16935553545444,2,-8.525174125843003,2.9213127380323853,0.8163763123821952
湖北,CEG2000_f4_r0033_c0091,3,47.95256071384505,41.66909401551176,6.283466698333292,0.15079441602436103,3,45.261650143630746,5,4.262587062921499,2.9213127380323853,0.8163763123821952
湖北,CEG2000_f4_r0033_c0091,4,38.124342055744414,47.95256071384505,-9.828218658100639,-0.20495711828092208,2,39.16935553545444,2,-8.525174125843003,2.9213127380323853,0.8163763123821952
湖北,CEG2000_f4_r0033_c0091,5,33.882561937526354,38.124342055744414,-4.24178011821806,-0.11126172648477028,1,33.07706092727814,3,-4.262587062921503,2.9213127380323853,0.8163763123821952
湖北,CEG2000_f4_r0033_c0091,6,25.66069769661475,33.882561937526354,-8.221864240911604,-0.24265769088156067,0,26.98476631910183,2,-8.525174125843003,2.9213127380323853,0.8163763123821952
湖北,CEG2000_f4_r0033_c0091,7,22.782927099539855,25.66069769661475,-2.877770597074896,-0.11214701295727207,0,26.98476631910183,3,-4.262587062921503,2.9213127380323853,0.8163763123821952
湖北,CEG2000_f4_r0033_c0091,8,21.622223529241737,22.782927099539855,-1.1607035702981179,-0.05094620042573724,0,26.98476631910183,4,-1.7763568394002505e-15,2.9213127380323853,0.8163763123821952
湖北,CEG2000_f4_r0033_c0091,9,23.092592721442895,21.622223529241737,1.470369192201158,0.06800268206517435,0,26.98476631910183,4,-1.7763568394002505e-15,2.9213127380323853,0.8163763123821952
湖北,CEG2000_f4_r0033_c0091,10,23.919934060601193,23.092592721442895,0.8273413391582984,0.03582713076605128,0,26.98476631910183,4,-1.7763568394002505e-15,2.9213127380323853,0.8163763123821952
湖北,CEG2000_f4_r0033_c0091,11,32.179536586225645,23.919934060601193,8.259602525624452,0.3453020608124895,1,33.07706092727814,6,8.525174125843,2.9213127380323853,0.8163763123821952
湖北,CEG2000_f4_r0033_c0091,12,38.778860495619114,32.179536586225645,6.599323909393469,0.20507827673995435,2,39.16935553545444,6,8.525174125843,2.9213127380323853,0.8163763123821952
湖北,CEG2000_f4_r0033_c0092,1,49.22057903462643,,,,4,51.35394475180705,4,,2.8848447987592554,0.6933122512582419
湖北,CEG2000_f4_r0033_c0092,2,40.52716148858188,49.22057903462643,-8.69341754604455,-0.17662160251972603,2,39.16935553545444,2,-8.525174125843003,2.8848447987592554,0.6933122512582419
湖北,CEG2000_f4_r0033_c0092,3,46.9979881936356,40.52716148858188,6.470826705053717,0.1596664179621069,3,45.261650143630746,6,8.525174125843,2.8848447987592554,0.6933122512582419
湖北,CEG2000_f4_r0033_c0092,4,39.13170484209566,46.9979881936356,-7.866283351539941,-0.16737489526424415,2,39.16935553545444,2,-8.525174125843003,2.8848447987592554,0.6933122512582419
湖北,CEG2000_f4_r0033_c0092,5,34.335574595086165,39.13170484209566,-4.7961302470094935,-0.12256379491675226,1,33.07706092727814,3,-4.262587062921503,2.8848447987592554,0.6933122512582419
湖北,CEG2000_f4_r0033_c0092,6,25.96516067346276,34.335574595086165,-8.370413921623406,-0.2437825497413203,0,26.98476631910183,2,-8.525174125843003,2.8848447987592554,0.6933122512582419
湖北,CEG2000_f4_r0033_c0092,7,22.805126718402224,25.96516067346276,-3.160033955060534,-0.12170284616379023,0,26.98476631910183,3,-4.262587062921503,2.8848447987592554,0.6933122512582419
湖北,CEG2000_f4_r0033_c0092,8,21.82091869815058,22.805126718402224,-0.9842080202516428,-0.04315731424800425,0,26.98476631910183,4,-1.7763568394002505e-15,2.8848447987592554,0.6933122512582419
湖北,CEG2000_f4_r0033_c0092,9,22.608702512623065,21.82091869815058,0.7877838144724834,0.03610222948767283,0,26.98476631910183,4,-1.7763568394002505e-15,2.8848447987592554,0.6933122512582419
湖北,CEG2000_f4_r0033_c0092,10,23.57331235729122,22.608702512623065,0.9646098446681535,0.04266542249072387,0,26.98476631910183,4,-1.7763568394002505e-15,2.8848447987592554,0.6933122512582419
湖北,CEG2000_f4_r0033_c0092,11,31.26058904520938,23.57331235729122,7.68727668791816,0.3261008284031195,1,33.07706092727814,6,8.525174125843,2.8848447987592554,0.6933122512582419
湖北,CEG2000_f4_r0033_c0092,12,38.337672598450666,31.26058904520938,7.0770835532412875,0.2263899615904978,2,39.16935553545444,6,8.525174125843,2.8848447987592554,0.6933122512582419
湖北,CEG2000_f4_r0033_c0093,1,53.11376000298285,,,,4,51.35394475180705,4,,2.834360202081339,0.5702472671503672
湖北,CEG2000_f4_r0033_c0093,2,42.49431172530886,53.11376000298285,-10.619448277673989,-0.19993779911415807,3,45.261650143630746,2,-8.525174125843003,2.834360202081339,0.5702472671503672
湖北,CEG2000_f4_r0033_c0093,3,51.416190382845905,42.49431172530886,8.921878657537043,0.20995465734825233,4,51.35394475180705,6,8.525174125843,2.834360202081339,0.5702472671503672
湖北,CEG2000_f4_r0033_c0093,4,40.01356500477139,51.416190382845905,-11.402625378074518,-0.22177110542749975,2,39.16935553545444,1,-12.787761188764504,2.834360202081339,0.5702472671503672
湖北,CEG2000_f4_r0033_c0093,5,37.64534897466286,40.01356500477139,-2.3682160301085275,-0.05918532952077955,2,39.16935553545444,3,-4.262587062921503,2.834360202081339,0.5702472671503672
湖北,CEG2000_f4_r0033_c0093,6,27.585423664070294,37.64534897466286,-10.059925310592565,-0.26722890302765906,0,26.98476631910183,2,-8.525174125843003,2.834360202081339,0.5702472671503672
湖北,CEG2000_f4_r0033_c0093,7,24.231194136890434,27.585423664070294,-3.354229527179861,-0.12159427268643719,0,26.98476631910183,3,-4.262587062921503,2.834360202081339,0.5702472671503672
湖北,CEG2000_f4_r0033_c0093,8,23.372341599971932,24.231194136890434,-0.8588525369185014,-0.03544408633212812,0,26.98476631910183,4,-1.7763568394002505e-15,2.834360202081339,0.5702472671503672
湖北,CEG2000_f4_r0033_c0093,9,24.458185051009423,23.372341599971932,1.0858434510374906,0.046458479412212365,0,26.98476631910183,4,-1.7763568394002505e-15,2.834360202081339,0.5702472671503672
湖北,CEG2000_f4_r0033_c0093,10,25.387993249447824,24.458185051009423,0.9298081984384012,0.03801623859248815,0,26.98476631910183,4,-1.7763568394002505e-15,2.834360202081339,0.5702472671503672
湖北,CEG2000_f4_r0033_c0093,11,32.63334132771512,25.387993249447824,7.245348078267298,0.2853848276655297,1,33.07706092727814,6,8.525174125843,2.834360202081339,0.5702472671503672
湖北,CEG2000_f4_r0033_c0093,12,42.713032339864895,32.63334132771512,10.079691012149773,0.3088770748580749,3,45.261650143630746,6,8.525174125843,2.834360202081339,0.5702472671503672
湖北,CEG2000_f4_r0033_c0094,1,56.059266434066394,,,,5,57.44623935998336,4,,2.760353348703542,0.4471822830424911
湖北,CEG2000_f4_r0033_c0094,2,44.40033338943666,56.059266434066394,-11.658933044629734,-0.20797512679446642,3,45.261650143630746,1,-12.787761188764504,2.760353348703542,0.4471822830424911
湖北,CEG2000_f4_r0033_c0094,3,55.079260007871774,44.40033338943666,10.678926618435113,0.240514559311299,5,57.44623935998336,7,12.7877611887645,2.760353348703542,0.4471822830424911
湖北,CEG2000_f4_r0033_c0094,4,41.84986436593611,55.079260007871774,-13.229395641935668,-0.24018833295953793,2,39.16935553545444,1,-12.787761188764504,2.760353348703542,0.4471822830424911
湖北,CEG2000_f4_r0033_c0094,5,40.985295704515174,41.84986436593611,-0.8645686614209325,-0.0206588163311863,2,39.16935553545444,4,-1.7763568394002505e-15,2.760353348703542,0.4471822830424911
湖北,CEG2000_f4_r0033_c0094,6,29.404194322470698,40.985295704515174,-11.581101382044476,-0.28256722765986136,0,26.98476631910183,1,-12.787761188764504,2.760353348703542,0.4471822830424911
湖北,CEG2000_f4_r0033_c0094,7,25.623358484027147,29.404194322470698,-3.7808358384435508,-0.1285815144934692,0,26.98476631910183,3,-4.262587062921503,2.760353348703542,0.4471822830424911
湖北,CEG2000_f4_r0033_c0094,8,25.12571737786157,25.623358484027147,-0.49764110616557744,-0.019421384846010425,0,26.98476631910183,4,-1.7763568394002505e-15,2.760353348703542,0.4471822830424911
湖北,CEG2000_f4_r0033_c0094,9,27.82521326367184,25.12571737786157,2.699495885810272,0.10743955466874809,0,26.98476631910183,5,4.262587062921499,2.760353348703542,0.4471822830424911
湖北,CEG2000_f4_r0033_c0094,10,27.52802834223698,27.82521326367184,-0.2971849214348623,-0.01068041846144131,0,26.98476631910183,4,-1.7763568394002505e-15,2.760353348703542,0.4471822830424911
湖北,CEG2000_f4_r0033_c0094,11,36.03995889908317,27.52802834223698,8.511930556846188,0.3092095972520527,1,33.07706092727814,6,8.525174125843,2.760353348703542,0.4471822830424911
湖北,CEG2000_f4_r0033_c0094,12,48.112900530282296,36.03995889908317,12.072941631199129,0.3349876636930975,3,45.261650143630746,7,12.7877611887645,2.760353348703542,0.4471822830424911
湖北,CEG2000_f4_r0033_c0095,1,66.96687212839203,,,,7,69.63082857633597,4,,2.6432210444777566,0.364655510432713
湖北,CEG2000_f4_r0033_c0095,2,51.99806634213428,66.96687212839203,-14.968805786257747,-0.22352553300621314,4,51.35394475180705,0,-17.050348251686003,2.6432210444777566,0.364655510432713
湖北,CEG2000_f4_r0033_c0095,3,62.10710098134464,51.99806634213428,10.109034639210357,0.19441174163468763,6,63.53853396815967,6,8.525174125843,2.6432210444777566,0.364655510432713
湖北,CEG2000_f4_r0033_c0095,4,49.51468189398964,62.10710098134464,-12.592419087354997,-0.2027532904995426,4,51.35394475180705,1,-12.787761188764504,2.6432210444777566,0.364655510432713
湖北,CEG2000_f4_r0033_c0095,5,52.4399061389855,49.51468189398964,2.92522424499586,0.059077916551271224,4,51.35394475180705,5,4.262587062921499,2.6432210444777566,0.364655510432713
湖北,CEG2000_f4_r0033_c0095,6,35.65529063761861,52.4399061389855,-16.784615501366886,-0.32007333226114737,1,33.07706092727814,0,-17.050348251686003,2.6432210444777566,0.364655510432713
湖北,CEG2000_f4_r0033_c0095,7,33.02928721182235,35.65529063761861,-2.626003425796263,-0.07364975516496454,1,33.07706092727814,3,-4.262587062921503,2.6432210444777566,0.364655510432713
湖北,CEG2000_f4_r0033_c0095,8,34.364807666640175,33.02928721182235,1.335520454817825,0.04043443160770951,1,33.07706092727814,4,-1.7763568394002505e-15,2.6432210444777566,0.364655510432713
湖北,CEG2000_f4_r0033_c0095,9,37.32960385277008,34.364807666640175,2.9647961861299024,0.08627419698926453,2,39.16935553545444,5,4.262587062921499,2.6432210444777566,0.364655510432713
湖北,CEG2000_f4_r0033_c0095,10,37.91091991866462,37.32960385277008,0.5813160658945407,0.015572521695844452,2,39.16935553545444,4,-1.7763568394002505e-15,2.6432210444777566,0.364655510432713
湖北,CEG2000_f4_r0033_c0095,11,48.73167975929267,37.91091991866462,10.82075984062805,0.2854259370082097,4,51.35394475180705,7,12.7877611887645,2.6432210444777566,0.364655510432713
湖北,CEG2000_f4_r0033_c0095,12,66.38426292923911,48.73167975929267,17.652583169946446,0.36224040002602753,6,63.53853396815967,8,17.050348251686003,2.6432210444777566,0.364655510432713
湖北,CEG2000_f4_r0033_c0096,1,72.29624516787311,,,,7,69.63082857633597,4,,2.4387805992766243,0.2576813217574987
湖北,CEG2000_f4_r0033_c0096,2,59.03440465054093,72.29624516787311,-13.261840517332182,-0.18343747294950052,5,57.44623935998336,1,-12.787761188764504,2.4387805992766243,0.2576813217574987
湖北,CEG2000_f4_r0033_c0096,3,68.91858741885913,59.03440465054093,9.884182768318205,0.16743088757866614,7,69.63082857633597,6,8.525174125843,2.4387805992766243,0.2576813217574987
湖北,CEG2000_f4_r0033_c0096,4,55.055998319386205,68.91858741885913,-13.862589099472928,-0.20114441718344794,5,57.44623935998336,1,-12.787761188764504,2.4387805992766243,0.2576813217574987
湖北,CEG2000_f4_r0033_c0096,5,63.73826895450834,55.055998319386205,8.682270635122137,0.15769890475430637,6,63.53853396815967,6,8.525174125843,2.4387805992766243,0.2576813217574987
湖北,CEG2000_f4_r0033_c0096,6,42.76736570738755,63.73826895450834,-20.970903247120795,-0.3290158893723373,3,45.261650143630746,0,-17.050348251686003,2.4387805992766243,0.2576813217574987
湖北,CEG2000_f4_r0033_c0096,7,38.93808449357837,42.76736570738755,-3.8292812138091747,-0.08953745807045844,2,39.16935553545444,3,-4.262587062921503,2.4387805992766243,0.2576813217574987
湖北,CEG2000_f4_r0033_c0096,8,40.8995985172893,38.93808449357837,1.9615140237109259,0.05037520589987976,2,39.16935553545444,4,-1.7763568394002505e-15,2.4387805992766243,0.2576813217574987
湖北,CEG2000_f4_r0033_c0096,9,44.627429817417465,40.8995985172893,3.727831300128166,0.09114591426985076,3,45.261650143630746,5,4.262587062921499,2.4387805992766243,0.2576813217574987
湖北,CEG2000_f4_r0033_c0096,10,48.59639943485823,44.627429817417465,3.968969617440763,0.08893565311018044,4,51.35394475180705,5,4.262587062921499,2.4387805992766243,0.2576813217574987
湖北,CEG2000_f4_r0033_c0096,11,63.99621665219103,48.59639943485823,15.399817217332803,0.3168921442004303,6,63.53853396815967,8,17.050348251686003,2.4387805992766243,0.2576813217574987
湖北,CEG2000_f4_r0033_c0096,12,83.52358631158702,63.99621665219103,19.527369659395994,0.30513318881839613,8,75.72312318451227,8,17.050348251686003,2.4387805992766243,0.2576813217574987
湖北,CEG2000_f4_r0033_c0097,1,67.17841315105223,,,,7,69.63082857633597,4,,2.05297732631054,0.4289914212747785
湖北,CEG2000_f4_r0033_c0097,2,57.02039871135048,67.17841315105223,-10.158014439701745,-0.15120950262491634,5,57.44623935998336,2,-8.525174125843003,2.05297732631054,0.4289914212747785
湖北,CEG2000_f4_r0033_c0097,3,67.03493097639641,57.02039871135048,10.01453226504593,0.17563069517878407,7,69.63082857633597,6,8.525174125843,2.05297732631054,0.4289914212747785
湖北,CEG2000_f4_r0033_c0097,4,52.830600395646506,67.03493097639641,-14.204330580749904,-0.21189446119891395,4,51.35394475180705,1,-12.787761188764504,2.05297732631054,0.4289914212747785
湖北,CEG2000_f4_r0033_c0097,5,60.658816123196985,52.830600395646506,7.828215727550479,0.14817578579318136,6,63.53853396815967,6,8.525174125843,2.05297732631054,0.4289914212747785
湖北,CEG2000_f4_r0033_c0097,6,40.64184056202914,60.658816123196985,-20.016975561167847,-0.3299928491929965,2,39.16935553545444,0,-17.050348251686003,2.05297732631054,0.4289914212747785
湖北,CEG2000_f4_r0033_c0097,7,37.67864348783605,40.64184056202914,-2.96319707419309,-0.07291001178134501,2,39.16935553545444,3,-4.262587062921503,2.05297732631054,0.4289914212747785
湖北,CEG2000_f4_r0033_c0097,8,38.54745556296896,37.67864348783605,0.8688120751329151,0.023058475430873655,2,39.16935553545444,4,-1.7763568394002505e-15,2.05297732631054,0.4289914212747785
湖北,CEG2000_f4_r0033_c0097,9,41.568255255475904,38.54745556296896,3.020799692506941,0.07836573512802504,2,39.16935553545444,5,4.262587062921499,2.05297732631054,0.4289914212747785
湖北,CEG2000_f4_r0033_c0097,10,43.26370736110643,41.568255255475904,1.6954521056305225,0.04078718472089771,3,45.261650143630746,4,-1.7763568394002505e-15,2.05297732631054,0.4289914212747785
湖北,CEG2000_f4_r0033_c0097,11,58.68404321058405,43.26370736110643,15.420335849477624,0.3564265937907191,5,57.44623935998336,8,17.050348251686003,2.05297732631054,0.4289914212747785
湖北,CEG2000_f4_r0033_c0097,12,77.9983225619883,58.68404321058405,19.314279351404252,0.3291231874071144,8,75.72312318451227,8,17.050348251686003,2.05297732631054,0.4289914212747785
湖北,CEG2000_f4_r0033_c0098,1,63.92389300211632,,,,6,63.53853396815967,4,,1.4378636565781,0.4188546250376904
湖北,CEG2000_f4_r0033_c0098,2,54.84285904758037,63.92389300211632,-9.081033954535954,-0.14206008939779854,5,57.44623935998336,2,-8.525174125843003,1.4378636565781,0.4188546250376904
湖北,CEG2000_f4_r0033_c0098,3,63.553320256311466,54.84285904758037,8.710461208731097,0.15882580448940684,6,63.53853396815967,6,8.525174125843,1.4378636565781,0.4188546250376904
湖北,CEG2000_f4_r0033_c0098,4,50.35039611626392,63.553320256311466,-13.202924140047543,-0.20774562346703457,4,51.35394475180705,1,-12.787761188764504,1.4378636565781,0.4188546250376904
湖北,CEG2000_f4_r0033_c0098,5,57.419256546171376,50.35039611626392,7.068860429907453,0.1403933429557291,5,57.44623935998336,6,8.525174125843,1.4378636565781,0.4188546250376904
湖北,CEG2000_f4_r0033_c0098,6,39.55005151491813,57.419256546171376,-17.869205031253244,-0.31120578889565464,2,39.16935553545444,0,-17.050348251686003,1.4378636565781,0.4188546250376904
湖北,CEG2000_f4_r0033_c0098,7,36.06008292238597,39.55005151491813,-3.4899685925321577,-0.08824182166275446,1,33.07706092727814,3,-4.262587062921503,1.4378636565781,0.4188546250376904
湖北,CEG2000_f4_r0033_c0098,8,37.13444333287528,36.06008292238597,1.0743604104893052,0.02979362007574159,2,39.16935553545444,4,-1.7763568394002505e-15,1.4378636565781,0.4188546250376904
湖北,CEG2000_f4_r0033_c0098,9,40.509136836386006,37.13444333287528,3.374693503510727,0.09087771892148162,2,39.16935553545444,5,4.262587062921499,1.4378636565781,0.4188546250376904
湖北,CEG2000_f4_r0033_c0098,10,41.04600157115286,40.509136836386006,0.5368647347668514,0.01325292950415646,2,39.16935553545444,4,-1.7763568394002505e-15,1.4378636565781,0.4188546250376904
湖北,CEG2000_f4_r0033_c0098,11,54.94143005589141,41.04600157115286,13.895428484738552,0.33853305932006456,5,57.44623935998336,7,12.7877611887645,1.4378636565781,0.4188546250376904
湖北,CEG2000_f4_r0033_c0098,12,74.40147871546948,54.94143005589141,19.46004865957807,0.3541962529876187,8,75.72312318451227,8,17.050348251686003,1.4378636565781,0.4188546250376904
湖北,CEG2000_f4_r0033_c0099,1,64.75135606355735,,,,6,63.53853396815967,4,,0.9016727363798072,0.5589592866799306
湖北,CEG2000_f4_r0033_c0099,2,56.873909308520645,64.75135606355735,-7.877446755036708,-0.1216568614764534,5,57.44623935998336,2,-8.525174125843003,0.9016727363798072,0.5589592866799306
湖北,CEG2000_f4_r0033_c0099,3,64.79382319896023,56.873909308520645,7.919913890439581,0.13925390370964086,6,63.53853396815967,6,8.525174125843,0.9016727363798072,0.5589592866799306
湖北,CEG2000_f4_r0033_c0099,4,52.8852096746236,64.79382319896023,-11.908613524336623,-0.18379241934480764,4,51.35394475180705,1,-12.787761188764504,0.9016727363798072,0.5589592866799306
湖北,CEG2000_f4_r0033_c0099,5,59.479571723479566,52.8852096746236,6.594362048855963,0.12469199024505705,5,57.44623935998336,6,8.525174125843,0.9016727363798072,0.5589592866799306
湖北,CEG2000_f4_r0033_c0099,6,40.58517449856832,59.479571723479566,-18.894397224911245,-0.3176619581719799,2,39.16935553545444,0,-17.050348251686003,0.9016727363798072,0.5589592866799306
湖北,CEG2000_f4_r0033_c0099,7,36.6332476316933,40.58517449856832,-3.95192686687502,-0.09737365714700642,2,39.16935553545444,3,-4.262587062921503,0.9016727363798072,0.5589592866799306
湖北,CEG2000_f4_r0033_c0099,8,37.39162389568643,36.6332476316933,0.758376263993128,0.020701857275056818,2,39.16935553545444,4,-1.7763568394002505e-15,0.9016727363798072,0.5589592866799306
湖北,CEG2000_f4_r0033_c0099,9,41.92013414508282,37.39162389568643,4.5285102493963905,0.12111028560914704,2,39.16935553545444,5,4.262587062921499,0.9016727363798072,0.5589592866799306
湖北,CEG2000_f4_r0033_c0099,10,42.5910132497359,41.92013414508282,0.670879104653082,0.016003744223031673,3,45.261650143630746,4,-1.7763568394002505e-15,0.9016727363798072,0.5589592866799306
湖北,CEG2000_f4_r0033_c0099,11,56.641213605813455,42.5910132497359,14.050200356077553,0.3298865014948823,5,57.44623935998336,7,12.7877611887645,0.9016727363798072,0.5589592866799306
湖北,CEG2000_f4_r0033_c0099,12,81.01153382308551,56.641213605813455,24.37032021727206,0.4302577340039687,8,75.72312318451227,8,17.050348251686003,0.9016727363798072,0.5589592866799306
湖北,CEG2000_f4_r0033_c0100,1,61.31593195357415,,,,6,63.53853396815967,4,,0.5924667531586175,0.8248296251713835
湖北,CEG2000_f4_r0033_c0100,2,55.01652371816836,61.31593195357415,-6.299408235405792,-0.10273689128912596,5,57.44623935998336,3,-4.262587062921503,0.5924667531586175,0.8248296251713835
湖北,CEG2000_f4_r0033_c0100,3,62.600997746059946,55.01652371816836,7.584474027891588,0.1378581108967256,6,63.53853396815967,6,8.525174125843,0.5924667531586175,0.8248296251713835
湖北,CEG2000_f4_r0033_c0100,4,53.38673768197421,62.600997746059946,-9.214260064085735,-0.1471903067977167,4,51.35394475180705,2,-8.525174125843003,0.5924667531586175,0.8248296251713835
湖北,CEG2000_f4_r0033_c0100,5,57.23324248551189,53.38673768197421,3.8465048035376768,0.07204981931001998,5,57.44623935998336,5,4.262587062921499,0.5924667531586175,0.8248296251713835
湖北,CEG2000_f4_r0033_c0100,6,40.51913358309813,57.23324248551189,-16.714108902413756,-0.2920349813597367,2,39.16935553545444,0,-17.050348251686003,0.5924667531586175,0.8248296251713835
湖北,CEG2000_f4_r0033_c0100,7,35.65387881344123,40.51913358309813,-4.8652547696569,-0.12007302080334607,1,33.07706092727814,3,-4.262587062921503,0.5924667531586175,0.8248296251713835
湖北,CEG2000_f4_r0033_c0100,8,36.65956634757105,35.65387881344123,1.0056875341298195,0.028206960016666775,2,39.16935553545444,4,-1.7763568394002505e-15,0.5924667531586175,0.8248296251713835
湖北,CEG2000_f4_r0033_c0100,9,40.642788051409205,36.65956634757105,3.9832217038381543,0.10865435957624388,2,39.16935553545444,5,4.262587062921499,0.5924667531586175,0.8248296251713835
湖北,CEG2000_f4_r0033_c0100,10,39.96106354664708,40.642788051409205,-0.6817245047621228,-0.016773566417240055,2,39.16935553545444,4,-1.7763568394002505e-15,0.5924667531586175,0.8248296251713835
湖北,CEG2000_f4_r0033_c0100,11,52.81602155761653,39.96106354664708,12.854958010969447,0.3216870841278707,4,51.35394475180705,7,12.7877611887645,0.5924667531586175,0.8248296251713835
湖北,CEG2000_f4_r0033_c0100,12,77.05736346468763,52.81602155761653,24.241341907071096,0.45897705264730004,8,75.72312318451227,8,17.050348251686003,0.5924667531586175,0.8248296251713835
湖北,CEG2000_f4_r0033_c0101,1,59.25215676133872,,,,5,57.44623935998336,4,,0.4185309742213056,0.8104159781660204
湖北,CEG2000_f4_r0033_c0101,2,52.79305498419053,59.25215676133872,-6.4591017771481845,-0.10901040789392272,4,51.35394475180705,2,-8.525174125843003,0.4185309742213056,0.8104159781660204
湖北,CEG2000_f4_r0033_c0101,3,60.49633202096273,52.79305498419053,7.703277036772199,0.14591459121051115,6,63.53853396815967,6,8.525174125843,0.4185309742213056,0.8104159781660204
湖北,CEG2000_f4_r0033_c0101,4,52.10633548704824,60.49633202096273,-8.389996533914491,-0.13868603688248823,4,51.35394475180705,2,-8.525174125843003,0.4185309742213056,0.8104159781660204
湖北,CEG2000_f4_r0033_c0101,5,55.13412691804739,52.10633548704824,3.0277914309991516,0.058107932609303366,5,57.44623935998336,5,4.262587062921499,0.4185309742213056,0.8104159781660204
湖北,CEG2000_f4_r0033_c0101,6,39.36285939324589,55.13412691804739,-15.771267524801502,-0.2860527300676089,2,39.16935553545444,0,-17.050348251686003,0.4185309742213056,0.8104159781660204
湖北,CEG2000_f4_r0033_c0101,7,34.03640132719327,39.36285939324589,-5.3264580660526235,-0.13531684811918335,1,33.07706092727814,3,-4.262587062921503,0.4185309742213056,0.8104159781660204
湖北,CEG2000_f4_r0033_c0101,8,35.572851696618855,34.03640132719327,1.5364503694255873,0.045141387147707816,1,33.07706092727814,4,-1.7763568394002505e-15,0.4185309742213056,0.8104159781660204
湖北,CEG2000_f4_r0033_c0101,9,38.696376184075056,35.572851696618855,3.1235244874562014,0.08780641243201448,2,39.16935553545444,5,4.262587062921499,0.4185309742213056,0.8104159781660204
湖北,CEG2000_f4_r0033_c0101,10,37.541173315326816,38.696376184075056,-1.1552028687482405,-0.029852998721457743,2,39.16935553545444,4,-1.7763568394002505e-15,0.4185309742213056,0.8104159781660204
湖北,CEG2000_f4_r0033_c0101,11,49.721015030201144,37.541173315326816,12.179841714874328,0.3244395590028536,4,51.35394475180705,7,12.7877611887645,0.4185309742213056,0.8104159781660204
湖北,CEG2000_f4_r0033_c0101,12,72.77836657583867,49.721015030201144,23.05735154563753,0.46373453019074967,8,75.72312318451227,8,17.050348251686003,0.4185309742213056,0.8104159781660204
湖北,CEG2000_f4_r0033_c0102,1,57.882597956830125,,,,5,57.44623935998336,4,,0.3235318365984058,0.9519137398806792
湖北,CEG2000_f4_r0033_c0102,2,52.2080950498399,57.882597956830125,-5.674502906990227,-0.0980346962177194,4,51.35394475180705,3,-4.262587062921503,0.3235318365984058,0.9519137398806792
湖北,CEG2000_f4_r0033_c0102,3,59.87988484632045,52.2080950498399,7.671789796480553,0.1469463651021314,5,57.44623935998336,6,8.525174125843,0.3235318365984058,0.9519137398806792
湖北,CEG2000_f4_r0033_c0102,4,50.661005970334166,59.87988484632045,-9.218878875986285,-0.15395618912170927,4,51.35394475180705,2,-8.525174125843003,0.3235318365984058,0.9519137398806792
湖北,CEG2000_f4_r0033_c0102,5,52.323630965005414,50.661005970334166,1.6626249946712477,0.03281863363796684,4,51.35394475180705,4,-1.7763568394002505e-15,0.3235318365984058,0.9519137398806792
湖北,CEG2000_f4_r0033_c0102,6,38.47163079480101,52.323630965005414,-13.852000170204406,-0.2647369824060713,2,39.16935553545444,1,-12.787761188764504,0.3235318365984058,0.9519137398806792
湖北,CEG2000_f4_r0033_c0102,7,32.64720883745589,38.47163079480101,-5.824421957345116,-0.15139524467811796,1,33.07706092727814,3,-4.262587062921503,0.3235318365984058,0.9519137398806792
湖北,CEG2000_f4_r0033_c0102,8,35.76410327385824,32.64720883745589,3.1168944364023474,0.09547200350023058,1,33.07706092727814,5,4.262587062921499,0.3235318365984058,0.9519137398806792
湖北,CEG2000_f4_r0033_c0102,9,38.10995748237181,35.76410327385824,2.345854208513572,0.06559242351333532,2,39.16935553545444,5,4.262587062921499,0.3235318365984058,0.9519137398806792
湖北,CEG2000_f4_r0033_c0102,10,36.5314844981027,38.10995748237181,-1.578472984269112,-0.041418912235713,2,39.16935553545444,4,-1.7763568394002505e-15,0.3235318365984058,0.9519137398806792
湖北,CEG2000_f4_r0033_c0102,11,47.598543061358775,36.5314844981027,11.067058563256076,0.30294576624256414,3,45.261650143630746,7,12.7877611887645,0.3235318365984058,0.9519137398806792
湖北,CEG2000_f4_r0033_c0102,12,70.06670429934391,47.598543061358775,22.468161237985136,0.47203464209023516,7,69.63082857633597,8,17.050348251686003,0.3235318365984058,0.9519137398806792
湖北,CEG2000_f4_r0034_c0090,1,57.298844572935785,,,,5,57.44623935998336,4,,2.8092796820119643,0.9240556202427316
湖北,CEG2000_f4_r0034_c0090,2,46.93100894187993,57.298844572935785,-10.367835631055854,-0.1809431884417603,3,45.261650143630746,2,-8.525174125843003,2.8092796820119643,0.9240556202427316
湖北,CEG2000_f4_r0034_c0090,3,54.1392909941791,46.93100894187993,7.208282052299168,0.15359316185224173,4,51.35394475180705,6,8.525174125843,2.8092796820119643,0.9240556202427316
湖北,CEG2000_f4_r0034_c0090,4,42.72689142180173,54.1392909941791,-11.412399572377367,-0.21079698981658987,3,45.261650143630746,1,-12.787761188764504,2.8092796820119643,0.9240556202427316
湖北,CEG2000_f4_r0034_c0090,5,39.24284574373545,42.72689142180173,-3.4840456780662805,-0.08154222228974324,2,39.16935553545444,3,-4.262587062921503,2.8092796820119643,0.9240556202427316
湖北,CEG2000_f4_r0034_c0090,6,28.51639396933408,39.24284574373545,-10.726451774401372,-0.27333521744186184,0,26.98476631910183,1,-12.787761188764504,2.8092796820119643,0.9240556202427316
湖北,CEG2000_f4_r0034_c0090,7,25.45930418080392,28.51639396933408,-3.05708978853016,-0.10720464136586445,0,26.98476631910183,3,-4.262587062921503,2.8092796820119643,0.9240556202427316
湖北,CEG2000_f4_r0034_c0090,8,24.63462341821397,25.45930418080392,-0.8246807625899493,-0.03239211711103051,0,26.98476631910183,4,-1.7763568394002505e-15,2.8092796820119643,0.9240556202427316
湖北,CEG2000_f4_r0034_c0090,9,24.81466537627588,24.63462341821397,0.18004195806190992,0.0073084924013408405,0,26.98476631910183,4,-1.7763568394002505e-15,2.8092796820119643,0.9240556202427316
湖北,CEG2000_f4_r0034_c0090,10,26.50252258971218,24.81466537627588,1.687857213436299,0.0680185361294446,0,26.98476631910183,4,-1.7763568394002505e-15,2.8092796820119643,0.9240556202427316
湖北,CEG2000_f4_r0034_c0090,11,35.001702891209405,26.50252258971218,8.499180301497226,0.32069325750887057,1,33.07706092727814,6,8.525174125843,2.8092796820119643,0.9240556202427316
湖北,CEG2000_f4_r0034_c0090,12,47.832477376016136,35.001702891209405,12.830774484806732,0.3665757213209518,3,45.261650143630746,7,12.7877611887645,2.8092796820119643,0.9240556202427316
湖北,CEG2000_f4_r0034_c0091,1,57.4197356025481,,,,5,57.44623935998336,4,,2.764635211281426,0.8009910976268142
湖北,CEG2000_f4_r0034_c0091,2,46.37843407815118,57.4197356025481,-11.041301524396921,-0.1922910547833826,3,45.261650143630746,1,-12.787761188764504,2.764635211281426,0.8009910976268142
湖北,CEG2000_f4_r0034_c0091,3,55.26105931933474,46.37843407815118,8.882625241183561,0.19152490630053753,5,57.44623935998336,6,8.525174125843,2.764635211281426,0.8009910976268142
湖北,CEG2000_f4_r0034_c0091,4,44.04990847239698,55.26105931933474,-11.211150846937763,-0.2028761479607613,3,45.261650143630746,1,-12.787761188764504,2.764635211281426,0.8009910976268142
湖北,CEG2000_f4_r0034_c0091,5,40.93873919406915,44.04990847239698,-3.1111692783278286,-0.0706282801989789,2,39.16935553545444,3,-4.262587062921503,2.764635211281426,0.8009910976268142
湖北,CEG2000_f4_r0034_c0091,6,29.16476136776727,40.93873919406915,-11.77397782630188,-0.2875999128963794,0,26.98476631910183,1,-12.787761188764504,2.764635211281426,0.8009910976268142
湖北,CEG2000_f4_r0034_c0091,7,26.09635869470963,29.16476136776727,-3.0684026730576406,-0.10520925010717976,0,26.98476631910183,3,-4.262587062921503,2.764635211281426,0.8009910976268142
湖北,CEG2000_f4_r0034_c0091,8,25.689830483223258,26.09635869470963,-0.4065282114863713,-0.0155779668819767,0,26.98476631910183,4,-1.7763568394002505e-15,2.764635211281426,0.8009910976268142
湖北,CEG2000_f4_r0034_c0091,9,27.20150483622513,25.689830483223258,1.5116743530018724,0.0588432980898442,0,26.98476631910183,4,-1.7763568394002505e-15,2.764635211281426,0.8009910976268142
湖北,CEG2000_f4_r0034_c0091,10,27.65652147944016,27.20150483622513,0.45501664321502844,0.016727627605700252,0,26.98476631910183,4,-1.7763568394002505e-15,2.764635211281426,0.8009910976268142
湖北,CEG2000_f4_r0034_c0091,11,35.276975566337136,27.65652147944016,7.620454086896977,0.2755391379411911,1,33.07706092727814,6,8.525174125843,2.764635211281426,0.8009910976268142
湖北,CEG2000_f4_r0034_c0091,12,50.31812498949396,35.276975566337136,15.041149423156824,0.4263729863937021,4,51.35394475180705,8,17.050348251686003,2.764635211281426,0.8009910976268142
湖北,CEG2000_f4_r0034_c0092,1,57.5708889567202,,,,5,57.44623935998336,4,,2.707003889709544,0.6952549574637076
湖北,CEG2000_f4_r0034_c0092,2,45.63235369634301,57.5708889567202,-11.938535260377186,-0.20737104249601157,3,45.261650143630746,1,-12.787761188764504,2.707003889709544,0.6952549574637076
湖北,CEG2000_f4_r0034_c0092,3,54.88653642591445,45.63235369634301,9.25418272957144,0.2027987158223897,5,57.44623935998336,6,8.525174125843,2.707003889709544,0.6952549574637076
湖北,CEG2000_f4_r0034_c0092,4,42.93177377898,54.88653642591445,-11.954762646934448,-0.21780865446066033,3,45.261650143630746,1,-12.787761188764504,2.707003889709544,0.6952549574637076
湖北,CEG2000_f4_r0034_c0092,5,39.745190773165106,42.93177377898,-3.186583005814896,-0.07422435006342765,2,39.16935553545444,3,-4.262587062921503,2.707003889709544,0.6952549574637076
湖北,CEG2000_f4_r0034_c0092,6,28.77868378986768,39.745190773165106,-10.966506983297425,-0.2759203508642288,0,26.98476631910183,1,-12.787761188764504,2.707003889709544,0.6952549574637076
湖北,CEG2000_f4_r0034_c0092,7,24.83582844372536,28.77868378986768,-3.94285534614232,-0.13700610406409586,0,26.98476631910183,3,-4.262587062921503,2.707003889709544,0.6952549574637076
湖北,CEG2000_f4_r0034_c0092,8,25.631652717280673,24.83582844372536,0.7958242735553114,0.03204339550655787,0,26.98476631910183,4,-1.7763568394002505e-15,2.707003889709544,0.6952549574637076
湖北,CEG2000_f4_r0034_c0092,9,26.400955945712575,25.631652717280673,0.7693032284319017,0.03001379727313655,0,26.98476631910183,4,-1.7763568394002505e-15,2.707003889709544,0.6952549574637076
湖北,CEG2000_f4_r0034_c0092,10,27.148844429923862,26.400955945712575,0.7478884842112876,0.028328083488686786,0,26.98476631910183,4,-1.7763568394002505e-15,2.707003889709544,0.6952549574637076
湖北,CEG2000_f4_r0034_c0092,11,35.17976117266766,27.148844429923862,8.030916742743798,0.29581062882705983,1,33.07706092727814,6,8.525174125843,2.707003889709544,0.6952549574637076
湖北,CEG2000_f4_r0034_c0092,12,48.77733818881813,35.17976117266766,13.597577016150467,0.3865170360143002,4,51.35394475180705,7,12.7877611887645,2.707003889709544,0.6952549574637076
湖北,CEG2000_f4_r0034_c0093,1,59.79056384031754,,,,5,57.44623935998336,4,,2.630371369275585,0.6447276291835836
湖北,CEG2000_f4_r0034_c0093,2,46.564865620369446,59.79056384031754,-13.225698219948093,-0.22120042646311083,3,45.261650143630746,1,-12.787761188764504,2.630371369275585,0.6447276291835836
湖北,CEG2000_f4_r0034_c0093,3,56.23089933186365,46.564865620369446,9.666033711494201,0.20758212404817653,5,57.44623935998336,6,8.525174125843,2.630371369275585,0.6447276291835836
湖北,CEG2000_f4_r0034_c0093,4,43.81487063013976,56.23089933186365,-12.416028701723889,-0.2208043771174091,3,45.261650143630746,1,-12.787761188764504,2.630371369275585,0.6447276291835836
湖北,CEG2000_f4_r0034_c0093,5,42.14009954335116,43.81487063013976,-1.6747710867885957,-0.03822380535882581,2,39.16935553545444,4,-1.7763568394002505e-15,2.630371369275585,0.6447276291835836
湖北,CEG2000_f4_r0034_c0093,6,30.006652681203356,42.14009954335116,-12.133446862147807,-0.28793113907255147,0,26.98476631910183,1,-12.787761188764504,2.630371369275585,0.6447276291835836
湖北,CEG2000_f4_r0034_c0093,7,25.71891285612969,30.006652681203356,-4.287739825073665,-0.14289297345583546,0,26.98476631910183,3,-4.262587062921503,2.630371369275585,0.6447276291835836
湖北,CEG2000_f4_r0034_c0093,8,26.51164498908615,25.71891285612969,0.7927321329564592,0.03082292542421847,0,26.98476631910183,4,-1.7763568394002505e-15,2.630371369275585,0.6447276291835836
湖北,CEG2000_f4_r0034_c0093,9,27.59904698817036,26.51164498908615,1.0874019990842108,0.04101601388868376,0,26.98476631910183,4,-1.7763568394002505e-15,2.630371369275585,0.6447276291835836
湖北,CEG2000_f4_r0034_c0093,10,28.32185102172952,27.59904698817036,0.7228040335591572,0.026189456247129442,0,26.98476631910183,4,-1.7763568394002505e-15,2.630371369275585,0.6447276291835836
湖北,CEG2000_f4_r0034_c0093,11,36.51740476883825,28.32185102172952,8.195553747108729,0.2893721085115804,2,39.16935553545444,6,8.525174125843,2.630371369275585,0.6447276291835836
湖北,CEG2000_f4_r0034_c0093,12,50.67907258061184,36.51740476883825,14.16166781177359,0.3878059763945302,4,51.35394475180705,7,12.7877611887645,2.630371369275585,0.6447276291835836
湖北,CEG2000_f4_r0034_c0094,1,67.1701641024804,,,,7,69.63082857633597,4,,2.525036997993596,0.4500544499789298
湖北,CEG2000_f4_r0034_c0094,2,52.46199492366986,67.1701641024804,-14.708169178810536,-0.21896878436042716,4,51.35394475180705,1,-12.787761188764504,2.525036997993596,0.4500544499789298
湖北,CEG2000_f4_r0034_c0094,3,61.50063602182855,52.46199492366986,9.038641098158685,0.17228931365094963,6,63.53853396815967,6,8.525174125843,2.525036997993596,0.4500544499789298
湖北,CEG2000_f4_r0034_c0094,4,47.77644985295536,61.50063602182855,-13.724186168873189,-0.22315519085041713,3,45.261650143630746,1,-12.787761188764504,2.525036997993596,0.4500544499789298
湖北,CEG2000_f4_r0034_c0094,5,47.79002888399443,47.77644985295536,0.013579031039071765,0.0002842201771137207,3,45.261650143630746,4,-1.7763568394002505e-15,2.525036997993596,0.4500544499789298
湖北,CEG2000_f4_r0034_c0094,6,33.69183814365392,47.79002888399443,-14.098190740340513,-0.29500276667675757,1,33.07706092727814,1,-12.787761188764504,2.525036997993596,0.4500544499789298
湖北,CEG2000_f4_r0034_c0094,7,30.331948535348864,33.69183814365392,-3.3598896083050533,-0.09972414072450692,1,33.07706092727814,3,-4.262587062921503,2.525036997993596,0.4500544499789298
湖北,CEG2000_f4_r0034_c0094,8,31.36551216189696,30.331948535348864,1.0335636265480943,0.034075081768768625,1,33.07706092727814,4,-1.7763568394002505e-15,2.525036997993596,0.4500544499789298
湖北,CEG2000_f4_r0034_c0094,9,32.82083642962261,31.36551216189696,1.4553242677256506,0.04639886829246769,1,33.07706092727814,4,-1.7763568394002505e-15,2.525036997993596,0.4500544499789298
湖北,CEG2000_f4_r0034_c0094,10,35.41816470237836,32.82083642962261,2.597328272755753,0.07913656552675548,1,33.07706092727814,5,4.262587062921499,2.525036997993596,0.4500544499789298
湖北,CEG2000_f4_r0034_c0094,11,43.80519597165588,35.41816470237836,8.387031269277514,0.23680027860716107,3,45.261650143630746,6,8.525174125843,2.525036997993596,0.4500544499789298
湖北,CEG2000_f4_r0034_c0094,12,60.71506155140751,43.80519597165588,16.90986557975163,0.3860241965517778,6,63.53853396815967,8,17.050348251686003,2.525036997993596,0.4500544499789298
湖北,CEG2000_f4_r0034_c0095,1,76.26600471236117,,,,8,75.72312318451227,4,,2.375480707132727,0.450524686771459
湖北,CEG2000_f4_r0034_c0095,2,60.29487949569211,76.26600471236117,-15.971125216669058,-0.20941342445961988,5,57.44623935998336,0,-17.050348251686003,2.375480707132727,0.450524686771459
湖北,CEG2000_f4_r0034_c0095,3,69.0063928312039,60.29487949569211,8.711513335511789,0.14448181020304057,7,69.63082857633597,6,8.525174125843,2.375480707132727,0.450524686771459
湖北,CEG2000_f4_r0034_c0095,4,55.16219130337505,69.0063928312039,-13.844201527828844,-0.20062201427762003,5,57.44623935998336,1,-12.787761188764504,2.375480707132727,0.450524686771459
湖北,CEG2000_f4_r0034_c0095,5,57.20894673113517,55.16219130337505,2.046755427760118,0.037104316913437935,5,57.44623935998336,4,-1.7763568394002505e-15,2.375480707132727,0.450524686771459
湖北,CEG2000_f4_r0034_c0095,6,42.33206388078301,57.20894673113517,-14.87688285035216,-0.26004469056682744,3,45.261650143630746,1,-12.787761188764504,2.375480707132727,0.450524686771459
湖北,CEG2000_f4_r0034_c0095,7,39.210326472780984,42.33206388078301,-3.1217374080020264,-0.0737440399030288,2,39.16935553545444,3,-4.262587062921503,2.375480707132727,0.450524686771459
湖北,CEG2000_f4_r0034_c0095,8,40.64658980375174,39.210326472780984,1.4362633309707533,0.0366297213048654,2,39.16935553545444,4,-1.7763568394002505e-15,2.375480707132727,0.450524686771459
湖北,CEG2000_f4_r0034_c0095,9,42.13390350396946,40.64658980375174,1.4873137002177188,0.03659135261774009,2,39.16935553545444,4,-1.7763568394002505e-15,2.375480707132727,0.450524686771459
湖北,CEG2000_f4_r0034_c0095,10,47.91503934778243,42.13390350396946,5.781135843812976,0.13720864584190098,3,45.261650143630746,5,4.262587062921499,2.375480707132727,0.450524686771459
湖北,CEG2000_f4_r0034_c0095,11,58.5139417399895,47.91503934778243,10.598902392207066,0.22120199704474616,5,57.44623935998336,6,8.525174125843,2.375480707132727,0.450524686771459
湖北,CEG2000_f4_r0034_c0095,12,81.57070752059883,58.5139417399895,23.056765780609332,0.39403884091527397,8,75.72312318451227,8,17.050348251686003,2.375480707132727,0.450524686771459
湖北,CEG2000_f4_r0034_c0096,1,76.82395281780107,,,,8,75.72312318451227,4,,2.1595000629385313,0.7049306145161567
湖北,CEG2000_f4_r0034_c0096,2,64.03719420717486,76.82395281780107,-12.786758610626208,-0.16644234176483766,6,63.53853396815967,1,-12.787761188764504,2.1595000629385313,0.7049306145161567
湖北,CEG2000_f4_r0034_c0096,3,72.83923503688548,64.03719420717486,8.80204082971062,0.13745200642667166,8,75.72312318451227,6,8.525174125843,2.1595000629385313,0.7049306145161567
湖北,CEG2000_f4_r0034_c0096,4,58.828208706519085,72.83923503688548,-14.011026330366398,-0.19235548428359076,5,57.44623935998336,1,-12.787761188764504,2.1595000629385313,0.7049306145161567
湖北,CEG2000_f4_r0034_c0096,5,63.761132535138366,58.828208706519085,4.9329238286192805,0.08385303474441226,6,63.53853396815967,5,4.262587062921499,2.1595000629385313,0.7049306145161567
湖北,CEG2000_f4_r0034_c0096,6,46.78665682396989,63.761132535138366,-16.974475711168473,-0.2662197962342332,3,45.261650143630746,0,-17.050348251686003,2.1595000629385313,0.7049306145161567
湖北,CEG2000_f4_r0034_c0096,7,41.63185454168674,46.78665682396989,-5.15480228228315,-0.11017676047420051,2,39.16935553545444,3,-4.262587062921503,2.1595000629385313,0.7049306145161567
湖北,CEG2000_f4_r0034_c0096,8,44.33233897984703,41.63185454168674,2.700484438160288,0.06486582132574092,3,45.261650143630746,5,4.262587062921499,2.1595000629385313,0.7049306145161567
湖北,CEG2000_f4_r0034_c0096,9,46.222277716117006,44.33233897984703,1.8899387362699755,0.04263115323396584,3,45.261650143630746,4,-1.7763568394002505e-15,2.1595000629385313,0.7049306145161567
湖北,CEG2000_f4_r0034_c0096,10,53.298387178590446,46.222277716117006,7.07610946247344,0.15308872284340302,4,51.35394475180705,6,8.525174125843,2.1595000629385313,0.7049306145161567
湖北,CEG2000_f4_r0034_c0096,11,67.29267452953461,53.298387178590446,13.994287350944163,0.2625649309809802,7,69.63082857633597,7,12.7877611887645,2.1595000629385313,0.7049306145161567
湖北,CEG2000_f4_r0034_c0096,12,92.59680124332831,67.29267452953461,25.304126713793707,0.3760309259619007,8,75.72312318451227,8,17.050348251686003,2.1595000629385313,0.7049306145161567
湖北,CEG2000_f4_r0034_c0097,1,72.34000749245034,,,,7,69.63082857633597,4,,1.858602552928144,0.7783037257020964
湖北,CEG2000_f4_r0034_c0097,2,60.51034350978774,72.34000749245034,-11.829663982662602,-0.16352865299187572,6,63.53853396815967,1,-12.787761188764504,1.858602552928144,0.7783037257020964
湖北,CEG2000_f4_r0034_c0097,3,68.5667463205871,60.51034350978774,8.056402810799362,0.133140920105605,7,69.63082857633597,6,8.525174125843,1.858602552928144,0.7783037257020964
湖北,CEG2000_f4_r0034_c0097,4,55.8464531224668,68.5667463205871,-12.720293198120302,-0.18551694342686123,5,57.44623935998336,1,-12.787761188764504,1.858602552928144,0.7783037257020964
湖北,CEG2000_f4_r0034_c0097,5,62.19346655403406,55.8464531224668,6.347013431567262,0.11365114661174221,6,63.53853396815967,5,4.262587062921499,1.858602552928144,0.7783037257020964
湖北,CEG2000_f4_r0034_c0097,6,44.62640587397392,62.19346655403406,-17.567060680060138,-0.28245829752547674,3,45.261650143630746,0,-17.050348251686003,1.858602552928144,0.7783037257020964
湖北,CEG2000_f4_r0034_c0097,7,39.23833965589447,44.62640587397392,-5.388066218079452,-0.12073717595128508,2,39.16935553545444,3,-4.262587062921503,1.858602552928144,0.7783037257020964
湖北,CEG2000_f4_r0034_c0097,8,41.692792029722675,39.23833965589447,2.454452373828204,0.0625524014357598,2,39.16935553545444,5,4.262587062921499,1.858602552928144,0.7783037257020964
湖北,CEG2000_f4_r0034_c0097,9,43.38049649857075,41.692792029722675,1.6877044688480751,0.040479526236691356,3,45.261650143630746,4,-1.7763568394002505e-15,1.858602552928144,0.7783037257020964
湖北,CEG2000_f4_r0034_c0097,10,48.65143552851852,43.38049649857075,5.270939029947769,0.12150481104155711,4,51.35394475180705,5,4.262587062921499,1.858602552928144,0.7783037257020964
湖北,CEG2000_f4_r0034_c0097,11,63.83250507081099,48.65143552851852,15.18106954229247,0.31203744303482317,6,63.53853396815967,8,17.050348251686003,1.858602552928144,0.7783037257020964
湖北,CEG2000_f4_r0034_c0097,12,86.10771194407467,63.83250507081099,22.275206873263677,0.34896338234811924,8,75.72312318451227,8,17.050348251686003,1.858602552928144,0.7783037257020964
湖北,CEG2000_f4_r0034_c0098,1,67.65815616305734,,,,7,69.63082857633597,4,,1.4953078021755135,0.7456567717645104
湖北,CEG2000_f4_r0034_c0098,2,57.50962076987263,67.65815616305734,-10.148535393184709,-0.1499972208631663,5,57.44623935998336,2,-8.525174125843003,1.4953078021755135,0.7456567717645104
湖北,CEG2000_f4_r0034_c0098,3,64.85393124707046,57.50962076987263,7.34431047719783,0.1277057712932315,6,63.53853396815967,6,8.525174125843,1.4953078021755135,0.7456567717645104
湖北,CEG2000_f4_r0034_c0098,4,53.33126695943724,64.85393124707046,-11.522664287633226,-0.17767102265144058,4,51.35394475180705,1,-12.787761188764504,1.4953078021755135,0.7456567717645104
湖北,CEG2000_f4_r0034_c0098,5,58.948343553129256,53.33126695943724,5.617076593692019,0.10532426686889441,5,57.44623935998336,5,4.262587062921499,1.4953078021755135,0.7456567717645104
湖北,CEG2000_f4_r0034_c0098,6,42.363946301171616,58.948343553129256,-16.58439725195764,-0.2813377993736223,3,45.261650143630746,0,-17.050348251686003,1.4953078021755135,0.7456567717645104
湖北,CEG2000_f4_r0034_c0098,7,36.8996791645699,42.363946301171616,-5.464267136601713,-0.1289839029101638,2,39.16935553545444,3,-4.262587062921503,1.4953078021755135,0.7456567717645104
湖北,CEG2000_f4_r0034_c0098,8,39.1765784121364,36.8996791645699,2.2768992475664973,0.06170512316412539,2,39.16935553545444,5,4.262587062921499,1.4953078021755135,0.7456567717645104
湖北,CEG2000_f4_r0034_c0098,9,40.98194857225233,39.1765784121364,1.8053701601159275,0.04608289527287169,2,39.16935553545444,4,-1.7763568394002505e-15,1.4953078021755135,0.7456567717645104
湖北,CEG2000_f4_r0034_c0098,10,44.36803478623973,40.98194857225233,3.3860862139874044,0.08262384615552477,3,45.261650143630746,5,4.262587062921499,1.4953078021755135,0.7456567717645104
湖北,CEG2000_f4_r0034_c0098,11,57.63449026300251,44.36803478623973,13.26645547676278,0.29900931020900723,5,57.44623935998336,7,12.7877611887645,1.4953078021755135,0.7456567717645104
湖北,CEG2000_f4_r0034_c0098,12,80.08868141955867,57.63449026300251,22.454191156556156,0.3895964214152206,8,75.72312318451227,8,17.050348251686003,1.4953078021755135,0.7456567717645104
湖北,CEG2000_f4_r0034_c0099,1,64.94090799369405,,,,6,63.53853396815967,4,,1.1501985711145186,0.803434130503093
湖北,CEG2000_f4_r0034_c0099,2,55.45144854375082,64.94090799369405,-9.489459449943233,-0.14612452679079704,5,57.44623935998336,2,-8.525174125843003,1.1501985711145186,0.803434130503093
湖北,CEG2000_f4_r0034_c0099,3,64.48776707812794,55.45144854375082,9.036318534377124,0.16295910696088542,6,63.53853396815967,6,8.525174125843,1.1501985711145186,0.803434130503093
湖北,CEG2000_f4_r0034_c0099,4,51.895938209471346,64.48776707812794,-12.591828868656599,-0.19525918541110907,4,51.35394475180705,1,-12.787761188764504,1.1501985711145186,0.803434130503093
湖北,CEG2000_f4_r0034_c0099,5,55.63258079327766,51.895938209471346,3.736642583806315,0.07200260199023348,5,57.44623935998336,5,4.262587062921499,1.1501985711145186,0.803434130503093
湖北,CEG2000_f4_r0034_c0099,6,40.05201961001669,55.63258079327766,-15.580561183260969,-0.280061808406049,2,39.16935553545444,0,-17.050348251686003,1.1501985711145186,0.803434130503093
湖北,CEG2000_f4_r0034_c0099,7,35.56443775873841,40.05201961001669,-4.487581851278286,-0.11204383436774253,1,33.07706092727814,3,-4.262587062921503,1.1501985711145186,0.803434130503093
湖北,CEG2000_f4_r0034_c0099,8,37.13483859646006,35.56443775873841,1.5704008377216496,0.04415649274072363,2,39.16935553545444,4,-1.7763568394002505e-15,1.1501985711145186,0.803434130503093
湖北,CEG2000_f4_r0034_c0099,9,40.27482000674123,37.13483859646006,3.139981410281173,0.0845562153750817,2,39.16935553545444,5,4.262587062921499,1.1501985711145186,0.803434130503093
湖北,CEG2000_f4_r0034_c0099,10,41.29589229550981,40.27482000674123,1.021072288768579,0.02535262202531684,2,39.16935553545444,4,-1.7763568394002505e-15,1.1501985711145186,0.803434130503093
湖北,CEG2000_f4_r0034_c0099,11,52.75873720998705,41.29589229550981,11.462844914477245,0.2775783323060348,4,51.35394475180705,7,12.7877611887645,1.1501985711145186,0.803434130503093
湖北,CEG2000_f4_r0034_c0099,12,76.18556949059194,52.75873720998705,23.42683228060489,0.4440370167952062,8,75.72312318451227,8,17.050348251686003,1.1501985711145186,0.803434130503093
湖北,CEG2000_f4_r0034_c0100,1,63.446031523524674,,,,6,63.53853396815967,4,,0.9428149230162756,0.918843790972654
湖北,CEG2000_f4_r0034_c0100,2,54.36543983995193,63.446031523524674,-9.080591683572742,-0.14312308375356492,4,51.35394475180705,2,-8.525174125843003,0.9428149230162756,0.918843790972654
湖北,CEG2000_f4_r0034_c0100,3,64.17242064323091,54.36543983995193,9.806980803278975,0.18038998363942318,6,63.53853396815967,6,8.525174125843,0.9428149230162756,0.918843790972654
湖北,CEG2000_f4_r0034_c0100,4,50.853988411794255,64.17242064323091,-13.318432231436653,-0.2075413721025267,4,51.35394475180705,1,-12.787761188764504,0.9428149230162756,0.918843790972654
湖北,CEG2000_f4_r0034_c0100,5,52.82260407555254,50.853988411794255,1.9686156637582855,0.038711136043396675,4,51.35394475180705,4,-1.7763568394002505e-15,0.9428149230162756,0.918843790972654
湖北,CEG2000_f4_r0034_c0100,6,38.75834785663507,52.82260407555254,-14.064256218917471,-0.266254503447071,2,39.16935553545444,1,-12.787761188764504,0.9428149230162756,0.918843790972654
湖北,CEG2000_f4_r0034_c0100,7,34.25562569620187,38.75834785663507,-4.502722160433201,-0.11617425430744663,1,33.07706092727814,3,-4.262587062921503,0.9428149230162756,0.918843790972654
湖北,CEG2000_f4_r0034_c0100,8,35.68977284292779,34.25562569620187,1.4341471467259197,0.041866032734148316,1,33.07706092727814,4,-1.7763568394002505e-15,0.9428149230162756,0.918843790972654
湖北,CEG2000_f4_r0034_c0100,9,38.95529224437776,35.68977284292779,3.2655194014499713,0.0914973433936288,2,39.16935553545444,5,4.262587062921499,0.9428149230162756,0.918843790972654
湖北,CEG2000_f4_r0034_c0100,10,39.075352065854695,38.95529224437776,0.12005982147693572,0.0030819900085401982,2,39.16935553545444,4,-1.7763568394002505e-15,0.9428149230162756,0.918843790972654
湖北,CEG2000_f4_r0034_c0100,11,49.92162726604701,39.075352065854695,10.846275200192316,0.2775733199258911,4,51.35394475180705,7,12.7877611887645,0.9428149230162756,0.918843790972654
湖北,CEG2000_f4_r0034_c0100,12,73.83776089703058,49.92162726604701,23.916133630983566,0.47907359877368316,8,75.72312318451227,8,17.050348251686003,0.9428149230162756,0.918843790972654
湖北,CEG2000_f4_r0035_c0090,1,60.74297674313342,,,,6,63.53853396815967,4,,2.6970925095906906,0.9420729835145416
湖北,CEG2000_f4_r0035_c0090,2,48.94840085059515,60.74297674313342,-11.794575892538269,-0.19417184545325342,4,51.35394475180705,1,-12.787761188764504,2.6970925095906906,0.9420729835145416
湖北,CEG2000_f4_r0035_c0090,3,59.18026860327726,48.94840085059515,10.231867752682113,0.20903374931313423,5,57.44623935998336,6,8.525174125843,2.6970925095906906,0.9420729835145416
湖北,CEG2000_f4_r0035_c0090,4,46.00603994945075,59.18026860327726,-13.17422865382651,-0.22261184284481184,3,45.261650143630746,1,-12.787761188764504,2.6970925095906906,0.9420729835145416
湖北,CEG2000_f4_r0035_c0090,5,40.190840119242075,46.00603994945075,-5.815199830208677,-0.12640079077873562,2,39.16935553545444,3,-4.262587062921503,2.6970925095906906,0.9420729835145416
湖北,CEG2000_f4_r0035_c0090,6,29.760348533265088,40.190840119242075,-10.430491585976988,-0.25952409939754423,0,26.98476631910183,2,-8.525174125843003,2.6970925095906906,0.9420729835145416
湖北,CEG2000_f4_r0035_c0090,7,25.595847891400847,29.760348533265088,-4.16450064186424,-0.13993453864323213,0,26.98476631910183,3,-4.262587062921503,2.6970925095906906,0.9420729835145416
湖北,CEG2000_f4_r0035_c0090,8,26.8803557868511,25.595847891400847,1.284507895450254,0.050184229133577396,0,26.98476631910183,4,-1.7763568394002505e-15,2.6970925095906906,0.9420729835145416
湖北,CEG2000_f4_r0035_c0090,9,26.738465942904995,26.8803557868511,-0.1418898439461067,-0.005278570159979582,0,26.98476631910183,4,-1.7763568394002505e-15,2.6970925095906906,0.9420729835145416
湖北,CEG2000_f4_r0035_c0090,10,28.665976958298703,26.738465942904995,1.9275110153937085,0.07208756925358203,0,26.98476631910183,4,-1.7763568394002505e-15,2.6970925095906906,0.9420729835145416
湖北,CEG2000_f4_r0035_c0090,11,37.770403681009384,28.665976958298703,9.10442672271068,0.3176039224462915,2,39.16935553545444,6,8.525174125843,2.6970925095906906,0.9420729835145416
湖北,CEG2000_f4_r0035_c0090,12,54.937216762739105,37.770403681009384,17.16681308172972,0.45450435814010215,5,57.44623935998336,8,17.050348251686003,2.6970925095906906,0.9420729835145416
湖北,CEG2000_f4_r0035_c0091,1,60.142042022207605,,,,5,57.44623935998336,4,,2.6268160618831984,0.9177990010736172
湖北,CEG2000_f4_r0035_c0091,2,48.751150589856714,60.142042022207605,-11.390891432350891,-0.1893998116682632,4,51.35394475180705,1,-12.787761188764504,2.6268160618831984,0.9177990010736172
湖北,CEG2000_f4_r0035_c0091,3,59.39971392483336,48.751150589856714,10.648563334976643,0.2184269131320197,5,57.44623935998336,6,8.525174125843,2.6268160618831984,0.9177990010736172
湖北,CEG2000_f4_r0035_c0091,4,46.316253618293565,59.39971392483336,-13.083460306539791,-0.220261335317138,3,45.261650143630746,1,-12.787761188764504,2.6268160618831984,0.9177990010736172
湖北,CEG2000_f4_r0035_c0091,5,40.7654011061625,46.316253618293565,-5.5508525121310655,-0.11984675094573369,2,39.16935553545444,3,-4.262587062921503,2.6268160618831984,0.9177990010736172
湖北,CEG2000_f4_r0035_c0091,6,30.139530693160022,40.7654011061625,-10.625870413002477,-0.26065904234157444,1,33.07706092727814,2,-8.525174125843003,2.6268160618831984,0.9177990010736172
湖北,CEG2000_f4_r0035_c0091,7,25.89845851418976,30.139530693160022,-4.2410721789702635,-0.1407146057497421,0,26.98476631910183,3,-4.262587062921503,2.6268160618831984,0.9177990010736172
湖北,CEG2000_f4_r0035_c0091,8,28.095555365306403,25.89845851418976,2.197096851116644,0.08483504336417765,0,26.98476631910183,5,4.262587062921499,2.6268160618831984,0.9177990010736172
湖北,CEG2000_f4_r0035_c0091,9,26.9515073671683,28.095555365306403,-1.1440479981381024,-0.040719892640058715,0,26.98476631910183,4,-1.7763568394002505e-15,2.6268160618831984,0.9177990010736172
湖北,CEG2000_f4_r0035_c0091,10,29.305149370406973,26.9515073671683,2.3536420032386722,0.087328770564641,0,26.98476631910183,5,4.262587062921499,2.6268160618831984,0.9177990010736172
湖北,CEG2000_f4_r0035_c0091,11,36.458833190785,29.305149370406973,7.153683820378028,0.24411012992829123,2,39.16935553545444,6,8.525174125843,2.6268160618831984,0.9177990010736172
湖北,CEG2000_f4_r0035_c0091,12,52.203941734893995,36.458833190785,15.745108544108994,0.4318599133909909,4,51.35394475180705,8,17.050348251686003,2.6268160618831984,0.9177990010736172
湖北,CEG2000_f4_r0035_c0092,1,62.83825311143003,,,,6,63.53853396815967,4,,2.5541681701571988,0.6685508421468821
湖北,CEG2000_f4_r0035_c0092,2,50.96199272208387,62.83825311143003,-11.876260389346157,-0.1889973034146284,4,51.35394475180705,1,-12.787761188764504,2.5541681701571988,0.6685508421468821
湖北,CEG2000_f4_r0035_c0092,3,61.70178625150888,50.96199272208387,10.739793529425008,0.21074123980970283,6,63.53853396815967,7,12.7877611887645,2.5541681701571988,0.6685508421468821
湖北,CEG2000_f4_r0035_c0092,4,47.303726144859766,61.70178625150888,-14.398060106649112,-0.2333491618534304,3,45.261650143630746,1,-12.787761188764504,2.5541681701571988,0.6685508421468821
湖北,CEG2000_f4_r0035_c0092,5,43.44055753425949,47.303726144859766,-3.863168610600276,-0.08166732148689443,3,45.261650143630746,3,-4.262587062921503,2.5541681701571988,0.6685508421468821
湖北,CEG2000_f4_r0035_c0092,6,32.23150432667953,43.44055753425949,-11.209053207579963,-0.25803198310104375,1,33.07706092727814,1,-12.787761188764504,2.5541681701571988,0.6685508421468821
湖北,CEG2000_f4_r0035_c0092,7,27.439371306089136,32.23150432667953,-4.792133020590391,-0.14867854047456663,0,26.98476631910183,3,-4.262587062921503,2.5541681701571988,0.6685508421468821
湖北,CEG2000_f4_r0035_c0092,8,29.45520663065159,27.439371306089136,2.0158353245624525,0.07346506966488382,0,26.98476631910183,4,-1.7763568394002505e-15,2.5541681701571988,0.6685508421468821
湖北,CEG2000_f4_r0035_c0092,9,29.54367434120036,29.45520663065159,0.08846771054877323,0.003003465963016271,0,26.98476631910183,4,-1.7763568394002505e-15,2.5541681701571988,0.6685508421468821
湖北,CEG2000_f4_r0035_c0092,10,31.841979551807903,29.54367434120036,2.2983052106075412,0.0777934790393496,1,33.07706092727814,5,4.262587062921499,2.5541681701571988,0.6685508421468821
湖北,CEG2000_f4_r0035_c0092,11,39.73882057231143,31.841979551807903,7.89684102050353,0.2480009450309181,2,39.16935553545444,6,8.525174125843,2.5541681701571988,0.6685508421468821
湖北,CEG2000_f4_r0035_c0092,12,56.656006305234754,39.73882057231143,16.917185732923322,0.4257093061466098,5,57.44623935998336,8,17.050348251686003,2.5541681701571988,0.6685508421468821
湖北,CEG2000_f4_r0035_c0093,1,67.30294919979417,,,,7,69.63082857633597,4,,2.4640235776185584,0.6463159225350202
湖北,CEG2000_f4_r0035_c0093,2,54.421348375259264,67.30294919979417,-12.881600824534907,-0.19139727125916647,5,57.44623935998336,1,-12.787761188764504,2.4640235776185584,0.6463159225350202
湖北,CEG2000_f4_r0035_c0093,3,64.39647540504762,54.421348375259264,9.97512702978836,0.18329437486564001,6,63.53853396815967,6,8.525174125843,2.4640235776185584,0.6463159225350202
湖北,CEG2000_f4_r0035_c0093,4,49.02783999362905,64.39647540504762,-15.368635411418573,-0.2386564686149566,4,51.35394475180705,0,-17.050348251686003,2.4640235776185584,0.6463159225350202
湖北,CEG2000_f4_r0035_c0093,5,47.96703915946593,49.02783999362905,-1.0608008341631177,-0.02163670343831105,3,45.261650143630746,4,-1.7763568394002505e-15,2.4640235776185584,0.6463159225350202
湖北,CEG2000_f4_r0035_c0093,6,35.49889584342481,47.96703915946593,-12.468143316041122,-0.2599314765831367,1,33.07706092727814,1,-12.787761188764504,2.4640235776185584,0.6463159225350202
湖北,CEG2000_f4_r0035_c0093,7,31.00828027699832,35.49889584342481,-4.4906155664264915,-0.12650014767313542,1,33.07706092727814,3,-4.262587062921503,2.4640235776185584,0.6463159225350202
湖北,CEG2000_f4_r0035_c0093,8,32.1365049519048,31.00828027699832,1.1282246749064768,0.03638462581052534,1,33.07706092727814,4,-1.7763568394002505e-15,2.4640235776185584,0.6463159225350202
湖北,CEG2000_f4_r0035_c0093,9,33.27667950724629,32.1365049519048,1.1401745553414955,0.035479108790699876,1,33.07706092727814,4,-1.7763568394002505e-15,2.4640235776185584,0.6463159225350202
湖北,CEG2000_f4_r0035_c0093,10,36.9577750010732,33.27667950724629,3.681095493826909,0.11062087769380109,2,39.16935553545444,5,4.262587062921499,2.4640235776185584,0.6463159225350202
湖北,CEG2000_f4_r0035_c0093,11,46.0544818792597,36.9577750010732,9.096706878186495,0.2461378391400007,3,45.261650143630746,6,8.525174125843,2.4640235776185584,0.6463159225350202
湖北,CEG2000_f4_r0035_c0093,12,63.48108940417094,46.0544818792597,17.42660752491124,0.37839113184680484,6,63.53853396815967,8,17.050348251686003,2.4640235776185584,0.6463159225350202
湖北,CEG2000_f4_r0035_c0094,1,73.91326022241127,,,,8,75.72312318451227,4,,2.355046956243275,0.6339385108516367
湖北,CEG2000_f4_r0035_c0094,2,60.03527352556499,73.91326022241127,-13.877986696846278,-0.18776044589409585,5,57.44623935998336,1,-12.787761188764504,2.355046956243275,0.6339385108516367
湖北,CEG2000_f4_r0035_c0094,3,68.52931429994324,60.03527352556499,8.494040774378249,0.14148416881554154,7,69.63082857633597,6,8.525174125843,2.355046956243275,0.6339385108516367
湖北,CEG2000_f4_r0035_c0094,4,53.38289326670471,68.52931429994324,-15.146421033238525,-0.22102105045068385,4,51.35394475180705,0,-17.050348251686003,2.355046956243275,0.6339385108516367
湖北,CEG2000_f4_r0035_c0094,5,53.784178386424216,53.38289326670471,0.4012851197195033,0.007517110728986802,4,51.35394475180705,4,-1.7763568394002505e-15,2.355046956243275,0.6339385108516367
湖北,CEG2000_f4_r0035_c0094,6,40.63327103172708,53.784178386424216,-13.15090735469714,-0.2445125639033019,2,39.16935553545444,1,-12.787761188764504,2.355046956243275,0.6339385108516367
湖北,CEG2000_f4_r0035_c0094,7,36.4928786295954,40.63327103172708,-4.140392402131674,-0.10189660583561665,2,39.16935553545444,3,-4.262587062921503,2.355046956243275,0.6339385108516367
湖北,CEG2000_f4_r0035_c0094,8,37.622271483984576,36.4928786295954,1.1293928543891738,0.03094830818507275,2,39.16935553545444,4,-1.7763568394002505e-15,2.355046956243275,0.6339385108516367
湖北,CEG2000_f4_r0035_c0094,9,38.93699526883306,37.622271483984576,1.314723784848482,0.03494535903841284,2,39.16935553545444,4,-1.7763568394002505e-15,2.355046956243275,0.6339385108516367
湖北,CEG2000_f4_r0035_c0094,10,44.67301708734327,38.93699526883306,5.73602181851021,0.1473154715433726,3,45.261650143630746,5,4.262587062921499,2.355046956243275,0.6339385108516367
湖北,CEG2000_f4_r0035_c0094,11,55.398989620304064,44.67301708734327,10.725972532960796,0.24009957760385234,5,57.44623935998336,7,12.7877611887645,2.355046956243275,0.6339385108516367
湖北,CEG2000_f4_r0035_c0094,12,74.43308677236907,55.398989620304064,19.034097152065,0.3435820270824739,8,75.72312318451227,8,17.050348251686003,2.355046956243275,0.6339385108516367
湖北,CEG2000_f4_r0035_c0095,1,78.11579587332184,,,,8,75.72312318451227,4,,2.236257912470275,0.5930516610409248
湖北,CEG2000_f4_r0035_c0095,2,64.53677747311787,78.11579587332184,-13.579018400203978,-0.1738319151509982,6,63.53853396815967,1,-12.787761188764504,2.236257912470275,0.5930516610409248
湖北,CEG2000_f4_r0035_c0095,3,72.64954909666716,64.53677747311787,8.112771623549293,0.12570772730213536,7,69.63082857633597,6,8.525174125843,2.236257912470275,0.5930516610409248
湖北,CEG2000_f4_r0035_c0095,4,58.74358109639943,72.64954909666716,-13.905968000267727,-0.19141162158851818,5,57.44623935998336,1,-12.787761188764504,2.236257912470275,0.5930516610409248
湖北,CEG2000_f4_r0035_c0095,5,59.465348157674306,58.74358109639943,0.7217670612748748,0.01228673921139469,5,57.44623935998336,4,-1.7763568394002505e-15,2.236257912470275,0.5930516610409248
湖北,CEG2000_f4_r0035_c0095,6,46.14280818582003,59.465348157674306,-13.322539971854276,-0.2240387113605915,3,45.261650143630746,1,-12.787761188764504,2.236257912470275,0.5930516610409248
湖北,CEG2000_f4_r0035_c0095,7,42.031043996142614,46.14280818582003,-4.111764189677416,-0.08910953518734879,2,39.16935553545444,3,-4.262587062921503,2.236257912470275,0.5930516610409248
湖北,CEG2000_f4_r0035_c0095,8,43.398806339389445,42.031043996142614,1.3677623432468309,0.032541717102538704,3,45.261650143630746,4,-1.7763568394002505e-15,2.236257912470275,0.5930516610409248
湖北,CEG2000_f4_r0035_c0095,9,44.22625426176708,43.398806339389445,0.8274479223776368,0.019066144720819935,3,45.261650143630746,4,-1.7763568394002505e-15,2.236257912470275,0.5930516610409248
湖北,CEG2000_f4_r0035_c0095,10,52.65142254165102,44.22625426176708,8.425168279883941,0.19050151138771365,4,51.35394475180705,6,8.525174125843,2.236257912470275,0.5930516610409248
湖北,CEG2000_f4_r0035_c0095,11,66.26598141391504,52.65142254165102,13.61455887226402,0.25857912692660745,6,63.53853396815967,7,12.7877611887645,2.236257912470275,0.5930516610409248
湖北,CEG2000_f4_r0035_c0095,12,89.18123183484438,66.26598141391504,22.91525042092934,0.3458071537157891,8,75.72312318451227,8,17.050348251686003,2.236257912470275,0.5930516610409248
湖北,CEG2000_f4_r0035_c0097,1,73.53493848024401,,,,8,75.72312318451227,4,,1.7995364320570688,0.9825572120508184
湖北,CEG2000_f4_r0035_c0097,2,62.052368821602585,73.53493848024401,-11.482569658641424,-0.15615121051235184,6,63.53853396815967,1,-12.787761188764504,1.7995364320570688,0.9825572120508184
湖北,CEG2000_f4_r0035_c0097,3,70.65364559167398,62.052368821602585,8.601276770071394,0.1386131896882072,7,69.63082857633597,6,8.525174125843,1.7995364320570688,0.9825572120508184
湖北,CEG2000_f4_r0035_c0097,4,56.99531205474546,70.65364559167398,-13.658333536928517,-0.19331392488738122,5,57.44623935998336,1,-12.787761188764504,1.7995364320570688,0.9825572120508184
湖北,CEG2000_f4_r0035_c0097,5,62.72737821663237,56.99531205474546,5.732066161886905,0.10057083565716964,6,63.53853396815967,5,4.262587062921499,1.7995364320570688,0.9825572120508184
湖北,CEG2000_f4_r0035_c0097,6,46.4430429277767,62.72737821663237,-16.284335288855665,-0.2596049086033349,3,45.261650143630746,0,-17.050348251686003,1.7995364320570688,0.9825572120508184
湖北,CEG2000_f4_r0035_c0097,7,40.51412748677388,46.4430429277767,-5.928915441002822,-0.12765992637956222,2,39.16935553545444,3,-4.262587062921503,1.7995364320570688,0.9825572120508184
湖北,CEG2000_f4_r0035_c0097,8,43.18364787544802,40.51412748677388,2.6695203886741368,0.06589109908748794,3,45.261650143630746,5,4.262587062921499,1.7995364320570688,0.9825572120508184
湖北,CEG2000_f4_r0035_c0097,9,44.5431637479307,43.18364787544802,1.3595158724826817,0.03148219150924561,3,45.261650143630746,4,-1.7763568394002505e-15,1.7995364320570688,0.9825572120508184
湖北,CEG2000_f4_r0035_c0097,10,51.553494638431445,44.5431637479307,7.010330890500747,0.15738286867480128,4,51.35394475180705,6,8.525174125843,1.7995364320570688,0.9825572120508184
湖北,CEG2000_f4_r0035_c0097,11,64.01531629599228,51.553494638431445,12.461821657560833,0.241726031279962,6,63.53853396815967,7,12.7877611887645,1.7995364320570688,0.9825572120508184
湖北,CEG2000_f4_r0035_c0097,12,87.8007610919194,64.01531629599228,23.78544479592712,0.3715586545874213,8,75.72312318451227,8,17.050348251686003,1.7995364320570688,0.9825572120508184
湖北,CEG2000_f4_r0035_c0098,1,68.7968250202113,,,,7,69.63082857633597,4,,1.5113838827640318,0.9499102581132342
湖北,CEG2000_f4_r0035_c0098,2,58.12533067522599,68.7968250202113,-10.671494344985312,-0.15511608772425492,5,57.44623935998336,1,-12.787761188764504,1.5113838827640318,0.9499102581132342
湖北,CEG2000_f4_r0035_c0098,3,66.27041019960083,58.12533067522599,8.145079524374843,0.14012960321697432,6,63.53853396815967,6,8.525174125843,1.5113838827640318,0.9499102581132342
湖北,CEG2000_f4_r0035_c0098,4,52.84105020392115,66.27041019960083,-13.429359995679683,-0.20264489015884454,4,51.35394475180705,1,-12.787761188764504,1.5113838827640318,0.9499102581132342
湖北,CEG2000_f4_r0035_c0098,5,56.51605043088838,52.84105020392115,3.675000226967228,0.06954820566178904,5,57.44623935998336,5,4.262587062921499,1.5113838827640318,0.9499102581132342
湖北,CEG2000_f4_r0035_c0098,6,41.64370585994424,56.51605043088838,-14.872344570944136,-0.26315258156850574,2,39.16935553545444,1,-12.787761188764504,1.5113838827640318,0.9499102581132342
湖北,CEG2000_f4_r0035_c0098,7,36.66435289340447,41.64370585994424,-4.979352966539771,-0.11957036156403297,2,39.16935553545444,3,-4.262587062921503,1.5113838827640318,0.9499102581132342
湖北,CEG2000_f4_r0035_c0098,8,39.30090789215705,36.66435289340447,2.6365549987525796,0.07191058318737893,2,39.16935553545444,5,4.262587062921499,1.5113838827640318,0.9499102581132342
湖北,CEG2000_f4_r0035_c0098,9,40.10753387440742,39.30090789215705,0.8066259822503739,0.020524360008775916,2,39.16935553545444,4,-1.7763568394002505e-15,1.5113838827640318,0.9499102581132342
湖北,CEG2000_f4_r0035_c0098,10,45.05982403115543,40.10753387440742,4.952290156748006,0.12347530945820774,3,45.261650143630746,5,4.262587062921499,1.5113838827640318,0.9499102581132342
湖北,CEG2000_f4_r0035_c0098,11,56.06050552987977,45.05982403115543,11.00068149872434,0.24413503015720187,5,57.44623935998336,7,12.7877611887645,1.5113838827640318,0.9499102581132342
湖北,CEG2000_f4_r0035_c0098,12,79.00552276147502,56.06050552987977,22.94501723159525,0.40929023052362157,8,75.72312318451227,8,17.050348251686003,1.5113838827640318,0.9499102581132342
湖北,CEG2000_f4_r0036_c0090,1,67.60648637105574,,,,7,69.63082857633597,4,,2.5337427044902294,0.8843209909942429
湖北,CEG2000_f4_r0036_c0090,2,54.259173752580885,67.60648637105574,-13.347312618474852,-0.19742650942127968,4,51.35394475180705,1,-12.787761188764504,2.5337427044902294,0.8843209909942429
湖北,CEG2000_f4_r0036_c0090,3,62.38796567955115,54.259173752580885,8.128791926970266,0.14981414873800233,6,63.53853396815967,6,8.525174125843,2.5337427044902294,0.8843209909942429
湖北,CEG2000_f4_r0036_c0090,4,47.94400269884595,62.38796567955115,-14.443962980705201,-0.23151841582549768,3,45.261650143630746,1,-12.787761188764504,2.5337427044902294,0.8843209909942429
湖北,CEG2000_f4_r0036_c0090,5,42.80516731758443,47.94400269884595,-5.138835381261522,-0.10718411254772472,3,45.261650143630746,3,-4.262587062921503,2.5337427044902294,0.8843209909942429
湖北,CEG2000_f4_r0036_c0090,6,31.632882613417337,42.80516731758443,-11.17228470416709,-0.26100317798728706,1,33.07706092727814,1,-12.787761188764504,2.5337427044902294,0.8843209909942429
湖北,CEG2000_f4_r0036_c0090,7,25.865625530294512,31.632882613417337,-5.767257083122825,-0.1823184169967677,0,26.98476631910183,3,-4.262587062921503,2.5337427044902294,0.8843209909942429
湖北,CEG2000_f4_r0036_c0090,8,27.43442825917536,25.865625530294512,1.568802728880847,0.060652031285438016,0,26.98476631910183,4,-1.7763568394002505e-15,2.5337427044902294,0.8843209909942429
湖北,CEG2000_f4_r0036_c0090,9,27.919561453450832,27.43442825917536,0.4851331942754733,0.01768337177259096,0,26.98476631910183,4,-1.7763568394002505e-15,2.5337427044902294,0.8843209909942429
湖北,CEG2000_f4_r0036_c0090,10,31.19724401459811,27.919561453450832,3.2776825611472766,0.11739735119450302,1,33.07706092727814,5,4.262587062921499,2.5337427044902294,0.8843209909942429
湖北,CEG2000_f4_r0036_c0090,11,38.952895943785435,31.19724401459811,7.7556519291873265,0.24860054707262694,2,39.16935553545444,6,8.525174125843,2.5337427044902294,0.8843209909942429
湖北,CEG2000_f4_r0036_c0090,12,59.6323079548492,38.952895943785435,20.679412011063768,0.5308825315814028,5,57.44623935998336,8,17.050348251686003,2.5337427044902294,0.8843209909942429
湖北,CEG2000_f4_r0036_c0091,1,67.76098368518626,,,,7,69.63082857633597,4,,2.5000860242928917,0.8324099799044072
湖北,CEG2000_f4_r0036_c0091,2,53.86390604815821,67.76098368518626,-13.897077637028048,-0.20508966784769672,4,51.35394475180705,1,-12.787761188764504,2.5000860242928917,0.8324099799044072
湖北,CEG2000_f4_r0036_c0091,3,63.480695090330705,53.86390604815821,9.616789042172492,0.1785386494914496,6,63.53853396815967,6,8.525174125843,2.5000860242928917,0.8324099799044072
湖北,CEG2000_f4_r0036_c0091,4,49.530461948827515,63.480695090330705,-13.95023314150319,-0.2197555197159155,4,51.35394475180705,1,-12.787761188764504,2.5000860242928917,0.8324099799044072
湖北,CEG2000_f4_r0036_c0091,5,43.77842256183422,49.530461948827515,-5.752039386993296,-0.11613134949025966,3,45.261650143630746,3,-4.262587062921503,2.5000860242928917,0.8324099799044072
湖北,CEG2000_f4_r0036_c0091,6,32.78179072518523,43.77842256183422,-10.996631836648987,-0.251188398145615,1,33.07706092727814,1,-12.787761188764504,2.5000860242928917,0.8324099799044072
湖北,CEG2000_f4_r0036_c0091,7,27.65098195929919,32.78179072518523,-5.130808765886041,-0.15651398695386703,0,26.98476631910183,3,-4.262587062921503,2.5000860242928917,0.8324099799044072
湖北,CEG2000_f4_r0036_c0091,8,29.155667250468387,27.65098195929919,1.5046852911691957,0.0544170653101584,0,26.98476631910183,4,-1.7763568394002505e-15,2.5000860242928917,0.8324099799044072
湖北,CEG2000_f4_r0036_c0091,9,28.921749933934088,29.155667250468387,-0.23391731653429915,-0.00802304795581522,0,26.98476631910183,4,-1.7763568394002505e-15,2.5000860242928917,0.8324099799044072
湖北,CEG2000_f4_r0036_c0091,10,32.97931190344601,28.921749933934088,4.057561969511923,0.14029448352124632,1,33.07706092727814,5,4.262587062921499,2.5000860242928917,0.8324099799044072
湖北,CEG2000_f4_r0036_c0091,11,41.46332683251482,32.97931190344601,8.484014929068806,0.2572526362559526,2,39.16935553545444,6,8.525174125843,2.5000860242928917,0.8324099799044072
湖北,CEG2000_f4_r0036_c0091,12,61.18931500516117,41.46332683251482,19.725988172646353,0.47574542805806835,6,63.53853396815967,8,17.050348251686003,2.5000860242928917,0.8324099799044072
湖北,CEG2000_f4_r0036_c0092,1,66.56323692661849,,,,6,63.53853396815967,4,,2.427039449068498,0.8555833730510681
湖北,CEG2000_f4_r0036_c0092,2,54.211594276572114,66.56323692661849,-12.351642650046372,-0.18556253001432654,4,51.35394475180705,1,-12.787761188764504,2.427039449068498,0.8555833730510681
湖北,CEG2000_f4_r0036_c0092,3,65.30641939197766,54.211594276572114,11.094825115405541,0.20465779070807075,6,63.53853396815967,7,12.7877611887645,2.427039449068498,0.8555833730510681
湖北,CEG2000_f4_r0036_c0092,4,50.460473436598285,65.30641939197766,-14.84594595537937,-0.2273275137972588,4,51.35394475180705,1,-12.787761188764504,2.427039449068498,0.8555833730510681
湖北,CEG2000_f4_r0036_c0092,5,45.85840023815366,50.460473436598285,-4.6020731984446215,-0.0912015461810313,3,45.261650143630746,3,-4.262587062921503,2.427039449068498,0.8555833730510681
湖北,CEG2000_f4_r0036_c0092,6,34.65037640112569,45.85840023815366,-11.208023837027973,-0.24440503329427146,1,33.07706092727814,1,-12.787761188764504,2.427039449068498,0.8555833730510681
湖北,CEG2000_f4_r0036_c0092,7,29.601321780373603,34.65037640112569,-5.049054620752088,-0.14571427918422436,0,26.98476631910183,3,-4.262587062921503,2.427039449068498,0.8555833730510681
湖北,CEG2000_f4_r0036_c0092,8,31.13274461231224,29.601321780373603,1.531422831938638,0.05173494762500804,1,33.07706092727814,4,-1.7763568394002505e-15,2.427039449068498,0.8555833730510681
湖北,CEG2000_f4_r0036_c0092,9,30.83650108699106,31.13274461231224,-0.2962435253211808,-0.009515496594027362,1,33.07706092727814,4,-1.7763568394002505e-15,2.427039449068498,0.8555833730510681
湖北,CEG2000_f4_r0036_c0092,10,35.760659548213425,30.83650108699106,4.9241584612223654,0.15968603076370785,1,33.07706092727814,5,4.262587062921499,2.427039449068498,0.8555833730510681
湖北,CEG2000_f4_r0036_c0092,11,43.675988945440096,35.760659548213425,7.915329397226671,0.22134181799849142,3,45.261650143630746,6,8.525174125843,2.427039449068498,0.8555833730510681
湖北,CEG2000_f4_r0036_c0092,12,62.95869061176387,43.675988945440096,19.282701666323774,0.44149433434493407,6,63.53853396815967,8,17.050348251686003,2.427039449068498,0.8555833730510681
湖北,CEG2000_f4_r0036_c0093,1,70.62685121678679,,,,7,69.63082857633597,4,,2.3326022168121474,0.8718111690958225
湖北,CEG2000_f4_r0036_c0093,2,57.09890786394893,70.62685121678679,-13.527943352837859,-0.1915410799118636,5,57.44623935998336,1,-12.787761188764504,2.3326022168121474,0.8718111690958225
湖北,CEG2000_f4_r0036_c0093,3,68.4984453980974,57.09890786394893,11.399537534148472,0.1996454566400893,7,69.63082857633597,7,12.7877611887645,2.3326022168121474,0.8718111690958225
湖北,CEG2000_f4_r0036_c0093,4,52.229057914059446,68.4984453980974,-16.269387484037956,-0.2375146967129542,4,51.35394475180705,0,-17.050348251686003,2.3326022168121474,0.8718111690958225
湖北,CEG2000_f4_r0036_c0093,5,49.57176790069525,52.229057914059446,-2.6572900133641966,-0.05087761716354615,4,51.35394475180705,3,-4.262587062921503,2.3326022168121474,0.8718111690958225
湖北,CEG2000_f4_r0036_c0093,6,37.55965925602763,49.57176790069525,-12.01210864466762,-0.24231753583472962,2,39.16935553545444,1,-12.787761188764504,2.3326022168121474,0.8718111690958225
湖北,CEG2000_f4_r0036_c0093,7,33.56977815061812,37.55965925602763,-3.989881105409509,-0.10622783018909329,1,33.07706092727814,3,-4.262587062921503,2.3326022168121474,0.8718111690958225
湖北,CEG2000_f4_r0036_c0093,8,34.040665289744176,33.56977815061812,0.47088713912605584,0.014027115014383418,1,33.07706092727814,4,-1.7763568394002505e-15,2.3326022168121474,0.8718111690958225
湖北,CEG2000_f4_r0036_c0093,9,35.70055875037519,34.040665289744176,1.659893460631011,0.048762074609955,1,33.07706092727814,4,-1.7763568394002505e-15,2.3326022168121474,0.8718111690958225
湖北,CEG2000_f4_r0036_c0093,10,41.458104295719075,35.70055875037519,5.757545545343888,0.16127326145234017,2,39.16935553545444,5,4.262587062921499,2.3326022168121474,0.8718111690958225
湖北,CEG2000_f4_r0036_c0093,11,49.82570479888345,41.458104295719075,8.367600503164375,0.20183268495536122,4,51.35394475180705,6,8.525174125843,2.3326022168121474,0.8718111690958225
湖北,CEG2000_f4_r0036_c0093,12,68.17196246954794,49.82570479888345,18.346257670664485,0.36820869357929503,7,69.63082857633597,8,17.050348251686003,2.3326022168121474,0.8718111690958225
湖北,CEG2000_f4_r0036_c0094,1,71.90853921955919,,,,7,69.63082857633597,4,,2.2778435812171676,0.8107045911703304
湖北,CEG2000_f4_r0036_c0094,2,59.551717728986176,71.90853921955919,-12.356821490573012,-0.17184080812494026,5,57.44623935998336,1,-12.787761188764504,2.2778435812171676,0.8107045911703304
湖北,CEG2000_f4_r0036_c0094,3,70.88722266853033,59.551717728986176,11.335504939544151,0.19034723718853727,7,69.63082857633597,7,12.7877611887645,2.2778435812171676,0.8107045911703304
湖北,CEG2000_f4_r0036_c0094,4,52.64252372196883,70.88722266853033,-18.2446989465615,-0.25737641086425367,4,51.35394475180705,0,-17.050348251686003,2.2778435812171676,0.8107045911703304
湖北,CEG2000_f4_r0036_c0094,5,50.629902582865704,52.64252372196883,-2.012621139103125,-0.03823185130205328,4,51.35394475180705,4,-1.7763568394002505e-15,2.2778435812171676,0.8107045911703304
湖北,CEG2000_f4_r0036_c0094,6,38.73178043864024,50.629902582865704,-11.89812214422546,-0.23500187709727202,2,39.16935553545444,1,-12.787761188764504,2.2778435812171676,0.8107045911703304
湖北,CEG2000_f4_r0036_c0094,7,35.46255668582769,38.73178043864024,-3.2692237528125503,-0.0844067511430756,1,33.07706092727814,3,-4.262587062921503,2.2778435812171676,0.8107045911703304
湖北,CEG2000_f4_r0036_c0094,8,35.87690621030714,35.46255668582769,0.41434952447944795,0.011684141336742344,1,33.07706092727814,4,-1.7763568394002505e-15,2.2778435812171676,0.8107045911703304
湖北,CEG2000_f4_r0036_c0094,9,38.086593869597074,35.87690621030714,2.2096876592899335,0.06159080848100298,2,39.16935553545444,5,4.262587062921499,2.2778435812171676,0.8107045911703304
湖北,CEG2000_f4_r0036_c0094,10,44.05599269592161,38.086593869597074,5.969398826324536,0.15673228345813447,3,45.261650143630746,5,4.262587062921499,2.2778435812171676,0.8107045911703304
湖北,CEG2000_f4_r0036_c0094,11,51.03229493231607,44.05599269592161,6.97630223639446,0.15835081244328145,4,51.35394475180705,6,8.525174125843,2.2778435812171676,0.8107045911703304
湖北,CEG2000_f4_r0036_c0094,12,68.66114375362648,51.03229493231607,17.628848821310406,0.3454449548994706,7,69.63082857633597,8,17.050348251686003,2.2778435812171676,0.8107045911703304
湖北,CEG2000_f4_r0037_c0090,1,64.24996648571005,,,,6,63.53853396815967,4,,2.5051478537262635,0.9549783855346446
湖北,CEG2000_f4_r0037_c0090,2,53.04596431638114,64.24996648571005,-11.20400216932891,-0.1743814476824795,4,51.35394475180705,1,-12.787761188764504,2.5051478537262635,0.9549783855346446
湖北,CEG2000_f4_r0037_c0090,3,58.331372896876445,53.04596431638114,5.285408580495307,0.09963827877596183,5,57.44623935998336,5,4.262587062921499,2.5051478537262635,0.9549783855346446
湖北,CEG2000_f4_r0037_c0090,4,46.076170451064485,58.331372896876445,-12.25520244581196,-0.2100962455911647,3,45.261650143630746,1,-12.787761188764504,2.5051478537262635,0.9549783855346446
湖北,CEG2000_f4_r0037_c0090,5,38.8606245764872,46.076170451064485,-7.215545874577288,-0.1566003815842423,2,39.16935553545444,2,-8.525174125843003,2.5051478537262635,0.9549783855346446
湖北,CEG2000_f4_r0037_c0090,6,30.265185580068476,38.8606245764872,-8.595438996418721,-0.22118633166846813,1,33.07706092727814,2,-8.525174125843003,2.5051478537262635,0.9549783855346446
湖北,CEG2000_f4_r0037_c0090,7,25.344923445320873,30.265185580068476,-4.9202621347476025,-0.1625716822958424,0,26.98476631910183,3,-4.262587062921503,2.5051478537262635,0.9549783855346446
湖北,CEG2000_f4_r0037_c0090,8,25.50190761620567,25.344923445320873,0.15698417088479744,0.0061939098464225,0,26.98476631910183,4,-1.7763568394002505e-15,2.5051478537262635,0.9549783855346446
湖北,CEG2000_f4_r0037_c0090,9,26.107809020515635,25.50190761620567,0.6059014043099644,0.023759062005421622,0,26.98476631910183,4,-1.7763568394002505e-15,2.5051478537262635,0.9549783855346446
湖北,CEG2000_f4_r0037_c0090,10,29.809756536679224,26.107809020515635,3.701947516163589,0.1417946451674509,0,26.98476631910183,5,4.262587062921499,2.5051478537262635,0.9549783855346446
湖北,CEG2000_f4_r0037_c0090,11,37.47033290414005,29.809756536679224,7.660576367460827,0.2569821849445473,2,39.16935553545444,6,8.525174125843,2.5051478537262635,0.9549783855346446
湖北,CEG2000_f4_r0037_c0090,12,54.13899838643866,37.47033290414005,16.668665482298607,0.4448496768080997,4,51.35394475180705,8,17.050348251686003,2.5051478537262635,0.9549783855346446
湖北,CEG2000_f4_r0037_c0091,1,64.30164090595912,,,,6,63.53853396815967,4,,2.4386528019303055,0.9751628282884116
湖北,CEG2000_f4_r0037_c0091,2,53.01278163783808,64.30164090595912,-11.288859268121037,-0.1755609827225241,4,51.35394475180705,1,-12.787761188764504,2.4386528019303055,0.9751628282884116
湖北,CEG2000_f4_r0037_c0091,3,61.509140003881015,53.01278163783808,8.496358366042934,0.16026999722607696,6,63.53853396815967,6,8.525174125843,2.4386528019303055,0.9751628282884116
湖北,CEG2000_f4_r0037_c0091,4,48.196813569174225,61.509140003881015,-13.31232643470679,-0.21642842728522668,3,45.261650143630746,1,-12.787761188764504,2.4386528019303055,0.9751628282884116
湖北,CEG2000_f4_r0037_c0091,5,42.3309464252401,48.196813569174225,-5.865867143934125,-0.12170653430262915,3,45.261650143630746,3,-4.262587062921503,2.4386528019303055,0.9751628282884116
湖北,CEG2000_f4_r0037_c0091,6,31.546198684565866,42.3309464252401,-10.784747740674234,-0.25477218563305637,1,33.07706092727814,1,-12.787761188764504,2.4386528019303055,0.9751628282884116
湖北,CEG2000_f4_r0037_c0091,7,26.42064597290047,31.546198684565866,-5.125552711665396,-0.1624776653097382,0,26.98476631910183,3,-4.262587062921503,2.4386528019303055,0.9751628282884116
湖北,CEG2000_f4_r0037_c0091,8,27.070036689549102,26.42064597290047,0.6493907166486323,0.024578911405675294,0,26.98476631910183,4,-1.7763568394002505e-15,2.4386528019303055,0.9751628282884116
湖北,CEG2000_f4_r0037_c0091,9,28.42950961950721,27.070036689549102,1.359472929958109,0.05022057951192061,0,26.98476631910183,4,-1.7763568394002505e-15,2.4386528019303055,0.9751628282884116
湖北,CEG2000_f4_r0037_c0091,10,31.255984888271428,28.42950961950721,2.8264752687642165,0.09942047212888963,1,33.07706092727814,5,4.262587062921499,2.4386528019303055,0.9751628282884116
湖北,CEG2000_f4_r0037_c0091,11,37.87858037308329,31.255984888271428,6.6225954848118604,0.2118824765396191,2,39.16935553545444,6,8.525174125843,2.4386528019303055,0.9751628282884116
湖北,CEG2000_f4_r0037_c0091,12,57.769028155864,37.87858037308329,19.89044778278071,0.5251106981008973,5,57.44623935998336,8,17.050348251686003,2.4386528019303055,0.9751628282884116
湖北,CEG2000_f4_r0037_c0092,1,63.69789537087037,,,,6,63.53853396815967,4,,2.36381745496134,0.9700038879610242
湖北,CEG2000_f4_r0037_c0092,2,51.01876916724997,63.69789537087037,-12.679126203620399,-0.1990509439879968,4,51.35394475180705,1,-12.787761188764504,2.36381745496134,0.9700038879610242
湖北,CEG2000_f4_r0037_c0092,3,60.88938529724924,51.01876916724997,9.87061612999927,0.1934702912499,6,63.53853396815967,6,8.525174125843,2.36381745496134,0.9700038879610242
湖北,CEG2000_f4_r0037_c0092,4,47.2152619348691,60.88938529724924,-13.674123362380143,-0.2245731878491782,3,45.261650143630746,1,-12.787761188764504,2.36381745496134,0.9700038879610242
湖北,CEG2000_f4_r0037_c0092,5,41.504383292135984,47.2152619348691,-5.710878642733114,-0.12095408155547167,2,39.16935553545444,3,-4.262587062921503,2.36381745496134,0.9700038879610242
湖北,CEG2000_f4_r0037_c0092,6,31.1679903050381,41.504383292135984,-10.336392987097884,-0.24904340619503593,1,33.07706092727814,2,-8.525174125843003,2.36381745496134,0.9700038879610242
湖北,CEG2000_f4_r0037_c0092,7,25.966306845430186,31.1679903050381,-5.201683459607914,-0.1668918466894895,0,26.98476631910183,3,-4.262587062921503,2.36381745496134,0.9700038879610242
湖北,CEG2000_f4_r0037_c0092,8,27.642421687922457,25.966306845430186,1.6761148424922716,0.06454960470388385,0,26.98476631910183,4,-1.7763568394002505e-15,2.36381745496134,0.9700038879610242
湖北,CEG2000_f4_r0037_c0092,9,27.90406550571939,27.642421687922457,0.2616438177969336,0.009465300137261531,0,26.98476631910183,4,-1.7763568394002505e-15,2.36381745496134,0.9700038879610242
湖北,CEG2000_f4_r0037_c0092,10,31.673252370537615,27.90406550571939,3.7691868648182236,0.13507662043173127,1,33.07706092727814,5,4.262587062921499,2.36381745496134,0.9700038879610242
湖北,CEG2000_f4_r0037_c0092,11,38.187729337328136,31.673252370537615,6.514476966790522,0.20567755058998213,2,39.16935553545444,6,8.525174125843,2.36381745496134,0.9700038879610242
湖北,CEG2000_f4_r0037_c0092,12,54.617590458914165,38.187729337328136,16.42986112158603,0.43023927860319255,5,57.44623935998336,8,17.050348251686003,2.36381745496134,0.9700038879610242
