dataset,cell_id,month,value,previous_value,delta,relative_delta,value_bin,value_reconstructed,delta_bin,delta_reconstructed,theta,rho
浙江,CEG2000_f4_r0022_c0115,1,34.49906046290326,,,,3,32.92959099270833,4,,-1.7175235985550037,0.9431637083166222
浙江,CEG2000_f4_r0022_c0115,2,33.45163186006287,34.49906046290326,-1.047428602840391,-0.03036107617964518,3,32.92959099270833,4,0.0,-1.7175235985550037,0.9431637083166222
浙江,CEG2000_f4_r0022_c0115,3,33.37551795372181,33.45163186006287,-0.07611390634105675,-0.0022753421016786742,3,32.92959099270833,4,0.0,-1.7175235985550037,0.9431637083166222
浙江,CEG2000_f4_r0022_c0115,4,29.868027790333706,33.37551795372181,-3.5074901633881055,-0.10509170728830514,2,29.178044233266007,3,-2.9047721073376245,-1.7175235985550037,0.9431637083166222
浙江,CEG2000_f4_r0022_c0115,5,30.818856841744,29.868027790333706,0.9508290514102953,0.031834343334782064,2,29.178044233266007,4,0.0,-1.7175235985550037,0.9431637083166222
浙江,CEG2000_f4_r0022_c0115,6,18.56515249875264,30.818856841744,-12.253704342991362,-0.39760411639907994,0,21.674950714381367,0,-11.619088429350501,-1.7175235985550037,0.9431637083166222
浙江,CEG2000_f4_r0022_c0115,7,19.373849873125284,18.56515249875264,0.8086973743726453,0.043559963993130696,0,21.674950714381367,4,0.0,-1.7175235985550037,0.9431637083166222
浙江,CEG2000_f4_r0022_c0115,8,17.41675893882054,19.373849873125284,-1.9570909343047447,-0.10101714151401327,0,21.674950714381367,3,-2.9047721073376245,-1.7175235985550037,0.9431637083166222
浙江,CEG2000_f4_r0022_c0115,9,22.008421176471376,17.41675893882054,4.591662237650837,0.2636347126224728,0,21.674950714381367,6,5.8095442146752525,-1.7175235985550037,0.9431637083166222
浙江,CEG2000_f4_r0022_c0115,10,24.530752467667117,22.008421176471376,2.5223312911957407,0.11460755276222624,1,25.426497473823687,5,2.9047721073376263,-1.7175235985550037,0.9431637083166222
浙江,CEG2000_f4_r0022_c0115,11,24.858036356822495,24.530752467667117,0.3272838891553782,0.013341779449560562,1,25.426497473823687,4,0.0,-1.7175235985550037,0.9431637083166222
浙江,CEG2000_f4_r0022_c0115,12,26.61546576816865,24.858036356822495,1.7574294113461555,0.07069864192486042,1,25.426497473823687,5,2.9047721073376263,-1.7175235985550037,0.9431637083166222
浙江,CEG2000_f4_r0022_c0116,1,35.65066536744061,,,,4,36.68113775215064,4,,-1.5240425645133664,0.9990473059401506
浙江,CEG2000_f4_r0022_c0116,2,33.66035030211779,35.65066536744061,-1.990315065322818,-0.05582827262294388,3,32.92959099270833,3,-2.9047721073376245,-1.5240425645133664,0.9990473059401506
浙江,CEG2000_f4_r0022_c0116,3,36.03304304870627,33.66035030211779,2.372692746588477,0.07048924700106866,4,36.68113775215064,5,2.9047721073376263,-1.5240425645133664,0.9990473059401506
浙江,CEG2000_f4_r0022_c0116,4,33.62480660771014,36.03304304870627,-2.408236440996127,-0.06683411217145571,3,32.92959099270833,3,-2.9047721073376245,-1.5240425645133664,0.9990473059401506
浙江,CEG2000_f4_r0022_c0116,5,32.076243191262904,33.62480660771014,-1.5485634164472373,-0.04605419547876754,3,32.92959099270833,3,-2.9047721073376245,-1.5240425645133664,0.9990473059401506
浙江,CEG2000_f4_r0022_c0116,6,20.55621794905168,32.076243191262904,-11.520025242211226,-0.35914508982613996,0,21.674950714381367,0,-11.619088429350501,-1.5240425645133664,0.9990473059401506
浙江,CEG2000_f4_r0022_c0116,7,21.232340080243716,20.55621794905168,0.676122131192038,0.03289136809445191,0,21.674950714381367,4,0.0,-1.5240425645133664,0.9990473059401506
浙江,CEG2000_f4_r0022_c0116,8,18.587557550323464,21.232340080243716,-2.6447825299202528,-0.1245638737852156,0,21.674950714381367,3,-2.9047721073376245,-1.5240425645133664,0.9990473059401506
浙江,CEG2000_f4_r0022_c0116,9,23.956240469001276,18.587557550323464,5.368682918677813,0.2888320805002369,1,25.426497473823687,6,5.8095442146752525,-1.5240425645133664,0.9990473059401506
浙江,CEG2000_f4_r0022_c0116,10,26.25225872238331,23.956240469001276,2.2960182533820337,0.09584217758846672,1,25.426497473823687,5,2.9047721073376263,-1.5240425645133664,0.9990473059401506
浙江,CEG2000_f4_r0022_c0116,11,26.76937941177544,26.25225872238331,0.5171206893921294,0.01969814082897255,1,25.426497473823687,4,0.0,-1.5240425645133664,0.9990473059401506
浙江,CEG2000_f4_r0022_c0116,12,30.219016823946497,26.76937941177544,3.4496374121710573,0.1288650498432405,2,29.178044233266007,5,2.9047721073376263,-1.5240425645133664,0.9990473059401506
浙江,CEG2000_f4_r0023_c0113,1,34.80807080409713,,,,4,36.68113775215064,4,,-2.187969531198636,0.8960228127818458
浙江,CEG2000_f4_r0023_c0113,2,40.05861477425098,34.80807080409713,5.250543970153849,0.15084271690046744,5,40.43268451159296,6,5.8095442146752525,-2.187969531198636,0.8960228127818458
浙江,CEG2000_f4_r0023_c0113,3,34.24440677725221,40.05861477425098,-5.814207996998768,-0.145142512534808,3,32.92959099270833,2,-5.80954421467525,-2.187969531198636,0.8960228127818458
浙江,CEG2000_f4_r0023_c0113,4,28.70914346558536,34.24440677725221,-5.535263311666849,-0.16163992408079325,2,29.178044233266007,2,-5.80954421467525,-2.187969531198636,0.8960228127818458
浙江,CEG2000_f4_r0023_c0113,5,30.641653057974136,28.70914346558536,1.9325095923887758,0.06731338379026675,2,29.178044233266007,5,2.9047721073376263,-2.187969531198636,0.8960228127818458
浙江,CEG2000_f4_r0023_c0113,6,18.8011382112084,30.641653057974136,-11.840514846765736,-0.3864189319147838,0,21.674950714381367,0,-11.619088429350501,-2.187969531198636,0.8960228127818458
浙江,CEG2000_f4_r0023_c0113,7,21.264961068891147,18.8011382112084,2.4638228576827466,0.13104647335733777,0,21.674950714381367,5,2.9047721073376263,-2.187969531198636,0.8960228127818458
浙江,CEG2000_f4_r0023_c0113,8,19.38154795290957,21.264961068891147,-1.8834131159815755,-0.08856884853350852,0,21.674950714381367,3,-2.9047721073376245,-2.187969531198636,0.8960228127818458
浙江,CEG2000_f4_r0023_c0113,9,24.38438486805454,19.38154795290957,5.002836915144968,0.2581237023637185,1,25.426497473823687,6,5.8095442146752525,-2.187969531198636,0.8960228127818458
浙江,CEG2000_f4_r0023_c0113,10,24.74748127900018,24.38438486805454,0.3630964109456407,0.014890529857955349,1,25.426497473823687,4,0.0,-2.187969531198636,0.8960228127818458
浙江,CEG2000_f4_r0023_c0113,11,25.00188363562045,24.74748127900018,0.2544023566202718,0.010279929248240241,1,25.426497473823687,4,0.0,-2.187969531198636,0.8960228127818458
浙江,CEG2000_f4_r0023_c0113,12,27.153656291985666,25.00188363562045,2.151772656365214,0.08606442169419429,1,25.426497473823687,5,2.9047721073376263,-2.187969531198636,0.8960228127818458
浙江,CEG2000_f4_r0023_c0114,1,34.317129772394075,,,,3,32.92959099270833,4,,-2.022141198529685,0.8257020249259662
浙江,CEG2000_f4_r0023_c0114,2,36.886428154293434,34.317129772394075,2.569298381899358,0.07486926788283424,4,36.68113775215064,5,2.9047721073376263,-2.022141198529685,0.8257020249259662
浙江,CEG2000_f4_r0023_c0114,3,32.78335283231846,36.886428154293434,-4.103075321974977,-0.11123536561501944,3,32.92959099270833,3,-2.9047721073376245,-2.022141198529685,0.8257020249259662
浙江,CEG2000_f4_r0023_c0114,4,28.767953566813745,32.78335283231846,-4.015399265504712,-0.12248287373298361,2,29.178044233266007,3,-2.9047721073376245,-2.022141198529685,0.8257020249259662
浙江,CEG2000_f4_r0023_c0114,5,29.291951066509757,28.767953566813745,0.5239974996960122,0.01821462546785001,2,29.178044233266007,4,0.0,-2.022141198529685,0.8257020249259662
浙江,CEG2000_f4_r0023_c0114,6,18.29740043679829,29.291951066509757,-10.994550629711465,-0.3753437456162426,0,21.674950714381367,0,-11.619088429350501,-2.022141198529685,0.8257020249259662
浙江,CEG2000_f4_r0023_c0114,7,19.295582494280257,18.29740043679829,0.9981820574819658,0.054553217050139026,0,21.674950714381367,4,0.0,-2.022141198529685,0.8257020249259662
浙江,CEG2000_f4_r0023_c0114,8,18.59439518804456,19.295582494280257,-0.7011873062356955,-0.036339266070021296,0,21.674950714381367,4,0.0,-2.022141198529685,0.8257020249259662
浙江,CEG2000_f4_r0023_c0114,9,22.325707962681733,18.59439518804456,3.7313127746371713,0.20066868198199064,0,21.674950714381367,5,2.9047721073376263,-2.022141198529685,0.8257020249259662
浙江,CEG2000_f4_r0023_c0114,10,23.76870597259888,22.325707962681733,1.4429980099171473,0.06463391944072605,1,25.426497473823687,4,0.0,-2.022141198529685,0.8257020249259662
浙江,CEG2000_f4_r0023_c0114,11,24.04466307300489,23.76870597259888,0.2759571004060106,0.01161010198553259,1,25.426497473823687,4,0.0,-2.022141198529685,0.8257020249259662
浙江,CEG2000_f4_r0023_c0114,12,26.186777685987018,24.04466307300489,2.1421146129821267,0.08908898438203085,1,25.426497473823687,5,2.9047721073376263,-2.022141198529685,0.8257020249259662
浙江,CEG2000_f4_r0023_c0115,1,34.66381481797161,,,,3,32.92959099270833,4,,-1.7842112646426138,0.8281169452320889
浙江,CEG2000_f4_r0023_c0115,2,36.40792156856273,34.66381481797161,1.744106750591115,0.050314910801071866,4,36.68113775215064,5,2.9047721073376263,-1.7842112646426138,0.8281169452320889
浙江,CEG2000_f4_r0023_c0115,3,33.09715139828714,36.40792156856273,-3.310770170275589,-0.09093543458779452,3,32.92959099270833,3,-2.9047721073376245,-1.7842112646426138,0.8281169452320889
浙江,CEG2000_f4_r0023_c0115,4,29.768508421364157,33.09715139828714,-3.328642976922982,-0.10057188719556233,2,29.178044233266007,3,-2.9047721073376245,-1.7842112646426138,0.8281169452320889
浙江,CEG2000_f4_r0023_c0115,5,30.63917401462949,29.768508421364157,0.8706655932653327,0.029247874328848688,2,29.178044233266007,4,0.0,-1.7842112646426138,0.8281169452320889
浙江,CEG2000_f4_r0023_c0115,6,18.45508270098919,30.63917401462949,-12.184091313640298,-0.3976638308794708,0,21.674950714381367,0,-11.619088429350501,-1.7842112646426138,0.8281169452320889
浙江,CEG2000_f4_r0023_c0115,7,19.549413471858266,18.45508270098919,1.0943307708690746,0.05929698547546571,0,21.674950714381367,4,0.0,-1.7842112646426138,0.8281169452320889
浙江,CEG2000_f4_r0023_c0115,8,18.133888453608087,19.549413471858266,-1.4155250182501788,-0.07240754410805483,0,21.674950714381367,4,0.0,-1.7842112646426138,0.8281169452320889
浙江,CEG2000_f4_r0023_c0115,9,22.55259469660792,18.133888453608087,4.418706242999832,0.24367119353933409,0,21.674950714381367,6,5.8095442146752525,-1.7842112646426138,0.8281169452320889
浙江,CEG2000_f4_r0023_c0115,10,24.724953462667735,22.55259469660792,2.1723587660598156,0.09632411681599345,1,25.426497473823687,5,2.9047721073376263,-1.7842112646426138,0.8281169452320889
浙江,CEG2000_f4_r0023_c0115,11,25.0211382872726,24.724953462667735,0.2961848246048646,0.011979186333032932,1,25.426497473823687,4,0.0,-1.7842112646426138,0.8281169452320889
浙江,CEG2000_f4_r0023_c0115,12,26.938873758275047,25.0211382872726,1.9177354710024481,0.07664461340585511,1,25.426497473823687,5,2.9047721073376263,-1.7842112646426138,0.8281169452320889
浙江,CEG2000_f4_r0023_c0116,1,36.203656800051846,,,,4,36.68113775215064,4,,-1.544984728026419,0.8317991964609662
浙江,CEG2000_f4_r0023_c0116,2,34.86683092402289,36.203656800051846,-1.3368258760289535,-0.03692516154962112,4,36.68113775215064,4,0.0,-1.544984728026419,0.8317991964609662
浙江,CEG2000_f4_r0023_c0116,3,35.070304345787335,34.86683092402289,0.20347342176444272,0.00583573030218389,4,36.68113775215064,4,0.0,-1.544984728026419,0.8317991964609662
浙江,CEG2000_f4_r0023_c0116,4,33.06844386220177,35.070304345787335,-2.001860483585567,-0.05708135475094705,3,32.92959099270833,3,-2.9047721073376245,-1.544984728026419,0.8317991964609662
浙江,CEG2000_f4_r0023_c0116,5,32.09665039538586,33.06844386220177,-0.9717934668159103,-0.029387335880255907,3,32.92959099270833,4,0.0,-1.544984728026419,0.8317991964609662
浙江,CEG2000_f4_r0023_c0116,6,20.186008815199628,32.09665039538586,-11.91064158018623,-0.37108674685563064,0,21.674950714381367,0,-11.619088429350501,-1.544984728026419,0.8317991964609662
浙江,CEG2000_f4_r0023_c0116,7,21.18941230432874,20.186008815199628,1.0034034891291128,0.04970786936214809,0,21.674950714381367,4,0.0,-1.544984728026419,0.8317991964609662
浙江,CEG2000_f4_r0023_c0116,8,19.106645025230584,21.18941230432874,-2.0827672790981566,-0.09829282894611817,0,21.674950714381367,3,-2.9047721073376245,-1.544984728026419,0.8317991964609662
浙江,CEG2000_f4_r0023_c0116,9,23.86521834833365,19.106645025230584,4.7585733231030645,0.24905331714800288,1,25.426497473823687,6,5.8095442146752525,-1.544984728026419,0.8317991964609662
浙江,CEG2000_f4_r0023_c0116,10,26.639800934474746,23.86521834833365,2.774582586141097,0.11626051543479081,1,25.426497473823687,5,2.9047721073376263,-1.544984728026419,0.8317991964609662
浙江,CEG2000_f4_r0023_c0116,11,27.198773335961004,26.639800934474746,0.5589724014862583,0.020982604294271897,1,25.426497473823687,4,0.0,-1.544984728026419,0.8317991964609662
浙江,CEG2000_f4_r0023_c0116,12,30.435643144951772,27.198773335961004,3.236869808990768,0.11900793351996958,2,29.178044233266007,5,2.9047721073376263,-1.544984728026419,0.8317991964609662
浙江,CEG2000_f4_r0023_c0117,1,40.0002820985321,,,,5,40.43268451159296,4,,-1.3626533375872407,0.6907919436684312
浙江,CEG2000_f4_r0023_c0117,2,36.685617075174314,40.0002820985321,-3.314665023357783,-0.08286604117423017,4,36.68113775215064,3,-2.9047721073376245,-1.3626533375872407,0.6907919436684312
浙江,CEG2000_f4_r0023_c0117,3,41.3055120451078,36.685617075174314,4.619894969933483,0.12593205016741651,5,40.43268451159296,6,5.8095442146752525,-1.3626533375872407,0.6907919436684312
浙江,CEG2000_f4_r0023_c0117,4,40.875347198248654,41.3055120451078,-0.43016484685914236,-0.010414223805999056,5,40.43268451159296,4,0.0,-1.3626533375872407,0.6907919436684312
浙江,CEG2000_f4_r0023_c0117,5,35.05160495596421,40.875347198248654,-5.823742242284446,-0.14247566421977623,4,36.68113775215064,2,-5.80954421467525,-1.3626533375872407,0.6907919436684312
浙江,CEG2000_f4_r0023_c0117,6,24.210312821474403,35.05160495596421,-10.841292134489805,-0.30929517059517997,1,25.426497473823687,0,-11.619088429350501,-1.3626533375872407,0.6907919436684312
浙江,CEG2000_f4_r0023_c0117,7,24.21243981852609,24.210312821474403,0.0021269970516861747,8.785500077469222e-05,1,25.426497473823687,4,0.0,-1.3626533375872407,0.6907919436684312
浙江,CEG2000_f4_r0023_c0117,8,21.210929286138956,24.21243981852609,-3.001510532387133,-0.12396563728743003,0,21.674950714381367,3,-2.9047721073376245,-1.3626533375872407,0.6907919436684312
浙江,CEG2000_f4_r0023_c0117,9,27.153205138177515,21.210929286138956,5.942275852038559,0.2801516035377928,1,25.426497473823687,6,5.8095442146752525,-1.3626533375872407,0.6907919436684312
浙江,CEG2000_f4_r0023_c0117,10,29.218074896874,27.153205138177515,2.064869758696485,0.07604515740181515,2,29.178044233266007,5,2.9047721073376263,-1.3626533375872407,0.6907919436684312
浙江,CEG2000_f4_r0023_c0117,11,31.91191297377099,29.218074896874,2.693838076896988,0.09219765800467565,3,32.92959099270833,5,2.9047721073376263,-1.3626533375872407,0.6907919436684312
浙江,CEG2000_f4_r0023_c0117,12,38.90395353215531,31.91191297377099,6.992040558384325,0.21910440042034512,5,40.43268451159296,6,5.8095442146752525,-1.3626533375872407,0.6907919436684312
浙江,CEG2000_f4_r0024_c0113,1,35.33051723648981,,,,4,36.68113775215064,4,,-2.355249645461009,0.8404224769444602
浙江,CEG2000_f4_r0024_c0113,2,34.06866604449513,35.33051723648981,-1.2618511919946798,-0.035715616149865584,3,32.92959099270833,4,0.0,-2.355249645461009,0.8404224769444602
浙江,CEG2000_f4_r0024_c0113,3,32.63148287668576,34.06866604449513,-1.4371831678093727,-0.042184896993981216,3,32.92959099270833,4,0.0,-2.355249645461009,0.8404224769444602
浙江,CEG2000_f4_r0024_c0113,4,28.55594403181016,32.63148287668576,-4.075538844875599,-0.12489591295244054,2,29.178044233266007,3,-2.9047721073376245,-2.355249645461009,0.8404224769444602
浙江,CEG2000_f4_r0024_c0113,5,31.6701458692564,28.55594403181016,3.1142018374462417,0.10905616827015585,3,32.92959099270833,5,2.9047721073376263,-2.355249645461009,0.8404224769444602
浙江,CEG2000_f4_r0024_c0113,6,19.7014960375835,31.6701458692564,-11.968649831672902,-0.3779158416599336,0,21.674950714381367,0,-11.619088429350501,-2.355249645461009,0.8404224769444602
浙江,CEG2000_f4_r0024_c0113,7,21.706927294249013,19.7014960375835,2.0054312566655135,0.10179081085212303,0,21.674950714381367,5,2.9047721073376263,-2.355249645461009,0.8404224769444602
浙江,CEG2000_f4_r0024_c0113,8,20.206795358263907,21.706927294249013,-1.500131935985106,-0.06910844246401229,0,21.674950714381367,3,-2.9047721073376245,-2.355249645461009,0.8404224769444602
浙江,CEG2000_f4_r0024_c0113,9,24.985046423322487,20.206795358263907,4.77825106505858,0.23646753383407895,1,25.426497473823687,6,5.8095442146752525,-2.355249645461009,0.8404224769444602
浙江,CEG2000_f4_r0024_c0113,10,24.512762481270652,24.985046423322487,-0.47228394205183477,-0.01890266417960215,1,25.426497473823687,4,0.0,-2.355249645461009,0.8404224769444602
浙江,CEG2000_f4_r0024_c0113,11,25.01014451084743,24.512762481270652,0.4973820295767766,0.02029073752731088,1,25.426497473823687,4,0.0,-2.355249645461009,0.8404224769444602
浙江,CEG2000_f4_r0024_c0113,12,28.40989986975932,25.01014451084743,3.399755358911893,0.13593505457105004,2,29.178044233266007,5,2.9047721073376263,-2.355249645461009,0.8404224769444602
浙江,CEG2000_f4_r0024_c0114,1,35.26003899735246,,,,4,36.68113775215064,4,,-2.1495618737293425,0.614757090677548
浙江,CEG2000_f4_r0024_c0114,2,35.384847925825106,35.26003899735246,0.12480892847264613,0.0035396707440402304,4,36.68113775215064,4,0.0,-2.1495618737293425,0.614757090677548
浙江,CEG2000_f4_r0024_c0114,3,33.31491379092673,35.384847925825106,-2.069934134898375,-0.05849775415843075,3,32.92959099270833,3,-2.9047721073376245,-2.1495618737293425,0.614757090677548
浙江,CEG2000_f4_r0024_c0114,4,30.483024408502168,33.31491379092673,-2.8318893824245635,-0.08500365332465079,2,29.178044233266007,3,-2.9047721073376245,-2.1495618737293425,0.614757090677548
浙江,CEG2000_f4_r0024_c0114,5,32.13869479592717,30.483024408502168,1.6556703874250047,0.05431450518942647,3,32.92959099270833,5,2.9047721073376263,-2.1495618737293425,0.614757090677548
浙江,CEG2000_f4_r0024_c0114,6,19.90256698925879,32.13869479592717,-12.236127806668382,-0.3807288343339638,0,21.674950714381367,0,-11.619088429350501,-2.1495618737293425,0.614757090677548
浙江,CEG2000_f4_r0024_c0114,7,21.22777934041334,19.90256698925879,1.3252123511545477,0.06658499639115653,0,21.674950714381367,4,0.0,-2.1495618737293425,0.614757090677548
浙江,CEG2000_f4_r0024_c0114,8,20.24302393837127,21.22777934041334,-0.9847554020420688,-0.046389939628178466,0,21.674950714381367,4,0.0,-2.1495618737293425,0.614757090677548
浙江,CEG2000_f4_r0024_c0114,9,24.67606479925441,20.24302393837127,4.433040860883139,0.21899103979619244,1,25.426497473823687,6,5.8095442146752525,-2.1495618737293425,0.614757090677548
浙江,CEG2000_f4_r0024_c0114,10,24.693846923152073,24.67606479925441,0.017782123897664093,0.0007206223537799018,1,25.426497473823687,4,0.0,-2.1495618737293425,0.614757090677548
浙江,CEG2000_f4_r0024_c0114,11,25.134553444322343,24.693846923152073,0.4407065211702701,0.017846815141511197,1,25.426497473823687,4,0.0,-2.1495618737293425,0.614757090677548
浙江,CEG2000_f4_r0024_c0114,12,28.764819183359872,25.134553444322343,3.6302657390375295,0.14443326980442422,2,29.178044233266007,5,2.9047721073376263,-2.1495618737293425,0.614757090677548
浙江,CEG2000_f4_r0024_c0115,1,35.57631965981332,,,,4,36.68113775215064,4,,-1.8702169672033924,0.6889732716100043
浙江,CEG2000_f4_r0024_c0115,2,35.89431839706973,35.57631965981332,0.3179987372564099,0.008938494490075609,4,36.68113775215064,4,0.0,-1.8702169672033924,0.6889732716100043
浙江,CEG2000_f4_r0024_c0115,3,33.988149315978674,35.89431839706973,-1.9061690810910576,-0.053105036290274556,3,32.92959099270833,3,-2.9047721073376245,-1.8702169672033924,0.6889732716100043
浙江,CEG2000_f4_r0024_c0115,4,31.88090103229679,33.988149315978674,-2.1072482836818835,-0.06199950059332044,3,32.92959099270833,3,-2.9047721073376245,-1.8702169672033924,0.6889732716100043
浙江,CEG2000_f4_r0024_c0115,5,32.64484713769298,31.88090103229679,0.7639461053961867,0.02396250045198769,3,32.92959099270833,4,0.0,-1.8702169672033924,0.6889732716100043
浙江,CEG2000_f4_r0024_c0115,6,19.869912067026103,32.64484713769298,-12.774935070666874,-0.39133082831674376,0,21.674950714381367,0,-11.619088429350501,-1.8702169672033924,0.6889732716100043
浙江,CEG2000_f4_r0024_c0115,7,20.960259720809677,19.869912067026103,1.0903476537835743,0.05487430694738675,0,21.674950714381367,4,0.0,-1.8702169672033924,0.6889732716100043
浙江,CEG2000_f4_r0024_c0115,8,20.102977672019843,20.960259720809677,-0.857282048789834,-0.040900354299460845,0,21.674950714381367,4,0.0,-1.8702169672033924,0.6889732716100043
浙江,CEG2000_f4_r0024_c0115,9,24.46686574019723,20.102977672019843,4.363888068177385,0.2170767007442497,1,25.426497473823687,6,5.8095442146752525,-1.8702169672033924,0.6889732716100043
浙江,CEG2000_f4_r0024_c0115,10,25.84172399042713,24.46686574019723,1.3748582502299023,0.05619265928169594,1,25.426497473823687,4,0.0,-1.8702169672033924,0.6889732716100043
浙江,CEG2000_f4_r0024_c0115,11,25.851083278637407,25.84172399042713,0.009359288210276873,0.00036217739241174273,1,25.426497473823687,4,0.0,-1.8702169672033924,0.6889732716100043
浙江,CEG2000_f4_r0024_c0115,12,29.921753288791113,25.851083278637407,4.070670010153705,0.15746612883791952,2,29.178044233266007,5,2.9047721073376263,-1.8702169672033924,0.6889732716100043
浙江,CEG2000_f4_r0024_c0116,1,36.021869001050675,,,,4,36.68113775215064,4,,-1.534808172727383,0.5985307272967773
浙江,CEG2000_f4_r0024_c0116,2,38.41036994824777,36.021869001050675,2.3885009471970946,0.06630696888957727,4,36.68113775215064,5,2.9047721073376263,-1.534808172727383,0.5985307272967773
浙江,CEG2000_f4_r0024_c0116,3,34.616570690024965,38.41036994824777,-3.793799258222805,-0.09877018272238414,3,32.92959099270833,3,-2.9047721073376245,-1.534808172727383,0.5985307272967773
浙江,CEG2000_f4_r0024_c0116,4,32.81896959789971,34.616570690024965,-1.7976010921252552,-0.05192891890481942,3,32.92959099270833,3,-2.9047721073376245,-1.534808172727383,0.5985307272967773
浙江,CEG2000_f4_r0024_c0116,5,32.36158792465539,32.81896959789971,-0.45738167324432055,-0.013936503151932938,3,32.92959099270833,4,0.0,-1.534808172727383,0.5985307272967773
浙江,CEG2000_f4_r0024_c0116,6,20.22203051775396,32.36158792465539,-12.139557406901428,-0.3751224270936544,0,21.674950714381367,0,-11.619088429350501,-1.534808172727383,0.5985307272967773
浙江,CEG2000_f4_r0024_c0116,7,21.33203905443573,20.22203051775396,1.110008536681768,0.05489105239492317,0,21.674950714381367,4,0.0,-1.534808172727383,0.5985307272967773
浙江,CEG2000_f4_r0024_c0116,8,19.654520462896595,21.33203905443573,-1.6775185915391333,-0.07863845492024422,0,21.674950714381367,3,-2.9047721073376245,-1.534808172727383,0.5985307272967773
浙江,CEG2000_f4_r0024_c0116,9,24.15011920210873,19.654520462896595,4.495598739212134,0.22873103150488125,1,25.426497473823687,6,5.8095442146752525,-1.534808172727383,0.5985307272967773
浙江,CEG2000_f4_r0024_c0116,10,26.95596305640568,24.15011920210873,2.805843854296949,0.11618343705947214,1,25.426497473823687,5,2.9047721073376263,-1.534808172727383,0.5985307272967773
浙江,CEG2000_f4_r0024_c0116,11,26.82606680813769,26.95596305640568,-0.12989624826798973,-0.004818831662448129,1,25.426497473823687,4,0.0,-1.534808172727383,0.5985307272967773
浙江,CEG2000_f4_r0024_c0116,12,30.44710603628666,26.82606680813769,3.6210392281489696,0.13498211474857458,2,29.178044233266007,5,2.9047721073376263,-1.534808172727383,0.5985307272967773
浙江,CEG2000_f4_r0024_c0117,1,39.50136320609771,,,,5,40.43268451159296,4,,-1.2070310854937178,0.5853448195659984
浙江,CEG2000_f4_r0024_c0117,2,38.06832218181101,39.50136320609771,-1.4330410242866947,-0.036278267583066105,4,36.68113775215064,4,0.0,-1.2070310854937178,0.5853448195659984
浙江,CEG2000_f4_r0024_c0117,3,40.672285353736136,38.06832218181101,2.6039631719251233,0.06840236245476805,5,40.43268451159296,5,2.9047721073376263,-1.2070310854937178,0.5853448195659984
浙江,CEG2000_f4_r0024_c0117,4,39.29937863244877,40.672285353736136,-1.3729067212873645,-0.03375533755595197,5,40.43268451159296,4,0.0,-1.2070310854937178,0.5853448195659984
浙江,CEG2000_f4_r0024_c0117,5,35.384941536068716,39.29937863244877,-3.9144370963800554,-0.09960557221502675,4,36.68113775215064,3,-2.9047721073376245,-1.2070310854937178,0.5853448195659984
浙江,CEG2000_f4_r0024_c0117,6,24.272215674958375,35.384941536068716,-11.112725861110341,-0.3140524013522214,1,25.426497473823687,0,-11.619088429350501,-1.2070310854937178,0.5853448195659984
浙江,CEG2000_f4_r0024_c0117,7,23.602327975862327,24.272215674958375,-0.6698876990960478,-0.027598951330478266,1,25.426497473823687,4,0.0,-1.2070310854937178,0.5853448195659984
浙江,CEG2000_f4_r0024_c0117,8,21.335097437911845,23.602327975862327,-2.267230537950482,-0.09605961497819782,0,21.674950714381367,3,-2.9047721073376245,-1.2070310854937178,0.5853448195659984
浙江,CEG2000_f4_r0024_c0117,9,27.032359054458944,21.335097437911845,5.697261616547099,0.2670370563400021,1,25.426497473823687,6,5.8095442146752525,-1.2070310854937178,0.5853448195659984
浙江,CEG2000_f4_r0024_c0117,10,29.242317460497276,27.032359054458944,2.209958406038332,0.08175233251327368,2,29.178044233266007,5,2.9047721073376263,-1.2070310854937178,0.5853448195659984
浙江,CEG2000_f4_r0024_c0117,11,30.882208807692543,29.242317460497276,1.6398913471952667,0.05607939074632356,2,29.178044233266007,5,2.9047721073376263,-1.2070310854937178,0.5853448195659984
浙江,CEG2000_f4_r0024_c0117,12,36.509014121961066,30.882208807692543,5.626805314268523,0.18220216530842592,4,36.68113775215064,6,5.8095442146752525,-1.2070310854937178,0.5853448195659984
浙江,CEG2000_f4_r0024_c0118,1,39.58397785769423,,,,5,40.43268451159296,4,,-0.9116519467165448,0.7473423615432907
浙江,CEG2000_f4_r0024_c0118,2,37.43762058660064,39.58397785769423,-2.146357271093592,-0.05422287974214771,4,36.68113775215064,3,-2.9047721073376245,-0.9116519467165448,0.7473423615432907
浙江,CEG2000_f4_r0024_c0118,3,41.15508955917199,37.43762058660064,3.7174689725713534,0.09929768276731452,5,40.43268451159296,5,2.9047721073376263,-0.9116519467165448,0.7473423615432907
浙江,CEG2000_f4_r0024_c0118,4,40.23478108184033,41.15508955917199,-0.920308477331659,-0.02236196026273876,5,40.43268451159296,4,0.0,-0.9116519467165448,0.7473423615432907
浙江,CEG2000_f4_r0024_c0118,5,36.4266430261325,40.23478108184033,-3.808138055707829,-0.09464791290803379,4,36.68113775215064,3,-2.9047721073376245,-0.9116519467165448,0.7473423615432907
浙江,CEG2000_f4_r0024_c0118,6,24.578121173740712,36.4266430261325,-11.84852185239179,-0.32527075975383324,1,25.426497473823687,0,-11.619088429350501,-0.9116519467165448,0.7473423615432907
浙江,CEG2000_f4_r0024_c0118,7,23.074648364146206,24.578121173740712,-1.5034728095945056,-0.06117118550138883,0,21.674950714381367,3,-2.9047721073376245,-0.9116519467165448,0.7473423615432907
浙江,CEG2000_f4_r0024_c0118,8,21.283720459577776,23.074648364146206,-1.7909279045684308,-0.0776145263973429,0,21.674950714381367,3,-2.9047721073376245,-0.9116519467165448,0.7473423615432907
浙江,CEG2000_f4_r0024_c0118,9,27.188182883742662,21.283720459577776,5.904462424164887,0.27741683768957087,1,25.426497473823687,6,5.8095442146752525,-0.9116519467165448,0.7473423615432907
浙江,CEG2000_f4_r0024_c0118,10,28.451440439748744,27.188182883742662,1.2632575560060815,0.04646347868880395,2,29.178044233266007,4,0.0,-0.9116519467165448,0.7473423615432907
浙江,CEG2000_f4_r0024_c0118,11,31.758992067128784,28.451440439748744,3.3075516273800396,0.11625251924887248,3,32.92959099270833,5,2.9047721073376263,-0.9116519467165448,0.7473423615432907
浙江,CEG2000_f4_r0024_c0118,12,37.064893196546834,31.758992067128784,5.30590112941805,0.16706768017709756,4,36.68113775215064,6,5.8095442146752525,-0.9116519467165448,0.7473423615432907
浙江,CEG2000_f4_r0025_c0112,1,38.44531635841477,,,,4,36.68113775215064,4,,-2.7216342832671434,0.9026151616425188
浙江,CEG2000_f4_r0025_c0112,2,37.501810789561986,38.44531635841477,-0.9435055688527854,-0.0245414957717281,4,36.68113775215064,4,0.0,-2.7216342832671434,0.9026151616425188
浙江,CEG2000_f4_r0025_c0112,3,37.022531312147585,37.501810789561986,-0.47927947741440136,-0.012780168939143625,4,36.68113775215064,4,0.0,-2.7216342832671434,0.9026151616425188
浙江,CEG2000_f4_r0025_c0112,4,34.042482559410736,37.022531312147585,-2.980048752736849,-0.08049284171336646,3,32.92959099270833,3,-2.9047721073376245,-2.7216342832671434,0.9026151616425188
浙江,CEG2000_f4_r0025_c0112,5,38.237652311253065,34.042482559410736,4.195169751842329,0.12323336714709168,4,36.68113775215064,5,2.9047721073376263,-2.7216342832671434,0.9026151616425188
浙江,CEG2000_f4_r0025_c0112,6,22.864151694130197,38.237652311253065,-15.373500617122868,-0.40205137313303513,0,21.674950714381367,0,-11.619088429350501,-2.7216342832671434,0.9026151616425188
浙江,CEG2000_f4_r0025_c0112,7,25.389052177027587,22.864151694130197,2.52490048289739,0.11043053408124456,1,25.426497473823687,5,2.9047721073376263,-2.7216342832671434,0.9026151616425188
浙江,CEG2000_f4_r0025_c0112,8,23.71891126416369,25.389052177027587,-1.6701409128638964,-0.06578193235488587,1,25.426497473823687,3,-2.9047721073376245,-2.7216342832671434,0.9026151616425188
浙江,CEG2000_f4_r0025_c0112,9,29.497564853073925,23.71891126416369,5.778653588910235,0.24363064242501964,2,29.178044233266007,6,5.8095442146752525,-2.7216342832671434,0.9026151616425188
浙江,CEG2000_f4_r0025_c0112,10,27.463237277850904,29.497564853073925,-2.0343275752230205,-0.06896594974384893,2,29.178044233266007,3,-2.9047721073376245,-2.7216342832671434,0.9026151616425188
浙江,CEG2000_f4_r0025_c0112,11,28.531926115019218,27.463237277850904,1.0686888371683132,0.03891343275944423,2,29.178044233266007,4,0.0,-2.7216342832671434,0.9026151616425188
浙江,CEG2000_f4_r0025_c0112,12,33.67687069720097,28.531926115019218,5.1449445821817505,0.180322371558135,3,32.92959099270833,6,5.8095442146752525,-2.7216342832671434,0.9026151616425188
浙江,CEG2000_f4_r0025_c0113,1,36.51333266647859,,,,4,36.68113775215064,4,,-2.5963417585265023,0.7413598957798234
浙江,CEG2000_f4_r0025_c0113,2,34.82900044710428,36.51333266647859,-1.684332219374312,-0.046129238181554136,4,36.68113775215064,3,-2.9047721073376245,-2.5963417585265023,0.7413598957798234
浙江,CEG2000_f4_r0025_c0113,3,34.057861228779466,34.82900044710428,-0.7711392183248122,-0.022140722054196236,3,32.92959099270833,4,0.0,-2.5963417585265023,0.7413598957798234
浙江,CEG2000_f4_r0025_c0113,4,30.55215037838275,34.057861228779466,-3.505710850396717,-0.10293396954223105,2,29.178044233266007,3,-2.9047721073376245,-2.5963417585265023,0.7413598957798234
浙江,CEG2000_f4_r0025_c0113,5,34.31318276308321,30.55215037838275,3.7610323847004636,0.1231020513489483,3,32.92959099270833,5,2.9047721073376263,-2.5963417585265023,0.7413598957798234
浙江,CEG2000_f4_r0025_c0113,6,20.778992635487796,34.31318276308321,-13.534190127595416,-0.39443120800080805,0,21.674950714381367,0,-11.619088429350501,-2.5963417585265023,0.7413598957798234
浙江,CEG2000_f4_r0025_c0113,7,22.815780544468353,20.778992635487796,2.036787908980557,0.09802149433856529,0,21.674950714381367,5,2.9047721073376263,-2.5963417585265023,0.7413598957798234
浙江,CEG2000_f4_r0025_c0113,8,21.344266547141594,22.815780544468353,-1.4715139973267597,-0.06449544842258424,0,21.674950714381367,3,-2.9047721073376245,-2.5963417585265023,0.7413598957798234
浙江,CEG2000_f4_r0025_c0113,9,25.32816252451031,21.344266547141594,3.983895977368718,0.186649467133001,1,25.426497473823687,5,2.9047721073376263,-2.5963417585265023,0.7413598957798234
浙江,CEG2000_f4_r0025_c0113,10,24.16542408221867,25.32816252451031,-1.1627384422916407,-0.04590694019617283,1,25.426497473823687,4,0.0,-2.5963417585265023,0.7413598957798234
浙江,CEG2000_f4_r0025_c0113,11,24.894602465300235,24.16542408221867,0.7291783830815639,0.030174450098647585,1,25.426497473823687,4,0.0,-2.5963417585265023,0.7413598957798234
浙江,CEG2000_f4_r0025_c0113,12,29.523580370981488,24.894602465300235,4.6289779056812534,0.18594303372120255,2,29.178044233266007,6,5.8095442146752525,-2.5963417585265023,0.7413598957798234
浙江,CEG2000_f4_r0025_c0114,1,37.486729309106465,,,,4,36.68113775215064,4,,-2.394275022033493,0.5414019666361016
浙江,CEG2000_f4_r0025_c0114,2,37.069038641458654,37.486729309106465,-0.41769066764781115,-0.011142360919343893,4,36.68113775215064,4,0.0,-2.394275022033493,0.5414019666361016
浙江,CEG2000_f4_r0025_c0114,3,35.95791326892451,37.069038641458654,-1.111125372534147,-0.02997448580421088,4,36.68113775215064,4,0.0,-2.394275022033493,0.5414019666361016
浙江,CEG2000_f4_r0025_c0114,4,32.88244539983532,35.95791326892451,-3.075467869089188,-0.0855296536839657,3,32.92959099270833,3,-2.9047721073376245,-2.394275022033493,0.5414019666361016
浙江,CEG2000_f4_r0025_c0114,5,35.51930955030151,32.88244539983532,2.636864150466188,0.08019063419411605,4,36.68113775215064,5,2.9047721073376263,-2.394275022033493,0.5414019666361016
浙江,CEG2000_f4_r0025_c0114,6,21.588726587347175,35.51930955030151,-13.930582962954333,-0.39219745933479394,0,21.674950714381367,0,-11.619088429350501,-2.394275022033493,0.5414019666361016
浙江,CEG2000_f4_r0025_c0114,7,23.176128106702816,21.588726587347175,1.587401519355641,0.0735291872326547,0,21.674950714381367,5,2.9047721073376263,-2.394275022033493,0.5414019666361016
浙江,CEG2000_f4_r0025_c0114,8,21.997964588675263,23.176128106702816,-1.178163518027553,-0.050835217712091166,0,21.674950714381367,4,0.0,-2.394275022033493,0.5414019666361016
浙江,CEG2000_f4_r0025_c0114,9,26.742184477270825,21.997964588675263,4.744219888595563,0.2156663117385836,1,25.426497473823687,6,5.8095442146752525,-2.394275022033493,0.5414019666361016
浙江,CEG2000_f4_r0025_c0114,10,25.536797656608453,26.742184477270825,-1.2053868206623726,-0.0450743588911697,1,25.426497473823687,4,0.0,-2.394275022033493,0.5414019666361016
浙江,CEG2000_f4_r0025_c0114,11,25.933170817941587,25.536797656608453,0.39637316133313405,0.015521647101689745,1,25.426497473823687,4,0.0,-2.394275022033493,0.5414019666361016
浙江,CEG2000_f4_r0025_c0114,12,32.108814750162495,25.933170817941587,6.175643932220908,0.23813686245988688,3,32.92959099270833,6,5.8095442146752525,-2.394275022033493,0.5414019666361016
浙江,CEG2000_f4_r0025_c0115,1,38.21771643768497,,,,4,36.68113775215064,4,,-2.0423133022427273,0.3652186897582429
浙江,CEG2000_f4_r0025_c0115,2,37.513218057568814,38.21771643768497,-0.7044983801161564,-0.01843381671599506,4,36.68113775215064,4,0.0,-2.0423133022427273,0.3652186897582429
浙江,CEG2000_f4_r0025_c0115,3,38.63900953373501,37.513218057568814,1.1257914761661993,0.030010527874162352,5,40.43268451159296,4,0.0,-2.0423133022427273,0.3652186897582429
浙江,CEG2000_f4_r0025_c0115,4,36.13497535338622,38.63900953373501,-2.504034180348796,-0.06480585839454735,4,36.68113775215064,3,-2.9047721073376245,-2.0423133022427273,0.3652186897582429
浙江,CEG2000_f4_r0025_c0115,5,36.26633073886382,36.13497535338622,0.1313553854776046,0.0036351314534740723,4,36.68113775215064,4,0.0,-2.0423133022427273,0.3652186897582429
浙江,CEG2000_f4_r0025_c0115,6,22.922622713006387,36.26633073886382,-13.343708025857435,-0.36793653380428737,0,21.674950714381367,0,-11.619088429350501,-2.0423133022427273,0.3652186897582429
浙江,CEG2000_f4_r0025_c0115,7,23.405467834310254,22.922622713006387,0.4828451213038676,0.021064130721389893,0,21.674950714381367,4,0.0,-2.0423133022427273,0.3652186897582429
浙江,CEG2000_f4_r0025_c0115,8,22.28330411518252,23.405467834310254,-1.1221637191277338,-0.04794451138817851,0,21.674950714381367,4,0.0,-2.0423133022427273,0.3652186897582429
浙江,CEG2000_f4_r0025_c0115,9,27.50511238992878,22.28330411518252,5.221808274746259,0.2343372530283078,2,29.178044233266007,6,5.8095442146752525,-2.0423133022427273,0.3652186897582429
浙江,CEG2000_f4_r0025_c0115,10,27.70664091970314,27.50511238992878,0.20152852977436098,0.007326948056687537,2,29.178044233266007,4,0.0,-2.0423133022427273,0.3652186897582429
浙江,CEG2000_f4_r0025_c0115,11,27.59374691240898,27.70664091970314,-0.11289400729415888,-0.004074619064120331,2,29.178044233266007,4,0.0,-2.0423133022427273,0.3652186897582429
浙江,CEG2000_f4_r0025_c0115,12,35.82420361520726,27.59374691240898,8.230456702798278,0.29827252996573,4,36.68113775215064,7,8.714316322012877,-2.0423133022427273,0.3652186897582429
浙江,CEG2000_f4_r0025_c0116,1,36.583329110503726,,,,4,36.68113775215064,4,,-1.5113997361526543,0.3493406994108408
浙江,CEG2000_f4_r0025_c0116,2,37.63846835120898,36.583329110503726,1.0551392407052518,0.028842078246025523,4,36.68113775215064,4,0.0,-1.5113997361526543,0.3493406994108408
浙江,CEG2000_f4_r0025_c0116,3,35.949750674296794,37.63846835120898,-1.6887176769121837,-0.04486680119803389,4,36.68113775215064,3,-2.9047721073376245,-1.5113997361526543,0.3493406994108408
浙江,CEG2000_f4_r0025_c0116,4,33.66968983414737,35.949750674296794,-2.2800608401494245,-0.06342355085593439,3,32.92959099270833,3,-2.9047721073376245,-1.5113997361526543,0.3493406994108408
浙江,CEG2000_f4_r0025_c0116,5,33.92946048894531,33.66968983414737,0.2597706547979399,0.007715267235235528,3,32.92959099270833,4,0.0,-1.5113997361526543,0.3493406994108408
浙江,CEG2000_f4_r0025_c0116,6,21.73060335584764,33.92946048894531,-12.198857133097668,-0.35953584163450597,0,21.674950714381367,0,-11.619088429350501,-1.5113997361526543,0.3493406994108408
浙江,CEG2000_f4_r0025_c0116,7,21.76951753170533,21.73060335584764,0.03891417585768764,0.0017907545050844596,0,21.674950714381367,4,0.0,-1.5113997361526543,0.3493406994108408
浙江,CEG2000_f4_r0025_c0116,8,20.861844273844167,21.76951753170533,-0.9076732578611626,-0.04169468875638694,0,21.674950714381367,4,0.0,-1.5113997361526543,0.3493406994108408
浙江,CEG2000_f4_r0025_c0116,9,25.086525984311496,20.861844273844167,4.22468171046733,0.20250758537988342,1,25.426497473823687,5,2.9047721073376263,-1.5113997361526543,0.3493406994108408
浙江,CEG2000_f4_r0025_c0116,10,26.520643613157304,25.086525984311496,1.434117628845808,0.05716684844058002,1,25.426497473823687,4,0.0,-1.5113997361526543,0.3493406994108408
浙江,CEG2000_f4_r0025_c0116,11,26.17384243823268,26.520643613157304,-0.34680117492462514,-0.013076650023401833,1,25.426497473823687,4,0.0,-1.5113997361526543,0.3493406994108408
浙江,CEG2000_f4_r0025_c0116,12,32.41761542444918,26.17384243823268,6.243772986216502,0.23855010974988114,3,32.92959099270833,6,5.8095442146752525,-1.5113997361526543,0.3493406994108408
浙江,CEG2000_f4_r0025_c0117,1,36.035273959862614,,,,4,36.68113775215064,4,,-1.009464282322986,0.4255110315354577
浙江,CEG2000_f4_r0025_c0117,2,36.40696310088585,36.035273959862614,0.37168914102323214,0.010314591792398551,4,36.68113775215064,4,0.0,-1.009464282322986,0.4255110315354577
浙江,CEG2000_f4_r0025_c0117,3,35.97590739521382,36.40696310088585,-0.4310557056720299,-0.011839924809920263,4,36.68113775215064,4,0.0,-1.009464282322986,0.4255110315354577
浙江,CEG2000_f4_r0025_c0117,4,33.639132682928796,35.97590739521382,-2.3367747122850204,-0.06495387834459185,3,32.92959099270833,3,-2.9047721073376245,-1.009464282322986,0.4255110315354577
浙江,CEG2000_f4_r0025_c0117,5,33.55828811195138,33.639132682928796,-0.08084457097741904,-0.0024032893992670056,3,32.92959099270833,4,0.0,-1.009464282322986,0.4255110315354577
浙江,CEG2000_f4_r0025_c0117,6,21.317009813592893,33.55828811195138,-12.241278298358484,-0.36477660175993604,0,21.674950714381367,0,-11.619088429350501,-1.009464282322986,0.4255110315354577
浙江,CEG2000_f4_r0025_c0117,7,21.05799699426434,21.317009813592893,-0.2590128193285537,-0.01215052306085598,0,21.674950714381367,4,0.0,-1.009464282322986,0.4255110315354577
浙江,CEG2000_f4_r0025_c0117,8,19.654262848575044,21.05799699426434,-1.4037341456892953,-0.06666038303983217,0,21.674950714381367,4,0.0,-1.009464282322986,0.4255110315354577
浙江,CEG2000_f4_r0025_c0117,9,24.151374619670047,19.654262848575044,4.497111771095003,0.22881101192869457,1,25.426497473823687,6,5.8095442146752525,-1.009464282322986,0.4255110315354577
浙江,CEG2000_f4_r0025_c0117,10,26.060516187665563,24.151374619670047,1.9091415679955155,0.07904898160291954,1,25.426497473823687,5,2.9047721073376263,-1.009464282322986,0.4255110315354577
浙江,CEG2000_f4_r0025_c0117,11,26.77304313134575,26.060516187665563,0.7125269436801887,0.02734124445383885,1,25.426497473823687,4,0.0,-1.009464282322986,0.4255110315354577
浙江,CEG2000_f4_r0025_c0117,12,30.87664828664243,26.77304313134575,4.103605155296677,0.1532737662717241,2,29.178044233266007,5,2.9047721073376263,-1.009464282322986,0.4255110315354577
浙江,CEG2000_f4_r0025_c0118,1,37.09857165099084,,,,4,36.68113775215064,4,,-0.6954966884182189,0.6247648329486553
浙江,CEG2000_f4_r0025_c0118,2,36.64236270415052,37.09857165099084,-0.4562089468403201,-0.012297210553876824,4,36.68113775215064,4,0.0,-0.6954966884182189,0.6247648329486553
浙江,CEG2000_f4_r0025_c0118,3,38.208957344671546,36.64236270415052,1.566594640521025,0.04275364700605332,4,36.68113775215064,5,2.9047721073376263,-0.6954966884182189,0.6247648329486553
浙江,CEG2000_f4_r0025_c0118,4,36.32334444900941,38.208957344671546,-1.8856128956621347,-0.049350022264480715,4,36.68113775215064,3,-2.9047721073376245,-0.6954966884182189,0.6247648329486553
浙江,CEG2000_f4_r0025_c0118,5,35.05994986515049,36.32334444900941,-1.2633945838589185,-0.03478189035242797,4,36.68113775215064,4,0.0,-0.6954966884182189,0.6247648329486553
浙江,CEG2000_f4_r0025_c0118,6,22.80186775493183,35.05994986515049,-12.258082110218663,-0.34963204902934464,0,21.674950714381367,0,-11.619088429350501,-0.6954966884182189,0.6247648329486553
浙江,CEG2000_f4_r0025_c0118,7,22.309938482050573,22.80186775493183,-0.4919292728812579,-0.02157407797327735,0,21.674950714381367,4,0.0,-0.6954966884182189,0.6247648329486553
浙江,CEG2000_f4_r0025_c0118,8,20.47655493405316,22.309938482050573,-1.833383547997414,-0.0821778845097426,0,21.674950714381367,3,-2.9047721073376245,-0.6954966884182189,0.6247648329486553
浙江,CEG2000_f4_r0025_c0118,9,25.8157677529178,20.47655493405316,5.339212818864642,0.2607476128704327,1,25.426497473823687,6,5.8095442146752525,-0.6954966884182189,0.6247648329486553
浙江,CEG2000_f4_r0025_c0118,10,27.631368731400286,25.8157677529178,1.815600978482486,0.07032914906345482,2,29.178044233266007,5,2.9047721073376263,-0.6954966884182189,0.6247648329486553
浙江,CEG2000_f4_r0025_c0118,11,29.12672869924545,27.631368731400286,1.4953599678451646,0.05411820103380682,2,29.178044233266007,5,2.9047721073376263,-0.6954966884182189,0.6247648329486553
浙江,CEG2000_f4_r0025_c0118,12,32.84157897234791,29.12672869924545,3.71485027310246,0.1275409371049175,3,32.92959099270833,5,2.9047721073376263,-0.6954966884182189,0.6247648329486553
浙江,CEG2000_f4_r0025_c0119,1,40.42044312802505,,,,5,40.43268451159296,4,,-0.543488951153374,0.7525932827688155
浙江,CEG2000_f4_r0025_c0119,2,37.69168406251033,40.42044312802505,-2.7287590655147156,-0.06750938026265135,4,36.68113775215064,3,-2.9047721073376245,-0.543488951153374,0.7525932827688155
浙江,CEG2000_f4_r0025_c0119,3,42.35214362228387,37.69168406251033,4.660459559773535,0.12364689123585794,6,44.18423127103528,6,5.8095442146752525,-0.543488951153374,0.7525932827688155
浙江,CEG2000_f4_r0025_c0119,4,42.08006360219412,42.35214362228387,-0.27208002008974574,-0.006424232561078419,5,40.43268451159296,4,0.0,-0.543488951153374,0.7525932827688155
浙江,CEG2000_f4_r0025_c0119,5,39.232618780079115,42.08006360219412,-2.8474448221150084,-0.06766731269784816,5,40.43268451159296,3,-2.9047721073376245,-0.543488951153374,0.7525932827688155
浙江,CEG2000_f4_r0025_c0119,6,24.824557777080965,39.232618780079115,-14.40806100299815,-0.36724698607970657,1,25.426497473823687,0,-11.619088429350501,-0.543488951153374,0.7525932827688155
浙江,CEG2000_f4_r0025_c0119,7,23.587586868705376,24.824557777080965,-1.2369709083755893,-0.04982851736910338,1,25.426497473823687,4,0.0,-0.543488951153374,0.7525932827688155
浙江,CEG2000_f4_r0025_c0119,8,21.66851716045746,23.587586868705376,-1.9190697082479176,-0.0813593064407121,0,21.674950714381367,3,-2.9047721073376245,-0.543488951153374,0.7525932827688155
浙江,CEG2000_f4_r0025_c0119,9,28.45411491423501,21.66851716045746,6.785597753777552,0.3131546890601487,2,29.178044233266007,6,5.8095442146752525,-0.543488951153374,0.7525932827688155
浙江,CEG2000_f4_r0025_c0119,10,29.294748815283903,28.45411491423501,0.8406339010488928,0.029543491462752928,2,29.178044233266007,4,0.0,-0.543488951153374,0.7525932827688155
浙江,CEG2000_f4_r0025_c0119,11,34.034834230207494,29.294748815283903,4.740085414923591,0.1618066584155367,3,32.92959099270833,6,5.8095442146752525,-0.543488951153374,0.7525932827688155
浙江,CEG2000_f4_r0025_c0119,12,40.6956308752125,34.034834230207494,6.660796645005007,0.19570527653968242,5,40.43268451159296,6,5.8095442146752525,-0.543488951153374,0.7525932827688155
浙江,CEG2000_f4_r0026_c0111,1,40.55590428648988,,,,5,40.43268451159296,4,,-3.069173770469178,0.9368438098530064
浙江,CEG2000_f4_r0026_c0111,2,36.14368138691345,40.55590428648988,-4.412222899576427,-0.10879360175051607,4,36.68113775215064,2,-5.80954421467525,-3.069173770469178,0.9368438098530064
浙江,CEG2000_f4_r0026_c0111,3,40.46113686154523,36.14368138691345,4.317455474631778,0.11945256567569788,5,40.43268451159296,5,2.9047721073376263,-3.069173770469178,0.9368438098530064
浙江,CEG2000_f4_r0026_c0111,4,36.94908355492019,40.46113686154523,-3.5120533066250346,-0.08680065808934138,4,36.68113775215064,3,-2.9047721073376245,-3.069173770469178,0.9368438098530064
浙江,CEG2000_f4_r0026_c0111,5,40.082998079353786,36.94908355492019,3.1339145244335924,0.08481711108681275,5,40.43268451159296,5,2.9047721073376263,-3.069173770469178,0.9368438098530064
浙江,CEG2000_f4_r0026_c0111,6,25.942415117532885,40.082998079353786,-14.1405829618209,-0.3527825671579324,1,25.426497473823687,0,-11.619088429350501,-3.069173770469178,0.9368438098530064
浙江,CEG2000_f4_r0026_c0111,7,27.65442220324131,25.942415117532885,1.712007085708425,0.06599258696432564,2,29.178044233266007,5,2.9047721073376263,-3.069173770469178,0.9368438098530064
浙江,CEG2000_f4_r0026_c0111,8,25.89731115536679,27.65442220324131,-1.7571110478745204,-0.06353815801903008,1,25.426497473823687,3,-2.9047721073376245,-3.069173770469178,0.9368438098530064
浙江,CEG2000_f4_r0026_c0111,9,31.152612557284833,25.89731115536679,5.255301401918043,0.20292845733635048,3,32.92959099270833,6,5.8095442146752525,-3.069173770469178,0.9368438098530064
浙江,CEG2000_f4_r0026_c0111,10,28.92676233936655,31.152612557284833,-2.225850217918282,-0.07144987322733488,2,29.178044233266007,3,-2.9047721073376245,-3.069173770469178,0.9368438098530064
浙江,CEG2000_f4_r0026_c0111,11,30.90181171855328,28.92676233936655,1.9750493791867285,0.06827758170844013,2,29.178044233266007,5,2.9047721073376263,-3.069173770469178,0.9368438098530064
浙江,CEG2000_f4_r0026_c0111,12,36.64904950581816,30.90181171855328,5.747237787264883,0.1859838458537456,4,36.68113775215064,6,5.8095442146752525,-3.069173770469178,0.9368438098530064
浙江,CEG2000_f4_r0026_c0112,1,41.16638884873176,,,,5,40.43268451159296,4,,-2.9858149589394505,0.8344497237799627
浙江,CEG2000_f4_r0026_c0112,2,37.10491898334223,41.16638884873176,-4.061469865389533,-0.09865985283075557,4,36.68113775215064,3,-2.9047721073376245,-2.9858149589394505,0.8344497237799627
浙江,CEG2000_f4_r0026_c0112,3,40.992105448018414,37.10491898334223,3.8871864646761836,0.10476202539133114,5,40.43268451159296,5,2.9047721073376263,-2.9858149589394505,0.8344497237799627
浙江,CEG2000_f4_r0026_c0112,4,38.52851965137205,40.992105448018414,-2.4635857966463632,-0.0600990305260218,4,36.68113775215064,3,-2.9047721073376245,-2.9858149589394505,0.8344497237799627
浙江,CEG2000_f4_r0026_c0112,5,42.84272301318868,38.52851965137205,4.314203361816631,0.11197428296892784,6,44.18423127103528,5,2.9047721073376263,-2.9858149589394505,0.8344497237799627
浙江,CEG2000_f4_r0026_c0112,6,26.99704724491088,42.84272301318868,-15.8456757682778,-0.36985687775727694,1,25.426497473823687,0,-11.619088429350501,-2.9858149589394505,0.8344497237799627
浙江,CEG2000_f4_r0026_c0112,7,29.03326259390392,26.99704724491088,2.0362153489930392,0.07542363172242399,2,29.178044233266007,5,2.9047721073376263,-2.9858149589394505,0.8344497237799627
浙江,CEG2000_f4_r0026_c0112,8,26.858926498927417,29.03326259390392,-2.1743360949765034,-0.07489120755698486,1,25.426497473823687,3,-2.9047721073376245,-2.9858149589394505,0.8344497237799627
浙江,CEG2000_f4_r0026_c0112,9,32.984274701142276,26.858926498927417,6.125348202214859,0.2280563298931351,3,32.92959099270833,6,5.8095442146752525,-2.9858149589394505,0.8344497237799627
浙江,CEG2000_f4_r0026_c0112,10,30.13193680015194,32.984274701142276,-2.852337900990335,-0.08647568960767708,2,29.178044233266007,3,-2.9047721073376245,-2.9858149589394505,0.8344497237799627
浙江,CEG2000_f4_r0026_c0112,11,32.69815065262811,30.13193680015194,2.5662138524761673,0.08516591115587456,3,32.92959099270833,5,2.9047721073376263,-2.9858149589394505,0.8344497237799627
浙江,CEG2000_f4_r0026_c0112,12,39.9334497921088,32.69815065262811,7.235299139480695,0.22127548485373313,5,40.43268451159296,6,5.8095442146752525,-2.9858149589394505,0.8344497237799627
浙江,CEG2000_f4_r0026_c0113,1,41.68582975434043,,,,5,40.43268451159296,4,,-2.9333664927603755,0.6533706140394892
浙江,CEG2000_f4_r0026_c0113,2,37.44596989688453,41.68582975434043,-4.2398598574559045,-0.10170985878035545,4,36.68113775215064,3,-2.9047721073376245,-2.9333664927603755,0.6533706140394892
浙江,CEG2000_f4_r0026_c0113,3,41.07315852148238,37.44596989688453,3.6271886245978493,0.09686459276087887,5,40.43268451159296,5,2.9047721073376263,-2.9333664927603755,0.6533706140394892
浙江,CEG2000_f4_r0026_c0113,4,38.93754538433292,41.07315852148238,-2.1356131371494556,-0.051995347181115176,5,40.43268451159296,3,-2.9047721073376245,-2.9333664927603755,0.6533706140394892
浙江,CEG2000_f4_r0026_c0113,5,43.687918037295795,38.93754538433292,4.750372652962874,0.12199979752381243,6,44.18423127103528,6,5.8095442146752525,-2.9333664927603755,0.6533706140394892
浙江,CEG2000_f4_r0026_c0113,6,26.184384181937357,43.687918037295795,-17.503533855358437,-0.4006493017226388,1,25.426497473823687,0,-11.619088429350501,-2.9333664927603755,0.6533706140394892
浙江,CEG2000_f4_r0026_c0113,7,28.706885251362912,26.184384181937357,2.522501069425555,0.09633608535142253,2,29.178044233266007,5,2.9047721073376263,-2.9333664927603755,0.6533706140394892
浙江,CEG2000_f4_r0026_c0113,8,26.70048208336095,28.706885251362912,-2.006403168001963,-0.06989275048245457,1,25.426497473823687,3,-2.9047721073376245,-2.9333664927603755,0.6533706140394892
浙江,CEG2000_f4_r0026_c0113,9,31.806353978023765,26.70048208336095,5.105871894662815,0.19122770438083825,3,32.92959099270833,6,5.8095442146752525,-2.9333664927603755,0.6533706140394892
浙江,CEG2000_f4_r0026_c0113,10,29.338162175059683,31.806353978023765,-2.468191802964082,-0.07760058901027923,2,29.178044233266007,3,-2.9047721073376245,-2.9333664927603755,0.6533706140394892
浙江,CEG2000_f4_r0026_c0113,11,31.47285001799954,29.338162175059683,2.134687842939858,0.07276147122652939,3,32.92959099270833,5,2.9047721073376263,-2.9333664927603755,0.6533706140394892
浙江,CEG2000_f4_r0026_c0113,12,40.92033321161408,31.47285001799954,9.447483193614538,0.300178826773281,5,40.43268451159296,7,8.714316322012877,-2.9333664927603755,0.6533706140394892
浙江,CEG2000_f4_r0026_c0114,1,41.32536544592721,,,,5,40.43268451159296,4,,-2.829392726725061,0.4363961780386021
浙江,CEG2000_f4_r0026_c0114,2,38.744147733730415,41.32536544592721,-2.5812177121967963,-0.062460856288717614,5,40.43268451159296,3,-2.9047721073376245,-2.829392726725061,0.4363961780386021
浙江,CEG2000_f4_r0026_c0114,3,41.27769872621409,38.744147733730415,2.5335509924836757,0.06539183697872342,5,40.43268451159296,5,2.9047721073376263,-2.829392726725061,0.4363961780386021
浙江,CEG2000_f4_r0026_c0114,4,37.86071084854344,41.27769872621409,-3.4169878776706497,-0.08278048396871104,4,36.68113775215064,3,-2.9047721073376245,-2.829392726725061,0.4363961780386021
浙江,CEG2000_f4_r0026_c0114,5,41.68075848817935,37.86071084854344,3.8200476396359093,0.10089740932011244,5,40.43268451159296,5,2.9047721073376263,-2.829392726725061,0.4363961780386021
浙江,CEG2000_f4_r0026_c0114,6,25.204733128396853,41.68075848817935,-16.476025359782497,-0.39529091977669006,1,25.426497473823687,0,-11.619088429350501,-2.829392726725061,0.4363961780386021
浙江,CEG2000_f4_r0026_c0114,7,27.38110398895386,25.204733128396853,2.1763708605570073,0.08634770499136943,2,29.178044233266007,5,2.9047721073376263,-2.829392726725061,0.4363961780386021
浙江,CEG2000_f4_r0026_c0114,8,25.572443304855465,27.38110398895386,-1.8086606840983954,-0.06605506793400474,1,25.426497473823687,3,-2.9047721073376245,-2.829392726725061,0.4363961780386021
浙江,CEG2000_f4_r0026_c0114,9,30.312881167583303,25.572443304855465,4.740437862727838,0.18537289558983072,2,29.178044233266007,6,5.8095442146752525,-2.829392726725061,0.4363961780386021
浙江,CEG2000_f4_r0026_c0114,10,28.716619816773377,30.312881167583303,-1.5962613508099253,-0.0526595061018803,2,29.178044233266007,3,-2.9047721073376245,-2.829392726725061,0.4363961780386021
浙江,CEG2000_f4_r0026_c0114,11,30.4451581401258,28.716619816773377,1.7285383233524207,0.06019295914287173,2,29.178044233266007,5,2.9047721073376263,-2.829392726725061,0.4363961780386021
浙江,CEG2000_f4_r0026_c0114,12,39.66204693063904,30.4451581401258,9.216888790513245,0.30273742537620996,5,40.43268451159296,7,8.714316322012877,-2.829392726725061,0.4363961780386021
浙江,CEG2000_f4_r0026_c0115,1,41.25752988653048,,,,5,40.43268451159296,4,,-2.542264379545486,0.2527023908216319
浙江,CEG2000_f4_r0026_c0115,2,37.91254219380176,41.25752988653048,-3.344987692728715,-0.08107581093507897,4,36.68113775215064,3,-2.9047721073376245,-2.542264379545486,0.2527023908216319
浙江,CEG2000_f4_r0026_c0115,3,43.493497444884746,37.91254219380176,5.580955251082983,0.14720604127663592,6,44.18423127103528,6,5.8095442146752525,-2.542264379545486,0.2527023908216319
浙江,CEG2000_f4_r0026_c0115,4,39.43468231551749,43.493497444884746,-4.058815129367254,-0.09332004478394987,5,40.43268451159296,3,-2.9047721073376245,-2.542264379545486,0.2527023908216319
浙江,CEG2000_f4_r0026_c0115,5,40.64722919883192,39.43468231551749,1.212546883314431,0.030748235109714465,5,40.43268451159296,4,0.0,-2.542264379545486,0.2527023908216319
浙江,CEG2000_f4_r0026_c0115,6,26.198969346812977,40.64722919883192,-14.448259852018946,-0.355454975327916,1,25.426497473823687,0,-11.619088429350501,-2.542264379545486,0.2527023908216319
浙江,CEG2000_f4_r0026_c0115,7,27.856020919332583,26.198969346812977,1.657051572519606,0.06324873129870588,2,29.178044233266007,5,2.9047721073376263,-2.542264379545486,0.2527023908216319
浙江,CEG2000_f4_r0026_c0115,8,25.339652998623237,27.856020919332583,-2.516367920709346,-0.09033479433392229,1,25.426497473823687,3,-2.9047721073376245,-2.542264379545486,0.2527023908216319
浙江,CEG2000_f4_r0026_c0115,9,30.219195171720987,25.339652998623237,4.87954217309775,0.1925654693599343,2,29.178044233266007,6,5.8095442146752525,-2.542264379545486,0.2527023908216319
浙江,CEG2000_f4_r0026_c0115,10,30.18371922342305,30.219195171720987,-0.0354759482979361,-0.0011739541075248214,2,29.178044233266007,4,0.0,-2.542264379545486,0.2527023908216319
浙江,CEG2000_f4_r0026_c0115,11,31.414647392483825,30.18371922342305,1.2309281690607747,0.040781195980167835,3,32.92959099270833,4,0.0,-2.542264379545486,0.2527023908216319
浙江,CEG2000_f4_r0026_c0115,12,42.02964336446466,31.414647392483825,10.614995971980836,0.3378995740222934,5,40.43268451159296,8,11.619088429350501,-2.542264379545486,0.2527023908216319
浙江,CEG2000_f4_r0026_c0116,1,39.73226465748134,,,,5,40.43268451159296,4,,-1.4017037686761793,0.1064599060729355
浙江,CEG2000_f4_r0026_c0116,2,37.16023915856173,39.73226465748134,-2.572025498919608,-0.06473392647240689,4,36.68113775215064,3,-2.9047721073376245,-1.4017037686761793,0.1064599060729355
浙江,CEG2000_f4_r0026_c0116,3,40.97820547543202,37.16023915856173,3.81796631687029,0.10274331929294458,5,40.43268451159296,5,2.9047721073376263,-1.4017037686761793,0.1064599060729355
浙江,CEG2000_f4_r0026_c0116,4,37.812650936603475,40.97820547543202,-3.1655545388285447,-0.07724971120871592,4,36.68113775215064,3,-2.9047721073376245,-1.4017037686761793,0.1064599060729355
浙江,CEG2000_f4_r0026_c0116,5,38.317789189530856,37.812650936603475,0.5051382529273809,0.013358974851413975,4,36.68113775215064,4,0.0,-1.4017037686761793,0.1064599060729355
浙江,CEG2000_f4_r0026_c0116,6,25.66423025597169,38.317789189530856,-12.653558933559165,-0.3302267484945701,1,25.426497473823687,0,-11.619088429350501,-1.4017037686761793,0.1064599060729355
浙江,CEG2000_f4_r0026_c0116,7,25.50280761553575,25.66423025597169,-0.16142264043594068,-0.0062897908421929,1,25.426497473823687,4,0.0,-1.4017037686761793,0.1064599060729355
浙江,CEG2000_f4_r0026_c0116,8,23.966306242999927,25.50280761553575,-1.5365013725358239,-0.060248322290594424,1,25.426497473823687,3,-2.9047721073376245,-1.4017037686761793,0.1064599060729355
浙江,CEG2000_f4_r0026_c0116,9,28.411182057029897,23.966306242999927,4.44487581402997,0.18546353238427088,2,29.178044233266007,6,5.8095442146752525,-1.4017037686761793,0.1064599060729355
浙江,CEG2000_f4_r0026_c0116,10,28.475570308335666,28.411182057029897,0.06438825130576831,0.002266299627256672,2,29.178044233266007,4,0.0,-1.4017037686761793,0.1064599060729355
浙江,CEG2000_f4_r0026_c0116,11,28.682986926357867,28.475570308335666,0.2074166180222008,0.007284019802809134,2,29.178044233266007,4,0.0,-1.4017037686761793,0.1064599060729355
浙江,CEG2000_f4_r0026_c0116,12,38.88573785418121,28.682986926357867,10.202750927823342,0.35570740781001625,5,40.43268451159296,8,11.619088429350501,-1.4017037686761793,0.1064599060729355
浙江,CEG2000_f4_r0026_c0117,1,37.94981916117647,,,,4,36.68113775215064,4,,-0.5058643735081041,0.2793437812677228
浙江,CEG2000_f4_r0026_c0117,2,35.99483675025289,37.94981916117647,-1.9549824109235843,-0.05151493351313715,4,36.68113775215064,3,-2.9047721073376245,-0.5058643735081041,0.2793437812677228
浙江,CEG2000_f4_r0026_c0117,3,38.29327226532338,35.99483675025289,2.2984355150704943,0.06385458922950515,4,36.68113775215064,5,2.9047721073376263,-0.5058643735081041,0.2793437812677228
浙江,CEG2000_f4_r0026_c0117,4,34.89830479567388,38.29327226532338,-3.394967469649501,-0.08865702168586483,4,36.68113775215064,3,-2.9047721073376245,-0.5058643735081041,0.2793437812677228
浙江,CEG2000_f4_r0026_c0117,5,35.78919715993596,34.89830479567388,0.8908923642620792,0.0255282418294575,4,36.68113775215064,4,0.0,-0.5058643735081041,0.2793437812677228
浙江,CEG2000_f4_r0026_c0117,6,23.418973166696837,35.78919715993596,-12.370223993239122,-0.3456412821432862,0,21.674950714381367,0,-11.619088429350501,-0.5058643735081041,0.2793437812677228
浙江,CEG2000_f4_r0026_c0117,7,22.29416469277455,23.418973166696837,-1.1248084739222861,-0.04802979472737217,0,21.674950714381367,4,0.0,-0.5058643735081041,0.2793437812677228
浙江,CEG2000_f4_r0026_c0117,8,21.628043859794552,22.29416469277455,-0.666120832979999,-0.029878707821508383,0,21.674950714381367,4,0.0,-0.5058643735081041,0.2793437812677228
浙江,CEG2000_f4_r0026_c0117,9,25.620900353251425,21.628043859794552,3.9928564934568733,0.18461477696923823,1,25.426497473823687,5,2.9047721073376263,-0.5058643735081041,0.2793437812677228
浙江,CEG2000_f4_r0026_c0117,10,26.695129655808568,25.620900353251425,1.0742293025571428,0.04192785139265481,1,25.426497473823687,4,0.0,-0.5058643735081041,0.2793437812677228
浙江,CEG2000_f4_r0026_c0117,11,27.022006735614983,26.695129655808568,0.32687707980641534,0.01224482083514775,1,25.426497473823687,4,0.0,-0.5058643735081041,0.2793437812677228
浙江,CEG2000_f4_r0026_c0117,12,33.69939919187429,27.022006735614983,6.677392456259309,0.24710942164996616,3,32.92959099270833,6,5.8095442146752525,-0.5058643735081041,0.2793437812677228
浙江,CEG2000_f4_r0026_c0118,1,38.87500530871253,,,,5,40.43268451159296,4,,-0.2829181367331247,0.4589905664545157
浙江,CEG2000_f4_r0026_c0118,2,37.22790378348871,38.87500530871253,-1.6471015252238175,-0.04236916528098003,4,36.68113775215064,3,-2.9047721073376245,-0.2829181367331247,0.4589905664545157
浙江,CEG2000_f4_r0026_c0118,3,39.841439856917155,37.22790378348871,2.613536073428442,0.07020368615510376,5,40.43268451159296,5,2.9047721073376263,-0.2829181367331247,0.4589905664545157
浙江,CEG2000_f4_r0026_c0118,4,37.07533535881179,39.841439856917155,-2.7661044981053635,-0.06942782459768759,4,36.68113775215064,3,-2.9047721073376245,-0.2829181367331247,0.4589905664545157
浙江,CEG2000_f4_r0026_c0118,5,37.07066287643855,37.07533535881179,-0.004672482373244691,-0.0001260267055719071,4,36.68113775215064,4,0.0,-0.2829181367331247,0.4589905664545157
浙江,CEG2000_f4_r0026_c0118,6,24.118409135922413,37.07066287643855,-12.952253740516134,-0.34939363732684575,1,25.426497473823687,0,-11.619088429350501,-0.2829181367331247,0.4589905664545157
浙江,CEG2000_f4_r0026_c0118,7,22.837775339120732,24.118409135922413,-1.2806337968016805,-0.05309777231095564,0,21.674950714381367,4,0.0,-0.2829181367331247,0.4589905664545157
浙江,CEG2000_f4_r0026_c0118,8,21.509828029882993,22.837775339120732,-1.3279473092377394,-0.05814696438330346,0,21.674950714381367,4,0.0,-0.2829181367331247,0.4589905664545157
浙江,CEG2000_f4_r0026_c0118,9,25.98386509426291,21.509828029882993,4.474037064379917,0.20799966685759946,1,25.426497473823687,6,5.8095442146752525,-0.2829181367331247,0.4589905664545157
浙江,CEG2000_f4_r0026_c0118,10,28.676416783678143,25.98386509426291,2.6925516894152324,0.10362398664122269,2,29.178044233266007,5,2.9047721073376263,-0.2829181367331247,0.4589905664545157
浙江,CEG2000_f4_r0026_c0118,11,29.575347081013614,28.676416783678143,0.8989302973354718,0.03134737174859026,2,29.178044233266007,4,0.0,-0.2829181367331247,0.4589905664545157
浙江,CEG2000_f4_r0026_c0118,12,35.43570711616712,29.575347081013614,5.860360035153509,0.19815016943336783,4,36.68113775215064,6,5.8095442146752525,-0.2829181367331247,0.4589905664545157
浙江,CEG2000_f4_r0026_c0119,1,37.90311363490561,,,,4,36.68113775215064,4,,-0.1998048703269663,0.65892123330818
浙江,CEG2000_f4_r0026_c0119,2,36.347924558206394,37.90311363490561,-1.5551890766992145,-0.041030641748307846,4,36.68113775215064,3,-2.9047721073376245,-0.1998048703269663,0.65892123330818
浙江,CEG2000_f4_r0026_c0119,3,39.85226069275584,36.347924558206394,3.5043361345494475,0.09641090040609379,5,40.43268451159296,5,2.9047721073376263,-0.1998048703269663,0.65892123330818
浙江,CEG2000_f4_r0026_c0119,4,38.799274983157495,39.85226069275584,-1.052985709598346,-0.026422232799198586,5,40.43268451159296,4,0.0,-0.1998048703269663,0.65892123330818
浙江,CEG2000_f4_r0026_c0119,5,36.99902451474097,38.799274983157495,-1.8002504684165288,-0.04639907496204518,4,36.68113775215064,3,-2.9047721073376245,-0.1998048703269663,0.65892123330818
浙江,CEG2000_f4_r0026_c0119,6,24.755656865606152,36.99902451474097,-12.243367649134814,-0.33091055263516134,1,25.426497473823687,0,-11.619088429350501,-0.1998048703269663,0.65892123330818
浙江,CEG2000_f4_r0026_c0119,7,23.02570396142642,24.755656865606152,-1.7299529041797328,-0.06988111499409305,0,21.674950714381367,3,-2.9047721073376245,-0.1998048703269663,0.65892123330818
浙江,CEG2000_f4_r0026_c0119,8,21.034783148312524,23.02570396142642,-1.9909208131138953,-0.08646514419056049,0,21.674950714381367,3,-2.9047721073376245,-0.1998048703269663,0.65892123330818
浙江,CEG2000_f4_r0026_c0119,9,26.62061960102189,21.034783148312524,5.585836452709366,0.2655523669212382,1,25.426497473823687,6,5.8095442146752525,-0.1998048703269663,0.65892123330818
浙江,CEG2000_f4_r0026_c0119,10,29.00207364914364,26.62061960102189,2.38145404812175,0.08945900147381741,2,29.178044233266007,5,2.9047721073376263,-0.1998048703269663,0.65892123330818
浙江,CEG2000_f4_r0026_c0119,11,31.436930882940143,29.00207364914364,2.434857233796503,0.08395459108381371,3,32.92959099270833,5,2.9047721073376263,-0.1998048703269663,0.65892123330818
浙江,CEG2000_f4_r0026_c0119,12,36.564057365385715,31.436930882940143,5.127126482445572,0.16309246285959506,4,36.68113775215064,6,5.8095442146752525,-0.1998048703269663,0.65892123330818
浙江,CEG2000_f4_r0027_c0111,1,39.06452410532993,,,,5,40.43268451159296,4,,3.0600757207243814,0.9279400360946276
浙江,CEG2000_f4_r0027_c0111,2,35.06409626160004,39.06452410532993,-4.000427843729888,-0.10240564643622711,4,36.68113775215064,3,-2.9047721073376245,3.0600757207243814,0.9279400360946276
浙江,CEG2000_f4_r0027_c0111,3,39.43861127635358,35.06409626160004,4.374515014753541,0.12475767183950583,5,40.43268451159296,6,5.8095442146752525,3.0600757207243814,0.9279400360946276
浙江,CEG2000_f4_r0027_c0111,4,34.83823039424676,39.43861127635358,-4.600380882106826,-0.11664662454443726,4,36.68113775215064,2,-5.80954421467525,3.0600757207243814,0.9279400360946276
浙江,CEG2000_f4_r0027_c0111,5,37.04713034592411,34.83823039424676,2.2088999516773526,0.06340448199234981,4,36.68113775215064,5,2.9047721073376263,3.0600757207243814,0.9279400360946276
浙江,CEG2000_f4_r0027_c0111,6,24.534659318772302,37.04713034592411,-12.512471027151808,-0.3377446757769841,1,25.426497473823687,0,-11.619088429350501,3.0600757207243814,0.9279400360946276
浙江,CEG2000_f4_r0027_c0111,7,25.46854574212402,24.534659318772302,0.9338864233517192,0.038063965397602685,1,25.426497473823687,4,0.0,3.0600757207243814,0.9279400360946276
浙江,CEG2000_f4_r0027_c0111,8,24.774143288983858,25.46854574212402,-0.6944024531401638,-0.02726510026018675,1,25.426497473823687,4,0.0,3.0600757207243814,0.9279400360946276
浙江,CEG2000_f4_r0027_c0111,9,28.74462741697275,24.774143288983858,3.970484127988893,0.16026726259205984,2,29.178044233266007,5,2.9047721073376263,3.0600757207243814,0.9279400360946276
浙江,CEG2000_f4_r0027_c0111,10,27.305596330145207,28.74462741697275,-1.4390310868275442,-0.050062610516838496,2,29.178044233266007,4,0.0,3.0600757207243814,0.9279400360946276
浙江,CEG2000_f4_r0027_c0111,11,28.05478493396936,27.305596330145207,0.7491886038241518,0.027437181549375366,2,29.178044233266007,4,0.0,3.0600757207243814,0.9279400360946276
浙江,CEG2000_f4_r0027_c0111,12,33.42049772567723,28.05478493396936,5.365712791707871,0.19125838263728576,3,32.92959099270833,6,5.8095442146752525,3.0600757207243814,0.9279400360946276
浙江,CEG2000_f4_r0027_c0112,1,39.1884012721848,,,,5,40.43268451159296,4,,3.0056596604145778,0.7853414092204881
浙江,CEG2000_f4_r0027_c0112,2,35.38660957470777,39.1884012721848,-3.8017916974770287,-0.09701318691394206,4,36.68113775215064,3,-2.9047721073376245,3.0056596604145778,0.7853414092204881
浙江,CEG2000_f4_r0027_c0112,3,40.311690509713365,35.38660957470777,4.925080935005596,0.13917922610268232,5,40.43268451159296,6,5.8095442146752525,3.0056596604145778,0.7853414092204881
浙江,CEG2000_f4_r0027_c0112,4,35.543695907624574,40.311690509713365,-4.767994602088791,-0.11827821016188621,4,36.68113775215064,2,-5.80954421467525,3.0056596604145778,0.7853414092204881
浙江,CEG2000_f4_r0027_c0112,5,37.91208317035971,35.543695907624574,2.3683872627351334,0.06663311741385577,4,36.68113775215064,5,2.9047721073376263,3.0056596604145778,0.7853414092204881
浙江,CEG2000_f4_r0027_c0112,6,24.92523254644629,37.91208317035971,-12.98685062391342,-0.3425517549525412,1,25.426497473823687,0,-11.619088429350501,3.0056596604145778,0.7853414092204881
浙江,CEG2000_f4_r0027_c0112,7,25.696280401261927,24.92523254644629,0.7710478548156381,0.0309344297341599,1,25.426497473823687,4,0.0,3.0056596604145778,0.7853414092204881
浙江,CEG2000_f4_r0027_c0112,8,25.327909130027304,25.696280401261927,-0.3683712712346221,-0.014335587310003499,1,25.426497473823687,4,0.0,3.0056596604145778,0.7853414092204881
浙江,CEG2000_f4_r0027_c0112,9,28.640623961494633,25.327909130027304,3.3127148314673285,0.13079306366982996,2,29.178044233266007,5,2.9047721073376263,3.0056596604145778,0.7853414092204881
浙江,CEG2000_f4_r0027_c0112,10,27.27334128590851,28.640623961494633,-1.3672826755861216,-0.047739276819678926,1,25.426497473823687,4,0.0,3.0056596604145778,0.7853414092204881
浙江,CEG2000_f4_r0027_c0112,11,28.21153442402153,27.27334128590851,0.938193138113018,0.03439964059694292,2,29.178044233266007,4,0.0,3.0056596604145778,0.7853414092204881
浙江,CEG2000_f4_r0027_c0112,12,34.81650394801844,28.21153442402153,6.604969523996914,0.2341230159524014,4,36.68113775215064,6,5.8095442146752525,3.0056596604145778,0.7853414092204881
浙江,CEG2000_f4_r0027_c0113,1,40.84783102523918,,,,5,40.43268451159296,4,,2.9596150054422146,0.6067635105851525
浙江,CEG2000_f4_r0027_c0113,2,36.46499044035661,40.84783102523918,-4.382840584882572,-0.10729677622722464,4,36.68113775215064,2,-5.80954421467525,2.9596150054422146,0.6067635105851525
浙江,CEG2000_f4_r0027_c0113,3,41.36227503110341,36.46499044035661,4.8972845907468,0.1343009975213614,5,40.43268451159296,6,5.8095442146752525,2.9596150054422146,0.6067635105851525
浙江,CEG2000_f4_r0027_c0113,4,36.94451243436758,41.36227503110341,-4.417762596735827,-0.10680656693602512,4,36.68113775215064,2,-5.80954421467525,2.9596150054422146,0.6067635105851525
浙江,CEG2000_f4_r0027_c0113,5,40.578073717097745,36.94451243436758,3.633561282730163,0.09835185372077201,5,40.43268451159296,5,2.9047721073376263,2.9596150054422146,0.6067635105851525
浙江,CEG2000_f4_r0027_c0113,6,26.532282243647252,40.578073717097745,-14.045791473450493,-0.3461423913657153,1,25.426497473823687,0,-11.619088429350501,2.9596150054422146,0.6067635105851525
浙江,CEG2000_f4_r0027_c0113,7,27.64264784365185,26.532282243647252,1.1103656000045987,0.04184960757646315,2,29.178044233266007,4,0.0,2.9596150054422146,0.6067635105851525
浙江,CEG2000_f4_r0027_c0113,8,27.02356046542795,27.64264784365185,-0.6190873782239024,-0.022396095400320927,1,25.426497473823687,4,0.0,2.9596150054422146,0.6067635105851525
浙江,CEG2000_f4_r0027_c0113,9,30.929343177924384,27.02356046542795,3.9057827124964355,0.14453249850230582,2,29.178044233266007,5,2.9047721073376263,2.9596150054422146,0.6067635105851525
浙江,CEG2000_f4_r0027_c0113,10,29.39696046608624,30.929343177924384,-1.5323827118381423,-0.049544625083790025,2,29.178044233266007,3,-2.9047721073376245,2.9596150054422146,0.6067635105851525
浙江,CEG2000_f4_r0027_c0113,11,30.553587702264768,29.39696046608624,1.156627236178526,0.03934513017129329,2,29.178044233266007,4,0.0,2.9596150054422146,0.6067635105851525
浙江,CEG2000_f4_r0027_c0113,12,38.537240451194016,30.553587702264768,7.983652748929249,0.26130000924040303,4,36.68113775215064,7,8.714316322012877,2.9596150054422146,0.6067635105851525
浙江,CEG2000_f4_r0027_c0114,1,44.74816440934106,,,,6,44.18423127103528,4,,2.867573141661316,0.4424856152363475
浙江,CEG2000_f4_r0027_c0114,2,39.59252751280971,44.74816440934106,-5.155636896531348,-0.11521448900941114,5,40.43268451159296,2,-5.80954421467525,2.867573141661316,0.4424856152363475
浙江,CEG2000_f4_r0027_c0114,3,46.55334148605437,39.59252751280971,6.960813973244662,0.17581130608528517,7,47.9357780304776,6,5.8095442146752525,2.867573141661316,0.4424856152363475
浙江,CEG2000_f4_r0027_c0114,4,42.727467229046326,46.55334148605437,-3.8258742570080457,-0.08218259172983605,6,44.18423127103528,3,-2.9047721073376245,2.867573141661316,0.4424856152363475
浙江,CEG2000_f4_r0027_c0114,5,46.111429755740055,42.727467229046326,3.383962526693729,0.07919876243900775,7,47.9357780304776,5,2.9047721073376263,2.867573141661316,0.4424856152363475
浙江,CEG2000_f4_r0027_c0114,6,29.79320300474127,46.111429755740055,-16.318226750998786,-0.35388680935375805,2,29.178044233266007,0,-11.619088429350501,2.867573141661316,0.4424856152363475
浙江,CEG2000_f4_r0027_c0114,7,31.166771093208197,29.79320300474127,1.3735680884669286,0.0461034044660569,3,32.92959099270833,4,0.0,2.867573141661316,0.4424856152363475
浙江,CEG2000_f4_r0027_c0114,8,29.56841525856653,31.166771093208197,-1.5983558346416658,-0.051283972595735985,2,29.178044233266007,3,-2.9047721073376245,2.867573141661316,0.4424856152363475
浙江,CEG2000_f4_r0027_c0114,9,34.7759764148165,29.56841525856653,5.207561156249966,0.1761190483396379,3,32.92959099270833,6,5.8095442146752525,2.867573141661316,0.4424856152363475
浙江,CEG2000_f4_r0027_c0114,10,33.931371936487125,34.7759764148165,-0.8446044783293729,-0.024287009752212867,3,32.92959099270833,4,0.0,2.867573141661316,0.4424856152363475
浙江,CEG2000_f4_r0027_c0114,11,37.58488449091699,33.931371936487125,3.6535125544298666,0.10767358777206314,4,36.68113775215064,5,2.9047721073376263,2.867573141661316,0.4424856152363475
浙江,CEG2000_f4_r0027_c0114,12,48.1351501164911,37.58488449091699,10.550265625574106,0.28070501661708586,7,47.9357780304776,8,11.619088429350501,2.867573141661316,0.4424856152363475
浙江,CEG2000_f4_r0027_c0115,1,43.01043816711987,,,,6,44.18423127103528,4,,2.604885081590352,0.2659817290322014
浙江,CEG2000_f4_r0027_c0115,2,39.65740927926006,43.01043816711987,-3.3530288878598142,-0.07795849172313477,5,40.43268451159296,3,-2.9047721073376245,2.604885081590352,0.2659817290322014
浙江,CEG2000_f4_r0027_c0115,3,46.46259957670833,39.65740927926006,6.80519029744827,0.17159946706370538,7,47.9357780304776,6,5.8095442146752525,2.604885081590352,0.2659817290322014
浙江,CEG2000_f4_r0027_c0115,4,41.7290050500582,46.46259957670833,-4.73359452665013,-0.10187967461517322,5,40.43268451159296,2,-5.80954421467525,2.604885081590352,0.2659817290322014
浙江,CEG2000_f4_r0027_c0115,5,43.907280593411066,41.7290050500582,2.1782755433528678,0.052200514743637044,6,44.18423127103528,5,2.9047721073376263,2.604885081590352,0.2659817290322014
浙江,CEG2000_f4_r0027_c0115,6,28.760399411778533,43.907280593411066,-15.146881181632533,-0.34497424975814933,2,29.178044233266007,0,-11.619088429350501,2.604885081590352,0.2659817290322014
浙江,CEG2000_f4_r0027_c0115,7,29.79009758234499,28.760399411778533,1.0296981705664585,0.03580263805880095,2,29.178044233266007,4,0.0,2.604885081590352,0.2659817290322014
浙江,CEG2000_f4_r0027_c0115,8,28.221427132459205,29.79009758234499,-1.5686704498857864,-0.052657445835808676,2,29.178044233266007,3,-2.9047721073376245,2.604885081590352,0.2659817290322014
浙江,CEG2000_f4_r0027_c0115,9,32.40335434265105,28.221427132459205,4.181927210191844,0.14818269786866844,3,32.92959099270833,5,2.9047721073376263,2.604885081590352,0.2659817290322014
浙江,CEG2000_f4_r0027_c0115,10,32.809484792353,32.40335434265105,0.4061304497019478,0.012533592831387117,3,32.92959099270833,4,0.0,2.604885081590352,0.2659817290322014
浙江,CEG2000_f4_r0027_c0115,11,33.85078580105907,32.809484792353,1.0413010087060712,0.0317378043360428,3,32.92959099270833,4,0.0,2.604885081590352,0.2659817290322014
浙江,CEG2000_f4_r0027_c0115,12,45.14887566643307,33.85078580105907,11.298089865374003,0.3337615242308652,6,44.18423127103528,8,11.619088429350501,2.604885081590352,0.2659817290322014
浙江,CEG2000_f4_r0027_c0116,1,42.69563077519368,,,,6,44.18423127103528,4,,1.3772227941631172,0.1086139057811834
浙江,CEG2000_f4_r0027_c0116,2,40.4848336452164,42.69563077519368,-2.21079712997728,-0.05178040679660743,5,40.43268451159296,3,-2.9047721073376245,1.3772227941631172,0.1086139057811834
浙江,CEG2000_f4_r0027_c0116,3,45.89377530755945,40.4848336452164,5.408941662343054,0.1336041469194023,6,44.18423127103528,6,5.8095442146752525,1.3772227941631172,0.1086139057811834
浙江,CEG2000_f4_r0027_c0116,4,41.82429370361635,45.89377530755945,-4.069481603943103,-0.0886717550838053,5,40.43268451159296,3,-2.9047721073376245,1.3772227941631172,0.1086139057811834
浙江,CEG2000_f4_r0027_c0116,5,43.0873802999362,41.82429370361635,1.2630865963198517,0.030199830875103063,6,44.18423127103528,4,0.0,1.3772227941631172,0.1086139057811834
浙江,CEG2000_f4_r0027_c0116,6,28.997230365554124,43.0873802999362,-14.090149934382076,-0.32701338155856596,2,29.178044233266007,0,-11.619088429350501,1.3772227941631172,0.1086139057811834
浙江,CEG2000_f4_r0027_c0116,7,29.277585195281777,28.997230365554124,0.2803548297276528,0.009668331292104605,2,29.178044233266007,4,0.0,1.3772227941631172,0.1086139057811834
浙江,CEG2000_f4_r0027_c0116,8,27.544514120016533,29.277585195281777,-1.7330710752652436,-0.059194467839667884,2,29.178044233266007,3,-2.9047721073376245,1.3772227941631172,0.1086139057811834
浙江,CEG2000_f4_r0027_c0116,9,31.01167624706523,27.544514120016533,3.467162127048695,0.12587486974508352,2,29.178044233266007,5,2.9047721073376263,1.3772227941631172,0.1086139057811834
浙江,CEG2000_f4_r0027_c0116,10,31.917308622216087,31.01167624706523,0.9056323751508586,0.029202948203632256,3,32.92959099270833,4,0.0,1.3772227941631172,0.1086139057811834
浙江,CEG2000_f4_r0027_c0116,11,33.43380890330442,31.917308622216087,1.5165002810883301,0.04751341345970406,3,32.92959099270833,5,2.9047721073376263,1.3772227941631172,0.1086139057811834
浙江,CEG2000_f4_r0027_c0116,12,44.97818004016562,33.43380890330442,11.544371136861201,0.3452903368039595,6,44.18423127103528,8,11.619088429350501,1.3772227941631172,0.1086139057811834
浙江,CEG2000_f4_r0027_c0117,1,38.72235312186473,,,,5,40.43268451159296,4,,0.4494956257672951,0.1589455441387295
浙江,CEG2000_f4_r0027_c0117,2,38.37908754826259,38.72235312186473,-0.34326557360213883,-0.008864791158787109,4,36.68113775215064,4,0.0,0.4494956257672951,0.1589455441387295
浙江,CEG2000_f4_r0027_c0117,3,39.90582357345532,38.37908754826259,1.5267360251927329,0.03978041487497135,5,40.43268451159296,5,2.9047721073376263,0.4494956257672951,0.1589455441387295
浙江,CEG2000_f4_r0027_c0117,4,36.51048494753584,39.90582357345532,-3.3953386259194787,-0.08508378782534388,4,36.68113775215064,3,-2.9047721073376245,0.4494956257672951,0.1589455441387295
浙江,CEG2000_f4_r0027_c0117,5,37.863477071250266,36.51048494753584,1.3529921237144222,0.037057632229717564,4,36.68113775215064,4,0.0,0.4494956257672951,0.1589455441387295
浙江,CEG2000_f4_r0027_c0117,6,24.81472116820827,37.863477071250266,-13.048755903041997,-0.344626455686763,1,25.426497473823687,0,-11.619088429350501,0.4494956257672951,0.1589455441387295
浙江,CEG2000_f4_r0027_c0117,7,24.00227963481219,24.81472116820827,-0.812441533396079,-0.03274030475252529,1,25.426497473823687,4,0.0,0.4494956257672951,0.1589455441387295
浙江,CEG2000_f4_r0027_c0117,8,23.114237833480388,24.00227963481219,-0.8880418013318021,-0.036998227453521236,0,21.674950714381367,4,0.0,0.4494956257672951,0.1589455441387295
浙江,CEG2000_f4_r0027_c0117,9,26.05615586300443,23.114237833480388,2.941918029524043,0.12727731066532288,1,25.426497473823687,5,2.9047721073376263,0.4494956257672951,0.1589455441387295
浙江,CEG2000_f4_r0027_c0117,10,27.86981218036051,26.05615586300443,1.8136563173560774,0.0696056750232746,2,29.178044233266007,5,2.9047721073376263,0.4494956257672951,0.1589455441387295
浙江,CEG2000_f4_r0027_c0117,11,27.667729108621632,27.86981218036051,-0.20208307173887619,-0.007250966401606448,2,29.178044233266007,4,0.0,0.4494956257672951,0.1589455441387295
浙江,CEG2000_f4_r0027_c0117,12,36.85491671198894,27.667729108621632,9.18718760336731,0.33205427042093094,4,36.68113775215064,7,8.714316322012877,0.4494956257672951,0.1589455441387295
浙江,CEG2000_f4_r0027_c0118,1,38.881609288112855,,,,5,40.43268451159296,4,,0.2479766472958409,0.4106962534143811
浙江,CEG2000_f4_r0027_c0118,2,36.71218367057829,38.881609288112855,-2.1694256175345643,-0.055795674542663945,4,36.68113775215064,3,-2.9047721073376245,0.2479766472958409,0.4106962534143811
浙江,CEG2000_f4_r0027_c0118,3,39.10844810748271,36.71218367057829,2.396264436904417,0.0652716400202808,5,40.43268451159296,5,2.9047721073376263,0.2479766472958409,0.4106962534143811
浙江,CEG2000_f4_r0027_c0118,4,36.84224350497614,39.10844810748271,-2.266204602506569,-0.057946676796744874,4,36.68113775215064,3,-2.9047721073376245,0.2479766472958409,0.4106962534143811
浙江,CEG2000_f4_r0027_c0118,5,36.990189928991505,36.84224350497614,0.14794642401536606,0.004015673583922312,4,36.68113775215064,4,0.0,0.2479766472958409,0.4106962534143811
浙江,CEG2000_f4_r0027_c0118,6,24.576241089645254,36.990189928991505,-12.41394883934625,-0.33560111108314883,1,25.426497473823687,0,-11.619088429350501,0.2479766472958409,0.4106962534143811
浙江,CEG2000_f4_r0027_c0118,7,22.59271410284311,24.576241089645254,-1.9835269868021435,-0.08070912795683251,0,21.674950714381367,3,-2.9047721073376245,0.2479766472958409,0.4106962534143811
浙江,CEG2000_f4_r0027_c0118,8,21.59744797655399,22.59271410284311,-0.9952661262891205,-0.04405252603820071,0,21.674950714381367,4,0.0,0.2479766472958409,0.4106962534143811
浙江,CEG2000_f4_r0027_c0118,9,24.902711614952317,21.59744797655399,3.3052636383983263,0.15303954624576446,1,25.426497473823687,5,2.9047721073376263,0.2479766472958409,0.4106962534143811
浙江,CEG2000_f4_r0027_c0118,10,28.52721710545096,24.902711614952317,3.624505490498642,0.14554661944213265,2,29.178044233266007,5,2.9047721073376263,0.2479766472958409,0.4106962534143811
浙江,CEG2000_f4_r0027_c0118,11,28.650937966805472,28.52721710545096,0.12372086135451354,0.004336941135799505,2,29.178044233266007,4,0.0,0.2479766472958409,0.4106962534143811
浙江,CEG2000_f4_r0027_c0118,12,36.480484492075206,28.650937966805472,7.829546525269734,0.2732736545777637,4,36.68113775215064,7,8.714316322012877,0.2479766472958409,0.4106962534143811
浙江,CEG2000_f4_r0027_c0119,1,37.16889477954045,,,,4,36.68113775215064,4,,0.2050161880715863,0.5973231114850576
浙江,CEG2000_f4_r0027_c0119,2,35.926967129747105,37.16889477954045,-1.2419276497933467,-0.033413090627514797,4,36.68113775215064,4,0.0,0.2050161880715863,0.5973231114850576
浙江,CEG2000_f4_r0027_c0119,3,38.272477346251335,35.926967129747105,2.3455102165042305,0.06528550567693692,4,36.68113775215064,5,2.9047721073376263,0.2050161880715863,0.5973231114850576
浙江,CEG2000_f4_r0027_c0119,4,36.73967275412776,38.272477346251335,-1.5328045921235756,-0.04004978769093736,4,36.68113775215064,3,-2.9047721073376245,0.2050161880715863,0.5973231114850576
浙江,CEG2000_f4_r0027_c0119,5,36.72222019806445,36.73967275412776,-0.01745255606331142,-0.00047503297539172004,4,36.68113775215064,4,0.0,0.2050161880715863,0.5973231114850576
浙江,CEG2000_f4_r0027_c0119,6,24.689922452919557,36.72222019806445,-12.032297745144891,-0.3276571427394003,1,25.426497473823687,0,-11.619088429350501,0.2050161880715863,0.5973231114850576
浙江,CEG2000_f4_r0027_c0119,7,22.123529821221055,24.689922452919557,-2.566392631698502,-0.10394494501115895,0,21.674950714381367,3,-2.9047721073376245,0.2050161880715863,0.5973231114850576
浙江,CEG2000_f4_r0027_c0119,8,21.032293984983077,22.123529821221055,-1.0912358362379777,-0.04932467129143452,0,21.674950714381367,4,0.0,0.2050161880715863,0.5973231114850576
浙江,CEG2000_f4_r0027_c0119,9,24.064309940834537,21.032293984983077,3.0320159558514597,0.14416002163227176,1,25.426497473823687,5,2.9047721073376263,0.2050161880715863,0.5973231114850576
浙江,CEG2000_f4_r0027_c0119,10,28.15430285760427,24.064309940834537,4.089992916769734,0.16996094742901635,2,29.178044233266007,5,2.9047721073376263,0.2050161880715863,0.5973231114850576
浙江,CEG2000_f4_r0027_c0119,11,29.08045160356465,28.15430285760427,0.9261487459603792,0.03289546008809212,2,29.178044233266007,4,0.0,0.2050161880715863,0.5973231114850576
浙江,CEG2000_f4_r0027_c0119,12,35.221415685555854,29.08045160356465,6.1409640819912035,0.21117155144999367,4,36.68113775215064,6,5.8095442146752525,0.2050161880715863,0.5973231114850576
浙江,CEG2000_f4_r0027_c0120,1,37.0877016367131,,,,4,36.68113775215064,4,,0.2029668758727611,0.7864261337313128
浙江,CEG2000_f4_r0027_c0120,2,34.22813102915979,37.0877016367131,-2.8595706075533087,-0.07710293389339125,3,32.92959099270833,3,-2.9047721073376245,0.2029668758727611,0.7864261337313128
浙江,CEG2000_f4_r0027_c0120,3,38.3472877212558,34.22813102915979,4.119156692096013,0.120344189654609,4,36.68113775215064,5,2.9047721073376263,0.2029668758727611,0.7864261337313128
浙江,CEG2000_f4_r0027_c0120,4,37.25565633803214,38.3472877212558,-1.091631383223664,-0.028466977668894573,4,36.68113775215064,4,0.0,0.2029668758727611,0.7864261337313128
浙江,CEG2000_f4_r0027_c0120,5,35.004498171329175,37.25565633803214,-2.2511581667029645,-0.06042460093247338,4,36.68113775215064,3,-2.9047721073376245,0.2029668758727611,0.7864261337313128
浙江,CEG2000_f4_r0027_c0120,6,24.980722759961157,35.004498171329175,-10.023775411368018,-0.2863567808430433,1,25.426497473823687,1,-8.714316322012875,0.2029668758727611,0.7864261337313128
浙江,CEG2000_f4_r0027_c0120,7,22.125814131151028,24.980722759961157,-2.8549086288101293,-0.1142844687178526,0,21.674950714381367,3,-2.9047721073376245,0.2029668758727611,0.7864261337313128
浙江,CEG2000_f4_r0027_c0120,8,20.542058959225105,22.125814131151028,-1.5837551719259224,-0.07157952075969701,0,21.674950714381367,3,-2.9047721073376245,0.2029668758727611,0.7864261337313128
浙江,CEG2000_f4_r0027_c0120,9,24.74570019986161,20.542058959225105,4.203641240636504,0.2046358278388991,1,25.426497473823687,5,2.9047721073376263,0.2029668758727611,0.7864261337313128
浙江,CEG2000_f4_r0027_c0120,10,28.19435928875302,24.74570019986161,3.448659088891411,0.13936397277255858,2,29.178044233266007,5,2.9047721073376263,0.2029668758727611,0.7864261337313128
浙江,CEG2000_f4_r0027_c0120,11,29.439751454415852,28.19435928875302,1.2453921656628317,0.044171678203718916,2,29.178044233266007,4,0.0,0.2029668758727611,0.7864261337313128
浙江,CEG2000_f4_r0027_c0120,12,35.1495474663244,29.439751454415852,5.709796011908548,0.19394851280417655,4,36.68113775215064,6,5.8095442146752525,0.2029668758727611,0.7864261337313128
浙江,CEG2000_f4_r0028_c0112,1,39.28418839134297,,,,5,40.43268451159296,4,,2.790511928950413,0.9464611215350612
浙江,CEG2000_f4_r0028_c0112,2,36.070895500188946,39.28418839134297,-3.213292891154026,-0.08179608699417949,4,36.68113775215064,3,-2.9047721073376245,2.790511928950413,0.9464611215350612
浙江,CEG2000_f4_r0028_c0112,3,41.49131448052689,36.070895500188946,5.420418980337942,0.15027126177972347,5,40.43268451159296,6,5.8095442146752525,2.790511928950413,0.9464611215350612
浙江,CEG2000_f4_r0028_c0112,4,34.90808860294954,41.49131448052689,-6.583225877577348,-0.15866515582838553,4,36.68113775215064,2,-5.80954421467525,2.790511928950413,0.9464611215350612
浙江,CEG2000_f4_r0028_c0112,5,37.65754487681703,34.90808860294954,2.7494562738674873,0.07876272760563503,4,36.68113775215064,5,2.9047721073376263,2.790511928950413,0.9464611215350612
浙江,CEG2000_f4_r0028_c0112,6,25.344074548847946,37.65754487681703,-12.313470327969082,-0.32698547842797837,1,25.426497473823687,0,-11.619088429350501,2.790511928950413,0.9464611215350612
浙江,CEG2000_f4_r0028_c0112,7,25.552600800902184,25.344074548847946,0.20852625205423791,0.00822781086965027,1,25.426497473823687,4,0.0,2.790511928950413,0.9464611215350612
浙江,CEG2000_f4_r0028_c0112,8,25.821502987572305,25.552600800902184,0.2689021866701218,0.010523476211494983,1,25.426497473823687,4,0.0,2.790511928950413,0.9464611215350612
浙江,CEG2000_f4_r0028_c0112,9,28.251603088541295,25.821502987572305,2.430100100968989,0.09411148925523731,2,29.178044233266007,5,2.9047721073376263,2.790511928950413,0.9464611215350612
浙江,CEG2000_f4_r0028_c0112,10,27.51757993674093,28.251603088541295,-0.7340231518003648,-0.02598164605031142,2,29.178044233266007,4,0.0,2.790511928950413,0.9464611215350612
浙江,CEG2000_f4_r0028_c0112,11,28.27486492489434,27.51757993674093,0.7572849881534118,0.027520043183096195,2,29.178044233266007,4,0.0,2.790511928950413,0.9464611215350612
浙江,CEG2000_f4_r0028_c0112,12,35.27599988706835,28.27486492489434,7.00113496217401,0.2476098464403247,4,36.68113775215064,6,5.8095442146752525,2.790511928950413,0.9464611215350612
浙江,CEG2000_f4_r0028_c0113,1,41.048148334718235,,,,5,40.43268451159296,4,,2.616521563179958,0.8541669985474585
浙江,CEG2000_f4_r0028_c0113,2,37.10505529324706,41.048148334718235,-3.9430930414711725,-0.09606019275992853,4,36.68113775215064,3,-2.9047721073376245,2.616521563179958,0.8541669985474585
浙江,CEG2000_f4_r0028_c0113,3,42.90753862086157,37.10505529324706,5.80248332761451,0.15637985934144488,6,44.18423127103528,6,5.8095442146752525,2.616521563179958,0.8541669985474585
浙江,CEG2000_f4_r0028_c0113,4,36.91097959123293,42.90753862086157,-5.996559029628642,-0.13975537218798018,4,36.68113775215064,2,-5.80954421467525,2.616521563179958,0.8541669985474585
浙江,CEG2000_f4_r0028_c0113,5,40.180643765267504,36.91097959123293,3.269664174034574,0.08858242751192608,5,40.43268451159296,5,2.9047721073376263,2.616521563179958,0.8541669985474585
浙江,CEG2000_f4_r0028_c0113,6,26.381230518932448,40.180643765267504,-13.799413246335057,-0.3434343493088428,1,25.426497473823687,0,-11.619088429350501,2.616521563179958,0.8541669985474585
浙江,CEG2000_f4_r0028_c0113,7,25.87720336536896,26.381230518932448,-0.5040271535634879,-0.019105520995382444,1,25.426497473823687,4,0.0,2.616521563179958,0.8541669985474585
浙江,CEG2000_f4_r0028_c0113,8,26.71894681456896,25.87720336536896,0.8417434491999991,0.0325283778666164,1,25.426497473823687,4,0.0,2.616521563179958,0.8541669985474585
浙江,CEG2000_f4_r0028_c0113,9,29.248753928251062,26.71894681456896,2.5298071136821036,0.09468214189874742,2,29.178044233266007,5,2.9047721073376263,2.616521563179958,0.8541669985474585
浙江,CEG2000_f4_r0028_c0113,10,28.471515378086664,29.248753928251062,-0.7772385501643981,-0.026573390171458607,2,29.178044233266007,4,0.0,2.616521563179958,0.8541669985474585
浙江,CEG2000_f4_r0028_c0113,11,29.432568432405,28.471515378086664,0.9610530543183344,0.03375489648359275,2,29.178044233266007,4,0.0,2.616521563179958,0.8541669985474585
浙江,CEG2000_f4_r0028_c0113,12,37.74370887620748,29.432568432405,8.31114044380248,0.28237904085366833,4,36.68113775215064,7,8.714316322012877,2.616521563179958,0.8541669985474585
浙江,CEG2000_f4_r0028_c0114,1,41.73454444532591,,,,5,40.43268451159296,4,,2.417163459169826,0.6103740451453418
浙江,CEG2000_f4_r0028_c0114,2,38.32826672118945,41.73454444532591,-3.4062777241364586,-0.08161770469541922,4,36.68113775215064,3,-2.9047721073376245,2.417163459169826,0.6103740451453418
浙江,CEG2000_f4_r0028_c0114,3,43.951717537912145,38.32826672118945,5.623450816722695,0.14671810905588953,6,44.18423127103528,6,5.8095442146752525,2.417163459169826,0.6103740451453418
浙江,CEG2000_f4_r0028_c0114,4,37.666995498951714,43.951717537912145,-6.284722038960432,-0.14299150046956224,4,36.68113775215064,2,-5.80954421467525,2.417163459169826,0.6103740451453418
浙江,CEG2000_f4_r0028_c0114,5,40.530619638019466,37.666995498951714,2.8636241390677526,0.07602475592053655,5,40.43268451159296,5,2.9047721073376263,2.417163459169826,0.6103740451453418
浙江,CEG2000_f4_r0028_c0114,6,26.761581108633745,40.530619638019466,-13.769038529385721,-0.33971941836462255,1,25.426497473823687,0,-11.619088429350501,2.417163459169826,0.6103740451453418
浙江,CEG2000_f4_r0028_c0114,7,26.048430488538717,26.761581108633745,-0.7131506200950284,-0.02664829918681276,1,25.426497473823687,4,0.0,2.417163459169826,0.6103740451453418
浙江,CEG2000_f4_r0028_c0114,8,27.197491492060653,26.048430488538717,1.1490610035219362,0.044112485165949705,1,25.426497473823687,4,0.0,2.417163459169826,0.6103740451453418
浙江,CEG2000_f4_r0028_c0114,9,29.29691082127961,27.197491492060653,2.099419329218957,0.07719165312844416,2,29.178044233266007,5,2.9047721073376263,2.417163459169826,0.6103740451453418
浙江,CEG2000_f4_r0028_c0114,10,29.75231565409801,29.29691082127961,0.45540483281839883,0.01554446595398784,2,29.178044233266007,4,0.0,2.417163459169826,0.6103740451453418
浙江,CEG2000_f4_r0028_c0114,11,30.217357108967573,29.75231565409801,0.4650414548695636,0.015630428914379643,2,29.178044233266007,4,0.0,2.417163459169826,0.6103740451453418
浙江,CEG2000_f4_r0028_c0114,12,39.29995277453684,30.217357108967573,9.082595665569269,0.3005754485018756,5,40.43268451159296,7,8.714316322012877,2.417163459169826,0.6103740451453418
浙江,CEG2000_f4_r0028_c0115,1,41.76637927561643,,,,5,40.43268451159296,4,,2.061180183783982,0.435453013544713
浙江,CEG2000_f4_r0028_c0115,2,39.53346130042959,41.76637927561643,-2.2329179751868367,-0.05346209113439798,5,40.43268451159296,3,-2.9047721073376245,2.061180183783982,0.435453013544713
浙江,CEG2000_f4_r0028_c0115,3,44.08620020720702,39.53346130042959,4.552738906777428,0.11516165691082443,6,44.18423127103528,6,5.8095442146752525,2.061180183783982,0.435453013544713
浙江,CEG2000_f4_r0028_c0115,4,38.774817755552334,44.08620020720702,-5.311382451654687,-0.1204772111611108,5,40.43268451159296,2,-5.80954421467525,2.061180183783982,0.435453013544713
浙江,CEG2000_f4_r0028_c0115,5,41.70750128381091,38.774817755552334,2.932683528258579,0.07563371533419097,5,40.43268451159296,5,2.9047721073376263,2.061180183783982,0.435453013544713
浙江,CEG2000_f4_r0028_c0115,6,27.946888985443454,41.70750128381091,-13.760612298367459,-0.3299313522699272,2,29.178044233266007,0,-11.619088429350501,2.061180183783982,0.435453013544713
浙江,CEG2000_f4_r0028_c0115,7,26.8808773284995,27.946888985443454,-1.066011656943953,-0.03814419764214903,1,25.426497473823687,4,0.0,2.061180183783982,0.435453013544713
浙江,CEG2000_f4_r0028_c0115,8,28.011104303631463,26.8808773284995,1.1302269751319614,0.04204576217211773,2,29.178044233266007,4,0.0,2.061180183783982,0.435453013544713
浙江,CEG2000_f4_r0028_c0115,9,28.722649292381178,28.011104303631463,0.711544988749715,0.025402246945953773,2,29.178044233266007,4,0.0,2.061180183783982,0.435453013544713
浙江,CEG2000_f4_r0028_c0115,10,30.809383931579088,28.722649292381178,2.0867346391979105,0.0726511895875645,2,29.178044233266007,5,2.9047721073376263,2.061180183783982,0.435453013544713
浙江,CEG2000_f4_r0028_c0115,11,31.440201278215667,30.809383931579088,0.6308173466365794,0.02047484454857932,3,32.92959099270833,4,0.0,2.061180183783982,0.435453013544713
浙江,CEG2000_f4_r0028_c0115,12,41.21102458633538,31.440201278215667,9.77082330811971,0.310774833203429,5,40.43268451159296,7,8.714316322012877,2.061180183783982,0.435453013544713
浙江,CEG2000_f4_r0028_c0116,1,43.27873738248681,,,,6,44.18423127103528,4,,1.5086103182837862,0.3200851036183344
浙江,CEG2000_f4_r0028_c0116,2,43.45417115604411,43.27873738248681,0.17543377355730172,0.004053578828024979,6,44.18423127103528,4,0.0,1.5086103182837862,0.3200851036183344
浙江,CEG2000_f4_r0028_c0116,3,47.087783710102265,43.45417115604411,3.6336125540581534,0.0836194192039663,7,47.9357780304776,5,2.9047721073376263,1.5086103182837862,0.3200851036183344
浙江,CEG2000_f4_r0028_c0116,4,44.006878245894185,47.087783710102265,-3.0809054642080795,-0.06542897587144453,6,44.18423127103528,3,-2.9047721073376245,1.5086103182837862,0.3200851036183344
浙江,CEG2000_f4_r0028_c0116,5,45.70570650495333,44.006878245894185,1.6988282590591481,0.038603698484739664,6,44.18423127103528,5,2.9047721073376263,1.5086103182837862,0.3200851036183344
浙江,CEG2000_f4_r0028_c0116,6,30.759581545744403,45.70570650495333,-14.94612495920893,-0.3270078531132464,2,29.178044233266007,0,-11.619088429350501,1.5086103182837862,0.3200851036183344
浙江,CEG2000_f4_r0028_c0116,7,29.573861693832352,30.759581545744403,-1.1857198519120509,-0.03854798382574536,2,29.178044233266007,4,0.0,1.5086103182837862,0.3200851036183344
浙江,CEG2000_f4_r0028_c0116,8,28.98835274167737,29.573861693832352,-0.5855089521549814,-0.019798190652832115,2,29.178044233266007,4,0.0,1.5086103182837862,0.3200851036183344
浙江,CEG2000_f4_r0028_c0116,9,30.716441129064457,28.98835274167737,1.7280883873870856,0.0596131971618575,2,29.178044233266007,5,2.9047721073376263,1.5086103182837862,0.3200851036183344
浙江,CEG2000_f4_r0028_c0116,10,32.87283487407155,30.716441129064457,2.156393745007094,0.07020324183867364,3,32.92959099270833,5,2.9047721073376263,1.5086103182837862,0.3200851036183344
浙江,CEG2000_f4_r0028_c0116,11,36.24959631979814,32.87283487407155,3.3767614457265864,0.10272194225603606,4,36.68113775215064,5,2.9047721073376263,1.5086103182837862,0.3200851036183344
浙江,CEG2000_f4_r0028_c0116,12,46.890994961384344,36.24959631979814,10.641398641586207,0.29355909367118344,7,47.9357780304776,8,11.619088429350501,1.5086103182837862,0.3200851036183344
浙江,CEG2000_f4_r0028_c0117,1,40.599705120590194,,,,5,40.43268451159296,4,,0.988530520601274,0.3734274246016315
浙江,CEG2000_f4_r0028_c0117,2,41.00328549272256,40.599705120590194,0.4035803721323674,0.009940475452559164,5,40.43268451159296,4,0.0,0.988530520601274,0.3734274246016315
浙江,CEG2000_f4_r0028_c0117,3,43.56676712069934,41.00328549272256,2.5634816279767776,0.06251893225560559,6,44.18423127103528,5,2.9047721073376263,0.988530520601274,0.3734274246016315
浙江,CEG2000_f4_r0028_c0117,4,40.345042185455874,43.56676712069934,-3.221724935243465,-0.07394913940522263,5,40.43268451159296,3,-2.9047721073376245,0.988530520601274,0.3734274246016315
浙江,CEG2000_f4_r0028_c0117,5,41.604218491443056,40.345042185455874,1.2591763059871823,0.031210186872505173,5,40.43268451159296,4,0.0,0.988530520601274,0.3734274246016315
浙江,CEG2000_f4_r0028_c0117,6,28.398275208634807,41.604218491443056,-13.20594328280825,-0.3174183715414431,2,29.178044233266007,0,-11.619088429350501,0.988530520601274,0.3734274246016315
浙江,CEG2000_f4_r0028_c0117,7,26.62859753258471,28.398275208634807,-1.7696776760500974,-0.06231637883106392,1,25.426497473823687,3,-2.9047721073376245,0.988530520601274,0.3734274246016315
浙江,CEG2000_f4_r0028_c0117,8,25.949385394837662,26.62859753258471,-0.6792121377470473,-0.025506868580514364,1,25.426497473823687,4,0.0,0.988530520601274,0.3734274246016315
浙江,CEG2000_f4_r0028_c0117,9,27.907002386789532,25.949385394837662,1.9576169919518698,0.07543982110425304,2,29.178044233266007,5,2.9047721073376263,0.988530520601274,0.3734274246016315
浙江,CEG2000_f4_r0028_c0117,10,30.642286591542092,27.907002386789532,2.73528420475256,0.09801426060892066,2,29.178044233266007,5,2.9047721073376263,0.988530520601274,0.3734274246016315
浙江,CEG2000_f4_r0028_c0117,11,31.817785539008153,30.642286591542092,1.1754989474660604,0.03836198528965272,3,32.92959099270833,4,0.0,0.988530520601274,0.3734274246016315
浙江,CEG2000_f4_r0028_c0117,12,41.86741594740904,31.817785539008153,10.04963040840089,0.31584946086459054,5,40.43268451159296,7,8.714316322012877,0.988530520601274,0.3734274246016315
浙江,CEG2000_f4_r0028_c0118,1,40.26589940791782,,,,5,40.43268451159296,4,,0.6729647972314479,0.330789807708665
浙江,CEG2000_f4_r0028_c0118,2,37.84074113872554,40.26589940791782,-2.4251582691922806,-0.06022858808203851,4,36.68113775215064,3,-2.9047721073376245,0.6729647972314479,0.330789807708665
浙江,CEG2000_f4_r0028_c0118,3,41.31151207618846,37.84074113872554,3.470770937462916,0.09172047991182157,5,40.43268451159296,5,2.9047721073376263,0.6729647972314479,0.330789807708665
浙江,CEG2000_f4_r0028_c0118,4,39.60647310302194,41.31151207618846,-1.7050389731665163,-0.04127273216293827,5,40.43268451159296,3,-2.9047721073376245,0.6729647972314479,0.330789807708665
浙江,CEG2000_f4_r0028_c0118,5,39.80371486056064,39.60647310302194,0.19724175753869844,0.004980038415075365,5,40.43268451159296,4,0.0,0.6729647972314479,0.330789807708665
浙江,CEG2000_f4_r0028_c0118,6,27.56755559703929,39.80371486056064,-12.236159263521348,-0.3074124941952466,2,29.178044233266007,0,-11.619088429350501,0.6729647972314479,0.330789807708665
浙江,CEG2000_f4_r0028_c0118,7,24.779277921690937,27.56755559703929,-2.788277675348354,-0.10114344978949857,1,25.426497473823687,3,-2.9047721073376245,0.6729647972314479,0.330789807708665
浙江,CEG2000_f4_r0028_c0118,8,23.41742053554685,24.779277921690937,-1.361857386144088,-0.05495952668386532,0,21.674950714381367,4,0.0,0.6729647972314479,0.330789807708665
浙江,CEG2000_f4_r0028_c0118,9,26.05652347040202,23.41742053554685,2.6391029348551704,0.11269827651807772,1,25.426497473823687,5,2.9047721073376263,0.6729647972314479,0.330789807708665
浙江,CEG2000_f4_r0028_c0118,10,29.64281351026313,26.05652347040202,3.5862900398611117,0.13763501657981467,2,29.178044233266007,5,2.9047721073376263,0.6729647972314479,0.330789807708665
浙江,CEG2000_f4_r0028_c0118,11,31.236828695029576,29.64281351026313,1.5940151847664445,0.053774085385469704,3,32.92959099270833,5,2.9047721073376263,0.6729647972314479,0.330789807708665
浙江,CEG2000_f4_r0028_c0118,12,41.13957312734869,31.236828695029576,9.902744432319114,0.3170214405886487,5,40.43268451159296,7,8.714316322012877,0.6729647972314479,0.330789807708665
浙江,CEG2000_f4_r0028_c0119,1,39.3183241212024,,,,5,40.43268451159296,4,,0.4953908745647319,0.4500411274734664
浙江,CEG2000_f4_r0028_c0119,2,37.64227823582,39.3183241212024,-1.6760458853824005,-0.04262760234174358,4,36.68113775215064,3,-2.9047721073376245,0.4953908745647319,0.4500411274734664
浙江,CEG2000_f4_r0028_c0119,3,40.5393472128974,37.64227823582,2.897068977077396,0.07696316782230718,5,40.43268451159296,5,2.9047721073376263,0.4953908745647319,0.4500411274734664
浙江,CEG2000_f4_r0028_c0119,4,39.27480032449066,40.5393472128974,-1.2645468884067341,-0.031193074761806345,5,40.43268451159296,4,0.0,0.4953908745647319,0.4500411274734664
浙江,CEG2000_f4_r0028_c0119,5,38.686700099510134,39.27480032449066,-0.5881002249805292,-0.014973983829875932,5,40.43268451159296,4,0.0,0.4953908745647319,0.4500411274734664
浙江,CEG2000_f4_r0028_c0119,6,27.20708669713222,38.686700099510134,-11.479613402377915,-0.29673281445173644,1,25.426497473823687,0,-11.619088429350501,0.4953908745647319,0.4500411274734664
浙江,CEG2000_f4_r0028_c0119,7,23.789364484657888,27.20708669713222,-3.417722212474331,-0.12561882315884185,1,25.426497473823687,3,-2.9047721073376245,0.4953908745647319,0.4500411274734664
浙江,CEG2000_f4_r0028_c0119,8,21.85839135207027,23.789364484657888,-1.9309731325876172,-0.08116959718839611,0,21.674950714381367,3,-2.9047721073376245,0.4953908745647319,0.4500411274734664
浙江,CEG2000_f4_r0028_c0119,9,25.072249512282205,21.85839135207027,3.2138581602119345,0.14703086372856713,1,25.426497473823687,5,2.9047721073376263,0.4953908745647319,0.4500411274734664
浙江,CEG2000_f4_r0028_c0119,10,29.870108491161737,25.072249512282205,4.797858978879532,0.19136132864859984,2,29.178044233266007,6,5.8095442146752525,0.4953908745647319,0.4500411274734664
浙江,CEG2000_f4_r0028_c0119,11,32.1839949098983,29.870108491161737,2.3138864187365655,0.07746494859304649,3,32.92959099270833,5,2.9047721073376263,0.4953908745647319,0.4500411274734664
浙江,CEG2000_f4_r0028_c0119,12,40.737519839686726,32.1839949098983,8.553524929788423,0.26576952158160316,5,40.43268451159296,7,8.714316322012877,0.4953908745647319,0.4500411274734664
浙江,CEG2000_f4_r0028_c0120,1,38.519340305496605,,,,4,36.68113775215064,4,,0.416835671008768,0.5579002778767287
浙江,CEG2000_f4_r0028_c0120,2,38.27214096101723,38.519340305496605,-0.24719934447937675,-0.006417538372122693,4,36.68113775215064,4,0.0,0.416835671008768,0.5579002778767287
浙江,CEG2000_f4_r0028_c0120,3,39.85940924703042,38.27214096101723,1.5872682860131917,0.04147320338389044,5,40.43268451159296,5,2.9047721073376263,0.416835671008768,0.5579002778767287
浙江,CEG2000_f4_r0028_c0120,4,39.330986765451534,39.85940924703042,-0.528422481578886,-0.013257157884703327,5,40.43268451159296,4,0.0,0.416835671008768,0.5579002778767287
浙江,CEG2000_f4_r0028_c0120,5,36.73348708334896,39.330986765451534,-2.5974996821025726,-0.06604206748212645,4,36.68113775215064,3,-2.9047721073376245,0.416835671008768,0.5579002778767287
浙江,CEG2000_f4_r0028_c0120,6,27.21187497185987,36.73348708334896,-9.521612111489091,-0.2592079562140228,1,25.426497473823687,1,-8.714316322012875,0.416835671008768,0.5579002778767287
浙江,CEG2000_f4_r0028_c0120,7,23.32727919500683,27.21187497185987,-3.8845957768530397,-0.14275369782016664,0,21.674950714381367,3,-2.9047721073376245,0.416835671008768,0.5579002778767287
浙江,CEG2000_f4_r0028_c0120,8,21.13624084510522,23.32727919500683,-2.1910383499016106,-0.09392601389923773,0,21.674950714381367,3,-2.9047721073376245,0.416835671008768,0.5579002778767287
浙江,CEG2000_f4_r0028_c0120,9,25.134076324601075,21.13624084510522,3.997835479495855,0.189146003245969,1,25.426497473823687,5,2.9047721073376263,0.416835671008768,0.5579002778767287
浙江,CEG2000_f4_r0028_c0120,10,29.583463036638125,25.134076324601075,4.44938671203705,0.17702606829764492,2,29.178044233266007,6,5.8095442146752525,0.416835671008768,0.5579002778767287
浙江,CEG2000_f4_r0028_c0120,11,31.131505866342124,29.583463036638125,1.5480428297039985,0.05232797890452512,3,32.92959099270833,5,2.9047721073376263,0.416835671008768,0.5579002778767287
浙江,CEG2000_f4_r0028_c0120,12,39.10691184384709,31.131505866342124,7.975405977504963,0.2561843944120797,5,40.43268451159296,7,8.714316322012877,0.416835671008768,0.5579002778767287
浙江,CEG2000_f4_r0029_c0113,1,39.97913020743648,,,,5,40.43268451159296,4,,2.346986851420231,0.8921302956734186
浙江,CEG2000_f4_r0029_c0113,2,37.49324704589011,39.97913020743648,-2.4858831615463686,-0.06217952088122147,4,36.68113775215064,3,-2.9047721073376245,2.346986851420231,0.8921302956734186
浙江,CEG2000_f4_r0029_c0113,3,41.42630920673312,37.49324704589011,3.933062160843015,0.1049005479847909,5,40.43268451159296,5,2.9047721073376263,2.346986851420231,0.8921302956734186
浙江,CEG2000_f4_r0029_c0113,4,34.48206063864268,41.42630920673312,-6.944248568090444,-0.16762894646095525,3,32.92959099270833,2,-5.80954421467525,2.346986851420231,0.8921302956734186
浙江,CEG2000_f4_r0029_c0113,5,35.734012339220335,34.48206063864268,1.2519517005776564,0.03630733423090857,4,36.68113775215064,4,0.0,2.346986851420231,0.8921302956734186
浙江,CEG2000_f4_r0029_c0113,6,24.77155701283948,35.734012339220335,-10.962455326380855,-0.30677930097284006,1,25.426497473823687,0,-11.619088429350501,2.346986851420231,0.8921302956734186
浙江,CEG2000_f4_r0029_c0113,7,23.213601281741298,24.77155701283948,-1.5579557310981826,-0.06289292717008746,0,21.674950714381367,3,-2.9047721073376245,2.346986851420231,0.8921302956734186
浙江,CEG2000_f4_r0029_c0113,8,24.22894598727594,23.213601281741298,1.0153447055346412,0.04373921535101331,1,25.426497473823687,4,0.0,2.346986851420231,0.8921302956734186
浙江,CEG2000_f4_r0029_c0113,9,24.91522921061304,24.22894598727594,0.686283223337103,0.028324931001848415,1,25.426497473823687,4,0.0,2.346986851420231,0.8921302956734186
浙江,CEG2000_f4_r0029_c0113,10,26.012630844829765,24.91522921061304,1.0974016342167232,0.04404541595584709,1,25.426497473823687,4,0.0,2.346986851420231,0.8921302956734186
浙江,CEG2000_f4_r0029_c0113,11,26.88360301569623,26.012630844829765,0.870972170866466,0.03348266371294694,1,25.426497473823687,4,0.0,2.346986851420231,0.8921302956734186
浙江,CEG2000_f4_r0029_c0113,12,35.414465828426884,26.88360301569623,8.530862812730653,0.31732587360964354,4,36.68113775215064,7,8.714316322012877,2.346986851420231,0.8921302956734186
浙江,CEG2000_f4_r0029_c0114,1,42.106831002601595,,,,5,40.43268451159296,4,,2.1622693979380454,0.7809800781223107
浙江,CEG2000_f4_r0029_c0114,2,39.24881378873768,42.106831002601595,-2.858017213863917,-0.06787538140040349,5,40.43268451159296,3,-2.9047721073376245,2.1622693979380454,0.7809800781223107
浙江,CEG2000_f4_r0029_c0114,3,44.36720037203622,39.24881378873768,5.118386583298545,0.13040869491875573,6,44.18423127103528,6,5.8095442146752525,2.1622693979380454,0.7809800781223107
浙江,CEG2000_f4_r0029_c0114,4,39.13667002231382,44.36720037203622,-5.2305303497224,-0.1178918278787566,5,40.43268451159296,2,-5.80954421467525,2.1622693979380454,0.7809800781223107
浙江,CEG2000_f4_r0029_c0114,5,40.41944274458041,39.13667002231382,1.2827727222665857,0.03277674675784146,5,40.43268451159296,4,0.0,2.1622693979380454,0.7809800781223107
浙江,CEG2000_f4_r0029_c0114,6,27.937205054489272,40.41944274458041,-12.482237690091136,-0.30881765908969144,2,29.178044233266007,0,-11.619088429350501,2.1622693979380454,0.7809800781223107
浙江,CEG2000_f4_r0029_c0114,7,25.40230422250741,27.937205054489272,-2.5349008319818616,-0.09073566332200166,1,25.426497473823687,3,-2.9047721073376245,2.1622693979380454,0.7809800781223107
浙江,CEG2000_f4_r0029_c0114,8,27.10943754445008,25.40230422250741,1.7071333219426705,0.06720387674241321,1,25.426497473823687,5,2.9047721073376263,2.1622693979380454,0.7809800781223107
浙江,CEG2000_f4_r0029_c0114,9,27.609419807426043,27.10943754445008,0.49998226297596204,0.018443107207818842,2,29.178044233266007,4,0.0,2.1622693979380454,0.7809800781223107
浙江,CEG2000_f4_r0029_c0114,10,30.09297031028393,27.609419807426043,2.483550502857888,0.08995301314480694,2,29.178044233266007,5,2.9047721073376263,2.1622693979380454,0.7809800781223107
浙江,CEG2000_f4_r0029_c0114,11,31.158169910947787,30.09297031028393,1.0651996006638562,0.03539695781708316,3,32.92959099270833,4,0.0,2.1622693979380454,0.7809800781223107
浙江,CEG2000_f4_r0029_c0114,12,41.16268594705636,31.158169910947787,10.004516036108573,0.3210880505723595,5,40.43268451159296,7,8.714316322012877,2.1622693979380454,0.7809800781223107
浙江,CEG2000_f4_r0029_c0115,1,44.290433467031555,,,,6,44.18423127103528,4,,1.878085070895416,0.565642453818013
浙江,CEG2000_f4_r0029_c0115,2,41.4328721008273,44.290433467031555,-2.8575613662042514,-0.06451870398449211,5,40.43268451159296,3,-2.9047721073376245,1.878085070895416,0.565642453818013
浙江,CEG2000_f4_r0029_c0115,3,48.57605072574377,41.4328721008273,7.143178624916466,0.17240365590716158,7,47.9357780304776,6,5.8095442146752525,1.878085070895416,0.565642453818013
浙江,CEG2000_f4_r0029_c0115,4,43.450487746203535,48.57605072574377,-5.125562979540234,-0.10551625549962315,6,44.18423127103528,2,-5.80954421467525,1.878085070895416,0.565642453818013
浙江,CEG2000_f4_r0029_c0115,5,45.638551508222854,43.450487746203535,2.1880637620193184,0.05035763406845759,6,44.18423127103528,5,2.9047721073376263,1.878085070895416,0.565642453818013
浙江,CEG2000_f4_r0029_c0115,6,31.122963226175607,45.638551508222854,-14.515588282047247,-0.31805541154021777,3,32.92959099270833,0,-11.619088429350501,1.878085070895416,0.565642453818013
浙江,CEG2000_f4_r0029_c0115,7,28.0378944175034,31.122963226175607,-3.085068808672208,-0.09912516318746753,2,29.178044233266007,3,-2.9047721073376245,1.878085070895416,0.565642453818013
浙江,CEG2000_f4_r0029_c0115,8,29.392764844876,28.0378944175034,1.354870427372603,0.04832283078028817,2,29.178044233266007,4,0.0,1.878085070895416,0.565642453818013
浙江,CEG2000_f4_r0029_c0115,9,30.36657313791563,29.392764844876,0.9738082930396281,0.033130884358073265,2,29.178044233266007,4,0.0,1.878085070895416,0.565642453818013
浙江,CEG2000_f4_r0029_c0115,10,33.881196396270916,30.36657313791563,3.514623258355286,0.11573987102176293,3,32.92959099270833,5,2.9047721073376263,1.878085070895416,0.565642453818013
浙江,CEG2000_f4_r0029_c0115,11,37.9137088107911,33.881196396270916,4.032512414520184,0.11901918596251272,4,36.68113775215064,5,2.9047721073376263,1.878085070895416,0.565642453818013
浙江,CEG2000_f4_r0029_c0115,12,48.84568321846038,37.9137088107911,10.93197440766928,0.28833830164770885,7,47.9357780304776,8,11.619088429350501,1.878085070895416,0.565642453818013
浙江,CEG2000_f4_r0029_c0116,1,48.59680442606583,,,,7,47.9357780304776,4,,1.5338019438649493,0.5285924180410911
浙江,CEG2000_f4_r0029_c0116,2,45.53260047954866,48.59680442606583,-3.0642039465171678,-0.06305360985574646,6,44.18423127103528,3,-2.9047721073376245,1.5338019438649493,0.5285924180410911
浙江,CEG2000_f4_r0029_c0116,3,53.5460289753231,45.53260047954866,8.013428495774434,0.17599320951092462,8,51.68732478991992,7,8.714316322012877,1.5338019438649493,0.5285924180410911
浙江,CEG2000_f4_r0029_c0116,4,48.97304828514678,53.5460289753231,-4.5729806901763155,-0.0854027978859794,7,47.9357780304776,2,-5.80954421467525,1.5338019438649493,0.5285924180410911
浙江,CEG2000_f4_r0029_c0116,5,50.76204883425538,48.97304828514678,1.7890005491086,0.036530308235911725,8,51.68732478991992,5,2.9047721073376263,1.5338019438649493,0.5285924180410911
浙江,CEG2000_f4_r0029_c0116,6,36.094541801812774,50.76204883425538,-14.667507032442607,-0.28894631657468955,4,36.68113775215064,0,-11.619088429350501,1.5338019438649493,0.5285924180410911
浙江,CEG2000_f4_r0029_c0116,7,31.82203557364814,36.094541801812774,-4.272506228164634,-0.11836987020431039,3,32.92959099270833,3,-2.9047721073376245,1.5338019438649493,0.5285924180410911
浙江,CEG2000_f4_r0029_c0116,8,31.227064111039383,31.82203557364814,-0.5949714626087577,-0.01869683858632394,3,32.92959099270833,4,0.0,1.5338019438649493,0.5285924180410911
浙江,CEG2000_f4_r0029_c0116,9,33.20835508452801,31.227064111039383,1.9812909734886262,0.06344787862360077,3,32.92959099270833,5,2.9047721073376263,1.5338019438649493,0.5285924180410911
浙江,CEG2000_f4_r0029_c0116,10,36.845695606958685,33.20835508452801,3.6373405224306765,0.10953088501891313,4,36.68113775215064,5,2.9047721073376263,1.5338019438649493,0.5285924180410911
浙江,CEG2000_f4_r0029_c0116,11,45.37383282138737,36.845695606958685,8.528137214428682,0.23145545426527533,6,44.18423127103528,7,8.714316322012877,1.5338019438649493,0.5285924180410911
浙江,CEG2000_f4_r0029_c0116,12,57.1888417586264,45.37383282138737,11.815008937239035,0.26039256995873455,8,51.68732478991992,8,11.619088429350501,1.5338019438649493,0.5285924180410911
浙江,CEG2000_f4_r0029_c0117,1,46.14305271002808,,,,7,47.9357780304776,4,,1.1977587449124043,0.5306734535873785
浙江,CEG2000_f4_r0029_c0117,2,43.908794399556264,46.14305271002808,-2.234258310471816,-0.048420253521420216,6,44.18423127103528,3,-2.9047721073376245,1.1977587449124043,0.5306734535873785
浙江,CEG2000_f4_r0029_c0117,3,51.10301683264507,43.908794399556264,7.194222433088804,0.16384468149190423,8,51.68732478991992,6,5.8095442146752525,1.1977587449124043,0.5306734535873785
浙江,CEG2000_f4_r0029_c0117,4,48.92346695111291,51.10301683264507,-2.179549881532161,-0.0426501215900789,7,47.9357780304776,3,-2.9047721073376245,1.1977587449124043,0.5306734535873785
浙江,CEG2000_f4_r0029_c0117,5,51.658831822935625,48.92346695111291,2.7353648718227177,0.05591110038370847,8,51.68732478991992,5,2.9047721073376263,1.1977587449124043,0.5306734535873785
浙江,CEG2000_f4_r0029_c0117,6,36.88843036827439,51.658831822935625,-14.770401454661233,-0.2859220956696785,4,36.68113775215064,0,-11.619088429350501,1.1977587449124043,0.5306734535873785
浙江,CEG2000_f4_r0029_c0117,7,32.35792238711365,36.88843036827439,-4.5305079811607385,-0.12281650197448267,3,32.92959099270833,2,-5.80954421467525,1.1977587449124043,0.5306734535873785
浙江,CEG2000_f4_r0029_c0117,8,29.00921315161061,32.35792238711365,-3.348709235503044,-0.10348962444006131,2,29.178044233266007,3,-2.9047721073376245,1.1977587449124043,0.5306734535873785
浙江,CEG2000_f4_r0029_c0117,9,32.75666088242332,29.00921315161061,3.747447730812709,0.12918129530875086,3,32.92959099270833,5,2.9047721073376263,1.1977587449124043,0.5306734535873785
浙江,CEG2000_f4_r0029_c0117,10,35.36053985275815,32.75666088242332,2.603878970334833,0.07949158736542744,4,36.68113775215064,5,2.9047721073376263,1.1977587449124043,0.5306734535873785
浙江,CEG2000_f4_r0029_c0117,11,44.69512083346235,35.36053985275815,9.334580980704196,0.2639829883699044,6,44.18423127103528,7,8.714316322012877,1.1977587449124043,0.5306734535873785
浙江,CEG2000_f4_r0029_c0117,12,57.77437424671497,44.69512083346235,13.079253413252623,0.2926326894156296,8,51.68732478991992,8,11.619088429350501,1.1977587449124043,0.5306734535873785
浙江,CEG2000_f4_r0029_c0118,1,43.81353908352839,,,,6,44.18423127103528,4,,0.8825928743603835,0.5658321262160492
浙江,CEG2000_f4_r0029_c0118,2,41.972561813764294,43.81353908352839,-1.840977269764096,-0.04201845612732544,5,40.43268451159296,3,-2.9047721073376245,0.8825928743603835,0.5658321262160492
浙江,CEG2000_f4_r0029_c0118,3,46.608453173589496,41.972561813764294,4.635891359825202,0.11045052194800577,7,47.9357780304776,6,5.8095442146752525,0.8825928743603835,0.5658321262160492
浙江,CEG2000_f4_r0029_c0118,4,45.15225872615148,46.608453173589496,-1.4561944474380155,-0.031243140423788247,6,44.18423127103528,3,-2.9047721073376245,0.8825928743603835,0.5658321262160492
浙江,CEG2000_f4_r0029_c0118,5,47.49347297180879,45.15225872615148,2.341214245657312,0.051851542131187284,7,47.9357780304776,5,2.9047721073376263,0.8825928743603835,0.5658321262160492
浙江,CEG2000_f4_r0029_c0118,6,33.542786568775796,47.49347297180879,-13.950686403032996,-0.29373902412472247,3,32.92959099270833,0,-11.619088429350501,0.8825928743603835,0.5658321262160492
浙江,CEG2000_f4_r0029_c0118,7,28.87262085086921,33.542786568775796,-4.670165717906585,-0.13923010565418956,2,29.178044233266007,2,-5.80954421467525,0.8825928743603835,0.5658321262160492
浙江,CEG2000_f4_r0029_c0118,8,25.998308747062392,28.87262085086921,-2.874312103806819,-0.09955147884402353,1,25.426497473823687,3,-2.9047721073376245,0.8825928743603835,0.5658321262160492
浙江,CEG2000_f4_r0029_c0118,9,29.194446056490303,25.998308747062392,3.196137309427911,0.12293635484227604,2,29.178044233266007,5,2.9047721073376263,0.8825928743603835,0.5658321262160492
浙江,CEG2000_f4_r0029_c0118,10,33.034262403163204,29.194446056490303,3.839816346672901,0.13152557644844437,3,32.92959099270833,5,2.9047721073376263,0.8825928743603835,0.5658321262160492
浙江,CEG2000_f4_r0029_c0118,11,38.617020840768326,33.034262403163204,5.582758437605122,0.16899903407773814,5,40.43268451159296,6,5.8095442146752525,0.8825928743603835,0.5658321262160492
浙江,CEG2000_f4_r0029_c0118,12,51.657970835934194,38.617020840768326,13.040949995165867,0.3376995353664989,8,51.68732478991992,8,11.619088429350501,0.8825928743603835,0.5658321262160492
浙江,CEG2000_f4_r0029_c0119,1,40.74233228853092,,,,5,40.43268451159296,4,,0.7342142902589607,0.5481871848320177
浙江,CEG2000_f4_r0029_c0119,2,40.544204804975806,40.74233228853092,-0.1981274835551119,-0.004862939169805096,5,40.43268451159296,4,0.0,0.7342142902589607,0.5481871848320177
浙江,CEG2000_f4_r0029_c0119,3,43.86670165086135,40.544204804975806,3.3224968458855457,0.08194751535681348,6,44.18423127103528,5,2.9047721073376263,0.7342142902589607,0.5481871848320177
浙江,CEG2000_f4_r0029_c0119,4,43.31679594003081,43.86670165086135,-0.5499057108305436,-0.012535834474342018,6,44.18423127103528,4,0.0,0.7342142902589607,0.5481871848320177
浙江,CEG2000_f4_r0029_c0119,5,43.349840743755216,43.31679594003081,0.03304480372440821,0.000762863526890505,6,44.18423127103528,4,0.0,0.7342142902589607,0.5481871848320177
浙江,CEG2000_f4_r0029_c0119,6,31.839519044638447,43.349840743755216,-11.51032169911677,-0.26552166055592474,3,32.92959099270833,0,-11.619088429350501,0.7342142902589607,0.5481871848320177
浙江,CEG2000_f4_r0029_c0119,7,26.615738310973292,31.839519044638447,-5.223780733665155,-0.164065943532046,1,25.426497473823687,2,-5.80954421467525,0.7342142902589607,0.5481871848320177
浙江,CEG2000_f4_r0029_c0119,8,24.026628135792368,26.615738310973292,-2.589110175180924,-0.09727741327068393,1,25.426497473823687,3,-2.9047721073376245,0.7342142902589607,0.5481871848320177
浙江,CEG2000_f4_r0029_c0119,9,27.68076146015445,24.026628135792368,3.654133324362082,0.15208681400110965,2,29.178044233266007,5,2.9047721073376263,0.7342142902589607,0.5481871848320177
浙江,CEG2000_f4_r0029_c0119,10,30.978743934637816,27.68076146015445,3.2979824744833657,0.11914348813094262,2,29.178044233266007,5,2.9047721073376263,0.7342142902589607,0.5481871848320177
浙江,CEG2000_f4_r0029_c0119,11,34.036612670768676,30.978743934637816,3.0578687361308603,0.09870860944467828,3,32.92959099270833,5,2.9047721073376263,0.7342142902589607,0.5481871848320177
浙江,CEG2000_f4_r0029_c0119,12,47.23892316191238,34.036612670768676,13.202310491143706,0.387885557791775,7,47.9357780304776,8,11.619088429350501,0.7342142902589607,0.5481871848320177
浙江,CEG2000_f4_r0030_c0114,1,41.25391634365742,,,,5,40.43268451159296,4,,2.001836283233168,0.8946536648392822
浙江,CEG2000_f4_r0030_c0114,2,39.75299054365135,41.25391634365742,-1.5009258000060726,-0.03638262577310026,5,40.43268451159296,3,-2.9047721073376245,2.001836283233168,0.8946536648392822
浙江,CEG2000_f4_r0030_c0114,3,44.65578117433567,39.75299054365135,4.902790630684322,0.1233313661094438,6,44.18423127103528,6,5.8095442146752525,2.001836283233168,0.8946536648392822
浙江,CEG2000_f4_r0030_c0114,4,39.16316185046589,44.65578117433567,-5.492619323869782,-0.12299906483388248,5,40.43268451159296,2,-5.80954421467525,2.001836283233168,0.8946536648392822
浙江,CEG2000_f4_r0030_c0114,5,39.01821791497277,39.16316185046589,-0.14494393549311724,-0.0037010274105688168,5,40.43268451159296,4,0.0,2.001836283233168,0.8946536648392822
浙江,CEG2000_f4_r0030_c0114,6,27.348642971050193,39.01821791497277,-11.66957494392258,-0.2990801622296676,2,29.178044233266007,0,-11.619088429350501,2.001836283233168,0.8946536648392822
浙江,CEG2000_f4_r0030_c0114,7,24.4113973632718,27.348642971050193,-2.9372456077783937,-0.10740004946086738,1,25.426497473823687,3,-2.9047721073376245,2.001836283233168,0.8946536648392822
浙江,CEG2000_f4_r0030_c0114,8,25.893487420232308,24.4113973632718,1.4820900569605087,0.06071303641103271,1,25.426497473823687,5,2.9047721073376263,2.001836283233168,0.8946536648392822
浙江,CEG2000_f4_r0030_c0114,9,26.167842038212783,25.893487420232308,0.27435461798047456,0.010595506643346273,1,25.426497473823687,4,0.0,2.001836283233168,0.8946536648392822
浙江,CEG2000_f4_r0030_c0114,10,30.10037888282708,26.167842038212783,3.9325368446142974,0.15028128184477846,2,29.178044233266007,5,2.9047721073376263,2.001836283233168,0.8946536648392822
浙江,CEG2000_f4_r0030_c0114,11,30.829333795622578,30.10037888282708,0.7289549127954977,0.024217466352604033,2,29.178044233266007,4,0.0,2.001836283233168,0.8946536648392822
浙江,CEG2000_f4_r0030_c0114,12,41.1807027349542,30.829333795622578,10.351368939331625,0.3357636271985029,5,40.43268451159296,8,11.619088429350501,2.001836283233168,0.8946536648392822
浙江,CEG2000_f4_r0030_c0115,1,43.831251661378055,,,,6,44.18423127103528,4,,1.792842862811645,0.6923349436836825
浙江,CEG2000_f4_r0030_c0115,2,43.1084101896558,43.831251661378055,-0.7228414717222549,-0.016491463152971907,6,44.18423127103528,4,0.0,1.792842862811645,0.6923349436836825
浙江,CEG2000_f4_r0030_c0115,3,49.340481902464205,43.1084101896558,6.2320717128084056,0.14456742165601458,7,47.9357780304776,6,5.8095442146752525,1.792842862811645,0.6923349436836825
浙江,CEG2000_f4_r0030_c0115,4,44.12272301642698,49.340481902464205,-5.217758886037224,-0.1057500592789434,6,44.18423127103528,2,-5.80954421467525,1.792842862811645,0.6923349436836825
浙江,CEG2000_f4_r0030_c0115,5,45.20072478368341,44.12272301642698,1.0780017672564313,0.024431895711764864,6,44.18423127103528,4,0.0,1.792842862811645,0.6923349436836825
浙江,CEG2000_f4_r0030_c0115,6,31.455936191074684,45.20072478368341,-13.744788592608728,-0.3040833672111897,3,32.92959099270833,0,-11.619088429350501,1.792842862811645,0.6923349436836825
浙江,CEG2000_f4_r0030_c0115,7,27.35740487126649,31.455936191074684,-4.098531319808195,-0.1302943678074701,2,29.178044233266007,3,-2.9047721073376245,1.792842862811645,0.6923349436836825
浙江,CEG2000_f4_r0030_c0115,8,28.42832692322477,27.35740487126649,1.0709220519582807,0.03914560087104867,2,29.178044233266007,4,0.0,1.792842862811645,0.6923349436836825
浙江,CEG2000_f4_r0030_c0115,9,29.69670511566795,28.42832692322477,1.2683781924431798,0.04461670206159643,2,29.178044233266007,4,0.0,1.792842862811645,0.6923349436836825
浙江,CEG2000_f4_r0030_c0115,10,33.21649328248238,29.69670511566795,3.5197881668144326,0.11852453506558867,3,32.92959099270833,5,2.9047721073376263,1.792842862811645,0.6923349436836825
浙江,CEG2000_f4_r0030_c0115,11,38.389023329341434,33.21649328248238,5.172530046859052,0.15572173747753576,4,36.68113775215064,6,5.8095442146752525,1.792842862811645,0.6923349436836825
浙江,CEG2000_f4_r0030_c0115,12,49.316830482430774,38.389023329341434,10.92780715308934,0.28465968147559034,7,47.9357780304776,8,11.619088429350501,1.792842862811645,0.6923349436836825
浙江,CEG2000_f4_r0030_c0116,1,48.454332772790885,,,,7,47.9357780304776,4,,1.5444710588685937,0.7370997324638493
浙江,CEG2000_f4_r0030_c0116,2,48.05470838086928,48.454332772790885,-0.3996243919216056,-0.008247443913746579,7,47.9357780304776,4,0.0,1.5444710588685937,0.7370997324638493
浙江,CEG2000_f4_r0030_c0116,3,55.83813363309323,48.05470838086928,7.7834252522239495,0.16197008606387786,8,51.68732478991992,7,8.714316322012877,1.5444710588685937,0.7370997324638493
浙江,CEG2000_f4_r0030_c0116,4,52.09798484950897,55.83813363309323,-3.74014878358426,-0.06698198059699492,8,51.68732478991992,3,-2.9047721073376245,1.5444710588685937,0.7370997324638493
浙江,CEG2000_f4_r0030_c0116,5,53.52459843578556,52.09798484950897,1.426613586276595,0.027383277691018813,8,51.68732478991992,4,0.0,1.5444710588685937,0.7370997324638493
浙江,CEG2000_f4_r0030_c0116,6,38.22831821772916,53.52459843578556,-15.296280218056403,-0.28578038257321314,4,36.68113775215064,0,-11.619088429350501,1.5444710588685937,0.7370997324638493
浙江,CEG2000_f4_r0030_c0116,7,32.51385326507206,38.22831821772916,-5.714464952657103,-0.14948250980099104,3,32.92959099270833,2,-5.80954421467525,1.5444710588685937,0.7370997324638493
浙江,CEG2000_f4_r0030_c0116,8,30.912139643155484,32.51385326507206,-1.6017136219165735,-0.049262497707006976,2,29.178044233266007,3,-2.9047721073376245,1.5444710588685937,0.7370997324638493
浙江,CEG2000_f4_r0030_c0116,9,34.80956183564209,30.912139643155484,3.8974221924866086,0.12608063490517937,4,36.68113775215064,5,2.9047721073376263,1.5444710588685937,0.7370997324638493
浙江,CEG2000_f4_r0030_c0116,10,37.73257271245468,34.80956183564209,2.92301087681259,0.08397149296546648,4,36.68113775215064,5,2.9047721073376263,1.5444710588685937,0.7370997324638493
浙江,CEG2000_f4_r0030_c0116,11,50.90283471320365,37.73257271245468,13.17026200074897,0.34904224795681,8,51.68732478991992,8,11.619088429350501,1.5444710588685937,0.7370997324638493
浙江,CEG2000_f4_r0030_c0116,12,62.70517073168597,50.90283471320365,11.802336018482315,0.2318600935484034,8,51.68732478991992,8,11.619088429350501,1.5444710588685937,0.7370997324638493
浙江,CEG2000_f4_r0030_c0117,1,45.32118355593115,,,,6,44.18423127103528,4,,1.2992431124583026,0.7656533247494509
浙江,CEG2000_f4_r0030_c0117,2,47.24515005789392,45.32118355593115,1.9239665019627736,0.04245181504557124,7,47.9357780304776,5,2.9047721073376263,1.2992431124583026,0.7656533247494509
浙江,CEG2000_f4_r0030_c0117,3,53.52786165702729,47.24515005789392,6.282711599133364,0.13298109099949026,8,51.68732478991992,6,5.8095442146752525,1.2992431124583026,0.7656533247494509
浙江,CEG2000_f4_r0030_c0117,4,50.89521527376992,53.52786165702729,-2.6326463832573666,-0.04918273029708717,8,51.68732478991992,3,-2.9047721073376245,1.2992431124583026,0.7656533247494509
浙江,CEG2000_f4_r0030_c0117,5,53.13455633088996,50.89521527376992,2.2393410571200363,0.04399904873325361,8,51.68732478991992,5,2.9047721073376263,1.2992431124583026,0.7656533247494509
浙江,CEG2000_f4_r0030_c0117,6,39.945503511332255,53.13455633088996,-13.189052819557702,-0.24821987290952877,5,40.43268451159296,0,-11.619088429350501,1.2992431124583026,0.7656533247494509
浙江,CEG2000_f4_r0030_c0117,7,33.28618349169112,39.945503511332255,-6.659320019641136,-0.16671012840661614,3,32.92959099270833,2,-5.80954421467525,1.2992431124583026,0.7656533247494509
浙江,CEG2000_f4_r0030_c0117,8,29.189035466656662,33.28618349169112,-4.097148025034457,-0.12308854891871833,2,29.178044233266007,3,-2.9047721073376245,1.2992431124583026,0.7656533247494509
浙江,CEG2000_f4_r0030_c0117,9,34.06447974343358,29.189035466656662,4.875444276776918,0.16702998913226355,3,32.92959099270833,6,5.8095442146752525,1.2992431124583026,0.7656533247494509
浙江,CEG2000_f4_r0030_c0117,10,36.55802234474621,34.06447974343358,2.493542601312633,0.07320066591632886,4,36.68113775215064,5,2.9047721073376263,1.2992431124583026,0.7656533247494509
浙江,CEG2000_f4_r0030_c0117,11,47.395377948288264,36.55802234474621,10.83735560354205,0.2964426111824262,7,47.9357780304776,8,11.619088429350501,1.2992431124583026,0.7656533247494509
浙江,CEG2000_f4_r0030_c0117,12,61.66472518345289,47.395377948288264,14.269347235164624,0.30107043878273315,8,51.68732478991992,8,11.619088429350501,1.2992431124583026,0.7656533247494509
浙江,CEG2000_f4_r0030_c0118,1,42.60370505243154,,,,6,44.18423127103528,4,,1.1365808832802688,0.8332846483880693
浙江,CEG2000_f4_r0030_c0118,2,44.308150647773445,42.60370505243154,1.7044455953419018,0.04000698045496921,6,44.18423127103528,5,2.9047721073376263,1.1365808832802688,0.8332846483880693
浙江,CEG2000_f4_r0030_c0118,3,51.132321085074075,44.308150647773445,6.82417043730063,0.15401614234701885,8,51.68732478991992,6,5.8095442146752525,1.1365808832802688,0.8332846483880693
浙江,CEG2000_f4_r0030_c0118,4,49.66136174629648,51.132321085074075,-1.4709593387775968,-0.028767701280961042,7,47.9357780304776,3,-2.9047721073376245,1.1365808832802688,0.8332846483880693
浙江,CEG2000_f4_r0030_c0118,5,51.24113637695363,49.66136174629648,1.5797746306571483,0.03181094064088891,8,51.68732478991992,5,2.9047721073376263,1.1365808832802688,0.8332846483880693
浙江,CEG2000_f4_r0030_c0118,6,39.12442091057134,51.24113637695363,-12.116715466382288,-0.23646461267459207,5,40.43268451159296,0,-11.619088429350501,1.1365808832802688,0.8332846483880693
浙江,CEG2000_f4_r0030_c0118,7,32.74960879678438,39.12442091057134,-6.374812113786959,-0.1629369065514909,3,32.92959099270833,2,-5.80954421467525,1.1365808832802688,0.8332846483880693
浙江,CEG2000_f4_r0030_c0118,8,28.25345466828494,32.74960879678438,-4.4961541284994375,-0.13728878889511822,2,29.178044233266007,2,-5.80954421467525,1.1365808832802688,0.8332846483880693
浙江,CEG2000_f4_r0030_c0118,9,32.260073221937695,28.25345466828494,4.006618553652753,0.1418098636323671,3,32.92959099270833,5,2.9047721073376263,1.1365808832802688,0.8332846483880693
浙江,CEG2000_f4_r0030_c0118,10,34.332292331803444,32.260073221937695,2.072219109865749,0.0642347925130122,3,32.92959099270833,5,2.9047721073376263,1.1365808832802688,0.8332846483880693
浙江,CEG2000_f4_r0030_c0118,11,43.40092754709675,34.332292331803444,9.068635215293305,0.2641430152012497,6,44.18423127103528,7,8.714316322012877,1.1365808832802688,0.8332846483880693
浙江,CEG2000_f4_r0030_c0118,12,59.25894790525414,43.40092754709675,15.85802035815739,0.3653843651371039,8,51.68732478991992,8,11.619088429350501,1.1365808832802688,0.8332846483880693
浙江,CEG2000_f4_r0031_c0115,1,45.04952510398137,,,,6,44.18423127103528,4,,1.7442465011993085,0.8858693437515855
浙江,CEG2000_f4_r0031_c0115,2,44.87989463389675,45.04952510398137,-0.16963047008461984,-0.0037654219371477528,6,44.18423127103528,4,0.0,1.7442465011993085,0.8858693437515855
浙江,CEG2000_f4_r0031_c0115,3,53.54342532136977,44.87989463389675,8.66353068747302,0.19303812449081947,8,51.68732478991992,7,8.714316322012877,1.7442465011993085,0.8858693437515855
浙江,CEG2000_f4_r0031_c0115,4,48.57838580966686,53.54342532136977,-4.965039511702905,-0.09272920964436886,7,47.9357780304776,2,-5.80954421467525,1.7442465011993085,0.8858693437515855
浙江,CEG2000_f4_r0031_c0115,5,50.36239036930442,48.57838580966686,1.7840045596375589,0.036724245359395016,8,51.68732478991992,5,2.9047721073376263,1.7442465011993085,0.8858693437515855
浙江,CEG2000_f4_r0031_c0115,6,35.18125102948219,50.36239036930442,-15.18113933982223,-0.3014380220736116,4,36.68113775215064,0,-11.619088429350501,1.7442465011993085,0.8858693437515855
浙江,CEG2000_f4_r0031_c0115,7,29.585588620025742,35.18125102948219,-5.595662409456448,-0.15905239994925807,2,29.178044233266007,2,-5.80954421467525,1.7442465011993085,0.8858693437515855
浙江,CEG2000_f4_r0031_c0115,8,28.877576253432007,29.585588620025742,-0.708012366593735,-0.023930988011997816,2,29.178044233266007,4,0.0,1.7442465011993085,0.8858693437515855
浙江,CEG2000_f4_r0031_c0115,9,31.382953057440663,28.877576253432007,2.5053768040086553,0.08675855556648039,3,32.92959099270833,5,2.9047721073376263,1.7442465011993085,0.8858693437515855
浙江,CEG2000_f4_r0031_c0115,10,35.1612395337733,31.382953057440663,3.778286476332635,0.12039295567301089,4,36.68113775215064,5,2.9047721073376263,1.7442465011993085,0.8858693437515855
浙江,CEG2000_f4_r0031_c0115,11,44.54913770123277,35.1612395337733,9.387898167459475,0.26699565464528496,6,44.18423127103528,7,8.714316322012877,1.7442465011993085,0.8858693437515855
浙江,CEG2000_f4_r0031_c0115,12,56.53448535484406,44.54913770123277,11.985347653611285,0.26903658010151843,8,51.68732478991992,8,11.619088429350501,1.7442465011993085,0.8858693437515855
浙江,CEG2000_f4_r0031_c0116,1,47.1177603315502,,,,7,47.9357780304776,4,,1.5623938656891423,0.9152001196271417
浙江,CEG2000_f4_r0031_c0116,2,48.44292514077734,47.1177603315502,1.3251648092271395,0.02812452883801026,7,47.9357780304776,4,0.0,1.5623938656891423,0.9152001196271417
浙江,CEG2000_f4_r0031_c0116,3,55.98454355818495,48.44292514077734,7.541618417407612,0.15568049194988384,8,51.68732478991992,7,8.714316322012877,1.5623938656891423,0.9152001196271417
浙江,CEG2000_f4_r0031_c0116,4,53.69997225881869,55.98454355818495,-2.284571299366263,-0.04080717916351143,8,51.68732478991992,3,-2.9047721073376245,1.5623938656891423,0.9152001196271417
浙江,CEG2000_f4_r0031_c0116,5,54.92311007307658,53.69997225881869,1.223137814257889,0.022777252255600997,8,51.68732478991992,4,0.0,1.5623938656891423,0.9152001196271417
浙江,CEG2000_f4_r0031_c0116,6,39.97239896437056,54.92311007307658,-14.950711108706017,-0.2722116626100328,5,40.43268451159296,0,-11.619088429350501,1.5623938656891423,0.9152001196271417
浙江,CEG2000_f4_r0031_c0116,7,32.978499107547364,39.97239896437056,-6.993899856823198,-0.17496822902866593,3,32.92959099270833,2,-5.80954421467525,1.5623938656891423,0.9152001196271417
浙江,CEG2000_f4_r0031_c0116,8,30.640909723871086,32.978499107547364,-2.3375893836762778,-0.07088222468988299,2,29.178044233266007,3,-2.9047721073376245,1.5623938656891423,0.9152001196271417
浙江,CEG2000_f4_r0031_c0116,9,34.90898114936381,30.640909723871086,4.268071425492725,0.13929323456632373,4,36.68113775215064,5,2.9047721073376263,1.5623938656891423,0.9152001196271417
浙江,CEG2000_f4_r0031_c0116,10,37.72713397451513,34.90898114936381,2.8181528251513157,0.08072858996065757,4,36.68113775215064,5,2.9047721073376263,1.5623938656891423,0.9152001196271417
浙江,CEG2000_f4_r0031_c0116,11,50.795274630291594,37.72713397451513,13.068140655776467,0.346385725048822,8,51.68732478991992,8,11.619088429350501,1.5623938656891423,0.9152001196271417
浙江,CEG2000_f4_r0031_c0116,12,63.98662981076544,50.795274630291594,13.191355180473849,0.2596965028043618,8,51.68732478991992,8,11.619088429350501,1.5623938656891423,0.9152001196271417
浙江,CEG2000_f4_r0031_c0117,1,47.1072425177871,,,,7,47.9357780304776,4,,1.3271150654131,0.9408580595087906
浙江,CEG2000_f4_r0031_c0117,2,49.627192256473265,47.1072425177871,2.519949738686165,0.053493891894323124,7,47.9357780304776,5,2.9047721073376263,1.3271150654131,0.9408580595087906
浙江,CEG2000_f4_r0031_c0117,3,55.158621717400315,49.627192256473265,5.5314294609270505,0.11145964962798278,8,51.68732478991992,6,5.8095442146752525,1.3271150654131,0.9408580595087906
浙江,CEG2000_f4_r0031_c0117,4,53.586669914175445,55.158621717400315,-1.57195180322487,-0.028498750590227,8,51.68732478991992,3,-2.9047721073376245,1.3271150654131,0.9408580595087906
浙江,CEG2000_f4_r0031_c0117,5,54.17853716582258,53.586669914175445,0.5918672516471375,0.011045046325794712,8,51.68732478991992,4,0.0,1.3271150654131,0.9408580595087906
浙江,CEG2000_f4_r0031_c0117,6,41.80710963324618,54.17853716582258,-12.371427532576405,-0.22834554382137628,5,40.43268451159296,0,-11.619088429350501,1.3271150654131,0.9408580595087906
浙江,CEG2000_f4_r0031_c0117,7,34.301542058623724,41.80710963324618,-7.505567574622454,-0.1795284974365656,3,32.92959099270833,1,-8.714316322012875,1.3271150654131,0.9408580595087906
浙江,CEG2000_f4_r0031_c0117,8,29.759141225405997,34.301542058623724,-4.542400833217727,-0.1324255575873075,2,29.178044233266007,2,-5.80954421467525,1.3271150654131,0.9408580595087906
浙江,CEG2000_f4_r0031_c0117,9,34.1971467102663,29.759141225405997,4.438005484860305,0.14913083180879855,3,32.92959099270833,6,5.8095442146752525,1.3271150654131,0.9408580595087906
浙江,CEG2000_f4_r0031_c0117,10,37.455438380987765,34.1971467102663,3.258291670721462,0.09527963541307066,4,36.68113775215064,5,2.9047721073376263,1.3271150654131,0.9408580595087906
浙江,CEG2000_f4_r0031_c0117,11,49.95809183304652,37.455438380987765,12.502653452058752,0.3338007507717504,8,51.68732478991992,8,11.619088429350501,1.3271150654131,0.9408580595087906
浙江,CEG2000_f4_r0031_c0117,12,64.79115674607026,49.95809183304652,14.83306491302374,0.2969101574694631,8,51.68732478991992,8,11.619088429350501,1.3271150654131,0.9408580595087906
浙江,CEG2000_f4_r0031_c0118,1,44.27951142645718,,,,6,44.18423127103528,4,,1.1946269806170506,0.9301723554845516
浙江,CEG2000_f4_r0031_c0118,2,46.532064988235234,44.27951142645718,2.2525535617780577,0.05087123794306701,7,47.9357780304776,5,2.9047721073376263,1.1946269806170506,0.9301723554845516
浙江,CEG2000_f4_r0031_c0118,3,53.10087599963187,46.532064988235234,6.568811011396633,0.1411674081745015,8,51.68732478991992,6,5.8095442146752525,1.1946269806170506,0.9301723554845516
浙江,CEG2000_f4_r0031_c0118,4,51.28429530942403,53.10087599963187,-1.8165806902078359,-0.0342099947695859,8,51.68732478991992,3,-2.9047721073376245,1.1946269806170506,0.9301723554845516
浙江,CEG2000_f4_r0031_c0118,5,52.191881005667526,51.28429530942403,0.9075856962434941,0.017697146675557725,8,51.68732478991992,4,0.0,1.1946269806170506,0.9301723554845516
浙江,CEG2000_f4_r0031_c0118,6,41.49252610798941,52.191881005667526,-10.699354897678113,-0.20500036962676757,5,40.43268451159296,0,-11.619088429350501,1.1946269806170506,0.9301723554845516
浙江,CEG2000_f4_r0031_c0118,7,34.027315788684454,41.49252610798941,-7.465210319304958,-0.17991698793840194,3,32.92959099270833,1,-8.714316322012875,1.1946269806170506,0.9301723554845516
浙江,CEG2000_f4_r0031_c0118,8,28.696406338948155,34.027315788684454,-5.3309094497363,-0.15666558840086517,2,29.178044233266007,2,-5.80954421467525,1.1946269806170506,0.9301723554845516
浙江,CEG2000_f4_r0031_c0118,9,32.90020922484185,28.696406338948155,4.2038028858936975,0.14649231113611924,3,32.92959099270833,5,2.9047721073376263,1.1946269806170506,0.9301723554845516
浙江,CEG2000_f4_r0031_c0118,10,35.25334215265982,32.90020922484185,2.353132927817967,0.07152334235130622,4,36.68113775215064,5,2.9047721073376263,1.1946269806170506,0.9301723554845516
浙江,CEG2000_f4_r0031_c0118,11,45.92491697930584,35.25334215265982,10.671574826646022,0.3027110105031805,6,44.18423127103528,8,11.619088429350501,1.1946269806170506,0.9301723554845516
浙江,CEG2000_f4_r0031_c0118,12,63.55435238034857,45.92491697930584,17.629435401042727,0.3838751719243543,8,51.68732478991992,8,11.619088429350501,1.1946269806170506,0.9301723554845516
