dataset,method,view,cell_id,is_boundary,reference_degree,display_degree,degree_absolute_error,node_adj_precision,node_adj_recall,node_adj_f1,node_neighbor_jaccard,node_angular_error_deg,node_radial_rank_error,node_direction_error_deg,node_neighbor_order_accuracy,failure_category,failure_rank
NASA-Exoplanet-SkyGrid,GeoAnnulus-Final,annulus,NASA_EXO_r01_c17,False,4,5,1,0.2,0.25,0.2222222222222222,0.125,1.535642542745897,0.0931677018633539,46.571227243948925,,mixed_lost_and_new,1
NASA-Exoplanet-SkyGrid,GeoAnnulus-Final,annulus,NASA_EXO_r07_c17,False,4,5,1,0.2,0.25,0.2222222222222222,0.125,1.5356425427459095,0.2484472049689441,46.57122724394891,,mixed_lost_and_new,2
NASA-Exoplanet-SkyGrid,GeoAnnulus-Final,annulus,NASA_EXO_r01_c00,False,4,5,1,0.2,0.25,0.2222222222222222,0.125,1.5356425427459066,0.0683229813664595,46.57122724394883,,mixed_lost_and_new,3
NASA-Exoplanet-SkyGrid,GeoAnnulus-Final,annulus,NASA_EXO_r07_c00,False,4,5,1,0.2,0.25,0.2222222222222222,0.125,1.535642542745881,0.2360248447204969,46.57122724394881,,mixed_lost_and_new,4
NASA-Exoplanet-SkyGrid,GeoAnnulus-Final,annulus,NASA_EXO_r06_c00,False,4,5,1,0.2,0.25,0.2222222222222222,0.125,1.1211120390078,0.2608695652173912,46.20205458106378,,mixed_lost_and_new,5
NASA-Exoplanet-SkyGrid,GeoAnnulus-Final,annulus,NASA_EXO_r06_c17,False,4,5,1,0.2,0.25,0.2222222222222222,0.125,1.121112039007773,0.2670807453416148,46.2020545810636,,mixed_lost_and_new,6
NASA-Exoplanet-SkyGrid,GeoAnnulus-Final,annulus,NASA_EXO_r02_c17,False,4,5,1,0.2,0.25,0.2222222222222222,0.125,1.1211120390077711,0.1614906832298137,46.20205458106355,,mixed_lost_and_new,7
NASA-Exoplanet-SkyGrid,GeoAnnulus-Final,annulus,NASA_EXO_r02_c00,False,4,5,1,0.2,0.25,0.2222222222222222,0.125,1.1211120390078,0.15527950310559,46.20205458106353,,mixed_lost_and_new,8
NASA-Exoplanet-SkyGrid,GeoAnnulus-Final,annulus,NASA_EXO_r04_c02,False,4,4,0,0.25,0.25,0.25,0.1428571428571428,1.1581116840390232e-13,0.0434782608695653,5.279392792061481,,mixed_lost_and_new,9
NASA-Exoplanet-SkyGrid,GeoAnnulus-Final,annulus,NASA_EXO_r04_c15,False,4,4,0,0.25,0.25,0.25,0.1428571428571428,8.716641333272597e-15,0.0559006211180124,5.279392792061018,,mixed_lost_and_new,10
NASA-Exoplanet-SkyGrid,GeoAnnulus-Final,annulus,NASA_EXO_r00_c17,True,3,4,1,0.25,0.3333333333333333,0.2857142857142857,0.1666666666666666,1.0288339676363398,0.1055900621118013,63.24053881324596,,mixed_lost_and_new,1
NASA-Exoplanet-SkyGrid,GeoAnnulus-Final,annulus,NASA_EXO_r08_c17,True,3,4,1,0.25,0.3333333333333333,0.2857142857142857,0.1666666666666666,1.0288339676363845,0.2981366459627329,63.24053881324583,,mixed_lost_and_new,2
NASA-Exoplanet-SkyGrid,GeoAnnulus-Final,annulus,NASA_EXO_r00_c00,True,3,4,1,0.25,0.3333333333333333,0.2857142857142857,0.1666666666666666,1.0288339676363365,0.0683229813664596,63.240538813245784,,mixed_lost_and_new,3
NASA-Exoplanet-SkyGrid,GeoAnnulus-Final,annulus,NASA_EXO_r08_c00,True,3,4,1,0.25,0.3333333333333333,0.2857142857142857,0.1666666666666666,1.0288339676363625,0.2732919254658386,63.24053881324576,,mixed_lost_and_new,4
NASA-Exoplanet-SkyGrid,GeoAnnulus-Final,annulus,NASA_EXO_r00_c02,True,3,4,1,0.5,0.6666666666666666,0.5714285714285715,0.4,0.888761775139757,0.1118012422360248,38.65529486742863,,mixed_lost_and_new,5
NASA-Exoplanet-SkyGrid,GeoAnnulus-Final,annulus,NASA_EXO_r00_c15,True,3,4,1,0.5,0.6666666666666666,0.5714285714285715,0.4,0.8887617751397379,0.1118012422360248,38.65529486742851,,mixed_lost_and_new,6
NASA-Exoplanet-SkyGrid,GeoAnnulus-Final,annulus,NASA_EXO_r08_c02,True,3,4,1,0.5,0.6666666666666666,0.5714285714285715,0.4,0.8887617751397315,0.1118012422360248,38.65529486742847,,mixed_lost_and_new,7
NASA-Exoplanet-SkyGrid,GeoAnnulus-Final,annulus,NASA_EXO_r08_c15,True,3,4,1,0.5,0.6666666666666666,0.5714285714285715,0.4,0.8887617751397315,0.1118012422360248,38.655294867428346,,mixed_lost_and_new,8
NASA-Exoplanet-SkyGrid,GeoAnnulus-Final,annulus,NASA_EXO_r00_c16,True,3,4,1,0.75,1.0,0.8571428571428571,0.75,2.131486405730084,0.1180124223602484,83.15277214167229,0.5,over_connected,9
NASA-Exoplanet-SkyGrid,GeoAnnulus-Final,annulus,NASA_EXO_r08_c01,True,3,4,1,0.75,1.0,0.8571428571428571,0.75,2.1314864057300458,0.0683229813664595,83.15277214167213,0.5,over_connected,10
NASA-Exoplanet-SkyGrid,GeoDisk-Final,disk,NASA_EXO_r04_c17,False,4,8,4,0.375,0.75,0.5,0.3333333333333333,0.0031672742905472,0.1304347826086956,49.12930113533013,0.0,mixed_lost_and_new,1
NASA-Exoplanet-SkyGrid,GeoDisk-Final,disk,NASA_EXO_r04_c00,False,4,8,4,0.375,0.75,0.5,0.3333333333333333,8.518325726987146e-05,0.1055900621118012,48.37409051426281,0.0,mixed_lost_and_new,2
NASA-Exoplanet-SkyGrid,GeoDisk-Final,disk,NASA_EXO_r07_c02,False,4,7,3,0.4285714285714285,0.75,0.5454545454545454,0.375,3.211480748908981,0.0372670807453415,13.537580314926023,1.0,mixed_lost_and_new,3
NASA-Exoplanet-SkyGrid,GeoDisk-Final,disk,NASA_EXO_r07_c15,False,4,7,3,0.4285714285714285,0.75,0.5454545454545454,0.375,3.2121106203206984,0.0372670807453415,13.5354732291036,1.0,mixed_lost_and_new,4
NASA-Exoplanet-SkyGrid,GeoDisk-Final,disk,NASA_EXO_r01_c02,False,4,7,3,0.4285714285714285,0.75,0.5454545454545454,0.375,3.212416502637422,0.0124223602484472,13.52566334654334,1.0,mixed_lost_and_new,5
NASA-Exoplanet-SkyGrid,GeoDisk-Final,disk,NASA_EXO_r02_c15,False,4,7,3,0.4285714285714285,0.75,0.5454545454545454,0.375,0.837599053706101,0.0372670807453416,7.740218746417142,1.0,mixed_lost_and_new,6
NASA-Exoplanet-SkyGrid,GeoDisk-Final,disk,NASA_EXO_r02_c17,False,4,6,2,0.5,0.75,0.6,0.4285714285714285,1.588369542731784,0.0248447204968944,51.202340238662174,0.0,mixed_lost_and_new,7
NASA-Exoplanet-SkyGrid,GeoDisk-Final,disk,NASA_EXO_r06_c17,False,4,6,2,0.5,0.75,0.6,0.4285714285714285,1.6264842558290675,0.1118012422360248,49.96251594469797,0.0,mixed_lost_and_new,8
NASA-Exoplanet-SkyGrid,GeoDisk-Final,disk,NASA_EXO_r06_c00,False,4,6,2,0.5,0.75,0.6,0.4285714285714285,1.7183995714884772,0.0869565217391303,49.186906119783686,0.0,mixed_lost_and_new,9
NASA-Exoplanet-SkyGrid,GeoDisk-Final,disk,NASA_EXO_r02_c00,False,4,6,2,0.5,0.75,0.6,0.4285714285714285,1.7242964902129487,0.0186335403726708,49.16295553790648,0.0,mixed_lost_and_new,10
NASA-Exoplanet-SkyGrid,GeoDisk-Final,disk,NASA_EXO_r00_c00,True,3,5,2,0.4,0.6666666666666666,0.5,0.3333333333333333,1.7730804028523712,0.0496894409937888,59.218775320368216,0.0,mixed_lost_and_new,1
NASA-Exoplanet-SkyGrid,GeoDisk-Final,disk,NASA_EXO_r08_c00,True,3,5,2,0.4,0.6666666666666666,0.5,0.3333333333333333,1.7765847104673382,0.1677018633540373,59.20726937581049,0.0,mixed_lost_and_new,2
NASA-Exoplanet-SkyGrid,GeoDisk-Final,disk,NASA_EXO_r08_c17,True,3,5,2,0.4,0.6666666666666666,0.5,0.3333333333333333,1.7767990579856363,0.2049689440993789,59.20191901659923,0.0,mixed_lost_and_new,3
NASA-Exoplanet-SkyGrid,GeoDisk-Final,disk,NASA_EXO_r00_c17,True,3,5,2,0.4,0.6666666666666666,0.5,0.3333333333333333,1.4128417202108363,0.0310559006211179,57.197678003043215,0.0,mixed_lost_and_new,4
NASA-Exoplanet-SkyGrid,GeoDisk-Final,disk,NASA_EXO_r00_c08,True,3,5,2,0.6,1.0,0.7499999999999999,0.6,3.7189825180370857,0.1118012422360248,31.70732283630907,1.0,over_connected,5
NASA-Exoplanet-SkyGrid,GeoDisk-Final,disk,NASA_EXO_r00_c14,True,3,5,2,0.6,1.0,0.7499999999999999,0.6,5.646845534654751,0.0993788819875776,19.95594655369387,1.0,over_connected,6
NASA-Exoplanet-SkyGrid,GeoDisk-Final,disk,NASA_EXO_r00_c03,True,3,5,2,0.6,1.0,0.7499999999999999,0.6,5.655903150035911,0.0869565217391304,19.75336950595576,1.0,over_connected,7
NASA-Exoplanet-SkyGrid,GeoDisk-Final,disk,NASA_EXO_r08_c03,True,3,5,2,0.6,1.0,0.7499999999999999,0.6,5.65324583308392,0.0807453416149067,19.745811425075857,1.0,over_connected,8
NASA-Exoplanet-SkyGrid,GeoDisk-Final,disk,NASA_EXO_r08_c14,True,3,5,2,0.6,1.0,0.7499999999999999,0.6,5.653247564891422,0.0807453416149067,19.745746659057573,1.0,over_connected,9
NASA-Exoplanet-SkyGrid,GeoDisk-Final,disk,NASA_EXO_r00_c02,True,3,4,1,0.75,1.0,0.8571428571428571,0.75,3.6644752022667,0.1055900621118012,29.093814021183093,1.0,over_connected,10
NCEP-AirTemp-Africa-2000,GeoAnnulus-Final,annulus,NCEP2000_r018_c020,False,4,2,2,0.0,0.0,0.0,0.0,2.015883750946486,0.0075,35.41962906318224,,mixed_lost_and_new,1
NCEP-AirTemp-Africa-2000,GeoAnnulus-Final,annulus,NCEP2000_r018_c018,False,4,4,0,0.0,0.0,0.0,0.0,2.5272341977156954,0.01,37.92812756344823,,mixed_lost_and_new,2
NCEP-AirTemp-Africa-2000,GeoAnnulus-Final,annulus,NCEP2000_r019_c011,False,4,10,6,0.1,0.25,0.1428571428571428,0.0769230769230769,2.644228189394769,0.1225,30.62169680082488,,mixed_lost_and_new,3
NCEP-AirTemp-Africa-2000,GeoAnnulus-Final,annulus,NCEP2000_r018_c019,False,4,5,1,0.2,0.25,0.2222222222222222,0.125,5.381567996113731,0.005,45.52707987596898,,mixed_lost_and_new,4
NCEP-AirTemp-Africa-2000,GeoAnnulus-Final,annulus,NCEP2000_r016_c019,False,4,5,1,0.2,0.25,0.2222222222222222,0.125,6.975617865575651,0.0225,44.60213081268166,,mixed_lost_and_new,5
NCEP-AirTemp-Africa-2000,GeoAnnulus-Final,annulus,NCEP2000_r017_c019,False,4,4,0,0.25,0.25,0.25,0.1428571428571428,4.831679458949495,0.0425,49.26281944929491,,mixed_lost_and_new,6
NCEP-AirTemp-Africa-2000,GeoAnnulus-Final,annulus,NCEP2000_r017_c018,False,4,4,0,0.25,0.25,0.25,0.1428571428571428,4.0422609869232,0.0225,36.632450988896515,,mixed_lost_and_new,7
NCEP-AirTemp-Africa-2000,GeoAnnulus-Final,annulus,NCEP2000_r016_c018,False,4,4,0,0.25,0.25,0.25,0.1428571428571428,2.3828047270176245,0.0075,33.6601685493401,,mixed_lost_and_new,8
NCEP-AirTemp-Africa-2000,GeoAnnulus-Final,annulus,NCEP2000_r020_c017,False,4,4,0,0.25,0.25,0.25,0.1428571428571428,0.948930475928264,0.045,32.52028189529622,,mixed_lost_and_new,9
NCEP-AirTemp-Africa-2000,GeoAnnulus-Final,annulus,NCEP2000_r019_c018,False,4,3,1,0.3333333333333333,0.25,0.2857142857142857,0.1666666666666666,0.6688326654426187,0.0049999999999999,41.76218767768138,,mixed_lost_and_new,10
NCEP-AirTemp-Africa-2000,GeoAnnulus-Final,annulus,NCEP2000_r018_c007,True,1,4,3,0.0,0.0,0.0,0.0,0.8304873934321879,0.3,28.323153489491215,,mixed_lost_and_new,1
NCEP-AirTemp-Africa-2000,GeoAnnulus-Final,annulus,NCEP2000_r018_c005,True,1,3,2,0.0,0.0,0.0,0.0,0.5347272557001407,0.045,8.793932918898774,,mixed_lost_and_new,2
NCEP-AirTemp-Africa-2000,GeoAnnulus-Final,annulus,NCEP2000_r007_c022,True,1,3,2,0.0,0.0,0.0,0.0,0.3144098843724878,0.1575,4.45223984321268,,mixed_lost_and_new,3
NCEP-AirTemp-Africa-2000,GeoAnnulus-Final,annulus,NCEP2000_r019_c010,True,3,6,3,0.1666666666666666,0.3333333333333333,0.2222222222222222,0.125,0.3772255968689432,0.305,44.45611172345141,,mixed_lost_and_new,4
NCEP-AirTemp-Africa-2000,GeoAnnulus-Final,annulus,NCEP2000_r019_c008,True,3,5,2,0.2,0.3333333333333333,0.25,0.1428571428571428,0.3926309495599369,0.0075,86.19868972283695,,mixed_lost_and_new,5
NCEP-AirTemp-Africa-2000,GeoAnnulus-Final,annulus,NCEP2000_r019_c009,True,3,5,2,0.2,0.3333333333333333,0.25,0.1428571428571428,0.6059019538718732,0.3125,72.94991825445796,,mixed_lost_and_new,6
NCEP-AirTemp-Africa-2000,GeoAnnulus-Final,annulus,NCEP2000_r018_c011,True,2,5,3,0.2,0.5,0.2857142857142857,0.1666666666666666,0.0396833817149225,0.3324999999999999,36.158313298557346,,mixed_lost_and_new,7
NCEP-AirTemp-Africa-2000,GeoAnnulus-Final,annulus,NCEP2000_r022_c002,True,3,4,1,0.25,0.3333333333333333,0.2857142857142857,0.1666666666666666,0.0930674616786661,0.14,33.89043896061697,,mixed_lost_and_new,8
NCEP-AirTemp-Africa-2000,GeoAnnulus-Final,annulus,NCEP2000_r020_c003,True,3,4,1,0.25,0.3333333333333333,0.2857142857142857,0.1666666666666666,0.0040488656906006,0.195,14.68874753935312,,mixed_lost_and_new,9
NCEP-AirTemp-Africa-2000,GeoAnnulus-Final,annulus,NCEP2000_r021_c002,True,2,4,2,0.25,0.5,0.3333333333333333,0.2,0.4857147506402363,0.1975,16.08544955314345,,mixed_lost_and_new,10
NCEP-AirTemp-Africa-2000,GeoDisk-Final,disk,NCEP2000_r019_c007,False,4,5,1,0.2,0.25,0.2222222222222222,0.125,0.6909567881318289,0.015,48.15163321567816,,mixed_lost_and_new,1
NCEP-AirTemp-Africa-2000,GeoDisk-Final,disk,NCEP2000_r019_c011,False,4,10,6,0.2,0.5,0.2857142857142857,0.1666666666666666,3.3189587836214485,0.1275,36.663086491931125,1.0,mixed_lost_and_new,2
NCEP-AirTemp-Africa-2000,GeoDisk-Final,disk,NCEP2000_r019_c005,False,4,3,1,0.3333333333333333,0.25,0.2857142857142857,0.1666666666666666,0.1813876637014109,0.1999999999999999,52.69658739211831,,mixed_lost_and_new,3
NCEP-AirTemp-Africa-2000,GeoDisk-Final,disk,NCEP2000_r020_c004,False,4,8,4,0.25,0.5,0.3333333333333333,0.2,0.9265733638578774,0.035,38.010644538576635,,mixed_lost_and_new,4
NCEP-AirTemp-Africa-2000,GeoDisk-Final,disk,NCEP2000_r020_c010,False,4,7,3,0.2857142857142857,0.5,0.3636363636363636,0.2222222222222222,3.1752854982023786,0.03,33.47429875402382,,mixed_lost_and_new,5
NCEP-AirTemp-Africa-2000,GeoDisk-Final,disk,NCEP2000_r022_c004,False,4,7,3,0.2857142857142857,0.5,0.3636363636363636,0.2222222222222222,0.3768514774490099,0.0324999999999999,18.302843632328976,,mixed_lost_and_new,6
NCEP-AirTemp-Africa-2000,GeoDisk-Final,disk,NCEP2000_r020_c007,False,4,6,2,0.3333333333333333,0.5,0.4,0.25,1.290265293610794,0.1274999999999999,43.09532311321739,,mixed_lost_and_new,7
NCEP-AirTemp-Africa-2000,GeoDisk-Final,disk,NCEP2000_r022_c006,False,4,6,2,0.3333333333333333,0.5,0.4,0.25,1.135756980210178,0.1849999999999999,28.58952895013315,,mixed_lost_and_new,8
NCEP-AirTemp-Africa-2000,GeoDisk-Final,disk,NCEP2000_r021_c009,False,4,6,2,0.3333333333333333,0.5,0.4,0.25,2.5931548764500545,0.215,27.6809674622046,,mixed_lost_and_new,9
NCEP-AirTemp-Africa-2000,GeoDisk-Final,disk,NCEP2000_r022_c008,False,4,6,2,0.3333333333333333,0.5,0.4,0.25,1.861146503941499,0.3075,26.964054627829764,,mixed_lost_and_new,10
NCEP-AirTemp-Africa-2000,GeoDisk-Final,disk,NCEP2000_r018_c007,True,1,4,3,0.0,0.0,0.0,0.0,0.7645022535731758,0.29,17.451897560436713,,mixed_lost_and_new,1
NCEP-AirTemp-Africa-2000,GeoDisk-Final,disk,NCEP2000_r018_c005,True,1,3,2,0.0,0.0,0.0,0.0,0.6187365007105268,0.03,13.650339362935153,,mixed_lost_and_new,2
NCEP-AirTemp-Africa-2000,GeoDisk-Final,disk,NCEP2000_r007_c022,True,1,3,2,0.0,0.0,0.0,0.0,0.3225477412280272,0.16,1.8906725377346452,,mixed_lost_and_new,3
NCEP-AirTemp-Africa-2000,GeoDisk-Final,disk,NCEP2000_r019_c003,True,2,3,1,0.0,0.0,0.0,0.0,0.0436714582657523,0.2099999999999999,41.49680093524501,,mixed_lost_and_new,4
NCEP-AirTemp-Africa-2000,GeoDisk-Final,disk,NCEP2000_r019_c008,True,3,3,0,0.0,0.0,0.0,0.0,0.3233222161711175,0.0799999999999999,86.57321951623182,,mixed_lost_and_new,5
NCEP-AirTemp-Africa-2000,GeoDisk-Final,disk,NCEP2000_r019_c010,True,3,6,3,0.1666666666666666,0.3333333333333333,0.2222222222222222,0.125,0.3798588426465394,0.295,49.36704184582603,,mixed_lost_and_new,6
NCEP-AirTemp-Africa-2000,GeoDisk-Final,disk,NCEP2000_r019_c009,True,3,5,2,0.2,0.3333333333333333,0.25,0.1428571428571428,0.5307056667619738,0.305,69.89185461132196,,mixed_lost_and_new,7
NCEP-AirTemp-Africa-2000,GeoDisk-Final,disk,NCEP2000_r019_c006,True,3,5,2,0.2,0.3333333333333333,0.25,0.1428571428571428,0.5363946467198754,0.0999999999999999,45.81549775408303,,mixed_lost_and_new,8
NCEP-AirTemp-Africa-2000,GeoDisk-Final,disk,NCEP2000_r022_c002,True,3,5,2,0.2,0.3333333333333333,0.25,0.1428571428571428,0.0339705861020281,0.1125,37.79199922532016,,mixed_lost_and_new,9
NCEP-AirTemp-Africa-2000,GeoDisk-Final,disk,NCEP2000_r019_c004,True,3,4,1,0.25,0.3333333333333333,0.2857142857142857,0.1666666666666666,0.7783715309577007,0.1875,81.15223853812303,,mixed_lost_and_new,10
NE-Admin0-Africa,GeoAnnulus-Final,annulus,BDI,False,3,4,1,0.25,0.3333333333333333,0.2857142857142857,0.1666666666666666,6.2918612915003,0.0204081632653061,35.72064895807453,,mixed_lost_and_new,1
NE-Admin0-Africa,GeoAnnulus-Final,annulus,LSO,False,1,4,3,0.25,1.0,0.4,0.25,5.5147795945479485,0.3673469387755101,79.68935877532901,,over_connected,2
NE-Admin0-Africa,GeoAnnulus-Final,annulus,MWI,False,3,6,3,0.3333333333333333,0.6666666666666666,0.4444444444444444,0.2857142857142857,3.482082728154243,0.0,30.42205484336414,1.0,mixed_lost_and_new,3
NE-Admin0-Africa,GeoAnnulus-Final,annulus,ZMB,False,8,4,4,0.75,0.375,0.5,0.3333333333333333,1.9009312965946252,0.0816326530612245,21.262097651100376,0.6666666666666666,mixed_lost_and_new,4
NE-Admin0-Africa,GeoAnnulus-Final,annulus,SDS,False,6,5,1,0.6,0.5,0.5454545454545454,0.375,10.26397851534866,0.0,18.773377722641108,1.0,mixed_lost_and_new,5
NE-Admin0-Africa,GeoAnnulus-Final,annulus,UGA,False,5,6,1,0.5,0.6,0.5454545454545454,0.375,5.170485454466614,0.0204081632653061,8.651854893610174,1.0,mixed_lost_and_new,6
NE-Admin0-Africa,GeoAnnulus-Final,annulus,SWZ,False,2,5,3,0.4,1.0,0.5714285714285715,0.4,1.9316656585506915,0.2244897959183673,46.10179932594337,1.0,over_connected,7
NE-Admin0-Africa,GeoAnnulus-Final,annulus,MLI,False,7,3,4,1.0,0.4285714285714285,0.6,0.4285714285714285,4.5380346194207695,0.0408163265306122,39.1573421905868,0.6666666666666666,under_connected,8
NE-Admin0-Africa,GeoAnnulus-Final,annulus,ZWE,False,4,6,2,0.5,0.75,0.6,0.4285714285714285,3.326514780655751,0.0,26.45475638430718,1.0,mixed_lost_and_new,9
NE-Admin0-Africa,GeoAnnulus-Final,annulus,NER,False,8,8,0,0.625,0.625,0.625,0.4545454545454545,3.6377248851805657,0.1224489795918367,15.862575767546938,1.0,mixed_lost_and_new,10
NE-Admin0-Africa,GeoAnnulus-Final,annulus,GMB,True,1,6,5,0.1666666666666666,1.0,0.2857142857142857,0.1666666666666666,2.482246507470424,0.1224489795918366,35.56187196078791,,over_connected,1
NE-Admin0-Africa,GeoAnnulus-Final,annulus,GNB,True,2,3,1,0.3333333333333333,0.5,0.4,0.25,0.96433797230922,0.1428571428571429,25.869210707723436,,mixed_lost_and_new,2
NE-Admin0-Africa,GeoAnnulus-Final,annulus,COD,True,9,5,4,0.6,0.3333333333333333,0.4285714285714285,0.2727272727272727,5.412166800119173,0.0204081632653061,15.914184674155276,0.6666666666666666,mixed_lost_and_new,3
NE-Admin0-Africa,GeoAnnulus-Final,annulus,SEN,True,5,4,1,0.5,0.4,0.4444444444444445,0.2857142857142857,3.4626715099454213,0.0204081632653061,30.72742740008831,1.0,mixed_lost_and_new,4
NE-Admin0-Africa,GeoAnnulus-Final,annulus,GNQ,True,2,6,4,0.3333333333333333,1.0,0.5,0.3333333333333333,3.47115482891869,0.0204081632653061,18.86920856347982,1.0,over_connected,5
NE-Admin0-Africa,GeoAnnulus-Final,annulus,GHA,True,3,5,2,0.4,0.6666666666666666,0.5,0.3333333333333333,0.136346598452325,0.3061224489795918,24.722616082553586,1.0,mixed_lost_and_new,6
NE-Admin0-Africa,GeoAnnulus-Final,annulus,SLE,True,2,2,0,0.5,0.5,0.5,0.3333333333333333,4.501714039241235,0.1020408163265306,59.29833095678845,,mixed_lost_and_new,7
NE-Admin0-Africa,GeoAnnulus-Final,annulus,MRT,True,4,4,0,0.5,0.5,0.5,0.3333333333333333,2.662278844425627,0.1020408163265306,52.42046803239624,1.0,mixed_lost_and_new,8
NE-Admin0-Africa,GeoAnnulus-Final,annulus,NAM,True,4,4,0,0.5,0.5,0.5,0.3333333333333333,0.9784264787371548,0.0612244897959183,27.25912408757589,1.0,mixed_lost_and_new,9
NE-Admin0-Africa,GeoAnnulus-Final,annulus,NGA,True,3,8,5,0.375,1.0,0.5454545454545454,0.375,0.2884510912135649,0.1224489795918367,24.22690529421722,1.0,over_connected,10
NE-Admin0-Africa,GeoDisk-Final,disk,LSO,False,1,3,2,0.3333333333333333,1.0,0.5,0.3333333333333333,9.31028243599937,0.3265306122448979,101.30953973755476,,over_connected,1
NE-Admin0-Africa,GeoDisk-Final,disk,MLI,False,7,4,3,0.75,0.4285714285714285,0.5454545454545454,0.375,4.490019619176111,0.1020408163265306,33.358974284647466,0.6666666666666666,mixed_lost_and_new,2
NE-Admin0-Africa,GeoDisk-Final,disk,MWI,False,3,4,1,0.5,0.6666666666666666,0.5714285714285715,0.4,18.85044676355191,0.0612244897959183,18.41699404577825,0.0,mixed_lost_and_new,3
NE-Admin0-Africa,GeoDisk-Final,disk,UGA,False,5,4,1,0.75,0.6,0.6666666666666665,0.5,3.0579647208744247,0.0,11.999916899875885,1.0,mixed_lost_and_new,4
NE-Admin0-Africa,GeoDisk-Final,disk,ZMB,False,8,6,2,0.8333333333333334,0.625,0.7142857142857143,0.5555555555555556,2.2112247264289517,0.0,15.609070461952328,0.9,mixed_lost_and_new,5
NE-Admin0-Africa,GeoDisk-Final,disk,BFA,False,6,7,1,0.7142857142857143,0.8333333333333334,0.7692307692307692,0.625,3.486766285799247,0.1224489795918367,21.124041932148952,0.7,mixed_lost_and_new,6
NE-Admin0-Africa,GeoDisk-Final,disk,NER,False,8,10,2,0.7,0.875,0.7777777777777777,0.6363636363636364,0.661525268344502,0.0816326530612244,8.850044762239708,0.9523809523809524,mixed_lost_and_new,7
NE-Admin0-Africa,GeoDisk-Final,disk,ZWE,False,4,6,2,0.6666666666666666,1.0,0.8,0.6666666666666666,7.050543150090189,0.0,20.164082262480235,1.0,over_connected,8
NE-Admin0-Africa,GeoDisk-Final,disk,RWA,False,4,6,2,0.6666666666666666,1.0,0.8,0.6666666666666666,24.20898032770534,0.0,12.195922573426945,1.0,over_connected,9
NE-Admin0-Africa,GeoDisk-Final,disk,SWZ,False,2,3,1,0.6666666666666666,1.0,0.8,0.6666666666666666,6.84720080342052,0.2040816326530612,42.251632968131965,1.0,over_connected,10
NE-Admin0-Africa,GeoDisk-Final,disk,SLE,True,2,3,1,0.3333333333333333,0.5,0.4,0.25,8.24527946727341,0.0408163265306121,62.19035381262825,,mixed_lost_and_new,1
NE-Admin0-Africa,GeoDisk-Final,disk,SEN,True,5,5,0,0.4,0.4,0.4000000000000001,0.25,0.8198604888013641,0.0,48.61551256896477,1.0,mixed_lost_and_new,2
NE-Admin0-Africa,GeoDisk-Final,disk,GNQ,True,2,7,5,0.2857142857142857,1.0,0.4444444444444445,0.2857142857142857,6.292671394563463,0.1224489795918367,22.1817235931706,1.0,over_connected,3
NE-Admin0-Africa,GeoDisk-Final,disk,GMB,True,1,3,2,0.3333333333333333,1.0,0.5,0.3333333333333333,5.4481057583565535,0.1428571428571428,130.85362511019633,,over_connected,4
NE-Admin0-Africa,GeoDisk-Final,disk,GNB,True,2,5,3,0.4,1.0,0.5714285714285715,0.4,1.827836549111297,0.1428571428571429,13.111541721083558,1.0,over_connected,5
NE-Admin0-Africa,GeoDisk-Final,disk,MRT,True,4,3,1,0.6666666666666666,0.5,0.5714285714285715,0.4,2.22965329422715,0.0408163265306122,45.37406206791174,1.0,mixed_lost_and_new,6
NE-Admin0-Africa,GeoDisk-Final,disk,LBR,True,3,7,4,0.4285714285714285,1.0,0.6,0.4285714285714285,1.0176827904551968,0.0612244897959184,65.80936758147989,1.0,over_connected,7
NE-Admin0-Africa,GeoDisk-Final,disk,CIV,True,5,5,0,0.6,0.6,0.6,0.4285714285714285,3.4662745657862133,0.0816326530612245,39.60933564302054,0.6666666666666666,mixed_lost_and_new,8
NE-Admin0-Africa,GeoDisk-Final,disk,GIN,True,6,3,3,1.0,0.5,0.6666666666666666,0.5,1.0691090126065972,0.0816326530612244,38.135320686241855,0.6666666666666666,under_connected,9
NE-Admin0-Africa,GeoDisk-Final,disk,AGO,True,3,6,3,0.5,1.0,0.6666666666666666,0.5,12.768285325054809,0.1020408163265305,20.68550741224171,1.0,over_connected,10
Synthetic-concave_u,GeoAnnulus-Final,annulus,SYN_concave_u_r008_c002,False,4,3,1,0.3333333333333333,0.25,0.2857142857142857,0.1666666666666666,0.4477566624176993,0.0,14.103150390162458,,mixed_lost_and_new,1
Synthetic-concave_u,GeoAnnulus-Final,annulus,SYN_concave_u_r009_c002,False,4,3,1,0.6666666666666666,0.5,0.5714285714285715,0.4,1.6556657635661385,0.0116959064327485,29.29698313500446,1.0,mixed_lost_and_new,2
Synthetic-concave_u,GeoAnnulus-Final,annulus,SYN_concave_u_r007_c002,False,4,3,1,0.6666666666666666,0.5,0.5714285714285715,0.4,3.656953166362756,0.023391812865497,28.47034951912478,1.0,mixed_lost_and_new,3
Synthetic-concave_u,GeoAnnulus-Final,annulus,SYN_concave_u_r010_c001,False,4,6,2,0.5,0.75,0.6,0.4285714285714285,3.5562372534924354,0.0116959064327485,26.515160060529368,1.0,mixed_lost_and_new,4
Synthetic-concave_u,GeoAnnulus-Final,annulus,SYN_concave_u_r009_c001,False,4,6,2,0.5,0.75,0.6,0.4285714285714285,3.771972659051647,0.0292397660818713,17.68770526084588,1.0,mixed_lost_and_new,5
Synthetic-concave_u,GeoAnnulus-Final,annulus,SYN_concave_u_r014_c008,False,4,5,1,0.6,0.75,0.6666666666666665,0.5,0.0468521022691884,0.0701754385964912,31.355312144281857,1.0,mixed_lost_and_new,6
Synthetic-concave_u,GeoAnnulus-Final,annulus,SYN_concave_u_r011_c001,False,4,5,1,0.6,0.75,0.6666666666666665,0.5,0.9918185711543942,0.0116959064327485,28.47323222641397,1.0,mixed_lost_and_new,7
Synthetic-concave_u,GeoAnnulus-Final,annulus,SYN_concave_u_r015_c013,False,4,5,1,0.6,0.75,0.6666666666666665,0.5,0.0362756162760252,0.087719298245614,26.31802957690517,1.0,mixed_lost_and_new,8
Synthetic-concave_u,GeoAnnulus-Final,annulus,SYN_concave_u_r010_c002,False,4,5,1,0.6,0.75,0.6666666666666665,0.5,0.905163667816464,0.0116959064327485,24.68669164613594,1.0,mixed_lost_and_new,9
Synthetic-concave_u,GeoAnnulus-Final,annulus,SYN_concave_u_r015_c008,False,4,5,1,0.6,0.75,0.6666666666666665,0.5,0.4972856628941804,0.023391812865497,23.270554144688703,1.0,mixed_lost_and_new,10
Synthetic-concave_u,GeoAnnulus-Final,annulus,SYN_concave_u_r008_c003,True,3,14,11,0.2142857142857142,1.0,0.3529411764705882,0.2142857142857142,0.4563517143347563,0.0409356725146198,14.076054208736592,1.0,over_connected,1
Synthetic-concave_u,GeoAnnulus-Final,annulus,SYN_concave_u_r009_c003,True,3,9,6,0.3333333333333333,1.0,0.5,0.3333333333333333,0.684331259635558,0.0058479532163742,28.836001197576604,1.0,over_connected,2
Synthetic-concave_u,GeoAnnulus-Final,annulus,SYN_concave_u_r007_c003,True,3,8,5,0.375,1.0,0.5454545454545454,0.375,0.0522250078689311,0.0409356725146198,18.691849412017262,1.0,over_connected,3
Synthetic-concave_u,GeoAnnulus-Final,annulus,SYN_concave_u_r012_c000,True,3,7,4,0.4285714285714285,1.0,0.6,0.4285714285714285,1.3553866274670328,0.0467836257309941,60.94874258311453,1.0,over_connected,4
Synthetic-concave_u,GeoAnnulus-Final,annulus,SYN_concave_u_r013_c006,True,3,7,4,0.4285714285714285,1.0,0.6,0.4285714285714285,1.0073847944715748,0.0409356725146198,25.266685047492658,1.0,over_connected,5
Synthetic-concave_u,GeoAnnulus-Final,annulus,SYN_concave_u_r004_c003,True,3,6,3,0.5,1.0,0.6666666666666666,0.5,1.3719146736539387,0.0467836257309941,63.17374127342816,1.0,over_connected,6
Synthetic-concave_u,GeoAnnulus-Final,annulus,SYN_concave_u_r004_c000,True,3,6,3,0.5,1.0,0.6666666666666666,0.5,1.3695116083860073,0.0818713450292397,63.165035320481024,1.0,over_connected,7
Synthetic-concave_u,GeoAnnulus-Final,annulus,SYN_concave_u_r013_c008,True,3,6,3,0.5,1.0,0.6666666666666666,0.5,2.3189662284705306,0.0584795321637426,46.36667161020268,1.0,over_connected,8
Synthetic-concave_u,GeoAnnulus-Final,annulus,SYN_concave_u_r013_c011,True,3,6,3,0.5,1.0,0.6666666666666666,0.5,1.310624446386254,0.0935672514619883,39.9247636752458,1.0,over_connected,9
Synthetic-concave_u,GeoAnnulus-Final,annulus,SYN_concave_u_r013_c005,True,3,6,3,0.5,1.0,0.6666666666666666,0.5,1.3491626256150355,0.0058479532163742,32.47448038261149,1.0,over_connected,10
Synthetic-concave_u,GeoDisk-Final,disk,SYN_concave_u_r015_c010,False,4,6,2,0.5,0.75,0.6,0.4285714285714285,0.4717763555472001,0.0058479532163743,38.91902231991982,1.0,mixed_lost_and_new,1
Synthetic-concave_u,GeoDisk-Final,disk,SYN_concave_u_r015_c009,False,4,6,2,0.5,0.75,0.6,0.4285714285714285,0.2875032798641884,0.0994152046783626,36.795851557732085,1.0,mixed_lost_and_new,2
Synthetic-concave_u,GeoDisk-Final,disk,SYN_concave_u_r014_c008,False,4,6,2,0.5,0.75,0.6,0.4285714285714285,0.8332281763175116,0.0058479532163742,36.31840171276826,1.0,mixed_lost_and_new,3
Synthetic-concave_u,GeoDisk-Final,disk,SYN_concave_u_r015_c008,False,4,6,2,0.5,0.75,0.6,0.4285714285714285,0.2226547938378079,0.0701754385964912,35.92108116037282,1.0,mixed_lost_and_new,4
Synthetic-concave_u,GeoDisk-Final,disk,SYN_concave_u_r014_c007,False,4,6,2,0.5,0.75,0.6,0.4285714285714285,0.60996391307825,0.0818713450292397,34.49086334541832,1.0,mixed_lost_and_new,5
Synthetic-concave_u,GeoDisk-Final,disk,SYN_concave_u_r015_c011,False,4,6,2,0.5,0.75,0.6,0.4285714285714285,0.3383801598752291,0.0058479532163742,33.49816286972703,1.0,mixed_lost_and_new,6
Synthetic-concave_u,GeoDisk-Final,disk,SYN_concave_u_r014_c011,False,4,6,2,0.5,0.75,0.6,0.4285714285714285,0.1233764288164676,0.0818713450292397,27.63529877611525,1.0,mixed_lost_and_new,7
Synthetic-concave_u,GeoDisk-Final,disk,SYN_concave_u_r014_c010,False,4,5,1,0.6,0.75,0.6666666666666665,0.5,0.2692041752801877,0.0058479532163742,32.979668249195804,1.0,mixed_lost_and_new,8
Synthetic-concave_u,GeoDisk-Final,disk,SYN_concave_u_r004_c002,False,4,8,4,0.5,1.0,0.6666666666666666,0.5,7.540507669578167,0.023391812865497,24.68737153389634,1.0,over_connected,9
Synthetic-concave_u,GeoDisk-Final,disk,SYN_concave_u_r012_c001,False,4,8,4,0.5,1.0,0.6666666666666666,0.5,9.475770429327468,0.0058479532163742,23.684469237643953,1.0,over_connected,10
Synthetic-concave_u,GeoDisk-Final,disk,SYN_concave_u_r007_c003,True,3,8,5,0.25,0.6666666666666666,0.3636363636363636,0.2222222222222222,12.980990483347863,0.0467836257309941,29.61806389842522,1.0,mixed_lost_and_new,1
Synthetic-concave_u,GeoDisk-Final,disk,SYN_concave_u_r013_c011,True,3,6,3,0.3333333333333333,0.6666666666666666,0.4444444444444444,0.2857142857142857,12.104372683628464,0.0760233918128654,54.64697283814348,,mixed_lost_and_new,2
Synthetic-concave_u,GeoDisk-Final,disk,SYN_concave_u_r006_c003,True,3,6,3,0.3333333333333333,0.6666666666666666,0.4444444444444444,0.2857142857142857,4.805137450988024,0.0350877192982456,23.839448270709457,1.0,mixed_lost_and_new,3
Synthetic-concave_u,GeoDisk-Final,disk,SYN_concave_u_r013_c007,True,3,5,2,0.4,0.6666666666666666,0.5,0.3333333333333333,1.1971155332511745,0.0409356725146198,41.45398793776972,,mixed_lost_and_new,4
Synthetic-concave_u,GeoDisk-Final,disk,SYN_concave_u_r013_c012,True,3,8,5,0.375,1.0,0.5454545454545454,0.375,5.907350988954029,0.0116959064327485,31.7215180452127,1.0,over_connected,5
Synthetic-concave_u,GeoDisk-Final,disk,SYN_concave_u_r010_c003,True,3,8,5,0.375,1.0,0.5454545454545454,0.375,22.05389293041996,0.0058479532163742,18.49055549804024,1.0,over_connected,6
Synthetic-concave_u,GeoDisk-Final,disk,SYN_concave_u_r009_c003,True,3,8,5,0.375,1.0,0.5454545454545454,0.375,17.95539551846469,0.0058479532163742,14.702772875321992,1.0,over_connected,7
Synthetic-concave_u,GeoDisk-Final,disk,SYN_concave_u_r016_c011,True,3,4,1,0.5,0.6666666666666666,0.5714285714285715,0.4,0.8206452500475561,0.0643274853801169,55.191535575214296,,mixed_lost_and_new,8
Synthetic-concave_u,GeoDisk-Final,disk,SYN_concave_u_r011_c003,True,3,7,4,0.4285714285714285,1.0,0.6,0.4285714285714285,10.465458376974777,0.023391812865497,17.180517434833668,1.0,over_connected,9
Synthetic-concave_u,GeoDisk-Final,disk,SYN_concave_u_r009_c013,True,3,7,4,0.4285714285714285,1.0,0.6,0.4285714285714285,0.7243272427615298,0.1578947368421052,12.17897923338595,1.0,over_connected,10
Synthetic-disconnected,GeoAnnulus-Final,annulus,SYN_disconnected_r006_c006,False,4,4,0,0.25,0.25,0.25,0.1428571428571428,14.52058453018019,0.0,37.80496459186255,,mixed_lost_and_new,1
Synthetic-disconnected,GeoAnnulus-Final,annulus,SYN_disconnected_r006_c005,False,4,3,1,0.3333333333333333,0.25,0.2857142857142857,0.1666666666666666,0.0566919676345686,0.0,17.396635609528953,,mixed_lost_and_new,2
Synthetic-disconnected,GeoAnnulus-Final,annulus,SYN_disconnected_r006_c008,False,4,7,3,0.2857142857142857,0.5,0.3636363636363636,0.2222222222222222,0.8941587764831186,0.0566037735849056,40.12148834037063,,mixed_lost_and_new,3
Synthetic-disconnected,GeoAnnulus-Final,annulus,SYN_disconnected_r008_c008,False,4,6,2,0.3333333333333333,0.5,0.4,0.25,0.0231828636479689,0.0377358490566037,27.020029928227306,,mixed_lost_and_new,4
Synthetic-disconnected,GeoAnnulus-Final,annulus,SYN_disconnected_r012_c019,False,4,6,2,0.3333333333333333,0.5,0.4,0.25,0.3953382774158272,0.0188679245283018,24.810166028881817,,mixed_lost_and_new,5
Synthetic-disconnected,GeoAnnulus-Final,annulus,SYN_disconnected_r006_c007,False,4,4,0,0.5,0.5,0.5,0.3333333333333333,5.554232606555849,0.0188679245283018,33.961839190961925,,mixed_lost_and_new,6
Synthetic-disconnected,GeoAnnulus-Final,annulus,SYN_disconnected_r007_c008,False,4,4,0,0.5,0.5,0.5,0.3333333333333333,0.3509082718229538,0.0188679245283018,27.39187253104893,,mixed_lost_and_new,7
Synthetic-disconnected,GeoAnnulus-Final,annulus,SYN_disconnected_r011_c019,False,4,4,0,0.5,0.5,0.5,0.3333333333333333,0.0804345799853289,0.0377358490566037,19.001965453369426,,mixed_lost_and_new,8
Synthetic-disconnected,GeoAnnulus-Final,annulus,SYN_disconnected_r012_c018,False,4,7,3,0.4285714285714285,0.75,0.5454545454545454,0.375,0.9246400601196918,0.0251572327044025,23.347499990785675,1.0,mixed_lost_and_new,9
Synthetic-disconnected,GeoAnnulus-Final,annulus,SYN_disconnected_r013_c021,False,4,7,3,0.4285714285714285,0.75,0.5454545454545454,0.375,0.0330914209103194,0.0628930817610062,18.760916650022367,1.0,mixed_lost_and_new,10
Synthetic-disconnected,GeoAnnulus-Final,annulus,SYN_disconnected_r006_c009,True,3,6,3,0.1666666666666666,0.3333333333333333,0.2222222222222222,0.125,11.264865103311037,0.050314465408805,51.03875639654354,,mixed_lost_and_new,1
Synthetic-disconnected,GeoAnnulus-Final,annulus,SYN_disconnected_r009_c009,True,3,5,2,0.2,0.3333333333333333,0.25,0.1428571428571428,1.9748852772589909,0.0943396226415094,37.317430484132665,,mixed_lost_and_new,2
Synthetic-disconnected,GeoAnnulus-Final,annulus,SYN_disconnected_r005_c009,True,3,8,5,0.25,0.6666666666666666,0.3636363636363636,0.2222222222222222,1.4403149147024514,0.050314465408805,27.81005529864643,1.0,mixed_lost_and_new,3
Synthetic-disconnected,GeoAnnulus-Final,annulus,SYN_disconnected_r007_c009,True,3,7,4,0.2857142857142857,0.6666666666666666,0.4,0.25,0.8177731844658944,0.0314465408805031,14.910856861446756,1.0,mixed_lost_and_new,4
Synthetic-disconnected,GeoAnnulus-Final,annulus,SYN_disconnected_r008_c009,True,3,6,3,0.3333333333333333,0.6666666666666666,0.4444444444444444,0.2857142857142857,0.8903085266920294,0.0251572327044025,27.85871170958406,1.0,mixed_lost_and_new,5
Synthetic-disconnected,GeoAnnulus-Final,annulus,SYN_disconnected_r010_c009,True,3,5,2,0.4,0.6666666666666666,0.5,0.3333333333333333,0.7014984111293838,0.1257861635220125,20.731063300047044,1.0,mixed_lost_and_new,6
Synthetic-disconnected,GeoAnnulus-Final,annulus,SYN_disconnected_r008_c015,True,3,8,5,0.375,1.0,0.5454545454545454,0.375,1.599985241303207,0.0440251572327044,21.06699718213798,1.0,over_connected,7
Synthetic-disconnected,GeoAnnulus-Final,annulus,SYN_disconnected_r005_c015,True,2,5,3,0.4,1.0,0.5714285714285715,0.4,6.423792990965843,0.1132075471698113,22.653314206417313,1.0,over_connected,8
Synthetic-disconnected,GeoAnnulus-Final,annulus,SYN_disconnected_r014_c021,True,3,4,1,0.5,0.6666666666666666,0.5714285714285715,0.4,1.2539486171336531,0.0628930817610062,47.48852350189762,,mixed_lost_and_new,9
Synthetic-disconnected,GeoAnnulus-Final,annulus,SYN_disconnected_r005_c018,True,3,4,1,0.5,0.6666666666666666,0.5714285714285715,0.4,1.8254489411556876,0.050314465408805,33.91368083920775,,mixed_lost_and_new,10
Synthetic-disconnected,GeoDisk-Final,disk,SYN_disconnected_r009_c008,False,4,8,4,0.375,0.75,0.5,0.3333333333333333,1.7753773470381644,0.0566037735849056,40.56024436480493,0.5,mixed_lost_and_new,1
Synthetic-disconnected,GeoDisk-Final,disk,SYN_disconnected_r005_c007,False,4,7,3,0.4285714285714285,0.75,0.5454545454545454,0.375,3.369572562984361,0.0251572327044025,25.309245596462738,1.0,mixed_lost_and_new,2
Synthetic-disconnected,GeoDisk-Final,disk,SYN_disconnected_r008_c008,False,4,6,2,0.5,0.75,0.6,0.4285714285714285,5.160157362422006,0.0062893081761006,48.10178802315248,1.0,mixed_lost_and_new,3
Synthetic-disconnected,GeoDisk-Final,disk,SYN_disconnected_r008_c007,False,4,6,2,0.5,0.75,0.6,0.4285714285714285,3.3411587070312,0.0125786163522012,38.56067772768539,1.0,mixed_lost_and_new,4
Synthetic-disconnected,GeoDisk-Final,disk,SYN_disconnected_r005_c008,False,4,6,2,0.5,0.75,0.6,0.4285714285714285,1.8134770452247175,0.0377358490566037,25.547579610019177,1.0,mixed_lost_and_new,5
Synthetic-disconnected,GeoDisk-Final,disk,SYN_disconnected_r006_c008,False,4,6,2,0.5,0.75,0.6,0.4285714285714285,20.11304781472735,0.0188679245283018,25.37764729274406,1.0,mixed_lost_and_new,6
Synthetic-disconnected,GeoDisk-Final,disk,SYN_disconnected_r007_c007,False,4,5,1,0.6,0.75,0.6666666666666665,0.5,18.834558891131692,0.0,33.297729162309835,1.0,mixed_lost_and_new,7
Synthetic-disconnected,GeoDisk-Final,disk,SYN_disconnected_r006_c007,False,4,5,1,0.6,0.75,0.6666666666666665,0.5,39.429516579572805,0.0,23.816305698936425,1.0,mixed_lost_and_new,8
Synthetic-disconnected,GeoDisk-Final,disk,SYN_disconnected_r005_c006,False,4,8,4,0.5,1.0,0.6666666666666666,0.5,4.931194159731451,0.0125786163522012,10.225412825520037,1.0,over_connected,9
Synthetic-disconnected,GeoDisk-Final,disk,SYN_disconnected_r007_c006,False,4,7,3,0.5714285714285714,1.0,0.7272727272727273,0.5714285714285714,14.816652059644852,0.0125786163522012,25.40785661248683,1.0,over_connected,10
Synthetic-disconnected,GeoDisk-Final,disk,SYN_disconnected_r005_c009,True,3,8,5,0.25,0.6666666666666666,0.3636363636363636,0.2222222222222222,2.613907972499427,0.0062893081761006,31.262704846654145,1.0,mixed_lost_and_new,1
Synthetic-disconnected,GeoDisk-Final,disk,SYN_disconnected_r009_c009,True,3,6,3,0.3333333333333333,0.6666666666666666,0.4444444444444444,0.2857142857142857,2.184448663506113,0.050314465408805,52.64874561372729,0.0,mixed_lost_and_new,2
Synthetic-disconnected,GeoDisk-Final,disk,SYN_disconnected_r006_c009,True,3,6,3,0.3333333333333333,0.6666666666666666,0.4444444444444444,0.2857142857142857,6.646255312417359,0.0314465408805031,37.112423915955496,1.0,mixed_lost_and_new,3
Synthetic-disconnected,GeoDisk-Final,disk,SYN_disconnected_r005_c015,True,2,6,4,0.3333333333333333,1.0,0.5,0.3333333333333333,10.013349985126885,0.0251572327044025,64.95110838491883,1.0,over_connected,4
Synthetic-disconnected,GeoDisk-Final,disk,SYN_disconnected_r010_c009,True,3,5,2,0.4,0.6666666666666666,0.5,0.3333333333333333,0.3685132861446899,0.1194968553459119,14.203546999173406,1.0,mixed_lost_and_new,5
Synthetic-disconnected,GeoDisk-Final,disk,SYN_disconnected_r008_c015,True,3,8,5,0.375,1.0,0.5454545454545454,0.375,1.1932100656398432,0.0314465408805031,8.039871154364581,1.0,over_connected,6
Synthetic-disconnected,GeoDisk-Final,disk,SYN_disconnected_r008_c009,True,3,7,4,0.4285714285714285,1.0,0.6,0.4285714285714285,6.58694020917948,0.0062893081761006,24.75257798689296,1.0,over_connected,7
Synthetic-disconnected,GeoDisk-Final,disk,SYN_disconnected_r005_c018,True,3,7,4,0.4285714285714285,1.0,0.6,0.4285714285714285,5.403984794621306,0.0440251572327043,19.90426787757097,1.0,over_connected,8
Synthetic-disconnected,GeoDisk-Final,disk,SYN_disconnected_r013_c015,True,3,6,3,0.5,1.0,0.6666666666666666,0.5,5.062722714719169,0.0628930817610062,37.13896367136176,1.0,over_connected,9
Synthetic-disconnected,GeoDisk-Final,disk,SYN_disconnected_r012_c015,True,3,6,3,0.5,1.0,0.6666666666666666,0.5,7.116345877664431,0.0628930817610063,32.28062806393411,1.0,over_connected,10
Synthetic-disk_like,GeoAnnulus-Final,annulus,SYN_disk_like_r008_c008,False,4,6,2,0.1666666666666666,0.25,0.2,0.1111111111111111,2.0636243392646944e-16,0.0067567567567567,63.80303829761531,,mixed_lost_and_new,1
Synthetic-disk_like,GeoAnnulus-Final,annulus,SYN_disk_like_r009_c008,False,4,4,0,0.25,0.25,0.25,0.1428571428571428,7.140652527097815,0.0405405405405405,43.92045714921553,,mixed_lost_and_new,2
Synthetic-disk_like,GeoAnnulus-Final,annulus,SYN_disk_like_r007_c008,False,4,4,0,0.25,0.25,0.25,0.1428571428571428,7.140652527097815,0.054054054054054,43.92045714921548,,mixed_lost_and_new,3
Synthetic-disk_like,GeoAnnulus-Final,annulus,SYN_disk_like_r008_c007,False,4,3,1,0.3333333333333333,0.25,0.2857142857142857,0.1666666666666666,2.544443745170814e-13,0.0,10.081059834923495,,mixed_lost_and_new,4
Synthetic-disk_like,GeoAnnulus-Final,annulus,SYN_disk_like_r008_c009,False,4,6,2,0.3333333333333333,0.5,0.4,0.25,2.592428076201274e-15,0.0202702702702702,54.08190710118922,,mixed_lost_and_new,5
Synthetic-disk_like,GeoAnnulus-Final,annulus,SYN_disk_like_r008_c010,False,4,5,1,0.4,0.5,0.4444444444444445,0.2857142857142857,6.622018733855802e-15,0.0608108108108108,8.090324819149224,,mixed_lost_and_new,6
Synthetic-disk_like,GeoAnnulus-Final,annulus,SYN_disk_like_r008_c006,False,4,4,0,0.5,0.5,0.5,0.3333333333333333,1.1581116840390232e-13,0.0608108108108108,7.602008317804563,,mixed_lost_and_new,7
Synthetic-disk_like,GeoAnnulus-Final,annulus,SYN_disk_like_r009_c009,False,4,3,1,0.6666666666666666,0.5,0.5714285714285715,0.4,0.3379317691583833,0.0202702702702702,36.608409542047816,0.0,mixed_lost_and_new,8
Synthetic-disk_like,GeoAnnulus-Final,annulus,SYN_disk_like_r007_c009,False,4,3,1,0.6666666666666666,0.5,0.5714285714285715,0.4,0.3379317691584023,0.0,36.608409542047795,0.0,mixed_lost_and_new,9
Synthetic-disk_like,GeoAnnulus-Final,annulus,SYN_disk_like_r007_c007,False,4,3,1,0.6666666666666666,0.5,0.5714285714285715,0.4,0.0690534147638124,0.0135135135135135,34.78425644962,0.0,mixed_lost_and_new,10
Synthetic-disk_like,GeoAnnulus-Final,annulus,SYN_disk_like_r001_c008,True,1,3,2,0.3333333333333333,1.0,0.5,0.3333333333333333,0.0010440048839258,0.0202702702702702,0.0252824648512153,,over_connected,1
Synthetic-disk_like,GeoAnnulus-Final,annulus,SYN_disk_like_r015_c008,True,1,3,2,0.3333333333333333,1.0,0.5,0.3333333333333333,0.0010440048839258,0.0067567567567566,0.0252824648510245,,over_connected,2
Synthetic-disk_like,GeoAnnulus-Final,annulus,SYN_disk_like_r008_c001,True,1,3,2,0.3333333333333333,1.0,0.5,0.3333333333333333,0.0,0.0135135135135134,2.236503109384089e-13,,over_connected,3
Synthetic-disk_like,GeoAnnulus-Final,annulus,SYN_disk_like_r008_c015,True,1,3,2,0.3333333333333333,1.0,0.5,0.3333333333333333,3.920323991611669e-15,0.0135135135135134,6.492229350048602e-14,,over_connected,4
Synthetic-disk_like,GeoAnnulus-Final,annulus,SYN_disk_like_r002_c011,True,2,3,1,0.6666666666666666,1.0,0.8,0.6666666666666666,0.3400520468000874,0.1486486486486486,23.152461246744267,1.0,over_connected,5
Synthetic-disk_like,GeoAnnulus-Final,annulus,SYN_disk_like_r014_c011,True,2,3,1,0.6666666666666666,1.0,0.8,0.6666666666666666,0.3400520468000874,0.1081081081081081,23.152461246744252,1.0,over_connected,6
Synthetic-disk_like,GeoAnnulus-Final,annulus,SYN_disk_like_r014_c005,True,2,3,1,0.6666666666666666,1.0,0.8,0.6666666666666666,0.3399480383650741,0.1013513513513514,23.14003063038715,1.0,over_connected,7
Synthetic-disk_like,GeoAnnulus-Final,annulus,SYN_disk_like_r002_c005,True,2,3,1,0.6666666666666666,1.0,0.8,0.6666666666666666,0.3399480383650487,0.1418918918918918,23.140030630386928,1.0,over_connected,8
Synthetic-disk_like,GeoAnnulus-Final,annulus,SYN_disk_like_r005_c014,True,2,3,1,0.6666666666666666,1.0,0.8,0.6666666666666666,0.3602665183139464,0.1081081081081081,23.12412337241193,1.0,over_connected,9
Synthetic-disk_like,GeoAnnulus-Final,annulus,SYN_disk_like_r011_c014,True,2,3,1,0.6666666666666666,1.0,0.8,0.6666666666666666,0.3602665183139464,0.0067567567567567,23.124123372411763,1.0,over_connected,10
Synthetic-disk_like,GeoDisk-Final,disk,SYN_disk_like_r012_c011,False,4,7,3,0.5714285714285714,1.0,0.7272727272727273,0.5714285714285714,0.0988853230673731,0.0,7.426108648302021,1.0,over_connected,1
Synthetic-disk_like,GeoDisk-Final,disk,SYN_disk_like_r004_c011,False,4,7,3,0.5714285714285714,1.0,0.7272727272727273,0.5714285714285714,0.0988853230673922,0.0067567567567567,7.426108648301998,1.0,over_connected,2
Synthetic-disk_like,GeoDisk-Final,disk,SYN_disk_like_r004_c005,False,4,7,3,0.5714285714285714,1.0,0.7272727272727273,0.5714285714285714,0.0988853230673731,0.0,7.426108645514795,1.0,over_connected,3
Synthetic-disk_like,GeoDisk-Final,disk,SYN_disk_like_r012_c005,False,4,7,3,0.5714285714285714,1.0,0.7272727272727273,0.5714285714285714,0.0988853230673731,0.0,7.426108645514793,1.0,over_connected,4
Synthetic-disk_like,GeoDisk-Final,disk,SYN_disk_like_r005_c004,False,4,7,3,0.5714285714285714,1.0,0.7272727272727273,0.5714285714285714,0.064994561505477,0.0067567567567567,6.8787865565910895,1.0,over_connected,5
Synthetic-disk_like,GeoDisk-Final,disk,SYN_disk_like_r011_c004,False,4,7,3,0.5714285714285714,1.0,0.7272727272727273,0.5714285714285714,0.064994561505477,0.0067567567567566,6.878786556591089,1.0,over_connected,6
Synthetic-disk_like,GeoDisk-Final,disk,SYN_disk_like_r011_c012,False,4,7,3,0.5714285714285714,1.0,0.7272727272727273,0.5714285714285714,0.064994561505477,0.0135135135135134,6.878786539023158,1.0,over_connected,7
Synthetic-disk_like,GeoDisk-Final,disk,SYN_disk_like_r005_c012,False,4,7,3,0.5714285714285714,1.0,0.7272727272727273,0.5714285714285714,0.0649945615054834,0.0067567567567567,6.878786539023128,1.0,over_connected,8
Synthetic-disk_like,GeoDisk-Final,disk,SYN_disk_like_r010_c006,False,4,7,3,0.5714285714285714,1.0,0.7272727272727273,0.5714285714285714,0.0459825583274815,0.0067567567567567,5.345392931400619,1.0,over_connected,9
Synthetic-disk_like,GeoDisk-Final,disk,SYN_disk_like_r006_c006,False,4,7,3,0.5714285714285714,1.0,0.7272727272727273,0.5714285714285714,0.0459825583274815,0.0067567567567567,5.3453929314006166,1.0,over_connected,10
Synthetic-disk_like,GeoDisk-Final,disk,SYN_disk_like_r008_c015,True,1,3,2,0.3333333333333333,1.0,0.5,0.3333333333333333,5.5342159107354875e-15,0.0675675675675675,6.492229350048602e-14,,over_connected,1
Synthetic-disk_like,GeoDisk-Final,disk,SYN_disk_like_r008_c001,True,1,3,2,0.3333333333333333,1.0,0.5,0.3333333333333333,0.0,0.0675675675675675,2.6889801819349048e-14,,over_connected,2
Synthetic-disk_like,GeoDisk-Final,disk,SYN_disk_like_r001_c008,True,1,3,2,0.3333333333333333,1.0,0.5,0.3333333333333333,0.0,0.0337837837837837,2.5444437451708134e-14,,over_connected,3
Synthetic-disk_like,GeoDisk-Final,disk,SYN_disk_like_r015_c008,True,1,3,2,0.3333333333333333,1.0,0.5,0.3333333333333333,0.0,0.0472972972972973,1.2722218725854067e-14,,over_connected,4
Synthetic-disk_like,GeoDisk-Final,disk,SYN_disk_like_r003_c012,True,2,4,2,0.5,1.0,0.6666666666666666,0.5,0.4687402982100295,0.1351351351351352,15.187545886099915,1.0,over_connected,5
Synthetic-disk_like,GeoDisk-Final,disk,SYN_disk_like_r013_c004,True,2,4,2,0.5,1.0,0.6666666666666666,0.5,0.4687402982100295,0.1351351351351351,15.187545886099878,1.0,over_connected,6
Synthetic-disk_like,GeoDisk-Final,disk,SYN_disk_like_r013_c012,True,2,4,2,0.5,1.0,0.6666666666666666,0.5,0.4687402982100231,0.1081081081081081,15.187545886099873,1.0,over_connected,7
Synthetic-disk_like,GeoDisk-Final,disk,SYN_disk_like_r003_c004,True,2,4,2,0.5,1.0,0.6666666666666666,0.5,0.4687402982100041,0.1351351351351352,15.187545886099867,1.0,over_connected,8
Synthetic-disk_like,GeoDisk-Final,disk,SYN_disk_like_r012_c013,True,2,4,2,0.5,1.0,0.6666666666666666,0.5,0.4938407618980898,0.0743243243243243,14.60202697530604,1.0,over_connected,9
Synthetic-disk_like,GeoDisk-Final,disk,SYN_disk_like_r004_c013,True,2,4,2,0.5,1.0,0.6666666666666666,0.5,0.4938407618980771,0.0945945945945945,14.60202697530602,1.0,over_connected,10
Synthetic-elongated,GeoAnnulus-Final,annulus,SYN_elongated_r003_c014,False,4,4,0,0.25,0.25,0.25,0.1428571428571428,2.1768186507946965e-15,0.0049504950495049,42.62625901905832,,mixed_lost_and_new,1
Synthetic-elongated,GeoAnnulus-Final,annulus,SYN_elongated_r003_c013,False,4,3,1,0.3333333333333333,0.25,0.2857142857142857,0.1666666666666666,1.4033418597069752e-14,0.0049504950495049,9.0123832126834,,mixed_lost_and_new,2
Synthetic-elongated,GeoAnnulus-Final,annulus,SYN_elongated_r004_c018,False,4,7,3,0.2857142857142857,0.5,0.3636363636363636,0.2222222222222222,1.354453822848469,0.0742574257425742,25.554872263029107,,mixed_lost_and_new,3
Synthetic-elongated,GeoAnnulus-Final,annulus,SYN_elongated_r002_c018,False,4,7,3,0.2857142857142857,0.5,0.3636363636363636,0.2222222222222222,1.354453822848469,0.0841584158415841,25.554872263028813,,mixed_lost_and_new,4
Synthetic-elongated,GeoAnnulus-Final,annulus,SYN_elongated_r004_c017,False,4,7,3,0.2857142857142857,0.5,0.3636363636363636,0.2222222222222222,1.5465844573056322,0.0396039603960396,25.418657906562434,,mixed_lost_and_new,5
Synthetic-elongated,GeoAnnulus-Final,annulus,SYN_elongated_r002_c017,False,4,7,3,0.2857142857142857,0.5,0.3636363636363636,0.2222222222222222,1.5465844573056258,0.0049504950495049,25.41865790656241,,mixed_lost_and_new,6
Synthetic-elongated,GeoAnnulus-Final,annulus,SYN_elongated_r003_c016,False,4,7,3,0.2857142857142857,0.5,0.3636363636363636,0.2222222222222222,9.723402044099603e-16,0.0049504950495049,3.980374724498658,,mixed_lost_and_new,7
Synthetic-elongated,GeoAnnulus-Final,annulus,SYN_elongated_r005_c019,False,4,6,2,0.3333333333333333,0.5,0.4,0.25,1.33197437072956,0.0099009900990099,38.278499872437195,,mixed_lost_and_new,8
Synthetic-elongated,GeoAnnulus-Final,annulus,SYN_elongated_r001_c019,False,4,6,2,0.3333333333333333,0.5,0.4,0.25,1.331974370729563,0.0297029702970297,38.27849987243712,,mixed_lost_and_new,9
Synthetic-elongated,GeoAnnulus-Final,annulus,SYN_elongated_r001_c009,False,4,6,2,0.3333333333333333,0.5,0.4,0.25,1.3247128826268753,0.0297029702970296,38.248765652738896,,mixed_lost_and_new,10
Synthetic-elongated,GeoAnnulus-Final,annulus,SYN_elongated_r006_c022,True,3,4,1,0.5,0.6666666666666666,0.5714285714285715,0.4,0.2093515867135954,0.0,59.07646508237161,,mixed_lost_and_new,1
Synthetic-elongated,GeoAnnulus-Final,annulus,SYN_elongated_r000_c022,True,3,4,1,0.5,0.6666666666666666,0.5714285714285715,0.4,0.2093515867135859,0.0198019801980198,59.07646508237136,,mixed_lost_and_new,2
Synthetic-elongated,GeoAnnulus-Final,annulus,SYN_elongated_r006_c006,True,3,4,1,0.5,0.6666666666666666,0.5714285714285715,0.4,0.2092536633186072,0.1534653465346533,59.06818054210163,,mixed_lost_and_new,3
Synthetic-elongated,GeoAnnulus-Final,annulus,SYN_elongated_r000_c006,True,3,4,1,0.5,0.6666666666666666,0.5714285714285715,0.4,0.2092536633186072,0.1980198019801979,59.06818054210158,,mixed_lost_and_new,4
Synthetic-elongated,GeoAnnulus-Final,annulus,SYN_elongated_r000_c008,True,3,4,1,0.5,0.6666666666666666,0.5714285714285715,0.4,0.6081914561211433,0.0198019801980198,56.34825143867837,,mixed_lost_and_new,5
Synthetic-elongated,GeoAnnulus-Final,annulus,SYN_elongated_r006_c008,True,3,4,1,0.5,0.6666666666666666,0.5714285714285715,0.4,0.6081914561211433,0.0495049504950494,56.34825143867827,,mixed_lost_and_new,6
Synthetic-elongated,GeoAnnulus-Final,annulus,SYN_elongated_r000_c020,True,3,4,1,0.5,0.6666666666666666,0.5714285714285715,0.4,0.6079503710568692,0.0495049504950495,56.322984766519,,mixed_lost_and_new,7
Synthetic-elongated,GeoAnnulus-Final,annulus,SYN_elongated_r006_c020,True,3,4,1,0.5,0.6666666666666666,0.5714285714285715,0.4,0.6079503710568724,0.0148514851485148,56.32298476651888,,mixed_lost_and_new,8
Synthetic-elongated,GeoAnnulus-Final,annulus,SYN_elongated_r000_c009,True,3,4,1,0.5,0.6666666666666666,0.5714285714285715,0.4,0.5588109653498889,0.1831683168316832,48.71341780383909,,mixed_lost_and_new,9
Synthetic-elongated,GeoAnnulus-Final,annulus,SYN_elongated_r006_c009,True,3,4,1,0.5,0.6666666666666666,0.5714285714285715,0.4,0.5588109653498889,0.1732673267326733,48.713417803839,,mixed_lost_and_new,10
Synthetic-elongated,GeoDisk-Final,disk,SYN_elongated_r001_c010,False,4,8,4,0.375,0.75,0.5,0.3333333333333333,5.32161659817654,0.0,61.33725768539383,1.0,mixed_lost_and_new,1
Synthetic-elongated,GeoDisk-Final,disk,SYN_elongated_r005_c010,False,4,8,4,0.375,0.75,0.5,0.3333333333333333,5.321616598176513,0.0247524752475247,61.33725768539382,1.0,mixed_lost_and_new,2
Synthetic-elongated,GeoDisk-Final,disk,SYN_elongated_r005_c018,False,4,8,4,0.375,0.75,0.5,0.3333333333333333,5.3216087921016415,0.0396039603960395,61.33526933623155,1.0,mixed_lost_and_new,3
Synthetic-elongated,GeoDisk-Final,disk,SYN_elongated_r001_c018,False,4,8,4,0.375,0.75,0.5,0.3333333333333333,5.321608792101629,0.0693069306930693,61.33526933623154,1.0,mixed_lost_and_new,4
Synthetic-elongated,GeoDisk-Final,disk,SYN_elongated_r001_c019,False,4,7,3,0.4285714285714285,0.75,0.5454545454545454,0.375,3.1261873821049964,0.0841584158415841,57.16519204811378,1.0,mixed_lost_and_new,5
Synthetic-elongated,GeoDisk-Final,disk,SYN_elongated_r005_c019,False,4,7,3,0.4285714285714285,0.75,0.5454545454545454,0.375,3.1261873821049995,0.1138613861386138,57.16519204811374,1.0,mixed_lost_and_new,6
Synthetic-elongated,GeoDisk-Final,disk,SYN_elongated_r005_c009,False,4,7,3,0.4285714285714285,0.75,0.5454545454545454,0.375,3.1261873821049897,0.1485148514851485,57.16510300898622,1.0,mixed_lost_and_new,7
Synthetic-elongated,GeoDisk-Final,disk,SYN_elongated_r001_c009,False,4,7,3,0.4285714285714285,0.75,0.5454545454545454,0.375,3.1261873821049897,0.1237623762376237,57.16510300898618,1.0,mixed_lost_and_new,8
Synthetic-elongated,GeoDisk-Final,disk,SYN_elongated_r001_c007,False,4,6,2,0.5,0.75,0.6,0.4285714285714285,3.5970472887593616,0.0099009900990098,73.00592049625011,1.0,mixed_lost_and_new,9
Synthetic-elongated,GeoDisk-Final,disk,SYN_elongated_r005_c007,False,4,6,2,0.5,0.75,0.6,0.4285714285714285,3.5970472887593616,0.0099009900990098,73.00592049625004,1.0,mixed_lost_and_new,10
Synthetic-elongated,GeoDisk-Final,disk,SYN_elongated_r006_c022,True,3,6,3,0.3333333333333333,0.6666666666666666,0.4444444444444444,0.2857142857142857,1.0512236658728746,0.2376237623762376,85.4429066154712,,mixed_lost_and_new,1
Synthetic-elongated,GeoDisk-Final,disk,SYN_elongated_r000_c022,True,3,6,3,0.3333333333333333,0.6666666666666666,0.4444444444444444,0.2857142857142857,1.051223665872865,0.2178217821782178,85.44290661547116,,mixed_lost_and_new,2
Synthetic-elongated,GeoDisk-Final,disk,SYN_elongated_r000_c006,True,3,6,3,0.3333333333333333,0.6666666666666666,0.4444444444444444,0.2857142857142857,1.0512236658727985,0.0445544554455445,85.44290661547033,,mixed_lost_and_new,3
Synthetic-elongated,GeoDisk-Final,disk,SYN_elongated_r006_c006,True,3,6,3,0.3333333333333333,0.6666666666666666,0.4444444444444444,0.2857142857142857,1.0512236658727985,0.0792079207920792,85.44290661547033,,mixed_lost_and_new,4
Synthetic-elongated,GeoDisk-Final,disk,SYN_elongated_r006_c004,True,3,6,3,0.3333333333333333,0.6666666666666666,0.4444444444444444,0.2857142857142857,4.47594640250543,0.0643564356435644,68.33485692398135,,mixed_lost_and_new,5
Synthetic-elongated,GeoDisk-Final,disk,SYN_elongated_r000_c004,True,3,6,3,0.3333333333333333,0.6666666666666666,0.4444444444444444,0.2857142857142857,4.47594640250543,0.0643564356435644,68.33485692398129,,mixed_lost_and_new,6
Synthetic-elongated,GeoDisk-Final,disk,SYN_elongated_r006_c024,True,3,6,3,0.3333333333333333,0.6666666666666666,0.4444444444444444,0.2857142857142857,4.4759464025054365,0.2376237623762377,68.33485692398126,,mixed_lost_and_new,7
Synthetic-elongated,GeoDisk-Final,disk,SYN_elongated_r000_c024,True,3,6,3,0.3333333333333333,0.6666666666666666,0.4444444444444444,0.2857142857142857,4.4759464025054365,0.2623762376237624,68.33485692398112,,mixed_lost_and_new,8
Synthetic-elongated,GeoDisk-Final,disk,SYN_elongated_r000_c007,True,3,4,1,0.5,0.6666666666666666,0.5714285714285715,0.4,1.3895872343464093,0.0099009900990099,80.03369466625428,,mixed_lost_and_new,9
Synthetic-elongated,GeoDisk-Final,disk,SYN_elongated_r006_c007,True,3,4,1,0.5,0.6666666666666666,0.5714285714285715,0.4,1.3895872343464093,0.0445544554455445,80.03369466625414,,mixed_lost_and_new,10
Synthetic-hole,GeoAnnulus-Final,annulus,SYN_hole_r008_c003,False,4,4,0,0.25,0.25,0.25,0.1428571428571428,1.113686233718722e-16,0.0152091254752851,15.99901384406689,,mixed_lost_and_new,1
Synthetic-hole,GeoAnnulus-Final,annulus,SYN_hole_r008_c002,False,4,3,1,0.3333333333333333,0.25,0.2857142857142857,0.1666666666666666,1.4033418597069752e-14,0.0114068441064638,14.465316182493869,,mixed_lost_and_new,2
Synthetic-hole,GeoAnnulus-Final,annulus,SYN_hole_r014_c009,False,4,6,2,0.3333333333333333,0.5,0.4,0.25,0.2679128445425282,0.0722433460076045,27.013124246003983,,mixed_lost_and_new,3
Synthetic-hole,GeoAnnulus-Final,annulus,SYN_hole_r002_c009,False,4,6,2,0.3333333333333333,0.5,0.4,0.25,0.2679128445425346,0.0608365019011406,27.01312424600393,,mixed_lost_and_new,4
Synthetic-hole,GeoAnnulus-Final,annulus,SYN_hole_r012_c001,False,4,6,2,0.3333333333333333,0.5,0.4,0.25,0.920774586672128,0.0456273764258555,26.033849998256528,,mixed_lost_and_new,5
Synthetic-hole,GeoAnnulus-Final,annulus,SYN_hole_r004_c001,False,4,6,2,0.3333333333333333,0.5,0.4,0.25,0.9207745866721152,0.0380228136882129,26.03384999825648,,mixed_lost_and_new,6
Synthetic-hole,GeoAnnulus-Final,annulus,SYN_hole_r005_c001,False,4,6,2,0.3333333333333333,0.5,0.4,0.25,1.6589178219823393,0.026615969581749,24.85343666250801,,mixed_lost_and_new,7
Synthetic-hole,GeoAnnulus-Final,annulus,SYN_hole_r011_c001,False,4,6,2,0.3333333333333333,0.5,0.4,0.25,1.6589178219823648,0.0152091254752851,24.853436662507992,,mixed_lost_and_new,8
Synthetic-hole,GeoAnnulus-Final,annulus,SYN_hole_r013_c011,False,4,6,2,0.3333333333333333,0.5,0.4,0.25,0.6256700714533832,0.0608365019011406,22.167928582474705,,mixed_lost_and_new,9
Synthetic-hole,GeoAnnulus-Final,annulus,SYN_hole_r003_c011,False,4,6,2,0.3333333333333333,0.5,0.4,0.25,0.6256700714533896,0.0608365019011407,22.167928582474673,,mixed_lost_and_new,10
Synthetic-hole,GeoAnnulus-Final,annulus,SYN_hole_r010_c005,True,3,6,3,0.3333333333333333,0.6666666666666666,0.4444444444444444,0.2857142857142857,0.4814934681569777,0.0228136882129277,30.854349753217353,1.0,mixed_lost_and_new,1
Synthetic-hole,GeoAnnulus-Final,annulus,SYN_hole_r006_c005,True,3,6,3,0.3333333333333333,0.6666666666666666,0.4444444444444444,0.2857142857142857,0.4814934681569713,0.0038022813688212,30.85434975321734,1.0,mixed_lost_and_new,2
Synthetic-hole,GeoAnnulus-Final,annulus,SYN_hole_r009_c005,True,3,10,7,0.3,1.0,0.4615384615384615,0.3,2.459302292573901,0.0228136882129277,29.44250586658031,1.0,over_connected,3
Synthetic-hole,GeoAnnulus-Final,annulus,SYN_hole_r007_c005,True,3,10,7,0.3,1.0,0.4615384615384615,0.3,2.459302292573908,0.0342205323193916,29.44250586658026,1.0,over_connected,4
Synthetic-hole,GeoAnnulus-Final,annulus,SYN_hole_r008_c005,True,3,9,6,0.3333333333333333,1.0,0.5,0.3333333333333333,1.2676725967850901e-15,0.0418250950570342,13.418431999311318,1.0,over_connected,5
Synthetic-hole,GeoAnnulus-Final,annulus,SYN_hole_r003_c000,True,3,5,2,0.4,0.6666666666666666,0.5,0.3333333333333333,0.0215479327658094,0.026615969581749,50.904461378782266,,mixed_lost_and_new,6
Synthetic-hole,GeoAnnulus-Final,annulus,SYN_hole_r013_c000,True,3,5,2,0.4,0.6666666666666666,0.5,0.3333333333333333,0.0215479327658603,0.0076045627376425,50.904461378782194,,mixed_lost_and_new,7
Synthetic-hole,GeoAnnulus-Final,annulus,SYN_hole_r004_c000,True,3,4,1,0.5,0.6666666666666666,0.5714285714285715,0.4,0.1942012447983974,0.144486692015209,39.0412982495593,,mixed_lost_and_new,8
Synthetic-hole,GeoAnnulus-Final,annulus,SYN_hole_r012_c000,True,3,4,1,0.5,0.6666666666666666,0.5714285714285715,0.4,0.194201244798372,0.1596958174904943,39.0412982495593,,mixed_lost_and_new,9
Synthetic-hole,GeoAnnulus-Final,annulus,SYN_hole_r000_c015,True,3,4,1,0.5,0.6666666666666666,0.5714285714285715,0.4,0.024239572695305,0.1444866920152091,21.97546239887896,,mixed_lost_and_new,10
Synthetic-hole,GeoDisk-Final,disk,SYN_hole_r015_c009,False,4,6,2,0.3333333333333333,0.5,0.4,0.25,0.2387573352653224,0.0570342205323194,39.40154367512697,,mixed_lost_and_new,1
Synthetic-hole,GeoDisk-Final,disk,SYN_hole_r001_c009,False,4,6,2,0.3333333333333333,0.5,0.4,0.25,0.2387573352653287,0.0418250950570342,39.40154367512696,,mixed_lost_and_new,2
Synthetic-hole,GeoDisk-Final,disk,SYN_hole_r002_c008,False,4,6,2,0.3333333333333333,0.5,0.4,0.25,0.3377898419577923,0.0076045627376425,38.25028063567343,,mixed_lost_and_new,3
Synthetic-hole,GeoDisk-Final,disk,SYN_hole_r014_c008,False,4,6,2,0.3333333333333333,0.5,0.4,0.25,0.3377898419577987,0.0228136882129277,38.2502806356734,,mixed_lost_and_new,4
Synthetic-hole,GeoDisk-Final,disk,SYN_hole_r003_c007,False,4,5,1,0.4,0.5,0.4444444444444445,0.2857142857142857,0.5568742593507391,0.0114068441064638,37.29933425318502,,mixed_lost_and_new,5
Synthetic-hole,GeoDisk-Final,disk,SYN_hole_r013_c007,False,4,5,1,0.4,0.5,0.4444444444444445,0.2857142857142857,0.5568742593507391,0.0190114068441064,37.29933425318501,,mixed_lost_and_new,6
Synthetic-hole,GeoDisk-Final,disk,SYN_hole_r014_c009,False,4,7,3,0.4285714285714285,0.75,0.5454545454545454,0.375,0.2648857409500331,0.0722433460076045,31.56762963683061,1.0,mixed_lost_and_new,7
Synthetic-hole,GeoDisk-Final,disk,SYN_hole_r002_c009,False,4,7,3,0.4285714285714285,0.75,0.5454545454545454,0.375,0.2648857409500331,0.0608365019011406,31.567629636830578,1.0,mixed_lost_and_new,8
Synthetic-hole,GeoDisk-Final,disk,SYN_hole_r001_c010,False,4,6,2,0.5,0.75,0.6,0.4285714285714285,0.3440189239782792,0.1330798479087452,33.09502258939778,1.0,mixed_lost_and_new,9
Synthetic-hole,GeoDisk-Final,disk,SYN_hole_r015_c010,False,4,6,2,0.5,0.75,0.6,0.4285714285714285,0.3440189239782728,0.1406844106463878,33.09502258939777,1.0,mixed_lost_and_new,10
Synthetic-hole,GeoDisk-Final,disk,SYN_hole_r000_c010,True,3,4,1,0.5,0.6666666666666666,0.5714285714285715,0.4,0.4905833771901511,0.0114068441064638,43.21868729862947,,mixed_lost_and_new,1
Synthetic-hole,GeoDisk-Final,disk,SYN_hole_r016_c010,True,3,4,1,0.5,0.6666666666666666,0.5714285714285715,0.4,0.4905833771901257,0.0380228136882129,43.218687298629355,,mixed_lost_and_new,2
Synthetic-hole,GeoDisk-Final,disk,SYN_hole_r011_c009,True,3,7,4,0.4285714285714285,1.0,0.6,0.4285714285714285,12.139091764398296,0.0038022813688212,32.29406509908288,1.0,over_connected,3
Synthetic-hole,GeoDisk-Final,disk,SYN_hole_r005_c009,True,3,7,4,0.4285714285714285,1.0,0.6,0.4285714285714285,12.139091764398296,0.0038022813688212,32.29406509908287,1.0,over_connected,4
Synthetic-hole,GeoDisk-Final,disk,SYN_hole_r011_c010,True,3,7,4,0.4285714285714285,1.0,0.6,0.4285714285714285,4.70611210109723,0.0532319391634981,22.33665918150544,1.0,over_connected,5
Synthetic-hole,GeoDisk-Final,disk,SYN_hole_r005_c010,True,3,7,4,0.4285714285714285,1.0,0.6,0.4285714285714285,4.70611210109723,0.0456273764258555,22.336659181505414,1.0,over_connected,6
Synthetic-hole,GeoDisk-Final,disk,SYN_hole_r008_c005,True,3,7,4,0.4285714285714285,1.0,0.6,0.4285714285714285,5.413078533336606e-15,0.0342205323193916,20.496185426266837,1.0,over_connected,7
Synthetic-hole,GeoDisk-Final,disk,SYN_hole_r011_c008,True,3,6,3,0.5,1.0,0.6666666666666666,0.5,6.527466709120945,0.0038022813688212,35.07106507353714,1.0,over_connected,8
Synthetic-hole,GeoDisk-Final,disk,SYN_hole_r005_c008,True,3,6,3,0.5,1.0,0.6666666666666666,0.5,6.527466709120963,0.0038022813688212,35.07106507353712,1.0,over_connected,9
Synthetic-hole,GeoDisk-Final,disk,SYN_hole_r011_c007,True,3,6,3,0.5,1.0,0.6666666666666666,0.5,2.7025673848302545,0.0038022813688212,26.01506991296783,1.0,over_connected,10
Synthetic-l_shape,GeoAnnulus-Final,annulus,SYN_l_shape_r010_c001,False,4,6,2,0.1666666666666666,0.25,0.2,0.1111111111111111,2.2201256085475243,0.125,59.81946046427935,,mixed_lost_and_new,1
Synthetic-l_shape,GeoAnnulus-Final,annulus,SYN_l_shape_r008_c002,False,4,4,0,0.25,0.25,0.25,0.1428571428571428,7.655367534578374,0.0208333333333333,26.12332255882951,,mixed_lost_and_new,2
Synthetic-l_shape,GeoAnnulus-Final,annulus,SYN_l_shape_r007_c003,False,4,3,1,0.3333333333333333,0.25,0.2857142857142857,0.1666666666666666,12.817793304723743,0.0,35.2083799684317,,mixed_lost_and_new,3
Synthetic-l_shape,GeoAnnulus-Final,annulus,SYN_l_shape_r009_c002,False,4,3,1,0.3333333333333333,0.25,0.2857142857142857,0.1666666666666666,0.0387764323504739,0.0208333333333333,21.744567468320906,,mixed_lost_and_new,4
Synthetic-l_shape,GeoAnnulus-Final,annulus,SYN_l_shape_r007_c002,False,4,3,1,0.3333333333333333,0.25,0.2857142857142857,0.1666666666666666,0.22298717036742,0.0,20.312099819914476,,mixed_lost_and_new,5
Synthetic-l_shape,GeoAnnulus-Final,annulus,SYN_l_shape_r008_c003,False,4,7,3,0.2857142857142857,0.5,0.3636363636363636,0.2222222222222222,4.578532391808226,0.0416666666666666,20.507490667044543,,mixed_lost_and_new,6
Synthetic-l_shape,GeoAnnulus-Final,annulus,SYN_l_shape_r012_c001,False,4,6,2,0.3333333333333333,0.5,0.4,0.25,1.784633734905163,0.1041666666666666,33.36747112772982,,mixed_lost_and_new,7
Synthetic-l_shape,GeoAnnulus-Final,annulus,SYN_l_shape_r001_c013,False,4,6,2,0.3333333333333333,0.5,0.4,0.25,0.1184435595450618,0.1111111111111111,32.40207113423874,,mixed_lost_and_new,8
Synthetic-l_shape,GeoAnnulus-Final,annulus,SYN_l_shape_r001_c012,False,4,6,2,0.3333333333333333,0.5,0.4,0.25,0.2172086206524505,0.0694444444444444,31.76806875418543,,mixed_lost_and_new,9
Synthetic-l_shape,GeoAnnulus-Final,annulus,SYN_l_shape_r010_c003,False,4,5,1,0.4,0.5,0.4444444444444445,0.2857142857142857,5.619820874116189,0.0208333333333333,34.572610338869985,,mixed_lost_and_new,10
Synthetic-l_shape,GeoAnnulus-Final,annulus,SYN_l_shape_r007_c004,True,3,6,3,0.1666666666666666,0.3333333333333333,0.2222222222222222,0.125,3.913801477836478,0.0,42.91547516137169,,mixed_lost_and_new,1
Synthetic-l_shape,GeoAnnulus-Final,annulus,SYN_l_shape_r004_c005,True,3,4,1,0.25,0.3333333333333333,0.2857142857142857,0.1666666666666666,2.3193262504424883,0.0069444444444444,39.52383179966208,,mixed_lost_and_new,2
Synthetic-l_shape,GeoAnnulus-Final,annulus,SYN_l_shape_r004_c011,True,3,7,4,0.2857142857142857,0.6666666666666666,0.4,0.25,5.311824004180559,0.1319444444444444,42.07856688687555,,mixed_lost_and_new,3
Synthetic-l_shape,GeoAnnulus-Final,annulus,SYN_l_shape_r004_c006,True,3,6,3,0.3333333333333333,0.6666666666666666,0.4444444444444444,0.2857142857142857,0.943621507449208,0.0069444444444444,44.30372702269267,,mixed_lost_and_new,4
Synthetic-l_shape,GeoAnnulus-Final,annulus,SYN_l_shape_r004_c008,True,3,6,3,0.3333333333333333,0.6666666666666666,0.4444444444444444,0.2857142857142857,0.4480976342508252,0.0694444444444444,43.83221248271275,,mixed_lost_and_new,5
Synthetic-l_shape,GeoAnnulus-Final,annulus,SYN_l_shape_r006_c004,True,3,6,3,0.3333333333333333,0.6666666666666666,0.4444444444444444,0.2857142857142857,4.0197022558544315,0.0069444444444444,27.708259624725383,,mixed_lost_and_new,6
Synthetic-l_shape,GeoAnnulus-Final,annulus,SYN_l_shape_r005_c004,True,3,9,6,0.3333333333333333,1.0,0.5,0.3333333333333333,4.928713430020959,0.0486111111111111,25.87044213107967,1.0,over_connected,7
Synthetic-l_shape,GeoAnnulus-Final,annulus,SYN_l_shape_r004_c007,True,3,5,2,0.4,0.6666666666666666,0.5,0.3333333333333333,0.9291457508166324,0.0277777777777777,41.34110341493801,,mixed_lost_and_new,8
Synthetic-l_shape,GeoAnnulus-Final,annulus,SYN_l_shape_r004_c009,True,3,5,2,0.4,0.6666666666666666,0.5,0.3333333333333333,4.178557075635224,0.0833333333333333,35.6039358814186,,mixed_lost_and_new,9
Synthetic-l_shape,GeoAnnulus-Final,annulus,SYN_l_shape_r008_c004,True,3,5,2,0.4,0.6666666666666666,0.5,0.3333333333333333,4.121860091263019,0.0277777777777777,25.738889215426095,1.0,mixed_lost_and_new,10
Synthetic-l_shape,GeoDisk-Final,disk,SYN_l_shape_r008_c003,False,4,6,2,0.3333333333333333,0.5,0.4,0.25,7.722114077791944,0.0555555555555555,24.549957437893497,1.0,mixed_lost_and_new,1
Synthetic-l_shape,GeoDisk-Final,disk,SYN_l_shape_r007_c003,False,4,7,3,0.4285714285714285,0.75,0.5454545454545454,0.375,37.82923899644921,0.0069444444444444,28.031357215967127,1.0,mixed_lost_and_new,2
Synthetic-l_shape,GeoDisk-Final,disk,SYN_l_shape_r008_c001,False,4,7,3,0.4285714285714285,0.75,0.5454545454545454,0.375,0.1246644224500519,0.0277777777777777,7.3519057908142145,1.0,mixed_lost_and_new,3
Synthetic-l_shape,GeoDisk-Final,disk,SYN_l_shape_r008_c002,False,4,3,1,0.6666666666666666,0.5,0.5714285714285715,0.4,43.59557534101714,0.0,23.749681491503715,,mixed_lost_and_new,4
Synthetic-l_shape,GeoDisk-Final,disk,SYN_l_shape_r009_c003,False,4,8,4,0.5,1.0,0.6666666666666666,0.5,13.533031543425963,0.0138888888888888,21.30797230962257,1.0,over_connected,5
Synthetic-l_shape,GeoDisk-Final,disk,SYN_l_shape_r009_c002,False,4,8,4,0.5,1.0,0.6666666666666666,0.5,12.221941429244817,0.0138888888888888,16.7319012098223,1.0,over_connected,6
Synthetic-l_shape,GeoDisk-Final,disk,SYN_l_shape_r013_c002,False,4,8,4,0.5,1.0,0.6666666666666666,0.5,0.0001916776846454,0.0555555555555555,0.4047223580976919,1.0,over_connected,7
Synthetic-l_shape,GeoDisk-Final,disk,SYN_l_shape_r007_c002,False,4,7,3,0.5714285714285714,1.0,0.7272727272727273,0.5714285714285714,58.220609190198935,0.0069444444444444,28.992220129885744,1.0,over_connected,8
Synthetic-l_shape,GeoDisk-Final,disk,SYN_l_shape_r003_c010,False,4,7,3,0.5714285714285714,1.0,0.7272727272727273,0.5714285714285714,0.795994459598326,0.0277777777777777,23.946282399001976,1.0,over_connected,9
Synthetic-l_shape,GeoDisk-Final,disk,SYN_l_shape_r004_c001,False,4,7,3,0.5714285714285714,1.0,0.7272727272727273,0.5714285714285714,4.727582713627165,0.0833333333333333,22.06746696125424,1.0,over_connected,10
Synthetic-l_shape,GeoDisk-Final,disk,SYN_l_shape_r008_c004,True,3,9,6,0.2222222222222222,0.6666666666666666,0.3333333333333333,0.2,6.951911507404,0.1041666666666666,27.51428759727565,1.0,mixed_lost_and_new,1
Synthetic-l_shape,GeoDisk-Final,disk,SYN_l_shape_r007_c004,True,3,6,3,0.3333333333333333,0.6666666666666666,0.4444444444444444,0.2857142857142857,20.747940726391565,0.0277777777777777,36.23111567924041,1.0,mixed_lost_and_new,2
Synthetic-l_shape,GeoDisk-Final,disk,SYN_l_shape_r004_c011,True,3,7,4,0.4285714285714285,1.0,0.6,0.4285714285714285,12.499570996459044,0.0902777777777777,14.782589840625228,1.0,over_connected,3
Synthetic-l_shape,GeoDisk-Final,disk,SYN_l_shape_r005_c004,True,3,7,4,0.4285714285714285,1.0,0.6,0.4285714285714285,2.4751242476772286,0.0,9.78820142043642,1.0,over_connected,4
Synthetic-l_shape,GeoDisk-Final,disk,SYN_l_shape_r004_c008,True,3,6,3,0.5,1.0,0.6666666666666666,0.5,0.520930038937489,0.0416666666666666,41.419758270213954,1.0,over_connected,5
Synthetic-l_shape,GeoDisk-Final,disk,SYN_l_shape_r004_c009,True,3,6,3,0.5,1.0,0.6666666666666666,0.5,4.947711612488606,0.0833333333333333,40.14596808032247,1.0,over_connected,6
Synthetic-l_shape,GeoDisk-Final,disk,SYN_l_shape_r004_c007,True,3,6,3,0.5,1.0,0.6666666666666666,0.5,0.5001320530698014,0.0763888888888889,33.724702572143315,1.0,over_connected,7
Synthetic-l_shape,GeoDisk-Final,disk,SYN_l_shape_r006_c004,True,3,6,3,0.5,1.0,0.6666666666666666,0.5,5.5036263874794,0.0,13.68388313384843,1.0,over_connected,8
Synthetic-l_shape,GeoDisk-Final,disk,SYN_l_shape_r016_c000,True,2,4,2,0.5,1.0,0.6666666666666666,0.5,2.842738053700486,0.0625,10.619714697274976,1.0,over_connected,9
Synthetic-l_shape,GeoDisk-Final,disk,SYN_l_shape_r016_c004,True,2,4,2,0.5,1.0,0.6666666666666666,0.5,2.842715203290469,0.0416666666666666,10.619660838597769,1.0,over_connected,10
安徽,GeoAnnulus-Final,annulus,CEG2000_f4_r0034_c0108,False,4,3,1,0.3333333333333333,0.25,0.2857142857142857,0.1666666666666666,5.532894531913782,0.0631578947368421,36.399075783396455,,mixed_lost_and_new,1
安徽,GeoAnnulus-Final,annulus,CEG2000_f4_r0035_c0108,False,4,2,2,0.5,0.25,0.3333333333333333,0.2,5.6634688412487,0.031578947368421,34.43686172279782,,mixed_lost_and_new,2
安徽,GeoAnnulus-Final,annulus,CEG2000_f4_r0034_c0109,False,4,2,2,0.5,0.25,0.3333333333333333,0.2,6.123497235371328,0.0210526315789473,27.51191643489929,,mixed_lost_and_new,3
安徽,GeoAnnulus-Final,annulus,CEG2000_f4_r0035_c0107,False,4,4,0,0.5,0.5,0.5,0.3333333333333333,1.0292566295283552,0.0105263157894736,27.528997969303852,1.0,mixed_lost_and_new,4
安徽,GeoAnnulus-Final,annulus,CEG2000_f4_r0035_c0109,False,4,4,0,0.5,0.5,0.5,0.3333333333333333,4.200854970016417,0.0105263157894736,21.21740039509546,1.0,mixed_lost_and_new,5
安徽,GeoAnnulus-Final,annulus,CEG2000_f4_r0033_c0109,False,4,3,1,0.6666666666666666,0.5,0.5714285714285715,0.4,0.8521440994488737,0.0105263157894736,31.047544740263557,0.0,mixed_lost_and_new,6
安徽,GeoAnnulus-Final,annulus,CEG2000_f4_r0033_c0108,False,4,3,1,0.6666666666666666,0.5,0.5714285714285715,0.4,4.358468116485404,0.0,29.495486914753503,0.0,mixed_lost_and_new,7
安徽,GeoAnnulus-Final,annulus,CEG2000_f4_r0035_c0106,False,4,7,3,0.5714285714285714,1.0,0.7272727272727273,0.5714285714285714,3.528645003965078,0.0842105263157894,21.723764679521025,1.0,over_connected,8
安徽,GeoAnnulus-Final,annulus,CEG2000_f4_r0037_c0109,False,4,7,3,0.5714285714285714,1.0,0.7272727272727273,0.5714285714285714,3.8253873404872025,0.0,16.28385692501971,1.0,over_connected,9
安徽,GeoAnnulus-Final,annulus,CEG2000_f4_r0031_c0107,False,4,7,3,0.5714285714285714,1.0,0.7272727272727273,0.5714285714285714,3.922339999926823,0.0947368421052631,14.6592881080343,1.0,over_connected,10
安徽,GeoAnnulus-Final,annulus,CEG2000_f4_r0036_c0113,True,1,4,3,0.25,1.0,0.4,0.25,3.4754191505287735,0.0526315789473683,35.454005434399974,,over_connected,1
安徽,GeoAnnulus-Final,annulus,CEG2000_f4_r0040_c0106,True,1,3,2,0.3333333333333333,1.0,0.5,0.3333333333333333,1.5475691229754456,0.0526315789473684,27.08573997357802,,over_connected,2
安徽,GeoAnnulus-Final,annulus,CEG2000_f4_r0036_c0103,True,1,3,2,0.3333333333333333,1.0,0.5,0.3333333333333333,1.6806896734177732,0.1789473684210526,8.949048525455165,,over_connected,3
安徽,GeoAnnulus-Final,annulus,CEG2000_f4_r0033_c0112,True,2,5,3,0.4,1.0,0.5714285714285715,0.4,2.890310731574003,0.0736842105263158,32.62224858349566,1.0,over_connected,4
安徽,GeoAnnulus-Final,annulus,CEG2000_f4_r0036_c0111,True,2,5,3,0.4,1.0,0.5714285714285715,0.4,0.7163842540336078,0.1263157894736841,4.9573090319468385,1.0,over_connected,5
安徽,GeoAnnulus-Final,annulus,CEG2000_f4_r0038_c0106,True,3,6,3,0.5,1.0,0.6666666666666666,0.5,0.4251742998522376,0.0210526315789473,20.07333214875137,0.6666666666666666,over_connected,6
安徽,GeoAnnulus-Final,annulus,CEG2000_f4_r0035_c0112,True,2,4,2,0.5,1.0,0.6666666666666666,0.5,4.754974125424788,0.2947368421052632,43.86081944989297,1.0,over_connected,7
安徽,GeoAnnulus-Final,annulus,CEG2000_f4_r0038_c0110,True,2,4,2,0.5,1.0,0.6666666666666666,0.5,0.6314346385548695,0.2210526315789474,38.23579555135318,1.0,over_connected,8
安徽,GeoAnnulus-Final,annulus,CEG2000_f4_r0035_c0104,True,2,4,2,0.5,1.0,0.6666666666666666,0.5,1.0566931806502518,0.0421052631578947,33.86778994634928,1.0,over_connected,9
安徽,GeoAnnulus-Final,annulus,CEG2000_f4_r0039_c0109,True,2,4,2,0.5,1.0,0.6666666666666666,0.5,0.8759262689097473,0.0947368421052631,24.56964097187107,1.0,over_connected,10
安徽,GeoDisk-Final,disk,CEG2000_f4_r0035_c0105,False,4,5,1,0.6,0.75,0.6666666666666665,0.5,4.612547266624996,0.0210526315789473,28.987027721619512,1.0,mixed_lost_and_new,1
安徽,GeoDisk-Final,disk,CEG2000_f4_r0034_c0106,False,4,7,3,0.5714285714285714,1.0,0.7272727272727273,0.5714285714285714,0.7558566809618252,0.1684210526315789,25.052342010855703,1.0,over_connected,2
安徽,GeoDisk-Final,disk,CEG2000_f4_r0035_c0106,False,4,7,3,0.5714285714285714,1.0,0.7272727272727273,0.5714285714285714,6.657554858642455,0.0210526315789473,18.907123905987948,1.0,over_connected,3
安徽,GeoDisk-Final,disk,CEG2000_f4_r0034_c0110,False,4,7,3,0.5714285714285714,1.0,0.7272727272727273,0.5714285714285714,7.947948997612944,0.0421052631578947,18.435710576599327,1.0,over_connected,4
安徽,GeoDisk-Final,disk,CEG2000_f4_r0035_c0111,False,4,7,3,0.5714285714285714,1.0,0.7272727272727273,0.5714285714285714,0.2463870398966823,0.1789473684210526,17.69563349345261,0.6666666666666666,over_connected,5
安徽,GeoDisk-Final,disk,CEG2000_f4_r0037_c0109,False,4,7,3,0.5714285714285714,1.0,0.7272727272727273,0.5714285714285714,6.013952707780218,0.0526315789473684,16.090283355141864,1.0,over_connected,6
安徽,GeoDisk-Final,disk,CEG2000_f4_r0030_c0107,False,4,7,3,0.5714285714285714,1.0,0.7272727272727273,0.5714285714285714,2.282246897731366,0.031578947368421,15.228994069578237,1.0,over_connected,7
安徽,GeoDisk-Final,disk,CEG2000_f4_r0036_c0105,False,4,7,3,0.5714285714285714,1.0,0.7272727272727273,0.5714285714285714,1.5789860049887523,0.0947368421052631,11.343832006500882,0.8,over_connected,8
安徽,GeoDisk-Final,disk,CEG2000_f4_r0037_c0108,False,4,7,3,0.5714285714285714,1.0,0.7272727272727273,0.5714285714285714,2.4582195748854425,0.0105263157894736,10.506733389087216,1.0,over_connected,9
安徽,GeoDisk-Final,disk,CEG2000_f4_r0034_c0108,False,4,7,3,0.5714285714285714,1.0,0.7272727272727273,0.5714285714285714,2.6879177872290567,0.0,10.331664065421402,1.0,over_connected,10
安徽,GeoDisk-Final,disk,CEG2000_f4_r0036_c0103,True,1,4,3,0.25,1.0,0.4,0.25,3.972508602332912,0.1999999999999999,46.00329929425801,,over_connected,1
安徽,GeoDisk-Final,disk,CEG2000_f4_r0040_c0106,True,1,4,3,0.25,1.0,0.4,0.25,2.4533708086131334,0.0105263157894737,29.529420254585684,,over_connected,2
安徽,GeoDisk-Final,disk,CEG2000_f4_r0033_c0112,True,2,6,4,0.3333333333333333,1.0,0.5,0.3333333333333333,7.664801528576173,0.1157894736842105,33.392220628950284,1.0,over_connected,3
安徽,GeoDisk-Final,disk,CEG2000_f4_r0036_c0113,True,1,3,2,0.3333333333333333,1.0,0.5,0.3333333333333333,5.495907233101689,0.0,14.862576264381165,,over_connected,4
安徽,GeoDisk-Final,disk,CEG2000_f4_r0030_c0105,True,1,3,2,0.3333333333333333,1.0,0.5,0.3333333333333333,2.2616508669638105,0.0736842105263158,8.145230218417899,,over_connected,5
安徽,GeoDisk-Final,disk,CEG2000_f4_r0035_c0104,True,2,5,3,0.4,1.0,0.5714285714285715,0.4,6.795710311610665,0.0105263157894737,26.13629215345066,1.0,over_connected,6
安徽,GeoDisk-Final,disk,CEG2000_f4_r0036_c0111,True,2,5,3,0.4,1.0,0.5714285714285715,0.4,0.3398773115206828,0.1263157894736841,7.605440694205805,1.0,over_connected,7
安徽,GeoDisk-Final,disk,CEG2000_f4_r0032_c0105,True,3,6,3,0.5,1.0,0.6666666666666666,0.5,2.414881532475326,0.0105263157894737,21.619443663889857,1.0,over_connected,8
安徽,GeoDisk-Final,disk,CEG2000_f4_r0038_c0106,True,3,6,3,0.5,1.0,0.6666666666666666,0.5,1.5905995028967672,0.0105263157894737,20.909118067855207,0.6666666666666666,over_connected,9
安徽,GeoDisk-Final,disk,CEG2000_f4_r0035_c0112,True,2,4,2,0.5,1.0,0.6666666666666666,0.5,13.921976806037474,0.2421052631578947,64.34952624795767,1.0,over_connected,10
广东,GeoAnnulus-Final,annulus,CEG2000_f4_r0011_c0099,False,4,5,1,0.4,0.5,0.4444444444444445,0.2857142857142857,4.416976498702584,0.02803738317757,29.379354659768524,1.0,mixed_lost_and_new,1
广东,GeoAnnulus-Final,annulus,CEG2000_f4_r0010_c0097,False,4,5,1,0.4,0.5,0.4444444444444445,0.2857142857142857,4.021762727262452,0.0093457943925233,21.2691662148855,,mixed_lost_and_new,2
广东,GeoAnnulus-Final,annulus,CEG2000_f4_r0012_c0101,False,4,4,0,0.5,0.5,0.5,0.3333333333333333,0.8431530371234385,0.02803738317757,27.11504965997209,1.0,mixed_lost_and_new,3
广东,GeoAnnulus-Final,annulus,CEG2000_f4_r0011_c0101,False,4,4,0,0.5,0.5,0.5,0.3333333333333333,17.274286757599267,0.0093457943925233,25.546566680127793,1.0,mixed_lost_and_new,4
广东,GeoAnnulus-Final,annulus,CEG2000_f4_r0013_c0104,False,4,4,0,0.5,0.5,0.5,0.3333333333333333,0.0899851451793623,0.0,19.275056096684196,,mixed_lost_and_new,5
广东,GeoAnnulus-Final,annulus,CEG2000_f4_r0012_c0100,False,4,4,0,0.5,0.5,0.5,0.3333333333333333,0.8660574502395406,0.0373831775700934,15.03625296840075,1.0,mixed_lost_and_new,6
广东,GeoAnnulus-Final,annulus,CEG2000_f4_r0010_c0094,False,4,7,3,0.4285714285714285,0.75,0.5454545454545454,0.375,1.1209458039114573,0.0186915887850467,30.29782542960782,1.0,mixed_lost_and_new,7
广东,GeoAnnulus-Final,annulus,CEG2000_f4_r0012_c0103,False,4,7,3,0.4285714285714285,0.75,0.5454545454545454,0.375,0.5674577683800609,0.02803738317757,17.760237027729698,1.0,mixed_lost_and_new,8
广东,GeoAnnulus-Final,annulus,CEG2000_f4_r0012_c0104,False,4,7,3,0.4285714285714285,0.75,0.5454545454545454,0.375,0.0016807540226843,0.02803738317757,14.73824253213258,1.0,mixed_lost_and_new,9
广东,GeoAnnulus-Final,annulus,CEG2000_f4_r0010_c0095,False,4,6,2,0.5,0.75,0.6,0.4285714285714285,0.6034769753400362,0.0747663551401869,25.242155910385858,1.0,mixed_lost_and_new,10
广东,GeoAnnulus-Final,annulus,CEG2000_f4_r0010_c0101,True,1,8,7,0.125,1.0,0.2222222222222222,0.125,12.854115458156365,0.2149532710280373,3.7758948090269993,,over_connected,1
广东,GeoAnnulus-Final,annulus,CEG2000_f4_r0011_c0100,True,3,5,2,0.2,0.3333333333333333,0.25,0.1428571428571428,6.182458147009878,0.0186915887850467,27.012467264235852,,mixed_lost_and_new,2
广东,GeoAnnulus-Final,annulus,CEG2000_f4_r0005_c0091,True,1,5,4,0.2,1.0,0.3333333333333333,0.2,11.6535912824836,0.1214953271028037,29.063729228025323,,over_connected,3
广东,GeoAnnulus-Final,annulus,CEG2000_f4_r0008_c0095,True,2,8,6,0.25,1.0,0.4,0.25,5.282081905002497,0.0467289719626168,43.274697786902706,1.0,over_connected,4
广东,GeoAnnulus-Final,annulus,CEG2000_f4_r0017_c0102,True,1,4,3,0.25,1.0,0.4,0.25,0.8987376288584071,0.0654205607476635,27.15204587469139,,over_connected,5
广东,GeoAnnulus-Final,annulus,CEG2000_f4_r0010_c0093,True,2,3,1,0.3333333333333333,0.5,0.4,0.25,1.427682247622601,0.0467289719626168,42.92128832042,,mixed_lost_and_new,6
广东,GeoAnnulus-Final,annulus,CEG2000_f4_r0007_c0092,True,2,6,4,0.3333333333333333,1.0,0.5,0.3333333333333333,1.932308959241245,0.0093457943925233,32.82234597027687,1.0,over_connected,7
广东,GeoAnnulus-Final,annulus,CEG2000_f4_r0009_c0092,True,2,6,4,0.3333333333333333,1.0,0.5,0.3333333333333333,0.6267503671557624,0.0560747663551401,19.47202029896014,1.0,over_connected,8
广东,GeoAnnulus-Final,annulus,CEG2000_f4_r0011_c0102,True,3,5,2,0.4,0.6666666666666666,0.5,0.3333333333333333,4.554596228246822,0.0373831775700934,44.21003842118417,1.0,mixed_lost_and_new,9
广东,GeoAnnulus-Final,annulus,CEG2000_f4_r0009_c0098,True,3,5,2,0.4,0.6666666666666666,0.5,0.3333333333333333,9.813381521017284,0.1121495327102803,43.35618944642473,0.0,mixed_lost_and_new,10
广东,GeoDisk-Final,disk,CEG2000_f4_r0010_c0094,False,4,5,1,0.4,0.5,0.4444444444444445,0.2857142857142857,1.904954416832764,0.0186915887850467,35.25296084554449,1.0,mixed_lost_and_new,1
广东,GeoDisk-Final,disk,CEG2000_f4_r0009_c0093,False,4,6,2,0.5,0.75,0.6,0.4285714285714285,1.240239245474119,0.0186915887850467,28.161868799582777,1.0,mixed_lost_and_new,2
广东,GeoDisk-Final,disk,CEG2000_f4_r0009_c0094,False,4,5,1,0.6,0.75,0.6666666666666665,0.5,1.454216695123116,0.02803738317757,24.02606695853929,1.0,mixed_lost_and_new,3
广东,GeoDisk-Final,disk,CEG2000_f4_r0010_c0095,False,4,7,3,0.5714285714285714,1.0,0.7272727272727273,0.5714285714285714,3.747237807088714,0.0467289719626168,28.9770245853841,1.0,over_connected,4
广东,GeoDisk-Final,disk,CEG2000_f4_r0014_c0102,False,4,7,3,0.5714285714285714,1.0,0.7272727272727273,0.5714285714285714,1.2276366464507067,0.0467289719626168,21.113750368452436,0.8,over_connected,5
广东,GeoDisk-Final,disk,CEG2000_f4_r0011_c0095,False,4,7,3,0.5714285714285714,1.0,0.7272727272727273,0.5714285714285714,0.8089423233503947,0.0373831775700934,17.37908169762471,1.0,over_connected,6
广东,GeoDisk-Final,disk,CEG2000_f4_r0016_c0099,False,4,7,3,0.5714285714285714,1.0,0.7272727272727273,0.5714285714285714,1.4549094725234268,0.0467289719626168,14.656249316774993,0.6666666666666666,over_connected,7
广东,GeoDisk-Final,disk,CEG2000_f4_r0013_c0097,False,4,7,3,0.5714285714285714,1.0,0.7272727272727273,0.5714285714285714,0.6250352449626044,0.0186915887850467,10.323519814990172,1.0,over_connected,8
广东,GeoDisk-Final,disk,CEG2000_f4_r0012_c0101,False,4,7,3,0.5714285714285714,1.0,0.7272727272727273,0.5714285714285714,2.6263623208482874,0.02803738317757,8.52488800510802,1.0,over_connected,9
广东,GeoDisk-Final,disk,CEG2000_f4_r0014_c0100,False,4,7,3,0.5714285714285714,1.0,0.7272727272727273,0.5714285714285714,0.2706514566796641,0.0093457943925233,8.188369119298592,1.0,over_connected,10
广东,GeoDisk-Final,disk,CEG2000_f4_r0010_c0101,True,1,8,7,0.125,1.0,0.2222222222222222,0.125,14.657505340925995,0.0186915887850467,42.495249279481065,,over_connected,1
广东,GeoDisk-Final,disk,CEG2000_f4_r0010_c0093,True,2,4,2,0.25,0.5,0.3333333333333333,0.2,0.2578490127134685,0.0186915887850467,40.118135329246186,,mixed_lost_and_new,2
广东,GeoDisk-Final,disk,CEG2000_f4_r0009_c0099,True,2,8,6,0.25,1.0,0.4,0.25,31.49639478127417,0.3084112149532709,51.58013322105243,1.0,over_connected,3
广东,GeoDisk-Final,disk,CEG2000_f4_r0009_c0092,True,2,6,4,0.3333333333333333,1.0,0.5,0.3333333333333333,1.8314172333018464,0.0373831775700934,37.33988002083455,1.0,over_connected,4
广东,GeoDisk-Final,disk,CEG2000_f4_r0005_c0091,True,1,3,2,0.3333333333333333,1.0,0.5,0.3333333333333333,24.283201022855035,0.0186915887850467,36.72109592932137,,over_connected,5
广东,GeoDisk-Final,disk,CEG2000_f4_r0017_c0102,True,1,3,2,0.3333333333333333,1.0,0.5,0.3333333333333333,1.051117017533075,0.0186915887850467,23.218986280370125,,over_connected,6
广东,GeoDisk-Final,disk,CEG2000_f4_r0012_c0107,True,2,5,3,0.4,1.0,0.5714285714285715,0.4,3.826401394167342,0.102803738317757,13.966892325026803,1.0,over_connected,7
广东,GeoDisk-Final,disk,CEG2000_f4_r0015_c0107,True,2,5,3,0.4,1.0,0.5714285714285715,0.4,0.0151379525302826,0.0560747663551401,5.129634383506292,1.0,over_connected,8
广东,GeoDisk-Final,disk,CEG2000_f4_r0011_c0094,True,3,4,1,0.5,0.6666666666666666,0.5714285714285715,0.4,0.3017519836391637,0.0560747663551401,25.63276587896937,1.0,mixed_lost_and_new,9
广东,GeoDisk-Final,disk,CEG2000_f4_r0008_c0094,True,3,7,4,0.4285714285714285,1.0,0.6,0.4285714285714285,16.29818073963304,0.0186915887850467,28.987308235903225,1.0,over_connected,10
广西,GeoAnnulus-Final,annulus,CEG2000_f4_r0013_c0088,False,4,5,1,0.2,0.25,0.2222222222222222,0.125,0.665217517572938,0.0638297872340425,36.97985134887803,,mixed_lost_and_new,1
广西,GeoAnnulus-Final,annulus,CEG2000_f4_r0013_c0087,False,4,5,1,0.2,0.25,0.2222222222222222,0.125,3.039521072115315,0.0283687943262411,35.65599699746103,,mixed_lost_and_new,2
广西,GeoAnnulus-Final,annulus,CEG2000_f4_r0014_c0090,False,4,4,0,0.25,0.25,0.25,0.1428571428571428,4.045264579396135,0.0,22.542358621234257,,mixed_lost_and_new,3
广西,GeoAnnulus-Final,annulus,CEG2000_f4_r0013_c0089,False,4,4,0,0.5,0.5,0.5,0.3333333333333333,7.27712143126084,0.0212765957446808,46.10600749974613,,mixed_lost_and_new,4
广西,GeoAnnulus-Final,annulus,CEG2000_f4_r0014_c0089,False,4,4,0,0.5,0.5,0.5,0.3333333333333333,0.5760564833915257,0.0141843971631205,32.684393561932126,1.0,mixed_lost_and_new,5
广西,GeoAnnulus-Final,annulus,CEG2000_f4_r0015_c0082,False,4,4,0,0.5,0.5,0.5,0.3333333333333333,0.8002967061447159,0.1134751773049645,23.72972024857269,,mixed_lost_and_new,6
广西,GeoAnnulus-Final,annulus,CEG2000_f4_r0012_c0088,False,4,3,1,0.6666666666666666,0.5,0.5714285714285715,0.4,3.131497178995523,0.0070921985815602,30.80635103091037,0.0,mixed_lost_and_new,7
广西,GeoAnnulus-Final,annulus,CEG2000_f4_r0012_c0087,False,4,3,1,0.6666666666666666,0.5,0.5714285714285715,0.4,1.102732146962996,0.0212765957446808,29.515020053404825,0.0,mixed_lost_and_new,8
广西,GeoAnnulus-Final,annulus,CEG2000_f4_r0015_c0081,False,4,6,2,0.5,0.75,0.6,0.4285714285714285,0.4391641297530694,0.0921985815602837,40.08536120761725,1.0,mixed_lost_and_new,9
广西,GeoAnnulus-Final,annulus,CEG2000_f4_r0015_c0090,False,4,6,2,0.5,0.75,0.6,0.4285714285714285,2.542643477108621,0.0141843971631205,22.999408072347393,1.0,mixed_lost_and_new,10
广西,GeoAnnulus-Final,annulus,CEG2000_f4_r0016_c0078,True,2,5,3,0.2,0.5,0.2857142857142857,0.1666666666666666,0.3703894860061732,0.0496453900709219,47.08493715195208,,mixed_lost_and_new,1
广西,GeoAnnulus-Final,annulus,CEG2000_f4_r0016_c0079,True,2,3,1,0.3333333333333333,0.5,0.4,0.25,1.500419618694103,0.1063829787234041,40.93286331634648,,mixed_lost_and_new,2
广西,GeoAnnulus-Final,annulus,CEG2000_f4_r0015_c0077,True,1,3,2,0.3333333333333333,1.0,0.5,0.3333333333333333,2.884491129666732,0.0212765957446808,104.9380683857494,,over_connected,3
广西,GeoAnnulus-Final,annulus,CEG2000_f4_r0012_c0080,True,1,3,2,0.3333333333333333,1.0,0.5,0.3333333333333333,3.021463735253277,0.1205673758865247,29.175219128204272,,over_connected,4
广西,GeoAnnulus-Final,annulus,CEG2000_f4_r0016_c0081,True,2,5,3,0.4,1.0,0.5714285714285715,0.4,1.0209368414758142,0.0851063829787234,37.085507608453234,1.0,over_connected,5
广西,GeoAnnulus-Final,annulus,CEG2000_f4_r0015_c0080,True,3,7,4,0.4285714285714285,1.0,0.6,0.4285714285714285,0.9906685040159456,0.0,35.401378143216,0.5,over_connected,6
广西,GeoAnnulus-Final,annulus,CEG2000_f4_r0013_c0081,True,3,6,3,0.5,1.0,0.6666666666666666,0.5,0.989035269561974,0.1205673758865247,32.66467097541157,0.6666666666666666,over_connected,7
广西,GeoAnnulus-Final,annulus,CEG2000_f4_r0019_c0094,True,2,4,2,0.5,1.0,0.6666666666666666,0.5,0.2143537608792666,0.0496453900709219,44.041745057560846,0.0,over_connected,8
广西,GeoAnnulus-Final,annulus,CEG2000_f4_r0011_c0081,True,2,4,2,0.5,1.0,0.6666666666666666,0.5,0.4021817326714554,0.1347517730496453,23.663662799690304,1.0,over_connected,9
广西,GeoAnnulus-Final,annulus,CEG2000_f4_r0014_c0079,True,2,4,2,0.5,1.0,0.6666666666666666,0.5,0.7580002298710108,0.1134751773049644,22.31817451583586,1.0,over_connected,10
广西,GeoDisk-Final,disk,CEG2000_f4_r0015_c0079,False,4,5,1,0.6,0.75,0.6666666666666665,0.5,0.9434428875458338,0.1134751773049645,28.832411579922116,1.0,mixed_lost_and_new,1
广西,GeoDisk-Final,disk,CEG2000_f4_r0013_c0082,False,4,5,1,0.6,0.75,0.6666666666666665,0.5,2.3008304607960626,0.1063829787234043,24.141597886416424,1.0,mixed_lost_and_new,2
广西,GeoDisk-Final,disk,CEG2000_f4_r0014_c0082,False,4,5,1,0.6,0.75,0.6666666666666665,0.5,0.3278711555919043,0.1773049645390071,19.464749298771903,0.6666666666666666,mixed_lost_and_new,3
广西,GeoDisk-Final,disk,CEG2000_f4_r0013_c0083,False,4,8,4,0.5,1.0,0.6666666666666666,0.5,0.2252367646052722,0.1134751773049645,11.282470045877162,1.0,over_connected,4
广西,GeoDisk-Final,disk,CEG2000_f4_r0014_c0081,False,4,7,3,0.5714285714285714,1.0,0.7272727272727273,0.5714285714285714,3.3964661190451215,0.1560283687943262,32.859465791462156,0.6666666666666666,over_connected,5
广西,GeoDisk-Final,disk,CEG2000_f4_r0012_c0082,False,4,7,3,0.5714285714285714,1.0,0.7272727272727273,0.5714285714285714,0.6106948098139877,0.078014184397163,14.437086398586388,1.0,over_connected,6
广西,GeoDisk-Final,disk,CEG2000_f4_r0016_c0092,False,4,7,3,0.5714285714285714,1.0,0.7272727272727273,0.5714285714285714,0.7495462798286452,0.0567375886524822,13.94132473269357,1.0,over_connected,7
广西,GeoDisk-Final,disk,CEG2000_f4_r0014_c0084,False,4,7,3,0.5714285714285714,1.0,0.7272727272727273,0.5714285714285714,3.931135532031527,0.0851063829787234,13.811142650827234,1.0,over_connected,8
广西,GeoDisk-Final,disk,CEG2000_f4_r0011_c0089,False,4,7,3,0.5714285714285714,1.0,0.7272727272727273,0.5714285714285714,1.8792774680929076,0.0141843971631205,12.915243123756529,1.0,over_connected,9
广西,GeoDisk-Final,disk,CEG2000_f4_r0015_c0090,False,4,7,3,0.5714285714285714,1.0,0.7272727272727273,0.5714285714285714,0.4825762871262311,0.0070921985815602,12.460934156962852,1.0,over_connected,10
广西,GeoDisk-Final,disk,CEG2000_f4_r0016_c0079,True,2,6,4,0.1666666666666666,0.5,0.25,0.1428571428571428,0.1017169470012869,0.0425531914893616,48.92348749937551,,mixed_lost_and_new,1
广西,GeoDisk-Final,disk,CEG2000_f4_r0015_c0077,True,1,4,3,0.25,1.0,0.4,0.25,0.8967168283306458,0.0283687943262411,50.62385937893923,,over_connected,2
广西,GeoDisk-Final,disk,CEG2000_f4_r0012_c0080,True,1,4,3,0.25,1.0,0.4,0.25,3.618740569996628,0.127659574468085,33.76115216884216,,over_connected,3
广西,GeoDisk-Final,disk,CEG2000_f4_r0016_c0078,True,2,2,0,0.5,0.5,0.5,0.3333333333333333,4.313886242122125,0.0070921985815602,47.22011743574536,,mixed_lost_and_new,4
广西,GeoDisk-Final,disk,CEG2000_f4_r0016_c0081,True,2,5,3,0.4,1.0,0.5714285714285715,0.4,0.1967562215659477,0.1063829787234043,42.145266748777345,1.0,over_connected,5
广西,GeoDisk-Final,disk,CEG2000_f4_r0014_c0079,True,2,5,3,0.4,1.0,0.5714285714285715,0.4,2.373352458091426,0.0496453900709219,22.583738949010005,1.0,over_connected,6
广西,GeoDisk-Final,disk,CEG2000_f4_r0017_c0086,True,2,5,3,0.4,1.0,0.5714285714285715,0.4,1.411859280698007,0.0070921985815602,6.830740693047184,1.0,over_connected,7
广西,GeoDisk-Final,disk,CEG2000_f4_r0015_c0078,True,3,4,1,0.5,0.6666666666666666,0.5714285714285715,0.4,2.0739747134492905,0.0780141843971631,34.625151487928186,1.0,mixed_lost_and_new,8
广西,GeoDisk-Final,disk,CEG2000_f4_r0013_c0081,True,3,6,3,0.5,1.0,0.6666666666666666,0.5,0.4863332417305768,0.1843971631205673,40.92614939585367,0.6666666666666666,over_connected,9
广西,GeoDisk-Final,disk,CEG2000_f4_r0015_c0080,True,3,6,3,0.5,1.0,0.6666666666666666,0.5,0.0330799620039628,0.0709219858156028,27.03540952304588,1.0,over_connected,10
江西,GeoAnnulus-Final,annulus,CEG2000_f4_r0023_c0104,False,4,4,0,0.25,0.25,0.25,0.1428571428571428,3.238692694496641,0.0094339622641509,28.049185344104444,,mixed_lost_and_new,1
江西,GeoAnnulus-Final,annulus,CEG2000_f4_r0022_c0104,False,4,5,1,0.4,0.5,0.4444444444444445,0.2857142857142857,2.329182573806063,0.0,39.61933460367376,0.0,mixed_lost_and_new,2
江西,GeoAnnulus-Final,annulus,CEG2000_f4_r0023_c0105,False,4,4,0,0.5,0.5,0.5,0.3333333333333333,9.654548556066104,0.0188679245283018,33.50092304313023,0.0,mixed_lost_and_new,3
江西,GeoAnnulus-Final,annulus,CEG2000_f4_r0021_c0103,False,4,4,0,0.5,0.5,0.5,0.3333333333333333,2.7285107481882585,0.0566037735849056,28.08267470514167,1.0,mixed_lost_and_new,4
江西,GeoAnnulus-Final,annulus,CEG2000_f4_r0022_c0105,False,4,4,0,0.5,0.5,0.5,0.3333333333333333,8.458417305031375,0.0188679245283018,27.582010132709595,1.0,mixed_lost_and_new,5
江西,GeoAnnulus-Final,annulus,CEG2000_f4_r0022_c0103,False,4,4,0,0.5,0.5,0.5,0.3333333333333333,2.4888130304378437,0.0283018867924528,25.128174039975587,,mixed_lost_and_new,6
江西,GeoAnnulus-Final,annulus,CEG2000_f4_r0023_c0103,False,4,3,1,0.6666666666666666,0.5,0.5714285714285715,0.4,2.4373604339797343,0.0471698113207547,29.320600787804945,1.0,mixed_lost_and_new,7
江西,GeoAnnulus-Final,annulus,CEG2000_f4_r0021_c0104,False,4,6,2,0.5,0.75,0.6,0.4285714285714285,4.116437673396559,0.0188679245283018,35.144908014791454,1.0,mixed_lost_and_new,8
江西,GeoAnnulus-Final,annulus,CEG2000_f4_r0020_c0103,False,4,6,2,0.5,0.75,0.6,0.4285714285714285,2.2472623163298526,0.0094339622641509,24.13650036887089,1.0,mixed_lost_and_new,9
江西,GeoAnnulus-Final,annulus,CEG2000_f4_r0023_c0106,False,4,5,1,0.6,0.75,0.6666666666666665,0.5,3.0172059272700733,0.0283018867924528,32.375377354471084,1.0,mixed_lost_and_new,10
江西,GeoAnnulus-Final,annulus,CEG2000_f4_r0023_c0108,True,3,7,4,0.4285714285714285,1.0,0.6,0.4285714285714285,5.412531966193002,0.2358490566037736,29.31332461660208,0.6666666666666666,over_connected,1
江西,GeoAnnulus-Final,annulus,CEG2000_f4_r0018_c0106,True,2,4,2,0.5,1.0,0.6666666666666666,0.5,1.2718936366529554,0.0943396226415094,32.47422886105052,1.0,over_connected,2
江西,GeoAnnulus-Final,annulus,CEG2000_f4_r0024_c0111,True,2,4,2,0.5,1.0,0.6666666666666666,0.5,3.8386650412320154,0.1132075471698113,30.85430436794436,1.0,over_connected,3
江西,GeoAnnulus-Final,annulus,CEG2000_f4_r0028_c0110,True,2,4,2,0.5,1.0,0.6666666666666666,0.5,0.2817135194059594,0.0566037735849056,26.79959333795388,1.0,over_connected,4
江西,GeoAnnulus-Final,annulus,CEG2000_f4_r0022_c0108,True,2,4,2,0.5,1.0,0.6666666666666666,0.5,1.4922915516014204,0.0188679245283018,15.807438955641636,1.0,over_connected,5
江西,GeoAnnulus-Final,annulus,CEG2000_f4_r0028_c0104,True,2,4,2,0.5,1.0,0.6666666666666666,0.5,0.3746482999276266,0.0283018867924528,5.710580810750905,1.0,over_connected,6
江西,GeoAnnulus-Final,annulus,CEG2000_f4_r0015_c0102,True,1,2,1,0.5,1.0,0.6666666666666666,0.5,2.675644805039738,0.0094339622641509,76.0017002400409,,over_connected,7
江西,GeoAnnulus-Final,annulus,CEG2000_f4_r0024_c0110,True,3,5,2,0.6,1.0,0.7499999999999999,0.6,0.769646501210333,0.0943396226415094,23.770685107386456,0.6666666666666666,over_connected,8
江西,GeoAnnulus-Final,annulus,CEG2000_f4_r0017_c0105,True,3,5,2,0.6,1.0,0.7499999999999999,0.6,0.8309463454369392,0.0660377358490565,21.49182586352103,0.6666666666666666,over_connected,9
江西,GeoAnnulus-Final,annulus,CEG2000_f4_r0020_c0101,True,3,5,2,0.6,1.0,0.7499999999999999,0.6,2.484773695335603,0.0,15.081354799868857,0.6666666666666666,over_connected,10
江西,GeoDisk-Final,disk,CEG2000_f4_r0020_c0102,False,4,8,4,0.5,1.0,0.6666666666666666,0.5,3.9719770134240657,0.0094339622641509,18.274619427026924,1.0,over_connected,1
江西,GeoDisk-Final,disk,CEG2000_f4_r0018_c0104,False,4,7,3,0.5714285714285714,1.0,0.7272727272727273,0.5714285714285714,2.154432428649664,0.0094339622641509,17.16277759211877,1.0,over_connected,2
江西,GeoDisk-Final,disk,CEG2000_f4_r0017_c0103,False,4,7,3,0.5714285714285714,1.0,0.7272727272727273,0.5714285714285714,0.2935929719990234,0.0188679245283018,14.851703360918597,0.8,over_connected,3
江西,GeoDisk-Final,disk,CEG2000_f4_r0021_c0106,False,4,7,3,0.5714285714285714,1.0,0.7272727272727273,0.5714285714285714,0.9665810954589692,0.1037735849056604,10.697708535463684,1.0,over_connected,4
江西,GeoDisk-Final,disk,CEG2000_f4_r0024_c0103,False,4,7,3,0.5714285714285714,1.0,0.7272727272727273,0.5714285714285714,8.40052500076397,0.0188679245283018,8.048213539576647,1.0,over_connected,5
江西,GeoDisk-Final,disk,CEG2000_f4_r0023_c0104,False,4,7,3,0.5714285714285714,1.0,0.7272727272727273,0.5714285714285714,2.4710565931120523,0.0,7.577729024144449,1.0,over_connected,6
江西,GeoDisk-Final,disk,CEG2000_f4_r0026_c0103,False,4,7,3,0.5714285714285714,1.0,0.7272727272727273,0.5714285714285714,1.157231201928757,0.0377358490566037,6.617230686832579,1.0,over_connected,7
江西,GeoDisk-Final,disk,CEG2000_f4_r0023_c0102,False,4,7,3,0.5714285714285714,1.0,0.7272727272727273,0.5714285714285714,4.13872131578196,0.0377358490566037,6.377253021005904,1.0,over_connected,8
江西,GeoDisk-Final,disk,CEG2000_f4_r0022_c0107,False,4,6,2,0.6666666666666666,1.0,0.8,0.6666666666666666,4.8103509305768775,0.0,24.87589472210347,1.0,over_connected,9
江西,GeoDisk-Final,disk,CEG2000_f4_r0024_c0108,False,4,6,2,0.6666666666666666,1.0,0.8,0.6666666666666666,5.7031085435226485,0.0660377358490565,21.603076491334367,0.8333333333333334,over_connected,10
江西,GeoDisk-Final,disk,CEG2000_f4_r0015_c0102,True,1,3,2,0.3333333333333333,1.0,0.5,0.3333333333333333,1.805867455481939,0.0188679245283018,21.921596626104833,,over_connected,1
江西,GeoDisk-Final,disk,CEG2000_f4_r0022_c0108,True,2,5,3,0.4,1.0,0.5714285714285715,0.4,1.1906993291699932,0.0660377358490567,31.692570375518276,1.0,over_connected,2
江西,GeoDisk-Final,disk,CEG2000_f4_r0023_c0108,True,3,6,3,0.5,1.0,0.6666666666666666,0.5,6.394941796848683,0.160377358490566,32.369638155406925,1.0,over_connected,3
江西,GeoDisk-Final,disk,CEG2000_f4_r0024_c0110,True,3,6,3,0.5,1.0,0.6666666666666666,0.5,5.483902829540904,0.1132075471698113,20.223414832420165,1.0,over_connected,4
江西,GeoDisk-Final,disk,CEG2000_f4_r0018_c0106,True,2,4,2,0.5,1.0,0.6666666666666666,0.5,1.3457931892657369,0.0283018867924528,39.58417479606034,1.0,over_connected,5
江西,GeoDisk-Final,disk,CEG2000_f4_r0027_c0111,True,2,4,2,0.5,1.0,0.6666666666666666,0.5,1.095124274704892,0.0283018867924528,22.296950951590247,1.0,over_connected,6
江西,GeoDisk-Final,disk,CEG2000_f4_r0017_c0101,True,2,4,2,0.5,1.0,0.6666666666666666,0.5,0.3773594826851174,0.0188679245283018,18.903731592195967,1.0,over_connected,7
江西,GeoDisk-Final,disk,CEG2000_f4_r0028_c0110,True,2,4,2,0.5,1.0,0.6666666666666666,0.5,1.250701797510776,0.0188679245283018,17.960233009000234,1.0,over_connected,8
江西,GeoDisk-Final,disk,CEG2000_f4_r0020_c0107,True,2,4,2,0.5,1.0,0.6666666666666666,0.5,1.3214769444745773,0.0094339622641509,12.20802837120851,1.0,over_connected,9
江西,GeoDisk-Final,disk,CEG2000_f4_r0021_c0100,True,2,4,2,0.5,1.0,0.6666666666666666,0.5,0.1278735889348666,0.1792452830188678,3.512683380195072,1.0,over_connected,10
浙江,GeoAnnulus-Final,annulus,CEG2000_f4_r0027_c0116,False,4,4,0,0.25,0.25,0.25,0.1428571428571428,6.030850641684294,0.078125,37.53466362837713,,mixed_lost_and_new,1
浙江,GeoAnnulus-Final,annulus,CEG2000_f4_r0027_c0117,False,4,3,1,0.3333333333333333,0.25,0.2857142857142857,0.1666666666666666,0.2309785581373461,0.078125,35.21343842975717,,mixed_lost_and_new,2
浙江,GeoAnnulus-Final,annulus,CEG2000_f4_r0026_c0116,False,4,3,1,0.3333333333333333,0.25,0.2857142857142857,0.1666666666666666,4.004648359363075,0.0,23.37155746487681,,mixed_lost_and_new,3
浙江,GeoAnnulus-Final,annulus,CEG2000_f4_r0028_c0117,False,4,4,0,0.5,0.5,0.5,0.3333333333333333,4.035042645753155,0.015625,24.099678216074317,1.0,mixed_lost_and_new,4
浙江,GeoAnnulus-Final,annulus,CEG2000_f4_r0026_c0117,False,4,4,0,0.5,0.5,0.5,0.3333333333333333,0.0833678473949618,0.015625,21.765788878334728,1.0,mixed_lost_and_new,5
浙江,GeoAnnulus-Final,annulus,CEG2000_f4_r0027_c0115,False,4,3,1,0.6666666666666666,0.5,0.5714285714285715,0.4,1.5636760677159285,0.015625,31.23114978598799,0.0,mixed_lost_and_new,6
浙江,GeoAnnulus-Final,annulus,CEG2000_f4_r0026_c0115,False,4,3,1,0.6666666666666666,0.5,0.5714285714285715,0.4,1.7967577966439288,0.015625,29.36663671957941,0.0,mixed_lost_and_new,7
浙江,GeoAnnulus-Final,annulus,CEG2000_f4_r0027_c0118,False,4,5,1,0.6,0.75,0.6666666666666665,0.5,5.074754615644943,0.03125,26.57288610366553,1.0,mixed_lost_and_new,8
浙江,GeoAnnulus-Final,annulus,CEG2000_f4_r0029_c0116,False,4,8,4,0.5,1.0,0.6666666666666666,0.5,3.412036339149366,0.03125,7.945219858819847,1.0,over_connected,9
浙江,GeoAnnulus-Final,annulus,CEG2000_f4_r0030_c0117,False,4,7,3,0.5714285714285714,1.0,0.7272727272727273,0.5714285714285714,0.2612491246550459,0.109375,11.747847463998395,1.0,over_connected,10
浙江,GeoAnnulus-Final,annulus,CEG2000_f4_r0030_c0114,True,2,5,3,0.4,1.0,0.5714285714285715,0.4,1.6000823180349557,0.03125,11.432100661934744,1.0,over_connected,1
浙江,GeoAnnulus-Final,annulus,CEG2000_f4_r0024_c0118,True,2,5,3,0.4,1.0,0.5714285714285715,0.4,0.1350816300180687,0.109375,9.156199049288915,1.0,over_connected,2
浙江,GeoAnnulus-Final,annulus,CEG2000_f4_r0023_c0117,True,2,4,2,0.5,1.0,0.6666666666666666,0.5,3.6308038243682073,0.265625,17.99678406207309,1.0,over_connected,3
浙江,GeoAnnulus-Final,annulus,CEG2000_f4_r0031_c0115,True,2,4,2,0.5,1.0,0.6666666666666666,0.5,0.0963550178539503,0.140625,17.11383053616251,1.0,over_connected,4
浙江,GeoAnnulus-Final,annulus,CEG2000_f4_r0025_c0119,True,2,4,2,0.5,1.0,0.6666666666666666,0.5,1.392980184647921,0.0625,15.19368964833074,1.0,over_connected,5
浙江,GeoAnnulus-Final,annulus,CEG2000_f4_r0028_c0112,True,2,4,2,0.5,1.0,0.6666666666666666,0.5,1.86838096794031,0.15625,13.47314248367816,1.0,over_connected,6
浙江,GeoAnnulus-Final,annulus,CEG2000_f4_r0022_c0115,True,2,4,2,0.5,1.0,0.6666666666666666,0.5,1.061437395286911,0.03125,12.54908518502137,1.0,over_connected,7
浙江,GeoAnnulus-Final,annulus,CEG2000_f4_r0025_c0112,True,2,4,2,0.5,1.0,0.6666666666666666,0.5,0.136641997661143,0.015625,12.040492646885417,1.0,over_connected,8
浙江,GeoAnnulus-Final,annulus,CEG2000_f4_r0028_c0120,True,2,4,2,0.5,1.0,0.6666666666666666,0.5,0.691941958453991,0.453125,7.139977304155801,1.0,over_connected,9
浙江,GeoAnnulus-Final,annulus,CEG2000_f4_r0029_c0113,True,2,4,2,0.5,1.0,0.6666666666666666,0.5,1.3664271458343205,0.078125,4.644658230180811,1.0,over_connected,10
浙江,GeoDisk-Final,disk,CEG2000_f4_r0030_c0117,False,4,7,3,0.5714285714285714,1.0,0.7272727272727273,0.5714285714285714,0.7889247405217746,0.078125,9.428280106225612,1.0,over_connected,1
浙江,GeoDisk-Final,disk,CEG2000_f4_r0028_c0118,False,4,7,3,0.5714285714285714,1.0,0.7272727272727273,0.5714285714285714,3.490385156932666,0.1875,7.421812632268102,1.0,over_connected,2
浙江,GeoDisk-Final,disk,CEG2000_f4_r0026_c0118,False,4,7,3,0.5714285714285714,1.0,0.7272727272727273,0.5714285714285714,0.8855380290744667,0.125,7.162840170713604,1.0,over_connected,3
浙江,GeoDisk-Final,disk,CEG2000_f4_r0024_c0114,False,4,7,3,0.5714285714285714,1.0,0.7272727272727273,0.5714285714285714,0.9929300939490536,0.046875,4.08355807851334,0.8,over_connected,4
浙江,GeoDisk-Final,disk,CEG2000_f4_r0030_c0116,False,4,7,3,0.5714285714285714,1.0,0.7272727272727273,0.5714285714285714,0.1004212258302008,0.09375,2.638664070152697,0.8,over_connected,5
浙江,GeoDisk-Final,disk,CEG2000_f4_r0027_c0119,False,4,6,2,0.6666666666666666,1.0,0.8,0.6666666666666666,6.282977462399742,0.109375,16.608261888321923,1.0,over_connected,6
浙江,GeoDisk-Final,disk,CEG2000_f4_r0024_c0117,False,4,6,2,0.6666666666666666,1.0,0.8,0.6666666666666666,3.6303872013231766,0.078125,10.987953483190472,1.0,over_connected,7
浙江,GeoDisk-Final,disk,CEG2000_f4_r0029_c0117,False,4,6,2,0.6666666666666666,1.0,0.8,0.6666666666666666,3.2739347293069603,0.015625,9.545296382634035,0.8,over_connected,8
浙江,GeoDisk-Final,disk,CEG2000_f4_r0023_c0116,False,4,6,2,0.6666666666666666,1.0,0.8,0.6666666666666666,1.3046163939528317,0.125,8.224164470552585,0.8333333333333334,over_connected,9
浙江,GeoDisk-Final,disk,CEG2000_f4_r0027_c0112,False,4,6,2,0.6666666666666666,1.0,0.8,0.6666666666666666,0.4107800207965582,0.078125,8.026047562114595,0.8333333333333334,over_connected,10
浙江,GeoDisk-Final,disk,CEG2000_f4_r0029_c0119,True,2,5,3,0.4,1.0,0.5714285714285715,0.4,0.5673567733687337,0.40625,1.37792933063289,1.0,over_connected,1
浙江,GeoDisk-Final,disk,CEG2000_f4_r0028_c0112,True,2,4,2,0.5,1.0,0.6666666666666666,0.5,2.262821638915342,0.203125,16.005881671538404,1.0,over_connected,2
浙江,GeoDisk-Final,disk,CEG2000_f4_r0023_c0117,True,2,4,2,0.5,1.0,0.6666666666666666,0.5,4.1984200426675535,0.265625,13.133966576428865,1.0,over_connected,3
浙江,GeoDisk-Final,disk,CEG2000_f4_r0024_c0118,True,2,4,2,0.5,1.0,0.6666666666666666,0.5,0.5315009283588189,0.078125,11.506770275325326,1.0,over_connected,4
浙江,GeoDisk-Final,disk,CEG2000_f4_r0031_c0115,True,2,4,2,0.5,1.0,0.6666666666666666,0.5,0.8400465460829339,0.140625,10.553880028557348,1.0,over_connected,5
浙江,GeoDisk-Final,disk,CEG2000_f4_r0025_c0119,True,2,4,2,0.5,1.0,0.6666666666666666,0.5,0.853678765342063,0.046875,10.123549305576734,1.0,over_connected,6
浙江,GeoDisk-Final,disk,CEG2000_f4_r0030_c0114,True,2,4,2,0.5,1.0,0.6666666666666666,0.5,1.6837352472507563,0.015625,9.821958785631583,1.0,over_connected,7
浙江,GeoDisk-Final,disk,CEG2000_f4_r0025_c0112,True,2,4,2,0.5,1.0,0.6666666666666666,0.5,0.3643085043979222,0.03125,8.375107482060038,1.0,over_connected,8
浙江,GeoDisk-Final,disk,CEG2000_f4_r0028_c0120,True,2,4,2,0.5,1.0,0.6666666666666666,0.5,0.6995600338771544,0.546875,6.759997025130224,1.0,over_connected,9
浙江,GeoDisk-Final,disk,CEG2000_f4_r0022_c0115,True,2,4,2,0.5,1.0,0.6666666666666666,0.5,0.946740479807095,0.015625,5.020423789138555,1.0,over_connected,10
湖北,GeoAnnulus-Final,annulus,CEG2000_f4_r0032_c0097,False,4,4,0,0.25,0.25,0.25,0.1428571428571428,3.1562324593418833,0.0465116279069767,35.199411844233516,,mixed_lost_and_new,1
湖北,GeoAnnulus-Final,annulus,CEG2000_f4_r0031_c0098,False,4,3,1,0.3333333333333333,0.25,0.2857142857142857,0.1666666666666666,5.418806322323701,0.0232558139534883,14.54133686282491,,mixed_lost_and_new,2
湖北,GeoAnnulus-Final,annulus,CEG2000_f4_r0029_c0092,False,4,5,1,0.4,0.5,0.4444444444444445,0.2857142857142857,0.7617368883902669,0.1705426356589147,25.65994661439781,1.0,mixed_lost_and_new,3
湖北,GeoAnnulus-Final,annulus,CEG2000_f4_r0035_c0093,False,4,5,1,0.4,0.5,0.4444444444444445,0.2857142857142857,0.480027979867704,0.0465116279069767,25.545080239865644,0.0,mixed_lost_and_new,4
湖北,GeoAnnulus-Final,annulus,CEG2000_f4_r0029_c0091,False,4,5,1,0.4,0.5,0.4444444444444445,0.2857142857142857,1.3224543707589416,0.1317829457364341,22.369840002454985,0.0,mixed_lost_and_new,5
湖北,GeoAnnulus-Final,annulus,CEG2000_f4_r0033_c0096,False,4,5,1,0.4,0.5,0.4444444444444445,0.2857142857142857,0.0254082331032683,0.0387596899224806,18.29332777616048,,mixed_lost_and_new,6
湖北,GeoAnnulus-Final,annulus,CEG2000_f4_r0028_c0088,False,4,4,0,0.5,0.5,0.5,0.3333333333333333,0.9804125931825224,0.1085271317829458,27.57635390595104,1.0,mixed_lost_and_new,7
湖北,GeoAnnulus-Final,annulus,CEG2000_f4_r0029_c0088,False,4,4,0,0.5,0.5,0.5,0.3333333333333333,0.7525025859129025,0.1550387596899225,19.557224813039657,,mixed_lost_and_new,8
湖北,GeoAnnulus-Final,annulus,CEG2000_f4_r0034_c0093,False,4,4,0,0.5,0.5,0.5,0.3333333333333333,0.7305276739971213,0.0155038759689922,18.608617325909897,,mixed_lost_and_new,9
湖北,GeoAnnulus-Final,annulus,CEG2000_f4_r0034_c0095,False,4,7,3,0.4285714285714285,0.75,0.5454545454545454,0.375,3.3227850165664066,0.0077519379844961,38.01427391261456,1.0,mixed_lost_and_new,10
湖北,GeoAnnulus-Final,annulus,CEG2000_f4_r0027_c0088,True,2,4,2,0.25,0.5,0.3333333333333333,0.2,1.3482785468614955,0.0077519379844961,79.34584406342584,,mixed_lost_and_new,1
湖北,GeoAnnulus-Final,annulus,CEG2000_f4_r0028_c0092,True,2,4,2,0.25,0.5,0.3333333333333333,0.2,1.491005032592989,0.0930232558139534,45.00609094230091,,mixed_lost_and_new,2
湖北,GeoAnnulus-Final,annulus,CEG2000_f4_r0028_c0087,True,2,3,1,0.3333333333333333,0.5,0.4,0.25,0.2733052478307018,0.0542635658914728,31.92753804735047,,mixed_lost_and_new,3
湖北,GeoAnnulus-Final,annulus,CEG2000_f4_r0028_c0091,True,3,5,2,0.4,0.6666666666666666,0.5,0.3333333333333333,1.8422644777765464,0.1007751937984496,43.993972036412,1.0,mixed_lost_and_new,4
湖北,GeoAnnulus-Final,annulus,CEG2000_f4_r0034_c0096,True,3,5,2,0.4,0.6666666666666666,0.5,0.3333333333333333,2.086218601617393,0.0077519379844961,30.121912611800244,,mixed_lost_and_new,5
湖北,GeoAnnulus-Final,annulus,CEG2000_f4_r0030_c0088,True,3,5,2,0.4,0.6666666666666666,0.5,0.3333333333333333,1.906933856189334,0.0930232558139534,20.04079053485403,0.0,mixed_lost_and_new,6
湖北,GeoAnnulus-Final,annulus,CEG2000_f4_r0029_c0106,True,1,3,2,0.3333333333333333,1.0,0.5,0.3333333333333333,0.6202624788348278,0.0077519379844961,11.73126267683342,,over_connected,7
湖北,GeoAnnulus-Final,annulus,CEG2000_f4_r0036_c0094,True,2,5,3,0.4,1.0,0.5714285714285715,0.4,1.064211254612328,0.1860465116279069,45.99703972717699,1.0,over_connected,8
湖北,GeoAnnulus-Final,annulus,CEG2000_f4_r0031_c0090,True,2,5,3,0.4,1.0,0.5714285714285715,0.4,1.7441730893321683,0.0542635658914728,28.47596640197142,1.0,over_connected,9
湖北,GeoAnnulus-Final,annulus,CEG2000_f4_r0036_c0093,True,3,4,1,0.5,0.6666666666666666,0.5714285714285715,0.4,2.514432344600952,0.0232558139534884,45.18738279548008,0.0,mixed_lost_and_new,10
湖北,GeoDisk-Final,disk,CEG2000_f4_r0030_c0095,False,4,6,2,0.5,0.75,0.6,0.4285714285714285,7.621497293620234,0.0310077519379844,31.43730469665388,1.0,mixed_lost_and_new,1
湖北,GeoDisk-Final,disk,CEG2000_f4_r0029_c0098,False,4,6,2,0.5,0.75,0.6,0.4285714285714285,1.3480766802609463,0.0310077519379844,13.540166933333268,1.0,mixed_lost_and_new,2
湖北,GeoDisk-Final,disk,CEG2000_f4_r0030_c0094,False,4,5,1,0.6,0.75,0.6666666666666665,0.5,2.659839149930113,0.0852713178294573,30.006799120825452,1.0,mixed_lost_and_new,3
湖北,GeoDisk-Final,disk,CEG2000_f4_r0030_c0090,False,4,5,1,0.6,0.75,0.6666666666666665,0.5,1.375976591800805,0.0852713178294573,23.61994947737273,1.0,mixed_lost_and_new,4
湖北,GeoDisk-Final,disk,CEG2000_f4_r0033_c0096,False,4,5,1,0.6,0.75,0.6666666666666665,0.5,16.380191245213023,0.0930232558139534,20.66730307754948,1.0,mixed_lost_and_new,5
湖北,GeoDisk-Final,disk,CEG2000_f4_r0034_c0095,False,4,7,3,0.5714285714285714,1.0,0.7272727272727273,0.5714285714285714,9.93584459446793,0.0310077519379844,39.3003366361144,0.8,over_connected,6
湖北,GeoDisk-Final,disk,CEG2000_f4_r0031_c0091,False,4,7,3,0.5714285714285714,1.0,0.7272727272727273,0.5714285714285714,2.5013979486228752,0.0697674418604651,20.670321166080505,0.8333333333333334,over_connected,7
湖北,GeoDisk-Final,disk,CEG2000_f4_r0030_c0092,False,4,7,3,0.5714285714285714,1.0,0.7272727272727273,0.5714285714285714,0.2937095141228648,0.0930232558139534,16.143104332007013,1.0,over_connected,8
湖北,GeoDisk-Final,disk,CEG2000_f4_r0029_c0089,False,4,7,3,0.5714285714285714,1.0,0.7272727272727273,0.5714285714285714,0.1604848500180427,0.1085271317829457,10.0486642137188,1.0,over_connected,9
湖北,GeoDisk-Final,disk,CEG2000_f4_r0034_c0097,False,4,7,3,0.5714285714285714,1.0,0.7272727272727273,0.5714285714285714,1.6489672908313688,0.1162790697674419,9.674159166253943,1.0,over_connected,10
湖北,GeoDisk-Final,disk,CEG2000_f4_r0031_c0090,True,2,6,4,0.1666666666666666,0.5,0.25,0.1428571428571428,3.6037820663486584,0.0155038759689922,38.033821709209384,,mixed_lost_and_new,1
湖北,GeoDisk-Final,disk,CEG2000_f4_r0027_c0089,True,2,5,3,0.2,0.5,0.2857142857142857,0.1666666666666666,3.5339032920183,0.0310077519379844,29.18107572500915,,mixed_lost_and_new,2
湖北,GeoDisk-Final,disk,CEG2000_f4_r0029_c0094,True,3,7,4,0.2857142857142857,0.6666666666666666,0.4,0.25,3.9296323857000703,0.1860465116279069,64.42395985665179,0.0,mixed_lost_and_new,3
湖北,GeoDisk-Final,disk,CEG2000_f4_r0034_c0096,True,3,5,2,0.4,0.6666666666666666,0.5,0.3333333333333333,6.110951414572856,0.0465116279069767,39.329048731760224,,mixed_lost_and_new,4
湖北,GeoDisk-Final,disk,CEG2000_f4_r0029_c0106,True,1,3,2,0.3333333333333333,1.0,0.5,0.3333333333333333,1.0000278214386895,0.0465116279069767,23.206512086071807,,over_connected,5
湖北,GeoDisk-Final,disk,CEG2000_f4_r0036_c0094,True,2,5,3,0.4,1.0,0.5714285714285715,0.4,7.6455544782688465,0.2170542635658915,44.91276212128493,1.0,over_connected,6
湖北,GeoDisk-Final,disk,CEG2000_f4_r0028_c0090,True,3,7,4,0.4285714285714285,1.0,0.6,0.4285714285714285,0.6125486074388073,0.1162790697674419,14.774772604292396,1.0,over_connected,7
湖北,GeoDisk-Final,disk,CEG2000_f4_r0029_c0093,True,3,6,3,0.5,1.0,0.6666666666666666,0.5,3.1888734265039624,0.0930232558139534,34.79605229172644,0.6666666666666666,over_connected,8
湖北,GeoDisk-Final,disk,CEG2000_f4_r0028_c0099,True,3,6,3,0.5,1.0,0.6666666666666666,0.5,4.1962707626330475,0.2635658914728682,31.87740061961647,1.0,over_connected,9
湖北,GeoDisk-Final,disk,CEG2000_f4_r0030_c0089,True,3,6,3,0.5,1.0,0.6666666666666666,0.5,0.8493540607762662,0.1007751937984495,11.814499939717797,0.6666666666666666,over_connected,10
湖南,GeoAnnulus-Final,annulus,CEG2000_f4_r0023_c0094,False,4,4,0,0.25,0.25,0.25,0.1428571428571428,1.2870921283465502,0.0367647058823529,37.191961319488406,,mixed_lost_and_new,1
湖南,GeoAnnulus-Final,annulus,CEG2000_f4_r0022_c0094,False,4,3,1,0.3333333333333333,0.25,0.2857142857142857,0.1666666666666666,2.0005591375791796,0.0735294117647058,35.21429248196492,,mixed_lost_and_new,2
湖南,GeoAnnulus-Final,annulus,CEG2000_f4_r0023_c0095,False,4,3,1,0.3333333333333333,0.25,0.2857142857142857,0.1666666666666666,2.267271752710341,0.0588235294117647,34.652928805095094,,mixed_lost_and_new,3
湖南,GeoAnnulus-Final,annulus,CEG2000_f4_r0022_c0095,False,4,3,1,0.3333333333333333,0.25,0.2857142857142857,0.1666666666666666,0.6991124303750214,0.0514705882352941,34.50645232630419,,mixed_lost_and_new,4
湖南,GeoAnnulus-Final,annulus,CEG2000_f4_r0024_c0095,False,4,2,2,0.5,0.25,0.3333333333333333,0.2,0.6810256704174835,0.0588235294117647,34.22413216044161,,mixed_lost_and_new,5
湖南,GeoAnnulus-Final,annulus,CEG2000_f4_r0018_c0098,False,4,5,1,0.4,0.5,0.4444444444444445,0.2857142857142857,1.3093353924494235,0.0588235294117647,23.082599745274145,1.0,mixed_lost_and_new,6
湖南,GeoAnnulus-Final,annulus,CEG2000_f4_r0024_c0096,False,4,4,0,0.5,0.5,0.5,0.3333333333333333,0.2974944988007189,0.0147058823529411,26.441666232778356,1.0,mixed_lost_and_new,7
湖南,GeoAnnulus-Final,annulus,CEG2000_f4_r0022_c0093,False,4,4,0,0.5,0.5,0.5,0.3333333333333333,5.898622145328587,0.0073529411764705,24.67093355881692,1.0,mixed_lost_and_new,8
湖南,GeoAnnulus-Final,annulus,CEG2000_f4_r0017_c0095,False,4,7,3,0.4285714285714285,0.75,0.5454545454545454,0.375,0.1831583152470334,0.1323529411764705,12.780749145583384,1.0,mixed_lost_and_new,9
湖南,GeoAnnulus-Final,annulus,CEG2000_f4_r0023_c0093,False,4,3,1,0.6666666666666666,0.5,0.5714285714285715,0.4,2.208738691717324,0.0220588235294117,35.3117340532715,0.0,mixed_lost_and_new,10
湖南,GeoAnnulus-Final,annulus,CEG2000_f4_r0017_c0100,True,1,4,3,0.25,1.0,0.4,0.25,1.674747051673978,0.0514705882352941,47.0116937879614,,over_connected,1
湖南,GeoAnnulus-Final,annulus,CEG2000_f4_r0016_c0098,True,1,3,2,0.3333333333333333,1.0,0.5,0.3333333333333333,3.5257397318763366,0.0882352941176469,106.78895124040412,,over_connected,2
湖南,GeoAnnulus-Final,annulus,CEG2000_f4_r0022_c0088,True,1,3,2,0.3333333333333333,1.0,0.5,0.3333333333333333,2.110031664356645,0.125,48.133646415302394,,over_connected,3
湖南,GeoAnnulus-Final,annulus,CEG2000_f4_r0018_c0099,True,3,4,1,0.5,0.6666666666666666,0.5714285714285715,0.4,2.0699547460721015,0.0220588235294117,25.98461602628838,1.0,mixed_lost_and_new,4
湖南,GeoAnnulus-Final,annulus,CEG2000_f4_r0018_c0094,True,3,4,1,0.5,0.6666666666666666,0.5714285714285715,0.4,2.5940201070581033,0.3970588235294117,23.40632713750614,1.0,mixed_lost_and_new,5
湖南,GeoAnnulus-Final,annulus,CEG2000_f4_r0019_c0094,True,3,6,3,0.5,1.0,0.6666666666666666,0.5,3.706399032149717,0.3676470588235294,22.860090069025297,0.6666666666666666,over_connected,6
湖南,GeoAnnulus-Final,annulus,CEG2000_f4_r0016_c0094,True,2,4,2,0.5,1.0,0.6666666666666666,0.5,1.6560594721341706,0.2058823529411765,41.30030151318618,0.0,over_connected,7
湖南,GeoAnnulus-Final,annulus,CEG2000_f4_r0024_c0100,True,2,4,2,0.5,1.0,0.6666666666666666,0.5,0.3399566664401448,0.1176470588235294,24.954647205311964,1.0,over_connected,8
湖南,GeoAnnulus-Final,annulus,CEG2000_f4_r0022_c0100,True,2,4,2,0.5,1.0,0.6666666666666666,0.5,0.2781184506335349,0.0588235294117646,20.38013100004139,1.0,over_connected,9
湖南,GeoAnnulus-Final,annulus,CEG2000_f4_r0025_c0101,True,1,2,1,0.5,1.0,0.6666666666666666,0.5,1.179179761274294,0.0220588235294117,11.90723759377932,,over_connected,10
湖南,GeoDisk-Final,disk,CEG2000_f4_r0021_c0093,False,4,6,2,0.5,0.75,0.6,0.4285714285714285,3.2245134792286883,0.0147058823529411,11.300978108123743,1.0,mixed_lost_and_new,1
湖南,GeoDisk-Final,disk,CEG2000_f4_r0020_c0094,False,4,7,3,0.5714285714285714,1.0,0.7272727272727273,0.5714285714285714,7.807720858317173,0.1176470588235294,23.189248091617877,1.0,over_connected,2
湖南,GeoDisk-Final,disk,CEG2000_f4_r0023_c0092,False,4,7,3,0.5714285714285714,1.0,0.7272727272727273,0.5714285714285714,13.785156934401764,0.0220588235294117,14.2907858516961,1.0,over_connected,3
湖南,GeoDisk-Final,disk,CEG2000_f4_r0024_c0098,False,4,7,3,0.5714285714285714,1.0,0.7272727272727273,0.5714285714285714,2.979503037536696,0.0073529411764705,14.03657293065638,1.0,over_connected,4
湖南,GeoDisk-Final,disk,CEG2000_f4_r0021_c0098,False,4,7,3,0.5714285714285714,1.0,0.7272727272727273,0.5714285714285714,0.7177964447764794,0.0147058823529411,11.256714922671652,1.0,over_connected,5
湖南,GeoDisk-Final,disk,CEG2000_f4_r0019_c0097,False,4,7,3,0.5714285714285714,1.0,0.7272727272727273,0.5714285714285714,1.776542292682734,0.0367647058823529,10.876285823826802,1.0,over_connected,6
湖南,GeoDisk-Final,disk,CEG2000_f4_r0020_c0097,False,4,7,3,0.5714285714285714,1.0,0.7272727272727273,0.5714285714285714,2.6038522428829944,0.0661764705882353,10.25707118817881,1.0,over_connected,7
湖南,GeoDisk-Final,disk,CEG2000_f4_r0025_c0095,False,4,7,3,0.5714285714285714,1.0,0.7272727272727273,0.5714285714285714,0.4358295877871345,0.0808823529411764,10.171700548230564,1.0,over_connected,8
湖南,GeoDisk-Final,disk,CEG2000_f4_r0021_c0090,False,4,7,3,0.5714285714285714,1.0,0.7272727272727273,0.5714285714285714,0.980584868677022,0.051470588235294,9.650510052723368,1.0,over_connected,9
湖南,GeoDisk-Final,disk,CEG2000_f4_r0028_c0093,False,4,7,3,0.5714285714285714,1.0,0.7272727272727273,0.5714285714285714,0.122968040271609,0.0220588235294117,9.619594976401396,0.8,over_connected,10
湖南,GeoDisk-Final,disk,CEG2000_f4_r0020_c0093,True,3,7,4,0.2857142857142857,0.6666666666666666,0.4,0.25,1.1280439007915477,0.0220588235294116,39.6973456345761,,mixed_lost_and_new,1
湖南,GeoDisk-Final,disk,CEG2000_f4_r0022_c0088,True,1,3,2,0.3333333333333333,1.0,0.5,0.3333333333333333,0.0594411062742141,0.1691176470588234,0.2703150922443721,,over_connected,2
湖南,GeoDisk-Final,disk,CEG2000_f4_r0020_c0092,True,3,6,3,0.5,1.0,0.6666666666666666,0.5,5.070513334013286,0.1102941176470588,38.494957031385376,1.0,over_connected,3
湖南,GeoDisk-Final,disk,CEG2000_f4_r0018_c0094,True,3,6,3,0.5,1.0,0.6666666666666666,0.5,3.8526836480083233,0.1102941176470588,18.33107684234256,1.0,over_connected,4
湖南,GeoDisk-Final,disk,CEG2000_f4_r0018_c0099,True,3,6,3,0.5,1.0,0.6666666666666666,0.5,2.0597776729464874,0.0955882352941177,15.863117711442788,1.0,over_connected,5
湖南,GeoDisk-Final,disk,CEG2000_f4_r0016_c0094,True,2,4,2,0.5,1.0,0.6666666666666666,0.5,8.897007306463788,0.1470588235294118,35.745450365865366,1.0,over_connected,6
湖南,GeoDisk-Final,disk,CEG2000_f4_r0019_c0091,True,2,4,2,0.5,1.0,0.6666666666666666,0.5,3.507947520346618,0.0294117647058823,30.21543601651581,1.0,over_connected,7
湖南,GeoDisk-Final,disk,CEG2000_f4_r0028_c0099,True,2,4,2,0.5,1.0,0.6666666666666666,0.5,1.2216364050849031,0.051470588235294,22.895326151011112,1.0,over_connected,8
湖南,GeoDisk-Final,disk,CEG2000_f4_r0027_c0089,True,2,4,2,0.5,1.0,0.6666666666666666,0.5,0.0894226392793529,0.0220588235294117,16.64311708980583,1.0,over_connected,9
湖南,GeoDisk-Final,disk,CEG2000_f4_r0024_c0100,True,2,4,2,0.5,1.0,0.6666666666666666,0.5,2.395703136940951,0.0294117647058823,14.17941791780052,1.0,over_connected,10
福建,GeoAnnulus-Final,annulus,CEG2000_f4_r0019_c0111,False,4,3,1,0.3333333333333333,0.25,0.2857142857142857,0.1666666666666666,5.479263729751862,0.0547945205479452,40.24454700255858,,mixed_lost_and_new,1
福建,GeoAnnulus-Final,annulus,CEG2000_f4_r0019_c0110,False,4,3,1,0.3333333333333333,0.25,0.2857142857142857,0.1666666666666666,0.7772390352754058,0.0547945205479452,23.003494922461147,,mixed_lost_and_new,2
福建,GeoAnnulus-Final,annulus,CEG2000_f4_r0019_c0112,False,4,2,2,0.5,0.25,0.3333333333333333,0.2,4.536135774425074,0.0136986301369863,32.25729634610954,,mixed_lost_and_new,3
福建,GeoAnnulus-Final,annulus,CEG2000_f4_r0020_c0111,False,4,4,0,0.5,0.5,0.5,0.3333333333333333,3.631386555603884,0.0,33.75916847145153,,mixed_lost_and_new,4
福建,GeoAnnulus-Final,annulus,CEG2000_f4_r0020_c0112,False,4,4,0,0.5,0.5,0.5,0.3333333333333333,0.7508906723639028,0.0,21.353289770306763,1.0,mixed_lost_and_new,5
福建,GeoAnnulus-Final,annulus,CEG2000_f4_r0018_c0111,False,4,4,0,0.5,0.5,0.5,0.3333333333333333,3.492594905192874,0.0136986301369863,12.5895779886431,1.0,mixed_lost_and_new,6
福建,GeoAnnulus-Final,annulus,CEG2000_f4_r0018_c0110,False,4,3,1,0.6666666666666666,0.5,0.5714285714285715,0.4,1.7518498912857456,0.0,31.19731513704225,0.0,mixed_lost_and_new,7
福建,GeoAnnulus-Final,annulus,CEG2000_f4_r0020_c0110,False,4,3,1,0.6666666666666666,0.5,0.5714285714285715,0.4,1.7809103214171127,0.0410958904109589,24.976730712783674,1.0,mixed_lost_and_new,8
福建,GeoAnnulus-Final,annulus,CEG2000_f4_r0018_c0112,False,4,5,1,0.6,0.75,0.6666666666666665,0.5,0.0021218401764785,0.0273972602739726,15.181288936487444,1.0,mixed_lost_and_new,9
福建,GeoAnnulus-Final,annulus,CEG2000_f4_r0021_c0112,False,4,7,3,0.5714285714285714,1.0,0.7272727272727273,0.5714285714285714,0.8333197644415911,0.0547945205479452,10.834109337104683,1.0,over_connected,10
福建,GeoAnnulus-Final,annulus,CEG2000_f4_r0022_c0116,True,1,3,2,0.3333333333333333,1.0,0.5,0.3333333333333333,2.0381426429854264,0.0273972602739726,55.242901347833545,,over_connected,1
福建,GeoAnnulus-Final,annulus,CEG2000_f4_r0021_c0115,True,2,5,3,0.4,1.0,0.5714285714285715,0.4,1.3638864591875646,0.0547945205479452,4.403911964105778,1.0,over_connected,2
福建,GeoAnnulus-Final,annulus,CEG2000_f4_r0020_c0114,True,3,6,3,0.5,1.0,0.6666666666666666,0.5,1.6513981361107044,0.2602739726027397,19.74945313168674,1.0,over_connected,3
福建,GeoAnnulus-Final,annulus,CEG2000_f4_r0014_c0110,True,2,4,2,0.5,1.0,0.6666666666666666,0.5,0.8432697205723201,0.1506849315068492,26.24510808302195,1.0,over_connected,4
福建,GeoAnnulus-Final,annulus,CEG2000_f4_r0015_c0111,True,2,4,2,0.5,1.0,0.6666666666666666,0.5,2.320552008113788,0.0821917808219178,23.03105921950093,1.0,over_connected,5
福建,GeoAnnulus-Final,annulus,CEG2000_f4_r0017_c0113,True,2,4,2,0.5,1.0,0.6666666666666666,0.5,1.9915071638217856,0.0821917808219178,5.815968785613455,1.0,over_connected,6
福建,GeoAnnulus-Final,annulus,CEG2000_f4_r0022_c0114,True,3,5,2,0.6,1.0,0.7499999999999999,0.6,2.409824888176237,0.0,17.492499806136053,0.6666666666666666,over_connected,7
福建,GeoAnnulus-Final,annulus,CEG2000_f4_r0023_c0108,True,2,3,1,0.6666666666666666,1.0,0.8,0.6666666666666666,0.129431173717705,0.0684931506849314,33.25088856398437,1.0,over_connected,8
福建,GeoAnnulus-Final,annulus,CEG2000_f4_r0024_c0112,True,2,3,1,0.6666666666666666,1.0,0.8,0.6666666666666666,0.3913378693592627,0.0958904109589041,31.02077803286513,1.0,over_connected,9
福建,GeoAnnulus-Final,annulus,CEG2000_f4_r0013_c0108,True,2,3,1,0.6666666666666666,1.0,0.8,0.6666666666666666,1.1338704991691806,0.0136986301369862,26.711872638693254,1.0,over_connected,10
福建,GeoDisk-Final,disk,CEG2000_f4_r0021_c0113,False,4,7,3,0.5714285714285714,1.0,0.7272727272727273,0.5714285714285714,2.81253274115592,0.0136986301369863,11.049266013993329,0.8,over_connected,1
福建,GeoDisk-Final,disk,CEG2000_f4_r0016_c0110,False,4,7,3,0.5714285714285714,1.0,0.7272727272727273,0.5714285714285714,2.8951369048189295,0.0547945205479452,10.657553889871185,1.0,over_connected,2
福建,GeoDisk-Final,disk,CEG2000_f4_r0022_c0111,False,4,7,3,0.5714285714285714,1.0,0.7272727272727273,0.5714285714285714,1.023416546723937,0.0,8.45868998307421,1.0,over_connected,3
福建,GeoDisk-Final,disk,CEG2000_f4_r0018_c0108,False,4,7,3,0.5714285714285714,1.0,0.7272727272727273,0.5714285714285714,0.6054281939052141,0.0684931506849315,8.181669998670618,1.0,over_connected,4
福建,GeoDisk-Final,disk,CEG2000_f4_r0019_c0111,False,4,7,3,0.5714285714285714,1.0,0.7272727272727273,0.5714285714285714,40.58961284398081,0.0,7.129286429054654,1.0,over_connected,5
福建,GeoDisk-Final,disk,CEG2000_f4_r0020_c0112,False,4,7,3,0.5714285714285714,1.0,0.7272727272727273,0.5714285714285714,5.394833243825834,0.0136986301369863,5.738630569046292,1.0,over_connected,6
福建,GeoDisk-Final,disk,CEG2000_f4_r0021_c0110,False,4,7,3,0.5714285714285714,1.0,0.7272727272727273,0.5714285714285714,0.0103315792553894,0.0273972602739726,5.378351677044925,1.0,over_connected,7
福建,GeoDisk-Final,disk,CEG2000_f4_r0020_c0109,False,4,7,3,0.5714285714285714,1.0,0.7272727272727273,0.5714285714285714,0.7345427816848231,0.0684931506849315,4.676634012933045,1.0,over_connected,8
福建,GeoDisk-Final,disk,CEG2000_f4_r0022_c0110,False,4,7,3,0.5714285714285714,1.0,0.7272727272727273,0.5714285714285714,0.5416531610598937,0.0684931506849315,1.5651242140278243,0.8,over_connected,9
福建,GeoDisk-Final,disk,CEG2000_f4_r0014_c0109,False,4,6,2,0.6666666666666666,1.0,0.8,0.6666666666666666,0.0352190033502168,0.0410958904109588,20.904849621067733,0.8333333333333334,over_connected,10
福建,GeoDisk-Final,disk,CEG2000_f4_r0022_c0116,True,1,3,2,0.3333333333333333,1.0,0.5,0.3333333333333333,5.141670830271731,0.0821917808219178,46.62685267963585,,over_connected,1
福建,GeoDisk-Final,disk,CEG2000_f4_r0022_c0113,True,3,7,4,0.4285714285714285,1.0,0.6,0.4285714285714285,0.1714627991588985,0.0136986301369863,27.09470419149804,0.6666666666666666,over_connected,2
福建,GeoDisk-Final,disk,CEG2000_f4_r0020_c0114,True,3,7,4,0.4285714285714285,1.0,0.6,0.4285714285714285,3.7483939178306462,0.2191780821917808,19.87348191668261,1.0,over_connected,3
福建,GeoDisk-Final,disk,CEG2000_f4_r0023_c0112,True,3,6,3,0.5,1.0,0.6666666666666666,0.5,0.9144922575170404,0.0684931506849315,8.648641838678051,0.6666666666666666,over_connected,4
福建,GeoDisk-Final,disk,CEG2000_f4_r0015_c0111,True,2,4,2,0.5,1.0,0.6666666666666666,0.5,3.011960262417878,0.0821917808219178,30.098904082045095,1.0,over_connected,5
福建,GeoDisk-Final,disk,CEG2000_f4_r0021_c0115,True,2,4,2,0.5,1.0,0.6666666666666666,0.5,3.4960361769374044,0.0684931506849315,27.101956858969007,1.0,over_connected,6
福建,GeoDisk-Final,disk,CEG2000_f4_r0014_c0110,True,2,4,2,0.5,1.0,0.6666666666666666,0.5,1.5962866705402865,0.1780821917808218,25.941584101531365,1.0,over_connected,7
福建,GeoDisk-Final,disk,CEG2000_f4_r0016_c0112,True,2,4,2,0.5,1.0,0.6666666666666666,0.5,1.927792220347306,0.0821917808219178,20.61715843985284,1.0,over_connected,8
福建,GeoDisk-Final,disk,CEG2000_f4_r0017_c0113,True,2,4,2,0.5,1.0,0.6666666666666666,0.5,1.9029339664147684,0.1643835616438356,19.499248775731644,1.0,over_connected,9
福建,GeoDisk-Final,disk,CEG2000_f4_r0024_c0111,True,2,4,2,0.5,1.0,0.6666666666666666,0.5,0.3423245224467746,0.0273972602739726,18.7206573172018,1.0,over_connected,10
