region,method,view,reference_policy,inclusion_threshold,cell_count,mean_inclusion_fraction,adj_precision,adj_recall,adj_f1,original_edge_count,display_edge_count,preserved_edge_count,lost_edge_count,new_edge_count,np2
湖北,Direct Polar,disk,full_macro_cell,0.0,130,0.8376791360762732,0.7124600638977636,0.9911111111111112,0.8289962825278812,225,313,223,2,90,0.7113096230394993
湖北,Direct Polar,annulus,full_macro_cell,0.0,130,0.8376791360762732,0.6696428571428571,1.0,0.802139037433155,225,336,225,0,111,0.6829594587757245
湖北,Harmonic,disk,full_macro_cell,0.0,130,0.8376791360762732,0.5542168674698795,0.8177777777777778,0.6606822262118491,225,332,184,41,148,0.5555089261360423
湖北,Harmonic,annulus,full_macro_cell,0.0,130,0.8376791360762732,0.5379746835443038,0.7555555555555555,0.6284658040665434,225,316,170,55,146,0.5346873303331777
湖北,Area-balanced,disk,full_macro_cell,0.0,130,0.8376791360762732,0.5619596541786743,0.8666666666666667,0.6818181818181819,225,347,195,30,152,0.5527420763285023
湖北,Area-balanced,annulus,full_macro_cell,0.0,130,0.8376791360762732,0.49240121580547114,0.72,0.5848375451263538,225,329,162,63,167,0.5167574305777243
湖北,Regular Topology,disk,full_macro_cell,0.0,130,0.8376791360762732,0.3690205011389522,0.72,0.4879518072289156,225,439,162,63,277,0.3896436986873666
湖北,Regular Topology,annulus,full_macro_cell,0.0,130,0.8376791360762732,0.4341317365269461,0.6444444444444445,0.5187835420393561,225,334,145,80,189,0.41427942368569276
湖北,GeoDisk,disk,full_macro_cell,0.0,130,0.8376791360762732,0.4676056338028169,0.7377777777777778,0.5724137931034483,225,355,166,59,189,0.44952997032326264
湖北,GeoAnnulus,annulus,full_macro_cell,0.0,130,0.8376791360762732,0.48598130841121495,0.6933333333333334,0.5714285714285714,225,321,156,69,165,0.4798701381310336
湖北,GeoDisk-Final,disk,full_macro_cell,0.0,130,0.8376791360762732,0.6114285714285714,0.9511111111111111,0.7443478260869564,225,350,214,11,136,0.6127335906333883
湖北,GeoAnnulus-Final,annulus,full_macro_cell,0.0,130,0.8376791360762732,0.5975609756097561,0.8711111111111111,0.7088607594936708,225,328,196,29,132,0.5965785802050131
湖北,Direct Polar,disk,province_clipped,0.0,130,0.8376791360762732,0.6006389776357828,0.8209606986899564,0.6937269372693727,229,313,188,41,125,0.44220620716736503
湖北,Direct Polar,annulus,province_clipped,0.0,130,0.8376791360762732,0.5744047619047619,0.8427947598253275,0.6831858407079645,229,336,193,36,143,0.42126633583796
湖北,Harmonic,disk,province_clipped,0.0,130,0.8376791360762732,0.47289156626506024,0.6855895196506551,0.5597147950089126,229,332,157,72,175,0.3479300966635037
湖北,Harmonic,annulus,province_clipped,0.0,130,0.8376791360762732,0.47468354430379744,0.6550218340611353,0.5504587155963303,229,316,150,79,166,0.35862967331865203
湖北,Area-balanced,disk,province_clipped,0.0,130,0.8376791360762732,0.4755043227665706,0.7205240174672489,0.5729166666666667,229,347,165,64,182,0.36301548895281094
湖北,Area-balanced,annulus,province_clipped,0.0,130,0.8376791360762732,0.44072948328267475,0.6331877729257642,0.5197132616487455,229,329,145,84,184,0.3506429077435502
湖北,Regular Topology,disk,province_clipped,0.0,130,0.8376791360762732,0.31890660592255127,0.611353711790393,0.41916167664670656,229,439,140,89,299,0.2622120018350821
湖北,Regular Topology,annulus,province_clipped,0.0,130,0.8376791360762732,0.3652694610778443,0.5327510917030568,0.433392539964476,229,334,122,107,212,0.2832583152644913
湖北,GeoDisk,disk,province_clipped,0.0,130,0.8376791360762732,0.39436619718309857,0.611353711790393,0.47945205479452047,229,355,140,89,215,0.2929705677866965
湖北,GeoAnnulus,annulus,province_clipped,0.0,130,0.8376791360762732,0.4205607476635514,0.5895196506550219,0.49090909090909085,229,321,135,94,186,0.32795408149202265
湖北,GeoDisk-Final,disk,province_clipped,0.0,130,0.8376791360762732,0.52,0.7947598253275109,0.6286701208981003,229,350,182,47,168,0.3940586649835617
湖北,GeoAnnulus-Final,annulus,province_clipped,0.0,130,0.8376791360762732,0.5304878048780488,0.759825327510917,0.6247755834829444,229,328,174,55,154,0.3919588116702595
湖北,Direct Polar,disk,full_macro_cell,0.25,127,0.8523311181461536,0.7114754098360656,0.9908675799086758,0.8282442748091602,219,305,217,2,88,0.710250849427125
湖北,Direct Polar,annulus,full_macro_cell,0.25,127,0.8523311181461536,0.6676829268292683,1.0,0.8007312614259599,219,328,219,0,109,0.6818608537179514
湖北,Harmonic,disk,full_macro_cell,0.25,127,0.8523311181461536,0.557632398753894,0.817351598173516,0.662962962962963,219,321,179,40,142,0.5571440364682266
湖北,Harmonic,annulus,full_macro_cell,0.25,127,0.8523311181461536,0.5409836065573771,0.7534246575342466,0.6297709923664122,219,305,165,54,140,0.5346338611685364
湖北,Area-balanced,disk,full_macro_cell,0.25,127,0.8523311181461536,0.5621301775147929,0.867579908675799,0.682226211849192,219,338,190,29,148,0.5526690987447433
湖北,Area-balanced,annulus,full_macro_cell,0.25,127,0.8523311181461536,0.4921135646687697,0.7123287671232876,0.582089552238806,219,317,156,63,161,0.5161421629401842
湖北,Regular Topology,disk,full_macro_cell,0.25,127,0.8523311181461536,0.36596736596736595,0.7168949771689498,0.4845679012345679,219,429,157,62,272,0.38732257157485617
湖北,Regular Topology,annulus,full_macro_cell,0.25,127,0.8523311181461536,0.43209876543209874,0.639269406392694,0.5156537753222836,219,324,140,79,184,0.41266890322102506
湖北,GeoDisk,disk,full_macro_cell,0.25,127,0.8523311181461536,0.4678362573099415,0.730593607305936,0.5704099821746881,219,342,160,59,182,0.4545521524377561
湖北,GeoAnnulus,annulus,full_macro_cell,0.25,127,0.8523311181461536,0.4854368932038835,0.684931506849315,0.5681818181818182,219,309,150,69,159,0.47828148446756574
湖北,GeoDisk-Final,disk,full_macro_cell,0.25,127,0.8523311181461536,0.6153846153846154,0.9497716894977168,0.7468581687612208,219,338,208,11,130,0.6209874600424563
湖北,GeoAnnulus-Final,annulus,full_macro_cell,0.25,127,0.8523311181461536,0.5974842767295597,0.867579908675799,0.707635009310987,219,318,190,29,128,0.596223698499945
湖北,Direct Polar,disk,province_clipped,0.25,127,0.8523311181461536,0.6,0.8169642857142857,0.6918714555765595,224,305,183,41,122,0.4378731216151446
湖北,Direct Polar,annulus,province_clipped,0.25,127,0.8523311181461536,0.573170731707317,0.8392857142857143,0.6811594202898551,224,328,188,36,140,0.41545279602098056
湖北,Harmonic,disk,province_clipped,0.25,127,0.8523311181461536,0.4766355140186916,0.6830357142857143,0.5614678899082568,224,321,153,71,168,0.3436268337907133
湖北,Harmonic,annulus,province_clipped,0.25,127,0.8523311181461536,0.4786885245901639,0.6517857142857143,0.551984877126654,224,305,146,78,159,0.3540159521053772
湖北,Area-balanced,disk,province_clipped,0.25,127,0.8523311181461536,0.47633136094674555,0.71875,0.5729537366548043,224,338,161,63,177,0.3573633962311871
湖北,Area-balanced,annulus,province_clipped,0.25,127,0.8523311181461536,0.4416403785488959,0.625,0.5175600739371534,224,317,140,84,177,0.3429567453087352
湖北,Regular Topology,disk,province_clipped,0.25,127,0.8523311181461536,0.3146853146853147,0.6026785714285714,0.41347626339969373,224,429,135,89,294,0.2538671678423292
湖北,Regular Topology,annulus,province_clipped,0.25,127,0.8523311181461536,0.3611111111111111,0.5223214285714286,0.42700729927007297,224,324,117,107,207,0.27541063828188195
湖北,GeoDisk,disk,province_clipped,0.25,127,0.8523311181461536,0.39473684210526316,0.6026785714285714,0.4770318021201413,224,342,135,89,207,0.2868588532536692
湖北,GeoAnnulus,annulus,province_clipped,0.25,127,0.8523311181461536,0.42071197411003236,0.5803571428571429,0.4878048780487805,224,309,130,94,179,0.31980644610105075
湖北,GeoDisk-Final,disk,province_clipped,0.25,127,0.8523311181461536,0.5236686390532544,0.7901785714285714,0.6298932384341637,224,338,177,47,161,0.3877127457430574
湖北,GeoAnnulus-Final,annulus,province_clipped,0.25,127,0.8523311181461536,0.5314465408805031,0.7544642857142857,0.6236162361623616,224,318,169,55,149,0.3850550702052664
湖北,Direct Polar,disk,full_macro_cell,0.5,109,0.9343881091549101,0.736,0.9945945945945946,0.8459770114942529,185,250,184,1,66,0.7413183669702259
湖北,Direct Polar,annulus,full_macro_cell,0.5,109,0.9343881091549101,0.6826568265682657,1.0,0.8114035087719299,185,271,185,0,86,0.7057474011530362
湖北,Harmonic,disk,full_macro_cell,0.5,109,0.9343881091549101,0.596958174904943,0.8486486486486486,0.7008928571428571,185,263,157,28,106,0.5944744617189017
湖北,Harmonic,annulus,full_macro_cell,0.5,109,0.9343881091549101,0.5766129032258065,0.772972972972973,0.6605080831408776,185,248,143,42,105,0.5681518018531965
湖北,Area-balanced,disk,full_macro_cell,0.5,109,0.9343881091549101,0.5878136200716846,0.8864864864864865,0.7068965517241379,185,279,164,21,115,0.5749748437704051
湖北,Area-balanced,annulus,full_macro_cell,0.5,109,0.9343881091549101,0.5019305019305019,0.7027027027027027,0.5855855855855856,185,259,130,55,129,0.5344611833151507
湖北,Regular Topology,disk,full_macro_cell,0.5,109,0.9343881091549101,0.371900826446281,0.7297297297297297,0.49270072992700725,185,363,135,50,228,0.39554331157806116
湖北,Regular Topology,annulus,full_macro_cell,0.5,109,0.9343881091549101,0.4573643410852713,0.6378378378378379,0.5327313769751693,185,258,118,67,140,0.42815273301324747
湖北,GeoDisk,disk,full_macro_cell,0.5,109,0.9343881091549101,0.48056537102473496,0.7351351351351352,0.5811965811965812,185,283,136,49,147,0.46318187081038276
湖北,GeoAnnulus,annulus,full_macro_cell,0.5,109,0.9343881091549101,0.4959677419354839,0.6648648648648648,0.5681293302540416,185,248,123,62,125,0.4880540647689226
湖北,GeoDisk-Final,disk,full_macro_cell,0.5,109,0.9343881091549101,0.64,0.9513513513513514,0.7652173913043478,185,275,176,9,99,0.6454747394382979
湖北,GeoAnnulus-Final,annulus,full_macro_cell,0.5,109,0.9343881091549101,0.6115384615384616,0.8594594594594595,0.7146067415730337,185,260,159,26,101,0.6207008434832446
湖北,Direct Polar,disk,province_clipped,0.5,109,0.9343881091549101,0.616,0.8148148148148148,0.7015945330296127,189,250,154,35,96,0.4504712073256681
湖北,Direct Polar,annulus,province_clipped,0.5,109,0.9343881091549101,0.5830258302583026,0.8359788359788359,0.6869565217391305,189,271,158,31,113,0.4269095430919722
湖北,Harmonic,disk,province_clipped,0.5,109,0.9343881091549101,0.5019011406844106,0.6984126984126984,0.5840707964601769,189,263,132,57,131,0.36663888652981735
湖北,Harmonic,annulus,province_clipped,0.5,109,0.9343881091549101,0.5040322580645161,0.6613756613756614,0.5720823798627003,189,248,125,64,123,0.3800841341746159
湖北,Area-balanced,disk,province_clipped,0.5,109,0.9343881091549101,0.4946236559139785,0.7301587301587301,0.5897435897435896,189,279,138,51,141,0.36822094097257696
湖北,Area-balanced,annulus,province_clipped,0.5,109,0.9343881091549101,0.44787644787644787,0.6137566137566137,0.5178571428571428,189,259,116,73,143,0.35277296296062954
湖北,Regular Topology,disk,province_clipped,0.5,109,0.9343881091549101,0.31955922865013775,0.6137566137566137,0.4202898550724638,189,363,116,73,247,0.2582932878656755
湖北,Regular Topology,annulus,province_clipped,0.5,109,0.9343881091549101,0.3798449612403101,0.5185185185185185,0.4384787472035794,189,258,98,91,160,0.2872113466061706
湖北,GeoDisk,disk,province_clipped,0.5,109,0.9343881091549101,0.40636042402826855,0.6084656084656085,0.4872881355932203,189,283,115,74,168,0.2952365673996532
湖北,GeoAnnulus,annulus,province_clipped,0.5,109,0.9343881091549101,0.4274193548387097,0.5608465608465608,0.4851258581235698,189,248,106,83,142,0.32457284406009096
湖北,GeoDisk-Final,disk,province_clipped,0.5,109,0.9343881091549101,0.5418181818181819,0.7883597883597884,0.6422413793103448,189,275,149,40,126,0.39767705341061244
湖北,GeoAnnulus-Final,annulus,province_clipped,0.5,109,0.9343881091549101,0.55,0.7566137566137566,0.6369710467706015,189,260,143,46,117,0.40399844769073784
湖北,Direct Polar,disk,full_macro_cell,0.75,93,0.9819846918977557,0.7298578199052133,1.0,0.8438356164383561,154,211,154,0,57,0.7316216514546187
湖北,Direct Polar,annulus,full_macro_cell,0.75,93,0.9819846918977557,0.6724890829694323,1.0,0.804177545691906,154,229,154,0,75,0.6886687596309653
湖北,Harmonic,disk,full_macro_cell,0.75,93,0.9819846918977557,0.6157407407407407,0.8636363636363636,0.718918918918919,154,216,133,21,83,0.5968510223441312
湖北,Harmonic,annulus,full_macro_cell,0.75,93,0.9819846918977557,0.5920398009950248,0.7727272727272727,0.6704225352112675,154,201,119,35,82,0.5602707481864577
湖北,Area-balanced,disk,full_macro_cell,0.75,93,0.9819846918977557,0.5921052631578947,0.8766233766233766,0.7068062827225131,154,228,135,19,93,0.587448618614353
湖北,Area-balanced,annulus,full_macro_cell,0.75,93,0.9819846918977557,0.49056603773584906,0.6753246753246753,0.5683060109289617,154,212,104,50,108,0.5281664175777372
湖北,Regular Topology,disk,full_macro_cell,0.75,93,0.9819846918977557,0.3503184713375796,0.7142857142857143,0.4700854700854701,154,314,110,44,204,0.3984807251198017
湖北,Regular Topology,annulus,full_macro_cell,0.75,93,0.9819846918977557,0.4449760765550239,0.6038961038961039,0.5123966942148761,154,209,93,61,116,0.43528128047627695
湖北,GeoDisk,disk,full_macro_cell,0.75,93,0.9819846918977557,0.4782608695652174,0.7142857142857143,0.5729166666666667,154,230,110,44,120,0.482178233226148
湖北,GeoAnnulus,annulus,full_macro_cell,0.75,93,0.9819846918977557,0.47783251231527096,0.6298701298701299,0.5434173669467788,154,203,97,57,106,0.4721957471308316
湖北,GeoDisk-Final,disk,full_macro_cell,0.75,93,0.9819846918977557,0.6419213973799127,0.9545454545454546,0.7676240208877285,154,229,147,7,82,0.6565079414928416
湖北,GeoAnnulus-Final,annulus,full_macro_cell,0.75,93,0.9819846918977557,0.6093023255813953,0.8506493506493507,0.7100271002710028,154,215,131,23,84,0.6107809497540347
湖北,Direct Polar,disk,province_clipped,0.75,93,0.9819846918977557,0.6113744075829384,0.8376623376623377,0.7068493150684931,154,211,129,25,82,0.44074632354119025
湖北,Direct Polar,annulus,province_clipped,0.75,93,0.9819846918977557,0.5676855895196506,0.8441558441558441,0.6788511749347258,154,229,130,24,99,0.4130576612977752
湖北,Harmonic,disk,province_clipped,0.75,93,0.9819846918977557,0.5138888888888888,0.7207792207792207,0.6,154,216,111,43,105,0.37653052128359227
湖北,Harmonic,annulus,province_clipped,0.75,93,0.9819846918977557,0.5174129353233831,0.6753246753246753,0.5859154929577465,154,201,104,50,97,0.3952514754285496
湖北,Area-balanced,disk,province_clipped,0.75,93,0.9819846918977557,0.4868421052631579,0.7207792207792207,0.581151832460733,154,228,111,43,117,0.36574711925630726
湖北,Area-balanced,annulus,province_clipped,0.75,93,0.9819846918977557,0.4386792452830189,0.6038961038961039,0.5081967213114754,154,212,93,61,119,0.3631192291788409
湖北,Regular Topology,disk,province_clipped,0.75,93,0.9819846918977557,0.3057324840764331,0.6233766233766234,0.4102564102564103,154,314,96,58,218,0.2568329680663042
湖北,Regular Topology,annulus,province_clipped,0.75,93,0.9819846918977557,0.37320574162679426,0.5064935064935064,0.42975206611570244,154,209,78,76,131,0.29192672680138976
湖北,GeoDisk,disk,province_clipped,0.75,93,0.9819846918977557,0.4043478260869565,0.6038961038961039,0.48437499999999994,154,230,93,61,137,0.3081221442256124
湖北,GeoAnnulus,annulus,province_clipped,0.75,93,0.9819846918977557,0.41379310344827586,0.5454545454545454,0.47058823529411764,154,203,84,70,119,0.3263047753759828
湖北,GeoDisk-Final,disk,province_clipped,0.75,93,0.9819846918977557,0.5327510917030568,0.7922077922077922,0.6370757180156658,154,229,122,32,107,0.39368594375623284
湖北,GeoAnnulus-Final,annulus,province_clipped,0.75,93,0.9819846918977557,0.5488372093023256,0.7662337662337663,0.6395663956639567,154,215,118,36,97,0.4048052974606607
湖南,Direct Polar,disk,full_macro_cell,0.0,137,0.8708271344185547,0.7619047619047619,0.9917355371900827,0.8617594254937163,242,315,240,2,75,0.7617867128816034
湖南,Direct Polar,annulus,full_macro_cell,0.0,137,0.8708271344185547,0.7038123167155426,0.9917355371900827,0.823327615780446,242,341,240,2,101,0.7146751853701979
湖南,Harmonic,disk,full_macro_cell,0.0,137,0.8708271344185547,0.6454293628808865,0.9628099173553719,0.7728026533996684,242,361,233,9,128,0.6580558897147788
湖南,Harmonic,annulus,full_macro_cell,0.0,137,0.8708271344185547,0.6242603550295858,0.871900826446281,0.7275862068965517,242,338,211,31,127,0.6257124398053416
湖南,Area-balanced,disk,full_macro_cell,0.0,137,0.8708271344185547,0.6294277929155313,0.9545454545454546,0.7586206896551725,242,367,231,11,136,0.6371082453750078
湖南,Area-balanced,annulus,full_macro_cell,0.0,137,0.8708271344185547,0.5804597701149425,0.8347107438016529,0.6847457627118645,242,348,202,40,146,0.5934783434484006
湖南,Regular Topology,disk,full_macro_cell,0.0,137,0.8708271344185547,0.4351648351648352,0.8181818181818182,0.5681492109038738,242,455,198,44,257,0.4564745564413022
湖南,Regular Topology,annulus,full_macro_cell,0.0,137,0.8708271344185547,0.5071225071225072,0.7355371900826446,0.6003372681281619,242,351,178,64,173,0.48915729885754144
湖南,GeoDisk,disk,full_macro_cell,0.0,137,0.8708271344185547,0.5308310991957105,0.8181818181818182,0.6439024390243903,242,373,198,44,175,0.5589203613203685
湖南,GeoAnnulus,annulus,full_macro_cell,0.0,137,0.8708271344185547,0.5441176470588235,0.7644628099173554,0.6357388316151202,242,340,185,57,155,0.550706937930108
湖南,GeoDisk-Final,disk,full_macro_cell,0.0,137,0.8708271344185547,0.6584699453551912,0.9958677685950413,0.7927631578947367,242,366,241,1,125,0.6592319911826815
湖南,GeoAnnulus-Final,annulus,full_macro_cell,0.0,137,0.8708271344185547,0.6491228070175439,0.9173553719008265,0.7602739726027398,242,342,222,20,120,0.6511536841851411
湖南,Direct Polar,disk,province_clipped,0.0,137,0.8708271344185547,0.6476190476190476,0.796875,0.7145359019264449,256,315,204,52,111,0.4677361470671227
湖南,Direct Polar,annulus,province_clipped,0.0,137,0.8708271344185547,0.6070381231671554,0.80859375,0.6934673366834171,256,341,207,49,134,0.4437659636344411
湖南,Harmonic,disk,province_clipped,0.0,137,0.8708271344185547,0.5761772853185596,0.8125,0.6742301458670988,256,361,208,48,153,0.4280472438669429
湖南,Harmonic,annulus,province_clipped,0.0,137,0.8708271344185547,0.5562130177514792,0.734375,0.632996632996633,256,338,188,68,150,0.40623496668279
湖南,Area-balanced,disk,province_clipped,0.0,137,0.8708271344185547,0.5694822888283378,0.81640625,0.6709470304975922,256,367,209,47,158,0.41691267770955975
湖南,Area-balanced,annulus,province_clipped,0.0,137,0.8708271344185547,0.5402298850574713,0.734375,0.6225165562913907,256,348,188,68,160,0.3943690081193606
湖南,Regular Topology,disk,province_clipped,0.0,137,0.8708271344185547,0.3912087912087912,0.6953125,0.5007032348804501,256,455,178,78,277,0.31378903122328633
湖南,Regular Topology,annulus,province_clipped,0.0,137,0.8708271344185547,0.46438746438746437,0.63671875,0.5370675453047776,256,351,163,93,188,0.3362941205961432
湖南,GeoDisk,disk,province_clipped,0.0,137,0.8708271344185547,0.5013404825737265,0.73046875,0.5945945945945946,256,373,187,69,186,0.3862736881277132
湖南,GeoAnnulus,annulus,province_clipped,0.0,137,0.8708271344185547,0.5058823529411764,0.671875,0.5771812080536912,256,340,172,84,168,0.36961729979326735
湖南,GeoDisk-Final,disk,province_clipped,0.0,137,0.8708271344185547,0.587431693989071,0.83984375,0.6913183279742765,256,366,215,41,151,0.43392914350519823
湖南,GeoAnnulus-Final,annulus,province_clipped,0.0,137,0.8708271344185547,0.5818713450292398,0.77734375,0.6655518394648828,256,342,199,57,143,0.42690394241008917
湖南,Direct Polar,disk,full_macro_cell,0.25,134,0.885268948203662,0.7662337662337663,0.9915966386554622,0.8644688644688645,238,308,236,2,72,0.7679514612789415
湖南,Direct Polar,annulus,full_macro_cell,0.25,134,0.885268948203662,0.7065868263473054,0.9915966386554622,0.8251748251748252,238,334,236,2,98,0.719133859365942
湖南,Harmonic,disk,full_macro_cell,0.25,134,0.885268948203662,0.6542857142857142,0.9621848739495799,0.7789115646258504,238,350,229,9,121,0.6649450511815351
湖南,Harmonic,annulus,full_macro_cell,0.25,134,0.885268948203662,0.6310975609756098,0.8697478991596639,0.7314487632508834,238,328,207,31,121,0.6298177330835248
湖南,Area-balanced,disk,full_macro_cell,0.25,134,0.885268948203662,0.6358543417366946,0.9537815126050421,0.7630252100840336,238,357,227,11,130,0.6461841376794475
湖南,Area-balanced,annulus,full_macro_cell,0.25,134,0.885268948203662,0.5857988165680473,0.8319327731092437,0.6875,238,338,198,40,140,0.5998292705220527
湖南,Regular Topology,disk,full_macro_cell,0.25,134,0.885268948203662,0.43792325056433407,0.8151260504201681,0.5697503671071954,238,443,194,44,249,0.46300716990301494
湖南,Regular Topology,annulus,full_macro_cell,0.25,134,0.885268948203662,0.5132743362831859,0.7310924369747899,0.6031195840554593,238,339,174,64,165,0.49642161550767755
湖南,GeoDisk,disk,full_macro_cell,0.25,134,0.885268948203662,0.5373961218836565,0.8151260504201681,0.6477462437395659,238,361,194,44,167,0.568426312373628
湖南,GeoAnnulus,annulus,full_macro_cell,0.25,134,0.885268948203662,0.5484848484848485,0.7605042016806722,0.6373239436619719,238,330,181,57,149,0.5555796641054369
湖南,GeoDisk-Final,disk,full_macro_cell,0.25,134,0.885268948203662,0.6620111731843575,0.9957983193277311,0.7953020134228188,238,358,237,1,121,0.6662453756343826
湖南,GeoAnnulus-Final,annulus,full_macro_cell,0.25,134,0.885268948203662,0.6566265060240963,0.9159663865546218,0.7649122807017542,238,332,218,20,114,0.6567061072767832
湖南,Direct Polar,disk,province_clipped,0.25,134,0.885268948203662,0.6525974025974026,0.7976190476190477,0.717857142857143,252,308,201,51,107,0.4723350755942249
湖南,Direct Polar,annulus,province_clipped,0.25,134,0.885268948203662,0.6107784431137725,0.8095238095238095,0.696245733788396,252,334,204,48,130,0.44769331930334194
湖南,Harmonic,disk,province_clipped,0.25,134,0.885268948203662,0.5828571428571429,0.8095238095238095,0.6777408637873753,252,350,204,48,146,0.4335092007530897
湖南,Harmonic,annulus,province_clipped,0.25,134,0.885268948203662,0.5640243902439024,0.7341269841269841,0.6379310344827585,252,328,185,67,143,0.41028713472198364
湖南,Area-balanced,disk,province_clipped,0.25,134,0.885268948203662,0.5742296918767507,0.8134920634920635,0.6732348111658456,252,357,205,47,152,0.42430766614140364
湖南,Area-balanced,annulus,province_clipped,0.25,134,0.885268948203662,0.5443786982248521,0.7301587301587301,0.623728813559322,252,338,184,68,154,0.3989972519558571
湖南,Regular Topology,disk,province_clipped,0.25,134,0.885268948203662,0.3927765237020316,0.6904761904761905,0.5007194244604317,252,443,174,78,269,0.3196905193992889
湖南,Regular Topology,annulus,province_clipped,0.25,134,0.885268948203662,0.4690265486725664,0.6309523809523809,0.5380710659898477,252,339,159,93,180,0.3426994540566128
湖南,GeoDisk,disk,province_clipped,0.25,134,0.885268948203662,0.5069252077562327,0.7261904761904762,0.5970636215334422,252,361,183,69,178,0.39435971660666597
湖南,GeoAnnulus,annulus,province_clipped,0.25,134,0.885268948203662,0.509090909090909,0.6666666666666666,0.5773195876288659,252,330,168,84,162,0.37375508810562647
湖南,GeoDisk-Final,disk,province_clipped,0.25,134,0.885268948203662,0.5893854748603352,0.8373015873015873,0.6918032786885245,252,358,211,41,147,0.43939397298992516
湖南,GeoAnnulus-Final,annulus,province_clipped,0.25,134,0.885268948203662,0.5903614457831325,0.7777777777777778,0.6712328767123287,252,332,196,56,136,0.4343515287319871
湖南,Direct Polar,disk,full_macro_cell,0.5,119,0.9519141467917697,0.7695167286245354,0.9951923076923077,0.8679245283018867,208,269,207,1,62,0.7716079274161328
湖南,Direct Polar,annulus,full_macro_cell,0.5,119,0.9519141467917697,0.7016949152542373,0.9951923076923077,0.823061630218688,208,295,207,1,88,0.7232731913335888
湖南,Harmonic,disk,full_macro_cell,0.5,119,0.9519141467917697,0.67,0.9663461538461539,0.7913385826771654,208,300,201,7,99,0.6712291100091268
湖南,Harmonic,annulus,full_macro_cell,0.5,119,0.9519141467917697,0.6438848920863309,0.8605769230769231,0.7366255144032923,208,278,179,29,99,0.6272572779860682
湖南,Area-balanced,disk,full_macro_cell,0.5,119,0.9519141467917697,0.6407766990291263,0.9519230769230769,0.7659574468085106,208,309,198,10,111,0.6416108413314883
湖南,Area-balanced,annulus,full_macro_cell,0.5,119,0.9519141467917697,0.5862068965517241,0.8173076923076923,0.6827309236947792,208,290,170,38,120,0.5869532622924537
湖南,Regular Topology,disk,full_macro_cell,0.5,119,0.9519141467917697,0.42857142857142855,0.8076923076923077,0.5599999999999999,208,392,168,40,224,0.4553094315422163
湖南,Regular Topology,annulus,full_macro_cell,0.5,119,0.9519141467917697,0.5138888888888888,0.7115384615384616,0.596774193548387,208,288,148,60,140,0.493572709116128
湖南,GeoDisk,disk,full_macro_cell,0.5,119,0.9519141467917697,0.5454545454545454,0.8076923076923077,0.6511627906976744,208,308,168,40,140,0.5682523129105962
湖南,GeoAnnulus,annulus,full_macro_cell,0.5,119,0.9519141467917697,0.5483870967741935,0.7355769230769231,0.6283367556468172,208,279,153,55,126,0.5527821092208921
湖南,GeoDisk-Final,disk,full_macro_cell,0.5,119,0.9519141467917697,0.6655948553054662,0.9951923076923077,0.7976878612716763,208,311,207,1,104,0.669843433884267
湖南,GeoAnnulus-Final,annulus,full_macro_cell,0.5,119,0.9519141467917697,0.6631578947368421,0.9086538461538461,0.766734279918864,208,285,189,19,96,0.6589019930718685
湖南,Direct Polar,disk,province_clipped,0.5,119,0.9519141467917697,0.6579925650557621,0.7937219730941704,0.7195121951219511,223,269,177,46,92,0.4710106794166425
湖南,Direct Polar,annulus,province_clipped,0.5,119,0.9519141467917697,0.6135593220338983,0.8116591928251121,0.6988416988416988,223,295,181,42,114,0.45241715838081326
湖南,Harmonic,disk,province_clipped,0.5,119,0.9519141467917697,0.5966666666666667,0.8026905829596412,0.6845124282982792,223,300,179,44,121,0.4359148126042655
湖南,Harmonic,annulus,province_clipped,0.5,119,0.9519141467917697,0.5755395683453237,0.7174887892376681,0.6387225548902196,223,278,160,63,118,0.40917857270427704
湖南,Area-balanced,disk,province_clipped,0.5,119,0.9519141467917697,0.5760517799352751,0.7982062780269058,0.6691729323308271,223,309,178,45,131,0.4222754051082959
湖南,Area-balanced,annulus,province_clipped,0.5,119,0.9519141467917697,0.5517241379310345,0.7174887892376681,0.6237816764132553,223,290,160,63,130,0.3996156470627683
湖南,Regular Topology,disk,province_clipped,0.5,119,0.9519141467917697,0.3903061224489796,0.6860986547085202,0.49756097560975604,223,392,153,70,239,0.3169714058307665
湖南,Regular Topology,annulus,province_clipped,0.5,119,0.9519141467917697,0.4791666666666667,0.6188340807174888,0.5401174168297456,223,288,138,85,150,0.34311610287569255
湖南,GeoDisk,disk,province_clipped,0.5,119,0.9519141467917697,0.5194805194805194,0.7174887892376681,0.6026365348399246,223,308,160,63,148,0.39814416493007615
湖南,GeoAnnulus,annulus,province_clipped,0.5,119,0.9519141467917697,0.5161290322580645,0.6457399103139013,0.5737051792828685,223,279,144,79,135,0.3758491406192727
湖南,GeoDisk-Final,disk,province_clipped,0.5,119,0.9519141467917697,0.5980707395498392,0.8340807174887892,0.6966292134831461,223,311,186,37,125,0.44036391465951524
湖南,GeoAnnulus-Final,annulus,province_clipped,0.5,119,0.9519141467917697,0.6035087719298246,0.7713004484304933,0.6771653543307087,223,285,172,51,113,0.4406851498384396
湖南,Direct Polar,disk,full_macro_cell,0.75,107,0.9873539799073059,0.7805907172995781,0.9946236559139785,0.8747044917257684,186,237,185,1,52,0.789393246024637
湖南,Direct Polar,annulus,full_macro_cell,0.75,107,0.9873539799073059,0.7061068702290076,0.9946236559139785,0.8258928571428572,186,262,185,1,77,0.7259529964616622
湖南,Harmonic,disk,full_macro_cell,0.75,107,0.9873539799073059,0.6791044776119403,0.978494623655914,0.8017621145374448,186,268,182,4,86,0.6848329151326027
湖南,Harmonic,annulus,full_macro_cell,0.75,107,0.9873539799073059,0.6465863453815262,0.8655913978494624,0.7402298850574712,186,249,161,25,88,0.6315845019506663
湖南,Area-balanced,disk,full_macro_cell,0.75,107,0.9873539799073059,0.6507352941176471,0.9516129032258065,0.7729257641921397,186,272,177,9,95,0.6473907039772465
湖南,Area-balanced,annulus,full_macro_cell,0.75,107,0.9873539799073059,0.5889328063241107,0.8010752688172043,0.6788154897494306,186,253,149,37,104,0.5909963765132885
湖南,Regular Topology,disk,full_macro_cell,0.75,107,0.9873539799073059,0.42178770949720673,0.8118279569892473,0.5551470588235294,186,358,151,35,207,0.4517120847884996
湖南,Regular Topology,annulus,full_macro_cell,0.75,107,0.9873539799073059,0.515748031496063,0.7043010752688172,0.5954545454545455,186,254,131,55,123,0.4958829249156496
湖南,GeoDisk,disk,full_macro_cell,0.75,107,0.9873539799073059,0.5441176470588235,0.7956989247311828,0.6462882096069867,186,272,148,38,124,0.5650931573946729
湖南,GeoAnnulus,annulus,full_macro_cell,0.75,107,0.9873539799073059,0.5537190082644629,0.7204301075268817,0.6261682242990655,186,242,134,52,108,0.5501114604703187
湖南,GeoDisk-Final,disk,full_macro_cell,0.75,107,0.9873539799073059,0.6727272727272727,0.9946236559139785,0.8026030368763556,186,275,185,1,90,0.6827814371425668
湖南,GeoAnnulus-Final,annulus,full_macro_cell,0.75,107,0.9873539799073059,0.6614173228346457,0.9032258064516129,0.7636363636363636,186,254,168,18,86,0.6546796467375299
湖南,Direct Polar,disk,province_clipped,0.75,107,0.9873539799073059,0.6371308016877637,0.7947368421052632,0.7072599531615925,190,237,151,39,86,0.4499432985620452
湖南,Direct Polar,annulus,province_clipped,0.75,107,0.9873539799073059,0.5954198473282443,0.8210526315789474,0.6902654867256637,190,262,156,34,106,0.4329741276071677
湖南,Harmonic,disk,province_clipped,0.75,107,0.9873539799073059,0.5783582089552238,0.8157894736842105,0.6768558951965065,190,268,155,35,113,0.4184409791202853
湖南,Harmonic,annulus,province_clipped,0.75,107,0.9873539799073059,0.5622489959839357,0.7368421052631579,0.6378132118451025,190,249,140,50,109,0.4001934994556736
湖南,Area-balanced,disk,province_clipped,0.75,107,0.9873539799073059,0.5661764705882353,0.8105263157894737,0.6666666666666665,190,272,154,36,118,0.40958760563506363
湖南,Area-balanced,annulus,province_clipped,0.75,107,0.9873539799073059,0.5375494071146245,0.7157894736842105,0.6139954853273137,190,253,136,54,117,0.39343091328168445
湖南,Regular Topology,disk,province_clipped,0.75,107,0.9873539799073059,0.3743016759776536,0.7052631578947368,0.4890510948905109,190,358,134,56,224,0.30445151850272845
湖南,Regular Topology,annulus,province_clipped,0.75,107,0.9873539799073059,0.468503937007874,0.6263157894736842,0.536036036036036,190,254,119,71,135,0.3360102855151465
湖南,GeoDisk,disk,province_clipped,0.75,107,0.9873539799073059,0.4963235294117647,0.7105263157894737,0.5844155844155844,190,272,135,55,137,0.38143707921895553
湖南,GeoAnnulus,annulus,province_clipped,0.75,107,0.9873539799073059,0.5,0.6368421052631579,0.5601851851851852,190,242,121,69,121,0.3689619473707753
湖南,GeoDisk-Final,disk,province_clipped,0.75,107,0.9873539799073059,0.5781818181818181,0.8368421052631579,0.6838709677419353,190,275,159,31,116,0.4249396152860318
湖南,GeoAnnulus-Final,annulus,province_clipped,0.75,107,0.9873539799073059,0.5826771653543307,0.7789473684210526,0.6666666666666665,190,254,148,42,106,0.417290459364618
江西,Direct Polar,disk,full_macro_cell,0.0,107,0.8815051191944699,0.7768595041322314,1.0,0.8744186046511627,188,242,188,0,54,0.7856043915174872
江西,Direct Polar,annulus,full_macro_cell,0.0,107,0.8815051191944699,0.704119850187266,1.0,0.8263736263736264,188,267,188,0,79,0.7301873055573036
江西,Harmonic,disk,full_macro_cell,0.0,107,0.8815051191944699,0.6436363636363637,0.9414893617021277,0.7645788336933046,188,275,177,11,98,0.6541365123414602
江西,Harmonic,annulus,full_macro_cell,0.0,107,0.8815051191944699,0.6168582375478927,0.8563829787234043,0.7171492204899778,188,261,161,27,100,0.6193605544809245
江西,Area-balanced,disk,full_macro_cell,0.0,107,0.8815051191944699,0.6293706293706294,0.9574468085106383,0.759493670886076,188,286,180,8,106,0.6314568654256799
江西,Area-balanced,annulus,full_macro_cell,0.0,107,0.8815051191944699,0.5767790262172284,0.8191489361702128,0.676923076923077,188,267,154,34,113,0.6067188713893092
江西,Regular Topology,disk,full_macro_cell,0.0,107,0.8815051191944699,0.4051724137931034,0.75,0.5261194029850746,188,348,141,47,207,0.4349673420192829
江西,Regular Topology,annulus,full_macro_cell,0.0,107,0.8815051191944699,0.46886446886446886,0.6808510638297872,0.5553145336225597,188,273,128,60,145,0.4621996563350855
江西,GeoDisk,disk,full_macro_cell,0.0,107,0.8815051191944699,0.5454545454545454,0.8297872340425532,0.6582278481012658,188,286,156,32,130,0.5674903102222536
江西,GeoAnnulus,annulus,full_macro_cell,0.0,107,0.8815051191944699,0.55,0.7606382978723404,0.6383928571428571,188,260,143,45,117,0.5661421930273286
江西,GeoDisk-Final,disk,full_macro_cell,0.0,107,0.8815051191944699,0.6619718309859155,1.0,0.7966101694915254,188,284,188,0,96,0.6708418718003222
江西,GeoAnnulus-Final,annulus,full_macro_cell,0.0,107,0.8815051191944699,0.6518518518518519,0.9361702127659575,0.7685589519650656,188,270,176,12,94,0.661353850626803
江西,Direct Polar,disk,province_clipped,0.0,107,0.8815051191944699,0.6570247933884298,0.8412698412698413,0.7378190255220418,189,242,159,30,83,0.45559816916331486
江西,Direct Polar,annulus,province_clipped,0.0,107,0.8815051191944699,0.5955056179775281,0.8412698412698413,0.6973684210526315,189,267,159,30,108,0.42126705897647126
江西,Harmonic,disk,province_clipped,0.0,107,0.8815051191944699,0.5490909090909091,0.798941798941799,0.6508620689655172,189,275,151,38,124,0.4042755861013088
江西,Harmonic,annulus,province_clipped,0.0,107,0.8815051191944699,0.5363984674329502,0.7407407407407407,0.6222222222222222,189,261,140,49,121,0.40109981291026336
江西,Area-balanced,disk,province_clipped,0.0,107,0.8815051191944699,0.541958041958042,0.8201058201058201,0.6526315789473685,189,286,155,34,131,0.3977220952929781
江西,Area-balanced,annulus,province_clipped,0.0,107,0.8815051191944699,0.50187265917603,0.708994708994709,0.587719298245614,189,267,134,55,133,0.3736107589063232
江西,Regular Topology,disk,province_clipped,0.0,107,0.8815051191944699,0.367816091954023,0.6772486772486772,0.4767225325884544,189,348,128,61,220,0.287255302576342
江西,Regular Topology,annulus,province_clipped,0.0,107,0.8815051191944699,0.4139194139194139,0.5978835978835979,0.4891774891774891,189,273,113,76,160,0.3030543455300942
江西,GeoDisk,disk,province_clipped,0.0,107,0.8815051191944699,0.48951048951048953,0.7407407407407407,0.5894736842105263,189,286,140,49,146,0.37496018961215033
江西,GeoAnnulus,annulus,province_clipped,0.0,107,0.8815051191944699,0.47692307692307695,0.656084656084656,0.5523385300668151,189,260,124,65,136,0.3590478973054425
江西,GeoDisk-Final,disk,province_clipped,0.0,107,0.8815051191944699,0.5633802816901409,0.8465608465608465,0.6765327695560254,189,284,160,29,124,0.40839873840076385
江西,GeoAnnulus-Final,annulus,province_clipped,0.0,107,0.8815051191944699,0.5592592592592592,0.798941798941799,0.6579520697167756,189,270,151,38,119,0.40153159329217614
江西,Direct Polar,disk,full_macro_cell,0.25,106,0.8875820578728429,0.7782426778242678,1.0,0.8752941176470588,186,239,186,0,53,0.785927585056842
江西,Direct Polar,annulus,full_macro_cell,0.25,106,0.8875820578728429,0.7045454545454546,1.0,0.8266666666666667,186,264,186,0,78,0.7305766252897365
江西,Harmonic,disk,full_macro_cell,0.25,106,0.8875820578728429,0.6433823529411765,0.9408602150537635,0.7641921397379913,186,272,175,11,97,0.6549516660956054
江西,Harmonic,annulus,full_macro_cell,0.25,106,0.8875820578728429,0.6162790697674418,0.8548387096774194,0.7162162162162162,186,258,159,27,99,0.619847633160914
江西,Area-balanced,disk,full_macro_cell,0.25,106,0.8875820578728429,0.6312056737588653,0.956989247311828,0.7606837606837608,186,282,178,8,104,0.6333936804779494
江西,Area-balanced,annulus,full_macro_cell,0.25,106,0.8875820578728429,0.5779467680608364,0.8172043010752689,0.6770601336302895,186,263,152,34,111,0.6066194188200438
江西,Regular Topology,disk,full_macro_cell,0.25,106,0.8875820578728429,0.40406976744186046,0.7473118279569892,0.5245283018867924,186,344,139,47,205,0.4378688948499018
江西,Regular Topology,annulus,full_macro_cell,0.25,106,0.8875820578728429,0.4684014869888476,0.6774193548387096,0.5538461538461538,186,269,126,60,143,0.4653581177913252
江西,GeoDisk,disk,full_macro_cell,0.25,106,0.8875820578728429,0.5460992907801419,0.8279569892473119,0.6581196581196582,186,282,154,32,128,0.5683078738388977
江西,GeoAnnulus,annulus,full_macro_cell,0.25,106,0.8875820578728429,0.55078125,0.7580645161290323,0.6380090497737557,186,256,141,45,115,0.5650506483214928
江西,GeoDisk-Final,disk,full_macro_cell,0.25,106,0.8875820578728429,0.6642857142857143,1.0,0.7982832618025751,186,280,186,0,94,0.6731298766917087
江西,GeoAnnulus-Final,annulus,full_macro_cell,0.25,106,0.8875820578728429,0.6541353383458647,0.9354838709677419,0.7699115044247787,186,266,174,12,92,0.660669246466095
江西,Direct Polar,disk,province_clipped,0.25,106,0.8875820578728429,0.6527196652719666,0.8387096774193549,0.7341176470588237,186,239,156,30,83,0.45320807645308203
江西,Direct Polar,annulus,province_clipped,0.25,106,0.8875820578728429,0.5909090909090909,0.8387096774193549,0.6933333333333334,186,264,156,30,108,0.4191831762068049
江西,Harmonic,disk,province_clipped,0.25,106,0.8875820578728429,0.5441176470588235,0.7956989247311828,0.6462882096069867,186,272,148,38,124,0.4010218736518113
江西,Harmonic,annulus,province_clipped,0.25,106,0.8875820578728429,0.5310077519379846,0.7365591397849462,0.6171171171171171,186,258,137,49,121,0.39781614033632196
江西,Area-balanced,disk,province_clipped,0.25,106,0.8875820578728429,0.5390070921985816,0.8172043010752689,0.6495726495726496,186,282,152,34,130,0.3946041461987862
江西,Area-balanced,annulus,province_clipped,0.25,106,0.8875820578728429,0.49809885931558934,0.7043010752688172,0.5835189309576838,186,263,131,55,132,0.3686935568828495
江西,Regular Topology,disk,province_clipped,0.25,106,0.8875820578728429,0.3633720930232558,0.6720430107526881,0.4716981132075472,186,344,125,61,219,0.2877086501288605
江西,Regular Topology,annulus,province_clipped,0.25,106,0.8875820578728429,0.40892193308550184,0.5913978494623656,0.48351648351648346,186,269,110,76,159,0.30365674065764797
江西,GeoDisk,disk,province_clipped,0.25,106,0.8875820578728429,0.4858156028368794,0.7365591397849462,0.5854700854700854,186,282,137,49,145,0.3714695781310045
江西,GeoAnnulus,annulus,province_clipped,0.25,106,0.8875820578728429,0.47265625,0.6505376344086021,0.5475113122171946,186,256,121,65,135,0.35408316175574844
江西,GeoDisk-Final,disk,province_clipped,0.25,106,0.8875820578728429,0.5607142857142857,0.8440860215053764,0.6738197424892705,186,280,157,29,123,0.40549782077908725
江西,GeoAnnulus-Final,annulus,province_clipped,0.25,106,0.8875820578728429,0.556390977443609,0.7956989247311828,0.6548672566371682,186,266,148,38,118,0.3982263130632633
江西,Direct Polar,disk,full_macro_cell,0.5,97,0.9353818068522459,0.7850467289719626,1.0,0.8795811518324607,168,214,168,0,46,0.7957270140411437
江西,Direct Polar,annulus,full_macro_cell,0.5,97,0.9353818068522459,0.7058823529411765,1.0,0.8275862068965517,168,238,168,0,70,0.7367979675569188
江西,Harmonic,disk,full_macro_cell,0.5,97,0.9353818068522459,0.6610878661087866,0.9404761904761905,0.7764127764127764,168,239,158,10,81,0.6648038526341964
江西,Harmonic,annulus,full_macro_cell,0.5,97,0.9353818068522459,0.6327433628318584,0.8511904761904762,0.7258883248730964,168,226,143,25,83,0.6378121751985913
江西,Area-balanced,disk,full_macro_cell,0.5,97,0.9353818068522459,0.6518218623481782,0.9583333333333334,0.7759036144578313,168,247,161,7,86,0.6520360206177351
江西,Area-balanced,annulus,full_macro_cell,0.5,97,0.9353818068522459,0.5862068965517241,0.8095238095238095,0.68,168,232,136,32,96,0.6128310868556153
江西,Regular Topology,disk,full_macro_cell,0.5,97,0.9353818068522459,0.41118421052631576,0.7440476190476191,0.5296610169491526,168,304,125,43,179,0.4481970462416267
江西,Regular Topology,annulus,full_macro_cell,0.5,97,0.9353818068522459,0.4890829694323144,0.6666666666666666,0.5642317380352645,168,229,112,56,117,0.4792168986808481
江西,GeoDisk,disk,full_macro_cell,0.5,97,0.9353818068522459,0.5542168674698795,0.8214285714285714,0.6618705035971223,168,249,138,30,111,0.5789772990382992
江西,GeoAnnulus,annulus,full_macro_cell,0.5,97,0.9353818068522459,0.5526315789473685,0.75,0.6363636363636364,168,228,126,42,102,0.5627456065471824
江西,GeoDisk-Final,disk,full_macro_cell,0.5,97,0.9353818068522459,0.6746987951807228,1.0,0.8057553956834532,168,249,168,0,81,0.6834325083064352
江西,GeoAnnulus-Final,annulus,full_macro_cell,0.5,97,0.9353818068522459,0.6554621848739496,0.9285714285714286,0.7684729064039408,168,238,156,12,82,0.6687653223667873
江西,Direct Polar,disk,province_clipped,0.5,97,0.9353818068522459,0.6542056074766355,0.8333333333333334,0.7329842931937172,168,214,140,28,74,0.44905600115735445
江西,Direct Polar,annulus,province_clipped,0.5,97,0.9353818068522459,0.592436974789916,0.8392857142857143,0.6945812807881774,168,238,141,27,97,0.42075733079232874
江西,Harmonic,disk,province_clipped,0.5,97,0.9353818068522459,0.5481171548117155,0.7797619047619048,0.6437346437346437,168,239,131,37,108,0.4053286781044953
江西,Harmonic,annulus,province_clipped,0.5,97,0.9353818068522459,0.5309734513274337,0.7142857142857143,0.6091370558375635,168,226,120,48,106,0.39193473192587475
江西,Area-balanced,disk,province_clipped,0.5,97,0.9353818068522459,0.5465587044534413,0.8035714285714286,0.6506024096385543,168,247,135,33,112,0.3956259625380395
江西,Area-balanced,annulus,province_clipped,0.5,97,0.9353818068522459,0.5043103448275862,0.6964285714285714,0.5850000000000001,168,232,117,51,115,0.37307114588800455
江西,Regular Topology,disk,province_clipped,0.5,97,0.9353818068522459,0.3618421052631579,0.6547619047619048,0.46610169491525427,168,304,110,58,194,0.2957999948227091
江西,Regular Topology,annulus,province_clipped,0.5,97,0.9353818068522459,0.4148471615720524,0.5654761904761905,0.4785894206549119,168,229,95,73,134,0.31565893438831827
江西,GeoDisk,disk,province_clipped,0.5,97,0.9353818068522459,0.4819277108433735,0.7142857142857143,0.5755395683453237,168,249,120,48,129,0.37083732288238735
江西,GeoAnnulus,annulus,province_clipped,0.5,97,0.9353818068522459,0.47368421052631576,0.6428571428571429,0.5454545454545454,168,228,108,60,120,0.34998850571148044
江西,GeoDisk-Final,disk,province_clipped,0.5,97,0.9353818068522459,0.5622489959839357,0.8333333333333334,0.671462829736211,168,249,140,28,109,0.4001937522065351
江西,GeoAnnulus-Final,annulus,province_clipped,0.5,97,0.9353818068522459,0.5546218487394958,0.7857142857142857,0.6502463054187192,168,238,132,36,106,0.3992336942011386
江西,Direct Polar,disk,full_macro_cell,0.75,85,0.9780847609626897,0.7845303867403315,1.0,0.8792569659442725,142,181,142,0,39,0.795660575487565
江西,Direct Polar,annulus,full_macro_cell,0.75,85,0.9780847609626897,0.6995073891625616,1.0,0.8231884057971015,142,203,142,0,61,0.7283614055363281
江西,Harmonic,disk,full_macro_cell,0.75,85,0.9780847609626897,0.6633663366336634,0.9436619718309859,0.7790697674418605,142,202,134,8,68,0.6559259029988406
江西,Harmonic,annulus,full_macro_cell,0.75,85,0.9780847609626897,0.6349206349206349,0.8450704225352113,0.7250755287009063,142,189,120,22,69,0.6307087654246641
江西,Area-balanced,disk,full_macro_cell,0.75,85,0.9780847609626897,0.6555023923444976,0.9647887323943662,0.7806267806267806,142,209,137,5,72,0.6466811472601383
江西,Area-balanced,annulus,full_macro_cell,0.75,85,0.9780847609626897,0.5876288659793815,0.8028169014084507,0.6785714285714287,142,194,114,28,80,0.6012588676525118
江西,Regular Topology,disk,full_macro_cell,0.75,85,0.9780847609626897,0.39622641509433965,0.7394366197183099,0.5159705159705159,142,265,105,37,160,0.44686405171974736
江西,Regular Topology,annulus,full_macro_cell,0.75,85,0.9780847609626897,0.4842105263157895,0.647887323943662,0.5542168674698795,142,190,92,50,98,0.4848488138968015
江西,GeoDisk,disk,full_macro_cell,0.75,85,0.9780847609626897,0.5480769230769231,0.8028169014084507,0.6514285714285715,142,208,114,28,94,0.5754770711302744
江西,GeoAnnulus,annulus,full_macro_cell,0.75,85,0.9780847609626897,0.5425531914893617,0.7183098591549296,0.6181818181818182,142,188,102,40,86,0.5498644262109932
江西,GeoDisk-Final,disk,full_macro_cell,0.75,85,0.9780847609626897,0.6794258373205742,1.0,0.8091168091168092,142,209,142,0,67,0.6847196665007629
江西,GeoAnnulus-Final,annulus,full_macro_cell,0.75,85,0.9780847609626897,0.6632653061224489,0.9154929577464789,0.7692307692307692,142,196,130,12,66,0.6883847380992709
江西,Direct Polar,disk,province_clipped,0.75,85,0.9780847609626897,0.6519337016574586,0.8309859154929577,0.7306501547987616,142,181,118,24,63,0.4377824337280721
江西,Direct Polar,annulus,province_clipped,0.75,85,0.9780847609626897,0.5862068965517241,0.8380281690140845,0.689855072463768,142,203,119,23,84,0.4106627057860895
江西,Harmonic,disk,province_clipped,0.75,85,0.9780847609626897,0.5544554455445545,0.7887323943661971,0.6511627906976745,142,202,112,30,90,0.4085724336065804
江西,Harmonic,annulus,province_clipped,0.75,85,0.9780847609626897,0.5396825396825397,0.7183098591549296,0.6163141993957704,142,189,102,40,87,0.39582053077135937
江西,Area-balanced,disk,province_clipped,0.75,85,0.9780847609626897,0.5502392344497608,0.8098591549295775,0.6552706552706552,142,209,115,27,94,0.38882646665463216
江西,Area-balanced,annulus,province_clipped,0.75,85,0.9780847609626897,0.5051546391752577,0.6901408450704225,0.5833333333333333,142,194,98,44,96,0.3615287290159809
江西,Regular Topology,disk,province_clipped,0.75,85,0.9780847609626897,0.35094339622641507,0.6549295774647887,0.457002457002457,142,265,93,49,172,0.29300706377241026
江西,Regular Topology,annulus,province_clipped,0.75,85,0.9780847609626897,0.4105263157894737,0.5492957746478874,0.4698795180722891,142,190,78,64,112,0.3169533278898604
江西,GeoDisk,disk,province_clipped,0.75,85,0.9780847609626897,0.47115384615384615,0.6901408450704225,0.5599999999999999,142,208,98,44,110,0.3530729592919896
江西,GeoAnnulus,annulus,province_clipped,0.75,85,0.9780847609626897,0.4627659574468085,0.6126760563380281,0.5272727272727272,142,188,87,55,101,0.3341538606681568
江西,GeoDisk-Final,disk,province_clipped,0.75,85,0.9780847609626897,0.5645933014354066,0.8309859154929577,0.6723646723646723,142,209,118,24,91,0.39222285707170057
江西,GeoAnnulus-Final,annulus,province_clipped,0.75,85,0.9780847609626897,0.5612244897959183,0.7746478873239436,0.650887573964497,142,196,110,32,86,0.40378495763125166
广东,Direct Polar,disk,full_macro_cell,0.0,108,0.9048584964876009,0.7637130801687764,1.0,0.8660287081339713,181,237,181,0,56,0.7679044539338656
广东,Direct Polar,annulus,full_macro_cell,0.0,108,0.9048584964876009,0.6988416988416989,1.0,0.8227272727272728,181,259,181,0,78,0.7136013219873298
广东,Harmonic,disk,full_macro_cell,0.0,108,0.9048584964876009,0.46037735849056605,0.6740331491712708,0.547085201793722,181,265,122,59,143,0.457609921936118
广东,Harmonic,annulus,full_macro_cell,0.0,108,0.9048584964876009,0.4785992217898833,0.6795580110497238,0.5616438356164384,181,257,123,58,134,0.465050549028407
广东,Area-balanced,disk,full_macro_cell,0.0,108,0.9048584964876009,0.5551724137931034,0.8895027624309392,0.6836518046709129,181,290,161,20,129,0.5546092960604503
广东,Area-balanced,annulus,full_macro_cell,0.0,108,0.9048584964876009,0.48014440433212996,0.7348066298342542,0.5807860262008734,181,277,133,48,144,0.5015127716690474
广东,Regular Topology,disk,full_macro_cell,0.0,108,0.9048584964876009,0.4114285714285714,0.7955801104972375,0.5423728813559322,181,350,144,37,206,0.4286038456387487
广东,Regular Topology,annulus,full_macro_cell,0.0,108,0.9048584964876009,0.47101449275362317,0.7182320441988951,0.5689277899343546,181,276,130,51,146,0.4519382114432854
广东,GeoDisk,disk,full_macro_cell,0.0,108,0.9048584964876009,0.49491525423728816,0.8066298342541437,0.6134453781512604,181,295,146,35,149,0.49245797901512667
广东,GeoAnnulus,annulus,full_macro_cell,0.0,108,0.9048584964876009,0.49814126394052044,0.7403314917127072,0.5955555555555555,181,269,134,47,135,0.48907359097272685
广东,GeoDisk-Final,disk,full_macro_cell,0.0,108,0.9048584964876009,0.6137931034482759,0.9834254143646409,0.7558386411889597,181,290,178,3,112,0.6015622665612943
广东,GeoAnnulus-Final,annulus,full_macro_cell,0.0,108,0.9048584964876009,0.568904593639576,0.8895027624309392,0.6939655172413793,181,283,161,20,122,0.5705548936166841
广东,Direct Polar,disk,province_clipped,0.0,108,0.9048584964876009,0.6413502109704642,0.8172043010752689,0.7186761229314421,186,237,152,34,85,0.4820129541352022
广东,Direct Polar,annulus,province_clipped,0.0,108,0.9048584964876009,0.6061776061776062,0.8440860215053764,0.7056179775280899,186,259,157,29,102,0.4620923077117177
广东,Harmonic,disk,province_clipped,0.0,108,0.9048584964876009,0.3849056603773585,0.5483870967741935,0.4523281596452328,186,265,102,84,163,0.303409508495419
广东,Harmonic,annulus,province_clipped,0.0,108,0.9048584964876009,0.41245136186770426,0.5698924731182796,0.47855530474040636,186,257,106,80,151,0.307411737531271
广东,Area-balanced,disk,province_clipped,0.0,108,0.9048584964876009,0.496551724137931,0.7741935483870968,0.6050420168067228,186,290,144,42,146,0.3906291774352471
广东,Area-balanced,annulus,province_clipped,0.0,108,0.9048584964876009,0.4259927797833935,0.6344086021505376,0.509719222462203,186,277,118,68,159,0.3354151655237117
广东,Regular Topology,disk,province_clipped,0.0,108,0.9048584964876009,0.36,0.6774193548387096,0.47014925373134325,186,350,126,60,224,0.3091174715264898
广东,Regular Topology,annulus,province_clipped,0.0,108,0.9048584964876009,0.41304347826086957,0.6129032258064516,0.49350649350649356,186,276,114,72,162,0.3194387182617803
广东,GeoDisk,disk,province_clipped,0.0,108,0.9048584964876009,0.43050847457627117,0.6827956989247311,0.528066528066528,186,295,127,59,168,0.35088165403733257
广东,GeoAnnulus,annulus,province_clipped,0.0,108,0.9048584964876009,0.4200743494423792,0.6075268817204301,0.49670329670329677,186,269,113,73,156,0.32784808934988974
广东,GeoDisk-Final,disk,province_clipped,0.0,108,0.9048584964876009,0.5448275862068965,0.8494623655913979,0.6638655462184873,186,290,158,28,132,0.4230628912140275
广东,GeoAnnulus-Final,annulus,province_clipped,0.0,108,0.9048584964876009,0.5053003533568905,0.7688172043010753,0.6098081023454158,186,283,143,43,140,0.38401628053653336
广东,Direct Polar,disk,full_macro_cell,0.25,107,0.9109899309620575,0.7649572649572649,1.0,0.8668280871670702,179,234,179,0,55,0.7694861518665806
广东,Direct Polar,annulus,full_macro_cell,0.25,107,0.9109899309620575,0.69921875,1.0,0.8229885057471265,179,256,179,0,77,0.714497855102149
广东,Harmonic,disk,full_macro_cell,0.25,107,0.9109899309620575,0.46153846153846156,0.6703910614525139,0.5466970387243736,179,260,120,59,140,0.4573969387019886
广东,Harmonic,annulus,full_macro_cell,0.25,107,0.9109899309620575,0.4801587301587302,0.6759776536312849,0.5614849187935035,179,252,121,58,131,0.46495603765926086
广东,Area-balanced,disk,full_macro_cell,0.25,107,0.9109899309620575,0.554006968641115,0.888268156424581,0.6824034334763949,179,287,159,20,128,0.5545180394839566
广东,Area-balanced,annulus,full_macro_cell,0.25,107,0.9109899309620575,0.4781021897810219,0.7318435754189944,0.5783664459161149,179,274,131,48,143,0.499586910669678
广东,Regular Topology,disk,full_macro_cell,0.25,107,0.9109899309620575,0.4115942028985507,0.7932960893854749,0.5419847328244275,179,345,142,37,203,0.43274193640308795
广东,Regular Topology,annulus,full_macro_cell,0.25,107,0.9109899309620575,0.47232472324723246,0.7150837988826816,0.568888888888889,179,271,128,51,143,0.45629438039271375
广东,GeoDisk,disk,full_macro_cell,0.25,107,0.9109899309620575,0.4948453608247423,0.8044692737430168,0.6127659574468085,179,291,144,35,147,0.49557491541547377
广东,GeoAnnulus,annulus,full_macro_cell,0.25,107,0.9109899309620575,0.49624060150375937,0.7374301675977654,0.593258426966292,179,266,132,47,134,0.48954194478483287
广东,GeoDisk-Final,disk,full_macro_cell,0.25,107,0.9109899309620575,0.6153846153846154,0.9832402234636871,0.756989247311828,179,286,176,3,110,0.6047659060169862
广东,GeoAnnulus-Final,annulus,full_macro_cell,0.25,107,0.9109899309620575,0.5698924731182796,0.888268156424581,0.6943231441048036,179,279,159,20,120,0.572521362960731
广东,Direct Polar,disk,province_clipped,0.25,107,0.9109899309620575,0.6410256410256411,0.819672131147541,0.7194244604316549,183,234,150,33,84,0.48193460065584715
广东,Direct Polar,annulus,province_clipped,0.25,107,0.9109899309620575,0.60546875,0.8469945355191257,0.7061503416856492,183,256,155,28,101,0.4617793056199063
广东,Harmonic,disk,province_clipped,0.25,107,0.9109899309620575,0.38461538461538464,0.546448087431694,0.45146726862302483,183,260,100,83,160,0.29920092147029737
广东,Harmonic,annulus,province_clipped,0.25,107,0.9109899309620575,0.4126984126984127,0.5683060109289617,0.4781609195402298,183,252,104,79,148,0.30338584945699343
广东,Area-balanced,disk,province_clipped,0.25,107,0.9109899309620575,0.49477351916376305,0.7759562841530054,0.6042553191489362,183,287,142,41,145,0.3877845345932332
广东,Area-balanced,annulus,province_clipped,0.25,107,0.9109899309620575,0.4233576642335766,0.6338797814207651,0.5076586433260395,183,274,116,67,158,0.33276404023616274
广东,Regular Topology,disk,province_clipped,0.25,107,0.9109899309620575,0.35942028985507246,0.6775956284153005,0.4696969696969698,183,345,124,59,221,0.31044243268549554
广东,Regular Topology,annulus,province_clipped,0.25,107,0.9109899309620575,0.4132841328413284,0.6120218579234973,0.4933920704845815,183,271,112,71,159,0.3208601396706486
广东,GeoDisk,disk,province_clipped,0.25,107,0.9109899309620575,0.42955326460481097,0.6830601092896175,0.5274261603375527,183,291,125,58,166,0.35060690618722784
广东,GeoAnnulus,annulus,province_clipped,0.25,107,0.9109899309620575,0.41729323308270677,0.6065573770491803,0.49443207126948774,183,266,111,72,155,0.3251081742496576
广东,GeoDisk-Final,disk,province_clipped,0.25,107,0.9109899309620575,0.5454545454545454,0.8524590163934426,0.6652452025586353,183,286,156,27,130,0.42304685569844963
广东,GeoAnnulus-Final,annulus,province_clipped,0.25,107,0.9109899309620575,0.5053763440860215,0.7704918032786885,0.6103896103896104,183,279,141,42,138,0.38463202475600844
广东,Direct Polar,disk,full_macro_cell,0.5,102,0.937949775403342,0.7633928571428571,1.0,0.8658227848101265,171,224,171,0,53,0.7708151677874862
广东,Direct Polar,annulus,full_macro_cell,0.5,102,0.937949775403342,0.7008196721311475,1.0,0.8240963855421687,171,244,171,0,73,0.7198184112760236
广东,Harmonic,disk,full_macro_cell,0.5,102,0.937949775403342,0.4672131147540984,0.6666666666666666,0.5493975903614458,171,244,114,57,130,0.4658478882975235
广东,Harmonic,annulus,full_macro_cell,0.5,102,0.937949775403342,0.48936170212765956,0.672514619883041,0.5665024630541872,171,235,115,56,120,0.47624408476985425
广东,Area-balanced,disk,full_macro_cell,0.5,102,0.937949775403342,0.571969696969697,0.8830409356725146,0.6942528735632184,171,264,151,20,113,0.5826109937422025
广东,Area-balanced,annulus,full_macro_cell,0.5,102,0.937949775403342,0.4881889763779528,0.7251461988304093,0.5835294117647059,171,254,124,47,130,0.5166934809964312
广东,Regular Topology,disk,full_macro_cell,0.5,102,0.937949775403342,0.4166666666666667,0.7894736842105263,0.5454545454545454,171,324,135,36,189,0.4474639434169049
广东,Regular Topology,annulus,full_macro_cell,0.5,102,0.937949775403342,0.484,0.7076023391812866,0.5748218527315914,171,250,121,50,129,0.4723129099631559
广东,GeoDisk,disk,full_macro_cell,0.5,102,0.937949775403342,0.5131086142322098,0.8011695906432749,0.6255707762557078,171,267,137,34,130,0.5202162502744384
广东,GeoAnnulus,annulus,full_macro_cell,0.5,102,0.937949775403342,0.5101214574898786,0.7368421052631579,0.6028708133971292,171,247,126,45,121,0.5051769616978595
广东,GeoDisk-Final,disk,full_macro_cell,0.5,102,0.937949775403342,0.6363636363636364,0.9824561403508771,0.7724137931034484,171,264,168,3,96,0.6346840414234786
广东,GeoAnnulus-Final,annulus,full_macro_cell,0.5,102,0.937949775403342,0.583011583011583,0.8830409356725146,0.7023255813953487,171,259,151,20,108,0.5961270308133357
广东,Direct Polar,disk,province_clipped,0.5,102,0.937949775403342,0.6294642857142857,0.815028901734104,0.7103274559193955,173,224,141,32,83,0.4731471575329707
广东,Direct Polar,annulus,province_clipped,0.5,102,0.937949775403342,0.6024590163934426,0.8497109826589595,0.7050359712230214,173,244,147,26,97,0.45504784409355525
广东,Harmonic,disk,province_clipped,0.5,102,0.937949775403342,0.38524590163934425,0.5433526011560693,0.45083932853717024,173,244,94,79,150,0.2933911851785405
广东,Harmonic,annulus,province_clipped,0.5,102,0.937949775403342,0.41702127659574467,0.5664739884393064,0.48039215686274517,173,235,98,75,137,0.2986337512689882
广东,Area-balanced,disk,province_clipped,0.5,102,0.937949775403342,0.5,0.7630057803468208,0.6041189931350115,173,264,132,41,132,0.38837576565731524
广东,Area-balanced,annulus,province_clipped,0.5,102,0.937949775403342,0.4251968503937008,0.6242774566473989,0.5058548009367682,173,254,108,65,146,0.33173094425276856
广东,Regular Topology,disk,province_clipped,0.5,102,0.937949775403342,0.35802469135802467,0.6705202312138728,0.46680080482897385,173,324,116,57,208,0.3108919006296994
广东,Regular Topology,annulus,province_clipped,0.5,102,0.937949775403342,0.416,0.6011560693641619,0.491725768321513,173,250,104,69,146,0.32165832391206123
广东,GeoDisk,disk,province_clipped,0.5,102,0.937949775403342,0.43820224719101125,0.6763005780346821,0.5318181818181819,173,267,117,56,150,0.3533604348728203
广东,GeoAnnulus,annulus,province_clipped,0.5,102,0.937949775403342,0.42105263157894735,0.6011560693641619,0.49523809523809514,173,247,104,69,143,0.32302075210406433
广东,GeoDisk-Final,disk,province_clipped,0.5,102,0.937949775403342,0.553030303030303,0.8439306358381503,0.6681922196796338,173,264,146,27,118,0.4244144521780654
广东,GeoAnnulus-Final,annulus,province_clipped,0.5,102,0.937949775403342,0.5096525096525096,0.7630057803468208,0.611111111111111,173,259,132,41,127,0.38136567569503277
广东,Direct Polar,disk,full_macro_cell,0.75,91,0.9756290366737521,0.7692307692307693,1.0,0.8695652173913044,150,195,150,0,45,0.7718695781210665
广东,Direct Polar,annulus,full_macro_cell,0.75,91,0.9756290366737521,0.6944444444444444,1.0,0.819672131147541,150,216,150,0,66,0.7078987153405383
广东,Harmonic,disk,full_macro_cell,0.75,91,0.9756290366737521,0.47368421052631576,0.66,0.5515320334261838,150,209,99,51,110,0.4613172340136473
广东,Harmonic,annulus,full_macro_cell,0.75,91,0.9756290366737521,0.4975124378109453,0.6666666666666666,0.5698005698005698,150,201,100,50,101,0.47088164309824226
广东,Area-balanced,disk,full_macro_cell,0.75,91,0.9756290366737521,0.5764192139737991,0.88,0.6965699208443272,150,229,132,18,97,0.5770831279282715
广东,Area-balanced,annulus,full_macro_cell,0.75,91,0.9756290366737521,0.48623853211009177,0.7066666666666667,0.5760869565217391,150,218,106,44,112,0.5125081443541621
广东,Regular Topology,disk,full_macro_cell,0.75,91,0.9756290366737521,0.40625,0.78,0.5342465753424658,150,288,117,33,171,0.4355337945166448
广东,Regular Topology,annulus,full_macro_cell,0.75,91,0.9756290366737521,0.48130841121495327,0.6866666666666666,0.5659340659340658,150,214,103,47,111,0.4641459635391013
广东,GeoDisk,disk,full_macro_cell,0.75,91,0.9756290366737521,0.5064935064935064,0.78,0.6141732283464567,150,231,117,33,114,0.5117548286515202
广东,GeoAnnulus,annulus,full_macro_cell,0.75,91,0.9756290366737521,0.5023474178403756,0.7133333333333334,0.5895316804407714,150,213,107,43,106,0.49720554416570467
广东,GeoDisk-Final,disk,full_macro_cell,0.75,91,0.9756290366737521,0.6434782608695652,0.9866666666666667,0.7789473684210526,150,230,148,2,82,0.6354415361644974
广东,GeoAnnulus-Final,annulus,full_macro_cell,0.75,91,0.9756290366737521,0.5829596412556054,0.8666666666666667,0.6970509383378017,150,223,130,20,93,0.594496438241973
广东,Direct Polar,disk,province_clipped,0.75,91,0.9756290366737521,0.6410256410256411,0.8064516129032258,0.7142857142857142,155,195,125,30,70,0.483341163678744
广东,Direct Polar,annulus,province_clipped,0.75,91,0.9756290366737521,0.6064814814814815,0.8451612903225807,0.7061994609164421,155,216,131,24,85,0.46181684356122144
广东,Harmonic,disk,province_clipped,0.75,91,0.9756290366737521,0.39712918660287083,0.535483870967742,0.45604395604395603,155,209,83,72,126,0.3001411497572577
广东,Harmonic,annulus,province_clipped,0.75,91,0.9756290366737521,0.43781094527363185,0.567741935483871,0.4943820224719102,155,201,88,67,113,0.30669798785948893
广东,Area-balanced,disk,province_clipped,0.75,91,0.9756290366737521,0.5152838427947598,0.7612903225806451,0.6145833333333333,155,229,118,37,111,0.40260880773036867
广东,Area-balanced,annulus,province_clipped,0.75,91,0.9756290366737521,0.43577981651376146,0.6129032258064516,0.5093833780160858,155,218,95,60,123,0.34439959897211625
广东,Regular Topology,disk,province_clipped,0.75,91,0.9756290366737521,0.3645833333333333,0.6774193548387096,0.474040632054176,155,288,105,50,183,0.323169997312658
广东,Regular Topology,annulus,province_clipped,0.75,91,0.9756290366737521,0.43457943925233644,0.6,0.5040650406504065,155,214,93,62,121,0.33582265490211255
广东,GeoDisk,disk,province_clipped,0.75,91,0.9756290366737521,0.45021645021645024,0.6709677419354839,0.5388601036269431,155,231,104,51,127,0.36506447536533115
广东,GeoAnnulus,annulus,province_clipped,0.75,91,0.9756290366737521,0.4272300469483568,0.5870967741935483,0.49456521739130427,155,213,91,64,122,0.33070170425408063
广东,GeoDisk-Final,disk,province_clipped,0.75,91,0.9756290366737521,0.5695652173913044,0.8451612903225807,0.6805194805194805,155,230,131,24,99,0.4387831455449596
广东,GeoAnnulus-Final,annulus,province_clipped,0.75,91,0.9756290366737521,0.515695067264574,0.7419354838709677,0.6084656084656085,155,223,115,40,108,0.39305848449437064
福建,Direct Polar,disk,full_macro_cell,0.0,74,0.9056101166466911,0.7716049382716049,1.0,0.8710801393728224,125,162,125,0,37,0.7753229435311478
福建,Direct Polar,annulus,full_macro_cell,0.0,74,0.9056101166466911,0.6906077348066298,1.0,0.8169934640522877,125,181,125,0,56,0.7178546179219217
福建,Harmonic,disk,full_macro_cell,0.0,74,0.9056101166466911,0.6329787234042553,0.952,0.7603833865814698,125,188,119,6,69,0.6493921591638311
福建,Harmonic,annulus,full_macro_cell,0.0,74,0.9056101166466911,0.615819209039548,0.872,0.7218543046357616,125,177,109,16,68,0.626546128635912
福建,Area-balanced,disk,full_macro_cell,0.0,74,0.9056101166466911,0.6335078534031413,0.968,0.7658227848101266,125,191,121,4,70,0.6319253104276324
福建,Area-balanced,annulus,full_macro_cell,0.0,74,0.9056101166466911,0.5625,0.792,0.6578073089700996,125,176,99,26,77,0.5901363042423414
福建,Regular Topology,disk,full_macro_cell,0.0,74,0.9056101166466911,0.48372093023255813,0.832,0.6117647058823529,125,215,104,21,111,0.46804228788328267
福建,Regular Topology,annulus,full_macro_cell,0.0,74,0.9056101166466911,0.526595744680851,0.792,0.6325878594249202,125,188,99,26,89,0.5016924128673692
福建,GeoDisk,disk,full_macro_cell,0.0,74,0.9056101166466911,0.5968586387434555,0.912,0.7215189873417721,125,191,114,11,77,0.5967289643261198
福建,GeoAnnulus,annulus,full_macro_cell,0.0,74,0.9056101166466911,0.5689655172413793,0.792,0.6622073578595318,125,174,99,26,75,0.6128595258626218
福建,GeoDisk-Final,disk,full_macro_cell,0.0,74,0.9056101166466911,0.6578947368421053,1.0,0.7936507936507937,125,190,125,0,65,0.6628024091259387
福建,GeoAnnulus-Final,annulus,full_macro_cell,0.0,74,0.9056101166466911,0.6647398843930635,0.92,0.7718120805369127,125,173,115,10,58,0.6841557268027857
福建,Direct Polar,disk,province_clipped,0.0,74,0.9056101166466911,0.6234567901234568,0.8559322033898306,0.7214285714285714,118,162,101,17,61,0.4297148565530919
福建,Direct Polar,annulus,province_clipped,0.0,74,0.9056101166466911,0.569060773480663,0.8728813559322034,0.6889632107023412,118,181,103,15,78,0.4166664575442674
福建,Harmonic,disk,province_clipped,0.0,74,0.9056101166466911,0.5212765957446809,0.8305084745762712,0.6405228758169934,118,188,98,20,90,0.373182358808789
福建,Harmonic,annulus,province_clipped,0.0,74,0.9056101166466911,0.480225988700565,0.7203389830508474,0.576271186440678,118,177,85,33,92,0.33253582370304
福建,Area-balanced,disk,province_clipped,0.0,74,0.9056101166466911,0.5235602094240838,0.847457627118644,0.6472491909385114,118,191,100,18,91,0.36563931364796226
福建,Area-balanced,annulus,province_clipped,0.0,74,0.9056101166466911,0.4375,0.652542372881356,0.5238095238095237,118,176,77,41,99,0.3158837118044279
福建,Regular Topology,disk,province_clipped,0.0,74,0.9056101166466911,0.4372093023255814,0.7966101694915254,0.5645645645645646,118,215,94,24,121,0.30106948917589643
福建,Regular Topology,annulus,province_clipped,0.0,74,0.9056101166466911,0.44680851063829785,0.711864406779661,0.5490196078431372,118,188,84,34,104,0.27612654809821313
福建,GeoDisk,disk,province_clipped,0.0,74,0.9056101166466911,0.4973821989528796,0.8050847457627118,0.6148867313915858,118,191,95,23,96,0.35622813117118407
福建,GeoAnnulus,annulus,province_clipped,0.0,74,0.9056101166466911,0.4425287356321839,0.652542372881356,0.5273972602739727,118,174,77,41,97,0.31489073640877385
福建,GeoDisk-Final,disk,province_clipped,0.0,74,0.9056101166466911,0.5368421052631579,0.864406779661017,0.6623376623376623,118,190,102,16,88,0.3859665727035158
福建,GeoAnnulus-Final,annulus,province_clipped,0.0,74,0.9056101166466911,0.5260115606936416,0.7711864406779662,0.6254295532646048,118,173,91,27,82,0.3637968658614102
福建,Direct Polar,disk,full_macro_cell,0.25,73,0.914856677880443,0.7721518987341772,1.0,0.8714285714285713,122,158,122,0,36,0.7745039844657088
福建,Direct Polar,annulus,full_macro_cell,0.25,73,0.914856677880443,0.6892655367231638,1.0,0.8160535117056855,122,177,122,0,55,0.7150614569507947
福建,Harmonic,disk,full_macro_cell,0.25,73,0.914856677880443,0.6270270270270271,0.9508196721311475,0.755700325732899,122,185,116,6,69,0.6401416062767266
福建,Harmonic,annulus,full_macro_cell,0.25,73,0.914856677880443,0.6127167630057804,0.8688524590163934,0.7186440677966102,122,173,106,16,67,0.6224492423758721
福建,Area-balanced,disk,full_macro_cell,0.25,73,0.914856677880443,0.6329787234042553,0.9754098360655737,0.7677419354838709,122,188,119,3,69,0.6265918654718009
福建,Area-balanced,annulus,full_macro_cell,0.25,73,0.914856677880443,0.5581395348837209,0.7868852459016393,0.6530612244897959,122,172,96,26,76,0.5871377814028053
福建,Regular Topology,disk,full_macro_cell,0.25,73,0.914856677880443,0.4834123222748815,0.8360655737704918,0.6126126126126126,122,211,102,20,109,0.46371762086034374
福建,Regular Topology,annulus,full_macro_cell,0.25,73,0.914856677880443,0.5271739130434783,0.7950819672131147,0.6339869281045751,122,184,97,25,87,0.49782870646065064
福建,GeoDisk,disk,full_macro_cell,0.25,73,0.914856677880443,0.5935828877005348,0.9098360655737705,0.7184466019417476,122,187,111,11,76,0.5901986330788872
福建,GeoAnnulus,annulus,full_macro_cell,0.25,73,0.914856677880443,0.5647058823529412,0.7868852459016393,0.6575342465753424,122,170,96,26,74,0.6123184264454038
福建,GeoDisk-Final,disk,full_macro_cell,0.25,73,0.914856677880443,0.6559139784946236,1.0,0.7922077922077922,122,186,122,0,64,0.6575741542905121
福建,GeoAnnulus-Final,annulus,full_macro_cell,0.25,73,0.914856677880443,0.6627218934911243,0.9180327868852459,0.7697594501718213,122,169,112,10,57,0.681163351600499
福建,Direct Polar,disk,province_clipped,0.25,73,0.914856677880443,0.6329113924050633,0.8547008547008547,0.7272727272727273,117,158,100,17,58,0.4372699719947271
福建,Direct Polar,annulus,province_clipped,0.25,73,0.914856677880443,0.576271186440678,0.8717948717948718,0.6938775510204083,117,177,102,15,75,0.4238168608444664
福建,Harmonic,disk,province_clipped,0.25,73,0.914856677880443,0.5243243243243243,0.8290598290598291,0.6423841059602649,117,185,97,20,88,0.3773400845771572
福建,Harmonic,annulus,province_clipped,0.25,73,0.914856677880443,0.48554913294797686,0.717948717948718,0.5793103448275861,117,173,84,33,89,0.33745455941334923
福建,Area-balanced,disk,province_clipped,0.25,73,0.914856677880443,0.526595744680851,0.8461538461538461,0.6491803278688525,117,188,99,18,89,0.3704242533419473
福建,Area-balanced,annulus,province_clipped,0.25,73,0.914856677880443,0.4418604651162791,0.6495726495726496,0.5259515570934256,117,172,76,41,96,0.32014168640337926
福建,Regular Topology,disk,province_clipped,0.25,73,0.914856677880443,0.44075829383886256,0.7948717948717948,0.5670731707317073,117,211,93,24,118,0.3063118053470237
福建,Regular Topology,annulus,province_clipped,0.25,73,0.914856677880443,0.45108695652173914,0.7094017094017094,0.5514950166112956,117,184,83,34,101,0.2810271801449885
福建,GeoDisk,disk,province_clipped,0.25,73,0.914856677880443,0.5026737967914439,0.8034188034188035,0.618421052631579,117,187,94,23,93,0.3612957291241736
福建,GeoAnnulus,annulus,province_clipped,0.25,73,0.914856677880443,0.4470588235294118,0.6495726495726496,0.5296167247386759,117,170,76,41,94,0.3187087123920747
福建,GeoDisk-Final,disk,province_clipped,0.25,73,0.914856677880443,0.543010752688172,0.8632478632478633,0.6666666666666666,117,186,101,16,85,0.39144314666018304
福建,GeoAnnulus-Final,annulus,province_clipped,0.25,73,0.914856677880443,0.5325443786982249,0.7692307692307693,0.6293706293706295,117,169,90,27,79,0.36962188030179627
福建,Direct Polar,disk,full_macro_cell,0.5,69,0.9509597527372716,0.777027027027027,1.0,0.8745247148288973,115,148,115,0,33,0.7744796692367025
福建,Direct Polar,annulus,full_macro_cell,0.5,69,0.9509597527372716,0.688622754491018,1.0,0.8156028368794326,115,167,115,0,52,0.7188395112603708
福建,Harmonic,disk,full_macro_cell,0.5,69,0.9509597527372716,0.630057803468208,0.9478260869565217,0.7569444444444443,115,173,109,6,64,0.6440335944323694
福建,Harmonic,annulus,full_macro_cell,0.5,69,0.9509597527372716,0.6149068322981367,0.8608695652173913,0.717391304347826,115,161,99,16,62,0.626705476649951
福建,Area-balanced,disk,full_macro_cell,0.5,69,0.9509597527372716,0.6363636363636364,0.9739130434782609,0.7697594501718212,115,176,112,3,64,0.6347041273040733
福建,Area-balanced,annulus,full_macro_cell,0.5,69,0.9509597527372716,0.55625,0.7739130434782608,0.6472727272727273,115,160,89,26,71,0.5933326414565478
福建,Regular Topology,disk,full_macro_cell,0.5,69,0.9509597527372716,0.472636815920398,0.8260869565217391,0.6012658227848101,115,201,95,20,106,0.4651189440552365
福建,Regular Topology,annulus,full_macro_cell,0.5,69,0.9509597527372716,0.5172413793103449,0.782608695652174,0.6228373702422145,115,174,90,25,84,0.5013175526531967
福建,GeoDisk,disk,full_macro_cell,0.5,69,0.9509597527372716,0.5909090909090909,0.9043478260869565,0.7147766323024055,115,176,104,11,72,0.5905381064144474
福建,GeoAnnulus,annulus,full_macro_cell,0.5,69,0.9509597527372716,0.5668789808917197,0.7739130434782608,0.6544117647058822,115,157,89,26,68,0.611132075972566
福建,GeoDisk-Final,disk,full_macro_cell,0.5,69,0.9509597527372716,0.6609195402298851,1.0,0.7958477508650519,115,174,115,0,59,0.6629515186134517
福建,GeoAnnulus-Final,annulus,full_macro_cell,0.5,69,0.9509597527372716,0.660377358490566,0.9130434782608695,0.7664233576642335,115,159,105,10,54,0.6820652966433018
福建,Direct Polar,disk,province_clipped,0.5,69,0.9509597527372716,0.6418918918918919,0.8482142857142857,0.7307692307692307,112,148,95,17,53,0.44414662589719806
福建,Direct Polar,annulus,province_clipped,0.5,69,0.9509597527372716,0.5868263473053892,0.875,0.7025089605734767,112,167,98,14,69,0.4338493197613889
福建,Harmonic,disk,province_clipped,0.5,69,0.9509597527372716,0.5375722543352601,0.8303571428571429,0.6526315789473685,112,173,93,19,80,0.3867014815518623
福建,Harmonic,annulus,province_clipped,0.5,69,0.9509597527372716,0.4968944099378882,0.7142857142857143,0.5860805860805861,112,161,80,32,81,0.3452756621736004
福建,Area-balanced,disk,province_clipped,0.5,69,0.9509597527372716,0.5397727272727273,0.8482142857142857,0.6597222222222222,112,176,95,17,81,0.38148076777771217
福建,Area-balanced,annulus,province_clipped,0.5,69,0.9509597527372716,0.45,0.6428571428571429,0.5294117647058824,112,160,72,40,88,0.32749251453989636
福建,Regular Topology,disk,province_clipped,0.5,69,0.9509597527372716,0.4427860696517413,0.7946428571428571,0.5686900958466453,112,201,89,23,112,0.3129292312979332
福建,Regular Topology,annulus,province_clipped,0.5,69,0.9509597527372716,0.4540229885057471,0.7053571428571429,0.5524475524475525,112,174,79,33,95,0.28623581284033556
福建,GeoDisk,disk,province_clipped,0.5,69,0.9509597527372716,0.5113636363636364,0.8035714285714286,0.625,112,176,90,22,86,0.36829361338722627
福建,GeoAnnulus,annulus,province_clipped,0.5,69,0.9509597527372716,0.4585987261146497,0.6428571428571429,0.5353159851301115,112,157,72,40,85,0.32980255151139526
福建,GeoDisk-Final,disk,province_clipped,0.5,69,0.9509597527372716,0.5517241379310345,0.8571428571428571,0.6713286713286714,112,174,96,16,78,0.39710884467581203
福建,GeoAnnulus-Final,annulus,province_clipped,0.5,69,0.9509597527372716,0.5408805031446541,0.7678571428571429,0.6346863468634686,112,159,86,26,73,0.3766740024008836
福建,Direct Polar,disk,full_macro_cell,0.75,63,0.9815764250244483,0.7761194029850746,1.0,0.8739495798319328,104,134,104,0,30,0.7722840016607524
福建,Direct Polar,annulus,full_macro_cell,0.75,63,0.9815764250244483,0.6933333333333334,1.0,0.8188976377952756,104,150,104,0,46,0.7247437432985222
福建,Harmonic,disk,full_macro_cell,0.75,63,0.9815764250244483,0.6410256410256411,0.9615384615384616,0.7692307692307693,104,156,100,4,56,0.6562558816926353
福建,Harmonic,annulus,full_macro_cell,0.75,63,0.9815764250244483,0.625,0.8653846153846154,0.7258064516129031,104,144,90,14,54,0.6392602610776722
福建,Area-balanced,disk,full_macro_cell,0.75,63,0.9815764250244483,0.6392405063291139,0.9711538461538461,0.7709923664122137,104,158,101,3,57,0.6460426772161992
福建,Area-balanced,annulus,full_macro_cell,0.75,63,0.9815764250244483,0.5642857142857143,0.7596153846153846,0.6475409836065573,104,140,79,25,61,0.5960102846602183
福建,Regular Topology,disk,full_macro_cell,0.75,63,0.9815764250244483,0.47513812154696133,0.8269230769230769,0.6035087719298246,104,181,86,18,95,0.4692253345341627
福建,Regular Topology,annulus,full_macro_cell,0.75,63,0.9815764250244483,0.525974025974026,0.7788461538461539,0.627906976744186,104,154,81,23,73,0.5091011326845477
福建,GeoDisk,disk,full_macro_cell,0.75,63,0.9815764250244483,0.5911949685534591,0.9038461538461539,0.714828897338403,104,159,94,10,65,0.591656446402921
福建,GeoAnnulus,annulus,full_macro_cell,0.75,63,0.9815764250244483,0.5714285714285714,0.7692307692307693,0.6557377049180327,104,140,80,24,60,0.6243632067530046
福建,GeoDisk-Final,disk,full_macro_cell,0.75,63,0.9815764250244483,0.6666666666666666,1.0,0.8,104,156,104,0,52,0.6733993005591119
福建,GeoAnnulus-Final,annulus,full_macro_cell,0.75,63,0.9815764250244483,0.6619718309859155,0.9038461538461539,0.7642276422764228,104,142,94,10,48,0.6876981963466559
福建,Direct Polar,disk,province_clipped,0.75,63,0.9815764250244483,0.6492537313432836,0.8446601941747572,0.7341772151898733,103,134,87,16,47,0.45060902999130925
福建,Direct Polar,annulus,province_clipped,0.75,63,0.9815764250244483,0.6,0.8737864077669902,0.7114624505928854,103,150,90,13,60,0.44688389377918514
福建,Harmonic,disk,province_clipped,0.75,63,0.9815764250244483,0.5448717948717948,0.8252427184466019,0.6563706563706563,103,156,85,18,71,0.3940576489951846
福建,Harmonic,annulus,province_clipped,0.75,63,0.9815764250244483,0.5,0.6990291262135923,0.582995951417004,103,144,72,31,72,0.34878211756580957
福建,Area-balanced,disk,province_clipped,0.75,63,0.9815764250244483,0.5506329113924051,0.8446601941747572,0.6666666666666667,103,158,87,16,71,0.3940317277281011
福建,Area-balanced,annulus,province_clipped,0.75,63,0.9815764250244483,0.45714285714285713,0.6213592233009708,0.5267489711934156,103,140,64,39,76,0.3352111682518101
福建,Regular Topology,disk,province_clipped,0.75,63,0.9815764250244483,0.44751381215469616,0.7864077669902912,0.5704225352112676,103,181,81,22,100,0.3254810727063609
福建,Regular Topology,annulus,province_clipped,0.75,63,0.9815764250244483,0.461038961038961,0.6893203883495146,0.5525291828793775,103,154,71,32,83,0.2962454239194683
福建,GeoDisk,disk,province_clipped,0.75,63,0.9815764250244483,0.5157232704402516,0.7961165048543689,0.6259541984732824,103,159,82,21,77,0.3786117287415953
福建,GeoAnnulus,annulus,province_clipped,0.75,63,0.9815764250244483,0.45714285714285713,0.6213592233009708,0.5267489711934156,103,140,64,39,76,0.3299957700719035
福建,GeoDisk-Final,disk,province_clipped,0.75,63,0.9815764250244483,0.5641025641025641,0.8543689320388349,0.6795366795366796,103,156,88,15,68,0.4123625121745423
福建,GeoAnnulus-Final,annulus,province_clipped,0.75,63,0.9815764250244483,0.5492957746478874,0.7572815533980582,0.636734693877551,103,142,78,25,64,0.386191624102578
广西,Direct Polar,disk,full_macro_cell,0.0,142,0.8984114428552468,0.775,1.0,0.8732394366197184,248,320,248,0,72,0.7765893787252202
广西,Direct Polar,annulus,full_macro_cell,0.0,142,0.8984114428552468,0.6938202247191011,0.9959677419354839,0.8178807947019868,248,356,247,1,109,0.7082875980011113
广西,Harmonic,disk,full_macro_cell,0.0,142,0.8984114428552468,0.6370967741935484,0.9556451612903226,0.7645161290322581,248,372,237,11,135,0.6393408410716984
广西,Harmonic,annulus,full_macro_cell,0.0,142,0.8984114428552468,0.6096866096866097,0.8629032258064516,0.7145242070116861,248,351,214,34,137,0.6020327614450451
广西,Area-balanced,disk,full_macro_cell,0.0,142,0.8984114428552468,0.59375,0.9193548387096774,0.7215189873417721,248,384,228,20,156,0.5915697875985784
广西,Area-balanced,annulus,full_macro_cell,0.0,142,0.8984114428552468,0.5482093663911846,0.8024193548387096,0.6513911620294599,248,363,199,49,164,0.5663697309330785
广西,Regular Topology,disk,full_macro_cell,0.0,142,0.8984114428552468,0.4121338912133891,0.7943548387096774,0.5426997245179064,248,478,197,51,281,0.4235666641855429
广西,Regular Topology,annulus,full_macro_cell,0.0,142,0.8984114428552468,0.489010989010989,0.717741935483871,0.5816993464052287,248,364,178,70,186,0.4576170203182659
广西,GeoDisk,disk,full_macro_cell,0.0,142,0.8984114428552468,0.5440414507772021,0.8467741935483871,0.662460567823344,248,386,210,38,176,0.5296883184476392
广西,GeoAnnulus,annulus,full_macro_cell,0.0,142,0.8984114428552468,0.5300859598853869,0.7459677419354839,0.6197654941373534,248,349,185,63,164,0.5274108739606056
广西,GeoDisk-Final,disk,full_macro_cell,0.0,142,0.8984114428552468,0.6447368421052632,0.9879032258064516,0.7802547770700636,248,380,245,3,135,0.6412952409611155
广西,GeoAnnulus-Final,annulus,full_macro_cell,0.0,142,0.8984114428552468,0.637883008356546,0.9233870967741935,0.7545304777594728,248,359,229,19,130,0.6436849409785506
广西,Direct Polar,disk,province_clipped,0.0,142,0.8984114428552468,0.68125,0.8650793650793651,0.7622377622377624,252,320,218,34,102,0.5413326694357306
广西,Direct Polar,annulus,province_clipped,0.0,142,0.8984114428552468,0.6207865168539326,0.876984126984127,0.7269736842105263,252,356,221,31,135,0.49971966043593175
广西,Harmonic,disk,province_clipped,0.0,142,0.8984114428552468,0.5698924731182796,0.8412698412698413,0.6794871794871795,252,372,212,40,160,0.46285500985736455
广西,Harmonic,annulus,province_clipped,0.0,142,0.8984114428552468,0.5584045584045584,0.7777777777777778,0.6500829187396351,252,351,196,56,155,0.4457758591597075
广西,Area-balanced,disk,province_clipped,0.0,142,0.8984114428552468,0.5416666666666666,0.8253968253968254,0.6540880503144653,252,384,208,44,176,0.43653482622190376
广西,Area-balanced,annulus,province_clipped,0.0,142,0.8984114428552468,0.509641873278237,0.7341269841269841,0.6016260162601625,252,363,185,67,178,0.4199326096640272
广西,Regular Topology,disk,province_clipped,0.0,142,0.8984114428552468,0.37447698744769875,0.7103174603174603,0.4904109589041096,252,478,179,73,299,0.3186294604952182
广西,Regular Topology,annulus,province_clipped,0.0,142,0.8984114428552468,0.4423076923076923,0.6388888888888888,0.5227272727272726,252,364,161,91,203,0.35129824701990026
广西,GeoDisk,disk,province_clipped,0.0,142,0.8984114428552468,0.4844559585492228,0.7420634920634921,0.5862068965517241,252,386,187,65,199,0.3890635879013885
广西,GeoAnnulus,annulus,province_clipped,0.0,142,0.8984114428552468,0.4871060171919771,0.6746031746031746,0.5657237936772046,252,349,170,82,179,0.39460020831655873
广西,GeoDisk-Final,disk,province_clipped,0.0,142,0.8984114428552468,0.5868421052631579,0.8849206349206349,0.7056962025316456,252,380,223,29,157,0.47983183548526076
广西,GeoAnnulus-Final,annulus,province_clipped,0.0,142,0.8984114428552468,0.5710306406685237,0.8134920634920635,0.6710310965630115,252,359,205,47,154,0.462003829965226
广西,Direct Polar,disk,full_macro_cell,0.25,141,0.9036434813025715,0.7760252365930599,1.0,0.8738898756660746,246,317,246,0,71,0.7783889237136717
广西,Direct Polar,annulus,full_macro_cell,0.25,141,0.9036434813025715,0.6940509915014165,0.9959349593495935,0.8180300500834724,246,353,245,1,108,0.7093352678483763
广西,Harmonic,disk,full_macro_cell,0.25,141,0.9036434813025715,0.6395663956639567,0.959349593495935,0.7674796747967481,246,369,236,10,133,0.6402508702192516
广西,Harmonic,annulus,full_macro_cell,0.25,141,0.9036434813025715,0.6138328530259366,0.8658536585365854,0.7183811129848229,246,347,213,33,134,0.602766496653127
广西,Area-balanced,disk,full_macro_cell,0.25,141,0.9036434813025715,0.5931758530183727,0.9186991869918699,0.7208931419457736,246,381,226,20,155,0.5922808470476394
广西,Area-balanced,annulus,full_macro_cell,0.25,141,0.9036434813025715,0.5472222222222223,0.8008130081300813,0.6501650165016502,246,360,197,49,163,0.5663848168253345
广西,Regular Topology,disk,full_macro_cell,0.25,141,0.9036434813025715,0.4105263157894737,0.7926829268292683,0.5409153952843273,246,475,195,51,280,0.42470105407083614
广西,Regular Topology,annulus,full_macro_cell,0.25,141,0.9036434813025715,0.48753462603878117,0.7154471544715447,0.5799011532125206,246,361,176,70,185,0.4589929020910253
广西,GeoDisk,disk,full_macro_cell,0.25,141,0.9036434813025715,0.5430809399477807,0.8455284552845529,0.6613672496025438,246,383,208,38,175,0.5307578824866883
广西,GeoAnnulus,annulus,full_macro_cell,0.25,141,0.9036434813025715,0.5289017341040463,0.7439024390243902,0.6182432432432433,246,346,183,63,163,0.526853946554559
广西,GeoDisk-Final,disk,full_macro_cell,0.25,141,0.9036434813025715,0.6445623342175066,0.9878048780487805,0.7800963081861958,246,377,243,3,134,0.6416801728013111
广西,GeoAnnulus-Final,annulus,full_macro_cell,0.25,141,0.9036434813025715,0.6394366197183099,0.9227642276422764,0.7554076539101497,246,355,227,19,128,0.6438299771521935
广西,Direct Polar,disk,province_clipped,0.25,141,0.9036434813025715,0.6845425867507886,0.8645418326693227,0.7640845070422535,251,317,217,34,100,0.5443315495164847
广西,Direct Polar,annulus,province_clipped,0.25,141,0.9036434813025715,0.623229461756374,0.8764940239043825,0.728476821192053,251,353,220,31,133,0.5024689383032048
广西,Harmonic,disk,province_clipped,0.25,141,0.9036434813025715,0.5745257452574526,0.8446215139442231,0.6838709677419355,251,369,212,39,157,0.46595147033738044
广西,Harmonic,annulus,province_clipped,0.25,141,0.9036434813025715,0.5648414985590778,0.7808764940239044,0.6555183946488294,251,347,196,55,151,0.4477629315244555
广西,Area-balanced,disk,province_clipped,0.25,141,0.9036434813025715,0.5433070866141733,0.8247011952191236,0.6550632911392406,251,381,207,44,174,0.4391063895867168
广西,Area-balanced,annulus,province_clipped,0.25,141,0.9036434813025715,0.5111111111111111,0.7330677290836654,0.602291325695581,251,360,184,67,176,0.42212822040696124
广西,Regular Topology,disk,province_clipped,0.25,141,0.9036434813025715,0.37473684210526315,0.7091633466135459,0.4903581267217632,251,475,178,73,297,0.32106479830586376
广西,Regular Topology,annulus,province_clipped,0.25,141,0.9036434813025715,0.44321329639889195,0.6374501992031872,0.522875816993464,251,361,160,91,201,0.35396527835199737
广西,GeoDisk,disk,province_clipped,0.25,141,0.9036434813025715,0.4856396866840731,0.7410358565737052,0.5867507886435331,251,383,186,65,197,0.39146254576961953
广西,GeoAnnulus,annulus,province_clipped,0.25,141,0.9036434813025715,0.4884393063583815,0.6733067729083665,0.5661641541038526,251,346,169,82,177,0.39637796634127853
广西,GeoDisk-Final,disk,province_clipped,0.25,141,0.9036434813025715,0.5888594164456233,0.8844621513944223,0.7070063694267517,251,377,222,29,155,0.4824839450037065
广西,GeoAnnulus-Final,annulus,province_clipped,0.25,141,0.9036434813025715,0.5746478873239437,0.8127490039840638,0.6732673267326733,251,355,204,47,151,0.4651363189800466
广西,Direct Polar,disk,full_macro_cell,0.5,128,0.9572208019499521,0.7928571428571428,1.0,0.8844621513944223,222,280,222,0,58,0.7867512484210191
广西,Direct Polar,annulus,full_macro_cell,0.5,128,0.9572208019499521,0.7038216560509554,0.9954954954954955,0.8246268656716418,222,314,221,1,93,0.7196001149585708
广西,Harmonic,disk,full_macro_cell,0.5,128,0.9572208019499521,0.6515151515151515,0.9684684684684685,0.7789855072463768,222,330,215,7,115,0.6593506171398369
广西,Harmonic,annulus,full_macro_cell,0.5,128,0.9572208019499521,0.6327868852459017,0.8693693693693694,0.7324478178368122,222,305,193,29,112,0.6217547653396869
广西,Area-balanced,disk,full_macro_cell,0.5,128,0.9572208019499521,0.6047197640117994,0.9234234234234234,0.7308377896613191,222,339,205,17,134,0.6049343207035375
广西,Area-balanced,annulus,full_macro_cell,0.5,128,0.9572208019499521,0.5587301587301587,0.7927927927927928,0.6554934823091247,222,315,176,46,139,0.574630784954532
广西,Regular Topology,disk,full_macro_cell,0.5,128,0.9572208019499521,0.4098360655737705,0.7882882882882883,0.5392912172573191,222,427,175,47,252,0.431496706860229
广西,Regular Topology,annulus,full_macro_cell,0.5,128,0.9572208019499521,0.4984025559105431,0.7027027027027027,0.5831775700934579,222,313,156,66,157,0.4701716777491402
广西,GeoDisk,disk,full_macro_cell,0.5,128,0.9572208019499521,0.5595238095238095,0.8468468468468469,0.6738351254480287,222,336,188,34,148,0.5484986022369029
广西,GeoAnnulus,annulus,full_macro_cell,0.5,128,0.9572208019499521,0.54,0.7297297297297297,0.6206896551724138,222,300,162,60,138,0.538508931279043
广西,GeoDisk-Final,disk,full_macro_cell,0.5,128,0.9572208019499521,0.6577380952380952,0.9954954954954955,0.7921146953405018,222,336,221,1,115,0.6563054592801956
广西,GeoAnnulus-Final,annulus,full_macro_cell,0.5,128,0.9572208019499521,0.6549520766773163,0.9234234234234234,0.7663551401869159,222,313,205,17,108,0.657365209637515
广西,Direct Polar,disk,province_clipped,0.5,128,0.9572208019499521,0.7035714285714286,0.8716814159292036,0.7786561264822135,226,280,197,29,83,0.5568899452800382
广西,Direct Polar,annulus,province_clipped,0.5,128,0.9572208019499521,0.6305732484076433,0.8761061946902655,0.7333333333333335,226,314,198,28,116,0.5056756315445605
广西,Harmonic,disk,province_clipped,0.5,128,0.9572208019499521,0.5878787878787879,0.8584070796460177,0.697841726618705,226,330,194,32,136,0.47757223695207446
广西,Harmonic,annulus,province_clipped,0.5,128,0.9572208019499521,0.5868852459016394,0.7920353982300885,0.6741996233521658,226,305,179,47,126,0.4630991684989847
广西,Area-balanced,disk,province_clipped,0.5,128,0.9572208019499521,0.551622418879056,0.827433628318584,0.6619469026548673,226,339,187,39,152,0.445153470121698
广西,Area-balanced,annulus,province_clipped,0.5,128,0.9572208019499521,0.5206349206349207,0.7256637168141593,0.6062846580406654,226,315,164,62,151,0.4273307627759065
广西,Regular Topology,disk,province_clipped,0.5,128,0.9572208019499521,0.3793911007025761,0.7168141592920354,0.4961715160796324,226,427,162,64,265,0.3251450028263655
广西,Regular Topology,annulus,province_clipped,0.5,128,0.9572208019499521,0.46006389776357826,0.6371681415929203,0.5343228200371059,226,313,144,82,169,0.36214237741078553
广西,GeoDisk,disk,province_clipped,0.5,128,0.9572208019499521,0.5029761904761905,0.7477876106194691,0.6014234875444839,226,336,169,57,167,0.40240455800048724
广西,GeoAnnulus,annulus,province_clipped,0.5,128,0.9572208019499521,0.5033333333333333,0.668141592920354,0.5741444866920151,226,300,151,75,149,0.40757472466266237
广西,GeoDisk-Final,disk,province_clipped,0.5,128,0.9572208019499521,0.5982142857142857,0.8893805309734514,0.7153024911032028,226,336,201,25,135,0.49090160714731396
广西,GeoAnnulus-Final,annulus,province_clipped,0.5,128,0.9572208019499521,0.5878594249201278,0.8141592920353983,0.6827458256029685,226,313,184,42,129,0.47051353276086744
广西,Direct Polar,disk,full_macro_cell,0.75,118,0.9839948379442129,0.8023715415019763,1.0,0.8903508771929824,203,253,203,0,50,0.7976611726329679
广西,Direct Polar,annulus,full_macro_cell,0.75,118,0.9839948379442129,0.7137809187279152,0.9950738916256158,0.8312757201646089,203,283,202,1,81,0.7350326580199462
广西,Harmonic,disk,full_macro_cell,0.75,118,0.9839948379442129,0.6644295302013423,0.9753694581280788,0.7904191616766467,203,298,198,5,100,0.6676361848811606
广西,Harmonic,annulus,full_macro_cell,0.75,118,0.9839948379442129,0.6436363636363637,0.8719211822660099,0.7405857740585774,203,275,177,26,98,0.6269421912345118
广西,Area-balanced,disk,full_macro_cell,0.75,118,0.9839948379442129,0.6237623762376238,0.9310344827586207,0.7470355731225296,203,303,189,14,114,0.6198171180559542
广西,Area-balanced,annulus,full_macro_cell,0.75,118,0.9839948379442129,0.5729537366548043,0.7931034482758621,0.6652892561983471,203,281,161,42,120,0.5833865798002991
广西,Regular Topology,disk,full_macro_cell,0.75,118,0.9839948379442129,0.4050632911392405,0.7881773399014779,0.5351170568561873,203,395,160,43,235,0.42940703692688587
广西,Regular Topology,annulus,full_macro_cell,0.75,118,0.9839948379442129,0.501779359430605,0.6945812807881774,0.5826446280991736,203,281,141,62,140,0.47228563897898
广西,GeoDisk,disk,full_macro_cell,0.75,118,0.9839948379442129,0.5620915032679739,0.8472906403940886,0.6758349705304518,203,306,172,31,134,0.5493691724235277
广西,GeoAnnulus,annulus,full_macro_cell,0.75,118,0.9839948379442129,0.5444444444444444,0.7241379310344828,0.6215644820295982,203,270,147,56,123,0.536451370398214
广西,GeoDisk-Final,disk,full_macro_cell,0.75,118,0.9839948379442129,0.6666666666666666,0.9950738916256158,0.7984189723320158,203,303,202,1,101,0.6639994287079348
广西,GeoAnnulus-Final,annulus,full_macro_cell,0.75,118,0.9839948379442129,0.657243816254417,0.916256157635468,0.7654320987654321,203,283,186,17,97,0.6589203513729278
广西,Direct Polar,disk,province_clipped,0.75,118,0.9839948379442129,0.7154150197628458,0.8701923076923077,0.7852494577006507,208,253,181,27,72,0.57947757258542
广西,Direct Polar,annulus,province_clipped,0.75,118,0.9839948379442129,0.6431095406360424,0.875,0.7413441955193482,208,283,182,26,101,0.5294563279493357
广西,Harmonic,disk,province_clipped,0.75,118,0.9839948379442129,0.6040268456375839,0.8653846153846154,0.7114624505928854,208,298,180,28,118,0.4926221973061717
广西,Harmonic,annulus,province_clipped,0.75,118,0.9839948379442129,0.6,0.7932692307692307,0.6832298136645962,208,275,165,43,110,0.4770839430636356
广西,Area-balanced,disk,province_clipped,0.75,118,0.9839948379442129,0.570957095709571,0.8317307692307693,0.6771037181996087,208,303,173,35,130,0.4614035584823592
广西,Area-balanced,annulus,province_clipped,0.75,118,0.9839948379442129,0.5373665480427047,0.7259615384615384,0.6175869120654397,208,281,151,57,130,0.4470617993001501
广西,Regular Topology,disk,province_clipped,0.75,118,0.9839948379442129,0.379746835443038,0.7211538461538461,0.4975124378109454,208,395,150,58,245,0.3310328505060927
广西,Regular Topology,annulus,province_clipped,0.75,118,0.9839948379442129,0.4697508896797153,0.6346153846153846,0.5398773006134969,208,281,132,76,149,0.37249565434993415
广西,GeoDisk,disk,province_clipped,0.75,118,0.9839948379442129,0.5098039215686274,0.75,0.6070038910505836,208,306,156,52,150,0.412798227112993
广西,GeoAnnulus,annulus,province_clipped,0.75,118,0.9839948379442129,0.5111111111111111,0.6634615384615384,0.5774058577405858,208,270,138,70,132,0.41197956155372234
广西,GeoDisk-Final,disk,province_clipped,0.75,118,0.9839948379442129,0.6105610561056105,0.8894230769230769,0.7240704500978472,208,303,185,23,118,0.5089378596498683
广西,GeoAnnulus-Final,annulus,province_clipped,0.75,118,0.9839948379442129,0.5936395759717314,0.8076923076923077,0.6843177189409368,208,283,168,40,115,0.48349784464105977
安徽,Direct Polar,disk,full_macro_cell,0.0,96,0.8484399075460226,0.7079646017699115,1.0,0.8290155440414507,160,226,160,0,66,0.7035835532340466
安徽,Direct Polar,annulus,full_macro_cell,0.0,96,0.8484399075460226,0.6896551724137931,1.0,0.8163265306122449,160,232,160,0,72,0.7050289900086728
安徽,Harmonic,disk,full_macro_cell,0.0,96,0.8484399075460226,0.6255144032921811,0.95,0.7543424317617866,160,243,152,8,91,0.6378051807243467
安徽,Harmonic,annulus,full_macro_cell,0.0,96,0.8484399075460226,0.5956521739130435,0.85625,0.7025641025641024,160,230,137,23,93,0.6094189470749553
安徽,Area-balanced,disk,full_macro_cell,0.0,96,0.8484399075460226,0.5928853754940712,0.9375,0.7263922518159807,160,253,150,10,103,0.6055695523617897
安徽,Area-balanced,annulus,full_macro_cell,0.0,96,0.8484399075460226,0.5508474576271186,0.8125,0.6565656565656567,160,236,130,30,106,0.5795873222924307
安徽,Regular Topology,disk,full_macro_cell,0.0,96,0.8484399075460226,0.41694915254237286,0.76875,0.5406593406593405,160,295,123,37,172,0.44026925659626376
安徽,Regular Topology,annulus,full_macro_cell,0.0,96,0.8484399075460226,0.45714285714285713,0.7,0.5530864197530864,160,245,112,48,133,0.466373072405355
安徽,GeoDisk,disk,full_macro_cell,0.0,96,0.8484399075460226,0.5097276264591439,0.81875,0.6282973621103116,160,257,131,29,126,0.5248159348478892
安徽,GeoAnnulus,annulus,full_macro_cell,0.0,96,0.8484399075460226,0.521551724137931,0.75625,0.6173469387755102,160,232,121,39,111,0.5389379511670533
安徽,GeoDisk-Final,disk,full_macro_cell,0.0,96,0.8484399075460226,0.6334661354581673,0.99375,0.7737226277372263,160,251,159,1,92,0.6292073427679562
安徽,GeoAnnulus-Final,annulus,full_macro_cell,0.0,96,0.8484399075460226,0.6536796536796536,0.94375,0.772378516624041,160,231,151,9,80,0.6515721851695634
安徽,Direct Polar,disk,province_clipped,0.0,96,0.8484399075460226,0.6283185840707964,0.8502994011976048,0.7226463104325699,167,226,142,25,84,0.4526032937954862
安徽,Direct Polar,annulus,province_clipped,0.0,96,0.8484399075460226,0.603448275862069,0.8383233532934131,0.7017543859649122,167,232,140,27,92,0.43396828239127005
安徽,Harmonic,disk,province_clipped,0.0,96,0.8484399075460226,0.5596707818930041,0.8143712574850299,0.6634146341463415,167,243,136,31,107,0.40781065612842893
安徽,Harmonic,annulus,province_clipped,0.0,96,0.8484399075460226,0.5695652173913044,0.7844311377245509,0.6599496221662469,167,230,131,36,99,0.41379722340925906
安徽,Area-balanced,disk,province_clipped,0.0,96,0.8484399075460226,0.549407114624506,0.8323353293413174,0.661904761904762,167,253,139,28,114,0.420380071405508
安徽,Area-balanced,annulus,province_clipped,0.0,96,0.8484399075460226,0.5254237288135594,0.7425149700598802,0.6153846153846154,167,236,124,43,112,0.40425790325050187
安徽,Regular Topology,disk,province_clipped,0.0,96,0.8484399075460226,0.37966101694915255,0.6706586826347305,0.4848484848484848,167,295,112,55,183,0.29063674911593534
安徽,Regular Topology,annulus,province_clipped,0.0,96,0.8484399075460226,0.4326530612244898,0.6347305389221557,0.5145631067961165,167,245,106,61,139,0.3186150711583524
安徽,GeoDisk,disk,province_clipped,0.0,96,0.8484399075460226,0.47470817120622566,0.7305389221556886,0.5754716981132075,167,257,122,45,135,0.3800408962451871
安徽,GeoAnnulus,annulus,province_clipped,0.0,96,0.8484399075460226,0.5086206896551724,0.7065868263473054,0.5914786967418546,167,232,118,49,114,0.38944422540107526
安徽,GeoDisk-Final,disk,province_clipped,0.0,96,0.8484399075460226,0.5617529880478087,0.844311377245509,0.6746411483253589,167,251,141,26,110,0.41688050296796425
安徽,GeoAnnulus-Final,annulus,province_clipped,0.0,96,0.8484399075460226,0.5974025974025974,0.8263473053892215,0.693467336683417,167,231,138,29,93,0.4367693909368638
安徽,Direct Polar,disk,full_macro_cell,0.25,95,0.8547787776837731,0.7098214285714286,1.0,0.8302872062663186,159,224,159,0,65,0.7064521316407417
安徽,Direct Polar,annulus,full_macro_cell,0.25,95,0.8547787776837731,0.691304347826087,1.0,0.8174807197943444,159,230,159,0,71,0.7081002680534211
安徽,Harmonic,disk,full_macro_cell,0.25,95,0.8547787776837731,0.6317991631799164,0.949685534591195,0.7587939698492463,159,239,151,8,88,0.6406751486794667
安徽,Harmonic,annulus,full_macro_cell,0.25,95,0.8547787776837731,0.5991189427312775,0.8553459119496856,0.7046632124352331,159,227,136,23,91,0.61373553021671
安徽,Area-balanced,disk,full_macro_cell,0.25,95,0.8547787776837731,0.596,0.9371069182389937,0.7286063569682151,159,250,149,10,101,0.6092356724362166
安徽,Area-balanced,annulus,full_macro_cell,0.25,95,0.8547787776837731,0.5536480686695279,0.8113207547169812,0.6581632653061225,159,233,129,30,104,0.5830584001442515
安徽,Regular Topology,disk,full_macro_cell,0.25,95,0.8547787776837731,0.4178082191780822,0.7672955974842768,0.541019955654102,159,292,122,37,170,0.4425802278716679
安徽,Regular Topology,annulus,full_macro_cell,0.25,95,0.8547787776837731,0.45867768595041325,0.6981132075471698,0.5536159600997506,159,242,111,48,131,0.468958820689276
安徽,GeoDisk,disk,full_macro_cell,0.25,95,0.8547787776837731,0.5118110236220472,0.8176100628930818,0.6295399515738499,159,254,130,29,124,0.5273012910448415
安徽,GeoAnnulus,annulus,full_macro_cell,0.25,95,0.8547787776837731,0.5240174672489083,0.7547169811320755,0.6185567010309279,159,229,120,39,109,0.5416550501351706
安徽,GeoDisk-Final,disk,full_macro_cell,0.25,95,0.8547787776837731,0.6345381526104418,0.9937106918238994,0.7745098039215685,159,249,158,1,91,0.6334773463912294
安徽,GeoAnnulus-Final,annulus,full_macro_cell,0.25,95,0.8547787776837731,0.6550218340611353,0.9433962264150944,0.7731958762886598,159,229,150,9,79,0.6541426167933421
安徽,Direct Polar,disk,province_clipped,0.25,95,0.8547787776837731,0.625,0.8484848484848485,0.7197943444730076,165,224,140,25,84,0.44492609670668987
安徽,Direct Polar,annulus,province_clipped,0.25,95,0.8547787776837731,0.6,0.8363636363636363,0.6987341772151898,165,230,138,27,92,0.42600610228400687
安徽,Harmonic,disk,province_clipped,0.25,95,0.8547787776837731,0.5606694560669456,0.8121212121212121,0.6633663366336634,165,239,134,31,105,0.4023110138101177
安徽,Harmonic,annulus,province_clipped,0.25,95,0.8547787776837731,0.5682819383259912,0.7818181818181819,0.6581632653061223,165,227,129,36,98,0.40993404916738796
安徽,Area-balanced,disk,province_clipped,0.25,95,0.8547787776837731,0.548,0.8303030303030303,0.6602409638554217,165,250,137,28,113,0.41565732330264643
安徽,Area-balanced,annulus,province_clipped,0.25,95,0.8547787776837731,0.5236051502145923,0.7393939393939394,0.6130653266331658,165,233,122,43,111,0.3992035837444833
安徽,Regular Topology,disk,province_clipped,0.25,95,0.8547787776837731,0.3801369863013699,0.6727272727272727,0.4857768052516412,165,292,111,54,181,0.2898520082677685
安徽,Regular Topology,annulus,province_clipped,0.25,95,0.8547787776837731,0.43388429752066116,0.6363636363636364,0.5159705159705159,165,242,105,60,137,0.3181355178343545
安徽,GeoDisk,disk,province_clipped,0.25,95,0.8547787776837731,0.47244094488188976,0.7272727272727273,0.5727923627684964,165,254,120,45,134,0.37482631691243884
安徽,GeoAnnulus,annulus,province_clipped,0.25,95,0.8547787776837731,0.5065502183406113,0.703030303030303,0.5888324873096447,165,229,116,49,113,0.384093614639484
安徽,GeoDisk-Final,disk,province_clipped,0.25,95,0.8547787776837731,0.5582329317269076,0.8424242424242424,0.6714975845410628,165,249,139,26,110,0.41213719780120306
安徽,GeoAnnulus-Final,annulus,province_clipped,0.25,95,0.8547787776837731,0.5938864628820961,0.8242424242424242,0.6903553299492385,165,229,136,29,93,0.4290440868312792
安徽,Direct Polar,disk,full_macro_cell,0.5,81,0.9391401029017465,0.7272727272727273,1.0,0.8421052631578948,136,187,136,0,51,0.7230702957597809
安徽,Direct Polar,annulus,full_macro_cell,0.5,81,0.9391401029017465,0.7083333333333334,1.0,0.8292682926829268,136,192,136,0,56,0.7304178975245941
安徽,Harmonic,disk,full_macro_cell,0.5,81,0.9391401029017465,0.6751269035532995,0.9779411764705882,0.7987987987987988,136,197,133,3,64,0.6742388766024244
安徽,Harmonic,annulus,full_macro_cell,0.5,81,0.9391401029017465,0.644808743169399,0.8676470588235294,0.7398119122257053,136,183,118,18,65,0.6442536897587924
安徽,Area-balanced,disk,full_macro_cell,0.5,81,0.9391401029017465,0.6225490196078431,0.9338235294117647,0.7470588235294118,136,204,127,9,77,0.6552217064299968
安徽,Area-balanced,annulus,full_macro_cell,0.5,81,0.9391401029017465,0.574468085106383,0.7941176470588235,0.6666666666666666,136,188,108,28,80,0.6036082997337191
安徽,Regular Topology,disk,full_macro_cell,0.5,81,0.9391401029017465,0.43333333333333335,0.7647058823529411,0.5531914893617021,136,240,104,32,136,0.47712382497517375
安徽,Regular Topology,annulus,full_macro_cell,0.5,81,0.9391401029017465,0.48947368421052634,0.6838235294117647,0.5705521472392638,136,190,93,43,97,0.5104473072825326
安徽,GeoDisk,disk,full_macro_cell,0.5,81,0.9391401029017465,0.5294117647058824,0.7941176470588235,0.6352941176470589,136,204,108,28,96,0.56632776183433
安徽,GeoAnnulus,annulus,full_macro_cell,0.5,81,0.9391401029017465,0.5439560439560439,0.7279411764705882,0.6226415094339622,136,182,99,37,83,0.570480428138667
安徽,GeoDisk-Final,disk,full_macro_cell,0.5,81,0.9391401029017465,0.6666666666666666,1.0,0.8,136,204,136,0,68,0.6762586469343149
安徽,GeoAnnulus-Final,annulus,full_macro_cell,0.5,81,0.9391401029017465,0.675531914893617,0.9338235294117647,0.7839506172839505,136,188,127,9,61,0.673920232716529
安徽,Direct Polar,disk,province_clipped,0.5,81,0.9391401029017465,0.6631016042780749,0.8493150684931506,0.7447447447447447,146,187,124,22,63,0.4809642937996911
安徽,Direct Polar,annulus,province_clipped,0.5,81,0.9391401029017465,0.640625,0.8424657534246576,0.7278106508875739,146,192,123,23,69,0.4680057997123127
安徽,Harmonic,disk,province_clipped,0.5,81,0.9391401029017465,0.6142131979695431,0.8287671232876712,0.7055393586005831,146,197,121,25,76,0.45573090199136523
安徽,Harmonic,annulus,province_clipped,0.5,81,0.9391401029017465,0.6338797814207651,0.7945205479452054,0.7051671732522796,146,183,116,30,67,0.47389816617829467
安徽,Area-balanced,disk,province_clipped,0.5,81,0.9391401029017465,0.5931372549019608,0.8287671232876712,0.6914285714285714,146,204,121,25,83,0.47641620224322895
安徽,Area-balanced,annulus,province_clipped,0.5,81,0.9391401029017465,0.5691489361702128,0.7328767123287672,0.6407185628742516,146,188,107,39,81,0.44573261217711385
安徽,Regular Topology,disk,province_clipped,0.5,81,0.9391401029017465,0.4041666666666667,0.6643835616438356,0.5025906735751295,146,240,97,49,143,0.3302362255799504
安徽,Regular Topology,annulus,province_clipped,0.5,81,0.9391401029017465,0.4789473684210526,0.6232876712328768,0.5416666666666667,146,190,91,55,99,0.36568528087361934
安徽,GeoDisk,disk,province_clipped,0.5,81,0.9391401029017465,0.5098039215686274,0.7123287671232876,0.5942857142857142,146,204,104,42,100,0.4252440395305252
安徽,GeoAnnulus,annulus,province_clipped,0.5,81,0.9391401029017465,0.554945054945055,0.6917808219178082,0.6158536585365852,146,182,101,45,81,0.4357782609144265
安徽,GeoDisk-Final,disk,province_clipped,0.5,81,0.9391401029017465,0.5980392156862745,0.8356164383561644,0.6971428571428572,146,204,122,24,82,0.45749927179379074
安徽,GeoAnnulus-Final,annulus,province_clipped,0.5,81,0.9391401029017465,0.6382978723404256,0.821917808219178,0.7185628742514969,146,188,120,26,68,0.4719772336960733
安徽,Direct Polar,disk,full_macro_cell,0.75,70,0.9805638929410924,0.7419354838709677,1.0,0.8518518518518519,115,155,115,0,40,0.7384215644299678
安徽,Direct Polar,annulus,full_macro_cell,0.75,70,0.9805638929410924,0.7278481012658228,1.0,0.8424908424908425,115,158,115,0,43,0.7535327367359654
安徽,Harmonic,disk,full_macro_cell,0.75,70,0.9805638929410924,0.6826347305389222,0.991304347826087,0.8085106382978724,115,167,114,1,53,0.6911574682627313
安徽,Harmonic,annulus,full_macro_cell,0.75,70,0.9805638929410924,0.6535947712418301,0.8695652173913043,0.746268656716418,115,153,100,15,53,0.6578751790251126
安徽,Area-balanced,disk,full_macro_cell,0.75,70,0.9805638929410924,0.6566265060240963,0.9478260869565217,0.7758007117437722,115,166,109,6,57,0.681344790400518
安徽,Area-balanced,annulus,full_macro_cell,0.75,70,0.9805638929410924,0.5974025974025974,0.8,0.6840148698884758,115,154,92,23,62,0.6237413086323966
安徽,Regular Topology,disk,full_macro_cell,0.75,70,0.9805638929410924,0.45145631067961167,0.808695652173913,0.5794392523364486,115,206,93,22,113,0.4930929100100064
安徽,Regular Topology,annulus,full_macro_cell,0.75,70,0.9805638929410924,0.5256410256410257,0.7130434782608696,0.6051660516605166,115,156,82,33,74,0.5353291918240574
安徽,GeoDisk,disk,full_macro_cell,0.75,70,0.9805638929410924,0.5595238095238095,0.8173913043478261,0.6643109540636043,115,168,94,21,74,0.5733006253580788
安徽,GeoAnnulus,annulus,full_macro_cell,0.75,70,0.9805638929410924,0.5675675675675675,0.7304347826086957,0.6387832699619771,115,148,84,31,64,0.5812381611950386
安徽,GeoDisk-Final,disk,full_macro_cell,0.75,70,0.9805638929410924,0.6804733727810651,1.0,0.8098591549295774,115,169,115,0,54,0.6949006055618172
安徽,GeoAnnulus-Final,annulus,full_macro_cell,0.75,70,0.9805638929410924,0.6883116883116883,0.9217391304347826,0.788104089219331,115,154,106,9,48,0.6914935542981762
安徽,Direct Polar,disk,province_clipped,0.75,70,0.9805638929410924,0.6451612903225806,0.8547008547008547,0.7352941176470589,117,155,100,17,55,0.4541526994186216
安徽,Direct Polar,annulus,province_clipped,0.75,70,0.9805638929410924,0.6139240506329114,0.8290598290598291,0.7054545454545454,117,158,97,20,61,0.43611239950525665
安徽,Harmonic,disk,province_clipped,0.75,70,0.9805638929410924,0.5868263473053892,0.8376068376068376,0.6901408450704225,117,167,98,19,69,0.4235181849086095
安徽,Harmonic,annulus,province_clipped,0.75,70,0.9805638929410924,0.6078431372549019,0.7948717948717948,0.6888888888888889,117,153,93,24,60,0.4373256943557695
安徽,Area-balanced,disk,province_clipped,0.75,70,0.9805638929410924,0.5843373493975904,0.8290598290598291,0.6855123674911661,117,166,97,20,69,0.4449021174535327
安徽,Area-balanced,annulus,province_clipped,0.75,70,0.9805638929410924,0.5584415584415584,0.7350427350427351,0.6346863468634686,117,154,86,31,68,0.42925774419693036
安徽,Regular Topology,disk,province_clipped,0.75,70,0.9805638929410924,0.4029126213592233,0.7094017094017094,0.5139318885448917,117,206,83,34,123,0.3188841924685841
安徽,Regular Topology,annulus,province_clipped,0.75,70,0.9805638929410924,0.4935897435897436,0.6581196581196581,0.5641025641025641,117,156,77,40,79,0.3630266093064633
安徽,GeoDisk,disk,province_clipped,0.75,70,0.9805638929410924,0.5119047619047619,0.7350427350427351,0.6035087719298246,117,168,86,31,82,0.40899163998048377
安徽,GeoAnnulus,annulus,province_clipped,0.75,70,0.9805638929410924,0.5472972972972973,0.6923076923076923,0.6113207547169811,117,148,81,36,67,0.4267388762031619
安徽,GeoDisk-Final,disk,province_clipped,0.75,70,0.9805638929410924,0.5680473372781065,0.8205128205128205,0.6713286713286714,117,169,96,21,73,0.42662336870707057
安徽,GeoAnnulus-Final,annulus,province_clipped,0.75,70,0.9805638929410924,0.6103896103896104,0.8034188034188035,0.6937269372693727,117,154,94,23,60,0.44428055015405743
浙江,Direct Polar,disk,full_macro_cell,0.0,65,0.9200923024908271,0.8088235294117647,1.0,0.8943089430894309,110,136,110,0,26,0.8078246991821653
浙江,Direct Polar,annulus,full_macro_cell,0.0,65,0.9200923024908271,0.7692307692307693,1.0,0.8695652173913044,110,143,110,0,33,0.8117054564339632
浙江,Harmonic,disk,full_macro_cell,0.0,65,0.9200923024908271,0.6547619047619048,1.0,0.7913669064748202,110,168,110,0,58,0.6597329422317516
浙江,Harmonic,annulus,full_macro_cell,0.0,65,0.9200923024908271,0.6513157894736842,0.9,0.7557251908396946,110,152,99,11,53,0.6716542833076531
浙江,Area-balanced,disk,full_macro_cell,0.0,65,0.9200923024908271,0.6428571428571429,0.9818181818181818,0.776978417266187,110,168,108,2,60,0.6519784370058245
浙江,Area-balanced,annulus,full_macro_cell,0.0,65,0.9200923024908271,0.62,0.8454545454545455,0.7153846153846155,110,150,93,17,57,0.6731316878459056
浙江,Regular Topology,disk,full_macro_cell,0.0,65,0.9200923024908271,0.4946808510638298,0.8454545454545455,0.6241610738255033,110,188,93,17,95,0.49323551944368493
浙江,Regular Topology,annulus,full_macro_cell,0.0,65,0.9200923024908271,0.5393939393939394,0.8090909090909091,0.6472727272727272,110,165,89,21,76,0.5269281223468815
浙江,GeoDisk,disk,full_macro_cell,0.0,65,0.9200923024908271,0.6,0.9272727272727272,0.7285714285714284,110,170,102,8,68,0.6241102448724605
浙江,GeoAnnulus,annulus,full_macro_cell,0.0,65,0.9200923024908271,0.6190476190476191,0.8272727272727273,0.708171206225681,110,147,91,19,56,0.6652194813733275
浙江,GeoDisk-Final,disk,full_macro_cell,0.0,65,0.9200923024908271,0.650887573964497,1.0,0.7885304659498208,110,169,110,0,59,0.6573721305949218
浙江,GeoAnnulus-Final,annulus,full_macro_cell,0.0,65,0.9200923024908271,0.6451612903225806,0.9090909090909091,0.7547169811320754,110,155,100,10,55,0.6590869611058942
浙江,Direct Polar,disk,province_clipped,0.0,65,0.9200923024908271,0.6911764705882353,0.831858407079646,0.7550200803212852,113,136,94,19,42,0.4859119575748535
浙江,Direct Polar,annulus,province_clipped,0.0,65,0.9200923024908271,0.6433566433566433,0.8141592920353983,0.71875,113,143,92,21,51,0.4654962333451259
浙江,Harmonic,disk,province_clipped,0.0,65,0.9200923024908271,0.5773809523809523,0.8584070796460177,0.6903914590747331,113,168,97,16,71,0.4194420307405542
浙江,Harmonic,annulus,province_clipped,0.0,65,0.9200923024908271,0.5723684210526315,0.7699115044247787,0.6566037735849056,113,152,87,26,65,0.4295530059366688
浙江,Area-balanced,disk,province_clipped,0.0,65,0.9200923024908271,0.5654761904761905,0.8407079646017699,0.6761565836298933,113,168,95,18,73,0.42932148055363206
浙江,Area-balanced,annulus,province_clipped,0.0,65,0.9200923024908271,0.5533333333333333,0.7345132743362832,0.6311787072243347,113,150,83,30,67,0.4500343062113722
浙江,Regular Topology,disk,province_clipped,0.0,65,0.9200923024908271,0.4521276595744681,0.7522123893805309,0.5647840531561462,113,188,85,28,103,0.3297194930301571
浙江,Regular Topology,annulus,province_clipped,0.0,65,0.9200923024908271,0.46060606060606063,0.672566371681416,0.5467625899280576,113,165,76,37,89,0.3430853642815394
浙江,GeoDisk,disk,province_clipped,0.0,65,0.9200923024908271,0.5352941176470588,0.8053097345132744,0.6431095406360424,113,170,91,22,79,0.41377546855460723
浙江,GeoAnnulus,annulus,province_clipped,0.0,65,0.9200923024908271,0.5238095238095238,0.6814159292035398,0.5923076923076923,113,147,77,36,70,0.4145701377292232
浙江,GeoDisk-Final,disk,province_clipped,0.0,65,0.9200923024908271,0.5739644970414202,0.8584070796460177,0.6879432624113475,113,169,97,16,72,0.4189535058099002
浙江,GeoAnnulus-Final,annulus,province_clipped,0.0,65,0.9200923024908271,0.5741935483870968,0.7876106194690266,0.6641791044776119,113,155,89,24,66,0.44001180701228326
浙江,Direct Polar,disk,full_macro_cell,0.25,65,0.9200923024908271,0.8088235294117647,1.0,0.8943089430894309,110,136,110,0,26,0.8078246991821653
浙江,Direct Polar,annulus,full_macro_cell,0.25,65,0.9200923024908271,0.7692307692307693,1.0,0.8695652173913044,110,143,110,0,33,0.8117054564339632
浙江,Harmonic,disk,full_macro_cell,0.25,65,0.9200923024908271,0.6547619047619048,1.0,0.7913669064748202,110,168,110,0,58,0.6597329422317516
浙江,Harmonic,annulus,full_macro_cell,0.25,65,0.9200923024908271,0.6513157894736842,0.9,0.7557251908396946,110,152,99,11,53,0.6716542833076531
浙江,Area-balanced,disk,full_macro_cell,0.25,65,0.9200923024908271,0.6428571428571429,0.9818181818181818,0.776978417266187,110,168,108,2,60,0.6519784370058245
浙江,Area-balanced,annulus,full_macro_cell,0.25,65,0.9200923024908271,0.62,0.8454545454545455,0.7153846153846155,110,150,93,17,57,0.6731316878459056
浙江,Regular Topology,disk,full_macro_cell,0.25,65,0.9200923024908271,0.4946808510638298,0.8454545454545455,0.6241610738255033,110,188,93,17,95,0.49323551944368493
浙江,Regular Topology,annulus,full_macro_cell,0.25,65,0.9200923024908271,0.5393939393939394,0.8090909090909091,0.6472727272727272,110,165,89,21,76,0.5269281223468815
浙江,GeoDisk,disk,full_macro_cell,0.25,65,0.9200923024908271,0.6,0.9272727272727272,0.7285714285714284,110,170,102,8,68,0.6241102448724605
浙江,GeoAnnulus,annulus,full_macro_cell,0.25,65,0.9200923024908271,0.6190476190476191,0.8272727272727273,0.708171206225681,110,147,91,19,56,0.6652194813733275
浙江,GeoDisk-Final,disk,full_macro_cell,0.25,65,0.9200923024908271,0.650887573964497,1.0,0.7885304659498208,110,169,110,0,59,0.6573721305949218
浙江,GeoAnnulus-Final,annulus,full_macro_cell,0.25,65,0.9200923024908271,0.6451612903225806,0.9090909090909091,0.7547169811320754,110,155,100,10,55,0.6590869611058942
浙江,Direct Polar,disk,province_clipped,0.25,65,0.9200923024908271,0.6911764705882353,0.831858407079646,0.7550200803212852,113,136,94,19,42,0.4859119575748535
浙江,Direct Polar,annulus,province_clipped,0.25,65,0.9200923024908271,0.6433566433566433,0.8141592920353983,0.71875,113,143,92,21,51,0.4654962333451259
浙江,Harmonic,disk,province_clipped,0.25,65,0.9200923024908271,0.5773809523809523,0.8584070796460177,0.6903914590747331,113,168,97,16,71,0.4194420307405542
浙江,Harmonic,annulus,province_clipped,0.25,65,0.9200923024908271,0.5723684210526315,0.7699115044247787,0.6566037735849056,113,152,87,26,65,0.4295530059366688
浙江,Area-balanced,disk,province_clipped,0.25,65,0.9200923024908271,0.5654761904761905,0.8407079646017699,0.6761565836298933,113,168,95,18,73,0.42932148055363206
浙江,Area-balanced,annulus,province_clipped,0.25,65,0.9200923024908271,0.5533333333333333,0.7345132743362832,0.6311787072243347,113,150,83,30,67,0.4500343062113722
浙江,Regular Topology,disk,province_clipped,0.25,65,0.9200923024908271,0.4521276595744681,0.7522123893805309,0.5647840531561462,113,188,85,28,103,0.3297194930301571
浙江,Regular Topology,annulus,province_clipped,0.25,65,0.9200923024908271,0.46060606060606063,0.672566371681416,0.5467625899280576,113,165,76,37,89,0.3430853642815394
浙江,GeoDisk,disk,province_clipped,0.25,65,0.9200923024908271,0.5352941176470588,0.8053097345132744,0.6431095406360424,113,170,91,22,79,0.41377546855460723
浙江,GeoAnnulus,annulus,province_clipped,0.25,65,0.9200923024908271,0.5238095238095238,0.6814159292035398,0.5923076923076923,113,147,77,36,70,0.4145701377292232
浙江,GeoDisk-Final,disk,province_clipped,0.25,65,0.9200923024908271,0.5739644970414202,0.8584070796460177,0.6879432624113475,113,169,97,16,72,0.4189535058099002
浙江,GeoAnnulus-Final,annulus,province_clipped,0.25,65,0.9200923024908271,0.5741935483870968,0.7876106194690266,0.6641791044776119,113,155,89,24,66,0.44001180701228326
浙江,Direct Polar,disk,full_macro_cell,0.5,60,0.9660187037873198,0.819672131147541,1.0,0.9009009009009009,100,122,100,0,22,0.814133378876026
浙江,Direct Polar,annulus,full_macro_cell,0.5,60,0.9660187037873198,0.7633587786259542,1.0,0.8658008658008659,100,131,100,0,31,0.8017201126759951
浙江,Harmonic,disk,full_macro_cell,0.5,60,0.9660187037873198,0.6622516556291391,1.0,0.7968127490039841,100,151,100,0,51,0.6678798892885581
浙江,Harmonic,annulus,full_macro_cell,0.5,60,0.9660187037873198,0.6544117647058824,0.89,0.7542372881355932,100,136,89,11,47,0.6699726239819118
浙江,Area-balanced,disk,full_macro_cell,0.5,60,0.9660187037873198,0.6490066225165563,0.98,0.7808764940239044,100,151,98,2,53,0.6542897104042615
浙江,Area-balanced,annulus,full_macro_cell,0.5,60,0.9660187037873198,0.6240601503759399,0.83,0.7124463519313304,100,133,83,17,50,0.6698488322965876
浙江,Regular Topology,disk,full_macro_cell,0.5,60,0.9660187037873198,0.49404761904761907,0.83,0.6194029850746269,100,168,83,17,85,0.5023660691486498
浙江,Regular Topology,annulus,full_macro_cell,0.5,60,0.9660187037873198,0.5448275862068965,0.79,0.6448979591836735,100,145,79,21,66,0.5390609112137917
浙江,GeoDisk,disk,full_macro_cell,0.5,60,0.9660187037873198,0.6052631578947368,0.92,0.7301587301587301,100,152,92,8,60,0.6242907355441009
浙江,GeoAnnulus,annulus,full_macro_cell,0.5,60,0.9660187037873198,0.6183206106870229,0.81,0.7012987012987013,100,131,81,19,50,0.6565776403392504
浙江,GeoDisk-Final,disk,full_macro_cell,0.5,60,0.9660187037873198,0.6622516556291391,1.0,0.7968127490039841,100,151,100,0,51,0.6701738530647201
浙江,GeoAnnulus-Final,annulus,full_macro_cell,0.5,60,0.9660187037873198,0.6474820143884892,0.9,0.7531380753138076,100,139,90,10,49,0.6551496461055285
浙江,Direct Polar,disk,province_clipped,0.5,60,0.9660187037873198,0.6967213114754098,0.8252427184466019,0.7555555555555555,103,122,85,18,37,0.47166571445983213
浙江,Direct Polar,annulus,province_clipped,0.5,60,0.9660187037873198,0.6412213740458015,0.8155339805825242,0.717948717948718,103,131,84,19,47,0.45164695935013277
浙江,Harmonic,disk,province_clipped,0.5,60,0.9660187037873198,0.5761589403973509,0.8446601941747572,0.6850393700787402,103,151,87,16,64,0.41141610389094907
浙江,Harmonic,annulus,province_clipped,0.5,60,0.9660187037873198,0.5661764705882353,0.7475728155339806,0.6443514644351466,103,136,77,26,59,0.414564086512616
浙江,Area-balanced,disk,province_clipped,0.5,60,0.9660187037873198,0.5629139072847682,0.8252427184466019,0.6692913385826771,103,151,85,18,66,0.41788609816894245
浙江,Area-balanced,annulus,province_clipped,0.5,60,0.9660187037873198,0.5488721804511278,0.7087378640776699,0.6186440677966103,103,133,73,30,60,0.4393265734809852
浙江,Regular Topology,disk,province_clipped,0.5,60,0.9660187037873198,0.4583333333333333,0.7475728155339806,0.5682656826568265,103,168,77,26,91,0.3321360204619335
浙江,Regular Topology,annulus,province_clipped,0.5,60,0.9660187037873198,0.4689655172413793,0.6601941747572816,0.5483870967741936,103,145,68,35,77,0.3468334782100934
浙江,GeoDisk,disk,province_clipped,0.5,60,0.9660187037873198,0.5394736842105263,0.7961165048543689,0.6431372549019608,103,152,82,21,70,0.4092751599214714
浙江,GeoAnnulus,annulus,province_clipped,0.5,60,0.9660187037873198,0.5190839694656488,0.6601941747572816,0.5811965811965811,103,131,68,35,63,0.3995293445661093
浙江,GeoDisk-Final,disk,province_clipped,0.5,60,0.9660187037873198,0.5761589403973509,0.8446601941747572,0.6850393700787402,103,151,87,16,64,0.4127616935724521
浙江,GeoAnnulus-Final,annulus,province_clipped,0.5,60,0.9660187037873198,0.5755395683453237,0.7766990291262136,0.6611570247933883,103,139,80,23,59,0.4296213540215088
浙江,Direct Polar,disk,full_macro_cell,0.75,56,0.987536026606362,0.8173913043478261,1.0,0.8995215311004785,94,115,94,0,21,0.8118851765647984
浙江,Direct Polar,annulus,full_macro_cell,0.75,56,0.987536026606362,0.7704918032786885,1.0,0.8703703703703703,94,122,94,0,28,0.8132416107468627
浙江,Harmonic,disk,full_macro_cell,0.75,56,0.987536026606362,0.6619718309859155,1.0,0.7966101694915254,94,142,94,0,48,0.6713836360363062
浙江,Harmonic,annulus,full_macro_cell,0.75,56,0.987536026606362,0.664,0.8829787234042553,0.7579908675799086,94,125,83,11,42,0.6841994358165299
浙江,Area-balanced,disk,full_macro_cell,0.75,56,0.987536026606362,0.6524822695035462,0.9787234042553191,0.7829787234042555,94,141,92,2,49,0.6669187425614338
浙江,Area-balanced,annulus,full_macro_cell,0.75,56,0.987536026606362,0.6260162601626016,0.8191489361702128,0.7096774193548387,94,123,77,17,46,0.6832241337984096
浙江,Regular Topology,disk,full_macro_cell,0.75,56,0.987536026606362,0.49056603773584906,0.8297872340425532,0.616600790513834,94,159,78,16,81,0.5079359266905659
浙江,Regular Topology,annulus,full_macro_cell,0.75,56,0.987536026606362,0.5441176470588235,0.7872340425531915,0.6434782608695653,94,136,74,20,62,0.5479923174063116
浙江,GeoDisk,disk,full_macro_cell,0.75,56,0.987536026606362,0.6056338028169014,0.9148936170212766,0.7288135593220338,94,142,86,8,56,0.6323888825631814
浙江,GeoAnnulus,annulus,full_macro_cell,0.75,56,0.987536026606362,0.625,0.7978723404255319,0.7009345794392524,94,120,75,19,45,0.670990006387784
浙江,GeoDisk-Final,disk,full_macro_cell,0.75,56,0.987536026606362,0.6619718309859155,1.0,0.7966101694915254,94,142,94,0,48,0.6736444702098726
浙江,GeoAnnulus-Final,annulus,full_macro_cell,0.75,56,0.987536026606362,0.65625,0.8936170212765957,0.7567567567567568,94,128,84,10,44,0.6713677749654641
浙江,Direct Polar,disk,province_clipped,0.75,56,0.987536026606362,0.6956521739130435,0.8333333333333334,0.7582938388625592,96,115,80,16,35,0.47934163321505757
浙江,Direct Polar,annulus,province_clipped,0.75,56,0.987536026606362,0.639344262295082,0.8125,0.7155963302752295,96,122,78,18,44,0.45338048044331225
浙江,Harmonic,disk,province_clipped,0.75,56,0.987536026606362,0.5704225352112676,0.84375,0.680672268907563,96,142,81,15,61,0.4165891431716841
浙江,Harmonic,annulus,province_clipped,0.75,56,0.987536026606362,0.56,0.7291666666666666,0.6334841628959277,96,125,70,26,55,0.41264377254398266
浙江,Area-balanced,disk,province_clipped,0.75,56,0.987536026606362,0.5602836879432624,0.8229166666666666,0.6666666666666667,96,141,79,17,62,0.42504976172084324
浙江,Area-balanced,annulus,province_clipped,0.75,56,0.987536026606362,0.5365853658536586,0.6875,0.6027397260273972,96,123,66,30,57,0.44005591309950554
浙江,Regular Topology,disk,province_clipped,0.75,56,0.987536026606362,0.4528301886792453,0.75,0.5647058823529413,96,159,72,24,87,0.3400821214244358
浙江,Regular Topology,annulus,province_clipped,0.75,56,0.987536026606362,0.4632352941176471,0.65625,0.543103448275862,96,136,63,33,73,0.35615114544881815
浙江,GeoDisk,disk,province_clipped,0.75,56,0.987536026606362,0.5352112676056338,0.7916666666666666,0.6386554621848739,96,142,76,20,66,0.4095392820936285
浙江,GeoAnnulus,annulus,province_clipped,0.75,56,0.987536026606362,0.5083333333333333,0.6354166666666666,0.5648148148148149,96,120,61,35,59,0.39529842677164106
浙江,GeoDisk-Final,disk,province_clipped,0.75,56,0.987536026606362,0.5704225352112676,0.84375,0.680672268907563,96,142,81,15,61,0.4176917157643329
浙江,GeoAnnulus-Final,annulus,province_clipped,0.75,56,0.987536026606362,0.5703125,0.7604166666666666,0.6517857142857143,96,128,73,23,55,0.4310943141825495
