dataset,method,view,node_group,node_count,mean_reference_degree,mean_display_degree,degree_absolute_error,node_adj_precision,node_adj_recall,node_adj_f1,node_neighbor_jaccard,node_angular_error_deg,node_radial_rank_error,node_direction_error_deg,node_neighbor_order_accuracy
湖北,Direct Polar,disk,boundary,47,2.5106382978723403,3.6595744680851063,1.148936170212766,0.7112462006079027,0.9822695035460992,0.814235055724417,0.7059270516717325,1.466486406261794,0.0776843146956952,25.03494893110971,0.8370370370370368
湖北,Direct Polar,disk,interior,83,4.0,5.469879518072289,1.4698795180722892,0.7509370816599732,0.9939759036144579,0.8486032708924277,0.7479250334672021,1.7453786206701207,0.0322219108994116,16.15992321317847,0.9373493975903613
湖北,Direct Polar,disk,all,130,3.4615384615384617,4.815384615384615,1.353846153846154,0.7365873015873016,0.9897435897435897,0.8361778392547623,0.7327411477411477,1.64454835853788,0.048658318425760294,19.36858635735361,0.9020833333333333
湖北,Direct Polar,annulus,boundary,47,2.5106382978723403,3.74468085106383,1.2340425531914894,0.6980496453900709,1.0,0.8137330754352027,0.6980496453900709,1.248979250388537,0.07389081312881411,25.089712937826363,0.8695652173913042
湖北,Direct Polar,annulus,interior,83,4.0,5.975903614457831,1.9759036144578312,0.6781411359724612,1.0,0.8055981501764635,0.6781411359724612,1.3658418357911335,0.03455683197907911,20.716664874762856,0.9397590361445781
湖北,Direct Polar,annulus,all,130,3.4615384615384617,5.1692307692307695,1.7076923076923076,0.6853388278388278,1.0,0.8085392385392385,0.6853388278388278,1.3235915164532714,0.048777579010137156,22.297689943716588,0.9147286821705426
湖北,Harmonic,disk,boundary,47,2.5106382978723403,3.6595744680851063,1.148936170212766,0.499290780141844,0.7375886524822695,0.5848024316109424,0.4546099290780142,0.8090035877683553,0.15174006267524331,28.646707488636405,0.9292929292929292
湖北,Harmonic,disk,interior,83,4.0,5.927710843373494,1.9518072289156627,0.5791977433543699,0.8493975903614458,0.6844448055291429,0.5397407813070464,3.7309044667893225,0.0933968431867003,16.087802520960444,0.9030701754385964
湖北,Harmonic,disk,all,130,3.4615384615384617,5.107692307692307,1.6615384615384616,0.5503083028083028,0.8089743589743589,0.6484202549587165,0.5089627039627039,2.674524918220203,0.11449016100178892,20.628329701581748,0.9110091743119266
湖北,Harmonic,annulus,boundary,47,2.5106382978723403,3.595744680851064,1.0851063829787233,0.5095744680851063,0.7375886524822695,0.5919452887537994,0.4634751773049645,0.7853593031159546,0.1451426686458849,28.84427639394117,0.9292929292929292
湖北,Harmonic,annulus,interior,83,4.0,5.578313253012048,1.7469879518072289,0.561512717536814,0.7650602409638554,0.6368631368631368,0.4889088822823763,1.5806801285315795,0.08760623890912488,21.134063356293584,0.8914285714285715
湖北,Harmonic,annulus,all,130,3.4615384615384617,4.861538461538461,1.5076923076923077,0.5427350427350426,0.7551282051282051,0.6206236071620687,0.47971361971361964,1.2931410608813152,0.10840787119856887,23.921601916058478,0.9035598705501617
湖北,Area-balanced,disk,boundary,47,2.5106382978723403,4.148936170212766,1.6382978723404256,0.5350050658561296,0.8581560283687941,0.6464876730834178,0.5042046605876392,2.382154272019912,0.03496618835559955,23.74238849441892,0.8617886178861788
湖北,Area-balanced,disk,interior,83,4.0,6.0120481927710845,2.0120481927710845,0.5928858290304074,0.8734939759036144,0.7017089336366444,0.5571858864027537,3.8833418922224903,0.01643784440085925,19.92348588469789,0.9069958847736626
湖北,Area-balanced,disk,all,130,3.4615384615384617,5.338461538461538,1.876923076923077,0.5719597069597068,0.8679487179487179,0.6817443240520162,0.5380311355311355,3.340604829533866,0.023136553369111506,21.304166058981647,0.8918032786885245
湖北,Area-balanced,annulus,boundary,47,2.5106382978723403,4.127659574468085,1.6170212765957446,0.5290273556231003,0.854609929078014,0.6435663627152991,0.498176291793313,1.5261888606829108,0.05294408708560121,25.082725153359018,0.9416666666666667
湖北,Area-balanced,annulus,interior,83,4.0,5.590361445783133,1.6144578313253013,0.49208261617900173,0.677710843373494,0.566651019663068,0.4143574297188755,1.8099132993112952,0.02661810030820959,22.093645972105033,0.8482142857142857
湖北,Area-balanced,annulus,all,130,3.4615384615384617,5.061538461538461,1.6153846153846154,0.5054395604395604,0.7416666666666666,0.5944588744588744,0.4446611721611721,1.7073360022687256,0.03613595706618963,23.174313060712247,0.8871527777777778
湖北,Regular Topology,disk,boundary,47,2.5106382978723403,4.74468085106383,2.234042553191489,0.4316531577169874,0.7836879432624112,0.5474716772589113,0.4059354947652819,3.5754458830433578,0.06267524327890485,38.93056956296618,0.8009259259259259
湖北,Regular Topology,disk,interior,83,4.0,7.891566265060241,3.9156626506024095,0.4054295436825558,0.7018072289156626,0.49656720522194797,0.3465496869624215,2.8004085952382765,0.07210236294013263,34.82148514766799,0.7383333333333333
湖北,Regular Topology,disk,all,130,3.4615384615384617,6.753846153846154,3.3076923076923075,0.41491038875654257,0.7314102564102564,0.5149711297276193,0.36801994055268644,3.0806143839062674,0.06869409660107334,36.307077205506566,0.7595911949685534
湖北,Regular Topology,annulus,boundary,47,2.5106382978723403,4.74468085106383,2.234042553191489,0.4316531577169874,0.7836879432624112,0.5474716772589113,0.4059354947652819,3.57544588304336,0.06267524327890485,37.61751054335867,0.8009259259259259
湖北,Regular Topology,annulus,interior,83,4.0,5.36144578313253,1.5783132530120483,0.46640371007840886,0.5993975903614458,0.5129012219373665,0.36354639336567046,2.800408595238276,0.07210236294013263,31.723940176817443,0.781761006289308
湖北,Regular Topology,annulus,all,130,3.4615384615384617,5.138461538461539,1.8153846153846154,0.4538400488400488,0.666025641025641,0.525399771169002,0.3788716838716839,3.0806143839062683,0.06869409660107334,33.854692540105425,0.7895131086142322
湖北,GeoDisk,disk,boundary,47,2.5106382978723403,4.595744680851064,2.0851063829787235,0.46362715298885504,0.8368794326241134,0.5850388382303278,0.43858493752110767,1.7231374180965908,0.06119082962229921,32.418893885393814,0.8333333333333334
湖北,GeoDisk,disk,interior,83,4.0,5.951807228915663,2.0,0.4955601627288374,0.7078313253012049,0.5738577353035184,0.4215163685043202,3.1921677842125193,0.034837022508639216,29.402833673499764,0.8641414141414142
湖北,GeoDisk,disk,all,130,3.4615384615384617,5.461538461538462,2.0307692307692307,0.4840151515151515,0.7544871794871795,0.5779001340539801,0.4276873126873127,2.661056805693684,0.0443649373881932,30.493255442415304,0.8528846153846152
湖北,GeoAnnulus,annulus,boundary,47,2.5106382978723403,4.25531914893617,1.7446808510638299,0.5264944275582574,0.8687943262411346,0.6452380952380953,0.4970618034447821,1.5993446683418766,0.05855187201055584,26.819991796299856,0.888888888888889
湖北,GeoAnnulus,annulus,interior,83,4.0,5.325301204819277,1.4457831325301205,0.48380665519219734,0.6355421686746988,0.5428606199690537,0.39470740103270224,2.434077988075879,0.05314280377323247,28.270445877321706,0.8184523809523808
湖北,GeoAnnulus,annulus,all,130,3.4615384615384617,4.938461538461539,1.5538461538461539,0.4992399267399268,0.7198717948717949,0.5798740148740148,0.4317124542124542,2.132289787864355,0.05509838998211092,27.746050940336886,0.8486394557823128
湖北,GeoDisk-Final,disk,boundary,47,2.5106382978723403,4.361702127659575,1.851063829787234,0.5706433637284702,0.9609929078014184,0.706184949801971,0.5655268490374874,1.7055187501641964,0.07784924954642916,24.626191288210656,0.945736434108527
湖北,GeoDisk-Final,disk,interior,83,4.0,5.963855421686747,1.963855421686747,0.641451520367183,0.9487951807228916,0.7634477303152001,0.6263912794033275,3.705530338762815,0.05603810591202018,14.707477585270505,0.9267489711934156
湖北,GeoDisk-Final,disk,all,130,3.4615384615384617,5.384615384615385,1.9230769230769231,0.6158516483516483,0.9532051282051283,0.7427450327450327,0.6043864468864469,2.9824492259617763,0.06392367322599882,18.29347407787194,0.9333333333333333
湖北,GeoAnnulus-Final,annulus,boundary,47,2.5106382978723403,4.0212765957446805,1.5106382978723405,0.5867781155015198,0.9184397163120567,0.7086119554204661,0.568693009118541,1.2066955321011297,0.0806531420089065,27.790268871719935,0.8730158730158729
湖北,GeoAnnulus-Final,annulus,interior,83,4.0,5.626506024096385,1.7469879518072289,0.6090361445783131,0.8554216867469879,0.7049922634259983,0.5600114744693057,1.2937915182861475,0.0650975997011301,18.824923369295416,0.9138528138528138
湖北,GeoAnnulus-Final,annulus,all,130,3.4615384615384617,5.046153846153846,1.6615384615384616,0.600989010989011,0.8782051282051282,0.7063009213009213,0.5631501831501831,1.262302969434641,0.07072152653548003,22.066240589402742,0.8994397759103642
湖南,Direct Polar,disk,boundary,44,2.5454545454545454,3.4545454545454546,0.9545454545454546,0.7390151515151515,0.9848484848484848,0.8316017316017316,0.7276515151515152,1.1257303011832955,0.05848930481283423,19.21660836164264,0.8583333333333332
湖南,Direct Polar,disk,interior,93,4.0,5.139784946236559,1.1397849462365592,0.7924987199180747,0.9946236559139785,0.8768599978277397,0.789810547875064,0.9637683849048393,0.032258064516129024,9.951374100151353,0.9788530465949821
湖南,Direct Polar,disk,all,137,3.5328467153284673,4.598540145985401,1.0802919708029197,0.7753215154675008,0.9914841849148419,0.8623244962661021,0.7698470629127563,1.0157853507168981,0.04068269643623874,12.927069775374832,0.9426065162907269
湖南,Direct Polar,annulus,boundary,44,2.5454545454545454,3.5454545454545454,1.0454545454545454,0.7231060606060606,0.9848484848484848,0.8232142857142855,0.7140151515151515,0.9138561962026923,0.05030080213903742,23.039586375449645,0.8916666666666666
湖南,Direct Polar,annulus,interior,93,4.0,5.655913978494624,1.6774193548387097,0.7130568356374808,0.9946236559139785,0.8271811820198917,0.7092933947772657,0.6110067708204517,0.03328589500316255,18.134199322872853,0.9827956989247311
湖南,Direct Polar,annulus,all,137,3.5328467153284673,4.978102189781022,1.4744525547445255,0.7162843239485576,0.9914841849148419,0.8259071423305,0.710809871393813,0.7082722797023392,0.038750536711034775,19.709652098882916,0.9553884711779449
湖南,Harmonic,disk,boundary,44,2.5454545454545454,3.772727272727273,1.2272727272727273,0.5981060606060606,0.9015151515151515,0.7053030303030304,0.5761363636363637,0.7551303714241939,0.10294117647058823,25.46460542801137,0.9074074074074073
湖南,Harmonic,disk,interior,93,4.0,5.978494623655914,1.978494623655914,0.6623143881208396,0.9838709677419355,0.789594873465841,0.655453149001536,7.686301511546738,0.07463630613535735,10.395173325509797,0.9673835125448027
湖南,Harmonic,disk,all,137,3.5328467153284673,5.2700729927007295,1.7372262773722629,0.6416927354883559,0.9574209245742091,0.7625230406252304,0.6299791449426485,5.460231948295701,0.08372692142550452,15.234990935072346,0.9506459948320413
湖南,Harmonic,annulus,boundary,44,2.5454545454545454,3.6363636363636362,1.0909090909090908,0.6079545454545455,0.8863636363636364,0.7088203463203464,0.5818181818181819,0.7410500844480317,0.097927807486631,25.196298933730088,0.8857142857142857
湖南,Harmonic,annulus,interior,93,4.0,5.548387096774194,1.7419354838709677,0.6275915840431968,0.8709677419354839,0.7214456391875744,0.5812526183493925,1.6437648379524765,0.06087919038583176,16.812688990163274,0.9678571428571426
湖南,Harmonic,annulus,all,137,3.5328467153284673,4.934306569343065,1.532846715328467,0.6212847979271336,0.8759124087591241,0.7173908006024794,0.5814342591714853,1.3538418514255015,0.07277801631601546,19.505235249411008,0.9436974789915966
湖南,Area-balanced,disk,boundary,44,2.5454545454545454,4.090909090909091,1.5454545454545454,0.5954004329004329,0.9431818181818182,0.7156385281385282,0.580952380952381,1.7668679908851077,0.026737967914438495,20.48695792200451,0.8738738738738737
湖南,Area-balanced,disk,interior,93,4.0,5.956989247311828,1.956989247311828,0.6524833589349717,0.9596774193548387,0.7741718257847289,0.6401433691756272,1.7444202419649537,0.011701454775458567,14.275018224181682,0.9630434782608696
湖南,Area-balanced,disk,all,137,3.5328467153284673,5.357664233576642,1.8248175182481752,0.6341501564129302,0.9543795620437956,0.7553728104822995,0.6211331247827597,1.7516297379685069,0.01653069987118935,16.27009374757004,0.937467700258398
湖南,Area-balanced,annulus,boundary,44,2.5454545454545454,3.9545454545454546,1.4090909090909092,0.6154220779220779,0.9507575757575757,0.7340909090909092,0.5983766233766233,1.2979833694903322,0.040942513368983954,23.98676631590142,0.9035087719298245
湖南,Area-balanced,annulus,interior,93,4.0,5.612903225806452,1.6559139784946237,0.5691670933606416,0.8010752688172043,0.6614146307694693,0.5113329919781532,1.2732553376925493,0.019845034788108788,20.00584792103201,0.9281124497991967
湖南,Area-balanced,annulus,all,137,3.5328467153284673,5.08029197080292,1.5766423357664234,0.584022708840227,0.8491484184914841,0.684755917237669,0.5392886108214575,1.2811971873210342,0.0266208673250322,21.284391055150657,0.9203856749311294
湖南,Regular Topology,disk,boundary,44,2.5454545454545454,4.795454545454546,2.25,0.47575757575757577,0.8712121212121211,0.5989095500459137,0.44991883116883113,2.943086722681039,0.05999331550802139,32.65967914548181,0.7450980392156862
湖南,Regular Topology,disk,interior,93,4.0,7.516129032258065,3.5376344086021505,0.474419487322713,0.8064516129032258,0.5819015021102305,0.4294830617411262,2.264215753688424,0.0674414927261227,30.093683831308212,0.7778409090909091
湖南,Regular Topology,disk,all,137,3.5328467153284673,6.642335766423358,3.124087591240876,0.474849238352888,0.8272506082725061,0.5873639408632968,0.4360463745500242,2.482247305773643,0.06504937741519964,30.91779911469244,0.7687158469945355
湖南,Regular Topology,annulus,boundary,44,2.5454545454545454,4.795454545454546,2.25,0.47575757575757577,0.8712121212121211,0.5989095500459137,0.44991883116883113,2.9430867226810404,0.05999331550802139,31.568005966058056,0.7352941176470589
湖南,Regular Topology,annulus,interior,93,4.0,5.279569892473118,1.4516129032258065,0.5278972520908004,0.6989247311827957,0.5928441331667136,0.4418672128349547,2.2642157536884238,0.0674414927261227,28.010566539427042,0.8271111111111111
湖南,Regular Topology,annulus,all,137,3.5328467153284673,5.124087591240876,1.7080291970802919,0.5111516626115166,0.754257907542579,0.5947921502666028,0.44445313405167414,2.4822473057736434,0.06504937741519964,29.153101829731888,0.7984709480122324
湖南,GeoDisk,disk,boundary,44,2.5454545454545454,4.454545454545454,1.9545454545454546,0.5204545454545454,0.8939393939393938,0.6406565656565658,0.5028138528138528,1.6055009264805429,0.04846256684491978,26.006605030989316,0.808080808080808
湖南,GeoDisk,disk,interior,93,4.0,5.913978494623656,1.935483870967742,0.5465437788018431,0.7983870967741935,0.6449959837056609,0.4927334016043693,2.4345110070616776,0.03589500316255534,25.46148435291798,0.8864341085271317
湖南,GeoDisk,disk,all,137,3.5328467153284673,5.445255474452555,1.9416058394160585,0.5381647549530761,0.8290754257907542,0.6436023019964625,0.4959709187811377,2.168259594320291,0.0399313009875483,25.636559607189067,0.8647058823529412
湖南,GeoAnnulus,annulus,boundary,44,2.5454545454545454,4.159090909090909,1.6136363636363635,0.5556818181818183,0.9053030303030302,0.6785533910533911,0.538176406926407,1.39035783824402,0.052306149732620315,23.960776783390045,0.8137254901960783
湖南,GeoAnnulus,annulus,interior,93,4.0,5.344086021505376,1.4301075268817205,0.5401945724526369,0.7231182795698925,0.6113516113516112,0.4610727086533537,2.2299776841984587,0.04182479443390259,25.526832986702995,0.8714285714285713
湖南,GeoAnnulus,annulus,all,137,3.5328467153284673,4.963503649635037,1.489051094890511,0.5451685783802571,0.7816301703163017,0.6329346646864895,0.48583594021550225,1.9603187555707553,0.04519106912838127,25.02386603089446,0.8537537537537537
湖南,GeoDisk-Final,disk,boundary,44,2.5454545454545454,4.0,1.4545454545454546,0.6405844155844156,0.9924242424242423,0.7695887445887444,0.6397727272727273,1.4034428891952493,0.052807486631016025,18.873344969870107,0.8717948717948716
湖南,GeoDisk-Final,disk,interior,93,4.0,5.978494623655914,1.978494623655914,0.6758320532514079,0.9973118279569892,0.8031280547409579,0.6750640040962621,4.835089999323891,0.041745730550284625,10.287859644519529,0.9770609318996415
湖南,GeoDisk-Final,disk,all,137,3.5328467153284673,5.343065693430657,1.8102189781021898,0.6645116440736878,0.9957420924574208,0.7923563054949917,0.6637295794230101,3.7329551610344,0.04529841133533705,13.045241792807307,0.945959595959596
湖南,GeoAnnulus-Final,annulus,boundary,44,2.5454545454545454,3.7045454545454546,1.2045454545454546,0.6700757575757575,0.9696969696969696,0.7785714285714285,0.6541666666666667,0.9257559981874806,0.10177139037433154,25.704834258600943,0.9
湖南,GeoAnnulus-Final,annulus,interior,93,4.0,5.602150537634409,1.7956989247311828,0.6413722478238606,0.9032258064516129,0.7431240205433751,0.6080773169482846,1.7796886883102032,0.05985135989879823,16.606045739631554,0.9647286821705425
湖南,GeoAnnulus-Final,annulus,all,137,3.5328467153284673,4.992700729927007,1.6058394160583942,0.6505908932916232,0.9245742092457421,0.7545085895450858,0.6228797358359401,1.505432933818234,0.07331472735079432,19.528284388059678,0.9441798941798941
江西,Direct Polar,disk,boundary,38,2.6315789473684212,3.4473684210526314,0.8157894736842105,0.7894736842105264,1.0,0.8741228070175437,0.7894736842105264,0.9567914834947929,0.05734856007944389,14.954817377585563,0.855855855855856
江西,Direct Polar,disk,interior,69,4.0,5.115942028985507,1.1159420289855073,0.7982056590752241,1.0,0.8832381788903527,0.7982056590752241,1.296181603972398,0.028848783155592018,11.396429925876664,0.9743961352657005
江西,Direct Polar,disk,all,107,3.514018691588785,4.5233644859813085,1.0093457943925233,0.7951045838896306,1.0,0.8800009440196358,0.7951045838896306,1.1756505331485756,0.038970199259389875,12.660156310595713,0.9330188679245284
江西,Direct Polar,annulus,boundary,38,2.6315789473684212,3.473684210526316,0.8421052631578947,0.7728070175438596,1.0,0.8660401002506264,0.7728070175438596,0.8613974185054324,0.06057596822244291,18.858151123918397,0.8648648648648649
江西,Direct Polar,annulus,interior,69,4.0,5.826086956521739,1.826086956521739,0.696342305037957,1.0,0.8180939833113744,0.696342305037957,0.7473209679272304,0.03199343724364232,16.869037304960308,0.9792270531400966
江西,Direct Polar,annulus,all,107,3.514018691588785,4.990654205607477,1.4766355140186915,0.7234979973297732,1.0,0.8351215762430717,0.7234979973297732,0.7878340999082742,0.042144242637982714,17.57545155842206,0.939308176100629
江西,Harmonic,disk,boundary,38,2.6315789473684212,3.5526315789473686,0.9736842105263158,0.6557017543859649,0.8859649122807017,0.7395989974937344,0.6153508771929825,0.8482430410694495,0.1256206554121152,26.000016118766542,0.8181818181818183
江西,Harmonic,disk,interior,69,4.0,6.0144927536231885,2.0144927536231885,0.6464113181504484,0.9637681159420289,0.7710029905682078,0.6349896480331262,4.275954884458969,0.0741044572053596,10.803513415429636,0.9457711442786068
江西,Harmonic,disk,all,107,3.514018691588785,5.140186915887851,1.644859813084112,0.6497107254116602,0.9361370716510903,0.7598501705978342,0.6280151312861594,3.0586366597038124,0.09239992946570269,16.200402225960506,0.9036666666666667
江西,Harmonic,annulus,boundary,38,2.6315789473684212,3.5789473684210527,0.9473684210526315,0.6425438596491229,0.8771929824561402,0.7303258145363409,0.6048245614035088,0.8157346705312492,0.12090367428003973,25.871869859415497,0.8383838383838385
江西,Harmonic,annulus,interior,69,4.0,5.594202898550725,1.7391304347826086,0.6040027605244995,0.8514492753623188,0.6995492430275038,0.5605244996549343,2.0129556010089202,0.07123325129887888,17.215854894253038,0.9263440860215053
江西,Harmonic,annulus,all,107,3.514018691588785,4.878504672897196,1.4579439252336448,0.6176902536715622,0.8605919003115264,0.7104792403857826,0.5762572318647086,1.587774335979467,0.08887321460059953,20.28995366692756,0.8957894736842106
江西,Area-balanced,disk,boundary,38,2.6315789473684212,4.2368421052631575,1.605263157894737,0.612155388471178,0.9561403508771928,0.7358813700918964,0.605639097744361,1.841425010178542,0.037239324726911625,18.071477866005512,0.8380952380952381
江西,Area-balanced,disk,interior,69,4.0,5.956521739130435,1.9565217391304348,0.6517598343685299,0.9565217391304348,0.77241985068072,0.6398550724637679,3.7051816140845375,0.013945857260049224,14.83045040499789,0.9531400966183575
江西,Area-balanced,disk,all,107,3.514018691588785,5.345794392523365,1.8317757009345794,0.6376947040498443,0.9563862928348911,0.7594435678547828,0.6277036048064085,3.0432867454076424,0.022218303650149887,15.981469503299662,0.914423076923077
江西,Area-balanced,annulus,boundary,38,2.6315789473684212,3.9210526315789473,1.2894736842105263,0.6048245614035087,0.881578947368421,0.7084795321637427,0.5744987468671678,1.2488258570805808,0.05660377358490567,20.427296507390544,0.8585858585858587
江西,Area-balanced,annulus,interior,69,4.0,5.579710144927536,1.5797101449275361,0.5735334713595582,0.7971014492753623,0.6626189430537255,0.5149758454106279,1.6348689407534698,0.029532403609515995,19.606368869508188,0.9349999999999999
江西,Area-balanced,annulus,all,107,3.514018691588785,4.990654205607477,1.4766355140186915,0.5846461949265688,0.8271028037383178,0.67890588124233,0.5361148197596796,1.497769527860294,0.03914653500264503,19.897913264270144,0.9078853046594982
江西,Regular Topology,disk,boundary,38,2.6315789473684212,4.447368421052632,1.8157894736842106,0.4607142857142858,0.7543859649122807,0.559920634920635,0.40473057644110283,3.5814085264291307,0.06727904667328699,36.97056880764419,0.6222222222222222
江西,Regular Topology,disk,interior,69,4.0,7.63768115942029,3.6666666666666665,0.4250263022002152,0.75,0.5287670106723816,0.3734796202187506,4.115259095734308,0.06713152857533496,34.42343412092119,0.7637096774193547
江西,Regular Topology,disk,all,107,3.514018691588785,6.5046728971962615,3.0093457943925235,0.4377005393360534,0.7515576323987538,0.5398309146110135,0.38457809065285703,3.925667304766114,0.06718391818021512,35.32802400966394,0.7175724637681159
江西,Regular Topology,annulus,boundary,38,2.6315789473684212,4.447368421052632,1.8157894736842106,0.4607142857142858,0.7543859649122807,0.559920634920635,0.40473057644110283,3.5814085264291307,0.07100297914597815,39.13872641881155,0.6222222222222222
江西,Regular Topology,annulus,interior,69,4.0,5.463768115942029,1.6376811594202898,0.49799861973775017,0.6557971014492754,0.5543298891124978,0.4009949390384172,4.115259095734308,0.06754170084768936,34.458530158658476,0.7354166666666665
江西,Regular Topology,annulus,all,107,3.514018691588785,5.102803738317757,1.7009345794392523,0.4847574543836226,0.6908099688473519,0.5563153876237987,0.40232161400385696,3.925667304766115,0.06877093986951155,36.120655933292284,0.6959302325581395
江西,GeoDisk,disk,boundary,38,2.6315789473684212,4.184210526315789,1.5526315789473684,0.5688596491228071,0.881578947368421,0.6825396825396828,0.5448621553884712,1.2578153706948598,0.04940417080436941,26.0718344263248,0.7745098039215685
江西,GeoDisk,disk,interior,69,4.0,5.9855072463768115,1.9855072463768115,0.5496204278812975,0.8115942028985508,0.6504757722149027,0.4984587071543593,2.494676531252508,0.04252119223407164,26.599877131645542,0.8702020202020202
江西,GeoDisk,disk,all,107,3.514018691588785,5.345794392523365,1.8317757009345794,0.5564530485091232,0.8364485981308412,0.6618629553208992,0.5149384364337635,2.055417427503063,0.04496561453006524,26.412347946578357,0.8376666666666666
江西,GeoAnnulus,annulus,boundary,38,2.6315789473684212,3.8684210526315788,1.236842105263158,0.5976817042606517,0.868421052631579,0.6978070175438598,0.5555764411027568,0.950178959960622,0.05561072492552136,21.76086653483531,0.8383838383838385
江西,GeoAnnulus,annulus,interior,69,4.0,5.405797101449275,1.5507246376811594,0.5395272601794341,0.7210144927536232,0.6093941485245832,0.45471014492753625,2.4332404860419574,0.05168170631665299,26.54005480610411,0.8257309941520465
江西,GeoAnnulus,annulus,all,107,3.514018691588785,4.859813084112149,1.439252336448598,0.5601802403204272,0.7733644859813084,0.640793111353859,0.4905318202047175,1.9065457384616702,0.053077058719802506,24.842772990139494,0.8303703703703702
江西,GeoDisk-Final,disk,boundary,38,2.6315789473684212,4.105263157894737,1.4736842105263157,0.6513157894736842,1.0,0.7796992481203009,0.6513157894736842,1.4089960793313494,0.06032770605759683,18.32237463732494,0.918918918918919
江西,GeoDisk-Final,disk,interior,69,4.0,5.971014492753623,1.9710144927536233,0.6758454106280192,1.0,0.8048601961645439,0.6758454106280192,4.050137060118242,0.039513262236806124,12.126095624807723,0.9492753623188406
江西,GeoDisk-Final,disk,all,107,3.514018691588785,5.308411214953271,1.794392523364486,0.6671339563862928,1.0,0.7959245323731309,0.6671339563862928,3.112161758530374,0.04690530770587197,14.326643311496083,0.9386792452830188
江西,GeoAnnulus-Final,annulus,boundary,38,2.6315789473684212,3.8947368421052633,1.263157894736842,0.6867167919799498,1.0,0.8069548872180451,0.6867167919799498,1.1874089672434092,0.07398212512413109,20.97697326495716,0.882882882882883
江西,GeoAnnulus-Final,annulus,interior,69,4.0,5.681159420289855,1.710144927536232,0.6462732919254658,0.9130434782608695,0.7513718970240708,0.6158730158730158,2.0385813742537113,0.04922067268252665,18.350712435555582,0.9134328358208954
江西,GeoAnnulus-Final,annulus,all,107,3.514018691588785,5.046728971962617,1.5514018691588785,0.660636404094348,0.9439252336448598,0.7711116505509031,0.6410324877614596,1.7362958465304268,0.05801445953094692,19.283403197399142,0.9025641025641027
广东,Direct Polar,disk,boundary,46,2.4782608695652173,3.369565217391304,0.8913043478260869,0.7731884057971014,1.0,0.8620600414078673,0.7731884057971014,5.083251125217047,0.05851279967492889,20.517633154052813,0.8992248062015503
广东,Direct Polar,disk,interior,62,4.0,5.145161290322581,1.1451612903225807,0.8007680491551458,1.0,0.8828608667318343,0.8007680491551458,1.2194861395411962,0.03436840518540849,13.28017297221869,0.9483870967741936
广东,Direct Polar,disk,all,108,3.3518518518518516,4.388888888888889,1.037037037037037,0.7890211640211641,1.0,0.8740012559457006,0.7890211640211641,2.8651638186253563,0.0446521287642783,16.36279490151841,0.9282539682539682
广东,Direct Polar,annulus,boundary,46,2.4782608695652173,3.5869565217391304,1.108695652173913,0.7158385093167702,1.0,0.8260351966873705,0.7158385093167702,2.282203363182538,0.05749695245835027,22.769084633940412,0.9069767441860463
广东,Direct Polar,annulus,interior,62,4.0,5.693548387096774,1.6935483870967742,0.7096774193548384,1.0,0.8279569892473115,0.7096774193548384,0.6834164966245303,0.03180584865842629,18.510978339390498,0.9478494623655914
广东,Direct Polar,annulus,all,108,3.3518518518518516,4.796296296296297,1.4444444444444444,0.7123015873015873,1.0,0.8271384479717815,0.7123015873015873,1.3643812731214595,0.04274835583246799,20.324616205587677,0.9311111111111111
广东,Harmonic,disk,boundary,46,2.4782608695652173,3.4782608695652173,1.0,0.3547101449275362,0.5072463768115942,0.40874741200828163,0.3032608695652174,1.5383457339212847,0.19301097114993904,39.12760539857432,0.8148148148148148
广东,Harmonic,disk,interior,62,4.0,5.967741935483871,2.032258064516129,0.5140168970814133,0.75,0.6030780151747892,0.45763627053949635,2.8064354230792277,0.12722339463370516,22.011264668147902,0.86875
广东,Harmonic,disk,all,108,3.3518518518518516,4.907407407407407,1.5925925925925926,0.44616402116402115,0.646604938271605,0.5203075730853508,0.39188378493934045,2.2663231480675115,0.15524402907580478,29.301557942218412,0.854040404040404
广东,Harmonic,annulus,boundary,46,2.4782608695652173,3.4347826086956523,0.9565217391304348,0.3659420289855072,0.5144927536231885,0.41889233954451355,0.3119565217391304,1.5077654858518514,0.18549370174725718,38.237902314962746,0.8148148148148148
广东,Harmonic,annulus,interior,62,4.0,5.741935483870968,1.903225806451613,0.5388721493560202,0.7540322580645161,0.6184567751455795,0.4736583756745047,2.4044957108739937,0.13038890563762434,21.599441218382154,0.8673611111111111
广东,Harmonic,annulus,all,108,3.3518518518518516,4.7592592592592595,1.5,0.4652167277167277,0.6520061728395062,0.5334571081303108,0.40478536381314156,2.022555059475674,0.15385946694357908,28.686193166925733,0.853030303030303
广东,Area-balanced,disk,boundary,46,2.4782608695652173,4.6521739130434785,2.1739130434782608,0.5168823326432023,0.9239130434782609,0.6480895915678524,0.5035282953761214,9.360377156495078,0.04144656643640797,23.233359639978527,0.8632478632478632
广东,Area-balanced,disk,interior,62,4.0,5.903225806451613,1.935483870967742,0.6079749103942651,0.875,0.7123216389345421,0.5710509472606246,2.5820553574387985,0.015978293638830268,16.933497830002693,0.9255555555555556
广东,Area-balanced,disk,all,108,3.3518518518518516,5.37037037037037,2.037037037037037,0.5691762198706644,0.8958333333333334,0.684963544685767,0.5422912992357437,5.4691183459257315,0.026825891311872622,19.61677230462203,0.901010101010101
广东,Area-balanced,annulus,boundary,46,2.4782608695652173,4.413043478260869,1.934782608695652,0.4751811594202899,0.8152173913043478,0.5859558316080057,0.4407091097308488,4.99892866873308,0.05729378301503454,24.702727923730396,0.7962962962962963
广东,Area-balanced,annulus,interior,62,4.0,5.661290322580645,1.6612903225806452,0.5065284178187405,0.7056451612903226,0.5853209514499836,0.42898745519713266,1.0924547547188002,0.01718420259270425,20.35414908864145,0.9134751773049644
广东,Area-balanced,annulus,all,108,3.3518518518518516,5.12962962962963,1.7777777777777777,0.49317680776014117,0.7523148148148148,0.5855913633691411,0.43398001175778955,2.7563232736508074,0.034267912772585674,22.206321555438596,0.8626506024096386
广东,Regular Topology,disk,boundary,46,2.4782608695652173,5.5,3.0217391304347827,0.4222567287784679,0.8514492753623187,0.5486853725984162,0.40601433590564023,8.548540987963483,0.08045509955302722,34.23975038547738,0.8198198198198198
广东,Regular Topology,disk,interior,62,4.0,7.209677419354839,3.2419354838709675,0.4611938240970499,0.7661290322580645,0.5624041755208739,0.41017490573942184,2.701213692439203,0.05969249321676212,33.68406409975433,0.754970760233918
广东,Regular Topology,disk,all,108,3.3518518518518516,6.481481481481482,3.1481481481481484,0.4446095057206168,0.8024691358024691,0.5565609816835306,0.40840281118058896,5.191741984977323,0.06853582554517133,33.92074529552525,0.7804964539007093
广东,Regular Topology,annulus,boundary,46,2.4782608695652173,4.630434782608695,2.152173913043478,0.450879917184265,0.8079710144927535,0.5616036137775269,0.41788302277432704,8.548540987963484,0.08837870784234052,33.918750429850164,0.8095238095238095
广东,Regular Topology,annulus,interior,62,4.0,5.467741935483871,1.564516129032258,0.5056067588325653,0.6774193548387096,0.5706302657915562,0.4221599636922217,2.701213692439205,0.06044618631293336,31.15875191812835,0.7868055555555552
广东,Regular Topology,annulus,all,108,3.3518518518518516,5.111111111111111,1.8148148148148149,0.4822971781305115,0.7330246913580247,0.5667855806744695,0.42033830367163705,5.191741984977325,0.07234337140879198,32.33430683978764,0.7963855421686749
广东,GeoDisk,disk,boundary,46,2.4782608695652173,4.8478260869565215,2.369565217391304,0.4749913733609386,0.8586956521739131,0.5979688186209925,0.4570652173913044,5.657111635105909,0.04713531084924827,28.06766018959672,0.7521367521367522
广东,GeoDisk,disk,interior,62,4.0,5.919354838709677,1.9193548387096775,0.5362775217613927,0.7782258064516129,0.6287531464950818,0.4749039938556067,2.390531729443377,0.03798613204703045,29.147634032998717,0.8470238095238093
广东,GeoDisk,disk,all,108,3.3518518518518516,5.462962962962963,2.111111111111111,0.5101741622574956,0.8125,0.6156413031413033,0.4673059964726631,3.7818528003737146,0.04188300449982693,28.68764517377194,0.8080701754385966
广东,GeoAnnulus,annulus,boundary,46,2.4782608695652173,4.304347826086956,1.826086956521739,0.5019927536231884,0.8333333333333333,0.6114953886693018,0.46829710144927533,2.8580452536162695,0.05749695245835028,28.355660206216868,0.8018018018018017
广东,GeoAnnulus,annulus,interior,62,4.0,5.483870967741935,1.5161290322580645,0.5163082437275984,0.6975806451612904,0.5873646962356639,0.44071300563236043,1.9551473839755886,0.04718118782031956,27.723179591904778,0.7884353741496597
广东,GeoAnnulus,annulus,all,108,3.3518518518518516,4.981481481481482,1.6481481481481481,0.5102109053497942,0.7554012345679012,0.5976425837536946,0.4524617871840095,2.339714995118842,0.05157493942540672,27.992569483185857,0.794186046511628
广东,GeoDisk-Final,disk,boundary,46,2.4782608695652173,4.630434782608695,2.152173913043478,0.5502329192546584,0.9818840579710144,0.6919427191166322,0.546972049689441,10.71446046854783,0.04185290532303942,22.10244491615106,0.9285714285714284
广东,GeoDisk-Final,disk,interior,62,4.0,5.919354838709677,1.9193548387096775,0.6739631336405527,0.9838709677419355,0.796774193548387,0.6693548387096772,2.745579548359101,0.025927042508290626,14.89992200195619,0.9241935483870969
广东,GeoDisk-Final,disk,all,108,3.3518518518518516,5.37037037037037,2.0185185185185186,0.6212632275132274,0.9830246913580246,0.752123750734862,0.6172288359788359,6.139732532883931,0.03271028037383177,17.967663243187335,0.9259615384615384
广东,GeoAnnulus-Final,annulus,boundary,46,2.4782608695652173,4.5,2.0217391304347827,0.5331521739130435,0.931159420289855,0.6634748102139406,0.5206780538302278,4.150375923118669,0.05993498577813897,25.52552628891928,0.8292682926829267
广东,GeoAnnulus-Final,annulus,interior,62,4.0,5.790322580645161,1.7903225806451613,0.6062980030721964,0.875,0.7130661453242095,0.5671466973886327,1.2848861081130678,0.035122098281579736,18.29200191213004,0.9477777777777777
广东,GeoAnnulus-Final,annulus,all,108,3.3518518518518516,5.2407407407407405,1.8888888888888888,0.5751432980599648,0.8989197530864198,0.6919439099994656,0.5473544973544974,2.505372510800638,0.04569055036344757,21.372947480021754,0.8996699669966998
福建,Direct Polar,disk,boundary,30,2.466666666666667,3.3,0.8333333333333334,0.7705555555555555,1.0,0.8573015873015876,0.7705555555555555,1.0979173603395957,0.0497716894977169,18.035075077476737,0.9080459770114944
福建,Direct Polar,disk,interior,44,4.0,5.113636363636363,1.1136363636363635,0.8086580086580084,1.0,0.8869605142332414,0.8086580086580084,1.6940611474696445,0.02334993773349937,9.38414745556009,0.9537878787878786
福建,Direct Polar,disk,all,74,3.3783783783783785,4.378378378378378,1.0,0.7932110682110682,1.0,0.874936624936625,0.7932110682110682,1.4523812337682735,0.03406145871899296,12.891280275256028,0.9356164383561644
福建,Direct Polar,annulus,boundary,30,2.466666666666667,3.466666666666667,1.0,0.7255555555555555,1.0,0.8323015873015873,0.7255555555555555,0.9958687638754603,0.04977168949771692,21.066583713195556,0.9310344827586207
福建,Direct Polar,annulus,interior,44,4.0,5.863636363636363,1.8636363636363635,0.6926406926406927,1.0,0.8153810835629016,0.6926406926406927,0.8577668924162686,0.023972602739726023,15.330595513649797,0.9553030303030302
福建,Direct Polar,annulus,all,74,3.3783783783783785,4.891891891891892,1.5135135135135136,0.7059845559845559,1.0,0.8222407472407471,0.7059845559845559,0.9137541376024272,0.034431691965938545,17.655996135087264,0.945662100456621
福建,Harmonic,disk,boundary,30,2.466666666666667,3.7,1.2333333333333334,0.6088888888888888,0.9111111111111111,0.7180952380952381,0.5788888888888888,1.1494557604305802,0.12831050228310503,22.775166267607105,0.8395061728395062
福建,Harmonic,disk,interior,44,4.0,6.0227272727272725,2.022727272727273,0.649891774891775,0.9715909090909091,0.7761937557392102,0.6412337662337663,5.988912712152207,0.08437110834371109,8.008058829028599,0.9424242424242423
福建,Harmonic,disk,all,74,3.3783783783783785,5.081081081081081,1.7027027027027026,0.6332689832689832,0.947072072072072,0.7526403026403026,0.6159588159588159,4.026970704697494,0.1021843761569789,13.994724006830696,0.9032863849765259
福建,Harmonic,annulus,boundary,30,2.466666666666667,3.7666666666666666,1.3,0.5983333333333334,0.9111111111111111,0.7113492063492065,0.5705555555555555,1.099259865338233,0.12100456621004566,22.84740681818042,0.8395061728395062
福建,Harmonic,annulus,interior,44,4.0,5.4772727272727275,1.6590909090909092,0.6267316017316018,0.8579545454545454,0.7156795224977044,0.5762987012987013,1.6557254987569594,0.0731631382316314,16.038662487062687,0.9048780487804877
福建,Harmonic,annulus,all,74,3.3783783783783785,4.783783783783784,1.5135135135135136,0.6152187902187901,0.8795045045045045,0.7139239889239889,0.5739703989703989,1.430131323046665,0.09255831173639394,18.798964242921226,0.878921568627451
福建,Area-balanced,disk,boundary,30,2.466666666666667,3.966666666666667,1.5,0.6050000000000001,0.961111111111111,0.7337301587301588,0.5933333333333334,2.930884069230276,0.06757990867579908,23.966282351809628,0.8452380952380952
福建,Area-balanced,disk,interior,44,4.0,5.9772727272727275,1.9772727272727273,0.6615800865800866,0.9715909090909091,0.783608815426997,0.652813852813853,3.3469872666145837,0.02926525529265256,13.137262780014417,0.9598484848484848
福建,Area-balanced,disk,all,74,3.3783783783783785,5.162162162162162,1.7837837837837838,0.6386422136422136,0.9673423423423425,0.7633877383877383,0.6287001287001286,3.1782967811885126,0.04479822288041466,17.527405849661125,0.9152777777777779
福建,Area-balanced,annulus,boundary,30,2.466666666666667,3.8666666666666667,1.4,0.61,0.9388888888888888,0.7275132275132277,0.5900793650793651,1.7280814044857193,0.06894977168949772,23.232962844600433,0.880952380952381
福建,Area-balanced,annulus,interior,44,4.0,5.363636363636363,1.3636363636363635,0.5501082251082251,0.7329545454545454,0.6238751147842057,0.4694805194805195,1.9635649460537166,0.04016189290161893,19.983152094855395,0.9290598290598289
福建,Area-balanced,annulus,all,74,3.3783783783783785,4.756756756756757,1.3783783783783783,0.5743886743886744,0.8164414414414414,0.6658905658905657,0.5183719433719434,1.8680986454180426,0.051832654572380586,21.300642939346627,0.908955223880597
福建,Regular Topology,disk,boundary,30,2.466666666666667,4.533333333333333,2.066666666666667,0.4925,0.8722222222222222,0.617837902837903,0.46623015873015866,6.748194351620663,0.05662100456621003,35.23291565200411,0.7051282051282051
福建,Regular Topology,disk,interior,44,4.0,6.681818181818182,2.6818181818181817,0.503102453102453,0.8181818181818182,0.6158667090485274,0.45588924963924954,4.0073346491326145,0.06102117061021172,28.20699427571972,0.7988372093023256
福建,Regular Topology,disk,all,74,3.3783783783783785,5.8108108108108105,2.4324324324324325,0.4988041613041612,0.8400900900900902,0.6166658416658415,0.46008151008151005,5.118493987979119,0.05923731951129211,31.055340779618795,0.7635265700483091
福建,Regular Topology,annulus,boundary,30,2.466666666666667,4.533333333333333,2.066666666666667,0.4925,0.8722222222222222,0.617837902837903,0.46623015873015866,6.748194351620664,0.06164383561643835,36.112440718380256,0.7051282051282051
福建,Regular Topology,annulus,interior,44,4.0,5.454545454545454,1.5909090909090908,0.5840007215007215,0.7613636363636364,0.6477985398439945,0.5006944444444443,4.007334649132616,0.06257783312577833,28.32865533451537,0.7595238095238096
福建,Regular Topology,annulus,all,74,3.3783783783783785,5.081081081081081,1.7837837837837838,0.5469058344058343,0.8063063063063064,0.6356523356523356,0.48672243672243665,5.118493987979122,0.06219918548685672,31.484244003649785,0.7387254901960785
福建,GeoDisk,disk,boundary,30,2.466666666666667,4.1,1.6333333333333333,0.6131746031746032,0.9722222222222221,0.7383333333333335,0.6059523809523809,2.031454848000495,0.08584474885844746,23.303052506363056,0.8452380952380952
福建,GeoDisk,disk,interior,44,4.0,5.886363636363637,1.9318181818181819,0.6240472910927457,0.8863636363636364,0.7229900150354696,0.5813795421749969,2.8099539563671114,0.045454545454545456,21.297782876856562,0.896590909090909
福建,GeoDisk,disk,all,74,3.3783783783783785,5.162162162162162,1.8108108108108107,0.6196394446394446,0.9211711711711711,0.7292102792102791,0.5913415038415037,2.4943462097319964,0.061828952239911125,22.110730023953792,0.8766203703703703
福建,GeoAnnulus,annulus,boundary,30,2.466666666666667,3.933333333333333,1.4666666666666666,0.6022222222222222,0.95,0.7286507936507937,0.5872222222222222,1.3930523270758897,0.08356164383561644,22.814098425627783,0.8214285714285714
福建,GeoAnnulus,annulus,interior,44,4.0,5.2272727272727275,1.2727272727272727,0.5657467532467534,0.7272727272727273,0.6312721369539552,0.4745941558441558,2.4656982366773956,0.058219178082191785,23.880308590420125,0.7967479674796747
福建,GeoAnnulus,annulus,all,74,3.3783783783783785,4.702702702702703,1.3513513513513513,0.5805341055341054,0.8175675675675675,0.6707499707499707,0.5202541827541826,2.0308417868389474,0.0684931506849315,23.448061226315122,0.8067632850241546
福建,GeoDisk-Final,disk,boundary,30,2.466666666666667,4.0,1.5333333333333334,0.6324603174603175,1.0,0.7660317460317462,0.6324603174603175,1.5374067016557775,0.08721461187214613,20.154368611373616,0.8965517241379312
福建,GeoDisk-Final,disk,interior,44,4.0,5.909090909090909,1.9090909090909092,0.6896103896103897,1.0,0.8123966942148758,0.6896103896103897,3.919623752896839,0.050124533001245315,9.742961184217409,0.9621212121212122
福建,GeoDisk-Final,disk,all,74,3.3783783783783785,5.135135135135135,1.7567567567567568,0.6664414414414412,1.0,0.7936000936000935,0.6664414414414412,2.953860083474787,0.06516105146242132,13.963802033064523,0.9360730593607305
福建,GeoAnnulus-Final,annulus,boundary,30,2.466666666666667,3.7,1.2333333333333334,0.6777777777777777,1.0,0.7991269841269841,0.6777777777777777,0.934796083911862,0.08356164383561641,20.719369252944364,0.9080459770114944
福建,GeoAnnulus-Final,annulus,interior,44,4.0,5.340909090909091,1.6136363636363635,0.653896103896104,0.8863636363636364,0.7446313787222878,0.6137445887445888,1.4177717481307317,0.04701120797011207,16.37939939851868,0.9333333333333332
福建,GeoAnnulus-Final,annulus,all,74,3.3783783783783785,4.675675675675675,1.4594594594594594,0.6635778635778636,0.9324324324324325,0.7667241917241917,0.6397039897039897,1.2219708031771361,0.06182895223991114,18.13884663679936,0.9227053140096618
广西,Direct Polar,disk,boundary,46,2.4347826086956523,3.369565217391304,0.9347826086956522,0.7879399585921325,1.0,0.8638198757763971,0.7879399585921325,0.8328342060756403,0.05519580635214307,17.847981052042872,0.909090909090909
广西,Direct Polar,disk,interior,96,4.0,5.052083333333333,1.0520833333333333,0.818716931216931,1.0,0.8931947681947684,0.818716931216931,1.006201160290473,0.038711583924349875,12.272030854601425,0.9562499999999999
广西,Direct Polar,disk,all,142,3.492957746478873,4.507042253521127,1.0140845070422535,0.8087469260004471,1.0,0.8836789579747326,0.8087469260004471,0.9500400342772174,0.044051543302367394,14.078324580533161,0.9414285714285715
广西,Direct Polar,annulus,boundary,46,2.4347826086956523,3.608695652173913,1.173913043478261,0.7014492753623188,1.0,0.814492753623188,0.7014492753623188,0.8158426170829959,0.055349984582177,23.170916937028462,0.9166666666666664
广西,Direct Polar,annulus,interior,96,4.0,5.6875,1.6875,0.7107638888888889,0.9947916666666666,0.8259890572390572,0.7094618055555556,0.8074244170449845,0.038933215130023645,18.04013210720365,0.9645833333333332
广西,Direct Polar,annulus,all,142,3.492957746478873,5.014084507042254,1.5211267605633803,0.7077464788732394,0.9964788732394366,0.8222649025465926,0.7068661971830986,0.8101514395925092,0.04425132354410149,19.702217333766615,0.9495238095238095
广西,Harmonic,disk,boundary,46,2.4347826086956523,3.608695652173913,1.173913043478261,0.5981884057971014,0.8876811594202898,0.7051242236024844,0.5659420289855072,0.6704810855642187,0.09975331483194574,25.4185817952484,0.9459459459459457
广西,Harmonic,disk,interior,96,4.0,6.020833333333333,2.0208333333333335,0.6527777777777778,0.9765625,0.780881734006734,0.6465484457671958,2.301998604476632,0.06375591016548464,8.601891088562612,0.96875
广西,Harmonic,disk,all,142,3.492957746478873,5.23943661971831,1.7464788732394365,0.635093896713615,0.9477699530516432,0.7563405686645122,0.6204365079365078,1.7734788448289487,0.07541704125461993,14.049551458334065,0.9624060150375939
广西,Harmonic,annulus,boundary,46,2.4347826086956523,3.6956521739130435,1.2608695652173914,0.5764492753623189,0.8695652173913042,0.6841614906832298,0.542391304347826,0.6552289321754784,0.09420289855072463,26.354565735503574,0.9009009009009008
广西,Harmonic,annulus,interior,96,4.0,5.541666666666667,1.75,0.6211722883597883,0.8619791666666666,0.7132712773337774,0.5777075066137566,1.2022843755601262,0.06405141843971632,16.35468019784658,0.9651162790697675
广西,Harmonic,annulus,all,142,3.492957746478873,4.943661971830986,1.591549295774648,0.6066845517549743,0.8644366197183099,0.7038413464469802,0.5662670467247932,1.0250692319284798,0.07381879932074717,19.59407973821434,0.9457994579945799
广西,Area-balanced,disk,boundary,46,2.4347826086956523,4.239130434782608,1.8043478260869565,0.5528985507246379,0.9384057971014492,0.6851794340924776,0.5428053830227744,1.4650986291176742,0.03854455750847979,19.87990731108377,0.9333333333333332
广西,Area-balanced,disk,interior,96,4.0,5.96875,1.96875,0.6222883597883597,0.9140625,0.7367448523698524,0.5959821428571429,1.787851589059412,0.01344562647754137,17.382417943180094,0.9448028673835126
广西,Area-balanced,disk,all,142,3.492957746478873,5.408450704225352,1.9154929577464788,0.5998099709367314,0.9219483568075116,0.7200405619419703,0.5787558685446008,1.6832978133036383,0.02157626610728199,18.191463794754526,0.9413533834586465
广西,Area-balanced,annulus,boundary,46,2.4347826086956523,4.043478260869565,1.608695652173913,0.5590062111801243,0.9057971014492753,0.6810904071773638,0.5401656314699794,0.9586889314998038,0.051187172371261185,22.357809459362358,0.9473684210526314
广西,Area-balanced,annulus,interior,96,4.0,5.625,1.625,0.5512152777777778,0.7734375,0.640535563973064,0.4898520171957672,1.2435185471681818,0.021867612293144212,21.076675576407002,0.9244725738396624
广西,Area-balanced,annulus,all,142,3.492957746478873,5.112676056338028,1.619718309859155,0.5537391012743126,0.8163145539906103,0.653673048391358,0.5061507936507936,1.151249798430538,0.031365497952252526,21.49169077792775,0.9319088319088319
广西,Regular Topology,disk,boundary,46,2.4347826086956523,4.434782608695652,2.0,0.4808488612836439,0.8405797101449274,0.5954498400150575,0.44860248447204965,2.620795772388661,0.0545790934320074,34.00893132158569,0.8703703703703702
广西,Regular Topology,disk,interior,96,4.0,7.833333333333333,3.8333333333333335,0.43869345353720357,0.7838541666666666,0.5486601803697392,0.3930275453712954,2.611246604348958,0.06190898345153665,32.99333315976546,0.8261627906976744
广西,Regular Topology,disk,all,142,3.492957746478873,6.732394366197183,3.23943661971831,0.45234943069450106,0.8022300469483568,0.5638173940576592,0.4110306946574551,2.6143399968125234,0.05953451203675957,33.32232974739737,0.839207650273224
广西,Regular Topology,annulus,boundary,46,2.4347826086956523,4.434782608695652,2.0,0.4808488612836439,0.8405797101449274,0.5954498400150575,0.44860248447204965,2.62079577238866,0.0545790934320074,33.58308525442673,0.8703703703703702
广西,Regular Topology,annulus,interior,96,4.0,5.458333333333333,1.6041666666666667,0.5076678240740741,0.6848958333333334,0.5739598942723942,0.42230151214526207,2.6112466043489584,0.06190898345153665,30.807655281345898,0.8373333333333334
广西,Regular Topology,annulus,all,142,3.492957746478873,5.126760563380282,1.732394366197183,0.4989799910574559,0.7353286384976525,0.5809214259918485,0.43082154543422146,2.614339996812524,0.05953451203675957,31.706738230372075,0.848048048048048
广西,GeoDisk,disk,boundary,46,2.4347826086956523,4.282608695652174,1.8478260869565217,0.5330227743271222,0.9057971014492753,0.6577467218771568,0.5170807453416149,1.3088754000899072,0.054579093432007404,27.352461271768547,0.8717948717948718
广西,GeoDisk,disk,interior,96,4.0,5.989583333333333,2.03125,0.5654735600048101,0.8307291666666666,0.6661670505420505,0.5162424092111593,1.9654725342579662,0.03324468085106383,26.385919844248587,0.9213725490196077
广西,GeoDisk,disk,all,142,3.492957746478873,5.436619718309859,1.971830985915493,0.5549613336585166,0.8550469483568074,0.6634393384393384,0.5165139828872223,1.7527720541753555,0.0401558285885526,26.699024813726883,0.9057795698924731
广西,GeoAnnulus,annulus,boundary,46,2.4347826086956523,4.043478260869565,1.608695652173913,0.5536749482401657,0.898550724637681,0.6746721877156661,0.5344720496894411,1.0269041624837312,0.05642923219241445,27.231797508004508,0.8888888888888888
广西,GeoAnnulus,annulus,interior,96,4.0,5.333333333333333,1.4166666666666667,0.5246651785714286,0.703125,0.5950449434824435,0.44721808862433865,1.942671699287093,0.040336879432624116,26.550805645318434,0.8522522522522523
广西,GeoAnnulus,annulus,all,142,3.492957746478873,4.915492957746479,1.4788732394366197,0.5340627095908786,0.7664319248826291,0.6208396845720788,0.47548345629331534,1.6460146099000885,0.0455498951153731,26.771408643089973,0.8648967551622417
广西,GeoDisk-Final,disk,boundary,46,2.4347826086956523,4.086956521739131,1.6521739130434783,0.5989130434782609,0.9710144927536232,0.7286231884057971,0.5925983436853003,1.1423733767695474,0.06367560900400862,22.34092340460591,0.9523809523809522
广西,GeoDisk-Final,disk,interior,96,4.0,5.958333333333333,1.9583333333333333,0.6763392857142856,0.9921875,0.8010521885521887,0.6732142857142858,2.1514989208397526,0.039967494089834514,11.82357000185298,0.9611111111111111
广西,GeoDisk-Final,disk,all,142,3.492957746478873,5.352112676056338,1.8591549295774648,0.6512575452716298,0.9853286384976525,0.777589273011808,0.6470992622401072,1.8245990967043342,0.04764758765358106,15.230599977392666,0.9584541062801933
广西,GeoAnnulus-Final,annulus,boundary,46,2.4347826086956523,3.782608695652174,1.3478260869565217,0.6256211180124224,0.9565217391304346,0.7471532091097306,0.6122153209109732,0.8955216911991265,0.0818686401480111,25.38781504824443,0.8928571428571427
广西,GeoAnnulus-Final,annulus,interior,96,4.0,5.666666666666667,1.7083333333333333,0.647594246031746,0.9140625,0.7536292989417991,0.619717261904762,1.1727512469687669,0.047059692671394794,17.14363861261741,0.9512820512820512
广西,GeoAnnulus-Final,annulus,all,142,3.492957746478873,5.056338028169014,1.591549295774648,0.6404761904761904,0.9278169014084507,0.7515314106863401,0.6172870556673373,1.0829444894659257,0.058335830586355004,19.814287317116303,0.9328320802005013
安徽,Direct Polar,disk,boundary,37,2.27027027027027,3.5405405405405403,1.2702702702702702,0.6701415701415702,1.0,0.785907335907336,0.6701415701415702,1.7314312301426136,0.07425320056899005,20.85117288268486,0.8817204301075269
安徽,Direct Polar,disk,interior,59,4.0,5.440677966101695,1.4406779661016949,0.755394135055152,1.0,0.8551143771482754,0.755394135055152,1.6509635842629775,0.04834968777876895,12.913780131190713,0.9677966101694916
安徽,Direct Polar,disk,all,96,3.3333333333333335,4.708333333333333,1.375,0.7225363756613756,1.0,0.82844083000333,0.7225363756613756,1.6819771561124206,0.05833333333333333,15.972983587495747,0.9381481481481482
安徽,Direct Polar,annulus,boundary,37,2.27027027027027,3.5945945945945947,1.3243243243243243,0.636936936936937,1.0,0.7674388674388674,0.636936936936937,1.5444615569352333,0.0770981507823613,25.011096754712973,0.9247311827956989
安徽,Direct Polar,annulus,interior,59,4.0,5.610169491525424,1.6101694915254237,0.7228410008071025,1.0,0.8362266735148092,0.7228410008071025,1.1990613550855707,0.046565566458519184,18.43394141109331,0.9734463276836157
安徽,Direct Polar,annulus,all,96,3.3333333333333335,4.833333333333333,1.5,0.6897321428571429,1.0,0.8097147065897067,0.6897321428571429,1.3321843495484618,0.05833333333333333,20.96888669978006,0.9566666666666666
安徽,Harmonic,disk,boundary,37,2.27027027027027,3.5135135135135136,1.2432432432432432,0.5518018018018017,0.8378378378378378,0.6510296010296012,0.5193693693693694,1.280337239363058,0.11920341394025605,28.829891737067857,0.9230769230769231
安徽,Harmonic,disk,interior,59,4.0,6.033898305084746,2.0338983050847457,0.6624293785310734,0.9830508474576272,0.7873223763054272,0.6535916061339789,4.35082026071944,0.05619982158786797,12.205692282695468,0.9429378531073445
安徽,Harmonic,disk,all,96,3.3333333333333335,5.0625,1.7291666666666667,0.6197916666666666,0.9270833333333334,0.734792869167869,0.601860119047619,3.1674049295716675,0.08048245614035088,18.612935822401493,0.9368627450980391
安徽,Harmonic,annulus,boundary,37,2.27027027027027,3.5405405405405403,1.2702702702702702,0.5373873873873873,0.8153153153153152,0.6338481338481339,0.5045045045045046,1.271075687554399,0.12204836415362733,28.426070807374032,0.92
安徽,Harmonic,annulus,interior,59,4.0,5.576271186440678,1.6440677966101696,0.6229082593489371,0.864406779661017,0.7158781896070031,0.5772464352972828,2.4219295277489654,0.05584299732381802,18.283372501631856,0.9212121212121213
安徽,Harmonic,annulus,all,96,3.3333333333333335,4.791666666666667,1.5,0.5899470899470899,0.8454861111111112,0.684262438949939,0.5492104828042328,1.978371276840643,0.081359649122807,22.19253747363666,0.9208333333333332
安徽,Area-balanced,disk,boundary,37,2.27027027027027,4.324324324324325,2.054054054054054,0.5043114543114544,0.9459459459459459,0.6447447447447449,0.4958172458172459,1.9023511192281248,0.03755334281650072,20.11291461581427,0.9080459770114943
安徽,Area-balanced,disk,interior,59,4.0,5.864406779661017,1.8644067796610169,0.6487489911218725,0.9364406779661016,0.7623694572847114,0.6281275221953189,3.5630863256364464,0.015343443354148082,17.16563665953673,0.9412429378531074
安徽,Area-balanced,disk,all,96,3.3333333333333335,5.270833333333333,1.9375,0.5930803571428571,0.9401041666666666,0.7170349326599327,0.5771329365079364,2.9230112981665726,0.023903508771929826,18.301566705185365,0.9303030303030304
安徽,Area-balanced,annulus,boundary,37,2.27027027027027,3.972972972972973,1.7027027027027026,0.5180180180180182,0.9054054054054054,0.6448519948519948,0.5000000000000001,1.620165272315348,0.052062588904694174,21.339739298760843,0.9506172839506172
安徽,Area-balanced,annulus,interior,59,4.0,5.508474576271187,1.5084745762711864,0.574778046811945,0.7838983050847458,0.6596387604862181,0.5099273607748184,1.83587432000595,0.0247992863514719,20.681169921656313,0.9309523809523811
安徽,Area-balanced,annulus,all,96,3.3333333333333335,4.916666666666667,1.5833333333333333,0.5529017857142857,0.8307291666666666,0.6539396945646946,0.5061011904761905,1.7527364578751972,0.035307017543859655,20.93499353574868,0.9373493975903616
安徽,Regular Topology,disk,boundary,37,2.27027027027027,4.702702702702703,2.4324324324324325,0.38909266409266413,0.7792792792792792,0.5063706563706564,0.3696374946374946,3.401261207889296,0.07027027027027026,33.09439958860096,0.7971014492753623
安徽,Regular Topology,disk,interior,59,4.0,7.0508474576271185,3.0508474576271185,0.4551452784503631,0.7669491525423728,0.5598718607193183,0.4047117665761733,4.082010575007281,0.06155218554861731,33.09865476991791,0.7796969696969697
安徽,Regular Topology,disk,all,96,3.3333333333333335,6.145833333333333,2.8125,0.4296875,0.771701388888889,0.5392516048766048,0.39119355759980756,3.8196384230972242,0.06491228070175438,33.09701475211866,0.7848290598290598
安徽,Regular Topology,annulus,boundary,37,2.27027027027027,4.702702702702703,2.4324324324324325,0.38909266409266413,0.7792792792792792,0.5063706563706564,0.3696374946374946,3.4012612078892994,0.07027027027027026,32.6633210784084,0.7971014492753623
安徽,Regular Topology,annulus,interior,59,4.0,5.3559322033898304,1.6271186440677967,0.5184893731503901,0.673728813559322,0.5730099467387604,0.42188592951304815,4.082010575007281,0.06155218554861731,31.055938402286348,0.7976666666666666
安徽,Regular Topology,annulus,all,96,3.3333333333333335,5.104166666666667,1.9375,0.46861772486772485,0.7144097222222223,0.5473260535760536,0.40174851190476185,3.8196384230972256,0.06491228070175438,31.675450475375055,0.7974885844748858
安徽,GeoDisk,disk,boundary,37,2.27027027027027,4.405405405405405,2.135135135135135,0.46357786357786357,0.8963963963963966,0.5959030459030459,0.4454311454311454,2.2250737457001493,0.05547652916073968,25.331034024770048,0.8086419753086419
安徽,GeoDisk,disk,interior,59,4.0,5.9491525423728815,1.9491525423728813,0.5504708097928438,0.7966101694915254,0.644474075830008,0.4937180521926285,5.002306899137927,0.04049955396966995,27.815158005507886,0.8578947368421053
安徽,GeoDisk,disk,all,96,3.3333333333333335,5.354166666666667,2.0208333333333335,0.51698082010582,0.8350694444444445,0.6257539913789913,0.47510747354497357,3.931914954583784,0.04627192982456141,26.857735221265177,0.8420634920634923
安徽,GeoAnnulus,annulus,boundary,37,2.27027027027027,4.054054054054054,1.7837837837837838,0.5093307593307594,0.9009009009009008,0.6344272844272844,0.4868082368082368,1.7175891625754698,0.054054054054054064,21.247096258020882,0.9320987654320987
安徽,GeoAnnulus,annulus,interior,59,4.0,5.322033898305085,1.3898305084745763,0.5368240516545602,0.7076271186440678,0.6045381172499816,0.4521455474845305,2.9354973547173255,0.05352363960749331,26.728794331623277,0.8487179487179487
安徽,GeoAnnulus,annulus,all,96,3.3333333333333335,4.833333333333333,1.5416666666666667,0.5262276785714285,0.7821180555555557,0.6160579004329004,0.46550512566137564,2.4660952389959854,0.05372807017543859,24.616056532422352,0.8772151898734177
安徽,GeoDisk-Final,disk,boundary,37,2.27027027027027,4.054054054054054,1.7837837837837838,0.560810810810811,0.990990990990991,0.7021235521235522,0.5563063063063065,2.573048114353264,0.0759601706970128,23.43783637873856,0.9462365591397849
安徽,GeoDisk-Final,disk,interior,59,4.0,5.966101694915254,1.9661016949152543,0.676190476190476,0.9957627118644068,0.8028077384009586,0.6744955609362387,4.170961617953999,0.04656556645851916,13.653995929492865,0.9570621468926555
安徽,GeoDisk-Final,disk,all,96,3.3333333333333335,5.229166666666667,1.8958333333333333,0.63172123015873,0.9939236111111112,0.7640023749398749,0.6289434523809523,3.5550991217745493,0.05789473684210527,17.42485110263964,0.9533333333333333
安徽,GeoAnnulus-Final,annulus,boundary,37,2.27027027027027,3.72972972972973,1.4594594594594594,0.6157657657657657,1.0,0.7490347490347491,0.6157657657657657,1.2424149539877358,0.089900426742532,23.386442086831277,0.9569892473118279
安徽,GeoAnnulus-Final,annulus,interior,59,4.0,5.491525423728813,1.728813559322034,0.671953188054883,0.923728813559322,0.7692652921466481,0.6417271993543179,2.506118545851355,0.05102586975914362,18.033172458952283,0.9148809523809524
安徽,GeoAnnulus-Final,annulus,all,96,3.3333333333333335,4.8125,1.625,0.6502976190476191,0.953125,0.7614681036556036,0.6317212301587302,2.0190661198205855,0.06600877192982456,20.096411794697314,0.9298850574712645
浙江,Direct Polar,disk,boundary,23,2.260869565217391,2.8260869565217392,0.5652173913043478,0.8297101449275364,1.0,0.8973084886128366,0.8297101449275364,1.4103469418282553,0.04551630434782609,12.533551213793672,0.9565217391304348
浙江,Direct Polar,disk,interior,42,4.0,4.928571428571429,0.9285714285714286,0.8351473922902493,1.0,0.9039442039442039,0.8351473922902493,1.5125837550569763,0.036830357142857144,7.391494746342197,0.946825396825397
浙江,Direct Polar,disk,all,65,3.3846153846153846,4.184615384615385,0.8,0.8332234432234431,1.0,0.9015961815961816,0.8332234432234431,1.4764076519145057,0.03990384615384615,9.210991650209643,0.9502564102564103
浙江,Direct Polar,annulus,boundary,23,2.260869565217391,2.869565217391304,0.6086956521739131,0.8115942028985508,1.0,0.8881987577639753,0.8115942028985508,1.2978596922309713,0.046875,16.703731145089467,0.9565217391304348
浙江,Direct Polar,annulus,interior,42,4.0,5.238095238095238,1.2380952380952381,0.7777777777777777,1.0,0.8708994708994708,0.7777777777777777,1.1649177039719043,0.0390625,14.246483440025058,0.9626984126984126
浙江,Direct Polar,annulus,all,65,3.3846153846153846,4.4,1.0153846153846153,0.7897435897435897,1.0,0.8770207570207569,0.7897435897435897,1.2119587152020355,0.041826923076923074,15.115971089509388,0.9605128205128206
浙江,Harmonic,disk,boundary,23,2.260869565217391,3.652173913043478,1.391304347826087,0.6268115942028986,1.0,0.7631469979296065,0.6268115942028986,0.9853831235051409,0.11820652173913043,13.09095042855405,0.9565217391304348
浙江,Harmonic,disk,interior,42,4.0,6.0,2.0,0.6712018140589568,1.0,0.8019240019240018,0.6712018140589568,2.9313056668172335,0.08779761904761904,5.103109720079533,0.9365079365079365
浙江,Harmonic,disk,all,65,3.3846153846153846,5.1692307692307695,1.7846153846153847,0.6554945054945055,1.0,0.7882029082029083,0.6554945054945055,2.2427484591837237,0.0985576923076923,7.929576432308977,0.9435897435897436
浙江,Harmonic,annulus,boundary,23,2.260869565217391,3.6956521739130435,1.434782608695652,0.6231884057971014,1.0,0.760144927536232,0.6231884057971014,0.9288372940756895,0.10461956521739131,14.049013336006698,0.9565217391304348
浙江,Harmonic,annulus,interior,42,4.0,5.214285714285714,1.4047619047619047,0.6620748299319729,0.8690476190476191,0.7441953549096405,0.6166666666666667,1.5226768068398695,0.0744047619047619,14.440144972602148,0.8940170940170941
浙江,Harmonic,annulus,all,65,3.3846153846153846,4.676923076923077,1.4153846153846155,0.6483150183150183,0.9153846153846154,0.7498390498390499,0.6189743589743589,1.3125489792463907,0.08509615384615385,14.301744547345296,0.9172043010752688
浙江,Area-balanced,disk,boundary,23,2.260869565217391,3.869565217391304,1.608695652173913,0.5985507246376811,1.0,0.7408902691511386,0.5985507246376811,2.6862735023247173,0.07133152173913043,17.008158167056106,0.9565217391304348
浙江,Area-balanced,disk,interior,42,4.0,5.880952380952381,1.880952380952381,0.673015873015873,0.9761904761904762,0.7938431938431938,0.6645975056689343,2.930480928533609,0.04055059523809524,11.281098940542353,0.946825396825397
浙江,Area-balanced,disk,all,65,3.3846153846153846,5.1692307692307695,1.7846153846153847,0.6466666666666665,0.9846153846153847,0.7751060051060051,0.6412271062271061,2.8440690700289237,0.05144230769230769,13.307596820693373,0.9502564102564103
浙江,Area-balanced,annulus,boundary,23,2.260869565217391,3.652173913043478,1.391304347826087,0.6355072463768116,1.0,0.7681159420289854,0.6355072463768116,1.503984942502353,0.08355978260869565,19.73323853617224,0.9565217391304348
浙江,Area-balanced,annulus,interior,42,4.0,5.142857142857143,1.1428571428571428,0.6143990929705216,0.7976190476190477,0.6905964405964407,0.5505668934240363,1.615846942686044,0.06808035714285714,17.603087110346596,0.9162393162393163
浙江,Area-balanced,annulus,all,65,3.3846153846153846,4.615384615384615,1.2307692307692308,0.6218681318681318,0.8692307692307693,0.718026418026418,0.5806227106227105,1.5762650041595072,0.07355769230769231,18.3568329994849,0.9311827956989247
浙江,Regular Topology,disk,boundary,23,2.260869565217391,4.3478260869565215,2.0869565217391304,0.45507246376811594,0.8405797101449276,0.5790890269151139,0.4318840579710145,6.633019158361043,0.06521739130434782,31.827005065697865,0.8431372549019607
浙江,Regular Topology,disk,interior,42,4.0,6.571428571428571,2.5714285714285716,0.5386647083075653,0.8452380952380952,0.652024827024827,0.501832955404384,4.992999183817205,0.05952380952380952,26.334923297083133,0.8365079365079365
浙江,Regular Topology,disk,all,65,3.3846153846153846,5.7846153846153845,2.4,0.509085914085914,0.8435897435897436,0.6262167746783132,0.4770818070818071,5.573313944040409,0.06153846153846154,28.278275307516036,0.8384180790960453
浙江,Regular Topology,annulus,boundary,23,2.260869565217391,4.3478260869565215,2.0869565217391304,0.45507246376811594,0.8405797101449276,0.5790890269151139,0.4318840579710145,6.633019158361041,0.07540760869565218,35.536932778240626,0.8039215686274509
浙江,Regular Topology,annulus,interior,42,4.0,5.476190476190476,1.6666666666666667,0.6065501958359101,0.7976190476190477,0.6782587782587783,0.5331821617535903,4.992999183817205,0.06063988095238095,28.986401772001667,0.8491666666666668
浙江,Regular Topology,annulus,all,65,3.3846153846153846,5.076923076923077,1.8153846153846154,0.5529503829503829,0.8128205128205128,0.643167943167943,0.49733821733821726,5.573313944040408,0.06586538461538462,31.304281974209303,0.8356725146198831
浙江,GeoDisk,disk,boundary,23,2.260869565217391,4.130434782608695,1.8695652173913044,0.5434782608695652,0.9565217391304348,0.6830227743271221,0.5398550724637681,3.1064171081166516,0.06453804347826086,19.633196853639475,0.9523809523809523
浙江,GeoDisk,disk,interior,42,4.0,5.833333333333333,1.8333333333333333,0.6489323507180651,0.9166666666666666,0.7528554778554779,0.6215797430083144,4.054562967727318,0.053943452380952384,17.264606469651067,0.9333333333333332
浙江,GeoDisk,disk,all,65,3.3846153846153846,5.230769230769231,1.8461538461538463,0.6116178266178266,0.9307692307692308,0.7281454442992904,0.5926617826617826,3.7190652020189283,0.057692307692307696,18.102723067062353,0.9396825396825397
浙江,GeoAnnulus,annulus,boundary,23,2.260869565217391,3.6956521739130435,1.434782608695652,0.639855072463768,1.0,0.7679089026915115,0.639855072463768,1.5946055368371943,0.08016304347826086,22.342831817192085,0.9130434782608695
浙江,GeoAnnulus,annulus,interior,42,4.0,4.976190476190476,0.9761904761904762,0.6255102040816327,0.7738095238095238,0.6876863876863877,0.5471938775510204,2.8711024778977507,0.06919642857142858,20.796524399611897,0.9170940170940173
浙江,GeoAnnulus,annulus,all,65,3.3846153846153846,4.523076923076923,1.1384615384615384,0.6305860805860806,0.8538461538461538,0.7160728160728159,0.579981684981685,2.4194189449070924,0.07307692307692308,21.343679331986426,0.9155913978494623
浙江,GeoDisk-Final,disk,boundary,23,2.260869565217391,3.782608695652174,1.5217391304347827,0.6079710144927536,1.0,0.7474120082815735,0.6079710144927536,1.478486967455415,0.11820652173913043,13.342426244004358,0.9565217391304348
浙江,GeoDisk-Final,disk,interior,42,4.0,5.976190476190476,1.9761904761904763,0.6743764172335601,1.0,0.804040404040404,0.6743764172335601,3.32549528832515,0.08779761904761904,5.221895446872405,0.9404761904761905
浙江,GeoDisk-Final,disk,all,65,3.3846153846153846,5.2,1.8153846153846154,0.6508791208791209,1.0,0.7840026640026639,0.6508791208791209,2.671938497863552,0.0985576923076923,8.09531403662679,0.9461538461538461
浙江,GeoAnnulus-Final,annulus,boundary,23,2.260869565217391,3.9130434782608696,1.6521739130434783,0.5913043478260869,1.0,0.7350931677018633,0.5913043478260869,1.3361353184311413,0.10326086956521739,14.042406774344581,0.9565217391304348
浙江,GeoAnnulus-Final,annulus,interior,42,4.0,5.238095238095238,1.4761904761904763,0.6733560090702949,0.8809523809523809,0.753913282484711,0.6303287981859411,1.8704839346033952,0.07738095238095238,14.69192573901454,0.8991452991452991
浙江,GeoAnnulus-Final,annulus,all,65,3.3846153846153846,4.769230769230769,1.5384615384615385,0.6443223443223441,0.9230769230769231,0.7472538572538573,0.6165201465201465,1.6814067319578285,0.08653846153846154,14.462095951515938,0.9204301075268817
NE-Admin0-Africa,Direct Polar,disk,boundary,34,4.088235294117647,10.117647058823529,6.088235294117647,0.5863438054617442,0.9950980392156863,0.668909599172757,0.5814418446774305,5.795843799970757,0.08283313325330131,32.68568273439926,0.7586580086580086
NE-Admin0-Africa,Direct Polar,disk,interior,16,4.9375,8.5,3.6875,0.7418953634085214,0.9375,0.7924466768375937,0.7418953634085214,5.162035048769054,0.07397959183673469,26.08706660022938,0.8060317460317461
NE-Admin0-Africa,Direct Polar,disk,all,50,4.36,9.6,5.32,0.636120304004713,0.9766666666666666,0.7084414640255048,0.6327869706713796,5.593024999586212,0.08,30.574125571464897,0.7734623015873016
NE-Admin0-Africa,Direct Polar,annulus,boundary,34,4.088235294117647,10.117647058823529,6.088235294117647,0.5863438054617442,0.9950980392156863,0.668909599172757,0.5814418446774305,5.2089599051899835,0.08403361344537816,32.67604721833329,0.7671957671957672
NE-Admin0-Africa,Direct Polar,annulus,interior,16,4.9375,8.5,3.6875,0.7418953634085214,0.9375,0.7924466768375937,0.7418953634085214,4.397834316378991,0.06377551020408163,27.40478519366956,0.8068253968253968
NE-Admin0-Africa,Direct Polar,annulus,all,50,4.36,9.6,5.32,0.636120304004713,0.9766666666666666,0.7084414640255048,0.6327869706713796,4.949399716770467,0.07755102040816327,30.989243370440896,0.7795800264550267
NE-Admin0-Africa,Harmonic,disk,boundary,34,4.088235294117647,3.3823529411764706,1.3529411764705883,0.6274509803921569,0.5729925303454714,0.5777226041931924,0.4620448179271709,2.0383044937184454,0.20468187274909969,38.96327973841837,0.85
NE-Admin0-Africa,Harmonic,disk,interior,16,4.9375,6.6875,2.25,0.48132440476190474,0.6611607142857143,0.5337658868908869,0.389614898989899,15.158031812984362,0.19260204081632654,34.825030889649426,0.9061224489795919
NE-Admin0-Africa,Harmonic,disk,all,50,4.36,4.44,1.64,0.5806904761904762,0.6012063492063492,0.5636564546564545,0.4388672438672438,6.2366172358835374,0.20081632653061224,37.6390401068123,0.8718253968253968
NE-Admin0-Africa,Harmonic,annulus,boundary,34,4.088235294117647,3.411764705882353,1.3823529411764706,0.6151960784313725,0.5759803921568627,0.5714922332569392,0.4466853408029879,2.078360586625824,0.22448979591836735,39.48534059641982,0.7971014492753623
NE-Admin0-Africa,Harmonic,annulus,interior,16,4.9375,6.5,2.1875,0.45906385281385276,0.6469494047619048,0.5115094056270527,0.3568790584415584,5.220587850399726,0.1556122448979592,35.0651700000126,0.8809523809523808
NE-Admin0-Africa,Harmonic,annulus,all,50,4.36,4.4,1.64,0.5652337662337662,0.5986904761904762,0.5522977284153755,0.41794733044733046,3.083873311033473,0.20244897959183675,38.07088600556951,0.8288288288288289
NE-Admin0-Africa,Area-balanced,disk,boundary,34,4.088235294117647,4.323529411764706,1.7647058823529411,0.5873832866479924,0.6470588235294118,0.579818384230149,0.44213352007469653,3.3977069592978,0.0864345738295318,25.264669253029737,0.881159420289855
NE-Admin0-Africa,Area-balanced,disk,interior,16,4.9375,5.3125,1.875,0.5747767857142856,0.6921130952380952,0.6005875660287425,0.457652417027417,4.019153270687345,0.05357142857142857,15.882932601312469,0.9500000000000001
NE-Admin0-Africa,Area-balanced,disk,all,50,4.36,4.64,1.8,0.5833492063492064,0.6614761904761904,0.5864645224056989,0.44709956709956705,3.5965697789424547,0.07591836734693878,22.262513524480212,0.9047619047619047
NE-Admin0-Africa,Area-balanced,annulus,boundary,34,4.088235294117647,3.9705882352941178,1.8823529411764706,0.6200534759358288,0.6251750700280113,0.5824670427611603,0.4502917833800187,2.007800068231986,0.11944777911164467,27.635207908983045,0.8681159420289855
NE-Admin0-Africa,Area-balanced,annulus,interior,16,4.9375,4.8125,1.875,0.5499999999999999,0.5878720238095239,0.5382215007215008,0.39958062770562774,2.639497171603469,0.08290816326530612,22.30640166955428,0.9499999999999998
NE-Admin0-Africa,Area-balanced,annulus,all,50,4.36,4.24,1.88,0.5976363636363636,0.6132380952380951,0.5683084693084693,0.4340642135642136,2.209943141310861,0.1077551020408163,25.929989912365844,0.8961904761904761
NE-Admin0-Africa,Regular Topology,disk,boundary,34,4.088235294117647,4.588235294117647,2.264705882352941,0.534173669467787,0.579470121381886,0.5133405809876398,0.3704503013326543,15.727727185886007,0.11344537815126049,47.099602459855475,0.6969696969696968
NE-Admin0-Africa,Regular Topology,disk,interior,16,4.9375,5.5,2.1875,0.6282738095238096,0.7129464285714285,0.6133489774114773,0.47411841630591633,9.579123135692992,0.09311224489795918,39.04842309577571,0.7047619047619048
NE-Admin0-Africa,Regular Topology,disk,all,50,4.36,4.88,2.24,0.5642857142857143,0.6221825396825397,0.5453432678432678,0.403624098124098,13.760173889824241,0.10693877551020407,44.52322506334995,0.7
NE-Admin0-Africa,Regular Topology,annulus,boundary,34,4.088235294117647,4.4411764705882355,2.411764705882353,0.5351540616246498,0.5651727357609709,0.5019010401363343,0.3594792462439521,15.727727185886007,0.1500600240096038,48.25402442993126,0.6848484848484848
NE-Admin0-Africa,Regular Topology,annulus,interior,16,4.9375,4.6875,2.25,0.6881696428571429,0.6639880952380953,0.6160176628926629,0.47157738095238094,9.579123135692988,0.09948979591836733,41.77561543163568,0.7142857142857143
NE-Admin0-Africa,Regular Topology,annulus,all,50,4.36,4.52,2.36,0.5841190476190475,0.5967936507936508,0.5384183594183595,0.3953506493506493,13.760173889824241,0.13387755102040816,46.18093355047667,0.6962962962962964
NE-Admin0-Africa,GeoDisk,disk,boundary,34,4.088235294117647,4.470588235294118,2.1470588235294117,0.5958216619981326,0.6728874883286647,0.5838723368135134,0.434967320261438,4.053451888069417,0.07082833133253301,29.246232675102853,0.8250000000000001
NE-Admin0-Africa,GeoDisk,disk,interior,16,4.9375,5.625,1.6875,0.5950892857142858,0.7302083333333333,0.6251999736374736,0.477863455988456,6.719258559620271,0.06377551020408162,30.01936407049312,0.7133333333333333
NE-Admin0-Africa,GeoDisk,disk,all,50,4.36,4.84,2.0,0.5955873015873016,0.6912301587301587,0.5970971805971806,0.4486940836940837,4.906510022965691,0.06857142857142857,29.493634721627735,0.786046511627907
NE-Admin0-Africa,GeoAnnulus,annulus,boundary,34,4.088235294117647,4.117647058823529,1.7941176470588236,0.6096638655462184,0.6464635854341737,0.5897801544860368,0.44652194211017737,3.0736777726622058,0.08883553421368548,29.605339306417243,0.8035714285714286
NE-Admin0-Africa,GeoAnnulus,annulus,interior,16,4.9375,4.5,1.6875,0.584375,0.5947172619047618,0.5584505772005771,0.41548295454545453,4.221627174102377,0.09438775510204081,31.471169775370978,0.6435897435897436
NE-Admin0-Africa,GeoAnnulus,annulus,all,50,4.36,4.24,1.76,0.6015714285714285,0.6299047619047619,0.5797546897546898,0.4365894660894661,3.4410215811230604,0.09061224489795919,30.20240505648244,0.7528455284552845
NE-Admin0-Africa,GeoDisk-Final,disk,boundary,34,4.088235294117647,4.676470588235294,1.4705882352941178,0.7133053221288514,0.8494514472455649,0.7414551951316658,0.6163165266106443,5.370181940512675,0.07262905162064828,29.27866580976502,0.8930059523809524
NE-Admin0-Africa,GeoDisk-Final,disk,interior,16,4.9375,5.4375,1.25,0.7284226190476191,0.8574404761904761,0.7681526806526806,0.6420544733044733,7.178459094020766,0.06760204081632652,22.091948222221337,0.8590476190476191
NE-Admin0-Africa,GeoDisk-Final,disk,all,50,4.36,4.92,1.4,0.718142857142857,0.8520079365079366,0.7499983904983903,0.6245526695526695,5.948830629635264,0.07102040816326531,26.97891618175104,0.8821681864235056
NE-Admin0-Africa,GeoAnnulus-Final,annulus,boundary,34,4.088235294117647,4.323529411764706,1.8235294117647058,0.6775560224089636,0.7475140056022409,0.6662667397961516,0.5260185892538835,3.5195787414152075,0.11404561824729893,28.039610898943867,0.8935483870967742
NE-Admin0-Africa,GeoAnnulus-Final,annulus,interior,16,4.9375,5.3125,1.75,0.583110119047619,0.6708333333333333,0.5833851911976913,0.42275432900432897,3.974272423522681,0.0816326530612245,28.229100617880455,0.8571428571428571
NE-Admin0-Africa,GeoAnnulus-Final,annulus,all,50,4.36,4.64,1.8,0.6473333333333333,0.7229761904761903,0.6397446442446443,0.49297402597402595,3.6650807196895996,0.1036734693877551,28.100247609003578,0.8822222222222221
NCEP-AirTemp-Africa-2000,Direct Polar,disk,boundary,82,2.5121951219512195,9.158536585365853,6.646341463414634,0.5252405431193297,0.9674796747967481,0.6277302333740705,0.5244290053027703,4.709542174893165,0.08,30.506641808567608,0.8513513513513513
NCEP-AirTemp-Africa-2000,Direct Polar,disk,interior,319,4.0,16.636363636363637,12.636363636363637,0.4882636299563711,0.9702194357366771,0.5850701127093177,0.4862968198656738,9.198418920767727,0.11156739811912227,35.87188488724918,0.7996794871794872
NCEP-AirTemp-Africa-2000,Direct Polar,disk,all,401,3.6957605985037407,15.107231920199501,11.41147132169576,0.4958249937453053,0.9696591853699087,0.593793628655726,0.4940944238702671,8.28049400016495,0.10511221945137157,34.77475288612228,0.8095854922279793
NCEP-AirTemp-Africa-2000,Direct Polar,annulus,boundary,82,2.5121951219512195,8.878048780487806,6.365853658536586,0.5933312550138435,0.9674796747967481,0.6722909171768149,0.592535611838826,4.670178499320637,0.0798780487804878,30.67431570193237,0.8513513513513513
NCEP-AirTemp-Africa-2000,Direct Polar,annulus,interior,319,4.0,16.921630094043888,12.921630094043888,0.4810536081518336,0.9686520376175548,0.5788815248446328,0.47941782337127126,8.007731664144588,0.10673981191222572,34.937258181363795,0.8012820512820513
NCEP-AirTemp-Africa-2000,Direct Polar,annulus,all,401,3.6957605985037407,15.276807980049876,11.581047381546135,0.5040131269615215,0.9684123025768911,0.597982697341488,0.50254914171127,7.325239495776598,0.10124688279301744,34.06553428282669,0.810880829015544
NCEP-AirTemp-Africa-2000,Harmonic,disk,boundary,82,2.5121951219512195,3.817073170731707,1.3048780487804879,0.4947154471544715,0.7479674796747967,0.5863821138211381,0.4522357723577236,0.4060063212370385,0.16076219512195122,31.022054005738404,0.9782608695652174
NCEP-AirTemp-Africa-2000,Harmonic,disk,interior,319,4.0,5.940438871473354,1.9529780564263324,0.6023314198862788,0.890282131661442,0.7159397377265715,0.5750058370748026,3.9150509357652963,0.1250705329153605,15.593752271544348,0.9981132075471698
NCEP-AirTemp-Africa-2000,Harmonic,disk,all,401,3.6957605985037407,5.506234413965087,1.8204488778054864,0.5803251611231661,0.8611803823773899,0.6894466575264581,0.5499007365590908,3.197490690400416,0.13236907730673317,18.74866684063141,0.9951768488745981
NCEP-AirTemp-Africa-2000,Harmonic,annulus,boundary,82,2.5121951219512195,3.8292682926829267,1.3170731707317074,0.4776422764227642,0.7195121951219511,0.5642276422764226,0.42775842044134715,0.3943476470468268,0.16018292682926832,31.00092649122292,1.0
NCEP-AirTemp-Africa-2000,Harmonic,annulus,interior,319,4.0,5.793103448275862,1.8557993730407523,0.5573025633370461,0.8056426332288401,0.6533036553873729,0.508375915272467,1.4648190076860694,0.12142633228840125,20.36032644988669,0.993421052631579
NCEP-AirTemp-Africa-2000,Harmonic,annulus,all,401,3.6957605985037407,5.3915211970074814,1.745635910224439,0.5410129286064448,0.7880299251870324,0.6350886103123158,0.4918905422646071,1.2459196272062243,0.12935162094763095,22.536209750110057,0.9944649446494465
NCEP-AirTemp-Africa-2000,Area-balanced,disk,boundary,82,2.5121951219512195,4.524390243902439,2.0121951219512195,0.42520666803306684,0.7398373983739837,0.5271407454334284,0.4032215731821183,0.4869841031115053,0.025731707317073162,28.959249415780118,0.9215686274509803
NCEP-AirTemp-Africa-2000,Area-balanced,disk,interior,319,4.0,5.5579937304075235,1.890282131661442,0.4985904547156816,0.6943573667711599,0.5705496066628898,0.46208886898542073,0.7103286218662177,0.019968652037617548,23.825295455123417,0.9810126582278481
NCEP-AirTemp-Africa-2000,Area-balanced,disk,all,401,3.6957605985037407,5.346633416458853,1.915211970074813,0.48358429384791496,0.7036575228595179,0.5616729816733241,0.45005116759920927,0.664657174140815,0.02114713216957606,24.87513142712803,0.9704861111111112
NCEP-AirTemp-Africa-2000,Area-balanced,annulus,boundary,82,2.5121951219512195,4.402439024390244,1.8902439024390243,0.4206624676136871,0.709349593495935,0.5170458944849189,0.39495741385985284,0.36642584605396167,0.06646341463414636,28.114826864529093,0.9021739130434783
NCEP-AirTemp-Africa-2000,Area-balanced,annulus,interior,319,4.0,5.6269592476489025,1.890282131661442,0.40418854047380687,0.5893416927899686,0.47396613165414664,0.3512921552498355,0.4126532895389243,0.026410658307210035,25.412025522504447,0.9662921348314607
NCEP-AirTemp-Africa-2000,Area-balanced,annulus,all,401,3.6957605985037407,5.376558603491272,1.8902743142144638,0.4075572737044058,0.6138819617622611,0.4827754597143046,0.3602212106264475,0.40320029610808406,0.03460099750623442,25.96471806626011,0.953125
NCEP-AirTemp-Africa-2000,Regular Topology,disk,boundary,82,2.5121951219512195,5.317073170731708,2.8048780487804876,0.3216925351071692,0.6666666666666666,0.4200832365466512,0.2945923597434732,2.222894709631605,0.052774390243902444,36.30543060368299,0.95
NCEP-AirTemp-Africa-2000,Regular Topology,disk,interior,319,4.0,9.423197492163009,5.80564263322884,0.33696629920290994,0.6026645768025078,0.3986851003780829,0.2737642082271036,1.4627559159709922,0.056810344827586214,40.03615637265698,0.7549261083743842
NCEP-AirTemp-Africa-2000,Regular Topology,disk,all,401,3.6957605985037407,8.58354114713217,5.192019950124688,0.3338429858466737,0.6157522859517872,0.40306077909584503,0.2780233314798276,1.6181957690387485,0.0559850374064838,39.2732648189017,0.7870370370370371
NCEP-AirTemp-Africa-2000,Regular Topology,annulus,boundary,82,2.5121951219512195,5.317073170731708,2.8048780487804876,0.3216925351071692,0.6666666666666666,0.4200832365466512,0.2945923597434732,2.2228947096316043,0.054603658536585366,34.83161373731528,0.95
NCEP-AirTemp-Africa-2000,Regular Topology,annulus,interior,319,4.0,5.197492163009405,1.6739811912225706,0.38868442616355986,0.5039184952978056,0.42737357371977863,0.2966248415841765,1.462755915970991,0.057343260188087775,36.763664781964685,0.7779605263157895
NCEP-AirTemp-Africa-2000,Regular Topology,annulus,all,401,3.6957605985037407,5.221945137157107,1.9052369077306732,0.3749853362218541,0.5371986699916875,0.42588278157963777,0.2962092218561525,1.6181957690387476,0.05678304239401496,36.368582024704715,0.8138020833333334
NCEP-AirTemp-Africa-2000,GeoDisk,disk,boundary,82,2.5121951219512195,4.7439024390243905,2.231707317073171,0.3650890437475803,0.6788617886178862,0.46135483757434975,0.3370886566008517,0.7639070015383108,0.05503048780487804,34.315352647491856,0.925
NCEP-AirTemp-Africa-2000,GeoDisk,disk,interior,319,4.0,5.733542319749216,2.0219435736677114,0.402520260027636,0.5744514106583072,0.46278227629489793,0.3268242340158254,1.172632926937048,0.044976489028213155,35.20622070938726,0.9016393442622951
NCEP-AirTemp-Africa-2000,GeoDisk,disk,all,401,3.6957605985037407,5.531172069825437,2.064837905236908,0.39486599634942016,0.5958021612635079,0.4624903810951848,0.3289231932476761,1.0890530618929173,0.047032418952618456,35.02404818800216,0.905829596412556
NCEP-AirTemp-Africa-2000,GeoAnnulus,annulus,boundary,82,2.5121951219512195,4.695121951219512,2.182926829268293,0.3672909407665505,0.6666666666666666,0.460011959186995,0.3349699081406398,0.5087100469833497,0.05503048780487804,30.12993020759324,0.9210526315789473
NCEP-AirTemp-Africa-2000,GeoAnnulus,annulus,interior,319,4.0,5.463949843260188,1.8401253918495297,0.3846040840678689,0.5235109717868338,0.43340694035011956,0.3015341502802318,1.0287358515093767,0.05074451410658307,33.39382399857319,0.8105590062111802
NCEP-AirTemp-Africa-2000,GeoAnnulus,annulus,all,401,3.6957605985037407,5.306733167082294,1.9102244389027432,0.3810637405498936,0.5527847049044057,0.43884736814219877,0.3083713875484449,0.9223964101848525,0.05162094763092269,32.72639434555485,0.8316582914572864
NCEP-AirTemp-Africa-2000,GeoDisk-Final,disk,boundary,82,2.5121951219512195,3.975609756097561,1.4634146341463414,0.5158826945412311,0.8069105691056909,0.6223286875725899,0.4899099883855982,0.40359185137924364,0.16164634146341464,28.726577384614046,1.0
NCEP-AirTemp-Africa-2000,GeoDisk-Final,disk,interior,319,4.0,5.931034482758621,1.9498432601880877,0.6074861919689506,0.8949843260188087,0.720939805579304,0.5806326814947504,3.9839202333233406,0.12553291536050157,16.074354755369864,1.0
NCEP-AirTemp-Africa-2000,GeoDisk-Final,disk,all,401,3.6957605985037407,5.531172069825437,1.8503740648379052,0.5887543047144045,0.8769742310889443,0.7007749385554872,0.5620809088390136,3.2517832574644485,0.13291770573566083,18.66159230050209,1.0
NCEP-AirTemp-Africa-2000,GeoAnnulus-Final,annulus,boundary,82,2.5121951219512195,3.9878048780487805,1.475609756097561,0.5083333333333333,0.7926829268292683,0.6120596205962059,0.4720818815331011,0.38565647722188245,0.16442073170731708,28.3197376984469,1.0
NCEP-AirTemp-Africa-2000,GeoAnnulus-Final,annulus,interior,319,4.0,5.721003134796239,1.8213166144200628,0.5656416380554311,0.8103448275862069,0.6606108624917402,0.5164985397744017,1.570567986173718,0.12072884012539184,20.596439515092108,0.9957627118644068
NCEP-AirTemp-Africa-2000,GeoAnnulus-Final,annulus,all,401,3.6957605985037407,5.366583541147132,1.7506234413965087,0.5539227328504136,0.8067331670822943,0.6506826783634763,0.5074158316053577,1.3282668796050137,0.1296633416458853,22.17576732315967,0.9965034965034965
NASA-Exoplanet-SkyGrid,Direct Polar,disk,boundary,36,3.0,11.38888888888889,8.38888888888889,0.22952279309670948,0.7777777777777778,0.34396582090080546,0.21374045738403322,24.19853116593869,0.2726017943409248,50.574959007059306,0.7272727272727273
NASA-Exoplanet-SkyGrid,Direct Polar,disk,interior,126,4.0,14.126984126984127,10.19047619047619,0.24580024471796258,0.7341269841269841,0.34734796045089533,0.21888200605376376,8.747600076406934,0.28462979394656407,40.0994419940027,0.6755952380952381
NASA-Exoplanet-SkyGrid,Direct Polar,disk,all,162,3.7777777777777777,13.518518518518519,9.790123456790123,0.2421830332465731,0.7438271604938272,0.3465963738842087,0.21773943968271256,12.181140318525104,0.2819569051453109,42.427334663570846,0.6863207547169812
NASA-Exoplanet-SkyGrid,Direct Polar,annulus,boundary,36,3.0,11.38888888888889,8.38888888888889,0.22952279309670948,0.7777777777777778,0.34396582090080546,0.21374045738403322,24.19853116593869,0.2726017943409248,50.574959007059306,0.7272727272727273
NASA-Exoplanet-SkyGrid,Direct Polar,annulus,interior,126,4.0,14.126984126984127,10.19047619047619,0.24580024471796258,0.7341269841269841,0.34734796045089533,0.21888200605376376,8.747600076406934,0.28462979394656407,40.0994419940027,0.6755952380952381
NASA-Exoplanet-SkyGrid,Direct Polar,annulus,all,162,3.7777777777777777,13.518518518518519,9.790123456790123,0.2421830332465731,0.7438271604938272,0.3465963738842087,0.21773943968271256,12.181140318525104,0.2819569051453109,42.427334663570846,0.6863207547169812
NASA-Exoplanet-SkyGrid,Harmonic,disk,boundary,36,3.0,3.888888888888889,0.8888888888888888,0.6944444444444445,0.8518518518518519,0.7601410934744268,0.6527777777777778,1.549065451545137,0.347135955831608,45.850173515376106,1.0
NASA-Exoplanet-SkyGrid,Harmonic,disk,interior,126,4.0,5.761904761904762,1.8412698412698412,0.4083333333333334,0.5912698412698413,0.47749759059282876,0.347099395313681,12.58394958844124,0.29478458049886624,49.403447484830345,0.7878787878787878
NASA-Exoplanet-SkyGrid,Harmonic,disk,all,162,3.7777777777777777,5.345679012345679,1.6296296296296295,0.4719135802469135,0.6491769547325102,0.5403072578998505,0.41502792475014694,10.131753113575439,0.3064182194616977,48.61383104717384,0.8444444444444444
NASA-Exoplanet-SkyGrid,Harmonic,annulus,boundary,36,3.0,4.194444444444445,1.1944444444444444,0.6772486772486773,0.8518518518518519,0.7486824359373379,0.636766975308642,1.5719117484127096,0.3492063492063492,44.477628532422465,1.0
NASA-Exoplanet-SkyGrid,Harmonic,annulus,interior,126,4.0,5.198412698412699,1.6428571428571428,0.3889121460550032,0.5079365079365079,0.4297283223053532,0.3016137081613272,9.943782514954894,0.33146012027999605,54.675587375172775,0.9651162790697675
NASA-Exoplanet-SkyGrid,Harmonic,annulus,all,162,3.7777777777777777,4.9753086419753085,1.5432098765432098,0.45298693076470853,0.5843621399176954,0.500607014223572,0.37609221197184156,8.083366789056631,0.3354037267080745,52.40937429900603,0.9776119402985075
NASA-Exoplanet-SkyGrid,Area-balanced,disk,boundary,36,3.0,3.6666666666666665,0.6666666666666666,0.6944444444444444,0.8518518518518519,0.761904761904762,0.6499999999999999,7.245637050559613,0.12215320910973082,20.13687313331147,1.0
NASA-Exoplanet-SkyGrid,Area-balanced,disk,interior,126,4.0,5.26984126984127,1.5396825396825398,0.6444255479969765,0.8531746031746031,0.7246449758354522,0.5970332577475435,1.3790011975462577,0.04742186729764369,7.566526682047292,0.9603960396039604
NASA-Exoplanet-SkyGrid,Area-balanced,disk,all,162,3.7777777777777777,4.91358024691358,1.345679012345679,0.6555408583186361,0.8528806584362141,0.7329249282952986,0.6088036449147561,2.6826980537714475,0.06402883214477416,10.359937004550442,0.968
NASA-Exoplanet-SkyGrid,Area-balanced,annulus,boundary,36,3.0,3.6666666666666665,0.6666666666666666,0.6129629629629629,0.7407407407407408,0.6653439153439155,0.5277777777777777,2.4525705974384913,0.13768115942028988,28.418454685749587,1.0
NASA-Exoplanet-SkyGrid,Area-balanced,annulus,interior,126,4.0,5.26984126984127,1.5238095238095237,0.539795918367347,0.7142857142857143,0.603856020522687,0.4526266061980348,0.6138378192641684,0.05560485063590652,18.921004608404747,0.9512195121951219
NASA-Exoplanet-SkyGrid,Area-balanced,annulus,all,162,3.7777777777777777,4.91358024691358,1.3333333333333333,0.5560552616108172,0.7201646090534979,0.6175199971496267,0.4693268665490888,1.022445103302907,0.0738440303657695,21.03154907003693,0.9574468085106383
NASA-Exoplanet-SkyGrid,Regular Topology,disk,boundary,36,3.0,4.222222222222222,1.4444444444444444,0.5763227513227513,0.7685185185185186,0.637830687830688,0.4841931216931217,7.897008020018573,0.06314699792960662,42.22303871404509,1.0
NASA-Exoplanet-SkyGrid,Regular Topology,disk,interior,126,4.0,6.5396825396825395,2.857142857142857,0.5342472342472341,0.7837301587301587,0.6079196376815424,0.45242323813752383,2.4315976322874673,0.05885832593907128,27.933043861565903,0.8075221238938053
NASA-Exoplanet-SkyGrid,Regular Topology,disk,all,162,3.7777777777777777,6.0246913580246915,2.54320987654321,0.5435973491529046,0.7803497942386831,0.6145665377146858,0.45948321226099,3.6461332740054906,0.05981136415919026,31.108598273227944,0.8400735294117647
NASA-Exoplanet-SkyGrid,Regular Topology,annulus,boundary,36,3.0,4.222222222222222,1.4444444444444444,0.5763227513227513,0.7685185185185186,0.637830687830688,0.4841931216931217,7.897008020018571,0.0707384403036577,43.63313747280151,1.0
NASA-Exoplanet-SkyGrid,Regular Topology,annulus,interior,126,4.0,5.2063492063492065,1.619047619047619,0.5814574314574313,0.7202380952380952,0.623003848003848,0.4711674568817426,2.431597632287469,0.0639850142955733,29.930075494809678,0.8106796116504854
NASA-Exoplanet-SkyGrid,Regular Topology,annulus,all,162,3.7777777777777777,4.987654320987654,1.5802469135802468,0.5803163914275025,0.7309670781893004,0.6262987012987012,0.4740620490620491,3.646133274005491,0.06548577563070317,32.97520037880787,0.8452380952380952
NASA-Exoplanet-SkyGrid,GeoDisk,disk,boundary,36,3.0,4.333333333333333,1.3333333333333333,0.5648148148148148,0.8055555555555557,0.6587301587301588,0.5064814814814813,3.0994952306906765,0.1261214630779848,35.95664554074183,0.8947368421052632
NASA-Exoplanet-SkyGrid,GeoDisk,disk,interior,126,4.0,5.666666666666667,1.8571428571428572,0.5908352229780801,0.8075396825396826,0.6698212281545615,0.5196775006298816,1.0568657035620006,0.04835847382431233,21.229339049737753,0.8859649122807017
NASA-Exoplanet-SkyGrid,GeoDisk,disk,all,162,3.7777777777777777,5.37037037037037,1.7407407407407407,0.5850529100529099,0.8070987654320988,0.6673565460602497,0.5167450519302371,1.5107833762572624,0.06563913810290622,24.50207382551644,0.8872180451127819
NASA-Exoplanet-SkyGrid,GeoAnnulus,annulus,boundary,36,3.0,4.111111111111111,1.1111111111111112,0.5671296296296295,0.7685185185185186,0.6494708994708996,0.497222222222222,1.1498200640543863,0.13095238095238093,27.80961051725172,1.0
NASA-Exoplanet-SkyGrid,GeoAnnulus,annulus,interior,126,4.0,5.26984126984127,1.492063492063492,0.5385865457294028,0.6884920634920635,0.5917279369660323,0.4426209372637944,0.9160127102176684,0.057330178448190876,24.130278019992957,0.90625
NASA-Exoplanet-SkyGrid,GeoAnnulus,annulus,all,162,3.7777777777777777,5.012345679012346,1.4074074074074074,0.5449294532627865,0.706275720164609,0.6045597064115582,0.454754556143445,0.9679698999591613,0.07369066789356643,24.94790746382823,0.918918918918919
NASA-Exoplanet-SkyGrid,GeoDisk-Final,disk,boundary,36,3.0,4.027777777777778,1.0277777777777777,0.7458333333333333,0.9629629629629629,0.8343253968253967,0.7384259259259259,6.6460504191207175,0.13302277432712215,32.6018893639637,0.8333333333333334
NASA-Exoplanet-SkyGrid,GeoDisk-Final,disk,interior,126,4.0,5.753968253968254,1.7857142857142858,0.6537226001511716,0.9166666666666666,0.7568313520694473,0.6204081632653062,1.466666502667025,0.047865523020802526,15.466532136728821,0.7777777777777778
NASA-Exoplanet-SkyGrid,GeoDisk-Final,disk,all,162,3.7777777777777777,5.37037037037037,1.617283950617284,0.6741916519694298,0.926954732510288,0.7740522509041027,0.6466343327454438,2.6176407063234013,0.0667893566444291,19.274389298336573,0.7901234567901234
NASA-Exoplanet-SkyGrid,GeoAnnulus-Final,annulus,boundary,36,3.0,4.222222222222222,1.2222222222222223,0.7002645502645504,0.925925925925926,0.7891534391534392,0.6777777777777777,1.7139126470330874,0.18046928916494134,35.011886882455,0.8125
NASA-Exoplanet-SkyGrid,GeoAnnulus-Final,annulus,interior,126,4.0,5.4603174603174605,1.5873015873015872,0.606103552532124,0.8174603174603174,0.6881169976408071,0.5520408163265307,1.2247400993707038,0.07975944000788722,22.60993184566973,0.8545454545454545
NASA-Exoplanet-SkyGrid,GeoAnnulus-Final,annulus,all,162,3.7777777777777777,5.185185185185185,1.5061728395061729,0.6270282186948853,0.8415637860082303,0.7105695401991698,0.5799823633156966,1.3334451099623448,0.10213940648723256,25.36592185384424,0.8450704225352113
Synthetic-concave_u,GeoDisk-Final,disk,boundary,88,2.9318181818181817,4.818181818181818,1.8863636363636365,0.6236607142857142,0.9772727272727273,0.7534181096681096,0.6184749278499279,3.047217679152044,0.06851408825093036,25.623260530290622,1.0
Synthetic-concave_u,GeoDisk-Final,disk,interior,84,4.0,6.0,2.0,0.6600907029478458,0.9761904761904762,0.7847282347282348,0.6529478458049887,5.0380997162551955,0.0510303536619326,16.278827666129096,1.0
Synthetic-concave_u,GeoDisk-Final,disk,all,172,3.453488372093023,5.395348837209302,1.941860465116279,0.641452104097453,0.9767441860465116,0.7687091009765428,0.6353105389442599,4.019508906574513,0.05997552019583845,21.05970029430476,1.0
Synthetic-concave_u,GeoAnnulus-Final,annulus,boundary,88,2.9318181818181817,4.670454545454546,1.7386363636363635,0.6598079004329004,0.9886363636363636,0.7810153193508808,0.6541260822510823,1.156707137534991,0.0672514619883041,23.93516078652442,1.0
Synthetic-concave_u,GeoAnnulus-Final,annulus,interior,84,4.0,5.845238095238095,1.9166666666666667,0.6525510204081633,0.9494047619047619,0.7694599051741908,0.6329931972789116,0.6422818755686049,0.05374547479810638,15.967016180892799,1.0
Synthetic-concave_u,GeoAnnulus-Final,annulus,all,172,3.453488372093023,5.244186046511628,1.8255813953488371,0.6562638427464008,0.9694767441860465,0.7753719775436602,0.6438053709856035,0.9054761956444304,0.060655514755881955,20.043741327960138,1.0
Synthetic-disconnected,GeoDisk-Final,disk,boundary,64,2.875,4.4375,1.5625,0.6710751488095238,0.9791666666666667,0.7863895652958153,0.668111359126984,1.9565459508662142,0.02397798742138365,21.412351344098262,0.984375
Synthetic-disconnected,GeoDisk-Final,disk,interior,96,4.0,6.0625,2.0625,0.6512772817460318,0.9791666666666666,0.780797558922559,0.6452256944444446,3.432643839817013,0.015985324947589096,13.271192182815243,0.9947916666666666
Synthetic-disconnected,GeoDisk-Final,disk,all,160,3.55,5.4125,1.8625,0.6591964285714286,0.9791666666666666,0.7830343614718615,0.6543799603174603,2.8422046842366933,0.01918238993710692,16.527655847328454,0.990625
Synthetic-disconnected,GeoAnnulus-Final,annulus,boundary,64,2.875,4.515625,1.640625,0.6422061011904762,0.9479166666666666,0.7560944264069265,0.6347594246031746,1.3435884024360232,0.04166666666666667,23.401696713135404,0.975
Synthetic-disconnected,GeoAnnulus-Final,annulus,interior,96,4.0,5.822916666666667,1.84375,0.6048363095238095,0.8802083333333334,0.7142083032708033,0.5696015211640212,1.014401805044508,0.028170859538784065,17.09687246609603,0.9886363636363636
Synthetic-disconnected,GeoAnnulus-Final,annulus,all,160,3.55,5.3,1.7625,0.6197842261904762,0.9072916666666666,0.7309627525252524,0.5956646825396825,1.1460764440011144,0.0335691823899371,19.618802164911777,0.9831081081081081
Synthetic-disk_like,GeoDisk-Final,disk,boundary,36,2.3333333333333335,3.888888888888889,1.5555555555555556,0.5925925925925926,1.0,0.7328042328042328,0.5925925925925926,0.23515489476409102,0.09834834834834837,12.095644485117688,1.0
Synthetic-disk_like,GeoDisk-Final,disk,interior,113,4.0,5.911504424778761,1.9115044247787611,0.6932153392330384,1.0,0.8136408331098597,0.6932153392330384,0.20459121009129935,0.01925376704137766,7.194176395843879,1.0
Synthetic-disk_like,GeoDisk-Final,disk,all,149,3.597315436241611,5.422818791946309,1.825503355704698,0.6689038031319909,1.0,0.79410984243199,0.6689038031319909,0.21197572450888658,0.03836386722292764,8.378423719426813,1.0
Synthetic-disk_like,GeoAnnulus-Final,annulus,boundary,36,2.3333333333333335,3.4444444444444446,1.1111111111111112,0.6666666666666666,1.0,0.7920634920634921,0.6666666666666666,0.22104511081273542,0.06644144144144148,14.562654418688709,1.0
Synthetic-disk_like,GeoAnnulus-Final,annulus,interior,113,4.0,5.663716814159292,1.7345132743362832,0.6271597134428993,0.8761061946902655,0.7241204714656042,0.5908238516645598,0.744111611278691,0.031930160248744316,15.4583580713643,0.9423076923076923
Synthetic-disk_like,GeoAnnulus-Final,annulus,all,149,3.597315436241611,5.12751677852349,1.5838926174496644,0.6367050175775008,0.9060402684563759,0.7405362348315367,0.6091482901885586,0.6177331279446344,0.04026845637583894,15.241946450583617,0.9558823529411765
Synthetic-elongated,GeoDisk-Final,disk,boundary,68,2.9411764705882355,4.470588235294118,1.5294117647058822,0.6284313725490197,0.9215686274509803,0.7403127917833798,0.6071428571428572,1.3222354071428786,0.06785090273733255,41.58622135738041,0.9615384615384616
Synthetic-elongated,GeoDisk-Final,disk,interior,135,4.0,6.014814814814815,2.0148148148148146,0.626984126984127,0.9259259259259259,0.743494201271979,0.601516754850088,2.981704049402483,0.036230289695636235,23.296454233568433,1.0
Synthetic-elongated,GeoDisk-Final,disk,all,203,3.645320197044335,5.497536945812808,1.8522167487684729,0.6274689186019234,0.9244663382594417,0.742428507453138,0.6034013605442177,2.4258229278573937,0.04682241623177097,29.42307573317047,0.9893048128342246
Synthetic-elongated,GeoAnnulus-Final,annulus,boundary,68,2.9411764705882355,4.0588235294117645,1.1176470588235294,0.6137254901960785,0.8235294117647058,0.6956115779645191,0.55406162464986,0.6901785955658041,0.06959813628421666,33.232413772762335,0.9375
Synthetic-elongated,GeoAnnulus-Final,annulus,interior,135,4.0,5.792592592592593,1.8222222222222222,0.5261022927689594,0.7592592592592593,0.6192346747902303,0.4707113462669017,0.9571177474137715,0.03747708104143748,18.064698505451396,0.9772727272727273
Synthetic-elongated,GeoAnnulus-Final,annulus,all,203,3.645320197044335,5.211822660098522,1.5862068965517242,0.5554539057002111,0.7807881773399015,0.6448190561491054,0.49863163656267107,0.8676997064006592,0.04823684338877238,23.145509530954566,0.9666666666666667
Synthetic-hole,GeoDisk-Final,disk,boundary,84,2.9523809523809526,4.5,1.5476190476190477,0.6751133786848073,0.984126984126984,0.7914399092970521,0.6687641723356009,1.4825961338046705,0.04132717725873619,23.857912180855248,1.0
Synthetic-hole,GeoDisk-Final,disk,interior,180,4.0,6.0,2.0,0.64657848324515,0.9611111111111111,0.7708611758611759,0.6354805996472663,2.4885259112777316,0.02782002534854246,15.164117306747615,1.0
Synthetic-hole,GeoDisk-Final,disk,all,264,3.6666666666666665,5.5227272727272725,1.856060606060606,0.6556577681577682,0.9684343434343433,0.777408954681682,0.6460708273208273,2.1684573457181213,0.032117755501785916,17.93032476669095,1.0
Synthetic-hole,GeoAnnulus-Final,annulus,boundary,84,2.9523809523809526,4.404761904761905,1.4523809523809523,0.6317318594104309,0.888888888888889,0.7296072974644401,0.6014786470143612,0.6815237824869823,0.047166395075140324,23.350195447795972,0.9833333333333333
Synthetic-hole,GeoAnnulus-Final,annulus,interior,180,4.0,5.811111111111111,1.8555555555555556,0.5711111111111111,0.8305555555555556,0.6748789482122816,0.5311111111111111,0.5295314207493357,0.031220954795099287,17.869915309168345,1.0
Synthetic-hole,GeoAnnulus-Final,annulus,all,264,3.6666666666666665,5.363636363636363,1.7272727272727273,0.590399531024531,0.8491161616161615,0.692292513883423,0.5535007816257816,0.5778926267567687,0.036294503975112344,19.613640807822588,0.9951690821256038
Synthetic-l_shape,GeoDisk-Final,disk,boundary,63,2.9206349206349205,4.476190476190476,1.5555555555555556,0.67612748803225,0.9894179894179894,0.7952632905013856,0.6750188964474679,3.1658920559270896,0.06316137566137565,26.17198529098307,1.0
Synthetic-l_shape,GeoDisk-Final,disk,interior,82,4.0,6.048780487804878,2.073170731707317,0.6589430894308943,0.9817073170731707,0.7849188751627776,0.6533681765389082,4.502746346829239,0.03667005420054201,17.917839482683647,1.0
Synthetic-l_shape,GeoDisk-Final,disk,all,145,3.5310344827586206,5.36551724137931,1.8482758620689654,0.6664094143404488,0.9850574712643677,0.7894133452754142,0.6627750410509032,3.9219062066441674,0.04818007662835249,21.504123523530982,1.0
Synthetic-l_shape,GeoAnnulus-Final,annulus,boundary,63,2.9206349206349205,4.428571428571429,1.507936507936508,0.5820483749055178,0.8465608465608465,0.680360292265054,0.5380763416477703,1.8714815227269785,0.05357142857142857,29.077344455529,0.9615384615384616
Synthetic-l_shape,GeoAnnulus-Final,annulus,interior,82,4.0,5.695121951219512,1.7682926829268293,0.5351916376306619,0.7652439024390244,0.6260972090240382,0.4730110336817652,1.452314163267489,0.0355691056910569,20.775168001854702,0.9738805970149254
Synthetic-l_shape,GeoAnnulus-Final,annulus,all,145,3.5310344827586206,5.144827586206897,1.6551724137931034,0.5555500821018062,0.8005747126436781,0.6496735831218589,0.5012807881773398,1.6344351539291984,0.043390804597701144,24.382320530002847,0.9693396226415094
