dataset,transition,bin_count,encoding_mode,cell_count,cell_identity_accuracy,geometry_centroid_drift,temporal_adjacency_jaccard,delta_sign_accuracy,delta_mae,normalized_delta_mae,delta_bias,magnitude_spearman,top10_change_jaccard,high_change_event_f1
湖北,M01-M02,5,derived_from_value_bins,130,1.0,0.0,1.0,0.8153846153846154,4.046271247858985,0.21094499071576306,-0.9915910277522831,0.3127780941832551,0.08333333333333333,0.3076923076923077
湖北,M01-M02,5,direct_diverging_delta,130,1.0,0.0,1.0,1.0,2.174415463368132,0.11335919458565857,-0.39691344298660586,0.8335637657252932,0.3,0.9846153846153847
湖北,M02-M03,5,derived_from_value_bins,130,1.0,0.0,1.0,0.8384615384615385,3.407606065667815,0.17764934327267976,0.7151773758694916,0.3761245336857614,0.0,0.4507042253521127
湖北,M02-M03,5,direct_diverging_delta,130,1.0,0.0,1.0,0.9461538461538461,1.8512601529586101,0.09651208034680075,-0.7478239524943676,0.5544170131533759,0.4444444444444444,0.3902439024390244
湖北,M03-M04,5,derived_from_value_bins,130,1.0,0.0,1.0,0.9461538461538461,2.593487645698965,0.13520676045455285,0.6634628200724912,0.38403511439257443,0.23809523809523808,0.372093023255814
湖北,M03-M04,5,direct_diverging_delta,130,1.0,0.0,1.0,1.0,2.165685913421711,0.11290409537959943,-0.1575113361380262,0.8577090603687207,0.04,0.616822429906542
湖北,M04-M05,5,derived_from_value_bins,130,1.0,0.0,1.0,0.4307692307692308,3.873602861981725,0.20194323852847276,-0.22233714061982204,0.6310132892336748,0.3684210526315789,0.6067415730337079
湖北,M04-M05,5,direct_diverging_delta,130,1.0,0.0,1.0,0.7461538461538462,1.9035332221966472,0.09923724171875198,0.2659704205023548,0.8216782930410722,0.08333333333333333,0.7252747252747253
湖北,M05-M06,5,derived_from_value_bins,130,1.0,0.0,1.0,0.9230769230769231,3.5239531976527143,0.1837148893453378,0.4634426843558382,0.5635754494225069,0.13043478260869565,0.6923076923076923
湖北,M05-M06,5,direct_diverging_delta,130,1.0,0.0,1.0,1.0,2.3684028817902782,0.12347237575206875,1.5745580062883333,0.8149368916698888,0.13043478260869565,0.0
湖北,M06-M07,5,derived_from_value_bins,130,1.0,0.0,1.0,0.25384615384615383,3.951481569047246,0.20600330324795607,0.8738613346623252,0.44622263652318966,0.3,0.5757575757575758
湖北,M06-M07,5,direct_diverging_delta,130,1.0,0.0,1.0,1.0,2.5111048289802014,0.13091188217196775,-0.0016957153097301614,0.8651281140086391,0.23809523809523808,0.6947368421052631
湖北,M07-M08,5,derived_from_value_bins,130,1.0,0.0,1.0,0.1076923076923077,2.128319600971968,0.11095607065511659,0.4500158880742942,0.24664705790185443,0.18181818181818182,0.2553191489361702
湖北,M07-M08,5,direct_diverging_delta,130,1.0,0.0,1.0,0.3153846153846154,1.383118735776033,0.07210637918341586,-0.5538906810508365,0.26007140998619327,0.18181818181818182,0.16666666666666669
湖北,M08-M09,5,derived_from_value_bins,130,1.0,0.0,1.0,0.2,3.6375143538827204,0.189635193640134,-1.4918594142378365,0.44330646636556265,0.23809523809523808,0.576271186440678
湖北,M08-M09,5,direct_diverging_delta,130,1.0,0.0,1.0,0.4846153846153846,2.0863408812353352,0.10876758646741187,-0.20287973408697413,0.8623534487781463,0.0,0.717391304347826
湖北,M09-M10,5,derived_from_value_bins,130,1.0,0.0,1.0,0.08461538461538462,1.8760489749596558,0.09780440048713543,-0.35284068464167323,0.33293438882027004,0.3,0.36363636363636365
湖北,M09-M10,5,direct_diverging_delta,130,1.0,0.0,1.0,0.38461538461538464,1.3073267165350162,0.06815510013765615,-0.40378908535976493,0.5013739333616181,0.8571428571428571,0.5333333333333333
湖北,M10-M11,5,derived_from_value_bins,130,1.0,0.0,1.0,0.7384615384615385,4.183856509804178,0.21811774805846754,0.19118832161053487,0.6263755788544183,0.4444444444444444,0.8333333333333334
湖北,M10-M11,5,direct_diverging_delta,130,1.0,0.0,1.0,0.9076923076923077,1.983343230168635,0.10339799129765975,-1.019587190654485,0.8780928137620937,0.23809523809523808,0.868421052631579
湖北,M11-M12,5,derived_from_value_bins,130,1.0,0.0,1.0,0.9307692307692308,5.189327366085678,0.2705361420441648,-2.792684546971942,0.33122375108853847,0.13043478260869565,0.5263157894736842
湖北,M11-M12,5,direct_diverging_delta,130,1.0,0.0,1.0,1.0,3.444399373666085,0.1795674954524685,-2.7570771678784833,0.6826447872477617,0.0,0.0
湖北,M01-M02,7,derived_from_value_bins,130,1.0,0.0,1.0,0.8846153846153846,2.8870238111603514,0.15050973445333177,-0.4011070888059634,0.6919339281337474,0.3,0.7076923076923077
湖北,M01-M02,7,direct_diverging_delta,130,1.0,0.0,1.0,1.0,1.284750197676267,0.06697811439712452,0.024661101697937473,0.8847948806978951,0.3684210526315789,0.2631578947368421
湖北,M02-M03,7,derived_from_value_bins,130,1.0,0.0,1.0,0.9615384615384616,2.3737954007735067,0.12375350491943576,0.3777579821858796,0.49087177209927924,0.23809523809523808,0.43636363636363634
湖北,M02-M03,7,direct_diverging_delta,130,1.0,0.0,1.0,0.9923076923076923,1.3900765595425482,0.07246911266812875,0.16277706402424763,0.8558458436217511,0.0,0.6055045871559633
湖北,M03-M04,7,derived_from_value_bins,130,1.0,0.0,1.0,1.0,2.939713857147474,0.15325663414955157,-1.0115834557140015,0.5375508402944333,0.0,0.4957264957264957
湖北,M03-M04,7,direct_diverging_delta,130,1.0,0.0,1.0,1.0,1.5366272814999853,0.08010926795901727,-0.132216863456954,0.7572885276104772,0.18181818181818182,0.9354838709677419
湖北,M04-M05,7,derived_from_value_bins,130,1.0,0.0,1.0,0.46153846153846156,2.5914788835126252,0.1351020372922162,0.9706814299043709,0.6349154369577906,0.23809523809523808,0.5591397849462365
湖北,M04-M05,7,direct_diverging_delta,130,1.0,0.0,1.0,0.8615384615384616,1.266616783175645,0.06603276181961187,0.28283340228973686,0.8035151201734997,0.08333333333333333,0.1142857142857143
湖北,M05-M06,7,derived_from_value_bins,130,1.0,0.0,1.0,1.0,2.6675921275678887,0.13907006280930917,0.04166844225132654,0.8149596933717498,0.23809523809523808,0.5098039215686274
湖北,M05-M06,7,direct_diverging_delta,130,1.0,0.0,1.0,1.0,1.6219867305518572,0.08455932755333571,0.5965050626201914,0.8731177436165969,0.18181818181818182,0.0
湖北,M06-M07,7,derived_from_value_bins,130,1.0,0.0,1.0,0.35384615384615387,3.2660699943475673,0.1702706176703383,0.8859120272938834,0.313447623713012,0.08333333333333333,0.4556962025316456
湖北,M06-M07,7,direct_diverging_delta,130,1.0,0.0,1.0,1.0,1.4052921939046406,0.07326235208601116,-0.13659956960878458,0.7994317172076318,0.04,0.5365853658536585
湖北,M07-M08,7,derived_from_value_bins,130,1.0,0.0,1.0,0.07692307692307693,1.6379918348732374,0.08539372455137802,-0.12841735824046716,0.27527577136398623,0.08333333333333333,0.27906976744186046
湖北,M07-M08,7,direct_diverging_delta,130,1.0,0.0,1.0,0.34615384615384615,1.277125239116921,0.06658060105360847,-0.5623221719445275,0.46103480288442317,0.625,0.4651162790697675
湖北,M08-M09,7,derived_from_value_bins,130,1.0,0.0,1.0,0.4076923076923077,2.5683276855117603,0.13389509170004035,-0.49165192581856326,0.6198485203289044,0.0,0.6511627906976744
湖北,M08-M09,7,direct_diverging_delta,130,1.0,0.0,1.0,0.6692307692307692,1.375031384057974,0.07168475981373476,-0.10170184336268309,0.8431416031988314,0.13043478260869565,0.5689655172413793
湖北,M09-M10,7,derived_from_value_bins,130,1.0,0.0,1.0,0.15384615384615385,1.6415003023570514,0.08557663212120327,-0.14797890990519535,0.45008627331917883,0.4444444444444444,0.6037735849056605
湖北,M09-M10,7,direct_diverging_delta,130,1.0,0.0,1.0,0.45384615384615384,1.1257081518494063,0.05868674665994797,-0.18457032212380195,0.6379098281996303,0.3684210526315789,0.7777777777777778
湖北,M10-M11,7,derived_from_value_bins,130,1.0,0.0,1.0,0.8923076923076924,2.0844627174920665,0.10866967181732604,-0.0377748383890584,0.8521492510585711,1.0,0.7848101265822786
湖北,M10-M11,7,direct_diverging_delta,130,1.0,0.0,1.0,0.9384615384615385,2.07438369910698,0.10814422052910826,-0.699190536694232,0.950375298438529,0.08333333333333333,1.0
湖北,M11-M12,7,derived_from_value_bins,130,1.0,0.0,1.0,0.9692307692307692,3.7806357215075432,0.19709656578141604,-2.4673158459198894,0.7560553687698717,0.13043478260869565,0.5090909090909091
湖北,M11-M12,7,direct_diverging_delta,130,1.0,0.0,1.0,1.0,2.9318847289746293,0.15284847679465174,-2.209030259788577,0.7907686813492331,0.13043478260869565,0.0
湖北,M01-M02,9,derived_from_value_bins,130,1.0,0.0,1.0,0.9153846153846154,1.8271070997612964,0.09525290485648714,0.20812237201166636,0.746129579381556,0.4444444444444444,0.761904761904762
湖北,M01-M02,9,direct_diverging_delta,130,1.0,0.0,1.0,1.0,1.0643840160247726,0.055489724396790396,0.029345263305543632,0.9447519397831311,0.3,0.8918918918918919
湖北,M02-M03,9,derived_from_value_bins,130,1.0,0.0,1.0,0.9384615384615385,2.221641613619323,0.11582124401735448,-0.23147147863174938,0.7076901969488939,0.13043478260869565,0.6206896551724137
湖北,M02-M03,9,direct_diverging_delta,130,1.0,0.0,1.0,1.0,1.0544643280824209,0.05497257951135795,-0.019905238672388685,0.8480123447462079,0.5294117647058824,0.8
湖北,M03-M04,9,derived_from_value_bins,130,1.0,0.0,1.0,1.0,2.262133049936231,0.11793219138956974,-0.30193155630006124,0.5941809939261252,0.3684210526315789,0.6909090909090909
湖北,M03-M04,9,direct_diverging_delta,130,1.0,0.0,1.0,1.0,0.9989633128134358,0.05207913504521486,0.1441486713918024,0.8165439666598427,0.23809523809523808,0.2631578947368421
湖北,M04-M05,9,derived_from_value_bins,130,1.0,0.0,1.0,0.6384615384615384,2.0300883527475175,0.10583496322672338,0.08696397025682047,0.70401420241329,0.3,0.5517241379310345
湖北,M04-M05,9,direct_diverging_delta,130,1.0,0.0,1.0,0.8923076923076924,1.1146794032597693,0.05811178291522165,0.19383433174522152,0.8356320248488766,0.7333333333333333,0.6799999999999999
湖北,M05-M06,9,derived_from_value_bins,130,1.0,0.0,1.0,1.0,1.839509532967709,0.09589948314976492,0.18225985628616245,0.834100607906243,0.3684210526315789,0.7021276595744682
湖北,M05-M06,9,direct_diverging_delta,130,1.0,0.0,1.0,1.0,1.3152012630398724,0.06856562529467242,0.5449792849365246,0.9185737522527583,0.18181818181818182,0.0
湖北,M06-M07,9,derived_from_value_bins,130,1.0,0.0,1.0,0.5153846153846153,2.0444982844390585,0.106586198801574,0.5176964191074028,0.6039949802594036,0.0,0.64
湖北,M06-M07,9,direct_diverging_delta,130,1.0,0.0,1.0,1.0,1.0313381849362822,0.05376694010845461,-0.04760049906426967,0.7055165640853911,0.23809523809523808,0.2631578947368421
湖北,M07-M08,9,derived_from_value_bins,130,1.0,0.0,1.0,0.19230769230769232,1.7589158802509977,0.0916978796776616,0.3469155177820796,0.35040602981039226,0.08333333333333333,0.41379310344827586
湖北,M07-M08,9,direct_diverging_delta,130,1.0,0.0,1.0,0.4461538461538462,1.0918909391400111,0.05692374779406844,-0.2719041522729527,0.6901945595430752,0.3684210526315789,0.8813559322033898
湖北,M08-M09,9,derived_from_value_bins,130,1.0,0.0,1.0,0.46153846153846156,2.088862025171389,0.10889902172016845,-0.5452105597365957,0.72222947712856,0.23809523809523808,0.7096774193548387
湖北,M08-M09,9,direct_diverging_delta,130,1.0,0.0,1.0,0.7692307692307693,1.0898001160195403,0.05681474653421237,0.08566462094155804,0.8782001135912412,0.5294117647058824,0.7307692307692308
湖北,M09-M10,9,derived_from_value_bins,130,1.0,0.0,1.0,0.27692307692307694,1.6938367950146518,0.08830509995775644,0.012696991848905161,0.46979723620258385,0.13043478260869565,0.6086956521739131
湖北,M09-M10,9,direct_diverging_delta,130,1.0,0.0,1.0,0.5230769230769231,1.0010184588321478,0.05218627634427288,-0.02999298907280262,0.7320479830898688,0.3,0.9523809523809523
湖北,M10-M11,9,derived_from_value_bins,130,1.0,0.0,1.0,0.9384615384615385,2.1077573137997807,0.10988409321936583,-0.2587042033009449,0.872112526868109,0.7333333333333333,0.8421052631578948
湖北,M10-M11,9,direct_diverging_delta,130,1.0,0.0,1.0,0.9615384615384616,1.3785253582158248,0.07186691180037652,-0.2588793455792643,0.9409064789428585,0.18181818181818182,0.9180327868852458
湖北,M11-M12,9,derived_from_value_bins,130,1.0,0.0,1.0,1.0,3.2151088971958415,0.16761385357642736,-1.4898707769157788,0.6969411139976681,0.23809523809523808,0.5714285714285714
湖北,M11-M12,9,direct_diverging_delta,130,1.0,0.0,1.0,1.0,2.368402613806838,0.12347236178123959,-1.8717706240409422,0.837326506337232,0.13043478260869565,0.0
湖北,M01-M02,13,derived_from_value_bins,130,1.0,0.0,1.0,0.9692307692307692,1.4822911757904216,0.07727655393360448,-0.01177701917102567,0.8300730174682908,0.4444444444444444,0.7887323943661972
湖北,M01-M02,13,direct_diverging_delta,130,1.0,0.0,1.0,1.0,0.6740772041588011,0.03514178878843699,0.07979008061822437,0.964726310966524,0.625,0.8571428571428571
湖北,M02-M03,13,derived_from_value_bins,130,1.0,0.0,1.0,0.9846153846153847,1.2918160640635257,0.06734648048732368,0.18309294736840984,0.7777893861745147,0.3684210526315789,0.7692307692307692
湖北,M02-M03,13,direct_diverging_delta,130,1.0,0.0,1.0,1.0,0.7499121736213513,0.03909530696586327,-0.03503868386619147,0.919186039709644,0.3,0.9
湖北,M03-M04,13,derived_from_value_bins,130,1.0,0.0,1.0,1.0,1.3339735389146388,0.06954428374773872,-0.28390701603918167,0.7042940388920779,0.3,0.5306122448979591
湖北,M03-M04,13,direct_diverging_delta,130,1.0,0.0,1.0,1.0,0.726675989840626,0.03788393079465665,-0.012230262277507379,0.9362842046161122,0.23809523809523808,0.9295774647887324
湖北,M04-M05,13,derived_from_value_bins,130,1.0,0.0,1.0,0.676923076923077,1.4971335723984076,0.0780503352801536,0.23837010844818166,0.7860316075576198,0.23809523809523808,0.8474576271186441
湖北,M04-M05,13,direct_diverging_delta,130,1.0,0.0,1.0,0.7615384615384615,0.7419864261619206,0.038682112540222684,0.05258884326971752,0.9034338352567353,0.3684210526315789,0.7764705882352941
湖北,M05-M06,13,derived_from_value_bins,130,1.0,0.0,1.0,1.0,1.4000015937673334,0.07298653627227016,-0.08810824762698577,0.8903264228574863,0.23809523809523808,0.7037037037037038
湖北,M05-M06,13,direct_diverging_delta,130,1.0,0.0,1.0,1.0,0.9282272090996775,0.04839143695797876,0.2624883079855129,0.9521424598757177,0.13043478260869565,0.0
湖北,M06-M07,13,derived_from_value_bins,130,1.0,0.0,1.0,0.6923076923076923,1.3569679159991295,0.07074305376672081,0.3807099131247402,0.7061969525809604,0.3684210526315789,0.5
湖北,M06-M07,13,direct_diverging_delta,130,1.0,0.0,1.0,0.8846153846153846,0.709457620605859,0.03698628243747091,0.025544486039118058,0.8940988764893503,0.18181818181818182,0.8571428571428571
湖北,M07-M08,13,derived_from_value_bins,130,1.0,0.0,1.0,0.2692307692307692,1.3945876678747657,0.0727042910946272,0.2748173567385729,0.468653172060073,0.04,0.5294117647058822
湖北,M07-M08,13,direct_diverging_delta,130,1.0,0.0,1.0,0.3769230769230769,0.8075874328757141,0.042102101686898936,-0.02724678830645076,0.8287045108484536,0.3,0.8048780487804877
湖北,M08-M09,13,derived_from_value_bins,130,1.0,0.0,1.0,0.5923076923076923,1.6368199709310958,0.08533263155655568,-0.5704449161018208,0.73490701762506,0.625,0.7307692307692308
湖北,M08-M09,13,direct_diverging_delta,130,1.0,0.0,1.0,0.8076923076923077,0.7548377106707249,0.03935209087962092,-0.07575879445901804,0.9353210931310534,0.625,0.8148148148148148
湖北,M09-M10,13,derived_from_value_bins,130,1.0,0.0,1.0,0.35384615384615387,1.3891917392942872,0.07242298417411014,0.0559558884750099,0.5393684690189634,0.3,0.6075949367088608
湖北,M09-M10,13,direct_diverging_delta,130,1.0,0.0,1.0,0.4,0.7471873343008207,0.03895325242479032,-0.04512643426660514,0.8444341056617941,0.625,0.7764705882352941
湖北,M10-M11,13,derived_from_value_bins,130,1.0,0.0,1.0,0.9384615384615385,1.4136492204604953,0.07369803046278063,-0.1397422375791634,0.8895670719401504,0.7333333333333333,0.8852459016393442
湖北,M10-M11,13,direct_diverging_delta,130,1.0,0.0,1.0,0.9692307692307692,1.1155848669570099,0.05815898761789919,-0.42030276097984015,0.9721644489185107,0.3684210526315789,0.9705882352941176
湖北,M11-M12,13,derived_from_value_bins,130,1.0,0.0,1.0,1.0,2.4779359938729932,0.1291826852928794,-1.6376720070549642,0.8079280852071645,0.4444444444444444,0.7076923076923077
湖北,M11-M12,13,direct_diverging_delta,130,1.0,0.0,1.0,1.0,1.9843273099238776,0.10344929450550651,-1.553968274971053,0.8862321482306028,0.13043478260869565,0.0
湖南,M01-M02,5,derived_from_value_bins,137,1.0,0.0,1.0,0.6277372262773723,2.858837011881958,0.19048826673272096,-0.5004133307468976,0.3765506115190876,0.12,0.5289256198347106
湖南,M01-M02,5,direct_diverging_delta,137,1.0,0.0,1.0,0.7956204379562044,1.310554900537674,0.08732408683108338,-0.021355840832532034,0.8003382314660507,0.4,0.33333333333333337
湖南,M02-M03,5,derived_from_value_bins,137,1.0,0.0,1.0,0.7445255474452555,2.5176252270191584,0.16775285327013056,0.47972663974400837,0.6222678955684061,0.3333333333333333,0.4680851063829787
湖南,M02-M03,5,direct_diverging_delta,137,1.0,0.0,1.0,0.8832116788321168,1.5304254765142058,0.10197436760932312,-0.16368526668122524,0.9334087517843461,0.16666666666666666,0.8860759493670886
湖南,M03-M04,5,derived_from_value_bins,137,1.0,0.0,1.0,0.8832116788321168,3.1341220229170585,0.2088308880125029,-0.142962037327417,0.5248575938603088,0.07692307692307693,0.6129032258064516
湖南,M03-M04,5,direct_diverging_delta,137,1.0,0.0,1.0,1.0,1.3502280319844313,0.08996756248700309,-0.06739314302180607,0.8658408092168967,0.0,0.6862745098039216
湖南,M04-M05,5,derived_from_value_bins,137,1.0,0.0,1.0,0.2846715328467153,2.6639477092343555,0.17750252277047532,-0.1828607457508276,0.45077754580669965,0.2727272727272727,0.5405405405405405
湖南,M04-M05,5,direct_diverging_delta,137,1.0,0.0,1.0,0.5182481751824818,1.4929435198000531,0.09947689295842314,-0.04305028343747969,0.7288765193147319,0.3333333333333333,0.955223880597015
湖南,M05-M06,5,derived_from_value_bins,137,1.0,0.0,1.0,0.8394160583941606,3.423422384158807,0.22810737147380147,1.2024077841370355,0.8293082924640814,0.12,0.6829268292682927
湖南,M05-M06,5,direct_diverging_delta,137,1.0,0.0,1.0,1.0,1.7860421033925402,0.11900645723169193,0.5094137015785333,0.7406708785848352,0.0,0.0
湖南,M06-M07,5,derived_from_value_bins,137,1.0,0.0,1.0,0.1678832116788321,2.838309504995301,0.18912049053878915,-0.3521311099785735,0.21332857324269353,0.07692307692307693,0.27586206896551724
湖南,M06-M07,5,direct_diverging_delta,137,1.0,0.0,1.0,0.7956204379562044,1.9488939475626135,0.1298575009957305,-0.0537534612378462,0.8233135230619728,0.3333333333333333,0.8433734939759037
湖南,M07-M08,5,derived_from_value_bins,137,1.0,0.0,1.0,0.12408759124087591,2.005804263000695,0.13364951407725842,0.032159315495178684,0.27712246976125443,0.12,0.34615384615384615
湖南,M07-M08,5,direct_diverging_delta,137,1.0,0.0,1.0,0.40145985401459855,1.4462212774442609,0.09636372528666345,0.49270721516462346,0.5234051384946993,1.0,0.5714285714285715
湖南,M08-M09,5,derived_from_value_bins,137,1.0,0.0,1.0,0.8540145985401459,2.3868600279494405,0.15903978707705224,-0.3031550793468884,0.2286715944658763,0.12,0.23809523809523808
湖南,M08-M09,5,direct_diverging_delta,137,1.0,0.0,1.0,1.0,1.711178459280219,0.11401818901318876,0.031452618165085246,0.8439631990244133,0.21739130434782608,0.8536585365853657
湖南,M09-M10,5,derived_from_value_bins,137,1.0,0.0,1.0,0.6277372262773723,2.8006643249894445,0.18661214009406188,0.008751942655769313,0.48188650840701525,0.07692307692307693,0.5785123966942148
湖南,M09-M10,5,direct_diverging_delta,137,1.0,0.0,1.0,0.7445255474452555,1.478898558901418,0.09854105777551825,0.00580251041065385,0.8989854332065418,0.4,0.7931034482758621
湖南,M10-M11,5,derived_from_value_bins,137,1.0,0.0,1.0,0.6277372262773723,2.9123441636299527,0.19405352230759915,-0.6727206734705673,0.8579957756516315,0.47368421052631576,0.7142857142857142
湖南,M10-M11,5,direct_diverging_delta,137,1.0,0.0,1.0,0.9781021897810219,2.295999973749997,0.1529856559154092,-0.853400514644205,0.8976723311380189,0.21739130434782608,1.0
湖南,M11-M12,5,derived_from_value_bins,137,1.0,0.0,1.0,0.8978102189781022,4.145249006129257,0.27620367830388926,-2.015761784739871,0.4087235729793632,0.12,0.4615384615384615
湖南,M11-M12,5,direct_diverging_delta,137,1.0,0.0,1.0,1.0,2.715475056906887,0.1809358612597561,-2.229857741902012,0.48966296671472614,0.037037037037037035,0.0
湖南,M01-M02,7,derived_from_value_bins,137,1.0,0.0,1.0,0.7153284671532847,1.9180047950969517,0.12779931401634995,0.1434871235251514,0.6561684765722862,0.21739130434782608,0.3636363636363636
湖南,M01-M02,7,direct_diverging_delta,137,1.0,0.0,1.0,0.7883211678832117,1.1260607423515614,0.07503098573118894,0.26033651627365717,0.9119587442880512,0.21739130434782608,0.9722222222222222
湖南,M02-M03,7,derived_from_value_bins,137,1.0,0.0,1.0,0.8102189781021898,2.1654157794761253,0.14428465032238874,-0.4252145392329256,0.7228737452764726,0.16666666666666666,0.7222222222222223
湖南,M02-M03,7,direct_diverging_delta,137,1.0,0.0,1.0,0.8102189781021898,0.9193986425339601,0.06126080399995252,0.04288912852997966,0.956131423077129,0.47368421052631576,0.888888888888889
湖南,M03-M04,7,derived_from_value_bins,137,1.0,0.0,1.0,0.9562043795620438,1.7201604001373645,0.1146166681635084,0.08327325741681559,0.7474532365883615,0.0,0.6730769230769231
湖南,M03-M04,7,direct_diverging_delta,137,1.0,0.0,1.0,1.0,1.0591985835358306,0.07057586755205492,0.20177955376855194,0.9419041036589023,0.16666666666666666,0.8750000000000001
湖南,M04-M05,7,derived_from_value_bins,137,1.0,0.0,1.0,0.3722627737226277,1.990414531573969,0.13262407497290415,0.18259626883601127,0.5545380288405238,0.07692307692307693,0.5813953488372093
湖南,M04-M05,7,direct_diverging_delta,137,1.0,0.0,1.0,0.35766423357664234,1.030592268645656,0.06866978919977675,0.1259651308262333,0.8326128269207557,0.3333333333333333,0.8333333333333333
湖南,M05-M06,7,derived_from_value_bins,137,1.0,0.0,1.0,0.9343065693430657,2.4015859645362565,0.1600209966125311,0.8891589144911716,0.8875533692282378,0.5555555555555556,0.6909090909090908
湖南,M05-M06,7,direct_diverging_delta,137,1.0,0.0,1.0,1.0,1.3393186712263152,0.08924065668113222,0.3654376079464793,0.8660254037844386,0.0,0.6796116504854368
湖南,M06-M07,7,derived_from_value_bins,137,1.0,0.0,1.0,0.26277372262773724,2.5380395982597426,0.16911309107938477,-0.7610949120162267,0.21186744663508103,0.07692307692307693,0.4507042253521127
湖南,M06-M07,7,direct_diverging_delta,137,1.0,0.0,1.0,0.6715328467153284,1.1073837640251765,0.07378651281635998,0.3719149895003946,0.7103851998249979,0.0,0.5511811023622047
湖南,M07-M08,7,derived_from_value_bins,137,1.0,0.0,1.0,0.23357664233576642,1.782768197423966,0.11878831234591929,0.1452769628672954,0.45990760338077213,0.2727272727272727,0.5671641791044776
湖南,M07-M08,7,direct_diverging_delta,137,1.0,0.0,1.0,0.31386861313868614,1.1005836302063539,0.07333341048862518,0.04825927395263418,0.7899339154133178,0.12,0.8974358974358974
湖南,M08-M09,7,derived_from_value_bins,137,1.0,0.0,1.0,0.9343065693430657,2.196614812820971,0.1463634850936245,-0.4597795141698182,0.5941369485727587,0.07692307692307693,0.6493506493506493
湖南,M08-M09,7,direct_diverging_delta,137,1.0,0.0,1.0,1.0,1.0141831076991328,0.06757642409562771,0.00015346737550741673,0.8140369235515877,0.5555555555555556,0.4444444444444445
湖南,M09-M10,7,derived_from_value_bins,137,1.0,0.0,1.0,0.6496350364963503,1.8959201679240032,0.12632778474268774,0.08706416006723385,0.798435253617017,0.07692307692307693,0.8484848484848486
湖南,M09-M10,7,direct_diverging_delta,137,1.0,0.0,1.0,0.8175182481751825,1.0707787757216278,0.07134747178438301,-0.012976980063092924,0.9335702339654068,0.5555555555555556,0.8333333333333333
湖南,M10-M11,7,derived_from_value_bins,137,1.0,0.0,1.0,0.7737226277372263,2.043155132015403,0.136138254173319,-0.11583379410014466,0.8981918086333965,0.8666666666666667,0.88
湖南,M10-M11,7,direct_diverging_delta,137,1.0,0.0,1.0,0.8978102189781022,1.7319516452292518,0.11540233514306654,-0.6781252702225771,0.9380656820320318,0.5555555555555556,0.8333333333333333
湖南,M11-M12,7,derived_from_value_bins,137,1.0,0.0,1.0,0.927007299270073,3.3029317193942127,0.22007891172143115,-1.5719925527415655,0.30606629279403397,0.12,0.5789473684210527
湖南,M11-M12,7,direct_diverging_delta,137,1.0,0.0,1.0,1.0,2.1488369556249274,0.14317998034408774,-1.6915123483212933,0.6257726196897574,0.037037037037037035,0.0
湖南,M01-M02,9,derived_from_value_bins,137,1.0,0.0,1.0,0.8540145985401459,1.5031669298454584,0.10015809291895014,-0.17556265111415312,0.6902745105945531,0.16666666666666666,0.7462686567164178
湖南,M01-M02,9,direct_diverging_delta,137,1.0,0.0,1.0,0.8613138686131386,0.8583249874944767,0.057191381838720315,-0.11873097662232619,0.9320605214130432,0.6470588235294118,0.6481481481481481
湖南,M02-M03,9,derived_from_value_bins,137,1.0,0.0,1.0,0.7956204379562044,1.607921966065526,0.10713806596328543,-0.6234121265088568,0.8802458590095934,0.6470588235294118,0.6
湖南,M02-M03,9,direct_diverging_delta,137,1.0,0.0,1.0,0.8394160583941606,0.8459219302434511,0.05636494896825063,-0.03709759015449281,0.9786361300555835,0.75,0.7865168539325843
湖南,M03-M04,9,derived_from_value_bins,137,1.0,0.0,1.0,0.9854014598540146,1.7721189548851763,0.1180787385770058,0.6827001067391442,0.751889044392581,0.16666666666666666,0.6440677966101694
湖南,M03-M04,9,direct_diverging_delta,137,1.0,0.0,1.0,1.0,0.7457478628959796,0.04969021221995831,0.034850749557476954,0.959985685654415,0.21739130434782608,0.9855072463768115
湖南,M04-M05,9,derived_from_value_bins,137,1.0,0.0,1.0,0.35766423357664234,1.4849201504703116,0.09894228475563761,-0.05427401839619943,0.5696751389115612,0.21739130434782608,0.6666666666666666
湖南,M04-M05,9,direct_diverging_delta,137,1.0,0.0,1.0,0.49635036496350365,0.8224490428693192,0.05480091799603116,0.09814366345772117,0.816514185157111,0.12,0.6796116504854368
湖南,M05-M06,9,derived_from_value_bins,137,1.0,0.0,1.0,0.9781021897810219,2.0617100769335472,0.1373745958332626,0.6136159273026804,0.7825205175967563,0.47368421052631576,0.6451612903225806
湖南,M05-M06,9,direct_diverging_delta,137,1.0,0.0,1.0,1.0,1.0406016466627581,0.06933672791003756,0.4071698089992485,0.9248156772101723,0.0,0.8045977011494253
湖南,M06-M07,9,derived_from_value_bins,137,1.0,0.0,1.0,0.40145985401459855,1.9287632141157038,0.1285161623652236,-0.5145564497949457,0.32742717694885776,0.037037037037037035,0.488888888888889
湖南,M06-M07,9,direct_diverging_delta,137,1.0,0.0,1.0,0.708029197080292,0.7124745480778737,0.04747316520335321,0.07283421528888571,0.774972738888164,0.16666666666666666,0.5303030303030303
湖南,M07-M08,9,derived_from_value_bins,137,1.0,0.0,1.0,0.291970802919708,1.5387321417175843,0.10252785220825061,0.03892703798752716,0.48172325601257615,0.12,0.5066666666666667
湖南,M07-M08,9,direct_diverging_delta,137,1.0,0.0,1.0,0.44525547445255476,0.781277174640567,0.05205757943407511,0.02043780658412205,0.8304328612942865,0.16666666666666666,0.7291666666666666
湖南,M08-M09,9,derived_from_value_bins,137,1.0,0.0,1.0,0.9781021897810219,1.6285957025178224,0.10851558563555753,-0.14072973953051254,0.687224321129101,0.4,0.39999999999999997
湖南,M08-M09,9,direct_diverging_delta,137,1.0,0.0,1.0,1.0,0.8445038621269704,0.056270461127042946,-0.06592251762470806,0.9151274391473226,0.16666666666666666,0.7446808510638298
湖南,M09-M10,9,derived_from_value_bins,137,1.0,0.0,1.0,0.7737226277372263,1.6283481568886125,0.10849909132768007,-0.07246072725241902,0.8037173979755906,0.5555555555555556,0.8311688311688312
湖南,M09-M10,9,direct_diverging_delta,137,1.0,0.0,1.0,0.8394160583941606,0.8043780547163641,0.05359682304514836,0.04962132151606084,0.9621442336327969,0.4,0.955223880597015
湖南,M10-M11,9,derived_from_value_bins,137,1.0,0.0,1.0,0.8540145985401459,1.6211818240156297,0.10802158865014704,0.0243547432413679,0.8685207218669737,0.5555555555555556,0.8135593220338984
湖南,M10-M11,9,direct_diverging_delta,137,1.0,0.0,1.0,0.9124087591240876,1.4012302108665,0.09336590825294164,-0.8241879739072664,0.9651450467361751,0.4,0.945945945945946
湖南,M11-M12,9,derived_from_value_bins,137,1.0,0.0,1.0,0.9343065693430657,2.9449920367388978,0.1962288952775114,-1.9007105023699398,0.38198775336658625,0.12,0.5
湖南,M11-M12,9,direct_diverging_delta,137,1.0,0.0,1.0,1.0,1.8802152070627247,0.12528134146483164,-1.3437440062148855,0.7209764009380464,0.037037037037037035,0.0
湖南,M01-M02,13,derived_from_value_bins,137,1.0,0.0,1.0,0.8540145985401459,1.083414031461835,0.07218937636154962,-0.14432700884177255,0.87041966660251,0.5555555555555556,0.6274509803921569
湖南,M01-M02,13,direct_diverging_delta,137,1.0,0.0,1.0,0.948905109489051,0.6021920853948729,0.040124892083833304,-0.021355840832531548,0.9648716791185464,0.8666666666666667,0.7954545454545454
湖南,M02-M03,13,derived_from_value_bins,137,1.0,0.0,1.0,0.8394160583941606,1.1980379817585116,0.07982692880938852,0.0533601227260303,0.917280574156545,0.5555555555555556,0.7216494845360826
湖南,M02-M03,13,direct_diverging_delta,137,1.0,0.0,1.0,0.948905109489051,0.5168338474776264,0.034437354555587926,0.011589977740405192,0.9871569878697202,0.75,0.9393939393939393
湖南,M03-M04,13,derived_from_value_bins,137,1.0,0.0,1.0,1.0,1.08619959604508,0.07237498238495321,-0.1242206519639899,0.900876642544828,0.16666666666666666,0.8947368421052632
湖南,M03-M04,13,direct_diverging_delta,137,1.0,0.0,1.0,1.0,0.5637165025707698,0.03756121075004858,-0.04379839858043317,0.9800869385690525,0.3333333333333333,0.870967741935484
湖南,M04-M05,13,derived_from_value_bins,137,1.0,0.0,1.0,0.5182481751824818,1.019952743941425,0.06796086294362942,0.18259626883601124,0.693864202432033,0.3333333333333333,0.660377358490566
湖南,M04-M05,13,direct_diverging_delta,137,1.0,0.0,1.0,0.8029197080291971,0.5752994117692422,0.03833299602069157,-0.032938250105462225,0.8644916904616449,0.3333333333333333,0.7719298245614035
湖南,M05-M06,13,derived_from_value_bins,137,1.0,0.0,1.0,1.0,1.3262711441680546,0.08837128189546013,0.5745713744622082,0.9061509056985739,0.75,0.7142857142857143
湖南,M05-M06,13,direct_diverging_delta,137,1.0,0.0,1.0,1.0,0.7781129134370455,0.051846740330746294,0.35099184604359845,0.9646245839955624,0.07692307692307693,1.0
湖南,M06-M07,13,derived_from_value_bins,137,1.0,0.0,1.0,0.5693430656934306,1.2422516692440029,0.08277294799829958,-0.5301742709311357,0.44073423978024906,0.12,0.15789473684210528
湖南,M06-M07,13,direct_diverging_delta,137,1.0,0.0,1.0,0.8978102189781022,0.583339237747071,0.038868700752715146,0.0035480609769175473,0.8392985593154508,0.47368421052631576,0.90625
湖南,M07-M08,13,derived_from_value_bins,137,1.0,0.0,1.0,0.44525547445255476,1.0536397637994448,0.07020547569961184,0.1820903984025999,0.5558494431516392,0.21739130434782608,0.6875
湖南,M07-M08,13,direct_diverging_delta,137,1.0,0.0,1.0,0.7518248175182481,0.541502433810128,0.036081056604251184,-0.04323055143228089,0.8534160630111175,0.4,0.33333333333333337
湖南,M08-M09,13,derived_from_value_bins,137,1.0,0.0,1.0,0.9927007299270073,1.2924211988369734,0.08611581318971873,-0.19539211350717914,0.7599846481778867,0.4,0.6666666666666667
湖南,M08-M09,13,direct_diverging_delta,137,1.0,0.0,1.0,1.0,0.566571698715999,0.037751456420797275,-0.05281432626838852,0.9519805239947015,0.8666666666666667,0.6
湖南,M09-M10,13,derived_from_value_bins,137,1.0,0.0,1.0,0.8248175182481752,1.0973748313530662,0.07311960378005235,-0.10369636952479683,0.92466780355113,0.2727272727272727,0.888888888888889
湖南,M09-M10,13,direct_diverging_delta,137,1.0,0.0,1.0,0.8905109489051095,0.5772884783768062,0.03846553028162216,-0.0009388451440239923,0.9830645402923813,1.0,0.9705882352941176
湖南,M10-M11,13,derived_from_value_bins,137,1.0,0.0,1.0,0.9124087591240876,1.0119888857906236,0.06743022005306017,-0.10579376622688026,0.925268838459815,0.8666666666666667,0.8750000000000001
湖南,M10-M11,13,direct_diverging_delta,137,1.0,0.0,1.0,0.9927007299270073,1.2116575446816367,0.0807344191364343,-0.7623922146560502,0.9847260646333882,0.5555555555555556,0.8524590163934427
湖南,M11-M12,13,derived_from_value_bins,137,1.0,0.0,1.0,0.9562043795620438,2.4235694659365454,0.16148578773600294,-1.5987659604036062,0.5590143050072514,0.3333333333333333,0.3720930232558139
湖南,M11-M12,13,direct_diverging_delta,137,1.0,0.0,1.0,1.0,1.5177345551796928,0.10112875395656672,-1.2388784753643374,0.8516794954235631,0.07692307692307693,0.0
江西,M01-M02,5,derived_from_value_bins,107,1.0,0.0,1.0,0.7289719626168224,2.319122883060952,0.1637016321507192,0.14366570314977772,0.5618278520235789,0.1,0.5
江西,M01-M02,5,direct_diverging_delta,107,1.0,0.0,1.0,0.8598130841121495,1.6635269413939169,0.11742459936984752,-0.28812167172871056,0.8055529375397875,0.5714285714285714,0.7727272727272727
江西,M02-M03,5,derived_from_value_bins,107,1.0,0.0,1.0,0.6635514018691588,2.274446076244002,0.16054799753797977,-0.6295214636556278,0.5512057783669887,0.0,0.16216216216216217
江西,M02-M03,5,direct_diverging_delta,107,1.0,0.0,1.0,0.7289719626168224,1.4462828419211315,0.10208983038517466,0.24175301372067656,0.9147979687597494,0.2222222222222222,0.9473684210526316
江西,M03-M04,5,derived_from_value_bins,107,1.0,0.0,1.0,0.794392523364486,2.270333879339288,0.1602577268714516,0.45683722842599517,0.4422785791032968,0.15789473684210525,0.4117647058823529
江西,M03-M04,5,direct_diverging_delta,107,1.0,0.0,1.0,0.9813084112149533,1.2335594932899994,0.08707417096417815,-0.339938619559283,0.5848229378954367,0.8333333333333334,0.6153846153846153
江西,M04-M05,5,derived_from_value_bins,107,1.0,0.0,1.0,0.2336448598130841,1.6187485704624776,0.11426379557628058,0.022078709447517393,0.5338852491519038,0.2222222222222222,0.6153846153846153
江西,M04-M05,5,direct_diverging_delta,107,1.0,0.0,1.0,0.12149532710280374,1.1517712188187885,0.0813009218968167,-0.14687834574663303,0.5651589413193508,0.6923076923076923,0.65
江西,M05-M06,5,derived_from_value_bins,107,1.0,0.0,1.0,1.0,2.2471919943786767,0.15862419362197752,0.7034928912498717,0.9128800211156752,0.375,0.7307692307692308
江西,M05-M06,5,direct_diverging_delta,107,1.0,0.0,1.0,1.0,2.6270660506090846,0.18543864294281479,1.8897402977070004,0.42829680729170555,0.0,0.0
江西,M06-M07,5,derived_from_value_bins,107,1.0,0.0,1.0,0.3364485981308411,2.689241258755007,0.18982745007638258,-0.7324906266071728,0.2510333691960953,0.0,0.4126984126984127
江西,M06-M07,5,direct_diverging_delta,107,1.0,0.0,1.0,0.6355140186915887,1.8597996491186315,0.13127904530535958,0.873302612045916,0.8336477394314217,0.1,0.5684210526315789
江西,M07-M08,5,derived_from_value_bins,107,1.0,0.0,1.0,0.2897196261682243,2.670392170818825,0.18849693564687858,0.9631509583565704,0.2848170898122874,0.2222222222222222,0.3793103448275862
江西,M07-M08,5,direct_diverging_delta,107,1.0,0.0,1.0,0.5607476635514018,1.9297971478862752,0.1362200102186147,-0.39503488819009197,0.8596474339470942,0.1,0.6206896551724138
江西,M08-M09,5,derived_from_value_bins,107,1.0,0.0,1.0,0.9719626168224299,2.341072994908966,0.16525104083520775,-1.0127352634148963,0.37635022899660525,0.047619047619047616,0.3111111111111111
江西,M08-M09,5,direct_diverging_delta,107,1.0,0.0,1.0,1.0,1.4821888383256534,0.10462435335433275,0.35355894440328656,0.8660254037844386,0.047619047619047616,0.6666666666666666
江西,M09-M10,5,derived_from_value_bins,107,1.0,0.0,1.0,0.3644859813084112,2.188129321363585,0.15445509329427376,0.3239329820398692,0.48382451864968606,0.15789473684210525,0.5151515151515151
江西,M09-M10,5,direct_diverging_delta,107,1.0,0.0,1.0,0.4485981308411215,1.4212388376031944,0.10032203083803518,0.07078997990510992,0.8614745293854451,0.2222222222222222,0.72
江西,M10-M11,5,derived_from_value_bins,107,1.0,0.0,1.0,0.2336448598130841,1.7119006703023794,0.1208391913405325,-0.2760238280053203,0.47876649387476666,0.4666666666666667,0.5384615384615384
江西,M10-M11,5,direct_diverging_delta,107,1.0,0.0,1.0,0.09345794392523364,1.164644799063195,0.0822096387712115,-0.03987776349751381,0.5041754378362758,0.8333333333333334,0.5405405405405406
江西,M11-M12,5,derived_from_value_bins,107,1.0,0.0,1.0,0.9345794392523364,2.8192832711277145,0.19900682122099334,-0.7788914370815756,0.7052938149438965,0.0,0.13333333333333333
江西,M11-M12,5,direct_diverging_delta,107,1.0,0.0,1.0,0.9439252336448598,2.074975973369001,0.14646785472001453,-1.0859695847720956,0.8857908796517304,0.15789473684210525,0.0
江西,M01-M02,7,derived_from_value_bins,107,1.0,0.0,1.0,0.8598130841121495,1.3791462760944457,0.097350812249009,0.11851261436398484,0.689650004683918,0.2222222222222222,0.7096774193548386
江西,M01-M02,7,direct_diverging_delta,107,1.0,0.0,1.0,0.9345794392523364,0.899473581981082,0.06349180309600995,0.15068873522136578,0.8808389582226109,0.15789473684210525,0.7941176470588235
江西,M02-M03,7,derived_from_value_bins,107,1.0,0.0,1.0,0.7476635514018691,1.464817758191511,0.10339816814830055,-0.3612218499405138,0.7545624008203073,0.0,0.6865671641791045
江西,M02-M03,7,direct_diverging_delta,107,1.0,0.0,1.0,0.7757009345794392,0.9633440643315488,0.0680002757963547,-0.08357194315610372,0.9407714192782145,0.6923076923076923,0.5
江西,M03-M04,7,derived_from_value_bins,107,1.0,0.0,1.0,0.9252336448598131,1.5655753255740361,0.1105104166421299,0.28076560692545194,0.5647639521198251,0.1,0.6666666666666666
江西,M03-M04,7,direct_diverging_delta,107,1.0,0.0,1.0,1.0,0.9725208798830772,0.06864804642321709,0.18209445077787667,0.8483078263368192,0.15789473684210525,0.782608695652174
江西,M04-M05,7,derived_from_value_bins,107,1.0,0.0,1.0,0.3364485981308411,1.365511786682851,0.09638838451974878,-0.03661183105266358,0.5110726361421675,0.1,0.6031746031746033
江西,M04-M05,7,direct_diverging_delta,107,1.0,0.0,1.0,0.2523364485981308,0.8827997160014955,0.06231483265815285,-0.05608998568799677,0.7446094372923604,0.15789473684210525,1.0
江西,M05-M06,7,derived_from_value_bins,107,1.0,0.0,1.0,1.0,1.4569053205374998,0.10283964709376169,0.4435776404633519,0.8794038746096933,0.15789473684210525,0.8846153846153846
江西,M05-M06,7,direct_diverging_delta,107,1.0,0.0,1.0,1.0,2.120178944289813,0.14965863006523109,1.4660612841000298,0.6752590930652438,0.0,0.0
江西,M06-M07,7,derived_from_value_bins,107,1.0,0.0,1.0,0.514018691588785,1.669782134559353,0.11786613928913303,-0.506112827535045,0.43026128794757795,0.1,0.5609756097560975
江西,M06-M07,7,direct_diverging_delta,107,1.0,0.0,1.0,0.7663551401869159,0.813115810391828,0.05739600357571849,0.37396663172341515,0.7329472969060795,0.047619047619047616,0.4954128440366972
江西,M07-M08,7,derived_from_value_bins,107,1.0,0.0,1.0,0.45794392523364486,2.009210593188179,0.1418256254732385,0.7283887963558455,0.17791655045160173,0.047619047619047616,0.42105263157894735
江西,M07-M08,7,direct_diverging_delta,107,1.0,0.0,1.0,0.7570093457943925,0.9318430259423192,0.06577668883749849,-0.28154943811679606,0.7428908348154729,0.0,0.5
江西,M08-M09,7,derived_from_value_bins,107,1.0,0.0,1.0,1.0,1.6362517571331894,0.11549930588354486,-0.627054568699418,0.5564135074176628,0.047619047619047616,0.19999999999999998
江西,M08-M09,7,direct_diverging_delta,107,1.0,0.0,1.0,1.0,1.090140003837439,0.07695051400874378,-0.26682818266406183,0.8548047941568649,0.6923076923076923,0.7727272727272727
江西,M09-M10,7,derived_from_value_bins,107,1.0,0.0,1.0,0.5887850467289719,1.4930958313578848,0.10539425329118998,-0.15397570489017762,0.5705292185291103,0.15789473684210525,0.6
江西,M09-M10,7,direct_diverging_delta,107,1.0,0.0,1.0,0.5887850467289719,1.0272019586340926,0.07250785993490497,0.11618415993442842,0.868439965629352,0.375,0.6
江西,M10-M11,7,derived_from_value_bins,107,1.0,0.0,1.0,0.308411214953271,1.2010563620285004,0.08477984853892846,0.3108815769964898,0.6580172727094736,0.4666666666666667,0.7333333333333333
江西,M10-M11,7,direct_diverging_delta,107,1.0,0.0,1.0,0.2616822429906542,0.8903490713546867,0.06284772455535667,-0.03987776349751397,0.7497321732152276,0.2222222222222222,0.9818181818181818
江西,M11-M12,7,derived_from_value_bins,107,1.0,0.0,1.0,0.9345794392523364,1.9179002950498345,0.1353802383199339,-1.0471910507966868,0.826034949399201,0.2222222222222222,0.7142857142857143
江西,M11-M12,7,direct_diverging_delta,107,1.0,0.0,1.0,0.9626168224299065,1.6015110267291468,0.11304703640235911,-0.8741300779686106,0.9395433087146172,0.047619047619047616,0.0
江西,M01-M02,9,derived_from_value_bins,107,1.0,0.0,1.0,0.9158878504672897,1.2170185197106271,0.08590658109988807,0.4305972344839968,0.7732179730046013,0.4666666666666667,0.39999999999999997
江西,M01-M02,9,direct_diverging_delta,107,1.0,0.0,1.0,0.9719626168224299,0.7875578625422732,0.05559192591862044,0.01198429624289367,0.9403223890041363,0.29411764705882354,0.9411764705882353
江西,M02-M03,9,derived_from_value_bins,107,1.0,0.0,1.0,0.8037383177570093,1.315916783262597,0.09288758554712157,-0.5056192114885791,0.823287954183237,0.15789473684210525,0.4878048780487805
江西,M02-M03,9,direct_diverging_delta,107,1.0,0.0,1.0,0.9532710280373832,0.7714010419579262,0.05445145254425012,-0.05835295425092549,0.9696699065260808,0.4666666666666667,0.8571428571428571
江西,M03-M04,9,derived_from_value_bins,107,1.0,0.0,1.0,0.9719626168224299,1.5239187191957584,0.10756997113844725,0.37858317442575407,0.6800567034031771,0.29411764705882354,0.625
江西,M03-M04,9,direct_diverging_delta,107,1.0,0.0,1.0,1.0,0.8591437758277276,0.060645013415373296,-0.08690809754400868,0.889306363689917,0.375,0.7727272727272727
江西,M04-M05,9,derived_from_value_bins,107,1.0,0.0,1.0,0.3177570093457944,0.9643589960969727,0.06807191753113945,-0.03661183105266335,0.613046330200364,0.29411764705882354,0.6885245901639345
江西,M04-M05,9,direct_diverging_delta,107,1.0,0.0,1.0,0.719626168224299,0.678981933765306,0.04792779700035879,0.1414587607358889,0.8208131096150385,0.15789473684210525,0.8181818181818181
江西,M05-M06,9,derived_from_value_bins,107,1.0,0.0,1.0,1.0,1.1261494777818986,0.07949234122309838,0.46220955808245906,0.8967816412631758,0.375,0.7916666666666667
江西,M05-M06,9,direct_diverging_delta,107,1.0,0.0,1.0,1.0,1.79883955373363,0.12697601022969474,1.4072169766546183,0.8237353580160605,0.2222222222222222,0.0
江西,M06-M07,9,derived_from_value_bins,107,1.0,0.0,1.0,0.6355140186915887,1.1173140757915403,0.07886867020631279,-0.4129532394395201,0.5992757776909031,0.15789473684210525,0.19999999999999998
江西,M06-M07,9,direct_diverging_delta,107,1.0,0.0,1.0,0.9439252336448598,0.6033633582987048,0.042590053013090476,-0.16824162973788412,0.7008376533884728,0.1,0.07142857142857142
江西,M07-M08,9,derived_from_value_bins,107,1.0,0.0,1.0,0.6728971962616822,1.286427665389246,0.09080601550104407,0.271906814687771,0.39616624939931355,0.375,0.3125
江西,M07-M08,9,direct_diverging_delta,107,1.0,0.0,1.0,0.8411214953271028,0.6519321493533025,0.04601841397890995,0.07571957137320855,0.6631268805760704,0.1,0.13793103448275862
江西,M08-M09,9,derived_from_value_bins,107,1.0,0.0,1.0,1.0,1.3029694795255717,0.09197366469834588,-0.21715238107910703,0.5516873621185633,0.29411764705882354,0.5846153846153846
江西,M08-M09,9,direct_diverging_delta,107,1.0,0.0,1.0,1.0,0.7733866431564707,0.054591611636024134,0.03579968419806124,0.860962650794794,0.1,0.13793103448275862
江西,M09-M10,9,derived_from_value_bins,107,1.0,0.0,1.0,0.7102803738317757,1.2656187570605224,0.08933716178847553,-0.1912395401283873,0.6854667955887032,0.2222222222222222,0.6341463414634146
江西,M09-M10,9,direct_diverging_delta,107,1.0,0.0,1.0,0.719626168224299,0.7955719968982498,0.05615762551303647,0.08255884139419319,0.909309187426656,0.5714285714285714,0.7441860465116279
江西,M10-M11,9,derived_from_value_bins,107,1.0,0.0,1.0,0.40186915887850466,1.174303430402709,0.08289141968336981,0.11524644199588621,0.48454792552859616,0.2222222222222222,0.6285714285714286
江西,M10-M11,9,direct_diverging_delta,107,1.0,0.0,1.0,0.7102803738317757,0.7025877614256826,0.04959407891430887,-0.039877763497513014,0.810408860228862,0.15789473684210525,0.8571428571428571
江西,M11-M12,9,derived_from_value_bins,107,1.0,0.0,1.0,0.9532710280373832,1.7570099644289356,0.12402335425299428,-0.8701878334151899,0.8381462246979711,0.1,0.6530612244897959
江西,M11-M12,9,direct_diverging_delta,107,1.0,0.0,1.0,1.0,1.3332194703104001,0.09410894304008026,-0.727019309355078,0.9542319384976127,0.1,0.0
江西,M01-M02,13,derived_from_value_bins,107,1.0,0.0,1.0,0.9626168224299065,0.8568469465063058,0.06048288543525,-0.0008033196198972604,0.9030201527746929,0.29411764705882354,0.6341463414634146
江西,M01-M02,13,direct_diverging_delta,107,1.0,0.0,1.0,0.9906542056074766,0.5717234950643288,0.04035666672281482,-0.03554379823224755,0.9687433735613578,0.15789473684210525,0.9473684210526316
江西,M02-M03,13,derived_from_value_bins,107,1.0,0.0,1.0,0.8504672897196262,0.9822456695043901,0.0693344972986576,-0.2999515054623041,0.9329277078941559,0.2222222222222222,0.72
江西,M02-M03,13,direct_diverging_delta,107,1.0,0.0,1.0,0.8691588785046729,0.5468028314752079,0.03859757351839023,0.00954432357070278,0.9826294428830719,0.5714285714285714,0.8181818181818181
江西,M03-M04,13,derived_from_value_bins,107,1.0,0.0,1.0,1.0,0.82952965678505,0.058554619819845735,0.21304575250216712,0.7732721358403924,0.5714285714285714,0.7692307692307692
江西,M03-M04,13,direct_diverging_delta,107,1.0,0.0,1.0,1.0,0.5457424743336424,0.038522725309179405,0.1326264340792604,0.9334210772334932,0.5714285714285714,0.8
江西,M04-M05,13,derived_from_value_bins,107,1.0,0.0,1.0,0.4953271028037383,0.7508057798997242,0.05299767963806866,0.031108023370622313,0.6694216640745657,0.29411764705882354,0.6749999999999999
江西,M04-M05,13,direct_diverging_delta,107,1.0,0.0,1.0,0.6915887850467289,0.49417840771858185,0.03488293462500807,-0.07354928569927355,0.8418767981502292,0.375,0.6923076923076924
江西,M05-M06,13,derived_from_value_bins,107,1.0,0.0,1.0,1.0,0.9279132260602186,0.06549929316371837,0.23396856724842005,0.9262290973828744,0.375,0.8571428571428572
江西,M05-M06,13,direct_diverging_delta,107,1.0,0.0,1.0,1.0,1.43754153594886,0.10147280139320465,1.0586776171702508,0.8855834891992989,0.2222222222222222,0.0
江西,M06-M07,13,derived_from_value_bins,107,1.0,0.0,1.0,0.8411214953271028,0.8847646684753739,0.062453534203216275,-0.06432139629741813,0.5993042715036162,0.1,0.6666666666666667
江西,M06-M07,13,direct_diverging_delta,107,1.0,0.0,1.0,0.8878504672897196,0.5808415290766084,0.041000288093945375,-0.14108271860923344,0.90625563394339,0.2222222222222222,0.8181818181818181
江西,M07-M08,13,derived_from_value_bins,107,1.0,0.0,1.0,0.8598130841121495,0.975350430664365,0.06884777800472724,-0.016529602300298894,0.5198661367900729,0.2222222222222222,0.5423728813559322
江西,M07-M08,13,direct_diverging_delta,107,1.0,0.0,1.0,1.0,0.6105773254144657,0.04309927061417464,-0.06912795464626867,0.897672078743317,0.047619047619047616,0.7714285714285715
江西,M08-M09,13,derived_from_value_bins,107,1.0,0.0,1.0,1.0,1.0179828086662859,0.07185710101747311,-0.20461166729701427,0.7490722179587829,0.29411764705882354,0.5915492957746479
江西,M08-M09,13,direct_diverging_delta,107,1.0,0.0,1.0,1.0,0.5495055274876414,0.03878835070905752,-0.025307865841407255,0.9455922343594573,0.375,0.8979591836734693
江西,M09-M10,13,derived_from_value_bins,107,1.0,0.0,1.0,0.7102803738317757,0.8583394975900583,0.06058824123604143,0.15237601750087645,0.8171132572073082,0.375,0.7999999999999999
江西,M09-M10,13,direct_diverging_delta,107,1.0,0.0,1.0,0.9439252336448598,0.5813101717625807,0.04103336851980358,-0.014760590150143534,0.9412333892026493,0.5714285714285714,0.8181818181818181
江西,M10-M11,13,derived_from_value_bins,107,1.0,0.0,1.0,0.48598130841121495,0.7498403355129944,0.052929531105270856,-0.005144410312177647,0.6614932030189674,0.2222222222222222,0.6582278481012659
江西,M10-M11,13,direct_diverging_delta,107,1.0,0.0,1.0,0.6822429906542056,0.5189808213130531,0.0366336808301135,-0.019508580151025585,0.8563120294411101,0.5714285714285714,0.7397260273972603
江西,M11-M12,13,derived_from_value_bins,107,1.0,0.0,1.0,0.9719626168224299,1.3681740638103617,0.09657630863286684,-0.7247155535429464,0.8906779804155891,0.1,0.6666666666666667
江西,M11-M12,13,direct_diverging_delta,107,1.0,0.0,1.0,1.0,0.9763326954112842,0.06891711384865741,-0.6500690611572325,0.9704508834661161,0.15789473684210525,0.0
广东,M01-M02,5,derived_from_value_bins,108,1.0,0.0,1.0,0.39814814814814814,2.3151382014282853,0.24692452953956012,0.30190922881758314,0.2994206412349231,0.0,0.4285714285714286
广东,M01-M02,5,direct_diverging_delta,108,1.0,0.0,1.0,0.8703703703703703,1.0175995195431187,0.10853359962176341,-0.03858823995951829,0.900245654921586,0.6923076923076923,0.627906976744186
广东,M02-M03,5,derived_from_value_bins,108,1.0,0.0,1.0,0.3333333333333333,2.1074538351679957,0.22477364265086125,0.1103690368354833,0.30997958277275967,0.15789473684210525,0.4126984126984127
广东,M02-M03,5,direct_diverging_delta,108,1.0,0.0,1.0,0.6388888888888888,1.0138204512316973,0.10813053743553198,-0.14579847947747665,0.834107466013921,0.047619047619047616,0.7297297297297298
广东,M03-M04,5,derived_from_value_bins,108,1.0,0.0,1.0,1.0,2.173354439775515,0.23180237025729322,0.12138050127758185,0.3402828508853672,0.047619047619047616,0.3823529411764706
广东,M03-M04,5,direct_diverging_delta,108,1.0,0.0,1.0,1.0,0.9826051693611297,0.10480122483312258,0.47614084124729184,0.5443543892594803,0.15789473684210525,0.0
广东,M04-M05,5,derived_from_value_bins,108,1.0,0.0,1.0,0.5833333333333334,1.8734277781203603,0.19981324331019334,0.23925009084520554,0.6623327167811918,0.2222222222222222,0.3636363636363636
广东,M04-M05,5,direct_diverging_delta,108,1.0,0.0,1.0,0.9907407407407407,1.0378227918382636,0.11069054299306988,-0.03158284134544361,0.9341168222537998,0.047619047619047616,0.9473684210526316
广东,M05-M06,5,derived_from_value_bins,108,1.0,0.0,1.0,0.8055555555555556,2.2158447505245222,0.23633423793811484,-0.1338265746892322,0.6705518345011189,0.1,0.5797101449275363
广东,M05-M06,5,direct_diverging_delta,108,1.0,0.0,1.0,0.9814814814814815,0.8633015597887341,0.09207671981313677,0.47256046152170206,0.7575126126666121,0.15789473684210525,0.0
广东,M06-M07,5,derived_from_value_bins,108,1.0,0.0,1.0,0.37962962962962965,2.114057533695471,0.22547796999992054,1.1197330907262293,0.4825672594491157,0.1,0.5
广东,M06-M07,5,direct_diverging_delta,108,1.0,0.0,1.0,0.7685185185185185,1.0234377184779306,0.1091562814661766,0.21876606630349096,0.7622841078923142,0.047619047619047616,0.5744680851063829
广东,M07-M08,5,derived_from_value_bins,108,1.0,0.0,1.0,0.32407407407407407,1.880498348372574,0.20056736556174065,-1.2090798352379442,0.44185902493517987,0.0,0.5161290322580645
广东,M07-M08,5,direct_diverging_delta,108,1.0,0.0,1.0,0.7314814814814815,0.8846418020091975,0.09435279528340342,-0.09121164770430408,0.8157438981245949,0.0,0.7012987012987013
广东,M08-M09,5,derived_from_value_bins,108,1.0,0.0,1.0,0.9629629629629629,2.131247182299408,0.22731135769654226,-0.08207790894555739,0.5392799654746439,0.0,0.5128205128205128
广东,M08-M09,5,direct_diverging_delta,108,1.0,0.0,1.0,1.0,1.134847133387217,0.1210388193404951,-0.8405625972413786,0.5990217524707445,0.0,0.0
广东,M09-M10,5,derived_from_value_bins,108,1.0,0.0,1.0,0.28703703703703703,1.4425034560102614,0.15385236484576958,0.03246587574850403,0.5125207424182939,0.29411764705882354,0.7241379310344828
广东,M09-M10,5,direct_diverging_delta,108,1.0,0.0,1.0,0.6388888888888888,0.7671379978879593,0.08182025120726778,0.05864344454987479,0.7232813026018424,0.375,0.9411764705882353
广东,M10-M11,5,derived_from_value_bins,108,1.0,0.0,1.0,0.5370370370370371,1.4326729028668606,0.15280387248857452,0.048100907188169825,0.8509565218835117,0.4666666666666667,0.6352941176470588
广东,M10-M11,5,direct_diverging_delta,108,1.0,0.0,1.0,0.6851851851851852,1.1420182514761263,0.12180366567203771,-0.5535318386252305,0.919779730858663,0.1,0.9811320754716981
广东,M11-M12,5,derived_from_value_bins,108,1.0,0.0,1.0,0.7314814814814815,2.08182260577049,0.2220399055216501,-0.8398597414023335,0.6181744003958035,0.15789473684210525,0.0625
广东,M11-M12,5,direct_diverging_delta,108,1.0,0.0,1.0,0.8703703703703703,1.1099157570303961,0.11837972608468698,-0.20667912137914132,0.9122288838240623,0.29411764705882354,0.7499999999999999
广东,M01-M02,7,derived_from_value_bins,108,1.0,0.0,1.0,0.4444444444444444,1.5727388034632472,0.16774281072904781,0.6513816025752499,0.5010699121036655,0.29411764705882354,0.5066666666666667
广东,M01-M02,7,direct_diverging_delta,108,1.0,0.0,1.0,0.6944444444444444,0.7123842853837168,0.0759804120597329,-0.08323535398422156,0.903461513468315,0.375,0.7727272727272727
广东,M02-M03,7,derived_from_value_bins,108,1.0,0.0,1.0,0.4537037037037037,1.4395398489861255,0.15353627690349322,-0.2818958724843435,0.5369142540706303,0.15789473684210525,0.5526315789473685
广东,M02-M03,7,direct_diverging_delta,108,1.0,0.0,1.0,0.6851851851851852,0.7975525675763936,0.08506416265360457,0.032789976621336994,0.8256263626601987,1.0,0.5789473684210525
广东,M03-M04,7,derived_from_value_bins,108,1.0,0.0,1.0,1.0,1.0426815372068259,0.11120875975159625,0.0714558764550648,0.39959340754296097,0.2222222222222222,0.48648648648648646
广东,M03-M04,7,direct_diverging_delta,108,1.0,0.0,1.0,1.0,0.7459246951695685,0.07955771465956303,0.24298369022939603,0.7521725371744832,0.15789473684210525,0.0
广东,M04-M05,7,derived_from_value_bins,108,1.0,0.0,1.0,0.7314814814814815,1.3813882819310084,0.1473340344938546,0.18932546602268102,0.6383816967926529,0.2222222222222222,0.8
广东,M04-M05,7,direct_diverging_delta,108,1.0,0.0,1.0,0.8333333333333334,0.694861904379929,0.07411153629106218,-0.06134758402857935,0.9479735558772432,0.375,0.7727272727272727
广东,M05-M06,7,derived_from_value_bins,108,1.0,0.0,1.0,0.8611111111111112,1.1039250545209138,0.11774077874329164,-0.04110941430454607,0.8159150777156386,0.375,0.5
广东,M05-M06,7,direct_diverging_delta,108,1.0,0.0,1.0,0.9444444444444444,0.6810660432139177,0.0726401180725261,0.0310501117218572,0.8032320649221394,0.2222222222222222,0.0
广东,M06-M07,7,derived_from_value_bins,108,1.0,0.0,1.0,0.37037037037037035,1.6172512367613399,0.17249035091650258,0.285278647264052,0.38145944048293495,0.047619047619047616,0.5373134328358209
广东,M06-M07,7,direct_diverging_delta,108,1.0,0.0,1.0,0.7314814814814815,0.6278043118163799,0.06695940840271641,-0.13345005544694666,0.6507651004156307,0.29411764705882354,0.3125
广东,M07-M08,7,derived_from_value_bins,108,1.0,0.0,1.0,0.3333333333333333,1.4355927787275644,0.1531152962181702,-0.3389649454739655,0.5243053651208307,0.15789473684210525,0.6031746031746033
广东,M07-M08,7,direct_diverging_delta,108,1.0,0.0,1.0,0.6388888888888888,0.6778900930827271,0.07230138235838966,0.18659261733829488,0.8596387286893927,0.6923076923076923,0.5
广东,M08-M09,7,derived_from_value_bins,108,1.0,0.0,1.0,0.9907407407407407,1.2006213947445612,0.1280540716185036,-0.04641746264375405,0.5939839932748986,0.29411764705882354,0.5909090909090909
广东,M08-M09,7,direct_diverging_delta,108,1.0,0.0,1.0,1.0,0.8996554447876556,0.09595409782225775,-0.5032288468325082,0.7238737839036631,0.0,0.0
广东,M09-M10,7,derived_from_value_bins,108,1.0,0.0,1.0,0.3611111111111111,1.0377026753615501,0.11067773179048848,-0.03885501685510121,0.7391465487634716,0.15789473684210525,0.7272727272727274
广东,M09-M10,7,direct_diverging_delta,108,1.0,0.0,1.0,0.3425925925925926,0.6389641965434907,0.06814968260935234,-0.06041552618266728,0.8365776436046635,0.8333333333333334,0.8437499999999999
广东,M10-M11,7,derived_from_value_bins,108,1.0,0.0,1.0,0.6018518518518519,1.0539590171489435,0.1124115762518731,0.019572550146728877,0.8412333218818746,0.8333333333333334,0.92
广东,M10-M11,7,direct_diverging_delta,108,1.0,0.0,1.0,0.6296296296296297,0.889797951589032,0.09490273213315638,-0.3451786398432812,0.9493812832982714,0.1,0.8437499999999999
广东,M11-M12,7,derived_from_value_bins,108,1.0,0.0,1.0,0.8240740740740741,1.8366592520005467,0.19589164113180207,-0.754274670278012,0.4013497739736744,0.0,0.48275862068965514
广东,M11-M12,7,direct_diverging_delta,108,1.0,0.0,1.0,0.9814814814814815,0.7826521343625513,0.08347493465028548,0.026478029638754348,0.9442024606511198,0.29411764705882354,0.9473684210526316
广东,M01-M02,9,derived_from_value_bins,108,1.0,0.0,1.0,0.6018518518518519,1.2914546826047175,0.1377420318696728,0.3462866731042706,0.6018560500423604,0.375,0.48648648648648646
广东,M01-M02,9,direct_diverging_delta,108,1.0,0.0,1.0,0.7777777777777778,0.512984860463277,0.05471316798827195,-0.011579491969265455,0.9253867106120083,0.6923076923076923,0.9473684210526316
广东,M02-M03,9,derived_from_value_bins,108,1.0,0.0,1.0,0.5370370370370371,1.1967314168847105,0.12763918020840534,-0.16698998995631312,0.631453216722534,0.2222222222222222,0.5647058823529412
广东,M02-M03,9,direct_diverging_delta,108,1.0,0.0,1.0,0.7592592592592593,0.5334440848114281,0.05689527717890034,-0.060913842936682255,0.9092319165012354,0.4666666666666667,0.9615384615384615
广东,M03-M04,9,derived_from_value_bins,108,1.0,0.0,1.0,1.0,1.0316943206567648,0.11003690172778612,0.015984071096699606,0.6698620938969554,0.2222222222222222,0.5581395348837209
广东,M03-M04,9,direct_diverging_delta,108,1.0,0.0,1.0,1.0,0.6061262274538505,0.06464729987319791,0.1713278282144404,0.8557879594410016,0.047619047619047616,0.0
广东,M04-M05,9,derived_from_value_bins,108,1.0,0.0,1.0,0.7685185185185185,0.9598439237507314,0.10237359011973284,0.18932546602268271,0.8716936591100652,0.4666666666666667,0.8524590163934426
广东,M04-M05,9,direct_diverging_delta,108,1.0,0.0,1.0,0.9074074074074074,0.4835888963554041,0.05157789744450042,-0.0007157007851548158,0.9506630472493566,0.5714285714285714,0.9
广东,M05-M06,9,derived_from_value_bins,108,1.0,0.0,1.0,0.8981481481481481,1.2015455416551555,0.1281526378902636,0.09360782728003994,0.819362861950831,0.2222222222222222,0.6486486486486487
广东,M05-M06,9,direct_diverging_delta,108,1.0,0.0,1.0,0.9537037037037037,0.6042409852396652,0.06444622654352859,0.09443798965816474,0.8997524278337476,0.15789473684210525,0.6136363636363636
广东,M06-M07,9,derived_from_value_bins,108,1.0,0.0,1.0,0.5370370370370371,1.1208686749461185,0.1195479259363229,0.4041468016033942,0.5354851733156453,0.047619047619047616,0.5411764705882354
广东,M06-M07,9,direct_diverging_delta,108,1.0,0.0,1.0,0.8148148148148148,0.5168779569221,0.055128392017210676,0.018129652661614495,0.852927770239388,0.6923076923076923,0.8260869565217391
广东,M07-M08,9,derived_from_value_bins,108,1.0,0.0,1.0,0.4722222222222222,1.0705375471231628,0.11417978417648689,-0.5489653514734685,0.6555616066437036,0.29411764705882354,0.3125
广东,M07-M08,9,direct_diverging_delta,108,1.0,0.0,1.0,0.7037037037037037,0.5155064630199119,0.0549821132825955,-0.02561897401369014,0.9286701199658558,0.2222222222222222,0.9811320754716981
广东,M08-M09,9,derived_from_value_bins,108,1.0,0.0,1.0,1.0,1.1056959469171501,0.11792965592200005,0.0011297990919819274,0.7443104268837638,0.15789473684210525,0.4117647058823529
广东,M08-M09,9,direct_diverging_delta,108,1.0,0.0,1.0,1.0,0.740629735738965,0.07899297283744364,-0.35440513341683055,0.794710738931875,0.0,0.0
广东,M09-M10,9,derived_from_value_bins,108,1.0,0.0,1.0,0.39814814814814814,0.9628826254821592,0.10269768740039667,0.11567358378604314,0.6448433310916618,0.4666666666666667,0.6571428571428571
广东,M09-M10,9,direct_diverging_delta,108,1.0,0.0,1.0,0.4351851851851852,0.5298369709876314,0.056510555055881005,-0.06868351026131599,0.8892404179768999,0.5714285714285714,0.7297297297297298
广东,M10-M11,9,derived_from_value_bins,108,1.0,0.0,1.0,0.6481481481481481,0.9398013445455367,0.10023591884034706,-0.16269195317359558,0.8842896480790375,1.0,0.9310344827586207
广东,M10-M11,9,direct_diverging_delta,108,1.0,0.0,1.0,0.7037037037037037,0.7377916189889224,0.07869026924815024,-0.28730275129273963,0.9685283660199849,0.1,0.9818181818181818
广东,M11-M12,9,derived_from_value_bins,108,1.0,0.0,1.0,0.9166666666666666,1.5342788851842195,0.16364081058870197,-0.4016324790712956,0.7226118837935339,0.1,0.32432432432432434
广东,M11-M12,9,direct_diverging_delta,108,1.0,0.0,1.0,1.0,0.5747433011955825,0.061300106907734,0.020966040252988653,0.9632070258433192,0.5714285714285714,0.8260869565217391
广东,M01-M02,13,derived_from_value_bins,108,1.0,0.0,1.0,0.7592592592592593,0.821855210709892,0.08765619742656316,0.1521353543500162,0.7917133794455666,0.375,0.7169811320754716
广东,M01-M02,13,direct_diverging_delta,108,1.0,0.0,1.0,0.9259259259259259,0.37266357293656976,0.03974699107255195,-0.027903460534802287,0.9350945457901374,0.8333333333333334,0.92
广东,M02-M03,13,derived_from_value_bins,108,1.0,0.0,1.0,0.7592592592592593,0.7431291448740363,0.07925955105917727,-0.120052308499241,0.7055345005726277,0.29411764705882354,0.7391304347826088
广东,M02-M03,13,direct_diverging_delta,108,1.0,0.0,1.0,0.9629629629629629,0.350301297028565,0.03736190906983983,-0.028265905805607002,0.8814909251459924,0.5714285714285714,0.7441860465116279
广东,M03-M04,13,derived_from_value_bins,108,1.0,0.0,1.0,1.0,0.777505113371676,0.08292597142384914,0.16746477034453028,0.7132055289871663,0.29411764705882354,0.48648648648648646
广东,M03-M04,13,direct_diverging_delta,108,1.0,0.0,1.0,1.0,0.456642235604344,0.04870386101569773,0.21436374534176608,0.9402946705521751,0.15789473684210525,0.7714285714285715
广东,M04-M05,13,derived_from_value_bins,108,1.0,0.0,1.0,0.8425925925925926,0.6873706854745173,0.07331254912789607,0.09331657213321415,0.9286295535199498,0.5714285714285714,0.8813559322033898
广东,M04-M05,13,direct_diverging_delta,108,1.0,0.0,1.0,0.9444444444444444,0.33076022404394373,0.03527772668692679,-0.0021996979274760513,0.9796460503218158,0.5714285714285714,0.851063829787234
广东,M05-M06,13,derived_from_value_bins,108,1.0,0.0,1.0,0.9166666666666666,0.8226484916894784,0.08774080599660715,-0.01093519051071461,0.8564556023422886,0.4666666666666667,0.5789473684210525
广东,M05-M06,13,direct_diverging_delta,108,1.0,0.0,1.0,0.9722222222222222,0.37232317368678675,0.039710685281149766,0.1226339353622748,0.9540147604721934,0.29411764705882354,0.8181818181818181
广东,M06-M07,13,derived_from_value_bins,108,1.0,0.0,1.0,0.7037037037037037,0.9240435800040827,0.09855525088126228,0.3401408723437478,0.5417041184613469,0.15789473684210525,0.4888888888888889
广东,M06-M07,13,direct_diverging_delta,108,1.0,0.0,1.0,0.9259259259259259,0.3476625820616804,0.03708047297613924,0.07452154406983486,0.8997212019582657,0.8333333333333334,0.5405405405405406
广东,M07-M08,13,derived_from_value_bins,108,1.0,0.0,1.0,0.6481481481481481,0.821766296799077,0.08764671418034314,-0.31427694418810137,0.6389185562990924,0.375,0.6976744186046512
广东,M07-M08,13,direct_diverging_delta,108,1.0,0.0,1.0,0.8611111111111112,0.3395248302335799,0.036212528876549965,-0.0003910225942227781,0.9324658739661176,0.8333333333333334,0.65
广东,M08-M09,13,derived_from_value_bins,108,1.0,0.0,1.0,1.0,0.6923187976498852,0.07384029743694213,-0.06287613016766304,0.7622684613883917,0.1,0.723404255319149
广东,M08-M09,13,direct_diverging_delta,108,1.0,0.0,1.0,1.0,0.5925840341355932,0.06320293697858477,-0.3143372105741473,0.9109591226794995,0.0,0.0
广东,M09-M10,13,derived_from_value_bins,108,1.0,0.0,1.0,0.4351851851851852,0.6936273972050443,0.07397986808085184,-0.025139460585176368,0.7477356787302686,0.375,0.7297297297297298
广东,M09-M10,13,direct_diverging_delta,108,1.0,0.0,1.0,0.8333333333333334,0.3446194658695074,0.03675590486455828,-0.07758749311524477,0.9078498977688256,0.5714285714285714,0.92
广东,M10-M11,13,derived_from_value_bins,108,1.0,0.0,1.0,0.7037037037037037,0.6297098587351923,0.06716264736104427,-0.05174834245687655,0.9248684791844709,0.8333333333333334,0.9642857142857143
广东,M10-M11,13,direct_diverging_delta,108,1.0,0.0,1.0,0.9074074074074074,0.5978999215716774,0.06376991090844801,-0.27839876843880956,0.9759920002205333,0.29411764705882354,0.9473684210526316
广东,M11-M12,13,derived_from_value_bins,108,1.0,0.0,1.0,0.9907407407407407,1.0647307513999136,0.11356045168859867,-0.44430309857772865,0.6549669939740628,0.15789473684210525,0.303030303030303
广东,M11-M12,13,direct_diverging_delta,108,1.0,0.0,1.0,1.0,0.40480428810228347,0.04317500714799085,-0.03839384543987357,0.9834725560983907,1.0,0.8571428571428571
福建,M01-M02,5,derived_from_value_bins,74,1.0,0.0,1.0,0.4189189189189189,1.2491700173664217,0.11691008524882815,0.21272468471124037,0.6676260358597563,0.23076923076923078,0.6799999999999999
福建,M01-M02,5,direct_diverging_delta,74,1.0,0.0,1.0,0.6486486486486487,0.8898444955980701,0.08328073392114965,0.01499890529058988,0.8463789193282771,0.06666666666666667,0.6909090909090909
福建,M02-M03,5,derived_from_value_bins,74,1.0,0.0,1.0,0.6216216216216216,1.635428081885171,0.15306005892986327,-0.595393281064079,0.5047715430662532,0.06666666666666667,0.0
福建,M02-M03,5,direct_diverging_delta,74,1.0,0.0,1.0,0.7972972972972973,1.0932838871234474,0.10232066945878347,0.055104306951035166,0.8738884814487433,0.6,0.4799999999999999
福建,M03-M04,5,derived_from_value_bins,74,1.0,0.0,1.0,0.8648648648648649,1.7382664375260988,0.16268472231249673,0.5722120277750083,0.7124338015316369,0.14285714285714285,0.6415094339622641
福建,M03-M04,5,direct_diverging_delta,74,1.0,0.0,1.0,0.9864864864864865,1.1236715058247333,0.10516465309870951,-0.14575448388745213,0.8717797887081347,0.06666666666666667,0.6909090909090909
福建,M04-M05,5,derived_from_value_bins,74,1.0,0.0,1.0,0.44594594594594594,1.4845745467290836,0.1389416447748652,-0.045509059895823795,0.579041572776843,0.23076923076923078,0.6538461538461537
福建,M04-M05,5,direct_diverging_delta,74,1.0,0.0,1.0,0.7702702702702703,1.195014372966779,0.1118416470735223,-0.1534310023844884,0.8160834222243842,0.14285714285714285,0.8260869565217391
福建,M05-M06,5,derived_from_value_bins,74,1.0,0.0,1.0,1.0,1.2916833663848413,0.12088891854522377,0.5782198154093415,0.7899356209705163,0.06666666666666667,0.6666666666666666
福建,M05-M06,5,direct_diverging_delta,74,1.0,0.0,1.0,1.0,2.6241681986703718,0.24559645488499193,2.616086299510123,0.0,0.0,0.0
福建,M06-M07,5,derived_from_value_bins,74,1.0,0.0,1.0,0.47297297297297297,1.2007481204664672,0.11237826971068504,-0.3175539753185123,0.7674682682429068,0.06666666666666667,0.6666666666666666
福建,M06-M07,5,direct_diverging_delta,74,1.0,0.0,1.0,0.9594594594594594,0.9670735952830412,0.09050862164046541,0.23261192411826112,0.8456172261435341,0.0,0.59375
福建,M07-M08,5,derived_from_value_bins,74,1.0,0.0,1.0,0.4864864864864865,1.8583576925144434,0.17392408818194488,0.9965169959460898,0.4585461702689744,0.23076923076923078,0.6181818181818182
福建,M07-M08,5,direct_diverging_delta,74,1.0,0.0,1.0,0.8378378378378378,1.1412648512781105,0.10681121800834668,-0.47858983622821694,0.6384913725937981,0.06666666666666667,0.46913580246913583
福建,M08-M09,5,derived_from_value_bins,74,1.0,0.0,1.0,0.9864864864864865,1.586160474942529,0.14844909321055041,-0.8449421901731069,0.6369670763453965,0.14285714285714285,0.0
福建,M08-M09,5,direct_diverging_delta,74,1.0,0.0,1.0,1.0,1.1039293879995842,0.10331698412983963,-0.2273073670889869,0.8017105001354273,0.14285714285714285,0.0
福建,M09-M10,5,derived_from_value_bins,74,1.0,0.0,1.0,0.32432432432432434,1.4414056685939405,0.1349014603702507,-0.5832544594721175,0.4780707869187501,0.14285714285714285,0.5581395348837209
福建,M09-M10,5,direct_diverging_delta,74,1.0,0.0,1.0,0.5540540540540541,1.1248958880820803,0.10527924329227288,0.04362900526642551,0.6134554346134116,0.6,0.7333333333333334
福建,M10-M11,5,derived_from_value_bins,74,1.0,0.0,1.0,0.17567567567567569,0.9890413692029804,0.09256459023241227,0.17390532297343184,0.4945941071801507,0.23076923076923078,0.5625
福建,M10-M11,5,direct_diverging_delta,74,1.0,0.0,1.0,0.28378378378378377,0.7407776106742725,0.06932953273801526,0.39902618495227526,0.3416318614636569,0.3333333333333333,0.2727272727272727
福建,M11-M12,5,derived_from_value_bins,74,1.0,0.0,1.0,0.6351351351351351,1.6778958032911295,0.15703462192839043,0.1566399330484884,0.41989297882851534,0.06666666666666667,0.5454545454545454
福建,M11-M12,5,direct_diverging_delta,74,1.0,0.0,1.0,1.0,1.4738603775622536,0.1379389034240079,0.2540340238908042,0.8269435388455224,0.14285714285714285,0.5671641791044776
福建,M01-M02,7,derived_from_value_bins,74,1.0,0.0,1.0,0.5540540540540541,1.061716934898386,0.09936631174576523,0.1558119480573383,0.7491464485248241,0.3333333333333333,0.4166666666666667
福建,M01-M02,7,direct_diverging_delta,74,1.0,0.0,1.0,0.581081081081081,0.7675052977282911,0.07183098260356445,0.006748034119232485,0.884528580348097,1.0,0.5925925925925926
福建,M02-M03,7,derived_from_value_bins,74,1.0,0.0,1.0,0.6486486486486487,1.467270707236645,0.1373221747891398,-0.44091585300348235,0.6514039714912347,0.23076923076923078,0.5714285714285714
福建,M02-M03,7,direct_diverging_delta,74,1.0,0.0,1.0,0.7972972972972973,0.8478509100079757,0.07935054539357649,0.030351693436964543,0.8657819323023211,0.23076923076923078,1.0
福建,M03-M04,7,derived_from_value_bins,74,1.0,0.0,1.0,0.9594594594594594,1.3344918001661774,0.12489536888678426,0.580342418725567,0.6013471933784476,0.3333333333333333,0.6666666666666667
福建,M03-M04,7,direct_diverging_delta,74,1.0,0.0,1.0,1.0,0.7326849509984658,0.06857213901303379,-0.1210018703733819,0.8788518645243122,0.23076923076923078,0.9444444444444444
福建,M04-M05,7,derived_from_value_bins,74,1.0,0.0,1.0,0.5405405405405406,1.0217515155091739,0.09562593972046757,-0.06990023274749584,0.6218017894906961,0.3333333333333333,0.6101694915254237
福建,M04-M05,7,direct_diverging_delta,74,1.0,0.0,1.0,0.5135135135135135,0.7429647474699769,0.06953422733177099,-0.06267141949956613,0.8152167622693077,0.3333333333333333,0.6666666666666666
福建,M05-M06,7,derived_from_value_bins,74,1.0,0.0,1.0,1.0,0.9232952221244504,0.08641139446812564,0.14730909502977452,0.7926450625834792,0.45454545454545453,0.6896551724137931
福建,M05-M06,7,direct_diverging_delta,74,1.0,0.0,1.0,1.0,2.065741388977445,0.19333317205014558,2.005521832829733,0.0,0.0,0.0
福建,M06-M07,7,derived_from_value_bins,74,1.0,0.0,1.0,0.6621621621621622,0.8521567920067924,0.07975353379752037,-0.21185889296126179,0.7784981845502524,0.23076923076923078,0.34782608695652173
福建,M06-M07,7,direct_diverging_delta,74,1.0,0.0,1.0,0.6891891891891891,0.6815608149168979,0.0637874203402548,-0.17993163444957133,0.8244684599134626,0.14285714285714285,0.1904761904761905
福建,M07-M08,7,derived_from_value_bins,74,1.0,0.0,1.0,0.6891891891891891,1.2879856338869606,0.12054284698126966,0.866430740737166,0.6214693317240624,0.23076923076923078,0.34782608695652173
福建,M07-M08,7,direct_diverging_delta,74,1.0,0.0,1.0,0.972972972972973,0.7178213421665529,0.06718105072922459,0.008211562881823828,0.4350439470198134,0.23076923076923078,0.2727272727272727
福建,M08-M09,7,derived_from_value_bins,74,1.0,0.0,1.0,1.0,1.3819992064179458,0.12934159705239012,-0.8612029720742232,0.7332099358744602,0.3333333333333333,0.7391304347826088
福建,M08-M09,7,direct_diverging_delta,74,1.0,0.0,1.0,1.0,0.740455789555367,0.0692994134316574,-0.02103558780507162,0.8680515615523731,0.06666666666666667,0.7307692307692308
福建,M09-M10,7,derived_from_value_bins,74,1.0,0.0,1.0,0.4594594594594595,1.0567047820894682,0.09889722330782297,-0.014127092933071095,0.5445976575092452,0.23076923076923078,0.6037735849056604
福建,M09-M10,7,direct_diverging_delta,74,1.0,0.0,1.0,0.3783783783783784,0.7953746391635461,0.0744392801433129,0.06838161878049465,0.8162955519687076,0.3333333333333333,0.8085106382978724
福建,M10-M11,7,derived_from_value_bins,74,1.0,0.0,1.0,0.22972972972972974,0.8803394735830621,0.0823911569071181,0.12512297727008484,0.40153688961744805,0.3333333333333333,0.5
福建,M10-M11,7,direct_diverging_delta,74,1.0,0.0,1.0,0.14864864864864866,0.6226734753103697,0.05827614181310098,0.20100527683971522,0.614238928706779,0.6,0.7333333333333334
福建,M11-M12,7,derived_from_value_bins,74,1.0,0.0,1.0,0.7837837837837838,0.9694178494842687,0.09072802088532421,-0.07914140451768632,0.45793087957793743,0.14285714285714285,0.1904761904761905
福建,M11-M12,7,direct_diverging_delta,74,1.0,0.0,1.0,0.9324324324324325,0.777023097083558,0.07272175545156428,0.3282918644330135,0.4347885645810052,0.06666666666666667,0.0
福建,M01-M02,9,derived_from_value_bins,74,1.0,0.0,1.0,0.6351351351351351,0.9652843839575845,0.09034116897535238,-0.31846085739186747,0.7753944715453643,0.23076923076923078,0.8
福建,M01-M02,9,direct_diverging_delta,74,1.0,0.0,1.0,0.7162162162162162,0.6492867692051004,0.06076688559875849,0.06633765924569739,0.877895648346141,0.14285714285714285,0.9743589743589743
福建,M02-M03,9,derived_from_value_bins,74,1.0,0.0,1.0,0.7432432432432432,1.0733879151461654,0.1004586012473832,-0.13376775042685368,0.7377109826980617,0.14285714285714285,0.6363636363636364
福建,M02-M03,9,direct_diverging_delta,74,1.0,0.0,1.0,0.8108108108108109,0.5302567848225824,0.049626844269024174,0.11286040515053126,0.9061082463774071,0.7777777777777778,0.7916666666666666
福建,M03-M04,9,derived_from_value_bins,74,1.0,0.0,1.0,0.972972972972973,1.0281149330617962,0.0962214933106181,0.4900047414971463,0.7521753115197208,0.6,0.5925925925925926
福建,M03-M04,9,direct_diverging_delta,74,1.0,0.0,1.0,1.0,0.5698706981217537,0.05333431876525787,0.0852699089105335,0.926351239957315,0.7777777777777778,0.5384615384615384
福建,M04-M05,9,derived_from_value_bins,74,1.0,0.0,1.0,0.6891891891891891,0.7955995542861037,0.0744603299970449,-0.1150690713617062,0.5420682992088697,0.14285714285714285,0.3333333333333333
福建,M04-M05,9,direct_diverging_delta,74,1.0,0.0,1.0,0.6351351351351351,0.6044697267755879,0.05657244915040293,0.14818417710177023,0.7437693446299481,0.3333333333333333,0.2727272727272727
福建,M05-M06,9,derived_from_value_bins,74,1.0,0.0,1.0,1.0,0.7594338336326697,0.07107557257740053,-0.06046756259559104,0.8008184449000761,0.6,0.8484848484848484
福建,M05-M06,9,direct_diverging_delta,74,1.0,0.0,1.0,1.0,1.8063335250229864,0.16905513537978883,1.6984060725625687,0.19999999999999998,0.0,0.0
福建,M06-M07,9,derived_from_value_bins,74,1.0,0.0,1.0,0.7702702702702703,0.811704147053684,0.0759675622289911,0.06818790644684065,0.7579760229646522,0.23076923076923078,0.6341463414634148
福建,M06-M07,9,direct_diverging_delta,74,1.0,0.0,1.0,0.7162162162162162,0.6230349073289659,0.058309968311910834,-0.18451545176699158,0.9129939438480121,0.45454545454545453,0.8823529411764706
福建,M07-M08,9,derived_from_value_bins,74,1.0,0.0,1.0,0.7972972972972973,1.0990289667092632,0.1028583526682757,0.6676878508346415,0.7065431159890044,0.14285714285714285,0.6486486486486486
福建,M07-M08,9,direct_diverging_delta,74,1.0,0.0,1.0,1.0,0.5775985628994788,0.054057571258829554,-0.07429714883174197,0.819288030372914,0.14285714285714285,0.8636363636363636
福建,M08-M09,9,derived_from_value_bins,74,1.0,0.0,1.0,1.0,0.9418922702596928,0.08815189612333788,-0.6489094305874359,0.8523040483089606,0.23076923076923078,0.8333333333333333
福建,M08-M09,9,direct_diverging_delta,74,1.0,0.0,1.0,1.0,0.5897136346075578,0.05519142337383089,-0.06687376097927457,0.9267907708397485,0.14285714285714285,0.8837209302325582
福建,M09-M10,9,derived_from_value_bins,74,1.0,0.0,1.0,0.3918918918918919,0.7240876715752588,0.06776751781951991,-0.014127092933070951,0.6925946929136755,0.23076923076923078,0.75
福建,M09-M10,9,direct_diverging_delta,74,1.0,0.0,1.0,0.5,0.5744845490363599,0.05376613004494996,0.08213307073275583,0.809709255083568,0.06666666666666667,0.6785714285714285
福建,M10-M11,9,derived_from_value_bins,74,1.0,0.0,1.0,0.2702702702702703,0.604612978771845,0.05658585613492999,0.1296398611315054,0.5481550795211875,0.3333333333333333,0.6666666666666667
福建,M10-M11,9,direct_diverging_delta,74,1.0,0.0,1.0,0.20270270270270271,0.50099767025504,0.04688847756886249,0.15516710366551176,0.6943009656480165,0.23076923076923078,0.8823529411764706
福建,M11-M12,9,derived_from_value_bins,74,1.0,0.0,1.0,0.8918918918918919,0.6715935102779232,0.06285457819799758,-0.05204010134916009,0.487571822937517,0.45454545454545453,0.6451612903225806
福建,M11-M12,9,direct_diverging_delta,74,1.0,0.0,1.0,0.972972972972973,0.5377926171761122,0.05033212440753523,0.08076572929231449,0.6174076052780405,0.7777777777777778,0.6428571428571429
福建,M01-M02,13,derived_from_value_bins,74,1.0,0.0,1.0,0.7027027027027027,0.5548585325806605,0.051929327027720906,0.06825389166671515,0.9048801549484485,0.3333333333333333,0.8484848484848484
福建,M01-M02,13,direct_diverging_delta,74,1.0,0.0,1.0,0.8243243243243243,0.3788573765464184,0.03545734173364875,-0.002772201847717174,0.9529458543202712,0.45454545454545453,0.8125000000000001
福建,M02-M03,13,derived_from_value_bins,74,1.0,0.0,1.0,0.8108108108108109,0.8815615073071241,0.08250552730095627,-0.19700412448674784,0.8398304606900414,0.14285714285714285,0.7894736842105263
福建,M02-M03,13,direct_diverging_delta,74,1.0,0.0,1.0,0.918918918918919,0.4192594572829826,0.03923858098649277,0.02400486945899798,0.9669862887267114,1.0,0.8837209302325582
福建,M03-M04,13,derived_from_value_bins,74,1.0,0.0,1.0,0.972972972972973,0.869315225230718,0.0813593951799242,0.3708284980765756,0.7927376591140639,0.6,0.8333333333333333
福建,M03-M04,13,direct_diverging_delta,74,1.0,0.0,1.0,1.0,0.3822083266468169,0.03577095785992122,0.04084214106476706,0.9604238235123518,0.6,0.9444444444444444
福建,M04-M05,13,derived_from_value_bins,74,1.0,0.0,1.0,0.7837837837837838,0.578492420129317,0.05414122754539412,-0.010485837339572868,0.7830717860109906,0.23076923076923078,0.8181818181818181
福建,M04-M05,13,direct_diverging_delta,74,1.0,0.0,1.0,0.9054054054054054,0.442169081821696,0.04138269757639166,0.04205117613688373,0.884525669145206,0.3333333333333333,0.9268292682926829
福建,M05-M06,13,derived_from_value_bins,74,1.0,0.0,1.0,1.0,0.624243365780259,0.058423068193108905,0.04411567142654201,0.9036828971269772,0.6,0.7777777777777778
福建,M05-M06,13,direct_diverging_delta,74,1.0,0.0,1.0,1.0,1.530537296961581,0.1432433082580159,1.4343076748127337,0.4728230576395534,0.0,0.0
福建,M06-M07,13,derived_from_value_bins,74,1.0,0.0,1.0,0.8513513513513513,0.5684064632232398,0.05319728071244703,0.041434055883038556,0.8164096522425764,0.3333333333333333,0.5714285714285714
福建,M06-M07,13,direct_diverging_delta,74,1.0,0.0,1.0,0.9594594594594594,0.44015641467973293,0.04119433163430758,-0.011740799033455328,0.9304666753771529,0.45454545454545453,0.4166666666666667
福建,M07-M08,13,derived_from_value_bins,74,1.0,0.0,1.0,0.9459459459459459,0.6949426428287152,0.06503982843539466,0.2785409335429862,0.8076693921734905,0.23076923076923078,0.625
福建,M07-M08,13,direct_diverging_delta,74,1.0,0.0,1.0,1.0,0.44249331446965573,0.04141304257826205,0.08120003862844034,0.8596082384341472,1.0,0.5925925925925926
福建,M08-M09,13,derived_from_value_bins,74,1.0,0.0,1.0,1.0,0.7072689068163122,0.06619344608035516,-0.3108380461903121,0.926073950577292,0.3333333333333333,0.8484848484848484
福建,M08-M09,13,direct_diverging_delta,74,1.0,0.0,1.0,1.0,0.4801422180170159,0.0449366113976021,0.03925923998561219,0.951383956561527,0.23076923076923078,0.8484848484848484
福建,M09-M10,13,derived_from_value_bins,74,1.0,0.0,1.0,0.6621621621621622,0.5039923903276731,0.04716875405174352,-0.10168514932369431,0.7678875242066818,0.6,0.6428571428571429
福建,M09-M10,13,direct_diverging_delta,74,1.0,0.0,1.0,0.8243243243243243,0.41144140431822596,0.03850688776148524,-0.014127092933071263,0.8081882849444344,0.6,0.4799999999999999
福建,M10-M11,13,derived_from_value_bins,74,1.0,0.0,1.0,0.40540540540540543,0.4768146955173983,0.044625187865425235,0.046946141207029266,0.7571362638074572,0.3333333333333333,0.7755102040816326
福建,M10-M11,13,direct_diverging_delta,74,1.0,0.0,1.0,0.5945945945945946,0.39380591990969216,0.03685637905815212,0.039161265401566524,0.8293384644341294,0.14285714285714285,0.8085106382978724
福建,M11-M12,13,derived_from_value_bins,74,1.0,0.0,1.0,1.0,0.5016747953705941,0.04695184985116434,0.02092494564302581,0.7814380640599902,0.3333333333333333,0.6551724137931034
福建,M11-M12,13,direct_diverging_delta,74,1.0,0.0,1.0,1.0,0.39571322926489527,0.037034884542764046,-0.05251757424498528,0.8746713562752226,0.23076923076923078,0.7037037037037037
广西,M01-M02,5,derived_from_value_bins,142,1.0,0.0,1.0,0.2323943661971831,1.4083654263555774,0.14980557401360803,-0.1451646391144381,0.5350848304072574,0.2,0.6376811594202899
广西,M01-M02,5,direct_diverging_delta,142,1.0,0.0,1.0,0.176056338028169,0.8443997459108008,0.0898174481323679,-0.18310766848871285,0.6596992457003138,0.5,0.819672131147541
广西,M02-M03,5,derived_from_value_bins,142,1.0,0.0,1.0,0.2676056338028169,1.565756821089393,0.16654704450959615,0.38366142131520814,0.5057480302930356,0.07142857142857142,0.5945945945945946
广西,M02-M03,5,direct_diverging_delta,142,1.0,0.0,1.0,0.2887323943661972,0.8912306465304297,0.09479877600197616,0.1583277008147722,0.7870701441471721,0.36363636363636365,0.9350649350649352
广西,M03-M04,5,derived_from_value_bins,142,1.0,0.0,1.0,0.8873239436619719,1.9268891423472136,0.2049601109400097,-0.11626175204486884,0.5416280560770046,0.15384615384615385,0.5423728813559322
广西,M03-M04,5,direct_diverging_delta,142,1.0,0.0,1.0,0.9788732394366197,1.0035556174924036,0.10674660320372967,-0.013897263504606752,0.8747648311942823,0.07142857142857142,0.6923076923076924
广西,M04-M05,5,derived_from_value_bins,142,1.0,0.0,1.0,0.9577464788732394,1.7225550946584307,0.18322542565754543,0.17930260478849838,0.7400247858537451,0.07142857142857142,0.6808510638297872
广西,M04-M05,5,direct_diverging_delta,142,1.0,0.0,1.0,1.0,1.2733316583028889,0.13544224844781405,0.8669138255936396,0.7391530759940901,0.0,0.0
广西,M05-M06,5,derived_from_value_bins,142,1.0,0.0,1.0,0.6197183098591549,1.8461451763861265,0.1963715046432502,0.46514654005046224,0.703426575624722,0.25,0.4255319148936171
广西,M05-M06,5,direct_diverging_delta,142,1.0,0.0,1.0,0.7887323943661971,1.0982544052675738,0.11681956153938147,-0.03523574191277407,0.9265205507815208,0.034482758620689655,0.8674698795180723
广西,M06-M07,5,derived_from_value_bins,142,1.0,0.0,1.0,0.23943661971830985,1.8820199887296607,0.2001874509560339,0.3194326494214837,0.28261735258597565,0.0,0.3714285714285714
广西,M06-M07,5,direct_diverging_delta,142,1.0,0.0,1.0,0.38028169014084506,0.8578625631307853,0.09124946643084243,-0.09933127400192433,0.8408553045606931,0.034482758620689655,0.8
广西,M07-M08,5,derived_from_value_bins,142,1.0,0.0,1.0,0.47183098591549294,2.173396074504542,0.23118065837684992,-1.0110419165133584,0.3315864185014633,0.07142857142857142,0.4271844660194175
广西,M07-M08,5,direct_diverging_delta,142,1.0,0.0,1.0,0.823943661971831,0.840377578439318,0.08938961662247098,-0.37065932864111334,0.68073442077091,0.07142857142857142,0.10526315789473684
广西,M08-M09,5,derived_from_value_bins,142,1.0,0.0,1.0,0.8309859154929577,1.7104464842038205,0.1819374521630853,-0.16429284885396522,0.478065716770915,0.30434782608695654,0.5384615384615385
广西,M08-M09,5,direct_diverging_delta,142,1.0,0.0,1.0,0.9507042253521126,1.092291695771891,0.11618531768337556,-0.28710032852987943,0.8612656090313693,0.07142857142857142,0.8372093023255813
广西,M09-M10,5,derived_from_value_bins,142,1.0,0.0,1.0,0.4859154929577465,1.941958237231573,0.20656298642017434,0.08433221457234115,0.6838888485764424,0.5,0.6857142857142856
广西,M09-M10,5,direct_diverging_delta,142,1.0,0.0,1.0,0.5915492957746479,1.0988463595417794,0.11688252676713963,0.17601235296611104,0.9313842091377945,0.25,0.9090909090909091
广西,M10-M11,5,derived_from_value_bins,142,1.0,0.0,1.0,0.852112676056338,1.8638847568123218,0.19825843539202861,0.23004218305243804,0.6029174679134208,0.15384615384615385,0.6923076923076924
广西,M10-M11,5,direct_diverging_delta,142,1.0,0.0,1.0,0.9859154929577465,1.0267855866386957,0.1092175378043353,-0.39701624064107527,0.8712806619992571,0.1111111111111111,0.6990291262135923
广西,M11-M12,5,derived_from_value_bins,142,1.0,0.0,1.0,0.8943661971830986,2.7437148194126846,0.2918445495466081,-1.5909661252329892,0.4782339458840003,0.1111111111111111,0.36842105263157887
广西,M11-M12,5,direct_diverging_delta,142,1.0,0.0,1.0,1.0,1.1571374860614634,0.12308286050493787,-0.7525044229473411,0.5476818088864657,0.034482758620689655,0.0
广西,M01-M02,7,derived_from_value_bins,142,1.0,0.0,1.0,0.2887323943661972,1.1163628722370589,0.11874573015876455,0.07970419023695485,0.5184955371297725,0.1111111111111111,0.6233766233766234
广西,M01-M02,7,direct_diverging_delta,142,1.0,0.0,1.0,0.5633802816901409,0.6553843851644211,0.0697121870374029,-0.14905873614697876,0.8183426455345985,0.25,0.8571428571428571
广西,M02-M03,7,derived_from_value_bins,142,1.0,0.0,1.0,0.4154929577464789,1.1952852499311188,0.12714057702998588,-0.007182020176499163,0.6552140251788638,0.30434782608695654,0.631578947368421
广西,M02-M03,7,direct_diverging_delta,142,1.0,0.0,1.0,0.7394366197183099,0.7168010550692563,0.07624497981754545,-0.034616249121726464,0.8699310002375579,0.875,0.712871287128713
广西,M03-M04,7,derived_from_value_bins,142,1.0,0.0,1.0,0.971830985915493,1.3088669858053754,0.13922208430195515,-0.04665949534087,0.7382705391279775,0.07142857142857142,0.6534653465346535
广西,M03-M04,7,direct_diverging_delta,142,1.0,0.0,1.0,1.0,0.6004390966292167,0.0638677447255384,0.05798381588350015,0.9245370977842878,0.2,0.972972972972973
广西,M04-M05,7,derived_from_value_bins,142,1.0,0.0,1.0,1.0,1.2936859867803006,0.13760730575762786,-0.1954787774638239,0.765605423459519,0.30434782608695654,0.6571428571428571
广西,M04-M05,7,direct_diverging_delta,142,1.0,0.0,1.0,1.0,0.9143922285677615,0.09726243637536687,0.4696762816067327,0.828108171110584,0.0,0.0
广西,M05-M06,7,derived_from_value_bins,142,1.0,0.0,1.0,0.7676056338028169,1.4972753682569941,0.15926278208816602,0.4276684018252317,0.746465893108314,0.25,0.7826086956521738
广西,M05-M06,7,direct_diverging_delta,142,1.0,0.0,1.0,0.971830985915493,0.6810819839605459,0.07244559945039189,0.10852641686343961,0.9277385026316547,1.0,0.5882352941176471
广西,M06-M07,7,derived_from_value_bins,142,1.0,0.0,1.0,0.2676056338028169,1.2992826087643796,0.1382026094715451,0.3836808863790242,0.5356958246463411,0.1111111111111111,0.6216216216216216
广西,M06-M07,7,direct_diverging_delta,142,1.0,0.0,1.0,0.6619718309859155,0.6772363113407133,0.07203654141509687,-0.1485130651622089,0.8466427482489352,0.42857142857142855,0.6666666666666666
广西,M07-M08,7,derived_from_value_bins,142,1.0,0.0,1.0,0.6690140845070423,1.4178812946835155,0.15081776168197017,-0.7647570081761199,0.4930993337508971,0.1111111111111111,0.2272727272727273
广西,M07-M08,7,direct_diverging_delta,142,1.0,0.0,1.0,0.8943661971830986,0.6816635142696436,0.07250745589768208,0.10980893884781186,0.909315948348934,0.034482758620689655,0.6923076923076924
广西,M08-M09,7,derived_from_value_bins,142,1.0,0.0,1.0,0.9225352112676056,1.349597236874888,0.14355449585296565,-0.07327451316411558,0.6730569603184677,0.25,0.6888888888888889
广西,M08-M09,7,direct_diverging_delta,142,1.0,0.0,1.0,0.9929577464788732,0.6741248615769324,0.07170558148867788,0.03447292136428268,0.8916326077512481,0.25,0.8571428571428571
广西,M09-M10,7,derived_from_value_bins,142,1.0,0.0,1.0,0.5985915492957746,1.337238514317312,0.14223991833482572,0.22353672798034555,0.760639479805607,0.42857142857142855,0.8923076923076924
广西,M09-M10,7,direct_diverging_delta,142,1.0,0.0,1.0,0.8661971830985915,0.7509438574032822,0.07987669500052706,0.13061377651046405,0.9342289695765977,0.30434782608695654,1.0
广西,M10-M11,7,derived_from_value_bins,142,1.0,0.0,1.0,0.9788732394366197,1.1756898606164834,0.12505624686299557,-0.2839437126078864,0.6750247759266044,0.30434782608695654,0.7422680412371134
广西,M10-M11,7,direct_diverging_delta,142,1.0,0.0,1.0,1.0,0.8783707479487752,0.09343088919310533,-0.2608205112741365,0.9352629750307192,0.15384615384615385,0.8571428571428571
广西,M11-M12,7,derived_from_value_bins,142,1.0,0.0,1.0,0.9859154929577465,1.830663662822196,0.1947247608488889,-0.9431297359111166,0.44759499760530025,0.2,0.36363636363636365
广西,M11-M12,7,direct_diverging_delta,142,1.0,0.0,1.0,1.0,0.8550942110989432,0.09095500126048178,-0.49146260832737443,0.7106240024948103,0.07142857142857142,0.0
广西,M01-M02,9,derived_from_value_bins,142,1.0,0.0,1.0,0.3591549295774648,0.9537007578945739,0.10144362166239275,-0.10768650088920535,0.5626940802136233,0.30434782608695654,0.5977011494252873
广西,M01-M02,9,direct_diverging_delta,142,1.0,0.0,1.0,0.4507042253521127,0.5288424958419703,0.05625212900703052,-0.04186765284892365,0.8686265181499375,0.42857142857142855,0.72
广西,M02-M03,9,derived_from_value_bins,142,1.0,0.0,1.0,0.4295774647887324,1.0880291941621612,0.1157319222162404,0.04635817728811896,0.6576477842047542,0.36363636363636365,0.7010309278350515
广西,M02-M03,9,direct_diverging_delta,142,1.0,0.0,1.0,0.5563380281690141,0.546868779944096,0.05816955596648041,-0.024107319386622448,0.8967948312296342,0.7647058823529411,0.7796610169491525
广西,M03-M04,9,derived_from_value_bins,142,1.0,0.0,1.0,0.9859154929577465,0.8941626206506066,0.09511064539172873,0.033650800856057664,0.7500277748450049,0.36363636363636365,0.6206896551724137
广西,M03-M04,9,direct_diverging_delta,142,1.0,0.0,1.0,1.0,0.5434794425432672,0.0578090375773214,0.03906774236031407,0.9506175839935502,0.30434782608695654,0.8
广西,M04-M05,9,derived_from_value_bins,142,1.0,0.0,1.0,1.0,1.0683971849277822,0.11364369684705695,0.1168390410797743,0.7847396001538026,0.42857142857142855,0.5306122448979591
广西,M04-M05,9,direct_diverging_delta,142,1.0,0.0,1.0,1.0,0.8111872664874077,0.08628468990688987,0.4255387767192982,0.8910036828440798,0.0,0.0
广西,M05-M06,9,derived_from_value_bins,142,1.0,0.0,1.0,0.823943661971831,1.0981466819390777,0.11680810318151638,0.13617177118453555,0.8167659524178162,0.5789473684210527,0.5306122448979591
广西,M05-M06,9,direct_diverging_delta,142,1.0,0.0,1.0,0.9154929577464789,0.5354501935786878,0.056954979228878745,-0.04700574321609007,0.9575316679954491,0.36363636363636365,0.7422680412371134
广西,M06-M07,9,derived_from_value_bins,142,1.0,0.0,1.0,0.4154929577464789,1.133843745700573,0.12060514266240535,0.25280484813218224,0.5597631735700197,0.30434782608695654,0.5684210526315788
广西,M06-M07,9,direct_diverging_delta,142,1.0,0.0,1.0,0.5915492957746479,0.5398736146752761,0.05742549144401672,-0.04342376781117458,0.9056332885748145,0.42857142857142855,0.8750000000000001
广西,M07-M08,9,derived_from_value_bins,142,1.0,0.0,1.0,0.7676056338028169,1.3243119836352064,0.14086494397618335,-0.44054136797371335,0.6295891996489649,0.15384615384615385,0.5333333333333333
广西,M07-M08,9,direct_diverging_delta,142,1.0,0.0,1.0,0.8943661971830986,0.5205142007409345,0.05536626160016449,-0.10877679964233808,0.852664016373603,0.36363636363636365,0.32558139534883723
广西,M08-M09,9,derived_from_value_bins,142,1.0,0.0,1.0,0.9577464788732394,0.977509562407953,0.10397612605362455,0.1230395442061494,0.8048057912140376,0.42857142857142855,0.7368421052631579
广西,M08-M09,9,direct_diverging_delta,142,1.0,0.0,1.0,1.0,0.5418403253465983,0.05763468730719445,-0.06641280409270948,0.9464364514192384,0.42857142857142855,0.7346938775510204
广西,M09-M10,9,derived_from_value_bins,142,1.0,0.0,1.0,0.7183098591549296,0.9303129620546104,0.09895589928924056,-0.2612995046159128,0.8440321200014728,0.5,0.918918918918919
广西,M09-M10,9,direct_diverging_delta,142,1.0,0.0,1.0,0.7816901408450704,0.6320582782555729,0.0672310264170196,0.1053923451462163,0.9535244827201903,0.5,0.8372093023255813
广西,M10-M11,9,derived_from_value_bins,142,1.0,0.0,1.0,0.9859154929577465,0.9641406452577572,0.1025540957551331,0.05514420466802478,0.8565238541603618,0.42857142857142855,0.8888888888888888
广西,M10-M11,9,direct_diverging_delta,142,1.0,0.0,1.0,1.0,0.6600456000293661,0.07020799299470389,-0.1557312139231027,0.951876598252947,0.2,0.972972972972973
广西,M11-M12,9,derived_from_value_bins,142,1.0,0.0,1.0,0.9929577464788732,1.7634577754956908,0.18757617828669593,-1.020465576693344,0.3071798791224278,0.2,0.32558139534883723
广西,M11-M12,9,direct_diverging_delta,142,1.0,0.0,1.0,1.0,0.6959550317408998,0.07402762171419688,-0.33172687635380277,0.7891720665178117,0.1111111111111111,0.0
广西,M01-M02,13,derived_from_value_bins,142,1.0,0.0,1.0,0.5211267605633803,0.6979408425956469,0.07423884923328448,0.05087485314062264,0.6370515346552035,0.25,0.6545454545454547
广西,M01-M02,13,direct_diverging_delta,142,1.0,0.0,1.0,0.5774647887323944,0.337483885403064,0.035897620196467625,0.0022698520385103205,0.897913436992372,0.5789473684210527,0.6909090909090909
广西,M02-M03,13,derived_from_value_bins,142,1.0,0.0,1.0,0.6408450704225352,0.7183230957438486,0.0764068768455912,-0.08337383964537722,0.6795139747027087,0.5,0.819672131147541
广西,M02-M03,13,direct_diverging_delta,142,1.0,0.0,1.0,0.7394366197183099,0.3370369841820952,0.035850084029588086,-0.03316116654301939,0.8993779401149995,0.6666666666666666,0.9863013698630138
广西,M03-M04,13,derived_from_value_bins,142,1.0,0.0,1.0,1.0,0.6890485803652026,0.07329299354641326,-0.0672518789811074,0.8569655625691847,0.30434782608695654,0.8484848484848485
广西,M03-M04,13,direct_diverging_delta,142,1.0,0.0,1.0,1.0,0.36933703560764586,0.03928578875076605,0.008511008207474979,0.9749046785912161,0.7647058823529411,0.9
广西,M04-M05,13,derived_from_value_bins,142,1.0,0.0,1.0,1.0,0.6494931216114469,0.06908554277185705,0.006326582210502517,0.9141508881486684,0.2,0.8059701492537312
广西,M04-M05,13,direct_diverging_delta,142,1.0,0.0,1.0,1.0,0.6061268874398442,0.06447274592147109,0.3067070327915904,0.9395696714336897,0.0,0.0
广西,M05-M06,13,derived_from_value_bins,142,1.0,0.0,1.0,0.9014084507042254,0.77563932065253,0.08250351186094855,0.2691070477954033,0.903380608529816,0.5,0.8095238095238096
广西,M05-M06,13,direct_diverging_delta,142,1.0,0.0,1.0,0.9507042253521126,0.3520389571244701,0.037445819856322074,0.009580801511389696,0.9715454076273878,0.5,0.7142857142857143
广西,M06-M07,13,derived_from_value_bins,142,1.0,0.0,1.0,0.5140845070422535,0.8868173071625768,0.0943293361641715,0.19834943361688748,0.6326845431765422,0.25,0.6296296296296297
广西,M06-M07,13,direct_diverging_delta,142,1.0,0.0,1.0,0.6971830985915493,0.3737607504624787,0.039756332212497865,-0.06266319301851796,0.9331255677476158,0.875,0.8571428571428571
广西,M07-M08,13,derived_from_value_bins,142,1.0,0.0,1.0,0.8802816901408451,0.958078057914481,0.10190922805249623,-0.33643542845918134,0.6211545167999071,0.15384615384615385,0.39215686274509803
广西,M07-M08,13,direct_diverging_delta,142,1.0,0.0,1.0,0.9084507042253521,0.39100230720941337,0.04159028898041318,-0.07935179638404907,0.9391011749341387,1.0,0.5882352941176471
广西,M08-M09,13,derived_from_value_bins,142,1.0,0.0,1.0,0.9859154929577465,0.6978927249638662,0.07423373103788279,-0.12681471062873265,0.8947224352918051,0.42857142857142855,0.7796610169491525
广西,M08-M09,13,direct_diverging_delta,142,1.0,0.0,1.0,1.0,0.40797815369075086,0.04339598257307994,-0.06301761140906087,0.9675469813913966,0.875,0.8923076923076924
广西,M09-M10,13,derived_from_value_bins,142,1.0,0.0,1.0,0.7887323943661971,0.7500225326654302,0.07977869516424592,0.09586394941087324,0.8793457820043309,0.7647058823529411,0.9090909090909091
广西,M09-M10,13,direct_diverging_delta,142,1.0,0.0,1.0,0.8380281690140845,0.4546633127450764,0.048361808145884144,0.10878753782986478,0.9763731262549027,0.5789473684210527,0.9473684210526316
广西,M10-M11,13,derived_from_value_bins,142,1.0,0.0,1.0,0.9929577464788732,0.6533795691813266,0.0694989379732617,0.031119757087746724,0.9230152968388862,0.7647058823529411,0.8205128205128205
广西,M10-M11,13,direct_diverging_delta,142,1.0,0.0,1.0,1.0,0.5005957570026675,0.053247568651708446,-0.16478506107949945,0.9764006856194986,0.25,0.8571428571428571
广西,M11-M12,13,derived_from_value_bins,142,1.0,0.0,1.0,1.0,1.4070549563598163,0.1496661814197053,-0.901944968630642,0.5302133278696112,0.30434782608695654,0.5454545454545454
广西,M11-M12,13,direct_diverging_delta,142,1.0,0.0,1.0,1.0,0.5403679999379553,0.05747807841233728,-0.3023018730955129,0.9089056394426378,0.2,0.0
安徽,M01-M02,5,derived_from_value_bins,96,1.0,0.0,1.0,0.15625,2.8608335210339924,0.17075952267772476,-0.0194085473952547,0.19905010544586232,0.17647058823529413,0.35897435897435903
安徽,M01-M02,5,direct_diverging_delta,96,1.0,0.0,1.0,0.71875,1.612067218784139,0.09622224669140964,-0.16970932799472127,0.7529668397077022,0.25,0.9795918367346939
安徽,M02-M03,5,derived_from_value_bins,96,1.0,0.0,1.0,0.6666666666666666,3.68420333095075,0.2199054218343517,-0.5941157769760017,0.3170204762775368,0.05263157894736842,0.5
安徽,M02-M03,5,direct_diverging_delta,96,1.0,0.0,1.0,1.0,1.3681654890641586,0.08166406193824644,-0.5255872984062374,0.3013804376598043,0.17647058823529413,0.2222222222222222
安徽,M03-M04,5,derived_from_value_bins,96,1.0,0.0,1.0,0.6458333333333334,3.6978935129774873,0.22072257142766738,0.960850536571571,0.4974308477547894,0.25,0.5581395348837209
安徽,M03-M04,5,direct_diverging_delta,96,1.0,0.0,1.0,1.0,1.2785080486780416,0.0763125230904681,0.6086928527487223,0.34612810678264433,0.25,0.2857142857142857
安徽,M04-M05,5,derived_from_value_bins,96,1.0,0.0,1.0,0.2604166666666667,3.552306519802379,0.21203266854450997,-0.2857792658679625,0.3330472158349239,0.1111111111111111,0.4489795918367347
安徽,M04-M05,5,direct_diverging_delta,96,1.0,0.0,1.0,0.5625,1.889781031615013,0.11279863178035085,-0.017879572398759386,0.8385218530612502,0.25,0.7499999999999999
安徽,M05-M06,5,derived_from_value_bins,96,1.0,0.0,1.0,0.875,3.590228571170504,0.2142961876703068,0.36403035381181487,0.8016132957309617,0.3333333333333333,0.631578947368421
安徽,M05-M06,5,direct_diverging_delta,96,1.0,0.0,1.0,1.0,1.8524474008510368,0.11057023473375205,0.021317430141447085,0.8430237801323829,0.17647058823529413,0.0
安徽,M06-M07,5,derived_from_value_bins,96,1.0,0.0,1.0,0.6979166666666666,3.1353685033549445,0.18714616740723694,0.3706663989338555,0.8896444418440529,0.5384615384615384,0.7692307692307693
安徽,M06-M07,5,direct_diverging_delta,96,1.0,0.0,1.0,1.0,1.523634119026493,0.09094378718214419,-0.2864956987709759,0.8972209459971239,0.17647058823529413,0.631578947368421
安徽,M07-M08,5,derived_from_value_bins,96,1.0,0.0,1.0,0.19791666666666666,2.4613985636539266,0.14691775692605488,-0.20228922747523223,0.5212584070969036,0.0,0.6046511627906976
安徽,M07-M08,5,direct_diverging_delta,96,1.0,0.0,1.0,0.4583333333333333,1.439211626624376,0.08590471573675683,-0.23058824252190493,0.7188495173475598,0.42857142857142855,0.9333333333333333
安徽,M08-M09,5,derived_from_value_bins,96,1.0,0.0,1.0,0.3020833333333333,4.336059555139365,0.2588138926973192,-0.7637776705942124,0.17512600803713033,0.0,0.37735849056603776
安徽,M08-M09,5,direct_diverging_delta,96,1.0,0.0,1.0,0.4895833333333333,1.8720058736697738,0.11173765515800158,-0.5832959759997359,0.8658844223573791,0.0,0.676056338028169
安徽,M09-M10,5,derived_from_value_bins,96,1.0,0.0,1.0,0.5,3.2674352783861784,0.19502906562557473,0.44387659706635824,0.7103662326446993,0.1111111111111111,0.5833333333333334
安徽,M09-M10,5,direct_diverging_delta,96,1.0,0.0,1.0,0.75,1.4044350648131587,0.0838289468912109,0.19859495638802607,0.8815342025071448,0.6666666666666666,0.5
安徽,M10-M11,5,derived_from_value_bins,96,1.0,0.0,1.0,0.6770833333333334,3.2432151977156116,0.1935833997438959,-0.6566556683244279,0.7661760225099439,0.25,0.7555555555555556
安徽,M10-M11,5,direct_diverging_delta,96,1.0,0.0,1.0,0.8229166666666666,2.0664453824354587,0.12334350270641792,-0.7063651574107727,0.9018654929288876,0.1111111111111111,0.0
安徽,M11-M12,5,derived_from_value_bins,96,1.0,0.0,1.0,0.8229166666666666,4.574868355364544,0.2730680869515004,-2.124907472897156,0.7038138044313335,0.05263157894736842,0.5517241379310345
安徽,M11-M12,5,direct_diverging_delta,96,1.0,0.0,1.0,0.9895833333333334,3.4825313002139064,0.20786787422702915,-2.7947096046863233,0.7711786400344351,0.17647058823529413,0.0
安徽,M01-M02,7,derived_from_value_bins,96,1.0,0.0,1.0,0.2604166666666667,2.1152355908985467,0.12625572833830032,-0.29432334082313716,0.5245174200525652,0.05263157894736842,0.6530612244897959
安徽,M01-M02,7,direct_diverging_delta,96,1.0,0.0,1.0,0.6354166666666666,1.1323661337428816,0.06758949763160915,-0.08993037011756766,0.825119997419967,0.25,0.7868852459016393
安徽,M02-M03,7,derived_from_value_bins,96,1.0,0.0,1.0,0.9791666666666666,1.6401967478624027,0.09790126258773393,0.5055433967355268,0.1681829045097083,0.3333333333333333,0.47058823529411764
安徽,M02-M03,7,direct_diverging_delta,96,1.0,0.0,1.0,1.0,1.2428502905620598,0.07418415675566574,-0.10674776955119313,0.8643791897157598,0.25,0.6399999999999999
安徽,M03-M04,7,derived_from_value_bins,96,1.0,0.0,1.0,0.9479166666666666,1.7635553889178874,0.10526438333905748,-0.12353559306063078,0.2862135625816335,0.42857142857142855,0.47058823529411764
安徽,M03-M04,7,direct_diverging_delta,96,1.0,0.0,1.0,1.0,1.3783050829913623,0.0822692814333429,-0.13923487734956227,0.85366100613889,0.25,0.5853658536585366
安徽,M04-M05,7,derived_from_value_bins,96,1.0,0.0,1.0,0.3958333333333333,2.812490349151856,0.16787398009210194,-0.08722969283671318,0.3380220153523232,0.0,0.5161290322580646
安徽,M04-M05,7,direct_diverging_delta,96,1.0,0.0,1.0,0.875,1.253823652449382,0.07483914280230988,0.16162308282483265,0.8239991263239116,0.3333333333333333,0.5581395348837209
安徽,M05-M06,7,derived_from_value_bins,96,1.0,0.0,1.0,0.9479166666666666,2.4798763226003895,0.14802067091061685,0.5320338386844071,0.7308297516153976,0.42857142857142855,0.7164179104477612
安徽,M05-M06,7,direct_diverging_delta,96,1.0,0.0,1.0,1.0,1.3225277717730763,0.07894000450413559,0.4202122195272002,0.932927672610423,0.25,0.7741935483870968
安徽,M06-M07,7,derived_from_value_bins,96,1.0,0.0,1.0,0.7708333333333334,2.7366660564344425,0.1633481242753951,0.4317585752511614,0.8688133358699243,0.17647058823529413,0.5937499999999999
安徽,M06-M07,7,direct_diverging_delta,96,1.0,0.0,1.0,0.8854166666666666,1.1390567462055223,0.06798885179959627,0.2619846366344349,0.9578614949542583,0.1111111111111111,0.8727272727272727
安徽,M07-M08,7,derived_from_value_bins,96,1.0,0.0,1.0,0.2604166666666667,2.0045409901383127,0.1196485080824404,-0.11065096299927273,0.5497146404725889,0.3333333333333333,0.6122448979591836
安徽,M07-M08,7,direct_diverging_delta,96,1.0,0.0,1.0,0.7916666666666666,1.1320487526976646,0.06757055355975396,-0.1807263938486826,0.782819476953174,0.17647058823529413,0.9056603773584906
安徽,M08-M09,7,derived_from_value_bins,96,1.0,0.0,1.0,0.4166666666666667,2.512049697440387,0.14994105882910846,-0.8095968028321914,0.7033798944748008,0.05263157894736842,0.6874999999999999
安徽,M08-M09,7,direct_diverging_delta,96,1.0,0.0,1.0,1.0,1.5043170641418315,0.08979077668803756,-0.27415251422577414,0.8079862832785958,0.17647058823529413,0.2222222222222222
安徽,M09-M10,7,derived_from_value_bins,96,1.0,0.0,1.0,0.6145833333333334,2.095357994861921,0.12506925985411954,-0.02958776939277104,0.6879233254229791,0.25,0.5783132530120482
安徽,M09-M10,7,direct_diverging_delta,96,1.0,0.0,1.0,0.8958333333333334,1.120567131491331,0.0668852301593027,-0.05071428697806577,0.9227375875367089,0.3333333333333333,0.9565217391304348
安徽,M10-M11,7,derived_from_value_bins,96,1.0,0.0,1.0,0.8229166666666666,2.3779006825280704,0.14193387435448207,0.15281566787989223,0.8581106925399336,0.6666666666666666,0.7384615384615384
安徽,M10-M11,7,direct_diverging_delta,96,1.0,0.0,1.0,1.0,1.6350622999965996,0.09759479390987068,-0.8260335942264952,0.9552877088184699,0.17647058823529413,0.8
安徽,M11-M12,7,derived_from_value_bins,96,1.0,0.0,1.0,0.9375,3.5032318466009946,0.209103463573364,-2.170726605135136,0.7110216371842312,0.17647058823529413,0.6
安徽,M11-M12,7,direct_diverging_delta,96,1.0,0.0,1.0,1.0,2.7506584450185425,0.16418331219464133,-2.146505571934472,0.849052326714749,0.17647058823529413,0.0
安徽,M01-M02,9,derived_from_value_bins,96,1.0,0.0,1.0,0.3125,1.8618013902282733,0.11112856249013688,0.3250834468384493,0.4987458833088779,0.05263157894736842,0.5555555555555556
安徽,M01-M02,9,direct_diverging_delta,96,1.0,0.0,1.0,0.6770833333333334,0.8997339920734436,0.053703980288882916,0.14829846243225597,0.8304948506105604,0.25,0.6956521739130436
安徽,M02-M03,9,derived_from_value_bins,96,1.0,0.0,1.0,0.9479166666666666,2.0136909063752646,0.12019465497203584,-0.5465996398403152,0.5402691571140161,0.17647058823529413,0.6122448979591836
安徽,M02-M03,9,direct_diverging_delta,96,1.0,0.0,1.0,1.0,0.9425314791678124,0.056258507986600585,0.0871594197335468,0.8169394866185178,0.6666666666666666,0.8
安徽,M03-M04,9,derived_from_value_bins,96,1.0,0.0,1.0,0.9791666666666666,2.105766452173229,0.1256905274634448,0.28374558238807995,0.4060616491316138,0.1111111111111111,0.49056603773584906
安徽,M03-M04,9,direct_diverging_delta,96,1.0,0.0,1.0,1.0,0.8892452504065816,0.05307792060824971,-0.08937302867634446,0.707825799893672,0.8181818181818182,0.7027027027027027
安徽,M04-M05,9,derived_from_value_bins,96,1.0,0.0,1.0,0.4791666666666667,1.901558895092234,0.11350163750604116,0.08247079693358546,0.6238885681405171,0.1111111111111111,0.5714285714285714
安徽,M04-M05,9,direct_diverging_delta,96,1.0,0.0,1.0,0.8958333333333334,0.9326207497835162,0.05566694912565755,0.10622102874347782,0.8494391803491197,1.0,0.5882352941176471
安徽,M05-M06,9,derived_from_value_bins,96,1.0,0.0,1.0,0.9895833333333334,1.6245740035982432,0.09696876080674956,-0.027977777557577948,0.8139856512354942,0.17647058823529413,0.7999999999999999
安徽,M05-M06,9,direct_diverging_delta,96,1.0,0.0,1.0,1.0,1.0423883060548254,0.06221883527232659,0.4091318087109285,0.9580774348318722,0.25,0.923076923076923
安徽,M06-M07,9,derived_from_value_bins,96,1.0,0.0,1.0,0.7708333333333334,1.9881266782952267,0.11866875863711243,0.7626745303032413,0.9045688678921731,0.5384615384615384,0.5
安徽,M06-M07,9,direct_diverging_delta,96,1.0,0.0,1.0,0.9270833333333334,0.9581463468437112,0.05719053962402652,0.02375580408460944,0.9660508294600133,0.3333333333333333,0.9333333333333333
安徽,M07-M08,9,derived_from_value_bins,96,1.0,0.0,1.0,0.3020833333333333,1.6835905652744334,0.1004913844854124,-0.23792633032699487,0.5983653392995774,0.1111111111111111,0.6415094339622641
安徽,M07-M08,9,direct_diverging_delta,96,1.0,0.0,1.0,0.8333333333333334,0.8718502234725362,0.05203963352359957,-0.11424392895105795,0.8450209587933784,0.42857142857142855,0.7499999999999999
安徽,M08-M09,9,derived_from_value_bins,96,1.0,0.0,1.0,0.5520833333333334,2.167544194225925,0.1293779624950412,-0.4786808477801115,0.6736868906095099,0.25,0.6233766233766235
安徽,M08-M09,9,direct_diverging_delta,96,1.0,0.0,1.0,1.0,1.064253147296735,0.063523919901139,0.32418966985285463,0.8458389741941847,0.05263157894736842,0.9787234042553191
安徽,M09-M10,9,derived_from_value_bins,96,1.0,0.0,1.0,0.6770833333333334,1.5363187686394213,0.09170091782162822,0.004352328561288088,0.8229519560796102,0.6666666666666666,0.7027027027027027
安徽,M09-M10,9,direct_diverging_delta,96,1.0,0.0,1.0,0.90625,0.9535442992980179,0.056915849245692735,-0.1116565464675564,0.9576030362548865,0.8181818181818182,0.7499999999999999
安徽,M10-M11,9,derived_from_value_bins,96,1.0,0.0,1.0,0.8229166666666666,1.648943319343541,0.09842333434067047,-0.11022009126406507,0.9345695472278869,0.3333333333333333,0.8799999999999999
安徽,M10-M11,9,direct_diverging_delta,96,1.0,0.0,1.0,1.0,1.2480036644734618,0.07449175510517501,-0.5822645562685365,0.9718640875484107,0.25,0.888888888888889
安徽,M11-M12,9,derived_from_value_bins,96,1.0,0.0,1.0,0.9583333333333334,3.2052825694016853,0.19131924929362557,-1.780415478663451,0.7109009265339908,0.25,0.43750000000000006
安徽,M11-M12,9,direct_diverging_delta,96,1.0,0.0,1.0,1.0,2.4212320351969017,0.14452026781090224,-1.7476107825487215,0.8758648156295193,0.05263157894736842,0.0
安徽,M01-M02,13,derived_from_value_bins,96,1.0,0.0,1.0,0.5729166666666666,1.4443158235486904,0.08620937877430893,-0.1180959091385972,0.5695878782635221,0.25,0.5822784810126582
安徽,M01-M02,13,direct_diverging_delta,96,1.0,0.0,1.0,0.7916666666666666,0.6653866096885471,0.039716082404368545,0.08266833682819034,0.8342798843748173,0.6666666666666666,0.7692307692307693
安徽,M02-M03,13,derived_from_value_bins,96,1.0,0.0,1.0,1.0,1.4715364808514313,0.08783414526764544,-0.0348873937637284,0.5066130664108621,0.3333333333333333,0.5882352941176471
安徽,M02-M03,13,direct_diverging_delta,96,1.0,0.0,1.0,1.0,0.640566531913949,0.038234603456903424,0.10804173242575155,0.8986447564325406,0.5384615384615384,0.8571428571428571
安徽,M03-M04,13,derived_from_value_bins,96,1.0,0.0,1.0,1.0,1.3560206985923997,0.08093915480585623,0.10556006812927128,0.5999241929208615,0.25,0.48484848484848486
安徽,M03-M04,13,direct_diverging_delta,96,1.0,0.0,1.0,1.0,0.6581078975333581,0.03928162531198961,-0.008826965434990036,0.8965025187595178,0.5384615384615384,0.8571428571428571
安徽,M04-M05,13,derived_from_value_bins,96,1.0,0.0,1.0,0.71875,1.39566121153082,0.08330524672217937,0.018506766174009853,0.6509574455694023,0.42857142857142855,0.7027027027027027
安徽,M04-M05,13,direct_diverging_delta,96,1.0,0.0,1.0,0.9375,0.6062516252463125,0.036186390221070515,-0.007140097299908832,0.8735358557445927,0.3333333333333333,0.923076923076923
安徽,M05-M06,13,derived_from_value_bins,96,1.0,0.0,1.0,1.0,1.3026123401256875,0.07775127766035901,0.1913274707609632,0.9095005331408514,0.42857142857142855,0.7826086956521738
安徽,M05-M06,13,direct_diverging_delta,96,1.0,0.0,1.0,1.0,0.7681315754329646,0.04584879903365172,0.10186349338280143,0.9789773418826894,0.05263157894736842,0.9787234042553191
安徽,M06-M07,13,derived_from_value_bins,96,1.0,0.0,1.0,0.8645833333333334,1.6371151393273997,0.09771732528462009,0.378890345745799,0.9116738253787158,0.3333333333333333,0.48648648648648646
安徽,M06-M07,13,direct_diverging_delta,96,1.0,0.0,1.0,0.9479166666666666,0.6999748219072511,0.041780608901739506,-0.044857509046913435,0.9770494411327386,0.6666666666666666,0.8275862068965517
安徽,M07-M08,13,derived_from_value_bins,96,1.0,0.0,1.0,0.5104166666666666,1.3102099268104224,0.07820476796877761,0.036205230071178374,0.6297942482321331,0.3333333333333333,0.6027397260273972
安徽,M07-M08,13,direct_diverging_delta,96,1.0,0.0,1.0,0.8854166666666666,0.6710929573669743,0.04005668705634745,-0.015798740544958455,0.9027550137493731,0.42857142857142855,0.8571428571428571
安徽,M08-M09,13,derived_from_value_bins,96,1.0,0.0,1.0,0.6666666666666666,1.5164358123071349,0.09051412938820126,-0.6979860960986505,0.6656819583488643,0.42857142857142855,0.7027027027027027
安徽,M08-M09,13,direct_diverging_delta,96,1.0,0.0,1.0,1.0,0.6491097954681958,0.03874454001766699,0.16309754337014729,0.8975157127835893,0.6666666666666666,0.6666666666666666
安徽,M09-M10,13,derived_from_value_bins,96,1.0,0.0,1.0,0.7604166666666666,1.2187479207099374,0.07274551688337326,-0.04133626483840639,0.8914240590450841,0.5384615384615384,0.7868852459016393
安徽,M09-M10,13,direct_diverging_delta,96,1.0,0.0,1.0,0.9166666666666666,0.5885853940455739,0.03513191529788025,-0.0430432333360318,0.9714671096997374,0.8181818181818182,0.9411764705882353
安徽,M10-M11,13,derived_from_value_bins,96,1.0,0.0,1.0,0.9166666666666666,1.3117145594201165,0.07829457757997925,0.2644263746134346,0.94581558163119,0.6666666666666666,0.9411764705882353
安徽,M10-M11,13,direct_diverging_delta,96,1.0,0.0,1.0,1.0,0.965404087788141,0.057623744971446206,-0.5076848680820966,0.9848003838264927,0.25,0.9795918367346939
安徽,M11-M12,13,derived_from_value_bins,96,1.0,0.0,1.0,0.9791666666666666,2.4330498154997393,0.145225656121262,-1.565679089684882,0.7825839180968184,0.3333333333333333,0.7111111111111111
安徽,M11-M12,13,direct_diverging_delta,96,1.0,0.0,1.0,1.0,2.0285767263359173,0.12108317067644805,-1.6402160315602483,0.9217741922084798,0.05263157894736842,0.0
浙江,M01-M02,5,derived_from_value_bins,65,1.0,0.0,1.0,0.27692307692307694,2.0734819014561348,0.1586264735588721,-0.12056730522992817,0.6028918106538977,0.5555555555555556,0.6857142857142857
浙江,M01-M02,5,direct_diverging_delta,65,1.0,0.0,1.0,0.5076923076923077,1.443801179564518,0.11045434709298546,-0.03359881517738778,0.7902376379770356,0.5555555555555556,0.9444444444444444
浙江,M02-M03,5,derived_from_value_bins,65,1.0,0.0,1.0,0.5384615384615384,2.4128505324986564,0.1845890098804924,-0.34977262739286014,0.4486925146258602,0.0,0.5
浙江,M02-M03,5,direct_diverging_delta,65,1.0,0.0,1.0,0.8615384615384616,1.3372490571073572,0.10230284723001447,-0.17850109139610199,0.8355593411164819,0.16666666666666666,0.21052631578947367
浙江,M03-M04,5,derived_from_value_bins,65,1.0,0.0,1.0,0.4461538461538462,2.69938015435346,0.20650923182844663,0.11134017680381857,0.31573671629593975,0.07692307692307693,0.5217391304347826
浙江,M03-M04,5,direct_diverging_delta,65,1.0,0.0,1.0,0.5692307692307692,1.428684718229619,0.10929790056091777,0.14784661517617573,0.8577852030348009,0.0,0.6296296296296297
浙江,M04-M05,5,derived_from_value_bins,65,1.0,0.0,1.0,0.26153846153846155,1.9744464780321485,0.15105001968959825,-0.06904274298556164,0.5465384733017411,0.16666666666666666,0.7058823529411765
浙江,M04-M05,5,direct_diverging_delta,65,1.0,0.0,1.0,0.8153846153846154,1.3332340157157072,0.10199568667235391,-0.11920535494987719,0.7743419212353546,0.4,0.9444444444444444
浙江,M05-M06,5,derived_from_value_bins,65,1.0,0.0,1.0,1.0,2.5193588330496124,0.19273715725968188,0.5991132213962186,0.3078971094087482,0.16666666666666666,0.3478260869565218
浙江,M05-M06,5,direct_diverging_delta,65,1.0,0.0,1.0,1.0,2.6507343017421285,0.20278770426286666,2.6086120971275504,0.0,0.0,0.0
浙江,M06-M07,5,derived_from_value_bins,65,1.0,0.0,1.0,0.3230769230769231,1.8620427324560724,0.14245085624234555,0.02897523473049841,0.5911785393014319,0.0,0.6842105263157895
浙江,M06-M07,5,direct_diverging_delta,65,1.0,0.0,1.0,0.7076923076923077,1.2872616856506007,0.09847869016787941,-0.27616307974305676,0.7751466136978685,0.16666666666666666,0.9714285714285714
浙江,M07-M08,5,derived_from_value_bins,65,1.0,0.0,1.0,0.16923076923076924,2.048816755252117,0.15673952911078712,0.8719999741066878,0.22088021662178864,0.16666666666666666,0.35714285714285715
浙江,M07-M08,5,direct_diverging_delta,65,1.0,0.0,1.0,0.26153846153846155,1.413015561400149,0.1080991714619301,0.747926166250059,0.5690901829794961,1.0,0.6399999999999999
浙江,M08-M09,5,derived_from_value_bins,65,1.0,0.0,1.0,0.35384615384615387,2.99972274788637,0.22948618013853012,-1.487141667812626,0.3721344179633726,0.16666666666666666,0.55
浙江,M08-M09,5,direct_diverging_delta,65,1.0,0.0,1.0,1.0,1.0799076577234665,0.08261559620732428,0.3062834615087551,0.6929023281557339,0.07692307692307693,0.4927536231884058
浙江,M09-M10,5,derived_from_value_bins,65,1.0,0.0,1.0,0.3076923076923077,2.3317393905930652,0.17838380770449,0.40609916150177844,0.4868083023453105,0.0,0.5405405405405405
浙江,M09-M10,5,direct_diverging_delta,65,1.0,0.0,1.0,0.7846153846153846,1.5645329634975895,0.1196906259909713,0.06445440865586595,0.8100975048061335,0.2727272727272727,0.8947368421052632
浙江,M10-M11,5,derived_from_value_bins,65,1.0,0.0,1.0,0.2923076923076923,1.7071011885671366,0.13059744643075813,-0.2863334156116859,0.5642914548553803,0.4,0.7777777777777778
浙江,M10-M11,5,direct_diverging_delta,65,1.0,0.0,1.0,0.9384615384615385,1.0606797236408587,0.0811446118812954,-0.5039043606009681,0.7853554716071041,0.75,0.9714285714285714
浙江,M11-M12,5,derived_from_value_bins,65,1.0,0.0,1.0,0.8461538461538461,3.3730096378181917,0.25804354682403646,-0.9438219351602365,0.11527031792971783,0.0,0.3870967741935484
浙江,M11-M12,5,direct_diverging_delta,65,1.0,0.0,1.0,1.0,1.513471929470696,0.11578433109721427,-0.47037696851411387,0.8860935127212664,0.07692307692307693,0.0
浙江,M01-M02,7,derived_from_value_bins,65,1.0,0.0,1.0,0.4307692307692308,1.6219959907842842,0.1240866891406445,-0.2986627118320242,0.523831569810324,0.07692307692307693,0.5777777777777777
浙江,M01-M02,7,direct_diverging_delta,65,1.0,0.0,1.0,0.5384615384615384,0.9712390672297613,0.07430218132556227,0.012366809378283687,0.8635615996346968,0.07692307692307693,0.6538461538461539
浙江,M02-M03,7,derived_from_value_bins,65,1.0,0.0,1.0,0.7692307692307693,1.7386368231763012,0.13301000016753292,-0.18651850467427183,0.6411280949664221,0.16666666666666666,0.38095238095238093
浙江,M02-M03,7,direct_diverging_delta,65,1.0,0.0,1.0,0.8153846153846154,0.9074598664631867,0.069422915344557,-0.052095623868004065,0.8841924726389209,0.2727272727272727,0.9375
浙江,M03-M04,7,derived_from_value_bins,65,1.0,0.0,1.0,0.5384615384615384,1.8523009478262884,0.14170558571892913,0.3784832867069644,0.5526577400746682,0.16666666666666666,0.6153846153846154
浙江,M03-M04,7,direct_diverging_delta,65,1.0,0.0,1.0,0.7538461538461538,1.009270598882993,0.07721168718908494,0.07889817834266648,0.808202053598331,0.4,0.38095238095238093
浙江,M04-M05,7,derived_from_value_bins,65,1.0,0.0,1.0,0.3384615384615385,1.4221048954178268,0.10879452790618477,-0.26197943347116637,0.6217342172723331,0.07692307692307693,0.7692307692307693
浙江,M04-M05,7,direct_diverging_delta,65,1.0,0.0,1.0,0.4307692307692308,0.9025139744342444,0.06904454241995944,-0.14218816722771424,0.8625867747977266,0.07692307692307693,0.7555555555555554
浙江,M05-M06,7,derived_from_value_bins,65,1.0,0.0,1.0,1.0,1.8128567898392318,0.13868801046081292,0.8217324796488392,0.4687961755753412,0.07692307692307693,0.6037735849056604
浙江,M05-M06,7,direct_diverging_delta,65,1.0,0.0,1.0,1.0,1.9931500988944357,0.15248089276260807,1.8616706980978757,0.0,0.0,0.0
浙江,M06-M07,7,derived_from_value_bins,65,1.0,0.0,1.0,0.38461538461538464,1.5431176542644305,0.11805230207724764,-0.5349935528428084,0.6559524782338707,0.4,0.8095238095238095
浙江,M06-M07,7,direct_diverging_delta,65,1.0,0.0,1.0,0.4307692307692308,0.9808618897869771,0.07503835095735985,0.022613479868812465,0.8810108228223248,1.0,0.7555555555555554
浙江,M07-M08,7,derived_from_value_bins,65,1.0,0.0,1.0,0.2,1.6549152246599015,0.12660509162984962,0.5751742964365263,0.2337007852359576,0.16666666666666666,0.4000000000000001
浙江,M07-M08,7,direct_diverging_delta,65,1.0,0.0,1.0,0.3230769230769231,1.2246838217651292,0.09369132941781529,0.18484726544307242,0.8100925873009825,0.16666666666666666,0.8947368421052632
浙江,M08-M09,7,derived_from_value_bins,65,1.0,0.0,1.0,0.6615384615384615,1.8772001419069013,0.14361043540615903,-0.6115059186856489,0.30071958009237393,0.16666666666666666,0.5
浙江,M08-M09,7,direct_diverging_delta,65,1.0,0.0,1.0,0.8923076923076924,0.8867527479081951,0.06783876976236644,-0.19933840860364144,0.6971940515054222,0.75,0.5217391304347826
浙江,M09-M10,7,derived_from_value_bins,65,1.0,0.0,1.0,0.5076923076923077,2.028509700091916,0.15518598936386868,-0.2023934777220526,0.3231193267907848,0.07692307692307693,0.39999999999999997
浙江,M09-M10,7,direct_diverging_delta,65,1.0,0.0,1.0,0.5846153846153846,0.9492998004072748,0.07262377336546663,0.25980831301747237,0.8536352744692441,0.07692307692307693,0.6181818181818182
浙江,M10-M11,7,derived_from_value_bins,65,1.0,0.0,1.0,0.4153846153846154,1.3636054033504812,0.1043191726474234,0.14406381701004836,0.7119818234813281,0.75,0.7272727272727272
浙江,M10-M11,7,direct_diverging_delta,65,1.0,0.0,1.0,0.35384615384615387,0.9028760819911915,0.06907224454013093,-0.49241295446205086,0.848242217848098,0.75,0.85
浙江,M11-M12,7,derived_from_value_bins,65,1.0,0.0,1.0,0.8769230769230769,2.7279946904985017,0.20869831433648456,-1.0625522062283013,0.4272130817531096,0.07692307692307693,0.5217391304347826
浙江,M11-M12,7,direct_diverging_delta,65,1.0,0.0,1.0,0.9846153846153847,1.2198775723474542,0.09332363949699429,-0.24054884573575297,0.9402610855985208,0.16666666666666666,0.8095238095238095
浙江,M01-M02,9,derived_from_value_bins,65,1.0,0.0,1.0,0.5538461538461539,1.1745654719506573,0.08985715218864508,-0.16674018842306523,0.6794083112984874,0.0,0.6037735849056604
浙江,M01-M02,9,direct_diverging_delta,65,1.0,0.0,1.0,0.6615384615384615,0.7160615156970217,0.05478046999420239,0.03790326746476886,0.775645436613659,0.4,0.5666666666666667
浙江,M02-M03,9,derived_from_value_bins,65,1.0,0.0,1.0,0.8307692307692308,1.2798047463384261,0.09790821594005901,-0.2112539778134489,0.773562922962335,0.2727272727272727,0.7333333333333334
浙江,M02-M03,9,direct_diverging_delta,65,1.0,0.0,1.0,0.8769230769230769,0.7632544606034727,0.05839084654106844,0.107507239172526,0.9051263887416071,0.5555555555555556,0.7555555555555554
浙江,M03-M04,9,derived_from_value_bins,65,1.0,0.0,1.0,0.6923076923076923,1.301044391204367,0.09953310109693496,0.2960317095763629,0.7212462195102411,0.2727272727272727,0.38095238095238093
浙江,M03-M04,9,direct_diverging_delta,65,1.0,0.0,1.0,0.8615384615384616,0.7438662576686819,0.05690760125301947,-0.09347291374110403,0.8657730286067689,0.2727272727272727,0.9696969696969697
浙江,M04-M05,9,derived_from_value_bins,65,1.0,0.0,1.0,0.4,1.1633907706795485,0.08900226001212548,-0.02286985979242518,0.6862169840315951,0.16666666666666666,0.6511627906976744
浙江,M04-M05,9,direct_diverging_delta,65,1.0,0.0,1.0,0.5384615384615384,0.7100966578672822,0.05432414367558483,-0.154956396270956,0.8444546360757568,0.16666666666666666,0.6538461538461539
浙江,M05-M06,9,derived_from_value_bins,65,1.0,0.0,1.0,1.0,1.426855050470889,0.1091579264699224,0.4836810134133794,0.6596887804448429,0.5555555555555556,0.7317073170731708
浙江,M05-M06,9,direct_diverging_delta,65,1.0,0.0,1.0,1.0,1.6539998803175817,0.12653506553267835,1.5360808574951963,0.29914651320654967,0.0,0.0
浙江,M06-M07,9,derived_from_value_bins,65,1.0,0.0,1.0,0.5230769230769231,1.198547048427375,0.09169180186859292,-0.27114850602488644,0.7587946766677008,0.75,0.627450980392157
浙江,M06-M07,9,direct_diverging_delta,65,1.0,0.0,1.0,0.5384615384615384,0.7947722952348032,0.06080203853568804,-0.03484355082577749,0.8769153949980029,0.4,0.6538461538461539
浙江,M07-M08,9,derived_from_value_bins,65,1.0,0.0,1.0,0.35384615384615387,1.4529831753022542,0.11115679238710008,0.2948389341924848,0.4664542013181444,0.16666666666666666,0.6
浙江,M07-M08,9,direct_diverging_delta,65,1.0,0.0,1.0,0.5692307692307692,0.9405486274692535,0.07195428707687772,-0.21735194941905986,0.8500435494262037,0.2727272727272727,0.6296296296296297
浙江,M08-M09,9,derived_from_value_bins,65,1.0,0.0,1.0,0.8307692307692308,1.311922656067277,0.10036531515794557,-0.3559060295807879,0.5170404103042336,0.16666666666666666,0.4166666666666667
浙江,M08-M09,9,direct_diverging_delta,65,1.0,0.0,1.0,0.9076923076923077,0.8088832947831455,0.06188156476409275,0.05602617226120609,0.9012665912655747,0.07692307692307693,0.7391304347826086
浙江,M09-M10,9,derived_from_value_bins,65,1.0,0.0,1.0,0.49230769230769234,1.2752289454889834,0.09755815590242614,-0.0787161120261526,0.5211584444881467,0.0,0.5714285714285714
浙江,M09-M10,9,direct_diverging_delta,65,1.0,0.0,1.0,0.6461538461538462,0.715364494824983,0.05472714618035536,-0.03386095497710007,0.8574310388996408,0.2727272727272727,0.576271186440678
浙江,M10-M11,9,derived_from_value_bins,65,1.0,0.0,1.0,0.4461538461538462,1.1291441400966642,0.08638230840472473,0.036876766740268116,0.800576633528851,0.75,0.7391304347826086
浙江,M10-M11,9,direct_diverging_delta,65,1.0,0.0,1.0,0.4461538461538462,0.705795824894736,0.05399511935792785,-0.21789603003234076,0.9009028105882864,0.75,0.8275862068965517
浙江,M11-M12,9,derived_from_value_bins,65,1.0,0.0,1.0,0.8923076923076924,2.3088044843559845,0.1766292308763843,-1.4170939878898845,0.5957027716510562,0.07692307692307693,0.4666666666666667
浙江,M11-M12,9,direct_diverging_delta,65,1.0,0.0,1.0,1.0,0.9522081436209885,0.07284626878612417,-0.38099936521141725,0.9650242759365449,0.2727272727272727,0.9189189189189189
浙江,M01-M02,13,derived_from_value_bins,65,1.0,0.0,1.0,0.7538461538461538,0.8363869207744502,0.06398565990860255,-0.10458438412461162,0.6572041830909329,0.4,0.6923076923076924
浙江,M01-M02,13,direct_diverging_delta,65,1.0,0.0,1.0,0.8461538461538461,0.45538408369353933,0.03483800425767671,0.0035272661945018632,0.8572050310176947,0.2727272727272727,0.9375
浙江,M02-M03,13,derived_from_value_bins,65,1.0,0.0,1.0,0.8615384615384616,0.9983565361855343,0.0763767345055421,0.08176624245068244,0.8281976936336021,0.4,0.6666666666666667
浙江,M02-M03,13,direct_diverging_delta,65,1.0,0.0,1.0,0.9384615384615385,0.48271804330161866,0.03692911950589051,-0.06093516705178519,0.9637099900764051,0.75,0.9189189189189189
浙江,M03-M04,13,derived_from_value_bins,65,1.0,0.0,1.0,0.8153846153846154,1.000062950048008,0.07650727936983347,0.007451189619261701,0.7064238895924554,0.4,0.6666666666666667
浙江,M03-M04,13,direct_diverging_delta,65,1.0,0.0,1.0,0.9230769230769231,0.5087005296259851,0.03891684371849709,-0.06253451259786247,0.9381553653369411,0.5555555555555556,0.7407407407407407
浙江,M04-M05,13,derived_from_value_bins,65,1.0,0.0,1.0,0.6,0.9478659819928918,0.07251408272450294,-0.20489757238075043,0.6121403213853347,0.4,0.5217391304347826
浙江,M04-M05,13,direct_diverging_delta,65,1.0,0.0,1.0,0.8923076923076924,0.48586831807419323,0.037170123286808035,0.016923610080383473,0.8780229166061844,0.2727272727272727,0.8666666666666666
浙江,M05-M06,13,derived_from_value_bins,65,1.0,0.0,1.0,1.0,1.1207998501061736,0.08574394966399274,0.27945479928989114,0.643553212641322,0.4,0.6896551724137931
浙江,M05-M06,13,direct_diverging_delta,65,1.0,0.0,1.0,1.0,1.3187210498919724,0.10088540903362324,1.1854456445384662,0.5014184425661412,0.0,0.0
浙江,M06-M07,13,derived_from_value_bins,65,1.0,0.0,1.0,0.5538461538461539,0.9437505380282181,0.0721992411226607,-0.02696498913810884,0.7312558516829653,0.4,0.8275862068965517
浙江,M06-M07,13,direct_diverging_delta,65,1.0,0.0,1.0,0.8923076923076924,0.5478116397905874,0.041908939997720225,-0.003905149682535849,0.8652026310585467,1.0,0.9375
浙江,M07-M08,13,derived_from_value_bins,65,1.0,0.0,1.0,0.5076923076923077,1.0667221548875527,0.08160687275741489,0.19272582713074105,0.4852190380601587,0.2727272727272727,0.6
浙江,M07-M08,13,direct_diverging_delta,65,1.0,0.0,1.0,0.7846153846153846,0.5249073054702845,0.04015670199656304,0.12297046315659181,0.6499281558440135,0.5555555555555556,0.5151515151515151
浙江,M08-M09,13,derived_from_value_bins,65,1.0,0.0,1.0,0.9076923076923077,1.0965878932742754,0.08389167531932329,-0.2804311243612385,0.6183419233493123,0.16666666666666666,0.608695652173913
浙江,M08-M09,13,direct_diverging_delta,65,1.0,0.0,1.0,1.0,0.471210718392989,0.03604878080167023,-0.0711650324387838,0.8964649884543598,0.2727272727272727,0.8666666666666666
浙江,M09-M10,13,derived_from_value_bins,65,1.0,0.0,1.0,0.7692307692307693,0.9819134629103882,0.07511879889188912,-0.185268919394928,0.5708071417042785,0.16666666666666666,0.5217391304347826
浙江,M09-M10,13,direct_diverging_delta,65,1.0,0.0,1.0,0.9230769230769231,0.4739006459648294,0.03625456688764966,-0.04073615523115292,0.8665010551925582,0.2727272727272727,0.9032258064516129
浙江,M10-M11,13,derived_from_value_bins,65,1.0,0.0,1.0,0.6307692307692307,0.8905477266289973,0.0681290949835748,0.28106028362704544,0.812206414646161,0.75,0.8275862068965517
浙江,M10-M11,13,direct_diverging_delta,65,1.0,0.0,1.0,0.9384615384615385,0.5643813542996555,0.043176563977753483,-0.07695442482424215,0.9407722612579771,0.75,1.0
浙江,M11-M12,13,derived_from_value_bins,65,1.0,0.0,1.0,0.9692307692307692,1.9010210066633546,0.14543279024358752,-1.159591370082007,0.5660591397559432,0.07692307692307693,0.3
浙江,M11-M12,13,direct_diverging_delta,65,1.0,0.0,1.0,1.0,0.6726272651127153,0.05145764282265948,-0.2228697593681845,0.9799341707589236,0.4,0.8666666666666666
NCEP-AirTemp-Africa-2000,M01-M02,5,derived_from_value_bins,401,1.0,0.0,1.0,0.20698254364089774,1.4416217143660468,0.24254645643936554,-0.572075865433995,0.38480815759190046,0.18840579710144928,0.5
NCEP-AirTemp-Africa-2000,M01-M02,5,direct_diverging_delta,401,1.0,0.0,1.0,0.7057356608478803,0.5858194807818407,0.09856152814628479,-0.04183868684078939,0.8708911295859189,0.9523809523809523,0.7292418772563177
NCEP-AirTemp-Africa-2000,M02-M03,5,derived_from_value_bins,401,1.0,0.0,1.0,0.4513715710723192,1.3847216261770956,0.23297326908807311,-0.21188608827852623,0.6851162446570218,0.18840579710144928,0.7021276595744681
NCEP-AirTemp-Africa-2000,M02-M03,5,direct_diverging_delta,401,1.0,0.0,1.0,0.830423940149626,0.6959370268253315,0.11708831663628232,-0.17581175045479522,0.9354603380366469,0.36666666666666664,0.8782608695652173
NCEP-AirTemp-Africa-2000,M03-M04,5,derived_from_value_bins,401,1.0,0.0,1.0,0.5586034912718204,1.5341984154755928,0.25812207560437017,-0.0607800115647162,0.7757491029259267,0.3442622950819672,0.6622516556291391
NCEP-AirTemp-Africa-2000,M03-M04,5,direct_diverging_delta,401,1.0,0.0,1.0,0.7456359102244389,1.0245289966649842,0.1723724574790735,-0.5260321148613146,0.9406096948267776,0.17142857142857143,0.0
NCEP-AirTemp-Africa-2000,M04-M05,5,derived_from_value_bins,401,1.0,0.0,1.0,0.3541147132169576,1.576215530119632,0.2651912686979272,-0.0709959212514826,0.516877157029369,0.15492957746478872,0.5596707818930041
NCEP-AirTemp-Africa-2000,M04-M05,5,direct_diverging_delta,401,1.0,0.0,1.0,0.8154613466334164,0.5444339761710226,0.09159860063813255,-0.06341280092919516,0.8713824321920758,0.8636363636363636,0.6164383561643836
NCEP-AirTemp-Africa-2000,M05-M06,5,derived_from_value_bins,401,1.0,0.0,1.0,0.2743142144638404,1.5499762441392548,0.26077662526503587,-0.09484345435620502,0.45094901764247464,0.30158730158730157,0.5497630331753554
NCEP-AirTemp-Africa-2000,M05-M06,5,direct_diverging_delta,401,1.0,0.0,1.0,0.7206982543640897,0.717984214269015,0.12079765809224913,-0.07326889133215492,0.8710835940613592,0.7446808510638298,0.6474358974358975
NCEP-AirTemp-Africa-2000,M06-M07,5,derived_from_value_bins,401,1.0,0.0,1.0,0.2892768079800499,1.5104901079287256,0.25413325806204007,0.09207383161054902,0.4435508134893306,0.18840579710144928,0.5622119815668203
NCEP-AirTemp-Africa-2000,M06-M07,5,direct_diverging_delta,401,1.0,0.0,1.0,0.6608478802992519,0.6078619364788409,0.10227007350686862,0.06028855578263236,0.8839101535924643,0.7446808510638298,0.5147058823529412
NCEP-AirTemp-Africa-2000,M07-M08,5,derived_from_value_bins,401,1.0,0.0,1.0,0.256857855361596,1.455030831001643,0.2448024808121506,-0.13773958158611996,0.3871854130080418,0.05128205128205128,0.4803921568627451
NCEP-AirTemp-Africa-2000,M07-M08,5,direct_diverging_delta,401,1.0,0.0,1.0,0.600997506234414,0.5600541982864798,0.09422663369642066,0.020505891357574472,0.8732003849791001,0.36666666666666664,0.7426470588235294
NCEP-AirTemp-Africa-2000,M08-M09,5,derived_from_value_bins,401,1.0,0.0,1.0,0.23940149625935161,1.1508676916869203,0.19362838230552465,0.18312781635008493,0.5520723799362766,0.22388059701492538,0.7106598984771573
NCEP-AirTemp-Africa-2000,M08-M09,5,direct_diverging_delta,401,1.0,0.0,1.0,0.7930174563591023,0.5899731567078397,0.09926036568945511,-0.14234633314936496,0.8660742827911744,0.5471698113207547,0.7829457364341085
NCEP-AirTemp-Africa-2000,M09-M10,5,derived_from_value_bins,401,1.0,0.0,1.0,0.49875311720698257,1.2687356498413846,0.21345914324178075,0.16105049358757928,0.7951236503216137,0.41379310344827586,0.421875
NCEP-AirTemp-Africa-2000,M09-M10,5,direct_diverging_delta,401,1.0,0.0,1.0,0.8728179551122195,0.8985832742324791,0.15118264854703106,0.3389693343431281,0.9273695586259046,0.17142857142857143,0.0
NCEP-AirTemp-Africa-2000,M10-M11,5,derived_from_value_bins,401,1.0,0.0,1.0,0.4613466334164589,1.2690309976401764,0.21350883419836128,0.147203664156565,0.7041366578174464,0.07894736842105263,0.6993006993006993
NCEP-AirTemp-Africa-2000,M10-M11,5,direct_diverging_delta,401,1.0,0.0,1.0,0.8528678304239401,0.6396990026916353,0.10762651862446625,-0.006467530019859784,0.9179774951131288,0.15492957746478872,0.9181818181818181
NCEP-AirTemp-Africa-2000,M11-M12,5,derived_from_value_bins,401,1.0,0.0,1.0,0.5087281795511222,1.2691761299380626,0.21353325206347556,-0.1336555154852729,0.710832658636042,0.15492957746478872,0.6360655737704917
NCEP-AirTemp-Africa-2000,M11-M12,5,direct_diverging_delta,401,1.0,0.0,1.0,0.7905236907730673,0.5813182450292117,0.09780421520453401,-0.03525979572400772,0.9145266043059255,0.28125,0.9853658536585366
NCEP-AirTemp-Africa-2000,M01-M02,7,derived_from_value_bins,401,1.0,0.0,1.0,0.29925187032418954,1.160980853232617,0.19532987685979214,-0.2995765913462867,0.4852411123160182,0.22388059701492538,0.5610859728506787
NCEP-AirTemp-Africa-2000,M01-M02,7,direct_diverging_delta,401,1.0,0.0,1.0,0.5660847880299252,0.42208100690253914,0.07101325648357713,0.05471721203419758,0.9166536523723983,0.6078431372549019,0.8715083798882681
NCEP-AirTemp-Africa-2000,M02-M03,7,derived_from_value_bins,401,1.0,0.0,1.0,0.5561097256857855,1.1596613347509128,0.19510787373043145,-0.11503393664494263,0.756274103105984,0.26153846153846155,0.6666666666666667
NCEP-AirTemp-Africa-2000,M02-M03,7,direct_diverging_delta,401,1.0,0.0,1.0,0.6708229426433915,0.5165275598192367,0.0869034699179188,-0.11991096689559248,0.9525027264808444,0.43859649122807015,0.9950738916256158
NCEP-AirTemp-Africa-2000,M03-M04,7,derived_from_value_bins,401,1.0,0.0,1.0,0.6384039900249376,1.0780635459948826,0.18137940785145693,-0.08212031616194691,0.8274271656286294,0.30158730158730157,0.9134615384615384
NCEP-AirTemp-Africa-2000,M03-M04,7,direct_diverging_delta,401,1.0,0.0,1.0,0.7605985037406484,0.8120193777026593,0.13661865707155263,-0.4540386814896137,0.9499672437803957,0.26153846153846155,0.0
NCEP-AirTemp-Africa-2000,M04-M05,7,derived_from_value_bins,401,1.0,0.0,1.0,0.49875311720698257,1.1217080201141172,0.18872239695552648,0.009440611461153943,0.6184596179787112,0.28125,0.5980066445182725
NCEP-AirTemp-Africa-2000,M04-M05,7,direct_diverging_delta,401,1.0,0.0,1.0,0.7206982543640897,0.42281315799790575,0.07113643765655042,0.01450950342605738,0.9044353054529274,0.6078431372549019,0.9351851851851852
NCEP-AirTemp-Africa-2000,M05-M06,7,derived_from_value_bins,401,1.0,0.0,1.0,0.4139650872817955,1.2238849854477791,0.20591321797635562,-0.088277206787827,0.5385165002739173,0.3225806451612903,0.5917602996254682
NCEP-AirTemp-Africa-2000,M05-M06,7,direct_diverging_delta,401,1.0,0.0,1.0,0.6957605985037406,0.5102856550770464,0.08585329714265917,-0.17236573491437931,0.8580226634639805,0.5185185185185185,0.8457142857142858
NCEP-AirTemp-Africa-2000,M06-M07,7,derived_from_value_bins,401,1.0,0.0,1.0,0.371571072319202,1.145127567465211,0.1926626318762523,-0.0737239194910086,0.5413665368401869,0.15492957746478872,0.648
NCEP-AirTemp-Africa-2000,M06-M07,7,direct_diverging_delta,401,1.0,0.0,1.0,0.6708229426433915,0.42826770555518656,0.07205414107924077,-0.0066229881745962435,0.8823375374409509,0.30158730158730157,0.9587628865979382
NCEP-AirTemp-Africa-2000,M07-M08,7,derived_from_value_bins,401,1.0,0.0,1.0,0.32418952618453867,1.0451503146735213,0.17584190272968103,0.0674556549257089,0.5424309796789164,0.1388888888888889,0.6233766233766234
NCEP-AirTemp-Africa-2000,M07-M08,7,direct_diverging_delta,401,1.0,0.0,1.0,0.5586034912718204,0.4242441784159161,0.07137720049191977,0.0552321356898063,0.8880760041654048,0.5769230769230769,0.7374999999999999
NCEP-AirTemp-Africa-2000,M08-M09,7,derived_from_value_bins,401,1.0,0.0,1.0,0.3341645885286783,1.0076621012658802,0.16953467717275708,0.07970941714812367,0.6346530901640062,0.5471698113207547,0.6893617021276597
NCEP-AirTemp-Africa-2000,M08-M09,7,direct_diverging_delta,401,1.0,0.0,1.0,0.5311720698254364,0.43798525069249994,0.07368907492829244,-0.1143959413697637,0.9129905212976364,0.8636363636363636,0.8839779005524863
NCEP-AirTemp-Africa-2000,M09-M10,7,derived_from_value_bins,401,1.0,0.0,1.0,0.5685785536159601,1.0149515579788975,0.17076109591873717,0.08061396087494323,0.8356811390552139,0.36666666666666664,0.8717948717948718
NCEP-AirTemp-Africa-2000,M09-M10,7,direct_diverging_delta,401,1.0,0.0,1.0,0.6783042394014963,0.6998974586407996,0.11775464171535059,0.31186592413260505,0.9566840877534196,0.20588235294117646,0.9223744292237444
NCEP-AirTemp-Africa-2000,M10-M11,7,derived_from_value_bins,401,1.0,0.0,1.0,0.5685785536159601,1.08634235759201,0.1827722811665591,-0.08097343884458831,0.7528745648729873,0.41379310344827586,0.6875
NCEP-AirTemp-Africa-2000,M10-M11,7,direct_diverging_delta,401,1.0,0.0,1.0,0.6932668329177057,0.4757449513956199,0.08004197701799232,0.05112721667750099,0.9549478129213891,0.4642857142857143,0.8117647058823529
NCEP-AirTemp-Africa-2000,M11-M12,7,derived_from_value_bins,401,1.0,0.0,1.0,0.5985037406483791,0.9923717362472156,0.16696214110730775,0.08631377805540656,0.7162961050133302,0.30158730158730157,0.4580152671755725
NCEP-AirTemp-Africa-2000,M11-M12,7,direct_diverging_delta,401,1.0,0.0,1.0,0.713216957605985,0.41580120150542654,0.0699567070913059,-0.021708090618746487,0.951522616034492,0.9523809523809523,0.5673758865248227
NCEP-AirTemp-Africa-2000,M01-M02,9,derived_from_value_bins,401,1.0,0.0,1.0,0.371571072319202,0.9866418096225787,0.16599810637849235,-0.3014005490041696,0.5665085642590282,0.20588235294117646,0.624
NCEP-AirTemp-Africa-2000,M01-M02,9,direct_diverging_delta,401,1.0,0.0,1.0,0.7581047381546134,0.3232086757174752,0.05437842549437943,0.04577685102725492,0.9319919770924923,0.8636363636363636,0.9665071770334929
NCEP-AirTemp-Africa-2000,M02-M03,9,derived_from_value_bins,401,1.0,0.0,1.0,0.5885286783042394,0.9348291002835353,0.15728084794413663,-0.23359118440733234,0.8110087828207656,0.30158730158730157,0.85
NCEP-AirTemp-Africa-2000,M02-M03,9,direct_diverging_delta,401,1.0,0.0,1.0,0.8877805486284289,0.41482675858368406,0.0697927613936823,-0.10861787930787395,0.9607635883306845,0.4642857142857143,0.8961748633879781
NCEP-AirTemp-Africa-2000,M03-M04,9,derived_from_value_bins,401,1.0,0.0,1.0,0.6882793017456359,0.8944584924027208,0.15048867230733956,0.08477180953434006,0.8748461126532147,0.3898305084745763,0.8323699421965318
NCEP-AirTemp-Africa-2000,M03-M04,9,direct_diverging_delta,401,1.0,0.0,1.0,0.8628428927680798,0.6994360236455675,0.1176770073249586,-0.4239237812556989,0.9650593336859662,0.20588235294117646,0.0
NCEP-AirTemp-Africa-2000,M04-M05,9,derived_from_value_bins,401,1.0,0.0,1.0,0.5910224438902744,0.8415891196953024,0.1415936349500565,-0.11823642459065027,0.6768522434322958,0.6078431372549019,0.5673758865248227
NCEP-AirTemp-Africa-2000,M04-M05,9,direct_diverging_delta,401,1.0,0.0,1.0,0.8753117206982544,0.33270494783971755,0.05597613114051468,-0.008076671749377592,0.9431477570124635,0.5769230769230769,0.7051282051282052
NCEP-AirTemp-Africa-2000,M05-M06,9,derived_from_value_bins,401,1.0,0.0,1.0,0.4688279301745636,0.9635612204676685,0.16211489967019294,0.011128485566792261,0.6068810001771063,0.5185185185185185,0.6228373702422146
NCEP-AirTemp-Africa-2000,M05-M06,9,direct_diverging_delta,401,1.0,0.0,1.0,0.8902743142144638,0.37657700367137714,0.06335740985783646,-0.06602249346336928,0.8734345448746982,1.0,0.957345971563981
NCEP-AirTemp-Africa-2000,M06-M07,9,derived_from_value_bins,401,1.0,0.0,1.0,0.47880299251870323,0.9549516416725672,0.16066637624176663,-0.07007600417524293,0.6113746864791927,0.43859649122807015,0.6143344709897611
NCEP-AirTemp-Africa-2000,M06-M07,9,direct_diverging_delta,401,1.0,0.0,1.0,0.8179551122194514,0.3061422602758412,0.051507076826250706,-0.007564078806905533,0.9395782011285949,0.8222222222222222,0.8632478632478633
NCEP-AirTemp-Africa-2000,M07-M08,9,derived_from_value_bins,401,1.0,0.0,1.0,0.4014962593516209,0.9488690367984322,0.15964300496243555,0.034624417083816424,0.516753570878574,0.28125,0.6030534351145038
NCEP-AirTemp-Africa-2000,M07-M08,9,direct_diverging_delta,401,1.0,0.0,1.0,0.7581047381546134,0.3296585590365721,0.05546358974232659,0.011941966603555197,0.9226351411215784,0.4909090909090909,0.9746192893401014
NCEP-AirTemp-Africa-2000,M08-M09,9,derived_from_value_bins,401,1.0,0.0,1.0,0.4164588528678304,0.864383249100505,0.14542864607659425,0.07332556534553375,0.6785906593908481,0.673469387755102,0.6492537313432836
NCEP-AirTemp-Africa-2000,M08-M09,9,direct_diverging_delta,401,1.0,0.0,1.0,0.8977556109725686,0.3404131176135451,0.05727299650099314,-0.09557412872356683,0.9249121393083591,0.9523809523809523,0.9950248756218906
NCEP-AirTemp-Africa-2000,M09-M10,9,derived_from_value_bins,401,1.0,0.0,1.0,0.6408977556109726,0.9002354248662047,0.15146061555995885,-0.0023761125587295037,0.8574368156379828,0.5471698113207547,0.8828828828828829
NCEP-AirTemp-Africa-2000,M09-M10,9,direct_diverging_delta,401,1.0,0.0,1.0,0.9052369077306733,0.5955816706517092,0.10020397327348386,0.2902208395894795,0.9611334005477193,0.24242424242424243,0.9805825242718447
NCEP-AirTemp-Africa-2000,M10-M11,9,derived_from_value_bins,401,1.0,0.0,1.0,0.6109725685785536,0.8944823966867939,0.1504926940970628,0.02208016882579609,0.8233948288811131,0.3442622950819672,0.7857142857142857
NCEP-AirTemp-Africa-2000,M10-M11,9,direct_diverging_delta,401,1.0,0.0,1.0,0.9002493765586035,0.369751232355445,0.06220900412237427,0.03371703997976955,0.9636183324806106,0.7446808510638298,0.8669527896995708
NCEP-AirTemp-Africa-2000,M11-M12,9,derived_from_value_bins,401,1.0,0.0,1.0,0.6309226932668329,0.8646528073895107,0.14547399806259076,0.07445805327916763,0.7748323486167504,0.24242424242424243,0.7457627118644069
NCEP-AirTemp-Africa-2000,M11-M12,9,direct_diverging_delta,401,1.0,0.0,1.0,0.8503740648379052,0.3302438804138133,0.05556206746676243,0.03522789263599782,0.9584886471458882,0.3898305084745763,0.8898678414096917
NCEP-AirTemp-Africa-2000,M01-M02,13,derived_from_value_bins,401,1.0,0.0,1.0,0.4937655860349127,0.7923666487832272,0.13331217263720305,-0.26800809342139,0.6522193676642922,0.30158730158730157,0.6666666666666666
NCEP-AirTemp-Africa-2000,M01-M02,13,direct_diverging_delta,401,1.0,0.0,1.0,0.8079800498753117,0.22760793414061944,0.0382940249395233,0.013345420006116417,0.9609465044004697,0.782608695652174,0.9479166666666667
NCEP-AirTemp-Africa-2000,M02-M03,13,derived_from_value_bins,401,1.0,0.0,1.0,0.6309226932668329,0.6433310892978465,0.10823760107906483,-0.11819078643743244,0.8853409599079742,0.3898305084745763,0.8602150537634408
NCEP-AirTemp-Africa-2000,M02-M03,13,direct_diverging_delta,401,1.0,0.0,1.0,0.9351620947630923,0.29897048865310416,0.050300458074498476,-0.08733475270025198,0.9667749220493488,0.7083333333333334,0.957345971563981
NCEP-AirTemp-Africa-2000,M03-M04,13,derived_from_value_bins,401,1.0,0.0,1.0,0.7780548628428927,0.623258322425431,0.10486044712298778,-0.01835195035365566,0.9170358454735253,0.5471698113207547,0.9017857142857143
NCEP-AirTemp-Africa-2000,M03-M04,13,direct_diverging_delta,401,1.0,0.0,1.0,0.9152119700748129,0.5598554095310873,0.09419318837042426,-0.3937726852282342,0.9757479943566407,0.30158730158730157,0.9711538461538461
NCEP-AirTemp-Africa-2000,M04-M05,13,derived_from_value_bins,401,1.0,0.0,1.0,0.7107231920199502,0.6284883204938901,0.10574037109059208,-0.0038181576673026363,0.7867073241479166,0.36666666666666664,0.7902439024390243
NCEP-AirTemp-Africa-2000,M04-M05,13,direct_diverging_delta,401,1.0,0.0,1.0,0.9052369077306733,0.2324489814499256,0.039108509667816864,-0.0027558900974722373,0.9692724910718926,0.7446808510638298,0.8347107438016529
NCEP-AirTemp-Africa-2000,M05-M06,13,derived_from_value_bins,401,1.0,0.0,1.0,0.5960099750623441,0.6993508355685668,0.11766267480901389,-0.05860281873842394,0.701694674505884,0.5769230769230769,0.7664670658682634
NCEP-AirTemp-Africa-2000,M05-M06,13,direct_diverging_delta,401,1.0,0.0,1.0,0.9351620947630923,0.2671695038198898,0.044950083488908915,-0.04043206742325227,0.9126207373242935,0.9523809523809523,0.9197860962566845
NCEP-AirTemp-Africa-2000,M06-M07,13,derived_from_value_bins,401,1.0,0.0,1.0,0.5785536159600998,0.7011237898518706,0.11796096649993326,-0.02637117260366372,0.7081617692869189,0.4642857142857143,0.7657142857142858
NCEP-AirTemp-Africa-2000,M06-M07,13,direct_diverging_delta,401,1.0,0.0,1.0,0.8678304239401496,0.23088794611658828,0.038845872399867476,0.009665118923074175,0.9625736184383892,0.673469387755102,0.9439252336448598
NCEP-AirTemp-Africa-2000,M07-M08,13,derived_from_value_bins,401,1.0,0.0,1.0,0.513715710723192,0.680815194867381,0.11454413551045532,0.0036872891174176948,0.6505983264585463,0.43859649122807015,0.6164383561643836
NCEP-AirTemp-Africa-2000,M07-M08,13,direct_diverging_delta,401,1.0,0.0,1.0,0.8329177057356608,0.22300401329422512,0.037519435686397824,-0.0073141955652457815,0.9459175277439079,0.5471698113207547,0.8715083798882681
NCEP-AirTemp-Africa-2000,M08-M09,13,derived_from_value_bins,401,1.0,0.0,1.0,0.5087281795511222,0.668510565133006,0.11247393615778845,0.08854859656709503,0.7201551570072425,0.64,0.8187134502923976
NCEP-AirTemp-Africa-2000,M08-M09,13,direct_diverging_delta,401,1.0,0.0,1.0,0.9251870324189526,0.2507645588517532,0.04219002429275975,-0.029697784461879515,0.9240744350527751,0.7446808510638298,0.9312169312169313
NCEP-AirTemp-Africa-2000,M09-M10,13,derived_from_value_bins,401,1.0,0.0,1.0,0.7206982543640897,0.6093859062729012,0.102526474662308,-0.034295371571680604,0.9079504634790438,0.5471698113207547,0.9209302325581395
NCEP-AirTemp-Africa-2000,M09-M10,13,direct_diverging_delta,401,1.0,0.0,1.0,0.9351620947630923,0.47594484339834253,0.08007560796045649,0.2783124235114052,0.9721934982574848,0.26153846153846155,0.9533678756476685
NCEP-AirTemp-Africa-2000,M10-M11,13,derived_from_value_bins,401,1.0,0.0,1.0,0.7206982543640897,0.5986456195356381,0.10071946907734326,0.05350836231547106,0.895769724028767,0.4909090909090909,0.7619047619047619
NCEP-AirTemp-Africa-2000,M10-M11,13,direct_diverging_delta,401,1.0,0.0,1.0,0.9226932668329177,0.2759951096268917,0.046434952503496656,0.040051303851085615,0.973349090016134,0.8222222222222222,0.8961748633879781
NCEP-AirTemp-Africa-2000,M11-M12,13,derived_from_value_bins,401,1.0,0.0,1.0,0.7231920199501247,0.6093077398951808,0.10251332351610935,0.017494452579132028,0.8566121693951049,0.41379310344827586,0.4461538461538461
NCEP-AirTemp-Africa-2000,M11-M12,13,direct_diverging_delta,401,1.0,0.0,1.0,0.8877805486284289,0.22294906990875252,0.03751019170559595,-0.0037911728113093767,0.9793754642081564,0.64,0.8669527896995708
