dataset,cell_id,month,value,previous_value,delta,relative_delta,value_bin,value_reconstructed,delta_bin,delta_reconstructed,theta,rho
江西,CEG2000_f4_r0015_c0102,1,38.3259476152487,,,,5,39.44318243697327,4,,-1.8471830775802065,0.9719272296261516
江西,CEG2000_f4_r0015_c0102,2,35.194628833689805,38.3259476152487,-3.131318781558896,-0.08170231857001865,4,35.954355862795836,3,-3.1481704483295667,-1.8471830775802065,0.9719272296261516
江西,CEG2000_f4_r0015_c0102,3,32.32178136327427,35.194628833689805,-2.872847470415536,-0.0816274404822114,3,32.46552928861841,3,-3.1481704483295667,-1.8471830775802065,0.9719272296261516
江西,CEG2000_f4_r0015_c0102,4,29.173367585026703,32.32178136327427,-3.1484137782475656,-0.09740842383845097,2,28.976702714440982,3,-3.1481704483295667,-1.8471830775802065,0.9719272296261516
江西,CEG2000_f4_r0015_c0102,5,28.03115160471628,29.173367585026703,-1.142215980310425,-0.03915269558721325,2,28.976702714440982,4,8.881784197001252e-16,-1.8471830775802065,0.9719272296261516
江西,CEG2000_f4_r0015_c0102,6,19.575263569655274,28.03115160471628,-8.455888035061005,-0.3016603867833347,0,21.99904956608613,1,-9.444511344988701,-1.8471830775802065,0.9719272296261516
江西,CEG2000_f4_r0015_c0102,7,22.957501533394325,19.575263569655274,3.382237963739051,0.17278122216357025,0,21.99904956608613,5,3.1481704483295676,-1.8471830775802065,0.9719272296261516
江西,CEG2000_f4_r0015_c0102,8,21.3962484328869,22.957501533394325,-1.5612531005074253,-0.06800622873688598,0,21.99904956608613,4,8.881784197001252e-16,-1.8471830775802065,0.9719272296261516
江西,CEG2000_f4_r0015_c0102,9,28.455856188298277,21.3962484328869,7.059607755411378,0.3299460546812718,2,28.976702714440982,6,6.296340896659135,-1.8471830775802065,0.9719272296261516
江西,CEG2000_f4_r0015_c0102,10,26.057807415217617,28.455856188298277,-2.39804877308066,-0.08427259251003646,1,25.487876140263555,3,-3.1481704483295667,-1.8471830775802065,0.9719272296261516
江西,CEG2000_f4_r0015_c0102,11,24.693632214739065,26.057807415217617,-1.3641752004785523,-0.052351879754928325,1,25.487876140263555,4,8.881784197001252e-16,-1.8471830775802065,0.9719272296261516
江西,CEG2000_f4_r0015_c0102,12,26.703160957519327,24.693632214739065,2.0095287427802617,0.081378418748005,1,25.487876140263555,5,3.1481704483295676,-1.8471830775802065,0.9719272296261516
江西,CEG2000_f4_r0016_c0102,1,38.6253693533529,,,,5,39.44318243697327,4,,-1.858891072770726,0.878811792372052
江西,CEG2000_f4_r0016_c0102,2,35.84536954084297,38.6253693533529,-2.779999812509935,-0.07197341692911514,4,35.954355862795836,3,-3.1481704483295667,-1.858891072770726,0.878811792372052
江西,CEG2000_f4_r0016_c0102,3,33.42295287853826,35.84536954084297,-2.4224166623047054,-0.06757962585779882,3,32.46552928861841,3,-3.1481704483295667,-1.858891072770726,0.878811792372052
江西,CEG2000_f4_r0016_c0102,4,30.121635294771856,33.42295287853826,-3.301317583766405,-0.0987739651778723,2,28.976702714440982,3,-3.1481704483295667,-1.858891072770726,0.878811792372052
江西,CEG2000_f4_r0016_c0102,5,29.77500652629898,30.121635294771856,-0.3466287684728755,-0.011507634465418252,2,28.976702714440982,4,8.881784197001252e-16,-1.858891072770726,0.878811792372052
江西,CEG2000_f4_r0016_c0102,6,20.799943245492372,29.77500652629898,-8.975063280806609,-0.30142943118683524,0,21.99904956608613,1,-9.444511344988701,-1.858891072770726,0.878811792372052
江西,CEG2000_f4_r0016_c0102,7,24.0403833203135,20.799943245492372,3.2404400748211266,0.15579081330057828,1,25.487876140263555,5,3.1481704483295676,-1.858891072770726,0.878811792372052
江西,CEG2000_f4_r0016_c0102,8,21.997018649664454,24.0403833203135,-2.0433646706490443,-0.08499717510421118,0,21.99904956608613,3,-3.1481704483295667,-1.858891072770726,0.878811792372052
江西,CEG2000_f4_r0016_c0102,9,30.20939390866703,21.997018649664454,8.212375259002574,0.37334037806654524,2,28.976702714440982,7,9.444511344988703,-1.858891072770726,0.878811792372052
江西,CEG2000_f4_r0016_c0102,10,26.701405187934764,30.20939390866703,-3.507988720732264,-0.11612244626085755,1,25.487876140263555,3,-3.1481704483295667,-1.858891072770726,0.878811792372052
江西,CEG2000_f4_r0016_c0102,11,25.403768640634706,26.701405187934764,-1.2976365473000584,-0.04859806209324165,1,25.487876140263555,4,8.881784197001252e-16,-1.858891072770726,0.878811792372052
江西,CEG2000_f4_r0016_c0102,12,28.908433978182156,25.403768640634706,3.5046653375474506,0.13795848116572548,2,28.976702714440982,5,3.1481704483295676,-1.858891072770726,0.878811792372052
江西,CEG2000_f4_r0016_c0103,1,38.4947119887218,,,,5,39.44318243697327,4,,-1.7276658269778926,0.91179821835047
江西,CEG2000_f4_r0016_c0103,2,34.50220887082845,38.4947119887218,-3.9925031178933494,-0.10371562512438268,4,35.954355862795836,3,-3.1481704483295667,-1.7276658269778926,0.91179821835047
江西,CEG2000_f4_r0016_c0103,3,35.21271548967462,34.50220887082845,0.7105066188461748,0.020593076272484887,4,35.954355862795836,4,8.881784197001252e-16,-1.7276658269778926,0.91179821835047
江西,CEG2000_f4_r0016_c0103,4,30.19545067899707,35.21271548967462,-5.017264810677553,-0.14248446167546375,2,28.976702714440982,2,-6.296340896659133,-1.7276658269778926,0.91179821835047
江西,CEG2000_f4_r0016_c0103,5,30.00800694465311,30.19545067899707,-0.1874437343439581,-0.006207681294001603,2,28.976702714440982,4,8.881784197001252e-16,-1.7276658269778926,0.91179821835047
江西,CEG2000_f4_r0016_c0103,6,20.843984609369535,30.00800694465311,-9.164022335283576,-0.30538590424168244,0,21.99904956608613,1,-9.444511344988701,-1.7276658269778926,0.91179821835047
江西,CEG2000_f4_r0016_c0103,7,23.74348502445654,20.843984609369535,2.8995004150870045,0.13910490097865724,1,25.487876140263555,5,3.1481704483295676,-1.7276658269778926,0.91179821835047
江西,CEG2000_f4_r0016_c0103,8,20.964658312641223,23.74348502445654,-2.7788267118153165,-0.11703533449083137,0,21.99904956608613,3,-3.1481704483295667,-1.7276658269778926,0.91179821835047
江西,CEG2000_f4_r0016_c0103,9,30.52457567254637,20.964658312641223,9.559917359905146,0.4560015821550847,2,28.976702714440982,7,9.444511344988703,-1.7276658269778926,0.91179821835047
江西,CEG2000_f4_r0016_c0103,10,27.466423812161512,30.52457567254637,-3.058151860384857,-0.10018654782268904,2,28.976702714440982,3,-3.1481704483295667,-1.7276658269778926,0.91179821835047
江西,CEG2000_f4_r0016_c0103,11,25.55010986609061,27.466423812161512,-1.9163139460709004,-0.06976932851456256,1,25.487876140263555,3,-3.1481704483295667,-1.7276658269778926,0.91179821835047
江西,CEG2000_f4_r0016_c0103,12,28.647885545682655,25.55010986609061,3.0977756795920435,0.12124314516953699,2,28.976702714440982,5,3.1481704483295676,-1.7276658269778926,0.91179821835047
江西,CEG2000_f4_r0016_c0104,1,36.628420636209235,,,,4,35.954355862795836,4,,-1.583080067462089,0.9463188015202804
江西,CEG2000_f4_r0016_c0104,2,33.73085031851899,36.628420636209235,-2.8975703176902456,-0.07910715961435247,3,32.46552928861841,3,-3.1481704483295667,-1.583080067462089,0.9463188015202804
江西,CEG2000_f4_r0016_c0104,3,33.88763660083026,33.73085031851899,0.15678628231127334,0.004648156830638633,3,32.46552928861841,4,8.881784197001252e-16,-1.583080067462089,0.9463188015202804
江西,CEG2000_f4_r0016_c0104,4,29.219470689863098,33.88763660083026,-4.668165910967165,-0.13775424842854908,2,28.976702714440982,3,-3.1481704483295667,-1.583080067462089,0.9463188015202804
江西,CEG2000_f4_r0016_c0104,5,28.73414507083533,29.219470689863098,-0.48532561902776905,-0.016609664979185937,2,28.976702714440982,4,8.881784197001252e-16,-1.583080067462089,0.9463188015202804
江西,CEG2000_f4_r0016_c0104,6,19.73632492577998,28.73414507083533,-8.99782014505535,-0.3131403465415084,0,21.99904956608613,1,-9.444511344988701,-1.583080067462089,0.9463188015202804
江西,CEG2000_f4_r0016_c0104,7,22.344889653590652,19.73632492577998,2.6085647278106734,0.13217074291289735,0,21.99904956608613,5,3.1481704483295676,-1.583080067462089,0.9463188015202804
江西,CEG2000_f4_r0016_c0104,8,19.33834870907377,22.344889653590652,-3.006540944516882,-0.13455161296953436,0,21.99904956608613,3,-3.1481704483295667,-1.583080067462089,0.9463188015202804
江西,CEG2000_f4_r0016_c0104,9,28.45358139153798,19.33834870907377,9.11523268246421,0.47135527544744504,2,28.976702714440982,7,9.444511344988703,-1.583080067462089,0.9463188015202804
江西,CEG2000_f4_r0016_c0104,10,26.989596712644023,28.45358139153798,-1.463984678893958,-0.05145168401645717,1,25.487876140263555,4,8.881784197001252e-16,-1.583080067462089,0.9463188015202804
江西,CEG2000_f4_r0016_c0104,11,24.6716472088443,26.989596712644023,-2.317949503799724,-0.08588307296617799,1,25.487876140263555,3,-3.1481704483295667,-1.583080067462089,0.9463188015202804
江西,CEG2000_f4_r0016_c0104,12,26.34175460603389,24.6716472088443,1.670107397189593,0.06769338840865446,1,25.487876140263555,5,3.1481704483295676,-1.583080067462089,0.9463188015202804
江西,CEG2000_f4_r0016_c0105,1,37.30178518809221,,,,4,35.954355862795836,4,,-1.462063278257492,0.8831787447048881
江西,CEG2000_f4_r0016_c0105,2,33.61316260157098,37.30178518809221,-3.688622586521234,-0.0988859532572384,3,32.46552928861841,3,-3.1481704483295667,-1.462063278257492,0.8831787447048881
江西,CEG2000_f4_r0016_c0105,3,34.16433039068239,33.61316260157098,0.5511677891114104,0.01639737967071419,3,32.46552928861841,4,8.881784197001252e-16,-1.462063278257492,0.8831787447048881
江西,CEG2000_f4_r0016_c0105,4,29.558507789514877,34.16433039068239,-4.60582260116751,-0.13481378234252334,2,28.976702714440982,3,-3.1481704483295667,-1.462063278257492,0.8831787447048881
江西,CEG2000_f4_r0016_c0105,5,28.38289214676245,29.558507789514877,-1.175615642752426,-0.039772496335875436,2,28.976702714440982,4,8.881784197001252e-16,-1.462063278257492,0.8831787447048881
江西,CEG2000_f4_r0016_c0105,6,19.84763030037216,28.38289214676245,-8.535261846390291,-0.3007185385568215,0,21.99904956608613,1,-9.444511344988701,-1.462063278257492,0.8831787447048881
江西,CEG2000_f4_r0016_c0105,7,22.64502218424577,19.84763030037216,2.797391883873612,0.1409433691346598,0,21.99904956608613,5,3.1481704483295676,-1.462063278257492,0.8831787447048881
江西,CEG2000_f4_r0016_c0105,8,18.80388481160858,22.64502218424577,-3.841137372637192,-0.16962391740598454,0,21.99904956608613,3,-3.1481704483295667,-1.462063278257492,0.8831787447048881
江西,CEG2000_f4_r0016_c0105,9,28.29734578296512,18.80388481160858,9.49346097135654,0.5048670030937306,2,28.976702714440982,7,9.444511344988703,-1.462063278257492,0.8831787447048881
江西,CEG2000_f4_r0016_c0105,10,27.29071221181156,28.29734578296512,-1.0066335711535608,-0.035573427234986466,2,28.976702714440982,4,8.881784197001252e-16,-1.462063278257492,0.8831787447048881
江西,CEG2000_f4_r0016_c0105,11,25.244241839892727,27.29071221181156,-2.046470371918833,-0.07498779643548878,1,25.487876140263555,3,-3.1481704483295667,-1.462063278257492,0.8831787447048881
江西,CEG2000_f4_r0016_c0105,12,27.08615727131645,25.244241839892727,1.8419154314237218,0.07296378489422477,1,25.487876140263555,5,3.1481704483295676,-1.462063278257492,0.8831787447048881
江西,CEG2000_f4_r0017_c0101,1,38.0256590326845,,,,5,39.44318243697327,4,,-2.0862462238882182,0.9503172214396804
江西,CEG2000_f4_r0017_c0101,2,38.19032054262919,38.0256590326845,0.1646615099446862,0.004330273666083035,5,39.44318243697327,4,8.881784197001252e-16,-2.0862462238882182,0.9503172214396804
江西,CEG2000_f4_r0017_c0101,3,35.08066901589434,38.19032054262919,-3.109651526734851,-0.08142512245383654,4,35.954355862795836,3,-3.1481704483295667,-2.0862462238882182,0.9503172214396804
江西,CEG2000_f4_r0017_c0101,4,29.564278004024832,35.08066901589434,-5.516391011869505,-0.15724874030680944,2,28.976702714440982,2,-6.296340896659133,-2.0862462238882182,0.9503172214396804
江西,CEG2000_f4_r0017_c0101,5,30.29773441300309,29.564278004024832,0.7334564089782596,0.024808872683392033,2,28.976702714440982,4,8.881784197001252e-16,-2.0862462238882182,0.9503172214396804
江西,CEG2000_f4_r0017_c0101,6,20.175171113714164,30.29773441300309,-10.122563299288927,-0.33410297817333023,0,21.99904956608613,1,-9.444511344988701,-2.0862462238882182,0.9503172214396804
江西,CEG2000_f4_r0017_c0101,7,24.046979910063527,20.175171113714164,3.871808796349363,0.19190958899562857,1,25.487876140263555,5,3.1481704483295676,-2.0862462238882182,0.9503172214396804
江西,CEG2000_f4_r0017_c0101,8,21.05283993891907,24.046979910063527,-2.994139971144456,-0.12451210016154358,0,21.99904956608613,3,-3.1481704483295667,-2.0862462238882182,0.9503172214396804
江西,CEG2000_f4_r0017_c0101,9,29.700689712137574,21.05283993891907,8.647849773218503,0.4107687988085523,2,28.976702714440982,7,9.444511344988703,-2.0862462238882182,0.9503172214396804
江西,CEG2000_f4_r0017_c0101,10,26.07045680601628,29.700689712137574,-3.630232906121293,-0.12222722574141943,1,25.487876140263555,3,-3.1481704483295667,-2.0862462238882182,0.9503172214396804
江西,CEG2000_f4_r0017_c0101,11,25.815733095208444,26.07045680601628,-0.25472371080783773,-0.009770588705183528,1,25.487876140263555,4,8.881784197001252e-16,-2.0862462238882182,0.9503172214396804
江西,CEG2000_f4_r0017_c0101,12,30.03518666243331,25.815733095208444,4.219453567224868,0.16344504150486525,2,28.976702714440982,5,3.1481704483295676,-2.0862462238882182,0.9503172214396804
江西,CEG2000_f4_r0017_c0102,1,40.048712563939944,,,,5,39.44318243697327,4,,-1.9134785898533029,0.7108043355889571
江西,CEG2000_f4_r0017_c0102,2,36.496686478141406,40.048712563939944,-3.5520260857985377,-0.08869264099632504,4,35.954355862795836,3,-3.1481704483295667,-1.9134785898533029,0.7108043355889571
江西,CEG2000_f4_r0017_c0102,3,37.26305951025576,36.496686478141406,0.7663730321143518,0.020998427694890822,4,35.954355862795836,4,8.881784197001252e-16,-1.9134785898533029,0.7108043355889571
江西,CEG2000_f4_r0017_c0102,4,31.881341536652386,37.26305951025576,-5.381717973603372,-0.1444250162046459,3,32.46552928861841,2,-6.296340896659133,-1.9134785898533029,0.7108043355889571
江西,CEG2000_f4_r0017_c0102,5,32.32750022912923,31.881341536652386,0.4461586924768426,0.013994351271696527,3,32.46552928861841,4,8.881784197001252e-16,-1.9134785898533029,0.7108043355889571
江西,CEG2000_f4_r0017_c0102,6,21.978502790071904,32.32750022912923,-10.348997439057324,-0.3201298388587494,0,21.99904956608613,1,-9.444511344988701,-1.9134785898533029,0.7108043355889571
江西,CEG2000_f4_r0017_c0102,7,26.506801171395793,21.978502790071904,4.528298381323889,0.20603306897544474,1,25.487876140263555,5,3.1481704483295676,-1.9134785898533029,0.7108043355889571
江西,CEG2000_f4_r0017_c0102,8,22.311967683466367,26.506801171395793,-4.194833487929426,-0.15825498749566902,0,21.99904956608613,3,-3.1481704483295667,-1.9134785898533029,0.7108043355889571
江西,CEG2000_f4_r0017_c0102,9,32.58854378835168,22.311967683466367,10.276576104885311,0.4605858277797914,3,32.46552928861841,7,9.444511344988703,-1.9134785898533029,0.7108043355889571
江西,CEG2000_f4_r0017_c0102,10,28.35581530816952,32.58854378835168,-4.232728480182157,-0.12988394043231496,2,28.976702714440982,3,-3.1481704483295667,-1.9134785898533029,0.7108043355889571
江西,CEG2000_f4_r0017_c0102,11,27.704296373686873,28.35581530816952,-0.6515189344826489,-0.022976554452833576,2,28.976702714440982,4,8.881784197001252e-16,-1.9134785898533029,0.7108043355889571
江西,CEG2000_f4_r0017_c0102,12,33.01930425581445,27.704296373686873,5.315007882127574,0.19184778456151982,3,32.46552928861841,6,6.296340896659135,-1.9134785898533029,0.7108043355889571
江西,CEG2000_f4_r0017_c0103,1,40.73644700675318,,,,5,39.44318243697327,4,,-1.7578583233874472,0.7543027815168973
江西,CEG2000_f4_r0017_c0103,2,36.18332212984928,40.73644700675318,-4.553124876903901,-0.11177029936236452,4,35.954355862795836,3,-3.1481704483295667,-1.7578583233874472,0.7543027815168973
江西,CEG2000_f4_r0017_c0103,3,36.799748469178176,36.18332212984928,0.6164263393288962,0.017036200742340846,4,35.954355862795836,4,8.881784197001252e-16,-1.7578583233874472,0.7543027815168973
江西,CEG2000_f4_r0017_c0103,4,32.36600193419529,36.799748469178176,-4.4337465349828875,-0.1204830663094449,3,32.46552928861841,3,-3.1481704483295667,-1.7578583233874472,0.7543027815168973
江西,CEG2000_f4_r0017_c0103,5,33.19425375945632,32.36600193419529,0.8282518252610345,0.025590180305401604,3,32.46552928861841,4,8.881784197001252e-16,-1.7578583233874472,0.7543027815168973
江西,CEG2000_f4_r0017_c0103,6,22.147930595728457,33.19425375945632,-11.046323163727866,-0.3327781743122033,0,21.99904956608613,0,-12.592681793318267,-1.7578583233874472,0.7543027815168973
江西,CEG2000_f4_r0017_c0103,7,26.252499846224055,22.147930595728457,4.104569250495597,0.1853251811836191,1,25.487876140263555,5,3.1481704483295676,-1.7578583233874472,0.7543027815168973
江西,CEG2000_f4_r0017_c0103,8,22.022202975129495,26.252499846224055,-4.230296871094559,-0.16113882090748818,0,21.99904956608613,3,-3.1481704483295667,-1.7578583233874472,0.7543027815168973
江西,CEG2000_f4_r0017_c0103,9,32.93250113009662,22.022202975129495,10.910298154967123,0.49542264991783674,3,32.46552928861841,7,9.444511344988703,-1.7578583233874472,0.7543027815168973
江西,CEG2000_f4_r0017_c0103,10,28.72375489737286,32.93250113009662,-4.208746232723758,-0.12779916763981936,2,28.976702714440982,3,-3.1481704483295667,-1.7578583233874472,0.7543027815168973
江西,CEG2000_f4_r0017_c0103,11,27.971045063300856,28.72375489737286,-0.7527098340720038,-0.02620513358233844,2,28.976702714440982,4,8.881784197001252e-16,-1.7578583233874472,0.7543027815168973
江西,CEG2000_f4_r0017_c0103,12,33.03182664080552,27.971045063300856,5.060781577504663,0.18092929906807856,3,32.46552928861841,6,6.296340896659135,-1.7578583233874472,0.7543027815168973
江西,CEG2000_f4_r0017_c0104,1,36.90638710826069,,,,4,35.954355862795836,4,,-1.5853660055462782,0.7972606326978556
江西,CEG2000_f4_r0017_c0104,2,34.6150402218626,36.90638710826069,-2.291346886398088,-0.06208537507821296,4,35.954355862795836,3,-3.1481704483295667,-1.5853660055462782,0.7972606326978556
江西,CEG2000_f4_r0017_c0104,3,34.03344597844475,34.6150402218626,-0.5815942434178467,-0.016801778639867537,3,32.46552928861841,4,8.881784197001252e-16,-1.5853660055462782,0.7972606326978556
江西,CEG2000_f4_r0017_c0104,4,29.90105711773703,34.03344597844475,-4.132388860707724,-0.12142140597002704,2,28.976702714440982,3,-3.1481704483295667,-1.5853660055462782,0.7972606326978556
江西,CEG2000_f4_r0017_c0104,5,29.5119051727568,29.90105711773703,-0.3891519449802274,-0.013014655082190593,2,28.976702714440982,4,8.881784197001252e-16,-1.5853660055462782,0.7972606326978556
江西,CEG2000_f4_r0017_c0104,6,20.2014935815605,29.5119051727568,-9.310411591196303,-0.31547985589866234,0,21.99904956608613,1,-9.444511344988701,-1.5853660055462782,0.7972606326978556
江西,CEG2000_f4_r0017_c0104,7,23.41449924756301,20.2014935815605,3.2130056660025126,0.15904792648278626,0,21.99904956608613,5,3.1481704483295676,-1.5853660055462782,0.7972606326978556
江西,CEG2000_f4_r0017_c0104,8,19.610793093024988,23.41449924756301,-3.8037061545380233,-0.16245088627867685,0,21.99904956608613,3,-3.1481704483295667,-1.5853660055462782,0.7972606326978556
江西,CEG2000_f4_r0017_c0104,9,29.45701395553933,19.610793093024988,9.846220862514343,0.5020817269249742,2,28.976702714440982,7,9.444511344988703,-1.5853660055462782,0.7972606326978556
江西,CEG2000_f4_r0017_c0104,10,26.49789203183172,29.45701395553933,-2.9591219237076096,-0.10045559703281305,1,25.487876140263555,3,-3.1481704483295667,-1.5853660055462782,0.7972606326978556
江西,CEG2000_f4_r0017_c0104,11,25.02165464420027,26.49789203183172,-1.4762373876314498,-0.05571150285683317,1,25.487876140263555,4,8.881784197001252e-16,-1.5853660055462782,0.7972606326978556
江西,CEG2000_f4_r0017_c0104,12,28.39713473901359,25.02165464420027,3.3754800948133195,0.1349023532940383,2,28.976702714440982,5,3.1481704483295676,-1.5853660055462782,0.7972606326978556
江西,CEG2000_f4_r0017_c0105,1,36.74703024147316,,,,4,35.954355862795836,4,,-1.4201078531654996,0.8173618490390021
江西,CEG2000_f4_r0017_c0105,2,33.73373001159619,36.74703024147316,-3.0133002298769753,-0.08200119057447333,3,32.46552928861841,3,-3.1481704483295667,-1.4201078531654996,0.8173618490390021
江西,CEG2000_f4_r0017_c0105,3,34.454892246446605,33.73373001159619,0.7211622348504179,0.021378075730211683,4,35.954355862795836,4,8.881784197001252e-16,-1.4201078531654996,0.8173618490390021
江西,CEG2000_f4_r0017_c0105,4,29.4951082046684,34.454892246446605,-4.959784041778203,-0.14395006683817782,2,28.976702714440982,2,-6.296340896659133,-1.4201078531654996,0.8173618490390021
江西,CEG2000_f4_r0017_c0105,5,28.61139821808265,29.4951082046684,-0.8837099865857532,-0.02996123901135179,2,28.976702714440982,4,8.881784197001252e-16,-1.4201078531654996,0.8173618490390021
江西,CEG2000_f4_r0017_c0105,6,19.923809766717586,28.61139821808265,-8.687588451365063,-0.3036408212260816,0,21.99904956608613,1,-9.444511344988701,-1.4201078531654996,0.8173618490390021
江西,CEG2000_f4_r0017_c0105,7,23.05525781462032,19.923809766717586,3.131448047902733,0.15717114771562257,0,21.99904956608613,5,3.1481704483295676,-1.4201078531654996,0.8173618490390021
江西,CEG2000_f4_r0017_c0105,8,19.124065100722508,23.05525781462032,-3.9311927138978113,-0.17051176549432792,0,21.99904956608613,3,-3.1481704483295667,-1.4201078531654996,0.8173618490390021
江西,CEG2000_f4_r0017_c0105,9,28.970018928261123,19.124065100722508,9.845953827538615,0.5148462827166718,2,28.976702714440982,7,9.444511344988703,-1.4201078531654996,0.8173618490390021
江西,CEG2000_f4_r0017_c0105,10,26.39820511954402,28.970018928261123,-2.5718138087171027,-0.0887750130604237,1,25.487876140263555,3,-3.1481704483295667,-1.4201078531654996,0.8173618490390021
江西,CEG2000_f4_r0017_c0105,11,25.097854727455378,26.39820511954402,-1.3003503920886423,-0.04925904568890264,1,25.487876140263555,4,8.881784197001252e-16,-1.4201078531654996,0.8173618490390021
江西,CEG2000_f4_r0017_c0105,12,27.17765437930112,25.097854727455378,2.079799651845743,0.08286762651353548,1,25.487876140263555,5,3.1481704483295676,-1.4201078531654996,0.8173618490390021
江西,CEG2000_f4_r0018_c0101,1,37.64832249842791,,,,4,35.954355862795836,4,,-2.161485511243371,0.82945453851309
江西,CEG2000_f4_r0018_c0101,2,36.053222303373175,37.64832249842791,-1.5951001950547337,-0.04236842677708524,4,35.954355862795836,3,-3.1481704483295667,-2.161485511243371,0.82945453851309
江西,CEG2000_f4_r0018_c0101,3,34.82740104166448,36.053222303373175,-1.2258212617086954,-0.03400032461436897,4,35.954355862795836,4,8.881784197001252e-16,-2.161485511243371,0.82945453851309
江西,CEG2000_f4_r0018_c0101,4,29.32889482636202,34.82740104166448,-5.498506215302459,-0.1578787406135911,2,28.976702714440982,2,-6.296340896659133,-2.161485511243371,0.82945453851309
江西,CEG2000_f4_r0018_c0101,5,29.835266313660433,29.32889482636202,0.5063714872984129,0.017265276796017054,2,28.976702714440982,4,8.881784197001252e-16,-2.161485511243371,0.82945453851309
江西,CEG2000_f4_r0018_c0101,6,19.820307332124592,29.835266313660433,-10.014958981535841,-0.3356751998205014,0,21.99904956608613,1,-9.444511344988701,-2.161485511243371,0.82945453851309
江西,CEG2000_f4_r0018_c0101,7,23.857305347723138,19.820307332124592,4.036998015598545,0.2036798899205469,1,25.487876140263555,5,3.1481704483295676,-2.161485511243371,0.82945453851309
江西,CEG2000_f4_r0018_c0101,8,20.029087024790943,23.857305347723138,-3.8282183229321944,-0.16046314816931104,0,21.99904956608613,3,-3.1481704483295667,-2.161485511243371,0.82945453851309
江西,CEG2000_f4_r0018_c0101,9,29.58440251243577,20.029087024790943,9.555315487644826,0.47707194420882804,2,28.976702714440982,7,9.444511344988703,-2.161485511243371,0.82945453851309
江西,CEG2000_f4_r0018_c0101,10,25.37117409662401,29.58440251243577,-4.213228415811759,-0.14241384168704213,1,25.487876140263555,3,-3.1481704483295667,-2.161485511243371,0.82945453851309
江西,CEG2000_f4_r0018_c0101,11,25.56624847346624,25.37117409662401,0.1950743768422285,0.00768881944916321,1,25.487876140263555,4,8.881784197001252e-16,-2.161485511243371,0.82945453851309
江西,CEG2000_f4_r0018_c0101,12,30.073918592255556,25.56624847346624,4.507670118789317,0.1763133188456481,2,28.976702714440982,5,3.1481704483295676,-2.161485511243371,0.82945453851309
江西,CEG2000_f4_r0018_c0102,1,40.198742906042064,,,,5,39.44318243697327,4,,-1.99621124947823,0.8283408374875958
江西,CEG2000_f4_r0018_c0102,2,36.388742510128175,40.198742906042064,-3.810000395913889,-0.09477909308803852,4,35.954355862795836,3,-3.1481704483295667,-1.99621124947823,0.8283408374875958
江西,CEG2000_f4_r0018_c0102,3,38.45420787970037,36.388742510128175,2.0654653695721947,0.05676110871369925,5,39.44318243697327,5,3.1481704483295676,-1.99621124947823,0.8283408374875958
江西,CEG2000_f4_r0018_c0102,4,32.97620433321222,38.45420787970037,-5.4780035464881465,-0.14245524348402805,3,32.46552928861841,2,-6.296340896659133,-1.99621124947823,0.8283408374875958
江西,CEG2000_f4_r0018_c0102,5,33.12526283374974,32.97620433321222,0.1490585005375138,0.0045201836764272,3,32.46552928861841,4,8.881784197001252e-16,-1.99621124947823,0.8283408374875958
江西,CEG2000_f4_r0018_c0102,6,22.701016106014027,33.12526283374974,-10.42424672773571,-0.3146917438830084,0,21.99904956608613,1,-9.444511344988701,-1.99621124947823,0.8283408374875958
江西,CEG2000_f4_r0018_c0102,7,26.861619450310485,22.701016106014027,4.160603344296458,0.1832782869659397,1,25.487876140263555,5,3.1481704483295676,-1.99621124947823,0.8283408374875958
江西,CEG2000_f4_r0018_c0102,8,22.538465470322897,26.861619450310485,-4.3231539799875875,-0.16094167322951997,0,21.99904956608613,3,-3.1481704483295667,-1.99621124947823,0.8283408374875958
江西,CEG2000_f4_r0018_c0102,9,32.989910202609195,22.538465470322897,10.451444732286298,0.4637158969872213,3,32.46552928861841,7,9.444511344988703,-1.99621124947823,0.8283408374875958
江西,CEG2000_f4_r0018_c0102,10,27.995886452243344,32.989910202609195,-4.9940237503658516,-0.15138033779706592,2,28.976702714440982,2,-6.296340896659133,-1.99621124947823,0.8283408374875958
江西,CEG2000_f4_r0018_c0102,11,28.01531674221803,27.995886452243344,0.019430289974685877,0.0006940408908941301,2,28.976702714440982,4,8.881784197001252e-16,-1.99621124947823,0.8283408374875958
江西,CEG2000_f4_r0018_c0102,12,34.50119260261635,28.01531674221803,6.48587586039832,0.23151178050485322,4,35.954355862795836,6,6.296340896659135,-1.99621124947823,0.8283408374875958
江西,CEG2000_f4_r0018_c0103,1,41.20633492916504,,,,6,42.9320090111507,4,,-1.8021866915265947,0.5968075415523747
江西,CEG2000_f4_r0018_c0103,2,35.90906697541929,41.20633492916504,-5.297267953745745,-0.1285546982727756,4,35.954355862795836,2,-6.296340896659133,-1.8021866915265947,0.5968075415523747
江西,CEG2000_f4_r0018_c0103,3,37.96270128990036,35.90906697541929,2.053634314481066,0.057189854470093386,5,39.44318243697327,5,3.1481704483295676,-1.8021866915265947,0.5968075415523747
江西,CEG2000_f4_r0018_c0103,4,32.62338518899979,37.96270128990036,-5.339316100900568,-0.14064636918556284,3,32.46552928861841,2,-6.296340896659133,-1.8021866915265947,0.5968075415523747
江西,CEG2000_f4_r0018_c0103,5,33.500508164253844,32.62338518899979,0.8771229752540535,0.026886326178983067,3,32.46552928861841,4,8.881784197001252e-16,-1.8021866915265947,0.5968075415523747
江西,CEG2000_f4_r0018_c0103,6,22.484270848796807,33.500508164253844,-11.016237315457037,-0.32883791676962465,0,21.99904956608613,1,-9.444511344988701,-1.8021866915265947,0.5968075415523747
江西,CEG2000_f4_r0018_c0103,7,26.887035241936314,22.484270848796807,4.402764393139506,0.1958153067425404,1,25.487876140263555,5,3.1481704483295676,-1.8021866915265947,0.5968075415523747
江西,CEG2000_f4_r0018_c0103,8,22.275476973019,26.887035241936314,-4.611558268917314,-0.17151605699257472,0,21.99904956608613,3,-3.1481704483295667,-1.8021866915265947,0.5968075415523747
江西,CEG2000_f4_r0018_c0103,9,33.26976078799814,22.275476973019,10.994283814979138,0.49355997307244553,3,32.46552928861841,7,9.444511344988703,-1.8021866915265947,0.5968075415523747
江西,CEG2000_f4_r0018_c0103,10,28.166538899600557,33.26976078799814,-5.103221888397581,-0.15338919690214717,2,28.976702714440982,2,-6.296340896659133,-1.8021866915265947,0.5968075415523747
江西,CEG2000_f4_r0018_c0103,11,27.830269506302603,28.166538899600557,-0.3362693932979539,-0.011938612496785067,2,28.976702714440982,4,8.881784197001252e-16,-1.8021866915265947,0.5968075415523747
江西,CEG2000_f4_r0018_c0103,12,34.240155353224246,27.830269506302603,6.409885846921643,0.23032065303823318,4,35.954355862795836,6,6.296340896659135,-1.8021866915265947,0.5968075415523747
江西,CEG2000_f4_r0018_c0104,1,38.46461514619212,,,,5,39.44318243697327,4,,-1.5889320394543944,0.6397653927333328
江西,CEG2000_f4_r0018_c0104,2,35.55199833276459,38.46461514619212,-2.912616813427533,-0.07572197986012796,4,35.954355862795836,3,-3.1481704483295667,-1.5889320394543944,0.6397653927333328
江西,CEG2000_f4_r0018_c0104,3,35.94675780914269,35.55199833276459,0.3947594763780984,0.011103721165915152,4,35.954355862795836,4,8.881784197001252e-16,-1.5889320394543944,0.6397653927333328
江西,CEG2000_f4_r0018_c0104,4,30.82849907919601,35.94675780914269,-5.118258729946678,-0.14238443303070025,3,32.46552928861841,2,-6.296340896659133,-1.5889320394543944,0.6397653927333328
江西,CEG2000_f4_r0018_c0104,5,30.903166982230378,30.82849907919601,0.0746679030343671,0.0024220414637297484,3,32.46552928861841,4,8.881784197001252e-16,-1.5889320394543944,0.6397653927333328
江西,CEG2000_f4_r0018_c0104,6,21.007286124214307,30.903166982230378,-9.89588085801607,-0.3202222239457302,0,21.99904956608613,1,-9.444511344988701,-1.5889320394543944,0.6397653927333328
江西,CEG2000_f4_r0018_c0104,7,24.452260183097792,21.007286124214307,3.444974058883485,0.16398948624366064,1,25.487876140263555,5,3.1481704483295676,-1.5889320394543944,0.6397653927333328
江西,CEG2000_f4_r0018_c0104,8,20.748391071141835,24.452260183097792,-3.7038691119559566,-0.1514734868769388,0,21.99904956608613,3,-3.1481704483295667,-1.5889320394543944,0.6397653927333328
江西,CEG2000_f4_r0018_c0104,9,31.34235965124235,20.748391071141835,10.593968580100515,0.5105922933386036,3,32.46552928861841,7,9.444511344988703,-1.5889320394543944,0.6397653927333328
江西,CEG2000_f4_r0018_c0104,10,26.873794157463102,31.34235965124235,-4.4685654937792485,-0.1425727208641141,1,25.487876140263555,3,-3.1481704483295667,-1.5889320394543944,0.6397653927333328
江西,CEG2000_f4_r0018_c0104,11,26.26553647206786,26.873794157463102,-0.608257685395241,-0.022633859656408892,1,25.487876140263555,4,8.881784197001252e-16,-1.5889320394543944,0.6397653927333328
江西,CEG2000_f4_r0018_c0104,12,31.31190582019084,26.26553647206786,5.04636934812298,0.19212892732990822,3,32.46552928861841,6,6.296340896659135,-1.5889320394543944,0.6397653927333328
江西,CEG2000_f4_r0018_c0105,1,37.6323390923532,,,,4,35.954355862795836,4,,-1.374041814168896,0.7804860414392346
江西,CEG2000_f4_r0018_c0105,2,35.67696755415167,37.6323390923532,-1.9553715382015255,-0.05195987242256893,4,35.954355862795836,3,-3.1481704483295667,-1.374041814168896,0.7804860414392346
江西,CEG2000_f4_r0018_c0105,3,35.81916032274936,35.67696755415167,0.14219276859768826,0.003985562068353018,4,35.954355862795836,4,8.881784197001252e-16,-1.374041814168896,0.7804860414392346
江西,CEG2000_f4_r0018_c0105,4,30.625840278141663,35.81916032274936,-5.193320044607699,-0.14498720790250721,2,28.976702714440982,2,-6.296340896659133,-1.374041814168896,0.7804860414392346
江西,CEG2000_f4_r0018_c0105,5,30.502059701933543,30.625840278141663,-0.12378057620811944,-0.004041703838456454,2,28.976702714440982,4,8.881784197001252e-16,-1.374041814168896,0.7804860414392346
江西,CEG2000_f4_r0018_c0105,6,21.0503461590165,30.502059701933543,-9.451713542917044,-0.3098713213231923,0,21.99904956608613,1,-9.444511344988701,-1.374041814168896,0.7804860414392346
江西,CEG2000_f4_r0018_c0105,7,24.105052271070015,21.0503461590165,3.054706112053516,0.1451142935597329,1,25.487876140263555,5,3.1481704483295676,-1.374041814168896,0.7804860414392346
江西,CEG2000_f4_r0018_c0105,8,20.468039708183095,24.105052271070015,-3.6370125628869197,-0.15088175383265717,0,21.99904956608613,3,-3.1481704483295667,-1.374041814168896,0.7804860414392346
江西,CEG2000_f4_r0018_c0105,9,30.956100456580465,20.468039708183095,10.48806074839737,0.5124115888931101,3,32.46552928861841,7,9.444511344988703,-1.374041814168896,0.7804860414392346
江西,CEG2000_f4_r0018_c0105,10,27.24920842307231,30.956100456580465,-3.7068920335081543,-0.11974673743895818,2,28.976702714440982,3,-3.1481704483295667,-1.374041814168896,0.7804860414392346
江西,CEG2000_f4_r0018_c0105,11,26.69506692808207,27.24920842307231,-0.5541414949902403,-0.020336058442014797,1,25.487876140263555,4,8.881784197001252e-16,-1.374041814168896,0.7804860414392346
江西,CEG2000_f4_r0018_c0105,12,30.54347388021297,26.69506692808207,3.848406952130901,0.1441617270523694,2,28.976702714440982,5,3.1481704483295676,-1.374041814168896,0.7804860414392346
江西,CEG2000_f4_r0018_c0106,1,36.67758932928164,,,,4,35.954355862795836,4,,-1.2245910932836526,0.9444989399231356
江西,CEG2000_f4_r0018_c0106,2,36.040715906771545,36.67758932928164,-0.6368734225100923,-0.01736410255298984,4,35.954355862795836,4,8.881784197001252e-16,-1.2245910932836526,0.9444989399231356
江西,CEG2000_f4_r0018_c0106,3,34.184954459741135,36.040715906771545,-1.8557614470304102,-0.051490693243464086,3,32.46552928861841,3,-3.1481704483295667,-1.2245910932836526,0.9444989399231356
江西,CEG2000_f4_r0018_c0106,4,29.02043534490541,34.184954459741135,-5.1645191148357235,-0.15107579332650167,2,28.976702714440982,2,-6.296340896659133,-1.2245910932836526,0.9444989399231356
江西,CEG2000_f4_r0018_c0106,5,28.460601620097943,29.02043534490541,-0.5598337248074685,-0.01929101745559266,2,28.976702714440982,4,8.881784197001252e-16,-1.2245910932836526,0.9444989399231356
江西,CEG2000_f4_r0018_c0106,6,20.11893519074812,28.460601620097943,-8.341666429349821,-0.29309522478467953,0,21.99904956608613,1,-9.444511344988701,-1.2245910932836526,0.9444989399231356
江西,CEG2000_f4_r0018_c0106,7,23.02916344773694,20.11893519074812,2.9102282569888196,0.1446512069051803,0,21.99904956608613,5,3.1481704483295676,-1.2245910932836526,0.9444989399231356
江西,CEG2000_f4_r0018_c0106,8,19.00018757970162,23.02916344773694,-4.028975868035321,-0.17495103012225333,0,21.99904956608613,3,-3.1481704483295667,-1.2245910932836526,0.9444989399231356
江西,CEG2000_f4_r0018_c0106,9,29.385371742365333,19.00018757970162,10.385184162663712,0.5465832439337844,2,28.976702714440982,7,9.444511344988703,-1.2245910932836526,0.9444989399231356
江西,CEG2000_f4_r0018_c0106,10,25.69891406309571,29.385371742365333,-3.6864576792696226,-0.1254521369200445,1,25.487876140263555,3,-3.1481704483295667,-1.2245910932836526,0.9444989399231356
江西,CEG2000_f4_r0018_c0106,11,24.856005136595556,25.69891406309571,-0.8429089265001544,-0.03279939862169479,1,25.487876140263555,4,8.881784197001252e-16,-1.2245910932836526,0.9444989399231356
江西,CEG2000_f4_r0018_c0106,12,27.262007575908488,24.856005136595556,2.406002439312932,0.09679763204468318,2,28.976702714440982,5,3.1481704483295676,-1.2245910932836526,0.9444989399231356
江西,CEG2000_f4_r0019_c0101,1,38.58839714799747,,,,5,39.44318243697327,4,,-2.288257816279782,0.8286646041351744
江西,CEG2000_f4_r0019_c0101,2,37.090479063185086,38.58839714799747,-1.4979180848123832,-0.038817836332186634,4,35.954355862795836,4,8.881784197001252e-16,-2.288257816279782,0.8286646041351744
江西,CEG2000_f4_r0019_c0101,3,35.88450802585085,37.090479063185086,-1.205971037334237,-0.03251430199323708,4,35.954355862795836,4,8.881784197001252e-16,-2.288257816279782,0.8286646041351744
江西,CEG2000_f4_r0019_c0101,4,29.96121219805229,35.88450802585085,-5.923295827798558,-0.1650655437029114,2,28.976702714440982,2,-6.296340896659133,-2.288257816279782,0.8286646041351744
江西,CEG2000_f4_r0019_c0101,5,29.63971525324953,29.96121219805229,-0.32149694480276025,-0.010730438497533822,2,28.976702714440982,4,8.881784197001252e-16,-2.288257816279782,0.8286646041351744
江西,CEG2000_f4_r0019_c0101,6,20.22053333951457,29.63971525324953,-9.41918191373496,-0.3177892173813071,0,21.99904956608613,1,-9.444511344988701,-2.288257816279782,0.8286646041351744
江西,CEG2000_f4_r0019_c0101,7,24.208149885744277,20.22053333951457,3.987616546229706,0.19720629912551238,1,25.487876140263555,5,3.1481704483295676,-2.288257816279782,0.8286646041351744
江西,CEG2000_f4_r0019_c0101,8,21.00598191223638,24.208149885744277,-3.2021679735078976,-0.13227644362007168,0,21.99904956608613,3,-3.1481704483295667,-2.288257816279782,0.8286646041351744
江西,CEG2000_f4_r0019_c0101,9,29.83317089984897,21.00598191223638,8.82718898761259,0.42022263108160574,2,28.976702714440982,7,9.444511344988703,-2.288257816279782,0.8286646041351744
江西,CEG2000_f4_r0019_c0101,10,24.1014239451911,29.83317089984897,-5.7317469546578685,-0.19212664231702187,1,25.487876140263555,2,-6.296340896659133,-2.288257816279782,0.8286646041351744
江西,CEG2000_f4_r0019_c0101,11,25.16824563058677,24.1014239451911,1.06682168539567,0.044263844651740186,1,25.487876140263555,4,8.881784197001252e-16,-2.288257816279782,0.8286646041351744
江西,CEG2000_f4_r0019_c0101,12,31.7310469601605,25.16824563058677,6.56280132957373,0.2607572027824621,3,32.46552928861841,6,6.296340896659135,-2.288257816279782,0.8286646041351744
江西,CEG2000_f4_r0019_c0102,1,40.079899658288966,,,,5,39.44318243697327,4,,-2.111183231376349,0.6006869922353295
江西,CEG2000_f4_r0019_c0102,2,35.45696555948047,40.079899658288966,-4.622934098808493,-0.11534295590114879,4,35.954355862795836,3,-3.1481704483295667,-2.111183231376349,0.6006869922353295
江西,CEG2000_f4_r0019_c0102,3,38.90981077708712,35.45696555948047,3.4528452176066438,0.09738129484922668,5,39.44318243697327,5,3.1481704483295676,-2.111183231376349,0.6006869922353295
江西,CEG2000_f4_r0019_c0102,4,33.19706843707143,38.90981077708712,-5.712742340015687,-0.14682010079010097,3,32.46552928861841,2,-6.296340896659133,-2.111183231376349,0.6006869922353295
江西,CEG2000_f4_r0019_c0102,5,32.61286175974178,33.19706843707143,-0.5842066773296466,-0.01759814058392151,3,32.46552928861841,4,8.881784197001252e-16,-2.111183231376349,0.6006869922353295
江西,CEG2000_f4_r0019_c0102,6,22.09188096717992,32.61286175974178,-10.520980792561861,-0.3226021951115388,0,21.99904956608613,1,-9.444511344988701,-2.111183231376349,0.6006869922353295
江西,CEG2000_f4_r0019_c0102,7,25.930707056584165,22.09188096717992,3.838826089404243,0.17376637576072718,1,25.487876140263555,5,3.1481704483295676,-2.111183231376349,0.6006869922353295
江西,CEG2000_f4_r0019_c0102,8,22.461280500740756,25.930707056584165,-3.469426555843409,-0.13379606457597437,0,21.99904956608613,3,-3.1481704483295667,-2.111183231376349,0.6006869922353295
江西,CEG2000_f4_r0019_c0102,9,32.44470859644303,22.461280500740756,9.983428095702273,0.4444727937649426,3,32.46552928861841,7,9.444511344988703,-2.111183231376349,0.6006869922353295
江西,CEG2000_f4_r0019_c0102,10,26.59843823840272,32.44470859644303,-5.846270358040307,-0.18019179739778104,1,25.487876140263555,2,-6.296340896659133,-2.111183231376349,0.6006869922353295
江西,CEG2000_f4_r0019_c0102,11,27.193744387720265,26.59843823840272,0.595306149317544,0.022381244491943265,1,25.487876140263555,4,8.881784197001252e-16,-2.111183231376349,0.6006869922353295
江西,CEG2000_f4_r0019_c0102,12,33.7408887419574,27.193744387720265,6.547144354237133,0.24075920773873247,3,32.46552928861841,6,6.296340896659135,-2.111183231376349,0.6006869922353295
江西,CEG2000_f4_r0019_c0103,1,40.80946200461603,,,,5,39.44318243697327,4,,-1.8732132809871704,0.4393123015878523
江西,CEG2000_f4_r0019_c0103,2,35.14285963099021,40.80946200461603,-5.666602373625821,-0.13885511092954037,4,35.954355862795836,2,-6.296340896659133,-1.8732132809871704,0.4393123015878523
江西,CEG2000_f4_r0019_c0103,3,39.42873970184863,35.14285963099021,4.285880070858418,0.12195592834110115,5,39.44318243697327,5,3.1481704483295676,-1.8732132809871704,0.4393123015878523
江西,CEG2000_f4_r0019_c0103,4,34.5187647353699,39.42873970184863,-4.909974966478728,-0.12452781913920831,4,35.954355862795836,2,-6.296340896659133,-1.8732132809871704,0.4393123015878523
江西,CEG2000_f4_r0019_c0103,5,34.628361015361804,34.5187647353699,0.10959627999190502,0.003174976880896506,4,35.954355862795836,4,8.881784197001252e-16,-1.8732132809871704,0.4393123015878523
江西,CEG2000_f4_r0019_c0103,6,23.50444507676497,34.628361015361804,-11.123915938596834,-0.32123714817637633,0,21.99904956608613,0,-12.592681793318267,-1.8732132809871704,0.4393123015878523
江西,CEG2000_f4_r0019_c0103,7,27.582289264869388,23.50444507676497,4.077844188104418,0.17349246811768046,2,28.976702714440982,5,3.1481704483295676,-1.8732132809871704,0.4393123015878523
江西,CEG2000_f4_r0019_c0103,8,23.33650025567951,27.582289264869388,-4.245789009189878,-0.15393171206414663,0,21.99904956608613,3,-3.1481704483295667,-1.8732132809871704,0.4393123015878523
江西,CEG2000_f4_r0019_c0103,9,34.06049032598625,23.33650025567951,10.72399007030674,0.4595372036428982,3,32.46552928861841,7,9.444511344988703,-1.8732132809871704,0.4393123015878523
江西,CEG2000_f4_r0019_c0103,10,27.716668487804537,34.06049032598625,-6.343821838181714,-0.18625162989335278,2,28.976702714440982,2,-6.296340896659133,-1.8732132809871704,0.4393123015878523
江西,CEG2000_f4_r0019_c0103,11,28.234890857878572,27.716668487804537,0.5182223700740352,0.01869713780002295,2,28.976702714440982,4,8.881784197001252e-16,-1.8732132809871704,0.4393123015878523
江西,CEG2000_f4_r0019_c0103,12,35.82072196123224,28.234890857878572,7.585831103353666,0.2686686887347022,4,35.954355862795836,6,6.296340896659135,-1.8732132809871704,0.4393123015878523
江西,CEG2000_f4_r0019_c0104,1,41.10625953356956,,,,5,39.44318243697327,4,,-1.594808971964932,0.4822701527688106
江西,CEG2000_f4_r0019_c0104,2,35.3728912581923,41.10625953356956,-5.733368275377266,-0.13947676924228758,4,35.954355862795836,2,-6.296340896659133,-1.594808971964932,0.4822701527688106
江西,CEG2000_f4_r0019_c0104,3,39.20949653457292,35.3728912581923,3.8366052763806238,0.10846173835145785,5,39.44318243697327,5,3.1481704483295676,-1.594808971964932,0.4822701527688106
江西,CEG2000_f4_r0019_c0104,4,33.44228145912844,39.20949653457292,-5.767215075444483,-0.14708720042756093,3,32.46552928861841,2,-6.296340896659133,-1.594808971964932,0.4822701527688106
江西,CEG2000_f4_r0019_c0104,5,33.25985177405534,33.44228145912844,-0.18242968507309598,-0.0054550609920574,3,32.46552928861841,4,8.881784197001252e-16,-1.594808971964932,0.4822701527688106
江西,CEG2000_f4_r0019_c0104,6,22.58503371750482,33.25985177405534,-10.67481805655052,-0.3209520634387647,0,21.99904956608613,1,-9.444511344988701,-1.594808971964932,0.4822701527688106
江西,CEG2000_f4_r0019_c0104,7,25.835131079668212,22.58503371750482,3.250097362163391,0.14390491521136678,1,25.487876140263555,5,3.1481704483295676,-1.594808971964932,0.4822701527688106
江西,CEG2000_f4_r0019_c0104,8,22.171852719400786,25.835131079668212,-3.6632783602674266,-0.14179445612143077,0,21.99904956608613,3,-3.1481704483295667,-1.594808971964932,0.4822701527688106
江西,CEG2000_f4_r0019_c0104,9,33.11865850085784,22.171852719400786,10.946805781457055,0.49372535168783593,3,32.46552928861841,7,9.444511344988703,-1.594808971964932,0.4822701527688106
江西,CEG2000_f4_r0019_c0104,10,27.925134516095408,33.11865850085784,-5.193523984762432,-0.1568156507494985,2,28.976702714440982,2,-6.296340896659133,-1.594808971964932,0.4822701527688106
江西,CEG2000_f4_r0019_c0104,11,28.129709324611593,27.925134516095408,0.2045748085161847,0.007325830727808042,2,28.976702714440982,4,8.881784197001252e-16,-1.594808971964932,0.4822701527688106
江西,CEG2000_f4_r0019_c0104,12,34.73854581952037,28.129709324611593,6.6088364949087754,0.23494151392195478,4,35.954355862795836,6,6.296340896659135,-1.594808971964932,0.4822701527688106
江西,CEG2000_f4_r0019_c0105,1,38.92007976621832,,,,5,39.44318243697327,4,,-1.3127321558071905,0.6134692131932369
江西,CEG2000_f4_r0019_c0105,2,36.743591937917174,38.92007976621832,-2.1764878283011484,-0.055921977585212626,4,35.954355862795836,3,-3.1481704483295667,-1.3127321558071905,0.6134692131932369
江西,CEG2000_f4_r0019_c0105,3,37.246112394724186,36.743591937917174,0.5025204568070123,0.01367641077813194,4,35.954355862795836,4,8.881784197001252e-16,-1.3127321558071905,0.6134692131932369
江西,CEG2000_f4_r0019_c0105,4,32.009934084328044,37.246112394724186,-5.2361783103961415,-0.14058321724706582,3,32.46552928861841,2,-6.296340896659133,-1.3127321558071905,0.6134692131932369
江西,CEG2000_f4_r0019_c0105,5,32.13725773584355,32.009934084328044,0.1273236515155034,0.003977629294083446,3,32.46552928861841,4,8.881784197001252e-16,-1.3127321558071905,0.6134692131932369
江西,CEG2000_f4_r0019_c0105,6,21.582181741379625,32.13725773584355,-10.555075994463923,-0.3284373570770341,0,21.99904956608613,1,-9.444511344988701,-1.3127321558071905,0.6134692131932369
江西,CEG2000_f4_r0019_c0105,7,24.89215553707569,21.582181741379625,3.3099737956960666,0.15336604219905337,1,25.487876140263555,5,3.1481704483295676,-1.3127321558071905,0.6134692131932369
江西,CEG2000_f4_r0019_c0105,8,21.11428407161375,24.89215553707569,-3.777871465461942,-0.15176955888110938,0,21.99904956608613,3,-3.1481704483295667,-1.3127321558071905,0.6134692131932369
江西,CEG2000_f4_r0019_c0105,9,32.52338263630709,21.11428407161375,11.409098564693341,0.5403497710837303,3,32.46552928861841,8,12.592681793318269,-1.3127321558071905,0.6134692131932369
江西,CEG2000_f4_r0019_c0105,10,27.53344117857946,32.52338263630709,-4.989941457727632,-0.1534262752902329,2,28.976702714440982,2,-6.296340896659133,-1.3127321558071905,0.6134692131932369
江西,CEG2000_f4_r0019_c0105,11,27.561770957053582,27.53344117857946,0.028329778474123657,0.0010289225487791092,2,28.976702714440982,4,8.881784197001252e-16,-1.3127321558071905,0.6134692131932369
江西,CEG2000_f4_r0019_c0105,12,32.323817552639774,27.561770957053582,4.762046595586192,0.17277723565029093,3,32.46552928861841,6,6.296340896659135,-1.3127321558071905,0.6134692131932369
江西,CEG2000_f4_r0019_c0106,1,37.55433159374875,,,,4,35.954355862795836,4,,-1.068591397818217,0.8907783010794209
江西,CEG2000_f4_r0019_c0106,2,34.93614341753185,37.55433159374875,-2.618188176216897,-0.06971734191782866,4,35.954355862795836,3,-3.1481704483295667,-1.068591397818217,0.8907783010794209
江西,CEG2000_f4_r0019_c0106,3,35.68426079029556,34.93614341753185,0.7481173727637085,0.02141385108890651,4,35.954355862795836,4,8.881784197001252e-16,-1.068591397818217,0.8907783010794209
江西,CEG2000_f4_r0019_c0106,4,31.262322604639152,35.68426079029556,-4.421938185656408,-0.12391844717318531,3,32.46552928861841,3,-3.1481704483295667,-1.068591397818217,0.8907783010794209
江西,CEG2000_f4_r0019_c0106,5,30.93486220116146,31.262322604639152,-0.3274604034776907,-0.010474602530942387,3,32.46552928861841,4,8.881784197001252e-16,-1.068591397818217,0.8907783010794209
江西,CEG2000_f4_r0019_c0106,6,20.84102226836535,30.93486220116146,-10.093839932796111,-0.3262933536654685,0,21.99904956608613,1,-9.444511344988701,-1.068591397818217,0.8907783010794209
江西,CEG2000_f4_r0019_c0106,7,23.87518882437171,20.84102226836535,3.034166556006358,0.14558626332893126,1,25.487876140263555,5,3.1481704483295676,-1.068591397818217,0.8907783010794209
江西,CEG2000_f4_r0019_c0106,8,20.050268617851795,23.87518882437171,-3.824920206519913,-0.16020481490874944,0,21.99904956608613,3,-3.1481704483295667,-1.068591397818217,0.8907783010794209
江西,CEG2000_f4_r0019_c0106,9,31.119157302300064,20.050268617851795,11.068888684448268,0.5520568774122588,3,32.46552928861841,8,12.592681793318269,-1.068591397818217,0.8907783010794209
江西,CEG2000_f4_r0019_c0106,10,26.72510336233069,31.119157302300064,-4.394053939969375,-0.1412009296165807,1,25.487876140263555,3,-3.1481704483295667,-1.068591397818217,0.8907783010794209
江西,CEG2000_f4_r0019_c0106,11,26.512096749480488,26.72510336233069,-0.21300661285020084,-0.007970282096286889,1,25.487876140263555,4,8.881784197001252e-16,-1.068591397818217,0.8907783010794209
江西,CEG2000_f4_r0019_c0106,12,29.88334423909022,26.512096749480488,3.3712474896097326,0.12715884079126233,2,28.976702714440982,5,3.1481704483295676,-1.068591397818217,0.8907783010794209
江西,CEG2000_f4_r0020_c0101,1,39.18902027217977,,,,5,39.44318243697327,4,,-2.482530902234525,0.8660778490896878
江西,CEG2000_f4_r0020_c0101,2,35.20897095852292,39.18902027217977,-3.980049313656849,-0.10156031679317792,4,35.954355862795836,3,-3.1481704483295667,-2.482530902234525,0.8660778490896878
江西,CEG2000_f4_r0020_c0101,3,35.83534849228892,35.20897095852292,0.6263775337660036,0.017790282326168878,4,35.954355862795836,4,8.881784197001252e-16,-2.482530902234525,0.8660778490896878
江西,CEG2000_f4_r0020_c0101,4,30.678990413045465,35.83534849228892,-5.156358079243457,-0.1438902730457053,2,28.976702714440982,2,-6.296340896659133,-2.482530902234525,0.8660778490896878
江西,CEG2000_f4_r0020_c0101,5,29.311496533963982,30.678990413045465,-1.3674938790814828,-0.04457427903168517,2,28.976702714440982,4,8.881784197001252e-16,-2.482530902234525,0.8660778490896878
江西,CEG2000_f4_r0020_c0101,6,21.554024284405976,29.311496533963982,-7.757472249558006,-0.2646563010035746,0,21.99904956608613,2,-6.296340896659133,-2.482530902234525,0.8660778490896878
江西,CEG2000_f4_r0020_c0101,7,24.849647821392644,21.554024284405976,3.2956235369866675,0.1529006135235267,1,25.487876140263555,5,3.1481704483295676,-2.482530902234525,0.8660778490896878
江西,CEG2000_f4_r0020_c0101,8,22.700811265351785,24.849647821392644,-2.148836556040859,-0.08647352153582481,0,21.99904956608613,3,-3.1481704483295667,-2.482530902234525,0.8660778490896878
江西,CEG2000_f4_r0020_c0101,9,30.16134513018485,22.700811265351785,7.460533864833064,0.3286461341679038,2,28.976702714440982,6,6.296340896659135,-2.482530902234525,0.8660778490896878
江西,CEG2000_f4_r0020_c0101,10,23.90412078890855,30.16134513018485,-6.257224341276299,-0.20745839796827226,1,25.487876140263555,2,-6.296340896659133,-2.482530902234525,0.8660778490896878
江西,CEG2000_f4_r0020_c0101,11,24.85706258686491,23.90412078890855,0.9529417979563597,0.039865168285064985,1,25.487876140263555,4,8.881784197001252e-16,-2.482530902234525,0.8660778490896878
江西,CEG2000_f4_r0020_c0101,12,32.893838295230935,24.85706258686491,8.036775708366026,0.3233196070646279,3,32.46552928861841,7,9.444511344988703,-2.482530902234525,0.8660778490896878
江西,CEG2000_f4_r0020_c0102,1,41.64611177351183,,,,6,42.9320090111507,4,,-2.296786228040335,0.5681189371401374
江西,CEG2000_f4_r0020_c0102,2,36.532340378302735,41.64611177351183,-5.113771395209092,-0.12279108846991098,4,35.954355862795836,2,-6.296340896659133,-2.296786228040335,0.5681189371401374
江西,CEG2000_f4_r0020_c0102,3,40.16527447374365,36.532340378302735,3.632934095440916,0.09944432953982292,5,39.44318243697327,5,3.1481704483295676,-2.296786228040335,0.5681189371401374
江西,CEG2000_f4_r0020_c0102,4,34.371791371985665,40.16527447374365,-5.793483101757985,-0.14424109327437137,4,35.954355862795836,2,-6.296340896659133,-2.296786228040335,0.5681189371401374
江西,CEG2000_f4_r0020_c0102,5,33.37851286721748,34.371791371985665,-0.9932785047681847,-0.028898072085289828,3,32.46552928861841,4,8.881784197001252e-16,-2.296786228040335,0.5681189371401374
江西,CEG2000_f4_r0020_c0102,6,23.657178913350165,33.37851286721748,-9.721333953867315,-0.2912452688512396,0,21.99904956608613,1,-9.444511344988701,-2.296786228040335,0.5681189371401374
江西,CEG2000_f4_r0020_c0102,7,26.88859723917084,23.657178913350165,3.2314183258206732,0.13659356162695827,1,25.487876140263555,5,3.1481704483295676,-2.296786228040335,0.5681189371401374
江西,CEG2000_f4_r0020_c0102,8,24.494831520323697,26.88859723917084,-2.393765718847142,-0.08902531052679631,1,25.487876140263555,3,-3.1481704483295667,-2.296786228040335,0.5681189371401374
江西,CEG2000_f4_r0020_c0102,9,33.50031966352778,24.494831520323697,9.005488143204087,0.3676485031436983,3,32.46552928861841,7,9.444511344988703,-2.296786228040335,0.5681189371401374
江西,CEG2000_f4_r0020_c0102,10,27.123994464512773,33.50031966352778,-6.37632519901501,-0.19033624941665842,1,25.487876140263555,2,-6.296340896659133,-2.296786228040335,0.5681189371401374
江西,CEG2000_f4_r0020_c0102,11,29.337430187481427,27.123994464512773,2.2134357229686543,0.0816043420840749,2,28.976702714440982,5,3.1481704483295676,-2.296786228040335,0.5681189371401374
江西,CEG2000_f4_r0020_c0102,12,37.87071805664409,29.337430187481427,8.53328786916266,0.2908669169259378,5,39.44318243697327,7,9.444511344988703,-2.296786228040335,0.5681189371401374
江西,CEG2000_f4_r0020_c0103,1,40.45296338015945,,,,5,39.44318243697327,4,,-2.0032790058509353,0.4217977972709912
江西,CEG2000_f4_r0020_c0103,2,35.162906147719134,40.45296338015945,-5.290057232440319,-0.13077057378285611,4,35.954355862795836,2,-6.296340896659133,-2.0032790058509353,0.4217977972709912
江西,CEG2000_f4_r0020_c0103,3,39.14847607425378,35.162906147719134,3.9855699265346445,0.11334586253454967,5,39.44318243697327,5,3.1481704483295676,-2.0032790058509353,0.4217977972709912
江西,CEG2000_f4_r0020_c0103,4,33.316740063258266,39.14847607425378,-5.831736010995513,-0.14896457271885452,3,32.46552928861841,2,-6.296340896659133,-2.0032790058509353,0.4217977972709912
江西,CEG2000_f4_r0020_c0103,5,32.95480642901927,33.316740063258266,-0.3619336342389943,-0.010863416815444529,3,32.46552928861841,4,8.881784197001252e-16,-2.0032790058509353,0.4217977972709912
江西,CEG2000_f4_r0020_c0103,6,22.760690673955768,32.95480642901927,-10.194115755063503,-0.30933623527786197,0,21.99904956608613,1,-9.444511344988701,-2.0032790058509353,0.4217977972709912
江西,CEG2000_f4_r0020_c0103,7,26.18989053882348,22.760690673955768,3.429199864867712,0.15066326035490746,1,25.487876140263555,5,3.1481704483295676,-2.0032790058509353,0.4217977972709912
江西,CEG2000_f4_r0020_c0103,8,23.276935055063316,26.18989053882348,-2.9129554837601646,-0.111224423769242,0,21.99904956608613,3,-3.1481704483295667,-2.0032790058509353,0.4217977972709912
江西,CEG2000_f4_r0020_c0103,9,32.21599517995536,23.276935055063316,8.939060124892041,0.38403080576313126,3,32.46552928861841,7,9.444511344988703,-2.0032790058509353,0.4217977972709912
江西,CEG2000_f4_r0020_c0103,10,26.44231326447483,32.21599517995536,-5.773681915480527,-0.17921786625647637,1,25.487876140263555,2,-6.296340896659133,-2.0032790058509353,0.4217977972709912
江西,CEG2000_f4_r0020_c0103,11,27.591650767318956,26.44231326447483,1.1493375028441264,0.043465845493490085,2,28.976702714440982,4,8.881784197001252e-16,-2.0032790058509353,0.4217977972709912
江西,CEG2000_f4_r0020_c0103,12,35.248331244610405,27.591650767318956,7.656680477291449,0.27749990538298763,4,35.954355862795836,6,6.296340896659135,-2.0032790058509353,0.4217977972709912
江西,CEG2000_f4_r0020_c0104,1,40.155343068403965,,,,5,39.44318243697327,4,,-1.6063184077833688,0.3247749128042869
江西,CEG2000_f4_r0020_c0104,2,35.687319678818675,40.155343068403965,-4.468023389585291,-0.11126846511992405,4,35.954355862795836,3,-3.1481704483295667,-1.6063184077833688,0.3247749128042869
江西,CEG2000_f4_r0020_c0104,3,38.63250747902924,35.687319678818675,2.9451878002105687,0.08252757076510321,5,39.44318243697327,5,3.1481704483295676,-1.6063184077833688,0.3247749128042869
江西,CEG2000_f4_r0020_c0104,4,32.56028590629661,38.63250747902924,-6.07222157273263,-0.1571790693635093,3,32.46552928861841,2,-6.296340896659133,-1.6063184077833688,0.3247749128042869
江西,CEG2000_f4_r0020_c0104,5,32.24814428891032,32.56028590629661,-0.3121416173862954,-0.009586574831823957,3,32.46552928861841,4,8.881784197001252e-16,-1.6063184077833688,0.3247749128042869
江西,CEG2000_f4_r0020_c0104,6,21.64775391262333,32.24814428891032,-10.600390376286988,-0.32871318986042597,0,21.99904956608613,1,-9.444511344988701,-1.6063184077833688,0.3247749128042869
江西,CEG2000_f4_r0020_c0104,7,24.73291851556071,21.64775391262333,3.085164602937379,0.14251661467466814,1,25.487876140263555,5,3.1481704483295676,-1.6063184077833688,0.3247749128042869
江西,CEG2000_f4_r0020_c0104,8,21.279885973627085,24.73291851556071,-3.4530325419336236,-0.13961282166361197,0,21.99904956608613,3,-3.1481704483295667,-1.6063184077833688,0.3247749128042869
江西,CEG2000_f4_r0020_c0104,9,31.921069672428136,21.279885973627085,10.64118369880105,0.5000583044471688,3,32.46552928861841,7,9.444511344988703,-1.6063184077833688,0.3247749128042869
江西,CEG2000_f4_r0020_c0104,10,26.531743058899327,31.921069672428136,-5.389326613528809,-0.1688328952893407,1,25.487876140263555,2,-6.296340896659133,-1.6063184077833688,0.3247749128042869
江西,CEG2000_f4_r0020_c0104,11,26.356780548483343,26.531743058899327,-0.17496251041598399,-0.0065944597016326725,1,25.487876140263555,4,8.881784197001252e-16,-1.6063184077833688,0.3247749128042869
江西,CEG2000_f4_r0020_c0104,12,32.82368773366627,26.356780548483343,6.466907185182926,0.2453602849288455,3,32.46552928861841,6,6.296340896659135,-1.6063184077833688,0.3247749128042869
江西,CEG2000_f4_r0020_c0105,1,39.007491671681336,,,,5,39.44318243697327,4,,-1.1984611570440455,0.5159760086026947
江西,CEG2000_f4_r0020_c0105,2,36.60133352320524,39.007491671681336,-2.406158148476095,-0.06168451354750703,4,35.954355862795836,3,-3.1481704483295667,-1.1984611570440455,0.5159760086026947
江西,CEG2000_f4_r0020_c0105,3,36.65048381960942,36.60133352320524,0.04915029640417856,0.0013428553463227585,4,35.954355862795836,4,8.881784197001252e-16,-1.1984611570440455,0.5159760086026947
江西,CEG2000_f4_r0020_c0105,4,31.2138147758992,36.65048381960942,-5.436669043710221,-0.14833826124831112,3,32.46552928861841,2,-6.296340896659133,-1.1984611570440455,0.5159760086026947
江西,CEG2000_f4_r0020_c0105,5,31.22173122791778,31.2138147758992,0.0079164520185806,0.00025362013824382175,3,32.46552928861841,4,8.881784197001252e-16,-1.1984611570440455,0.5159760086026947
江西,CEG2000_f4_r0020_c0105,6,20.57975870640392,31.22173122791778,-10.64197252151386,-0.34085145515563353,0,21.99904956608613,1,-9.444511344988701,-1.1984611570440455,0.5159760086026947
江西,CEG2000_f4_r0020_c0105,7,23.552089396528455,20.57975870640392,2.9723306901245365,0.14442981244476982,0,21.99904956608613,5,3.1481704483295676,-1.1984611570440455,0.5159760086026947
江西,CEG2000_f4_r0020_c0105,8,20.19467690021264,23.552089396528455,-3.3574124963158134,-0.14255263895230846,0,21.99904956608613,3,-3.1481704483295667,-1.1984611570440455,0.5159760086026947
江西,CEG2000_f4_r0020_c0105,9,30.9363900673186,20.19467690021264,10.74171316710596,0.5319081468935437,3,32.46552928861841,7,9.444511344988703,-1.1984611570440455,0.5159760086026947
江西,CEG2000_f4_r0020_c0105,10,26.25136270778828,30.9363900673186,-4.68502735953032,-0.15144066096062103,1,25.487876140263555,3,-3.1481704483295667,-1.1984611570440455,0.5159760086026947
江西,CEG2000_f4_r0020_c0105,11,25.93630337826888,26.25136270778828,-0.31505932951939997,-0.012001637135047767,1,25.487876140263555,4,8.881784197001252e-16,-1.1984611570440455,0.5159760086026947
江西,CEG2000_f4_r0020_c0105,12,30.814943517482767,25.93630337826888,4.878640139213886,0.18810082794225513,3,32.46552928861841,6,6.296340896659135,-1.1984611570440455,0.5159760086026947
江西,CEG2000_f4_r0020_c0106,1,37.748069174246695,,,,5,39.44318243697327,4,,-0.8859894188237182,0.7847658508885661
江西,CEG2000_f4_r0020_c0106,2,34.53050446701555,37.748069174246695,-3.2175647072311477,-0.08523786189907441,4,35.954355862795836,3,-3.1481704483295667,-0.8859894188237182,0.7847658508885661
江西,CEG2000_f4_r0020_c0106,3,35.803349172621736,34.53050446701555,1.2728447056061896,0.03686145700020237,4,35.954355862795836,4,8.881784197001252e-16,-0.8859894188237182,0.7847658508885661
江西,CEG2000_f4_r0020_c0106,4,31.03254237116376,35.803349172621736,-4.770806801457976,-0.13325029394473906,3,32.46552928861841,2,-6.296340896659133,-0.8859894188237182,0.7847658508885661
江西,CEG2000_f4_r0020_c0106,5,30.911456012708523,31.03254237116376,-0.12108635845523708,-0.0039019155120127587,3,32.46552928861841,4,8.881784197001252e-16,-0.8859894188237182,0.7847658508885661
江西,CEG2000_f4_r0020_c0106,6,20.35716470912099,30.911456012708523,-10.554291303587533,-0.3414362396662384,0,21.99904956608613,1,-9.444511344988701,-0.8859894188237182,0.7847658508885661
江西,CEG2000_f4_r0020_c0106,7,23.21290593277438,20.35716470912099,2.8557412236533892,0.1402818744387267,0,21.99904956608613,5,3.1481704483295676,-0.8859894188237182,0.7847658508885661
江西,CEG2000_f4_r0020_c0106,8,20.352164654139095,23.21290593277438,-2.8607412786352846,-0.1232392569426732,0,21.99904956608613,3,-3.1481704483295667,-0.8859894188237182,0.7847658508885661
江西,CEG2000_f4_r0020_c0106,9,30.592455140713785,20.352164654139095,10.24029048657469,0.5031548565273662,2,28.976702714440982,7,9.444511344988703,-0.8859894188237182,0.7847658508885661
江西,CEG2000_f4_r0020_c0106,10,26.137522104014643,30.592455140713785,-4.454933036699142,-0.14562195208616394,1,25.487876140263555,3,-3.1481704483295667,-0.8859894188237182,0.7847658508885661
江西,CEG2000_f4_r0020_c0106,11,26.043381515677844,26.137522104014643,-0.09414058833679917,-0.0036017411276465057,1,25.487876140263555,4,8.881784197001252e-16,-0.8859894188237182,0.7847658508885661
江西,CEG2000_f4_r0020_c0106,12,29.51694213610311,26.043381515677844,3.4735606204252676,0.13337594499140676,2,28.976702714440982,5,3.1481704483295676,-0.8859894188237182,0.7847658508885661
江西,CEG2000_f4_r0020_c0107,1,36.36402201976835,,,,4,35.954355862795836,4,,-0.7121560179216614,0.9033669937390322
江西,CEG2000_f4_r0020_c0107,2,35.170050391259046,36.36402201976835,-1.1939716285093027,-0.03283387156294844,4,35.954355862795836,4,8.881784197001252e-16,-0.7121560179216614,0.9033669937390322
江西,CEG2000_f4_r0020_c0107,3,34.082491627329446,35.170050391259046,-1.0875587639296,-0.030922866240757373,3,32.46552928861841,4,8.881784197001252e-16,-0.7121560179216614,0.9033669937390322
江西,CEG2000_f4_r0020_c0107,4,29.117311086620443,34.082491627329446,-4.965180540709003,-0.14568126635224093,2,28.976702714440982,2,-6.296340896659133,-0.7121560179216614,0.9033669937390322
江西,CEG2000_f4_r0020_c0107,5,29.737546751105366,29.117311086620443,0.6202356644849232,0.02130126860408909,2,28.976702714440982,4,8.881784197001252e-16,-0.7121560179216614,0.9033669937390322
江西,CEG2000_f4_r0020_c0107,6,19.473055865202205,29.737546751105366,-10.264490885903161,-0.3451693904616265,0,21.99904956608613,1,-9.444511344988701,-0.7121560179216614,0.9033669937390322
江西,CEG2000_f4_r0020_c0107,7,21.712381232948022,19.473055865202205,2.239325367745817,0.11499609425695878,0,21.99904956608613,5,3.1481704483295676,-0.7121560179216614,0.9033669937390322
江西,CEG2000_f4_r0020_c0107,8,19.15212169159148,21.712381232948022,-2.560259541356544,-0.11791703148024182,0,21.99904956608613,3,-3.1481704483295667,-0.7121560179216614,0.9033669937390322
江西,CEG2000_f4_r0020_c0107,9,28.686145668307212,19.15212169159148,9.534023976715734,0.49780510641291187,2,28.976702714440982,7,9.444511344988703,-0.7121560179216614,0.9033669937390322
江西,CEG2000_f4_r0020_c0107,10,25.638502727375233,28.686145668307212,-3.047642940931979,-0.10624093512496699,1,25.487876140263555,3,-3.1481704483295667,-0.7121560179216614,0.9033669937390322
江西,CEG2000_f4_r0020_c0107,11,25.174639939062654,25.638502727375233,-0.46386278831257854,-0.018092428923990718,1,25.487876140263555,4,8.881784197001252e-16,-0.7121560179216614,0.9033669937390322
江西,CEG2000_f4_r0020_c0107,12,27.12587889827025,25.174639939062654,1.951238959207597,0.07750811784918218,1,25.487876140263555,5,3.1481704483295676,-0.7121560179216614,0.9033669937390322
江西,CEG2000_f4_r0021_c0100,1,43.9664251743515,,,,6,42.9320090111507,4,,-2.84787126662077,0.9844792207260546
江西,CEG2000_f4_r0021_c0100,2,38.61223175661662,43.9664251743515,-5.3541934177348764,-0.1217791393433171,5,39.44318243697327,2,-6.296340896659133,-2.84787126662077,0.9844792207260546
江西,CEG2000_f4_r0021_c0100,3,40.922331355108994,38.61223175661662,2.3100995984923713,0.05982818121090633,5,39.44318243697327,5,3.1481704483295676,-2.84787126662077,0.9844792207260546
江西,CEG2000_f4_r0021_c0100,4,34.55899441940367,40.922331355108994,-6.363336935705327,-0.15549790847658754,4,35.954355862795836,2,-6.296340896659133,-2.84787126662077,0.9844792207260546
江西,CEG2000_f4_r0021_c0100,5,31.61557820779031,34.55899441940367,-2.943416211613357,-0.08517077134515036,3,32.46552928861841,3,-3.1481704483295667,-2.84787126662077,0.9844792207260546
江西,CEG2000_f4_r0021_c0100,6,24.580173448664492,31.61557820779031,-7.035404759125818,-0.22252968814570795,1,25.487876140263555,2,-6.296340896659133,-2.84787126662077,0.9844792207260546
江西,CEG2000_f4_r0021_c0100,7,27.487332323838977,24.580173448664492,2.907158875174485,0.118272512651144,2,28.976702714440982,5,3.1481704483295676,-2.84787126662077,0.9844792207260546
江西,CEG2000_f4_r0021_c0100,8,24.81304843508489,27.487332323838977,-2.6742838887540863,-0.09729150349140125,1,25.487876140263555,3,-3.1481704483295667,-2.84787126662077,0.9844792207260546
江西,CEG2000_f4_r0021_c0100,9,32.3816538727877,24.81304843508489,7.568605437702811,0.3050252151606263,3,32.46552928861841,6,6.296340896659135,-2.84787126662077,0.9844792207260546
江西,CEG2000_f4_r0021_c0100,10,27.224089776766405,32.3816538727877,-5.1575640960212965,-0.15927426425725325,1,25.487876140263555,2,-6.296340896659133,-2.84787126662077,0.9844792207260546
江西,CEG2000_f4_r0021_c0100,11,27.94748702913224,27.224089776766405,0.7233972523658352,0.026571953674028696,2,28.976702714440982,4,8.881784197001252e-16,-2.84787126662077,0.9844792207260546
江西,CEG2000_f4_r0021_c0100,12,40.25156809929111,27.94748702913224,12.304081070158873,0.44025715290012285,5,39.44318243697327,8,12.592681793318269,-2.84787126662077,0.9844792207260546
江西,CEG2000_f4_r0021_c0101,1,44.10150327645072,,,,6,42.9320090111507,4,,-2.76448258267148,0.8076699545696366
江西,CEG2000_f4_r0021_c0101,2,35.89325640083123,44.10150327645072,-8.208246875619494,-0.18612170256796046,4,35.954355862795836,1,-9.444511344988701,-2.76448258267148,0.8076699545696366
江西,CEG2000_f4_r0021_c0101,3,41.77382397567088,35.89325640083123,5.880567574839652,0.16383488611814748,6,42.9320090111507,6,6.296340896659135,-2.76448258267148,0.8076699545696366
江西,CEG2000_f4_r0021_c0101,4,34.98409715365042,41.77382397567088,-6.789726822020462,-0.16253543908201476,4,35.954355862795836,2,-6.296340896659133,-2.76448258267148,0.8076699545696366
江西,CEG2000_f4_r0021_c0101,5,32.591050081080965,34.98409715365042,-2.393047072569452,-0.06840385395853353,3,32.46552928861841,3,-3.1481704483295667,-2.76448258267148,0.8076699545696366
江西,CEG2000_f4_r0021_c0101,6,24.48465506763018,32.591050081080965,-8.106395013450786,-0.24873070960535057,1,25.487876140263555,1,-9.444511344988701,-2.76448258267148,0.8076699545696366
江西,CEG2000_f4_r0021_c0101,7,26.61174717948566,24.48465506763018,2.1270921118554824,0.08687449776115468,1,25.487876140263555,5,3.1481704483295676,-2.76448258267148,0.8076699545696366
江西,CEG2000_f4_r0021_c0101,8,24.77647541404848,26.61174717948566,-1.8352717654371808,-0.06896472272410384,1,25.487876140263555,3,-3.1481704483295667,-2.76448258267148,0.8076699545696366
江西,CEG2000_f4_r0021_c0101,9,32.1764237123042,24.77647541404848,7.399948298255719,0.298668320436727,3,32.46552928861841,6,6.296340896659135,-2.76448258267148,0.8076699545696366
江西,CEG2000_f4_r0021_c0101,10,27.77077714073125,32.1764237123042,-4.405646571572948,-0.13692157372630065,2,28.976702714440982,3,-3.1481704483295667,-2.76448258267148,0.8076699545696366
江西,CEG2000_f4_r0021_c0101,11,29.465736821199563,27.77077714073125,1.6949596804683118,0.061033930447064205,2,28.976702714440982,5,3.1481704483295676,-2.76448258267148,0.8076699545696366
江西,CEG2000_f4_r0021_c0101,12,40.053076874721675,29.465736821199563,10.587340053522112,0.3593102089306958,5,39.44318243697327,7,9.444511344988703,-2.76448258267148,0.8076699545696366
江西,CEG2000_f4_r0021_c0102,1,44.34144047584664,,,,6,42.9320090111507,4,,-2.611404787305277,0.5920460530356971
江西,CEG2000_f4_r0021_c0102,2,36.33599873981571,44.34144047584664,-8.005441736030932,-0.1805408586216679,4,35.954355862795836,1,-9.444511344988701,-2.611404787305277,0.5920460530356971
江西,CEG2000_f4_r0021_c0102,3,43.745853874670686,36.33599873981571,7.409855134854979,0.2039260070409327,6,42.9320090111507,6,6.296340896659135,-2.611404787305277,0.5920460530356971
江西,CEG2000_f4_r0021_c0102,4,36.31800717415641,43.745853874670686,-7.427846700514273,-0.1697954444275935,4,35.954355862795836,2,-6.296340896659133,-2.611404787305277,0.5920460530356971
江西,CEG2000_f4_r0021_c0102,5,35.027123329783294,36.31800717415641,-1.2908838443731199,-0.035543906310247717,4,35.954355862795836,4,8.881784197001252e-16,-2.611404787305277,0.5920460530356971
江西,CEG2000_f4_r0021_c0102,6,24.57547362344429,35.027123329783294,-10.451649706339005,-0.2983873270989413,1,25.487876140263555,1,-9.444511344988701,-2.611404787305277,0.5920460530356971
江西,CEG2000_f4_r0021_c0102,7,27.410932570548177,24.57547362344429,2.835458947103888,0.11537759111177179,2,28.976702714440982,5,3.1481704483295676,-2.611404787305277,0.5920460530356971
江西,CEG2000_f4_r0021_c0102,8,25.93033672319514,27.410932570548177,-1.4805958473530367,-0.054014792949579206,1,25.487876140263555,4,8.881784197001252e-16,-2.611404787305277,0.5920460530356971
江西,CEG2000_f4_r0021_c0102,9,34.49143097712129,25.93033672319514,8.56109425392615,0.330157465570746,4,35.954355862795836,7,9.444511344988703,-2.611404787305277,0.5920460530356971
江西,CEG2000_f4_r0021_c0102,10,29.244593551697395,34.49143097712129,-5.2468374254238945,-0.15212002740345,2,28.976702714440982,2,-6.296340896659133,-2.611404787305277,0.5920460530356971
江西,CEG2000_f4_r0021_c0102,11,31.144033160262747,29.244593551697395,1.899439608565352,0.06495011138409568,3,32.46552928861841,5,3.1481704483295676,-2.611404787305277,0.5920460530356971
江西,CEG2000_f4_r0021_c0102,12,42.624024610585074,31.144033160262747,11.479991450322327,0.3686096592322494,6,42.9320090111507,8,12.592681793318269,-2.611404787305277,0.5920460530356971
江西,CEG2000_f4_r0021_c0103,1,45.26387956280952,,,,7,46.42083558532812,4,,-2.296462324324377,0.2953987406998997
江西,CEG2000_f4_r0021_c0103,2,37.51359389648441,45.26387956280952,-7.750285666325112,-0.17122451149090265,4,35.954355862795836,2,-6.296340896659133,-2.296462324324377,0.2953987406998997
江西,CEG2000_f4_r0021_c0103,3,45.503599538315726,37.51359389648441,7.990005641831317,0.21298960755077379,7,46.42083558532812,7,9.444511344988703,-2.296462324324377,0.2953987406998997
江西,CEG2000_f4_r0021_c0103,4,37.981022309747594,45.503599538315726,-7.522577228568132,-0.16531828920993033,5,39.44318243697327,2,-6.296340896659133,-2.296462324324377,0.2953987406998997
江西,CEG2000_f4_r0021_c0103,5,38.0304531960176,37.981022309747594,0.049430886270009466,0.0013014627638741397,5,39.44318243697327,4,8.881784197001252e-16,-2.296462324324377,0.2953987406998997
江西,CEG2000_f4_r0021_c0103,6,25.935223639911367,38.0304531960176,-12.095229556106236,-0.3180406369012926,1,25.487876140263555,0,-12.592681793318267,-2.296462324324377,0.2953987406998997
江西,CEG2000_f4_r0021_c0103,7,29.728819968738257,25.935223639911367,3.79359632882689,0.14627197287741817,2,28.976702714440982,5,3.1481704483295676,-2.296462324324377,0.2953987406998997
江西,CEG2000_f4_r0021_c0103,8,26.93422839813875,29.728819968738257,-2.7945915705995077,-0.09400277486755944,1,25.487876140263555,3,-3.1481704483295667,-2.296462324324377,0.2953987406998997
江西,CEG2000_f4_r0021_c0103,9,36.15277017382922,26.93422839813875,9.218541775690468,0.3422612164500507,4,35.954355862795836,7,9.444511344988703,-2.296462324324377,0.2953987406998997
江西,CEG2000_f4_r0021_c0103,10,30.41871307256828,36.15277017382922,-5.734057101260937,-0.15860629970236106,2,28.976702714440982,2,-6.296340896659133,-2.296462324324377,0.2953987406998997
江西,CEG2000_f4_r0021_c0103,11,34.07519559201592,30.41871307256828,3.6564825194476427,0.12020503664058929,3,32.46552928861841,5,3.1481704483295676,-2.296462324324377,0.2953987406998997
江西,CEG2000_f4_r0021_c0103,12,45.07135886602729,34.07519559201592,10.996163274011366,0.32270286591070513,7,46.42083558532812,7,9.444511344988703,-2.296462324324377,0.2953987406998997
江西,CEG2000_f4_r0021_c0104,1,42.010743673179626,,,,6,42.9320090111507,4,,-1.6389842325720525,0.1672798697088136
江西,CEG2000_f4_r0021_c0104,2,36.42775043179106,42.010743673179626,-5.582993241388564,-0.13289441588611636,4,35.954355862795836,2,-6.296340896659133,-1.6389842325720525,0.1672798697088136
江西,CEG2000_f4_r0021_c0104,3,41.64677088441734,36.42775043179106,5.219020452626282,0.14327045702145697,6,42.9320090111507,6,6.296340896659135,-1.6389842325720525,0.1672798697088136
江西,CEG2000_f4_r0021_c0104,4,33.904279802783854,41.64677088441734,-7.742491081633489,-0.18590855706727644,3,32.46552928861841,2,-6.296340896659133,-1.6389842325720525,0.1672798697088136
江西,CEG2000_f4_r0021_c0104,5,34.3711002311004,33.904279802783854,0.46682042831654513,0.01376877583101514,4,35.954355862795836,4,8.881784197001252e-16,-1.6389842325720525,0.1672798697088136
江西,CEG2000_f4_r0021_c0104,6,22.760384250181943,34.3711002311004,-11.610715980918457,-0.33780460627828834,0,21.99904956608613,0,-12.592681793318267,-1.6389842325720525,0.1672798697088136
江西,CEG2000_f4_r0021_c0104,7,27.012216233617252,22.760384250181943,4.251831983435309,0.18680844473885896,1,25.487876140263555,5,3.1481704483295676,-1.6389842325720525,0.1672798697088136
江西,CEG2000_f4_r0021_c0104,8,23.544300613616635,27.012216233617252,-3.4679156200006176,-0.1283832318684287,0,21.99904956608613,3,-3.1481704483295667,-1.6389842325720525,0.1672798697088136
江西,CEG2000_f4_r0021_c0104,9,32.850818656250176,23.544300613616635,9.306518042633542,0.3952768950482734,3,32.46552928861841,7,9.444511344988703,-1.6389842325720525,0.1672798697088136
江西,CEG2000_f4_r0021_c0104,10,27.524978181942267,32.850818656250176,-5.32584047430791,-0.1621220015865455,2,28.976702714440982,2,-6.296340896659133,-1.6389842325720525,0.1672798697088136
江西,CEG2000_f4_r0021_c0104,11,28.478817785376908,27.524978181942267,0.9538396034346412,0.034653600708770285,2,28.976702714440982,4,8.881784197001252e-16,-1.6389842325720525,0.1672798697088136
江西,CEG2000_f4_r0021_c0104,12,36.0445645606498,28.478817785376908,7.5657467752728955,0.26566224877346206,4,35.954355862795836,6,6.296340896659135,-1.6389842325720525,0.1672798697088136
江西,CEG2000_f4_r0021_c0105,1,39.88815986065263,,,,5,39.44318243697327,4,,-0.9269440027580884,0.38387984835194
江西,CEG2000_f4_r0021_c0105,2,34.387971494652454,39.88815986065263,-5.500188366000174,-0.13789025077152764,4,35.954355862795836,2,-6.296340896659133,-0.9269440027580884,0.38387984835194
江西,CEG2000_f4_r0021_c0105,3,37.278054444814856,34.387971494652454,2.8900829501624017,0.08404342636528671,4,35.954355862795836,5,3.1481704483295676,-0.9269440027580884,0.38387984835194
江西,CEG2000_f4_r0021_c0105,4,30.275665582470275,37.278054444814856,-7.002388862344581,-0.18784212230578384,2,28.976702714440982,2,-6.296340896659133,-0.9269440027580884,0.38387984835194
江西,CEG2000_f4_r0021_c0105,5,30.95488375912231,30.275665582470275,0.6792181766520358,0.022434458948618646,3,32.46552928861841,4,8.881784197001252e-16,-0.9269440027580884,0.38387984835194
江西,CEG2000_f4_r0021_c0105,6,20.27220445994312,30.95488375912231,-10.682679299179192,-0.34510481067566723,0,21.99904956608613,1,-9.444511344988701,-0.9269440027580884,0.38387984835194
江西,CEG2000_f4_r0021_c0105,7,23.219145690256106,20.27220445994312,2.946941230312987,0.1453685629570281,0,21.99904956608613,5,3.1481704483295676,-0.9269440027580884,0.38387984835194
江西,CEG2000_f4_r0021_c0105,8,20.076100654851775,23.219145690256106,-3.143045035404331,-0.13536437030598017,0,21.99904956608613,3,-3.1481704483295667,-0.9269440027580884,0.38387984835194
江西,CEG2000_f4_r0021_c0105,9,29.043769941251742,20.076100654851775,8.967669286399968,0.44668381776780736,2,28.976702714440982,7,9.444511344988703,-0.9269440027580884,0.38387984835194
江西,CEG2000_f4_r0021_c0105,10,25.75958929461081,29.043769941251742,-3.284180646640934,-0.1130769405378161,1,25.487876140263555,3,-3.1481704483295667,-0.9269440027580884,0.38387984835194
江西,CEG2000_f4_r0021_c0105,11,25.95796331358622,25.75958929461081,0.19837401897541085,0.007700977554673703,1,25.487876140263555,4,8.881784197001252e-16,-0.9269440027580884,0.38387984835194
江西,CEG2000_f4_r0021_c0105,12,31.340928963585934,25.95796331358622,5.382965649999715,0.2073724192060287,3,32.46552928861841,6,6.296340896659135,-0.9269440027580884,0.38387984835194
江西,CEG2000_f4_r0021_c0106,1,39.09665355259779,,,,5,39.44318243697327,4,,-0.5673159937939795,0.6730869108128238
江西,CEG2000_f4_r0021_c0106,2,34.40585450851168,39.09665355259779,-4.690799044086113,-0.11997955369186401,4,35.954355862795836,3,-3.1481704483295667,-0.5673159937939795,0.6730869108128238
江西,CEG2000_f4_r0021_c0106,3,36.70257694074852,34.40585450851168,2.296722432236841,0.06675382620328914,4,35.954355862795836,5,3.1481704483295676,-0.5673159937939795,0.6730869108128238
江西,CEG2000_f4_r0021_c0106,4,31.266236694999503,36.70257694074852,-5.436340245749019,-0.14811876164786125,3,32.46552928861841,2,-6.296340896659133,-0.5673159937939795,0.6730869108128238
江西,CEG2000_f4_r0021_c0106,5,31.39687883490991,31.266236694999503,0.13064213991040674,0.0041783774998191804,3,32.46552928861841,4,8.881784197001252e-16,-0.5673159937939795,0.6730869108128238
江西,CEG2000_f4_r0021_c0106,6,20.11606914373636,31.39687883490991,-11.280809691173548,-0.3592971693297907,0,21.99904956608613,0,-12.592681793318267,-0.5673159937939795,0.6730869108128238
江西,CEG2000_f4_r0021_c0106,7,23.184830033257107,20.11606914373636,3.068760889520746,0.15255271134700196,0,21.99904956608613,5,3.1481704483295676,-0.5673159937939795,0.6730869108128238
江西,CEG2000_f4_r0021_c0106,8,19.90084202687065,23.184830033257107,-3.2839880063864584,-0.14164382493534758,0,21.99904956608613,3,-3.1481704483295667,-0.5673159937939795,0.6730869108128238
江西,CEG2000_f4_r0021_c0106,9,29.38557297193196,19.90084202687065,9.484730945061312,0.47659947917051826,2,28.976702714440982,7,9.444511344988703,-0.5673159937939795,0.6730869108128238
江西,CEG2000_f4_r0021_c0106,10,26.492957515865335,29.38557297193196,-2.8926154560666255,-0.09843658515114023,1,25.487876140263555,3,-3.1481704483295667,-0.5673159937939795,0.6730869108128238
江西,CEG2000_f4_r0021_c0106,11,26.147509593445974,26.492957515865335,-0.3454479224193605,-0.013039235887970933,1,25.487876140263555,4,8.881784197001252e-16,-0.5673159937939795,0.6730869108128238
江西,CEG2000_f4_r0021_c0106,12,30.734462012135847,26.147509593445974,4.586952418689872,0.17542597708194813,3,32.46552928861841,5,3.1481704483295676,-0.5673159937939795,0.6730869108128238
江西,CEG2000_f4_r0021_c0107,1,38.60930566012443,,,,5,39.44318243697327,4,,-0.3787162043277198,0.903883975322086
江西,CEG2000_f4_r0021_c0107,2,35.12333157779391,38.60930566012443,-3.4859740823305145,-0.09028844271423452,4,35.954355862795836,3,-3.1481704483295667,-0.3787162043277198,0.903883975322086
江西,CEG2000_f4_r0021_c0107,3,36.124592072606625,35.12333157779391,1.001260494812712,0.02850699093265232,4,35.954355862795836,4,8.881784197001252e-16,-0.3787162043277198,0.903883975322086
江西,CEG2000_f4_r0021_c0107,4,31.032751953802354,36.124592072606625,-5.091840118804271,-0.14095218317123717,3,32.46552928861841,2,-6.296340896659133,-0.3787162043277198,0.903883975322086
江西,CEG2000_f4_r0021_c0107,5,31.4072795076478,31.032751953802354,0.37452755384544645,0.012068783148945212,3,32.46552928861841,4,8.881784197001252e-16,-0.3787162043277198,0.903883975322086
江西,CEG2000_f4_r0021_c0107,6,19.879415415120494,31.4072795076478,-11.527864092527306,-0.36704433727601987,0,21.99904956608613,0,-12.592681793318267,-0.3787162043277198,0.903883975322086
江西,CEG2000_f4_r0021_c0107,7,23.196695901550996,19.879415415120494,3.3172804864305014,0.166870122544315,0,21.99904956608613,5,3.1481704483295676,-0.3787162043277198,0.903883975322086
江西,CEG2000_f4_r0021_c0107,8,19.97480174334391,23.196695901550996,-3.2218941582070855,-0.13889452928473578,0,21.99904956608613,3,-3.1481704483295667,-0.3787162043277198,0.903883975322086
江西,CEG2000_f4_r0021_c0107,9,29.230057148347516,19.97480174334391,9.255255405003606,0.4633465465101641,2,28.976702714440982,7,9.444511344988703,-0.3787162043277198,0.903883975322086
江西,CEG2000_f4_r0021_c0107,10,27.06740311247748,29.230057148347516,-2.1626540358700375,-0.07398733519042403,1,25.487876140263555,3,-3.1481704483295667,-0.3787162043277198,0.903883975322086
江西,CEG2000_f4_r0021_c0107,11,26.29323122221891,27.06740311247748,-0.7741718902585681,-0.028601631528578073,1,25.487876140263555,4,8.881784197001252e-16,-0.3787162043277198,0.903883975322086
江西,CEG2000_f4_r0021_c0107,12,29.98367850947716,26.29323122221891,3.690447287258248,0.14035731310724797,2,28.976702714440982,5,3.1481704483295676,-0.3787162043277198,0.903883975322086
江西,CEG2000_f4_r0022_c0100,1,43.95201782560072,,,,6,42.9320090111507,4,,-3.1293703847496994,0.955015451922856
江西,CEG2000_f4_r0022_c0100,2,39.39577529704425,43.95201782560072,-4.556242528556467,-0.10366401257469898,5,39.44318243697327,3,-3.1481704483295667,-3.1293703847496994,0.955015451922856
江西,CEG2000_f4_r0022_c0100,3,41.27589121218419,39.39577529704425,1.880115915139939,0.047723795279160264,6,42.9320090111507,5,3.1481704483295676,-3.1293703847496994,0.955015451922856
江西,CEG2000_f4_r0022_c0100,4,34.40363807432339,41.27589121218419,-6.8722531378608025,-0.16649557250098063,4,35.954355862795836,2,-6.296340896659133,-3.1293703847496994,0.955015451922856
江西,CEG2000_f4_r0022_c0100,5,31.628173330766007,34.40363807432339,-2.7754647435573823,-0.08067358276358588,3,32.46552928861841,3,-3.1481704483295667,-3.1293703847496994,0.955015451922856
江西,CEG2000_f4_r0022_c0100,6,23.981915266945233,31.628173330766007,-7.646258063820774,-0.24175465284879252,1,25.487876140263555,2,-6.296340896659133,-3.1293703847496994,0.955015451922856
江西,CEG2000_f4_r0022_c0100,7,27.001130012016635,23.981915266945233,3.0192147450714018,0.12589548046785268,1,25.487876140263555,5,3.1481704483295676,-3.1293703847496994,0.955015451922856
江西,CEG2000_f4_r0022_c0100,8,23.834997053829724,27.001130012016635,-3.1661329581869104,-0.11725927606651457,1,25.487876140263555,3,-3.1481704483295667,-3.1293703847496994,0.955015451922856
江西,CEG2000_f4_r0022_c0100,9,31.13892504072106,23.834997053829724,7.303927986891335,0.3064371256432677,3,32.46552928861841,6,6.296340896659135,-3.1293703847496994,0.955015451922856
江西,CEG2000_f4_r0022_c0100,10,26.975406845466765,31.13892504072106,-4.163518195254294,-0.13370783319621887,1,25.487876140263555,3,-3.1481704483295667,-3.1293703847496994,0.955015451922856
江西,CEG2000_f4_r0022_c0100,11,27.29553147558484,26.975406845466765,0.3201246301180767,0.011867277181469975,2,28.976702714440982,4,8.881784197001252e-16,-3.1293703847496994,0.955015451922856
江西,CEG2000_f4_r0022_c0100,12,40.090790734124205,27.29553147558484,12.795259258539364,0.4687675442401405,5,39.44318243697327,8,12.592681793318269,-3.1293703847496994,0.955015451922856
江西,CEG2000_f4_r0022_c0101,1,44.09607887809858,,,,6,42.9320090111507,4,,-3.110616898852259,0.7635889415842515
江西,CEG2000_f4_r0022_c0101,2,36.38998165756609,44.09607887809858,-7.706097220532492,-0.17475697197103657,4,35.954355862795836,2,-6.296340896659133,-3.110616898852259,0.7635889415842515
江西,CEG2000_f4_r0022_c0101,3,40.73229296551242,36.38998165756609,4.342311307946332,0.11932710900510972,5,39.44318243697327,5,3.1481704483295676,-3.110616898852259,0.7635889415842515
江西,CEG2000_f4_r0022_c0101,4,33.42749441949018,40.73229296551242,-7.304798546022241,-0.17933678696181263,3,32.46552928861841,2,-6.296340896659133,-3.110616898852259,0.7635889415842515
江西,CEG2000_f4_r0022_c0101,5,31.59285441594116,33.42749441949018,-1.8346400035490191,-0.05488416153857218,3,32.46552928861841,3,-3.1481704483295667,-3.110616898852259,0.7635889415842515
江西,CEG2000_f4_r0022_c0101,6,23.229356723148857,31.59285441594116,-8.363497692792304,-0.2647275102996784,0,21.99904956608613,1,-9.444511344988701,-3.110616898852259,0.7635889415842515
江西,CEG2000_f4_r0022_c0101,7,26.68757695607763,23.229356723148857,3.458220232928774,0.1488728368221466,1,25.487876140263555,5,3.1481704483295676,-3.110616898852259,0.7635889415842515
江西,CEG2000_f4_r0022_c0101,8,23.286465581470942,26.68757695607763,-3.401111374606689,-0.12744174490641216,0,21.99904956608613,3,-3.1481704483295667,-3.110616898852259,0.7635889415842515
江西,CEG2000_f4_r0022_c0101,9,30.764835144623454,23.286465581470942,7.478369563152512,0.32114661355491647,3,32.46552928861841,6,6.296340896659135,-3.110616898852259,0.7635889415842515
江西,CEG2000_f4_r0022_c0101,10,27.184393619629,30.764835144623454,-3.5804415249944554,-0.11638097549240999,1,25.487876140263555,3,-3.1481704483295667,-3.110616898852259,0.7635889415842515
江西,CEG2000_f4_r0022_c0101,11,27.429559999721693,27.184393619629,0.24516638009269442,0.009018644429709385,2,28.976702714440982,4,8.881784197001252e-16,-3.110616898852259,0.7635889415842515
江西,CEG2000_f4_r0022_c0101,12,38.97413045640528,27.429559999721693,11.544570456683584,0.42088062866486803,5,39.44318243697327,8,12.592681793318269,-3.110616898852259,0.7635889415842515
江西,CEG2000_f4_r0022_c0102,1,46.31854586172564,,,,7,46.42083558532812,4,,-3.0957665772646528,0.5124873851967161
江西,CEG2000_f4_r0022_c0102,2,37.437289076194155,46.31854586172564,-8.881256785531484,-0.19174299668311315,4,35.954355862795836,1,-9.444511344988701,-3.0957665772646528,0.5124873851967161
江西,CEG2000_f4_r0022_c0102,3,44.55399846050938,37.437289076194155,7.116709384315229,0.19009681416383978,6,42.9320090111507,6,6.296340896659135,-3.0957665772646528,0.5124873851967161
江西,CEG2000_f4_r0022_c0102,4,37.00125152034751,44.55399846050938,-7.5527469401618745,-0.1695189478191566,4,35.954355862795836,2,-6.296340896659133,-3.0957665772646528,0.5124873851967161
江西,CEG2000_f4_r0022_c0102,5,35.86289439790047,37.00125152034751,-1.1383571224470401,-0.030765368080078088,4,35.954355862795836,4,8.881784197001252e-16,-3.0957665772646528,0.5124873851967161
江西,CEG2000_f4_r0022_c0102,6,24.84004032629336,35.86289439790047,-11.02285407160711,-0.3073609717416569,1,25.487876140263555,0,-12.592681793318267,-3.0957665772646528,0.5124873851967161
江西,CEG2000_f4_r0022_c0102,7,28.27266869979039,24.84004032629336,3.4326283734970318,0.13818932370506543,2,28.976702714440982,5,3.1481704483295676,-3.0957665772646528,0.5124873851967161
江西,CEG2000_f4_r0022_c0102,8,25.13917673234367,28.27266869979039,-3.1334919674467194,-0.11083113521115716,1,25.487876140263555,3,-3.1481704483295667,-3.0957665772646528,0.5124873851967161
江西,CEG2000_f4_r0022_c0102,9,34.43788737245768,25.13917673234367,9.29871064011401,0.3698892266487961,4,35.954355862795836,7,9.444511344988703,-3.0957665772646528,0.5124873851967161
江西,CEG2000_f4_r0022_c0102,10,31.07088805263898,34.43788737245768,-3.3669993198186994,-0.09777020533819149,3,32.46552928861841,3,-3.1481704483295667,-3.0957665772646528,0.5124873851967161
江西,CEG2000_f4_r0022_c0102,11,31.77638723895614,31.07088805263898,0.7054991863171587,0.022706115934695265,3,32.46552928861841,4,8.881784197001252e-16,-3.0957665772646528,0.5124873851967161
江西,CEG2000_f4_r0022_c0102,12,43.82226587794821,31.77638723895614,12.045878638992072,0.3790826989993524,6,42.9320090111507,8,12.592681793318269,-3.0957665772646528,0.5124873851967161
江西,CEG2000_f4_r0022_c0103,1,47.850901841167776,,,,7,46.42083558532812,4,,-3.0536340732406737,0.2613839455404435
江西,CEG2000_f4_r0022_c0103,2,39.73666565336886,47.850901841167776,-8.114236187798916,-0.16957331785997729,5,39.44318243697327,1,-9.444511344988701,-3.0536340732406737,0.2613839455404435
江西,CEG2000_f4_r0022_c0103,3,48.78809317303759,39.73666565336886,9.051427519668728,0.22778528018999378,8,49.90966215950555,7,9.444511344988703,-3.0536340732406737,0.2613839455404435
江西,CEG2000_f4_r0022_c0103,4,40.710031710660814,48.78809317303759,-8.078061462376773,-0.1655744452591367,5,39.44318243697327,1,-9.444511344988701,-3.0536340732406737,0.2613839455404435
江西,CEG2000_f4_r0022_c0103,5,39.99712114224824,40.710031710660814,-0.7129105684125747,-0.017511913856502435,5,39.44318243697327,4,8.881784197001252e-16,-3.0536340732406737,0.2613839455404435
江西,CEG2000_f4_r0022_c0103,6,26.062605171256696,39.99712114224824,-13.934515970991544,-0.34838797326022464,1,25.487876140263555,0,-12.592681793318267,-3.0536340732406737,0.2613839455404435
江西,CEG2000_f4_r0022_c0103,7,30.7456150285508,26.062605171256696,4.683009857294106,0.17968310637106963,3,32.46552928861841,5,3.1481704483295676,-3.0536340732406737,0.2613839455404435
江西,CEG2000_f4_r0022_c0103,8,27.41900571181857,30.7456150285508,-3.326609316732231,-0.10819784589259626,2,28.976702714440982,3,-3.1481704483295667,-3.0536340732406737,0.2613839455404435
江西,CEG2000_f4_r0022_c0103,9,37.95339634258307,27.41900571181857,10.534390630764499,0.384200314974361,5,39.44318243697327,7,9.444511344988703,-3.0536340732406737,0.2613839455404435
江西,CEG2000_f4_r0022_c0103,10,33.072296157324274,37.95339634258307,-4.881100185258795,-0.1286077309445501,3,32.46552928861841,2,-6.296340896659133,-3.0536340732406737,0.2613839455404435
江西,CEG2000_f4_r0022_c0103,11,35.78906183352317,33.072296157324274,2.7167656761988965,0.0821462671740509,4,35.954355862795836,5,3.1481704483295676,-3.0536340732406737,0.2613839455404435
江西,CEG2000_f4_r0022_c0103,12,48.27678760250392,35.78906183352317,12.487725768980752,0.3489257647229985,8,49.90966215950555,8,12.592681793318269,-3.0536340732406737,0.2613839455404435
江西,CEG2000_f4_r0022_c0104,1,45.02694361087559,,,,7,46.42083558532812,4,,-2.288461941515298,0.022678657741764
江西,CEG2000_f4_r0022_c0104,2,38.374507534642376,45.02694361087559,-6.652436076233215,-0.14774345187014687,5,39.44318243697327,2,-6.296340896659133,-2.288461941515298,0.022678657741764
江西,CEG2000_f4_r0022_c0104,3,44.92247573305618,38.374507534642376,6.547968198413805,0.17063328285067014,7,46.42083558532812,6,6.296340896659135,-2.288461941515298,0.022678657741764
江西,CEG2000_f4_r0022_c0104,4,37.371338742164895,44.92247573305618,-7.551136990891287,-0.16809262774746822,4,35.954355862795836,2,-6.296340896659133,-2.288461941515298,0.022678657741764
江西,CEG2000_f4_r0022_c0104,5,37.03474481164212,37.371338742164895,-0.3365939305227741,-0.009006739973781187,4,35.954355862795836,4,8.881784197001252e-16,-2.288461941515298,0.022678657741764
江西,CEG2000_f4_r0022_c0104,6,24.10654490496991,37.03474481164212,-12.928199906672212,-0.34908300225706285,1,25.487876140263555,0,-12.592681793318267,-2.288461941515298,0.022678657741764
江西,CEG2000_f4_r0022_c0104,7,28.824417062189912,24.10654490496991,4.717872157220004,0.19570918088088796,2,28.976702714440982,5,3.1481704483295676,-2.288461941515298,0.022678657741764
江西,CEG2000_f4_r0022_c0104,8,25.56148096550223,28.824417062189912,-3.2629360966876817,-0.11320041927119488,1,25.487876140263555,3,-3.1481704483295667,-2.288461941515298,0.022678657741764
江西,CEG2000_f4_r0022_c0104,9,34.42194213953618,25.56148096550223,8.860461174033947,0.3466333263707226,4,35.954355862795836,7,9.444511344988703,-2.288461941515298,0.022678657741764
江西,CEG2000_f4_r0022_c0104,10,30.1268486039642,34.42194213953618,-4.295093535571979,-0.12477778035187453,2,28.976702714440982,3,-3.1481704483295667,-2.288461941515298,0.022678657741764
江西,CEG2000_f4_r0022_c0104,11,31.50754073617227,30.1268486039642,1.3806921322080719,0.04582929168457386,3,32.46552928861841,4,8.881784197001252e-16,-2.288461941515298,0.022678657741764
江西,CEG2000_f4_r0022_c0104,12,40.95871485064912,31.50754073617227,9.451174114476853,0.29996546520771206,5,39.44318243697327,7,9.444511344988703,-2.288461941515298,0.022678657741764
江西,CEG2000_f4_r0022_c0105,1,42.32328263851187,,,,6,42.9320090111507,4,,-0.1038602046826453,0.2196109568216056
江西,CEG2000_f4_r0022_c0105,2,34.561785619214575,42.32328263851187,-7.761497019297295,-0.18338598840711748,4,35.954355862795836,2,-6.296340896659133,-0.1038602046826453,0.2196109568216056
江西,CEG2000_f4_r0022_c0105,3,41.589388483653146,34.561785619214575,7.02760286443857,0.20333448456238282,6,42.9320090111507,6,6.296340896659135,-0.1038602046826453,0.2196109568216056
江西,CEG2000_f4_r0022_c0105,4,33.534253773821554,41.589388483653146,-8.055134709831592,-0.19368245130600298,3,32.46552928861841,1,-9.444511344988701,-0.1038602046826453,0.2196109568216056
江西,CEG2000_f4_r0022_c0105,5,34.00539925118031,33.534253773821554,0.47114547735875334,0.014049678294214857,3,32.46552928861841,4,8.881784197001252e-16,-0.1038602046826453,0.2196109568216056
江西,CEG2000_f4_r0022_c0105,6,21.794479908087503,34.00539925118031,-12.210919343092804,-0.35908766290014876,0,21.99904956608613,0,-12.592681793318267,-0.1038602046826453,0.2196109568216056
江西,CEG2000_f4_r0022_c0105,7,26.183621970063676,21.794479908087503,4.389142061976173,0.2013877862874557,1,25.487876140263555,5,3.1481704483295676,-0.1038602046826453,0.2196109568216056
江西,CEG2000_f4_r0022_c0105,8,22.34801829187836,26.183621970063676,-3.835603678185315,-0.14648865930659427,0,21.99904956608613,3,-3.1481704483295667,-0.1038602046826453,0.2196109568216056
江西,CEG2000_f4_r0022_c0105,9,30.780374620395417,22.34801829187836,8.432356328517056,0.37732009247466536,3,32.46552928861841,7,9.444511344988703,-0.1038602046826453,0.2196109568216056
江西,CEG2000_f4_r0022_c0105,10,27.461346782756273,30.780374620395417,-3.319027837639144,-0.1078293516102926,2,28.976702714440982,3,-3.1481704483295667,-0.1038602046826453,0.2196109568216056
江西,CEG2000_f4_r0022_c0105,11,28.44265216304571,27.461346782756273,0.981305380289438,0.03573405878642581,2,28.976702714440982,4,8.881784197001252e-16,-0.1038602046826453,0.2196109568216056
江西,CEG2000_f4_r0022_c0105,12,35.283868824718986,28.44265216304571,6.8412166616732755,0.2405266788222291,4,35.954355862795836,6,6.296340896659135,-0.1038602046826453,0.2196109568216056
江西,CEG2000_f4_r0022_c0106,1,39.73713286513435,,,,5,39.44318243697327,4,,-0.0498083504810914,0.4485978320786567
江西,CEG2000_f4_r0022_c0106,2,32.38434633589985,39.73713286513435,-7.3527865292345,-0.18503565806293712,3,32.46552928861841,2,-6.296340896659133,-0.0498083504810914,0.4485978320786567
江西,CEG2000_f4_r0022_c0106,3,37.76287240746648,32.38434633589985,5.3785260715666325,0.1660841326170057,5,39.44318243697327,6,6.296340896659135,-0.0498083504810914,0.4485978320786567
江西,CEG2000_f4_r0022_c0106,4,31.34210942418379,37.76287240746648,-6.4207629832826925,-0.17002845848170114,3,32.46552928861841,2,-6.296340896659133,-0.0498083504810914,0.4485978320786567
江西,CEG2000_f4_r0022_c0106,5,31.54511556535118,31.34210942418379,0.20300614116738913,0.006477105239468923,3,32.46552928861841,4,8.881784197001252e-16,-0.0498083504810914,0.4485978320786567
江西,CEG2000_f4_r0022_c0106,6,20.00248397715368,31.54511556535118,-11.542631588197498,-0.36590867972206137,0,21.99904956608613,0,-12.592681793318267,-0.0498083504810914,0.4485978320786567
江西,CEG2000_f4_r0022_c0106,7,23.269005742767256,20.00248397715368,3.266521765613575,0.16330580588613453,0,21.99904956608613,5,3.1481704483295676,-0.0498083504810914,0.4485978320786567
江西,CEG2000_f4_r0022_c0106,8,19.684094361021817,23.269005742767256,-3.5849113817454388,-0.154063797197684,0,21.99904956608613,3,-3.1481704483295667,-0.0498083504810914,0.4485978320786567
江西,CEG2000_f4_r0022_c0106,9,28.30361592643269,19.684094361021817,8.619521565410874,0.43789271720212525,2,28.976702714440982,7,9.444511344988703,-0.0498083504810914,0.4485978320786567
江西,CEG2000_f4_r0022_c0106,10,25.905717208894664,28.30361592643269,-2.397898717538027,-0.08472057859217323,1,25.487876140263555,3,-3.1481704483295667,-0.0498083504810914,0.4485978320786567
江西,CEG2000_f4_r0022_c0106,11,25.69860381903347,25.905717208894664,-0.20711338986119543,-0.0079948911736782,1,25.487876140263555,4,8.881784197001252e-16,-0.0498083504810914,0.4485978320786567
江西,CEG2000_f4_r0022_c0106,12,31.25424500223952,25.69860381903347,5.555641183206053,0.2161845531503665,3,32.46552928861841,6,6.296340896659135,-0.0498083504810914,0.4485978320786567
江西,CEG2000_f4_r0022_c0107,1,40.2764143851118,,,,5,39.44318243697327,4,,-0.0327462010066264,0.677583848634919
江西,CEG2000_f4_r0022_c0107,2,34.22747311964965,40.2764143851118,-6.0489412654621475,-0.15018569447676908,4,35.954355862795836,2,-6.296340896659133,-0.0327462010066264,0.677583848634919
江西,CEG2000_f4_r0022_c0107,3,39.11106867954474,34.22747311964965,4.883595559895092,0.14268057542031837,5,39.44318243697327,6,6.296340896659135,-0.0327462010066264,0.677583848634919
江西,CEG2000_f4_r0022_c0107,4,34.01752546146334,39.11106867954474,-5.0935432180814,-0.13023278038795563,3,32.46552928861841,2,-6.296340896659133,-0.0327462010066264,0.677583848634919
江西,CEG2000_f4_r0022_c0107,5,33.64606173748822,34.01752546146334,-0.3714637239751255,-0.010919774996448143,3,32.46552928861841,4,8.881784197001252e-16,-0.0327462010066264,0.677583848634919
江西,CEG2000_f4_r0022_c0107,6,21.321655342346595,33.64606173748822,-12.324406395141622,-0.3662956601369441,0,21.99904956608613,0,-12.592681793318267,-0.0327462010066264,0.677583848634919
江西,CEG2000_f4_r0022_c0107,7,25.52222051656442,21.321655342346595,4.200565174217825,0.19700933660038816,1,25.487876140263555,5,3.1481704483295676,-0.0327462010066264,0.677583848634919
江西,CEG2000_f4_r0022_c0107,8,22.01733979815886,25.52222051656442,-3.504880718405559,-0.1373266372387474,0,21.99904956608613,3,-3.1481704483295667,-0.0327462010066264,0.677583848634919
江西,CEG2000_f4_r0022_c0107,9,30.55448202127908,22.01733979815886,8.53714222312022,0.38774630819996314,2,28.976702714440982,7,9.444511344988703,-0.0327462010066264,0.677583848634919
江西,CEG2000_f4_r0022_c0107,10,28.274911248720557,30.55448202127908,-2.2795707725585252,-0.07460675559713177,2,28.976702714440982,3,-3.1481704483295667,-0.0327462010066264,0.677583848634919
江西,CEG2000_f4_r0022_c0107,11,27.86822566794264,28.274911248720557,-0.4066855807779177,-0.014383266394737854,2,28.976702714440982,4,8.881784197001252e-16,-0.0327462010066264,0.677583848634919
江西,CEG2000_f4_r0022_c0107,12,33.12142299271273,27.86822566794264,5.253197324770092,0.1885013200109452,3,32.46552928861841,6,6.296340896659135,-0.0327462010066264,0.677583848634919
江西,CEG2000_f4_r0022_c0108,1,40.62329022422725,,,,5,39.44318243697327,4,,-0.0251928507377738,0.8806728376483667
江西,CEG2000_f4_r0022_c0108,2,34.101169395697966,40.62329022422725,-6.522120828529282,-0.16055126978955453,3,32.46552928861841,2,-6.296340896659133,-0.0251928507377738,0.8806728376483667
江西,CEG2000_f4_r0022_c0108,3,37.60396514412703,34.101169395697966,3.5027957484290653,0.10271776043172762,4,35.954355862795836,5,3.1481704483295676,-0.0251928507377738,0.8806728376483667
江西,CEG2000_f4_r0022_c0108,4,33.005471616109475,37.60396514412703,-4.598493528017556,-0.12228746384570423,3,32.46552928861841,3,-3.1481704483295667,-0.0251928507377738,0.8806728376483667
江西,CEG2000_f4_r0022_c0108,5,33.111857484460224,33.005471616109475,0.10638586835074904,0.0032232797515556084,3,32.46552928861841,4,8.881784197001252e-16,-0.0251928507377738,0.8806728376483667
江西,CEG2000_f4_r0022_c0108,6,20.603401186496644,33.111857484460224,-12.50845629796358,-0.37776365472199624,0,21.99904956608613,0,-12.592681793318267,-0.0251928507377738,0.8806728376483667
江西,CEG2000_f4_r0022_c0108,7,24.37429526509632,20.603401186496644,3.7708940785996745,0.1830228924082252,1,25.487876140263555,5,3.1481704483295676,-0.0251928507377738,0.8806728376483667
江西,CEG2000_f4_r0022_c0108,8,22.25398518769738,24.37429526509632,-2.120310077398937,-0.08698959515909345,0,21.99904956608613,3,-3.1481704483295667,-0.0251928507377738,0.8806728376483667
江西,CEG2000_f4_r0022_c0108,9,29.007098555253027,22.25398518769738,6.753113367555645,0.3034563612134043,2,28.976702714440982,6,6.296340896659135,-0.0251928507377738,0.8806728376483667
江西,CEG2000_f4_r0022_c0108,10,27.84550730747434,29.007098555253027,-1.1615912477786878,-0.04004506847060476,2,28.976702714440982,4,8.881784197001252e-16,-0.0251928507377738,0.8806728376483667
江西,CEG2000_f4_r0022_c0108,11,27.09039942740397,27.84550730747434,-0.7551078800703692,-0.027117763441418138,1,25.487876140263555,4,8.881784197001252e-16,-0.0251928507377738,0.8806728376483667
江西,CEG2000_f4_r0022_c0108,12,31.903435434476183,27.09039942740397,4.813036007072213,0.1776657453859269,3,32.46552928861841,6,6.296340896659135,-0.0251928507377738,0.8806728376483667
江西,CEG2000_f4_r0023_c0100,1,49.34526348944892,,,,8,49.90966215950555,4,,2.8969768903821187,0.908806967621925
江西,CEG2000_f4_r0023_c0100,2,39.428026181931195,49.34526348944892,-9.917237307517723,-0.20097647892058054,5,39.44318243697327,1,-9.444511344988701,2.8969768903821187,0.908806967621925
江西,CEG2000_f4_r0023_c0100,3,47.454613899981545,39.428026181931195,8.02658771805035,0.20357569209814314,7,46.42083558532812,7,9.444511344988703,2.8969768903821187,0.908806967621925
江西,CEG2000_f4_r0023_c0100,4,40.688173013474525,47.454613899981545,-6.76644088650702,-0.1425876291137552,5,39.44318243697327,2,-6.296340896659133,2.8969768903821187,0.908806967621925
江西,CEG2000_f4_r0023_c0100,5,36.84909540358066,40.688173013474525,-3.839077609893863,-0.09435364936691781,4,35.954355862795836,3,-3.1481704483295667,2.8969768903821187,0.908806967621925
江西,CEG2000_f4_r0023_c0100,6,27.126264470786108,36.84909540358066,-9.722830932794555,-0.26385534912886294,1,25.487876140263555,1,-9.444511344988701,2.8969768903821187,0.908806967621925
江西,CEG2000_f4_r0023_c0100,7,30.196212739686914,27.126264470786108,3.0699482689008057,0.11317254066467634,2,28.976702714440982,5,3.1481704483295676,2.8969768903821187,0.908806967621925
江西,CEG2000_f4_r0023_c0100,8,27.085962206750295,30.196212739686914,-3.110250532936618,-0.10300134522660892,1,25.487876140263555,3,-3.1481704483295667,2.8969768903821187,0.908806967621925
江西,CEG2000_f4_r0023_c0100,9,35.517243634098726,27.085962206750295,8.43128142734843,0.31127863810011547,4,35.954355862795836,7,9.444511344988703,2.8969768903821187,0.908806967621925
江西,CEG2000_f4_r0023_c0100,10,31.960770917119746,35.517243634098726,-3.5564727169789805,-0.10013369149976913,3,32.46552928861841,3,-3.1481704483295667,2.8969768903821187,0.908806967621925
江西,CEG2000_f4_r0023_c0100,11,33.56593081702753,31.960770917119746,1.6051598999077825,0.05022281546556753,3,32.46552928861841,5,3.1481704483295676,2.8969768903821187,0.908806967621925
江西,CEG2000_f4_r0023_c0100,12,50.82661694710483,33.56593081702753,17.260686130077303,0.5142323096644529,8,49.90966215950555,8,12.592681793318269,2.8969768903821187,0.908806967621925
江西,CEG2000_f4_r0023_c0101,1,46.851145533911584,,,,7,46.42083558532812,4,,2.819157811026769,0.7135712684229719
江西,CEG2000_f4_r0023_c0101,2,37.80636109573134,46.851145533911584,-9.044784438180244,-0.19305364543612896,5,39.44318243697327,1,-9.444511344988701,2.819157811026769,0.7135712684229719
江西,CEG2000_f4_r0023_c0101,3,43.508995887765856,37.80636109573134,5.702634792034516,0.15083797082704137,6,42.9320090111507,6,6.296340896659135,2.819157811026769,0.7135712684229719
江西,CEG2000_f4_r0023_c0101,4,37.40878497291871,43.508995887765856,-6.100210914847146,-0.14020573884497398,4,35.954355862795836,2,-6.296340896659133,2.819157811026769,0.7135712684229719
江西,CEG2000_f4_r0023_c0101,5,35.36801661150326,37.40878497291871,-2.040768361415452,-0.05455318484395638,4,35.954355862795836,3,-3.1481704483295667,2.819157811026769,0.7135712684229719
江西,CEG2000_f4_r0023_c0101,6,24.88339417119962,35.36801661150326,-10.484622440303639,-0.2964436076659603,1,25.487876140263555,1,-9.444511344988701,2.819157811026769,0.7135712684229719
江西,CEG2000_f4_r0023_c0101,7,27.784513671164355,24.88339417119962,2.901119499964736,0.11658857630132032,2,28.976702714440982,5,3.1481704483295676,2.819157811026769,0.7135712684229719
江西,CEG2000_f4_r0023_c0101,8,24.430093213238028,27.784513671164355,-3.3544204579263273,-0.12072986044048166,1,25.487876140263555,3,-3.1481704483295667,2.819157811026769,0.7135712684229719
江西,CEG2000_f4_r0023_c0101,9,32.531065104768565,24.430093213238028,8.100971891530538,0.3315980754072945,3,32.46552928861841,7,9.444511344988703,2.819157811026769,0.7135712684229719
江西,CEG2000_f4_r0023_c0101,10,29.65915505710619,32.531065104768565,-2.871910047662375,-0.0882820786350889,2,28.976702714440982,3,-3.1481704483295667,2.819157811026769,0.7135712684229719
江西,CEG2000_f4_r0023_c0101,11,30.638874037848534,29.65915505710619,0.9797189807423443,0.03303259917067693,2,28.976702714440982,4,8.881784197001252e-16,2.819157811026769,0.7135712684229719
江西,CEG2000_f4_r0023_c0101,12,45.08991069870379,30.638874037848534,14.451036660855255,0.47165691020511175,7,46.42083558532812,8,12.592681793318269,2.819157811026769,0.7135712684229719
江西,CEG2000_f4_r0023_c0102,1,47.50566793738173,,,,7,46.42083558532812,4,,2.682392996332898,0.5237118820695512
江西,CEG2000_f4_r0023_c0102,2,41.466508438389,47.50566793738173,-6.039159498992731,-0.12712503078481246,6,42.9320090111507,2,-6.296340896659133,2.682392996332898,0.5237118820695512
江西,CEG2000_f4_r0023_c0102,3,46.097097301641874,41.466508438389,4.630588863252875,0.1116705755473242,7,46.42083558532812,5,3.1481704483295676,2.682392996332898,0.5237118820695512
江西,CEG2000_f4_r0023_c0102,4,37.98080200665587,46.097097301641874,-8.116295294986003,-0.1760695525333418,5,39.44318243697327,1,-9.444511344988701,2.682392996332898,0.5237118820695512
江西,CEG2000_f4_r0023_c0102,5,37.95735946924018,37.98080200665587,-0.023442537415689912,-0.0006172207056497061,5,39.44318243697327,4,8.881784197001252e-16,2.682392996332898,0.5237118820695512
江西,CEG2000_f4_r0023_c0102,6,25.47400945453772,37.95735946924018,-12.483350014702463,-0.3288782515237578,1,25.487876140263555,0,-12.592681793318267,2.682392996332898,0.5237118820695512
江西,CEG2000_f4_r0023_c0102,7,28.4692182606715,25.47400945453772,2.995208806133782,0.11757900975420425,2,28.976702714440982,5,3.1481704483295676,2.682392996332898,0.5237118820695512
江西,CEG2000_f4_r0023_c0102,8,24.893294906279845,28.4692182606715,-3.575923354391655,-0.1256066577469595,1,25.487876140263555,3,-3.1481704483295667,2.682392996332898,0.5237118820695512
江西,CEG2000_f4_r0023_c0102,9,34.314578175400136,24.893294906279845,9.421283269120291,0.3784667037686353,4,35.954355862795836,7,9.444511344988703,2.682392996332898,0.5237118820695512
江西,CEG2000_f4_r0023_c0102,10,32.56375989012589,34.314578175400136,-1.7508182852742493,-0.05102257927592413,3,32.46552928861841,3,-3.1481704483295667,2.682392996332898,0.5237118820695512
江西,CEG2000_f4_r0023_c0102,11,32.7647107083005,32.56375989012589,0.20095081817461136,0.006170995574609444,3,32.46552928861841,4,8.881784197001252e-16,2.682392996332898,0.5237118820695512
江西,CEG2000_f4_r0023_c0102,12,45.889520204424144,32.7647107083005,13.124809496123646,0.40057760964141986,7,46.42083558532812,8,12.592681793318269,2.682392996332898,0.5237118820695512
江西,CEG2000_f4_r0023_c0103,1,49.65544388930452,,,,8,49.90966215950555,4,,2.381388076823744,0.3651789155377367
江西,CEG2000_f4_r0023_c0103,2,40.70178636094688,49.65544388930452,-8.953657528357638,-0.18031572828787462,5,39.44318243697327,1,-9.444511344988701,2.381388076823744,0.3651789155377367
江西,CEG2000_f4_r0023_c0103,3,50.69795317393405,40.70178636094688,9.99616681298717,0.2455952847951271,8,49.90966215950555,7,9.444511344988703,2.381388076823744,0.3651789155377367
江西,CEG2000_f4_r0023_c0103,4,41.17213525525434,50.69795317393405,-9.525817918679714,-0.18789354051432075,5,39.44318243697327,1,-9.444511344988701,2.381388076823744,0.3651789155377367
江西,CEG2000_f4_r0023_c0103,5,41.18203944251452,41.17213525525434,0.00990418726018305,0.0002405555893271066,5,39.44318243697327,4,8.881784197001252e-16,2.381388076823744,0.3651789155377367
江西,CEG2000_f4_r0023_c0103,6,26.855783085221503,41.18203944251452,-14.326256357293019,-0.34787632062979434,1,25.487876140263555,0,-12.592681793318267,2.381388076823744,0.3651789155377367
江西,CEG2000_f4_r0023_c0103,7,30.961910762589326,26.855783085221503,4.106127677367823,0.15289547373606052,3,32.46552928861841,5,3.1481704483295676,2.381388076823744,0.3651789155377367
江西,CEG2000_f4_r0023_c0103,8,27.843363931670833,30.961910762589326,-3.1185468309184934,-0.10072204053654767,2,28.976702714440982,3,-3.1481704483295667,2.381388076823744,0.3651789155377367
江西,CEG2000_f4_r0023_c0103,9,37.91024153376245,27.843363931670833,10.066877602091619,0.36155392813872267,5,39.44318243697327,7,9.444511344988703,2.381388076823744,0.3651789155377367
江西,CEG2000_f4_r0023_c0103,10,34.45489949250356,37.91024153376245,-3.455342041258895,-0.09114534493750467,4,35.954355862795836,3,-3.1481704483295667,2.381388076823744,0.3651789155377367
江西,CEG2000_f4_r0023_c0103,11,36.49942728396338,34.45489949250356,2.0445277914598208,0.05933924700330802,4,35.954355862795836,5,3.1481704483295676,2.381388076823744,0.3651789155377367
江西,CEG2000_f4_r0023_c0103,12,50.1406743876839,36.49942728396338,13.641247103720524,0.3737386616396041,8,49.90966215950555,8,12.592681793318269,2.381388076823744,0.3651789155377367
江西,CEG2000_f4_r0023_c0104,1,47.96883394828286,,,,7,46.42083558532812,4,,1.651581869790076,0.1597494045127695
江西,CEG2000_f4_r0023_c0104,2,39.56722533013061,47.96883394828286,-8.401608618152245,-0.17514723470681734,5,39.44318243697327,1,-9.444511344988701,1.651581869790076,0.1597494045127695
江西,CEG2000_f4_r0023_c0104,3,46.581845278782126,39.56722533013061,7.014619948651514,0.17728359494821214,7,46.42083558532812,6,6.296340896659135,1.651581869790076,0.1597494045127695
江西,CEG2000_f4_r0023_c0104,4,40.30429009743559,46.581845278782126,-6.277555181346536,-0.13476398678018753,5,39.44318243697327,2,-6.296340896659133,1.651581869790076,0.1597494045127695
江西,CEG2000_f4_r0023_c0104,5,40.487524375097,40.30429009743559,0.18323427766141265,0.004546272300503096,5,39.44318243697327,4,8.881784197001252e-16,1.651581869790076,0.1597494045127695
江西,CEG2000_f4_r0023_c0104,6,25.87210548041024,40.487524375097,-14.615418894686762,-0.3609857387002004,1,25.487876140263555,0,-12.592681793318267,1.651581869790076,0.1597494045127695
江西,CEG2000_f4_r0023_c0104,7,30.16082711617747,25.87210548041024,4.288721635767228,0.16576623959014655,2,28.976702714440982,5,3.1481704483295676,1.651581869790076,0.1597494045127695
江西,CEG2000_f4_r0023_c0104,8,27.370489072630892,30.16082711617747,-2.7903380435465763,-0.09251530247490836,2,28.976702714440982,3,-3.1481704483295667,1.651581869790076,0.1597494045127695
江西,CEG2000_f4_r0023_c0104,9,36.30140161664401,27.370489072630892,8.930912544013115,0.32629714873979276,4,35.954355862795836,7,9.444511344988703,1.651581869790076,0.1597494045127695
江西,CEG2000_f4_r0023_c0104,10,33.05617544980957,36.30140161664401,-3.245226166834435,-0.0893967180965959,3,32.46552928861841,3,-3.1481704483295667,1.651581869790076,0.1597494045127695
江西,CEG2000_f4_r0023_c0104,11,34.95324992881989,33.05617544980957,1.8970744790103211,0.057389412211062356,4,35.954355862795836,5,3.1481704483295676,1.651581869790076,0.1597494045127695
江西,CEG2000_f4_r0023_c0104,12,45.78174291026388,34.95324992881989,10.828492981443986,0.3097993177600233,7,46.42083558532812,7,9.444511344988703,1.651581869790076,0.1597494045127695
江西,CEG2000_f4_r0023_c0105,1,44.58738419862946,,,,6,42.9320090111507,4,,0.8436620711010763,0.1613389108455227
江西,CEG2000_f4_r0023_c0105,2,36.860956730223144,44.58738419862946,-7.726427468406314,-0.17328730104431225,4,35.954355862795836,2,-6.296340896659133,0.8436620711010763,0.1613389108455227
江西,CEG2000_f4_r0023_c0105,3,44.49126835435738,36.860956730223144,7.630311624134237,0.20700253875608088,6,42.9320090111507,6,6.296340896659135,0.8436620711010763,0.1613389108455227
江西,CEG2000_f4_r0023_c0105,4,38.01767454036868,44.49126835435738,-6.4735938139887,-0.14550256833383104,5,39.44318243697327,2,-6.296340896659133,0.8436620711010763,0.1613389108455227
江西,CEG2000_f4_r0023_c0105,5,36.871701003624,38.01767454036868,-1.145973536744684,-0.030143178155934907,4,35.954355862795836,4,8.881784197001252e-16,0.8436620711010763,0.1613389108455227
江西,CEG2000_f4_r0023_c0105,6,23.81956171337166,36.871701003624,-13.052139290252338,-0.3539879890263128,1,25.487876140263555,0,-12.592681793318267,0.8436620711010763,0.1613389108455227
江西,CEG2000_f4_r0023_c0105,7,28.001055681510813,23.81956171337166,4.181493968139154,0.17554873672557025,2,28.976702714440982,5,3.1481704483295676,0.8436620711010763,0.1613389108455227
江西,CEG2000_f4_r0023_c0105,8,25.07748920035244,28.001055681510813,-2.9235664811583746,-0.10440915208382,1,25.487876140263555,3,-3.1481704483295667,0.8436620711010763,0.1613389108455227
江西,CEG2000_f4_r0023_c0105,9,32.946165524812216,25.07748920035244,7.868676324459777,0.31377448761294613,3,32.46552928861841,6,6.296340896659135,0.8436620711010763,0.1613389108455227
江西,CEG2000_f4_r0023_c0105,10,29.68180707498388,32.946165524812216,-3.264358449828336,-0.09908158955159448,2,28.976702714440982,3,-3.1481704483295667,0.8436620711010763,0.1613389108455227
江西,CEG2000_f4_r0023_c0105,11,30.33052381368704,29.68180707498388,0.6487167387031612,0.021855702284713858,2,28.976702714440982,4,8.881784197001252e-16,0.8436620711010763,0.1613389108455227
江西,CEG2000_f4_r0023_c0105,12,38.93069688920034,30.33052381368704,8.6001730755133,0.2835484519931819,5,39.44318243697327,7,9.444511344988703,0.8436620711010763,0.1613389108455227
江西,CEG2000_f4_r0023_c0106,1,44.59020796550623,,,,6,42.9320090111507,4,,0.4931866919710099,0.2587819174135633
江西,CEG2000_f4_r0023_c0106,2,36.05545675645577,44.59020796550623,-8.534751209050462,-0.19140415796339666,4,35.954355862795836,1,-9.444511344988701,0.4931866919710099,0.2587819174135633
江西,CEG2000_f4_r0023_c0106,3,45.05198320794088,36.05545675645577,8.99652645148511,0.24951913692992594,7,46.42083558532812,7,9.444511344988703,0.4931866919710099,0.2587819174135633
江西,CEG2000_f4_r0023_c0106,4,38.47661050054128,45.05198320794088,-6.575372707399602,-0.14595079370980107,5,39.44318243697327,2,-6.296340896659133,0.4931866919710099,0.2587819174135633
江西,CEG2000_f4_r0023_c0106,5,39.03425801956489,38.47661050054128,0.557647519023611,0.014493156017881726,5,39.44318243697327,4,8.881784197001252e-16,0.4931866919710099,0.2587819174135633
江西,CEG2000_f4_r0023_c0106,6,24.345465651980753,39.03425801956489,-14.688792367584135,-0.37630515123975883,1,25.487876140263555,0,-12.592681793318267,0.4931866919710099,0.2587819174135633
江西,CEG2000_f4_r0023_c0106,7,28.1717802885814,24.345465651980753,3.826314636600646,0.15716744511269334,2,28.976702714440982,5,3.1481704483295676,0.4931866919710099,0.2587819174135633
江西,CEG2000_f4_r0023_c0106,8,24.947551366414732,28.1717802885814,-3.2242289221666667,-0.11444888782813321,1,25.487876140263555,3,-3.1481704483295667,0.4931866919710099,0.2587819174135633
江西,CEG2000_f4_r0023_c0106,9,33.52797528121149,24.947551366414732,8.580423914796757,0.34393852081002324,3,32.46552928861841,7,9.444511344988703,0.4931866919710099,0.2587819174135633
江西,CEG2000_f4_r0023_c0106,10,30.170508021059753,33.52797528121149,-3.3574672601517364,-0.10013927867672953,2,28.976702714440982,3,-3.1481704483295667,0.4931866919710099,0.2587819174135633
江西,CEG2000_f4_r0023_c0106,11,31.92884321138058,30.170508021059753,1.7583351903208282,0.05827993314177763,3,32.46552928861841,5,3.1481704483295676,0.4931866919710099,0.2587819174135633
江西,CEG2000_f4_r0023_c0106,12,40.3849378666934,31.92884321138058,8.456094655312818,0.26484187351638105,5,39.44318243697327,7,9.444511344988703,0.4931866919710099,0.2587819174135633
江西,CEG2000_f4_r0023_c0107,1,43.37375830154721,,,,6,42.9320090111507,4,,0.339525007402571,0.3849736025777543
江西,CEG2000_f4_r0023_c0107,2,36.45405682810485,43.37375830154721,-6.919701473442366,-0.15953658950498484,4,35.954355862795836,2,-6.296340896659133,0.339525007402571,0.3849736025777543
江西,CEG2000_f4_r0023_c0107,3,43.29489864844756,36.45405682810485,6.84084182034271,0.1876565303170497,6,42.9320090111507,6,6.296340896659135,0.339525007402571,0.3849736025777543
江西,CEG2000_f4_r0023_c0107,4,38.408189430816385,43.29489864844756,-4.8867092176311715,-0.112870323529592,5,39.44318243697327,2,-6.296340896659133,0.339525007402571,0.3849736025777543
江西,CEG2000_f4_r0023_c0107,5,37.790974755488875,38.408189430816385,-0.6172146753275101,-0.016069871672531762,5,39.44318243697327,4,8.881784197001252e-16,0.339525007402571,0.3849736025777543
江西,CEG2000_f4_r0023_c0107,6,23.906516868147587,37.790974755488875,-13.884457887341288,-0.3674014226194223,1,25.487876140263555,0,-12.592681793318267,0.339525007402571,0.3849736025777543
江西,CEG2000_f4_r0023_c0107,7,27.5989281396624,23.906516868147587,3.692411271514814,0.15445208065565108,2,28.976702714440982,5,3.1481704483295676,0.339525007402571,0.3849736025777543
江西,CEG2000_f4_r0023_c0107,8,24.775769705937353,27.5989281396624,-2.823158433725048,-0.10229232162345787,1,25.487876140263555,3,-3.1481704483295667,0.339525007402571,0.3849736025777543
江西,CEG2000_f4_r0023_c0107,9,33.17056239176608,24.775769705937353,8.39479268582873,0.3388307522012917,3,32.46552928861841,7,9.444511344988703,0.339525007402571,0.3849736025777543
江西,CEG2000_f4_r0023_c0107,10,30.34219754606379,33.17056239176608,-2.8283648457022927,-0.08526731661337092,2,28.976702714440982,3,-3.1481704483295667,0.339525007402571,0.3849736025777543
江西,CEG2000_f4_r0023_c0107,11,31.429563871387167,30.34219754606379,1.0873663253233765,0.035836769030080935,3,32.46552928861841,4,8.881784197001252e-16,0.339525007402571,0.3849736025777543
江西,CEG2000_f4_r0023_c0107,12,37.597460491122774,31.429563871387167,6.1678966197356075,0.19624505910979995,4,35.954355862795836,6,6.296340896659135,0.339525007402571,0.3849736025777543
江西,CEG2000_f4_r0023_c0108,1,40.229671225676306,,,,5,39.44318243697327,4,,0.2871468693864106,0.5279704112084307
江西,CEG2000_f4_r0023_c0108,2,37.94181603571131,40.229671225676306,-2.2878551899649935,-0.056869845570718607,5,39.44318243697327,3,-3.1481704483295667,0.2871468693864106,0.5279704112084307
江西,CEG2000_f4_r0023_c0108,3,38.88742293720768,37.94181603571131,0.9456069014963688,0.02492255248421298,5,39.44318243697327,4,8.881784197001252e-16,0.2871468693864106,0.5279704112084307
江西,CEG2000_f4_r0023_c0108,4,35.30129821769747,38.88742293720768,-3.5861247195102095,-0.09221811188930669,4,35.954355862795836,3,-3.1481704483295667,0.2871468693864106,0.5279704112084307
江西,CEG2000_f4_r0023_c0108,5,34.03552651849398,35.30129821769747,-1.2657716992034906,-0.03585623654398427,3,32.46552928861841,4,8.881784197001252e-16,0.2871468693864106,0.5279704112084307
江西,CEG2000_f4_r0023_c0108,6,21.719500775236384,34.03552651849398,-12.316025743257597,-0.36185794677115996,0,21.99904956608613,0,-12.592681793318267,0.2871468693864106,0.5279704112084307
江西,CEG2000_f4_r0023_c0108,7,25.57801911292671,21.719500775236384,3.8585183376903274,0.17765225718676,1,25.487876140263555,5,3.1481704483295676,0.2871468693864106,0.5279704112084307
江西,CEG2000_f4_r0023_c0108,8,23.82094738240358,25.57801911292671,-1.7570717305231298,-0.06869459760608024,1,25.487876140263555,3,-3.1481704483295667,0.2871468693864106,0.5279704112084307
江西,CEG2000_f4_r0023_c0108,9,29.68715443782998,23.82094738240358,5.8662070554264005,0.24626254200786907,2,28.976702714440982,6,6.296340896659135,0.2871468693864106,0.5279704112084307
江西,CEG2000_f4_r0023_c0108,10,28.020532519324497,29.68715443782998,-1.6666219185054842,-0.056139497033832524,2,28.976702714440982,3,-3.1481704483295667,0.2871468693864106,0.5279704112084307
江西,CEG2000_f4_r0023_c0108,11,27.155732190886894,28.020532519324497,-0.8648003284376031,-0.03086309397728931,1,25.487876140263555,4,8.881784197001252e-16,0.2871468693864106,0.5279704112084307
江西,CEG2000_f4_r0023_c0108,12,31.54798402598973,27.155732190886894,4.392251835102837,0.1617430826106327,3,32.46552928861841,5,3.1481704483295676,0.2871468693864106,0.5279704112084307
江西,CEG2000_f4_r0024_c0100,1,47.596182639514694,,,,7,46.42083558532812,4,,2.7079270899761867,0.9563625082940316
江西,CEG2000_f4_r0024_c0100,2,38.77030438471505,47.596182639514694,-8.825878254799647,-0.18543248145855168,5,39.44318243697327,1,-9.444511344988701,2.7079270899761867,0.9563625082940316
江西,CEG2000_f4_r0024_c0100,3,44.76898946502736,38.77030438471505,5.998685080312313,0.15472370350224174,7,46.42083558532812,6,6.296340896659135,2.7079270899761867,0.9563625082940316
江西,CEG2000_f4_r0024_c0100,4,40.23317366395301,44.76898946502736,-4.5358158010743495,-0.10131601930880388,5,39.44318243697327,3,-3.1481704483295667,2.7079270899761867,0.9563625082940316
江西,CEG2000_f4_r0024_c0100,5,38.03863927217395,40.23317366395301,-2.194534391779058,-0.054545396048267886,5,39.44318243697327,3,-3.1481704483295667,2.7079270899761867,0.9563625082940316
江西,CEG2000_f4_r0024_c0100,6,27.48386033503955,38.03863927217395,-10.554778937134401,-0.2774751973016931,2,28.976702714440982,1,-9.444511344988701,2.7079270899761867,0.9563625082940316
江西,CEG2000_f4_r0024_c0100,7,30.30393720376442,27.48386033503955,2.8200768687248683,0.10260847036577003,2,28.976702714440982,5,3.1481704483295676,2.7079270899761867,0.9563625082940316
江西,CEG2000_f4_r0024_c0100,8,27.601659935005763,30.30393720376442,-2.7022772687586567,-0.08917248113961158,2,28.976702714440982,3,-3.1481704483295667,2.7079270899761867,0.9563625082940316
江西,CEG2000_f4_r0024_c0100,9,35.609205760651456,27.601659935005763,8.007545825645693,0.29011102392034527,4,35.954355862795836,7,9.444511344988703,2.7079270899761867,0.9563625082940316
江西,CEG2000_f4_r0024_c0100,10,33.42687955122823,35.609205760651456,-2.1823262094232234,-0.061285450287541,3,32.46552928861841,3,-3.1481704483295667,2.7079270899761867,0.9563625082940316
江西,CEG2000_f4_r0024_c0100,11,33.533817001487904,33.42687955122823,0.10693745025967161,0.0031991454690164854,3,32.46552928861841,4,8.881784197001252e-16,2.7079270899761867,0.9563625082940316
江西,CEG2000_f4_r0024_c0100,12,48.8667660819985,33.533817001487904,15.332949080510595,0.45723840742108984,8,49.90966215950555,8,12.592681793318269,2.7079270899761867,0.9563625082940316
江西,CEG2000_f4_r0024_c0101,1,47.52295685459635,,,,7,46.42083558532812,4,,2.533767233284282,0.8843594242548326
江西,CEG2000_f4_r0024_c0101,2,37.772100226940026,47.52295685459635,-9.750856627656326,-0.20518202723560616,5,39.44318243697327,1,-9.444511344988701,2.533767233284282,0.8843594242548326
江西,CEG2000_f4_r0024_c0101,3,44.87777708542588,37.772100226940026,7.105676858485857,0.18811971841104846,7,46.42083558532812,6,6.296340896659135,2.533767233284282,0.8843594242548326
江西,CEG2000_f4_r0024_c0101,4,38.21374782253455,44.87777708542588,-6.664029262891333,-0.14849285538822923,5,39.44318243697327,2,-6.296340896659133,2.533767233284282,0.8843594242548326
江西,CEG2000_f4_r0024_c0101,5,37.37874545452881,38.21374782253455,-0.835002368005739,-0.02185083682143682,4,35.954355862795836,4,8.881784197001252e-16,2.533767233284282,0.8843594242548326
江西,CEG2000_f4_r0024_c0101,6,25.765281257918563,37.37874545452881,-11.613464196610249,-0.3106970032137117,1,25.487876140263555,0,-12.592681793318267,2.533767233284282,0.8843594242548326
江西,CEG2000_f4_r0024_c0101,7,28.68007373194018,25.765281257918563,2.914792474021617,0.11312868836336884,2,28.976702714440982,5,3.1481704483295676,2.533767233284282,0.8843594242548326
江西,CEG2000_f4_r0024_c0101,8,25.514795600910613,28.68007373194018,-3.1652781310295666,-0.11036506253833255,1,25.487876140263555,3,-3.1481704483295667,2.533767233284282,0.8843594242548326
江西,CEG2000_f4_r0024_c0101,9,33.71891701644806,25.514795600910613,8.204121415537447,0.3215436856270424,3,32.46552928861841,7,9.444511344988703,2.533767233284282,0.8843594242548326
江西,CEG2000_f4_r0024_c0101,10,32.43204583106844,33.71891701644806,-1.286871185379617,-0.038164665393965125,3,32.46552928861841,4,8.881784197001252e-16,2.533767233284282,0.8843594242548326
江西,CEG2000_f4_r0024_c0101,11,31.82230200643881,32.43204583106844,-0.6097438246296321,-0.01880065870052283,3,32.46552928861841,4,8.881784197001252e-16,2.533767233284282,0.8843594242548326
江西,CEG2000_f4_r0024_c0101,12,46.4285630587337,31.82230200643881,14.60626105229489,0.45899448284223787,7,46.42083558532812,8,12.592681793318269,2.533767233284282,0.8843594242548326
江西,CEG2000_f4_r0024_c0102,1,50.432066129888725,,,,8,49.90966215950555,4,,2.3391116529744607,0.6180451529928281
江西,CEG2000_f4_r0024_c0102,2,40.92388447779467,50.432066129888725,-9.508181652094052,-0.1885344460725752,5,39.44318243697327,1,-9.444511344988701,2.3391116529744607,0.6180451529928281
江西,CEG2000_f4_r0024_c0102,3,50.79828927572011,40.92388447779467,9.874404797925436,0.24128708513199168,8,49.90966215950555,7,9.444511344988703,2.3391116529744607,0.6180451529928281
江西,CEG2000_f4_r0024_c0102,4,41.082479285818856,50.79828927572011,-9.715809989901253,-0.19126254305861215,5,39.44318243697327,1,-9.444511344988701,2.3391116529744607,0.6180451529928281
江西,CEG2000_f4_r0024_c0102,5,41.513030072961634,41.082479285818856,0.43055078714277784,0.010480155887071753,6,42.9320090111507,4,8.881784197001252e-16,2.3391116529744607,0.6180451529928281
江西,CEG2000_f4_r0024_c0102,6,27.031065649235465,41.513030072961634,-14.481964423726168,-0.3488534659665471,1,25.487876140263555,0,-12.592681793318267,2.3391116529744607,0.6180451529928281
江西,CEG2000_f4_r0024_c0102,7,30.613585774258407,27.031065649235465,3.582520125022942,0.13253344028352312,2,28.976702714440982,5,3.1481704483295676,2.3391116529744607,0.6180451529928281
江西,CEG2000_f4_r0024_c0102,8,27.331636572462067,30.613585774258407,-3.2819492017963405,-0.10720564477474523,2,28.976702714440982,3,-3.1481704483295667,2.3391116529744607,0.6180451529928281
江西,CEG2000_f4_r0024_c0102,9,36.35137704757987,27.331636572462067,9.0197404751178,0.33001099115321986,4,35.954355862795836,7,9.444511344988703,2.3391116529744607,0.6180451529928281
江西,CEG2000_f4_r0024_c0102,10,35.572477619154434,36.35137704757987,-0.7788994284254329,-0.021426957977573755,4,35.954355862795836,4,8.881784197001252e-16,2.3391116529744607,0.6180451529928281
江西,CEG2000_f4_r0024_c0102,11,35.92677419866728,35.572477619154434,0.3542965795128481,0.009959851076610779,4,35.954355862795836,4,8.881784197001252e-16,2.3391116529744607,0.6180451529928281
江西,CEG2000_f4_r0024_c0102,12,50.1416499279757,35.92677419866728,14.214875729308417,0.39566245638150627,8,49.90966215950555,8,12.592681793318269,2.3391116529744607,0.6180451529928281
江西,CEG2000_f4_r0024_c0103,1,51.499057955705766,,,,8,49.90966215950555,4,,2.03647858714842,0.378531786594598
江西,CEG2000_f4_r0024_c0103,2,42.37440985217561,51.499057955705766,-9.124648103530156,-0.17718087409245906,6,42.9320090111507,1,-9.444511344988701,2.03647858714842,0.378531786594598
江西,CEG2000_f4_r0024_c0103,3,53.992985524214056,42.37440985217561,11.618575672038446,0.274188495192504,8,49.90966215950555,8,12.592681793318269,2.03647858714842,0.378531786594598
江西,CEG2000_f4_r0024_c0103,4,43.816520094330414,53.992985524214056,-10.176465429883642,-0.18847754631608277,6,42.9320090111507,1,-9.444511344988701,2.03647858714842,0.378531786594598
江西,CEG2000_f4_r0024_c0103,5,45.44243467850616,43.816520094330414,1.6259145841757459,0.03710734172123653,7,46.42083558532812,5,3.1481704483295676,2.03647858714842,0.378531786594598
江西,CEG2000_f4_r0024_c0103,6,28.3876929370762,45.44243467850616,-17.05474174142996,-0.3753043132941266,2,28.976702714440982,0,-12.592681793318267,2.03647858714842,0.378531786594598
江西,CEG2000_f4_r0024_c0103,7,32.07235200780501,28.3876929370762,3.6846590707288094,0.12979776408375904,3,32.46552928861841,5,3.1481704483295676,2.03647858714842,0.378531786594598
江西,CEG2000_f4_r0024_c0103,8,28.631858583022066,32.07235200780501,-3.440493424782943,-0.10727287552673646,2,28.976702714440982,3,-3.1481704483295667,2.03647858714842,0.378531786594598
江西,CEG2000_f4_r0024_c0103,9,38.835482596350566,28.631858583022066,10.2036240133285,0.35637309341067297,5,39.44318243697327,7,9.444511344988703,2.03647858714842,0.378531786594598
江西,CEG2000_f4_r0024_c0103,10,37.60128114043705,38.835482596350566,-1.2342014559135137,-0.03178025283583044,4,35.954355862795836,4,8.881784197001252e-16,2.03647858714842,0.378531786594598
江西,CEG2000_f4_r0024_c0103,11,38.06172812549383,37.60128114043705,0.4604469850567767,0.012245513213686868,5,39.44318243697327,4,8.881784197001252e-16,2.03647858714842,0.378531786594598
江西,CEG2000_f4_r0024_c0103,12,53.80880395517597,38.06172812549383,15.747075829682139,0.4137246679331597,8,49.90966215950555,8,12.592681793318269,2.03647858714842,0.378531786594598
江西,CEG2000_f4_r0024_c0104,1,51.198078333414784,,,,8,49.90966215950555,4,,1.6094639027986095,0.3246545067796991
江西,CEG2000_f4_r0024_c0104,2,41.668446698621985,51.198078333414784,-9.5296316347928,-0.186132603898401,6,42.9320090111507,1,-9.444511344988701,1.6094639027986095,0.3246545067796991
江西,CEG2000_f4_r0024_c0104,3,51.89478121105722,41.668446698621985,10.226334512435237,0.2454215437018782,8,49.90966215950555,7,9.444511344988703,1.6094639027986095,0.3246545067796991
江西,CEG2000_f4_r0024_c0104,4,46.02963415407228,51.89478121105722,-5.865147056984938,-0.11301997850479907,7,46.42083558532812,2,-6.296340896659133,1.6094639027986095,0.3246545067796991
江西,CEG2000_f4_r0024_c0104,5,46.587986162168235,46.02963415407228,0.5583520080959516,0.01213027255934759,7,46.42083558532812,4,8.881784197001252e-16,1.6094639027986095,0.3246545067796991
江西,CEG2000_f4_r0024_c0104,6,29.210135916175787,46.587986162168235,-17.377850245992448,-0.37301140653519227,2,28.976702714440982,0,-12.592681793318267,1.6094639027986095,0.3246545067796991
江西,CEG2000_f4_r0024_c0104,7,32.87394021390349,29.210135916175787,3.663804297727701,0.12542921088219877,3,32.46552928861841,5,3.1481704483295676,1.6094639027986095,0.3246545067796991
江西,CEG2000_f4_r0024_c0104,8,29.17456220937766,32.87394021390349,-3.699378004525826,-0.11253223618631622,2,28.976702714440982,3,-3.1481704483295667,1.6094639027986095,0.3246545067796991
江西,CEG2000_f4_r0024_c0104,9,39.42420683084815,29.17456220937766,10.249644621470487,0.35132128283234065,5,39.44318243697327,7,9.444511344988703,1.6094639027986095,0.3246545067796991
江西,CEG2000_f4_r0024_c0104,10,37.19487126913919,39.42420683084815,-2.2293355617089574,-0.056547378905403255,4,35.954355862795836,3,-3.1481704483295667,1.6094639027986095,0.3246545067796991
江西,CEG2000_f4_r0024_c0104,11,40.40239388169819,37.19487126913919,3.2075226125589964,0.08623561537152831,5,39.44318243697327,5,3.1481704483295676,1.6094639027986095,0.3246545067796991
江西,CEG2000_f4_r0024_c0104,12,56.47085598246644,40.40239388169819,16.06846210076825,0.39771064427068703,8,49.90966215950555,8,12.592681793318269,1.6094639027986095,0.3246545067796991
江西,CEG2000_f4_r0024_c0105,1,49.710437760518715,,,,8,49.90966215950555,4,,1.1687827888425386,0.2822190032243231
江西,CEG2000_f4_r0024_c0105,2,41.28882180206555,49.710437760518715,-8.421615958453167,-0.1694134338350532,6,42.9320090111507,1,-9.444511344988701,1.1687827888425386,0.2822190032243231
江西,CEG2000_f4_r0024_c0105,3,50.38777135029172,41.28882180206555,9.098949548226173,0.2203731942714573,8,49.90966215950555,7,9.444511344988703,1.1687827888425386,0.2822190032243231
江西,CEG2000_f4_r0024_c0105,4,45.35726210969133,50.38777135029172,-5.030509240600395,-0.09983591466327615,7,46.42083558532812,2,-6.296340896659133,1.1687827888425386,0.2822190032243231
江西,CEG2000_f4_r0024_c0105,5,46.40714608252621,45.35726210969133,1.049883972834884,0.023146987362152954,7,46.42083558532812,4,8.881784197001252e-16,1.1687827888425386,0.2822190032243231
江西,CEG2000_f4_r0024_c0105,6,28.55221527415536,46.40714608252621,-17.854930808370852,-0.3847452885083535,2,28.976702714440982,0,-12.592681793318267,1.1687827888425386,0.2822190032243231
江西,CEG2000_f4_r0024_c0105,7,33.36500898000278,28.55221527415536,4.812793705847419,0.1685611312339684,3,32.46552928861841,6,6.296340896659135,1.1687827888425386,0.2822190032243231
江西,CEG2000_f4_r0024_c0105,8,29.141636864191515,33.36500898000278,-4.223372115811262,-0.12658087753977612,2,28.976702714440982,3,-3.1481704483295667,1.1687827888425386,0.2822190032243231
江西,CEG2000_f4_r0024_c0105,9,38.19367761360904,29.141636864191515,9.052040749417525,0.31062224787175347,5,39.44318243697327,7,9.444511344988703,1.1687827888425386,0.2822190032243231
江西,CEG2000_f4_r0024_c0105,10,35.09281526282965,38.19367761360904,-3.100862350779387,-0.08118784428537194,4,35.954355862795836,3,-3.1481704483295667,1.1687827888425386,0.2822190032243231
江西,CEG2000_f4_r0024_c0105,11,39.65336223906074,35.09281526282965,4.5605469762310875,0.12995671456036256,5,39.44318243697327,5,3.1481704483295676,1.1687827888425386,0.2822190032243231
江西,CEG2000_f4_r0024_c0105,12,52.89749705232042,39.65336223906074,13.244134813259677,0.33399777636544214,8,49.90966215950555,8,12.592681793318269,1.1687827888425386,0.2822190032243231
江西,CEG2000_f4_r0024_c0106,1,46.3249529915599,,,,7,46.42083558532812,4,,0.8440773873903075,0.3376195375827518
江西,CEG2000_f4_r0024_c0106,2,39.0123305004859,46.3249529915599,-7.312622491073995,-0.1578549360299687,5,39.44318243697327,2,-6.296340896659133,0.8440773873903075,0.3376195375827518
江西,CEG2000_f4_r0024_c0106,3,47.96800179506757,39.0123305004859,8.95567129458167,0.22956001806839318,7,46.42083558532812,7,9.444511344988703,0.8440773873903075,0.3376195375827518
江西,CEG2000_f4_r0024_c0106,4,43.8451151899847,47.96800179506757,-4.1228866050828685,-0.08595076823706287,6,42.9320090111507,3,-3.1481704483295667,0.8440773873903075,0.3376195375827518
江西,CEG2000_f4_r0024_c0106,5,44.38086109238894,43.8451151899847,0.535745902404237,0.012219055648110476,6,42.9320090111507,4,8.881784197001252e-16,0.8440773873903075,0.3376195375827518
江西,CEG2000_f4_r0024_c0106,6,28.03923667855847,44.38086109238894,-16.34162441383047,-0.36821332465387796,2,28.976702714440982,0,-12.592681793318267,0.8440773873903075,0.3376195375827518
江西,CEG2000_f4_r0024_c0106,7,32.35393657036106,28.03923667855847,4.3146998918025865,0.15388079002528718,3,32.46552928861841,5,3.1481704483295676,0.8440773873903075,0.3376195375827518
江西,CEG2000_f4_r0024_c0106,8,28.407821977445664,32.35393657036106,-3.946114592915393,-0.12196706216363074,2,28.976702714440982,3,-3.1481704483295667,0.8440773873903075,0.3376195375827518
江西,CEG2000_f4_r0024_c0106,9,37.55050659668758,28.407821977445664,9.142684619241919,0.32183687388990034,4,35.954355862795836,7,9.444511344988703,0.8440773873903075,0.3376195375827518
江西,CEG2000_f4_r0024_c0106,10,33.44144138160074,37.55050659668758,-4.109065215086844,-0.10942769052946183,3,32.46552928861841,3,-3.1481704483295667,0.8440773873903075,0.3376195375827518
江西,CEG2000_f4_r0024_c0106,11,37.13915189333747,33.44144138160074,3.69771051173673,0.11057270138395368,4,35.954355862795836,5,3.1481704483295676,0.8440773873903075,0.3376195375827518
江西,CEG2000_f4_r0024_c0106,12,46.92393110480559,37.13915189333747,9.78477921146812,0.2634626455544734,7,46.42083558532812,7,9.444511344988703,0.8440773873903075,0.3376195375827518
江西,CEG2000_f4_r0024_c0107,1,44.62671080855373,,,,6,42.9320090111507,4,,0.6365292686948847,0.4475424016990518
江西,CEG2000_f4_r0024_c0107,2,38.92292816678781,44.62671080855373,-5.703782641765919,-0.12781095757280544,5,39.44318243697327,2,-6.296340896659133,0.6365292686948847,0.4475424016990518
江西,CEG2000_f4_r0024_c0107,3,46.93885029685543,38.92292816678781,8.015922130067615,0.20594345049577867,7,46.42083558532812,7,9.444511344988703,0.6365292686948847,0.4475424016990518
江西,CEG2000_f4_r0024_c0107,4,42.901494152269485,46.93885029685543,-4.037356144585942,-0.08601310255902064,6,42.9320090111507,3,-3.1481704483295667,0.6365292686948847,0.4475424016990518
江西,CEG2000_f4_r0024_c0107,5,42.700725757499555,42.901494152269485,-0.20076839476993058,-0.00467975297217731,6,42.9320090111507,4,8.881784197001252e-16,0.6365292686948847,0.4475424016990518
江西,CEG2000_f4_r0024_c0107,6,27.31761375196789,42.700725757499555,-15.383112005531665,-0.3602541112039511,2,28.976702714440982,0,-12.592681793318267,0.6365292686948847,0.4475424016990518
江西,CEG2000_f4_r0024_c0107,7,30.94864408881984,27.31761375196789,3.63103033685195,0.13291901590747032,3,32.46552928861841,5,3.1481704483295676,0.6365292686948847,0.4475424016990518
江西,CEG2000_f4_r0024_c0107,8,27.22962305204741,30.94864408881984,-3.719021036772432,-0.1201674950960428,1,25.487876140263555,3,-3.1481704483295667,0.6365292686948847,0.4475424016990518
江西,CEG2000_f4_r0024_c0107,9,36.8830182793254,27.22962305204741,9.65339522727799,0.35451813669349147,4,35.954355862795836,7,9.444511344988703,0.6365292686948847,0.4475424016990518
江西,CEG2000_f4_r0024_c0107,10,33.157944496259894,36.8830182793254,-3.725073783065504,-0.10099698877284066,3,32.46552928861841,3,-3.1481704483295667,0.6365292686948847,0.4475424016990518
江西,CEG2000_f4_r0024_c0107,11,36.07185429755105,33.157944496259894,2.9139098012911546,0.08787968752465443,4,35.954355862795836,5,3.1481704483295676,0.6365292686948847,0.4475424016990518
江西,CEG2000_f4_r0024_c0107,12,43.30256410859237,36.07185429755105,7.230709811041322,0.200452955686623,6,42.9320090111507,6,6.296340896659135,0.6365292686948847,0.4475424016990518
江西,CEG2000_f4_r0024_c0108,1,43.61119036626288,,,,6,42.9320090111507,4,,0.5031781227244493,0.5299359783693028
江西,CEG2000_f4_r0024_c0108,2,39.854247378749776,43.61119036626288,-3.7569429875131064,-0.08614630685291806,5,39.44318243697327,3,-3.1481704483295667,0.5031781227244493,0.5299359783693028
江西,CEG2000_f4_r0024_c0108,3,44.56793923183756,39.854247378749776,4.713691853087788,0.11827326227721267,6,42.9320090111507,5,3.1481704483295676,0.5031781227244493,0.5299359783693028
江西,CEG2000_f4_r0024_c0108,4,40.68720049299097,44.56793923183756,-3.8807387388465955,-0.08707467308863924,5,39.44318243697327,3,-3.1481704483295667,0.5031781227244493,0.5299359783693028
江西,CEG2000_f4_r0024_c0108,5,40.47358273134718,40.68720049299097,-0.2136177616437891,-0.0052502447712171356,5,39.44318243697327,4,8.881784197001252e-16,0.5031781227244493,0.5299359783693028
江西,CEG2000_f4_r0024_c0108,6,26.17148301940588,40.47358273134718,-14.302099711941299,-0.35336875924414235,1,25.487876140263555,0,-12.592681793318267,0.5031781227244493,0.5299359783693028
江西,CEG2000_f4_r0024_c0108,7,29.23043777524494,26.17148301940588,3.0589547558390606,0.11688121584745037,2,28.976702714440982,5,3.1481704483295676,0.5031781227244493,0.5299359783693028
江西,CEG2000_f4_r0024_c0108,8,26.61062994815864,29.23043777524494,-2.6198078270863014,-0.08962602090431225,1,25.487876140263555,3,-3.1481704483295667,0.5031781227244493,0.5299359783693028
江西,CEG2000_f4_r0024_c0108,9,34.58296471815506,26.61062994815864,7.972334769996422,0.29959210982707607,4,35.954355862795836,7,9.444511344988703,0.5031781227244493,0.5299359783693028
江西,CEG2000_f4_r0024_c0108,10,31.859187912842764,34.58296471815506,-2.7237768053122977,-0.07876065072820068,3,32.46552928861841,3,-3.1481704483295667,0.5031781227244493,0.5299359783693028
江西,CEG2000_f4_r0024_c0108,11,33.34555586945467,31.859187912842764,1.4863679566119075,0.046654295165280635,3,32.46552928861841,4,8.881784197001252e-16,0.5031781227244493,0.5299359783693028
江西,CEG2000_f4_r0024_c0108,12,40.362334973011784,33.34555586945467,7.016779103557113,0.21042621484635832,5,39.44318243697327,6,6.296340896659135,0.5031781227244493,0.5299359783693028
江西,CEG2000_f4_r0024_c0109,1,41.66968816934367,,,,6,42.9320090111507,4,,0.4262125626026307,0.6501070607350958
江西,CEG2000_f4_r0024_c0109,2,39.72322652075634,41.66968816934367,-1.9464616485873307,-0.04671169221802192,5,39.44318243697327,3,-3.1481704483295667,0.4262125626026307,0.6501070607350958
江西,CEG2000_f4_r0024_c0109,3,41.14260636131633,39.72322652075634,1.4193798405599907,0.035731735935859356,5,39.44318243697327,4,8.881784197001252e-16,0.4262125626026307,0.6501070607350958
江西,CEG2000_f4_r0024_c0109,4,36.79052483244257,41.14260636131633,-4.352081528873761,-0.10578040415460249,4,35.954355862795836,3,-3.1481704483295667,0.4262125626026307,0.6501070607350958
江西,CEG2000_f4_r0024_c0109,5,37.32257442227319,36.79052483244257,0.5320495898306206,0.014461592821895524,4,35.954355862795836,4,8.881784197001252e-16,0.4262125626026307,0.6501070607350958
江西,CEG2000_f4_r0024_c0109,6,24.328247995818575,37.32257442227319,-12.994326426454617,-0.3481626502886661,1,25.487876140263555,0,-12.592681793318267,0.4262125626026307,0.6501070607350958
江西,CEG2000_f4_r0024_c0109,7,27.461142208483743,24.328247995818575,3.1328942126651675,0.12877598967273085,2,28.976702714440982,5,3.1481704483295676,0.4262125626026307,0.6501070607350958
江西,CEG2000_f4_r0024_c0109,8,25.47265199059878,27.461142208483743,-1.9884902178849622,-0.07241105278099633,1,25.487876140263555,3,-3.1481704483295667,0.4262125626026307,0.6501070607350958
江西,CEG2000_f4_r0024_c0109,9,31.774404180578237,25.47265199059878,6.301752189979457,0.24739285851764672,3,32.46552928861841,6,6.296340896659135,0.4262125626026307,0.6501070607350958
江西,CEG2000_f4_r0024_c0109,10,29.773989847722273,31.774404180578237,-2.0004143328559643,-0.06295678501121026,2,28.976702714440982,3,-3.1481704483295667,0.4262125626026307,0.6501070607350958
江西,CEG2000_f4_r0024_c0109,11,30.304301301125953,29.773989847722273,0.5303114534036801,0.017811232425211876,2,28.976702714440982,4,8.881784197001252e-16,0.4262125626026307,0.6501070607350958
江西,CEG2000_f4_r0024_c0109,12,36.290052068476875,30.304301301125953,5.985750767350922,0.1975214906911093,4,35.954355862795836,6,6.296340896659135,0.4262125626026307,0.6501070607350958
江西,CEG2000_f4_r0024_c0110,1,39.77768688074571,,,,5,39.44318243697327,4,,0.3494197201186343,0.77767098361531
江西,CEG2000_f4_r0024_c0110,2,36.76171354554918,39.77768688074571,-3.0159733351965343,-0.07582073196559874,4,35.954355862795836,3,-3.1481704483295667,0.3494197201186343,0.77767098361531
江西,CEG2000_f4_r0024_c0110,3,38.55854095386845,36.76171354554918,1.796827408319274,0.04887768373726474,5,39.44318243697327,5,3.1481704483295676,0.3494197201186343,0.77767098361531
江西,CEG2000_f4_r0024_c0110,4,33.69437145375216,38.55854095386845,-4.86416950011629,-0.12615024790320248,3,32.46552928861841,2,-6.296340896659133,0.3494197201186343,0.77767098361531
江西,CEG2000_f4_r0024_c0110,5,35.94939094292914,33.69437145375216,2.2550194891769806,0.06692570277715819,4,35.954355862795836,5,3.1481704483295676,0.3494197201186343,0.77767098361531
江西,CEG2000_f4_r0024_c0110,6,22.30407659829832,35.94939094292914,-13.645314344630822,-0.3795701119469093,0,21.99904956608613,0,-12.592681793318267,0.3494197201186343,0.77767098361531
江西,CEG2000_f4_r0024_c0110,7,26.11405976029302,22.30407659829832,3.809983161994701,0.17082003575460203,1,25.487876140263555,5,3.1481704483295676,0.3494197201186343,0.77767098361531
江西,CEG2000_f4_r0024_c0110,8,23.651477440412087,26.11405976029302,-2.4625823198809336,-0.09430101418490824,0,21.99904956608613,3,-3.1481704483295667,0.3494197201186343,0.77767098361531
江西,CEG2000_f4_r0024_c0110,9,29.01724223232513,23.651477440412087,5.365764791913044,0.22686805952954264,2,28.976702714440982,6,6.296340896659135,0.3494197201186343,0.77767098361531
江西,CEG2000_f4_r0024_c0110,10,27.76671864376921,29.01724223232513,-1.2505235885559216,-0.043095879978657714,2,28.976702714440982,4,8.881784197001252e-16,0.3494197201186343,0.77767098361531
江西,CEG2000_f4_r0024_c0110,11,28.293495597214044,27.76671864376921,0.5267769534448341,0.01897152343433428,2,28.976702714440982,4,8.881784197001252e-16,0.3494197201186343,0.77767098361531
江西,CEG2000_f4_r0024_c0110,12,33.27303077054297,28.293495597214044,4.979535173328923,0.17599575691238517,3,32.46552928861841,6,6.296340896659135,0.3494197201186343,0.77767098361531
江西,CEG2000_f4_r0024_c0111,1,38.03466786469792,,,,5,39.44318243697327,4,,0.3301111888174967,0.9154304754110036
江西,CEG2000_f4_r0024_c0111,2,35.39104705832846,38.03466786469792,-2.643620806369462,-0.06950555781829641,4,35.954355862795836,3,-3.1481704483295667,0.3301111888174967,0.9154304754110036
江西,CEG2000_f4_r0024_c0111,3,35.298833389423756,35.39104705832846,-0.09221366890470506,-0.0026055648693503325,4,35.954355862795836,4,8.881784197001252e-16,0.3301111888174967,0.9154304754110036
江西,CEG2000_f4_r0024_c0111,4,32.359651697516,35.298833389423756,-2.9391816919077556,-0.08326568925046667,3,32.46552928861841,3,-3.1481704483295667,0.3301111888174967,0.9154304754110036
江西,CEG2000_f4_r0024_c0111,5,34.1738529255489,32.359651697516,1.8142012280328998,0.056063682174062525,3,32.46552928861841,5,3.1481704483295676,0.3301111888174967,0.9154304754110036
江西,CEG2000_f4_r0024_c0111,6,20.677525717918343,34.1738529255489,-13.496327207630557,-0.3949313891247099,0,21.99904956608613,0,-12.592681793318267,0.3301111888174967,0.9154304754110036
江西,CEG2000_f4_r0024_c0111,7,24.985554314239483,20.677525717918343,4.30802859632114,0.20834352499863992,1,25.487876140263555,5,3.1481704483295676,0.3301111888174967,0.9154304754110036
江西,CEG2000_f4_r0024_c0111,8,22.840244600019325,24.985554314239483,-2.145309714220158,-0.08586200198878627,0,21.99904956608613,3,-3.1481704483295667,0.3301111888174967,0.9154304754110036
江西,CEG2000_f4_r0024_c0111,9,28.114000178268853,22.840244600019325,5.273755578249528,0.2308975087878466,2,28.976702714440982,6,6.296340896659135,0.3301111888174967,0.9154304754110036
江西,CEG2000_f4_r0024_c0111,10,26.76627528251867,28.114000178268853,-1.3477248957501828,-0.047937856128774145,1,25.487876140263555,4,8.881784197001252e-16,0.3301111888174967,0.9154304754110036
江西,CEG2000_f4_r0024_c0111,11,26.679249275756774,26.76627528251867,-0.08702600676189576,-0.003251330483727534,1,25.487876140263555,4,8.881784197001252e-16,0.3301111888174967,0.9154304754110036
江西,CEG2000_f4_r0024_c0111,12,30.998295363544297,26.679249275756774,4.319046087787523,0.1618878418633843,3,32.46552928861841,5,3.1481704483295676,0.3301111888174967,0.9154304754110036
江西,CEG2000_f4_r0025_c0101,1,43.95570711719289,,,,6,42.9320090111507,4,,2.278794091820531,0.8871752022061193
江西,CEG2000_f4_r0025_c0101,2,35.44118059910114,43.95570711719289,-8.514526518091749,-0.19370696267928691,4,35.954355862795836,1,-9.444511344988701,2.278794091820531,0.8871752022061193
江西,CEG2000_f4_r0025_c0101,3,41.917819462932165,35.44118059910114,6.4766388638310275,0.18274331594911059,6,42.9320090111507,6,6.296340896659135,2.278794091820531,0.8871752022061193
江西,CEG2000_f4_r0025_c0101,4,34.344069446021784,41.917819462932165,-7.573750016910381,-0.18068091599105796,4,35.954355862795836,2,-6.296340896659133,2.278794091820531,0.8871752022061193
江西,CEG2000_f4_r0025_c0101,5,35.34015297200505,34.344069446021784,0.9960835259832663,0.02900307220577924,4,35.954355862795836,4,8.881784197001252e-16,2.278794091820531,0.8871752022061193
江西,CEG2000_f4_r0025_c0101,6,23.670459136734355,35.34015297200505,-11.669693835270696,-0.33021062032512777,0,21.99904956608613,0,-12.592681793318267,2.278794091820531,0.8871752022061193
江西,CEG2000_f4_r0025_c0101,7,25.22593988465802,23.670459136734355,1.5554807479236636,0.06571400828933233,1,25.487876140263555,4,8.881784197001252e-16,2.278794091820531,0.8871752022061193
江西,CEG2000_f4_r0025_c0101,8,23.513465013863453,25.22593988465802,-1.7124748707945656,-0.06788547339066892,0,21.99904956608613,3,-3.1481704483295667,2.278794091820531,0.8871752022061193
江西,CEG2000_f4_r0025_c0101,9,29.430503275206345,23.513465013863453,5.917038261342892,0.2516446749917219,2,28.976702714440982,6,6.296340896659135,2.278794091820531,0.8871752022061193
江西,CEG2000_f4_r0025_c0101,10,29.69411428219111,29.430503275206345,0.2636110069847639,0.008957067587996104,2,28.976702714440982,4,8.881784197001252e-16,2.278794091820531,0.8871752022061193
江西,CEG2000_f4_r0025_c0101,11,26.87753383957236,29.69411428219111,-2.816580442618747,-0.09485315560693375,1,25.487876140263555,3,-3.1481704483295667,2.278794091820531,0.8871752022061193
江西,CEG2000_f4_r0025_c0101,12,39.99199691476427,26.87753383957236,13.11446307519191,0.48793401781093504,5,39.44318243697327,8,12.592681793318269,2.278794091820531,0.8871752022061193
江西,CEG2000_f4_r0025_c0102,1,46.87382945261947,,,,7,46.42083558532812,4,,2.1364766940122433,0.6213610150125755
江西,CEG2000_f4_r0025_c0102,2,37.43545692560916,46.87382945261947,-9.438372527010308,-0.20135697546433046,4,35.954355862795836,1,-9.444511344988701,2.1364766940122433,0.6213610150125755
江西,CEG2000_f4_r0025_c0102,3,45.35257557218683,37.43545692560916,7.91711864657767,0.21148716475694093,7,46.42083558532812,7,9.444511344988703,2.1364766940122433,0.6213610150125755
江西,CEG2000_f4_r0025_c0102,4,36.56298212090111,45.35257557218683,-8.789593451285718,-0.1938058277924148,4,35.954355862795836,1,-9.444511344988701,2.1364766940122433,0.6213610150125755
江西,CEG2000_f4_r0025_c0102,5,38.26643552942671,36.56298212090111,1.703453408525597,0.046589564354812936,5,39.44318243697327,5,3.1481704483295676,2.1364766940122433,0.6213610150125755
江西,CEG2000_f4_r0025_c0102,6,24.47192483096836,38.26643552942671,-13.79451069845835,-0.36048590645058737,1,25.487876140263555,0,-12.592681793318267,2.1364766940122433,0.6213610150125755
江西,CEG2000_f4_r0025_c0102,7,26.53247902854715,24.47192483096836,2.060554197578792,0.08420074071865542,1,25.487876140263555,5,3.1481704483295676,2.1364766940122433,0.6213610150125755
江西,CEG2000_f4_r0025_c0102,8,24.41491027807674,26.53247902854715,-2.1175687504704115,-0.0798104371699324,1,25.487876140263555,3,-3.1481704483295667,2.1364766940122433,0.6213610150125755
江西,CEG2000_f4_r0025_c0102,9,31.659735867628463,24.41491027807674,7.2448255895517235,0.29673775193256324,3,32.46552928861841,6,6.296340896659135,2.1364766940122433,0.6213610150125755
江西,CEG2000_f4_r0025_c0102,10,32.02890169099128,31.659735867628463,0.36916582336282033,0.011660420191322128,3,32.46552928861841,4,8.881784197001252e-16,2.1364766940122433,0.6213610150125755
江西,CEG2000_f4_r0025_c0102,11,29.798916389863564,32.02890169099128,-2.2299853011277193,-0.06962415766366861,2,28.976702714440982,3,-3.1481704483295667,2.1364766940122433,0.6213610150125755
江西,CEG2000_f4_r0025_c0102,12,43.22294516969735,29.798916389863564,13.424028779833783,0.45048714537821644,6,42.9320090111507,8,12.592681793318269,2.1364766940122433,0.6213610150125755
江西,CEG2000_f4_r0025_c0103,1,49.018250226920145,,,,8,49.90966215950555,4,,1.8896822213962208,0.5685161116428625
江西,CEG2000_f4_r0025_c0103,2,39.9508833527509,49.018250226920145,-9.067366874169245,-0.1849794073063337,5,39.44318243697327,1,-9.444511344988701,1.8896822213962208,0.5685161116428625
江西,CEG2000_f4_r0025_c0103,3,48.59594135338313,39.9508833527509,8.645058000632233,0.21639216145234394,8,49.90966215950555,7,9.444511344988703,1.8896822213962208,0.5685161116428625
江西,CEG2000_f4_r0025_c0103,4,40.537349123763114,48.59594135338313,-8.058592229620018,-0.16582850347560965,5,39.44318243697327,1,-9.444511344988701,1.8896822213962208,0.5685161116428625
江西,CEG2000_f4_r0025_c0103,5,43.37864557540209,40.537349123763114,2.841296451638975,0.07009083013702537,6,42.9320090111507,5,3.1481704483295676,1.8896822213962208,0.5685161116428625
江西,CEG2000_f4_r0025_c0103,6,26.915672422905512,43.37864557540209,-16.462973152496577,-0.37951791564999726,1,25.487876140263555,0,-12.592681793318267,1.8896822213962208,0.5685161116428625
江西,CEG2000_f4_r0025_c0103,7,30.000110680740264,26.915672422905512,3.0844382578347513,0.1145963663612529,2,28.976702714440982,5,3.1481704483295676,1.8896822213962208,0.5685161116428625
江西,CEG2000_f4_r0025_c0103,8,26.584729060033915,30.000110680740264,-3.4153816207063485,-0.11384563400624337,1,25.487876140263555,3,-3.1481704483295667,1.8896822213962208,0.5685161116428625
江西,CEG2000_f4_r0025_c0103,9,35.784931663119224,26.584729060033915,9.200202603085309,0.346070956085703,4,35.954355862795836,7,9.444511344988703,1.8896822213962208,0.5685161116428625
江西,CEG2000_f4_r0025_c0103,10,35.17193007086878,35.784931663119224,-0.6130015922504413,-0.01713015964432356,4,35.954355862795836,4,8.881784197001252e-16,1.8896822213962208,0.5685161116428625
江西,CEG2000_f4_r0025_c0103,11,34.289922313808326,35.17193007086878,-0.8820077570604568,-0.025077036013755223,4,35.954355862795836,4,8.881784197001252e-16,1.8896822213962208,0.5685161116428625
江西,CEG2000_f4_r0025_c0103,12,47.71569924825492,34.289922313808326,13.425776934446596,0.3915371056131009,7,46.42083558532812,8,12.592681793318269,1.8896822213962208,0.5685161116428625
江西,CEG2000_f4_r0025_c0104,1,49.96008132810242,,,,8,49.90966215950555,4,,1.5962066405469797,0.4895596090466311
江西,CEG2000_f4_r0025_c0104,2,40.80391809140241,49.96008132810242,-9.15616323670001,-0.1832695823004934,5,39.44318243697327,1,-9.444511344988701,1.5962066405469797,0.4895596090466311
江西,CEG2000_f4_r0025_c0104,3,51.866444854681575,40.80391809140241,11.062526763279166,0.2711143262884379,8,49.90966215950555,8,12.592681793318269,1.5962066405469797,0.4895596090466311
江西,CEG2000_f4_r0025_c0104,4,46.06947937075721,51.866444854681575,-5.796965483924367,-0.11176716468935158,7,46.42083558532812,2,-6.296340896659133,1.5962066405469797,0.4895596090466311
江西,CEG2000_f4_r0025_c0104,5,47.834044919183434,46.06947937075721,1.7645655484262264,0.038302268063968865,7,46.42083558532812,5,3.1481704483295676,1.5962066405469797,0.4895596090466311
江西,CEG2000_f4_r0025_c0104,6,29.73615149710238,47.834044919183434,-18.097893422081054,-0.37834754415307764,2,28.976702714440982,0,-12.592681793318267,1.5962066405469797,0.4895596090466311
江西,CEG2000_f4_r0025_c0104,7,32.9721555342344,29.73615149710238,3.236004037132023,0.10882390202536309,3,32.46552928861841,5,3.1481704483295676,1.5962066405469797,0.4895596090466311
江西,CEG2000_f4_r0025_c0104,8,29.597466879611105,32.9721555342344,-3.3746886546232986,-0.1023496523034237,2,28.976702714440982,3,-3.1481704483295667,1.5962066405469797,0.4895596090466311
江西,CEG2000_f4_r0025_c0104,9,39.474904257995185,29.597466879611105,9.87743737838408,0.333725768443663,5,39.44318243697327,7,9.444511344988703,1.5962066405469797,0.4895596090466311
江西,CEG2000_f4_r0025_c0104,10,37.8233078388609,39.474904257995185,-1.651596419134286,-0.04183914945910918,5,39.44318243697327,3,-3.1481704483295667,1.5962066405469797,0.4895596090466311
江西,CEG2000_f4_r0025_c0104,11,39.15033944044308,37.8233078388609,1.3270316015821777,0.03508502236863435,5,39.44318243697327,4,8.881784197001252e-16,1.5962066405469797,0.4895596090466311
江西,CEG2000_f4_r0025_c0104,12,54.21511713213823,39.15033944044308,15.064777691695156,0.38479302879639765,8,49.90966215950555,8,12.592681793318269,1.5962066405469797,0.4895596090466311
江西,CEG2000_f4_r0025_c0105,1,51.39533315757624,,,,8,49.90966215950555,4,,1.298418714442471,0.4706199464065894
江西,CEG2000_f4_r0025_c0105,2,42.89155314280872,51.39533315757624,-8.503780014767521,-0.16545821366105826,6,42.9320090111507,1,-9.444511344988701,1.298418714442471,0.4706199464065894
江西,CEG2000_f4_r0025_c0105,3,54.493782493170755,42.89155314280872,11.602229350362038,0.2705014973864916,8,49.90966215950555,8,12.592681793318269,1.298418714442471,0.4706199464065894
江西,CEG2000_f4_r0025_c0105,4,48.298509959658766,54.493782493170755,-6.195272533511989,-0.11368769518409537,8,49.90966215950555,2,-6.296340896659133,1.298418714442471,0.4706199464065894
江西,CEG2000_f4_r0025_c0105,5,49.97440428732967,48.298509959658766,1.6758943276709033,0.0346986755713725,8,49.90966215950555,5,3.1481704483295676,1.298418714442471,0.4706199464065894
江西,CEG2000_f4_r0025_c0105,6,31.39660517765816,49.97440428732967,-18.57779910967151,-0.37174628441507324,3,32.46552928861841,0,-12.592681793318267,1.298418714442471,0.4706199464065894
江西,CEG2000_f4_r0025_c0105,7,34.636897303350715,31.39660517765816,3.240292125692555,0.10320517480655357,4,35.954355862795836,5,3.1481704483295676,1.298418714442471,0.4706199464065894
江西,CEG2000_f4_r0025_c0105,8,30.933448476449453,34.636897303350715,-3.703448826901262,-0.10692207198775269,3,32.46552928861841,3,-3.1481704483295667,1.298418714442471,0.4706199464065894
江西,CEG2000_f4_r0025_c0105,9,39.57240448895708,30.933448476449453,8.63895601250763,0.2792755556848026,5,39.44318243697327,7,9.444511344988703,1.298418714442471,0.4706199464065894
江西,CEG2000_f4_r0025_c0105,10,38.1381965588207,39.57240448895708,-1.434207930136381,-0.03624262787813678,5,39.44318243697327,4,8.881784197001252e-16,1.298418714442471,0.4706199464065894
江西,CEG2000_f4_r0025_c0105,11,42.15367700695136,38.1381965588207,4.01548044813066,0.10528763314588217,6,42.9320090111507,5,3.1481704483295676,1.298418714442471,0.4706199464065894
江西,CEG2000_f4_r0025_c0105,12,58.97191146859269,42.15367700695136,16.818234461641325,0.39897431625876695,8,49.90966215950555,8,12.592681793318269,1.298418714442471,0.4706199464065894
江西,CEG2000_f4_r0025_c0106,1,48.09744058233311,,,,7,46.42083558532812,4,,1.0421828333279977,0.4601465992713146
江西,CEG2000_f4_r0025_c0106,2,41.0717252141917,48.09744058233311,-7.025715368141405,-0.14607254113895726,5,39.44318243697327,2,-6.296340896659133,1.0421828333279977,0.4601465992713146
江西,CEG2000_f4_r0025_c0106,3,52.27776763841593,41.0717252141917,11.20604242422423,0.27284080144634765,8,49.90966215950555,8,12.592681793318269,1.0421828333279977,0.4601465992713146
江西,CEG2000_f4_r0025_c0106,4,46.69157946348667,52.27776763841593,-5.586188174929262,-0.10685590504871316,7,46.42083558532812,2,-6.296340896659133,1.0421828333279977,0.4601465992713146
江西,CEG2000_f4_r0025_c0106,5,49.32007246051807,46.69157946348667,2.628492997031401,0.05629479720399931,8,49.90966215950555,5,3.1481704483295676,1.0421828333279977,0.4601465992713146
江西,CEG2000_f4_r0025_c0106,6,30.96243402136034,49.32007246051807,-18.35763843915773,-0.3722143444508008,3,32.46552928861841,0,-12.592681793318267,1.0421828333279977,0.4601465992713146
江西,CEG2000_f4_r0025_c0106,7,35.029046651556776,30.96243402136034,4.066612630196435,0.13134021141202798,4,35.954355862795836,5,3.1481704483295676,1.0421828333279977,0.4601465992713146
江西,CEG2000_f4_r0025_c0106,8,30.145771894594777,35.029046651556776,-4.883274756961999,-0.13940644190340745,2,28.976702714440982,2,-6.296340896659133,1.0421828333279977,0.4601465992713146
江西,CEG2000_f4_r0025_c0106,9,38.98984266247007,30.145771894594777,8.84407076787529,0.2933768224213578,5,39.44318243697327,7,9.444511344988703,1.0421828333279977,0.4601465992713146
江西,CEG2000_f4_r0025_c0106,10,36.85236982251451,38.98984266247007,-2.1374728399555565,-0.05482127379839353,4,35.954355862795836,3,-3.1481704483295667,1.0421828333279977,0.4601465992713146
江西,CEG2000_f4_r0025_c0106,11,40.85943767506305,36.85236982251451,4.007067852548538,0.10873297624676685,5,39.44318243697327,5,3.1481704483295676,1.0421828333279977,0.4601465992713146
江西,CEG2000_f4_r0025_c0106,12,55.061818915738606,40.85943767506305,14.202381240675557,0.34759120655601733,8,49.90966215950555,8,12.592681793318269,1.0421828333279977,0.4601465992713146
江西,CEG2000_f4_r0025_c0107,1,46.937837523285175,,,,7,46.42083558532812,4,,0.8442084665986576,0.5139001135143124
江西,CEG2000_f4_r0025_c0107,2,41.41553952261201,46.937837523285175,-5.5222980006731675,-0.11765130845522306,6,42.9320090111507,2,-6.296340896659133,0.8442084665986576,0.5139001135143124
江西,CEG2000_f4_r0025_c0107,3,50.84763336847332,41.41553952261201,9.43209384586131,0.2277428702989994,8,49.90966215950555,7,9.444511344988703,0.8442084665986576,0.5139001135143124
江西,CEG2000_f4_r0025_c0107,4,45.52510881799602,50.84763336847332,-5.322524550477297,-0.10467595437347105,7,46.42083558532812,2,-6.296340896659133,0.8442084665986576,0.5139001135143124
江西,CEG2000_f4_r0025_c0107,5,46.81283925437979,45.52510881799602,1.287730436383768,0.028286158338071445,7,46.42083558532812,4,8.881784197001252e-16,0.8442084665986576,0.5139001135143124
江西,CEG2000_f4_r0025_c0107,6,30.134600251244706,46.81283925437979,-16.678239003135083,-0.3562748867357938,2,28.976702714440982,0,-12.592681793318267,0.8442084665986576,0.5139001135143124
江西,CEG2000_f4_r0025_c0107,7,33.20509829400887,30.134600251244706,3.0704980427641644,0.10189277498835704,3,32.46552928861841,5,3.1481704483295676,0.8442084665986576,0.5139001135143124
江西,CEG2000_f4_r0025_c0107,8,29.363021036736132,33.20509829400887,-3.842077257272738,-0.11570745020098183,2,28.976702714440982,3,-3.1481704483295667,0.8442084665986576,0.5139001135143124
江西,CEG2000_f4_r0025_c0107,9,38.8087410165459,29.363021036736132,9.44571997980977,0.32168760727965323,5,39.44318243697327,7,9.444511344988703,0.8442084665986576,0.5139001135143124
江西,CEG2000_f4_r0025_c0107,10,36.09909229455632,38.8087410165459,-2.7096487219895806,-0.06982057781349661,4,35.954355862795836,3,-3.1481704483295667,0.8442084665986576,0.5139001135143124
江西,CEG2000_f4_r0025_c0107,11,39.38271832330429,36.09909229455632,3.2836260287479675,0.09096145692403275,5,39.44318243697327,5,3.1481704483295676,0.8442084665986576,0.5139001135143124
江西,CEG2000_f4_r0025_c0107,12,50.05091878490139,39.38271832330429,10.668200461597102,0.27088532523374126,8,49.90966215950555,7,9.444511344988703,0.8442084665986576,0.5139001135143124
江西,CEG2000_f4_r0025_c0108,1,46.24149949586395,,,,7,46.42083558532812,4,,0.6973987908607746,0.5640237461912961
江西,CEG2000_f4_r0025_c0108,2,40.50013545339947,46.24149949586395,-5.741364042464475,-0.12416042094348625,5,39.44318243697327,2,-6.296340896659133,0.6973987908607746,0.5640237461912961
江西,CEG2000_f4_r0025_c0108,3,48.756750311906195,40.50013545339947,8.256614858506722,0.20386635170657644,8,49.90966215950555,7,9.444511344988703,0.6973987908607746,0.5640237461912961
江西,CEG2000_f4_r0025_c0108,4,44.30538325769336,48.756750311906195,-4.451367054212838,-0.09129745165000944,6,42.9320090111507,3,-3.1481704483295667,0.6973987908607746,0.5640237461912961
江西,CEG2000_f4_r0025_c0108,5,44.63838029686538,44.30538325769336,0.33299703917202095,0.007515949861785657,6,42.9320090111507,4,8.881784197001252e-16,0.6973987908607746,0.5640237461912961
江西,CEG2000_f4_r0025_c0108,6,29.093284841630048,44.63838029686538,-15.54509545523533,-0.3482450606821625,2,28.976702714440982,0,-12.592681793318267,0.6973987908607746,0.5640237461912961
江西,CEG2000_f4_r0025_c0108,7,31.534544084738492,29.093284841630048,2.441259243108444,0.08391143373453681,3,32.46552928861841,5,3.1481704483295676,0.6973987908607746,0.5640237461912961
江西,CEG2000_f4_r0025_c0108,8,28.731953514384717,31.534544084738492,-2.8025905703537752,-0.0888736670117302,2,28.976702714440982,3,-3.1481704483295667,0.6973987908607746,0.5640237461912961
江西,CEG2000_f4_r0025_c0108,9,36.8513886715327,28.731953514384717,8.119435157147986,0.2825925203130714,4,35.954355862795836,7,9.444511344988703,0.6973987908607746,0.5640237461912961
江西,CEG2000_f4_r0025_c0108,10,35.28210812123871,36.8513886715327,-1.5692805502939962,-0.04258402754592117,4,35.954355862795836,4,8.881784197001252e-16,0.6973987908607746,0.5640237461912961
江西,CEG2000_f4_r0025_c0108,11,38.061394474046075,35.28210812123871,2.779286352807368,0.07877325082891876,5,39.44318243697327,5,3.1481704483295676,0.6973987908607746,0.5640237461912961
江西,CEG2000_f4_r0025_c0108,12,47.01602850395469,38.061394474046075,8.954634029908618,0.23526815435032866,7,46.42083558532812,7,9.444511344988703,0.6973987908607746,0.5640237461912961
江西,CEG2000_f4_r0025_c0109,1,44.92312459518529,,,,7,46.42083558532812,4,,0.5885363812968497,0.7202638574147273
江西,CEG2000_f4_r0025_c0109,2,40.172158124068616,44.92312459518529,-4.750966471116676,-0.10575770305224648,5,39.44318243697327,2,-6.296340896659133,0.5885363812968497,0.7202638574147273
江西,CEG2000_f4_r0025_c0109,3,45.66598456081653,40.172158124068616,5.493826436747916,0.13675706492493275,7,46.42083558532812,6,6.296340896659135,0.5885363812968497,0.7202638574147273
江西,CEG2000_f4_r0025_c0109,4,41.8198993827956,45.66598456081653,-3.8460851780209353,-0.08422210130822515,6,42.9320090111507,3,-3.1481704483295667,0.5885363812968497,0.7202638574147273
江西,CEG2000_f4_r0025_c0109,5,42.14705133776644,41.8198993827956,0.32715195497084437,0.007822877620442873,6,42.9320090111507,4,8.881784197001252e-16,0.5885363812968497,0.7202638574147273
江西,CEG2000_f4_r0025_c0109,6,27.98918787608152,42.14705133776644,-14.157863461684922,-0.33591587103505327,2,28.976702714440982,0,-12.592681793318267,0.5885363812968497,0.7202638574147273
江西,CEG2000_f4_r0025_c0109,7,30.170362145072833,27.98918787608152,2.181174268991313,0.07792917317387621,2,28.976702714440982,5,3.1481704483295676,0.5885363812968497,0.7202638574147273
江西,CEG2000_f4_r0025_c0109,8,27.894499837594783,30.170362145072833,-2.27586230747805,-0.07543370863547041,2,28.976702714440982,3,-3.1481704483295667,0.5885363812968497,0.7202638574147273
江西,CEG2000_f4_r0025_c0109,9,34.81927241452096,27.894499837594783,6.924772576926177,0.24824867329556208,4,35.954355862795836,6,6.296340896659135,0.5885363812968497,0.7202638574147273
江西,CEG2000_f4_r0025_c0109,10,33.23094138299705,34.81927241452096,-1.5883310315239072,-0.04561643369841102,3,32.46552928861841,3,-3.1481704483295667,0.5885363812968497,0.7202638574147273
江西,CEG2000_f4_r0025_c0109,11,35.327366485528806,33.23094138299705,2.0964251025317537,0.06308653969112084,4,35.954355862795836,5,3.1481704483295676,0.5885363812968497,0.7202638574147273
江西,CEG2000_f4_r0025_c0109,12,43.09035039878117,35.327366485528806,7.762983913252363,0.21974420075813814,6,42.9320090111507,6,6.296340896659135,0.5885363812968497,0.7202638574147273
江西,CEG2000_f4_r0025_c0110,1,43.08268500510387,,,,6,42.9320090111507,4,,0.5063913994982314,0.8020798032319136
江西,CEG2000_f4_r0025_c0110,2,39.16756090436965,43.08268500510387,-3.915124100734218,-0.09087465417418635,5,39.44318243697327,3,-3.1481704483295667,0.5063913994982314,0.8020798032319136
江西,CEG2000_f4_r0025_c0110,3,42.68622986863206,39.16756090436965,3.5186689642624103,0.0898363054276851,6,42.9320090111507,5,3.1481704483295676,0.5063913994982314,0.8020798032319136
江西,CEG2000_f4_r0025_c0110,4,39.44184732796842,42.68622986863206,-3.2443825406636435,-0.07600536638274946,5,39.44318243697327,3,-3.1481704483295667,0.5063913994982314,0.8020798032319136
江西,CEG2000_f4_r0025_c0110,5,41.5182495215324,39.44184732796842,2.076402193563979,0.052644648621505905,6,42.9320090111507,5,3.1481704483295676,0.5063913994982314,0.8020798032319136
江西,CEG2000_f4_r0025_c0110,6,27.01103056072653,41.5182495215324,-14.507218960805865,-0.3494178855802208,1,25.487876140263555,0,-12.592681793318267,0.5063913994982314,0.8020798032319136
江西,CEG2000_f4_r0025_c0110,7,29.448912716031813,27.01103056072653,2.4378821553052816,0.09025505894062076,2,28.976702714440982,5,3.1481704483295676,0.5063913994982314,0.8020798032319136
江西,CEG2000_f4_r0025_c0110,8,27.1421282779943,29.448912716031813,-2.306784438037514,-0.07833173537784689,1,25.487876140263555,3,-3.1481704483295667,0.5063913994982314,0.8020798032319136
江西,CEG2000_f4_r0025_c0110,9,33.84660749529214,27.1421282779943,6.704479217297841,0.24701376209814585,3,32.46552928861841,6,6.296340896659135,0.5063913994982314,0.8020798032319136
江西,CEG2000_f4_r0025_c0110,10,31.50677217582629,33.84660749529214,-2.339835319465852,-0.06913057149941272,3,32.46552928861841,3,-3.1481704483295667,0.5063913994982314,0.8020798032319136
江西,CEG2000_f4_r0025_c0110,11,33.964549127254585,31.50677217582629,2.457776951428297,0.07800789423024544,3,32.46552928861841,5,3.1481704483295676,0.5063913994982314,0.8020798032319136
江西,CEG2000_f4_r0025_c0110,12,40.845330215676086,33.964549127254585,6.8807810884215,0.20258714645795406,5,39.44318243697327,6,6.296340896659135,0.5063913994982314,0.8020798032319136
江西,CEG2000_f4_r0025_c0111,1,42.46430409516527,,,,6,42.9320090111507,4,,0.4429931018706795,0.9243418852140174
江西,CEG2000_f4_r0025_c0111,2,37.84012853671992,42.46430409516527,-4.624175558445351,-0.10889559259189255,5,39.44318243697327,3,-3.1481704483295667,0.4429931018706795,0.9243418852140174
江西,CEG2000_f4_r0025_c0111,3,41.69805723801333,37.84012853671992,3.8579287012934103,0.10195337200162233,6,42.9320090111507,5,3.1481704483295676,0.4429931018706795,0.9243418852140174
江西,CEG2000_f4_r0025_c0111,4,39.473550690466865,41.69805723801333,-2.2245065475464614,-0.053347966185784974,5,39.44318243697327,3,-3.1481704483295667,0.4429931018706795,0.9243418852140174
江西,CEG2000_f4_r0025_c0111,5,42.372736540565185,39.473550690466865,2.89918585009832,0.07344628996850018,6,42.9320090111507,5,3.1481704483295676,0.4429931018706795,0.9243418852140174
江西,CEG2000_f4_r0025_c0111,6,26.484701504136737,42.372736540565185,-15.888035036428448,-0.37495890833527284,1,25.487876140263555,0,-12.592681793318267,0.4429931018706795,0.9243418852140174
江西,CEG2000_f4_r0025_c0111,7,29.430166507028975,26.484701504136737,2.945465002892238,0.11121382668527247,2,28.976702714440982,5,3.1481704483295676,0.4429931018706795,0.9243418852140174
江西,CEG2000_f4_r0025_c0111,8,27.34916636944375,29.430166507028975,-2.0810001375852245,-0.07070976431914537,2,28.976702714440982,3,-3.1481704483295667,0.4429931018706795,0.9243418852140174
江西,CEG2000_f4_r0025_c0111,9,34.28013988553957,27.34916636944375,6.930973516095818,0.25342540326346286,4,35.954355862795836,6,6.296340896659135,0.4429931018706795,0.9243418852140174
江西,CEG2000_f4_r0025_c0111,10,31.583666526836236,34.28013988553957,-2.696473358703333,-0.07865992868485316,3,32.46552928861841,3,-3.1481704483295667,0.4429931018706795,0.9243418852140174
江西,CEG2000_f4_r0025_c0111,11,33.95450725519563,31.583666526836236,2.3708407283593935,0.07506540528931055,3,32.46552928861841,5,3.1481704483295676,0.4429931018706795,0.9243418852140174
江西,CEG2000_f4_r0025_c0111,12,40.62739862395966,33.95450725519563,6.672891368764027,0.1965244648850841,5,39.44318243697327,6,6.296340896659135,0.4429931018706795,0.9243418852140174
江西,CEG2000_f4_r0026_c0101,1,46.188233503384424,,,,7,46.42083558532812,4,,2.168832483323998,0.8657881525905473
江西,CEG2000_f4_r0026_c0101,2,38.40232626503198,46.188233503384424,-7.7859072383524435,-0.16856906289308368,5,39.44318243697327,2,-6.296340896659133,2.168832483323998,0.8657881525905473
江西,CEG2000_f4_r0026_c0101,3,46.39132387730184,38.40232626503198,7.988997612269863,0.20803421014482676,7,46.42083558532812,7,9.444511344988703,2.168832483323998,0.8657881525905473
江西,CEG2000_f4_r0026_c0101,4,38.031080018372386,46.39132387730184,-8.360243858929458,-0.18021136626842252,5,39.44318243697327,1,-9.444511344988701,2.168832483323998,0.8657881525905473
江西,CEG2000_f4_r0026_c0101,5,38.73602682738692,38.031080018372386,0.7049468090145368,0.018536071252091314,5,39.44318243697327,4,8.881784197001252e-16,2.168832483323998,0.8657881525905473
江西,CEG2000_f4_r0026_c0101,6,26.165771649138343,38.73602682738692,-12.57025517824858,-0.3245106999296384,1,25.487876140263555,0,-12.592681793318267,2.168832483323998,0.8657881525905473
江西,CEG2000_f4_r0026_c0101,7,26.483374518412585,26.165771649138343,0.31760286927424275,0.012138104449317918,1,25.487876140263555,4,8.881784197001252e-16,2.168832483323998,0.8657881525905473
江西,CEG2000_f4_r0026_c0101,8,25.54502803417508,26.483374518412585,-0.9383464842375062,-0.03543153020719169,1,25.487876140263555,4,8.881784197001252e-16,2.168832483323998,0.8657881525905473
江西,CEG2000_f4_r0026_c0101,9,31.450184318987898,25.54502803417508,5.9051562848128185,0.23116656113716857,3,32.46552928861841,6,6.296340896659135,2.168832483323998,0.8657881525905473
江西,CEG2000_f4_r0026_c0101,10,29.928637309339987,31.450184318987898,-1.521547009647911,-0.04837958958254131,2,28.976702714440982,4,8.881784197001252e-16,2.168832483323998,0.8657881525905473
江西,CEG2000_f4_r0026_c0101,11,29.55458771407865,29.928637309339987,-0.3740495952613365,-0.012498049657095644,2,28.976702714440982,4,8.881784197001252e-16,2.168832483323998,0.8657881525905473
江西,CEG2000_f4_r0026_c0101,12,44.276703279027224,29.55458771407865,14.722115564948574,0.498133004167591,6,42.9320090111507,8,12.592681793318269,2.168832483323998,0.8657881525905473
江西,CEG2000_f4_r0026_c0102,1,46.00134360349646,,,,7,46.42083558532812,4,,2.0123889262945247,0.7720573239600526
江西,CEG2000_f4_r0026_c0102,2,38.12719099362555,46.00134360349646,-7.874152609870912,-0.17117223091875983,5,39.44318243697327,1,-9.444511344988701,2.0123889262945247,0.7720573239600526
江西,CEG2000_f4_r0026_c0102,3,45.81798278340534,38.12719099362555,7.690791789779794,0.20171409404552282,7,46.42083558532812,6,6.296340896659135,2.0123889262945247,0.7720573239600526
江西,CEG2000_f4_r0026_c0102,4,37.105209957349594,45.81798278340534,-8.712772826055748,-0.19016055043809998,4,35.954355862795836,1,-9.444511344988701,2.0123889262945247,0.7720573239600526
江西,CEG2000_f4_r0026_c0102,5,38.44842790421926,37.105209957349594,1.3432179468696646,0.03620025188952225,5,39.44318243697327,4,8.881784197001252e-16,2.0123889262945247,0.7720573239600526
江西,CEG2000_f4_r0026_c0102,6,24.93218641012285,38.44842790421926,-13.516241494096409,-0.35154211058427076,1,25.487876140263555,0,-12.592681793318267,2.0123889262945247,0.7720573239600526
江西,CEG2000_f4_r0026_c0102,7,25.66253551976887,24.93218641012285,0.7303491096460206,0.02929342407569549,1,25.487876140263555,4,8.881784197001252e-16,2.0123889262945247,0.7720573239600526
江西,CEG2000_f4_r0026_c0102,8,24.40946597414768,25.66253551976887,-1.2530695456211909,-0.048828750559581365,1,25.487876140263555,4,8.881784197001252e-16,2.0123889262945247,0.7720573239600526
江西,CEG2000_f4_r0026_c0102,9,30.588018867602543,24.40946597414768,6.178552893454864,0.25312118257722777,2,28.976702714440982,6,6.296340896659135,2.0123889262945247,0.7720573239600526
江西,CEG2000_f4_r0026_c0102,10,30.772982350459618,30.588018867602543,0.18496348285707498,0.006046925878320939,3,32.46552928861841,4,8.881784197001252e-16,2.0123889262945247,0.7720573239600526
江西,CEG2000_f4_r0026_c0102,11,28.16851971834234,30.772982350459618,-2.6044626321172792,-0.08463471633838504,2,28.976702714440982,3,-3.1481704483295667,2.0123889262945247,0.7720573239600526
江西,CEG2000_f4_r0026_c0102,12,42.041389173086294,28.16851971834234,13.872869454743956,0.49249550893902444,6,42.9320090111507,8,12.592681793318269,2.0123889262945247,0.7720573239600526
江西,CEG2000_f4_r0026_c0103,1,44.1676179055513,,,,6,42.9320090111507,4,,1.811842518969618,0.7585001992107211
江西,CEG2000_f4_r0026_c0103,2,35.29288984925258,44.1676179055513,-8.874728056298721,-0.20093291142113603,4,35.954355862795836,1,-9.444511344988701,1.811842518969618,0.7585001992107211
江西,CEG2000_f4_r0026_c0103,3,42.93094814745711,35.29288984925258,7.638058298204527,0.2164191804873208,6,42.9320090111507,6,6.296340896659135,1.811842518969618,0.7585001992107211
江西,CEG2000_f4_r0026_c0103,4,34.15205394091992,42.93094814745711,-8.778894206537188,-0.20448871001832697,3,32.46552928861841,1,-9.444511344988701,1.811842518969618,0.7585001992107211
江西,CEG2000_f4_r0026_c0103,5,36.13229422216138,34.15205394091992,1.980240281241457,0.057983050877909136,4,35.954355862795836,5,3.1481704483295676,1.811842518969618,0.7585001992107211
江西,CEG2000_f4_r0026_c0103,6,22.967498158327043,36.13229422216138,-13.164796063834334,-0.364349852320195,0,21.99904956608613,0,-12.592681793318267,1.811842518969618,0.7585001992107211
江西,CEG2000_f4_r0026_c0103,7,23.960775750080153,22.967498158327043,0.9932775917531096,0.04324709573963715,1,25.487876140263555,4,8.881784197001252e-16,1.811842518969618,0.7585001992107211
江西,CEG2000_f4_r0026_c0103,8,23.062257716204265,23.960775750080153,-0.898518033875888,-0.03749953854782362,0,21.99904956608613,4,8.881784197001252e-16,1.811842518969618,0.7585001992107211
江西,CEG2000_f4_r0026_c0103,9,28.74691835512057,23.062257716204265,5.684660638916306,0.24649193972548858,2,28.976702714440982,6,6.296340896659135,1.811842518969618,0.7585001992107211
江西,CEG2000_f4_r0026_c0103,10,28.53061548429877,28.74691835512057,-0.21630287082179933,-0.007524384636632545,2,28.976702714440982,4,8.881784197001252e-16,1.811842518969618,0.7585001992107211
江西,CEG2000_f4_r0026_c0103,11,25.766363082798936,28.53061548429877,-2.764252401499835,-0.09688723340094375,1,25.487876140263555,3,-3.1481704483295667,1.811842518969618,0.7585001992107211
江西,CEG2000_f4_r0026_c0103,12,37.46248180901567,25.766363082798936,11.696118726216735,0.453929748976673,4,35.954355862795836,8,12.592681793318269,1.811842518969618,0.7585001992107211
江西,CEG2000_f4_r0026_c0104,1,46.66586866169079,,,,7,46.42083558532812,4,,1.5897181689023856,0.6544645051821835
江西,CEG2000_f4_r0026_c0104,2,38.65442450759082,46.66586866169079,-8.01144415409997,-0.17167673899268418,5,39.44318243697327,1,-9.444511344988701,1.5897181689023856,0.6544645051821835
江西,CEG2000_f4_r0026_c0104,3,47.17731276602515,38.65442450759082,8.522888258434335,0.2204893325151081,7,46.42083558532812,7,9.444511344988703,1.5897181689023856,0.6544645051821835
江西,CEG2000_f4_r0026_c0104,4,40.57364482610296,47.17731276602515,-6.603667939922197,-0.13997549993304922,5,39.44318243697327,2,-6.296340896659133,1.5897181689023856,0.6544645051821835
江西,CEG2000_f4_r0026_c0104,5,43.35646749451937,40.57364482610296,2.782822668416415,0.06858695294306152,6,42.9320090111507,5,3.1481704483295676,1.5897181689023856,0.6544645051821835
江西,CEG2000_f4_r0026_c0104,6,27.3671451305626,43.35646749451937,-15.98932236395677,-0.3687874794222559,2,28.976702714440982,0,-12.592681793318267,1.5897181689023856,0.6544645051821835
江西,CEG2000_f4_r0026_c0104,7,29.17234418431133,27.3671451305626,1.80519905374873,0.06596227137089106,2,28.976702714440982,5,3.1481704483295676,1.5897181689023856,0.6544645051821835
江西,CEG2000_f4_r0026_c0104,8,27.400424994020735,29.17234418431133,-1.7719191902905962,-0.060739691644099036,2,28.976702714440982,3,-3.1481704483295667,1.5897181689023856,0.6544645051821835
江西,CEG2000_f4_r0026_c0104,9,34.50017700358354,27.400424994020735,7.099752009562803,0.2591110178441428,4,35.954355862795836,6,6.296340896659135,1.5897181689023856,0.6544645051821835
江西,CEG2000_f4_r0026_c0104,10,33.274749167924234,34.50017700358354,-1.2254278356593034,-0.03551946517642556,3,32.46552928861841,4,8.881784197001252e-16,1.5897181689023856,0.6544645051821835
江西,CEG2000_f4_r0026_c0104,11,32.5307517931056,33.274749167924234,-0.7439973748186333,-0.022359218128556842,3,32.46552928861841,4,8.881784197001252e-16,1.5897181689023856,0.6544645051821835
江西,CEG2000_f4_r0026_c0104,12,45.22558175510908,32.5307517931056,12.694829962003482,0.39024090321496835,7,46.42083558532812,8,12.592681793318269,1.5897181689023856,0.6544645051821835
江西,CEG2000_f4_r0026_c0105,1,47.93022298625426,,,,7,46.42083558532812,4,,1.3657434995818094,0.6447886271534348
江西,CEG2000_f4_r0026_c0105,2,41.13223116465897,47.93022298625426,-6.797991821595289,-0.14183100762007433,5,39.44318243697327,2,-6.296340896659133,1.3657434995818094,0.6447886271534348
江西,CEG2000_f4_r0026_c0105,3,51.62435061216976,41.13223116465897,10.492119447510795,0.25508267240620003,8,49.90966215950555,7,9.444511344988703,1.3657434995818094,0.6447886271534348
江西,CEG2000_f4_r0026_c0105,4,45.44178603551057,51.62435061216976,-6.182564576659196,-0.11976062659085028,7,46.42083558532812,2,-6.296340896659133,1.3657434995818094,0.6447886271534348
江西,CEG2000_f4_r0026_c0105,5,48.59447701415552,45.44178603551057,3.152690978644955,0.06937867662554634,8,49.90966215950555,5,3.1481704483295676,1.3657434995818094,0.6447886271534348
江西,CEG2000_f4_r0026_c0105,6,30.821151505232873,48.59447701415552,-17.77332550892265,-0.3657478503934778,3,32.46552928861841,0,-12.592681793318267,1.3657434995818094,0.6447886271534348
江西,CEG2000_f4_r0026_c0105,7,33.21499569827687,30.821151505232873,2.393844193044,0.07766887595479904,3,32.46552928861841,5,3.1481704483295676,1.3657434995818094,0.6447886271534348
江西,CEG2000_f4_r0026_c0105,8,29.6059537721997,33.21499569827687,-3.609041926077172,-0.10865700416948727,2,28.976702714440982,3,-3.1481704483295667,1.3657434995818094,0.6447886271534348
江西,CEG2000_f4_r0026_c0105,9,37.858062844921186,29.6059537721997,8.252109072721485,0.27873140437280225,5,39.44318243697327,7,9.444511344988703,1.3657434995818094,0.6447886271534348
江西,CEG2000_f4_r0026_c0105,10,37.46920256793173,37.858062844921186,-0.3888602769894547,-0.010271531287333734,4,35.954355862795836,4,8.881784197001252e-16,1.3657434995818094,0.6447886271534348
江西,CEG2000_f4_r0026_c0105,11,37.862739302680176,37.46920256793173,0.3935367347484444,0.010502938620990441,5,39.44318243697327,4,8.881784197001252e-16,1.3657434995818094,0.6447886271534348
江西,CEG2000_f4_r0026_c0105,12,55.08097835363161,37.862739302680176,17.218239050951432,0.45475418229268505,8,49.90966215950555,8,12.592681793318269,1.3657434995818094,0.6447886271534348
江西,CEG2000_f4_r0026_c0106,1,48.82343228235879,,,,8,49.90966215950555,4,,1.1605897649126808,0.5804252779350924
江西,CEG2000_f4_r0026_c0106,2,42.3216108521651,48.82343228235879,-6.5018214301936865,-0.13317010145030234,6,42.9320090111507,2,-6.296340896659133,1.1605897649126808,0.5804252779350924
江西,CEG2000_f4_r0026_c0106,3,52.709643717400645,42.3216108521651,10.388032865235544,0.24545457169676968,8,49.90966215950555,7,9.444511344988703,1.1605897649126808,0.5804252779350924
江西,CEG2000_f4_r0026_c0106,4,48.83591867839179,52.709643717400645,-3.8737250390088533,-0.07349177049607052,8,49.90966215950555,3,-3.1481704483295667,1.1605897649126808,0.5804252779350924
江西,CEG2000_f4_r0026_c0106,5,51.12740327018825,48.83591867839179,2.2914845917964612,0.0469221149884985,8,49.90966215950555,5,3.1481704483295676,1.1605897649126808,0.5804252779350924
江西,CEG2000_f4_r0026_c0106,6,32.88759333543947,51.12740327018825,-18.239809934748784,-0.3567521283715222,3,32.46552928861841,0,-12.592681793318267,1.1605897649126808,0.5804252779350924
江西,CEG2000_f4_r0026_c0106,7,35.508597895146295,32.88759333543947,2.621004559706826,0.0796958455723316,4,35.954355862795836,5,3.1481704483295676,1.1605897649126808,0.5804252779350924
江西,CEG2000_f4_r0026_c0106,8,30.134845735018015,35.508597895146295,-5.37375216012828,-0.15133664742259012,2,28.976702714440982,2,-6.296340896659133,1.1605897649126808,0.5804252779350924
江西,CEG2000_f4_r0026_c0106,9,38.892467824712625,30.134845735018015,8.75762208969461,0.29061446561572635,5,39.44318243697327,7,9.444511344988703,1.1605897649126808,0.5804252779350924
江西,CEG2000_f4_r0026_c0106,10,37.97639470280369,38.892467824712625,-0.9160731219089371,-0.0235539983226998,5,39.44318243697327,4,8.881784197001252e-16,1.1605897649126808,0.5804252779350924
江西,CEG2000_f4_r0026_c0106,11,41.08999854330031,37.97639470280369,3.113603840496623,0.0819878733845884,5,39.44318243697327,5,3.1481704483295676,1.1605897649126808,0.5804252779350924
江西,CEG2000_f4_r0026_c0106,12,58.52135940084258,41.08999854330031,17.431360857542266,0.4242239346680248,8,49.90966215950555,8,12.592681793318269,1.1605897649126808,0.5804252779350924
江西,CEG2000_f4_r0026_c0107,1,48.51826272037227,,,,8,49.90966215950555,4,,0.986186633294436,0.6306229884533789
江西,CEG2000_f4_r0026_c0107,2,43.3341065132512,48.51826272037227,-5.18415620712107,-0.10684958439256527,6,42.9320090111507,2,-6.296340896659133,0.986186633294436,0.6306229884533789
江西,CEG2000_f4_r0026_c0107,3,53.14703132066241,43.3341065132512,9.812924807411207,0.22644807051486104,8,49.90966215950555,7,9.444511344988703,0.986186633294436,0.6306229884533789
江西,CEG2000_f4_r0026_c0107,4,48.65471006138884,53.14703132066241,-4.492321259273567,-0.08452628768988363,8,49.90966215950555,3,-3.1481704483295667,0.986186633294436,0.6306229884533789
江西,CEG2000_f4_r0026_c0107,5,49.72935678260147,48.65471006138884,1.0746467212126305,0.022087208409149336,8,49.90966215950555,4,8.881784197001252e-16,0.986186633294436,0.6306229884533789
江西,CEG2000_f4_r0026_c0107,6,32.24402966458832,49.72935678260147,-17.485327118013153,-0.351609758285284,3,32.46552928861841,0,-12.592681793318267,0.986186633294436,0.6306229884533789
江西,CEG2000_f4_r0026_c0107,7,34.50330512811256,32.24402966458832,2.25927546352424,0.07006802459326189,4,35.954355862795836,5,3.1481704483295676,0.986186633294436,0.6306229884533789
江西,CEG2000_f4_r0026_c0107,8,29.87381868220729,34.50330512811256,-4.629486445905268,-0.13417515883524042,2,28.976702714440982,3,-3.1481704483295667,0.986186633294436,0.6306229884533789
江西,CEG2000_f4_r0026_c0107,9,38.74681488620951,29.87381868220729,8.872996204002224,0.29701580164195546,5,39.44318243697327,7,9.444511344988703,0.986186633294436,0.6306229884533789
江西,CEG2000_f4_r0026_c0107,10,37.75617842986714,38.74681488620951,-0.9906364563423722,-0.025566913286979683,5,39.44318243697327,4,8.881784197001252e-16,0.986186633294436,0.6306229884533789
江西,CEG2000_f4_r0026_c0107,11,41.45280321358278,37.75617842986714,3.6966247837156416,0.09790781105090379,6,42.9320090111507,5,3.1481704483295676,0.986186633294436,0.6306229884533789
江西,CEG2000_f4_r0026_c0107,12,56.42303655657496,41.45280321358278,14.970233342992174,0.361139227807081,8,49.90966215950555,8,12.592681793318269,0.986186633294436,0.6306229884533789
江西,CEG2000_f4_r0026_c0108,1,47.20684557090679,,,,7,46.42083558532812,4,,0.844271487166269,0.6901805876416512
江西,CEG2000_f4_r0026_c0108,2,41.72305898175165,47.20684557090679,-5.4837865891551445,-0.11616507146020277,6,42.9320090111507,2,-6.296340896659133,0.844271487166269,0.6901805876416512
江西,CEG2000_f4_r0026_c0108,3,50.41302070128743,41.72305898175165,8.68996171953578,0.20827719567101963,8,49.90966215950555,7,9.444511344988703,0.844271487166269,0.6901805876416512
江西,CEG2000_f4_r0026_c0108,4,46.0953256621841,50.41302070128743,-4.317695039103327,-0.08564642584476323,7,46.42083558532812,3,-3.1481704483295667,0.844271487166269,0.6901805876416512
江西,CEG2000_f4_r0026_c0108,5,47.365786655923856,46.0953256621841,1.2704609937397535,0.027561601431140777,7,46.42083558532812,4,8.881784197001252e-16,0.844271487166269,0.6901805876416512
江西,CEG2000_f4_r0026_c0108,6,30.39783497799268,47.365786655923856,-16.967951677931175,-0.3582322363014963,2,28.976702714440982,0,-12.592681793318267,0.844271487166269,0.6901805876416512
江西,CEG2000_f4_r0026_c0108,7,32.2010822207724,30.39783497799268,1.8032472427797188,0.05932156826580668,3,32.46552928861841,5,3.1481704483295676,0.844271487166269,0.6901805876416512
江西,CEG2000_f4_r0026_c0108,8,29.868068346010688,32.2010822207724,-2.3330138747617113,-0.07245141199809495,2,28.976702714440982,3,-3.1481704483295667,0.844271487166269,0.6901805876416512
江西,CEG2000_f4_r0026_c0108,9,37.78201745516541,29.868068346010688,7.913949109154721,0.2649635395725798,5,39.44318243697327,7,9.444511344988703,0.844271487166269,0.6901805876416512
江西,CEG2000_f4_r0026_c0108,10,36.797522606594875,37.78201745516541,-0.9844948485705345,-0.026057233437542078,4,35.954355862795836,4,8.881784197001252e-16,0.844271487166269,0.6901805876416512
江西,CEG2000_f4_r0026_c0108,11,39.28561036608405,36.797522606594875,2.4880877594891757,0.0676156323372503,5,39.44318243697327,5,3.1481704483295676,0.844271487166269,0.6901805876416512
江西,CEG2000_f4_r0026_c0108,12,50.979397414285486,39.28561036608405,11.693787048201436,0.29766082133464533,8,49.90966215950555,8,12.592681793318269,0.844271487166269,0.6901805876416512
江西,CEG2000_f4_r0026_c0109,1,44.55514230524397,,,,6,42.9320090111507,4,,0.730819515109268,0.7291430576446288
江西,CEG2000_f4_r0026_c0109,2,39.98208116566856,44.55514230524397,-4.573061139575408,-0.1026382343983037,5,39.44318243697327,3,-3.1481704483295667,0.730819515109268,0.7291430576446288
江西,CEG2000_f4_r0026_c0109,3,46.67922400425779,39.98208116566856,6.6971428385892295,0.16750360769963796,7,46.42083558532812,6,6.296340896659135,0.730819515109268,0.7291430576446288
江西,CEG2000_f4_r0026_c0109,4,41.91099385257077,46.67922400425779,-4.768230151687021,-0.10214887358136229,6,42.9320090111507,2,-6.296340896659133,0.730819515109268,0.7291430576446288
江西,CEG2000_f4_r0026_c0109,5,43.12686342103512,41.91099385257077,1.215869568464349,0.02901075485686124,6,42.9320090111507,4,8.881784197001252e-16,0.730819515109268,0.7291430576446288
江西,CEG2000_f4_r0026_c0109,6,28.02766082028109,43.12686342103512,-15.09920260075403,-0.35011130889220654,2,28.976702714440982,0,-12.592681793318267,0.730819515109268,0.7291430576446288
江西,CEG2000_f4_r0026_c0109,7,30.003209494342272,28.02766082028109,1.9755486740611836,0.07048567794254372,2,28.976702714440982,5,3.1481704483295676,0.730819515109268,0.7291430576446288
江西,CEG2000_f4_r0026_c0109,8,28.711946444801008,30.003209494342272,-1.2912630495412643,-0.04303749736456557,2,28.976702714440982,4,8.881784197001252e-16,0.730819515109268,0.7291430576446288
江西,CEG2000_f4_r0026_c0109,9,34.23355541177975,28.711946444801008,5.521608966978739,0.1923105066246235,4,35.954355862795836,6,6.296340896659135,0.730819515109268,0.7291430576446288
江西,CEG2000_f4_r0026_c0109,10,33.35111493444365,34.23355541177975,-0.8824404773360968,-0.02577706191254822,3,32.46552928861841,4,8.881784197001252e-16,0.730819515109268,0.7291430576446288
江西,CEG2000_f4_r0026_c0109,11,34.257353029715325,33.35111493444365,0.9062380952716751,0.027172647662694775,4,35.954355862795836,4,8.881784197001252e-16,0.730819515109268,0.7291430576446288
江西,CEG2000_f4_r0026_c0109,12,43.9133883057933,34.257353029715325,9.656035276077972,0.28186752396491893,6,42.9320090111507,7,9.444511344988703,0.730819515109268,0.7291430576446288
江西,CEG2000_f4_r0026_c0110,1,41.41533931174755,,,,6,42.9320090111507,4,,0.6402225963038296,0.9089385930801406
江西,CEG2000_f4_r0026_c0110,2,37.429357429547615,41.41533931174755,-3.985981882199937,-0.09624409574906717,4,35.954355862795836,3,-3.1481704483295667,0.6402225963038296,0.9089385930801406
江西,CEG2000_f4_r0026_c0110,3,41.4526222876308,37.429357429547615,4.023264858083188,0.10748955190203527,6,42.9320090111507,5,3.1481704483295676,0.6402225963038296,0.9089385930801406
江西,CEG2000_f4_r0026_c0110,4,38.23251939829819,41.4526222876308,-3.2201028893326153,-0.07768152439160582,5,39.44318243697327,3,-3.1481704483295667,0.6402225963038296,0.9089385930801406
江西,CEG2000_f4_r0026_c0110,5,39.49823477957229,38.23251939829819,1.2657153812741058,0.0331057278252619,5,39.44318243697327,4,8.881784197001252e-16,0.6402225963038296,0.9089385930801406
江西,CEG2000_f4_r0026_c0110,6,25.1130849918995,39.49823477957229,-14.385149787672795,-0.3641972829406673,1,25.487876140263555,0,-12.592681793318267,0.6402225963038296,0.9089385930801406
江西,CEG2000_f4_r0026_c0110,7,27.6299552388216,25.1130849918995,2.516870246922103,0.1002214681204618,2,28.976702714440982,5,3.1481704483295676,0.6402225963038296,0.9089385930801406
江西,CEG2000_f4_r0026_c0110,8,25.958132515550265,27.6299552388216,-1.6718227232713367,-0.06050761605731211,1,25.487876140263555,3,-3.1481704483295667,0.6402225963038296,0.9089385930801406
江西,CEG2000_f4_r0026_c0110,9,31.431348081248856,25.958132515550265,5.473215565698592,0.21084781666862407,3,32.46552928861841,6,6.296340896659135,0.6402225963038296,0.9089385930801406
江西,CEG2000_f4_r0026_c0110,10,29.181952280366534,31.431348081248856,-2.249395800882322,-0.0715653619140903,2,28.976702714440982,3,-3.1481704483295667,0.6402225963038296,0.9089385930801406
江西,CEG2000_f4_r0026_c0110,11,30.268198519394954,29.181952280366534,1.0862462390284193,0.0372232203175536,2,28.976702714440982,4,8.881784197001252e-16,0.6402225963038296,0.9089385930801406
江西,CEG2000_f4_r0026_c0110,12,36.60231481921412,30.268198519394954,6.3341162998191685,0.2092663788946824,4,35.954355862795836,6,6.296340896659135,0.6402225963038296,0.9089385930801406
江西,CEG2000_f4_r0026_c0111,1,39.89526586747388,,,,5,39.44318243697327,4,,0.5524445695690721,0.9653331204595664
江西,CEG2000_f4_r0026_c0111,2,35.97999251089962,39.89526586747388,-3.915273356574261,-0.09813879595589649,4,35.954355862795836,3,-3.1481704483295667,0.5524445695690721,0.9653331204595664
江西,CEG2000_f4_r0026_c0111,3,39.127956004982856,35.97999251089962,3.1479634940832355,0.0874920552896059,5,39.44318243697327,5,3.1481704483295676,0.5524445695690721,0.9653331204595664
江西,CEG2000_f4_r0026_c0111,4,36.62714113902984,39.127956004982856,-2.500814865953018,-0.06391376195665689,4,35.954355862795836,3,-3.1481704483295667,0.5524445695690721,0.9653331204595664
江西,CEG2000_f4_r0026_c0111,5,39.80293304130272,36.62714113902984,3.175791902272884,0.08670597277079767,5,39.44318243697327,5,3.1481704483295676,0.5524445695690721,0.9653331204595664
江西,CEG2000_f4_r0026_c0111,6,24.942915412667368,39.80293304130272,-14.860017628635354,-0.3733397640122502,1,25.487876140263555,0,-12.592681793318267,0.5524445695690721,0.9653331204595664
江西,CEG2000_f4_r0026_c0111,7,27.506678218276377,24.942915412667368,2.5637628056090094,0.10278521027686248,2,28.976702714440982,5,3.1481704483295676,0.5524445695690721,0.9653331204595664
江西,CEG2000_f4_r0026_c0111,8,25.799971351276596,27.506678218276377,-1.706706866999781,-0.06204700013052781,1,25.487876140263555,3,-3.1481704483295667,0.5524445695690721,0.9653331204595664
江西,CEG2000_f4_r0026_c0111,9,31.41056545857265,25.799971351276596,5.610594107296052,0.2174651293563718,3,32.46552928861841,6,6.296340896659135,0.5524445695690721,0.9653331204595664
江西,CEG2000_f4_r0026_c0111,10,28.51329462397932,31.41056545857265,-2.8972708345933285,-0.0922387353521074,2,28.976702714440982,3,-3.1481704483295667,0.5524445695690721,0.9653331204595664
江西,CEG2000_f4_r0026_c0111,11,30.063467085500736,28.51329462397932,1.5501724615214165,0.05436665534321457,2,28.976702714440982,4,8.881784197001252e-16,0.5524445695690721,0.9653331204595664
江西,CEG2000_f4_r0026_c0111,12,35.87029362405486,30.063467085500736,5.806826538554123,0.19315225759023277,4,35.954355862795836,6,6.296340896659135,0.5524445695690721,0.9653331204595664
江西,CEG2000_f4_r0027_c0101,1,45.746635802475815,,,,7,46.42083558532812,4,,2.0854688900568172,0.9589432861348488
江西,CEG2000_f4_r0027_c0101,2,37.97312502701495,45.746635802475815,-7.773510775460863,-0.1699252991853919,5,39.44318243697327,2,-6.296340896659133,2.0854688900568172,0.9589432861348488
江西,CEG2000_f4_r0027_c0101,3,47.28314176375489,37.97312502701495,9.31001673673994,0.2451738362359321,7,46.42083558532812,7,9.444511344988703,2.0854688900568172,0.9589432861348488
江西,CEG2000_f4_r0027_c0101,4,38.01281807729381,47.28314176375489,-9.270323686461083,-0.19605980780167387,5,39.44318243697327,1,-9.444511344988701,2.0854688900568172,0.9589432861348488
江西,CEG2000_f4_r0027_c0101,5,38.99271373544737,38.01281807729381,0.9798956581535592,0.02577803245634346,5,39.44318243697327,4,8.881784197001252e-16,2.0854688900568172,0.9589432861348488
江西,CEG2000_f4_r0027_c0101,6,26.12147639548636,38.99271373544737,-12.871237339961006,-0.33009339712255176,1,25.487876140263555,0,-12.592681793318267,2.0854688900568172,0.9589432861348488
江西,CEG2000_f4_r0027_c0101,7,25.30086094263616,26.12147639548636,-0.8206154528502019,-0.03141535495260136,1,25.487876140263555,4,8.881784197001252e-16,2.0854688900568172,0.9589432861348488
江西,CEG2000_f4_r0027_c0101,8,25.130574282475756,25.30086094263616,-0.1702866601604036,-0.00673046899654874,1,25.487876140263555,4,8.881784197001252e-16,2.0854688900568172,0.9589432861348488
江西,CEG2000_f4_r0027_c0101,9,30.55898200933357,25.130574282475756,5.428407726857813,0.21600810494184336,2,28.976702714440982,6,6.296340896659135,2.0854688900568172,0.9589432861348488
江西,CEG2000_f4_r0027_c0101,10,28.832635429424347,30.55898200933357,-1.7263465799092224,-0.0564922803836184,2,28.976702714440982,3,-3.1481704483295667,2.0854688900568172,0.9589432861348488
江西,CEG2000_f4_r0027_c0101,11,29.30626106173722,28.832635429424347,0.47362563231287425,0.016426720112776398,2,28.976702714440982,4,8.881784197001252e-16,2.0854688900568172,0.9589432861348488
江西,CEG2000_f4_r0027_c0101,12,43.25303344274203,29.30626106173722,13.94677238100481,0.4758973637621063,6,42.9320090111507,8,12.592681793318269,2.0854688900568172,0.9589432861348488
江西,CEG2000_f4_r0027_c0102,1,46.29431345138018,,,,7,46.42083558532812,4,,1.939502536468917,0.9382939250178294
江西,CEG2000_f4_r0027_c0102,2,38.87923014800308,46.29431345138018,-7.415083303377095,-0.1601726594598851,5,39.44318243697327,2,-6.296340896659133,1.939502536468917,0.9382939250178294
江西,CEG2000_f4_r0027_c0102,3,47.529390367444705,38.87923014800308,8.650160219441624,0.22248795016034836,7,46.42083558532812,7,9.444511344988703,1.939502536468917,0.9382939250178294
江西,CEG2000_f4_r0027_c0102,4,38.777501705694434,47.529390367444705,-8.751888661750272,-0.1841363542450333,5,39.44318243697327,1,-9.444511344988701,1.939502536468917,0.9382939250178294
江西,CEG2000_f4_r0027_c0102,5,40.81046080328676,38.777501705694434,2.0329590975923253,0.052426252547718606,5,39.44318243697327,5,3.1481704483295676,1.939502536468917,0.9382939250178294
江西,CEG2000_f4_r0027_c0102,6,26.661396076384293,40.81046080328676,-14.149064726902466,-0.3467019104514238,1,25.487876140263555,0,-12.592681793318267,1.939502536468917,0.9382939250178294
江西,CEG2000_f4_r0027_c0102,7,26.22809875893206,26.661396076384293,-0.433297317452233,-0.01625186153833978,1,25.487876140263555,4,8.881784197001252e-16,1.939502536468917,0.9382939250178294
江西,CEG2000_f4_r0027_c0102,8,25.624495925213697,26.22809875893206,-0.6036028337183623,-0.023013594666780927,1,25.487876140263555,4,8.881784197001252e-16,1.939502536468917,0.9382939250178294
江西,CEG2000_f4_r0027_c0102,9,31.578552332456145,25.624495925213697,5.954056407242447,0.2323579915335561,3,32.46552928861841,6,6.296340896659135,1.939502536468917,0.9382939250178294
江西,CEG2000_f4_r0027_c0102,10,29.88574922490024,31.578552332456145,-1.6928031075559034,-0.05360610232331822,2,28.976702714440982,3,-3.1481704483295667,1.939502536468917,0.9382939250178294
江西,CEG2000_f4_r0027_c0102,11,29.385599789659636,29.88574922490024,-0.5001494352406048,-0.01673538218757085,2,28.976702714440982,4,8.881784197001252e-16,1.939502536468917,0.9382939250178294
江西,CEG2000_f4_r0027_c0102,12,43.955651960436114,29.385599789659636,14.570052170776478,0.49582286136978787,6,42.9320090111507,8,12.592681793318269,1.939502536468917,0.9382939250178294
江西,CEG2000_f4_r0027_c0103,1,46.79823241980896,,,,7,46.42083558532812,4,,1.7599511265990262,0.912747566734956
江西,CEG2000_f4_r0027_c0103,2,38.25392805959009,46.79823241980896,-8.544304360218874,-0.1825775017220993,5,39.44318243697327,1,-9.444511344988701,1.7599511265990262,0.912747566734956
江西,CEG2000_f4_r0027_c0103,3,47.16636234657954,38.25392805959009,8.912434286989452,0.23298089213494885,7,46.42083558532812,7,9.444511344988703,1.7599511265990262,0.912747566734956
江西,CEG2000_f4_r0027_c0103,4,37.94687053270674,47.16636234657954,-9.2194918138728,-0.1954675186974937,5,39.44318243697327,1,-9.444511344988701,1.7599511265990262,0.912747566734956
江西,CEG2000_f4_r0027_c0103,5,40.71987885821335,37.94687053270674,2.773008325506609,0.07307607416839629,5,39.44318243697327,5,3.1481704483295676,1.7599511265990262,0.912747566734956
江西,CEG2000_f4_r0027_c0103,6,26.281194849877405,40.71987885821335,-14.438684008335944,-0.3545856326982566,1,25.487876140263555,0,-12.592681793318267,1.7599511265990262,0.912747566734956
江西,CEG2000_f4_r0027_c0103,7,26.06555305476511,26.281194849877405,-0.21564179511229398,-0.008205174701685981,1,25.487876140263555,4,8.881784197001252e-16,1.7599511265990262,0.912747566734956
江西,CEG2000_f4_r0027_c0103,8,25.6149778750426,26.06555305476511,-0.4505751797225095,-0.017286231325144997,1,25.487876140263555,4,8.881784197001252e-16,1.7599511265990262,0.912747566734956
江西,CEG2000_f4_r0027_c0103,9,31.558013180718888,25.6149778750426,5.943035305676286,0.2320140714026052,3,32.46552928861841,6,6.296340896659135,1.7599511265990262,0.912747566734956
江西,CEG2000_f4_r0027_c0103,10,31.16586268996491,31.558013180718888,-0.392150490753977,-0.012426336490459754,3,32.46552928861841,4,8.881784197001252e-16,1.7599511265990262,0.912747566734956
江西,CEG2000_f4_r0027_c0103,11,28.681227146518815,31.16586268996491,-2.484635543446096,-0.07972298306525374,2,28.976702714440982,3,-3.1481704483295667,1.7599511265990262,0.912747566734956
江西,CEG2000_f4_r0027_c0103,12,43.04302958564181,28.681227146518815,14.361802439122997,0.5007387712441781,6,42.9320090111507,8,12.592681793318269,1.7599511265990262,0.912747566734956
江西,CEG2000_f4_r0027_c0104,1,47.26826946740703,,,,7,46.42083558532812,4,,1.5858691051824017,0.8193698135804923
江西,CEG2000_f4_r0027_c0104,2,39.69523786106112,47.26826946740703,-7.573031606345907,-0.16021385364166446,5,39.44318243697327,2,-6.296340896659133,1.5858691051824017,0.8193698135804923
江西,CEG2000_f4_r0027_c0104,3,49.43385812907157,39.69523786106112,9.738620268010443,0.24533472508961843,8,49.90966215950555,7,9.444511344988703,1.5858691051824017,0.8193698135804923
江西,CEG2000_f4_r0027_c0104,4,40.49089970454827,49.43385812907157,-8.942958424523297,-0.18090755532722685,5,39.44318243697327,1,-9.444511344988701,1.5858691051824017,0.8193698135804923
江西,CEG2000_f4_r0027_c0104,5,43.45493267132738,40.49089970454827,2.964032966779108,0.07320244767112852,6,42.9320090111507,5,3.1481704483295676,1.5858691051824017,0.8193698135804923
江西,CEG2000_f4_r0027_c0104,6,27.90718609263724,43.45493267132738,-15.547746578690138,-0.35779014309574386,2,28.976702714440982,0,-12.592681793318267,1.5858691051824017,0.8193698135804923
江西,CEG2000_f4_r0027_c0104,7,28.10055957644816,27.90718609263724,0.19337348381091957,0.006929164523037933,2,28.976702714440982,4,8.881784197001252e-16,1.5858691051824017,0.8193698135804923
江西,CEG2000_f4_r0027_c0104,8,27.98354619085394,28.10055957644816,-0.1170133855942197,-0.004164094500534139,2,28.976702714440982,4,8.881784197001252e-16,1.5858691051824017,0.8193698135804923
江西,CEG2000_f4_r0027_c0104,9,33.84732917393014,27.98354619085394,5.863782983076202,0.20954395640509293,3,32.46552928861841,6,6.296340896659135,1.5858691051824017,0.8193698135804923
江西,CEG2000_f4_r0027_c0104,10,34.16845061431483,33.84732917393014,0.3211214403846867,0.009487349466616722,3,32.46552928861841,4,8.881784197001252e-16,1.5858691051824017,0.8193698135804923
江西,CEG2000_f4_r0027_c0104,11,32.23661426269216,34.16845061431483,-1.931836351622671,-0.056538599699142655,3,32.46552928861841,3,-3.1481704483295667,1.5858691051824017,0.8193698135804923
江西,CEG2000_f4_r0027_c0104,12,46.710953752895335,32.23661426269216,14.474339490203178,0.4490030923301556,7,46.42083558532812,8,12.592681793318269,1.5858691051824017,0.8193698135804923
江西,CEG2000_f4_r0027_c0105,1,48.05882295488291,,,,7,46.42083558532812,4,,1.4066249034380658,0.8250178756879241
江西,CEG2000_f4_r0027_c0105,2,42.59553373402221,48.05882295488291,-5.463289220860702,-0.11367921403296907,6,42.9320090111507,2,-6.296340896659133,1.4066249034380658,0.8250178756879241
江西,CEG2000_f4_r0027_c0105,3,52.67061450228222,42.59553373402221,10.075080768260008,0.2365290415462682,8,49.90966215950555,7,9.444511344988703,1.4066249034380658,0.8250178756879241
江西,CEG2000_f4_r0027_c0105,4,45.18498053726878,52.67061450228222,-7.485633965013442,-0.1421216371927669,7,46.42083558532812,2,-6.296340896659133,1.4066249034380658,0.8250178756879241
江西,CEG2000_f4_r0027_c0105,5,48.99274645621364,45.18498053726878,3.8077659189448596,0.08427061102315175,8,49.90966215950555,5,3.1481704483295676,1.4066249034380658,0.8250178756879241
江西,CEG2000_f4_r0027_c0105,6,31.032622334041513,48.99274645621364,-17.960124122172125,-0.3665874118370493,3,32.46552928861841,0,-12.592681793318267,1.4066249034380658,0.8250178756879241
江西,CEG2000_f4_r0027_c0105,7,32.2891658064024,31.032622334041513,1.2565434723608888,0.04049105031586429,3,32.46552928861841,4,8.881784197001252e-16,1.4066249034380658,0.8250178756879241
江西,CEG2000_f4_r0027_c0105,8,29.65793666029016,32.2891658064024,-2.63122914611224,-0.08148953620816402,2,28.976702714440982,3,-3.1481704483295667,1.4066249034380658,0.8250178756879241
江西,CEG2000_f4_r0027_c0105,9,36.929532651320464,29.65793666029016,7.271595991030303,0.24518212694028865,4,35.954355862795836,6,6.296340896659135,1.4066249034380658,0.8250178756879241
江西,CEG2000_f4_r0027_c0105,10,37.27987404993367,36.929532651320464,0.3503413986132031,0.009486754189960651,4,35.954355862795836,4,8.881784197001252e-16,1.4066249034380658,0.8250178756879241
江西,CEG2000_f4_r0027_c0105,11,37.95157180397823,37.27987404993367,0.6716977540445654,0.018017704489689944,5,39.44318243697327,4,8.881784197001252e-16,1.4066249034380658,0.8250178756879241
江西,CEG2000_f4_r0027_c0105,12,55.66372521369084,37.95157180397823,17.712153409712606,0.46670408016818815,8,49.90966215950555,8,12.592681793318269,1.4066249034380658,0.8250178756879241
江西,CEG2000_f4_r0027_c0106,1,46.19327723734824,,,,7,46.42083558532812,4,,1.237332711705253,0.77100319317084
江西,CEG2000_f4_r0027_c0106,2,41.06043880339922,46.19327723734824,-5.1328384339490185,-0.11111656805763524,5,39.44318243697327,2,-6.296340896659133,1.237332711705253,0.77100319317084
江西,CEG2000_f4_r0027_c0106,3,50.06755482679952,41.06043880339922,9.0071160234003,0.2193623908046165,8,49.90966215950555,7,9.444511344988703,1.237332711705253,0.77100319317084
江西,CEG2000_f4_r0027_c0106,4,45.2390175657235,50.06755482679952,-4.828537261076022,-0.0964404448705265,7,46.42083558532812,2,-6.296340896659133,1.237332711705253,0.77100319317084
江西,CEG2000_f4_r0027_c0106,5,47.43613910823261,45.2390175657235,2.197121542509109,0.04856695968954494,7,46.42083558532812,5,3.1481704483295676,1.237332711705253,0.77100319317084
江西,CEG2000_f4_r0027_c0106,6,31.01155000724517,47.43613910823261,-16.42458910098744,-0.3462463305352971,3,32.46552928861841,0,-12.592681793318267,1.237332711705253,0.77100319317084
江西,CEG2000_f4_r0027_c0106,7,32.767615345970405,31.01155000724517,1.7560653387252358,0.0566261711625175,3,32.46552928861841,5,3.1481704483295676,1.237332711705253,0.77100319317084
江西,CEG2000_f4_r0027_c0106,8,29.356576929673153,32.767615345970405,-3.4110384162972522,-0.104097853331177,2,28.976702714440982,3,-3.1481704483295667,1.237332711705253,0.77100319317084
江西,CEG2000_f4_r0027_c0106,9,36.783210530335374,29.356576929673153,7.426633600662221,0.252980230578433,4,35.954355862795836,6,6.296340896659135,1.237332711705253,0.77100319317084
江西,CEG2000_f4_r0027_c0106,10,36.574087359591424,36.783210530335374,-0.20912317074395048,-0.005685288688204232,4,35.954355862795836,4,8.881784197001252e-16,1.237332711705253,0.77100319317084
江西,CEG2000_f4_r0027_c0106,11,37.535529940641865,36.574087359591424,0.9614425810504414,0.02628753443927854,4,35.954355862795836,4,8.881784197001252e-16,1.237332711705253,0.77100319317084
江西,CEG2000_f4_r0027_c0106,12,54.79994989908188,37.535529940641865,17.264419958440016,0.4599487468470997,8,49.90966215950555,8,12.592681793318269,1.237332711705253,0.77100319317084
江西,CEG2000_f4_r0027_c0107,1,45.6293128725606,,,,7,46.42083558532812,4,,1.0856764749582486,0.8543721837659038
江西,CEG2000_f4_r0027_c0107,2,41.63615140483514,45.6293128725606,-3.993161467725457,-0.08751307473943495,6,42.9320090111507,3,-3.1481704483295667,1.0856764749582486,0.8543721837659038
江西,CEG2000_f4_r0027_c0107,3,51.07359852675667,41.63615140483514,9.43744712192153,0.22666473253398664,8,49.90966215950555,7,9.444511344988703,1.0856764749582486,0.8543721837659038
江西,CEG2000_f4_r0027_c0107,4,46.77968166899232,51.07359852675667,-4.293916857764351,-0.08407312156622046,7,46.42083558532812,3,-3.1481704483295667,1.0856764749582486,0.8543721837659038
江西,CEG2000_f4_r0027_c0107,5,48.70338486098859,46.77968166899232,1.9237031919962746,0.04112262254386805,8,49.90966215950555,5,3.1481704483295676,1.0856764749582486,0.8543721837659038
江西,CEG2000_f4_r0027_c0107,6,31.83867126124534,48.70338486098859,-16.86471359974325,-0.3462739529886738,3,32.46552928861841,0,-12.592681793318267,1.0856764749582486,0.8543721837659038
江西,CEG2000_f4_r0027_c0107,7,32.82636729137371,31.83867126124534,0.9876960301283653,0.031021898559272114,3,32.46552928861841,4,8.881784197001252e-16,1.0856764749582486,0.8543721837659038
江西,CEG2000_f4_r0027_c0107,8,29.255371551179618,32.82636729137371,-3.570995740194089,-0.1087843716758904,2,28.976702714440982,3,-3.1481704483295667,1.0856764749582486,0.8543721837659038
江西,CEG2000_f4_r0027_c0107,9,37.61208377622118,29.255371551179618,8.356712225041566,0.28564710622192085,4,35.954355862795836,7,9.444511344988703,1.0856764749582486,0.8543721837659038
江西,CEG2000_f4_r0027_c0107,10,36.47006851533281,37.61208377622118,-1.1420152608883711,-0.030362988333296415,4,35.954355862795836,4,8.881784197001252e-16,1.0856764749582486,0.8543721837659038
江西,CEG2000_f4_r0027_c0107,11,38.80417871935332,36.47006851533281,2.3341102040205044,0.06400070795148612,5,39.44318243697327,5,3.1481704483295676,1.0856764749582486,0.8543721837659038
江西,CEG2000_f4_r0027_c0107,12,52.19299214652337,38.80417871935332,13.388813427170057,0.34503535106368527,8,49.90966215950555,8,12.592681793318269,1.0856764749582486,0.8543721837659038
江西,CEG2000_f4_r0027_c0108,1,44.05875676439312,,,,6,42.9320090111507,4,,0.9548056484686492,0.813460313474729
江西,CEG2000_f4_r0027_c0108,2,39.907089896531474,44.05875676439312,-4.151666867861643,-0.09423023191650491,5,39.44318243697327,3,-3.1481704483295667,0.9548056484686492,0.813460313474729
江西,CEG2000_f4_r0027_c0108,3,48.63704979852863,39.907089896531474,8.729959901997155,0.21875711620746166,8,49.90966215950555,7,9.444511344988703,0.9548056484686492,0.813460313474729
江西,CEG2000_f4_r0027_c0108,4,43.79955731699966,48.63704979852863,-4.837492481528969,-0.09946105903971406,6,42.9320090111507,2,-6.296340896659133,0.9548056484686492,0.813460313474729
江西,CEG2000_f4_r0027_c0108,5,46.135183270048394,43.79955731699966,2.3356259530487335,0.05332533240335333,7,46.42083558532812,5,3.1481704483295676,0.9548056484686492,0.813460313474729
江西,CEG2000_f4_r0027_c0108,6,30.477341985344857,46.135183270048394,-15.657841284703537,-0.33939046460597516,2,28.976702714440982,0,-12.592681793318267,0.9548056484686492,0.813460313474729
江西,CEG2000_f4_r0027_c0108,7,31.04826830919122,30.477341985344857,0.5709263238463613,0.018732812202615745,3,32.46552928861841,4,8.881784197001252e-16,0.9548056484686492,0.813460313474729
江西,CEG2000_f4_r0027_c0108,8,29.22746151433063,31.04826830919122,-1.8208067948605873,-0.0586443912661491,2,28.976702714440982,3,-3.1481704483295667,0.9548056484686492,0.813460313474729
江西,CEG2000_f4_r0027_c0108,9,36.78933035664421,29.22746151433063,7.561868842313576,0.2587247899926542,4,35.954355862795836,6,6.296340896659135,0.9548056484686492,0.813460313474729
江西,CEG2000_f4_r0027_c0108,10,35.51266114804569,36.78933035664421,-1.2766692085985198,-0.03470215946368677,4,35.954355862795836,4,8.881784197001252e-16,0.9548056484686492,0.813460313474729
江西,CEG2000_f4_r0027_c0108,11,36.77101754779616,35.51266114804569,1.2583563997504754,0.03543402153121168,4,35.954355862795836,4,8.881784197001252e-16,0.9548056484686492,0.813460313474729
江西,CEG2000_f4_r0027_c0108,12,46.990926900947954,36.77101754779616,10.219909353151792,0.2779338194780066,7,46.42083558532812,7,9.444511344988703,0.9548056484686492,0.813460313474729
江西,CEG2000_f4_r0027_c0109,1,42.25994207138066,,,,6,42.9320090111507,4,,0.8443091201225396,0.8664614686001112
江西,CEG2000_f4_r0027_c0109,2,38.59671406966089,42.25994207138066,-3.663228001719766,-0.08668322345383864,5,39.44318243697327,3,-3.1481704483295667,0.8443091201225396,0.8664614686001112
江西,CEG2000_f4_r0027_c0109,3,45.39524620884596,38.59671406966089,6.79853213918507,0.17614277026056696,7,46.42083558532812,6,6.296340896659135,0.8443091201225396,0.8664614686001112
江西,CEG2000_f4_r0027_c0109,4,40.59189249070776,45.39524620884596,-4.803353718138204,-0.10581182214630652,5,39.44318243697327,2,-6.296340896659133,0.8443091201225396,0.8664614686001112
江西,CEG2000_f4_r0027_c0109,5,42.17711249000772,40.59189249070776,1.5852199992999658,0.0390526260795269,6,42.9320090111507,5,3.1481704483295676,0.8443091201225396,0.8664614686001112
江西,CEG2000_f4_r0027_c0109,6,28.294375999376296,42.17711249000772,-13.882736490631427,-0.3291533173097238,2,28.976702714440982,0,-12.592681793318267,0.8443091201225396,0.8664614686001112
江西,CEG2000_f4_r0027_c0109,7,28.615084037606643,28.294375999376296,0.32070803823034666,0.011334692033406786,2,28.976702714440982,4,8.881784197001252e-16,0.8443091201225396,0.8664614686001112
江西,CEG2000_f4_r0027_c0109,8,28.22169483632105,28.615084037606643,-0.3933892012855935,-0.013747616493755246,2,28.976702714440982,4,8.881784197001252e-16,0.8443091201225396,0.8664614686001112
江西,CEG2000_f4_r0027_c0109,9,33.58596639852404,28.22169483632105,5.364271562202994,0.19007616634346242,3,32.46552928861841,6,6.296340896659135,0.8443091201225396,0.8664614686001112
江西,CEG2000_f4_r0027_c0109,10,33.17808666235854,33.58596639852404,-0.4078797361655049,-0.01214435015284924,3,32.46552928861841,4,8.881784197001252e-16,0.8443091201225396,0.8664614686001112
江西,CEG2000_f4_r0027_c0109,11,33.335974967594396,33.17808666235854,0.15788830523585773,0.004758812852670808,3,32.46552928861841,4,8.881784197001252e-16,0.8443091201225396,0.8664614686001112
江西,CEG2000_f4_r0027_c0109,12,41.86005505964432,33.335974967594396,8.524080092049921,0.2557021386155978,6,42.9320090111507,7,9.444511344988703,0.8443091201225396,0.8664614686001112
江西,CEG2000_f4_r0027_c0110,1,41.386676615816285,,,,6,42.9320090111507,4,,0.7518988970102651,0.8942619563001969
江西,CEG2000_f4_r0027_c0110,2,37.54930154601082,41.386676615816285,-3.837375069805468,-0.09272005832763534,4,35.954355862795836,3,-3.1481704483295667,0.7518988970102651,0.8942619563001969
江西,CEG2000_f4_r0027_c0110,3,42.49231611342463,37.54930154601082,4.943014567413812,0.131640652792354,6,42.9320090111507,6,6.296340896659135,0.7518988970102651,0.8942619563001969
江西,CEG2000_f4_r0027_c0110,4,38.913132568609775,42.49231611342463,-3.5791835448148532,-0.084231312203857,5,39.44318243697327,3,-3.1481704483295667,0.7518988970102651,0.8942619563001969
江西,CEG2000_f4_r0027_c0110,5,40.87035640209592,38.913132568609775,1.9572238334861467,0.05029725710299121,5,39.44318243697327,5,3.1481704483295676,0.7518988970102651,0.8942619563001969
江西,CEG2000_f4_r0027_c0110,6,26.755146300285443,40.87035640209592,-14.11521010181048,-0.34536547621313674,1,25.487876140263555,0,-12.592681793318267,0.7518988970102651,0.8942619563001969
江西,CEG2000_f4_r0027_c0110,7,28.07399519404656,26.755146300285443,1.3188488937611176,0.049293279093265405,2,28.976702714440982,4,8.881784197001252e-16,0.7518988970102651,0.8942619563001969
江西,CEG2000_f4_r0027_c0110,8,26.907865610330443,28.07399519404656,-1.166129583716117,-0.041537714018110586,1,25.487876140263555,4,8.881784197001252e-16,0.7518988970102651,0.8942619563001969
江西,CEG2000_f4_r0027_c0110,9,32.00193573994135,26.907865610330443,5.094070129610909,0.18931528064623596,3,32.46552928861841,6,6.296340896659135,0.7518988970102651,0.8942619563001969
江西,CEG2000_f4_r0027_c0110,10,29.79814955785608,32.00193573994135,-2.2037861820852704,-0.0688641524685878,2,28.976702714440982,3,-3.1481704483295667,0.7518988970102651,0.8942619563001969
江西,CEG2000_f4_r0027_c0110,11,30.881024133438284,29.79814955785608,1.0828745755822027,0.03634032957246871,3,32.46552928861841,4,8.881784197001252e-16,0.7518988970102651,0.8942619563001969
江西,CEG2000_f4_r0027_c0110,12,38.19331976092761,30.881024133438284,7.312295627489323,0.2367892850927666,5,39.44318243697327,6,6.296340896659135,0.7518988970102651,0.8942619563001969
江西,CEG2000_f4_r0027_c0111,1,39.20452207417478,,,,5,39.44318243697327,4,,0.711838011402864,0.9685649550179454
江西,CEG2000_f4_r0027_c0111,2,35.374459683562286,39.20452207417478,-3.830062390612497,-0.09769440329781437,4,35.954355862795836,3,-3.1481704483295667,0.711838011402864,0.9685649550179454
江西,CEG2000_f4_r0027_c0111,3,39.47917019158195,35.374459683562286,4.104710508019664,0.11603599163740813,5,39.44318243697327,5,3.1481704483295676,0.711838011402864,0.9685649550179454
江西,CEG2000_f4_r0027_c0111,4,34.7613767560944,39.47917019158195,-4.71779343548755,-0.11950082569094915,4,35.954355862795836,3,-3.1481704483295667,0.711838011402864,0.9685649550179454
江西,CEG2000_f4_r0027_c0111,5,36.72919996797461,34.7613767560944,1.9678232118802086,0.05660947279757002,4,35.954355862795836,5,3.1481704483295676,0.711838011402864,0.9685649550179454
江西,CEG2000_f4_r0027_c0111,6,24.512331308341192,36.72919996797461,-12.216868659633416,-0.3326200589799316,1,25.487876140263555,0,-12.592681793318267,0.711838011402864,0.9685649550179454
江西,CEG2000_f4_r0027_c0111,7,25.51822490064101,24.512331308341192,1.0058935922998167,0.041036227017604225,1,25.487876140263555,4,8.881784197001252e-16,0.711838011402864,0.9685649550179454
江西,CEG2000_f4_r0027_c0111,8,24.416472916983363,25.51822490064101,-1.1017519836576462,-0.04317510281171519,1,25.487876140263555,4,8.881784197001252e-16,0.711838011402864,0.9685649550179454
江西,CEG2000_f4_r0027_c0111,9,28.398154989651328,24.416472916983363,3.981682072667965,0.16307359732938442,2,28.976702714440982,5,3.1481704483295676,0.711838011402864,0.9685649550179454
江西,CEG2000_f4_r0027_c0111,10,26.88371321301544,28.398154989651328,-1.5144417766358877,-0.053328879189080095,1,25.487876140263555,4,8.881784197001252e-16,0.711838011402864,0.9685649550179454
江西,CEG2000_f4_r0027_c0111,11,27.630064808806814,26.88371321301544,0.7463515957913742,0.027762221307659117,2,28.976702714440982,4,8.881784197001252e-16,0.711838011402864,0.9685649550179454
江西,CEG2000_f4_r0027_c0111,12,32.86112147542035,27.630064808806814,5.231056666613533,0.1893248062504068,3,32.46552928861841,6,6.296340896659135,0.711838011402864,0.9685649550179454
江西,CEG2000_f4_r0028_c0104,1,47.88061978798184,,,,7,46.42083558532812,4,,1.5686555744579076,0.9441952302927992
江西,CEG2000_f4_r0028_c0104,2,41.47586947799095,47.88061978798184,-6.404750309990895,-0.1337649833763953,6,42.9320090111507,2,-6.296340896659133,1.5686555744579076,0.9441952302927992
江西,CEG2000_f4_r0028_c0104,3,52.258125873462674,41.47586947799095,10.782256395471727,0.25996456569025755,8,49.90966215950555,7,9.444511344988703,1.5686555744579076,0.9441952302927992
江西,CEG2000_f4_r0028_c0104,4,42.14404247281984,52.258125873462674,-10.114083400642834,-0.19354087487050298,6,42.9320090111507,1,-9.444511344988701,1.5686555744579076,0.9441952302927992
江西,CEG2000_f4_r0028_c0104,5,46.16804847084876,42.14404247281984,4.024005998028919,0.0954822025111649,7,46.42083558532812,5,3.1481704483295676,1.5686555744579076,0.9441952302927992
江西,CEG2000_f4_r0028_c0104,6,30.154827142321107,46.16804847084876,-16.013221328527653,-0.3468463982972695,2,28.976702714440982,0,-12.592681793318267,1.5686555744579076,0.9441952302927992
江西,CEG2000_f4_r0028_c0104,7,28.887098955782015,30.154827142321107,-1.2677281865390917,-0.04204063848735798,2,28.976702714440982,4,8.881784197001252e-16,1.5686555744579076,0.9441952302927992
江西,CEG2000_f4_r0028_c0104,8,28.807739177059663,28.887098955782015,-0.07935977872235256,-0.002747239480289452,2,28.976702714440982,4,8.881784197001252e-16,1.5686555744579076,0.9441952302927992
江西,CEG2000_f4_r0028_c0104,9,34.08495347524735,28.807739177059663,5.27721429818769,0.18318738120171785,3,32.46552928861841,6,6.296340896659135,1.5686555744579076,0.9441952302927992
江西,CEG2000_f4_r0028_c0104,10,35.47931454592253,34.08495347524735,1.3943610706751741,0.04090840469205174,4,35.954355862795836,4,8.881784197001252e-16,1.5686555744579076,0.9441952302927992
江西,CEG2000_f4_r0028_c0104,11,34.88845404234561,35.47931454592253,-0.5908605035769199,-0.016653661750204943,4,35.954355862795836,4,8.881784197001252e-16,1.5686555744579076,0.9441952302927992
江西,CEG2000_f4_r0028_c0104,12,51.03351501170356,34.88845404234561,16.14506096935795,0.4627622923550009,8,49.90966215950555,8,12.592681793318269,1.5686555744579076,0.9441952302927992
江西,CEG2000_f4_r0028_c0105,1,46.65746941350305,,,,7,46.42083558532812,4,,1.4354343299217502,0.9517737153022338
江西,CEG2000_f4_r0028_c0105,2,42.17667423016368,46.65746941350305,-4.480795183339374,-0.09603596679511718,6,42.9320090111507,3,-3.1481704483295667,1.4354343299217502,0.9517737153022338
江西,CEG2000_f4_r0028_c0105,3,52.49459569519895,42.17667423016368,10.317921465035276,0.24463572942544065,8,49.90966215950555,7,9.444511344988703,1.4354343299217502,0.9517737153022338
江西,CEG2000_f4_r0028_c0105,4,43.58041079332852,52.49459569519895,-8.914184901870435,-0.16981147837825347,6,42.9320090111507,1,-9.444511344988701,1.4354343299217502,0.9517737153022338
江西,CEG2000_f4_r0028_c0105,5,47.4511489547938,43.58041079332852,3.870738161465283,0.08881830370579785,7,46.42083558532812,5,3.1481704483295676,1.4354343299217502,0.9517737153022338
江西,CEG2000_f4_r0028_c0105,6,30.980660889661745,47.4511489547938,-16.470488065132056,-0.3471040939561508,3,32.46552928861841,0,-12.592681793318267,1.4354343299217502,0.9517737153022338
江西,CEG2000_f4_r0028_c0105,7,31.096801152198488,30.980660889661745,0.11614026253674226,0.0037487987409428793,3,32.46552928861841,4,8.881784197001252e-16,1.4354343299217502,0.9517737153022338
江西,CEG2000_f4_r0028_c0105,8,29.888532612263017,31.096801152198488,-1.208268539935471,-0.03885507496484244,2,28.976702714440982,4,8.881784197001252e-16,1.4354343299217502,0.9517737153022338
江西,CEG2000_f4_r0028_c0105,9,35.318888797557484,29.888532612263017,5.4303561852944675,0.18168694514853626,4,35.954355862795836,6,6.296340896659135,1.4354343299217502,0.9517737153022338
江西,CEG2000_f4_r0028_c0105,10,35.26263082415253,35.318888797557484,-0.05625797340495353,-0.0015928579669483858,4,35.954355862795836,4,8.881784197001252e-16,1.4354343299217502,0.9517737153022338
江西,CEG2000_f4_r0028_c0105,11,37.36416264629472,35.26263082415253,2.101531822142192,0.05959656931503773,4,35.954355862795836,5,3.1481704483295676,1.4354343299217502,0.9517737153022338
江西,CEG2000_f4_r0028_c0105,12,55.50710491413674,37.36416264629472,18.142942267842017,0.4855706908138403,8,49.90966215950555,8,12.592681793318269,1.4354343299217502,0.9517737153022338
江西,CEG2000_f4_r0028_c0106,1,46.061748875209226,,,,7,46.42083558532812,4,,1.2848055068118156,0.9383588019025224
江西,CEG2000_f4_r0028_c0106,2,42.83833246482794,46.061748875209226,-3.223416410381283,-0.06998033051489605,6,42.9320090111507,3,-3.1481704483295667,1.2848055068118156,0.9383588019025224
江西,CEG2000_f4_r0028_c0106,3,52.58520297453967,42.83833246482794,9.746870509711727,0.2275268421737544,8,49.90966215950555,7,9.444511344988703,1.2848055068118156,0.9383588019025224
江西,CEG2000_f4_r0028_c0106,4,45.00498383742402,52.58520297453967,-7.580219137115648,-0.14415118147943223,7,46.42083558532812,2,-6.296340896659133,1.2848055068118156,0.9383588019025224
江西,CEG2000_f4_r0028_c0106,5,49.77567309379044,45.00498383742402,4.770689256366417,0.10600357670608332,8,49.90966215950555,6,6.296340896659135,1.2848055068118156,0.9383588019025224
江西,CEG2000_f4_r0028_c0106,6,31.782897936659367,49.77567309379044,-17.99277515713107,-0.3614772847617341,3,32.46552928861841,0,-12.592681793318267,1.2848055068118156,0.9383588019025224
江西,CEG2000_f4_r0028_c0106,7,32.709641308777435,31.782897936659367,0.926743372118068,0.029158554829235187,3,32.46552928861841,4,8.881784197001252e-16,1.2848055068118156,0.9383588019025224
江西,CEG2000_f4_r0028_c0106,8,29.871912384464967,32.709641308777435,-2.8377289243124686,-0.08675512206093747,2,28.976702714440982,3,-3.1481704483295667,1.2848055068118156,0.9383588019025224
江西,CEG2000_f4_r0028_c0106,9,35.85552930388113,29.871912384464967,5.983616919416161,0.2003091346280183,4,35.954355862795836,6,6.296340896659135,1.2848055068118156,0.9383588019025224
江西,CEG2000_f4_r0028_c0106,10,36.31172273407349,35.85552930388113,0.45619343019236425,0.012723098474604982,4,35.954355862795836,4,8.881784197001252e-16,1.2848055068118156,0.9383588019025224
江西,CEG2000_f4_r0028_c0106,11,38.96585315046071,36.31172273407349,2.6541304163872184,0.0730929357393635,5,39.44318243697327,5,3.1481704483295676,1.2848055068118156,0.9383588019025224
江西,CEG2000_f4_r0028_c0106,12,57.364448955350056,38.96585315046071,18.398595804889347,0.47217228207081646,8,49.90966215950555,8,12.592681793318269,1.2848055068118156,0.9383588019025224
江西,CEG2000_f4_r0028_c0107,1,43.81977175880895,,,,6,42.9320090111507,4,,1.1647204649224945,0.8742739428072049
江西,CEG2000_f4_r0028_c0107,2,41.2155942854493,43.81977175880895,-2.6041774733596483,-0.059429279725450396,6,42.9320090111507,3,-3.1481704483295667,1.1647204649224945,0.8742739428072049
江西,CEG2000_f4_r0028_c0107,3,51.23877383607875,41.2155942854493,10.02317955062945,0.2431890095096365,8,49.90966215950555,7,9.444511344988703,1.1647204649224945,0.8742739428072049
江西,CEG2000_f4_r0028_c0107,4,44.946737836752064,51.23877383607875,-6.292035999326686,-0.1227983327519886,7,46.42083558532812,2,-6.296340896659133,1.1647204649224945,0.8742739428072049
江西,CEG2000_f4_r0028_c0107,5,48.237684626737824,44.946737836752064,3.2909467899857603,0.07321881294118787,8,49.90966215950555,5,3.1481704483295676,1.1647204649224945,0.8742739428072049
江西,CEG2000_f4_r0028_c0107,6,31.406836765718715,48.237684626737824,-16.83084786101911,-0.348914919761507,3,32.46552928861841,0,-12.592681793318267,1.1647204649224945,0.8742739428072049
江西,CEG2000_f4_r0028_c0107,7,31.5423768049279,31.406836765718715,0.1355400392091859,0.004315622111843207,3,32.46552928861841,4,8.881784197001252e-16,1.1647204649224945,0.8742739428072049
江西,CEG2000_f4_r0028_c0107,8,28.586691445836365,31.5423768049279,-2.955685359091536,-0.09370522004003724,2,28.976702714440982,3,-3.1481704483295667,1.1647204649224945,0.8742739428072049
江西,CEG2000_f4_r0028_c0107,9,35.8407432441925,28.586691445836365,7.254051798356137,0.2537562561970663,4,35.954355862795836,6,6.296340896659135,1.1647204649224945,0.8742739428072049
江西,CEG2000_f4_r0028_c0107,10,34.95140485528109,35.8407432441925,-0.8893383889114119,-0.02481361457412067,4,35.954355862795836,4,8.881784197001252e-16,1.1647204649224945,0.8742739428072049
江西,CEG2000_f4_r0028_c0107,11,36.72031467004716,34.95140485528109,1.7689098147660687,0.05061054976446218,4,35.954355862795836,5,3.1481704483295676,1.1647204649224945,0.8742739428072049
江西,CEG2000_f4_r0028_c0107,12,51.71177659577126,36.72031467004716,14.991461925724103,0.40826071509546924,8,49.90966215950555,8,12.592681793318269,1.1647204649224945,0.8742739428072049
江西,CEG2000_f4_r0028_c0108,1,40.554871827525666,,,,5,39.44318243697327,4,,1.0135886203336155,0.9067352555606208
江西,CEG2000_f4_r0028_c0108,2,37.29443146375379,40.554871827525666,-3.2604403637718775,-0.08039577532480155,4,35.954355862795836,3,-3.1481704483295667,1.0135886203336155,0.9067352555606208
江西,CEG2000_f4_r0028_c0108,3,44.67325046065091,37.29443146375379,7.378818996897124,0.19785310319232374,6,42.9320090111507,6,6.296340896659135,1.0135886203336155,0.9067352555606208
江西,CEG2000_f4_r0028_c0108,4,40.0362496531038,44.67325046065091,-4.6370008075471105,-0.10379815123664379,5,39.44318243697327,3,-3.1481704483295667,1.0135886203336155,0.9067352555606208
江西,CEG2000_f4_r0028_c0108,5,42.182165127787,40.0362496531038,2.1459154746832,0.05359931295454988,6,42.9320090111507,5,3.1481704483295676,1.0135886203336155,0.9067352555606208
江西,CEG2000_f4_r0028_c0108,6,28.909545435987397,42.182165127787,-13.272619691799605,-0.3146500340035041,2,28.976702714440982,0,-12.592681793318267,1.0135886203336155,0.9067352555606208
江西,CEG2000_f4_r0028_c0108,7,28.772758894434705,28.909545435987397,-0.13678654155269143,-0.00473153553574785,2,28.976702714440982,4,8.881784197001252e-16,1.0135886203336155,0.9067352555606208
江西,CEG2000_f4_r0028_c0108,8,27.056507095495007,28.772758894434705,-1.7162517989396981,-0.059648496177808645,1,25.487876140263555,3,-3.1481704483295667,1.0135886203336155,0.9067352555606208
江西,CEG2000_f4_r0028_c0108,9,32.69213446156365,27.056507095495007,5.63562736606864,0.2082910165077069,3,32.46552928861841,6,6.296340896659135,1.0135886203336155,0.9067352555606208
江西,CEG2000_f4_r0028_c0108,10,31.54394362299422,32.69213446156365,-1.1481908385694268,-0.035121317634349086,3,32.46552928861841,4,8.881784197001252e-16,1.0135886203336155,0.9067352555606208
江西,CEG2000_f4_r0028_c0108,11,31.444626101698976,31.54394362299422,-0.0993175212952444,-0.0031485448516604016,3,32.46552928861841,4,8.881784197001252e-16,1.0135886203336155,0.9067352555606208
江西,CEG2000_f4_r0028_c0108,12,40.67929132775888,31.444626101698976,9.234665226059906,0.2936802363683043,5,39.44318243697327,7,9.444511344988703,1.0135886203336155,0.9067352555606208
江西,CEG2000_f4_r0028_c0109,1,40.77522131040807,,,,5,39.44318243697327,4,,0.9294927160913042,0.9703963883923452
江西,CEG2000_f4_r0028_c0109,2,37.028299079313534,40.77522131040807,-3.746922231094537,-0.09189213720191672,4,35.954355862795836,3,-3.1481704483295667,0.9294927160913042,0.9703963883923452
江西,CEG2000_f4_r0028_c0109,3,43.38851584800167,37.028299079313534,6.360216768688133,0.17176637671270653,6,42.9320090111507,6,6.296340896659135,0.9294927160913042,0.9703963883923452
江西,CEG2000_f4_r0028_c0109,4,38.54788610354223,43.38851584800167,-4.840629744459434,-0.11156476892219806,5,39.44318243697327,2,-6.296340896659133,0.9294927160913042,0.9703963883923452
江西,CEG2000_f4_r0028_c0109,5,41.578436414696085,38.54788610354223,3.0305503111538528,0.07861780806899733,6,42.9320090111507,5,3.1481704483295676,0.9294927160913042,0.9703963883923452
江西,CEG2000_f4_r0028_c0109,6,27.80799121781372,41.578436414696085,-13.770445196882367,-0.33119199239572994,2,28.976702714440982,0,-12.592681793318267,0.9294927160913042,0.9703963883923452
江西,CEG2000_f4_r0028_c0109,7,27.511134841241844,27.80799121781372,-0.29685637657187414,-0.010675218294146641,2,28.976702714440982,4,8.881784197001252e-16,0.9294927160913042,0.9703963883923452
江西,CEG2000_f4_r0028_c0109,8,26.786058769295472,27.511134841241844,-0.725076071946372,-0.026355731093266756,1,25.487876140263555,4,8.881784197001252e-16,0.9294927160913042,0.9703963883923452
江西,CEG2000_f4_r0028_c0109,9,31.414062380894176,26.786058769295472,4.628003611598704,0.1727765794684109,3,32.46552928861841,5,3.1481704483295676,0.9294927160913042,0.9703963883923452
江西,CEG2000_f4_r0028_c0109,10,30.49571502951615,31.414062380894176,-0.9183473513780278,-0.02923363875206922,2,28.976702714440982,4,8.881784197001252e-16,0.9294927160913042,0.9703963883923452
江西,CEG2000_f4_r0028_c0109,11,30.821085365332703,30.49571502951615,0.3253703358165545,0.010669378812781911,3,32.46552928861841,4,8.881784197001252e-16,0.9294927160913042,0.9703963883923452
江西,CEG2000_f4_r0028_c0109,12,39.39322216842795,30.821085365332703,8.572136803095244,0.2781257279387413,5,39.44318243697327,7,9.444511344988703,0.9294927160913042,0.9703963883923452
江西,CEG2000_f4_r0028_c0110,1,37.722087122828135,,,,5,39.44318243697327,4,,0.8117114643242268,0.9817171729973184
江西,CEG2000_f4_r0028_c0110,2,34.69288660366385,37.722087122828135,-3.0292005191642843,-0.08030309959522665,4,35.954355862795836,3,-3.1481704483295667,0.8117114643242268,0.9817171729973184
江西,CEG2000_f4_r0028_c0110,3,38.8862313159838,34.69288660366385,4.1933447123199485,0.1208704470234857,5,39.44318243697327,5,3.1481704483295676,0.8117114643242268,0.9817171729973184
江西,CEG2000_f4_r0028_c0110,4,34.61448331933528,38.8862313159838,-4.2717479966485215,-0.10985245553720352,4,35.954355862795836,3,-3.1481704483295667,0.8117114643242268,0.9817171729973184
江西,CEG2000_f4_r0028_c0110,5,36.40680249083057,34.61448331933528,1.7923191714952935,0.051779457603347304,4,35.954355862795836,5,3.1481704483295676,0.8117114643242268,0.9817171729973184
江西,CEG2000_f4_r0028_c0110,6,24.321293771215103,36.40680249083057,-12.085508719615468,-0.3319574335774016,1,25.487876140263555,0,-12.592681793318267,0.8117114643242268,0.9817171729973184
江西,CEG2000_f4_r0028_c0110,7,25.26162302459121,24.321293771215103,0.9403292533761061,0.03866279739151914,1,25.487876140263555,4,8.881784197001252e-16,0.8117114643242268,0.9817171729973184
江西,CEG2000_f4_r0028_c0110,8,24.176918936920647,25.26162302459121,-1.0847040876705627,-0.04293881222970691,1,25.487876140263555,4,8.881784197001252e-16,0.8117114643242268,0.9817171729973184
江西,CEG2000_f4_r0028_c0110,9,28.467160944348,24.176918936920647,4.290242007427352,0.17745197469623436,2,28.976702714440982,5,3.1481704483295676,0.8117114643242268,0.9817171729973184
江西,CEG2000_f4_r0028_c0110,10,27.45424991222403,28.467160944348,-1.01291103212397,-0.03558173693907042,2,28.976702714440982,4,8.881784197001252e-16,0.8117114643242268,0.9817171729973184
江西,CEG2000_f4_r0028_c0110,11,26.846633045658542,27.45424991222403,-0.6076168665654862,-0.02213197841893849,1,25.487876140263555,4,8.881784197001252e-16,0.8117114643242268,0.9817171729973184
江西,CEG2000_f4_r0028_c0110,12,31.32723836131541,26.846633045658542,4.480605315656867,0.16689635933253238,3,32.46552928861841,5,3.1481704483295676,0.8117114643242268,0.9817171729973184
