file,date,variable,value_count,missing_count,missing_fraction
20000101.nc,2000-01-01,elevation,216389,121773,0.5627504170729566
20000101.nc,2000-01-01,PM2.5,216389,121773,0.5627504170729566
20000101.nc,2000-01-01,bcpr,216389,121773,0.5627504170729566
20000101.nc,2000-01-01,lrad,216389,121773,0.5627504170729566
20000101.nc,2000-01-01,prec,216389,121773,0.5627504170729566
20000101.nc,2000-01-01,pres,216389,121773,0.5627504170729566
20000101.nc,2000-01-01,rain,216389,121773,0.5627504170729566
20000101.nc,2000-01-01,rhum,216389,121773,0.5627504170729566
20000101.nc,2000-01-01,shum,216389,121773,0.5627504170729566
20000101.nc,2000-01-01,snow,216389,121773,0.5627504170729566
20000101.nc,2000-01-01,srad,216389,121773,0.5627504170729566
20000101.nc,2000-01-01,temp,216389,121773,0.5627504170729566
20000101.nc,2000-01-01,wind,216389,121773,0.5627504170729566
20000102.nc,2000-01-02,elevation,216389,121773,0.5627504170729566
20000102.nc,2000-01-02,PM2.5,216389,121773,0.5627504170729566
20000102.nc,2000-01-02,bcpr,216389,121773,0.5627504170729566
20000102.nc,2000-01-02,lrad,216389,121773,0.5627504170729566
20000102.nc,2000-01-02,prec,216389,121773,0.5627504170729566
20000102.nc,2000-01-02,pres,216389,121773,0.5627504170729566
20000102.nc,2000-01-02,rain,216389,121773,0.5627504170729566
20000102.nc,2000-01-02,rhum,216389,121773,0.5627504170729566
20000102.nc,2000-01-02,shum,216389,121773,0.5627504170729566
20000102.nc,2000-01-02,snow,216389,121773,0.5627504170729566
20000102.nc,2000-01-02,srad,216389,121773,0.5627504170729566
20000102.nc,2000-01-02,temp,216389,121773,0.5627504170729566
20000102.nc,2000-01-02,wind,216389,121773,0.5627504170729566
20000103.nc,2000-01-03,elevation,216389,121773,0.5627504170729566
20000103.nc,2000-01-03,PM2.5,216389,121773,0.5627504170729566
20000103.nc,2000-01-03,bcpr,216389,121773,0.5627504170729566
20000103.nc,2000-01-03,lrad,216389,121773,0.5627504170729566
20000103.nc,2000-01-03,prec,216389,121773,0.5627504170729566
20000103.nc,2000-01-03,pres,216389,121773,0.5627504170729566
20000103.nc,2000-01-03,rain,216389,121773,0.5627504170729566
20000103.nc,2000-01-03,rhum,216389,121773,0.5627504170729566
20000103.nc,2000-01-03,shum,216389,121773,0.5627504170729566
20000103.nc,2000-01-03,snow,216389,121773,0.5627504170729566
20000103.nc,2000-01-03,srad,216389,121773,0.5627504170729566
20000103.nc,2000-01-03,temp,216389,121773,0.5627504170729566
20000103.nc,2000-01-03,wind,216389,121773,0.5627504170729566
20000104.nc,2000-01-04,elevation,216389,121773,0.5627504170729566
20000104.nc,2000-01-04,PM2.5,216389,121773,0.5627504170729566
20000104.nc,2000-01-04,bcpr,216389,121773,0.5627504170729566
20000104.nc,2000-01-04,lrad,216389,121773,0.5627504170729566
20000104.nc,2000-01-04,prec,216389,121773,0.5627504170729566
20000104.nc,2000-01-04,pres,216389,121773,0.5627504170729566
20000104.nc,2000-01-04,rain,216389,121773,0.5627504170729566
20000104.nc,2000-01-04,rhum,216389,121773,0.5627504170729566
20000104.nc,2000-01-04,shum,216389,121773,0.5627504170729566
20000104.nc,2000-01-04,snow,216389,121773,0.5627504170729566
20000104.nc,2000-01-04,srad,216389,121773,0.5627504170729566
20000104.nc,2000-01-04,temp,216389,121773,0.5627504170729566
20000104.nc,2000-01-04,wind,216389,121773,0.5627504170729566
20000105.nc,2000-01-05,elevation,216389,121773,0.5627504170729566
20000105.nc,2000-01-05,PM2.5,216389,121773,0.5627504170729566
20000105.nc,2000-01-05,bcpr,216389,121773,0.5627504170729566
20000105.nc,2000-01-05,lrad,216389,121773,0.5627504170729566
20000105.nc,2000-01-05,prec,216389,121773,0.5627504170729566
20000105.nc,2000-01-05,pres,216389,121773,0.5627504170729566
20000105.nc,2000-01-05,rain,216389,121773,0.5627504170729566
20000105.nc,2000-01-05,rhum,216389,121773,0.5627504170729566
20000105.nc,2000-01-05,shum,216389,121773,0.5627504170729566
20000105.nc,2000-01-05,snow,216389,121773,0.5627504170729566
20000105.nc,2000-01-05,srad,216389,121773,0.5627504170729566
20000105.nc,2000-01-05,temp,216389,121773,0.5627504170729566
20000105.nc,2000-01-05,wind,216389,121773,0.5627504170729566
20000106.nc,2000-01-06,elevation,216389,121773,0.5627504170729566
20000106.nc,2000-01-06,PM2.5,216389,121773,0.5627504170729566
20000106.nc,2000-01-06,bcpr,216389,121773,0.5627504170729566
20000106.nc,2000-01-06,lrad,216389,121773,0.5627504170729566
20000106.nc,2000-01-06,prec,216389,121773,0.5627504170729566
20000106.nc,2000-01-06,pres,216389,121773,0.5627504170729566
20000106.nc,2000-01-06,rain,216389,121773,0.5627504170729566
20000106.nc,2000-01-06,rhum,216389,121773,0.5627504170729566
20000106.nc,2000-01-06,shum,216389,121773,0.5627504170729566
20000106.nc,2000-01-06,snow,216389,121773,0.5627504170729566
20000106.nc,2000-01-06,srad,216389,121773,0.5627504170729566
20000106.nc,2000-01-06,temp,216389,121773,0.5627504170729566
20000106.nc,2000-01-06,wind,216389,121773,0.5627504170729566
20000107.nc,2000-01-07,elevation,216389,121773,0.5627504170729566
20000107.nc,2000-01-07,PM2.5,216389,121773,0.5627504170729566
20000107.nc,2000-01-07,bcpr,216389,121773,0.5627504170729566
20000107.nc,2000-01-07,lrad,216389,121773,0.5627504170729566
20000107.nc,2000-01-07,prec,216389,121773,0.5627504170729566
20000107.nc,2000-01-07,pres,216389,121773,0.5627504170729566
20000107.nc,2000-01-07,rain,216389,121773,0.5627504170729566
20000107.nc,2000-01-07,rhum,216389,121773,0.5627504170729566
20000107.nc,2000-01-07,shum,216389,121773,0.5627504170729566
20000107.nc,2000-01-07,snow,216389,121773,0.5627504170729566
20000107.nc,2000-01-07,srad,216389,121773,0.5627504170729566
20000107.nc,2000-01-07,temp,216389,121773,0.5627504170729566
20000107.nc,2000-01-07,wind,216389,121773,0.5627504170729566
20000108.nc,2000-01-08,elevation,216389,121773,0.5627504170729566
20000108.nc,2000-01-08,PM2.5,216389,121773,0.5627504170729566
20000108.nc,2000-01-08,bcpr,216389,121773,0.5627504170729566
20000108.nc,2000-01-08,lrad,216389,121773,0.5627504170729566
20000108.nc,2000-01-08,prec,216389,121773,0.5627504170729566
20000108.nc,2000-01-08,pres,216389,121773,0.5627504170729566
20000108.nc,2000-01-08,rain,216389,121773,0.5627504170729566
20000108.nc,2000-01-08,rhum,216389,121773,0.5627504170729566
20000108.nc,2000-01-08,shum,216389,121773,0.5627504170729566
20000108.nc,2000-01-08,snow,216389,121773,0.5627504170729566
20000108.nc,2000-01-08,srad,216389,121773,0.5627504170729566
20000108.nc,2000-01-08,temp,216389,121773,0.5627504170729566
20000108.nc,2000-01-08,wind,216389,121773,0.5627504170729566
20000109.nc,2000-01-09,elevation,216389,121773,0.5627504170729566
20000109.nc,2000-01-09,PM2.5,216389,121773,0.5627504170729566
20000109.nc,2000-01-09,bcpr,216389,121773,0.5627504170729566
20000109.nc,2000-01-09,lrad,216389,121773,0.5627504170729566
20000109.nc,2000-01-09,prec,216389,121773,0.5627504170729566
20000109.nc,2000-01-09,pres,216389,121773,0.5627504170729566
20000109.nc,2000-01-09,rain,216389,121773,0.5627504170729566
20000109.nc,2000-01-09,rhum,216389,121773,0.5627504170729566
20000109.nc,2000-01-09,shum,216389,121773,0.5627504170729566
20000109.nc,2000-01-09,snow,216389,121773,0.5627504170729566
20000109.nc,2000-01-09,srad,216389,121773,0.5627504170729566
20000109.nc,2000-01-09,temp,216389,121773,0.5627504170729566
20000109.nc,2000-01-09,wind,216389,121773,0.5627504170729566
20000110.nc,2000-01-10,elevation,216389,121773,0.5627504170729566
20000110.nc,2000-01-10,PM2.5,216389,121773,0.5627504170729566
20000110.nc,2000-01-10,bcpr,216389,121773,0.5627504170729566
20000110.nc,2000-01-10,lrad,216389,121773,0.5627504170729566
20000110.nc,2000-01-10,prec,216389,121773,0.5627504170729566
20000110.nc,2000-01-10,pres,216389,121773,0.5627504170729566
20000110.nc,2000-01-10,rain,216389,121773,0.5627504170729566
20000110.nc,2000-01-10,rhum,216389,121773,0.5627504170729566
20000110.nc,2000-01-10,shum,216389,121773,0.5627504170729566
20000110.nc,2000-01-10,snow,216389,121773,0.5627504170729566
20000110.nc,2000-01-10,srad,216389,121773,0.5627504170729566
20000110.nc,2000-01-10,temp,216389,121773,0.5627504170729566
20000110.nc,2000-01-10,wind,216389,121773,0.5627504170729566
20000111.nc,2000-01-11,elevation,216389,121773,0.5627504170729566
20000111.nc,2000-01-11,PM2.5,216389,121773,0.5627504170729566
20000111.nc,2000-01-11,bcpr,216389,121773,0.5627504170729566
20000111.nc,2000-01-11,lrad,216389,121773,0.5627504170729566
20000111.nc,2000-01-11,prec,216389,121773,0.5627504170729566
20000111.nc,2000-01-11,pres,216389,121773,0.5627504170729566
20000111.nc,2000-01-11,rain,216389,121773,0.5627504170729566
20000111.nc,2000-01-11,rhum,216389,121773,0.5627504170729566
20000111.nc,2000-01-11,shum,216389,121773,0.5627504170729566
20000111.nc,2000-01-11,snow,216389,121773,0.5627504170729566
20000111.nc,2000-01-11,srad,216389,121773,0.5627504170729566
20000111.nc,2000-01-11,temp,216389,121773,0.5627504170729566
20000111.nc,2000-01-11,wind,216389,121773,0.5627504170729566
20000112.nc,2000-01-12,elevation,216389,121773,0.5627504170729566
20000112.nc,2000-01-12,PM2.5,216389,121773,0.5627504170729566
20000112.nc,2000-01-12,bcpr,216389,121773,0.5627504170729566
20000112.nc,2000-01-12,lrad,216389,121773,0.5627504170729566
20000112.nc,2000-01-12,prec,216389,121773,0.5627504170729566
20000112.nc,2000-01-12,pres,216389,121773,0.5627504170729566
20000112.nc,2000-01-12,rain,216389,121773,0.5627504170729566
20000112.nc,2000-01-12,rhum,216389,121773,0.5627504170729566
20000112.nc,2000-01-12,shum,216389,121773,0.5627504170729566
20000112.nc,2000-01-12,snow,216389,121773,0.5627504170729566
20000112.nc,2000-01-12,srad,216389,121773,0.5627504170729566
20000112.nc,2000-01-12,temp,216389,121773,0.5627504170729566
20000112.nc,2000-01-12,wind,216389,121773,0.5627504170729566
20000113.nc,2000-01-13,elevation,216389,121773,0.5627504170729566
20000113.nc,2000-01-13,PM2.5,216389,121773,0.5627504170729566
20000113.nc,2000-01-13,bcpr,216389,121773,0.5627504170729566
20000113.nc,2000-01-13,lrad,216389,121773,0.5627504170729566
20000113.nc,2000-01-13,prec,216389,121773,0.5627504170729566
20000113.nc,2000-01-13,pres,216389,121773,0.5627504170729566
20000113.nc,2000-01-13,rain,216389,121773,0.5627504170729566
20000113.nc,2000-01-13,rhum,216389,121773,0.5627504170729566
20000113.nc,2000-01-13,shum,216389,121773,0.5627504170729566
20000113.nc,2000-01-13,snow,216389,121773,0.5627504170729566
20000113.nc,2000-01-13,srad,216389,121773,0.5627504170729566
20000113.nc,2000-01-13,temp,216389,121773,0.5627504170729566
20000113.nc,2000-01-13,wind,216389,121773,0.5627504170729566
20000114.nc,2000-01-14,elevation,216389,121773,0.5627504170729566
20000114.nc,2000-01-14,PM2.5,216389,121773,0.5627504170729566
20000114.nc,2000-01-14,bcpr,216389,121773,0.5627504170729566
20000114.nc,2000-01-14,lrad,216389,121773,0.5627504170729566
20000114.nc,2000-01-14,prec,216389,121773,0.5627504170729566
20000114.nc,2000-01-14,pres,216389,121773,0.5627504170729566
20000114.nc,2000-01-14,rain,216389,121773,0.5627504170729566
20000114.nc,2000-01-14,rhum,216389,121773,0.5627504170729566
20000114.nc,2000-01-14,shum,216389,121773,0.5627504170729566
20000114.nc,2000-01-14,snow,216389,121773,0.5627504170729566
20000114.nc,2000-01-14,srad,216389,121773,0.5627504170729566
20000114.nc,2000-01-14,temp,216389,121773,0.5627504170729566
20000114.nc,2000-01-14,wind,216389,121773,0.5627504170729566
20000115.nc,2000-01-15,elevation,216389,121773,0.5627504170729566
20000115.nc,2000-01-15,PM2.5,216389,121773,0.5627504170729566
20000115.nc,2000-01-15,bcpr,216389,121773,0.5627504170729566
20000115.nc,2000-01-15,lrad,216389,121773,0.5627504170729566
20000115.nc,2000-01-15,prec,216389,121773,0.5627504170729566
20000115.nc,2000-01-15,pres,216389,121773,0.5627504170729566
20000115.nc,2000-01-15,rain,216389,121773,0.5627504170729566
20000115.nc,2000-01-15,rhum,216389,121773,0.5627504170729566
20000115.nc,2000-01-15,shum,216389,121773,0.5627504170729566
20000115.nc,2000-01-15,snow,216389,121773,0.5627504170729566
20000115.nc,2000-01-15,srad,216389,121773,0.5627504170729566
20000115.nc,2000-01-15,temp,216389,121773,0.5627504170729566
20000115.nc,2000-01-15,wind,216389,121773,0.5627504170729566
20000116.nc,2000-01-16,elevation,216389,121773,0.5627504170729566
20000116.nc,2000-01-16,PM2.5,216389,121773,0.5627504170729566
20000116.nc,2000-01-16,bcpr,216389,121773,0.5627504170729566
20000116.nc,2000-01-16,lrad,216389,121773,0.5627504170729566
20000116.nc,2000-01-16,prec,216389,121773,0.5627504170729566
20000116.nc,2000-01-16,pres,216389,121773,0.5627504170729566
20000116.nc,2000-01-16,rain,216389,121773,0.5627504170729566
20000116.nc,2000-01-16,rhum,216389,121773,0.5627504170729566
20000116.nc,2000-01-16,shum,216389,121773,0.5627504170729566
20000116.nc,2000-01-16,snow,216389,121773,0.5627504170729566
20000116.nc,2000-01-16,srad,216389,121773,0.5627504170729566
20000116.nc,2000-01-16,temp,216389,121773,0.5627504170729566
20000116.nc,2000-01-16,wind,216389,121773,0.5627504170729566
20000117.nc,2000-01-17,elevation,216389,121773,0.5627504170729566
20000117.nc,2000-01-17,PM2.5,216389,121773,0.5627504170729566
20000117.nc,2000-01-17,bcpr,216389,121773,0.5627504170729566
20000117.nc,2000-01-17,lrad,216389,121773,0.5627504170729566
20000117.nc,2000-01-17,prec,216389,121773,0.5627504170729566
20000117.nc,2000-01-17,pres,216389,121773,0.5627504170729566
20000117.nc,2000-01-17,rain,216389,121773,0.5627504170729566
20000117.nc,2000-01-17,rhum,216389,121773,0.5627504170729566
20000117.nc,2000-01-17,shum,216389,121773,0.5627504170729566
20000117.nc,2000-01-17,snow,216389,121773,0.5627504170729566
20000117.nc,2000-01-17,srad,216389,121773,0.5627504170729566
20000117.nc,2000-01-17,temp,216389,121773,0.5627504170729566
20000117.nc,2000-01-17,wind,216389,121773,0.5627504170729566
20000118.nc,2000-01-18,elevation,216389,121773,0.5627504170729566
20000118.nc,2000-01-18,PM2.5,216389,121773,0.5627504170729566
20000118.nc,2000-01-18,bcpr,216389,121773,0.5627504170729566
20000118.nc,2000-01-18,lrad,216389,121773,0.5627504170729566
20000118.nc,2000-01-18,prec,216389,121773,0.5627504170729566
20000118.nc,2000-01-18,pres,216389,121773,0.5627504170729566
20000118.nc,2000-01-18,rain,216389,121773,0.5627504170729566
20000118.nc,2000-01-18,rhum,216389,121773,0.5627504170729566
20000118.nc,2000-01-18,shum,216389,121773,0.5627504170729566
20000118.nc,2000-01-18,snow,216389,121773,0.5627504170729566
20000118.nc,2000-01-18,srad,216389,121773,0.5627504170729566
20000118.nc,2000-01-18,temp,216389,121773,0.5627504170729566
20000118.nc,2000-01-18,wind,216389,121773,0.5627504170729566
20000119.nc,2000-01-19,elevation,216389,121773,0.5627504170729566
20000119.nc,2000-01-19,PM2.5,216389,121773,0.5627504170729566
20000119.nc,2000-01-19,bcpr,216389,121773,0.5627504170729566
20000119.nc,2000-01-19,lrad,216389,121773,0.5627504170729566
20000119.nc,2000-01-19,prec,216389,121773,0.5627504170729566
20000119.nc,2000-01-19,pres,216389,121773,0.5627504170729566
20000119.nc,2000-01-19,rain,216389,121773,0.5627504170729566
20000119.nc,2000-01-19,rhum,216389,121773,0.5627504170729566
20000119.nc,2000-01-19,shum,216389,121773,0.5627504170729566
20000119.nc,2000-01-19,snow,216389,121773,0.5627504170729566
20000119.nc,2000-01-19,srad,216389,121773,0.5627504170729566
20000119.nc,2000-01-19,temp,216389,121773,0.5627504170729566
20000119.nc,2000-01-19,wind,216389,121773,0.5627504170729566
20000120.nc,2000-01-20,elevation,216389,121773,0.5627504170729566
20000120.nc,2000-01-20,PM2.5,216389,121773,0.5627504170729566
20000120.nc,2000-01-20,bcpr,216389,121773,0.5627504170729566
20000120.nc,2000-01-20,lrad,216389,121773,0.5627504170729566
20000120.nc,2000-01-20,prec,216389,121773,0.5627504170729566
20000120.nc,2000-01-20,pres,216389,121773,0.5627504170729566
20000120.nc,2000-01-20,rain,216389,121773,0.5627504170729566
20000120.nc,2000-01-20,rhum,216389,121773,0.5627504170729566
20000120.nc,2000-01-20,shum,216389,121773,0.5627504170729566
20000120.nc,2000-01-20,snow,216389,121773,0.5627504170729566
20000120.nc,2000-01-20,srad,216389,121773,0.5627504170729566
20000120.nc,2000-01-20,temp,216389,121773,0.5627504170729566
20000120.nc,2000-01-20,wind,216389,121773,0.5627504170729566
20000121.nc,2000-01-21,elevation,216389,121773,0.5627504170729566
20000121.nc,2000-01-21,PM2.5,216389,121773,0.5627504170729566
20000121.nc,2000-01-21,bcpr,216389,121773,0.5627504170729566
20000121.nc,2000-01-21,lrad,216389,121773,0.5627504170729566
20000121.nc,2000-01-21,prec,216389,121773,0.5627504170729566
20000121.nc,2000-01-21,pres,216389,121773,0.5627504170729566
20000121.nc,2000-01-21,rain,216389,121773,0.5627504170729566
20000121.nc,2000-01-21,rhum,216389,121773,0.5627504170729566
20000121.nc,2000-01-21,shum,216389,121773,0.5627504170729566
20000121.nc,2000-01-21,snow,216389,121773,0.5627504170729566
20000121.nc,2000-01-21,srad,216389,121773,0.5627504170729566
20000121.nc,2000-01-21,temp,216389,121773,0.5627504170729566
20000121.nc,2000-01-21,wind,216389,121773,0.5627504170729566
20000122.nc,2000-01-22,elevation,216389,121773,0.5627504170729566
20000122.nc,2000-01-22,PM2.5,216389,121773,0.5627504170729566
20000122.nc,2000-01-22,bcpr,216389,121773,0.5627504170729566
20000122.nc,2000-01-22,lrad,216389,121773,0.5627504170729566
20000122.nc,2000-01-22,prec,216389,121773,0.5627504170729566
20000122.nc,2000-01-22,pres,216389,121773,0.5627504170729566
20000122.nc,2000-01-22,rain,216389,121773,0.5627504170729566
20000122.nc,2000-01-22,rhum,216389,121773,0.5627504170729566
20000122.nc,2000-01-22,shum,216389,121773,0.5627504170729566
20000122.nc,2000-01-22,snow,216389,121773,0.5627504170729566
20000122.nc,2000-01-22,srad,216389,121773,0.5627504170729566
20000122.nc,2000-01-22,temp,216389,121773,0.5627504170729566
20000122.nc,2000-01-22,wind,216389,121773,0.5627504170729566
20000123.nc,2000-01-23,elevation,216389,121773,0.5627504170729566
20000123.nc,2000-01-23,PM2.5,216389,121773,0.5627504170729566
20000123.nc,2000-01-23,bcpr,216389,121773,0.5627504170729566
20000123.nc,2000-01-23,lrad,216389,121773,0.5627504170729566
20000123.nc,2000-01-23,prec,216389,121773,0.5627504170729566
20000123.nc,2000-01-23,pres,216389,121773,0.5627504170729566
20000123.nc,2000-01-23,rain,216389,121773,0.5627504170729566
20000123.nc,2000-01-23,rhum,216389,121773,0.5627504170729566
20000123.nc,2000-01-23,shum,216389,121773,0.5627504170729566
20000123.nc,2000-01-23,snow,216389,121773,0.5627504170729566
20000123.nc,2000-01-23,srad,216389,121773,0.5627504170729566
20000123.nc,2000-01-23,temp,216389,121773,0.5627504170729566
20000123.nc,2000-01-23,wind,216389,121773,0.5627504170729566
20000124.nc,2000-01-24,elevation,216389,121773,0.5627504170729566
20000124.nc,2000-01-24,PM2.5,216389,121773,0.5627504170729566
20000124.nc,2000-01-24,bcpr,216389,121773,0.5627504170729566
20000124.nc,2000-01-24,lrad,216389,121773,0.5627504170729566
20000124.nc,2000-01-24,prec,216389,121773,0.5627504170729566
20000124.nc,2000-01-24,pres,216389,121773,0.5627504170729566
20000124.nc,2000-01-24,rain,216389,121773,0.5627504170729566
20000124.nc,2000-01-24,rhum,216389,121773,0.5627504170729566
20000124.nc,2000-01-24,shum,216389,121773,0.5627504170729566
20000124.nc,2000-01-24,snow,216389,121773,0.5627504170729566
20000124.nc,2000-01-24,srad,216389,121773,0.5627504170729566
20000124.nc,2000-01-24,temp,216389,121773,0.5627504170729566
20000124.nc,2000-01-24,wind,216389,121773,0.5627504170729566
20000125.nc,2000-01-25,elevation,216389,121773,0.5627504170729566
20000125.nc,2000-01-25,PM2.5,216389,121773,0.5627504170729566
20000125.nc,2000-01-25,bcpr,216389,121773,0.5627504170729566
20000125.nc,2000-01-25,lrad,216389,121773,0.5627504170729566
20000125.nc,2000-01-25,prec,216389,121773,0.5627504170729566
20000125.nc,2000-01-25,pres,216389,121773,0.5627504170729566
20000125.nc,2000-01-25,rain,216389,121773,0.5627504170729566
20000125.nc,2000-01-25,rhum,216389,121773,0.5627504170729566
20000125.nc,2000-01-25,shum,216389,121773,0.5627504170729566
20000125.nc,2000-01-25,snow,216389,121773,0.5627504170729566
20000125.nc,2000-01-25,srad,216389,121773,0.5627504170729566
20000125.nc,2000-01-25,temp,216389,121773,0.5627504170729566
20000125.nc,2000-01-25,wind,216389,121773,0.5627504170729566
20000126.nc,2000-01-26,elevation,216389,121773,0.5627504170729566
20000126.nc,2000-01-26,PM2.5,216389,121773,0.5627504170729566
20000126.nc,2000-01-26,bcpr,216389,121773,0.5627504170729566
20000126.nc,2000-01-26,lrad,216389,121773,0.5627504170729566
20000126.nc,2000-01-26,prec,216389,121773,0.5627504170729566
20000126.nc,2000-01-26,pres,216389,121773,0.5627504170729566
20000126.nc,2000-01-26,rain,216389,121773,0.5627504170729566
20000126.nc,2000-01-26,rhum,216389,121773,0.5627504170729566
20000126.nc,2000-01-26,shum,216389,121773,0.5627504170729566
20000126.nc,2000-01-26,snow,216389,121773,0.5627504170729566
20000126.nc,2000-01-26,srad,216389,121773,0.5627504170729566
20000126.nc,2000-01-26,temp,216389,121773,0.5627504170729566
20000126.nc,2000-01-26,wind,216389,121773,0.5627504170729566
20000127.nc,2000-01-27,elevation,216389,121773,0.5627504170729566
20000127.nc,2000-01-27,PM2.5,216389,121773,0.5627504170729566
20000127.nc,2000-01-27,bcpr,216389,121773,0.5627504170729566
20000127.nc,2000-01-27,lrad,216389,121773,0.5627504170729566
20000127.nc,2000-01-27,prec,216389,121773,0.5627504170729566
20000127.nc,2000-01-27,pres,216389,121773,0.5627504170729566
20000127.nc,2000-01-27,rain,216389,121773,0.5627504170729566
20000127.nc,2000-01-27,rhum,216389,121773,0.5627504170729566
20000127.nc,2000-01-27,shum,216389,121773,0.5627504170729566
20000127.nc,2000-01-27,snow,216389,121773,0.5627504170729566
20000127.nc,2000-01-27,srad,216389,121773,0.5627504170729566
20000127.nc,2000-01-27,temp,216389,121773,0.5627504170729566
20000127.nc,2000-01-27,wind,216389,121773,0.5627504170729566
20000128.nc,2000-01-28,elevation,216389,121773,0.5627504170729566
20000128.nc,2000-01-28,PM2.5,216389,121773,0.5627504170729566
20000128.nc,2000-01-28,bcpr,216389,121773,0.5627504170729566
20000128.nc,2000-01-28,lrad,216389,121773,0.5627504170729566
20000128.nc,2000-01-28,prec,216389,121773,0.5627504170729566
20000128.nc,2000-01-28,pres,216389,121773,0.5627504170729566
20000128.nc,2000-01-28,rain,216389,121773,0.5627504170729566
20000128.nc,2000-01-28,rhum,216389,121773,0.5627504170729566
20000128.nc,2000-01-28,shum,216389,121773,0.5627504170729566
20000128.nc,2000-01-28,snow,216389,121773,0.5627504170729566
20000128.nc,2000-01-28,srad,216389,121773,0.5627504170729566
20000128.nc,2000-01-28,temp,216389,121773,0.5627504170729566
20000128.nc,2000-01-28,wind,216389,121773,0.5627504170729566
20000129.nc,2000-01-29,elevation,216389,121773,0.5627504170729566
20000129.nc,2000-01-29,PM2.5,216389,121773,0.5627504170729566
20000129.nc,2000-01-29,bcpr,216389,121773,0.5627504170729566
20000129.nc,2000-01-29,lrad,216389,121773,0.5627504170729566
20000129.nc,2000-01-29,prec,216389,121773,0.5627504170729566
20000129.nc,2000-01-29,pres,216389,121773,0.5627504170729566
20000129.nc,2000-01-29,rain,216389,121773,0.5627504170729566
20000129.nc,2000-01-29,rhum,216389,121773,0.5627504170729566
20000129.nc,2000-01-29,shum,216389,121773,0.5627504170729566
20000129.nc,2000-01-29,snow,216389,121773,0.5627504170729566
20000129.nc,2000-01-29,srad,216389,121773,0.5627504170729566
20000129.nc,2000-01-29,temp,216389,121773,0.5627504170729566
20000129.nc,2000-01-29,wind,216389,121773,0.5627504170729566
20000130.nc,2000-01-30,elevation,216389,121773,0.5627504170729566
20000130.nc,2000-01-30,PM2.5,216389,121773,0.5627504170729566
20000130.nc,2000-01-30,bcpr,216389,121773,0.5627504170729566
20000130.nc,2000-01-30,lrad,216389,121773,0.5627504170729566
20000130.nc,2000-01-30,prec,216389,121773,0.5627504170729566
20000130.nc,2000-01-30,pres,216389,121773,0.5627504170729566
20000130.nc,2000-01-30,rain,216389,121773,0.5627504170729566
20000130.nc,2000-01-30,rhum,216389,121773,0.5627504170729566
20000130.nc,2000-01-30,shum,216389,121773,0.5627504170729566
20000130.nc,2000-01-30,snow,216389,121773,0.5627504170729566
20000130.nc,2000-01-30,srad,216389,121773,0.5627504170729566
20000130.nc,2000-01-30,temp,216389,121773,0.5627504170729566
20000130.nc,2000-01-30,wind,216389,121773,0.5627504170729566
20000131.nc,2000-01-31,elevation,216389,121773,0.5627504170729566
20000131.nc,2000-01-31,PM2.5,216389,121773,0.5627504170729566
20000131.nc,2000-01-31,bcpr,216389,121773,0.5627504170729566
20000131.nc,2000-01-31,lrad,216389,121773,0.5627504170729566
20000131.nc,2000-01-31,prec,216389,121773,0.5627504170729566
20000131.nc,2000-01-31,pres,216389,121773,0.5627504170729566
20000131.nc,2000-01-31,rain,216389,121773,0.5627504170729566
20000131.nc,2000-01-31,rhum,216389,121773,0.5627504170729566
20000131.nc,2000-01-31,shum,216389,121773,0.5627504170729566
20000131.nc,2000-01-31,snow,216389,121773,0.5627504170729566
20000131.nc,2000-01-31,srad,216389,121773,0.5627504170729566
20000131.nc,2000-01-31,temp,216389,121773,0.5627504170729566
20000131.nc,2000-01-31,wind,216389,121773,0.5627504170729566
20000201.nc,2000-02-01,elevation,216389,121773,0.5627504170729566
20000201.nc,2000-02-01,PM2.5,216389,121773,0.5627504170729566
20000201.nc,2000-02-01,bcpr,216389,121773,0.5627504170729566
20000201.nc,2000-02-01,lrad,216389,121773,0.5627504170729566
20000201.nc,2000-02-01,prec,216389,121773,0.5627504170729566
20000201.nc,2000-02-01,pres,216389,121773,0.5627504170729566
20000201.nc,2000-02-01,rain,216389,121773,0.5627504170729566
20000201.nc,2000-02-01,rhum,216389,121773,0.5627504170729566
20000201.nc,2000-02-01,shum,216389,121773,0.5627504170729566
20000201.nc,2000-02-01,snow,216389,121773,0.5627504170729566
20000201.nc,2000-02-01,srad,216389,121773,0.5627504170729566
20000201.nc,2000-02-01,temp,216389,121773,0.5627504170729566
20000201.nc,2000-02-01,wind,216389,121773,0.5627504170729566
20000202.nc,2000-02-02,elevation,216389,121773,0.5627504170729566
20000202.nc,2000-02-02,PM2.5,216389,121773,0.5627504170729566
20000202.nc,2000-02-02,bcpr,216389,121773,0.5627504170729566
20000202.nc,2000-02-02,lrad,216389,121773,0.5627504170729566
20000202.nc,2000-02-02,prec,216389,121773,0.5627504170729566
20000202.nc,2000-02-02,pres,216389,121773,0.5627504170729566
20000202.nc,2000-02-02,rain,216389,121773,0.5627504170729566
20000202.nc,2000-02-02,rhum,216389,121773,0.5627504170729566
20000202.nc,2000-02-02,shum,216389,121773,0.5627504170729566
20000202.nc,2000-02-02,snow,216389,121773,0.5627504170729566
20000202.nc,2000-02-02,srad,216389,121773,0.5627504170729566
20000202.nc,2000-02-02,temp,216389,121773,0.5627504170729566
20000202.nc,2000-02-02,wind,216389,121773,0.5627504170729566
20000203.nc,2000-02-03,elevation,216389,121773,0.5627504170729566
20000203.nc,2000-02-03,PM2.5,216389,121773,0.5627504170729566
20000203.nc,2000-02-03,bcpr,216389,121773,0.5627504170729566
20000203.nc,2000-02-03,lrad,216389,121773,0.5627504170729566
20000203.nc,2000-02-03,prec,216389,121773,0.5627504170729566
20000203.nc,2000-02-03,pres,216389,121773,0.5627504170729566
20000203.nc,2000-02-03,rain,216389,121773,0.5627504170729566
20000203.nc,2000-02-03,rhum,216389,121773,0.5627504170729566
20000203.nc,2000-02-03,shum,216389,121773,0.5627504170729566
20000203.nc,2000-02-03,snow,216389,121773,0.5627504170729566
20000203.nc,2000-02-03,srad,216389,121773,0.5627504170729566
20000203.nc,2000-02-03,temp,216389,121773,0.5627504170729566
20000203.nc,2000-02-03,wind,216389,121773,0.5627504170729566
20000204.nc,2000-02-04,elevation,216389,121773,0.5627504170729566
20000204.nc,2000-02-04,PM2.5,216389,121773,0.5627504170729566
20000204.nc,2000-02-04,bcpr,216389,121773,0.5627504170729566
20000204.nc,2000-02-04,lrad,216389,121773,0.5627504170729566
20000204.nc,2000-02-04,prec,216389,121773,0.5627504170729566
20000204.nc,2000-02-04,pres,216389,121773,0.5627504170729566
20000204.nc,2000-02-04,rain,216389,121773,0.5627504170729566
20000204.nc,2000-02-04,rhum,216389,121773,0.5627504170729566
20000204.nc,2000-02-04,shum,216389,121773,0.5627504170729566
20000204.nc,2000-02-04,snow,216389,121773,0.5627504170729566
20000204.nc,2000-02-04,srad,216389,121773,0.5627504170729566
20000204.nc,2000-02-04,temp,216389,121773,0.5627504170729566
20000204.nc,2000-02-04,wind,216389,121773,0.5627504170729566
20000205.nc,2000-02-05,elevation,216389,121773,0.5627504170729566
20000205.nc,2000-02-05,PM2.5,216389,121773,0.5627504170729566
20000205.nc,2000-02-05,bcpr,216389,121773,0.5627504170729566
20000205.nc,2000-02-05,lrad,216389,121773,0.5627504170729566
20000205.nc,2000-02-05,prec,216389,121773,0.5627504170729566
20000205.nc,2000-02-05,pres,216389,121773,0.5627504170729566
20000205.nc,2000-02-05,rain,216389,121773,0.5627504170729566
20000205.nc,2000-02-05,rhum,216389,121773,0.5627504170729566
20000205.nc,2000-02-05,shum,216389,121773,0.5627504170729566
20000205.nc,2000-02-05,snow,216389,121773,0.5627504170729566
20000205.nc,2000-02-05,srad,216389,121773,0.5627504170729566
20000205.nc,2000-02-05,temp,216389,121773,0.5627504170729566
20000205.nc,2000-02-05,wind,216389,121773,0.5627504170729566
20000206.nc,2000-02-06,elevation,216389,121773,0.5627504170729566
20000206.nc,2000-02-06,PM2.5,216389,121773,0.5627504170729566
20000206.nc,2000-02-06,bcpr,216389,121773,0.5627504170729566
20000206.nc,2000-02-06,lrad,216389,121773,0.5627504170729566
20000206.nc,2000-02-06,prec,216389,121773,0.5627504170729566
20000206.nc,2000-02-06,pres,216389,121773,0.5627504170729566
20000206.nc,2000-02-06,rain,216389,121773,0.5627504170729566
20000206.nc,2000-02-06,rhum,216389,121773,0.5627504170729566
20000206.nc,2000-02-06,shum,216389,121773,0.5627504170729566
20000206.nc,2000-02-06,snow,216389,121773,0.5627504170729566
20000206.nc,2000-02-06,srad,216389,121773,0.5627504170729566
20000206.nc,2000-02-06,temp,216389,121773,0.5627504170729566
20000206.nc,2000-02-06,wind,216389,121773,0.5627504170729566
20000207.nc,2000-02-07,elevation,216389,121773,0.5627504170729566
20000207.nc,2000-02-07,PM2.5,216389,121773,0.5627504170729566
20000207.nc,2000-02-07,bcpr,216389,121773,0.5627504170729566
20000207.nc,2000-02-07,lrad,216389,121773,0.5627504170729566
20000207.nc,2000-02-07,prec,216389,121773,0.5627504170729566
20000207.nc,2000-02-07,pres,216389,121773,0.5627504170729566
20000207.nc,2000-02-07,rain,216389,121773,0.5627504170729566
20000207.nc,2000-02-07,rhum,216389,121773,0.5627504170729566
20000207.nc,2000-02-07,shum,216389,121773,0.5627504170729566
20000207.nc,2000-02-07,snow,216389,121773,0.5627504170729566
20000207.nc,2000-02-07,srad,216389,121773,0.5627504170729566
20000207.nc,2000-02-07,temp,216389,121773,0.5627504170729566
20000207.nc,2000-02-07,wind,216389,121773,0.5627504170729566
20000208.nc,2000-02-08,elevation,216389,121773,0.5627504170729566
20000208.nc,2000-02-08,PM2.5,216389,121773,0.5627504170729566
20000208.nc,2000-02-08,bcpr,216389,121773,0.5627504170729566
20000208.nc,2000-02-08,lrad,216389,121773,0.5627504170729566
20000208.nc,2000-02-08,prec,216389,121773,0.5627504170729566
20000208.nc,2000-02-08,pres,216389,121773,0.5627504170729566
20000208.nc,2000-02-08,rain,216389,121773,0.5627504170729566
20000208.nc,2000-02-08,rhum,216389,121773,0.5627504170729566
20000208.nc,2000-02-08,shum,216389,121773,0.5627504170729566
20000208.nc,2000-02-08,snow,216389,121773,0.5627504170729566
20000208.nc,2000-02-08,srad,216389,121773,0.5627504170729566
20000208.nc,2000-02-08,temp,216389,121773,0.5627504170729566
20000208.nc,2000-02-08,wind,216389,121773,0.5627504170729566
20000209.nc,2000-02-09,elevation,216389,121773,0.5627504170729566
20000209.nc,2000-02-09,PM2.5,216389,121773,0.5627504170729566
20000209.nc,2000-02-09,bcpr,216389,121773,0.5627504170729566
20000209.nc,2000-02-09,lrad,216389,121773,0.5627504170729566
20000209.nc,2000-02-09,prec,216389,121773,0.5627504170729566
20000209.nc,2000-02-09,pres,216389,121773,0.5627504170729566
20000209.nc,2000-02-09,rain,216389,121773,0.5627504170729566
20000209.nc,2000-02-09,rhum,216389,121773,0.5627504170729566
20000209.nc,2000-02-09,shum,216389,121773,0.5627504170729566
20000209.nc,2000-02-09,snow,216389,121773,0.5627504170729566
20000209.nc,2000-02-09,srad,216389,121773,0.5627504170729566
20000209.nc,2000-02-09,temp,216389,121773,0.5627504170729566
20000209.nc,2000-02-09,wind,216389,121773,0.5627504170729566
20000210.nc,2000-02-10,elevation,216389,121773,0.5627504170729566
20000210.nc,2000-02-10,PM2.5,216389,121773,0.5627504170729566
20000210.nc,2000-02-10,bcpr,216389,121773,0.5627504170729566
20000210.nc,2000-02-10,lrad,216389,121773,0.5627504170729566
20000210.nc,2000-02-10,prec,216389,121773,0.5627504170729566
20000210.nc,2000-02-10,pres,216389,121773,0.5627504170729566
20000210.nc,2000-02-10,rain,216389,121773,0.5627504170729566
20000210.nc,2000-02-10,rhum,216389,121773,0.5627504170729566
20000210.nc,2000-02-10,shum,216389,121773,0.5627504170729566
20000210.nc,2000-02-10,snow,216389,121773,0.5627504170729566
20000210.nc,2000-02-10,srad,216389,121773,0.5627504170729566
20000210.nc,2000-02-10,temp,216389,121773,0.5627504170729566
20000210.nc,2000-02-10,wind,216389,121773,0.5627504170729566
20000211.nc,2000-02-11,elevation,216389,121773,0.5627504170729566
20000211.nc,2000-02-11,PM2.5,216389,121773,0.5627504170729566
20000211.nc,2000-02-11,bcpr,216389,121773,0.5627504170729566
20000211.nc,2000-02-11,lrad,216389,121773,0.5627504170729566
20000211.nc,2000-02-11,prec,216389,121773,0.5627504170729566
20000211.nc,2000-02-11,pres,216389,121773,0.5627504170729566
20000211.nc,2000-02-11,rain,216389,121773,0.5627504170729566
20000211.nc,2000-02-11,rhum,216389,121773,0.5627504170729566
20000211.nc,2000-02-11,shum,216389,121773,0.5627504170729566
20000211.nc,2000-02-11,snow,216389,121773,0.5627504170729566
20000211.nc,2000-02-11,srad,216389,121773,0.5627504170729566
20000211.nc,2000-02-11,temp,216389,121773,0.5627504170729566
20000211.nc,2000-02-11,wind,216389,121773,0.5627504170729566
20000212.nc,2000-02-12,elevation,216389,121773,0.5627504170729566
20000212.nc,2000-02-12,PM2.5,216389,121773,0.5627504170729566
20000212.nc,2000-02-12,bcpr,216389,121773,0.5627504170729566
20000212.nc,2000-02-12,lrad,216389,121773,0.5627504170729566
20000212.nc,2000-02-12,prec,216389,121773,0.5627504170729566
20000212.nc,2000-02-12,pres,216389,121773,0.5627504170729566
20000212.nc,2000-02-12,rain,216389,121773,0.5627504170729566
20000212.nc,2000-02-12,rhum,216389,121773,0.5627504170729566
20000212.nc,2000-02-12,shum,216389,121773,0.5627504170729566
20000212.nc,2000-02-12,snow,216389,121773,0.5627504170729566
20000212.nc,2000-02-12,srad,216389,121773,0.5627504170729566
20000212.nc,2000-02-12,temp,216389,121773,0.5627504170729566
20000212.nc,2000-02-12,wind,216389,121773,0.5627504170729566
20000213.nc,2000-02-13,elevation,216389,121773,0.5627504170729566
20000213.nc,2000-02-13,PM2.5,216389,121773,0.5627504170729566
20000213.nc,2000-02-13,bcpr,216389,121773,0.5627504170729566
20000213.nc,2000-02-13,lrad,216389,121773,0.5627504170729566
20000213.nc,2000-02-13,prec,216389,121773,0.5627504170729566
20000213.nc,2000-02-13,pres,216389,121773,0.5627504170729566
20000213.nc,2000-02-13,rain,216389,121773,0.5627504170729566
20000213.nc,2000-02-13,rhum,216389,121773,0.5627504170729566
20000213.nc,2000-02-13,shum,216389,121773,0.5627504170729566
20000213.nc,2000-02-13,snow,216389,121773,0.5627504170729566
20000213.nc,2000-02-13,srad,216389,121773,0.5627504170729566
20000213.nc,2000-02-13,temp,216389,121773,0.5627504170729566
20000213.nc,2000-02-13,wind,216389,121773,0.5627504170729566
20000214.nc,2000-02-14,elevation,216389,121773,0.5627504170729566
20000214.nc,2000-02-14,PM2.5,216389,121773,0.5627504170729566
20000214.nc,2000-02-14,bcpr,216389,121773,0.5627504170729566
20000214.nc,2000-02-14,lrad,216389,121773,0.5627504170729566
20000214.nc,2000-02-14,prec,216389,121773,0.5627504170729566
20000214.nc,2000-02-14,pres,216389,121773,0.5627504170729566
20000214.nc,2000-02-14,rain,216389,121773,0.5627504170729566
20000214.nc,2000-02-14,rhum,216389,121773,0.5627504170729566
20000214.nc,2000-02-14,shum,216389,121773,0.5627504170729566
20000214.nc,2000-02-14,snow,216389,121773,0.5627504170729566
20000214.nc,2000-02-14,srad,216389,121773,0.5627504170729566
20000214.nc,2000-02-14,temp,216389,121773,0.5627504170729566
20000214.nc,2000-02-14,wind,216389,121773,0.5627504170729566
20000215.nc,2000-02-15,elevation,216389,121773,0.5627504170729566
20000215.nc,2000-02-15,PM2.5,216389,121773,0.5627504170729566
20000215.nc,2000-02-15,bcpr,216389,121773,0.5627504170729566
20000215.nc,2000-02-15,lrad,216389,121773,0.5627504170729566
20000215.nc,2000-02-15,prec,216389,121773,0.5627504170729566
20000215.nc,2000-02-15,pres,216389,121773,0.5627504170729566
20000215.nc,2000-02-15,rain,216389,121773,0.5627504170729566
20000215.nc,2000-02-15,rhum,216389,121773,0.5627504170729566
20000215.nc,2000-02-15,shum,216389,121773,0.5627504170729566
20000215.nc,2000-02-15,snow,216389,121773,0.5627504170729566
20000215.nc,2000-02-15,srad,216389,121773,0.5627504170729566
20000215.nc,2000-02-15,temp,216389,121773,0.5627504170729566
20000215.nc,2000-02-15,wind,216389,121773,0.5627504170729566
20000216.nc,2000-02-16,elevation,216389,121773,0.5627504170729566
20000216.nc,2000-02-16,PM2.5,216389,121773,0.5627504170729566
20000216.nc,2000-02-16,bcpr,216389,121773,0.5627504170729566
20000216.nc,2000-02-16,lrad,216389,121773,0.5627504170729566
20000216.nc,2000-02-16,prec,216389,121773,0.5627504170729566
20000216.nc,2000-02-16,pres,216389,121773,0.5627504170729566
20000216.nc,2000-02-16,rain,216389,121773,0.5627504170729566
20000216.nc,2000-02-16,rhum,216389,121773,0.5627504170729566
20000216.nc,2000-02-16,shum,216389,121773,0.5627504170729566
20000216.nc,2000-02-16,snow,216389,121773,0.5627504170729566
20000216.nc,2000-02-16,srad,216389,121773,0.5627504170729566
20000216.nc,2000-02-16,temp,216389,121773,0.5627504170729566
20000216.nc,2000-02-16,wind,216389,121773,0.5627504170729566
20000217.nc,2000-02-17,elevation,216389,121773,0.5627504170729566
20000217.nc,2000-02-17,PM2.5,216389,121773,0.5627504170729566
20000217.nc,2000-02-17,bcpr,216389,121773,0.5627504170729566
20000217.nc,2000-02-17,lrad,216389,121773,0.5627504170729566
20000217.nc,2000-02-17,prec,216389,121773,0.5627504170729566
20000217.nc,2000-02-17,pres,216389,121773,0.5627504170729566
20000217.nc,2000-02-17,rain,216389,121773,0.5627504170729566
20000217.nc,2000-02-17,rhum,216389,121773,0.5627504170729566
20000217.nc,2000-02-17,shum,216389,121773,0.5627504170729566
20000217.nc,2000-02-17,snow,216389,121773,0.5627504170729566
20000217.nc,2000-02-17,srad,216389,121773,0.5627504170729566
20000217.nc,2000-02-17,temp,216389,121773,0.5627504170729566
20000217.nc,2000-02-17,wind,216389,121773,0.5627504170729566
20000218.nc,2000-02-18,elevation,216389,121773,0.5627504170729566
20000218.nc,2000-02-18,PM2.5,216389,121773,0.5627504170729566
20000218.nc,2000-02-18,bcpr,216389,121773,0.5627504170729566
20000218.nc,2000-02-18,lrad,216389,121773,0.5627504170729566
20000218.nc,2000-02-18,prec,216389,121773,0.5627504170729566
20000218.nc,2000-02-18,pres,216389,121773,0.5627504170729566
20000218.nc,2000-02-18,rain,216389,121773,0.5627504170729566
20000218.nc,2000-02-18,rhum,216389,121773,0.5627504170729566
20000218.nc,2000-02-18,shum,216389,121773,0.5627504170729566
20000218.nc,2000-02-18,snow,216389,121773,0.5627504170729566
20000218.nc,2000-02-18,srad,216389,121773,0.5627504170729566
20000218.nc,2000-02-18,temp,216389,121773,0.5627504170729566
20000218.nc,2000-02-18,wind,216389,121773,0.5627504170729566
20000219.nc,2000-02-19,elevation,216389,121773,0.5627504170729566
20000219.nc,2000-02-19,PM2.5,216389,121773,0.5627504170729566
20000219.nc,2000-02-19,bcpr,216389,121773,0.5627504170729566
20000219.nc,2000-02-19,lrad,216389,121773,0.5627504170729566
20000219.nc,2000-02-19,prec,216389,121773,0.5627504170729566
20000219.nc,2000-02-19,pres,216389,121773,0.5627504170729566
20000219.nc,2000-02-19,rain,216389,121773,0.5627504170729566
20000219.nc,2000-02-19,rhum,216389,121773,0.5627504170729566
20000219.nc,2000-02-19,shum,216389,121773,0.5627504170729566
20000219.nc,2000-02-19,snow,216389,121773,0.5627504170729566
20000219.nc,2000-02-19,srad,216389,121773,0.5627504170729566
20000219.nc,2000-02-19,temp,216389,121773,0.5627504170729566
20000219.nc,2000-02-19,wind,216389,121773,0.5627504170729566
20000220.nc,2000-02-20,elevation,216389,121773,0.5627504170729566
20000220.nc,2000-02-20,PM2.5,216389,121773,0.5627504170729566
20000220.nc,2000-02-20,bcpr,216389,121773,0.5627504170729566
20000220.nc,2000-02-20,lrad,216389,121773,0.5627504170729566
20000220.nc,2000-02-20,prec,216389,121773,0.5627504170729566
20000220.nc,2000-02-20,pres,216389,121773,0.5627504170729566
20000220.nc,2000-02-20,rain,216389,121773,0.5627504170729566
20000220.nc,2000-02-20,rhum,216389,121773,0.5627504170729566
20000220.nc,2000-02-20,shum,216389,121773,0.5627504170729566
20000220.nc,2000-02-20,snow,216389,121773,0.5627504170729566
20000220.nc,2000-02-20,srad,216389,121773,0.5627504170729566
20000220.nc,2000-02-20,temp,216389,121773,0.5627504170729566
20000220.nc,2000-02-20,wind,216389,121773,0.5627504170729566
20000221.nc,2000-02-21,elevation,216389,121773,0.5627504170729566
20000221.nc,2000-02-21,PM2.5,216389,121773,0.5627504170729566
20000221.nc,2000-02-21,bcpr,216389,121773,0.5627504170729566
20000221.nc,2000-02-21,lrad,216389,121773,0.5627504170729566
20000221.nc,2000-02-21,prec,216389,121773,0.5627504170729566
20000221.nc,2000-02-21,pres,216389,121773,0.5627504170729566
20000221.nc,2000-02-21,rain,216389,121773,0.5627504170729566
20000221.nc,2000-02-21,rhum,216389,121773,0.5627504170729566
20000221.nc,2000-02-21,shum,216389,121773,0.5627504170729566
20000221.nc,2000-02-21,snow,216389,121773,0.5627504170729566
20000221.nc,2000-02-21,srad,216389,121773,0.5627504170729566
20000221.nc,2000-02-21,temp,216389,121773,0.5627504170729566
20000221.nc,2000-02-21,wind,216389,121773,0.5627504170729566
20000222.nc,2000-02-22,elevation,216389,121773,0.5627504170729566
20000222.nc,2000-02-22,PM2.5,216389,121773,0.5627504170729566
20000222.nc,2000-02-22,bcpr,216389,121773,0.5627504170729566
20000222.nc,2000-02-22,lrad,216389,121773,0.5627504170729566
20000222.nc,2000-02-22,prec,216389,121773,0.5627504170729566
20000222.nc,2000-02-22,pres,216389,121773,0.5627504170729566
20000222.nc,2000-02-22,rain,216389,121773,0.5627504170729566
20000222.nc,2000-02-22,rhum,216389,121773,0.5627504170729566
20000222.nc,2000-02-22,shum,216389,121773,0.5627504170729566
20000222.nc,2000-02-22,snow,216389,121773,0.5627504170729566
20000222.nc,2000-02-22,srad,216389,121773,0.5627504170729566
20000222.nc,2000-02-22,temp,216389,121773,0.5627504170729566
20000222.nc,2000-02-22,wind,216389,121773,0.5627504170729566
20000223.nc,2000-02-23,elevation,216389,121773,0.5627504170729566
20000223.nc,2000-02-23,PM2.5,216389,121773,0.5627504170729566
20000223.nc,2000-02-23,bcpr,216389,121773,0.5627504170729566
20000223.nc,2000-02-23,lrad,216389,121773,0.5627504170729566
20000223.nc,2000-02-23,prec,216389,121773,0.5627504170729566
20000223.nc,2000-02-23,pres,216389,121773,0.5627504170729566
20000223.nc,2000-02-23,rain,216389,121773,0.5627504170729566
20000223.nc,2000-02-23,rhum,216389,121773,0.5627504170729566
20000223.nc,2000-02-23,shum,216389,121773,0.5627504170729566
20000223.nc,2000-02-23,snow,216389,121773,0.5627504170729566
20000223.nc,2000-02-23,srad,216389,121773,0.5627504170729566
20000223.nc,2000-02-23,temp,216389,121773,0.5627504170729566
20000223.nc,2000-02-23,wind,216389,121773,0.5627504170729566
20000224.nc,2000-02-24,elevation,216389,121773,0.5627504170729566
20000224.nc,2000-02-24,PM2.5,216389,121773,0.5627504170729566
20000224.nc,2000-02-24,bcpr,216389,121773,0.5627504170729566
20000224.nc,2000-02-24,lrad,216389,121773,0.5627504170729566
20000224.nc,2000-02-24,prec,216389,121773,0.5627504170729566
20000224.nc,2000-02-24,pres,216389,121773,0.5627504170729566
20000224.nc,2000-02-24,rain,216389,121773,0.5627504170729566
20000224.nc,2000-02-24,rhum,216389,121773,0.5627504170729566
20000224.nc,2000-02-24,shum,216389,121773,0.5627504170729566
20000224.nc,2000-02-24,snow,216389,121773,0.5627504170729566
20000224.nc,2000-02-24,srad,216389,121773,0.5627504170729566
20000224.nc,2000-02-24,temp,216389,121773,0.5627504170729566
20000224.nc,2000-02-24,wind,216389,121773,0.5627504170729566
20000225.nc,2000-02-25,elevation,216389,121773,0.5627504170729566
20000225.nc,2000-02-25,PM2.5,216389,121773,0.5627504170729566
20000225.nc,2000-02-25,bcpr,216389,121773,0.5627504170729566
20000225.nc,2000-02-25,lrad,216389,121773,0.5627504170729566
20000225.nc,2000-02-25,prec,216389,121773,0.5627504170729566
20000225.nc,2000-02-25,pres,216389,121773,0.5627504170729566
20000225.nc,2000-02-25,rain,216389,121773,0.5627504170729566
20000225.nc,2000-02-25,rhum,216389,121773,0.5627504170729566
20000225.nc,2000-02-25,shum,216389,121773,0.5627504170729566
20000225.nc,2000-02-25,snow,216389,121773,0.5627504170729566
20000225.nc,2000-02-25,srad,216389,121773,0.5627504170729566
20000225.nc,2000-02-25,temp,216389,121773,0.5627504170729566
20000225.nc,2000-02-25,wind,216389,121773,0.5627504170729566
20000226.nc,2000-02-26,elevation,216389,121773,0.5627504170729566
20000226.nc,2000-02-26,PM2.5,216389,121773,0.5627504170729566
20000226.nc,2000-02-26,bcpr,216389,121773,0.5627504170729566
20000226.nc,2000-02-26,lrad,216389,121773,0.5627504170729566
20000226.nc,2000-02-26,prec,216389,121773,0.5627504170729566
20000226.nc,2000-02-26,pres,216389,121773,0.5627504170729566
20000226.nc,2000-02-26,rain,216389,121773,0.5627504170729566
20000226.nc,2000-02-26,rhum,216389,121773,0.5627504170729566
20000226.nc,2000-02-26,shum,216389,121773,0.5627504170729566
20000226.nc,2000-02-26,snow,216389,121773,0.5627504170729566
20000226.nc,2000-02-26,srad,216389,121773,0.5627504170729566
20000226.nc,2000-02-26,temp,216389,121773,0.5627504170729566
20000226.nc,2000-02-26,wind,216389,121773,0.5627504170729566
20000227.nc,2000-02-27,elevation,216389,121773,0.5627504170729566
20000227.nc,2000-02-27,PM2.5,216389,121773,0.5627504170729566
20000227.nc,2000-02-27,bcpr,216389,121773,0.5627504170729566
20000227.nc,2000-02-27,lrad,216389,121773,0.5627504170729566
20000227.nc,2000-02-27,prec,216389,121773,0.5627504170729566
20000227.nc,2000-02-27,pres,216389,121773,0.5627504170729566
20000227.nc,2000-02-27,rain,216389,121773,0.5627504170729566
20000227.nc,2000-02-27,rhum,216389,121773,0.5627504170729566
20000227.nc,2000-02-27,shum,216389,121773,0.5627504170729566
20000227.nc,2000-02-27,snow,216389,121773,0.5627504170729566
20000227.nc,2000-02-27,srad,216389,121773,0.5627504170729566
20000227.nc,2000-02-27,temp,216389,121773,0.5627504170729566
20000227.nc,2000-02-27,wind,216389,121773,0.5627504170729566
20000228.nc,2000-02-28,elevation,216389,121773,0.5627504170729566
20000228.nc,2000-02-28,PM2.5,216389,121773,0.5627504170729566
20000228.nc,2000-02-28,bcpr,216389,121773,0.5627504170729566
20000228.nc,2000-02-28,lrad,216389,121773,0.5627504170729566
20000228.nc,2000-02-28,prec,216389,121773,0.5627504170729566
20000228.nc,2000-02-28,pres,216389,121773,0.5627504170729566
20000228.nc,2000-02-28,rain,216389,121773,0.5627504170729566
20000228.nc,2000-02-28,rhum,216389,121773,0.5627504170729566
20000228.nc,2000-02-28,shum,216389,121773,0.5627504170729566
20000228.nc,2000-02-28,snow,216389,121773,0.5627504170729566
20000228.nc,2000-02-28,srad,216389,121773,0.5627504170729566
20000228.nc,2000-02-28,temp,216389,121773,0.5627504170729566
20000228.nc,2000-02-28,wind,216389,121773,0.5627504170729566
20000229.nc,2000-02-29,elevation,216389,121773,0.5627504170729566
20000229.nc,2000-02-29,PM2.5,216389,121773,0.5627504170729566
20000229.nc,2000-02-29,bcpr,216389,121773,0.5627504170729566
20000229.nc,2000-02-29,lrad,216389,121773,0.5627504170729566
20000229.nc,2000-02-29,prec,216389,121773,0.5627504170729566
20000229.nc,2000-02-29,pres,216389,121773,0.5627504170729566
20000229.nc,2000-02-29,rain,216389,121773,0.5627504170729566
20000229.nc,2000-02-29,rhum,216389,121773,0.5627504170729566
20000229.nc,2000-02-29,shum,216389,121773,0.5627504170729566
20000229.nc,2000-02-29,snow,216389,121773,0.5627504170729566
20000229.nc,2000-02-29,srad,216389,121773,0.5627504170729566
20000229.nc,2000-02-29,temp,216389,121773,0.5627504170729566
20000229.nc,2000-02-29,wind,216389,121773,0.5627504170729566
20000301.nc,2000-03-01,elevation,216389,121773,0.5627504170729566
20000301.nc,2000-03-01,PM2.5,216389,121773,0.5627504170729566
20000301.nc,2000-03-01,bcpr,216389,121773,0.5627504170729566
20000301.nc,2000-03-01,lrad,216389,121773,0.5627504170729566
20000301.nc,2000-03-01,prec,216389,121773,0.5627504170729566
20000301.nc,2000-03-01,pres,216389,121773,0.5627504170729566
20000301.nc,2000-03-01,rain,216389,121773,0.5627504170729566
20000301.nc,2000-03-01,rhum,216389,121773,0.5627504170729566
20000301.nc,2000-03-01,shum,216389,121773,0.5627504170729566
20000301.nc,2000-03-01,snow,216389,121773,0.5627504170729566
20000301.nc,2000-03-01,srad,216389,121773,0.5627504170729566
20000301.nc,2000-03-01,temp,216389,121773,0.5627504170729566
20000301.nc,2000-03-01,wind,216389,121773,0.5627504170729566
20000302.nc,2000-03-02,elevation,216389,121773,0.5627504170729566
20000302.nc,2000-03-02,PM2.5,216389,121773,0.5627504170729566
20000302.nc,2000-03-02,bcpr,216389,121773,0.5627504170729566
20000302.nc,2000-03-02,lrad,216389,121773,0.5627504170729566
20000302.nc,2000-03-02,prec,216389,121773,0.5627504170729566
20000302.nc,2000-03-02,pres,216389,121773,0.5627504170729566
20000302.nc,2000-03-02,rain,216389,121773,0.5627504170729566
20000302.nc,2000-03-02,rhum,216389,121773,0.5627504170729566
20000302.nc,2000-03-02,shum,216389,121773,0.5627504170729566
20000302.nc,2000-03-02,snow,216389,121773,0.5627504170729566
20000302.nc,2000-03-02,srad,216389,121773,0.5627504170729566
20000302.nc,2000-03-02,temp,216389,121773,0.5627504170729566
20000302.nc,2000-03-02,wind,216389,121773,0.5627504170729566
20000303.nc,2000-03-03,elevation,216389,121773,0.5627504170729566
20000303.nc,2000-03-03,PM2.5,216389,121773,0.5627504170729566
20000303.nc,2000-03-03,bcpr,216389,121773,0.5627504170729566
20000303.nc,2000-03-03,lrad,216389,121773,0.5627504170729566
20000303.nc,2000-03-03,prec,216389,121773,0.5627504170729566
20000303.nc,2000-03-03,pres,216389,121773,0.5627504170729566
20000303.nc,2000-03-03,rain,216389,121773,0.5627504170729566
20000303.nc,2000-03-03,rhum,216389,121773,0.5627504170729566
20000303.nc,2000-03-03,shum,216389,121773,0.5627504170729566
20000303.nc,2000-03-03,snow,216389,121773,0.5627504170729566
20000303.nc,2000-03-03,srad,216389,121773,0.5627504170729566
20000303.nc,2000-03-03,temp,216389,121773,0.5627504170729566
20000303.nc,2000-03-03,wind,216389,121773,0.5627504170729566
20000304.nc,2000-03-04,elevation,216389,121773,0.5627504170729566
20000304.nc,2000-03-04,PM2.5,216389,121773,0.5627504170729566
20000304.nc,2000-03-04,bcpr,216389,121773,0.5627504170729566
20000304.nc,2000-03-04,lrad,216389,121773,0.5627504170729566
20000304.nc,2000-03-04,prec,216389,121773,0.5627504170729566
20000304.nc,2000-03-04,pres,216389,121773,0.5627504170729566
20000304.nc,2000-03-04,rain,216389,121773,0.5627504170729566
20000304.nc,2000-03-04,rhum,216389,121773,0.5627504170729566
20000304.nc,2000-03-04,shum,216389,121773,0.5627504170729566
20000304.nc,2000-03-04,snow,216389,121773,0.5627504170729566
20000304.nc,2000-03-04,srad,216389,121773,0.5627504170729566
20000304.nc,2000-03-04,temp,216389,121773,0.5627504170729566
20000304.nc,2000-03-04,wind,216389,121773,0.5627504170729566
20000305.nc,2000-03-05,elevation,216389,121773,0.5627504170729566
20000305.nc,2000-03-05,PM2.5,216389,121773,0.5627504170729566
20000305.nc,2000-03-05,bcpr,216389,121773,0.5627504170729566
20000305.nc,2000-03-05,lrad,216389,121773,0.5627504170729566
20000305.nc,2000-03-05,prec,216389,121773,0.5627504170729566
20000305.nc,2000-03-05,pres,216389,121773,0.5627504170729566
20000305.nc,2000-03-05,rain,216389,121773,0.5627504170729566
20000305.nc,2000-03-05,rhum,216389,121773,0.5627504170729566
20000305.nc,2000-03-05,shum,216389,121773,0.5627504170729566
20000305.nc,2000-03-05,snow,216389,121773,0.5627504170729566
20000305.nc,2000-03-05,srad,216389,121773,0.5627504170729566
20000305.nc,2000-03-05,temp,216389,121773,0.5627504170729566
20000305.nc,2000-03-05,wind,216389,121773,0.5627504170729566
20000306.nc,2000-03-06,elevation,216389,121773,0.5627504170729566
20000306.nc,2000-03-06,PM2.5,216389,121773,0.5627504170729566
20000306.nc,2000-03-06,bcpr,216389,121773,0.5627504170729566
20000306.nc,2000-03-06,lrad,216389,121773,0.5627504170729566
20000306.nc,2000-03-06,prec,216389,121773,0.5627504170729566
20000306.nc,2000-03-06,pres,216389,121773,0.5627504170729566
20000306.nc,2000-03-06,rain,216389,121773,0.5627504170729566
20000306.nc,2000-03-06,rhum,216389,121773,0.5627504170729566
20000306.nc,2000-03-06,shum,216389,121773,0.5627504170729566
20000306.nc,2000-03-06,snow,216389,121773,0.5627504170729566
20000306.nc,2000-03-06,srad,216389,121773,0.5627504170729566
20000306.nc,2000-03-06,temp,216389,121773,0.5627504170729566
20000306.nc,2000-03-06,wind,216389,121773,0.5627504170729566
20000307.nc,2000-03-07,elevation,216389,121773,0.5627504170729566
20000307.nc,2000-03-07,PM2.5,216389,121773,0.5627504170729566
20000307.nc,2000-03-07,bcpr,216389,121773,0.5627504170729566
20000307.nc,2000-03-07,lrad,216389,121773,0.5627504170729566
20000307.nc,2000-03-07,prec,216389,121773,0.5627504170729566
20000307.nc,2000-03-07,pres,216389,121773,0.5627504170729566
20000307.nc,2000-03-07,rain,216389,121773,0.5627504170729566
20000307.nc,2000-03-07,rhum,216389,121773,0.5627504170729566
20000307.nc,2000-03-07,shum,216389,121773,0.5627504170729566
20000307.nc,2000-03-07,snow,216389,121773,0.5627504170729566
20000307.nc,2000-03-07,srad,216389,121773,0.5627504170729566
20000307.nc,2000-03-07,temp,216389,121773,0.5627504170729566
20000307.nc,2000-03-07,wind,216389,121773,0.5627504170729566
20000308.nc,2000-03-08,elevation,216389,121773,0.5627504170729566
20000308.nc,2000-03-08,PM2.5,216389,121773,0.5627504170729566
20000308.nc,2000-03-08,bcpr,216389,121773,0.5627504170729566
20000308.nc,2000-03-08,lrad,216389,121773,0.5627504170729566
20000308.nc,2000-03-08,prec,216389,121773,0.5627504170729566
20000308.nc,2000-03-08,pres,216389,121773,0.5627504170729566
20000308.nc,2000-03-08,rain,216389,121773,0.5627504170729566
20000308.nc,2000-03-08,rhum,216389,121773,0.5627504170729566
20000308.nc,2000-03-08,shum,216389,121773,0.5627504170729566
20000308.nc,2000-03-08,snow,216389,121773,0.5627504170729566
20000308.nc,2000-03-08,srad,216389,121773,0.5627504170729566
20000308.nc,2000-03-08,temp,216389,121773,0.5627504170729566
20000308.nc,2000-03-08,wind,216389,121773,0.5627504170729566
20000309.nc,2000-03-09,elevation,216389,121773,0.5627504170729566
20000309.nc,2000-03-09,PM2.5,216389,121773,0.5627504170729566
20000309.nc,2000-03-09,bcpr,216389,121773,0.5627504170729566
20000309.nc,2000-03-09,lrad,216389,121773,0.5627504170729566
20000309.nc,2000-03-09,prec,216389,121773,0.5627504170729566
20000309.nc,2000-03-09,pres,216389,121773,0.5627504170729566
20000309.nc,2000-03-09,rain,216389,121773,0.5627504170729566
20000309.nc,2000-03-09,rhum,216389,121773,0.5627504170729566
20000309.nc,2000-03-09,shum,216389,121773,0.5627504170729566
20000309.nc,2000-03-09,snow,216389,121773,0.5627504170729566
20000309.nc,2000-03-09,srad,216389,121773,0.5627504170729566
20000309.nc,2000-03-09,temp,216389,121773,0.5627504170729566
20000309.nc,2000-03-09,wind,216389,121773,0.5627504170729566
20000310.nc,2000-03-10,elevation,216389,121773,0.5627504170729566
20000310.nc,2000-03-10,PM2.5,216389,121773,0.5627504170729566
20000310.nc,2000-03-10,bcpr,216389,121773,0.5627504170729566
20000310.nc,2000-03-10,lrad,216389,121773,0.5627504170729566
20000310.nc,2000-03-10,prec,216389,121773,0.5627504170729566
20000310.nc,2000-03-10,pres,216389,121773,0.5627504170729566
20000310.nc,2000-03-10,rain,216389,121773,0.5627504170729566
20000310.nc,2000-03-10,rhum,216389,121773,0.5627504170729566
20000310.nc,2000-03-10,shum,216389,121773,0.5627504170729566
20000310.nc,2000-03-10,snow,216389,121773,0.5627504170729566
20000310.nc,2000-03-10,srad,216389,121773,0.5627504170729566
20000310.nc,2000-03-10,temp,216389,121773,0.5627504170729566
20000310.nc,2000-03-10,wind,216389,121773,0.5627504170729566
20000311.nc,2000-03-11,elevation,216389,121773,0.5627504170729566
20000311.nc,2000-03-11,PM2.5,216389,121773,0.5627504170729566
20000311.nc,2000-03-11,bcpr,216389,121773,0.5627504170729566
20000311.nc,2000-03-11,lrad,216389,121773,0.5627504170729566
20000311.nc,2000-03-11,prec,216389,121773,0.5627504170729566
20000311.nc,2000-03-11,pres,216389,121773,0.5627504170729566
20000311.nc,2000-03-11,rain,216389,121773,0.5627504170729566
20000311.nc,2000-03-11,rhum,216389,121773,0.5627504170729566
20000311.nc,2000-03-11,shum,216389,121773,0.5627504170729566
20000311.nc,2000-03-11,snow,216389,121773,0.5627504170729566
20000311.nc,2000-03-11,srad,216389,121773,0.5627504170729566
20000311.nc,2000-03-11,temp,216389,121773,0.5627504170729566
20000311.nc,2000-03-11,wind,216389,121773,0.5627504170729566
20000312.nc,2000-03-12,elevation,216389,121773,0.5627504170729566
20000312.nc,2000-03-12,PM2.5,216389,121773,0.5627504170729566
20000312.nc,2000-03-12,bcpr,216389,121773,0.5627504170729566
20000312.nc,2000-03-12,lrad,216389,121773,0.5627504170729566
20000312.nc,2000-03-12,prec,216389,121773,0.5627504170729566
20000312.nc,2000-03-12,pres,216389,121773,0.5627504170729566
20000312.nc,2000-03-12,rain,216389,121773,0.5627504170729566
20000312.nc,2000-03-12,rhum,216389,121773,0.5627504170729566
20000312.nc,2000-03-12,shum,216389,121773,0.5627504170729566
20000312.nc,2000-03-12,snow,216389,121773,0.5627504170729566
20000312.nc,2000-03-12,srad,216389,121773,0.5627504170729566
20000312.nc,2000-03-12,temp,216389,121773,0.5627504170729566
20000312.nc,2000-03-12,wind,216389,121773,0.5627504170729566
20000313.nc,2000-03-13,elevation,216389,121773,0.5627504170729566
20000313.nc,2000-03-13,PM2.5,216389,121773,0.5627504170729566
20000313.nc,2000-03-13,bcpr,216389,121773,0.5627504170729566
20000313.nc,2000-03-13,lrad,216389,121773,0.5627504170729566
20000313.nc,2000-03-13,prec,216389,121773,0.5627504170729566
20000313.nc,2000-03-13,pres,216389,121773,0.5627504170729566
20000313.nc,2000-03-13,rain,216389,121773,0.5627504170729566
20000313.nc,2000-03-13,rhum,216389,121773,0.5627504170729566
20000313.nc,2000-03-13,shum,216389,121773,0.5627504170729566
20000313.nc,2000-03-13,snow,216389,121773,0.5627504170729566
20000313.nc,2000-03-13,srad,216389,121773,0.5627504170729566
20000313.nc,2000-03-13,temp,216389,121773,0.5627504170729566
20000313.nc,2000-03-13,wind,216389,121773,0.5627504170729566
20000314.nc,2000-03-14,elevation,216389,121773,0.5627504170729566
20000314.nc,2000-03-14,PM2.5,216389,121773,0.5627504170729566
20000314.nc,2000-03-14,bcpr,216389,121773,0.5627504170729566
20000314.nc,2000-03-14,lrad,216389,121773,0.5627504170729566
20000314.nc,2000-03-14,prec,216389,121773,0.5627504170729566
20000314.nc,2000-03-14,pres,216389,121773,0.5627504170729566
20000314.nc,2000-03-14,rain,216389,121773,0.5627504170729566
20000314.nc,2000-03-14,rhum,216389,121773,0.5627504170729566
20000314.nc,2000-03-14,shum,216389,121773,0.5627504170729566
20000314.nc,2000-03-14,snow,216389,121773,0.5627504170729566
20000314.nc,2000-03-14,srad,216389,121773,0.5627504170729566
20000314.nc,2000-03-14,temp,216389,121773,0.5627504170729566
20000314.nc,2000-03-14,wind,216389,121773,0.5627504170729566
20000315.nc,2000-03-15,elevation,216389,121773,0.5627504170729566
20000315.nc,2000-03-15,PM2.5,216389,121773,0.5627504170729566
20000315.nc,2000-03-15,bcpr,216389,121773,0.5627504170729566
20000315.nc,2000-03-15,lrad,216389,121773,0.5627504170729566
20000315.nc,2000-03-15,prec,216389,121773,0.5627504170729566
20000315.nc,2000-03-15,pres,216389,121773,0.5627504170729566
20000315.nc,2000-03-15,rain,216389,121773,0.5627504170729566
20000315.nc,2000-03-15,rhum,216389,121773,0.5627504170729566
20000315.nc,2000-03-15,shum,216389,121773,0.5627504170729566
20000315.nc,2000-03-15,snow,216389,121773,0.5627504170729566
20000315.nc,2000-03-15,srad,216389,121773,0.5627504170729566
20000315.nc,2000-03-15,temp,216389,121773,0.5627504170729566
20000315.nc,2000-03-15,wind,216389,121773,0.5627504170729566
20000316.nc,2000-03-16,elevation,216389,121773,0.5627504170729566
20000316.nc,2000-03-16,PM2.5,216389,121773,0.5627504170729566
20000316.nc,2000-03-16,bcpr,216389,121773,0.5627504170729566
20000316.nc,2000-03-16,lrad,216389,121773,0.5627504170729566
20000316.nc,2000-03-16,prec,216389,121773,0.5627504170729566
20000316.nc,2000-03-16,pres,216389,121773,0.5627504170729566
20000316.nc,2000-03-16,rain,216389,121773,0.5627504170729566
20000316.nc,2000-03-16,rhum,216389,121773,0.5627504170729566
20000316.nc,2000-03-16,shum,216389,121773,0.5627504170729566
20000316.nc,2000-03-16,snow,216389,121773,0.5627504170729566
20000316.nc,2000-03-16,srad,216389,121773,0.5627504170729566
20000316.nc,2000-03-16,temp,216389,121773,0.5627504170729566
20000316.nc,2000-03-16,wind,216389,121773,0.5627504170729566
20000317.nc,2000-03-17,elevation,216389,121773,0.5627504170729566
20000317.nc,2000-03-17,PM2.5,216389,121773,0.5627504170729566
20000317.nc,2000-03-17,bcpr,216389,121773,0.5627504170729566
20000317.nc,2000-03-17,lrad,216389,121773,0.5627504170729566
20000317.nc,2000-03-17,prec,216389,121773,0.5627504170729566
20000317.nc,2000-03-17,pres,216389,121773,0.5627504170729566
20000317.nc,2000-03-17,rain,216389,121773,0.5627504170729566
20000317.nc,2000-03-17,rhum,216389,121773,0.5627504170729566
20000317.nc,2000-03-17,shum,216389,121773,0.5627504170729566
20000317.nc,2000-03-17,snow,216389,121773,0.5627504170729566
20000317.nc,2000-03-17,srad,216389,121773,0.5627504170729566
20000317.nc,2000-03-17,temp,216389,121773,0.5627504170729566
20000317.nc,2000-03-17,wind,216389,121773,0.5627504170729566
20000318.nc,2000-03-18,elevation,216389,121773,0.5627504170729566
20000318.nc,2000-03-18,PM2.5,216389,121773,0.5627504170729566
20000318.nc,2000-03-18,bcpr,216389,121773,0.5627504170729566
20000318.nc,2000-03-18,lrad,216389,121773,0.5627504170729566
20000318.nc,2000-03-18,prec,216389,121773,0.5627504170729566
20000318.nc,2000-03-18,pres,216389,121773,0.5627504170729566
20000318.nc,2000-03-18,rain,216389,121773,0.5627504170729566
20000318.nc,2000-03-18,rhum,216389,121773,0.5627504170729566
20000318.nc,2000-03-18,shum,216389,121773,0.5627504170729566
20000318.nc,2000-03-18,snow,216389,121773,0.5627504170729566
20000318.nc,2000-03-18,srad,216389,121773,0.5627504170729566
20000318.nc,2000-03-18,temp,216389,121773,0.5627504170729566
20000318.nc,2000-03-18,wind,216389,121773,0.5627504170729566
20000319.nc,2000-03-19,elevation,216389,121773,0.5627504170729566
20000319.nc,2000-03-19,PM2.5,216389,121773,0.5627504170729566
20000319.nc,2000-03-19,bcpr,216389,121773,0.5627504170729566
20000319.nc,2000-03-19,lrad,216389,121773,0.5627504170729566
20000319.nc,2000-03-19,prec,216389,121773,0.5627504170729566
20000319.nc,2000-03-19,pres,216389,121773,0.5627504170729566
20000319.nc,2000-03-19,rain,216389,121773,0.5627504170729566
20000319.nc,2000-03-19,rhum,216389,121773,0.5627504170729566
20000319.nc,2000-03-19,shum,216389,121773,0.5627504170729566
20000319.nc,2000-03-19,snow,216389,121773,0.5627504170729566
20000319.nc,2000-03-19,srad,216389,121773,0.5627504170729566
20000319.nc,2000-03-19,temp,216389,121773,0.5627504170729566
20000319.nc,2000-03-19,wind,216389,121773,0.5627504170729566
20000320.nc,2000-03-20,elevation,216389,121773,0.5627504170729566
20000320.nc,2000-03-20,PM2.5,216389,121773,0.5627504170729566
20000320.nc,2000-03-20,bcpr,216389,121773,0.5627504170729566
20000320.nc,2000-03-20,lrad,216389,121773,0.5627504170729566
20000320.nc,2000-03-20,prec,216389,121773,0.5627504170729566
20000320.nc,2000-03-20,pres,216389,121773,0.5627504170729566
20000320.nc,2000-03-20,rain,216389,121773,0.5627504170729566
20000320.nc,2000-03-20,rhum,216389,121773,0.5627504170729566
20000320.nc,2000-03-20,shum,216389,121773,0.5627504170729566
20000320.nc,2000-03-20,snow,216389,121773,0.5627504170729566
20000320.nc,2000-03-20,srad,216389,121773,0.5627504170729566
20000320.nc,2000-03-20,temp,216389,121773,0.5627504170729566
20000320.nc,2000-03-20,wind,216389,121773,0.5627504170729566
20000321.nc,2000-03-21,elevation,216389,121773,0.5627504170729566
20000321.nc,2000-03-21,PM2.5,216389,121773,0.5627504170729566
20000321.nc,2000-03-21,bcpr,216389,121773,0.5627504170729566
20000321.nc,2000-03-21,lrad,216389,121773,0.5627504170729566
20000321.nc,2000-03-21,prec,216389,121773,0.5627504170729566
20000321.nc,2000-03-21,pres,216389,121773,0.5627504170729566
20000321.nc,2000-03-21,rain,216389,121773,0.5627504170729566
20000321.nc,2000-03-21,rhum,216389,121773,0.5627504170729566
20000321.nc,2000-03-21,shum,216389,121773,0.5627504170729566
20000321.nc,2000-03-21,snow,216389,121773,0.5627504170729566
20000321.nc,2000-03-21,srad,216389,121773,0.5627504170729566
20000321.nc,2000-03-21,temp,216389,121773,0.5627504170729566
20000321.nc,2000-03-21,wind,216389,121773,0.5627504170729566
20000322.nc,2000-03-22,elevation,216389,121773,0.5627504170729566
20000322.nc,2000-03-22,PM2.5,216389,121773,0.5627504170729566
20000322.nc,2000-03-22,bcpr,216389,121773,0.5627504170729566
20000322.nc,2000-03-22,lrad,216389,121773,0.5627504170729566
20000322.nc,2000-03-22,prec,216389,121773,0.5627504170729566
20000322.nc,2000-03-22,pres,216389,121773,0.5627504170729566
20000322.nc,2000-03-22,rain,216389,121773,0.5627504170729566
20000322.nc,2000-03-22,rhum,216389,121773,0.5627504170729566
20000322.nc,2000-03-22,shum,216389,121773,0.5627504170729566
20000322.nc,2000-03-22,snow,216389,121773,0.5627504170729566
20000322.nc,2000-03-22,srad,216389,121773,0.5627504170729566
20000322.nc,2000-03-22,temp,216389,121773,0.5627504170729566
20000322.nc,2000-03-22,wind,216389,121773,0.5627504170729566
20000323.nc,2000-03-23,elevation,216389,121773,0.5627504170729566
20000323.nc,2000-03-23,PM2.5,216389,121773,0.5627504170729566
20000323.nc,2000-03-23,bcpr,216389,121773,0.5627504170729566
20000323.nc,2000-03-23,lrad,216389,121773,0.5627504170729566
20000323.nc,2000-03-23,prec,216389,121773,0.5627504170729566
20000323.nc,2000-03-23,pres,216389,121773,0.5627504170729566
20000323.nc,2000-03-23,rain,216389,121773,0.5627504170729566
20000323.nc,2000-03-23,rhum,216389,121773,0.5627504170729566
20000323.nc,2000-03-23,shum,216389,121773,0.5627504170729566
20000323.nc,2000-03-23,snow,216389,121773,0.5627504170729566
20000323.nc,2000-03-23,srad,216389,121773,0.5627504170729566
20000323.nc,2000-03-23,temp,216389,121773,0.5627504170729566
20000323.nc,2000-03-23,wind,216389,121773,0.5627504170729566
20000324.nc,2000-03-24,elevation,216389,121773,0.5627504170729566
20000324.nc,2000-03-24,PM2.5,216389,121773,0.5627504170729566
20000324.nc,2000-03-24,bcpr,216389,121773,0.5627504170729566
20000324.nc,2000-03-24,lrad,216389,121773,0.5627504170729566
20000324.nc,2000-03-24,prec,216389,121773,0.5627504170729566
20000324.nc,2000-03-24,pres,216389,121773,0.5627504170729566
20000324.nc,2000-03-24,rain,216389,121773,0.5627504170729566
20000324.nc,2000-03-24,rhum,216389,121773,0.5627504170729566
20000324.nc,2000-03-24,shum,216389,121773,0.5627504170729566
20000324.nc,2000-03-24,snow,216389,121773,0.5627504170729566
20000324.nc,2000-03-24,srad,216389,121773,0.5627504170729566
20000324.nc,2000-03-24,temp,216389,121773,0.5627504170729566
20000324.nc,2000-03-24,wind,216389,121773,0.5627504170729566
20000325.nc,2000-03-25,elevation,216389,121773,0.5627504170729566
20000325.nc,2000-03-25,PM2.5,216389,121773,0.5627504170729566
20000325.nc,2000-03-25,bcpr,216389,121773,0.5627504170729566
20000325.nc,2000-03-25,lrad,216389,121773,0.5627504170729566
20000325.nc,2000-03-25,prec,216389,121773,0.5627504170729566
20000325.nc,2000-03-25,pres,216389,121773,0.5627504170729566
20000325.nc,2000-03-25,rain,216389,121773,0.5627504170729566
20000325.nc,2000-03-25,rhum,216389,121773,0.5627504170729566
20000325.nc,2000-03-25,shum,216389,121773,0.5627504170729566
20000325.nc,2000-03-25,snow,216389,121773,0.5627504170729566
20000325.nc,2000-03-25,srad,216389,121773,0.5627504170729566
20000325.nc,2000-03-25,temp,216389,121773,0.5627504170729566
20000325.nc,2000-03-25,wind,216389,121773,0.5627504170729566
20000326.nc,2000-03-26,elevation,216389,121773,0.5627504170729566
20000326.nc,2000-03-26,PM2.5,216389,121773,0.5627504170729566
20000326.nc,2000-03-26,bcpr,216389,121773,0.5627504170729566
20000326.nc,2000-03-26,lrad,216389,121773,0.5627504170729566
20000326.nc,2000-03-26,prec,216389,121773,0.5627504170729566
20000326.nc,2000-03-26,pres,216389,121773,0.5627504170729566
20000326.nc,2000-03-26,rain,216389,121773,0.5627504170729566
20000326.nc,2000-03-26,rhum,216389,121773,0.5627504170729566
20000326.nc,2000-03-26,shum,216389,121773,0.5627504170729566
20000326.nc,2000-03-26,snow,216389,121773,0.5627504170729566
20000326.nc,2000-03-26,srad,216389,121773,0.5627504170729566
20000326.nc,2000-03-26,temp,216389,121773,0.5627504170729566
20000326.nc,2000-03-26,wind,216389,121773,0.5627504170729566
20000327.nc,2000-03-27,elevation,216389,121773,0.5627504170729566
20000327.nc,2000-03-27,PM2.5,216389,121773,0.5627504170729566
20000327.nc,2000-03-27,bcpr,216389,121773,0.5627504170729566
20000327.nc,2000-03-27,lrad,216389,121773,0.5627504170729566
20000327.nc,2000-03-27,prec,216389,121773,0.5627504170729566
20000327.nc,2000-03-27,pres,216389,121773,0.5627504170729566
20000327.nc,2000-03-27,rain,216389,121773,0.5627504170729566
20000327.nc,2000-03-27,rhum,216389,121773,0.5627504170729566
20000327.nc,2000-03-27,shum,216389,121773,0.5627504170729566
20000327.nc,2000-03-27,snow,216389,121773,0.5627504170729566
20000327.nc,2000-03-27,srad,216389,121773,0.5627504170729566
20000327.nc,2000-03-27,temp,216389,121773,0.5627504170729566
20000327.nc,2000-03-27,wind,216389,121773,0.5627504170729566
20000328.nc,2000-03-28,elevation,216389,121773,0.5627504170729566
20000328.nc,2000-03-28,PM2.5,216389,121773,0.5627504170729566
20000328.nc,2000-03-28,bcpr,216389,121773,0.5627504170729566
20000328.nc,2000-03-28,lrad,216389,121773,0.5627504170729566
20000328.nc,2000-03-28,prec,216389,121773,0.5627504170729566
20000328.nc,2000-03-28,pres,216389,121773,0.5627504170729566
20000328.nc,2000-03-28,rain,216389,121773,0.5627504170729566
20000328.nc,2000-03-28,rhum,216389,121773,0.5627504170729566
20000328.nc,2000-03-28,shum,216389,121773,0.5627504170729566
20000328.nc,2000-03-28,snow,216389,121773,0.5627504170729566
20000328.nc,2000-03-28,srad,216389,121773,0.5627504170729566
20000328.nc,2000-03-28,temp,216389,121773,0.5627504170729566
20000328.nc,2000-03-28,wind,216389,121773,0.5627504170729566
20000329.nc,2000-03-29,elevation,216389,121773,0.5627504170729566
20000329.nc,2000-03-29,PM2.5,216389,121773,0.5627504170729566
20000329.nc,2000-03-29,bcpr,216389,121773,0.5627504170729566
20000329.nc,2000-03-29,lrad,216389,121773,0.5627504170729566
20000329.nc,2000-03-29,prec,216389,121773,0.5627504170729566
20000329.nc,2000-03-29,pres,216389,121773,0.5627504170729566
20000329.nc,2000-03-29,rain,216389,121773,0.5627504170729566
20000329.nc,2000-03-29,rhum,216389,121773,0.5627504170729566
20000329.nc,2000-03-29,shum,216389,121773,0.5627504170729566
20000329.nc,2000-03-29,snow,216389,121773,0.5627504170729566
20000329.nc,2000-03-29,srad,216389,121773,0.5627504170729566
20000329.nc,2000-03-29,temp,216389,121773,0.5627504170729566
20000329.nc,2000-03-29,wind,216389,121773,0.5627504170729566
20000330.nc,2000-03-30,elevation,216389,121773,0.5627504170729566
20000330.nc,2000-03-30,PM2.5,216389,121773,0.5627504170729566
20000330.nc,2000-03-30,bcpr,216389,121773,0.5627504170729566
20000330.nc,2000-03-30,lrad,216389,121773,0.5627504170729566
20000330.nc,2000-03-30,prec,216389,121773,0.5627504170729566
20000330.nc,2000-03-30,pres,216389,121773,0.5627504170729566
20000330.nc,2000-03-30,rain,216389,121773,0.5627504170729566
20000330.nc,2000-03-30,rhum,216389,121773,0.5627504170729566
20000330.nc,2000-03-30,shum,216389,121773,0.5627504170729566
20000330.nc,2000-03-30,snow,216389,121773,0.5627504170729566
20000330.nc,2000-03-30,srad,216389,121773,0.5627504170729566
20000330.nc,2000-03-30,temp,216389,121773,0.5627504170729566
20000330.nc,2000-03-30,wind,216389,121773,0.5627504170729566
20000331.nc,2000-03-31,elevation,216389,121773,0.5627504170729566
20000331.nc,2000-03-31,PM2.5,216389,121773,0.5627504170729566
20000331.nc,2000-03-31,bcpr,216389,121773,0.5627504170729566
20000331.nc,2000-03-31,lrad,216389,121773,0.5627504170729566
20000331.nc,2000-03-31,prec,216389,121773,0.5627504170729566
20000331.nc,2000-03-31,pres,216389,121773,0.5627504170729566
20000331.nc,2000-03-31,rain,216389,121773,0.5627504170729566
20000331.nc,2000-03-31,rhum,216389,121773,0.5627504170729566
20000331.nc,2000-03-31,shum,216389,121773,0.5627504170729566
20000331.nc,2000-03-31,snow,216389,121773,0.5627504170729566
20000331.nc,2000-03-31,srad,216389,121773,0.5627504170729566
20000331.nc,2000-03-31,temp,216389,121773,0.5627504170729566
20000331.nc,2000-03-31,wind,216389,121773,0.5627504170729566
20000401.nc,2000-04-01,elevation,216389,121773,0.5627504170729566
20000401.nc,2000-04-01,PM2.5,216389,121773,0.5627504170729566
20000401.nc,2000-04-01,bcpr,216389,121773,0.5627504170729566
20000401.nc,2000-04-01,lrad,216389,121773,0.5627504170729566
20000401.nc,2000-04-01,prec,216389,121773,0.5627504170729566
20000401.nc,2000-04-01,pres,216389,121773,0.5627504170729566
20000401.nc,2000-04-01,rain,216389,121773,0.5627504170729566
20000401.nc,2000-04-01,rhum,216389,121773,0.5627504170729566
20000401.nc,2000-04-01,shum,216389,121773,0.5627504170729566
20000401.nc,2000-04-01,snow,216389,121773,0.5627504170729566
20000401.nc,2000-04-01,srad,216389,121773,0.5627504170729566
20000401.nc,2000-04-01,temp,216389,121773,0.5627504170729566
20000401.nc,2000-04-01,wind,216389,121773,0.5627504170729566
20000402.nc,2000-04-02,elevation,216389,121773,0.5627504170729566
20000402.nc,2000-04-02,PM2.5,216389,121773,0.5627504170729566
20000402.nc,2000-04-02,bcpr,216389,121773,0.5627504170729566
20000402.nc,2000-04-02,lrad,216389,121773,0.5627504170729566
20000402.nc,2000-04-02,prec,216389,121773,0.5627504170729566
20000402.nc,2000-04-02,pres,216389,121773,0.5627504170729566
20000402.nc,2000-04-02,rain,216389,121773,0.5627504170729566
20000402.nc,2000-04-02,rhum,216389,121773,0.5627504170729566
20000402.nc,2000-04-02,shum,216389,121773,0.5627504170729566
20000402.nc,2000-04-02,snow,216389,121773,0.5627504170729566
20000402.nc,2000-04-02,srad,216389,121773,0.5627504170729566
20000402.nc,2000-04-02,temp,216389,121773,0.5627504170729566
20000402.nc,2000-04-02,wind,216389,121773,0.5627504170729566
20000403.nc,2000-04-03,elevation,216389,121773,0.5627504170729566
20000403.nc,2000-04-03,PM2.5,216389,121773,0.5627504170729566
20000403.nc,2000-04-03,bcpr,216389,121773,0.5627504170729566
20000403.nc,2000-04-03,lrad,216389,121773,0.5627504170729566
20000403.nc,2000-04-03,prec,216389,121773,0.5627504170729566
20000403.nc,2000-04-03,pres,216389,121773,0.5627504170729566
20000403.nc,2000-04-03,rain,216389,121773,0.5627504170729566
20000403.nc,2000-04-03,rhum,216389,121773,0.5627504170729566
20000403.nc,2000-04-03,shum,216389,121773,0.5627504170729566
20000403.nc,2000-04-03,snow,216389,121773,0.5627504170729566
20000403.nc,2000-04-03,srad,216389,121773,0.5627504170729566
20000403.nc,2000-04-03,temp,216389,121773,0.5627504170729566
20000403.nc,2000-04-03,wind,216389,121773,0.5627504170729566
20000404.nc,2000-04-04,elevation,216389,121773,0.5627504170729566
20000404.nc,2000-04-04,PM2.5,216389,121773,0.5627504170729566
20000404.nc,2000-04-04,bcpr,216389,121773,0.5627504170729566
20000404.nc,2000-04-04,lrad,216389,121773,0.5627504170729566
20000404.nc,2000-04-04,prec,216389,121773,0.5627504170729566
20000404.nc,2000-04-04,pres,216389,121773,0.5627504170729566
20000404.nc,2000-04-04,rain,216389,121773,0.5627504170729566
20000404.nc,2000-04-04,rhum,216389,121773,0.5627504170729566
20000404.nc,2000-04-04,shum,216389,121773,0.5627504170729566
20000404.nc,2000-04-04,snow,216389,121773,0.5627504170729566
20000404.nc,2000-04-04,srad,216389,121773,0.5627504170729566
20000404.nc,2000-04-04,temp,216389,121773,0.5627504170729566
20000404.nc,2000-04-04,wind,216389,121773,0.5627504170729566
20000405.nc,2000-04-05,elevation,216389,121773,0.5627504170729566
20000405.nc,2000-04-05,PM2.5,216389,121773,0.5627504170729566
20000405.nc,2000-04-05,bcpr,216389,121773,0.5627504170729566
20000405.nc,2000-04-05,lrad,216389,121773,0.5627504170729566
20000405.nc,2000-04-05,prec,216389,121773,0.5627504170729566
20000405.nc,2000-04-05,pres,216389,121773,0.5627504170729566
20000405.nc,2000-04-05,rain,216389,121773,0.5627504170729566
20000405.nc,2000-04-05,rhum,216389,121773,0.5627504170729566
20000405.nc,2000-04-05,shum,216389,121773,0.5627504170729566
20000405.nc,2000-04-05,snow,216389,121773,0.5627504170729566
20000405.nc,2000-04-05,srad,216389,121773,0.5627504170729566
20000405.nc,2000-04-05,temp,216389,121773,0.5627504170729566
20000405.nc,2000-04-05,wind,216389,121773,0.5627504170729566
20000406.nc,2000-04-06,elevation,216389,121773,0.5627504170729566
20000406.nc,2000-04-06,PM2.5,216389,121773,0.5627504170729566
20000406.nc,2000-04-06,bcpr,216389,121773,0.5627504170729566
20000406.nc,2000-04-06,lrad,216389,121773,0.5627504170729566
20000406.nc,2000-04-06,prec,216389,121773,0.5627504170729566
20000406.nc,2000-04-06,pres,216389,121773,0.5627504170729566
20000406.nc,2000-04-06,rain,216389,121773,0.5627504170729566
20000406.nc,2000-04-06,rhum,216389,121773,0.5627504170729566
20000406.nc,2000-04-06,shum,216389,121773,0.5627504170729566
20000406.nc,2000-04-06,snow,216389,121773,0.5627504170729566
20000406.nc,2000-04-06,srad,216389,121773,0.5627504170729566
20000406.nc,2000-04-06,temp,216389,121773,0.5627504170729566
20000406.nc,2000-04-06,wind,216389,121773,0.5627504170729566
20000407.nc,2000-04-07,elevation,216389,121773,0.5627504170729566
20000407.nc,2000-04-07,PM2.5,216389,121773,0.5627504170729566
20000407.nc,2000-04-07,bcpr,216389,121773,0.5627504170729566
20000407.nc,2000-04-07,lrad,216389,121773,0.5627504170729566
20000407.nc,2000-04-07,prec,216389,121773,0.5627504170729566
20000407.nc,2000-04-07,pres,216389,121773,0.5627504170729566
20000407.nc,2000-04-07,rain,216389,121773,0.5627504170729566
20000407.nc,2000-04-07,rhum,216389,121773,0.5627504170729566
20000407.nc,2000-04-07,shum,216389,121773,0.5627504170729566
20000407.nc,2000-04-07,snow,216389,121773,0.5627504170729566
20000407.nc,2000-04-07,srad,216389,121773,0.5627504170729566
20000407.nc,2000-04-07,temp,216389,121773,0.5627504170729566
20000407.nc,2000-04-07,wind,216389,121773,0.5627504170729566
20000408.nc,2000-04-08,elevation,216389,121773,0.5627504170729566
20000408.nc,2000-04-08,PM2.5,216389,121773,0.5627504170729566
20000408.nc,2000-04-08,bcpr,216389,121773,0.5627504170729566
20000408.nc,2000-04-08,lrad,216389,121773,0.5627504170729566
20000408.nc,2000-04-08,prec,216389,121773,0.5627504170729566
20000408.nc,2000-04-08,pres,216389,121773,0.5627504170729566
20000408.nc,2000-04-08,rain,216389,121773,0.5627504170729566
20000408.nc,2000-04-08,rhum,216389,121773,0.5627504170729566
20000408.nc,2000-04-08,shum,216389,121773,0.5627504170729566
20000408.nc,2000-04-08,snow,216389,121773,0.5627504170729566
20000408.nc,2000-04-08,srad,216389,121773,0.5627504170729566
20000408.nc,2000-04-08,temp,216389,121773,0.5627504170729566
20000408.nc,2000-04-08,wind,216389,121773,0.5627504170729566
20000409.nc,2000-04-09,elevation,216389,121773,0.5627504170729566
20000409.nc,2000-04-09,PM2.5,216389,121773,0.5627504170729566
20000409.nc,2000-04-09,bcpr,216389,121773,0.5627504170729566
20000409.nc,2000-04-09,lrad,216389,121773,0.5627504170729566
20000409.nc,2000-04-09,prec,216389,121773,0.5627504170729566
20000409.nc,2000-04-09,pres,216389,121773,0.5627504170729566
20000409.nc,2000-04-09,rain,216389,121773,0.5627504170729566
20000409.nc,2000-04-09,rhum,216389,121773,0.5627504170729566
20000409.nc,2000-04-09,shum,216389,121773,0.5627504170729566
20000409.nc,2000-04-09,snow,216389,121773,0.5627504170729566
20000409.nc,2000-04-09,srad,216389,121773,0.5627504170729566
20000409.nc,2000-04-09,temp,216389,121773,0.5627504170729566
20000409.nc,2000-04-09,wind,216389,121773,0.5627504170729566
20000410.nc,2000-04-10,elevation,216389,121773,0.5627504170729566
20000410.nc,2000-04-10,PM2.5,216389,121773,0.5627504170729566
20000410.nc,2000-04-10,bcpr,216389,121773,0.5627504170729566
20000410.nc,2000-04-10,lrad,216389,121773,0.5627504170729566
20000410.nc,2000-04-10,prec,216389,121773,0.5627504170729566
20000410.nc,2000-04-10,pres,216389,121773,0.5627504170729566
20000410.nc,2000-04-10,rain,216389,121773,0.5627504170729566
20000410.nc,2000-04-10,rhum,216389,121773,0.5627504170729566
20000410.nc,2000-04-10,shum,216389,121773,0.5627504170729566
20000410.nc,2000-04-10,snow,216389,121773,0.5627504170729566
20000410.nc,2000-04-10,srad,216389,121773,0.5627504170729566
20000410.nc,2000-04-10,temp,216389,121773,0.5627504170729566
20000410.nc,2000-04-10,wind,216389,121773,0.5627504170729566
20000411.nc,2000-04-11,elevation,216389,121773,0.5627504170729566
20000411.nc,2000-04-11,PM2.5,216389,121773,0.5627504170729566
20000411.nc,2000-04-11,bcpr,216389,121773,0.5627504170729566
20000411.nc,2000-04-11,lrad,216389,121773,0.5627504170729566
20000411.nc,2000-04-11,prec,216389,121773,0.5627504170729566
20000411.nc,2000-04-11,pres,216389,121773,0.5627504170729566
20000411.nc,2000-04-11,rain,216389,121773,0.5627504170729566
20000411.nc,2000-04-11,rhum,216389,121773,0.5627504170729566
20000411.nc,2000-04-11,shum,216389,121773,0.5627504170729566
20000411.nc,2000-04-11,snow,216389,121773,0.5627504170729566
20000411.nc,2000-04-11,srad,216389,121773,0.5627504170729566
20000411.nc,2000-04-11,temp,216389,121773,0.5627504170729566
20000411.nc,2000-04-11,wind,216389,121773,0.5627504170729566
20000412.nc,2000-04-12,elevation,216389,121773,0.5627504170729566
20000412.nc,2000-04-12,PM2.5,216389,121773,0.5627504170729566
20000412.nc,2000-04-12,bcpr,216389,121773,0.5627504170729566
20000412.nc,2000-04-12,lrad,216389,121773,0.5627504170729566
20000412.nc,2000-04-12,prec,216389,121773,0.5627504170729566
20000412.nc,2000-04-12,pres,216389,121773,0.5627504170729566
20000412.nc,2000-04-12,rain,216389,121773,0.5627504170729566
20000412.nc,2000-04-12,rhum,216389,121773,0.5627504170729566
20000412.nc,2000-04-12,shum,216389,121773,0.5627504170729566
20000412.nc,2000-04-12,snow,216389,121773,0.5627504170729566
20000412.nc,2000-04-12,srad,216389,121773,0.5627504170729566
20000412.nc,2000-04-12,temp,216389,121773,0.5627504170729566
20000412.nc,2000-04-12,wind,216389,121773,0.5627504170729566
20000413.nc,2000-04-13,elevation,216389,121773,0.5627504170729566
20000413.nc,2000-04-13,PM2.5,216389,121773,0.5627504170729566
20000413.nc,2000-04-13,bcpr,216389,121773,0.5627504170729566
20000413.nc,2000-04-13,lrad,216389,121773,0.5627504170729566
20000413.nc,2000-04-13,prec,216389,121773,0.5627504170729566
20000413.nc,2000-04-13,pres,216389,121773,0.5627504170729566
20000413.nc,2000-04-13,rain,216389,121773,0.5627504170729566
20000413.nc,2000-04-13,rhum,216389,121773,0.5627504170729566
20000413.nc,2000-04-13,shum,216389,121773,0.5627504170729566
20000413.nc,2000-04-13,snow,216389,121773,0.5627504170729566
20000413.nc,2000-04-13,srad,216389,121773,0.5627504170729566
20000413.nc,2000-04-13,temp,216389,121773,0.5627504170729566
20000413.nc,2000-04-13,wind,216389,121773,0.5627504170729566
20000414.nc,2000-04-14,elevation,216389,121773,0.5627504170729566
20000414.nc,2000-04-14,PM2.5,216389,121773,0.5627504170729566
20000414.nc,2000-04-14,bcpr,216389,121773,0.5627504170729566
20000414.nc,2000-04-14,lrad,216389,121773,0.5627504170729566
20000414.nc,2000-04-14,prec,216389,121773,0.5627504170729566
20000414.nc,2000-04-14,pres,216389,121773,0.5627504170729566
20000414.nc,2000-04-14,rain,216389,121773,0.5627504170729566
20000414.nc,2000-04-14,rhum,216389,121773,0.5627504170729566
20000414.nc,2000-04-14,shum,216389,121773,0.5627504170729566
20000414.nc,2000-04-14,snow,216389,121773,0.5627504170729566
20000414.nc,2000-04-14,srad,216389,121773,0.5627504170729566
20000414.nc,2000-04-14,temp,216389,121773,0.5627504170729566
20000414.nc,2000-04-14,wind,216389,121773,0.5627504170729566
20000415.nc,2000-04-15,elevation,216389,121773,0.5627504170729566
20000415.nc,2000-04-15,PM2.5,216389,121773,0.5627504170729566
20000415.nc,2000-04-15,bcpr,216389,121773,0.5627504170729566
20000415.nc,2000-04-15,lrad,216389,121773,0.5627504170729566
20000415.nc,2000-04-15,prec,216389,121773,0.5627504170729566
20000415.nc,2000-04-15,pres,216389,121773,0.5627504170729566
20000415.nc,2000-04-15,rain,216389,121773,0.5627504170729566
20000415.nc,2000-04-15,rhum,216389,121773,0.5627504170729566
20000415.nc,2000-04-15,shum,216389,121773,0.5627504170729566
20000415.nc,2000-04-15,snow,216389,121773,0.5627504170729566
20000415.nc,2000-04-15,srad,216389,121773,0.5627504170729566
20000415.nc,2000-04-15,temp,216389,121773,0.5627504170729566
20000415.nc,2000-04-15,wind,216389,121773,0.5627504170729566
20000416.nc,2000-04-16,elevation,216389,121773,0.5627504170729566
20000416.nc,2000-04-16,PM2.5,216389,121773,0.5627504170729566
20000416.nc,2000-04-16,bcpr,216389,121773,0.5627504170729566
20000416.nc,2000-04-16,lrad,216389,121773,0.5627504170729566
20000416.nc,2000-04-16,prec,216389,121773,0.5627504170729566
20000416.nc,2000-04-16,pres,216389,121773,0.5627504170729566
20000416.nc,2000-04-16,rain,216389,121773,0.5627504170729566
20000416.nc,2000-04-16,rhum,216389,121773,0.5627504170729566
20000416.nc,2000-04-16,shum,216389,121773,0.5627504170729566
20000416.nc,2000-04-16,snow,216389,121773,0.5627504170729566
20000416.nc,2000-04-16,srad,216389,121773,0.5627504170729566
20000416.nc,2000-04-16,temp,216389,121773,0.5627504170729566
20000416.nc,2000-04-16,wind,216389,121773,0.5627504170729566
20000417.nc,2000-04-17,elevation,216389,121773,0.5627504170729566
20000417.nc,2000-04-17,PM2.5,216389,121773,0.5627504170729566
20000417.nc,2000-04-17,bcpr,216389,121773,0.5627504170729566
20000417.nc,2000-04-17,lrad,216389,121773,0.5627504170729566
20000417.nc,2000-04-17,prec,216389,121773,0.5627504170729566
20000417.nc,2000-04-17,pres,216389,121773,0.5627504170729566
20000417.nc,2000-04-17,rain,216389,121773,0.5627504170729566
20000417.nc,2000-04-17,rhum,216389,121773,0.5627504170729566
20000417.nc,2000-04-17,shum,216389,121773,0.5627504170729566
20000417.nc,2000-04-17,snow,216389,121773,0.5627504170729566
20000417.nc,2000-04-17,srad,216389,121773,0.5627504170729566
20000417.nc,2000-04-17,temp,216389,121773,0.5627504170729566
20000417.nc,2000-04-17,wind,216389,121773,0.5627504170729566
20000418.nc,2000-04-18,elevation,216389,121773,0.5627504170729566
20000418.nc,2000-04-18,PM2.5,216389,121773,0.5627504170729566
20000418.nc,2000-04-18,bcpr,216389,121773,0.5627504170729566
20000418.nc,2000-04-18,lrad,216389,121773,0.5627504170729566
20000418.nc,2000-04-18,prec,216389,121773,0.5627504170729566
20000418.nc,2000-04-18,pres,216389,121773,0.5627504170729566
20000418.nc,2000-04-18,rain,216389,121773,0.5627504170729566
20000418.nc,2000-04-18,rhum,216389,121773,0.5627504170729566
20000418.nc,2000-04-18,shum,216389,121773,0.5627504170729566
20000418.nc,2000-04-18,snow,216389,121773,0.5627504170729566
20000418.nc,2000-04-18,srad,216389,121773,0.5627504170729566
20000418.nc,2000-04-18,temp,216389,121773,0.5627504170729566
20000418.nc,2000-04-18,wind,216389,121773,0.5627504170729566
20000419.nc,2000-04-19,elevation,216389,121773,0.5627504170729566
20000419.nc,2000-04-19,PM2.5,216389,121773,0.5627504170729566
20000419.nc,2000-04-19,bcpr,216389,121773,0.5627504170729566
20000419.nc,2000-04-19,lrad,216389,121773,0.5627504170729566
20000419.nc,2000-04-19,prec,216389,121773,0.5627504170729566
20000419.nc,2000-04-19,pres,216389,121773,0.5627504170729566
20000419.nc,2000-04-19,rain,216389,121773,0.5627504170729566
20000419.nc,2000-04-19,rhum,216389,121773,0.5627504170729566
20000419.nc,2000-04-19,shum,216389,121773,0.5627504170729566
20000419.nc,2000-04-19,snow,216389,121773,0.5627504170729566
20000419.nc,2000-04-19,srad,216389,121773,0.5627504170729566
20000419.nc,2000-04-19,temp,216389,121773,0.5627504170729566
20000419.nc,2000-04-19,wind,216389,121773,0.5627504170729566
20000420.nc,2000-04-20,elevation,216389,121773,0.5627504170729566
20000420.nc,2000-04-20,PM2.5,216389,121773,0.5627504170729566
20000420.nc,2000-04-20,bcpr,216389,121773,0.5627504170729566
20000420.nc,2000-04-20,lrad,216389,121773,0.5627504170729566
20000420.nc,2000-04-20,prec,216389,121773,0.5627504170729566
20000420.nc,2000-04-20,pres,216389,121773,0.5627504170729566
20000420.nc,2000-04-20,rain,216389,121773,0.5627504170729566
20000420.nc,2000-04-20,rhum,216389,121773,0.5627504170729566
20000420.nc,2000-04-20,shum,216389,121773,0.5627504170729566
20000420.nc,2000-04-20,snow,216389,121773,0.5627504170729566
20000420.nc,2000-04-20,srad,216389,121773,0.5627504170729566
20000420.nc,2000-04-20,temp,216389,121773,0.5627504170729566
20000420.nc,2000-04-20,wind,216389,121773,0.5627504170729566
20000421.nc,2000-04-21,elevation,216389,121773,0.5627504170729566
20000421.nc,2000-04-21,PM2.5,216389,121773,0.5627504170729566
20000421.nc,2000-04-21,bcpr,216389,121773,0.5627504170729566
20000421.nc,2000-04-21,lrad,216389,121773,0.5627504170729566
20000421.nc,2000-04-21,prec,216389,121773,0.5627504170729566
20000421.nc,2000-04-21,pres,216389,121773,0.5627504170729566
20000421.nc,2000-04-21,rain,216389,121773,0.5627504170729566
20000421.nc,2000-04-21,rhum,216389,121773,0.5627504170729566
20000421.nc,2000-04-21,shum,216389,121773,0.5627504170729566
20000421.nc,2000-04-21,snow,216389,121773,0.5627504170729566
20000421.nc,2000-04-21,srad,216389,121773,0.5627504170729566
20000421.nc,2000-04-21,temp,216389,121773,0.5627504170729566
20000421.nc,2000-04-21,wind,216389,121773,0.5627504170729566
20000422.nc,2000-04-22,elevation,216389,121773,0.5627504170729566
20000422.nc,2000-04-22,PM2.5,216389,121773,0.5627504170729566
20000422.nc,2000-04-22,bcpr,216389,121773,0.5627504170729566
20000422.nc,2000-04-22,lrad,216389,121773,0.5627504170729566
20000422.nc,2000-04-22,prec,216389,121773,0.5627504170729566
20000422.nc,2000-04-22,pres,216389,121773,0.5627504170729566
20000422.nc,2000-04-22,rain,216389,121773,0.5627504170729566
20000422.nc,2000-04-22,rhum,216389,121773,0.5627504170729566
20000422.nc,2000-04-22,shum,216389,121773,0.5627504170729566
20000422.nc,2000-04-22,snow,216389,121773,0.5627504170729566
20000422.nc,2000-04-22,srad,216389,121773,0.5627504170729566
20000422.nc,2000-04-22,temp,216389,121773,0.5627504170729566
20000422.nc,2000-04-22,wind,216389,121773,0.5627504170729566
20000423.nc,2000-04-23,elevation,216389,121773,0.5627504170729566
20000423.nc,2000-04-23,PM2.5,216389,121773,0.5627504170729566
20000423.nc,2000-04-23,bcpr,216389,121773,0.5627504170729566
20000423.nc,2000-04-23,lrad,216389,121773,0.5627504170729566
20000423.nc,2000-04-23,prec,216389,121773,0.5627504170729566
20000423.nc,2000-04-23,pres,216389,121773,0.5627504170729566
20000423.nc,2000-04-23,rain,216389,121773,0.5627504170729566
20000423.nc,2000-04-23,rhum,216389,121773,0.5627504170729566
20000423.nc,2000-04-23,shum,216389,121773,0.5627504170729566
20000423.nc,2000-04-23,snow,216389,121773,0.5627504170729566
20000423.nc,2000-04-23,srad,216389,121773,0.5627504170729566
20000423.nc,2000-04-23,temp,216389,121773,0.5627504170729566
20000423.nc,2000-04-23,wind,216389,121773,0.5627504170729566
20000424.nc,2000-04-24,elevation,216389,121773,0.5627504170729566
20000424.nc,2000-04-24,PM2.5,216389,121773,0.5627504170729566
20000424.nc,2000-04-24,bcpr,216389,121773,0.5627504170729566
20000424.nc,2000-04-24,lrad,216389,121773,0.5627504170729566
20000424.nc,2000-04-24,prec,216389,121773,0.5627504170729566
20000424.nc,2000-04-24,pres,216389,121773,0.5627504170729566
20000424.nc,2000-04-24,rain,216389,121773,0.5627504170729566
20000424.nc,2000-04-24,rhum,216389,121773,0.5627504170729566
20000424.nc,2000-04-24,shum,216389,121773,0.5627504170729566
20000424.nc,2000-04-24,snow,216389,121773,0.5627504170729566
20000424.nc,2000-04-24,srad,216389,121773,0.5627504170729566
20000424.nc,2000-04-24,temp,216389,121773,0.5627504170729566
20000424.nc,2000-04-24,wind,216389,121773,0.5627504170729566
20000425.nc,2000-04-25,elevation,216389,121773,0.5627504170729566
20000425.nc,2000-04-25,PM2.5,216389,121773,0.5627504170729566
20000425.nc,2000-04-25,bcpr,216389,121773,0.5627504170729566
20000425.nc,2000-04-25,lrad,216389,121773,0.5627504170729566
20000425.nc,2000-04-25,prec,216389,121773,0.5627504170729566
20000425.nc,2000-04-25,pres,216389,121773,0.5627504170729566
20000425.nc,2000-04-25,rain,216389,121773,0.5627504170729566
20000425.nc,2000-04-25,rhum,216389,121773,0.5627504170729566
20000425.nc,2000-04-25,shum,216389,121773,0.5627504170729566
20000425.nc,2000-04-25,snow,216389,121773,0.5627504170729566
20000425.nc,2000-04-25,srad,216389,121773,0.5627504170729566
20000425.nc,2000-04-25,temp,216389,121773,0.5627504170729566
20000425.nc,2000-04-25,wind,216389,121773,0.5627504170729566
20000426.nc,2000-04-26,elevation,216389,121773,0.5627504170729566
20000426.nc,2000-04-26,PM2.5,216389,121773,0.5627504170729566
20000426.nc,2000-04-26,bcpr,216389,121773,0.5627504170729566
20000426.nc,2000-04-26,lrad,216389,121773,0.5627504170729566
20000426.nc,2000-04-26,prec,216389,121773,0.5627504170729566
20000426.nc,2000-04-26,pres,216389,121773,0.5627504170729566
20000426.nc,2000-04-26,rain,216389,121773,0.5627504170729566
20000426.nc,2000-04-26,rhum,216389,121773,0.5627504170729566
20000426.nc,2000-04-26,shum,216389,121773,0.5627504170729566
20000426.nc,2000-04-26,snow,216389,121773,0.5627504170729566
20000426.nc,2000-04-26,srad,216389,121773,0.5627504170729566
20000426.nc,2000-04-26,temp,216389,121773,0.5627504170729566
20000426.nc,2000-04-26,wind,216389,121773,0.5627504170729566
20000427.nc,2000-04-27,elevation,216389,121773,0.5627504170729566
20000427.nc,2000-04-27,PM2.5,216389,121773,0.5627504170729566
20000427.nc,2000-04-27,bcpr,216389,121773,0.5627504170729566
20000427.nc,2000-04-27,lrad,216389,121773,0.5627504170729566
20000427.nc,2000-04-27,prec,216389,121773,0.5627504170729566
20000427.nc,2000-04-27,pres,216389,121773,0.5627504170729566
20000427.nc,2000-04-27,rain,216389,121773,0.5627504170729566
20000427.nc,2000-04-27,rhum,216389,121773,0.5627504170729566
20000427.nc,2000-04-27,shum,216389,121773,0.5627504170729566
20000427.nc,2000-04-27,snow,216389,121773,0.5627504170729566
20000427.nc,2000-04-27,srad,216389,121773,0.5627504170729566
20000427.nc,2000-04-27,temp,216389,121773,0.5627504170729566
20000427.nc,2000-04-27,wind,216389,121773,0.5627504170729566
20000428.nc,2000-04-28,elevation,216389,121773,0.5627504170729566
20000428.nc,2000-04-28,PM2.5,216389,121773,0.5627504170729566
20000428.nc,2000-04-28,bcpr,216389,121773,0.5627504170729566
20000428.nc,2000-04-28,lrad,216389,121773,0.5627504170729566
20000428.nc,2000-04-28,prec,216389,121773,0.5627504170729566
20000428.nc,2000-04-28,pres,216389,121773,0.5627504170729566
20000428.nc,2000-04-28,rain,216389,121773,0.5627504170729566
20000428.nc,2000-04-28,rhum,216389,121773,0.5627504170729566
20000428.nc,2000-04-28,shum,216389,121773,0.5627504170729566
20000428.nc,2000-04-28,snow,216389,121773,0.5627504170729566
20000428.nc,2000-04-28,srad,216389,121773,0.5627504170729566
20000428.nc,2000-04-28,temp,216389,121773,0.5627504170729566
20000428.nc,2000-04-28,wind,216389,121773,0.5627504170729566
20000429.nc,2000-04-29,elevation,216389,121773,0.5627504170729566
20000429.nc,2000-04-29,PM2.5,216389,121773,0.5627504170729566
20000429.nc,2000-04-29,bcpr,216389,121773,0.5627504170729566
20000429.nc,2000-04-29,lrad,216389,121773,0.5627504170729566
20000429.nc,2000-04-29,prec,216389,121773,0.5627504170729566
20000429.nc,2000-04-29,pres,216389,121773,0.5627504170729566
20000429.nc,2000-04-29,rain,216389,121773,0.5627504170729566
20000429.nc,2000-04-29,rhum,216389,121773,0.5627504170729566
20000429.nc,2000-04-29,shum,216389,121773,0.5627504170729566
20000429.nc,2000-04-29,snow,216389,121773,0.5627504170729566
20000429.nc,2000-04-29,srad,216389,121773,0.5627504170729566
20000429.nc,2000-04-29,temp,216389,121773,0.5627504170729566
20000429.nc,2000-04-29,wind,216389,121773,0.5627504170729566
20000430.nc,2000-04-30,elevation,216389,121773,0.5627504170729566
20000430.nc,2000-04-30,PM2.5,216389,121773,0.5627504170729566
20000430.nc,2000-04-30,bcpr,216389,121773,0.5627504170729566
20000430.nc,2000-04-30,lrad,216389,121773,0.5627504170729566
20000430.nc,2000-04-30,prec,216389,121773,0.5627504170729566
20000430.nc,2000-04-30,pres,216389,121773,0.5627504170729566
20000430.nc,2000-04-30,rain,216389,121773,0.5627504170729566
20000430.nc,2000-04-30,rhum,216389,121773,0.5627504170729566
20000430.nc,2000-04-30,shum,216389,121773,0.5627504170729566
20000430.nc,2000-04-30,snow,216389,121773,0.5627504170729566
20000430.nc,2000-04-30,srad,216389,121773,0.5627504170729566
20000430.nc,2000-04-30,temp,216389,121773,0.5627504170729566
20000430.nc,2000-04-30,wind,216389,121773,0.5627504170729566
20000501.nc,2000-05-01,elevation,216389,121773,0.5627504170729566
20000501.nc,2000-05-01,PM2.5,216389,121773,0.5627504170729566
20000501.nc,2000-05-01,bcpr,216389,121773,0.5627504170729566
20000501.nc,2000-05-01,lrad,216389,121773,0.5627504170729566
20000501.nc,2000-05-01,prec,216389,121773,0.5627504170729566
20000501.nc,2000-05-01,pres,216389,121773,0.5627504170729566
20000501.nc,2000-05-01,rain,216389,121773,0.5627504170729566
20000501.nc,2000-05-01,rhum,216389,121773,0.5627504170729566
20000501.nc,2000-05-01,shum,216389,121773,0.5627504170729566
20000501.nc,2000-05-01,snow,216389,121773,0.5627504170729566
20000501.nc,2000-05-01,srad,216389,121773,0.5627504170729566
20000501.nc,2000-05-01,temp,216389,121773,0.5627504170729566
20000501.nc,2000-05-01,wind,216389,121773,0.5627504170729566
20000502.nc,2000-05-02,elevation,216389,121773,0.5627504170729566
20000502.nc,2000-05-02,PM2.5,216389,121773,0.5627504170729566
20000502.nc,2000-05-02,bcpr,216389,121773,0.5627504170729566
20000502.nc,2000-05-02,lrad,216389,121773,0.5627504170729566
20000502.nc,2000-05-02,prec,216389,121773,0.5627504170729566
20000502.nc,2000-05-02,pres,216389,121773,0.5627504170729566
20000502.nc,2000-05-02,rain,216389,121773,0.5627504170729566
20000502.nc,2000-05-02,rhum,216389,121773,0.5627504170729566
20000502.nc,2000-05-02,shum,216389,121773,0.5627504170729566
20000502.nc,2000-05-02,snow,216389,121773,0.5627504170729566
20000502.nc,2000-05-02,srad,216389,121773,0.5627504170729566
20000502.nc,2000-05-02,temp,216389,121773,0.5627504170729566
20000502.nc,2000-05-02,wind,216389,121773,0.5627504170729566
20000503.nc,2000-05-03,elevation,216389,121773,0.5627504170729566
20000503.nc,2000-05-03,PM2.5,216389,121773,0.5627504170729566
20000503.nc,2000-05-03,bcpr,216389,121773,0.5627504170729566
20000503.nc,2000-05-03,lrad,216389,121773,0.5627504170729566
20000503.nc,2000-05-03,prec,216389,121773,0.5627504170729566
20000503.nc,2000-05-03,pres,216389,121773,0.5627504170729566
20000503.nc,2000-05-03,rain,216389,121773,0.5627504170729566
20000503.nc,2000-05-03,rhum,216389,121773,0.5627504170729566
20000503.nc,2000-05-03,shum,216389,121773,0.5627504170729566
20000503.nc,2000-05-03,snow,216389,121773,0.5627504170729566
20000503.nc,2000-05-03,srad,216389,121773,0.5627504170729566
20000503.nc,2000-05-03,temp,216389,121773,0.5627504170729566
20000503.nc,2000-05-03,wind,216389,121773,0.5627504170729566
20000504.nc,2000-05-04,elevation,216389,121773,0.5627504170729566
20000504.nc,2000-05-04,PM2.5,216389,121773,0.5627504170729566
20000504.nc,2000-05-04,bcpr,216389,121773,0.5627504170729566
20000504.nc,2000-05-04,lrad,216389,121773,0.5627504170729566
20000504.nc,2000-05-04,prec,216389,121773,0.5627504170729566
20000504.nc,2000-05-04,pres,216389,121773,0.5627504170729566
20000504.nc,2000-05-04,rain,216389,121773,0.5627504170729566
20000504.nc,2000-05-04,rhum,216389,121773,0.5627504170729566
20000504.nc,2000-05-04,shum,216389,121773,0.5627504170729566
20000504.nc,2000-05-04,snow,216389,121773,0.5627504170729566
20000504.nc,2000-05-04,srad,216389,121773,0.5627504170729566
20000504.nc,2000-05-04,temp,216389,121773,0.5627504170729566
20000504.nc,2000-05-04,wind,216389,121773,0.5627504170729566
20000505.nc,2000-05-05,elevation,216389,121773,0.5627504170729566
20000505.nc,2000-05-05,PM2.5,216389,121773,0.5627504170729566
20000505.nc,2000-05-05,bcpr,216389,121773,0.5627504170729566
20000505.nc,2000-05-05,lrad,216389,121773,0.5627504170729566
20000505.nc,2000-05-05,prec,216389,121773,0.5627504170729566
20000505.nc,2000-05-05,pres,216389,121773,0.5627504170729566
20000505.nc,2000-05-05,rain,216389,121773,0.5627504170729566
20000505.nc,2000-05-05,rhum,216389,121773,0.5627504170729566
20000505.nc,2000-05-05,shum,216389,121773,0.5627504170729566
20000505.nc,2000-05-05,snow,216389,121773,0.5627504170729566
20000505.nc,2000-05-05,srad,216389,121773,0.5627504170729566
20000505.nc,2000-05-05,temp,216389,121773,0.5627504170729566
20000505.nc,2000-05-05,wind,216389,121773,0.5627504170729566
20000506.nc,2000-05-06,elevation,216389,121773,0.5627504170729566
20000506.nc,2000-05-06,PM2.5,216389,121773,0.5627504170729566
20000506.nc,2000-05-06,bcpr,216389,121773,0.5627504170729566
20000506.nc,2000-05-06,lrad,216389,121773,0.5627504170729566
20000506.nc,2000-05-06,prec,216389,121773,0.5627504170729566
20000506.nc,2000-05-06,pres,216389,121773,0.5627504170729566
20000506.nc,2000-05-06,rain,216389,121773,0.5627504170729566
20000506.nc,2000-05-06,rhum,216389,121773,0.5627504170729566
20000506.nc,2000-05-06,shum,216389,121773,0.5627504170729566
20000506.nc,2000-05-06,snow,216389,121773,0.5627504170729566
20000506.nc,2000-05-06,srad,216389,121773,0.5627504170729566
20000506.nc,2000-05-06,temp,216389,121773,0.5627504170729566
20000506.nc,2000-05-06,wind,216389,121773,0.5627504170729566
20000507.nc,2000-05-07,elevation,216389,121773,0.5627504170729566
20000507.nc,2000-05-07,PM2.5,216389,121773,0.5627504170729566
20000507.nc,2000-05-07,bcpr,216389,121773,0.5627504170729566
20000507.nc,2000-05-07,lrad,216389,121773,0.5627504170729566
20000507.nc,2000-05-07,prec,216389,121773,0.5627504170729566
20000507.nc,2000-05-07,pres,216389,121773,0.5627504170729566
20000507.nc,2000-05-07,rain,216389,121773,0.5627504170729566
20000507.nc,2000-05-07,rhum,216389,121773,0.5627504170729566
20000507.nc,2000-05-07,shum,216389,121773,0.5627504170729566
20000507.nc,2000-05-07,snow,216389,121773,0.5627504170729566
20000507.nc,2000-05-07,srad,216389,121773,0.5627504170729566
20000507.nc,2000-05-07,temp,216389,121773,0.5627504170729566
20000507.nc,2000-05-07,wind,216389,121773,0.5627504170729566
20000508.nc,2000-05-08,elevation,216389,121773,0.5627504170729566
20000508.nc,2000-05-08,PM2.5,216389,121773,0.5627504170729566
20000508.nc,2000-05-08,bcpr,216389,121773,0.5627504170729566
20000508.nc,2000-05-08,lrad,216389,121773,0.5627504170729566
20000508.nc,2000-05-08,prec,216389,121773,0.5627504170729566
20000508.nc,2000-05-08,pres,216389,121773,0.5627504170729566
20000508.nc,2000-05-08,rain,216389,121773,0.5627504170729566
20000508.nc,2000-05-08,rhum,216389,121773,0.5627504170729566
20000508.nc,2000-05-08,shum,216389,121773,0.5627504170729566
20000508.nc,2000-05-08,snow,216389,121773,0.5627504170729566
20000508.nc,2000-05-08,srad,216389,121773,0.5627504170729566
20000508.nc,2000-05-08,temp,216389,121773,0.5627504170729566
20000508.nc,2000-05-08,wind,216389,121773,0.5627504170729566
20000509.nc,2000-05-09,elevation,216389,121773,0.5627504170729566
20000509.nc,2000-05-09,PM2.5,216389,121773,0.5627504170729566
20000509.nc,2000-05-09,bcpr,216389,121773,0.5627504170729566
20000509.nc,2000-05-09,lrad,216389,121773,0.5627504170729566
20000509.nc,2000-05-09,prec,216389,121773,0.5627504170729566
20000509.nc,2000-05-09,pres,216389,121773,0.5627504170729566
20000509.nc,2000-05-09,rain,216389,121773,0.5627504170729566
20000509.nc,2000-05-09,rhum,216389,121773,0.5627504170729566
20000509.nc,2000-05-09,shum,216389,121773,0.5627504170729566
20000509.nc,2000-05-09,snow,216389,121773,0.5627504170729566
20000509.nc,2000-05-09,srad,216389,121773,0.5627504170729566
20000509.nc,2000-05-09,temp,216389,121773,0.5627504170729566
20000509.nc,2000-05-09,wind,216389,121773,0.5627504170729566
20000510.nc,2000-05-10,elevation,216389,121773,0.5627504170729566
20000510.nc,2000-05-10,PM2.5,216389,121773,0.5627504170729566
20000510.nc,2000-05-10,bcpr,216389,121773,0.5627504170729566
20000510.nc,2000-05-10,lrad,216389,121773,0.5627504170729566
20000510.nc,2000-05-10,prec,216389,121773,0.5627504170729566
20000510.nc,2000-05-10,pres,216389,121773,0.5627504170729566
20000510.nc,2000-05-10,rain,216389,121773,0.5627504170729566
20000510.nc,2000-05-10,rhum,216389,121773,0.5627504170729566
20000510.nc,2000-05-10,shum,216389,121773,0.5627504170729566
20000510.nc,2000-05-10,snow,216389,121773,0.5627504170729566
20000510.nc,2000-05-10,srad,216389,121773,0.5627504170729566
20000510.nc,2000-05-10,temp,216389,121773,0.5627504170729566
20000510.nc,2000-05-10,wind,216389,121773,0.5627504170729566
20000511.nc,2000-05-11,elevation,216389,121773,0.5627504170729566
20000511.nc,2000-05-11,PM2.5,216389,121773,0.5627504170729566
20000511.nc,2000-05-11,bcpr,216389,121773,0.5627504170729566
20000511.nc,2000-05-11,lrad,216389,121773,0.5627504170729566
20000511.nc,2000-05-11,prec,216389,121773,0.5627504170729566
20000511.nc,2000-05-11,pres,216389,121773,0.5627504170729566
20000511.nc,2000-05-11,rain,216389,121773,0.5627504170729566
20000511.nc,2000-05-11,rhum,216389,121773,0.5627504170729566
20000511.nc,2000-05-11,shum,216389,121773,0.5627504170729566
20000511.nc,2000-05-11,snow,216389,121773,0.5627504170729566
20000511.nc,2000-05-11,srad,216389,121773,0.5627504170729566
20000511.nc,2000-05-11,temp,216389,121773,0.5627504170729566
20000511.nc,2000-05-11,wind,216389,121773,0.5627504170729566
20000512.nc,2000-05-12,elevation,216389,121773,0.5627504170729566
20000512.nc,2000-05-12,PM2.5,216389,121773,0.5627504170729566
20000512.nc,2000-05-12,bcpr,216389,121773,0.5627504170729566
20000512.nc,2000-05-12,lrad,216389,121773,0.5627504170729566
20000512.nc,2000-05-12,prec,216389,121773,0.5627504170729566
20000512.nc,2000-05-12,pres,216389,121773,0.5627504170729566
20000512.nc,2000-05-12,rain,216389,121773,0.5627504170729566
20000512.nc,2000-05-12,rhum,216389,121773,0.5627504170729566
20000512.nc,2000-05-12,shum,216389,121773,0.5627504170729566
20000512.nc,2000-05-12,snow,216389,121773,0.5627504170729566
20000512.nc,2000-05-12,srad,216389,121773,0.5627504170729566
20000512.nc,2000-05-12,temp,216389,121773,0.5627504170729566
20000512.nc,2000-05-12,wind,216389,121773,0.5627504170729566
20000513.nc,2000-05-13,elevation,216389,121773,0.5627504170729566
20000513.nc,2000-05-13,PM2.5,216389,121773,0.5627504170729566
20000513.nc,2000-05-13,bcpr,216389,121773,0.5627504170729566
20000513.nc,2000-05-13,lrad,216389,121773,0.5627504170729566
20000513.nc,2000-05-13,prec,216389,121773,0.5627504170729566
20000513.nc,2000-05-13,pres,216389,121773,0.5627504170729566
20000513.nc,2000-05-13,rain,216389,121773,0.5627504170729566
20000513.nc,2000-05-13,rhum,216389,121773,0.5627504170729566
20000513.nc,2000-05-13,shum,216389,121773,0.5627504170729566
20000513.nc,2000-05-13,snow,216389,121773,0.5627504170729566
20000513.nc,2000-05-13,srad,216389,121773,0.5627504170729566
20000513.nc,2000-05-13,temp,216389,121773,0.5627504170729566
20000513.nc,2000-05-13,wind,216389,121773,0.5627504170729566
20000514.nc,2000-05-14,elevation,216389,121773,0.5627504170729566
20000514.nc,2000-05-14,PM2.5,216389,121773,0.5627504170729566
20000514.nc,2000-05-14,bcpr,216389,121773,0.5627504170729566
20000514.nc,2000-05-14,lrad,216389,121773,0.5627504170729566
20000514.nc,2000-05-14,prec,216389,121773,0.5627504170729566
20000514.nc,2000-05-14,pres,216389,121773,0.5627504170729566
20000514.nc,2000-05-14,rain,216389,121773,0.5627504170729566
20000514.nc,2000-05-14,rhum,216389,121773,0.5627504170729566
20000514.nc,2000-05-14,shum,216389,121773,0.5627504170729566
20000514.nc,2000-05-14,snow,216389,121773,0.5627504170729566
20000514.nc,2000-05-14,srad,216389,121773,0.5627504170729566
20000514.nc,2000-05-14,temp,216389,121773,0.5627504170729566
20000514.nc,2000-05-14,wind,216389,121773,0.5627504170729566
20000515.nc,2000-05-15,elevation,216389,121773,0.5627504170729566
20000515.nc,2000-05-15,PM2.5,216389,121773,0.5627504170729566
20000515.nc,2000-05-15,bcpr,216389,121773,0.5627504170729566
20000515.nc,2000-05-15,lrad,216389,121773,0.5627504170729566
20000515.nc,2000-05-15,prec,216389,121773,0.5627504170729566
20000515.nc,2000-05-15,pres,216389,121773,0.5627504170729566
20000515.nc,2000-05-15,rain,216389,121773,0.5627504170729566
20000515.nc,2000-05-15,rhum,216389,121773,0.5627504170729566
20000515.nc,2000-05-15,shum,216389,121773,0.5627504170729566
20000515.nc,2000-05-15,snow,216389,121773,0.5627504170729566
20000515.nc,2000-05-15,srad,216389,121773,0.5627504170729566
20000515.nc,2000-05-15,temp,216389,121773,0.5627504170729566
20000515.nc,2000-05-15,wind,216389,121773,0.5627504170729566
20000516.nc,2000-05-16,elevation,216389,121773,0.5627504170729566
20000516.nc,2000-05-16,PM2.5,216389,121773,0.5627504170729566
20000516.nc,2000-05-16,bcpr,216389,121773,0.5627504170729566
20000516.nc,2000-05-16,lrad,216389,121773,0.5627504170729566
20000516.nc,2000-05-16,prec,216389,121773,0.5627504170729566
20000516.nc,2000-05-16,pres,216389,121773,0.5627504170729566
20000516.nc,2000-05-16,rain,216389,121773,0.5627504170729566
20000516.nc,2000-05-16,rhum,216389,121773,0.5627504170729566
20000516.nc,2000-05-16,shum,216389,121773,0.5627504170729566
20000516.nc,2000-05-16,snow,216389,121773,0.5627504170729566
20000516.nc,2000-05-16,srad,216389,121773,0.5627504170729566
20000516.nc,2000-05-16,temp,216389,121773,0.5627504170729566
20000516.nc,2000-05-16,wind,216389,121773,0.5627504170729566
20000517.nc,2000-05-17,elevation,216389,121773,0.5627504170729566
20000517.nc,2000-05-17,PM2.5,216389,121773,0.5627504170729566
20000517.nc,2000-05-17,bcpr,216389,121773,0.5627504170729566
20000517.nc,2000-05-17,lrad,216389,121773,0.5627504170729566
20000517.nc,2000-05-17,prec,216389,121773,0.5627504170729566
20000517.nc,2000-05-17,pres,216389,121773,0.5627504170729566
20000517.nc,2000-05-17,rain,216389,121773,0.5627504170729566
20000517.nc,2000-05-17,rhum,216389,121773,0.5627504170729566
20000517.nc,2000-05-17,shum,216389,121773,0.5627504170729566
20000517.nc,2000-05-17,snow,216389,121773,0.5627504170729566
20000517.nc,2000-05-17,srad,216389,121773,0.5627504170729566
20000517.nc,2000-05-17,temp,216389,121773,0.5627504170729566
20000517.nc,2000-05-17,wind,216389,121773,0.5627504170729566
20000518.nc,2000-05-18,elevation,216389,121773,0.5627504170729566
20000518.nc,2000-05-18,PM2.5,216389,121773,0.5627504170729566
20000518.nc,2000-05-18,bcpr,216389,121773,0.5627504170729566
20000518.nc,2000-05-18,lrad,216389,121773,0.5627504170729566
20000518.nc,2000-05-18,prec,216389,121773,0.5627504170729566
20000518.nc,2000-05-18,pres,216389,121773,0.5627504170729566
20000518.nc,2000-05-18,rain,216389,121773,0.5627504170729566
20000518.nc,2000-05-18,rhum,216389,121773,0.5627504170729566
20000518.nc,2000-05-18,shum,216389,121773,0.5627504170729566
20000518.nc,2000-05-18,snow,216389,121773,0.5627504170729566
20000518.nc,2000-05-18,srad,216389,121773,0.5627504170729566
20000518.nc,2000-05-18,temp,216389,121773,0.5627504170729566
20000518.nc,2000-05-18,wind,216389,121773,0.5627504170729566
20000519.nc,2000-05-19,elevation,216389,121773,0.5627504170729566
20000519.nc,2000-05-19,PM2.5,216389,121773,0.5627504170729566
20000519.nc,2000-05-19,bcpr,216389,121773,0.5627504170729566
20000519.nc,2000-05-19,lrad,216389,121773,0.5627504170729566
20000519.nc,2000-05-19,prec,216389,121773,0.5627504170729566
20000519.nc,2000-05-19,pres,216389,121773,0.5627504170729566
20000519.nc,2000-05-19,rain,216389,121773,0.5627504170729566
20000519.nc,2000-05-19,rhum,216389,121773,0.5627504170729566
20000519.nc,2000-05-19,shum,216389,121773,0.5627504170729566
20000519.nc,2000-05-19,snow,216389,121773,0.5627504170729566
20000519.nc,2000-05-19,srad,216389,121773,0.5627504170729566
20000519.nc,2000-05-19,temp,216389,121773,0.5627504170729566
20000519.nc,2000-05-19,wind,216389,121773,0.5627504170729566
20000520.nc,2000-05-20,elevation,216389,121773,0.5627504170729566
20000520.nc,2000-05-20,PM2.5,216389,121773,0.5627504170729566
20000520.nc,2000-05-20,bcpr,216389,121773,0.5627504170729566
20000520.nc,2000-05-20,lrad,216389,121773,0.5627504170729566
20000520.nc,2000-05-20,prec,216389,121773,0.5627504170729566
20000520.nc,2000-05-20,pres,216389,121773,0.5627504170729566
20000520.nc,2000-05-20,rain,216389,121773,0.5627504170729566
20000520.nc,2000-05-20,rhum,216389,121773,0.5627504170729566
20000520.nc,2000-05-20,shum,216389,121773,0.5627504170729566
20000520.nc,2000-05-20,snow,216389,121773,0.5627504170729566
20000520.nc,2000-05-20,srad,216389,121773,0.5627504170729566
20000520.nc,2000-05-20,temp,216389,121773,0.5627504170729566
20000520.nc,2000-05-20,wind,216389,121773,0.5627504170729566
20000521.nc,2000-05-21,elevation,216389,121773,0.5627504170729566
20000521.nc,2000-05-21,PM2.5,216389,121773,0.5627504170729566
20000521.nc,2000-05-21,bcpr,216389,121773,0.5627504170729566
20000521.nc,2000-05-21,lrad,216389,121773,0.5627504170729566
20000521.nc,2000-05-21,prec,216389,121773,0.5627504170729566
20000521.nc,2000-05-21,pres,216389,121773,0.5627504170729566
20000521.nc,2000-05-21,rain,216389,121773,0.5627504170729566
20000521.nc,2000-05-21,rhum,216389,121773,0.5627504170729566
20000521.nc,2000-05-21,shum,216389,121773,0.5627504170729566
20000521.nc,2000-05-21,snow,216389,121773,0.5627504170729566
20000521.nc,2000-05-21,srad,216389,121773,0.5627504170729566
20000521.nc,2000-05-21,temp,216389,121773,0.5627504170729566
20000521.nc,2000-05-21,wind,216389,121773,0.5627504170729566
20000522.nc,2000-05-22,elevation,216389,121773,0.5627504170729566
20000522.nc,2000-05-22,PM2.5,216389,121773,0.5627504170729566
20000522.nc,2000-05-22,bcpr,216389,121773,0.5627504170729566
20000522.nc,2000-05-22,lrad,216389,121773,0.5627504170729566
20000522.nc,2000-05-22,prec,216389,121773,0.5627504170729566
20000522.nc,2000-05-22,pres,216389,121773,0.5627504170729566
20000522.nc,2000-05-22,rain,216389,121773,0.5627504170729566
20000522.nc,2000-05-22,rhum,216389,121773,0.5627504170729566
20000522.nc,2000-05-22,shum,216389,121773,0.5627504170729566
20000522.nc,2000-05-22,snow,216389,121773,0.5627504170729566
20000522.nc,2000-05-22,srad,216389,121773,0.5627504170729566
20000522.nc,2000-05-22,temp,216389,121773,0.5627504170729566
20000522.nc,2000-05-22,wind,216389,121773,0.5627504170729566
20000523.nc,2000-05-23,elevation,216389,121773,0.5627504170729566
20000523.nc,2000-05-23,PM2.5,216389,121773,0.5627504170729566
20000523.nc,2000-05-23,bcpr,216389,121773,0.5627504170729566
20000523.nc,2000-05-23,lrad,216389,121773,0.5627504170729566
20000523.nc,2000-05-23,prec,216389,121773,0.5627504170729566
20000523.nc,2000-05-23,pres,216389,121773,0.5627504170729566
20000523.nc,2000-05-23,rain,216389,121773,0.5627504170729566
20000523.nc,2000-05-23,rhum,216389,121773,0.5627504170729566
20000523.nc,2000-05-23,shum,216389,121773,0.5627504170729566
20000523.nc,2000-05-23,snow,216389,121773,0.5627504170729566
20000523.nc,2000-05-23,srad,216389,121773,0.5627504170729566
20000523.nc,2000-05-23,temp,216389,121773,0.5627504170729566
20000523.nc,2000-05-23,wind,216389,121773,0.5627504170729566
20000524.nc,2000-05-24,elevation,216389,121773,0.5627504170729566
20000524.nc,2000-05-24,PM2.5,216389,121773,0.5627504170729566
20000524.nc,2000-05-24,bcpr,216389,121773,0.5627504170729566
20000524.nc,2000-05-24,lrad,216389,121773,0.5627504170729566
20000524.nc,2000-05-24,prec,216389,121773,0.5627504170729566
20000524.nc,2000-05-24,pres,216389,121773,0.5627504170729566
20000524.nc,2000-05-24,rain,216389,121773,0.5627504170729566
20000524.nc,2000-05-24,rhum,216389,121773,0.5627504170729566
20000524.nc,2000-05-24,shum,216389,121773,0.5627504170729566
20000524.nc,2000-05-24,snow,216389,121773,0.5627504170729566
20000524.nc,2000-05-24,srad,216389,121773,0.5627504170729566
20000524.nc,2000-05-24,temp,216389,121773,0.5627504170729566
20000524.nc,2000-05-24,wind,216389,121773,0.5627504170729566
20000525.nc,2000-05-25,elevation,216389,121773,0.5627504170729566
20000525.nc,2000-05-25,PM2.5,216389,121773,0.5627504170729566
20000525.nc,2000-05-25,bcpr,216389,121773,0.5627504170729566
20000525.nc,2000-05-25,lrad,216389,121773,0.5627504170729566
20000525.nc,2000-05-25,prec,216389,121773,0.5627504170729566
20000525.nc,2000-05-25,pres,216389,121773,0.5627504170729566
20000525.nc,2000-05-25,rain,216389,121773,0.5627504170729566
20000525.nc,2000-05-25,rhum,216389,121773,0.5627504170729566
20000525.nc,2000-05-25,shum,216389,121773,0.5627504170729566
20000525.nc,2000-05-25,snow,216389,121773,0.5627504170729566
20000525.nc,2000-05-25,srad,216389,121773,0.5627504170729566
20000525.nc,2000-05-25,temp,216389,121773,0.5627504170729566
20000525.nc,2000-05-25,wind,216389,121773,0.5627504170729566
20000526.nc,2000-05-26,elevation,216389,121773,0.5627504170729566
20000526.nc,2000-05-26,PM2.5,216389,121773,0.5627504170729566
20000526.nc,2000-05-26,bcpr,216389,121773,0.5627504170729566
20000526.nc,2000-05-26,lrad,216389,121773,0.5627504170729566
20000526.nc,2000-05-26,prec,216389,121773,0.5627504170729566
20000526.nc,2000-05-26,pres,216389,121773,0.5627504170729566
20000526.nc,2000-05-26,rain,216389,121773,0.5627504170729566
20000526.nc,2000-05-26,rhum,216389,121773,0.5627504170729566
20000526.nc,2000-05-26,shum,216389,121773,0.5627504170729566
20000526.nc,2000-05-26,snow,216389,121773,0.5627504170729566
20000526.nc,2000-05-26,srad,216389,121773,0.5627504170729566
20000526.nc,2000-05-26,temp,216389,121773,0.5627504170729566
20000526.nc,2000-05-26,wind,216389,121773,0.5627504170729566
20000527.nc,2000-05-27,elevation,216389,121773,0.5627504170729566
20000527.nc,2000-05-27,PM2.5,216389,121773,0.5627504170729566
20000527.nc,2000-05-27,bcpr,216389,121773,0.5627504170729566
20000527.nc,2000-05-27,lrad,216389,121773,0.5627504170729566
20000527.nc,2000-05-27,prec,216389,121773,0.5627504170729566
20000527.nc,2000-05-27,pres,216389,121773,0.5627504170729566
20000527.nc,2000-05-27,rain,216389,121773,0.5627504170729566
20000527.nc,2000-05-27,rhum,216389,121773,0.5627504170729566
20000527.nc,2000-05-27,shum,216389,121773,0.5627504170729566
20000527.nc,2000-05-27,snow,216389,121773,0.5627504170729566
20000527.nc,2000-05-27,srad,216389,121773,0.5627504170729566
20000527.nc,2000-05-27,temp,216389,121773,0.5627504170729566
20000527.nc,2000-05-27,wind,216389,121773,0.5627504170729566
20000528.nc,2000-05-28,elevation,216389,121773,0.5627504170729566
20000528.nc,2000-05-28,PM2.5,216389,121773,0.5627504170729566
20000528.nc,2000-05-28,bcpr,216389,121773,0.5627504170729566
20000528.nc,2000-05-28,lrad,216389,121773,0.5627504170729566
20000528.nc,2000-05-28,prec,216389,121773,0.5627504170729566
20000528.nc,2000-05-28,pres,216389,121773,0.5627504170729566
20000528.nc,2000-05-28,rain,216389,121773,0.5627504170729566
20000528.nc,2000-05-28,rhum,216389,121773,0.5627504170729566
20000528.nc,2000-05-28,shum,216389,121773,0.5627504170729566
20000528.nc,2000-05-28,snow,216389,121773,0.5627504170729566
20000528.nc,2000-05-28,srad,216389,121773,0.5627504170729566
20000528.nc,2000-05-28,temp,216389,121773,0.5627504170729566
20000528.nc,2000-05-28,wind,216389,121773,0.5627504170729566
20000529.nc,2000-05-29,elevation,216389,121773,0.5627504170729566
20000529.nc,2000-05-29,PM2.5,216389,121773,0.5627504170729566
20000529.nc,2000-05-29,bcpr,216389,121773,0.5627504170729566
20000529.nc,2000-05-29,lrad,216389,121773,0.5627504170729566
20000529.nc,2000-05-29,prec,216389,121773,0.5627504170729566
20000529.nc,2000-05-29,pres,216389,121773,0.5627504170729566
20000529.nc,2000-05-29,rain,216389,121773,0.5627504170729566
20000529.nc,2000-05-29,rhum,216389,121773,0.5627504170729566
20000529.nc,2000-05-29,shum,216389,121773,0.5627504170729566
20000529.nc,2000-05-29,snow,216389,121773,0.5627504170729566
20000529.nc,2000-05-29,srad,216389,121773,0.5627504170729566
20000529.nc,2000-05-29,temp,216389,121773,0.5627504170729566
20000529.nc,2000-05-29,wind,216389,121773,0.5627504170729566
20000530.nc,2000-05-30,elevation,216389,121773,0.5627504170729566
20000530.nc,2000-05-30,PM2.5,216389,121773,0.5627504170729566
20000530.nc,2000-05-30,bcpr,216389,121773,0.5627504170729566
20000530.nc,2000-05-30,lrad,216389,121773,0.5627504170729566
20000530.nc,2000-05-30,prec,216389,121773,0.5627504170729566
20000530.nc,2000-05-30,pres,216389,121773,0.5627504170729566
20000530.nc,2000-05-30,rain,216389,121773,0.5627504170729566
20000530.nc,2000-05-30,rhum,216389,121773,0.5627504170729566
20000530.nc,2000-05-30,shum,216389,121773,0.5627504170729566
20000530.nc,2000-05-30,snow,216389,121773,0.5627504170729566
20000530.nc,2000-05-30,srad,216389,121773,0.5627504170729566
20000530.nc,2000-05-30,temp,216389,121773,0.5627504170729566
20000530.nc,2000-05-30,wind,216389,121773,0.5627504170729566
20000531.nc,2000-05-31,elevation,216389,121773,0.5627504170729566
20000531.nc,2000-05-31,PM2.5,216389,121773,0.5627504170729566
20000531.nc,2000-05-31,bcpr,216389,121773,0.5627504170729566
20000531.nc,2000-05-31,lrad,216389,121773,0.5627504170729566
20000531.nc,2000-05-31,prec,216389,121773,0.5627504170729566
20000531.nc,2000-05-31,pres,216389,121773,0.5627504170729566
20000531.nc,2000-05-31,rain,216389,121773,0.5627504170729566
20000531.nc,2000-05-31,rhum,216389,121773,0.5627504170729566
20000531.nc,2000-05-31,shum,216389,121773,0.5627504170729566
20000531.nc,2000-05-31,snow,216389,121773,0.5627504170729566
20000531.nc,2000-05-31,srad,216389,121773,0.5627504170729566
20000531.nc,2000-05-31,temp,216389,121773,0.5627504170729566
20000531.nc,2000-05-31,wind,216389,121773,0.5627504170729566
20000601.nc,2000-06-01,elevation,216389,121773,0.5627504170729566
20000601.nc,2000-06-01,PM2.5,216389,121773,0.5627504170729566
20000601.nc,2000-06-01,bcpr,216389,121773,0.5627504170729566
20000601.nc,2000-06-01,lrad,216389,121773,0.5627504170729566
20000601.nc,2000-06-01,prec,216389,121773,0.5627504170729566
20000601.nc,2000-06-01,pres,216389,121773,0.5627504170729566
20000601.nc,2000-06-01,rain,216389,121773,0.5627504170729566
20000601.nc,2000-06-01,rhum,216389,121773,0.5627504170729566
20000601.nc,2000-06-01,shum,216389,121773,0.5627504170729566
20000601.nc,2000-06-01,snow,216389,121773,0.5627504170729566
20000601.nc,2000-06-01,srad,216389,121773,0.5627504170729566
20000601.nc,2000-06-01,temp,216389,121773,0.5627504170729566
20000601.nc,2000-06-01,wind,216389,121773,0.5627504170729566
20000602.nc,2000-06-02,elevation,216389,121773,0.5627504170729566
20000602.nc,2000-06-02,PM2.5,216389,121773,0.5627504170729566
20000602.nc,2000-06-02,bcpr,216389,121773,0.5627504170729566
20000602.nc,2000-06-02,lrad,216389,121773,0.5627504170729566
20000602.nc,2000-06-02,prec,216389,121773,0.5627504170729566
20000602.nc,2000-06-02,pres,216389,121773,0.5627504170729566
20000602.nc,2000-06-02,rain,216389,121773,0.5627504170729566
20000602.nc,2000-06-02,rhum,216389,121773,0.5627504170729566
20000602.nc,2000-06-02,shum,216389,121773,0.5627504170729566
20000602.nc,2000-06-02,snow,216389,121773,0.5627504170729566
20000602.nc,2000-06-02,srad,216389,121773,0.5627504170729566
20000602.nc,2000-06-02,temp,216389,121773,0.5627504170729566
20000602.nc,2000-06-02,wind,216389,121773,0.5627504170729566
20000603.nc,2000-06-03,elevation,216389,121773,0.5627504170729566
20000603.nc,2000-06-03,PM2.5,216389,121773,0.5627504170729566
20000603.nc,2000-06-03,bcpr,216389,121773,0.5627504170729566
20000603.nc,2000-06-03,lrad,216389,121773,0.5627504170729566
20000603.nc,2000-06-03,prec,216389,121773,0.5627504170729566
20000603.nc,2000-06-03,pres,216389,121773,0.5627504170729566
20000603.nc,2000-06-03,rain,216389,121773,0.5627504170729566
20000603.nc,2000-06-03,rhum,216389,121773,0.5627504170729566
20000603.nc,2000-06-03,shum,216389,121773,0.5627504170729566
20000603.nc,2000-06-03,snow,216389,121773,0.5627504170729566
20000603.nc,2000-06-03,srad,216389,121773,0.5627504170729566
20000603.nc,2000-06-03,temp,216389,121773,0.5627504170729566
20000603.nc,2000-06-03,wind,216389,121773,0.5627504170729566
20000604.nc,2000-06-04,elevation,216389,121773,0.5627504170729566
20000604.nc,2000-06-04,PM2.5,216389,121773,0.5627504170729566
20000604.nc,2000-06-04,bcpr,216389,121773,0.5627504170729566
20000604.nc,2000-06-04,lrad,216389,121773,0.5627504170729566
20000604.nc,2000-06-04,prec,216389,121773,0.5627504170729566
20000604.nc,2000-06-04,pres,216389,121773,0.5627504170729566
20000604.nc,2000-06-04,rain,216389,121773,0.5627504170729566
20000604.nc,2000-06-04,rhum,216389,121773,0.5627504170729566
20000604.nc,2000-06-04,shum,216389,121773,0.5627504170729566
20000604.nc,2000-06-04,snow,216389,121773,0.5627504170729566
20000604.nc,2000-06-04,srad,216389,121773,0.5627504170729566
20000604.nc,2000-06-04,temp,216389,121773,0.5627504170729566
20000604.nc,2000-06-04,wind,216389,121773,0.5627504170729566
20000605.nc,2000-06-05,elevation,216389,121773,0.5627504170729566
20000605.nc,2000-06-05,PM2.5,216389,121773,0.5627504170729566
20000605.nc,2000-06-05,bcpr,216389,121773,0.5627504170729566
20000605.nc,2000-06-05,lrad,216389,121773,0.5627504170729566
20000605.nc,2000-06-05,prec,216389,121773,0.5627504170729566
20000605.nc,2000-06-05,pres,216389,121773,0.5627504170729566
20000605.nc,2000-06-05,rain,216389,121773,0.5627504170729566
20000605.nc,2000-06-05,rhum,216389,121773,0.5627504170729566
20000605.nc,2000-06-05,shum,216389,121773,0.5627504170729566
20000605.nc,2000-06-05,snow,216389,121773,0.5627504170729566
20000605.nc,2000-06-05,srad,216389,121773,0.5627504170729566
20000605.nc,2000-06-05,temp,216389,121773,0.5627504170729566
20000605.nc,2000-06-05,wind,216389,121773,0.5627504170729566
20000606.nc,2000-06-06,elevation,216389,121773,0.5627504170729566
20000606.nc,2000-06-06,PM2.5,216389,121773,0.5627504170729566
20000606.nc,2000-06-06,bcpr,216389,121773,0.5627504170729566
20000606.nc,2000-06-06,lrad,216389,121773,0.5627504170729566
20000606.nc,2000-06-06,prec,216389,121773,0.5627504170729566
20000606.nc,2000-06-06,pres,216389,121773,0.5627504170729566
20000606.nc,2000-06-06,rain,216389,121773,0.5627504170729566
20000606.nc,2000-06-06,rhum,216389,121773,0.5627504170729566
20000606.nc,2000-06-06,shum,216389,121773,0.5627504170729566
20000606.nc,2000-06-06,snow,216389,121773,0.5627504170729566
20000606.nc,2000-06-06,srad,216389,121773,0.5627504170729566
20000606.nc,2000-06-06,temp,216389,121773,0.5627504170729566
20000606.nc,2000-06-06,wind,216389,121773,0.5627504170729566
20000607.nc,2000-06-07,elevation,216389,121773,0.5627504170729566
20000607.nc,2000-06-07,PM2.5,216389,121773,0.5627504170729566
20000607.nc,2000-06-07,bcpr,216389,121773,0.5627504170729566
20000607.nc,2000-06-07,lrad,216389,121773,0.5627504170729566
20000607.nc,2000-06-07,prec,216389,121773,0.5627504170729566
20000607.nc,2000-06-07,pres,216389,121773,0.5627504170729566
20000607.nc,2000-06-07,rain,216389,121773,0.5627504170729566
20000607.nc,2000-06-07,rhum,216389,121773,0.5627504170729566
20000607.nc,2000-06-07,shum,216389,121773,0.5627504170729566
20000607.nc,2000-06-07,snow,216389,121773,0.5627504170729566
20000607.nc,2000-06-07,srad,216389,121773,0.5627504170729566
20000607.nc,2000-06-07,temp,216389,121773,0.5627504170729566
20000607.nc,2000-06-07,wind,216389,121773,0.5627504170729566
20000608.nc,2000-06-08,elevation,216389,121773,0.5627504170729566
20000608.nc,2000-06-08,PM2.5,216389,121773,0.5627504170729566
20000608.nc,2000-06-08,bcpr,216389,121773,0.5627504170729566
20000608.nc,2000-06-08,lrad,216389,121773,0.5627504170729566
20000608.nc,2000-06-08,prec,216389,121773,0.5627504170729566
20000608.nc,2000-06-08,pres,216389,121773,0.5627504170729566
20000608.nc,2000-06-08,rain,216389,121773,0.5627504170729566
20000608.nc,2000-06-08,rhum,216389,121773,0.5627504170729566
20000608.nc,2000-06-08,shum,216389,121773,0.5627504170729566
20000608.nc,2000-06-08,snow,216389,121773,0.5627504170729566
20000608.nc,2000-06-08,srad,216389,121773,0.5627504170729566
20000608.nc,2000-06-08,temp,216389,121773,0.5627504170729566
20000608.nc,2000-06-08,wind,216389,121773,0.5627504170729566
20000609.nc,2000-06-09,elevation,216389,121773,0.5627504170729566
20000609.nc,2000-06-09,PM2.5,216389,121773,0.5627504170729566
20000609.nc,2000-06-09,bcpr,216389,121773,0.5627504170729566
20000609.nc,2000-06-09,lrad,216389,121773,0.5627504170729566
20000609.nc,2000-06-09,prec,216389,121773,0.5627504170729566
20000609.nc,2000-06-09,pres,216389,121773,0.5627504170729566
20000609.nc,2000-06-09,rain,216389,121773,0.5627504170729566
20000609.nc,2000-06-09,rhum,216389,121773,0.5627504170729566
20000609.nc,2000-06-09,shum,216389,121773,0.5627504170729566
20000609.nc,2000-06-09,snow,216389,121773,0.5627504170729566
20000609.nc,2000-06-09,srad,216389,121773,0.5627504170729566
20000609.nc,2000-06-09,temp,216389,121773,0.5627504170729566
20000609.nc,2000-06-09,wind,216389,121773,0.5627504170729566
20000610.nc,2000-06-10,elevation,216389,121773,0.5627504170729566
20000610.nc,2000-06-10,PM2.5,216389,121773,0.5627504170729566
20000610.nc,2000-06-10,bcpr,216389,121773,0.5627504170729566
20000610.nc,2000-06-10,lrad,216389,121773,0.5627504170729566
20000610.nc,2000-06-10,prec,216389,121773,0.5627504170729566
20000610.nc,2000-06-10,pres,216389,121773,0.5627504170729566
20000610.nc,2000-06-10,rain,216389,121773,0.5627504170729566
20000610.nc,2000-06-10,rhum,216389,121773,0.5627504170729566
20000610.nc,2000-06-10,shum,216389,121773,0.5627504170729566
20000610.nc,2000-06-10,snow,216389,121773,0.5627504170729566
20000610.nc,2000-06-10,srad,216389,121773,0.5627504170729566
20000610.nc,2000-06-10,temp,216389,121773,0.5627504170729566
20000610.nc,2000-06-10,wind,216389,121773,0.5627504170729566
20000611.nc,2000-06-11,elevation,216389,121773,0.5627504170729566
20000611.nc,2000-06-11,PM2.5,216389,121773,0.5627504170729566
20000611.nc,2000-06-11,bcpr,216389,121773,0.5627504170729566
20000611.nc,2000-06-11,lrad,216389,121773,0.5627504170729566
20000611.nc,2000-06-11,prec,216389,121773,0.5627504170729566
20000611.nc,2000-06-11,pres,216389,121773,0.5627504170729566
20000611.nc,2000-06-11,rain,216389,121773,0.5627504170729566
20000611.nc,2000-06-11,rhum,216389,121773,0.5627504170729566
20000611.nc,2000-06-11,shum,216389,121773,0.5627504170729566
20000611.nc,2000-06-11,snow,216389,121773,0.5627504170729566
20000611.nc,2000-06-11,srad,216389,121773,0.5627504170729566
20000611.nc,2000-06-11,temp,216389,121773,0.5627504170729566
20000611.nc,2000-06-11,wind,216389,121773,0.5627504170729566
20000612.nc,2000-06-12,elevation,216389,121773,0.5627504170729566
20000612.nc,2000-06-12,PM2.5,216389,121773,0.5627504170729566
20000612.nc,2000-06-12,bcpr,216389,121773,0.5627504170729566
20000612.nc,2000-06-12,lrad,216389,121773,0.5627504170729566
20000612.nc,2000-06-12,prec,216389,121773,0.5627504170729566
20000612.nc,2000-06-12,pres,216389,121773,0.5627504170729566
20000612.nc,2000-06-12,rain,216389,121773,0.5627504170729566
20000612.nc,2000-06-12,rhum,216389,121773,0.5627504170729566
20000612.nc,2000-06-12,shum,216389,121773,0.5627504170729566
20000612.nc,2000-06-12,snow,216389,121773,0.5627504170729566
20000612.nc,2000-06-12,srad,216389,121773,0.5627504170729566
20000612.nc,2000-06-12,temp,216389,121773,0.5627504170729566
20000612.nc,2000-06-12,wind,216389,121773,0.5627504170729566
20000613.nc,2000-06-13,elevation,216389,121773,0.5627504170729566
20000613.nc,2000-06-13,PM2.5,216389,121773,0.5627504170729566
20000613.nc,2000-06-13,bcpr,216389,121773,0.5627504170729566
20000613.nc,2000-06-13,lrad,216389,121773,0.5627504170729566
20000613.nc,2000-06-13,prec,216389,121773,0.5627504170729566
20000613.nc,2000-06-13,pres,216389,121773,0.5627504170729566
20000613.nc,2000-06-13,rain,216389,121773,0.5627504170729566
20000613.nc,2000-06-13,rhum,216389,121773,0.5627504170729566
20000613.nc,2000-06-13,shum,216389,121773,0.5627504170729566
20000613.nc,2000-06-13,snow,216389,121773,0.5627504170729566
20000613.nc,2000-06-13,srad,216389,121773,0.5627504170729566
20000613.nc,2000-06-13,temp,216389,121773,0.5627504170729566
20000613.nc,2000-06-13,wind,216389,121773,0.5627504170729566
20000614.nc,2000-06-14,elevation,216389,121773,0.5627504170729566
20000614.nc,2000-06-14,PM2.5,216389,121773,0.5627504170729566
20000614.nc,2000-06-14,bcpr,216389,121773,0.5627504170729566
20000614.nc,2000-06-14,lrad,216389,121773,0.5627504170729566
20000614.nc,2000-06-14,prec,216389,121773,0.5627504170729566
20000614.nc,2000-06-14,pres,216389,121773,0.5627504170729566
20000614.nc,2000-06-14,rain,216389,121773,0.5627504170729566
20000614.nc,2000-06-14,rhum,216389,121773,0.5627504170729566
20000614.nc,2000-06-14,shum,216389,121773,0.5627504170729566
20000614.nc,2000-06-14,snow,216389,121773,0.5627504170729566
20000614.nc,2000-06-14,srad,216389,121773,0.5627504170729566
20000614.nc,2000-06-14,temp,216389,121773,0.5627504170729566
20000614.nc,2000-06-14,wind,216389,121773,0.5627504170729566
20000615.nc,2000-06-15,elevation,216389,121773,0.5627504170729566
20000615.nc,2000-06-15,PM2.5,216389,121773,0.5627504170729566
20000615.nc,2000-06-15,bcpr,216389,121773,0.5627504170729566
20000615.nc,2000-06-15,lrad,216389,121773,0.5627504170729566
20000615.nc,2000-06-15,prec,216389,121773,0.5627504170729566
20000615.nc,2000-06-15,pres,216389,121773,0.5627504170729566
20000615.nc,2000-06-15,rain,216389,121773,0.5627504170729566
20000615.nc,2000-06-15,rhum,216389,121773,0.5627504170729566
20000615.nc,2000-06-15,shum,216389,121773,0.5627504170729566
20000615.nc,2000-06-15,snow,216389,121773,0.5627504170729566
20000615.nc,2000-06-15,srad,216389,121773,0.5627504170729566
20000615.nc,2000-06-15,temp,216389,121773,0.5627504170729566
20000615.nc,2000-06-15,wind,216389,121773,0.5627504170729566
20000616.nc,2000-06-16,elevation,216389,121773,0.5627504170729566
20000616.nc,2000-06-16,PM2.5,216389,121773,0.5627504170729566
20000616.nc,2000-06-16,bcpr,216389,121773,0.5627504170729566
20000616.nc,2000-06-16,lrad,216389,121773,0.5627504170729566
20000616.nc,2000-06-16,prec,216389,121773,0.5627504170729566
20000616.nc,2000-06-16,pres,216389,121773,0.5627504170729566
20000616.nc,2000-06-16,rain,216389,121773,0.5627504170729566
20000616.nc,2000-06-16,rhum,216389,121773,0.5627504170729566
20000616.nc,2000-06-16,shum,216389,121773,0.5627504170729566
20000616.nc,2000-06-16,snow,216389,121773,0.5627504170729566
20000616.nc,2000-06-16,srad,216389,121773,0.5627504170729566
20000616.nc,2000-06-16,temp,216389,121773,0.5627504170729566
20000616.nc,2000-06-16,wind,216389,121773,0.5627504170729566
20000617.nc,2000-06-17,elevation,216389,121773,0.5627504170729566
20000617.nc,2000-06-17,PM2.5,216389,121773,0.5627504170729566
20000617.nc,2000-06-17,bcpr,216389,121773,0.5627504170729566
20000617.nc,2000-06-17,lrad,216389,121773,0.5627504170729566
20000617.nc,2000-06-17,prec,216389,121773,0.5627504170729566
20000617.nc,2000-06-17,pres,216389,121773,0.5627504170729566
20000617.nc,2000-06-17,rain,216389,121773,0.5627504170729566
20000617.nc,2000-06-17,rhum,216389,121773,0.5627504170729566
20000617.nc,2000-06-17,shum,216389,121773,0.5627504170729566
20000617.nc,2000-06-17,snow,216389,121773,0.5627504170729566
20000617.nc,2000-06-17,srad,216389,121773,0.5627504170729566
20000617.nc,2000-06-17,temp,216389,121773,0.5627504170729566
20000617.nc,2000-06-17,wind,216389,121773,0.5627504170729566
20000618.nc,2000-06-18,elevation,216389,121773,0.5627504170729566
20000618.nc,2000-06-18,PM2.5,216389,121773,0.5627504170729566
20000618.nc,2000-06-18,bcpr,216389,121773,0.5627504170729566
20000618.nc,2000-06-18,lrad,216389,121773,0.5627504170729566
20000618.nc,2000-06-18,prec,216389,121773,0.5627504170729566
20000618.nc,2000-06-18,pres,216389,121773,0.5627504170729566
20000618.nc,2000-06-18,rain,216389,121773,0.5627504170729566
20000618.nc,2000-06-18,rhum,216389,121773,0.5627504170729566
20000618.nc,2000-06-18,shum,216389,121773,0.5627504170729566
20000618.nc,2000-06-18,snow,216389,121773,0.5627504170729566
20000618.nc,2000-06-18,srad,216389,121773,0.5627504170729566
20000618.nc,2000-06-18,temp,216389,121773,0.5627504170729566
20000618.nc,2000-06-18,wind,216389,121773,0.5627504170729566
20000619.nc,2000-06-19,elevation,216389,121773,0.5627504170729566
20000619.nc,2000-06-19,PM2.5,216389,121773,0.5627504170729566
20000619.nc,2000-06-19,bcpr,216389,121773,0.5627504170729566
20000619.nc,2000-06-19,lrad,216389,121773,0.5627504170729566
20000619.nc,2000-06-19,prec,216389,121773,0.5627504170729566
20000619.nc,2000-06-19,pres,216389,121773,0.5627504170729566
20000619.nc,2000-06-19,rain,216389,121773,0.5627504170729566
20000619.nc,2000-06-19,rhum,216389,121773,0.5627504170729566
20000619.nc,2000-06-19,shum,216389,121773,0.5627504170729566
20000619.nc,2000-06-19,snow,216389,121773,0.5627504170729566
20000619.nc,2000-06-19,srad,216389,121773,0.5627504170729566
20000619.nc,2000-06-19,temp,216389,121773,0.5627504170729566
20000619.nc,2000-06-19,wind,216389,121773,0.5627504170729566
20000620.nc,2000-06-20,elevation,216389,121773,0.5627504170729566
20000620.nc,2000-06-20,PM2.5,216389,121773,0.5627504170729566
20000620.nc,2000-06-20,bcpr,216389,121773,0.5627504170729566
20000620.nc,2000-06-20,lrad,216389,121773,0.5627504170729566
20000620.nc,2000-06-20,prec,216389,121773,0.5627504170729566
20000620.nc,2000-06-20,pres,216389,121773,0.5627504170729566
20000620.nc,2000-06-20,rain,216389,121773,0.5627504170729566
20000620.nc,2000-06-20,rhum,216389,121773,0.5627504170729566
20000620.nc,2000-06-20,shum,216389,121773,0.5627504170729566
20000620.nc,2000-06-20,snow,216389,121773,0.5627504170729566
20000620.nc,2000-06-20,srad,216389,121773,0.5627504170729566
20000620.nc,2000-06-20,temp,216389,121773,0.5627504170729566
20000620.nc,2000-06-20,wind,216389,121773,0.5627504170729566
20000621.nc,2000-06-21,elevation,216389,121773,0.5627504170729566
20000621.nc,2000-06-21,PM2.5,216389,121773,0.5627504170729566
20000621.nc,2000-06-21,bcpr,216389,121773,0.5627504170729566
20000621.nc,2000-06-21,lrad,216389,121773,0.5627504170729566
20000621.nc,2000-06-21,prec,216389,121773,0.5627504170729566
20000621.nc,2000-06-21,pres,216389,121773,0.5627504170729566
20000621.nc,2000-06-21,rain,216389,121773,0.5627504170729566
20000621.nc,2000-06-21,rhum,216389,121773,0.5627504170729566
20000621.nc,2000-06-21,shum,216389,121773,0.5627504170729566
20000621.nc,2000-06-21,snow,216389,121773,0.5627504170729566
20000621.nc,2000-06-21,srad,216389,121773,0.5627504170729566
20000621.nc,2000-06-21,temp,216389,121773,0.5627504170729566
20000621.nc,2000-06-21,wind,216389,121773,0.5627504170729566
20000622.nc,2000-06-22,elevation,216389,121773,0.5627504170729566
20000622.nc,2000-06-22,PM2.5,216389,121773,0.5627504170729566
20000622.nc,2000-06-22,bcpr,216389,121773,0.5627504170729566
20000622.nc,2000-06-22,lrad,216389,121773,0.5627504170729566
20000622.nc,2000-06-22,prec,216389,121773,0.5627504170729566
20000622.nc,2000-06-22,pres,216389,121773,0.5627504170729566
20000622.nc,2000-06-22,rain,216389,121773,0.5627504170729566
20000622.nc,2000-06-22,rhum,216389,121773,0.5627504170729566
20000622.nc,2000-06-22,shum,216389,121773,0.5627504170729566
20000622.nc,2000-06-22,snow,216389,121773,0.5627504170729566
20000622.nc,2000-06-22,srad,216389,121773,0.5627504170729566
20000622.nc,2000-06-22,temp,216389,121773,0.5627504170729566
20000622.nc,2000-06-22,wind,216389,121773,0.5627504170729566
20000623.nc,2000-06-23,elevation,216389,121773,0.5627504170729566
20000623.nc,2000-06-23,PM2.5,216389,121773,0.5627504170729566
20000623.nc,2000-06-23,bcpr,216389,121773,0.5627504170729566
20000623.nc,2000-06-23,lrad,216389,121773,0.5627504170729566
20000623.nc,2000-06-23,prec,216389,121773,0.5627504170729566
20000623.nc,2000-06-23,pres,216389,121773,0.5627504170729566
20000623.nc,2000-06-23,rain,216389,121773,0.5627504170729566
20000623.nc,2000-06-23,rhum,216389,121773,0.5627504170729566
20000623.nc,2000-06-23,shum,216389,121773,0.5627504170729566
20000623.nc,2000-06-23,snow,216389,121773,0.5627504170729566
20000623.nc,2000-06-23,srad,216389,121773,0.5627504170729566
20000623.nc,2000-06-23,temp,216389,121773,0.5627504170729566
20000623.nc,2000-06-23,wind,216389,121773,0.5627504170729566
20000624.nc,2000-06-24,elevation,216389,121773,0.5627504170729566
20000624.nc,2000-06-24,PM2.5,216389,121773,0.5627504170729566
20000624.nc,2000-06-24,bcpr,216389,121773,0.5627504170729566
20000624.nc,2000-06-24,lrad,216389,121773,0.5627504170729566
20000624.nc,2000-06-24,prec,216389,121773,0.5627504170729566
20000624.nc,2000-06-24,pres,216389,121773,0.5627504170729566
20000624.nc,2000-06-24,rain,216389,121773,0.5627504170729566
20000624.nc,2000-06-24,rhum,216389,121773,0.5627504170729566
20000624.nc,2000-06-24,shum,216389,121773,0.5627504170729566
20000624.nc,2000-06-24,snow,216389,121773,0.5627504170729566
20000624.nc,2000-06-24,srad,216389,121773,0.5627504170729566
20000624.nc,2000-06-24,temp,216389,121773,0.5627504170729566
20000624.nc,2000-06-24,wind,216389,121773,0.5627504170729566
20000625.nc,2000-06-25,elevation,216389,121773,0.5627504170729566
20000625.nc,2000-06-25,PM2.5,216389,121773,0.5627504170729566
20000625.nc,2000-06-25,bcpr,216389,121773,0.5627504170729566
20000625.nc,2000-06-25,lrad,216389,121773,0.5627504170729566
20000625.nc,2000-06-25,prec,216389,121773,0.5627504170729566
20000625.nc,2000-06-25,pres,216389,121773,0.5627504170729566
20000625.nc,2000-06-25,rain,216389,121773,0.5627504170729566
20000625.nc,2000-06-25,rhum,216389,121773,0.5627504170729566
20000625.nc,2000-06-25,shum,216389,121773,0.5627504170729566
20000625.nc,2000-06-25,snow,216389,121773,0.5627504170729566
20000625.nc,2000-06-25,srad,216389,121773,0.5627504170729566
20000625.nc,2000-06-25,temp,216389,121773,0.5627504170729566
20000625.nc,2000-06-25,wind,216389,121773,0.5627504170729566
20000626.nc,2000-06-26,elevation,216389,121773,0.5627504170729566
20000626.nc,2000-06-26,PM2.5,216389,121773,0.5627504170729566
20000626.nc,2000-06-26,bcpr,216389,121773,0.5627504170729566
20000626.nc,2000-06-26,lrad,216389,121773,0.5627504170729566
20000626.nc,2000-06-26,prec,216389,121773,0.5627504170729566
20000626.nc,2000-06-26,pres,216389,121773,0.5627504170729566
20000626.nc,2000-06-26,rain,216389,121773,0.5627504170729566
20000626.nc,2000-06-26,rhum,216389,121773,0.5627504170729566
20000626.nc,2000-06-26,shum,216389,121773,0.5627504170729566
20000626.nc,2000-06-26,snow,216389,121773,0.5627504170729566
20000626.nc,2000-06-26,srad,216389,121773,0.5627504170729566
20000626.nc,2000-06-26,temp,216389,121773,0.5627504170729566
20000626.nc,2000-06-26,wind,216389,121773,0.5627504170729566
20000627.nc,2000-06-27,elevation,216389,121773,0.5627504170729566
20000627.nc,2000-06-27,PM2.5,216389,121773,0.5627504170729566
20000627.nc,2000-06-27,bcpr,216389,121773,0.5627504170729566
20000627.nc,2000-06-27,lrad,216389,121773,0.5627504170729566
20000627.nc,2000-06-27,prec,216389,121773,0.5627504170729566
20000627.nc,2000-06-27,pres,216389,121773,0.5627504170729566
20000627.nc,2000-06-27,rain,216389,121773,0.5627504170729566
20000627.nc,2000-06-27,rhum,216389,121773,0.5627504170729566
20000627.nc,2000-06-27,shum,216389,121773,0.5627504170729566
20000627.nc,2000-06-27,snow,216389,121773,0.5627504170729566
20000627.nc,2000-06-27,srad,216389,121773,0.5627504170729566
20000627.nc,2000-06-27,temp,216389,121773,0.5627504170729566
20000627.nc,2000-06-27,wind,216389,121773,0.5627504170729566
20000628.nc,2000-06-28,elevation,216389,121773,0.5627504170729566
20000628.nc,2000-06-28,PM2.5,216389,121773,0.5627504170729566
20000628.nc,2000-06-28,bcpr,216389,121773,0.5627504170729566
20000628.nc,2000-06-28,lrad,216389,121773,0.5627504170729566
20000628.nc,2000-06-28,prec,216389,121773,0.5627504170729566
20000628.nc,2000-06-28,pres,216389,121773,0.5627504170729566
20000628.nc,2000-06-28,rain,216389,121773,0.5627504170729566
20000628.nc,2000-06-28,rhum,216389,121773,0.5627504170729566
20000628.nc,2000-06-28,shum,216389,121773,0.5627504170729566
20000628.nc,2000-06-28,snow,216389,121773,0.5627504170729566
20000628.nc,2000-06-28,srad,216389,121773,0.5627504170729566
20000628.nc,2000-06-28,temp,216389,121773,0.5627504170729566
20000628.nc,2000-06-28,wind,216389,121773,0.5627504170729566
20000629.nc,2000-06-29,elevation,216389,121773,0.5627504170729566
20000629.nc,2000-06-29,PM2.5,216389,121773,0.5627504170729566
20000629.nc,2000-06-29,bcpr,216389,121773,0.5627504170729566
20000629.nc,2000-06-29,lrad,216389,121773,0.5627504170729566
20000629.nc,2000-06-29,prec,216389,121773,0.5627504170729566
20000629.nc,2000-06-29,pres,216389,121773,0.5627504170729566
20000629.nc,2000-06-29,rain,216389,121773,0.5627504170729566
20000629.nc,2000-06-29,rhum,216389,121773,0.5627504170729566
20000629.nc,2000-06-29,shum,216389,121773,0.5627504170729566
20000629.nc,2000-06-29,snow,216389,121773,0.5627504170729566
20000629.nc,2000-06-29,srad,216389,121773,0.5627504170729566
20000629.nc,2000-06-29,temp,216389,121773,0.5627504170729566
20000629.nc,2000-06-29,wind,216389,121773,0.5627504170729566
20000630.nc,2000-06-30,elevation,216389,121773,0.5627504170729566
20000630.nc,2000-06-30,PM2.5,216389,121773,0.5627504170729566
20000630.nc,2000-06-30,bcpr,216389,121773,0.5627504170729566
20000630.nc,2000-06-30,lrad,216389,121773,0.5627504170729566
20000630.nc,2000-06-30,prec,216389,121773,0.5627504170729566
20000630.nc,2000-06-30,pres,216389,121773,0.5627504170729566
20000630.nc,2000-06-30,rain,216389,121773,0.5627504170729566
20000630.nc,2000-06-30,rhum,216389,121773,0.5627504170729566
20000630.nc,2000-06-30,shum,216389,121773,0.5627504170729566
20000630.nc,2000-06-30,snow,216389,121773,0.5627504170729566
20000630.nc,2000-06-30,srad,216389,121773,0.5627504170729566
20000630.nc,2000-06-30,temp,216389,121773,0.5627504170729566
20000630.nc,2000-06-30,wind,216389,121773,0.5627504170729566
20000701.nc,2000-07-01,elevation,216389,121773,0.5627504170729566
20000701.nc,2000-07-01,PM2.5,216389,121773,0.5627504170729566
20000701.nc,2000-07-01,bcpr,216389,121773,0.5627504170729566
20000701.nc,2000-07-01,lrad,216389,121773,0.5627504170729566
20000701.nc,2000-07-01,prec,216389,121773,0.5627504170729566
20000701.nc,2000-07-01,pres,216389,121773,0.5627504170729566
20000701.nc,2000-07-01,rain,216389,121773,0.5627504170729566
20000701.nc,2000-07-01,rhum,216389,121773,0.5627504170729566
20000701.nc,2000-07-01,shum,216389,121773,0.5627504170729566
20000701.nc,2000-07-01,snow,216389,121773,0.5627504170729566
20000701.nc,2000-07-01,srad,216389,121773,0.5627504170729566
20000701.nc,2000-07-01,temp,216389,121773,0.5627504170729566
20000701.nc,2000-07-01,wind,216389,121773,0.5627504170729566
20000702.nc,2000-07-02,elevation,216389,121773,0.5627504170729566
20000702.nc,2000-07-02,PM2.5,216389,121773,0.5627504170729566
20000702.nc,2000-07-02,bcpr,216389,121773,0.5627504170729566
20000702.nc,2000-07-02,lrad,216389,121773,0.5627504170729566
20000702.nc,2000-07-02,prec,216389,121773,0.5627504170729566
20000702.nc,2000-07-02,pres,216389,121773,0.5627504170729566
20000702.nc,2000-07-02,rain,216389,121773,0.5627504170729566
20000702.nc,2000-07-02,rhum,216389,121773,0.5627504170729566
20000702.nc,2000-07-02,shum,216389,121773,0.5627504170729566
20000702.nc,2000-07-02,snow,216389,121773,0.5627504170729566
20000702.nc,2000-07-02,srad,216389,121773,0.5627504170729566
20000702.nc,2000-07-02,temp,216389,121773,0.5627504170729566
20000702.nc,2000-07-02,wind,216389,121773,0.5627504170729566
20000703.nc,2000-07-03,elevation,216389,121773,0.5627504170729566
20000703.nc,2000-07-03,PM2.5,216389,121773,0.5627504170729566
20000703.nc,2000-07-03,bcpr,216389,121773,0.5627504170729566
20000703.nc,2000-07-03,lrad,216389,121773,0.5627504170729566
20000703.nc,2000-07-03,prec,216389,121773,0.5627504170729566
20000703.nc,2000-07-03,pres,216389,121773,0.5627504170729566
20000703.nc,2000-07-03,rain,216389,121773,0.5627504170729566
20000703.nc,2000-07-03,rhum,216389,121773,0.5627504170729566
20000703.nc,2000-07-03,shum,216389,121773,0.5627504170729566
20000703.nc,2000-07-03,snow,216389,121773,0.5627504170729566
20000703.nc,2000-07-03,srad,216389,121773,0.5627504170729566
20000703.nc,2000-07-03,temp,216389,121773,0.5627504170729566
20000703.nc,2000-07-03,wind,216389,121773,0.5627504170729566
20000704.nc,2000-07-04,elevation,216389,121773,0.5627504170729566
20000704.nc,2000-07-04,PM2.5,216389,121773,0.5627504170729566
20000704.nc,2000-07-04,bcpr,216389,121773,0.5627504170729566
20000704.nc,2000-07-04,lrad,216389,121773,0.5627504170729566
20000704.nc,2000-07-04,prec,216389,121773,0.5627504170729566
20000704.nc,2000-07-04,pres,216389,121773,0.5627504170729566
20000704.nc,2000-07-04,rain,216389,121773,0.5627504170729566
20000704.nc,2000-07-04,rhum,216389,121773,0.5627504170729566
20000704.nc,2000-07-04,shum,216389,121773,0.5627504170729566
20000704.nc,2000-07-04,snow,216389,121773,0.5627504170729566
20000704.nc,2000-07-04,srad,216389,121773,0.5627504170729566
20000704.nc,2000-07-04,temp,216389,121773,0.5627504170729566
20000704.nc,2000-07-04,wind,216389,121773,0.5627504170729566
20000705.nc,2000-07-05,elevation,216389,121773,0.5627504170729566
20000705.nc,2000-07-05,PM2.5,216389,121773,0.5627504170729566
20000705.nc,2000-07-05,bcpr,216389,121773,0.5627504170729566
20000705.nc,2000-07-05,lrad,216389,121773,0.5627504170729566
20000705.nc,2000-07-05,prec,216389,121773,0.5627504170729566
20000705.nc,2000-07-05,pres,216389,121773,0.5627504170729566
20000705.nc,2000-07-05,rain,216389,121773,0.5627504170729566
20000705.nc,2000-07-05,rhum,216389,121773,0.5627504170729566
20000705.nc,2000-07-05,shum,216389,121773,0.5627504170729566
20000705.nc,2000-07-05,snow,216389,121773,0.5627504170729566
20000705.nc,2000-07-05,srad,216389,121773,0.5627504170729566
20000705.nc,2000-07-05,temp,216389,121773,0.5627504170729566
20000705.nc,2000-07-05,wind,216389,121773,0.5627504170729566
20000706.nc,2000-07-06,elevation,216389,121773,0.5627504170729566
20000706.nc,2000-07-06,PM2.5,216389,121773,0.5627504170729566
20000706.nc,2000-07-06,bcpr,216389,121773,0.5627504170729566
20000706.nc,2000-07-06,lrad,216389,121773,0.5627504170729566
20000706.nc,2000-07-06,prec,216389,121773,0.5627504170729566
20000706.nc,2000-07-06,pres,216389,121773,0.5627504170729566
20000706.nc,2000-07-06,rain,216389,121773,0.5627504170729566
20000706.nc,2000-07-06,rhum,216389,121773,0.5627504170729566
20000706.nc,2000-07-06,shum,216389,121773,0.5627504170729566
20000706.nc,2000-07-06,snow,216389,121773,0.5627504170729566
20000706.nc,2000-07-06,srad,216389,121773,0.5627504170729566
20000706.nc,2000-07-06,temp,216389,121773,0.5627504170729566
20000706.nc,2000-07-06,wind,216389,121773,0.5627504170729566
20000707.nc,2000-07-07,elevation,216389,121773,0.5627504170729566
20000707.nc,2000-07-07,PM2.5,216389,121773,0.5627504170729566
20000707.nc,2000-07-07,bcpr,216389,121773,0.5627504170729566
20000707.nc,2000-07-07,lrad,216389,121773,0.5627504170729566
20000707.nc,2000-07-07,prec,216389,121773,0.5627504170729566
20000707.nc,2000-07-07,pres,216389,121773,0.5627504170729566
20000707.nc,2000-07-07,rain,216389,121773,0.5627504170729566
20000707.nc,2000-07-07,rhum,216389,121773,0.5627504170729566
20000707.nc,2000-07-07,shum,216389,121773,0.5627504170729566
20000707.nc,2000-07-07,snow,216389,121773,0.5627504170729566
20000707.nc,2000-07-07,srad,216389,121773,0.5627504170729566
20000707.nc,2000-07-07,temp,216389,121773,0.5627504170729566
20000707.nc,2000-07-07,wind,216389,121773,0.5627504170729566
20000708.nc,2000-07-08,elevation,216389,121773,0.5627504170729566
20000708.nc,2000-07-08,PM2.5,216389,121773,0.5627504170729566
20000708.nc,2000-07-08,bcpr,216389,121773,0.5627504170729566
20000708.nc,2000-07-08,lrad,216389,121773,0.5627504170729566
20000708.nc,2000-07-08,prec,216389,121773,0.5627504170729566
20000708.nc,2000-07-08,pres,216389,121773,0.5627504170729566
20000708.nc,2000-07-08,rain,216389,121773,0.5627504170729566
20000708.nc,2000-07-08,rhum,216389,121773,0.5627504170729566
20000708.nc,2000-07-08,shum,216389,121773,0.5627504170729566
20000708.nc,2000-07-08,snow,216389,121773,0.5627504170729566
20000708.nc,2000-07-08,srad,216389,121773,0.5627504170729566
20000708.nc,2000-07-08,temp,216389,121773,0.5627504170729566
20000708.nc,2000-07-08,wind,216389,121773,0.5627504170729566
20000709.nc,2000-07-09,elevation,216389,121773,0.5627504170729566
20000709.nc,2000-07-09,PM2.5,216389,121773,0.5627504170729566
20000709.nc,2000-07-09,bcpr,216389,121773,0.5627504170729566
20000709.nc,2000-07-09,lrad,216389,121773,0.5627504170729566
20000709.nc,2000-07-09,prec,216389,121773,0.5627504170729566
20000709.nc,2000-07-09,pres,216389,121773,0.5627504170729566
20000709.nc,2000-07-09,rain,216389,121773,0.5627504170729566
20000709.nc,2000-07-09,rhum,216389,121773,0.5627504170729566
20000709.nc,2000-07-09,shum,216389,121773,0.5627504170729566
20000709.nc,2000-07-09,snow,216389,121773,0.5627504170729566
20000709.nc,2000-07-09,srad,216389,121773,0.5627504170729566
20000709.nc,2000-07-09,temp,216389,121773,0.5627504170729566
20000709.nc,2000-07-09,wind,216389,121773,0.5627504170729566
20000710.nc,2000-07-10,elevation,216389,121773,0.5627504170729566
20000710.nc,2000-07-10,PM2.5,216389,121773,0.5627504170729566
20000710.nc,2000-07-10,bcpr,216389,121773,0.5627504170729566
20000710.nc,2000-07-10,lrad,216389,121773,0.5627504170729566
20000710.nc,2000-07-10,prec,216389,121773,0.5627504170729566
20000710.nc,2000-07-10,pres,216389,121773,0.5627504170729566
20000710.nc,2000-07-10,rain,216389,121773,0.5627504170729566
20000710.nc,2000-07-10,rhum,216389,121773,0.5627504170729566
20000710.nc,2000-07-10,shum,216389,121773,0.5627504170729566
20000710.nc,2000-07-10,snow,216389,121773,0.5627504170729566
20000710.nc,2000-07-10,srad,216389,121773,0.5627504170729566
20000710.nc,2000-07-10,temp,216389,121773,0.5627504170729566
20000710.nc,2000-07-10,wind,216389,121773,0.5627504170729566
20000711.nc,2000-07-11,elevation,216389,121773,0.5627504170729566
20000711.nc,2000-07-11,PM2.5,216389,121773,0.5627504170729566
20000711.nc,2000-07-11,bcpr,216389,121773,0.5627504170729566
20000711.nc,2000-07-11,lrad,216389,121773,0.5627504170729566
20000711.nc,2000-07-11,prec,216389,121773,0.5627504170729566
20000711.nc,2000-07-11,pres,216389,121773,0.5627504170729566
20000711.nc,2000-07-11,rain,216389,121773,0.5627504170729566
20000711.nc,2000-07-11,rhum,216389,121773,0.5627504170729566
20000711.nc,2000-07-11,shum,216389,121773,0.5627504170729566
20000711.nc,2000-07-11,snow,216389,121773,0.5627504170729566
20000711.nc,2000-07-11,srad,216389,121773,0.5627504170729566
20000711.nc,2000-07-11,temp,216389,121773,0.5627504170729566
20000711.nc,2000-07-11,wind,216389,121773,0.5627504170729566
20000712.nc,2000-07-12,elevation,216389,121773,0.5627504170729566
20000712.nc,2000-07-12,PM2.5,216389,121773,0.5627504170729566
20000712.nc,2000-07-12,bcpr,216389,121773,0.5627504170729566
20000712.nc,2000-07-12,lrad,216389,121773,0.5627504170729566
20000712.nc,2000-07-12,prec,216389,121773,0.5627504170729566
20000712.nc,2000-07-12,pres,216389,121773,0.5627504170729566
20000712.nc,2000-07-12,rain,216389,121773,0.5627504170729566
20000712.nc,2000-07-12,rhum,216389,121773,0.5627504170729566
20000712.nc,2000-07-12,shum,216389,121773,0.5627504170729566
20000712.nc,2000-07-12,snow,216389,121773,0.5627504170729566
20000712.nc,2000-07-12,srad,216389,121773,0.5627504170729566
20000712.nc,2000-07-12,temp,216389,121773,0.5627504170729566
20000712.nc,2000-07-12,wind,216389,121773,0.5627504170729566
20000713.nc,2000-07-13,elevation,216389,121773,0.5627504170729566
20000713.nc,2000-07-13,PM2.5,216389,121773,0.5627504170729566
20000713.nc,2000-07-13,bcpr,216389,121773,0.5627504170729566
20000713.nc,2000-07-13,lrad,216389,121773,0.5627504170729566
20000713.nc,2000-07-13,prec,216389,121773,0.5627504170729566
20000713.nc,2000-07-13,pres,216389,121773,0.5627504170729566
20000713.nc,2000-07-13,rain,216389,121773,0.5627504170729566
20000713.nc,2000-07-13,rhum,216389,121773,0.5627504170729566
20000713.nc,2000-07-13,shum,216389,121773,0.5627504170729566
20000713.nc,2000-07-13,snow,216389,121773,0.5627504170729566
20000713.nc,2000-07-13,srad,216389,121773,0.5627504170729566
20000713.nc,2000-07-13,temp,216389,121773,0.5627504170729566
20000713.nc,2000-07-13,wind,216389,121773,0.5627504170729566
20000714.nc,2000-07-14,elevation,216389,121773,0.5627504170729566
20000714.nc,2000-07-14,PM2.5,216389,121773,0.5627504170729566
20000714.nc,2000-07-14,bcpr,216389,121773,0.5627504170729566
20000714.nc,2000-07-14,lrad,216389,121773,0.5627504170729566
20000714.nc,2000-07-14,prec,216389,121773,0.5627504170729566
20000714.nc,2000-07-14,pres,216389,121773,0.5627504170729566
20000714.nc,2000-07-14,rain,216389,121773,0.5627504170729566
20000714.nc,2000-07-14,rhum,216389,121773,0.5627504170729566
20000714.nc,2000-07-14,shum,216389,121773,0.5627504170729566
20000714.nc,2000-07-14,snow,216389,121773,0.5627504170729566
20000714.nc,2000-07-14,srad,216389,121773,0.5627504170729566
20000714.nc,2000-07-14,temp,216389,121773,0.5627504170729566
20000714.nc,2000-07-14,wind,216389,121773,0.5627504170729566
20000715.nc,2000-07-15,elevation,216389,121773,0.5627504170729566
20000715.nc,2000-07-15,PM2.5,216389,121773,0.5627504170729566
20000715.nc,2000-07-15,bcpr,216389,121773,0.5627504170729566
20000715.nc,2000-07-15,lrad,216389,121773,0.5627504170729566
20000715.nc,2000-07-15,prec,216389,121773,0.5627504170729566
20000715.nc,2000-07-15,pres,216389,121773,0.5627504170729566
20000715.nc,2000-07-15,rain,216389,121773,0.5627504170729566
20000715.nc,2000-07-15,rhum,216389,121773,0.5627504170729566
20000715.nc,2000-07-15,shum,216389,121773,0.5627504170729566
20000715.nc,2000-07-15,snow,216389,121773,0.5627504170729566
20000715.nc,2000-07-15,srad,216389,121773,0.5627504170729566
20000715.nc,2000-07-15,temp,216389,121773,0.5627504170729566
20000715.nc,2000-07-15,wind,216389,121773,0.5627504170729566
20000716.nc,2000-07-16,elevation,216389,121773,0.5627504170729566
20000716.nc,2000-07-16,PM2.5,216389,121773,0.5627504170729566
20000716.nc,2000-07-16,bcpr,216389,121773,0.5627504170729566
20000716.nc,2000-07-16,lrad,216389,121773,0.5627504170729566
20000716.nc,2000-07-16,prec,216389,121773,0.5627504170729566
20000716.nc,2000-07-16,pres,216389,121773,0.5627504170729566
20000716.nc,2000-07-16,rain,216389,121773,0.5627504170729566
20000716.nc,2000-07-16,rhum,216389,121773,0.5627504170729566
20000716.nc,2000-07-16,shum,216389,121773,0.5627504170729566
20000716.nc,2000-07-16,snow,216389,121773,0.5627504170729566
20000716.nc,2000-07-16,srad,216389,121773,0.5627504170729566
20000716.nc,2000-07-16,temp,216389,121773,0.5627504170729566
20000716.nc,2000-07-16,wind,216389,121773,0.5627504170729566
20000717.nc,2000-07-17,elevation,216389,121773,0.5627504170729566
20000717.nc,2000-07-17,PM2.5,216389,121773,0.5627504170729566
20000717.nc,2000-07-17,bcpr,216389,121773,0.5627504170729566
20000717.nc,2000-07-17,lrad,216389,121773,0.5627504170729566
20000717.nc,2000-07-17,prec,216389,121773,0.5627504170729566
20000717.nc,2000-07-17,pres,216389,121773,0.5627504170729566
20000717.nc,2000-07-17,rain,216389,121773,0.5627504170729566
20000717.nc,2000-07-17,rhum,216389,121773,0.5627504170729566
20000717.nc,2000-07-17,shum,216389,121773,0.5627504170729566
20000717.nc,2000-07-17,snow,216389,121773,0.5627504170729566
20000717.nc,2000-07-17,srad,216389,121773,0.5627504170729566
20000717.nc,2000-07-17,temp,216389,121773,0.5627504170729566
20000717.nc,2000-07-17,wind,216389,121773,0.5627504170729566
20000718.nc,2000-07-18,elevation,216389,121773,0.5627504170729566
20000718.nc,2000-07-18,PM2.5,216389,121773,0.5627504170729566
20000718.nc,2000-07-18,bcpr,216389,121773,0.5627504170729566
20000718.nc,2000-07-18,lrad,216389,121773,0.5627504170729566
20000718.nc,2000-07-18,prec,216389,121773,0.5627504170729566
20000718.nc,2000-07-18,pres,216389,121773,0.5627504170729566
20000718.nc,2000-07-18,rain,216389,121773,0.5627504170729566
20000718.nc,2000-07-18,rhum,216389,121773,0.5627504170729566
20000718.nc,2000-07-18,shum,216389,121773,0.5627504170729566
20000718.nc,2000-07-18,snow,216389,121773,0.5627504170729566
20000718.nc,2000-07-18,srad,216389,121773,0.5627504170729566
20000718.nc,2000-07-18,temp,216389,121773,0.5627504170729566
20000718.nc,2000-07-18,wind,216389,121773,0.5627504170729566
20000719.nc,2000-07-19,elevation,216389,121773,0.5627504170729566
20000719.nc,2000-07-19,PM2.5,216389,121773,0.5627504170729566
20000719.nc,2000-07-19,bcpr,216389,121773,0.5627504170729566
20000719.nc,2000-07-19,lrad,216389,121773,0.5627504170729566
20000719.nc,2000-07-19,prec,216389,121773,0.5627504170729566
20000719.nc,2000-07-19,pres,216389,121773,0.5627504170729566
20000719.nc,2000-07-19,rain,216389,121773,0.5627504170729566
20000719.nc,2000-07-19,rhum,216389,121773,0.5627504170729566
20000719.nc,2000-07-19,shum,216389,121773,0.5627504170729566
20000719.nc,2000-07-19,snow,216389,121773,0.5627504170729566
20000719.nc,2000-07-19,srad,216389,121773,0.5627504170729566
20000719.nc,2000-07-19,temp,216389,121773,0.5627504170729566
20000719.nc,2000-07-19,wind,216389,121773,0.5627504170729566
20000720.nc,2000-07-20,elevation,216389,121773,0.5627504170729566
20000720.nc,2000-07-20,PM2.5,216389,121773,0.5627504170729566
20000720.nc,2000-07-20,bcpr,216389,121773,0.5627504170729566
20000720.nc,2000-07-20,lrad,216389,121773,0.5627504170729566
20000720.nc,2000-07-20,prec,216389,121773,0.5627504170729566
20000720.nc,2000-07-20,pres,216389,121773,0.5627504170729566
20000720.nc,2000-07-20,rain,216389,121773,0.5627504170729566
20000720.nc,2000-07-20,rhum,216389,121773,0.5627504170729566
20000720.nc,2000-07-20,shum,216389,121773,0.5627504170729566
20000720.nc,2000-07-20,snow,216389,121773,0.5627504170729566
20000720.nc,2000-07-20,srad,216389,121773,0.5627504170729566
20000720.nc,2000-07-20,temp,216389,121773,0.5627504170729566
20000720.nc,2000-07-20,wind,216389,121773,0.5627504170729566
20000721.nc,2000-07-21,elevation,216389,121773,0.5627504170729566
20000721.nc,2000-07-21,PM2.5,216389,121773,0.5627504170729566
20000721.nc,2000-07-21,bcpr,216389,121773,0.5627504170729566
20000721.nc,2000-07-21,lrad,216389,121773,0.5627504170729566
20000721.nc,2000-07-21,prec,216389,121773,0.5627504170729566
20000721.nc,2000-07-21,pres,216389,121773,0.5627504170729566
20000721.nc,2000-07-21,rain,216389,121773,0.5627504170729566
20000721.nc,2000-07-21,rhum,216389,121773,0.5627504170729566
20000721.nc,2000-07-21,shum,216389,121773,0.5627504170729566
20000721.nc,2000-07-21,snow,216389,121773,0.5627504170729566
20000721.nc,2000-07-21,srad,216389,121773,0.5627504170729566
20000721.nc,2000-07-21,temp,216389,121773,0.5627504170729566
20000721.nc,2000-07-21,wind,216389,121773,0.5627504170729566
20000722.nc,2000-07-22,elevation,216389,121773,0.5627504170729566
20000722.nc,2000-07-22,PM2.5,216389,121773,0.5627504170729566
20000722.nc,2000-07-22,bcpr,216389,121773,0.5627504170729566
20000722.nc,2000-07-22,lrad,216389,121773,0.5627504170729566
20000722.nc,2000-07-22,prec,216389,121773,0.5627504170729566
20000722.nc,2000-07-22,pres,216389,121773,0.5627504170729566
20000722.nc,2000-07-22,rain,216389,121773,0.5627504170729566
20000722.nc,2000-07-22,rhum,216389,121773,0.5627504170729566
20000722.nc,2000-07-22,shum,216389,121773,0.5627504170729566
20000722.nc,2000-07-22,snow,216389,121773,0.5627504170729566
20000722.nc,2000-07-22,srad,216389,121773,0.5627504170729566
20000722.nc,2000-07-22,temp,216389,121773,0.5627504170729566
20000722.nc,2000-07-22,wind,216389,121773,0.5627504170729566
20000723.nc,2000-07-23,elevation,216389,121773,0.5627504170729566
20000723.nc,2000-07-23,PM2.5,216389,121773,0.5627504170729566
20000723.nc,2000-07-23,bcpr,216389,121773,0.5627504170729566
20000723.nc,2000-07-23,lrad,216389,121773,0.5627504170729566
20000723.nc,2000-07-23,prec,216389,121773,0.5627504170729566
20000723.nc,2000-07-23,pres,216389,121773,0.5627504170729566
20000723.nc,2000-07-23,rain,216389,121773,0.5627504170729566
20000723.nc,2000-07-23,rhum,216389,121773,0.5627504170729566
20000723.nc,2000-07-23,shum,216389,121773,0.5627504170729566
20000723.nc,2000-07-23,snow,216389,121773,0.5627504170729566
20000723.nc,2000-07-23,srad,216389,121773,0.5627504170729566
20000723.nc,2000-07-23,temp,216389,121773,0.5627504170729566
20000723.nc,2000-07-23,wind,216389,121773,0.5627504170729566
20000724.nc,2000-07-24,elevation,216389,121773,0.5627504170729566
20000724.nc,2000-07-24,PM2.5,216389,121773,0.5627504170729566
20000724.nc,2000-07-24,bcpr,216389,121773,0.5627504170729566
20000724.nc,2000-07-24,lrad,216389,121773,0.5627504170729566
20000724.nc,2000-07-24,prec,216389,121773,0.5627504170729566
20000724.nc,2000-07-24,pres,216389,121773,0.5627504170729566
20000724.nc,2000-07-24,rain,216389,121773,0.5627504170729566
20000724.nc,2000-07-24,rhum,216389,121773,0.5627504170729566
20000724.nc,2000-07-24,shum,216389,121773,0.5627504170729566
20000724.nc,2000-07-24,snow,216389,121773,0.5627504170729566
20000724.nc,2000-07-24,srad,216389,121773,0.5627504170729566
20000724.nc,2000-07-24,temp,216389,121773,0.5627504170729566
20000724.nc,2000-07-24,wind,216389,121773,0.5627504170729566
20000725.nc,2000-07-25,elevation,216389,121773,0.5627504170729566
20000725.nc,2000-07-25,PM2.5,216389,121773,0.5627504170729566
20000725.nc,2000-07-25,bcpr,216389,121773,0.5627504170729566
20000725.nc,2000-07-25,lrad,216389,121773,0.5627504170729566
20000725.nc,2000-07-25,prec,216389,121773,0.5627504170729566
20000725.nc,2000-07-25,pres,216389,121773,0.5627504170729566
20000725.nc,2000-07-25,rain,216389,121773,0.5627504170729566
20000725.nc,2000-07-25,rhum,216389,121773,0.5627504170729566
20000725.nc,2000-07-25,shum,216389,121773,0.5627504170729566
20000725.nc,2000-07-25,snow,216389,121773,0.5627504170729566
20000725.nc,2000-07-25,srad,216389,121773,0.5627504170729566
20000725.nc,2000-07-25,temp,216389,121773,0.5627504170729566
20000725.nc,2000-07-25,wind,216389,121773,0.5627504170729566
20000726.nc,2000-07-26,elevation,216389,121773,0.5627504170729566
20000726.nc,2000-07-26,PM2.5,216389,121773,0.5627504170729566
20000726.nc,2000-07-26,bcpr,216389,121773,0.5627504170729566
20000726.nc,2000-07-26,lrad,216389,121773,0.5627504170729566
20000726.nc,2000-07-26,prec,216389,121773,0.5627504170729566
20000726.nc,2000-07-26,pres,216389,121773,0.5627504170729566
20000726.nc,2000-07-26,rain,216389,121773,0.5627504170729566
20000726.nc,2000-07-26,rhum,216389,121773,0.5627504170729566
20000726.nc,2000-07-26,shum,216389,121773,0.5627504170729566
20000726.nc,2000-07-26,snow,216389,121773,0.5627504170729566
20000726.nc,2000-07-26,srad,216389,121773,0.5627504170729566
20000726.nc,2000-07-26,temp,216389,121773,0.5627504170729566
20000726.nc,2000-07-26,wind,216389,121773,0.5627504170729566
20000727.nc,2000-07-27,elevation,216389,121773,0.5627504170729566
20000727.nc,2000-07-27,PM2.5,216389,121773,0.5627504170729566
20000727.nc,2000-07-27,bcpr,216389,121773,0.5627504170729566
20000727.nc,2000-07-27,lrad,216389,121773,0.5627504170729566
20000727.nc,2000-07-27,prec,216389,121773,0.5627504170729566
20000727.nc,2000-07-27,pres,216389,121773,0.5627504170729566
20000727.nc,2000-07-27,rain,216389,121773,0.5627504170729566
20000727.nc,2000-07-27,rhum,216389,121773,0.5627504170729566
20000727.nc,2000-07-27,shum,216389,121773,0.5627504170729566
20000727.nc,2000-07-27,snow,216389,121773,0.5627504170729566
20000727.nc,2000-07-27,srad,216389,121773,0.5627504170729566
20000727.nc,2000-07-27,temp,216389,121773,0.5627504170729566
20000727.nc,2000-07-27,wind,216389,121773,0.5627504170729566
20000728.nc,2000-07-28,elevation,216389,121773,0.5627504170729566
20000728.nc,2000-07-28,PM2.5,216389,121773,0.5627504170729566
20000728.nc,2000-07-28,bcpr,216389,121773,0.5627504170729566
20000728.nc,2000-07-28,lrad,216389,121773,0.5627504170729566
20000728.nc,2000-07-28,prec,216389,121773,0.5627504170729566
20000728.nc,2000-07-28,pres,216389,121773,0.5627504170729566
20000728.nc,2000-07-28,rain,216389,121773,0.5627504170729566
20000728.nc,2000-07-28,rhum,216389,121773,0.5627504170729566
20000728.nc,2000-07-28,shum,216389,121773,0.5627504170729566
20000728.nc,2000-07-28,snow,216389,121773,0.5627504170729566
20000728.nc,2000-07-28,srad,216389,121773,0.5627504170729566
20000728.nc,2000-07-28,temp,216389,121773,0.5627504170729566
20000728.nc,2000-07-28,wind,216389,121773,0.5627504170729566
20000729.nc,2000-07-29,elevation,216389,121773,0.5627504170729566
20000729.nc,2000-07-29,PM2.5,216389,121773,0.5627504170729566
20000729.nc,2000-07-29,bcpr,216389,121773,0.5627504170729566
20000729.nc,2000-07-29,lrad,216389,121773,0.5627504170729566
20000729.nc,2000-07-29,prec,216389,121773,0.5627504170729566
20000729.nc,2000-07-29,pres,216389,121773,0.5627504170729566
20000729.nc,2000-07-29,rain,216389,121773,0.5627504170729566
20000729.nc,2000-07-29,rhum,216389,121773,0.5627504170729566
20000729.nc,2000-07-29,shum,216389,121773,0.5627504170729566
20000729.nc,2000-07-29,snow,216389,121773,0.5627504170729566
20000729.nc,2000-07-29,srad,216389,121773,0.5627504170729566
20000729.nc,2000-07-29,temp,216389,121773,0.5627504170729566
20000729.nc,2000-07-29,wind,216389,121773,0.5627504170729566
20000730.nc,2000-07-30,elevation,216389,121773,0.5627504170729566
20000730.nc,2000-07-30,PM2.5,216389,121773,0.5627504170729566
20000730.nc,2000-07-30,bcpr,216389,121773,0.5627504170729566
20000730.nc,2000-07-30,lrad,216389,121773,0.5627504170729566
20000730.nc,2000-07-30,prec,216389,121773,0.5627504170729566
20000730.nc,2000-07-30,pres,216389,121773,0.5627504170729566
20000730.nc,2000-07-30,rain,216389,121773,0.5627504170729566
20000730.nc,2000-07-30,rhum,216389,121773,0.5627504170729566
20000730.nc,2000-07-30,shum,216389,121773,0.5627504170729566
20000730.nc,2000-07-30,snow,216389,121773,0.5627504170729566
20000730.nc,2000-07-30,srad,216389,121773,0.5627504170729566
20000730.nc,2000-07-30,temp,216389,121773,0.5627504170729566
20000730.nc,2000-07-30,wind,216389,121773,0.5627504170729566
20000731.nc,2000-07-31,elevation,216389,121773,0.5627504170729566
20000731.nc,2000-07-31,PM2.5,216389,121773,0.5627504170729566
20000731.nc,2000-07-31,bcpr,216389,121773,0.5627504170729566
20000731.nc,2000-07-31,lrad,216389,121773,0.5627504170729566
20000731.nc,2000-07-31,prec,216389,121773,0.5627504170729566
20000731.nc,2000-07-31,pres,216389,121773,0.5627504170729566
20000731.nc,2000-07-31,rain,216389,121773,0.5627504170729566
20000731.nc,2000-07-31,rhum,216389,121773,0.5627504170729566
20000731.nc,2000-07-31,shum,216389,121773,0.5627504170729566
20000731.nc,2000-07-31,snow,216389,121773,0.5627504170729566
20000731.nc,2000-07-31,srad,216389,121773,0.5627504170729566
20000731.nc,2000-07-31,temp,216389,121773,0.5627504170729566
20000731.nc,2000-07-31,wind,216389,121773,0.5627504170729566
20000801.nc,2000-08-01,elevation,216389,121773,0.5627504170729566
20000801.nc,2000-08-01,PM2.5,216389,121773,0.5627504170729566
20000801.nc,2000-08-01,bcpr,216389,121773,0.5627504170729566
20000801.nc,2000-08-01,lrad,216389,121773,0.5627504170729566
20000801.nc,2000-08-01,prec,216389,121773,0.5627504170729566
20000801.nc,2000-08-01,pres,216389,121773,0.5627504170729566
20000801.nc,2000-08-01,rain,216389,121773,0.5627504170729566
20000801.nc,2000-08-01,rhum,216389,121773,0.5627504170729566
20000801.nc,2000-08-01,shum,216389,121773,0.5627504170729566
20000801.nc,2000-08-01,snow,216389,121773,0.5627504170729566
20000801.nc,2000-08-01,srad,216389,121773,0.5627504170729566
20000801.nc,2000-08-01,temp,216389,121773,0.5627504170729566
20000801.nc,2000-08-01,wind,216389,121773,0.5627504170729566
20000802.nc,2000-08-02,elevation,216389,121773,0.5627504170729566
20000802.nc,2000-08-02,PM2.5,216389,121773,0.5627504170729566
20000802.nc,2000-08-02,bcpr,216389,121773,0.5627504170729566
20000802.nc,2000-08-02,lrad,216389,121773,0.5627504170729566
20000802.nc,2000-08-02,prec,216389,121773,0.5627504170729566
20000802.nc,2000-08-02,pres,216389,121773,0.5627504170729566
20000802.nc,2000-08-02,rain,216389,121773,0.5627504170729566
20000802.nc,2000-08-02,rhum,216389,121773,0.5627504170729566
20000802.nc,2000-08-02,shum,216389,121773,0.5627504170729566
20000802.nc,2000-08-02,snow,216389,121773,0.5627504170729566
20000802.nc,2000-08-02,srad,216389,121773,0.5627504170729566
20000802.nc,2000-08-02,temp,216389,121773,0.5627504170729566
20000802.nc,2000-08-02,wind,216389,121773,0.5627504170729566
20000803.nc,2000-08-03,elevation,216389,121773,0.5627504170729566
20000803.nc,2000-08-03,PM2.5,216389,121773,0.5627504170729566
20000803.nc,2000-08-03,bcpr,216389,121773,0.5627504170729566
20000803.nc,2000-08-03,lrad,216389,121773,0.5627504170729566
20000803.nc,2000-08-03,prec,216389,121773,0.5627504170729566
20000803.nc,2000-08-03,pres,216389,121773,0.5627504170729566
20000803.nc,2000-08-03,rain,216389,121773,0.5627504170729566
20000803.nc,2000-08-03,rhum,216389,121773,0.5627504170729566
20000803.nc,2000-08-03,shum,216389,121773,0.5627504170729566
20000803.nc,2000-08-03,snow,216389,121773,0.5627504170729566
20000803.nc,2000-08-03,srad,216389,121773,0.5627504170729566
20000803.nc,2000-08-03,temp,216389,121773,0.5627504170729566
20000803.nc,2000-08-03,wind,216389,121773,0.5627504170729566
20000804.nc,2000-08-04,elevation,216389,121773,0.5627504170729566
20000804.nc,2000-08-04,PM2.5,216389,121773,0.5627504170729566
20000804.nc,2000-08-04,bcpr,216389,121773,0.5627504170729566
20000804.nc,2000-08-04,lrad,216389,121773,0.5627504170729566
20000804.nc,2000-08-04,prec,216389,121773,0.5627504170729566
20000804.nc,2000-08-04,pres,216389,121773,0.5627504170729566
20000804.nc,2000-08-04,rain,216389,121773,0.5627504170729566
20000804.nc,2000-08-04,rhum,216389,121773,0.5627504170729566
20000804.nc,2000-08-04,shum,216389,121773,0.5627504170729566
20000804.nc,2000-08-04,snow,216389,121773,0.5627504170729566
20000804.nc,2000-08-04,srad,216389,121773,0.5627504170729566
20000804.nc,2000-08-04,temp,216389,121773,0.5627504170729566
20000804.nc,2000-08-04,wind,216389,121773,0.5627504170729566
20000805.nc,2000-08-05,elevation,216389,121773,0.5627504170729566
20000805.nc,2000-08-05,PM2.5,216389,121773,0.5627504170729566
20000805.nc,2000-08-05,bcpr,216389,121773,0.5627504170729566
20000805.nc,2000-08-05,lrad,216389,121773,0.5627504170729566
20000805.nc,2000-08-05,prec,216389,121773,0.5627504170729566
20000805.nc,2000-08-05,pres,216389,121773,0.5627504170729566
20000805.nc,2000-08-05,rain,216389,121773,0.5627504170729566
20000805.nc,2000-08-05,rhum,216389,121773,0.5627504170729566
20000805.nc,2000-08-05,shum,216389,121773,0.5627504170729566
20000805.nc,2000-08-05,snow,216389,121773,0.5627504170729566
20000805.nc,2000-08-05,srad,216389,121773,0.5627504170729566
20000805.nc,2000-08-05,temp,216389,121773,0.5627504170729566
20000805.nc,2000-08-05,wind,216389,121773,0.5627504170729566
20000806.nc,2000-08-06,elevation,216389,121773,0.5627504170729566
20000806.nc,2000-08-06,PM2.5,216389,121773,0.5627504170729566
20000806.nc,2000-08-06,bcpr,216389,121773,0.5627504170729566
20000806.nc,2000-08-06,lrad,216389,121773,0.5627504170729566
20000806.nc,2000-08-06,prec,216389,121773,0.5627504170729566
20000806.nc,2000-08-06,pres,216389,121773,0.5627504170729566
20000806.nc,2000-08-06,rain,216389,121773,0.5627504170729566
20000806.nc,2000-08-06,rhum,216389,121773,0.5627504170729566
20000806.nc,2000-08-06,shum,216389,121773,0.5627504170729566
20000806.nc,2000-08-06,snow,216389,121773,0.5627504170729566
20000806.nc,2000-08-06,srad,216389,121773,0.5627504170729566
20000806.nc,2000-08-06,temp,216389,121773,0.5627504170729566
20000806.nc,2000-08-06,wind,216389,121773,0.5627504170729566
20000807.nc,2000-08-07,elevation,216389,121773,0.5627504170729566
20000807.nc,2000-08-07,PM2.5,216389,121773,0.5627504170729566
20000807.nc,2000-08-07,bcpr,216389,121773,0.5627504170729566
20000807.nc,2000-08-07,lrad,216389,121773,0.5627504170729566
20000807.nc,2000-08-07,prec,216389,121773,0.5627504170729566
20000807.nc,2000-08-07,pres,216389,121773,0.5627504170729566
20000807.nc,2000-08-07,rain,216389,121773,0.5627504170729566
20000807.nc,2000-08-07,rhum,216389,121773,0.5627504170729566
20000807.nc,2000-08-07,shum,216389,121773,0.5627504170729566
20000807.nc,2000-08-07,snow,216389,121773,0.5627504170729566
20000807.nc,2000-08-07,srad,216389,121773,0.5627504170729566
20000807.nc,2000-08-07,temp,216389,121773,0.5627504170729566
20000807.nc,2000-08-07,wind,216389,121773,0.5627504170729566
20000808.nc,2000-08-08,elevation,216389,121773,0.5627504170729566
20000808.nc,2000-08-08,PM2.5,216389,121773,0.5627504170729566
20000808.nc,2000-08-08,bcpr,216389,121773,0.5627504170729566
20000808.nc,2000-08-08,lrad,216389,121773,0.5627504170729566
20000808.nc,2000-08-08,prec,216389,121773,0.5627504170729566
20000808.nc,2000-08-08,pres,216389,121773,0.5627504170729566
20000808.nc,2000-08-08,rain,216389,121773,0.5627504170729566
20000808.nc,2000-08-08,rhum,216389,121773,0.5627504170729566
20000808.nc,2000-08-08,shum,216389,121773,0.5627504170729566
20000808.nc,2000-08-08,snow,216389,121773,0.5627504170729566
20000808.nc,2000-08-08,srad,216389,121773,0.5627504170729566
20000808.nc,2000-08-08,temp,216389,121773,0.5627504170729566
20000808.nc,2000-08-08,wind,216389,121773,0.5627504170729566
20000809.nc,2000-08-09,elevation,216389,121773,0.5627504170729566
20000809.nc,2000-08-09,PM2.5,216389,121773,0.5627504170729566
20000809.nc,2000-08-09,bcpr,216389,121773,0.5627504170729566
20000809.nc,2000-08-09,lrad,216389,121773,0.5627504170729566
20000809.nc,2000-08-09,prec,216389,121773,0.5627504170729566
20000809.nc,2000-08-09,pres,216389,121773,0.5627504170729566
20000809.nc,2000-08-09,rain,216389,121773,0.5627504170729566
20000809.nc,2000-08-09,rhum,216389,121773,0.5627504170729566
20000809.nc,2000-08-09,shum,216389,121773,0.5627504170729566
20000809.nc,2000-08-09,snow,216389,121773,0.5627504170729566
20000809.nc,2000-08-09,srad,216389,121773,0.5627504170729566
20000809.nc,2000-08-09,temp,216389,121773,0.5627504170729566
20000809.nc,2000-08-09,wind,216389,121773,0.5627504170729566
20000810.nc,2000-08-10,elevation,216389,121773,0.5627504170729566
20000810.nc,2000-08-10,PM2.5,216389,121773,0.5627504170729566
20000810.nc,2000-08-10,bcpr,216389,121773,0.5627504170729566
20000810.nc,2000-08-10,lrad,216389,121773,0.5627504170729566
20000810.nc,2000-08-10,prec,216389,121773,0.5627504170729566
20000810.nc,2000-08-10,pres,216389,121773,0.5627504170729566
20000810.nc,2000-08-10,rain,216389,121773,0.5627504170729566
20000810.nc,2000-08-10,rhum,216389,121773,0.5627504170729566
20000810.nc,2000-08-10,shum,216389,121773,0.5627504170729566
20000810.nc,2000-08-10,snow,216389,121773,0.5627504170729566
20000810.nc,2000-08-10,srad,216389,121773,0.5627504170729566
20000810.nc,2000-08-10,temp,216389,121773,0.5627504170729566
20000810.nc,2000-08-10,wind,216389,121773,0.5627504170729566
20000811.nc,2000-08-11,elevation,216389,121773,0.5627504170729566
20000811.nc,2000-08-11,PM2.5,216389,121773,0.5627504170729566
20000811.nc,2000-08-11,bcpr,216389,121773,0.5627504170729566
20000811.nc,2000-08-11,lrad,216389,121773,0.5627504170729566
20000811.nc,2000-08-11,prec,216389,121773,0.5627504170729566
20000811.nc,2000-08-11,pres,216389,121773,0.5627504170729566
20000811.nc,2000-08-11,rain,216389,121773,0.5627504170729566
20000811.nc,2000-08-11,rhum,216389,121773,0.5627504170729566
20000811.nc,2000-08-11,shum,216389,121773,0.5627504170729566
20000811.nc,2000-08-11,snow,216389,121773,0.5627504170729566
20000811.nc,2000-08-11,srad,216389,121773,0.5627504170729566
20000811.nc,2000-08-11,temp,216389,121773,0.5627504170729566
20000811.nc,2000-08-11,wind,216389,121773,0.5627504170729566
20000812.nc,2000-08-12,elevation,216389,121773,0.5627504170729566
20000812.nc,2000-08-12,PM2.5,216389,121773,0.5627504170729566
20000812.nc,2000-08-12,bcpr,216389,121773,0.5627504170729566
20000812.nc,2000-08-12,lrad,216389,121773,0.5627504170729566
20000812.nc,2000-08-12,prec,216389,121773,0.5627504170729566
20000812.nc,2000-08-12,pres,216389,121773,0.5627504170729566
20000812.nc,2000-08-12,rain,216389,121773,0.5627504170729566
20000812.nc,2000-08-12,rhum,216389,121773,0.5627504170729566
20000812.nc,2000-08-12,shum,216389,121773,0.5627504170729566
20000812.nc,2000-08-12,snow,216389,121773,0.5627504170729566
20000812.nc,2000-08-12,srad,216389,121773,0.5627504170729566
20000812.nc,2000-08-12,temp,216389,121773,0.5627504170729566
20000812.nc,2000-08-12,wind,216389,121773,0.5627504170729566
20000813.nc,2000-08-13,elevation,216389,121773,0.5627504170729566
20000813.nc,2000-08-13,PM2.5,216389,121773,0.5627504170729566
20000813.nc,2000-08-13,bcpr,216389,121773,0.5627504170729566
20000813.nc,2000-08-13,lrad,216389,121773,0.5627504170729566
20000813.nc,2000-08-13,prec,216389,121773,0.5627504170729566
20000813.nc,2000-08-13,pres,216389,121773,0.5627504170729566
20000813.nc,2000-08-13,rain,216389,121773,0.5627504170729566
20000813.nc,2000-08-13,rhum,216389,121773,0.5627504170729566
20000813.nc,2000-08-13,shum,216389,121773,0.5627504170729566
20000813.nc,2000-08-13,snow,216389,121773,0.5627504170729566
20000813.nc,2000-08-13,srad,216389,121773,0.5627504170729566
20000813.nc,2000-08-13,temp,216389,121773,0.5627504170729566
20000813.nc,2000-08-13,wind,216389,121773,0.5627504170729566
20000814.nc,2000-08-14,elevation,216389,121773,0.5627504170729566
20000814.nc,2000-08-14,PM2.5,216389,121773,0.5627504170729566
20000814.nc,2000-08-14,bcpr,216389,121773,0.5627504170729566
20000814.nc,2000-08-14,lrad,216389,121773,0.5627504170729566
20000814.nc,2000-08-14,prec,216389,121773,0.5627504170729566
20000814.nc,2000-08-14,pres,216389,121773,0.5627504170729566
20000814.nc,2000-08-14,rain,216389,121773,0.5627504170729566
20000814.nc,2000-08-14,rhum,216389,121773,0.5627504170729566
20000814.nc,2000-08-14,shum,216389,121773,0.5627504170729566
20000814.nc,2000-08-14,snow,216389,121773,0.5627504170729566
20000814.nc,2000-08-14,srad,216389,121773,0.5627504170729566
20000814.nc,2000-08-14,temp,216389,121773,0.5627504170729566
20000814.nc,2000-08-14,wind,216389,121773,0.5627504170729566
20000815.nc,2000-08-15,elevation,216389,121773,0.5627504170729566
20000815.nc,2000-08-15,PM2.5,216389,121773,0.5627504170729566
20000815.nc,2000-08-15,bcpr,216389,121773,0.5627504170729566
20000815.nc,2000-08-15,lrad,216389,121773,0.5627504170729566
20000815.nc,2000-08-15,prec,216389,121773,0.5627504170729566
20000815.nc,2000-08-15,pres,216389,121773,0.5627504170729566
20000815.nc,2000-08-15,rain,216389,121773,0.5627504170729566
20000815.nc,2000-08-15,rhum,216389,121773,0.5627504170729566
20000815.nc,2000-08-15,shum,216389,121773,0.5627504170729566
20000815.nc,2000-08-15,snow,216389,121773,0.5627504170729566
20000815.nc,2000-08-15,srad,216389,121773,0.5627504170729566
20000815.nc,2000-08-15,temp,216389,121773,0.5627504170729566
20000815.nc,2000-08-15,wind,216389,121773,0.5627504170729566
20000816.nc,2000-08-16,elevation,216389,121773,0.5627504170729566
20000816.nc,2000-08-16,PM2.5,216389,121773,0.5627504170729566
20000816.nc,2000-08-16,bcpr,216389,121773,0.5627504170729566
20000816.nc,2000-08-16,lrad,216389,121773,0.5627504170729566
20000816.nc,2000-08-16,prec,216389,121773,0.5627504170729566
20000816.nc,2000-08-16,pres,216389,121773,0.5627504170729566
20000816.nc,2000-08-16,rain,216389,121773,0.5627504170729566
20000816.nc,2000-08-16,rhum,216389,121773,0.5627504170729566
20000816.nc,2000-08-16,shum,216389,121773,0.5627504170729566
20000816.nc,2000-08-16,snow,216389,121773,0.5627504170729566
20000816.nc,2000-08-16,srad,216389,121773,0.5627504170729566
20000816.nc,2000-08-16,temp,216389,121773,0.5627504170729566
20000816.nc,2000-08-16,wind,216389,121773,0.5627504170729566
20000817.nc,2000-08-17,elevation,216389,121773,0.5627504170729566
20000817.nc,2000-08-17,PM2.5,216389,121773,0.5627504170729566
20000817.nc,2000-08-17,bcpr,216389,121773,0.5627504170729566
20000817.nc,2000-08-17,lrad,216389,121773,0.5627504170729566
20000817.nc,2000-08-17,prec,216389,121773,0.5627504170729566
20000817.nc,2000-08-17,pres,216389,121773,0.5627504170729566
20000817.nc,2000-08-17,rain,216389,121773,0.5627504170729566
20000817.nc,2000-08-17,rhum,216389,121773,0.5627504170729566
20000817.nc,2000-08-17,shum,216389,121773,0.5627504170729566
20000817.nc,2000-08-17,snow,216389,121773,0.5627504170729566
20000817.nc,2000-08-17,srad,216389,121773,0.5627504170729566
20000817.nc,2000-08-17,temp,216389,121773,0.5627504170729566
20000817.nc,2000-08-17,wind,216389,121773,0.5627504170729566
20000818.nc,2000-08-18,elevation,216389,121773,0.5627504170729566
20000818.nc,2000-08-18,PM2.5,216389,121773,0.5627504170729566
20000818.nc,2000-08-18,bcpr,216389,121773,0.5627504170729566
20000818.nc,2000-08-18,lrad,216389,121773,0.5627504170729566
20000818.nc,2000-08-18,prec,216389,121773,0.5627504170729566
20000818.nc,2000-08-18,pres,216389,121773,0.5627504170729566
20000818.nc,2000-08-18,rain,216389,121773,0.5627504170729566
20000818.nc,2000-08-18,rhum,216389,121773,0.5627504170729566
20000818.nc,2000-08-18,shum,216389,121773,0.5627504170729566
20000818.nc,2000-08-18,snow,216389,121773,0.5627504170729566
20000818.nc,2000-08-18,srad,216389,121773,0.5627504170729566
20000818.nc,2000-08-18,temp,216389,121773,0.5627504170729566
20000818.nc,2000-08-18,wind,216389,121773,0.5627504170729566
20000819.nc,2000-08-19,elevation,216389,121773,0.5627504170729566
20000819.nc,2000-08-19,PM2.5,216389,121773,0.5627504170729566
20000819.nc,2000-08-19,bcpr,216389,121773,0.5627504170729566
20000819.nc,2000-08-19,lrad,216389,121773,0.5627504170729566
20000819.nc,2000-08-19,prec,216389,121773,0.5627504170729566
20000819.nc,2000-08-19,pres,216389,121773,0.5627504170729566
20000819.nc,2000-08-19,rain,216389,121773,0.5627504170729566
20000819.nc,2000-08-19,rhum,216389,121773,0.5627504170729566
20000819.nc,2000-08-19,shum,216389,121773,0.5627504170729566
20000819.nc,2000-08-19,snow,216389,121773,0.5627504170729566
20000819.nc,2000-08-19,srad,216389,121773,0.5627504170729566
20000819.nc,2000-08-19,temp,216389,121773,0.5627504170729566
20000819.nc,2000-08-19,wind,216389,121773,0.5627504170729566
20000820.nc,2000-08-20,elevation,216389,121773,0.5627504170729566
20000820.nc,2000-08-20,PM2.5,216389,121773,0.5627504170729566
20000820.nc,2000-08-20,bcpr,216389,121773,0.5627504170729566
20000820.nc,2000-08-20,lrad,216389,121773,0.5627504170729566
20000820.nc,2000-08-20,prec,216389,121773,0.5627504170729566
20000820.nc,2000-08-20,pres,216389,121773,0.5627504170729566
20000820.nc,2000-08-20,rain,216389,121773,0.5627504170729566
20000820.nc,2000-08-20,rhum,216389,121773,0.5627504170729566
20000820.nc,2000-08-20,shum,216389,121773,0.5627504170729566
20000820.nc,2000-08-20,snow,216389,121773,0.5627504170729566
20000820.nc,2000-08-20,srad,216389,121773,0.5627504170729566
20000820.nc,2000-08-20,temp,216389,121773,0.5627504170729566
20000820.nc,2000-08-20,wind,216389,121773,0.5627504170729566
20000821.nc,2000-08-21,elevation,216389,121773,0.5627504170729566
20000821.nc,2000-08-21,PM2.5,216389,121773,0.5627504170729566
20000821.nc,2000-08-21,bcpr,216389,121773,0.5627504170729566
20000821.nc,2000-08-21,lrad,216389,121773,0.5627504170729566
20000821.nc,2000-08-21,prec,216389,121773,0.5627504170729566
20000821.nc,2000-08-21,pres,216389,121773,0.5627504170729566
20000821.nc,2000-08-21,rain,216389,121773,0.5627504170729566
20000821.nc,2000-08-21,rhum,216389,121773,0.5627504170729566
20000821.nc,2000-08-21,shum,216389,121773,0.5627504170729566
20000821.nc,2000-08-21,snow,216389,121773,0.5627504170729566
20000821.nc,2000-08-21,srad,216389,121773,0.5627504170729566
20000821.nc,2000-08-21,temp,216389,121773,0.5627504170729566
20000821.nc,2000-08-21,wind,216389,121773,0.5627504170729566
20000822.nc,2000-08-22,elevation,216389,121773,0.5627504170729566
20000822.nc,2000-08-22,PM2.5,216389,121773,0.5627504170729566
20000822.nc,2000-08-22,bcpr,216389,121773,0.5627504170729566
20000822.nc,2000-08-22,lrad,216389,121773,0.5627504170729566
20000822.nc,2000-08-22,prec,216389,121773,0.5627504170729566
20000822.nc,2000-08-22,pres,216389,121773,0.5627504170729566
20000822.nc,2000-08-22,rain,216389,121773,0.5627504170729566
20000822.nc,2000-08-22,rhum,216389,121773,0.5627504170729566
20000822.nc,2000-08-22,shum,216389,121773,0.5627504170729566
20000822.nc,2000-08-22,snow,216389,121773,0.5627504170729566
20000822.nc,2000-08-22,srad,216389,121773,0.5627504170729566
20000822.nc,2000-08-22,temp,216389,121773,0.5627504170729566
20000822.nc,2000-08-22,wind,216389,121773,0.5627504170729566
20000823.nc,2000-08-23,elevation,216389,121773,0.5627504170729566
20000823.nc,2000-08-23,PM2.5,216389,121773,0.5627504170729566
20000823.nc,2000-08-23,bcpr,216389,121773,0.5627504170729566
20000823.nc,2000-08-23,lrad,216389,121773,0.5627504170729566
20000823.nc,2000-08-23,prec,216389,121773,0.5627504170729566
20000823.nc,2000-08-23,pres,216389,121773,0.5627504170729566
20000823.nc,2000-08-23,rain,216389,121773,0.5627504170729566
20000823.nc,2000-08-23,rhum,216389,121773,0.5627504170729566
20000823.nc,2000-08-23,shum,216389,121773,0.5627504170729566
20000823.nc,2000-08-23,snow,216389,121773,0.5627504170729566
20000823.nc,2000-08-23,srad,216389,121773,0.5627504170729566
20000823.nc,2000-08-23,temp,216389,121773,0.5627504170729566
20000823.nc,2000-08-23,wind,216389,121773,0.5627504170729566
20000824.nc,2000-08-24,elevation,216389,121773,0.5627504170729566
20000824.nc,2000-08-24,PM2.5,216389,121773,0.5627504170729566
20000824.nc,2000-08-24,bcpr,216389,121773,0.5627504170729566
20000824.nc,2000-08-24,lrad,216389,121773,0.5627504170729566
20000824.nc,2000-08-24,prec,216389,121773,0.5627504170729566
20000824.nc,2000-08-24,pres,216389,121773,0.5627504170729566
20000824.nc,2000-08-24,rain,216389,121773,0.5627504170729566
20000824.nc,2000-08-24,rhum,216389,121773,0.5627504170729566
20000824.nc,2000-08-24,shum,216389,121773,0.5627504170729566
20000824.nc,2000-08-24,snow,216389,121773,0.5627504170729566
20000824.nc,2000-08-24,srad,216389,121773,0.5627504170729566
20000824.nc,2000-08-24,temp,216389,121773,0.5627504170729566
20000824.nc,2000-08-24,wind,216389,121773,0.5627504170729566
20000825.nc,2000-08-25,elevation,216389,121773,0.5627504170729566
20000825.nc,2000-08-25,PM2.5,216389,121773,0.5627504170729566
20000825.nc,2000-08-25,bcpr,216389,121773,0.5627504170729566
20000825.nc,2000-08-25,lrad,216389,121773,0.5627504170729566
20000825.nc,2000-08-25,prec,216389,121773,0.5627504170729566
20000825.nc,2000-08-25,pres,216389,121773,0.5627504170729566
20000825.nc,2000-08-25,rain,216389,121773,0.5627504170729566
20000825.nc,2000-08-25,rhum,216389,121773,0.5627504170729566
20000825.nc,2000-08-25,shum,216389,121773,0.5627504170729566
20000825.nc,2000-08-25,snow,216389,121773,0.5627504170729566
20000825.nc,2000-08-25,srad,216389,121773,0.5627504170729566
20000825.nc,2000-08-25,temp,216389,121773,0.5627504170729566
20000825.nc,2000-08-25,wind,216389,121773,0.5627504170729566
20000826.nc,2000-08-26,elevation,216389,121773,0.5627504170729566
20000826.nc,2000-08-26,PM2.5,216389,121773,0.5627504170729566
20000826.nc,2000-08-26,bcpr,216389,121773,0.5627504170729566
20000826.nc,2000-08-26,lrad,216389,121773,0.5627504170729566
20000826.nc,2000-08-26,prec,216389,121773,0.5627504170729566
20000826.nc,2000-08-26,pres,216389,121773,0.5627504170729566
20000826.nc,2000-08-26,rain,216389,121773,0.5627504170729566
20000826.nc,2000-08-26,rhum,216389,121773,0.5627504170729566
20000826.nc,2000-08-26,shum,216389,121773,0.5627504170729566
20000826.nc,2000-08-26,snow,216389,121773,0.5627504170729566
20000826.nc,2000-08-26,srad,216389,121773,0.5627504170729566
20000826.nc,2000-08-26,temp,216389,121773,0.5627504170729566
20000826.nc,2000-08-26,wind,216389,121773,0.5627504170729566
20000827.nc,2000-08-27,elevation,216389,121773,0.5627504170729566
20000827.nc,2000-08-27,PM2.5,216389,121773,0.5627504170729566
20000827.nc,2000-08-27,bcpr,216389,121773,0.5627504170729566
20000827.nc,2000-08-27,lrad,216389,121773,0.5627504170729566
20000827.nc,2000-08-27,prec,216389,121773,0.5627504170729566
20000827.nc,2000-08-27,pres,216389,121773,0.5627504170729566
20000827.nc,2000-08-27,rain,216389,121773,0.5627504170729566
20000827.nc,2000-08-27,rhum,216389,121773,0.5627504170729566
20000827.nc,2000-08-27,shum,216389,121773,0.5627504170729566
20000827.nc,2000-08-27,snow,216389,121773,0.5627504170729566
20000827.nc,2000-08-27,srad,216389,121773,0.5627504170729566
20000827.nc,2000-08-27,temp,216389,121773,0.5627504170729566
20000827.nc,2000-08-27,wind,216389,121773,0.5627504170729566
20000828.nc,2000-08-28,elevation,216389,121773,0.5627504170729566
20000828.nc,2000-08-28,PM2.5,216389,121773,0.5627504170729566
20000828.nc,2000-08-28,bcpr,216389,121773,0.5627504170729566
20000828.nc,2000-08-28,lrad,216389,121773,0.5627504170729566
20000828.nc,2000-08-28,prec,216389,121773,0.5627504170729566
20000828.nc,2000-08-28,pres,216389,121773,0.5627504170729566
20000828.nc,2000-08-28,rain,216389,121773,0.5627504170729566
20000828.nc,2000-08-28,rhum,216389,121773,0.5627504170729566
20000828.nc,2000-08-28,shum,216389,121773,0.5627504170729566
20000828.nc,2000-08-28,snow,216389,121773,0.5627504170729566
20000828.nc,2000-08-28,srad,216389,121773,0.5627504170729566
20000828.nc,2000-08-28,temp,216389,121773,0.5627504170729566
20000828.nc,2000-08-28,wind,216389,121773,0.5627504170729566
20000829.nc,2000-08-29,elevation,216389,121773,0.5627504170729566
20000829.nc,2000-08-29,PM2.5,216389,121773,0.5627504170729566
20000829.nc,2000-08-29,bcpr,216389,121773,0.5627504170729566
20000829.nc,2000-08-29,lrad,216389,121773,0.5627504170729566
20000829.nc,2000-08-29,prec,216389,121773,0.5627504170729566
20000829.nc,2000-08-29,pres,216389,121773,0.5627504170729566
20000829.nc,2000-08-29,rain,216389,121773,0.5627504170729566
20000829.nc,2000-08-29,rhum,216389,121773,0.5627504170729566
20000829.nc,2000-08-29,shum,216389,121773,0.5627504170729566
20000829.nc,2000-08-29,snow,216389,121773,0.5627504170729566
20000829.nc,2000-08-29,srad,216389,121773,0.5627504170729566
20000829.nc,2000-08-29,temp,216389,121773,0.5627504170729566
20000829.nc,2000-08-29,wind,216389,121773,0.5627504170729566
20000830.nc,2000-08-30,elevation,216389,121773,0.5627504170729566
20000830.nc,2000-08-30,PM2.5,216389,121773,0.5627504170729566
20000830.nc,2000-08-30,bcpr,216389,121773,0.5627504170729566
20000830.nc,2000-08-30,lrad,216389,121773,0.5627504170729566
20000830.nc,2000-08-30,prec,216389,121773,0.5627504170729566
20000830.nc,2000-08-30,pres,216389,121773,0.5627504170729566
20000830.nc,2000-08-30,rain,216389,121773,0.5627504170729566
20000830.nc,2000-08-30,rhum,216389,121773,0.5627504170729566
20000830.nc,2000-08-30,shum,216389,121773,0.5627504170729566
20000830.nc,2000-08-30,snow,216389,121773,0.5627504170729566
20000830.nc,2000-08-30,srad,216389,121773,0.5627504170729566
20000830.nc,2000-08-30,temp,216389,121773,0.5627504170729566
20000830.nc,2000-08-30,wind,216389,121773,0.5627504170729566
20000831.nc,2000-08-31,elevation,216389,121773,0.5627504170729566
20000831.nc,2000-08-31,PM2.5,216389,121773,0.5627504170729566
20000831.nc,2000-08-31,bcpr,216389,121773,0.5627504170729566
20000831.nc,2000-08-31,lrad,216389,121773,0.5627504170729566
20000831.nc,2000-08-31,prec,216389,121773,0.5627504170729566
20000831.nc,2000-08-31,pres,216389,121773,0.5627504170729566
20000831.nc,2000-08-31,rain,216389,121773,0.5627504170729566
20000831.nc,2000-08-31,rhum,216389,121773,0.5627504170729566
20000831.nc,2000-08-31,shum,216389,121773,0.5627504170729566
20000831.nc,2000-08-31,snow,216389,121773,0.5627504170729566
20000831.nc,2000-08-31,srad,216389,121773,0.5627504170729566
20000831.nc,2000-08-31,temp,216389,121773,0.5627504170729566
20000831.nc,2000-08-31,wind,216389,121773,0.5627504170729566
20000901.nc,2000-09-01,elevation,216389,121773,0.5627504170729566
20000901.nc,2000-09-01,PM2.5,216389,121773,0.5627504170729566
20000901.nc,2000-09-01,bcpr,216389,121773,0.5627504170729566
20000901.nc,2000-09-01,lrad,216389,121773,0.5627504170729566
20000901.nc,2000-09-01,prec,216389,121773,0.5627504170729566
20000901.nc,2000-09-01,pres,216389,121773,0.5627504170729566
20000901.nc,2000-09-01,rain,216389,121773,0.5627504170729566
20000901.nc,2000-09-01,rhum,216389,121773,0.5627504170729566
20000901.nc,2000-09-01,shum,216389,121773,0.5627504170729566
20000901.nc,2000-09-01,snow,216389,121773,0.5627504170729566
20000901.nc,2000-09-01,srad,216389,121773,0.5627504170729566
20000901.nc,2000-09-01,temp,216389,121773,0.5627504170729566
20000901.nc,2000-09-01,wind,216389,121773,0.5627504170729566
20000902.nc,2000-09-02,elevation,216389,121773,0.5627504170729566
20000902.nc,2000-09-02,PM2.5,216389,121773,0.5627504170729566
20000902.nc,2000-09-02,bcpr,216389,121773,0.5627504170729566
20000902.nc,2000-09-02,lrad,216389,121773,0.5627504170729566
20000902.nc,2000-09-02,prec,216389,121773,0.5627504170729566
20000902.nc,2000-09-02,pres,216389,121773,0.5627504170729566
20000902.nc,2000-09-02,rain,216389,121773,0.5627504170729566
20000902.nc,2000-09-02,rhum,216389,121773,0.5627504170729566
20000902.nc,2000-09-02,shum,216389,121773,0.5627504170729566
20000902.nc,2000-09-02,snow,216389,121773,0.5627504170729566
20000902.nc,2000-09-02,srad,216389,121773,0.5627504170729566
20000902.nc,2000-09-02,temp,216389,121773,0.5627504170729566
20000902.nc,2000-09-02,wind,216389,121773,0.5627504170729566
20000903.nc,2000-09-03,elevation,216389,121773,0.5627504170729566
20000903.nc,2000-09-03,PM2.5,216389,121773,0.5627504170729566
20000903.nc,2000-09-03,bcpr,216389,121773,0.5627504170729566
20000903.nc,2000-09-03,lrad,216389,121773,0.5627504170729566
20000903.nc,2000-09-03,prec,216389,121773,0.5627504170729566
20000903.nc,2000-09-03,pres,216389,121773,0.5627504170729566
20000903.nc,2000-09-03,rain,216389,121773,0.5627504170729566
20000903.nc,2000-09-03,rhum,216389,121773,0.5627504170729566
20000903.nc,2000-09-03,shum,216389,121773,0.5627504170729566
20000903.nc,2000-09-03,snow,216389,121773,0.5627504170729566
20000903.nc,2000-09-03,srad,216389,121773,0.5627504170729566
20000903.nc,2000-09-03,temp,216389,121773,0.5627504170729566
20000903.nc,2000-09-03,wind,216389,121773,0.5627504170729566
20000904.nc,2000-09-04,elevation,216389,121773,0.5627504170729566
20000904.nc,2000-09-04,PM2.5,216389,121773,0.5627504170729566
20000904.nc,2000-09-04,bcpr,216389,121773,0.5627504170729566
20000904.nc,2000-09-04,lrad,216389,121773,0.5627504170729566
20000904.nc,2000-09-04,prec,216389,121773,0.5627504170729566
20000904.nc,2000-09-04,pres,216389,121773,0.5627504170729566
20000904.nc,2000-09-04,rain,216389,121773,0.5627504170729566
20000904.nc,2000-09-04,rhum,216389,121773,0.5627504170729566
20000904.nc,2000-09-04,shum,216389,121773,0.5627504170729566
20000904.nc,2000-09-04,snow,216389,121773,0.5627504170729566
20000904.nc,2000-09-04,srad,216389,121773,0.5627504170729566
20000904.nc,2000-09-04,temp,216389,121773,0.5627504170729566
20000904.nc,2000-09-04,wind,216389,121773,0.5627504170729566
20000905.nc,2000-09-05,elevation,216389,121773,0.5627504170729566
20000905.nc,2000-09-05,PM2.5,216389,121773,0.5627504170729566
20000905.nc,2000-09-05,bcpr,216389,121773,0.5627504170729566
20000905.nc,2000-09-05,lrad,216389,121773,0.5627504170729566
20000905.nc,2000-09-05,prec,216389,121773,0.5627504170729566
20000905.nc,2000-09-05,pres,216389,121773,0.5627504170729566
20000905.nc,2000-09-05,rain,216389,121773,0.5627504170729566
20000905.nc,2000-09-05,rhum,216389,121773,0.5627504170729566
20000905.nc,2000-09-05,shum,216389,121773,0.5627504170729566
20000905.nc,2000-09-05,snow,216389,121773,0.5627504170729566
20000905.nc,2000-09-05,srad,216389,121773,0.5627504170729566
20000905.nc,2000-09-05,temp,216389,121773,0.5627504170729566
20000905.nc,2000-09-05,wind,216389,121773,0.5627504170729566
20000906.nc,2000-09-06,elevation,216389,121773,0.5627504170729566
20000906.nc,2000-09-06,PM2.5,216389,121773,0.5627504170729566
20000906.nc,2000-09-06,bcpr,216389,121773,0.5627504170729566
20000906.nc,2000-09-06,lrad,216389,121773,0.5627504170729566
20000906.nc,2000-09-06,prec,216389,121773,0.5627504170729566
20000906.nc,2000-09-06,pres,216389,121773,0.5627504170729566
20000906.nc,2000-09-06,rain,216389,121773,0.5627504170729566
20000906.nc,2000-09-06,rhum,216389,121773,0.5627504170729566
20000906.nc,2000-09-06,shum,216389,121773,0.5627504170729566
20000906.nc,2000-09-06,snow,216389,121773,0.5627504170729566
20000906.nc,2000-09-06,srad,216389,121773,0.5627504170729566
20000906.nc,2000-09-06,temp,216389,121773,0.5627504170729566
20000906.nc,2000-09-06,wind,216389,121773,0.5627504170729566
20000907.nc,2000-09-07,elevation,216389,121773,0.5627504170729566
20000907.nc,2000-09-07,PM2.5,216389,121773,0.5627504170729566
20000907.nc,2000-09-07,bcpr,216389,121773,0.5627504170729566
20000907.nc,2000-09-07,lrad,216389,121773,0.5627504170729566
20000907.nc,2000-09-07,prec,216389,121773,0.5627504170729566
20000907.nc,2000-09-07,pres,216389,121773,0.5627504170729566
20000907.nc,2000-09-07,rain,216389,121773,0.5627504170729566
20000907.nc,2000-09-07,rhum,216389,121773,0.5627504170729566
20000907.nc,2000-09-07,shum,216389,121773,0.5627504170729566
20000907.nc,2000-09-07,snow,216389,121773,0.5627504170729566
20000907.nc,2000-09-07,srad,216389,121773,0.5627504170729566
20000907.nc,2000-09-07,temp,216389,121773,0.5627504170729566
20000907.nc,2000-09-07,wind,216389,121773,0.5627504170729566
20000908.nc,2000-09-08,elevation,216389,121773,0.5627504170729566
20000908.nc,2000-09-08,PM2.5,216389,121773,0.5627504170729566
20000908.nc,2000-09-08,bcpr,216389,121773,0.5627504170729566
20000908.nc,2000-09-08,lrad,216389,121773,0.5627504170729566
20000908.nc,2000-09-08,prec,216389,121773,0.5627504170729566
20000908.nc,2000-09-08,pres,216389,121773,0.5627504170729566
20000908.nc,2000-09-08,rain,216389,121773,0.5627504170729566
20000908.nc,2000-09-08,rhum,216389,121773,0.5627504170729566
20000908.nc,2000-09-08,shum,216389,121773,0.5627504170729566
20000908.nc,2000-09-08,snow,216389,121773,0.5627504170729566
20000908.nc,2000-09-08,srad,216389,121773,0.5627504170729566
20000908.nc,2000-09-08,temp,216389,121773,0.5627504170729566
20000908.nc,2000-09-08,wind,216389,121773,0.5627504170729566
20000909.nc,2000-09-09,elevation,216389,121773,0.5627504170729566
20000909.nc,2000-09-09,PM2.5,216389,121773,0.5627504170729566
20000909.nc,2000-09-09,bcpr,216389,121773,0.5627504170729566
20000909.nc,2000-09-09,lrad,216389,121773,0.5627504170729566
20000909.nc,2000-09-09,prec,216389,121773,0.5627504170729566
20000909.nc,2000-09-09,pres,216389,121773,0.5627504170729566
20000909.nc,2000-09-09,rain,216389,121773,0.5627504170729566
20000909.nc,2000-09-09,rhum,216389,121773,0.5627504170729566
20000909.nc,2000-09-09,shum,216389,121773,0.5627504170729566
20000909.nc,2000-09-09,snow,216389,121773,0.5627504170729566
20000909.nc,2000-09-09,srad,216389,121773,0.5627504170729566
20000909.nc,2000-09-09,temp,216389,121773,0.5627504170729566
20000909.nc,2000-09-09,wind,216389,121773,0.5627504170729566
20000910.nc,2000-09-10,elevation,216389,121773,0.5627504170729566
20000910.nc,2000-09-10,PM2.5,216389,121773,0.5627504170729566
20000910.nc,2000-09-10,bcpr,216389,121773,0.5627504170729566
20000910.nc,2000-09-10,lrad,216389,121773,0.5627504170729566
20000910.nc,2000-09-10,prec,216389,121773,0.5627504170729566
20000910.nc,2000-09-10,pres,216389,121773,0.5627504170729566
20000910.nc,2000-09-10,rain,216389,121773,0.5627504170729566
20000910.nc,2000-09-10,rhum,216389,121773,0.5627504170729566
20000910.nc,2000-09-10,shum,216389,121773,0.5627504170729566
20000910.nc,2000-09-10,snow,216389,121773,0.5627504170729566
20000910.nc,2000-09-10,srad,216389,121773,0.5627504170729566
20000910.nc,2000-09-10,temp,216389,121773,0.5627504170729566
20000910.nc,2000-09-10,wind,216389,121773,0.5627504170729566
20000911.nc,2000-09-11,elevation,216389,121773,0.5627504170729566
20000911.nc,2000-09-11,PM2.5,216389,121773,0.5627504170729566
20000911.nc,2000-09-11,bcpr,216389,121773,0.5627504170729566
20000911.nc,2000-09-11,lrad,216389,121773,0.5627504170729566
20000911.nc,2000-09-11,prec,216389,121773,0.5627504170729566
20000911.nc,2000-09-11,pres,216389,121773,0.5627504170729566
20000911.nc,2000-09-11,rain,216389,121773,0.5627504170729566
20000911.nc,2000-09-11,rhum,216389,121773,0.5627504170729566
20000911.nc,2000-09-11,shum,216389,121773,0.5627504170729566
20000911.nc,2000-09-11,snow,216389,121773,0.5627504170729566
20000911.nc,2000-09-11,srad,216389,121773,0.5627504170729566
20000911.nc,2000-09-11,temp,216389,121773,0.5627504170729566
20000911.nc,2000-09-11,wind,216389,121773,0.5627504170729566
20000912.nc,2000-09-12,elevation,216389,121773,0.5627504170729566
20000912.nc,2000-09-12,PM2.5,216389,121773,0.5627504170729566
20000912.nc,2000-09-12,bcpr,216389,121773,0.5627504170729566
20000912.nc,2000-09-12,lrad,216389,121773,0.5627504170729566
20000912.nc,2000-09-12,prec,216389,121773,0.5627504170729566
20000912.nc,2000-09-12,pres,216389,121773,0.5627504170729566
20000912.nc,2000-09-12,rain,216389,121773,0.5627504170729566
20000912.nc,2000-09-12,rhum,216389,121773,0.5627504170729566
20000912.nc,2000-09-12,shum,216389,121773,0.5627504170729566
20000912.nc,2000-09-12,snow,216389,121773,0.5627504170729566
20000912.nc,2000-09-12,srad,216389,121773,0.5627504170729566
20000912.nc,2000-09-12,temp,216389,121773,0.5627504170729566
20000912.nc,2000-09-12,wind,216389,121773,0.5627504170729566
20000913.nc,2000-09-13,elevation,216389,121773,0.5627504170729566
20000913.nc,2000-09-13,PM2.5,216389,121773,0.5627504170729566
20000913.nc,2000-09-13,bcpr,216389,121773,0.5627504170729566
20000913.nc,2000-09-13,lrad,216389,121773,0.5627504170729566
20000913.nc,2000-09-13,prec,216389,121773,0.5627504170729566
20000913.nc,2000-09-13,pres,216389,121773,0.5627504170729566
20000913.nc,2000-09-13,rain,216389,121773,0.5627504170729566
20000913.nc,2000-09-13,rhum,216389,121773,0.5627504170729566
20000913.nc,2000-09-13,shum,216389,121773,0.5627504170729566
20000913.nc,2000-09-13,snow,216389,121773,0.5627504170729566
20000913.nc,2000-09-13,srad,216389,121773,0.5627504170729566
20000913.nc,2000-09-13,temp,216389,121773,0.5627504170729566
20000913.nc,2000-09-13,wind,216389,121773,0.5627504170729566
20000914.nc,2000-09-14,elevation,216389,121773,0.5627504170729566
20000914.nc,2000-09-14,PM2.5,216389,121773,0.5627504170729566
20000914.nc,2000-09-14,bcpr,216389,121773,0.5627504170729566
20000914.nc,2000-09-14,lrad,216389,121773,0.5627504170729566
20000914.nc,2000-09-14,prec,216389,121773,0.5627504170729566
20000914.nc,2000-09-14,pres,216389,121773,0.5627504170729566
20000914.nc,2000-09-14,rain,216389,121773,0.5627504170729566
20000914.nc,2000-09-14,rhum,216389,121773,0.5627504170729566
20000914.nc,2000-09-14,shum,216389,121773,0.5627504170729566
20000914.nc,2000-09-14,snow,216389,121773,0.5627504170729566
20000914.nc,2000-09-14,srad,216389,121773,0.5627504170729566
20000914.nc,2000-09-14,temp,216389,121773,0.5627504170729566
20000914.nc,2000-09-14,wind,216389,121773,0.5627504170729566
20000915.nc,2000-09-15,elevation,216389,121773,0.5627504170729566
20000915.nc,2000-09-15,PM2.5,216389,121773,0.5627504170729566
20000915.nc,2000-09-15,bcpr,216389,121773,0.5627504170729566
20000915.nc,2000-09-15,lrad,216389,121773,0.5627504170729566
20000915.nc,2000-09-15,prec,216389,121773,0.5627504170729566
20000915.nc,2000-09-15,pres,216389,121773,0.5627504170729566
20000915.nc,2000-09-15,rain,216389,121773,0.5627504170729566
20000915.nc,2000-09-15,rhum,216389,121773,0.5627504170729566
20000915.nc,2000-09-15,shum,216389,121773,0.5627504170729566
20000915.nc,2000-09-15,snow,216389,121773,0.5627504170729566
20000915.nc,2000-09-15,srad,216389,121773,0.5627504170729566
20000915.nc,2000-09-15,temp,216389,121773,0.5627504170729566
20000915.nc,2000-09-15,wind,216389,121773,0.5627504170729566
20000916.nc,2000-09-16,elevation,216389,121773,0.5627504170729566
20000916.nc,2000-09-16,PM2.5,216389,121773,0.5627504170729566
20000916.nc,2000-09-16,bcpr,216389,121773,0.5627504170729566
20000916.nc,2000-09-16,lrad,216389,121773,0.5627504170729566
20000916.nc,2000-09-16,prec,216389,121773,0.5627504170729566
20000916.nc,2000-09-16,pres,216389,121773,0.5627504170729566
20000916.nc,2000-09-16,rain,216389,121773,0.5627504170729566
20000916.nc,2000-09-16,rhum,216389,121773,0.5627504170729566
20000916.nc,2000-09-16,shum,216389,121773,0.5627504170729566
20000916.nc,2000-09-16,snow,216389,121773,0.5627504170729566
20000916.nc,2000-09-16,srad,216389,121773,0.5627504170729566
20000916.nc,2000-09-16,temp,216389,121773,0.5627504170729566
20000916.nc,2000-09-16,wind,216389,121773,0.5627504170729566
20000917.nc,2000-09-17,elevation,216389,121773,0.5627504170729566
20000917.nc,2000-09-17,PM2.5,216389,121773,0.5627504170729566
20000917.nc,2000-09-17,bcpr,216389,121773,0.5627504170729566
20000917.nc,2000-09-17,lrad,216389,121773,0.5627504170729566
20000917.nc,2000-09-17,prec,216389,121773,0.5627504170729566
20000917.nc,2000-09-17,pres,216389,121773,0.5627504170729566
20000917.nc,2000-09-17,rain,216389,121773,0.5627504170729566
20000917.nc,2000-09-17,rhum,216389,121773,0.5627504170729566
20000917.nc,2000-09-17,shum,216389,121773,0.5627504170729566
20000917.nc,2000-09-17,snow,216389,121773,0.5627504170729566
20000917.nc,2000-09-17,srad,216389,121773,0.5627504170729566
20000917.nc,2000-09-17,temp,216389,121773,0.5627504170729566
20000917.nc,2000-09-17,wind,216389,121773,0.5627504170729566
20000918.nc,2000-09-18,elevation,216389,121773,0.5627504170729566
20000918.nc,2000-09-18,PM2.5,216389,121773,0.5627504170729566
20000918.nc,2000-09-18,bcpr,216389,121773,0.5627504170729566
20000918.nc,2000-09-18,lrad,216389,121773,0.5627504170729566
20000918.nc,2000-09-18,prec,216389,121773,0.5627504170729566
20000918.nc,2000-09-18,pres,216389,121773,0.5627504170729566
20000918.nc,2000-09-18,rain,216389,121773,0.5627504170729566
20000918.nc,2000-09-18,rhum,216389,121773,0.5627504170729566
20000918.nc,2000-09-18,shum,216389,121773,0.5627504170729566
20000918.nc,2000-09-18,snow,216389,121773,0.5627504170729566
20000918.nc,2000-09-18,srad,216389,121773,0.5627504170729566
20000918.nc,2000-09-18,temp,216389,121773,0.5627504170729566
20000918.nc,2000-09-18,wind,216389,121773,0.5627504170729566
20000919.nc,2000-09-19,elevation,216389,121773,0.5627504170729566
20000919.nc,2000-09-19,PM2.5,216389,121773,0.5627504170729566
20000919.nc,2000-09-19,bcpr,216389,121773,0.5627504170729566
20000919.nc,2000-09-19,lrad,216389,121773,0.5627504170729566
20000919.nc,2000-09-19,prec,216389,121773,0.5627504170729566
20000919.nc,2000-09-19,pres,216389,121773,0.5627504170729566
20000919.nc,2000-09-19,rain,216389,121773,0.5627504170729566
20000919.nc,2000-09-19,rhum,216389,121773,0.5627504170729566
20000919.nc,2000-09-19,shum,216389,121773,0.5627504170729566
20000919.nc,2000-09-19,snow,216389,121773,0.5627504170729566
20000919.nc,2000-09-19,srad,216389,121773,0.5627504170729566
20000919.nc,2000-09-19,temp,216389,121773,0.5627504170729566
20000919.nc,2000-09-19,wind,216389,121773,0.5627504170729566
20000920.nc,2000-09-20,elevation,216389,121773,0.5627504170729566
20000920.nc,2000-09-20,PM2.5,216389,121773,0.5627504170729566
20000920.nc,2000-09-20,bcpr,216389,121773,0.5627504170729566
20000920.nc,2000-09-20,lrad,216389,121773,0.5627504170729566
20000920.nc,2000-09-20,prec,216389,121773,0.5627504170729566
20000920.nc,2000-09-20,pres,216389,121773,0.5627504170729566
20000920.nc,2000-09-20,rain,216389,121773,0.5627504170729566
20000920.nc,2000-09-20,rhum,216389,121773,0.5627504170729566
20000920.nc,2000-09-20,shum,216389,121773,0.5627504170729566
20000920.nc,2000-09-20,snow,216389,121773,0.5627504170729566
20000920.nc,2000-09-20,srad,216389,121773,0.5627504170729566
20000920.nc,2000-09-20,temp,216389,121773,0.5627504170729566
20000920.nc,2000-09-20,wind,216389,121773,0.5627504170729566
20000921.nc,2000-09-21,elevation,216389,121773,0.5627504170729566
20000921.nc,2000-09-21,PM2.5,216389,121773,0.5627504170729566
20000921.nc,2000-09-21,bcpr,216389,121773,0.5627504170729566
20000921.nc,2000-09-21,lrad,216389,121773,0.5627504170729566
20000921.nc,2000-09-21,prec,216389,121773,0.5627504170729566
20000921.nc,2000-09-21,pres,216389,121773,0.5627504170729566
20000921.nc,2000-09-21,rain,216389,121773,0.5627504170729566
20000921.nc,2000-09-21,rhum,216389,121773,0.5627504170729566
20000921.nc,2000-09-21,shum,216389,121773,0.5627504170729566
20000921.nc,2000-09-21,snow,216389,121773,0.5627504170729566
20000921.nc,2000-09-21,srad,216389,121773,0.5627504170729566
20000921.nc,2000-09-21,temp,216389,121773,0.5627504170729566
20000921.nc,2000-09-21,wind,216389,121773,0.5627504170729566
20000922.nc,2000-09-22,elevation,216389,121773,0.5627504170729566
20000922.nc,2000-09-22,PM2.5,216389,121773,0.5627504170729566
20000922.nc,2000-09-22,bcpr,216389,121773,0.5627504170729566
20000922.nc,2000-09-22,lrad,216389,121773,0.5627504170729566
20000922.nc,2000-09-22,prec,216389,121773,0.5627504170729566
20000922.nc,2000-09-22,pres,216389,121773,0.5627504170729566
20000922.nc,2000-09-22,rain,216389,121773,0.5627504170729566
20000922.nc,2000-09-22,rhum,216389,121773,0.5627504170729566
20000922.nc,2000-09-22,shum,216389,121773,0.5627504170729566
20000922.nc,2000-09-22,snow,216389,121773,0.5627504170729566
20000922.nc,2000-09-22,srad,216389,121773,0.5627504170729566
20000922.nc,2000-09-22,temp,216389,121773,0.5627504170729566
20000922.nc,2000-09-22,wind,216389,121773,0.5627504170729566
20000923.nc,2000-09-23,elevation,216389,121773,0.5627504170729566
20000923.nc,2000-09-23,PM2.5,216389,121773,0.5627504170729566
20000923.nc,2000-09-23,bcpr,216389,121773,0.5627504170729566
20000923.nc,2000-09-23,lrad,216389,121773,0.5627504170729566
20000923.nc,2000-09-23,prec,216389,121773,0.5627504170729566
20000923.nc,2000-09-23,pres,216389,121773,0.5627504170729566
20000923.nc,2000-09-23,rain,216389,121773,0.5627504170729566
20000923.nc,2000-09-23,rhum,216389,121773,0.5627504170729566
20000923.nc,2000-09-23,shum,216389,121773,0.5627504170729566
20000923.nc,2000-09-23,snow,216389,121773,0.5627504170729566
20000923.nc,2000-09-23,srad,216389,121773,0.5627504170729566
20000923.nc,2000-09-23,temp,216389,121773,0.5627504170729566
20000923.nc,2000-09-23,wind,216389,121773,0.5627504170729566
20000924.nc,2000-09-24,elevation,216389,121773,0.5627504170729566
20000924.nc,2000-09-24,PM2.5,216389,121773,0.5627504170729566
20000924.nc,2000-09-24,bcpr,216389,121773,0.5627504170729566
20000924.nc,2000-09-24,lrad,216389,121773,0.5627504170729566
20000924.nc,2000-09-24,prec,216389,121773,0.5627504170729566
20000924.nc,2000-09-24,pres,216389,121773,0.5627504170729566
20000924.nc,2000-09-24,rain,216389,121773,0.5627504170729566
20000924.nc,2000-09-24,rhum,216389,121773,0.5627504170729566
20000924.nc,2000-09-24,shum,216389,121773,0.5627504170729566
20000924.nc,2000-09-24,snow,216389,121773,0.5627504170729566
20000924.nc,2000-09-24,srad,216389,121773,0.5627504170729566
20000924.nc,2000-09-24,temp,216389,121773,0.5627504170729566
20000924.nc,2000-09-24,wind,216389,121773,0.5627504170729566
20000925.nc,2000-09-25,elevation,216389,121773,0.5627504170729566
20000925.nc,2000-09-25,PM2.5,216389,121773,0.5627504170729566
20000925.nc,2000-09-25,bcpr,216389,121773,0.5627504170729566
20000925.nc,2000-09-25,lrad,216389,121773,0.5627504170729566
20000925.nc,2000-09-25,prec,216389,121773,0.5627504170729566
20000925.nc,2000-09-25,pres,216389,121773,0.5627504170729566
20000925.nc,2000-09-25,rain,216389,121773,0.5627504170729566
20000925.nc,2000-09-25,rhum,216389,121773,0.5627504170729566
20000925.nc,2000-09-25,shum,216389,121773,0.5627504170729566
20000925.nc,2000-09-25,snow,216389,121773,0.5627504170729566
20000925.nc,2000-09-25,srad,216389,121773,0.5627504170729566
20000925.nc,2000-09-25,temp,216389,121773,0.5627504170729566
20000925.nc,2000-09-25,wind,216389,121773,0.5627504170729566
20000926.nc,2000-09-26,elevation,216389,121773,0.5627504170729566
20000926.nc,2000-09-26,PM2.5,216389,121773,0.5627504170729566
20000926.nc,2000-09-26,bcpr,216389,121773,0.5627504170729566
20000926.nc,2000-09-26,lrad,216389,121773,0.5627504170729566
20000926.nc,2000-09-26,prec,216389,121773,0.5627504170729566
20000926.nc,2000-09-26,pres,216389,121773,0.5627504170729566
20000926.nc,2000-09-26,rain,216389,121773,0.5627504170729566
20000926.nc,2000-09-26,rhum,216389,121773,0.5627504170729566
20000926.nc,2000-09-26,shum,216389,121773,0.5627504170729566
20000926.nc,2000-09-26,snow,216389,121773,0.5627504170729566
20000926.nc,2000-09-26,srad,216389,121773,0.5627504170729566
20000926.nc,2000-09-26,temp,216389,121773,0.5627504170729566
20000926.nc,2000-09-26,wind,216389,121773,0.5627504170729566
20000927.nc,2000-09-27,elevation,216389,121773,0.5627504170729566
20000927.nc,2000-09-27,PM2.5,216389,121773,0.5627504170729566
20000927.nc,2000-09-27,bcpr,216389,121773,0.5627504170729566
20000927.nc,2000-09-27,lrad,216389,121773,0.5627504170729566
20000927.nc,2000-09-27,prec,216389,121773,0.5627504170729566
20000927.nc,2000-09-27,pres,216389,121773,0.5627504170729566
20000927.nc,2000-09-27,rain,216389,121773,0.5627504170729566
20000927.nc,2000-09-27,rhum,216389,121773,0.5627504170729566
20000927.nc,2000-09-27,shum,216389,121773,0.5627504170729566
20000927.nc,2000-09-27,snow,216389,121773,0.5627504170729566
20000927.nc,2000-09-27,srad,216389,121773,0.5627504170729566
20000927.nc,2000-09-27,temp,216389,121773,0.5627504170729566
20000927.nc,2000-09-27,wind,216389,121773,0.5627504170729566
20000928.nc,2000-09-28,elevation,216389,121773,0.5627504170729566
20000928.nc,2000-09-28,PM2.5,216389,121773,0.5627504170729566
20000928.nc,2000-09-28,bcpr,216389,121773,0.5627504170729566
20000928.nc,2000-09-28,lrad,216389,121773,0.5627504170729566
20000928.nc,2000-09-28,prec,216389,121773,0.5627504170729566
20000928.nc,2000-09-28,pres,216389,121773,0.5627504170729566
20000928.nc,2000-09-28,rain,216389,121773,0.5627504170729566
20000928.nc,2000-09-28,rhum,216389,121773,0.5627504170729566
20000928.nc,2000-09-28,shum,216389,121773,0.5627504170729566
20000928.nc,2000-09-28,snow,216389,121773,0.5627504170729566
20000928.nc,2000-09-28,srad,216389,121773,0.5627504170729566
20000928.nc,2000-09-28,temp,216389,121773,0.5627504170729566
20000928.nc,2000-09-28,wind,216389,121773,0.5627504170729566
20000929.nc,2000-09-29,elevation,216389,121773,0.5627504170729566
20000929.nc,2000-09-29,PM2.5,216389,121773,0.5627504170729566
20000929.nc,2000-09-29,bcpr,216389,121773,0.5627504170729566
20000929.nc,2000-09-29,lrad,216389,121773,0.5627504170729566
20000929.nc,2000-09-29,prec,216389,121773,0.5627504170729566
20000929.nc,2000-09-29,pres,216389,121773,0.5627504170729566
20000929.nc,2000-09-29,rain,216389,121773,0.5627504170729566
20000929.nc,2000-09-29,rhum,216389,121773,0.5627504170729566
20000929.nc,2000-09-29,shum,216389,121773,0.5627504170729566
20000929.nc,2000-09-29,snow,216389,121773,0.5627504170729566
20000929.nc,2000-09-29,srad,216389,121773,0.5627504170729566
20000929.nc,2000-09-29,temp,216389,121773,0.5627504170729566
20000929.nc,2000-09-29,wind,216389,121773,0.5627504170729566
20000930.nc,2000-09-30,elevation,216389,121773,0.5627504170729566
20000930.nc,2000-09-30,PM2.5,216389,121773,0.5627504170729566
20000930.nc,2000-09-30,bcpr,216389,121773,0.5627504170729566
20000930.nc,2000-09-30,lrad,216389,121773,0.5627504170729566
20000930.nc,2000-09-30,prec,216389,121773,0.5627504170729566
20000930.nc,2000-09-30,pres,216389,121773,0.5627504170729566
20000930.nc,2000-09-30,rain,216389,121773,0.5627504170729566
20000930.nc,2000-09-30,rhum,216389,121773,0.5627504170729566
20000930.nc,2000-09-30,shum,216389,121773,0.5627504170729566
20000930.nc,2000-09-30,snow,216389,121773,0.5627504170729566
20000930.nc,2000-09-30,srad,216389,121773,0.5627504170729566
20000930.nc,2000-09-30,temp,216389,121773,0.5627504170729566
20000930.nc,2000-09-30,wind,216389,121773,0.5627504170729566
20001001.nc,2000-10-01,elevation,216389,121773,0.5627504170729566
20001001.nc,2000-10-01,PM2.5,216389,121773,0.5627504170729566
20001001.nc,2000-10-01,bcpr,216389,121773,0.5627504170729566
20001001.nc,2000-10-01,lrad,216389,121773,0.5627504170729566
20001001.nc,2000-10-01,prec,216389,121773,0.5627504170729566
20001001.nc,2000-10-01,pres,216389,121773,0.5627504170729566
20001001.nc,2000-10-01,rain,216389,121773,0.5627504170729566
20001001.nc,2000-10-01,rhum,216389,121773,0.5627504170729566
20001001.nc,2000-10-01,shum,216389,121773,0.5627504170729566
20001001.nc,2000-10-01,snow,216389,121773,0.5627504170729566
20001001.nc,2000-10-01,srad,216389,121773,0.5627504170729566
20001001.nc,2000-10-01,temp,216389,121773,0.5627504170729566
20001001.nc,2000-10-01,wind,216389,121773,0.5627504170729566
20001002.nc,2000-10-02,elevation,216389,121773,0.5627504170729566
20001002.nc,2000-10-02,PM2.5,216389,121773,0.5627504170729566
20001002.nc,2000-10-02,bcpr,216389,121773,0.5627504170729566
20001002.nc,2000-10-02,lrad,216389,121773,0.5627504170729566
20001002.nc,2000-10-02,prec,216389,121773,0.5627504170729566
20001002.nc,2000-10-02,pres,216389,121773,0.5627504170729566
20001002.nc,2000-10-02,rain,216389,121773,0.5627504170729566
20001002.nc,2000-10-02,rhum,216389,121773,0.5627504170729566
20001002.nc,2000-10-02,shum,216389,121773,0.5627504170729566
20001002.nc,2000-10-02,snow,216389,121773,0.5627504170729566
20001002.nc,2000-10-02,srad,216389,121773,0.5627504170729566
20001002.nc,2000-10-02,temp,216389,121773,0.5627504170729566
20001002.nc,2000-10-02,wind,216389,121773,0.5627504170729566
20001003.nc,2000-10-03,elevation,216389,121773,0.5627504170729566
20001003.nc,2000-10-03,PM2.5,216389,121773,0.5627504170729566
20001003.nc,2000-10-03,bcpr,216389,121773,0.5627504170729566
20001003.nc,2000-10-03,lrad,216389,121773,0.5627504170729566
20001003.nc,2000-10-03,prec,216389,121773,0.5627504170729566
20001003.nc,2000-10-03,pres,216389,121773,0.5627504170729566
20001003.nc,2000-10-03,rain,216389,121773,0.5627504170729566
20001003.nc,2000-10-03,rhum,216389,121773,0.5627504170729566
20001003.nc,2000-10-03,shum,216389,121773,0.5627504170729566
20001003.nc,2000-10-03,snow,216389,121773,0.5627504170729566
20001003.nc,2000-10-03,srad,216389,121773,0.5627504170729566
20001003.nc,2000-10-03,temp,216389,121773,0.5627504170729566
20001003.nc,2000-10-03,wind,216389,121773,0.5627504170729566
20001004.nc,2000-10-04,elevation,216389,121773,0.5627504170729566
20001004.nc,2000-10-04,PM2.5,216389,121773,0.5627504170729566
20001004.nc,2000-10-04,bcpr,216389,121773,0.5627504170729566
20001004.nc,2000-10-04,lrad,216389,121773,0.5627504170729566
20001004.nc,2000-10-04,prec,216389,121773,0.5627504170729566
20001004.nc,2000-10-04,pres,216389,121773,0.5627504170729566
20001004.nc,2000-10-04,rain,216389,121773,0.5627504170729566
20001004.nc,2000-10-04,rhum,216389,121773,0.5627504170729566
20001004.nc,2000-10-04,shum,216389,121773,0.5627504170729566
20001004.nc,2000-10-04,snow,216389,121773,0.5627504170729566
20001004.nc,2000-10-04,srad,216389,121773,0.5627504170729566
20001004.nc,2000-10-04,temp,216389,121773,0.5627504170729566
20001004.nc,2000-10-04,wind,216389,121773,0.5627504170729566
20001005.nc,2000-10-05,elevation,216389,121773,0.5627504170729566
20001005.nc,2000-10-05,PM2.5,216389,121773,0.5627504170729566
20001005.nc,2000-10-05,bcpr,216389,121773,0.5627504170729566
20001005.nc,2000-10-05,lrad,216389,121773,0.5627504170729566
20001005.nc,2000-10-05,prec,216389,121773,0.5627504170729566
20001005.nc,2000-10-05,pres,216389,121773,0.5627504170729566
20001005.nc,2000-10-05,rain,216389,121773,0.5627504170729566
20001005.nc,2000-10-05,rhum,216389,121773,0.5627504170729566
20001005.nc,2000-10-05,shum,216389,121773,0.5627504170729566
20001005.nc,2000-10-05,snow,216389,121773,0.5627504170729566
20001005.nc,2000-10-05,srad,216389,121773,0.5627504170729566
20001005.nc,2000-10-05,temp,216389,121773,0.5627504170729566
20001005.nc,2000-10-05,wind,216389,121773,0.5627504170729566
20001006.nc,2000-10-06,elevation,216389,121773,0.5627504170729566
20001006.nc,2000-10-06,PM2.5,216389,121773,0.5627504170729566
20001006.nc,2000-10-06,bcpr,216389,121773,0.5627504170729566
20001006.nc,2000-10-06,lrad,216389,121773,0.5627504170729566
20001006.nc,2000-10-06,prec,216389,121773,0.5627504170729566
20001006.nc,2000-10-06,pres,216389,121773,0.5627504170729566
20001006.nc,2000-10-06,rain,216389,121773,0.5627504170729566
20001006.nc,2000-10-06,rhum,216389,121773,0.5627504170729566
20001006.nc,2000-10-06,shum,216389,121773,0.5627504170729566
20001006.nc,2000-10-06,snow,216389,121773,0.5627504170729566
20001006.nc,2000-10-06,srad,216389,121773,0.5627504170729566
20001006.nc,2000-10-06,temp,216389,121773,0.5627504170729566
20001006.nc,2000-10-06,wind,216389,121773,0.5627504170729566
20001007.nc,2000-10-07,elevation,216389,121773,0.5627504170729566
20001007.nc,2000-10-07,PM2.5,216389,121773,0.5627504170729566
20001007.nc,2000-10-07,bcpr,216389,121773,0.5627504170729566
20001007.nc,2000-10-07,lrad,216389,121773,0.5627504170729566
20001007.nc,2000-10-07,prec,216389,121773,0.5627504170729566
20001007.nc,2000-10-07,pres,216389,121773,0.5627504170729566
20001007.nc,2000-10-07,rain,216389,121773,0.5627504170729566
20001007.nc,2000-10-07,rhum,216389,121773,0.5627504170729566
20001007.nc,2000-10-07,shum,216389,121773,0.5627504170729566
20001007.nc,2000-10-07,snow,216389,121773,0.5627504170729566
20001007.nc,2000-10-07,srad,216389,121773,0.5627504170729566
20001007.nc,2000-10-07,temp,216389,121773,0.5627504170729566
20001007.nc,2000-10-07,wind,216389,121773,0.5627504170729566
20001008.nc,2000-10-08,elevation,216389,121773,0.5627504170729566
20001008.nc,2000-10-08,PM2.5,216389,121773,0.5627504170729566
20001008.nc,2000-10-08,bcpr,216389,121773,0.5627504170729566
20001008.nc,2000-10-08,lrad,216389,121773,0.5627504170729566
20001008.nc,2000-10-08,prec,216389,121773,0.5627504170729566
20001008.nc,2000-10-08,pres,216389,121773,0.5627504170729566
20001008.nc,2000-10-08,rain,216389,121773,0.5627504170729566
20001008.nc,2000-10-08,rhum,216389,121773,0.5627504170729566
20001008.nc,2000-10-08,shum,216389,121773,0.5627504170729566
20001008.nc,2000-10-08,snow,216389,121773,0.5627504170729566
20001008.nc,2000-10-08,srad,216389,121773,0.5627504170729566
20001008.nc,2000-10-08,temp,216389,121773,0.5627504170729566
20001008.nc,2000-10-08,wind,216389,121773,0.5627504170729566
20001009.nc,2000-10-09,elevation,216389,121773,0.5627504170729566
20001009.nc,2000-10-09,PM2.5,216389,121773,0.5627504170729566
20001009.nc,2000-10-09,bcpr,216389,121773,0.5627504170729566
20001009.nc,2000-10-09,lrad,216389,121773,0.5627504170729566
20001009.nc,2000-10-09,prec,216389,121773,0.5627504170729566
20001009.nc,2000-10-09,pres,216389,121773,0.5627504170729566
20001009.nc,2000-10-09,rain,216389,121773,0.5627504170729566
20001009.nc,2000-10-09,rhum,216389,121773,0.5627504170729566
20001009.nc,2000-10-09,shum,216389,121773,0.5627504170729566
20001009.nc,2000-10-09,snow,216389,121773,0.5627504170729566
20001009.nc,2000-10-09,srad,216389,121773,0.5627504170729566
20001009.nc,2000-10-09,temp,216389,121773,0.5627504170729566
20001009.nc,2000-10-09,wind,216389,121773,0.5627504170729566
20001010.nc,2000-10-10,elevation,216389,121773,0.5627504170729566
20001010.nc,2000-10-10,PM2.5,216389,121773,0.5627504170729566
20001010.nc,2000-10-10,bcpr,216389,121773,0.5627504170729566
20001010.nc,2000-10-10,lrad,216389,121773,0.5627504170729566
20001010.nc,2000-10-10,prec,216389,121773,0.5627504170729566
20001010.nc,2000-10-10,pres,216389,121773,0.5627504170729566
20001010.nc,2000-10-10,rain,216389,121773,0.5627504170729566
20001010.nc,2000-10-10,rhum,216389,121773,0.5627504170729566
20001010.nc,2000-10-10,shum,216389,121773,0.5627504170729566
20001010.nc,2000-10-10,snow,216389,121773,0.5627504170729566
20001010.nc,2000-10-10,srad,216389,121773,0.5627504170729566
20001010.nc,2000-10-10,temp,216389,121773,0.5627504170729566
20001010.nc,2000-10-10,wind,216389,121773,0.5627504170729566
20001011.nc,2000-10-11,elevation,216389,121773,0.5627504170729566
20001011.nc,2000-10-11,PM2.5,216389,121773,0.5627504170729566
20001011.nc,2000-10-11,bcpr,216389,121773,0.5627504170729566
20001011.nc,2000-10-11,lrad,216389,121773,0.5627504170729566
20001011.nc,2000-10-11,prec,216389,121773,0.5627504170729566
20001011.nc,2000-10-11,pres,216389,121773,0.5627504170729566
20001011.nc,2000-10-11,rain,216389,121773,0.5627504170729566
20001011.nc,2000-10-11,rhum,216389,121773,0.5627504170729566
20001011.nc,2000-10-11,shum,216389,121773,0.5627504170729566
20001011.nc,2000-10-11,snow,216389,121773,0.5627504170729566
20001011.nc,2000-10-11,srad,216389,121773,0.5627504170729566
20001011.nc,2000-10-11,temp,216389,121773,0.5627504170729566
20001011.nc,2000-10-11,wind,216389,121773,0.5627504170729566
20001012.nc,2000-10-12,elevation,216389,121773,0.5627504170729566
20001012.nc,2000-10-12,PM2.5,216389,121773,0.5627504170729566
20001012.nc,2000-10-12,bcpr,216389,121773,0.5627504170729566
20001012.nc,2000-10-12,lrad,216389,121773,0.5627504170729566
20001012.nc,2000-10-12,prec,216389,121773,0.5627504170729566
20001012.nc,2000-10-12,pres,216389,121773,0.5627504170729566
20001012.nc,2000-10-12,rain,216389,121773,0.5627504170729566
20001012.nc,2000-10-12,rhum,216389,121773,0.5627504170729566
20001012.nc,2000-10-12,shum,216389,121773,0.5627504170729566
20001012.nc,2000-10-12,snow,216389,121773,0.5627504170729566
20001012.nc,2000-10-12,srad,216389,121773,0.5627504170729566
20001012.nc,2000-10-12,temp,216389,121773,0.5627504170729566
20001012.nc,2000-10-12,wind,216389,121773,0.5627504170729566
20001013.nc,2000-10-13,elevation,216389,121773,0.5627504170729566
20001013.nc,2000-10-13,PM2.5,216389,121773,0.5627504170729566
20001013.nc,2000-10-13,bcpr,216389,121773,0.5627504170729566
20001013.nc,2000-10-13,lrad,216389,121773,0.5627504170729566
20001013.nc,2000-10-13,prec,216389,121773,0.5627504170729566
20001013.nc,2000-10-13,pres,216389,121773,0.5627504170729566
20001013.nc,2000-10-13,rain,216389,121773,0.5627504170729566
20001013.nc,2000-10-13,rhum,216389,121773,0.5627504170729566
20001013.nc,2000-10-13,shum,216389,121773,0.5627504170729566
20001013.nc,2000-10-13,snow,216389,121773,0.5627504170729566
20001013.nc,2000-10-13,srad,216389,121773,0.5627504170729566
20001013.nc,2000-10-13,temp,216389,121773,0.5627504170729566
20001013.nc,2000-10-13,wind,216389,121773,0.5627504170729566
20001014.nc,2000-10-14,elevation,216389,121773,0.5627504170729566
20001014.nc,2000-10-14,PM2.5,216389,121773,0.5627504170729566
20001014.nc,2000-10-14,bcpr,216389,121773,0.5627504170729566
20001014.nc,2000-10-14,lrad,216389,121773,0.5627504170729566
20001014.nc,2000-10-14,prec,216389,121773,0.5627504170729566
20001014.nc,2000-10-14,pres,216389,121773,0.5627504170729566
20001014.nc,2000-10-14,rain,216389,121773,0.5627504170729566
20001014.nc,2000-10-14,rhum,216389,121773,0.5627504170729566
20001014.nc,2000-10-14,shum,216389,121773,0.5627504170729566
20001014.nc,2000-10-14,snow,216389,121773,0.5627504170729566
20001014.nc,2000-10-14,srad,216389,121773,0.5627504170729566
20001014.nc,2000-10-14,temp,216389,121773,0.5627504170729566
20001014.nc,2000-10-14,wind,216389,121773,0.5627504170729566
20001015.nc,2000-10-15,elevation,216389,121773,0.5627504170729566
20001015.nc,2000-10-15,PM2.5,216389,121773,0.5627504170729566
20001015.nc,2000-10-15,bcpr,216389,121773,0.5627504170729566
20001015.nc,2000-10-15,lrad,216389,121773,0.5627504170729566
20001015.nc,2000-10-15,prec,216389,121773,0.5627504170729566
20001015.nc,2000-10-15,pres,216389,121773,0.5627504170729566
20001015.nc,2000-10-15,rain,216389,121773,0.5627504170729566
20001015.nc,2000-10-15,rhum,216389,121773,0.5627504170729566
20001015.nc,2000-10-15,shum,216389,121773,0.5627504170729566
20001015.nc,2000-10-15,snow,216389,121773,0.5627504170729566
20001015.nc,2000-10-15,srad,216389,121773,0.5627504170729566
20001015.nc,2000-10-15,temp,216389,121773,0.5627504170729566
20001015.nc,2000-10-15,wind,216389,121773,0.5627504170729566
20001016.nc,2000-10-16,elevation,216389,121773,0.5627504170729566
20001016.nc,2000-10-16,PM2.5,216389,121773,0.5627504170729566
20001016.nc,2000-10-16,bcpr,216389,121773,0.5627504170729566
20001016.nc,2000-10-16,lrad,216389,121773,0.5627504170729566
20001016.nc,2000-10-16,prec,216389,121773,0.5627504170729566
20001016.nc,2000-10-16,pres,216389,121773,0.5627504170729566
20001016.nc,2000-10-16,rain,216389,121773,0.5627504170729566
20001016.nc,2000-10-16,rhum,216389,121773,0.5627504170729566
20001016.nc,2000-10-16,shum,216389,121773,0.5627504170729566
20001016.nc,2000-10-16,snow,216389,121773,0.5627504170729566
20001016.nc,2000-10-16,srad,216389,121773,0.5627504170729566
20001016.nc,2000-10-16,temp,216389,121773,0.5627504170729566
20001016.nc,2000-10-16,wind,216389,121773,0.5627504170729566
20001017.nc,2000-10-17,elevation,216389,121773,0.5627504170729566
20001017.nc,2000-10-17,PM2.5,216389,121773,0.5627504170729566
20001017.nc,2000-10-17,bcpr,216389,121773,0.5627504170729566
20001017.nc,2000-10-17,lrad,216389,121773,0.5627504170729566
20001017.nc,2000-10-17,prec,216389,121773,0.5627504170729566
20001017.nc,2000-10-17,pres,216389,121773,0.5627504170729566
20001017.nc,2000-10-17,rain,216389,121773,0.5627504170729566
20001017.nc,2000-10-17,rhum,216389,121773,0.5627504170729566
20001017.nc,2000-10-17,shum,216389,121773,0.5627504170729566
20001017.nc,2000-10-17,snow,216389,121773,0.5627504170729566
20001017.nc,2000-10-17,srad,216389,121773,0.5627504170729566
20001017.nc,2000-10-17,temp,216389,121773,0.5627504170729566
20001017.nc,2000-10-17,wind,216389,121773,0.5627504170729566
20001018.nc,2000-10-18,elevation,216389,121773,0.5627504170729566
20001018.nc,2000-10-18,PM2.5,216389,121773,0.5627504170729566
20001018.nc,2000-10-18,bcpr,216389,121773,0.5627504170729566
20001018.nc,2000-10-18,lrad,216389,121773,0.5627504170729566
20001018.nc,2000-10-18,prec,216389,121773,0.5627504170729566
20001018.nc,2000-10-18,pres,216389,121773,0.5627504170729566
20001018.nc,2000-10-18,rain,216389,121773,0.5627504170729566
20001018.nc,2000-10-18,rhum,216389,121773,0.5627504170729566
20001018.nc,2000-10-18,shum,216389,121773,0.5627504170729566
20001018.nc,2000-10-18,snow,216389,121773,0.5627504170729566
20001018.nc,2000-10-18,srad,216389,121773,0.5627504170729566
20001018.nc,2000-10-18,temp,216389,121773,0.5627504170729566
20001018.nc,2000-10-18,wind,216389,121773,0.5627504170729566
20001019.nc,2000-10-19,elevation,216389,121773,0.5627504170729566
20001019.nc,2000-10-19,PM2.5,216389,121773,0.5627504170729566
20001019.nc,2000-10-19,bcpr,216389,121773,0.5627504170729566
20001019.nc,2000-10-19,lrad,216389,121773,0.5627504170729566
20001019.nc,2000-10-19,prec,216389,121773,0.5627504170729566
20001019.nc,2000-10-19,pres,216389,121773,0.5627504170729566
20001019.nc,2000-10-19,rain,216389,121773,0.5627504170729566
20001019.nc,2000-10-19,rhum,216389,121773,0.5627504170729566
20001019.nc,2000-10-19,shum,216389,121773,0.5627504170729566
20001019.nc,2000-10-19,snow,216389,121773,0.5627504170729566
20001019.nc,2000-10-19,srad,216389,121773,0.5627504170729566
20001019.nc,2000-10-19,temp,216389,121773,0.5627504170729566
20001019.nc,2000-10-19,wind,216389,121773,0.5627504170729566
20001020.nc,2000-10-20,elevation,216389,121773,0.5627504170729566
20001020.nc,2000-10-20,PM2.5,216389,121773,0.5627504170729566
20001020.nc,2000-10-20,bcpr,216389,121773,0.5627504170729566
20001020.nc,2000-10-20,lrad,216389,121773,0.5627504170729566
20001020.nc,2000-10-20,prec,216389,121773,0.5627504170729566
20001020.nc,2000-10-20,pres,216389,121773,0.5627504170729566
20001020.nc,2000-10-20,rain,216389,121773,0.5627504170729566
20001020.nc,2000-10-20,rhum,216389,121773,0.5627504170729566
20001020.nc,2000-10-20,shum,216389,121773,0.5627504170729566
20001020.nc,2000-10-20,snow,216389,121773,0.5627504170729566
20001020.nc,2000-10-20,srad,216389,121773,0.5627504170729566
20001020.nc,2000-10-20,temp,216389,121773,0.5627504170729566
20001020.nc,2000-10-20,wind,216389,121773,0.5627504170729566
20001021.nc,2000-10-21,elevation,216389,121773,0.5627504170729566
20001021.nc,2000-10-21,PM2.5,216389,121773,0.5627504170729566
20001021.nc,2000-10-21,bcpr,216389,121773,0.5627504170729566
20001021.nc,2000-10-21,lrad,216389,121773,0.5627504170729566
20001021.nc,2000-10-21,prec,216389,121773,0.5627504170729566
20001021.nc,2000-10-21,pres,216389,121773,0.5627504170729566
20001021.nc,2000-10-21,rain,216389,121773,0.5627504170729566
20001021.nc,2000-10-21,rhum,216389,121773,0.5627504170729566
20001021.nc,2000-10-21,shum,216389,121773,0.5627504170729566
20001021.nc,2000-10-21,snow,216389,121773,0.5627504170729566
20001021.nc,2000-10-21,srad,216389,121773,0.5627504170729566
20001021.nc,2000-10-21,temp,216389,121773,0.5627504170729566
20001021.nc,2000-10-21,wind,216389,121773,0.5627504170729566
20001022.nc,2000-10-22,elevation,216389,121773,0.5627504170729566
20001022.nc,2000-10-22,PM2.5,216389,121773,0.5627504170729566
20001022.nc,2000-10-22,bcpr,216389,121773,0.5627504170729566
20001022.nc,2000-10-22,lrad,216389,121773,0.5627504170729566
20001022.nc,2000-10-22,prec,216389,121773,0.5627504170729566
20001022.nc,2000-10-22,pres,216389,121773,0.5627504170729566
20001022.nc,2000-10-22,rain,216389,121773,0.5627504170729566
20001022.nc,2000-10-22,rhum,216389,121773,0.5627504170729566
20001022.nc,2000-10-22,shum,216389,121773,0.5627504170729566
20001022.nc,2000-10-22,snow,216389,121773,0.5627504170729566
20001022.nc,2000-10-22,srad,216389,121773,0.5627504170729566
20001022.nc,2000-10-22,temp,216389,121773,0.5627504170729566
20001022.nc,2000-10-22,wind,216389,121773,0.5627504170729566
20001023.nc,2000-10-23,elevation,216389,121773,0.5627504170729566
20001023.nc,2000-10-23,PM2.5,216389,121773,0.5627504170729566
20001023.nc,2000-10-23,bcpr,216389,121773,0.5627504170729566
20001023.nc,2000-10-23,lrad,216389,121773,0.5627504170729566
20001023.nc,2000-10-23,prec,216389,121773,0.5627504170729566
20001023.nc,2000-10-23,pres,216389,121773,0.5627504170729566
20001023.nc,2000-10-23,rain,216389,121773,0.5627504170729566
20001023.nc,2000-10-23,rhum,216389,121773,0.5627504170729566
20001023.nc,2000-10-23,shum,216389,121773,0.5627504170729566
20001023.nc,2000-10-23,snow,216389,121773,0.5627504170729566
20001023.nc,2000-10-23,srad,216389,121773,0.5627504170729566
20001023.nc,2000-10-23,temp,216389,121773,0.5627504170729566
20001023.nc,2000-10-23,wind,216389,121773,0.5627504170729566
20001024.nc,2000-10-24,elevation,216389,121773,0.5627504170729566
20001024.nc,2000-10-24,PM2.5,216389,121773,0.5627504170729566
20001024.nc,2000-10-24,bcpr,216389,121773,0.5627504170729566
20001024.nc,2000-10-24,lrad,216389,121773,0.5627504170729566
20001024.nc,2000-10-24,prec,216389,121773,0.5627504170729566
20001024.nc,2000-10-24,pres,216389,121773,0.5627504170729566
20001024.nc,2000-10-24,rain,216389,121773,0.5627504170729566
20001024.nc,2000-10-24,rhum,216389,121773,0.5627504170729566
20001024.nc,2000-10-24,shum,216389,121773,0.5627504170729566
20001024.nc,2000-10-24,snow,216389,121773,0.5627504170729566
20001024.nc,2000-10-24,srad,216389,121773,0.5627504170729566
20001024.nc,2000-10-24,temp,216389,121773,0.5627504170729566
20001024.nc,2000-10-24,wind,216389,121773,0.5627504170729566
20001025.nc,2000-10-25,elevation,216389,121773,0.5627504170729566
20001025.nc,2000-10-25,PM2.5,216389,121773,0.5627504170729566
20001025.nc,2000-10-25,bcpr,216389,121773,0.5627504170729566
20001025.nc,2000-10-25,lrad,216389,121773,0.5627504170729566
20001025.nc,2000-10-25,prec,216389,121773,0.5627504170729566
20001025.nc,2000-10-25,pres,216389,121773,0.5627504170729566
20001025.nc,2000-10-25,rain,216389,121773,0.5627504170729566
20001025.nc,2000-10-25,rhum,216389,121773,0.5627504170729566
20001025.nc,2000-10-25,shum,216389,121773,0.5627504170729566
20001025.nc,2000-10-25,snow,216389,121773,0.5627504170729566
20001025.nc,2000-10-25,srad,216389,121773,0.5627504170729566
20001025.nc,2000-10-25,temp,216389,121773,0.5627504170729566
20001025.nc,2000-10-25,wind,216389,121773,0.5627504170729566
20001026.nc,2000-10-26,elevation,216389,121773,0.5627504170729566
20001026.nc,2000-10-26,PM2.5,216389,121773,0.5627504170729566
20001026.nc,2000-10-26,bcpr,216389,121773,0.5627504170729566
20001026.nc,2000-10-26,lrad,216389,121773,0.5627504170729566
20001026.nc,2000-10-26,prec,216389,121773,0.5627504170729566
20001026.nc,2000-10-26,pres,216389,121773,0.5627504170729566
20001026.nc,2000-10-26,rain,216389,121773,0.5627504170729566
20001026.nc,2000-10-26,rhum,216389,121773,0.5627504170729566
20001026.nc,2000-10-26,shum,216389,121773,0.5627504170729566
20001026.nc,2000-10-26,snow,216389,121773,0.5627504170729566
20001026.nc,2000-10-26,srad,216389,121773,0.5627504170729566
20001026.nc,2000-10-26,temp,216389,121773,0.5627504170729566
20001026.nc,2000-10-26,wind,216389,121773,0.5627504170729566
20001027.nc,2000-10-27,elevation,216389,121773,0.5627504170729566
20001027.nc,2000-10-27,PM2.5,216389,121773,0.5627504170729566
20001027.nc,2000-10-27,bcpr,216389,121773,0.5627504170729566
20001027.nc,2000-10-27,lrad,216389,121773,0.5627504170729566
20001027.nc,2000-10-27,prec,216389,121773,0.5627504170729566
20001027.nc,2000-10-27,pres,216389,121773,0.5627504170729566
20001027.nc,2000-10-27,rain,216389,121773,0.5627504170729566
20001027.nc,2000-10-27,rhum,216389,121773,0.5627504170729566
20001027.nc,2000-10-27,shum,216389,121773,0.5627504170729566
20001027.nc,2000-10-27,snow,216389,121773,0.5627504170729566
20001027.nc,2000-10-27,srad,216389,121773,0.5627504170729566
20001027.nc,2000-10-27,temp,216389,121773,0.5627504170729566
20001027.nc,2000-10-27,wind,216389,121773,0.5627504170729566
20001028.nc,2000-10-28,elevation,216389,121773,0.5627504170729566
20001028.nc,2000-10-28,PM2.5,216389,121773,0.5627504170729566
20001028.nc,2000-10-28,bcpr,216389,121773,0.5627504170729566
20001028.nc,2000-10-28,lrad,216389,121773,0.5627504170729566
20001028.nc,2000-10-28,prec,216389,121773,0.5627504170729566
20001028.nc,2000-10-28,pres,216389,121773,0.5627504170729566
20001028.nc,2000-10-28,rain,216389,121773,0.5627504170729566
20001028.nc,2000-10-28,rhum,216389,121773,0.5627504170729566
20001028.nc,2000-10-28,shum,216389,121773,0.5627504170729566
20001028.nc,2000-10-28,snow,216389,121773,0.5627504170729566
20001028.nc,2000-10-28,srad,216389,121773,0.5627504170729566
20001028.nc,2000-10-28,temp,216389,121773,0.5627504170729566
20001028.nc,2000-10-28,wind,216389,121773,0.5627504170729566
20001029.nc,2000-10-29,elevation,216389,121773,0.5627504170729566
20001029.nc,2000-10-29,PM2.5,216389,121773,0.5627504170729566
20001029.nc,2000-10-29,bcpr,216389,121773,0.5627504170729566
20001029.nc,2000-10-29,lrad,216389,121773,0.5627504170729566
20001029.nc,2000-10-29,prec,216389,121773,0.5627504170729566
20001029.nc,2000-10-29,pres,216389,121773,0.5627504170729566
20001029.nc,2000-10-29,rain,216389,121773,0.5627504170729566
20001029.nc,2000-10-29,rhum,216389,121773,0.5627504170729566
20001029.nc,2000-10-29,shum,216389,121773,0.5627504170729566
20001029.nc,2000-10-29,snow,216389,121773,0.5627504170729566
20001029.nc,2000-10-29,srad,216389,121773,0.5627504170729566
20001029.nc,2000-10-29,temp,216389,121773,0.5627504170729566
20001029.nc,2000-10-29,wind,216389,121773,0.5627504170729566
20001030.nc,2000-10-30,elevation,216389,121773,0.5627504170729566
20001030.nc,2000-10-30,PM2.5,216389,121773,0.5627504170729566
20001030.nc,2000-10-30,bcpr,216389,121773,0.5627504170729566
20001030.nc,2000-10-30,lrad,216389,121773,0.5627504170729566
20001030.nc,2000-10-30,prec,216389,121773,0.5627504170729566
20001030.nc,2000-10-30,pres,216389,121773,0.5627504170729566
20001030.nc,2000-10-30,rain,216389,121773,0.5627504170729566
20001030.nc,2000-10-30,rhum,216389,121773,0.5627504170729566
20001030.nc,2000-10-30,shum,216389,121773,0.5627504170729566
20001030.nc,2000-10-30,snow,216389,121773,0.5627504170729566
20001030.nc,2000-10-30,srad,216389,121773,0.5627504170729566
20001030.nc,2000-10-30,temp,216389,121773,0.5627504170729566
20001030.nc,2000-10-30,wind,216389,121773,0.5627504170729566
20001031.nc,2000-10-31,elevation,216389,121773,0.5627504170729566
20001031.nc,2000-10-31,PM2.5,216389,121773,0.5627504170729566
20001031.nc,2000-10-31,bcpr,216389,121773,0.5627504170729566
20001031.nc,2000-10-31,lrad,216389,121773,0.5627504170729566
20001031.nc,2000-10-31,prec,216389,121773,0.5627504170729566
20001031.nc,2000-10-31,pres,216389,121773,0.5627504170729566
20001031.nc,2000-10-31,rain,216389,121773,0.5627504170729566
20001031.nc,2000-10-31,rhum,216389,121773,0.5627504170729566
20001031.nc,2000-10-31,shum,216389,121773,0.5627504170729566
20001031.nc,2000-10-31,snow,216389,121773,0.5627504170729566
20001031.nc,2000-10-31,srad,216389,121773,0.5627504170729566
20001031.nc,2000-10-31,temp,216389,121773,0.5627504170729566
20001031.nc,2000-10-31,wind,216389,121773,0.5627504170729566
20001101.nc,2000-11-01,elevation,216389,121773,0.5627504170729566
20001101.nc,2000-11-01,PM2.5,216389,121773,0.5627504170729566
20001101.nc,2000-11-01,bcpr,216389,121773,0.5627504170729566
20001101.nc,2000-11-01,lrad,216389,121773,0.5627504170729566
20001101.nc,2000-11-01,prec,216389,121773,0.5627504170729566
20001101.nc,2000-11-01,pres,216389,121773,0.5627504170729566
20001101.nc,2000-11-01,rain,216389,121773,0.5627504170729566
20001101.nc,2000-11-01,rhum,216389,121773,0.5627504170729566
20001101.nc,2000-11-01,shum,216389,121773,0.5627504170729566
20001101.nc,2000-11-01,snow,216389,121773,0.5627504170729566
20001101.nc,2000-11-01,srad,216389,121773,0.5627504170729566
20001101.nc,2000-11-01,temp,216389,121773,0.5627504170729566
20001101.nc,2000-11-01,wind,216389,121773,0.5627504170729566
20001102.nc,2000-11-02,elevation,216389,121773,0.5627504170729566
20001102.nc,2000-11-02,PM2.5,216389,121773,0.5627504170729566
20001102.nc,2000-11-02,bcpr,216389,121773,0.5627504170729566
20001102.nc,2000-11-02,lrad,216389,121773,0.5627504170729566
20001102.nc,2000-11-02,prec,216389,121773,0.5627504170729566
20001102.nc,2000-11-02,pres,216389,121773,0.5627504170729566
20001102.nc,2000-11-02,rain,216389,121773,0.5627504170729566
20001102.nc,2000-11-02,rhum,216389,121773,0.5627504170729566
20001102.nc,2000-11-02,shum,216389,121773,0.5627504170729566
20001102.nc,2000-11-02,snow,216389,121773,0.5627504170729566
20001102.nc,2000-11-02,srad,216389,121773,0.5627504170729566
20001102.nc,2000-11-02,temp,216389,121773,0.5627504170729566
20001102.nc,2000-11-02,wind,216389,121773,0.5627504170729566
20001103.nc,2000-11-03,elevation,216389,121773,0.5627504170729566
20001103.nc,2000-11-03,PM2.5,216389,121773,0.5627504170729566
20001103.nc,2000-11-03,bcpr,216389,121773,0.5627504170729566
20001103.nc,2000-11-03,lrad,216389,121773,0.5627504170729566
20001103.nc,2000-11-03,prec,216389,121773,0.5627504170729566
20001103.nc,2000-11-03,pres,216389,121773,0.5627504170729566
20001103.nc,2000-11-03,rain,216389,121773,0.5627504170729566
20001103.nc,2000-11-03,rhum,216389,121773,0.5627504170729566
20001103.nc,2000-11-03,shum,216389,121773,0.5627504170729566
20001103.nc,2000-11-03,snow,216389,121773,0.5627504170729566
20001103.nc,2000-11-03,srad,216389,121773,0.5627504170729566
20001103.nc,2000-11-03,temp,216389,121773,0.5627504170729566
20001103.nc,2000-11-03,wind,216389,121773,0.5627504170729566
20001104.nc,2000-11-04,elevation,216389,121773,0.5627504170729566
20001104.nc,2000-11-04,PM2.5,216389,121773,0.5627504170729566
20001104.nc,2000-11-04,bcpr,216389,121773,0.5627504170729566
20001104.nc,2000-11-04,lrad,216389,121773,0.5627504170729566
20001104.nc,2000-11-04,prec,216389,121773,0.5627504170729566
20001104.nc,2000-11-04,pres,216389,121773,0.5627504170729566
20001104.nc,2000-11-04,rain,216389,121773,0.5627504170729566
20001104.nc,2000-11-04,rhum,216389,121773,0.5627504170729566
20001104.nc,2000-11-04,shum,216389,121773,0.5627504170729566
20001104.nc,2000-11-04,snow,216389,121773,0.5627504170729566
20001104.nc,2000-11-04,srad,216389,121773,0.5627504170729566
20001104.nc,2000-11-04,temp,216389,121773,0.5627504170729566
20001104.nc,2000-11-04,wind,216389,121773,0.5627504170729566
20001105.nc,2000-11-05,elevation,216389,121773,0.5627504170729566
20001105.nc,2000-11-05,PM2.5,216389,121773,0.5627504170729566
20001105.nc,2000-11-05,bcpr,216389,121773,0.5627504170729566
20001105.nc,2000-11-05,lrad,216389,121773,0.5627504170729566
20001105.nc,2000-11-05,prec,216389,121773,0.5627504170729566
20001105.nc,2000-11-05,pres,216389,121773,0.5627504170729566
20001105.nc,2000-11-05,rain,216389,121773,0.5627504170729566
20001105.nc,2000-11-05,rhum,216389,121773,0.5627504170729566
20001105.nc,2000-11-05,shum,216389,121773,0.5627504170729566
20001105.nc,2000-11-05,snow,216389,121773,0.5627504170729566
20001105.nc,2000-11-05,srad,216389,121773,0.5627504170729566
20001105.nc,2000-11-05,temp,216389,121773,0.5627504170729566
20001105.nc,2000-11-05,wind,216389,121773,0.5627504170729566
20001106.nc,2000-11-06,elevation,216389,121773,0.5627504170729566
20001106.nc,2000-11-06,PM2.5,216389,121773,0.5627504170729566
20001106.nc,2000-11-06,bcpr,216389,121773,0.5627504170729566
20001106.nc,2000-11-06,lrad,216389,121773,0.5627504170729566
20001106.nc,2000-11-06,prec,216389,121773,0.5627504170729566
20001106.nc,2000-11-06,pres,216389,121773,0.5627504170729566
20001106.nc,2000-11-06,rain,216389,121773,0.5627504170729566
20001106.nc,2000-11-06,rhum,216389,121773,0.5627504170729566
20001106.nc,2000-11-06,shum,216389,121773,0.5627504170729566
20001106.nc,2000-11-06,snow,216389,121773,0.5627504170729566
20001106.nc,2000-11-06,srad,216389,121773,0.5627504170729566
20001106.nc,2000-11-06,temp,216389,121773,0.5627504170729566
20001106.nc,2000-11-06,wind,216389,121773,0.5627504170729566
20001107.nc,2000-11-07,elevation,216389,121773,0.5627504170729566
20001107.nc,2000-11-07,PM2.5,216389,121773,0.5627504170729566
20001107.nc,2000-11-07,bcpr,216389,121773,0.5627504170729566
20001107.nc,2000-11-07,lrad,216389,121773,0.5627504170729566
20001107.nc,2000-11-07,prec,216389,121773,0.5627504170729566
20001107.nc,2000-11-07,pres,216389,121773,0.5627504170729566
20001107.nc,2000-11-07,rain,216389,121773,0.5627504170729566
20001107.nc,2000-11-07,rhum,216389,121773,0.5627504170729566
20001107.nc,2000-11-07,shum,216389,121773,0.5627504170729566
20001107.nc,2000-11-07,snow,216389,121773,0.5627504170729566
20001107.nc,2000-11-07,srad,216389,121773,0.5627504170729566
20001107.nc,2000-11-07,temp,216389,121773,0.5627504170729566
20001107.nc,2000-11-07,wind,216389,121773,0.5627504170729566
20001108.nc,2000-11-08,elevation,216389,121773,0.5627504170729566
20001108.nc,2000-11-08,PM2.5,216389,121773,0.5627504170729566
20001108.nc,2000-11-08,bcpr,216389,121773,0.5627504170729566
20001108.nc,2000-11-08,lrad,216389,121773,0.5627504170729566
20001108.nc,2000-11-08,prec,216389,121773,0.5627504170729566
20001108.nc,2000-11-08,pres,216389,121773,0.5627504170729566
20001108.nc,2000-11-08,rain,216389,121773,0.5627504170729566
20001108.nc,2000-11-08,rhum,216389,121773,0.5627504170729566
20001108.nc,2000-11-08,shum,216389,121773,0.5627504170729566
20001108.nc,2000-11-08,snow,216389,121773,0.5627504170729566
20001108.nc,2000-11-08,srad,216389,121773,0.5627504170729566
20001108.nc,2000-11-08,temp,216389,121773,0.5627504170729566
20001108.nc,2000-11-08,wind,216389,121773,0.5627504170729566
20001109.nc,2000-11-09,elevation,216389,121773,0.5627504170729566
20001109.nc,2000-11-09,PM2.5,216389,121773,0.5627504170729566
20001109.nc,2000-11-09,bcpr,216389,121773,0.5627504170729566
20001109.nc,2000-11-09,lrad,216389,121773,0.5627504170729566
20001109.nc,2000-11-09,prec,216389,121773,0.5627504170729566
20001109.nc,2000-11-09,pres,216389,121773,0.5627504170729566
20001109.nc,2000-11-09,rain,216389,121773,0.5627504170729566
20001109.nc,2000-11-09,rhum,216389,121773,0.5627504170729566
20001109.nc,2000-11-09,shum,216389,121773,0.5627504170729566
20001109.nc,2000-11-09,snow,216389,121773,0.5627504170729566
20001109.nc,2000-11-09,srad,216389,121773,0.5627504170729566
20001109.nc,2000-11-09,temp,216389,121773,0.5627504170729566
20001109.nc,2000-11-09,wind,216389,121773,0.5627504170729566
20001110.nc,2000-11-10,elevation,216389,121773,0.5627504170729566
20001110.nc,2000-11-10,PM2.5,216389,121773,0.5627504170729566
20001110.nc,2000-11-10,bcpr,216389,121773,0.5627504170729566
20001110.nc,2000-11-10,lrad,216389,121773,0.5627504170729566
20001110.nc,2000-11-10,prec,216389,121773,0.5627504170729566
20001110.nc,2000-11-10,pres,216389,121773,0.5627504170729566
20001110.nc,2000-11-10,rain,216389,121773,0.5627504170729566
20001110.nc,2000-11-10,rhum,216389,121773,0.5627504170729566
20001110.nc,2000-11-10,shum,216389,121773,0.5627504170729566
20001110.nc,2000-11-10,snow,216389,121773,0.5627504170729566
20001110.nc,2000-11-10,srad,216389,121773,0.5627504170729566
20001110.nc,2000-11-10,temp,216389,121773,0.5627504170729566
20001110.nc,2000-11-10,wind,216389,121773,0.5627504170729566
20001111.nc,2000-11-11,elevation,216389,121773,0.5627504170729566
20001111.nc,2000-11-11,PM2.5,216389,121773,0.5627504170729566
20001111.nc,2000-11-11,bcpr,216389,121773,0.5627504170729566
20001111.nc,2000-11-11,lrad,216389,121773,0.5627504170729566
20001111.nc,2000-11-11,prec,216389,121773,0.5627504170729566
20001111.nc,2000-11-11,pres,216389,121773,0.5627504170729566
20001111.nc,2000-11-11,rain,216389,121773,0.5627504170729566
20001111.nc,2000-11-11,rhum,216389,121773,0.5627504170729566
20001111.nc,2000-11-11,shum,216389,121773,0.5627504170729566
20001111.nc,2000-11-11,snow,216389,121773,0.5627504170729566
20001111.nc,2000-11-11,srad,216389,121773,0.5627504170729566
20001111.nc,2000-11-11,temp,216389,121773,0.5627504170729566
20001111.nc,2000-11-11,wind,216389,121773,0.5627504170729566
20001112.nc,2000-11-12,elevation,216389,121773,0.5627504170729566
20001112.nc,2000-11-12,PM2.5,216389,121773,0.5627504170729566
20001112.nc,2000-11-12,bcpr,216389,121773,0.5627504170729566
20001112.nc,2000-11-12,lrad,216389,121773,0.5627504170729566
20001112.nc,2000-11-12,prec,216389,121773,0.5627504170729566
20001112.nc,2000-11-12,pres,216389,121773,0.5627504170729566
20001112.nc,2000-11-12,rain,216389,121773,0.5627504170729566
20001112.nc,2000-11-12,rhum,216389,121773,0.5627504170729566
20001112.nc,2000-11-12,shum,216389,121773,0.5627504170729566
20001112.nc,2000-11-12,snow,216389,121773,0.5627504170729566
20001112.nc,2000-11-12,srad,216389,121773,0.5627504170729566
20001112.nc,2000-11-12,temp,216389,121773,0.5627504170729566
20001112.nc,2000-11-12,wind,216389,121773,0.5627504170729566
20001113.nc,2000-11-13,elevation,216389,121773,0.5627504170729566
20001113.nc,2000-11-13,PM2.5,216389,121773,0.5627504170729566
20001113.nc,2000-11-13,bcpr,216389,121773,0.5627504170729566
20001113.nc,2000-11-13,lrad,216389,121773,0.5627504170729566
20001113.nc,2000-11-13,prec,216389,121773,0.5627504170729566
20001113.nc,2000-11-13,pres,216389,121773,0.5627504170729566
20001113.nc,2000-11-13,rain,216389,121773,0.5627504170729566
20001113.nc,2000-11-13,rhum,216389,121773,0.5627504170729566
20001113.nc,2000-11-13,shum,216389,121773,0.5627504170729566
20001113.nc,2000-11-13,snow,216389,121773,0.5627504170729566
20001113.nc,2000-11-13,srad,216389,121773,0.5627504170729566
20001113.nc,2000-11-13,temp,216389,121773,0.5627504170729566
20001113.nc,2000-11-13,wind,216389,121773,0.5627504170729566
20001114.nc,2000-11-14,elevation,216389,121773,0.5627504170729566
20001114.nc,2000-11-14,PM2.5,216389,121773,0.5627504170729566
20001114.nc,2000-11-14,bcpr,216389,121773,0.5627504170729566
20001114.nc,2000-11-14,lrad,216389,121773,0.5627504170729566
20001114.nc,2000-11-14,prec,216389,121773,0.5627504170729566
20001114.nc,2000-11-14,pres,216389,121773,0.5627504170729566
20001114.nc,2000-11-14,rain,216389,121773,0.5627504170729566
20001114.nc,2000-11-14,rhum,216389,121773,0.5627504170729566
20001114.nc,2000-11-14,shum,216389,121773,0.5627504170729566
20001114.nc,2000-11-14,snow,216389,121773,0.5627504170729566
20001114.nc,2000-11-14,srad,216389,121773,0.5627504170729566
20001114.nc,2000-11-14,temp,216389,121773,0.5627504170729566
20001114.nc,2000-11-14,wind,216389,121773,0.5627504170729566
20001115.nc,2000-11-15,elevation,216389,121773,0.5627504170729566
20001115.nc,2000-11-15,PM2.5,216389,121773,0.5627504170729566
20001115.nc,2000-11-15,bcpr,216389,121773,0.5627504170729566
20001115.nc,2000-11-15,lrad,216389,121773,0.5627504170729566
20001115.nc,2000-11-15,prec,216389,121773,0.5627504170729566
20001115.nc,2000-11-15,pres,216389,121773,0.5627504170729566
20001115.nc,2000-11-15,rain,216389,121773,0.5627504170729566
20001115.nc,2000-11-15,rhum,216389,121773,0.5627504170729566
20001115.nc,2000-11-15,shum,216389,121773,0.5627504170729566
20001115.nc,2000-11-15,snow,216389,121773,0.5627504170729566
20001115.nc,2000-11-15,srad,216389,121773,0.5627504170729566
20001115.nc,2000-11-15,temp,216389,121773,0.5627504170729566
20001115.nc,2000-11-15,wind,216389,121773,0.5627504170729566
20001116.nc,2000-11-16,elevation,216389,121773,0.5627504170729566
20001116.nc,2000-11-16,PM2.5,216389,121773,0.5627504170729566
20001116.nc,2000-11-16,bcpr,216389,121773,0.5627504170729566
20001116.nc,2000-11-16,lrad,216389,121773,0.5627504170729566
20001116.nc,2000-11-16,prec,216389,121773,0.5627504170729566
20001116.nc,2000-11-16,pres,216389,121773,0.5627504170729566
20001116.nc,2000-11-16,rain,216389,121773,0.5627504170729566
20001116.nc,2000-11-16,rhum,216389,121773,0.5627504170729566
20001116.nc,2000-11-16,shum,216389,121773,0.5627504170729566
20001116.nc,2000-11-16,snow,216389,121773,0.5627504170729566
20001116.nc,2000-11-16,srad,216389,121773,0.5627504170729566
20001116.nc,2000-11-16,temp,216389,121773,0.5627504170729566
20001116.nc,2000-11-16,wind,216389,121773,0.5627504170729566
20001117.nc,2000-11-17,elevation,216389,121773,0.5627504170729566
20001117.nc,2000-11-17,PM2.5,216389,121773,0.5627504170729566
20001117.nc,2000-11-17,bcpr,216389,121773,0.5627504170729566
20001117.nc,2000-11-17,lrad,216389,121773,0.5627504170729566
20001117.nc,2000-11-17,prec,216389,121773,0.5627504170729566
20001117.nc,2000-11-17,pres,216389,121773,0.5627504170729566
20001117.nc,2000-11-17,rain,216389,121773,0.5627504170729566
20001117.nc,2000-11-17,rhum,216389,121773,0.5627504170729566
20001117.nc,2000-11-17,shum,216389,121773,0.5627504170729566
20001117.nc,2000-11-17,snow,216389,121773,0.5627504170729566
20001117.nc,2000-11-17,srad,216389,121773,0.5627504170729566
20001117.nc,2000-11-17,temp,216389,121773,0.5627504170729566
20001117.nc,2000-11-17,wind,216389,121773,0.5627504170729566
20001118.nc,2000-11-18,elevation,216389,121773,0.5627504170729566
20001118.nc,2000-11-18,PM2.5,216389,121773,0.5627504170729566
20001118.nc,2000-11-18,bcpr,216389,121773,0.5627504170729566
20001118.nc,2000-11-18,lrad,216389,121773,0.5627504170729566
20001118.nc,2000-11-18,prec,216389,121773,0.5627504170729566
20001118.nc,2000-11-18,pres,216389,121773,0.5627504170729566
20001118.nc,2000-11-18,rain,216389,121773,0.5627504170729566
20001118.nc,2000-11-18,rhum,216389,121773,0.5627504170729566
20001118.nc,2000-11-18,shum,216389,121773,0.5627504170729566
20001118.nc,2000-11-18,snow,216389,121773,0.5627504170729566
20001118.nc,2000-11-18,srad,216389,121773,0.5627504170729566
20001118.nc,2000-11-18,temp,216389,121773,0.5627504170729566
20001118.nc,2000-11-18,wind,216389,121773,0.5627504170729566
20001119.nc,2000-11-19,elevation,216389,121773,0.5627504170729566
20001119.nc,2000-11-19,PM2.5,216389,121773,0.5627504170729566
20001119.nc,2000-11-19,bcpr,216389,121773,0.5627504170729566
20001119.nc,2000-11-19,lrad,216389,121773,0.5627504170729566
20001119.nc,2000-11-19,prec,216389,121773,0.5627504170729566
20001119.nc,2000-11-19,pres,216389,121773,0.5627504170729566
20001119.nc,2000-11-19,rain,216389,121773,0.5627504170729566
20001119.nc,2000-11-19,rhum,216389,121773,0.5627504170729566
20001119.nc,2000-11-19,shum,216389,121773,0.5627504170729566
20001119.nc,2000-11-19,snow,216389,121773,0.5627504170729566
20001119.nc,2000-11-19,srad,216389,121773,0.5627504170729566
20001119.nc,2000-11-19,temp,216389,121773,0.5627504170729566
20001119.nc,2000-11-19,wind,216389,121773,0.5627504170729566
20001120.nc,2000-11-20,elevation,216389,121773,0.5627504170729566
20001120.nc,2000-11-20,PM2.5,216389,121773,0.5627504170729566
20001120.nc,2000-11-20,bcpr,216389,121773,0.5627504170729566
20001120.nc,2000-11-20,lrad,216389,121773,0.5627504170729566
20001120.nc,2000-11-20,prec,216389,121773,0.5627504170729566
20001120.nc,2000-11-20,pres,216389,121773,0.5627504170729566
20001120.nc,2000-11-20,rain,216389,121773,0.5627504170729566
20001120.nc,2000-11-20,rhum,216389,121773,0.5627504170729566
20001120.nc,2000-11-20,shum,216389,121773,0.5627504170729566
20001120.nc,2000-11-20,snow,216389,121773,0.5627504170729566
20001120.nc,2000-11-20,srad,216389,121773,0.5627504170729566
20001120.nc,2000-11-20,temp,216389,121773,0.5627504170729566
20001120.nc,2000-11-20,wind,216389,121773,0.5627504170729566
20001121.nc,2000-11-21,elevation,216389,121773,0.5627504170729566
20001121.nc,2000-11-21,PM2.5,216389,121773,0.5627504170729566
20001121.nc,2000-11-21,bcpr,216389,121773,0.5627504170729566
20001121.nc,2000-11-21,lrad,216389,121773,0.5627504170729566
20001121.nc,2000-11-21,prec,216389,121773,0.5627504170729566
20001121.nc,2000-11-21,pres,216389,121773,0.5627504170729566
20001121.nc,2000-11-21,rain,216389,121773,0.5627504170729566
20001121.nc,2000-11-21,rhum,216389,121773,0.5627504170729566
20001121.nc,2000-11-21,shum,216389,121773,0.5627504170729566
20001121.nc,2000-11-21,snow,216389,121773,0.5627504170729566
20001121.nc,2000-11-21,srad,216389,121773,0.5627504170729566
20001121.nc,2000-11-21,temp,216389,121773,0.5627504170729566
20001121.nc,2000-11-21,wind,216389,121773,0.5627504170729566
20001122.nc,2000-11-22,elevation,216389,121773,0.5627504170729566
20001122.nc,2000-11-22,PM2.5,216389,121773,0.5627504170729566
20001122.nc,2000-11-22,bcpr,216389,121773,0.5627504170729566
20001122.nc,2000-11-22,lrad,216389,121773,0.5627504170729566
20001122.nc,2000-11-22,prec,216389,121773,0.5627504170729566
20001122.nc,2000-11-22,pres,216389,121773,0.5627504170729566
20001122.nc,2000-11-22,rain,216389,121773,0.5627504170729566
20001122.nc,2000-11-22,rhum,216389,121773,0.5627504170729566
20001122.nc,2000-11-22,shum,216389,121773,0.5627504170729566
20001122.nc,2000-11-22,snow,216389,121773,0.5627504170729566
20001122.nc,2000-11-22,srad,216389,121773,0.5627504170729566
20001122.nc,2000-11-22,temp,216389,121773,0.5627504170729566
20001122.nc,2000-11-22,wind,216389,121773,0.5627504170729566
20001123.nc,2000-11-23,elevation,216389,121773,0.5627504170729566
20001123.nc,2000-11-23,PM2.5,216389,121773,0.5627504170729566
20001123.nc,2000-11-23,bcpr,216389,121773,0.5627504170729566
20001123.nc,2000-11-23,lrad,216389,121773,0.5627504170729566
20001123.nc,2000-11-23,prec,216389,121773,0.5627504170729566
20001123.nc,2000-11-23,pres,216389,121773,0.5627504170729566
20001123.nc,2000-11-23,rain,216389,121773,0.5627504170729566
20001123.nc,2000-11-23,rhum,216389,121773,0.5627504170729566
20001123.nc,2000-11-23,shum,216389,121773,0.5627504170729566
20001123.nc,2000-11-23,snow,216389,121773,0.5627504170729566
20001123.nc,2000-11-23,srad,216389,121773,0.5627504170729566
20001123.nc,2000-11-23,temp,216389,121773,0.5627504170729566
20001123.nc,2000-11-23,wind,216389,121773,0.5627504170729566
20001124.nc,2000-11-24,elevation,216389,121773,0.5627504170729566
20001124.nc,2000-11-24,PM2.5,216389,121773,0.5627504170729566
20001124.nc,2000-11-24,bcpr,216389,121773,0.5627504170729566
20001124.nc,2000-11-24,lrad,216389,121773,0.5627504170729566
20001124.nc,2000-11-24,prec,216389,121773,0.5627504170729566
20001124.nc,2000-11-24,pres,216389,121773,0.5627504170729566
20001124.nc,2000-11-24,rain,216389,121773,0.5627504170729566
20001124.nc,2000-11-24,rhum,216389,121773,0.5627504170729566
20001124.nc,2000-11-24,shum,216389,121773,0.5627504170729566
20001124.nc,2000-11-24,snow,216389,121773,0.5627504170729566
20001124.nc,2000-11-24,srad,216389,121773,0.5627504170729566
20001124.nc,2000-11-24,temp,216389,121773,0.5627504170729566
20001124.nc,2000-11-24,wind,216389,121773,0.5627504170729566
20001125.nc,2000-11-25,elevation,216389,121773,0.5627504170729566
20001125.nc,2000-11-25,PM2.5,216389,121773,0.5627504170729566
20001125.nc,2000-11-25,bcpr,216389,121773,0.5627504170729566
20001125.nc,2000-11-25,lrad,216389,121773,0.5627504170729566
20001125.nc,2000-11-25,prec,216389,121773,0.5627504170729566
20001125.nc,2000-11-25,pres,216389,121773,0.5627504170729566
20001125.nc,2000-11-25,rain,216389,121773,0.5627504170729566
20001125.nc,2000-11-25,rhum,216389,121773,0.5627504170729566
20001125.nc,2000-11-25,shum,216389,121773,0.5627504170729566
20001125.nc,2000-11-25,snow,216389,121773,0.5627504170729566
20001125.nc,2000-11-25,srad,216389,121773,0.5627504170729566
20001125.nc,2000-11-25,temp,216389,121773,0.5627504170729566
20001125.nc,2000-11-25,wind,216389,121773,0.5627504170729566
20001126.nc,2000-11-26,elevation,216389,121773,0.5627504170729566
20001126.nc,2000-11-26,PM2.5,216389,121773,0.5627504170729566
20001126.nc,2000-11-26,bcpr,216389,121773,0.5627504170729566
20001126.nc,2000-11-26,lrad,216389,121773,0.5627504170729566
20001126.nc,2000-11-26,prec,216389,121773,0.5627504170729566
20001126.nc,2000-11-26,pres,216389,121773,0.5627504170729566
20001126.nc,2000-11-26,rain,216389,121773,0.5627504170729566
20001126.nc,2000-11-26,rhum,216389,121773,0.5627504170729566
20001126.nc,2000-11-26,shum,216389,121773,0.5627504170729566
20001126.nc,2000-11-26,snow,216389,121773,0.5627504170729566
20001126.nc,2000-11-26,srad,216389,121773,0.5627504170729566
20001126.nc,2000-11-26,temp,216389,121773,0.5627504170729566
20001126.nc,2000-11-26,wind,216389,121773,0.5627504170729566
20001127.nc,2000-11-27,elevation,216389,121773,0.5627504170729566
20001127.nc,2000-11-27,PM2.5,216389,121773,0.5627504170729566
20001127.nc,2000-11-27,bcpr,216389,121773,0.5627504170729566
20001127.nc,2000-11-27,lrad,216389,121773,0.5627504170729566
20001127.nc,2000-11-27,prec,216389,121773,0.5627504170729566
20001127.nc,2000-11-27,pres,216389,121773,0.5627504170729566
20001127.nc,2000-11-27,rain,216389,121773,0.5627504170729566
20001127.nc,2000-11-27,rhum,216389,121773,0.5627504170729566
20001127.nc,2000-11-27,shum,216389,121773,0.5627504170729566
20001127.nc,2000-11-27,snow,216389,121773,0.5627504170729566
20001127.nc,2000-11-27,srad,216389,121773,0.5627504170729566
20001127.nc,2000-11-27,temp,216389,121773,0.5627504170729566
20001127.nc,2000-11-27,wind,216389,121773,0.5627504170729566
20001128.nc,2000-11-28,elevation,216389,121773,0.5627504170729566
20001128.nc,2000-11-28,PM2.5,216389,121773,0.5627504170729566
20001128.nc,2000-11-28,bcpr,216389,121773,0.5627504170729566
20001128.nc,2000-11-28,lrad,216389,121773,0.5627504170729566
20001128.nc,2000-11-28,prec,216389,121773,0.5627504170729566
20001128.nc,2000-11-28,pres,216389,121773,0.5627504170729566
20001128.nc,2000-11-28,rain,216389,121773,0.5627504170729566
20001128.nc,2000-11-28,rhum,216389,121773,0.5627504170729566
20001128.nc,2000-11-28,shum,216389,121773,0.5627504170729566
20001128.nc,2000-11-28,snow,216389,121773,0.5627504170729566
20001128.nc,2000-11-28,srad,216389,121773,0.5627504170729566
20001128.nc,2000-11-28,temp,216389,121773,0.5627504170729566
20001128.nc,2000-11-28,wind,216389,121773,0.5627504170729566
20001129.nc,2000-11-29,elevation,216389,121773,0.5627504170729566
20001129.nc,2000-11-29,PM2.5,216389,121773,0.5627504170729566
20001129.nc,2000-11-29,bcpr,216389,121773,0.5627504170729566
20001129.nc,2000-11-29,lrad,216389,121773,0.5627504170729566
20001129.nc,2000-11-29,prec,216389,121773,0.5627504170729566
20001129.nc,2000-11-29,pres,216389,121773,0.5627504170729566
20001129.nc,2000-11-29,rain,216389,121773,0.5627504170729566
20001129.nc,2000-11-29,rhum,216389,121773,0.5627504170729566
20001129.nc,2000-11-29,shum,216389,121773,0.5627504170729566
20001129.nc,2000-11-29,snow,216389,121773,0.5627504170729566
20001129.nc,2000-11-29,srad,216389,121773,0.5627504170729566
20001129.nc,2000-11-29,temp,216389,121773,0.5627504170729566
20001129.nc,2000-11-29,wind,216389,121773,0.5627504170729566
20001130.nc,2000-11-30,elevation,216389,121773,0.5627504170729566
20001130.nc,2000-11-30,PM2.5,216389,121773,0.5627504170729566
20001130.nc,2000-11-30,bcpr,216389,121773,0.5627504170729566
20001130.nc,2000-11-30,lrad,216389,121773,0.5627504170729566
20001130.nc,2000-11-30,prec,216389,121773,0.5627504170729566
20001130.nc,2000-11-30,pres,216389,121773,0.5627504170729566
20001130.nc,2000-11-30,rain,216389,121773,0.5627504170729566
20001130.nc,2000-11-30,rhum,216389,121773,0.5627504170729566
20001130.nc,2000-11-30,shum,216389,121773,0.5627504170729566
20001130.nc,2000-11-30,snow,216389,121773,0.5627504170729566
20001130.nc,2000-11-30,srad,216389,121773,0.5627504170729566
20001130.nc,2000-11-30,temp,216389,121773,0.5627504170729566
20001130.nc,2000-11-30,wind,216389,121773,0.5627504170729566
20001201.nc,2000-12-01,elevation,216389,121773,0.5627504170729566
20001201.nc,2000-12-01,PM2.5,216389,121773,0.5627504170729566
20001201.nc,2000-12-01,bcpr,216389,121773,0.5627504170729566
20001201.nc,2000-12-01,lrad,216389,121773,0.5627504170729566
20001201.nc,2000-12-01,prec,216389,121773,0.5627504170729566
20001201.nc,2000-12-01,pres,216389,121773,0.5627504170729566
20001201.nc,2000-12-01,rain,216389,121773,0.5627504170729566
20001201.nc,2000-12-01,rhum,216389,121773,0.5627504170729566
20001201.nc,2000-12-01,shum,216389,121773,0.5627504170729566
20001201.nc,2000-12-01,snow,216389,121773,0.5627504170729566
20001201.nc,2000-12-01,srad,216389,121773,0.5627504170729566
20001201.nc,2000-12-01,temp,216389,121773,0.5627504170729566
20001201.nc,2000-12-01,wind,216389,121773,0.5627504170729566
20001202.nc,2000-12-02,elevation,216389,121773,0.5627504170729566
20001202.nc,2000-12-02,PM2.5,216389,121773,0.5627504170729566
20001202.nc,2000-12-02,bcpr,216389,121773,0.5627504170729566
20001202.nc,2000-12-02,lrad,216389,121773,0.5627504170729566
20001202.nc,2000-12-02,prec,216389,121773,0.5627504170729566
20001202.nc,2000-12-02,pres,216389,121773,0.5627504170729566
20001202.nc,2000-12-02,rain,216389,121773,0.5627504170729566
20001202.nc,2000-12-02,rhum,216389,121773,0.5627504170729566
20001202.nc,2000-12-02,shum,216389,121773,0.5627504170729566
20001202.nc,2000-12-02,snow,216389,121773,0.5627504170729566
20001202.nc,2000-12-02,srad,216389,121773,0.5627504170729566
20001202.nc,2000-12-02,temp,216389,121773,0.5627504170729566
20001202.nc,2000-12-02,wind,216389,121773,0.5627504170729566
20001203.nc,2000-12-03,elevation,216389,121773,0.5627504170729566
20001203.nc,2000-12-03,PM2.5,216389,121773,0.5627504170729566
20001203.nc,2000-12-03,bcpr,216389,121773,0.5627504170729566
20001203.nc,2000-12-03,lrad,216389,121773,0.5627504170729566
20001203.nc,2000-12-03,prec,216389,121773,0.5627504170729566
20001203.nc,2000-12-03,pres,216389,121773,0.5627504170729566
20001203.nc,2000-12-03,rain,216389,121773,0.5627504170729566
20001203.nc,2000-12-03,rhum,216389,121773,0.5627504170729566
20001203.nc,2000-12-03,shum,216389,121773,0.5627504170729566
20001203.nc,2000-12-03,snow,216389,121773,0.5627504170729566
20001203.nc,2000-12-03,srad,216389,121773,0.5627504170729566
20001203.nc,2000-12-03,temp,216389,121773,0.5627504170729566
20001203.nc,2000-12-03,wind,216389,121773,0.5627504170729566
20001204.nc,2000-12-04,elevation,216389,121773,0.5627504170729566
20001204.nc,2000-12-04,PM2.5,216389,121773,0.5627504170729566
20001204.nc,2000-12-04,bcpr,216389,121773,0.5627504170729566
20001204.nc,2000-12-04,lrad,216389,121773,0.5627504170729566
20001204.nc,2000-12-04,prec,216389,121773,0.5627504170729566
20001204.nc,2000-12-04,pres,216389,121773,0.5627504170729566
20001204.nc,2000-12-04,rain,216389,121773,0.5627504170729566
20001204.nc,2000-12-04,rhum,216389,121773,0.5627504170729566
20001204.nc,2000-12-04,shum,216389,121773,0.5627504170729566
20001204.nc,2000-12-04,snow,216389,121773,0.5627504170729566
20001204.nc,2000-12-04,srad,216389,121773,0.5627504170729566
20001204.nc,2000-12-04,temp,216389,121773,0.5627504170729566
20001204.nc,2000-12-04,wind,216389,121773,0.5627504170729566
20001205.nc,2000-12-05,elevation,216389,121773,0.5627504170729566
20001205.nc,2000-12-05,PM2.5,216389,121773,0.5627504170729566
20001205.nc,2000-12-05,bcpr,216389,121773,0.5627504170729566
20001205.nc,2000-12-05,lrad,216389,121773,0.5627504170729566
20001205.nc,2000-12-05,prec,216389,121773,0.5627504170729566
20001205.nc,2000-12-05,pres,216389,121773,0.5627504170729566
20001205.nc,2000-12-05,rain,216389,121773,0.5627504170729566
20001205.nc,2000-12-05,rhum,216389,121773,0.5627504170729566
20001205.nc,2000-12-05,shum,216389,121773,0.5627504170729566
20001205.nc,2000-12-05,snow,216389,121773,0.5627504170729566
20001205.nc,2000-12-05,srad,216389,121773,0.5627504170729566
20001205.nc,2000-12-05,temp,216389,121773,0.5627504170729566
20001205.nc,2000-12-05,wind,216389,121773,0.5627504170729566
20001206.nc,2000-12-06,elevation,216389,121773,0.5627504170729566
20001206.nc,2000-12-06,PM2.5,216389,121773,0.5627504170729566
20001206.nc,2000-12-06,bcpr,216389,121773,0.5627504170729566
20001206.nc,2000-12-06,lrad,216389,121773,0.5627504170729566
20001206.nc,2000-12-06,prec,216389,121773,0.5627504170729566
20001206.nc,2000-12-06,pres,216389,121773,0.5627504170729566
20001206.nc,2000-12-06,rain,216389,121773,0.5627504170729566
20001206.nc,2000-12-06,rhum,216389,121773,0.5627504170729566
20001206.nc,2000-12-06,shum,216389,121773,0.5627504170729566
20001206.nc,2000-12-06,snow,216389,121773,0.5627504170729566
20001206.nc,2000-12-06,srad,216389,121773,0.5627504170729566
20001206.nc,2000-12-06,temp,216389,121773,0.5627504170729566
20001206.nc,2000-12-06,wind,216389,121773,0.5627504170729566
20001207.nc,2000-12-07,elevation,216389,121773,0.5627504170729566
20001207.nc,2000-12-07,PM2.5,216389,121773,0.5627504170729566
20001207.nc,2000-12-07,bcpr,216389,121773,0.5627504170729566
20001207.nc,2000-12-07,lrad,216389,121773,0.5627504170729566
20001207.nc,2000-12-07,prec,216389,121773,0.5627504170729566
20001207.nc,2000-12-07,pres,216389,121773,0.5627504170729566
20001207.nc,2000-12-07,rain,216389,121773,0.5627504170729566
20001207.nc,2000-12-07,rhum,216389,121773,0.5627504170729566
20001207.nc,2000-12-07,shum,216389,121773,0.5627504170729566
20001207.nc,2000-12-07,snow,216389,121773,0.5627504170729566
20001207.nc,2000-12-07,srad,216389,121773,0.5627504170729566
20001207.nc,2000-12-07,temp,216389,121773,0.5627504170729566
20001207.nc,2000-12-07,wind,216389,121773,0.5627504170729566
20001208.nc,2000-12-08,elevation,216389,121773,0.5627504170729566
20001208.nc,2000-12-08,PM2.5,216389,121773,0.5627504170729566
20001208.nc,2000-12-08,bcpr,216389,121773,0.5627504170729566
20001208.nc,2000-12-08,lrad,216389,121773,0.5627504170729566
20001208.nc,2000-12-08,prec,216389,121773,0.5627504170729566
20001208.nc,2000-12-08,pres,216389,121773,0.5627504170729566
20001208.nc,2000-12-08,rain,216389,121773,0.5627504170729566
20001208.nc,2000-12-08,rhum,216389,121773,0.5627504170729566
20001208.nc,2000-12-08,shum,216389,121773,0.5627504170729566
20001208.nc,2000-12-08,snow,216389,121773,0.5627504170729566
20001208.nc,2000-12-08,srad,216389,121773,0.5627504170729566
20001208.nc,2000-12-08,temp,216389,121773,0.5627504170729566
20001208.nc,2000-12-08,wind,216389,121773,0.5627504170729566
20001209.nc,2000-12-09,elevation,216389,121773,0.5627504170729566
20001209.nc,2000-12-09,PM2.5,216389,121773,0.5627504170729566
20001209.nc,2000-12-09,bcpr,216389,121773,0.5627504170729566
20001209.nc,2000-12-09,lrad,216389,121773,0.5627504170729566
20001209.nc,2000-12-09,prec,216389,121773,0.5627504170729566
20001209.nc,2000-12-09,pres,216389,121773,0.5627504170729566
20001209.nc,2000-12-09,rain,216389,121773,0.5627504170729566
20001209.nc,2000-12-09,rhum,216389,121773,0.5627504170729566
20001209.nc,2000-12-09,shum,216389,121773,0.5627504170729566
20001209.nc,2000-12-09,snow,216389,121773,0.5627504170729566
20001209.nc,2000-12-09,srad,216389,121773,0.5627504170729566
20001209.nc,2000-12-09,temp,216389,121773,0.5627504170729566
20001209.nc,2000-12-09,wind,216389,121773,0.5627504170729566
20001210.nc,2000-12-10,elevation,216389,121773,0.5627504170729566
20001210.nc,2000-12-10,PM2.5,216389,121773,0.5627504170729566
20001210.nc,2000-12-10,bcpr,216389,121773,0.5627504170729566
20001210.nc,2000-12-10,lrad,216389,121773,0.5627504170729566
20001210.nc,2000-12-10,prec,216389,121773,0.5627504170729566
20001210.nc,2000-12-10,pres,216389,121773,0.5627504170729566
20001210.nc,2000-12-10,rain,216389,121773,0.5627504170729566
20001210.nc,2000-12-10,rhum,216389,121773,0.5627504170729566
20001210.nc,2000-12-10,shum,216389,121773,0.5627504170729566
20001210.nc,2000-12-10,snow,216389,121773,0.5627504170729566
20001210.nc,2000-12-10,srad,216389,121773,0.5627504170729566
20001210.nc,2000-12-10,temp,216389,121773,0.5627504170729566
20001210.nc,2000-12-10,wind,216389,121773,0.5627504170729566
20001211.nc,2000-12-11,elevation,216389,121773,0.5627504170729566
20001211.nc,2000-12-11,PM2.5,216389,121773,0.5627504170729566
20001211.nc,2000-12-11,bcpr,216389,121773,0.5627504170729566
20001211.nc,2000-12-11,lrad,216389,121773,0.5627504170729566
20001211.nc,2000-12-11,prec,216389,121773,0.5627504170729566
20001211.nc,2000-12-11,pres,216389,121773,0.5627504170729566
20001211.nc,2000-12-11,rain,216389,121773,0.5627504170729566
20001211.nc,2000-12-11,rhum,216389,121773,0.5627504170729566
20001211.nc,2000-12-11,shum,216389,121773,0.5627504170729566
20001211.nc,2000-12-11,snow,216389,121773,0.5627504170729566
20001211.nc,2000-12-11,srad,216389,121773,0.5627504170729566
20001211.nc,2000-12-11,temp,216389,121773,0.5627504170729566
20001211.nc,2000-12-11,wind,216389,121773,0.5627504170729566
20001212.nc,2000-12-12,elevation,216389,121773,0.5627504170729566
20001212.nc,2000-12-12,PM2.5,216389,121773,0.5627504170729566
20001212.nc,2000-12-12,bcpr,216389,121773,0.5627504170729566
20001212.nc,2000-12-12,lrad,216389,121773,0.5627504170729566
20001212.nc,2000-12-12,prec,216389,121773,0.5627504170729566
20001212.nc,2000-12-12,pres,216389,121773,0.5627504170729566
20001212.nc,2000-12-12,rain,216389,121773,0.5627504170729566
20001212.nc,2000-12-12,rhum,216389,121773,0.5627504170729566
20001212.nc,2000-12-12,shum,216389,121773,0.5627504170729566
20001212.nc,2000-12-12,snow,216389,121773,0.5627504170729566
20001212.nc,2000-12-12,srad,216389,121773,0.5627504170729566
20001212.nc,2000-12-12,temp,216389,121773,0.5627504170729566
20001212.nc,2000-12-12,wind,216389,121773,0.5627504170729566
20001213.nc,2000-12-13,elevation,216389,121773,0.5627504170729566
20001213.nc,2000-12-13,PM2.5,216389,121773,0.5627504170729566
20001213.nc,2000-12-13,bcpr,216389,121773,0.5627504170729566
20001213.nc,2000-12-13,lrad,216389,121773,0.5627504170729566
20001213.nc,2000-12-13,prec,216389,121773,0.5627504170729566
20001213.nc,2000-12-13,pres,216389,121773,0.5627504170729566
20001213.nc,2000-12-13,rain,216389,121773,0.5627504170729566
20001213.nc,2000-12-13,rhum,216389,121773,0.5627504170729566
20001213.nc,2000-12-13,shum,216389,121773,0.5627504170729566
20001213.nc,2000-12-13,snow,216389,121773,0.5627504170729566
20001213.nc,2000-12-13,srad,216389,121773,0.5627504170729566
20001213.nc,2000-12-13,temp,216389,121773,0.5627504170729566
20001213.nc,2000-12-13,wind,216389,121773,0.5627504170729566
20001214.nc,2000-12-14,elevation,216389,121773,0.5627504170729566
20001214.nc,2000-12-14,PM2.5,216389,121773,0.5627504170729566
20001214.nc,2000-12-14,bcpr,216389,121773,0.5627504170729566
20001214.nc,2000-12-14,lrad,216389,121773,0.5627504170729566
20001214.nc,2000-12-14,prec,216389,121773,0.5627504170729566
20001214.nc,2000-12-14,pres,216389,121773,0.5627504170729566
20001214.nc,2000-12-14,rain,216389,121773,0.5627504170729566
20001214.nc,2000-12-14,rhum,216389,121773,0.5627504170729566
20001214.nc,2000-12-14,shum,216389,121773,0.5627504170729566
20001214.nc,2000-12-14,snow,216389,121773,0.5627504170729566
20001214.nc,2000-12-14,srad,216389,121773,0.5627504170729566
20001214.nc,2000-12-14,temp,216389,121773,0.5627504170729566
20001214.nc,2000-12-14,wind,216389,121773,0.5627504170729566
20001215.nc,2000-12-15,elevation,216389,121773,0.5627504170729566
20001215.nc,2000-12-15,PM2.5,216389,121773,0.5627504170729566
20001215.nc,2000-12-15,bcpr,216389,121773,0.5627504170729566
20001215.nc,2000-12-15,lrad,216389,121773,0.5627504170729566
20001215.nc,2000-12-15,prec,216389,121773,0.5627504170729566
20001215.nc,2000-12-15,pres,216389,121773,0.5627504170729566
20001215.nc,2000-12-15,rain,216389,121773,0.5627504170729566
20001215.nc,2000-12-15,rhum,216389,121773,0.5627504170729566
20001215.nc,2000-12-15,shum,216389,121773,0.5627504170729566
20001215.nc,2000-12-15,snow,216389,121773,0.5627504170729566
20001215.nc,2000-12-15,srad,216389,121773,0.5627504170729566
20001215.nc,2000-12-15,temp,216389,121773,0.5627504170729566
20001215.nc,2000-12-15,wind,216389,121773,0.5627504170729566
20001216.nc,2000-12-16,elevation,216389,121773,0.5627504170729566
20001216.nc,2000-12-16,PM2.5,216389,121773,0.5627504170729566
20001216.nc,2000-12-16,bcpr,216389,121773,0.5627504170729566
20001216.nc,2000-12-16,lrad,216389,121773,0.5627504170729566
20001216.nc,2000-12-16,prec,216389,121773,0.5627504170729566
20001216.nc,2000-12-16,pres,216389,121773,0.5627504170729566
20001216.nc,2000-12-16,rain,216389,121773,0.5627504170729566
20001216.nc,2000-12-16,rhum,216389,121773,0.5627504170729566
20001216.nc,2000-12-16,shum,216389,121773,0.5627504170729566
20001216.nc,2000-12-16,snow,216389,121773,0.5627504170729566
20001216.nc,2000-12-16,srad,216389,121773,0.5627504170729566
20001216.nc,2000-12-16,temp,216389,121773,0.5627504170729566
20001216.nc,2000-12-16,wind,216389,121773,0.5627504170729566
20001217.nc,2000-12-17,elevation,216389,121773,0.5627504170729566
20001217.nc,2000-12-17,PM2.5,216389,121773,0.5627504170729566
20001217.nc,2000-12-17,bcpr,216389,121773,0.5627504170729566
20001217.nc,2000-12-17,lrad,216389,121773,0.5627504170729566
20001217.nc,2000-12-17,prec,216389,121773,0.5627504170729566
20001217.nc,2000-12-17,pres,216389,121773,0.5627504170729566
20001217.nc,2000-12-17,rain,216389,121773,0.5627504170729566
20001217.nc,2000-12-17,rhum,216389,121773,0.5627504170729566
20001217.nc,2000-12-17,shum,216389,121773,0.5627504170729566
20001217.nc,2000-12-17,snow,216389,121773,0.5627504170729566
20001217.nc,2000-12-17,srad,216389,121773,0.5627504170729566
20001217.nc,2000-12-17,temp,216389,121773,0.5627504170729566
20001217.nc,2000-12-17,wind,216389,121773,0.5627504170729566
20001218.nc,2000-12-18,elevation,216389,121773,0.5627504170729566
20001218.nc,2000-12-18,PM2.5,216389,121773,0.5627504170729566
20001218.nc,2000-12-18,bcpr,216389,121773,0.5627504170729566
20001218.nc,2000-12-18,lrad,216389,121773,0.5627504170729566
20001218.nc,2000-12-18,prec,216389,121773,0.5627504170729566
20001218.nc,2000-12-18,pres,216389,121773,0.5627504170729566
20001218.nc,2000-12-18,rain,216389,121773,0.5627504170729566
20001218.nc,2000-12-18,rhum,216389,121773,0.5627504170729566
20001218.nc,2000-12-18,shum,216389,121773,0.5627504170729566
20001218.nc,2000-12-18,snow,216389,121773,0.5627504170729566
20001218.nc,2000-12-18,srad,216389,121773,0.5627504170729566
20001218.nc,2000-12-18,temp,216389,121773,0.5627504170729566
20001218.nc,2000-12-18,wind,216389,121773,0.5627504170729566
20001219.nc,2000-12-19,elevation,216389,121773,0.5627504170729566
20001219.nc,2000-12-19,PM2.5,216389,121773,0.5627504170729566
20001219.nc,2000-12-19,bcpr,216389,121773,0.5627504170729566
20001219.nc,2000-12-19,lrad,216389,121773,0.5627504170729566
20001219.nc,2000-12-19,prec,216389,121773,0.5627504170729566
20001219.nc,2000-12-19,pres,216389,121773,0.5627504170729566
20001219.nc,2000-12-19,rain,216389,121773,0.5627504170729566
20001219.nc,2000-12-19,rhum,216389,121773,0.5627504170729566
20001219.nc,2000-12-19,shum,216389,121773,0.5627504170729566
20001219.nc,2000-12-19,snow,216389,121773,0.5627504170729566
20001219.nc,2000-12-19,srad,216389,121773,0.5627504170729566
20001219.nc,2000-12-19,temp,216389,121773,0.5627504170729566
20001219.nc,2000-12-19,wind,216389,121773,0.5627504170729566
20001220.nc,2000-12-20,elevation,216389,121773,0.5627504170729566
20001220.nc,2000-12-20,PM2.5,216389,121773,0.5627504170729566
20001220.nc,2000-12-20,bcpr,216389,121773,0.5627504170729566
20001220.nc,2000-12-20,lrad,216389,121773,0.5627504170729566
20001220.nc,2000-12-20,prec,216389,121773,0.5627504170729566
20001220.nc,2000-12-20,pres,216389,121773,0.5627504170729566
20001220.nc,2000-12-20,rain,216389,121773,0.5627504170729566
20001220.nc,2000-12-20,rhum,216389,121773,0.5627504170729566
20001220.nc,2000-12-20,shum,216389,121773,0.5627504170729566
20001220.nc,2000-12-20,snow,216389,121773,0.5627504170729566
20001220.nc,2000-12-20,srad,216389,121773,0.5627504170729566
20001220.nc,2000-12-20,temp,216389,121773,0.5627504170729566
20001220.nc,2000-12-20,wind,216389,121773,0.5627504170729566
20001221.nc,2000-12-21,elevation,216389,121773,0.5627504170729566
20001221.nc,2000-12-21,PM2.5,216389,121773,0.5627504170729566
20001221.nc,2000-12-21,bcpr,216389,121773,0.5627504170729566
20001221.nc,2000-12-21,lrad,216389,121773,0.5627504170729566
20001221.nc,2000-12-21,prec,216389,121773,0.5627504170729566
20001221.nc,2000-12-21,pres,216389,121773,0.5627504170729566
20001221.nc,2000-12-21,rain,216389,121773,0.5627504170729566
20001221.nc,2000-12-21,rhum,216389,121773,0.5627504170729566
20001221.nc,2000-12-21,shum,216389,121773,0.5627504170729566
20001221.nc,2000-12-21,snow,216389,121773,0.5627504170729566
20001221.nc,2000-12-21,srad,216389,121773,0.5627504170729566
20001221.nc,2000-12-21,temp,216389,121773,0.5627504170729566
20001221.nc,2000-12-21,wind,216389,121773,0.5627504170729566
20001222.nc,2000-12-22,elevation,216389,121773,0.5627504170729566
20001222.nc,2000-12-22,PM2.5,216389,121773,0.5627504170729566
20001222.nc,2000-12-22,bcpr,216389,121773,0.5627504170729566
20001222.nc,2000-12-22,lrad,216389,121773,0.5627504170729566
20001222.nc,2000-12-22,prec,216389,121773,0.5627504170729566
20001222.nc,2000-12-22,pres,216389,121773,0.5627504170729566
20001222.nc,2000-12-22,rain,216389,121773,0.5627504170729566
20001222.nc,2000-12-22,rhum,216389,121773,0.5627504170729566
20001222.nc,2000-12-22,shum,216389,121773,0.5627504170729566
20001222.nc,2000-12-22,snow,216389,121773,0.5627504170729566
20001222.nc,2000-12-22,srad,216389,121773,0.5627504170729566
20001222.nc,2000-12-22,temp,216389,121773,0.5627504170729566
20001222.nc,2000-12-22,wind,216389,121773,0.5627504170729566
20001223.nc,2000-12-23,elevation,216389,121773,0.5627504170729566
20001223.nc,2000-12-23,PM2.5,216389,121773,0.5627504170729566
20001223.nc,2000-12-23,bcpr,216389,121773,0.5627504170729566
20001223.nc,2000-12-23,lrad,216389,121773,0.5627504170729566
20001223.nc,2000-12-23,prec,216389,121773,0.5627504170729566
20001223.nc,2000-12-23,pres,216389,121773,0.5627504170729566
20001223.nc,2000-12-23,rain,216389,121773,0.5627504170729566
20001223.nc,2000-12-23,rhum,216389,121773,0.5627504170729566
20001223.nc,2000-12-23,shum,216389,121773,0.5627504170729566
20001223.nc,2000-12-23,snow,216389,121773,0.5627504170729566
20001223.nc,2000-12-23,srad,216389,121773,0.5627504170729566
20001223.nc,2000-12-23,temp,216389,121773,0.5627504170729566
20001223.nc,2000-12-23,wind,216389,121773,0.5627504170729566
20001224.nc,2000-12-24,elevation,216389,121773,0.5627504170729566
20001224.nc,2000-12-24,PM2.5,216389,121773,0.5627504170729566
20001224.nc,2000-12-24,bcpr,216389,121773,0.5627504170729566
20001224.nc,2000-12-24,lrad,216389,121773,0.5627504170729566
20001224.nc,2000-12-24,prec,216389,121773,0.5627504170729566
20001224.nc,2000-12-24,pres,216389,121773,0.5627504170729566
20001224.nc,2000-12-24,rain,216389,121773,0.5627504170729566
20001224.nc,2000-12-24,rhum,216389,121773,0.5627504170729566
20001224.nc,2000-12-24,shum,216389,121773,0.5627504170729566
20001224.nc,2000-12-24,snow,216389,121773,0.5627504170729566
20001224.nc,2000-12-24,srad,216389,121773,0.5627504170729566
20001224.nc,2000-12-24,temp,216389,121773,0.5627504170729566
20001224.nc,2000-12-24,wind,216389,121773,0.5627504170729566
20001225.nc,2000-12-25,elevation,216389,121773,0.5627504170729566
20001225.nc,2000-12-25,PM2.5,216389,121773,0.5627504170729566
20001225.nc,2000-12-25,bcpr,216389,121773,0.5627504170729566
20001225.nc,2000-12-25,lrad,216389,121773,0.5627504170729566
20001225.nc,2000-12-25,prec,216389,121773,0.5627504170729566
20001225.nc,2000-12-25,pres,216389,121773,0.5627504170729566
20001225.nc,2000-12-25,rain,216389,121773,0.5627504170729566
20001225.nc,2000-12-25,rhum,216389,121773,0.5627504170729566
20001225.nc,2000-12-25,shum,216389,121773,0.5627504170729566
20001225.nc,2000-12-25,snow,216389,121773,0.5627504170729566
20001225.nc,2000-12-25,srad,216389,121773,0.5627504170729566
20001225.nc,2000-12-25,temp,216389,121773,0.5627504170729566
20001225.nc,2000-12-25,wind,216389,121773,0.5627504170729566
20001226.nc,2000-12-26,elevation,216389,121773,0.5627504170729566
20001226.nc,2000-12-26,PM2.5,216389,121773,0.5627504170729566
20001226.nc,2000-12-26,bcpr,216389,121773,0.5627504170729566
20001226.nc,2000-12-26,lrad,216389,121773,0.5627504170729566
20001226.nc,2000-12-26,prec,216389,121773,0.5627504170729566
20001226.nc,2000-12-26,pres,216389,121773,0.5627504170729566
20001226.nc,2000-12-26,rain,216389,121773,0.5627504170729566
20001226.nc,2000-12-26,rhum,216389,121773,0.5627504170729566
20001226.nc,2000-12-26,shum,216389,121773,0.5627504170729566
20001226.nc,2000-12-26,snow,216389,121773,0.5627504170729566
20001226.nc,2000-12-26,srad,216389,121773,0.5627504170729566
20001226.nc,2000-12-26,temp,216389,121773,0.5627504170729566
20001226.nc,2000-12-26,wind,216389,121773,0.5627504170729566
20001227.nc,2000-12-27,elevation,216389,121773,0.5627504170729566
20001227.nc,2000-12-27,PM2.5,216389,121773,0.5627504170729566
20001227.nc,2000-12-27,bcpr,216389,121773,0.5627504170729566
20001227.nc,2000-12-27,lrad,216389,121773,0.5627504170729566
20001227.nc,2000-12-27,prec,216389,121773,0.5627504170729566
20001227.nc,2000-12-27,pres,216389,121773,0.5627504170729566
20001227.nc,2000-12-27,rain,216389,121773,0.5627504170729566
20001227.nc,2000-12-27,rhum,216389,121773,0.5627504170729566
20001227.nc,2000-12-27,shum,216389,121773,0.5627504170729566
20001227.nc,2000-12-27,snow,216389,121773,0.5627504170729566
20001227.nc,2000-12-27,srad,216389,121773,0.5627504170729566
20001227.nc,2000-12-27,temp,216389,121773,0.5627504170729566
20001227.nc,2000-12-27,wind,216389,121773,0.5627504170729566
20001228.nc,2000-12-28,elevation,216389,121773,0.5627504170729566
20001228.nc,2000-12-28,PM2.5,216389,121773,0.5627504170729566
20001228.nc,2000-12-28,bcpr,216389,121773,0.5627504170729566
20001228.nc,2000-12-28,lrad,216389,121773,0.5627504170729566
20001228.nc,2000-12-28,prec,216389,121773,0.5627504170729566
20001228.nc,2000-12-28,pres,216389,121773,0.5627504170729566
20001228.nc,2000-12-28,rain,216389,121773,0.5627504170729566
20001228.nc,2000-12-28,rhum,216389,121773,0.5627504170729566
20001228.nc,2000-12-28,shum,216389,121773,0.5627504170729566
20001228.nc,2000-12-28,snow,216389,121773,0.5627504170729566
20001228.nc,2000-12-28,srad,216389,121773,0.5627504170729566
20001228.nc,2000-12-28,temp,216389,121773,0.5627504170729566
20001228.nc,2000-12-28,wind,216389,121773,0.5627504170729566
20001229.nc,2000-12-29,elevation,216389,121773,0.5627504170729566
20001229.nc,2000-12-29,PM2.5,216389,121773,0.5627504170729566
20001229.nc,2000-12-29,bcpr,216389,121773,0.5627504170729566
20001229.nc,2000-12-29,lrad,216389,121773,0.5627504170729566
20001229.nc,2000-12-29,prec,216389,121773,0.5627504170729566
20001229.nc,2000-12-29,pres,216389,121773,0.5627504170729566
20001229.nc,2000-12-29,rain,216389,121773,0.5627504170729566
20001229.nc,2000-12-29,rhum,216389,121773,0.5627504170729566
20001229.nc,2000-12-29,shum,216389,121773,0.5627504170729566
20001229.nc,2000-12-29,snow,216389,121773,0.5627504170729566
20001229.nc,2000-12-29,srad,216389,121773,0.5627504170729566
20001229.nc,2000-12-29,temp,216389,121773,0.5627504170729566
20001229.nc,2000-12-29,wind,216389,121773,0.5627504170729566
20001230.nc,2000-12-30,elevation,216389,121773,0.5627504170729566
20001230.nc,2000-12-30,PM2.5,216389,121773,0.5627504170729566
20001230.nc,2000-12-30,bcpr,216389,121773,0.5627504170729566
20001230.nc,2000-12-30,lrad,216389,121773,0.5627504170729566
20001230.nc,2000-12-30,prec,216389,121773,0.5627504170729566
20001230.nc,2000-12-30,pres,216389,121773,0.5627504170729566
20001230.nc,2000-12-30,rain,216389,121773,0.5627504170729566
20001230.nc,2000-12-30,rhum,216389,121773,0.5627504170729566
20001230.nc,2000-12-30,shum,216389,121773,0.5627504170729566
20001230.nc,2000-12-30,snow,216389,121773,0.5627504170729566
20001230.nc,2000-12-30,srad,216389,121773,0.5627504170729566
20001230.nc,2000-12-30,temp,216389,121773,0.5627504170729566
20001230.nc,2000-12-30,wind,216389,121773,0.5627504170729566
20001231.nc,2000-12-31,elevation,216389,121773,0.5627504170729566
20001231.nc,2000-12-31,PM2.5,216389,121773,0.5627504170729566
20001231.nc,2000-12-31,bcpr,216389,121773,0.5627504170729566
20001231.nc,2000-12-31,lrad,216389,121773,0.5627504170729566
20001231.nc,2000-12-31,prec,216389,121773,0.5627504170729566
20001231.nc,2000-12-31,pres,216389,121773,0.5627504170729566
20001231.nc,2000-12-31,rain,216389,121773,0.5627504170729566
20001231.nc,2000-12-31,rhum,216389,121773,0.5627504170729566
20001231.nc,2000-12-31,shum,216389,121773,0.5627504170729566
20001231.nc,2000-12-31,snow,216389,121773,0.5627504170729566
20001231.nc,2000-12-31,srad,216389,121773,0.5627504170729566
20001231.nc,2000-12-31,temp,216389,121773,0.5627504170729566
20001231.nc,2000-12-31,wind,216389,121773,0.5627504170729566
