dataset,cell_id,month,value,previous_value,delta,relative_delta,value_bin,value_reconstructed,delta_bin,delta_reconstructed,theta,rho
福建,CEG2000_f4_r0013_c0108,1,37.19563952473001,,,,8,37.58107131022782,4,,-1.9693265756229277,0.9657569619814448
福建,CEG2000_f4_r0013_c0108,2,34.49386823395926,37.19563952473001,-2.7017712907707505,-0.07263677477502281,7,35.241325470011745,3,-2.3744173704237426,-1.9693265756229277,0.9657569619814448
福建,CEG2000_f4_r0013_c0108,3,39.08916987779067,34.49386823395926,4.595301643831405,0.13322082674703686,8,37.58107131022782,6,4.748834740847487,-1.9693265756229277,0.9657569619814448
福建,CEG2000_f4_r0013_c0108,4,32.63211054735785,39.08916987779067,-6.45705933043282,-0.16518793698153036,6,32.90157962979566,1,-7.1232521112712295,-1.9693265756229277,0.9657569619814448
福建,CEG2000_f4_r0013_c0108,5,29.990867511443295,32.63211054735785,-2.6412430359145525,-0.08094000025163584,5,30.561833789579588,3,-2.3744173704237426,-1.9693265756229277,0.9657569619814448
福建,CEG2000_f4_r0013_c0108,6,19.98557893994878,29.990867511443295,-10.005288571494514,-0.3336111757246403,0,18.86310458849919,0,-9.497669481694972,-1.9693265756229277,0.9657569619814448
福建,CEG2000_f4_r0013_c0108,7,23.42604894383726,19.98557893994878,3.4404700038884783,0.17214762775830278,2,23.542596268931348,5,2.3744173704237435,-1.9693265756229277,0.9657569619814448
福建,CEG2000_f4_r0013_c0108,8,19.581297526698787,23.42604894383726,-3.844751417138472,-0.1641229140413761,0,18.86310458849919,2,-4.748834740847485,-1.9693265756229277,0.9657569619814448
福建,CEG2000_f4_r0013_c0108,9,27.591640004204415,19.581297526698787,8.010342477505628,0.4090812912976606,4,28.222087949363505,7,7.1232521112712295,-1.9693265756229277,0.9657569619814448
福建,CEG2000_f4_r0013_c0108,10,28.84305781318583,27.591640004204415,1.2514178089814152,0.04535496290871888,4,28.222087949363505,5,2.3744173704237435,-1.9693265756229277,0.9657569619814448
福建,CEG2000_f4_r0013_c0108,11,28.476752652413936,28.84305781318583,-0.3663051607718941,-0.012699941980646548,4,28.222087949363505,4,0.0,-1.9693265756229277,0.9657569619814448
福建,CEG2000_f4_r0013_c0108,12,31.737845943687844,28.476752652413936,3.261093291273909,0.11451773771675017,6,32.90157962979566,5,2.3744173704237435,-1.9693265756229277,0.9657569619814448
福建,CEG2000_f4_r0013_c0109,1,37.04023680375124,,,,8,37.58107131022782,4,,-1.9047933362433769,0.9239084174512208
福建,CEG2000_f4_r0013_c0109,2,33.889060224335466,37.04023680375124,-3.1511765794157753,-0.08507441775039194,6,32.90157962979566,3,-2.3744173704237426,-1.9047933362433769,0.9239084174512208
福建,CEG2000_f4_r0013_c0109,3,38.84845435006782,33.889060224335466,4.959394125732352,0.14634203760454384,8,37.58107131022782,6,4.748834740847487,-1.9047933362433769,0.9239084174512208
福建,CEG2000_f4_r0013_c0109,4,32.40932163417044,38.84845435006782,-6.4391327158973795,-0.165750036227275,6,32.90157962979566,1,-7.1232521112712295,-1.9047933362433769,0.9239084174512208
福建,CEG2000_f4_r0013_c0109,5,29.603100178523228,32.40932163417044,-2.8062214556472114,-0.0865868618702744,5,30.561833789579588,3,-2.3744173704237426,-1.9047933362433769,0.9239084174512208
福建,CEG2000_f4_r0013_c0109,6,19.629682178820367,29.603100178523228,-9.97341799970286,-0.3369045113369066,0,18.86310458849919,0,-9.497669481694972,-1.9047933362433769,0.9239084174512208
福建,CEG2000_f4_r0013_c0109,7,22.86702754046512,19.629682178820367,3.2373453616447527,0.16492092598104913,2,23.542596268931348,5,2.3744173704237435,-1.9047933362433769,0.9239084174512208
福建,CEG2000_f4_r0013_c0109,8,19.429808419430746,22.86702754046512,-3.4372191210343743,-0.15031333280864456,0,18.86310458849919,3,-2.3744173704237426,-1.9047933362433769,0.9239084174512208
福建,CEG2000_f4_r0013_c0109,9,26.74551325298103,19.429808419430746,7.315704833550285,0.37651965864131876,3,25.88234210914743,7,7.1232521112712295,-1.9047933362433769,0.9239084174512208
福建,CEG2000_f4_r0013_c0109,10,28.613183090462492,26.74551325298103,1.8676698374814613,0.0698311458754037,4,28.222087949363505,5,2.3744173704237435,-1.9047933362433769,0.9239084174512208
福建,CEG2000_f4_r0013_c0109,11,27.671539616857412,28.613183090462492,-0.9416434736050796,-0.03290942747012839,4,28.222087949363505,4,0.0,-1.9047933362433769,0.9239084174512208
福建,CEG2000_f4_r0013_c0109,12,30.87563556148365,27.671539616857412,3.204095944626239,0.11579030256322688,5,30.561833789579588,5,2.3744173704237435,-1.9047933362433769,0.9239084174512208
福建,CEG2000_f4_r0014_c0108,1,36.144569866813555,,,,7,35.241325470011745,4,,-2.0475878930511446,0.915354884109302
福建,CEG2000_f4_r0014_c0108,2,34.43847472264863,36.144569866813555,-1.7060951441649266,-0.04720197668561529,7,35.241325470011745,3,-2.3744173704237426,-2.0475878930511446,0.915354884109302
福建,CEG2000_f4_r0014_c0108,3,36.119530824233834,34.43847472264863,1.681056101585206,0.04881331461755045,7,35.241325470011745,5,2.3744173704237435,-2.0475878930511446,0.915354884109302
福建,CEG2000_f4_r0014_c0108,4,30.407134036204432,36.119530824233834,-5.712396788029402,-0.1581525744569406,5,30.561833789579588,2,-4.748834740847485,-2.0475878930511446,0.915354884109302
福建,CEG2000_f4_r0014_c0108,5,28.395269778021927,30.407134036204432,-2.0118642581825057,-0.06616421842936818,4,28.222087949363505,3,-2.3744173704237426,-2.0475878930511446,0.915354884109302
福建,CEG2000_f4_r0014_c0108,6,19.386194098289327,28.395269778021927,-9.0090756797326,-0.31727381884942213,0,18.86310458849919,0,-9.497669481694972,-2.0475878930511446,0.915354884109302
福建,CEG2000_f4_r0014_c0108,7,22.7615040137123,19.386194098289327,3.3753099154229744,0.17410895084976055,2,23.542596268931348,5,2.3744173704237435,-2.0475878930511446,0.915354884109302
福建,CEG2000_f4_r0014_c0108,8,18.922752407034245,22.7615040137123,-3.8387516066780556,-0.16865105242454373,0,18.86310458849919,2,-4.748834740847485,-2.0475878930511446,0.915354884109302
福建,CEG2000_f4_r0014_c0108,9,26.17529708743538,18.922752407034245,7.252544680401133,0.3832711290829504,3,25.88234210914743,7,7.1232521112712295,-2.0475878930511446,0.915354884109302
福建,CEG2000_f4_r0014_c0108,10,27.96495241631403,26.17529708743538,1.789655328878652,0.06837192039886032,4,28.222087949363505,5,2.3744173704237435,-2.0475878930511446,0.915354884109302
福建,CEG2000_f4_r0014_c0108,11,27.652094298765213,27.96495241631403,-0.3128581175488172,-0.01118750759491026,4,28.222087949363505,4,0.0,-2.0475878930511446,0.915354884109302
福建,CEG2000_f4_r0014_c0108,12,29.8022972822939,27.652094298765213,2.150202983528686,0.07775913680522571,5,30.561833789579588,5,2.3744173704237435,-2.0475878930511446,0.915354884109302
福建,CEG2000_f4_r0014_c0109,1,37.62425523752064,,,,8,37.58107131022782,4,,-1.919432850282829,0.7792989033268433
福建,CEG2000_f4_r0014_c0109,2,33.76275192447802,37.62425523752064,-3.8615033130426255,-0.1026333488507636,6,32.90157962979566,2,-4.748834740847485,-1.919432850282829,0.7792989033268433
福建,CEG2000_f4_r0014_c0109,3,38.9556254434285,33.76275192447802,5.192873518950485,0.15380480627189777,8,37.58107131022782,6,4.748834740847487,-1.919432850282829,0.7792989033268433
福建,CEG2000_f4_r0014_c0109,4,33.2060770990663,38.9556254434285,-5.7495483443622035,-0.14759224833167467,6,32.90157962979566,2,-4.748834740847485,-1.919432850282829,0.7792989033268433
福建,CEG2000_f4_r0014_c0109,5,30.773374002275563,33.2060770990663,-2.4327030967907355,-0.0732607796317843,5,30.561833789579588,3,-2.3744173704237426,-1.919432850282829,0.7792989033268433
福建,CEG2000_f4_r0014_c0109,6,20.204730898114004,30.773374002275563,-10.56864310416156,-0.34343465566629294,1,21.202850428715273,0,-9.497669481694972,-1.919432850282829,0.7792989033268433
福建,CEG2000_f4_r0014_c0109,7,24.299168840494115,20.204730898114004,4.094437942380111,0.2026474870181173,2,23.542596268931348,6,4.748834740847487,-1.919432850282829,0.7792989033268433
福建,CEG2000_f4_r0014_c0109,8,19.877344778881845,24.299168840494115,-4.42182406161227,-0.18197429264507936,0,18.86310458849919,2,-4.748834740847485,-1.919432850282829,0.7792989033268433
福建,CEG2000_f4_r0014_c0109,9,27.186928083129324,19.877344778881845,7.309583304247479,0.36773439237283595,4,28.222087949363505,7,7.1232521112712295,-1.919432850282829,0.7792989033268433
福建,CEG2000_f4_r0014_c0109,10,28.92040638250203,27.186928083129324,1.733478299372706,0.06376146264382128,4,28.222087949363505,5,2.3744173704237435,-1.919432850282829,0.7792989033268433
福建,CEG2000_f4_r0014_c0109,11,28.225192587204123,28.92040638250203,-0.6952137952979065,-0.024038866746994878,4,28.222087949363505,4,0.0,-1.919432850282829,0.7792989033268433
福建,CEG2000_f4_r0014_c0109,12,30.776448745475022,28.225192587204123,2.551256158270899,0.09038932685361055,5,30.561833789579588,5,2.3744173704237435,-1.919432850282829,0.7792989033268433
福建,CEG2000_f4_r0014_c0110,1,38.233170170822646,,,,8,37.58107131022782,4,,-1.772638586757855,0.8017701440280881
福建,CEG2000_f4_r0014_c0110,2,33.04453525360374,38.233170170822646,-5.188634917218906,-0.1357102979961252,6,32.90157962979566,2,-4.748834740847485,-1.772638586757855,0.8017701440280881
福建,CEG2000_f4_r0014_c0110,3,40.61231530891631,33.04453525360374,7.567780055312568,0.22901759692587137,8,37.58107131022782,7,7.1232521112712295,-1.772638586757855,0.8017701440280881
福建,CEG2000_f4_r0014_c0110,4,34.6537826956523,40.61231530891631,-5.958532613264005,-0.14671738284164823,7,35.241325470011745,1,-7.1232521112712295,-1.772638586757855,0.8017701440280881
福建,CEG2000_f4_r0014_c0110,5,31.685724267020316,34.6537826956523,-2.9680584286319878,-0.08564890172882521,5,30.561833789579588,3,-2.3744173704237426,-1.772638586757855,0.8017701440280881
福建,CEG2000_f4_r0014_c0110,6,20.071818014944498,31.685724267020316,-11.613906252075818,-0.36653434695712495,1,21.202850428715273,0,-9.497669481694972,-1.772638586757855,0.8017701440280881
福建,CEG2000_f4_r0014_c0110,7,24.152565355615373,20.071818014944498,4.080747340670875,0.20330731065977928,2,23.542596268931348,6,4.748834740847487,-1.772638586757855,0.8017701440280881
福建,CEG2000_f4_r0014_c0110,8,20.08003117101996,24.152565355615373,-4.072534184595412,-0.16861704438566252,1,21.202850428715273,2,-4.748834740847485,-1.772638586757855,0.8017701440280881
福建,CEG2000_f4_r0014_c0110,9,27.56153965446415,20.08003117101996,7.481508483444188,0.37258450545842287,4,28.222087949363505,7,7.1232521112712295,-1.772638586757855,0.8017701440280881
福建,CEG2000_f4_r0014_c0110,10,28.452263936361877,27.56153965446415,0.8907242818977288,0.03231765326119791,4,28.222087949363505,4,0.0,-1.772638586757855,0.8017701440280881
福建,CEG2000_f4_r0014_c0110,11,27.537491758958183,28.452263936361877,-0.9147721774036945,-0.03215112088970254,4,28.222087949363505,4,0.0,-1.772638586757855,0.8017701440280881
福建,CEG2000_f4_r0014_c0110,12,30.376367237851458,27.537491758958183,2.838875478893275,0.10309128746156644,5,30.561833789579588,5,2.3744173704237435,-1.772638586757855,0.8017701440280881
福建,CEG2000_f4_r0015_c0108,1,36.511256420500885,,,,8,37.58107131022782,4,,-2.1783302844556043,0.9031055842293748
福建,CEG2000_f4_r0015_c0108,2,36.354001101248215,36.511256420500885,-0.15725531925266978,-0.0043070366421126965,7,35.241325470011745,4,0.0,-2.1783302844556043,0.9031055842293748
福建,CEG2000_f4_r0015_c0108,3,35.18237982081702,36.354001101248215,-1.1716212804311965,-0.03222812468889343,7,35.241325470011745,4,0.0,-2.1783302844556043,0.9031055842293748
福建,CEG2000_f4_r0015_c0108,4,28.469666836142306,35.18237982081702,-6.712712984674713,-0.1907975815980156,4,28.222087949363505,1,-7.1232521112712295,-2.1783302844556043,0.9031055842293748
福建,CEG2000_f4_r0015_c0108,5,27.80272031443246,28.469666836142306,-0.6669465217098463,-0.023426565739194254,4,28.222087949363505,4,0.0,-2.1783302844556043,0.9031055842293748
福建,CEG2000_f4_r0015_c0108,6,18.252358968853073,27.80272031443246,-9.550361345579386,-0.3435045649335893,0,18.86310458849919,0,-9.497669481694972,-2.1783302844556043,0.9031055842293748
福建,CEG2000_f4_r0015_c0108,7,22.352298006998907,18.252358968853073,4.099939038145834,0.2246251591447559,1,21.202850428715273,6,4.748834740847487,-2.1783302844556043,0.9031055842293748
福建,CEG2000_f4_r0015_c0108,8,18.288320254197643,22.352298006998907,-4.063977752801264,-0.18181476247000464,0,18.86310458849919,2,-4.748834740847485,-2.1783302844556043,0.9031055842293748
福建,CEG2000_f4_r0015_c0108,9,25.212136098399615,18.288320254197643,6.923815844201972,0.37859222432485434,3,25.88234210914743,7,7.1232521112712295,-2.1783302844556043,0.9031055842293748
福建,CEG2000_f4_r0015_c0108,10,27.269119944021067,25.212136098399615,2.0569838456214526,0.08158705147367594,4,28.222087949363505,5,2.3744173704237435,-2.1783302844556043,0.9031055842293748
福建,CEG2000_f4_r0015_c0108,11,27.188202341714593,27.269119944021067,-0.08091760230647438,-0.0029673712416309972,4,28.222087949363505,4,0.0,-2.1783302844556043,0.9031055842293748
福建,CEG2000_f4_r0015_c0108,12,28.69420299891211,27.188202341714593,1.506000657197518,0.05539169667304101,4,28.222087949363505,5,2.3744173704237435,-2.1783302844556043,0.9031055842293748
福建,CEG2000_f4_r0015_c0109,1,39.18876863417271,,,,8,37.58107131022782,4,,-2.0014525810628925,0.6820487364451805
福建,CEG2000_f4_r0015_c0109,2,37.88401040989992,39.18876863417271,-1.3047582242727884,-0.033294187843785315,8,37.58107131022782,3,-2.3744173704237426,-2.0014525810628925,0.6820487364451805
福建,CEG2000_f4_r0015_c0109,3,40.12116828215772,37.88401040989992,2.2371578722577965,0.059052825929780076,8,37.58107131022782,5,2.3744173704237435,-2.0014525810628925,0.6820487364451805
福建,CEG2000_f4_r0015_c0109,4,33.20517315031183,40.12116828215772,-6.915995131845889,-0.17237771051949904,6,32.90157962979566,1,-7.1232521112712295,-2.0014525810628925,0.6820487364451805
福建,CEG2000_f4_r0015_c0109,5,32.1349530076083,33.20517315031183,-1.0702201427035263,-0.03223052437820147,6,32.90157962979566,4,0.0,-2.0014525810628925,0.6820487364451805
福建,CEG2000_f4_r0015_c0109,6,20.76646327387458,32.1349530076083,-11.368489733733721,-0.35377334241136454,1,21.202850428715273,0,-9.497669481694972,-2.0014525810628925,0.6820487364451805
福建,CEG2000_f4_r0015_c0109,7,25.451971880710794,20.76646327387458,4.685508606836212,0.22562862751554108,3,25.88234210914743,6,4.748834740847487,-2.0014525810628925,0.6820487364451805
福建,CEG2000_f4_r0015_c0109,8,20.06582249378941,25.451971880710794,-5.386149386921385,-0.21162012170080108,1,21.202850428715273,2,-4.748834740847485,-2.0014525810628925,0.6820487364451805
福建,CEG2000_f4_r0015_c0109,9,27.8564168424547,20.06582249378941,7.790594348665291,0.38825193191440643,4,28.222087949363505,7,7.1232521112712295,-2.0014525810628925,0.6820487364451805
福建,CEG2000_f4_r0015_c0109,10,30.334467069193153,27.8564168424547,2.4780502267384534,0.08895796759336863,5,30.561833789579588,5,2.3744173704237435,-2.0014525810628925,0.6820487364451805
福建,CEG2000_f4_r0015_c0109,11,30.9095331571686,30.334467069193153,0.575066087975447,0.018957514126215463,5,30.561833789579588,4,0.0,-2.0014525810628925,0.6820487364451805
福建,CEG2000_f4_r0015_c0109,12,32.58265729523048,30.9095331571686,1.6731241380618833,0.054129712330315445,6,32.90157962979566,5,2.3744173704237435,-2.0014525810628925,0.6820487364451805
福建,CEG2000_f4_r0015_c0110,1,40.58328597789076,,,,8,37.58107131022782,4,,-1.7894788366269396,0.6413172006551896
福建,CEG2000_f4_r0015_c0110,2,36.823738722098746,40.58328597789076,-3.7595472557920147,-0.09263782281799868,8,37.58107131022782,2,-4.748834740847485,-1.7894788366269396,0.6413172006551896
福建,CEG2000_f4_r0015_c0110,3,43.74045683785861,36.823738722098746,6.916718115759863,0.18783313036079596,8,37.58107131022782,7,7.1232521112712295,-1.7894788366269396,0.6413172006551896
福建,CEG2000_f4_r0015_c0110,4,37.32352453542879,43.74045683785861,-6.416932302429821,-0.1467047389609288,8,37.58107131022782,1,-7.1232521112712295,-1.7894788366269396,0.6413172006551896
福建,CEG2000_f4_r0015_c0110,5,34.30475764131139,37.32352453542879,-3.018766894117398,-0.08088107786422688,7,35.241325470011745,3,-2.3744173704237426,-1.7894788366269396,0.6413172006551896
福建,CEG2000_f4_r0015_c0110,6,21.81398460438278,34.30475764131139,-12.490773036928609,-0.3641119744244057,1,21.202850428715273,0,-9.497669481694972,-1.7894788366269396,0.6413172006551896
福建,CEG2000_f4_r0015_c0110,7,26.11672536284498,21.81398460438278,4.3027407584622,0.19724689626844744,3,25.88234210914743,6,4.748834740847487,-1.7894788366269396,0.6413172006551896
福建,CEG2000_f4_r0015_c0110,8,21.03963443327735,26.11672536284498,-5.077090929567632,-0.1943999815838538,1,21.202850428715273,2,-4.748834740847485,-1.7894788366269396,0.6413172006551896
福建,CEG2000_f4_r0015_c0110,9,28.74170860922062,21.03963443327735,7.70207417594327,0.3660745247437037,4,28.222087949363505,7,7.1232521112712295,-1.7894788366269396,0.6413172006551896
福建,CEG2000_f4_r0015_c0110,10,30.029007669590374,28.74170860922062,1.2872990603697545,0.0447885363348502,5,30.561833789579588,5,2.3744173704237435,-1.7894788366269396,0.6413172006551896
福建,CEG2000_f4_r0015_c0110,11,30.945258485140226,30.029007669590374,0.9162508155498514,0.030512190933226067,5,30.561833789579588,4,0.0,-1.7894788366269396,0.6413172006551896
福建,CEG2000_f4_r0015_c0110,12,33.84264891207785,30.945258485140226,2.8973904269376227,0.09362954354796993,6,32.90157962979566,5,2.3744173704237435,-1.7894788366269396,0.6413172006551896
福建,CEG2000_f4_r0015_c0111,1,37.69258494117817,,,,8,37.58107131022782,4,,-1.5949928183573037,0.7678082950653151
福建,CEG2000_f4_r0015_c0111,2,33.502718202122644,37.69258494117817,-4.189866739055525,-0.11115891217315277,6,32.90157962979566,2,-4.748834740847485,-1.5949928183573037,0.7678082950653151
福建,CEG2000_f4_r0015_c0111,3,41.04428308533252,33.502718202122644,7.54156488320988,0.22510307485235828,8,37.58107131022782,7,7.1232521112712295,-1.5949928183573037,0.7678082950653151
福建,CEG2000_f4_r0015_c0111,4,35.97751355223262,41.04428308533252,-5.066769533099901,-0.1234464132938053,7,35.241325470011745,2,-4.748834740847485,-1.5949928183573037,0.7678082950653151
福建,CEG2000_f4_r0015_c0111,5,33.674716490515095,35.97751355223262,-2.302797061717527,-0.06400656505553938,6,32.90157962979566,3,-2.3744173704237426,-1.5949928183573037,0.7678082950653151
福建,CEG2000_f4_r0015_c0111,6,21.35978193637482,33.674716490515095,-12.314934554140276,-0.3657026944119613,1,21.202850428715273,0,-9.497669481694972,-1.5949928183573037,0.7678082950653151
福建,CEG2000_f4_r0015_c0111,7,24.47363340633602,21.35978193637482,3.113851469961201,0.14578105147498915,2,23.542596268931348,5,2.3744173704237435,-1.5949928183573037,0.7678082950653151
福建,CEG2000_f4_r0015_c0111,8,20.551342327054,24.47363340633602,-3.9222910792820187,-0.16026598969430383,1,21.202850428715273,2,-4.748834740847485,-1.5949928183573037,0.7678082950653151
福建,CEG2000_f4_r0015_c0111,9,27.92726292357108,20.551342327054,7.37592059651708,0.35890213296711726,4,28.222087949363505,7,7.1232521112712295,-1.5949928183573037,0.7678082950653151
福建,CEG2000_f4_r0015_c0111,10,27.82857712510058,27.92726292357108,-0.09868579847050185,-0.0035336724096656593,4,28.222087949363505,4,0.0,-1.5949928183573037,0.7678082950653151
福建,CEG2000_f4_r0015_c0111,11,26.417370006714716,27.82857712510058,-1.4112071183858639,-0.050710717692892586,3,25.88234210914743,3,-2.3744173704237426,-1.5949928183573037,0.7678082950653151
福建,CEG2000_f4_r0015_c0111,12,29.460196106871628,26.417370006714716,3.042826100156912,0.11518277933736372,5,30.561833789579588,5,2.3744173704237435,-1.5949928183573037,0.7678082950653151
福建,CEG2000_f4_r0016_c0106,1,37.66171981348195,,,,8,37.58107131022782,4,,-2.6091748058511635,0.9201039822613162
福建,CEG2000_f4_r0016_c0106,2,36.06670887990668,37.66171981348195,-1.5950109335752742,-0.042350985071167684,7,35.241325470011745,3,-2.3744173704237426,-2.6091748058511635,0.9201039822613162
福建,CEG2000_f4_r0016_c0106,3,35.65548221406066,36.06670887990668,-0.41122666584601575,-0.011401835061116888,7,35.241325470011745,4,0.0,-2.6091748058511635,0.9201039822613162
福建,CEG2000_f4_r0016_c0106,4,29.040164206263903,35.65548221406066,-6.615318007796759,-0.18553438621531312,4,28.222087949363505,1,-7.1232521112712295,-2.6091748058511635,0.9201039822613162
福建,CEG2000_f4_r0016_c0106,5,29.16916329985064,29.040164206263903,0.12899909358673867,0.0044420924300047114,4,28.222087949363505,4,0.0,-2.6091748058511635,0.9201039822613162
福建,CEG2000_f4_r0016_c0106,6,19.79098926272873,29.16916329985064,-9.378174037121912,-0.32150987468227904,0,18.86310458849919,0,-9.497669481694972,-2.6091748058511635,0.9201039822613162
福建,CEG2000_f4_r0016_c0106,7,22.61854928408061,19.79098926272873,2.827560021351882,0.14287108056174175,2,23.542596268931348,5,2.3744173704237435,-2.6091748058511635,0.9201039822613162
福建,CEG2000_f4_r0016_c0106,8,18.81936205417628,22.61854928408061,-3.79918722990433,-0.16796776761356105,0,18.86310458849919,2,-4.748834740847485,-2.6091748058511635,0.9201039822613162
福建,CEG2000_f4_r0016_c0106,9,29.116064423306476,18.81936205417628,10.296702369130195,0.547133443710182,4,28.222087949363505,8,9.497669481694972,-2.6091748058511635,0.9201039822613162
福建,CEG2000_f4_r0016_c0106,10,27.715897374475425,29.116064423306476,-1.400167048831051,-0.048089158908106486,4,28.222087949363505,3,-2.3744173704237426,-2.6091748058511635,0.9201039822613162
福建,CEG2000_f4_r0016_c0106,11,26.08283786576037,27.715897374475425,-1.6330595087150535,-0.05892140119623178,3,25.88234210914743,3,-2.3744173704237426,-2.6091748058511635,0.9201039822613162
福建,CEG2000_f4_r0016_c0106,12,28.190216242007768,26.08283786576037,2.1073783762473965,0.08079559391096042,4,28.222087949363505,5,2.3744173704237435,-2.6091748058511635,0.9201039822613162
福建,CEG2000_f4_r0016_c0107,1,38.12790760591787,,,,8,37.58107131022782,4,,-2.4740387564138193,0.9023959578161193
福建,CEG2000_f4_r0016_c0107,2,37.61681947867942,38.12790760591787,-0.5110881272384518,-0.013404567922293362,8,37.58107131022782,4,0.0,-2.4740387564138193,0.9023959578161193
福建,CEG2000_f4_r0016_c0107,3,37.081307552791046,37.61681947867942,-0.5355119258883718,-0.014235970326834543,8,37.58107131022782,4,0.0,-2.4740387564138193,0.9023959578161193
福建,CEG2000_f4_r0016_c0107,4,29.437596279769416,37.081307552791046,-7.64371127302163,-0.2061338118171699,5,30.561833789579588,1,-7.1232521112712295,-2.4740387564138193,0.9023959578161193
福建,CEG2000_f4_r0016_c0107,5,29.547185204407157,29.437596279769416,0.10958892463774106,0.0037227538415918336,5,30.561833789579588,4,0.0,-2.4740387564138193,0.9023959578161193
福建,CEG2000_f4_r0016_c0107,6,19.412421359138687,29.547185204407157,-10.13476384526847,-0.3430026845249815,0,18.86310458849919,0,-9.497669481694972,-2.4740387564138193,0.9023959578161193
福建,CEG2000_f4_r0016_c0107,7,23.20917338363735,19.412421359138687,3.7967520244986623,0.19558363968394313,2,23.542596268931348,6,4.748834740847487,-2.4740387564138193,0.9023959578161193
福建,CEG2000_f4_r0016_c0107,8,18.93617319199673,23.20917338363735,-4.2730001916406195,-0.18410824552041644,0,18.86310458849919,2,-4.748834740847485,-2.4740387564138193,0.9023959578161193
福建,CEG2000_f4_r0016_c0107,9,29.35856958580432,18.93617319199673,10.422396393807592,0.5503961274610945,4,28.222087949363505,8,9.497669481694972,-2.4740387564138193,0.9023959578161193
福建,CEG2000_f4_r0016_c0107,10,28.49872280510432,29.35856958580432,-0.8598467806999999,-0.029287761387249586,4,28.222087949363505,4,0.0,-2.4740387564138193,0.9023959578161193
福建,CEG2000_f4_r0016_c0107,11,27.86623684021624,28.49872280510432,-0.6324859648880832,-0.022193484571694577,4,28.222087949363505,4,0.0,-2.4740387564138193,0.9023959578161193
福建,CEG2000_f4_r0016_c0107,12,29.442105361509352,27.86623684021624,1.5758685212931134,0.0565511780556906,5,30.561833789579588,5,2.3744173704237435,-2.4740387564138193,0.9023959578161193
福建,CEG2000_f4_r0016_c0108,1,36.75830651759351,,,,8,37.58107131022782,4,,-2.3286432602855127,0.8109359258417549
福建,CEG2000_f4_r0016_c0108,2,35.87435140156116,36.75830651759351,-0.8839551160323538,-0.024047764975496603,7,35.241325470011745,4,0.0,-2.3286432602855127,0.8109359258417549
福建,CEG2000_f4_r0016_c0108,3,36.291305412409066,35.87435140156116,0.41695401084790973,0.011622621582219463,7,35.241325470011745,4,0.0,-2.3286432602855127,0.8109359258417549
福建,CEG2000_f4_r0016_c0108,4,27.218677229911595,36.291305412409066,-9.072628182497471,-0.24999453944677538,4,28.222087949363505,0,-9.497669481694972,-2.3286432602855127,0.8109359258417549
福建,CEG2000_f4_r0016_c0108,5,28.528667025246506,27.218677229911595,1.3099897953349107,0.048128341589477215,4,28.222087949363505,5,2.3744173704237435,-2.3286432602855127,0.8109359258417549
福建,CEG2000_f4_r0016_c0108,6,18.29662563593307,28.528667025246506,-10.232041389313437,-0.35865823595117746,0,18.86310458849919,0,-9.497669481694972,-2.3286432602855127,0.8109359258417549
福建,CEG2000_f4_r0016_c0108,7,22.199033183300052,18.29662563593307,3.902407547366984,0.2132856421187837,1,21.202850428715273,6,4.748834740847487,-2.3286432602855127,0.8109359258417549
福建,CEG2000_f4_r0016_c0108,8,17.68407600475155,22.199033183300052,-4.514957178548503,-0.20338530697566717,0,18.86310458849919,2,-4.748834740847485,-2.3286432602855127,0.8109359258417549
福建,CEG2000_f4_r0016_c0108,9,26.363219672076163,17.68407600475155,8.679143667324613,0.49078864312687903,3,25.88234210914743,8,9.497669481694972,-2.3286432602855127,0.8109359258417549
福建,CEG2000_f4_r0016_c0108,10,26.46121260213389,26.363219672076163,0.09799293005772824,0.003717031958790756,3,25.88234210914743,4,0.0,-2.3286432602855127,0.8109359258417549
福建,CEG2000_f4_r0016_c0108,11,26.521356805680593,26.46121260213389,0.06014420354670236,0.0022729194028641075,3,25.88234210914743,4,0.0,-2.3286432602855127,0.8109359258417549
福建,CEG2000_f4_r0016_c0108,12,28.168445268465355,26.521356805680593,1.6470884627847617,0.06210423074704733,4,28.222087949363505,5,2.3744173704237435,-2.3286432602855127,0.8109359258417549
福建,CEG2000_f4_r0016_c0109,1,36.590121915309496,,,,8,37.58107131022782,4,,-2.1287765842285693,0.6290232752557274
福建,CEG2000_f4_r0016_c0109,2,35.71221421190565,36.590121915309496,-0.8779077034038423,-0.023993024823361443,7,35.241325470011745,4,0.0,-2.1287765842285693,0.6290232752557274
福建,CEG2000_f4_r0016_c0109,3,37.80576909199415,35.71221421190565,2.0935548800884973,0.058622936893970384,8,37.58107131022782,5,2.3744173704237435,-2.1287765842285693,0.6290232752557274
福建,CEG2000_f4_r0016_c0109,4,28.919138957729903,37.80576909199415,-8.886630134264248,-0.23506016006816546,4,28.222087949363505,0,-9.497669481694972,-2.1287765842285693,0.6290232752557274
福建,CEG2000_f4_r0016_c0109,5,29.07582912798843,28.919138957729903,0.15669017025852838,0.005418216997662238,4,28.222087949363505,4,0.0,-2.1287765842285693,0.6290232752557274
福建,CEG2000_f4_r0016_c0109,6,18.56689582048843,29.07582912798843,-10.508933307500001,-0.36143193926614764,0,18.86310458849919,0,-9.497669481694972,-2.1287765842285693,0.6290232752557274
福建,CEG2000_f4_r0016_c0109,7,21.73584425681347,18.56689582048843,3.1689484363250386,0.17067734245743588,1,21.202850428715273,5,2.3744173704237435,-2.1287765842285693,0.6290232752557274
福建,CEG2000_f4_r0016_c0109,8,17.847714748185126,21.73584425681347,-3.8881295086283423,-0.1788809977974305,0,18.86310458849919,2,-4.748834740847485,-2.1287765842285693,0.6290232752557274
福建,CEG2000_f4_r0016_c0109,9,25.706182765873912,17.847714748185126,7.858468017688786,0.44030667951413144,3,25.88234210914743,7,7.1232521112712295,-2.1287765842285693,0.6290232752557274
福建,CEG2000_f4_r0016_c0109,10,26.306991932520077,25.706182765873912,0.6008091666461652,0.02337216583723064,3,25.88234210914743,4,0.0,-2.1287765842285693,0.6290232752557274
福建,CEG2000_f4_r0016_c0109,11,26.632706362335387,26.306991932520077,0.32571442981531007,0.012381287478659605,3,25.88234210914743,4,0.0,-2.1287765842285693,0.6290232752557274
福建,CEG2000_f4_r0016_c0109,12,27.68098759080164,26.632706362335387,1.0482812284662515,0.03936067233290102,4,28.222087949363505,4,0.0,-2.1287765842285693,0.6290232752557274
福建,CEG2000_f4_r0016_c0110,1,36.320834342663154,,,,7,35.241325470011745,4,,-1.8640132541999423,0.4579337492426856
福建,CEG2000_f4_r0016_c0110,2,33.91878462526973,36.320834342663154,-2.4020497173934245,-0.0661342108700386,6,32.90157962979566,3,-2.3744173704237426,-1.8640132541999423,0.4579337492426856
福建,CEG2000_f4_r0016_c0110,3,38.28532604145314,33.91878462526973,4.366541416183409,0.12873519686581888,8,37.58107131022782,6,4.748834740847487,-1.8640132541999423,0.4579337492426856
福建,CEG2000_f4_r0016_c0110,4,30.53883915644924,38.28532604145314,-7.7464868850039,-0.2023356644949674,5,30.561833789579588,1,-7.1232521112712295,-1.8640132541999423,0.4579337492426856
福建,CEG2000_f4_r0016_c0110,5,29.71442127520948,30.53883915644924,-0.8244178812397571,-0.026995717715932083,5,30.561833789579588,4,0.0,-1.8640132541999423,0.4579337492426856
福建,CEG2000_f4_r0016_c0110,6,19.159372901325455,29.71442127520948,-10.555048373884027,-0.3552163535720625,0,18.86310458849919,0,-9.497669481694972,-1.8640132541999423,0.4579337492426856
福建,CEG2000_f4_r0016_c0110,7,21.44821052986032,19.159372901325455,2.288837628534864,0.11946307639205254,1,21.202850428715273,5,2.3744173704237435,-1.8640132541999423,0.4579337492426856
福建,CEG2000_f4_r0016_c0110,8,17.842780194349633,21.44821052986032,-3.605430335510686,-0.16809935404593246,0,18.86310458849919,2,-4.748834740847485,-1.8640132541999423,0.4579337492426856
福建,CEG2000_f4_r0016_c0110,9,25.379876452278996,17.842780194349633,7.537096257929363,0.422417144404221,3,25.88234210914743,7,7.1232521112712295,-1.8640132541999423,0.4579337492426856
福建,CEG2000_f4_r0016_c0110,10,26.059972260743866,25.379876452278996,0.6800958084648698,0.026796655600102432,3,25.88234210914743,4,0.0,-1.8640132541999423,0.4579337492426856
福建,CEG2000_f4_r0016_c0110,11,25.775945907861836,26.059972260743866,-0.28402635288203015,-0.010898950698803346,3,25.88234210914743,4,0.0,-1.8640132541999423,0.4579337492426856
福建,CEG2000_f4_r0016_c0110,12,27.03561421226361,25.775945907861836,1.2596683044017745,0.048869915730912795,3,25.88234210914743,5,2.3744173704237435,-1.8640132541999423,0.4579337492426856
福建,CEG2000_f4_r0016_c0111,1,36.62229362215064,,,,8,37.58107131022782,4,,-1.5504975724041008,0.6614351195376004
福建,CEG2000_f4_r0016_c0111,2,32.32176236264452,36.62229362215064,-4.300531259506123,-0.1174293260787191,6,32.90157962979566,2,-4.748834740847485,-1.5504975724041008,0.6614351195376004
福建,CEG2000_f4_r0016_c0111,3,39.33696214807689,32.32176236264452,7.015199785432372,0.21704261378829093,8,37.58107131022782,7,7.1232521112712295,-1.5504975724041008,0.6614351195376004
福建,CEG2000_f4_r0016_c0111,4,34.07836842202393,39.33696214807689,-5.258593726052965,-0.13368072771501618,7,35.241325470011745,2,-4.748834740847485,-1.5504975724041008,0.6614351195376004
福建,CEG2000_f4_r0016_c0111,5,33.18446726989846,34.07836842202393,-0.8939011521254656,-0.026230749695979032,6,32.90157962979566,4,0.0,-1.5504975724041008,0.6614351195376004
福建,CEG2000_f4_r0016_c0111,6,20.955418774812,33.18446726989846,-12.229048495086463,-0.3685172462051063,1,21.202850428715273,0,-9.497669481694972,-1.5504975724041008,0.6614351195376004
福建,CEG2000_f4_r0016_c0111,7,23.39443032358836,20.955418774812,2.43901154877636,0.11639049426719184,2,23.542596268931348,5,2.3744173704237435,-1.5504975724041008,0.6614351195376004
福建,CEG2000_f4_r0016_c0111,8,19.103210808829157,23.39443032358836,-4.291219514759202,-0.1834291092111959,0,18.86310458849919,2,-4.748834740847485,-1.5504975724041008,0.6614351195376004
福建,CEG2000_f4_r0016_c0111,9,26.819009536623675,19.103210808829157,7.7157987277945175,0.4039006219953567,3,25.88234210914743,7,7.1232521112712295,-1.5504975724041008,0.6614351195376004
福建,CEG2000_f4_r0016_c0111,10,26.70979667489673,26.819009536623675,-0.10921286172694522,-0.004072218311336428,3,25.88234210914743,4,0.0,-1.5504975724041008,0.6614351195376004
福建,CEG2000_f4_r0016_c0111,11,25.275978186389754,26.70979667489673,-1.4338184885069758,-0.05368137039599982,3,25.88234210914743,3,-2.3744173704237426,-1.5504975724041008,0.6614351195376004
福建,CEG2000_f4_r0016_c0111,12,27.64571829593549,25.275978186389754,2.369740109545738,0.0937546350163319,4,28.222087949363505,5,2.3744173704237435,-1.5504975724041008,0.6614351195376004
福建,CEG2000_f4_r0016_c0112,1,37.50905401613456,,,,8,37.58107131022782,4,,-1.256209393094261,0.7505119042257663
福建,CEG2000_f4_r0016_c0112,2,34.21749522350171,37.50905401613456,-3.2915587926328556,-0.08775371384244955,7,35.241325470011745,3,-2.3744173704237426,-1.256209393094261,0.7505119042257663
福建,CEG2000_f4_r0016_c0112,3,41.49374425960262,34.21749522350171,7.276249036100914,0.2126470388488093,8,37.58107131022782,7,7.1232521112712295,-1.256209393094261,0.7505119042257663
福建,CEG2000_f4_r0016_c0112,4,37.72852594128283,41.49374425960262,-3.765218318319789,-0.09074183073870057,8,37.58107131022782,2,-4.748834740847485,-1.256209393094261,0.7505119042257663
福建,CEG2000_f4_r0016_c0112,5,35.234274880997674,37.72852594128283,-2.4942510602851584,-0.06611048266680174,7,35.241325470011745,3,-2.3744173704237426,-1.256209393094261,0.7505119042257663
福建,CEG2000_f4_r0016_c0112,6,22.87367426943211,35.234274880997674,-12.360600611565562,-0.3508118345932473,2,23.542596268931348,0,-9.497669481694972,-1.256209393094261,0.7505119042257663
福建,CEG2000_f4_r0016_c0112,7,25.442744866812554,22.87367426943211,2.569070597380442,0.11231560645303465,3,25.88234210914743,5,2.3744173704237435,-1.256209393094261,0.7505119042257663
福建,CEG2000_f4_r0016_c0112,8,21.423269591849262,25.442744866812554,-4.019475274963291,-0.15798119644733316,1,21.202850428715273,2,-4.748834740847485,-1.256209393094261,0.7505119042257663
福建,CEG2000_f4_r0016_c0112,9,27.9612636368415,21.423269591849262,6.537994044992239,0.3051818965803285,4,28.222087949363505,7,7.1232521112712295,-1.256209393094261,0.7505119042257663
福建,CEG2000_f4_r0016_c0112,10,28.147625633551332,27.9612636368415,0.1863619967098309,0.006665006243290166,4,28.222087949363505,4,0.0,-1.256209393094261,0.7505119042257663
福建,CEG2000_f4_r0016_c0112,11,25.83385099461872,28.147625633551332,-2.3137746389326104,-0.08220141439477735,3,25.88234210914743,3,-2.3744173704237426,-1.256209393094261,0.7505119042257663
福建,CEG2000_f4_r0016_c0112,12,29.803438682569773,25.83385099461872,3.9695876879510514,0.1536583798047736,5,30.561833789579588,6,4.748834740847487,-1.256209393094261,0.7505119042257663
福建,CEG2000_f4_r0017_c0106,1,36.605672326202544,,,,8,37.58107131022782,4,,-2.751692470764983,0.8481516478569332
福建,CEG2000_f4_r0017_c0106,2,35.8391306514937,36.605672326202544,-0.7665416747088472,-0.020940516209564393,7,35.241325470011745,4,0.0,-2.751692470764983,0.8481516478569332
福建,CEG2000_f4_r0017_c0106,3,33.70417147228587,35.8391306514937,-2.1349591792078257,-0.05957061849430897,6,32.90157962979566,3,-2.3744173704237426,-2.751692470764983,0.8481516478569332
福建,CEG2000_f4_r0017_c0106,4,28.70466995355574,33.70417147228587,-4.999501518730131,-0.14833479953189477,4,28.222087949363505,2,-4.748834740847485,-2.751692470764983,0.8481516478569332
福建,CEG2000_f4_r0017_c0106,5,27.89609398429586,28.70466995355574,-0.8085759692598806,-0.028168795201901273,4,28.222087949363505,4,0.0,-2.751692470764983,0.8481516478569332
福建,CEG2000_f4_r0017_c0106,6,19.257299759471536,27.89609398429586,-8.638794224824323,-0.30967755663884494,0,18.86310458849919,0,-9.497669481694972,-2.751692470764983,0.8481516478569332
福建,CEG2000_f4_r0017_c0106,7,21.731902942468672,19.257299759471536,2.4746031829971358,0.12850208564573148,1,21.202850428715273,5,2.3744173704237435,-2.751692470764983,0.8481516478569332
福建,CEG2000_f4_r0017_c0106,8,18.26380347443265,21.731902942468672,-3.468099468036023,-0.1595856321104137,0,18.86310458849919,3,-2.3744173704237426,-2.751692470764983,0.8481516478569332
福建,CEG2000_f4_r0017_c0106,9,28.37900244670392,18.26380347443265,10.115198972271273,0.5538385794849062,4,28.222087949363505,8,9.497669481694972,-2.751692470764983,0.8481516478569332
福建,CEG2000_f4_r0017_c0106,10,26.1629070379712,28.37900244670392,-2.2160954087327234,-0.07808926381026166,3,25.88234210914743,3,-2.3744173704237426,-2.751692470764983,0.8481516478569332
福建,CEG2000_f4_r0017_c0106,11,24.478560610156983,26.1629070379712,-1.6843464278142157,-0.06437917718278252,2,23.542596268931348,3,-2.3744173704237426,-2.751692470764983,0.8481516478569332
福建,CEG2000_f4_r0017_c0106,12,26.681974301073545,24.478560610156983,2.2034136909165625,0.09001402190299913,3,25.88234210914743,5,2.3744173704237435,-2.751692470764983,0.8481516478569332
福建,CEG2000_f4_r0017_c0107,1,36.565410133447045,,,,8,37.58107131022782,4,,-2.673442448867523,0.6947542367831011
福建,CEG2000_f4_r0017_c0107,2,36.425963190435205,36.565410133447045,-0.13944694301184057,-0.0038136299443359977,8,37.58107131022782,4,0.0,-2.673442448867523,0.6947542367831011
福建,CEG2000_f4_r0017_c0107,3,34.09326086141836,36.425963190435205,-2.332702329016847,-0.06403955104279499,7,35.241325470011745,3,-2.3744173704237426,-2.673442448867523,0.6947542367831011
福建,CEG2000_f4_r0017_c0107,4,27.89010745128443,34.09326086141836,-6.203153410133929,-0.18194661506121076,4,28.222087949363505,1,-7.1232521112712295,-2.673442448867523,0.6947542367831011
福建,CEG2000_f4_r0017_c0107,5,28.114000897258855,27.89010745128443,0.22389344597442573,0.008027701089552981,4,28.222087949363505,4,0.0,-2.673442448867523,0.6947542367831011
福建,CEG2000_f4_r0017_c0107,6,18.699468373380363,28.114000897258855,-9.414532523878492,-0.33486989483579405,0,18.86310458849919,0,-9.497669481694972,-2.673442448867523,0.6947542367831011
福建,CEG2000_f4_r0017_c0107,7,22.24358947272702,18.699468373380363,3.5441210993466576,0.18953058068709017,1,21.202850428715273,5,2.3744173704237435,-2.673442448867523,0.6947542367831011
福建,CEG2000_f4_r0017_c0107,8,18.174130140344595,22.24358947272702,-4.069459332382426,-0.18294975895738458,0,18.86310458849919,2,-4.748834740847485,-2.673442448867523,0.6947542367831011
福建,CEG2000_f4_r0017_c0107,9,28.128553975535244,18.174130140344595,9.95442383519065,0.5477249121867412,4,28.222087949363505,8,9.497669481694972,-2.673442448867523,0.6947542367831011
福建,CEG2000_f4_r0017_c0107,10,26.084771593878795,28.128553975535244,-2.043782381656449,-0.07265863660940497,3,25.88234210914743,3,-2.3744173704237426,-2.673442448867523,0.6947542367831011
福建,CEG2000_f4_r0017_c0107,11,25.00811375220767,26.084771593878795,-1.0766578416711248,-0.04127534097035297,3,25.88234210914743,4,0.0,-2.673442448867523,0.6947542367831011
福建,CEG2000_f4_r0017_c0107,12,27.354480828186755,25.00811375220767,2.346367075979085,0.09382423237626038,4,28.222087949363505,5,2.3744173704237435,-2.673442448867523,0.6947542367831011
福建,CEG2000_f4_r0017_c0108,1,35.45432743382786,,,,7,35.241325470011745,4,,-2.5459189470399632,0.595577594696612
福建,CEG2000_f4_r0017_c0108,2,35.36168231138618,35.45432743382786,-0.09264512244167378,-0.0026130836246883297,7,35.241325470011745,4,0.0,-2.5459189470399632,0.595577594696612
福建,CEG2000_f4_r0017_c0108,3,35.30493957147637,35.36168231138618,-0.05674273990981504,-0.0016046391517844818,7,35.241325470011745,4,0.0,-2.5459189470399632,0.595577594696612
福建,CEG2000_f4_r0017_c0108,4,26.30539280977854,35.30493957147637,-8.999546761697829,-0.25490899774740755,3,25.88234210914743,0,-9.497669481694972,-2.5459189470399632,0.595577594696612
福建,CEG2000_f4_r0017_c0108,5,28.03535728608783,26.30539280977854,1.7299644763092914,0.06576463194521123,4,28.222087949363505,5,2.3744173704237435,-2.5459189470399632,0.595577594696612
福建,CEG2000_f4_r0017_c0108,6,18.444510539647183,28.03535728608783,-9.590846746440647,-0.3420982528801221,0,18.86310458849919,0,-9.497669481694972,-2.5459189470399632,0.595577594696612
福建,CEG2000_f4_r0017_c0108,7,21.744557937537817,18.444510539647183,3.3000473978906335,0.1789175912690692,1,21.202850428715273,5,2.3744173704237435,-2.5459189470399632,0.595577594696612
福建,CEG2000_f4_r0017_c0108,8,17.872131154139694,21.744557937537817,-3.8724267833981223,-0.17808716988047474,0,18.86310458849919,2,-4.748834740847485,-2.5459189470399632,0.595577594696612
福建,CEG2000_f4_r0017_c0108,9,26.827409344675477,17.872131154139694,8.955278190535783,0.5010750040552094,3,25.88234210914743,8,9.497669481694972,-2.5459189470399632,0.595577594696612
福建,CEG2000_f4_r0017_c0108,10,25.378428358060024,26.827409344675477,-1.448980986615453,-0.054011215469936424,3,25.88234210914743,3,-2.3744173704237426,-2.5459189470399632,0.595577594696612
福建,CEG2000_f4_r0017_c0108,11,24.8610032186593,25.378428358060024,-0.517425139400725,-0.020388383870760623,3,25.88234210914743,4,0.0,-2.5459189470399632,0.595577594696612
福建,CEG2000_f4_r0017_c0108,12,27.44305901620847,24.8610032186593,2.5820557975491703,0.1038596783419915,4,28.222087949363505,5,2.3744173704237435,-2.5459189470399632,0.595577594696612
福建,CEG2000_f4_r0017_c0109,1,36.31656107425385,,,,7,35.241325470011745,4,,-2.3425189723383864,0.5227927328281768
福建,CEG2000_f4_r0017_c0109,2,31.628993938568104,36.31656107425385,-4.687567135685743,-0.12907519316329025,5,30.561833789579588,2,-4.748834740847485,-2.3425189723383864,0.5227927328281768
福建,CEG2000_f4_r0017_c0109,3,36.55467030854438,31.628993938568104,4.9256763699762764,0.1557329448904776,8,37.58107131022782,6,4.748834740847487,-2.3425189723383864,0.5227927328281768
福建,CEG2000_f4_r0017_c0109,4,27.570238471872543,36.55467030854438,-8.984431836671838,-0.24578068303824352,4,28.222087949363505,0,-9.497669481694972,-2.3425189723383864,0.5227927328281768
福建,CEG2000_f4_r0017_c0109,5,29.77202808956068,27.570238471872543,2.2017896176881386,0.07986110167071744,5,30.561833789579588,5,2.3744173704237435,-2.3425189723383864,0.5227927328281768
福建,CEG2000_f4_r0017_c0109,6,18.795579055549243,29.77202808956068,-10.976449034011438,-0.3686832822067718,0,18.86310458849919,0,-9.497669481694972,-2.3425189723383864,0.5227927328281768
福建,CEG2000_f4_r0017_c0109,7,21.2878774743356,18.795579055549243,2.492298418786355,0.13260024665483897,1,21.202850428715273,5,2.3744173704237435,-2.3425189723383864,0.5227927328281768
福建,CEG2000_f4_r0017_c0109,8,17.696448523183445,21.2878774743356,-3.591428951152153,-0.16870770491242892,0,18.86310458849919,2,-4.748834740847485,-2.3425189723383864,0.5227927328281768
福建,CEG2000_f4_r0017_c0109,9,27.009032923874106,17.696448523183445,9.31258440069066,0.5262403011819348,3,25.88234210914743,8,9.497669481694972,-2.3425189723383864,0.5227927328281768
福建,CEG2000_f4_r0017_c0109,10,26.244611852417275,27.009032923874106,-0.7644210714568302,-0.028302422882425207,3,25.88234210914743,4,0.0,-2.3425189723383864,0.5227927328281768
福建,CEG2000_f4_r0017_c0109,11,26.11835419929848,26.244611852417275,-0.12625765311879533,-0.004810802835598664,3,25.88234210914743,4,0.0,-2.3425189723383864,0.5227927328281768
福建,CEG2000_f4_r0017_c0109,12,27.831737845164444,26.11835419929848,1.7133836458659637,0.0656007508280129,4,28.222087949363505,5,2.3744173704237435,-2.3425189723383864,0.5227927328281768
福建,CEG2000_f4_r0017_c0110,1,35.43531924974635,,,,7,35.241325470011745,4,,-2.0107175682237397,0.3260267462730554
福建,CEG2000_f4_r0017_c0110,2,32.819347401523814,35.43531924974635,-2.615971848222536,-0.07382385438057712,6,32.90157962979566,3,-2.3744173704237426,-2.0107175682237397,0.3260267462730554
福建,CEG2000_f4_r0017_c0110,3,35.629636912423315,32.819347401523814,2.8102895108995014,0.0856290491251212,7,35.241325470011745,5,2.3744173704237435,-2.0107175682237397,0.3260267462730554
福建,CEG2000_f4_r0017_c0110,4,27.858967799614035,35.629636912423315,-7.77066911280928,-0.21809565817101573,4,28.222087949363505,1,-7.1232521112712295,-2.0107175682237397,0.3260267462730554
福建,CEG2000_f4_r0017_c0110,5,28.990049172946794,27.858967799614035,1.1310813733327585,0.04060026134020761,4,28.222087949363505,4,0.0,-2.0107175682237397,0.3260267462730554
福建,CEG2000_f4_r0017_c0110,6,18.32369176642545,28.990049172946794,-10.666357406521342,-0.3679316769312373,0,18.86310458849919,0,-9.497669481694972,-2.0107175682237397,0.3260267462730554
福建,CEG2000_f4_r0017_c0110,7,19.436076686572772,18.32369176642545,1.1123849201473206,0.060707467377591806,0,18.86310458849919,4,0.0,-2.0107175682237397,0.3260267462730554
福建,CEG2000_f4_r0017_c0110,8,17.257446448581316,19.436076686572772,-2.178630237991456,-0.11209207872165589,0,18.86310458849919,3,-2.3744173704237426,-2.0107175682237397,0.3260267462730554
福建,CEG2000_f4_r0017_c0110,9,24.98030330766249,17.257446448581316,7.722856859081173,0.44750866717688964,3,25.88234210914743,7,7.1232521112712295,-2.0107175682237397,0.3260267462730554
福建,CEG2000_f4_r0017_c0110,10,25.107193036680457,24.98030330766249,0.12688972901796802,0.0050795912065265325,3,25.88234210914743,4,0.0,-2.0107175682237397,0.3260267462730554
福建,CEG2000_f4_r0017_c0110,11,24.13310757856941,25.107193036680457,-0.9740854581110483,-0.038797067306088506,2,23.542596268931348,4,0.0,-2.0107175682237397,0.3260267462730554
福建,CEG2000_f4_r0017_c0110,12,25.724394601681094,24.13310757856941,1.5912870231116862,0.06593792440244102,3,25.88234210914743,5,2.3744173704237435,-2.0107175682237397,0.3260267462730554
福建,CEG2000_f4_r0017_c0111,1,35.68255409323911,,,,7,35.241325470011745,4,,-1.5391573395563494,0.4302863903053015
福建,CEG2000_f4_r0017_c0111,2,31.6311243722031,35.68255409323911,-4.051429721036012,-0.11354091163008001,5,30.561833789579588,2,-4.748834740847485,-1.5391573395563494,0.4302863903053015
福建,CEG2000_f4_r0017_c0111,3,36.683721300144825,31.6311243722031,5.052596927941725,0.1597349771221494,8,37.58107131022782,6,4.748834740847487,-1.5391573395563494,0.4302863903053015
福建,CEG2000_f4_r0017_c0111,4,30.20123714262401,36.683721300144825,-6.482484157520815,-0.17671282868172983,5,30.561833789579588,1,-7.1232521112712295,-1.5391573395563494,0.4302863903053015
福建,CEG2000_f4_r0017_c0111,5,30.799350931513544,30.20123714262401,0.5981137888895347,0.019804281065208314,5,30.561833789579588,4,0.0,-1.5391573395563494,0.4302863903053015
福建,CEG2000_f4_r0017_c0111,6,19.327965784645652,30.799350931513544,-11.471385146867892,-0.3724554186994409,0,18.86310458849919,0,-9.497669481694972,-1.5391573395563494,0.4302863903053015
福建,CEG2000_f4_r0017_c0111,7,20.507234150917355,19.327965784645652,1.1792683662717032,0.06101357894624001,1,21.202850428715273,4,0.0,-1.5391573395563494,0.4302863903053015
福建,CEG2000_f4_r0017_c0111,8,17.721570489873184,20.507234150917355,-2.785663661044172,-0.13583809696343474,0,18.86310458849919,3,-2.3744173704237426,-1.5391573395563494,0.4302863903053015
福建,CEG2000_f4_r0017_c0111,9,24.833263885162197,17.721570489873184,7.111693395289013,0.4013015324659245,3,25.88234210914743,7,7.1232521112712295,-1.5391573395563494,0.4302863903053015
福建,CEG2000_f4_r0017_c0111,10,25.47900715753498,24.833263885162197,0.6457432723727834,0.026003157513202004,3,25.88234210914743,4,0.0,-1.5391573395563494,0.4302863903053015
福建,CEG2000_f4_r0017_c0111,11,24.73159069068355,25.47900715753498,-0.7474164668514298,-0.029334599351937236,3,25.88234210914743,4,0.0,-1.5391573395563494,0.4302863903053015
福建,CEG2000_f4_r0017_c0111,12,26.39489998310568,24.73159069068355,1.6633092924221309,0.06725444041287257,3,25.88234210914743,5,2.3744173704237435,-1.5391573395563494,0.4302863903053015
福建,CEG2000_f4_r0017_c0112,1,34.68467877549759,,,,7,35.241325470011745,4,,-1.0803344848767114,0.5907020658723401
福建,CEG2000_f4_r0017_c0112,2,31.19456429220913,34.68467877549759,-3.4901144832884583,-0.10062409705100084,5,30.561833789579588,3,-2.3744173704237426,-1.0803344848767114,0.5907020658723401
福建,CEG2000_f4_r0017_c0112,3,36.91950554305046,31.19456429220913,5.724941250841333,0.18352368051093895,8,37.58107131022782,6,4.748834740847487,-1.0803344848767114,0.5907020658723401
福建,CEG2000_f4_r0017_c0112,4,32.69158441302975,36.91950554305046,-4.227921130020711,-0.11451727394048355,6,32.90157962979566,2,-4.748834740847485,-1.0803344848767114,0.5907020658723401
福建,CEG2000_f4_r0017_c0112,5,31.049446474775447,32.69158441302975,-1.6421379382543044,-0.05023121294787426,5,30.561833789579588,3,-2.3744173704237426,-1.0803344848767114,0.5907020658723401
福建,CEG2000_f4_r0017_c0112,6,20.5872233478692,31.049446474775447,-10.462223126906245,-0.33695361156939624,1,21.202850428715273,0,-9.497669481694972,-1.0803344848767114,0.5907020658723401
福建,CEG2000_f4_r0017_c0112,7,21.45970922725883,20.5872233478692,0.8724858793896288,0.04237996861679416,1,21.202850428715273,4,0.0,-1.0803344848767114,0.5907020658723401
福建,CEG2000_f4_r0017_c0112,8,18.240129727390467,21.45970922725883,-3.219579499868363,-0.15002903654345637,0,18.86310458849919,3,-2.3744173704237426,-1.0803344848767114,0.5907020658723401
福建,CEG2000_f4_r0017_c0112,9,24.46087379975438,18.240129727390467,6.220744072363914,0.341047139759235,2,23.542596268931348,7,7.1232521112712295,-1.0803344848767114,0.5907020658723401
福建,CEG2000_f4_r0017_c0112,10,25.69897258812821,24.46087379975438,1.2380987883738293,0.05061547672047028,3,25.88234210914743,5,2.3744173704237435,-1.0803344848767114,0.5907020658723401
福建,CEG2000_f4_r0017_c0112,11,23.705234579327954,25.69897258812821,-1.993738008800257,-0.07758045587088083,2,23.542596268931348,3,-2.3744173704237426,-1.0803344848767114,0.5907020658723401
福建,CEG2000_f4_r0017_c0112,12,25.89585590364496,23.705234579327954,2.190621324317007,0.09241086887312766,3,25.88234210914743,5,2.3744173704237435,-1.0803344848767114,0.5907020658723401
福建,CEG2000_f4_r0017_c0113,1,34.98389943234814,,,,7,35.241325470011745,4,,-0.7959308027245585,0.6941592780384379
福建,CEG2000_f4_r0017_c0113,2,31.251198037030207,34.98389943234814,-3.7327013953179318,-0.10669769396451156,5,30.561833789579588,2,-4.748834740847485,-0.7959308027245585,0.6941592780384379
福建,CEG2000_f4_r0017_c0113,3,37.96147062688019,31.251198037030207,6.7102725898499855,0.21472049109601626,8,37.58107131022782,7,7.1232521112712295,-0.7959308027245585,0.6941592780384379
福建,CEG2000_f4_r0017_c0113,4,34.70310772093851,37.96147062688019,-3.2583629059416808,-0.0858334214174111,7,35.241325470011745,3,-2.3744173704237426,-0.7959308027245585,0.6941592780384379
福建,CEG2000_f4_r0017_c0113,5,31.7517088443794,34.70310772093851,-2.951398876559111,-0.08504710587571819,6,32.90157962979566,3,-2.3744173704237426,-0.7959308027245585,0.6941592780384379
福建,CEG2000_f4_r0017_c0113,6,21.676751629413555,31.7517088443794,-10.074957214965846,-0.31730440916880875,1,21.202850428715273,0,-9.497669481694972,-0.7959308027245585,0.6941592780384379
福建,CEG2000_f4_r0017_c0113,7,22.59588080708637,21.676751629413555,0.919129177672815,0.042401610415909036,2,23.542596268931348,4,0.0,-0.7959308027245585,0.6941592780384379
福建,CEG2000_f4_r0017_c0113,8,19.197564466344904,22.59588080708637,-3.3983163407414665,-0.1503953915209054,0,18.86310458849919,3,-2.3744173704237426,-0.7959308027245585,0.6941592780384379
福建,CEG2000_f4_r0017_c0113,9,25.16701663491641,19.197564466344904,5.969452168571507,0.3109484111401999,3,25.88234210914743,7,7.1232521112712295,-0.7959308027245585,0.6941592780384379
福建,CEG2000_f4_r0017_c0113,10,26.180502506708905,25.16701663491641,1.0134858717924935,0.04027040179193888,3,25.88234210914743,4,0.0,-0.7959308027245585,0.6941592780384379
福建,CEG2000_f4_r0017_c0113,11,23.897239392196457,26.180502506708905,-2.2832631145124473,-0.08721234872888127,2,23.542596268931348,3,-2.3744173704237426,-0.7959308027245585,0.6941592780384379
福建,CEG2000_f4_r0017_c0113,12,26.763969633425567,23.897239392196457,2.86673024122911,0.1199607282741298,3,25.88234210914743,5,2.3744173704237435,-0.7959308027245585,0.6941592780384379
福建,CEG2000_f4_r0018_c0106,1,37.278095095249675,,,,8,37.58107131022782,4,,-2.9479966562445754,0.9296722915959276
福建,CEG2000_f4_r0018_c0106,2,35.669831608837285,37.278095095249675,-1.6082634864123904,-0.043142319431910305,7,35.241325470011745,3,-2.3744173704237426,-2.9479966562445754,0.9296722915959276
福建,CEG2000_f4_r0018_c0106,3,34.50391924705795,35.669831608837285,-1.165912361779334,-0.032686231170501984,7,35.241325470011745,4,0.0,-2.9479966562445754,0.9296722915959276
福建,CEG2000_f4_r0018_c0106,4,29.733703685188832,34.50391924705795,-4.770215561869119,-0.13825141218633769,5,30.561833789579588,2,-4.748834740847485,-2.9479966562445754,0.9296722915959276
福建,CEG2000_f4_r0018_c0106,5,28.767926456428444,29.733703685188832,-0.9657772287603876,-0.03248089235655723,4,28.222087949363505,4,0.0,-2.9479966562445754,0.9296722915959276
福建,CEG2000_f4_r0018_c0106,6,19.750588966614213,28.767926456428444,-9.017337489814231,-0.31345107557445206,0,18.86310458849919,0,-9.497669481694972,-2.9479966562445754,0.9296722915959276
福建,CEG2000_f4_r0018_c0106,7,22.60991160448812,19.750588966614213,2.8593226378739054,0.14477151252082743,2,23.542596268931348,5,2.3744173704237435,-2.9479966562445754,0.9296722915959276
福建,CEG2000_f4_r0018_c0106,8,18.508261449298452,22.60991160448812,-4.101650155189667,-0.18140938482817773,0,18.86310458849919,2,-4.748834740847485,-2.9479966562445754,0.9296722915959276
福建,CEG2000_f4_r0018_c0106,9,29.2275353140641,18.508261449298452,10.719273864765647,0.5791615757174187,4,28.222087949363505,8,9.497669481694972,-2.9479966562445754,0.9296722915959276
福建,CEG2000_f4_r0018_c0106,10,26.070701561357467,29.2275353140641,-3.156833752706632,-0.10800889362667485,3,25.88234210914743,3,-2.3744173704237426,-2.9479966562445754,0.9296722915959276
福建,CEG2000_f4_r0018_c0106,11,24.799775494131893,26.070701561357467,-1.2709260672255738,-0.048749208541030084,3,25.88234210914743,3,-2.3744173704237426,-2.9479966562445754,0.9296722915959276
福建,CEG2000_f4_r0018_c0106,12,27.462138377031025,24.799775494131893,2.6623628828991315,0.10735431389405513,4,28.222087949363505,5,2.3744173704237435,-2.9479966562445754,0.9296722915959276
福建,CEG2000_f4_r0018_c0107,1,37.082666979467184,,,,8,37.58107131022782,4,,-2.9221808526913513,0.7630092267579929
福建,CEG2000_f4_r0018_c0107,2,36.261753455311094,37.082666979467184,-0.8209135241560901,-0.022137391698677795,7,35.241325470011745,4,0.0,-2.9221808526913513,0.7630092267579929
福建,CEG2000_f4_r0018_c0107,3,34.61721663831031,36.261753455311094,-1.644536817000784,-0.04535182831209493,7,35.241325470011745,3,-2.3744173704237426,-2.9221808526913513,0.7630092267579929
福建,CEG2000_f4_r0018_c0107,4,29.21010919455846,34.61721663831031,-5.407107443751851,-0.15619705940678932,4,28.222087949363505,2,-4.748834740847485,-2.9221808526913513,0.7630092267579929
福建,CEG2000_f4_r0018_c0107,5,28.432356556032968,29.21010919455846,-0.7777526385254916,-0.02662614622030851,4,28.222087949363505,4,0.0,-2.9221808526913513,0.7630092267579929
福建,CEG2000_f4_r0018_c0107,6,19.351412476711054,28.432356556032968,-9.080944079321913,-0.31938766881407366,0,18.86310458849919,0,-9.497669481694972,-2.9221808526913513,0.7630092267579929
福建,CEG2000_f4_r0018_c0107,7,22.838678324244015,19.351412476711054,3.48726584753296,0.18020730278628488,2,23.542596268931348,5,2.3744173704237435,-2.9221808526913513,0.7630092267579929
福建,CEG2000_f4_r0018_c0107,8,18.098640966694237,22.838678324244015,-4.740037357549777,-0.20754429351185663,0,18.86310458849919,2,-4.748834740847485,-2.9221808526913513,0.7630092267579929
福建,CEG2000_f4_r0018_c0107,9,28.40052576417731,18.098640966694237,10.301884797483073,0.5692076447309479,4,28.222087949363505,8,9.497669481694972,-2.9221808526913513,0.7630092267579929
福建,CEG2000_f4_r0018_c0107,10,25.668526437156316,28.40052576417731,-2.7319993270209935,-0.09619537855411714,3,25.88234210914743,3,-2.3744173704237426,-2.9221808526913513,0.7630092267579929
福建,CEG2000_f4_r0018_c0107,11,25.154987057823497,25.668526437156316,-0.5135393793328191,-0.020006578117762474,3,25.88234210914743,4,0.0,-2.9221808526913513,0.7630092267579929
福建,CEG2000_f4_r0018_c0107,12,27.8982300150625,25.154987057823497,2.7432429572390014,0.10905364216380388,4,28.222087949363505,5,2.3744173704237435,-2.9221808526913513,0.7630092267579929
福建,CEG2000_f4_r0018_c0108,1,35.63050171737142,,,,7,35.241325470011745,4,,-2.8511170965677968,0.5574305868970016
福建,CEG2000_f4_r0018_c0108,2,35.15815336394267,35.63050171737142,-0.4723483534287567,-0.013256853837633902,7,35.241325470011745,4,0.0,-2.8511170965677968,0.5574305868970016
福建,CEG2000_f4_r0018_c0108,3,32.87008257881024,35.15815336394267,-2.288070785132426,-0.06507937892662516,6,32.90157962979566,3,-2.3744173704237426,-2.8511170965677968,0.5574305868970016
福建,CEG2000_f4_r0018_c0108,4,26.513821255597257,32.87008257881024,-6.356261323212983,-0.19337527698547854,3,25.88234210914743,1,-7.1232521112712295,-2.8511170965677968,0.5574305868970016
福建,CEG2000_f4_r0018_c0108,5,27.61176764192611,26.513821255597257,1.0979463863288537,0.0414103412610534,4,28.222087949363505,4,0.0,-2.8511170965677968,0.5574305868970016
福建,CEG2000_f4_r0018_c0108,6,18.689764717011673,27.61176764192611,-8.922002924914437,-0.32312320748951756,0,18.86310458849919,0,-9.497669481694972,-2.8511170965677968,0.5574305868970016
福建,CEG2000_f4_r0018_c0108,7,21.560679708721004,18.689764717011673,2.8709149917093306,0.15360894239060086,1,21.202850428715273,5,2.3744173704237435,-2.8511170965677968,0.5574305868970016
福建,CEG2000_f4_r0018_c0108,8,17.880901487741554,21.560679708721004,-3.6797782209794505,-0.17067078917233902,0,18.86310458849919,2,-4.748834740847485,-2.8511170965677968,0.5574305868970016
福建,CEG2000_f4_r0018_c0108,9,26.375300343656885,17.880901487741554,8.494398855915332,0.47505428413319983,3,25.88234210914743,8,9.497669481694972,-2.8511170965677968,0.5574305868970016
福建,CEG2000_f4_r0018_c0108,10,24.79263971625122,26.375300343656885,-1.5826606274056658,-0.06000540683079982,3,25.88234210914743,3,-2.3744173704237426,-2.8511170965677968,0.5574305868970016
福建,CEG2000_f4_r0018_c0108,11,24.800444052811528,24.79263971625122,0.007804336560308656,0.00031478441382718213,3,25.88234210914743,4,0.0,-2.8511170965677968,0.5574305868970016
福建,CEG2000_f4_r0018_c0108,12,27.33849999242077,24.800444052811528,2.53805593960924,0.10233913288828837,4,28.222087949363505,5,2.3744173704237435,-2.8511170965677968,0.5574305868970016
福建,CEG2000_f4_r0018_c0109,1,35.62872058870877,,,,7,35.241325470011745,4,,-2.7160320846724897,0.337747250738476
福建,CEG2000_f4_r0018_c0109,2,31.771438202730575,35.62872058870877,-3.8572823859781913,-0.10826328653520657,6,32.90157962979566,2,-4.748834740847485,-2.7160320846724897,0.337747250738476
福建,CEG2000_f4_r0018_c0109,3,36.37205286425911,31.771438202730575,4.600614661528535,0.1448034751266985,7,35.241325470011745,6,4.748834740847487,-2.7160320846724897,0.337747250738476
福建,CEG2000_f4_r0018_c0109,4,27.045343831283013,36.37205286425911,-9.326709032976098,-0.2564251478403893,3,25.88234210914743,0,-9.497669481694972,-2.7160320846724897,0.337747250738476
福建,CEG2000_f4_r0018_c0109,5,29.409742935341775,27.045343831283013,2.364399104058762,0.08742351802989064,5,30.561833789579588,5,2.3744173704237435,-2.7160320846724897,0.337747250738476
福建,CEG2000_f4_r0018_c0109,6,18.43966630641537,29.409742935341775,-10.970076628926407,-0.37300824604432814,0,18.86310458849919,0,-9.497669481694972,-2.7160320846724897,0.337747250738476
福建,CEG2000_f4_r0018_c0109,7,20.636138734019017,18.43966630641537,2.1964724276036485,0.11911671236911,1,21.202850428715273,5,2.3744173704237435,-2.7160320846724897,0.337747250738476
福建,CEG2000_f4_r0018_c0109,8,17.374551609028295,20.636138734019017,-3.2615871249907222,-0.15805219993088832,0,18.86310458849919,3,-2.3744173704237426,-2.7160320846724897,0.337747250738476
福建,CEG2000_f4_r0018_c0109,9,26.691753992977016,17.374551609028295,9.317202383948722,0.5362557028008278,3,25.88234210914743,8,9.497669481694972,-2.7160320846724897,0.337747250738476
福建,CEG2000_f4_r0018_c0109,10,25.708825909127302,26.691753992977016,-0.9829280838497141,-0.036825158965137196,3,25.88234210914743,4,0.0,-2.7160320846724897,0.337747250738476
福建,CEG2000_f4_r0018_c0109,11,25.2843782543854,25.708825909127302,-0.42444765474190405,-0.01650980314084332,3,25.88234210914743,4,0.0,-2.7160320846724897,0.337747250738476
福建,CEG2000_f4_r0018_c0109,12,27.561483041142345,25.2843782543854,2.277104786756947,0.09005975008944503,4,28.222087949363505,5,2.3744173704237435,-2.7160320846724897,0.337747250738476
福建,CEG2000_f4_r0018_c0110,1,34.515086872977236,,,,7,35.241325470011745,4,,-2.3887110444954347,0.227768079529481
福建,CEG2000_f4_r0018_c0110,2,31.34366450084592,34.515086872977236,-3.171422372131314,-0.09188510473123866,5,30.561833789579588,3,-2.3744173704237426,-2.3887110444954347,0.227768079529481
福建,CEG2000_f4_r0018_c0110,3,35.18187280010408,31.34366450084592,3.8382082992581594,0.12245563371042884,7,35.241325470011745,6,4.748834740847487,-2.3887110444954347,0.227768079529481
福建,CEG2000_f4_r0018_c0110,4,27.16519414094784,35.18187280010408,-8.016678659156241,-0.22786389754477554,4,28.222087949363505,1,-7.1232521112712295,-2.3887110444954347,0.227768079529481
福建,CEG2000_f4_r0018_c0110,5,29.30460178066356,27.16519414094784,2.1394076397157207,0.07875547027624052,4,28.222087949363505,5,2.3744173704237435,-2.3887110444954347,0.227768079529481
福建,CEG2000_f4_r0018_c0110,6,18.39767024470597,29.30460178066356,-10.90693153595759,-0.37219176761359213,0,18.86310458849919,0,-9.497669481694972,-2.3887110444954347,0.227768079529481
福建,CEG2000_f4_r0018_c0110,7,19.34287013073541,18.39767024470597,0.9451998860294388,0.05137606411341269,0,18.86310458849919,4,0.0,-2.3887110444954347,0.227768079529481
福建,CEG2000_f4_r0018_c0110,8,16.79839352038241,19.34287013073541,-2.544476610352998,-0.1315459698149903,0,18.86310458849919,3,-2.3744173704237426,-2.3887110444954347,0.227768079529481
福建,CEG2000_f4_r0018_c0110,9,25.171442150631847,16.79839352038241,8.373048630249436,0.49844341484737553,3,25.88234210914743,8,9.497669481694972,-2.3887110444954347,0.227768079529481
福建,CEG2000_f4_r0018_c0110,10,24.103590136971917,25.171442150631847,-1.0678520136599303,-0.042423155863285544,2,23.542596268931348,4,0.0,-2.3887110444954347,0.227768079529481
福建,CEG2000_f4_r0018_c0110,11,23.97378444410683,24.103590136971917,-0.12980569286508725,-0.005385326091567638,2,23.542596268931348,4,0.0,-2.3887110444954347,0.227768079529481
福建,CEG2000_f4_r0018_c0110,12,25.67290946708366,23.97378444410683,1.6991250229768298,0.07087429299859681,3,25.88234210914743,5,2.3744173704237435,-2.3887110444954347,0.227768079529481
福建,CEG2000_f4_r0018_c0111,1,33.726421846481635,,,,6,32.90157962979566,4,,-1.4991560310182164,0.1925591578681412
福建,CEG2000_f4_r0018_c0111,2,30.84690916353965,33.726421846481635,-2.8795126829419857,-0.08537854077877456,5,30.561833789579588,3,-2.3744173704237426,-1.4991560310182164,0.1925591578681412
福建,CEG2000_f4_r0018_c0111,3,32.575554723663224,30.84690916353965,1.7286455601235744,0.056039506290853754,6,32.90157962979566,5,2.3744173704237435,-1.4991560310182164,0.1925591578681412
福建,CEG2000_f4_r0018_c0111,4,26.634791478099807,32.575554723663224,-5.940763245563417,-0.18236875153650062,3,25.88234210914743,1,-7.1232521112712295,-1.4991560310182164,0.1925591578681412
福建,CEG2000_f4_r0018_c0111,5,28.38032238396821,26.634791478099807,1.745530905868403,0.06553574512883453,4,28.222087949363505,5,2.3744173704237435,-1.4991560310182164,0.1925591578681412
福建,CEG2000_f4_r0018_c0111,6,17.844960614066373,28.38032238396821,-10.535361769901836,-0.3712206516671977,0,18.86310458849919,0,-9.497669481694972,-1.4991560310182164,0.1925591578681412
福建,CEG2000_f4_r0018_c0111,7,17.921004567370204,17.844960614066373,0.07604395330383085,0.0042613685145311475,0,18.86310458849919,4,0.0,-1.4991560310182164,0.1925591578681412
福建,CEG2000_f4_r0018_c0111,8,16.469687373399,17.921004567370204,-1.451317193971203,-0.08098414285400603,0,18.86310458849919,3,-2.3744173704237426,-1.4991560310182164,0.1925591578681412
福建,CEG2000_f4_r0018_c0111,9,23.080707622154023,16.469687373399,6.611020248755022,0.40140532718506877,2,23.542596268931348,7,7.1232521112712295,-1.4991560310182164,0.1925591578681412
福建,CEG2000_f4_r0018_c0111,10,24.033787545283964,23.080707622154023,0.9530799231299412,0.04129335801711414,2,23.542596268931348,4,0.0,-1.4991560310182164,0.1925591578681412
福建,CEG2000_f4_r0018_c0111,11,23.0999637237932,24.033787545283964,-0.9338238214907655,-0.03885462579426043,2,23.542596268931348,4,0.0,-1.4991560310182164,0.1925591578681412
福建,CEG2000_f4_r0018_c0111,12,24.239104427554366,23.0999637237932,1.1391407037611678,0.049313527821164556,2,23.542596268931348,4,0.0,-1.4991560310182164,0.1925591578681412
福建,CEG2000_f4_r0018_c0112,1,33.61515549136864,,,,6,32.90157962979566,4,,-0.6903495415380936,0.3272218333877656
福建,CEG2000_f4_r0018_c0112,2,29.062122095661604,33.61515549136864,-4.553033395707036,-0.13544585259693706,4,28.222087949363505,2,-4.748834740847485,-0.6903495415380936,0.3272218333877656
福建,CEG2000_f4_r0018_c0112,3,33.18831308451742,29.062122095661604,4.126190988855814,0.14197831029936292,6,32.90157962979566,6,4.748834740847487,-0.6903495415380936,0.3272218333877656
福建,CEG2000_f4_r0018_c0112,4,27.668096175302345,33.18831308451742,-5.520216909215073,-0.16633014444443978,4,28.222087949363505,2,-4.748834740847485,-0.6903495415380936,0.3272218333877656
福建,CEG2000_f4_r0018_c0112,5,28.70749495011705,27.668096175302345,1.0393987748147033,0.03756668938221028,4,28.222087949363505,4,0.0,-0.6903495415380936,0.3272218333877656
福建,CEG2000_f4_r0018_c0112,6,18.937533363419867,28.70749495011705,-9.769961586697182,-0.3403279040429596,0,18.86310458849919,0,-9.497669481694972,-0.6903495415380936,0.3272218333877656
福建,CEG2000_f4_r0018_c0112,7,18.231507986996643,18.937533363419867,-0.7060253764232236,-0.03728180238018732,0,18.86310458849919,4,0.0,-0.6903495415380936,0.3272218333877656
福建,CEG2000_f4_r0018_c0112,8,16.41099556865335,18.231507986996643,-1.8205124183432915,-0.09985528457885905,0,18.86310458849919,3,-2.3744173704237426,-0.6903495415380936,0.3272218333877656
福建,CEG2000_f4_r0018_c0112,9,22.61773294824548,16.41099556865335,6.206737379592127,0.37820602373737877,2,23.542596268931348,7,7.1232521112712295,-0.6903495415380936,0.3272218333877656
福建,CEG2000_f4_r0018_c0112,10,23.888975383870378,22.61773294824548,1.2712424356248988,0.056205563949923314,2,23.542596268931348,5,2.3744173704237435,-0.6903495415380936,0.3272218333877656
福建,CEG2000_f4_r0018_c0112,11,22.17169727931192,23.888975383870378,-1.7172781045584564,-0.07188579991245447,1,21.202850428715273,3,-2.3744173704237426,-0.6903495415380936,0.3272218333877656
福建,CEG2000_f4_r0018_c0112,12,24.14247610046248,22.17169727931192,1.9707788211505601,0.08888714275336351,2,23.542596268931348,5,2.3744173704237435,-0.6903495415380936,0.3272218333877656
福建,CEG2000_f4_r0018_c0113,1,33.29604588009167,,,,6,32.90157962979566,4,,-0.4023554451818674,0.476273865666933
福建,CEG2000_f4_r0018_c0113,2,29.75021221675293,33.29604588009167,-3.545833663338737,-0.10649413675450446,5,30.561833789579588,3,-2.3744173704237426,-0.4023554451818674,0.476273865666933
福建,CEG2000_f4_r0018_c0113,3,33.53359348651107,29.75021221675293,3.7833812697581415,0.12717157249814995,6,32.90157962979566,6,4.748834740847487,-0.4023554451818674,0.476273865666933
福建,CEG2000_f4_r0018_c0113,4,30.414713197836143,33.53359348651107,-3.11888028867493,-0.09300763695156927,5,30.561833789579588,3,-2.3744173704237426,-0.4023554451818674,0.476273865666933
福建,CEG2000_f4_r0018_c0113,5,28.922185705790024,30.414713197836143,-1.4925274920461185,-0.04907254861611861,4,28.222087949363505,3,-2.3744173704237426,-0.4023554451818674,0.476273865666933
福建,CEG2000_f4_r0018_c0113,6,19.958066945018093,28.922185705790024,-8.964118760771932,-0.309939188274328,0,18.86310458849919,0,-9.497669481694972,-0.4023554451818674,0.476273865666933
福建,CEG2000_f4_r0018_c0113,7,19.767166253821223,19.958066945018093,-0.1909006911968696,-0.009565089230473896,0,18.86310458849919,4,0.0,-0.4023554451818674,0.476273865666933
福建,CEG2000_f4_r0018_c0113,8,17.28696911307709,19.767166253821223,-2.4801971407441314,-0.1254705458990451,0,18.86310458849919,3,-2.3744173704237426,-0.4023554451818674,0.476273865666933
福建,CEG2000_f4_r0018_c0113,9,22.6346101559839,17.28696911307709,5.347641042906808,0.309345207244078,2,23.542596268931348,6,4.748834740847487,-0.4023554451818674,0.476273865666933
福建,CEG2000_f4_r0018_c0113,10,24.25508656427164,22.6346101559839,1.6204764082877396,0.07159285700616916,2,23.542596268931348,5,2.3744173704237435,-0.4023554451818674,0.476273865666933
福建,CEG2000_f4_r0018_c0113,11,22.185613890982,24.25508656427164,-2.0694726732896385,-0.08532118274679854,1,21.202850428715273,3,-2.3744173704237426,-0.4023554451818674,0.476273865666933
福建,CEG2000_f4_r0018_c0113,12,24.50885848808304,22.185613890982,2.323244597101038,0.10471851752749511,2,23.542596268931348,5,2.3744173704237435,-0.4023554451818674,0.476273865666933
福建,CEG2000_f4_r0018_c0114,1,34.04648747820486,,,,6,32.90157962979566,4,,-0.266266319379063,0.6726105558379464
福建,CEG2000_f4_r0018_c0114,2,30.83853070639204,34.04648747820486,-3.207956771812821,-0.09422284086916223,5,30.561833789579588,3,-2.3744173704237426,-0.266266319379063,0.6726105558379464
福建,CEG2000_f4_r0018_c0114,3,34.291725970655214,30.83853070639204,3.453195264263176,0.11197664691422593,7,35.241325470011745,5,2.3744173704237435,-0.266266319379063,0.6726105558379464
福建,CEG2000_f4_r0018_c0114,4,32.442596724199525,34.291725970655214,-1.8491292464556892,-0.053923481368014614,6,32.90157962979566,3,-2.3744173704237426,-0.266266319379063,0.6726105558379464
福建,CEG2000_f4_r0018_c0114,5,29.181389977704537,32.442596724199525,-3.261206746494988,-0.10052237107341024,4,28.222087949363505,3,-2.3744173704237426,-0.266266319379063,0.6726105558379464
福建,CEG2000_f4_r0018_c0114,6,20.932517713108258,29.181389977704537,-8.24887226459628,-0.28267578312406183,1,21.202850428715273,1,-7.1232521112712295,-0.266266319379063,0.6726105558379464
福建,CEG2000_f4_r0018_c0114,7,21.66732254291141,20.932517713108258,0.7348048298031529,0.035103509280348395,1,21.202850428715273,4,0.0,-0.266266319379063,0.6726105558379464
福建,CEG2000_f4_r0018_c0114,8,18.855570742364264,21.66732254291141,-2.811751800547146,-0.12976923175341878,0,18.86310458849919,3,-2.3744173704237426,-0.266266319379063,0.6726105558379464
福建,CEG2000_f4_r0018_c0114,9,23.591211877018058,18.855570742364264,4.735641134653793,0.25115342300479204,2,23.542596268931348,6,4.748834740847487,-0.266266319379063,0.6726105558379464
福建,CEG2000_f4_r0018_c0114,10,25.300024257383697,23.591211877018058,1.7088123803656394,0.07243427719074999,3,25.88234210914743,5,2.3744173704237435,-0.266266319379063,0.6726105558379464
福建,CEG2000_f4_r0018_c0114,11,22.99320804664158,25.300024257383697,-2.3068162107421166,-0.09117841893249896,2,23.542596268931348,3,-2.3744173704237426,-0.266266319379063,0.6726105558379464
福建,CEG2000_f4_r0018_c0114,12,25.064425967767175,22.99320804664158,2.0712179211255943,0.09007955379363078,3,25.88234210914743,5,2.3744173704237435,-0.266266319379063,0.6726105558379464
福建,CEG2000_f4_r0019_c0107,1,36.66404956341746,,,,8,37.58107131022782,4,,3.082026003192372,0.9141745531526
福建,CEG2000_f4_r0019_c0107,2,35.879226575001894,36.66404956341746,-0.7848229884155629,-0.021405791170396003,7,35.241325470011745,4,0.0,3.082026003192372,0.9141745531526
福建,CEG2000_f4_r0019_c0107,3,34.34868068328228,35.879226575001894,-1.530545891719612,-0.04265827437835541,7,35.241325470011745,3,-2.3744173704237426,3.082026003192372,0.9141745531526
福建,CEG2000_f4_r0019_c0107,4,28.651056027482472,34.34868068328228,-5.69762465579981,-0.16587608439275164,4,28.222087949363505,2,-4.748834740847485,3.082026003192372,0.9141745531526
福建,CEG2000_f4_r0019_c0107,5,28.901387539303514,28.651056027482472,0.25033151182104163,0.008737252532015585,4,28.222087949363505,4,0.0,3.082026003192372,0.9141745531526
福建,CEG2000_f4_r0019_c0107,6,19.59976823489815,28.901387539303514,-9.301619304405364,-0.32183988715960177,0,18.86310458849919,0,-9.497669481694972,3.082026003192372,0.9141745531526
福建,CEG2000_f4_r0019_c0107,7,22.08656908902243,19.59976823489815,2.4868008541242794,0.12687909491176705,1,21.202850428715273,5,2.3744173704237435,3.082026003192372,0.9141745531526
福建,CEG2000_f4_r0019_c0107,8,18.301381572629435,22.08656908902243,-3.7851875163929947,-0.1713796063633227,0,18.86310458849919,2,-4.748834740847485,3.082026003192372,0.9141745531526
福建,CEG2000_f4_r0019_c0107,9,28.028149906648135,18.301381572629435,9.7267683340187,0.5314772710146394,4,28.222087949363505,8,9.497669481694972,3.082026003192372,0.9141745531526
福建,CEG2000_f4_r0019_c0107,10,25.291480221252996,28.028149906648135,-2.736669685395139,-0.09764004026345009,3,25.88234210914743,3,-2.3744173704237426,3.082026003192372,0.9141745531526
福建,CEG2000_f4_r0019_c0107,11,25.28123963607752,25.291480221252996,-0.010240585175477435,-0.00040490256346767883,3,25.88234210914743,4,0.0,3.082026003192372,0.9141745531526
福建,CEG2000_f4_r0019_c0107,12,27.374065525550627,25.28123963607752,2.092825889473108,0.08278177492873201,4,28.222087949363505,5,2.3744173704237435,3.082026003192372,0.9141745531526
福建,CEG2000_f4_r0019_c0108,1,36.59292381598438,,,,8,37.58107131022782,4,,3.0618195095099727,0.6733722937285274
福建,CEG2000_f4_r0019_c0108,2,35.39552366486476,36.59292381598438,-1.1974001511196164,-0.03272217757567032,7,35.241325470011745,3,-2.3744173704237426,3.0618195095099727,0.6733722937285274
福建,CEG2000_f4_r0019_c0108,3,33.720056424264655,35.39552366486476,-1.6754672406001063,-0.04733556865732298,6,32.90157962979566,3,-2.3744173704237426,3.0618195095099727,0.6733722937285274
福建,CEG2000_f4_r0019_c0108,4,28.40355061442817,33.720056424264655,-5.316505809836485,-0.15766598201807203,4,28.222087949363505,2,-4.748834740847485,3.0618195095099727,0.6733722937285274
福建,CEG2000_f4_r0019_c0108,5,29.415737534996776,28.40355061442817,1.012186920568606,0.035635929264929464,5,30.561833789579588,4,0.0,3.0618195095099727,0.6733722937285274
福建,CEG2000_f4_r0019_c0108,6,19.32076779324138,29.415737534996776,-10.094969741755396,-0.34318261541955597,0,18.86310458849919,0,-9.497669481694972,3.0618195095099727,0.6733722937285274
福建,CEG2000_f4_r0019_c0108,7,21.452086963838532,19.32076779324138,2.131319170597152,0.11031234335018048,1,21.202850428715273,5,2.3744173704237435,3.0618195095099727,0.6733722937285274
福建,CEG2000_f4_r0019_c0108,8,18.534949610917664,21.452086963838532,-2.917137352920868,-0.1359838489298614,0,18.86310458849919,3,-2.3744173704237426,3.0618195095099727,0.6733722937285274
福建,CEG2000_f4_r0019_c0108,9,27.67063104136195,18.534949610917664,9.135681430444286,0.49288946677594875,4,28.222087949363505,8,9.497669481694972,3.0618195095099727,0.6733722937285274
福建,CEG2000_f4_r0019_c0108,10,25.615530796985215,27.67063104136195,-2.055100244376735,-0.07427008951493659,3,25.88234210914743,3,-2.3744173704237426,3.0618195095099727,0.6733722937285274
福建,CEG2000_f4_r0019_c0108,11,26.370567470777186,25.615530796985215,0.7550366737919703,0.029475737972247416,3,25.88234210914743,4,0.0,3.0618195095099727,0.6733722937285274
福建,CEG2000_f4_r0019_c0108,12,28.676748106761337,26.370567470777186,2.306180635984152,0.0874528255237499,4,28.222087949363505,5,2.3744173704237435,3.0618195095099727,0.6733722937285274
福建,CEG2000_f4_r0019_c0109,1,37.1873471973694,,,,8,37.58107131022782,4,,3.020966557660951,0.4325700343044539
福建,CEG2000_f4_r0019_c0109,2,32.45610313402945,37.1873471973694,-4.73124406333995,-0.1272272538890495,6,32.90157962979566,2,-4.748834740847485,3.020966557660951,0.4325700343044539
福建,CEG2000_f4_r0019_c0109,3,34.84914494685475,32.45610313402945,2.3930418128253024,0.07373164310401316,7,35.241325470011745,5,2.3744173704237435,3.020966557660951,0.4325700343044539
福建,CEG2000_f4_r0019_c0109,4,28.54186316008311,34.84914494685475,-6.3072817867716395,-0.18098813604724878,4,28.222087949363505,1,-7.1232521112712295,3.020966557660951,0.4325700343044539
福建,CEG2000_f4_r0019_c0109,5,31.184406633206663,28.54186316008311,2.6425434731235526,0.09258482735700488,5,30.561833789579588,5,2.3744173704237435,3.020966557660951,0.4325700343044539
福建,CEG2000_f4_r0019_c0109,6,19.838712072181124,31.184406633206663,-11.345694561025539,-0.3638258920387504,0,18.86310458849919,0,-9.497669481694972,3.020966557660951,0.4325700343044539
福建,CEG2000_f4_r0019_c0109,7,22.17453961401474,19.838712072181124,2.3358275418336163,0.11774088626998298,1,21.202850428715273,5,2.3744173704237435,3.020966557660951,0.4325700343044539
福建,CEG2000_f4_r0019_c0109,8,18.884287508361393,22.17453961401474,-3.290252105653348,-0.14837972570911212,0,18.86310458849919,3,-2.3744173704237426,3.020966557660951,0.4325700343044539
福建,CEG2000_f4_r0019_c0109,9,28.18243756697046,18.884287508361393,9.298150058609068,0.4923749468700965,4,28.222087949363505,8,9.497669481694972,3.020966557660951,0.4325700343044539
福建,CEG2000_f4_r0019_c0109,10,26.063402208581188,28.18243756697046,-2.1190353583892723,-0.07518992469525634,3,25.88234210914743,3,-2.3744173704237426,3.020966557660951,0.4325700343044539
福建,CEG2000_f4_r0019_c0109,11,27.64164078588365,26.063402208581188,1.5782385773024608,0.06055382043649071,4,28.222087949363505,5,2.3744173704237435,3.020966557660951,0.4325700343044539
福建,CEG2000_f4_r0019_c0109,12,31.430092220109103,27.64164078588365,3.788451434225454,0.1370559535004226,5,30.561833789579588,6,4.748834740847487,3.020966557660951,0.4325700343044539
福建,CEG2000_f4_r0019_c0110,1,35.22986807486644,,,,7,35.241325470011745,4,,2.8960688024363197,0.2298433446891671
福建,CEG2000_f4_r0019_c0110,2,32.19079791613638,35.22986807486644,-3.0390701587300555,-0.0862640232507194,6,32.90157962979566,3,-2.3744173704237426,2.8960688024363197,0.2298433446891671
福建,CEG2000_f4_r0019_c0110,3,35.54110043550385,32.19079791613638,3.3503025193674674,0.10407640494329129,7,35.241325470011745,5,2.3744173704237435,2.8960688024363197,0.2298433446891671
福建,CEG2000_f4_r0019_c0110,4,27.76414816244403,35.54110043550385,-7.77695227305982,-0.2188157422748514,4,28.222087949363505,1,-7.1232521112712295,2.8960688024363197,0.2298433446891671
福建,CEG2000_f4_r0019_c0110,5,30.414816451754003,27.76414816244403,2.650668289309973,0.09547090275564353,5,30.561833789579588,5,2.3744173704237435,2.8960688024363197,0.2298433446891671
福建,CEG2000_f4_r0019_c0110,6,18.372035715655223,30.414816451754003,-12.04278073609878,-0.39595112320345044,0,18.86310458849919,0,-9.497669481694972,2.8960688024363197,0.2298433446891671
福建,CEG2000_f4_r0019_c0110,7,20.0424055837334,18.372035715655223,1.670369868078179,0.09091914983894896,1,21.202850428715273,5,2.3744173704237435,2.8960688024363197,0.2298433446891671
福建,CEG2000_f4_r0019_c0110,8,17.5943143897927,20.0424055837334,-2.4480911939407015,-0.12214557697243661,0,18.86310458849919,3,-2.3744173704237426,2.8960688024363197,0.2298433446891671
福建,CEG2000_f4_r0019_c0110,9,26.69189820606128,17.5943143897927,9.097583816268578,0.5170752104751817,3,25.88234210914743,8,9.497669481694972,2.8960688024363197,0.2298433446891671
福建,CEG2000_f4_r0019_c0110,10,24.8360817309274,26.69189820606128,-1.855816475133878,-0.06952733225666406,3,25.88234210914743,3,-2.3744173704237426,2.8960688024363197,0.2298433446891671
福建,CEG2000_f4_r0019_c0110,11,24.64078226719928,24.8360817309274,-0.19529946372811935,-0.007863537648328825,2,23.542596268931348,4,0.0,2.8960688024363197,0.2298433446891671
福建,CEG2000_f4_r0019_c0110,12,26.92492072768315,24.64078226719928,2.28413846048387,0.0926974815862244,3,25.88234210914743,5,2.3744173704237435,2.8960688024363197,0.2298433446891671
福建,CEG2000_f4_r0019_c0111,1,35.14483769037891,,,,7,35.241325470011745,4,,1.3086282458512404,0.0430951893947546
福建,CEG2000_f4_r0019_c0111,2,30.59130520392268,35.14483769037891,-4.553532486456227,-0.12956476073590692,5,30.561833789579588,2,-4.748834740847485,1.3086282458512404,0.0430951893947546
福建,CEG2000_f4_r0019_c0111,3,35.435023318645015,30.59130520392268,4.843718114722336,0.15833643195129943,7,35.241325470011745,6,4.748834740847487,1.3086282458512404,0.0430951893947546
福建,CEG2000_f4_r0019_c0111,4,28.7848664829606,35.435023318645015,-6.650156835684417,-0.1876718628314059,4,28.222087949363505,1,-7.1232521112712295,1.3086282458512404,0.0430951893947546
福建,CEG2000_f4_r0019_c0111,5,30.73993557370171,28.7848664829606,1.9550690907411123,0.06792003332370602,5,30.561833789579588,5,2.3744173704237435,1.3086282458512404,0.0430951893947546
福建,CEG2000_f4_r0019_c0111,6,18.62210827429995,30.73993557370171,-12.11782729940176,-0.39420470710968797,0,18.86310458849919,0,-9.497669481694972,1.3086282458512404,0.0430951893947546
福建,CEG2000_f4_r0019_c0111,7,19.886703258005845,18.62210827429995,1.2645949837058943,0.06790826071241031,0,18.86310458849919,5,2.3744173704237435,1.3086282458512404,0.0430951893947546
福建,CEG2000_f4_r0019_c0111,8,17.45138816781864,19.886703258005845,-2.4353150901872063,-0.1224594674437461,0,18.86310458849919,3,-2.3744173704237426,1.3086282458512404,0.0430951893947546
福建,CEG2000_f4_r0019_c0111,9,25.95573456498348,17.45138816781864,8.504346397164841,0.487316327812096,3,25.88234210914743,8,9.497669481694972,1.3086282458512404,0.0430951893947546
福建,CEG2000_f4_r0019_c0111,10,25.544518717817464,25.95573456498348,-0.4112158471660159,-0.015842967038227514,3,25.88234210914743,4,0.0,1.3086282458512404,0.0430951893947546
福建,CEG2000_f4_r0019_c0111,11,24.88415186732087,25.544518717817464,-0.6603668504965938,-0.02585160667114013,3,25.88234210914743,4,0.0,1.3086282458512404,0.0430951893947546
福建,CEG2000_f4_r0019_c0111,12,26.784334770688552,24.88415186732087,1.900182903367682,0.07636116808397632,3,25.88234210914743,5,2.3744173704237435,1.3086282458512404,0.0430951893947546
福建,CEG2000_f4_r0019_c0112,1,34.82654097933167,,,,7,35.241325470011745,4,,0.217385820118139,0.1853848040442716
福建,CEG2000_f4_r0019_c0112,2,30.445472949463355,34.82654097933167,-4.381068029868313,-0.1257968177910153,5,30.561833789579588,2,-4.748834740847485,0.217385820118139,0.1853848040442716
福建,CEG2000_f4_r0019_c0112,3,35.00430213366348,30.445472949463355,4.558829184200125,0.1497375058606367,7,35.241325470011745,6,4.748834740847487,0.217385820118139,0.1853848040442716
福建,CEG2000_f4_r0019_c0112,4,29.041493170218576,35.00430213366348,-5.962808963444903,-0.17034503189567937,4,28.222087949363505,1,-7.1232521112712295,0.217385820118139,0.1853848040442716
福建,CEG2000_f4_r0019_c0112,5,30.289022610831815,29.041493170218576,1.2475294406132384,0.042956794036077765,5,30.561833789579588,5,2.3744173704237435,0.217385820118139,0.1853848040442716
福建,CEG2000_f4_r0019_c0112,6,19.5187815258656,30.289022610831815,-10.770241084966216,-0.3555823251000055,0,18.86310458849919,0,-9.497669481694972,0.217385820118139,0.1853848040442716
福建,CEG2000_f4_r0019_c0112,7,19.86556401144508,19.5187815258656,0.34678248557948166,0.017766605211495284,0,18.86310458849919,4,0.0,0.217385820118139,0.1853848040442716
福建,CEG2000_f4_r0019_c0112,8,17.30561975875196,19.86556401144508,-2.5599442526931213,-0.1288634066074474,0,18.86310458849919,3,-2.3744173704237426,0.217385820118139,0.1853848040442716
福建,CEG2000_f4_r0019_c0112,9,24.849216272915065,17.30561975875196,7.543596514163106,0.4359044414082939,3,25.88234210914743,7,7.1232521112712295,0.217385820118139,0.1853848040442716
福建,CEG2000_f4_r0019_c0112,10,25.872350073132225,24.849216272915065,1.0231338002171597,0.04117368487521863,3,25.88234210914743,4,0.0,0.217385820118139,0.1853848040442716
福建,CEG2000_f4_r0019_c0112,11,23.81641813744008,25.872350073132225,-2.0559319356921435,-0.07946444485640972,2,23.542596268931348,3,-2.3744173704237426,0.217385820118139,0.1853848040442716
福建,CEG2000_f4_r0019_c0112,12,26.06431829029918,23.81641813744008,2.247900152859099,0.0943844762838345,3,25.88234210914743,5,2.3744173704237435,0.217385820118139,0.1853848040442716
福建,CEG2000_f4_r0019_c0113,1,35.17543103709104,,,,7,35.241325470011745,4,,0.1133228739553203,0.3889042972301613
福建,CEG2000_f4_r0019_c0113,2,30.58715448085958,35.17543103709104,-4.588276556231456,-0.1304398104288561,5,30.561833789579588,2,-4.748834740847485,0.1133228739553203,0.3889042972301613
福建,CEG2000_f4_r0019_c0113,3,35.50935486759634,30.58715448085958,4.922200386736762,0.16092377569207722,7,35.241325470011745,6,4.748834740847487,0.1133228739553203,0.3889042972301613
福建,CEG2000_f4_r0019_c0113,4,30.658802407445716,35.50935486759634,-4.850552460150627,-0.1365992842797869,5,30.561833789579588,2,-4.748834740847485,0.1133228739553203,0.3889042972301613
福建,CEG2000_f4_r0019_c0113,5,30.570608215915257,30.658802407445716,-0.08819419153045871,-0.0028766352435553744,5,30.561833789579588,4,0.0,0.1133228739553203,0.3889042972301613
福建,CEG2000_f4_r0019_c0113,6,20.561384164120454,30.570608215915257,-10.009224051794803,-0.32741331088676,1,21.202850428715273,0,-9.497669481694972,0.1133228739553203,0.3889042972301613
福建,CEG2000_f4_r0019_c0113,7,21.005976955287217,20.561384164120454,0.4445927911667624,0.0216227072855618,1,21.202850428715273,4,0.0,0.1133228739553203,0.3889042972301613
福建,CEG2000_f4_r0019_c0113,8,17.91170768165569,21.005976955287217,-3.094269273631525,-0.14730423061102596,0,18.86310458849919,3,-2.3744173704237426,0.1133228739553203,0.3889042972301613
福建,CEG2000_f4_r0019_c0113,9,23.71848173233139,17.91170768165569,5.806774050675699,0.3241887459241375,2,23.542596268931348,6,4.748834740847487,0.1133228739553203,0.3889042972301613
福建,CEG2000_f4_r0019_c0113,10,26.16193544716873,23.71848173233139,2.4434537148373394,0.1030189766112471,3,25.88234210914743,5,2.3744173704237435,0.1133228739553203,0.3889042972301613
福建,CEG2000_f4_r0019_c0113,11,24.144551741309915,26.16193544716873,-2.0173837058588155,-0.07711140905200646,2,23.542596268931348,3,-2.3744173704237426,0.1133228739553203,0.3889042972301613
福建,CEG2000_f4_r0019_c0113,12,26.307923822276663,24.144551741309915,2.1633720809667487,0.08960083848917956,3,25.88234210914743,5,2.3744173704237435,0.1133228739553203,0.3889042972301613
福建,CEG2000_f4_r0019_c0114,1,36.83399331263124,,,,8,37.58107131022782,4,,0.0765042991335658,0.5547881067637537
福建,CEG2000_f4_r0019_c0114,2,31.60353133444257,36.83399331263124,-5.230461978188671,-0.14200094824893783,5,30.561833789579588,2,-4.748834740847485,0.0765042991335658,0.5547881067637537
福建,CEG2000_f4_r0019_c0114,3,37.90757216052454,31.60353133444257,6.304040826081966,0.19947267156223186,8,37.58107131022782,7,7.1232521112712295,0.0765042991335658,0.5547881067637537
福建,CEG2000_f4_r0019_c0114,4,35.030407822213455,37.90757216052454,-2.8771643383110828,-0.07589946214775657,7,35.241325470011745,3,-2.3744173704237426,0.0765042991335658,0.5547881067637537
福建,CEG2000_f4_r0019_c0114,5,32.097386644540194,35.030407822213455,-2.933021177673261,-0.08372786273454047,6,32.90157962979566,3,-2.3744173704237426,0.0765042991335658,0.5547881067637537
福建,CEG2000_f4_r0019_c0114,6,22.84060659341113,32.097386644540194,-9.256780051129063,-0.2883966895386996,2,23.542596268931348,0,-9.497669481694972,0.0765042991335658,0.5547881067637537
福建,CEG2000_f4_r0019_c0114,7,23.073959595716783,22.84060659341113,0.2333530023056518,0.010216585157285952,2,23.542596268931348,4,0.0,0.0765042991335658,0.5547881067637537
福建,CEG2000_f4_r0019_c0114,8,19.91891450014926,23.073959595716783,-3.155045095567523,-0.1367361801289274,0,18.86310458849919,3,-2.3744173704237426,0.0765042991335658,0.5547881067637537
福建,CEG2000_f4_r0019_c0114,9,24.828490462388356,19.91891450014926,4.909575962239096,0.24647808806058716,3,25.88234210914743,6,4.748834740847487,0.0765042991335658,0.5547881067637537
福建,CEG2000_f4_r0019_c0114,10,26.01612287377843,24.828490462388356,1.187632411390073,0.047833452186276396,3,25.88234210914743,5,2.3744173704237435,0.0765042991335658,0.5547881067637537
福建,CEG2000_f4_r0019_c0114,11,24.95901392450356,26.01612287377843,-1.0571089492748698,-0.04063283965883812,3,25.88234210914743,4,0.0,0.0765042991335658,0.5547881067637537
福建,CEG2000_f4_r0019_c0114,12,27.981241478431546,24.95901392450356,3.022227553927987,0.12108761840790952,4,28.222087949363505,5,2.3744173704237435,0.0765042991335658,0.5547881067637537
福建,CEG2000_f4_r0020_c0107,1,36.858371501884015,,,,8,37.58107131022782,4,,2.8058397339573498,0.9585136248618245
福建,CEG2000_f4_r0020_c0107,2,35.06527268267359,36.858371501884015,-1.793098819210428,-0.04864834625476532,7,35.241325470011745,3,-2.3744173704237426,2.8058397339573498,0.9585136248618245
福建,CEG2000_f4_r0020_c0107,3,33.92721094287733,35.06527268267359,-1.1380617397962567,-0.03245552230821791,6,32.90157962979566,4,0.0,2.8058397339573498,0.9585136248618245
福建,CEG2000_f4_r0020_c0107,4,28.35454928036045,33.92721094287733,-5.572661662516879,-0.16425345637457422,4,28.222087949363505,2,-4.748834740847485,2.8058397339573498,0.9585136248618245
福建,CEG2000_f4_r0020_c0107,5,29.59509406051582,28.35454928036045,1.2405447801553677,0.04375117262098823,5,30.561833789579588,5,2.3744173704237435,2.8058397339573498,0.9585136248618245
福建,CEG2000_f4_r0020_c0107,6,19.24499332675789,29.59509406051582,-10.35010073375793,-0.34972352892658914,0,18.86310458849919,0,-9.497669481694972,2.8058397339573498,0.9585136248618245
福建,CEG2000_f4_r0020_c0107,7,20.552450715315665,19.24499332675789,1.3074573885577756,0.06793753400474868,1,21.202850428715273,5,2.3744173704237435,2.8058397339573498,0.9585136248618245
福建,CEG2000_f4_r0020_c0107,8,18.345945569879692,20.552450715315665,-2.2065051454359725,-0.1073597098467526,0,18.86310458849919,3,-2.3744173704237426,2.8058397339573498,0.9585136248618245
福建,CEG2000_f4_r0020_c0107,9,27.675978825844005,18.345945569879692,9.330033255964313,0.5085610452961513,4,28.222087949363505,8,9.497669481694972,2.8058397339573498,0.9585136248618245
福建,CEG2000_f4_r0020_c0107,10,25.44019716141328,27.675978825844005,-2.235781664430725,-0.08078419478854847,3,25.88234210914743,3,-2.3744173704237426,2.8058397339573498,0.9585136248618245
福建,CEG2000_f4_r0020_c0107,11,25.21693722529147,25.44019716141328,-0.22325993612180994,-0.008775872871788985,3,25.88234210914743,4,0.0,2.8058397339573498,0.9585136248618245
福建,CEG2000_f4_r0020_c0107,12,27.253007239036293,25.21693722529147,2.0360700137448227,0.0807421613320564,4,28.222087949363505,5,2.3744173704237435,2.8058397339573498,0.9585136248618245
福建,CEG2000_f4_r0020_c0108,1,36.846282405097945,,,,8,37.58107131022782,4,,2.7114312787605255,0.734776492560393
福建,CEG2000_f4_r0020_c0108,2,37.67674180217122,36.846282405097945,0.8304593970732768,0.022538485373991946,8,37.58107131022782,4,0.0,2.7114312787605255,0.734776492560393
福建,CEG2000_f4_r0020_c0108,3,34.163960365346036,37.67674180217122,-3.512781436825186,-0.09323474559636027,7,35.241325470011745,3,-2.3744173704237426,2.7114312787605255,0.734776492560393
福建,CEG2000_f4_r0020_c0108,4,27.548461138672177,34.163960365346036,-6.615499226673858,-0.19363970558238447,4,28.222087949363505,1,-7.1232521112712295,2.7114312787605255,0.734776492560393
福建,CEG2000_f4_r0020_c0108,5,29.40448217447837,27.548461138672177,1.8560210358061937,0.06737294785590528,5,30.561833789579588,5,2.3744173704237435,2.7114312787605255,0.734776492560393
福建,CEG2000_f4_r0020_c0108,6,19.241776819805764,29.40448217447837,-10.162705354672607,-0.3456175590636087,0,18.86310458849919,0,-9.497669481694972,2.7114312787605255,0.734776492560393
福建,CEG2000_f4_r0020_c0108,7,20.213181306350403,19.241776819805764,0.971404486544639,0.05048413645172113,1,21.202850428715273,4,0.0,2.7114312787605255,0.734776492560393
福建,CEG2000_f4_r0020_c0108,8,18.30034297060141,20.213181306350403,-1.9128383357489938,-0.09463321516579058,0,18.86310458849919,3,-2.3744173704237426,2.7114312787605255,0.734776492560393
福建,CEG2000_f4_r0020_c0108,9,26.667187646955803,18.30034297060141,8.366844676354393,0.45719605855449336,3,25.88234210914743,8,9.497669481694972,2.7114312787605255,0.734776492560393
福建,CEG2000_f4_r0020_c0108,10,25.405138081497142,26.667187646955803,-1.2620495654586605,-0.04732593410924343,3,25.88234210914743,3,-2.3744173704237426,2.7114312787605255,0.734776492560393
福建,CEG2000_f4_r0020_c0108,11,25.528019443467215,25.405138081497142,0.12288136197007304,0.004836870462025513,3,25.88234210914743,4,0.0,2.7114312787605255,0.734776492560393
福建,CEG2000_f4_r0020_c0108,12,27.57490592408657,25.528019443467215,2.046886480619353,0.08018195399577559,4,28.222087949363505,5,2.3744173704237435,2.7114312787605255,0.734776492560393
福建,CEG2000_f4_r0020_c0109,1,37.10134810158471,,,,8,37.58107131022782,4,,2.5337665937543172,0.5372389558406304
福建,CEG2000_f4_r0020_c0109,2,36.79772284504831,37.10134810158471,-0.3036252565363995,-0.008183671809042182,8,37.58107131022782,4,0.0,2.5337665937543172,0.5372389558406304
福建,CEG2000_f4_r0020_c0109,3,34.81650216614414,36.79772284504831,-1.9812206789041724,-0.05384085007778614,7,35.241325470011745,3,-2.3744173704237426,2.5337665937543172,0.5372389558406304
福建,CEG2000_f4_r0020_c0109,4,27.897743570121857,34.81650216614414,-6.918758596022283,-0.19872066880831418,4,28.222087949363505,1,-7.1232521112712295,2.5337665937543172,0.5372389558406304
福建,CEG2000_f4_r0020_c0109,5,30.41206521097483,27.897743570121857,2.514321640852973,0.09012634425193372,5,30.561833789579588,5,2.3744173704237435,2.5337665937543172,0.5372389558406304
福建,CEG2000_f4_r0020_c0109,6,19.085311243597353,30.41206521097483,-11.326753967377478,-0.3724427752209995,0,18.86310458849919,0,-9.497669481694972,2.5337665937543172,0.5372389558406304
福建,CEG2000_f4_r0020_c0109,7,21.09418464420531,19.085311243597353,2.008873400607957,0.10525756562036073,1,21.202850428715273,5,2.3744173704237435,2.5337665937543172,0.5372389558406304
福建,CEG2000_f4_r0020_c0109,8,18.72036962058911,21.09418464420531,-2.3738150236161992,-0.11253409712938582,0,18.86310458849919,3,-2.3744173704237426,2.5337665937543172,0.5372389558406304
福建,CEG2000_f4_r0020_c0109,9,26.81788731492852,18.72036962058911,8.097517694339409,0.43255116530570875,3,25.88234210914743,7,7.1232521112712295,2.5337665937543172,0.5372389558406304
福建,CEG2000_f4_r0020_c0109,10,25.199482708347116,26.81788731492852,-1.6184046065814037,-0.06034795312457362,3,25.88234210914743,3,-2.3744173704237426,2.5337665937543172,0.5372389558406304
福建,CEG2000_f4_r0020_c0109,11,25.912625134974046,25.199482708347116,0.7131424266269306,0.02829988356827294,3,25.88234210914743,4,0.0,2.5337665937543172,0.5372389558406304
福建,CEG2000_f4_r0020_c0109,12,28.433557130988593,25.912625134974046,2.5209319960145464,0.09728585903139803,4,28.222087949363505,5,2.3744173704237435,2.5337665937543172,0.5372389558406304
福建,CEG2000_f4_r0020_c0110,1,37.35307030136344,,,,8,37.58107131022782,4,,2.178385721207726,0.3494951165358497
福建,CEG2000_f4_r0020_c0110,2,36.04918339463284,37.35307030136344,-1.3038869067305967,-0.034907087856791336,7,35.241325470011745,3,-2.3744173704237426,2.178385721207726,0.3494951165358497
福建,CEG2000_f4_r0020_c0110,3,36.12696094523424,36.04918339463284,0.07777755060139668,0.002157539874064846,7,35.241325470011745,4,0.0,2.178385721207726,0.3494951165358497
福建,CEG2000_f4_r0020_c0110,4,28.984396683998114,36.12696094523424,-7.142564261236124,-0.19770730984163645,4,28.222087949363505,1,-7.1232521112712295,2.178385721207726,0.3494951165358497
福建,CEG2000_f4_r0020_c0110,5,33.01489179709762,28.984396683998114,4.030495113099505,0.1390574093034231,6,32.90157962979566,6,4.748834740847487,2.178385721207726,0.3494951165358497
福建,CEG2000_f4_r0020_c0110,6,19.434978603470334,33.01489179709762,-13.579913193627284,-0.4113269029347875,0,18.86310458849919,0,-9.497669481694972,2.178385721207726,0.3494951165358497
福建,CEG2000_f4_r0020_c0110,7,22.22529787035449,19.434978603470334,2.790319266884154,0.14357202669551233,1,21.202850428715273,5,2.3744173704237435,2.178385721207726,0.3494951165358497
福建,CEG2000_f4_r0020_c0110,8,18.868772736610847,22.22529787035449,-3.3565251337436415,-0.15102272884363846,0,18.86310458849919,3,-2.3744173704237426,2.178385721207726,0.3494951165358497
福建,CEG2000_f4_r0020_c0110,9,28.213391716817178,18.868772736610847,9.34461898020633,0.49524254230245096,4,28.222087949363505,8,9.497669481694972,2.178385721207726,0.3494951165358497
福建,CEG2000_f4_r0020_c0110,10,26.351018575398417,28.213391716817178,-1.862373141418761,-0.0660102535743214,3,25.88234210914743,3,-2.3744173704237426,2.178385721207726,0.3494951165358497
福建,CEG2000_f4_r0020_c0110,11,26.528688040190143,26.351018575398417,0.17766946479172674,0.006742413553516326,3,25.88234210914743,4,0.0,2.178385721207726,0.3494951165358497
福建,CEG2000_f4_r0020_c0110,12,29.441004927470026,26.528688040190143,2.912316887279882,0.10977990629871376,5,30.561833789579588,5,2.3744173704237435,2.178385721207726,0.3494951165358497
福建,CEG2000_f4_r0020_c0111,1,36.54731259923738,,,,8,37.58107131022782,4,,1.5240748245651583,0.2356053605800647
福建,CEG2000_f4_r0020_c0111,2,35.26057378206037,36.54731259923738,-1.2867388171770102,-0.035207481088605684,7,35.241325470011745,3,-2.3744173704237426,1.5240748245651583,0.2356053605800647
福建,CEG2000_f4_r0020_c0111,3,37.1255218806708,35.26057378206037,1.8649480986104336,0.05289046372691953,8,37.58107131022782,5,2.3744173704237435,1.5240748245651583,0.2356053605800647
福建,CEG2000_f4_r0020_c0111,4,29.975423970928784,37.1255218806708,-7.150097909742019,-0.1925925225434926,5,30.561833789579588,1,-7.1232521112712295,1.5240748245651583,0.2356053605800647
福建,CEG2000_f4_r0020_c0111,5,33.21813304026058,29.975423970928784,3.2427090693317986,0.10817892258927485,6,32.90157962979566,5,2.3744173704237435,1.5240748245651583,0.2356053605800647
福建,CEG2000_f4_r0020_c0111,6,19.329553063950932,33.21813304026058,-13.88857997630965,-0.41810236473785584,0,18.86310458849919,0,-9.497669481694972,1.5240748245651583,0.2356053605800647
福建,CEG2000_f4_r0020_c0111,7,22.7340434285761,19.329553063950932,3.4044903646251683,0.17612876786967446,2,23.542596268931348,5,2.3744173704237435,1.5240748245651583,0.2356053605800647
福建,CEG2000_f4_r0020_c0111,8,18.69482708480059,22.7340434285761,-4.039216343775511,-0.17767258853294532,0,18.86310458849919,2,-4.748834740847485,1.5240748245651583,0.2356053605800647
福建,CEG2000_f4_r0020_c0111,9,27.699074963914125,18.69482708480059,9.004247879113535,0.4816438172051475,4,28.222087949363505,8,9.497669481694972,1.5240748245651583,0.2356053605800647
福建,CEG2000_f4_r0020_c0111,10,26.785427301264743,27.699074963914125,-0.9136476626493817,-0.03298477165174888,3,25.88234210914743,4,0.0,1.5240748245651583,0.2356053605800647
福建,CEG2000_f4_r0020_c0111,11,26.49487488972924,26.785427301264743,-0.29055241153550426,-0.010847406250703533,3,25.88234210914743,4,0.0,1.5240748245651583,0.2356053605800647
福建,CEG2000_f4_r0020_c0111,12,28.79240395346756,26.49487488972924,2.2975290637383203,0.08671598085669616,4,28.222087949363505,5,2.3744173704237435,1.5240748245651583,0.2356053605800647
福建,CEG2000_f4_r0020_c0112,1,35.3297190327888,,,,7,35.241325470011745,4,,0.902894317094512,0.2929317488999938
福建,CEG2000_f4_r0020_c0112,2,31.738380620553173,35.3297190327888,-3.591338412235629,-0.10165205131981322,6,32.90157962979566,2,-4.748834740847485,0.902894317094512,0.2929317488999938
福建,CEG2000_f4_r0020_c0112,3,37.06855501557274,31.738380620553173,5.330174395019569,0.16794096897205427,8,37.58107131022782,6,4.748834740847487,0.902894317094512,0.2929317488999938
福建,CEG2000_f4_r0020_c0112,4,29.378024272092205,37.06855501557274,-7.690530743480537,-0.20746777801966368,4,28.222087949363505,1,-7.1232521112712295,0.902894317094512,0.2929317488999938
福建,CEG2000_f4_r0020_c0112,5,31.471577378353697,29.378024272092205,2.093553106261492,0.0712625562179235,5,30.561833789579588,5,2.3744173704237435,0.902894317094512,0.2929317488999938
福建,CEG2000_f4_r0020_c0112,6,19.42334953966536,31.471577378353697,-12.048227838688337,-0.3828288520096602,0,18.86310458849919,0,-9.497669481694972,0.902894317094512,0.2929317488999938
福建,CEG2000_f4_r0020_c0112,7,21.061145578953617,19.42334953966536,1.6377960392882578,0.08432098881522136,1,21.202850428715273,5,2.3744173704237435,0.902894317094512,0.2929317488999938
福建,CEG2000_f4_r0020_c0112,8,17.627314119063417,21.061145578953617,-3.4338314598902,-0.16304105809522654,0,18.86310458849919,3,-2.3744173704237426,0.902894317094512,0.2929317488999938
福建,CEG2000_f4_r0020_c0112,9,25.528386541815735,17.627314119063417,7.901072422752318,0.44822894567967914,3,25.88234210914743,7,7.1232521112712295,0.902894317094512,0.2929317488999938
福建,CEG2000_f4_r0020_c0112,10,25.944880965295315,25.528386541815735,0.41649442347958043,0.016314952877940745,3,25.88234210914743,4,0.0,0.902894317094512,0.2929317488999938
福建,CEG2000_f4_r0020_c0112,11,25.494698701661115,25.944880965295315,-0.45018226363420055,-0.01735148695561095,3,25.88234210914743,4,0.0,0.902894317094512,0.2929317488999938
福建,CEG2000_f4_r0020_c0112,12,27.432007340319384,25.494698701661115,1.9373086386582692,0.07598868538626986,4,28.222087949363505,5,2.3744173704237435,0.902894317094512,0.2929317488999938
福建,CEG2000_f4_r0020_c0113,1,34.07147824098301,,,,7,35.241325470011745,4,,0.5786168951320856,0.3830776860765117
福建,CEG2000_f4_r0020_c0113,2,31.066314109136947,34.07147824098301,-3.0051641318460653,-0.08820175369530318,5,30.561833789579588,3,-2.3744173704237426,0.5786168951320856,0.3830776860765117
福建,CEG2000_f4_r0020_c0113,3,35.30227852906324,31.066314109136947,4.23596441992629,0.13635233343245076,7,35.241325470011745,6,4.748834740847487,0.5786168951320856,0.3830776860765117
福建,CEG2000_f4_r0020_c0113,4,28.458274692332353,35.30227852906324,-6.844003836730884,-0.19386861477217213,4,28.222087949363505,1,-7.1232521112712295,0.5786168951320856,0.3830776860765117
福建,CEG2000_f4_r0020_c0113,5,29.55217022289188,28.458274692332353,1.0938955305595286,0.03843857515558601,5,30.561833789579588,4,0.0,0.5786168951320856,0.3830776860765117
福建,CEG2000_f4_r0020_c0113,6,19.14567786190755,29.55217022289188,-10.40649236098433,-0.3521397001470704,0,18.86310458849919,0,-9.497669481694972,0.5786168951320856,0.3830776860765117
福建,CEG2000_f4_r0020_c0113,7,19.592874029920583,19.14567786190755,0.44719616801303275,0.02335755209288145,0,18.86310458849919,4,0.0,0.5786168951320856,0.3830776860765117
福建,CEG2000_f4_r0020_c0113,8,16.752375409591398,19.592874029920583,-2.8404986203291855,-0.1449761079457468,0,18.86310458849919,3,-2.3744173704237426,0.5786168951320856,0.3830776860765117
福建,CEG2000_f4_r0020_c0113,9,22.939816674118894,16.752375409591398,6.1874412645274965,0.3693470993364285,2,23.542596268931348,7,7.1232521112712295,0.5786168951320856,0.3830776860765117
福建,CEG2000_f4_r0020_c0113,10,24.95893507321911,22.939816674118894,2.019118399100215,0.08801807040499238,3,25.88234210914743,5,2.3744173704237435,0.5786168951320856,0.3830776860765117
福建,CEG2000_f4_r0020_c0113,11,23.97988067021355,24.95893507321911,-0.9790544030055592,-0.03922660963432221,2,23.542596268931348,4,0.0,0.5786168951320856,0.3830776860765117
福建,CEG2000_f4_r0020_c0113,12,25.66600763074968,23.97988067021355,1.6861269605361286,0.07031423482563615,3,25.88234210914743,5,2.3744173704237435,0.5786168951320856,0.3830776860765117
福建,CEG2000_f4_r0020_c0114,1,34.56136956696612,,,,7,35.241325470011745,4,,0.414456951593973,0.4764792139326692
福建,CEG2000_f4_r0020_c0114,2,31.55994271902493,34.56136956696612,-3.0014268479411896,-0.08684340017618873,5,30.561833789579588,3,-2.3744173704237426,0.414456951593973,0.4764792139326692
福建,CEG2000_f4_r0020_c0114,3,35.63308790104977,31.55994271902493,4.073145182024838,0.129060601227564,7,35.241325470011745,6,4.748834740847487,0.414456951593973,0.4764792139326692
福建,CEG2000_f4_r0020_c0114,4,30.580571679668587,35.63308790104977,-5.0525162213811825,-0.14179282568526239,5,30.561833789579588,2,-4.748834740847485,0.414456951593973,0.4764792139326692
福建,CEG2000_f4_r0020_c0114,5,30.2096012674499,30.580571679668587,-0.37097041221868565,-0.012130918156292164,5,30.561833789579588,4,0.0,0.414456951593973,0.4764792139326692
福建,CEG2000_f4_r0020_c0114,6,20.34080825404699,30.2096012674499,-9.868793013402911,-0.32667736743802345,1,21.202850428715273,0,-9.497669481694972,0.414456951593973,0.4764792139326692
福建,CEG2000_f4_r0020_c0114,7,20.015762194746703,20.34080825404699,-0.32504605930028774,-0.0159799972174467,0,18.86310458849919,4,0.0,0.414456951593973,0.4764792139326692
福建,CEG2000_f4_r0020_c0114,8,17.399588548899118,20.015762194746703,-2.616173645847585,-0.13070567187964596,0,18.86310458849919,3,-2.3744173704237426,0.414456951593973,0.4764792139326692
福建,CEG2000_f4_r0020_c0114,9,23.246147288271988,17.399588548899118,5.84655873937287,0.3360170686187166,2,23.542596268931348,6,4.748834740847487,0.414456951593973,0.4764792139326692
福建,CEG2000_f4_r0020_c0114,10,25.126779513106936,23.246147288271988,1.8806322248349474,0.08090081343430845,3,25.88234210914743,5,2.3744173704237435,0.414456951593973,0.4764792139326692
福建,CEG2000_f4_r0020_c0114,11,24.39425294942728,25.126779513106936,-0.7325265636796559,-0.029153221299114216,2,23.542596268931348,4,0.0,0.414456951593973,0.4764792139326692
福建,CEG2000_f4_r0020_c0114,12,26.61315654226425,24.39425294942728,2.21890359283697,0.09096009611104178,3,25.88234210914743,5,2.3744173704237435,0.414456951593973,0.4764792139326692
福建,CEG2000_f4_r0021_c0107,1,38.36436650508926,,,,8,37.58107131022782,4,,2.607197429243644,0.94365944414122
福建,CEG2000_f4_r0021_c0107,2,35.09591735833654,38.36436650508926,-3.2684491467527153,-0.08519492029978226,7,35.241325470011745,3,-2.3744173704237426,2.607197429243644,0.94365944414122
福建,CEG2000_f4_r0021_c0107,3,34.339270232875364,35.09591735833654,-0.7566471254611784,-0.02155940583446375,7,35.241325470011745,4,0.0,2.607197429243644,0.94365944414122
福建,CEG2000_f4_r0021_c0107,4,29.216023675278947,34.339270232875364,-5.123246557596417,-0.14919497481608032,4,28.222087949363505,2,-4.748834740847485,2.607197429243644,0.94365944414122
福建,CEG2000_f4_r0021_c0107,5,30.46408364942921,29.216023675278947,1.2480599741502623,0.042718337992254045,5,30.561833789579588,5,2.3744173704237435,2.607197429243644,0.94365944414122
福建,CEG2000_f4_r0021_c0107,6,19.269748613562935,30.46408364942921,-11.194335035866274,-0.367460093816937,0,18.86310458849919,0,-9.497669481694972,2.607197429243644,0.94365944414122
福建,CEG2000_f4_r0021_c0107,7,21.740451932113903,19.269748613562935,2.4707033185509673,0.12821668658469018,1,21.202850428715273,5,2.3744173704237435,2.607197429243644,0.94365944414122
福建,CEG2000_f4_r0021_c0107,8,18.856480203735114,21.740451932113903,-2.883971728378789,-0.13265463557906684,0,18.86310458849919,3,-2.3744173704237426,2.607197429243644,0.94365944414122
福建,CEG2000_f4_r0021_c0107,9,27.80531238713208,18.856480203735114,8.948832183396966,0.4745759593895138,4,28.222087949363505,8,9.497669481694972,2.607197429243644,0.94365944414122
福建,CEG2000_f4_r0021_c0107,10,26.03913815365101,27.80531238713208,-1.7661742334810704,-0.06351930914821989,3,25.88234210914743,3,-2.3744173704237426,2.607197429243644,0.94365944414122
福建,CEG2000_f4_r0021_c0107,11,25.365437144495186,26.03913815365101,-0.673701009155824,-0.025872630852083817,3,25.88234210914743,4,0.0,2.607197429243644,0.94365944414122
福建,CEG2000_f4_r0021_c0107,12,28.009082767104772,25.365437144495186,2.6436456226095864,0.1042223560962091,4,28.222087949363505,5,2.3744173704237435,2.607197429243644,0.94365944414122
福建,CEG2000_f4_r0021_c0108,1,38.63876014031437,,,,8,37.58107131022782,4,,2.4503340135080434,0.8835246760828571
福建,CEG2000_f4_r0021_c0108,2,37.03160413845338,38.63876014031437,-1.6071560018609858,-0.04159439888921627,8,37.58107131022782,3,-2.3744173704237426,2.4503340135080434,0.8835246760828571
福建,CEG2000_f4_r0021_c0108,3,34.21983347642148,37.03160413845338,-2.811770662031904,-0.0759289457599321,7,35.241325470011745,3,-2.3744173704237426,2.4503340135080434,0.8835246760828571
福建,CEG2000_f4_r0021_c0108,4,28.97029460951777,34.21983347642148,-5.249538866903709,-0.15340632415762057,4,28.222087949363505,2,-4.748834740847485,2.4503340135080434,0.8835246760828571
福建,CEG2000_f4_r0021_c0108,5,30.15780734600182,28.97029460951777,1.1875127364840523,0.040990702804034045,5,30.561833789579588,5,2.3744173704237435,2.4503340135080434,0.8835246760828571
福建,CEG2000_f4_r0021_c0108,6,19.223038465310413,30.15780734600182,-10.934768880691408,-0.36258501008499505,0,18.86310458849919,0,-9.497669481694972,2.4503340135080434,0.8835246760828571
福建,CEG2000_f4_r0021_c0108,7,20.85643626870795,19.223038465310413,1.6333978033975356,0.08497084403930935,1,21.202850428715273,5,2.3744173704237435,2.4503340135080434,0.8835246760828571
福建,CEG2000_f4_r0021_c0108,8,18.818905561584145,20.85643626870795,-2.0375307071238034,-0.09769313802573366,0,18.86310458849919,3,-2.3744173704237426,2.4503340135080434,0.8835246760828571
福建,CEG2000_f4_r0021_c0108,9,25.746927175003236,18.818905561584145,6.928021613419091,0.36814157926173796,3,25.88234210914743,7,7.1232521112712295,2.4503340135080434,0.8835246760828571
福建,CEG2000_f4_r0021_c0108,10,25.51442330659301,25.746927175003236,-0.23250386841022674,-0.009030354062443473,3,25.88234210914743,4,0.0,2.4503340135080434,0.8835246760828571
福建,CEG2000_f4_r0021_c0108,11,25.017210163773623,25.51442330659301,-0.4972131428193869,-0.019487532085073835,3,25.88234210914743,4,0.0,2.4503340135080434,0.8835246760828571
福建,CEG2000_f4_r0021_c0108,12,28.42638575461358,25.017210163773623,3.4091755908399577,0.13627321226155914,4,28.222087949363505,5,2.3744173704237435,2.4503340135080434,0.8835246760828571
福建,CEG2000_f4_r0021_c0109,1,37.74371518279019,,,,8,37.58107131022782,4,,2.237746546698511,0.7358705868418284
福建,CEG2000_f4_r0021_c0109,2,38.40114955211496,37.74371518279019,0.6574343693247684,0.0174183798849917,8,37.58107131022782,4,0.0,2.237746546698511,0.7358705868418284
福建,CEG2000_f4_r0021_c0109,3,33.52555112290114,38.40114955211496,-4.875598429213817,-0.1269649082404954,6,32.90157962979566,2,-4.748834740847485,2.237746546698511,0.7358705868418284
福建,CEG2000_f4_r0021_c0109,4,28.561332237490188,33.52555112290114,-4.964218885410954,-0.1480727003476438,4,28.222087949363505,2,-4.748834740847485,2.237746546698511,0.7358705868418284
福建,CEG2000_f4_r0021_c0109,5,31.043166300948084,28.561332237490188,2.481834063457896,0.08689489841794529,5,30.561833789579588,5,2.3744173704237435,2.237746546698511,0.7358705868418284
福建,CEG2000_f4_r0021_c0109,6,18.85306599228073,31.043166300948084,-12.190100308667354,-0.39268224737420093,0,18.86310458849919,0,-9.497669481694972,2.237746546698511,0.7358705868418284
福建,CEG2000_f4_r0021_c0109,7,20.88113642274799,18.85306599228073,2.0280704304672597,0.1075724463754405,1,21.202850428715273,5,2.3744173704237435,2.237746546698511,0.7358705868418284
福建,CEG2000_f4_r0021_c0109,8,19.135939402424068,20.88113642274799,-1.7451970203239213,-0.08357768394361416,0,18.86310458849919,3,-2.3744173704237426,2.237746546698511,0.7358705868418284
福建,CEG2000_f4_r0021_c0109,9,26.41627403010859,19.135939402424068,7.280334627684521,0.3804534741974714,3,25.88234210914743,7,7.1232521112712295,2.237746546698511,0.7358705868418284
福建,CEG2000_f4_r0021_c0109,10,25.680696933016858,26.41627403010859,-0.7355770970917312,-0.027845603670424504,3,25.88234210914743,4,0.0,2.237746546698511,0.7358705868418284
福建,CEG2000_f4_r0021_c0109,11,25.609243705864053,25.680696933016858,-0.071453227152805,-0.0027823710290720283,3,25.88234210914743,4,0.0,2.237746546698511,0.7358705868418284
福建,CEG2000_f4_r0021_c0109,12,28.693512150960895,25.609243705864053,3.0842684450968427,0.12043574892415121,4,28.222087949363505,5,2.3744173704237435,2.237746546698511,0.7358705868418284
福建,CEG2000_f4_r0021_c0110,1,37.86844133416003,,,,8,37.58107131022782,4,,1.9346836245116488,0.4685242428807154
福建,CEG2000_f4_r0021_c0110,2,39.30519059547043,37.86844133416003,1.4367492613103963,0.037940543911807276,8,37.58107131022782,5,2.3744173704237435,1.9346836245116488,0.4685242428807154
福建,CEG2000_f4_r0021_c0110,3,36.093158160083874,39.30519059547043,-3.212032435386554,-0.08172031191617507,7,35.241325470011745,3,-2.3744173704237426,1.9346836245116488,0.4685242428807154
福建,CEG2000_f4_r0021_c0110,4,29.398581924690305,36.093158160083874,-6.694576235393569,-0.18548047820313024,5,30.561833789579588,1,-7.1232521112712295,1.9346836245116488,0.4685242428807154
福建,CEG2000_f4_r0021_c0110,5,33.56228496497037,29.398581924690305,4.163703040280062,0.1416293837215049,6,32.90157962979566,6,4.748834740847487,1.9346836245116488,0.4685242428807154
福建,CEG2000_f4_r0021_c0110,6,19.389287702980745,33.56228496497037,-14.172997261989622,-0.4222894024284182,0,18.86310458849919,0,-9.497669481694972,1.9346836245116488,0.4685242428807154
福建,CEG2000_f4_r0021_c0110,7,22.48197961737228,19.389287702980745,3.0926919143915335,0.15950518460335647,2,23.542596268931348,5,2.3744173704237435,1.9346836245116488,0.4685242428807154
福建,CEG2000_f4_r0021_c0110,8,19.35512594499577,22.48197961737228,-3.126853672376509,-0.1390826664552407,0,18.86310458849919,3,-2.3744173704237426,1.9346836245116488,0.4685242428807154
福建,CEG2000_f4_r0021_c0110,9,28.216085645961737,19.35512594499577,8.860959700965967,0.45780945709924203,4,28.222087949363505,8,9.497669481694972,1.9346836245116488,0.4685242428807154
福建,CEG2000_f4_r0021_c0110,10,26.697570612946823,28.216085645961737,-1.5185150330149142,-0.05381735269974426,3,25.88234210914743,3,-2.3744173704237426,1.9346836245116488,0.4685242428807154
福建,CEG2000_f4_r0021_c0110,11,27.01311319099873,26.697570612946823,0.31554257805190744,0.011819149488414013,3,25.88234210914743,4,0.0,1.9346836245116488,0.4685242428807154
福建,CEG2000_f4_r0021_c0110,12,30.677781395080036,27.01311319099873,3.6646682040813054,0.13566256425795606,5,30.561833789579588,6,4.748834740847487,1.9346836245116488,0.4685242428807154
福建,CEG2000_f4_r0021_c0111,1,37.48610201271552,,,,8,37.58107131022782,4,,1.5451931471275655,0.4353555228886392
福建,CEG2000_f4_r0021_c0111,2,38.27060413993599,37.48610201271552,0.7845021272204704,0.020927812845260955,8,37.58107131022782,4,0.0,1.5451931471275655,0.4353555228886392
福建,CEG2000_f4_r0021_c0111,3,37.50228526447973,38.27060413993599,-0.7683188754562593,-0.0200759536652965,8,37.58107131022782,4,0.0,1.5451931471275655,0.4353555228886392
福建,CEG2000_f4_r0021_c0111,4,30.133478054443625,37.50228526447973,-7.368807210036106,-0.1964895514518276,5,30.561833789579588,1,-7.1232521112712295,1.5451931471275655,0.4353555228886392
福建,CEG2000_f4_r0021_c0111,5,34.06034041715449,30.133478054443625,3.9268623627108674,0.1303156029853578,6,32.90157962979566,6,4.748834740847487,1.5451931471275655,0.4353555228886392
福建,CEG2000_f4_r0021_c0111,6,19.145886314058853,34.06034041715449,-14.91445410309564,-0.4378832953643638,0,18.86310458849919,0,-9.497669481694972,1.5451931471275655,0.4353555228886392
福建,CEG2000_f4_r0021_c0111,7,23.646036294437263,19.145886314058853,4.50014998037841,0.23504526803096826,2,23.542596268931348,6,4.748834740847487,1.5451931471275655,0.4353555228886392
福建,CEG2000_f4_r0021_c0111,8,19.30893585705468,23.646036294437263,-4.337100437382581,-0.1834176512028312,0,18.86310458849919,2,-4.748834740847485,1.5451931471275655,0.4353555228886392
福建,CEG2000_f4_r0021_c0111,9,28.135835306650936,19.30893585705468,8.826899449596254,0.4571406479850764,4,28.222087949363505,8,9.497669481694972,1.5451931471275655,0.4353555228886392
福建,CEG2000_f4_r0021_c0111,10,27.201346913542665,28.135835306650936,-0.9344883931082713,-0.0332134583147553,4,28.222087949363505,4,0.0,1.5451931471275655,0.4353555228886392
福建,CEG2000_f4_r0021_c0111,11,27.370896230614385,27.201346913542665,0.16954931707171994,0.006233122117467899,4,28.222087949363505,4,0.0,1.5451931471275655,0.4353555228886392
福建,CEG2000_f4_r0021_c0111,12,30.14961408934589,27.370896230614385,2.778717858731504,0.10152089413950224,5,30.561833789579588,5,2.3744173704237435,1.5451931471275655,0.4353555228886392
福建,CEG2000_f4_r0021_c0112,1,35.11696909165624,,,,7,35.241325470011745,4,,1.1629581175663029,0.5872614542340999
福建,CEG2000_f4_r0021_c0112,2,36.38859974851652,35.11696909165624,1.2716306568602818,0.036211287299347826,7,35.241325470011745,5,2.3744173704237435,1.1629581175663029,0.5872614542340999
福建,CEG2000_f4_r0021_c0112,3,37.17252439331584,36.38859974851652,0.7839246447993204,0.021543138516377763,8,37.58107131022782,4,0.0,1.1629581175663029,0.5872614542340999
福建,CEG2000_f4_r0021_c0112,4,28.52415480201292,37.17252439331584,-8.64836959130292,-0.23265489047222263,4,28.222087949363505,0,-9.497669481694972,1.1629581175663029,0.5872614542340999
福建,CEG2000_f4_r0021_c0112,5,30.53890134416229,28.52415480201292,2.0147465421493713,0.07063299705578631,5,30.561833789579588,5,2.3744173704237435,1.1629581175663029,0.5872614542340999
福建,CEG2000_f4_r0021_c0112,6,18.171459948442273,30.53890134416229,-12.367441395720018,-0.40497335697651526,0,18.86310458849919,0,-9.497669481694972,1.1629581175663029,0.5872614542340999
福建,CEG2000_f4_r0021_c0112,7,21.61913769159741,18.171459948442273,3.447677743155136,0.18973036580094294,1,21.202850428715273,5,2.3744173704237435,1.1629581175663029,0.5872614542340999
福建,CEG2000_f4_r0021_c0112,8,18.10541374599688,21.61913769159741,-3.5137239456005283,-0.16252840403371815,0,18.86310458849919,3,-2.3744173704237426,1.1629581175663029,0.5872614542340999
福建,CEG2000_f4_r0021_c0112,9,25.179465654770787,18.10541374599688,7.074051908773907,0.3907147336159597,3,25.88234210914743,7,7.1232521112712295,1.1629581175663029,0.5872614542340999
福建,CEG2000_f4_r0021_c0112,10,25.068252564632836,25.179465654770787,-0.11121309013795155,-0.004416816927839764,3,25.88234210914743,4,0.0,1.1629581175663029,0.5872614542340999
福建,CEG2000_f4_r0021_c0112,11,24.833314603918616,25.068252564632836,-0.23493796071421968,-0.00937193209253358,3,25.88234210914743,4,0.0,1.1629581175663029,0.5872614542340999
福建,CEG2000_f4_r0021_c0112,12,26.641811048848645,24.833314603918616,1.8084964449300287,0.07282541512378915,3,25.88234210914743,5,2.3744173704237435,1.1629581175663029,0.5872614542340999
福建,CEG2000_f4_r0021_c0113,1,33.81990126759614,,,,6,32.90157962979566,4,,0.8730041749487235,0.5571814994698379
福建,CEG2000_f4_r0021_c0113,2,33.478420673908914,33.81990126759614,-0.3414805936872227,-0.010097031064203772,6,32.90157962979566,4,0.0,0.8730041749487235,0.5571814994698379
福建,CEG2000_f4_r0021_c0113,3,35.58267539746895,33.478420673908914,2.1042547235600324,0.06285406184647065,7,35.241325470011745,5,2.3744173704237435,0.8730041749487235,0.5571814994698379
福建,CEG2000_f4_r0021_c0113,4,27.294549317521465,35.58267539746895,-8.288126079947482,-0.232925882817036,4,28.222087949363505,1,-7.1232521112712295,0.8730041749487235,0.5571814994698379
福建,CEG2000_f4_r0021_c0113,5,28.361417463610657,27.294549317521465,1.0668681460891918,0.039087223374826945,4,28.222087949363505,4,0.0,0.8730041749487235,0.5571814994698379
福建,CEG2000_f4_r0021_c0113,6,18.13905475056061,28.361417463610657,-10.222362713050046,-0.3604320103593528,0,18.86310458849919,0,-9.497669481694972,0.8730041749487235,0.5571814994698379
福建,CEG2000_f4_r0021_c0113,7,19.13066461550485,18.13905475056061,0.9916098649442375,0.054667119019175495,0,18.86310458849919,4,0.0,0.8730041749487235,0.5571814994698379
福建,CEG2000_f4_r0021_c0113,8,16.50974560311667,19.13066461550485,-2.6209190123881783,-0.13700093881024913,0,18.86310458849919,3,-2.3744173704237426,0.8730041749487235,0.5571814994698379
福建,CEG2000_f4_r0021_c0113,9,22.56161470585673,16.50974560311667,6.05186910274006,0.3665634376339271,2,23.542596268931348,7,7.1232521112712295,0.8730041749487235,0.5571814994698379
福建,CEG2000_f4_r0021_c0113,10,23.28212737356778,22.56161470585673,0.7205126677110485,0.031935332515186154,2,23.542596268931348,4,0.0,0.8730041749487235,0.5571814994698379
福建,CEG2000_f4_r0021_c0113,11,23.37073424416317,23.28212737356778,0.08860687059539174,0.0038057892723320124,2,23.542596268931348,4,0.0,0.8730041749487235,0.5571814994698379
福建,CEG2000_f4_r0021_c0113,12,25.28357454386751,23.37073424416317,1.9128402997043388,0.08184767665919909,3,25.88234210914743,5,2.3744173704237435,0.8730041749487235,0.5571814994698379
福建,CEG2000_f4_r0021_c0114,1,34.59015753117685,,,,7,35.241325470011745,4,,0.6767052051257619,0.6555561269616218
福建,CEG2000_f4_r0021_c0114,2,34.329296609995716,34.59015753117685,-0.26086092118113413,-0.007541478264330384,7,35.241325470011745,4,0.0,0.6767052051257619,0.6555561269616218
福建,CEG2000_f4_r0021_c0114,3,36.85440128279742,34.329296609995716,2.525104672801703,0.07355538627804172,8,37.58107131022782,5,2.3744173704237435,0.6767052051257619,0.6555561269616218
福建,CEG2000_f4_r0021_c0114,4,29.47673043772264,36.85440128279742,-7.377670845074778,-0.20018425447921911,5,30.561833789579588,1,-7.1232521112712295,0.6767052051257619,0.6555561269616218
福建,CEG2000_f4_r0021_c0114,5,29.38652132136964,29.47673043772264,-0.09020911635300166,-0.0030603501478426243,4,28.222087949363505,4,0.0,0.6767052051257619,0.6555561269616218
福建,CEG2000_f4_r0021_c0114,6,19.394749954399057,29.38652132136964,-9.991771366970582,-0.34001205034447707,0,18.86310458849919,0,-9.497669481694972,0.6767052051257619,0.6555561269616218
福建,CEG2000_f4_r0021_c0114,7,19.801149881310277,19.394749954399057,0.4063999269112202,0.02095412046387542,0,18.86310458849919,4,0.0,0.6767052051257619,0.6555561269616218
福建,CEG2000_f4_r0021_c0114,8,17.08144174898246,19.801149881310277,-2.719708132327817,-0.13735101994732485,0,18.86310458849919,3,-2.3744173704237426,0.6767052051257619,0.6555561269616218
福建,CEG2000_f4_r0021_c0114,9,22.739613410896336,17.08144174898246,5.658171661913876,0.331246726421728,2,23.542596268931348,6,4.748834740847487,0.6767052051257619,0.6555561269616218
福建,CEG2000_f4_r0021_c0114,10,24.688517948233052,22.739613410896336,1.9489045373367162,0.08570526253550304,2,23.542596268931348,5,2.3744173704237435,0.6767052051257619,0.6555561269616218
福建,CEG2000_f4_r0021_c0114,11,24.837807665032994,24.688517948233052,0.14928971679994163,0.0060469290669035985,3,25.88234210914743,4,0.0,0.6767052051257619,0.6555561269616218
福建,CEG2000_f4_r0021_c0114,12,26.579824306264783,24.837807665032994,1.742016641231789,0.07013568446639612,3,25.88234210914743,5,2.3744173704237435,0.6767052051257619,0.6555561269616218
福建,CEG2000_f4_r0021_c0115,1,36.8526100816549,,,,8,37.58107131022782,4,,0.5825199522903777,0.7423094899853585
福建,CEG2000_f4_r0021_c0115,2,35.03950427409051,36.8526100816549,-1.8131058075643907,-0.049198843814510396,7,35.241325470011745,3,-2.3744173704237426,0.5825199522903777,0.7423094899853585
福建,CEG2000_f4_r0021_c0115,3,40.921266814288224,35.03950427409051,5.8817625401977125,0.16786089478288946,8,37.58107131022782,6,4.748834740847487,0.5825199522903777,0.7423094899853585
福建,CEG2000_f4_r0021_c0115,4,33.17246474973039,40.921266814288224,-7.748802064557836,-0.18935880210463657,6,32.90157962979566,1,-7.1232521112712295,0.5825199522903777,0.7423094899853585
福建,CEG2000_f4_r0021_c0115,5,31.547184669511932,33.17246474973039,-1.625280080218456,-0.04899485439144722,5,30.561833789579588,3,-2.3744173704237426,0.5825199522903777,0.7423094899853585
福建,CEG2000_f4_r0021_c0115,6,20.755799675763377,31.547184669511932,-10.791384993748554,-0.3420712531656635,1,21.202850428715273,0,-9.497669481694972,0.5825199522903777,0.7423094899853585
福建,CEG2000_f4_r0021_c0115,7,21.027917494542667,20.755799675763377,0.2721178187792894,0.013110447346292438,1,21.202850428715273,4,0.0,0.5825199522903777,0.7423094899853585
福建,CEG2000_f4_r0021_c0115,8,18.097663292580787,21.027917494542667,-2.93025420196188,-0.13935066098306514,0,18.86310458849919,3,-2.3744173704237426,0.5825199522903777,0.7423094899853585
福建,CEG2000_f4_r0021_c0115,9,23.936480140709424,18.097663292580787,5.838816848128637,0.32262821745182346,2,23.542596268931348,6,4.748834740847487,0.5825199522903777,0.7423094899853585
福建,CEG2000_f4_r0021_c0115,10,26.641381194176983,23.936480140709424,2.704901053467559,0.11300329194463558,3,25.88234210914743,5,2.3744173704237435,0.5825199522903777,0.7423094899853585
福建,CEG2000_f4_r0021_c0115,11,27.112744815315395,26.641381194176983,0.471363621138412,0.017692912304465586,4,28.222087949363505,4,0.0,0.5825199522903777,0.7423094899853585
福建,CEG2000_f4_r0021_c0115,12,29.68130518413425,27.112744815315395,2.5685603688188543,0.09473627204900077,5,30.561833789579588,5,2.3744173704237435,0.5825199522903777,0.7423094899853585
福建,CEG2000_f4_r0022_c0108,1,38.9742846315879,,,,8,37.58107131022782,4,,2.192866628556,1.0
福建,CEG2000_f4_r0022_c0108,2,33.025300689246734,38.9742846315879,-5.948983942341165,-0.15263869493885796,6,32.90157962979566,1,-7.1232521112712295,2.192866628556,1.0
福建,CEG2000_f4_r0022_c0108,3,35.56700159471922,33.025300689246734,2.5417009054724886,0.07696223357324598,7,35.241325470011745,5,2.3744173704237435,2.192866628556,1.0
福建,CEG2000_f4_r0022_c0108,4,29.774814440445237,35.56700159471922,-5.792187154273986,-0.162852838152485,5,30.561833789579588,2,-4.748834740847485,2.192866628556,1.0
福建,CEG2000_f4_r0022_c0108,5,30.9958006311012,29.774814440445237,1.2209861906559638,0.04100734844538315,5,30.561833789579588,5,2.3744173704237435,2.192866628556,1.0
福建,CEG2000_f4_r0022_c0108,6,18.958767471769026,30.9958006311012,-12.037033159332175,-0.38834399867878266,0,18.86310458849919,0,-9.497669481694972,2.192866628556,1.0
福建,CEG2000_f4_r0022_c0108,7,22.248098735517345,18.958767471769026,3.28933126374832,0.17349921447406177,1,21.202850428715273,5,2.3744173704237435,2.192866628556,1.0
福建,CEG2000_f4_r0022_c0108,8,20.49083230528209,22.248098735517345,-1.757266430235255,-0.07898501580406585,1,21.202850428715273,3,-2.3744173704237426,2.192866628556,1.0
福建,CEG2000_f4_r0022_c0108,9,26.57089151962268,20.49083230528209,6.08005921434059,0.2967209493375866,3,25.88234210914743,7,7.1232521112712295,2.192866628556,1.0
福建,CEG2000_f4_r0022_c0108,10,26.48994496792111,26.57089151962268,-0.08094655170156884,-0.003046437175124123,3,25.88234210914743,4,0.0,2.192866628556,1.0
福建,CEG2000_f4_r0022_c0108,11,25.44468288437536,26.48994496792111,-1.045262083545751,-0.039458824275080455,3,25.88234210914743,4,0.0,2.192866628556,1.0
福建,CEG2000_f4_r0022_c0108,12,28.718151884991112,25.44468288437536,3.2734690006157514,0.12865041452828904,4,28.222087949363505,5,2.3744173704237435,2.192866628556,1.0
福建,CEG2000_f4_r0022_c0109,1,38.71668391799761,,,,8,37.58107131022782,4,,2.0675639607952845,0.743900076306864
福建,CEG2000_f4_r0022_c0109,2,35.360232471352944,38.71668391799761,-3.3564514466446624,-0.08669263756559488,7,35.241325470011745,3,-2.3744173704237426,2.0675639607952845,0.743900076306864
福建,CEG2000_f4_r0022_c0109,3,34.57956057996777,35.360232471352944,-0.7806718913851753,-0.02207767983475889,7,35.241325470011745,4,0.0,2.0675639607952845,0.743900076306864
福建,CEG2000_f4_r0022_c0109,4,30.072994015965964,34.57956057996777,-4.506566564001805,-0.13032457580194054,5,30.561833789579588,2,-4.748834740847485,2.0675639607952845,0.743900076306864
福建,CEG2000_f4_r0022_c0109,5,31.924163807580783,30.072994015965964,1.8511697916148186,0.06155588600962111,6,32.90157962979566,5,2.3744173704237435,2.0675639607952845,0.743900076306864
福建,CEG2000_f4_r0022_c0109,6,19.105324782501715,31.924163807580783,-12.818839025079068,-0.4015403223195803,0,18.86310458849919,0,-9.497669481694972,2.0675639607952845,0.743900076306864
福建,CEG2000_f4_r0022_c0109,7,22.255310790810984,19.105324782501715,3.14998600830927,0.16487476890182445,1,21.202850428715273,5,2.3744173704237435,2.0675639607952845,0.743900076306864
福建,CEG2000_f4_r0022_c0109,8,20.30555741646823,22.255310790810984,-1.9497533743427553,-0.08760845411998429,1,21.202850428715273,3,-2.3744173704237426,2.0675639607952845,0.743900076306864
福建,CEG2000_f4_r0022_c0109,9,26.37068371752773,20.30555741646823,6.0651263010595,0.2986929231571135,3,25.88234210914743,7,7.1232521112712295,2.0675639607952845,0.743900076306864
福建,CEG2000_f4_r0022_c0109,10,26.72781397430858,26.37068371752773,0.3571302567808523,0.013542699939307207,3,25.88234210914743,4,0.0,2.0675639607952845,0.743900076306864
福建,CEG2000_f4_r0022_c0109,11,25.801509438643464,26.72781397430858,-0.9263045356651176,-0.03465695086607172,3,25.88234210914743,4,0.0,2.0675639607952845,0.743900076306864
福建,CEG2000_f4_r0022_c0109,12,29.6344229448961,25.801509438643464,3.8329135062526376,0.14855384780364836,5,30.561833789579588,6,4.748834740847487,2.0675639607952845,0.743900076306864
福建,CEG2000_f4_r0022_c0110,1,38.04450176935536,,,,8,37.58107131022782,4,,1.827261602410788,0.6742979606861349
福建,CEG2000_f4_r0022_c0110,2,39.25622627625929,38.04450176935536,1.2117245069039342,0.031850187295131616,8,37.58107131022782,5,2.3744173704237435,1.827261602410788,0.6742979606861349
福建,CEG2000_f4_r0022_c0110,3,35.788845098919595,39.25622627625929,-3.4673811773396963,-0.08832691030815257,7,35.241325470011745,3,-2.3744173704237426,1.827261602410788,0.6742979606861349
福建,CEG2000_f4_r0022_c0110,4,30.475682591141865,35.788845098919595,-5.313162507777729,-0.1484586186866959,5,30.561833789579588,2,-4.748834740847485,1.827261602410788,0.6742979606861349
福建,CEG2000_f4_r0022_c0110,5,33.26429940910684,30.475682591141865,2.788616817964975,0.09150301423520932,6,32.90157962979566,5,2.3744173704237435,1.827261602410788,0.6742979606861349
福建,CEG2000_f4_r0022_c0110,6,19.203719565443464,33.26429940910684,-14.060579843663376,-0.42269279959084244,0,18.86310458849919,0,-9.497669481694972,1.827261602410788,0.6742979606861349
福建,CEG2000_f4_r0022_c0110,7,23.25642505201267,19.203719565443464,4.052705486569206,0.21103752701439837,2,23.542596268931348,6,4.748834740847487,1.827261602410788,0.6742979606861349
福建,CEG2000_f4_r0022_c0110,8,20.77285799164753,23.25642505201267,-2.4835670603651394,-0.106790577434437,1,21.202850428715273,3,-2.3744173704237426,1.827261602410788,0.6742979606861349
福建,CEG2000_f4_r0022_c0110,9,28.00000107935968,20.77285799164753,7.22714308771215,0.3479127951781157,4,28.222087949363505,7,7.1232521112712295,1.827261602410788,0.6742979606861349
福建,CEG2000_f4_r0022_c0110,10,27.509265401963827,28.00000107935968,-0.490735677395854,-0.017526273517096465,4,28.222087949363505,4,0.0,1.827261602410788,0.6742979606861349
福建,CEG2000_f4_r0022_c0110,11,26.550578363833075,27.509265401963827,-0.9586870381307513,-0.034849605182925486,3,25.88234210914743,4,0.0,1.827261602410788,0.6742979606861349
福建,CEG2000_f4_r0022_c0110,12,30.813027125306427,26.550578363833075,4.262448761473351,0.16054071226107883,5,30.561833789579588,6,4.748834740847487,1.827261602410788,0.6742979606861349
福建,CEG2000_f4_r0022_c0111,1,38.212504361822575,,,,8,37.58107131022782,4,,1.5531647125269117,0.6351061845732441
福建,CEG2000_f4_r0022_c0111,2,40.55216720484928,38.212504361822575,2.3396628430267086,0.06122767617827801,8,37.58107131022782,5,2.3744173704237435,1.5531647125269117,0.6351061845732441
福建,CEG2000_f4_r0022_c0111,3,38.6733847431907,40.55216720484928,-1.8787824616585809,-0.04633001368750308,8,37.58107131022782,3,-2.3744173704237426,1.5531647125269117,0.6351061845732441
福建,CEG2000_f4_r0022_c0111,4,31.451511148190413,38.6733847431907,-7.2218735950002895,-0.18674014811366774,5,30.561833789579588,1,-7.1232521112712295,1.5531647125269117,0.6351061845732441
福建,CEG2000_f4_r0022_c0111,5,34.27337149340168,31.451511148190413,2.8218603452112703,0.08972097817225638,7,35.241325470011745,5,2.3744173704237435,1.5531647125269117,0.6351061845732441
福建,CEG2000_f4_r0022_c0111,6,19.733462441183555,34.27337149340168,-14.539909052218128,-0.4242334039129286,0,18.86310458849919,0,-9.497669481694972,1.5531647125269117,0.6351061845732441
福建,CEG2000_f4_r0022_c0111,7,24.02447657349096,19.733462441183555,4.2910141323074065,0.21744861780323455,2,23.542596268931348,6,4.748834740847487,1.5531647125269117,0.6351061845732441
福建,CEG2000_f4_r0022_c0111,8,20.885938478985807,24.02447657349096,-3.1385380945051544,-0.1306391872848657,1,21.202850428715273,3,-2.3744173704237426,1.5531647125269117,0.6351061845732441
福建,CEG2000_f4_r0022_c0111,9,28.735138122302224,20.885938478985807,7.8491996433164175,0.37581263830753003,4,28.222087949363505,7,7.1232521112712295,1.5531647125269117,0.6351061845732441
福建,CEG2000_f4_r0022_c0111,10,28.286097290321248,28.735138122302224,-0.44904083198097666,-0.015626889631425236,4,28.222087949363505,4,0.0,1.5531647125269117,0.6351061845732441
福建,CEG2000_f4_r0022_c0111,11,27.845417185782388,28.286097290321248,-0.44068010453885975,-0.015579388701659059,4,28.222087949363505,4,0.0,1.5531647125269117,0.6351061845732441
福建,CEG2000_f4_r0022_c0111,12,31.907027364648336,27.845417185782388,4.061610178865948,0.14586278782491247,6,32.90157962979566,6,4.748834740847487,1.5531647125269117,0.6351061845732441
福建,CEG2000_f4_r0022_c0112,1,36.79962393884357,,,,8,37.58107131022782,4,,1.281629129865414,0.6909181817120932
福建,CEG2000_f4_r0022_c0112,2,37.31960981532466,36.79962393884357,0.5199858764810941,0.01413019538855197,8,37.58107131022782,4,0.0,1.281629129865414,0.6909181817120932
福建,CEG2000_f4_r0022_c0112,3,38.542889168589646,37.31960981532466,1.223279353264985,0.0327784604211662,8,37.58107131022782,5,2.3744173704237435,1.281629129865414,0.6909181817120932
福建,CEG2000_f4_r0022_c0112,4,30.252331695180825,38.542889168589646,-8.290557473408821,-0.21509953333143417,5,30.561833789579588,1,-7.1232521112712295,1.281629129865414,0.6909181817120932
福建,CEG2000_f4_r0022_c0112,5,32.381795240842955,30.252331695180825,2.12946354566213,0.07039006338811736,6,32.90157962979566,5,2.3744173704237435,1.281629129865414,0.6909181817120932
福建,CEG2000_f4_r0022_c0112,6,18.640169376511263,32.381795240842955,-13.741625864331692,-0.4243626939805816,0,18.86310458849919,0,-9.497669481694972,1.281629129865414,0.6909181817120932
福建,CEG2000_f4_r0022_c0112,7,23.2517148522171,18.640169376511263,4.611545475705835,0.24739826031392761,2,23.542596268931348,6,4.748834740847487,1.281629129865414,0.6909181817120932
福建,CEG2000_f4_r0022_c0112,8,19.327738969714904,23.2517148522171,-3.9239758825021944,-0.1687607089387661,0,18.86310458849919,2,-4.748834740847485,1.281629129865414,0.6909181817120932
福建,CEG2000_f4_r0022_c0112,9,26.50345910185314,19.327738969714904,7.175720132138235,0.37126536856597875,3,25.88234210914743,7,7.1232521112712295,1.281629129865414,0.6909181817120932
福建,CEG2000_f4_r0022_c0112,10,26.758811205270387,26.50345910185314,0.25535210341724834,0.009634670796590245,3,25.88234210914743,4,0.0,1.281629129865414,0.6909181817120932
福建,CEG2000_f4_r0022_c0112,11,26.55106442678464,26.758811205270387,-0.2077467784857454,-0.007763677425431659,3,25.88234210914743,4,0.0,1.281629129865414,0.6909181817120932
福建,CEG2000_f4_r0022_c0112,12,29.092051857658944,26.55106442678464,2.540987430874303,0.09570190445212289,4,28.222087949363505,5,2.3744173704237435,1.281629129865414,0.6909181817120932
福建,CEG2000_f4_r0022_c0113,1,34.824675904940456,,,,7,35.241325470011745,4,,1.0474511103127917,0.8842818531661646
福建,CEG2000_f4_r0022_c0113,2,34.861080518506874,34.824675904940456,0.03640461356641822,0.0010453683378358052,7,35.241325470011745,4,0.0,1.0474511103127917,0.8842818531661646
福建,CEG2000_f4_r0022_c0113,3,37.39697203748189,34.861080518506874,2.5358915189750135,0.07274276876268285,8,37.58107131022782,5,2.3744173704237435,1.0474511103127917,0.8842818531661646
福建,CEG2000_f4_r0022_c0113,4,27.925155906817267,37.39697203748189,-9.471816130664621,-0.2532776215457042,4,28.222087949363505,0,-9.497669481694972,1.0474511103127917,0.8842818531661646
福建,CEG2000_f4_r0022_c0113,5,29.31746644181285,27.925155906817267,1.392310534995584,0.04985864858343313,4,28.222087949363505,5,2.3744173704237435,1.0474511103127917,0.8842818531661646
福建,CEG2000_f4_r0022_c0113,6,17.93025076288503,29.31746644181285,-11.38721567892782,-0.3884106323282855,0,18.86310458849919,0,-9.497669481694972,1.0474511103127917,0.8842818531661646
福建,CEG2000_f4_r0022_c0113,7,20.351055982775936,17.93025076288503,2.420805219890905,0.1350123460014226,1,21.202850428715273,5,2.3744173704237435,1.0474511103127917,0.8842818531661646
福建,CEG2000_f4_r0022_c0113,8,17.68385536811033,20.351055982775936,-2.6672006146656067,-0.1310595684530073,0,18.86310458849919,3,-2.3744173704237426,1.0474511103127917,0.8842818531661646
福建,CEG2000_f4_r0022_c0113,9,23.46258488289045,17.68385536811033,5.778729514780121,0.326779958017584,2,23.542596268931348,6,4.748834740847487,1.0474511103127917,0.8842818531661646
福建,CEG2000_f4_r0022_c0113,10,24.344885698849136,23.46258488289045,0.8823008159586863,0.03760458706329855,2,23.542596268931348,4,0.0,1.0474511103127917,0.8842818531661646
福建,CEG2000_f4_r0022_c0113,11,24.36748338384374,24.344885698849136,0.02259768499460435,0.0009282313038615999,2,23.542596268931348,4,0.0,1.0474511103127917,0.8842818531661646
福建,CEG2000_f4_r0022_c0113,12,26.486713322636987,24.36748338384374,2.1192299387932465,0.08696958587846415,3,25.88234210914743,5,2.3744173704237435,1.0474511103127917,0.8842818531661646
福建,CEG2000_f4_r0022_c0114,1,34.47473224080631,,,,7,35.241325470011745,4,,0.8542169859565312,0.8239720074032222
福建,CEG2000_f4_r0022_c0114,2,35.80459039881788,34.47473224080631,1.329858158011568,0.03857486546153562,7,35.241325470011745,5,2.3744173704237435,0.8542169859565312,0.8239720074032222
福建,CEG2000_f4_r0022_c0114,3,36.66935101041144,35.80459039881788,0.8647606115935602,0.024152227464725055,8,37.58107131022782,4,0.0,0.8542169859565312,0.8239720074032222
福建,CEG2000_f4_r0022_c0114,4,28.951242800982417,36.66935101041144,-7.7181082094290225,-0.21047845126131737,4,28.222087949363505,1,-7.1232521112712295,0.8542169859565312,0.8239720074032222
福建,CEG2000_f4_r0022_c0114,5,28.72797105650961,28.951242800982417,-0.2232717444728074,-0.007711991709911362,4,28.222087949363505,4,0.0,0.8542169859565312,0.8239720074032222
福建,CEG2000_f4_r0022_c0114,6,18.397351027996777,28.72797105650961,-10.330620028512833,-0.35960144933980526,0,18.86310458849919,0,-9.497669481694972,0.8542169859565312,0.8239720074032222
福建,CEG2000_f4_r0022_c0114,7,19.21050617900921,18.397351027996777,0.8131551510124346,0.044199577959619776,0,18.86310458849919,4,0.0,0.8542169859565312,0.8239720074032222
福建,CEG2000_f4_r0022_c0114,8,17.415634228768404,19.21050617900921,-1.7948719502408075,-0.09343178849717215,0,18.86310458849919,3,-2.3744173704237426,0.8542169859565312,0.8239720074032222
福建,CEG2000_f4_r0022_c0114,9,21.846218328462516,17.415634228768404,4.430584099694112,0.2544026844784873,1,21.202850428715273,6,4.748834740847487,0.8542169859565312,0.8239720074032222
福建,CEG2000_f4_r0022_c0114,10,24.23678130394369,21.846218328462516,2.390562975481174,0.10942685546480191,2,23.542596268931348,5,2.3744173704237435,0.8542169859565312,0.8239720074032222
福建,CEG2000_f4_r0022_c0114,11,24.41640005358267,24.23678130394369,0.17961874963897984,0.00741099848971089,2,23.542596268931348,4,0.0,0.8542169859565312,0.8239720074032222
福建,CEG2000_f4_r0022_c0114,12,25.87543151656599,24.41640005358267,1.4590314629833188,0.05975620729433584,3,25.88234210914743,5,2.3744173704237435,0.8542169859565312,0.8239720074032222
福建,CEG2000_f4_r0022_c0115,1,34.931068132805464,,,,7,35.241325470011745,4,,0.7114495124110559,0.9594252014002846
福建,CEG2000_f4_r0022_c0115,2,34.58487564868474,34.931068132805464,-0.3461924841207207,-0.009910732841163665,7,35.241325470011745,4,0.0,0.7114495124110559,0.9594252014002846
福建,CEG2000_f4_r0022_c0115,3,36.77092647757585,34.58487564868474,2.186050828891105,0.06320828940075256,8,37.58107131022782,5,2.3744173704237435,0.7114495124110559,0.9594252014002846
福建,CEG2000_f4_r0022_c0115,4,29.851947681398155,36.77092647757585,-6.918978796177694,-0.18816438580619177,5,30.561833789579588,1,-7.1232521112712295,0.7114495124110559,0.9594252014002846
福建,CEG2000_f4_r0022_c0115,5,30.36241621321643,29.851947681398155,0.510468531818276,0.017100007586317984,5,30.561833789579588,4,0.0,0.7114495124110559,0.9594252014002846
福建,CEG2000_f4_r0022_c0115,6,18.622158021665708,30.36241621321643,-11.740258191550723,-0.386670748108654,0,18.86310458849919,0,-9.497669481694972,0.7114495124110559,0.9594252014002846
福建,CEG2000_f4_r0022_c0115,7,19.739714673629308,18.622158021665708,1.1175566519636,0.060012198944042534,0,18.86310458849919,4,0.0,0.7114495124110559,0.9594252014002846
福建,CEG2000_f4_r0022_c0115,8,17.576398752297017,19.739714673629308,-2.1633159213322912,-0.10959205627335179,0,18.86310458849919,3,-2.3744173704237426,0.7114495124110559,0.9594252014002846
福建,CEG2000_f4_r0022_c0115,9,22.352573872667293,17.576398752297017,4.776175120370276,0.2717379815786262,1,21.202850428715273,6,4.748834740847487,0.7114495124110559,0.9594252014002846
福建,CEG2000_f4_r0022_c0115,10,25.314714638456913,22.352573872667293,2.96214076578962,0.13251900128654637,3,25.88234210914743,5,2.3744173704237435,0.7114495124110559,0.9594252014002846
福建,CEG2000_f4_r0022_c0115,11,25.15210698818557,25.314714638456913,-0.16260765027134383,-0.006423443937397501,3,25.88234210914743,4,0.0,0.7114495124110559,0.9594252014002846
福建,CEG2000_f4_r0022_c0115,12,26.81312239001628,25.15210698818557,1.66101540183071,0.06603881744821302,3,25.88234210914743,5,2.3744173704237435,0.7114495124110559,0.9594252014002846
福建,CEG2000_f4_r0022_c0116,1,34.74903816156953,,,,7,35.241325470011745,4,,0.5991327773590179,0.938051735235575
福建,CEG2000_f4_r0022_c0116,2,33.39569639574387,34.74903816156953,-1.353341765825661,-0.03894616476960161,6,32.90157962979566,3,-2.3744173704237426,0.5991327773590179,0.938051735235575
福建,CEG2000_f4_r0022_c0116,3,35.37017332062155,33.39569639574387,1.9744769248776777,0.05912369370831015,7,35.241325470011745,5,2.3744173704237435,0.5991327773590179,0.938051735235575
福建,CEG2000_f4_r0022_c0116,4,32.30358386165633,35.37017332062155,-3.0665894589652183,-0.08669987085354011,6,32.90157962979566,3,-2.3744173704237426,0.5991327773590179,0.938051735235575
福建,CEG2000_f4_r0022_c0116,5,31.386926526697067,32.30358386165633,-0.916657334959261,-0.028376335544840706,5,30.561833789579588,4,0.0,0.5991327773590179,0.938051735235575
福建,CEG2000_f4_r0022_c0116,6,19.827229800243433,31.386926526697067,-11.559696726453634,-0.36829654909413306,0,18.86310458849919,0,-9.497669481694972,0.5991327773590179,0.938051735235575
福建,CEG2000_f4_r0022_c0116,7,20.4157445689257,19.827229800243433,0.5885147686822663,0.029682147965775868,1,21.202850428715273,4,0.0,0.5991327773590179,0.938051735235575
福建,CEG2000_f4_r0022_c0116,8,17.776752841293856,20.4157445689257,-2.6389917276318435,-0.12926257569114513,0,18.86310458849919,3,-2.3744173704237426,0.5991327773590179,0.938051735235575
福建,CEG2000_f4_r0022_c0116,9,23.340735799003088,17.776752841293856,5.563982957709232,0.3129920862028628,2,23.542596268931348,6,4.748834740847487,0.5991327773590179,0.938051735235575
福建,CEG2000_f4_r0022_c0116,10,25.53337256613244,23.340735799003088,2.1926367671293505,0.09394034472653603,3,25.88234210914743,5,2.3744173704237435,0.5991327773590179,0.938051735235575
福建,CEG2000_f4_r0022_c0116,11,25.631658565523576,25.53337256613244,0.09828599939113758,0.0038493152103809625,3,25.88234210914743,4,0.0,0.5991327773590179,0.938051735235575
福建,CEG2000_f4_r0022_c0116,12,28.75941390823077,25.631658565523576,3.127755342707193,0.12202703678778902,4,28.222087949363505,5,2.3744173704237435,0.5991327773590179,0.938051735235575
福建,CEG2000_f4_r0023_c0108,1,39.01836140944909,,,,8,37.58107131022782,4,,2.1058560345689665,0.9600717960110526
福建,CEG2000_f4_r0023_c0108,2,33.28142096104139,39.01836140944909,-5.736940448407701,-0.14703181377110275,6,32.90157962979566,2,-4.748834740847485,2.1058560345689665,0.9600717960110526
福建,CEG2000_f4_r0023_c0108,3,37.31586672702421,33.28142096104139,4.034445765982817,0.12122216087785023,8,37.58107131022782,6,4.748834740847487,2.1058560345689665,0.9600717960110526
福建,CEG2000_f4_r0023_c0108,4,32.85144350109424,37.31586672702421,-4.46442322592997,-0.11963873862527298,6,32.90157962979566,2,-4.748834740847485,2.1058560345689665,0.9600717960110526
福建,CEG2000_f4_r0023_c0108,5,31.70606103545755,32.85144350109424,-1.1453824656366862,-0.03486551407089722,5,30.561833789579588,4,0.0,2.1058560345689665,0.9600717960110526
福建,CEG2000_f4_r0023_c0108,6,19.795551852182538,31.70606103545755,-11.910509183275014,-0.3756540167495181,0,18.86310458849919,0,-9.497669481694972,2.1058560345689665,0.9600717960110526
福建,CEG2000_f4_r0023_c0108,7,23.851869268484492,19.795551852182538,4.056317416301955,0.20491054993522342,2,23.542596268931348,6,4.748834740847487,2.1058560345689665,0.9600717960110526
福建,CEG2000_f4_r0023_c0108,8,21.91810964891178,23.851869268484492,-1.9337596195727116,-0.08107371367022335,1,21.202850428715273,3,-2.3744173704237426,2.1058560345689665,0.9600717960110526
福建,CEG2000_f4_r0023_c0108,9,27.67977256611174,21.91810964891178,5.76166291719996,0.26287225538567477,4,28.222087949363505,6,4.748834740847487,2.1058560345689665,0.9600717960110526
福建,CEG2000_f4_r0023_c0108,10,26.610264026902943,27.67977256611174,-1.0695085392087975,-0.03863863175372306,3,25.88234210914743,4,0.0,2.1058560345689665,0.9600717960110526
福建,CEG2000_f4_r0023_c0108,11,25.630294644155676,26.610264026902943,-0.9799693827472673,-0.03682674406223552,3,25.88234210914743,4,0.0,2.1058560345689665,0.9600717960110526
福建,CEG2000_f4_r0023_c0108,12,29.020183510666293,25.630294644155676,3.389888866510617,0.1322610182042364,4,28.222087949363505,5,2.3744173704237435,2.1058560345689665,0.9600717960110526
福建,CEG2000_f4_r0023_c0109,1,38.36774580574153,,,,8,37.58107131022782,4,,1.9603019636640329,0.9022412855140176
福建,CEG2000_f4_r0023_c0109,2,33.320407789140496,38.36774580574153,-5.0473380166010315,-0.13155159133288785,6,32.90157962979566,2,-4.748834740847485,1.9603019636640329,0.9022412855140176
福建,CEG2000_f4_r0023_c0109,3,33.88949783830445,33.320407789140496,0.5690900491639539,0.01707932426173448,6,32.90157962979566,4,0.0,1.9603019636640329,0.9022412855140176
福建,CEG2000_f4_r0023_c0109,4,30.33265104643926,33.88949783830445,-3.5568467918651905,-0.10495424891911427,5,30.561833789579588,3,-2.3744173704237426,1.9603019636640329,0.9022412855140176
福建,CEG2000_f4_r0023_c0109,5,31.21084832458656,30.33265104643926,0.8781972781473009,0.02895220984155924,5,30.561833789579588,4,0.0,1.9603019636640329,0.9022412855140176
福建,CEG2000_f4_r0023_c0109,6,19.20532724676034,31.21084832458656,-12.00552107782622,-0.38465859540154784,0,18.86310458849919,0,-9.497669481694972,1.9603019636640329,0.9022412855140176
福建,CEG2000_f4_r0023_c0109,7,22.560261848240263,19.20532724676034,3.354934601479922,0.17468770817460819,2,23.542596268931348,5,2.3744173704237435,1.9603019636640329,0.9022412855140176
福建,CEG2000_f4_r0023_c0109,8,20.661722485636272,22.560261848240263,-1.8985393626039908,-0.08415413683472295,1,21.202850428715273,3,-2.3744173704237426,1.9603019636640329,0.9022412855140176
福建,CEG2000_f4_r0023_c0109,9,25.66693279388236,20.661722485636272,5.005210308246088,0.24224554906908838,3,25.88234210914743,6,4.748834740847487,1.9603019636640329,0.9022412855140176
福建,CEG2000_f4_r0023_c0109,10,25.55688391933576,25.66693279388236,-0.1100488745465995,-0.004287574032719225,3,25.88234210914743,4,0.0,1.9603019636640329,0.9022412855140176
福建,CEG2000_f4_r0023_c0109,11,24.79936205610759,25.55688391933576,-0.7575218632281704,-0.02964061916230118,3,25.88234210914743,4,0.0,1.9603019636640329,0.9022412855140176
福建,CEG2000_f4_r0023_c0109,12,28.165736551785468,24.79936205610759,3.366374495677878,0.13574439891081017,4,28.222087949363505,5,2.3744173704237435,1.9603019636640329,0.9022412855140176
福建,CEG2000_f4_r0023_c0110,1,37.114029344831735,,,,8,37.58107131022782,4,,1.7675864146590257,0.9289057655307646
福建,CEG2000_f4_r0023_c0110,2,36.970857965500095,37.114029344831735,-0.14317137933164048,-0.0038576080759492536,8,37.58107131022782,4,0.0,1.7675864146590257,0.9289057655307646
福建,CEG2000_f4_r0023_c0110,3,33.88753983316907,36.970857965500095,-3.083318132331023,-0.08339860912095323,6,32.90157962979566,3,-2.3744173704237426,1.7675864146590257,0.9289057655307646
福建,CEG2000_f4_r0023_c0110,4,30.66092957042476,33.88753983316907,-3.2266102627443125,-0.09521524072355679,5,30.561833789579588,3,-2.3744173704237426,1.7675864146590257,0.9289057655307646
福建,CEG2000_f4_r0023_c0110,5,32.10345180099682,30.66092957042476,1.442522230572063,0.047047570011168424,6,32.90157962979566,5,2.3744173704237435,1.7675864146590257,0.9289057655307646
福建,CEG2000_f4_r0023_c0110,6,19.36865657307505,32.10345180099682,-12.734795227921772,-0.39667993668912427,0,18.86310458849919,0,-9.497669481694972,1.7675864146590257,0.9289057655307646
福建,CEG2000_f4_r0023_c0110,7,22.936098166776496,19.36865657307505,3.567441593701446,0.18418632083448955,2,23.542596268931348,6,4.748834740847487,1.7675864146590257,0.9289057655307646
福建,CEG2000_f4_r0023_c0110,8,20.980517688469597,22.936098166776496,-1.9555804783068993,-0.0852621254097877,1,21.202850428715273,3,-2.3744173704237426,1.7675864146590257,0.9289057655307646
福建,CEG2000_f4_r0023_c0110,9,26.879919310355284,20.980517688469597,5.899401621885687,0.28118475003731014,3,25.88234210914743,6,4.748834740847487,1.7675864146590257,0.9289057655307646
福建,CEG2000_f4_r0023_c0110,10,25.83297358514336,26.879919310355284,-1.0469457252119234,-0.03894899062470755,3,25.88234210914743,4,0.0,1.7675864146590257,0.9289057655307646
福建,CEG2000_f4_r0023_c0110,11,24.429313027747263,25.83297358514336,-1.4036605573960976,-0.05433600405194344,2,23.542596268931348,3,-2.3744173704237426,1.7675864146590257,0.9289057655307646
福建,CEG2000_f4_r0023_c0110,12,28.769156185614214,24.429313027747263,4.339843157866952,0.1776490052314479,4,28.222087949363505,6,4.748834740847487,1.7675864146590257,0.9289057655307646
福建,CEG2000_f4_r0023_c0111,1,36.9721911175154,,,,8,37.58107131022782,4,,1.5573511654983505,0.834856596569834
福建,CEG2000_f4_r0023_c0111,2,38.257673770270806,36.9721911175154,1.2854826527554053,0.03476890641048358,8,37.58107131022782,5,2.3744173704237435,1.5573511654983505,0.834856596569834
福建,CEG2000_f4_r0023_c0111,3,35.14541151188243,38.257673770270806,-3.112262258388377,-0.08135001299548032,7,35.241325470011745,3,-2.3744173704237426,1.5573511654983505,0.834856596569834
福建,CEG2000_f4_r0023_c0111,4,30.21218385716928,35.14541151188243,-4.93322765471315,-0.14036619412025547,5,30.561833789579588,2,-4.748834740847485,1.5573511654983505,0.834856596569834
福建,CEG2000_f4_r0023_c0111,5,32.861884894527876,30.21218385716928,2.6497010373585965,0.08770306211180523,6,32.90157962979566,5,2.3744173704237435,1.5573511654983505,0.834856596569834
福建,CEG2000_f4_r0023_c0111,6,19.185181369261116,32.861884894527876,-13.67670352526676,-0.41618743322736756,0,18.86310458849919,0,-9.497669481694972,1.5573511654983505,0.834856596569834
福建,CEG2000_f4_r0023_c0111,7,22.91677984209394,19.185181369261116,3.7315984728328253,0.19450420618966197,2,23.542596268931348,6,4.748834740847487,1.5573511654983505,0.834856596569834
福建,CEG2000_f4_r0023_c0111,8,20.456774811805175,22.91677984209394,-2.460005030288766,-0.10734514391809034,1,21.202850428715273,3,-2.3744173704237426,1.5573511654983505,0.834856596569834
福建,CEG2000_f4_r0023_c0111,9,27.24103472643878,20.456774811805175,6.784259914633605,0.3316387835837422,4,28.222087949363505,7,7.1232521112712295,1.5573511654983505,0.834856596569834
福建,CEG2000_f4_r0023_c0111,10,26.82168369838679,27.24103472643878,-0.41935102805199165,-0.015394093222347043,3,25.88234210914743,4,0.0,1.5573511654983505,0.834856596569834
福建,CEG2000_f4_r0023_c0111,11,25.70619732232036,26.82168369838679,-1.1154863760664284,-0.041588976613482334,3,25.88234210914743,4,0.0,1.5573511654983505,0.834856596569834
福建,CEG2000_f4_r0023_c0111,12,29.48763543663436,25.70619732232036,3.7814381143139997,0.14710219745456576,5,30.561833789579588,6,4.748834740847487,1.5573511654983505,0.834856596569834
福建,CEG2000_f4_r0023_c0112,1,36.67628701801021,,,,8,37.58107131022782,4,,1.3477157066376946,0.7480163325338205
福建,CEG2000_f4_r0023_c0112,2,40.53662946888934,36.67628701801021,3.8603424508791306,0.10525445089312002,8,37.58107131022782,6,4.748834740847487,1.3477157066376946,0.7480163325338205
福建,CEG2000_f4_r0023_c0112,3,37.330229938981056,40.53662946888934,-3.206399529908282,-0.07909881931276745,8,37.58107131022782,3,-2.3744173704237426,1.3477157066376946,0.7480163325338205
福建,CEG2000_f4_r0023_c0112,4,30.04755103380241,37.330229938981056,-7.282678905178646,-0.19508797339536102,5,30.561833789579588,1,-7.1232521112712295,1.3477157066376946,0.7480163325338205
福建,CEG2000_f4_r0023_c0112,5,32.79285041501411,30.04755103380241,2.745299381211698,0.09136516244280059,6,32.90157962979566,5,2.3744173704237435,1.3477157066376946,0.7480163325338205
福建,CEG2000_f4_r0023_c0112,6,19.092129403670302,32.79285041501411,-13.700721011343806,-0.41779597802425167,0,18.86310458849919,0,-9.497669481694972,1.3477157066376946,0.7480163325338205
福建,CEG2000_f4_r0023_c0112,7,23.163671363341013,19.092129403670302,4.071541959670711,0.21325761383578254,2,23.542596268931348,6,4.748834740847487,1.3477157066376946,0.7480163325338205
福建,CEG2000_f4_r0023_c0112,8,20.263441236323548,23.163671363341013,-2.9002301270174655,-0.12520597799567257,1,21.202850428715273,3,-2.3744173704237426,1.3477157066376946,0.7480163325338205
福建,CEG2000_f4_r0023_c0112,9,26.95683258729798,20.263441236323548,6.693391350974434,0.33031859065359986,3,25.88234210914743,7,7.1232521112712295,1.3477157066376946,0.7480163325338205
福建,CEG2000_f4_r0023_c0112,10,26.959801942276183,26.95683258729798,0.0029693549782017215,0.00011015222091043727,3,25.88234210914743,4,0.0,1.3477157066376946,0.7480163325338205
福建,CEG2000_f4_r0023_c0112,11,26.30367626764516,26.959801942276183,-0.6561256746310242,-0.024337184525163032,3,25.88234210914743,4,0.0,1.3477157066376946,0.7480163325338205
福建,CEG2000_f4_r0023_c0112,12,29.46116387271395,26.30367626764516,3.1574876050687912,0.12003978352458129,5,30.561833789579588,5,2.3744173704237435,1.3477157066376946,0.7480163325338205
福建,CEG2000_f4_r0024_c0111,1,36.68314380945599,,,,8,37.58107131022782,4,,1.5440688256990742,0.968023038524864
福建,CEG2000_f4_r0024_c0111,2,37.0547070859987,36.68314380945599,0.3715632765427088,0.010128992173427871,8,37.58107131022782,4,0.0,1.5440688256990742,0.968023038524864
福建,CEG2000_f4_r0024_c0111,3,32.94848749472868,37.0547070859987,-4.106219591270019,-0.11081506006079249,6,32.90157962979566,2,-4.748834740847485,1.5440688256990742,0.968023038524864
福建,CEG2000_f4_r0024_c0111,4,29.576031393242484,32.94848749472868,-3.372456101486197,-0.10235541470684337,5,30.561833789579588,3,-2.3744173704237426,1.5440688256990742,0.968023038524864
福建,CEG2000_f4_r0024_c0111,5,32.85993035059263,29.576031393242484,3.283898957350143,0.11103244088726678,6,32.90157962979566,5,2.3744173704237435,1.5440688256990742,0.968023038524864
福建,CEG2000_f4_r0024_c0111,6,19.397438261282726,32.85993035059263,-13.462492089309901,-0.4096932630615605,0,18.86310458849919,0,-9.497669481694972,1.5440688256990742,0.968023038524864
福建,CEG2000_f4_r0024_c0111,7,22.60091738843941,19.397438261282726,3.203479127156683,0.16514959779770638,2,23.542596268931348,5,2.3744173704237435,1.5440688256990742,0.968023038524864
福建,CEG2000_f4_r0024_c0111,8,21.189828721409185,22.60091738843941,-1.4110886670302243,-0.06243501725076036,1,21.202850428715273,3,-2.3744173704237426,1.5440688256990742,0.968023038524864
福建,CEG2000_f4_r0024_c0111,9,26.044568947890372,21.189828721409185,4.854740226481187,0.22910710087883773,3,25.88234210914743,6,4.748834740847487,1.5440688256990742,0.968023038524864
福建,CEG2000_f4_r0024_c0111,10,25.205394464890148,26.044568947890372,-0.8391744830002246,-0.03222070922652756,3,25.88234210914743,4,0.0,1.5440688256990742,0.968023038524864
福建,CEG2000_f4_r0024_c0111,11,24.811627326614847,25.205394464890148,-0.39376713827530097,-0.015622335878289819,3,25.88234210914743,4,0.0,1.5440688256990742,0.968023038524864
福建,CEG2000_f4_r0024_c0111,12,28.28525959364707,24.811627326614847,3.4736322670322224,0.14000017900100165,4,28.222087949363505,5,2.3744173704237435,1.5440688256990742,0.968023038524864
福建,CEG2000_f4_r0024_c0112,1,36.57406013278817,,,,8,37.58107131022782,4,,1.393938721276367,0.9211051082028714
福建,CEG2000_f4_r0024_c0112,2,38.352223365655696,36.57406013278817,1.7781632328675272,0.04861815249418883,8,37.58107131022782,5,2.3744173704237435,1.393938721276367,0.9211051082028714
福建,CEG2000_f4_r0024_c0112,3,34.06461186100162,38.352223365655696,-4.287611504654073,-0.1117956438607316,6,32.90157962979566,2,-4.748834740847485,1.393938721276367,0.9211051082028714
福建,CEG2000_f4_r0024_c0112,4,29.66457315561221,34.06461186100162,-4.400038705389413,-0.12916743990342464,5,30.561833789579588,2,-4.748834740847485,1.393938721276367,0.9211051082028714
福建,CEG2000_f4_r0024_c0112,5,32.74913659450473,29.66457315561221,3.0845634388925234,0.10398138623845184,6,32.90157962979566,5,2.3744173704237435,1.393938721276367,0.9211051082028714
福建,CEG2000_f4_r0024_c0112,6,19.675454766687576,32.74913659450473,-13.073681827817158,-0.3992069161912167,0,18.86310458849919,0,-9.497669481694972,1.393938721276367,0.9211051082028714
福建,CEG2000_f4_r0024_c0112,7,22.880726312954124,19.675454766687576,3.205271546266548,0.16290711367410826,2,23.542596268931348,5,2.3744173704237435,1.393938721276367,0.9211051082028714
福建,CEG2000_f4_r0024_c0112,8,20.69888551330063,22.880726312954124,-2.181840799653493,-0.09535714775007928,1,21.202850428715273,3,-2.3744173704237426,1.393938721276367,0.9211051082028714
福建,CEG2000_f4_r0024_c0112,9,26.570615584445395,20.69888551330063,5.871730071144764,0.28367373051905254,3,25.88234210914743,6,4.748834740847487,1.393938721276367,0.9211051082028714
福建,CEG2000_f4_r0024_c0112,10,26.06756060957239,26.570615584445395,-0.503054974873006,-0.018932755745692906,3,25.88234210914743,4,0.0,1.393938721276367,0.9211051082028714
福建,CEG2000_f4_r0024_c0112,11,25.97737991200072,26.06756060957239,-0.09018069757166813,-0.003459498912167196,3,25.88234210914743,4,0.0,1.393938721276367,0.9211051082028714
福建,CEG2000_f4_r0024_c0112,12,29.723735603417893,25.97737991200072,3.746355691417172,0.14421607198678552,5,30.561833789579588,6,4.748834740847487,1.393938721276367,0.9211051082028714
