{
  "type": "FeatureCollection",
  "features": [
    {
      "type": "Feature",
      "properties": {
        "cell_id": "CEG2000_f4_r0022_c0115",
        "method": "GeoDisk-Final",
        "view": "disk"
      },
      "geometry": {
        "type": "Polygon",
        "coordinates": [
          [
            [
              -0.28737761144873314,
              -0.9123035290926854
            ],
            [
              -0.0800562826806906,
              -0.8449462581926058
            ],
            [
              -0.04962415962344785,
              -0.8958052627525299
            ],
            [
              -0.054761435258498824,
              -0.9984923876463231
            ],
            [
              -0.057237317287568444,
              -0.9983606009402225
            ],
            [
              -0.06540312923014292,
              -0.9978589232386035
            ],
            [
              -0.07356456359966733,
              -0.9972904566786902
            ],
            [
              -0.08172107413366796,
              -0.9966552393091803
            ],
            [
              -0.08987211489923475,
              -0.9959533136465477
            ],
            [
              -0.09801714032956042,
              -0.9951847266721969
            ],
            [
              -0.10615560526045735,
              -0.9943495298293181
            ],
            [
              -0.11428696496684632,
              -0.9934477790194444
            ],
            [
              -0.12241067519921595,
              -0.9924795345987101
            ],
            [
              -0.13052619222005138,
              -0.9914448613738105
            ],
            [
              -0.13863297284022652,
              -0.9903438285976649
            ],
            [
              -0.14673047445536164,
              -0.989176509964781
            ],
            [
              -0.15481815508214075,
              -0.9879429836063224
            ],
            [
              -0.16289547339458849,
              -0.9866433320848791
            ],
            [
              -0.17096188876030102,
              -0.9852776423889413
            ],
            [
              -0.17901686127663252,
              -0.9838460059270775
            ],
            [
              -0.18705985180683188,
              -0.9823485185218157
            ],
            [
              -0.19509032201612797,
              -0.9807852804032305
            ],
            [
              -0.20310773440776264,
              -0.9791563962022337
            ],
            [
              -0.21111155235896498,
              -0.9774619749435719
            ],
            [
              -0.21910124015686966,
              -0.9757021300385286
            ],
            [
              -0.22707626303437312,
              -0.9738769792773336
            ],
            [
              -0.23503608720592642,
              -0.9719866448212795
            ],
            [
              -0.24298017990326365,
              -0.9700312531945441
            ],
            [
              -0.25090800941105984,
              -0.9680109352757228
            ],
            [
              -0.25881904510252063,
              -0.9659258262890683
            ],
            [
              -0.2667127574748983,
              -0.9637760657954398
            ],
            [
              -0.2745886181849321,
              -0.961561797682962
            ],
            [
              -0.2824461000842123,
              -0.9592831701573937
            ],
            [
              -0.29028467725446216,
              -0.9569403357322089
            ],
            [
              -0.2981038250427397,
              -0.9545334512183885
            ],
            [
              -0.3001923021980694,
              -0.9538718247320059
            ],
            [
              -0.28737761144873314,
              -0.9123035290926854
            ]
          ]
        ]
      }
    },
    {
      "type": "Feature",
      "properties": {
        "cell_id": "CEG2000_f4_r0022_c0116",
        "method": "GeoDisk-Final",
        "view": "disk"
      },
      "geometry": {
        "type": "Polygon",
        "coordinates": [
          [
            [
              -0.049624159623447815,
              -0.8958052627525294
            ],
            [
              0.1365199177556251,
              -0.8688398239000422
            ],
            [
              0.15184034593647203,
              -0.988397156593752
            ],
            [
              0.14673047445536197,
              -0.9891765099647809
            ],
            [
              0.13863297284022685,
              -0.9903438285976648
            ],
            [
              0.1305261922200517,
              -0.9914448613738104
            ],
            [
              0.12241067519921628,
              -0.99247953459871
            ],
            [
              0.11428696496684666,
              -0.9934477790194444
            ],
            [
              0.1061556052604577,
              -0.994349529829318
            ],
            [
              0.09801714032956077,
              -0.9951847266721968
            ],
            [
              0.08987211489923509,
              -0.9959533136465477
            ],
            [
              0.0817210741336683,
              -0.9966552393091803
            ],
            [
              0.07356456359966768,
              -0.9972904566786902
            ],
            [
              0.06540312923014327,
              -0.9978589232386035
            ],
            [
              0.057237317287568784,
              -0.9983606009402225
            ],
            [
              0.049067674327418126,
              -0.9987954562051724
            ],
            [
              0.04089474716158352,
              -0.9991634599276488
            ],
            [
              0.03271908282177639,
              -0.9994645874763657
            ],
            [
              0.024541228522912486,
              -0.9996988186962042
            ],
            [
              0.016361731626486936,
              -0.9998661379095618
            ],
            [
              0.008181139603937236,
              -0.9999665339174011
            ],
            [
              6.123233995736766e-17,
              -1.0
            ],
            [
              -0.008181139603936892,
              -0.9999665339174011
            ],
            [
              -0.01636173162648659,
              -0.9998661379095618
            ],
            [
              -0.024541228522912142,
              -0.9996988186962042
            ],
            [
              -0.03271908282177604,
              -0.9994645874763657
            ],
            [
              -0.04089474716158317,
              -0.9991634599276488
            ],
            [
              -0.049067674327417786,
              -0.9987954562051724
            ],
            [
              -0.05476143525849882,
              -0.9984923876463231
            ],
            [
              -0.049624159623447815,
              -0.8958052627525294
            ]
          ]
        ]
      }
    },
    {
      "type": "Feature",
      "properties": {
        "cell_id": "CEG2000_f4_r0023_c0113",
        "method": "GeoDisk-Final",
        "view": "disk"
      },
      "geometry": {
        "type": "Polygon",
        "coordinates": [
          [
            [
              -0.5537243328231789,
              -0.6269901904533858
            ],
            [
              -0.42999952713705913,
              -0.744197370293189
            ],
            [
              -0.5015462157877814,
              -0.8651242423727645
            ],
            [
              -0.5070683416876167,
              -0.8619058515047745
            ],
            [
              -0.5141027441932217,
              -0.8577286100002721
            ],
            [
              -0.5211027366890232,
              -0.8534939588627506
            ],
            [
              -0.528067850650368,
              -0.8492021815265789
            ],
            [
              -0.534997619887097,
              -0.8448535652497072
            ],
            [
              -0.5418915805747514,
              -0.8404484010944382
            ],
            [
              -0.5487492712856158,
              -0.8359869839079468
            ],
            [
              -0.555570233019602,
              -0.8314696123025453
            ],
            [
              -0.562354009234973,
              -0.8268965886356963
            ],
            [
              -0.569100145878898,
              -0.8222682189897752
            ],
            [
              -0.575808191417845,
              -0.8175848131515839
            ],
            [
              -0.582477696867802,
              -0.8128466845916152
            ],
            [
              -0.5891082158243279,
              -0.8080541504430734
            ],
            [
              -0.5956993044924334,
              -0.8032075314806449
            ],
            [
              -0.6022505217162818,
              -0.7983071520990316
            ],
            [
              -0.6087614290087203,
              -0.7933533402912354
            ],
            [
              -0.6152315905806268,
              -0.7883464276266063
            ],
            [
              -0.6216605733700772,
              -0.7832867492286506
            ],
            [
              -0.6280479470713338,
              -0.7781746437525981
            ],
            [
              -0.6343932841636454,
              -0.7730104533627371
            ],
            [
              -0.6406961599398605,
              -0.7677945237095122
            ],
            [
              -0.6469561525348573,
              -0.7625272039063882
            ],
            [
              -0.6531728429537765,
              -0.7572088465064848
            ],
            [
              -0.6591794687454037,
              -0.7519844898214723
            ],
            [
              -0.5537243328231789,
              -0.6269901904533858
            ]
          ]
        ]
      }
    },
    {
      "type": "Feature",
      "properties": {
        "cell_id": "CEG2000_f4_r0023_c0114",
        "method": "GeoDisk-Final",
        "view": "disk"
      },
      "geometry": {
        "type": "Polygon",
        "coordinates": [
          [
            [
              -0.42999952713705936,
              -0.7441973702931888
            ],
            [
              -0.31346097104369536,
              -0.7395949561088806
            ],
            [
              -0.28737761144873286,
              -0.9123035290926851
            ],
            [
              -0.30019230219806925,
              -0.9538718247320059
            ],
            [
              -0.3059030200965532,
              -0.9520626777139244
            ],
            [
              -0.31368174039889124,
              -0.9495281805930368
            ],
            [
              -0.32143946530316136,
              -0.9469301294951057
            ],
            [
              -0.32917567556803873,
              -0.9442686983133166
            ],
            [
              -0.33688985339221994,
              -0.9415440651830208
            ],
            [
              -0.34458148244908016,
              -0.9387564124698133
            ],
            [
              -0.35225004792123327,
              -0.9359059267573258
            ],
            [
              -0.35989503653498794,
              -0.932992798834739
            ],
            [
              -0.3675159365947034,
              -0.9300172236840122
            ],
            [
              -0.3751122380170379,
              -0.926979400466833
            ],
            [
              -0.3826834323650895,
              -0.9238795325112868
            ],
            [
              -0.3902290128824278,
              -0.9207178272982478
            ],
            [
              -0.39774847452701084,
              -0.9174944964474914
            ],
            [
              -0.40524131400498975,
              -0.9142097557035307
            ],
            [
              -0.4127070298043946,
              -0.9108638249211759
            ],
            [
              -0.4201451222287024,
              -0.9074569280508187
            ],
            [
              -0.42755509343028186,
              -0.9039892931234434
            ],
            [
              -0.43493644744371673,
              -0.9004611522353638
            ],
            [
              -0.44228869021900113,
              -0.8968727415326884
            ],
            [
              -0.4496113296546063,
              -0.8932243011955154
            ],
            [
              -0.4569038756304206,
              -0.8895160754218561
            ],
            [
              -0.46416584004055134,
              -0.8857483124112906
            ],
            [
              -0.4713967368259973,
              -0.8819212643483553
            ],
            [
              -0.4785960820071807,
              -0.8780351873856628
            ],
            [
              -0.4857633937163398,
              -0.874090341626759
            ],
            [
              -0.492898192229784,
              -0.8700869911087115
            ],
            [
              -0.49999999999999983,
              -0.8660254037844387
            ],
            [
              -0.5015462157877816,
              -0.8651242423727644
            ],
            [
              -0.42999952713705936,
              -0.7441973702931888
            ]
          ]
        ]
      }
    },
    {
      "type": "Feature",
      "properties": {
        "cell_id": "CEG2000_f4_r0023_c0115",
        "method": "GeoDisk-Final",
        "view": "disk"
      },
      "geometry": {
        "type": "Polygon",
        "coordinates": [
          [
            [
              -0.06832582873799993,
              -0.7262144300261857
            ],
            [
              -0.0800562826806906,
              -0.8449462581926058
            ],
            [
              -0.2873776114487332,
              -0.9123035290926853
            ],
            [
              -0.3134609710436956,
              -0.7395949561088808
            ],
            [
              -0.3036859031021215,
              -0.7261898512558442
            ],
            [
              -0.07192509088113286,
              -0.7216125107147809
            ],
            [
              -0.06832582873799993,
              -0.7262144300261857
            ]
          ]
        ]
      }
    },
    {
      "type": "Feature",
      "properties": {
        "cell_id": "CEG2000_f4_r0023_c0116",
        "method": "GeoDisk-Final",
        "view": "disk"
      },
      "geometry": {
        "type": "Polygon",
        "coordinates": [
          [
            [
              0.18575900731652958,
              -0.7769574113834796
            ],
            [
              0.13651991775562483,
              -0.8688398239000427
            ],
            [
              -0.04962415962344746,
              -0.8958052627525297
            ],
            [
              -0.08005628268069051,
              -0.8449462581926055
            ],
            [
              -0.06832582873799987,
              -0.7262144300261858
            ],
            [
              0.17115426690217286,
              -0.751076585480218
            ],
            [
              0.18575900731652958,
              -0.7769574113834796
            ]
          ]
        ]
      }
    },
    {
      "type": "Feature",
      "properties": {
        "cell_id": "CEG2000_f4_r0023_c0117",
        "method": "GeoDisk-Final",
        "view": "disk"
      },
      "geometry": {
        "type": "Polygon",
        "coordinates": [
          [
            [
              0.13651991775562472,
              -0.8688398239000424
            ],
            [
              0.18575900731652945,
              -0.7769574113834795
            ],
            [
              0.410907607524003,
              -0.8634225492707648
            ],
            [
              0.42930440776444556,
              -0.9031531555506848
            ],
            [
              0.4275550934302822,
              -0.9039892931234433
            ],
            [
              0.4201451222287025,
              -0.9074569280508187
            ],
            [
              0.41270702980439494,
              -0.9108638249211757
            ],
            [
              0.40524131400499,
              -0.9142097557035306
            ],
            [
              0.3977484745270112,
              -0.9174944964474913
            ],
            [
              0.3902290128824281,
              -0.9207178272982476
            ],
            [
              0.38268343236508984,
              -0.9238795325112867
            ],
            [
              0.3751122380170382,
              -0.9269794004668328
            ],
            [
              0.3675159365947037,
              -0.9300172236840121
            ],
            [
              0.3598950365349883,
              -0.9329927988347388
            ],
            [
              0.3522500479212336,
              -0.9359059267573256
            ],
            [
              0.3445814824490805,
              -0.9387564124698132
            ],
            [
              0.3368898533922203,
              -0.9415440651830207
            ],
            [
              0.32917567556803906,
              -0.9442686983133165
            ],
            [
              0.3214394653031617,
              -0.9469301294951056
            ],
            [
              0.3136817403988916,
              -0.9495281805930367
            ],
            [
              0.3059030200965535,
              -0.9520626777139243
            ],
            [
              0.29810382504274,
              -0.9545334512183884
            ],
            [
              0.2902846772544625,
              -0.9569403357322088
            ],
            [
              0.2824461000842126,
              -0.9592831701573936
            ],
            [
              0.2745886181849324,
              -0.9615617976829619
            ],
            [
              0.26671275747489864,
              -0.9637760657954398
            ],
            [
              0.25881904510252096,
              -0.9659258262890682
            ],
            [
              0.2509080094110602,
              -0.9680109352757227
            ],
            [
              0.24298017990326398,
              -0.970031253194544
            ],
            [
              0.23503608720592675,
              -0.9719866448212794
            ],
            [
              0.22707626303437345,
              -0.9738769792773336
            ],
            [
              0.21910124015687,
              -0.9757021300385285
            ],
            [
              0.2111115523589653,
              -0.9774619749435718
            ],
            [
              0.20310773440776297,
              -0.9791563962022337
            ],
            [
              0.19509032201612833,
              -0.9807852804032304
            ],
            [
              0.1870598518068322,
              -0.9823485185218156
            ],
            [
              0.17901686127663285,
              -0.9838460059270774
            ],
            [
              0.17096188876030136,
              -0.9852776423889412
            ],
            [
              0.16289547339458882,
              -0.986643332084879
            ],
            [
              0.15481815508214108,
              -0.9879429836063224
            ],
            [
              0.15184034593647164,
              -0.9883971565937522
            ],
            [
              0.13651991775562472,
              -0.8688398239000424
            ]
          ]
        ]
      }
    },
    {
      "type": "Feature",
      "properties": {
        "cell_id": "CEG2000_f4_r0024_c0113",
        "method": "GeoDisk-Final",
        "view": "disk"
      },
      "geometry": {
        "type": "Polygon",
        "coordinates": [
          [
            [
              -0.7662266442604997,
              -0.5244517658016821
            ],
            [
              -0.5646204151155496,
              -0.5415793897906707
            ],
            [
              -0.5537243328231785,
              -0.6269901904533854
            ],
            [
              -0.6591794687454037,
              -0.7519844898214723
            ],
            [
              -0.6593458151000685,
              -0.7518398074789777
            ],
            [
              -0.6654746558033421,
              -0.7464204461852739
            ],
            [
              -0.6715589548470181,
              -0.7409511253549593
            ],
            [
              -0.6775983049957887,
              -0.7354322110615187
            ],
            [
              -0.6835923020228711,
              -0.7298640726978358
            ],
            [
              -0.6895405447370666,
              -0.7242470829514672
            ],
            [
              -0.6954426350096116,
              -0.7185816177796982
            ],
            [
              -0.701298177800824,
              -0.7128680563843801
            ],
            [
              -0.7071067811865475,
              -0.7071067811865476
            ],
            [
              -0.7128680563843797,
              -0.7012981778008245
            ],
            [
              -0.7185816177796978,
              -0.695442635009612
            ],
            [
              -0.7242470829514668,
              -0.689540544737067
            ],
            [
              -0.7298640726978354,
              -0.6835923020228716
            ],
            [
              -0.7354322110615186,
              -0.6775983049957888
            ],
            [
              -0.7409511253549589,
              -0.6715589548470186
            ],
            [
              -0.7464204461852735,
              -0.6654746558033425
            ],
            [
              -0.7518398074789773,
              -0.659345815100069
            ],
            [
              -0.7572088465064843,
              -0.6531728429537771
            ],
            [
              -0.7625272039063881,
              -0.6469561525348574
            ],
            [
              -0.7677945237095118,
              -0.640696159939861
            ],
            [
              -0.7730104533627367,
              -0.6343932841636458
            ],
            [
              -0.7781746437525977,
              -0.6280479470713344
            ],
            [
              -0.7832867492286502,
              -0.6216605733700776
            ],
            [
              -0.7883464276266062,
              -0.6152315905806269
            ],
            [
              -0.793353340291235,
              -0.6087614290087209
            ],
            [
              -0.7983071520990312,
              -0.6022505217162823
            ],
            [
              -0.8032075314806448,
              -0.5956993044924335
            ],
            [
              -0.8080541504430729,
              -0.5891082158243285
            ],
            [
              -0.8128466845916151,
              -0.5824776968678022
            ],
            [
              -0.8175848131515836,
              -0.5758081914178454
            ],
            [
              -0.8222682189897749,
              -0.5691001458788986
            ],
            [
              -0.8250862810479261,
              -0.5649926451454376
            ],
            [
              -0.7662266442604997,
              -0.5244517658016821
            ]
          ]
        ]
      }
    },
    {
      "type": "Feature",
      "properties": {
        "cell_id": "CEG2000_f4_r0024_c0114",
        "method": "GeoDisk-Final",
        "view": "disk"
      },
      "geometry": {
        "type": "Polygon",
        "coordinates": [
          [
            [
              -0.3173807630571231,
              -0.5279981678383052
            ],
            [
              -0.3036859031021216,
              -0.7261898512558443
            ],
            [
              -0.3134609710436956,
              -0.7395949561088808
            ],
            [
              -0.42999952713705847,
              -0.744197370293189
            ],
            [
              -0.5537243328231787,
              -0.6269901904533857
            ],
            [
              -0.56462041511555,
              -0.5415793897906706
            ],
            [
              -0.5405064874965534,
              -0.5188196662036021
            ],
            [
              -0.3173807630571231,
              -0.5279981678383052
            ]
          ]
        ]
      }
    },
    {
      "type": "Feature",
      "properties": {
        "cell_id": "CEG2000_f4_r0024_c0115",
        "method": "GeoDisk-Final",
        "view": "disk"
      },
      "geometry": {
        "type": "Polygon",
        "coordinates": [
          [
            [
              -0.05707290306092842,
              -0.5245972458384943
            ],
            [
              -0.07192509088113283,
              -0.7216125107147809
            ],
            [
              -0.3036859031021215,
              -0.7261898512558441
            ],
            [
              -0.31738076305712304,
              -0.5279981678383052
            ],
            [
              -0.3028912026641838,
              -0.5133424556144148
            ],
            [
              -0.06142806383099257,
              -0.51964960845752
            ],
            [
              -0.05707290306092842,
              -0.5245972458384943
            ]
          ]
        ]
      }
    },
    {
      "type": "Feature",
      "properties": {
        "cell_id": "CEG2000_f4_r0024_c0116",
        "method": "GeoDisk-Final",
        "view": "disk"
      },
      "geometry": {
        "type": "Polygon",
        "coordinates": [
          [
            [
              0.21136107697671935,
              -0.5686559092623661
            ],
            [
              0.17115426690217278,
              -0.7510765854802179
            ],
            [
              -0.06832582873800006,
              -0.7262144300261857
            ],
            [
              -0.07192509088113283,
              -0.721612510714781
            ],
            [
              -0.05707290306092842,
              -0.5245972458384944
            ],
            [
              0.18843158047330835,
              -0.5392874107823096
            ],
            [
              0.21136107697671935,
              -0.5686559092623661
            ]
          ]
        ]
      }
    },
    {
      "type": "Feature",
      "properties": {
        "cell_id": "CEG2000_f4_r0024_c0117",
        "method": "GeoDisk-Final",
        "view": "disk"
      },
      "geometry": {
        "type": "Polygon",
        "coordinates": [
          [
            [
              0.4594435174089882,
              -0.6127487304426613
            ],
            [
              0.4109076075240028,
              -0.8634225492707649
            ],
            [
              0.18575900731652956,
              -0.7769574113834796
            ],
            [
              0.17115426690217275,
              -0.7510765854802178
            ],
            [
              0.21136107697671933,
              -0.5686559092623661
            ],
            [
              0.44294308192641363,
              -0.591279851696451
            ],
            [
              0.4594435174089882,
              -0.6127487304426613
            ]
          ]
        ]
      }
    },
    {
      "type": "Feature",
      "properties": {
        "cell_id": "CEG2000_f4_r0024_c0118",
        "method": "GeoDisk-Final",
        "view": "disk"
      },
      "geometry": {
        "type": "Polygon",
        "coordinates": [
          [
            [
              0.4109076075240029,
              -0.8634225492707649
            ],
            [
              0.45944351740898826,
              -0.6127487304426615
            ],
            [
              0.6829032509497557,
              -0.6107809830429818
            ],
            [
              0.7454860082392375,
              -0.6665141632811136
            ],
            [
              0.7409511253549592,
              -0.6715589548470183
            ],
            [
              0.7354322110615187,
              -0.6775983049957887
            ],
            [
              0.7298640726978357,
              -0.6835923020228711
            ],
            [
              0.724247082951467,
              -0.6895405447370668
            ],
            [
              0.7185816177796982,
              -0.6954426350096116
            ],
            [
              0.71286805638438,
              -0.7012981778008243
            ],
            [
              0.7071067811865476,
              -0.7071067811865475
            ],
            [
              0.7012981778008244,
              -0.7128680563843798
            ],
            [
              0.6954426350096117,
              -0.7185816177796981
            ],
            [
              0.689540544737067,
              -0.7242470829514669
            ],
            [
              0.6835923020228714,
              -0.7298640726978356
            ],
            [
              0.6775983049957888,
              -0.7354322110615186
            ],
            [
              0.6715589548470184,
              -0.740951125354959
            ],
            [
              0.6654746558033422,
              -0.7464204461852738
            ],
            [
              0.659345815100069,
              -0.7518398074789774
            ],
            [
              0.6531728429537769,
              -0.7572088465064845
            ],
            [
              0.6469561525348575,
              -0.7625272039063881
            ],
            [
              0.6406961599398608,
              -0.767794523709512
            ],
            [
              0.6343932841636456,
              -0.7730104533627369
            ],
            [
              0.6280479470713343,
              -0.7781746437525978
            ],
            [
              0.6216605733700774,
              -0.7832867492286504
            ],
            [
              0.6152315905806269,
              -0.7883464276266062
            ],
            [
              0.6087614290087207,
              -0.7933533402912352
            ],
            [
              0.6022505217162821,
              -0.7983071520990314
            ],
            [
              0.5956993044924335,
              -0.8032075314806448
            ],
            [
              0.5891082158243284,
              -0.808054150443073
            ],
            [
              0.5824776968678023,
              -0.8128466845916151
            ],
            [
              0.5758081914178453,
              -0.8175848131515837
            ],
            [
              0.5691001458788983,
              -0.822268218989775
            ],
            [
              0.5623540092349731,
              -0.8268965886356962
            ],
            [
              0.5555702330196024,
              -0.8314696123025451
            ],
            [
              0.548749271285616,
              -0.8359869839079467
            ],
            [
              0.5418915805747517,
              -0.840448401094438
            ],
            [
              0.5349976198870973,
              -0.844853565249707
            ],
            [
              0.5280678506503681,
              -0.8492021815265789
            ],
            [
              0.5211027366890234,
              -0.8534939588627504
            ],
            [
              0.5141027441932219,
              -0.857728610000272
            ],
            [
              0.5070683416876172,
              -0.8619058515047742
            ],
            [
              0.5000000000000001,
              -0.8660254037844386
            ],
            [
              0.4928981922297841,
              -0.8700869911087113
            ],
            [
              0.4857633937163401,
              -0.8740903416267588
            ],
            [
              0.478596082007181,
              -0.8780351873856627
            ],
            [
              0.4713967368259978,
              -0.8819212643483549
            ],
            [
              0.46416584004055167,
              -0.8857483124112905
            ],
            [
              0.45690387563042073,
              -0.889516075421856
            ],
            [
              0.4496113296546066,
              -0.8932243011955153
            ],
            [
              0.44228869021900147,
              -0.8968727415326883
            ],
            [
              0.43493644744371723,
              -0.9004611522353636
            ],
            [
              0.42930440776444545,
              -0.9031531555506848
            ],
            [
              0.4109076075240029,
              -0.8634225492707649
            ]
          ]
        ]
      }
    },
    {
      "type": "Feature",
      "properties": {
        "cell_id": "CEG2000_f4_r0025_c0112",
        "method": "GeoDisk-Final",
        "view": "disk"
      },
      "geometry": {
        "type": "Polygon",
        "coordinates": [
          [
            [
              -0.9378080463969372,
              -0.24856075338273032
            ],
            [
              -0.750006832596783,
              -0.28162073219519745
            ],
            [
              -0.7662266442604992,
              -0.5244517658016818
            ],
            [
              -0.8250862810479261,
              -0.5649926451454377
            ],
            [
              -0.8268965886356962,
              -0.5623540092349733
            ],
            [
              -0.831469612302545,
              -0.5555702330196025
            ],
            [
              -0.8359869839079465,
              -0.5487492712856163
            ],
            [
              -0.8404484010944379,
              -0.541891580574752
            ],
            [
              -0.8448535652497069,
              -0.5349976198870976
            ],
            [
              -0.8492021815265788,
              -0.5280678506503681
            ],
            [
              -0.8534939588627503,
              -0.5211027366890236
            ],
            [
              -0.8577286100002718,
              -0.5141027441932221
            ],
            [
              -0.8619058515047742,
              -0.5070683416876173
            ],
            [
              -0.8660254037844385,
              -0.5000000000000003
            ],
            [
              -0.8700869911087113,
              -0.49289819222978415
            ],
            [
              -0.8740903416267587,
              -0.4857633937163403
            ],
            [
              -0.8780351873856626,
              -0.47859608200718123
            ],
            [
              -0.8819212643483549,
              -0.47139673682599786
            ],
            [
              -0.8857483124112904,
              -0.4641658400405519
            ],
            [
              -0.889516075421856,
              -0.4569038756304208
            ],
            [
              -0.8932243011955152,
              -0.4496113296546069
            ],
            [
              -0.8968727415326881,
              -0.4422886902190017
            ],
            [
              -0.9004611522353635,
              -0.4349364474437173
            ],
            [
              -0.9039892931234431,
              -0.4275550934302824
            ],
            [
              -0.9074569280508186,
              -0.42014512222870254
            ],
            [
              -0.9108638249211757,
              -0.412707029804395
            ],
            [
              -0.9142097557035305,
              -0.4052413140049903
            ],
            [
              -0.9174944964474913,
              -0.39774847452701123
            ],
            [
              -0.9207178272982475,
              -0.3902290128824284
            ],
            [
              -0.9238795325112867,
              -0.3826834323650899
            ],
            [
              -0.9269794004668328,
              -0.37511223801703825
            ],
            [
              -0.930017223684012,
              -0.367515936594704
            ],
            [
              -0.9329927988347388,
              -0.35989503653498833
            ],
            [
              -0.9359059267573255,
              -0.3522500479212339
            ],
            [
              -0.9387564124698131,
              -0.34458148244908055
            ],
            [
              -0.9415440651830207,
              -0.33688985339222033
            ],
            [
              -0.9442686983133164,
              -0.32917567556803934
            ],
            [
              -0.9469301294951056,
              -0.32143946530316175
            ],
            [
              -0.9495281805930366,
              -0.3136817403988918
            ],
            [
              -0.9520626777139243,
              -0.30590302009655357
            ],
            [
              -0.9545334512183884,
              -0.2981038250427401
            ],
            [
              -0.9569403357322087,
              -0.2902846772544628
            ],
            [
              -0.9592831701573936,
              -0.28244610008421267
            ],
            [
              -0.9615617976829619,
              -0.2745886181849327
            ],
            [
              -0.9637760657954397,
              -0.2667127574748989
            ],
            [
              -0.9659258262890682,
              -0.258819045102521
            ],
            [
              -0.966715050571441,
              -0.2558246781383095
            ],
            [
              -0.9378080463969372,
              -0.24856075338273032
            ]
          ]
        ]
      }
    },
    {
      "type": "Feature",
      "properties": {
        "cell_id": "CEG2000_f4_r0025_c0113",
        "method": "GeoDisk-Final",
        "view": "disk"
      },
      "geometry": {
        "type": "Polygon",
        "coordinates": [
          [
            [
              -0.5405064874965534,
              -0.5188196662036016
            ],
            [
              -0.5646204151155505,
              -0.5415793897906707
            ],
            [
              -0.7662266442604997,
              -0.5244517658016821
            ],
            [
              -0.7500068325967834,
              -0.2816207321951974
            ],
            [
              -0.7386594114861228,
              -0.274489342518585
            ],
            [
              -0.5464293280663415,
              -0.29121627127233396
            ],
            [
              -0.5405064874965534,
              -0.5188196662036016
            ]
          ]
        ]
      }
    },
    {
      "type": "Feature",
      "properties": {
        "cell_id": "CEG2000_f4_r0025_c0114",
        "method": "GeoDisk-Final",
        "view": "disk"
      },
      "geometry": {
        "type": "Polygon",
        "coordinates": [
          [
            [
              -0.3038409184431545,
              -0.28278972194261
            ],
            [
              -0.30289120266418385,
              -0.5133424556144148
            ],
            [
              -0.31738076305712326,
              -0.5279981678383052
            ],
            [
              -0.5405064874965534,
              -0.5188196662036022
            ],
            [
              -0.5464293280663415,
              -0.29121627127233385
            ],
            [
              -0.5271104660223456,
              -0.2750603312000718
            ],
            [
              -0.3038409184431545,
              -0.28278972194261
            ]
          ]
        ]
      }
    },
    {
      "type": "Feature",
      "properties": {
        "cell_id": "CEG2000_f4_r0025_c0115",
        "method": "GeoDisk-Final",
        "view": "disk"
      },
      "geometry": {
        "type": "Polygon",
        "coordinates": [
          [
            [
              -0.048344751149234845,
              -0.28832724811419974
            ],
            [
              -0.06142806383099267,
              -0.51964960845752
            ],
            [
              -0.3028912026641838,
              -0.5133424556144148
            ],
            [
              -0.3038409184431544,
              -0.28278972194261
            ],
            [
              -0.29738865819073734,
              -0.27687824946606643
            ],
            [
              -0.05575488847753048,
              -0.2806265759032286
            ],
            [
              -0.048344751149234845,
              -0.28832724811419974
            ]
          ]
        ]
      }
    },
    {
      "type": "Feature",
      "properties": {
        "cell_id": "CEG2000_f4_r0025_c0116",
        "method": "GeoDisk-Final",
        "view": "disk"
      },
      "geometry": {
        "type": "Polygon",
        "coordinates": [
          [
            [
              0.21421472242257383,
              -0.30900812994985016
            ],
            [
              0.1884315804733084,
              -0.5392874107823097
            ],
            [
              -0.057072903060928326,
              -0.5245972458384944
            ],
            [
              -0.06142806383099257,
              -0.51964960845752
            ],
            [
              -0.04834475114923478,
              -0.28832724811419985
            ],
            [
              0.1989617362200577,
              -0.2923927653164618
            ],
            [
              0.21421472242257383,
              -0.30900812994985016
            ]
          ]
        ]
      }
    },
    {
      "type": "Feature",
      "properties": {
        "cell_id": "CEG2000_f4_r0025_c0117",
        "method": "GeoDisk-Final",
        "view": "disk"
      },
      "geometry": {
        "type": "Polygon",
        "coordinates": [
          [
            [
              0.47633852062358967,
              -0.31875515764528195
            ],
            [
              0.44294308192641363,
              -0.5912798516964509
            ],
            [
              0.21136107697671938,
              -0.5686559092623661
            ],
            [
              0.18843158047330835,
              -0.5392874107823096
            ],
            [
              0.21421472242257378,
              -0.30900812994985
            ],
            [
              0.47356325920311576,
              -0.31561820767206733
            ],
            [
              0.47633852062358967,
              -0.31875515764528195
            ]
          ]
        ]
      }
    },
    {
      "type": "Feature",
      "properties": {
        "cell_id": "CEG2000_f4_r0025_c0118",
        "method": "GeoDisk-Final",
        "view": "disk"
      },
      "geometry": {
        "type": "Polygon",
        "coordinates": [
          [
            [
              0.7093686633055798,
              -0.3325330864685089
            ],
            [
              0.6829032509497558,
              -0.6107809830429818
            ],
            [
              0.45944351740898814,
              -0.6127487304426615
            ],
            [
              0.4429430819264135,
              -0.591279851696451
            ],
            [
              0.4763385206235895,
              -0.3187551576452819
            ],
            [
              0.7093686633055798,
              -0.3325330864685089
            ]
          ]
        ]
      }
    },
    {
      "type": "Feature",
      "properties": {
        "cell_id": "CEG2000_f4_r0025_c0119",
        "method": "GeoDisk-Final",
        "view": "disk"
      },
      "geometry": {
        "type": "Polygon",
        "coordinates": [
          [
            [
              0.6829032509497557,
              -0.6107809830429817
            ],
            [
              0.7093686633055797,
              -0.3325330864685089
            ],
            [
              0.7665233591001754,
              -0.2920598673957686
            ],
            [
              0.9339722677421876,
              -0.35732459375184994
            ],
            [
              0.932992798834739,
              -0.3598950365349881
            ],
            [
              0.9300172236840122,
              -0.3675159365947035
            ],
            [
              0.9269794004668329,
              -0.37511223801703797
            ],
            [
              0.9238795325112867,
              -0.3826834323650898
            ],
            [
              0.9207178272982477,
              -0.390229012882428
            ],
            [
              0.9174944964474914,
              -0.397748474527011
            ],
            [
              0.9142097557035307,
              -0.4052413140049898
            ],
            [
              0.9108638249211758,
              -0.41270702980439467
            ],
            [
              0.9074569280508187,
              -0.4201451222287024
            ],
            [
              0.9039892931234433,
              -0.42755509343028203
            ],
            [
              0.9004611522353636,
              -0.43493644744371707
            ],
            [
              0.8968727415326884,
              -0.44228869021900125
            ],
            [
              0.8932243011955153,
              -0.44961132965460654
            ],
            [
              0.8895160754218561,
              -0.4569038756304206
            ],
            [
              0.8857483124112906,
              -0.4641658400405515
            ],
            [
              0.881921264348355,
              -0.4713967368259976
            ],
            [
              0.8780351873856628,
              -0.4785960820071808
            ],
            [
              0.8740903416267589,
              -0.48576339371634003
            ],
            [
              0.8700869911087115,
              -0.4928981922297839
            ],
            [
              0.8660254037844387,
              -0.49999999999999994
            ],
            [
              0.8619058515047743,
              -0.507068341687617
            ],
            [
              0.8577286100002721,
              -0.5141027441932217
            ],
            [
              0.8534939588627505,
              -0.5211027366890234
            ],
            [
              0.849202181526579,
              -0.5280678506503679
            ],
            [
              0.8448535652497071,
              -0.5349976198870972
            ],
            [
              0.8404484010944381,
              -0.5418915805747516
            ],
            [
              0.8359869839079467,
              -0.5487492712856158
            ],
            [
              0.8314696123025452,
              -0.5555702330196022
            ],
            [
              0.8268965886356963,
              -0.562354009234973
            ],
            [
              0.8222682189897751,
              -0.5691001458788982
            ],
            [
              0.8175848131515837,
              -0.5758081914178452
            ],
            [
              0.8128466845916152,
              -0.582477696867802
            ],
            [
              0.8080541504430732,
              -0.5891082158243282
            ],
            [
              0.8032075314806449,
              -0.5956993044924332
            ],
            [
              0.7983071520990315,
              -0.6022505217162819
            ],
            [
              0.7933533402912353,
              -0.6087614290087205
            ],
            [
              0.7883464276266062,
              -0.6152315905806268
            ],
            [
              0.7832867492286505,
              -0.6216605733700773
            ],
            [
              0.7781746437525979,
              -0.6280479470713342
            ],
            [
              0.773010453362737,
              -0.6343932841636455
            ],
            [
              0.7677945237095121,
              -0.6406961599398607
            ],
            [
              0.7625272039063882,
              -0.6469561525348573
            ],
            [
              0.7572088465064847,
              -0.6531728429537766
            ],
            [
              0.7518398074789775,
              -0.6593458151000688
            ],
            [
              0.7464204461852738,
              -0.6654746558033421
            ],
            [
              0.7454860082392375,
              -0.6665141632811136
            ],
            [
              0.6829032509497557,
              -0.6107809830429817
            ]
          ]
        ]
      }
    },
    {
      "type": "Feature",
      "properties": {
        "cell_id": "CEG2000_f4_r0026_c0111",
        "method": "GeoDisk-Final",
        "view": "disk"
      },
      "geometry": {
        "type": "Polygon",
        "coordinates": [
          [
            [
              -0.8595396951698459,
              0.0010715178279457993
            ],
            [
              -0.8328594848336414,
              -0.01828971137547561
            ],
            [
              -0.9378080463969372,
              -0.24856075338273026
            ],
            [
              -0.966715050571441,
              -0.25582467813830945
            ],
            [
              -0.9680109352757226,
              -0.25090800941106045
            ],
            [
              -0.970031253194544,
              -0.24298017990326407
            ],
            [
              -0.9719866448212794,
              -0.23503608720592703
            ],
            [
              -0.9738769792773335,
              -0.22707626303437373
            ],
            [
              -0.9757021300385285,
              -0.21910124015687005
            ],
            [
              -0.9774619749435718,
              -0.2111115523589656
            ],
            [
              -0.9791563962022337,
              -0.20310773440776303
            ],
            [
              -0.9807852804032304,
              -0.1950903220161286
            ],
            [
              -0.9823485185218156,
              -0.1870598518068325
            ],
            [
              -0.9838460059270774,
              -0.1790168612766329
            ],
            [
              -0.9852776423889412,
              -0.17096188876030163
            ],
            [
              -0.986643332084879,
              -0.1628954733945889
            ],
            [
              -0.9879429836063223,
              -0.15481815508214136
            ],
            [
              -0.9891765099647809,
              -0.14673047445536225
            ],
            [
              -0.9903438285976648,
              -0.1386329728402269
            ],
            [
              -0.9914448613738104,
              -0.130526192220052
            ],
            [
              -0.99247953459871,
              -0.12241067519921635
            ],
            [
              -0.9934477790194444,
              -0.11428696496684672
            ],
            [
              -0.994349529829318,
              -0.10615560526045797
            ],
            [
              -0.9951847266721968,
              -0.09801714032956083
            ],
            [
              -0.9959533136465477,
              -0.08987211489923537
            ],
            [
              -0.9966552393091803,
              -0.08172107413366836
            ],
            [
              -0.9972904566786902,
              -0.07356456359966773
            ],
            [
              -0.9978589232386035,
              -0.06540312923014356
            ],
            [
              -0.9983606009402225,
              -0.05723731728756885
            ],
            [
              -0.9987954562051724,
              -0.04906767432741841
            ],
            [
              -0.9991634599276488,
              -0.04089474716158358
            ],
            [
              -0.9994645874763657,
              -0.03271908282177645
            ],
            [
              -0.9996988186962042,
              -0.02454122852291277
            ],
            [
              -0.9998661379095618,
              -0.016361731626486995
            ],
            [
              -0.9999665339174011,
              -0.00818113960393752
            ],
            [
              -1.0,
              -1.2246467991473532e-16
            ],
            [
              -0.9999930031766939,
              0.0017104478267455144
            ],
            [
              -0.8595396951698459,
              0.0010715178279457993
            ]
          ]
        ]
      }
    },
    {
      "type": "Feature",
      "properties": {
        "cell_id": "CEG2000_f4_r0026_c0112",
        "method": "GeoDisk-Final",
        "view": "disk"
      },
      "geometry": {
        "type": "Polygon",
        "coordinates": [
          [
            [
              -0.7386594114861227,
              -0.27448934251858503
            ],
            [
              -0.7500068325967835,
              -0.28162073219519757
            ],
            [
              -0.9378080463969374,
              -0.24856075338273043
            ],
            [
              -0.8328594848336415,
              -0.018289711375475505
            ],
            [
              -0.7209658158462414,
              -0.01559931845567952
            ],
            [
              -0.7185898342788106,
              -0.017559867207560587
            ],
            [
              -0.7386594114861227,
              -0.27448934251858503
            ]
          ]
        ]
      }
    },
    {
      "type": "Feature",
      "properties": {
        "cell_id": "CEG2000_f4_r0026_c0113",
        "method": "GeoDisk-Final",
        "view": "disk"
      },
      "geometry": {
        "type": "Polygon",
        "coordinates": [
          [
            [
              -0.5271104660223456,
              -0.2750603312000716
            ],
            [
              -0.5464293280663416,
              -0.29121627127233385
            ],
            [
              -0.7386594114861229,
              -0.274489342518585
            ],
            [
              -0.7185898342788108,
              -0.017559867207560524
            ],
            [
              -0.5286176257189834,
              -0.015495225648317321
            ],
            [
              -0.5221021625910027,
              -0.021293800185158196
            ],
            [
              -0.5271104660223456,
              -0.2750603312000716
            ]
          ]
        ]
      }
    },
    {
      "type": "Feature",
      "properties": {
        "cell_id": "CEG2000_f4_r0026_c0114",
        "method": "GeoDisk-Final",
        "view": "disk"
      },
      "geometry": {
        "type": "Polygon",
        "coordinates": [
          [
            [
              -0.29169129937932864,
              -0.029920075615868513
            ],
            [
              -0.29738865819073734,
              -0.2768782494660665
            ],
            [
              -0.3038409184431544,
              -0.28278972194261
            ],
            [
              -0.5271104660223456,
              -0.2750603312000717
            ],
            [
              -0.5221021625910027,
              -0.021293800185158196
            ],
            [
              -0.3026274539790997,
              -0.019632318996302214
            ],
            [
              -0.29169129937932864,
              -0.029920075615868513
            ]
          ]
        ]
      }
    },
    {
      "type": "Feature",
      "properties": {
        "cell_id": "CEG2000_f4_r0026_c0115",
        "method": "GeoDisk-Final",
        "view": "disk"
      },
      "geometry": {
        "type": "Polygon",
        "coordinates": [
          [
            [
              -0.04603172745224894,
              -0.04231151052181753
            ],
            [
              -0.05575488847753052,
              -0.2806265759032286
            ],
            [
              -0.29738865819073734,
              -0.2768782494660665
            ],
            [
              -0.29169129937932864,
              -0.02992007561586848
            ],
            [
              -0.062389083574685096,
              -0.026603078865740145
            ],
            [
              -0.04603172745224894,
              -0.04231151052181753
            ]
          ]
        ]
      }
    },
    {
      "type": "Feature",
      "properties": {
        "cell_id": "CEG2000_f4_r0026_c0116",
        "method": "GeoDisk-Final",
        "view": "disk"
      },
      "geometry": {
        "type": "Polygon",
        "coordinates": [
          [
            [
              0.21088922896636036,
              -0.058056397075242655
            ],
            [
              0.1989617362200577,
              -0.2923927653164618
            ],
            [
              -0.0483447511492347,
              -0.2883272481141999
            ],
            [
              -0.055754888477530476,
              -0.28062657590322854
            ],
            [
              -0.04603172745224889,
              -0.04231151052181756
            ],
            [
              0.18601825929561988,
              -0.03476373045825108
            ],
            [
              0.21088922896636036,
              -0.058056397075242655
            ]
          ]
        ]
      }
    },
    {
      "type": "Feature",
      "properties": {
        "cell_id": "CEG2000_f4_r0026_c0117",
        "method": "GeoDisk-Final",
        "view": "disk"
      },
      "geometry": {
        "type": "Polygon",
        "coordinates": [
          [
            [
              0.4831043080369122,
              -0.07686790995589818
            ],
            [
              0.47356325920311576,
              -0.31561820767206733
            ],
            [
              0.21421472242257394,
              -0.3090081299498501
            ],
            [
              0.19896173622005775,
              -0.2923927653164618
            ],
            [
              0.2108892289663604,
              -0.058056397075242704
            ],
            [
              0.4409297608711208,
              -0.04105478715499478
            ],
            [
              0.4831043080369122,
              -0.07686790995589818
            ]
          ]
        ]
      }
    },
    {
      "type": "Feature",
      "properties": {
        "cell_id": "CEG2000_f4_r0026_c0118",
        "method": "GeoDisk-Final",
        "view": "disk"
      },
      "geometry": {
        "type": "Polygon",
        "coordinates": [
          [
            [
              0.7687704687090451,
              -0.0881442466435503
            ],
            [
              0.7665233591001753,
              -0.2920598673957684
            ],
            [
              0.7093686633055796,
              -0.33253308646850893
            ],
            [
              0.4763385206235897,
              -0.31875515764528206
            ],
            [
              0.47356325920311576,
              -0.31561820767206733
            ],
            [
              0.4831043080369122,
              -0.07686790995589829
            ],
            [
              0.6911305281793856,
              -0.03937660148334034
            ],
            [
              0.7687704687090451,
              -0.0881442466435503
            ]
          ]
        ]
      }
    },
    {
      "type": "Feature",
      "properties": {
        "cell_id": "CEG2000_f4_r0026_c0119",
        "method": "GeoDisk-Final",
        "view": "disk"
      },
      "geometry": {
        "type": "Polygon",
        "coordinates": [
          [
            [
              0.7665233591001754,
              -0.29205986739576845
            ],
            [
              0.7687704687090452,
              -0.0881442466435502
            ],
            [
              0.9249203189670241,
              -0.014568190547224358
            ],
            [
              0.9998896036900119,
              -0.014449663801439876
            ],
            [
              0.9998661379095618,
              -0.01636173162648678
            ],
            [
              0.9996988186962042,
              -0.024541228522912288
            ],
            [
              0.9994645874763657,
              -0.03271908282177614
            ],
            [
              0.9991634599276488,
              -0.04089474716158344
            ],
            [
              0.9987954562051724,
              -0.049067674327418015
            ],
            [
              0.9983606009402225,
              -0.057237317287568625
            ],
            [
              0.9978589232386035,
              -0.06540312923014306
            ],
            [
              0.9972904566786902,
              -0.07356456359966743
            ],
            [
              0.9966552393091803,
              -0.0817210741336682
            ],
            [
              0.9959533136465477,
              -0.08987211489923497
            ],
            [
              0.9951847266721969,
              -0.0980171403295606
            ],
            [
              0.9943495298293181,
              -0.10615560526045748
            ],
            [
              0.9934477790194444,
              -0.11428696496684639
            ],
            [
              0.99247953459871,
              -0.12241067519921618
            ],
            [
              0.9914448613738104,
              -0.13052619222005157
            ],
            [
              0.9903438285976649,
              -0.13863297284022666
            ],
            [
              0.989176509964781,
              -0.14673047445536175
            ],
            [
              0.9879429836063224,
              -0.15481815508214103
            ],
            [
              0.986643332084879,
              -0.1628954733945887
            ],
            [
              0.9852776423889412,
              -0.17096188876030122
            ],
            [
              0.9838460059270774,
              -0.17901686127663266
            ],
            [
              0.9823485185218157,
              -0.18705985180683196
            ],
            [
              0.9807852804032304,
              -0.19509032201612825
            ],
            [
              0.9791563962022337,
              -0.20310773440776286
            ],
            [
              0.9774619749435719,
              -0.21111155235896514
            ],
            [
              0.9757021300385286,
              -0.21910124015686977
            ],
            [
              0.9738769792773336,
              -0.2270762630343732
            ],
            [
              0.9719866448212794,
              -0.23503608720592667
            ],
            [
              0.970031253194544,
              -0.24298017990326384
            ],
            [
              0.9680109352757227,
              -0.25090800941106
            ],
            [
              0.9659258262890683,
              -0.25881904510252074
            ],
            [
              0.9637760657954398,
              -0.26671275747489837
            ],
            [
              0.9615617976829619,
              -0.2745886181849323
            ],
            [
              0.9592831701573936,
              -0.28244610008421245
            ],
            [
              0.9569403357322088,
              -0.29028467725446233
            ],
            [
              0.9545334512183885,
              -0.2981038250427398
            ],
            [
              0.9520626777139243,
              -0.30590302009655346
            ],
            [
              0.9495281805930367,
              -0.31368174039889146
            ],
            [
              0.9469301294951057,
              -0.32143946530316153
            ],
            [
              0.9442686983133165,
              -0.32917567556803884
            ],
            [
              0.9415440651830208,
              -0.33688985339222005
            ],
            [
              0.9387564124698132,
              -0.34458148244908043
            ],
            [
              0.9359059267573258,
              -0.3522500479212335
            ],
            [
              0.9339722677421877,
              -0.35732459375184983
            ],
            [
              0.7665233591001754,
              -0.29205986739576845
            ]
          ]
        ]
      }
    },
    {
      "type": "Feature",
      "properties": {
        "cell_id": "CEG2000_f4_r0027_c0111",
        "method": "GeoDisk-Final",
        "view": "disk"
      },
      "geometry": {
        "type": "Polygon",
        "coordinates": [
          [
            [
              -0.8955842957532161,
              0.21548965605845122
            ],
            [
              -0.8595396951698462,
              0.001071517827945843
            ],
            [
              -0.9999930031766939,
              0.0017104478267455532
            ],
            [
              -0.9999665339174011,
              0.008181139603936832
            ],
            [
              -0.9998661379095618,
              0.016361731626486308
            ],
            [
              -0.9996988186962042,
              0.02454122852291208
            ],
            [
              -0.9994645874763657,
              0.03271908282177576
            ],
            [
              -0.9991634599276488,
              0.04089474716158289
            ],
            [
              -0.9987954562051724,
              0.049067674327417724
            ],
            [
              -0.9983606009402225,
              0.05723731728756816
            ],
            [
              -0.9978589232386035,
              0.06540312923014287
            ],
            [
              -0.9972904566786902,
              0.07356456359966705
            ],
            [
              -0.9966552393091803,
              0.08172107413366768
            ],
            [
              -0.9959533136465478,
              0.08987211489923469
            ],
            [
              -0.9951847266721969,
              0.09801714032956015
            ],
            [
              -0.9943495298293181,
              0.1061556052604573
            ],
            [
              -0.9934477790194445,
              0.11428696496684604
            ],
            [
              -0.9924795345987101,
              0.12241067519921565
            ],
            [
              -0.9914448613738105,
              0.13052619222005132
            ],
            [
              -0.9903438285976649,
              0.13863297284022622
            ],
            [
              -0.989176509964781,
              0.14673047445536158
            ],
            [
              -0.9879429836063224,
              0.15481815508214067
            ],
            [
              -0.9866433320848791,
              0.1628954733945882
            ],
            [
              -0.9852776423889413,
              0.17096188876030097
            ],
            [
              -0.9838460059270775,
              0.17901686127663224
            ],
            [
              -0.9823485185218157,
              0.1870598518068318
            ],
            [
              -0.9807852804032305,
              0.19509032201612792
            ],
            [
              -0.9791563962022338,
              0.20310773440776236
            ],
            [
              -0.9774619749435719,
              0.21111155235896492
            ],
            [
              -0.9757021300385287,
              0.21910124015686938
            ],
            [
              -0.9738769792773336,
              0.22707626303437303
            ],
            [
              -0.9726091552908527,
              0.23241481885477058
            ],
            [
              -0.8955842957532161,
              0.21548965605845122
            ]
          ]
        ]
      }
    },
    {
      "type": "Feature",
      "properties": {
        "cell_id": "CEG2000_f4_r0027_c0112",
        "method": "GeoDisk-Final",
        "view": "disk"
      },
      "geometry": {
        "type": "Polygon",
        "coordinates": [
          [
            [
              -0.7349159089283852,
              0.24734312620990176
            ],
            [
              -0.7209658158462414,
              -0.015599318455679662
            ],
            [
              -0.8328594848336417,
              -0.018289711375475637
            ],
            [
              -0.859539695169846,
              0.0010715178279454562
            ],
            [
              -0.8955842957532159,
              0.21548965605845094
            ],
            [
              -0.7500569829468098,
              0.2568862455397279
            ],
            [
              -0.7349159089283852,
              0.24734312620990176
            ]
          ]
        ]
      }
    },
    {
      "type": "Feature",
      "properties": {
        "cell_id": "CEG2000_f4_r0027_c0113",
        "method": "GeoDisk-Final",
        "view": "disk"
      },
      "geometry": {
        "type": "Polygon",
        "coordinates": [
          [
            [
              -0.5252579001297092,
              0.2383284823627838
            ],
            [
              -0.5286176257189834,
              -0.01549522564831729
            ],
            [
              -0.7185898342788104,
              -0.017559867207560545
            ],
            [
              -0.7209658158462413,
              -0.015599318455679367
            ],
            [
              -0.7349159089283851,
              0.2473431262099018
            ],
            [
              -0.5571810867766911,
              0.26507165309240055
            ],
            [
              -0.5252579001297092,
              0.2383284823627838
            ]
          ]
        ]
      }
    },
    {
      "type": "Feature",
      "properties": {
        "cell_id": "CEG2000_f4_r0027_c0114",
        "method": "GeoDisk-Final",
        "view": "disk"
      },
      "geometry": {
        "type": "Polygon",
        "coordinates": [
          [
            [
              -0.2940000252018794,
              0.22126571625837307
            ],
            [
              -0.3026274539790996,
              -0.01963231899630219
            ],
            [
              -0.5221021625910027,
              -0.021293800185158196
            ],
            [
              -0.5286176257189834,
              -0.015495225648317332
            ],
            [
              -0.5252579001297092,
              0.23832848236278376
            ],
            [
              -0.32089304488073783,
              0.24626576880312412
            ],
            [
              -0.2940000252018794,
              0.22126571625837307
            ]
          ]
        ]
      }
    },
    {
      "type": "Feature",
      "properties": {
        "cell_id": "CEG2000_f4_r0027_c0115",
        "method": "GeoDisk-Final",
        "view": "disk"
      },
      "geometry": {
        "type": "Polygon",
        "coordinates": [
          [
            [
              -0.055010874262994294,
              0.20799892896180788
            ],
            [
              -0.062389083574685145,
              -0.026603078865740138
            ],
            [
              -0.2916912993793286,
              -0.029920075615868486
            ],
            [
              -0.3026274539790996,
              -0.01963231899630216
            ],
            [
              -0.29400002520187934,
              0.22126571625837313
            ],
            [
              -0.07696711714442707,
              0.22836605991979397
            ],
            [
              -0.055010874262994294,
              0.20799892896180788
            ]
          ]
        ]
      }
    },
    {
      "type": "Feature",
      "properties": {
        "cell_id": "CEG2000_f4_r0027_c0116",
        "method": "GeoDisk-Final",
        "view": "disk"
      },
      "geometry": {
        "type": "Polygon",
        "coordinates": [
          [
            [
              0.18846877654353247,
              0.20198138947499464
            ],
            [
              0.18601825929561983,
              -0.03476373045825109
            ],
            [
              -0.0460317274522489,
              -0.042311510521817586
            ],
            [
              -0.062389083574685145,
              -0.026603078865740107
            ],
            [
              -0.055010874262994294,
              0.20799892896180788
            ],
            [
              0.1670556733164768,
              0.22047128212342318
            ],
            [
              0.18846877654353247,
              0.20198138947499464
            ]
          ]
        ]
      }
    },
    {
      "type": "Feature",
      "properties": {
        "cell_id": "CEG2000_f4_r0027_c0117",
        "method": "GeoDisk-Final",
        "view": "disk"
      },
      "geometry": {
        "type": "Polygon",
        "coordinates": [
          [
            [
              0.4340931715213622,
              0.20550847655284715
            ],
            [
              0.44092976087112074,
              -0.041054787154994735
            ],
            [
              0.2108892289663603,
              -0.058056397075242655
            ],
            [
              0.18601825929561988,
              -0.034763730458251124
            ],
            [
              0.18846877654353253,
              0.20198138947499464
            ],
            [
              0.4092079093369145,
              0.22428574489277822
            ],
            [
              0.4340931715213622,
              0.20550847655284715
            ]
          ]
        ]
      }
    },
    {
      "type": "Feature",
      "properties": {
        "cell_id": "CEG2000_f4_r0027_c0118",
        "method": "GeoDisk-Final",
        "view": "disk"
      },
      "geometry": {
        "type": "Polygon",
        "coordinates": [
          [
            [
              0.6652316883331186,
              0.21589973143028798
            ],
            [
              0.6911305281793857,
              -0.0393766014833403
            ],
            [
              0.4831043080369123,
              -0.07686790995589826
            ],
            [
              0.4409297608711207,
              -0.04105478715499472
            ],
            [
              0.4340931715213621,
              0.20550847655284707
            ],
            [
              0.6284672378798021,
              0.23850666885282684
            ],
            [
              0.6652316883331186,
              0.21589973143028798
            ]
          ]
        ]
      }
    },
    {
      "type": "Feature",
      "properties": {
        "cell_id": "CEG2000_f4_r0027_c0119",
        "method": "GeoDisk-Final",
        "view": "disk"
      },
      "geometry": {
        "type": "Polygon",
        "coordinates": [
          [
            [
              0.924920318967024,
              -0.014568190547224302
            ],
            [
              0.7687704687090451,
              -0.08814424664355028
            ],
            [
              0.6911305281793857,
              -0.03937660148334024
            ],
            [
              0.6652316883331187,
              0.21589973143028798
            ],
            [
              0.7902782167009011,
              0.24837773323125745
            ],
            [
              0.7913103000164791,
              0.24805954253598633
            ],
            [
              0.924920318967024,
              -0.014568190547224302
            ]
          ]
        ]
      }
    },
    {
      "type": "Feature",
      "properties": {
        "cell_id": "CEG2000_f4_r0027_c0120",
        "method": "GeoDisk-Final",
        "view": "disk"
      },
      "geometry": {
        "type": "Polygon",
        "coordinates": [
          [
            [
              0.9249203189670241,
              -0.014568190547224242
            ],
            [
              0.7913103000164792,
              0.24805954253598633
            ],
            [
              0.9538941232332044,
              0.30012191518770936
            ],
            [
              0.9545334512183883,
              0.2981038250427402
            ],
            [
              0.9569403357322086,
              0.29028467725446333
            ],
            [
              0.9592831701573934,
              0.2824461000842132
            ],
            [
              0.9615617976829618,
              0.2745886181849328
            ],
            [
              0.9637760657954396,
              0.2667127574748994
            ],
            [
              0.9659258262890681,
              0.25881904510252157
            ],
            [
              0.9680109352757226,
              0.25090800941106056
            ],
            [
              0.970031253194544,
              0.24298017990326418
            ],
            [
              0.9719866448212792,
              0.23503608720592759
            ],
            [
              0.9738769792773335,
              0.22707626303437384
            ],
            [
              0.9757021300385285,
              0.21910124015687016
            ],
            [
              0.9774619749435717,
              0.21111155235896614
            ],
            [
              0.9791563962022336,
              0.20310773440776358
            ],
            [
              0.9807852804032303,
              0.19509032201612872
            ],
            [
              0.9823485185218155,
              0.18705985180683304
            ],
            [
              0.9838460059270773,
              0.1790168612766335
            ],
            [
              0.9852776423889411,
              0.17096188876030177
            ],
            [
              0.986643332084879,
              0.162895473394589
            ],
            [
              0.9879429836063223,
              0.15481815508214192
            ],
            [
              0.9891765099647809,
              0.1467304744553624
            ],
            [
              0.9903438285976648,
              0.13863297284022702
            ],
            [
              0.9914448613738103,
              0.13052619222005257
            ],
            [
              0.9924795345987099,
              0.1224106751992169
            ],
            [
              0.9934477790194444,
              0.11428696496684684
            ],
            [
              0.994349529829318,
              0.10615560526045854
            ],
            [
              0.9951847266721968,
              0.0980171403295614
            ],
            [
              0.9959533136465477,
              0.0898721148992355
            ],
            [
              0.9966552393091803,
              0.08172107413366848
            ],
            [
              0.9972904566786901,
              0.0735645635996683
            ],
            [
              0.9978589232386035,
              0.06540312923014367
            ],
            [
              0.9983606009402225,
              0.05723731728756897
            ],
            [
              0.9987954562051723,
              0.04906767432741898
            ],
            [
              0.9991634599276488,
              0.040894747161584144
            ],
            [
              0.9994645874763657,
              0.032719082821776574
            ],
            [
              0.9996988186962041,
              0.024541228522913336
            ],
            [
              0.9998661379095618,
              0.016361731626487564
            ],
            [
              0.9999665339174011,
              0.008181139603937642
            ],
            [
              1.0,
              0.0
            ],
            [
              0.9999665339174011,
              -0.008181139603937128
            ],
            [
              0.9998896036900119,
              -0.014449663801439755
            ],
            [
              0.9249203189670241,
              -0.014568190547224242
            ]
          ]
        ]
      }
    },
    {
      "type": "Feature",
      "properties": {
        "cell_id": "CEG2000_f4_r0028_c0112",
        "method": "GeoDisk-Final",
        "view": "disk"
      },
      "geometry": {
        "type": "Polygon",
        "coordinates": [
          [
            [
              -0.7993962532526188,
              0.5210358271604116
            ],
            [
              -0.7500569829468099,
              0.2568862455397279
            ],
            [
              -0.8955842957532161,
              0.21548965605845122
            ],
            [
              -0.9726091552908527,
              0.23241481885477058
            ],
            [
              -0.9719866448212795,
              0.23503608720592636
            ],
            [
              -0.9700312531945441,
              0.24298017990326337
            ],
            [
              -0.9680109352757228,
              0.25090800941105973
            ],
            [
              -0.9659258262890684,
              0.25881904510252035
            ],
            [
              -0.96377606579544,
              0.26671275747489825
            ],
            [
              -0.961561797682962,
              0.274588618184932
            ],
            [
              -0.9592831701573937,
              0.282446100084212
            ],
            [
              -0.9569403357322089,
              0.2902846772544621
            ],
            [
              -0.9545334512183886,
              0.29810382504273947
            ],
            [
              -0.9520626777139244,
              0.3059030200965529
            ],
            [
              -0.9495281805930368,
              0.3136817403988912
            ],
            [
              -0.9469301294951058,
              0.3214394653031611
            ],
            [
              -0.9442686983133166,
              0.3291756755680387
            ],
            [
              -0.9415440651830209,
              0.33688985339221966
            ],
            [
              -0.9387564124698135,
              0.34458148244907993
            ],
            [
              -0.9359059267573259,
              0.3522500479212332
            ],
            [
              -0.9329927988347391,
              0.35989503653498767
            ],
            [
              -0.9300172236840122,
              0.36751593659470333
            ],
            [
              -0.9269794004668331,
              0.37511223801703764
            ],
            [
              -0.923879532511287,
              0.3826834323650892
            ],
            [
              -0.9207178272982478,
              0.39022901288242773
            ],
            [
              -0.9174944964474915,
              0.3977484745270106
            ],
            [
              -0.9142097557035308,
              0.40524131400498964
            ],
            [
              -0.910863824921176,
              0.4127070298043944
            ],
            [
              -0.9074569280508189,
              0.42014512222870193
            ],
            [
              -0.9039892931234434,
              0.4275550934302818
            ],
            [
              -0.9004611522353638,
              0.4349364474437167
            ],
            [
              -0.8968727415326884,
              0.4422886902190011
            ],
            [
              -0.8932243011955155,
              0.44961132965460626
            ],
            [
              -0.8895160754218563,
              0.4569038756304202
            ],
            [
              -0.8857483124112907,
              0.4641658400405513
            ],
            [
              -0.8819212643483553,
              0.47139673682599725
            ],
            [
              -0.8780351873856628,
              0.4785960820071806
            ],
            [
              -0.874090341626759,
              0.4857633937163397
            ],
            [
              -0.8700869911087117,
              0.49289819222978354
            ],
            [
              -0.8660254037844388,
              0.4999999999999998
            ],
            [
              -0.8619058515047745,
              0.5070683416876167
            ],
            [
              -0.8577286100002722,
              0.5141027441932216
            ],
            [
              -0.8534939588627506,
              0.5211027366890231
            ],
            [
              -0.8492021815265792,
              0.5280678506503675
            ],
            [
              -0.8448535652497072,
              0.5349976198870969
            ],
            [
              -0.8404484010944383,
              0.5418915805747513
            ],
            [
              -0.8378718162944857,
              0.5458520758411186
            ],
            [
              -0.7993962532526188,
              0.5210358271604116
            ]
          ]
        ]
      }
    },
    {
      "type": "Feature",
      "properties": {
        "cell_id": "CEG2000_f4_r0028_c0113",
        "method": "GeoDisk-Final",
        "view": "disk"
      },
      "geometry": {
        "type": "Polygon",
        "coordinates": [
          [
            [
              -0.5475520021955521,
              0.5020693161744515
            ],
            [
              -0.5571810867766911,
              0.26507165309240055
            ],
            [
              -0.734915908928385,
              0.2473431262099018
            ],
            [
              -0.75005698294681,
              0.25688624553972805
            ],
            [
              -0.7993962532526189,
              0.5210358271604121
            ],
            [
              -0.5768047719655448,
              0.5290972439146624
            ],
            [
              -0.5475520021955521,
              0.5020693161744515
            ]
          ]
        ]
      }
    },
    {
      "type": "Feature",
      "properties": {
        "cell_id": "CEG2000_f4_r0028_c0114",
        "method": "GeoDisk-Final",
        "view": "disk"
      },
      "geometry": {
        "type": "Polygon",
        "coordinates": [
          [
            [
              -0.3043110878784518,
              0.4686248883002376
            ],
            [
              -0.3208930448807378,
              0.24626576880312412
            ],
            [
              -0.5252579001297091,
              0.23832848236278376
            ],
            [
              -0.5571810867766912,
              0.26507165309240066
            ],
            [
              -0.5475520021955522,
              0.5020693161744515
            ],
            [
              -0.3397119547405296,
              0.504897010839159
            ],
            [
              -0.3043110878784518,
              0.4686248883002376
            ]
          ]
        ]
      }
    },
    {
      "type": "Feature",
      "properties": {
        "cell_id": "CEG2000_f4_r0028_c0115",
        "method": "GeoDisk-Final",
        "view": "disk"
      },
      "geometry": {
        "type": "Polygon",
        "coordinates": [
          [
            [
              -0.06817817231353145,
              0.45121403006718125
            ],
            [
              -0.07696711714442711,
              0.228366059919794
            ],
            [
              -0.2940000252018794,
              0.22126571625837313
            ],
            [
              -0.32089304488073783,
              0.24626576880312415
            ],
            [
              -0.30431108787845185,
              0.4686248883002376
            ],
            [
              -0.09094239476031625,
              0.47310481828148643
            ],
            [
              -0.06817817231353145,
              0.45121403006718125
            ]
          ]
        ]
      }
    },
    {
      "type": "Feature",
      "properties": {
        "cell_id": "CEG2000_f4_r0028_c0116",
        "method": "GeoDisk-Final",
        "view": "disk"
      },
      "geometry": {
        "type": "Polygon",
        "coordinates": [
          [
            [
              0.16360868620843283,
              0.45267085263147844
            ],
            [
              0.16705567331647667,
              0.22047128212342323
            ],
            [
              -0.055010874262994225,
              0.2079989289618079
            ],
            [
              -0.07696711714442706,
              0.228366059919794
            ],
            [
              -0.06817817231353138,
              0.45121403006718125
            ],
            [
              0.1503452513698747,
              0.4638929837924219
            ],
            [
              0.16360868620843283,
              0.45267085263147844
            ]
          ]
        ]
      }
    },
    {
      "type": "Feature",
      "properties": {
        "cell_id": "CEG2000_f4_r0028_c0117",
        "method": "GeoDisk-Final",
        "view": "disk"
      },
      "geometry": {
        "type": "Polygon",
        "coordinates": [
          [
            [
              0.3909678415446236,
              0.4757895753803514
            ],
            [
              0.4092079093369144,
              0.22428574489277822
            ],
            [
              0.1884687765435324,
              0.2019813894749947
            ],
            [
              0.1670556733164767,
              0.2204712821234232
            ],
            [
              0.16360868620843286,
              0.4526708526314784
            ],
            [
              0.3909678415446236,
              0.4757895753803514
            ]
          ]
        ]
      }
    },
    {
      "type": "Feature",
      "properties": {
        "cell_id": "CEG2000_f4_r0028_c0118",
        "method": "GeoDisk-Final",
        "view": "disk"
      },
      "geometry": {
        "type": "Polygon",
        "coordinates": [
          [
            [
              0.6023968564383146,
              0.5061024909224723
            ],
            [
              0.6284672378798022,
              0.23850666885282684
            ],
            [
              0.4340931715213622,
              0.20550847655284707
            ],
            [
              0.4092079093369144,
              0.2242857448927782
            ],
            [
              0.3909678415446236,
              0.4757895753803514
            ],
            [
              0.39445529388850464,
              0.4797485984310514
            ],
            [
              0.6003252061191292,
              0.5076011497395774
            ],
            [
              0.6023968564383146,
              0.5061024909224723
            ]
          ]
        ]
      }
    },
    {
      "type": "Feature",
      "properties": {
        "cell_id": "CEG2000_f4_r0028_c0119",
        "method": "GeoDisk-Final",
        "view": "disk"
      },
      "geometry": {
        "type": "Polygon",
        "coordinates": [
          [
            [
              0.7751941886230511,
              0.5155940398674849
            ],
            [
              0.790278216700901,
              0.24837773323125745
            ],
            [
              0.6652316883331187,
              0.21589973143028787
            ],
            [
              0.628467237879802,
              0.23850666885282684
            ],
            [
              0.6023968564383144,
              0.5061024909224725
            ],
            [
              0.7751941886230511,
              0.5155940398674849
            ]
          ]
        ]
      }
    },
    {
      "type": "Feature",
      "properties": {
        "cell_id": "CEG2000_f4_r0028_c0120",
        "method": "GeoDisk-Final",
        "view": "disk"
      },
      "geometry": {
        "type": "Polygon",
        "coordinates": [
          [
            [
              0.7913103000164788,
              0.24805954253598653
            ],
            [
              0.7902782167009011,
              0.24837773323125753
            ],
            [
              0.7751941886230512,
              0.5155940398674848
            ],
            [
              0.8330748111449865,
              0.5531464784923814
            ],
            [
              0.8359869839079463,
              0.5487492712856165
            ],
            [
              0.8404484010944379,
              0.5418915805747521
            ],
            [
              0.8448535652497066,
              0.534997619887098
            ],
            [
              0.8492021815265786,
              0.5280678506503687
            ],
            [
              0.8534939588627503,
              0.5211027366890237
            ],
            [
              0.8577286100002716,
              0.5141027441932227
            ],
            [
              0.861905851504774,
              0.5070683416876177
            ],
            [
              0.8660254037844384,
              0.5000000000000004
            ],
            [
              0.8700869911087112,
              0.49289819222978426
            ],
            [
              0.8740903416267585,
              0.4857633937163408
            ],
            [
              0.8780351873856624,
              0.47859608200718134
            ],
            [
              0.8819212643483548,
              0.471396736825998
            ],
            [
              0.88574831241129,
              0.4641658400405524
            ],
            [
              0.8895160754218557,
              0.4569038756304213
            ],
            [
              0.8932243011955151,
              0.449611329654607
            ],
            [
              0.8968727415326878,
              0.44228869021900225
            ],
            [
              0.9004611522353633,
              0.4349364474437178
            ],
            [
              0.9039892931234431,
              0.42755509343028253
            ],
            [
              0.9074569280508186,
              0.42014512222870265
            ],
            [
              0.9108638249211755,
              0.4127070298043955
            ],
            [
              0.9142097557035304,
              0.4052413140049904
            ],
            [
              0.9174944964474911,
              0.39774847452701134
            ],
            [
              0.9207178272982474,
              0.3902290128824289
            ],
            [
              0.9238795325112865,
              0.3826834323650904
            ],
            [
              0.9269794004668328,
              0.37511223801703836
            ],
            [
              0.9300172236840117,
              0.3675159365947045
            ],
            [
              0.9329927988347386,
              0.35989503653498883
            ],
            [
              0.9359059267573255,
              0.352250047921234
            ],
            [
              0.9387564124698131,
              0.34458148244908066
            ],
            [
              0.9415440651830205,
              0.33688985339222083
            ],
            [
              0.9442686983133164,
              0.32917567556803945
            ],
            [
              0.9469301294951056,
              0.32143946530316186
            ],
            [
              0.9495281805930363,
              0.31368174039889235
            ],
            [
              0.952062677713924,
              0.30590302009655407
            ],
            [
              0.9538941232332044,
              0.30012191518770964
            ],
            [
              0.7913103000164788,
              0.24805954253598653
            ]
          ]
        ]
      }
    },
    {
      "type": "Feature",
      "properties": {
        "cell_id": "CEG2000_f4_r0029_c0113",
        "method": "GeoDisk-Final",
        "view": "disk"
      },
      "geometry": {
        "type": "Polygon",
        "coordinates": [
          [
            [
              -0.5291923615769639,
              0.7518214529355074
            ],
            [
              -0.5768047719655448,
              0.5290972439146624
            ],
            [
              -0.7993962532526189,
              0.5210358271604119
            ],
            [
              -0.8378718162944857,
              0.5458520758411186
            ],
            [
              -0.8359869839079468,
              0.5487492712856157
            ],
            [
              -0.8314696123025455,
              0.555570233019602
            ],
            [
              -0.8268965886356965,
              0.5623540092349727
            ],
            [
              -0.8222682189897753,
              0.569100145878898
            ],
            [
              -0.8175848131515839,
              0.5758081914178449
            ],
            [
              -0.8128466845916156,
              0.5824776968678016
            ],
            [
              -0.8080541504430734,
              0.5891082158243279
            ],
            [
              -0.8032075314806453,
              0.5956993044924329
            ],
            [
              -0.7983071520990316,
              0.6022505217162818
            ],
            [
              -0.7933533402912354,
              0.6087614290087203
            ],
            [
              -0.7883464276266067,
              0.6152315905806264
            ],
            [
              -0.7832867492286506,
              0.6216605733700772
            ],
            [
              -0.7781746437525981,
              0.6280479470713338
            ],
            [
              -0.7730104533627371,
              0.6343932841636453
            ],
            [
              -0.7677945237095123,
              0.6406961599398604
            ],
            [
              -0.7625272039063885,
              0.6469561525348569
            ],
            [
              -0.7572088465064848,
              0.6531728429537765
            ],
            [
              -0.7518398074789777,
              0.6593458151000685
            ],
            [
              -0.7464204461852739,
              0.6654746558033421
            ],
            [
              -0.7409511253549593,
              0.6715589548470181
            ],
            [
              -0.7354322110615191,
              0.6775983049957882
            ],
            [
              -0.7298640726978358,
              0.683592302022871
            ],
            [
              -0.7242470829514672,
              0.6895405447370666
            ],
            [
              -0.7185816177796983,
              0.6954426350096115
            ],
            [
              -0.7128680563843801,
              0.701298177800824
            ],
            [
              -0.7071067811865479,
              0.7071067811865471
            ],
            [
              -0.7012981778008246,
              0.7128680563843797
            ],
            [
              -0.695442635009612,
              0.7185816177796978
            ],
            [
              -0.689540544737067,
              0.7242470829514668
            ],
            [
              -0.6835923020228716,
              0.7298640726978354
            ],
            [
              -0.6775983049957891,
              0.7354322110615182
            ],
            [
              -0.6715589548470187,
              0.7409511253549589
            ],
            [
              -0.6654746558033426,
              0.7464204461852735
            ],
            [
              -0.6593458151000691,
              0.7518398074789773
            ],
            [
              -0.6531728429537771,
              0.7572088465064843
            ],
            [
              -0.6469561525348575,
              0.7625272039063881
            ],
            [
              -0.6406961599398614,
              0.7677945237095115
            ],
            [
              -0.6343932841636458,
              0.7730104533627367
            ],
            [
              -0.6280479470713344,
              0.7781746437525977
            ],
            [
              -0.6216605733700781,
              0.7832867492286498
            ],
            [
              -0.6152315905806273,
              0.7883464276266059
            ],
            [
              -0.6087614290087209,
              0.7933533402912349
            ],
            [
              -0.602250521716282,
              0.7983071520990315
            ],
            [
              -0.5956993044924339,
              0.8032075314806445
            ],
            [
              -0.5891082158243285,
              0.8080541504430729
            ],
            [
              -0.5824776968678023,
              0.8128466845916151
            ],
            [
              -0.5758081914178459,
              0.8175848131515833
            ],
            [
              -0.5749476330673051,
              0.8181856355490501
            ],
            [
              -0.5291923615769639,
              0.7518214529355074
            ]
          ]
        ]
      }
    },
    {
      "type": "Feature",
      "properties": {
        "cell_id": "CEG2000_f4_r0029_c0114",
        "method": "GeoDisk-Final",
        "view": "disk"
      },
      "geometry": {
        "type": "Polygon",
        "coordinates": [
          [
            [
              -0.3048690455110986,
              0.695055233530465
            ],
            [
              -0.33971195474052956,
              0.504897010839159
            ],
            [
              -0.547552002195552,
              0.5020693161744514
            ],
            [
              -0.5768047719655448,
              0.5290972439146624
            ],
            [
              -0.5291923615769639,
              0.7518214529355072
            ],
            [
              -0.3321593633209884,
              0.7330802812803159
            ],
            [
              -0.3048690455110986,
              0.695055233530465
            ]
          ]
        ]
      }
    },
    {
      "type": "Feature",
      "properties": {
        "cell_id": "CEG2000_f4_r0029_c0115",
        "method": "GeoDisk-Final",
        "view": "disk"
      },
      "geometry": {
        "type": "Polygon",
        "coordinates": [
          [
            [
              -0.07743399298803921,
              0.6738885693824954
            ],
            [
              -0.09094239476031632,
              0.47310481828148643
            ],
            [
              -0.30431108787845174,
              0.4686248883002375
            ],
            [
              -0.3397119547405296,
              0.5048970108391592
            ],
            [
              -0.30486904551109867,
              0.6950552335304652
            ],
            [
              -0.09232272826740226,
              0.6898923755279781
            ],
            [
              -0.07743399298803921,
              0.6738885693824954
            ]
          ]
        ]
      }
    },
    {
      "type": "Feature",
      "properties": {
        "cell_id": "CEG2000_f4_r0029_c0116",
        "method": "GeoDisk-Final",
        "view": "disk"
      },
      "geometry": {
        "type": "Polygon",
        "coordinates": [
          [
            [
              0.14212883125446682,
              0.6722485869828261
            ],
            [
              0.15034525136987467,
              0.4638929837924219
            ],
            [
              -0.06817817231353146,
              0.45121403006718114
            ],
            [
              -0.09094239476031635,
              0.47310481828148643
            ],
            [
              -0.07743399298803924,
              0.6738885693824954
            ],
            [
              0.1279713588590604,
              0.6847249802256191
            ],
            [
              0.14212883125446682,
              0.6722485869828261
            ]
          ]
        ]
      }
    },
    {
      "type": "Feature",
      "properties": {
        "cell_id": "CEG2000_f4_r0029_c0117",
        "method": "GeoDisk-Final",
        "view": "disk"
      },
      "geometry": {
        "type": "Polygon",
        "coordinates": [
          [
            [
              0.3944552938885047,
              0.47974859843105133
            ],
            [
              0.3909678415446236,
              0.4757895753803513
            ],
            [
              0.16360868620843297,
              0.4526708526314783
            ],
            [
              0.1503452513698746,
              0.46389298379242205
            ],
            [
              0.14212883125446674,
              0.6722485869828261
            ],
            [
              0.36001070485499004,
              0.696171593320277
            ],
            [
              0.3944552938885047,
              0.47974859843105133
            ]
          ]
        ]
      }
    },
    {
      "type": "Feature",
      "properties": {
        "cell_id": "CEG2000_f4_r0029_c0118",
        "method": "GeoDisk-Final",
        "view": "disk"
      },
      "geometry": {
        "type": "Polygon",
        "coordinates": [
          [
            [
              0.5735913454065223,
              0.7611767256019151
            ],
            [
              0.6003252061191293,
              0.5076011497395773
            ],
            [
              0.39445529388850453,
              0.4797485984310513
            ],
            [
              0.3600107048549898,
              0.6961715933202769
            ],
            [
              0.3670973801508718,
              0.7057546592556248
            ],
            [
              0.5735913454065223,
              0.7611767256019151
            ]
          ]
        ]
      }
    },
    {
      "type": "Feature",
      "properties": {
        "cell_id": "CEG2000_f4_r0029_c0119",
        "method": "GeoDisk-Final",
        "view": "disk"
      },
      "geometry": {
        "type": "Polygon",
        "coordinates": [
          [
            [
              0.7751941886230509,
              0.5155940398674848
            ],
            [
              0.6023968564383146,
              0.5061024909224725
            ],
            [
              0.6003252061191292,
              0.5076011497395774
            ],
            [
              0.5735913454065222,
              0.761176725601915
            ],
            [
              0.6014264686302287,
              0.7989235524738427
            ],
            [
              0.6022505217162817,
              0.7983071520990317
            ],
            [
              0.6087614290087199,
              0.7933533402912357
            ],
            [
              0.6152315905806264,
              0.7883464276266067
            ],
            [
              0.6216605733700771,
              0.7832867492286506
            ],
            [
              0.6280479470713334,
              0.7781746437525985
            ],
            [
              0.6343932841636449,
              0.7730104533627374
            ],
            [
              0.6406961599398604,
              0.7677945237095123
            ],
            [
              0.6469561525348572,
              0.7625272039063883
            ],
            [
              0.6531728429537761,
              0.7572088465064851
            ],
            [
              0.6593458151000684,
              0.7518398074789778
            ],
            [
              0.665474655803342,
              0.746420446185274
            ],
            [
              0.6715589548470177,
              0.7409511253549598
            ],
            [
              0.6775983049957882,
              0.7354322110615191
            ],
            [
              0.683592302022871,
              0.7298640726978359
            ],
            [
              0.6895405447370662,
              0.7242470829514677
            ],
            [
              0.6954426350096111,
              0.7185816177796986
            ],
            [
              0.701298177800824,
              0.7128680563843802
            ],
            [
              0.7071067811865474,
              0.7071067811865477
            ],
            [
              0.7128680563843793,
              0.7012981778008249
            ],
            [
              0.7185816177796976,
              0.6954426350096121
            ],
            [
              0.7242470829514667,
              0.6895405447370672
            ],
            [
              0.729864072697835,
              0.683592302022872
            ],
            [
              0.7354322110615182,
              0.6775983049957892
            ],
            [
              0.7409511253549588,
              0.6715589548470187
            ],
            [
              0.7464204461852731,
              0.665474655803343
            ],
            [
              0.7518398074789769,
              0.6593458151000694
            ],
            [
              0.7572088465064842,
              0.6531728429537771
            ],
            [
              0.762527203906388,
              0.6469561525348575
            ],
            [
              0.7677945237095114,
              0.6406961599398614
            ],
            [
              0.7730104533627367,
              0.6343932841636459
            ],
            [
              0.7781746437525977,
              0.6280479470713345
            ],
            [
              0.7832867492286498,
              0.6216605733700782
            ],
            [
              0.7883464276266059,
              0.6152315905806274
            ],
            [
              0.7933533402912349,
              0.6087614290087209
            ],
            [
              0.7983071520990309,
              0.6022505217162828
            ],
            [
              0.8032075314806445,
              0.5956993044924339
            ],
            [
              0.8080541504430729,
              0.5891082158243286
            ],
            [
              0.8128466845916151,
              0.5824776968678023
            ],
            [
              0.8175848131515833,
              0.575808191417846
            ],
            [
              0.8222682189897748,
              0.5691001458788987
            ],
            [
              0.826896588635696,
              0.5623540092349734
            ],
            [
              0.8314696123025448,
              0.555570233019603
            ],
            [
              0.8330748111449864,
              0.5531464784923816
            ],
            [
              0.7751941886230509,
              0.5155940398674848
            ]
          ]
        ]
      }
    },
    {
      "type": "Feature",
      "properties": {
        "cell_id": "CEG2000_f4_r0030_c0114",
        "method": "GeoDisk-Final",
        "view": "disk"
      },
      "geometry": {
        "type": "Polygon",
        "coordinates": [
          [
            [
              -0.2862947426678571,
              0.8757583303587689
            ],
            [
              -0.33215936332098817,
              0.7330802812803158
            ],
            [
              -0.5291923615769638,
              0.7518214529355074
            ],
            [
              -0.574947633067305,
              0.8181856355490502
            ],
            [
              -0.5691001458788986,
              0.8222682189897749
            ],
            [
              -0.5623540092349733,
              0.826896588635696
            ],
            [
              -0.555570233019603,
              0.8314696123025448
            ],
            [
              -0.5487492712856163,
              0.8359869839079463
            ],
            [
              -0.541891580574752,
              0.8404484010944379
            ],
            [
              -0.5349976198870973,
              0.844853565249707
            ],
            [
              -0.5280678506503685,
              0.8492021815265786
            ],
            [
              -0.5211027366890237,
              0.8534939588627503
            ],
            [
              -0.5141027441932218,
              0.857728610000272
            ],
            [
              -0.5070683416876177,
              0.861905851504774
            ],
            [
              -0.5000000000000004,
              0.8660254037844384
            ],
            [
              -0.4928981922297842,
              0.8700869911087113
            ],
            [
              -0.48576339371634075,
              0.8740903416267585
            ],
            [
              -0.4785960820071813,
              0.8780351873856624
            ],
            [
              -0.4713967368259979,
              0.8819212643483549
            ],
            [
              -0.46416584004055234,
              0.8857483124112902
            ],
            [
              -0.45690387563042123,
              0.8895160754218557
            ],
            [
              -0.44961132965460693,
              0.8932243011955151
            ],
            [
              -0.44228869021900136,
              0.8968727415326883
            ],
            [
              -0.43493644744371773,
              0.9004611522353633
            ],
            [
              -0.4275550934302825,
              0.9039892931234431
            ],
            [
              -0.4201451222287026,
              0.9074569280508186
            ],
            [
              -0.41270702980439544,
              0.9108638249211755
            ],
            [
              -0.40524131400499036,
              0.9142097557035305
            ],
            [
              -0.3977484745270113,
              0.9174944964474913
            ],
            [
              -0.39022901288242884,
              0.9207178272982474
            ],
            [
              -0.38268343236509034,
              0.9238795325112865
            ],
            [
              -0.3751122380170383,
              0.9269794004668328
            ],
            [
              -0.36751593659470366,
              0.9300172236840121
            ],
            [
              -0.3598950365349888,
              0.9329927988347386
            ],
            [
              -0.35225004792123393,
              0.9359059267573255
            ],
            [
              -0.3445814824490806,
              0.9387564124698131
            ],
            [
              -0.3368898533922208,
              0.9415440651830205
            ],
            [
              -0.3291756755680394,
              0.9442686983133164
            ],
            [
              -0.3214394653031618,
              0.9469301294951056
            ],
            [
              -0.3136817403988923,
              0.9495281805930365
            ],
            [
              -0.3097004849991636,
              0.9508253708706066
            ],
            [
              -0.2862947426678571,
              0.8757583303587689
            ]
          ]
        ]
      }
    },
    {
      "type": "Feature",
      "properties": {
        "cell_id": "CEG2000_f4_r0030_c0115",
        "method": "GeoDisk-Final",
        "view": "disk"
      },
      "geometry": {
        "type": "Polygon",
        "coordinates": [
          [
            [
              -0.09232272826740243,
              0.6898923755279782
            ],
            [
              -0.3048690455110987,
              0.6950552335304653
            ],
            [
              -0.33215936332098817,
              0.7330802812803158
            ],
            [
              -0.2862947426678571,
              0.875758330358769
            ],
            [
              -0.07953990979668828,
              0.8468090365543752
            ],
            [
              -0.09232272826740243,
              0.6898923755279782
            ]
          ]
        ]
      }
    },
    {
      "type": "Feature",
      "properties": {
        "cell_id": "CEG2000_f4_r0030_c0116",
        "method": "GeoDisk-Final",
        "view": "disk"
      },
      "geometry": {
        "type": "Polygon",
        "coordinates": [
          [
            [
              0.1279713588590604,
              0.684724980225619
            ],
            [
              -0.07743399298803907,
              0.6738885693824953
            ],
            [
              -0.09232272826740223,
              0.6898923755279781
            ],
            [
              -0.07953990979668805,
              0.8468090365543757
            ],
            [
              -0.06969704430991283,
              0.8583196011063461
            ],
            [
              0.1059872288687182,
              0.8712133440364196
            ],
            [
              0.1187666182334317,
              0.852701820182794
            ],
            [
              0.1279713588590604,
              0.684724980225619
            ]
          ]
        ]
      }
    },
    {
      "type": "Feature",
      "properties": {
        "cell_id": "CEG2000_f4_r0030_c0117",
        "method": "GeoDisk-Final",
        "view": "disk"
      },
      "geometry": {
        "type": "Polygon",
        "coordinates": [
          [
            [
              0.3670973801508718,
              0.7057546592556245
            ],
            [
              0.36001070485499,
              0.696171593320277
            ],
            [
              0.14212883125446688,
              0.6722485869828261
            ],
            [
              0.12797135885906044,
              0.6847249802256191
            ],
            [
              0.11876661823343174,
              0.8527018201827938
            ],
            [
              0.2636732154689767,
              0.8496509616656629
            ],
            [
              0.3582904746422033,
              0.726759477464373
            ],
            [
              0.3670973801508718,
              0.7057546592556245
            ]
          ]
        ]
      }
    },
    {
      "type": "Feature",
      "properties": {
        "cell_id": "CEG2000_f4_r0030_c0118",
        "method": "GeoDisk-Final",
        "view": "disk"
      },
      "geometry": {
        "type": "Polygon",
        "coordinates": [
          [
            [
              0.5735913454065223,
              0.7611767256019151
            ],
            [
              0.3670973801508717,
              0.7057546592556246
            ],
            [
              0.3582904746422033,
              0.7267594774643729
            ],
            [
              0.4331600576568976,
              0.9013102313377394
            ],
            [
              0.4349364474437166,
              0.9004611522353638
            ],
            [
              0.442288690219001,
              0.8968727415326885
            ],
            [
              0.4496113296546058,
              0.8932243011955158
            ],
            [
              0.4569038756304201,
              0.8895160754218563
            ],
            [
              0.4641658400405512,
              0.8857483124112907
            ],
            [
              0.4713967368259968,
              0.8819212643483555
            ],
            [
              0.4785960820071802,
              0.8780351873856631
            ],
            [
              0.4857633937163397,
              0.874090341626759
            ],
            [
              0.49289819222978387,
              0.8700869911087115
            ],
            [
              0.49999999999999933,
              0.866025403784439
            ],
            [
              0.5070683416876166,
              0.8619058515047746
            ],
            [
              0.5141027441932216,
              0.8577286100002722
            ],
            [
              0.5211027366890226,
              0.8534939588627509
            ],
            [
              0.5280678506503674,
              0.8492021815265792
            ],
            [
              0.5349976198870969,
              0.8448535652497072
            ],
            [
              0.541891580574751,
              0.8404484010944385
            ],
            [
              0.5487492712856153,
              0.835986983907947
            ],
            [
              0.5555702330196018,
              0.8314696123025455
            ],
            [
              0.562354009234973,
              0.8268965886356963
            ],
            [
              0.5691001458788976,
              0.8222682189897755
            ],
            [
              0.5758081914178449,
              0.8175848131515839
            ],
            [
              0.5824776968678019,
              0.8128466845916154
            ],
            [
              0.5891082158243275,
              0.8080541504430737
            ],
            [
              0.5956993044924329,
              0.8032075314806453
            ],
            [
              0.6014264686302287,
              0.7989235524738427
            ],
            [
              0.5735913454065223,
              0.7611767256019151
            ]
          ]
        ]
      }
    },
    {
      "type": "Feature",
      "properties": {
        "cell_id": "CEG2000_f4_r0031_c0115",
        "method": "GeoDisk-Final",
        "view": "disk"
      },
      "geometry": {
        "type": "Polygon",
        "coordinates": [
          [
            [
              -0.06969704430991266,
              0.8583196011063459
            ],
            [
              -0.0795399097966881,
              0.8468090365543752
            ],
            [
              -0.28629474266785715,
              0.8757583303587688
            ],
            [
              -0.3097004849991637,
              0.9508253708706066
            ],
            [
              -0.305903020096554,
              0.952062677713924
            ],
            [
              -0.29810382504274013,
              0.9545334512183884
            ],
            [
              -0.29028467725446244,
              0.9569403357322088
            ],
            [
              -0.28244610008421317,
              0.9592831701573934
            ],
            [
              -0.27458861818493274,
              0.9615617976829618
            ],
            [
              -0.26671275747489853,
              0.9637760657954398
            ],
            [
              -0.2588190451025215,
              0.9659258262890681
            ],
            [
              -0.2509080094110605,
              0.9680109352757226
            ],
            [
              -0.24298017990326412,
              0.970031253194544
            ],
            [
              -0.23503608720592753,
              0.9719866448212793
            ],
            [
              -0.22707626303437378,
              0.9738769792773335
            ],
            [
              -0.2191012401568701,
              0.9757021300385285
            ],
            [
              -0.2111115523589661,
              0.9774619749435717
            ],
            [
              -0.20310773440776353,
              0.9791563962022336
            ],
            [
              -0.19509032201612866,
              0.9807852804032303
            ],
            [
              -0.1870598518068321,
              0.9823485185218157
            ],
            [
              -0.1790168612766334,
              0.9838460059270773
            ],
            [
              -0.1709618887603017,
              0.9852776423889411
            ],
            [
              -0.16289547339458896,
              0.986643332084879
            ],
            [
              -0.15481815508214186,
              0.9879429836063223
            ],
            [
              -0.1467304744553623,
              0.9891765099647809
            ],
            [
              -0.13863297284022696,
              0.9903438285976648
            ],
            [
              -0.1305261922200525,
              0.9914448613738103
            ],
            [
              -0.12241067519921685,
              0.99247953459871
            ],
            [
              -0.11428696496684677,
              0.9934477790194444
            ],
            [
              -0.1061556052604576,
              0.9943495298293181
            ],
            [
              -0.09801714032956134,
              0.9951847266721968
            ],
            [
              -0.08987211489923544,
              0.9959533136465477
            ],
            [
              -0.08172107413366843,
              0.9966552393091803
            ],
            [
              -0.08114274576970512,
              0.996700278694655
            ],
            [
              -0.06969704430991266,
              0.8583196011063459
            ]
          ]
        ]
      }
    },
    {
      "type": "Feature",
      "properties": {
        "cell_id": "CEG2000_f4_r0031_c0116",
        "method": "GeoDisk-Final",
        "view": "disk"
      },
      "geometry": {
        "type": "Polygon",
        "coordinates": [
          [
            [
              0.10598722886871811,
              0.8712133440364194
            ],
            [
              -0.06969704430991272,
              0.8583196011063458
            ],
            [
              -0.08114274576970518,
              0.996700278694655
            ],
            [
              -0.07356456359966825,
              0.9972904566786902
            ],
            [
              -0.06540312923014362,
              0.9978589232386035
            ],
            [
              -0.05723731728756891,
              0.9983606009402225
            ],
            [
              -0.04906767432741892,
              0.9987954562051723
            ],
            [
              -0.04089474716158408,
              0.9991634599276488
            ],
            [
              -0.03271908282177651,
              0.9994645874763657
            ],
            [
              -0.02454122852291239,
              0.9996988186962042
            ],
            [
              -0.0163617316264875,
              0.9998661379095618
            ],
            [
              -0.008181139603937581,
              0.9999665339174011
            ],
            [
              -1.8369701987210297e-16,
              1.0
            ],
            [
              0.008181139603936325,
              0.9999665339174011
            ],
            [
              0.016361731626486246,
              0.9998661379095618
            ],
            [
              0.02454122852291202,
              0.9996988186962042
            ],
            [
              0.032719082821775256,
              0.9994645874763657
            ],
            [
              0.04089474716158283,
              0.9991634599276488
            ],
            [
              0.04906767432741766,
              0.9987954562051724
            ],
            [
              0.05723731728756854,
              0.9983606009402225
            ],
            [
              0.06540312923014237,
              0.9978589232386036
            ],
            [
              0.07356456359966698,
              0.9972904566786902
            ],
            [
              0.08172107413366805,
              0.9966552393091803
            ],
            [
              0.08987211489923418,
              0.9959533136465478
            ],
            [
              0.09801714032956009,
              0.9951847266721969
            ],
            [
              0.10615560526045723,
              0.9943495298293181
            ],
            [
              0.11428696496684553,
              0.9934477790194445
            ],
            [
              0.12136903440750542,
              0.992603685123056
            ],
            [
              0.10598722886871811,
              0.8712133440364194
            ]
          ]
        ]
      }
    },
    {
      "type": "Feature",
      "properties": {
        "cell_id": "CEG2000_f4_r0031_c0117",
        "method": "GeoDisk-Final",
        "view": "disk"
      },
      "geometry": {
        "type": "Polygon",
        "coordinates": [
          [
            [
              0.2636732154689769,
              0.8496509616656629
            ],
            [
              0.1187666182334318,
              0.8527018201827938
            ],
            [
              0.10598722886871811,
              0.8712133440364197
            ],
            [
              0.12136903440750538,
              0.992603685123056
            ],
            [
              0.1224106751992156,
              0.9924795345987101
            ],
            [
              0.13052619222005127,
              0.9914448613738105
            ],
            [
              0.13863297284022572,
              0.990343828597665
            ],
            [
              0.14673047445536108,
              0.9891765099647811
            ],
            [
              0.1548181550821406,
              0.9879429836063224
            ],
            [
              0.1628954733945886,
              0.986643332084879
            ],
            [
              0.17096188876030047,
              0.9852776423889413
            ],
            [
              0.1790168612766322,
              0.9838460059270775
            ],
            [
              0.18705985180683174,
              0.9823485185218157
            ],
            [
              0.19509032201612742,
              0.9807852804032307
            ],
            [
              0.2031077344077623,
              0.9791563962022338
            ],
            [
              0.21111155235896487,
              0.9774619749435719
            ],
            [
              0.21910124015686888,
              0.9757021300385288
            ],
            [
              0.22707626303437256,
              0.9738769792773339
            ],
            [
              0.2350360872059263,
              0.9719866448212795
            ],
            [
              0.24298017990326376,
              0.970031253194544
            ],
            [
              0.2509080094110593,
              0.9680109352757229
            ],
            [
              0.2588190451025203,
              0.9659258262890684
            ],
            [
              0.2667127574748982,
              0.96377606579544
            ],
            [
              0.2745886181849315,
              0.9615617976829621
            ],
            [
              0.28244610008421195,
              0.9592831701573937
            ],
            [
              0.29028467725446205,
              0.9569403357322089
            ],
            [
              0.29733692305948506,
              0.9547695184417093
            ],
            [
              0.2636732154689769,
              0.8496509616656629
            ]
          ]
        ]
      }
    },
    {
      "type": "Feature",
      "properties": {
        "cell_id": "CEG2000_f4_r0031_c0118",
        "method": "GeoDisk-Final",
        "view": "disk"
      },
      "geometry": {
        "type": "Polygon",
        "coordinates": [
          [
            [
              0.3582904746422034,
              0.7267594774643725
            ],
            [
              0.26367321546897676,
              0.8496509616656628
            ],
            [
              0.297336923059485,
              0.9547695184417093
            ],
            [
              0.29810382504273897,
              0.9545334512183887
            ],
            [
              0.30590302009655285,
              0.9520626777139245
            ],
            [
              0.31368174039889113,
              0.9495281805930368
            ],
            [
              0.3214394653031615,
              0.9469301294951057
            ],
            [
              0.32917567556803823,
              0.9442686983133167
            ],
            [
              0.3368898533922196,
              0.9415440651830209
            ],
            [
              0.34458148244908027,
              0.9387564124698132
            ],
            [
              0.3522500479212327,
              0.935905926757326
            ],
            [
              0.3598950365349876,
              0.9329927988347391
            ],
            [
              0.3675159365947033,
              0.9300172236840122
            ],
            [
              0.37511223801703714,
              0.9269794004668332
            ],
            [
              0.38268343236508917,
              0.923879532511287
            ],
            [
              0.3902290128824277,
              0.9207178272982478
            ],
            [
              0.3977484745270101,
              0.9174944964474917
            ],
            [
              0.4052413140049892,
              0.9142097557035309
            ],
            [
              0.41270702980439433,
              0.910863824921176
            ],
            [
              0.42014512222870226,
              0.9074569280508188
            ],
            [
              0.42755509343028136,
              0.9039892931234437
            ],
            [
              0.4331600576568978,
              0.9013102313377392
            ],
            [
              0.3582904746422034,
              0.7267594774643725
            ]
          ]
        ]
      }
    }
  ]
}