{
  "type": "FeatureCollection",
  "features": [
    {
      "type": "Feature",
      "properties": {
        "cell_id": "CEG2000_f4_r0028_c0108",
        "method": "Area-balanced",
        "view": "disk"
      },
      "geometry": {
        "type": "Polygon",
        "coordinates": [
          [
            [
              -0.13770247312281067,
              -0.8579673451383595
            ],
            [
              0.0014475741711591633,
              -0.8849902839191883
            ],
            [
              0.007457819363255242,
              -0.9999694927588452
            ],
            [
              6.123233995736766e-17,
              -1.0
            ],
            [
              -0.008181139603936892,
              -0.9999665339174011
            ],
            [
              -0.01636173162648659,
              -0.9998661379095618
            ],
            [
              -0.024541228522912142,
              -0.9996988186962042
            ],
            [
              -0.03271908282177604,
              -0.9994645874763657
            ],
            [
              -0.04089474716158317,
              -0.9991634599276488
            ],
            [
              -0.049067674327417786,
              -0.9987954562051724
            ],
            [
              -0.057237317287568444,
              -0.9983606009402225
            ],
            [
              -0.06540312923014292,
              -0.9978589232386035
            ],
            [
              -0.07356456359966733,
              -0.9972904566786902
            ],
            [
              -0.08172107413366796,
              -0.9966552393091803
            ],
            [
              -0.08987211489923475,
              -0.9959533136465477
            ],
            [
              -0.09801714032956042,
              -0.9951847266721969
            ],
            [
              -0.10615560526045735,
              -0.9943495298293181
            ],
            [
              -0.11428696496684632,
              -0.9934477790194444
            ],
            [
              -0.12241067519921595,
              -0.9924795345987101
            ],
            [
              -0.13052619222005138,
              -0.9914448613738105
            ],
            [
              -0.13863297284022652,
              -0.9903438285976649
            ],
            [
              -0.14673047445536164,
              -0.989176509964781
            ],
            [
              -0.15481815508214075,
              -0.9879429836063224
            ],
            [
              -0.16289547339458849,
              -0.9866433320848791
            ],
            [
              -0.17096188876030102,
              -0.9852776423889413
            ],
            [
              -0.17901686127663252,
              -0.9838460059270775
            ],
            [
              -0.18705985180683188,
              -0.9823485185218157
            ],
            [
              -0.192767586560804,
              -0.9812374318350294
            ],
            [
              -0.13770247312281067,
              -0.8579673451383595
            ]
          ]
        ]
      }
    },
    {
      "type": "Feature",
      "properties": {
        "cell_id": "CEG2000_f4_r0028_c0109",
        "method": "Area-balanced",
        "view": "disk"
      },
      "geometry": {
        "type": "Polygon",
        "coordinates": [
          [
            [
              0.001447574171159153,
              -0.8849902839191878
            ],
            [
              0.004890688835403542,
              -0.8806785487646891
            ],
            [
              0.13915909227063206,
              -0.8619611296026137
            ],
            [
              0.1685142268261833,
              -0.9856920453834576
            ],
            [
              0.16289547339458882,
              -0.986643332084879
            ],
            [
              0.15481815508214108,
              -0.9879429836063224
            ],
            [
              0.14673047445536197,
              -0.9891765099647809
            ],
            [
              0.13863297284022685,
              -0.9903438285976648
            ],
            [
              0.1305261922200517,
              -0.9914448613738104
            ],
            [
              0.12241067519921628,
              -0.99247953459871
            ],
            [
              0.11428696496684666,
              -0.9934477790194444
            ],
            [
              0.1061556052604577,
              -0.994349529829318
            ],
            [
              0.09801714032956077,
              -0.9951847266721968
            ],
            [
              0.08987211489923509,
              -0.9959533136465477
            ],
            [
              0.0817210741336683,
              -0.9966552393091803
            ],
            [
              0.07356456359966768,
              -0.9972904566786902
            ],
            [
              0.06540312923014327,
              -0.9978589232386035
            ],
            [
              0.057237317287568784,
              -0.9983606009402225
            ],
            [
              0.049067674327418126,
              -0.9987954562051724
            ],
            [
              0.04089474716158352,
              -0.9991634599276488
            ],
            [
              0.03271908282177639,
              -0.9994645874763657
            ],
            [
              0.024541228522912486,
              -0.9996988186962042
            ],
            [
              0.016361731626486936,
              -0.9998661379095618
            ],
            [
              0.008181139603937236,
              -0.9999665339174011
            ],
            [
              0.007457819363255259,
              -0.9999694927588452
            ],
            [
              0.001447574171159153,
              -0.8849902839191878
            ]
          ]
        ]
      }
    },
    {
      "type": "Feature",
      "properties": {
        "cell_id": "CEG2000_f4_r0028_c0110",
        "method": "Area-balanced",
        "view": "disk"
      },
      "geometry": {
        "type": "Polygon",
        "coordinates": [
          [
            [
              0.13915909227063206,
              -0.8619611296026137
            ],
            [
              0.1620863697096768,
              -0.8308945932348732
            ],
            [
              0.23618637029014683,
              -0.8294018727270931
            ],
            [
              0.3100410732148576,
              -0.9507143989088271
            ],
            [
              0.3059030200965535,
              -0.9520626777139243
            ],
            [
              0.29810382504274,
              -0.9545334512183884
            ],
            [
              0.2902846772544625,
              -0.9569403357322088
            ],
            [
              0.2824461000842126,
              -0.9592831701573936
            ],
            [
              0.2745886181849324,
              -0.9615617976829619
            ],
            [
              0.26671275747489864,
              -0.9637760657954398
            ],
            [
              0.25881904510252096,
              -0.9659258262890682
            ],
            [
              0.2509080094110602,
              -0.9680109352757227
            ],
            [
              0.24298017990326398,
              -0.970031253194544
            ],
            [
              0.23503608720592675,
              -0.9719866448212794
            ],
            [
              0.22707626303437345,
              -0.9738769792773336
            ],
            [
              0.21910124015687,
              -0.9757021300385285
            ],
            [
              0.2111115523589653,
              -0.9774619749435718
            ],
            [
              0.20310773440776297,
              -0.9791563962022337
            ],
            [
              0.19509032201612833,
              -0.9807852804032304
            ],
            [
              0.1870598518068322,
              -0.9823485185218156
            ],
            [
              0.17901686127663285,
              -0.9838460059270774
            ],
            [
              0.17096188876030136,
              -0.9852776423889412
            ],
            [
              0.1685142268261833,
              -0.9856920453834576
            ],
            [
              0.13915909227063206,
              -0.8619611296026137
            ]
          ]
        ]
      }
    },
    {
      "type": "Feature",
      "properties": {
        "cell_id": "CEG2000_f4_r0028_c0111",
        "method": "Area-balanced",
        "view": "disk"
      },
      "geometry": {
        "type": "Polygon",
        "coordinates": [
          [
            [
              0.23618637029014694,
              -0.8294018727270931
            ],
            [
              0.2770855863018674,
              -0.776078325017175
            ],
            [
              0.3715297944045636,
              -0.776860929559825
            ],
            [
              0.36685290363811274,
              -0.9302761044427527
            ],
            [
              0.3598950365349883,
              -0.9329927988347388
            ],
            [
              0.3522500479212336,
              -0.9359059267573256
            ],
            [
              0.3445814824490805,
              -0.9387564124698132
            ],
            [
              0.3368898533922203,
              -0.9415440651830207
            ],
            [
              0.32917567556803906,
              -0.9442686983133165
            ],
            [
              0.3214394653031617,
              -0.9469301294951056
            ],
            [
              0.3136817403988916,
              -0.9495281805930367
            ],
            [
              0.31004107321485763,
              -0.950714398908827
            ],
            [
              0.23618637029014694,
              -0.8294018727270931
            ]
          ]
        ]
      }
    },
    {
      "type": "Feature",
      "properties": {
        "cell_id": "CEG2000_f4_r0028_c0112",
        "method": "Area-balanced",
        "view": "disk"
      },
      "geometry": {
        "type": "Polygon",
        "coordinates": [
          [
            [
              0.3715297944045634,
              -0.7768609295598251
            ],
            [
              0.37392275210537607,
              -0.7747751724865202
            ],
            [
              0.49860314808809303,
              -0.8000742033870345
            ],
            [
              0.5266820655207543,
              -0.8500560772768979
            ],
            [
              0.5211027366890234,
              -0.8534939588627504
            ],
            [
              0.5141027441932219,
              -0.857728610000272
            ],
            [
              0.5070683416876172,
              -0.8619058515047742
            ],
            [
              0.5000000000000001,
              -0.8660254037844386
            ],
            [
              0.4928981922297841,
              -0.8700869911087113
            ],
            [
              0.4857633937163401,
              -0.8740903416267588
            ],
            [
              0.478596082007181,
              -0.8780351873856627
            ],
            [
              0.4713967368259978,
              -0.8819212643483549
            ],
            [
              0.46416584004055167,
              -0.8857483124112905
            ],
            [
              0.45690387563042073,
              -0.889516075421856
            ],
            [
              0.4496113296546066,
              -0.8932243011955153
            ],
            [
              0.44228869021900147,
              -0.8968727415326883
            ],
            [
              0.43493644744371723,
              -0.9004611522353636
            ],
            [
              0.4275550934302822,
              -0.9039892931234433
            ],
            [
              0.4201451222287025,
              -0.9074569280508187
            ],
            [
              0.41270702980439494,
              -0.9108638249211757
            ],
            [
              0.40524131400499,
              -0.9142097557035306
            ],
            [
              0.3977484745270112,
              -0.9174944964474913
            ],
            [
              0.3902290128824281,
              -0.9207178272982476
            ],
            [
              0.38268343236508984,
              -0.9238795325112867
            ],
            [
              0.3751122380170382,
              -0.9269794004668328
            ],
            [
              0.3675159365947037,
              -0.9300172236840121
            ],
            [
              0.36685290363811257,
              -0.9302761044427527
            ],
            [
              0.3715297944045634,
              -0.7768609295598251
            ]
          ]
        ]
      }
    },
    {
      "type": "Feature",
      "properties": {
        "cell_id": "CEG2000_f4_r0029_c0106",
        "method": "Area-balanced",
        "view": "disk"
      },
      "geometry": {
        "type": "Polygon",
        "coordinates": [
          [
            [
              -0.3113502530921831,
              -0.6933061385493866
            ],
            [
              -0.21968613809819237,
              -0.7672987397431803
            ],
            [
              -0.3332167795072865,
              -0.942841387985918
            ],
            [
              -0.33688985339221994,
              -0.9415440651830208
            ],
            [
              -0.34458148244908016,
              -0.9387564124698133
            ],
            [
              -0.35225004792123327,
              -0.9359059267573258
            ],
            [
              -0.35989503653498794,
              -0.932992798834739
            ],
            [
              -0.3675159365947034,
              -0.9300172236840122
            ],
            [
              -0.3751122380170379,
              -0.926979400466833
            ],
            [
              -0.3826834323650895,
              -0.9238795325112868
            ],
            [
              -0.3902290128824278,
              -0.9207178272982478
            ],
            [
              -0.39774847452701084,
              -0.9174944964474914
            ],
            [
              -0.40524131400498975,
              -0.9142097557035307
            ],
            [
              -0.4127070298043946,
              -0.9108638249211759
            ],
            [
              -0.4201451222287024,
              -0.9074569280508187
            ],
            [
              -0.42755509343028186,
              -0.9039892931234434
            ],
            [
              -0.43493644744371673,
              -0.9004611522353638
            ],
            [
              -0.44202392539356616,
              -0.8970019653576247
            ],
            [
              -0.3113502530921831,
              -0.6933061385493866
            ]
          ]
        ]
      }
    },
    {
      "type": "Feature",
      "properties": {
        "cell_id": "CEG2000_f4_r0029_c0107",
        "method": "Area-balanced",
        "view": "disk"
      },
      "geometry": {
        "type": "Polygon",
        "coordinates": [
          [
            [
              -0.21968613809819246,
              -0.7672987397431803
            ],
            [
              -0.1730707969132511,
              -0.7711631276008923
            ],
            [
              -0.13770247312281048,
              -0.8579673451383598
            ],
            [
              -0.1927675865608037,
              -0.9812374318350295
            ],
            [
              -0.19509032201612797,
              -0.9807852804032305
            ],
            [
              -0.20310773440776264,
              -0.9791563962022337
            ],
            [
              -0.21111155235896498,
              -0.9774619749435719
            ],
            [
              -0.21910124015686966,
              -0.9757021300385286
            ],
            [
              -0.22707626303437312,
              -0.9738769792773336
            ],
            [
              -0.23503608720592642,
              -0.9719866448212795
            ],
            [
              -0.24298017990326365,
              -0.9700312531945441
            ],
            [
              -0.25090800941105984,
              -0.9680109352757228
            ],
            [
              -0.25881904510252063,
              -0.9659258262890683
            ],
            [
              -0.2667127574748983,
              -0.9637760657954398
            ],
            [
              -0.2745886181849321,
              -0.961561797682962
            ],
            [
              -0.2824461000842123,
              -0.9592831701573937
            ],
            [
              -0.29028467725446216,
              -0.9569403357322089
            ],
            [
              -0.2981038250427397,
              -0.9545334512183885
            ],
            [
              -0.3059030200965532,
              -0.9520626777139244
            ],
            [
              -0.31368174039889124,
              -0.9495281805930368
            ],
            [
              -0.32143946530316136,
              -0.9469301294951057
            ],
            [
              -0.32917567556803873,
              -0.9442686983133166
            ],
            [
              -0.3332167795072866,
              -0.942841387985918
            ],
            [
              -0.21968613809819246,
              -0.7672987397431803
            ]
          ]
        ]
      }
    },
    {
      "type": "Feature",
      "properties": {
        "cell_id": "CEG2000_f4_r0029_c0108",
        "method": "Area-balanced",
        "view": "disk"
      },
      "geometry": {
        "type": "Polygon",
        "coordinates": [
          [
            [
              0.006543414947687518,
              -0.726141807158756
            ],
            [
              0.004890688835403647,
              -0.8806785487646891
            ],
            [
              0.0014475741711588164,
              -0.8849902839191883
            ],
            [
              -0.13770247312281064,
              -0.8579673451383597
            ],
            [
              -0.1730707969132513,
              -0.7711631276008922
            ],
            [
              -0.1337769480437425,
              -0.7287681665107912
            ],
            [
              0.006543414947687518,
              -0.726141807158756
            ]
          ]
        ]
      }
    },
    {
      "type": "Feature",
      "properties": {
        "cell_id": "CEG2000_f4_r0029_c0109",
        "method": "Area-balanced",
        "view": "disk"
      },
      "geometry": {
        "type": "Polygon",
        "coordinates": [
          [
            [
              0.16208636970967696,
              -0.830894593234873
            ],
            [
              0.13915909227063172,
              -0.8619611296026142
            ],
            [
              0.00489068883540346,
              -0.8806785487646897
            ],
            [
              0.006543414947687337,
              -0.726141807158756
            ],
            [
              0.013721670803511818,
              -0.7201540903048625
            ],
            [
              0.11473699368469222,
              -0.7190222957090096
            ],
            [
              0.16208636970967696,
              -0.830894593234873
            ]
          ]
        ]
      }
    },
    {
      "type": "Feature",
      "properties": {
        "cell_id": "CEG2000_f4_r0029_c0110",
        "method": "Area-balanced",
        "view": "disk"
      },
      "geometry": {
        "type": "Polygon",
        "coordinates": [
          [
            [
              0.27708558630186764,
              -0.776078325017175
            ],
            [
              0.236186370290147,
              -0.8294018727270933
            ],
            [
              0.16208636970967683,
              -0.8308945932348731
            ],
            [
              0.11473699368469213,
              -0.7190222957090096
            ],
            [
              0.17311211401524146,
              -0.6608618199755849
            ],
            [
              0.22612348823796735,
              -0.6564693360796564
            ],
            [
              0.27708558630186764,
              -0.776078325017175
            ]
          ]
        ]
      }
    },
    {
      "type": "Feature",
      "properties": {
        "cell_id": "CEG2000_f4_r0029_c0111",
        "method": "Area-balanced",
        "view": "disk"
      },
      "geometry": {
        "type": "Polygon",
        "coordinates": [
          [
            [
              0.39817790545422443,
              -0.6430375755448066
            ],
            [
              0.3739227521053761,
              -0.7747751724865204
            ],
            [
              0.37152979440456346,
              -0.7768609295598252
            ],
            [
              0.2770855863018674,
              -0.7760783250171752
            ],
            [
              0.22612348823796713,
              -0.6564693360796565
            ],
            [
              0.24805083938886038,
              -0.6386824449544022
            ],
            [
              0.39817790545422443,
              -0.6430375755448066
            ]
          ]
        ]
      }
    },
    {
      "type": "Feature",
      "properties": {
        "cell_id": "CEG2000_f4_r0029_c0112",
        "method": "Area-balanced",
        "view": "disk"
      },
      "geometry": {
        "type": "Polygon",
        "coordinates": [
          [
            [
              0.5339783778748365,
              -0.6969686221061424
            ],
            [
              0.49860314808809314,
              -0.800074203387035
            ],
            [
              0.37392275210537573,
              -0.7747751724865206
            ],
            [
              0.3981779054542241,
              -0.6430375755448065
            ],
            [
              0.4055150284657357,
              -0.6369878408794585
            ],
            [
              0.5339783778748365,
              -0.6969686221061424
            ]
          ]
        ]
      }
    },
    {
      "type": "Feature",
      "properties": {
        "cell_id": "CEG2000_f4_r0029_c0113",
        "method": "Area-balanced",
        "view": "disk"
      },
      "geometry": {
        "type": "Polygon",
        "coordinates": [
          [
            [
              0.49860314808809286,
              -0.8000742033870347
            ],
            [
              0.533978377874836,
              -0.6969686221061425
            ],
            [
              0.5844749504486102,
              -0.6728705497137007
            ],
            [
              0.68011127817765,
              -0.7330977784087152
            ],
            [
              0.6775983049957888,
              -0.7354322110615186
            ],
            [
              0.6715589548470184,
              -0.740951125354959
            ],
            [
              0.6654746558033422,
              -0.7464204461852738
            ],
            [
              0.659345815100069,
              -0.7518398074789774
            ],
            [
              0.6531728429537769,
              -0.7572088465064845
            ],
            [
              0.6469561525348575,
              -0.7625272039063881
            ],
            [
              0.6406961599398608,
              -0.767794523709512
            ],
            [
              0.6343932841636456,
              -0.7730104533627369
            ],
            [
              0.6280479470713343,
              -0.7781746437525978
            ],
            [
              0.6216605733700774,
              -0.7832867492286504
            ],
            [
              0.6152315905806269,
              -0.7883464276266062
            ],
            [
              0.6087614290087207,
              -0.7933533402912352
            ],
            [
              0.6022505217162821,
              -0.7983071520990314
            ],
            [
              0.5956993044924335,
              -0.8032075314806448
            ],
            [
              0.5891082158243284,
              -0.808054150443073
            ],
            [
              0.5824776968678023,
              -0.8128466845916151
            ],
            [
              0.5758081914178453,
              -0.8175848131515837
            ],
            [
              0.5691001458788983,
              -0.822268218989775
            ],
            [
              0.5623540092349731,
              -0.8268965886356962
            ],
            [
              0.5555702330196024,
              -0.8314696123025451
            ],
            [
              0.548749271285616,
              -0.8359869839079467
            ],
            [
              0.5418915805747517,
              -0.840448401094438
            ],
            [
              0.5349976198870973,
              -0.844853565249707
            ],
            [
              0.5280678506503681,
              -0.8492021815265789
            ],
            [
              0.526682065520754,
              -0.8500560772768981
            ],
            [
              0.49860314808809286,
              -0.8000742033870347
            ]
          ]
        ]
      }
    },
    {
      "type": "Feature",
      "properties": {
        "cell_id": "CEG2000_f4_r0030_c0105",
        "method": "Area-balanced",
        "view": "disk"
      },
      "geometry": {
        "type": "Polygon",
        "coordinates": [
          [
            [
              -0.6804139385788208,
              -0.6331633427116674
            ],
            [
              -0.5667368789441973,
              -0.632933722697637
            ],
            [
              -0.50735385979367,
              -0.6771404135257941
            ],
            [
              -0.48471658919380883,
              -0.8746664966132696
            ],
            [
              -0.4857633937163398,
              -0.874090341626759
            ],
            [
              -0.492898192229784,
              -0.8700869911087115
            ],
            [
              -0.49999999999999983,
              -0.8660254037844387
            ],
            [
              -0.5070683416876167,
              -0.8619058515047745
            ],
            [
              -0.5141027441932217,
              -0.8577286100002721
            ],
            [
              -0.5211027366890232,
              -0.8534939588627506
            ],
            [
              -0.528067850650368,
              -0.8492021815265789
            ],
            [
              -0.534997619887097,
              -0.8448535652497072
            ],
            [
              -0.5418915805747514,
              -0.8404484010944382
            ],
            [
              -0.5487492712856158,
              -0.8359869839079468
            ],
            [
              -0.555570233019602,
              -0.8314696123025453
            ],
            [
              -0.562354009234973,
              -0.8268965886356963
            ],
            [
              -0.569100145878898,
              -0.8222682189897752
            ],
            [
              -0.575808191417845,
              -0.8175848131515839
            ],
            [
              -0.582477696867802,
              -0.8128466845916152
            ],
            [
              -0.5891082158243279,
              -0.8080541504430734
            ],
            [
              -0.5956993044924334,
              -0.8032075314806449
            ],
            [
              -0.6022505217162818,
              -0.7983071520990316
            ],
            [
              -0.6087614290087203,
              -0.7933533402912354
            ],
            [
              -0.6152315905806268,
              -0.7883464276266063
            ],
            [
              -0.6216605733700772,
              -0.7832867492286506
            ],
            [
              -0.6280479470713338,
              -0.7781746437525981
            ],
            [
              -0.6343932841636454,
              -0.7730104533627371
            ],
            [
              -0.6406961599398605,
              -0.7677945237095122
            ],
            [
              -0.6469561525348573,
              -0.7625272039063882
            ],
            [
              -0.6531728429537765,
              -0.7572088465064848
            ],
            [
              -0.6593458151000685,
              -0.7518398074789777
            ],
            [
              -0.6654746558033421,
              -0.7464204461852739
            ],
            [
              -0.6715589548470181,
              -0.7409511253549593
            ],
            [
              -0.6775983049957887,
              -0.7354322110615187
            ],
            [
              -0.6835923020228711,
              -0.7298640726978358
            ],
            [
              -0.6895405447370666,
              -0.7242470829514672
            ],
            [
              -0.6954426350096116,
              -0.7185816177796982
            ],
            [
              -0.701298177800824,
              -0.7128680563843801
            ],
            [
              -0.7071067811865475,
              -0.7071067811865476
            ],
            [
              -0.7128680563843797,
              -0.7012981778008245
            ],
            [
              -0.7185816177796978,
              -0.695442635009612
            ],
            [
              -0.7242470829514668,
              -0.689540544737067
            ],
            [
              -0.7298640726978354,
              -0.6835923020228716
            ],
            [
              -0.7354322110615186,
              -0.6775983049957888
            ],
            [
              -0.7409511253549589,
              -0.6715589548470186
            ],
            [
              -0.7452398077535307,
              -0.6667880468996126
            ],
            [
              -0.6804139385788208,
              -0.6331633427116674
            ]
          ]
        ]
      }
    },
    {
      "type": "Feature",
      "properties": {
        "cell_id": "CEG2000_f4_r0030_c0106",
        "method": "Area-balanced",
        "view": "disk"
      },
      "geometry": {
        "type": "Polygon",
        "coordinates": [
          [
            [
              -0.50735385979367,
              -0.6771404135257941
            ],
            [
              -0.3339459839640968,
              -0.6465213739098011
            ],
            [
              -0.3113502530921831,
              -0.6933061385493866
            ],
            [
              -0.44202392539356605,
              -0.8970019653576248
            ],
            [
              -0.44228869021900113,
              -0.8968727415326884
            ],
            [
              -0.4496113296546063,
              -0.8932243011955154
            ],
            [
              -0.4569038756304206,
              -0.8895160754218561
            ],
            [
              -0.46416584004055134,
              -0.8857483124112906
            ],
            [
              -0.4713967368259973,
              -0.8819212643483553
            ],
            [
              -0.4785960820071807,
              -0.8780351873856628
            ],
            [
              -0.4847165891938088,
              -0.8746664966132696
            ],
            [
              -0.50735385979367,
              -0.6771404135257941
            ]
          ]
        ]
      }
    },
    {
      "type": "Feature",
      "properties": {
        "cell_id": "CEG2000_f4_r0030_c0107",
        "method": "Area-balanced",
        "view": "disk"
      },
      "geometry": {
        "type": "Polygon",
        "coordinates": [
          [
            [
              -0.1596080240837519,
              -0.5846309272097546
            ],
            [
              -0.13377694804374243,
              -0.7287681665107913
            ],
            [
              -0.17307079691325097,
              -0.7711631276008921
            ],
            [
              -0.21968613809819226,
              -0.7672987397431801
            ],
            [
              -0.3113502530921834,
              -0.6933061385493862
            ],
            [
              -0.3339459839640969,
              -0.6465213739098011
            ],
            [
              -0.3156579830000452,
              -0.5814565714469879
            ],
            [
              -0.1596080240837519,
              -0.5846309272097546
            ]
          ]
        ]
      }
    },
    {
      "type": "Feature",
      "properties": {
        "cell_id": "CEG2000_f4_r0030_c0108",
        "method": "Area-balanced",
        "view": "disk"
      },
      "geometry": {
        "type": "Polygon",
        "coordinates": [
          [
            [
              -0.0011508681501175531,
              -0.5667774938725246
            ],
            [
              0.013721670803511863,
              -0.7201540903048625
            ],
            [
              0.006543414947687398,
              -0.726141807158756
            ],
            [
              -0.13377694804374238,
              -0.7287681665107913
            ],
            [
              -0.15960802408375185,
              -0.5846309272097547
            ],
            [
              -0.1400023054785356,
              -0.5662861330227384
            ],
            [
              -0.0011508681501175531,
              -0.5667774938725246
            ]
          ]
        ]
      }
    },
    {
      "type": "Feature",
      "properties": {
        "cell_id": "CEG2000_f4_r0030_c0109",
        "method": "Area-balanced",
        "view": "disk"
      },
      "geometry": {
        "type": "Polygon",
        "coordinates": [
          [
            [
              0.1731121140152414,
              -0.6608618199755851
            ],
            [
              0.11473699368469237,
              -0.7190222957090094
            ],
            [
              0.013721670803511936,
              -0.7201540903048624
            ],
            [
              -0.0011508681501174838,
              -0.5667774938725245
            ],
            [
              0.013605156254372912,
              -0.5538231684347473
            ],
            [
              0.10018689260958571,
              -0.5533632454112766
            ],
            [
              0.1731121140152414,
              -0.6608618199755851
            ]
          ]
        ]
      }
    },
    {
      "type": "Feature",
      "properties": {
        "cell_id": "CEG2000_f4_r0030_c0110",
        "method": "Area-balanced",
        "view": "disk"
      },
      "geometry": {
        "type": "Polygon",
        "coordinates": [
          [
            [
              0.26843765395260705,
              -0.4939669190787572
            ],
            [
              0.2480508393888604,
              -0.6386824449544024
            ],
            [
              0.22612348823796724,
              -0.6564693360796566
            ],
            [
              0.17311211401524146,
              -0.660861819975585
            ],
            [
              0.10018689260958585,
              -0.5533632454112767
            ],
            [
              0.15284653169773177,
              -0.4890113429590671
            ],
            [
              0.26784684804331593,
              -0.4928396332225834
            ],
            [
              0.26843765395260705,
              -0.4939669190787572
            ]
          ]
        ]
      }
    },
    {
      "type": "Feature",
      "properties": {
        "cell_id": "CEG2000_f4_r0030_c0111",
        "method": "Area-balanced",
        "view": "disk"
      },
      "geometry": {
        "type": "Polygon",
        "coordinates": [
          [
            [
              0.4373487809155248,
              -0.5550529333749441
            ],
            [
              0.4055150284657359,
              -0.6369878408794587
            ],
            [
              0.39817790545422427,
              -0.6430375755448067
            ],
            [
              0.24805083938886033,
              -0.6386824449544024
            ],
            [
              0.268437653952607,
              -0.49396691907875706
            ],
            [
              0.4317396930363566,
              -0.5449596098908196
            ],
            [
              0.4373487809155248,
              -0.5550529333749441
            ]
          ]
        ]
      }
    },
    {
      "type": "Feature",
      "properties": {
        "cell_id": "CEG2000_f4_r0030_c0112",
        "method": "Area-balanced",
        "view": "disk"
      },
      "geometry": {
        "type": "Polygon",
        "coordinates": [
          [
            [
              0.5844749504486103,
              -0.6728705497137006
            ],
            [
              0.5339783778748362,
              -0.6969686221061423
            ],
            [
              0.4055150284657359,
              -0.6369878408794587
            ],
            [
              0.4373487809155247,
              -0.5550529333749441
            ],
            [
              0.5723103510323297,
              -0.5528698980790583
            ],
            [
              0.5863964273214484,
              -0.567634091907497
            ],
            [
              0.5844749504486103,
              -0.6728705497137006
            ]
          ]
        ]
      }
    },
    {
      "type": "Feature",
      "properties": {
        "cell_id": "CEG2000_f4_r0030_c0113",
        "method": "Area-balanced",
        "view": "disk"
      },
      "geometry": {
        "type": "Polygon",
        "coordinates": [
          [
            [
              0.5844749504486104,
              -0.6728705497137006
            ],
            [
              0.5863964273214485,
              -0.5676340919074973
            ],
            [
              0.7368478126214841,
              -0.5826597969820912
            ],
            [
              0.7804950547873757,
              -0.6251486852135584
            ],
            [
              0.7781746437525979,
              -0.6280479470713342
            ],
            [
              0.773010453362737,
              -0.6343932841636455
            ],
            [
              0.7677945237095121,
              -0.6406961599398607
            ],
            [
              0.7625272039063882,
              -0.6469561525348573
            ],
            [
              0.7572088465064847,
              -0.6531728429537766
            ],
            [
              0.7518398074789775,
              -0.6593458151000688
            ],
            [
              0.7464204461852738,
              -0.6654746558033421
            ],
            [
              0.7409511253549592,
              -0.6715589548470183
            ],
            [
              0.7354322110615187,
              -0.6775983049957887
            ],
            [
              0.7298640726978357,
              -0.6835923020228711
            ],
            [
              0.724247082951467,
              -0.6895405447370668
            ],
            [
              0.7185816177796982,
              -0.6954426350096116
            ],
            [
              0.71286805638438,
              -0.7012981778008243
            ],
            [
              0.7071067811865476,
              -0.7071067811865475
            ],
            [
              0.7012981778008244,
              -0.7128680563843798
            ],
            [
              0.6954426350096117,
              -0.7185816177796981
            ],
            [
              0.689540544737067,
              -0.7242470829514669
            ],
            [
              0.6835923020228714,
              -0.7298640726978356
            ],
            [
              0.6801112781776502,
              -0.733097778408715
            ],
            [
              0.5844749504486104,
              -0.6728705497137006
            ]
          ]
        ]
      }
    },
    {
      "type": "Feature",
      "properties": {
        "cell_id": "CEG2000_f4_r0031_c0106",
        "method": "Area-balanced",
        "view": "disk"
      },
      "geometry": {
        "type": "Polygon",
        "coordinates": [
          [
            [
              -0.37184571694534196,
              -0.47384042338297006
            ],
            [
              -0.3156579830000452,
              -0.5814565714469879
            ],
            [
              -0.3339459839640969,
              -0.646521373909801
            ],
            [
              -0.5073538597936702,
              -0.6771404135257941
            ],
            [
              -0.5667368789441974,
              -0.6329337226976373
            ],
            [
              -0.42771901594071754,
              -0.4270084415362488
            ],
            [
              -0.37184571694534196,
              -0.47384042338297006
            ]
          ]
        ]
      }
    },
    {
      "type": "Feature",
      "properties": {
        "cell_id": "CEG2000_f4_r0031_c0107",
        "method": "Area-balanced",
        "view": "disk"
      },
      "geometry": {
        "type": "Polygon",
        "coordinates": [
          [
            [
              -0.156665442260786,
              -0.4137259418840491
            ],
            [
              -0.14000230547853565,
              -0.5662861330227383
            ],
            [
              -0.1596080240837519,
              -0.5846309272097546
            ],
            [
              -0.3156579830000453,
              -0.581456571446988
            ],
            [
              -0.3718457169453421,
              -0.47384042338297006
            ],
            [
              -0.17689646511690377,
              -0.3910189165206054
            ],
            [
              -0.156665442260786,
              -0.4137259418840491
            ]
          ]
        ]
      }
    },
    {
      "type": "Feature",
      "properties": {
        "cell_id": "CEG2000_f4_r0031_c0108",
        "method": "Area-balanced",
        "view": "disk"
      },
      "geometry": {
        "type": "Polygon",
        "coordinates": [
          [
            [
              0.0020878839858715203,
              -0.3970060685813852
            ],
            [
              0.01360515625437298,
              -0.5538231684347473
            ],
            [
              -0.0011508681501175289,
              -0.5667774938725246
            ],
            [
              -0.1400023054785357,
              -0.5662861330227384
            ],
            [
              -0.1566654422607861,
              -0.4137259418840488
            ],
            [
              0.0020878839858715203,
              -0.3970060685813852
            ]
          ]
        ]
      }
    },
    {
      "type": "Feature",
      "properties": {
        "cell_id": "CEG2000_f4_r0031_c0109",
        "method": "Area-balanced",
        "view": "disk"
      },
      "geometry": {
        "type": "Polygon",
        "coordinates": [
          [
            [
              0.1528465316977317,
              -0.4890113429590671
            ],
            [
              0.10018689260958584,
              -0.5533632454112767
            ],
            [
              0.013605156254372967,
              -0.5538231684347474
            ],
            [
              0.002087883985871501,
              -0.3970060685813853
            ],
            [
              0.018071121844267547,
              -0.3717900550754458
            ],
            [
              0.11073243480409616,
              -0.3705621219998323
            ],
            [
              0.1528465316977317,
              -0.4890113429590671
            ]
          ]
        ]
      }
    },
    {
      "type": "Feature",
      "properties": {
        "cell_id": "CEG2000_f4_r0031_c0110",
        "method": "Area-balanced",
        "view": "disk"
      },
      "geometry": {
        "type": "Polygon",
        "coordinates": [
          [
            [
              0.3044923907545358,
              -0.3690530966316683
            ],
            [
              0.26784684804331593,
              -0.49283963322258334
            ],
            [
              0.15284653169773169,
              -0.489011342959067
            ],
            [
              0.1107324348040962,
              -0.3705621219998323
            ],
            [
              0.14119254038690218,
              -0.3421427117866665
            ],
            [
              0.29714829957256633,
              -0.35818361363304896
            ],
            [
              0.3044923907545358,
              -0.3690530966316683
            ]
          ]
        ]
      }
    },
    {
      "type": "Feature",
      "properties": {
        "cell_id": "CEG2000_f4_r0031_c0111",
        "method": "Area-balanced",
        "view": "disk"
      },
      "geometry": {
        "type": "Polygon",
        "coordinates": [
          [
            [
              0.43173969303635673,
              -0.5449596098908199
            ],
            [
              0.2684376539526069,
              -0.4939669190787572
            ],
            [
              0.2678468480433158,
              -0.49283963322258345
            ],
            [
              0.30449239075453577,
              -0.3690530966316683
            ],
            [
              0.43041517068168017,
              -0.3728076249227529
            ],
            [
              0.4387956957760804,
              -0.3820465069054839
            ],
            [
              0.43173969303635673,
              -0.5449596098908199
            ]
          ]
        ]
      }
    },
    {
      "type": "Feature",
      "properties": {
        "cell_id": "CEG2000_f4_r0031_c0112",
        "method": "Area-balanced",
        "view": "disk"
      },
      "geometry": {
        "type": "Polygon",
        "coordinates": [
          [
            [
              0.5865047127732489,
              -0.41353139541509
            ],
            [
              0.5723103510323297,
              -0.5528698980790583
            ],
            [
              0.4373487809155247,
              -0.5550529333749441
            ],
            [
              0.4317396930363565,
              -0.5449596098908197
            ],
            [
              0.43879569577608013,
              -0.38204650690548386
            ],
            [
              0.5775148443990059,
              -0.3983118761560698
            ],
            [
              0.5865047127732489,
              -0.41353139541509
            ]
          ]
        ]
      }
    },
    {
      "type": "Feature",
      "properties": {
        "cell_id": "CEG2000_f4_r0031_c0113",
        "method": "Area-balanced",
        "view": "disk"
      },
      "geometry": {
        "type": "Polygon",
        "coordinates": [
          [
            [
              0.7368478126214841,
              -0.5826597969820912
            ],
            [
              0.5863964273214486,
              -0.5676340919074971
            ],
            [
              0.5723103510323297,
              -0.5528698980790582
            ],
            [
              0.5865047127732489,
              -0.41353139541509015
            ],
            [
              0.7319303275658978,
              -0.4314751312403522
            ],
            [
              0.7368478126214841,
              -0.5826597969820912
            ]
          ]
        ]
      }
    },
    {
      "type": "Feature",
      "properties": {
        "cell_id": "CEG2000_f4_r0031_c0114",
        "method": "Area-balanced",
        "view": "disk"
      },
      "geometry": {
        "type": "Polygon",
        "coordinates": [
          [
            [
              0.7368478126214844,
              -0.5826597969820914
            ],
            [
              0.731930327565898,
              -0.431475131240352
            ],
            [
              0.7526632051572957,
              -0.4093089464196953
            ],
            [
              0.9160718474480908,
              -0.400993686681308
            ],
            [
              0.9142097557035307,
              -0.4052413140049898
            ],
            [
              0.9108638249211758,
              -0.41270702980439467
            ],
            [
              0.9074569280508187,
              -0.4201451222287024
            ],
            [
              0.9039892931234433,
              -0.42755509343028203
            ],
            [
              0.9004611522353636,
              -0.43493644744371707
            ],
            [
              0.8968727415326884,
              -0.44228869021900125
            ],
            [
              0.8932243011955153,
              -0.44961132965460654
            ],
            [
              0.8895160754218561,
              -0.4569038756304206
            ],
            [
              0.8857483124112906,
              -0.4641658400405515
            ],
            [
              0.881921264348355,
              -0.4713967368259976
            ],
            [
              0.8780351873856628,
              -0.4785960820071808
            ],
            [
              0.8740903416267589,
              -0.48576339371634003
            ],
            [
              0.8700869911087115,
              -0.4928981922297839
            ],
            [
              0.8660254037844387,
              -0.49999999999999994
            ],
            [
              0.8619058515047743,
              -0.507068341687617
            ],
            [
              0.8577286100002721,
              -0.5141027441932217
            ],
            [
              0.8534939588627505,
              -0.5211027366890234
            ],
            [
              0.849202181526579,
              -0.5280678506503679
            ],
            [
              0.8448535652497071,
              -0.5349976198870972
            ],
            [
              0.8404484010944381,
              -0.5418915805747516
            ],
            [
              0.8359869839079467,
              -0.5487492712856158
            ],
            [
              0.8314696123025452,
              -0.5555702330196022
            ],
            [
              0.8268965886356963,
              -0.562354009234973
            ],
            [
              0.8222682189897751,
              -0.5691001458788982
            ],
            [
              0.8175848131515837,
              -0.5758081914178452
            ],
            [
              0.8128466845916152,
              -0.582477696867802
            ],
            [
              0.8080541504430732,
              -0.5891082158243282
            ],
            [
              0.8032075314806449,
              -0.5956993044924332
            ],
            [
              0.7983071520990315,
              -0.6022505217162819
            ],
            [
              0.7933533402912353,
              -0.6087614290087205
            ],
            [
              0.7883464276266062,
              -0.6152315905806268
            ],
            [
              0.7832867492286505,
              -0.6216605733700773
            ],
            [
              0.7804950547873757,
              -0.6251486852135584
            ],
            [
              0.7368478126214844,
              -0.5826597969820914
            ]
          ]
        ]
      }
    },
    {
      "type": "Feature",
      "properties": {
        "cell_id": "CEG2000_f4_r0032_c0104",
        "method": "Area-balanced",
        "view": "disk"
      },
      "geometry": {
        "type": "Polygon",
        "coordinates": [
          [
            [
              -0.9234237580888572,
              -0.18453097110883496
            ],
            [
              -0.7398270311105679,
              -0.34025280893008963
            ],
            [
              -0.8199557896698353,
              -0.5724122400513185
            ],
            [
              -0.8222682189897749,
              -0.5691001458788986
            ],
            [
              -0.8268965886356962,
              -0.5623540092349733
            ],
            [
              -0.831469612302545,
              -0.5555702330196025
            ],
            [
              -0.8359869839079465,
              -0.5487492712856163
            ],
            [
              -0.8404484010944379,
              -0.541891580574752
            ],
            [
              -0.8448535652497069,
              -0.5349976198870976
            ],
            [
              -0.8492021815265788,
              -0.5280678506503681
            ],
            [
              -0.8534939588627503,
              -0.5211027366890236
            ],
            [
              -0.8577286100002718,
              -0.5141027441932221
            ],
            [
              -0.8619058515047742,
              -0.5070683416876173
            ],
            [
              -0.8660254037844385,
              -0.5000000000000003
            ],
            [
              -0.8700869911087113,
              -0.49289819222978415
            ],
            [
              -0.8740903416267587,
              -0.4857633937163403
            ],
            [
              -0.8780351873856626,
              -0.47859608200718123
            ],
            [
              -0.8819212643483549,
              -0.47139673682599786
            ],
            [
              -0.8857483124112904,
              -0.4641658400405519
            ],
            [
              -0.889516075421856,
              -0.4569038756304208
            ],
            [
              -0.8932243011955152,
              -0.4496113296546069
            ],
            [
              -0.8968727415326881,
              -0.4422886902190017
            ],
            [
              -0.9004611522353635,
              -0.4349364474437173
            ],
            [
              -0.9039892931234431,
              -0.4275550934302824
            ],
            [
              -0.9074569280508186,
              -0.42014512222870254
            ],
            [
              -0.9108638249211757,
              -0.412707029804395
            ],
            [
              -0.9142097557035305,
              -0.4052413140049903
            ],
            [
              -0.9174944964474913,
              -0.39774847452701123
            ],
            [
              -0.9207178272982475,
              -0.3902290128824284
            ],
            [
              -0.9238795325112867,
              -0.3826834323650899
            ],
            [
              -0.9269794004668328,
              -0.37511223801703825
            ],
            [
              -0.930017223684012,
              -0.367515936594704
            ],
            [
              -0.9329927988347388,
              -0.35989503653498833
            ],
            [
              -0.9359059267573255,
              -0.3522500479212339
            ],
            [
              -0.9387564124698131,
              -0.34458148244908055
            ],
            [
              -0.9415440651830207,
              -0.33688985339222033
            ],
            [
              -0.9442686983133164,
              -0.32917567556803934
            ],
            [
              -0.9469301294951056,
              -0.32143946530316175
            ],
            [
              -0.9495281805930366,
              -0.3136817403988918
            ],
            [
              -0.9520626777139243,
              -0.30590302009655357
            ],
            [
              -0.9545334512183884,
              -0.2981038250427401
            ],
            [
              -0.9569403357322087,
              -0.2902846772544628
            ],
            [
              -0.9592831701573936,
              -0.28244610008421267
            ],
            [
              -0.9615617976829619,
              -0.2745886181849327
            ],
            [
              -0.9637760657954397,
              -0.2667127574748989
            ],
            [
              -0.9659258262890682,
              -0.258819045102521
            ],
            [
              -0.9680109352757226,
              -0.25090800941106045
            ],
            [
              -0.970031253194544,
              -0.24298017990326407
            ],
            [
              -0.9719866448212794,
              -0.23503608720592703
            ],
            [
              -0.9738769792773335,
              -0.22707626303437373
            ],
            [
              -0.9757021300385285,
              -0.21910124015687005
            ],
            [
              -0.9774619749435718,
              -0.2111115523589656
            ],
            [
              -0.9791563962022337,
              -0.20310773440776303
            ],
            [
              -0.9807023993860138,
              -0.19549826463970932
            ],
            [
              -0.9234237580888572,
              -0.18453097110883496
            ]
          ]
        ]
      }
    },
    {
      "type": "Feature",
      "properties": {
        "cell_id": "CEG2000_f4_r0032_c0105",
        "method": "Area-balanced",
        "view": "disk"
      },
      "geometry": {
        "type": "Polygon",
        "coordinates": [
          [
            [
              -0.7398270311105679,
              -0.3402528089300896
            ],
            [
              -0.596889221953102,
              -0.33952248898073895
            ],
            [
              -0.5923602995190098,
              -0.3434936777570325
            ],
            [
              -0.6804139385788205,
              -0.633163342711667
            ],
            [
              -0.7452398077535309,
              -0.6667880468996124
            ],
            [
              -0.7464204461852735,
              -0.6654746558033425
            ],
            [
              -0.7518398074789773,
              -0.659345815100069
            ],
            [
              -0.7572088465064843,
              -0.6531728429537771
            ],
            [
              -0.7625272039063881,
              -0.6469561525348574
            ],
            [
              -0.7677945237095118,
              -0.640696159939861
            ],
            [
              -0.7730104533627367,
              -0.6343932841636458
            ],
            [
              -0.7781746437525977,
              -0.6280479470713344
            ],
            [
              -0.7832867492286502,
              -0.6216605733700776
            ],
            [
              -0.7883464276266062,
              -0.6152315905806269
            ],
            [
              -0.793353340291235,
              -0.6087614290087209
            ],
            [
              -0.7983071520990312,
              -0.6022505217162823
            ],
            [
              -0.8032075314806448,
              -0.5956993044924335
            ],
            [
              -0.8080541504430729,
              -0.5891082158243285
            ],
            [
              -0.8128466845916151,
              -0.5824776968678022
            ],
            [
              -0.8175848131515836,
              -0.5758081914178454
            ],
            [
              -0.8199557896698353,
              -0.5724122400513185
            ],
            [
              -0.7398270311105679,
              -0.3402528089300896
            ]
          ]
        ]
      }
    },
    {
      "type": "Feature",
      "properties": {
        "cell_id": "CEG2000_f4_r0032_c0106",
        "method": "Area-balanced",
        "view": "disk"
      },
      "geometry": {
        "type": "Polygon",
        "coordinates": [
          [
            [
              -0.4277190159407176,
              -0.42700844153624895
            ],
            [
              -0.5667368789441971,
              -0.632933722697637
            ],
            [
              -0.6804139385788206,
              -0.6331633427116673
            ],
            [
              -0.5923602995190097,
              -0.34349367775703243
            ],
            [
              -0.45111403861167726,
              -0.37077579870192967
            ],
            [
              -0.4277190159407176,
              -0.42700844153624895
            ]
          ]
        ]
      }
    },
    {
      "type": "Feature",
      "properties": {
        "cell_id": "CEG2000_f4_r0032_c0107",
        "method": "Area-balanced",
        "view": "disk"
      },
      "geometry": {
        "type": "Polygon",
        "coordinates": [
          [
            [
              -0.19273963575944136,
              -0.24054588177052288
            ],
            [
              -0.17689646511690374,
              -0.3910189165206056
            ],
            [
              -0.3718457169453413,
              -0.4738404233829703
            ],
            [
              -0.4277190159407177,
              -0.42700844153624834
            ],
            [
              -0.4511140386116772,
              -0.37077579870192956
            ],
            [
              -0.4342094163881043,
              -0.3449994665158711
            ],
            [
              -0.19273963575944136,
              -0.24054588177052288
            ]
          ]
        ]
      }
    },
    {
      "type": "Feature",
      "properties": {
        "cell_id": "CEG2000_f4_r0032_c0108",
        "method": "Area-balanced",
        "view": "disk"
      },
      "geometry": {
        "type": "Polygon",
        "coordinates": [
          [
            [
              0.018071121844267558,
              -0.3717900550754459
            ],
            [
              0.002087883985871536,
              -0.3970060685813853
            ],
            [
              -0.15666544226078605,
              -0.4137259418840489
            ],
            [
              -0.17689646511690377,
              -0.3910189165206054
            ],
            [
              -0.1927396357594414,
              -0.24054588177052283
            ],
            [
              -0.1906189033781328,
              -0.23674313162470303
            ],
            [
              -0.048086030805779514,
              -0.2431158466243345
            ],
            [
              0.018071121844267558,
              -0.3717900550754459
            ]
          ]
        ]
      }
    },
    {
      "type": "Feature",
      "properties": {
        "cell_id": "CEG2000_f4_r0032_c0109",
        "method": "Area-balanced",
        "view": "disk"
      },
      "geometry": {
        "type": "Polygon",
        "coordinates": [
          [
            [
              0.14092814317154181,
              -0.19593494313967644
            ],
            [
              0.1411925403869022,
              -0.34214271178666655
            ],
            [
              0.11073243480409624,
              -0.3705621219998323
            ],
            [
              0.018071121844267544,
              -0.3717900550754458
            ],
            [
              -0.048086030805779556,
              -0.24311584662433444
            ],
            [
              -0.0013509315206453876,
              -0.19961415877758748
            ],
            [
              0.14092814317154181,
              -0.19593494313967644
            ]
          ]
        ]
      }
    },
    {
      "type": "Feature",
      "properties": {
        "cell_id": "CEG2000_f4_r0032_c0110",
        "method": "Area-balanced",
        "view": "disk"
      },
      "geometry": {
        "type": "Polygon",
        "coordinates": [
          [
            [
              0.3150297833284978,
              -0.19494320333267168
            ],
            [
              0.29714829957256633,
              -0.35818361363304896
            ],
            [
              0.1411925403869022,
              -0.3421427117866665
            ],
            [
              0.14092814317154181,
              -0.1959349431396765
            ],
            [
              0.16506766282857968,
              -0.175792634893393
            ],
            [
              0.3150297833284978,
              -0.19494320333267168
            ]
          ]
        ]
      }
    },
    {
      "type": "Feature",
      "properties": {
        "cell_id": "CEG2000_f4_r0032_c0111",
        "method": "Area-balanced",
        "view": "disk"
      },
      "geometry": {
        "type": "Polygon",
        "coordinates": [
          [
            [
              0.4459406873397412,
              -0.15475268871539805
            ],
            [
              0.4304151706816801,
              -0.372807624922753
            ],
            [
              0.30449239075453577,
              -0.3690530966316683
            ],
            [
              0.2971482995725663,
              -0.358183613633049
            ],
            [
              0.3150297833284978,
              -0.19494320333267168
            ],
            [
              0.42623453999507416,
              -0.10268548875286378
            ],
            [
              0.4459406873397412,
              -0.15475268871539805
            ]
          ]
        ]
      }
    },
    {
      "type": "Feature",
      "properties": {
        "cell_id": "CEG2000_f4_r0032_c0112",
        "method": "Area-balanced",
        "view": "disk"
      },
      "geometry": {
        "type": "Polygon",
        "coordinates": [
          [
            [
              0.6217451138146077,
              -0.25557879240296744
            ],
            [
              0.5775148443990059,
              -0.3983118761560699
            ],
            [
              0.43879569577608035,
              -0.3820465069054839
            ],
            [
              0.43041517068168017,
              -0.3728076249227529
            ],
            [
              0.44594068733974124,
              -0.15475268871539816
            ],
            [
              0.6217451138146077,
              -0.25557879240296744
            ]
          ]
        ]
      }
    },
    {
      "type": "Feature",
      "properties": {
        "cell_id": "CEG2000_f4_r0032_c0113",
        "method": "Area-balanced",
        "view": "disk"
      },
      "geometry": {
        "type": "Polygon",
        "coordinates": [
          [
            [
              0.7526632051572956,
              -0.40930894641969534
            ],
            [
              0.7319303275658979,
              -0.4314751312403521
            ],
            [
              0.5865047127732488,
              -0.41353139541509
            ],
            [
              0.5775148443990059,
              -0.39831187615606994
            ],
            [
              0.6217451138146077,
              -0.25557879240296744
            ],
            [
              0.692368904178705,
              -0.20161501221494946
            ],
            [
              0.7579632208517866,
              -0.2550614528714307
            ],
            [
              0.7526632051572956,
              -0.40930894641969534
            ]
          ]
        ]
      }
    },
    {
      "type": "Feature",
      "properties": {
        "cell_id": "CEG2000_f4_r0032_c0114",
        "method": "Area-balanced",
        "view": "disk"
      },
      "geometry": {
        "type": "Polygon",
        "coordinates": [
          [
            [
              0.7526632051572955,
              -0.4093089464196954
            ],
            [
              0.7579632208517864,
              -0.2550614528714307
            ],
            [
              0.9780096302071507,
              -0.20852463189435513
            ],
            [
              0.9774619749435719,
              -0.21111155235896514
            ],
            [
              0.9757021300385286,
              -0.21910124015686977
            ],
            [
              0.9738769792773336,
              -0.2270762630343732
            ],
            [
              0.9719866448212794,
              -0.23503608720592667
            ],
            [
              0.970031253194544,
              -0.24298017990326384
            ],
            [
              0.9680109352757227,
              -0.25090800941106
            ],
            [
              0.9659258262890683,
              -0.25881904510252074
            ],
            [
              0.9637760657954398,
              -0.26671275747489837
            ],
            [
              0.9615617976829619,
              -0.2745886181849323
            ],
            [
              0.9592831701573936,
              -0.28244610008421245
            ],
            [
              0.9569403357322088,
              -0.29028467725446233
            ],
            [
              0.9545334512183885,
              -0.2981038250427398
            ],
            [
              0.9520626777139243,
              -0.30590302009655346
            ],
            [
              0.9495281805930367,
              -0.31368174039889146
            ],
            [
              0.9469301294951057,
              -0.32143946530316153
            ],
            [
              0.9442686983133165,
              -0.32917567556803884
            ],
            [
              0.9415440651830208,
              -0.33688985339222005
            ],
            [
              0.9387564124698132,
              -0.34458148244908043
            ],
            [
              0.9359059267573258,
              -0.3522500479212335
            ],
            [
              0.932992798834739,
              -0.3598950365349881
            ],
            [
              0.9300172236840122,
              -0.3675159365947035
            ],
            [
              0.9269794004668329,
              -0.37511223801703797
            ],
            [
              0.9238795325112867,
              -0.3826834323650898
            ],
            [
              0.9207178272982477,
              -0.390229012882428
            ],
            [
              0.9174944964474914,
              -0.397748474527011
            ],
            [
              0.9160718474480907,
              -0.4009936866813082
            ],
            [
              0.7526632051572955,
              -0.4093089464196954
            ]
          ]
        ]
      }
    },
    {
      "type": "Feature",
      "properties": {
        "cell_id": "CEG2000_f4_r0033_c0105",
        "method": "Area-balanced",
        "view": "disk"
      },
      "geometry": {
        "type": "Polygon",
        "coordinates": [
          [
            [
              -0.6416032313385003,
              -0.09987401296547721
            ],
            [
              -0.5968892219531018,
              -0.3395224889807392
            ],
            [
              -0.7398270311105675,
              -0.3402528089300898
            ],
            [
              -0.9234237580888569,
              -0.18453097110883498
            ],
            [
              -0.8357273207418252,
              -0.1186151685889685
            ],
            [
              -0.6416032313385003,
              -0.09987401296547721
            ]
          ]
        ]
      }
    },
    {
      "type": "Feature",
      "properties": {
        "cell_id": "CEG2000_f4_r0033_c0106",
        "method": "Area-balanced",
        "view": "disk"
      },
      "geometry": {
        "type": "Polygon",
        "coordinates": [
          [
            [
              -0.41693514718607916,
              -0.10586699948510539
            ],
            [
              -0.4342094163881045,
              -0.34499946651587143
            ],
            [
              -0.4511140386116772,
              -0.37077579870192956
            ],
            [
              -0.5923602995190097,
              -0.3434936777570324
            ],
            [
              -0.5968892219531017,
              -0.3395224889807391
            ],
            [
              -0.6416032313385002,
              -0.09987401296547714
            ],
            [
              -0.600014935478711,
              -0.05974288676920736
            ],
            [
              -0.41693514718607916,
              -0.10586699948510539
            ]
          ]
        ]
      }
    },
    {
      "type": "Feature",
      "properties": {
        "cell_id": "CEG2000_f4_r0033_c0107",
        "method": "Area-balanced",
        "view": "disk"
      },
      "geometry": {
        "type": "Polygon",
        "coordinates": [
          [
            [
              -0.1906189033781328,
              -0.23674313162470295
            ],
            [
              -0.19273963575944153,
              -0.24054588177052302
            ],
            [
              -0.43420941638810434,
              -0.3449994665158712
            ],
            [
              -0.416935147186079,
              -0.10586699948510533
            ],
            [
              -0.28517134931076593,
              -0.045371674596868784
            ],
            [
              -0.24219457437089542,
              -0.08181254771012372
            ],
            [
              -0.1906189033781328,
              -0.23674313162470295
            ]
          ]
        ]
      }
    },
    {
      "type": "Feature",
      "properties": {
        "cell_id": "CEG2000_f4_r0033_c0108",
        "method": "Area-balanced",
        "view": "disk"
      },
      "geometry": {
        "type": "Polygon",
        "coordinates": [
          [
            [
              -0.022284600982581226,
              -0.04119291040458398
            ],
            [
              -0.0013509315206454153,
              -0.19961415877758754
            ],
            [
              -0.048086030805779584,
              -0.24311584662433444
            ],
            [
              -0.19061890337813284,
              -0.23674313162470303
            ],
            [
              -0.24219457437089542,
              -0.08181254771012375
            ],
            [
              -0.022284600982581226,
              -0.04119291040458398
            ]
          ]
        ]
      }
    },
    {
      "type": "Feature",
      "properties": {
        "cell_id": "CEG2000_f4_r0033_c0109",
        "method": "Area-balanced",
        "view": "disk"
      },
      "geometry": {
        "type": "Polygon",
        "coordinates": [
          [
            [
              0.18192951785998335,
              -0.04289608217683641
            ],
            [
              0.16506766282857965,
              -0.17579263489339297
            ],
            [
              0.14092814317154181,
              -0.19593494313967644
            ],
            [
              -0.0013509315206454015,
              -0.19961415877758754
            ],
            [
              -0.022284600982581206,
              -0.04119291040458395
            ],
            [
              0.04411988995112792,
              0.02728614316595737
            ],
            [
              0.18192951785998335,
              -0.04289608217683641
            ]
          ]
        ]
      }
    },
    {
      "type": "Feature",
      "properties": {
        "cell_id": "CEG2000_f4_r0033_c0110",
        "method": "Area-balanced",
        "view": "disk"
      },
      "geometry": {
        "type": "Polygon",
        "coordinates": [
          [
            [
              0.4268770802555002,
              -0.09996983767075349
            ],
            [
              0.4262345399950742,
              -0.10268548875286365
            ],
            [
              0.31502978332849774,
              -0.1949432033326717
            ],
            [
              0.16506766282857963,
              -0.17579263489339303
            ],
            [
              0.18192951785998335,
              -0.042896082176836325
            ],
            [
              0.34036217655174894,
              0.017579884349582776
            ],
            [
              0.4268770802555002,
              -0.09996983767075349
            ]
          ]
        ]
      }
    },
    {
      "type": "Feature",
      "properties": {
        "cell_id": "CEG2000_f4_r0033_c0111",
        "method": "Area-balanced",
        "view": "disk"
      },
      "geometry": {
        "type": "Polygon",
        "coordinates": [
          [
            [
              0.6923689041787051,
              -0.2016150122149494
            ],
            [
              0.6217451138146078,
              -0.25557879240296744
            ],
            [
              0.4459406873397412,
              -0.1547526887153981
            ],
            [
              0.42623453999507416,
              -0.10268548875286376
            ],
            [
              0.42687708025550014,
              -0.09996983767075346
            ],
            [
              0.6628721531202043,
              -0.025853859176676045
            ],
            [
              0.7093462201888622,
              -0.06533753558368005
            ],
            [
              0.6923689041787051,
              -0.2016150122149494
            ]
          ]
        ]
      }
    },
    {
      "type": "Feature",
      "properties": {
        "cell_id": "CEG2000_f4_r0033_c0112",
        "method": "Area-balanced",
        "view": "disk"
      },
      "geometry": {
        "type": "Polygon",
        "coordinates": [
          [
            [
              0.7579632208517866,
              -0.2550614528714309
            ],
            [
              0.6923689041787051,
              -0.20161501221494965
            ],
            [
              0.7093462201888623,
              -0.06533753558367994
            ],
            [
              0.9955241640962585,
              -0.09441998536434466
            ],
            [
              0.9951847266721969,
              -0.0980171403295606
            ],
            [
              0.9943495298293181,
              -0.10615560526045748
            ],
            [
              0.9934477790194444,
              -0.11428696496684639
            ],
            [
              0.99247953459871,
              -0.12241067519921618
            ],
            [
              0.9914448613738104,
              -0.13052619222005157
            ],
            [
              0.9903438285976649,
              -0.13863297284022666
            ],
            [
              0.989176509964781,
              -0.14673047445536175
            ],
            [
              0.9879429836063224,
              -0.15481815508214103
            ],
            [
              0.986643332084879,
              -0.1628954733945887
            ],
            [
              0.9852776423889412,
              -0.17096188876030122
            ],
            [
              0.9838460059270774,
              -0.17901686127663266
            ],
            [
              0.9823485185218157,
              -0.18705985180683196
            ],
            [
              0.9807852804032304,
              -0.19509032201612825
            ],
            [
              0.9791563962022337,
              -0.20310773440776286
            ],
            [
              0.9780096302071507,
              -0.20852463189435536
            ],
            [
              0.7579632208517866,
              -0.2550614528714309
            ]
          ]
        ]
      }
    },
    {
      "type": "Feature",
      "properties": {
        "cell_id": "CEG2000_f4_r0034_c0105",
        "method": "Area-balanced",
        "view": "disk"
      },
      "geometry": {
        "type": "Polygon",
        "coordinates": [
          [
            [
              -0.8356529905434791,
              0.1263000657821362
            ],
            [
              -0.8357273207418255,
              -0.11861516858896877
            ],
            [
              -0.9234237580888569,
              -0.18453097110883487
            ],
            [
              -0.9807023993860138,
              -0.19549826463970932
            ],
            [
              -0.9807852804032304,
              -0.1950903220161286
            ],
            [
              -0.9823485185218156,
              -0.1870598518068325
            ],
            [
              -0.9838460059270774,
              -0.1790168612766329
            ],
            [
              -0.9852776423889412,
              -0.17096188876030163
            ],
            [
              -0.986643332084879,
              -0.1628954733945889
            ],
            [
              -0.9879429836063223,
              -0.15481815508214136
            ],
            [
              -0.9891765099647809,
              -0.14673047445536225
            ],
            [
              -0.9903438285976648,
              -0.1386329728402269
            ],
            [
              -0.9914448613738104,
              -0.130526192220052
            ],
            [
              -0.99247953459871,
              -0.12241067519921635
            ],
            [
              -0.9934477790194444,
              -0.11428696496684672
            ],
            [
              -0.994349529829318,
              -0.10615560526045797
            ],
            [
              -0.9951847266721968,
              -0.09801714032956083
            ],
            [
              -0.9959533136465477,
              -0.08987211489923537
            ],
            [
              -0.9966552393091803,
              -0.08172107413366836
            ],
            [
              -0.9972904566786902,
              -0.07356456359966773
            ],
            [
              -0.9978589232386035,
              -0.06540312923014356
            ],
            [
              -0.9983606009402225,
              -0.05723731728756885
            ],
            [
              -0.9987954562051724,
              -0.04906767432741841
            ],
            [
              -0.9991634599276488,
              -0.04089474716158358
            ],
            [
              -0.9994645874763657,
              -0.03271908282177645
            ],
            [
              -0.9996988186962042,
              -0.02454122852291277
            ],
            [
              -0.9998661379095618,
              -0.016361731626486995
            ],
            [
              -0.9999665339174011,
              -0.00818113960393752
            ],
            [
              -1.0,
              -1.2246467991473532e-16
            ],
            [
              -0.9999665339174011,
              0.008181139603936832
            ],
            [
              -0.9998661379095618,
              0.016361731626486308
            ],
            [
              -0.9996988186962042,
              0.02454122852291208
            ],
            [
              -0.9994645874763657,
              0.03271908282177576
            ],
            [
              -0.9991634599276488,
              0.04089474716158289
            ],
            [
              -0.9987954562051724,
              0.049067674327417724
            ],
            [
              -0.9983606009402225,
              0.05723731728756816
            ],
            [
              -0.9978589232386035,
              0.06540312923014287
            ],
            [
              -0.9972904566786902,
              0.07356456359966705
            ],
            [
              -0.9966552393091803,
              0.08172107413366768
            ],
            [
              -0.9959533136465478,
              0.08987211489923469
            ],
            [
              -0.9951847266721969,
              0.09801714032956015
            ],
            [
              -0.9943495298293181,
              0.1061556052604573
            ],
            [
              -0.9934477790194445,
              0.11428696496684604
            ],
            [
              -0.9924795345987101,
              0.12241067519921565
            ],
            [
              -0.9914448613738105,
              0.13052619222005132
            ],
            [
              -0.9903438285976649,
              0.13863297284022622
            ],
            [
              -0.989176509964781,
              0.14673047445536158
            ],
            [
              -0.9879429836063224,
              0.15481815508214067
            ],
            [
              -0.9866433320848791,
              0.1628954733945882
            ],
            [
              -0.9852776423889413,
              0.17096188876030097
            ],
            [
              -0.9838460059270775,
              0.17901686127663224
            ],
            [
              -0.9823485185218157,
              0.1870598518068318
            ],
            [
              -0.9810368277458226,
              0.19379810465212102
            ],
            [
              -0.8356529905434791,
              0.1263000657821362
            ]
          ]
        ]
      }
    },
    {
      "type": "Feature",
      "properties": {
        "cell_id": "CEG2000_f4_r0034_c0106",
        "method": "Area-balanced",
        "view": "disk"
      },
      "geometry": {
        "type": "Polygon",
        "coordinates": [
          [
            [
              -0.5999190757015098,
              0.06724067542989334
            ],
            [
              -0.6000149354787109,
              -0.05974288676920731
            ],
            [
              -0.6416032313385003,
              -0.09987401296547732
            ],
            [
              -0.8357273207418257,
              -0.11861516858896864
            ],
            [
              -0.8356529905434792,
              0.12630006578213582
            ],
            [
              -0.7374053338311461,
              0.1547320220899674
            ],
            [
              -0.5999190757015098,
              0.06724067542989334
            ]
          ]
        ]
      }
    },
    {
      "type": "Feature",
      "properties": {
        "cell_id": "CEG2000_f4_r0034_c0107",
        "method": "Area-balanced",
        "view": "disk"
      },
      "geometry": {
        "type": "Polygon",
        "coordinates": [
          [
            [
              -0.2832814645943707,
              0.014193079642511132
            ],
            [
              -0.28517134931076593,
              -0.04537167459686876
            ],
            [
              -0.41693514718607905,
              -0.1058669994851053
            ],
            [
              -0.600014935478711,
              -0.05974288676920736
            ],
            [
              -0.5999190757015099,
              0.06724067542989345
            ],
            [
              -0.52406514122458,
              0.12443178116858314
            ],
            [
              -0.29460760396206054,
              0.027439424379733443
            ],
            [
              -0.2832814645943707,
              0.014193079642511132
            ]
          ]
        ]
      }
    },
    {
      "type": "Feature",
      "properties": {
        "cell_id": "CEG2000_f4_r0034_c0108",
        "method": "Area-balanced",
        "view": "disk"
      },
      "geometry": {
        "type": "Polygon",
        "coordinates": [
          [
            [
              0.04372499766890723,
              0.04467652272669262
            ],
            [
              0.044119889951127894,
              0.027286143165957302
            ],
            [
              -0.02228460098258117,
              -0.04119291040458398
            ],
            [
              -0.24219457437089537,
              -0.08181254771012375
            ],
            [
              -0.28517134931076593,
              -0.04537167459686875
            ],
            [
              -0.2832814645943707,
              0.014193079642511182
            ],
            [
              -0.16585012789812098,
              0.10283477579535599
            ],
            [
              0.04372499766890723,
              0.04467652272669262
            ]
          ]
        ]
      }
    },
    {
      "type": "Feature",
      "properties": {
        "cell_id": "CEG2000_f4_r0034_c0109",
        "method": "Area-balanced",
        "view": "disk"
      },
      "geometry": {
        "type": "Polygon",
        "coordinates": [
          [
            [
              0.3390006528313214,
              0.11224698807166998
            ],
            [
              0.34036217655174894,
              0.017579884349582714
            ],
            [
              0.18192951785998338,
              -0.042896082176836436
            ],
            [
              0.04411988995112792,
              0.027286143165957316
            ],
            [
              0.04372499766890726,
              0.04467652272669265
            ],
            [
              0.09411963055056502,
              0.12429111302741774
            ],
            [
              0.29905581884336707,
              0.17402656946555548
            ],
            [
              0.3390006528313214,
              0.11224698807166998
            ]
          ]
        ]
      }
    },
    {
      "type": "Feature",
      "properties": {
        "cell_id": "CEG2000_f4_r0034_c0110",
        "method": "Area-balanced",
        "view": "disk"
      },
      "geometry": {
        "type": "Polygon",
        "coordinates": [
          [
            [
              0.6627447915573514,
              0.060442582729905825
            ],
            [
              0.6628721531202044,
              -0.02585385917667593
            ],
            [
              0.4268770802555002,
              -0.0999698376707534
            ],
            [
              0.34036217655174905,
              0.01757988434958277
            ],
            [
              0.33900065283132147,
              0.11224698807166997
            ],
            [
              0.5826307659048894,
              0.1172598393292959
            ],
            [
              0.6627447915573514,
              0.060442582729905825
            ]
          ]
        ]
      }
    },
    {
      "type": "Feature",
      "properties": {
        "cell_id": "CEG2000_f4_r0034_c0111",
        "method": "Area-balanced",
        "view": "disk"
      },
      "geometry": {
        "type": "Polygon",
        "coordinates": [
          [
            [
              0.7093462201888621,
              -0.06533753558367997
            ],
            [
              0.6628721531202044,
              -0.02585385917667618
            ],
            [
              0.6627447915573514,
              0.060442582729906054
            ],
            [
              0.7657462077893549,
              0.13567191077034724
            ],
            [
              0.996392538986233,
              0.08477165506476056
            ],
            [
              0.9966552393091803,
              0.08172107413366848
            ],
            [
              0.9972904566786901,
              0.0735645635996683
            ],
            [
              0.9978589232386035,
              0.06540312923014367
            ],
            [
              0.9983606009402225,
              0.05723731728756897
            ],
            [
              0.9987954562051723,
              0.04906767432741898
            ],
            [
              0.9991634599276488,
              0.040894747161584144
            ],
            [
              0.9994645874763657,
              0.032719082821776574
            ],
            [
              0.9996988186962041,
              0.024541228522913336
            ],
            [
              0.9998661379095618,
              0.016361731626487564
            ],
            [
              0.9999665339174011,
              0.008181139603937642
            ],
            [
              1.0,
              0.0
            ],
            [
              0.9999665339174011,
              -0.008181139603937128
            ],
            [
              0.9998661379095618,
              -0.01636173162648678
            ],
            [
              0.9996988186962042,
              -0.024541228522912288
            ],
            [
              0.9994645874763657,
              -0.03271908282177614
            ],
            [
              0.9991634599276488,
              -0.04089474716158344
            ],
            [
              0.9987954562051724,
              -0.049067674327418015
            ],
            [
              0.9983606009402225,
              -0.057237317287568625
            ],
            [
              0.9978589232386035,
              -0.06540312923014306
            ],
            [
              0.9972904566786902,
              -0.07356456359966743
            ],
            [
              0.9966552393091803,
              -0.0817210741336682
            ],
            [
              0.9959533136465477,
              -0.08987211489923497
            ],
            [
              0.9955241640962585,
              -0.09441998536434472
            ],
            [
              0.7093462201888621,
              -0.06533753558367997
            ]
          ]
        ]
      }
    },
    {
      "type": "Feature",
      "properties": {
        "cell_id": "CEG2000_f4_r0035_c0104",
        "method": "Area-balanced",
        "view": "disk"
      },
      "geometry": {
        "type": "Polygon",
        "coordinates": [
          [
            [
              -0.7775113547734503,
              0.3111220406587122
            ],
            [
              -0.7272442370490214,
              0.21937429927525526
            ],
            [
              -0.7374053338311464,
              0.1547320220899674
            ],
            [
              -0.8356529905434789,
              0.12630006578213615
            ],
            [
              -0.9810368277458226,
              0.19379810465212105
            ],
            [
              -0.9807852804032305,
              0.19509032201612792
            ],
            [
              -0.9791563962022338,
              0.20310773440776236
            ],
            [
              -0.9774619749435719,
              0.21111155235896492
            ],
            [
              -0.9757021300385287,
              0.21910124015686938
            ],
            [
              -0.9738769792773336,
              0.22707626303437303
            ],
            [
              -0.9719866448212795,
              0.23503608720592636
            ],
            [
              -0.9700312531945441,
              0.24298017990326337
            ],
            [
              -0.9680109352757228,
              0.25090800941105973
            ],
            [
              -0.9659258262890684,
              0.25881904510252035
            ],
            [
              -0.96377606579544,
              0.26671275747489825
            ],
            [
              -0.961561797682962,
              0.274588618184932
            ],
            [
              -0.9592831701573937,
              0.282446100084212
            ],
            [
              -0.9569403357322089,
              0.2902846772544621
            ],
            [
              -0.9545334512183886,
              0.29810382504273947
            ],
            [
              -0.9520626777139244,
              0.3059030200965529
            ],
            [
              -0.9495281805930368,
              0.3136817403988912
            ],
            [
              -0.9469301294951058,
              0.3214394653031611
            ],
            [
              -0.9442686983133166,
              0.3291756755680387
            ],
            [
              -0.9415440651830209,
              0.33688985339221966
            ],
            [
              -0.9387564124698135,
              0.34458148244907993
            ],
            [
              -0.9385563660377385,
              0.3451196606111795
            ],
            [
              -0.7775113547734503,
              0.3111220406587122
            ]
          ]
        ]
      }
    },
    {
      "type": "Feature",
      "properties": {
        "cell_id": "CEG2000_f4_r0035_c0105",
        "method": "Area-balanced",
        "view": "disk"
      },
      "geometry": {
        "type": "Polygon",
        "coordinates": [
          [
            [
              -0.4823424815900225,
              0.27707884035144786
            ],
            [
              -0.5240651412245798,
              0.12443178116858329
            ],
            [
              -0.59991907570151,
              0.06724067542989334
            ],
            [
              -0.7374053338311465,
              0.15473202208996736
            ],
            [
              -0.7272442370490215,
              0.2193742992752555
            ],
            [
              -0.5703967434537448,
              0.3129178585488874
            ],
            [
              -0.5013139150580237,
              0.30771681662448014
            ],
            [
              -0.4823424815900225,
              0.27707884035144786
            ]
          ]
        ]
      }
    },
    {
      "type": "Feature",
      "properties": {
        "cell_id": "CEG2000_f4_r0035_c0106",
        "method": "Area-balanced",
        "view": "disk"
      },
      "geometry": {
        "type": "Polygon",
        "coordinates": [
          [
            [
              -0.29460760396206065,
              0.027439424379733526
            ],
            [
              -0.5240651412245799,
              0.12443178116858311
            ],
            [
              -0.48234248159002246,
              0.2770788403514481
            ],
            [
              -0.32266187974072186,
              0.29278511030999976
            ],
            [
              -0.29460760396206065,
              0.027439424379733526
            ]
          ]
        ]
      }
    },
    {
      "type": "Feature",
      "properties": {
        "cell_id": "CEG2000_f4_r0035_c0107",
        "method": "Area-balanced",
        "view": "disk"
      },
      "geometry": {
        "type": "Polygon",
        "coordinates": [
          [
            [
              -0.12724235332436612,
              0.2461687026103247
            ],
            [
              -0.16585012789812092,
              0.10283477579535605
            ],
            [
              -0.28328146459437076,
              0.014193079642511153
            ],
            [
              -0.2946076039620606,
              0.027439424379733485
            ],
            [
              -0.3226618797407218,
              0.29278511030999976
            ],
            [
              -0.3180475360174192,
              0.2966737537364311
            ],
            [
              -0.14896811172062824,
              0.27645578271545335
            ],
            [
              -0.12724235332436612,
              0.2461687026103247
            ]
          ]
        ]
      }
    },
    {
      "type": "Feature",
      "properties": {
        "cell_id": "CEG2000_f4_r0035_c0108",
        "method": "Area-balanced",
        "view": "disk"
      },
      "geometry": {
        "type": "Polygon",
        "coordinates": [
          [
            [
              0.09411963055056494,
              0.1242911130274177
            ],
            [
              0.043724997668907195,
              0.04467652272669262
            ],
            [
              -0.16585012789812095,
              0.10283477579535603
            ],
            [
              -0.12724235332436612,
              0.24616870261032472
            ],
            [
              0.037320458600167486,
              0.24991292131060894
            ],
            [
              0.09411963055056494,
              0.1242911130274177
            ]
          ]
        ]
      }
    },
    {
      "type": "Feature",
      "properties": {
        "cell_id": "CEG2000_f4_r0035_c0109",
        "method": "Area-balanced",
        "view": "disk"
      },
      "geometry": {
        "type": "Polygon",
        "coordinates": [
          [
            [
              0.29905581884336707,
              0.17402656946555545
            ],
            [
              0.09411963055056494,
              0.12429111302741769
            ],
            [
              0.03732045860016745,
              0.24991292131060888
            ],
            [
              0.09248579330264453,
              0.33876558334753837
            ],
            [
              0.269624931340253,
              0.3398069180621257
            ],
            [
              0.29814959598175383,
              0.2611670085843232
            ],
            [
              0.29905581884336707,
              0.17402656946555545
            ]
          ]
        ]
      }
    },
    {
      "type": "Feature",
      "properties": {
        "cell_id": "CEG2000_f4_r0035_c0110",
        "method": "Area-balanced",
        "view": "disk"
      },
      "geometry": {
        "type": "Polygon",
        "coordinates": [
          [
            [
              0.6049154857940617,
              0.4551045390277284
            ],
            [
              0.5601597670659657,
              0.36403959068216923
            ],
            [
              0.2981495959817538,
              0.2611670085843234
            ],
            [
              0.269624931340253,
              0.33980691806212565
            ],
            [
              0.3074985064437366,
              0.4761600800399329
            ],
            [
              0.3266497856391579,
              0.48469737689358444
            ],
            [
              0.5395319868857338,
              0.5062402845883887
            ],
            [
              0.6049154857940617,
              0.4551045390277284
            ]
          ]
        ]
      }
    },
    {
      "type": "Feature",
      "properties": {
        "cell_id": "CEG2000_f4_r0035_c0111",
        "method": "Area-balanced",
        "view": "disk"
      },
      "geometry": {
        "type": "Polygon",
        "coordinates": [
          [
            [
              0.5826307659048895,
              0.11725983932929587
            ],
            [
              0.33900065283132147,
              0.11224698807166988
            ],
            [
              0.29905581884336707,
              0.17402656946555545
            ],
            [
              0.29814959598175383,
              0.2611670085843234
            ],
            [
              0.5601597670659657,
              0.3640395906821693
            ],
            [
              0.5826307659048895,
              0.11725983932929587
            ]
          ]
        ]
      }
    },
    {
      "type": "Feature",
      "properties": {
        "cell_id": "CEG2000_f4_r0035_c0112",
        "method": "Area-balanced",
        "view": "disk"
      },
      "geometry": {
        "type": "Polygon",
        "coordinates": [
          [
            [
              0.7657462077893549,
              0.13567191077034735
            ],
            [
              0.6627447915573514,
              0.06044258272990602
            ],
            [
              0.5826307659048895,
              0.11725983932929604
            ],
            [
              0.5601597670659657,
              0.36403959068216896
            ],
            [
              0.6049154857940618,
              0.4551045390277284
            ],
            [
              0.6251395397211423,
              0.45477022513689574
            ],
            [
              0.7320667958752987,
              0.30962492700817323
            ],
            [
              0.7657462077893549,
              0.13567191077034735
            ]
          ]
        ]
      }
    },
    {
      "type": "Feature",
      "properties": {
        "cell_id": "CEG2000_f4_r0035_c0113",
        "method": "Area-balanced",
        "view": "disk"
      },
      "geometry": {
        "type": "Polygon",
        "coordinates": [
          [
            [
              0.7657462077893551,
              0.13567191077034738
            ],
            [
              0.7320667958752989,
              0.3096249270081732
            ],
            [
              0.9318359907874383,
              0.36285779770558024
            ],
            [
              0.9329927988347386,
              0.35989503653498883
            ],
            [
              0.9359059267573255,
              0.352250047921234
            ],
            [
              0.9387564124698131,
              0.34458148244908066
            ],
            [
              0.9415440651830205,
              0.33688985339222083
            ],
            [
              0.9442686983133164,
              0.32917567556803945
            ],
            [
              0.9469301294951056,
              0.32143946530316186
            ],
            [
              0.9495281805930363,
              0.31368174039889235
            ],
            [
              0.952062677713924,
              0.30590302009655407
            ],
            [
              0.9545334512183883,
              0.2981038250427402
            ],
            [
              0.9569403357322086,
              0.29028467725446333
            ],
            [
              0.9592831701573934,
              0.2824461000842132
            ],
            [
              0.9615617976829618,
              0.2745886181849328
            ],
            [
              0.9637760657954396,
              0.2667127574748994
            ],
            [
              0.9659258262890681,
              0.25881904510252157
            ],
            [
              0.9680109352757226,
              0.25090800941106056
            ],
            [
              0.970031253194544,
              0.24298017990326418
            ],
            [
              0.9719866448212792,
              0.23503608720592759
            ],
            [
              0.9738769792773335,
              0.22707626303437384
            ],
            [
              0.9757021300385285,
              0.21910124015687016
            ],
            [
              0.9774619749435717,
              0.21111155235896614
            ],
            [
              0.9791563962022336,
              0.20310773440776358
            ],
            [
              0.9807852804032303,
              0.19509032201612872
            ],
            [
              0.9823485185218155,
              0.18705985180683304
            ],
            [
              0.9838460059270773,
              0.1790168612766335
            ],
            [
              0.9852776423889411,
              0.17096188876030177
            ],
            [
              0.986643332084879,
              0.162895473394589
            ],
            [
              0.9879429836063223,
              0.15481815508214192
            ],
            [
              0.9891765099647809,
              0.1467304744553624
            ],
            [
              0.9903438285976648,
              0.13863297284022702
            ],
            [
              0.9914448613738103,
              0.13052619222005257
            ],
            [
              0.9924795345987099,
              0.1224106751992169
            ],
            [
              0.9934477790194444,
              0.11428696496684684
            ],
            [
              0.994349529829318,
              0.10615560526045854
            ],
            [
              0.9951847266721968,
              0.0980171403295614
            ],
            [
              0.9959533136465477,
              0.0898721148992355
            ],
            [
              0.996392538986233,
              0.08477165506476073
            ],
            [
              0.7657462077893551,
              0.13567191077034738
            ]
          ]
        ]
      }
    },
    {
      "type": "Feature",
      "properties": {
        "cell_id": "CEG2000_f4_r0036_c0103",
        "method": "Area-balanced",
        "view": "disk"
      },
      "geometry": {
        "type": "Polygon",
        "coordinates": [
          [
            [
              -0.7190785158338622,
              0.496540657282357
            ],
            [
              -0.7775113547734505,
              0.3111220406587123
            ],
            [
              -0.9385563660377385,
              0.34511966061117955
            ],
            [
              -0.9359059267573259,
              0.3522500479212332
            ],
            [
              -0.9329927988347391,
              0.35989503653498767
            ],
            [
              -0.9300172236840122,
              0.36751593659470333
            ],
            [
              -0.9269794004668331,
              0.37511223801703764
            ],
            [
              -0.923879532511287,
              0.3826834323650892
            ],
            [
              -0.9207178272982478,
              0.39022901288242773
            ],
            [
              -0.9174944964474915,
              0.3977484745270106
            ],
            [
              -0.9142097557035308,
              0.40524131400498964
            ],
            [
              -0.910863824921176,
              0.4127070298043944
            ],
            [
              -0.9074569280508189,
              0.42014512222870193
            ],
            [
              -0.9039892931234434,
              0.4275550934302818
            ],
            [
              -0.9004611522353638,
              0.4349364474437167
            ],
            [
              -0.8968727415326884,
              0.4422886902190011
            ],
            [
              -0.8932243011955155,
              0.44961132965460626
            ],
            [
              -0.8895160754218563,
              0.4569038756304202
            ],
            [
              -0.8857483124112907,
              0.4641658400405513
            ],
            [
              -0.8819212643483553,
              0.47139673682599725
            ],
            [
              -0.8780351873856628,
              0.4785960820071806
            ],
            [
              -0.874090341626759,
              0.4857633937163397
            ],
            [
              -0.8700869911087117,
              0.49289819222978354
            ],
            [
              -0.8660254037844388,
              0.4999999999999998
            ],
            [
              -0.8619058515047745,
              0.5070683416876167
            ],
            [
              -0.8577286100002722,
              0.5141027441932216
            ],
            [
              -0.8534939588627506,
              0.5211027366890231
            ],
            [
              -0.8492021815265792,
              0.5280678506503675
            ],
            [
              -0.8448535652497072,
              0.5349976198870969
            ],
            [
              -0.8404484010944383,
              0.5418915805747513
            ],
            [
              -0.8374648334721598,
              0.5464776533658109
            ],
            [
              -0.7190785158338622,
              0.496540657282357
            ]
          ]
        ]
      }
    },
    {
      "type": "Feature",
      "properties": {
        "cell_id": "CEG2000_f4_r0036_c0104",
        "method": "Area-balanced",
        "view": "disk"
      },
      "geometry": {
        "type": "Polygon",
        "coordinates": [
          [
            [
              -0.570396743453745,
              0.31291785854888754
            ],
            [
              -0.7272442370490215,
              0.21937429927525587
            ],
            [
              -0.7775113547734505,
              0.3111220406587125
            ],
            [
              -0.7190785158338623,
              0.49654065728235686
            ],
            [
              -0.6903226079192151,
              0.5026428891940966
            ],
            [
              -0.570396743453745,
              0.31291785854888754
            ]
          ]
        ]
      }
    },
    {
      "type": "Feature",
      "properties": {
        "cell_id": "CEG2000_f4_r0036_c0105",
        "method": "Area-balanced",
        "view": "disk"
      },
      "geometry": {
        "type": "Polygon",
        "coordinates": [
          [
            [
              -0.4730077743995152,
              0.48527562187648
            ],
            [
              -0.5013139150580237,
              0.3077168166244801
            ],
            [
              -0.5703967434537446,
              0.31291785854888726
            ],
            [
              -0.6903226079192148,
              0.5026428891940968
            ],
            [
              -0.6479228383337622,
              0.5348907861534531
            ],
            [
              -0.4730077743995152,
              0.48527562187648
            ]
          ]
        ]
      }
    },
    {
      "type": "Feature",
      "properties": {
        "cell_id": "CEG2000_f4_r0036_c0106",
        "method": "Area-balanced",
        "view": "disk"
      },
      "geometry": {
        "type": "Polygon",
        "coordinates": [
          [
            [
              -0.29787304404829484,
              0.43111043005778993
            ],
            [
              -0.31804753601741914,
              0.29667375373643123
            ],
            [
              -0.32266187974072186,
              0.29278511030999976
            ],
            [
              -0.48234248159002246,
              0.27707884035144803
            ],
            [
              -0.5013139150580237,
              0.3077168166244803
            ],
            [
              -0.4730077743995152,
              0.48527562187648016
            ],
            [
              -0.4693102669965243,
              0.4884099951441296
            ],
            [
              -0.29787304404829484,
              0.43111043005778993
            ]
          ]
        ]
      }
    },
    {
      "type": "Feature",
      "properties": {
        "cell_id": "CEG2000_f4_r0036_c0107",
        "method": "Area-balanced",
        "view": "disk"
      },
      "geometry": {
        "type": "Polygon",
        "coordinates": [
          [
            [
              -0.11646987414597054,
              0.42489653988648657
            ],
            [
              -0.1489681117206282,
              0.27645578271545335
            ],
            [
              -0.31804753601741914,
              0.2966737537364311
            ],
            [
              -0.29787304404829484,
              0.4311104300577899
            ],
            [
              -0.23275497814104867,
              0.4883353378013486
            ],
            [
              -0.16672144278104697,
              0.478290029090885
            ],
            [
              -0.11646987414597054,
              0.42489653988648657
            ]
          ]
        ]
      }
    },
    {
      "type": "Feature",
      "properties": {
        "cell_id": "CEG2000_f4_r0036_c0108",
        "method": "Area-balanced",
        "view": "disk"
      },
      "geometry": {
        "type": "Polygon",
        "coordinates": [
          [
            [
              0.09248579330264457,
              0.33876558334753837
            ],
            [
              0.03732045860016753,
              0.249912921310609
            ],
            [
              -0.12724235332436615,
              0.24616870261032475
            ],
            [
              -0.1489681117206282,
              0.27645578271545335
            ],
            [
              -0.11646987414597051,
              0.4248965398864865
            ],
            [
              0.03391660662556727,
              0.42657071680303454
            ],
            [
              0.09248579330264457,
              0.33876558334753837
            ]
          ]
        ]
      }
    },
    {
      "type": "Feature",
      "properties": {
        "cell_id": "CEG2000_f4_r0036_c0109",
        "method": "Area-balanced",
        "view": "disk"
      },
      "geometry": {
        "type": "Polygon",
        "coordinates": [
          [
            [
              0.30749850644373666,
              0.47616008003993276
            ],
            [
              0.26962493134025306,
              0.3398069180621257
            ],
            [
              0.0924857933026446,
              0.33876558334753837
            ],
            [
              0.0339166066255672,
              0.4265707168030346
            ],
            [
              0.07240727619052933,
              0.5160390885373998
            ],
            [
              0.25116182821219696,
              0.5224188262729779
            ],
            [
              0.30749850644373666,
              0.47616008003993276
            ]
          ]
        ]
      }
    },
    {
      "type": "Feature",
      "properties": {
        "cell_id": "CEG2000_f4_r0036_c0110",
        "method": "Area-balanced",
        "view": "disk"
      },
      "geometry": {
        "type": "Polygon",
        "coordinates": [
          [
            [
              0.5395319868857339,
              0.5062402845883888
            ],
            [
              0.32664978563915775,
              0.4846973768935844
            ],
            [
              0.4317466406585849,
              0.7847921351380162
            ],
            [
              0.5513897835942091,
              0.8342382311965632
            ],
            [
              0.5528600448717005,
              0.8332645097762584
            ],
            [
              0.5395319868857339,
              0.5062402845883888
            ]
          ]
        ]
      }
    },
    {
      "type": "Feature",
      "properties": {
        "cell_id": "CEG2000_f4_r0036_c0111",
        "method": "Area-balanced",
        "view": "disk"
      },
      "geometry": {
        "type": "Polygon",
        "coordinates": [
          [
            [
              0.6251395397211422,
              0.4547702251368958
            ],
            [
              0.6049154857940615,
              0.4551045390277285
            ],
            [
              0.539531986885734,
              0.5062402845883884
            ],
            [
              0.5528600448717006,
              0.8332645097762584
            ],
            [
              0.5555702330196018,
              0.8314696123025455
            ],
            [
              0.562354009234973,
              0.8268965886356963
            ],
            [
              0.5691001458788976,
              0.8222682189897755
            ],
            [
              0.5758081914178449,
              0.8175848131515839
            ],
            [
              0.5824776968678019,
              0.8128466845916154
            ],
            [
              0.5891082158243275,
              0.8080541504430737
            ],
            [
              0.5956993044924329,
              0.8032075314806453
            ],
            [
              0.6022505217162817,
              0.7983071520990317
            ],
            [
              0.6087614290087199,
              0.7933533402912357
            ],
            [
              0.6152315905806264,
              0.7883464276266067
            ],
            [
              0.6216605733700771,
              0.7832867492286506
            ],
            [
              0.6280479470713334,
              0.7781746437525985
            ],
            [
              0.6343932841636449,
              0.7730104533627374
            ],
            [
              0.6406961599398604,
              0.7677945237095123
            ],
            [
              0.6469561525348572,
              0.7625272039063883
            ],
            [
              0.6531728429537761,
              0.7572088465064851
            ],
            [
              0.6593458151000684,
              0.7518398074789778
            ],
            [
              0.665474655803342,
              0.746420446185274
            ],
            [
              0.6715589548470177,
              0.7409511253549598
            ],
            [
              0.6775983049957882,
              0.7354322110615191
            ],
            [
              0.683592302022871,
              0.7298640726978359
            ],
            [
              0.6895405447370662,
              0.7242470829514677
            ],
            [
              0.6954426350096111,
              0.7185816177796986
            ],
            [
              0.701298177800824,
              0.7128680563843802
            ],
            [
              0.7071067811865474,
              0.7071067811865477
            ],
            [
              0.7128680563843793,
              0.7012981778008249
            ],
            [
              0.7185816177796976,
              0.6954426350096121
            ],
            [
              0.7242470829514667,
              0.6895405447370672
            ],
            [
              0.729864072697835,
              0.683592302022872
            ],
            [
              0.7354322110615182,
              0.6775983049957892
            ],
            [
              0.7409511253549588,
              0.6715589548470187
            ],
            [
              0.7464204461852731,
              0.665474655803343
            ],
            [
              0.7518398074789769,
              0.6593458151000694
            ],
            [
              0.7572088465064842,
              0.6531728429537771
            ],
            [
              0.762527203906388,
              0.6469561525348575
            ],
            [
              0.7677945237095114,
              0.6406961599398614
            ],
            [
              0.7730104533627367,
              0.6343932841636459
            ],
            [
              0.7781746437525977,
              0.6280479470713345
            ],
            [
              0.7832867492286498,
              0.6216605733700782
            ],
            [
              0.7883464276266059,
              0.6152315905806274
            ],
            [
              0.7933533402912349,
              0.6087614290087209
            ],
            [
              0.7983071520990309,
              0.6022505217162828
            ],
            [
              0.8021206712253676,
              0.5971523057949458
            ],
            [
              0.6251395397211422,
              0.4547702251368958
            ]
          ]
        ]
      }
    },
    {
      "type": "Feature",
      "properties": {
        "cell_id": "CEG2000_f4_r0036_c0113",
        "method": "Area-balanced",
        "view": "disk"
      },
      "geometry": {
        "type": "Polygon",
        "coordinates": [
          [
            [
              0.7320667958752985,
              0.3096249270081731
            ],
            [
              0.625139539721142,
              0.45477022513689563
            ],
            [
              0.8021206712253676,
              0.5971523057949458
            ],
            [
              0.8032075314806445,
              0.5956993044924339
            ],
            [
              0.8080541504430729,
              0.5891082158243286
            ],
            [
              0.8128466845916151,
              0.5824776968678023
            ],
            [
              0.8175848131515833,
              0.575808191417846
            ],
            [
              0.8222682189897748,
              0.5691001458788987
            ],
            [
              0.826896588635696,
              0.5623540092349734
            ],
            [
              0.8314696123025448,
              0.555570233019603
            ],
            [
              0.8359869839079463,
              0.5487492712856165
            ],
            [
              0.8404484010944379,
              0.5418915805747521
            ],
            [
              0.8448535652497066,
              0.534997619887098
            ],
            [
              0.8492021815265786,
              0.5280678506503687
            ],
            [
              0.8534939588627503,
              0.5211027366890237
            ],
            [
              0.8577286100002716,
              0.5141027441932227
            ],
            [
              0.861905851504774,
              0.5070683416876177
            ],
            [
              0.8660254037844384,
              0.5000000000000004
            ],
            [
              0.8700869911087112,
              0.49289819222978426
            ],
            [
              0.8740903416267585,
              0.4857633937163408
            ],
            [
              0.8780351873856624,
              0.47859608200718134
            ],
            [
              0.8819212643483548,
              0.471396736825998
            ],
            [
              0.88574831241129,
              0.4641658400405524
            ],
            [
              0.8895160754218557,
              0.4569038756304213
            ],
            [
              0.8932243011955151,
              0.449611329654607
            ],
            [
              0.8968727415326878,
              0.44228869021900225
            ],
            [
              0.9004611522353633,
              0.4349364474437178
            ],
            [
              0.9039892931234431,
              0.42755509343028253
            ],
            [
              0.9074569280508186,
              0.42014512222870265
            ],
            [
              0.9108638249211755,
              0.4127070298043955
            ],
            [
              0.9142097557035304,
              0.4052413140049904
            ],
            [
              0.9174944964474911,
              0.39774847452701134
            ],
            [
              0.9207178272982474,
              0.3902290128824289
            ],
            [
              0.9238795325112865,
              0.3826834323650904
            ],
            [
              0.9269794004668328,
              0.37511223801703836
            ],
            [
              0.9300172236840117,
              0.3675159365947045
            ],
            [
              0.9318359907874383,
              0.36285779770558024
            ],
            [
              0.7320667958752985,
              0.3096249270081731
            ]
          ]
        ]
      }
    },
    {
      "type": "Feature",
      "properties": {
        "cell_id": "CEG2000_f4_r0037_c0104",
        "method": "Area-balanced",
        "view": "disk"
      },
      "geometry": {
        "type": "Polygon",
        "coordinates": [
          [
            [
              -0.6371287859132861,
              0.6879076931016823
            ],
            [
              -0.6479228383337622,
              0.534890786153453
            ],
            [
              -0.6903226079192145,
              0.5026428891940969
            ],
            [
              -0.7190785158338624,
              0.4965406572823571
            ],
            [
              -0.8374648334721599,
              0.5464776533658109
            ],
            [
              -0.8359869839079468,
              0.5487492712856157
            ],
            [
              -0.8314696123025455,
              0.555570233019602
            ],
            [
              -0.8268965886356965,
              0.5623540092349727
            ],
            [
              -0.8222682189897753,
              0.569100145878898
            ],
            [
              -0.8175848131515839,
              0.5758081914178449
            ],
            [
              -0.8128466845916156,
              0.5824776968678016
            ],
            [
              -0.8080541504430734,
              0.5891082158243279
            ],
            [
              -0.8032075314806453,
              0.5956993044924329
            ],
            [
              -0.7983071520990316,
              0.6022505217162818
            ],
            [
              -0.7933533402912354,
              0.6087614290087203
            ],
            [
              -0.7883464276266067,
              0.6152315905806264
            ],
            [
              -0.7832867492286506,
              0.6216605733700772
            ],
            [
              -0.7781746437525981,
              0.6280479470713338
            ],
            [
              -0.7730104533627371,
              0.6343932841636453
            ],
            [
              -0.7677945237095123,
              0.6406961599398604
            ],
            [
              -0.7625272039063885,
              0.6469561525348569
            ],
            [
              -0.7572088465064848,
              0.6531728429537765
            ],
            [
              -0.7518398074789777,
              0.6593458151000685
            ],
            [
              -0.7464204461852739,
              0.6654746558033421
            ],
            [
              -0.7409511253549593,
              0.6715589548470181
            ],
            [
              -0.7354322110615191,
              0.6775983049957882
            ],
            [
              -0.7298640726978358,
              0.683592302022871
            ],
            [
              -0.7242470829514672,
              0.6895405447370666
            ],
            [
              -0.7185816177796983,
              0.6954426350096115
            ],
            [
              -0.7128680563843801,
              0.701298177800824
            ],
            [
              -0.7071067811865479,
              0.7071067811865471
            ],
            [
              -0.7012981778008246,
              0.7128680563843797
            ],
            [
              -0.695442635009612,
              0.7185816177796978
            ],
            [
              -0.689540544737067,
              0.7242470829514668
            ],
            [
              -0.6835923020228716,
              0.7298640726978354
            ],
            [
              -0.6775983049957891,
              0.7354322110615182
            ],
            [
              -0.6715589548470187,
              0.7409511253549589
            ],
            [
              -0.6654746558033426,
              0.7464204461852735
            ],
            [
              -0.6643781072735818,
              0.7473900573966857
            ],
            [
              -0.6371287859132861,
              0.6879076931016823
            ]
          ]
        ]
      }
    },
    {
      "type": "Feature",
      "properties": {
        "cell_id": "CEG2000_f4_r0037_c0105",
        "method": "Area-balanced",
        "view": "disk"
      },
      "geometry": {
        "type": "Polygon",
        "coordinates": [
          [
            [
              -0.43500257541573545,
              0.5967170400963514
            ],
            [
              -0.46931026699652434,
              0.4884099951441296
            ],
            [
              -0.4730077743995154,
              0.48527562187648005
            ],
            [
              -0.6479228383337622,
              0.5348907861534528
            ],
            [
              -0.637128785913286,
              0.6879076931016821
            ],
            [
              -0.43500257541573545,
              0.5967170400963514
            ]
          ]
        ]
      }
    },
    {
      "type": "Feature",
      "properties": {
        "cell_id": "CEG2000_f4_r0037_c0106",
        "method": "Area-balanced",
        "view": "disk"
      },
      "geometry": {
        "type": "Polygon",
        "coordinates": [
          [
            [
              -0.23275497814104867,
              0.48833533780134847
            ],
            [
              -0.29787304404829484,
              0.43111043005778976
            ],
            [
              -0.4693102669965243,
              0.48840999514412936
            ],
            [
              -0.4350025754157353,
              0.5967170400963514
            ],
            [
              -0.41294085116063545,
              0.6152218265969231
            ],
            [
              -0.37007613351436175,
              0.6226752871379136
            ],
            [
              -0.26544019823940707,
              0.5534699839399558
            ],
            [
              -0.23275497814104867,
              0.48833533780134847
            ]
          ]
        ]
      }
    },
    {
      "type": "Feature",
      "properties": {
        "cell_id": "CEG2000_f4_r0037_c0107",
        "method": "Area-balanced",
        "view": "disk"
      },
      "geometry": {
        "type": "Polygon",
        "coordinates": [
          [
            [
              -0.165045881313844,
              0.7068156916714269
            ],
            [
              -0.26544019823940695,
              0.5534699839399557
            ],
            [
              -0.3700761335143619,
              0.6226752871379136
            ],
            [
              -0.27907107695301564,
              0.7802763639581058
            ],
            [
              -0.165045881313844,
              0.7068156916714269
            ]
          ]
        ]
      }
    },
    {
      "type": "Feature",
      "properties": {
        "cell_id": "CEG2000_f4_r0037_c0108",
        "method": "Area-balanced",
        "view": "disk"
      },
      "geometry": {
        "type": "Polygon",
        "coordinates": [
          [
            [
              0.07240727619052945,
              0.5160390885373998
            ],
            [
              0.03391660662556725,
              0.4265707168030345
            ],
            [
              -0.11646987414597057,
              0.4248965398864865
            ],
            [
              -0.16672144278104706,
              0.478290029090885
            ],
            [
              -0.06445321600028305,
              0.608217140312677
            ],
            [
              0.011624041298879735,
              0.608999782471793
            ],
            [
              0.07240727619052945,
              0.5160390885373998
            ]
          ]
        ]
      }
    },
    {
      "type": "Feature",
      "properties": {
        "cell_id": "CEG2000_f4_r0037_c0109",
        "method": "Area-balanced",
        "view": "disk"
      },
      "geometry": {
        "type": "Polygon",
        "coordinates": [
          [
            [
              0.2511618282121969,
              0.5224188262729779
            ],
            [
              0.07240727619052933,
              0.5160390885373998
            ],
            [
              0.011624041298879693,
              0.608999782471793
            ],
            [
              0.06932468633915233,
              0.7155736899018035
            ],
            [
              0.19805746975867078,
              0.7155153667606864
            ],
            [
              0.2511618282121969,
              0.5224188262729779
            ]
          ]
        ]
      }
    },
    {
      "type": "Feature",
      "properties": {
        "cell_id": "CEG2000_f4_r0037_c0110",
        "method": "Area-balanced",
        "view": "disk"
      },
      "geometry": {
        "type": "Polygon",
        "coordinates": [
          [
            [
              0.431746640658585,
              0.7847921351380165
            ],
            [
              0.3266497856391576,
              0.4846973768935842
            ],
            [
              0.30749850644373666,
              0.47616008003993276
            ],
            [
              0.25116182821219685,
              0.5224188262729778
            ],
            [
              0.1980574697586707,
              0.7155153667606864
            ],
            [
              0.2521576098088221,
              0.7859428655067854
            ],
            [
              0.431746640658585,
              0.7847921351380165
            ]
          ]
        ]
      }
    },
    {
      "type": "Feature",
      "properties": {
        "cell_id": "CEG2000_f4_r0038_c0105",
        "method": "Area-balanced",
        "view": "disk"
      },
      "geometry": {
        "type": "Polygon",
        "coordinates": [
          [
            [
              -0.44912537522346263,
              0.7511435455304794
            ],
            [
              -0.41294085116063584,
              0.6152218265969229
            ],
            [
              -0.4350025754157352,
              0.5967170400963516
            ],
            [
              -0.637128785913286,
              0.6879076931016823
            ],
            [
              -0.6643781072735817,
              0.7473900573966858
            ],
            [
              -0.6593458151000691,
              0.7518398074789773
            ],
            [
              -0.6559658405321781,
              0.7547795931991977
            ],
            [
              -0.44912537522346263,
              0.7511435455304794
            ]
          ]
        ]
      }
    },
    {
      "type": "Feature",
      "properties": {
        "cell_id": "CEG2000_f4_r0038_c0106",
        "method": "Area-balanced",
        "view": "disk"
      },
      "geometry": {
        "type": "Polygon",
        "coordinates": [
          [
            [
              -0.2790710769530155,
              0.7802763639581057
            ],
            [
              -0.37007613351436175,
              0.6226752871379135
            ],
            [
              -0.4129408511606358,
              0.6152218265969228
            ],
            [
              -0.4491253752234627,
              0.7511435455304796
            ],
            [
              -0.3832384396710086,
              0.8515251310516103
            ],
            [
              -0.27973144006182277,
              0.7822712292528516
            ],
            [
              -0.2790710769530155,
              0.7802763639581057
            ]
          ]
        ]
      }
    },
    {
      "type": "Feature",
      "properties": {
        "cell_id": "CEG2000_f4_r0038_c0107",
        "method": "Area-balanced",
        "view": "disk"
      },
      "geometry": {
        "type": "Polygon",
        "coordinates": [
          [
            [
              -0.06445321600028286,
              0.608217140312677
            ],
            [
              -0.16672144278104695,
              0.4782900290908849
            ],
            [
              -0.23275497814104873,
              0.4883353378013484
            ],
            [
              -0.2654401982394071,
              0.5534699839399558
            ],
            [
              -0.16504588131384415,
              0.706815691671427
            ],
            [
              -0.14609149702917612,
              0.70533825219567
            ],
            [
              -0.06445321600028286,
              0.608217140312677
            ]
          ]
        ]
      }
    },
    {
      "type": "Feature",
      "properties": {
        "cell_id": "CEG2000_f4_r0038_c0108",
        "method": "Area-balanced",
        "view": "disk"
      },
      "geometry": {
        "type": "Polygon",
        "coordinates": [
          [
            [
              0.06932468633915245,
              0.7155736899018035
            ],
            [
              0.011624041298879784,
              0.6089997824717929
            ],
            [
              -0.06445321600028306,
              0.6082171403126769
            ],
            [
              -0.14609149702917643,
              0.70533825219567
            ],
            [
              -0.06052881615431081,
              0.7898320912112896
            ],
            [
              0.01310156003517328,
              0.7943937208665377
            ],
            [
              0.06932468633915245,
              0.7155736899018035
            ]
          ]
        ]
      }
    },
    {
      "type": "Feature",
      "properties": {
        "cell_id": "CEG2000_f4_r0038_c0109",
        "method": "Area-balanced",
        "view": "disk"
      },
      "geometry": {
        "type": "Polygon",
        "coordinates": [
          [
            [
              0.25215760980882196,
              0.7859428655067853
            ],
            [
              0.19805746975867067,
              0.7155153667606866
            ],
            [
              0.06932468633915233,
              0.7155736899018037
            ],
            [
              0.01310156003517332,
              0.7943937208665378
            ],
            [
              0.036470515969915684,
              0.8685850420737644
            ],
            [
              0.21647638782875156,
              0.8685936566573352
            ],
            [
              0.25215760980882196,
              0.7859428655067853
            ]
          ]
        ]
      }
    },
    {
      "type": "Feature",
      "properties": {
        "cell_id": "CEG2000_f4_r0038_c0110",
        "method": "Area-balanced",
        "view": "disk"
      },
      "geometry": {
        "type": "Polygon",
        "coordinates": [
          [
            [
              0.4317466406585849,
              0.7847921351380164
            ],
            [
              0.25215760980882207,
              0.7859428655067853
            ],
            [
              0.21647638782875156,
              0.8685936566573355
            ],
            [
              0.23835156698653764,
              0.9711705590014613
            ],
            [
              0.24298017990326376,
              0.970031253194544
            ],
            [
              0.2509080094110593,
              0.9680109352757229
            ],
            [
              0.2588190451025203,
              0.9659258262890684
            ],
            [
              0.2667127574748982,
              0.96377606579544
            ],
            [
              0.2745886181849315,
              0.9615617976829621
            ],
            [
              0.28244610008421195,
              0.9592831701573937
            ],
            [
              0.29028467725446205,
              0.9569403357322089
            ],
            [
              0.29810382504273897,
              0.9545334512183887
            ],
            [
              0.30590302009655285,
              0.9520626777139245
            ],
            [
              0.31368174039889113,
              0.9495281805930368
            ],
            [
              0.3214394653031615,
              0.9469301294951057
            ],
            [
              0.32917567556803823,
              0.9442686983133167
            ],
            [
              0.3368898533922196,
              0.9415440651830209
            ],
            [
              0.34458148244908027,
              0.9387564124698132
            ],
            [
              0.3522500479212327,
              0.935905926757326
            ],
            [
              0.3598950365349876,
              0.9329927988347391
            ],
            [
              0.3675159365947033,
              0.9300172236840122
            ],
            [
              0.37511223801703714,
              0.9269794004668332
            ],
            [
              0.38268343236508917,
              0.923879532511287
            ],
            [
              0.3902290128824277,
              0.9207178272982478
            ],
            [
              0.3977484745270101,
              0.9174944964474917
            ],
            [
              0.4052413140049892,
              0.9142097557035309
            ],
            [
              0.41270702980439433,
              0.910863824921176
            ],
            [
              0.42014512222870226,
              0.9074569280508188
            ],
            [
              0.42755509343028136,
              0.9039892931234437
            ],
            [
              0.4349364474437166,
              0.9004611522353638
            ],
            [
              0.442288690219001,
              0.8968727415326885
            ],
            [
              0.4496113296546058,
              0.8932243011955158
            ],
            [
              0.4569038756304201,
              0.8895160754218563
            ],
            [
              0.4641658400405512,
              0.8857483124112907
            ],
            [
              0.4713967368259968,
              0.8819212643483555
            ],
            [
              0.4785960820071802,
              0.8780351873856631
            ],
            [
              0.4857633937163397,
              0.874090341626759
            ],
            [
              0.49289819222978387,
              0.8700869911087115
            ],
            [
              0.49999999999999933,
              0.866025403784439
            ],
            [
              0.5070683416876166,
              0.8619058515047746
            ],
            [
              0.5141027441932216,
              0.8577286100002722
            ],
            [
              0.5211027366890226,
              0.8534939588627509
            ],
            [
              0.5280678506503674,
              0.8492021815265792
            ],
            [
              0.5349976198870969,
              0.8448535652497072
            ],
            [
              0.541891580574751,
              0.8404484010944385
            ],
            [
              0.5487492712856153,
              0.835986983907947
            ],
            [
              0.5513897835942091,
              0.8342382311965632
            ],
            [
              0.4317466406585849,
              0.7847921351380164
            ]
          ]
        ]
      }
    },
    {
      "type": "Feature",
      "properties": {
        "cell_id": "CEG2000_f4_r0039_c0105",
        "method": "Area-balanced",
        "view": "disk"
      },
      "geometry": {
        "type": "Polygon",
        "coordinates": [
          [
            [
              -0.38323843967100857,
              0.85152513105161
            ],
            [
              -0.4491253752234624,
              0.7511435455304797
            ],
            [
              -0.6559658405321777,
              0.7547795931991982
            ],
            [
              -0.6531728429537771,
              0.7572088465064843
            ],
            [
              -0.6469561525348575,
              0.7625272039063881
            ],
            [
              -0.6406961599398614,
              0.7677945237095115
            ],
            [
              -0.6343932841636458,
              0.7730104533627367
            ],
            [
              -0.6280479470713344,
              0.7781746437525977
            ],
            [
              -0.6216605733700781,
              0.7832867492286498
            ],
            [
              -0.6152315905806273,
              0.7883464276266059
            ],
            [
              -0.6087614290087209,
              0.7933533402912349
            ],
            [
              -0.602250521716282,
              0.7983071520990315
            ],
            [
              -0.5956993044924339,
              0.8032075314806445
            ],
            [
              -0.5891082158243285,
              0.8080541504430729
            ],
            [
              -0.5824776968678023,
              0.8128466845916151
            ],
            [
              -0.5758081914178459,
              0.8175848131515833
            ],
            [
              -0.5691001458788986,
              0.8222682189897749
            ],
            [
              -0.5623540092349733,
              0.826896588635696
            ],
            [
              -0.555570233019603,
              0.8314696123025448
            ],
            [
              -0.5487492712856163,
              0.8359869839079463
            ],
            [
              -0.541891580574752,
              0.8404484010944379
            ],
            [
              -0.5349976198870973,
              0.844853565249707
            ],
            [
              -0.5280678506503685,
              0.8492021815265786
            ],
            [
              -0.5211027366890237,
              0.8534939588627503
            ],
            [
              -0.5141027441932218,
              0.857728610000272
            ],
            [
              -0.5070683416876177,
              0.861905851504774
            ],
            [
              -0.5000000000000004,
              0.8660254037844384
            ],
            [
              -0.4928981922297842,
              0.8700869911087113
            ],
            [
              -0.48576339371634075,
              0.8740903416267585
            ],
            [
              -0.4785960820071813,
              0.8780351873856624
            ],
            [
              -0.4713967368259979,
              0.8819212643483549
            ],
            [
              -0.46416584004055234,
              0.8857483124112902
            ],
            [
              -0.45690387563042123,
              0.8895160754218557
            ],
            [
              -0.44961132965460693,
              0.8932243011955151
            ],
            [
              -0.44228869021900136,
              0.8968727415326883
            ],
            [
              -0.43493644744371773,
              0.9004611522353633
            ],
            [
              -0.4275550934302825,
              0.9039892931234431
            ],
            [
              -0.4201451222287026,
              0.9074569280508186
            ],
            [
              -0.41270702980439544,
              0.9108638249211755
            ],
            [
              -0.4085245029668517,
              0.9127383197010167
            ],
            [
              -0.38323843967100857,
              0.85152513105161
            ]
          ]
        ]
      }
    },
    {
      "type": "Feature",
      "properties": {
        "cell_id": "CEG2000_f4_r0039_c0107",
        "method": "Area-balanced",
        "view": "disk"
      },
      "geometry": {
        "type": "Polygon",
        "coordinates": [
          [
            [
              -0.06052881615431063,
              0.7898320912112896
            ],
            [
              -0.14609149702917615,
              0.7053382521956701
            ],
            [
              -0.1650458813138444,
              0.706815691671427
            ],
            [
              -0.2790710769530157,
              0.7802763639581058
            ],
            [
              -0.279731440061823,
              0.7822712292528518
            ],
            [
              -0.22921868898702347,
              0.8423712943643569
            ],
            [
              -0.12185320156930884,
              0.8728698191323117
            ],
            [
              -0.06052881615431063,
              0.7898320912112896
            ]
          ]
        ]
      }
    },
    {
      "type": "Feature",
      "properties": {
        "cell_id": "CEG2000_f4_r0039_c0108",
        "method": "Area-balanced",
        "view": "disk"
      },
      "geometry": {
        "type": "Polygon",
        "coordinates": [
          [
            [
              0.036470515969915504,
              0.8685850420737645
            ],
            [
              0.013101560035173071,
              0.7943937208665378
            ],
            [
              -0.06052881615431065,
              0.7898320912112897
            ],
            [
              -0.12185320156930868,
              0.8728698191323117
            ],
            [
              -0.07174480014297879,
              0.9974172082550973
            ],
            [
              -0.06540312923014362,
              0.9978589232386035
            ],
            [
              -0.05723731728756891,
              0.9983606009402225
            ],
            [
              -0.04906767432741892,
              0.9987954562051723
            ],
            [
              -0.04089474716158408,
              0.9991634599276488
            ],
            [
              -0.03271908282177651,
              0.9994645874763657
            ],
            [
              -0.02454122852291239,
              0.9996988186962042
            ],
            [
              -0.018493373250357957,
              0.9998225331983941
            ],
            [
              0.036470515969915504,
              0.8685850420737645
            ]
          ]
        ]
      }
    },
    {
      "type": "Feature",
      "properties": {
        "cell_id": "CEG2000_f4_r0039_c0109",
        "method": "Area-balanced",
        "view": "disk"
      },
      "geometry": {
        "type": "Polygon",
        "coordinates": [
          [
            [
              0.21647638782875167,
              0.8685936566573353
            ],
            [
              0.03647051596991563,
              0.8685850420737645
            ],
            [
              -0.0184933732503579,
              0.9998225331983941
            ],
            [
              -0.0163617316264875,
              0.9998661379095618
            ],
            [
              -0.008181139603937581,
              0.9999665339174011
            ],
            [
              -1.8369701987210297e-16,
              1.0
            ],
            [
              0.008181139603936325,
              0.9999665339174011
            ],
            [
              0.016361731626486246,
              0.9998661379095618
            ],
            [
              0.02454122852291202,
              0.9996988186962042
            ],
            [
              0.032719082821775256,
              0.9994645874763657
            ],
            [
              0.04089474716158283,
              0.9991634599276488
            ],
            [
              0.04906767432741766,
              0.9987954562051724
            ],
            [
              0.05723731728756854,
              0.9983606009402225
            ],
            [
              0.06540312923014237,
              0.9978589232386036
            ],
            [
              0.07356456359966698,
              0.9972904566786902
            ],
            [
              0.08172107413366805,
              0.9966552393091803
            ],
            [
              0.08987211489923418,
              0.9959533136465478
            ],
            [
              0.09801714032956009,
              0.9951847266721969
            ],
            [
              0.10615560526045723,
              0.9943495298293181
            ],
            [
              0.11428696496684553,
              0.9934477790194445
            ],
            [
              0.1224106751992156,
              0.9924795345987101
            ],
            [
              0.13052619222005127,
              0.9914448613738105
            ],
            [
              0.13863297284022572,
              0.990343828597665
            ],
            [
              0.14673047445536108,
              0.9891765099647811
            ],
            [
              0.1548181550821406,
              0.9879429836063224
            ],
            [
              0.1628954733945886,
              0.986643332084879
            ],
            [
              0.17096188876030047,
              0.9852776423889413
            ],
            [
              0.1790168612766322,
              0.9838460059270775
            ],
            [
              0.18705985180683174,
              0.9823485185218157
            ],
            [
              0.19509032201612742,
              0.9807852804032307
            ],
            [
              0.2031077344077623,
              0.9791563962022338
            ],
            [
              0.21111155235896487,
              0.9774619749435719
            ],
            [
              0.21910124015686888,
              0.9757021300385288
            ],
            [
              0.22707626303437256,
              0.9738769792773339
            ],
            [
              0.2350360872059263,
              0.9719866448212795
            ],
            [
              0.23835156698653778,
              0.9711705590014613
            ],
            [
              0.21647638782875167,
              0.8685936566573353
            ]
          ]
        ]
      }
    },
    {
      "type": "Feature",
      "properties": {
        "cell_id": "CEG2000_f4_r0040_c0106",
        "method": "Area-balanced",
        "view": "disk"
      },
      "geometry": {
        "type": "Polygon",
        "coordinates": [
          [
            [
              -0.22921868898702347,
              0.8423712943643568
            ],
            [
              -0.279731440061823,
              0.7822712292528518
            ],
            [
              -0.38323843967100846,
              0.8515251310516101
            ],
            [
              -0.4085245029668516,
              0.9127383197010168
            ],
            [
              -0.40524131400499036,
              0.9142097557035305
            ],
            [
              -0.3977484745270113,
              0.9174944964474913
            ],
            [
              -0.39022901288242884,
              0.9207178272982474
            ],
            [
              -0.38268343236509034,
              0.9238795325112865
            ],
            [
              -0.3751122380170383,
              0.9269794004668328
            ],
            [
              -0.36751593659470366,
              0.9300172236840121
            ],
            [
              -0.3598950365349888,
              0.9329927988347386
            ],
            [
              -0.35225004792123393,
              0.9359059267573255
            ],
            [
              -0.3445814824490806,
              0.9387564124698131
            ],
            [
              -0.3368898533922208,
              0.9415440651830205
            ],
            [
              -0.3291756755680394,
              0.9442686983133164
            ],
            [
              -0.3214394653031618,
              0.9469301294951056
            ],
            [
              -0.3136817403988923,
              0.9495281805930365
            ],
            [
              -0.305903020096554,
              0.952062677713924
            ],
            [
              -0.29810382504274013,
              0.9545334512183884
            ],
            [
              -0.29028467725446244,
              0.9569403357322088
            ],
            [
              -0.28244610008421317,
              0.9592831701573934
            ],
            [
              -0.27458861818493274,
              0.9615617976829618
            ],
            [
              -0.26671275747489853,
              0.9637760657954398
            ],
            [
              -0.26492772330280345,
              0.9642621990318591
            ],
            [
              -0.22921868898702347,
              0.8423712943643568
            ]
          ]
        ]
      }
    },
    {
      "type": "Feature",
      "properties": {
        "cell_id": "CEG2000_f4_r0040_c0107",
        "method": "Area-balanced",
        "view": "disk"
      },
      "geometry": {
        "type": "Polygon",
        "coordinates": [
          [
            [
              -0.12185320156930882,
              0.8728698191323114
            ],
            [
              -0.2292186889870234,
              0.8423712943643566
            ],
            [
              -0.26492772330280345,
              0.9642621990318591
            ],
            [
              -0.2588190451025215,
              0.9659258262890681
            ],
            [
              -0.2509080094110605,
              0.9680109352757226
            ],
            [
              -0.24298017990326412,
              0.970031253194544
            ],
            [
              -0.23503608720592753,
              0.9719866448212793
            ],
            [
              -0.22707626303437378,
              0.9738769792773335
            ],
            [
              -0.2191012401568701,
              0.9757021300385285
            ],
            [
              -0.2111115523589661,
              0.9774619749435717
            ],
            [
              -0.20310773440776353,
              0.9791563962022336
            ],
            [
              -0.19509032201612866,
              0.9807852804032303
            ],
            [
              -0.1870598518068321,
              0.9823485185218157
            ],
            [
              -0.1790168612766334,
              0.9838460059270773
            ],
            [
              -0.1709618887603017,
              0.9852776423889411
            ],
            [
              -0.16289547339458896,
              0.986643332084879
            ],
            [
              -0.15481815508214186,
              0.9879429836063223
            ],
            [
              -0.1467304744553623,
              0.9891765099647809
            ],
            [
              -0.13863297284022696,
              0.9903438285976648
            ],
            [
              -0.1305261922200525,
              0.9914448613738103
            ],
            [
              -0.12241067519921685,
              0.99247953459871
            ],
            [
              -0.11428696496684677,
              0.9934477790194444
            ],
            [
              -0.1061556052604576,
              0.9943495298293181
            ],
            [
              -0.09801714032956134,
              0.9951847266721968
            ],
            [
              -0.08987211489923544,
              0.9959533136465477
            ],
            [
              -0.08172107413366843,
              0.9966552393091803
            ],
            [
              -0.07356456359966825,
              0.9972904566786902
            ],
            [
              -0.07174480014297882,
              0.9974172082550973
            ],
            [
              -0.12185320156930882,
              0.8728698191323114
            ]
          ]
        ]
      }
    }
  ]
}