cell_id,region_id,block_row,block_col,longitude,latitude,scalar_value,month_01_air_temp_c,month_02_air_temp_c,month_03_air_temp_c,month_04_air_temp_c,month_05_air_temp_c,month_06_air_temp_c,month_07_air_temp_c,month_08_air_temp_c,month_09_air_temp_c,month_10_air_temp_c,month_11_air_temp_c,month_12_air_temp_c,theta,rho,is_boundary,original_area_degree2,polygon_wkt
NCEP2000_r003_c016,NCEP-AirTemp-Africa-2000,3,16,20.0,-32.5,16.751025756200153,22.43903160095215,22.412071228027344,20.962583541870117,17.655004501342773,13.394848823547363,12.52767562866211,11.294525146484375,12.899365425109863,11.998671531677246,16.265491485595703,19.06400489807129,20.099035263061523,-1.7816946533665048,0.9655172413793105,True,6.25,"POLYGON ((18.75 -33.75, 21.25 -33.75, 21.25 -31.25, 18.75 -31.25, 18.75 -33.75))"
NCEP2000_r003_c017,NCEP-AirTemp-Africa-2000,3,17,22.5,-32.5,15.52497657140096,20.688711166381836,21.07621192932129,19.50129508972168,15.779672622680664,11.576135635375977,10.699673652648926,9.206782341003418,11.827746391296387,11.478672981262207,15.843883514404297,18.208669662475586,20.412263870239258,-1.712560129884791,0.9655172413793104,True,6.25,"POLYGON ((21.25 -33.75, 23.75 -33.75, 23.75 -31.25, 21.25 -31.25, 21.25 -33.75))"
NCEP2000_r003_c018,NCEP-AirTemp-Africa-2000,3,18,25.0,-32.5,15.502866427103678,19.32322883605957,19.9686222076416,18.486133575439453,15.163342475891113,11.991620063781738,11.655669212341309,9.986456871032715,12.65580940246582,12.823675155639648,16.409040451049805,17.384342193603516,20.18645668029785,-1.6420361521780986,0.9655172413793104,True,6.25,"POLYGON ((23.75 -33.75, 26.25 -33.75, 26.25 -31.25, 23.75 -31.25, 23.75 -33.75))"
NCEP2000_r003_c019,NCEP-AirTemp-Africa-2000,3,19,27.5,-32.5,16.608984231948853,19.195486068725586,20.23517608642578,19.193552017211914,16.51201057434082,13.998717308044434,14.411337852478027,13.03742504119873,14.685487747192383,14.730009078979492,16.740005493164062,17.226341247558594,19.342262268066406,-1.5707963267948966,0.9655172413793104,True,6.25,"POLYGON ((26.25 -33.75, 28.75 -33.75, 28.75 -31.25, 26.25 -31.25, 26.25 -33.75))"
NCEP2000_r004_c015,NCEP-AirTemp-Africa-2000,4,15,17.5,-30.0,17.28157623608907,21.786134719848633,21.56827735900879,20.568069458007812,18.118671417236328,15.255167007446289,14.911672592163086,14.223233222961426,14.745814323425293,13.477339744567871,16.364521026611328,17.70000648498535,18.66000747680664,-1.8690277094571888,0.9629629629629628,True,6.25,"POLYGON ((16.25 -31.25, 18.75 -31.25, 18.75 -28.75, 16.25 -28.75, 16.25 -31.25))"
NCEP2000_r004_c016,NCEP-AirTemp-Africa-2000,4,16,20.0,-30.0,17.586710850397747,23.047103881835938,24.137928009033203,22.627742767333984,18.211339950561523,13.697428703308105,11.940669059753418,10.971940994262695,13.793231010437012,12.41567611694336,17.896129608154297,19.631338119506836,22.670001983642578,-1.7973866290949985,0.896551724137931,False,6.25,"POLYGON ((18.75 -31.25, 21.25 -31.25, 21.25 -28.75, 18.75 -28.75, 18.75 -31.25))"
NCEP2000_r004_c017,NCEP-AirTemp-Africa-2000,4,17,22.5,-30.0,17.440922021865845,22.095481872558594,23.635169982910156,22.187747955322266,16.668006896972656,12.988390922546387,10.871001243591309,9.140973091125488,13.96194076538086,13.144338607788086,19.221296310424805,20.188007354736328,25.188709259033203,-1.7233026102000377,0.8965517241379309,False,6.25,"POLYGON ((21.25 -31.25, 23.75 -31.25, 23.75 -28.75, 21.25 -28.75, 21.25 -31.25))"
NCEP2000_r004_c018,NCEP-AirTemp-Africa-2000,4,18,25.0,-30.0,15.68190062046051,19.22226333618164,20.473106384277344,19.16710090637207,13.974343299865723,11.202913284301758,9.504008293151855,7.5461344718933105,13.111937522888184,13.338004112243652,19.036130905151367,18.37267303466797,23.23419189453125,-1.6474954346018056,0.8965517241379309,False,6.25,"POLYGON ((23.75 -31.25, 26.25 -31.25, 26.25 -28.75, 23.75 -28.75, 23.75 -31.25))"
NCEP2000_r004_c019,NCEP-AirTemp-Africa-2000,4,19,27.5,-30.0,13.549724658330282,16.361295700073242,17.466903686523438,16.51484489440918,12.259005546569824,9.282586097717285,8.444336891174316,7.068068504333496,11.598712921142578,12.611672401428223,16.743881225585938,15.416671752929688,18.828716278076172,-1.5707963267948966,0.896551724137931,False,6.25,"POLYGON ((26.25 -31.25, 28.75 -31.25, 28.75 -28.75, 26.25 -28.75, 26.25 -31.25))"
NCEP2000_r004_c020,NCEP-AirTemp-Africa-2000,4,20,30.0,-30.0,16.359081268310547,18.221940994262695,19.379661560058594,19.263229370117188,16.149005889892578,13.505170822143555,13.675338745117188,12.755491256713867,14.900005340576172,15.647672653198242,17.154199600219727,16.714675903320312,18.942583084106445,-1.4940972189879875,0.9629629629629628,True,6.25,"POLYGON ((28.75 -31.25, 31.25 -31.25, 31.25 -28.75, 28.75 -28.75, 28.75 -31.25))"
NCEP2000_r005_c015,NCEP-AirTemp-Africa-2000,5,15,17.5,-27.5,17.711426734924316,22.366775512695312,22.3662109375,21.702903747558594,18.95899772644043,14.650006294250488,13.619671821594238,13.016782760620117,15.028717041015625,13.79800796508789,17.944517135620117,18.520008087158203,20.56452178955078,-1.8922613204948067,0.8888888888888891,True,6.25,"POLYGON ((16.25 -28.75, 18.75 -28.75, 18.75 -26.25, 16.25 -26.25, 16.25 -28.75))"
NCEP2000_r005_c016,NCEP-AirTemp-Africa-2000,5,16,20.0,-27.5,19.356424808502197,23.564512252807617,25.44275665283203,24.211933135986328,20.059001922607422,15.54742431640625,13.111006736755371,11.649035453796387,15.7554931640625,14.812005996704102,21.395488739013672,21.261667251586914,25.466772079467773,-1.8155510295235497,0.8571428571428578,False,6.25,"POLYGON ((18.75 -28.75, 21.25 -28.75, 21.25 -26.25, 18.75 -26.25, 18.75 -28.75))"
NCEP2000_r005_c017,NCEP-AirTemp-Africa-2000,5,17,22.5,-27.5,20.858762900034588,24.05451774597168,26.47138214111328,24.83902931213379,20.019670486450195,16.942588806152344,14.63534164428711,12.470327377319336,17.881938934326172,17.49001121520996,24.077096939086914,23.39099884033203,28.032251358032227,-1.7357906577941966,0.8275862068965517,False,6.25,"POLYGON ((21.25 -28.75, 23.75 -28.75, 23.75 -26.25, 21.25 -26.25, 21.25 -28.75))"
NCEP2000_r005_c018,NCEP-AirTemp-Africa-2000,5,18,25.0,-27.5,18.766129970550537,21.377098083496094,23.18379783630371,21.51290512084961,17.200674057006836,14.624847412109375,12.908342361450195,11.046455383300781,16.736135482788086,17.22867202758789,23.047422409057617,21.61333656311035,24.7138729095459,-1.6538587902973783,0.8275862068965518,False,6.25,"POLYGON ((23.75 -28.75, 26.25 -28.75, 26.25 -26.25, 23.75 -26.25, 23.75 -28.75))"
NCEP2000_r005_c019,NCEP-AirTemp-Africa-2000,5,19,27.5,-27.5,14.344150265057882,16.777746200561523,17.955175399780273,16.842588424682617,12.91100788116455,9.941617965698242,8.997334480285645,7.650004863739014,12.535490036010742,14.282010078430176,18.745807647705078,16.72134017944336,18.76968002319336,-1.5707963267948966,0.8275862068965517,False,6.25,"POLYGON ((26.25 -28.75, 28.75 -28.75, 28.75 -26.25, 26.25 -26.25, 26.25 -28.75))"
NCEP2000_r005_c020,NCEP-AirTemp-Africa-2000,5,20,30.0,-27.5,15.004575649897257,17.01871681213379,17.880006790161133,17.65968132019043,14.091008186340332,11.365489959716797,11.31600570678711,10.126134872436523,13.216134071350098,15.416008949279785,17.515810012817383,16.0570068359375,18.39290428161621,-1.4877338632924149,0.8888888888888888,False,6.25,"POLYGON ((28.75 -28.75, 31.25 -28.75, 31.25 -26.25, 28.75 -26.25, 28.75 -28.75))"
NCEP2000_r005_c021,NCEP-AirTemp-Africa-2000,5,21,32.5,-27.5,20.738259474436443,22.463876724243164,23.57172966003418,23.62387466430664,20.924001693725586,18.905162811279297,19.014333724975586,17.822586059570312,18.650968551635742,19.88933753967285,20.320322036743164,20.820337295532227,22.852582931518555,-1.4058019957955965,0.9599999999999999,True,6.25,"POLYGON ((31.25 -28.75, 33.75 -28.75, 33.75 -26.25, 31.25 -26.25, 31.25 -28.75))"
NCEP2000_r006_c014,NCEP-AirTemp-Africa-2000,6,14,15.0,-25.0,19.675952434539795,23.615489959716797,23.702068328857422,22.678068161010742,20.26167106628418,16.818397521972656,16.90367889404297,16.446781158447266,17.52000617980957,17.171342849731445,19.448389053344727,19.601667404174805,21.94386863708496,-1.9970652148288373,0.9565217391304347,True,6.25,"POLYGON ((13.75 -26.25, 16.25 -26.25, 16.25 -23.75, 13.75 -23.75, 13.75 -26.25))"
NCEP2000_r006_c015,NCEP-AirTemp-Africa-2000,6,15,17.5,-25.0,19.301695028940838,23.25613021850586,24.209659576416016,23.21225929260254,19.95900535583496,14.78968334197998,13.457006454467773,12.387744903564453,15.642912864685059,16.51200294494629,22.027097702026367,21.081998825073242,25.0848388671875,-1.9192616157462852,0.888888888888889,False,6.25,"POLYGON ((16.25 -26.25, 18.75 -26.25, 18.75 -23.75, 16.25 -23.75, 16.25 -26.25))"
NCEP2000_r006_c016,NCEP-AirTemp-Africa-2000,6,16,20.0,-25.0,20.179328123728435,22.75967788696289,24.54793357849121,23.671613693237305,20.052669525146484,15.827427864074707,13.949005126953125,11.82097339630127,16.223554611206055,18.12900161743164,24.861286163330078,23.26266860961914,27.046125411987305,-1.836806754738775,0.8148148148148148,False,6.25,"POLYGON ((18.75 -26.25, 21.25 -26.25, 21.25 -23.75, 18.75 -23.75, 18.75 -26.25))"
NCEP2000_r006_c017,NCEP-AirTemp-Africa-2000,6,17,22.5,-25.0,20.673795382181805,22.792583465576172,24.536205291748047,23.388708114624023,19.707670211791992,16.19194221496582,14.744006156921387,12.5383882522583,17.434846878051758,19.920673370361328,25.79354476928711,24.416332244873047,26.620643615722656,-1.7504823084852652,0.7586206896551725,False,6.25,"POLYGON ((21.25 -26.25, 23.75 -26.25, 23.75 -23.75, 21.25 -23.75, 21.25 -26.25))"
NCEP2000_r006_c018,NCEP-AirTemp-Africa-2000,6,18,25.0,-25.0,19.275956471761067,21.272262573242188,22.471040725708008,21.24323081970215,18.367673873901367,15.1016206741333,13.807004928588867,12.25936222076416,16.78226661682129,19.442668914794922,23.900318145751953,22.93499755859375,23.72903060913086,-1.6613703972394744,0.7586206896551724,False,6.25,"POLYGON ((23.75 -26.25, 26.25 -26.25, 26.25 -23.75, 23.75 -23.75, 23.75 -26.25))"
NCEP2000_r006_c019,NCEP-AirTemp-Africa-2000,6,19,27.5,-25.0,17.436272382736206,19.24420166015625,19.906211853027344,19.07741928100586,16.585674285888672,14.06387710571289,13.14200496673584,11.661946296691895,15.147103309631348,18.04867172241211,21.184192657470703,20.192670822143555,20.981294631958008,-1.5707963267948966,0.7586206896551724,False,6.25,"POLYGON ((26.25 -26.25, 28.75 -26.25, 28.75 -23.75, 26.25 -23.75, 26.25 -26.25))"
NCEP2000_r006_c020,NCEP-AirTemp-Africa-2000,6,20,30.0,-25.0,17.860822280248005,19.872581481933594,20.02655601501465,19.515804290771484,16.81034278869629,14.693881034851074,14.395675659179688,12.918069839477539,15.57516860961914,18.671672821044922,20.52419662475586,19.763334274291992,21.562583923339844,-1.4802222563503187,0.8148148148148148,False,6.25,"POLYGON ((28.75 -26.25, 31.25 -26.25, 31.25 -23.75, 28.75 -23.75, 28.75 -26.25))"
NCEP2000_r006_c021,NCEP-AirTemp-Africa-2000,6,21,32.5,-25.0,21.413474718729656,23.534841537475586,23.774137496948242,23.3574161529541,21.071666717529297,19.02419662475586,18.854007720947266,17.821943283081055,19.044845581054688,21.263668060302734,21.965164184570312,22.634000778198242,24.615808486938477,-1.3911103451045281,0.8800000000000001,True,6.25,"POLYGON ((31.25 -26.25, 33.75 -26.25, 33.75 -23.75, 31.25 -23.75, 31.25 -26.25))"
NCEP2000_r007_c014,NCEP-AirTemp-Africa-2000,7,14,15.0,-22.5,20.679237842559814,23.658063888549805,23.93172264099121,23.34870719909668,21.6176700592041,17.86742401123047,17.151342391967773,16.83677864074707,18.004844665527344,19.125669479370117,21.725160598754883,20.657337188720703,24.226133346557617,-2.0340631519624797,0.9090909090909095,True,6.25,"POLYGON ((13.75 -23.75, 16.25 -23.75, 16.25 -21.25, 13.75 -21.25, 13.75 -23.75))"
NCEP2000_r007_c015,NCEP-AirTemp-Africa-2000,7,15,17.5,-22.5,19.783066670099895,22.05580711364746,22.89690399169922,21.49871063232422,19.631338119506836,15.3516206741333,13.863341331481934,13.116131782531738,15.950328826904297,19.71800422668457,24.291934967041016,22.852998733520508,26.169679641723633,-1.9509744613729085,0.8695652173913044,False,6.25,"POLYGON ((16.25 -23.75, 18.75 -23.75, 18.75 -21.25, 16.25 -21.25, 16.25 -23.75))"
NCEP2000_r007_c016,NCEP-AirTemp-Africa-2000,7,16,20.0,-22.5,20.316254536310833,20.94065284729004,21.715864181518555,20.7093563079834,19.155672073364258,16.27742576599121,15.230008125305176,13.676460266113281,17.065488815307617,21.987998962402344,26.24322509765625,25.150001525878906,25.642900466918945,-1.8619911433278498,0.7407407407407407,False,6.25,"POLYGON ((18.75 -23.75, 21.25 -23.75, 21.25 -21.25, 18.75 -21.25, 18.75 -23.75))"
NCEP2000_r007_c017,NCEP-AirTemp-Africa-2000,7,17,22.5,-22.5,20.748100996017456,21.69806671142578,22.02241325378418,21.4548397064209,19.450340270996094,16.34355354309082,15.655343055725098,13.944202423095703,17.681293487548828,23.09166717529297,26.72322654724121,25.940330505371094,24.971935272216797,-1.7680088456350833,0.6896551724137931,False,6.25,"POLYGON ((21.25 -23.75, 23.75 -23.75, 23.75 -21.25, 21.25 -21.25, 21.25 -23.75))"
NCEP2000_r007_c018,NCEP-AirTemp-Africa-2000,7,18,25.0,-22.5,20.356112241744995,21.80645179748535,21.715517044067383,21.514841079711914,19.529666900634766,16.276456832885742,15.080007553100586,13.543229103088379,17.171615600585938,22.630338668823242,25.569353103637695,25.172000885009766,24.26386833190918,-1.6703707429113517,0.689655172413793,False,6.25,"POLYGON ((23.75 -23.75, 26.25 -23.75, 26.25 -21.25, 23.75 -21.25, 23.75 -23.75))"
NCEP2000_r007_c019,NCEP-AirTemp-Africa-2000,7,19,27.5,-22.5,20.277934471766155,21.802906036376953,21.546207427978516,21.43290901184082,19.56867218017578,17.456134796142578,15.99400520324707,14.280648231506348,17.124849319458008,22.070335388183594,24.176767349243164,24.145008087158203,23.736770629882812,-1.5707963267948966,0.6896551724137931,False,6.25,"POLYGON ((26.25 -23.75, 28.75 -23.75, 28.75 -21.25, 26.25 -21.25, 26.25 -23.75))"
NCEP2000_r007_c020,NCEP-AirTemp-Africa-2000,7,20,30.0,-22.5,20.22383189201355,22.251291275024414,21.818626403808594,21.152902603149414,19.11200523376465,17.538719177246094,16.339675903320312,14.85484790802002,17.21258544921875,21.803668975830078,23.34741973876953,23.381338119506836,23.872901916503906,-1.4712219106784414,0.7407407407407407,False,6.25,"POLYGON ((28.75 -23.75, 31.25 -23.75, 31.25 -21.25, 28.75 -21.25, 28.75 -23.75))"
NCEP2000_r007_c021,NCEP-AirTemp-Africa-2000,7,21,32.5,-22.5,22.1027930577596,24.404836654663086,23.761384963989258,23.00483512878418,21.36133575439453,19.789676666259766,18.85167121887207,17.91419792175293,19.327421188354492,22.871337890625,23.813871383666992,24.41133689880371,25.72161102294922,-1.37358380795471,0.8,False,6.25,"POLYGON ((31.25 -23.75, 33.75 -23.75, 33.75 -21.25, 31.25 -21.25, 31.25 -23.75))"
NCEP2000_r007_c022,NCEP-AirTemp-Africa-2000,7,22,35.0,-22.5,24.31602430343628,26.763866424560547,26.702762603759766,26.291608810424805,24.946332931518555,23.102258682250977,22.50266456604004,21.378061294555664,21.369359970092773,23.260334014892578,23.653873443603516,25.10633087158203,26.7148380279541,-1.2796015102619436,0.9523809523809523,True,6.25,"POLYGON ((33.75 -23.75, 36.25 -23.75, 36.25 -21.25, 33.75 -21.25, 33.75 -23.75))"
NCEP2000_r008_c014,NCEP-AirTemp-Africa-2000,8,14,15.0,-20.0,22.062864144643147,24.302576065063477,23.197935104370117,24.3383846282959,23.596670150756836,19.619035720825195,18.2673397064209,18.038068771362305,19.388389587402344,21.722007751464844,24.176774978637695,22.562671661376953,25.54451560974121,-2.077490683612158,0.9090909090909094,True,6.25,"POLYGON ((13.75 -21.25, 16.25 -21.25, 16.25 -18.75, 13.75 -18.75, 13.75 -21.25))"
NCEP2000_r008_c015,NCEP-AirTemp-Africa-2000,8,15,17.5,-20.0,21.192776600519817,22.434839248657227,22.46620750427246,21.074844360351562,20.31500816345215,17.28291130065918,15.929669380187988,15.316457748413086,17.971616744995117,23.173999786376953,26.736770629882812,26.09099769592285,25.519996643066406,-1.9886673635727754,0.782608695652174,False,6.25,"POLYGON ((16.25 -21.25, 18.75 -21.25, 18.75 -18.75, 16.25 -18.75, 16.25 -21.25))"
NCEP2000_r008_c016,NCEP-AirTemp-Africa-2000,8,16,20.0,-20.0,21.26730767885844,21.201614379882812,21.45931625366211,19.88516616821289,19.747337341308594,17.780649185180664,16.883676528930664,15.559037208557129,18.549686431884766,24.630666732788086,27.595157623291016,27.7969970703125,24.11838722229004,-1.8922613204948067,0.6666666666666667,False,6.25,"POLYGON ((18.75 -21.25, 21.25 -21.25, 21.25 -18.75, 18.75 -18.75, 18.75 -21.25))"
NCEP2000_r008_c017,NCEP-AirTemp-Africa-2000,8,17,22.5,-20.0,21.923225084940594,22.362260818481445,22.12482452392578,21.258710861206055,20.77666664123535,18.579036712646484,17.598346710205078,15.920326232910156,18.833553314208984,25.349998474121094,28.007417678833008,27.584333419799805,24.683225631713867,-1.7892637105669047,0.6206896551724138,False,6.25,"POLYGON ((21.25 -21.25, 23.75 -21.25, 23.75 -18.75, 21.25 -18.75, 21.25 -21.25))"
NCEP2000_r008_c018,NCEP-AirTemp-Africa-2000,8,18,25.0,-20.0,21.6172829469045,22.58580780029297,21.870344161987305,21.597095489501953,20.799671173095703,18.474842071533203,16.998676300048828,15.330653190612793,18.377103805541992,24.965333938598633,27.40225601196289,26.444000244140625,24.56161117553711,-1.6813490832717268,0.6206896551724138,False,6.25,"POLYGON ((23.75 -21.25, 26.25 -21.25, 26.25 -18.75, 23.75 -18.75, 23.75 -21.25))"
NCEP2000_r008_c019,NCEP-AirTemp-Africa-2000,8,19,27.5,-20.0,20.255679686864216,21.558712005615234,20.860347747802734,20.758384704589844,19.64967155456543,17.58258628845215,15.755006790161133,14.154196739196777,17.047426223754883,23.09099769592285,25.03129005432129,24.535337448120117,23.044198989868164,-1.5707963267948966,0.6206896551724138,False,6.25,"POLYGON ((26.25 -21.25, 28.75 -21.25, 28.75 -18.75, 26.25 -18.75, 26.25 -21.25))"
NCEP2000_r008_c020,NCEP-AirTemp-Africa-2000,8,20,30.0,-20.0,18.676061789194744,20.463232040405273,20.127246856689453,19.462263107299805,17.80267333984375,15.971296310424805,14.343335151672363,13.008719444274902,15.350006103515625,21.033002853393555,22.575801849365234,22.40000343322754,21.57516098022461,-1.4602435703180663,0.6666666666666674,False,6.25,"POLYGON ((28.75 -21.25, 31.25 -21.25, 31.25 -18.75, 28.75 -18.75, 28.75 -21.25))"
NCEP2000_r008_c021,NCEP-AirTemp-Africa-2000,8,21,32.5,-20.0,20.172409772872925,22.155166625976562,21.614484786987305,20.972904205322266,19.505002975463867,17.842906951904297,16.61567497253418,15.592909812927246,17.027420043945312,21.641334533691406,22.737743377685547,23.224336624145508,23.1390323638916,-1.3523289430228886,0.8000000000000002,True,6.25,"POLYGON ((31.25 -21.25, 33.75 -21.25, 33.75 -18.75, 31.25 -18.75, 31.25 -21.25))"
NCEP2000_r009_c013,NCEP-AirTemp-Africa-2000,9,13,12.5,-17.5,22.05168930689494,23.225807189941406,22.16828155517578,24.4006404876709,25.060333251953125,22.011934280395508,20.446666717529297,20.449357986450195,20.724842071533203,20.718332290649414,21.488065719604492,21.226003646850586,22.70000648498535,-2.213840425389199,0.9411764705882353,True,6.25,"POLYGON ((11.25 -18.75, 13.75 -18.75, 13.75 -16.25, 11.25 -16.25, 11.25 -18.75))"
NCEP2000_r009_c014,NCEP-AirTemp-Africa-2000,9,14,15.0,-17.5,23.15898911158244,24.452898025512695,22.422761917114258,24.101613998413086,23.40633201599121,21.10451889038086,19.34267234802246,19.333873748779297,21.128061294555664,24.642667770385742,26.40290641784668,25.766332626342773,25.80323028564453,-2.1289677621881795,0.9090909090909091,False,6.25,"POLYGON ((13.75 -18.75, 16.25 -18.75, 16.25 -16.25, 13.75 -16.25, 13.75 -18.75))"
NCEP2000_r009_c015,NCEP-AirTemp-Africa-2000,9,15,17.5,-17.5,22.618535200754803,22.844196319580078,22.34482765197754,21.24645233154297,20.26100730895996,19.749038696289062,18.631671905517578,17.869352340698242,20.270009994506836,26.169994354248047,29.006772994995117,28.801998138427734,24.227100372314453,-2.0340631519624797,0.7272727272727275,False,6.25,"POLYGON ((16.25 -18.75, 18.75 -18.75, 18.75 -16.25, 16.25 -16.25, 16.25 -18.75))"
NCEP2000_r009_c016,NCEP-AirTemp-Africa-2000,9,16,20.0,-17.5,22.297029495239258,21.887104034423828,21.873798370361328,20.662260055541992,20.521669387817383,20.083555221557617,18.665006637573242,17.30355453491211,19.90677833557129,26.34200096130371,29.148704528808594,28.22733497619629,22.94258689880371,-1.9292540469007755,0.6666666666666665,False,6.25,"POLYGON ((18.75 -18.75, 21.25 -18.75, 21.25 -16.25, 18.75 -16.25, 18.75 -18.75))"
NCEP2000_r009_c017,NCEP-AirTemp-Africa-2000,9,17,22.5,-17.5,22.050206343332928,22.0767765045166,21.6851749420166,21.09065055847168,20.763002395629883,20.424198150634766,18.511005401611328,17.022266387939453,19.610965728759766,26.000335693359375,28.513870239257812,25.6510009765625,23.25322914123535,-1.8155510295235495,0.5714285714285708,False,6.25,"POLYGON ((21.25 -18.75, 23.75 -18.75, 23.75 -16.25, 21.25 -16.25, 21.25 -18.75))"
NCEP2000_r009_c018,NCEP-AirTemp-Africa-2000,9,18,25.0,-17.5,21.708834171295166,22.181936264038086,21.616212844848633,21.07419776916504,20.486003875732422,20.01774787902832,18.102670669555664,16.666776657104492,19.502262115478516,25.494665145874023,27.96742057800293,24.309661865234375,23.086454391479492,-1.695034177667733,0.5517241379310345,False,6.25,"POLYGON ((23.75 -18.75, 26.25 -18.75, 26.25 -16.25, 23.75 -16.25, 23.75 -18.75))"
NCEP2000_r009_c019,NCEP-AirTemp-Africa-2000,9,19,27.5,-17.5,20.7960942586263,21.837417602539062,21.210344314575195,20.769676208496094,19.993337631225586,18.797103881835938,16.800342559814453,15.467424392700195,18.22032356262207,23.794002532958984,26.159677505493164,23.857999801635742,22.64548110961914,-1.5707963267948966,0.5517241379310345,False,6.25,"POLYGON ((26.25 -18.75, 28.75 -18.75, 28.75 -16.25, 26.25 -16.25, 26.25 -18.75))"
NCEP2000_r009_c020,NCEP-AirTemp-Africa-2000,9,20,30.0,-17.5,19.735301733016968,21.108386993408203,20.759315490722656,20.12226104736328,18.803007125854492,17.422908782958984,15.887343406677246,14.638071060180664,16.71258544921875,22.187997817993164,24.106130599975586,23.15399742126465,21.921615600585938,-1.4465584759220602,0.64,False,6.25,"POLYGON ((28.75 -18.75, 31.25 -18.75, 31.25 -16.25, 28.75 -16.25, 28.75 -18.75))"
NCEP2000_r009_c021,NCEP-AirTemp-Africa-2000,9,21,32.5,-17.5,20.249542872111004,21.837421417236328,21.39896583557129,20.79225730895996,19.282005310058594,17.70452117919922,16.77634048461914,15.71452522277832,17.33258628845215,22.26034164428711,23.82935905456543,23.691669464111328,22.374521255493164,-1.3260416240662436,0.7619047619047618,False,6.25,"POLYGON ((31.25 -18.75, 33.75 -18.75, 33.75 -16.25, 31.25 -16.25, 31.25 -18.75))"
NCEP2000_r009_c022,NCEP-AirTemp-Africa-2000,9,22,35.0,-17.5,22.714254061381023,24.572582244873047,24.311378479003906,23.711294174194336,22.2536678314209,20.64194107055664,19.98467445373535,18.824201583862305,19.633872985839844,23.61933135986328,24.76032066345215,25.6213321685791,24.636451721191406,-1.2123386066890176,0.9411764705882355,True,6.25,"POLYGON ((33.75 -18.75, 36.25 -18.75, 36.25 -16.25, 33.75 -16.25, 33.75 -18.75))"
NCEP2000_r009_c023,NCEP-AirTemp-Africa-2000,9,23,37.5,-17.5,24.480432351430256,26.247413635253906,26.434829711914062,26.10032081604004,24.7376651763916,23.157743453979492,22.496004104614258,20.976131439208984,21.09774398803711,24.46265983581543,25.20871353149414,26.63499641418457,26.210966110229492,-1.1075295016273137,0.9411764705882352,True,6.25,"POLYGON ((36.25 -18.75, 38.75 -18.75, 38.75 -16.25, 36.25 -16.25, 36.25 -18.75))"
NCEP2000_r010_c013,NCEP-AirTemp-Africa-2000,10,13,12.5,-15.0,23.137362480163574,24.003870010375977,23.42551612854004,24.90774154663086,25.734333038330078,24.144189834594727,21.99600601196289,21.622909545898438,21.601613998413086,21.639001846313477,22.366777420043945,23.0679988861084,23.138391494750977,-2.278952118791337,0.9230769230769231,True,6.25,"POLYGON ((11.25 -16.25, 13.75 -16.25, 13.75 -13.75, 11.25 -13.75, 11.25 -16.25))"
NCEP2000_r010_c014,NCEP-AirTemp-Africa-2000,10,14,15.0,-15.0,21.631663640340168,22.027101516723633,19.885520935058594,21.57645034790039,20.61067008972168,20.746776580810547,19.179670333862305,18.880001068115234,20.93903160095215,23.828662872314453,24.473867416381836,24.778337478637695,22.653873443603516,-2.190595502544308,0.8235294117647058,False,6.25,"POLYGON ((13.75 -16.25, 16.25 -16.25, 16.25 -13.75, 13.75 -13.75, 13.75 -16.25))"
NCEP2000_r010_c015,NCEP-AirTemp-Africa-2000,10,15,17.5,-15.0,21.043359120686848,20.343875885009766,19.480005264282227,19.497425079345703,18.27433204650879,19.225812911987305,18.52800941467285,17.765811920166016,20.391294479370117,25.31867027282715,26.32096290588379,26.14733123779297,21.226778030395508,-2.0895323481291834,0.7272727272727274,False,6.25,"POLYGON ((16.25 -16.25, 18.75 -16.25, 18.75 -13.75, 16.25 -13.75, 16.25 -16.25))"
NCEP2000_r010_c016,NCEP-AirTemp-Africa-2000,10,16,20.0,-15.0,21.775444825490315,20.944517135620117,20.64931297302246,20.61806869506836,20.332338333129883,20.682907104492188,19.13467025756836,17.978713989257812,20.542905807495117,26.125999450683594,27.174192428588867,25.593000411987305,21.528711318969727,-1.9753434527635696,0.6086956521739131,False,6.25,"POLYGON ((18.75 -16.25, 21.25 -16.25, 21.25 -13.75, 18.75 -13.75, 18.75 -16.25))"
NCEP2000_r010_c017,NCEP-AirTemp-Africa-2000,10,17,22.5,-15.0,21.466840902964275,21.003549575805664,20.513452529907227,20.82032585144043,19.907672882080078,20.808067321777344,18.781003952026367,17.531944274902344,20.384199142456055,25.907329559326172,27.075481414794922,23.28067398071289,21.588390350341797,-1.848844554577358,0.5185185185185185,False,6.25,"POLYGON ((21.25 -16.25, 23.75 -16.25, 23.75 -13.75, 21.25 -13.75, 21.25 -16.25))"
NCEP2000_r010_c018,NCEP-AirTemp-Africa-2000,10,18,25.0,-15.0,20.88551950454712,20.959680557250977,20.684139251708984,20.54645347595215,19.12333869934082,19.710330963134766,17.853008270263672,16.612586975097656,19.864521026611328,24.951663970947266,27.114511489868164,21.875673294067383,21.330326080322266,-1.712560129884791,0.4827586206896552,False,6.25,"POLYGON ((23.75 -16.25, 26.25 -16.25, 26.25 -13.75, 23.75 -13.75, 23.75 -16.25))"
NCEP2000_r010_c019,NCEP-AirTemp-Africa-2000,10,19,27.5,-15.0,20.645045200983684,21.3403263092041,21.103797912597656,20.643226623535156,19.38566780090332,18.932584762573242,16.899341583251953,15.788395881652832,18.899682998657227,23.64699935913086,26.782581329345703,22.526002883911133,21.791934967041016,-1.5707963267948966,0.4827586206896552,False,6.25,"POLYGON ((26.25 -16.25, 28.75 -16.25, 28.75 -13.75, 26.25 -13.75, 26.25 -16.25))"
NCEP2000_r010_c020,NCEP-AirTemp-Africa-2000,10,20,30.0,-15.0,20.93878189722697,21.781938552856445,21.58655548095703,20.93000602722168,19.678003311157227,19.05613136291504,17.393007278442383,16.42387580871582,18.780969619750977,23.46299934387207,26.17580223083496,23.8986759185791,22.0974178314209,-1.4290325237050023,0.5599999999999999,False,6.25,"POLYGON ((28.75 -16.25, 31.25 -16.25, 31.25 -13.75, 28.75 -13.75, 28.75 -16.25))"
NCEP2000_r010_c021,NCEP-AirTemp-Africa-2000,10,21,32.5,-15.0,20.957977612813313,22.048389434814453,21.793106079101562,21.202259063720703,19.801340103149414,18.694841384887695,17.559337615966797,16.69613265991211,18.69774627685547,23.5606689453125,25.53999900817871,23.98900604248047,21.912904739379883,-1.2927480990124351,0.6666666666666666,False,6.25,"POLYGON ((31.25 -16.25, 33.75 -16.25, 33.75 -13.75, 31.25 -13.75, 31.25 -16.25))"
NCEP2000_r010_c022,NCEP-AirTemp-Africa-2000,10,22,35.0,-15.0,21.074413299560547,22.44806480407715,22.137590408325195,21.581615447998047,19.885005950927734,18.520648956298828,17.880002975463867,16.799039840698242,18.469039916992188,23.50966453552246,25.30161476135254,24.080665588378906,22.280006408691406,-1.1662492008262237,0.823529411764706,False,6.25,"POLYGON ((33.75 -16.25, 36.25 -16.25, 36.25 -13.75, 33.75 -13.75, 33.75 -16.25))"
NCEP2000_r010_c023,NCEP-AirTemp-Africa-2000,10,23,37.5,-15.0,22.481828212738037,23.851938247680664,23.44413948059082,22.933870315551758,21.46200180053711,20.246456146240234,19.82500457763672,18.44870948791504,19.79774284362793,24.245676040649414,25.809036254882812,25.60833168029785,24.109031677246094,-1.05206030546061,0.8888888888888891,False,6.25,"POLYGON ((36.25 -16.25, 38.75 -16.25, 38.75 -13.75, 36.25 -13.75, 36.25 -16.25))"
NCEP2000_r010_c024,NCEP-AirTemp-Africa-2000,10,24,40.0,-15.0,24.135977427164715,26.02387046813965,25.588621139526367,25.22903060913086,24.3439998626709,22.887741088867188,22.143333435058594,20.845491409301758,21.504518508911133,23.686670303344727,25.089033126831055,26.242326736450195,26.04709243774414,-0.9509971510454851,0.9333333333333332,True,6.25,"POLYGON ((38.75 -16.25, 41.25 -16.25, 41.25 -13.75, 38.75 -13.75, 38.75 -16.25))"
NCEP2000_r011_c014,NCEP-AirTemp-Africa-2000,11,14,15.0,-12.5,20.90701707204183,21.21839141845703,19.587934494018555,21.112258911132812,20.49700164794922,21.630002975463867,20.262338638305664,19.255489349365234,21.17129135131836,21.671003341674805,21.892908096313477,21.80299949645996,20.78258514404297,-2.2650663326195,0.7692307692307692,True,6.25,"POLYGON ((13.75 -13.75, 16.25 -13.75, 16.25 -11.25, 13.75 -11.25, 13.75 -13.75))"
NCEP2000_r011_c015,NCEP-AirTemp-Africa-2000,11,15,17.5,-12.5,19.62591775258382,18.63387680053711,18.040006637573242,18.723228454589844,17.67633628845215,19.040002822875977,18.5123348236084,17.825489044189453,21.102907180786133,22.77300262451172,22.111299514770508,21.758333206176758,19.31419563293457,-2.1583595193402374,0.7058823529411765,False,6.25,"POLYGON ((16.25 -13.75, 18.75 -13.75, 18.75 -11.25, 16.25 -11.25, 16.25 -13.75))"
NCEP2000_r011_c016,NCEP-AirTemp-Africa-2000,11,16,20.0,-12.5,21.1107759475708,20.13548469543457,20.14759063720703,20.531932830810547,20.200674057006836,21.24742889404297,19.81233787536621,18.837745666503906,21.83967399597168,24.278329849243164,23.03645133972168,22.741334915161133,20.520326614379883,-2.0340631519624797,0.5454545454545456,False,6.25,"POLYGON ((18.75 -13.75, 21.25 -13.75, 21.25 -11.25, 18.75 -11.25, 18.75 -13.75))"
NCEP2000_r011_c017,NCEP-AirTemp-Africa-2000,11,17,22.5,-12.5,21.546707312266033,20.805809020996094,20.50103759765625,21.027746200561523,20.32166862487793,21.709033966064453,20.18067169189453,18.963552474975586,22.03096580505371,25.297666549682617,23.984188079833984,22.682666778564453,21.05548095703125,-1.8922613204948067,0.44444444444444453,False,6.25,"POLYGON ((21.25 -13.75, 23.75 -13.75, 23.75 -11.25, 21.25 -11.25, 21.25 -13.75))"
NCEP2000_r011_c018,NCEP-AirTemp-Africa-2000,11,18,25.0,-12.5,20.679369926452637,20.143552780151367,19.990694046020508,20.314516067504883,19.161338806152344,20.14387321472168,18.83367156982422,17.602584838867188,20.76677703857422,24.93000030517578,24.539033889770508,21.11800765991211,20.608388900756836,-1.7357906577941966,0.41379310344827586,False,6.25,"POLYGON ((23.75 -13.75, 26.25 -13.75, 26.25 -11.25, 23.75 -11.25, 23.75 -13.75))"
NCEP2000_r011_c019,NCEP-AirTemp-Africa-2000,11,19,27.5,-12.5,19.80171338717143,19.523876190185547,19.61655616760254,19.515806198120117,18.3836727142334,18.51613426208496,17.114337921142578,15.974522590637207,19.08484649658203,23.66733741760254,25.26258087158203,20.927337646484375,20.033552169799805,-1.5707963267948966,0.41379310344827586,False,6.25,"POLYGON ((26.25 -13.75, 28.75 -13.75, 28.75 -11.25, 26.25 -11.25, 26.25 -13.75))"
NCEP2000_r011_c020,NCEP-AirTemp-Africa-2000,11,20,30.0,-12.5,19.959520657857258,20.027099609375,20.218626022338867,19.657421112060547,18.529001235961914,18.211612701416016,17.002342224121094,15.877431869506836,18.65000343322754,22.87833595275879,25.50128746032715,22.81366539001465,20.14742088317871,-1.4058019957955965,0.4799999999999999,False,6.25,"POLYGON ((28.75 -13.75, 31.25 -13.75, 31.25 -11.25, 28.75 -11.25, 28.75 -13.75))"
NCEP2000_r011_c021,NCEP-AirTemp-Africa-2000,11,21,32.5,-12.5,20.555482387542725,21.25419807434082,21.2127628326416,20.72903060913086,19.537006378173828,18.83323097229004,17.46034049987793,16.510652542114258,18.86839485168457,22.88533592224121,24.73741912841797,23.510000228881836,21.127416610717773,-1.2493313330949867,0.5714285714285715,False,6.25,"POLYGON ((31.25 -13.75, 33.75 -13.75, 33.75 -11.25, 31.25 -11.25, 31.25 -13.75))"
NCEP2000_r011_c022,NCEP-AirTemp-Africa-2000,11,22,35.0,-12.5,20.633489449818928,21.708711624145508,21.38448143005371,20.695161819458008,19.262338638305664,18.435161590576172,17.559001922607422,16.802587509155273,18.97936248779297,22.92633628845215,24.40322494506836,23.440664291381836,22.004840850830078,-1.1075295016273137,0.7058823529411764,False,6.25,"POLYGON ((33.75 -13.75, 36.25 -13.75, 36.25 -11.25, 33.75 -11.25, 33.75 -13.75))"
NCEP2000_r011_c023,NCEP-AirTemp-Africa-2000,11,23,37.5,-12.5,22.304378827412922,23.66613006591797,23.160694122314453,21.735488891601562,20.665668487548828,19.83419418334961,19.576000213623047,18.76290512084961,20.832904815673828,23.797664642333984,25.55902671813965,25.51799774169922,24.54387092590332,-0.9832331342495556,0.7999999999999999,False,6.25,"POLYGON ((36.25 -13.75, 38.75 -13.75, 38.75 -11.25, 36.25 -11.25, 36.25 -13.75))"
NCEP2000_r011_c024,NCEP-AirTemp-Africa-2000,11,24,40.0,-12.5,24.599313735961914,26.48709487915039,26.078617095947266,24.797422409057617,24.267669677734375,23.380321502685547,22.727670669555664,21.728069305419922,22.91387176513672,24.10466957092285,25.358064651489258,26.527002334594727,26.821290969848633,-0.8765263209702931,0.9090909090909092,True,6.25,"POLYGON ((38.75 -13.75, 41.25 -13.75, 41.25 -11.25, 38.75 -11.25, 38.75 -13.75))"
NCEP2000_r012_c014,NCEP-AirTemp-Africa-2000,12,14,15.0,-10.0,22.587672233581543,23.023229598999023,22.32000160217285,23.381290435791016,22.945669174194336,23.53676986694336,22.527334213256836,21.17354965209961,22.396451950073242,22.428998947143555,22.66258430480957,22.241670608520508,22.41451644897461,-2.3557183744408845,0.7692307692307692,True,6.25,"POLYGON ((13.75 -11.25, 16.25 -11.25, 16.25 -8.75, 13.75 -8.75, 13.75 -11.25))"
NCEP2000_r012_c015,NCEP-AirTemp-Africa-2000,12,15,17.5,-10.0,20.98396110534668,20.032583236694336,19.55621337890625,20.503868103027344,19.63399887084961,21.320650100708008,20.938005447387695,20.386777877807617,23.32258415222168,22.9096622467041,21.710647583007812,21.218671798706055,20.27387046813965,-2.2450728143862446,0.6153846153846155,False,6.25,"POLYGON ((16.25 -11.25, 18.75 -11.25, 18.75 -8.75, 16.25 -8.75, 16.25 -11.25))"
NCEP2000_r012_c016,NCEP-AirTemp-Africa-2000,12,16,20.0,-10.0,21.713139216105144,21.005165100097656,20.491031646728516,21.402576446533203,20.93833351135254,22.843225479125977,21.519336700439453,20.95419692993164,24.247421264648438,23.182668685913086,21.566452026367188,21.63500213623047,20.772260665893555,-2.110795819029484,0.5454545454545455,False,6.25,"POLYGON ((18.75 -11.25, 21.25 -11.25, 21.25 -8.75, 18.75 -8.75, 18.75 -11.25))"
NCEP2000_r012_c017,NCEP-AirTemp-Africa-2000,12,17,22.5,-10.0,21.625876267751057,21.2319393157959,20.548969268798828,21.307422637939453,20.648340225219727,22.3790340423584,21.270334243774414,20.396451950073242,24.22225570678711,23.439664840698242,21.587099075317383,21.649003982543945,20.829999923706055,-1.9509744613729085,0.4347826086956522,False,6.25,"POLYGON ((21.25 -11.25, 23.75 -11.25, 23.75 -8.75, 21.25 -8.75, 21.25 -11.25))"
NCEP2000_r012_c018,NCEP-AirTemp-Africa-2000,12,18,25.0,-10.0,21.305153846740723,20.871936798095703,20.482418060302734,20.99677848815918,19.92300796508789,21.655803680419922,20.721336364746094,19.606779098510742,23.343233108520508,24.429996490478516,21.86322593688965,21.06700325012207,20.700326919555664,-1.7680088456350833,0.3448275862068966,False,6.25,"POLYGON ((23.75 -11.25, 26.25 -11.25, 26.25 -8.75, 23.75 -8.75, 23.75 -11.25))"
NCEP2000_r012_c019,NCEP-AirTemp-Africa-2000,12,19,27.5,-10.0,21.243321895599365,20.575809478759766,20.425525665283203,20.74419593811035,19.62033462524414,20.97484016418457,19.924335479736328,18.731290817260742,22.178390502929688,25.591333389282227,24.02193832397461,21.72766876220703,20.404199600219727,-1.5707963267948966,0.3448275862068966,False,6.25,"POLYGON ((26.25 -11.25, 28.75 -11.25, 28.75 -8.75, 26.25 -8.75, 26.25 -11.25))"
NCEP2000_r012_c020,NCEP-AirTemp-Africa-2000,12,20,30.0,-10.0,20.31415255864461,19.799036026000977,19.784141540527344,19.690967559814453,18.71433448791504,19.01677703857422,18.136669158935547,16.840333938598633,19.99774742126465,24.000335693359375,25.0577392578125,22.91400718688965,19.81774139404297,-1.37358380795471,0.4,False,6.25,"POLYGON ((28.75 -11.25, 31.25 -11.25, 31.25 -8.75, 28.75 -8.75, 28.75 -11.25))"
NCEP2000_r012_c021,NCEP-AirTemp-Africa-2000,12,21,32.5,-10.0,19.658403873443604,20.02193832397461,19.724143981933594,19.378713607788086,18.429004669189453,18.282907485961914,17.161340713500977,16.037425994873047,18.582265853881836,21.72766876220703,23.38290023803711,22.728666305541992,20.443870544433594,-1.1906181922168848,0.5882352941176472,False,6.25,"POLYGON ((31.25 -11.25, 33.75 -11.25, 33.75 -8.75, 31.25 -8.75, 31.25 -11.25))"
NCEP2000_r012_c022,NCEP-AirTemp-Africa-2000,12,22,35.0,-10.0,20.473093509674072,21.630647659301758,21.182416915893555,20.020971298217773,18.800668716430664,18.750003814697266,17.97467041015625,17.274192810058594,19.65968132019043,21.911338806152344,22.866769790649414,23.09866714477539,22.50709342956543,-1.0307968345603091,0.6666666666666665,False,6.25,"POLYGON ((33.75 -11.25, 36.25 -11.25, 36.25 -8.75, 33.75 -8.75, 33.75 -11.25))"
NCEP2000_r012_c023,NCEP-AirTemp-Africa-2000,12,23,37.5,-10.0,23.802483240763348,25.51483917236328,25.403446197509766,22.983869552612305,22.205671310424805,21.837419509887695,21.423002243041992,20.81645393371582,22.820968627929688,24.1510009765625,25.5261287689209,26.356998443603516,26.59000015258789,-0.8965198392035487,0.7272727272727273,True,6.25,"POLYGON ((36.25 -11.25, 38.75 -11.25, 38.75 -8.75, 36.25 -8.75, 36.25 -11.25))"
NCEP2000_r013_c014,NCEP-AirTemp-Africa-2000,13,14,15.0,-7.5,23.378915627797443,23.33322525024414,23.314836502075195,23.98516082763672,23.35000228881836,23.7851619720459,23.573667526245117,22.83258056640625,23.40096664428711,23.846670150756836,23.36225700378418,22.916332244873047,22.846126556396484,-2.4663871596406026,0.9090909090909093,True,6.25,"POLYGON ((13.75 -8.75, 16.25 -8.75, 16.25 -6.25, 13.75 -6.25, 13.75 -8.75))"
NCEP2000_r013_c015,NCEP-AirTemp-Africa-2000,13,15,17.5,-7.5,22.87468194961548,22.20967674255371,21.68689727783203,22.642580032348633,21.81433868408203,23.4006404876709,23.78800392150879,23.65419578552246,24.623226165771484,23.92667007446289,22.5225772857666,22.438669204711914,21.788707733154297,-2.3557183744408845,0.6153846153846153,False,6.25,"POLYGON ((16.25 -8.75, 18.75 -8.75, 18.75 -6.25, 16.25 -6.25, 16.25 -8.75))"
NCEP2000_r013_c016,NCEP-AirTemp-Africa-2000,13,16,20.0,-7.5,23.167133331298828,22.99032211303711,22.2658634185791,23.35903549194336,22.534006118774414,24.235164642333984,23.891666412353516,23.67870330810547,24.677738189697266,23.206005096435547,22.461288452148438,22.440000534057617,22.265806198120117,-2.213840425389199,0.47058823529411764,False,6.25,"POLYGON ((18.75 -8.75, 21.25 -8.75, 21.25 -6.25, 18.75 -6.25, 18.75 -8.75))"
NCEP2000_r013_c017,NCEP-AirTemp-Africa-2000,13,17,22.5,-7.5,22.42482344309489,22.24225425720215,21.8110408782959,22.63323211669922,21.637006759643555,23.22774314880371,23.151668548583984,22.461294174194336,24.34645652770996,22.216331481933594,21.980321884155273,21.756336212158203,21.63419532775879,-2.0340631519624797,0.36363636363636376,False,6.25,"POLYGON ((21.25 -8.75, 23.75 -8.75, 23.75 -6.25, 21.25 -6.25, 21.25 -8.75))"
NCEP2000_r013_c018,NCEP-AirTemp-Africa-2000,13,18,25.0,-7.5,22.83826971054077,22.56903076171875,22.27828025817871,22.771297454833984,21.64400291442871,23.67967987060547,23.641664505004883,22.558063507080078,25.301616668701172,23.41033172607422,21.919361114501953,22.22300148010254,22.06290626525879,-1.8155510295235495,0.2857142857142854,False,6.25,"POLYGON ((23.75 -8.75, 26.25 -8.75, 26.25 -6.25, 23.75 -6.25, 23.75 -8.75))"
NCEP2000_r013_c019,NCEP-AirTemp-Africa-2000,13,19,27.5,-7.5,23.35787868499756,22.737098693847656,22.347929000854492,22.84064292907715,22.077003479003906,23.760969161987305,23.329668045043945,22.324195861816406,25.958707809448242,26.170997619628906,23.510324478149414,23.057004928588867,22.180002212524414,-1.5707963267948966,0.27586206896551724,False,6.25,"POLYGON ((26.25 -8.75, 28.75 -8.75, 28.75 -6.25, 26.25 -6.25, 26.25 -8.75))"
NCEP2000_r013_c020,NCEP-AirTemp-Africa-2000,13,20,30.0,-7.5,21.819588661193848,20.834842681884766,20.676897048950195,20.95000648498535,20.607336044311523,21.129350662231445,20.410001754760742,19.64258575439453,23.389677047729492,25.51799774169922,24.952903747558594,22.987333297729492,20.73613166809082,-1.3260416240662436,0.3809523809523809,False,6.25,"POLYGON ((28.75 -8.75, 31.25 -8.75, 31.25 -6.25, 28.75 -6.25, 28.75 -8.75))"
NCEP2000_r013_c021,NCEP-AirTemp-Africa-2000,13,21,32.5,-7.5,19.744579792022705,19.70355224609375,19.396560668945312,19.093555450439453,18.601337432861328,18.498390197753906,17.62700843811035,17.08613395690918,19.58161735534668,21.755340576171875,23.61741828918457,21.97533416748047,19.998708724975586,-1.1075295016273137,0.4705882352941176,False,6.25,"POLYGON ((31.25 -8.75, 33.75 -8.75, 33.75 -6.25, 31.25 -6.25, 31.25 -8.75))"
NCEP2000_r013_c022,NCEP-AirTemp-Africa-2000,13,22,35.0,-7.5,19.30057732264201,20.674837112426758,20.331039428710938,19.080005645751953,18.010343551635742,17.785167694091797,17.19700813293457,16.726455688476562,18.30807113647461,19.843000411987305,21.22355079650879,21.400671005249023,21.026777267456055,-0.9277522282005946,0.5454545454545455,False,6.25,"POLYGON ((33.75 -8.75, 36.25 -8.75, 36.25 -6.25, 33.75 -6.25, 33.75 -8.75))"
NCEP2000_r013_c023,NCEP-AirTemp-Africa-2000,13,23,37.5,-7.5,22.973196029663086,24.689353942871094,24.79689598083496,23.102581024169922,22.409000396728516,22.02549171447754,21.22567367553711,20.579998016357422,21.61838722229004,22.48833465576172,23.251935958862305,24.401994705200195,25.08870506286621,-0.7858742791489086,0.888888888888889,True,6.25,"POLYGON ((36.25 -8.75, 38.75 -8.75, 38.75 -6.25, 36.25 -6.25, 36.25 -8.75))"
NCEP2000_r014_c014,NCEP-AirTemp-Africa-2000,14,14,15.0,-5.0,23.54611047108968,23.15742301940918,22.8248291015625,23.539030075073242,23.312007904052734,24.089353561401367,23.72699737548828,24.153553009033203,24.620647430419922,24.284330368041992,23.17129135131836,22.959665298461914,22.714197158813477,-2.600752957031685,0.9090909090909091,True,6.25,"POLYGON ((13.75 -6.25, 16.25 -6.25, 16.25 -3.75, 13.75 -3.75, 13.75 -6.25))"
NCEP2000_r014_c015,NCEP-AirTemp-Africa-2000,14,15,17.5,-5.0,24.141133308410645,23.88193702697754,23.271038055419922,24.1209716796875,23.75366973876953,25.149349212646484,25.274669647216797,25.868383407592773,25.037738800048828,24.007999420166016,22.82387351989746,23.382997512817383,23.1209716796875,-2.4976344127310255,0.7272727272727272,False,6.25,"POLYGON ((16.25 -6.25, 18.75 -6.25, 18.75 -3.75, 16.25 -3.75, 16.25 -6.25))"
NCEP2000_r014_c016,NCEP-AirTemp-Africa-2000,14,16,20.0,-5.0,24.201565265655518,24.288389205932617,23.92172622680664,24.68065071105957,24.122331619262695,25.264516830444336,25.283002853393555,25.52451515197754,23.587745666503906,23.74333381652832,23.034194946289062,23.489667892456055,23.478708267211914,-2.3557183744408845,0.46153846153846145,False,6.25,"POLYGON ((18.75 -6.25, 21.25 -6.25, 21.25 -3.75, 18.75 -3.75, 18.75 -6.25))"
NCEP2000_r014_c017,NCEP-AirTemp-Africa-2000,14,17,22.5,-5.0,23.691571076711018,23.473222732543945,23.371723175048828,23.96129035949707,23.5,24.80580711364746,24.837331771850586,24.87032127380371,22.921287536621094,23.243003845214844,23.14161491394043,23.1906681060791,22.982582092285156,-2.1583595193402374,0.35294117647058826,False,6.25,"POLYGON ((21.25 -6.25, 23.75 -6.25, 23.75 -3.75, 21.25 -3.75, 21.25 -6.25))"
NCEP2000_r014_c018,NCEP-AirTemp-Africa-2000,14,18,25.0,-5.0,23.769803047180176,23.612253189086914,23.351728439331055,23.75774383544922,23.25566291809082,24.97032356262207,25.093334197998047,24.841934204101562,23.782258987426758,22.932668685913086,22.967741012573242,23.451663970947266,23.22032356262207,-1.8922613204948067,0.22222222222222227,False,6.25,"POLYGON ((23.75 -6.25, 26.25 -6.25, 26.25 -3.75, 23.75 -3.75, 23.75 -6.25))"
NCEP2000_r014_c019,NCEP-AirTemp-Africa-2000,14,19,27.5,-5.0,22.08063777287801,21.579683303833008,21.345518112182617,21.828710556030273,21.476999282836914,22.650644302368164,23.15066909790039,22.585161209106445,23.473222732543945,22.638330459594727,21.286781311035156,21.549671173095703,21.40226173400879,-1.5707963267948966,0.20689655172413793,False,6.25,"POLYGON ((26.25 -6.25, 28.75 -6.25, 28.75 -3.75, 26.25 -3.75, 26.25 -6.25))"
NCEP2000_r014_c020,NCEP-AirTemp-Africa-2000,14,20,30.0,-5.0,21.07419713338216,20.076778411865234,19.77828025817871,20.346132278442383,20.292003631591797,20.921293258666992,20.968669891357422,20.306133270263672,23.15806770324707,23.70533561706543,22.441936492919922,20.897666931152344,19.99806785583496,-1.2493313330949867,0.28571428571428575,False,6.25,"POLYGON ((28.75 -6.25, 31.25 -6.25, 31.25 -3.75, 28.75 -3.75, 28.75 -6.25))"
NCEP2000_r014_c021,NCEP-AirTemp-Africa-2000,14,21,32.5,-5.0,21.253097852071125,21.357101440429688,20.35586166381836,20.490001678466797,20.195667266845703,20.280323028564453,19.58167266845703,19.16871452331543,22.307418823242188,23.470666885375977,24.726449966430664,22.412006378173828,20.6912899017334,-0.9832331342495556,0.39999999999999997,False,6.25,"POLYGON ((31.25 -6.25, 33.75 -6.25, 33.75 -3.75, 31.25 -3.75, 31.25 -6.25))"
NCEP2000_r014_c022,NCEP-AirTemp-Africa-2000,14,22,35.0,-5.0,19.1384859085083,20.90484046936035,20.1831111907959,19.19291114807129,18.075672149658203,17.53936195373535,16.896007537841797,16.756460189819336,18.57807159423828,19.451669692993164,21.370969772338867,20.875335693359375,19.837419509887695,-0.7858742791489086,0.6666666666666666,False,6.25,"POLYGON ((33.75 -6.25, 36.25 -6.25, 36.25 -3.75, 33.75 -3.75, 33.75 -6.25))"
NCEP2000_r014_c023,NCEP-AirTemp-Africa-2000,14,23,37.5,-5.0,21.075028737386067,23.14258575439453,23.125865936279297,22.0938720703125,20.944002151489258,20.25419044494629,19.415674209594727,19.06129264831543,19.509033203125,20.025005340576172,20.931291580200195,21.97333526611328,22.424196243286133,-0.6439582408587676,0.8888888888888888,True,6.25,"POLYGON ((36.25 -6.25, 38.75 -6.25, 38.75 -3.75, 36.25 -3.75, 36.25 -6.25))"
NCEP2000_r015_c012,NCEP-AirTemp-Africa-2000,15,12,10.0,-2.5,25.155673503875732,25.98773956298828,26.45724105834961,26.98451042175293,26.479000091552734,26.25774383544922,24.584331512451172,23.276124954223633,23.43677520751953,23.89766502380371,24.58160972595215,24.765661239624023,25.159679412841797,-2.863041359998063,0.9333333333333331,True,6.25,"POLYGON ((8.75 -3.75, 11.25 -3.75, 11.25 -1.25, 8.75 -1.25, 8.75 -3.75))"
NCEP2000_r015_c013,NCEP-AirTemp-Africa-2000,15,13,12.5,-2.5,23.612175782521565,23.851612091064453,23.98345184326172,24.36064338684082,23.85999870300293,24.06257438659668,22.914339065551758,22.877098083496094,23.806127548217773,24.034996032714844,23.332578659057617,23.11333656311035,23.14935302734375,-2.8195563208776115,0.8000000000000004,True,6.25,"POLYGON ((11.25 -3.75, 13.75 -3.75, 13.75 -1.25, 11.25 -1.25, 11.25 -3.75))"
NCEP2000_r015_c014,NCEP-AirTemp-Africa-2000,15,14,15.0,-2.5,23.582783063252766,23.628385543823242,23.454830169677734,23.934839248657227,23.61066436767578,24.2625789642334,23.20400047302246,23.84709358215332,24.36515998840332,23.54399871826172,22.93806266784668,23.15700340270996,23.04677963256836,-2.7607578075263737,0.7999999999999997,False,6.25,"POLYGON ((13.75 -3.75, 16.25 -3.75, 16.25 -1.25, 13.75 -1.25, 13.75 -3.75))"
NCEP2000_r015_c015,NCEP-AirTemp-Africa-2000,15,15,17.5,-2.5,24.675918102264404,25.05548667907715,24.607585906982422,25.276777267456055,24.767337799072266,25.787418365478516,24.876996994018555,25.362581253051758,24.597415924072266,23.706335067749023,23.62709617614746,24.205339431762695,24.240646362304688,-2.6775640431369845,0.7272727272727272,False,6.25,"POLYGON ((16.25 -3.75, 18.75 -3.75, 18.75 -1.25, 16.25 -1.25, 16.25 -3.75))"
NCEP2000_r015_c016,NCEP-AirTemp-Africa-2000,15,16,20.0,-2.5,24.55394411087036,24.877098083496094,24.543800354003906,25.196775436401367,24.50533676147461,25.30742073059082,24.819000244140625,25.1912899017334,23.992908477783203,24.122337341308594,23.747417449951172,24.122331619262695,24.22161293029785,-2.553150478079379,0.5454545454545455,False,6.25,"POLYGON ((18.75 -3.75, 21.25 -3.75, 21.25 -1.25, 18.75 -1.25, 18.75 -3.75))"
NCEP2000_r015_c017,NCEP-AirTemp-Africa-2000,15,17,22.5,-2.5,24.043190320332844,24.144838333129883,24.101381301879883,24.38032341003418,23.869001388549805,24.807416915893555,24.060333251953125,24.685482025146484,23.341611862182617,23.88533592224121,23.493549346923828,23.91933250427246,23.82967758178711,-2.3557183744408845,0.30769230769230765,False,6.25,"POLYGON ((21.25 -3.75, 23.75 -3.75, 23.75 -1.25, 21.25 -1.25, 21.25 -3.75))"
NCEP2000_r015_c018,NCEP-AirTemp-Africa-2000,15,18,25.0,-2.5,23.3706316947937,23.536130905151367,23.63896942138672,23.79741859436035,23.237001419067383,24.316774368286133,23.461336135864258,23.86387062072754,22.194198608398438,22.542667388916016,22.97129249572754,23.585662841796875,23.302257537841797,-2.0340631519624797,0.18181818181818188,False,6.25,"POLYGON ((23.75 -3.75, 26.25 -3.75, 26.25 -1.25, 23.75 -1.25, 23.75 -3.75))"
NCEP2000_r015_c019,NCEP-AirTemp-Africa-2000,15,19,27.5,-2.5,19.93910805384318,19.719356536865234,19.70138168334961,20.17516326904297,19.977664947509766,20.42516326904297,20.702001571655273,20.800647735595703,19.22484016418457,19.393672943115234,19.410001754760742,19.921335220336914,19.81806755065918,-1.5707963267948966,0.13793103448275862,False,6.25,"POLYGON ((26.25 -3.75, 28.75 -3.75, 28.75 -1.25, 26.25 -1.25, 26.25 -3.75))"
NCEP2000_r015_c020,NCEP-AirTemp-Africa-2000,15,20,30.0,-2.5,19.19825490315755,19.0216121673584,18.149662017822266,18.81258201599121,19.200666427612305,19.439037322998047,19.763671875,19.873872756958008,19.792905807495117,20.32000160217285,19.008710861206055,18.576005935668945,18.420330047607422,-1.1075295016273137,0.2352941176470588,False,6.25,"POLYGON ((28.75 -3.75, 31.25 -3.75, 31.25 -1.25, 28.75 -1.25, 28.75 -3.75))"
NCEP2000_r015_c021,NCEP-AirTemp-Africa-2000,15,21,32.5,-2.5,21.31823746363322,22.281293869018555,20.608625411987305,21.072904586791992,21.080339431762695,20.940004348754883,20.27967071533203,20.305805206298828,22.290647506713867,23.05066680908203,22.541292190551758,21.19566535949707,20.171934127807617,-0.7858742791489086,0.4444444444444445,False,6.25,"POLYGON ((31.25 -3.75, 33.75 -3.75, 33.75 -1.25, 31.25 -1.25, 31.25 -3.75))"
NCEP2000_r015_c022,NCEP-AirTemp-Africa-2000,15,22,35.0,-2.5,18.446768442789715,20.309038162231445,19.702760696411133,19.059680938720703,17.75467300415039,16.97710418701172,16.270004272460938,16.352266311645508,18.500324249267578,18.916669845581055,20.153553009033203,19.27933692932129,18.0858097076416,-0.5884421755104143,0.6666666666666667,False,6.25,"POLYGON ((33.75 -3.75, 36.25 -3.75, 36.25 -1.25, 33.75 -1.25, 33.75 -3.75))"
NCEP2000_r015_c023,NCEP-AirTemp-Africa-2000,15,23,37.5,-2.5,19.51643403371175,21.804841995239258,22.107240676879883,21.16193962097168,19.13667106628418,17.93645668029785,17.263675689697266,17.1977481842041,18.124523162841797,18.54199981689453,20.04355239868164,20.31500816345215,20.56355094909668,-0.46402861045280885,0.7999999999999998,False,6.25,"POLYGON ((36.25 -3.75, 38.75 -3.75, 38.75 -1.25, 36.25 -1.25, 36.25 -3.75))"
NCEP2000_r015_c024,NCEP-AirTemp-Africa-2000,15,24,40.0,-2.5,25.682639122009277,27.855806350708008,27.293787002563477,27.538063049316406,26.386995315551758,24.848384857177734,23.778331756591797,23.435808181762695,23.641939163208008,24.218997955322266,25.035480499267578,26.51033592224121,27.64773941040039,-0.3808348460634198,0.9090909090909092,True,6.25,"POLYGON ((38.75 -3.75, 41.25 -3.75, 41.25 -1.25, 38.75 -1.25, 38.75 -3.75))"
NCEP2000_r016_c012,NCEP-AirTemp-Africa-2000,16,12,10.0,0.0,24.830777168273926,25.15386962890625,25.42690086364746,26.128385543823242,25.733671188354492,25.64838218688965,24.44600486755371,23.958065032958984,24.19451904296875,24.128664016723633,24.26548957824707,24.39666748046875,24.488706588745117,-2.9995622256048122,0.9333333333333335,True,6.25,"POLYGON ((8.75 -1.25, 11.25 -1.25, 11.25 1.25, 8.75 1.25, 8.75 -1.25))"
NCEP2000_r016_c013,NCEP-AirTemp-Africa-2000,16,13,12.5,0.0,22.53321901957194,22.692262649536133,22.57792854309082,23.210329055786133,22.89333724975586,23.286771774291992,22.281341552734375,22.083555221557617,22.5577449798584,22.407663345336914,22.04032325744629,22.2883358001709,22.07903480529785,-2.976289490668183,0.8,False,6.25,"POLYGON ((11.25 -1.25, 13.75 -1.25, 13.75 1.25, 11.25 1.25, 11.25 -1.25))"
NCEP2000_r016_c014,NCEP-AirTemp-Africa-2000,16,14,15.0,0.0,22.964370091756184,23.439678192138672,23.2086238861084,23.797100067138672,23.3663387298584,23.946775436401367,22.775005340576172,22.392261505126953,22.211936950683594,22.11400604248047,22.403873443603516,23.032001495361328,22.88484001159668,-2.9440138917695466,0.6666666666666666,False,6.25,"POLYGON ((13.75 -1.25, 16.25 -1.25, 16.25 1.25, 13.75 1.25, 13.75 -1.25))"
NCEP2000_r016_c015,NCEP-AirTemp-Africa-2000,16,15,17.5,0.0,24.132760524749756,24.74903106689453,24.593795776367188,25.113868713378906,24.340002059936523,25.249998092651367,24.01033592224121,23.836130142211914,22.976778030395508,23.125,23.497743606567383,24.14366912841797,23.95677375793457,-2.896389841813143,0.5333333333333333,False,6.25,"POLYGON ((16.25 -1.25, 18.75 -1.25, 18.75 1.25, 16.25 1.25, 16.25 -1.25))"
NCEP2000_r016_c016,NCEP-AirTemp-Africa-2000,16,16,20.0,0.0,24.520386536916096,24.762903213500977,24.901378631591797,25.388383865356445,24.445331573486328,25.356447219848633,24.505001068115234,24.534839630126953,23.870973587036133,23.90666389465332,24.018070220947266,24.443998336791992,24.110647201538086,-2.8195563208776115,0.4000000000000002,False,6.25,"POLYGON ((18.75 -1.25, 21.25 -1.25, 21.25 1.25, 18.75 1.25, 18.75 -1.25))"
NCEP2000_r016_c017,NCEP-AirTemp-Africa-2000,16,17,22.5,0.0,24.256232102711994,24.012258529663086,24.845516204833984,24.96484375,24.162336349487305,25.037097930908203,24.42133331298828,24.359033584594727,23.793228149414062,23.762670516967773,23.673547744750977,24.18033790588379,23.862581253051758,-2.6775640431369845,0.3636363636363636,False,6.25,"POLYGON ((21.25 -1.25, 23.75 -1.25, 23.75 1.25, 21.25 1.25, 21.25 -1.25))"
NCEP2000_r016_c018,NCEP-AirTemp-Africa-2000,16,18,25.0,0.0,23.813181400299072,23.369678497314453,24.166894912719727,24.403549194335938,23.980329513549805,24.733545303344727,24.043664932250977,23.656774520874023,23.117097854614258,23.4493350982666,23.41419792175293,23.92633628845215,23.49677276611328,-2.3557183744408845,0.15384615384615383,False,6.25,"POLYGON ((23.75 -1.25, 26.25 -1.25, 26.25 1.25, 23.75 1.25, 23.75 -1.25))"
NCEP2000_r016_c019,NCEP-AirTemp-Africa-2000,16,19,27.5,0.0,21.103378295898438,21.187740325927734,20.537935256958008,21.18548583984375,21.224002838134766,21.597740173339844,21.42500114440918,21.257095336914062,20.4070987701416,20.809669494628906,21.05483627319336,21.48166847229004,21.072265625,-1.5707963267948966,0.06896551724137931,False,6.25,"POLYGON ((26.25 -1.25, 28.75 -1.25, 28.75 1.25, 26.25 1.25, 26.25 -1.25))"
NCEP2000_r016_c020,NCEP-AirTemp-Africa-2000,16,20,30.0,0.0,19.703247388203938,20.98806381225586,19.639999389648438,20.030324935913086,19.772668838500977,20.128067016601562,20.045339584350586,20.434839248657227,18.660972595214844,19.29433822631836,18.837743759155273,19.374671936035156,19.2319393157959,-0.7858742791489086,0.22222222222222224,False,6.25,"POLYGON ((28.75 -1.25, 31.25 -1.25, 31.25 1.25, 28.75 1.25, 28.75 -1.25))"
NCEP2000_r016_c021,NCEP-AirTemp-Africa-2000,16,21,32.5,0.0,21.30690574645996,23.234195709228516,22.920347213745117,23.144193649291992,21.84833526611328,21.626773834228516,21.101335525512695,21.286130905151367,19.64032554626465,20.669002532958984,19.66645622253418,20.27867317199707,20.267099380493164,-0.46402861045280885,0.3999999999999999,False,6.25,"POLYGON ((31.25 -1.25, 33.75 -1.25, 33.75 1.25, 31.25 1.25, 31.25 -1.25))"
NCEP2000_r016_c022,NCEP-AirTemp-Africa-2000,16,22,35.0,0.0,19.49677832921346,20.90032196044922,21.88655662536621,21.81838607788086,19.809999465942383,18.789358139038086,18.2080078125,18.259363174438477,18.164522171020508,18.89166831970215,19.105165481567383,19.007665634155273,19.120325088500977,-0.3220363327121815,0.5454545454545455,False,6.25,"POLYGON ((33.75 -1.25, 36.25 -1.25, 36.25 1.25, 33.75 1.25, 33.75 -1.25))"
NCEP2000_r016_c023,NCEP-AirTemp-Africa-2000,16,23,37.5,0.0,20.632290363311768,21.878067016601562,22.79241371154785,22.90709114074707,20.869667053222656,19.195158004760742,18.345670700073242,18.419363021850586,19.448711395263672,19.788667678833008,21.391294479370117,20.982669830322266,21.568710327148438,-0.2452028117766504,0.6666666666666666,False,6.25,"POLYGON ((36.25 -1.25, 38.75 -1.25, 38.75 1.25, 36.25 1.25, 36.25 -1.25))"
NCEP2000_r016_c024,NCEP-AirTemp-Africa-2000,16,24,40.0,0.0,26.52323309580485,28.28774070739746,28.12482261657715,29.05999755859375,27.469999313354492,25.089031219482422,23.903331756591797,23.872577667236328,24.77387046813965,25.189001083374023,26.459354400634766,27.66132926940918,28.387741088867188,-0.1975787618202465,0.7692307692307694,False,6.25,"POLYGON ((38.75 -1.25, 41.25 -1.25, 41.25 1.25, 38.75 1.25, 38.75 -1.25))"
NCEP2000_r016_c025,NCEP-AirTemp-Africa-2000,16,25,42.5,0.0,26.94794988632202,28.127094268798828,27.5906925201416,28.59451675415039,28.162328720092773,26.31774139404297,25.25467300415039,25.140003204345703,25.3970947265625,25.76266860961914,26.233226776123047,28.216331481933594,28.57902717590332,-0.1653031629216105,0.9230769230769232,True,6.25,"POLYGON ((41.25 -1.25, 43.75 -1.25, 43.75 1.25, 41.25 1.25, 41.25 -1.25))"
NCEP2000_r017_c012,NCEP-AirTemp-Africa-2000,17,12,10.0,2.5,23.605430285135906,23.93580436706543,23.92551612854004,24.960323333740234,24.74333381652832,24.67483901977539,23.56099510192871,22.551288604736328,22.463869094848633,22.463001251220703,22.920000076293945,23.441997528076172,23.624195098876953,3.141592653589793,0.9333333333333332,True,6.25,"POLYGON ((8.75 1.25, 11.25 1.25, 11.25 3.75, 8.75 3.75, 8.75 1.25))"
NCEP2000_r017_c013,NCEP-AirTemp-Africa-2000,17,13,12.5,2.5,22.102147261301678,22.45387077331543,22.274486541748047,23.018068313598633,22.742002487182617,23.03548812866211,21.969667434692383,21.020326614379883,21.038711547851562,21.294673919677734,21.80709457397461,22.22233772277832,22.34903907775879,3.141592653589793,0.8,False,6.25,"POLYGON ((11.25 1.25, 13.75 1.25, 13.75 3.75, 11.25 3.75, 11.25 1.25))"
NCEP2000_r017_c014,NCEP-AirTemp-Africa-2000,17,14,15.0,2.5,23.10850779215495,23.56290626525879,23.42896270751953,24.245159149169922,23.406002044677734,23.83354949951172,22.94066619873047,22.046770095825195,21.88161277770996,22.318334579467773,22.880643844604492,23.252002716064453,23.505483627319336,3.141592653589793,0.6666666666666666,False,6.25,"POLYGON ((13.75 1.25, 16.25 1.25, 16.25 3.75, 13.75 3.75, 13.75 1.25))"
NCEP2000_r017_c015,NCEP-AirTemp-Africa-2000,17,15,17.5,2.5,23.941646893819172,24.29871368408203,24.52069091796875,25.174198150634766,24.527334213256836,24.740646362304688,23.429670333862305,23.253231048583984,22.88387680053711,23.21033477783203,23.367101669311523,23.982999801635742,23.910964965820312,3.141592653589793,0.5333333333333332,False,6.25,"POLYGON ((16.25 1.25, 18.75 1.25, 18.75 3.75, 16.25 3.75, 16.25 1.25))"
NCEP2000_r017_c016,NCEP-AirTemp-Africa-2000,17,16,20.0,2.5,24.37587372461955,24.620967864990234,24.53654670715332,25.58612632751465,25.341331481933594,25.398387908935547,24.038330078125,23.85483741760254,23.293872833251953,23.66767120361328,23.711610794067383,24.42466926574707,24.0361328125,3.141592653589793,0.4,False,6.25,"POLYGON ((18.75 1.25, 21.25 1.25, 21.25 3.75, 18.75 3.75, 18.75 1.25))"
NCEP2000_r017_c017,NCEP-AirTemp-Africa-2000,17,17,22.5,2.5,24.1152286529541,24.1616153717041,23.891380310058594,25.116451263427734,24.83032989501953,25.0929012298584,24.48133659362793,24.136768341064453,23.03226089477539,23.57033348083496,23.449674606323242,24.020336151123047,23.599355697631836,3.141592653589793,0.2666666666666666,False,6.25,"POLYGON ((21.25 1.25, 23.75 1.25, 23.75 3.75, 21.25 3.75, 21.25 1.25))"
NCEP2000_r017_c018,NCEP-AirTemp-Africa-2000,17,18,25.0,2.5,23.646390438079834,23.84677505493164,23.46034812927246,24.13774299621582,24.044668197631836,24.435482025146484,23.910001754760742,23.80742073059082,22.997737884521484,23.405670166015625,23.0793514251709,23.59600257873535,23.035484313964844,3.141592653589793,0.1333333333333333,False,6.25,"POLYGON ((23.75 1.25, 26.25 1.25, 26.25 3.75, 23.75 3.75, 23.75 1.25))"
NCEP2000_r017_c019,NCEP-AirTemp-Africa-2000,17,19,27.5,2.5,22.04384994506836,23.441293716430664,22.191381454467773,22.392257690429688,21.791006088256836,22.508386611938477,21.485668182373047,21.246774673461914,21.459360122680664,21.753007888793945,21.93096923828125,22.43899917602539,21.887094497680664,0.0,0.0,False,6.25,"POLYGON ((26.25 1.25, 28.75 1.25, 28.75 3.75, 26.25 3.75, 26.25 1.25))"
NCEP2000_r017_c020,NCEP-AirTemp-Africa-2000,17,20,30.0,2.5,21.080730597178142,23.164838790893555,22.78448486328125,22.92645835876465,21.027667999267578,22.00838851928711,20.4926700592041,19.945167541503906,19.20935821533203,19.798004150390625,20.13774871826172,20.833005905151367,20.640974044799805,0.0,0.1333333333333333,False,6.25,"POLYGON ((28.75 1.25, 31.25 1.25, 31.25 3.75, 28.75 3.75, 28.75 1.25))"
NCEP2000_r017_c021,NCEP-AirTemp-Africa-2000,17,21,32.5,2.5,22.77395534515381,24.1561279296875,25.96034812927246,26.565160751342773,24.073335647583008,24.053226470947266,22.74333953857422,22.132585525512695,19.62677574157715,20.69800567626953,20.051292419433594,21.265003204345703,21.962263107299805,0.0,0.2666666666666666,False,6.25,"POLYGON ((31.25 1.25, 33.75 1.25, 33.75 3.75, 31.25 3.75, 31.25 1.25))"
NCEP2000_r017_c022,NCEP-AirTemp-Africa-2000,17,22,35.0,2.5,22.860049724578857,23.559036254882812,25.63103675842285,26.168712615966797,24.19499969482422,22.9774227142334,22.127668380737305,21.961292266845703,20.543231964111328,21.65833854675293,21.013870239257812,21.50466537475586,22.980321884155273,0.0,0.4,False,6.25,"POLYGON ((33.75 1.25, 36.25 1.25, 36.25 3.75, 33.75 3.75, 33.75 1.25))"
NCEP2000_r017_c023,NCEP-AirTemp-Africa-2000,17,23,37.5,2.5,22.875169436136883,23.660642623901367,24.714826583862305,25.129350662231445,24.010000228881836,22.08968162536621,20.853004455566406,20.859031677246094,21.42774200439453,22.16767120361328,23.153547286987305,22.56266212463379,23.873872756958008,0.0,0.5333333333333332,False,6.25,"POLYGON ((36.25 1.25, 38.75 1.25, 38.75 3.75, 36.25 3.75, 36.25 1.25))"
NCEP2000_r017_c024,NCEP-AirTemp-Africa-2000,17,24,40.0,2.5,25.677788575490315,26.95806121826172,27.210693359375,28.047094345092773,27.23566436767578,24.599355697631836,23.1610050201416,23.20774269104004,23.978063583374023,24.5816650390625,25.97806167602539,26.37766456604004,26.798391342163086,0.0,0.6666666666666666,False,6.25,"POLYGON ((38.75 1.25, 41.25 1.25, 41.25 3.75, 38.75 3.75, 38.75 1.25))"
NCEP2000_r017_c025,NCEP-AirTemp-Africa-2000,17,25,42.5,2.5,26.883464495340984,27.862581253051758,27.810346603393555,28.617414474487305,28.26432991027832,25.899030685424805,24.98666763305664,25.09773826599121,25.507095336914062,26.142332077026367,26.61677360534668,27.995330810546875,27.80193328857422,0.0,0.8,False,6.25,"POLYGON ((41.25 1.25, 43.75 1.25, 43.75 3.75, 41.25 3.75, 41.25 1.25))"
NCEP2000_r017_c026,NCEP-AirTemp-Africa-2000,17,26,45.0,2.5,26.100875854492188,26.18580436706543,25.988964080810547,26.740320205688477,27.583667755126953,26.266450881958008,25.429004669189453,25.01516342163086,25.037416458129883,25.628664016723633,25.76258087158203,26.786672592163086,26.78580093383789,0.0,0.9333333333333332,True,6.25,"POLYGON ((43.75 1.25, 46.25 1.25, 46.25 3.75, 43.75 3.75, 43.75 1.25))"
NCEP2000_r018_c005,NCEP-AirTemp-Africa-2000,18,5,-7.5,5.0,24.92586835225423,25.418386459350586,26.55827522277832,25.742904663085938,25.90433120727539,25.930315017700195,24.620668411254883,23.803546905517578,23.669357299804688,23.690004348754883,24.09064483642578,24.99166488647461,24.69032096862793,3.070217485617872,0.9655172413793104,True,6.25,"POLYGON ((-8.75 3.75, -6.25 3.75, -6.25 6.25, -8.75 6.25, -8.75 3.75))"
NCEP2000_r018_c007,NCEP-AirTemp-Africa-2000,18,7,-2.5,5.0,25.72154887517293,26.151290893554688,26.83103370666504,27.295804977416992,27.4443359375,26.962251663208008,25.51466941833496,24.382902145385742,23.873552322387695,23.85266876220703,24.571292877197266,25.892330169677734,25.88645362854004,3.058372579309461,0.8275862068965517,True,6.25,"POLYGON ((-3.75 3.75, -1.25 3.75, -1.25 6.25, -3.75 6.25, -3.75 3.75))"
NCEP2000_r018_c011,NCEP-AirTemp-Africa-2000,18,11,7.5,5.0,25.071396986643474,25.8474178314209,26.63793182373047,27.05838394165039,25.7376651763916,25.769033432006836,24.565006256103516,23.889034271240234,23.54515838623047,23.634002685546875,24.20419692993164,24.59699821472168,25.37193489074707,3.017120407203531,0.6956521739130435,True,6.25,"POLYGON ((6.25 3.75, 8.75 3.75, 8.75 6.25, 6.25 6.25, 6.25 3.75))"
NCEP2000_r018_c012,NCEP-AirTemp-Africa-2000,18,12,10.0,5.0,22.720884164174397,23.896129608154297,25.195865631103516,24.90838623046875,22.81700325012207,23.115161895751953,21.86533546447754,21.41806411743164,21.113224029541016,21.23800277709961,21.80064582824707,22.326335906982422,22.95645523071289,2.9995622256048122,0.6666666666666663,False,6.25,"POLYGON ((8.75 3.75, 11.25 3.75, 11.25 6.25, 8.75 6.25, 8.75 3.75))"
NCEP2000_r018_c013,NCEP-AirTemp-Africa-2000,18,13,12.5,5.0,21.5336856842041,22.960323333740234,24.357587814331055,23.613550186157227,21.104673385620117,21.4116153717041,20.423667907714844,20.084518432617188,19.877424240112305,20.292335510253906,20.789037704467773,21.484331130981445,22.005163192749023,2.976289490668183,0.6666666666666659,False,6.25,"POLYGON ((11.25 3.75, 13.75 3.75, 13.75 6.25, 11.25 6.25, 11.25 3.75))"
NCEP2000_r018_c014,NCEP-AirTemp-Africa-2000,18,14,15.0,5.0,22.726381142934162,24.26903533935547,25.39310073852539,24.92935562133789,22.54700469970703,22.58355140686035,21.542999267578125,21.238712310791016,21.099355697631836,21.595335006713867,21.88548469543457,22.491666793823242,23.140972137451172,2.9440138917695466,0.4509120022329222,False,6.25,"POLYGON ((13.75 3.75, 16.25 3.75, 16.25 6.25, 13.75 6.25, 13.75 3.75))"
NCEP2000_r018_c015,NCEP-AirTemp-Africa-2000,18,15,17.5,5.0,24.448094685872395,26.024518966674805,26.92102813720703,26.53838539123535,25.66733169555664,25.158065795898438,23.091999053955078,22.84613037109375,22.616127014160156,22.99933433532715,23.360315322875977,23.82067108154297,24.333229064941406,2.896389841813143,0.3646179206197636,False,6.25,"POLYGON ((16.25 3.75, 18.75 3.75, 18.75 6.25, 16.25 6.25, 16.25 3.75))"
NCEP2000_r018_c016,NCEP-AirTemp-Africa-2000,18,16,20.0,5.0,24.742547035217285,26.193225860595703,25.965171813964844,26.570642471313477,26.23200225830078,26.195161819458008,24.099332809448242,23.23000144958496,22.871288299560547,23.397672653198242,23.603872299194336,24.058000564575195,24.494192123413086,2.8195563208776115,0.2796601533388068,False,6.25,"POLYGON ((18.75 3.75, 21.25 3.75, 21.25 6.25, 18.75 6.25, 18.75 3.75))"
NCEP2000_r018_c017,NCEP-AirTemp-Africa-2000,18,17,22.5,5.0,23.733635902404785,25.215164184570312,23.99793243408203,25.354188919067383,24.154666900634766,25.096126556396484,23.4913330078125,22.799352645874023,22.15709686279297,22.776668548583984,22.717741012573242,23.354001998901367,23.68935775756836,2.6775640431369845,0.1977684346474856,False,6.25,"POLYGON ((21.25 3.75, 23.75 3.75, 23.75 6.25, 21.25 6.25, 21.25 3.75))"
NCEP2000_r018_c018,NCEP-AirTemp-Africa-2000,18,18,25.0,5.0,23.202313264211018,24.931608200073242,24.35276222229004,24.61806297302246,23.30033302307129,24.254514694213867,22.53533363342285,22.516128540039062,21.523550033569336,22.165002822875977,22.046775817871094,23.114336013793945,23.069351196289062,2.3557183744408845,0.12511548732821187,False,6.25,"POLYGON ((23.75 3.75, 26.25 3.75, 26.25 6.25, 23.75 6.25, 23.75 3.75))"
NCEP2000_r018_c019,NCEP-AirTemp-Africa-2000,18,19,27.5,5.0,23.696341514587402,25.7148380279541,26.13689422607422,25.561613082885742,24.06766700744629,24.860002517700195,22.836334228515625,22.215164184570312,21.527099609375,22.32467269897461,22.14387321472168,23.45600128173828,23.511938095092773,1.5707963267948966,0.08695652173913043,False,6.25,"POLYGON ((26.25 3.75, 28.75 3.75, 28.75 6.25, 26.25 6.25, 26.25 3.75))"
NCEP2000_r018_c020,NCEP-AirTemp-Africa-2000,18,20,30.0,5.0,24.947486877441406,26.441612243652344,28.013792037963867,28.361286163330078,26.533327102661133,27.026123046875,24.35099983215332,22.808067321777344,21.96225929260254,22.731666564941406,22.726457595825195,23.801668167114258,24.61258316040039,0.7858742791489086,0.18181818181818182,False,6.25,"POLYGON ((28.75 3.75, 31.25 3.75, 31.25 6.25, 28.75 6.25, 28.75 3.75))"
NCEP2000_r018_c021,NCEP-AirTemp-Africa-2000,18,21,32.5,5.0,25.73263931274414,26.41839027404785,28.685518264770508,30.197412490844727,28.39399528503418,27.957414627075195,25.7189998626709,24.052255630493164,22.271299362182617,23.224666595458984,22.7725830078125,23.853330612182617,25.245805740356445,0.46402861045280885,0.28571428571428564,False,6.25,"POLYGON ((31.25 3.75, 33.75 3.75, 33.75 6.25, 31.25 6.25, 31.25 3.75))"
NCEP2000_r018_c022,NCEP-AirTemp-Africa-2000,18,22,35.0,5.0,23.588431517283123,24.656129837036133,26.22620964050293,27.115482330322266,25.1560001373291,24.17613410949707,23.077999114990234,22.151935577392578,20.90032386779785,22.265668869018555,21.489355087280273,22.244001388549805,23.601938247680664,0.3220363327121815,0.3157894736842106,False,6.25,"POLYGON ((33.75 3.75, 36.25 3.75, 36.25 6.25, 33.75 6.25, 33.75 3.75))"
NCEP2000_r018_c023,NCEP-AirTemp-Africa-2000,18,23,37.5,5.0,20.10861873626709,21.844511032104492,22.991376876831055,22.605484008789062,20.869001388549805,19.80097198486328,18.55467414855957,17.9567813873291,17.881614685058594,19.208003997802734,19.39903450012207,19.46100425720215,20.730966567993164,0.2452028117766504,0.47058823529411764,False,6.25,"POLYGON ((36.25 3.75, 38.75 3.75, 38.75 6.25, 36.25 6.25, 36.25 3.75))"
NCEP2000_r018_c024,NCEP-AirTemp-Africa-2000,18,24,40.0,5.0,21.11890188852946,22.84548568725586,23.709308624267578,23.41225814819336,22.035337448120117,20.840646743774414,19.242673873901367,18.89484214782715,18.980968475341797,20.193004608154297,20.580970764160156,20.7810001373291,21.91032600402832,0.1975787618202465,0.5882352941176471,False,6.25,"POLYGON ((38.75 3.75, 41.25 3.75, 41.25 6.25, 38.75 6.25, 38.75 3.75))"
NCEP2000_r018_c025,NCEP-AirTemp-Africa-2000,18,25,42.5,5.0,25.354630788167317,26.42032241821289,26.624483108520508,26.984189987182617,25.700664520263672,24.993873596191406,23.5779972076416,23.866127014160156,24.171934127807617,25.36233139038086,24.991289138793945,25.55300521850586,26.00935173034668,0.1653031629216105,0.7058823529411765,False,6.25,"POLYGON ((41.25 3.75, 43.75 3.75, 43.75 6.25, 41.25 6.25, 41.25 3.75))"
NCEP2000_r018_c026,NCEP-AirTemp-Africa-2000,18,26,45.0,5.0,27.186771074930828,27.227420806884766,27.27861976623535,28.04644775390625,27.441333770751953,27.589672088623047,26.361997604370117,26.244834899902344,26.618066787719727,27.628997802734375,26.799997329711914,27.399995803833008,27.60386848449707,0.14203042798498106,0.823529411764706,False,6.25,"POLYGON ((43.75 3.75, 46.25 3.75, 46.25 6.25, 43.75 6.25, 43.75 3.75))"
NCEP2000_r018_c027,NCEP-AirTemp-Africa-2000,18,27,47.5,5.0,26.834676265716553,26.231285095214844,26.15241050720215,27.030000686645508,27.63899803161621,28.124835968017578,27.02166748046875,26.27774429321289,26.347742080688477,26.97100257873535,26.37870979309082,26.903331756591797,26.938386917114258,0.12447224638626213,0.9411764705882353,True,6.25,"POLYGON ((46.25 3.75, 48.75 3.75, 48.75 6.25, 46.25 6.25, 46.25 3.75))"
NCEP2000_r019_c003,NCEP-AirTemp-Africa-2000,19,3,-12.5,7.5,26.24926980336507,27.27129364013672,28.26723289489746,28.428709030151367,27.14666175842285,26.76708984375,24.992666244506836,24.824512481689453,24.535154342651367,24.599666595458984,25.125486373901367,25.995668411254883,27.03709602355957,3.017120407203531,1.0,True,6.25,"POLYGON ((-13.75 6.25, -11.25 6.25, -11.25 8.75, -13.75 8.75, -13.75 6.25))"
NCEP2000_r019_c004,NCEP-AirTemp-Africa-2000,19,4,-10.0,7.5,24.269548575083416,25.219356536865234,26.3227596282959,26.389354705810547,24.60199737548828,24.414840698242188,23.40399932861328,22.996774673461914,22.820650100708008,22.831663131713867,23.381938934326172,24.108667373657227,24.74258041381836,3.0089163174540094,1.0,True,6.25,"POLYGON ((-11.25 6.25, -8.75 6.25, -8.75 8.75, -11.25 8.75, -11.25 6.25))"
NCEP2000_r019_c005,NCEP-AirTemp-Africa-2000,19,5,-7.5,7.5,23.824788570404053,24.985485076904297,25.643787384033203,25.85580062866211,24.416330337524414,24.220321655273438,22.778667449951172,22.304519653320312,22.283226013183594,22.453332901000977,22.998388290405273,23.725669860839844,24.23193359375,2.9995622256048122,1.0,False,6.25,"POLYGON ((-8.75 6.25, -6.25 6.25, -6.25 8.75, -8.75 8.75, -8.75 6.25))"
NCEP2000_r019_c006,NCEP-AirTemp-Africa-2000,19,6,-5.0,7.5,25.07314904530843,26.321285247802734,26.957239151000977,27.616771697998047,27.677331924438477,26.36515998840332,23.575326919555664,22.87968635559082,22.889677047729492,23.050331115722656,23.793222427368164,24.43433380126953,25.31742286682129,2.9888001502322483,1.0,True,6.25,"POLYGON ((-6.25 6.25, -3.75 6.25, -3.75 8.75, -6.25 8.75, -6.25 6.25))"
NCEP2000_r019_c007,NCEP-AirTemp-Africa-2000,19,7,-2.5,7.5,25.468326250712078,26.318391799926758,27.566551208496094,28.42902946472168,28.91266632080078,26.937419891357422,24.161340713500977,23.04290771484375,23.139362335205078,23.170331954956055,24.060317993164062,24.41966438293457,25.461931228637695,2.976289490668183,1.0,False,6.25,"POLYGON ((-3.75 6.25, -1.25 6.25, -1.25 8.75, -3.75 8.75, -3.75 6.25))"
NCEP2000_r019_c008,NCEP-AirTemp-Africa-2000,19,8,0.0,7.5,25.746533393859863,26.83515739440918,28.39448356628418,29.156770706176758,28.96799659729004,26.897096633911133,24.46967124938965,23.233552932739258,23.23258399963379,23.410337448120117,24.125484466552734,24.383333206176758,25.851932525634766,2.96157148632164,0.9886838802395825,True,6.25,"POLYGON ((-1.25 6.25, 1.25 6.25, 1.25 8.75, -1.25 8.75, -1.25 6.25))"
NCEP2000_r019_c009,NCEP-AirTemp-Africa-2000,19,9,2.5,7.5,25.995359420776367,27.766450881958008,28.938617706298828,29.173542022705078,29.170331954956055,27.0125789642334,24.539669036865234,23.36935043334961,23.287099838256836,23.540668487548828,24.17548370361328,24.58600425720215,26.3845157623291,2.9440138917695466,0.9018240044658444,True,6.25,"POLYGON ((1.25 6.25, 3.75 6.25, 3.75 8.75, 1.25 8.75, 1.25 6.25))"
NCEP2000_r019_c010,NCEP-AirTemp-Africa-2000,19,10,5.0,7.5,25.56201171875,27.50580596923828,28.428617477416992,28.564516067504883,27.88333511352539,26.030000686645508,23.898996353149414,23.20967674255371,23.078065872192383,23.327667236328125,24.04451560974121,24.781002044677734,25.991941452026367,2.922721971669459,0.8153013148922628,True,6.25,"POLYGON ((3.75 6.25, 6.25 6.25, 6.25 8.75, 3.75 8.75, 3.75 6.25))"
NCEP2000_r019_c011,NCEP-AirTemp-Africa-2000,19,11,7.5,7.5,25.028220971425373,27.18741798400879,28.108617782592773,28.7219295501709,26.06999969482422,24.91580581665039,23.11133575439453,22.7419376373291,22.600326538085938,22.972999572753906,23.66613006591797,25.116668701171875,25.1254825592041,2.896389841813143,0.7292358412395272,False,6.25,"POLYGON ((6.25 6.25, 8.75 6.25, 8.75 8.75, 6.25 8.75, 6.25 6.25))"
NCEP2000_r019_c012,NCEP-AirTemp-Africa-2000,19,12,10.0,7.5,24.175061384836834,26.548385620117188,27.486207962036133,28.368061065673828,24.941667556762695,23.96806526184082,22.255001068115234,21.58000373840332,21.453227996826172,21.999340057373047,22.756776809692383,24.94399642944336,23.800003051757812,2.863041359998063,0.6438109732527216,False,6.25,"POLYGON ((8.75 6.25, 11.25 6.25, 11.25 8.75, 8.75 8.75, 8.75 6.25))"
NCEP2000_r019_c013,NCEP-AirTemp-Africa-2000,19,13,12.5,7.5,23.305686155954998,25.188711166381836,26.113449096679688,27.31580352783203,24.433664321899414,22.99742317199707,22.106334686279297,20.883867263793945,20.624839782714844,21.19733428955078,21.856130599975586,24.180997848510742,22.769678115844727,2.8195563208776115,0.5593203066776136,False,6.25,"POLYGON ((11.25 6.25, 13.75 6.25, 13.75 8.75, 11.25 8.75, 11.25 6.25))"
NCEP2000_r019_c014,NCEP-AirTemp-Africa-2000,19,14,15.0,7.5,24.386675993601482,25.962583541870117,26.641725540161133,27.89193344116211,26.703662872314453,24.881933212280273,23.563669204711914,21.9025821685791,21.623868942260742,22.217002868652344,22.690322875976562,24.745664596557617,23.815162658691406,2.7607578075263737,0.47626129455613947,False,6.25,"POLYGON ((13.75 6.25, 16.25 6.25, 16.25 8.75, 13.75 8.75, 13.75 6.25))"
NCEP2000_r019_c015,NCEP-AirTemp-Africa-2000,19,15,17.5,7.5,26.28583510716756,27.886451721191406,28.828964233398438,28.99226188659668,29.81332778930664,28.361608505249023,25.407331466674805,23.51677894592285,23.0974178314209,23.893999099731445,24.313871383666992,26.008331298828125,25.309677124023438,2.6775640431369845,0.3955368692949712,False,6.25,"POLYGON ((16.25 6.25, 18.75 6.25, 18.75 8.75, 16.25 8.75, 16.25 6.25))"
NCEP2000_r019_c016,NCEP-AirTemp-Africa-2000,19,16,20.0,7.5,25.886732419331867,27.074840545654297,28.540691375732422,28.13129234313965,28.53499984741211,28.67677116394043,25.483333587646484,23.56580924987793,23.021615982055664,23.888999938964844,23.721294403076172,25.325336456298828,24.675804138183594,2.553150478079379,0.31892473767343904,False,6.25,"POLYGON ((18.75 6.25, 21.25 6.25, 21.25 8.75, 18.75 8.75, 18.75 6.25))"
NCEP2000_r019_c017,NCEP-AirTemp-Africa-2000,19,17,22.5,7.5,24.55837933222453,25.445154190063477,27.153100967407227,27.119037628173828,26.21766471862793,27.274192810058594,23.612667083740234,22.298709869384766,22.023874282836914,22.949005126953125,22.482580184936523,24.351335525512695,23.773229598999023,2.3557183744408845,0.25023097465642374,False,6.25,"POLYGON ((21.25 6.25, 23.75 6.25, 23.75 8.75, 21.25 8.75, 21.25 6.25))"
NCEP2000_r019_c018,NCEP-AirTemp-Africa-2000,19,18,25.0,7.5,24.5183367729187,25.079030990600586,27.486555099487305,27.336774826049805,26.89333152770996,27.067420959472656,23.356006622314453,21.97742462158203,21.619678497314453,22.753000259399414,22.264196395874023,24.51500129699707,23.871620178222656,2.0340631519624797,0.1481481481481481,False,6.25,"POLYGON ((23.75 6.25, 26.25 6.25, 26.25 8.75, 23.75 8.75, 23.75 6.25))"
NCEP2000_r019_c019,NCEP-AirTemp-Africa-2000,19,19,27.5,7.5,26.350362300872803,26.427095413208008,29.27103614807129,29.395483016967773,29.50766372680664,29.05160903930664,26.48799705505371,24.11451530456543,23.101938247680664,24.047332763671875,23.415163040161133,25.92999839782715,25.45451545715332,1.5707963267948966,0.17391304347826086,False,6.25,"POLYGON ((26.25 6.25, 28.75 6.25, 28.75 8.75, 26.25 8.75, 26.25 6.25))"
NCEP2000_r019_c020,NCEP-AirTemp-Africa-2000,19,20,30.0,7.5,28.178361256917317,28.314191818237305,30.75068473815918,31.986774444580078,31.597660064697266,31.359670639038086,28.915998458862305,25.936771392822266,24.296775817871094,25.05900001525879,25.0225772857666,27.277334213256836,27.622896194458008,1.1075295016273137,0.28571428571428575,False,6.25,"POLYGON ((28.75 6.25, 31.25 6.25, 31.25 8.75, 28.75 8.75, 28.75 6.25))"
NCEP2000_r019_c021,NCEP-AirTemp-Africa-2000,19,21,32.5,7.5,27.309641043345135,28.08741569519043,29.5451717376709,31.709346771240234,30.132661819458008,30.010643005371094,27.942333221435547,24.991933822631836,23.210969924926758,24.38933563232422,24.372577667236328,26.10233497619629,27.22096824645996,0.7858742791489086,0.36363636363636365,False,6.25,"POLYGON ((31.25 6.25, 33.75 6.25, 33.75 8.75, 31.25 8.75, 31.25 6.25))"
NCEP2000_r019_c022,NCEP-AirTemp-Africa-2000,19,22,35.0,7.5,22.0382137298584,23.752256393432617,23.97069549560547,25.82645034790039,23.346338272094727,22.9729061126709,21.688335418701172,20.148069381713867,19.262903213500977,20.393003463745117,20.09064483642578,21.10599708557129,21.900964736938477,0.5884421755104143,0.4615384615384616,False,6.25,"POLYGON ((33.75 6.25, 36.25 6.25, 36.25 8.75, 33.75 8.75, 33.75 6.25))"
NCEP2000_r019_c023,NCEP-AirTemp-Africa-2000,19,23,37.5,7.5,15.5370241800944,17.267427444458008,17.8189697265625,18.167749404907227,16.210006713867188,15.72613525390625,14.358675956726074,13.751620292663574,13.854848861694336,14.48701000213623,14.613554954528809,14.876672744750977,15.31161880493164,0.46402861045280885,0.5714285714285713,False,6.25,"POLYGON ((36.25 6.25, 38.75 6.25, 38.75 8.75, 36.25 8.75, 36.25 6.25))"
NCEP2000_r019_c024,NCEP-AirTemp-Africa-2000,19,24,40.0,7.5,17.216066042582195,17.84581184387207,19.286209106445312,19.19097328186035,18.24867057800293,17.87710189819336,16.58800506591797,15.51968765258789,15.451946258544922,16.449010848999023,16.548715591430664,16.396007537841797,17.19065284729004,0.3808348460634198,0.5714285714285716,False,6.25,"POLYGON ((38.75 6.25, 41.25 6.25, 41.25 8.75, 38.75 8.75, 38.75 6.25))"
NCEP2000_r019_c025,NCEP-AirTemp-Africa-2000,19,25,42.5,7.5,23.264017581939697,23.160972595214844,24.096900939941406,24.927419662475586,24.224666595458984,23.830970764160156,22.536001205444336,21.927417755126953,21.55225944519043,23.38199806213379,23.367422103881836,22.817338943481445,23.3448429107666,0.3220363327121815,0.6315789473684212,False,6.25,"POLYGON ((41.25 6.25, 43.75 6.25, 43.75 8.75, 41.25 8.75, 41.25 6.25))"
NCEP2000_r019_c026,NCEP-AirTemp-Africa-2000,19,26,45.0,7.5,24.939303080240887,24.23387336730957,24.825172424316406,26.137737274169922,25.60966682434082,25.493871688842773,24.387666702270508,24.107097625732422,24.054841995239258,26.003999710083008,25.27547836303711,24.639001846313477,24.50322914123535,0.2785512935917306,0.7368421052631577,False,6.25,"POLYGON ((43.75 6.25, 46.25 6.25, 46.25 8.75, 43.75 8.75, 43.75 6.25))"
NCEP2000_r019_c027,NCEP-AirTemp-Africa-2000,19,27,47.5,7.5,25.22787094116211,23.77775001525879,24.327245712280273,25.51000213623047,25.68199920654297,26.231929779052734,25.930997848510742,25.2274169921875,25.387096405029297,26.657329559326172,25.068063735961914,24.723331451416016,24.211288452148438,0.2452028117766504,0.9411764705882353,True,6.25,"POLYGON ((46.25 6.25, 48.75 6.25, 48.75 8.75, 46.25 8.75, 46.25 6.25))"
NCEP2000_r020_c003,NCEP-AirTemp-Africa-2000,20,3,-12.5,10.0,25.648798147837322,27.71645164489746,27.98448371887207,29.866127014160156,27.997995376586914,27.52677345275879,23.785999298095703,22.65967559814453,22.810317993164062,23.00366973876953,23.58290672302246,24.94666290283203,25.90451431274414,2.956072147338025,1.0,True,6.25,"POLYGON ((-13.75 8.75, -11.25 8.75, -11.25 11.25, -13.75 11.25, -13.75 8.75))"
NCEP2000_r020_c004,NCEP-AirTemp-Africa-2000,20,4,-10.0,10.0,24.511355717976887,26.456125259399414,25.930339813232422,29.34354591369629,26.76532745361328,25.88225746154785,22.552005767822266,21.701610565185547,22.019676208496094,22.219999313354492,22.91355323791504,23.89666748046875,24.45516014099121,2.9440138917695466,1.0,False,6.25,"POLYGON ((-11.25 8.75, -8.75 8.75, -8.75 11.25, -11.25 11.25, -11.25 8.75))"
NCEP2000_r020_c005,NCEP-AirTemp-Africa-2000,20,5,-7.5,10.0,25.377015113830566,27.406448364257812,25.94241714477539,29.446773529052734,27.857662200927734,26.547420501708984,23.736003875732422,22.64613151550293,22.994510650634766,23.304338455200195,24.034521102905273,25.19666290283203,25.411291122436523,2.9303041442554423,1.0,False,6.25,"POLYGON ((-8.75 8.75, -6.25 8.75, -6.25 11.25, -8.75 11.25, -8.75 8.75))"
NCEP2000_r020_c006,NCEP-AirTemp-Africa-2000,20,6,-5.0,10.0,26.704633235931396,28.673545837402344,27.009654998779297,30.304189682006836,31.03966522216797,28.92193603515625,25.361665725708008,23.680326461791992,23.8312931060791,24.238666534423828,24.928062438964844,26.264331817626953,26.202260971069336,2.914585081203364,1.0,False,6.25,"POLYGON ((-6.25 8.75, -3.75 8.75, -3.75 11.25, -6.25 11.25, -6.25 8.75))"
NCEP2000_r020_c007,NCEP-AirTemp-Africa-2000,20,7,-2.5,10.0,27.170677820841473,28.756772994995117,27.24930763244629,30.86354637145996,32.21432876586914,30.312576293945312,26.8366641998291,24.3267765045166,23.846778869628906,24.28366470336914,24.862577438354492,26.4493350982666,26.045804977416992,2.896389841813143,1.0,False,6.25,"POLYGON ((-3.75 8.75, -1.25 8.75, -1.25 11.25, -3.75 11.25, -3.75 8.75))"
NCEP2000_r020_c008,NCEP-AirTemp-Africa-2000,20,8,0.0,10.0,27.304622491200764,28.900962829589844,27.59276008605957,31.182573318481445,32.05332565307617,30.23902702331543,27.44333267211914,24.571931838989258,23.554197311401367,24.110002517700195,24.828712463378906,26.838001251220703,26.34064292907715,2.875098784928283,1.0,False,6.25,"POLYGON ((-1.25 8.75, 1.25 8.75, 1.25 11.25, -1.25 11.25, -1.25 8.75))"
NCEP2000_r020_c009,NCEP-AirTemp-Africa-2000,20,9,2.5,10.0,27.068387508392334,28.502580642700195,27.397584915161133,30.58193016052246,32.00566101074219,29.79644775390625,26.994667053222656,24.297739028930664,23.299999237060547,23.891000747680664,24.876131057739258,26.95433235168457,26.222576141357422,2.8498736728163685,0.9232867990256998,False,6.25,"POLYGON ((1.25 8.75, 3.75 8.75, 3.75 11.25, 1.25 11.25, 1.25 8.75))"
NCEP2000_r020_c010,NCEP-AirTemp-Africa-2000,20,10,5.0,10.0,26.120083808898926,27.26032066345215,26.45241355895996,29.815156936645508,30.75499725341797,28.68870735168457,25.77899932861328,23.476131439208984,22.65774154663086,23.140005111694336,24.29839324951172,26.152334213256836,24.965805053710938,2.8195563208776115,0.8389804600164203,False,6.25,"POLYGON ((3.75 8.75, 6.25 8.75, 6.25 11.25, 3.75 11.25, 3.75 8.75))"
NCEP2000_r020_c011,NCEP-AirTemp-Africa-2000,20,11,7.5,10.0,25.072415669759113,26.120967864990234,25.438276290893555,29.27999496459961,29.19599723815918,27.459999084472656,24.490665435791016,22.334518432617188,21.819355010986328,22.17900276184082,23.540325164794922,25.51666259765625,23.493223190307617,2.782508808552651,0.7556168939169059,False,6.25,"POLYGON ((6.25 8.75, 8.75 8.75, 8.75 11.25, 6.25 11.25, 6.25 8.75))"
NCEP2000_r020_c012,NCEP-AirTemp-Africa-2000,20,12,10.0,10.0,25.33188756306966,25.910001754760742,25.15862274169922,29.506450653076172,29.974998474121094,28.07419204711914,25.211336135864258,22.506128311157227,22.104516983032227,22.500001907348633,24.030000686645508,26.028331756591797,22.978069305419922,2.7363559805716027,0.6735462474878234,False,6.25,"POLYGON ((8.75 8.75, 11.25 8.75, 11.25 11.25, 8.75 11.25, 8.75 8.75))"
NCEP2000_r020_c013,NCEP-AirTemp-Africa-2000,20,13,12.5,10.0,26.405661741892498,26.19193458557129,25.68069076538086,30.267414093017578,31.512996673583984,29.185161590576172,27.47066879272461,23.93870735168457,23.308069229125977,23.667341232299805,25.32709503173828,26.713665008544922,23.604196548461914,2.6775640431369845,0.593305303942457,False,6.25,"POLYGON ((11.25 8.75, 13.75 8.75, 13.75 11.25, 11.25 11.25, 11.25 8.75))"
NCEP2000_r020_c014,NCEP-AirTemp-Africa-2000,20,14,15.0,10.0,27.656200249989826,26.831932067871094,26.76827621459961,30.924190521240234,33.283329010009766,31.008705139160156,29.3093318939209,25.236129760742188,24.633872985839844,24.659334182739258,26.5306453704834,27.718332290649414,24.97032356262207,2.600752957031685,0.5157487750025214,False,6.25,"POLYGON ((13.75 8.75, 16.25 8.75, 16.25 11.25, 13.75 11.25, 13.75 8.75))"
NCEP2000_r020_c015,NCEP-AirTemp-Africa-2000,20,15,17.5,10.0,27.957547505696613,26.92806053161621,27.952068328857422,30.456445693969727,33.84233093261719,32.23999786376953,29.421995162963867,25.235807418823242,24.811613082885742,24.805665969848633,26.30968475341797,28.133996963500977,25.352903366088867,2.4976344127310255,0.4422910729327225,False,6.25,"POLYGON ((16.25 8.75, 18.75 8.75, 18.75 11.25, 16.25 11.25, 16.25 8.75))"
NCEP2000_r020_c016,NCEP-AirTemp-Africa-2000,20,16,20.0,10.0,26.75375270843506,25.74064064025879,28.443443298339844,29.215808868408203,31.877662658691406,31.088706970214844,27.7919979095459,23.996129989624023,23.53419303894043,23.926000595092773,24.52419090270996,26.77400016784668,24.13225746154785,2.3557183744408845,0.3753464619846356,False,6.25,"POLYGON ((18.75 8.75, 21.25 8.75, 21.25 11.25, 18.75 11.25, 18.75 8.75))"
NCEP2000_r020_c017,NCEP-AirTemp-Africa-2000,20,17,22.5,10.0,25.581360975901287,24.315486907958984,28.024133682250977,28.530000686645508,30.8056640625,29.986448287963867,25.71333122253418,22.77387237548828,22.250001907348633,23.11300277709961,23.350971221923828,25.295997619628906,22.817420959472656,2.1583595193402374,0.31904156296917713,False,6.25,"POLYGON ((21.25 8.75, 23.75 8.75, 23.75 11.25, 21.25 11.25, 21.25 8.75))"
NCEP2000_r020_c018,NCEP-AirTemp-Africa-2000,20,18,25.0,10.0,25.31435203552246,23.34129524230957,27.243444442749023,28.098386764526367,31.387664794921875,29.761930465698242,25.751665115356445,22.83645248413086,22.25064468383789,22.97966766357422,23.084196090698242,24.743330001831055,22.293546676635742,1.8922613204948067,0.26086956521739135,False,6.25,"POLYGON ((23.75 8.75, 26.25 8.75, 26.25 11.25, 23.75 11.25, 23.75 8.75))"
NCEP2000_r020_c019,NCEP-AirTemp-Africa-2000,20,19,27.5,10.0,26.392683347066242,24.158063888549805,27.566545486450195,28.799030303955078,32.42499542236328,30.70354652404785,28.10666275024414,24.572900772094727,23.53548240661621,23.60099983215332,23.912904739379883,25.86300277709961,23.46806526184082,1.5707963267948966,0.2608695652173913,False,6.25,"POLYGON ((26.25 8.75, 28.75 8.75, 28.75 11.25, 26.25 11.25, 26.25 8.75))"
NCEP2000_r020_c020,NCEP-AirTemp-Africa-2000,20,20,30.0,10.0,27.35444211959839,25.85419273376465,28.619657516479492,30.01612663269043,32.0396614074707,31.346126556396484,28.84132957458496,25.570322036743164,24.138710021972656,24.207000732421875,25.033544540405273,27.275667190551758,25.31096649169922,1.2493313330949867,0.35294117647058826,False,6.25,"POLYGON ((28.75 8.75, 31.25 8.75, 31.25 11.25, 28.75 11.25, 28.75 8.75))"
NCEP2000_r020_c021,NCEP-AirTemp-Africa-2000,20,21,32.5,10.0,27.891353448232014,27.685800552368164,29.727245330810547,31.44676971435547,31.143329620361328,30.903547286987305,28.214998245239258,25.731609344482422,24.77806854248047,25.183996200561523,25.31903076171875,27.457332611083984,27.10451316833496,0.9832331342495556,0.4615384615384616,False,6.25,"POLYGON ((31.25 8.75, 33.75 8.75, 33.75 11.25, 31.25 11.25, 31.25 8.75))"
NCEP2000_r020_c022,NCEP-AirTemp-Africa-2000,20,22,35.0,10.0,23.404160022735596,24.87160873413086,25.11034393310547,27.268062591552734,26.317665100097656,25.179027557373047,22.215999603271484,20.936777114868164,20.911617279052734,21.309667587280273,21.082256317138672,22.373666763305664,23.27322769165039,0.7858742791489086,0.5454545454545454,False,6.25,"POLYGON ((33.75 8.75, 36.25 8.75, 36.25 11.25, 33.75 11.25, 33.75 8.75))"
NCEP2000_r020_c023,NCEP-AirTemp-Africa-2000,20,23,37.5,10.0,15.798965692520142,17.105812072753906,17.070005416870117,18.318073272705078,18.40900421142578,17.37839126586914,14.810004234313965,13.663874626159668,13.880977630615234,14.51167106628418,14.721943855285645,14.722338676452637,14.995491981506348,0.6439582408587676,0.6666666666666665,False,6.25,"POLYGON ((36.25 8.75, 38.75 8.75, 38.75 11.25, 36.25 11.25, 36.25 8.75))"
NCEP2000_r020_c024,NCEP-AirTemp-Africa-2000,20,24,40.0,10.0,19.422892888387043,17.904842376708984,19.536903381347656,20.245162963867188,21.98000144958496,22.031936645507812,21.030668258666992,18.625486373901367,17.883230209350586,19.066001892089844,19.248714447021484,17.994340896606445,17.52742576599121,0.5408396965581085,0.7692307692307692,False,6.25,"POLYGON ((38.75 8.75, 41.25 8.75, 41.25 11.25, 38.75 11.25, 38.75 8.75))"
NCEP2000_r020_c025,NCEP-AirTemp-Africa-2000,20,25,42.5,10.0,26.27553876241048,22.89290428161621,24.571720123291016,26.12064552307129,29.222332000732422,29.106130599975586,28.62799835205078,26.65935516357422,25.254520416259766,26.87766456604004,27.22934913635254,24.8093318939209,23.934513092041016,0.4640286104528088,0.8571428571428571,False,6.25,"POLYGON ((41.25 8.75, 43.75 8.75, 43.75 11.25, 41.25 11.25, 41.25 8.75))"
NCEP2000_r020_c026,NCEP-AirTemp-Africa-2000,20,26,45.0,10.0,26.037825107574463,22.06032371520996,23.014829635620117,24.93451690673828,28.231664657592773,28.377418518066406,28.309001922607422,27.650964736938477,26.907737731933594,28.340333938598633,27.322580337524414,24.48033332824707,22.824195861816406,0.4052366730181907,0.8571428571428572,True,6.25,"POLYGON ((43.75 8.75, 46.25 8.75, 46.25 11.25, 43.75 11.25, 43.75 8.75))"
NCEP2000_r020_c027,NCEP-AirTemp-Africa-2000,20,27,47.5,10.0,26.29581117630005,21.558393478393555,22.384483337402344,24.344192504882812,27.021333694458008,28.6525821685791,30.068330764770508,29.587736129760742,29.34902572631836,29.75632667541504,26.70354652404785,23.987333297729492,22.136449813842773,0.359083845037142,0.8571428571428571,True,6.25,"POLYGON ((46.25 8.75, 48.75 8.75, 48.75 11.25, 46.25 11.25, 46.25 8.75))"
NCEP2000_r020_c028,NCEP-AirTemp-Africa-2000,20,28,50.0,10.0,26.383572578430176,22.446453094482422,22.731040954589844,24.598388671875,26.73566246032715,28.81806182861328,29.59166717529297,29.441932678222656,29.332901000976562,28.90765953063965,26.555482864379883,24.37200355529785,23.071617126464844,0.3220363327121815,0.9473684210526317,True,6.25,"POLYGON ((48.75 8.75, 51.25 8.75, 51.25 11.25, 48.75 11.25, 48.75 8.75))"
NCEP2000_r021_c002,NCEP-AirTemp-Africa-2000,21,2,-15.0,12.5,27.12934684753418,27.17032241821289,27.365169525146484,28.99903106689453,29.357999801635742,28.809995651245117,27.716999053955078,25.650964736938477,25.288387298583984,25.475669860839844,26.251609802246094,27.586336135864258,25.879676818847656,2.9102895950737038,1.0,True,6.25,"POLYGON ((-16.25 11.25, -13.75 11.25, -13.75 13.75, -16.25 13.75, -16.25 11.25))"
NCEP2000_r021_c003,NCEP-AirTemp-Africa-2000,21,3,-12.5,12.5,27.187261899312336,27.679676055908203,27.53034782409668,31.790637969970703,32.892333984375,32.4222526550293,28.07399559020996,24.162254333496094,23.699031829833984,23.803001403808594,24.818706512451172,25.52199935913086,23.8529052734375,2.896389841813143,1.0,False,6.25,"POLYGON ((-13.75 11.25, -11.25 11.25, -11.25 13.75, -13.75 13.75, -13.75 11.25))"
NCEP2000_r021_c004,NCEP-AirTemp-Africa-2000,21,4,-10.0,12.5,26.302165667215984,26.2580623626709,25.22034454345703,30.426448822021484,32.266658782958984,31.58418846130371,27.062328338623047,23.64742088317871,23.393869400024414,23.464998245239258,24.56580352783203,24.801666259765625,22.9341983795166,2.8807530938192816,1.0,False,6.25,"POLYGON ((-11.25 11.25, -8.75 11.25, -8.75 13.75, -11.25 13.75, -11.25 11.25))"
NCEP2000_r021_c005,NCEP-AirTemp-Africa-2000,21,5,-7.5,12.5,26.741330941518147,26.534517288208008,24.791385650634766,29.645156860351562,32.903663635253906,31.29774284362793,27.758996963500977,24.55838394165039,24.27548599243164,24.25066375732422,25.38903045654297,25.919330596923828,23.571613311767578,2.863041359998063,1.0,False,6.25,"POLYGON ((-8.75 11.25, -6.25 11.25, -6.25 13.75, -8.75 13.75, -8.75 11.25))"
NCEP2000_r021_c006,NCEP-AirTemp-Africa-2000,21,6,-5.0,12.5,27.115065415700276,26.78354835510254,24.55103874206543,29.080320358276367,33.696998596191406,31.713869094848633,28.676660537719727,25.318710327148438,24.603548049926758,24.80733299255371,25.85193634033203,26.75133514404297,23.545486450195312,2.842825962296276,1.0,False,6.25,"POLYGON ((-6.25 11.25, -3.75 11.25, -3.75 13.75, -6.25 13.75, -6.25 11.25))"
NCEP2000_r021_c007,NCEP-AirTemp-Africa-2000,21,7,-2.5,12.5,27.55592393875122,27.05322265625,24.335172653198242,29.241933822631836,33.89133071899414,32.84934997558594,29.986995697021484,26.221933364868164,24.62613296508789,25.1323299407959,26.165807723999023,27.523326873779297,23.643550872802734,2.8195563208776115,1.0,False,6.25,"POLYGON ((-3.75 11.25, -1.25 11.25, -1.25 13.75, -3.75 13.75, -3.75 11.25))"
NCEP2000_r021_c008,NCEP-AirTemp-Africa-2000,21,8,0.0,12.5,28.021178404490154,27.43870735168457,24.800003051757812,29.637739181518555,34.291324615478516,33.44225311279297,30.547330856323242,26.848705291748047,24.941936492919922,25.358335494995117,26.632259368896484,28.211997985839844,24.103548049926758,2.7925157121775697,1.0,False,6.25,"POLYGON ((-1.25 11.25, 1.25 11.25, 1.25 13.75, -1.25 13.75, -1.25 11.25))"
NCEP2000_r021_c009,NCEP-AirTemp-Africa-2000,21,9,2.5,12.5,28.17018922170003,26.975481033325195,24.928625106811523,29.454187393188477,34.67699432373047,33.555484771728516,30.562000274658203,27.06032371520996,25.672578811645508,25.892669677734375,27.006772994995117,28.24166488647461,24.015487670898438,2.7607578075263737,0.9525225891122789,False,6.25,"POLYGON ((1.25 11.25, 3.75 11.25, 3.75 13.75, 1.25 13.75, 1.25 11.25))"
NCEP2000_r021_c010,NCEP-AirTemp-Africa-2000,21,10,5.0,12.5,27.62209669748942,26.203231811523438,24.502063751220703,29.19451332092285,33.80099105834961,33.1632194519043,30.257991790771484,26.41773796081543,25.491289138793945,25.63933753967285,26.65548324584961,26.9083309173584,23.23097038269043,2.723014805703508,0.8710505047374696,False,6.25,"POLYGON ((3.75 11.25, 6.25 11.25, 6.25 13.75, 3.75 13.75, 3.75 11.25))"
NCEP2000_r021_c011,NCEP-AirTemp-Africa-2000,21,11,7.5,12.5,26.263914267222088,24.705806732177734,22.992412567138672,27.987741470336914,32.098995208740234,31.85063934326172,29.079994201660156,25.105480194091797,24.426774978637695,24.335336685180664,25.834516525268555,24.90733528137207,21.841938018798828,2.6775640431369845,0.7910737385899425,False,6.25,"POLYGON ((6.25 11.25, 8.75 11.25, 8.75 13.75, 6.25 13.75, 6.25 11.25))"
NCEP2000_r021_c012,NCEP-AirTemp-Africa-2000,21,12,10.0,12.5,26.573378721872967,24.2725772857666,22.558622360229492,27.9151611328125,32.663330078125,32.44644546508789,29.890993118286133,25.91193389892578,25.063222885131836,25.15966796875,26.602256774902344,24.846006393432617,21.55032730102539,2.62203624812754,0.7130955875750212,False,6.25,"POLYGON ((8.75 11.25, 11.25 11.25, 11.25 13.75, 8.75 13.75, 8.75 11.25))"
NCEP2000_r021_c013,NCEP-AirTemp-Africa-2000,21,13,12.5,12.5,27.834601879119873,25.148061752319336,23.973796844482422,28.906766891479492,33.628990173339844,33.466773986816406,31.906665802001953,27.644832611083984,26.45806121826172,27.043001174926758,28.026771545410156,25.52633285522461,22.285167694091797,2.553150478079379,0.6378494753468781,False,6.25,"POLYGON ((11.25 11.25, 13.75 11.25, 13.75 13.75, 11.25 13.75, 11.25 11.25))"
NCEP2000_r021_c014,NCEP-AirTemp-Africa-2000,21,14,15.0,12.5,28.271560351053875,25.169357299804688,24.865863800048828,29.14741325378418,33.762657165527344,33.76063919067383,32.838993072509766,28.352252960205078,26.904508590698242,27.364999771118164,28.403867721557617,25.87333106994629,22.81484031677246,2.4663871596406026,0.5664252540544408,False,6.25,"POLYGON ((13.75 11.25, 16.25 11.25, 16.25 13.75, 13.75 13.75, 13.75 11.25))"
NCEP2000_r021_c015,NCEP-AirTemp-Africa-2000,21,15,17.5,12.5,28.212179978688557,24.908063888549805,25.563800811767578,29.243864059448242,33.65133285522461,33.609031677246094,32.7253303527832,27.976770401000977,26.481613159179688,26.85099983215332,27.91225242614746,26.286001205444336,23.337099075317383,2.3557183744408845,0.5004619493128475,False,6.25,"POLYGON ((16.25 11.25, 18.75 11.25, 18.75 13.75, 16.25 13.75, 16.25 11.25))"
NCEP2000_r021_c016,NCEP-AirTemp-Africa-2000,21,16,20.0,12.5,27.147156238555908,24.248064041137695,26.18172264099121,28.776777267456055,32.45866394042969,32.202579498291016,31.24066925048828,25.90709686279297,24.832904815673828,25.64832878112793,26.342899322509766,25.111331939697266,22.814836502075195,2.213840425389199,0.4424090144181285,False,6.25,"POLYGON ((18.75 11.25, 21.25 11.25, 21.25 13.75, 18.75 13.75, 18.75 11.25))"
NCEP2000_r021_c017,NCEP-AirTemp-Africa-2000,21,17,22.5,12.5,24.750662326812744,21.441286087036133,24.31241226196289,26.25128746032715,30.16065788269043,30.03612518310547,28.748998641967773,23.560649871826172,22.5677433013916,23.738994598388672,24.085485458374023,22.243335723876953,19.860971450805664,2.0340631519624797,0.2962962962962962,False,6.25,"POLYGON ((21.25 11.25, 23.75 11.25, 23.75 13.75, 21.25 13.75, 21.25 11.25))"
NCEP2000_r021_c018,NCEP-AirTemp-Africa-2000,21,18,25.0,12.5,23.988691488901775,19.680002212524414,22.81448745727539,24.439353942871094,29.131994247436523,29.38192367553711,28.592329025268555,24.117740631103516,22.59258270263672,23.653331756591797,23.679033279418945,21.527002334594727,18.2545166015625,1.8155510295235495,0.34782608695652173,False,6.25,"POLYGON ((23.75 11.25, 26.25 11.25, 26.25 13.75, 23.75 13.75, 23.75 11.25))"
NCEP2000_r021_c019,NCEP-AirTemp-Africa-2000,21,19,27.5,12.5,25.53269100189209,21.027099609375,23.97517204284668,25.35516357421875,30.549001693725586,30.963220596313477,30.29899787902832,26.129995346069336,24.1561279296875,25.162328720092773,25.162250518798828,23.661001205444336,19.951932907104492,1.5707963267948966,0.34782608695652173,False,6.25,"POLYGON ((26.25 11.25, 28.75 11.25, 28.75 13.75, 26.25 13.75, 26.25 11.25))"
NCEP2000_r021_c020,NCEP-AirTemp-Africa-2000,21,20,30.0,12.5,26.622459888458252,22.67258071899414,25.74138069152832,26.795164108276367,30.95066261291504,31.576454162597656,29.784332275390625,26.749027252197266,25.047100067138672,26.090335845947266,26.207744598388672,25.876667022705078,21.978069305419922,1.3260416240662436,0.3999999999999999,False,6.25,"POLYGON ((28.75 11.25, 31.25 11.25, 31.25 13.75, 28.75 13.75, 28.75 11.25))"
NCEP2000_r021_c021,NCEP-AirTemp-Africa-2000,21,21,32.5,12.5,29.64805539449056,27.112255096435547,30.547582626342773,31.513219833374023,33.44532775878906,33.74515151977539,30.66299819946289,28.484838485717773,27.653549194335938,28.302669525146484,28.35806655883789,29.29132843017578,26.659677505493164,1.1075295016273137,0.5714285714285715,False,6.25,"POLYGON ((31.25 11.25, 33.75 11.25, 33.75 13.75, 31.25 13.75, 31.25 11.25))"
NCEP2000_r021_c022,NCEP-AirTemp-Africa-2000,21,22,35.0,12.5,27.291637579600017,27.05097007751465,29.473791122436523,30.812253952026367,32.023990631103516,31.25773811340332,27.41933250427246,24.12354850769043,23.62225914001465,24.71466827392578,25.020000457763672,26.193998336791992,25.787099838256836,0.9277522282005946,0.6666666666666666,False,6.25,"POLYGON ((33.75 11.25, 36.25 11.25, 36.25 13.75, 33.75 13.75, 33.75 11.25))"
NCEP2000_r021_c023,NCEP-AirTemp-Africa-2000,21,23,37.5,12.5,19.6310977935791,19.317096710205078,20.92034912109375,22.12064552307129,23.645998001098633,23.452259063720703,21.229339599609375,17.250003814697266,16.433229446411133,18.086008071899414,17.86355209350586,17.82500648498535,17.429685592651367,0.7858742791489086,0.7272727272727273,False,6.25,"POLYGON ((36.25 11.25, 38.75 11.25, 38.75 13.75, 36.25 13.75, 36.25 11.25))"
NCEP2000_r021_c024,NCEP-AirTemp-Africa-2000,21,24,40.0,12.5,23.84377431869507,20.149356842041016,22.32103729248047,23.71677589416504,26.46866798400879,27.874834060668945,28.04633331298828,25.053871154785156,23.703227996826172,24.39900016784668,23.34064483642578,21.28766632080078,19.76387596130371,0.6752054939491908,0.888888888888889,False,6.25,"POLYGON ((38.75 11.25, 41.25 11.25, 41.25 13.75, 38.75 13.75, 38.75 11.25))"
NCEP2000_r021_c025,NCEP-AirTemp-Africa-2000,21,25,42.5,12.5,29.617714087168377,23.983869552612305,25.80034828186035,27.646774291992188,32.27499771118164,34.0306396484375,34.47132873535156,32.69322204589844,31.039670944213867,31.373329162597656,30.44870948791504,26.76000213623047,24.889677047729492,0.5884421755104143,0.9230769230769232,True,6.25,"POLYGON ((41.25 11.25, 43.75 11.25, 43.75 13.75, 41.25 13.75, 41.25 11.25))"
NCEP2000_r022_c002,NCEP-AirTemp-Africa-2000,22,2,-15.0,15.0,27.767971833546955,25.4964542388916,26.398279190063477,29.17515754699707,31.196325302124023,29.927091598510742,28.797334671020508,27.56548500061035,27.2806396484375,27.597002029418945,28.01483726501465,27.698993682861328,24.06806182861328,2.855283338957524,1.0,True,6.25,"POLYGON ((-16.25 13.75, -13.75 13.75, -13.75 16.25, -16.25 16.25, -16.25 13.75))"
NCEP2000_r022_c003,NCEP-AirTemp-Africa-2000,22,3,-12.5,15.0,28.539812246958416,25.926767349243164,26.534133911132812,30.884510040283203,34.6546630859375,34.939674377441406,32.03799819946289,28.01805877685547,26.445161819458008,26.644330978393555,27.322898864746094,26.466001510620117,22.603548049926758,2.838436581115555,1.0,False,6.25,"POLYGON ((-13.75 13.75, -11.25 13.75, -11.25 16.25, -13.75 16.25, -13.75 13.75))"
NCEP2000_r022_c004,NCEP-AirTemp-Africa-2000,22,4,-10.0,15.0,27.473319053649902,24.28935432434082,24.115175247192383,28.832256317138672,33.14999771118164,34.502899169921875,31.533327102661133,27.415157318115234,25.73483657836914,25.853336334228516,26.68193817138672,25.347999572753906,22.22355079650879,2.8195563208776115,1.0,False,6.25,"POLYGON ((-11.25 13.75, -8.75 13.75, -8.75 16.25, -11.25 16.25, -11.25 13.75))"
NCEP2000_r022_c005,NCEP-AirTemp-Africa-2000,22,5,-7.5,15.0,27.816885471343994,24.46483612060547,23.572757720947266,28.718706130981445,33.88932800292969,34.589351654052734,31.794666290283203,28.026769638061523,26.656774520874023,26.562002182006836,27.22516441345215,25.520334243774414,22.78193473815918,2.7982669902132793,1.0,False,6.25,"POLYGON ((-8.75 13.75, -6.25 13.75, -6.25 16.25, -8.75 16.25, -8.75 13.75))"
NCEP2000_r022_c006,NCEP-AirTemp-Africa-2000,22,6,-5.0,15.0,28.22260268529256,24.773876190185547,23.353105545043945,28.569679260253906,34.27499008178711,34.519996643066406,32.278995513916016,28.682254791259766,27.490646362304688,27.670331954956055,28.030641555786133,26.068326950073242,22.95838737487793,2.7740996603280093,1.0,False,6.25,"POLYGON ((-6.25 13.75, -3.75 13.75, -3.75 16.25, -6.25 16.25, -6.25 13.75))"
NCEP2000_r022_c007,NCEP-AirTemp-Africa-2000,22,7,-2.5,15.0,28.972242673238117,25.442899703979492,23.366554260253906,28.501609802246094,34.55665969848633,35.47419357299805,33.400997161865234,29.993867874145508,28.414833068847656,29.0506649017334,29.304513931274414,26.843664169311523,23.31645393371582,2.746463350144149,1.0,False,6.25,"POLYGON ((-3.75 13.75, -1.25 13.75, -1.25 16.25, -3.75 16.25, -3.75 13.75))"
NCEP2000_r022_c008,NCEP-AirTemp-Africa-2000,22,8,0.0,15.0,28.90868918100993,25.431615829467773,22.788623809814453,27.767091751098633,34.56832504272461,35.6841926574707,33.198997497558594,30.45516014099121,28.884838104248047,29.503328323364258,29.65870475769043,26.26532554626465,22.69806671142578,2.714606330768119,1.0,False,6.25,"POLYGON ((-1.25 13.75, 1.25 13.75, 1.25 16.25, -1.25 16.25, -1.25 13.75))"
NCEP2000_r022_c009,NCEP-AirTemp-Africa-2000,22,9,2.5,15.0,28.422582149505615,24.63419532775879,21.8641414642334,26.87322235107422,33.892330169677734,34.93257522583008,32.779666900634766,30.18773651123047,29.2896728515625,29.817663192749023,29.290321350097656,25.72333335876465,21.7861270904541,2.6775640431369845,0.9888421732374283,False,6.25,"POLYGON ((1.25 13.75, 3.75 13.75, 3.75 16.25, 1.25 16.25, 1.25 13.75))"
NCEP2000_r022_c010,NCEP-AirTemp-Africa-2000,22,10,5.0,15.0,28.28724416097005,24.440322875976562,21.684831619262695,26.840967178344727,33.097660064697266,34.61677551269531,33.37566375732422,30.179670333862305,29.73870849609375,30.09733009338379,28.773221969604492,25.375329971313477,21.22644805908203,2.634089798258452,0.910625357986017,False,6.25,"POLYGON ((3.75 13.75, 6.25 13.75, 6.25 16.25, 3.75 16.25, 3.75 13.75))"
NCEP2000_r022_c011,NCEP-AirTemp-Africa-2000,22,11,7.5,15.0,27.27585808436076,23.4341983795166,20.510005950927734,25.86354637145996,31.573001861572266,33.380001068115234,32.74467086791992,29.61612319946289,29.251609802246094,29.32799530029297,27.68935203552246,23.893335342407227,20.026456832885742,2.5825652797172416,0.8344502505784451,False,6.25,"POLYGON ((6.25 13.75, 8.75 13.75, 8.75 16.25, 6.25 16.25, 6.25 13.75))"
NCEP2000_r022_c012,NCEP-AirTemp-Africa-2000,22,12,10.0,15.0,27.49864912033081,23.043874740600586,19.945859909057617,25.947744369506836,31.74832534790039,33.55934524536133,33.224327087402344,30.437416076660156,29.854839324951172,30.25933265686035,28.208059310913086,24.01433753967285,19.740327835083008,2.5208927182819547,0.7609302713276201,False,6.25,"POLYGON ((8.75 13.75, 11.25 13.75, 11.25 16.25, 8.75 16.25, 8.75 13.75))"
NCEP2000_r022_c013,NCEP-AirTemp-Africa-2000,22,13,12.5,15.0,28.2965186436971,23.13225746154785,20.675519943237305,26.412580490112305,32.318992614746094,34.2464485168457,34.49999237060547,31.746131896972656,31.184194564819336,31.94232749938965,29.052576065063477,24.443004608154297,19.904197692871094,2.4463860266055706,0.690913535837914,False,6.25,"POLYGON ((11.25 13.75, 13.75 13.75, 13.75 16.25, 11.25 16.25, 11.25 13.75))"
NCEP2000_r022_c014,NCEP-AirTemp-Africa-2000,22,14,15.0,15.0,28.48792266845703,22.70322608947754,21.39793586730957,26.3609676361084,32.26700210571289,34.191612243652344,34.96566390991211,32.36419677734375,31.920316696166992,32.43733215332031,28.839998245239258,24.201332092285156,20.205488204956055,2.3557183744408845,0.6255774366410594,False,6.25,"POLYGON ((13.75 13.75, 16.25 13.75, 16.25 16.25, 13.75 16.25, 13.75 13.75))"
NCEP2000_r022_c015,NCEP-AirTemp-Africa-2000,22,15,17.5,15.0,29.23093843460083,23.349674224853516,22.94413948059082,27.569355010986328,32.76300048828125,34.415157318115234,35.19166564941406,32.96806335449219,32.541282653808594,32.952335357666016,29.267738342285156,25.07433319091797,21.734516143798828,2.2450728143862446,0.5665436642605547,False,6.25,"POLYGON ((16.25 13.75, 18.75 13.75, 18.75 16.25, 16.25 16.25, 16.25 13.75))"
NCEP2000_r022_c016,NCEP-AirTemp-Africa-2000,22,16,20.0,15.0,28.053321202596027,22.263870239257812,23.17620849609375,26.811616897583008,31.452329635620117,32.97483444213867,33.51633071899414,31.204837799072266,31.20096206665039,31.499326705932617,27.80870819091797,23.625667572021484,21.105161666870117,2.110795819029484,0.3703703703703703,False,6.25,"POLYGON ((18.75 13.75, 21.25 13.75, 21.25 16.25, 18.75 16.25, 18.75 13.75))"
NCEP2000_r022_c017,NCEP-AirTemp-Africa-2000,22,17,22.5,15.0,24.3780099550883,18.16032600402832,20.167587280273438,22.423870086669922,27.84267234802246,29.470321655273438,30.100666046142578,27.773221969604492,27.81419563293457,27.8973331451416,24.067096710205078,19.68333625793457,17.1354923248291,1.9509744613729085,0.4347826086956522,False,6.25,"POLYGON ((21.25 13.75, 23.75 13.75, 23.75 16.25, 21.25 16.25, 21.25 13.75))"
NCEP2000_r022_c018,NCEP-AirTemp-Africa-2000,22,18,25.0,15.0,23.974037488301594,17.037425994873047,19.24483299255371,20.861291885375977,27.13966178894043,29.04128646850586,30.16499137878418,28.368061065673828,27.77451515197754,28.007659912109375,24.171607971191406,19.800334930419922,16.076780319213867,1.7680088456350833,0.4,False,6.25,"POLYGON ((23.75 13.75, 26.25 13.75, 26.25 16.25, 23.75 16.25, 23.75 13.75))"
NCEP2000_r022_c019,NCEP-AirTemp-Africa-2000,22,19,27.5,15.0,26.27865997950236,18.5587158203125,20.85379409790039,22.708711624145508,29.63266372680664,31.90547752380371,32.85032653808594,30.925153732299805,29.908382415771484,30.718996047973633,26.88515281677246,22.522666931152344,17.873878479003906,1.5707963267948966,0.43478260869565216,False,6.25,"POLYGON ((26.25 13.75, 28.75 13.75, 28.75 16.25, 26.25 16.25, 26.25 13.75))"
NCEP2000_r022_c020,NCEP-AirTemp-Africa-2000,22,20,30.0,15.0,27.05826711654663,19.47549057006836,22.232070922851562,24.017419815063477,30.076332092285156,32.58354187011719,32.61299133300781,30.791933059692383,29.887094497680664,31.244998931884766,28.058061599731445,24.47732925415039,19.241941452026367,1.37358380795471,0.4347826086956522,False,6.25,"POLYGON ((28.75 13.75, 31.25 13.75, 31.25 16.25, 28.75 16.25, 28.75 13.75))"
NCEP2000_r022_c021,NCEP-AirTemp-Africa-2000,22,21,32.5,15.0,30.197315057118733,24.344514846801758,27.852758407592773,29.12451171875,32.91632843017578,35.2525749206543,33.91499710083008,31.62709617614746,30.689027786254883,32.314327239990234,30.881284713745117,28.950998306274414,24.499361038208008,1.1906181922168848,0.5882352941176472,False,6.25,"POLYGON ((31.25 13.75, 33.75 13.75, 33.75 16.25, 31.25 16.25, 31.25 13.75))"
NCEP2000_r022_c022,NCEP-AirTemp-Africa-2000,22,22,35.0,15.0,29.712112585703533,25.79354476928711,29.328968048095703,30.43031883239746,33.44532775878906,35.161285400390625,33.443660736083984,29.006126403808594,27.520002365112305,29.460330963134766,28.987741470336914,28.109333038330078,25.85871124267578,1.0307968345603091,0.769230769230769,False,6.25,"POLYGON ((33.75 13.75, 36.25 13.75, 36.25 16.25, 33.75 16.25, 33.75 13.75))"
NCEP2000_r022_c023,NCEP-AirTemp-Africa-2000,22,23,37.5,15.0,25.046517213185627,21.484514236450195,23.943449020385742,25.071935653686523,27.62399673461914,28.99838638305664,29.251333236694336,25.76386833190918,24.411611557006836,25.3143310546875,23.968059539794922,23.128332138061523,21.598388671875,0.8965198392035487,0.8888888888888888,False,6.25,"POLYGON ((36.25 13.75, 38.75 13.75, 38.75 16.25, 36.25 16.25, 36.25 13.75))"
NCEP2000_r022_c024,NCEP-AirTemp-Africa-2000,22,24,40.0,15.0,27.889320214589436,23.414838790893555,24.875869750976562,26.309995651245117,28.87133026123047,30.09096336364746,31.343658447265625,31.12289810180664,30.245153427124023,29.706329345703125,28.031604766845703,26.47533416748047,24.183866500854492,0.7858742791489086,0.9090909090909091,True,6.25,"POLYGON ((38.75 13.75, 41.25 13.75, 41.25 16.25, 38.75 16.25, 38.75 13.75))"
NCEP2000_r023_c002,NCEP-AirTemp-Africa-2000,23,2,-15.0,17.5,27.827295621236164,23.161617279052734,24.363794326782227,27.368064880371094,29.862995147705078,29.21516227722168,30.202661514282227,29.95773696899414,30.22354507446289,30.716333389282227,28.9774169921875,26.834665298461914,23.043554306030273,2.802001074119563,1.0,True,6.25,"POLYGON ((-16.25 16.25, -13.75 16.25, -13.75 18.75, -16.25 18.75, -16.25 16.25))"
NCEP2000_r023_c003,NCEP-AirTemp-Africa-2000,23,3,-12.5,17.5,28.767884890238445,22.89548683166504,24.181377410888672,28.339033126831055,32.145992279052734,33.508705139160156,34.19565963745117,31.930639266967773,30.808704376220703,31.0483341217041,28.6867733001709,25.891328811645508,21.582584381103516,2.782508808552651,1.0,False,6.25,"POLYGON ((-13.75 16.25, -11.25 16.25, -11.25 18.75, -13.75 18.75, -13.75 16.25))"
NCEP2000_r023_c004,NCEP-AirTemp-Africa-2000,23,4,-10.0,17.5,28.13850673039754,21.91451644897461,22.694486618041992,27.235485076904297,30.73933219909668,33.61612319946289,34.305335998535156,31.657413482666016,30.568708419799805,30.55699348449707,28.10386848449707,24.794330596923828,21.475486755371094,2.7607578075263737,1.0,False,6.25,"POLYGON ((-11.25 16.25, -8.75 16.25, -8.75 18.75, -11.25 18.75, -11.25 16.25))"
NCEP2000_r023_c005,NCEP-AirTemp-Africa-2000,23,5,-7.5,17.5,28.68012046813965,22.197742462158203,22.37862205505371,27.640642166137695,31.926334381103516,34.72257614135742,35.050331115722656,32.441612243652344,31.684831619262695,31.40532875061035,28.41773796081543,24.466331481933594,21.829355239868164,2.7363559805716027,1.0,False,6.25,"POLYGON ((-8.75 16.25, -6.25 16.25, -6.25 18.75, -8.75 18.75, -8.75 16.25))"
NCEP2000_r023_c006,NCEP-AirTemp-Africa-2000,23,6,-5.0,17.5,28.637641429901123,22.13838768005371,21.75413703918457,27.15483856201172,32.22032928466797,34.704837799072266,35.074668884277344,32.55516052246094,31.936132431030273,31.895666122436523,28.461936950683594,24.22366714477539,21.53193473815918,2.7088224535824965,1.0,False,6.25,"POLYGON ((-6.25 16.25, -3.75 16.25, -3.75 18.75, -6.25 18.75, -6.25 16.25))"
NCEP2000_r023_c007,NCEP-AirTemp-Africa-2000,23,7,-2.5,17.5,29.123740355173748,22.903873443603516,21.474483489990234,26.796775817871094,32.744327545166016,35.39934158325195,35.62899398803711,33.41999816894531,32.611602783203125,32.836002349853516,29.45580291748047,24.5939998626709,21.61968231201172,2.6775640431369845,1.0,False,6.25,"POLYGON ((-3.75 16.25, -1.25 16.25, -1.25 18.75, -3.75 18.75, -3.75 16.25))"
NCEP2000_r023_c008,NCEP-AirTemp-Africa-2000,23,8,0.0,17.5,28.76245991388957,22.947416305541992,20.144142150878906,25.694194793701172,32.809993743896484,35.07289505004883,34.98066329956055,33.3283805847168,32.70289611816406,32.81700134277344,29.827743530273438,23.850000381469727,20.974191665649414,2.641845527547343,1.0,False,6.25,"POLYGON ((-1.25 16.25, 1.25 16.25, 1.25 18.75, -1.25 18.75, -1.25 16.25))"
NCEP2000_r023_c009,NCEP-AirTemp-Africa-2000,23,9,2.5,17.5,28.276960531870525,22.663227081298828,18.931385040283203,25.01645278930664,32.43299865722656,34.03031921386719,34.09599304199219,32.67644500732422,32.43063735961914,32.45632553100586,29.94967269897461,24.022001266479492,20.61806869506836,2.600752957031685,1.0,False,6.25,"POLYGON ((1.25 16.25, 3.75 16.25, 3.75 18.75, 1.25 18.75, 1.25 16.25))"
NCEP2000_r023_c010,NCEP-AirTemp-Africa-2000,23,10,5.0,17.5,28.373029867808025,22.559354782104492,18.677934646606445,25.17838478088379,32.335323333740234,34.19419479370117,34.30299758911133,33.38031768798828,32.95096206665039,32.64232635498047,29.760643005371094,24.461332321166992,20.0325870513916,2.553150478079379,0.9567742130203171,False,6.25,"POLYGON ((3.75 16.25, 6.25 16.25, 6.25 18.75, 3.75 18.75, 3.75 16.25))"
NCEP2000_r023_c011,NCEP-AirTemp-Africa-2000,23,11,7.5,17.5,26.663740158081055,20.626136779785156,16.91069793701172,23.401290893554688,30.35166358947754,32.67161178588867,32.46799850463867,32.62934875488281,32.01032257080078,31.296998977661133,27.395156860351562,22.3230037689209,17.880651473999023,2.4976344127310255,0.884582145865445,False,6.25,"POLYGON ((6.25 16.25, 8.75 16.25, 8.75 18.75, 6.25 18.75, 6.25 16.25))"
NCEP2000_r023_c012,NCEP-AirTemp-Africa-2000,23,12,10.0,17.5,26.197906494140625,19.905488967895508,16.202762603759766,22.98032569885254,30.01732635498047,32.218379974365234,31.84999656677246,32.30644607543945,31.719680786132812,31.06032943725586,26.84515953063965,21.90800666809082,17.36097526550293,2.432495832807343,0.815593789772955,False,6.25,"POLYGON ((8.75 16.25, 11.25 16.25, 11.25 18.75, 8.75 18.75, 8.75 16.25))"
NCEP2000_r023_c013,NCEP-AirTemp-Africa-2000,23,13,12.5,17.5,27.451934655507404,20.684192657470703,17.50345802307129,24.178712844848633,31.214658737182617,33.58354568481445,33.552330017089844,33.8041877746582,33.38774108886719,32.50166320800781,28.04096031188965,22.974666595458984,17.997098922729492,2.3557183744408845,0.7506929239692712,False,6.25,"POLYGON ((11.25 16.25, 13.75 16.25, 13.75 18.75, 11.25 18.75, 11.25 16.25))"
NCEP2000_r023_c014,NCEP-AirTemp-Africa-2000,23,14,15.0,17.5,27.744114716847736,20.77613067626953,18.62655258178711,24.46806526184082,31.03333282470703,33.7148323059082,34.127994537353516,34.49225997924805,34.191287994384766,32.99966049194336,27.440000534057617,22.81667137145996,18.24258804321289,2.2650663326195,0.6910321854500587,False,6.25,"POLYGON ((13.75 16.25, 16.25 16.25, 16.25 18.75, 13.75 18.75, 13.75 16.25))"
NCEP2000_r023_c015,NCEP-AirTemp-Africa-2000,23,15,17.5,17.5,27.67569382985433,20.56903648376465,19.33586311340332,24.590967178344727,30.479331970214844,33.096771240234375,33.48666000366211,34.55709457397461,34.262901306152344,33.17299270629883,26.83386993408203,22.877668380737305,18.845169067382812,2.1583595193402374,0.6380831259383543,False,6.25,"POLYGON ((16.25 16.25, 18.75 16.25, 18.75 18.75, 16.25 18.75, 16.25 16.25))"
NCEP2000_r023_c016,NCEP-AirTemp-Africa-2000,23,16,20.0,17.5,26.819282054901123,18.937423706054688,19.056556701660156,23.464519500732422,29.473663330078125,32.08870315551758,32.25465774536133,34.1967658996582,33.90742492675781,32.50999450683594,26.017742156982422,21.801671981811523,18.12226104736328,2.0340631519624797,0.44444444444444436,False,6.25,"POLYGON ((18.75 16.25, 21.25 16.25, 21.25 18.75, 18.75 18.75, 18.75 16.25))"
NCEP2000_r023_c017,NCEP-AirTemp-Africa-2000,23,17,22.5,17.5,24.9645258585612,16.700651168823242,17.765867233276367,20.836776733398438,27.91199493408203,30.298063278198242,30.597328186035156,32.811607360839844,32.15419387817383,30.579998016357422,24.006778717041016,19.76233673095703,16.148714065551758,1.8922613204948067,0.5217391304347827,False,6.25,"POLYGON ((21.25 16.25, 23.75 16.25, 23.75 18.75, 21.25 18.75, 21.25 16.25))"
NCEP2000_r023_c018,NCEP-AirTemp-Africa-2000,23,18,25.0,17.5,24.894606431325276,16.4658145904541,17.4644832611084,20.127098083496094,28.075664520263672,30.073223114013672,30.664663314819336,33.05451202392578,31.980323791503906,30.69366455078125,24.16451644897461,20.050334930419922,15.920978546142578,1.7357906577941966,0.4799999999999999,False,6.25,"POLYGON ((23.75 16.25, 26.25 16.25, 26.25 18.75, 23.75 18.75, 23.75 16.25))"
NCEP2000_r023_c019,NCEP-AirTemp-Africa-2000,23,19,27.5,17.5,26.606727441151936,17.183551788330078,18.54276466369629,21.633872985839844,29.863996505737305,32.10902786254883,32.864662170410156,34.94999694824219,33.99418258666992,32.8626594543457,26.56612777709961,21.736330032348633,16.973556518554688,1.5707963267948966,0.5217391304347826,False,6.25,"POLYGON ((26.25 16.25, 28.75 16.25, 28.75 18.75, 26.25 18.75, 26.25 16.25))"
NCEP2000_r023_c020,NCEP-AirTemp-Africa-2000,23,20,30.0,17.5,27.92773660024007,18.36806869506836,20.599315643310547,23.286130905151367,30.320331573486328,33.05354690551758,33.947662353515625,35.23322296142578,34.75547790527344,34.07666015625,28.86419105529785,23.885000228881836,18.74323081970215,1.4058019957955965,0.5217391304347826,False,6.25,"POLYGON ((28.75 16.25, 31.25 16.25, 31.25 18.75, 28.75 18.75, 28.75 16.25))"
NCEP2000_r023_c021,NCEP-AirTemp-Africa-2000,23,21,32.5,17.5,29.66372283299764,21.272907257080078,24.16240882873535,25.955810546875,31.290666580200195,34.232574462890625,34.887996673583984,35.01870346069336,34.43999481201172,34.579994201660156,30.91257667541504,26.80232810974121,22.40871238708496,1.2493313330949867,0.7058823529411765,False,6.25,"POLYGON ((31.25 16.25, 33.75 16.25, 33.75 18.75, 31.25 18.75, 31.25 16.25))"
NCEP2000_r023_c022,NCEP-AirTemp-Africa-2000,23,22,35.0,17.5,29.209156672159832,22.207740783691406,24.743104934692383,26.118711471557617,31.016664505004883,33.75321960449219,34.68266677856445,33.70515441894531,32.3358039855957,32.73265838623047,29.524831771850586,26.189001083374023,23.500322341918945,1.1075295016273137,0.8571428571428572,False,6.25,"POLYGON ((33.75 16.25, 36.25 16.25, 36.25 18.75, 33.75 18.75, 33.75 16.25))"
NCEP2000_r023_c023,NCEP-AirTemp-Africa-2000,23,23,37.5,17.5,28.385316054026287,23.191612243652344,24.110694885253906,25.052255630493164,28.872331619262695,30.822250366210938,32.68766403198242,33.309993743896484,32.0316047668457,31.53366470336914,28.503543853759766,26.14333724975586,24.364839553833008,0.9832331342495556,0.9230769230769232,True,6.25,"POLYGON ((36.25 16.25, 38.75 16.25, 38.75 18.75, 36.25 18.75, 36.25 16.25))"
NCEP2000_r024_c002,NCEP-AirTemp-Africa-2000,24,2,-15.0,20.0,26.88216749827067,20.205810546875,22.20000457763672,25.442258834838867,27.155336380004883,27.431930541992188,32.107994079589844,31.37032127380371,32.028385162353516,31.76032829284668,27.56741714477539,24.132997512817383,21.183225631713867,2.750650243398765,1.0,True,6.25,"POLYGON ((-16.25 18.75, -13.75 18.75, -13.75 21.25, -16.25 21.25, -16.25 18.75))"
NCEP2000_r024_c003,NCEP-AirTemp-Africa-2000,24,3,-12.5,20.0,28.216883023579914,19.536781311035156,21.85207176208496,26.34322738647461,29.260326385498047,30.9151554107666,35.87699508666992,34.99580383300781,34.76676559448242,33.8676643371582,27.83160972595215,23.46200180053711,19.894193649291992,2.7288324270565725,1.0,False,6.25,"POLYGON ((-13.75 18.75, -11.25 18.75, -11.25 21.25, -13.75 21.25, -13.75 18.75))"
NCEP2000_r024_c004,NCEP-AirTemp-Africa-2000,24,4,-10.0,20.0,27.945576667785645,19.254199981689453,21.17034912109375,25.910001754760742,28.90866470336914,31.59000015258789,35.123661041259766,34.80677032470703,34.781280517578125,33.546661376953125,27.254192352294922,22.955333709716797,20.045804977416992,2.7046004758999844,1.0,False,6.25,"POLYGON ((-11.25 18.75, -8.75 18.75, -8.75 21.25, -11.25 21.25, -11.25 18.75))"
NCEP2000_r024_c005,NCEP-AirTemp-Africa-2000,24,5,-7.5,20.0,28.265422026316326,19.130006790161133,20.737932205200195,25.96806526184082,29.959667205810547,33.06901931762695,35.45832824707031,35.259674072265625,35.38773727416992,33.95399856567383,27.229673385620117,22.889671325683594,20.14129066467285,2.6775640431369845,1.0,False,6.25,"POLYGON ((-8.75 18.75, -6.25 18.75, -6.25 21.25, -8.75 21.25, -8.75 18.75))"
NCEP2000_r024_c006,NCEP-AirTemp-Africa-2000,24,6,-5.0,20.0,27.94523350397746,18.545166015625,19.789661407470703,25.332901000976562,30.008995056152344,33.20225143432617,35.27632522583008,35.1083869934082,35.101932525634766,33.874996185302734,26.87805938720703,22.647998809814453,19.576128005981445,2.6472536893265524,1.0,False,6.25,"POLYGON ((-6.25 18.75, -3.75 18.75, -3.75 21.25, -6.25 21.25, -6.25 18.75))"
NCEP2000_r024_c007,NCEP-AirTemp-Africa-2000,24,7,-2.5,20.0,28.300414244333904,19.370973587036133,19.575178146362305,25.32677459716797,30.763996124267578,33.812259674072266,35.529335021972656,35.35902786254883,35.3087043762207,34.17799377441406,27.47999382019043,23.07266616821289,19.828067779541016,2.6131036652786612,1.0,False,6.25,"POLYGON ((-3.75 18.75, -1.25 18.75, -1.25 21.25, -3.75 21.25, -3.75 18.75))"
NCEP2000_r024_c008,NCEP-AirTemp-Africa-2000,24,8,0.0,20.0,28.047943433125813,19.751293182373047,18.64517593383789,24.520000457763672,31.253660202026367,33.569026947021484,35.22866439819336,34.79741668701172,35.22257614135742,33.64232635498047,27.7309627532959,22.560667037963867,19.65355110168457,2.5744320442134936,1.0,False,6.25,"POLYGON ((-1.25 18.75, 1.25 18.75, 1.25 21.25, -1.25 21.25, -1.25 18.75))"
NCEP2000_r024_c009,NCEP-AirTemp-Africa-2000,24,9,2.5,20.0,27.59461800257365,20.230968475341797,17.705869674682617,23.721294403076172,31.277334213256836,32.84612274169922,34.36600112915039,33.82902908325195,34.316123962402344,32.63566207885742,28.193222045898438,22.657331466674805,19.356456756591797,2.530419259198934,1.0,False,6.25,"POLYGON ((1.25 18.75, 3.75 18.75, 3.75 21.25, 1.25 21.25, 1.25 18.75))"
NCEP2000_r024_c010,NCEP-AirTemp-Africa-2000,24,10,5.0,20.0,27.570441563924152,20.736454010009766,17.067245483398438,23.603870391845703,31.2276611328125,33.17451477050781,33.7523307800293,34.127418518066406,33.75612258911133,32.45433044433594,29.060314178466797,23.1560001373291,18.729036331176758,2.480087964611858,1.0,False,6.25,"POLYGON ((3.75 18.75, 6.25 18.75, 6.25 21.25, 3.75 21.25, 3.75 18.75))"
NCEP2000_r024_c011,NCEP-AirTemp-Africa-2000,24,11,7.5,20.0,26.076002995173138,18.883230209350586,15.276900291442871,22.15290641784668,29.62599754333496,31.966445922851562,31.633995056152344,33.146766662597656,32.20935821533203,31.11733055114746,27.935152053833008,21.71233367919922,17.251619338989258,2.42229072180313,0.9403896618780567,False,6.25,"POLYGON ((6.25 18.75, 8.75 18.75, 8.75 21.25, 6.25 21.25, 6.25 18.75))"
NCEP2000_r024_c012,NCEP-AirTemp-Africa-2000,24,12,10.0,20.0,25.597800254821777,17.83839225769043,14.719316482543945,21.98065185546875,29.753662109375,31.661283493041992,31.021331787109375,32.400634765625,31.512258529663086,30.254663467407227,27.44257926940918,21.32333755493164,17.265491485595703,2.3557183744408845,0.8758084112974832,False,6.25,"POLYGON ((8.75 18.75, 11.25 18.75, 11.25 21.25, 8.75 21.25, 8.75 18.75))"
NCEP2000_r024_c013,NCEP-AirTemp-Africa-2000,24,13,12.5,20.0,26.06849431991577,18.394197463989258,15.314836502075195,22.772584915161133,30.39932632446289,32.32741928100586,31.862329483032227,32.91612243652344,32.086448669433594,30.410335540771484,27.55741310119629,21.49833106994629,17.2825870513916,2.278952118791337,0.8157125777384729,False,6.25,"POLYGON ((11.25 18.75, 13.75 18.75, 13.75 21.25, 11.25 21.25, 11.25 18.75))"
NCEP2000_r024_c014,NCEP-AirTemp-Africa-2000,24,14,15.0,20.0,24.439710299173992,17.446456909179688,14.488970756530762,21.16838836669922,28.209997177124023,30.46160888671875,30.45766830444336,31.686445236206055,30.57870864868164,28.926998138427734,24.862253189086914,19.64966583251953,15.339362144470215,2.190595502544308,0.7611653070858488,False,6.25,"POLYGON ((13.75 18.75, 16.25 18.75, 16.25 21.25, 13.75 21.25, 13.75 18.75))"
NCEP2000_r024_c015,NCEP-AirTemp-Africa-2000,24,15,17.5,20.0,22.475863377253216,15.261619567871094,13.075523376464844,18.851295471191406,26.004331588745117,28.062253952026367,28.423662185668945,30.186128616333008,28.60128402709961,27.38333511352539,22.114194869995117,17.918338775634766,13.82839298248291,2.0895323481291834,0.5185185185185185,False,6.25,"POLYGON ((16.25 18.75, 18.75 18.75, 18.75 21.25, 16.25 21.25, 16.25 18.75))"
NCEP2000_r024_c016,NCEP-AirTemp-Africa-2000,24,16,20.0,20.0,22.926794052124023,14.533236503601074,13.754146575927734,18.888715744018555,26.20932960510254,28.332260131835938,28.9096622467041,31.320966720581055,29.449026107788086,28.28233528137207,22.644515991210938,18.3070068359375,14.490326881408691,1.9753434527635696,0.6086956521739131,False,6.25,"POLYGON ((18.75 18.75, 21.25 18.75, 21.25 21.25, 18.75 21.25, 18.75 18.75))"
NCEP2000_r024_c017,NCEP-AirTemp-Africa-2000,24,17,22.5,20.0,23.788814703623455,14.839038848876953,15.138625144958496,19.388715744018555,26.707334518432617,29.245485305786133,30.07133674621582,32.47935104370117,30.386768341064453,29.425331115722656,23.53000259399414,19.127004623413086,15.126782417297363,1.848844554577358,0.6086956521739131,False,6.25,"POLYGON ((21.25 18.75, 23.75 18.75, 23.75 21.25, 21.25 21.25, 21.25 18.75))"
NCEP2000_r024_c018,NCEP-AirTemp-Africa-2000,24,18,25.0,20.0,23.217243909835815,14.021623611450195,14.613454818725586,18.418392181396484,26.071998596191406,28.71322250366211,29.66499900817871,32.19612503051758,29.797740936279297,29.27399253845215,22.813228607177734,18.66633415222168,14.355814933776855,1.712560129884791,0.5599999999999999,False,6.25,"POLYGON ((23.75 18.75, 26.25 18.75, 26.25 21.25, 23.75 21.25, 23.75 18.75))"
NCEP2000_r024_c019,NCEP-AirTemp-Africa-2000,24,19,27.5,20.0,24.384387493133545,14.777750968933105,15.646903991699219,19.471298217773438,27.236330032348633,29.87386703491211,30.644330978393555,33.65934371948242,31.19386863708496,30.73099708557129,24.18128776550293,19.79633903503418,15.4003324508667,1.5707963267948966,0.6086956521739131,False,6.25,"POLYGON ((26.25 18.75, 28.75 18.75, 28.75 21.25, 26.25 21.25, 26.25 18.75))"
NCEP2000_r024_c020,NCEP-AirTemp-Africa-2000,24,20,30.0,20.0,26.93751351038615,17.052907943725586,18.577939987182617,22.028066635131836,29.331331253051758,32.25676727294922,33.011661529541016,35.8935432434082,33.96193313598633,33.14933395385742,27.276765823364258,22.697004318237305,18.012907028198242,1.4290325237050023,0.608695652173913,False,6.25,"POLYGON ((28.75 18.75, 31.25 18.75, 31.25 21.25, 28.75 21.25, 28.75 18.75))"
NCEP2000_r024_c021,NCEP-AirTemp-Africa-2000,24,21,32.5,20.0,27.205373764038086,17.245168685913086,19.175865173339844,22.141618728637695,29.255992889404297,32.43289566040039,33.50499725341797,35.774837493896484,34.20967483520508,32.99199295043945,27.65966796875,23.204998016357422,18.866775512695312,1.2927480990124351,0.7999999999999998,False,6.25,"POLYGON ((31.25 18.75, 33.75 18.75, 33.75 21.25, 31.25 21.25, 31.25 18.75))"
NCEP2000_r024_c022,NCEP-AirTemp-Africa-2000,24,22,35.0,20.0,26.770723660786945,18.417098999023438,19.54207420349121,21.82548713684082,28.461666107177734,31.25580406188965,32.799659729003906,34.664833068847656,32.633544921875,31.878992080688477,26.971609115600586,22.955331802368164,19.84258270263672,1.1662492008262237,0.857142857142857,True,6.25,"POLYGON ((33.75 18.75, 36.25 18.75, 36.25 21.25, 33.75 21.25, 33.75 18.75))"
NCEP2000_r025_c002,NCEP-AirTemp-Africa-2000,25,2,-15.0,22.5,24.832451820373535,17.860008239746094,21.085865020751953,23.757097244262695,23.452335357666016,24.740966796875,30.599998474121094,29.83257293701172,30.88773536682129,29.65899658203125,24.994516372680664,21.529003143310547,19.5903263092041,2.701383094000283,1.0,True,6.25,"POLYGON ((-16.25 21.25, -13.75 21.25, -13.75 23.75, -16.25 23.75, -16.25 21.25))"
NCEP2000_r025_c003,NCEP-AirTemp-Africa-2000,25,3,-12.5,22.5,26.477162837982178,16.503232955932617,20.626554489135742,24.77676773071289,25.637998580932617,27.77063751220703,35.04566192626953,34.92418670654297,34.970638275146484,32.5643310546875,25.359996795654297,21.134334564208984,18.41161346435547,2.6775640431369845,1.0,False,6.25,"POLYGON ((-13.75 21.25, -11.25 21.25, -11.25 23.75, -13.75 23.75, -13.75 21.25))"
NCEP2000_r025_c004,NCEP-AirTemp-Africa-2000,25,4,-10.0,22.5,26.416618585586548,15.845492362976074,19.514488220214844,24.30677032470703,26.34267234802246,29.15548324584961,34.6523323059082,35.703861236572266,35.2328987121582,32.29899215698242,24.59032440185547,20.98900604248047,18.367101669311523,2.651239832181856,1.0,False,6.25,"POLYGON ((-11.25 21.25, -8.75 21.25, -8.75 23.75, -11.25 23.75, -11.25 21.25))"
NCEP2000_r025_c005,NCEP-AirTemp-Africa-2000,25,5,-7.5,22.5,27.111998399098713,16.139041900634766,19.12724494934082,24.807416915893555,27.95966911315918,31.471935272216797,34.916996002197266,36.4503173828125,36.02580261230469,32.93132781982422,24.98031997680664,21.781002044677734,18.752906799316406,2.62203624812754,1.0,False,6.25,"POLYGON ((-8.75 21.25, -6.25 21.25, -6.25 23.75, -8.75 23.75, -8.75 21.25))"
NCEP2000_r025_c006,NCEP-AirTemp-Africa-2000,25,6,-5.0,22.5,27.580408573150635,16.218717575073242,18.793798446655273,25.16258430480957,28.89500617980957,32.77483367919922,35.31465148925781,37.18967056274414,36.604190826416016,33.709999084472656,25.391929626464844,22.38500213623047,18.524518966674805,2.5895125494708324,1.0,False,6.25,"POLYGON ((-6.25 21.25, -3.75 21.25, -3.75 23.75, -6.25 23.75, -6.25 21.25))"
NCEP2000_r025_c007,NCEP-AirTemp-Africa-2000,25,7,-2.5,22.5,28.133159637451172,16.884843826293945,18.85276222229004,25.402578353881836,30.014333724975586,33.82902908325195,35.84233474731445,37.69386672973633,36.86870193481445,34.361995697021484,26.073543548583984,22.9516658782959,18.8222599029541,2.553150478079379,1.0,False,6.25,"POLYGON ((-3.75 21.25, -1.25 21.25, -1.25 23.75, -3.75 23.75, -3.75 21.25))"
NCEP2000_r025_c008,NCEP-AirTemp-Africa-2000,25,8,0.0,22.5,28.183925946553547,17.48581314086914,18.553455352783203,24.96484375,30.690998077392578,34.02644729614258,35.83866500854492,36.996124267578125,36.61289978027344,34.26632308959961,26.725156784057617,22.8179988861084,19.22838592529297,2.512343347351765,1.0,False,6.25,"POLYGON ((-1.25 21.25, 1.25 21.25, 1.25 23.75, -1.25 23.75, -1.25 21.25))"
NCEP2000_r025_c009,NCEP-AirTemp-Africa-2000,25,9,2.5,22.5,26.71721871693929,17.444843292236328,16.764141082763672,23.050973892211914,29.56633186340332,32.30192947387695,33.82066345214844,34.423545837402344,34.18645095825195,32.43699645996094,26.353225708007812,21.88300323486328,18.37451934814453,2.4663871596406026,1.0,False,6.25,"POLYGON ((1.25 21.25, 3.75 21.25, 3.75 23.75, 1.25 23.75, 1.25 21.25))"
NCEP2000_r025_c010,NCEP-AirTemp-Africa-2000,25,10,5.0,22.5,24.345126231511433,16.43258285522461,13.850691795349121,20.389352798461914,27.158329010009766,29.746129989624023,30.562997817993164,31.30129051208496,30.56548309326172,29.94466209411621,25.42708969116211,20.439668655395508,16.3232364654541,2.4144774543178373,1.0,False,6.25,"POLYGON ((3.75 21.25, 6.25 21.25, 6.25 23.75, 3.75 23.75, 3.75 21.25))"
NCEP2000_r025_c011,NCEP-AirTemp-Africa-2000,25,11,7.5,22.5,22.73802383740743,14.563233375549316,11.945518493652344,18.77549171447754,25.461666107177734,28.075803756713867,28.446001052856445,29.539033889770508,28.49386978149414,28.35666275024414,24.998064041137695,19.21900177001953,14.981939315795898,2.3557183744408845,1.0,False,6.25,"POLYGON ((6.25 21.25, 8.75 21.25, 8.75 23.75, 6.25 23.75, 6.25 21.25))"
NCEP2000_r025_c012,NCEP-AirTemp-Africa-2000,25,12,10.0,22.5,23.152404069900513,13.727429389953613,12.167591094970703,19.318714141845703,26.375329971313477,29.025800704956055,29.289663314819336,30.244834899902344,29.048063278198242,28.531993865966797,25.59000015258789,19.23200225830078,15.277425765991211,2.289154453901072,0.9405085368949908,False,6.25,"POLYGON ((8.75 21.25, 11.25 21.25, 11.25 23.75, 8.75 23.75, 8.75 21.25))"
NCEP2000_r025_c013,NCEP-AirTemp-Africa-2000,25,13,12.5,22.5,23.437021891276043,13.841621398925781,12.414144515991211,19.682905197143555,27.013662338256836,29.719675064086914,29.92865753173828,30.756118774414062,29.682575225830078,28.646663665771484,25.465160369873047,18.915006637573242,15.178071975708008,2.213840425389199,0.884818028836257,False,6.25,"POLYGON ((11.25 21.25, 13.75 21.25, 13.75 23.75, 11.25 23.75, 11.25 21.25))"
NCEP2000_r025_c014,NCEP-AirTemp-Africa-2000,25,14,15.0,22.5,21.985893090565998,13.082589149475098,11.380351066589355,17.890329360961914,25.59299659729004,27.95806312561035,28.286338806152344,29.43967628479004,28.56354522705078,27.309995651245117,23.48999786376953,17.431669235229492,13.40516471862793,2.1289677621881795,0.5925925925925926,False,6.25,"POLYGON ((13.75 21.25, 16.25 21.25, 16.25 23.75, 13.75 23.75, 13.75 21.25))"
NCEP2000_r025_c015,NCEP-AirTemp-Africa-2000,25,15,17.5,22.5,20.70728866259257,11.561297416687012,10.283111572265625,15.89129638671875,24.459667205810547,26.411293029785156,27.081998825073242,28.74386978149414,27.60225486755371,26.438995361328125,21.68967628479004,16.32367515563965,12.000328063964844,2.0340631519624797,0.5925925925925924,False,6.25,"POLYGON ((16.25 21.25, 18.75 21.25, 18.75 23.75, 16.25 23.75, 16.25 21.25))"
NCEP2000_r025_c016,NCEP-AirTemp-Africa-2000,25,16,20.0,22.5,21.580715258916218,11.856139183044434,11.407249450683594,16.544519424438477,25.033668518066406,27.06806755065918,28.042329788208008,30.142253875732422,28.63870620727539,27.63266372680664,22.23871421813965,17.25200653076172,13.112264633178711,1.9292540469007755,0.6956521739130435,False,6.25,"POLYGON ((18.75 21.25, 21.25 21.25, 21.25 23.75, 18.75 23.75, 18.75 21.25))"
NCEP2000_r025_c017,NCEP-AirTemp-Africa-2000,25,17,22.5,22.5,22.33489116032918,12.380005836486816,12.630348205566406,17.238075256347656,25.37999725341797,27.72451400756836,28.993000030517578,31.24225616455078,29.48483657836914,28.481332778930664,22.654516220092773,18.07367515563965,13.736136436462402,1.8155510295235495,0.6956521739130435,False,6.25,"POLYGON ((21.25 21.25, 23.75 21.25, 23.75 23.75, 21.25 23.75, 21.25 21.25))"
NCEP2000_r025_c018,NCEP-AirTemp-Africa-2000,25,18,25.0,22.5,21.29198169708252,11.002910614013672,11.660001754760742,15.78968620300293,24.287334442138672,26.69902801513672,28.3216609954834,30.757417678833008,28.66193389892578,27.678993225097656,21.146451950073242,16.92900276184082,12.569358825683594,1.695034177667733,0.64,False,6.25,"POLYGON ((23.75 21.25, 26.25 21.25, 26.25 23.75, 23.75 23.75, 23.75 21.25))"
NCEP2000_r025_c019,NCEP-AirTemp-Africa-2000,25,19,27.5,22.5,22.31329600016276,11.997748374938965,12.684833526611328,16.751293182373047,25.170330047607422,27.70418930053711,29.07866668701172,31.893217086791992,29.469999313354492,28.974328994750977,22.007741928100586,18.093000411987305,13.934203147888184,1.5707963267948966,0.6956521739130435,False,6.25,"POLYGON ((26.25 21.25, 28.75 21.25, 28.75 23.75, 26.25 23.75, 26.25 21.25))"
NCEP2000_r025_c020,NCEP-AirTemp-Africa-2000,25,20,30.0,22.5,24.3124152024587,13.495491981506348,14.327596664428711,18.623868942260742,27.037994384765625,30.30483627319336,31.328330993652344,34.05225372314453,31.663217544555664,31.22366714477539,24.09548568725586,20.2030029296875,15.39323616027832,1.4465584759220602,0.6956521739130435,False,6.25,"POLYGON ((28.75 21.25, 31.25 21.25, 31.25 23.75, 28.75 23.75, 28.75 21.25))"
NCEP2000_r025_c021,NCEP-AirTemp-Africa-2000,25,21,32.5,22.5,24.529034694035847,13.626459121704102,14.50035285949707,18.62967872619629,27.06833267211914,30.70709228515625,32.093326568603516,34.44870376586914,32.026123046875,31.138662338256836,24.36387062072754,20.260000228881836,15.485814094543457,1.3260416240662436,0.7999999999999998,False,6.25,"POLYGON ((31.25 21.25, 33.75 21.25, 33.75 23.75, 31.25 23.75, 31.25 21.25))"
NCEP2000_r025_c022,NCEP-AirTemp-Africa-2000,25,22,35.0,22.5,26.603243986765545,18.405168533325195,18.489662170410156,21.31871223449707,28.229665756225586,31.042251586914062,32.61033248901367,34.93096160888672,32.08064270019531,32.029319763183594,26.880970001220703,23.2883358001709,19.932905197143555,1.2123386066890176,0.9411764705882355,True,6.25,"POLYGON ((33.75 21.25, 36.25 21.25, 36.25 23.75, 33.75 23.75, 33.75 21.25))"
NCEP2000_r026_c003,NCEP-AirTemp-Africa-2000,26,3,-12.5,25.0,23.611987431844074,15.264202117919922,19.94034767150879,23.003551483154297,21.396337509155273,23.959352493286133,30.400333404541016,29.995485305786133,30.530635833740234,28.079994201660156,23.172578811645508,19.691669464111328,17.909360885620117,2.6287962044077484,1.0,True,6.25,"POLYGON ((-13.75 23.75, -11.25 23.75, -11.25 26.25, -13.75 26.25, -13.75 23.75))"
NCEP2000_r026_c004,NCEP-AirTemp-Africa-2000,26,4,-10.0,25.0,24.706111033757526,13.618393898010254,19.005521774291992,22.897424697875977,23.122997283935547,26.29967498779297,33.999332427978516,34.07258224487305,33.790321350097656,29.768667221069336,23.14096450805664,19.660673141479492,17.096778869628906,2.600752957031685,1.0,False,6.25,"POLYGON ((-11.25 23.75, -8.75 23.75, -8.75 26.25, -11.25 26.25, -11.25 23.75))"
NCEP2000_r026_c005,NCEP-AirTemp-Africa-2000,26,5,-7.5,25.0,26.23464838663737,14.119037628173828,18.995180130004883,23.649677276611328,25.68199920654297,29.056447982788086,35.69333267211914,36.4412841796875,36.153865814208984,31.775663375854492,24.34225082397461,21.13800048828125,17.769041061401367,2.5698219431000564,1.0,False,6.25,"POLYGON ((-8.75 23.75, -6.25 23.75, -6.25 26.25, -8.75 26.25, -8.75 23.75))"
NCEP2000_r026_c006,NCEP-AirTemp-Africa-2000,26,6,-5.0,25.0,26.615420420964558,14.134844779968262,18.311384201049805,23.770002365112305,27.05766487121582,30.60354995727539,35.32999801635742,37.37838363647461,36.434513092041016,32.65066146850586,24.400964736938477,21.885334014892578,17.427743911743164,2.5356022709380097,1.0,False,6.25,"POLYGON ((-6.25 23.75, -3.75 23.75, -3.75 26.25, -6.25 26.25, -6.25 23.75))"
NCEP2000_r026_c007,NCEP-AirTemp-Africa-2000,26,7,-2.5,25.0,26.313026269276936,13.575492858886719,17.159317016601562,23.089357376098633,27.62966537475586,31.663545608520508,34.82599639892578,37.78870391845703,35.734188079833984,32.8079948425293,23.644187927246094,21.36366844177246,16.474197387695312,2.4976344127310255,1.0,False,6.25,"POLYGON ((-3.75 23.75, -1.25 23.75, -1.25 26.25, -3.75 26.25, -3.75 23.75))"
NCEP2000_r026_c008,NCEP-AirTemp-Africa-2000,26,8,0.0,25.0,26.697391430536907,14.336134910583496,17.02069854736328,23.310325622558594,28.614999771118164,32.81547927856445,34.861000061035156,37.605812072753906,35.76773452758789,33.476661682128906,24.41451644897461,21.195003509521484,16.95033073425293,2.4553964109617206,1.0,False,6.25,"POLYGON ((-1.25 23.75, 1.25 23.75, 1.25 26.25, -1.25 26.25, -1.25 23.75))"
NCEP2000_r026_c009,NCEP-AirTemp-Africa-2000,26,9,2.5,25.0,25.641934235890705,14.380975723266602,15.542078018188477,22.28774642944336,28.11932945251465,31.8167724609375,32.94933319091797,35.14741897583008,33.82418441772461,32.1719970703125,24.426450729370117,20.364336013793945,16.672588348388672,2.4083040428596947,1.0,False,6.25,"POLYGON ((1.25 23.75, 3.75 23.75, 3.75 26.25, 1.25 26.25, 1.25 23.75))"
NCEP2000_r026_c010,NCEP-AirTemp-Africa-2000,26,10,5.0,25.0,22.386698722839355,12.115809440612793,12.011727333068848,18.978071212768555,25.33633804321289,28.37612533569336,28.95099639892578,30.739351272583008,29.36031723022461,28.418996810913086,22.34096908569336,17.781675338745117,14.23000717163086,2.3557183744408845,1.0,False,6.25,"POLYGON ((3.75 23.75, 6.25 23.75, 6.25 26.25, 3.75 26.25, 3.75 23.75))"
NCEP2000_r026_c011,NCEP-AirTemp-Africa-2000,26,11,7.5,25.0,20.59230629603068,10.282586097717285,10.292075157165527,16.992910385131836,23.474668502807617,26.356128692626953,26.87633514404297,28.516450881958008,27.18806266784668,26.554325103759766,21.786128997802734,16.197677612304688,12.590326309204102,2.2969658616738164,1.0,False,6.25,"POLYGON ((6.25 23.75, 8.75 23.75, 8.75 26.25, 6.25 26.25, 6.25 23.75))"
NCEP2000_r026_c012,NCEP-AirTemp-Africa-2000,26,12,10.0,25.0,21.298060099283855,10.069037437438965,10.832422256469727,17.260330200195312,24.018001556396484,27.22129249572754,27.96833038330078,29.572580337524414,28.228708267211914,27.683998107910156,23.170324325561523,16.572341918945312,12.979353904724121,2.2313780836838677,1.0,False,6.25,"POLYGON ((8.75 23.75, 11.25 23.75, 11.25 26.25, 8.75 26.25, 8.75 23.75))"
NCEP2000_r026_c013,NCEP-AirTemp-Africa-2000,26,13,12.5,25.0,21.983053127924602,10.486137390136719,11.474833488464355,17.594520568847656,24.958003997802734,27.989351272583008,28.84366798400879,30.278709411621094,28.927736282348633,28.48733139038086,23.827741622924805,17.016338348388672,13.91226577758789,2.158359519340238,0.9571246889075316,False,6.25,"POLYGON ((11.25 23.75, 13.75 23.75, 13.75 26.25, 11.25 26.25, 11.25 23.75))"
NCEP2000_r026_c014,NCEP-AirTemp-Africa-2000,26,14,15.0,25.0,22.229540745417278,11.270974159240723,12.184834480285645,17.495487213134766,25.674663543701172,27.98096466064453,28.747331619262695,30.264835357666016,29.110641479492188,28.555660247802734,23.933229446411133,17.301342010498047,14.234524726867676,2.077490683612158,0.6666666666666667,False,6.25,"POLYGON ((13.75 23.75, 16.25 23.75, 16.25 26.25, 13.75 26.25, 13.75 23.75))"
NCEP2000_r026_c015,NCEP-AirTemp-Africa-2000,26,15,17.5,25.0,22.50607991218567,11.670655250549316,12.728971481323242,17.25355339050293,25.91432762145996,28.09031867980957,29.00066375732422,30.901615142822266,29.729352951049805,29.067333221435547,24.086774826049805,17.58067512512207,14.048717498779297,1.9886673635727754,0.72,False,6.25,"POLYGON ((16.25 23.75, 18.75 23.75, 18.75 26.25, 16.25 26.25, 16.25 23.75))"
NCEP2000_r026_c016,NCEP-AirTemp-Africa-2000,26,16,20.0,25.0,22.81335425376892,12.04355239868164,13.240697860717773,17.456134796142578,25.597997665405273,27.995487213134766,29.35199737548828,31.69934844970703,30.213869094848633,29.534666061401367,24.11419677734375,18.081003189086914,14.431300163269043,1.8922613204948067,0.782608695652174,False,6.25,"POLYGON ((18.75 23.75, 21.25 23.75, 21.25 26.25, 18.75 26.25, 18.75 23.75))"
NCEP2000_r026_c017,NCEP-AirTemp-Africa-2000,26,17,22.5,25.0,22.268074989318848,11.6029052734375,12.808625221252441,16.853233337402344,24.82033348083496,27.058704376220703,28.93899917602539,31.75999641418457,29.77031707763672,28.72699546813965,23.097740173339844,17.810007095336914,13.969042778015137,1.7892637105669047,0.782608695652174,False,6.25,"POLYGON ((21.25 23.75, 23.75 23.75, 23.75 26.25, 21.25 26.25, 21.25 23.75))"
NCEP2000_r026_c018,NCEP-AirTemp-Africa-2000,26,18,25.0,25.0,21.04925513267517,10.242912292480469,11.501382827758789,15.349040985107422,23.683671951293945,25.713544845581055,27.98066520690918,31.09806251525879,28.817092895507812,27.302000045776367,21.386449813842773,16.653005599975586,12.863232612609863,1.6813490832717268,0.7826086956521738,False,6.25,"POLYGON ((23.75 23.75, 26.25 23.75, 26.25 26.25, 23.75 26.25, 23.75 23.75))"
NCEP2000_r026_c019,NCEP-AirTemp-Africa-2000,26,19,27.5,25.0,21.51191981633504,10.563233375549316,11.767938613891602,15.738714218139648,24.075336456298828,26.450969696044922,28.37599754333496,31.471607208251953,29.18257713317871,27.873329162597656,21.6064510345459,17.38300323486328,13.65388011932373,1.5707963267948966,0.782608695652174,False,6.25,"POLYGON ((26.25 23.75, 28.75 23.75, 28.75 26.25, 26.25 26.25, 26.25 23.75))"
NCEP2000_r026_c020,NCEP-AirTemp-Africa-2000,26,20,30.0,25.0,22.46531327565511,10.806458473205566,11.94345474243164,16.399681091308594,25.12099838256836,28.375484466552734,29.960002899169922,32.726131439208984,30.33483123779297,29.376995086669922,22.36161231994629,18.41100311279297,13.767106056213379,1.4602435703180663,0.7826086956521738,False,6.25,"POLYGON ((28.75 23.75, 31.25 23.75, 31.25 26.25, 28.75 26.25, 28.75 23.75))"
NCEP2000_r026_c021,NCEP-AirTemp-Africa-2000,26,21,32.5,25.0,23.773149410883587,12.543554306030273,13.365184783935547,17.649362564086914,26.14800262451172,29.53418731689453,31.620664596557617,34.1109619140625,31.434511184692383,30.61865997314453,23.585805892944336,19.683666229248047,14.983231544494629,1.3523289430228886,0.8000000000000002,True,6.25,"POLYGON ((31.25 23.75, 33.75 23.75, 33.75 26.25, 31.25 26.25, 31.25 23.75))"
NCEP2000_r027_c003,NCEP-AirTemp-Africa-2000,27,3,-12.5,27.5,20.40139166514079,15.463554382324219,18.61310577392578,20.312259674072266,17.77433967590332,19.89936065673828,23.65566635131836,23.648061752319336,24.551288604736328,23.12266731262207,21.26645851135254,18.557674407958984,17.95226287841797,2.5825652797172416,1.0,True,6.25,"POLYGON ((-13.75 26.25, -11.25 26.25, -11.25 28.75, -13.75 28.75, -13.75 26.25))"
NCEP2000_r027_c004,NCEP-AirTemp-Africa-2000,27,4,-10.0,27.5,22.26651708285014,13.048394203186035,18.566211700439453,21.120647430419922,19.352670669555664,22.45452117919922,30.1090030670166,29.8709659576416,30.376771926879883,26.13332748413086,21.727741241455078,18.06600570678711,16.371944427490234,2.553150478079379,1.0,True,6.25,"POLYGON ((-11.25 26.25, -8.75 26.25, -8.75 28.75, -11.25 28.75, -11.25 26.25))"
NCEP2000_r027_c005,NCEP-AirTemp-Africa-2000,27,5,-7.5,27.5,24.208358367284138,11.937424659729004,18.552074432373047,21.884843826293945,22.055335998535156,25.388385772705078,34.155330657958984,34.32902526855469,34.89838790893555,29.122997283935547,23.042583465576172,18.961002349853516,16.172908782958984,2.5208927182819547,1.0,False,6.25,"POLYGON ((-8.75 26.25, -6.25 26.25, -6.25 28.75, -8.75 28.75, -8.75 26.25))"
NCEP2000_r027_c006,NCEP-AirTemp-Africa-2000,27,6,-5.0,27.5,25.588460365931194,12.219355583190918,18.405174255371094,22.89129066467285,24.961332321166992,28.178386688232422,34.83466339111328,36.586124420166016,35.93095779418945,31.14333152770996,24.126453399658203,20.8576717376709,16.926782608032227,2.4854367849100685,1.0,False,6.25,"POLYGON ((-6.25 26.25, -3.75 26.25, -3.75 28.75, -6.25 28.75, -6.25 26.25))"
NCEP2000_r027_c007,NCEP-AirTemp-Africa-2000,27,7,-2.5,27.5,25.880598386128742,12.234840393066406,17.530349731445312,22.885488510131836,26.418664932250977,30.21677017211914,34.41265869140625,37.693546295166016,35.140316009521484,32.24966049194336,23.751611709594727,21.341333389282227,16.691940307617188,2.4463860266055706,1.0,False,6.25,"POLYGON ((-3.75 26.25, -1.25 26.25, -1.25 28.75, -3.75 28.75, -3.75 26.25))"
NCEP2000_r027_c008,NCEP-AirTemp-Africa-2000,27,8,0.0,27.5,25.39930033683777,11.809038162231445,16.27483558654785,21.900320053100586,26.512332916259766,31.06418800354004,33.6783332824707,37.32515335083008,34.7193489074707,32.6003303527832,22.97355079650879,20.189002990722656,15.745169639587402,2.403303610643641,1.0,False,6.25,"POLYGON ((-1.25 26.25, 1.25 26.25, 1.25 28.75, -1.25 28.75, -1.25 26.25))"
NCEP2000_r027_c009,NCEP-AirTemp-Africa-2000,27,9,2.5,27.5,24.186951001485188,10.722259521484375,14.35483169555664,20.244197845458984,25.909997940063477,30.591928482055664,32.0356559753418,35.64580535888672,33.7183837890625,31.522998809814453,22.30838966369629,18.597339630126953,14.591623306274414,2.3557183744408845,1.0,False,6.25,"POLYGON ((1.25 26.25, 3.75 26.25, 3.75 28.75, 1.25 28.75, 1.25 26.25))"
NCEP2000_r027_c010,NCEP-AirTemp-Africa-2000,27,10,5.0,27.5,22.656665802001953,9.343877792358398,12.488966941833496,18.575170516967773,24.995664596557617,29.409671783447266,30.167333602905273,33.54547882080078,31.60967445373535,29.509998321533203,21.740646362304688,17.098337173461914,13.395169258117676,2.303137966966451,1.0,False,6.25,"POLYGON ((3.75 26.25, 6.25 26.25, 6.25 28.75, 3.75 28.75, 3.75 26.25))"
NCEP2000_r027_c011,NCEP-AirTemp-Africa-2000,27,11,7.5,27.5,22.08549626668294,8.990971565246582,12.097589492797852,18.037424087524414,24.665332794189453,28.60838508605957,29.431665420532227,32.22871017456055,30.372575759887695,28.682666778564453,22.35999870300293,16.539342880249023,13.011292457580566,2.2450728143862446,1.0,False,6.25,"POLYGON ((6.25 26.25, 8.75 26.25, 8.75 28.75, 6.25 28.75, 6.25 26.25))"
NCEP2000_r027_c012,NCEP-AirTemp-Africa-2000,27,12,10.0,27.5,22.01851161321004,8.937102317810059,11.864484786987305,17.730648040771484,24.748334884643555,28.0722599029541,29.38466453552246,31.494836807250977,29.983869552612305,28.837665557861328,23.35613250732422,16.58600616455078,13.226134300231934,2.1810750069902554,1.0,False,6.25,"POLYGON ((8.75 26.25, 11.25 26.25, 11.25 28.75, 8.75 28.75, 8.75 26.25))"
NCEP2000_r027_c013,NCEP-AirTemp-Africa-2000,27,13,12.5,27.5,21.57530665397644,8.814201354980469,11.190003395080566,16.949684143066406,24.65900421142578,27.27193260192871,28.88433265686035,30.267738342285156,29.153549194335938,28.40966796875,23.42064094543457,16.400339126586914,13.482585906982422,2.110795819029484,0.7407407407407406,False,6.25,"POLYGON ((11.25 26.25, 13.75 26.25, 13.75 28.75, 11.25 28.75, 11.25 26.25))"
NCEP2000_r027_c014,NCEP-AirTemp-Africa-2000,27,14,15.0,27.5,21.29527775446574,9.535489082336426,11.265175819396973,16.332908630371094,24.569334030151367,26.752904891967773,28.08466148376465,29.15483856201172,28.408063888549805,28.04466438293457,23.293222427368164,16.483675003051758,13.61839485168457,2.0340631519624797,0.7407407407407407,False,6.25,"POLYGON ((13.75 26.25, 16.25 26.25, 16.25 28.75, 13.75 28.75, 13.75 26.25))"
NCEP2000_r027_c015,NCEP-AirTemp-Africa-2000,27,15,17.5,27.5,21.45567512512207,10.514517784118652,11.962761878967285,16.123878479003906,24.344337463378906,26.625484466552734,27.690998077392578,29.002254486083984,28.45516014099121,28.377994537353516,23.411937713623047,17.051673889160156,13.907102584838867,1.9509744613729085,0.8695652173913044,False,6.25,"POLYGON ((16.25 26.25, 18.75 26.25, 18.75 28.75, 16.25 28.75, 16.25 26.25))"
NCEP2000_r027_c016,NCEP-AirTemp-Africa-2000,27,16,20.0,27.5,22.0816748936971,11.286134719848633,12.956899642944336,16.575170516967773,24.388338088989258,26.912263870239258,28.302997589111328,30.160640716552734,29.30418586730957,28.875,23.673545837402344,17.852008819580078,14.692913055419922,1.8619911433278498,0.8695652173913044,False,6.25,"POLYGON ((18.75 26.25, 21.25 26.25, 21.25 28.75, 18.75 28.75, 18.75 26.25))"
NCEP2000_r027_c017,NCEP-AirTemp-Africa-2000,27,17,22.5,27.5,22.271507342656452,11.259360313415527,13.35759449005127,16.57968521118164,24.369667053222656,26.933547973632812,28.90300178527832,31.46031951904297,29.818063735961914,28.706663131713867,23.283226013183594,17.98533821105957,14.6016206741333,1.7680088456350833,0.8,False,6.25,"POLYGON ((21.25 26.25, 23.75 26.25, 23.75 28.75, 21.25 28.75, 21.25 26.25))"
NCEP2000_r027_c018,NCEP-AirTemp-Africa-2000,27,18,25.0,27.5,21.729438145955402,10.815167427062988,13.15241813659668,15.917425155639648,23.8553409576416,26.107738494873047,28.352994918823242,31.347095489501953,29.31451416015625,27.915000915527344,22.302579879760742,17.62200927734375,14.050972938537598,1.6703707429113517,0.8695652173913043,False,6.25,"POLYGON ((23.75 26.25, 26.25 26.25, 26.25 28.75, 23.75 28.75, 23.75 26.25))"
NCEP2000_r027_c019,NCEP-AirTemp-Africa-2000,27,19,27.5,27.5,21.54032325744629,10.83742618560791,13.00311279296875,15.720974922180176,23.778329849243164,25.892581939697266,27.910667419433594,30.953224182128906,28.908061981201172,27.534997940063477,21.958066940307617,17.799007415771484,14.187427520751953,1.5707963267948966,0.8695652173913043,False,6.25,"POLYGON ((26.25 26.25, 28.75 26.25, 28.75 28.75, 26.25 28.75, 26.25 26.25))"
NCEP2000_r027_c020,NCEP-AirTemp-Africa-2000,27,20,30.0,27.5,21.24172767003377,10.20419979095459,11.723797798156738,15.122587203979492,23.597003936767578,26.265804290771484,28.18866539001465,31.113542556762695,28.672582626342773,27.47166633605957,21.488391876220703,17.567005157470703,13.485485076904297,1.4712219106784414,0.8695652173913043,False,6.25,"POLYGON ((28.75 26.25, 31.25 26.25, 31.25 28.75, 28.75 28.75, 28.75 26.25))"
NCEP2000_r027_c021,NCEP-AirTemp-Africa-2000,27,21,32.5,27.5,21.66710352897644,10.735489845275879,11.481385231018066,15.44194221496582,23.86933135986328,26.831932067871094,29.116329193115234,32.06773376464844,29.043550491333008,27.930334091186523,21.72903060913086,17.893339157104492,13.86484432220459,1.37358380795471,0.8695652173913044,True,6.25,"POLYGON ((31.25 26.25, 33.75 26.25, 33.75 28.75, 31.25 28.75, 31.25 26.25))"
NCEP2000_r028_c005,NCEP-AirTemp-Africa-2000,28,5,-7.5,30.0,19.66997702916463,8.50000286102295,15.003802299499512,17.579679489135742,16.268342971801758,20.4864559173584,28.89432716369629,29.72161102294922,30.413869857788086,24.160335540771484,18.28032875061035,14.459671020507812,12.271297454833984,2.475160765823604,1.0,True,6.25,"POLYGON ((-8.75 28.75, -6.25 28.75, -6.25 31.25, -8.75 31.25, -8.75 28.75))"
NCEP2000_r028_c006,NCEP-AirTemp-Africa-2000,28,6,-5.0,30.0,21.19913951555888,7.678070068359375,14.570008277893066,18.419681549072266,18.988004684448242,23.551616668701172,31.1336612701416,33.26225280761719,32.810638427734375,26.610334396362305,19.511613845825195,15.647006034851074,12.206786155700684,2.4388661364363013,1.0,False,6.25,"POLYGON ((-6.25 28.75, -3.75 28.75, -3.75 31.25, -6.25 31.25, -6.25 28.75))"
NCEP2000_r028_c007,NCEP-AirTemp-Africa-2000,28,7,-2.5,30.0,23.286780834197998,9.414519309997559,15.492079734802246,20.187095642089844,22.23966407775879,26.846128463745117,32.31599426269531,35.80064010620117,33.45515823364258,29.460664749145508,21.564193725585938,18.501676559448242,14.163555145263672,2.399171046894142,1.0,False,6.25,"POLYGON ((-3.75 28.75, -1.25 28.75, -1.25 31.25, -3.75 31.25, -3.75 28.75))"
NCEP2000_r028_c008,NCEP-AirTemp-Africa-2000,28,8,0.0,30.0,23.29822087287903,9.33936595916748,14.976901054382324,19.71967887878418,22.914335250854492,27.986127853393555,31.900997161865234,35.904510498046875,32.96677017211914,30.02199935913086,21.203554153442383,18.516338348388672,14.128071784973145,2.3557183744408845,1.0,False,6.25,"POLYGON ((-1.25 28.75, 1.25 28.75, 1.25 31.25, -1.25 31.25, -1.25 28.75))"
NCEP2000_r028_c009,NCEP-AirTemp-Africa-2000,28,9,2.5,30.0,22.848411162694294,8.81484317779541,14.121732711791992,18.731618881225586,23.134336471557617,28.39418601989746,30.88800048828125,35.15774154663086,32.8177375793457,29.713329315185547,20.866455078125,17.75933837890625,13.781614303588867,2.3081374469753735,1.0,False,6.25,"POLYGON ((1.25 28.75, 3.75 28.75, 3.75 31.25, 1.25 31.25, 1.25 28.75))"
NCEP2000_r028_c010,NCEP-AirTemp-Africa-2000,28,10,5.0,30.0,23.46911923090617,9.552586555480957,14.306904792785645,19.042583465576172,24.532005310058594,29.487415313720703,30.849328994750977,35.09160614013672,33.3870964050293,30.284996032714844,22.31548500061035,18.25167465209961,14.527748107910156,2.256059193978351,1.0,False,6.25,"POLYGON ((3.75 28.75, 6.25 28.75, 6.25 31.25, 3.75 31.25, 3.75 28.75))"
NCEP2000_r028_c011,NCEP-AirTemp-Africa-2000,28,11,7.5,30.0,23.152522087097168,9.36419677734375,13.663804054260254,18.611621856689453,25.062664031982422,29.45677375793457,30.398000717163086,33.98967361450195,32.54741668701172,29.807329177856445,22.945161819458008,17.812007904052734,14.171614646911621,2.199139726279829,1.0,False,6.25,"POLYGON ((6.25 28.75, 8.75 28.75, 8.75 31.25, 6.25 31.25, 6.25 28.75))"
NCEP2000_r028_c012,NCEP-AirTemp-Africa-2000,28,12,10.0,30.0,21.272476196289062,7.972909927368164,11.598280906677246,16.659679412841797,23.83733367919922,27.469676971435547,28.34633445739746,31.114192962646484,29.7932186126709,27.510997772216797,21.95387077331543,16.16933822631836,12.843880653381348,2.137094326410018,0.8148148148148149,False,6.25,"POLYGON ((8.75 28.75, 11.25 28.75, 11.25 31.25, 8.75 31.25, 8.75 28.75))"
NCEP2000_r028_c013,NCEP-AirTemp-Africa-2000,28,13,12.5,30.0,20.14784852663676,8.232582092285156,10.702424049377441,15.442906379699707,22.55400276184082,25.576129913330078,26.447996139526367,28.51032066345215,27.741931915283203,25.906999588012695,21.798067092895508,15.895008087158203,12.965813636779785,2.069742850483708,0.814814814814815,False,6.25,"POLYGON ((11.25 28.75, 13.75 28.75, 13.75 31.25, 11.25 31.25, 11.25 28.75))"
NCEP2000_r028_c014,NCEP-AirTemp-Africa-2000,28,14,15.0,30.0,20.270312786102295,10.240328788757324,11.537245750427246,15.441295623779297,21.839338302612305,24.5135498046875,25.322998046875,26.83515739440918,26.963865280151367,26.073999404907227,22.74871253967285,17.39467430114746,14.332588195800781,1.9970652148288373,0.8799999999999999,True,6.25,"POLYGON ((13.75 28.75, 16.25 28.75, 16.25 31.25, 13.75 31.25, 13.75 28.75))"
NCEP2000_r028_c015,NCEP-AirTemp-Africa-2000,28,15,17.5,30.0,20.521116495132446,11.741944313049316,12.36966323852539,15.583555221557617,21.456335067749023,23.95645523071289,24.597999572753906,25.922256469726562,26.51032066345215,26.609663009643555,23.169679641723633,18.861003875732422,15.47452163696289,1.9192616157462852,0.9565217391304348,True,6.25,"POLYGON ((16.25 28.75, 18.75 28.75, 18.75 31.25, 16.25 31.25, 16.25 28.75))"
NCEP2000_r028_c016,NCEP-AirTemp-Africa-2000,28,16,20.0,30.0,20.87993812561035,11.901299476623535,12.623455047607422,15.67516803741455,21.767669677734375,24.656131744384766,25.404666900634766,27.100963592529297,27.155811309814453,26.874664306640625,22.823549270629883,19.022003173828125,15.553874969482422,1.836806754738775,0.9565217391304348,True,6.25,"POLYGON ((18.75 28.75, 21.25 28.75, 21.25 31.25, 18.75 31.25, 18.75 28.75))"
NCEP2000_r028_c017,NCEP-AirTemp-Africa-2000,28,17,22.5,30.0,20.987945238749187,11.09290599822998,12.412076950073242,15.285167694091797,22.164005279541016,25.4693546295166,26.704668045043945,29.137739181518555,28.144193649291992,26.812997817993164,21.988065719604492,18.159000396728516,14.485167503356934,1.7504823084852652,0.8800000000000001,False,6.25,"POLYGON ((21.25 28.75, 23.75 28.75, 23.75 31.25, 21.25 31.25, 21.25 28.75))"
NCEP2000_r028_c018,NCEP-AirTemp-Africa-2000,28,18,25.0,30.0,20.92429717381795,11.154842376708984,12.91380500793457,15.034200668334961,22.243005752563477,24.759355545043945,26.612329483032227,29.497413635253906,28.194835662841797,26.536333084106445,21.54774284362793,18.148338317871094,14.449363708496094,1.6613703972394744,0.9565217391304348,True,6.25,"POLYGON ((23.75 28.75, 26.25 28.75, 26.25 31.25, 23.75 31.25, 23.75 28.75))"
NCEP2000_r028_c019,NCEP-AirTemp-Africa-2000,28,19,27.5,30.0,20.93948229153951,12.33096981048584,13.846558570861816,15.170329093933105,21.931005477905273,23.325483322143555,25.72933006286621,28.586444854736328,27.77193260192871,26.19733238220215,21.83258628845215,18.976001739501953,15.575813293457031,1.5707963267948966,0.9565217391304348,True,6.25,"POLYGON ((26.25 28.75, 28.75 28.75, 28.75 31.25, 26.25 31.25, 26.25 28.75))"
NCEP2000_r028_c020,NCEP-AirTemp-Africa-2000,28,20,30.0,30.0,20.01190463701884,12.301623344421387,12.915520668029785,14.194524765014648,20.333341598510742,21.766775131225586,24.432668685913086,27.020639419555664,26.531612396240234,25.259334564208984,21.35387420654297,18.680999755859375,15.351941108703613,1.4802222563503187,0.9565217391304348,True,6.25,"POLYGON ((28.75 28.75, 31.25 28.75, 31.25 31.25, 28.75 31.25, 28.75 28.75))"
NCEP2000_r028_c021,NCEP-AirTemp-Africa-2000,28,21,32.5,30.0,18.858048677444458,10.967747688293457,10.980005264282227,12.966135025024414,19.18467140197754,21.043550491333008,23.64299964904785,26.26096534729004,25.228384017944336,24.18733787536621,20.295162200927734,17.44800567626953,14.091619491577148,1.3911103451045281,0.9565217391304349,True,6.25,"POLYGON ((31.25 28.75, 33.75 28.75, 33.75 31.25, 31.25 31.25, 31.25 28.75))"
NCEP2000_r029_c005,NCEP-AirTemp-Africa-2000,29,5,-7.5,32.5,17.740379412968952,9.817427635192871,14.102768898010254,15.430329322814941,13.692005157470703,17.98871421813965,24.69633674621582,25.705156326293945,26.405481338500977,22.26900291442871,16.484848022460938,13.656670570373535,12.635811805725098,2.432495832807343,1.0,True,6.25,"POLYGON ((-8.75 31.25, -6.25 31.25, -6.25 33.75, -8.75 33.75, -8.75 31.25))"
NCEP2000_r029_c006,NCEP-AirTemp-Africa-2000,29,6,-5.0,32.5,17.241849144299824,6.391297817230225,11.705181121826172,13.782265663146973,13.321337699890137,18.86065101623535,26.185331344604492,28.31612777709961,28.436767578125,22.894336700439453,15.248717308044434,11.885008811950684,9.875166893005371,2.395698564651766,1.0,False,6.25,"POLYGON ((-6.25 31.25, -3.75 31.25, -3.75 33.75, -6.25 33.75, -6.25 31.25))"
NCEP2000_r029_c007,NCEP-AirTemp-Africa-2000,29,7,-2.5,32.5,18.287468711535137,6.079040050506592,11.165865898132324,14.193231582641602,15.289338111877441,20.970333099365234,27.182666778564453,30.484189987182617,29.648706436157227,24.559999465942383,16.333555221557617,13.153338432312012,10.389359474182129,2.3557183744408845,1.0,False,6.25,"POLYGON ((-3.75 31.25, -1.25 31.25, -1.25 33.75, -3.75 33.75, -3.75 31.25))"
NCEP2000_r029_c008,NCEP-AirTemp-Africa-2000,29,8,0.0,32.5,19.155290961265564,5.975808620452881,11.021730422973633,14.95903491973877,17.065671920776367,23.224834442138672,28.21266746520996,32.133548736572266,30.41289710998535,25.638336181640625,16.798070907592773,13.64700984954834,10.773880958557129,2.3122692953118937,1.0,False,6.25,"POLYGON ((-1.25 31.25, 1.25 31.25, 1.25 33.75, -1.25 33.75, -1.25 31.25))"
NCEP2000_r029_c009,NCEP-AirTemp-Africa-2000,29,9,2.5,32.5,20.427248120307922,6.937424182891846,11.880356788635254,16.2861328125,19.285669326782227,25.742578506469727,29.33499526977539,33.543548583984375,31.742252349853516,26.898998260498047,17.786455154418945,14.195338249206543,11.4932279586792,2.2650663326195,1.0,False,6.25,"POLYGON ((1.25 31.25, 3.75 31.25, 3.75 33.75, 1.25 33.75, 1.25 31.25))"
NCEP2000_r029_c010,NCEP-AirTemp-Africa-2000,29,10,5.0,32.5,22.447905619939167,9.213557243347168,13.535867691040039,18.13774871826172,22.430002212524414,28.474193572998047,30.656665802001953,34.7996711730957,33.758705139160156,28.872995376586914,20.37516212463379,16.05867576599121,13.061622619628906,2.213840425389199,1.0,False,6.25,"POLYGON ((3.75 31.25, 6.25 31.25, 6.25 33.75, 3.75 33.75, 3.75 31.25))"
NCEP2000_r029_c011,NCEP-AirTemp-Africa-2000,29,11,7.5,32.5,22.69904367129008,9.735811233520508,13.39966106414795,18.022905349731445,23.6806697845459,29.07257652282715,30.249000549316406,33.88774108886719,33.51967239379883,28.98199462890625,21.775806427001953,16.8230037689209,13.239681243896484,2.1583595193402374,1.0,False,6.25,"POLYGON ((6.25 31.25, 8.75 31.25, 8.75 33.75, 6.25 33.75, 6.25 31.25))"
NCEP2000_r029_c012,NCEP-AirTemp-Africa-2000,29,12,10.0,32.5,21.05441888173421,9.357102394104004,12.040350914001465,16.218717575073242,22.215999603271484,26.669675827026367,27.16499137878418,30.389995574951172,30.210962295532227,26.812000274658203,21.58354949951172,16.839675903320312,13.150005340576172,2.0984564295920087,0.8888888888888887,False,6.25,"POLYGON ((8.75 31.25, 11.25 31.25, 11.25 33.75, 8.75 33.75, 8.75 31.25))"
NCEP2000_r029_c013,NCEP-AirTemp-Africa-2000,29,13,12.5,32.5,20.26237201690674,10.969356536865234,12.277246475219727,15.47742748260498,20.438337326049805,23.710969924926758,24.189001083374023,27.2806453704834,27.494516372680664,25.483997344970703,22.244518280029297,18.455669403076172,15.126778602600098,2.0340631519624797,0.8888888888888887,True,6.25,"POLYGON ((11.25 31.25, 13.75 31.25, 13.75 33.75, 11.25 33.75, 11.25 31.25))"
NCEP2000_r029_c017,NCEP-AirTemp-Africa-2000,29,17,22.5,32.5,19.413587252298992,12.065814018249512,12.738972663879395,14.363232612609863,18.133337020874023,21.081937789916992,22.80533218383789,25.312259674072266,25.568710327148438,24.590999603271484,21.23225975036621,19.395668029785156,15.67452335357666,1.7357906577941966,0.9599999999999999,True,6.25,"POLYGON ((21.25 31.25, 23.75 31.25, 23.75 33.75, 21.25 33.75, 21.25 31.25))"
NCEP2000_r030_c006,NCEP-AirTemp-Africa-2000,30,6,-5.0,35.0,18.065180778503418,9.971941947937012,14.259661674499512,14.708717346191406,13.743671417236328,19.11968421936035,25.055662155151367,26.66838836669922,27.073551177978516,23.135334014892578,17.044843673706055,13.411672592163086,12.589040756225586,2.3557183744408845,1.0,True,6.25,"POLYGON ((-6.25 33.75, -3.75 33.75, -3.75 36.25, -6.25 36.25, -6.25 33.75))"
NCEP2000_r030_c007,NCEP-AirTemp-Africa-2000,30,7,-2.5,35.0,17.55842359860738,8.566454887390137,12.622764587402344,13.506457328796387,13.953343391418457,19.247745513916016,24.463998794555664,27.143869400024414,27.553224563598633,22.645002365112305,16.45387840270996,12.844339370727539,11.700004577636719,2.3157412265013453,1.0,True,6.25,"POLYGON ((-3.75 33.75, -1.25 33.75, -1.25 36.25, -3.75 36.25, -3.75 33.75))"
NCEP2000_r030_c008,NCEP-AirTemp-Africa-2000,30,8,0.0,35.0,17.726208686828613,7.82032585144043,11.405176162719727,13.427743911743164,15.146673202514648,20.265485763549805,24.55800437927246,28.05870819091797,28.09676742553711,23.044673919677734,16.483230590820312,12.92867660522461,11.47903823852539,2.2725837466653185,1.0,True,6.25,"POLYGON ((-1.25 33.75, 1.25 33.75, 1.25 36.25, -1.25 36.25, -1.25 33.75))"
NCEP2000_r030_c009,NCEP-AirTemp-Africa-2000,30,9,2.5,35.0,17.62827432155609,6.665172100067139,10.088287353515625,13.184843063354492,15.842342376708984,21.30097007751465,24.7883358001709,28.853221893310547,28.39645004272461,23.53066635131836,16.066457748413086,12.358673095703125,10.463871955871582,2.2260318229999636,1.0,True,6.25,"POLYGON ((1.25 33.75, 3.75 33.75, 3.75 36.25, 1.25 36.25, 1.25 33.75))"
NCEP2000_r030_c010,NCEP-AirTemp-Africa-2000,30,10,5.0,35.0,18.008574843406677,6.463551998138428,9.673454284667969,13.389681816101074,16.93067169189453,22.785165786743164,25.221336364746094,29.491291046142578,29.174514770507812,24.150001525878906,16.318397521972656,12.489340782165527,10.015490531921387,2.1758954207265675,1.0,True,6.25,"POLYGON ((3.75 33.75, 6.25 33.75, 6.25 36.25, 3.75 36.25, 3.75 33.75))"
NCEP2000_r030_c011,NCEP-AirTemp-Africa-2000,30,11,7.5,35.0,19.25052483876546,8.147745132446289,10.915863990783691,14.52226448059082,18.48366928100586,24.25967025756836,25.700666427612305,29.67515754699707,29.99838638305664,25.152997970581055,18.275493621826172,14.385344505310059,11.489038467407227,2.1220263701208757,0.9629629629629628,True,6.25,"POLYGON ((6.25 33.75, 8.75 33.75, 8.75 36.25, 6.25 36.25, 6.25 33.75))"
NCEP2000_r030_c012,NCEP-AirTemp-Africa-2000,30,12,10.0,35.0,20.116777737935383,10.976460456848145,12.711731910705566,15.394527435302734,18.830671310424805,23.593225479125977,24.57233238220215,28.086444854736328,28.971290588378906,25.627330780029297,20.761938095092773,17.426340103149414,14.449039459228516,2.0643403087214245,0.9629629629629629,True,6.25,"POLYGON ((8.75 33.75, 11.25 33.75, 11.25 36.25, 8.75 36.25, 8.75 33.75))"
