{
  "type": "FeatureCollection",
  "features": [
    {
      "type": "Feature",
      "properties": {
        "cell_id": "CEG2000_f4_r0016_c0094",
        "method": "Regular Topology",
        "view": "disk"
      },
      "geometry": {
        "type": "Polygon",
        "coordinates": [
          [
            [
              -0.18590140741907443,
              -0.8723881617008634
            ],
            [
              -0.16950033223410485,
              -0.8757226018144858
            ],
            [
              -0.15303958113736293,
              -0.8787487266343575
            ],
            [
              -0.1365249494586688,
              -0.8814654707539669
            ],
            [
              -0.11996225149755893,
              -0.8838718776903364
            ],
            [
              -0.10335731847624609,
              -0.8859671002207725
            ],
            [
              -0.08671599648662072,
              -0.8877504006811469
            ],
            [
              -0.07004414443202553,
              -0.8892211512256049
            ],
            [
              -0.053347631964507335,
              -0.8903788340476114
            ],
            [
              -0.036632337418296676,
              -0.8912230415622547
            ],
            [
              -0.01990414574022281,
              -0.8917534765497449
            ],
            [
              -0.0031689464178004645,
              -0.8919699522600554
            ],
            [
              -0.0027485812098344774,
              -0.7736488811384233
            ],
            [
              -0.017263832759077002,
              -0.7734611212361409
            ],
            [
              -0.03177300623786897,
              -0.7730010491972245
            ],
            [
              -0.04627099340751387,
              -0.7722688269990465
            ],
            [
              -0.060752689967672385,
              -0.7712647124347731
            ],
            [
              -0.0752129973534333,
              -0.7699890590226032
            ],
            [
              -0.08964682453036528,
              -0.7684423158813051
            ],
            [
              -0.10404908978691033,
              -0.7666250275720959
            ],
            [
              -0.11841472252350553,
              -0.7645378339069183
            ],
            [
              -0.1327386650377819,
              -0.7621814697231815
            ],
            [
              -0.14701587430522994,
              -0.7595567646250477
            ],
            [
              -0.1612413237546969,
              -0.756664642691354
            ],
            [
              -0.18590140741907443,
              -0.8723881617008634
            ]
          ]
        ]
      }
    },
    {
      "type": "Feature",
      "properties": {
        "cell_id": "CEG2000_f4_r0016_c0095",
        "method": "Regular Topology",
        "view": "disk"
      },
      "geometry": {
        "type": "Polygon",
        "coordinates": [
          [
            [
              -0.2917991161365252,
              -0.9564796264541878
            ],
            [
              -0.2516972334896004,
              -0.9678060253241254
            ],
            [
              -0.21115829160866437,
              -0.9774518790635732
            ],
            [
              -0.17025268427056114,
              -0.9854004381461724
            ],
            [
              -0.129051441947743,
              -0.9916379003099913
            ],
            [
              -0.08762610846753065,
              -0.9961534345244394
            ],
            [
              -0.04604861677995394,
              -0.998939199797792
            ],
            [
              -0.004391164049906378,
              -0.999990358792667
            ],
            [
              0.03727391370950467,
              -0.9993050862258114
            ],
            [
              0.07887426724470165,
              -0.9968845720376113
            ],
            [
              0.12033765969237718,
              -0.9927330193258214
            ],
            [
              0.16159209201506933,
              -0.9868576370471038
            ],
            [
              0.14413620023767673,
              -0.8802529146428592
            ],
            [
              0.10733825397802488,
              -0.8854936121673344
            ],
            [
              0.07035392038938489,
              -0.8891966958114771
            ],
            [
              0.03324742085506284,
              -0.891355735361977
            ],
            [
              -0.0039168111067883786,
              -0.8919669817582702
            ],
            [
              -0.0410742417286393,
              -0.8910293736025888
            ],
            [
              -0.07816034905313655,
              -0.8885445390030239
            ],
            [
              -0.11511073497214307,
              -0.8845167927463997
            ],
            [
              -0.1518612370507284,
              -0.8789531288058692
            ],
            [
              -0.18834803994191687,
              -0.8718632081962413
            ],
            [
              -0.22450778619874007,
              -0.8632593421981284
            ],
            [
              -0.26027768629116504,
              -0.8531564709800438
            ],
            [
              -0.2917991161365252,
              -0.9564796264541878
            ]
          ]
        ]
      }
    },
    {
      "type": "Feature",
      "properties": {
        "cell_id": "CEG2000_f4_r0016_c0096",
        "method": "Regular Topology",
        "view": "disk"
      },
      "geometry": {
        "type": "Polygon",
        "coordinates": [
          [
            [
              0.16159209201506933,
              -0.9868576370471038
            ],
            [
              0.1694422533563105,
              -0.9855401172846978
            ],
            [
              0.17728167868533687,
              -0.9841601528219424
            ],
            [
              0.18510987128917145,
              -0.9827178310946161
            ],
            [
              0.19292633516655275,
              -0.9812132434895092
            ],
            [
              0.20073057505936187,
              -0.9796464853386337
            ],
            [
              0.20852209648400152,
              -0.9780176559131828
            ],
            [
              0.2163004057627306,
              -0.9763268584172403
            ],
            [
              0.22406501005493867,
              -0.9745741999812432
            ],
            [
              0.23181541738837635,
              -0.9727597916551921
            ],
            [
              0.2395511366903262,
              -0.9708837484016162
            ],
            [
              0.24727167781871762,
              -0.968946189088288
            ],
            [
              0.22056029860583323,
              -0.8642763404346495
            ],
            [
              0.2136737644434977,
              -0.866004596029807
            ],
            [
              0.20677369172097657,
              -0.8676779808017966
            ],
            [
              0.19986051763302828,
              -0.8692963887234678
            ],
            [
              0.19293468020452553,
              -0.8708597172510518
            ],
            [
              0.18599661826270153,
              -0.8723678673306596
            ],
            [
              0.17904677140934636,
              -0.8738207434045576
            ],
            [
              0.1720855799929502,
              -0.875218253417223
            ],
            [
              0.16511348508080725,
              -0.8765603088211754
            ],
            [
              0.15813092843106613,
              -0.8778468245825882
            ],
            [
              0.15113835246474047,
              -0.879077719186676
            ],
            [
              0.14413620023767673,
              -0.8802529146428592
            ],
            [
              0.16159209201506933,
              -0.9868576370471038
            ]
          ]
        ]
      }
    },
    {
      "type": "Feature",
      "properties": {
        "cell_id": "CEG2000_f4_r0016_c0098",
        "method": "Regular Topology",
        "view": "disk"
      },
      "geometry": {
        "type": "Polygon",
        "coordinates": [
          [
            [
              0.37142354309244985,
              -0.9284635435151188
            ],
            [
              0.3917543629312695,
              -0.920069844698931
            ],
            [
              0.4118956534136893,
              -0.9112310193902038
            ],
            [
              0.4318376702555785,
              -0.9019513437809349
            ],
            [
              0.4515707655806768,
              -0.8922353073449186
            ],
            [
              0.47108539258820725,
              -0.8820876106657516
            ],
            [
              0.4903721101715809,
              -0.8715131631627092
            ],
            [
              0.5094215874859711,
              -0.8605170807155853
            ],
            [
              0.528224608462543,
              -0.8491046831896484
            ],
            [
              0.5467720762671552,
              -0.8372814918619091
            ],
            [
              0.5650550177013723,
              -0.8250532267499484
            ],
            [
              0.5830645875436714,
              -0.8124258038445901
            ],
            [
              0.5200793745145386,
              -0.7246639787934618
            ],
            [
              0.504015277982253,
              -0.7359273316820599
            ],
            [
              0.4877073406653063,
              -0.74683464556579
            ],
            [
              0.47116345228530976,
              -0.7573806435252971
            ],
            [
              0.45439161671615536,
              -0.7675602234445732
            ],
            [
              0.43739994811176613,
              -0.7773684604793462
            ],
            [
              0.4201966669805,
              -0.7868006094396999
            ],
            [
              0.40279009620809686,
              -0.7958521070857805
            ],
            [
              0.3851886570310962,
              -0.8045185743354748
            ],
            [
              0.3674008649626724,
              -0.8127958183829962
            ],
            [
              0.3494353256728627,
              -0.8206798347273465
            ],
            [
              0.33130073082517075,
              -0.8281668091096818
            ],
            [
              0.37142354309244985,
              -0.9284635435151188
            ]
          ]
        ]
      }
    },
    {
      "type": "Feature",
      "properties": {
        "cell_id": "CEG2000_f4_r0017_c0094",
        "method": "Regular Topology",
        "view": "disk"
      },
      "geometry": {
        "type": "Polygon",
        "coordinates": [
          [
            [
              -0.0031689464178004645,
              -0.8919699522600554
            ],
            [
              0.015587687362534993,
              -0.8918393700431106
            ],
            [
              0.034337428169465764,
              -0.8913144108466503
            ],
            [
              0.053071984749660885,
              -0.8903953068109334
            ],
            [
              0.07178307256435315,
              -0.8890824643695462
            ],
            [
              0.09046241745280792,
              -0.8873764640696745
            ],
            [
              0.10910175929121538,
              -0.8852780603153826
            ],
            [
              0.12769285564536292,
              -0.8827881810340105
            ],
            [
              0.14622748541549768,
              -0.8799079272658389
            ],
            [
              0.1646974524717424,
              -0.8766385726772024
            ],
            [
              0.18309458927848168,
              -0.8729815629972654
            ],
            [
              0.20141076050609152,
              -0.8689385153787132
            ],
            [
              0.17469333929910982,
              -0.7536725968150412
            ],
            [
              0.15880683399579132,
              -0.7571793284695737
            ],
            [
              0.14285010331151068,
              -0.7603512306620489
            ],
            [
              0.12683020341295312,
              -0.7631869007573638
            ],
            [
              0.110754218400625,
              -0.7656850848043653
            ],
            [
              0.0946292571762255,
              -0.7678446780903526
            ],
            [
              0.07846245029904018,
              -0.76966472562959
            ],
            [
              0.06226094683276817,
              -0.7711444225856067
            ],
            [
              0.04603191118415586,
              -0.7722831146271006
            ],
            [
              0.029782519934856578,
              -0.7730802982172883
            ],
            [
              0.013519958667895576,
              -0.7735356208365713
            ],
            [
              -0.0027485812098344774,
              -0.7736488811384233
            ],
            [
              -0.0031689464178004645,
              -0.8919699522600554
            ]
          ]
        ]
      }
    },
    {
      "type": "Feature",
      "properties": {
        "cell_id": "CEG2000_f4_r0017_c0095",
        "method": "Regular Topology",
        "view": "disk"
      },
      "geometry": {
        "type": "Polygon",
        "coordinates": [
          [
            [
              0.05372692061700722,
              -0.7717859573653923
            ],
            [
              0.06589891592740955,
              -0.7708420583135003
            ],
            [
              0.07805450109548075,
              -0.7697062042390831
            ],
            [
              0.09019064913845759,
              -0.7683786779924239
            ],
            [
              0.1023043379138053,
              -0.7668598101539938
            ],
            [
              0.11439255087179674,
              -0.7651499789521299
            ],
            [
              0.12645227780668786,
              -0.7632496101688501
            ],
            [
              0.13848051560632432,
              -0.7611591770338239
            ],
            [
              0.15047426899997085,
              -0.7588792001065294
            ],
            [
              0.1624305513041986,
              -0.7564102471466232
            ],
            [
              0.1743463851666235,
              -0.7537529329725576
            ],
            [
              0.18621880330733168,
              -0.7509079193084773
            ],
            [
              0.1525098696840917,
              -0.614980157129919
            ],
            [
              0.14278657154600746,
              -0.6173101724422946
            ],
            [
              0.13302771670825778,
              -0.6194864652290525
            ],
            [
              0.12323573532002709,
              -0.6215084935499521
            ],
            [
              0.11341306577967275,
              -0.6233757538796758
            ],
            [
              0.10356215412751092,
              -0.6250877812332186
            ],
            [
              0.09368545343670823,
              -0.6266441492816772
            ],
            [
              0.0837854232024132,
              -0.6280444704584152
            ],
            [
              0.07386452872929751,
              -0.6292883960555743
            ],
            [
              0.06392524051764155,
              -0.6303756163109104
            ],
            [
              0.053970033648135116,
              -0.6313058604849299
            ],
            [
              0.04400138716552855,
              -0.632078896928309
            ],
            [
              0.05372692061700722,
              -0.7717859573653923
            ]
          ]
        ]
      }
    },
    {
      "type": "Feature",
      "properties": {
        "cell_id": "CEG2000_f4_r0017_c0096",
        "method": "Regular Topology",
        "view": "disk"
      },
      "geometry": {
        "type": "Polygon",
        "coordinates": [
          [
            [
              0.24727167781871762,
              -0.968946189088288
            ],
            [
              0.25876488936501063,
              -0.965940335648074
            ],
            [
              0.27022158166401117,
              -0.9627981599499451
            ],
            [
              0.2816401378434293,
              -0.9595201054462247
            ],
            [
              0.29301894641309,
              -0.9561066347656848
            ],
            [
              0.30435640149236143,
              -0.9525582296482564
            ],
            [
              0.315650903036792,
              -0.9488753908770412
            ],
            [
              0.32690085706391986,
              -0.9450586382076377
            ],
            [
              0.3381046758782353,
              -0.9411085102947871
            ],
            [
              0.3492607782952472,
              -0.9370255646163547
            ],
            [
              0.36036758986463513,
              -0.9328103773946526
            ],
            [
              0.37142354309244985,
              -0.9284635435151188
            ],
            [
              0.33130073082517075,
              -0.8281668091096818
            ],
            [
              0.32143909051597735,
              -0.832044078786975
            ],
            [
              0.31153208580798614,
              -0.8358039228600989
            ],
            [
              0.30158111486752387,
              -0.8394458107057691
            ],
            [
              0.2915875820658307,
              -0.8429692283477535
            ],
            [
              0.28155289778086245,
              -0.8463736785294091
            ],
            [
              0.27147847819824467,
              -0.8496586807838602
            ],
            [
              0.2613657451114106,
              -0.8528237715018042
            ],
            [
              0.25121612572094026,
              -0.8558685039969429
            ],
            [
              0.24103105243314416,
              -0.8587924485690214
            ],
            [
              0.23081196265790815,
              -0.8615951925644716
            ],
            [
              0.22056029860583323,
              -0.8642763404346495
            ],
            [
              0.24727167781871762,
              -0.968946189088288
            ]
          ]
        ]
      }
    },
    {
      "type": "Feature",
      "properties": {
        "cell_id": "CEG2000_f4_r0017_c0097",
        "method": "Regular Topology",
        "view": "disk"
      },
      "geometry": {
        "type": "Polygon",
        "coordinates": [
          [
            [
              0.20141076050609152,
              -0.8689385153787132
            ],
            [
              0.22131706747835586,
              -0.8640828626925691
            ],
            [
              0.2411065883506674,
              -0.8587712448668192
            ],
            [
              0.2607688804536516,
              -0.8530064647721924
            ],
            [
              0.28029356825487883,
              -0.8467915644071757
            ],
            [
              0.2996703488338963,
              -0.8401298232927904
            ],
            [
              0.3188889973189438,
              -0.8330247567420329
            ],
            [
              0.337939372282481,
              -0.8254801140048906
            ],
            [
              0.3568114210926896,
              -0.8174998762899109
            ],
            [
              0.3754951852181117,
              -0.8090882546633713
            ],
            [
              0.3939808054826362,
              -0.8002496878271541
            ],
            [
              0.41225852726805634,
              -0.7909888397765026
            ],
            [
              0.35757185267572505,
              -0.6860630555272971
            ],
            [
              0.3417186964419072,
              -0.6940954390337435
            ],
            [
              0.3256852197552065,
              -0.7017615575239244
            ],
            [
              0.3094798832699784,
              -0.709057365688138
            ],
            [
              0.2931112383287295,
              -0.7159790136245616
            ],
            [
              0.2765879224496863,
              -0.7225228488707937
            ],
            [
              0.2599186547688903,
              -0.7286854183312109
            ],
            [
              0.24311223143922756,
              -0.73446347009912
            ],
            [
              0.22617752098881036,
              -0.7398539551727474
            ],
            [
              0.20912345964117474,
              -0.7448540290641567
            ],
            [
              0.1919590465997525,
              -0.7494610533002468
            ],
            [
              0.17469333929910982,
              -0.7536725968150412
            ],
            [
              0.20141076050609152,
              -0.8689385153787132
            ]
          ]
        ]
      }
    },
    {
      "type": "Feature",
      "properties": {
        "cell_id": "CEG2000_f4_r0017_c0098",
        "method": "Regular Topology",
        "view": "disk"
      },
      "geometry": {
        "type": "Polygon",
        "coordinates": [
          [
            [
              0.41225852726805634,
              -0.7909888397765026
            ],
            [
              0.41995020994704474,
              -0.7869321820345369
            ],
            [
              0.4276019791392548,
              -0.7828007315992984
            ],
            [
              0.4352131075946919,
              -0.7785948811377941
            ],
            [
              0.44278287192599236,
              -0.7743150303882617
            ],
            [
              0.45031055267717934,
              -0.7699615861221765
            ],
            [
              0.4577954343920407,
              -0.76553496210559
            ],
            [
              0.4652368056821318,
              -0.7610355790598038
            ],
            [
              0.4726339592943833,
              -0.756463864621384
            ],
            [
              0.47998619217832433,
              -0.751820253301517
            ],
            [
              0.48729280555290094,
              -0.7471051864447115
            ],
            [
              0.4945531049728935,
              -0.742319112186851
            ],
            [
              0.4289499386793935,
              -0.6438494358872624
            ],
            [
              0.4226527282085978,
              -0.6480006306503341
            ],
            [
              0.41631534739455867,
              -0.6520902372441635
            ],
            [
              0.4099383985633589,
              -0.6561178669787238
            ],
            [
              0.4035224878017608,
              -0.6600831370544769
            ],
            [
              0.3970682248995996,
              -0.6639856705987581
            ],
            [
              0.39057622329182834,
              -0.667825096701594
            ],
            [
              0.384047100000212,
              -0.6716010504509567
            ],
            [
              0.377481475574688,
              -0.6753131729674446
            ],
            [
              0.37087997403438383,
              -0.6789611114383918
            ],
            [
              0.36424322280831023,
              -0.6825445191514009
            ],
            [
              0.35757185267572505,
              -0.6860630555272971
            ],
            [
              0.41225852726805634,
              -0.7909888397765026
            ]
          ]
        ]
      }
    },
    {
      "type": "Feature",
      "properties": {
        "cell_id": "CEG2000_f4_r0017_c0100",
        "method": "Regular Topology",
        "view": "disk"
      },
      "geometry": {
        "type": "Polygon",
        "coordinates": [
          [
            [
              0.5830645875436714,
              -0.8124258038445901
            ],
            [
              0.5970639198423778,
              -0.8021936646611307
            ],
            [
              0.6108837281694791,
              -0.7917203235093552
            ],
            [
              0.6245198572129644,
              -0.7810089294922936
            ],
            [
              0.6379682068891364,
              -0.7700627032902321
            ],
            [
              0.65122473357542,
              -0.7588849361923211
            ],
            [
              0.6642854513261882,
              -0.7474789891069598
            ],
            [
              0.6771464330712484,
              -0.7358482915512445
            ],
            [
              0.6898038117966263,
              -0.7239963406197883
            ],
            [
              0.7022537817072921,
              -0.7119266999332212
            ],
            [
              0.7144925993714774,
              -0.6996429985666901
            ],
            [
              0.7265165848462455,
              -0.6871489299586722
            ],
            [
              0.648035053222939,
              -0.6129200663631001
            ],
            [
              0.6373099517873781,
              -0.6240644704747853
            ],
            [
              0.6263932252847414,
              -0.6350212321439209
            ],
            [
              0.6152881561342695,
              -0.6457870569135737
            ],
            [
              0.6039980833856906,
              -0.6563587077373293
            ],
            [
              0.5925264017152396,
              -0.666733005952604
            ],
            [
              0.5808765604049547,
              -0.6769068322363968
            ],
            [
              0.5690520623055546,
              -0.6868771275432016
            ],
            [
              0.5570564627832076,
              -0.6966408940247947
            ],
            [
              0.5448933686505114,
              -0.7061951959316223
            ],
            [
              0.532566437082006,
              -0.7155371604955135
            ],
            [
              0.5200793745145386,
              -0.7246639787934618
            ],
            [
              0.5830645875436714,
              -0.8124258038445901
            ]
          ]
        ]
      }
    },
    {
      "type": "Feature",
      "properties": {
        "cell_id": "CEG2000_f4_r0018_c0094",
        "method": "Regular Topology",
        "view": "disk"
      },
      "geometry": {
        "type": "Polygon",
        "coordinates": [
          [
            [
              -0.24929734912636797,
              -0.7323871774573659
            ],
            [
              -0.222668499020244,
              -0.740917596990025
            ],
            [
              -0.19574878050519334,
              -0.7484801673498979
            ],
            [
              -0.16857335839225945,
              -0.7550650096685426
            ],
            [
              -0.14117773151413035,
              -0.7606635222685031
            ],
            [
              -0.11359768635356755,
              -0.7652683918995465
            ],
            [
              -0.08586925029607594,
              -0.7688736032918488
            ],
            [
              -0.058028644567888865,
              -0.7714744470136488
            ],
            [
              -0.030112236920742008,
              -0.7730675256231053
            ],
            [
              -0.0021564941252434607,
              -0.7736507581063236
            ],
            [
              0.025802065665106098,
              -0.773223382595751
            ],
            [
              0.05372692061700722,
              -0.7717859573653923
            ],
            [
              0.04400138716552855,
              -0.632078896928309
            ],
            [
              0.021131430351162495,
              -0.6332561224859279
            ],
            [
              -0.0017661301231358562,
              -0.6336061353861614
            ],
            [
              -0.024661383529028663,
              -0.6331284784125831
            ],
            [
              -0.047524422151867474,
              -0.6318237755210939
            ],
            [
              -0.07032538035867396,
              -0.6296937310248581
            ],
            [
              -0.09303447361115552,
              -0.6267411273679857
            ],
            [
              -0.11562203737278555,
              -0.6229698214908685
            ],
            [
              -0.13805856585912757,
              -0.6183847397919191
            ],
            [
              -0.16031475058078376,
              -0.6129918716922922
            ],
            [
              -0.18236151862862224,
              -0.6067982618119973
            ],
            [
              -0.20417007065126477,
              -0.5998120007676206
            ],
            [
              -0.24929734912636797,
              -0.7323871774573659
            ]
          ]
        ]
      }
    },
    {
      "type": "Feature",
      "properties": {
        "cell_id": "CEG2000_f4_r0018_c0095",
        "method": "Regular Topology",
        "view": "disk"
      },
      "geometry": {
        "type": "Polygon",
        "coordinates": [
          [
            [
              0.11890622795495959,
              -0.6223513179612635
            ],
            [
              0.1266639326721384,
              -0.620818896438105
            ],
            [
              0.13440190855864537,
              -0.6191897778471412
            ],
            [
              0.1421189503683387,
              -0.6174642159354663
            ],
            [
              0.1498138561157139,
              -0.6156424794719243
            ],
            [
              0.15748542726311734,
              -0.6137248522052468
            ],
            [
              0.1651324689074315,
              -0.6117116328198563
            ],
            [
              0.17275378996618565,
              -0.6096031348893455
            ],
            [
              0.18034820336307986,
              -0.6073996868276339
            ],
            [
              0.18791452621287646,
              -0.6051016318378167
            ],
            [
              0.19545158000564744,
              -0.6027093278587071
            ],
            [
              0.20295819079033153,
              -0.6002231475090859
            ],
            [
              0.1448119006817759,
              -0.42826285790940016
            ],
            [
              0.13945588833669442,
              -0.43003676267502877
            ],
            [
              0.13407815472061438,
              -0.43174368608065433
            ],
            [
              0.12867953745474153,
              -0.43338336226051566
            ],
            [
              0.12326087741306076,
              -0.43495553582309765
            ],
            [
              0.11782301859136689,
              -0.43645996189090935
            ],
            [
              0.1123668079758031,
              -0.4378964061386261
            ],
            [
              0.10689309541093979,
              -0.43926464482958716
            ],
            [
              0.10140273346740196,
              -0.4405644648506443
            ],
            [
              0.09589657730907825,
              -0.44179566374535595
            ],
            [
              0.09037548455991977,
              -0.44295804974552083
            ],
            [
              0.08484031517036211,
              -0.44405144180104766
            ],
            [
              0.11890622795495959,
              -0.6223513179612635
            ]
          ]
        ]
      }
    },
    {
      "type": "Feature",
      "properties": {
        "cell_id": "CEG2000_f4_r0018_c0096",
        "method": "Regular Topology",
        "view": "disk"
      },
      "geometry": {
        "type": "Polygon",
        "coordinates": [
          [
            [
              0.18621880330733168,
              -0.7509079193084773
            ],
            [
              0.19908806756217562,
              -0.7475988813125392
            ],
            [
              0.21189860138530023,
              -0.7440693037052094
            ],
            [
              0.22464662570450167,
              -0.7403202277021633
            ],
            [
              0.23732837988770944,
              -0.7363527592704984
            ],
            [
              0.24994012285236078,
              -0.7321680688024768
            ],
            [
              0.26247813416900767,
              -0.7277673907702639
            ],
            [
              0.2749387151588377,
              -0.7231520233617611
            ],
            [
              0.28731818998476927,
              -0.7183233280976454
            ],
            [
              0.2996129067358176,
              -0.7132827294297233
            ],
            [
              0.3118192385043965,
              -0.7080317143207214
            ],
            [
              0.3239335844562446,
              -0.7025718318056385
            ],
            [
              0.2652958126370771,
              -0.5753937658784907
            ],
            [
              0.25537437994816015,
              -0.5798653120171022
            ],
            [
              0.24537761252035942,
              -0.5841657994853917
            ],
            [
              0.2353084593725399,
              -0.5882939596513976
            ],
            [
              0.22516989087715328,
              -0.5922485747192385
            ],
            [
              0.21496489788398743,
              -0.596028478088359
            ],
            [
              0.20469649083787575,
              -0.5996325546976732
            ],
            [
              0.19436769889062072,
              -0.6030597413545059
            ],
            [
              0.18398156900740634,
              -0.6063090270482302
            ],
            [
              0.17354116506794823,
              -0.6093794532485138
            ],
            [
              0.16304956696265924,
              -0.6122701141880827
            ],
            [
              0.1525098696840917,
              -0.614980157129919
            ],
            [
              0.18621880330733168,
              -0.7509079193084773
            ]
          ]
        ]
      }
    },
    {
      "type": "Feature",
      "properties": {
        "cell_id": "CEG2000_f4_r0018_c0097",
        "method": "Regular Topology",
        "view": "disk"
      },
      "geometry": {
        "type": "Polygon",
        "coordinates": [
          [
            [
              0.3239335844562446,
              -0.7025718318056385
            ],
            [
              0.33278207644982866,
              -0.6984241086754822
            ],
            [
              0.3415774717635274,
              -0.6941649492512842
            ],
            [
              0.3503183670576693,
              -0.6897950330985644
            ],
            [
              0.35900336768827623,
              -0.6853150574545096
            ],
            [
              0.36763108792957955,
              -0.6807257371167298
            ],
            [
              0.3762001511951228,
              -0.6760278043292067
            ],
            [
              0.38470919025739664,
              -0.6712220086654637
            ],
            [
              0.39315684746599017,
              -0.6663091169089655
            ],
            [
              0.4015417749642045,
              -0.6612899129307792
            ],
            [
              0.4098626349041136,
              -0.6561651975644995
            ],
            [
              0.4181180996600181,
              -0.650935788478477
            ],
            [
              0.34243124624997967,
              -0.5331047698213591
            ],
            [
              0.3356701682506398,
              -0.5373875623432177
            ],
            [
              0.32885553276508805,
              -0.5415846125808862
            ],
            [
              0.3219884270950299,
              -0.5456952508786083
            ],
            [
              0.31506994691399137,
              -0.549718821367991
            ],
            [
              0.30810119609250475,
              -0.5536546820726495
            ],
            [
              0.301083286521977,
              -0.5575022050106381
            ],
            [
              0.2940173379372878,
              -0.5612607762946465
            ],
            [
              0.2869044777381267,
              -0.5649297962299487
            ],
            [
              0.27974584080911696,
              -0.5685086794100849
            ],
            [
              0.27254256933873555,
              -0.5719968548102682
            ],
            [
              0.2652958126370771,
              -0.5753937658784907
            ],
            [
              0.3239335844562446,
              -0.7025718318056385
            ]
          ]
        ]
      }
    },
    {
      "type": "Feature",
      "properties": {
        "cell_id": "CEG2000_f4_r0018_c0098",
        "method": "Regular Topology",
        "view": "disk"
      },
      "geometry": {
        "type": "Polygon",
        "coordinates": [
          [
            [
              0.4945531049728935,
              -0.742319112186851
            ],
            [
              0.5026749209551074,
              -0.7368435124224011
            ],
            [
              0.5107361179666234,
              -0.7312790546437029
            ],
            [
              0.5187357238852116,
              -0.7256264098842392
            ],
            [
              0.5266727740160818,
              -0.7198862598122079
            ],
            [
              0.5345463112082226,
              -0.7140592966483151
            ],
            [
              0.5423553859698244,
              -0.7081462230823005
            ],
            [
              0.5500990565827819,
              -0.702147752188197
            ],
            [
              0.5577763892162586,
              -0.6960646073383399
            ],
            [
              0.5653864580393002,
              -0.6898975221161321
            ],
            [
              0.5729283453324815,
              -0.683647240227582
            ],
            [
              0.5804011415985799,
              -0.6773145154116141
            ],
            [
              0.503410112270565,
              -0.5874677904780301
            ],
            [
              0.4969285929597476,
              -0.592960470423153
            ],
            [
              0.4903871476439522,
              -0.5983816436113578
            ],
            [
              0.48378656517431307,
              -0.6037306562882505
            ],
            [
              0.4771276415334806,
              -0.6090068634014726
            ],
            [
              0.4704111797396281,
              -0.6142096286784934
            ],
            [
              0.4636379897496158,
              -0.6193383247033375
            ],
            [
              0.4568088883613153,
              -0.6243923329922468
            ],
            [
              0.44992469911510957,
              -0.6293710440682663
            ],
            [
              0.4429862521945796,
              -0.6342738575347417
            ],
            [
              0.43599438432639215,
              -0.6391001821477222
            ],
            [
              0.4289499386793935,
              -0.6438494358872624
            ],
            [
              0.4945531049728935,
              -0.742319112186851
            ]
          ]
        ]
      }
    },
    {
      "type": "Feature",
      "properties": {
        "cell_id": "CEG2000_f4_r0018_c0099",
        "method": "Regular Topology",
        "view": "disk"
      },
      "geometry": {
        "type": "Polygon",
        "coordinates": [
          [
            [
              0.5804011415985799,
              -0.6773145154116141
            ],
            [
              0.5904761489759026,
              -0.6685494412882207
            ],
            [
              0.6004188055945449,
              -0.6596345168687161
            ],
            [
              0.6102268828832939,
              -0.650571740365921
            ],
            [
              0.6198981824358769,
              -0.6413631431325788
            ],
            [
              0.6294305365037134,
              -0.6320107892060483
            ],
            [
              0.6388218084818034,
              -0.6225167748456603
            ],
            [
              0.6480698933876271,
              -0.612883228062862
            ],
            [
              0.6571727183329653,
              -0.6031123081442341
            ],
            [
              0.6661282429885169,
              -0.5932062051675082
            ],
            [
              0.6749344600412279,
              -0.5831671395106729
            ],
            [
              0.6835893956442111,
              -0.5729973613542968
            ],
            [
              0.5929102990052803,
              -0.4969884539090125
            ],
            [
              0.5854034528064737,
              -0.5058091966618048
            ],
            [
              0.5777653928554298,
              -0.5145165661123189
            ],
            [
              0.5699978311654649,
              -0.5231086105696098
            ],
            [
              0.5621025087767275,
              -0.5315834041919578
            ],
            [
              0.5540811953659618,
              -0.5399390474185288
            ],
            [
              0.5459356888498436,
              -0.5481736673951497
            ],
            [
              0.537667814981995,
              -0.5562854183940907
            ],
            [
              0.5292794269437521,
              -0.5642724822277753
            ],
            [
              0.5207724049287913,
              -0.5721330686563088
            ],
            [
              0.5121486557216953,
              -0.5798654157887517
            ],
            [
              0.503410112270565,
              -0.5874677904780301
            ],
            [
              0.5804011415985799,
              -0.6773145154116141
            ]
          ]
        ]
      }
    },
    {
      "type": "Feature",
      "properties": {
        "cell_id": "CEG2000_f4_r0018_c0100",
        "method": "Regular Topology",
        "view": "disk"
      },
      "geometry": {
        "type": "Polygon",
        "coordinates": [
          [
            [
              0.7265165848462455,
              -0.6871489299586722
            ],
            [
              0.7422476092862519,
              -0.67012572440464
            ],
            [
              0.7575798577413247,
              -0.6527424906842163
            ],
            [
              0.7725050928895737,
              -0.6350085680206773
            ],
            [
              0.7870152960789054,
              -0.6169334840465647
            ],
            [
              0.8011026716350784,
              -0.5985269496849241
            ],
            [
              0.8147596510499671,
              -0.579798853932065
            ],
            [
              0.8279788970477753,
              -0.5607592585446535
            ],
            [
              0.8407533075270259,
              -0.5414183926339833
            ],
            [
              0.8530760193761951,
              -0.5217866471703405
            ],
            [
              0.8649404121609523,
              -0.5018745694004051
            ],
            [
              0.876340111681017,
              -0.48169285718069615
            ],
            [
              0.7816739806907368,
              -0.42965826637841154
            ],
            [
              0.7715057270826322,
              -0.44765986087084414
            ],
            [
              0.7609229784295438,
              -0.46542094801815304
            ],
            [
              0.7499314203624733,
              -0.48293198559354894
            ],
            [
              0.7385369581471822,
              -0.5001835657105416
            ],
            [
              0.7267457135115628,
              -0.5171664198773679
            ],
            [
              0.71456402135671,
              -0.5338714239765335
            ],
            [
              0.7019984263534685,
              -0.5502896031667855
            ],
            [
              0.6890556794262745,
              -0.5664121367048907
            ],
            [
              0.6757427341261926,
              -0.5822303626846184
            ],
            [
              0.6620667428950864,
              -0.5977357826903924
            ],
            [
              0.648035053222939,
              -0.6129200663631001
            ],
            [
              0.7265165848462455,
              -0.6871489299586722
            ]
          ]
        ]
      }
    },
    {
      "type": "Feature",
      "properties": {
        "cell_id": "CEG2000_f4_r0019_c0089",
        "method": "Regular Topology",
        "view": "disk"
      },
      "geometry": {
        "type": "Polygon",
        "coordinates": [
          [
            [
              -0.8780993359998667,
              -0.4784783758087644
            ],
            [
              -0.866538558275402,
              -0.49911013516255864
            ],
            [
              -0.8544931072724503,
              -0.5194627316986973
            ],
            [
              -0.8419697202656224,
              -0.5395247817809942
            ],
            [
              -0.8289754018492103,
              -0.5592850642820174
            ],
            [
              -0.8155174200193671,
              -0.5787325268593041
            ],
            [
              -0.8016033021089659,
              -0.5978562921371673
            ],
            [
              -0.7872408305774027,
              -0.6166456637906417
            ],
            [
              -0.7724380386577031,
              -0.6350901325281638
            ],
            [
              -0.7572032058633658,
              -0.6531793819696403
            ],
            [
              -0.7415448533574568,
              -0.6709032944166156
            ],
            [
              -0.7254717391865418,
              -0.6882519565113159
            ],
            [
              -0.6471030764080682,
              -0.6139039391137822
            ],
            [
              -0.6614399017668611,
              -0.5984293561539655
            ],
            [
              -0.6754067698483347,
              -0.582620059042978
            ],
            [
              -0.688995868688811,
              -0.566484890253884
            ],
            [
              -0.7021995976189094,
              -0.550032874526647
            ],
            [
              -0.7150105715147623,
              -0.5332732138203993
            ],
            [
              -0.7274216249286708,
              -0.5162152821665943
            ],
            [
              -0.7394258160968895,
              -0.4988686204259126
            ],
            [
              -0.7510164308223023,
              -0.48124293095185755
            ],
            [
              -0.7621869862298141,
              -0.4633480721640242
            ],
            [
              -0.7729312343923582,
              -0.44519405303407844
            ],
            [
              -0.7832431658254961,
              -0.42679102748752673
            ],
            [
              -0.8780993359998667,
              -0.4784783758087644
            ]
          ]
        ]
      }
    },
    {
      "type": "Feature",
      "properties": {
        "cell_id": "CEG2000_f4_r0019_c0090",
        "method": "Regular Topology",
        "view": "disk"
      },
      "geometry": {
        "type": "Polygon",
        "coordinates": [
          [
            [
              -0.7229889162068438,
              -0.522405460344987
            ],
            [
              -0.7070306351213889,
              -0.5438088992983197
            ],
            [
              -0.6904389452100967,
              -0.5647251551802641
            ],
            [
              -0.6732287105004987,
              -0.5851354897064783
            ],
            [
              -0.6554153491569824,
              -0.6050216178333097
            ],
            [
              -0.6370148196680948,
              -0.6243657241388489
            ],
            [
              -0.6180436065497806,
              -0.6431504787832661
            ],
            [
              -0.5985187055773705,
              -0.661359053034124
            ],
            [
              -0.5784576085595429,
              -0.6789751343427675
            ],
            [
              -0.5578782876679063,
              -0.6959829409582747
            ],
            [
              -0.536799179336238,
              -0.7123672360658833
            ],
            [
              -0.5152391677438001,
              -0.7281133414372247
            ],
            [
              -0.44689196607316506,
              -0.6315280806461915
            ],
            [
              -0.4655920117457328,
              -0.6178707183415985
            ],
            [
              -0.4838749466527555,
              -0.6036598230685842
            ],
            [
              -0.5017243916279618,
              -0.5889081259678398
            ],
            [
              -0.5191243558564953,
              -0.5736288426691777
            ],
            [
              -0.5360592512006376,
              -0.5578356614520205
            ],
            [
              -0.5525139061647806,
              -0.5415427309824568
            ],
            [
              -0.5684735794871416,
              -0.524764647637851
            ],
            [
              -0.5839239733460458,
              -0.507516442430359
            ],
            [
              -0.5988512461689407,
              -0.48981356754106775
            ],
            [
              -0.6132420250326711,
              -0.47167188247682335
            ],
            [
              -0.6270834176439046,
              -0.4531076398621432
            ],
            [
              -0.7229889162068438,
              -0.522405460344987
            ]
          ]
        ]
      }
    },
    {
      "type": "Feature",
      "properties": {
        "cell_id": "CEG2000_f4_r0019_c0091",
        "method": "Regular Topology",
        "view": "disk"
      },
      "geometry": {
        "type": "Polygon",
        "coordinates": [
          [
            [
              -0.7254717391865418,
              -0.6882519565113159
            ],
            [
              -0.6924256947789039,
              -0.7214891941047712
            ],
            [
              -0.6578585607545521,
              -0.7531414966936487
            ],
            [
              -0.6218462726384681,
              -0.7831393319235371
            ],
            [
              -0.5844679406051307,
              -0.8114168018994907
            ],
            [
              -0.545805675692843,
              -0.8379117879475614
            ],
            [
              -0.5059444094258965,
              -0.8625660870743069
            ],
            [
              -0.4649717072408223,
              -0.8853255398245071
            ],
            [
              -0.4229775761265753,
              -0.9061401492562213
            ],
            [
              -0.38005426690123234,
              -0.9249641907718195
            ],
            [
              -0.33629607155954455,
              -0.9417563125637214
            ],
            [
              -0.2917991161365252,
              -0.9564796264541878
            ],
            [
              -0.26027768629116504,
              -0.8531564709800438
            ],
            [
              -0.2999678839786929,
              -0.8400236345112856
            ],
            [
              -0.3389991257131009,
              -0.8250454719116744
            ],
            [
              -0.37728566941841296,
              -0.8082548865349991
            ],
            [
              -0.41474340893778183,
              -0.7896887631838713
            ],
            [
              -0.4512900587941115,
              -0.7693878870828497
            ],
            [
              -0.4868453349510918,
              -0.7473968542832942
            ],
            [
              -0.5213311311775553,
              -0.7237639736967675
            ],
            [
              -0.5546716906277359,
              -0.6985411609721891
            ],
            [
              -0.5867937722604974,
              -0.6717838244498745
            ],
            [
              -0.6176268117319584,
              -0.6435507434429864
            ],
            [
              -0.6471030764080682,
              -0.6139039391137822
            ],
            [
              -0.7254717391865418,
              -0.6882519565113159
            ]
          ]
        ]
      }
    },
    {
      "type": "Feature",
      "properties": {
        "cell_id": "CEG2000_f4_r0019_c0094",
        "method": "Regular Topology",
        "view": "disk"
      },
      "geometry": {
        "type": "Polygon",
        "coordinates": [
          [
            [
              -0.26321281999439355,
              -0.5763496034571357
            ],
            [
              -0.23638131158829992,
              -0.5878636998032738
            ],
            [
              -0.20904784495991158,
              -0.598129461347805
            ],
            [
              -0.18127046301552058,
              -0.6071250886372077
            ],
            [
              -0.15310815132030237,
              -0.6148314793615222
            ],
            [
              -0.12462071284184094,
              -0.6212322689183088
            ],
            [
              -0.0958686409578913,
              -0.626313865163055
            ],
            [
              -0.066912990998054,
              -0.6300654772722378
            ],
            [
              -0.03781525059213072,
              -0.6324791386577527
            ],
            [
              -0.008637209100494148,
              -0.6335497238840475
            ],
            [
              0.020559173596275824,
              -0.633274959552039
            ],
            [
              0.049711898669857355,
              -0.6316554291267007
            ],
            [
              0.03546974135337448,
              -0.4506899815750516
            ],
            [
              0.014669095114268787,
              -0.45184552636086167
            ],
            [
              -0.006162701103896879,
              -0.45204157237902315
            ],
            [
              -0.026981410760905197,
              -0.4512777033237371
            ],
            [
              -0.047742825105989074,
              -0.44955554127904435
            ],
            [
              -0.06840285705558398,
              -0.44687874327431254
            ],
            [
              -0.0889176348127187,
              -0.44325299351849573
            ],
            [
              -0.10924359502923871,
              -0.4386859913296563
            ],
            [
              -0.12933757531304127,
              -0.43318743478538135
            ],
            [
              -0.14915690588386996,
              -0.426769000128812
            ],
            [
              -0.168659500183047,
              -0.4194443169740179
            ],
            [
              -0.18780394424472793,
              -0.41122893936336574
            ],
            [
              -0.26321281999439355,
              -0.5763496034571357
            ]
          ]
        ]
      }
    },
    {
      "type": "Feature",
      "properties": {
        "cell_id": "CEG2000_f4_r0019_c0095",
        "method": "Regular Topology",
        "view": "disk"
      },
      "geometry": {
        "type": "Polygon",
        "coordinates": [
          [
            [
              0.049711898669857355,
              -0.6316554291267007
            ],
            [
              0.05603994148329598,
              -0.6311254859163488
            ],
            [
              0.062362355318661716,
              -0.6305321487868065
            ],
            [
              0.068678505115889,
              -0.6298754773363108
            ],
            [
              0.07498775644411038,
              -0.629155537524766
            ],
            [
              0.08128947556538027,
              -0.6283724016671197
            ],
            [
              0.08758302949833241,
              -0.6275261484260977
            ],
            [
              0.09386778608175786,
              -0.626616862804304
            ],
            [
              0.10014311403810641,
              -0.6256446361356816
            ],
            [
              0.1064083830368935,
              -0.6246095660763388
            ],
            [
              0.1126629637580154,
              -0.6235117565947403
            ],
            [
              0.11890622795495959,
              -0.6223513179612635
            ],
            [
              0.08484031517036211,
              -0.44405144180104766
            ],
            [
              0.08038570828163616,
              -0.4448794218075897
            ],
            [
              0.07592302698424058,
              -0.4456627155342321
            ],
            [
              0.0714527195358743,
              -0.44640124430239136
            ],
            [
              0.06697523496025003,
              -0.4470949339299372
            ],
            [
              0.06249102300199335,
              -0.4477437147386437
            ],
            [
              0.058000534081466965,
              -0.4483475215611883
            ],
            [
              0.05350421924952938,
              -0.4489062937476973
            ],
            [
              0.049002530142226386,
              -0.44941997517183835
            ],
            [
              0.0444959189354277,
              -0.44988851423645776
            ],
            [
              0.03998483829940695,
              -0.4503118638787634
            ],
            [
              0.03546974135337448,
              -0.4506899815750516
            ],
            [
              0.049711898669857355,
              -0.6316554291267007
            ]
          ]
        ]
      }
    },
    {
      "type": "Feature",
      "properties": {
        "cell_id": "CEG2000_f4_r0019_c0096",
        "method": "Regular Topology",
        "view": "disk"
      },
      "geometry": {
        "type": "Polygon",
        "coordinates": [
          [
            [
              0.20295819079033153,
              -0.6002231475090859
            ],
            [
              0.2130914612645149,
              -0.5967008322021616
            ],
            [
              0.2231636430158078,
              -0.593007455644962
            ],
            [
              0.23317184856708534,
              -0.5891440766488336
            ],
            [
              0.2431132087818185,
              -0.585111802761153
            ],
            [
              0.25298487368659334,
              -0.5809117899478172
            ],
            [
              0.2627840132881374,
              -0.5765452422618528
            ],
            [
              0.272507818384617,
              -0.5720134114982403
            ],
            [
              0.2821535013709755,
              -0.567317596835051
            ],
            [
              0.291718297038079,
              -0.5624591444610014
            ],
            [
              0.3011994633654422,
              -0.5574394471895294
            ],
            [
              0.3105942823073067,
              -0.552259944059505
            ],
            [
              0.22161090511630538,
              -0.3940408212067977
            ],
            [
              0.21490764479340463,
              -0.3977364281193608
            ],
            [
              0.20814277508699353,
              -0.40131801258214267
            ],
            [
              0.20131823533921386,
              -0.40478454783217765
            ],
            [
              0.19443598199832043,
              -0.4081350400886261
            ],
            [
              0.18749798805780962,
              -0.41136852883767017
            ],
            [
              0.18050624249080466,
              -0.4144840871078725
            ],
            [
              0.17346274967986003,
              -0.41748082173591855
            ],
            [
              0.16636952884234812,
              -0.42035787362266774
            ],
            [
              0.15922861345159345,
              -0.4231144179794381
            ],
            [
              0.15204205065391943,
              -0.42574966456445573
            ],
            [
              0.1448119006817759,
              -0.42826285790940016
            ],
            [
              0.20295819079033153,
              -0.6002231475090859
            ]
          ]
        ]
      }
    },
    {
      "type": "Feature",
      "properties": {
        "cell_id": "CEG2000_f4_r0019_c0097",
        "method": "Regular Topology",
        "view": "disk"
      },
      "geometry": {
        "type": "Polygon",
        "coordinates": [
          [
            [
              0.4181180996600181,
              -0.650935788478477
            ],
            [
              0.42923365946799,
              -0.6436603231247977
            ],
            [
              0.4402226536330205,
              -0.6361950653798747
            ],
            [
              0.45108184189405,
              -0.6285422164810195
            ],
            [
              0.46180802226513534,
              -0.6207040329794593
            ],
            [
              0.47239803197959945,
              -0.6126828260749625
            ],
            [
              0.48284874842261805,
              -0.604480960934348
            ],
            [
              0.49315709005196573,
              -0.5961008559940834
            ],
            [
              0.503320017306655,
              -0.5875449822471722
            ],
            [
              0.5133345335031926,
              -0.5788158625145488
            ],
            [
              0.5231976857191946,
              -0.569916070701187
            ],
            [
              0.5329065656640958,
              -0.5608482310371499
            ],
            [
              0.43644094709971887,
              -0.4593246713483818
            ],
            [
              0.4284895480525901,
              -0.4667510698694601
            ],
            [
              0.420411802774342,
              -0.47403984020610157
            ],
            [
              0.4122100931029371,
              -0.4811888331608148
            ],
            [
              0.4038868374289998,
              -0.4881959407514561
            ],
            [
              0.3954444899827201,
              -0.49505909683279725
            ],
            [
              0.38688554011018916,
              -0.5017762777057578
            ],
            [
              0.378212511539381,
              -0.5083455027141207
            ],
            [
              0.36942796163599384,
              -0.5147648348285586
            ],
            [
              0.3605344806493752,
              -0.5210323812177932
            ],
            [
              0.35153469094875023,
              -0.5271462938067242
            ],
            [
              0.34243124624997967,
              -0.5331047698213591
            ],
            [
              0.4181180996600181,
              -0.650935788478477
            ]
          ]
        ]
      }
    },
    {
      "type": "Feature",
      "properties": {
        "cell_id": "CEG2000_f4_r0019_c0098",
        "method": "Regular Topology",
        "view": "disk"
      },
      "geometry": {
        "type": "Polygon",
        "coordinates": [
          [
            [
              0.3986512316168982,
              -0.4924805067664392
            ],
            [
              0.4066395998425884,
              -0.4859054330365715
            ],
            [
              0.41451954131466706,
              -0.4792007970390665
            ],
            [
              0.4222889549183554,
              -0.47236838650417934
            ],
            [
              0.429945769010128,
              -0.4654100232320832
            ],
            [
              0.43748794197009444,
              -0.45832756260710505
            ],
            [
              0.44491346274638166,
              -0.451122893103002
            ],
            [
              0.45222035139135963,
              -0.4437979357794195
            ],
            [
              0.45940665958957955,
              -0.4363546437696552
            ],
            [
              0.4664704711772714,
              -0.42879500175987695
            ],
            [
              0.47340990265327454,
              -0.42112102545992125
            ],
            [
              0.4802231036812531,
              -0.41333476106582534
            ],
            [
              0.34264209847645444,
              -0.29491686014103585
            ],
            [
              0.3377808382004015,
              -0.30047240703337436
            ],
            [
              0.3328295117337151,
              -0.3059478356891782
            ],
            [
              0.32778943930259874,
              -0.3113416861351585
            ],
            [
              0.32266196479655956,
              -0.3166525201501156
            ],
            [
              0.3174484554100749,
              -0.32187892164842563
            ],
            [
              0.3121503012780398,
              -0.327019497057629
            ],
            [
              0.30676891510510257,
              -0.33207287569001176
            ],
            [
              0.30130573178897785,
              -0.3370377101080889
            ],
            [
              0.295762208037846,
              -0.3419126764838846
            ],
            [
              0.2901398219819331,
              -0.3466964749519207
            ],
            [
              0.2844400727793835,
              -0.35138782995581197
            ],
            [
              0.3986512316168982,
              -0.4924805067664392
            ]
          ]
        ]
      }
    },
    {
      "type": "Feature",
      "properties": {
        "cell_id": "CEG2000_f4_r0019_c0099",
        "method": "Regular Topology",
        "view": "disk"
      },
      "geometry": {
        "type": "Polygon",
        "coordinates": [
          [
            [
              0.5329065656640958,
              -0.5608482310371499
            ],
            [
              0.5435318738748051,
              -0.5505572159799056
            ],
            [
              0.5539584887283363,
              -0.5400649393834219
            ],
            [
              0.5641825986743297,
              -0.5293752368013465
            ],
            [
              0.5742004661900625,
              -0.5184920159583138
            ],
            [
              0.5840084291467357,
              -0.5074192553214391
            ],
            [
              0.5936029021482014,
              -0.49616100264594987
            ],
            [
              0.6029803778416383,
              -0.4847213734954924
            ],
            [
              0.6121374281997,
              -0.4731045497376437
            ],
            [
              0.6210707057736629,
              -0.46131477801519183
            ],
            [
              0.6297769449171187,
              -0.4493563681937333
            ],
            [
              0.6382529629797628,
              -0.43723369178616045
            ],
            [
              0.5227177625499037,
              -0.35808657434958535
            ],
            [
              0.5157760553365861,
              -0.36801482953276404
            ],
            [
              0.5086458011752186,
              -0.37780855331955954
            ],
            [
              0.501329606599484,
              -0.3874641655190905
            ],
            [
              0.4938301461153897,
              -0.3969781364285084
            ],
            [
              0.48615016122357674,
              -0.40634698812331416
            ],
            [
              0.478292459417137,
              -0.4155672957287483
            ],
            [
              0.47025991315530774,
              -0.4246356886717848
            ],
            [
              0.46205545881341503,
              -0.43354885191327985
            ],
            [
              0.4536820956094539,
              -0.44230352715981464
            ],
            [
              0.4451428845076948,
              -0.4508965140547968
            ],
            [
              0.43644094709971887,
              -0.4593246713483818
            ],
            [
              0.5329065656640958,
              -0.5608482310371499
            ]
          ]
        ]
      }
    },
    {
      "type": "Feature",
      "properties": {
        "cell_id": "CEG2000_f4_r0019_c0100",
        "method": "Regular Topology",
        "view": "disk"
      },
      "geometry": {
        "type": "Polygon",
        "coordinates": [
          [
            [
              0.6835893956442111,
              -0.5729973613542968
            ],
            [
              0.6927457430025755,
              -0.5618930267479869
            ],
            [
              0.7017217295113536,
              -0.5506423996459038
            ],
            [
              0.7105150182142114,
              -0.5392484092218199
            ],
            [
              0.7191233197213722,
              -0.5277140219750822
            ],
            [
              0.7275443928056784,
              -0.5160422409582583
            ],
            [
              0.7357760449861052,
              -0.5042361049952784
            ],
            [
              0.7438161330985911,
              -0.4922986878902517
            ],
            [
              0.751662563854021,
              -0.48023309762718797
            ],
            [
              0.7593132943832311,
              -0.4680424755608073
            ],
            [
              0.7667663327688802,
              -0.45572999559867383
            ],
            [
              0.7740197385640605,
              -0.4432988633748432
            ],
            [
              0.6713449295033579,
              -0.38449464445624326
            ],
            [
              0.6650536982083286,
              -0.3952767694727667
            ],
            [
              0.6585893158672764,
              -0.40595598161731056
            ],
            [
              0.6519534655240921,
              -0.4165295004876941
            ],
            [
              0.6451478748654746,
              -0.42699457319966416
            ],
            [
              0.6381743157711145,
              -0.4373484751036309
            ],
            [
              0.6310346038523759,
              -0.44758851049404347
            ],
            [
              0.6237305979795874,
              -0.45771201331123906
            ],
            [
              0.616264199798076,
              -0.4677163478355642
            ],
            [
              0.6086373532330589,
              -0.47759890937360616
            ],
            [
              0.6008520439835328,
              -0.4873571249363369
            ],
            [
              0.5929102990052803,
              -0.4969884539090125
            ],
            [
              0.6835893956442111,
              -0.5729973613542968
            ]
          ]
        ]
      }
    },
    {
      "type": "Feature",
      "properties": {
        "cell_id": "CEG2000_f4_r0020_c0089",
        "method": "Regular Topology",
        "view": "disk"
      },
      "geometry": {
        "type": "Polygon",
        "coordinates": [
          [
            [
              -0.8037329051742798,
              -0.38682535477436936
            ],
            [
              -0.7973994944662283,
              -0.39971800582561706
            ],
            [
              -0.7908592898435239,
              -0.41250699584904177
            ],
            [
              -0.7841139874127306,
              -0.42518900820683553
            ],
            [
              -0.7771653364695337,
              -0.4377607540042859
            ],
            [
              -0.7700151390450858,
              -0.4502189729427022
            ],
            [
              -0.7626652494386761,
              -0.46256043416492765
            ],
            [
              -0.7551175737368456,
              -0.4747819370932133
            ],
            [
              -0.7473740693190705,
              -0.4868803122592427
            ],
            [
              -0.7394367443501448,
              -0.49885242212608616
            ],
            [
              -0.7313076572593927,
              -0.5106951619018756
            ],
            [
              -0.7229889162068438,
              -0.522405460344987
            ],
            [
              -0.6270834176439046,
              -0.4531076398621432
            ],
            [
              -0.6342986659731538,
              -0.4429507290095354
            ],
            [
              -0.6413494182058967,
              -0.43267894535366425
            ],
            [
              -0.6482338458325024,
              -0.4222949527316244
            ],
            [
              -0.6549501634771977,
              -0.4118014440802672
            ],
            [
              -0.6614966293610781,
              -0.4012011407378273
            ],
            [
              -0.6678715457538131,
              -0.39049679173818275
            ],
            [
              -0.6740732594139278,
              -0.3796911730979337
            ],
            [
              -0.6801001620175465,
              -0.36878708709648234
            ],
            [
              -0.6859506905754884,
              -0.3577873615493035
            ],
            [
              -0.6916233278386059,
              -0.34669484907459147
            ],
            [
              -0.697116602691261,
              -0.3355124263534751
            ],
            [
              -0.8037329051742798,
              -0.38682535477436936
            ]
          ]
        ]
      }
    },
    {
      "type": "Feature",
      "properties": {
        "cell_id": "CEG2000_f4_r0020_c0090",
        "method": "Regular Topology",
        "view": "disk"
      },
      "geometry": {
        "type": "Polygon",
        "coordinates": [
          [
            [
              -0.7544023921997929,
              -0.1715143627473553
            ],
            [
              -0.7453213832337413,
              -0.2074516369661709
            ],
            [
              -0.7345294846778874,
              -0.24291270474028048
            ],
            [
              -0.7220514693984181,
              -0.27781616498142553
            ],
            [
              -0.7079159807523115,
              -0.3120818965926964
            ],
            [
              -0.6921554668363419,
              -0.3456312423869797
            ],
            [
              -0.6748061060022856,
              -0.3783871896449899
            ],
            [
              -0.6559077238093016,
              -0.4102745468984182
            ],
            [
              -0.6355037016041292,
              -0.4412201165323851
            ],
            [
              -0.6136408769389521,
              -0.4711528628109941
            ],
            [
              -0.5903694360555244,
              -0.5000040749402784
            ],
            [
              -0.5657427986823587,
              -0.5277075247942309
            ],
            [
              -0.463333234718316,
              -0.4321830256038065
            ],
            [
              -0.483502010319029,
              -0.40949439560518536
            ],
            [
              -0.5025609042301622,
              -0.38586576882895474
            ],
            [
              -0.5204661666493898,
              -0.3613513849259307
            ],
            [
              -0.5371766959422157,
              -0.33600751680758983
            ],
            [
              -0.5526541329910161,
              -0.3098923414712711
            ],
            [
              -0.566862949248617,
              -0.2830658064545388
            ],
            [
              -0.5797705282942837,
              -0.2555894922252591
            ],
            [
              -0.5913472407049031,
              -0.2275264708232779
            ],
            [
              -0.6015665120694991,
              -0.19894116107818335
            ],
            [
              -0.6104048839909474,
              -0.16989918073550725
            ],
            [
              -0.6178420679348637,
              -0.14046719583080536
            ],
            [
              -0.7544023921997929,
              -0.1715143627473553
            ]
          ]
        ]
      }
    },
    {
      "type": "Feature",
      "properties": {
        "cell_id": "CEG2000_f4_r0020_c0091",
        "method": "Regular Topology",
        "view": "disk"
      },
      "geometry": {
        "type": "Polygon",
        "coordinates": [
          [
            [
              -0.5219474765147339,
              -0.35920841551180255
            ],
            [
              -0.5037049813539113,
              -0.38437110423892995
            ],
            [
              -0.4842505254279435,
              -0.40860896054462537
            ],
            [
              -0.46363091795683525,
              -0.43186366590522623
            ],
            [
              -0.4418957716229553,
              -0.45407926734916165
            ],
            [
              -0.4190973831983363,
              -0.4752023120849744
            ],
            [
              -0.3952906077138037,
              -0.4951819761136812
            ],
            [
              -0.3705327264726993,
              -0.5139701865160141
            ],
            [
              -0.34488330922676913,
              -0.5315217371203094
            ],
            [
              -0.31840407084583094,
              -0.5477943972727373
            ],
            [
              -0.2911587228260918,
              -0.5627490134481602
            ],
            [
              -0.26321281999439355,
              -0.5763496034571357
            ],
            [
              -0.18780394424472793,
              -0.41122893936336574
            ],
            [
              -0.20774351549123724,
              -0.4015248358634092
            ],
            [
              -0.2271832366284383,
              -0.39085462647744446
            ],
            [
              -0.2460763338895918,
              -0.37924398471597903
            ],
            [
              -0.26437734873555196,
              -0.36672084685678286
            ],
            [
              -0.28204224723221716,
              -0.3533153447276194
            ],
            [
              -0.2990285260002466,
              -0.3390597332062825
            ],
            [
              -0.31529531448212217,
              -0.3239883126123769
            ],
            [
              -0.330803473280489,
              -0.3081373461775778
            ],
            [
              -0.3455156883311642,
              -0.2915449727929422
            ],
            [
              -0.3593965606842273,
              -0.27425111524320944
            ],
            [
              -0.37241269167716623,
              -0.2562973841488897
            ],
            [
              -0.5219474765147339,
              -0.35920841551180255
            ]
          ]
        ]
      }
    },
    {
      "type": "Feature",
      "properties": {
        "cell_id": "CEG2000_f4_r0020_c0092",
        "method": "Regular Topology",
        "view": "disk"
      },
      "geometry": {
        "type": "Polygon",
        "coordinates": [
          [
            [
              -0.5657427986823587,
              -0.5277075247942309
            ],
            [
              -0.5415779012790117,
              -0.5524794320439652
            ],
            [
              -0.5163293871851838,
              -0.5761459102643826
            ],
            [
              -0.49004777491578694,
              -0.5986596063586449
            ],
            [
              -0.4627856500612608,
              -0.6199754737751951
            ],
            [
              -0.4345975600716411,
              -0.6400508626391951
            ],
            [
              -0.40553990511523774,
              -0.658845605088571
            ],
            [
              -0.37567082523030454,
              -0.6763220956439199
            ],
            [
              -0.3450500839954804,
              -0.692445366451472
            ],
            [
              -0.31373894895177606,
              -0.7071831572485563
            ],
            [
              -0.28180006901535115,
              -0.720505979911579
            ],
            [
              -0.24929734912636797,
              -0.7323871774573659
            ],
            [
              -0.20417007065126477,
              -0.5998120007676206
            ],
            [
              -0.2307892169813293,
              -0.5900815124537825
            ],
            [
              -0.25694658847362173,
              -0.5791703589500812
            ],
            [
              -0.2825898481249866,
              -0.567100371849019
            ],
            [
              -0.30766768759346447,
              -0.5538957013964713
            ],
            [
              -0.33212992985863926,
              -0.539582768170643
            ],
            [
              -0.35592762961838154,
              -0.524190210218427
            ],
            [
              -0.3790131712211027,
              -0.5077488257549412
            ],
            [
              -0.40134036393758343,
              -0.49029151154088585
            ],
            [
              -0.4228645343817382,
              -0.47185319706102896
            ],
            [
              -0.4435426158954059,
              -0.4524707746355105
            ],
            [
              -0.463333234718316,
              -0.4321830256038065
            ],
            [
              -0.5657427986823587,
              -0.5277075247942309
            ]
          ]
        ]
      }
    },
    {
      "type": "Feature",
      "properties": {
        "cell_id": "CEG2000_f4_r0020_c0093",
        "method": "Regular Topology",
        "view": "disk"
      },
      "geometry": {
        "type": "Polygon",
        "coordinates": [
          [
            [
              -0.5152391677438001,
              -0.7281133414372247
            ],
            [
              -0.4880286420681063,
              -0.7466247266715486
            ],
            [
              -0.4601537593285643,
              -0.7641197260455943
            ],
            [
              -0.43165246581286093,
              -0.7805745234850299
            ],
            [
              -0.4025635605463902,
              -0.7959667189502444
            ],
            [
              -0.3729266424748428,
              -0.8102753589296944
            ],
            [
              -0.34278205655786875,
              -0.8234809649640741
            ],
            [
              -0.31217083884717406,
              -0.8355655601624903
            ],
            [
              -0.2811346606238412,
              -0.846512693674538
            ],
            [
              -0.24971577167089404,
              -0.8563074630849684
            ],
            [
              -0.2179569427583555,
              -0.8649365347004573
            ],
            [
              -0.18590140741907443,
              -0.8723881617008634
            ],
            [
              -0.1612413237546969,
              -0.756664642691354
            ],
            [
              -0.18904464715891195,
              -0.7502014845133032
            ],
            [
              -0.21659062266200602,
              -0.7427170714076027
            ],
            [
              -0.24384175172018882,
              -0.7342215919621482
            ],
            [
              -0.27076093716635247,
              -0.7247266111370549
            ],
            [
              -0.2973115337107291,
              -0.7142450545211885
            ],
            [
              -0.32345739782639465,
              -0.7027911907364653
            ],
            [
              -0.34916293695172934,
              -0.6903806120138689
            ],
            [
              -0.37439315794283445,
              -0.6770302129676291
            ],
            [
              -0.39911371470996754,
              -0.662758167596456
            ],
            [
              -0.42329095497312896,
              -0.6475839045431395
            ],
            [
              -0.44689196607316506,
              -0.6315280806461915
            ],
            [
              -0.5152391677438001,
              -0.7281133414372247
            ]
          ]
        ]
      }
    },
    {
      "type": "Feature",
      "properties": {
        "cell_id": "CEG2000_f4_r0020_c0094",
        "method": "Regular Topology",
        "view": "disk"
      },
      "geometry": {
        "type": "Polygon",
        "coordinates": [
          [
            [
              -0.0343138548615781,
              -0.45077945983411244
            ],
            [
              -0.02634123314023747,
              -0.45131552319906665
            ],
            [
              -0.01836038217460681,
              -0.45171059143017445
            ],
            [
              -0.010373795256168652,
              -0.45196454110447504
            ],
            [
              -0.0023839674683713147,
              -0.4520772928857469
            ],
            [
              0.005606605092860595,
              -0.4520488115492931
            ],
            [
              0.013595426098927974,
              -0.45187910599294606
            ],
            [
              0.02157999976843372,
              -0.45156822923428747
            ],
            [
              0.02955783164688785,
              -0.45111627839408525
            ],
            [
              0.037526429385998525,
              -0.45052339466595215
            ],
            [
              0.04548330352230305,
              -0.4497897632722355
            ],
            [
              0.05342596825490161,
              -0.44891561340615216
            ],
            [
              0.0,
              0.0
            ],
            [
              -0.0343138548615781,
              -0.45077945983411244
            ]
          ]
        ]
      }
    },
    {
      "type": "Feature",
      "properties": {
        "cell_id": "CEG2000_f4_r0020_c0095",
        "method": "Regular Topology",
        "view": "disk"
      },
      "geometry": {
        "type": "Polygon",
        "coordinates": [
          [
            [
              0.05342596825490161,
              -0.44891561340615216
            ],
            [
              0.06416196119349975,
              -0.44750732371615937
            ],
            [
              0.07486114684184271,
              -0.4458423160012065
            ],
            [
              0.08551738748181413,
              -0.44392154541324175
            ],
            [
              0.09612457003122345,
              -0.44174611382569967
            ],
            [
              0.10667660955065099,
              -0.43931726920139796
            ],
            [
              0.1171674527341489,
              -0.43663640487662797
            ],
            [
              0.12759108138179093,
              -0.43370505876185117
            ],
            [
              0.13794151585208925,
              -0.43052491245945734
            ],
            [
              0.14821281849228593,
              -0.42709779029909334
            ],
            [
              0.15839909704456082,
              -0.42342565829111417
            ],
            [
              0.1684945080261982,
              -0.4195106229987568
            ],
            [
              0.0,
              0.0
            ],
            [
              0.05342596825490161,
              -0.44891561340615216
            ]
          ]
        ]
      }
    },
    {
      "type": "Feature",
      "properties": {
        "cell_id": "CEG2000_f4_r0020_c0096",
        "method": "Regular Topology",
        "view": "disk"
      },
      "geometry": {
        "type": "Polygon",
        "coordinates": [
          [
            [
              0.3105942823073067,
              -0.552259944059505
            ],
            [
              0.31900092730616203,
              -0.5474470407193807
            ],
            [
              0.3273330102261942,
              -0.5425061791637554
            ],
            [
              0.3355885835576316,
              -0.5374385142510546
            ],
            [
              0.34376571767376435,
              -0.5322452304782451
            ],
            [
              0.3518625012819721,
              -0.5269275417039734
            ],
            [
              0.359877041870459,
              -0.521486690864845
            ],
            [
              0.3678074661506052,
              -0.5159239496849026
            ],
            [
              0.3756519204948192,
              -0.510240618378381
            ],
            [
              0.3834085713698014,
              -0.5044380253457965
            ],
            [
              0.39107560576510336,
              -0.4985175268634554
            ],
            [
              0.3986512316168982,
              -0.4924805067664392
            ],
            [
              0.2844400727793835,
              -0.35138782995581197
            ],
            [
              0.2790348177651342,
              -0.3556952804277475
            ],
            [
              0.27356434220042436,
              -0.35991959202055773
            ],
            [
              0.26802992473366877,
              -0.3640597773595148
            ],
            [
              0.2624328589588237,
              -0.36811486873324445
            ],
            [
              0.25677445311302427,
              -0.37208391831991733
            ],
            [
              0.251056029770805,
              -0.3759659984087873
            ],
            [
              0.24527892553496317,
              -0.37976020161703306
            ],
            [
              0.239444490724149,
              -0.3834656411018444
            ],
            [
              0.23355408905724484,
              -0.3870814507677114
            ],
            [
              0.22760909733461707,
              -0.3906067854688605
            ],
            [
              0.22161090511630538,
              -0.3940408212067977
            ],
            [
              0.3105942823073067,
              -0.552259944059505
            ]
          ]
        ]
      }
    },
    {
      "type": "Feature",
      "properties": {
        "cell_id": "CEG2000_f4_r0020_c0097",
        "method": "Regular Topology",
        "view": "disk"
      },
      "geometry": {
        "type": "Polygon",
        "coordinates": [
          [
            [
              0.3607542104349478,
              -0.2724627712133403
            ],
            [
              0.36327394586886724,
              -0.2690940398757633
            ],
            [
              0.3657622250719582,
              -0.26570200743352657
            ],
            [
              0.3682188325817966,
              -0.26228696760589243
            ],
            [
              0.37064355567843993,
              -0.2588492161043545
            ],
            [
              0.3730361844028468,
              -0.25538905060703143
            ],
            [
              0.3753965115750579,
              -0.2519067707328905
            ],
            [
              0.37772433281213463,
              -0.2484026780158043
            ],
            [
              0.3800194465458586,
              -0.24487707587843924
            ],
            [
              0.38228165404018455,
              -0.24133026960598264
            ],
            [
              0.38451075940844903,
              -0.23776256631970777
            ],
            [
              0.38670656963033284,
              -0.23417427495037998
            ],
            [
              0.0,
              0.0
            ],
            [
              0.3607542104349478,
              -0.2724627712133403
            ]
          ]
        ]
      }
    },
    {
      "type": "Feature",
      "properties": {
        "cell_id": "CEG2000_f4_r0020_c0098",
        "method": "Regular Topology",
        "view": "disk"
      },
      "geometry": {
        "type": "Polygon",
        "coordinates": [
          [
            [
              0.4802231036812531,
              -0.41333476106582534
            ],
            [
              0.4874236335340078,
              -0.4048185463724504
            ],
            [
              0.49447315799090014,
              -0.39617691760260954
            ],
            [
              0.5013694930867754,
              -0.3874125519604501
            ],
            [
              0.5081105023150312,
              -0.3785281646743941
            ],
            [
              0.5146940972895144,
              -0.3695265081559512
            ],
            [
              0.5211182383915101,
              -0.36041037114701324
            ],
            [
              0.5273809354016199,
              -0.35118257785589396
            ],
            [
              0.5334802481163413,
              -0.34184598708237807
            ],
            [
              0.5394142869491473,
              -0.3324034913320578
            ],
            [
              0.5451812135158862,
              -0.32285801592022495
            ],
            [
              0.5507792412043192,
              -0.3132125180655985
            ],
            [
              0.3929843307346989,
              -0.2234790322173344
            ],
            [
              0.38899010401009904,
              -0.23036115346561356
            ],
            [
              0.3848753669109473,
              -0.23717190809402214
            ],
            [
              0.38064139419591736,
              -0.24390918610905954
            ],
            [
              0.37628949756325675,
              -0.25057090028051426
            ],
            [
              0.3718210252444185,
              -0.25715498678809456
            ],
            [
              0.36723736158637504,
              -0.2636594058608067
            ],
            [
              0.36253992662274354,
              -0.27008214240888156
            ],
            [
              0.3577301756338535,
              -0.2764212066480572
            ],
            [
              0.35280959869589773,
              -0.2826746347160198
            ],
            [
              0.3477797202193013,
              -0.28884048928081413
            ],
            [
              0.34264209847645444,
              -0.29491686014103585
            ],
            [
              0.4802231036812531,
              -0.41333476106582534
            ]
          ]
        ]
      }
    },
    {
      "type": "Feature",
      "properties": {
        "cell_id": "CEG2000_f4_r0020_c0099",
        "method": "Regular Topology",
        "view": "disk"
      },
      "geometry": {
        "type": "Polygon",
        "coordinates": [
          [
            [
              0.6382529629797628,
              -0.43723369178616045
            ],
            [
              0.6451242291166049,
              -0.42703029751073596
            ],
            [
              0.6518323942631932,
              -0.41671894098362566
            ],
            [
              0.6583757624541167,
              -0.406302229132898
            ],
            [
              0.6647526793881054,
              -0.39578279552266554
            ],
            [
              0.6709615328462724,
              -0.38516329968726504
            ],
            [
              0.677000753099716,
              -0.37444642645887133
            ],
            [
              0.6828688133063816,
              -0.3636348852887131
            ],
            [
              0.6885642298970784,
              -0.35273140956207
            ],
            [
              0.6940855629505571,
              -0.3417387559072128
            ],
            [
              0.6994314165575527,
              -0.3306597034984708
            ],
            [
              0.7046004391736994,
              -0.3194970533535973
            ],
            [
              0.5770551590345435,
              -0.26166237300425177
            ],
            [
              0.572821821951598,
              -0.27080438384680955
            ],
            [
              0.568443663449486,
              -0.2798779296384871
            ],
            [
              0.5639217904188728,
              -0.28888071639583607
            ],
            [
              0.5592573460844826,
              -0.29781046802478195
            ],
            [
              0.5544515097160683,
              -0.30666492689606883
            ],
            [
              0.5495054963302657,
              -0.31544185441603484
            ],
            [
              0.5444205563834124,
              -0.3241390315925779
            ],
            [
              0.5391979754554067,
              -0.33275425959616073
            ],
            [
              0.5338390739246853,
              -0.34128536031572304
            ],
            [
              0.5283452066344037,
              -0.34973017690935365
            ],
            [
              0.5227177625499037,
              -0.35808657434958535
            ],
            [
              0.6382529629797628,
              -0.43723369178616045
            ]
          ]
        ]
      }
    },
    {
      "type": "Feature",
      "properties": {
        "cell_id": "CEG2000_f4_r0020_c0100",
        "method": "Regular Topology",
        "view": "disk"
      },
      "geometry": {
        "type": "Polygon",
        "coordinates": [
          [
            [
              0.7740197385640605,
              -0.4432988633748432
            ],
            [
              0.7943662351434885,
              -0.4057126106250142
            ],
            [
              0.8128889049935154,
              -0.3671948612040316
            ],
            [
              0.8295452209536478,
              -0.3278340500148941
            ],
            [
              0.8442969409222991,
              -0.2877205475899351
            ],
            [
              0.857110195658818,
              -0.24694645260442036
            ],
            [
              0.8679555665456382,
              -0.2056053804224114
            ],
            [
              0.8768081531320122,
              -0.16379224816038812
            ],
            [
              0.8836476303042504,
              -0.12160305676210303
            ],
            [
              0.8884582949512058,
              -0.07913467058502735
            ],
            [
              0.8912291020178631,
              -0.036484595004437105
            ],
            [
              0.8919536898642553,
              0.00624924745424615
            ],
            [
              0.7736347759723429,
              0.005420275973068992
            ],
            [
              0.7730063057248561,
              -0.03164486206340487
            ],
            [
              0.7706030501201818,
              -0.06863734501620812
            ],
            [
              0.7664305269177814,
              -0.10547223992090776
            ],
            [
              0.7604983160305573,
              -0.1420649756276616
            ],
            [
              0.7528200375298343,
              -0.1783315369725172
            ],
            [
              0.7434133203743292,
              -0.21418865767219433
            ],
            [
              0.7322997619349085,
              -0.24955401149947024
            ],
            [
              0.7195048784080618,
              -0.28434640130024796
            ],
            [
              0.7050580462319399,
              -0.31848594541832026
            ],
            [
              0.6889924346394635,
              -0.3518942610998168
            ],
            [
              0.6713449295033579,
              -0.38449464445624326
            ],
            [
              0.7740197385640605,
              -0.4432988633748432
            ]
          ]
        ]
      }
    },
    {
      "type": "Feature",
      "properties": {
        "cell_id": "CEG2000_f4_r0021_c0089",
        "method": "Regular Topology",
        "view": "disk"
      },
      "geometry": {
        "type": "Polygon",
        "coordinates": [
          [
            [
              -0.9721075902317686,
              -0.2345353555730645
            ],
            [
              -0.966241957878385,
              -0.2576363305811999
            ],
            [
              -0.9598274414524446,
              -0.2805909525178138
            ],
            [
              -0.9528676847885693,
              -0.3033861817645487
            ],
            [
              -0.9453666414509266,
              -0.3260090692477667
            ],
            [
              -0.9373285724873647,
              -0.3484467637944125
            ],
            [
              -0.9287580440088793,
              -0.37068651943225633
            ],
            [
              -0.9196599245957848,
              -0.392715702630383
            ],
            [
              -0.9100393825320658,
              -0.4145217994758011
            ],
            [
              -0.8999018828694778,
              -0.4360924227821078
            ],
            [
              -0.8892531843230663,
              -0.45741531912615985
            ],
            [
              -0.8780993359998667,
              -0.4784783758087644
            ],
            [
              -0.7832431658254961,
              -0.42679102748752673
            ],
            [
              -0.7931921261693194,
              -0.40800329525531887
            ],
            [
              -0.8026905052472578,
              -0.3889837923899998
            ],
            [
              -0.8117329074035459,
              -0.3697433231234754
            ],
            [
              -0.8203141960049823,
              -0.35029281720997907
            ],
            [
              -0.8284294963588499,
              -0.33064332371730526
            ],
            [
              -0.8360741984820359,
              -0.3108060047502711
            ],
            [
              -0.8432439597197837,
              -0.2907921291099609
            ],
            [
              -0.8499347072125827,
              -0.2706130658923657
            ],
            [
              -0.8561426402098007,
              -0.2502802780300443
            ],
            [
              -0.8618642322287405,
              -0.22980531578048405
            ],
            [
              -0.8670962330578965,
              -0.20919981016485287
            ],
            [
              -0.9721075902317686,
              -0.2345353555730645
            ]
          ]
        ]
      }
    },
    {
      "type": "Feature",
      "properties": {
        "cell_id": "CEG2000_f4_r0021_c0090",
        "method": "Regular Topology",
        "view": "disk"
      },
      "geometry": {
        "type": "Polygon",
        "coordinates": [
          [
            [
              -0.8662665407417887,
              -0.2126093091740326
            ],
            [
              -0.8620939557880103,
              -0.22894202180898274
            ],
            [
              -0.8576134608368571,
              -0.24519296431103624
            ],
            [
              -0.8528266561653981,
              -0.26135633240836187
            ],
            [
              -0.847735251453888,
              -0.27742635310766306
            ],
            [
              -0.8423410651751286,
              -0.2933972867560883
            ],
            [
              -0.836646023944974,
              -0.30926342909123694
            ],
            [
              -0.8306521618342101,
              -0.32501911327852334
            ],
            [
              -0.8243616196420557,
              -0.34065871193517316
            ],
            [
              -0.8177766441315424,
              -0.3561766391401282
            ],
            [
              -0.8108995872270498,
              -0.3715673524291454
            ],
            [
              -0.8037329051742798,
              -0.38682535477436936
            ],
            [
              -0.697116602691261,
              -0.3355124263534751
            ],
            [
              -0.7033326142705209,
              -0.3222784195207557
            ],
            [
              -0.7092974198855589,
              -0.3089293060379521
            ],
            [
              -0.7150088891151268,
              -0.29546985374442825
            ],
            [
              -0.7204649820209285,
              -0.281904869888735
            ],
            [
              -0.7256637498762144,
              -0.2682391994116306
            ],
            [
              -0.7306033358617989,
              -0.2544777232156342
            ],
            [
              -0.7352819757292524,
              -0.24062535642173827
            ],
            [
              -0.7396979984310287,
              -0.2266870466138974
            ],
            [
              -0.7438498267173056,
              -0.2126677720719242
            ],
            [
              -0.7477359776993237,
              -0.19857253999341914
            ],
            [
              -0.7513550633790221,
              -0.1844063847053758
            ],
            [
              -0.8662665407417887,
              -0.2126093091740326
            ]
          ]
        ]
      }
    },
    {
      "type": "Feature",
      "properties": {
        "cell_id": "CEG2000_f4_r0021_c0091",
        "method": "Regular Topology",
        "view": "disk"
      },
      "geometry": {
        "type": "Polygon",
        "coordinates": [
          [
            [
              -0.6005303181019086,
              -0.20204749702735503
            ],
            [
              -0.5952285258638702,
              -0.21717010846919643
            ],
            [
              -0.5895459829748724,
              -0.23215380240864036
            ],
            [
              -0.5834863243949514,
              -0.2469889942055477
            ],
            [
              -0.5770534263142574,
              -0.2616661942123485
            ],
            [
              -0.5702514036735655,
              -0.2761760138442996
            ],
            [
              -0.5630846075320672,
              -0.2905091715850918
            ],
            [
              -0.5555576222841211,
              -0.3046564989239724
            ],
            [
              -0.5476752627267479,
              -0.3186089462205765
            ],
            [
              -0.5394425709797419,
              -0.3323575884937255
            ],
            [
              -0.5308648132603726,
              -0.3458936311304796
            ],
            [
              -0.5219474765147339,
              -0.35920841551180255
            ],
            [
              -0.37241269167716623,
              -0.2562973841488897
            ],
            [
              -0.37877526555569185,
              -0.24679720469853536
            ],
            [
              -0.38489554773840445,
              -0.23713915614033299
            ],
            [
              -0.3907696232559711,
              -0.22732941645150562
            ],
            [
              -0.3963937346304145,
              -0.21737426064175153
            ],
            [
              -0.401764284278666,
              -0.2072800567392986
            ],
            [
              -0.4068778368138349,
              -0.1970532617174605
            ],
            [
              -0.4117311212427281,
              -0.18670041736429394
            ],
            [
              -0.41632103305821033,
              -0.1762281460980059
            ],
            [
              -0.42064463622506904,
              -0.16564314673078062
            ],
            [
              -0.42469916505811134,
              -0.15495219018374248
            ],
            [
              -0.42848202599129415,
              -0.1441621151557909
            ],
            [
              -0.6005303181019086,
              -0.20204749702735503
            ]
          ]
        ]
      }
    },
    {
      "type": "Feature",
      "properties": {
        "cell_id": "CEG2000_f4_r0021_c0092",
        "method": "Regular Topology",
        "view": "disk"
      },
      "geometry": {
        "type": "Polygon",
        "coordinates": [
          [
            [
              -0.387375313271123,
              -0.23306636117615717
            ],
            [
              -0.3816266590592816,
              -0.24236471512793778
            ],
            [
              -0.3756548571310758,
              -0.2515213516933038
            ],
            [
              -0.369463399365103,
              -0.2605309167323104
            ],
            [
              -0.36305590607883453,
              -0.2693881421018232
            ],
            [
              -0.3564361239117164,
              -0.2780878487359474
            ],
            [
              -0.3496079236344048,
              -0.2866249496743712
            ],
            [
              -0.34257529788541813,
              -0.294994453036854
            ],
            [
              -0.3353423588365317,
              -0.30319146494211613
            ],
            [
              -0.32791333578827514,
              -0.3112111923694286
            ],
            [
              -0.32029257269694356,
              -0.3190489459612251
            ],
            [
              -0.31248452563456575,
              -0.32670014276509896
            ],
            [
              0.0,
              0.0
            ],
            [
              -0.387375313271123,
              -0.23306636117615717
            ]
          ]
        ]
      }
    },
    {
      "type": "Feature",
      "properties": {
        "cell_id": "CEG2000_f4_r0021_c0093",
        "method": "Regular Topology",
        "view": "disk"
      },
      "geometry": {
        "type": "Polygon",
        "coordinates": [
          [
            [
              -0.31248452563456575,
              -0.32670014276509896
            ],
            [
              -0.303066908412054,
              -0.3354549315025124
            ],
            [
              -0.293404117809645,
              -0.34393834577746574
            ],
            [
              -0.28350397077787143,
              -0.35214352272472005
            ],
            [
              -0.27337447628254885,
              -0.3600638245659202
            ],
            [
              -0.2630238288257266,
              -0.3676928439793879
            ],
            [
              -0.2524604018165449,
              -0.3750244092834816
            ],
            [
              -0.2416927407973625,
              -0.38205258942932785
            ],
            [
              -0.2307295565306291,
              -0.38877169879889
            ],
            [
              -0.21957971795210282,
              -0.3951763018044865
            ],
            [
              -0.2082522449961075,
              -0.4012612172860428
            ],
            [
              -0.1967563012986365,
              -0.40702152270251724
            ],
            [
              0.0,
              0.0
            ],
            [
              -0.31248452563456575,
              -0.32670014276509896
            ]
          ]
        ]
      }
    },
    {
      "type": "Feature",
      "properties": {
        "cell_id": "CEG2000_f4_r0021_c0094",
        "method": "Regular Topology",
        "view": "disk"
      },
      "geometry": {
        "type": "Polygon",
        "coordinates": [
          [
            [
              -0.08662171101970209,
              -0.44370738243105085
            ],
            [
              -0.08190461807177975,
              -0.4446022892229768
            ],
            [
              -0.07717828716079772,
              -0.4454470496419536
            ],
            [
              -0.0724432513662257,
              -0.4462415684080602
            ],
            [
              -0.06770004474935086,
              -0.4469857559080955
            ],
            [
              -0.06294920229304163,
              -0.4476795282056857
            ],
            [
              -0.05819125984140726,
              -0.44832280705075156
            ],
            [
              -0.053426754039360334,
              -0.4489155198883341
            ],
            [
              -0.048656222272089066,
              -0.4494575998667779
            ],
            [
              -0.04388020260444596,
              -0.4499489858452716
            ],
            [
              -0.03909923372025983,
              -0.45038962240074326
            ],
            [
              -0.0343138548615781,
              -0.45077945983411244
            ],
            [
              0.0,
              0.0
            ],
            [
              -0.08662171101970209,
              -0.44370738243105085
            ]
          ]
        ]
      }
    },
    {
      "type": "Feature",
      "properties": {
        "cell_id": "CEG2000_f4_r0021_c0095",
        "method": "Regular Topology",
        "view": "disk"
      },
      "geometry": {
        "type": "Polygon",
        "coordinates": [
          [
            [
              0.1684945080261982,
              -0.4195106229987568
            ],
            [
              0.17802333157314562,
              -0.41555656108331807
            ],
            [
              0.18745944735625514,
              -0.4113860931542084
            ],
            [
              0.19679794140618453,
              -0.40700139103212357
            ],
            [
              0.20603395059126825,
              -0.4024047381027595
            ],
            [
              0.21516266515005097,
              -0.39759852812771157
            ],
            [
              0.2241793311960282,
              -0.39258526399789523
            ],
            [
              0.23307925319328898,
              -0.3873675564301356
            ],
            [
              0.24185779640177188,
              -0.3819481226076058
            ],
            [
              0.25051038929086117,
              -0.3763297847648214
            ],
            [
              0.2590325259200655,
              -0.3705154687179285
            ],
            [
              0.26741976828553976,
              -0.36450820234104997
            ],
            [
              0.0,
              0.0
            ],
            [
              0.1684945080261982,
              -0.4195106229987568
            ]
          ]
        ]
      }
    },
    {
      "type": "Feature",
      "properties": {
        "cell_id": "CEG2000_f4_r0021_c0096",
        "method": "Regular Topology",
        "view": "disk"
      },
      "geometry": {
        "type": "Polygon",
        "coordinates": [
          [
            [
              0.26741976828553976,
              -0.36450820234104997
            ],
            [
              0.27348160048423387,
              -0.3599824665735506
            ],
            [
              0.2794668554041623,
              -0.3553559325159842
            ],
            [
              0.28537385712075186,
              -0.3506298956390061
            ],
            [
              0.2912009516210222,
              -0.3458056792749458
            ],
            [
              0.2969465072667237,
              -0.34088463424726145
            ],
            [
              0.3026089152512102,
              -0.335868138492298
            ],
            [
              0.30818659004992077,
              -0.3307575966734516
            ],
            [
              0.31367796986433855,
              -0.32555443978785287
            ],
            [
              0.31908151705930965,
              -0.320260124765674
            ],
            [
              0.32439571859359423,
              -0.3148761340621757
            ],
            [
              0.32961908644353144,
              -0.3094039752426063
            ],
            [
              0.0,
              0.0
            ],
            [
              0.26741976828553976,
              -0.36450820234104997
            ]
          ]
        ]
      }
    },
    {
      "type": "Feature",
      "properties": {
        "cell_id": "CEG2000_f4_r0021_c0097",
        "method": "Regular Topology",
        "view": "disk"
      },
      "geometry": {
        "type": "Polygon",
        "coordinates": [
          [
            [
              0.38670656963033284,
              -0.23417427495037998
            ],
            [
              0.389670523592171,
              -0.2292083006507376
            ],
            [
              0.39257070948189127,
              -0.22420481730034295
            ],
            [
              0.39540665269530384,
              -0.21916464369987004
            ],
            [
              0.39817788914128477,
              -0.2140886046542094
            ],
            [
              0.40088396531772175,
              -0.2089775308374929
            ],
            [
              0.4035244383857284,
              -0.2038322586571568
            ],
            [
              0.4060988762421126,
              -0.19865363011706816
            ],
            [
              0.40860685759008925,
              -0.19344249267973201
            ],
            [
              0.41104797200822324,
              -0.188199699127609
            ],
            [
              0.4134218200175939,
              -0.18292610742355986
            ],
            [
              0.4157280131471675,
              -0.1776225805704448
            ],
            [
              0.0,
              0.0
            ],
            [
              0.38670656963033284,
              -0.23417427495037998
            ]
          ]
        ]
      }
    },
    {
      "type": "Feature",
      "properties": {
        "cell_id": "CEG2000_f4_r0021_c0098",
        "method": "Regular Topology",
        "view": "disk"
      },
      "geometry": {
        "type": "Polygon",
        "coordinates": [
          [
            [
              0.5507792412043192,
              -0.3132125180655985
            ],
            [
              0.5569729597473969,
              -0.30206121254610474
            ],
            [
              0.5629409342567424,
              -0.2907874800481352
            ],
            [
              0.5686807458812861,
              -0.27939588987403263
            ],
            [
              0.5741900682455622,
              -0.2678910590944668
            ],
            [
              0.5794666683925989,
              -0.256277650677113
            ],
            [
              0.5845084076889472,
              -0.2445603715967286
            ],
            [
              0.589313242691482,
              -0.2327439709273882
            ],
            [
              0.593879225975618,
              -0.22083323791766338
            ],
            [
              0.5982045069246128,
              -0.20883300004951175
            ],
            [
              0.6022873324796306,
              -0.19674812108167491
            ],
            [
              0.6061260478502657,
              -0.1845834990783734
            ],
            [
              0.43247461312170604,
              -0.13170144664743155
            ],
            [
              0.4297356664113844,
              -0.1403809782618677
            ],
            [
              0.42682254560324195,
              -0.14900361273661805
            ],
            [
              0.42373643140027456,
              -0.15756585527313974
            ],
            [
              0.42047857462059907,
              -0.16606423555005728
            ],
            [
              0.4170502956904908,
              -0.17449530912970068
            ],
            [
              0.4134529841092083,
              -0.18285565885415295
            ],
            [
              0.40968809788582106,
              -0.19114189623024438
            ],
            [
              0.40575716294827213,
              -0.1993506628029236
            ],
            [
              0.4016617725249105,
              -0.20747863151645934
            ],
            [
              0.3974035864987475,
              -0.21552250806291232
            ],
            [
              0.3929843307346989,
              -0.2234790322173344
            ],
            [
              0.5507792412043192,
              -0.3132125180655985
            ]
          ]
        ]
      }
    },
    {
      "type": "Feature",
      "properties": {
        "cell_id": "CEG2000_f4_r0021_c0099",
        "method": "Regular Topology",
        "view": "disk"
      },
      "geometry": {
        "type": "Polygon",
        "coordinates": [
          [
            [
              0.7046004391736994,
              -0.3194970533535973
            ],
            [
              0.7100819470169718,
              -0.3071217584379003
            ],
            [
              0.7153461204702127,
              -0.2946524629349248
            ],
            [
              0.720391348330756,
              -0.2820929833150707
            ],
            [
              0.7252160864084918,
              -0.26944716365134075
            ],
            [
              0.7298188579984967,
              -0.2567188744427874
            ],
            [
              0.7341982543330079,
              -0.24391201142987043
            ],
            [
              0.7383529350126036,
              -0.23103049440209275
            ],
            [
              0.742281628416459,
              -0.2180782659982683
            ],
            [
              0.7459831320915498,
              -0.20505929049980373
            ],
            [
              0.7494563131206871,
              -0.19197755261735197
            ],
            [
              0.7527001084692682,
              -0.17883705627121435
            ],
            [
              0.6164479280021781,
              -0.14646435087221746
            ],
            [
              0.6137913176217671,
              -0.15722618238300362
            ],
            [
              0.6109468444711756,
              -0.16793989176283192
            ],
            [
              0.6079153791567324,
              -0.1786021998725793
            ],
            [
              0.6046978495173551,
              -0.18920984330548113
            ],
            [
              0.6012952403405663,
              -0.19975957538596023
            ],
            [
              0.5977085930610807,
              -0.2102481671633357
            ],
            [
              0.593939005442054,
              -0.22067240840010385
            ],
            [
              0.5899876312390904,
              -0.23102910855449715
            ],
            [
              0.5858556798471135,
              -0.24131509775700932
            ],
            [
              0.5815444159302079,
              -0.2515272277805962
            ],
            [
              0.5770551590345435,
              -0.26166237300425177
            ],
            [
              0.7046004391736994,
              -0.3194970533535973
            ]
          ]
        ]
      }
    },
    {
      "type": "Feature",
      "properties": {
        "cell_id": "CEG2000_f4_r0021_c0100",
        "method": "Regular Topology",
        "view": "disk"
      },
      "geometry": {
        "type": "Polygon",
        "coordinates": [
          [
            [
              0.876340111681017,
              -0.48169285718069615
            ],
            [
              0.8890507673574524,
              -0.4578086205622663
            ],
            [
              0.9011106222901715,
              -0.43358926000976994
            ],
            [
              0.9125108484539961,
              -0.4090525045196131
            ],
            [
              0.9232431006835667,
              -0.38421631542686135
            ],
            [
              0.9332995227821521,
              -0.35909887325722295
            ],
            [
              0.9426727532725215,
              -0.3337185644185887
            ],
            [
              0.9513559307856754,
              -0.3080939677418583
            ],
            [
              0.9593426990834878,
              -0.2822438408809103
            ],
            [
              0.9666272117115843,
              -0.2561871065816702
            ],
            [
              0.9732041362790481,
              -0.22994283883033192
            ],
            [
              0.9790686583618252,
              -0.20353024889086052
            ],
            [
              0.8733053358509242,
              -0.18154401210315113
            ],
            [
              0.868074325356038,
              -0.2051033973727983
            ],
            [
              0.8622078692406258,
              -0.2285126433608095
            ],
            [
              0.8557102618533825,
              -0.2517546140888385
            ],
            [
              0.8485862595567969,
              -0.2748122960269589
            ],
            [
              0.8408410772454094,
              -0.2976688105478705
            ],
            [
              0.832480384528418,
              -0.3203074262823478
            ],
            [
              0.8235103015794262,
              -0.342711571366896
            ],
            [
              0.8139373946563672,
              -0.36486484557464516
            ],
            [
              0.8037686712948886,
              -0.38675103232060515
            ],
            [
              0.7930115751787146,
              -0.4083541105324867
            ],
            [
              0.7816739806907368,
              -0.42965826637841154
            ],
            [
              0.876340111681017,
              -0.48169285718069615
            ]
          ]
        ]
      }
    },
    {
      "type": "Feature",
      "properties": {
        "cell_id": "CEG2000_f4_r0022_c0088",
        "method": "Regular Topology",
        "view": "disk"
      },
      "geometry": {
        "type": "Polygon",
        "coordinates": [
          [
            [
              -0.9999947506823901,
              -0.0032401555000575472
            ],
            [
              -0.9997006863754747,
              -0.024465029335863257
            ],
            [
              -0.9989561751906517,
              -0.045678879676103845
            ],
            [
              -0.9977615525910684,
              -0.06687214794711471
            ],
            [
              -0.996117356851858,
              -0.08803528484913456
            ],
            [
              -0.9940243288176029,
              -0.10915875465904683
            ],
            [
              -0.9914834115685234,
              -0.13023303952700382
            ],
            [
              -0.9884957499955426,
              -0.15124864376499295
            ],
            [
              -0.9850626902844201,
              -0.1721960981254239
            ],
            [
              -0.9811857793091849,
              -0.19306596406779578
            ],
            [
              -0.9768667639351425,
              -0.21384883801153218
            ],
            [
              -0.9721075902317686,
              -0.2345353555730645
            ],
            [
              -0.8670962330578965,
              -0.20919981016485287
            ],
            [
              -0.8713412997893267,
              -0.19074794163411324
            ],
            [
              -0.8751937560390084,
              -0.17221012556332782
            ],
            [
              -0.878651865960489,
              -0.1535947147539755
            ],
            [
              -0.8817140713925724,
              -0.13491009697030876
            ],
            [
              -0.8843789925613967,
              -0.11616469115997935
            ],
            [
              -0.8866454287021366,
              -0.09736694366061271
            ],
            [
              -0.8885123586000447,
              -0.0785253243940455
            ],
            [
              -0.8899789410505935,
              -0.05964832304993
            ],
            [
              -0.8910445152385057,
              -0.04074444526043796
            ],
            [
              -0.8917086010355064,
              -0.021822208767776678
            ],
            [
              -0.8919708992166597,
              -0.0028901395862487612
            ],
            [
              -0.9999947506823901,
              -0.0032401555000575472
            ]
          ]
        ]
      }
    },
    {
      "type": "Feature",
      "properties": {
        "cell_id": "CEG2000_f4_r0022_c0089",
        "method": "Regular Topology",
        "view": "disk"
      },
      "geometry": {
        "type": "Polygon",
        "coordinates": [
          [
            [
              -0.8729949326147184,
              0.1830308323349586
            ],
            [
              -0.879714449383573,
              0.1473869923092309
            ],
            [
              -0.8849792733451134,
              0.11149943365667629
            ],
            [
              -0.8887806986044277,
              0.07542749992164578
            ],
            [
              -0.8911124391376976,
              0.03923083953049792
            ],
            [
              -0.8919706391867452,
              0.002969307157163224
            ],
            [
              -0.8913538796349022,
              -0.033297135252339356
            ],
            [
              -0.8892631803536559,
              -0.06950851763277303
            ],
            [
              -0.8857019985161935,
              -0.10560496096597571
            ],
            [
              -0.8806762228806317,
              -0.1415267762966015
            ],
            [
              -0.8741941640523876,
              -0.17721456343357228
            ],
            [
              -0.8662665407417887,
              -0.2126093091740326
            ],
            [
              -0.7513550633790221,
              -0.1844063847053758
            ],
            [
              -0.7582310762859498,
              -0.1537068018652775
            ],
            [
              -0.7638532808761807,
              -0.12275304998286656
            ],
            [
              -0.7682123802914168,
              -0.09159631407647896
            ],
            [
              -0.7713011663397613,
              -0.06028811481814017
            ],
            [
              -0.7731145314151596,
              -0.02888022333915643
            ],
            [
              -0.7736494769433199,
              0.002575424378450237
            ],
            [
              -0.7729051183401445,
              0.03402681338310586
            ],
            [
              -0.7708826864744762,
              0.06542193576542862
            ],
            [
              -0.767585525632737,
              0.09670887665833144
            ],
            [
              -0.7630190879888276,
              0.12783590008326814
            ],
            [
              -0.7571909245884313,
              0.15875153450067217
            ],
            [
              -0.8729949326147184,
              0.1830308323349586
            ]
          ]
        ]
      }
    },
    {
      "type": "Feature",
      "properties": {
        "cell_id": "CEG2000_f4_r0022_c0090",
        "method": "Regular Topology",
        "view": "disk"
      },
      "geometry": {
        "type": "Polygon",
        "coordinates": [
          [
            [
              -0.6268382867956978,
              -0.09237757423548786
            ],
            [
              -0.6252592662325381,
              -0.10252172455117306
            ],
            [
              -0.6235160934945677,
              -0.1126389593696249
            ],
            [
              -0.621609226224898,
              -0.1227266225669152
            ],
            [
              -0.6195391650421146,
              -0.13278206578268797
            ],
            [
              -0.617306453408847,
              -0.14280264911544704
            ],
            [
              -0.614911677489092,
              -0.1527857418156206
            ],
            [
              -0.6123554659943241,
              -0.16272872297622398
            ],
            [
              -0.6096384900184382,
              -0.17262898222093853
            ],
            [
              -0.6067614628615633,
              -0.1824839203894258
            ],
            [
              -0.6037251398427971,
              -0.19229095021969592
            ],
            [
              -0.6005303181019086,
              -0.20204749702735503
            ],
            [
              -0.42848202599129415,
              -0.1441621151557909
            ],
            [
              -0.43076155068963695,
              -0.13720075980567642
            ],
            [
              -0.4329279855879732,
              -0.13020338451259736
            ],
            [
              -0.4349807619222407,
              -0.12317182632949196
            ],
            [
              -0.43691934076768,
              -0.11610793128348955
            ],
            [
              -0.4387432131803206,
              -0.10901355389126331
            ],
            [
              -0.4404519003305965,
              -0.10189055667215642
            ],
            [
              -0.4420449536290553,
              -0.09474080965920614
            ],
            [
              -0.4435219548441288,
              -0.0875661899081954
            ],
            [
              -0.4448825162119329,
              -0.0803685810048606
            ],
            [
              -0.4461262805380691,
              -0.07314987257038609
            ],
            [
              -0.4472529212914003,
              -0.065911959765312
            ],
            [
              -0.6268382867956978,
              -0.09237757423548786
            ]
          ]
        ]
      }
    },
    {
      "type": "Feature",
      "properties": {
        "cell_id": "CEG2000_f4_r0022_c0091",
        "method": "Regular Topology",
        "view": "disk"
      },
      "geometry": {
        "type": "Polygon",
        "coordinates": [
          [
            [
              -0.6333183369920582,
              0.01917649718306952
            ],
            [
              -0.6335445669337113,
              0.009007537031548822
            ],
            [
              -0.6336075281382912,
              -0.0011637444234315797
            ],
            [
              -0.6335072043802679,
              -0.011334725973571772
            ],
            [
              -0.6332436215137552,
              -0.02150278648785851
            ],
            [
              -0.6328168474658477,
              -0.0316653055880496
            ],
            [
              -0.6322269922191156,
              -0.04181966432396261
            ],
            [
              -0.6314742077832614,
              -0.05196324584839725
            ],
            [
              -0.6305586881559461,
              -0.06209343609151297
            ],
            [
              -0.6294806692727948,
              -0.07220762443449359
            ],
            [
              -0.6282404289465939,
              -0.08230320438232104
            ],
            [
              -0.6268382867956978,
              -0.09237757423548786
            ],
            [
              -0.4472529212914003,
              -0.065911959765312
            ],
            [
              -0.4482533582242811,
              -0.058723835743673514
            ],
            [
              -0.4491382772228194,
              -0.05152057819079154
            ],
            [
              -0.4499074502373801,
              -0.04430404343505179
            ],
            [
              -0.45056067904685426,
              -0.03707609122646592
            ],
            [
              -0.4510977953097417,
              -0.02983858425740054
            ],
            [
              -0.45151866060753415,
              -0.022593387682549083
            ],
            [
              -0.45182316648038656,
              -0.01534236863826802
            ],
            [
              -0.4520112344550675,
              -0.008087395761404343
            ],
            [
              -0.45208281606518297,
              -0.0008303387077343449
            ],
            [
              -0.45203789286366586,
              0.00642693232985897
            ],
            [
              -0.4518764764275302,
              0.013682547103348083
            ],
            [
              -0.6333183369920582,
              0.01917649718306952
            ]
          ]
        ]
      }
    },
    {
      "type": "Feature",
      "properties": {
        "cell_id": "CEG2000_f4_r0022_c0092",
        "method": "Regular Topology",
        "view": "disk"
      },
      "geometry": {
        "type": "Polygon",
        "coordinates": [
          [
            [
              -0.45203330625119303,
              0.006741816032106642
            ],
            [
              -0.45201934999579957,
              -0.007620319755130051
            ],
            [
              -0.45154919085344325,
              -0.021974764694901932
            ],
            [
              -0.4506233033346909,
              -0.03630703148877331
            ],
            [
              -0.44924262189635084,
              -0.05060265522171734
            ],
            [
              -0.44740853999836705,
              -0.06484720796090758
            ],
            [
              -0.44512290869746274,
              -0.07902631331718503
            ],
            [
              -0.44238803477895133,
              -0.0931256609545025
            ],
            [
              -0.4392066784286018,
              -0.10713102103270757
            ],
            [
              -0.43558205044690623,
              -0.12102825856908146
            ],
            [
              -0.43151780900856346,
              -0.13480334770414484
            ],
            [
              -0.42701805597044623,
              -0.14844238585733013
            ],
            [
              0.0,
              0.0
            ],
            [
              -0.45203330625119303,
              0.006741816032106642
            ]
          ]
        ]
      }
    },
    {
      "type": "Feature",
      "properties": {
        "cell_id": "CEG2000_f4_r0022_c0093",
        "method": "Regular Topology",
        "view": "disk"
      },
      "geometry": {
        "type": "Polygon",
        "coordinates": [
          [
            [
              -0.42701805597044623,
              -0.14844238585733013
            ],
            [
              -0.4241480931895883,
              -0.1564543290785907
            ],
            [
              -0.42112782103295265,
              -0.1644108280978873
            ],
            [
              -0.4179583098229806,
              -0.17230906329532691
            ],
            [
              -0.4146406827693696,
              -0.1801462356985196
            ],
            [
              -0.41117611557103145,
              -0.1879195679744751
            ],
            [
              -0.40756583599944785,
              -0.19562630541383438
            ],
            [
              -0.4038111234635741,
              -0.20326371690708037
            ],
            [
              -0.3999133085564425,
              -0.21082909591238863
            ],
            [
              -0.395873772583628,
              -0.2183197614147689
            ],
            [
              -0.3916939470737407,
              -0.22573305887616293
            ],
            [
              -0.387375313271123,
              -0.23306636117615717
            ],
            [
              0.0,
              0.0
            ],
            [
              -0.42701805597044623,
              -0.14844238585733013
            ]
          ]
        ]
      }
    },
    {
      "type": "Feature",
      "properties": {
        "cell_id": "CEG2000_f4_r0022_c0094",
        "method": "Regular Topology",
        "view": "disk"
      },
      "geometry": {
        "type": "Polygon",
        "coordinates": [
          [
            [
              -0.1967563012986365,
              -0.40702152270251724
            ],
            [
              -0.18717578052150705,
              -0.41151523572033183
            ],
            [
              -0.1774927058842064,
              -0.41578347899080625
            ],
            [
              -0.1677123827562631,
              -0.4198239139377512
            ],
            [
              -0.1578401697897824,
              -0.42363432680146246
            ],
            [
              -0.14788147598343607,
              -0.427212629851642
            ],
            [
              -0.13784175771886303,
              -0.4305568625312688
            ],
            [
              -0.12772651577111124,
              -0.4336651925307906
            ],
            [
              -0.11754129229475542,
              -0.43653591679204873
            ],
            [
              -0.10729166778734381,
              -0.43916746244138566
            ],
            [
              -0.09698325803183434,
              -0.4415583876514252
            ],
            [
              -0.08662171101970209,
              -0.44370738243105085
            ],
            [
              0.0,
              0.0
            ],
            [
              -0.1967563012986365,
              -0.40702152270251724
            ]
          ]
        ]
      }
    },
    {
      "type": "Feature",
      "properties": {
        "cell_id": "CEG2000_f4_r0022_c0095",
        "method": "Regular Topology",
        "view": "disk"
      },
      "geometry": {
        "type": "Polygon",
        "coordinates": [
          [
            [
              0.32961908644353144,
              -0.3094039752426063
            ],
            [
              0.33261076613901336,
              -0.30618563044697933
            ],
            [
              0.33557102384577586,
              -0.3029383600650359
            ],
            [
              0.3384995799060523,
              -0.29966247086884557
            ],
            [
              0.3413961576569532,
              -0.2963582723341199
            ],
            [
              0.34426048345660454,
              -0.29302607661097424
            ],
            [
              0.34709228670999775,
              -0.28966619849444003
            ],
            [
              0.3498912998945548,
              -0.286278955394724
            ],
            [
              0.3526572585853989,
              -0.28286466730722437
            ],
            [
              0.3553899014803366,
              -0.27942365678229936
            ],
            [
              0.3580889704245424,
              -0.27595624889479636
            ],
            [
              0.3607542104349478,
              -0.2724627712133403
            ],
            [
              0.0,
              0.0
            ],
            [
              0.32961908644353144,
              -0.3094039752426063
            ]
          ]
        ]
      }
    },
    {
      "type": "Feature",
      "properties": {
        "cell_id": "CEG2000_f4_r0022_c0096",
        "method": "Regular Topology",
        "view": "disk"
      },
      "geometry": {
        "type": "Polygon",
        "coordinates": [
          [
            [
              0.4157280131471675,
              -0.1776225805704448
            ],
            [
              0.4220698004213948,
              -0.16197729969362865
            ],
            [
              0.4278230407244739,
              -0.14610615274197303
            ],
            [
              0.43297971156308435,
              -0.13003127092566574
            ],
            [
              0.4375326223185175,
              -0.11377506954898851
            ],
            [
              0.4414754242734939,
              -0.0973602167537346
            ],
            [
              0.44480261946500826,
              -0.08080960191006192
            ],
            [
              0.4475095683508557,
              -0.06414630369886044
            ],
            [
              0.44959249627915115,
              -0.047393557930135014
            ],
            [
              0.4510484987518185,
              -0.03057472514228652
            ],
            [
              0.45187554547471115,
              -0.013713258027466
            ],
            [
              0.4520724831887158,
              0.003167331271572817
            ],
            [
              0.0,
              0.0
            ],
            [
              0.4157280131471675,
              -0.1776225805704448
            ]
          ]
        ]
      }
    },
    {
      "type": "Feature",
      "properties": {
        "cell_id": "CEG2000_f4_r0022_c0097",
        "method": "Regular Topology",
        "view": "disk"
      },
      "geometry": {
        "type": "Polygon",
        "coordinates": [
          [
            [
              0.6061260478502657,
              -0.1845834990783734
            ],
            [
              0.6109740105671498,
              -0.16784103320133267
            ],
            [
              0.6153596062805212,
              -0.15097155021023156
            ],
            [
              0.619279516101665,
              -0.13398781642927896
            ],
            [
              0.6227307735591331,
              -0.11690268464428993
            ],
            [
              0.6257107668436808,
              -0.09972908437608112
            ],
            [
              0.6282172407848073,
              -0.08248001209579184
            ],
            [
              0.6302482985574013,
              -0.06516852138954253
            ],
            [
              0.6318024031172024,
              -0.04780771307986476
            ],
            [
              0.6328783783639901,
              -0.03041072531138969
            ],
            [
              0.6334754100316219,
              -0.01299072360828888
            ],
            [
              0.6335930463042461,
              0.004439109089001535
            ],
            [
              0.4520724831887158,
              0.003167331271572817
            ],
            [
              0.4519885489943801,
              -0.009268960122389638
            ],
            [
              0.45156256327672906,
              -0.021698237042343214
            ],
            [
              0.4507948484091146,
              -0.03411109338029247
            ],
            [
              0.44968598537537036,
              -0.04649813545485245
            ],
            [
              0.4482368133301402,
              -0.058849989120106375
            ],
            [
              0.44644842896383075,
              -0.07115730685968202
            ],
            [
              0.44432218567266896,
              -0.08341077486067312
            ],
            [
              0.44185969253449153,
              -0.09560112006205904
            ],
            [
              0.4390628130910429,
              -0.10771911717228058
            ],
            [
              0.43593366393770205,
              -0.11975559565066783
            ],
            [
              0.43247461312170604,
              -0.13170144664743155
            ],
            [
              0.6061260478502657,
              -0.1845834990783734
            ]
          ]
        ]
      }
    },
    {
      "type": "Feature",
      "properties": {
        "cell_id": "CEG2000_f4_r0022_c0098",
        "method": "Regular Topology",
        "view": "disk"
      },
      "geometry": {
        "type": "Polygon",
        "coordinates": [
          [
            [
              0.7678196628662136,
              -0.09483201622561654
            ],
            [
              0.7688859169718032,
              -0.08575892179727293
            ],
            [
              0.7698449608335948,
              -0.07667386950273512
            ],
            [
              0.770696660726514,
              -0.06757812612378429
            ],
            [
              0.7714408978930819,
              -0.05847295993292178
            ],
            [
              0.7720775685599736,
              -0.04935964051652654
            ],
            [
              0.772606583952488,
              -0.04023943859782927
            ],
            [
              0.7730278703069265,
              -0.03111362585972804
            ],
            [
              0.7733413688808776,
              -0.02198347476747018
            ],
            [
              0.7735470359614083,
              -0.012850258391225028
            ],
            [
              0.7736448428711591,
              -0.0037152502285723184
            ],
            [
              0.7736347759723429,
              0.005420275973068992
            ],
            [
              0.6335930463042461,
              0.004439109089001535
            ],
            [
              0.6336012909143461,
              -0.003042723495909437
            ],
            [
              0.6335211888043799,
              -0.010524131816153042
            ],
            [
              0.6333527511434511,
              -0.018004072695372086
            ],
            [
              0.6330960014178043,
              -0.02548150316182322
            ],
            [
              0.63275097542755,
              -0.03295538059380458
            ],
            [
              0.6323177212816724,
              -0.04042466286503461
            ],
            [
              0.6317962993913219,
              -0.047888308489961784
            ],
            [
              0.6311867824613907,
              -0.05534527676898501
            ],
            [
              0.6304892554803764,
              -0.06279452793356446
            ],
            [
              0.6297038157085304,
              -0.07023502329120254
            ],
            [
              0.6288305726642969,
              -0.07766572537027483
            ],
            [
              0.7678196628662136,
              -0.09483201622561654
            ]
          ]
        ]
      }
    },
    {
      "type": "Feature",
      "properties": {
        "cell_id": "CEG2000_f4_r0022_c0099",
        "method": "Regular Topology",
        "view": "disk"
      },
      "geometry": {
        "type": "Polygon",
        "coordinates": [
          [
            [
              0.7527001084692682,
              -0.17883705627121435
            ],
            [
              0.7544567776527805,
              -0.1712749737678695
            ],
            [
              0.7561374755777893,
              -0.16369564445106527
            ],
            [
              0.7577420330036695,
              -0.15609983153375687
            ],
            [
              0.7592702883568883,
              -0.14848829988874251
            ],
            [
              0.7607220877472747,
              -0.14086181597164346
            ],
            [
              0.762097284983516,
              -0.13322114774372376
            ],
            [
              0.7633957415878783,
              -0.12556706459456182
            ],
            [
              0.7646173268101514,
              -0.1179003372645715
            ],
            [
              0.7657619176408144,
              -0.11022173776739372
            ],
            [
              0.7668293988234227,
              -0.10253203931215674
            ],
            [
              0.7678196628662136,
              -0.09483201622561654
            ],
            [
              0.6288305726642969,
              -0.07766572537027483
            ],
            [
              0.6280195641225352,
              -0.08397190657558873
            ],
            [
              0.6271453161241678,
              -0.09026963209250478
            ],
            [
              0.6262079167030259,
              -0.09655826776125741
            ],
            [
              0.6252074602520766,
              -0.10283718033739818
            ],
            [
              0.6241440475139176,
              -0.10910573755556138
            ],
            [
              0.6230177855706329,
              -0.11536330819313156
            ],
            [
              0.6218287878330099,
              -0.12160926213380326
            ],
            [
              0.6205771740291195,
              -0.12784297043103499
            ],
            [
              0.6192630701922596,
              -0.1340638053713798
            ],
            [
              0.617886608648264,
              -0.14027114053769443
            ],
            [
              0.6164479280021781,
              -0.14646435087221746
            ],
            [
              0.7527001084692682,
              -0.17883705627121435
            ]
          ]
        ]
      }
    },
    {
      "type": "Feature",
      "properties": {
        "cell_id": "CEG2000_f4_r0022_c0100",
        "method": "Regular Topology",
        "view": "disk"
      },
      "geometry": {
        "type": "Polygon",
        "coordinates": [
          [
            [
              0.9790686583618252,
              -0.20353024889086052
            ],
            [
              0.9828086426317213,
              -0.18462711601602175
            ],
            [
              0.9861836944113828,
              -0.1656554281546984
            ],
            [
              0.9891925604903704,
              -0.14662222979652437
            ],
            [
              0.9918341236288237,
              -0.12753458827096006
            ],
            [
              0.9941074029723092,
              -0.1083995911230804
            ],
            [
              0.9960115544160276,
              -0.08922434348185732
            ],
            [
              0.9975458709182441,
              -0.07001596542190891
            ],
            [
              0.9987097827628227,
              -0.05078158931970766
            ],
            [
              0.9995028577707722,
              -0.03152835720521201
            ],
            [
              0.9999248014607205,
              -0.012263418109917835
            ],
            [
              0.9999754571582603,
              0.007006074587690675
            ],
            [
              0.8919536898642553,
              0.00624924745424615
            ],
            [
              0.8919085062189869,
              -0.010938669499523714
            ],
            [
              0.8915321427507935,
              -0.028122524751221418
            ],
            [
              0.8908247392094207,
              -0.04529593766191399
            ],
            [
              0.8897865582650615,
              -0.06245253147007587
            ],
            [
              0.888417985410823,
              -0.07958593565938193
            ],
            [
              0.8867195288195866,
              -0.0966897883241808
            ],
            [
              0.8846918191553151,
              -0.11375773853177484
            ],
            [
              0.8823356093388777,
              -0.1307834486806178
            ],
            [
              0.8796517742684778,
              -0.1477605968535702
            ],
            [
              0.87664131049479,
              -0.16468287916532712
            ],
            [
              0.8733053358509242,
              -0.18154401210315113
            ],
            [
              0.9790686583618252,
              -0.20353024889086052
            ]
          ]
        ]
      }
    },
    {
      "type": "Feature",
      "properties": {
        "cell_id": "CEG2000_f4_r0023_c0089",
        "method": "Regular Topology",
        "view": "disk"
      },
      "geometry": {
        "type": "Polygon",
        "coordinates": [
          [
            [
              -0.9746297771849999,
              0.22382313871518603
            ],
            [
              -0.979077385785002,
              0.2034882616870227
            ],
            [
              -0.9831007714659945,
              0.1830652155461718
            ],
            [
              -0.986698190941448,
              0.16256284936255858
            ],
            [
              -0.9898680854910681,
              0.1419900465745662
            ],
            [
              -0.9926090816361716,
              0.12135572113994472
            ],
            [
              -0.9949199917347982,
              0.10066881367349662
            ],
            [
              -0.9967998144963024,
              0.07993828757320989
            ],
            [
              -0.9982477354152011,
              0.05917312513652391
            ],
            [
              -0.9992631271240894,
              0.03838232366840201
            ],
            [
              -0.9998455496654717,
              0.0175748915829036
            ],
            [
              -0.9999947506823901,
              -0.0032401555000575472
            ],
            [
              -0.8919708992166597,
              -0.0028901395862487612
            ],
            [
              -0.8918378155528365,
              0.015676374139104655
            ],
            [
              -0.8913183088678202,
              0.03423609547266828
            ],
            [
              -0.8904126042578547,
              0.05278098270162713
            ],
            [
              -0.8891210941542833,
              0.07130300054061234
            ],
            [
              -0.8874443381535116,
              0.0897941236132975
            ],
            [
              -0.8853830627745417,
              0.10824633992970109
            ],
            [
              -0.8829381611441791,
              0.12665165435769077
            ],
            [
              -0.8801106926100521,
              0.14500209208717924
            ],
            [
              -0.8769018822816078,
              0.16328970208551918
            ],
            [
              -0.8733131204992871,
              0.18150656054259318
            ],
            [
              -0.8693459622321057,
              0.19964477430410912
            ],
            [
              -0.9746297771849999,
              0.22382313871518603
            ]
          ]
        ]
      }
    },
    {
      "type": "Feature",
      "properties": {
        "cell_id": "CEG2000_f4_r0023_c0090",
        "method": "Regular Topology",
        "view": "disk"
      },
      "geometry": {
        "type": "Polygon",
        "coordinates": [
          [
            [
              -0.7460228428933409,
              0.20491477220234547
            ],
            [
              -0.7544329964378648,
              0.17137969503761588
            ],
            [
              -0.7613364875283658,
              0.1375023590465704
            ],
            [
              -0.7667195293462972,
              0.10335041995267362
            ],
            [
              -0.770571371530747,
              0.06899208188353922
            ],
            [
              -0.7728843216477608,
              0.03449596116188356
            ],
            [
              -0.7736537605527415,
              -6.905072670565397e-05
            ],
            [
              -0.7728781516152471,
              -0.03463392471552434
            ],
            [
              -0.7705590437877634,
              -0.06912963201326414
            ],
            [
              -0.7667010685123228,
              -0.10348728195997799
            ],
            [
              -0.7613119304711484,
              -0.1376382596071842
            ],
            [
              -0.7544023921997929,
              -0.1715143627473553
            ],
            [
              -0.6178420679348637,
              -0.14046719583080536
            ],
            [
              -0.6235008562130945,
              -0.1127232731787746
            ],
            [
              -0.6279144638927262,
              -0.08475423322117173
            ],
            [
              -0.6310740766496122,
              -0.056615932346274704
            ],
            [
              -0.6329733844867975,
              -0.02836456496982171
            ],
            [
              -0.6336085943360836,
              -5.6551310310436846e-05
            ],
            [
              -0.6329784376330851,
              0.028251575286646787
            ],
            [
              -0.6310841728506539,
              0.056503281249893456
            ],
            [
              -0.6279295829856089,
              0.08464214568474693
            ],
            [
              -0.6235209680037919,
              0.11261197304999546
            ],
            [
              -0.6178671322585368,
              0.1403569053848448
            ],
            [
              -0.6109793669076785,
              0.16782153386169155
            ],
            [
              -0.7460228428933409,
              0.20491477220234547
            ]
          ]
        ]
      }
    },
    {
      "type": "Feature",
      "properties": {
        "cell_id": "CEG2000_f4_r0023_c0091",
        "method": "Regular Topology",
        "view": "disk"
      },
      "geometry": {
        "type": "Polygon",
        "coordinates": [
          [
            [
              -0.5965807483930093,
              0.21342742246823712
            ],
            [
              -0.6024166440225406,
              0.19635182968136092
            ],
            [
              -0.6077639053179136,
              0.17911697129897192
            ],
            [
              -0.612618194989499,
              0.16173682692079344
            ],
            [
              -0.6169755756085673,
              0.1442254939914426
            ],
            [
              -0.6208325128010291,
              0.1265971763656621
            ],
            [
              -0.6241858781142503,
              0.10886617278723809
            ],
            [
              -0.627032951554613,
              0.09104686529095248
            ],
            [
              -0.6293714237937668,
              0.07315370753697549
            ],
            [
              -0.6311993980417792,
              0.05520121308716174
            ],
            [
              -0.6325153915856666,
              0.037203943632757114
            ],
            [
              -0.6333183369920582,
              0.01917649718306952
            ],
            [
              -0.4518764764275302,
              0.013682547103348083
            ],
            [
              -0.45130357000778687,
              0.026545239535973753
            ],
            [
              -0.45036460062875766,
              0.03938640049935063
            ],
            [
              -0.44906032991062994,
              0.05219561422525663
            ],
            [
              -0.44739181577811454,
              0.06496249085862726
            ],
            [
              -0.445360411602338,
              0.07767667488501082
            ],
            [
              -0.4429677651030915,
              0.0903278535301708
            ],
            [
              -0.4402158170123262,
              0.10290576512502
            ],
            [
              -0.43710679949998016,
              0.11540020742910202
            ],
            [
              -0.4336432343634127,
              0.12780104590586874
            ],
            [
              -0.4298279309819147,
              0.14009822194304244
            ],
            [
              -0.4256639840379556,
              0.1522817610113921
            ],
            [
              -0.5965807483930093,
              0.21342742246823712
            ]
          ]
        ]
      }
    },
    {
      "type": "Feature",
      "properties": {
        "cell_id": "CEG2000_f4_r0023_c0092",
        "method": "Regular Topology",
        "view": "disk"
      },
      "geometry": {
        "type": "Polygon",
        "coordinates": [
          [
            [
              -0.42091966203543346,
              0.16494302093684376
            ],
            [
              -0.4260716424182952,
              0.15113741287574023
            ],
            [
              -0.43077095413762895,
              0.13717123282653831
            ],
            [
              -0.4350126045327089,
              0.12305931879164862
            ],
            [
              -0.43879208717310336,
              0.10881666360474065
            ],
            [
              -0.4421053866464136,
              0.09445839900199841
            ],
            [
              -0.4449489828243441,
              0.0799997795458037
            ],
            [
              -0.4473198546025702,
              0.06545616641792486
            ],
            [
              -0.4492154831104318,
              0.050843011099432504
            ],
            [
              -0.450633854387041,
              0.0361758389546771
            ],
            [
              -0.4515734615209627,
              0.021470232736772434
            ],
            [
              -0.45203330625119303,
              0.006741816032106642
            ],
            [
              0.0,
              0.0
            ],
            [
              -0.42091966203543346,
              0.16494302093684376
            ]
          ]
        ]
      }
    },
    {
      "type": "Feature",
      "properties": {
        "cell_id": "CEG2000_f4_r0023_c0093",
        "method": "Regular Topology",
        "view": "disk"
      },
      "geometry": {
        "type": "Polygon",
        "coordinates": [
          [
            [
              -0.37925994827867465,
              0.2460517296737672
            ],
            [
              -0.38371493975880094,
              0.23904478042763322
            ],
            [
              -0.3880404909338322,
              0.23195719311895915
            ],
            [
              -0.3922351426459257,
              0.2247913586357935
            ],
            [
              -0.3962974798941494,
              0.21754969426166032
            ],
            [
              -0.40022613231181076,
              0.2102346428601256
            ],
            [
              -0.40401977462872934,
              0.20284867205073434
            ],
            [
              -0.4076771271182953,
              0.19539427337659854
            ],
            [
              -0.4111969560291662,
              0.18787396146391216
            ],
            [
              -0.41457807400145347,
              0.1802902731736822
            ],
            [
              -0.41781934046726005,
              0.17264576674595714
            ],
            [
              -0.42091966203543346,
              0.16494302093684376
            ],
            [
              0.0,
              0.0
            ],
            [
              -0.37925994827867465,
              0.2460517296737672
            ]
          ]
        ]
      }
    },
    {
      "type": "Feature",
      "properties": {
        "cell_id": "CEG2000_f4_r0023_c0094",
        "method": "Regular Topology",
        "view": "disk"
      },
      "geometry": {
        "type": "Polygon",
        "coordinates": [
          [
            [
              -0.07870830256927136,
              0.4451792505839189
            ],
            [
              -0.08465557771094596,
              0.4440866978487665
            ],
            [
              -0.09058770786644803,
              0.442914697461372
            ],
            [
              -0.09650363177045262,
              0.4416634590940352
            ],
            [
              -0.10240229105695327,
              0.44033320659482705
            ],
            [
              -0.10828263044860434,
              0.43892417794754324
            ],
            [
              -0.11414359794551185,
              0.4374366252291284
            ],
            [
              -0.11998414501343749,
              0.4358708145645795
            ],
            [
              -0.12580322677138248,
              0.4342270260793353
            ],
            [
              -0.13159980217851824,
              0.4325055538491621
            ],
            [
              -0.13737283422043006,
              0.43070670584754295
            ],
            [
              -0.14312129009463964,
              0.4288308038905806
            ],
            [
              0.0,
              0.0
            ],
            [
              -0.07870830256927136,
              0.4451792505839189
            ]
          ]
        ]
      }
    },
    {
      "type": "Feature",
      "properties": {
        "cell_id": "CEG2000_f4_r0023_c0095",
        "method": "Regular Topology",
        "view": "disk"
      },
      "geometry": {
        "type": "Polygon",
        "coordinates": [
          [
            [
              0.41096920976330475,
              0.18837162915449984
            ],
            [
              0.4083296912950864,
              0.1940268673422706
            ],
            [
              0.40561235711080995,
              0.1996451296746514
            ],
            [
              0.4028177250550258,
              0.2052253454748933
            ],
            [
              0.3999463277030011,
              0.21076645131680535
            ],
            [
              0.3969987122592274,
              0.2162673912274127
            ],
            [
              0.3939754404531387,
              0.22172711688819421
            ],
            [
              0.3908770884320628,
              0.22714458783486113
            ],
            [
              0.38770424665142383,
              0.23251877165563975
            ],
            [
              0.3844575197622192,
              0.23784864418801813
            ],
            [
              0.3811375264957906,
              0.24313318971392234
            ],
            [
              0.37774489954591167,
              0.24837140115328235
            ],
            [
              0.0,
              0.0
            ],
            [
              0.41096920976330475,
              0.18837162915449984
            ]
          ]
        ]
      }
    },
    {
      "type": "Feature",
      "properties": {
        "cell_id": "CEG2000_f4_r0023_c0096",
        "method": "Regular Topology",
        "view": "disk"
      },
      "geometry": {
        "type": "Polygon",
        "coordinates": [
          [
            [
              0.4520724831887158,
              0.0031673312715729276
            ],
            [
              0.45161691956482286,
              0.020535822520072983
            ],
            [
              0.4504943102083163,
              0.03787398201574384
            ],
            [
              0.4487063132319643,
              0.05515620100744724
            ],
            [
              0.44625556953716217,
              0.07235695336910354
            ],
            [
              0.44314569891327676,
              0.08945083330220627
            ],
            [
              0.4393812946911572,
              0.10641259286061075
            ],
            [
              0.43496791695870857,
              0.1232171792421723
            ],
            [
              0.42991208434854916,
              0.1398397717921534
            ],
            [
              0.4242212644098813,
              0.15625581866374513
            ],
            [
              0.4179038625787962,
              0.17244107308155518
            ],
            [
              0.41096920976330475,
              0.18837162915449984
            ],
            [
              0.0,
              0.0
            ],
            [
              0.4520724831887158,
              0.0031673312715729276
            ]
          ]
        ]
      }
    },
    {
      "type": "Feature",
      "properties": {
        "cell_id": "CEG2000_f4_r0023_c0097",
        "method": "Regular Topology",
        "view": "disk"
      },
      "geometry": {
        "type": "Polygon",
        "coordinates": [
          [
            [
              0.6335930463042461,
              0.004439109089001691
            ],
            [
              0.633220941558323,
              0.022160622432357047
            ],
            [
              0.6323532654609287,
              0.03986479243014772
            ],
            [
              0.6309906970727007,
              0.05753776344545985
            ],
            [
              0.6291343027668642,
              0.07516570425832617
            ],
            [
              0.6267855353946667,
              0.09273481889031492
            ],
            [
              0.6239462331483483,
              0.11023135740153797
            ],
            [
              0.6206186181225349,
              0.12764162665162834
            ],
            [
              0.6168052945751837,
              0.1449520010162652
            ],
            [
              0.612509246889438,
              0.16214893305085956
            ],
            [
              0.6077338372379892,
              0.17921896409305493
            ],
            [
              0.6024828029517748,
              0.19614873479574488
            ],
            [
              0.4298751357793766,
              0.13995331250977305
            ],
            [
              0.4336217806059332,
              0.12787381838334053
            ],
            [
              0.43702906436948813,
              0.11569424765356942
            ],
            [
              0.4400943204617396,
              0.10342413229568476
            ],
            [
              0.4428151499520703,
              0.09107307514694529
            ],
            [
              0.44518942346499824,
              0.07865074239127132
            ],
            [
              0.44721528284666845,
              0.06616685599429618
            ],
            [
              0.44889114261908153,
              0.05363118609476194
            ],
            [
              0.45021569122092014,
              0.04105354335821352
            ],
            [
              0.451187892034003,
              0.02844377129897618
            ],
            [
              0.4518069841945634,
              0.015811738576424563
            ],
            [
              0.4520724831887158,
              0.0031673312715729276
            ],
            [
              0.6335930463042461,
              0.004439109089001691
            ]
          ]
        ]
      }
    },
    {
      "type": "Feature",
      "properties": {
        "cell_id": "CEG2000_f4_r0023_c0098",
        "method": "Regular Topology",
        "view": "disk"
      },
      "geometry": {
        "type": "Polygon",
        "coordinates": [
          [
            [
              0.7736347759723429,
              0.005420275973069182
            ],
            [
              0.7733296467184562,
              0.022392040811619225
            ],
            [
              0.7726522408630462,
              0.039353026245952855
            ],
            [
              0.7716028845055337,
              0.056295067351780956
            ],
            [
              0.7701820828002471,
              0.07321000832450907
            ],
            [
              0.7683905197132451,
              0.09008970640539644
            ],
            [
              0.766229057693058,
              0.10692603580143493
            ],
            [
              0.7636987372555109,
              0.1237108915970607
            ],
            [
              0.760800776482824,
              0.14043619365581556
            ],
            [
              0.7575365704372353,
              0.15709389051007977
            ],
            [
              0.7539076904894261,
              0.17367596323700413
            ],
            [
              0.7499158835620698,
              0.19017442931877462
            ],
            [
              0.6141676975945795,
              0.15574945664743683
            ],
            [
              0.6174369160810199,
              0.1422375079750701
            ],
            [
              0.6204089038615783,
              0.12865708695549308
            ],
            [
              0.6230822302378258,
              0.11501473112804092
            ],
            [
              0.6254556082852761,
              0.10131700784712162
            ],
            [
              0.6275278954729048,
              0.08757051112072807
            ],
            [
              0.6292980942131566,
              0.0737818584361193
            ],
            [
              0.6307653523421791,
              0.05995768757419865
            ],
            [
              0.6319289635300491,
              0.046104653414123044
            ],
            [
              0.6327883676207965,
              0.032229424729680954
            ],
            [
              0.6333431509020601,
              0.018338680978981767
            ],
            [
              0.6335930463042461,
              0.004439109089001691
            ],
            [
              0.7736347759723429,
              0.005420275973069182
            ]
          ]
        ]
      }
    },
    {
      "type": "Feature",
      "properties": {
        "cell_id": "CEG2000_f4_r0023_c0099",
        "method": "Regular Topology",
        "view": "disk"
      },
      "geometry": {
        "type": "Polygon",
        "coordinates": [
          [
            [
              0.8919536898642553,
              0.006249247454246368
            ],
            [
              0.8916744674583654,
              0.023175030507959556
            ],
            [
              0.8910740889963761,
              0.040092466567708526
            ],
            [
              0.8901527707177177,
              0.056995462448993166
            ],
            [
              0.8889108444553133,
              0.07387793016825936
            ],
            [
              0.887348757516061,
              0.09073378913561944
            ],
            [
              0.8854670725197276,
              0.10755696834490948
            ],
            [
              0.8832664671963077,
              0.12434140856029503
            ],
            [
              0.8807477341419254,
              0.1410810644986373
            ],
            [
              0.8779117805333628,
              0.15776990700683408
            ],
            [
              0.8747596278013207,
              0.1744019252333511
            ],
            [
              0.8712924112625279,
              0.19097112879316164
            ],
            [
              0.7557142450927833,
              0.16563853944431534
            ],
            [
              0.7587215304717414,
              0.15126726408585475
            ],
            [
              0.761455545701899,
              0.13684150651474403
            ],
            [
              0.7639153060678908,
              0.12236646248299456
            ],
            [
              0.7660999256332381,
              0.10784734549421411
            ],
            [
              0.7680086175594373,
              0.09328938492584966
            ],
            [
              0.7696406943893571,
              0.07869782414571275
            ],
            [
              0.7709955682948417,
              0.06407791862346573
            ],
            [
              0.7720727512884292,
              0.049434934037749706
            ],
            [
              0.7728718553991119,
              0.03477414437963505
            ],
            [
              0.7733925928120715,
              0.020100830053078302
            ],
            [
              0.7736347759723429,
              0.005420275973069182
            ],
            [
              0.8919536898642553,
              0.006249247454246368
            ]
          ]
        ]
      }
    },
    {
      "type": "Feature",
      "properties": {
        "cell_id": "CEG2000_f4_r0024_c0089",
        "method": "Regular Topology",
        "view": "disk"
      },
      "geometry": {
        "type": "Polygon",
        "coordinates": [
          [
            [
              -0.8805904370434452,
              0.47387813010059265
            ],
            [
              -0.8918714666687055,
              0.45228894187478447
            ],
            [
              -0.9026233001873506,
              0.43043138588966307
            ],
            [
              -0.9128395579486689,
              0.4083184314283139
            ],
            [
              -0.9225141780883294,
              0.3859631993157043
            ],
            [
              -0.9316414201252178,
              0.36337895413337784
            ],
            [
              -0.9402158683675773,
              0.34057909634885486
            ],
            [
              -0.9482324351264352,
              0.3175771543644016
            ],
            [
              -0.9556863637344062,
              0.29438677648988976
            ],
            [
              -0.962573231368084,
              0.2710217228445073
            ],
            [
              -0.9688889516723437,
              0.24749585719212933
            ],
            [
              -0.9746297771849999,
              0.22382313871518603
            ],
            [
              -0.8693459622321057,
              0.19964477430410912
            ],
            [
              -0.8642252860572802,
              0.22076026113278793
            ],
            [
              -0.8585918177664245,
              0.24174475882788313
            ],
            [
              -0.8524489000043003,
              0.2625858161395296
            ],
            [
              -0.8458001776998966,
              0.28327106692888326
            ],
            [
              -0.8386495959036928,
              0.3037882375056303
            ],
            [
              -0.8310013974468459,
              0.3241251539106366
            ],
            [
              -0.8228601204236855,
              0.3442697491394243
            ],
            [
              -0.8142305954990158,
              0.36421007030218494
            ],
            [
              -0.8051179430418165,
              0.38393428571608285
            ],
            [
              -0.7955275700870492,
              0.4034306919256385
            ],
            [
              -0.7854651671273669,
              0.42268772064703036
            ],
            [
              -0.8805904370434452,
              0.47387813010059265
            ]
          ]
        ]
      }
    },
    {
      "type": "Feature",
      "properties": {
        "cell_id": "CEG2000_f4_r0024_c0090",
        "method": "Regular Topology",
        "view": "disk"
      },
      "geometry": {
        "type": "Polygon",
        "coordinates": [
          [
            [
              -0.6799504259911517,
              0.3690630897012769
            ],
            [
              -0.6874927690946944,
              0.35481521730037274
            ],
            [
              -0.6947365997641343,
              0.34041328254574704
            ],
            [
              -0.7016787726958075,
              0.3258635388218614
            ],
            [
              -0.708316273567189,
              0.31117230369249216
            ],
            [
              -0.7146462203457242,
              0.29634595615761655
            ],
            [
              -0.7206658645402213,
              0.28139093388362196
            ],
            [
              -0.7263725923942568,
              0.26631373040804407
            ],
            [
              -0.731763926021082,
              0.2511208923200413
            ],
            [
              -0.7368375244795319,
              0.2358190164178384
            ],
            [
              -0.7415911847904717,
              0.22041474684436593
            ],
            [
              -0.7460228428933409,
              0.20491477220234547
            ],
            [
              -0.6109793669076785,
              0.16782153386169155
            ],
            [
              -0.6073499181745258,
              0.1805157359013209
            ],
            [
              -0.603456755391456,
              0.1931315572013411
            ],
            [
              -0.5993015689871564,
              0.2056635199157381
            ],
            [
              -0.5948861631621409,
              0.21810618261027157
            ],
            [
              -0.5902124551053602,
              0.23045414262516867
            ],
            [
              -0.5852824741617485,
              0.24270203842098384
            ],
            [
              -0.5800983609510734,
              0.25484455190660193
            ],
            [
              -0.5746623664384688,
              0.266876410748379
            ],
            [
              -0.5689768509570565,
              0.2787923906594117
            ],
            [
              -0.5630442831830781,
              0.29058731766794693
            ],
            [
              -0.5568672390639856,
              0.3022560703639423
            ],
            [
              -0.6799504259911517,
              0.3690630897012769
            ]
          ]
        ]
      }
    },
    {
      "type": "Feature",
      "properties": {
        "cell_id": "CEG2000_f4_r0024_c0091",
        "method": "Regular Topology",
        "view": "disk"
      },
      "geometry": {
        "type": "Polygon",
        "coordinates": [
          [
            [
              -0.5166761238664588,
              0.36675010162361277
            ],
            [
              -0.5256415254829923,
              0.3537807805725339
            ],
            [
              -0.5342814527827277,
              0.34059240042457856
            ],
            [
              -0.5425905559706076,
              0.32719312735157735
            ],
            [
              -0.5505636900960295,
              0.3135912581090897
            ],
            [
              -0.5581959182385705,
              0.29979521489910005
            ],
            [
              -0.5654825145649015,
              0.28581354015503607
            ],
            [
              -0.5724189672549966,
              0.2716548912523416
            ],
            [
              -0.5790009812958273,
              0.257328035147878
            ],
            [
              -0.5852244811408103,
              0.24284184295147299
            ],
            [
              -0.5910856132333642,
              0.22820528443297783
            ],
            [
              -0.5965807483930093,
              0.21342742246823712
            ],
            [
              -0.4256639840379556,
              0.1522817610113921
            ],
            [
              -0.42174317175699894,
              0.16282585519548828
            ],
            [
              -0.4175612184435379,
              0.1732691285132572
            ],
            [
              -0.41312071353986657,
              0.18360511454779005
            ],
            [
              -0.4084244065819893,
              0.1938274133138693
            ],
            [
              -0.40347520549712357,
              0.2039296952208028
            ],
            [
              -0.3982761748031275,
              0.21390570499167202
            ],
            [
              -0.3928305337109673,
              0.22374926553656474
            ],
            [
              -0.3871416541313999,
              0.23345428177739463
            ],
            [
              -0.38121305858710414,
              0.24301474442193982
            ],
            [
              -0.37504841803155453,
              0.25242473368476387
            ],
            [
              -0.3686515495759872,
              0.2616784229527132
            ],
            [
              -0.5166761238664588,
              0.36675010162361277
            ]
          ]
        ]
      }
    },
    {
      "type": "Feature",
      "properties": {
        "cell_id": "CEG2000_f4_r0024_c0092",
        "method": "Regular Topology",
        "view": "disk"
      },
      "geometry": {
        "type": "Polygon",
        "coordinates": [
          [
            [
              -0.3153785038175867,
              0.32390733454736104
            ],
            [
              -0.3218863677494771,
              0.3174409052104722
            ],
            [
              -0.3282616733664853,
              0.31084374827625294
            ],
            [
              -0.3345017952086539,
              0.30411858056682983
            ],
            [
              -0.34060416348701705,
              0.29726817162135766
            ],
            [
              -0.3465662651418839,
              0.2902953425554758
            ],
            [
              -0.3523856448777601,
              0.28320296489952357
            ],
            [
              -0.3580599061744794,
              0.27599395941599625
            ],
            [
              -0.36358671227413303,
              0.268671294896724
            ],
            [
              -0.3689637871433852,
              0.2612379869402732
            ],
            [
              -0.3741889164107834,
              0.2536970967100715
            ],
            [
              -0.37925994827867465,
              0.2460517296737672
            ],
            [
              0.0,
              0.0
            ],
            [
              -0.3153785038175867,
              0.32390733454736104
            ]
          ]
        ]
      }
    },
    {
      "type": "Feature",
      "properties": {
        "cell_id": "CEG2000_f4_r0024_c0093",
        "method": "Regular Topology",
        "view": "disk"
      },
      "geometry": {
        "type": "Polygon",
        "coordinates": [
          [
            [
              -0.21214041524858518,
              0.39921924585615043
            ],
            [
              -0.2168799549188366,
              0.3966644012237536
            ],
            [
              -0.22158873098828594,
              0.3940532912472584
            ],
            [
              -0.22626607553486888,
              0.39138628630273264
            ],
            [
              -0.23091132509496295,
              0.38866376469473446
            ],
            [
              -0.23552382075749892,
              0.38588611260265004
            ],
            [
              -0.24010290825742306,
              0.38305372402591664
            ],
            [
              -0.24464793806850388,
              0.3801670007281341
            ],
            [
              -0.2491582654954634,
              0.37722635218007744
            ],
            [
              -0.25363325076542625,
              0.3742321955016137
            ],
            [
              -0.2580722591186676,
              0.3711849554025363
            ],
            [
              -0.2624746608986528,
              0.3680850641223206
            ],
            [
              0.0,
              0.0
            ],
            [
              -0.21214041524858518,
              0.39921924585615043
            ]
          ]
        ]
      }
    },
    {
      "type": "Feature",
      "properties": {
        "cell_id": "CEG2000_f4_r0024_c0094",
        "method": "Regular Topology",
        "view": "disk"
      },
      "geometry": {
        "type": "Polygon",
        "coordinates": [
          [
            [
              -0.033155699791852,
              0.45086612382735985
            ],
            [
              -0.03731807015394034,
              0.4505407014729981
            ],
            [
              -0.041477257713718005,
              0.4501768531769991
            ],
            [
              -0.04563290774030718,
              0.44977460997143914
            ],
            [
              -0.04978466580454127,
              0.44933400616303876
            ],
            [
              -0.05393217780919333,
              0.44885507933023683
            ],
            [
              -0.05807509001917615,
              0.44833787031998557
            ],
            [
              -0.06221304909171254,
              0.44778242324426687
            ],
            [
              -0.06634570210647057,
              0.44718878547632995
            ],
            [
              -0.07047269659566435,
              0.4465570076466509
            ],
            [
              -0.07459368057411513,
              0.4458871436386146
            ],
            [
              -0.07870830256927136,
              0.4451792505839189
            ],
            [
              0.0,
              0.0
            ],
            [
              -0.033155699791852,
              0.45086612382735985
            ]
          ]
        ]
      }
    },
    {
      "type": "Feature",
      "properties": {
        "cell_id": "CEG2000_f4_r0024_c0095",
        "method": "Regular Topology",
        "view": "disk"
      },
      "geometry": {
        "type": "Polygon",
        "coordinates": [
          [
            [
              0.2685329533719799,
              0.3636888986443189
            ],
            [
              0.2538857820111737,
              0.37406091981971384
            ],
            [
              0.23883846645638404,
              0.3838433912216782
            ],
            [
              0.22341472247423097,
              0.39302089489689723
            ],
            [
              0.20763885911248794,
              0.40157896636933066
            ],
            [
              0.1915357403870888,
              0.40950411743737736
            ],
            [
              0.17513074609445986,
              0.41678385743235474
            ],
            [
              0.15844973181094144,
              0.42340671290478654
            ],
            [
              0.14151898814234243,
              0.4293622457074715
            ],
            [
              0.12436519928785324,
              0.43464106944683467
            ],
            [
              0.10701540098362472,
              0.43923486427663005
            ],
            [
              0.08949693789229721,
              0.44313639001068045
            ],
            [
              0.0,
              0.0
            ],
            [
              0.2685329533719799,
              0.3636888986443189
            ]
          ]
        ]
      }
    },
    {
      "type": "Feature",
      "properties": {
        "cell_id": "CEG2000_f4_r0024_c0096",
        "method": "Regular Topology",
        "view": "disk"
      },
      "geometry": {
        "type": "Polygon",
        "coordinates": [
          [
            [
              0.35004712142019456,
              0.28608840387060636
            ],
            [
              0.3434660970408129,
              0.29395680333570534
            ],
            [
              0.3367082445619106,
              0.3016738637797981
            ],
            [
              0.32977704315718503,
              0.3092356121961048
            ],
            [
              0.3226760612462919,
              0.31663815553779184
            ],
            [
              0.3154089546577013,
              0.3238776827222458
            ],
            [
              0.3079794647465516,
              0.33095046659314925
            ],
            [
              0.3003914164684723,
              0.3378528658393479
            ],
            [
              0.2926487164103657,
              0.34458132686952286
            ],
            [
              0.2847553507791623,
              0.3511323856417004
            ],
            [
              0.2767153833495853,
              0.3575026694466597
            ],
            [
              0.2685329533719799,
              0.3636888986443189
            ],
            [
              0.0,
              0.0
            ],
            [
              0.35004712142019456,
              0.28608840387060636
            ]
          ]
        ]
      }
    },
    {
      "type": "Feature",
      "properties": {
        "cell_id": "CEG2000_f4_r0024_c0097",
        "method": "Regular Topology",
        "view": "disk"
      },
      "geometry": {
        "type": "Polygon",
        "coordinates": [
          [
            [
              0.37774489954591167,
              0.24837140115328235
            ],
            [
              0.37539000190046684,
              0.251916471309367
            ],
            [
              0.3730018354508351,
              0.2554392154585974
            ],
            [
              0.370580611847411,
              0.25893932139903775
            ],
            [
              0.3681265456702672,
              0.2624164789350552
            ],
            [
              0.36563985441013813,
              0.26587037990481116
            ],
            [
              0.36312075844914404,
              0.26930071820757184
            ],
            [
              0.3605694810412604,
              0.2727071898308363
            ],
            [
              0.35798624829253173,
              0.27608949287727963
            ],
            [
              0.35537128914103333,
              0.2794473275915082
            ],
            [
              0.35272483533658144,
              0.28278039638662567
            ],
            [
              0.35004712142019456,
              0.28608840387060636
            ],
            [
              0.0,
              0.0
            ],
            [
              0.37774489954591167,
              0.24837140115328235
            ]
          ]
        ]
      }
    },
    {
      "type": "Feature",
      "properties": {
        "cell_id": "CEG2000_f4_r0024_c0098",
        "method": "Regular Topology",
        "view": "disk"
      },
      "geometry": {
        "type": "Polygon",
        "coordinates": [
          [
            [
              0.6024828029517748,
              0.19614873479574488
            ],
            [
              0.5985221301726563,
              0.20792093138542933
            ],
            [
              0.5943314594730333,
              0.21961322887124235
            ],
            [
              0.5899124012286929,
              0.23122113417937418
            ],
            [
              0.5852666535793621,
              0.24274018666593597
            ],
            [
              0.5803960017761531,
              0.25416595983108
            ],
            [
              0.5753023174955333,
              0.26549406301999884
            ],
            [
              0.5699875581200842,
              0.27672014311015064
            ],
            [
              0.5644537659863254,
              0.28783988618406103
            ],
            [
              0.5587030675998933,
              0.2988490191870597
            ],
            [
              0.5527376728183749,
              0.30974331156931484
            ],
            [
              0.5465598740021118,
              0.32051857691153285
            ],
            [
              0.3899737866327503,
              0.22869194953716623
            ],
            [
              0.39438168357511555,
              0.22100373233104698
            ],
            [
              0.39863802894982003,
              0.21323058860960367
            ],
            [
              0.40274118714385,
              0.20537550540840546
            ],
            [
              0.40668958141040773,
              0.1974415012504285
            ],
            [
              0.41048169447481797,
              0.1894316249861089
            ],
            [
              0.414116069117581,
              0.18134895462174153
            ],
            [
              0.41759130873434747,
              0.1731965961366749
            ],
            [
              0.42090607787260065,
              0.16497768228975657
            ],
            [
              0.424059102744839,
              0.15669537141548798
            ],
            [
              0.42704917171806284,
              0.148352846210351
            ],
            [
              0.4298751357793766,
              0.13995331250977305
            ],
            [
              0.6024828029517748,
              0.19614873479574488
            ]
          ]
        ]
      }
    },
    {
      "type": "Feature",
      "properties": {
        "cell_id": "CEG2000_f4_r0024_c0099",
        "method": "Regular Topology",
        "view": "disk"
      },
      "geometry": {
        "type": "Polygon",
        "coordinates": [
          [
            [
              0.7499158835620698,
              0.19017442931877462
            ],
            [
              0.7465380115270444,
              0.20302990747830238
            ],
            [
              0.7429397810691618,
              0.21582545653909177
            ],
            [
              0.7391222542915924,
              0.22855729959096935
            ],
            [
              0.735086558028023,
              0.24122167852810297
            ],
            [
              0.7308338835100454,
              0.2538148551582962
            ],
            [
              0.7263654860155359,
              0.2663331123064045
            ],
            [
              0.7216826844981302,
              0.27877275491154735
            ],
            [
              0.7167868611979035,
              0.2911301111177938
            ],
            [
              0.7116794612333682,
              0.30340153335799763
            ],
            [
              0.7063619921749146,
              0.31558339943046326
            ],
            [
              0.7008360235998141,
              0.3276721135681251
            ],
            [
              0.5739721700000662,
              0.2683576011221104
            ],
            [
              0.5784978394399888,
              0.2584571604306281
            ],
            [
              0.5828527515044571,
              0.24848042997041447
            ],
            [
              0.5870356207377551,
              0.23843035461039166
            ],
            [
              0.5910452124666937,
              0.22830990086897107
            ],
            [
              0.5948803431650547,
              0.21812205603841459
            ],
            [
              0.5985398808029359,
              0.20786982730306447
            ],
            [
              0.6020227451808968,
              0.19755624085170148
            ],
            [
              0.6053279082488054,
              0.1871843409842934
            ],
            [
              0.6084543944092915,
              0.17675718921339753
            ],
            [
              0.611401280805717,
              0.16627786336048261
            ],
            [
              0.6141676975945795,
              0.15574945664743683
            ],
            [
              0.7499158835620698,
              0.19017442931877462
            ]
          ]
        ]
      }
    },
    {
      "type": "Feature",
      "properties": {
        "cell_id": "CEG2000_f4_r0024_c0100",
        "method": "Regular Topology",
        "view": "disk"
      },
      "geometry": {
        "type": "Polygon",
        "coordinates": [
          [
            [
              0.8712924112625279,
              0.19097112879316164
            ],
            [
              0.8683173995201898,
              0.20407187862784892
            ],
            [
              0.8651454166934369,
              0.21712633633565484
            ],
            [
              0.8617771823220336,
              0.23013154061384308
            ],
            [
              0.858213460463889,
              0.24308454133243687
            ],
            [
              0.8544550595217363,
              0.25598240020343305
            ],
            [
              0.8505028320597525,
              0.2688221914473299
            ],
            [
              0.8463576746101614,
              0.28160100245681774
            ],
            [
              0.8420205274698617,
              0.29431593445748133
            ],
            [
              0.8374923744871281,
              0.3069641031653643
            ],
            [
              0.8327742428384333,
              0.31954263944124683
            ],
            [
              0.82786720279544,
              0.3320486899414875
            ],
            [
              0.7180494517231851,
              0.28800196330135414
            ],
            [
              0.722305565989528,
              0.2771548580233605
            ],
            [
              0.7263978308262837,
              0.26624488231001
            ],
            [
              0.7303253179348339,
              0.2552745110048892
            ],
            [
              0.7340871363951124,
              0.24424623265185721
            ],
            [
              0.7376824328677045,
              0.23316254893053914
            ],
            [
              0.7411103917874203,
              0.2220259740888391
            ],
            [
              0.7443702355482988,
              0.21083903437260273
            ],
            [
              0.7474612246800025,
              0.19960426745255785
            ],
            [
              0.75038265801556,
              0.1883242218486634
            ],
            [
              0.7531338728504205,
              0.1770014563519975
            ],
            [
              0.7557142450927833,
              0.16563853944431534
            ],
            [
              0.8712924112625279,
              0.19097112879316164
            ]
          ]
        ]
      }
    },
    {
      "type": "Feature",
      "properties": {
        "cell_id": "CEG2000_f4_r0025_c0089",
        "method": "Regular Topology",
        "view": "disk"
      },
      "geometry": {
        "type": "Polygon",
        "coordinates": [
          [
            [
              -0.6813490868473517,
              0.5756594998855525
            ],
            [
              -0.7065478535877853,
              0.5444360095977286
            ],
            [
              -0.730316968492486,
              0.512110889835541
            ],
            [
              -0.7526083363636766,
              0.47874954829441196
            ],
            [
              -0.7733768521248415,
              0.44441948939450826
            ],
            [
              -0.792580492087801,
              0.40919017769010985
            ],
            [
              -0.8101803989848035,
              0.373132897312779
            ],
            [
              -0.826140960593583,
              0.3363206077327352
            ],
            [
              -0.8404298817962818,
              0.2988277961303003
            ],
            [
              -0.8530182499264409,
              0.26073032667612
            ],
            [
              -0.8638805932718269,
              0.22210528702514243
            ],
            [
              -0.8729949326147184,
              0.1830308323349586
            ],
            [
              -0.7571909245884313,
              0.15875153450067217
            ],
            [
              -0.7492856152032019,
              0.1926427077129074
            ],
            [
              -0.7398641770096773,
              0.2261440814241979
            ],
            [
              -0.728945673651375,
              0.2591878678687424
            ],
            [
              -0.7165521979820062,
              0.2917072051776528
            ],
            [
              -0.7027088273620808,
              0.3236362926694265
            ],
            [
              -0.6874435729165627,
              0.3549105239931779
            ],
            [
              -0.6707873228562501,
              0.38546661785522546
            ],
            [
              -0.6527737799775696,
              0.4152427460645124
            ],
            [
              -0.6334393934672451,
              0.44417865863777173
            ],
            [
              -0.6128232851498305,
              0.4722158057112987
            ],
            [
              -0.590967170327343,
              0.49929745601264053
            ],
            [
              -0.6813490868473517,
              0.5756594998855525
            ]
          ]
        ]
      }
    },
    {
      "type": "Feature",
      "properties": {
        "cell_id": "CEG2000_f4_r0025_c0090",
        "method": "Regular Topology",
        "view": "disk"
      },
      "geometry": {
        "type": "Polygon",
        "coordinates": [
          [
            [
              -0.6004143650001622,
              0.4878962351636396
            ],
            [
              -0.6085386603278382,
              0.477724653824566
            ],
            [
              -0.6164906595251184,
              0.467417813849329
            ],
            [
              -0.6242681111348977,
              0.4569786334233457
            ],
            [
              -0.6318688131198952,
              0.44641006820171125
            ],
            [
              -0.6392906134861202,
              0.43571511047236083
            ],
            [
              -0.646531410892167,
              0.4248967883088613
            ],
            [
              -0.6535891552441715,
              0.4139581647130683
            ],
            [
              -0.6604618482762539,
              0.4029023367478974
            ],
            [
              -0.6671475441162913,
              0.39173243466044855
            ],
            [
              -0.6736443498368541,
              0.38045162099573654
            ],
            [
              -0.6799504259911517,
              0.3690630897012769
            ],
            [
              -0.5568672390639856,
              0.3022560703639423
            ],
            [
              -0.5517026754676733,
              0.31158307382848915
            ],
            [
              -0.5463819077674821,
              0.32082185848062966
            ],
            [
              -0.5409064424374381,
              0.3299698085344673
            ],
            [
              -0.535277829751254,
              0.339024333922192
            ],
            [
              -0.5294976633434001,
              0.3479828710274084
            ],
            [
              -0.5235675797578955,
              0.35684288341097453
            ],
            [
              -0.5174892579849525,
              0.36560186252914767
            ],
            [
              -0.5112644189856035,
              0.37425732844382864
            ],
            [
              -0.5048948252044417,
              0.38280683052471093
            ],
            [
              -0.49838228007062035,
              0.39124794814312863
            ],
            [
              -0.4917286274872447,
              0.3995782913574123
            ],
            [
              -0.6004143650001622,
              0.4878962351636396
            ]
          ]
        ]
      }
    },
    {
      "type": "Feature",
      "properties": {
        "cell_id": "CEG2000_f4_r0025_c0091",
        "method": "Regular Topology",
        "view": "disk"
      },
      "geometry": {
        "type": "Polygon",
        "coordinates": [
          [
            [
              -0.4335126707499443,
              0.4620894051088479
            ],
            [
              -0.44184238879219956,
              0.4541312117450213
            ],
            [
              -0.45002603988581336,
              0.44602288891859665
            ],
            [
              -0.4580609186295517,
              0.4377671171283309
            ],
            [
              -0.46594436880424983,
              0.4293666256175574
            ],
            [
              -0.4736737842509223,
              0.42082419147193667
            ],
            [
              -0.48124660973232225,
              0.41214263870139
            ],
            [
              -0.4886603417776673,
              0.40332483730652124
            ],
            [
              -0.4959125295102529,
              0.3943737023298347
            ],
            [
              -0.5030007754576771,
              0.3852921928920622
            ],
            [
              -0.5099227363444121,
              0.37608331121391936
            ],
            [
              -0.5166761238664588,
              0.36675010162361277
            ],
            [
              -0.3686515495759872,
              0.2616784229527132
            ],
            [
              -0.3638329665993658,
              0.26833772462943106
            ],
            [
              -0.358894105504134,
              0.2749083175863967
            ],
            [
              -0.3538365990090806,
              0.28138802967696175
            ],
            [
              -0.3486621190555137,
              0.28777471879842814
            ],
            [
              -0.3433723762545399,
              0.29406627360019766
            ],
            [
              -0.3379691193215601,
              0.3002606141817549
            ],
            [
              -0.33245413449816835,
              0.306355692780254
            ],
            [
              -0.32682924496164567,
              0.31234949444747984
            ],
            [
              -0.3210963102222423,
              0.3182400377159623
            ],
            [
              -0.31525722550845026,
              0.32402537525402203
            ],
            [
              -0.30931392114046646,
              0.32970359450953046
            ],
            [
              -0.4335126707499443,
              0.4620894051088479
            ]
          ]
        ]
      }
    },
    {
      "type": "Feature",
      "properties": {
        "cell_id": "CEG2000_f4_r0025_c0092",
        "method": "Regular Topology",
        "view": "disk"
      },
      "geometry": {
        "type": "Polygon",
        "coordinates": [
          [
            [
              -0.2624746608986528,
              0.3680850641223206
            ],
            [
              -0.2675557864393537,
              0.3644083741993515
            ],
            [
              -0.27258541689077864,
              0.3606615484665312
            ],
            [
              -0.27756258422576396,
              0.35684530805618186
            ],
            [
              -0.2824863305144522,
              0.3529603874605127
            ],
            [
              -0.28735570810866123,
              0.3490075343902557
            ],
            [
              -0.2921697798242722,
              0.3449875096307573
            ],
            [
              -0.29692761912160515,
              0.3409010868955548
            ],
            [
              -0.30162831028374487,
              0.33674905267746275
            ],
            [
              -0.3062709485927847,
              0.33253220609720113
            ],
            [
              -0.31085464050395234,
              0.32825135874959327
            ],
            [
              -0.3153785038175867,
              0.32390733454736104
            ],
            [
              0.0,
              0.0
            ],
            [
              -0.2624746608986528,
              0.3680850641223206
            ]
          ]
        ]
      }
    },
    {
      "type": "Feature",
      "properties": {
        "cell_id": "CEG2000_f4_r0025_c0093",
        "method": "Regular Topology",
        "view": "disk"
      },
      "geometry": {
        "type": "Polygon",
        "coordinates": [
          [
            [
              -0.14312129009463964,
              0.4288308038905806
            ],
            [
              -0.14958854070534022,
              0.42661789757749546
            ],
            [
              -0.1560215945581382,
              0.42430746408156855
            ],
            [
              -0.16241898102176622,
              0.4219000315805235
            ],
            [
              -0.16877923761871721,
              0.41939615042658673
            ],
            [
              -0.17510091035957465,
              0.41679639302067356
            ],
            [
              -0.18138255407540196,
              0.4141013536815347
            ],
            [
              -0.18762273274811686,
              0.4113116485098912
            ],
            [
              -0.1938200198387721,
              0.40842791524759126
            ],
            [
              -0.19997299861367118,
              0.40545081313181786
            ],
            [
              -0.2060802624682399,
              0.40238102274438464
            ],
            [
              -0.21214041524858518,
              0.39921924585615043
            ],
            [
              0.0,
              0.0
            ],
            [
              -0.14312129009463964,
              0.4288308038905806
            ]
          ]
        ]
      }
    },
    {
      "type": "Feature",
      "properties": {
        "cell_id": "CEG2000_f4_r0025_c0094",
        "method": "Regular Topology",
        "view": "disk"
      },
      "geometry": {
        "type": "Polygon",
        "coordinates": [
          [
            [
              0.08949693789229721,
              0.44313639001068045
            ],
            [
              0.07848531308269312,
              0.4452186178430853
            ],
            [
              0.06742545892807238,
              0.44702725815338645
            ],
            [
              0.05632417172574073,
              0.44856119952934503
            ],
            [
              0.04518827323367542,
              0.4498194993616376
            ],
            [
              0.034024606478544224,
              0.45080138442309137
            ],
            [
              0.02284003155065474,
              0.4515062513438332
            ],
            [
              0.011641421388419176,
              0.4519336669820615
            ],
            [
              0.0004356575549222943,
              0.4520833686902123
            ],
            [
              -0.010770373990808893,
              0.45195526447635687
            ],
            [
              -0.021969787125237793,
              0.45154943306073075
            ],
            [
              -0.033155699791852,
              0.45086612382735985
            ],
            [
              0.0,
              0.0
            ],
            [
              0.08949693789229721,
              0.44313639001068045
            ]
          ]
        ]
      }
    },
    {
      "type": "Feature",
      "properties": {
        "cell_id": "CEG2000_f4_r0025_c0095",
        "method": "Regular Topology",
        "view": "disk"
      },
      "geometry": {
        "type": "Polygon",
        "coordinates": [
          [
            [
              0.26422129021303803,
              0.5758879785277308
            ],
            [
              0.25463399335143905,
              0.5801908164082726
            ],
            [
              0.24497665361141274,
              0.5843340595925864
            ],
            [
              0.23525192746417306,
              0.5883165683872842
            ],
            [
              0.2254624899170991,
              0.5921372473126315
            ],
            [
              0.21561103377791477,
              0.5957950454038851
            ],
            [
              0.2057002689139693,
              0.599288956500384
            ],
            [
              0.19573292150682806,
              0.6026180195223176
            ],
            [
              0.18571173330237262,
              0.6057813187350919
            ],
            [
              0.17563946085662263,
              0.6087779840012231
            ],
            [
              0.16551887477748106,
              0.6116071910196896
            ],
            [
              0.15535275896261638,
              0.6142681615526737
            ],
            [
              0.1108451362023374,
              0.43828406065482334
            ],
            [
              0.11809872152436296,
              0.4363854420327362
            ],
            [
              0.1253198211036751,
              0.43436678565739634
            ],
            [
              0.13250644861239458,
              0.43222864680620887
            ],
            [
              0.13965662720497057,
              0.4299716136229547
            ],
            [
              0.1467683900619563,
              0.42759630695600853
            ],
            [
              0.15383978093102818,
              0.42510338018755967
            ],
            [
              0.16086885466509693,
              0.42249351905388505
            ],
            [
              0.16785367775736534,
              0.41976744145672157
            ],
            [
              0.17479232887318238,
              0.41692589726579093
            ],
            [
              0.18168289937855098,
              0.41396966811253083
            ],
            [
              0.18852349386514083,
              0.4108995671750894
            ],
            [
              0.26422129021303803,
              0.5758879785277308
            ]
          ]
        ]
      }
    },
    {
      "type": "Feature",
      "properties": {
        "cell_id": "CEG2000_f4_r0025_c0096",
        "method": "Regular Topology",
        "view": "disk"
      },
      "geometry": {
        "type": "Polygon",
        "coordinates": [
          [
            [
              0.39763335841025577,
              0.4933027126359429
            ],
            [
              0.38639900957258266,
              0.5021510324752163
            ],
            [
              0.37496782936033485,
              0.510743556943597
            ],
            [
              0.36334564080840237,
              0.5190759090153674
            ],
            [
              0.3515383642511845,
              0.5271438441964394
            ],
            [
              0.33955201430677595,
              0.5349432526864971
            ],
            [
              0.32739269681312466,
              0.5424701614725255
            ],
            [
              0.3150666057177223,
              0.5497207363526609
            ],
            [
              0.30258001992241235,
              0.5566912838893304
            ],
            [
              0.28993930008492136,
              0.5633782532906861
            ],
            [
              0.277150885378745,
              0.5697782382193762
            ],
            [
              0.26422129021303803,
              0.5758879785277308
            ],
            [
              0.18852349386514083,
              0.4108995671750894
            ],
            [
              0.19774883847282015,
              0.4065402303910968
            ],
            [
              0.2068734499659395,
              0.40197380230928675
            ],
            [
              0.21589268027403755,
              0.3972026090648044
            ],
            [
              0.22480193500775209,
              0.3922290811000199
            ],
            [
              0.23359667579919868,
              0.38705575192646297
            ],
            [
              0.24227242261381154,
              0.38168525683425386
            ],
            [
              0.25082475603247045,
              0.3761203315496881
            ],
            [
              0.2592493195027492,
              0.3703638108416602
            ],
            [
              0.26754182155814044,
              0.36441862707763406
            ],
            [
              0.2756980380041257,
              0.3582878087298971
            ],
            [
              0.28371381406997664,
              0.3519744788328585
            ],
            [
              0.39763335841025577,
              0.4933027126359429
            ]
          ]
        ]
      }
    },
    {
      "type": "Feature",
      "properties": {
        "cell_id": "CEG2000_f4_r0025_c0097",
        "method": "Regular Topology",
        "view": "disk"
      },
      "geometry": {
        "type": "Polygon",
        "coordinates": [
          [
            [
              0.479272732824312,
              0.4144363661477045
            ],
            [
              0.47245054132189535,
              0.42219703933027125
            ],
            [
              0.4655026991302377,
              0.4298454270049432
            ],
            [
              0.45843105406426066,
              0.43737949504306833
            ],
            [
              0.45123748686490756,
              0.4447972397198986
            ],
            [
              0.44392391069894926,
              0.45209668824749183
            ],
            [
              0.4364922706501688,
              0.4592758992993845
            ],
            [
              0.4289445432020551,
              0.46633296352689757
            ],
            [
              0.4212827357121475,
              0.4732660040669384
            ],
            [
              0.41350888587816825,
              0.4800731770411616
            ],
            [
              0.4056250611960863,
              0.48675267204635847
            ],
            [
              0.39763335841025577,
              0.4933027126359429
            ],
            [
              0.28371381406997664,
              0.3519744788328585
            ],
            [
              0.2894159425014205,
              0.34730098512646074
            ],
            [
              0.29504109925123406,
              0.34253512490899246
            ],
            [
              0.30058778827959765,
              0.3376781656858723
            ],
            [
              0.30605453441559166,
              0.3327313991907752
            ],
            [
              0.31143988374952664,
              0.32769614104208944
            ],
            [
              0.3167424040196175,
              0.3225737303930204
            ],
            [
              0.32196068499290154,
              0.31736552957543646
            ],
            [
              0.327093338840297,
              0.3120729237375493
            ],
            [
              0.3321390005057035,
              0.30669732047552667
            ],
            [
              0.3370963280690457,
              0.30124014945913485
            ],
            [
              0.3419640031031645,
              0.29570286205151025
            ],
            [
              0.479272732824312,
              0.4144363661477045
            ]
          ]
        ]
      }
    },
    {
      "type": "Feature",
      "properties": {
        "cell_id": "CEG2000_f4_r0025_c0098",
        "method": "Regular Topology",
        "view": "disk"
      },
      "geometry": {
        "type": "Polygon",
        "coordinates": [
          [
            [
              0.5465598740021118,
              0.32051857691153285
            ],
            [
              0.5411643129512321,
              0.32954671960530796
            ],
            [
              0.5356196378795952,
              0.3384840580179956
            ],
            [
              0.5299273765834248,
              0.34732812952884706
            ],
            [
              0.5240890975252909,
              0.35607649721615237
            ],
            [
              0.5181064094019309,
              0.3647267505287174
            ],
            [
              0.5119809607009848,
              0.37327650595007356
            ],
            [
              0.5057144392467652,
              0.3817234076552398
            ],
            [
              0.4993085717351905,
              0.3900651281598531
            ],
            [
              0.492765123258005,
              0.3982993689614906
            ],
            [
              0.48608589681642045,
              0.4064238611730059
            ],
            [
              0.479272732824312,
              0.4144363661477045
            ],
            [
              0.3419640031031645,
              0.29570286205151025
            ],
            [
              0.3468252369538994,
              0.289985891132081
            ],
            [
              0.35159090554960065,
              0.2841890166396432
            ],
            [
              0.35625969574380084,
              0.27831383586219727
            ],
            [
              0.3608303210841946,
              0.2723619676644899
            ],
            [
              0.36530152216711187,
              0.26633505204194713
            ],
            [
              0.36967206698453736,
              0.26023474966878524
            ],
            [
              0.37394075126358206,
              0.2540627414404234
            ],
            [
              0.378106398798312,
              0.247820728010325
            ],
            [
              0.38216786177384326,
              0.24151042932139444
            ],
            [
              0.3861240210826148,
              0.23513358413205906
            ],
            [
              0.3899737866327503,
              0.22869194953716623
            ],
            [
              0.5465598740021118,
              0.32051857691153285
            ]
          ]
        ]
      }
    },
    {
      "type": "Feature",
      "properties": {
        "cell_id": "CEG2000_f4_r0025_c0099",
        "method": "Regular Topology",
        "view": "disk"
      },
      "geometry": {
        "type": "Polygon",
        "coordinates": [
          [
            [
              0.7008360235998141,
              0.3276721135681251
            ],
            [
              0.6938205731572027,
              0.342276435427875
            ],
            [
              0.6865008326549593,
              0.35673064453372805
            ],
            [
              0.6788800123240286,
              0.37102840167880435
            ],
            [
              0.6709614544404436,
              0.3851634362716246
            ],
            [
              0.6627486318594987,
              0.3991295490862135
            ],
            [
              0.6542451464926524,
              0.41292061498090554
            ],
            [
              0.6454547277278324,
              0.42653058558465806
            ],
            [
              0.6363812307938305,
              0.43995349194969563
            ],
            [
              0.6270286350695093,
              0.4531834471693219
            ],
            [
              0.6174010423385587,
              0.46621464895974984
            ],
            [
              0.6075026749905696,
              0.4790413822048193
            ],
            [
              0.4975338266063335,
              0.39232632513898097
            ],
            [
              0.5056404124479129,
              0.3818214599968198
            ],
            [
              0.5135252387205076,
              0.3711491387726021
            ],
            [
              0.5211848473625531,
              0.36031404204425715
            ],
            [
              0.5286158790865614,
              0.34932092177844215
            ],
            [
              0.5358150748524088,
              0.3381745992464635
            ],
            [
              0.5427792772966591,
              0.32687996290980414
            ],
            [
              0.5495054321172941,
              0.3154419662761827
            ],
            [
              0.5559905894132433,
              0.30386562572708486
            ],
            [
              0.5622319049781273,
              0.29215601831772114
            ],
            [
              0.5682266415476461,
              0.2803182795503736
            ],
            [
              0.5739721700000662,
              0.2683576011221104
            ],
            [
              0.7008360235998141,
              0.3276721135681251
            ]
          ]
        ]
      }
    },
    {
      "type": "Feature",
      "properties": {
        "cell_id": "CEG2000_f4_r0025_c0100",
        "method": "Regular Topology",
        "view": "disk"
      },
      "geometry": {
        "type": "Polygon",
        "coordinates": [
          [
            [
              0.82786720279544,
              0.3320486899414875
            ],
            [
              0.8220190767257491,
              0.3462731226288741
            ],
            [
              0.8159265673729167,
              0.36039460957574493
            ],
            [
              0.8095914860178247,
              0.37440895251536765
            ],
            [
              0.8030157160571293,
              0.3883119850345344
            ],
            [
              0.7962012124433342,
              0.4020995738122201
            ],
            [
              0.7891500011035905,
              0.41576761984840466
            ],
            [
              0.7818641783373955,
              0.4293120596826904
            ],
            [
              0.7743459101933705,
              0.44272886660235394
            ],
            [
              0.766597431825303,
              0.45601405183947363
            ],
            [
              0.7586210468276432,
              0.46916366575677537
            ],
            [
              0.7504191265506531,
              0.4821737990218457
            ],
            [
              0.6508749719312542,
              0.4182127651075352
            ],
            [
              0.6579888959254448,
              0.4069284443538145
            ],
            [
              0.6649072022129304,
              0.3955231452529354
            ],
            [
              0.6716278340064025,
              0.38400025855885794
            ],
            [
              0.6781487932864609,
              0.3723632099839058
            ],
            [
              0.6844681413956182,
              0.3606154591803151
            ],
            [
              0.6905839996146547,
              0.34876049871169196
            ],
            [
              0.6964945497211557,
              0.33680185301468607
            ],
            [
              0.7021980345300615,
              0.32474307735118874
            ],
            [
              0.7076927584160729,
              0.31258775675136624
            ],
            [
              0.7129770878177544,
              0.30033950494784345
            ],
            [
              0.7180494517231851,
              0.28800196330135414
            ],
            [
              0.82786720279544,
              0.3320486899414875
            ]
          ]
        ]
      }
    },
    {
      "type": "Feature",
      "properties": {
        "cell_id": "CEG2000_f4_r0025_c0101",
        "method": "Regular Topology",
        "view": "disk"
      },
      "geometry": {
        "type": "Polygon",
        "coordinates": [
          [
            [
              0.9999754571582603,
              0.0070060745876909195
            ],
            [
              0.9986901299048524,
              0.05116663395836154
            ],
            [
              0.9954555521950783,
              0.0952273259311201
            ],
            [
              0.9902780373005805,
              0.13910215253586156
            ],
            [
              0.9831676907315356,
              0.18270547857582037
            ],
            [
              0.9741383905126477,
              0.22595219877095277
            ],
            [
              0.9632077600959221,
              0.2687579038670241
            ],
            [
              0.9503971339630863,
              0.3110390453861882
            ],
            [
              0.9357315159847988,
              0.352713098697497
            ],
            [
              0.9192395306179164,
              0.3936987240890586
            ],
            [
              0.9009533670360781,
              0.4339159255274621
            ],
            [
              0.8809087163026473,
              0.47328620679460126
            ],
            [
              0.7857490644546667,
              0.42215973951197727
            ],
            [
              0.8036284034481779,
              0.387042409985698
            ],
            [
              0.8199392148421226,
              0.3511696483471883
            ],
            [
              0.8346496630795036,
              0.31461147130623746
            ],
            [
              0.8477310362034471,
              0.27743923337126314
            ],
            [
              0.8591578018974034,
              0.23972548757907755
            ],
            [
              0.868907657319303,
              0.20154384388535704
            ],
            [
              0.876961572632401,
              0.16296882549221017
            ],
            [
              0.8833038281478477,
              0.12407572339326517
            ],
            [
              0.8879220450064876,
              0.08494044942017605
            ],
            [
              0.8908072093400049,
              0.045639388077372924
            ],
            [
              0.8919536898642553,
              0.006249247454246368
            ],
            [
              0.9999754571582603,
              0.0070060745876909195
            ]
          ]
        ]
      }
    },
    {
      "type": "Feature",
      "properties": {
        "cell_id": "CEG2000_f4_r0026_c0089",
        "method": "Regular Topology",
        "view": "disk"
      },
      "geometry": {
        "type": "Polygon",
        "coordinates": [
          [
            [
              -0.7487390421804783,
              0.6628648781725126
            ],
            [
              -0.7624900900193045,
              0.6469998938348854
            ],
            [
              -0.7759050405797587,
              0.6308497190321345
            ],
            [
              -0.788977980698599,
              0.6144214725843825
            ],
            [
              -0.8017031479670386,
              0.5977223958826878
            ],
            [
              -0.8140749332707536,
              0.580759849697117
            ],
            [
              -0.8260878832623191,
              0.5635413109321988
            ],
            [
              -0.8377367027649839,
              0.5460743693311864
            ],
            [
              -0.8490162571067279,
              0.5283667241305819
            ],
            [
              -0.8599215743835682,
              0.510426180666397
            ],
            [
              -0.8704478476511198,
              0.49226064693364724
            ],
            [
              -0.8805904370434452,
              0.47387813010059265
            ],
            [
              -0.7854651671273669,
              0.42268772064703036
            ],
            [
              -0.7764182250564368,
              0.4390844767882562
            ],
            [
              -0.7670290463377973,
              0.45528768930241637
            ],
            [
              -0.7573017696185661,
              0.4712902159909461
            ],
            [
              -0.7472406825757562,
              0.487085003115393
            ],
            [
              -0.7368502200263136,
              0.5026650885066296
            ],
            [
              -0.7261349619722994,
              0.5180236046336998
            ],
            [
              -0.7150996315820751,
              0.5331537816309521
            ],
            [
              -0.7037490931083812,
              0.5480489502821217
            ],
            [
              -0.6920883497442282,
              0.5627025449600486
            ],
            [
              -0.6801225414175444,
              0.5771081065207325
            ],
            [
              -0.667856942525551,
              0.5912592851504552
            ],
            [
              -0.7487390421804783,
              0.6628648781725126
            ]
          ]
        ]
      }
    },
    {
      "type": "Feature",
      "properties": {
        "cell_id": "CEG2000_f4_r0026_c0090",
        "method": "Regular Topology",
        "view": "disk"
      },
      "geometry": {
        "type": "Polygon",
        "coordinates": [
          [
            [
              -0.4868142223803162,
              0.6012919913599793
            ],
            [
              -0.49808803298834564,
              0.5919868726409414
            ],
            [
              -0.5091840218347454,
              0.5824704094575062
            ],
            [
              -0.5200982275549516,
              0.5727459992698327
            ],
            [
              -0.5308267536825577,
              0.56281711377697
            ],
            [
              -0.5413657700403874,
              0.5526872976774296
            ],
            [
              -0.5517115141079016,
              0.5423601674036987
            ],
            [
              -0.5618602923644497,
              0.5318394098311412
            ],
            [
              -0.5718084816078898,
              0.5211287809617513
            ],
            [
              -0.5815525302481033,
              0.5102321045832282
            ],
            [
              -0.5910889595749427,
              0.499153270903851
            ],
            [
              -0.6004143650001622,
              0.4878962351636396
            ],
            [
              -0.4917286274872447,
              0.3995782913574123
            ],
            [
              -0.4840912872139086,
              0.4087976023146168
            ],
            [
              -0.4762811221389698,
              0.41787096897085624
            ],
            [
              -0.46830092055931594,
              0.42679515205528723
            ],
            [
              -0.46015353147634674,
              0.4355669655568995
            ],
            [
              -0.451841863578855,
              0.44418327786194955
            ],
            [
              -0.4433688842045996,
              0.45264101287197445
            ],
            [
              -0.43473761828094054,
              0.4609371511019846
            ],
            [
              -0.425951147244913,
              0.4690687307584475
            ],
            [
              -0.4170126079431278,
              0.47703284879667324
            ],
            [
              -0.4079251915118895,
              0.48482666195722657
            ],
            [
              -0.39869214223793353,
              0.4924473877809952
            ],
            [
              -0.4868142223803162,
              0.6012919913599793
            ]
          ]
        ]
      }
    },
    {
      "type": "Feature",
      "properties": {
        "cell_id": "CEG2000_f4_r0026_c0091",
        "method": "Regular Topology",
        "view": "disk"
      },
      "geometry": {
        "type": "Polygon",
        "coordinates": [
          [
            [
              -0.3492700502847325,
              0.5286494925644959
            ],
            [
              -0.3573815060807766,
              0.5232000698834379
            ],
            [
              -0.36540795450483193,
              0.5176261979451902
            ],
            [
              -0.37334748637224496,
              0.5119292025603979
            ],
            [
              -0.3811982131724813,
              0.5061104388260591
            ],
            [
              -0.3889582675183313,
              0.5001712908031974
            ],
            [
              -0.3966258035900892,
              0.4941131711876486
            ],
            [
              -0.4041989975746028,
              0.48793752097403287
            ],
            [
              -0.41167604809908936,
              0.48164580911299837
            ],
            [
              -0.41905517665961256,
              0.4752395321618135
            ],
            [
              -0.42633462804412064,
              0.46872021392839447
            ],
            [
              -0.4335126707499443,
              0.4620894051088479
            ],
            [
              -0.30931392114046646,
              0.32970359450953046
            ],
            [
              -0.3041923441134071,
              0.33443471683810894
            ],
            [
              -0.2989984113787574,
              0.3390862899569591
            ],
            [
              -0.2937333583741784,
              0.3436572074349993
            ],
            [
              -0.2883984374541199,
              0.3481463820260347
            ],
            [
              -0.28299491759193235,
              0.3525527459273733
            ],
            [
              -0.27752408407802703,
              0.356875251033814
            ],
            [
              -0.27198723821415494,
              0.3611128691869513
            ],
            [
              -0.26638569700387654,
              0.36526459241973414
            ],
            [
              -0.26072079283929733,
              0.36932943319622363
            ],
            [
              -0.2549938731841431,
              0.373306424646489
            ],
            [
              -0.24920630025324905,
              0.3771946207965897
            ],
            [
              -0.3492700502847325,
              0.5286494925644959
            ]
          ]
        ]
      }
    },
    {
      "type": "Feature",
      "properties": {
        "cell_id": "CEG2000_f4_r0026_c0092",
        "method": "Regular Topology",
        "view": "disk"
      },
      "geometry": {
        "type": "Polygon",
        "coordinates": [
          [
            [
              -0.24091765352910038,
              0.5860192302583856
            ],
            [
              -0.2512044794188256,
              0.5816839034514496
            ],
            [
              -0.26141333099592384,
              0.5771680209368968
            ],
            [
              -0.27154103941489366,
              0.5724729844526095
            ],
            [
              -0.2815844610172135,
              0.5676002513461775
            ],
            [
              -0.2915404783071375,
              0.562551334122535
            ],
            [
              -0.30140600091937275,
              0.557327799974476
            ],
            [
              -0.311177966578333,
              0.5519312702961958
            ],
            [
              -0.3208533420486758,
              0.5463634201800062
            ],
            [
              -0.3304291240768225,
              0.5406259778963849
            ],
            [
              -0.3399023403231744,
              0.5347207243575168
            ],
            [
              -0.3492700502847325,
              0.5286494925644959
            ],
            [
              -0.24920630025324905,
              0.3771946207965897
            ],
            [
              -0.2425223823522945,
              0.38152648152122165
            ],
            [
              -0.2357631850769262,
              0.3857399157543573
            ],
            [
              -0.22893080649387682,
              0.38983361563859364
            ],
            [
              -0.22202736738548623,
              0.39380631048228004
            ],
            [
              -0.21505501059140658,
              0.39765676715394344
            ],
            [
              -0.20801590034346046,
              0.40138379046505496
            ],
            [
              -0.2009122215938606,
              0.4049862235410176
            ],
            [
              -0.19374617933699578,
              0.4084629481802631
            ],
            [
              -0.18651999792499774,
              0.4118128852013429
            ],
            [
              -0.1792359203772974,
              0.41503499477790873
            ],
            [
              -0.17189620768438854,
              0.4181282767614756
            ],
            [
              -0.24091765352910038,
              0.5860192302583856
            ]
          ]
        ]
      }
    },
    {
      "type": "Feature",
      "properties": {
        "cell_id": "CEG2000_f4_r0026_c0093",
        "method": "Regular Topology",
        "view": "disk"
      },
      "geometry": {
        "type": "Polygon",
        "coordinates": [
          [
            [
              -0.10185644196509867,
              0.6253679870642637
            ],
            [
              -0.11482919678327232,
              0.6231164494544396
            ],
            [
              -0.12775236508661655,
              0.6205958324299111
            ],
            [
              -0.1406203662833072,
              0.6178072244648383
            ],
            [
              -0.1534276436042471,
              0.6147518297594946
            ],
            [
              -0.16616866650263615,
              0.6114309677202605
            ],
            [
              -0.17883793304221973,
              0.6078460723898651
            ],
            [
              -0.19142997227318048,
              0.6039986918281263
            ],
            [
              -0.203939346594651,
              0.5998904874434544
            ],
            [
              -0.21636065410282368,
              0.5955232332754087
            ],
            [
              -0.22868853092364735,
              0.5908988152286163
            ],
            [
              -0.24091765352910038,
              0.5860192302583856
            ],
            [
              -0.17189620768438854,
              0.4181282767614756
            ],
            [
              -0.16317065449892693,
              0.42160989024711865
            ],
            [
              -0.15437463958155634,
              0.4249094405845323
            ],
            [
              -0.1455119613018237,
              0.4280255029339866
            ],
            [
              -0.13658644681641255,
              0.4309567316910863
            ],
            [
              -0.12760195041646838,
              0.4337018610678409
            ],
            [
              -0.11856235186320555,
              0.43625970563926836
            ],
            [
              -0.10947155471251652,
              0.4386291608552948
            ],
            [
              -0.10033348462930478,
              0.44080920351773134
            ],
            [
              -0.09115208769227162,
              0.4427988922221193
            ],
            [
              -0.08193132868988652,
              0.4445973677642563
            ],
            [
              -0.07267518940827886,
              0.4462038535112246
            ],
            [
              -0.10185644196509867,
              0.6253679870642637
            ]
          ]
        ]
      }
    },
    {
      "type": "Feature",
      "properties": {
        "cell_id": "CEG2000_f4_r0026_c0094",
        "method": "Regular Topology",
        "view": "disk"
      },
      "geometry": {
        "type": "Polygon",
        "coordinates": [
          [
            [
              0.053391858745378315,
              0.6313550217067352
            ],
            [
              0.0392704653152898,
              0.632390452622839
            ],
            [
              0.025129460526035024,
              0.6331100727584966
            ],
            [
              0.010975906283340527,
              0.6335135227411155
            ],
            [
              -0.00318312923996956,
              0.6336006010909714
            ],
            [
              -0.017340575133762998,
              0.6333712643218263
            ],
            [
              -0.03148936128175594,
              0.6328256269626457
            ],
            [
              -0.04562242189227295,
              0.6319639615004023
            ],
            [
              -0.0597326990268474,
              0.6307866982439996
            ],
            [
              -0.07381314612489999,
              0.629294425109378
            ],
            [
              -0.08785673152273525,
              0.6274878873259153
            ],
            [
              -0.10185644196509867,
              0.6253679870642637
            ],
            [
              -0.07267518940827886,
              0.4462038535112246
            ],
            [
              -0.06268631105723213,
              0.44771641521149474
            ],
            [
              -0.05266612765922246,
              0.44900539088208963
            ],
            [
              -0.04261964321443047,
              0.45007013681877434
            ],
            [
              -0.03255187485757109,
              0.45091012129586605
            ],
            [
              -0.022467850352376268,
              0.45152492483177364
            ],
            [
              -0.012372605580769616,
              0.4519142403984835
            ],
            [
              -0.002271182027986858,
              0.4520778735748868
            ],
            [
              0.00783137573510192,
              0.4520157426438721
            ],
            [
              0.017930022571210995,
              0.451727878633134
            ],
            [
              0.02801971529614059,
              0.45121442529967815
            ],
            [
              0.03809541519730308,
              0.45047563905803023
            ],
            [
              0.053391858745378315,
              0.6313550217067352
            ]
          ]
        ]
      }
    },
    {
      "type": "Feature",
      "properties": {
        "cell_id": "CEG2000_f4_r0026_c0095",
        "method": "Regular Topology",
        "view": "disk"
      },
      "geometry": {
        "type": "Polygon",
        "coordinates": [
          [
            [
              0.15535275896261638,
              0.6142681615526737
            ],
            [
              0.14621427956255814,
              0.61650728987304
            ],
            [
              0.13704355860141287,
              0.6186104728021177
            ],
            [
              0.1278426183054702,
              0.6205772465691926
            ],
            [
              0.11861348756465476,
              0.6224071774829947
            ],
            [
              0.1093582014851369,
              0.6240998620273319
            ],
            [
              0.10007880094057436,
              0.6256549269500684
            ],
            [
              0.0907773321220804,
              0.6270720293454302
            ],
            [
              0.08145584608702129,
              0.6283508567296189
            ],
            [
              0.0721163983067387,
              0.6294911271097173
            ],
            [
              0.06276104821330074,
              0.6304925890458716
            ],
            [
              0.053391858745378315,
              0.6313550217067352
            ],
            [
              0.03809541519730308,
              0.45047563905803023
            ],
            [
              0.04478038873502627,
              0.4498602881212516
            ],
            [
              0.05145548779507712,
              0.4491457389529219
            ],
            [
              0.05811924045819627,
              0.44833214911754654
            ],
            [
              0.06477017730710635,
              0.4474196980189871
            ],
            [
              0.07140683175053249,
              0.4464085868609012
            ],
            [
              0.07802774034659798,
              0.4452990386023751
            ],
            [
              0.08463144312552723,
              0.4440912979087591
            ],
            [
              0.09121648391158135,
              0.44278563109771735
            ],
            [
              0.09778141064415881,
              0.4413823260805013
            ],
            [
              0.10432477569798698,
              0.43988169229846374
            ],
            [
              0.1108451362023374,
              0.43828406065482334
            ],
            [
              0.15535275896261638,
              0.6142681615526737
            ]
          ]
        ]
      }
    },
    {
      "type": "Feature",
      "properties": {
        "cell_id": "CEG2000_f4_r0026_c0096",
        "method": "Regular Topology",
        "view": "disk"
      },
      "geometry": {
        "type": "Polygon",
        "coordinates": [
          [
            [
              0.3508008810040972,
              0.6895497718599801
            ],
            [
              0.3399632535130105,
              0.694956928338908
            ],
            [
              0.3290423070940013,
              0.7001937632738944
            ],
            [
              0.3180407182761887,
              0.705258993210131
            ],
            [
              0.3069611833527053,
              0.7101513767501323
            ],
            [
              0.29580641771988325,
              0.7148697148579812
            ],
            [
              0.28457915521175975,
              0.7194128511531905
            ],
            [
              0.273282147430062,
              0.7237796721941113
            ],
            [
              0.2619181630698402,
              0.727969107750818
            ],
            [
              0.25048998724090815,
              0.7319801310674021
            ],
            [
              0.2390004207852641,
              0.735811759113612
            ],
            [
              0.2274522795906529,
              0.7394630528257763
            ],
            [
              0.18627934936554455,
              0.605607016153667
            ],
            [
              0.1957370704839484,
              0.602616671900936
            ],
            [
              0.20514681993865344,
              0.599478637053612
            ],
            [
              0.2145062915679542,
              0.5961936806880481
            ],
            [
              0.22381319153234278,
              0.5927626078884407
            ],
            [
              0.23306523887668879,
              0.5891862595495168
            ],
            [
              0.24226016608925985,
              0.5854655121704461
            ],
            [
              0.25139571965744933,
              0.5816012776400269
            ],
            [
              0.2604696606200711,
              0.5775945030131984
            ],
            [
              0.2694797651160895,
              0.5734461702789336
            ],
            [
              0.278423824929648,
              0.5691572961195729
            ],
            [
              0.2872996480312631,
              0.564728931661652
            ],
            [
              0.3508008810040972,
              0.6895497718599801
            ]
          ]
        ]
      }
    },
    {
      "type": "Feature",
      "properties": {
        "cell_id": "CEG2000_f4_r0026_c0097",
        "method": "Regular Topology",
        "view": "disk"
      },
      "geometry": {
        "type": "Polygon",
        "coordinates": [
          [
            [
              0.49480260118998026,
              0.5947356823337833
            ],
            [
              0.4877400903777535,
              0.60054121442554
            ],
            [
              0.48060946900024887,
              0.6062628838158413
            ],
            [
              0.473411732814556,
              0.611899891500988
            ],
            [
              0.4661478869500255,
              0.617451450299882
            ],
            [
              0.45881894576790766,
              0.6229167849639526
            ],
            [
              0.4514259327197019,
              0.6282951322854162
            ],
            [
              0.44396988020423633,
              0.6335857412038544
            ],
            [
              0.4364518294234989,
              0.638787872911096
            ],
            [
              0.42887283023723766,
              0.6439008009543885
            ],
            [
              0.4212339410163534,
              0.6489238113378433
            ],
            [
              0.41353622849510324,
              0.6538562026221417
            ],
            [
              0.3386787757053311,
              0.5354965367780977
            ],
            [
              0.34498306459899325,
              0.5314569965241641
            ],
            [
              0.35123917826161605,
              0.5273432408485987
            ],
            [
              0.35744624305691985,
              0.5231558442176594
            ],
            [
              0.36360339219806415,
              0.5188953913812102
            ],
            [
              0.3697097658686902,
              0.5145624772910641
            ],
            [
              0.3757645113429904,
              0.5101577070179006
            ],
            [
              0.38176678310478707,
              0.5056816956667712
            ],
            [
              0.387715742965605,
              0.5011350682912017
            ],
            [
              0.3936105601817206,
              0.49651845980590753
            ],
            [
              0.39945041157017064,
              0.4918325148981306
            ],
            [
              0.4052344816237063,
              0.48707788793761164
            ],
            [
              0.49480260118998026,
              0.5947356823337833
            ]
          ]
        ]
      }
    },
    {
      "type": "Feature",
      "properties": {
        "cell_id": "CEG2000_f4_r0026_c0098",
        "method": "Regular Topology",
        "view": "disk"
      },
      "geometry": {
        "type": "Polygon",
        "coordinates": [
          [
            [
              0.6075026749905696,
              0.4790413822048193
            ],
            [
              0.59828520306347,
              0.49050480301491844
            ],
            [
              0.5888514514926455,
              0.5017909067135494
            ],
            [
              0.5792048305720803,
              0.5128956133828494
            ],
            [
              0.5693488275478654,
              0.5238149086798433
            ],
            [
              0.5592870053575628,
              0.534544845287625
            ],
            [
              0.5490230013422053,
              0.5450815443423105
            ],
            [
              0.5385605259314014,
              0.555421196835243
            ],
            [
              0.5279033613020169,
              0.5655600649899475
            ],
            [
              0.5170553600109218,
              0.5754944836133337
            ],
            [
              0.506020443602293,
              0.5852208614206605
            ],
            [
              0.49480260118998026,
              0.5947356823337833
            ],
            [
              0.4052344816237063,
              0.48707788793761164
            ],
            [
              0.4144216939462717,
              0.47928541976707495
            ],
            [
              0.42345909314315805,
              0.47131969028354076
            ],
            [
              0.4323434122014614,
              0.4631835790921303
            ],
            [
              0.44107143944663135,
              0.4548800273908222
            ],
            [
              0.44964001970348827,
              0.44641203690721104
            ],
            [
              0.4580460554368171,
              0.43778266881338596
            ],
            [
              0.4662865078711237,
              0.4289950426193187
            ],
            [
              0.47435839808915,
              0.4200523350451632
            ],
            [
              0.48225880810875044,
              0.410957778872874
            ],
            [
              0.48998488193774,
              0.40171466177755766
            ],
            [
              0.4975338266063335,
              0.39232632513898097
            ],
            [
              0.6075026749905696,
              0.4790413822048193
            ]
          ]
        ]
      }
    },
    {
      "type": "Feature",
      "properties": {
        "cell_id": "CEG2000_f4_r0026_c0099",
        "method": "Regular Topology",
        "view": "disk"
      },
      "geometry": {
        "type": "Polygon",
        "coordinates": [
          [
            [
              0.7504191265506531,
              0.4821737990218457
            ],
            [
              0.7424780969177579,
              0.49431438736252553
            ],
            [
              0.7343406704141346,
              0.5063242219486677
            ],
            [
              0.72600899951419,
              0.5182001259943975
            ],
            [
              0.7174852880729592,
              0.5299389581405269
            ],
            [
              0.7087717907431536,
              0.5415376132854927
            ],
            [
              0.6998708123787691,
              0.5529930234067029
            ],
            [
              0.6907847074254175,
              0.5643021583720771
            ],
            [
              0.6815158792975394,
              0.5754620267415619
            ],
            [
              0.6720667797426643,
              0.5864696765584131
            ],
            [
              0.6624399081928848,
              0.597322196130034
            ],
            [
              0.6526378111037197,
              0.6080167147981624
            ],
            [
              0.5660644857707205,
              0.5273624407696581
            ],
            [
              0.5745663208679995,
              0.5180865650734561
            ],
            [
              0.5829161743406183,
              0.508673647516263
            ],
            [
              0.5911118375239712,
              0.4991261779594772
            ],
            [
              0.5991511425391547,
              0.4894466818555695
            ],
            [
              0.607031962866404,
              0.47963771958006185
            ],
            [
              0.6147522139075913,
              0.4697018857542693
            ],
            [
              0.6223098535376327,
              0.45964180855898173
            ],
            [
              0.6297028826446629,
              0.4494601490392707
            ],
            [
              0.6369293456588302,
              0.4391596004006015
            ],
            [
              0.643987331069575,
              0.4287428872964391
            ],
            [
              0.6508749719312542,
              0.4182127651075352
            ],
            [
              0.7504191265506531,
              0.4821737990218457
            ]
          ]
        ]
      }
    },
    {
      "type": "Feature",
      "properties": {
        "cell_id": "CEG2000_f4_r0026_c0100",
        "method": "Regular Topology",
        "view": "disk"
      },
      "geometry": {
        "type": "Polygon",
        "coordinates": [
          [
            [
              0.8809087163026473,
              0.47328620679460126
            ],
            [
              0.8730004304972204,
              0.48771943610201535
            ],
            [
              0.8648556845873316,
              0.5020205621655133
            ],
            [
              0.8564766846514676,
              0.5161857113950662
            ],
            [
              0.847865700217948,
              0.5302110470312069
            ],
            [
              0.8390250636502034,
              0.5440927701842511
            ],
            [
              0.8299571695150322,
              0.5578271208632618
            ],
            [
              0.8206644739340122,
              0.5714103789944762
            ],
            [
              0.8111494939182364,
              0.5848388654289222
            ],
            [
              0.8014148066865582,
              0.5981089429389487
            ],
            [
              0.791463048967528,
              0.6112170172034025
            ],
            [
              0.7812969162852116,
              0.6241595377811823
            ],
            [
              0.6968977712118662,
              0.5567350666485252
            ],
            [
              0.705965713322576,
              0.545190654330346
            ],
            [
              0.7148424382007539,
              0.5334985721662296
            ],
            [
              0.723525541504754,
              0.5216619870629419
            ],
            [
              0.7320126713370941,
              0.5096841050671836
            ],
            [
              0.7403015288814891,
              0.4975681704972035
            ],
            [
              0.7483898690255055,
              0.48531746506404555
            ],
            [
              0.7562755009686711,
              0.47293530698266756
            ],
            [
              0.7639562888158732,
              0.46042505007317175
            ],
            [
              0.7714301521558845,
              0.44779008285239336
            ],
            [
              0.7786950666248628,
              0.43503382761608905
            ],
            [
              0.7857490644546667,
              0.42215973951197727
            ],
            [
              0.8809087163026473,
              0.47328620679460126
            ]
          ]
        ]
      }
    },
    {
      "type": "Feature",
      "properties": {
        "cell_id": "CEG2000_f4_r0027_c0089",
        "method": "Regular Topology",
        "view": "disk"
      },
      "geometry": {
        "type": "Polygon",
        "coordinates": [
          [
            [
              -0.6380549395265581,
              0.7699908402999092
            ],
            [
              -0.6487849513822356,
              0.7609718042476674
            ],
            [
              -0.6593874924582794,
              0.7518032553730946
            ],
            [
              -0.6698604796080714,
              0.7424869950775196
            ],
            [
              -0.6802018551392528,
              0.7330248537840439
            ],
            [
              -0.6904095872180109,
              0.7234186905779085
            ],
            [
              -0.7004816702682863,
              0.7136703928412274
            ],
            [
              -0.7104161253658198,
              0.7037818758821628
            ],
            [
              -0.7202110006269652,
              0.6937550825586113
            ],
            [
              -0.7298643715921875,
              0.6835919828964798
            ],
            [
              -0.7393743416041736,
              0.6732945737026216
            ],
            [
              -0.7487390421804783,
              0.6628648781725126
            ],
            [
              -0.667856942525551,
              0.5912592851504552
            ],
            [
              -0.6595038582836176,
              0.6005623188855813
            ],
            [
              -0.6510211972523209,
              0.6097473564390083
            ],
            [
              -0.6424106260723766,
              0.6188125931697751
            ],
            [
              -0.6336738365157945,
              0.6277562479749276
            ],
            [
              -0.6248125451534873,
              0.6365765636394619
            ],
            [
              -0.6158284930180051,
              0.6452718071815762
            ],
            [
              -0.6067234452614649,
              0.6538402701931585
            ],
            [
              -0.5974991908087386,
              0.6622802691754504
            ],
            [
              -0.5881575420059726,
              0.6705901458698129
            ],
            [
              -0.5787003342645051,
              0.6787682675835359
            ],
            [
              -0.5691294257002522,
              0.6868130275106215
            ],
            [
              -0.6380549395265581,
              0.7699908402999092
            ]
          ]
        ]
      }
    },
    {
      "type": "Feature",
      "properties": {
        "cell_id": "CEG2000_f4_r0027_c0090",
        "method": "Regular Topology",
        "view": "disk"
      },
      "geometry": {
        "type": "Polygon",
        "coordinates": [
          [
            [
              -0.459807887619067,
              0.7643279037425599
            ],
            [
              -0.48237033321854533,
              0.7502928092330581
            ],
            [
              -0.5045047147431836,
              0.7355918914439605
            ],
            [
              -0.5261913897463039,
              0.7202381962330641
            ],
            [
              -0.5474111130840149,
              0.7042453487445438
            ],
            [
              -0.5681450539936982,
              0.6876275413177559
            ],
            [
              -0.5883748128047651,
              0.6703995208927003
            ],
            [
              -0.6080824372668516,
              0.6525765759233241
            ],
            [
              -0.6272504384809702,
              0.6341745228102711
            ],
            [
              -0.645861806419469,
              0.6152096918651273
            ],
            [
              -0.6639000250210366,
              0.5956989128186078
            ],
            [
              -0.6813490868473517,
              0.5756594998855525
            ],
            [
              -0.590967170327343,
              0.49929745601264053
            ],
            [
              -0.5758327511413164,
              0.5166786125808037
            ],
            [
              -0.5601873276565077,
              0.5336012592924252
            ],
            [
              -0.5440447839019876,
              0.5500503786876626
            ],
            [
              -0.5274194450602603,
              0.5660113735232964
            ],
            [
              -0.5103260647548391,
              0.581470079726585
            ],
            [
              -0.49277981195761594,
              0.5964127789647184
            ],
            [
              -0.4747962575276457,
              0.6108262108187098
            ],
            [
              -0.4563913603932849,
              0.6246975845509315
            ],
            [
              -0.4375814533899545,
              0.6380145904558425
            ],
            [
              -0.4183832287660888,
              0.6507654107838431
            ],
            [
              -0.3988137233701337,
              0.6629387302285574
            ],
            [
              -0.459807887619067,
              0.7643279037425599
            ]
          ]
        ]
      }
    },
    {
      "type": "Feature",
      "properties": {
        "cell_id": "CEG2000_f4_r0027_c0091",
        "method": "Regular Topology",
        "view": "disk"
      },
      "geometry": {
        "type": "Polygon",
        "coordinates": [
          [
            [
              -0.29300428852012983,
              0.7160227879713145
            ],
            [
              -0.3119158941923656,
              0.7079891389954923
            ],
            [
              -0.3306074857919918,
              0.699456100354911
            ],
            [
              -0.3490658789533895,
              0.690429690943183
            ],
            [
              -0.3672780538005957,
              0.6809162776596314
            ],
            [
              -0.38523116413104785,
              0.6709225709183133
            ],
            [
              -0.40291254647682656,
              0.6604556199147378
            ],
            [
              -0.4203097290370016,
              0.6495228076536218
            ],
            [
              -0.4374104404747856,
              0.6381318457411881
            ],
            [
              -0.454202618573286,
              0.6262907689456804
            ],
            [
              -0.4706744187437523,
              0.6140079295299308
            ],
            [
              -0.4868142223803162,
              0.6012919913599793
            ],
            [
              -0.39869214223793353,
              0.4924473877809952
            ],
            [
              -0.38547393169408845,
              0.5028615137380269
            ],
            [
              -0.3719838219262028,
              0.5129209395606438
            ],
            [
              -0.35823132836470256,
              0.5226185696974985
            ],
            [
              -0.344226151515953,
              0.5319475637946984
            ],
            [
              -0.32997817011987585,
              0.5409013415207404
            ],
            [
              -0.31549743418184645,
              0.5494735872080386
            ],
            [
              -0.30079415788378844,
              0.5576582543077625
            ],
            [
              -0.2858787123794624,
              0.5654495696548536
            ],
            [
              -0.2707616184790332,
              0.5728420375402045
            ],
            [
              -0.25545353922807484,
              0.5798304435871309
            ],
            [
              -0.2399652723862481,
              0.5864098584294029
            ],
            [
              -0.29300428852012983,
              0.7160227879713145
            ]
          ]
        ]
      }
    },
    {
      "type": "Feature",
      "properties": {
        "cell_id": "CEG2000_f4_r0027_c0092",
        "method": "Regular Topology",
        "view": "disk"
      },
      "geometry": {
        "type": "Polygon",
        "coordinates": [
          [
            [
              -0.3172630403017734,
              0.8336453689757293
            ],
            [
              -0.33070599892453045,
              0.8284044786404361
            ],
            [
              -0.34406242583684754,
              0.8229468300464303
            ],
            [
              -0.3573288262292269,
              0.8172738512284897
            ],
            [
              -0.370501728848286,
              0.8113870265641641
            ],
            [
              -0.38357768690503785,
              0.8052878963853767
            ],
            [
              -0.3965532789767683,
              0.7989780565753842
            ],
            [
              -0.4094251099022787,
              0.7924591581512018
            ],
            [
              -0.42218981167025277,
              0.7857329068316032
            ],
            [
              -0.43484404430052476,
              0.7788010625908055
            ],
            [
              -0.447384496718009,
              0.7716654391979585
            ],
            [
              -0.459807887619067,
              0.7643279037425599
            ],
            [
              -0.3988137233701337,
              0.6629387302285574
            ],
            [
              -0.38803831277900813,
              0.6693029312658223
            ],
            [
              -0.377161369046572,
              0.6754920041601654
            ],
            [
              -0.3661857382069123,
              0.681504329494142
            ],
            [
              -0.35511429211633866,
              0.6873383340976358
            ],
            [
              -0.34394992770194105,
              0.6929924914594897
            ],
            [
              -0.3326955662035886,
              0.6984653221269292
            ],
            [
              -0.3213541524095625,
              0.7037553940926727
            ],
            [
              -0.30992865388603236,
              0.7088613231696264
            ],
            [
              -0.298422060200569,
              0.7137817733530673
            ],
            [
              -0.286837382139902,
              0.7185154571702193
            ],
            [
              -0.27517765092212443,
              0.7230611360171302
            ],
            [
              -0.3172630403017734,
              0.8336453689757293
            ]
          ]
        ]
      }
    },
    {
      "type": "Feature",
      "properties": {
        "cell_id": "CEG2000_f4_r0027_c0093",
        "method": "Regular Topology",
        "view": "disk"
      },
      "geometry": {
        "type": "Polygon",
        "coordinates": [
          [
            [
              -0.09797758406803724,
              0.7674246145424267
            ],
            [
              -0.11618763139878915,
              0.7648794547478318
            ],
            [
              -0.1343320504835739,
              0.761902255015878
            ],
            [
              -0.15240059249999716,
              0.7584946970091823
            ],
            [
              -0.17038305148460606,
              0.7546587054769829
            ],
            [
              -0.18826927009769842,
              0.7503964471679496
            ],
            [
              -0.20604914536066546,
              0.7457103296063028
            ],
            [
              -0.2237126343626319,
              0.7406029997319298
            ],
            [
              -0.24124975993316272,
              0.7350773424052688
            ],
            [
              -0.2586506162778405,
              0.7291364787778039
            ],
            [
              -0.27590537457352377,
              0.7227837645290914
            ],
            [
              -0.29300428852012983,
              0.7160227879713145
            ],
            [
              -0.2399652723862481,
              0.5864098584294029
            ],
            [
              -0.225961567650628,
              0.5919469773210007
            ],
            [
              -0.21183022918013983,
              0.5971497366825912
            ],
            [
              -0.1975792390202545,
              0.6020151977506678
            ],
            [
              -0.18321664680135208,
              0.6065406122836846
            ],
            [
              -0.16875056519191114,
              0.6107234241143933
            ],
            [
              -0.15418916531609234,
              0.6145612705936856
            ],
            [
              -0.13954067213830113,
              0.6180519839251304
            ],
            [
              -0.12481335981734255,
              0.6211935923894459
            ],
            [
              -0.11001554703278499,
              0.6239843214582204
            ],
            [
              -0.095155592286179,
              0.6264225947962485
            ],
            [
              -0.08024188917978183,
              0.6285070351519211
            ],
            [
              -0.09797758406803724,
              0.7674246145424267
            ]
          ]
        ]
      }
    },
    {
      "type": "Feature",
      "properties": {
        "cell_id": "CEG2000_f4_r0027_c0094",
        "method": "Regular Topology",
        "view": "disk"
      },
      "geometry": {
        "type": "Polygon",
        "coordinates": [
          [
            [
              0.051181563635652884,
              0.7719589325405926
            ],
            [
              0.03761682725779798,
              0.7727387141152295
            ],
            [
              0.024040488571386954,
              0.773280156796132
            ],
            [
              0.010456734980887198,
              0.7735830935839673
            ],
            [
              -0.003130243822225859,
              0.7736474310427295
            ],
            [
              -0.01671625715171105,
              0.773473149328559
            ],
            [
              -0.030297114619112275,
              0.7730603021958622
            ],
            [
              -0.043868627426216604,
              0.7724090169807323
            ],
            [
              -0.05742660965702207,
              0.7715194945616743
            ],
            [
              -0.07096687956881634,
              0.7703920092976475
            ],
            [
              -0.084485260881969,
              0.7690269089434434
            ],
            [
              -0.09797758406803724,
              0.7674246145424267
            ],
            [
              -0.08024188917978183,
              0.6285070351519211
            ],
            [
              -0.06919191777895121,
              0.6298192856118884
            ],
            [
              -0.05812060523804626,
              0.6309372783893512
            ],
            [
              -0.04703136632629632,
              0.6318606686573237
            ],
            [
              -0.035927621342032624,
              0.6325891716108505
            ],
            [
              -0.02481279505775281,
              0.6331225625548504
            ],
            [
              -0.013690315663804103,
              0.6334606769734203
            ],
            [
              -0.002563613711012948,
              0.633603410580577
            ],
            [
              0.008563878947413341,
              0.633550719352423
            ],
            [
              0.01968873021438737,
              0.6333026195407244
            ],
            [
              0.030807508807516256,
              0.6328591876678993
            ],
            [
              0.04191678531742636,
              0.6322205605034142
            ],
            [
              0.051181563635652884,
              0.7719589325405926
            ]
          ]
        ]
      }
    },
    {
      "type": "Feature",
      "properties": {
        "cell_id": "CEG2000_f4_r0027_c0095",
        "method": "Regular Topology",
        "view": "disk"
      },
      "geometry": {
        "type": "Polygon",
        "coordinates": [
          [
            [
              0.2274522795906529,
              0.7394630528257763
            ],
            [
              0.21179320242172484,
              0.7440993115124833
            ],
            [
              0.19603975299602713,
              0.7484040093630299
            ],
            [
              0.18019895084278578,
              0.7523752282608464
            ],
            [
              0.16427785441444914,
              0.7560111986831852
            ],
            [
              0.14828355794153586,
              0.759310300489596
            ],
            [
              0.13222318827153798,
              0.7622710636438398
            ],
            [
              0.11610390169329315,
              0.7648921688689169
            ],
            [
              0.09993288074823536,
              0.7671724482349196
            ],
            [
              0.0837173310299506,
              0.7691108856794467
            ],
            [
              0.06746447797345821,
              0.7707066174603474
            ],
            [
              0.051181563635652884,
              0.7719589325405926
            ],
            [
              0.04191678531742636,
              0.6322205605034142
            ],
            [
              0.0552522009662827,
              0.63119493684834
            ],
            [
              0.06856299696334184,
              0.6298880610568859
            ],
            [
              0.08184324219351914,
              0.6283005154556628
            ],
            [
              0.09508701915474925,
              0.6264330074340455
            ],
            [
              0.1082884265947457,
              0.6242863691289703
            ],
            [
              0.12144158214052234,
              0.6218615570541447
            ],
            [
              0.13454062491949983,
              0.6191596516738385
            ],
            [
              0.14757971817103444,
              0.6161818569214421
            ],
            [
              0.1605530518472003,
              0.6129294996630108
            ],
            [
              0.17345484520167137,
              0.6094040291060298
            ],
            [
              0.18627934936554455,
              0.605607016153667
            ],
            [
              0.2274522795906529,
              0.7394630528257763
            ]
          ]
        ]
      }
    },
    {
      "type": "Feature",
      "properties": {
        "cell_id": "CEG2000_f4_r0027_c0096",
        "method": "Regular Topology",
        "view": "disk"
      },
      "geometry": {
        "type": "Polygon",
        "coordinates": [
          [
            [
              0.4241380525639986,
              0.7846829616624941
            ],
            [
              0.4056879491618247,
              0.7943788301944339
            ],
            [
              0.3870163363544029,
              0.8036409604736559
            ],
            [
              0.36813340901652897,
              0.8124642952906136
            ],
            [
              0.34904947740270426,
              0.8208440170221767
            ],
            [
              0.3297749615176402,
              0.828775550262098
            ],
            [
              0.3103203854268382,
              0.8362545643192287
            ],
            [
              0.29069637151035194,
              0.8432769755821156
            ],
            [
              0.2709136346628689,
              0.8498389497486909
            ],
            [
              0.25098297644327766,
              0.8559369039198378
            ],
            [
              0.23091527917691626,
              0.8615675085556855
            ],
            [
              0.2107215000137203,
              0.8667276892935705
            ],
            [
              0.18276899609045902,
              0.7517550399255646
            ],
            [
              0.20028404199080352,
              0.7472793644342305
            ],
            [
              0.2176897309356018,
              0.7423956674379146
            ],
            [
              0.2349765592562979,
              0.737106615480741
            ],
            [
              0.2521350881833452,
              0.7314150964344244
            ],
            [
              0.269155948999863,
              0.7253242179214648
            ],
            [
              0.28602984815704346,
              0.7188373056183577
            ],
            [
              0.30274757234851607,
              0.7119579014397421
            ],
            [
              0.3192999935408985,
              0.7046897616044834
            ],
            [
              0.33567807395778804,
              0.6970368545847423
            ],
            [
              0.35187287101447207,
              0.6890033589391522
            ],
            [
              0.36787554220066293,
              0.6805936610312865
            ],
            [
              0.4241380525639986,
              0.7846829616624941
            ]
          ]
        ]
      }
    },
    {
      "type": "Feature",
      "properties": {
        "cell_id": "CEG2000_f4_r0027_c0097",
        "method": "Regular Topology",
        "view": "disk"
      },
      "geometry": {
        "type": "Polygon",
        "coordinates": [
          [
            [
              0.41353622849510324,
              0.6538562026221417
            ],
            [
              0.4079737587945693,
              0.6573412797934054
            ],
            [
              0.40238192047616145,
              0.6607790372426455
            ],
            [
              0.39676111607695286,
              0.6641692274976102
            ],
            [
              0.3911117502191843,
              0.6675116065102448
            ],
            [
              0.3854342295811375,
              0.6708059336742607
            ],
            [
              0.3797289628678588,
              0.674051971842455
            ],
            [
              0.37399636078173876,
              0.677249487343783
            ],
            [
              0.3682368359929466,
              0.6803982500001784
            ],
            [
              0.3624508031097238,
              0.6834980331431231
            ],
            [
              0.3566386786485374,
              0.6865486136299648
            ],
            [
              0.3508008810040972,
              0.6895497718599801
            ],
            [
              0.2872996480312631,
              0.564728931661652
            ],
            [
              0.2920806999024123,
              0.5622710367421707
            ],
            [
              0.2968407258956003,
              0.5597726658781864
            ],
            [
              0.30157938335304213,
              0.5572339989187642
            ],
            [
              0.3062963311552,
              0.5546552186137462
            ],
            [
              0.31099122974533877,
              0.5520365106005947
            ],
            [
              0.3156637411539697,
              0.5493780633910296
            ],
            [
              0.32031352902317994,
              0.546680068357458
            ],
            [
              0.32494025863084525,
              0.5439427197191979
            ],
            [
              0.32954359691472584,
              0.541166214528497
            ],
            [
              0.33412321249644256,
              0.5383507526563472
            ],
            [
              0.3386787757053311,
              0.5354965367780977
            ],
            [
              0.41353622849510324,
              0.6538562026221417
            ]
          ]
        ]
      }
    },
    {
      "type": "Feature",
      "properties": {
        "cell_id": "CEG2000_f4_r0027_c0098",
        "method": "Regular Topology",
        "view": "disk"
      },
      "geometry": {
        "type": "Polygon",
        "coordinates": [
          [
            [
              0.5758857893257944,
              0.6811578345793369
            ],
            [
              0.5630098020545273,
              0.6918384209818983
            ],
            [
              0.5499357714963236,
              0.70227564758074
            ],
            [
              0.536668296547998,
              0.7124658429963324
            ],
            [
              0.5232120441520057,
              0.7224054227443785
            ],
            [
              0.5095717476548085,
              0.7320908904966846
            ],
            [
              0.4957522051418806,
              0.7415188393110234
            ],
            [
              0.48175827774994334,
              0.7506859528295523
            ],
            [
              0.46759488795702053,
              0.759589006445371
            ],
            [
              0.45326701785091694,
              0.7682248684368015
            ],
            [
              0.43877970737672806,
              0.776590501068998
            ],
            [
              0.4241380525639986,
              0.7846829616624941
            ],
            [
              0.36787554220066293,
              0.6805936610312865
            ],
            [
              0.38057496086962345,
              0.6735746767393249
            ],
            [
              0.39314050919405114,
              0.6663187570645477
            ],
            [
              0.4055677671399017,
              0.658828454335843
            ],
            [
              0.4178523633178987,
              0.6511064033282488
            ],
            [
              0.4299899765212056,
              0.6431553203361491
            ],
            [
              0.44197633724544494,
              0.6349780022177951
            ],
            [
              0.45380722919053174,
              0.626577325411488
            ],
            [
              0.46547849074379133,
              0.6179562449237678
            ],
            [
              0.47698601644384053,
              0.609117793289966
            ],
            [
              0.48832575842471715,
              0.6000650795074867
            ],
            [
              0.49949372783974966,
              0.5908012879421909
            ],
            [
              0.5758857893257944,
              0.6811578345793369
            ]
          ]
        ]
      }
    },
    {
      "type": "Feature",
      "properties": {
        "cell_id": "CEG2000_f4_r0027_c0099",
        "method": "Regular Topology",
        "view": "disk"
      },
      "geometry": {
        "type": "Polygon",
        "coordinates": [
          [
            [
              0.6526378111037197,
              0.6080167147981624
            ],
            [
              0.6460259616801495,
              0.6150373117067308
            ],
            [
              0.6393385940102994,
              0.6219860128372164
            ],
            [
              0.6325764898247942,
              0.6288620059099981
            ],
            [
              0.6257404395907042,
              0.6356644871447804
            ],
            [
              0.6188312424191422,
              0.6423926613545529
            ],
            [
              0.6118497059718503,
              0.6490457420385445
            ],
            [
              0.6047966463667866,
              0.6556229514741628
            ],
            [
              0.5976728880827243,
              0.6621235208079076
            ],
            [
              0.5904792638628729,
              0.6685466901452465
            ],
            [
              0.583216614617532,
              0.6748917086394451
            ],
            [
              0.5758857893257944,
              0.6811578345793369
            ],
            [
              0.49949372783974966,
              0.5908012879421909
            ],
            [
              0.5058521088260193,
              0.5853663724383822
            ],
            [
              0.5121513574145194,
              0.5798630295887699
            ],
            [
              0.5183907372444307,
              0.5742919027154892
            ],
            [
              0.5245695189533895,
              0.5686536430643973
            ],
            [
              0.5306869802627469,
              0.5629489097289454
            ],
            [
              0.5367424060620004,
              0.5571783695731342
            ],
            [
              0.5427350884923894,
              0.5513426971535578
            ],
            [
              0.5486643270296399,
              0.5454425746405517
            ],
            [
              0.5545294285658542,
              0.5394786917384491
            ],
            [
              0.5603297074905331,
              0.5334517456049563
            ],
            [
              0.5660644857707205,
              0.5273624407696581
            ],
            [
              0.6526378111037197,
              0.6080167147981624
            ]
          ]
        ]
      }
    },
    {
      "type": "Feature",
      "properties": {
        "cell_id": "CEG2000_f4_r0027_c0100",
        "method": "Regular Topology",
        "view": "disk"
      },
      "geometry": {
        "type": "Polygon",
        "coordinates": [
          [
            [
              0.7812969162852116,
              0.6241595377811823
            ],
            [
              0.7730632432598635,
              0.6343289540298007
            ],
            [
              0.7646972137687058,
              0.64438976656553
            ],
            [
              0.7562002601629799,
              0.6543402528726484
            ],
            [
              0.7475738372094973,
              0.6641787093244318
            ],
            [
              0.7388194218415679,
              0.6739034514748321
            ],
            [
              0.7299385129061341,
              0.683512814346872
            ],
            [
              0.7209326309071521,
              0.6930051527177068
            ],
            [
              0.7118033177452662,
              0.7023788414003027
            ],
            [
              0.7025521364538194,
              0.7116322755216867
            ],
            [
              0.6931806709312456,
              0.7207638707977171
            ],
            [
              0.6836905256698897,
              0.7297720638043291
            ],
            [
              0.6098352541866212,
              0.6509388609595709
            ],
            [
              0.6183002320244467,
              0.6429037727644159
            ],
            [
              0.6266593504332624,
              0.6347586127582406
            ],
            [
              0.6349111782450755,
              0.6265047754771342
            ],
            [
              0.6430543026611598,
              0.6181436740638653
            ],
            [
              0.6510873294939401,
              0.609676740025937
            ],
            [
              0.6590088834056927,
              0.6011054229904988
            ],
            [
              0.6668176081440171,
              0.5924311904561546
            ],
            [
              0.6745121667740404,
              0.5836555275417116
            ],
            [
              0.6820912419073145,
              0.574779936731913
            ],
            [
              0.6895535359273669,
              0.5658059376201967
            ],
            [
              0.6968977712118662,
              0.5567350666485252
            ],
            [
              0.7812969162852116,
              0.6241595377811823
            ]
          ]
        ]
      }
    },
    {
      "type": "Feature",
      "properties": {
        "cell_id": "CEG2000_f4_r0028_c0090",
        "method": "Regular Topology",
        "view": "disk"
      },
      "geometry": {
        "type": "Polygon",
        "coordinates": [
          [
            [
              -0.5197289564326811,
              0.8543312073460716
            ],
            [
              -0.5309786930503526,
              0.8473851707025203
            ],
            [
              -0.5421356124690844,
              0.8402910077424195
            ],
            [
              -0.5531977644147453,
              0.833049958553824
            ],
            [
              -0.5641632151789371,
              0.8256632889010898
            ],
            [
              -0.5750300479570152,
              0.8181322900036111
            ],
            [
              -0.5857963631831534,
              0.810458278310112
            ],
            [
              -0.5964602788623956,
              0.802642595268525
            ],
            [
              -0.6070199308996358,
              0.7946866070915009
            ],
            [
              -0.6174734734254699,
              0.7865917045175888
            ],
            [
              -0.6278190791188596,
              0.7783593025681308
            ],
            [
              -0.6380549395265581,
              0.7699908402999092
            ],
            [
              -0.5691294257002522,
              0.6868130275106215
            ],
            [
              -0.5599992881611493,
              0.6942774915084101
            ],
            [
              -0.5507712605070274,
              0.7016205930242532
            ],
            [
              -0.5414469558340229,
              0.7088410484546407
            ],
            [
              -0.5320280040678813,
              0.7159375956350881
            ],
            [
              -0.5225160516790379,
              0.7229089940607694
            ],
            [
              -0.5129127613948086,
              0.7297540251033608
            ],
            [
              -0.5032198119087387,
              0.736471492224063
            ],
            [
              -0.4934388975871608,
              0.7430602211827598
            ],
            [
              -0.4835717281730121,
              0.749519060243281
            ],
            [
              -0.4736200284869657,
              0.7558468803747292
            ],
            [
              -0.46358553812592374,
              0.7620425754488408
            ],
            [
              -0.5197289564326811,
              0.8543312073460716
            ]
          ]
        ]
      }
    },
    {
      "type": "Feature",
      "properties": {
        "cell_id": "CEG2000_f4_r0028_c0091",
        "method": "Regular Topology",
        "view": "disk"
      },
      "geometry": {
        "type": "Polygon",
        "coordinates": [
          [
            [
              -0.3718284725461654,
              0.9283014526564016
            ],
            [
              -0.38575725245924547,
              0.922600315507801
            ],
            [
              -0.39959865300239505,
              0.9166901965869775
            ],
            [
              -0.4133495389063466,
              0.9105724346178675
            ],
            [
              -0.42700679540465364,
              0.9042484153584391
            ],
            [
              -0.4405673289392301,
              0.8977195712867979
            ],
            [
              -0.45402806786108285,
              0.8909873812767114
            ],
            [
              -0.46738596312608227,
              0.8840533702626242
            ],
            [
              -0.48063798898561505,
              0.8769191088942376
            ],
            [
              -0.49378114367195663,
              0.8695862131807371
            ],
            [
              -0.506812450078214,
              0.8620563441247433
            ],
            [
              -0.5197289564326811,
              0.8543312073460716
            ],
            [
              -0.46358553812592374,
              0.7620425754488408
            ],
            [
              -0.4520643298597105,
              0.7689332088190074
            ],
            [
              -0.44044072275054785,
              0.7756496681486942
            ],
            [
              -0.42871734970671954,
              0.7821904320666744
            ],
            [
              -0.4168968662348776,
              0.7885540189991698
            ],
            [
              -0.40498194983853364,
              0.7947389875054475
            ],
            [
              -0.39297529941156645,
              0.8007439366043269
            ],
            [
              -0.38087963462688645,
              0.8065675060915198
            ],
            [
              -0.36869769532039043,
              0.8122083768477378
            ],
            [
              -0.356432240870351,
              0.8176652711374897
            ],
            [
              -0.34408604957238054,
              0.8229369528985059
            ],
            [
              -0.33166191801010697,
              0.828022228021725
            ],
            [
              -0.3718284725461654,
              0.9283014526564016
            ]
          ]
        ]
      }
    },
    {
      "type": "Feature",
      "properties": {
        "cell_id": "CEG2000_f4_r0028_c0092",
        "method": "Regular Topology",
        "view": "disk"
      },
      "geometry": {
        "type": "Polygon",
        "coordinates": [
          [
            [
              -0.22549283035576892,
              0.8630025616499345
            ],
            [
              -0.23396065010941974,
              0.8607455211365216
            ],
            [
              -0.24240588653475867,
              0.8584053961442123
            ],
            [
              -0.2508277244453573,
              0.8559824125563378
            ],
            [
              -0.25922535091335563,
              0.8534768042542528
            ],
            [
              -0.26759795534793246,
              0.8508888130947606
            ],
            [
              -0.2759447295735474,
              0.8482186888867671
            ],
            [
              -0.2842648679079521,
              0.8454666893671677
            ],
            [
              -0.2925575672399584,
              0.8426330801759694
            ],
            [
              -0.3008220271069611,
              0.8397181348306485
            ],
            [
              -0.30905744977220184,
              0.8367221346997504
            ],
            [
              -0.3172630403017734,
              0.8336453689757293
            ],
            [
              -0.27517765092212443,
              0.7230611360171302
            ],
            [
              -0.2680605435395293,
              0.7257297644321152
            ],
            [
              -0.2609175612961006,
              0.728328340923719
            ],
            [
              -0.25374939367664257,
              0.7308566146612738
            ],
            [
              -0.24655673259700842,
              0.7333143416001686
            ],
            [
              -0.23934027233731076,
              0.7357012845054054
            ],
            [
              -0.23210070947490694,
              0.7380172129744985
            ],
            [
              -0.22483874281715963,
              0.7402619034597151
            ],
            [
              -0.21755507333398497,
              0.7424351392896527
            ],
            [
              -0.21025040409018947,
              0.7445367106901536
            ],
            [
              -0.2029254401776067,
              0.7465664148045544
            ],
            [
              -0.19558088864703715,
              0.7485240557132662
            ],
            [
              -0.22549283035576892,
              0.8630025616499345
            ]
          ]
        ]
      }
    },
    {
      "type": "Feature",
      "properties": {
        "cell_id": "CEG2000_f4_r0028_c0093",
        "method": "Regular Topology",
        "view": "disk"
      },
      "geometry": {
        "type": "Polygon",
        "coordinates": [
          [
            [
              -0.09306173878255156,
              0.8871076319877834
            ],
            [
              -0.10523437775634009,
              0.885746105661459
            ],
            [
              -0.11738717311370889,
              0.8842175578128816
            ],
            [
              -0.12951783325171712,
              0.8825222766740707
            ],
            [
              -0.14162407074137257,
              0.8806605819172602
            ],
            [
              -0.1537036027589612,
              0.8786328245946198
            ],
            [
              -0.16575415151651143,
              0.8764393870720586
            ],
            [
              -0.17777344469130582,
              0.8740806829571236
            ],
            [
              -0.18975921585436512,
              0.8715571570210074
            ],
            [
              -0.20170920489781802,
              0.8688692851146796
            ],
            [
              -0.21362115846108184,
              0.8660175740791579
            ],
            [
              -0.22549283035576892,
              0.8630025616499345
            ],
            [
              -0.19558088864703715,
              0.7485240557132662
            ],
            [
              -0.18528401075861112,
              0.7511391224950305
            ],
            [
              -0.17495219462170924,
              0.7536125500430901
            ],
            [
              -0.16458738846466467,
              0.7559438719533237
            ],
            [
              -0.1541915467366033,
              0.7581326486178889
            ],
            [
              -0.14376662973890234,
              0.7601784673081176
            ],
            [
              -0.13331460325554312,
              0.7620809422523428
            ],
            [
              -0.12283743818243249,
              0.7638397147086413
            ],
            [
              -0.11233711015575777,
              0.7654544530324809
            ],
            [
              -0.10181559917945039,
              0.7669248527392569
            ],
            [
              -0.09127488925182334,
              0.7682506365617076
            ],
            [
              -0.08071696799145803,
              0.769431554502197
            ],
            [
              -0.09306173878255156,
              0.8871076319877834
            ]
          ]
        ]
      }
    },
    {
      "type": "Feature",
      "properties": {
        "cell_id": "CEG2000_f4_r0028_c0094",
        "method": "Regular Topology",
        "view": "disk"
      },
      "geometry": {
        "type": "Polygon",
        "coordinates": [
          [
            [
              0.04702991285512599,
              0.8907348793288852
            ],
            [
              0.034290266647460495,
              0.8913162264704096
            ],
            [
              0.021543611003636862,
              0.8917153754316052
            ],
            [
              0.008792551528034811,
              0.891932244620538
            ],
            [
              -0.003960305274757194,
              0.8919667897059482
            ],
            [
              -0.01671235253275109,
              0.8918190036263106
            ],
            [
              -0.02946098353944152,
              0.8914889165912794
            ],
            [
              -0.04220359228665526,
              0.890976596075512
            ],
            [
              -0.054937573997257745,
              0.8902821468048768
            ],
            [
              -0.06766032565760809,
              0.8894057107350452
            ],
            [
              -0.08036924654965269,
              0.888347467022474
            ],
            [
              -0.09306173878255156,
              0.8871076319877834
            ],
            [
              -0.08071696799145803,
              0.769431554502197
            ],
            [
              -0.06970815273937492,
              0.7705069236723738
            ],
            [
              -0.05868508811293285,
              0.771424789865207
            ],
            [
              -0.04765002738909096,
              0.7721849654553113
            ],
            [
              -0.03660522629698814,
              0.7727872950515864
            ],
            [
              -0.025552942556837675,
              0.7732316555289808
            ],
            [
              -0.014495435418416608,
              0.77351795605366
            ],
            [
              -0.00343496519924162,
              0.7736461381015751
            ],
            [
              0.007626207177473205,
              0.7736161754704252
            ],
            [
              0.0186858206449826,
              0.7734280742850139
            ],
            [
              0.02974161445520481,
              0.7730818729959974
            ],
            [
              0.040791328640852886,
              0.7725776423720242
            ],
            [
              0.04702991285512599,
              0.8907348793288852
            ]
          ]
        ]
      }
    },
    {
      "type": "Feature",
      "properties": {
        "cell_id": "CEG2000_f4_r0028_c0095",
        "method": "Regular Topology",
        "view": "disk"
      },
      "geometry": {
        "type": "Polygon",
        "coordinates": [
          [
            [
              0.2107215000137203,
              0.8667276892935705
            ],
            [
              0.19605660273098907,
              0.8701621955025325
            ],
            [
              0.1813358038809341,
              0.8733485925946523
            ],
            [
              0.1665633008010407,
              0.8762859720333691
            ],
            [
              0.1517433055712083,
              0.8789734962844599
            ],
            [
              0.13688004381276045,
              0.8814103990548451
            ],
            [
              0.12197775348359392,
              0.8835959855110819
            ],
            [
              0.10704068366981241,
              0.8855296324774816
            ],
            [
              0.09207309337418401,
              0.8872107886137957
            ],
            [
              0.07707925030177439,
              0.8886389745724192
            ],
            [
              0.06206342964309647,
              0.8898137831350675
            ],
            [
              0.04702991285512599,
              0.8907348793288852
            ],
            [
              0.040791328640852886,
              0.7725776423720242
            ],
            [
              0.05383062824183107,
              0.7717787308863152
            ],
            [
              0.06685457913000453,
              0.7707597623350296
            ],
            [
              0.07985946778969877,
              0.7695210272564016
            ],
            [
              0.09284158614044694,
              0.7680628788506364
            ],
            [
              0.10579723259427434,
              0.766385732879204
            ],
            [
              0.1187227131111318,
              0.7644900675462916
            ],
            [
              0.13161434225217525,
              0.7623764233624547
            ],
            [
              0.14446844423059446,
              0.760045402990501
            ],
            [
              0.15728135395968962,
              0.7574976710736531
            ],
            [
              0.17004941809789553,
              0.754733954046039
            ],
            [
              0.18276899609045902,
              0.7517550399255646
            ],
            [
              0.2107215000137203,
              0.8667276892935705
            ]
          ]
        ]
      }
    },
    {
      "type": "Feature",
      "properties": {
        "cell_id": "CEG2000_f4_r0028_c0096",
        "method": "Regular Topology",
        "view": "disk"
      },
      "geometry": {
        "type": "Polygon",
        "coordinates": [
          [
            [
              0.36105253200153037,
              0.9325454783201106
            ],
            [
              0.34027453337465463,
              0.9403261359425574
            ],
            [
              0.3193290298925285,
              0.9476439049916887
            ],
            [
              0.29822633226954476,
              0.9544951831942659
            ],
            [
              0.27697682860109174,
              0.960876597913635
            ],
            [
              0.25559097924986734,
              0.9667850078099546
            ],
            [
              0.23407931169662252,
              0.9722175043865624
            ],
            [
              0.21245241535786114,
              0.9771714134217245
            ],
            [
              0.19072093637305465,
              0.9816442962850572
            ],
            [
              0.16889557236393068,
              0.9856339511379771
            ],
            [
              0.14698706716842194,
              0.9891384140175862
            ],
            [
              0.12500620555186254,
              0.9921559598034603
            ],
            [
              0.11150248288570438,
              0.8849788891643279
            ],
            [
              0.13110887470756188,
              0.8822873120073309
            ],
            [
              0.15065072636867854,
              0.8791614166925172
            ],
            [
              0.1701184181217249,
              0.8756027419851804
            ],
            [
              0.18950236672561346,
              0.8716130396922682
            ],
            [
              0.20879303016298323,
              0.8671942738000316
            ],
            [
              0.22798091233738865,
              0.8623486195072249
            ],
            [
              0.24705656774788615,
              0.8570784621543343
            ],
            [
              0.2660106061387114,
              0.8513863960493613
            ],
            [
              0.28483369712176443,
              0.8452752231907378
            ],
            [
              0.3035165747696208,
              0.8387479518880041
            ],
            [
              0.32205004217681454,
              0.8318077952809269
            ],
            [
              0.36105253200153037,
              0.9325454783201106
            ]
          ]
        ]
      }
    },
    {
      "type": "Feature",
      "properties": {
        "cell_id": "CEG2000_f4_r0028_c0097",
        "method": "Regular Topology",
        "view": "disk"
      },
      "geometry": {
        "type": "Polygon",
        "coordinates": [
          [
            [
              0.4770404411848175,
              0.8788813443657766
            ],
            [
              0.46679040558896207,
              0.8843679761559056
            ],
            [
              0.45647727563397933,
              0.8897350711474624
            ],
            [
              0.4461024453080861,
              0.8949819038897636
            ],
            [
              0.4356673169393136,
              0.9001077651875355
            ],
            [
              0.4251733010059599,
              0.9051119621967746
            ],
            [
              0.41462181594594055,
              0.9099938185183956
            ],
            [
              0.4040142879650642,
              0.9147526742896586
            ],
            [
              0.39335215084425657,
              0.9193878862733603
            ],
            [
              0.38263684574576184,
              0.9238988279447777
            ],
            [
              0.3718698210183464,
              0.9282848895763536
            ],
            [
              0.36105253200153037,
              0.9325454783201106
            ],
            [
              0.32205004217681454,
              0.8318077952809269
            ],
            [
              0.33169879983762396,
              0.828007454158768
            ],
            [
              0.34130272297966757,
              0.8240951942845369
            ],
            [
              0.3508605134756307,
              0.820071544464153
            ],
            [
              0.3603708794337803,
              0.8159370485597086
            ],
            [
              0.3698325353725856,
              0.8116922654159578
            ],
            [
              0.37924420239447165,
              0.8073377687847791
            ],
            [
              0.388604608358683,
              0.8028741472476237
            ],
            [
              0.3979124880532351,
              0.7983020041359589
            ],
            [
              0.4071665833659278,
              0.7936219574497176
            ],
            [
              0.41636564345440014,
              0.7888346397737664
            ],
            [
              0.4255084249152018,
              0.7839406981924006
            ],
            [
              0.4770404411848175,
              0.8788813443657766
            ]
          ]
        ]
      }
    },
    {
      "type": "Feature",
      "properties": {
        "cell_id": "CEG2000_f4_r0028_c0098",
        "method": "Regular Topology",
        "view": "disk"
      },
      "geometry": {
        "type": "Polygon",
        "coordinates": [
          [
            [
              0.575311363383442,
              0.8179344931972762
            ],
            [
              0.5666764726686603,
              0.823940395492177
            ],
            [
              0.5579788892890007,
              0.8298551434484291
            ],
            [
              0.5492195754772476,
              0.8356780827044538
            ],
            [
              0.5403995002955588,
              0.8414085690556701
            ],
            [
              0.5315196395282562,
              0.8470459685257657
            ],
            [
              0.5225809755738721,
              0.8525896574368352
            ],
            [
              0.5135844973364653,
              0.8580390224783779
            ],
            [
              0.5045312001162159,
              0.8633934607751502
            ],
            [
              0.49542208549931266,
              0.8686523799538638
            ],
            [
              0.4862581612471463,
              0.8738151982087198
            ],
            [
              0.4770404411848175,
              0.8788813443657766
            ],
            [
              0.4255084249152018,
              0.7839406981924006
            ],
            [
              0.43373040612771546,
              0.7794218195280983
            ],
            [
              0.44190440279117826,
              0.7748167117131487
            ],
            [
              0.45002951059835655,
              0.7701258842207604
            ],
            [
              0.4581048306506978,
              0.7653498560074994
            ],
            [
              0.466129469557779,
              0.7604891554558737
            ],
            [
              0.4741025395361432,
              0.7555443203158794
            ],
            [
              0.48202315850751754,
              0.750515897645507
            ],
            [
              0.48989045019639993,
              0.7454044437502187
            ],
            [
              0.49770354422700225,
              0.7402105241214048
            ],
            [
              0.505461576219543,
              0.7349347133738204
            ],
            [
              0.5131636878858749,
              0.7295775951820155
            ],
            [
              0.575311363383442,
              0.8179344931972762
            ]
          ]
        ]
      }
    },
    {
      "type": "Feature",
      "properties": {
        "cell_id": "CEG2000_f4_r0028_c0099",
        "method": "Regular Topology",
        "view": "disk"
      },
      "geometry": {
        "type": "Polygon",
        "coordinates": [
          [
            [
              0.6836905256698897,
              0.7297720638043291
            ],
            [
              0.674359273508924,
              0.738403392619858
            ],
            [
              0.6649190637012765,
              0.7469154160456308
            ],
            [
              0.6553714215215082,
              0.7553067587761132
            ],
            [
              0.6457178896022545,
              0.7635760650044046
            ],
            [
              0.6359600276849787,
              0.771721998641299
            ],
            [
              0.6260994123679616,
              0.7797432435311595
            ],
            [
              0.6161376368515665,
              0.7876385036645727
            ],
            [
              0.6060763106808237,
              0.7954065033877468
            ],
            [
              0.5959170594853715,
              0.8030459876086227
            ],
            [
              0.5856615247168009,
              0.8105557219996612
            ],
            [
              0.575311363383442,
              0.8179344931972762
            ],
            [
              0.5131636878858749,
              0.7295775951820155
            ],
            [
              0.5223957790596072,
              0.7229959114524165
            ],
            [
              0.5315434656481892,
              0.7162974117522112
            ],
            [
              0.5406052696406518,
              0.7094831783720897
            ],
            [
              0.549579726902258,
              0.7025543123020767
            ],
            [
              0.5584653874110657,
              0.6955119330536413
            ],
            [
              0.5672608154922104,
              0.6883571784788162
            ],
            [
              0.575964590049872,
              0.6810912045863515
            ],
            [
              0.5845753047968819,
              0.6737151853549369
            ],
            [
              0.5930915684819418,
              0.6662303125435187
            ],
            [
              0.6015120051144092,
              0.6586377954987456
            ],
            [
              0.6098352541866212,
              0.6509388609595709
            ],
            [
              0.6836905256698897,
              0.7297720638043291
            ]
          ]
        ]
      }
    },
    {
      "type": "Feature",
      "properties": {
        "cell_id": "CEG2000_f4_r0029_c0092",
        "method": "Regular Topology",
        "view": "disk"
      },
      "geometry": {
        "type": "Polygon",
        "coordinates": [
          [
            [
              -0.21642903021634638,
              0.9762983534143709
            ],
            [
              -0.23085601689630755,
              0.9729879235955459
            ],
            [
              -0.24523242374087126,
              0.9694643151484111
            ],
            [
              -0.25955510092400524,
              0.9657283000846197
            ],
            [
              -0.27382091039167855,
              0.9617806969534544
            ],
            [
              -0.2880267265493998,
              0.9576223706624847
            ],
            [
              -0.30216943694702525,
              0.95325423228807
            ],
            [
              -0.3162459429606875,
              0.9486772388757441
            ],
            [
              -0.33025316047169306,
              0.9438923932305303
            ],
            [
              -0.3441880205422442,
              0.9389007436972301
            ],
            [
              -0.3580474700878337,
              0.933703383930733
            ],
            [
              -0.3718284725461654,
              0.9283014526564016
            ],
            [
              -0.33166191801010697,
              0.828022228021725
            ],
            [
              -0.31936960032896217,
              0.8328406188112606
            ],
            [
              -0.3070073097615454,
              0.8374765368111413
            ],
            [
              -0.2945777548472759,
              0.8419289663061502
            ],
            [
              -0.2820836588629828,
              0.8461969317828307
            ],
            [
              -0.2695277592262427,
              0.8502794981432193
            ],
            [
              -0.25691280689562057,
              0.8541757709097221
            ],
            [
              -0.24424156576794218,
              0.8578848964210924
            ],
            [
              -0.23151681207273442,
              0.8614060620194651
            ],
            [
              -0.21874133376396138,
              0.8647384962284076
            ],
            [
              -0.2059179299091915,
              0.8678814689219477
            ],
            [
              -0.193049410076332,
              0.8708342914845423
            ],
            [
              -0.21642903021634638,
              0.9762983534143709
            ]
          ]
        ]
      }
    },
    {
      "type": "Feature",
      "properties": {
        "cell_id": "CEG2000_f4_r0029_c0093",
        "method": "Regular Topology",
        "view": "disk"
      },
      "geometry": {
        "type": "Polygon",
        "coordinates": [
          [
            [
              -0.0975809953692706,
              0.9952275867070518
            ],
            [
              -0.1084698492028963,
              0.9940997393691947
            ],
            [
              -0.11934570409901761,
              0.9928527599362907
            ],
            [
              -0.13020725670413041,
              0.9914867978453292
            ],
            [
              -0.14105320537870467,
              0.9900020167920836
            ],
            [
              -0.15188225035317282,
              0.9883985947114939
            ],
            [
              -0.1626930938836926,
              0.9866767237563436
            ],
            [
              -0.17348444040766842,
              0.9848366102742313
            ],
            [
              -0.1842549966990093,
              0.9828784747828432
            ],
            [
              -0.19500347202310883,
              0.9808025519435258
            ],
            [
              -0.20572857829152538,
              0.9786090905331647
            ],
            [
              -0.21642903021634638,
              0.9762983534143709
            ],
            [
              -0.193049410076332,
              0.8708342914845423
            ],
            [
              -0.18350486824859327,
              0.8728954125697252
            ],
            [
              -0.1739383353483899,
              0.8748519265866856
            ],
            [
              -0.16435095782115508,
              0.8767035990683929
            ],
            [
              -0.1547438846103255,
              0.87845020811194
            ],
            [
              -0.1451182670196523,
              0.8800915444051359
            ],
            [
              -0.13547525857522993,
              0.8816274112515893
            ],
            [
              -0.12581601488725794,
              0.8830576245942807
            ],
            [
              -0.11614169351155464,
              0.8843820130376198
            ],
            [
              -0.10645345381083585,
              0.8856004178679845
            ],
            [
              -0.09675245681577826,
              0.8867126930727424
            ],
            [
              -0.08703986508588156,
              0.8877187053577479
            ],
            [
              -0.0975809953692706,
              0.9952275867070518
            ]
          ]
        ]
      }
    },
    {
      "type": "Feature",
      "properties": {
        "cell_id": "CEG2000_f4_r0029_c0094",
        "method": "Regular Topology",
        "view": "disk"
      },
      "geometry": {
        "type": "Polygon",
        "coordinates": [
          [
            [
              0.12500620555186254,
              0.9921559598034603
            ],
            [
              0.10486180547725939,
              0.9944868032065832
            ],
            [
              0.08467428311538588,
              0.9964086841145532
            ],
            [
              0.06445194017471105,
              0.9979208121928891
            ],
            [
              0.0442030926829589,
              0.9990225656096371
            ],
            [
              0.023936067567311654,
              0.9997134912910864
            ],
            [
              0.00365919923013076,
              0.9999933051080863
            ],
            [
              -0.016619173878398123,
              0.999861891992889
            ],
            [
              -0.03689071268928268,
              0.9993193059864683
            ],
            [
              -0.05714708094399599,
              0.9983657702162972
            ],
            [
              -0.07737994862259508,
              0.9970016768045902
            ],
            [
              -0.0975809953692706,
              0.9952275867070518
            ],
            [
              -0.08703986508588156,
              0.8877187053577479
            ],
            [
              -0.0690210246675153,
              0.8893011504040972
            ],
            [
              -0.050973800754893286,
              0.8905178884181973
            ],
            [
              -0.03290561490222668,
              0.8913684190412574
            ],
            [
              -0.014823897283898053,
              0.8918523925098373
            ],
            [
              0.0032639163610462744,
              0.8919696097996794
            ],
            [
              0.021350387786692286,
              0.891720022707555
            ],
            [
              0.03942807929908719,
              0.8911037338710849
            ],
            [
              0.05748955681483835,
              0.8901209967265338
            ],
            [
              0.07552739291823045,
              0.8887722154045882
            ],
            [
              0.09353416991559878,
              0.8870579445641668
            ],
            [
              0.11150248288570438,
              0.8849788891643279
            ],
            [
              0.12500620555186254,
              0.9921559598034603
            ]
          ]
        ]
      }
    }
  ]
}