dataset,cell_id,month,value,previous_value,delta,relative_delta,value_bin,value_reconstructed,delta_bin,delta_reconstructed,theta,rho
NCEP-AirTemp-Africa-2000,NCEP2000_r003_c016,1,22.43903160095215,,,,4,23.02893324851989,4,,-1.7816946533665048,0.9655172413793104
NCEP-AirTemp-Africa-2000,NCEP2000_r003_c016,2,22.412071228027344,22.43903160095215,-0.026960372924804688,-0.001201494494248169,4,23.02893324851989,4,4.440892098500626e-16,-1.7816946533665048,0.9655172413793104
NCEP-AirTemp-Africa-2000,NCEP2000_r003_c016,3,20.962583541870117,22.412071228027344,-1.4494876861572266,-0.06467441904006509,3,20.469008675681216,3,-1.3208207024468313,-1.7816946533665048,0.9655172413793104
NCEP-AirTemp-Africa-2000,NCEP2000_r003_c016,4,17.655004501342773,20.962583541870117,-3.3075790405273438,-0.15778489487809896,2,17.909084102842538,1,-3.9624621073404946,-1.7816946533665048,0.9655172413793104
NCEP-AirTemp-Africa-2000,NCEP2000_r003_c016,5,13.394848823547363,17.655004501342773,-4.26015567779541,-0.24130017511303373,0,12.789234957165185,1,-3.9624621073404946,-1.7816946533665048,0.9655172413793104
NCEP-AirTemp-Africa-2000,NCEP2000_r003_c016,6,12.52767562866211,13.394848823547363,-0.8671731948852539,-0.06473930436309322,0,12.789234957165185,3,-1.3208207024468313,-1.7816946533665048,0.9655172413793104
NCEP-AirTemp-Africa-2000,NCEP2000_r003_c016,7,11.294525146484377,12.52767562866211,-1.2331504821777326,-0.09843410052511287,0,12.789234957165185,3,-1.3208207024468313,-1.7816946533665048,0.9655172413793104
NCEP-AirTemp-Africa-2000,NCEP2000_r003_c016,8,12.899365425109863,11.294525146484377,1.6048402786254865,0.1420901062958828,0,12.789234957165185,5,1.3208207024468321,-1.7816946533665048,0.9655172413793104
NCEP-AirTemp-Africa-2000,NCEP2000_r003_c016,9,11.998671531677246,12.899365425109863,-0.9006938934326172,-0.06982466685371432,0,12.789234957165185,3,-1.3208207024468313,-1.7816946533665048,0.9655172413793104
NCEP-AirTemp-Africa-2000,NCEP2000_r003_c016,10,16.265491485595703,11.998671531677246,4.266819953918457,0.3556076972899695,1,15.349159530003863,7,3.962462107340496,-1.7816946533665048,0.9655172413793104
NCEP-AirTemp-Africa-2000,NCEP2000_r003_c016,11,19.06400489807129,16.265491485595703,2.798513412475586,0.17205218882896203,2,17.909084102842538,6,2.6416414048936643,-1.7816946533665048,0.9655172413793104
NCEP-AirTemp-Africa-2000,NCEP2000_r003_c016,12,20.099035263061523,19.06400489807129,1.0350303649902344,0.05429238874644586,3,20.469008675681216,5,1.3208207024468321,-1.7816946533665048,0.9655172413793104
NCEP-AirTemp-Africa-2000,NCEP2000_r003_c017,1,20.688711166381836,,,,3,20.469008675681216,4,,-1.712560129884791,0.9655172413793104
NCEP-AirTemp-Africa-2000,NCEP2000_r003_c017,2,21.07621192932129,20.688711166381836,0.3875007629394531,0.018730058137653507,3,20.469008675681216,4,4.440892098500626e-16,-1.712560129884791,0.9655172413793104
NCEP-AirTemp-Africa-2000,NCEP2000_r003_c017,3,19.50129508972168,21.07621192932129,-1.5749168395996094,-0.07472485306567735,3,20.469008675681216,3,-1.3208207024468313,-1.712560129884791,0.9655172413793104
NCEP-AirTemp-Africa-2000,NCEP2000_r003_c017,4,15.779672622680664,19.50129508972168,-3.7216224670410156,-0.19083975961178742,1,15.349159530003863,1,-3.9624621073404946,-1.712560129884791,0.9655172413793104
NCEP-AirTemp-Africa-2000,NCEP2000_r003_c017,5,11.576135635375977,15.779672622680664,-4.2035369873046875,-0.26638936610527647,0,12.789234957165185,1,-3.9624621073404946,-1.712560129884791,0.9655172413793104
NCEP-AirTemp-Africa-2000,NCEP2000_r003_c017,6,10.699673652648926,11.576135635375977,-0.8764619827270508,-0.07571282942199083,0,12.789234957165185,3,-1.3208207024468313,-1.712560129884791,0.9655172413793104
NCEP-AirTemp-Africa-2000,NCEP2000_r003_c017,7,9.206782341003418,10.699673652648926,-1.4928913116455078,-0.1395268080233374,0,12.789234957165185,3,-1.3208207024468313,-1.712560129884791,0.9655172413793104
NCEP-AirTemp-Africa-2000,NCEP2000_r003_c017,8,11.827746391296388,9.206782341003418,2.6209640502929705,0.28467752937095286,0,12.789234957165185,6,2.6416414048936643,-1.712560129884791,0.9655172413793104
NCEP-AirTemp-Africa-2000,NCEP2000_r003_c017,9,11.478672981262209,11.827746391296388,-0.3490734100341797,-0.02951309560467497,0,12.789234957165185,4,4.440892098500626e-16,-1.712560129884791,0.9655172413793104
NCEP-AirTemp-Africa-2000,NCEP2000_r003_c017,10,15.843883514404297,11.478672981262209,4.365210533142088,0.38028877904857644,1,15.349159530003863,7,3.962462107340496,-1.712560129884791,0.9655172413793104
NCEP-AirTemp-Africa-2000,NCEP2000_r003_c017,11,18.208669662475582,15.843883514404297,2.3647861480712855,0.14925546163737985,2,17.909084102842538,6,2.6416414048936643,-1.712560129884791,0.9655172413793104
NCEP-AirTemp-Africa-2000,NCEP2000_r003_c017,12,20.412263870239254,18.208669662475582,2.203594207763672,0.12101895682718863,3,20.469008675681216,6,2.6416414048936643,-1.712560129884791,0.9655172413793104
NCEP-AirTemp-Africa-2000,NCEP2000_r003_c018,1,19.32322883605957,,,,3,20.469008675681216,4,,-1.6420361521780986,0.9655172413793104
NCEP-AirTemp-Africa-2000,NCEP2000_r003_c018,2,19.9686222076416,19.32322883605957,0.6453933715820312,0.03339987209475293,3,20.469008675681216,4,4.440892098500626e-16,-1.6420361521780986,0.9655172413793104
NCEP-AirTemp-Africa-2000,NCEP2000_r003_c018,3,18.486133575439453,19.9686222076416,-1.4824886322021484,-0.07424090739895059,2,17.909084102842538,3,-1.3208207024468313,-1.6420361521780986,0.9655172413793104
NCEP-AirTemp-Africa-2000,NCEP2000_r003_c018,4,15.163342475891112,18.486133575439453,-3.3227910995483416,-0.17974505517816763,1,15.349159530003863,1,-3.9624621073404946,-1.6420361521780986,0.9655172413793104
NCEP-AirTemp-Africa-2000,NCEP2000_r003_c018,5,11.991620063781738,15.163342475891112,-3.1717224121093732,-0.20917040007189966,0,12.789234957165185,2,-2.641641404893663,-1.6420361521780986,0.9655172413793104
NCEP-AirTemp-Africa-2000,NCEP2000_r003_c018,6,11.655669212341309,11.991620063781738,-0.3359508514404297,-0.02801546827314028,0,12.789234957165185,4,4.440892098500626e-16,-1.6420361521780986,0.9655172413793104
NCEP-AirTemp-Africa-2000,NCEP2000_r003_c018,7,9.986456871032717,11.655669212341309,-1.669212341308592,-0.1432103391833726,0,12.789234957165185,3,-1.3208207024468313,-1.6420361521780986,0.9655172413793104
NCEP-AirTemp-Africa-2000,NCEP2000_r003_c018,8,12.65580940246582,9.986456871032717,2.6693525314331037,0.26729725726608594,0,12.789234957165185,6,2.6416414048936643,-1.6420361521780986,0.9655172413793104
NCEP-AirTemp-Africa-2000,NCEP2000_r003_c018,9,12.823675155639648,12.65580940246582,0.16786575317382812,0.013263928669874062,0,12.789234957165185,4,4.440892098500626e-16,-1.6420361521780986,0.9655172413793104
NCEP-AirTemp-Africa-2000,NCEP2000_r003_c018,10,16.409040451049805,12.823675155639648,3.5853652954101562,0.2795895288905045,1,15.349159530003863,7,3.962462107340496,-1.6420361521780986,0.9655172413793104
NCEP-AirTemp-Africa-2000,NCEP2000_r003_c018,11,17.384342193603516,16.409040451049805,0.9753017425537109,0.059436854060001654,2,17.909084102842538,5,1.3208207024468321,-1.6420361521780986,0.9655172413793104
NCEP-AirTemp-Africa-2000,NCEP2000_r003_c018,12,20.18645668029785,17.384342193603516,2.802114486694336,0.16118610963176738,3,20.469008675681216,6,2.6416414048936643,-1.6420361521780986,0.9655172413793104
NCEP-AirTemp-Africa-2000,NCEP2000_r003_c019,1,19.195486068725582,,,,3,20.469008675681216,4,,-1.5707963267948966,0.9655172413793104
NCEP-AirTemp-Africa-2000,NCEP2000_r003_c019,2,20.23517608642578,19.195486068725582,1.0396900177001989,0.05416325556840799,3,20.469008675681216,5,1.3208207024468321,-1.5707963267948966,0.9655172413793104
NCEP-AirTemp-Africa-2000,NCEP2000_r003_c019,3,19.19355201721191,20.23517608642578,-1.0416240692138707,-0.0514759083274109,3,20.469008675681216,3,-1.3208207024468313,-1.5707963267948966,0.9655172413793104
NCEP-AirTemp-Africa-2000,NCEP2000_r003_c019,4,16.51201057434082,19.19355201721191,-2.68154144287109,-0.1397105361460143,1,15.349159530003863,2,-2.641641404893663,-1.5707963267948966,0.9655172413793104
NCEP-AirTemp-Africa-2000,NCEP2000_r003_c019,5,13.998717308044434,16.51201057434082,-2.5132932662963867,-0.15221000828342313,0,12.789234957165185,2,-2.641641404893663,-1.5707963267948966,0.9655172413793104
NCEP-AirTemp-Africa-2000,NCEP2000_r003_c019,6,14.411337852478027,13.998717308044434,0.41262054443359375,0.029475596610303665,1,15.349159530003863,4,4.440892098500626e-16,-1.5707963267948966,0.9655172413793104
NCEP-AirTemp-Africa-2000,NCEP2000_r003_c019,7,13.03742504119873,14.411337852478027,-1.3739128112792969,-0.09533554936699043,0,12.789234957165185,3,-1.3208207024468313,-1.5707963267948966,0.9655172413793104
NCEP-AirTemp-Africa-2000,NCEP2000_r003_c019,8,14.685487747192385,13.03742504119873,1.6480627059936541,0.1264101385653775,1,15.349159530003863,5,1.3208207024468321,-1.5707963267948966,0.9655172413793104
NCEP-AirTemp-Africa-2000,NCEP2000_r003_c019,9,14.730009078979492,14.685487747192385,0.0445213317871076,0.0030316549612469847,1,15.349159530003863,4,4.440892098500626e-16,-1.5707963267948966,0.9655172413793104
NCEP-AirTemp-Africa-2000,NCEP2000_r003_c019,10,16.740005493164062,14.730009078979492,2.0099964141845703,0.13645588427049526,2,17.909084102842538,6,2.6416414048936643,-1.5707963267948966,0.9655172413793104
NCEP-AirTemp-Africa-2000,NCEP2000_r003_c019,11,17.226341247558594,16.740005493164062,0.48633575439453125,0.02905230554393372,2,17.909084102842538,4,4.440892098500626e-16,-1.5707963267948966,0.9655172413793104
NCEP-AirTemp-Africa-2000,NCEP2000_r003_c019,12,19.342262268066406,17.226341247558594,2.1159210205078125,0.12283055293634636,3,20.469008675681216,6,2.6416414048936643,-1.5707963267948966,0.9655172413793104
NCEP-AirTemp-Africa-2000,NCEP2000_r004_c015,1,21.786134719848633,,,,4,23.02893324851989,4,,-1.8690277094571888,0.9629629629629628
NCEP-AirTemp-Africa-2000,NCEP2000_r004_c015,2,21.56827735900879,21.786134719848633,-0.21785736083984375,-0.009999817023134492,3,20.469008675681216,4,4.440892098500626e-16,-1.8690277094571888,0.9629629629629628
NCEP-AirTemp-Africa-2000,NCEP2000_r004_c015,3,20.568069458007812,21.56827735900879,-1.0002079010009766,-0.046374028131792484,3,20.469008675681216,3,-1.3208207024468313,-1.8690277094571888,0.9629629629629628
NCEP-AirTemp-Africa-2000,NCEP2000_r004_c015,4,18.118671417236328,20.568069458007812,-2.4493980407714844,-0.11908740612589942,2,17.909084102842538,2,-2.641641404893663,-1.8690277094571888,0.9629629629629628
NCEP-AirTemp-Africa-2000,NCEP2000_r004_c015,5,15.255167007446287,18.118671417236328,-2.863504409790041,-0.15804163251539421,1,15.349159530003863,2,-2.641641404893663,-1.8690277094571888,0.9629629629629628
NCEP-AirTemp-Africa-2000,NCEP2000_r004_c015,6,14.911672592163086,15.255167007446287,-0.34349441528320135,-0.022516594876708745,1,15.349159530003863,4,4.440892098500626e-16,-1.8690277094571888,0.9629629629629628
NCEP-AirTemp-Africa-2000,NCEP2000_r004_c015,7,14.223233222961426,14.911672592163086,-0.6884393692016602,-0.046167816852649604,1,15.349159530003863,3,-1.3208207024468313,-1.8690277094571888,0.9629629629629628
NCEP-AirTemp-Africa-2000,NCEP2000_r004_c015,8,14.745814323425291,14.223233222961426,0.5225811004638654,0.03674137182959435,1,15.349159530003863,4,4.440892098500626e-16,-1.8690277094571888,0.9629629629629628
NCEP-AirTemp-Africa-2000,NCEP2000_r004_c015,9,13.477339744567873,14.745814323425291,-1.2684745788574183,-0.08602268759361169,0,12.789234957165185,3,-1.3208207024468313,-1.8690277094571888,0.9629629629629628
NCEP-AirTemp-Africa-2000,NCEP2000_r004_c015,10,16.364521026611328,13.477339744567873,2.8871812820434553,0.21422486460706403,1,15.349159530003863,6,2.6416414048936643,-1.8690277094571888,0.9629629629629628
NCEP-AirTemp-Africa-2000,NCEP2000_r004_c015,11,17.70000648498535,16.364521026611328,1.3354854583740234,0.0816085882502953,2,17.909084102842538,5,1.3208207024468321,-1.8690277094571888,0.9629629629629628
NCEP-AirTemp-Africa-2000,NCEP2000_r004_c015,12,18.66000747680664,17.70000648498535,0.9600009918212891,0.05423732429904155,2,17.909084102842538,5,1.3208207024468321,-1.8690277094571888,0.9629629629629628
NCEP-AirTemp-Africa-2000,NCEP2000_r004_c016,1,23.047103881835938,,,,4,23.02893324851989,4,,-1.7973866290949985,0.896551724137931
NCEP-AirTemp-Africa-2000,NCEP2000_r004_c016,2,24.137928009033203,23.047103881835938,1.0908241271972656,0.047330203950569874,4,23.02893324851989,5,1.3208207024468321,-1.7973866290949985,0.896551724137931
NCEP-AirTemp-Africa-2000,NCEP2000_r004_c016,3,22.627742767333984,24.137928009033203,-1.5101852416992188,-0.06256482499798897,4,23.02893324851989,3,-1.3208207024468313,-1.7973866290949985,0.896551724137931
NCEP-AirTemp-Africa-2000,NCEP2000_r004_c016,4,18.211339950561523,22.627742767333984,-4.416402816772461,-0.19517646378533604,2,17.909084102842538,1,-3.9624621073404946,-1.7973866290949985,0.896551724137931
NCEP-AirTemp-Africa-2000,NCEP2000_r004_c016,5,13.697428703308104,18.211339950561523,-4.51391124725342,-0.24786266466429008,0,12.789234957165185,1,-3.9624621073404946,-1.7973866290949985,0.896551724137931
NCEP-AirTemp-Africa-2000,NCEP2000_r004_c016,6,11.940669059753418,13.697428703308104,-1.7567596435546857,-0.12825470251437818,0,12.789234957165185,3,-1.3208207024468313,-1.7973866290949985,0.896551724137931
NCEP-AirTemp-Africa-2000,NCEP2000_r004_c016,7,10.971940994262695,11.940669059753418,-0.9687280654907227,-0.08112845776421908,0,12.789234957165185,3,-1.3208207024468313,-1.7973866290949985,0.896551724137931
NCEP-AirTemp-Africa-2000,NCEP2000_r004_c016,8,13.793231010437012,10.971940994262695,2.8212900161743164,0.2571368199710141,0,12.789234957165185,6,2.6416414048936643,-1.7973866290949985,0.896551724137931
NCEP-AirTemp-Africa-2000,NCEP2000_r004_c016,9,12.41567611694336,13.793231010437012,-1.3775548934936523,-0.0998718061381912,0,12.789234957165185,3,-1.3208207024468313,-1.7973866290949985,0.896551724137931
NCEP-AirTemp-Africa-2000,NCEP2000_r004_c016,10,17.896129608154297,12.41567611694336,5.4804534912109375,0.44141401882511266,2,17.909084102842538,8,5.283282809787327,-1.7973866290949985,0.896551724137931
NCEP-AirTemp-Africa-2000,NCEP2000_r004_c016,11,19.631338119506836,17.896129608154297,1.735208511352539,0.09695998796085488,3,20.469008675681216,5,1.3208207024468321,-1.7973866290949985,0.896551724137931
NCEP-AirTemp-Africa-2000,NCEP2000_r004_c016,12,22.670001983642575,19.631338119506836,3.0386638641357386,0.15478638519889512,4,23.02893324851989,6,2.6416414048936643,-1.7973866290949985,0.896551724137931
NCEP-AirTemp-Africa-2000,NCEP2000_r004_c017,1,22.095481872558594,,,,4,23.02893324851989,4,,-1.7233026102000375,0.8965517241379309
NCEP-AirTemp-Africa-2000,NCEP2000_r004_c017,2,23.635169982910156,22.095481872558594,1.5396881103515625,0.06968339134815488,4,23.02893324851989,5,1.3208207024468321,-1.7233026102000375,0.8965517241379309
NCEP-AirTemp-Africa-2000,NCEP2000_r004_c017,3,22.187747955322266,23.635169982910156,-1.4474220275878906,-0.06124017845585522,4,23.02893324851989,3,-1.3208207024468313,-1.7233026102000375,0.8965517241379309
NCEP-AirTemp-Africa-2000,NCEP2000_r004_c017,4,16.668006896972656,22.187747955322266,-5.519741058349609,-0.24877428161994092,2,17.909084102842538,0,-5.283282809787327,-1.7233026102000375,0.8965517241379309
NCEP-AirTemp-Africa-2000,NCEP2000_r004_c017,5,12.988390922546388,16.668006896972656,-3.6796159744262678,-0.22075920637485347,0,12.789234957165185,1,-3.9624621073404946,-1.7233026102000375,0.8965517241379309
NCEP-AirTemp-Africa-2000,NCEP2000_r004_c017,6,10.871001243591309,12.988390922546388,-2.11738967895508,-0.1630217085073663,0,12.789234957165185,2,-2.641641404893663,-1.7233026102000375,0.8965517241379309
NCEP-AirTemp-Africa-2000,NCEP2000_r004_c017,7,9.140973091125488,10.871001243591309,-1.7300281524658203,-0.15914156513280775,0,12.789234957165185,3,-1.3208207024468313,-1.7233026102000375,0.8965517241379309
NCEP-AirTemp-Africa-2000,NCEP2000_r004_c017,8,13.96194076538086,9.140973091125488,4.820967674255371,0.5274020201345748,0,12.789234957165185,8,5.283282809787327,-1.7233026102000375,0.8965517241379309
NCEP-AirTemp-Africa-2000,NCEP2000_r004_c017,9,13.144338607788086,13.96194076538086,-0.8176021575927734,-0.05855934868453588,0,12.789234957165185,3,-1.3208207024468313,-1.7233026102000375,0.8965517241379309
NCEP-AirTemp-Africa-2000,NCEP2000_r004_c017,10,19.221296310424805,13.144338607788086,6.076957702636719,0.4623251031463912,3,20.469008675681216,8,5.283282809787327,-1.7233026102000375,0.8965517241379309
NCEP-AirTemp-Africa-2000,NCEP2000_r004_c017,11,20.188007354736328,19.221296310424805,0.9667110443115234,0.05029374859526103,3,20.469008675681216,5,1.3208207024468321,-1.7233026102000375,0.8965517241379309
NCEP-AirTemp-Africa-2000,NCEP2000_r004_c017,12,25.188709259033203,20.188007354736328,5.000701904296875,0.24770656243711223,5,25.58885782135857,8,5.283282809787327,-1.7233026102000375,0.8965517241379309
NCEP-AirTemp-Africa-2000,NCEP2000_r004_c018,1,19.22226333618164,,,,3,20.469008675681216,4,,-1.6474954346018056,0.8965517241379309
NCEP-AirTemp-Africa-2000,NCEP2000_r004_c018,2,20.473106384277344,19.22226333618164,1.2508430480957031,0.06507262054522316,3,20.469008675681216,5,1.3208207024468321,-1.6474954346018056,0.8965517241379309
NCEP-AirTemp-Africa-2000,NCEP2000_r004_c018,3,19.16710090637207,20.473106384277344,-1.3060054779052734,-0.06379127101631445,2,17.909084102842538,3,-1.3208207024468313,-1.6474954346018056,0.8965517241379309
NCEP-AirTemp-Africa-2000,NCEP2000_r004_c018,4,13.974343299865724,19.16710090637207,-5.192757606506346,-0.27092034585053093,0,12.789234957165185,0,-5.283282809787327,-1.6474954346018056,0.8965517241379309
NCEP-AirTemp-Africa-2000,NCEP2000_r004_c018,5,11.202913284301758,13.974343299865724,-2.7714300155639666,-0.1983227373260965,0,12.789234957165185,2,-2.641641404893663,-1.6474954346018056,0.8965517241379309
NCEP-AirTemp-Africa-2000,NCEP2000_r004_c018,6,9.504008293151855,11.202913284301758,-1.6989049911499023,-0.15164849963897492,0,12.789234957165185,3,-1.3208207024468313,-1.6474954346018056,0.8965517241379309
NCEP-AirTemp-Africa-2000,NCEP2000_r004_c018,7,7.5461344718933105,9.504008293151855,-1.957873821258545,-0.2060050623766077,0,12.789234957165185,3,-1.3208207024468313,-1.6474954346018056,0.8965517241379309
NCEP-AirTemp-Africa-2000,NCEP2000_r004_c018,8,13.111937522888184,7.5461344718933105,5.565803050994873,0.7375700859460598,0,12.789234957165185,8,5.283282809787327,-1.6474954346018056,0.8965517241379309
NCEP-AirTemp-Africa-2000,NCEP2000_r004_c018,9,13.338004112243652,13.111937522888184,0.22606658935546875,0.017241280242591698,0,12.789234957165185,4,4.440892098500626e-16,-1.6474954346018056,0.8965517241379309
NCEP-AirTemp-Africa-2000,NCEP2000_r004_c018,10,19.036130905151367,13.338004112243652,5.698126792907715,0.4272098542597618,2,17.909084102842538,8,5.283282809787327,-1.6474954346018056,0.8965517241379309
NCEP-AirTemp-Africa-2000,NCEP2000_r004_c018,11,18.37267303466797,19.036130905151367,-0.6634578704833984,-0.03485255873628501,2,17.909084102842538,3,-1.3208207024468313,-1.6474954346018056,0.8965517241379309
NCEP-AirTemp-Africa-2000,NCEP2000_r004_c018,12,23.23419189453125,18.37267303466797,4.861518859863281,0.26460596401459546,4,23.02893324851989,8,5.283282809787327,-1.6474954346018056,0.8965517241379309
NCEP-AirTemp-Africa-2000,NCEP2000_r004_c019,1,16.361295700073242,,,,1,15.349159530003863,4,,-1.5707963267948966,0.896551724137931
NCEP-AirTemp-Africa-2000,NCEP2000_r004_c019,2,17.466903686523438,16.361295700073242,1.1056079864501953,0.0675745984130857,2,17.909084102842538,5,1.3208207024468321,-1.5707963267948966,0.896551724137931
NCEP-AirTemp-Africa-2000,NCEP2000_r004_c019,3,16.51484489440918,17.466903686523438,-0.9520587921142578,-0.05450644311096862,1,15.349159530003863,3,-1.3208207024468313,-1.5707963267948966,0.896551724137931
NCEP-AirTemp-Africa-2000,NCEP2000_r004_c019,4,12.259005546569824,16.51484489440918,-4.2558393478393555,-0.2576978091559369,0,12.789234957165185,1,-3.9624621073404946,-1.5707963267948966,0.896551724137931
NCEP-AirTemp-Africa-2000,NCEP2000_r004_c019,5,9.282586097717283,12.259005546569824,-2.976419448852541,-0.24279452664782983,0,12.789234957165185,2,-2.641641404893663,-1.5707963267948966,0.896551724137931
NCEP-AirTemp-Africa-2000,NCEP2000_r004_c019,6,8.444336891174316,9.282586097717283,-0.838249206542967,-0.09030341304877355,0,12.789234957165185,3,-1.3208207024468313,-1.5707963267948966,0.896551724137931
NCEP-AirTemp-Africa-2000,NCEP2000_r004_c019,7,7.068068504333496,8.444336891174316,-1.3762683868408203,-0.16298122689529845,0,12.789234957165185,3,-1.3208207024468313,-1.5707963267948966,0.896551724137931
NCEP-AirTemp-Africa-2000,NCEP2000_r004_c019,8,11.598712921142578,7.068068504333496,4.530644416809082,0.6410017692996755,0,12.789234957165185,7,3.962462107340496,-1.5707963267948966,0.896551724137931
NCEP-AirTemp-Africa-2000,NCEP2000_r004_c019,9,12.611672401428224,11.598712921142578,1.0129594802856463,0.0873337832544493,0,12.789234957165185,5,1.3208207024468321,-1.5707963267948966,0.896551724137931
NCEP-AirTemp-Africa-2000,NCEP2000_r004_c019,10,16.743881225585938,12.611672401428224,4.132208824157713,0.32764955294031867,2,17.909084102842538,7,3.962462107340496,-1.5707963267948966,0.896551724137931
NCEP-AirTemp-Africa-2000,NCEP2000_r004_c019,11,15.416671752929688,16.743881225585938,-1.32720947265625,-0.07926534205391829,1,15.349159530003863,3,-1.3208207024468313,-1.5707963267948966,0.896551724137931
NCEP-AirTemp-Africa-2000,NCEP2000_r004_c019,12,18.828716278076172,15.416671752929688,3.4120445251464844,0.22132173401811456,2,17.909084102842538,7,3.962462107340496,-1.5707963267948966,0.896551724137931
NCEP-AirTemp-Africa-2000,NCEP2000_r004_c020,1,18.221940994262695,,,,2,17.909084102842538,4,,-1.4940972189879875,0.9629629629629628
NCEP-AirTemp-Africa-2000,NCEP2000_r004_c020,2,19.379661560058594,18.221940994262695,1.1577205657958984,0.06353442622607629,3,20.469008675681216,5,1.3208207024468321,-1.4940972189879875,0.9629629629629628
NCEP-AirTemp-Africa-2000,NCEP2000_r004_c020,3,19.263229370117188,19.379661560058594,-0.11643218994140625,-0.006007957857291612,3,20.469008675681216,4,4.440892098500626e-16,-1.4940972189879875,0.9629629629629628
NCEP-AirTemp-Africa-2000,NCEP2000_r004_c020,4,16.149005889892578,19.263229370117188,-3.1142234802246094,-0.16166673927766578,1,15.349159530003863,2,-2.641641404893663,-1.4940972189879875,0.9629629629629628
NCEP-AirTemp-Africa-2000,NCEP2000_r004_c020,5,13.505170822143556,16.149005889892578,-2.6438350677490217,-0.16371503520249248,0,12.789234957165185,2,-2.641641404893663,-1.4940972189879875,0.9629629629629628
NCEP-AirTemp-Africa-2000,NCEP2000_r004_c020,6,13.675338745117188,13.505170822143556,0.17016792297363104,0.012600205152134595,0,12.789234957165185,4,4.440892098500626e-16,-1.4940972189879875,0.9629629629629628
NCEP-AirTemp-Africa-2000,NCEP2000_r004_c020,7,12.755491256713867,13.675338745117188,-0.9198474884033203,-0.0672632324176799,0,12.789234957165185,3,-1.3208207024468313,-1.4940972189879875,0.9629629629629628
NCEP-AirTemp-Africa-2000,NCEP2000_r004_c020,8,14.900005340576172,12.755491256713867,2.1445140838623047,0.1681247739269577,1,15.349159530003863,6,2.6416414048936643,-1.4940972189879875,0.9629629629629628
NCEP-AirTemp-Africa-2000,NCEP2000_r004_c020,9,15.647672653198242,14.900005340576172,0.7476673126220703,0.050178996284383784,1,15.349159530003863,5,1.3208207024468321,-1.4940972189879875,0.9629629629629628
NCEP-AirTemp-Africa-2000,NCEP2000_r004_c020,10,17.154199600219727,15.647672653198242,1.5065269470214844,0.0962780204066682,2,17.909084102842538,5,1.3208207024468321,-1.4940972189879875,0.9629629629629628
NCEP-AirTemp-Africa-2000,NCEP2000_r004_c020,11,16.714675903320312,17.154199600219727,-0.43952369689941406,-0.025621929739804605,2,17.909084102842538,4,4.440892098500626e-16,-1.4940972189879875,0.9629629629629628
NCEP-AirTemp-Africa-2000,NCEP2000_r004_c020,12,18.942583084106445,16.714675903320312,2.227907180786133,0.1332904803941527,2,17.909084102842538,6,2.6416414048936643,-1.4940972189879875,0.9629629629629628
NCEP-AirTemp-Africa-2000,NCEP2000_r005_c015,1,22.366775512695312,,,,4,23.02893324851989,4,,-1.8922613204948069,0.8888888888888891
NCEP-AirTemp-Africa-2000,NCEP2000_r005_c015,2,22.3662109375,22.366775512695312,-0.0005645751953125,-2.5241689173839512e-05,4,23.02893324851989,4,4.440892098500626e-16,-1.8922613204948069,0.8888888888888891
NCEP-AirTemp-Africa-2000,NCEP2000_r005_c015,3,21.702903747558594,22.3662109375,-0.6633071899414062,-0.029656663428371827,3,20.469008675681216,3,-1.3208207024468313,-1.8922613204948069,0.8888888888888891
NCEP-AirTemp-Africa-2000,NCEP2000_r005_c015,4,18.95899772644043,21.702903747558594,-2.743906021118164,-0.126430364021074,2,17.909084102842538,2,-2.641641404893663,-1.8922613204948069,0.8888888888888891
NCEP-AirTemp-Africa-2000,NCEP2000_r005_c015,5,14.650006294250488,18.95899772644043,-4.308991432189941,-0.22727949516975646,1,15.349159530003863,1,-3.9624621073404946,-1.8922613204948069,0.8888888888888891
NCEP-AirTemp-Africa-2000,NCEP2000_r005_c015,6,13.619671821594238,14.650006294250488,-1.03033447265625,-0.07032996791684745,0,12.789234957165185,3,-1.3208207024468313,-1.8922613204948069,0.8888888888888891
NCEP-AirTemp-Africa-2000,NCEP2000_r005_c015,7,13.016782760620115,13.619671821594238,-0.6028890609741229,-0.04426604905547219,0,12.789234957165185,4,4.440892098500626e-16,-1.8922613204948069,0.8888888888888891
NCEP-AirTemp-Africa-2000,NCEP2000_r005_c015,8,15.028717041015623,13.016782760620115,2.011934280395508,0.1545646353169729,1,15.349159530003863,6,2.6416414048936643,-1.8922613204948069,0.8888888888888891
NCEP-AirTemp-Africa-2000,NCEP2000_r005_c015,9,13.79800796508789,15.028717041015623,-1.2307090759277326,-0.08189049488182809,0,12.789234957165185,3,-1.3208207024468313,-1.8922613204948069,0.8888888888888891
NCEP-AirTemp-Africa-2000,NCEP2000_r005_c015,10,17.944517135620117,13.79800796508789,4.146509170532227,0.30051505847973425,2,17.909084102842538,7,3.962462107340496,-1.8922613204948069,0.8888888888888891
NCEP-AirTemp-Africa-2000,NCEP2000_r005_c015,11,18.520008087158203,17.944517135620117,0.5754909515380859,0.03207057326695787,2,17.909084102842538,4,4.440892098500626e-16,-1.8922613204948069,0.8888888888888891
NCEP-AirTemp-Africa-2000,NCEP2000_r005_c015,12,20.56452178955078,18.520008087158203,2.044513702392578,0.11039486013023107,3,20.469008675681216,6,2.6416414048936643,-1.8922613204948069,0.8888888888888891
NCEP-AirTemp-Africa-2000,NCEP2000_r005_c016,1,23.564512252807617,,,,4,23.02893324851989,4,,-1.8155510295235495,0.8571428571428578
NCEP-AirTemp-Africa-2000,NCEP2000_r005_c016,2,25.44275665283203,23.564512252807617,1.878244400024414,0.07970648320126501,5,25.58885782135857,5,1.3208207024468321,-1.8155510295235495,0.8571428571428578
NCEP-AirTemp-Africa-2000,NCEP2000_r005_c016,3,24.211933135986328,25.44275665283203,-1.2308235168457031,-0.048376185554119204,4,23.02893324851989,3,-1.3208207024468313,-1.8155510295235495,0.8571428571428578
NCEP-AirTemp-Africa-2000,NCEP2000_r005_c016,4,20.059001922607425,24.211933135986328,-4.152931213378903,-0.17152414844589087,3,20.469008675681216,1,-3.9624621073404946,-1.8155510295235495,0.8571428571428578
NCEP-AirTemp-Africa-2000,NCEP2000_r005_c016,5,15.54742431640625,20.059001922607425,-4.511577606201175,-0.22491535838163604,1,15.349159530003863,1,-3.9624621073404946,-1.8155510295235495,0.8571428571428578
NCEP-AirTemp-Africa-2000,NCEP2000_r005_c016,6,13.111006736755373,15.54742431640625,-2.436417579650877,-0.15670875960334305,0,12.789234957165185,2,-2.641641404893663,-1.8155510295235495,0.8571428571428578
NCEP-AirTemp-Africa-2000,NCEP2000_r005_c016,7,11.649035453796388,13.111006736755373,-1.4619712829589844,-0.11150717197486419,0,12.789234957165185,3,-1.3208207024468313,-1.8155510295235495,0.8571428571428578
NCEP-AirTemp-Africa-2000,NCEP2000_r005_c016,8,15.7554931640625,11.649035453796388,4.1064577102661115,0.3525148263608236,1,15.349159530003863,7,3.962462107340496,-1.8155510295235495,0.8571428571428578
NCEP-AirTemp-Africa-2000,NCEP2000_r005_c016,9,14.812005996704102,15.7554931640625,-0.9434871673583984,-0.05988306157946525,1,15.349159530003863,3,-1.3208207024468313,-1.8155510295235495,0.8571428571428578
NCEP-AirTemp-Africa-2000,NCEP2000_r005_c016,10,21.395488739013672,14.812005996704102,6.58348274230957,0.4444693543720207,3,20.469008675681216,8,5.283282809787327,-1.8155510295235495,0.8571428571428578
NCEP-AirTemp-Africa-2000,NCEP2000_r005_c016,11,21.26166725158691,21.395488739013672,-0.13382148742676137,-0.006254659057296698,3,20.469008675681216,4,4.440892098500626e-16,-1.8155510295235495,0.8571428571428578
NCEP-AirTemp-Africa-2000,NCEP2000_r005_c016,12,25.466772079467773,21.26166725158691,4.205104827880863,0.1977786961917112,5,25.58885782135857,7,3.962462107340496,-1.8155510295235495,0.8571428571428578
NCEP-AirTemp-Africa-2000,NCEP2000_r005_c017,1,24.05451774597168,,,,4,23.02893324851989,4,,-1.7357906577941966,0.8275862068965517
NCEP-AirTemp-Africa-2000,NCEP2000_r005_c017,2,26.47138214111328,24.05451774597168,2.4168643951416016,0.10047444811261472,5,25.58885782135857,6,2.6416414048936643,-1.7357906577941966,0.8275862068965517
NCEP-AirTemp-Africa-2000,NCEP2000_r005_c017,3,24.83902931213379,26.47138214111328,-1.6323528289794922,-0.06166481297719054,5,25.58885782135857,3,-1.3208207024468313,-1.7357906577941966,0.8275862068965517
NCEP-AirTemp-Africa-2000,NCEP2000_r005_c017,4,20.019670486450195,24.83902931213379,-4.819358825683594,-0.19402363776467513,3,20.469008675681216,0,-5.283282809787327,-1.7357906577941966,0.8275862068965517
NCEP-AirTemp-Africa-2000,NCEP2000_r005_c017,5,16.942588806152344,20.019670486450195,-3.0770816802978516,-0.15370291346106302,2,17.909084102842538,2,-2.641641404893663,-1.7357906577941966,0.8275862068965517
NCEP-AirTemp-Africa-2000,NCEP2000_r005_c017,6,14.63534164428711,16.942588806152344,-2.3072471618652344,-0.13618031980020706,1,15.349159530003863,2,-2.641641404893663,-1.7357906577941966,0.8275862068965517
NCEP-AirTemp-Africa-2000,NCEP2000_r005_c017,7,12.470327377319336,14.63534164428711,-2.1650142669677734,-0.1479305587521344,0,12.789234957165185,2,-2.641641404893663,-1.7357906577941966,0.8275862068965517
NCEP-AirTemp-Africa-2000,NCEP2000_r005_c017,8,17.881938934326172,12.470327377319336,5.411611557006836,0.43395906083823554,2,17.909084102842538,8,5.283282809787327,-1.7357906577941966,0.8275862068965517
NCEP-AirTemp-Africa-2000,NCEP2000_r005_c017,9,17.49001121520996,17.881938934326172,-0.39192771911621094,-0.021917518036249774,2,17.909084102842538,4,4.440892098500626e-16,-1.7357906577941966,0.8275862068965517
NCEP-AirTemp-Africa-2000,NCEP2000_r005_c017,10,24.07709693908691,17.49001121520996,6.58708572387695,0.37661986849662943,4,23.02893324851989,8,5.283282809787327,-1.7357906577941966,0.8275862068965517
NCEP-AirTemp-Africa-2000,NCEP2000_r005_c017,11,23.39099884033203,24.07709693908691,-0.6860980987548793,-0.028495881396775176,4,23.02893324851989,3,-1.3208207024468313,-1.7357906577941966,0.8275862068965517
NCEP-AirTemp-Africa-2000,NCEP2000_r005_c017,12,28.032251358032227,23.39099884033203,4.641252517700195,0.19842045007917727,6,28.148782394197248,8,5.283282809787327,-1.7357906577941966,0.8275862068965517
NCEP-AirTemp-Africa-2000,NCEP2000_r005_c018,1,21.377098083496097,,,,3,20.469008675681216,4,,-1.6538587902973785,0.8275862068965518
NCEP-AirTemp-Africa-2000,NCEP2000_r005_c018,2,23.18379783630371,21.377098083496097,1.8066997528076136,0.08451566932756191,4,23.02893324851989,5,1.3208207024468321,-1.6538587902973785,0.8275862068965518
NCEP-AirTemp-Africa-2000,NCEP2000_r005_c018,3,21.51290512084961,23.18379783630371,-1.6708927154541016,-0.07207157029456304,3,20.469008675681216,3,-1.3208207024468313,-1.6538587902973785,0.8275862068965518
NCEP-AirTemp-Africa-2000,NCEP2000_r005_c018,4,17.200674057006836,21.51290512084961,-4.312231063842773,-0.20044856980582781,2,17.909084102842538,1,-3.9624621073404946,-1.6538587902973785,0.8275862068965518
NCEP-AirTemp-Africa-2000,NCEP2000_r005_c018,5,14.624847412109377,17.200674057006836,-2.575826644897459,-0.14975149441007954,1,15.349159530003863,2,-2.641641404893663,-1.6538587902973785,0.8275862068965518
NCEP-AirTemp-Africa-2000,NCEP2000_r005_c018,6,12.908342361450195,14.624847412109377,-1.7165050506591815,-0.11736909126572595,0,12.789234957165185,3,-1.3208207024468313,-1.6538587902973785,0.8275862068965518
NCEP-AirTemp-Africa-2000,NCEP2000_r005_c018,7,11.04645538330078,12.908342361450195,-1.8618869781494158,-0.14423904526345713,0,12.789234957165185,3,-1.3208207024468313,-1.6538587902973785,0.8275862068965518
NCEP-AirTemp-Africa-2000,NCEP2000_r005_c018,8,16.736135482788086,11.04645538330078,5.6896800994873065,0.5150683999582841,2,17.909084102842538,8,5.283282809787327,-1.6538587902973785,0.8275862068965518
NCEP-AirTemp-Africa-2000,NCEP2000_r005_c018,9,17.22867202758789,16.736135482788086,0.4925365447998047,0.029429526625566766,2,17.909084102842538,4,4.440892098500626e-16,-1.6538587902973785,0.8275862068965518
NCEP-AirTemp-Africa-2000,NCEP2000_r005_c018,10,23.047422409057617,17.22867202758789,5.818750381469727,0.33773644144785453,4,23.02893324851989,8,5.283282809787327,-1.6538587902973785,0.8275862068965518
NCEP-AirTemp-Africa-2000,NCEP2000_r005_c018,11,21.61333656311035,23.047422409057617,-1.4340858459472656,-0.062223263864147824,3,20.469008675681216,3,-1.3208207024468313,-1.6538587902973785,0.8275862068965518
NCEP-AirTemp-Africa-2000,NCEP2000_r005_c018,12,24.7138729095459,21.61333656311035,3.100536346435547,0.1434547755910831,5,25.58885782135857,6,2.6416414048936643,-1.6538587902973785,0.8275862068965518
NCEP-AirTemp-Africa-2000,NCEP2000_r005_c019,1,16.777746200561523,,,,2,17.909084102842538,4,,-1.5707963267948966,0.8275862068965517
NCEP-AirTemp-Africa-2000,NCEP2000_r005_c019,2,17.955175399780273,16.777746200561523,1.17742919921875,0.07017803137225567,2,17.909084102842538,5,1.3208207024468321,-1.5707963267948966,0.8275862068965517
NCEP-AirTemp-Africa-2000,NCEP2000_r005_c019,3,16.842588424682617,17.955175399780273,-1.1125869750976562,-0.061964695433232665,2,17.909084102842538,3,-1.3208207024468313,-1.5707963267948966,0.8275862068965517
NCEP-AirTemp-Africa-2000,NCEP2000_r005_c019,4,12.91100788116455,16.842588424682617,-3.9315805435180664,-0.23343089817218243,0,12.789234957165185,1,-3.9624621073404946,-1.5707963267948966,0.8275862068965517
NCEP-AirTemp-Africa-2000,NCEP2000_r005_c019,5,9.941617965698242,12.91100788116455,-2.9693899154663086,-0.22998900959531246,0,12.789234957165185,2,-2.641641404893663,-1.5707963267948966,0.8275862068965517
NCEP-AirTemp-Africa-2000,NCEP2000_r005_c019,6,8.997334480285645,9.941617965698242,-0.9442834854125977,-0.09498287790485184,0,12.789234957165185,3,-1.3208207024468313,-1.5707963267948966,0.8275862068965517
NCEP-AirTemp-Africa-2000,NCEP2000_r005_c019,7,7.650004863739014,8.997334480285645,-1.3473296165466309,-0.14974764131519275,0,12.789234957165185,3,-1.3208207024468313,-1.5707963267948966,0.8275862068965517
NCEP-AirTemp-Africa-2000,NCEP2000_r005_c019,8,12.535490036010742,7.650004863739014,4.8854851722717285,0.6386251066883506,0,12.789234957165185,8,5.283282809787327,-1.5707963267948966,0.8275862068965517
NCEP-AirTemp-Africa-2000,NCEP2000_r005_c019,9,14.282010078430176,12.535490036010742,1.7465200424194336,0.13932602853196802,1,15.349159530003863,5,1.3208207024468321,-1.5707963267948966,0.8275862068965517
NCEP-AirTemp-Africa-2000,NCEP2000_r005_c019,10,18.74580764770508,14.282010078430176,4.463797569274906,0.3125468715371156,2,17.909084102842538,7,3.962462107340496,-1.5707963267948966,0.8275862068965517
NCEP-AirTemp-Africa-2000,NCEP2000_r005_c019,11,16.72134017944336,18.74580764770508,-2.0244674682617223,-0.10799574530519435,2,17.909084102842538,2,-2.641641404893663,-1.5707963267948966,0.8275862068965517
NCEP-AirTemp-Africa-2000,NCEP2000_r005_c019,12,18.76968002319336,16.72134017944336,2.04833984375,0.12249854507883037,2,17.909084102842538,6,2.6416414048936643,-1.5707963267948966,0.8275862068965517
NCEP-AirTemp-Africa-2000,NCEP2000_r005_c020,1,17.01871681213379,,,,2,17.909084102842538,4,,-1.4877338632924149,0.8888888888888888
NCEP-AirTemp-Africa-2000,NCEP2000_r005_c020,2,17.880006790161133,17.01871681213379,0.8612899780273438,0.0506083970686481,2,17.909084102842538,5,1.3208207024468321,-1.4877338632924149,0.8888888888888888
NCEP-AirTemp-Africa-2000,NCEP2000_r005_c020,3,17.65968132019043,17.880006790161133,-0.22032546997070312,-0.012322448898170557,2,17.909084102842538,4,4.440892098500626e-16,-1.4877338632924149,0.8888888888888888
NCEP-AirTemp-Africa-2000,NCEP2000_r005_c020,4,14.091008186340332,17.65968132019043,-3.5686731338500977,-0.2020802679927191,1,15.349159530003863,1,-3.9624621073404946,-1.4877338632924149,0.8888888888888888
NCEP-AirTemp-Africa-2000,NCEP2000_r005_c020,5,11.365489959716797,14.091008186340332,-2.725518226623535,-0.19342251388836906,0,12.789234957165185,2,-2.641641404893663,-1.4877338632924149,0.8888888888888888
NCEP-AirTemp-Africa-2000,NCEP2000_r005_c020,6,11.31600570678711,11.365489959716797,-0.0494842529296875,-0.004353904064415762,0,12.789234957165185,4,4.440892098500626e-16,-1.4877338632924149,0.8888888888888888
NCEP-AirTemp-Africa-2000,NCEP2000_r005_c020,7,10.126134872436523,11.31600570678711,-1.189870834350586,-0.1051493667625959,0,12.789234957165185,3,-1.3208207024468313,-1.4877338632924149,0.8888888888888888
NCEP-AirTemp-Africa-2000,NCEP2000_r005_c020,8,13.216134071350098,10.126134872436523,3.089999198913574,0.30515090287061,0,12.789234957165185,6,2.6416414048936643,-1.4877338632924149,0.8888888888888888
NCEP-AirTemp-Africa-2000,NCEP2000_r005_c020,9,15.416008949279783,13.216134071350098,2.1998748779296857,0.1664537349616155,1,15.349159530003863,6,2.6416414048936643,-1.4877338632924149,0.8888888888888888
NCEP-AirTemp-Africa-2000,NCEP2000_r005_c020,10,17.515810012817383,15.416008949279783,2.0998010635375994,0.13620912328516127,2,17.909084102842538,6,2.6416414048936643,-1.4877338632924149,0.8888888888888888
NCEP-AirTemp-Africa-2000,NCEP2000_r005_c020,11,16.0570068359375,17.515810012817383,-1.4588031768798828,-0.08328493948109666,1,15.349159530003863,3,-1.3208207024468313,-1.4877338632924149,0.8888888888888888
NCEP-AirTemp-Africa-2000,NCEP2000_r005_c020,12,18.39290428161621,16.0570068359375,2.335897445678711,0.14547527254274398,2,17.909084102842538,6,2.6416414048936643,-1.4877338632924149,0.8888888888888888
NCEP-AirTemp-Africa-2000,NCEP2000_r005_c021,1,22.463876724243164,,,,4,23.02893324851989,4,,-1.4058019957955965,0.96
NCEP-AirTemp-Africa-2000,NCEP2000_r005_c021,2,23.57172966003418,22.463876724243164,1.1078529357910156,0.04931708579914942,4,23.02893324851989,5,1.3208207024468321,-1.4058019957955965,0.96
NCEP-AirTemp-Africa-2000,NCEP2000_r005_c021,3,23.62387466430664,23.57172966003418,0.05214500427246094,0.002212184045232484,4,23.02893324851989,4,4.440892098500626e-16,-1.4058019957955965,0.96
NCEP-AirTemp-Africa-2000,NCEP2000_r005_c021,4,20.924001693725582,23.62387466430664,-2.6998729705810582,-0.11428578118306315,3,20.469008675681216,2,-2.641641404893663,-1.4058019957955965,0.96
NCEP-AirTemp-Africa-2000,NCEP2000_r005_c021,5,18.905162811279297,20.924001693725582,-2.0188388824462855,-0.09648435858479541,2,17.909084102842538,2,-2.641641404893663,-1.4058019957955965,0.96
NCEP-AirTemp-Africa-2000,NCEP2000_r005_c021,6,19.014333724975582,18.905162811279297,0.10917091369628551,0.005774661386737775,2,17.909084102842538,4,4.440892098500626e-16,-1.4058019957955965,0.96
NCEP-AirTemp-Africa-2000,NCEP2000_r005_c021,7,17.822586059570312,19.014333724975582,-1.1917476654052699,-0.06267627794077756,2,17.909084102842538,3,-1.3208207024468313,-1.4058019957955965,0.96
NCEP-AirTemp-Africa-2000,NCEP2000_r005_c021,8,18.650968551635746,17.822586059570312,0.8283824920654332,0.04647936552510634,2,17.909084102842538,5,1.3208207024468321,-1.4058019957955965,0.96
NCEP-AirTemp-Africa-2000,NCEP2000_r005_c021,9,19.88933753967285,18.650968551635746,1.2383689880371058,0.0663970337309103,3,20.469008675681216,5,1.3208207024468321,-1.4058019957955965,0.96
NCEP-AirTemp-Africa-2000,NCEP2000_r005_c021,10,20.320322036743164,19.88933753967285,0.4309844970703125,0.021669122775488957,3,20.469008675681216,4,4.440892098500626e-16,-1.4058019957955965,0.96
NCEP-AirTemp-Africa-2000,NCEP2000_r005_c021,11,20.820337295532227,20.320322036743164,0.5000152587890625,0.024606660164387943,3,20.469008675681216,4,4.440892098500626e-16,-1.4058019957955965,0.96
NCEP-AirTemp-Africa-2000,NCEP2000_r005_c021,12,22.852582931518555,20.820337295532227,2.032245635986328,0.09760867977976619,4,23.02893324851989,6,2.6416414048936643,-1.4058019957955965,0.96
NCEP-AirTemp-Africa-2000,NCEP2000_r006_c014,1,23.615489959716797,,,,4,23.02893324851989,4,,-1.9970652148288373,0.9565217391304348
NCEP-AirTemp-Africa-2000,NCEP2000_r006_c014,2,23.702068328857425,23.615489959716797,0.08657836914062855,0.0036661686582964642,4,23.02893324851989,4,4.440892098500626e-16,-1.9970652148288373,0.9565217391304348
NCEP-AirTemp-Africa-2000,NCEP2000_r006_c014,3,22.678068161010746,23.702068328857425,-1.0240001678466797,-0.04320298775782165,4,23.02893324851989,3,-1.3208207024468313,-1.9970652148288373,0.9565217391304348
NCEP-AirTemp-Africa-2000,NCEP2000_r006_c014,4,20.26167106628418,22.678068161010746,-2.416397094726566,-0.10655215768691247,3,20.469008675681216,2,-2.641641404893663,-1.9970652148288373,0.9565217391304348
NCEP-AirTemp-Africa-2000,NCEP2000_r006_c014,5,16.818397521972656,20.26167106628418,-3.4432735443115234,-0.1699402548312611,2,17.909084102842538,1,-3.9624621073404946,-1.9970652148288373,0.9565217391304348
NCEP-AirTemp-Africa-2000,NCEP2000_r006_c014,6,16.90367889404297,16.818397521972656,0.0852813720703125,0.005070719250088799,2,17.909084102842538,4,4.440892098500626e-16,-1.9970652148288373,0.9565217391304348
NCEP-AirTemp-Africa-2000,NCEP2000_r006_c014,7,16.446781158447266,16.90367889404297,-0.4568977355957031,-0.02702948502865365,1,15.349159530003863,4,4.440892098500626e-16,-1.9970652148288373,0.9565217391304348
NCEP-AirTemp-Africa-2000,NCEP2000_r006_c014,8,17.52000617980957,16.446781158447266,1.0732250213623047,0.06525441124454212,2,17.909084102842538,5,1.3208207024468321,-1.9970652148288373,0.9565217391304348
NCEP-AirTemp-Africa-2000,NCEP2000_r006_c014,9,17.171342849731445,17.52000617980957,-0.348663330078125,-0.019900867984848778,2,17.909084102842538,4,4.440892098500626e-16,-1.9970652148288373,0.9565217391304348
NCEP-AirTemp-Africa-2000,NCEP2000_r006_c014,10,19.448389053344727,17.171342849731445,2.2770462036132812,0.13260734606139982,3,20.469008675681216,6,2.6416414048936643,-1.9970652148288373,0.9565217391304348
NCEP-AirTemp-Africa-2000,NCEP2000_r006_c014,11,19.601667404174805,19.448389053344727,0.15327835083007812,0.007881287771941059,3,20.469008675681216,4,4.440892098500626e-16,-1.9970652148288373,0.9565217391304348
NCEP-AirTemp-Africa-2000,NCEP2000_r006_c014,12,21.94386863708496,19.601667404174805,2.3422012329101562,0.11948989770183067,4,23.02893324851989,6,2.6416414048936643,-1.9970652148288373,0.9565217391304348
NCEP-AirTemp-Africa-2000,NCEP2000_r006_c015,1,23.25613021850586,,,,4,23.02893324851989,4,,-1.9192616157462852,0.888888888888889
NCEP-AirTemp-Africa-2000,NCEP2000_r006_c015,2,24.209659576416016,23.25613021850586,0.9535293579101562,0.041001204798526356,4,23.02893324851989,5,1.3208207024468321,-1.9192616157462852,0.888888888888889
NCEP-AirTemp-Africa-2000,NCEP2000_r006_c015,3,23.21225929260254,24.209659576416016,-0.9974002838134766,-0.0411984431530421,4,23.02893324851989,3,-1.3208207024468313,-1.9192616157462852,0.888888888888889
NCEP-AirTemp-Africa-2000,NCEP2000_r006_c015,4,19.95900535583496,23.21225929260254,-3.253253936767578,-0.14015240376900107,3,20.469008675681216,2,-2.641641404893663,-1.9192616157462852,0.888888888888889
NCEP-AirTemp-Africa-2000,NCEP2000_r006_c015,5,14.78968334197998,19.95900535583496,-5.1693220138549805,-0.2589969751345221,1,15.349159530003863,0,-5.283282809787327,-1.9192616157462852,0.888888888888889
NCEP-AirTemp-Africa-2000,NCEP2000_r006_c015,6,13.457006454467772,14.78968334197998,-1.3326768875122088,-0.09010854774215846,0,12.789234957165185,3,-1.3208207024468313,-1.9192616157462852,0.888888888888889
NCEP-AirTemp-Africa-2000,NCEP2000_r006_c015,7,12.387744903564451,13.457006454467772,-1.0692615509033203,-0.07945760853434991,0,12.789234957165185,3,-1.3208207024468313,-1.9192616157462852,0.888888888888889
NCEP-AirTemp-Africa-2000,NCEP2000_r006_c015,8,15.64291286468506,12.387744903564451,3.255167961120609,0.2627732477913689,1,15.349159530003863,6,2.6416414048936643,-1.9192616157462852,0.888888888888889
NCEP-AirTemp-Africa-2000,NCEP2000_r006_c015,9,16.51200294494629,15.64291286468506,0.8690900802612287,0.05555807206618523,1,15.349159530003863,5,1.3208207024468321,-1.9192616157462852,0.888888888888889
NCEP-AirTemp-Africa-2000,NCEP2000_r006_c015,10,22.027097702026367,16.51200294494629,5.515094757080078,0.3340051946131734,4,23.02893324851989,8,5.283282809787327,-1.9192616157462852,0.888888888888889
NCEP-AirTemp-Africa-2000,NCEP2000_r006_c015,11,21.08199882507324,22.027097702026367,-0.9450988769531286,-0.04290619171613266,3,20.469008675681216,3,-1.3208207024468313,-1.9192616157462852,0.888888888888889
NCEP-AirTemp-Africa-2000,NCEP2000_r006_c015,12,25.0848388671875,21.08199882507324,4.002840042114261,0.1898700438856682,5,25.58885782135857,7,3.962462107340496,-1.9192616157462852,0.888888888888889
NCEP-AirTemp-Africa-2000,NCEP2000_r006_c016,1,22.75967788696289,,,,4,23.02893324851989,4,,-1.836806754738775,0.8148148148148148
NCEP-AirTemp-Africa-2000,NCEP2000_r006_c016,2,24.54793357849121,22.75967788696289,1.7882556915283203,0.07857122145619916,5,25.58885782135857,5,1.3208207024468321,-1.836806754738775,0.8148148148148148
NCEP-AirTemp-Africa-2000,NCEP2000_r006_c016,3,23.671613693237305,24.54793357849121,-0.8763198852539062,-0.035698315805356984,4,23.02893324851989,3,-1.3208207024468313,-1.836806754738775,0.8148148148148148
NCEP-AirTemp-Africa-2000,NCEP2000_r006_c016,4,20.052669525146484,23.671613693237305,-3.6189441680908203,-0.15288117721880148,3,20.469008675681216,1,-3.9624621073404946,-1.836806754738775,0.8148148148148148
NCEP-AirTemp-Africa-2000,NCEP2000_r006_c016,5,15.827427864074709,20.052669525146484,-4.225241661071776,-0.2107071906697126,1,15.349159530003863,1,-3.9624621073404946,-1.836806754738775,0.8148148148148148
NCEP-AirTemp-Africa-2000,NCEP2000_r006_c016,6,13.949005126953123,15.827427864074709,-1.8784227371215856,-0.11868149096956257,0,12.789234957165185,3,-1.3208207024468313,-1.836806754738775,0.8148148148148148
NCEP-AirTemp-Africa-2000,NCEP2000_r006_c016,7,11.82097339630127,13.949005126953123,-2.1280317306518537,-0.15255795745174258,0,12.789234957165185,2,-2.641641404893663,-1.836806754738775,0.8148148148148148
NCEP-AirTemp-Africa-2000,NCEP2000_r006_c016,8,16.223554611206055,11.82097339630127,4.402581214904785,0.37243812901925094,1,15.349159530003863,7,3.962462107340496,-1.836806754738775,0.8148148148148148
NCEP-AirTemp-Africa-2000,NCEP2000_r006_c016,9,18.12900161743164,16.223554611206055,1.905447006225586,0.11744941548811019,2,17.909084102842538,5,1.3208207024468321,-1.836806754738775,0.8148148148148148
NCEP-AirTemp-Africa-2000,NCEP2000_r006_c016,10,24.86128616333008,18.12900161743164,6.732284545898441,0.3713544015256265,5,25.58885782135857,8,5.283282809787327,-1.836806754738775,0.8148148148148148
NCEP-AirTemp-Africa-2000,NCEP2000_r006_c016,11,23.26266860961914,24.86128616333008,-1.598617553710941,-0.06430148236131368,4,23.02893324851989,3,-1.3208207024468313,-1.836806754738775,0.8148148148148148
NCEP-AirTemp-Africa-2000,NCEP2000_r006_c016,12,27.046125411987305,23.26266860961914,3.783456802368164,0.162640704119548,6,28.148782394197248,7,3.962462107340496,-1.836806754738775,0.8148148148148148
NCEP-AirTemp-Africa-2000,NCEP2000_r006_c017,1,22.792583465576172,,,,4,23.02893324851989,4,,-1.7504823084852652,0.7586206896551725
NCEP-AirTemp-Africa-2000,NCEP2000_r006_c017,2,24.536205291748047,22.792583465576172,1.743621826171875,0.07649952576921706,5,25.58885782135857,5,1.3208207024468321,-1.7504823084852652,0.7586206896551725
NCEP-AirTemp-Africa-2000,NCEP2000_r006_c017,3,23.388708114624023,24.536205291748047,-1.1474971771240234,-0.04676750799399069,4,23.02893324851989,3,-1.3208207024468313,-1.7504823084852652,0.7586206896551725
NCEP-AirTemp-Africa-2000,NCEP2000_r006_c017,4,19.707670211791992,23.388708114624023,-3.6810379028320312,-0.15738525979254175,3,20.469008675681216,1,-3.9624621073404946,-1.7504823084852652,0.7586206896551725
NCEP-AirTemp-Africa-2000,NCEP2000_r006_c017,5,16.19194221496582,19.707670211791992,-3.515727996826172,-0.17839389227868002,1,15.349159530003863,1,-3.9624621073404946,-1.7504823084852652,0.7586206896551725
NCEP-AirTemp-Africa-2000,NCEP2000_r006_c017,6,14.744006156921388,16.19194221496582,-1.4479360580444318,-0.08942324761424479,1,15.349159530003863,3,-1.3208207024468313,-1.7504823084852652,0.7586206896551725
NCEP-AirTemp-Africa-2000,NCEP2000_r006_c017,7,12.5383882522583,14.744006156921388,-2.2056179046630877,-0.14959420670261236,0,12.789234957165185,2,-2.641641404893663,-1.7504823084852652,0.7586206896551725
NCEP-AirTemp-Africa-2000,NCEP2000_r006_c017,8,17.434846878051758,12.5383882522583,4.896458625793457,0.39051738766436356,2,17.909084102842538,8,5.283282809787327,-1.7504823084852652,0.7586206896551725
NCEP-AirTemp-Africa-2000,NCEP2000_r006_c017,9,19.920673370361328,17.434846878051758,2.4858264923095703,0.14257805128411583,3,20.469008675681216,6,2.6416414048936643,-1.7504823084852652,0.7586206896551725
NCEP-AirTemp-Africa-2000,NCEP2000_r006_c017,10,25.79354476928711,19.920673370361328,5.872871398925781,0.2948128956154486,5,25.58885782135857,8,5.283282809787327,-1.7504823084852652,0.7586206896551725
NCEP-AirTemp-Africa-2000,NCEP2000_r006_c017,11,24.416332244873047,25.79354476928711,-1.3772125244140625,-0.05339368965113849,5,25.58885782135857,3,-1.3208207024468313,-1.7504823084852652,0.7586206896551725
NCEP-AirTemp-Africa-2000,NCEP2000_r006_c017,12,26.620643615722656,24.416332244873047,2.2043113708496094,0.0902802005126086,5,25.58885782135857,6,2.6416414048936643,-1.7504823084852652,0.7586206896551725
NCEP-AirTemp-Africa-2000,NCEP2000_r006_c018,1,21.272262573242188,,,,3,20.469008675681216,4,,-1.6613703972394744,0.7586206896551724
NCEP-AirTemp-Africa-2000,NCEP2000_r006_c018,2,22.471040725708008,21.272262573242188,1.1987781524658203,0.05635405017864585,4,23.02893324851989,5,1.3208207024468321,-1.6613703972394744,0.7586206896551724
NCEP-AirTemp-Africa-2000,NCEP2000_r006_c018,3,21.24323081970215,22.471040725708008,-1.2278099060058594,-0.05463965470015738,3,20.469008675681216,3,-1.3208207024468313,-1.6613703972394744,0.7586206896551724
NCEP-AirTemp-Africa-2000,NCEP2000_r006_c018,4,18.367673873901367,21.24323081970215,-2.8755569458007812,-0.13536344684132653,2,17.909084102842538,2,-2.641641404893663,-1.6613703972394744,0.7586206896551724
NCEP-AirTemp-Africa-2000,NCEP2000_r006_c018,5,15.1016206741333,18.367673873901367,-3.2660531997680664,-0.17781528691059797,1,15.349159530003863,2,-2.641641404893663,-1.6613703972394744,0.7586206896551724
NCEP-AirTemp-Africa-2000,NCEP2000_r006_c018,6,13.807004928588867,15.1016206741333,-1.2946157455444336,-0.08572694106678938,0,12.789234957165185,3,-1.3208207024468313,-1.6613703972394744,0.7586206896551724
NCEP-AirTemp-Africa-2000,NCEP2000_r006_c018,7,12.25936222076416,13.807004928588867,-1.547642707824707,-0.1120911244566987,0,12.789234957165185,3,-1.3208207024468313,-1.6613703972394744,0.7586206896551724
NCEP-AirTemp-Africa-2000,NCEP2000_r006_c018,8,16.78226661682129,12.25936222076416,4.522904396057129,0.36893472226446733,2,17.909084102842538,7,3.962462107340496,-1.6613703972394744,0.7586206896551724
NCEP-AirTemp-Africa-2000,NCEP2000_r006_c018,9,19.44266891479492,16.78226661682129,2.6604022979736293,0.15852461164614326,3,20.469008675681216,6,2.6416414048936643,-1.6613703972394744,0.7586206896551724
NCEP-AirTemp-Africa-2000,NCEP2000_r006_c018,10,23.900318145751953,19.44266891479492,4.457649230957035,0.2292714673326038,4,23.02893324851989,7,3.962462107340496,-1.6613703972394744,0.7586206896551724
NCEP-AirTemp-Africa-2000,NCEP2000_r006_c018,11,22.93499755859375,23.900318145751953,-0.9653205871582031,-0.040389445080662216,4,23.02893324851989,3,-1.3208207024468313,-1.6613703972394744,0.7586206896551724
NCEP-AirTemp-Africa-2000,NCEP2000_r006_c018,12,23.72903060913086,22.93499755859375,0.7940330505371094,0.03462102180340477,4,23.02893324851989,5,1.3208207024468321,-1.6613703972394744,0.7586206896551724
NCEP-AirTemp-Africa-2000,NCEP2000_r006_c019,1,19.24420166015625,,,,3,20.469008675681216,4,,-1.5707963267948966,0.7586206896551724
NCEP-AirTemp-Africa-2000,NCEP2000_r006_c019,2,19.906211853027344,19.24420166015625,0.6620101928710938,0.034400501749144455,3,20.469008675681216,5,1.3208207024468321,-1.5707963267948966,0.7586206896551724
NCEP-AirTemp-Africa-2000,NCEP2000_r006_c019,3,19.07741928100586,19.906211853027344,-0.8287925720214844,-0.04163487147332059,2,17.909084102842538,3,-1.3208207024468313,-1.5707963267948966,0.7586206896551724
NCEP-AirTemp-Africa-2000,NCEP2000_r006_c019,4,16.585674285888672,19.07741928100586,-2.4917449951171875,-0.13061226775038987,1,15.349159530003863,2,-2.641641404893663,-1.5707963267948966,0.7586206896551724
NCEP-AirTemp-Africa-2000,NCEP2000_r006_c019,5,14.06387710571289,16.585674285888672,-2.5217971801757812,-0.15204670830424796,0,12.789234957165185,2,-2.641641404893663,-1.5707963267948966,0.7586206896551724
NCEP-AirTemp-Africa-2000,NCEP2000_r006_c019,6,13.14200496673584,14.06387710571289,-0.9218721389770508,-0.06554893306075442,0,12.789234957165185,3,-1.3208207024468313,-1.5707963267948966,0.7586206896551724
NCEP-AirTemp-Africa-2000,NCEP2000_r006_c019,7,11.661946296691896,13.14200496673584,-1.4800586700439435,-0.11262046193028907,0,12.789234957165185,3,-1.3208207024468313,-1.5707963267948966,0.7586206896551724
NCEP-AirTemp-Africa-2000,NCEP2000_r006_c019,8,15.147103309631348,11.661946296691896,3.4851570129394513,0.2988486590722917,1,15.349159530003863,7,3.962462107340496,-1.5707963267948966,0.7586206896551724
NCEP-AirTemp-Africa-2000,NCEP2000_r006_c019,9,18.04867172241211,15.147103309631348,2.9015684127807617,0.19155929377835482,2,17.909084102842538,6,2.6416414048936643,-1.5707963267948966,0.7586206896551724
NCEP-AirTemp-Africa-2000,NCEP2000_r006_c019,10,21.184192657470703,18.04867172241211,3.1355209350585938,0.1737258554691884,3,20.469008675681216,6,2.6416414048936643,-1.5707963267948966,0.7586206896551724
NCEP-AirTemp-Africa-2000,NCEP2000_r006_c019,11,20.192670822143555,21.184192657470703,-0.9915218353271484,-0.04680479692378004,3,20.469008675681216,3,-1.3208207024468313,-1.5707963267948966,0.7586206896551724
NCEP-AirTemp-Africa-2000,NCEP2000_r006_c019,12,20.981294631958008,20.192670822143555,0.7886238098144531,0.03905495299560064,3,20.469008675681216,5,1.3208207024468321,-1.5707963267948966,0.7586206896551724
NCEP-AirTemp-Africa-2000,NCEP2000_r006_c020,1,19.872581481933594,,,,3,20.469008675681216,4,,-1.480222256350319,0.8148148148148148
NCEP-AirTemp-Africa-2000,NCEP2000_r006_c020,2,20.02655601501465,19.872581481933594,0.1539745330810547,0.0077480891559576605,3,20.469008675681216,4,4.440892098500626e-16,-1.480222256350319,0.8148148148148148
NCEP-AirTemp-Africa-2000,NCEP2000_r006_c020,3,19.515804290771484,20.02655601501465,-0.5107517242431641,-0.02550372235047477,3,20.469008675681216,4,4.440892098500626e-16,-1.480222256350319,0.8148148148148148
NCEP-AirTemp-Africa-2000,NCEP2000_r006_c020,4,16.81034278869629,19.515804290771484,-2.7054615020751953,-0.13862925974075982,2,17.909084102842538,2,-2.641641404893663,-1.480222256350319,0.8148148148148148
NCEP-AirTemp-Africa-2000,NCEP2000_r006_c020,5,14.693881034851074,16.81034278869629,-2.116461753845215,-0.125902355499162,1,15.349159530003863,2,-2.641641404893663,-1.480222256350319,0.8148148148148148
NCEP-AirTemp-Africa-2000,NCEP2000_r006_c020,6,14.395675659179688,14.693881034851074,-0.2982053756713867,-0.020294527699257985,1,15.349159530003863,4,4.440892098500626e-16,-1.480222256350319,0.8148148148148148
NCEP-AirTemp-Africa-2000,NCEP2000_r006_c020,7,12.91806983947754,14.395675659179688,-1.4776058197021467,-0.1026423388998711,0,12.789234957165185,3,-1.3208207024468313,-1.480222256350319,0.8148148148148148
NCEP-AirTemp-Africa-2000,NCEP2000_r006_c020,8,15.57516860961914,12.91806983947754,2.6570987701416,0.20568852801999277,1,15.349159530003863,6,2.6416414048936643,-1.480222256350319,0.8148148148148148
NCEP-AirTemp-Africa-2000,NCEP2000_r006_c020,9,18.67167282104492,15.57516860961914,3.0965042114257777,0.19881031718098982,2,17.909084102842538,6,2.6416414048936643,-1.480222256350319,0.8148148148148148
NCEP-AirTemp-Africa-2000,NCEP2000_r006_c020,10,20.52419662475586,18.67167282104492,1.852523803710941,0.09921573827187856,3,20.469008675681216,5,1.3208207024468321,-1.480222256350319,0.8148148148148148
NCEP-AirTemp-Africa-2000,NCEP2000_r006_c020,11,19.763334274291992,20.52419662475586,-0.7608623504638672,-0.03707148028128569,3,20.469008675681216,3,-1.3208207024468313,-1.480222256350319,0.8148148148148148
NCEP-AirTemp-Africa-2000,NCEP2000_r006_c020,12,21.562583923339844,19.763334274291992,1.7992496490478516,0.09103978225922651,3,20.469008675681216,5,1.3208207024468321,-1.480222256350319,0.8148148148148148
NCEP-AirTemp-Africa-2000,NCEP2000_r006_c021,1,23.534841537475582,,,,4,23.02893324851989,4,,-1.391110345104528,0.8800000000000001
NCEP-AirTemp-Africa-2000,NCEP2000_r006_c021,2,23.77413749694824,23.534841537475582,0.23929595947265625,0.010167731917447355,4,23.02893324851989,4,4.440892098500626e-16,-1.391110345104528,0.8800000000000001
NCEP-AirTemp-Africa-2000,NCEP2000_r006_c021,3,23.3574161529541,23.77413749694824,-0.4167213439941371,-0.017528347518290806,4,23.02893324851989,4,4.440892098500626e-16,-1.391110345104528,0.8800000000000001
NCEP-AirTemp-Africa-2000,NCEP2000_r006_c021,4,21.071666717529297,23.3574161529541,-2.2857494354248047,-0.09785968706712952,3,20.469008675681216,2,-2.641641404893663,-1.391110345104528,0.8800000000000001
NCEP-AirTemp-Africa-2000,NCEP2000_r006_c021,5,19.02419662475586,21.071666717529297,-2.0474700927734375,-0.09716697403296383,2,17.909084102842538,2,-2.641641404893663,-1.391110345104528,0.8800000000000001
NCEP-AirTemp-Africa-2000,NCEP2000_r006_c021,6,18.854007720947266,19.02419662475586,-0.17018890380859375,-0.008945918041402592,2,17.909084102842538,4,4.440892098500626e-16,-1.391110345104528,0.8800000000000001
NCEP-AirTemp-Africa-2000,NCEP2000_r006_c021,7,17.821943283081055,18.854007720947266,-1.032064437866211,-0.054739790772418216,2,17.909084102842538,3,-1.3208207024468313,-1.391110345104528,0.8800000000000001
NCEP-AirTemp-Africa-2000,NCEP2000_r006_c021,8,19.044845581054688,17.821943283081055,1.2229022979736328,0.06861778643042667,2,17.909084102842538,5,1.3208207024468321,-1.391110345104528,0.8800000000000001
NCEP-AirTemp-Africa-2000,NCEP2000_r006_c021,9,21.263668060302734,19.044845581054688,2.218822479248047,0.11650514412441723,3,20.469008675681216,6,2.6416414048936643,-1.391110345104528,0.8800000000000001
NCEP-AirTemp-Africa-2000,NCEP2000_r006_c021,10,21.965164184570312,21.263668060302734,0.7014961242675781,0.03299036282348695,4,23.02893324851989,5,1.3208207024468321,-1.391110345104528,0.8800000000000001
NCEP-AirTemp-Africa-2000,NCEP2000_r006_c021,11,22.63400077819824,21.965164184570312,0.6688365936279261,0.030449879090717575,4,23.02893324851989,5,1.3208207024468321,-1.391110345104528,0.8800000000000001
NCEP-AirTemp-Africa-2000,NCEP2000_r006_c021,12,24.615808486938477,22.63400077819824,1.981807708740238,0.0875588778210689,5,25.58885782135857,6,2.6416414048936643,-1.391110345104528,0.8800000000000001
NCEP-AirTemp-Africa-2000,NCEP2000_r007_c014,1,23.658063888549805,,,,4,23.02893324851989,4,,-2.0340631519624797,0.9090909090909096
NCEP-AirTemp-Africa-2000,NCEP2000_r007_c014,2,23.93172264099121,23.658063888549805,0.27365875244140625,0.011567250546392072,4,23.02893324851989,4,4.440892098500626e-16,-2.0340631519624797,0.9090909090909096
NCEP-AirTemp-Africa-2000,NCEP2000_r007_c014,3,23.34870719909668,23.93172264099121,-0.5830154418945312,-0.024361616196233157,4,23.02893324851989,4,4.440892098500626e-16,-2.0340631519624797,0.9090909090909096
NCEP-AirTemp-Africa-2000,NCEP2000_r007_c014,4,21.6176700592041,23.34870719909668,-1.7310371398925781,-0.0741384576512891,3,20.469008675681216,3,-1.3208207024468313,-2.0340631519624797,0.9090909090909096
NCEP-AirTemp-Africa-2000,NCEP2000_r007_c014,5,17.86742401123047,21.6176700592041,-3.750246047973633,-0.17348058498917185,2,17.909084102842538,1,-3.9624621073404946,-2.0340631519624797,0.9090909090909096
NCEP-AirTemp-Africa-2000,NCEP2000_r007_c014,6,17.151342391967773,17.86742401123047,-0.7160816192626953,-0.040077496275490315,2,17.909084102842538,3,-1.3208207024468313,-2.0340631519624797,0.9090909090909096
NCEP-AirTemp-Africa-2000,NCEP2000_r007_c014,7,16.83677864074707,17.151342391967773,-0.3145637512207031,-0.018340474117525516,2,17.909084102842538,4,4.440892098500626e-16,-2.0340631519624797,0.9090909090909096
NCEP-AirTemp-Africa-2000,NCEP2000_r007_c014,8,18.004844665527344,16.83677864074707,1.1680660247802734,0.06937586160059207,2,17.909084102842538,5,1.3208207024468321,-2.0340631519624797,0.9090909090909096
NCEP-AirTemp-Africa-2000,NCEP2000_r007_c014,9,19.125669479370117,18.004844665527344,1.1208248138427734,0.06225129039789723,2,17.909084102842538,5,1.3208207024468321,-2.0340631519624797,0.9090909090909096
NCEP-AirTemp-Africa-2000,NCEP2000_r007_c014,10,21.725160598754883,19.125669479370117,2.5994911193847656,0.135916346467699,3,20.469008675681216,6,2.6416414048936643,-2.0340631519624797,0.9090909090909096
NCEP-AirTemp-Africa-2000,NCEP2000_r007_c014,11,20.657337188720703,21.725160598754883,-1.0678234100341797,-0.04915146220347752,3,20.469008675681216,3,-1.3208207024468313,-2.0340631519624797,0.9090909090909096
NCEP-AirTemp-Africa-2000,NCEP2000_r007_c014,12,24.226133346557617,20.657337188720703,3.568796157836914,0.1727616742290262,4,23.02893324851989,7,3.962462107340496,-2.0340631519624797,0.9090909090909096
NCEP-AirTemp-Africa-2000,NCEP2000_r007_c015,1,22.05580711364746,,,,4,23.02893324851989,4,,-1.9509744613729083,0.8695652173913044
NCEP-AirTemp-Africa-2000,NCEP2000_r007_c015,2,22.89690399169922,22.05580711364746,0.8410968780517578,0.03813493986947831,4,23.02893324851989,5,1.3208207024468321,-1.9509744613729083,0.8695652173913044
NCEP-AirTemp-Africa-2000,NCEP2000_r007_c015,3,21.49871063232422,22.89690399169922,-1.398193359375,-0.0610647343362179,3,20.469008675681216,3,-1.3208207024468313,-1.9509744613729083,0.8695652173913044
NCEP-AirTemp-Africa-2000,NCEP2000_r007_c015,4,19.631338119506836,21.49871063232422,-1.8673725128173828,-0.08685974450996654,3,20.469008675681216,3,-1.3208207024468313,-1.9509744613729083,0.8695652173913044
NCEP-AirTemp-Africa-2000,NCEP2000_r007_c015,5,15.3516206741333,19.631338119506836,-4.279717445373535,-0.21800436726831982,1,15.349159530003863,1,-3.9624621073404946,-1.9509744613729083,0.8695652173913044
NCEP-AirTemp-Africa-2000,NCEP2000_r007_c015,6,13.863341331481934,15.3516206741333,-1.4882793426513672,-0.09694607326762848,0,12.789234957165185,3,-1.3208207024468313,-1.9509744613729083,0.8695652173913044
NCEP-AirTemp-Africa-2000,NCEP2000_r007_c015,7,13.116131782531738,13.863341331481934,-0.7472095489501953,-0.05389822922799822,0,12.789234957165185,3,-1.3208207024468313,-1.9509744613729083,0.8695652173913044
NCEP-AirTemp-Africa-2000,NCEP2000_r007_c015,8,15.950328826904297,13.116131782531738,2.8341970443725586,0.21608482526435002,1,15.349159530003863,6,2.6416414048936643,-1.9509744613729083,0.8695652173913044
NCEP-AirTemp-Africa-2000,NCEP2000_r007_c015,9,19.71800422668457,15.950328826904297,3.7676753997802734,0.23621302361021726,3,20.469008675681216,7,3.962462107340496,-1.9509744613729083,0.8695652173913044
NCEP-AirTemp-Africa-2000,NCEP2000_r007_c015,10,24.291934967041016,19.71800422668457,4.573930740356445,0.2319672258801172,4,23.02893324851989,7,3.962462107340496,-1.9509744613729083,0.8695652173913044
NCEP-AirTemp-Africa-2000,NCEP2000_r007_c015,11,22.852998733520508,24.291934967041016,-1.4389362335205078,-0.05923514267071923,4,23.02893324851989,3,-1.3208207024468313,-1.9509744613729083,0.8695652173913044
NCEP-AirTemp-Africa-2000,NCEP2000_r007_c015,12,26.169679641723633,22.852998733520508,3.316680908203125,0.14513110278776048,5,25.58885782135857,7,3.962462107340496,-1.9509744613729083,0.8695652173913044
NCEP-AirTemp-Africa-2000,NCEP2000_r007_c016,1,20.94065284729004,,,,3,20.469008675681216,4,,-1.8619911433278495,0.7407407407407407
NCEP-AirTemp-Africa-2000,NCEP2000_r007_c016,2,21.715864181518555,20.94065284729004,0.7752113342285156,0.03701944442142055,3,20.469008675681216,5,1.3208207024468321,-1.8619911433278495,0.7407407407407407
NCEP-AirTemp-Africa-2000,NCEP2000_r007_c016,3,20.7093563079834,21.715864181518555,-1.0065078735351562,-0.04634896705569526,3,20.469008675681216,3,-1.3208207024468313,-1.8619911433278495,0.7407407407407407
NCEP-AirTemp-Africa-2000,NCEP2000_r007_c016,4,19.155672073364254,20.7093563079834,-1.5536842346191442,-0.0750232992041478,2,17.909084102842538,3,-1.3208207024468313,-1.8619911433278495,0.7407407407407407
NCEP-AirTemp-Africa-2000,NCEP2000_r007_c016,5,16.27742576599121,19.155672073364254,-2.8782463073730433,-0.1502555638011371,1,15.349159530003863,2,-2.641641404893663,-1.8619911433278495,0.7407407407407407
NCEP-AirTemp-Africa-2000,NCEP2000_r007_c016,6,15.230008125305176,16.27742576599121,-1.0474176406860352,-0.0643478677614017,1,15.349159530003863,3,-1.3208207024468313,-1.8619911433278495,0.7407407407407407
NCEP-AirTemp-Africa-2000,NCEP2000_r007_c016,7,13.67646026611328,15.230008125305176,-1.5535478591918963,-0.10200571440343645,0,12.789234957165185,3,-1.3208207024468313,-1.8619911433278495,0.7407407407407407
NCEP-AirTemp-Africa-2000,NCEP2000_r007_c016,8,17.065488815307617,13.67646026611328,3.3890285491943377,0.24780012395396425,2,17.909084102842538,7,3.962462107340496,-1.8619911433278495,0.7407407407407407
NCEP-AirTemp-Africa-2000,NCEP2000_r007_c016,9,21.987998962402344,17.065488815307617,4.922510147094727,0.2884482361079087,4,23.02893324851989,8,5.283282809787327,-1.8619911433278495,0.7407407407407407
NCEP-AirTemp-Africa-2000,NCEP2000_r007_c016,10,26.24322509765625,21.987998962402344,4.255226135253906,0.19352493796866146,5,25.58885782135857,7,3.962462107340496,-1.8619911433278495,0.7407407407407407
NCEP-AirTemp-Africa-2000,NCEP2000_r007_c016,11,25.150001525878903,26.24322509765625,-1.0932235717773473,-0.041657363670404284,5,25.58885782135857,3,-1.3208207024468313,-1.8619911433278495,0.7407407407407407
NCEP-AirTemp-Africa-2000,NCEP2000_r007_c016,12,25.642900466918945,25.150001525878903,0.4928989410400426,0.01959836624792481,5,25.58885782135857,4,4.440892098500626e-16,-1.8619911433278495,0.7407407407407407
NCEP-AirTemp-Africa-2000,NCEP2000_r007_c017,1,21.69806671142578,,,,3,20.469008675681216,4,,-1.768008845635083,0.6896551724137931
NCEP-AirTemp-Africa-2000,NCEP2000_r007_c017,2,22.02241325378418,21.69806671142578,0.32434654235839844,0.014948177027569181,4,23.02893324851989,4,4.440892098500626e-16,-1.768008845635083,0.6896551724137931
NCEP-AirTemp-Africa-2000,NCEP2000_r007_c017,3,21.4548397064209,22.02241325378418,-0.5675735473632812,-0.025772540948288368,3,20.469008675681216,4,4.440892098500626e-16,-1.768008845635083,0.6896551724137931
NCEP-AirTemp-Africa-2000,NCEP2000_r007_c017,4,19.450340270996097,21.4548397064209,-2.004499435424801,-0.09342877704301396,3,20.469008675681216,2,-2.641641404893663,-1.768008845635083,0.6896551724137931
NCEP-AirTemp-Africa-2000,NCEP2000_r007_c017,5,16.34355354309082,19.450340270996097,-3.106786727905277,-0.1597291710386191,1,15.349159530003863,2,-2.641641404893663,-1.768008845635083,0.6896551724137931
NCEP-AirTemp-Africa-2000,NCEP2000_r007_c017,6,15.655343055725098,16.34355354309082,-0.6882104873657227,-0.04210898722552668,1,15.349159530003863,3,-1.3208207024468313,-1.768008845635083,0.6896551724137931
NCEP-AirTemp-Africa-2000,NCEP2000_r007_c017,7,13.944202423095703,15.655343055725098,-1.7111406326293945,-0.10930074330141473,0,12.789234957165185,3,-1.3208207024468313,-1.768008845635083,0.6896551724137931
NCEP-AirTemp-Africa-2000,NCEP2000_r007_c017,8,17.681293487548828,13.944202423095703,3.737091064453125,0.26800321388503384,2,17.909084102842538,7,3.962462107340496,-1.768008845635083,0.6896551724137931
NCEP-AirTemp-Africa-2000,NCEP2000_r007_c017,9,23.09166717529297,17.681293487548828,5.410373687744141,0.30599422443579294,4,23.02893324851989,8,5.283282809787327,-1.768008845635083,0.6896551724137931
NCEP-AirTemp-Africa-2000,NCEP2000_r007_c017,10,26.72322654724121,23.09166717529297,3.631559371948242,0.1572670931198006,5,25.58885782135857,7,3.962462107340496,-1.768008845635083,0.6896551724137931
NCEP-AirTemp-Africa-2000,NCEP2000_r007_c017,11,25.940330505371097,26.72322654724121,-0.7828960418701136,-0.02929646390139728,5,25.58885782135857,3,-1.3208207024468313,-1.768008845635083,0.6896551724137931
NCEP-AirTemp-Africa-2000,NCEP2000_r007_c017,12,24.971935272216797,25.940330505371097,-0.9683952331543004,-0.03733164590766446,5,25.58885782135857,3,-1.3208207024468313,-1.768008845635083,0.6896551724137931
NCEP-AirTemp-Africa-2000,NCEP2000_r007_c018,1,21.80645179748535,,,,4,23.02893324851989,4,,-1.6703707429113517,0.689655172413793
NCEP-AirTemp-Africa-2000,NCEP2000_r007_c018,2,21.715517044067383,21.80645179748535,-0.09093475341796875,-0.004170084810792329,3,20.469008675681216,4,4.440892098500626e-16,-1.6703707429113517,0.689655172413793
NCEP-AirTemp-Africa-2000,NCEP2000_r007_c018,3,21.51484107971191,21.715517044067383,-0.2006759643554723,-0.009241132225783056,3,20.469008675681216,4,4.440892098500626e-16,-1.6703707429113517,0.689655172413793
NCEP-AirTemp-Africa-2000,NCEP2000_r007_c018,4,19.52966690063477,21.51484107971191,-1.9851741790771413,-0.09226999036256527,3,20.469008675681216,2,-2.641641404893663,-1.6703707429113517,0.689655172413793
NCEP-AirTemp-Africa-2000,NCEP2000_r007_c018,5,16.276456832885742,19.52966690063477,-3.253210067749027,-0.1665778573849249,1,15.349159530003863,2,-2.641641404893663,-1.6703707429113517,0.689655172413793
NCEP-AirTemp-Africa-2000,NCEP2000_r007_c018,6,15.080007553100586,16.276456832885742,-1.1964492797851562,-0.07350796872251657,1,15.349159530003863,3,-1.3208207024468313,-1.6703707429113517,0.689655172413793
NCEP-AirTemp-Africa-2000,NCEP2000_r007_c018,7,13.54322910308838,15.080007553100586,-1.5367784500122053,-0.10190833423662508,0,12.789234957165185,3,-1.3208207024468313,-1.6703707429113517,0.689655172413793
NCEP-AirTemp-Africa-2000,NCEP2000_r007_c018,8,17.171615600585938,13.54322910308838,3.628386497497557,0.26791147590275527,2,17.909084102842538,7,3.962462107340496,-1.6703707429113517,0.689655172413793
NCEP-AirTemp-Africa-2000,NCEP2000_r007_c018,9,22.63033866882324,17.171615600585938,5.458723068237301,0.31789222372593967,4,23.02893324851989,8,5.283282809787327,-1.6703707429113517,0.689655172413793
NCEP-AirTemp-Africa-2000,NCEP2000_r007_c018,10,25.569353103637695,22.63033866882324,2.9390144348144567,0.1298705458112918,5,25.58885782135857,6,2.6416414048936643,-1.6703707429113517,0.689655172413793
NCEP-AirTemp-Africa-2000,NCEP2000_r007_c018,11,25.17200088500977,25.569353103637695,-0.39735221862792613,-0.015540174873309396,5,25.58885782135857,4,4.440892098500626e-16,-1.6703707429113517,0.689655172413793
NCEP-AirTemp-Africa-2000,NCEP2000_r007_c018,12,24.26386833190918,25.17200088500977,-0.9081325531005895,-0.036077090464484825,4,23.02893324851989,3,-1.3208207024468313,-1.6703707429113517,0.689655172413793
NCEP-AirTemp-Africa-2000,NCEP2000_r007_c019,1,21.802906036376953,,,,4,23.02893324851989,4,,-1.5707963267948966,0.6896551724137931
NCEP-AirTemp-Africa-2000,NCEP2000_r007_c019,2,21.546207427978516,21.802906036376953,-0.2566986083984375,-0.011773596050459969,3,20.469008675681216,4,4.440892098500626e-16,-1.5707963267948966,0.6896551724137931
NCEP-AirTemp-Africa-2000,NCEP2000_r007_c019,3,21.43290901184082,21.546207427978516,-0.11329841613769531,-0.005258392527613621,3,20.469008675681216,4,4.440892098500626e-16,-1.5707963267948966,0.6896551724137931
NCEP-AirTemp-Africa-2000,NCEP2000_r007_c019,4,19.56867218017578,21.43290901184082,-1.864236831665039,-0.08698011224865104,3,20.469008675681216,3,-1.3208207024468313,-1.5707963267948966,0.6896551724137931
NCEP-AirTemp-Africa-2000,NCEP2000_r007_c019,5,17.456134796142578,19.56867218017578,-2.112537384033203,-0.10795507046069933,2,17.909084102842538,2,-2.641641404893663,-1.5707963267948966,0.6896551724137931
NCEP-AirTemp-Africa-2000,NCEP2000_r007_c019,6,15.99400520324707,17.456134796142578,-1.4621295928955078,-0.08376021438712804,1,15.349159530003863,3,-1.3208207024468313,-1.5707963267948966,0.6896551724137931
NCEP-AirTemp-Africa-2000,NCEP2000_r007_c019,7,14.280648231506348,15.99400520324707,-1.7133569717407227,-0.10712494775185395,1,15.349159530003863,3,-1.3208207024468313,-1.5707963267948966,0.6896551724137931
NCEP-AirTemp-Africa-2000,NCEP2000_r007_c019,8,17.124849319458008,14.280648231506348,2.84420108795166,0.19916470469993847,2,17.909084102842538,6,2.6416414048936643,-1.5707963267948966,0.6896551724137931
NCEP-AirTemp-Africa-2000,NCEP2000_r007_c019,9,22.070335388183594,17.124849319458008,4.945486068725586,0.2887900486871033,4,23.02893324851989,8,5.283282809787327,-1.5707963267948966,0.6896551724137931
NCEP-AirTemp-Africa-2000,NCEP2000_r007_c019,10,24.176767349243164,22.070335388183594,2.1064319610595703,0.09544177394727536,4,23.02893324851989,6,2.6416414048936643,-1.5707963267948966,0.6896551724137931
NCEP-AirTemp-Africa-2000,NCEP2000_r007_c019,11,24.145008087158203,24.176767349243164,-0.03175926208496094,-0.0013136273194089836,4,23.02893324851989,4,4.440892098500626e-16,-1.5707963267948966,0.6896551724137931
NCEP-AirTemp-Africa-2000,NCEP2000_r007_c019,12,23.736770629882812,24.145008087158203,-0.4082374572753906,-0.01690773744211402,4,23.02893324851989,4,4.440892098500626e-16,-1.5707963267948966,0.6896551724137931
NCEP-AirTemp-Africa-2000,NCEP2000_r007_c020,1,22.251291275024418,,,,4,23.02893324851989,4,,-1.4712219106784414,0.7407407407407407
NCEP-AirTemp-Africa-2000,NCEP2000_r007_c020,2,21.818626403808594,22.251291275024418,-0.43266487121582387,-0.019444483732117657,4,23.02893324851989,4,4.440892098500626e-16,-1.4712219106784414,0.7407407407407407
NCEP-AirTemp-Africa-2000,NCEP2000_r007_c020,3,21.152902603149418,21.818626403808594,-0.6657238006591761,-0.03051171913108927,3,20.469008675681216,3,-1.3208207024468313,-1.4712219106784414,0.7407407407407407
NCEP-AirTemp-Africa-2000,NCEP2000_r007_c020,4,19.11200523376465,21.152902603149418,-2.040897369384769,-0.09648308828694288,2,17.909084102842538,2,-2.641641404893663,-1.4712219106784414,0.7407407407407407
NCEP-AirTemp-Africa-2000,NCEP2000_r007_c020,5,17.538719177246094,19.11200523376465,-1.5732860565185547,-0.08231925626197893,2,17.909084102842538,3,-1.3208207024468313,-1.4712219106784414,0.7407407407407407
NCEP-AirTemp-Africa-2000,NCEP2000_r007_c020,6,16.339675903320312,17.538719177246094,-1.1990432739257812,-0.06836549817625015,1,15.349159530003863,3,-1.3208207024468313,-1.4712219106784414,0.7407407407407407
NCEP-AirTemp-Africa-2000,NCEP2000_r007_c020,7,14.85484790802002,16.339675903320312,-1.484827995300293,-0.09087254876325715,1,15.349159530003863,3,-1.3208207024468313,-1.4712219106784414,0.7407407407407407
NCEP-AirTemp-Africa-2000,NCEP2000_r007_c020,8,17.21258544921875,14.85484790802002,2.3577375411987305,0.15871838983459438,2,17.909084102842538,6,2.6416414048936643,-1.4712219106784414,0.7407407407407407
NCEP-AirTemp-Africa-2000,NCEP2000_r007_c020,9,21.80366897583008,17.21258544921875,4.591083526611332,0.2667282925134128,4,23.02893324851989,7,3.962462107340496,-1.4712219106784414,0.7407407407407407
NCEP-AirTemp-Africa-2000,NCEP2000_r007_c020,10,23.34741973876953,21.80366897583008,1.5437507629394496,0.07080233903068041,4,23.02893324851989,5,1.3208207024468321,-1.4712219106784414,0.7407407407407407
NCEP-AirTemp-Africa-2000,NCEP2000_r007_c020,11,23.381338119506836,23.34741973876953,0.03391838073730469,0.0014527678483023784,4,23.02893324851989,4,4.440892098500626e-16,-1.4712219106784414,0.7407407407407407
NCEP-AirTemp-Africa-2000,NCEP2000_r007_c020,12,23.872901916503903,23.381338119506836,0.49156379699706676,0.021023766667441483,4,23.02893324851989,4,4.440892098500626e-16,-1.4712219106784414,0.7407407407407407
NCEP-AirTemp-Africa-2000,NCEP2000_r007_c021,1,24.40483665466309,,,,5,25.58885782135857,4,,-1.37358380795471,0.8
NCEP-AirTemp-Africa-2000,NCEP2000_r007_c021,2,23.761384963989254,24.40483665466309,-0.6434516906738352,-0.026365744617712464,4,23.02893324851989,4,4.440892098500626e-16,-1.37358380795471,0.8
NCEP-AirTemp-Africa-2000,NCEP2000_r007_c021,3,23.00483512878418,23.761384963989254,-0.7565498352050746,-0.03183946711656907,4,23.02893324851989,3,-1.3208207024468313,-1.37358380795471,0.8
NCEP-AirTemp-Africa-2000,NCEP2000_r007_c021,4,21.36133575439453,23.00483512878418,-1.6434993743896484,-0.07144147589796304,3,20.469008675681216,3,-1.3208207024468313,-1.37358380795471,0.8
NCEP-AirTemp-Africa-2000,NCEP2000_r007_c021,5,19.78967666625977,21.36133575439453,-1.571659088134762,-0.07357494429211595,3,20.469008675681216,3,-1.3208207024468313,-1.37358380795471,0.8
NCEP-AirTemp-Africa-2000,NCEP2000_r007_c021,6,18.85167121887207,19.78967666625977,-0.9380054473876989,-0.0473987252650238,2,17.909084102842538,3,-1.3208207024468313,-1.37358380795471,0.8
NCEP-AirTemp-Africa-2000,NCEP2000_r007_c021,7,17.91419792175293,18.85167121887207,-0.9374732971191406,-0.04972892250426333,2,17.909084102842538,3,-1.3208207024468313,-1.37358380795471,0.8
NCEP-AirTemp-Africa-2000,NCEP2000_r007_c021,8,19.327421188354492,17.91419792175293,1.4132232666015625,0.07888844774264259,3,20.469008675681216,5,1.3208207024468321,-1.37358380795471,0.8
NCEP-AirTemp-Africa-2000,NCEP2000_r007_c021,9,22.871337890625,19.327421188354492,3.543916702270508,0.18336210856758545,4,23.02893324851989,7,3.962462107340496,-1.37358380795471,0.8
NCEP-AirTemp-Africa-2000,NCEP2000_r007_c021,10,23.813871383666992,22.871337890625,0.9425334930419922,0.04121024740875951,4,23.02893324851989,5,1.3208207024468321,-1.37358380795471,0.8
NCEP-AirTemp-Africa-2000,NCEP2000_r007_c021,11,24.41133689880371,23.813871383666992,0.5974655151367188,0.025088970437057836,5,25.58885782135857,4,4.440892098500626e-16,-1.37358380795471,0.8
NCEP-AirTemp-Africa-2000,NCEP2000_r007_c021,12,25.72161102294922,24.41133689880371,1.3102741241455078,0.05367482041549795,5,25.58885782135857,5,1.3208207024468321,-1.37358380795471,0.8
NCEP-AirTemp-Africa-2000,NCEP2000_r007_c022,1,26.763866424560547,,,,5,25.58885782135857,4,,-1.2796015102619436,0.9523809523809524
NCEP-AirTemp-Africa-2000,NCEP2000_r007_c022,2,26.70276260375977,26.763866424560547,-0.0611038208007777,-0.002283071505120957,5,25.58885782135857,4,4.440892098500626e-16,-1.2796015102619436,0.9523809523809524
NCEP-AirTemp-Africa-2000,NCEP2000_r007_c022,3,26.291608810424805,26.70276260375977,-0.4111537933349645,-0.01539742533145517,5,25.58885782135857,4,4.440892098500626e-16,-1.2796015102619436,0.9523809523809524
NCEP-AirTemp-Africa-2000,NCEP2000_r007_c022,4,24.946332931518555,26.291608810424805,-1.34527587890625,-0.05116749943323509,5,25.58885782135857,3,-1.3208207024468313,-1.2796015102619436,0.9523809523809524
NCEP-AirTemp-Africa-2000,NCEP2000_r007_c022,5,23.102258682250977,24.946332931518555,-1.8440742492675781,-0.07392165631437053,4,23.02893324851989,3,-1.3208207024468313,-1.2796015102619436,0.9523809523809524
NCEP-AirTemp-Africa-2000,NCEP2000_r007_c022,6,22.50266456604004,23.102258682250977,-0.5995941162109375,-0.02595391751333796,4,23.02893324851989,4,4.440892098500626e-16,-1.2796015102619436,0.9523809523809524
NCEP-AirTemp-Africa-2000,NCEP2000_r007_c022,7,21.378061294555664,22.50266456604004,-1.124603271484375,-0.049976449152673824,3,20.469008675681216,3,-1.3208207024468313,-1.2796015102619436,0.9523809523809524
NCEP-AirTemp-Africa-2000,NCEP2000_r007_c022,8,21.369359970092773,21.378061294555664,-0.008701324462890625,-0.00040702121408486114,3,20.469008675681216,4,4.440892098500626e-16,-1.2796015102619436,0.9523809523809524
NCEP-AirTemp-Africa-2000,NCEP2000_r007_c022,9,23.260334014892575,21.369359970092773,1.8909740447998011,0.08848997103545875,4,23.02893324851989,5,1.3208207024468321,-1.2796015102619436,0.9523809523809524
NCEP-AirTemp-Africa-2000,NCEP2000_r007_c022,10,23.653873443603516,23.260334014892575,0.39353942871094105,0.01691890703112754,4,23.02893324851989,4,4.440892098500626e-16,-1.2796015102619436,0.9523809523809524
NCEP-AirTemp-Africa-2000,NCEP2000_r007_c022,11,25.10633087158203,23.653873443603516,1.4524574279785156,0.06140463342891899,5,25.58885782135857,5,1.3208207024468321,-1.2796015102619436,0.9523809523809524
NCEP-AirTemp-Africa-2000,NCEP2000_r007_c022,12,26.7148380279541,25.10633087158203,1.6085071563720703,0.06406779089304311,5,25.58885782135857,5,1.3208207024468321,-1.2796015102619436,0.9523809523809524
NCEP-AirTemp-Africa-2000,NCEP2000_r008_c014,1,24.302576065063477,,,,4,23.02893324851989,4,,-2.077490683612158,0.9090909090909094
NCEP-AirTemp-Africa-2000,NCEP2000_r008_c014,2,23.197935104370117,24.302576065063477,-1.1046409606933594,-0.045453657165231635,4,23.02893324851989,3,-1.3208207024468313,-2.077490683612158,0.9090909090909094
NCEP-AirTemp-Africa-2000,NCEP2000_r008_c014,3,24.3383846282959,23.197935104370117,1.1404495239257812,0.04916168265816637,5,25.58885782135857,5,1.3208207024468321,-2.077490683612158,0.9090909090909094
NCEP-AirTemp-Africa-2000,NCEP2000_r008_c014,4,23.596670150756836,24.3383846282959,-0.7417144775390625,-0.03047509063837961,4,23.02893324851989,3,-1.3208207024468313,-2.077490683612158,0.9090909090909094
NCEP-AirTemp-Africa-2000,NCEP2000_r008_c014,5,19.619035720825195,23.596670150756836,-3.9776344299316406,-0.1685676158762622,3,20.469008675681216,1,-3.9624621073404946,-2.077490683612158,0.9090909090909094
NCEP-AirTemp-Africa-2000,NCEP2000_r008_c014,6,18.2673397064209,19.619035720825195,-1.3516960144042969,-0.06889716873136124,2,17.909084102842538,3,-1.3208207024468313,-2.077490683612158,0.9090909090909094
NCEP-AirTemp-Africa-2000,NCEP2000_r008_c014,7,18.038068771362305,18.2673397064209,-0.22927093505859375,-0.012550866121902026,2,17.909084102842538,4,4.440892098500626e-16,-2.077490683612158,0.9090909090909094
NCEP-AirTemp-Africa-2000,NCEP2000_r008_c014,8,19.388389587402344,18.038068771362305,1.350320816040039,0.07485950037976585,3,20.469008675681216,5,1.3208207024468321,-2.077490683612158,0.9090909090909094
NCEP-AirTemp-Africa-2000,NCEP2000_r008_c014,9,21.722007751464844,19.388389587402344,2.3336181640625,0.12036162949700446,3,20.469008675681216,6,2.6416414048936643,-2.077490683612158,0.9090909090909094
NCEP-AirTemp-Africa-2000,NCEP2000_r008_c014,10,24.176774978637695,21.722007751464844,2.4547672271728516,0.113008302697402,4,23.02893324851989,6,2.6416414048936643,-2.077490683612158,0.9090909090909094
NCEP-AirTemp-Africa-2000,NCEP2000_r008_c014,11,22.562671661376953,24.176774978637695,-1.6141033172607422,-0.06676255698648575,4,23.02893324851989,3,-1.3208207024468313,-2.077490683612158,0.9090909090909094
NCEP-AirTemp-Africa-2000,NCEP2000_r008_c014,12,25.54451560974121,22.562671661376953,2.981843948364258,0.13215828307551952,5,25.58885782135857,6,2.6416414048936643,-2.077490683612158,0.9090909090909094
NCEP-AirTemp-Africa-2000,NCEP2000_r008_c015,1,22.434839248657227,,,,4,23.02893324851989,4,,-1.9886673635727752,0.782608695652174
NCEP-AirTemp-Africa-2000,NCEP2000_r008_c015,2,22.46620750427246,22.434839248657227,0.031368255615234375,0.0013981939102644487,4,23.02893324851989,4,4.440892098500626e-16,-1.9886673635727752,0.782608695652174
NCEP-AirTemp-Africa-2000,NCEP2000_r008_c015,3,21.07484436035156,22.46620750427246,-1.391363143920902,-0.06193137598574671,3,20.469008675681216,3,-1.3208207024468313,-1.9886673635727752,0.782608695652174
NCEP-AirTemp-Africa-2000,NCEP2000_r008_c015,4,20.31500816345215,21.07484436035156,-0.7598361968994105,-0.03605417833257656,3,20.469008675681216,3,-1.3208207024468313,-1.9886673635727752,0.782608695652174
NCEP-AirTemp-Africa-2000,NCEP2000_r008_c015,5,17.28291130065918,20.31500816345215,-3.0320968627929688,-0.14925403122642514,2,17.909084102842538,2,-2.641641404893663,-1.9886673635727752,0.782608695652174
NCEP-AirTemp-Africa-2000,NCEP2000_r008_c015,6,15.929669380187988,17.28291130065918,-1.3532419204711914,-0.07829941940508472,1,15.349159530003863,3,-1.3208207024468313,-1.9886673635727752,0.782608695652174
NCEP-AirTemp-Africa-2000,NCEP2000_r008_c015,7,15.316457748413086,15.929669380187988,-0.6132116317749023,-0.03849493778807265,1,15.349159530003863,4,4.440892098500626e-16,-1.9886673635727752,0.782608695652174
NCEP-AirTemp-Africa-2000,NCEP2000_r008_c015,8,17.971616744995117,15.316457748413086,2.6551589965820312,0.17335333274804535,2,17.909084102842538,6,2.6416414048936643,-1.9886673635727752,0.782608695652174
NCEP-AirTemp-Africa-2000,NCEP2000_r008_c015,9,23.173999786376953,17.971616744995117,5.202383041381836,0.2894777423311477,4,23.02893324851989,8,5.283282809787327,-1.9886673635727752,0.782608695652174
NCEP-AirTemp-Africa-2000,NCEP2000_r008_c015,10,26.736770629882812,23.173999786376953,3.5627708435058594,0.15374000502063812,5,25.58885782135857,7,3.962462107340496,-1.9886673635727752,0.782608695652174
NCEP-AirTemp-Africa-2000,NCEP2000_r008_c015,11,26.09099769592285,26.736770629882812,-0.6457729339599609,-0.02415298926334064,5,25.58885782135857,4,4.440892098500626e-16,-1.9886673635727752,0.782608695652174
NCEP-AirTemp-Africa-2000,NCEP2000_r008_c015,12,25.519996643066406,26.09099769592285,-0.5710010528564453,-0.021884983453341597,5,25.58885782135857,4,4.440892098500626e-16,-1.9886673635727752,0.782608695652174
NCEP-AirTemp-Africa-2000,NCEP2000_r008_c016,1,21.201614379882812,,,,3,20.469008675681216,4,,-1.8922613204948069,0.6666666666666667
NCEP-AirTemp-Africa-2000,NCEP2000_r008_c016,2,21.45931625366211,21.201614379882812,0.2577018737792969,0.01215482317345691,3,20.469008675681216,4,4.440892098500626e-16,-1.8922613204948069,0.6666666666666667
NCEP-AirTemp-Africa-2000,NCEP2000_r008_c016,3,19.88516616821289,21.45931625366211,-1.5741500854492188,-0.07335509048106714,3,20.469008675681216,3,-1.3208207024468313,-1.8922613204948069,0.6666666666666667
NCEP-AirTemp-Africa-2000,NCEP2000_r008_c016,4,19.747337341308594,19.88516616821289,-0.13782882690429688,-0.0069312383783154356,3,20.469008675681216,4,4.440892098500626e-16,-1.8922613204948069,0.6666666666666667
NCEP-AirTemp-Africa-2000,NCEP2000_r008_c016,5,17.780649185180664,19.747337341308594,-1.9666881561279297,-0.09959257403345718,2,17.909084102842538,3,-1.3208207024468313,-1.8922613204948069,0.6666666666666667
NCEP-AirTemp-Africa-2000,NCEP2000_r008_c016,6,16.883676528930664,17.780649185180664,-0.89697265625,-0.05044656395322082,2,17.909084102842538,3,-1.3208207024468313,-1.8922613204948069,0.6666666666666667
NCEP-AirTemp-Africa-2000,NCEP2000_r008_c016,7,15.559037208557127,16.883676528930664,-1.324639320373537,-0.07845680519309461,1,15.349159530003863,3,-1.3208207024468313,-1.8922613204948069,0.6666666666666667
NCEP-AirTemp-Africa-2000,NCEP2000_r008_c016,8,18.54968643188477,15.559037208557127,2.990649223327642,0.19221300028017485,2,17.909084102842538,6,2.6416414048936643,-1.8922613204948069,0.6666666666666667
NCEP-AirTemp-Africa-2000,NCEP2000_r008_c016,9,24.63066673278809,18.54968643188477,6.08098030090332,0.3278211911146281,5,25.58885782135857,8,5.283282809787327,-1.8922613204948069,0.6666666666666667
NCEP-AirTemp-Africa-2000,NCEP2000_r008_c016,10,27.595157623291016,24.63066673278809,2.964490890502926,0.12035772001886683,6,28.148782394197248,6,2.6416414048936643,-1.8922613204948069,0.6666666666666667
NCEP-AirTemp-Africa-2000,NCEP2000_r008_c016,11,27.7969970703125,27.595157623291016,0.20183944702148438,0.0073143067264499605,6,28.148782394197248,4,4.440892098500626e-16,-1.8922613204948069,0.6666666666666667
NCEP-AirTemp-Africa-2000,NCEP2000_r008_c016,12,24.11838722229004,27.7969970703125,-3.678609848022461,-0.13233839032027156,4,23.02893324851989,1,-3.9624621073404946,-1.8922613204948069,0.6666666666666667
NCEP-AirTemp-Africa-2000,NCEP2000_r008_c017,1,22.362260818481445,,,,4,23.02893324851989,4,,-1.7892637105669047,0.6206896551724138
NCEP-AirTemp-Africa-2000,NCEP2000_r008_c017,2,22.12482452392578,22.362260818481445,-0.23743629455566406,-0.010617723157912245,4,23.02893324851989,4,4.440892098500626e-16,-1.7892637105669047,0.6206896551724138
NCEP-AirTemp-Africa-2000,NCEP2000_r008_c017,3,21.258710861206055,22.12482452392578,-0.8661136627197266,-0.03914669071309973,3,20.469008675681216,3,-1.3208207024468313,-1.7892637105669047,0.6206896551724138
NCEP-AirTemp-Africa-2000,NCEP2000_r008_c017,4,20.77666664123535,21.258710861206055,-0.4820442199707031,-0.02267513882275718,3,20.469008675681216,4,4.440892098500626e-16,-1.7892637105669047,0.6206896551724138
NCEP-AirTemp-Africa-2000,NCEP2000_r008_c017,5,18.579036712646484,20.77666664123535,-2.197629928588867,-0.10577394182314316,2,17.909084102842538,2,-2.641641404893663,-1.7892637105669047,0.6206896551724138
NCEP-AirTemp-Africa-2000,NCEP2000_r008_c017,6,17.598346710205078,18.579036712646484,-0.9806900024414062,-0.05278476045929037,2,17.909084102842538,3,-1.3208207024468313,-1.7892637105669047,0.6206896551724138
NCEP-AirTemp-Africa-2000,NCEP2000_r008_c017,7,15.920326232910156,17.598346710205078,-1.6780204772949219,-0.09535102955562622,1,15.349159530003863,3,-1.3208207024468313,-1.7892637105669047,0.6206896551724138
NCEP-AirTemp-Africa-2000,NCEP2000_r008_c017,8,18.833553314208984,15.920326232910156,2.913227081298828,0.18298790104418008,2,17.909084102842538,6,2.6416414048936643,-1.7892637105669047,0.6206896551724138
NCEP-AirTemp-Africa-2000,NCEP2000_r008_c017,9,25.349998474121097,18.833553314208984,6.516445159912113,0.3460018962537344,5,25.58885782135857,8,5.283282809787327,-1.7892637105669047,0.6206896551724138
NCEP-AirTemp-Africa-2000,NCEP2000_r008_c017,10,28.007417678833008,25.349998474121097,2.6574192047119105,0.10482916625911336,6,28.148782394197248,6,2.6416414048936643,-1.7892637105669047,0.6206896551724138
NCEP-AirTemp-Africa-2000,NCEP2000_r008_c017,11,27.584333419799805,28.007417678833008,-0.4230842590332031,-0.015106150230799567,6,28.148782394197248,4,4.440892098500626e-16,-1.7892637105669047,0.6206896551724138
NCEP-AirTemp-Africa-2000,NCEP2000_r008_c017,12,24.683225631713867,27.584333419799805,-2.9011077880859375,-0.1051722999404998,5,25.58885782135857,2,-2.641641404893663,-1.7892637105669047,0.6206896551724138
NCEP-AirTemp-Africa-2000,NCEP2000_r008_c018,1,22.58580780029297,,,,4,23.02893324851989,4,,-1.6813490832717268,0.6206896551724138
NCEP-AirTemp-Africa-2000,NCEP2000_r008_c018,2,21.870344161987305,22.58580780029297,-0.7154636383056641,-0.031677575787056135,4,23.02893324851989,3,-1.3208207024468313,-1.6813490832717268,0.6206896551724138
NCEP-AirTemp-Africa-2000,NCEP2000_r008_c018,3,21.597095489501953,21.870344161987305,-0.27324867248535156,-0.012494027092645538,3,20.469008675681216,4,4.440892098500626e-16,-1.6813490832717268,0.6206896551724138
NCEP-AirTemp-Africa-2000,NCEP2000_r008_c018,4,20.799671173095703,21.597095489501953,-0.79742431640625,-0.03692275735845437,3,20.469008675681216,3,-1.3208207024468313,-1.6813490832717268,0.6206896551724138
NCEP-AirTemp-Africa-2000,NCEP2000_r008_c018,5,18.474842071533203,20.799671173095703,-2.3248291015625,-0.11177239689104594,2,17.909084102842538,2,-2.641641404893663,-1.6813490832717268,0.6206896551724138
NCEP-AirTemp-Africa-2000,NCEP2000_r008_c018,6,16.998676300048828,18.474842071533203,-1.476165771484375,-0.07990140136347428,2,17.909084102842538,3,-1.3208207024468313,-1.6813490832717268,0.6206896551724138
NCEP-AirTemp-Africa-2000,NCEP2000_r008_c018,7,15.330653190612791,16.998676300048828,-1.668023109436037,-0.09812664703964305,1,15.349159530003863,3,-1.3208207024468313,-1.6813490832717268,0.6206896551724138
NCEP-AirTemp-Africa-2000,NCEP2000_r008_c018,8,18.377103805541992,15.330653190612791,3.046450614929201,0.1987162958454107,2,17.909084102842538,6,2.6416414048936643,-1.6813490832717268,0.6206896551724138
NCEP-AirTemp-Africa-2000,NCEP2000_r008_c018,9,24.965333938598633,18.377103805541992,6.588230133056641,0.3585020905780499,5,25.58885782135857,8,5.283282809787327,-1.6813490832717268,0.6206896551724138
NCEP-AirTemp-Africa-2000,NCEP2000_r008_c018,10,27.40225601196289,24.965333938598633,2.436922073364258,0.09761223620552333,6,28.148782394197248,6,2.6416414048936643,-1.6813490832717268,0.6206896551724138
NCEP-AirTemp-Africa-2000,NCEP2000_r008_c018,11,26.444000244140625,27.40225601196289,-0.9582557678222656,-0.034969958948048795,5,25.58885782135857,3,-1.3208207024468313,-1.6813490832717268,0.6206896551724138
NCEP-AirTemp-Africa-2000,NCEP2000_r008_c018,12,24.56161117553711,26.444000244140625,-1.8823890686035156,-0.07118397561732775,5,25.58885782135857,3,-1.3208207024468313,-1.6813490832717268,0.6206896551724138
NCEP-AirTemp-Africa-2000,NCEP2000_r008_c019,1,21.55871200561523,,,,3,20.469008675681216,4,,-1.5707963267948966,0.6206896551724138
NCEP-AirTemp-Africa-2000,NCEP2000_r008_c019,2,20.860347747802734,21.55871200561523,-0.6983642578124964,-0.03239359835738791,3,20.469008675681216,3,-1.3208207024468313,-1.5707963267948966,0.6206896551724138
NCEP-AirTemp-Africa-2000,NCEP2000_r008_c019,3,20.758384704589844,20.860347747802734,-0.10196304321289062,-0.004887887989481413,3,20.469008675681216,4,4.440892098500626e-16,-1.5707963267948966,0.6206896551724138
NCEP-AirTemp-Africa-2000,NCEP2000_r008_c019,4,19.64967155456543,20.758384704589844,-1.108713150024414,-0.0534103768574666,3,20.469008675681216,3,-1.3208207024468313,-1.5707963267948966,0.6206896551724138
NCEP-AirTemp-Africa-2000,NCEP2000_r008_c019,5,17.58258628845215,19.64967155456543,-2.0670852661132812,-0.10519693728076651,2,17.909084102842538,2,-2.641641404893663,-1.5707963267948966,0.6206896551724138
NCEP-AirTemp-Africa-2000,NCEP2000_r008_c019,6,15.755006790161133,17.58258628845215,-1.8275794982910156,-0.10394258661999738,1,15.349159530003863,3,-1.3208207024468313,-1.5707963267948966,0.6206896551724138
NCEP-AirTemp-Africa-2000,NCEP2000_r008_c019,7,14.154196739196776,15.755006790161133,-1.6008100509643572,-0.10160643357920032,1,15.349159530003863,3,-1.3208207024468313,-1.5707963267948966,0.6206896551724138
NCEP-AirTemp-Africa-2000,NCEP2000_r008_c019,8,17.047426223754883,14.154196739196776,2.8932294845581072,0.20440788960817374,2,17.909084102842538,6,2.6416414048936643,-1.5707963267948966,0.6206896551724138
NCEP-AirTemp-Africa-2000,NCEP2000_r008_c019,9,23.09099769592285,17.047426223754883,6.043571472167969,0.3545151856264673,4,23.02893324851989,8,5.283282809787327,-1.5707963267948966,0.6206896551724138
NCEP-AirTemp-Africa-2000,NCEP2000_r008_c019,10,25.03129005432129,23.09099769592285,1.9402923583984375,0.08402808678730381,5,25.58885782135857,5,1.3208207024468321,-1.5707963267948966,0.6206896551724138
NCEP-AirTemp-Africa-2000,NCEP2000_r008_c019,11,24.535337448120117,25.03129005432129,-0.4959526062011719,-0.0198133058713669,5,25.58885782135857,4,4.440892098500626e-16,-1.5707963267948966,0.6206896551724138
NCEP-AirTemp-Africa-2000,NCEP2000_r008_c019,12,23.044198989868164,24.535337448120117,-1.4911384582519531,-0.06077513551239962,4,23.02893324851989,3,-1.3208207024468313,-1.5707963267948966,0.6206896551724138
NCEP-AirTemp-Africa-2000,NCEP2000_r008_c020,1,20.463232040405273,,,,3,20.469008675681216,4,,-1.4602435703180665,0.6666666666666674
NCEP-AirTemp-Africa-2000,NCEP2000_r008_c020,2,20.127246856689453,20.463232040405273,-0.3359851837158203,-0.016418969547547884,3,20.469008675681216,4,4.440892098500626e-16,-1.4602435703180665,0.6666666666666674
NCEP-AirTemp-Africa-2000,NCEP2000_r008_c020,3,19.462263107299805,20.127246856689453,-0.6649837493896484,-0.033038982138217064,3,20.469008675681216,3,-1.3208207024468313,-1.4602435703180665,0.6666666666666674
NCEP-AirTemp-Africa-2000,NCEP2000_r008_c020,4,17.80267333984375,19.462263107299805,-1.6595897674560547,-0.08527218845549285,2,17.909084102842538,3,-1.3208207024468313,-1.4602435703180665,0.6666666666666674
NCEP-AirTemp-Africa-2000,NCEP2000_r008_c020,5,15.971296310424805,17.80267333984375,-1.8313770294189453,-0.102870900030513,1,15.349159530003863,3,-1.3208207024468313,-1.4602435703180665,0.6666666666666674
NCEP-AirTemp-Africa-2000,NCEP2000_r008_c020,6,14.343335151672363,15.971296310424805,-1.6279611587524414,-0.10193043364237357,1,15.349159530003863,3,-1.3208207024468313,-1.4602435703180665,0.6666666666666674
NCEP-AirTemp-Africa-2000,NCEP2000_r008_c020,7,13.008719444274902,14.343335151672363,-1.334615707397461,-0.09304779490158195,0,12.789234957165185,3,-1.3208207024468313,-1.4602435703180665,0.6666666666666674
NCEP-AirTemp-Africa-2000,NCEP2000_r008_c020,8,15.350006103515623,13.008719444274902,2.341286659240721,0.17997825760406524,1,15.349159530003863,6,2.6416414048936643,-1.4602435703180665,0.6666666666666674
NCEP-AirTemp-Africa-2000,NCEP2000_r008_c020,9,21.033002853393555,15.350006103515623,5.6829967498779315,0.3702276540838867,3,20.469008675681216,8,5.283282809787327,-1.4602435703180665,0.6666666666666674
NCEP-AirTemp-Africa-2000,NCEP2000_r008_c020,10,22.57580184936523,21.033002853393555,1.5427989959716761,0.07335134249376828,4,23.02893324851989,5,1.3208207024468321,-1.4602435703180665,0.6666666666666674
NCEP-AirTemp-Africa-2000,NCEP2000_r008_c020,11,22.40000343322754,22.57580184936523,-0.17579841613769176,-0.007787028665058678,4,23.02893324851989,4,4.440892098500626e-16,-1.4602435703180665,0.6666666666666674
NCEP-AirTemp-Africa-2000,NCEP2000_r008_c020,12,21.57516098022461,22.40000343322754,-0.8248424530029297,-0.03682331815089731,3,20.469008675681216,3,-1.3208207024468313,-1.4602435703180665,0.6666666666666674
NCEP-AirTemp-Africa-2000,NCEP2000_r008_c021,1,22.15516662597656,,,,4,23.02893324851989,4,,-1.3523289430228886,0.8000000000000002
NCEP-AirTemp-Africa-2000,NCEP2000_r008_c021,2,21.614484786987305,22.15516662597656,-0.5406818389892543,-0.024404322843382002,3,20.469008675681216,4,4.440892098500626e-16,-1.3523289430228886,0.8000000000000002
NCEP-AirTemp-Africa-2000,NCEP2000_r008_c021,3,20.972904205322266,21.614484786987305,-0.6415805816650391,-0.029682899592003858,3,20.469008675681216,4,4.440892098500626e-16,-1.3523289430228886,0.8000000000000002
NCEP-AirTemp-Africa-2000,NCEP2000_r008_c021,4,19.505002975463867,20.972904205322266,-1.4679012298583984,-0.06999036544904882,3,20.469008675681216,3,-1.3208207024468313,-1.3523289430228886,0.8000000000000002
NCEP-AirTemp-Africa-2000,NCEP2000_r008_c021,5,17.842906951904297,19.505002975463867,-1.6620960235595703,-0.08521383081306823,2,17.909084102842538,3,-1.3208207024468313,-1.3523289430228886,0.8000000000000002
NCEP-AirTemp-Africa-2000,NCEP2000_r008_c021,6,16.61567497253418,17.842906951904297,-1.2272319793701172,-0.06877982285499393,1,15.349159530003863,3,-1.3208207024468313,-1.3523289430228886,0.8000000000000002
NCEP-AirTemp-Africa-2000,NCEP2000_r008_c021,7,15.592909812927246,16.61567497253418,-1.0227651596069336,-0.06155423485940662,1,15.349159530003863,3,-1.3208207024468313,-1.3523289430228886,0.8000000000000002
NCEP-AirTemp-Africa-2000,NCEP2000_r008_c021,8,17.027420043945312,15.592909812927246,1.4345102310180664,0.09199759687116198,2,17.909084102842538,5,1.3208207024468321,-1.3523289430228886,0.8000000000000002
NCEP-AirTemp-Africa-2000,NCEP2000_r008_c021,9,21.641334533691406,17.027420043945312,4.613914489746094,0.27096967584274345,3,20.469008675681216,7,3.962462107340496,-1.3523289430228886,0.8000000000000002
NCEP-AirTemp-Africa-2000,NCEP2000_r008_c021,10,22.737743377685547,21.641334533691406,1.0964088439941406,0.05066271871021828,4,23.02893324851989,5,1.3208207024468321,-1.3523289430228886,0.8000000000000002
NCEP-AirTemp-Africa-2000,NCEP2000_r008_c021,11,23.224336624145508,22.737743377685547,0.48659324645996094,0.02140024356759588,4,23.02893324851989,4,4.440892098500626e-16,-1.3523289430228886,0.8000000000000002
NCEP-AirTemp-Africa-2000,NCEP2000_r008_c021,12,23.1390323638916,23.224336624145508,-0.08530426025390625,-0.003673054762960096,4,23.02893324851989,4,4.440892098500626e-16,-1.3523289430228886,0.8000000000000002
NCEP-AirTemp-Africa-2000,NCEP2000_r009_c013,1,23.225807189941406,,,,4,23.02893324851989,4,,-2.213840425389199,0.9411764705882352
NCEP-AirTemp-Africa-2000,NCEP2000_r009_c013,2,22.16828155517578,23.225807189941406,-1.057525634765625,-0.04553235227164102,4,23.02893324851989,3,-1.3208207024468313,-2.213840425389199,0.9411764705882352
NCEP-AirTemp-Africa-2000,NCEP2000_r009_c013,3,24.4006404876709,22.16828155517578,2.232358932495117,0.10070058551624238,5,25.58885782135857,6,2.6416414048936643,-2.213840425389199,0.9411764705882352
NCEP-AirTemp-Africa-2000,NCEP2000_r009_c013,4,25.060333251953125,24.4006404876709,0.6596927642822266,0.027035879021927913,5,25.58885782135857,4,4.440892098500626e-16,-2.213840425389199,0.9411764705882352
NCEP-AirTemp-Africa-2000,NCEP2000_r009_c013,5,22.011934280395508,25.060333251953125,-3.048398971557617,-0.1216423956102034,4,23.02893324851989,2,-2.641641404893663,-2.213840425389199,0.9411764705882352
NCEP-AirTemp-Africa-2000,NCEP2000_r009_c013,6,20.446666717529297,22.011934280395508,-1.565267562866211,-0.07110995076249547,3,20.469008675681216,3,-1.3208207024468313,-2.213840425389199,0.9411764705882352
NCEP-AirTemp-Africa-2000,NCEP2000_r009_c013,7,20.449357986450195,20.446666717529297,0.0026912689208984375,0.00013162384647230366,3,20.469008675681216,4,4.440892098500626e-16,-2.213840425389199,0.9411764705882352
NCEP-AirTemp-Africa-2000,NCEP2000_r009_c013,8,20.724842071533203,20.449357986450195,0.2754840850830078,0.013471527334283275,3,20.469008675681216,4,4.440892098500626e-16,-2.213840425389199,0.9411764705882352
NCEP-AirTemp-Africa-2000,NCEP2000_r009_c013,9,20.718332290649418,20.724842071533203,-0.00650978088378551,-0.000314105210612296,3,20.469008675681216,4,4.440892098500626e-16,-2.213840425389199,0.9411764705882352
NCEP-AirTemp-Africa-2000,NCEP2000_r009_c013,10,21.488065719604492,20.718332290649418,0.7697334289550746,0.03715228707392004,3,20.469008675681216,5,1.3208207024468321,-2.213840425389199,0.9411764705882352
NCEP-AirTemp-Africa-2000,NCEP2000_r009_c013,11,21.226003646850582,21.488065719604492,-0.2620620727539098,-0.012195703241675179,3,20.469008675681216,4,4.440892098500626e-16,-2.213840425389199,0.9411764705882352
NCEP-AirTemp-Africa-2000,NCEP2000_r009_c013,12,22.70000648498535,21.226003646850582,1.4740028381347692,0.06944325755609088,4,23.02893324851989,5,1.3208207024468321,-2.213840425389199,0.9411764705882352
NCEP-AirTemp-Africa-2000,NCEP2000_r009_c014,1,24.452898025512695,,,,5,25.58885782135857,4,,-2.1289677621881795,0.9090909090909092
NCEP-AirTemp-Africa-2000,NCEP2000_r009_c014,2,22.422761917114254,24.452898025512695,-2.030136108398441,-0.08302231115020879,4,23.02893324851989,2,-2.641641404893663,-2.1289677621881795,0.9090909090909092
NCEP-AirTemp-Africa-2000,NCEP2000_r009_c014,3,24.10161399841309,22.422761917114254,1.6788520812988352,0.0748726712393733,4,23.02893324851989,5,1.3208207024468321,-2.1289677621881795,0.9090909090909092
NCEP-AirTemp-Africa-2000,NCEP2000_r009_c014,4,23.40633201599121,24.10161399841309,-0.6952819824218786,-0.028847942816927433,4,23.02893324851989,3,-1.3208207024468313,-2.1289677621881795,0.9090909090909092
NCEP-AirTemp-Africa-2000,NCEP2000_r009_c014,5,21.10451889038086,23.40633201599121,-2.3018131256103516,-0.09834147118983667,3,20.469008675681216,2,-2.641641404893663,-2.1289677621881795,0.9090909090909092
NCEP-AirTemp-Africa-2000,NCEP2000_r009_c014,6,19.34267234802246,21.10451889038086,-1.7618465423583984,-0.08348195718223281,3,20.469008675681216,3,-1.3208207024468313,-2.1289677621881795,0.9090909090909092
NCEP-AirTemp-Africa-2000,NCEP2000_r009_c014,7,19.333873748779297,19.34267234802246,-0.008798599243164062,-0.0004548802298284087,3,20.469008675681216,4,4.440892098500626e-16,-2.1289677621881795,0.9090909090909092
NCEP-AirTemp-Africa-2000,NCEP2000_r009_c014,8,21.128061294555664,19.333873748779297,1.7941875457763672,0.09280021009186784,3,20.469008675681216,5,1.3208207024468321,-2.1289677621881795,0.9090909090909092
NCEP-AirTemp-Africa-2000,NCEP2000_r009_c014,9,24.642667770385746,21.128061294555664,3.5146064758300817,0.16634779816431786,5,25.58885782135857,7,3.962462107340496,-2.1289677621881795,0.9090909090909092
NCEP-AirTemp-Africa-2000,NCEP2000_r009_c014,10,26.40290641784668,24.642667770385746,1.760238647460934,0.07143052302057554,5,25.58885782135857,5,1.3208207024468321,-2.1289677621881795,0.9090909090909092
NCEP-AirTemp-Africa-2000,NCEP2000_r009_c014,11,25.766332626342773,26.40290641784668,-0.6365737915039062,-0.02410998931063222,5,25.58885782135857,4,4.440892098500626e-16,-2.1289677621881795,0.9090909090909092
NCEP-AirTemp-Africa-2000,NCEP2000_r009_c014,12,25.80323028564453,25.766332626342773,0.03689765930175781,0.0014320105168569735,5,25.58885782135857,4,4.440892098500626e-16,-2.1289677621881795,0.9090909090909092
NCEP-AirTemp-Africa-2000,NCEP2000_r009_c015,1,22.84419631958008,,,,4,23.02893324851989,4,,-2.0340631519624797,0.7272727272727275
NCEP-AirTemp-Africa-2000,NCEP2000_r009_c015,2,22.34482765197754,22.84419631958008,-0.4993686676025426,-0.02185976081699695,4,23.02893324851989,4,4.440892098500626e-16,-2.0340631519624797,0.7272727272727275
NCEP-AirTemp-Africa-2000,NCEP2000_r009_c015,3,21.24645233154297,22.34482765197754,-1.0983753204345703,-0.04915568549204554,3,20.469008675681216,3,-1.3208207024468313,-2.0340631519624797,0.7272727272727275
NCEP-AirTemp-Africa-2000,NCEP2000_r009_c015,4,20.26100730895996,21.24645233154297,-0.9854450225830078,-0.046381626786698577,3,20.469008675681216,3,-1.3208207024468313,-2.0340631519624797,0.7272727272727275
NCEP-AirTemp-Africa-2000,NCEP2000_r009_c015,5,19.749038696289062,20.26100730895996,-0.5119686126708984,-0.02526866531677782,3,20.469008675681216,4,4.440892098500626e-16,-2.0340631519624797,0.7272727272727275
NCEP-AirTemp-Africa-2000,NCEP2000_r009_c015,6,18.631671905517575,19.749038696289062,-1.117366790771488,-0.056578287579204876,2,17.909084102842538,3,-1.3208207024468313,-2.0340631519624797,0.7272727272727275
NCEP-AirTemp-Africa-2000,NCEP2000_r009_c015,7,17.869352340698242,18.631671905517575,-0.7623195648193324,-0.04091525273121514,2,17.909084102842538,3,-1.3208207024468313,-2.0340631519624797,0.7272727272727275
NCEP-AirTemp-Africa-2000,NCEP2000_r009_c015,8,20.270009994506836,17.869352340698242,2.4006576538085938,0.13434497278007046,3,20.469008675681216,6,2.6416414048936643,-2.0340631519624797,0.7272727272727275
NCEP-AirTemp-Africa-2000,NCEP2000_r009_c015,9,26.169994354248047,20.270009994506836,5.899984359741211,0.29106963249352635,5,25.58885782135857,8,5.283282809787327,-2.0340631519624797,0.7272727272727275
NCEP-AirTemp-Africa-2000,NCEP2000_r009_c015,10,29.006772994995117,26.169994354248047,2.8367786407470703,0.10839813728452677,6,28.148782394197248,6,2.6416414048936643,-2.0340631519624797,0.7272727272727275
NCEP-AirTemp-Africa-2000,NCEP2000_r009_c015,11,28.801998138427734,29.006772994995117,-0.2047748565673828,-0.007059553181000694,6,28.148782394197248,4,4.440892098500626e-16,-2.0340631519624797,0.7272727272727275
NCEP-AirTemp-Africa-2000,NCEP2000_r009_c015,12,24.227100372314453,28.801998138427734,-4.574897766113281,-0.1588395966184525,4,23.02893324851989,1,-3.9624621073404946,-2.0340631519624797,0.7272727272727275
NCEP-AirTemp-Africa-2000,NCEP2000_r009_c016,1,21.887104034423828,,,,4,23.02893324851989,4,,-1.9292540469007755,0.6666666666666665
NCEP-AirTemp-Africa-2000,NCEP2000_r009_c016,2,21.873798370361328,21.887104034423828,-0.0133056640625,-0.0006079225484364207,4,23.02893324851989,4,4.440892098500626e-16,-1.9292540469007755,0.6666666666666665
NCEP-AirTemp-Africa-2000,NCEP2000_r009_c016,3,20.662260055541992,21.873798370361328,-1.211538314819336,-0.0553876512120068,3,20.469008675681216,3,-1.3208207024468313,-1.9292540469007755,0.6666666666666665
NCEP-AirTemp-Africa-2000,NCEP2000_r009_c016,4,20.521669387817383,20.662260055541992,-0.14059066772460938,-0.006804225062829001,3,20.469008675681216,4,4.440892098500626e-16,-1.9292540469007755,0.6666666666666665
NCEP-AirTemp-Africa-2000,NCEP2000_r009_c016,5,20.083555221557617,20.521669387817383,-0.4381141662597656,-0.021348856078923607,3,20.469008675681216,4,4.440892098500626e-16,-1.9292540469007755,0.6666666666666665
NCEP-AirTemp-Africa-2000,NCEP2000_r009_c016,6,18.66500663757324,20.083555221557617,-1.4185485839843786,-0.07063234414102706,2,17.909084102842538,3,-1.3208207024468313,-1.9292540469007755,0.6666666666666665
NCEP-AirTemp-Africa-2000,NCEP2000_r009_c016,7,17.30355453491211,18.66500663757324,-1.3614521026611293,-0.07294142076116297,2,17.909084102842538,3,-1.3208207024468313,-1.9292540469007755,0.6666666666666665
NCEP-AirTemp-Africa-2000,NCEP2000_r009_c016,8,19.90677833557129,17.30355453491211,2.6032238006591797,0.15044445321375133,3,20.469008675681216,6,2.6416414048936643,-1.9292540469007755,0.6666666666666665
NCEP-AirTemp-Africa-2000,NCEP2000_r009_c016,9,26.34200096130371,19.90677833557129,6.435222625732422,0.3232679099175664,5,25.58885782135857,8,5.283282809787327,-1.9292540469007755,0.6666666666666665
NCEP-AirTemp-Africa-2000,NCEP2000_r009_c016,10,29.148704528808594,26.34200096130371,2.806703567504883,0.1065486092581926,6,28.148782394197248,6,2.6416414048936643,-1.9292540469007755,0.6666666666666665
NCEP-AirTemp-Africa-2000,NCEP2000_r009_c016,11,28.22733497619629,29.148704528808594,-0.9213695526123047,-0.03160927964059898,6,28.148782394197248,3,-1.3208207024468313,-1.9292540469007755,0.6666666666666665
NCEP-AirTemp-Africa-2000,NCEP2000_r009_c016,12,22.94258689880371,28.22733497619629,-5.284748077392578,-0.1872209360837334,4,23.02893324851989,0,-5.283282809787327,-1.9292540469007755,0.6666666666666665
NCEP-AirTemp-Africa-2000,NCEP2000_r009_c017,1,22.0767765045166,,,,4,23.02893324851989,4,,-1.8155510295235495,0.5714285714285708
NCEP-AirTemp-Africa-2000,NCEP2000_r009_c017,2,21.6851749420166,22.0767765045166,-0.3916015625,-0.01773816763601714,3,20.469008675681216,4,4.440892098500626e-16,-1.8155510295235495,0.5714285714285708
NCEP-AirTemp-Africa-2000,NCEP2000_r009_c017,3,21.09065055847168,21.6851749420166,-0.5945243835449219,-0.02741616727255392,3,20.469008675681216,4,4.440892098500626e-16,-1.8155510295235495,0.5714285714285708
NCEP-AirTemp-Africa-2000,NCEP2000_r009_c017,4,20.763002395629883,21.09065055847168,-0.3276481628417969,-0.015535232634641863,3,20.469008675681216,4,4.440892098500626e-16,-1.8155510295235495,0.5714285714285708
NCEP-AirTemp-Africa-2000,NCEP2000_r009_c017,5,20.42419815063477,20.763002395629883,-0.33880424499511363,-0.01631769040620175,3,20.469008675681216,4,4.440892098500626e-16,-1.8155510295235495,0.5714285714285708
NCEP-AirTemp-Africa-2000,NCEP2000_r009_c017,6,18.511005401611328,20.42419815063477,-1.913192749023441,-0.09367284506902321,2,17.909084102842538,3,-1.3208207024468313,-1.8155510295235495,0.5714285714285708
NCEP-AirTemp-Africa-2000,NCEP2000_r009_c017,7,17.022266387939453,18.511005401611328,-1.488739013671875,-0.08042453564095901,2,17.909084102842538,3,-1.3208207024468313,-1.8155510295235495,0.5714285714285708
NCEP-AirTemp-Africa-2000,NCEP2000_r009_c017,8,19.61096572875977,17.022266387939453,2.588699340820316,0.15207724293719493,3,20.469008675681216,6,2.6416414048936643,-1.8155510295235495,0.5714285714285708
NCEP-AirTemp-Africa-2000,NCEP2000_r009_c017,9,26.000335693359375,19.61096572875977,6.389369964599606,0.32580598288586576,5,25.58885782135857,8,5.283282809787327,-1.8155510295235495,0.5714285714285708
NCEP-AirTemp-Africa-2000,NCEP2000_r009_c017,10,28.513870239257812,26.000335693359375,2.5135345458984375,0.09667315743697907,6,28.148782394197248,6,2.6416414048936643,-1.8155510295235495,0.5714285714285708
NCEP-AirTemp-Africa-2000,NCEP2000_r009_c017,11,25.6510009765625,28.513870239257812,-2.8628692626953125,-0.10040268959187879,5,25.58885782135857,2,-2.641641404893663,-1.8155510295235495,0.5714285714285708
NCEP-AirTemp-Africa-2000,NCEP2000_r009_c017,12,23.25322914123535,25.6510009765625,-2.3977718353271484,-0.09347673556747393,4,23.02893324851989,2,-2.641641404893663,-1.8155510295235495,0.5714285714285708
NCEP-AirTemp-Africa-2000,NCEP2000_r009_c018,1,22.18193626403809,,,,4,23.02893324851989,4,,-1.695034177667733,0.5517241379310345
NCEP-AirTemp-Africa-2000,NCEP2000_r009_c018,2,21.616212844848633,22.18193626403809,-0.5657234191894567,-0.025503788869262134,3,20.469008675681216,4,4.440892098500626e-16,-1.695034177667733,0.5517241379310345
NCEP-AirTemp-Africa-2000,NCEP2000_r009_c018,3,21.07419776916504,21.616212844848633,-0.5420150756835938,-0.025074469777566128,3,20.469008675681216,4,4.440892098500626e-16,-1.695034177667733,0.5517241379310345
NCEP-AirTemp-Africa-2000,NCEP2000_r009_c018,4,20.486003875732425,21.07419776916504,-0.5881938934326136,-0.02791061846696895,3,20.469008675681216,4,4.440892098500626e-16,-1.695034177667733,0.5517241379310345
NCEP-AirTemp-Africa-2000,NCEP2000_r009_c018,5,20.01774787902832,20.486003875732425,-0.4682559967041051,-0.02285736152079898,3,20.469008675681216,4,4.440892098500626e-16,-1.695034177667733,0.5517241379310345
NCEP-AirTemp-Africa-2000,NCEP2000_r009_c018,6,18.102670669555664,20.01774787902832,-1.9150772094726562,-0.09566896441327424,2,17.909084102842538,3,-1.3208207024468313,-1.695034177667733,0.5517241379310345
NCEP-AirTemp-Africa-2000,NCEP2000_r009_c018,7,16.666776657104492,18.102670669555664,-1.4358940124511719,-0.07931945725919878,2,17.909084102842538,3,-1.3208207024468313,-1.695034177667733,0.5517241379310345
NCEP-AirTemp-Africa-2000,NCEP2000_r009_c018,8,19.502262115478516,16.666776657104492,2.8354854583740234,0.17012800475521764,3,20.469008675681216,6,2.6416414048936643,-1.695034177667733,0.5517241379310345
NCEP-AirTemp-Africa-2000,NCEP2000_r009_c018,9,25.494665145874023,19.502262115478516,5.992403030395508,0.3072670747071679,5,25.58885782135857,8,5.283282809787327,-1.695034177667733,0.5517241379310345
NCEP-AirTemp-Africa-2000,NCEP2000_r009_c018,10,27.96742057800293,25.494665145874023,2.4727554321289062,0.09699109276314967,6,28.148782394197248,6,2.6416414048936643,-1.695034177667733,0.5517241379310345
NCEP-AirTemp-Africa-2000,NCEP2000_r009_c018,11,24.309661865234375,27.96742057800293,-3.6577587127685547,-0.13078641637925925,5,25.58885782135857,1,-3.9624621073404946,-1.695034177667733,0.5517241379310345
NCEP-AirTemp-Africa-2000,NCEP2000_r009_c018,12,23.086454391479492,24.309661865234375,-1.2232074737548828,-0.050317749400875494,4,23.02893324851989,3,-1.3208207024468313,-1.695034177667733,0.5517241379310345
NCEP-AirTemp-Africa-2000,NCEP2000_r009_c019,1,21.837417602539062,,,,4,23.02893324851989,4,,-1.5707963267948966,0.5517241379310345
NCEP-AirTemp-Africa-2000,NCEP2000_r009_c019,2,21.210344314575195,21.837417602539062,-0.6270732879638672,-0.02871554225765947,3,20.469008675681216,4,4.440892098500626e-16,-1.5707963267948966,0.5517241379310345
NCEP-AirTemp-Africa-2000,NCEP2000_r009_c019,3,20.769676208496097,21.210344314575195,-0.440668106079098,-0.020776093944702367,3,20.469008675681216,4,4.440892098500626e-16,-1.5707963267948966,0.5517241379310345
NCEP-AirTemp-Africa-2000,NCEP2000_r009_c019,4,19.993337631225582,20.769676208496097,-0.7763385772705149,-0.037378463172812675,3,20.469008675681216,3,-1.3208207024468313,-1.5707963267948966,0.5517241379310345
NCEP-AirTemp-Africa-2000,NCEP2000_r009_c019,5,18.797103881835938,19.993337631225582,-1.1962337493896449,-0.05983161848481805,2,17.909084102842538,3,-1.3208207024468313,-1.5707963267948966,0.5517241379310345
NCEP-AirTemp-Africa-2000,NCEP2000_r009_c019,6,16.800342559814453,18.797103881835938,-1.9967613220214844,-0.10622707277534384,2,17.909084102842538,2,-2.641641404893663,-1.5707963267948966,0.5517241379310345
NCEP-AirTemp-Africa-2000,NCEP2000_r009_c019,7,15.467424392700195,16.800342559814453,-1.3329181671142578,-0.07933874933613133,1,15.349159530003863,3,-1.3208207024468313,-1.5707963267948966,0.5517241379310345
NCEP-AirTemp-Africa-2000,NCEP2000_r009_c019,8,18.22032356262207,15.467424392700195,2.752899169921875,0.17798045104530122,2,17.909084102842538,6,2.6416414048936643,-1.5707963267948966,0.5517241379310345
NCEP-AirTemp-Africa-2000,NCEP2000_r009_c019,9,23.794002532958984,18.22032356262207,5.573678970336914,0.30590450005898856,4,23.02893324851989,8,5.283282809787327,-1.5707963267948966,0.5517241379310345
NCEP-AirTemp-Africa-2000,NCEP2000_r009_c019,10,26.159677505493164,23.794002532958984,2.3656749725341797,0.09942316217110986,5,25.58885782135857,6,2.6416414048936643,-1.5707963267948966,0.5517241379310345
NCEP-AirTemp-Africa-2000,NCEP2000_r009_c019,11,23.857999801635746,26.159677505493164,-2.3016777038574183,-0.0879857063747861,4,23.02893324851989,2,-2.641641404893663,-1.5707963267948966,0.5517241379310345
NCEP-AirTemp-Africa-2000,NCEP2000_r009_c019,12,22.64548110961914,23.857999801635746,-1.2125186920166051,-0.050822311262383055,4,23.02893324851989,3,-1.3208207024468313,-1.5707963267948966,0.5517241379310345
NCEP-AirTemp-Africa-2000,NCEP2000_r009_c020,1,21.108386993408203,,,,3,20.469008675681216,4,,-1.4465584759220602,0.64
NCEP-AirTemp-Africa-2000,NCEP2000_r009_c020,2,20.759315490722656,21.108386993408203,-0.3490715026855469,-0.016537099816985357,3,20.469008675681216,4,4.440892098500626e-16,-1.4465584759220602,0.64
NCEP-AirTemp-Africa-2000,NCEP2000_r009_c020,3,20.12226104736328,20.759315490722656,-0.637054443359375,-0.030687642068163316,3,20.469008675681216,4,4.440892098500626e-16,-1.4465584759220602,0.64
NCEP-AirTemp-Africa-2000,NCEP2000_r009_c020,4,18.803007125854492,20.12226104736328,-1.319253921508789,-0.06556191266993117,2,17.909084102842538,3,-1.3208207024468313,-1.4465584759220602,0.64
NCEP-AirTemp-Africa-2000,NCEP2000_r009_c020,5,17.422908782958984,18.803007125854492,-1.3800983428955078,-0.07339774609763597,2,17.909084102842538,3,-1.3208207024468313,-1.4465584759220602,0.64
NCEP-AirTemp-Africa-2000,NCEP2000_r009_c020,6,15.887343406677246,17.422908782958984,-1.5355653762817383,-0.08813484564550125,1,15.349159530003863,3,-1.3208207024468313,-1.4465584759220602,0.64
NCEP-AirTemp-Africa-2000,NCEP2000_r009_c020,7,14.638071060180664,15.887343406677246,-1.249272346496582,-0.0786331807979633,1,15.349159530003863,3,-1.3208207024468313,-1.4465584759220602,0.64
NCEP-AirTemp-Africa-2000,NCEP2000_r009_c020,8,16.71258544921875,14.638071060180664,2.074514389038086,0.14172047536244725,2,17.909084102842538,6,2.6416414048936643,-1.4465584759220602,0.64
NCEP-AirTemp-Africa-2000,NCEP2000_r009_c020,9,22.187997817993164,16.71258544921875,5.475412368774414,0.3276221016437866,4,23.02893324851989,8,5.283282809787327,-1.4465584759220602,0.64
NCEP-AirTemp-Africa-2000,NCEP2000_r009_c020,10,24.106130599975582,22.187997817993164,1.9181327819824183,0.08644911531525955,4,23.02893324851989,5,1.3208207024468321,-1.4465584759220602,0.64
NCEP-AirTemp-Africa-2000,NCEP2000_r009_c020,11,23.15399742126465,24.106130599975582,-0.952133178710934,-0.039497553319979874,4,23.02893324851989,3,-1.3208207024468313,-1.4465584759220602,0.64
NCEP-AirTemp-Africa-2000,NCEP2000_r009_c020,12,21.921615600585938,23.15399742126465,-1.232381820678711,-0.0532254451901636,4,23.02893324851989,3,-1.3208207024468313,-1.4465584759220602,0.64
NCEP-AirTemp-Africa-2000,NCEP2000_r009_c021,1,21.837421417236328,,,,4,23.02893324851989,4,,-1.3260416240662436,0.7619047619047618
NCEP-AirTemp-Africa-2000,NCEP2000_r009_c021,2,21.39896583557129,21.837421417236328,-0.43845558166503906,-0.020078175590775797,3,20.469008675681216,4,4.440892098500626e-16,-1.3260416240662436,0.7619047619047618
NCEP-AirTemp-Africa-2000,NCEP2000_r009_c021,3,20.79225730895996,21.39896583557129,-0.6067085266113281,-0.028352235863791257,3,20.469008675681216,4,4.440892098500626e-16,-1.3260416240662436,0.7619047619047618
NCEP-AirTemp-Africa-2000,NCEP2000_r009_c021,4,19.282005310058594,20.79225730895996,-1.5102519989013672,-0.07263530729059214,3,20.469008675681216,3,-1.3208207024468313,-1.3260416240662436,0.7619047619047618
NCEP-AirTemp-Africa-2000,NCEP2000_r009_c021,5,17.70452117919922,19.282005310058594,-1.577484130859375,-0.08181120715885652,2,17.909084102842538,3,-1.3208207024468313,-1.3260416240662436,0.7619047619047618
NCEP-AirTemp-Africa-2000,NCEP2000_r009_c021,6,16.77634048461914,17.70452117919922,-0.9281806945800781,-0.05242619583920654,2,17.909084102842538,3,-1.3208207024468313,-1.3260416240662436,0.7619047619047618
NCEP-AirTemp-Africa-2000,NCEP2000_r009_c021,7,15.71452522277832,16.77634048461914,-1.0618152618408203,-0.06329242440056056,1,15.349159530003863,3,-1.3208207024468313,-1.3260416240662436,0.7619047619047618
NCEP-AirTemp-Africa-2000,NCEP2000_r009_c021,8,17.33258628845215,15.71452522277832,1.6180610656738281,0.10296595301068573,2,17.909084102842538,5,1.3208207024468321,-1.3260416240662436,0.7619047619047618
NCEP-AirTemp-Africa-2000,NCEP2000_r009_c021,9,22.26034164428711,17.33258628845215,4.927755355834961,0.2843058314452519,4,23.02893324851989,8,5.283282809787327,-1.3260416240662436,0.7619047619047618
NCEP-AirTemp-Africa-2000,NCEP2000_r009_c021,10,23.82935905456543,22.26034164428711,1.5690174102783203,0.07048487554012868,4,23.02893324851989,5,1.3208207024468321,-1.3260416240662436,0.7619047619047618
NCEP-AirTemp-Africa-2000,NCEP2000_r009_c021,11,23.691669464111328,23.82935905456543,-0.13768959045410156,-0.00577814913690353,4,23.02893324851989,4,4.440892098500626e-16,-1.3260416240662436,0.7619047619047618
NCEP-AirTemp-Africa-2000,NCEP2000_r009_c021,12,22.374521255493164,23.691669464111328,-1.317148208618164,-0.055595415536816,4,23.02893324851989,3,-1.3208207024468313,-1.3260416240662436,0.7619047619047618
NCEP-AirTemp-Africa-2000,NCEP2000_r009_c022,1,24.572582244873047,,,,5,25.58885782135857,4,,-1.2123386066890176,0.9411764705882356
NCEP-AirTemp-Africa-2000,NCEP2000_r009_c022,2,24.311378479003903,24.572582244873047,-0.2612037658691442,-0.0106298867276614,5,25.58885782135857,4,4.440892098500626e-16,-1.2123386066890176,0.9411764705882356
NCEP-AirTemp-Africa-2000,NCEP2000_r009_c022,3,23.711294174194336,24.311378479003903,-0.6000843048095668,-0.024683269413448485,4,23.02893324851989,4,4.440892098500626e-16,-1.2123386066890176,0.9411764705882356
NCEP-AirTemp-Africa-2000,NCEP2000_r009_c022,4,22.2536678314209,23.711294174194336,-1.4576263427734375,-0.061473925972366915,4,23.02893324851989,3,-1.3208207024468313,-1.2123386066890176,0.9411764705882356
NCEP-AirTemp-Africa-2000,NCEP2000_r009_c022,5,20.64194107055664,22.2536678314209,-1.6117267608642578,-0.07242521875825757,3,20.469008675681216,3,-1.3208207024468313,-1.2123386066890176,0.9411764705882356
NCEP-AirTemp-Africa-2000,NCEP2000_r009_c022,6,19.98467445373535,20.64194107055664,-0.6572666168212891,-0.031841318341849376,3,20.469008675681216,4,4.440892098500626e-16,-1.2123386066890176,0.9411764705882356
NCEP-AirTemp-Africa-2000,NCEP2000_r009_c022,7,18.824201583862305,19.98467445373535,-1.1604728698730469,-0.058068139791796404,2,17.909084102842538,3,-1.3208207024468313,-1.2123386066890176,0.9411764705882356
NCEP-AirTemp-Africa-2000,NCEP2000_r009_c022,8,19.633872985839844,18.824201583862305,0.8096714019775391,0.043012257299223665,3,20.469008675681216,5,1.3208207024468321,-1.2123386066890176,0.9411764705882356
NCEP-AirTemp-Africa-2000,NCEP2000_r009_c022,9,23.61933135986328,19.633872985839844,3.9854583740234375,0.20298890478194456,4,23.02893324851989,7,3.962462107340496,-1.2123386066890176,0.9411764705882356
NCEP-AirTemp-Africa-2000,NCEP2000_r009_c022,10,24.76032066345215,23.61933135986328,1.1409893035888672,0.04830743454185029,5,25.58885782135857,5,1.3208207024468321,-1.2123386066890176,0.9411764705882356
NCEP-AirTemp-Africa-2000,NCEP2000_r009_c022,11,25.6213321685791,24.76032066345215,0.8610115051269531,0.0347738430705327,5,25.58885782135857,5,1.3208207024468321,-1.2123386066890176,0.9411764705882356
NCEP-AirTemp-Africa-2000,NCEP2000_r009_c022,12,24.636451721191406,25.6213321685791,-0.9848804473876953,-0.03843986100752053,5,25.58885782135857,3,-1.3208207024468313,-1.2123386066890176,0.9411764705882356
NCEP-AirTemp-Africa-2000,NCEP2000_r009_c023,1,26.247413635253903,,,,5,25.58885782135857,4,,-1.1075295016273137,0.9411764705882352
NCEP-AirTemp-Africa-2000,NCEP2000_r009_c023,2,26.434829711914062,26.247413635253903,0.1874160766601598,0.00714036359027901,5,25.58885782135857,4,4.440892098500626e-16,-1.1075295016273137,0.9411764705882352
NCEP-AirTemp-Africa-2000,NCEP2000_r009_c023,3,26.10032081604004,26.434829711914062,-0.33450889587402344,-0.012654096868392601,5,25.58885782135857,4,4.440892098500626e-16,-1.1075295016273137,0.9411764705882352
NCEP-AirTemp-Africa-2000,NCEP2000_r009_c023,4,24.7376651763916,26.10032081604004,-1.3626556396484375,-0.05220838660385404,5,25.58885782135857,3,-1.3208207024468313,-1.1075295016273137,0.9411764705882352
NCEP-AirTemp-Africa-2000,NCEP2000_r009_c023,5,23.157743453979492,24.7376651763916,-1.5799217224121094,-0.06386705095838666,4,23.02893324851989,3,-1.3208207024468313,-1.1075295016273137,0.9411764705882352
NCEP-AirTemp-Africa-2000,NCEP2000_r009_c023,6,22.496004104614254,23.157743453979492,-0.6617393493652379,-0.028575294940989718,4,23.02893324851989,3,-1.3208207024468313,-1.1075295016273137,0.9411764705882352
NCEP-AirTemp-Africa-2000,NCEP2000_r009_c023,7,20.976131439208984,22.496004104614254,-1.5198726654052699,-0.06756189491864123,3,20.469008675681216,3,-1.3208207024468313,-1.1075295016273137,0.9411764705882352
NCEP-AirTemp-Africa-2000,NCEP2000_r009_c023,8,21.09774398803711,20.976131439208984,0.121612548828125,0.005797663367078474,3,20.469008675681216,4,4.440892098500626e-16,-1.1075295016273137,0.9411764705882352
NCEP-AirTemp-Africa-2000,NCEP2000_r009_c023,9,24.46265983581543,21.09774398803711,3.3649158477783203,0.15949173758513244,5,25.58885782135857,7,3.962462107340496,-1.1075295016273137,0.9411764705882352
NCEP-AirTemp-Africa-2000,NCEP2000_r009_c023,10,25.20871353149414,24.46265983581543,0.7460536956787109,0.03049765236838328,5,25.58885782135857,5,1.3208207024468321,-1.1075295016273137,0.9411764705882352
NCEP-AirTemp-Africa-2000,NCEP2000_r009_c023,11,26.63499641418457,25.20871353149414,1.4262828826904297,0.05657896349643245,5,25.58885782135857,5,1.3208207024468321,-1.1075295016273137,0.9411764705882352
NCEP-AirTemp-Africa-2000,NCEP2000_r009_c023,12,26.210966110229492,26.63499641418457,-0.4240303039550781,-0.0159200435908172,5,25.58885782135857,4,4.440892098500626e-16,-1.1075295016273137,0.9411764705882352
NCEP-AirTemp-Africa-2000,NCEP2000_r010_c013,1,24.003870010375977,,,,4,23.02893324851989,4,,-2.278952118791337,0.9230769230769232
NCEP-AirTemp-Africa-2000,NCEP2000_r010_c013,2,23.42551612854004,24.003870010375977,-0.5783538818359375,-0.024094193210758796,4,23.02893324851989,4,4.440892098500626e-16,-2.278952118791337,0.9230769230769232
NCEP-AirTemp-Africa-2000,NCEP2000_r010_c013,3,24.90774154663086,23.42551612854004,1.4822254180908203,0.06327397056942445,5,25.58885782135857,5,1.3208207024468321,-2.278952118791337,0.9230769230769232
NCEP-AirTemp-Africa-2000,NCEP2000_r010_c013,4,25.73433303833008,24.90774154663086,0.8265914916992223,0.033186127700567496,5,25.58885782135857,5,1.3208207024468321,-2.278952118791337,0.9230769230769232
NCEP-AirTemp-Africa-2000,NCEP2000_r010_c013,5,24.144189834594727,25.73433303833008,-1.5901432037353551,-0.0617907291930555,4,23.02893324851989,3,-1.3208207024468313,-2.278952118791337,0.9230769230769232
NCEP-AirTemp-Africa-2000,NCEP2000_r010_c013,6,21.99600601196289,24.144189834594727,-2.148183822631836,-0.08897311681810235,4,23.02893324851989,2,-2.641641404893663,-2.278952118791337,0.9230769230769232
NCEP-AirTemp-Africa-2000,NCEP2000_r010_c013,7,21.62290954589844,21.99600601196289,-0.3730964660644496,-0.0169620096421839,3,20.469008675681216,4,4.440892098500626e-16,-2.278952118791337,0.9230769230769232
NCEP-AirTemp-Africa-2000,NCEP2000_r010_c013,8,21.60161399841309,21.62290954589844,-0.021295547485351562,-0.000984860406512269,3,20.469008675681216,4,4.440892098500626e-16,-2.278952118791337,0.9230769230769232
NCEP-AirTemp-Africa-2000,NCEP2000_r010_c013,9,21.639001846313477,21.60161399841309,0.03738784790038707,0.0017307895559625166,3,20.469008675681216,4,4.440892098500626e-16,-2.278952118791337,0.9230769230769232
NCEP-AirTemp-Africa-2000,NCEP2000_r010_c013,10,22.366777420043945,21.639001846313477,0.7277755737304688,0.03363258522270777,4,23.02893324851989,5,1.3208207024468321,-2.278952118791337,0.9230769230769232
NCEP-AirTemp-Africa-2000,NCEP2000_r010_c013,11,23.0679988861084,22.366777420043945,0.7012214660644531,0.031351028040188515,4,23.02893324851989,5,1.3208207024468321,-2.278952118791337,0.9230769230769232
NCEP-AirTemp-Africa-2000,NCEP2000_r010_c013,12,23.138391494750977,23.0679988861084,0.07039260864257812,0.003051526445363612,4,23.02893324851989,4,4.440892098500626e-16,-2.278952118791337,0.9230769230769232
NCEP-AirTemp-Africa-2000,NCEP2000_r010_c014,1,22.027101516723633,,,,4,23.02893324851989,4,,-2.190595502544308,0.8235294117647058
NCEP-AirTemp-Africa-2000,NCEP2000_r010_c014,2,19.885520935058594,22.027101516723633,-2.141580581665039,-0.09722480191227553,3,20.469008675681216,2,-2.641641404893663,-2.190595502544308,0.8235294117647058
NCEP-AirTemp-Africa-2000,NCEP2000_r010_c014,3,21.57645034790039,19.885520935058594,1.6909294128417969,0.08503319668436006,3,20.469008675681216,5,1.3208207024468321,-2.190595502544308,0.8235294117647058
NCEP-AirTemp-Africa-2000,NCEP2000_r010_c014,4,20.61067008972168,21.57645034790039,-0.9657802581787109,-0.04476085002891549,3,20.469008675681216,3,-1.3208207024468313,-2.190595502544308,0.8235294117647058
NCEP-AirTemp-Africa-2000,NCEP2000_r010_c014,5,20.746776580810547,20.61067008972168,0.1361064910888672,0.00660369073379822,3,20.469008675681216,4,4.440892098500626e-16,-2.190595502544308,0.8235294117647058
NCEP-AirTemp-Africa-2000,NCEP2000_r010_c014,6,19.179670333862305,20.746776580810547,-1.5671062469482422,-0.0755349266351919,2,17.909084102842538,3,-1.3208207024468313,-2.190595502544308,0.8235294117647058
NCEP-AirTemp-Africa-2000,NCEP2000_r010_c014,7,18.88000106811523,19.179670333862305,-0.29966926574707387,-0.015624317860041549,2,17.909084102842538,4,4.440892098500626e-16,-2.190595502544308,0.8235294117647058
NCEP-AirTemp-Africa-2000,NCEP2000_r010_c014,8,20.93903160095215,18.88000106811523,2.0590305328369176,0.10905881442529326,3,20.469008675681216,6,2.6416414048936643,-2.190595502544308,0.8235294117647058
NCEP-AirTemp-Africa-2000,NCEP2000_r010_c014,9,23.828662872314453,20.93903160095215,2.8896312713623047,0.13800214481890874,4,23.02893324851989,6,2.6416414048936643,-2.190595502544308,0.8235294117647058
NCEP-AirTemp-Africa-2000,NCEP2000_r010_c014,10,24.473867416381836,23.828662872314453,0.6452045440673828,0.027076825398248405,5,25.58885782135857,4,4.440892098500626e-16,-2.190595502544308,0.8235294117647058
NCEP-AirTemp-Africa-2000,NCEP2000_r010_c014,11,24.778337478637695,24.473867416381836,0.3044700622558594,0.012440619092839377,5,25.58885782135857,4,4.440892098500626e-16,-2.190595502544308,0.8235294117647058
NCEP-AirTemp-Africa-2000,NCEP2000_r010_c014,12,22.653873443603516,24.778337478637695,-2.1244640350341797,-0.08573876422765479,4,23.02893324851989,2,-2.641641404893663,-2.190595502544308,0.8235294117647058
NCEP-AirTemp-Africa-2000,NCEP2000_r010_c015,1,20.34387588500977,,,,3,20.469008675681216,4,,-2.089532348129183,0.7272727272727274
NCEP-AirTemp-Africa-2000,NCEP2000_r010_c015,2,19.480005264282227,20.34387588500977,-0.8638706207275426,-0.0424634236666809,3,20.469008675681216,3,-1.3208207024468313,-2.089532348129183,0.7272727272727274
NCEP-AirTemp-Africa-2000,NCEP2000_r010_c015,3,19.497425079345703,19.480005264282227,0.017419815063476562,0.0008942407780257048,3,20.469008675681216,4,4.440892098500626e-16,-2.089532348129183,0.7272727272727274
NCEP-AirTemp-Africa-2000,NCEP2000_r010_c015,4,18.27433204650879,19.497425079345703,-1.223093032836914,-0.06273100308679112,2,17.909084102842538,3,-1.3208207024468313,-2.089532348129183,0.7272727272727274
NCEP-AirTemp-Africa-2000,NCEP2000_r010_c015,5,19.225812911987305,18.27433204650879,0.9514808654785156,0.05206651947972516,3,20.469008675681216,5,1.3208207024468321,-2.089532348129183,0.7272727272727274
NCEP-AirTemp-Africa-2000,NCEP2000_r010_c015,6,18.52800941467285,19.225812911987305,-0.6978034973144531,-0.036295136154132254,2,17.909084102842538,3,-1.3208207024468313,-2.089532348129183,0.7272727272727274
NCEP-AirTemp-Africa-2000,NCEP2000_r010_c015,7,17.765811920166016,18.52800941467285,-0.7621974945068359,-0.04113758134768813,2,17.909084102842538,3,-1.3208207024468313,-2.089532348129183,0.7272727272727274
NCEP-AirTemp-Africa-2000,NCEP2000_r010_c015,8,20.391294479370117,17.765811920166016,2.6254825592041016,0.14778286356977077,3,20.469008675681216,6,2.6416414048936643,-2.089532348129183,0.7272727272727274
NCEP-AirTemp-Africa-2000,NCEP2000_r010_c015,9,25.31867027282715,20.391294479370117,4.927375793457031,0.2416411473259856,5,25.58885782135857,8,5.283282809787327,-2.089532348129183,0.7272727272727274
NCEP-AirTemp-Africa-2000,NCEP2000_r010_c015,10,26.32096290588379,25.31867027282715,1.0022926330566406,0.0395870960937603,5,25.58885782135857,5,1.3208207024468321,-2.089532348129183,0.7272727272727274
NCEP-AirTemp-Africa-2000,NCEP2000_r010_c015,11,26.14733123779297,26.32096290588379,-0.1736316680908203,-0.0065967065381185835,5,25.58885782135857,4,4.440892098500626e-16,-2.089532348129183,0.7272727272727274
NCEP-AirTemp-Africa-2000,NCEP2000_r010_c015,12,21.226778030395508,26.14733123779297,-4.920553207397461,-0.1881856761077538,3,20.469008675681216,0,-5.283282809787327,-2.089532348129183,0.7272727272727274
NCEP-AirTemp-Africa-2000,NCEP2000_r010_c016,1,20.944517135620117,,,,3,20.469008675681216,4,,-1.9753434527635696,0.6086956521739131
NCEP-AirTemp-Africa-2000,NCEP2000_r010_c016,2,20.64931297302246,20.944517135620117,-0.29520416259765625,-0.014094579535357522,3,20.469008675681216,4,4.440892098500626e-16,-1.9753434527635696,0.6086956521739131
NCEP-AirTemp-Africa-2000,NCEP2000_r010_c016,3,20.61806869506836,20.64931297302246,-0.031244277954101562,-0.0015130904352566605,3,20.469008675681216,4,4.440892098500626e-16,-1.9753434527635696,0.6086956521739131
NCEP-AirTemp-Africa-2000,NCEP2000_r010_c016,4,20.332338333129883,20.61806869506836,-0.28573036193847656,-0.013858250555097843,3,20.469008675681216,4,4.440892098500626e-16,-1.9753434527635696,0.6086956521739131
NCEP-AirTemp-Africa-2000,NCEP2000_r010_c016,5,20.682907104492188,20.332338333129883,0.3505687713623047,0.0172419308403442,3,20.469008675681216,4,4.440892098500626e-16,-1.9753434527635696,0.6086956521739131
NCEP-AirTemp-Africa-2000,NCEP2000_r010_c016,6,19.13467025756836,20.682907104492188,-1.5482368469238281,-0.07485586233608145,2,17.909084102842538,3,-1.3208207024468313,-1.9753434527635696,0.6086956521739131
NCEP-AirTemp-Africa-2000,NCEP2000_r010_c016,7,17.978713989257812,19.13467025756836,-1.1559562683105469,-0.06041161163220621,2,17.909084102842538,3,-1.3208207024468313,-1.9753434527635696,0.6086956521739131
NCEP-AirTemp-Africa-2000,NCEP2000_r010_c016,8,20.542905807495117,17.978713989257812,2.5641918182373047,0.14262376161995768,3,20.469008675681216,6,2.6416414048936643,-1.9753434527635696,0.6086956521739131
NCEP-AirTemp-Africa-2000,NCEP2000_r010_c016,9,26.125999450683594,20.542905807495117,5.583093643188477,0.2717772108535626,5,25.58885782135857,8,5.283282809787327,-1.9753434527635696,0.6086956521739131
NCEP-AirTemp-Africa-2000,NCEP2000_r010_c016,10,27.174192428588867,26.125999450683594,1.0481929779052734,0.04012068437358277,6,28.148782394197248,5,1.3208207024468321,-1.9753434527635696,0.6086956521739131
NCEP-AirTemp-Africa-2000,NCEP2000_r010_c016,11,25.593000411987305,27.174192428588867,-1.5811920166015625,-0.058187267965985785,5,25.58885782135857,3,-1.3208207024468313,-1.9753434527635696,0.6086956521739131
NCEP-AirTemp-Africa-2000,NCEP2000_r010_c016,12,21.528711318969727,25.593000411987305,-4.064289093017578,-0.15880471330410864,3,20.469008675681216,1,-3.9624621073404946,-1.9753434527635696,0.6086956521739131
NCEP-AirTemp-Africa-2000,NCEP2000_r010_c017,1,21.003549575805664,,,,3,20.469008675681216,4,,-1.848844554577358,0.5185185185185185
NCEP-AirTemp-Africa-2000,NCEP2000_r010_c017,2,20.513452529907227,21.003549575805664,-0.4900970458984375,-0.02333401047901867,3,20.469008675681216,4,4.440892098500626e-16,-1.848844554577358,0.5185185185185185
NCEP-AirTemp-Africa-2000,NCEP2000_r010_c017,3,20.82032585144043,20.513452529907227,0.3068733215332031,0.014959613506590495,3,20.469008675681216,4,4.440892098500626e-16,-1.848844554577358,0.5185185185185185
NCEP-AirTemp-Africa-2000,NCEP2000_r010_c017,4,19.90767288208008,20.82032585144043,-0.912652969360348,-0.043834711131440204,3,20.469008675681216,3,-1.3208207024468313,-1.848844554577358,0.5185185185185185
NCEP-AirTemp-Africa-2000,NCEP2000_r010_c017,5,20.808067321777344,19.90767288208008,0.9003944396972621,0.045228512897042494,3,20.469008675681216,5,1.3208207024468321,-1.848844554577358,0.5185185185185185
NCEP-AirTemp-Africa-2000,NCEP2000_r010_c017,6,18.781003952026367,20.808067321777344,-2.0270633697509766,-0.09741718624821484,2,17.909084102842538,2,-2.641641404893663,-1.848844554577358,0.5185185185185185
NCEP-AirTemp-Africa-2000,NCEP2000_r010_c017,7,17.531944274902344,18.781003952026367,-1.2490596771240234,-0.06650654460829591,2,17.909084102842538,3,-1.3208207024468313,-1.848844554577358,0.5185185185185185
NCEP-AirTemp-Africa-2000,NCEP2000_r010_c017,8,20.384199142456055,17.531944274902344,2.852254867553711,0.16268902198353574,3,20.469008675681216,6,2.6416414048936643,-1.848844554577358,0.5185185185185185
NCEP-AirTemp-Africa-2000,NCEP2000_r010_c017,9,25.907329559326172,20.384199142456055,5.523130416870117,0.27095155312560615,5,25.58885782135857,8,5.283282809787327,-1.848844554577358,0.5185185185185185
NCEP-AirTemp-Africa-2000,NCEP2000_r010_c017,10,27.07548141479492,25.907329559326172,1.1681518554687464,0.04508962812217876,6,28.148782394197248,5,1.3208207024468321,-1.848844554577358,0.5185185185185185
NCEP-AirTemp-Africa-2000,NCEP2000_r010_c017,11,23.28067398071289,27.07548141479492,-3.7948074340820277,-0.14015660057694937,4,23.02893324851989,1,-3.9624621073404946,-1.848844554577358,0.5185185185185185
NCEP-AirTemp-Africa-2000,NCEP2000_r010_c017,12,21.588390350341797,23.28067398071289,-1.6922836303710938,-0.07269049133942958,3,20.469008675681216,3,-1.3208207024468313,-1.848844554577358,0.5185185185185185
NCEP-AirTemp-Africa-2000,NCEP2000_r010_c018,1,20.959680557250977,,,,3,20.469008675681216,4,,-1.712560129884791,0.4827586206896552
NCEP-AirTemp-Africa-2000,NCEP2000_r010_c018,2,20.684139251708984,20.959680557250977,-0.2755413055419922,-0.013146255010392752,3,20.469008675681216,4,4.440892098500626e-16,-1.712560129884791,0.4827586206896552
NCEP-AirTemp-Africa-2000,NCEP2000_r010_c018,3,20.54645347595215,20.684139251708984,-0.13768577575683594,-0.006656587159915776,3,20.469008675681216,4,4.440892098500626e-16,-1.712560129884791,0.4827586206896552
NCEP-AirTemp-Africa-2000,NCEP2000_r010_c018,4,19.12333869934082,20.54645347595215,-1.4231147766113281,-0.06926328080303305,2,17.909084102842538,3,-1.3208207024468313,-1.712560129884791,0.4827586206896552
NCEP-AirTemp-Africa-2000,NCEP2000_r010_c018,5,19.71033096313477,19.12333869934082,0.5869922637939489,0.030695072289556972,3,20.469008675681216,4,4.440892098500626e-16,-1.712560129884791,0.4827586206896552
NCEP-AirTemp-Africa-2000,NCEP2000_r010_c018,6,17.853008270263672,19.71033096313477,-1.8573226928710973,-0.09423092368894982,2,17.909084102842538,3,-1.3208207024468313,-1.712560129884791,0.4827586206896552
NCEP-AirTemp-Africa-2000,NCEP2000_r010_c018,7,16.612586975097656,17.853008270263672,-1.2404212951660156,-0.0694796796365174,1,15.349159530003863,3,-1.3208207024468313,-1.712560129884791,0.4827586206896552
NCEP-AirTemp-Africa-2000,NCEP2000_r010_c018,8,19.864521026611328,16.612586975097656,3.251934051513672,0.195751213004232,3,20.469008675681216,6,2.6416414048936643,-1.712560129884791,0.4827586206896552
NCEP-AirTemp-Africa-2000,NCEP2000_r010_c018,9,24.951663970947266,19.864521026611328,5.0871429443359375,0.2560919006061607,5,25.58885782135857,8,5.283282809787327,-1.712560129884791,0.4827586206896552
NCEP-AirTemp-Africa-2000,NCEP2000_r010_c018,10,27.114511489868164,24.951663970947266,2.1628475189208984,0.0866814943259589,6,28.148782394197248,6,2.6416414048936643,-1.712560129884791,0.4827586206896552
NCEP-AirTemp-Africa-2000,NCEP2000_r010_c018,11,21.875673294067383,27.114511489868164,-5.238838195800781,-0.19321160175643842,4,23.02893324851989,0,-5.283282809787327,-1.712560129884791,0.4827586206896552
NCEP-AirTemp-Africa-2000,NCEP2000_r010_c018,12,21.330326080322266,21.875673294067383,-0.5453472137451172,-0.02492939103698416,3,20.469008675681216,4,4.440892098500626e-16,-1.712560129884791,0.4827586206896552
NCEP-AirTemp-Africa-2000,NCEP2000_r010_c019,1,21.3403263092041,,,,3,20.469008675681216,4,,-1.5707963267948966,0.4827586206896552
NCEP-AirTemp-Africa-2000,NCEP2000_r010_c019,2,21.103797912597656,21.3403263092041,-0.2365283966064453,-0.01108363542240825,3,20.469008675681216,4,4.440892098500626e-16,-1.5707963267948966,0.4827586206896552
NCEP-AirTemp-Africa-2000,NCEP2000_r010_c019,3,20.643226623535156,21.103797912597656,-0.4605712890625,-0.021824094931631597,3,20.469008675681216,4,4.440892098500626e-16,-1.5707963267948966,0.4827586206896552
NCEP-AirTemp-Africa-2000,NCEP2000_r010_c019,4,19.38566780090332,20.643226623535156,-1.257558822631836,-0.06091871418967539,3,20.469008675681216,3,-1.3208207024468313,-1.5707963267948966,0.4827586206896552
NCEP-AirTemp-Africa-2000,NCEP2000_r010_c019,5,18.93258476257324,19.38566780090332,-0.4530830383300817,-0.023372062442386907,2,17.909084102842538,4,4.440892098500626e-16,-1.5707963267948966,0.4827586206896552
NCEP-AirTemp-Africa-2000,NCEP2000_r010_c019,6,16.899341583251953,18.93258476257324,-2.0332431793212855,-0.10739385059248167,2,17.909084102842538,2,-2.641641404893663,-1.5707963267948966,0.4827586206896552
NCEP-AirTemp-Africa-2000,NCEP2000_r010_c019,7,15.788395881652832,16.899341583251953,-1.110945701599121,-0.0657389932102515,1,15.349159530003863,3,-1.3208207024468313,-1.5707963267948966,0.4827586206896552
NCEP-AirTemp-Africa-2000,NCEP2000_r010_c019,8,18.899682998657227,15.788395881652832,3.1112871170043945,0.19706163566749155,2,17.909084102842538,6,2.6416414048936643,-1.5707963267948966,0.4827586206896552
NCEP-AirTemp-Africa-2000,NCEP2000_r010_c019,9,23.64699935913086,18.899682998657227,4.747316360473633,0.25118497282789964,4,23.02893324851989,8,5.283282809787327,-1.5707963267948966,0.4827586206896552
NCEP-AirTemp-Africa-2000,NCEP2000_r010_c019,10,26.782581329345703,23.64699935913086,3.1355819702148438,0.13259957098971611,5,25.58885782135857,6,2.6416414048936643,-1.5707963267948966,0.4827586206896552
NCEP-AirTemp-Africa-2000,NCEP2000_r010_c019,11,22.526002883911133,26.782581329345703,-4.25657844543457,-0.1589308511039835,4,23.02893324851989,1,-3.9624621073404946,-1.5707963267948966,0.4827586206896552
NCEP-AirTemp-Africa-2000,NCEP2000_r010_c019,12,21.791934967041016,22.526002883911133,-0.7340679168701172,-0.03258757981401194,4,23.02893324851989,3,-1.3208207024468313,-1.5707963267948966,0.4827586206896552
NCEP-AirTemp-Africa-2000,NCEP2000_r010_c020,1,21.781938552856445,,,,4,23.02893324851989,4,,-1.4290325237050023,0.5599999999999999
NCEP-AirTemp-Africa-2000,NCEP2000_r010_c020,2,21.58655548095703,21.781938552856445,-0.19538307189941406,-0.00896995790458659,3,20.469008675681216,4,4.440892098500626e-16,-1.4290325237050023,0.5599999999999999
NCEP-AirTemp-Africa-2000,NCEP2000_r010_c020,3,20.93000602722168,21.58655548095703,-0.6565494537353516,-0.03041473913309321,3,20.469008675681216,4,4.440892098500626e-16,-1.4290325237050023,0.5599999999999999
NCEP-AirTemp-Africa-2000,NCEP2000_r010_c020,4,19.678003311157227,20.93000602722168,-1.2520027160644531,-0.059818554970127176,3,20.469008675681216,3,-1.3208207024468313,-1.4290325237050023,0.5599999999999999
NCEP-AirTemp-Africa-2000,NCEP2000_r010_c020,5,19.05613136291504,19.678003311157227,-0.6218719482421875,-0.03160239066987007,2,17.909084102842538,4,4.440892098500626e-16,-1.4290325237050023,0.5599999999999999
NCEP-AirTemp-Africa-2000,NCEP2000_r010_c020,6,17.393007278442383,19.05613136291504,-1.6631240844726562,-0.08727501153299387,2,17.909084102842538,3,-1.3208207024468313,-1.4290325237050023,0.5599999999999999
NCEP-AirTemp-Africa-2000,NCEP2000_r010_c020,7,16.42387580871582,17.393007278442383,-0.9691314697265625,-0.055719603528697675,1,15.349159530003863,3,-1.3208207024468313,-1.4290325237050023,0.5599999999999999
NCEP-AirTemp-Africa-2000,NCEP2000_r010_c020,8,18.780969619750977,16.42387580871582,2.3570938110351562,0.14351629533050256,2,17.909084102842538,6,2.6416414048936643,-1.4290325237050023,0.5599999999999999
NCEP-AirTemp-Africa-2000,NCEP2000_r010_c020,9,23.46299934387207,18.780969619750977,4.682029724121094,0.24929648569354187,4,23.02893324851989,8,5.283282809787327,-1.4290325237050023,0.5599999999999999
NCEP-AirTemp-Africa-2000,NCEP2000_r010_c020,10,26.17580223083496,23.46299934387207,2.7128028869628906,0.1156204646816139,5,25.58885782135857,6,2.6416414048936643,-1.4290325237050023,0.5599999999999999
NCEP-AirTemp-Africa-2000,NCEP2000_r010_c020,11,23.8986759185791,26.17580223083496,-2.2771263122558594,-0.08699356345126326,4,23.02893324851989,2,-2.641641404893663,-1.4290325237050023,0.5599999999999999
NCEP-AirTemp-Africa-2000,NCEP2000_r010_c020,12,22.0974178314209,23.8986759185791,-1.8012580871582031,-0.07537062276148465,4,23.02893324851989,3,-1.3208207024468313,-1.4290325237050023,0.5599999999999999
NCEP-AirTemp-Africa-2000,NCEP2000_r010_c021,1,22.048389434814453,,,,4,23.02893324851989,4,,-1.2927480990124351,0.6666666666666666
NCEP-AirTemp-Africa-2000,NCEP2000_r010_c021,2,21.79310607910156,22.048389434814453,-0.2552833557128942,-0.011578322147639555,4,23.02893324851989,4,4.440892098500626e-16,-1.2927480990124351,0.6666666666666666
NCEP-AirTemp-Africa-2000,NCEP2000_r010_c021,3,21.202259063720703,21.79310607910156,-0.5908470153808558,-0.027111647749351663,3,20.469008675681216,4,4.440892098500626e-16,-1.2927480990124351,0.6666666666666666
NCEP-AirTemp-Africa-2000,NCEP2000_r010_c021,4,19.801340103149418,21.202259063720703,-1.4009189605712855,-0.0660740422216803,3,20.469008675681216,3,-1.3208207024468313,-1.2927480990124351,0.6666666666666666
NCEP-AirTemp-Africa-2000,NCEP2000_r010_c021,5,18.694841384887695,19.801340103149418,-1.1064987182617223,-0.055879991581263375,2,17.909084102842538,3,-1.3208207024468313,-1.2927480990124351,0.6666666666666666
NCEP-AirTemp-Africa-2000,NCEP2000_r010_c021,6,17.559337615966797,18.694841384887695,-1.1355037689208984,-0.06073888221586105,2,17.909084102842538,3,-1.3208207024468313,-1.2927480990124351,0.6666666666666666
NCEP-AirTemp-Africa-2000,NCEP2000_r010_c021,7,16.69613265991211,17.559337615966797,-0.8632049560546875,-0.04915931198166443,2,17.909084102842538,3,-1.3208207024468313,-1.2927480990124351,0.6666666666666666
NCEP-AirTemp-Africa-2000,NCEP2000_r010_c021,8,18.69774627685547,16.69613265991211,2.0016136169433594,0.11988486541852238,2,17.909084102842538,6,2.6416414048936643,-1.2927480990124351,0.6666666666666666
NCEP-AirTemp-Africa-2000,NCEP2000_r010_c021,9,23.5606689453125,18.69774627685547,4.862922668457031,0.26008068547151464,4,23.02893324851989,8,5.283282809787327,-1.2927480990124351,0.6666666666666666
NCEP-AirTemp-Africa-2000,NCEP2000_r010_c021,10,25.53999900817871,23.5606689453125,1.979330062866211,0.08400992635058468,5,25.58885782135857,5,1.3208207024468321,-1.2927480990124351,0.6666666666666666
NCEP-AirTemp-Africa-2000,NCEP2000_r010_c021,11,23.98900604248047,25.53999900817871,-1.5509929656982422,-0.06072799631674087,4,23.02893324851989,3,-1.3208207024468313,-1.2927480990124351,0.6666666666666666
NCEP-AirTemp-Africa-2000,NCEP2000_r010_c021,12,21.912904739379883,23.98900604248047,-2.076101303100586,-0.08654386511154993,4,23.02893324851989,2,-2.641641404893663,-1.2927480990124351,0.6666666666666666
NCEP-AirTemp-Africa-2000,NCEP2000_r010_c022,1,22.44806480407715,,,,4,23.02893324851989,4,,-1.1662492008262235,0.823529411764706
NCEP-AirTemp-Africa-2000,NCEP2000_r010_c022,2,22.137590408325195,22.44806480407715,-0.3104743957519531,-0.013830786683026813,4,23.02893324851989,4,4.440892098500626e-16,-1.1662492008262235,0.823529411764706
NCEP-AirTemp-Africa-2000,NCEP2000_r010_c022,3,21.581615447998047,22.137590408325195,-0.5559749603271484,-0.025114520147507344,3,20.469008675681216,4,4.440892098500626e-16,-1.1662492008262235,0.823529411764706
NCEP-AirTemp-Africa-2000,NCEP2000_r010_c022,4,19.885005950927734,21.581615447998047,-1.6966094970703125,-0.07861364693288951,3,20.469008675681216,3,-1.3208207024468313,-1.1662492008262235,0.823529411764706
NCEP-AirTemp-Africa-2000,NCEP2000_r010_c022,5,18.520648956298828,19.885005950927734,-1.3643569946289062,-0.0686123503304887,2,17.909084102842538,3,-1.3208207024468313,-1.1662492008262235,0.823529411764706
NCEP-AirTemp-Africa-2000,NCEP2000_r010_c022,6,17.880002975463867,18.520648956298828,-0.6406459808349609,-0.03459090350163344,2,17.909084102842538,4,4.440892098500626e-16,-1.1662492008262235,0.823529411764706
NCEP-AirTemp-Africa-2000,NCEP2000_r010_c022,7,16.799039840698242,17.880002975463867,-1.080963134765625,-0.06045654110063599,2,17.909084102842538,3,-1.3208207024468313,-1.1662492008262235,0.823529411764706
NCEP-AirTemp-Africa-2000,NCEP2000_r010_c022,8,18.469039916992188,16.799039840698242,1.6700000762939453,0.0994104479857304,2,17.909084102842538,5,1.3208207024468321,-1.1662492008262235,0.823529411764706
NCEP-AirTemp-Africa-2000,NCEP2000_r010_c022,9,23.50966453552246,18.469039916992188,5.040624618530273,0.2729229370441024,4,23.02893324851989,8,5.283282809787327,-1.1662492008262235,0.823529411764706
NCEP-AirTemp-Africa-2000,NCEP2000_r010_c022,10,25.30161476135254,23.50966453552246,1.7919502258300781,0.07622185434090266,5,25.58885782135857,5,1.3208207024468321,-1.1662492008262235,0.823529411764706
NCEP-AirTemp-Africa-2000,NCEP2000_r010_c022,11,24.080665588378903,25.30161476135254,-1.2209491729736364,-0.04825578068790296,4,23.02893324851989,3,-1.3208207024468313,-1.1662492008262235,0.823529411764706
NCEP-AirTemp-Africa-2000,NCEP2000_r010_c022,12,22.280006408691406,24.080665588378903,-1.8006591796874964,-0.07477613827071612,4,23.02893324851989,3,-1.3208207024468313,-1.1662492008262235,0.823529411764706
NCEP-AirTemp-Africa-2000,NCEP2000_r010_c023,1,23.851938247680664,,,,4,23.02893324851989,4,,-1.05206030546061,0.8888888888888891
NCEP-AirTemp-Africa-2000,NCEP2000_r010_c023,2,23.44413948059082,23.851938247680664,-0.40779876708984375,-0.017097091349777313,4,23.02893324851989,4,4.440892098500626e-16,-1.05206030546061,0.8888888888888891
NCEP-AirTemp-Africa-2000,NCEP2000_r010_c023,3,22.93387031555176,23.44413948059082,-0.510269165039059,-0.021765318597490257,4,23.02893324851989,4,4.440892098500626e-16,-1.05206030546061,0.8888888888888891
NCEP-AirTemp-Africa-2000,NCEP2000_r010_c023,4,21.46200180053711,22.93387031555176,-1.471868515014652,-0.06417881041284856,3,20.469008675681216,3,-1.3208207024468313,-1.05206030546061,0.8888888888888891
NCEP-AirTemp-Africa-2000,NCEP2000_r010_c023,5,20.24645614624023,21.46200180053711,-1.2155456542968786,-0.05663710522410161,3,20.469008675681216,3,-1.3208207024468313,-1.05206030546061,0.8888888888888891
NCEP-AirTemp-Africa-2000,NCEP2000_r010_c023,6,19.82500457763672,20.24645614624023,-0.4214515686035121,-0.02081606605913478,3,20.469008675681216,4,4.440892098500626e-16,-1.05206030546061,0.8888888888888891
NCEP-AirTemp-Africa-2000,NCEP2000_r010_c023,7,18.44870948791504,19.82500457763672,-1.3762950897216797,-0.06942218269519027,2,17.909084102842538,3,-1.3208207024468313,-1.05206030546061,0.8888888888888891
NCEP-AirTemp-Africa-2000,NCEP2000_r010_c023,8,19.79774284362793,18.44870948791504,1.3490333557128906,0.07312345378936043,3,20.469008675681216,5,1.3208207024468321,-1.05206030546061,0.8888888888888891
NCEP-AirTemp-Africa-2000,NCEP2000_r010_c023,9,24.245676040649418,19.79774284362793,4.447933197021488,0.2246687024957036,4,23.02893324851989,7,3.962462107340496,-1.05206030546061,0.8888888888888891
NCEP-AirTemp-Africa-2000,NCEP2000_r010_c023,10,25.809036254882812,24.245676040649418,1.5633602142333949,0.06447995970961264,5,25.58885782135857,5,1.3208207024468321,-1.05206030546061,0.8888888888888891
NCEP-AirTemp-Africa-2000,NCEP2000_r010_c023,11,25.60833168029785,25.809036254882812,-0.20070457458496094,-0.007776523408424041,5,25.58885782135857,4,4.440892098500626e-16,-1.05206030546061,0.8888888888888891
NCEP-AirTemp-Africa-2000,NCEP2000_r010_c023,12,24.109031677246097,25.60833168029785,-1.4993000030517543,-0.058547351766974454,4,23.02893324851989,3,-1.3208207024468313,-1.05206030546061,0.8888888888888891
NCEP-AirTemp-Africa-2000,NCEP2000_r010_c024,1,26.02387046813965,,,,5,25.58885782135857,4,,-0.9509971510454852,0.9333333333333332
NCEP-AirTemp-Africa-2000,NCEP2000_r010_c024,2,25.588621139526367,26.02387046813965,-0.43524932861328125,-0.01672500365178753,5,25.58885782135857,4,4.440892098500626e-16,-0.9509971510454852,0.9333333333333332
NCEP-AirTemp-Africa-2000,NCEP2000_r010_c024,3,25.22903060913086,25.588621139526367,-0.3595905303955078,-0.014052751355173788,5,25.58885782135857,4,4.440892098500626e-16,-0.9509971510454852,0.9333333333333332
NCEP-AirTemp-Africa-2000,NCEP2000_r010_c024,4,24.3439998626709,25.22903060913086,-0.8850307464599609,-0.03507985543208512,5,25.58885782135857,3,-1.3208207024468313,-0.9509971510454852,0.9333333333333332
NCEP-AirTemp-Africa-2000,NCEP2000_r010_c024,5,22.887741088867188,24.3439998626709,-1.456258773803711,-0.05982002883744421,4,23.02893324851989,3,-1.3208207024468313,-0.9509971510454852,0.9333333333333332
NCEP-AirTemp-Africa-2000,NCEP2000_r010_c024,6,22.143333435058594,22.887741088867188,-0.7444076538085938,-0.032524295469712416,4,23.02893324851989,3,-1.3208207024468313,-0.9509971510454852,0.9333333333333332
NCEP-AirTemp-Africa-2000,NCEP2000_r010_c024,7,20.84549140930176,22.143333435058594,-1.2978420257568324,-0.05861095979804082,3,20.469008675681216,3,-1.3208207024468313,-0.9509971510454852,0.9333333333333332
NCEP-AirTemp-Africa-2000,NCEP2000_r010_c024,8,21.504518508911133,20.84549140930176,0.6590270996093714,0.03161485074490965,3,20.469008675681216,4,4.440892098500626e-16,-0.9509971510454852,0.9333333333333332
NCEP-AirTemp-Africa-2000,NCEP2000_r010_c024,9,23.686670303344727,21.504518508911133,2.1821517944335938,0.10147410617584135,4,23.02893324851989,6,2.6416414048936643,-0.9509971510454852,0.9333333333333332
NCEP-AirTemp-Africa-2000,NCEP2000_r010_c024,10,25.089033126831055,23.686670303344727,1.4023628234863281,0.059204725929262604,5,25.58885782135857,5,1.3208207024468321,-0.9509971510454852,0.9333333333333332
NCEP-AirTemp-Africa-2000,NCEP2000_r010_c024,11,26.242326736450195,25.089033126831055,1.1532936096191406,0.04596803726109994,5,25.58885782135857,5,1.3208207024468321,-0.9509971510454852,0.9333333333333332
NCEP-AirTemp-Africa-2000,NCEP2000_r010_c024,12,26.04709243774414,26.242326736450195,-0.1952342987060547,-0.007439671819758162,5,25.58885782135857,4,4.440892098500626e-16,-0.9509971510454852,0.9333333333333332
NCEP-AirTemp-Africa-2000,NCEP2000_r011_c014,1,21.21839141845703,,,,3,20.469008675681216,4,,-2.2650663326195,0.7692307692307692
NCEP-AirTemp-Africa-2000,NCEP2000_r011_c014,2,19.587934494018555,21.21839141845703,-1.6304569244384766,-0.07684168381492892,3,20.469008675681216,3,-1.3208207024468313,-2.2650663326195,0.7692307692307692
NCEP-AirTemp-Africa-2000,NCEP2000_r011_c014,3,21.112258911132812,19.587934494018555,1.5243244171142578,0.07781955864615185,3,20.469008675681216,5,1.3208207024468321,-2.2650663326195,0.7692307692307692
NCEP-AirTemp-Africa-2000,NCEP2000_r011_c014,4,20.49700164794922,21.112258911132812,-0.6152572631835938,-0.02914218065311615,3,20.469008675681216,4,4.440892098500626e-16,-2.2650663326195,0.7692307692307692
NCEP-AirTemp-Africa-2000,NCEP2000_r011_c014,5,21.630002975463867,20.49700164794922,1.1330013275146484,0.05527644223163773,3,20.469008675681216,5,1.3208207024468321,-2.2650663326195,0.7692307692307692
NCEP-AirTemp-Africa-2000,NCEP2000_r011_c014,6,20.262338638305664,21.630002975463867,-1.3676643371582031,-0.0632299652806161,3,20.469008675681216,3,-1.3208207024468313,-2.2650663326195,0.7692307692307692
NCEP-AirTemp-Africa-2000,NCEP2000_r011_c014,7,19.25548934936523,20.262338638305664,-1.0068492889404332,-0.04969067524303433,3,20.469008675681216,3,-1.3208207024468313,-2.2650663326195,0.7692307692307692
NCEP-AirTemp-Africa-2000,NCEP2000_r011_c014,8,21.17129135131836,19.25548934936523,1.9158020019531286,0.0994938101646471,3,20.469008675681216,5,1.3208207024468321,-2.2650663326195,0.7692307692307692
NCEP-AirTemp-Africa-2000,NCEP2000_r011_c014,9,21.671003341674805,21.17129135131836,0.4997119903564453,0.023603283430574853,3,20.469008675681216,4,4.440892098500626e-16,-2.2650663326195,0.7692307692307692
NCEP-AirTemp-Africa-2000,NCEP2000_r011_c014,10,21.892908096313477,21.671003341674805,0.22190475463867188,0.010239708385441205,4,23.02893324851989,4,4.440892098500626e-16,-2.2650663326195,0.7692307692307692
NCEP-AirTemp-Africa-2000,NCEP2000_r011_c014,11,21.80299949645996,21.892908096313477,-0.08990859985351562,-0.004106745410796076,4,23.02893324851989,4,4.440892098500626e-16,-2.2650663326195,0.7692307692307692
NCEP-AirTemp-Africa-2000,NCEP2000_r011_c014,12,20.78258514404297,21.80299949645996,-1.0204143524169922,-0.04680155831690367,3,20.469008675681216,3,-1.3208207024468313,-2.2650663326195,0.7692307692307692
NCEP-AirTemp-Africa-2000,NCEP2000_r011_c015,1,18.63387680053711,,,,2,17.909084102842538,4,,-2.1583595193402374,0.7058823529411765
NCEP-AirTemp-Africa-2000,NCEP2000_r011_c015,2,18.04000663757324,18.63387680053711,-0.5938701629638707,-0.03187045665917212,2,17.909084102842538,4,4.440892098500626e-16,-2.1583595193402374,0.7058823529411765
NCEP-AirTemp-Africa-2000,NCEP2000_r011_c015,3,18.723228454589844,18.04000663757324,0.6832218170166051,0.03787259233007205,2,17.909084102842538,5,1.3208207024468321,-2.1583595193402374,0.7058823529411765
NCEP-AirTemp-Africa-2000,NCEP2000_r011_c015,4,17.67633628845215,18.723228454589844,-1.0468921661376953,-0.05591408387056552,2,17.909084102842538,3,-1.3208207024468313,-2.1583595193402374,0.7058823529411765
NCEP-AirTemp-Africa-2000,NCEP2000_r011_c015,5,19.040002822875977,17.67633628845215,1.3636665344238281,0.07714644664882868,2,17.909084102842538,5,1.3208207024468321,-2.1583595193402374,0.7058823529411765
NCEP-AirTemp-Africa-2000,NCEP2000_r011_c015,6,18.5123348236084,19.040002822875977,-0.5276679992675781,-0.027713651314883278,2,17.909084102842538,4,4.440892098500626e-16,-2.1583595193402374,0.7058823529411765
NCEP-AirTemp-Africa-2000,NCEP2000_r011_c015,7,17.825489044189453,18.5123348236084,-0.6868457794189453,-0.03710206119127799,2,17.909084102842538,3,-1.3208207024468313,-2.1583595193402374,0.7058823529411765
NCEP-AirTemp-Africa-2000,NCEP2000_r011_c015,8,21.102907180786133,17.825489044189453,3.2774181365966797,0.18386133073106425,3,20.469008675681216,6,2.6416414048936643,-2.1583595193402374,0.7058823529411765
NCEP-AirTemp-Africa-2000,NCEP2000_r011_c015,9,22.77300262451172,21.102907180786133,1.670095443725586,0.07914053876170113,4,23.02893324851989,5,1.3208207024468321,-2.1583595193402374,0.7058823529411765
NCEP-AirTemp-Africa-2000,NCEP2000_r011_c015,10,22.111299514770508,22.77300262451172,-0.6617031097412109,-0.029056471851849123,4,23.02893324851989,3,-1.3208207024468313,-2.1583595193402374,0.7058823529411765
NCEP-AirTemp-Africa-2000,NCEP2000_r011_c015,11,21.75833320617676,22.111299514770508,-0.35296630859374645,-0.015963164370233526,4,23.02893324851989,4,4.440892098500626e-16,-2.1583595193402374,0.7058823529411765
NCEP-AirTemp-Africa-2000,NCEP2000_r011_c015,12,19.31419563293457,21.75833320617676,-2.444137573242191,-0.11233110321834526,3,20.469008675681216,2,-2.641641404893663,-2.1583595193402374,0.7058823529411765
NCEP-AirTemp-Africa-2000,NCEP2000_r011_c016,1,20.13548469543457,,,,3,20.469008675681216,4,,-2.0340631519624797,0.5454545454545456
NCEP-AirTemp-Africa-2000,NCEP2000_r011_c016,2,20.14759063720703,20.13548469543457,0.012105941772460938,0.0006012242543734636,3,20.469008675681216,4,4.440892098500626e-16,-2.0340631519624797,0.5454545454545456
NCEP-AirTemp-Africa-2000,NCEP2000_r011_c016,3,20.531932830810547,20.14759063720703,0.3843421936035156,0.01907633525637263,3,20.469008675681216,4,4.440892098500626e-16,-2.0340631519624797,0.5454545454545456
NCEP-AirTemp-Africa-2000,NCEP2000_r011_c016,4,20.200674057006836,20.531932830810547,-0.33125877380371094,-0.01613383291935471,3,20.469008675681216,4,4.440892098500626e-16,-2.0340631519624797,0.5454545454545456
NCEP-AirTemp-Africa-2000,NCEP2000_r011_c016,5,21.24742889404297,20.200674057006836,1.0467548370361328,0.05181781727095655,3,20.469008675681216,5,1.3208207024468321,-2.0340631519624797,0.5454545454545456
NCEP-AirTemp-Africa-2000,NCEP2000_r011_c016,6,19.81233787536621,21.24742889404297,-1.4350910186767578,-0.06754186710464093,3,20.469008675681216,3,-1.3208207024468313,-2.0340631519624797,0.5454545454545456
NCEP-AirTemp-Africa-2000,NCEP2000_r011_c016,7,18.837745666503903,19.81233787536621,-0.9745922088623082,-0.049191176477667145,2,17.909084102842538,3,-1.3208207024468313,-2.0340631519624797,0.5454545454545456
NCEP-AirTemp-Africa-2000,NCEP2000_r011_c016,8,21.83967399597168,18.837745666503903,3.001928329467777,0.1593570898881822,4,23.02893324851989,6,2.6416414048936643,-2.0340631519624797,0.5454545454545456
NCEP-AirTemp-Africa-2000,NCEP2000_r011_c016,9,24.278329849243164,21.83967399597168,2.4386558532714844,0.11166173330798315,4,23.02893324851989,6,2.6416414048936643,-2.0340631519624797,0.5454545454545456
NCEP-AirTemp-Africa-2000,NCEP2000_r011_c016,10,23.03645133972168,24.278329849243164,-1.2418785095214844,-0.051151727373050654,4,23.02893324851989,3,-1.3208207024468313,-2.0340631519624797,0.5454545454545456
NCEP-AirTemp-Africa-2000,NCEP2000_r011_c016,11,22.741334915161133,23.03645133972168,-0.2951164245605469,-0.012810845742185932,4,23.02893324851989,4,4.440892098500626e-16,-2.0340631519624797,0.5454545454545456
NCEP-AirTemp-Africa-2000,NCEP2000_r011_c016,12,20.520326614379883,22.741334915161133,-2.22100830078125,-0.09766393701455732,3,20.469008675681216,2,-2.641641404893663,-2.0340631519624797,0.5454545454545456
NCEP-AirTemp-Africa-2000,NCEP2000_r011_c017,1,20.805809020996097,,,,3,20.469008675681216,4,,-1.8922613204948069,0.4444444444444445
NCEP-AirTemp-Africa-2000,NCEP2000_r011_c017,2,20.50103759765625,20.805809020996097,-0.3047714233398473,-0.014648381278146333,3,20.469008675681216,4,4.440892098500626e-16,-1.8922613204948069,0.4444444444444445
NCEP-AirTemp-Africa-2000,NCEP2000_r011_c017,3,21.027746200561523,20.50103759765625,0.5267086029052734,0.02569180220251333,3,20.469008675681216,4,4.440892098500626e-16,-1.8922613204948069,0.4444444444444445
NCEP-AirTemp-Africa-2000,NCEP2000_r011_c017,4,20.32166862487793,21.027746200561523,-0.7060775756835938,-0.03357837634851892,3,20.469008675681216,3,-1.3208207024468313,-1.8922613204948069,0.4444444444444445
NCEP-AirTemp-Africa-2000,NCEP2000_r011_c017,5,21.709033966064453,20.32166862487793,1.3873653411865234,0.06827024723196702,3,20.469008675681216,5,1.3208207024468321,-1.8922613204948069,0.4444444444444445
NCEP-AirTemp-Africa-2000,NCEP2000_r011_c017,6,20.18067169189453,21.709033966064453,-1.5283622741699219,-0.07040213196768944,3,20.469008675681216,3,-1.3208207024468313,-1.8922613204948069,0.4444444444444445
NCEP-AirTemp-Africa-2000,NCEP2000_r011_c017,7,18.963552474975582,20.18067169189453,-1.2171192169189489,-0.06031113510497269,2,17.909084102842538,3,-1.3208207024468313,-1.8922613204948069,0.4444444444444445
NCEP-AirTemp-Africa-2000,NCEP2000_r011_c017,8,22.03096580505371,18.963552474975582,3.0674133300781286,0.1617530963212671,4,23.02893324851989,6,2.6416414048936643,-1.8922613204948069,0.4444444444444445
NCEP-AirTemp-Africa-2000,NCEP2000_r011_c017,9,25.297666549682617,22.03096580505371,3.2667007446289062,0.14827769120678103,5,25.58885782135857,6,2.6416414048936643,-1.8922613204948069,0.4444444444444445
NCEP-AirTemp-Africa-2000,NCEP2000_r011_c017,10,23.984188079833984,25.297666549682617,-1.3134784698486328,-0.05192093378529854,4,23.02893324851989,3,-1.3208207024468313,-1.8922613204948069,0.4444444444444445
NCEP-AirTemp-Africa-2000,NCEP2000_r011_c017,11,22.682666778564453,23.984188079833984,-1.3015213012695312,-0.05426580616101224,4,23.02893324851989,3,-1.3208207024468313,-1.8922613204948069,0.4444444444444445
NCEP-AirTemp-Africa-2000,NCEP2000_r011_c017,12,21.05548095703125,22.682666778564453,-1.6271858215332031,-0.07173697155710652,3,20.469008675681216,3,-1.3208207024468313,-1.8922613204948069,0.4444444444444445
NCEP-AirTemp-Africa-2000,NCEP2000_r011_c018,1,20.143552780151367,,,,3,20.469008675681216,4,,-1.7357906577941966,0.4137931034482758
NCEP-AirTemp-Africa-2000,NCEP2000_r011_c018,2,19.990694046020508,20.143552780151367,-0.15285873413085938,-0.007588469412480211,3,20.469008675681216,4,4.440892098500626e-16,-1.7357906577941966,0.4137931034482758
NCEP-AirTemp-Africa-2000,NCEP2000_r011_c018,3,20.314516067504883,19.990694046020508,0.323822021484375,0.0161986382633292,3,20.469008675681216,4,4.440892098500626e-16,-1.7357906577941966,0.4137931034482758
NCEP-AirTemp-Africa-2000,NCEP2000_r011_c018,4,19.161338806152344,20.314516067504883,-1.153177261352539,-0.056766169448513835,2,17.909084102842538,3,-1.3208207024468313,-1.7357906577941966,0.4137931034482758
NCEP-AirTemp-Africa-2000,NCEP2000_r011_c018,5,20.14387321472168,19.161338806152344,0.9825344085693359,0.051276918513327614,3,20.469008675681216,5,1.3208207024468321,-1.7357906577941966,0.4137931034482758
NCEP-AirTemp-Africa-2000,NCEP2000_r011_c018,6,18.83367156982422,20.14387321472168,-1.310201644897461,-0.06504219079079245,2,17.909084102842538,3,-1.3208207024468313,-1.7357906577941966,0.4137931034482758
NCEP-AirTemp-Africa-2000,NCEP2000_r011_c018,7,17.602584838867188,18.83367156982422,-1.2310867309570312,-0.06536626309919885,2,17.909084102842538,3,-1.3208207024468313,-1.7357906577941966,0.4137931034482758
NCEP-AirTemp-Africa-2000,NCEP2000_r011_c018,8,20.76677703857422,17.602584838867188,3.1641921997070312,0.1797572475106254,3,20.469008675681216,6,2.6416414048936643,-1.7357906577941966,0.4137931034482758
NCEP-AirTemp-Africa-2000,NCEP2000_r011_c018,9,24.93000030517578,20.76677703857422,4.1632232666015625,0.2004751752700185,5,25.58885782135857,7,3.962462107340496,-1.7357906577941966,0.4137931034482758
NCEP-AirTemp-Africa-2000,NCEP2000_r011_c018,10,24.539033889770508,24.93000030517578,-0.39096641540527344,-0.015682567614092806,5,25.58885782135857,4,4.440892098500626e-16,-1.7357906577941966,0.4137931034482758
NCEP-AirTemp-Africa-2000,NCEP2000_r011_c018,11,21.11800765991211,24.539033889770508,-3.4210262298583984,-0.1394116103032283,3,20.469008675681216,1,-3.9624621073404946,-1.7357906577941966,0.4137931034482758
NCEP-AirTemp-Africa-2000,NCEP2000_r011_c018,12,20.608388900756836,21.11800765991211,-0.5096187591552734,-0.02413195256684524,3,20.469008675681216,4,4.440892098500626e-16,-1.7357906577941966,0.4137931034482758
NCEP-AirTemp-Africa-2000,NCEP2000_r011_c019,1,19.523876190185547,,,,3,20.469008675681216,4,,-1.5707963267948966,0.4137931034482758
NCEP-AirTemp-Africa-2000,NCEP2000_r011_c019,2,19.61655616760254,19.523876190185547,0.09267997741699219,0.004747007024331647,3,20.469008675681216,4,4.440892098500626e-16,-1.5707963267948966,0.4137931034482758
NCEP-AirTemp-Africa-2000,NCEP2000_r011_c019,3,19.515806198120117,19.61655616760254,-0.10074996948242188,-0.005135966202304875,3,20.469008675681216,4,4.440892098500626e-16,-1.5707963267948966,0.4137931034482758
NCEP-AirTemp-Africa-2000,NCEP2000_r011_c019,4,18.3836727142334,19.515806198120117,-1.1321334838867188,-0.05801110507009302,2,17.909084102842538,3,-1.3208207024468313,-1.5707963267948966,0.4137931034482758
NCEP-AirTemp-Africa-2000,NCEP2000_r011_c019,5,18.51613426208496,18.3836727142334,0.1324615478515625,0.007205390887371777,2,17.909084102842538,4,4.440892098500626e-16,-1.5707963267948966,0.4137931034482758
NCEP-AirTemp-Africa-2000,NCEP2000_r011_c019,6,17.114337921142578,18.51613426208496,-1.4017963409423828,-0.07570674964335332,2,17.909084102842538,3,-1.3208207024468313,-1.5707963267948966,0.4137931034482758
NCEP-AirTemp-Africa-2000,NCEP2000_r011_c019,7,15.974522590637209,17.114337921142578,-1.1398153305053693,-0.06660002483048282,1,15.349159530003863,3,-1.3208207024468313,-1.5707963267948966,0.4137931034482758
NCEP-AirTemp-Africa-2000,NCEP2000_r011_c019,8,19.08484649658203,15.974522590637209,3.1103239059448224,0.19470528075548293,2,17.909084102842538,6,2.6416414048936643,-1.5707963267948966,0.4137931034482758
NCEP-AirTemp-Africa-2000,NCEP2000_r011_c019,9,23.66733741760254,19.08484649658203,4.582490921020508,0.24011148959679615,4,23.02893324851989,7,3.962462107340496,-1.5707963267948966,0.4137931034482758
NCEP-AirTemp-Africa-2000,NCEP2000_r011_c019,10,25.26258087158203,23.66733741760254,1.5952434539794922,0.06740274268422915,5,25.58885782135857,5,1.3208207024468321,-1.5707963267948966,0.4137931034482758
NCEP-AirTemp-Africa-2000,NCEP2000_r011_c019,11,20.927337646484375,25.26258087158203,-4.335243225097656,-0.1716072972565676,3,20.469008675681216,1,-3.9624621073404946,-1.5707963267948966,0.4137931034482758
NCEP-AirTemp-Africa-2000,NCEP2000_r011_c019,12,20.033552169799805,20.927337646484375,-0.8937854766845703,-0.042708991071050986,3,20.469008675681216,3,-1.3208207024468313,-1.5707963267948966,0.4137931034482758
NCEP-AirTemp-Africa-2000,NCEP2000_r011_c020,1,20.027099609375,,,,3,20.469008675681216,4,,-1.4058019957955965,0.4799999999999999
NCEP-AirTemp-Africa-2000,NCEP2000_r011_c020,2,20.218626022338867,20.027099609375,0.1915264129638672,0.009563362478818983,3,20.469008675681216,4,4.440892098500626e-16,-1.4058019957955965,0.4799999999999999
NCEP-AirTemp-Africa-2000,NCEP2000_r011_c020,3,19.657421112060547,20.218626022338867,-0.5612049102783203,-0.027756827276901222,3,20.469008675681216,4,4.440892098500626e-16,-1.4058019957955965,0.4799999999999999
NCEP-AirTemp-Africa-2000,NCEP2000_r011_c020,4,18.52900123596191,19.657421112060547,-1.1284198760986364,-0.05740426832522347,2,17.909084102842538,3,-1.3208207024468313,-1.4058019957955965,0.4799999999999999
NCEP-AirTemp-Africa-2000,NCEP2000_r011_c020,5,18.211612701416016,18.52900123596191,-0.3173885345458949,-0.017129284547182884,2,17.909084102842538,4,4.440892098500626e-16,-1.4058019957955965,0.4799999999999999
NCEP-AirTemp-Africa-2000,NCEP2000_r011_c020,6,17.002342224121094,18.211612701416016,-1.2092704772949219,-0.06640106492056559,2,17.909084102842538,3,-1.3208207024468313,-1.4058019957955965,0.4799999999999999
NCEP-AirTemp-Africa-2000,NCEP2000_r011_c020,7,15.877431869506836,17.002342224121094,-1.1249103546142578,-0.06616208165827624,1,15.349159530003863,3,-1.3208207024468313,-1.4058019957955965,0.4799999999999999
NCEP-AirTemp-Africa-2000,NCEP2000_r011_c020,8,18.65000343322754,15.877431869506836,2.772571563720703,0.17462342691865199,2,17.909084102842538,6,2.6416414048936643,-1.4058019957955965,0.4799999999999999
NCEP-AirTemp-Africa-2000,NCEP2000_r011_c020,9,22.87833595275879,18.65000343322754,4.22833251953125,0.22672020059781306,4,23.02893324851989,7,3.962462107340496,-1.4058019957955965,0.4799999999999999
NCEP-AirTemp-Africa-2000,NCEP2000_r011_c020,10,25.50128746032715,22.87833595275879,2.6229515075683594,0.1146478272276647,5,25.58885782135857,6,2.6416414048936643,-1.4058019957955965,0.4799999999999999
NCEP-AirTemp-Africa-2000,NCEP2000_r011_c020,11,22.81366539001465,25.50128746032715,-2.6876220703125,-0.10539162285408869,4,23.02893324851989,2,-2.641641404893663,-1.4058019957955965,0.4799999999999999
NCEP-AirTemp-Africa-2000,NCEP2000_r011_c020,12,20.14742088317871,22.81366539001465,-2.6662445068359375,-0.11687050113406725,3,20.469008675681216,2,-2.641641404893663,-1.4058019957955965,0.4799999999999999
NCEP-AirTemp-Africa-2000,NCEP2000_r011_c021,1,21.25419807434082,,,,3,20.469008675681216,4,,-1.249331333094987,0.5714285714285715
NCEP-AirTemp-Africa-2000,NCEP2000_r011_c021,2,21.2127628326416,21.25419807434082,-0.04143524169921875,-0.0019495085890462996,3,20.469008675681216,4,4.440892098500626e-16,-1.249331333094987,0.5714285714285715
NCEP-AirTemp-Africa-2000,NCEP2000_r011_c021,3,20.72903060913086,21.2127628326416,-0.4837322235107422,-0.022803829342134947,3,20.469008675681216,4,4.440892098500626e-16,-1.249331333094987,0.5714285714285715
NCEP-AirTemp-Africa-2000,NCEP2000_r011_c021,4,19.537006378173828,20.72903060913086,-1.1920242309570312,-0.05750506395759581,3,20.469008675681216,3,-1.3208207024468313,-1.249331333094987,0.5714285714285715
NCEP-AirTemp-Africa-2000,NCEP2000_r011_c021,5,18.83323097229004,19.537006378173828,-0.7037754058837891,-0.036022683939440504,2,17.909084102842538,3,-1.3208207024468313,-1.249331333094987,0.5714285714285715
NCEP-AirTemp-Africa-2000,NCEP2000_r011_c021,6,17.46034049987793,18.83323097229004,-1.3728904724121094,-0.07289723544685928,2,17.909084102842538,3,-1.3208207024468313,-1.249331333094987,0.5714285714285715
NCEP-AirTemp-Africa-2000,NCEP2000_r011_c021,7,16.510652542114258,17.46034049987793,-0.9496879577636719,-0.05439114762798076,1,15.349159530003863,3,-1.3208207024468313,-1.249331333094987,0.5714285714285715
NCEP-AirTemp-Africa-2000,NCEP2000_r011_c021,8,18.86839485168457,16.510652542114258,2.3577423095703125,0.14280127957125513,2,17.909084102842538,6,2.6416414048936643,-1.249331333094987,0.5714285714285715
NCEP-AirTemp-Africa-2000,NCEP2000_r011_c021,9,22.88533592224121,18.86839485168457,4.016941070556641,0.21289256993675898,4,23.02893324851989,7,3.962462107340496,-1.249331333094987,0.5714285714285715
NCEP-AirTemp-Africa-2000,NCEP2000_r011_c021,10,24.73741912841797,22.88533592224121,1.8520832061767578,0.08092881889388405,5,25.58885782135857,5,1.3208207024468321,-1.249331333094987,0.5714285714285715
NCEP-AirTemp-Africa-2000,NCEP2000_r011_c021,11,23.510000228881836,24.73741912841797,-1.2274188995361328,-0.04961790448568229,4,23.02893324851989,3,-1.3208207024468313,-1.249331333094987,0.5714285714285715
NCEP-AirTemp-Africa-2000,NCEP2000_r011_c021,12,21.127416610717773,23.510000228881836,-2.3825836181640625,-0.10134341110031461,3,20.469008675681216,2,-2.641641404893663,-1.249331333094987,0.5714285714285715
NCEP-AirTemp-Africa-2000,NCEP2000_r011_c022,1,21.708711624145508,,,,3,20.469008675681216,4,,-1.1075295016273137,0.7058823529411764
NCEP-AirTemp-Africa-2000,NCEP2000_r011_c022,2,21.38448143005371,21.708711624145508,-0.3242301940917969,-0.014935487637652893,3,20.469008675681216,4,4.440892098500626e-16,-1.1075295016273137,0.7058823529411764
NCEP-AirTemp-Africa-2000,NCEP2000_r011_c022,3,20.695161819458008,21.38448143005371,-0.6893196105957031,-0.03223457219902161,3,20.469008675681216,3,-1.3208207024468313,-1.1075295016273137,0.7058823529411764
NCEP-AirTemp-Africa-2000,NCEP2000_r011_c022,4,19.262338638305664,20.695161819458008,-1.4328231811523438,-0.06923469328977049,3,20.469008675681216,3,-1.3208207024468313,-1.1075295016273137,0.7058823529411764
NCEP-AirTemp-Africa-2000,NCEP2000_r011_c022,5,18.435161590576172,19.262338638305664,-0.8271770477294922,-0.04294271133228564,2,17.909084102842538,3,-1.3208207024468313,-1.1075295016273137,0.7058823529411764
NCEP-AirTemp-Africa-2000,NCEP2000_r011_c022,6,17.559001922607422,18.435161590576172,-0.87615966796875,-0.04752655210880452,2,17.909084102842538,3,-1.3208207024468313,-1.1075295016273137,0.7058823529411764
NCEP-AirTemp-Africa-2000,NCEP2000_r011_c022,7,16.802587509155273,17.559001922607422,-0.7564144134521484,-0.043078440152014334,2,17.909084102842538,3,-1.3208207024468313,-1.1075295016273137,0.7058823529411764
NCEP-AirTemp-Africa-2000,NCEP2000_r011_c022,8,18.97936248779297,16.802587509155273,2.1767749786376953,0.12954998612277008,2,17.909084102842538,6,2.6416414048936643,-1.1075295016273137,0.7058823529411764
NCEP-AirTemp-Africa-2000,NCEP2000_r011_c022,9,22.92633628845215,18.97936248779297,3.9469738006591797,0.2079613476584248,4,23.02893324851989,7,3.962462107340496,-1.1075295016273137,0.7058823529411764
NCEP-AirTemp-Africa-2000,NCEP2000_r011_c022,10,24.40322494506836,22.92633628845215,1.476888656616211,0.06441886911342701,5,25.58885782135857,5,1.3208207024468321,-1.1075295016273137,0.7058823529411764
NCEP-AirTemp-Africa-2000,NCEP2000_r011_c022,11,23.440664291381836,24.40322494506836,-0.9625606536865234,-0.03944399381037739,4,23.02893324851989,3,-1.3208207024468313,-1.1075295016273137,0.7058823529411764
NCEP-AirTemp-Africa-2000,NCEP2000_r011_c022,12,22.00484085083008,23.440664291381836,-1.4358234405517543,-0.06125353030543794,4,23.02893324851989,3,-1.3208207024468313,-1.1075295016273137,0.7058823529411764
NCEP-AirTemp-Africa-2000,NCEP2000_r011_c023,1,23.66613006591797,,,,4,23.02893324851989,4,,-0.9832331342495556,0.7999999999999999
NCEP-AirTemp-Africa-2000,NCEP2000_r011_c023,2,23.160694122314453,23.66613006591797,-0.5054359436035156,-0.02135693255279634,4,23.02893324851989,4,4.440892098500626e-16,-0.9832331342495556,0.7999999999999999
NCEP-AirTemp-Africa-2000,NCEP2000_r011_c023,3,21.73548889160156,23.160694122314453,-1.4252052307128942,-0.06153551457422698,3,20.469008675681216,3,-1.3208207024468313,-0.9832331342495556,0.7999999999999999
NCEP-AirTemp-Africa-2000,NCEP2000_r011_c023,4,20.665668487548828,21.73548889160156,-1.0698204040527308,-0.049219983474404476,3,20.469008675681216,3,-1.3208207024468313,-0.9832331342495556,0.7999999999999999
NCEP-AirTemp-Africa-2000,NCEP2000_r011_c023,5,19.83419418334961,20.665668487548828,-0.8314743041992188,-0.04023457091166377,3,20.469008675681216,3,-1.3208207024468313,-0.9832331342495556,0.7999999999999999
NCEP-AirTemp-Africa-2000,NCEP2000_r011_c023,6,19.576000213623047,19.83419418334961,-0.2581939697265625,-0.01301761832821577,3,20.469008675681216,4,4.440892098500626e-16,-0.9832331342495556,0.7999999999999999
NCEP-AirTemp-Africa-2000,NCEP2000_r011_c023,7,18.76290512084961,19.576000213623047,-0.8130950927734375,-0.04153530261036675,2,17.909084102842538,3,-1.3208207024468313,-0.9832331342495556,0.7999999999999999
NCEP-AirTemp-Africa-2000,NCEP2000_r011_c023,8,20.832904815673828,18.76290512084961,2.0699996948242188,0.11032405064629386,3,20.469008675681216,6,2.6416414048936643,-0.9832331342495556,0.7999999999999999
NCEP-AirTemp-Africa-2000,NCEP2000_r011_c023,9,23.797664642333984,20.832904815673828,2.9647598266601562,0.14231139886117042,4,23.02893324851989,6,2.6416414048936643,-0.9832331342495556,0.7999999999999999
NCEP-AirTemp-Africa-2000,NCEP2000_r011_c023,10,25.55902671813965,23.797664642333984,1.761362075805664,0.07401407248475775,5,25.58885782135857,5,1.3208207024468321,-0.9832331342495556,0.7999999999999999
NCEP-AirTemp-Africa-2000,NCEP2000_r011_c023,11,25.51799774169922,25.55902671813965,-0.04102897644042969,-0.0016052636468864743,5,25.58885782135857,4,4.440892098500626e-16,-0.9832331342495556,0.7999999999999999
NCEP-AirTemp-Africa-2000,NCEP2000_r011_c023,12,24.54387092590332,25.51799774169922,-0.9741268157958984,-0.0381741085510039,5,25.58885782135857,3,-1.3208207024468313,-0.9832331342495556,0.7999999999999999
NCEP-AirTemp-Africa-2000,NCEP2000_r011_c024,1,26.48709487915039,,,,5,25.58885782135857,4,,-0.8765263209702931,0.9090909090909092
NCEP-AirTemp-Africa-2000,NCEP2000_r011_c024,2,26.078617095947266,26.48709487915039,-0.408477783203125,-0.015421766149396127,5,25.58885782135857,4,4.440892098500626e-16,-0.8765263209702931,0.9090909090909092
NCEP-AirTemp-Africa-2000,NCEP2000_r011_c024,3,24.797422409057617,26.078617095947266,-1.2811946868896484,-0.04912816819143189,5,25.58885782135857,3,-1.3208207024468313,-0.8765263209702931,0.9090909090909092
NCEP-AirTemp-Africa-2000,NCEP2000_r011_c024,4,24.267669677734375,24.797422409057617,-0.5297527313232422,-0.02136321761933379,4,23.02893324851989,4,4.440892098500626e-16,-0.8765263209702931,0.9090909090909092
NCEP-AirTemp-Africa-2000,NCEP2000_r011_c024,5,23.380321502685547,24.267669677734375,-0.8873481750488281,-0.0365650343371441,4,23.02893324851989,3,-1.3208207024468313,-0.8765263209702931,0.9090909090909092
NCEP-AirTemp-Africa-2000,NCEP2000_r011_c024,6,22.727670669555664,23.380321502685547,-0.6526508331298828,-0.027914536293049564,4,23.02893324851989,4,4.440892098500626e-16,-0.8765263209702931,0.9090909090909092
NCEP-AirTemp-Africa-2000,NCEP2000_r011_c024,7,21.72806930541992,22.727670669555664,-0.9996013641357457,-0.04398168992631256,3,20.469008675681216,3,-1.3208207024468313,-0.8765263209702931,0.9090909090909092
NCEP-AirTemp-Africa-2000,NCEP2000_r011_c024,8,22.91387176513672,21.72806930541992,1.1858024597168004,0.05457468139707241,4,23.02893324851989,5,1.3208207024468321,-0.8765263209702931,0.9090909090909092
NCEP-AirTemp-Africa-2000,NCEP2000_r011_c024,9,24.10466957092285,22.91387176513672,1.1907978057861328,0.051968424105345766,4,23.02893324851989,5,1.3208207024468321,-0.8765263209702931,0.9090909090909092
NCEP-AirTemp-Africa-2000,NCEP2000_r011_c024,10,25.358064651489254,24.10466957092285,1.2533950805664027,0.051998019590293695,5,25.58885782135857,5,1.3208207024468321,-0.8765263209702931,0.9090909090909092
NCEP-AirTemp-Africa-2000,NCEP2000_r011_c024,11,26.527002334594727,25.358064651489254,1.1689376831054723,0.046097275134000484,5,25.58885782135857,5,1.3208207024468321,-0.8765263209702931,0.9090909090909092
NCEP-AirTemp-Africa-2000,NCEP2000_r011_c024,12,26.821290969848633,26.527002334594727,0.29428863525390625,0.011093927294985565,5,25.58885782135857,4,4.440892098500626e-16,-0.8765263209702931,0.9090909090909092
NCEP-AirTemp-Africa-2000,NCEP2000_r012_c014,1,23.023229598999023,,,,4,23.02893324851989,4,,-2.3557183744408845,0.7692307692307692
NCEP-AirTemp-Africa-2000,NCEP2000_r012_c014,2,22.32000160217285,23.023229598999023,-0.7032279968261719,-0.030544281105407817,4,23.02893324851989,3,-1.3208207024468313,-2.3557183744408845,0.7692307692307692
NCEP-AirTemp-Africa-2000,NCEP2000_r012_c014,3,23.381290435791016,22.32000160217285,1.061288833618164,0.047548779455053786,4,23.02893324851989,5,1.3208207024468321,-2.3557183744408845,0.7692307692307692
NCEP-AirTemp-Africa-2000,NCEP2000_r012_c014,4,22.945669174194336,23.381290435791016,-0.4356212615966797,-0.01863118987350033,4,23.02893324851989,4,4.440892098500626e-16,-2.3557183744408845,0.7692307692307692
NCEP-AirTemp-Africa-2000,NCEP2000_r012_c014,5,23.53676986694336,22.945669174194336,0.5911006927490234,0.02576088272961767,4,23.02893324851989,4,4.440892098500626e-16,-2.3557183744408845,0.7692307692307692
NCEP-AirTemp-Africa-2000,NCEP2000_r012_c014,6,22.527334213256836,23.53676986694336,-1.0094356536865234,-0.04288760349839863,4,23.02893324851989,3,-1.3208207024468313,-2.3557183744408845,0.7692307692307692
NCEP-AirTemp-Africa-2000,NCEP2000_r012_c014,7,21.17354965209961,22.527334213256836,-1.3537845611572266,-0.0600951958337154,3,20.469008675681216,3,-1.3208207024468313,-2.3557183744408845,0.7692307692307692
NCEP-AirTemp-Africa-2000,NCEP2000_r012_c014,8,22.39645195007324,21.17354965209961,1.2229022979736293,0.057756130552836425,4,23.02893324851989,5,1.3208207024468321,-2.3557183744408845,0.7692307692307692
NCEP-AirTemp-Africa-2000,NCEP2000_r012_c014,9,22.428998947143555,22.39645195007324,0.03254699707031605,0.0014532211237240022,4,23.02893324851989,4,4.440892098500626e-16,-2.3557183744408845,0.7692307692307692
NCEP-AirTemp-Africa-2000,NCEP2000_r012_c014,10,22.66258430480957,22.428998947143555,0.23358535766601562,0.010414435268220648,4,23.02893324851989,4,4.440892098500626e-16,-2.3557183744408845,0.7692307692307692
NCEP-AirTemp-Africa-2000,NCEP2000_r012_c014,11,22.241670608520508,22.66258430480957,-0.4209136962890625,-0.01857306698246828,4,23.02893324851989,4,4.440892098500626e-16,-2.3557183744408845,0.7692307692307692
NCEP-AirTemp-Africa-2000,NCEP2000_r012_c014,12,22.41451644897461,22.241670608520508,0.17284584045410156,0.007771261588052044,4,23.02893324851989,4,4.440892098500626e-16,-2.3557183744408845,0.7692307692307692
NCEP-AirTemp-Africa-2000,NCEP2000_r012_c015,1,20.032583236694336,,,,3,20.469008675681216,4,,-2.2450728143862446,0.6153846153846155
NCEP-AirTemp-Africa-2000,NCEP2000_r012_c015,2,19.55621337890625,20.032583236694336,-0.47636985778808594,-0.023779751825291497,3,20.469008675681216,4,4.440892098500626e-16,-2.2450728143862446,0.6153846153846155
NCEP-AirTemp-Africa-2000,NCEP2000_r012_c015,3,20.503868103027344,19.55621337890625,0.9476547241210938,0.04845798651099064,3,20.469008675681216,5,1.3208207024468321,-2.2450728143862446,0.6153846153846155
NCEP-AirTemp-Africa-2000,NCEP2000_r012_c015,4,19.63399887084961,20.503868103027344,-0.8698692321777344,-0.042424640453539615,3,20.469008675681216,3,-1.3208207024468313,-2.2450728143862446,0.6153846153846155
NCEP-AirTemp-Africa-2000,NCEP2000_r012_c015,5,21.320650100708008,19.63399887084961,1.6866512298583984,0.08590462090545149,3,20.469008675681216,5,1.3208207024468321,-2.2450728143862446,0.6153846153846155
NCEP-AirTemp-Africa-2000,NCEP2000_r012_c015,6,20.938005447387695,21.320650100708008,-0.3826446533203125,-0.017947138174159417,3,20.469008675681216,4,4.440892098500626e-16,-2.2450728143862446,0.6153846153846155
NCEP-AirTemp-Africa-2000,NCEP2000_r012_c015,7,20.386777877807617,20.938005447387695,-0.5512275695800781,-0.026326651359661928,3,20.469008675681216,4,4.440892098500626e-16,-2.2450728143862446,0.6153846153846155
NCEP-AirTemp-Africa-2000,NCEP2000_r012_c015,8,23.32258415222168,20.386777877807617,2.9358062744140625,0.14400540840786252,4,23.02893324851989,6,2.6416414048936643,-2.2450728143862446,0.6153846153846155
NCEP-AirTemp-Africa-2000,NCEP2000_r012_c015,9,22.9096622467041,23.32258415222168,-0.4129219055175781,-0.01770480933084097,4,23.02893324851989,4,4.440892098500626e-16,-2.2450728143862446,0.6153846153846155
NCEP-AirTemp-Africa-2000,NCEP2000_r012_c015,10,21.710647583007812,22.9096622467041,-1.199014663696289,-0.0523366364280986,3,20.469008675681216,3,-1.3208207024468313,-2.2450728143862446,0.6153846153846155
NCEP-AirTemp-Africa-2000,NCEP2000_r012_c015,11,21.218671798706055,21.710647583007812,-0.4919757843017578,-0.022660576218224395,3,20.469008675681216,4,4.440892098500626e-16,-2.2450728143862446,0.6153846153846155
NCEP-AirTemp-Africa-2000,NCEP2000_r012_c015,12,20.27387046813965,21.218671798706055,-0.9448013305664062,-0.04452688365838344,3,20.469008675681216,3,-1.3208207024468313,-2.2450728143862446,0.6153846153846155
NCEP-AirTemp-Africa-2000,NCEP2000_r012_c016,1,21.005165100097656,,,,3,20.469008675681216,4,,-2.110795819029484,0.5454545454545455
NCEP-AirTemp-Africa-2000,NCEP2000_r012_c016,2,20.491031646728516,21.005165100097656,-0.5141334533691406,-0.024476525222205957,3,20.469008675681216,4,4.440892098500626e-16,-2.110795819029484,0.5454545454545455
NCEP-AirTemp-Africa-2000,NCEP2000_r012_c016,3,21.402576446533203,20.491031646728516,0.9115447998046875,0.04448506134390846,3,20.469008675681216,5,1.3208207024468321,-2.110795819029484,0.5454545454545455
NCEP-AirTemp-Africa-2000,NCEP2000_r012_c016,4,20.93833351135254,21.402576446533203,-0.46424293518066406,-0.021690983622481688,3,20.469008675681216,4,4.440892098500626e-16,-2.110795819029484,0.5454545454545455
NCEP-AirTemp-Africa-2000,NCEP2000_r012_c016,5,22.843225479125977,20.93833351135254,1.9048919677734375,0.09097629315822224,4,23.02893324851989,5,1.3208207024468321,-2.110795819029484,0.5454545454545455
NCEP-AirTemp-Africa-2000,NCEP2000_r012_c016,6,21.519336700439453,22.843225479125977,-1.3238887786865234,-0.05795542227153019,3,20.469008675681216,3,-1.3208207024468313,-2.110795819029484,0.5454545454545455
NCEP-AirTemp-Africa-2000,NCEP2000_r012_c016,7,20.95419692993164,21.519336700439453,-0.5651397705078125,-0.026261951210432597,3,20.469008675681216,4,4.440892098500626e-16,-2.110795819029484,0.5454545454545455
NCEP-AirTemp-Africa-2000,NCEP2000_r012_c016,8,24.24742126464844,20.95419692993164,3.2932243347168004,0.1571629943981606,4,23.02893324851989,6,2.6416414048936643,-2.110795819029484,0.5454545454545455
NCEP-AirTemp-Africa-2000,NCEP2000_r012_c016,9,23.18266868591309,24.24742126464844,-1.0647525787353516,-0.04391199241824981,4,23.02893324851989,3,-1.3208207024468313,-2.110795819029484,0.5454545454545455
NCEP-AirTemp-Africa-2000,NCEP2000_r012_c016,10,21.566452026367188,23.18266868591309,-1.616216659545902,-0.0697165922285726,3,20.469008675681216,3,-1.3208207024468313,-2.110795819029484,0.5454545454545455
NCEP-AirTemp-Africa-2000,NCEP2000_r012_c016,11,21.63500213623047,21.566452026367188,0.06855010986328125,0.0031785529571332245,3,20.469008675681216,4,4.440892098500626e-16,-2.110795819029484,0.5454545454545455
NCEP-AirTemp-Africa-2000,NCEP2000_r012_c016,12,20.772260665893555,21.63500213623047,-0.8627414703369141,-0.039877115098229984,3,20.469008675681216,3,-1.3208207024468313,-2.110795819029484,0.5454545454545455
NCEP-AirTemp-Africa-2000,NCEP2000_r012_c017,1,21.2319393157959,,,,3,20.469008675681216,4,,-1.9509744613729083,0.4347826086956522
NCEP-AirTemp-Africa-2000,NCEP2000_r012_c017,2,20.548969268798828,21.2319393157959,-0.6829700469970703,-0.03216710620913286,3,20.469008675681216,3,-1.3208207024468313,-1.9509744613729083,0.4347826086956522
NCEP-AirTemp-Africa-2000,NCEP2000_r012_c017,3,21.307422637939453,20.548969268798828,0.758453369140625,0.036909557808928475,3,20.469008675681216,5,1.3208207024468321,-1.9509744613729083,0.4347826086956522
NCEP-AirTemp-Africa-2000,NCEP2000_r012_c017,4,20.648340225219727,21.307422637939453,-0.6590824127197266,-0.030932057054436104,3,20.469008675681216,4,4.440892098500626e-16,-1.9509744613729083,0.4347826086956522
NCEP-AirTemp-Africa-2000,NCEP2000_r012_c017,5,22.3790340423584,20.648340225219727,1.7306938171386719,0.08381757556594382,4,23.02893324851989,5,1.3208207024468321,-1.9509744613729083,0.4347826086956522
NCEP-AirTemp-Africa-2000,NCEP2000_r012_c017,6,21.270334243774418,22.3790340423584,-1.1086997985839808,-0.04954189695969296,3,20.469008675681216,3,-1.3208207024468313,-1.9509744613729083,0.4347826086956522
NCEP-AirTemp-Africa-2000,NCEP2000_r012_c017,7,20.39645195007324,21.270334243774418,-0.873882293701179,-0.04108455860099868,3,20.469008675681216,3,-1.3208207024468313,-1.9509744613729083,0.4347826086956522
NCEP-AirTemp-Africa-2000,NCEP2000_r012_c017,8,24.22225570678711,20.39645195007324,3.8258037567138707,0.18757202311846857,4,23.02893324851989,7,3.962462107340496,-1.9509744613729083,0.4347826086956522
NCEP-AirTemp-Africa-2000,NCEP2000_r012_c017,9,23.43966484069824,24.22225570678711,-0.7825908660888707,-0.03230875256054653,4,23.02893324851989,3,-1.3208207024468313,-1.9509744613729083,0.4347826086956522
NCEP-AirTemp-Africa-2000,NCEP2000_r012_c017,10,21.587099075317383,23.43966484069824,-1.8525657653808558,-0.0790355057536595,3,20.469008675681216,3,-1.3208207024468313,-1.9509744613729083,0.4347826086956522
NCEP-AirTemp-Africa-2000,NCEP2000_r012_c017,11,21.649003982543945,21.587099075317383,0.0619049072265625,0.0028676806925551366,3,20.469008675681216,4,4.440892098500626e-16,-1.9509744613729083,0.4347826086956522
NCEP-AirTemp-Africa-2000,NCEP2000_r012_c017,12,20.829999923706055,21.649003982543945,-0.8190040588378906,-0.03783102721484421,3,20.469008675681216,3,-1.3208207024468313,-1.9509744613729083,0.4347826086956522
NCEP-AirTemp-Africa-2000,NCEP2000_r012_c018,1,20.871936798095703,,,,3,20.469008675681216,4,,-1.768008845635083,0.3448275862068966
NCEP-AirTemp-Africa-2000,NCEP2000_r012_c018,2,20.482418060302734,20.871936798095703,-0.38951873779296875,-0.01866231876614859,3,20.469008675681216,4,4.440892098500626e-16,-1.768008845635083,0.3448275862068966
NCEP-AirTemp-Africa-2000,NCEP2000_r012_c018,3,20.99677848815918,20.482418060302734,0.5143604278564453,0.02511229027462019,3,20.469008675681216,4,4.440892098500626e-16,-1.768008845635083,0.3448275862068966
NCEP-AirTemp-Africa-2000,NCEP2000_r012_c018,4,19.92300796508789,20.99677848815918,-1.073770523071289,-0.05113977478387106,3,20.469008675681216,3,-1.3208207024468313,-1.768008845635083,0.3448275862068966
NCEP-AirTemp-Africa-2000,NCEP2000_r012_c018,5,21.65580368041992,19.92300796508789,1.7327957153320277,0.08697460335148662,3,20.469008675681216,5,1.3208207024468321,-1.768008845635083,0.3448275862068966
NCEP-AirTemp-Africa-2000,NCEP2000_r012_c018,6,20.721336364746097,21.65580368041992,-0.934467315673821,-0.04315089522716347,3,20.469008675681216,3,-1.3208207024468313,-1.768008845635083,0.3448275862068966
NCEP-AirTemp-Africa-2000,NCEP2000_r012_c018,7,19.606779098510746,20.721336364746097,-1.1145572662353516,-0.05378790472855723,3,20.469008675681216,3,-1.3208207024468313,-1.768008845635083,0.3448275862068966
NCEP-AirTemp-Africa-2000,NCEP2000_r012_c018,8,23.343233108520508,19.606779098510746,3.736454010009762,0.19056949595018227,4,23.02893324851989,7,3.962462107340496,-1.768008845635083,0.3448275862068966
NCEP-AirTemp-Africa-2000,NCEP2000_r012_c018,9,24.429996490478516,23.343233108520508,1.0867633819580078,0.04655582099128028,5,25.58885782135857,5,1.3208207024468321,-1.768008845635083,0.3448275862068966
NCEP-AirTemp-Africa-2000,NCEP2000_r012_c018,10,21.86322593688965,24.429996490478516,-2.566770553588867,-0.10506634966522631,4,23.02893324851989,2,-2.641641404893663,-1.768008845635083,0.3448275862068966
NCEP-AirTemp-Africa-2000,NCEP2000_r012_c018,11,21.06700325012207,21.86322593688965,-0.7962226867675781,-0.036418353314645935,3,20.469008675681216,3,-1.3208207024468313,-1.768008845635083,0.3448275862068966
NCEP-AirTemp-Africa-2000,NCEP2000_r012_c018,12,20.700326919555664,21.06700325012207,-0.36667633056640625,-0.0174052439358826,3,20.469008675681216,4,4.440892098500626e-16,-1.768008845635083,0.3448275862068966
NCEP-AirTemp-Africa-2000,NCEP2000_r012_c019,1,20.57580947875977,,,,3,20.469008675681216,4,,-1.5707963267948966,0.3448275862068966
NCEP-AirTemp-Africa-2000,NCEP2000_r012_c019,2,20.425525665283203,20.57580947875977,-0.15028381347656605,-0.007303907709278837,3,20.469008675681216,4,4.440892098500626e-16,-1.5707963267948966,0.3448275862068966
NCEP-AirTemp-Africa-2000,NCEP2000_r012_c019,3,20.74419593811035,20.425525665283203,0.31867027282714844,0.015601570214116203,3,20.469008675681216,4,4.440892098500626e-16,-1.5707963267948966,0.3448275862068966
NCEP-AirTemp-Africa-2000,NCEP2000_r012_c019,4,19.62033462524414,20.74419593811035,-1.123861312866211,-0.05417714507803607,3,20.469008675681216,3,-1.3208207024468313,-1.5707963267948966,0.3448275862068966
NCEP-AirTemp-Africa-2000,NCEP2000_r012_c019,5,20.97484016418457,19.62033462524414,1.3545055389404297,0.06903580213141117,3,20.469008675681216,5,1.3208207024468321,-1.5707963267948966,0.3448275862068966
NCEP-AirTemp-Africa-2000,NCEP2000_r012_c019,6,19.924335479736328,20.97484016418457,-1.0505046844482422,-0.05008403764821167,3,20.469008675681216,3,-1.3208207024468313,-1.5707963267948966,0.3448275862068966
NCEP-AirTemp-Africa-2000,NCEP2000_r012_c019,7,18.731290817260746,19.924335479736328,-1.1930446624755824,-0.05987876803665277,2,17.909084102842538,3,-1.3208207024468313,-1.5707963267948966,0.3448275862068966
NCEP-AirTemp-Africa-2000,NCEP2000_r012_c019,8,22.178390502929688,18.731290817260746,3.4470996856689418,0.18402894489751154,4,23.02893324851989,7,3.962462107340496,-1.5707963267948966,0.3448275862068966
NCEP-AirTemp-Africa-2000,NCEP2000_r012_c019,9,25.591333389282227,22.178390502929688,3.412942886352539,0.15388595876250358,5,25.58885782135857,7,3.962462107340496,-1.5707963267948966,0.3448275862068966
NCEP-AirTemp-Africa-2000,NCEP2000_r012_c019,10,24.02193832397461,25.591333389282227,-1.5693950653076172,-0.061325255758845586,4,23.02893324851989,3,-1.3208207024468313,-1.5707963267948966,0.3448275862068966
NCEP-AirTemp-Africa-2000,NCEP2000_r012_c019,11,21.72766876220703,24.02193832397461,-2.294269561767578,-0.0955072621878239,3,20.469008675681216,2,-2.641641404893663,-1.5707963267948966,0.3448275862068966
NCEP-AirTemp-Africa-2000,NCEP2000_r012_c019,12,20.404199600219727,21.72766876220703,-1.3234691619873047,-0.0609116963477158,3,20.469008675681216,3,-1.3208207024468313,-1.5707963267948966,0.3448275862068966
NCEP-AirTemp-Africa-2000,NCEP2000_r012_c020,1,19.799036026000977,,,,3,20.469008675681216,4,,-1.37358380795471,0.4
NCEP-AirTemp-Africa-2000,NCEP2000_r012_c020,2,19.784141540527344,19.799036026000977,-0.014894485473632812,-0.0007522833664261588,3,20.469008675681216,4,4.440892098500626e-16,-1.37358380795471,0.4
NCEP-AirTemp-Africa-2000,NCEP2000_r012_c020,3,19.690967559814453,19.784141540527344,-0.09317398071289062,-0.004709528615230837,3,20.469008675681216,4,4.440892098500626e-16,-1.37358380795471,0.4
NCEP-AirTemp-Africa-2000,NCEP2000_r012_c020,4,18.71433448791504,19.690967559814453,-0.9766330718994141,-0.04959802350660197,2,17.909084102842538,3,-1.3208207024468313,-1.37358380795471,0.4
NCEP-AirTemp-Africa-2000,NCEP2000_r012_c020,5,19.01677703857422,18.71433448791504,0.3024425506591797,0.016161010206079456,2,17.909084102842538,4,4.440892098500626e-16,-1.37358380795471,0.4
NCEP-AirTemp-Africa-2000,NCEP2000_r012_c020,6,18.136669158935547,19.01677703857422,-0.8801078796386719,-0.04628060148433322,2,17.909084102842538,3,-1.3208207024468313,-1.37358380795471,0.4
NCEP-AirTemp-Africa-2000,NCEP2000_r012_c020,7,16.840333938598633,18.136669158935547,-1.296335220336914,-0.07147592587022726,2,17.909084102842538,3,-1.3208207024468313,-1.37358380795471,0.4
NCEP-AirTemp-Africa-2000,NCEP2000_r012_c020,8,19.99774742126465,16.840333938598633,3.1574134826660156,0.18749114442612766,3,20.469008675681216,6,2.6416414048936643,-1.37358380795471,0.4
NCEP-AirTemp-Africa-2000,NCEP2000_r012_c020,9,24.000335693359375,19.99774742126465,4.002588272094727,0.20015195650678963,4,23.02893324851989,7,3.962462107340496,-1.37358380795471,0.4
NCEP-AirTemp-Africa-2000,NCEP2000_r012_c020,10,25.0577392578125,24.000335693359375,1.057403564453125,0.044057865605008885,5,25.58885782135857,5,1.3208207024468321,-1.37358380795471,0.4
NCEP-AirTemp-Africa-2000,NCEP2000_r012_c020,11,22.91400718688965,25.0577392578125,-2.1437320709228516,-0.08555169518153873,4,23.02893324851989,2,-2.641641404893663,-1.37358380795471,0.4
NCEP-AirTemp-Africa-2000,NCEP2000_r012_c020,12,19.81774139404297,22.91400718688965,-3.0962657928466797,-0.13512546136488174,3,20.469008675681216,2,-2.641641404893663,-1.37358380795471,0.4
NCEP-AirTemp-Africa-2000,NCEP2000_r012_c021,1,20.02193832397461,,,,3,20.469008675681216,4,,-1.1906181922168848,0.5882352941176472
NCEP-AirTemp-Africa-2000,NCEP2000_r012_c021,2,19.724143981933594,20.02193832397461,-0.2977943420410156,-0.014873402226218609,3,20.469008675681216,4,4.440892098500626e-16,-1.1906181922168848,0.5882352941176472
NCEP-AirTemp-Africa-2000,NCEP2000_r012_c021,3,19.37871360778809,19.724143981933594,-0.34543037414550426,-0.01751307303687818,3,20.469008675681216,4,4.440892098500626e-16,-1.1906181922168848,0.5882352941176472
NCEP-AirTemp-Africa-2000,NCEP2000_r012_c021,4,18.429004669189453,19.37871360778809,-0.9497089385986364,-0.04900784220356912,2,17.909084102842538,3,-1.3208207024468313,-1.1906181922168848,0.5882352941176472
NCEP-AirTemp-Africa-2000,NCEP2000_r012_c021,5,18.28290748596191,18.429004669189453,-0.14609718322754262,-0.007927567758002433,2,17.909084102842538,4,4.440892098500626e-16,-1.1906181922168848,0.5882352941176472
NCEP-AirTemp-Africa-2000,NCEP2000_r012_c021,6,17.161340713500977,18.28290748596191,-1.121566772460934,-0.06134509914914255,2,17.909084102842538,3,-1.3208207024468313,-1.1906181922168848,0.5882352941176472
NCEP-AirTemp-Africa-2000,NCEP2000_r012_c021,7,16.037425994873047,17.161340713500977,-1.1239147186279297,-0.06549107889593592,1,15.349159530003863,3,-1.3208207024468313,-1.1906181922168848,0.5882352941176472
NCEP-AirTemp-Africa-2000,NCEP2000_r012_c021,8,18.582265853881836,16.037425994873047,2.544839859008789,0.15868131580606143,2,17.909084102842538,6,2.6416414048936643,-1.1906181922168848,0.5882352941176472
NCEP-AirTemp-Africa-2000,NCEP2000_r012_c021,9,21.72766876220703,18.582265853881836,3.1454029083251953,0.16926907262324634,3,20.469008675681216,6,2.6416414048936643,-1.1906181922168848,0.5882352941176472
NCEP-AirTemp-Africa-2000,NCEP2000_r012_c021,10,23.38290023803711,21.72766876220703,1.6552314758300781,0.07618081322692001,4,23.02893324851989,5,1.3208207024468321,-1.1906181922168848,0.5882352941176472
NCEP-AirTemp-Africa-2000,NCEP2000_r012_c021,11,22.728666305541992,23.38290023803711,-0.6542339324951172,-0.02797916108930195,4,23.02893324851989,4,4.440892098500626e-16,-1.1906181922168848,0.5882352941176472
NCEP-AirTemp-Africa-2000,NCEP2000_r012_c021,12,20.443870544433594,22.728666305541992,-2.2847957611083984,-0.10052484956195122,3,20.469008675681216,2,-2.641641404893663,-1.1906181922168848,0.5882352941176472
NCEP-AirTemp-Africa-2000,NCEP2000_r012_c022,1,21.63064765930176,,,,3,20.469008675681216,4,,-1.0307968345603091,0.6666666666666665
NCEP-AirTemp-Africa-2000,NCEP2000_r012_c022,2,21.182416915893555,21.63064765930176,-0.4482307434082067,-0.02072202138688415,3,20.469008675681216,4,4.440892098500626e-16,-1.0307968345603091,0.6666666666666665
NCEP-AirTemp-Africa-2000,NCEP2000_r012_c022,3,20.020971298217773,21.182416915893555,-1.1614456176757812,-0.054830646676788206,3,20.469008675681216,3,-1.3208207024468313,-1.0307968345603091,0.6666666666666665
NCEP-AirTemp-Africa-2000,NCEP2000_r012_c022,4,18.800668716430664,20.020971298217773,-1.2203025817871094,-0.06095121778111426,2,17.909084102842538,3,-1.3208207024468313,-1.0307968345603091,0.6666666666666665
NCEP-AirTemp-Africa-2000,NCEP2000_r012_c022,5,18.750003814697266,18.800668716430664,-0.05066490173339844,-0.002694845725839546,2,17.909084102842538,4,4.440892098500626e-16,-1.0307968345603091,0.6666666666666665
NCEP-AirTemp-Africa-2000,NCEP2000_r012_c022,6,17.97467041015625,18.750003814697266,-0.7753334045410156,-0.041351106495950016,2,17.909084102842538,3,-1.3208207024468313,-1.0307968345603091,0.6666666666666665
NCEP-AirTemp-Africa-2000,NCEP2000_r012_c022,7,17.274192810058594,17.97467041015625,-0.7004776000976562,-0.03897026115715949,2,17.909084102842538,3,-1.3208207024468313,-1.0307968345603091,0.6666666666666665
NCEP-AirTemp-Africa-2000,NCEP2000_r012_c022,8,19.65968132019043,17.274192810058594,2.385488510131836,0.1380955125580623,3,20.469008675681216,6,2.6416414048936643,-1.0307968345603091,0.6666666666666665
NCEP-AirTemp-Africa-2000,NCEP2000_r012_c022,9,21.911338806152344,19.65968132019043,2.251657485961914,0.11453173880542351,4,23.02893324851989,6,2.6416414048936643,-1.0307968345603091,0.6666666666666665
NCEP-AirTemp-Africa-2000,NCEP2000_r012_c022,10,22.866769790649418,21.911338806152344,0.9554309844970739,0.04360440924900511,4,23.02893324851989,5,1.3208207024468321,-1.0307968345603091,0.6666666666666665
NCEP-AirTemp-Africa-2000,NCEP2000_r012_c022,11,23.09866714477539,22.866769790649418,0.231897354125973,0.010141237973226962,4,23.02893324851989,4,4.440892098500626e-16,-1.0307968345603091,0.6666666666666665
NCEP-AirTemp-Africa-2000,NCEP2000_r012_c022,12,22.50709342956543,23.09866714477539,-0.5915737152099609,-0.025610729463399665,4,23.02893324851989,4,4.440892098500626e-16,-1.0307968345603091,0.6666666666666665
NCEP-AirTemp-Africa-2000,NCEP2000_r012_c023,1,25.51483917236328,,,,5,25.58885782135857,4,,-0.8965198392035487,0.7272727272727273
NCEP-AirTemp-Africa-2000,NCEP2000_r012_c023,2,25.40344619750977,25.51483917236328,-0.11139297485351207,-0.004365811365731389,5,25.58885782135857,4,4.440892098500626e-16,-0.8965198392035487,0.7272727272727273
NCEP-AirTemp-Africa-2000,NCEP2000_r012_c023,3,22.983869552612305,25.40344619750977,-2.4195766448974645,-0.09524600032946116,4,23.02893324851989,2,-2.641641404893663,-0.8965198392035487,0.7272727272727273
NCEP-AirTemp-Africa-2000,NCEP2000_r012_c023,4,22.205671310424805,22.983869552612305,-0.7781982421875,-0.0338584519202099,4,23.02893324851989,3,-1.3208207024468313,-0.8965198392035487,0.7272727272727273
NCEP-AirTemp-Africa-2000,NCEP2000_r012_c023,5,21.837419509887695,22.205671310424805,-0.3682518005371094,-0.01658368240208202,4,23.02893324851989,4,4.440892098500626e-16,-0.8965198392035487,0.7272727272727273
NCEP-AirTemp-Africa-2000,NCEP2000_r012_c023,6,21.423002243041992,21.837419509887695,-0.4144172668457031,-0.01897739184147012,3,20.469008675681216,4,4.440892098500626e-16,-0.8965198392035487,0.7272727272727273
NCEP-AirTemp-Africa-2000,NCEP2000_r012_c023,7,20.81645393371582,21.423002243041992,-0.6065483093261719,-0.028312946170893184,3,20.469008675681216,4,4.440892098500626e-16,-0.8965198392035487,0.7272727272727273
NCEP-AirTemp-Africa-2000,NCEP2000_r012_c023,8,22.820968627929688,20.81645393371582,2.004514694213867,0.09629472438469511,4,23.02893324851989,6,2.6416414048936643,-0.8965198392035487,0.7272727272727273
NCEP-AirTemp-Africa-2000,NCEP2000_r012_c023,9,24.1510009765625,22.820968627929688,1.3300323486328125,0.05828115231730515,4,23.02893324851989,5,1.3208207024468321,-0.8965198392035487,0.7272727272727273
NCEP-AirTemp-Africa-2000,NCEP2000_r012_c023,10,25.5261287689209,24.1510009765625,1.3751277923583984,0.056938749399782655,5,25.58885782135857,5,1.3208207024468321,-0.8965198392035487,0.7272727272727273
NCEP-AirTemp-Africa-2000,NCEP2000_r012_c023,11,26.356998443603516,25.5261287689209,0.8308696746826172,0.03254977212581623,5,25.58885782135857,5,1.3208207024468321,-0.8965198392035487,0.7272727272727273
NCEP-AirTemp-Africa-2000,NCEP2000_r012_c023,12,26.59000015258789,26.356998443603516,0.233001708984375,0.008840221677097733,5,25.58885782135857,4,4.440892098500626e-16,-0.8965198392035487,0.7272727272727273
NCEP-AirTemp-Africa-2000,NCEP2000_r013_c014,1,23.33322525024414,,,,4,23.02893324851989,4,,-2.466387159640602,0.9090909090909092
NCEP-AirTemp-Africa-2000,NCEP2000_r013_c014,2,23.314836502075195,23.33322525024414,-0.018388748168945312,-0.0007880928577909694,4,23.02893324851989,4,4.440892098500626e-16,-2.466387159640602,0.9090909090909092
NCEP-AirTemp-Africa-2000,NCEP2000_r013_c014,3,23.98516082763672,23.314836502075195,0.6703243255615234,0.02875097689412746,4,23.02893324851989,5,1.3208207024468321,-2.466387159640602,0.9090909090909092
NCEP-AirTemp-Africa-2000,NCEP2000_r013_c014,4,23.35000228881836,23.98516082763672,-0.6351585388183594,-0.026481312482445514,4,23.02893324851989,4,4.440892098500626e-16,-2.466387159640602,0.9090909090909092
NCEP-AirTemp-Africa-2000,NCEP2000_r013_c014,5,23.7851619720459,23.35000228881836,0.43515968322753906,0.018636387176541067,4,23.02893324851989,4,4.440892098500626e-16,-2.466387159640602,0.9090909090909092
NCEP-AirTemp-Africa-2000,NCEP2000_r013_c014,6,23.573667526245117,23.7851619720459,-0.21149444580078125,-0.008891864854624296,4,23.02893324851989,4,4.440892098500626e-16,-2.466387159640602,0.9090909090909092
NCEP-AirTemp-Africa-2000,NCEP2000_r013_c014,7,22.83258056640625,23.573667526245117,-0.7410869598388672,-0.0314370667616228,4,23.02893324851989,3,-1.3208207024468313,-2.466387159640602,0.9090909090909092
NCEP-AirTemp-Africa-2000,NCEP2000_r013_c014,8,23.40096664428711,22.83258056640625,0.5683860778808594,0.02489364162004229,4,23.02893324851989,4,4.440892098500626e-16,-2.466387159640602,0.9090909090909092
NCEP-AirTemp-Africa-2000,NCEP2000_r013_c014,9,23.846670150756836,23.40096664428711,0.44570350646972656,0.019046371598437212,4,23.02893324851989,4,4.440892098500626e-16,-2.466387159640602,0.9090909090909092
NCEP-AirTemp-Africa-2000,NCEP2000_r013_c014,10,23.36225700378418,23.846670150756836,-0.48441314697265625,-0.020313659890887622,4,23.02893324851989,4,4.440892098500626e-16,-2.466387159640602,0.9090909090909092
NCEP-AirTemp-Africa-2000,NCEP2000_r013_c014,11,22.916332244873047,23.36225700378418,-0.4459247589111328,-0.01908740062395952,4,23.02893324851989,4,4.440892098500626e-16,-2.466387159640602,0.9090909090909092
NCEP-AirTemp-Africa-2000,NCEP2000_r013_c014,12,22.846126556396484,22.916332244873047,-0.0702056884765625,-0.003063565658168063,4,23.02893324851989,4,4.440892098500626e-16,-2.466387159640602,0.9090909090909092
NCEP-AirTemp-Africa-2000,NCEP2000_r013_c015,1,22.20967674255371,,,,4,23.02893324851989,4,,-2.3557183744408845,0.6153846153846153
NCEP-AirTemp-Africa-2000,NCEP2000_r013_c015,2,21.68689727783203,22.20967674255371,-0.5227794647216797,-0.023538364415724922,3,20.469008675681216,4,4.440892098500626e-16,-2.3557183744408845,0.6153846153846153
NCEP-AirTemp-Africa-2000,NCEP2000_r013_c015,3,22.642580032348633,21.68689727783203,0.9556827545166016,0.044067288292709526,4,23.02893324851989,5,1.3208207024468321,-2.3557183744408845,0.6153846153846153
NCEP-AirTemp-Africa-2000,NCEP2000_r013_c015,4,21.81433868408203,22.642580032348633,-0.8282413482666016,-0.03657892992244361,4,23.02893324851989,3,-1.3208207024468313,-2.3557183744408845,0.6153846153846153
NCEP-AirTemp-Africa-2000,NCEP2000_r013_c015,5,23.4006404876709,21.81433868408203,1.5863018035888672,0.07271830819911103,4,23.02893324851989,5,1.3208207024468321,-2.3557183744408845,0.6153846153846153
NCEP-AirTemp-Africa-2000,NCEP2000_r013_c015,6,23.78800392150879,23.4006404876709,0.3873634338378906,0.016553539807680942,4,23.02893324851989,4,4.440892098500626e-16,-2.3557183744408845,0.6153846153846153
NCEP-AirTemp-Africa-2000,NCEP2000_r013_c015,7,23.65419578552246,23.78800392150879,-0.13380813598632812,-0.005625025808295779,4,23.02893324851989,4,4.440892098500626e-16,-2.3557183744408845,0.6153846153846153
NCEP-AirTemp-Africa-2000,NCEP2000_r013_c015,8,24.623226165771484,23.65419578552246,0.9690303802490234,0.04096653249323818,5,25.58885782135857,5,1.3208207024468321,-2.3557183744408845,0.6153846153846153
NCEP-AirTemp-Africa-2000,NCEP2000_r013_c015,9,23.92667007446289,24.623226165771484,-0.6965560913085938,-0.02828857951509497,4,23.02893324851989,3,-1.3208207024468313,-2.3557183744408845,0.6153846153846153
NCEP-AirTemp-Africa-2000,NCEP2000_r013_c015,10,22.5225772857666,23.92667007446289,-1.404092788696289,-0.05868316754176702,4,23.02893324851989,3,-1.3208207024468313,-2.3557183744408845,0.6153846153846153
NCEP-AirTemp-Africa-2000,NCEP2000_r013_c015,11,22.43866920471191,22.5225772857666,-0.08390808105469105,-0.003725509740295917,4,23.02893324851989,4,4.440892098500626e-16,-2.3557183744408845,0.6153846153846153
NCEP-AirTemp-Africa-2000,NCEP2000_r013_c015,12,21.788707733154297,22.43866920471191,-0.6499614715576136,-0.02896613277854855,4,23.02893324851989,4,4.440892098500626e-16,-2.3557183744408845,0.6153846153846153
NCEP-AirTemp-Africa-2000,NCEP2000_r013_c016,1,22.99032211303711,,,,4,23.02893324851989,4,,-2.213840425389199,0.4705882352941176
NCEP-AirTemp-Africa-2000,NCEP2000_r013_c016,2,22.2658634185791,22.99032211303711,-0.7244586944580078,-0.03151146342778684,4,23.02893324851989,3,-1.3208207024468313,-2.213840425389199,0.4705882352941176
NCEP-AirTemp-Africa-2000,NCEP2000_r013_c016,3,23.35903549194336,22.2658634185791,1.0931720733642578,0.04909632529462532,4,23.02893324851989,5,1.3208207024468321,-2.213840425389199,0.4705882352941176
NCEP-AirTemp-Africa-2000,NCEP2000_r013_c016,4,22.534006118774418,23.35903549194336,-0.8250293731689418,-0.03531949653715361,4,23.02893324851989,3,-1.3208207024468313,-2.213840425389199,0.4705882352941176
NCEP-AirTemp-Africa-2000,NCEP2000_r013_c016,5,24.235164642333984,22.534006118774418,1.7011585235595668,0.07549294673095125,4,23.02893324851989,5,1.3208207024468321,-2.213840425389199,0.4705882352941176
NCEP-AirTemp-Africa-2000,NCEP2000_r013_c016,6,23.891666412353516,24.235164642333984,-0.34349822998046875,-0.01417354637568445,4,23.02893324851989,4,4.440892098500626e-16,-2.213840425389199,0.4705882352941176
NCEP-AirTemp-Africa-2000,NCEP2000_r013_c016,7,23.67870330810547,23.891666412353516,-0.21296310424804688,-0.008913698214785527,4,23.02893324851989,4,4.440892098500626e-16,-2.213840425389199,0.4705882352941176
NCEP-AirTemp-Africa-2000,NCEP2000_r013_c016,8,24.677738189697266,23.67870330810547,0.9990348815917969,0.04219128339049785,5,25.58885782135857,5,1.3208207024468321,-2.213840425389199,0.4705882352941176
NCEP-AirTemp-Africa-2000,NCEP2000_r013_c016,9,23.206005096435547,24.677738189697266,-1.4717330932617188,-0.059638086843637646,4,23.02893324851989,3,-1.3208207024468313,-2.213840425389199,0.4705882352941176
NCEP-AirTemp-Africa-2000,NCEP2000_r013_c016,10,22.46128845214844,23.206005096435547,-0.7447166442871058,-0.03209154876905093,4,23.02893324851989,3,-1.3208207024468313,-2.213840425389199,0.4705882352941176
NCEP-AirTemp-Africa-2000,NCEP2000_r013_c016,11,22.440000534057617,22.46128845214844,-0.021287918090823865,-0.0009477603271146121,4,23.02893324851989,4,4.440892098500626e-16,-2.213840425389199,0.4705882352941176
NCEP-AirTemp-Africa-2000,NCEP2000_r013_c016,12,22.265806198120117,22.440000534057617,-0.1741943359375,-0.0077626707572097395,4,23.02893324851989,4,4.440892098500626e-16,-2.213840425389199,0.4705882352941176
NCEP-AirTemp-Africa-2000,NCEP2000_r013_c017,1,22.24225425720215,,,,4,23.02893324851989,4,,-2.0340631519624797,0.3636363636363637
NCEP-AirTemp-Africa-2000,NCEP2000_r013_c017,2,21.8110408782959,22.24225425720215,-0.43121337890625,-0.019387125689682334,4,23.02893324851989,4,4.440892098500626e-16,-2.0340631519624797,0.3636363636363637
NCEP-AirTemp-Africa-2000,NCEP2000_r013_c017,3,22.63323211669922,21.8110408782959,0.8221912384033203,0.03769610276699267,4,23.02893324851989,5,1.3208207024468321,-2.0340631519624797,0.3636363636363637
NCEP-AirTemp-Africa-2000,NCEP2000_r013_c017,4,21.637006759643555,22.63323211669922,-0.9962253570556641,-0.04401604472216014,3,20.469008675681216,3,-1.3208207024468313,-2.0340631519624797,0.3636363636363637
NCEP-AirTemp-Africa-2000,NCEP2000_r013_c017,5,23.22774314880371,21.637006759643555,1.5907363891601562,0.07351924445146135,4,23.02893324851989,5,1.3208207024468321,-2.0340631519624797,0.3636363636363637
NCEP-AirTemp-Africa-2000,NCEP2000_r013_c017,6,23.151668548583984,23.22774314880371,-0.07607460021972656,-0.0032751610749425994,4,23.02893324851989,4,4.440892098500626e-16,-2.0340631519624797,0.3636363636363637
NCEP-AirTemp-Africa-2000,NCEP2000_r013_c017,7,22.461294174194336,23.151668548583984,-0.6903743743896484,-0.029819637964360608,4,23.02893324851989,3,-1.3208207024468313,-2.0340631519624797,0.3636363636363637
NCEP-AirTemp-Africa-2000,NCEP2000_r013_c017,8,24.34645652770996,22.461294174194336,1.885162353515625,0.08392937374381028,5,25.58885782135857,5,1.3208207024468321,-2.0340631519624797,0.3636363636363637
NCEP-AirTemp-Africa-2000,NCEP2000_r013_c017,9,22.216331481933594,24.34645652770996,-2.130125045776367,-0.08749220008061386,4,23.02893324851989,2,-2.641641404893663,-2.0340631519624797,0.3636363636363637
NCEP-AirTemp-Africa-2000,NCEP2000_r013_c017,10,21.980321884155273,22.216331481933594,-0.2360095977783203,-0.010623247945784578,4,23.02893324851989,4,4.440892098500626e-16,-2.0340631519624797,0.3636363636363637
NCEP-AirTemp-Africa-2000,NCEP2000_r013_c017,11,21.756336212158203,21.980321884155273,-0.2239856719970703,-0.010190281706408155,4,23.02893324851989,4,4.440892098500626e-16,-2.0340631519624797,0.3636363636363637
NCEP-AirTemp-Africa-2000,NCEP2000_r013_c017,12,21.63419532775879,21.756336212158203,-0.12214088439941406,-0.005614037364028115,3,20.469008675681216,4,4.440892098500626e-16,-2.0340631519624797,0.3636363636363637
NCEP-AirTemp-Africa-2000,NCEP2000_r013_c018,1,22.56903076171875,,,,4,23.02893324851989,4,,-1.8155510295235495,0.2857142857142854
NCEP-AirTemp-Africa-2000,NCEP2000_r013_c018,2,22.27828025817871,22.56903076171875,-0.29075050354003906,-0.012882719980744839,4,23.02893324851989,4,4.440892098500626e-16,-1.8155510295235495,0.2857142857142854
NCEP-AirTemp-Africa-2000,NCEP2000_r013_c018,3,22.771297454833984,22.27828025817871,0.49301719665527344,0.022129948584082425,4,23.02893324851989,4,4.440892098500626e-16,-1.8155510295235495,0.2857142857142854
NCEP-AirTemp-Africa-2000,NCEP2000_r013_c018,4,21.64400291442871,22.771297454833984,-1.1272945404052734,-0.049505064111573786,3,20.469008675681216,3,-1.3208207024468313,-1.8155510295235495,0.2857142857142854
NCEP-AirTemp-Africa-2000,NCEP2000_r013_c018,5,23.67967987060547,21.64400291442871,2.035676956176758,0.09405270199902341,4,23.02893324851989,6,2.6416414048936643,-1.8155510295235495,0.2857142857142854
NCEP-AirTemp-Africa-2000,NCEP2000_r013_c018,6,23.641664505004883,23.67967987060547,-0.03801536560058594,-0.001605400318260887,4,23.02893324851989,4,4.440892098500626e-16,-1.8155510295235495,0.2857142857142854
NCEP-AirTemp-Africa-2000,NCEP2000_r013_c018,7,22.55806350708008,23.641664505004883,-1.0836009979248011,-0.04583437844215264,4,23.02893324851989,3,-1.3208207024468313,-1.8155510295235495,0.2857142857142854
NCEP-AirTemp-Africa-2000,NCEP2000_r013_c018,8,25.301616668701172,22.55806350708008,2.74355316162109,0.12162183871678514,5,25.58885782135857,6,2.6416414048936643,-1.8155510295235495,0.2857142857142854
NCEP-AirTemp-Africa-2000,NCEP2000_r013_c018,9,23.41033172607422,25.301616668701172,-1.8912849426269531,-0.07474956906475178,4,23.02893324851989,3,-1.3208207024468313,-1.8155510295235495,0.2857142857142854
NCEP-AirTemp-Africa-2000,NCEP2000_r013_c018,10,21.919361114501953,23.41033172607422,-1.4909706115722656,-0.06368857259342617,4,23.02893324851989,3,-1.3208207024468313,-1.8155510295235495,0.2857142857142854
NCEP-AirTemp-Africa-2000,NCEP2000_r013_c018,11,22.22300148010254,21.919361114501953,0.30364036560058594,0.013852610211330295,4,23.02893324851989,4,4.440892098500626e-16,-1.8155510295235495,0.2857142857142854
NCEP-AirTemp-Africa-2000,NCEP2000_r013_c018,12,22.06290626525879,22.22300148010254,-0.16009521484375,-0.007204032047025329,4,23.02893324851989,4,4.440892098500626e-16,-1.8155510295235495,0.2857142857142854
NCEP-AirTemp-Africa-2000,NCEP2000_r013_c019,1,22.737098693847656,,,,4,23.02893324851989,4,,-1.5707963267948966,0.2758620689655172
NCEP-AirTemp-Africa-2000,NCEP2000_r013_c019,2,22.347929000854492,22.737098693847656,-0.38916969299316406,-0.017116066488222087,4,23.02893324851989,4,4.440892098500626e-16,-1.5707963267948966,0.2758620689655172
NCEP-AirTemp-Africa-2000,NCEP2000_r013_c019,3,22.84064292907715,22.347929000854492,0.49271392822265625,0.02204740887640268,4,23.02893324851989,4,4.440892098500626e-16,-1.5707963267948966,0.2758620689655172
NCEP-AirTemp-Africa-2000,NCEP2000_r013_c019,4,22.077003479003903,22.84064292907715,-0.7636394500732457,-0.03343336054262724,4,23.02893324851989,3,-1.3208207024468313,-1.5707963267948966,0.2758620689655172
NCEP-AirTemp-Africa-2000,NCEP2000_r013_c019,5,23.760969161987305,22.077003479003903,1.683965682983402,0.07627691342191976,4,23.02893324851989,5,1.3208207024468321,-1.5707963267948966,0.2758620689655172
NCEP-AirTemp-Africa-2000,NCEP2000_r013_c019,6,23.329668045043945,23.760969161987305,-0.4313011169433594,-0.018151663511829855,4,23.02893324851989,4,4.440892098500626e-16,-1.5707963267948966,0.2758620689655172
NCEP-AirTemp-Africa-2000,NCEP2000_r013_c019,7,22.324195861816406,23.329668045043945,-1.005472183227539,-0.04309843506072249,4,23.02893324851989,3,-1.3208207024468313,-1.5707963267948966,0.2758620689655172
NCEP-AirTemp-Africa-2000,NCEP2000_r013_c019,8,25.95870780944824,22.324195861816406,3.6345119476318324,0.1628059514496712,5,25.58885782135857,7,3.962462107340496,-1.5707963267948966,0.2758620689655172
NCEP-AirTemp-Africa-2000,NCEP2000_r013_c019,9,26.170997619628903,25.95870780944824,0.21228981018066406,0.008177980650616075,5,25.58885782135857,4,4.440892098500626e-16,-1.5707963267948966,0.2758620689655172
NCEP-AirTemp-Africa-2000,NCEP2000_r013_c019,10,23.510324478149418,26.170997619628903,-2.660673141479485,-0.10166494912230299,4,23.02893324851989,2,-2.641641404893663,-1.5707963267948966,0.2758620689655172
NCEP-AirTemp-Africa-2000,NCEP2000_r013_c019,11,23.057004928588867,23.510324478149418,-0.4533195495605504,-0.019281722376135953,4,23.02893324851989,4,4.440892098500626e-16,-1.5707963267948966,0.2758620689655172
NCEP-AirTemp-Africa-2000,NCEP2000_r013_c019,12,22.180002212524418,23.057004928588867,-0.8770027160644496,-0.038036280895140696,4,23.02893324851989,3,-1.3208207024468313,-1.5707963267948966,0.2758620689655172
NCEP-AirTemp-Africa-2000,NCEP2000_r013_c020,1,20.83484268188477,,,,3,20.469008675681216,4,,-1.3260416240662436,0.3809523809523809
NCEP-AirTemp-Africa-2000,NCEP2000_r013_c020,2,20.676897048950195,20.83484268188477,-0.15794563293457387,-0.007580841158541723,3,20.469008675681216,4,4.440892098500626e-16,-1.3260416240662436,0.3809523809523809
NCEP-AirTemp-Africa-2000,NCEP2000_r013_c020,3,20.95000648498535,20.676897048950195,0.27310943603515625,0.013208434292079746,3,20.469008675681216,4,4.440892098500626e-16,-1.3260416240662436,0.3809523809523809
NCEP-AirTemp-Africa-2000,NCEP2000_r013_c020,4,20.607336044311523,20.95000648498535,-0.3426704406738281,-0.0163565792172626,3,20.469008675681216,4,4.440892098500626e-16,-1.3260416240662436,0.3809523809523809
NCEP-AirTemp-Africa-2000,NCEP2000_r013_c020,5,21.129350662231445,20.607336044311523,0.5220146179199219,0.025331494415262834,3,20.469008675681216,4,4.440892098500626e-16,-1.3260416240662436,0.3809523809523809
NCEP-AirTemp-Africa-2000,NCEP2000_r013_c020,6,20.410001754760746,21.129350662231445,-0.7193489074706996,-0.03404500776999884,3,20.469008675681216,3,-1.3208207024468313,-1.3260416240662436,0.3809523809523809
NCEP-AirTemp-Africa-2000,NCEP2000_r013_c020,7,19.64258575439453,20.410001754760746,-0.7674160003662145,-0.037599996785262914,3,20.469008675681216,3,-1.3208207024468313,-1.3260416240662436,0.3809523809523809
NCEP-AirTemp-Africa-2000,NCEP2000_r013_c020,8,23.389677047729492,19.64258575439453,3.747091293334961,0.190763646914289,4,23.02893324851989,7,3.962462107340496,-1.3260416240662436,0.3809523809523809
NCEP-AirTemp-Africa-2000,NCEP2000_r013_c020,9,25.51799774169922,23.389677047729492,2.1283206939697266,0.09099401798608114,5,25.58885782135857,6,2.6416414048936643,-1.3260416240662436,0.3809523809523809
NCEP-AirTemp-Africa-2000,NCEP2000_r013_c020,10,24.952903747558594,25.51799774169922,-0.565093994140625,-0.022144919043440434,5,25.58885782135857,4,4.440892098500626e-16,-1.3260416240662436,0.3809523809523809
NCEP-AirTemp-Africa-2000,NCEP2000_r013_c020,11,22.987333297729492,24.952903747558594,-1.9655704498291016,-0.0787712111469758,4,23.02893324851989,3,-1.3208207024468313,-1.3260416240662436,0.3809523809523809
NCEP-AirTemp-Africa-2000,NCEP2000_r013_c020,12,20.73613166809082,22.987333297729492,-2.251201629638672,-0.09793226558650141,3,20.469008675681216,2,-2.641641404893663,-1.3260416240662436,0.3809523809523809
NCEP-AirTemp-Africa-2000,NCEP2000_r013_c021,1,19.70355224609375,,,,3,20.469008675681216,4,,-1.1075295016273137,0.4705882352941176
NCEP-AirTemp-Africa-2000,NCEP2000_r013_c021,2,19.396560668945312,19.70355224609375,-0.3069915771484375,-0.015580519355807981,3,20.469008675681216,4,4.440892098500626e-16,-1.1075295016273137,0.4705882352941176
NCEP-AirTemp-Africa-2000,NCEP2000_r013_c021,3,19.093555450439453,19.396560668945312,-0.3030052185058594,-0.015621595172332955,2,17.909084102842538,4,4.440892098500626e-16,-1.1075295016273137,0.4705882352941176
NCEP-AirTemp-Africa-2000,NCEP2000_r013_c021,4,18.601337432861328,19.093555450439453,-0.492218017578125,-0.025779275046795763,2,17.909084102842538,4,4.440892098500626e-16,-1.1075295016273137,0.4705882352941176
NCEP-AirTemp-Africa-2000,NCEP2000_r013_c021,5,18.498390197753903,18.601337432861328,-0.10294723510742543,-0.005534399635456196,2,17.909084102842538,4,4.440892098500626e-16,-1.1075295016273137,0.4705882352941176
NCEP-AirTemp-Africa-2000,NCEP2000_r013_c021,6,17.62700843811035,18.498390197753903,-0.8713817596435511,-0.04710581571305353,2,17.909084102842538,3,-1.3208207024468313,-1.1075295016273137,0.4705882352941176
NCEP-AirTemp-Africa-2000,NCEP2000_r013_c021,7,17.08613395690918,17.62700843811035,-0.5408744812011719,-0.03068441721692139,2,17.909084102842538,4,4.440892098500626e-16,-1.1075295016273137,0.4705882352941176
NCEP-AirTemp-Africa-2000,NCEP2000_r013_c021,8,19.58161735534668,17.08613395690918,2.4954833984375,0.14605313318571944,3,20.469008675681216,6,2.6416414048936643,-1.1075295016273137,0.4705882352941176
NCEP-AirTemp-Africa-2000,NCEP2000_r013_c021,9,21.755340576171875,19.58161735534668,2.1737232208251953,0.11100835959454948,4,23.02893324851989,6,2.6416414048936643,-1.1075295016273137,0.4705882352941176
NCEP-AirTemp-Africa-2000,NCEP2000_r013_c021,10,23.61741828918457,21.755340576171875,1.8620777130126953,0.08559175189618434,4,23.02893324851989,5,1.3208207024468321,-1.1075295016273137,0.4705882352941176
NCEP-AirTemp-Africa-2000,NCEP2000_r013_c021,11,21.97533416748047,23.61741828918457,-1.6420841217041016,-0.06952851923091367,4,23.02893324851989,3,-1.3208207024468313,-1.1075295016273137,0.4705882352941176
NCEP-AirTemp-Africa-2000,NCEP2000_r013_c021,12,19.998708724975582,21.97533416748047,-1.9766254425048864,-0.0899474577924706,3,20.469008675681216,3,-1.3208207024468313,-1.1075295016273137,0.4705882352941176
NCEP-AirTemp-Africa-2000,NCEP2000_r013_c022,1,20.67483711242676,,,,3,20.469008675681216,4,,-0.9277522282005946,0.5454545454545455
NCEP-AirTemp-Africa-2000,NCEP2000_r013_c022,2,20.331039428710938,20.67483711242676,-0.34379768371582387,-0.016628797694816264,3,20.469008675681216,4,4.440892098500626e-16,-0.9277522282005946,0.5454545454545455
NCEP-AirTemp-Africa-2000,NCEP2000_r013_c022,3,19.080005645751953,20.331039428710938,-1.2510337829589844,-0.06153319348701418,2,17.909084102842538,3,-1.3208207024468313,-0.9277522282005946,0.5454545454545455
NCEP-AirTemp-Africa-2000,NCEP2000_r013_c022,4,18.010343551635742,19.080005645751953,-1.069662094116211,-0.05606193802958149,2,17.909084102842538,3,-1.3208207024468313,-0.9277522282005946,0.5454545454545455
NCEP-AirTemp-Africa-2000,NCEP2000_r013_c022,5,17.785167694091797,18.010343551635742,-0.2251758575439453,-0.012502585355929777,2,17.909084102842538,4,4.440892098500626e-16,-0.9277522282005946,0.5454545454545455
NCEP-AirTemp-Africa-2000,NCEP2000_r013_c022,6,17.19700813293457,17.785167694091797,-0.5881595611572266,-0.033070228590119634,2,17.909084102842538,4,4.440892098500626e-16,-0.9277522282005946,0.5454545454545455
NCEP-AirTemp-Africa-2000,NCEP2000_r013_c022,7,16.726455688476562,17.19700813293457,-0.4705524444580078,-0.027362459843048918,2,17.909084102842538,4,4.440892098500626e-16,-0.9277522282005946,0.5454545454545455
NCEP-AirTemp-Africa-2000,NCEP2000_r013_c022,8,18.30807113647461,16.726455688476562,1.5816154479980469,0.09455771607894653,2,17.909084102842538,5,1.3208207024468321,-0.9277522282005946,0.5454545454545455
NCEP-AirTemp-Africa-2000,NCEP2000_r013_c022,9,19.843000411987305,18.30807113647461,1.5349292755126953,0.08383893988999763,3,20.469008675681216,5,1.3208207024468321,-0.9277522282005946,0.5454545454545455
NCEP-AirTemp-Africa-2000,NCEP2000_r013_c022,10,21.22355079650879,19.843000411987305,1.3805503845214844,0.06957367111112307,3,20.469008675681216,5,1.3208207024468321,-0.9277522282005946,0.5454545454545455
NCEP-AirTemp-Africa-2000,NCEP2000_r013_c022,11,21.400671005249023,21.22355079650879,0.17712020874023438,0.008345455971927663,3,20.469008675681216,4,4.440892098500626e-16,-0.9277522282005946,0.5454545454545455
NCEP-AirTemp-Africa-2000,NCEP2000_r013_c022,12,21.026777267456055,21.400671005249023,-0.37389373779296875,-0.01747112217655523,3,20.469008675681216,4,4.440892098500626e-16,-0.9277522282005946,0.5454545454545455
NCEP-AirTemp-Africa-2000,NCEP2000_r013_c023,1,24.689353942871097,,,,5,25.58885782135857,4,,-0.7858742791489086,0.888888888888889
NCEP-AirTemp-Africa-2000,NCEP2000_r013_c023,2,24.79689598083496,24.689353942871097,0.10754203796386363,0.004355806077903296,5,25.58885782135857,4,4.440892098500626e-16,-0.7858742791489086,0.888888888888889
NCEP-AirTemp-Africa-2000,NCEP2000_r013_c023,3,23.10258102416992,24.79689598083496,-1.6943149566650426,-0.06832770351476837,4,23.02893324851989,3,-1.3208207024468313,-0.7858742791489086,0.888888888888889
NCEP-AirTemp-Africa-2000,NCEP2000_r013_c023,4,22.409000396728516,23.10258102416992,-0.6935806274414027,-0.030021780973986358,4,23.02893324851989,3,-1.3208207024468313,-0.7858742791489086,0.888888888888889
NCEP-AirTemp-Africa-2000,NCEP2000_r013_c023,5,22.02549171447754,22.409000396728516,-0.38350868225097656,-0.01711404683213647,4,23.02893324851989,4,4.440892098500626e-16,-0.7858742791489086,0.888888888888889
NCEP-AirTemp-Africa-2000,NCEP2000_r013_c023,6,21.22567367553711,22.02549171447754,-0.7998180389404297,-0.03631328867971209,3,20.469008675681216,3,-1.3208207024468313,-0.7858742791489086,0.888888888888889
NCEP-AirTemp-Africa-2000,NCEP2000_r013_c023,7,20.579998016357425,21.22567367553711,-0.645675659179684,-0.030419560248108136,3,20.469008675681216,4,4.440892098500626e-16,-0.7858742791489086,0.888888888888889
NCEP-AirTemp-Africa-2000,NCEP2000_r013_c023,8,21.61838722229004,20.579998016357425,1.0383892059326136,0.05045623450047369,3,20.469008675681216,5,1.3208207024468321,-0.7858742791489086,0.888888888888889
NCEP-AirTemp-Africa-2000,NCEP2000_r013_c023,9,22.48833465576172,21.61838722229004,0.8699474334716797,0.04024108850149119,4,23.02893324851989,5,1.3208207024468321,-0.7858742791489086,0.888888888888889
NCEP-AirTemp-Africa-2000,NCEP2000_r013_c023,10,23.251935958862305,22.48833465576172,0.7636013031005859,0.03395544022220179,4,23.02893324851989,5,1.3208207024468321,-0.7858742791489086,0.888888888888889
NCEP-AirTemp-Africa-2000,NCEP2000_r013_c023,11,24.401994705200195,23.251935958862305,1.1500587463378906,0.0494607738629847,5,25.58885782135857,5,1.3208207024468321,-0.7858742791489086,0.888888888888889
NCEP-AirTemp-Africa-2000,NCEP2000_r013_c023,12,25.08870506286621,24.401994705200195,0.6867103576660156,0.028141566538397535,5,25.58885782135857,5,1.3208207024468321,-0.7858742791489086,0.888888888888889
NCEP-AirTemp-Africa-2000,NCEP2000_r014_c014,1,23.15742301940918,,,,4,23.02893324851989,4,,-2.600752957031685,0.9090909090909092
NCEP-AirTemp-Africa-2000,NCEP2000_r014_c014,2,22.8248291015625,23.15742301940918,-0.3325939178466797,-0.014362302643429676,4,23.02893324851989,4,4.440892098500626e-16,-2.600752957031685,0.9090909090909092
NCEP-AirTemp-Africa-2000,NCEP2000_r014_c014,3,23.53903007507324,22.8248291015625,0.7142009735107386,0.03129052885052477,4,23.02893324851989,5,1.3208207024468321,-2.600752957031685,0.9090909090909092
NCEP-AirTemp-Africa-2000,NCEP2000_r014_c014,4,23.312007904052734,23.53903007507324,-0.22702217102050426,-0.009644499807190884,4,23.02893324851989,4,4.440892098500626e-16,-2.600752957031685,0.9090909090909092
NCEP-AirTemp-Africa-2000,NCEP2000_r014_c014,5,24.089353561401367,23.312007904052734,0.7773456573486328,0.03334528971283907,4,23.02893324851989,5,1.3208207024468321,-2.600752957031685,0.9090909090909092
NCEP-AirTemp-Africa-2000,NCEP2000_r014_c014,6,23.72699737548828,24.089353561401367,-0.36235618591308594,-0.015042171430191187,4,23.02893324851989,4,4.440892098500626e-16,-2.600752957031685,0.9090909090909092
NCEP-AirTemp-Africa-2000,NCEP2000_r014_c014,7,24.153553009033203,23.72699737548828,0.4265556335449219,0.017977649122412134,4,23.02893324851989,4,4.440892098500626e-16,-2.600752957031685,0.9090909090909092
NCEP-AirTemp-Africa-2000,NCEP2000_r014_c014,8,24.62064743041992,24.153553009033203,0.4670944213867152,0.019338538773654802,5,25.58885782135857,4,4.440892098500626e-16,-2.600752957031685,0.9090909090909092
NCEP-AirTemp-Africa-2000,NCEP2000_r014_c014,9,24.284330368041992,24.62064743041992,-0.33631706237792613,-0.013659960134207977,4,23.02893324851989,4,4.440892098500626e-16,-2.600752957031685,0.9090909090909092
NCEP-AirTemp-Africa-2000,NCEP2000_r014_c014,10,23.17129135131836,24.284330368041992,-1.1130390167236328,-0.04583363015800445,4,23.02893324851989,3,-1.3208207024468313,-2.600752957031685,0.9090909090909092
NCEP-AirTemp-Africa-2000,NCEP2000_r014_c014,11,22.95966529846191,23.17129135131836,-0.21162605285644887,-0.009133114320122176,4,23.02893324851989,4,4.440892098500626e-16,-2.600752957031685,0.9090909090909092
NCEP-AirTemp-Africa-2000,NCEP2000_r014_c014,12,22.714197158813477,22.95966529846191,-0.24546813964843395,-0.01069127691791213,4,23.02893324851989,4,4.440892098500626e-16,-2.600752957031685,0.9090909090909092
NCEP-AirTemp-Africa-2000,NCEP2000_r014_c015,1,23.88193702697754,,,,4,23.02893324851989,4,,-2.4976344127310255,0.7272727272727272
NCEP-AirTemp-Africa-2000,NCEP2000_r014_c015,2,23.27103805541992,23.88193702697754,-0.6108989715576207,-0.02557995906561249,4,23.02893324851989,4,4.440892098500626e-16,-2.4976344127310255,0.7272727272727272
NCEP-AirTemp-Africa-2000,NCEP2000_r014_c015,3,24.1209716796875,23.27103805541992,0.8499336242675817,0.0365232364041289,4,23.02893324851989,5,1.3208207024468321,-2.4976344127310255,0.7272727272727272
NCEP-AirTemp-Africa-2000,NCEP2000_r014_c015,4,23.75366973876953,24.1209716796875,-0.36730194091796875,-0.015227493560190082,4,23.02893324851989,4,4.440892098500626e-16,-2.4976344127310255,0.7272727272727272
NCEP-AirTemp-Africa-2000,NCEP2000_r014_c015,5,25.149349212646484,23.75366973876953,1.3956794738769531,0.058756372772119335,5,25.58885782135857,5,1.3208207024468321,-2.4976344127310255,0.7272727272727272
NCEP-AirTemp-Africa-2000,NCEP2000_r014_c015,6,25.274669647216797,25.149349212646484,0.1253204345703125,0.004983048806181213,5,25.58885782135857,4,4.440892098500626e-16,-2.4976344127310255,0.7272727272727272
NCEP-AirTemp-Africa-2000,NCEP2000_r014_c015,7,25.868383407592773,25.274669647216797,0.5937137603759766,0.023490465697990053,5,25.58885782135857,4,4.440892098500626e-16,-2.4976344127310255,0.7272727272727272
NCEP-AirTemp-Africa-2000,NCEP2000_r014_c015,8,25.037738800048828,25.868383407592773,-0.8306446075439453,-0.032110418129187704,5,25.58885782135857,3,-1.3208207024468313,-2.4976344127310255,0.7272727272727272
NCEP-AirTemp-Africa-2000,NCEP2000_r014_c015,9,24.007999420166016,25.037738800048828,-1.0297393798828125,-0.04112749110877394,4,23.02893324851989,3,-1.3208207024468313,-2.4976344127310255,0.7272727272727272
NCEP-AirTemp-Africa-2000,NCEP2000_r014_c015,10,22.82387351989746,24.007999420166016,-1.1841259002685547,-0.04932213965624823,4,23.02893324851989,3,-1.3208207024468313,-2.4976344127310255,0.7272727272727272
NCEP-AirTemp-Africa-2000,NCEP2000_r014_c015,11,23.382997512817383,22.82387351989746,0.5591239929199219,0.024497331376836066,4,23.02893324851989,4,4.440892098500626e-16,-2.4976344127310255,0.7272727272727272
NCEP-AirTemp-Africa-2000,NCEP2000_r014_c015,12,23.1209716796875,23.382997512817383,-0.2620258331298828,-0.011205827353240466,4,23.02893324851989,4,4.440892098500626e-16,-2.4976344127310255,0.7272727272727272
NCEP-AirTemp-Africa-2000,NCEP2000_r014_c016,1,24.288389205932617,,,,4,23.02893324851989,4,,-2.3557183744408845,0.4615384615384614
NCEP-AirTemp-Africa-2000,NCEP2000_r014_c016,2,23.92172622680664,24.288389205932617,-0.36666297912597656,-0.015096224620627227,4,23.02893324851989,4,4.440892098500626e-16,-2.3557183744408845,0.4615384615384614
NCEP-AirTemp-Africa-2000,NCEP2000_r014_c016,3,24.68065071105957,23.92172622680664,0.7589244842529297,0.03172532270695751,5,25.58885782135857,5,1.3208207024468321,-2.3557183744408845,0.4615384615384614
NCEP-AirTemp-Africa-2000,NCEP2000_r014_c016,4,24.122331619262695,24.68065071105957,-0.558319091796875,-0.02262173304639364,4,23.02893324851989,4,4.440892098500626e-16,-2.3557183744408845,0.4615384615384614
NCEP-AirTemp-Africa-2000,NCEP2000_r014_c016,5,25.264516830444336,24.122331619262695,1.1421852111816406,0.04734970189488473,5,25.58885782135857,5,1.3208207024468321,-2.3557183744408845,0.4615384615384614
NCEP-AirTemp-Africa-2000,NCEP2000_r014_c016,6,25.283002853393555,25.264516830444336,0.01848602294921875,0.0007316990494329445,5,25.58885782135857,4,4.440892098500626e-16,-2.3557183744408845,0.4615384615384614
NCEP-AirTemp-Africa-2000,NCEP2000_r014_c016,7,25.52451515197754,25.283002853393555,0.24151229858398438,0.009552358158736984,5,25.58885782135857,4,4.440892098500626e-16,-2.3557183744408845,0.4615384615384614
NCEP-AirTemp-Africa-2000,NCEP2000_r014_c016,8,23.587745666503903,25.52451515197754,-1.9367694854736364,-0.07587879628434717,4,23.02893324851989,3,-1.3208207024468313,-2.3557183744408845,0.4615384615384614
NCEP-AirTemp-Africa-2000,NCEP2000_r014_c016,9,23.74333381652832,23.587745666503903,0.15558815002441762,0.006596143278132877,4,23.02893324851989,4,4.440892098500626e-16,-2.3557183744408845,0.4615384615384614
NCEP-AirTemp-Africa-2000,NCEP2000_r014_c016,10,23.034194946289062,23.74333381652832,-0.7091388702392578,-0.029866861819784075,4,23.02893324851989,3,-1.3208207024468313,-2.3557183744408845,0.4615384615384614
NCEP-AirTemp-Africa-2000,NCEP2000_r014_c016,11,23.489667892456055,23.034194946289062,0.4554729461669922,0.019773773176317212,4,23.02893324851989,4,4.440892098500626e-16,-2.3557183744408845,0.4615384615384614
NCEP-AirTemp-Africa-2000,NCEP2000_r014_c016,12,23.47870826721191,23.489667892456055,-0.010959625244144178,-0.000466572166721181,4,23.02893324851989,4,4.440892098500626e-16,-2.3557183744408845,0.4615384615384614
NCEP-AirTemp-Africa-2000,NCEP2000_r014_c017,1,23.473222732543945,,,,4,23.02893324851989,4,,-2.1583595193402374,0.3529411764705882
NCEP-AirTemp-Africa-2000,NCEP2000_r014_c017,2,23.371723175048828,23.473222732543945,-0.10149955749511719,-0.004324057188551077,4,23.02893324851989,4,4.440892098500626e-16,-2.1583595193402374,0.3529411764705882
NCEP-AirTemp-Africa-2000,NCEP2000_r014_c017,3,23.96129035949707,23.371723175048828,0.5895671844482422,0.025225661797913645,4,23.02893324851989,4,4.440892098500626e-16,-2.1583595193402374,0.3529411764705882
NCEP-AirTemp-Africa-2000,NCEP2000_r014_c017,4,23.5,23.96129035949707,-0.4612903594970703,-0.019251482394154022,4,23.02893324851989,4,4.440892098500626e-16,-2.1583595193402374,0.3529411764705882
NCEP-AirTemp-Africa-2000,NCEP2000_r014_c017,5,24.80580711364746,23.5,1.305807113647461,0.05556626015521111,5,25.58885782135857,5,1.3208207024468321,-2.1583595193402374,0.3529411764705882
NCEP-AirTemp-Africa-2000,NCEP2000_r014_c017,6,24.837331771850582,24.80580711364746,0.03152465820312145,0.0012708579913845038,5,25.58885782135857,4,4.440892098500626e-16,-2.1583595193402374,0.3529411764705882
NCEP-AirTemp-Africa-2000,NCEP2000_r014_c017,7,24.87032127380371,24.837331771850582,0.03298950195312855,0.001328222461903788,5,25.58885782135857,4,4.440892098500626e-16,-2.1583595193402374,0.3529411764705882
NCEP-AirTemp-Africa-2000,NCEP2000_r014_c017,8,22.921287536621097,24.87032127380371,-1.9490337371826136,-0.07836785523295836,4,23.02893324851989,3,-1.3208207024468313,-2.1583595193402374,0.3529411764705882
NCEP-AirTemp-Africa-2000,NCEP2000_r014_c017,9,23.243003845214844,22.921287536621097,0.32171630859374645,0.014035699699667557,4,23.02893324851989,4,4.440892098500626e-16,-2.1583595193402374,0.3529411764705882
NCEP-AirTemp-Africa-2000,NCEP2000_r014_c017,10,23.14161491394043,23.243003845214844,-0.10138893127441406,-0.004362126855444613,4,23.02893324851989,4,4.440892098500626e-16,-2.1583595193402374,0.3529411764705882
NCEP-AirTemp-Africa-2000,NCEP2000_r014_c017,11,23.1906681060791,23.14161491394043,0.049053192138671875,0.0021196961543562113,4,23.02893324851989,4,4.440892098500626e-16,-2.1583595193402374,0.3529411764705882
NCEP-AirTemp-Africa-2000,NCEP2000_r014_c017,12,22.982582092285156,23.1906681060791,-0.2080860137939453,-0.008972833936569448,4,23.02893324851989,4,4.440892098500626e-16,-2.1583595193402374,0.3529411764705882
NCEP-AirTemp-Africa-2000,NCEP2000_r014_c018,1,23.61225318908691,,,,4,23.02893324851989,4,,-1.8922613204948069,0.2222222222222222
NCEP-AirTemp-Africa-2000,NCEP2000_r014_c018,2,23.351728439331055,23.61225318908691,-0.2605247497558558,-0.011033455709185132,4,23.02893324851989,4,4.440892098500626e-16,-1.8922613204948069,0.2222222222222222
NCEP-AirTemp-Africa-2000,NCEP2000_r014_c018,3,23.75774383544922,23.351728439331055,0.40601539611816406,0.017386952626355354,4,23.02893324851989,4,4.440892098500626e-16,-1.8922613204948069,0.2222222222222222
NCEP-AirTemp-Africa-2000,NCEP2000_r014_c018,4,23.25566291809082,23.75774383544922,-0.5020809173583984,-0.021133358488748304,4,23.02893324851989,4,4.440892098500626e-16,-1.8922613204948069,0.2222222222222222
NCEP-AirTemp-Africa-2000,NCEP2000_r014_c018,5,24.97032356262207,23.25566291809082,1.71466064453125,0.07373088656171559,5,25.58885782135857,5,1.3208207024468321,-1.8922613204948069,0.2222222222222222
NCEP-AirTemp-Africa-2000,NCEP2000_r014_c018,6,25.093334197998047,24.97032356262207,0.12301063537597656,0.004926273184545772,5,25.58885782135857,4,4.440892098500626e-16,-1.8922613204948069,0.2222222222222222
NCEP-AirTemp-Africa-2000,NCEP2000_r014_c018,7,24.84193420410156,25.093334197998047,-0.2513999938964879,-0.010018596648529261,5,25.58885782135857,4,4.440892098500626e-16,-1.8922613204948069,0.2222222222222222
NCEP-AirTemp-Africa-2000,NCEP2000_r014_c018,8,23.78225898742676,24.84193420410156,-1.0596752166747976,-0.0426567113481783,4,23.02893324851989,3,-1.3208207024468313,-1.8922613204948069,0.2222222222222222
NCEP-AirTemp-Africa-2000,NCEP2000_r014_c018,9,22.93266868591309,23.78225898742676,-0.8495903015136719,-0.03572370067800685,4,23.02893324851989,3,-1.3208207024468313,-1.8922613204948069,0.2222222222222222
NCEP-AirTemp-Africa-2000,NCEP2000_r014_c018,10,22.96774101257324,22.93266868591309,0.035072326660149145,0.001529360892990754,4,23.02893324851989,4,4.440892098500626e-16,-1.8922613204948069,0.2222222222222222
NCEP-AirTemp-Africa-2000,NCEP2000_r014_c018,11,23.451663970947266,22.96774101257324,0.483922958374027,0.021069680214049473,4,23.02893324851989,4,4.440892098500626e-16,-1.8922613204948069,0.2222222222222222
NCEP-AirTemp-Africa-2000,NCEP2000_r014_c018,12,23.22032356262207,23.451663970947266,-0.2313404083251953,-0.009864562643051165,4,23.02893324851989,4,4.440892098500626e-16,-1.8922613204948069,0.2222222222222222
NCEP-AirTemp-Africa-2000,NCEP2000_r014_c019,1,21.579683303833008,,,,3,20.469008675681216,4,,-1.5707963267948966,0.2068965517241379
NCEP-AirTemp-Africa-2000,NCEP2000_r014_c019,2,21.345518112182617,21.579683303833008,-0.23416519165039062,-0.010851187589430376,3,20.469008675681216,4,4.440892098500626e-16,-1.5707963267948966,0.2068965517241379
NCEP-AirTemp-Africa-2000,NCEP2000_r014_c019,3,21.828710556030273,21.345518112182617,0.48319244384765625,0.022636716584165825,4,23.02893324851989,4,4.440892098500626e-16,-1.5707963267948966,0.2068965517241379
NCEP-AirTemp-Africa-2000,NCEP2000_r014_c019,4,21.47699928283691,21.828710556030273,-0.3517112731933629,-0.01611232474270915,3,20.469008675681216,4,4.440892098500626e-16,-1.5707963267948966,0.2068965517241379
NCEP-AirTemp-Africa-2000,NCEP2000_r014_c019,5,22.650644302368164,21.47699928283691,1.1736450195312536,0.05464660142113792,4,23.02893324851989,5,1.3208207024468321,-1.5707963267948966,0.2068965517241379
NCEP-AirTemp-Africa-2000,NCEP2000_r014_c019,6,23.15066909790039,22.650644302368164,0.5000247955322266,0.022075521952368837,4,23.02893324851989,4,4.440892098500626e-16,-1.5707963267948966,0.2068965517241379
NCEP-AirTemp-Africa-2000,NCEP2000_r014_c019,7,22.585161209106445,23.15066909790039,-0.5655078887939453,-0.024427280542195347,4,23.02893324851989,4,4.440892098500626e-16,-1.5707963267948966,0.2068965517241379
NCEP-AirTemp-Africa-2000,NCEP2000_r014_c019,8,23.473222732543945,22.585161209106445,0.8880615234375,0.03932057492152986,4,23.02893324851989,5,1.3208207024468321,-1.5707963267948966,0.2068965517241379
NCEP-AirTemp-Africa-2000,NCEP2000_r014_c019,9,22.638330459594727,23.473222732543945,-0.8348922729492188,-0.03556785885185251,4,23.02893324851989,3,-1.3208207024468313,-1.5707963267948966,0.2068965517241379
NCEP-AirTemp-Africa-2000,NCEP2000_r014_c019,10,21.286781311035156,22.638330459594727,-1.3515491485595703,-0.059701803141880894,3,20.469008675681216,3,-1.3208207024468313,-1.5707963267948966,0.2068965517241379
NCEP-AirTemp-Africa-2000,NCEP2000_r014_c019,11,21.549671173095703,21.286781311035156,0.2628898620605469,0.012349911347295312,3,20.469008675681216,4,4.440892098500626e-16,-1.5707963267948966,0.2068965517241379
NCEP-AirTemp-Africa-2000,NCEP2000_r014_c019,12,21.40226173400879,21.549671173095703,-0.14740943908691406,-0.006840449578226119,3,20.469008675681216,4,4.440892098500626e-16,-1.5707963267948966,0.2068965517241379
NCEP-AirTemp-Africa-2000,NCEP2000_r014_c020,1,20.07677841186523,,,,3,20.469008675681216,4,,-1.249331333094987,0.2857142857142857
NCEP-AirTemp-Africa-2000,NCEP2000_r014_c020,2,19.77828025817871,20.07677841186523,-0.2984981536865199,-0.01486783126072207,3,20.469008675681216,4,4.440892098500626e-16,-1.249331333094987,0.2857142857142857
NCEP-AirTemp-Africa-2000,NCEP2000_r014_c020,3,20.346132278442383,19.77828025817871,0.5678520202636719,0.028710889564266023,3,20.469008675681216,4,4.440892098500626e-16,-1.249331333094987,0.2857142857142857
NCEP-AirTemp-Africa-2000,NCEP2000_r014_c020,4,20.292003631591797,20.346132278442383,-0.05412864685058594,-0.002660389999918442,3,20.469008675681216,4,4.440892098500626e-16,-1.249331333094987,0.2857142857142857
NCEP-AirTemp-Africa-2000,NCEP2000_r014_c020,5,20.921293258666992,20.292003631591797,0.6292896270751953,0.031011704832118195,3,20.469008675681216,4,4.440892098500626e-16,-1.249331333094987,0.2857142857142857
NCEP-AirTemp-Africa-2000,NCEP2000_r014_c020,6,20.968669891357425,20.921293258666992,0.04737663269043324,0.002264517403617326,3,20.469008675681216,4,4.440892098500626e-16,-1.249331333094987,0.2857142857142857
NCEP-AirTemp-Africa-2000,NCEP2000_r014_c020,7,20.306133270263672,20.968669891357425,-0.6625366210937536,-0.031596502044549266,3,20.469008675681216,3,-1.3208207024468313,-1.249331333094987,0.2857142857142857
NCEP-AirTemp-Africa-2000,NCEP2000_r014_c020,8,23.15806770324707,20.306133270263672,2.8519344329833984,0.1404469474826,4,23.02893324851989,6,2.6416414048936643,-1.249331333094987,0.2857142857142857
NCEP-AirTemp-Africa-2000,NCEP2000_r014_c020,9,23.70533561706543,23.15806770324707,0.5472679138183594,0.02363184704489076,4,23.02893324851989,4,4.440892098500626e-16,-1.249331333094987,0.2857142857142857
NCEP-AirTemp-Africa-2000,NCEP2000_r014_c020,10,22.44193649291992,23.70533561706543,-1.2633991241455114,-0.053295981316374724,4,23.02893324851989,3,-1.3208207024468313,-1.249331333094987,0.2857142857142857
NCEP-AirTemp-Africa-2000,NCEP2000_r014_c020,11,20.897666931152344,22.44193649291992,-1.5442695617675746,-0.06881177844232683,3,20.469008675681216,3,-1.3208207024468313,-1.249331333094987,0.2857142857142857
NCEP-AirTemp-Africa-2000,NCEP2000_r014_c020,12,19.99806785583496,20.897666931152344,-0.8995990753173828,-0.04304782339010017,3,20.469008675681216,3,-1.3208207024468313,-1.249331333094987,0.2857142857142857
NCEP-AirTemp-Africa-2000,NCEP2000_r014_c021,1,21.357101440429688,,,,3,20.469008675681216,4,,-0.9832331342495556,0.3999999999999999
NCEP-AirTemp-Africa-2000,NCEP2000_r014_c021,2,20.35586166381836,21.357101440429688,-1.0012397766113281,-0.0468808831293908,3,20.469008675681216,3,-1.3208207024468313,-0.9832331342495556,0.3999999999999999
NCEP-AirTemp-Africa-2000,NCEP2000_r014_c021,3,20.490001678466797,20.35586166381836,0.1341400146484375,0.006589748784099148,3,20.469008675681216,4,4.440892098500626e-16,-0.9832331342495556,0.3999999999999999
NCEP-AirTemp-Africa-2000,NCEP2000_r014_c021,4,20.195667266845703,20.490001678466797,-0.29433441162109375,-0.014364782211336444,3,20.469008675681216,4,4.440892098500626e-16,-0.9832331342495556,0.3999999999999999
NCEP-AirTemp-Africa-2000,NCEP2000_r014_c021,5,20.280323028564453,20.195667266845703,0.08465576171875,0.004191778394850338,3,20.469008675681216,4,4.440892098500626e-16,-0.9832331342495556,0.3999999999999999
NCEP-AirTemp-Africa-2000,NCEP2000_r014_c021,6,19.58167266845703,20.280323028564453,-0.6986503601074219,-0.034449666266330475,3,20.469008675681216,3,-1.3208207024468313,-0.9832331342495556,0.3999999999999999
NCEP-AirTemp-Africa-2000,NCEP2000_r014_c021,7,19.16871452331543,19.58167266845703,-0.41295814514160156,-0.021089012779118285,2,17.909084102842538,4,4.440892098500626e-16,-0.9832331342495556,0.3999999999999999
NCEP-AirTemp-Africa-2000,NCEP2000_r014_c021,8,22.307418823242188,19.16871452331543,3.138704299926758,0.16374099035744238,4,23.02893324851989,6,2.6416414048936643,-0.9832331342495556,0.3999999999999999
NCEP-AirTemp-Africa-2000,NCEP2000_r014_c021,9,23.470666885375977,22.307418823242188,1.163248062133789,0.0521462420798679,4,23.02893324851989,5,1.3208207024468321,-0.9832331342495556,0.3999999999999999
NCEP-AirTemp-Africa-2000,NCEP2000_r014_c021,10,24.726449966430664,23.470666885375977,1.2557830810546875,0.053504363007134514,5,25.58885782135857,5,1.3208207024468321,-0.9832331342495556,0.3999999999999999
NCEP-AirTemp-Africa-2000,NCEP2000_r014_c021,11,22.412006378173828,24.726449966430664,-2.314443588256836,-0.09360193604011052,4,23.02893324851989,2,-2.641641404893663,-0.9832331342495556,0.3999999999999999
NCEP-AirTemp-Africa-2000,NCEP2000_r014_c021,12,20.6912899017334,22.412006378173828,-1.7207164764404297,-0.07677654768634047,3,20.469008675681216,3,-1.3208207024468313,-0.9832331342495556,0.3999999999999999
NCEP-AirTemp-Africa-2000,NCEP2000_r014_c022,1,20.90484046936035,,,,3,20.469008675681216,4,,-0.7858742791489086,0.6666666666666666
NCEP-AirTemp-Africa-2000,NCEP2000_r014_c022,2,20.1831111907959,20.90484046936035,-0.7217292785644531,-0.034524505442759625,3,20.469008675681216,3,-1.3208207024468313,-0.7858742791489086,0.6666666666666666
NCEP-AirTemp-Africa-2000,NCEP2000_r014_c022,3,19.19291114807129,20.1831111907959,-0.9902000427246094,-0.04906082285154185,3,20.469008675681216,3,-1.3208207024468313,-0.7858742791489086,0.6666666666666666
NCEP-AirTemp-Africa-2000,NCEP2000_r014_c022,4,18.075672149658203,19.19291114807129,-1.117238998413086,-0.058211023319688436,2,17.909084102842538,3,-1.3208207024468313,-0.7858742791489086,0.6666666666666666
NCEP-AirTemp-Africa-2000,NCEP2000_r014_c022,5,17.53936195373535,18.075672149658203,-0.5363101959228516,-0.029670276794270842,2,17.909084102842538,4,4.440892098500626e-16,-0.7858742791489086,0.6666666666666666
NCEP-AirTemp-Africa-2000,NCEP2000_r014_c022,6,16.896007537841797,17.53936195373535,-0.6433544158935547,-0.036680605462762556,2,17.909084102842538,4,4.440892098500626e-16,-0.7858742791489086,0.6666666666666666
NCEP-AirTemp-Africa-2000,NCEP2000_r014_c022,7,16.756460189819336,16.896007537841797,-0.13954734802246094,-0.008259190682172598,2,17.909084102842538,4,4.440892098500626e-16,-0.7858742791489086,0.6666666666666666
NCEP-AirTemp-Africa-2000,NCEP2000_r014_c022,8,18.57807159423828,16.756460189819336,1.8216114044189453,0.10871099168819053,2,17.909084102842538,5,1.3208207024468321,-0.7858742791489086,0.6666666666666666
NCEP-AirTemp-Africa-2000,NCEP2000_r014_c022,9,19.451669692993164,18.57807159423828,0.8735980987548828,0.04702307741271793,3,20.469008675681216,5,1.3208207024468321,-0.7858742791489086,0.6666666666666666
NCEP-AirTemp-Africa-2000,NCEP2000_r014_c022,10,21.370969772338867,19.451669692993164,1.9193000793457031,0.09867019693620795,3,20.469008675681216,5,1.3208207024468321,-0.7858742791489086,0.6666666666666666
NCEP-AirTemp-Africa-2000,NCEP2000_r014_c022,11,20.875335693359375,21.370969772338867,-0.4956340789794922,-0.02319193205827315,3,20.469008675681216,4,4.440892098500626e-16,-0.7858742791489086,0.6666666666666666
NCEP-AirTemp-Africa-2000,NCEP2000_r014_c022,12,19.837419509887695,20.875335693359375,-1.0379161834716797,-0.04971973618617543,3,20.469008675681216,3,-1.3208207024468313,-0.7858742791489086,0.6666666666666666
NCEP-AirTemp-Africa-2000,NCEP2000_r014_c023,1,23.14258575439453,,,,4,23.02893324851989,4,,-0.6439582408587676,0.8888888888888888
NCEP-AirTemp-Africa-2000,NCEP2000_r014_c023,2,23.125865936279297,23.14258575439453,-0.016719818115234375,-0.0007224697487427246,4,23.02893324851989,4,4.440892098500626e-16,-0.6439582408587676,0.8888888888888888
NCEP-AirTemp-Africa-2000,NCEP2000_r014_c023,3,22.0938720703125,23.125865936279297,-1.0319938659667969,-0.044625090745156915,4,23.02893324851989,3,-1.3208207024468313,-0.6439582408587676,0.8888888888888888
NCEP-AirTemp-Africa-2000,NCEP2000_r014_c023,4,20.944002151489254,22.0938720703125,-1.1498699188232457,-0.05204474413375119,3,20.469008675681216,3,-1.3208207024468313,-0.6439582408587676,0.8888888888888888
NCEP-AirTemp-Africa-2000,NCEP2000_r014_c023,5,20.25419044494629,20.944002151489254,-0.6898117065429652,-0.03293600246760456,3,20.469008675681216,3,-1.3208207024468313,-0.6439582408587676,0.8888888888888888
NCEP-AirTemp-Africa-2000,NCEP2000_r014_c023,6,19.415674209594727,20.25419044494629,-0.8385162353515625,-0.041399642095336586,3,20.469008675681216,3,-1.3208207024468313,-0.6439582408587676,0.8888888888888888
NCEP-AirTemp-Africa-2000,NCEP2000_r014_c023,7,19.06129264831543,19.415674209594727,-0.3543815612792969,-0.01825234382559688,2,17.909084102842538,4,4.440892098500626e-16,-0.6439582408587676,0.8888888888888888
NCEP-AirTemp-Africa-2000,NCEP2000_r014_c023,8,19.509033203125,19.06129264831543,0.4477405548095703,0.023489516848121002,3,20.469008675681216,4,4.440892098500626e-16,-0.6439582408587676,0.8888888888888888
NCEP-AirTemp-Africa-2000,NCEP2000_r014_c023,9,20.025005340576172,19.509033203125,0.5159721374511719,0.02644785787583376,3,20.469008675681216,4,4.440892098500626e-16,-0.6439582408587676,0.8888888888888888
NCEP-AirTemp-Africa-2000,NCEP2000_r014_c023,10,20.931291580200195,20.025005340576172,0.9062862396240234,0.04525772773641354,3,20.469008675681216,5,1.3208207024468321,-0.6439582408587676,0.8888888888888888
NCEP-AirTemp-Africa-2000,NCEP2000_r014_c023,11,21.97333526611328,20.931291580200195,1.042043685913086,0.04978401270272302,4,23.02893324851989,5,1.3208207024468321,-0.6439582408587676,0.8888888888888888
NCEP-AirTemp-Africa-2000,NCEP2000_r014_c023,12,22.424196243286133,21.97333526611328,0.45086097717285156,0.020518549947588425,4,23.02893324851989,4,4.440892098500626e-16,-0.6439582408587676,0.8888888888888888
NCEP-AirTemp-Africa-2000,NCEP2000_r015_c012,1,25.98773956298828,,,,5,25.58885782135857,4,,-2.863041359998063,0.9333333333333332
NCEP-AirTemp-Africa-2000,NCEP2000_r015_c012,2,26.45724105834961,25.98773956298828,0.4695014953613281,0.018066269065971086,5,25.58885782135857,4,4.440892098500626e-16,-2.863041359998063,0.9333333333333332
NCEP-AirTemp-Africa-2000,NCEP2000_r015_c012,3,26.98451042175293,26.45724105834961,0.5272693634033203,0.01992911363057336,6,28.148782394197248,4,4.440892098500626e-16,-2.863041359998063,0.9333333333333332
NCEP-AirTemp-Africa-2000,NCEP2000_r015_c012,4,26.479000091552734,26.98451042175293,-0.5055103302001953,-0.01873335192298653,5,25.58885782135857,4,4.440892098500626e-16,-2.863041359998063,0.9333333333333332
NCEP-AirTemp-Africa-2000,NCEP2000_r015_c012,5,26.25774383544922,26.479000091552734,-0.22125625610351562,-0.008355914322236823,5,25.58885782135857,4,4.440892098500626e-16,-2.863041359998063,0.9333333333333332
NCEP-AirTemp-Africa-2000,NCEP2000_r015_c012,6,24.584331512451172,26.25774383544922,-1.6734123229980469,-0.06373024024778777,5,25.58885782135857,3,-1.3208207024468313,-2.863041359998063,0.9333333333333332
NCEP-AirTemp-Africa-2000,NCEP2000_r015_c012,7,23.276124954223633,24.584331512451172,-1.308206558227539,-0.05321302137359214,4,23.02893324851989,3,-1.3208207024468313,-2.863041359998063,0.9333333333333332
NCEP-AirTemp-Africa-2000,NCEP2000_r015_c012,8,23.43677520751953,23.276124954223633,0.16065025329589844,0.006901932929636864,4,23.02893324851989,4,4.440892098500626e-16,-2.863041359998063,0.9333333333333332
NCEP-AirTemp-Africa-2000,NCEP2000_r015_c012,9,23.89766502380371,23.43677520751953,0.4608898162841797,0.01966524029877226,4,23.02893324851989,4,4.440892098500626e-16,-2.863041359998063,0.9333333333333332
NCEP-AirTemp-Africa-2000,NCEP2000_r015_c012,10,24.58160972595215,23.89766502380371,0.6839447021484375,0.028619729227402833,5,25.58885782135857,5,1.3208207024468321,-2.863041359998063,0.9333333333333332
NCEP-AirTemp-Africa-2000,NCEP2000_r015_c012,11,24.765661239624023,24.58160972595215,0.184051513671875,0.007487366194637846,5,25.58885782135857,4,4.440892098500626e-16,-2.863041359998063,0.9333333333333332
NCEP-AirTemp-Africa-2000,NCEP2000_r015_c012,12,25.159679412841797,24.765661239624023,0.39401817321777344,0.015909858792195735,5,25.58885782135857,4,4.440892098500626e-16,-2.863041359998063,0.9333333333333332
NCEP-AirTemp-Africa-2000,NCEP2000_r015_c013,1,23.851612091064453,,,,4,23.02893324851989,4,,-2.8195563208776115,0.8000000000000004
NCEP-AirTemp-Africa-2000,NCEP2000_r015_c013,2,23.98345184326172,23.851612091064453,0.13183975219726562,0.005527498589776951,4,23.02893324851989,4,4.440892098500626e-16,-2.8195563208776115,0.8000000000000004
NCEP-AirTemp-Africa-2000,NCEP2000_r015_c013,3,24.36064338684082,23.98345184326172,0.37719154357910156,0.01572715829415004,5,25.58885782135857,4,4.440892098500626e-16,-2.8195563208776115,0.8000000000000004
NCEP-AirTemp-Africa-2000,NCEP2000_r015_c013,4,23.85999870300293,24.36064338684082,-0.5006446838378906,-0.020551373618823626,4,23.02893324851989,4,4.440892098500626e-16,-2.8195563208776115,0.8000000000000004
NCEP-AirTemp-Africa-2000,NCEP2000_r015_c013,5,24.06257438659668,23.85999870300293,0.20257568359375,0.008490179991847802,4,23.02893324851989,4,4.440892098500626e-16,-2.8195563208776115,0.8000000000000004
NCEP-AirTemp-Africa-2000,NCEP2000_r015_c013,6,22.91433906555176,24.06257438659668,-1.1482353210449183,-0.04771872296775143,4,23.02893324851989,3,-1.3208207024468313,-2.8195563208776115,0.8000000000000004
NCEP-AirTemp-Africa-2000,NCEP2000_r015_c013,7,22.877098083496097,22.91433906555176,-0.03724098205566406,-0.0016252261062004725,4,23.02893324851989,4,4.440892098500626e-16,-2.8195563208776115,0.8000000000000004
NCEP-AirTemp-Africa-2000,NCEP2000_r015_c013,8,23.806127548217773,22.877098083496097,0.9290294647216761,0.04060958524245226,4,23.02893324851989,5,1.3208207024468321,-2.8195563208776115,0.8000000000000004
NCEP-AirTemp-Africa-2000,NCEP2000_r015_c013,9,24.034996032714844,23.806127548217773,0.2288684844970703,0.0096138476967122,4,23.02893324851989,4,4.440892098500626e-16,-2.8195563208776115,0.8000000000000004
NCEP-AirTemp-Africa-2000,NCEP2000_r015_c013,10,23.332578659057617,24.034996032714844,-0.7024173736572266,-0.0292247759351049,4,23.02893324851989,3,-1.3208207024468313,-2.8195563208776115,0.8000000000000004
NCEP-AirTemp-Africa-2000,NCEP2000_r015_c013,11,23.11333656311035,23.332578659057617,-0.21924209594726562,-0.009396393735595816,4,23.02893324851989,4,4.440892098500626e-16,-2.8195563208776115,0.8000000000000004
NCEP-AirTemp-Africa-2000,NCEP2000_r015_c013,12,23.14935302734375,23.11333656311035,0.03601646423339844,0.0015582546524625053,4,23.02893324851989,4,4.440892098500626e-16,-2.8195563208776115,0.8000000000000004
NCEP-AirTemp-Africa-2000,NCEP2000_r015_c014,1,23.62838554382324,,,,4,23.02893324851989,4,,-2.7607578075263737,0.7999999999999997
NCEP-AirTemp-Africa-2000,NCEP2000_r015_c014,2,23.454830169677734,23.62838554382324,-0.17355537414550426,-0.007345206629696029,4,23.02893324851989,4,4.440892098500626e-16,-2.7607578075263737,0.7999999999999997
NCEP-AirTemp-Africa-2000,NCEP2000_r015_c014,3,23.934839248657227,23.454830169677734,0.4800090789794922,0.020465254939259592,4,23.02893324851989,4,4.440892098500626e-16,-2.7607578075263737,0.7999999999999997
NCEP-AirTemp-Africa-2000,NCEP2000_r015_c014,4,23.61066436767578,23.934839248657227,-0.3241748809814453,-0.013544059252440224,4,23.02893324851989,4,4.440892098500626e-16,-2.7607578075263737,0.7999999999999997
NCEP-AirTemp-Africa-2000,NCEP2000_r015_c014,5,24.2625789642334,23.61066436767578,0.6519145965576172,0.02761102298544898,4,23.02893324851989,4,4.440892098500626e-16,-2.7607578075263737,0.7999999999999997
NCEP-AirTemp-Africa-2000,NCEP2000_r015_c014,6,23.20400047302246,24.2625789642334,-1.0585784912109375,-0.043630089479417565,4,23.02893324851989,3,-1.3208207024468313,-2.7607578075263737,0.7999999999999997
NCEP-AirTemp-Africa-2000,NCEP2000_r015_c014,7,23.84709358215332,23.20400047302246,0.6430931091308594,0.02771475159546455,4,23.02893324851989,4,4.440892098500626e-16,-2.7607578075263737,0.7999999999999997
NCEP-AirTemp-Africa-2000,NCEP2000_r015_c014,8,24.36515998840332,23.84709358215332,0.51806640625,0.021724509297758213,5,25.58885782135857,4,4.440892098500626e-16,-2.7607578075263737,0.7999999999999997
NCEP-AirTemp-Africa-2000,NCEP2000_r015_c014,9,23.54399871826172,24.36515998840332,-0.8211612701416016,-0.03370227285732727,4,23.02893324851989,3,-1.3208207024468313,-2.7607578075263737,0.7999999999999997
NCEP-AirTemp-Africa-2000,NCEP2000_r015_c014,10,22.93806266784668,23.54399871826172,-0.6059360504150391,-0.025736327021843128,4,23.02893324851989,4,4.440892098500626e-16,-2.7607578075263737,0.7999999999999997
NCEP-AirTemp-Africa-2000,NCEP2000_r015_c014,11,23.15700340270996,22.93806266784668,0.21894073486328125,0.009544866017398252,4,23.02893324851989,4,4.440892098500626e-16,-2.7607578075263737,0.7999999999999997
NCEP-AirTemp-Africa-2000,NCEP2000_r015_c014,12,23.04677963256836,23.15700340270996,-0.11022377014160156,-0.004759846005321334,4,23.02893324851989,4,4.440892098500626e-16,-2.7607578075263737,0.7999999999999997
NCEP-AirTemp-Africa-2000,NCEP2000_r015_c015,1,25.05548667907715,,,,5,25.58885782135857,4,,-2.6775640431369845,0.7272727272727272
NCEP-AirTemp-Africa-2000,NCEP2000_r015_c015,2,24.607585906982425,25.05548667907715,-0.447900772094723,-0.01787635490109028,5,25.58885782135857,4,4.440892098500626e-16,-2.6775640431369845,0.7272727272727272
NCEP-AirTemp-Africa-2000,NCEP2000_r015_c015,3,25.276777267456055,24.607585906982425,0.6691913604736293,0.027194514854207846,5,25.58885782135857,5,1.3208207024468321,-2.6775640431369845,0.7272727272727272
NCEP-AirTemp-Africa-2000,NCEP2000_r015_c015,4,24.767337799072266,25.276777267456055,-0.5094394683837891,-0.020154447024371823,5,25.58885782135857,4,4.440892098500626e-16,-2.6775640431369845,0.7272727272727272
NCEP-AirTemp-Africa-2000,NCEP2000_r015_c015,5,25.787418365478516,24.767337799072266,1.02008056640625,0.04118652455430475,5,25.58885782135857,5,1.3208207024468321,-2.6775640431369845,0.7272727272727272
NCEP-AirTemp-Africa-2000,NCEP2000_r015_c015,6,24.876996994018555,25.787418365478516,-0.9104213714599609,-0.03530486683687334,5,25.58885782135857,3,-1.3208207024468313,-2.6775640431369845,0.7272727272727272
NCEP-AirTemp-Africa-2000,NCEP2000_r015_c015,7,25.36258125305176,24.876996994018555,0.4855842590332067,0.019519408196654965,5,25.58885782135857,4,4.440892098500626e-16,-2.6775640431369845,0.7272727272727272
NCEP-AirTemp-Africa-2000,NCEP2000_r015_c015,8,24.597415924072266,25.36258125305176,-0.7651653289794957,-0.030169063682641804,5,25.58885782135857,3,-1.3208207024468313,-2.6775640431369845,0.7272727272727272
NCEP-AirTemp-Africa-2000,NCEP2000_r015_c015,9,23.706335067749023,24.597415924072266,-0.8910808563232422,-0.036226604415433156,4,23.02893324851989,3,-1.3208207024468313,-2.6775640431369845,0.7272727272727272
NCEP-AirTemp-Africa-2000,NCEP2000_r015_c015,10,23.62709617614746,23.706335067749023,-0.0792388916015625,-0.0033425196840890866,4,23.02893324851989,4,4.440892098500626e-16,-2.6775640431369845,0.7272727272727272
NCEP-AirTemp-Africa-2000,NCEP2000_r015_c015,11,24.205339431762695,23.62709617614746,0.5782432556152344,0.02447373351783259,4,23.02893324851989,4,4.440892098500626e-16,-2.6775640431369845,0.7272727272727272
NCEP-AirTemp-Africa-2000,NCEP2000_r015_c015,12,24.240646362304688,24.205339431762695,0.03530693054199219,0.0014586422405488675,4,23.02893324851989,4,4.440892098500626e-16,-2.6775640431369845,0.7272727272727272
NCEP-AirTemp-Africa-2000,NCEP2000_r015_c016,1,24.877098083496097,,,,5,25.58885782135857,4,,-2.553150478079379,0.5454545454545455
NCEP-AirTemp-Africa-2000,NCEP2000_r015_c016,2,24.543800354003903,24.877098083496097,-0.3332977294921946,-0.01339777366208602,5,25.58885782135857,4,4.440892098500626e-16,-2.553150478079379,0.5454545454545455
NCEP-AirTemp-Africa-2000,NCEP2000_r015_c016,3,25.196775436401367,24.543800354003903,0.6529750823974645,0.026604481497542118,5,25.58885782135857,4,4.440892098500626e-16,-2.553150478079379,0.5454545454545455
NCEP-AirTemp-Africa-2000,NCEP2000_r015_c016,4,24.50533676147461,25.196775436401367,-0.6914386749267578,-0.027441554046151784,5,25.58885782135857,3,-1.3208207024468313,-2.553150478079379,0.5454545454545455
NCEP-AirTemp-Africa-2000,NCEP2000_r015_c016,5,25.30742073059082,24.50533676147461,0.8020839691162109,0.03273099149476636,5,25.58885782135857,5,1.3208207024468321,-2.553150478079379,0.5454545454545455
NCEP-AirTemp-Africa-2000,NCEP2000_r015_c016,6,24.819000244140625,25.30742073059082,-0.4884204864501953,-0.019299496841248934,5,25.58885782135857,4,4.440892098500626e-16,-2.553150478079379,0.5454545454545455
NCEP-AirTemp-Africa-2000,NCEP2000_r015_c016,7,25.1912899017334,24.819000244140625,0.37228965759277344,0.015000187514832116,5,25.58885782135857,4,4.440892098500626e-16,-2.553150478079379,0.5454545454545455
NCEP-AirTemp-Africa-2000,NCEP2000_r015_c016,8,23.992908477783203,25.1912899017334,-1.1983814239501953,-0.04757126088520522,4,23.02893324851989,3,-1.3208207024468313,-2.553150478079379,0.5454545454545455
NCEP-AirTemp-Africa-2000,NCEP2000_r015_c016,9,24.122337341308594,23.992908477783203,0.12942886352539062,0.005394463270063249,4,23.02893324851989,4,4.440892098500626e-16,-2.553150478079379,0.5454545454545455
NCEP-AirTemp-Africa-2000,NCEP2000_r015_c016,10,23.747417449951172,24.122337341308594,-0.3749198913574219,-0.015542436292663301,4,23.02893324851989,4,4.440892098500626e-16,-2.553150478079379,0.5454545454545455
NCEP-AirTemp-Africa-2000,NCEP2000_r015_c016,11,24.122331619262695,23.747417449951172,0.37491416931152344,0.015787576484966127,4,23.02893324851989,4,4.440892098500626e-16,-2.553150478079379,0.5454545454545455
NCEP-AirTemp-Africa-2000,NCEP2000_r015_c016,12,24.22161293029785,24.122331619262695,0.09928131103515625,0.004115742731762959,4,23.02893324851989,4,4.440892098500626e-16,-2.553150478079379,0.5454545454545455
NCEP-AirTemp-Africa-2000,NCEP2000_r015_c017,1,24.144838333129883,,,,4,23.02893324851989,4,,-2.3557183744408845,0.3076923076923076
NCEP-AirTemp-Africa-2000,NCEP2000_r015_c017,2,24.101381301879883,24.144838333129883,-0.04345703125,-0.0017998476796745107,4,23.02893324851989,4,4.440892098500626e-16,-2.3557183744408845,0.3076923076923076
NCEP-AirTemp-Africa-2000,NCEP2000_r015_c017,3,24.38032341003418,24.101381301879883,0.2789421081542969,0.011573697982718513,5,25.58885782135857,4,4.440892098500626e-16,-2.3557183744408845,0.3076923076923076
NCEP-AirTemp-Africa-2000,NCEP2000_r015_c017,4,23.869001388549805,24.38032341003418,-0.511322021484375,-0.020972733334371225,4,23.02893324851989,4,4.440892098500626e-16,-2.3557183744408845,0.3076923076923076
NCEP-AirTemp-Africa-2000,NCEP2000_r015_c017,5,24.807416915893555,23.869001388549805,0.93841552734375,0.03931524038512634,5,25.58885782135857,5,1.3208207024468321,-2.3557183744408845,0.3076923076923076
NCEP-AirTemp-Africa-2000,NCEP2000_r015_c017,6,24.060333251953125,24.807416915893555,-0.7470836639404297,-0.030115334719181906,4,23.02893324851989,3,-1.3208207024468313,-2.3557183744408845,0.3076923076923076
NCEP-AirTemp-Africa-2000,NCEP2000_r015_c017,7,24.685482025146484,24.060333251953125,0.6251487731933594,0.025982548398103014,5,25.58885782135857,4,4.440892098500626e-16,-2.3557183744408845,0.3076923076923076
NCEP-AirTemp-Africa-2000,NCEP2000_r015_c017,8,23.341611862182617,24.685482025146484,-1.3438701629638672,-0.054439697049257545,4,23.02893324851989,3,-1.3208207024468313,-2.3557183744408845,0.3076923076923076
NCEP-AirTemp-Africa-2000,NCEP2000_r015_c017,9,23.88533592224121,23.341611862182617,0.5437240600585938,0.023294195073970844,4,23.02893324851989,4,4.440892098500626e-16,-2.3557183744408845,0.3076923076923076
NCEP-AirTemp-Africa-2000,NCEP2000_r015_c017,10,23.493549346923828,23.88533592224121,-0.3917865753173828,-0.01640280783962366,4,23.02893324851989,4,4.440892098500626e-16,-2.3557183744408845,0.3076923076923076
NCEP-AirTemp-Africa-2000,NCEP2000_r015_c017,11,23.91933250427246,23.493549346923828,0.4257831573486328,0.018123407028082093,4,23.02893324851989,4,4.440892098500626e-16,-2.3557183744408845,0.3076923076923076
NCEP-AirTemp-Africa-2000,NCEP2000_r015_c017,12,23.82967758178711,23.91933250427246,-0.08965492248535156,-0.0037482200838730526,4,23.02893324851989,4,4.440892098500626e-16,-2.3557183744408845,0.3076923076923076
NCEP-AirTemp-Africa-2000,NCEP2000_r015_c018,1,23.536130905151367,,,,4,23.02893324851989,4,,-2.0340631519624797,0.1818181818181818
NCEP-AirTemp-Africa-2000,NCEP2000_r015_c018,2,23.63896942138672,23.536130905151367,0.10283851623535156,0.004369389202064781,4,23.02893324851989,4,4.440892098500626e-16,-2.0340631519624797,0.1818181818181818
NCEP-AirTemp-Africa-2000,NCEP2000_r015_c018,3,23.79741859436035,23.63896942138672,0.1584491729736328,0.006702879899251454,4,23.02893324851989,4,4.440892098500626e-16,-2.0340631519624797,0.1818181818181818
NCEP-AirTemp-Africa-2000,NCEP2000_r015_c018,4,23.237001419067383,23.79741859436035,-0.5604171752929688,-0.023549494373552752,4,23.02893324851989,4,4.440892098500626e-16,-2.0340631519624797,0.1818181818181818
NCEP-AirTemp-Africa-2000,NCEP2000_r015_c018,5,24.316774368286133,23.237001419067383,1.07977294921875,0.04646782645254435,5,25.58885782135857,5,1.3208207024468321,-2.0340631519624797,0.1818181818181818
NCEP-AirTemp-Africa-2000,NCEP2000_r015_c018,6,23.461336135864254,24.316774368286133,-0.8554382324218786,-0.0351789353088516,4,23.02893324851989,3,-1.3208207024468313,-2.0340631519624797,0.1818181818181818
NCEP-AirTemp-Africa-2000,NCEP2000_r015_c018,7,23.86387062072754,23.461336135864254,0.4025344848632848,0.017157355511732728,4,23.02893324851989,4,4.440892098500626e-16,-2.0340631519624797,0.1818181818181818
NCEP-AirTemp-Africa-2000,NCEP2000_r015_c018,8,22.19419860839844,23.86387062072754,-1.669672012329098,-0.06996652131020456,4,23.02893324851989,3,-1.3208207024468313,-2.0340631519624797,0.1818181818181818
NCEP-AirTemp-Africa-2000,NCEP2000_r015_c018,9,22.542667388916016,22.19419860839844,0.3484687805175746,0.01570089493502647,4,23.02893324851989,4,4.440892098500626e-16,-2.0340631519624797,0.1818181818181818
NCEP-AirTemp-Africa-2000,NCEP2000_r015_c018,10,22.97129249572754,22.542667388916016,0.42862510681152344,0.01901394805755213,4,23.02893324851989,4,4.440892098500626e-16,-2.0340631519624797,0.1818181818181818
NCEP-AirTemp-Africa-2000,NCEP2000_r015_c018,11,23.585662841796875,22.97129249572754,0.6143703460693359,0.02674513618176267,4,23.02893324851989,4,4.440892098500626e-16,-2.0340631519624797,0.1818181818181818
NCEP-AirTemp-Africa-2000,NCEP2000_r015_c018,12,23.302257537841797,23.585662841796875,-0.2834053039550781,-0.012015999120145435,4,23.02893324851989,4,4.440892098500626e-16,-2.0340631519624797,0.1818181818181818
NCEP-AirTemp-Africa-2000,NCEP2000_r015_c019,1,19.71935653686523,,,,3,20.469008675681216,4,,-1.5707963267948966,0.1379310344827586
NCEP-AirTemp-Africa-2000,NCEP2000_r015_c019,2,19.70138168334961,19.71935653686523,-0.017974853515621447,-0.0009115334712883535,3,20.469008675681216,4,4.440892098500626e-16,-1.5707963267948966,0.1379310344827586
NCEP-AirTemp-Africa-2000,NCEP2000_r015_c019,3,20.17516326904297,19.70138168334961,0.4737815856933594,0.024048140039526787,3,20.469008675681216,4,4.440892098500626e-16,-1.5707963267948966,0.1379310344827586
NCEP-AirTemp-Africa-2000,NCEP2000_r015_c019,4,19.97766494750977,20.17516326904297,-0.19749832153319957,-0.00978918083088049,3,20.469008675681216,4,4.440892098500626e-16,-1.5707963267948966,0.1379310344827586
NCEP-AirTemp-Africa-2000,NCEP2000_r015_c019,5,20.42516326904297,19.97766494750977,0.4474983215331996,0.02239993125868199,3,20.469008675681216,4,4.440892098500626e-16,-1.5707963267948966,0.1379310344827586
NCEP-AirTemp-Africa-2000,NCEP2000_r015_c019,6,20.702001571655273,20.42516326904297,0.2768383026123047,0.013553786521348874,3,20.469008675681216,4,4.440892098500626e-16,-1.5707963267948966,0.1379310344827586
NCEP-AirTemp-Africa-2000,NCEP2000_r015_c019,7,20.800647735595703,20.702001571655273,0.09864616394042969,0.004765054412685093,3,20.469008675681216,4,4.440892098500626e-16,-1.5707963267948966,0.1379310344827586
NCEP-AirTemp-Africa-2000,NCEP2000_r015_c019,8,19.22484016418457,20.800647735595703,-1.5758075714111328,-0.07575762021653235,3,20.469008675681216,3,-1.3208207024468313,-1.5707963267948966,0.1379310344827586
NCEP-AirTemp-Africa-2000,NCEP2000_r015_c019,9,19.39367294311523,19.22484016418457,0.1688327789306605,0.008782012099387544,3,20.469008675681216,4,4.440892098500626e-16,-1.5707963267948966,0.1379310344827586
NCEP-AirTemp-Africa-2000,NCEP2000_r015_c019,10,19.410001754760746,19.39367294311523,0.016328811645514918,0.0008419659181326794,3,20.469008675681216,4,4.440892098500626e-16,-1.5707963267948966,0.1379310344827586
NCEP-AirTemp-Africa-2000,NCEP2000_r015_c019,11,19.92133522033691,19.410001754760746,0.5113334655761648,0.026343813464661258,3,20.469008675681216,4,4.440892098500626e-16,-1.5707963267948966,0.1379310344827586
NCEP-AirTemp-Africa-2000,NCEP2000_r015_c019,12,19.81806755065918,19.92133522033691,-0.10326766967773082,-0.005183772499963201,3,20.469008675681216,4,4.440892098500626e-16,-1.5707963267948966,0.1379310344827586
NCEP-AirTemp-Africa-2000,NCEP2000_r015_c020,1,19.0216121673584,,,,2,17.909084102842538,4,,-1.1075295016273137,0.2352941176470588
NCEP-AirTemp-Africa-2000,NCEP2000_r015_c020,2,18.149662017822266,19.0216121673584,-0.8719501495361328,-0.04583997096904451,2,17.909084102842538,3,-1.3208207024468313,-1.1075295016273137,0.2352941176470588
NCEP-AirTemp-Africa-2000,NCEP2000_r015_c020,3,18.81258201599121,18.149662017822266,0.6629199981689453,0.036525197963355106,2,17.909084102842538,5,1.3208207024468321,-1.1075295016273137,0.2352941176470588
NCEP-AirTemp-Africa-2000,NCEP2000_r015_c020,4,19.200666427612305,18.81258201599121,0.38808441162109375,0.020628981778854777,3,20.469008675681216,4,4.440892098500626e-16,-1.1075295016273137,0.2352941176470588
NCEP-AirTemp-Africa-2000,NCEP2000_r015_c020,5,19.439037322998047,19.200666427612305,0.2383708953857422,0.012414719889250466,3,20.469008675681216,4,4.440892098500626e-16,-1.1075295016273137,0.2352941176470588
NCEP-AirTemp-Africa-2000,NCEP2000_r015_c020,6,19.763671875,19.439037322998047,0.3246345520019531,0.016700135228295623,3,20.469008675681216,4,4.440892098500626e-16,-1.1075295016273137,0.2352941176470588
NCEP-AirTemp-Africa-2000,NCEP2000_r015_c020,7,19.873872756958008,19.763671875,0.11020088195800781,0.005575931570560332,3,20.469008675681216,4,4.440892098500626e-16,-1.1075295016273137,0.2352941176470588
NCEP-AirTemp-Africa-2000,NCEP2000_r015_c020,8,19.792905807495117,19.873872756958008,-0.08096694946289062,-0.0040740398438217544,3,20.469008675681216,4,4.440892098500626e-16,-1.1075295016273137,0.2352941176470588
NCEP-AirTemp-Africa-2000,NCEP2000_r015_c020,9,20.32000160217285,19.792905807495117,0.5270957946777344,0.026630541255753128,3,20.469008675681216,4,4.440892098500626e-16,-1.1075295016273137,0.2352941176470588
NCEP-AirTemp-Africa-2000,NCEP2000_r015_c020,10,19.008710861206055,20.32000160217285,-1.3112907409667969,-0.0645320195657159,2,17.909084102842538,3,-1.3208207024468313,-1.1075295016273137,0.2352941176470588
NCEP-AirTemp-Africa-2000,NCEP2000_r015_c020,11,18.576005935668945,19.008710861206055,-0.4327049255371094,-0.022763507146620638,2,17.909084102842538,4,4.440892098500626e-16,-1.1075295016273137,0.2352941176470588
NCEP-AirTemp-Africa-2000,NCEP2000_r015_c020,12,18.420330047607425,18.576005935668945,-0.15567588806151988,-0.008380482252247612,2,17.909084102842538,4,4.440892098500626e-16,-1.1075295016273137,0.2352941176470588
NCEP-AirTemp-Africa-2000,NCEP2000_r015_c021,1,22.281293869018555,,,,4,23.02893324851989,4,,-0.7858742791489086,0.4444444444444445
NCEP-AirTemp-Africa-2000,NCEP2000_r015_c021,2,20.608625411987305,22.281293869018555,-1.67266845703125,-0.07507052628380094,3,20.469008675681216,3,-1.3208207024468313,-0.7858742791489086,0.4444444444444445
NCEP-AirTemp-Africa-2000,NCEP2000_r015_c021,3,21.072904586791992,20.608625411987305,0.4642791748046875,0.02252839117230171,3,20.469008675681216,4,4.440892098500626e-16,-0.7858742791489086,0.4444444444444445
NCEP-AirTemp-Africa-2000,NCEP2000_r015_c021,4,21.080339431762695,21.072904586791992,0.007434844970703125,0.00035281538622649645,3,20.469008675681216,4,4.440892098500626e-16,-0.7858742791489086,0.4444444444444445
NCEP-AirTemp-Africa-2000,NCEP2000_r015_c021,5,20.940004348754883,21.080339431762695,-0.1403350830078125,-0.006657154808255285,3,20.469008675681216,4,4.440892098500626e-16,-0.7858742791489086,0.4444444444444445
NCEP-AirTemp-Africa-2000,NCEP2000_r015_c021,6,20.27967071533203,20.940004348754883,-0.6603336334228516,-0.03153455092105154,3,20.469008675681216,4,4.440892098500626e-16,-0.7858742791489086,0.4444444444444445
NCEP-AirTemp-Africa-2000,NCEP2000_r015_c021,7,20.305805206298828,20.27967071533203,0.026134490966796875,0.001288703911106329,3,20.469008675681216,4,4.440892098500626e-16,-0.7858742791489086,0.4444444444444445
NCEP-AirTemp-Africa-2000,NCEP2000_r015_c021,8,22.290647506713867,20.305805206298828,1.984842300415039,0.09774752984429025,4,23.02893324851989,6,2.6416414048936643,-0.7858742791489086,0.4444444444444445
NCEP-AirTemp-Africa-2000,NCEP2000_r015_c021,9,23.05066680908203,22.290647506713867,0.7600193023681641,0.03409588268529431,4,23.02893324851989,5,1.3208207024468321,-0.7858742791489086,0.4444444444444445
NCEP-AirTemp-Africa-2000,NCEP2000_r015_c021,10,22.54129219055176,23.05066680908203,-0.5093746185302699,-0.02209804266181032,4,23.02893324851989,4,4.440892098500626e-16,-0.7858742791489086,0.4444444444444445
NCEP-AirTemp-Africa-2000,NCEP2000_r015_c021,11,21.19566535949707,22.54129219055176,-1.345626831054691,-0.05969608218018282,3,20.469008675681216,3,-1.3208207024468313,-0.7858742791489086,0.4444444444444445
NCEP-AirTemp-Africa-2000,NCEP2000_r015_c021,12,20.171934127807617,21.19566535949707,-1.0237312316894531,-0.04829908447439954,3,20.469008675681216,3,-1.3208207024468313,-0.7858742791489086,0.4444444444444445
NCEP-AirTemp-Africa-2000,NCEP2000_r015_c022,1,20.309038162231445,,,,3,20.469008675681216,4,,-0.5884421755104143,0.6666666666666667
NCEP-AirTemp-Africa-2000,NCEP2000_r015_c022,2,19.702760696411133,20.309038162231445,-0.6062774658203125,-0.02985259375541486,3,20.469008675681216,4,4.440892098500626e-16,-0.5884421755104143,0.6666666666666667
NCEP-AirTemp-Africa-2000,NCEP2000_r015_c022,3,19.059680938720703,19.702760696411133,-0.6430797576904297,-0.032639068585326066,2,17.909084102842538,4,4.440892098500626e-16,-0.5884421755104143,0.6666666666666667
NCEP-AirTemp-Africa-2000,NCEP2000_r015_c022,4,17.75467300415039,19.059680938720703,-1.3050079345703125,-0.06846955826627313,2,17.909084102842538,3,-1.3208207024468313,-0.5884421755104143,0.6666666666666667
NCEP-AirTemp-Africa-2000,NCEP2000_r015_c022,5,16.97710418701172,17.75467300415039,-0.7775688171386719,-0.043795164065083304,2,17.909084102842538,3,-1.3208207024468313,-0.5884421755104143,0.6666666666666667
NCEP-AirTemp-Africa-2000,NCEP2000_r015_c022,6,16.270004272460938,16.97710418701172,-0.7070999145507812,-0.04165020764211048,1,15.349159530003863,3,-1.3208207024468313,-0.5884421755104143,0.6666666666666667
NCEP-AirTemp-Africa-2000,NCEP2000_r015_c022,7,16.352266311645508,16.270004272460938,0.08226203918457031,0.005056055167963866,1,15.349159530003863,4,4.440892098500626e-16,-0.5884421755104143,0.6666666666666667
NCEP-AirTemp-Africa-2000,NCEP2000_r015_c022,8,18.500324249267575,16.352266311645508,2.1480579376220668,0.13136148205293693,2,17.909084102842538,6,2.6416414048936643,-0.5884421755104143,0.6666666666666667
NCEP-AirTemp-Africa-2000,NCEP2000_r015_c022,9,18.916669845581055,18.500324249267575,0.4163455963134801,0.022504772927423863,2,17.909084102842538,4,4.440892098500626e-16,-0.5884421755104143,0.6666666666666667
NCEP-AirTemp-Africa-2000,NCEP2000_r015_c022,10,20.153553009033203,18.916669845581055,1.2368831634521484,0.06538588311520831,3,20.469008675681216,5,1.3208207024468321,-0.5884421755104143,0.6666666666666667
NCEP-AirTemp-Africa-2000,NCEP2000_r015_c022,11,19.27933692932129,20.153553009033203,-0.8742160797119141,-0.043377764671076804,3,20.469008675681216,3,-1.3208207024468313,-0.5884421755104143,0.6666666666666667
NCEP-AirTemp-Africa-2000,NCEP2000_r015_c022,12,18.0858097076416,19.27933692932129,-1.1935272216796875,-0.061907067968945156,2,17.909084102842538,3,-1.3208207024468313,-0.5884421755104143,0.6666666666666667
NCEP-AirTemp-Africa-2000,NCEP2000_r015_c023,1,21.804841995239254,,,,4,23.02893324851989,4,,-0.4640286104528088,0.7999999999999998
NCEP-AirTemp-Africa-2000,NCEP2000_r015_c023,2,22.107240676879883,21.804841995239254,0.30239868164062855,0.01386841884507361,4,23.02893324851989,4,4.440892098500626e-16,-0.4640286104528088,0.7999999999999998
NCEP-AirTemp-Africa-2000,NCEP2000_r015_c023,3,21.16193962097168,22.107240676879883,-0.9453010559082031,-0.042759793939223474,3,20.469008675681216,3,-1.3208207024468313,-0.4640286104528088,0.7999999999999998
NCEP-AirTemp-Africa-2000,NCEP2000_r015_c023,4,19.13667106628418,21.16193962097168,-2.0252685546875,-0.09570335191205441,2,17.909084102842538,2,-2.641641404893663,-0.4640286104528088,0.7999999999999998
NCEP-AirTemp-Africa-2000,NCEP2000_r015_c023,5,17.93645668029785,19.13667106628418,-1.2002143859863281,-0.06271803396887132,2,17.909084102842538,3,-1.3208207024468313,-0.4640286104528088,0.7999999999999998
NCEP-AirTemp-Africa-2000,NCEP2000_r015_c023,6,17.263675689697266,17.93645668029785,-0.6727809906005859,-0.03750913586737544,2,17.909084102842538,3,-1.3208207024468313,-0.4640286104528088,0.7999999999999998
NCEP-AirTemp-Africa-2000,NCEP2000_r015_c023,7,17.1977481842041,17.263675689697266,-0.06592750549316406,-0.003818856811154575,2,17.909084102842538,4,4.440892098500626e-16,-0.4640286104528088,0.7999999999999998
NCEP-AirTemp-Africa-2000,NCEP2000_r015_c023,8,18.124523162841797,17.1977481842041,0.9267749786376953,0.05388932136411473,2,17.909084102842538,5,1.3208207024468321,-0.4640286104528088,0.7999999999999998
NCEP-AirTemp-Africa-2000,NCEP2000_r015_c023,9,18.54199981689453,18.124523162841797,0.4174766540527344,0.02303380068550598,2,17.909084102842538,4,4.440892098500626e-16,-0.4640286104528088,0.7999999999999998
NCEP-AirTemp-Africa-2000,NCEP2000_r015_c023,10,20.04355239868164,18.54199981689453,1.5015525817871094,0.08098115611127181,3,20.469008675681216,5,1.3208207024468321,-0.4640286104528088,0.7999999999999998
NCEP-AirTemp-Africa-2000,NCEP2000_r015_c023,11,20.31500816345215,20.04355239868164,0.2714557647705078,0.01354329608699318,3,20.469008675681216,4,4.440892098500626e-16,-0.4640286104528088,0.7999999999999998
NCEP-AirTemp-Africa-2000,NCEP2000_r015_c023,12,20.56355094909668,20.31500816345215,0.24854278564453125,0.012234441829645622,3,20.469008675681216,4,4.440892098500626e-16,-0.4640286104528088,0.7999999999999998
NCEP-AirTemp-Africa-2000,NCEP2000_r015_c024,1,27.855806350708008,,,,6,28.148782394197248,4,,-0.3808348460634198,0.9090909090909092
NCEP-AirTemp-Africa-2000,NCEP2000_r015_c024,2,27.293787002563477,27.855806350708008,-0.5620193481445312,-0.020176021511229613,6,28.148782394197248,4,4.440892098500626e-16,-0.3808348460634198,0.9090909090909092
NCEP-AirTemp-Africa-2000,NCEP2000_r015_c024,3,27.538063049316406,27.293787002563477,0.2442760467529297,0.008949877374289867,6,28.148782394197248,4,4.440892098500626e-16,-0.3808348460634198,0.9090909090909092
NCEP-AirTemp-Africa-2000,NCEP2000_r015_c024,4,26.38699531555176,27.538063049316406,-1.1510677337646449,-0.04179915383675536,5,25.58885782135857,3,-1.3208207024468313,-0.3808348460634198,0.9090909090909092
NCEP-AirTemp-Africa-2000,NCEP2000_r015_c024,5,24.848384857177734,26.38699531555176,-1.538610458374027,-0.058309422500530506,5,25.58885782135857,3,-1.3208207024468313,-0.3808348460634198,0.9090909090909092
NCEP-AirTemp-Africa-2000,NCEP2000_r015_c024,6,23.778331756591797,24.848384857177734,-1.0700531005859375,-0.04306328587295848,4,23.02893324851989,3,-1.3208207024468313,-0.3808348460634198,0.9090909090909092
NCEP-AirTemp-Africa-2000,NCEP2000_r015_c024,7,23.435808181762695,23.778331756591797,-0.34252357482910156,-0.014404861465277,4,23.02893324851989,4,4.440892098500626e-16,-0.3808348460634198,0.9090909090909092
NCEP-AirTemp-Africa-2000,NCEP2000_r015_c024,8,23.641939163208008,23.435808181762695,0.2061309814453125,0.00879555677562337,4,23.02893324851989,4,4.440892098500626e-16,-0.3808348460634198,0.9090909090909092
NCEP-AirTemp-Africa-2000,NCEP2000_r015_c024,9,24.218997955322266,23.641939163208008,0.5770587921142578,0.02440826821059952,4,23.02893324851989,4,4.440892098500626e-16,-0.3808348460634198,0.9090909090909092
NCEP-AirTemp-Africa-2000,NCEP2000_r015_c024,10,25.035480499267575,24.218997955322266,0.816482543945309,0.0337124824673385,5,25.58885782135857,5,1.3208207024468321,-0.3808348460634198,0.9090909090909092
NCEP-AirTemp-Africa-2000,NCEP2000_r015_c024,11,26.51033592224121,25.035480499267575,1.4748554229736364,0.05891060980502388,5,25.58885782135857,5,1.3208207024468321,-0.3808348460634198,0.9090909090909092
NCEP-AirTemp-Africa-2000,NCEP2000_r015_c024,12,27.64773941040039,26.51033592224121,1.1374034881591797,0.04290415223312728,6,28.148782394197248,5,1.3208207024468321,-0.3808348460634198,0.9090909090909092
NCEP-AirTemp-Africa-2000,NCEP2000_r016_c012,1,25.15386962890625,,,,5,25.58885782135857,4,,-2.999562225604812,0.9333333333333336
NCEP-AirTemp-Africa-2000,NCEP2000_r016_c012,2,25.42690086364746,25.15386962890625,0.27303123474121094,0.010854442627286647,5,25.58885782135857,4,4.440892098500626e-16,-2.999562225604812,0.9333333333333336
NCEP-AirTemp-Africa-2000,NCEP2000_r016_c012,3,26.12838554382324,25.42690086364746,0.7014846801757777,0.027588288637200063,5,25.58885782135857,5,1.3208207024468321,-2.999562225604812,0.9333333333333336
NCEP-AirTemp-Africa-2000,NCEP2000_r016_c012,4,25.733671188354492,26.12838554382324,-0.39471435546874645,-0.015106725779391183,5,25.58885782135857,4,4.440892098500626e-16,-2.999562225604812,0.9333333333333336
NCEP-AirTemp-Africa-2000,NCEP2000_r016_c012,5,25.64838218688965,25.733671188354492,-0.08528900146484375,-0.0033142959215022695,5,25.58885782135857,4,4.440892098500626e-16,-2.999562225604812,0.9333333333333336
NCEP-AirTemp-Africa-2000,NCEP2000_r016_c012,6,24.44600486755371,25.64838218688965,-1.2023773193359375,-0.046879265544886535,5,25.58885782135857,3,-1.3208207024468313,-2.999562225604812,0.9333333333333336
NCEP-AirTemp-Africa-2000,NCEP2000_r016_c012,7,23.958065032958984,24.44600486755371,-0.48793983459472656,-0.01995990090153141,4,23.02893324851989,4,4.440892098500626e-16,-2.999562225604812,0.9333333333333336
NCEP-AirTemp-Africa-2000,NCEP2000_r016_c012,8,24.19451904296875,23.958065032958984,0.23645401000976562,0.009869495290394992,4,23.02893324851989,4,4.440892098500626e-16,-2.999562225604812,0.9333333333333336
NCEP-AirTemp-Africa-2000,NCEP2000_r016_c012,9,24.128664016723633,24.19451904296875,-0.06585502624511719,-0.0027218985476901033,4,23.02893324851989,4,4.440892098500626e-16,-2.999562225604812,0.9333333333333336
NCEP-AirTemp-Africa-2000,NCEP2000_r016_c012,10,24.26548957824707,24.128664016723633,0.1368255615234375,0.005670664626462675,4,23.02893324851989,4,4.440892098500626e-16,-2.999562225604812,0.9333333333333336
NCEP-AirTemp-Africa-2000,NCEP2000_r016_c012,11,24.39666748046875,24.26548957824707,0.1311779022216797,0.005405945006742202,5,25.58885782135857,4,4.440892098500626e-16,-2.999562225604812,0.9333333333333336
NCEP-AirTemp-Africa-2000,NCEP2000_r016_c012,12,24.488706588745117,24.39666748046875,0.09203910827636719,0.0037726098595249114,5,25.58885782135857,4,4.440892098500626e-16,-2.999562225604812,0.9333333333333336
NCEP-AirTemp-Africa-2000,NCEP2000_r016_c013,1,22.692262649536133,,,,4,23.02893324851989,4,,-2.976289490668183,0.8
NCEP-AirTemp-Africa-2000,NCEP2000_r016_c013,2,22.57792854309082,22.692262649536133,-0.1143341064453125,-0.005038462149460873,4,23.02893324851989,4,4.440892098500626e-16,-2.976289490668183,0.8
NCEP-AirTemp-Africa-2000,NCEP2000_r016_c013,3,23.210329055786133,22.57792854309082,0.6324005126953125,0.028009678190288913,4,23.02893324851989,4,4.440892098500626e-16,-2.976289490668183,0.8
NCEP-AirTemp-Africa-2000,NCEP2000_r016_c013,4,22.89333724975586,23.210329055786133,-0.31699180603027344,-0.01365735941392223,4,23.02893324851989,4,4.440892098500626e-16,-2.976289490668183,0.8
NCEP-AirTemp-Africa-2000,NCEP2000_r016_c013,5,23.286771774291992,22.89333724975586,0.3934345245361328,0.0171855470543216,4,23.02893324851989,4,4.440892098500626e-16,-2.976289490668183,0.8
NCEP-AirTemp-Africa-2000,NCEP2000_r016_c013,6,22.281341552734375,23.286771774291992,-1.0054302215576172,-0.043176024195315334,4,23.02893324851989,3,-1.3208207024468313,-2.976289490668183,0.8
NCEP-AirTemp-Africa-2000,NCEP2000_r016_c013,7,22.083555221557617,22.281341552734375,-0.1977863311767578,-0.008876769413037671,4,23.02893324851989,4,4.440892098500626e-16,-2.976289490668183,0.8
NCEP-AirTemp-Africa-2000,NCEP2000_r016_c013,8,22.5577449798584,22.083555221557617,0.47418975830078125,0.02147252802111703,4,23.02893324851989,4,4.440892098500626e-16,-2.976289490668183,0.8
NCEP-AirTemp-Africa-2000,NCEP2000_r016_c013,9,22.40766334533691,22.5577449798584,-0.15008163452148793,-0.006653219754700412,4,23.02893324851989,4,4.440892098500626e-16,-2.976289490668183,0.8
NCEP-AirTemp-Africa-2000,NCEP2000_r016_c013,10,22.04032325744629,22.40766334533691,-0.36734008789062145,-0.01639350262583563,4,23.02893324851989,4,4.440892098500626e-16,-2.976289490668183,0.8
NCEP-AirTemp-Africa-2000,NCEP2000_r016_c013,11,22.2883358001709,22.04032325744629,0.24801254272460938,0.011252672650380421,4,23.02893324851989,4,4.440892098500626e-16,-2.976289490668183,0.8
NCEP-AirTemp-Africa-2000,NCEP2000_r016_c013,12,22.07903480529785,22.2883358001709,-0.20930099487304688,-0.009390606672008327,4,23.02893324851989,4,4.440892098500626e-16,-2.976289490668183,0.8
NCEP-AirTemp-Africa-2000,NCEP2000_r016_c014,1,23.439678192138672,,,,4,23.02893324851989,4,,-2.944013891769546,0.6666666666666666
NCEP-AirTemp-Africa-2000,NCEP2000_r016_c014,2,23.2086238861084,23.439678192138672,-0.23105430603027344,-0.009857400947926226,4,23.02893324851989,4,4.440892098500626e-16,-2.944013891769546,0.6666666666666666
NCEP-AirTemp-Africa-2000,NCEP2000_r016_c014,3,23.797100067138672,23.2086238861084,0.5884761810302734,0.025355927344856834,4,23.02893324851989,4,4.440892098500626e-16,-2.944013891769546,0.6666666666666666
NCEP-AirTemp-Africa-2000,NCEP2000_r016_c014,4,23.3663387298584,23.797100067138672,-0.43076133728027344,-0.01810142143643419,4,23.02893324851989,4,4.440892098500626e-16,-2.944013891769546,0.6666666666666666
NCEP-AirTemp-Africa-2000,NCEP2000_r016_c014,5,23.946775436401367,23.3663387298584,0.5804367065429688,0.02484072122952085,4,23.02893324851989,4,4.440892098500626e-16,-2.944013891769546,0.6666666666666666
NCEP-AirTemp-Africa-2000,NCEP2000_r016_c014,6,22.775005340576172,23.946775436401367,-1.1717700958251953,-0.04893227060725653,4,23.02893324851989,3,-1.3208207024468313,-2.944013891769546,0.6666666666666666
NCEP-AirTemp-Africa-2000,NCEP2000_r016_c014,7,22.392261505126953,22.775005340576172,-0.38274383544921875,-0.016805433400593702,4,23.02893324851989,4,4.440892098500626e-16,-2.944013891769546,0.6666666666666666
NCEP-AirTemp-Africa-2000,NCEP2000_r016_c014,8,22.211936950683594,22.392261505126953,-0.18032455444335938,-0.008052985376312799,4,23.02893324851989,4,4.440892098500626e-16,-2.944013891769546,0.6666666666666666
NCEP-AirTemp-Africa-2000,NCEP2000_r016_c014,9,22.11400604248047,22.211936950683594,-0.097930908203125,-0.004408931486729755,4,23.02893324851989,4,4.440892098500626e-16,-2.944013891769546,0.6666666666666666
NCEP-AirTemp-Africa-2000,NCEP2000_r016_c014,10,22.403873443603516,22.11400604248047,0.2898674011230469,0.01310786478787329,4,23.02893324851989,4,4.440892098500626e-16,-2.944013891769546,0.6666666666666666
NCEP-AirTemp-Africa-2000,NCEP2000_r016_c014,11,23.032001495361328,22.403873443603516,0.6281280517578125,0.028036582751593254,4,23.02893324851989,4,4.440892098500626e-16,-2.944013891769546,0.6666666666666666
NCEP-AirTemp-Africa-2000,NCEP2000_r016_c014,12,22.88484001159668,23.032001495361328,-0.14716148376464844,-0.006389435316521967,4,23.02893324851989,4,4.440892098500626e-16,-2.944013891769546,0.6666666666666666
NCEP-AirTemp-Africa-2000,NCEP2000_r016_c015,1,24.74903106689453,,,,5,25.58885782135857,4,,-2.896389841813143,0.5333333333333333
NCEP-AirTemp-Africa-2000,NCEP2000_r016_c015,2,24.593795776367188,24.74903106689453,-0.15523529052734375,-0.006272378506768848,5,25.58885782135857,4,4.440892098500626e-16,-2.896389841813143,0.5333333333333333
NCEP-AirTemp-Africa-2000,NCEP2000_r016_c015,3,25.113868713378903,24.593795776367188,0.5200729370117152,0.021146509540079482,5,25.58885782135857,4,4.440892098500626e-16,-2.896389841813143,0.5333333333333333
NCEP-AirTemp-Africa-2000,NCEP2000_r016_c015,4,24.340002059936523,25.113868713378903,-0.7738666534423793,-0.030814314683030797,5,25.58885782135857,3,-1.3208207024468313,-2.896389841813143,0.5333333333333333
NCEP-AirTemp-Africa-2000,NCEP2000_r016_c015,5,25.249998092651367,24.340002059936523,0.9099960327148438,0.037386851096972214,5,25.58885782135857,5,1.3208207024468321,-2.896389841813143,0.5333333333333333
NCEP-AirTemp-Africa-2000,NCEP2000_r016_c015,6,24.01033592224121,25.249998092651367,-1.2396621704101562,-0.04909553520999835,4,23.02893324851989,3,-1.3208207024468313,-2.896389841813143,0.5333333333333333
NCEP-AirTemp-Africa-2000,NCEP2000_r016_c015,7,23.83613014221191,24.01033592224121,-0.17420578002930043,-0.007255449511138678,4,23.02893324851989,4,4.440892098500626e-16,-2.896389841813143,0.5333333333333333
NCEP-AirTemp-Africa-2000,NCEP2000_r016_c015,8,22.976778030395508,23.83613014221191,-0.8593521118164027,-0.036052501252900854,4,23.02893324851989,3,-1.3208207024468313,-2.896389841813143,0.5333333333333333
NCEP-AirTemp-Africa-2000,NCEP2000_r016_c015,9,23.125,22.976778030395508,0.1482219696044922,0.006450946664863646,4,23.02893324851989,4,4.440892098500626e-16,-2.896389841813143,0.5333333333333333
NCEP-AirTemp-Africa-2000,NCEP2000_r016_c015,10,23.497743606567383,23.125,0.3727436065673828,0.016118642446157093,4,23.02893324851989,4,4.440892098500626e-16,-2.896389841813143,0.5333333333333333
NCEP-AirTemp-Africa-2000,NCEP2000_r016_c015,11,24.14366912841797,23.497743606567383,0.6459255218505859,0.02748883180724026,4,23.02893324851989,4,4.440892098500626e-16,-2.896389841813143,0.5333333333333333
NCEP-AirTemp-Africa-2000,NCEP2000_r016_c015,12,23.95677375793457,24.14366912841797,-0.18689537048339844,-0.0077409680148165984,4,23.02893324851989,4,4.440892098500626e-16,-2.896389841813143,0.5333333333333333
NCEP-AirTemp-Africa-2000,NCEP2000_r016_c016,1,24.762903213500977,,,,5,25.58885782135857,4,,-2.8195563208776115,0.4000000000000002
NCEP-AirTemp-Africa-2000,NCEP2000_r016_c016,2,24.901378631591797,24.762903213500977,0.1384754180908203,0.005592051016672478,5,25.58885782135857,4,4.440892098500626e-16,-2.8195563208776115,0.4000000000000002
NCEP-AirTemp-Africa-2000,NCEP2000_r016_c016,3,25.388383865356445,24.901378631591797,0.48700523376464844,0.019557360295979608,5,25.58885782135857,4,4.440892098500626e-16,-2.8195563208776115,0.4000000000000002
NCEP-AirTemp-Africa-2000,NCEP2000_r016_c016,4,24.445331573486328,25.388383865356445,-0.9430522918701172,-0.037145030454536064,5,25.58885782135857,3,-1.3208207024468313,-2.8195563208776115,0.4000000000000002
NCEP-AirTemp-Africa-2000,NCEP2000_r016_c016,5,25.356447219848633,24.445331573486328,0.9111156463623047,0.03727156015958935,5,25.58885782135857,5,1.3208207024468321,-2.8195563208776115,0.4000000000000002
NCEP-AirTemp-Africa-2000,NCEP2000_r016_c016,6,24.50500106811523,25.356447219848633,-0.851446151733402,-0.0335790792910019,5,25.58885782135857,3,-1.3208207024468313,-2.8195563208776115,0.4000000000000002
NCEP-AirTemp-Africa-2000,NCEP2000_r016_c016,7,24.534839630126953,24.50500106811523,0.029838562011722303,0.0012176519367937042,5,25.58885782135857,4,4.440892098500626e-16,-2.8195563208776115,0.4000000000000002
NCEP-AirTemp-Africa-2000,NCEP2000_r016_c016,8,23.870973587036133,24.534839630126953,-0.6638660430908203,-0.027058095879120496,4,23.02893324851989,3,-1.3208207024468313,-2.8195563208776115,0.4000000000000002
NCEP-AirTemp-Africa-2000,NCEP2000_r016_c016,9,23.90666389465332,23.870973587036133,0.0356903076171875,0.001495134142185563,4,23.02893324851989,4,4.440892098500626e-16,-2.8195563208776115,0.4000000000000002
NCEP-AirTemp-Africa-2000,NCEP2000_r016_c016,10,24.018070220947266,23.90666389465332,0.11140632629394531,0.004660053229713123,4,23.02893324851989,4,4.440892098500626e-16,-2.8195563208776115,0.4000000000000002
NCEP-AirTemp-Africa-2000,NCEP2000_r016_c016,11,24.443998336791992,24.018070220947266,0.42592811584472656,0.017733652700925782,5,25.58885782135857,4,4.440892098500626e-16,-2.8195563208776115,0.4000000000000002
NCEP-AirTemp-Africa-2000,NCEP2000_r016_c016,12,24.11064720153809,24.443998336791992,-0.3333511352539027,-0.013637340776290178,4,23.02893324851989,4,4.440892098500626e-16,-2.8195563208776115,0.4000000000000002
NCEP-AirTemp-Africa-2000,NCEP2000_r016_c017,1,24.01225852966309,,,,4,23.02893324851989,4,,-2.6775640431369845,0.3636363636363636
NCEP-AirTemp-Africa-2000,NCEP2000_r016_c017,2,24.845516204833984,24.01225852966309,0.8332576751708949,0.03470134532083043,5,25.58885782135857,5,1.3208207024468321,-2.6775640431369845,0.3636363636363636
NCEP-AirTemp-Africa-2000,NCEP2000_r016_c017,3,24.96484375,24.845516204833984,0.11932754516601562,0.004802779873126527,5,25.58885782135857,4,4.440892098500626e-16,-2.6775640431369845,0.3636363636363636
NCEP-AirTemp-Africa-2000,NCEP2000_r016_c017,4,24.162336349487305,24.96484375,-0.8025074005126953,-0.03214550063076983,4,23.02893324851989,3,-1.3208207024468313,-2.6775640431369845,0.3636363636363636
NCEP-AirTemp-Africa-2000,NCEP2000_r016_c017,5,25.037097930908203,24.162336349487305,0.8747615814208984,0.036203518102232685,5,25.58885782135857,5,1.3208207024468321,-2.6775640431369845,0.3636363636363636
NCEP-AirTemp-Africa-2000,NCEP2000_r016_c017,6,24.42133331298828,25.037097930908203,-0.6157646179199219,-0.024594089124033932,5,25.58885782135857,4,4.440892098500626e-16,-2.6775640431369845,0.3636363636363636
NCEP-AirTemp-Africa-2000,NCEP2000_r016_c017,7,24.359033584594727,24.42133331298828,-0.06229972839355469,-0.002551037144250478,5,25.58885782135857,4,4.440892098500626e-16,-2.6775640431369845,0.3636363636363636
NCEP-AirTemp-Africa-2000,NCEP2000_r016_c017,8,23.793228149414062,24.359033584594727,-0.5658054351806641,-0.02322774560065034,4,23.02893324851989,4,4.440892098500626e-16,-2.6775640431369845,0.3636363636363636
NCEP-AirTemp-Africa-2000,NCEP2000_r016_c017,9,23.762670516967773,23.793228149414062,-0.030557632446289062,-0.0012842995601267994,4,23.02893324851989,4,4.440892098500626e-16,-2.6775640431369845,0.3636363636363636
NCEP-AirTemp-Africa-2000,NCEP2000_r016_c017,10,23.673547744750977,23.762670516967773,-0.08912277221679688,-0.0037505368831823264,4,23.02893324851989,4,4.440892098500626e-16,-2.6775640431369845,0.3636363636363636
NCEP-AirTemp-Africa-2000,NCEP2000_r016_c017,11,24.18033790588379,23.673547744750977,0.5067901611328125,0.02140744457049876,4,23.02893324851989,4,4.440892098500626e-16,-2.6775640431369845,0.3636363636363636
NCEP-AirTemp-Africa-2000,NCEP2000_r016_c017,12,23.86258125305176,24.18033790588379,-0.3177566528320277,-0.01314111713694076,4,23.02893324851989,4,4.440892098500626e-16,-2.6775640431369845,0.3636363636363636
NCEP-AirTemp-Africa-2000,NCEP2000_r016_c018,1,23.369678497314453,,,,4,23.02893324851989,4,,-2.3557183744408845,0.1538461538461538
NCEP-AirTemp-Africa-2000,NCEP2000_r016_c018,2,24.166894912719727,23.369678497314453,0.7972164154052734,0.0341132812544634,4,23.02893324851989,5,1.3208207024468321,-2.3557183744408845,0.1538461538461538
NCEP-AirTemp-Africa-2000,NCEP2000_r016_c018,3,24.403549194335938,24.166894912719727,0.23665428161621094,0.009792498476568996,5,25.58885782135857,4,4.440892098500626e-16,-2.3557183744408845,0.1538461538461538
NCEP-AirTemp-Africa-2000,NCEP2000_r016_c018,4,23.980329513549805,24.403549194335938,-0.4232196807861328,-0.017342546258982773,4,23.02893324851989,4,4.440892098500626e-16,-2.3557183744408845,0.1538461538461538
NCEP-AirTemp-Africa-2000,NCEP2000_r016_c018,5,24.733545303344727,23.980329513549805,0.7532157897949219,0.031409734773215944,5,25.58885782135857,5,1.3208207024468321,-2.3557183744408845,0.1538461538461538
NCEP-AirTemp-Africa-2000,NCEP2000_r016_c018,6,24.043664932250977,24.733545303344727,-0.68988037109375,-0.027892498331019987,4,23.02893324851989,3,-1.3208207024468313,-2.3557183744408845,0.1538461538461538
NCEP-AirTemp-Africa-2000,NCEP2000_r016_c018,7,23.656774520874023,24.043664932250977,-0.3868904113769531,-0.016091158002206125,4,23.02893324851989,4,4.440892098500626e-16,-2.3557183744408845,0.1538461538461538
NCEP-AirTemp-Africa-2000,NCEP2000_r016_c018,8,23.117097854614254,23.656774520874023,-0.5396766662597692,-0.02281277465715264,4,23.02893324851989,4,4.440892098500626e-16,-2.3557183744408845,0.1538461538461538
NCEP-AirTemp-Africa-2000,NCEP2000_r016_c018,9,23.4493350982666,23.117097854614254,0.3322372436523473,0.014371927036076095,4,23.02893324851989,4,4.440892098500626e-16,-2.3557183744408845,0.1538461538461538
NCEP-AirTemp-Africa-2000,NCEP2000_r016_c018,10,23.41419792175293,23.4493350982666,-0.035137176513671875,-0.0014984295446513216,4,23.02893324851989,4,4.440892098500626e-16,-2.3557183744408845,0.1538461538461538
NCEP-AirTemp-Africa-2000,NCEP2000_r016_c018,11,23.92633628845215,23.41419792175293,0.5121383666992188,0.02187298358076222,4,23.02893324851989,4,4.440892098500626e-16,-2.3557183744408845,0.1538461538461538
NCEP-AirTemp-Africa-2000,NCEP2000_r016_c018,12,23.49677276611328,23.92633628845215,-0.4295635223388672,-0.017953585419853542,4,23.02893324851989,4,4.440892098500626e-16,-2.3557183744408845,0.1538461538461538
NCEP-AirTemp-Africa-2000,NCEP2000_r016_c019,1,21.187740325927734,,,,3,20.469008675681216,4,,-1.5707963267948966,0.0689655172413793
NCEP-AirTemp-Africa-2000,NCEP2000_r016_c019,2,20.537935256958008,21.187740325927734,-0.6498050689697266,-0.030668917920168723,3,20.469008675681216,4,4.440892098500626e-16,-1.5707963267948966,0.0689655172413793
NCEP-AirTemp-Africa-2000,NCEP2000_r016_c019,3,21.18548583984375,20.537935256958008,0.6475505828857422,0.03152948798328497,3,20.469008675681216,4,4.440892098500626e-16,-1.5707963267948966,0.0689655172413793
NCEP-AirTemp-Africa-2000,NCEP2000_r016_c019,4,21.22400283813477,21.18548583984375,0.03851699829101918,0.0018180842574107923,3,20.469008675681216,4,4.440892098500626e-16,-1.5707963267948966,0.0689655172413793
NCEP-AirTemp-Africa-2000,NCEP2000_r016_c019,5,21.597740173339844,21.22400283813477,0.3737373352050746,0.017609182304364965,3,20.469008675681216,4,4.440892098500626e-16,-1.5707963267948966,0.0689655172413793
NCEP-AirTemp-Africa-2000,NCEP2000_r016_c019,6,21.42500114440918,21.597740173339844,-0.17273902893066406,-0.007998014030370287,3,20.469008675681216,4,4.440892098500626e-16,-1.5707963267948966,0.0689655172413793
NCEP-AirTemp-Africa-2000,NCEP2000_r016_c019,7,21.257095336914062,21.42500114440918,-0.1679058074951172,-0.00783691008291647,3,20.469008675681216,4,4.440892098500626e-16,-1.5707963267948966,0.0689655172413793
NCEP-AirTemp-Africa-2000,NCEP2000_r016_c019,8,20.4070987701416,21.257095336914062,-0.8499965667724609,-0.039986487020002084,3,20.469008675681216,3,-1.3208207024468313,-1.5707963267948966,0.0689655172413793
NCEP-AirTemp-Africa-2000,NCEP2000_r016_c019,9,20.809669494628903,20.4070987701416,0.40257072448730113,0.019726994465098468,3,20.469008675681216,4,4.440892098500626e-16,-1.5707963267948966,0.0689655172413793
NCEP-AirTemp-Africa-2000,NCEP2000_r016_c019,10,21.05483627319336,20.809669494628903,0.24516677856445668,0.011781387427980808,3,20.469008675681216,4,4.440892098500626e-16,-1.5707963267948966,0.0689655172413793
NCEP-AirTemp-Africa-2000,NCEP2000_r016_c019,11,21.48166847229004,21.05483627319336,0.4268321990966797,0.02027240647034215,3,20.469008675681216,4,4.440892098500626e-16,-1.5707963267948966,0.0689655172413793
NCEP-AirTemp-Africa-2000,NCEP2000_r016_c019,12,21.072265625,21.48166847229004,-0.40940284729003906,-0.019058242511197032,3,20.469008675681216,4,4.440892098500626e-16,-1.5707963267948966,0.0689655172413793
NCEP-AirTemp-Africa-2000,NCEP2000_r016_c020,1,20.98806381225586,,,,3,20.469008675681216,4,,-0.7858742791489086,0.2222222222222222
NCEP-AirTemp-Africa-2000,NCEP2000_r016_c020,2,19.63999938964844,20.98806381225586,-1.3480644226074183,-0.06423005164584185,3,20.469008675681216,3,-1.3208207024468313,-0.7858742791489086,0.2222222222222222
NCEP-AirTemp-Africa-2000,NCEP2000_r016_c020,3,20.03032493591309,19.63999938964844,0.39032554626464844,0.019874010101567287,3,20.469008675681216,4,4.440892098500626e-16,-0.7858742791489086,0.2222222222222222
NCEP-AirTemp-Africa-2000,NCEP2000_r016_c020,4,19.772668838500977,20.03032493591309,-0.2576560974121129,-0.012863300931786286,3,20.469008675681216,4,4.440892098500626e-16,-0.7858742791489086,0.2222222222222222
NCEP-AirTemp-Africa-2000,NCEP2000_r016_c020,5,20.12806701660156,19.772668838500977,0.3553981781005824,0.01797421385061371,3,20.469008675681216,4,4.440892098500626e-16,-0.7858742791489086,0.2222222222222222
NCEP-AirTemp-Africa-2000,NCEP2000_r016_c020,6,20.045339584350582,20.12806701660156,-0.08272743225097656,-0.004110053498070295,3,20.469008675681216,4,4.440892098500626e-16,-0.7858742791489086,0.2222222222222222
NCEP-AirTemp-Africa-2000,NCEP2000_r016_c020,7,20.434839248657227,20.045339584350582,0.3894996643066442,0.019430933692474183,3,20.469008675681216,4,4.440892098500626e-16,-0.7858742791489086,0.2222222222222222
NCEP-AirTemp-Africa-2000,NCEP2000_r016_c020,8,18.660972595214844,20.434839248657227,-1.7738666534423828,-0.08680599988370076,2,17.909084102842538,3,-1.3208207024468313,-0.7858742791489086,0.2222222222222222
NCEP-AirTemp-Africa-2000,NCEP2000_r016_c020,9,19.29433822631836,18.660972595214844,0.6333656311035156,0.033940654908090215,3,20.469008675681216,4,4.440892098500626e-16,-0.7858742791489086,0.2222222222222222
NCEP-AirTemp-Africa-2000,NCEP2000_r016_c020,10,18.837743759155273,19.29433822631836,-0.45659446716308594,-0.023664686593928896,2,17.909084102842538,4,4.440892098500626e-16,-0.7858742791489086,0.2222222222222222
NCEP-AirTemp-Africa-2000,NCEP2000_r016_c020,11,19.374671936035156,18.837743759155273,0.5369281768798828,0.028502785882674086,3,20.469008675681216,4,4.440892098500626e-16,-0.7858742791489086,0.2222222222222222
NCEP-AirTemp-Africa-2000,NCEP2000_r016_c020,12,19.2319393157959,19.374671936035156,-0.1427326202392578,-0.0073669696555629365,3,20.469008675681216,4,4.440892098500626e-16,-0.7858742791489086,0.2222222222222222
NCEP-AirTemp-Africa-2000,NCEP2000_r016_c021,1,23.234195709228516,,,,4,23.02893324851989,4,,-0.4640286104528088,0.3999999999999999
NCEP-AirTemp-Africa-2000,NCEP2000_r016_c021,2,22.920347213745117,23.234195709228516,-0.31384849548339844,-0.013508042172457869,4,23.02893324851989,4,4.440892098500626e-16,-0.4640286104528088,0.3999999999999999
NCEP-AirTemp-Africa-2000,NCEP2000_r016_c021,3,23.144193649291992,22.920347213745117,0.223846435546875,0.009766275940734283,4,23.02893324851989,4,4.440892098500626e-16,-0.4640286104528088,0.3999999999999999
NCEP-AirTemp-Africa-2000,NCEP2000_r016_c021,4,21.84833526611328,23.144193649291992,-1.295858383178711,-0.055990647279187136,4,23.02893324851989,3,-1.3208207024468313,-0.4640286104528088,0.3999999999999999
NCEP-AirTemp-Africa-2000,NCEP2000_r016_c021,5,21.626773834228516,21.84833526611328,-0.22156143188476562,-0.010140883924845611,3,20.469008675681216,4,4.440892098500626e-16,-0.4640286104528088,0.3999999999999999
NCEP-AirTemp-Africa-2000,NCEP2000_r016_c021,6,21.101335525512695,21.626773834228516,-0.5254383087158203,-0.02429573235210022,3,20.469008675681216,4,4.440892098500626e-16,-0.4640286104528088,0.3999999999999999
NCEP-AirTemp-Africa-2000,NCEP2000_r016_c021,7,21.286130905151367,21.101335525512695,0.18479537963867188,0.008757520556708078,3,20.469008675681216,4,4.440892098500626e-16,-0.4640286104528088,0.3999999999999999
NCEP-AirTemp-Africa-2000,NCEP2000_r016_c021,8,19.64032554626465,21.286130905151367,-1.6458053588867188,-0.07731820151911328,3,20.469008675681216,3,-1.3208207024468313,-0.4640286104528088,0.3999999999999999
NCEP-AirTemp-Africa-2000,NCEP2000_r016_c021,9,20.669002532958984,19.64032554626465,1.028676986694336,0.052375760486820334,3,20.469008675681216,5,1.3208207024468321,-0.4640286104528088,0.3999999999999999
NCEP-AirTemp-Africa-2000,NCEP2000_r016_c021,10,19.66645622253418,20.669002532958984,-1.0025463104248047,-0.0485048230472726,3,20.469008675681216,3,-1.3208207024468313,-0.4640286104528088,0.3999999999999999
NCEP-AirTemp-Africa-2000,NCEP2000_r016_c021,11,20.27867317199707,19.66645622253418,0.6122169494628906,0.03113000850460295,3,20.469008675681216,4,4.440892098500626e-16,-0.4640286104528088,0.3999999999999999
NCEP-AirTemp-Africa-2000,NCEP2000_r016_c021,12,20.267099380493164,20.27867317199707,-0.01157379150390625,-0.0005707371190285053,3,20.469008675681216,4,4.440892098500626e-16,-0.4640286104528088,0.3999999999999999
NCEP-AirTemp-Africa-2000,NCEP2000_r016_c022,1,20.90032196044922,,,,3,20.469008675681216,4,,-0.3220363327121815,0.5454545454545455
NCEP-AirTemp-Africa-2000,NCEP2000_r016_c022,2,21.88655662536621,20.90032196044922,0.9862346649169922,0.04718753456445772,4,23.02893324851989,5,1.3208207024468321,-0.3220363327121815,0.5454545454545455
NCEP-AirTemp-Africa-2000,NCEP2000_r016_c022,3,21.81838607788086,21.88655662536621,-0.06817054748535156,-0.003114722368266137,4,23.02893324851989,4,4.440892098500626e-16,-0.3220363327121815,0.5454545454545455
NCEP-AirTemp-Africa-2000,NCEP2000_r016_c022,4,19.809999465942383,21.81838607788086,-2.0083866119384766,-0.09205019128222998,3,20.469008675681216,2,-2.641641404893663,-0.3220363327121815,0.5454545454545455
NCEP-AirTemp-Africa-2000,NCEP2000_r016_c022,5,18.78935813903809,19.809999465942383,-1.0206413269042933,-0.05152152218171402,2,17.909084102842538,3,-1.3208207024468313,-0.3220363327121815,0.5454545454545455
NCEP-AirTemp-Africa-2000,NCEP2000_r016_c022,6,18.2080078125,18.78935813903809,-0.5813503265380895,-0.030940403724075877,2,17.909084102842538,4,4.440892098500626e-16,-0.3220363327121815,0.5454545454545455
NCEP-AirTemp-Africa-2000,NCEP2000_r016_c022,7,18.259363174438477,18.2080078125,0.05135536193847656,0.002820482200321802,2,17.909084102842538,4,4.440892098500626e-16,-0.3220363327121815,0.5454545454545455
NCEP-AirTemp-Africa-2000,NCEP2000_r016_c022,8,18.164522171020508,18.259363174438477,-0.09484100341796875,-0.0051941024729021176,2,17.909084102842538,4,4.440892098500626e-16,-0.3220363327121815,0.5454545454545455
NCEP-AirTemp-Africa-2000,NCEP2000_r016_c022,9,18.89166831970215,18.164522171020508,0.7271461486816406,0.040031119004149865,2,17.909084102842538,5,1.3208207024468321,-0.3220363327121815,0.5454545454545455
NCEP-AirTemp-Africa-2000,NCEP2000_r016_c022,10,19.105165481567383,18.89166831970215,0.21349716186523438,0.0113011280026856,2,17.909084102842538,4,4.440892098500626e-16,-0.3220363327121815,0.5454545454545455
NCEP-AirTemp-Africa-2000,NCEP2000_r016_c022,11,19.007665634155273,19.105165481567383,-0.09749984741210938,-0.005103323889352175,2,17.909084102842538,4,4.440892098500626e-16,-0.3220363327121815,0.5454545454545455
NCEP-AirTemp-Africa-2000,NCEP2000_r016_c022,12,19.120325088500977,19.007665634155273,0.11265945434570312,0.005927053669508106,2,17.909084102842538,4,4.440892098500626e-16,-0.3220363327121815,0.5454545454545455
NCEP-AirTemp-Africa-2000,NCEP2000_r016_c023,1,21.87806701660156,,,,4,23.02893324851989,4,,-0.2452028117766504,0.6666666666666666
NCEP-AirTemp-Africa-2000,NCEP2000_r016_c023,2,22.79241371154785,21.87806701660156,0.9143466949462926,0.04179284642708454,4,23.02893324851989,5,1.3208207024468321,-0.2452028117766504,0.6666666666666666
NCEP-AirTemp-Africa-2000,NCEP2000_r016_c023,3,22.90709114074707,22.79241371154785,0.11467742919921875,0.005031385909826525,4,23.02893324851989,4,4.440892098500626e-16,-0.2452028117766504,0.6666666666666666
NCEP-AirTemp-Africa-2000,NCEP2000_r016_c023,4,20.869667053222656,22.90709114074707,-2.037424087524414,-0.08894294238434533,3,20.469008675681216,2,-2.641641404893663,-0.2452028117766504,0.6666666666666666
NCEP-AirTemp-Africa-2000,NCEP2000_r016_c023,5,19.195158004760746,20.869667053222656,-1.6745090484619105,-0.0802365003807445,3,20.469008675681216,3,-1.3208207024468313,-0.2452028117766504,0.6666666666666666
NCEP-AirTemp-Africa-2000,NCEP2000_r016_c023,6,18.34567070007324,19.195158004760746,-0.8494873046875071,-0.04425529107271839,2,17.909084102842538,3,-1.3208207024468313,-0.2452028117766504,0.6666666666666666
NCEP-AirTemp-Africa-2000,NCEP2000_r016_c023,7,18.419363021850582,18.34567070007324,0.07369232177734375,0.0040168780407166885,2,17.909084102842538,4,4.440892098500626e-16,-0.2452028117766504,0.6666666666666666
NCEP-AirTemp-Africa-2000,NCEP2000_r016_c023,8,19.448711395263672,18.419363021850582,1.0293483734130895,0.05588403747686555,3,20.469008675681216,5,1.3208207024468321,-0.2452028117766504,0.6666666666666666
NCEP-AirTemp-Africa-2000,NCEP2000_r016_c023,9,19.788667678833008,19.448711395263672,0.33995628356933594,0.017479630226407968,3,20.469008675681216,4,4.440892098500626e-16,-0.2452028117766504,0.6666666666666666
NCEP-AirTemp-Africa-2000,NCEP2000_r016_c023,10,21.391294479370117,19.788667678833008,1.6026268005371094,0.08098709961415758,3,20.469008675681216,5,1.3208207024468321,-0.2452028117766504,0.6666666666666666
NCEP-AirTemp-Africa-2000,NCEP2000_r016_c023,11,20.982669830322266,21.391294479370117,-0.40862464904785156,-0.019102380617588684,3,20.469008675681216,4,4.440892098500626e-16,-0.2452028117766504,0.6666666666666666
NCEP-AirTemp-Africa-2000,NCEP2000_r016_c023,12,21.56871032714844,20.982669830322266,0.5860404968261754,0.02792973923553248,3,20.469008675681216,4,4.440892098500626e-16,-0.2452028117766504,0.6666666666666666
NCEP-AirTemp-Africa-2000,NCEP2000_r016_c024,1,28.28774070739746,,,,6,28.148782394197248,4,,-0.1975787618202465,0.7692307692307694
NCEP-AirTemp-Africa-2000,NCEP2000_r016_c024,2,28.12482261657715,28.28774070739746,-0.1629180908203125,-0.005759317879271573,6,28.148782394197248,4,4.440892098500626e-16,-0.1975787618202465,0.7692307692307694
NCEP-AirTemp-Africa-2000,NCEP2000_r016_c024,3,29.05999755859375,28.12482261657715,0.9351749420166016,0.03325087431717336,6,28.148782394197248,5,1.3208207024468321,-0.1975787618202465,0.7692307692307694
NCEP-AirTemp-Africa-2000,NCEP2000_r016_c024,4,27.469999313354492,29.05999755859375,-1.5899982452392578,-0.05471432824566967,6,28.148782394197248,3,-1.3208207024468313,-0.1975787618202465,0.7692307692307694
NCEP-AirTemp-Africa-2000,NCEP2000_r016_c024,5,25.089031219482425,27.469999313354492,-2.3809680938720668,-0.08667521490306566,5,25.58885782135857,2,-2.641641404893663,-0.1975787618202465,0.7692307692307694
NCEP-AirTemp-Africa-2000,NCEP2000_r016_c024,6,23.903331756591797,25.089031219482425,-1.1856994628906286,-0.047259675055523684,4,23.02893324851989,3,-1.3208207024468313,-0.1975787618202465,0.7692307692307694
NCEP-AirTemp-Africa-2000,NCEP2000_r016_c024,7,23.872577667236328,23.903331756591797,-0.03075408935546875,-0.0012866026237948074,4,23.02893324851989,4,4.440892098500626e-16,-0.1975787618202465,0.7692307692307694
NCEP-AirTemp-Africa-2000,NCEP2000_r016_c024,8,24.77387046813965,23.872577667236328,0.9012928009033203,0.037754314321083574,5,25.58885782135857,5,1.3208207024468321,-0.1975787618202465,0.7692307692307694
NCEP-AirTemp-Africa-2000,NCEP2000_r016_c024,9,25.189001083374023,24.77387046813965,0.415130615234375,0.01675679283817409,5,25.58885782135857,4,4.440892098500626e-16,-0.1975787618202465,0.7692307692307694
NCEP-AirTemp-Africa-2000,NCEP2000_r016_c024,10,26.45935440063477,25.189001083374023,1.2703533172607457,0.050432858097705244,5,25.58885782135857,5,1.3208207024468321,-0.1975787618202465,0.7692307692307694
NCEP-AirTemp-Africa-2000,NCEP2000_r016_c024,11,27.66132926940918,26.45935440063477,1.2019748687744105,0.045427218312838906,6,28.148782394197248,5,1.3208207024468321,-0.1975787618202465,0.7692307692307694
NCEP-AirTemp-Africa-2000,NCEP2000_r016_c024,12,28.387741088867188,27.66132926940918,0.7264118194580078,0.026260915098586773,6,28.148782394197248,5,1.3208207024468321,-0.1975787618202465,0.7692307692307694
NCEP-AirTemp-Africa-2000,NCEP2000_r016_c025,1,28.127094268798828,,,,6,28.148782394197248,4,,-0.1653031629216105,0.9230769230769232
NCEP-AirTemp-Africa-2000,NCEP2000_r016_c025,2,27.5906925201416,28.127094268798828,-0.5364017486572266,-0.019070642119340887,6,28.148782394197248,4,4.440892098500626e-16,-0.1653031629216105,0.9230769230769232
NCEP-AirTemp-Africa-2000,NCEP2000_r016_c025,3,28.59451675415039,27.5906925201416,1.003824234008789,0.03638271251350371,6,28.148782394197248,5,1.3208207024468321,-0.1653031629216105,0.9230769230769232
NCEP-AirTemp-Africa-2000,NCEP2000_r016_c025,4,28.162328720092773,28.59451675415039,-0.4321880340576172,-0.015114367477285192,6,28.148782394197248,4,4.440892098500626e-16,-0.1653031629216105,0.9230769230769232
NCEP-AirTemp-Africa-2000,NCEP2000_r016_c025,5,26.31774139404297,28.162328720092773,-1.8445873260498047,-0.06549839483741841,5,25.58885782135857,3,-1.3208207024468313,-0.1653031629216105,0.9230769230769232
NCEP-AirTemp-Africa-2000,NCEP2000_r016_c025,6,25.25467300415039,26.31774139404297,-1.0630683898925781,-0.040393602702289796,5,25.58885782135857,3,-1.3208207024468313,-0.1653031629216105,0.9230769230769232
NCEP-AirTemp-Africa-2000,NCEP2000_r016_c025,7,25.140003204345703,25.25467300415039,-0.1146697998046875,-0.004540537895138951,5,25.58885782135857,4,4.440892098500626e-16,-0.1653031629216105,0.9230769230769232
NCEP-AirTemp-Africa-2000,NCEP2000_r016_c025,8,25.3970947265625,25.140003204345703,0.2570915222167969,0.010226391783926106,5,25.58885782135857,4,4.440892098500626e-16,-0.1653031629216105,0.9230769230769232
NCEP-AirTemp-Africa-2000,NCEP2000_r016_c025,9,25.76266860961914,25.3970947265625,0.3655738830566406,0.014394318995640533,5,25.58885782135857,4,4.440892098500626e-16,-0.1653031629216105,0.9230769230769232
NCEP-AirTemp-Africa-2000,NCEP2000_r016_c025,10,26.233226776123047,25.76266860961914,0.47055816650390625,0.018265117392699433,5,25.58885782135857,4,4.440892098500626e-16,-0.1653031629216105,0.9230769230769232
NCEP-AirTemp-Africa-2000,NCEP2000_r016_c025,11,28.216331481933594,26.233226776123047,1.9831047058105469,0.07559514972117455,6,28.148782394197248,6,2.6416414048936643,-0.1653031629216105,0.9230769230769232
NCEP-AirTemp-Africa-2000,NCEP2000_r016_c025,12,28.57902717590332,28.216331481933594,0.36269569396972656,0.012854105226328023,6,28.148782394197248,4,4.440892098500626e-16,-0.1653031629216105,0.9230769230769232
NCEP-AirTemp-Africa-2000,NCEP2000_r017_c012,1,23.93580436706543,,,,4,23.02893324851989,4,,3.141592653589793,0.9333333333333332
NCEP-AirTemp-Africa-2000,NCEP2000_r017_c012,2,23.92551612854004,23.93580436706543,-0.010288238525390625,-0.00042982631239862445,4,23.02893324851989,4,4.440892098500626e-16,3.141592653589793,0.9333333333333332
NCEP-AirTemp-Africa-2000,NCEP2000_r017_c012,3,24.96032333374023,23.92551612854004,1.0348072052001918,0.04325119674078006,5,25.58885782135857,5,1.3208207024468321,3.141592653589793,0.9333333333333332
NCEP-AirTemp-Africa-2000,NCEP2000_r017_c012,4,24.74333381652832,24.96032333374023,-0.2169895172119105,-0.00869337765823706,5,25.58885782135857,4,4.440892098500626e-16,3.141592653589793,0.9333333333333332
NCEP-AirTemp-Africa-2000,NCEP2000_r017_c012,5,24.67483901977539,24.74333381652832,-0.06849479675292969,-0.0027682121277924072,5,25.58885782135857,4,4.440892098500626e-16,3.141592653589793,0.9333333333333332
NCEP-AirTemp-Africa-2000,NCEP2000_r017_c012,6,23.56099510192871,24.67483901977539,-1.1138439178466797,-0.045140878809948916,4,23.02893324851989,3,-1.3208207024468313,3.141592653589793,0.9333333333333332
NCEP-AirTemp-Africa-2000,NCEP2000_r017_c012,7,22.551288604736328,23.56099510192871,-1.0097064971923828,-0.04285500221124904,4,23.02893324851989,3,-1.3208207024468313,3.141592653589793,0.9333333333333332
NCEP-AirTemp-Africa-2000,NCEP2000_r017_c012,8,22.463869094848633,22.551288604736328,-0.08741950988769531,-0.0038764751504858598,4,23.02893324851989,4,4.440892098500626e-16,3.141592653589793,0.9333333333333332
NCEP-AirTemp-Africa-2000,NCEP2000_r017_c012,9,22.463001251220703,22.463869094848633,-0.0008678436279296875,-3.8632865258669955e-05,4,23.02893324851989,4,4.440892098500626e-16,3.141592653589793,0.9333333333333332
NCEP-AirTemp-Africa-2000,NCEP2000_r017_c012,10,22.920000076293945,22.463001251220703,0.4569988250732422,0.02034451318246744,4,23.02893324851989,4,4.440892098500626e-16,3.141592653589793,0.9333333333333332
NCEP-AirTemp-Africa-2000,NCEP2000_r017_c012,11,23.441997528076172,22.920000076293945,0.5219974517822266,0.02277475785535124,4,23.02893324851989,4,4.440892098500626e-16,3.141592653589793,0.9333333333333332
NCEP-AirTemp-Africa-2000,NCEP2000_r017_c012,12,23.624195098876953,23.441997528076172,0.18219757080078125,0.007772271564424731,4,23.02893324851989,4,4.440892098500626e-16,3.141592653589793,0.9333333333333332
NCEP-AirTemp-Africa-2000,NCEP2000_r017_c013,1,22.45387077331543,,,,4,23.02893324851989,4,,3.141592653589793,0.8
NCEP-AirTemp-Africa-2000,NCEP2000_r017_c013,2,22.274486541748047,22.45387077331543,-0.1793842315673828,-0.007989011488414112,4,23.02893324851989,4,4.440892098500626e-16,3.141592653589793,0.8
NCEP-AirTemp-Africa-2000,NCEP2000_r017_c013,3,23.018068313598633,22.274486541748047,0.7435817718505859,0.03338266722588307,4,23.02893324851989,5,1.3208207024468321,3.141592653589793,0.8
NCEP-AirTemp-Africa-2000,NCEP2000_r017_c013,4,22.742002487182617,23.018068313598633,-0.2760658264160156,-0.011993440225082712,4,23.02893324851989,4,4.440892098500626e-16,3.141592653589793,0.8
NCEP-AirTemp-Africa-2000,NCEP2000_r017_c013,5,23.03548812866211,22.742002487182617,0.2934856414794922,0.012905004369993388,4,23.02893324851989,4,4.440892098500626e-16,3.141592653589793,0.8
NCEP-AirTemp-Africa-2000,NCEP2000_r017_c013,6,21.969667434692383,23.03548812866211,-1.0658206939697266,-0.0462686394148327,4,23.02893324851989,3,-1.3208207024468313,3.141592653589793,0.8
NCEP-AirTemp-Africa-2000,NCEP2000_r017_c013,7,21.020326614379883,21.969667434692383,-0.9493408203125,-0.04321143336077051,3,20.469008675681216,3,-1.3208207024468313,3.141592653589793,0.8
NCEP-AirTemp-Africa-2000,NCEP2000_r017_c013,8,21.03871154785156,21.020326614379883,0.018384933471676135,0.000874626441774654,3,20.469008675681216,4,4.440892098500626e-16,3.141592653589793,0.8
NCEP-AirTemp-Africa-2000,NCEP2000_r017_c013,9,21.294673919677734,21.03871154785156,0.2559623718261754,0.012166257008847764,3,20.469008675681216,4,4.440892098500626e-16,3.141592653589793,0.8
NCEP-AirTemp-Africa-2000,NCEP2000_r017_c013,10,21.80709457397461,21.294673919677734,0.512420654296875,0.02406332476513591,4,23.02893324851989,4,4.440892098500626e-16,3.141592653589793,0.8
NCEP-AirTemp-Africa-2000,NCEP2000_r017_c013,11,22.22233772277832,21.80709457397461,0.41524314880371094,0.01904165396243466,4,23.02893324851989,4,4.440892098500626e-16,3.141592653589793,0.8
NCEP-AirTemp-Africa-2000,NCEP2000_r017_c013,12,22.34903907775879,22.22233772277832,0.12670135498046875,0.0057015313402692756,4,23.02893324851989,4,4.440892098500626e-16,3.141592653589793,0.8
NCEP-AirTemp-Africa-2000,NCEP2000_r017_c014,1,23.56290626525879,,,,4,23.02893324851989,4,,3.141592653589793,0.6666666666666666
NCEP-AirTemp-Africa-2000,NCEP2000_r017_c014,2,23.42896270751953,23.56290626525879,-0.1339435577392578,-0.005684509212547543,4,23.02893324851989,4,4.440892098500626e-16,3.141592653589793,0.6666666666666666
NCEP-AirTemp-Africa-2000,NCEP2000_r017_c014,3,24.24515914916992,23.42896270751953,0.8161964416503871,0.03483707118576055,4,23.02893324851989,5,1.3208207024468321,3.141592653589793,0.6666666666666666
NCEP-AirTemp-Africa-2000,NCEP2000_r017_c014,4,23.406002044677734,24.24515914916992,-0.839157104492184,-0.034611325886920986,4,23.02893324851989,3,-1.3208207024468313,3.141592653589793,0.6666666666666666
NCEP-AirTemp-Africa-2000,NCEP2000_r017_c014,5,23.83354949951172,23.406002044677734,0.4275474548339844,0.01826657342069249,4,23.02893324851989,4,4.440892098500626e-16,3.141592653589793,0.6666666666666666
NCEP-AirTemp-Africa-2000,NCEP2000_r017_c014,6,22.94066619873047,23.83354949951172,-0.89288330078125,-0.03746329520911447,4,23.02893324851989,3,-1.3208207024468313,3.141592653589793,0.6666666666666666
NCEP-AirTemp-Africa-2000,NCEP2000_r017_c014,7,22.046770095825195,22.94066619873047,-0.8938961029052734,-0.03896556861782599,4,23.02893324851989,3,-1.3208207024468313,3.141592653589793,0.6666666666666666
NCEP-AirTemp-Africa-2000,NCEP2000_r017_c014,8,21.88161277770996,22.046770095825195,-0.16515731811523438,-0.007491225127190344,4,23.02893324851989,4,4.440892098500626e-16,3.141592653589793,0.6666666666666666
NCEP-AirTemp-Africa-2000,NCEP2000_r017_c014,9,22.318334579467773,21.88161277770996,0.4367218017578125,0.019958391833105,4,23.02893324851989,4,4.440892098500626e-16,3.141592653589793,0.6666666666666666
NCEP-AirTemp-Africa-2000,NCEP2000_r017_c014,10,22.880643844604492,22.318334579467773,0.5623092651367188,0.025194947370939906,4,23.02893324851989,4,4.440892098500626e-16,3.141592653589793,0.6666666666666666
NCEP-AirTemp-Africa-2000,NCEP2000_r017_c014,11,23.252002716064453,22.880643844604492,0.37135887145996094,0.01623026318586448,4,23.02893324851989,4,4.440892098500626e-16,3.141592653589793,0.6666666666666666
NCEP-AirTemp-Africa-2000,NCEP2000_r017_c014,12,23.505483627319336,23.252002716064453,0.2534809112548828,0.010901465751152554,4,23.02893324851989,4,4.440892098500626e-16,3.141592653589793,0.6666666666666666
NCEP-AirTemp-Africa-2000,NCEP2000_r017_c015,1,24.29871368408203,,,,4,23.02893324851989,4,,3.141592653589793,0.5333333333333332
NCEP-AirTemp-Africa-2000,NCEP2000_r017_c015,2,24.52069091796875,24.29871368408203,0.22197723388671875,0.009135349170031785,5,25.58885782135857,4,4.440892098500626e-16,3.141592653589793,0.5333333333333332
NCEP-AirTemp-Africa-2000,NCEP2000_r017_c015,3,25.17419815063477,24.52069091796875,0.6535072326660192,0.026651256885552494,5,25.58885782135857,4,4.440892098500626e-16,3.141592653589793,0.5333333333333332
NCEP-AirTemp-Africa-2000,NCEP2000_r017_c015,4,24.527334213256836,25.17419815063477,-0.6468639373779332,-0.025695513060924345,5,25.58885782135857,4,4.440892098500626e-16,3.141592653589793,0.5333333333333332
NCEP-AirTemp-Africa-2000,NCEP2000_r017_c015,5,24.740646362304688,24.527334213256836,0.21331214904785156,0.008696915335077791,5,25.58885782135857,4,4.440892098500626e-16,3.141592653589793,0.5333333333333332
NCEP-AirTemp-Africa-2000,NCEP2000_r017_c015,6,23.429670333862305,24.740646362304688,-1.3109760284423828,-0.05298875418387656,4,23.02893324851989,3,-1.3208207024468313,3.141592653589793,0.5333333333333332
NCEP-AirTemp-Africa-2000,NCEP2000_r017_c015,7,23.253231048583984,23.429670333862305,-0.1764392852783203,-0.007530591884740141,4,23.02893324851989,4,4.440892098500626e-16,3.141592653589793,0.5333333333333332
NCEP-AirTemp-Africa-2000,NCEP2000_r017_c015,8,22.88387680053711,23.253231048583984,-0.369354248046875,-0.015883996820707073,4,23.02893324851989,4,4.440892098500626e-16,3.141592653589793,0.5333333333333332
NCEP-AirTemp-Africa-2000,NCEP2000_r017_c015,9,23.21033477783203,22.88387680053711,0.3264579772949219,0.014265851024301073,4,23.02893324851989,4,4.440892098500626e-16,3.141592653589793,0.5333333333333332
NCEP-AirTemp-Africa-2000,NCEP2000_r017_c015,10,23.367101669311523,23.21033477783203,0.1567668914794922,0.006754184848260731,4,23.02893324851989,4,4.440892098500626e-16,3.141592653589793,0.5333333333333332
NCEP-AirTemp-Africa-2000,NCEP2000_r017_c015,11,23.982999801635746,23.367101669311523,0.6158981323242223,0.0263574893044221,4,23.02893324851989,4,4.440892098500626e-16,3.141592653589793,0.5333333333333332
NCEP-AirTemp-Africa-2000,NCEP2000_r017_c015,12,23.910964965820312,23.982999801635746,-0.07203483581543324,-0.0030035790522968753,4,23.02893324851989,4,4.440892098500626e-16,3.141592653589793,0.5333333333333332
NCEP-AirTemp-Africa-2000,NCEP2000_r017_c016,1,24.62096786499023,,,,5,25.58885782135857,4,,3.141592653589793,0.4
NCEP-AirTemp-Africa-2000,NCEP2000_r017_c016,2,24.53654670715332,24.62096786499023,-0.08442115783691051,-0.0034288318111552842,5,25.58885782135857,4,4.440892098500626e-16,3.141592653589793,0.4
NCEP-AirTemp-Africa-2000,NCEP2000_r017_c016,3,25.58612632751465,24.53654670715332,1.0495796203613281,0.04277617518423391,5,25.58885782135857,5,1.3208207024468321,3.141592653589793,0.4
NCEP-AirTemp-Africa-2000,NCEP2000_r017_c016,4,25.341331481933594,25.58612632751465,-0.2447948455810547,-0.009567483660776298,5,25.58885782135857,4,4.440892098500626e-16,3.141592653589793,0.4
NCEP-AirTemp-Africa-2000,NCEP2000_r017_c016,5,25.398387908935547,25.341331481933594,0.057056427001953125,0.002251516540976939,5,25.58885782135857,4,4.440892098500626e-16,3.141592653589793,0.4
NCEP-AirTemp-Africa-2000,NCEP2000_r017_c016,6,24.038330078125,25.398387908935547,-1.3600578308105469,-0.053548982545150337,4,23.02893324851989,3,-1.3208207024468313,3.141592653589793,0.4
NCEP-AirTemp-Africa-2000,NCEP2000_r017_c016,7,23.85483741760254,24.038330078125,-0.18349266052246094,-0.007633336422542936,4,23.02893324851989,4,4.440892098500626e-16,3.141592653589793,0.4
NCEP-AirTemp-Africa-2000,NCEP2000_r017_c016,8,23.293872833251953,23.85483741760254,-0.5609645843505859,-0.023515758021333186,4,23.02893324851989,4,4.440892098500626e-16,3.141592653589793,0.4
NCEP-AirTemp-Africa-2000,NCEP2000_r017_c016,9,23.66767120361328,23.293872833251953,0.3737983703613281,0.016047068387345695,4,23.02893324851989,4,4.440892098500626e-16,3.141592653589793,0.4
NCEP-AirTemp-Africa-2000,NCEP2000_r017_c016,10,23.711610794067383,23.66767120361328,0.04393959045410156,0.00185652361299465,4,23.02893324851989,4,4.440892098500626e-16,3.141592653589793,0.4
NCEP-AirTemp-Africa-2000,NCEP2000_r017_c016,11,24.42466926574707,23.711610794067383,0.7130584716796875,0.030072122803993302,5,25.58885782135857,5,1.3208207024468321,3.141592653589793,0.4
NCEP-AirTemp-Africa-2000,NCEP2000_r017_c016,12,24.0361328125,24.42466926574707,-0.3885364532470703,-0.015907542043648068,4,23.02893324851989,4,4.440892098500626e-16,3.141592653589793,0.4
NCEP-AirTemp-Africa-2000,NCEP2000_r017_c017,1,24.1616153717041,,,,4,23.02893324851989,4,,3.141592653589793,0.2666666666666666
NCEP-AirTemp-Africa-2000,NCEP2000_r017_c017,2,23.891380310058594,24.1616153717041,-0.2702350616455078,-0.011184478251482418,4,23.02893324851989,4,4.440892098500626e-16,3.141592653589793,0.2666666666666666
NCEP-AirTemp-Africa-2000,NCEP2000_r017_c017,3,25.116451263427734,23.891380310058594,1.2250709533691406,0.051276692157186464,5,25.58885782135857,5,1.3208207024468321,3.141592653589793,0.2666666666666666
NCEP-AirTemp-Africa-2000,NCEP2000_r017_c017,4,24.83032989501953,25.116451263427734,-0.2861213684082031,-0.011391791197223262,5,25.58885782135857,4,4.440892098500626e-16,3.141592653589793,0.2666666666666666
NCEP-AirTemp-Africa-2000,NCEP2000_r017_c017,5,25.0929012298584,24.83032989501953,0.2625713348388672,0.01057462127764697,5,25.58885782135857,4,4.440892098500626e-16,3.141592653589793,0.2666666666666666
NCEP-AirTemp-Africa-2000,NCEP2000_r017_c017,6,24.48133659362793,25.0929012298584,-0.6115646362304688,-0.024372017831989844,5,25.58885782135857,4,4.440892098500626e-16,3.141592653589793,0.2666666666666666
NCEP-AirTemp-Africa-2000,NCEP2000_r017_c017,7,24.136768341064453,24.48133659362793,-0.34456825256347656,-0.014074732041107664,4,23.02893324851989,4,4.440892098500626e-16,3.141592653589793,0.2666666666666666
NCEP-AirTemp-Africa-2000,NCEP2000_r017_c017,8,23.03226089477539,24.136768341064453,-1.1045074462890625,-0.045760369850753296,4,23.02893324851989,3,-1.3208207024468313,3.141592653589793,0.2666666666666666
NCEP-AirTemp-Africa-2000,NCEP2000_r017_c017,9,23.57033348083496,23.03226089477539,0.5380725860595703,0.02336169204220963,4,23.02893324851989,4,4.440892098500626e-16,3.141592653589793,0.2666666666666666
NCEP-AirTemp-Africa-2000,NCEP2000_r017_c017,10,23.44967460632324,23.57033348083496,-0.1206588745117223,-0.005119099168021108,4,23.02893324851989,4,4.440892098500626e-16,3.141592653589793,0.2666666666666666
NCEP-AirTemp-Africa-2000,NCEP2000_r017_c017,11,24.020336151123047,23.44967460632324,0.5706615447998082,0.024335584795105367,4,23.02893324851989,4,4.440892098500626e-16,3.141592653589793,0.2666666666666666
NCEP-AirTemp-Africa-2000,NCEP2000_r017_c017,12,23.599355697631836,24.020336151123047,-0.42098045349121094,-0.0175260017529575,4,23.02893324851989,4,4.440892098500626e-16,3.141592653589793,0.2666666666666666
NCEP-AirTemp-Africa-2000,NCEP2000_r017_c018,1,23.84677505493164,,,,4,23.02893324851989,4,,3.141592653589793,0.1333333333333333
NCEP-AirTemp-Africa-2000,NCEP2000_r017_c018,2,23.46034812927246,23.84677505493164,-0.3864269256591797,-0.016204577967839914,4,23.02893324851989,4,4.440892098500626e-16,3.141592653589793,0.1333333333333333
NCEP-AirTemp-Africa-2000,NCEP2000_r017_c018,3,24.13774299621582,23.46034812927246,0.6773948669433594,0.028874033036966975,4,23.02893324851989,5,1.3208207024468321,3.141592653589793,0.1333333333333333
NCEP-AirTemp-Africa-2000,NCEP2000_r017_c018,4,24.044668197631836,24.13774299621582,-0.09307479858398438,-0.0038559859800717956,4,23.02893324851989,4,4.440892098500626e-16,3.141592653589793,0.1333333333333333
NCEP-AirTemp-Africa-2000,NCEP2000_r017_c018,5,24.435482025146484,24.044668197631836,0.39081382751464844,0.016253658578376216,5,25.58885782135857,4,4.440892098500626e-16,3.141592653589793,0.1333333333333333
NCEP-AirTemp-Africa-2000,NCEP2000_r017_c018,6,23.910001754760746,24.435482025146484,-0.5254802703857386,-0.021504804768940854,4,23.02893324851989,4,4.440892098500626e-16,3.141592653589793,0.1333333333333333
NCEP-AirTemp-Africa-2000,NCEP2000_r017_c018,7,23.80742073059082,23.910001754760746,-0.10258102416992543,-0.004290297642889148,4,23.02893324851989,4,4.440892098500626e-16,3.141592653589793,0.1333333333333333
NCEP-AirTemp-Africa-2000,NCEP2000_r017_c018,8,22.997737884521484,23.80742073059082,-0.8096828460693359,-0.034009683586973025,4,23.02893324851989,3,-1.3208207024468313,3.141592653589793,0.1333333333333333
NCEP-AirTemp-Africa-2000,NCEP2000_r017_c018,9,23.405670166015625,22.997737884521484,0.4079322814941406,0.01773793072790422,4,23.02893324851989,4,4.440892098500626e-16,3.141592653589793,0.1333333333333333
NCEP-AirTemp-Africa-2000,NCEP2000_r017_c018,10,23.0793514251709,23.405670166015625,-0.32631874084472656,-0.013941867014708778,4,23.02893324851989,4,4.440892098500626e-16,3.141592653589793,0.1333333333333333
NCEP-AirTemp-Africa-2000,NCEP2000_r017_c018,11,23.59600257873535,23.0793514251709,0.5166511535644531,0.02238586102558241,4,23.02893324851989,4,4.440892098500626e-16,3.141592653589793,0.1333333333333333
NCEP-AirTemp-Africa-2000,NCEP2000_r017_c018,12,23.035484313964844,23.59600257873535,-0.5605182647705078,-0.02375479757218052,4,23.02893324851989,4,4.440892098500626e-16,3.141592653589793,0.1333333333333333
NCEP-AirTemp-Africa-2000,NCEP2000_r017_c019,1,23.441293716430664,,,,4,23.02893324851989,4,,0.0,0.0
NCEP-AirTemp-Africa-2000,NCEP2000_r017_c019,2,22.191381454467773,23.441293716430664,-1.2499122619628906,-0.05332095903421882,4,23.02893324851989,3,-1.3208207024468313,0.0,0.0
NCEP-AirTemp-Africa-2000,NCEP2000_r017_c019,3,22.392257690429688,22.191381454467773,0.20087623596191406,0.009051993287307122,4,23.02893324851989,4,4.440892098500626e-16,0.0,0.0
NCEP-AirTemp-Africa-2000,NCEP2000_r017_c019,4,21.791006088256836,22.392257690429688,-0.6012516021728516,-0.026850870085771777,4,23.02893324851989,4,4.440892098500626e-16,0.0,0.0
NCEP-AirTemp-Africa-2000,NCEP2000_r017_c019,5,22.508386611938477,21.791006088256836,0.7173805236816406,0.03292094549357392,4,23.02893324851989,5,1.3208207024468321,0.0,0.0
NCEP-AirTemp-Africa-2000,NCEP2000_r017_c019,6,21.485668182373047,22.508386611938477,-1.0227184295654297,-0.0454372162340138,3,20.469008675681216,3,-1.3208207024468313,0.0,0.0
NCEP-AirTemp-Africa-2000,NCEP2000_r017_c019,7,21.24677467346191,21.485668182373047,-0.23889350891113637,-0.011118737703820904,3,20.469008675681216,4,4.440892098500626e-16,0.0,0.0
NCEP-AirTemp-Africa-2000,NCEP2000_r017_c019,8,21.459360122680664,21.24677467346191,0.21258544921875355,0.010005539781258257,3,20.469008675681216,4,4.440892098500626e-16,0.0,0.0
NCEP-AirTemp-Africa-2000,NCEP2000_r017_c019,9,21.753007888793945,21.459360122680664,0.29364776611328125,0.013683901310874656,4,23.02893324851989,4,4.440892098500626e-16,0.0,0.0
NCEP-AirTemp-Africa-2000,NCEP2000_r017_c019,10,21.93096923828125,21.753007888793945,0.1779613494873047,0.008180999629894008,4,23.02893324851989,4,4.440892098500626e-16,0.0,0.0
NCEP-AirTemp-Africa-2000,NCEP2000_r017_c019,11,22.43899917602539,21.93096923828125,0.5080299377441406,0.023164956013770572,4,23.02893324851989,4,4.440892098500626e-16,0.0,0.0
NCEP-AirTemp-Africa-2000,NCEP2000_r017_c019,12,21.887094497680664,22.43899917602539,-0.5519046783447266,-0.024595779607425663,4,23.02893324851989,4,4.440892098500626e-16,0.0,0.0
NCEP-AirTemp-Africa-2000,NCEP2000_r017_c020,1,23.164838790893555,,,,4,23.02893324851989,4,,0.0,0.1333333333333333
NCEP-AirTemp-Africa-2000,NCEP2000_r017_c020,2,22.78448486328125,23.164838790893555,-0.3803539276123047,-0.016419450661656558,4,23.02893324851989,4,4.440892098500626e-16,0.0,0.1333333333333333
NCEP-AirTemp-Africa-2000,NCEP2000_r017_c020,3,22.92645835876465,22.78448486328125,0.14197349548339844,0.006231147920846716,4,23.02893324851989,4,4.440892098500626e-16,0.0,0.1333333333333333
NCEP-AirTemp-Africa-2000,NCEP2000_r017_c020,4,21.027667999267575,22.92645835876465,-1.8987903594970739,-0.08282091938422655,3,20.469008675681216,3,-1.3208207024468313,0.0,0.1333333333333333
NCEP-AirTemp-Africa-2000,NCEP2000_r017_c020,5,22.00838851928711,21.027667999267575,0.9807205200195348,0.04663952845620802,4,23.02893324851989,5,1.3208207024468321,0.0,0.1333333333333333
NCEP-AirTemp-Africa-2000,NCEP2000_r017_c020,6,20.4926700592041,22.00838851928711,-1.5157184600830078,-0.06887003374893641,3,20.469008675681216,3,-1.3208207024468313,0.0,0.1333333333333333
NCEP-AirTemp-Africa-2000,NCEP2000_r017_c020,7,19.945167541503903,20.4926700592041,-0.5475025177001989,-0.02671699276465406,3,20.469008675681216,4,4.440892098500626e-16,0.0,0.1333333333333333
NCEP-AirTemp-Africa-2000,NCEP2000_r017_c020,8,19.20935821533203,19.945167541503903,-0.7358093261718714,-0.036891609190082046,3,20.469008675681216,3,-1.3208207024468313,0.0,0.1333333333333333
NCEP-AirTemp-Africa-2000,NCEP2000_r017_c020,9,19.798004150390625,19.20935821533203,0.5886459350585938,0.030643706492430523,3,20.469008675681216,4,4.440892098500626e-16,0.0,0.1333333333333333
NCEP-AirTemp-Africa-2000,NCEP2000_r017_c020,10,20.13774871826172,19.798004150390625,0.33974456787109375,0.017160546350546674,3,20.469008675681216,4,4.440892098500626e-16,0.0,0.1333333333333333
NCEP-AirTemp-Africa-2000,NCEP2000_r017_c020,11,20.833005905151367,20.13774871826172,0.6952571868896484,0.034525070136522326,3,20.469008675681216,5,1.3208207024468321,0.0,0.1333333333333333
NCEP-AirTemp-Africa-2000,NCEP2000_r017_c020,12,20.640974044799805,20.833005905151367,-0.1920318603515625,-0.009217674166937133,3,20.469008675681216,4,4.440892098500626e-16,0.0,0.1333333333333333
NCEP-AirTemp-Africa-2000,NCEP2000_r017_c021,1,24.1561279296875,,,,4,23.02893324851989,4,,0.0,0.2666666666666666
NCEP-AirTemp-Africa-2000,NCEP2000_r017_c021,2,25.96034812927246,24.1561279296875,1.804220199584961,0.07468995878961225,5,25.58885782135857,5,1.3208207024468321,0.0,0.2666666666666666
NCEP-AirTemp-Africa-2000,NCEP2000_r017_c021,3,26.565160751342773,25.96034812927246,0.6048126220703125,0.023297554372483,5,25.58885782135857,4,4.440892098500626e-16,0.0,0.2666666666666666
NCEP-AirTemp-Africa-2000,NCEP2000_r017_c021,4,24.073335647583008,26.565160751342773,-2.4918251037597656,-0.09380049031451138,4,23.02893324851989,2,-2.641641404893663,0.0,0.2666666666666666
NCEP-AirTemp-Africa-2000,NCEP2000_r017_c021,5,24.053226470947266,24.073335647583008,-0.020109176635742188,-0.0008353298824112551,4,23.02893324851989,4,4.440892098500626e-16,0.0,0.2666666666666666
NCEP-AirTemp-Africa-2000,NCEP2000_r017_c021,6,22.74333953857422,24.053226470947266,-1.3098869323730469,-0.05445784722291607,4,23.02893324851989,3,-1.3208207024468313,0.0,0.2666666666666666
NCEP-AirTemp-Africa-2000,NCEP2000_r017_c021,7,22.132585525512695,22.74333953857422,-0.6107540130615234,-0.026854192280146193,4,23.02893324851989,4,4.440892098500626e-16,0.0,0.2666666666666666
NCEP-AirTemp-Africa-2000,NCEP2000_r017_c021,8,19.62677574157715,22.132585525512695,-2.505809783935547,-0.113218122710835,3,20.469008675681216,2,-2.641641404893663,0.0,0.2666666666666666
NCEP-AirTemp-Africa-2000,NCEP2000_r017_c021,9,20.69800567626953,19.62677574157715,1.0712299346923828,0.05458002622525008,3,20.469008675681216,5,1.3208207024468321,0.0,0.2666666666666666
NCEP-AirTemp-Africa-2000,NCEP2000_r017_c021,10,20.051292419433594,20.69800567626953,-0.6467132568359375,-0.031245196612222435,3,20.469008675681216,4,4.440892098500626e-16,0.0,0.2666666666666666
NCEP-AirTemp-Africa-2000,NCEP2000_r017_c021,11,21.265003204345703,20.051292419433594,1.2137107849121094,0.06053030196376709,3,20.469008675681216,5,1.3208207024468321,0.0,0.2666666666666666
NCEP-AirTemp-Africa-2000,NCEP2000_r017_c021,12,21.962263107299805,21.265003204345703,0.6972599029541016,0.032789080549567466,4,23.02893324851989,5,1.3208207024468321,0.0,0.2666666666666666
NCEP-AirTemp-Africa-2000,NCEP2000_r017_c022,1,23.559036254882812,,,,4,23.02893324851989,4,,0.0,0.4
NCEP-AirTemp-Africa-2000,NCEP2000_r017_c022,2,25.63103675842285,23.559036254882812,2.072000503540039,0.08794928965358671,5,25.58885782135857,6,2.6416414048936643,0.0,0.4
NCEP-AirTemp-Africa-2000,NCEP2000_r017_c022,3,26.168712615966797,25.63103675842285,0.5376758575439453,0.020977530585736242,5,25.58885782135857,4,4.440892098500626e-16,0.0,0.4
NCEP-AirTemp-Africa-2000,NCEP2000_r017_c022,4,24.19499969482422,26.168712615966797,-1.9737129211425781,-0.07542262204898534,4,23.02893324851989,3,-1.3208207024468313,0.0,0.4
NCEP-AirTemp-Africa-2000,NCEP2000_r017_c022,5,22.9774227142334,24.19499969482422,-1.2175769805908203,-0.050323496422745716,4,23.02893324851989,3,-1.3208207024468313,0.0,0.4
NCEP-AirTemp-Africa-2000,NCEP2000_r017_c022,6,22.127668380737305,22.9774227142334,-0.8497543334960938,-0.0369821430394677,4,23.02893324851989,3,-1.3208207024468313,0.0,0.4
NCEP-AirTemp-Africa-2000,NCEP2000_r017_c022,7,21.961292266845703,22.127668380737305,-0.16637611389160156,-0.007518917539293755,4,23.02893324851989,4,4.440892098500626e-16,0.0,0.4
NCEP-AirTemp-Africa-2000,NCEP2000_r017_c022,8,20.543231964111328,21.961292266845703,-1.418060302734375,-0.06457089525989222,3,20.469008675681216,3,-1.3208207024468313,0.0,0.4
NCEP-AirTemp-Africa-2000,NCEP2000_r017_c022,9,21.65833854675293,20.543231964111328,1.1151065826416016,0.054280971202081224,3,20.469008675681216,5,1.3208207024468321,0.0,0.4
NCEP-AirTemp-Africa-2000,NCEP2000_r017_c022,10,21.013870239257812,21.65833854675293,-0.6444683074951172,-0.02975612862011234,3,20.469008675681216,4,4.440892098500626e-16,0.0,0.4
NCEP-AirTemp-Africa-2000,NCEP2000_r017_c022,11,21.50466537475586,21.013870239257812,0.4907951354980469,0.02335577073190213,3,20.469008675681216,4,4.440892098500626e-16,0.0,0.4
NCEP-AirTemp-Africa-2000,NCEP2000_r017_c022,12,22.980321884155273,21.50466537475586,1.475656509399414,0.06862029627913553,4,23.02893324851989,5,1.3208207024468321,0.0,0.4
NCEP-AirTemp-Africa-2000,NCEP2000_r017_c023,1,23.660642623901367,,,,4,23.02893324851989,4,,0.0,0.5333333333333332
NCEP-AirTemp-Africa-2000,NCEP2000_r017_c023,2,24.714826583862305,23.660642623901367,1.0541839599609375,0.044554324948724265,5,25.58885782135857,5,1.3208207024468321,0.0,0.5333333333333332
NCEP-AirTemp-Africa-2000,NCEP2000_r017_c023,3,25.129350662231445,24.714826583862305,0.4145240783691406,0.016772283510166592,5,25.58885782135857,4,4.440892098500626e-16,0.0,0.5333333333333332
NCEP-AirTemp-Africa-2000,NCEP2000_r017_c023,4,24.010000228881836,25.129350662231445,-1.1193504333496094,-0.04454354783754738,4,23.02893324851989,3,-1.3208207024468313,0.0,0.5333333333333332
NCEP-AirTemp-Africa-2000,NCEP2000_r017_c023,5,22.08968162536621,24.010000228881836,-1.920318603515625,-0.07997994940481747,4,23.02893324851989,3,-1.3208207024468313,0.0,0.5333333333333332
NCEP-AirTemp-Africa-2000,NCEP2000_r017_c023,6,20.853004455566406,22.08968162536621,-1.2366771697998047,-0.055984381792976726,3,20.469008675681216,3,-1.3208207024468313,0.0,0.5333333333333332
NCEP-AirTemp-Africa-2000,NCEP2000_r017_c023,7,20.859031677246097,20.853004455566406,0.006027221679691053,0.0002890337309683053,3,20.469008675681216,4,4.440892098500626e-16,0.0,0.5333333333333332
NCEP-AirTemp-Africa-2000,NCEP2000_r017_c023,8,21.42774200439453,20.859031677246097,0.568710327148434,0.02726446442711945,3,20.469008675681216,4,4.440892098500626e-16,0.0,0.5333333333333332
NCEP-AirTemp-Africa-2000,NCEP2000_r017_c023,9,22.16767120361328,21.42774200439453,0.73992919921875,0.034531365883862186,4,23.02893324851989,5,1.3208207024468321,0.0,0.5333333333333332
NCEP-AirTemp-Africa-2000,NCEP2000_r017_c023,10,23.153547286987305,22.16767120361328,0.9858760833740234,0.04447359735348871,4,23.02893324851989,5,1.3208207024468321,0.0,0.5333333333333332
NCEP-AirTemp-Africa-2000,NCEP2000_r017_c023,11,22.56266212463379,23.153547286987305,-0.5908851623535156,-0.025520286590625503,4,23.02893324851989,4,4.440892098500626e-16,0.0,0.5333333333333332
NCEP-AirTemp-Africa-2000,NCEP2000_r017_c023,12,23.873872756958008,22.56266212463379,1.3112106323242188,0.05811418107851051,4,23.02893324851989,5,1.3208207024468321,0.0,0.5333333333333332
NCEP-AirTemp-Africa-2000,NCEP2000_r017_c024,1,26.95806121826172,,,,6,28.148782394197248,4,,0.0,0.6666666666666666
NCEP-AirTemp-Africa-2000,NCEP2000_r017_c024,2,27.210693359375,26.95806121826172,0.25263214111328125,0.009371302300558068,6,28.148782394197248,4,4.440892098500626e-16,0.0,0.6666666666666666
NCEP-AirTemp-Africa-2000,NCEP2000_r017_c024,3,28.047094345092773,27.210693359375,0.8364009857177734,0.030737951976133864,6,28.148782394197248,5,1.3208207024468321,0.0,0.6666666666666666
NCEP-AirTemp-Africa-2000,NCEP2000_r017_c024,4,27.23566436767578,28.047094345092773,-0.8114299774169922,-0.02893098184906855,6,28.148782394197248,3,-1.3208207024468313,0.0,0.6666666666666666
NCEP-AirTemp-Africa-2000,NCEP2000_r017_c024,5,24.599355697631836,27.23566436767578,-2.6363086700439453,-0.09679619466792984,5,25.58885782135857,2,-2.641641404893663,0.0,0.6666666666666666
NCEP-AirTemp-Africa-2000,NCEP2000_r017_c024,6,23.1610050201416,24.599355697631836,-1.4383506774902344,-0.05847107116015658,4,23.02893324851989,3,-1.3208207024468313,0.0,0.6666666666666666
NCEP-AirTemp-Africa-2000,NCEP2000_r017_c024,7,23.20774269104004,23.1610050201416,0.0467376708984375,0.002017946581238285,4,23.02893324851989,4,4.440892098500626e-16,0.0,0.6666666666666666
NCEP-AirTemp-Africa-2000,NCEP2000_r017_c024,8,23.978063583374023,23.20774269104004,0.7703208923339844,0.03319240921398991,4,23.02893324851989,5,1.3208207024468321,0.0,0.6666666666666666
NCEP-AirTemp-Africa-2000,NCEP2000_r017_c024,9,24.5816650390625,23.978063583374023,0.6036014556884766,0.025173069275994556,5,25.58885782135857,4,4.440892098500626e-16,0.0,0.6666666666666666
NCEP-AirTemp-Africa-2000,NCEP2000_r017_c024,10,25.97806167602539,24.5816650390625,1.3963966369628906,0.056806430107313295,5,25.58885782135857,5,1.3208207024468321,0.0,0.6666666666666666
NCEP-AirTemp-Africa-2000,NCEP2000_r017_c024,11,26.37766456604004,25.97806167602539,0.39960289001464844,0.015382321244676757,5,25.58885782135857,4,4.440892098500626e-16,0.0,0.6666666666666666
NCEP-AirTemp-Africa-2000,NCEP2000_r017_c024,12,26.79839134216309,26.37766456604004,0.4207267761230504,0.015950114729441047,5,25.58885782135857,4,4.440892098500626e-16,0.0,0.6666666666666666
NCEP-AirTemp-Africa-2000,NCEP2000_r017_c025,1,27.86258125305176,,,,6,28.148782394197248,4,,0.0,0.8
NCEP-AirTemp-Africa-2000,NCEP2000_r017_c025,2,27.810346603393555,27.86258125305176,-0.05223464965820668,-0.0018747239957347982,6,28.148782394197248,4,4.440892098500626e-16,0.0,0.8
NCEP-AirTemp-Africa-2000,NCEP2000_r017_c025,3,28.617414474487305,27.810346603393555,0.80706787109375,0.02902041756629051,6,28.148782394197248,5,1.3208207024468321,0.0,0.8
NCEP-AirTemp-Africa-2000,NCEP2000_r017_c025,4,28.26432991027832,28.617414474487305,-0.3530845642089844,-0.01233810149144545,6,28.148782394197248,4,4.440892098500626e-16,0.0,0.8
NCEP-AirTemp-Africa-2000,NCEP2000_r017_c025,5,25.899030685424805,28.26432991027832,-2.3652992248535156,-0.08368495670556743,5,25.58885782135857,2,-2.641641404893663,0.0,0.8
NCEP-AirTemp-Africa-2000,NCEP2000_r017_c025,6,24.98666763305664,25.899030685424805,-0.9123630523681641,-0.0352276910842696,5,25.58885782135857,3,-1.3208207024468313,0.0,0.8
NCEP-AirTemp-Africa-2000,NCEP2000_r017_c025,7,25.09773826599121,24.98666763305664,0.11107063293457031,0.004445195916706678,5,25.58885782135857,4,4.440892098500626e-16,0.0,0.8
NCEP-AirTemp-Africa-2000,NCEP2000_r017_c025,8,25.507095336914062,25.09773826599121,0.40935707092285156,0.016310516373403753,5,25.58885782135857,4,4.440892098500626e-16,0.0,0.8
NCEP-AirTemp-Africa-2000,NCEP2000_r017_c025,9,26.142332077026367,25.507095336914062,0.6352367401123047,0.02490431512180006,5,25.58885782135857,4,4.440892098500626e-16,0.0,0.8
NCEP-AirTemp-Africa-2000,NCEP2000_r017_c025,10,26.61677360534668,26.142332077026367,0.4744415283203125,0.018148401103712058,5,25.58885782135857,4,4.440892098500626e-16,0.0,0.8
NCEP-AirTemp-Africa-2000,NCEP2000_r017_c025,11,27.995330810546875,26.61677360534668,1.3785572052001953,0.0517927989936119,6,28.148782394197248,5,1.3208207024468321,0.0,0.8
NCEP-AirTemp-Africa-2000,NCEP2000_r017_c025,12,27.80193328857422,27.995330810546875,-0.19339752197265625,-0.0069082063463167314,6,28.148782394197248,4,4.440892098500626e-16,0.0,0.8
NCEP-AirTemp-Africa-2000,NCEP2000_r017_c026,1,26.18580436706543,,,,5,25.58885782135857,4,,0.0,0.9333333333333332
NCEP-AirTemp-Africa-2000,NCEP2000_r017_c026,2,25.988964080810547,26.18580436706543,-0.1968402862548828,-0.007517060904283467,5,25.58885782135857,4,4.440892098500626e-16,0.0,0.9333333333333332
NCEP-AirTemp-Africa-2000,NCEP2000_r017_c026,3,26.740320205688477,25.988964080810547,0.7513561248779297,0.028910583836341056,5,25.58885782135857,5,1.3208207024468321,0.0,0.9333333333333332
NCEP-AirTemp-Africa-2000,NCEP2000_r017_c026,4,27.583667755126953,26.740320205688477,0.8433475494384766,0.031538423734322786,6,28.148782394197248,5,1.3208207024468321,0.0,0.9333333333333332
NCEP-AirTemp-Africa-2000,NCEP2000_r017_c026,5,26.266450881958008,27.583667755126953,-1.3172168731689453,-0.04775350707028855,5,25.58885782135857,3,-1.3208207024468313,0.0,0.9333333333333332
NCEP-AirTemp-Africa-2000,NCEP2000_r017_c026,6,25.429004669189453,26.266450881958008,-0.8374462127685547,-0.03188273195080888,5,25.58885782135857,3,-1.3208207024468313,0.0,0.9333333333333332
NCEP-AirTemp-Africa-2000,NCEP2000_r017_c026,7,25.01516342163086,25.429004669189453,-0.41384124755859375,-0.016274378527289204,5,25.58885782135857,4,4.440892098500626e-16,0.0,0.9333333333333332
NCEP-AirTemp-Africa-2000,NCEP2000_r017_c026,8,25.037416458129883,25.01516342163086,0.022253036499023438,0.0008895818957465222,5,25.58885782135857,4,4.440892098500626e-16,0.0,0.9333333333333332
NCEP-AirTemp-Africa-2000,NCEP2000_r017_c026,9,25.628664016723633,25.037416458129883,0.59124755859375,0.023614559416803023,5,25.58885782135857,4,4.440892098500626e-16,0.0,0.9333333333333332
NCEP-AirTemp-Africa-2000,NCEP2000_r017_c026,10,25.76258087158203,25.628664016723633,0.13391685485839844,0.005225276462753299,5,25.58885782135857,4,4.440892098500626e-16,0.0,0.9333333333333332
NCEP-AirTemp-Africa-2000,NCEP2000_r017_c026,11,26.78667259216309,25.76258087158203,1.0240917205810582,0.03975113074601561,5,25.58885782135857,5,1.3208207024468321,0.0,0.9333333333333332
NCEP-AirTemp-Africa-2000,NCEP2000_r017_c026,12,26.78580093383789,26.78667259216309,-0.0008716583251988652,-3.2540746604484356e-05,5,25.58885782135857,4,4.440892098500626e-16,0.0,0.9333333333333332
NCEP-AirTemp-Africa-2000,NCEP2000_r018_c005,1,25.418386459350582,,,,5,25.58885782135857,4,,3.070217485617872,0.9655172413793104
NCEP-AirTemp-Africa-2000,NCEP2000_r018_c005,2,26.55827522277832,25.418386459350582,1.139888763427738,0.04484504810132866,5,25.58885782135857,5,1.3208207024468321,3.070217485617872,0.9655172413793104
NCEP-AirTemp-Africa-2000,NCEP2000_r018_c005,3,25.742904663085938,26.55827522277832,-0.8153705596923828,-0.03070118646082338,5,25.58885782135857,3,-1.3208207024468313,3.070217485617872,0.9655172413793104
NCEP-AirTemp-Africa-2000,NCEP2000_r018_c005,4,25.90433120727539,25.742904663085938,0.16142654418945312,0.006270719885815017,5,25.58885782135857,4,4.440892098500626e-16,3.070217485617872,0.9655172413793104
NCEP-AirTemp-Africa-2000,NCEP2000_r018_c005,5,25.930315017700195,25.90433120727539,0.025983810424804688,0.001003068182571221,5,25.58885782135857,4,4.440892098500626e-16,3.070217485617872,0.9655172413793104
NCEP-AirTemp-Africa-2000,NCEP2000_r018_c005,6,24.620668411254883,25.930315017700195,-1.3096466064453125,-0.05050639012874852,5,25.58885782135857,3,-1.3208207024468313,3.070217485617872,0.9655172413793104
NCEP-AirTemp-Africa-2000,NCEP2000_r018_c005,7,23.803546905517575,24.620668411254883,-0.8171215057373082,-0.03318843713291619,4,23.02893324851989,3,-1.3208207024468313,3.070217485617872,0.9655172413793104
NCEP-AirTemp-Africa-2000,NCEP2000_r018_c005,8,23.669357299804688,23.803546905517575,-0.13418960571288707,-0.005637378590910013,4,23.02893324851989,4,4.440892098500626e-16,3.070217485617872,0.9655172413793104
NCEP-AirTemp-Africa-2000,NCEP2000_r018_c005,9,23.690004348754883,23.669357299804688,0.020647048950195312,0.0008723113470582357,4,23.02893324851989,4,4.440892098500626e-16,3.070217485617872,0.9655172413793104
NCEP-AirTemp-Africa-2000,NCEP2000_r018_c005,10,24.09064483642578,23.690004348754883,0.40064048767089844,0.016911794602180206,4,23.02893324851989,4,4.440892098500626e-16,3.070217485617872,0.9655172413793104
NCEP-AirTemp-Africa-2000,NCEP2000_r018_c005,11,24.99166488647461,24.09064483642578,0.9010200500488281,0.03740124252242757,5,25.58885782135857,5,1.3208207024468321,3.070217485617872,0.9655172413793104
NCEP-AirTemp-Africa-2000,NCEP2000_r018_c005,12,24.69032096862793,24.99166488647461,-0.3013439178466797,-0.012057776831417335,5,25.58885782135857,4,4.440892098500626e-16,3.070217485617872,0.9655172413793104
NCEP-AirTemp-Africa-2000,NCEP2000_r018_c007,1,26.151290893554688,,,,5,25.58885782135857,4,,3.058372579309461,0.8275862068965517
NCEP-AirTemp-Africa-2000,NCEP2000_r018_c007,2,26.83103370666504,26.151290893554688,0.6797428131103516,0.025992705900337892,5,25.58885782135857,5,1.3208207024468321,3.058372579309461,0.8275862068965517
NCEP-AirTemp-Africa-2000,NCEP2000_r018_c007,3,27.295804977416992,26.83103370666504,0.4647712707519531,0.01732215299019584,6,28.148782394197248,4,4.440892098500626e-16,3.058372579309461,0.8275862068965517
NCEP-AirTemp-Africa-2000,NCEP2000_r018_c007,4,27.4443359375,27.295804977416992,0.1485309600830078,0.00544153067498445,6,28.148782394197248,4,4.440892098500626e-16,3.058372579309461,0.8275862068965517
NCEP-AirTemp-Africa-2000,NCEP2000_r018_c007,5,26.962251663208008,27.4443359375,-0.4820842742919922,-0.017565893209799666,6,28.148782394197248,4,4.440892098500626e-16,3.058372579309461,0.8275862068965517
NCEP-AirTemp-Africa-2000,NCEP2000_r018_c007,6,25.51466941833496,26.962251663208008,-1.4475822448730469,-0.053689219392918146,5,25.58885782135857,3,-1.3208207024468313,3.058372579309461,0.8275862068965517
NCEP-AirTemp-Africa-2000,NCEP2000_r018_c007,7,24.382902145385746,25.51466941833496,-1.1317672729492152,-0.04435751270741223,5,25.58885782135857,3,-1.3208207024468313,3.058372579309461,0.8275862068965517
NCEP-AirTemp-Africa-2000,NCEP2000_r018_c007,8,23.873552322387695,24.382902145385746,-0.5093498229980504,-0.020889630773276942,4,23.02893324851989,4,4.440892098500626e-16,3.058372579309461,0.8275862068965517
NCEP-AirTemp-Africa-2000,NCEP2000_r018_c007,9,23.85266876220703,23.873552322387695,-0.020883560180664062,-0.000874757132857864,4,23.02893324851989,4,4.440892098500626e-16,3.058372579309461,0.8275862068965517
NCEP-AirTemp-Africa-2000,NCEP2000_r018_c007,10,24.571292877197266,23.85266876220703,0.7186241149902344,0.030127618932471262,5,25.58885782135857,5,1.3208207024468321,3.058372579309461,0.8275862068965517
NCEP-AirTemp-Africa-2000,NCEP2000_r018_c007,11,25.892330169677734,24.571292877197266,1.3210372924804688,0.053763442529571666,5,25.58885782135857,5,1.3208207024468321,3.058372579309461,0.8275862068965517
NCEP-AirTemp-Africa-2000,NCEP2000_r018_c007,12,25.88645362854004,25.892330169677734,-0.0058765411376953125,-0.00022696069064410723,5,25.58885782135857,4,4.440892098500626e-16,3.058372579309461,0.8275862068965517
NCEP-AirTemp-Africa-2000,NCEP2000_r018_c011,1,25.8474178314209,,,,5,25.58885782135857,4,,3.017120407203531,0.6956521739130435
NCEP-AirTemp-Africa-2000,NCEP2000_r018_c011,2,26.63793182373047,25.8474178314209,0.7905139923095703,0.03058386711838572,5,25.58885782135857,5,1.3208207024468321,3.017120407203531,0.6956521739130435
NCEP-AirTemp-Africa-2000,NCEP2000_r018_c011,3,27.05838394165039,26.63793182373047,0.4204521179199219,0.015783962535160522,6,28.148782394197248,4,4.440892098500626e-16,3.017120407203531,0.6956521739130435
NCEP-AirTemp-Africa-2000,NCEP2000_r018_c011,4,25.7376651763916,27.05838394165039,-1.320718765258789,-0.048809964708418335,5,25.58885782135857,3,-1.3208207024468313,3.017120407203531,0.6956521739130435
NCEP-AirTemp-Africa-2000,NCEP2000_r018_c011,5,25.769033432006836,25.7376651763916,0.031368255615234375,0.001218768501348271,5,25.58885782135857,4,4.440892098500626e-16,3.017120407203531,0.6956521739130435
NCEP-AirTemp-Africa-2000,NCEP2000_r018_c011,6,24.565006256103516,25.769033432006836,-1.2040271759033203,-0.046723800451430174,5,25.58885782135857,3,-1.3208207024468313,3.017120407203531,0.6956521739130435
NCEP-AirTemp-Africa-2000,NCEP2000_r018_c011,7,23.88903427124023,24.565006256103516,-0.6759719848632848,-0.027517680142879274,4,23.02893324851989,3,-1.3208207024468313,3.017120407203531,0.6956521739130435
NCEP-AirTemp-Africa-2000,NCEP2000_r018_c011,8,23.54515838623047,23.88903427124023,-0.3438758850097621,-0.014394716885803576,4,23.02893324851989,4,4.440892098500626e-16,3.017120407203531,0.6956521739130435
NCEP-AirTemp-Africa-2000,NCEP2000_r018_c011,9,23.634002685546875,23.54515838623047,0.08884429931640625,0.003773357471588028,4,23.02893324851989,4,4.440892098500626e-16,3.017120407203531,0.6956521739130435
NCEP-AirTemp-Africa-2000,NCEP2000_r018_c011,10,24.20419692993164,23.634002685546875,0.5701942443847656,0.024126012507118055,4,23.02893324851989,4,4.440892098500626e-16,3.017120407203531,0.6956521739130435
NCEP-AirTemp-Africa-2000,NCEP2000_r018_c011,11,24.59699821472168,24.20419692993164,0.39280128479003906,0.016228643566533255,5,25.58885782135857,4,4.440892098500626e-16,3.017120407203531,0.6956521739130435
NCEP-AirTemp-Africa-2000,NCEP2000_r018_c011,12,25.37193489074707,24.59699821472168,0.7749366760253906,0.03150533529581586,5,25.58885782135857,5,1.3208207024468321,3.017120407203531,0.6956521739130435
NCEP-AirTemp-Africa-2000,NCEP2000_r018_c012,1,23.896129608154297,,,,4,23.02893324851989,4,,2.999562225604812,0.6666666666666663
NCEP-AirTemp-Africa-2000,NCEP2000_r018_c012,2,25.195865631103516,23.896129608154297,1.2997360229492188,0.05439106852289995,5,25.58885782135857,5,1.3208207024468321,2.999562225604812,0.6666666666666663
NCEP-AirTemp-Africa-2000,NCEP2000_r018_c012,3,24.90838623046875,25.195865631103516,-0.2874794006347656,-0.011409784638630602,5,25.58885782135857,4,4.440892098500626e-16,2.999562225604812,0.6666666666666663
NCEP-AirTemp-Africa-2000,NCEP2000_r018_c012,4,22.81700325012207,24.90838623046875,-2.0913829803466797,-0.08396300591278097,4,23.02893324851989,2,-2.641641404893663,2.999562225604812,0.6666666666666663
NCEP-AirTemp-Africa-2000,NCEP2000_r018_c012,5,23.115161895751953,22.81700325012207,0.2981586456298828,0.013067388489252535,4,23.02893324851989,4,4.440892098500626e-16,2.999562225604812,0.6666666666666663
NCEP-AirTemp-Africa-2000,NCEP2000_r018_c012,6,21.86533546447754,23.115161895751953,-1.249826431274414,-0.054069551271631114,4,23.02893324851989,3,-1.3208207024468313,2.999562225604812,0.6666666666666663
NCEP-AirTemp-Africa-2000,NCEP2000_r018_c012,7,21.41806411743164,21.86533546447754,-0.44727134704589844,-0.020455727641249147,3,20.469008675681216,4,4.440892098500626e-16,2.999562225604812,0.6666666666666663
NCEP-AirTemp-Africa-2000,NCEP2000_r018_c012,8,21.113224029541016,21.41806411743164,-0.304840087890625,-0.0142328497206488,3,20.469008675681216,4,4.440892098500626e-16,2.999562225604812,0.6666666666666663
NCEP-AirTemp-Africa-2000,NCEP2000_r018_c012,9,21.23800277709961,21.113224029541016,0.12477874755859375,0.0059099807487481264,3,20.469008675681216,4,4.440892098500626e-16,2.999562225604812,0.6666666666666663
NCEP-AirTemp-Africa-2000,NCEP2000_r018_c012,10,21.80064582824707,21.23800277709961,0.5626430511474609,0.026492276936423816,4,23.02893324851989,4,4.440892098500626e-16,2.999562225604812,0.6666666666666663
NCEP-AirTemp-Africa-2000,NCEP2000_r018_c012,11,22.326335906982425,21.80064582824707,0.5256900787353551,0.024113509428891282,4,23.02893324851989,4,4.440892098500626e-16,2.999562225604812,0.6666666666666663
NCEP-AirTemp-Africa-2000,NCEP2000_r018_c012,12,22.95645523071289,22.326335906982425,0.6301193237304652,0.028223140884187772,4,23.02893324851989,4,4.440892098500626e-16,2.999562225604812,0.6666666666666663
NCEP-AirTemp-Africa-2000,NCEP2000_r018_c013,1,22.96032333374023,,,,4,23.02893324851989,4,,2.976289490668183,0.6666666666666659
NCEP-AirTemp-Africa-2000,NCEP2000_r018_c013,2,24.357587814331055,22.96032333374023,1.3972644805908239,0.060855609926779276,5,25.58885782135857,5,1.3208207024468321,2.976289490668183,0.6666666666666659
NCEP-AirTemp-Africa-2000,NCEP2000_r018_c013,3,23.613550186157227,24.357587814331055,-0.7440376281738281,-0.03054644137364314,4,23.02893324851989,3,-1.3208207024468313,2.976289490668183,0.6666666666666659
NCEP-AirTemp-Africa-2000,NCEP2000_r018_c013,4,21.104673385620117,23.613550186157227,-2.5088768005371094,-0.10624733598965001,3,20.469008675681216,2,-2.641641404893663,2.976289490668183,0.6666666666666659
NCEP-AirTemp-Africa-2000,NCEP2000_r018_c013,5,21.4116153717041,21.104673385620117,0.3069419860839844,0.014543792290721846,3,20.469008675681216,4,4.440892098500626e-16,2.976289490668183,0.6666666666666659
NCEP-AirTemp-Africa-2000,NCEP2000_r018_c013,6,20.423667907714844,21.4116153717041,-0.9879474639892578,-0.046140725341762445,3,20.469008675681216,3,-1.3208207024468313,2.976289490668183,0.6666666666666659
NCEP-AirTemp-Africa-2000,NCEP2000_r018_c013,7,20.084518432617188,20.423667907714844,-0.33914947509765625,-0.016605708466770838,3,20.469008675681216,4,4.440892098500626e-16,2.976289490668183,0.6666666666666659
NCEP-AirTemp-Africa-2000,NCEP2000_r018_c013,8,19.877424240112305,20.084518432617188,-0.2070941925048828,-0.010311135574381637,3,20.469008675681216,4,4.440892098500626e-16,2.976289490668183,0.6666666666666659
NCEP-AirTemp-Africa-2000,NCEP2000_r018_c013,9,20.292335510253903,19.877424240112305,0.414911270141598,0.02087349271865487,3,20.469008675681216,4,4.440892098500626e-16,2.976289490668183,0.6666666666666659
NCEP-AirTemp-Africa-2000,NCEP2000_r018_c013,10,20.789037704467773,20.292335510253903,0.49670219421387074,0.024477330071882686,3,20.469008675681216,4,4.440892098500626e-16,2.976289490668183,0.6666666666666659
NCEP-AirTemp-Africa-2000,NCEP2000_r018_c013,11,21.484331130981445,20.789037704467773,0.6952934265136719,0.03344519531869656,3,20.469008675681216,5,1.3208207024468321,2.976289490668183,0.6666666666666659
NCEP-AirTemp-Africa-2000,NCEP2000_r018_c013,12,22.005163192749023,21.484331130981445,0.5208320617675781,0.024242414557487112,4,23.02893324851989,4,4.440892098500626e-16,2.976289490668183,0.6666666666666659
NCEP-AirTemp-Africa-2000,NCEP2000_r018_c014,1,24.26903533935547,,,,4,23.02893324851989,4,,2.944013891769546,0.4509120022329222
NCEP-AirTemp-Africa-2000,NCEP2000_r018_c014,2,25.39310073852539,24.26903533935547,1.1240653991699219,0.0463168553447652,5,25.58885782135857,5,1.3208207024468321,2.944013891769546,0.4509120022329222
NCEP-AirTemp-Africa-2000,NCEP2000_r018_c014,3,24.92935562133789,25.39310073852539,-0.4637451171875,-0.018262642359541566,5,25.58885782135857,4,4.440892098500626e-16,2.944013891769546,0.4509120022329222
NCEP-AirTemp-Africa-2000,NCEP2000_r018_c014,4,22.54700469970703,24.92935562133789,-2.3823509216308594,-0.09556407946588573,4,23.02893324851989,2,-2.641641404893663,2.944013891769546,0.4509120022329222
NCEP-AirTemp-Africa-2000,NCEP2000_r018_c014,5,22.58355140686035,22.54700469970703,0.03654670715332031,0.0016209118523754593,4,23.02893324851989,4,4.440892098500626e-16,2.944013891769546,0.4509120022329222
NCEP-AirTemp-Africa-2000,NCEP2000_r018_c014,6,21.542999267578125,22.58355140686035,-1.0405521392822266,-0.04607566456381751,3,20.469008675681216,3,-1.3208207024468313,2.944013891769546,0.4509120022329222
NCEP-AirTemp-Africa-2000,NCEP2000_r018_c014,7,21.238712310791016,21.542999267578125,-0.3042869567871094,-0.014124632926347282,3,20.469008675681216,4,4.440892098500626e-16,2.944013891769546,0.4509120022329222
NCEP-AirTemp-Africa-2000,NCEP2000_r018_c014,8,21.099355697631836,21.238712310791016,-0.1393566131591797,-0.006561443609195415,3,20.469008675681216,4,4.440892098500626e-16,2.944013891769546,0.4509120022329222
NCEP-AirTemp-Africa-2000,NCEP2000_r018_c014,9,21.595335006713867,21.099355697631836,0.49597930908203125,0.02350684618951181,3,20.469008675681216,4,4.440892098500626e-16,2.944013891769546,0.4509120022329222
NCEP-AirTemp-Africa-2000,NCEP2000_r018_c014,10,21.88548469543457,21.595335006713867,0.2901496887207031,0.013435757705564523,4,23.02893324851989,4,4.440892098500626e-16,2.944013891769546,0.4509120022329222
NCEP-AirTemp-Africa-2000,NCEP2000_r018_c014,11,22.49166679382324,21.88548469543457,0.6061820983886683,0.027697906024220755,4,23.02893324851989,4,4.440892098500626e-16,2.944013891769546,0.4509120022329222
NCEP-AirTemp-Africa-2000,NCEP2000_r018_c014,12,23.140972137451172,22.49166679382324,0.6493053436279332,0.028868707222990175,4,23.02893324851989,4,4.440892098500626e-16,2.944013891769546,0.4509120022329222
NCEP-AirTemp-Africa-2000,NCEP2000_r018_c015,1,26.024518966674805,,,,5,25.58885782135857,4,,2.896389841813143,0.3646179206197636
NCEP-AirTemp-Africa-2000,NCEP2000_r018_c015,2,26.92102813720703,26.024518966674805,0.8965091705322266,0.03444863559938357,6,28.148782394197248,5,1.3208207024468321,2.896389841813143,0.3646179206197636
NCEP-AirTemp-Africa-2000,NCEP2000_r018_c015,3,26.53838539123535,26.92102813720703,-0.3826427459716797,-0.014213526467915115,5,25.58885782135857,4,4.440892098500626e-16,2.896389841813143,0.3646179206197636
NCEP-AirTemp-Africa-2000,NCEP2000_r018_c015,4,25.66733169555664,26.53838539123535,-0.8710536956787109,-0.03282240734835314,5,25.58885782135857,3,-1.3208207024468313,2.896389841813143,0.3646179206197636
NCEP-AirTemp-Africa-2000,NCEP2000_r018_c015,5,25.15806579589844,25.66733169555664,-0.5092658996581996,-0.019841014473131243,5,25.58885782135857,4,4.440892098500626e-16,2.896389841813143,0.3646179206197636
NCEP-AirTemp-Africa-2000,NCEP2000_r018_c015,6,23.09199905395508,25.15806579589844,-2.0660667419433594,-0.08212343344297134,4,23.02893324851989,2,-2.641641404893663,2.896389841813143,0.3646179206197636
NCEP-AirTemp-Africa-2000,NCEP2000_r018_c015,7,22.84613037109375,23.09199905395508,-0.24586868286133168,-0.010647353756028348,4,23.02893324851989,4,4.440892098500626e-16,2.896389841813143,0.3646179206197636
NCEP-AirTemp-Africa-2000,NCEP2000_r018_c015,8,22.616127014160156,22.84613037109375,-0.23000335693359375,-0.010067497348461574,4,23.02893324851989,4,4.440892098500626e-16,2.896389841813143,0.3646179206197636
NCEP-AirTemp-Africa-2000,NCEP2000_r018_c015,9,22.99933433532715,22.616127014160156,0.3832073211669922,0.016943985189288278,4,23.02893324851989,4,4.440892098500626e-16,2.896389841813143,0.3646179206197636
NCEP-AirTemp-Africa-2000,NCEP2000_r018_c015,10,23.360315322875977,22.99933433532715,0.3609809875488281,0.01569527979748347,4,23.02893324851989,4,4.440892098500626e-16,2.896389841813143,0.3646179206197636
NCEP-AirTemp-Africa-2000,NCEP2000_r018_c015,11,23.82067108154297,23.360315322875977,0.4603557586669922,0.019706744207180337,4,23.02893324851989,4,4.440892098500626e-16,2.896389841813143,0.3646179206197636
NCEP-AirTemp-Africa-2000,NCEP2000_r018_c015,12,24.333229064941406,23.82067108154297,0.5125579833984375,0.021517361187845967,5,25.58885782135857,4,4.440892098500626e-16,2.896389841813143,0.3646179206197636
NCEP-AirTemp-Africa-2000,NCEP2000_r018_c016,1,26.193225860595703,,,,5,25.58885782135857,4,,2.8195563208776115,0.2796601533388068
NCEP-AirTemp-Africa-2000,NCEP2000_r018_c016,2,25.965171813964844,26.193225860595703,-0.22805404663085938,-0.008706604060324506,5,25.58885782135857,4,4.440892098500626e-16,2.8195563208776115,0.2796601533388068
NCEP-AirTemp-Africa-2000,NCEP2000_r018_c016,3,26.570642471313477,25.965171813964844,0.6054706573486328,0.02331856926219116,5,25.58885782135857,4,4.440892098500626e-16,2.8195563208776115,0.2796601533388068
NCEP-AirTemp-Africa-2000,NCEP2000_r018_c016,4,26.23200225830078,26.570642471313477,-0.3386402130126953,-0.012744901196058854,5,25.58885782135857,4,4.440892098500626e-16,2.8195563208776115,0.2796601533388068
NCEP-AirTemp-Africa-2000,NCEP2000_r018_c016,5,26.195161819458008,26.23200225830078,-0.03684043884277344,-0.0014044081911862352,5,25.58885782135857,4,4.440892098500626e-16,2.8195563208776115,0.2796601533388068
NCEP-AirTemp-Africa-2000,NCEP2000_r018_c016,6,24.09933280944824,26.195161819458008,-2.095829010009769,-0.08000824825800343,4,23.02893324851989,2,-2.641641404893663,2.8195563208776115,0.2796601533388068
NCEP-AirTemp-Africa-2000,NCEP2000_r018_c016,7,23.23000144958496,24.09933280944824,-0.8693313598632777,-0.03607283930791864,4,23.02893324851989,3,-1.3208207024468313,2.8195563208776115,0.2796601533388068
NCEP-AirTemp-Africa-2000,NCEP2000_r018_c016,8,22.871288299560547,23.23000144958496,-0.35871315002441406,-0.015441804891958929,4,23.02893324851989,4,4.440892098500626e-16,2.8195563208776115,0.2796601533388068
NCEP-AirTemp-Africa-2000,NCEP2000_r018_c016,9,23.39767265319824,22.871288299560547,0.5263843536376918,0.02301507229253045,4,23.02893324851989,4,4.440892098500626e-16,2.8195563208776115,0.2796601533388068
NCEP-AirTemp-Africa-2000,NCEP2000_r018_c016,10,23.603872299194336,23.39767265319824,0.2061996459960973,0.008812827200910162,4,23.02893324851989,4,4.440892098500626e-16,2.8195563208776115,0.2796601533388068
NCEP-AirTemp-Africa-2000,NCEP2000_r018_c016,11,24.058000564575195,23.603872299194336,0.4541282653808594,0.019239566272198482,4,23.02893324851989,4,4.440892098500626e-16,2.8195563208776115,0.2796601533388068
NCEP-AirTemp-Africa-2000,NCEP2000_r018_c016,12,24.49419212341309,24.058000564575195,0.4361915588378942,0.01813083168183874,5,25.58885782135857,4,4.440892098500626e-16,2.8195563208776115,0.2796601533388068
NCEP-AirTemp-Africa-2000,NCEP2000_r018_c017,1,25.215164184570312,,,,5,25.58885782135857,4,,2.6775640431369845,0.1977684346474856
NCEP-AirTemp-Africa-2000,NCEP2000_r018_c017,2,23.99793243408203,25.215164184570312,-1.2172317504882812,-0.048273798321453364,4,23.02893324851989,3,-1.3208207024468313,2.6775640431369845,0.1977684346474856
NCEP-AirTemp-Africa-2000,NCEP2000_r018_c017,3,25.354188919067383,23.99793243408203,1.3562564849853516,0.056515555609248515,5,25.58885782135857,5,1.3208207024468321,2.6775640431369845,0.1977684346474856
NCEP-AirTemp-Africa-2000,NCEP2000_r018_c017,4,24.15466690063477,25.354188919067383,-1.1995220184326136,-0.04731060505471442,4,23.02893324851989,3,-1.3208207024468313,2.6775640431369845,0.1977684346474856
NCEP-AirTemp-Africa-2000,NCEP2000_r018_c017,5,25.096126556396484,24.15466690063477,0.9414596557617152,0.038976304646824764,5,25.58885782135857,5,1.3208207024468321,2.6775640431369845,0.1977684346474856
NCEP-AirTemp-Africa-2000,NCEP2000_r018_c017,6,23.4913330078125,25.096126556396484,-1.6047935485839844,-0.06394586610717246,4,23.02893324851989,3,-1.3208207024468313,2.6775640431369845,0.1977684346474856
NCEP-AirTemp-Africa-2000,NCEP2000_r018_c017,7,22.799352645874023,23.4913330078125,-0.6919803619384766,-0.029456836770750516,4,23.02893324851989,3,-1.3208207024468313,2.6775640431369845,0.1977684346474856
NCEP-AirTemp-Africa-2000,NCEP2000_r018_c017,8,22.15709686279297,22.799352645874023,-0.6422557830810547,-0.028169913113620052,4,23.02893324851989,4,4.440892098500626e-16,2.6775640431369845,0.1977684346474856
NCEP-AirTemp-Africa-2000,NCEP2000_r018_c017,9,22.776668548583984,22.15709686279297,0.6195716857910156,0.027962674425611404,4,23.02893324851989,4,4.440892098500626e-16,2.6775640431369845,0.1977684346474856
NCEP-AirTemp-Africa-2000,NCEP2000_r018_c017,10,22.71774101257324,22.776668548583984,-0.05892753601074574,-0.0025871885471332127,4,23.02893324851989,4,4.440892098500626e-16,2.6775640431369845,0.1977684346474856
NCEP-AirTemp-Africa-2000,NCEP2000_r018_c017,11,23.354001998901367,22.71774101257324,0.6362609863281286,0.028007229502968054,4,23.02893324851989,4,4.440892098500626e-16,2.6775640431369845,0.1977684346474856
NCEP-AirTemp-Africa-2000,NCEP2000_r018_c017,12,23.68935775756836,23.354001998901367,0.3353557586669922,0.014359669862268925,4,23.02893324851989,4,4.440892098500626e-16,2.6775640431369845,0.1977684346474856
NCEP-AirTemp-Africa-2000,NCEP2000_r018_c018,1,24.93160820007324,,,,5,25.58885782135857,4,,2.3557183744408845,0.1251154873282118
NCEP-AirTemp-Africa-2000,NCEP2000_r018_c018,2,24.35276222229004,24.93160820007324,-0.5788459777831996,-0.02321735417699606,5,25.58885782135857,4,4.440892098500626e-16,2.3557183744408845,0.1251154873282118
NCEP-AirTemp-Africa-2000,NCEP2000_r018_c018,3,24.61806297302246,24.35276222229004,0.2653007507324219,0.010894072233399157,5,25.58885782135857,4,4.440892098500626e-16,2.3557183744408845,0.1251154873282118
NCEP-AirTemp-Africa-2000,NCEP2000_r018_c018,4,23.30033302307129,24.61806297302246,-1.3177299499511719,-0.05352695504090624,4,23.02893324851989,3,-1.3208207024468313,2.3557183744408845,0.1251154873282118
NCEP-AirTemp-Africa-2000,NCEP2000_r018_c018,5,24.254514694213867,23.30033302307129,0.9541816711425781,0.040951417741444986,4,23.02893324851989,5,1.3208207024468321,2.3557183744408845,0.1251154873282118
NCEP-AirTemp-Africa-2000,NCEP2000_r018_c018,6,22.53533363342285,24.254514694213867,-1.7191810607910156,-0.07088086826165776,4,23.02893324851989,3,-1.3208207024468313,2.3557183744408845,0.1251154873282118
NCEP-AirTemp-Africa-2000,NCEP2000_r018_c018,7,22.516128540039062,22.53533363342285,-0.019205093383789062,-0.0008522213913578538,4,23.02893324851989,4,4.440892098500626e-16,2.3557183744408845,0.1251154873282118
NCEP-AirTemp-Africa-2000,NCEP2000_r018_c018,8,21.523550033569336,22.516128540039062,-0.9925785064697266,-0.04408300053469159,3,20.469008675681216,3,-1.3208207024468313,2.3557183744408845,0.1251154873282118
NCEP-AirTemp-Africa-2000,NCEP2000_r018_c018,9,22.165002822875977,21.523550033569336,0.6414527893066406,0.029802369418901384,4,23.02893324851989,4,4.440892098500626e-16,2.3557183744408845,0.1251154873282118
NCEP-AirTemp-Africa-2000,NCEP2000_r018_c018,10,22.046775817871097,22.165002822875977,-0.11822700500487926,-0.005333949467529955,4,23.02893324851989,4,4.440892098500626e-16,2.3557183744408845,0.1251154873282118
NCEP-AirTemp-Africa-2000,NCEP2000_r018_c018,11,23.114336013793945,22.046775817871097,1.067560195922848,0.04842250879411967,4,23.02893324851989,5,1.3208207024468321,2.3557183744408845,0.1251154873282118
NCEP-AirTemp-Africa-2000,NCEP2000_r018_c018,12,23.069351196289062,23.114336013793945,-0.04498481750488281,-0.0019461868806457264,4,23.02893324851989,4,4.440892098500626e-16,2.3557183744408845,0.1251154873282118
NCEP-AirTemp-Africa-2000,NCEP2000_r018_c019,1,25.7148380279541,,,,5,25.58885782135857,4,,1.5707963267948966,0.0869565217391304
NCEP-AirTemp-Africa-2000,NCEP2000_r018_c019,2,26.13689422607422,25.7148380279541,0.4220561981201172,0.01641294406215229,5,25.58885782135857,4,4.440892098500626e-16,1.5707963267948966,0.0869565217391304
NCEP-AirTemp-Africa-2000,NCEP2000_r018_c019,3,25.561613082885746,26.13689422607422,-0.575281143188473,-0.022010309955441124,5,25.58885782135857,4,4.440892098500626e-16,1.5707963267948966,0.0869565217391304
NCEP-AirTemp-Africa-2000,NCEP2000_r018_c019,4,24.06766700744629,25.561613082885746,-1.4939460754394567,-0.05844490606266541,4,23.02893324851989,3,-1.3208207024468313,1.5707963267948966,0.0869565217391304
NCEP-AirTemp-Africa-2000,NCEP2000_r018_c019,5,24.860002517700195,24.06766700744629,0.7923355102539062,0.032921159745511096,5,25.58885782135857,5,1.3208207024468321,1.5707963267948966,0.0869565217391304
NCEP-AirTemp-Africa-2000,NCEP2000_r018_c019,6,22.836334228515625,24.860002517700195,-2.0236682891845703,-0.0814025778052005,4,23.02893324851989,2,-2.641641404893663,1.5707963267948966,0.0869565217391304
NCEP-AirTemp-Africa-2000,NCEP2000_r018_c019,7,22.215164184570312,22.836334228515625,-0.6211700439453125,-0.027200952557861074,4,23.02893324851989,4,4.440892098500626e-16,1.5707963267948966,0.0869565217391304
NCEP-AirTemp-Africa-2000,NCEP2000_r018_c019,8,21.527099609375,22.215164184570312,-0.6880645751953125,-0.030972743189231627,3,20.469008675681216,3,-1.3208207024468313,1.5707963267948966,0.0869565217391304
NCEP-AirTemp-Africa-2000,NCEP2000_r018_c019,9,22.32467269897461,21.527099609375,0.7975730895996094,0.03704972356110008,4,23.02893324851989,5,1.3208207024468321,1.5707963267948966,0.0869565217391304
NCEP-AirTemp-Africa-2000,NCEP2000_r018_c019,10,22.14387321472168,22.32467269897461,-0.1807994842529297,-0.008098639863205429,4,23.02893324851989,4,4.440892098500626e-16,1.5707963267948966,0.0869565217391304
NCEP-AirTemp-Africa-2000,NCEP2000_r018_c019,11,23.45600128173828,22.14387321472168,1.3121280670166016,0.05925467754865365,4,23.02893324851989,5,1.3208207024468321,1.5707963267948966,0.0869565217391304
NCEP-AirTemp-Africa-2000,NCEP2000_r018_c019,12,23.511938095092773,23.45600128173828,0.05593681335449219,0.002384754872862405,4,23.02893324851989,4,4.440892098500626e-16,1.5707963267948966,0.0869565217391304
NCEP-AirTemp-Africa-2000,NCEP2000_r018_c020,1,26.441612243652344,,,,5,25.58885782135857,4,,0.7858742791489086,0.1818181818181818
NCEP-AirTemp-Africa-2000,NCEP2000_r018_c020,2,28.013792037963867,26.441612243652344,1.5721797943115234,0.05945854510777594,6,28.148782394197248,5,1.3208207024468321,0.7858742791489086,0.1818181818181818
NCEP-AirTemp-Africa-2000,NCEP2000_r018_c020,3,28.36128616333008,28.013792037963867,0.3474941253662145,0.012404394410271045,6,28.148782394197248,4,4.440892098500626e-16,0.7858742791489086,0.1818181818181818
NCEP-AirTemp-Africa-2000,NCEP2000_r018_c020,4,26.533327102661133,28.36128616333008,-1.8279590606689489,-0.06445261509446003,5,25.58885782135857,3,-1.3208207024468313,0.7858742791489086,0.1818181818181818
NCEP-AirTemp-Africa-2000,NCEP2000_r018_c020,5,27.026123046875,26.533327102661133,0.4927959442138672,0.01857271582667229,6,28.148782394197248,4,4.440892098500626e-16,0.7858742791489086,0.1818181818181818
NCEP-AirTemp-Africa-2000,NCEP2000_r018_c020,6,24.35099983215332,27.026123046875,-2.6751232147216797,-0.09898286965103568,5,25.58885782135857,2,-2.641641404893663,0.7858742791489086,0.1818181818181818
NCEP-AirTemp-Africa-2000,NCEP2000_r018_c020,7,22.808067321777344,24.35099983215332,-1.5429325103759766,-0.06336218311408602,4,23.02893324851989,3,-1.3208207024468313,0.7858742791489086,0.1818181818181818
NCEP-AirTemp-Africa-2000,NCEP2000_r018_c020,8,21.96225929260254,22.808067321777344,-0.8458080291748047,-0.0370837220551002,4,23.02893324851989,3,-1.3208207024468313,0.7858742791489086,0.1818181818181818
NCEP-AirTemp-Africa-2000,NCEP2000_r018_c020,9,22.731666564941406,21.96225929260254,0.7694072723388672,0.03503315674804111,4,23.02893324851989,5,1.3208207024468321,0.7858742791489086,0.1818181818181818
NCEP-AirTemp-Africa-2000,NCEP2000_r018_c020,10,22.726457595825195,22.731666564941406,-0.0052089691162109375,-0.00022915033973992148,4,23.02893324851989,4,4.440892098500626e-16,0.7858742791489086,0.1818181818181818
NCEP-AirTemp-Africa-2000,NCEP2000_r018_c020,11,23.801668167114254,22.726457595825195,1.075210571289059,0.047310961981447255,4,23.02893324851989,5,1.3208207024468321,0.7858742791489086,0.1818181818181818
NCEP-AirTemp-Africa-2000,NCEP2000_r018_c020,12,24.61258316040039,23.801668167114254,0.8109149932861364,0.034069670562273564,5,25.58885782135857,5,1.3208207024468321,0.7858742791489086,0.1818181818181818
NCEP-AirTemp-Africa-2000,NCEP2000_r018_c021,1,26.41839027404785,,,,5,25.58885782135857,4,,0.4640286104528088,0.2857142857142856
NCEP-AirTemp-Africa-2000,NCEP2000_r018_c021,2,28.685518264770508,26.41839027404785,2.2671279907226562,0.08581628052295727,6,28.148782394197248,6,2.6416414048936643,0.4640286104528088,0.2857142857142856
NCEP-AirTemp-Africa-2000,NCEP2000_r018_c021,3,30.197412490844727,28.685518264770508,1.5118942260742188,0.05270583616859447,7,30.708706967035923,5,1.3208207024468321,0.4640286104528088,0.2857142857142856
NCEP-AirTemp-Africa-2000,NCEP2000_r018_c021,4,28.39399528503418,30.197412490844727,-1.8034172058105469,-0.059720918352104115,6,28.148782394197248,3,-1.3208207024468313,0.4640286104528088,0.2857142857142856
NCEP-AirTemp-Africa-2000,NCEP2000_r018_c021,5,27.957414627075195,28.39399528503418,-0.4365806579589844,-0.01537580934195252,6,28.148782394197248,4,4.440892098500626e-16,0.4640286104528088,0.2857142857142856
NCEP-AirTemp-Africa-2000,NCEP2000_r018_c021,6,25.7189998626709,27.957414627075195,-2.238414764404297,-0.0800651560332949,5,25.58885782135857,2,-2.641641404893663,0.4640286104528088,0.2857142857142856
NCEP-AirTemp-Africa-2000,NCEP2000_r018_c021,7,24.052255630493164,25.7189998626709,-1.6667442321777344,-0.06480595050653125,4,23.02893324851989,3,-1.3208207024468313,0.4640286104528088,0.2857142857142856
NCEP-AirTemp-Africa-2000,NCEP2000_r018_c021,8,22.271299362182617,24.052255630493164,-1.7809562683105469,-0.07404529103926002,4,23.02893324851989,3,-1.3208207024468313,0.4640286104528088,0.2857142857142856
NCEP-AirTemp-Africa-2000,NCEP2000_r018_c021,9,23.224666595458984,22.271299362182617,0.9533672332763672,0.042806987494192435,4,23.02893324851989,5,1.3208207024468321,0.4640286104528088,0.2857142857142856
NCEP-AirTemp-Africa-2000,NCEP2000_r018_c021,10,22.7725830078125,23.224666595458984,-0.4520835876464844,-0.01946566534285053,4,23.02893324851989,4,4.440892098500626e-16,0.4640286104528088,0.2857142857142856
NCEP-AirTemp-Africa-2000,NCEP2000_r018_c021,11,23.853330612182617,22.7725830078125,1.0807476043701172,0.04745827928256313,4,23.02893324851989,5,1.3208207024468321,0.4640286104528088,0.2857142857142856
NCEP-AirTemp-Africa-2000,NCEP2000_r018_c021,12,25.245805740356445,23.853330612182617,1.3924751281738281,0.05837654920452278,5,25.58885782135857,5,1.3208207024468321,0.4640286104528088,0.2857142857142856
NCEP-AirTemp-Africa-2000,NCEP2000_r018_c022,1,24.656129837036133,,,,5,25.58885782135857,4,,0.3220363327121815,0.3157894736842106
NCEP-AirTemp-Africa-2000,NCEP2000_r018_c022,2,26.22620964050293,24.656129837036133,1.5700798034667969,0.0636790856409415,5,25.58885782135857,5,1.3208207024468321,0.3220363327121815,0.3157894736842106
NCEP-AirTemp-Africa-2000,NCEP2000_r018_c022,3,27.115482330322266,26.22620964050293,0.8892726898193359,0.03390778545619384,6,28.148782394197248,5,1.3208207024468321,0.3220363327121815,0.3157894736842106
NCEP-AirTemp-Africa-2000,NCEP2000_r018_c022,4,25.1560001373291,27.115482330322266,-1.959482192993164,-0.072264331097734,5,25.58885782135857,3,-1.3208207024468313,0.3220363327121815,0.3157894736842106
NCEP-AirTemp-Africa-2000,NCEP2000_r018_c022,5,24.17613410949707,25.1560001373291,-0.9798660278320312,-0.038951583021261144,4,23.02893324851989,3,-1.3208207024468313,0.3220363327121815,0.3157894736842106
NCEP-AirTemp-Africa-2000,NCEP2000_r018_c022,6,23.07799911499023,24.17613410949707,-1.0981349945068395,-0.045422274278146935,4,23.02893324851989,3,-1.3208207024468313,0.3220363327121815,0.3157894736842106
NCEP-AirTemp-Africa-2000,NCEP2000_r018_c022,7,22.151935577392575,23.07799911499023,-0.9260635375976562,-0.04012754888252574,4,23.02893324851989,3,-1.3208207024468313,0.3220363327121815,0.3157894736842106
NCEP-AirTemp-Africa-2000,NCEP2000_r018_c022,8,20.90032386779785,22.151935577392575,-1.251611709594723,-0.0565012346312559,3,20.469008675681216,3,-1.3208207024468313,0.3220363327121815,0.3157894736842106
NCEP-AirTemp-Africa-2000,NCEP2000_r018_c022,9,22.265668869018555,20.90032386779785,1.3653450012207031,0.06532649971632051,4,23.02893324851989,5,1.3208207024468321,0.3220363327121815,0.3157894736842106
NCEP-AirTemp-Africa-2000,NCEP2000_r018_c022,10,21.489355087280273,22.265668869018555,-0.7763137817382812,-0.03486595378315712,3,20.469008675681216,3,-1.3208207024468313,0.3220363327121815,0.3157894736842106
NCEP-AirTemp-Africa-2000,NCEP2000_r018_c022,11,22.244001388549805,21.489355087280273,0.7546463012695312,0.035117214928251275,4,23.02893324851989,5,1.3208207024468321,0.3220363327121815,0.3157894736842106
NCEP-AirTemp-Africa-2000,NCEP2000_r018_c022,12,23.601938247680664,22.244001388549805,1.3579368591308594,0.06104732846446698,4,23.02893324851989,5,1.3208207024468321,0.3220363327121815,0.3157894736842106
NCEP-AirTemp-Africa-2000,NCEP2000_r018_c023,1,21.844511032104492,,,,4,23.02893324851989,4,,0.2452028117766504,0.4705882352941176
NCEP-AirTemp-Africa-2000,NCEP2000_r018_c023,2,22.991376876831055,21.844511032104492,1.1468658447265625,0.05250132827606139,4,23.02893324851989,5,1.3208207024468321,0.2452028117766504,0.4705882352941176
NCEP-AirTemp-Africa-2000,NCEP2000_r018_c023,3,22.605484008789062,22.991376876831055,-0.3858928680419922,-0.01678424350613231,4,23.02893324851989,4,4.440892098500626e-16,0.2452028117766504,0.4705882352941176
NCEP-AirTemp-Africa-2000,NCEP2000_r018_c023,4,20.869001388549805,22.605484008789062,-1.7364826202392578,-0.07681687415160451,3,20.469008675681216,3,-1.3208207024468313,0.2452028117766504,0.4705882352941176
NCEP-AirTemp-Africa-2000,NCEP2000_r018_c023,5,19.80097198486328,20.869001388549805,-1.0680294036865234,-0.05117779158673683,3,20.469008675681216,3,-1.3208207024468313,0.2452028117766504,0.4705882352941176
NCEP-AirTemp-Africa-2000,NCEP2000_r018_c023,6,18.55467414855957,19.80097198486328,-1.246297836303711,-0.06294124537201683,2,17.909084102842538,3,-1.3208207024468313,0.2452028117766504,0.4705882352941176
NCEP-AirTemp-Africa-2000,NCEP2000_r018_c023,7,17.9567813873291,18.55467414855957,-0.5978927612304688,-0.03222329621330936,2,17.909084102842538,4,4.440892098500626e-16,0.2452028117766504,0.4705882352941176
NCEP-AirTemp-Africa-2000,NCEP2000_r018_c023,8,17.881614685058594,17.9567813873291,-0.07516670227050781,-0.0041859785809693,2,17.909084102842538,4,4.440892098500626e-16,0.2452028117766504,0.4705882352941176
NCEP-AirTemp-Africa-2000,NCEP2000_r018_c023,9,19.208003997802734,17.881614685058594,1.3263893127441406,0.07417614886045143,3,20.469008675681216,5,1.3208207024468321,0.2452028117766504,0.4705882352941176
NCEP-AirTemp-Africa-2000,NCEP2000_r018_c023,10,19.39903450012207,19.208003997802734,0.19103050231933594,0.009945359358587626,3,20.469008675681216,4,4.440892098500626e-16,0.2452028117766504,0.4705882352941176
NCEP-AirTemp-Africa-2000,NCEP2000_r018_c023,11,19.46100425720215,19.39903450012207,0.061969757080078125,0.003194476358072778,3,20.469008675681216,4,4.440892098500626e-16,0.2452028117766504,0.4705882352941176
NCEP-AirTemp-Africa-2000,NCEP2000_r018_c023,12,20.730966567993164,19.46100425720215,1.2699623107910156,0.06525677164481512,3,20.469008675681216,5,1.3208207024468321,0.2452028117766504,0.4705882352941176
NCEP-AirTemp-Africa-2000,NCEP2000_r018_c024,1,22.84548568725586,,,,4,23.02893324851989,4,,0.1975787618202465,0.5882352941176471
NCEP-AirTemp-Africa-2000,NCEP2000_r018_c024,2,23.709308624267575,22.84548568725586,0.8638229370117152,0.03781153742306257,4,23.02893324851989,5,1.3208207024468321,0.1975787618202465,0.5882352941176471
NCEP-AirTemp-Africa-2000,NCEP2000_r018_c024,3,23.41225814819336,23.709308624267575,-0.2970504760742152,-0.012528854416706621,4,23.02893324851989,4,4.440892098500626e-16,0.1975787618202465,0.5882352941176471
NCEP-AirTemp-Africa-2000,NCEP2000_r018_c024,4,22.035337448120117,23.41225814819336,-1.3769207000732422,-0.05881195617089564,4,23.02893324851989,3,-1.3208207024468313,0.1975787618202465,0.5882352941176471
NCEP-AirTemp-Africa-2000,NCEP2000_r018_c024,5,20.840646743774418,22.035337448120117,-1.1946907043456996,-0.05421703693707769,3,20.469008675681216,3,-1.3208207024468313,0.1975787618202465,0.5882352941176471
NCEP-AirTemp-Africa-2000,NCEP2000_r018_c024,6,19.242673873901367,20.840646743774418,-1.5979728698730504,-0.07667578120388235,3,20.469008675681216,3,-1.3208207024468313,0.1975787618202465,0.5882352941176471
NCEP-AirTemp-Africa-2000,NCEP2000_r018_c024,7,18.89484214782715,19.242673873901367,-0.34783172607421875,-0.018076059925641583,2,17.909084102842538,4,4.440892098500626e-16,0.1975787618202465,0.5882352941176471
NCEP-AirTemp-Africa-2000,NCEP2000_r018_c024,8,18.980968475341797,18.89484214782715,0.08612632751464844,0.004558192486649205,2,17.909084102842538,4,4.440892098500626e-16,0.1975787618202465,0.5882352941176471
NCEP-AirTemp-Africa-2000,NCEP2000_r018_c024,9,20.193004608154297,18.980968475341797,1.2120361328125,0.06385533669617849,3,20.469008675681216,5,1.3208207024468321,0.1975787618202465,0.5882352941176471
NCEP-AirTemp-Africa-2000,NCEP2000_r018_c024,10,20.580970764160156,20.193004608154297,0.3879661560058594,0.019212898899116364,3,20.469008675681216,4,4.440892098500626e-16,0.1975787618202465,0.5882352941176471
NCEP-AirTemp-Africa-2000,NCEP2000_r018_c024,11,20.7810001373291,20.580970764160156,0.2000293731689453,0.009719141796619129,3,20.469008675681216,4,4.440892098500626e-16,0.1975787618202465,0.5882352941176471
NCEP-AirTemp-Africa-2000,NCEP2000_r018_c024,12,21.91032600402832,20.7810001373291,1.1293258666992188,0.05434415375757591,4,23.02893324851989,5,1.3208207024468321,0.1975787618202465,0.5882352941176471
NCEP-AirTemp-Africa-2000,NCEP2000_r018_c025,1,26.42032241821289,,,,5,25.58885782135857,4,,0.1653031629216105,0.7058823529411765
NCEP-AirTemp-Africa-2000,NCEP2000_r018_c025,2,26.624483108520508,26.42032241821289,0.2041606903076172,0.007727411008689232,5,25.58885782135857,4,4.440892098500626e-16,0.1653031629216105,0.7058823529411765
NCEP-AirTemp-Africa-2000,NCEP2000_r018_c025,3,26.984189987182617,26.624483108520508,0.3597068786621094,0.013510379795767531,6,28.148782394197248,4,4.440892098500626e-16,0.1653031629216105,0.7058823529411765
NCEP-AirTemp-Africa-2000,NCEP2000_r018_c025,4,25.700664520263672,26.984189987182617,-1.2835254669189453,-0.04756583271643932,5,25.58885782135857,3,-1.3208207024468313,0.1653031629216105,0.7058823529411765
NCEP-AirTemp-Africa-2000,NCEP2000_r018_c025,5,24.993873596191406,25.700664520263672,-0.7067909240722656,-0.027500881291026416,5,25.58885782135857,3,-1.3208207024468313,0.1653031629216105,0.7058823529411765
NCEP-AirTemp-Africa-2000,NCEP2000_r018_c025,6,23.5779972076416,24.993873596191406,-1.4158763885498047,-0.05664893771270242,4,23.02893324851989,3,-1.3208207024468313,0.1653031629216105,0.7058823529411765
NCEP-AirTemp-Africa-2000,NCEP2000_r018_c025,7,23.866127014160156,23.5779972076416,0.2881298065185547,0.012220283342181929,4,23.02893324851989,4,4.440892098500626e-16,0.1653031629216105,0.7058823529411765
NCEP-AirTemp-Africa-2000,NCEP2000_r018_c025,8,24.171934127807617,23.866127014160156,0.30580711364746094,0.012813436946263659,4,23.02893324851989,4,4.440892098500626e-16,0.1653031629216105,0.7058823529411765
NCEP-AirTemp-Africa-2000,NCEP2000_r018_c025,9,25.36233139038086,24.171934127807617,1.1903972625732422,0.04924708367477297,5,25.58885782135857,5,1.3208207024468321,0.1653031629216105,0.7058823529411765
NCEP-AirTemp-Africa-2000,NCEP2000_r018_c025,10,24.991289138793945,25.36233139038086,-0.37104225158691406,-0.014629658680654209,5,25.58885782135857,4,4.440892098500626e-16,0.1653031629216105,0.7058823529411765
NCEP-AirTemp-Africa-2000,NCEP2000_r018_c025,11,25.55300521850586,24.991289138793945,0.5617160797119141,0.022476474766560277,5,25.58885782135857,4,4.440892098500626e-16,0.1653031629216105,0.7058823529411765
NCEP-AirTemp-Africa-2000,NCEP2000_r018_c025,12,26.00935173034668,25.55300521850586,0.4563465118408203,0.017858819655009794,5,25.58885782135857,4,4.440892098500626e-16,0.1653031629216105,0.7058823529411765
NCEP-AirTemp-Africa-2000,NCEP2000_r018_c026,1,27.22742080688477,,,,6,28.148782394197248,4,,0.142030427984981,0.823529411764706
NCEP-AirTemp-Africa-2000,NCEP2000_r018_c026,2,27.27861976623535,27.22742080688477,0.051198959350582385,0.001880418997955037,6,28.148782394197248,4,4.440892098500626e-16,0.142030427984981,0.823529411764706
NCEP-AirTemp-Africa-2000,NCEP2000_r018_c026,3,28.04644775390625,27.27861976623535,0.7678279876708984,0.02814761136196827,6,28.148782394197248,5,1.3208207024468321,0.142030427984981,0.823529411764706
NCEP-AirTemp-Africa-2000,NCEP2000_r018_c026,4,27.441333770751953,28.04644775390625,-0.6051139831542969,-0.021575423328610944,6,28.148782394197248,4,4.440892098500626e-16,0.142030427984981,0.823529411764706
NCEP-AirTemp-Africa-2000,NCEP2000_r018_c026,5,27.589672088623047,27.441333770751953,0.14833831787109375,0.00540565262280358,6,28.148782394197248,4,4.440892098500626e-16,0.142030427984981,0.823529411764706
NCEP-AirTemp-Africa-2000,NCEP2000_r018_c026,6,26.361997604370117,27.589672088623047,-1.2276744842529297,-0.04449761056635308,5,25.58885782135857,3,-1.3208207024468313,0.142030427984981,0.823529411764706
NCEP-AirTemp-Africa-2000,NCEP2000_r018_c026,7,26.244834899902344,26.361997604370117,-0.11716270446777344,-0.0044443788451126705,5,25.58885782135857,4,4.440892098500626e-16,0.142030427984981,0.823529411764706
NCEP-AirTemp-Africa-2000,NCEP2000_r018_c026,8,26.618066787719727,26.244834899902344,0.3732318878173828,0.014221155867083455,5,25.58885782135857,4,4.440892098500626e-16,0.142030427984981,0.823529411764706
NCEP-AirTemp-Africa-2000,NCEP2000_r018_c026,9,27.628997802734375,26.618066787719727,1.0109310150146484,0.037979129854803825,6,28.148782394197248,5,1.3208207024468321,0.142030427984981,0.823529411764706
NCEP-AirTemp-Africa-2000,NCEP2000_r018_c026,10,26.79999732971191,27.628997802734375,-0.8290004730224645,-0.030004724707764115,5,25.58885782135857,3,-1.3208207024468313,0.142030427984981,0.823529411764706
NCEP-AirTemp-Africa-2000,NCEP2000_r018_c026,11,27.399995803833008,26.79999732971191,0.5999984741210973,0.022388004996400014,6,28.148782394197248,4,4.440892098500626e-16,0.142030427984981,0.823529411764706
NCEP-AirTemp-Africa-2000,NCEP2000_r018_c026,12,27.60386848449707,27.399995803833008,0.2038726806640625,0.007440609922850521,6,28.148782394197248,4,4.440892098500626e-16,0.142030427984981,0.823529411764706
NCEP-AirTemp-Africa-2000,NCEP2000_r018_c027,1,26.231285095214844,,,,5,25.58885782135857,4,,0.1244722463862621,0.9411764705882352
NCEP-AirTemp-Africa-2000,NCEP2000_r018_c027,2,26.15241050720215,26.231285095214844,-0.07887458801269531,-0.0030068899684630303,5,25.58885782135857,4,4.440892098500626e-16,0.1244722463862621,0.9411764705882352
NCEP-AirTemp-Africa-2000,NCEP2000_r018_c027,3,27.030000686645508,26.15241050720215,0.8775901794433594,0.033556760635952795,6,28.148782394197248,5,1.3208207024468321,0.1244722463862621,0.9411764705882352
NCEP-AirTemp-Africa-2000,NCEP2000_r018_c027,4,27.63899803161621,27.030000686645508,0.6089973449707031,0.02253042284499776,6,28.148782394197248,4,4.440892098500626e-16,0.1244722463862621,0.9411764705882352
NCEP-AirTemp-Africa-2000,NCEP2000_r018_c027,5,28.124835968017575,27.63899803161621,0.48583793640136363,0.01757798657699582,6,28.148782394197248,4,4.440892098500626e-16,0.1244722463862621,0.9411764705882352
NCEP-AirTemp-Africa-2000,NCEP2000_r018_c027,6,27.02166748046875,28.124835968017575,-1.1031684875488246,-0.03922399721027007,6,28.148782394197248,3,-1.3208207024468313,0.1244722463862621,0.9411764705882352
NCEP-AirTemp-Africa-2000,NCEP2000_r018_c027,7,26.27774429321289,27.02166748046875,-0.7439231872558594,-0.027530617338606757,5,25.58885782135857,3,-1.3208207024468313,0.1244722463862621,0.9411764705882352
NCEP-AirTemp-Africa-2000,NCEP2000_r018_c027,8,26.347742080688477,26.27774429321289,0.06999778747558594,0.002663766976896309,5,25.58885782135857,4,4.440892098500626e-16,0.1244722463862621,0.9411764705882352
NCEP-AirTemp-Africa-2000,NCEP2000_r018_c027,9,26.97100257873535,26.347742080688477,0.623260498046875,0.02365517683216174,6,28.148782394197248,4,4.440892098500626e-16,0.1244722463862621,0.9411764705882352
NCEP-AirTemp-Africa-2000,NCEP2000_r018_c027,10,26.37870979309082,26.97100257873535,-0.5922927856445312,-0.02196035478901739,5,25.58885782135857,4,4.440892098500626e-16,0.1244722463862621,0.9411764705882352
NCEP-AirTemp-Africa-2000,NCEP2000_r018_c027,11,26.903331756591797,26.37870979309082,0.5246219635009766,0.019888082761287548,6,28.148782394197248,4,4.440892098500626e-16,0.1244722463862621,0.9411764705882352
NCEP-AirTemp-Africa-2000,NCEP2000_r018_c027,12,26.938386917114254,26.903331756591797,0.035055160522457385,0.0013030044322992912,6,28.148782394197248,4,4.440892098500626e-16,0.1244722463862621,0.9411764705882352
NCEP-AirTemp-Africa-2000,NCEP2000_r019_c003,1,27.27129364013672,,,,6,28.148782394197248,4,,3.017120407203531,1.0
NCEP-AirTemp-Africa-2000,NCEP2000_r019_c003,2,28.26723289489746,27.27129364013672,0.9959392547607422,0.03651969238800471,6,28.148782394197248,5,1.3208207024468321,3.017120407203531,1.0
NCEP-AirTemp-Africa-2000,NCEP2000_r019_c003,3,28.428709030151367,28.26723289489746,0.16147613525390625,0.005712484694002519,6,28.148782394197248,4,4.440892098500626e-16,3.017120407203531,1.0
NCEP-AirTemp-Africa-2000,NCEP2000_r019_c003,4,27.14666175842285,28.428709030151367,-1.2820472717285156,-0.04509692193088268,6,28.148782394197248,3,-1.3208207024468313,3.017120407203531,1.0
NCEP-AirTemp-Africa-2000,NCEP2000_r019_c003,5,26.76708984375,27.14666175842285,-0.37957191467285156,-0.01398226854007495,5,25.58885782135857,4,4.440892098500626e-16,3.017120407203531,1.0
NCEP-AirTemp-Africa-2000,NCEP2000_r019_c003,6,24.992666244506836,26.76708984375,-1.774423599243164,-0.06629124083347014,5,25.58885782135857,3,-1.3208207024468313,3.017120407203531,1.0
NCEP-AirTemp-Africa-2000,NCEP2000_r019_c003,7,24.824512481689453,24.992666244506836,-0.1681537628173828,-0.006728124209410491,5,25.58885782135857,4,4.440892098500626e-16,3.017120407203531,1.0
NCEP-AirTemp-Africa-2000,NCEP2000_r019_c003,8,24.535154342651367,24.824512481689453,-0.28935813903808594,-0.01165614588610819,5,25.58885782135857,4,4.440892098500626e-16,3.017120407203531,1.0
NCEP-AirTemp-Africa-2000,NCEP2000_r019_c003,9,24.599666595458984,24.535154342651367,0.06451225280761719,0.002629380353865169,5,25.58885782135857,4,4.440892098500626e-16,3.017120407203531,1.0
NCEP-AirTemp-Africa-2000,NCEP2000_r019_c003,10,25.125486373901367,24.599666595458984,0.5258197784423828,0.021375077438628674,5,25.58885782135857,4,4.440892098500626e-16,3.017120407203531,1.0
NCEP-AirTemp-Africa-2000,NCEP2000_r019_c003,11,25.995668411254883,25.125486373901367,0.8701820373535156,0.03463344049957978,5,25.58885782135857,5,1.3208207024468321,3.017120407203531,1.0
NCEP-AirTemp-Africa-2000,NCEP2000_r019_c003,12,27.03709602355957,25.995668411254883,1.0414276123046875,0.04006158240785219,6,28.148782394197248,5,1.3208207024468321,3.017120407203531,1.0
NCEP-AirTemp-Africa-2000,NCEP2000_r019_c004,1,25.21935653686523,,,,5,25.58885782135857,4,,3.0089163174540094,1.0
NCEP-AirTemp-Africa-2000,NCEP2000_r019_c004,2,26.3227596282959,25.21935653686523,1.1034030914306676,0.043752230149795124,5,25.58885782135857,5,1.3208207024468321,3.0089163174540094,1.0
NCEP-AirTemp-Africa-2000,NCEP2000_r019_c004,3,26.389354705810547,26.3227596282959,0.06659507751464844,0.00252994285002935,5,25.58885782135857,4,4.440892098500626e-16,3.0089163174540094,1.0
NCEP-AirTemp-Africa-2000,NCEP2000_r019_c004,4,24.60199737548828,26.389354705810547,-1.7873573303222656,-0.06773024010051734,5,25.58885782135857,3,-1.3208207024468313,3.0089163174540094,1.0
NCEP-AirTemp-Africa-2000,NCEP2000_r019_c004,5,24.414840698242188,24.60199737548828,-0.18715667724609375,-0.007607377335653391,5,25.58885782135857,4,4.440892098500626e-16,3.0089163174540094,1.0
NCEP-AirTemp-Africa-2000,NCEP2000_r019_c004,6,23.40399932861328,24.414840698242188,-1.0108413696289062,-0.041402742787573645,4,23.02893324851989,3,-1.3208207024468313,3.0089163174540094,1.0
NCEP-AirTemp-Africa-2000,NCEP2000_r019_c004,7,22.99677467346191,23.40399932861328,-0.40722465515137074,-0.01739978921694403,4,23.02893324851989,4,4.440892098500626e-16,3.0089163174540094,1.0
NCEP-AirTemp-Africa-2000,NCEP2000_r019_c004,8,22.820650100708008,22.99677467346191,-0.1761245727539027,-0.007658664106369186,4,23.02893324851989,4,4.440892098500626e-16,3.0089163174540094,1.0
NCEP-AirTemp-Africa-2000,NCEP2000_r019_c004,9,22.831663131713867,22.820650100708008,0.011013031005859375,0.0004825905904195822,4,23.02893324851989,4,4.440892098500626e-16,3.0089163174540094,1.0
NCEP-AirTemp-Africa-2000,NCEP2000_r019_c004,10,23.381938934326172,22.831663131713867,0.5502758026123047,0.02410143314737134,4,23.02893324851989,4,4.440892098500626e-16,3.0089163174540094,1.0
NCEP-AirTemp-Africa-2000,NCEP2000_r019_c004,11,24.108667373657227,23.381938934326172,0.7267284393310547,0.031080760298461442,4,23.02893324851989,5,1.3208207024468321,3.0089163174540094,1.0
NCEP-AirTemp-Africa-2000,NCEP2000_r019_c004,12,24.74258041381836,24.108667373657227,0.6339130401611328,0.026293989225376655,5,25.58885782135857,4,4.440892098500626e-16,3.0089163174540094,1.0
NCEP-AirTemp-Africa-2000,NCEP2000_r019_c005,1,24.985485076904297,,,,5,25.58885782135857,4,,2.999562225604812,1.0
NCEP-AirTemp-Africa-2000,NCEP2000_r019_c005,2,25.643787384033203,24.985485076904297,0.6583023071289062,0.02634738949844995,5,25.58885782135857,4,4.440892098500626e-16,2.999562225604812,1.0
NCEP-AirTemp-Africa-2000,NCEP2000_r019_c005,3,25.85580062866211,25.643787384033203,0.21201324462890625,0.008267626051248334,5,25.58885782135857,4,4.440892098500626e-16,2.999562225604812,1.0
NCEP-AirTemp-Africa-2000,NCEP2000_r019_c005,4,24.416330337524418,25.85580062866211,-1.4394702911376918,-0.055673011708714436,5,25.58885782135857,3,-1.3208207024468313,2.999562225604812,1.0
NCEP-AirTemp-Africa-2000,NCEP2000_r019_c005,5,24.22032165527344,24.416330337524418,-0.19600868225097656,-0.008027769920434734,4,23.02893324851989,4,4.440892098500626e-16,2.999562225604812,1.0
NCEP-AirTemp-Africa-2000,NCEP2000_r019_c005,6,22.778667449951172,24.22032165527344,-1.4416542053222692,-0.05952250452497111,4,23.02893324851989,3,-1.3208207024468313,2.999562225604812,1.0
NCEP-AirTemp-Africa-2000,NCEP2000_r019_c005,7,22.304519653320312,22.778667449951172,-0.4741477966308594,-0.020815431704802195,4,23.02893324851989,4,4.440892098500626e-16,2.999562225604812,1.0
NCEP-AirTemp-Africa-2000,NCEP2000_r019_c005,8,22.283226013183594,22.304519653320312,-0.02129364013671875,-0.0009546782655572195,4,23.02893324851989,4,4.440892098500626e-16,2.999562225604812,1.0
NCEP-AirTemp-Africa-2000,NCEP2000_r019_c005,9,22.453332901000977,22.283226013183594,0.1701068878173828,0.007633853721033983,4,23.02893324851989,4,4.440892098500626e-16,2.999562225604812,1.0
NCEP-AirTemp-Africa-2000,NCEP2000_r019_c005,10,22.998388290405273,22.453332901000977,0.5450553894042969,0.024275032655842292,4,23.02893324851989,4,4.440892098500626e-16,2.999562225604812,1.0
NCEP-AirTemp-Africa-2000,NCEP2000_r019_c005,11,23.725669860839844,22.998388290405273,0.7272815704345703,0.031623153816303984,4,23.02893324851989,5,1.3208207024468321,2.999562225604812,1.0
NCEP-AirTemp-Africa-2000,NCEP2000_r019_c005,12,24.23193359375,23.725669860839844,0.5062637329101562,0.021338227155633004,4,23.02893324851989,4,4.440892098500626e-16,2.999562225604812,1.0
NCEP-AirTemp-Africa-2000,NCEP2000_r019_c006,1,26.321285247802734,,,,5,25.58885782135857,4,,2.9888001502322483,1.0
NCEP-AirTemp-Africa-2000,NCEP2000_r019_c006,2,26.957239151000977,26.321285247802734,0.6359539031982422,0.024161202510098963,6,28.148782394197248,4,4.440892098500626e-16,2.9888001502322483,1.0
NCEP-AirTemp-Africa-2000,NCEP2000_r019_c006,3,27.616771697998047,26.957239151000977,0.6595325469970703,0.0244658788425142,6,28.148782394197248,4,4.440892098500626e-16,2.9888001502322483,1.0
NCEP-AirTemp-Africa-2000,NCEP2000_r019_c006,4,27.677331924438477,27.616771697998047,0.06056022644042969,0.0021928785559254824,6,28.148782394197248,4,4.440892098500626e-16,2.9888001502322483,1.0
NCEP-AirTemp-Africa-2000,NCEP2000_r019_c006,5,26.36515998840332,27.677331924438477,-1.3121719360351562,-0.04740962530700213,5,25.58885782135857,3,-1.3208207024468313,2.9888001502322483,1.0
NCEP-AirTemp-Africa-2000,NCEP2000_r019_c006,6,23.575326919555664,26.36515998840332,-2.7898330688476562,-0.10581513899687164,4,23.02893324851989,2,-2.641641404893663,2.9888001502322483,1.0
NCEP-AirTemp-Africa-2000,NCEP2000_r019_c006,7,22.87968635559082,23.575326919555664,-0.6956405639648438,-0.029507143902543807,4,23.02893324851989,3,-1.3208207024468313,2.9888001502322483,1.0
NCEP-AirTemp-Africa-2000,NCEP2000_r019_c006,8,22.889677047729492,22.87968635559082,0.009990692138671875,0.0004366621108086377,4,23.02893324851989,4,4.440892098500626e-16,2.9888001502322483,1.0
NCEP-AirTemp-Africa-2000,NCEP2000_r019_c006,9,23.050331115722656,22.889677047729492,0.16065406799316406,0.0070186253680280695,4,23.02893324851989,4,4.440892098500626e-16,2.9888001502322483,1.0
NCEP-AirTemp-Africa-2000,NCEP2000_r019_c006,10,23.793222427368164,23.050331115722656,0.7428913116455078,0.03222909501455191,4,23.02893324851989,5,1.3208207024468321,2.9888001502322483,1.0
NCEP-AirTemp-Africa-2000,NCEP2000_r019_c006,11,24.43433380126953,23.793222427368164,0.6411113739013672,0.026945125901228432,5,25.58885782135857,4,4.440892098500626e-16,2.9888001502322483,1.0
NCEP-AirTemp-Africa-2000,NCEP2000_r019_c006,12,25.31742286682129,24.43433380126953,0.8830890655517578,0.03614131953562308,5,25.58885782135857,5,1.3208207024468321,2.9888001502322483,1.0
NCEP-AirTemp-Africa-2000,NCEP2000_r019_c007,1,26.31839179992676,,,,5,25.58885782135857,4,,2.976289490668183,1.0
NCEP-AirTemp-Africa-2000,NCEP2000_r019_c007,2,27.566551208496097,26.31839179992676,1.248159408569336,0.047425367707034795,6,28.148782394197248,5,1.3208207024468321,2.976289490668183,1.0
NCEP-AirTemp-Africa-2000,NCEP2000_r019_c007,3,28.42902946472168,27.566551208496097,0.8624782562255824,0.031287129452731974,6,28.148782394197248,5,1.3208207024468321,2.976289490668183,1.0
NCEP-AirTemp-Africa-2000,NCEP2000_r019_c007,4,28.91266632080078,28.42902946472168,0.48363685607910156,0.017012077625768375,6,28.148782394197248,4,4.440892098500626e-16,2.976289490668183,1.0
NCEP-AirTemp-Africa-2000,NCEP2000_r019_c007,5,26.937419891357425,28.91266632080078,-1.9752464294433558,-0.06831768497332584,6,28.148782394197248,3,-1.3208207024468313,2.976289490668183,1.0
NCEP-AirTemp-Africa-2000,NCEP2000_r019_c007,6,24.161340713500977,26.937419891357425,-2.776079177856449,-0.10305661006335366,4,23.02893324851989,2,-2.641641404893663,2.976289490668183,1.0
NCEP-AirTemp-Africa-2000,NCEP2000_r019_c007,7,23.04290771484375,24.161340713500977,-1.1184329986572266,-0.04629018778052593,4,23.02893324851989,3,-1.3208207024468313,2.976289490668183,1.0
NCEP-AirTemp-Africa-2000,NCEP2000_r019_c007,8,23.13936233520508,23.04290771484375,0.09645462036133168,0.004185870184221485,4,23.02893324851989,4,4.440892098500626e-16,2.976289490668183,1.0
NCEP-AirTemp-Africa-2000,NCEP2000_r019_c007,9,23.170331954956055,23.13936233520508,0.03096961975097301,0.0013383955574201233,4,23.02893324851989,4,4.440892098500626e-16,2.976289490668183,1.0
NCEP-AirTemp-Africa-2000,NCEP2000_r019_c007,10,24.060317993164062,23.170331954956055,0.8899860382080078,0.03841058643174263,4,23.02893324851989,5,1.3208207024468321,2.976289490668183,1.0
NCEP-AirTemp-Africa-2000,NCEP2000_r019_c007,11,24.41966438293457,24.060317993164062,0.3593463897705078,0.014935230277197672,5,25.58885782135857,4,4.440892098500626e-16,2.976289490668183,1.0
NCEP-AirTemp-Africa-2000,NCEP2000_r019_c007,12,25.461931228637695,24.41966438293457,1.042266845703125,0.04268145660640211,5,25.58885782135857,5,1.3208207024468321,2.976289490668183,1.0
NCEP-AirTemp-Africa-2000,NCEP2000_r019_c008,1,26.83515739440918,,,,5,25.58885782135857,4,,2.96157148632164,0.9886838802395824
NCEP-AirTemp-Africa-2000,NCEP2000_r019_c008,2,28.39448356628418,26.83515739440918,1.559326171875,0.05810758435126112,6,28.148782394197248,5,1.3208207024468321,2.96157148632164,0.9886838802395824
NCEP-AirTemp-Africa-2000,NCEP2000_r019_c008,3,29.15677070617676,28.39448356628418,0.7622871398925817,0.026846311119309352,6,28.148782394197248,5,1.3208207024468321,2.96157148632164,0.9886838802395824
NCEP-AirTemp-Africa-2000,NCEP2000_r019_c008,4,28.96799659729004,29.15677070617676,-0.1887741088867223,-0.006474451879087253,6,28.148782394197248,4,4.440892098500626e-16,2.96157148632164,0.9886838802395824
NCEP-AirTemp-Africa-2000,NCEP2000_r019_c008,5,26.897096633911133,28.96799659729004,-2.0708999633789062,-0.07148923662786674,6,28.148782394197248,2,-2.641641404893663,2.96157148632164,0.9886838802395824
NCEP-AirTemp-Africa-2000,NCEP2000_r019_c008,6,24.46967124938965,26.897096633911133,-2.4274253845214844,-0.09024860257448947,5,25.58885782135857,2,-2.641641404893663,2.96157148632164,0.9886838802395824
NCEP-AirTemp-Africa-2000,NCEP2000_r019_c008,7,23.233552932739254,24.46967124938965,-1.2361183166503942,-0.05051634343805199,4,23.02893324851989,3,-1.3208207024468313,2.96157148632164,0.9886838802395824
NCEP-AirTemp-Africa-2000,NCEP2000_r019_c008,8,23.23258399963379,23.233552932739254,-0.0009689331054651973,-4.170404364197944e-05,4,23.02893324851989,4,4.440892098500626e-16,2.96157148632164,0.9886838802395824
NCEP-AirTemp-Africa-2000,NCEP2000_r019_c008,9,23.410337448120117,23.23258399963379,0.17775344848632812,0.007651040817893095,4,23.02893324851989,4,4.440892098500626e-16,2.96157148632164,0.9886838802395824
NCEP-AirTemp-Africa-2000,NCEP2000_r019_c008,10,24.125484466552734,23.410337448120117,0.7151470184326172,0.030548343013741756,4,23.02893324851989,5,1.3208207024468321,2.96157148632164,0.9886838802395824
NCEP-AirTemp-Africa-2000,NCEP2000_r019_c008,11,24.38333320617676,24.125484466552734,0.257848739624027,0.010687816030451335,5,25.58885782135857,4,4.440892098500626e-16,2.96157148632164,0.9886838802395824
NCEP-AirTemp-Africa-2000,NCEP2000_r019_c008,12,25.85193252563477,24.38333320617676,1.4685993194580078,0.060229637475732144,5,25.58885782135857,5,1.3208207024468321,2.96157148632164,0.9886838802395824
NCEP-AirTemp-Africa-2000,NCEP2000_r019_c009,1,27.766450881958008,,,,6,28.148782394197248,4,,2.944013891769546,0.9018240044658444
NCEP-AirTemp-Africa-2000,NCEP2000_r019_c009,2,28.938617706298828,27.766450881958008,1.1721668243408203,0.042215219702510375,6,28.148782394197248,5,1.3208207024468321,2.944013891769546,0.9018240044658444
NCEP-AirTemp-Africa-2000,NCEP2000_r019_c009,3,29.17354202270508,28.938617706298828,0.23492431640625355,0.008118021350934103,6,28.148782394197248,4,4.440892098500626e-16,2.944013891769546,0.9018240044658444
NCEP-AirTemp-Africa-2000,NCEP2000_r019_c009,4,29.170331954956055,29.17354202270508,-0.00321006774902699,-0.00011003352786331772,6,28.148782394197248,4,4.440892098500626e-16,2.944013891769546,0.9018240044658444
NCEP-AirTemp-Africa-2000,NCEP2000_r019_c009,5,27.0125789642334,29.170331954956055,-2.1577529907226562,-0.07397080684767637,6,28.148782394197248,2,-2.641641404893663,2.944013891769546,0.9018240044658444
NCEP-AirTemp-Africa-2000,NCEP2000_r019_c009,6,24.53966903686523,27.0125789642334,-2.4729099273681676,-0.09154660614384427,5,25.58885782135857,2,-2.641641404893663,2.944013891769546,0.9018240044658444
NCEP-AirTemp-Africa-2000,NCEP2000_r019_c009,7,23.36935043334961,24.53966903686523,-1.1703186035156214,-0.04769088783379621,4,23.02893324851989,3,-1.3208207024468313,2.944013891769546,0.9018240044658444
NCEP-AirTemp-Africa-2000,NCEP2000_r019_c009,8,23.287099838256836,23.36935043334961,-0.08225059509277344,-0.0035195926958841097,4,23.02893324851989,4,4.440892098500626e-16,2.944013891769546,0.9018240044658444
NCEP-AirTemp-Africa-2000,NCEP2000_r019_c009,9,23.540668487548828,23.287099838256836,0.2535686492919922,0.010888803288223167,4,23.02893324851989,4,4.440892098500626e-16,2.944013891769546,0.9018240044658444
NCEP-AirTemp-Africa-2000,NCEP2000_r019_c009,10,24.17548370361328,23.540668487548828,0.6348152160644531,0.026966745502585057,4,23.02893324851989,4,4.440892098500626e-16,2.944013891769546,0.9018240044658444
NCEP-AirTemp-Africa-2000,NCEP2000_r019_c009,11,24.58600425720215,24.17548370361328,0.4105205535888672,0.016980862042793813,5,25.58885782135857,4,4.440892098500626e-16,2.944013891769546,0.9018240044658444
NCEP-AirTemp-Africa-2000,NCEP2000_r019_c009,12,26.3845157623291,24.58600425720215,1.7985115051269531,0.07315184225594945,5,25.58885782135857,5,1.3208207024468321,2.944013891769546,0.9018240044658444
NCEP-AirTemp-Africa-2000,NCEP2000_r019_c010,1,27.50580596923828,,,,6,28.148782394197248,4,,2.922721971669459,0.8153013148922628
NCEP-AirTemp-Africa-2000,NCEP2000_r019_c010,2,28.428617477416992,27.50580596923828,0.9228115081787109,0.03354969889668957,6,28.148782394197248,5,1.3208207024468321,2.922721971669459,0.8153013148922628
NCEP-AirTemp-Africa-2000,NCEP2000_r019_c010,3,28.564516067504883,28.428617477416992,0.13589859008789062,0.0047803446719083395,6,28.148782394197248,4,4.440892098500626e-16,2.922721971669459,0.8153013148922628
NCEP-AirTemp-Africa-2000,NCEP2000_r019_c010,4,27.88333511352539,28.564516067504883,-0.6811809539794922,-0.023847102901015244,6,28.148782394197248,3,-1.3208207024468313,2.922721971669459,0.8153013148922628
NCEP-AirTemp-Africa-2000,NCEP2000_r019_c010,5,26.030000686645508,27.88333511352539,-1.8533344268798828,-0.06646745876467569,5,25.58885782135857,3,-1.3208207024468313,2.922721971669459,0.8153013148922628
NCEP-AirTemp-Africa-2000,NCEP2000_r019_c010,6,23.898996353149418,26.030000686645508,-2.13100433349609,-0.08186724077150662,4,23.02893324851989,2,-2.641641404893663,2.922721971669459,0.8153013148922628
NCEP-AirTemp-Africa-2000,NCEP2000_r019_c010,7,23.20967674255371,23.898996353149418,-0.6893196105957067,-0.028843035933802632,4,23.02893324851989,3,-1.3208207024468313,2.922721971669459,0.8153013148922628
NCEP-AirTemp-Africa-2000,NCEP2000_r019_c010,8,23.078065872192383,23.20967674255371,-0.13161087036132812,-0.005670517164938647,4,23.02893324851989,4,4.440892098500626e-16,2.922721971669459,0.8153013148922628
NCEP-AirTemp-Africa-2000,NCEP2000_r019_c010,9,23.327667236328125,23.078065872192383,0.2496013641357422,0.010815523515620784,4,23.02893324851989,4,4.440892098500626e-16,2.922721971669459,0.8153013148922628
NCEP-AirTemp-Africa-2000,NCEP2000_r019_c010,10,24.04451560974121,23.327667236328125,0.7168483734130859,0.030729535283182518,4,23.02893324851989,5,1.3208207024468321,2.922721971669459,0.8153013148922628
NCEP-AirTemp-Africa-2000,NCEP2000_r019_c010,11,24.781002044677734,24.04451560974121,0.7364864349365234,0.030630121516698344,5,25.58885782135857,5,1.3208207024468321,2.922721971669459,0.8153013148922628
NCEP-AirTemp-Africa-2000,NCEP2000_r019_c010,12,25.991941452026367,24.781002044677734,1.2109394073486328,0.04886563526226369,5,25.58885782135857,5,1.3208207024468321,2.922721971669459,0.8153013148922628
NCEP-AirTemp-Africa-2000,NCEP2000_r019_c011,1,27.18741798400879,,,,6,28.148782394197248,4,,2.896389841813143,0.7292358412395272
NCEP-AirTemp-Africa-2000,NCEP2000_r019_c011,2,28.108617782592773,27.18741798400879,0.9211997985839844,0.033883313197517306,6,28.148782394197248,5,1.3208207024468321,2.896389841813143,0.7292358412395272
NCEP-AirTemp-Africa-2000,NCEP2000_r019_c011,3,28.7219295501709,28.108617782592773,0.613311767578125,0.0218193499346645,6,28.148782394197248,4,4.440892098500626e-16,2.896389841813143,0.7292358412395272
NCEP-AirTemp-Africa-2000,NCEP2000_r019_c011,4,26.06999969482422,28.7219295501709,-2.6519298553466797,-0.09233118724542308,5,25.58885782135857,2,-2.641641404893663,2.896389841813143,0.7292358412395272
NCEP-AirTemp-Africa-2000,NCEP2000_r019_c011,5,24.91580581665039,26.06999969482422,-1.1541938781738281,-0.044272876551010275,5,25.58885782135857,3,-1.3208207024468313,2.896389841813143,0.7292358412395272
NCEP-AirTemp-Africa-2000,NCEP2000_r019_c011,6,23.11133575439453,24.91580581665039,-1.8044700622558594,-0.07242270531142095,4,23.02893324851989,3,-1.3208207024468313,2.896389841813143,0.7292358412395272
NCEP-AirTemp-Africa-2000,NCEP2000_r019_c011,7,22.7419376373291,23.11133575439453,-0.3693981170654297,-0.015983417011939262,4,23.02893324851989,4,4.440892098500626e-16,2.896389841813143,0.7292358412395272
NCEP-AirTemp-Africa-2000,NCEP2000_r019_c011,8,22.600326538085938,22.7419376373291,-0.14161109924316406,-0.006226870440921471,4,23.02893324851989,4,4.440892098500626e-16,2.896389841813143,0.7292358412395272
NCEP-AirTemp-Africa-2000,NCEP2000_r019_c011,9,22.972999572753903,22.600326538085938,0.3726730346679652,0.016489719033038693,4,23.02893324851989,4,4.440892098500626e-16,2.896389841813143,0.7292358412395272
NCEP-AirTemp-Africa-2000,NCEP2000_r019_c011,10,23.66613006591797,22.972999572753903,0.693130493164066,0.030171527708820506,4,23.02893324851989,5,1.3208207024468321,2.896389841813143,0.7292358412395272
NCEP-AirTemp-Africa-2000,NCEP2000_r019_c011,11,25.116668701171875,23.66613006591797,1.4505386352539062,0.06129175455444884,5,25.58885782135857,5,1.3208207024468321,2.896389841813143,0.7292358412395272
NCEP-AirTemp-Africa-2000,NCEP2000_r019_c011,12,25.1254825592041,25.116668701171875,0.008813858032226562,0.00035091668155081936,5,25.58885782135857,4,4.440892098500626e-16,2.896389841813143,0.7292358412395272
NCEP-AirTemp-Africa-2000,NCEP2000_r019_c012,1,26.548385620117188,,,,5,25.58885782135857,4,,2.863041359998063,0.6438109732527216
NCEP-AirTemp-Africa-2000,NCEP2000_r019_c012,2,27.486207962036133,26.548385620117188,0.9378223419189453,0.035325023349378544,6,28.148782394197248,5,1.3208207024468321,2.863041359998063,0.6438109732527216
NCEP-AirTemp-Africa-2000,NCEP2000_r019_c012,3,28.368061065673828,27.486207962036133,0.8818531036376953,0.03208347636951987,6,28.148782394197248,5,1.3208207024468321,2.863041359998063,0.6438109732527216
NCEP-AirTemp-Africa-2000,NCEP2000_r019_c012,4,24.941667556762695,28.368061065673828,-3.426393508911133,-0.12078349313260496,5,25.58885782135857,1,-3.9624621073404946,2.863041359998063,0.6438109732527216
NCEP-AirTemp-Africa-2000,NCEP2000_r019_c012,5,23.96806526184082,24.941667556762695,-0.973602294921875,-0.039035172476184016,4,23.02893324851989,3,-1.3208207024468313,2.863041359998063,0.6438109732527216
NCEP-AirTemp-Africa-2000,NCEP2000_r019_c012,6,22.25500106811523,23.96806526184082,-1.7130641937255895,-0.0714727774232546,4,23.02893324851989,3,-1.3208207024468313,2.863041359998063,0.6438109732527216
NCEP-AirTemp-Africa-2000,NCEP2000_r019_c012,7,21.58000373840332,22.25500106811523,-0.6749973297119105,-0.030330141420616692,3,20.469008675681216,3,-1.3208207024468313,2.863041359998063,0.6438109732527216
NCEP-AirTemp-Africa-2000,NCEP2000_r019_c012,8,21.453227996826172,21.58000373840332,-0.12677574157714844,-0.005874685802372731,3,20.469008675681216,4,4.440892098500626e-16,2.863041359998063,0.6438109732527216
NCEP-AirTemp-Africa-2000,NCEP2000_r019_c012,9,21.999340057373047,21.453227996826172,0.546112060546875,0.02545593887445133,4,23.02893324851989,4,4.440892098500626e-16,2.863041359998063,0.6438109732527216
NCEP-AirTemp-Africa-2000,NCEP2000_r019_c012,10,22.756776809692383,21.999340057373047,0.7574367523193359,0.03442997609673669,4,23.02893324851989,5,1.3208207024468321,2.863041359998063,0.6438109732527216
NCEP-AirTemp-Africa-2000,NCEP2000_r019_c012,11,24.94399642944336,22.756776809692383,2.1872196197509766,0.09611289147149404,5,25.58885782135857,6,2.6416414048936643,2.863041359998063,0.6438109732527216
NCEP-AirTemp-Africa-2000,NCEP2000_r019_c012,12,23.800003051757812,24.94399642944336,-1.1439933776855469,-0.04586247359846482,4,23.02893324851989,3,-1.3208207024468313,2.863041359998063,0.6438109732527216
NCEP-AirTemp-Africa-2000,NCEP2000_r019_c013,1,25.188711166381836,,,,5,25.58885782135857,4,,2.8195563208776115,0.5593203066776136
NCEP-AirTemp-Africa-2000,NCEP2000_r019_c013,2,26.113449096679688,25.188711166381836,0.9247379302978516,0.03671239565174954,5,25.58885782135857,5,1.3208207024468321,2.8195563208776115,0.5593203066776136
NCEP-AirTemp-Africa-2000,NCEP2000_r019_c013,3,27.31580352783203,26.113449096679688,1.2023544311523438,0.046043493783638964,6,28.148782394197248,5,1.3208207024468321,2.8195563208776115,0.5593203066776136
NCEP-AirTemp-Africa-2000,NCEP2000_r019_c013,4,24.433664321899418,27.31580352783203,-2.8821392059326136,-0.10551178562241474,5,25.58885782135857,2,-2.641641404893663,2.8195563208776115,0.5593203066776136
NCEP-AirTemp-Africa-2000,NCEP2000_r019_c013,5,22.99742317199707,24.433664321899418,-1.4362411499023473,-0.05878124259139765,4,23.02893324851989,3,-1.3208207024468313,2.8195563208776115,0.5593203066776136
NCEP-AirTemp-Africa-2000,NCEP2000_r019_c013,6,22.106334686279297,22.99742317199707,-0.8910884857177734,-0.038747318734509865,4,23.02893324851989,3,-1.3208207024468313,2.8195563208776115,0.5593203066776136
NCEP-AirTemp-Africa-2000,NCEP2000_r019_c013,7,20.883867263793945,22.106334686279297,-1.2224674224853516,-0.055299417105274286,3,20.469008675681216,3,-1.3208207024468313,2.8195563208776115,0.5593203066776136
NCEP-AirTemp-Africa-2000,NCEP2000_r019_c013,8,20.624839782714844,20.883867263793945,-0.25902748107910156,-0.012403233453229887,3,20.469008675681216,4,4.440892098500626e-16,2.8195563208776115,0.5593203066776136
NCEP-AirTemp-Africa-2000,NCEP2000_r019_c013,9,21.19733428955078,20.624839782714844,0.5724945068359375,0.02775752504587845,3,20.469008675681216,4,4.440892098500626e-16,2.8195563208776115,0.5593203066776136
NCEP-AirTemp-Africa-2000,NCEP2000_r019_c013,10,21.856130599975582,21.19733428955078,0.6587963104248011,0.031079205593769144,4,23.02893324851989,4,4.440892098500626e-16,2.8195563208776115,0.5593203066776136
NCEP-AirTemp-Africa-2000,NCEP2000_r019_c013,11,24.180997848510746,21.856130599975582,2.3248672485351634,0.10637140174014886,4,23.02893324851989,6,2.6416414048936643,2.8195563208776115,0.5593203066776136
NCEP-AirTemp-Africa-2000,NCEP2000_r019_c013,12,22.769678115844727,24.180997848510746,-1.4113197326660192,-0.05836482603024338,4,23.02893324851989,3,-1.3208207024468313,2.8195563208776115,0.5593203066776136
NCEP-AirTemp-Africa-2000,NCEP2000_r019_c014,1,25.962583541870117,,,,5,25.58885782135857,4,,2.7607578075263737,0.4762612945561394
NCEP-AirTemp-Africa-2000,NCEP2000_r019_c014,2,26.641725540161133,25.962583541870117,0.6791419982910156,0.026158490629245607,5,25.58885782135857,5,1.3208207024468321,2.7607578075263737,0.4762612945561394
NCEP-AirTemp-Africa-2000,NCEP2000_r019_c014,3,27.89193344116211,26.641725540161133,1.2502079010009766,0.04692668645341112,6,28.148782394197248,5,1.3208207024468321,2.7607578075263737,0.4762612945561394
NCEP-AirTemp-Africa-2000,NCEP2000_r019_c014,4,26.703662872314453,27.89193344116211,-1.1882705688476562,-0.04260266041987756,5,25.58885782135857,3,-1.3208207024468313,2.7607578075263737,0.4762612945561394
NCEP-AirTemp-Africa-2000,NCEP2000_r019_c014,5,24.881933212280273,26.703662872314453,-1.8217296600341797,-0.06822021640794805,5,25.58885782135857,3,-1.3208207024468313,2.7607578075263737,0.4762612945561394
NCEP-AirTemp-Africa-2000,NCEP2000_r019_c014,6,23.56366920471191,24.881933212280273,-1.318264007568363,-0.052980771080831636,4,23.02893324851989,3,-1.3208207024468313,2.7607578075263737,0.4762612945561394
NCEP-AirTemp-Africa-2000,NCEP2000_r019_c014,7,21.9025821685791,23.56366920471191,-1.661087036132809,-0.07049356455066215,4,23.02893324851989,3,-1.3208207024468313,2.7607578075263737,0.4762612945561394
NCEP-AirTemp-Africa-2000,NCEP2000_r019_c014,8,21.623868942260746,21.9025821685791,-0.2787132263183558,-0.012725130953654901,3,20.469008675681216,4,4.440892098500626e-16,2.7607578075263737,0.4762612945561394
NCEP-AirTemp-Africa-2000,NCEP2000_r019_c014,9,22.217002868652344,21.623868942260746,0.593133926391598,0.027429593102666423,4,23.02893324851989,4,4.440892098500626e-16,2.7607578075263737,0.4762612945561394
NCEP-AirTemp-Africa-2000,NCEP2000_r019_c014,10,22.69032287597656,22.217002868652344,0.4733200073242152,0.021304404114384768,4,23.02893324851989,4,4.440892098500626e-16,2.7607578075263737,0.4762612945561394
NCEP-AirTemp-Africa-2000,NCEP2000_r019_c014,11,24.745664596557617,22.69032287597656,2.0553417205810582,0.09058230382244392,5,25.58885782135857,6,2.6416414048936643,2.7607578075263737,0.4762612945561394
NCEP-AirTemp-Africa-2000,NCEP2000_r019_c014,12,23.815162658691406,24.745664596557617,-0.9305019378662109,-0.037602624663216906,4,23.02893324851989,3,-1.3208207024468313,2.7607578075263737,0.4762612945561394
NCEP-AirTemp-Africa-2000,NCEP2000_r019_c015,1,27.886451721191406,,,,6,28.148782394197248,4,,2.6775640431369845,0.3955368692949712
NCEP-AirTemp-Africa-2000,NCEP2000_r019_c015,2,28.82896423339844,27.886451721191406,0.9425125122070348,0.0337982229374418,6,28.148782394197248,5,1.3208207024468321,2.6775640431369845,0.3955368692949712
NCEP-AirTemp-Africa-2000,NCEP2000_r019_c015,3,28.99226188659668,28.82896423339844,0.16329765319823863,0.005664360740683767,6,28.148782394197248,4,4.440892098500626e-16,2.6775640431369845,0.3955368692949712
NCEP-AirTemp-Africa-2000,NCEP2000_r019_c015,4,29.81332778930664,28.99226188659668,0.8210659027099609,0.02832017404925365,7,30.708706967035923,5,1.3208207024468321,2.6775640431369845,0.3955368692949712
NCEP-AirTemp-Africa-2000,NCEP2000_r019_c015,5,28.361608505249023,29.81332778930664,-1.4517192840576172,-0.04869363441468334,6,28.148782394197248,3,-1.3208207024468313,2.6775640431369845,0.3955368692949712
NCEP-AirTemp-Africa-2000,NCEP2000_r019_c015,6,25.407331466674805,28.361608505249023,-2.9542770385742188,-0.10416465053551022,5,25.58885782135857,2,-2.641641404893663,2.6775640431369845,0.3955368692949712
NCEP-AirTemp-Africa-2000,NCEP2000_r019_c015,7,23.51677894592285,25.407331466674805,-1.8905525207519531,-0.07440972395041454,4,23.02893324851989,3,-1.3208207024468313,2.6775640431369845,0.3955368692949712
NCEP-AirTemp-Africa-2000,NCEP2000_r019_c015,8,23.0974178314209,23.51677894592285,-0.4193611145019531,-0.017832421500677438,4,23.02893324851989,4,4.440892098500626e-16,2.6775640431369845,0.3955368692949712
NCEP-AirTemp-Africa-2000,NCEP2000_r019_c015,9,23.893999099731445,23.0974178314209,0.7965812683105469,0.03448789272136327,4,23.02893324851989,5,1.3208207024468321,2.6775640431369845,0.3955368692949712
NCEP-AirTemp-Africa-2000,NCEP2000_r019_c015,10,24.313871383666992,23.893999099731445,0.4198722839355469,0.01757229010443321,5,25.58885782135857,4,4.440892098500626e-16,2.6775640431369845,0.3955368692949712
NCEP-AirTemp-Africa-2000,NCEP2000_r019_c015,11,26.008331298828125,24.313871383666992,1.6944599151611328,0.06969107833232176,5,25.58885782135857,5,1.3208207024468321,2.6775640431369845,0.3955368692949712
NCEP-AirTemp-Africa-2000,NCEP2000_r019_c015,12,25.30967712402344,26.008331298828125,-0.698654174804684,-0.02686270667569371,5,25.58885782135857,3,-1.3208207024468313,2.6775640431369845,0.3955368692949712
NCEP-AirTemp-Africa-2000,NCEP2000_r019_c016,1,27.074840545654297,,,,6,28.148782394197248,4,,2.553150478079379,0.318924737673439
NCEP-AirTemp-Africa-2000,NCEP2000_r019_c016,2,28.540691375732425,27.074840545654297,1.4658508300781286,0.05414070038958763,6,28.148782394197248,5,1.3208207024468321,2.553150478079379,0.318924737673439
NCEP-AirTemp-Africa-2000,NCEP2000_r019_c016,3,28.13129234313965,28.540691375732425,-0.409399032592777,-0.014344397870504313,6,28.148782394197248,4,4.440892098500626e-16,2.553150478079379,0.318924737673439
NCEP-AirTemp-Africa-2000,NCEP2000_r019_c016,4,28.53499984741211,28.13129234313965,0.40370750427246094,0.014350833916484207,6,28.148782394197248,4,4.440892098500626e-16,2.553150478079379,0.318924737673439
NCEP-AirTemp-Africa-2000,NCEP2000_r019_c016,5,28.67677116394043,28.53499984741211,0.1417713165283203,0.004968330726701504,6,28.148782394197248,4,4.440892098500626e-16,2.553150478079379,0.318924737673439
NCEP-AirTemp-Africa-2000,NCEP2000_r019_c016,6,25.483333587646484,28.67677116394043,-3.1934375762939453,-0.11135973286663212,5,25.58885782135857,2,-2.641641404893663,2.553150478079379,0.318924737673439
NCEP-AirTemp-Africa-2000,NCEP2000_r019_c016,7,23.56580924987793,25.483333587646484,-1.9175243377685547,-0.07524621263436704,4,23.02893324851989,3,-1.3208207024468313,2.553150478079379,0.318924737673439
NCEP-AirTemp-Africa-2000,NCEP2000_r019_c016,8,23.021615982055664,23.56580924987793,-0.5441932678222656,-0.023092492265042182,4,23.02893324851989,4,4.440892098500626e-16,2.553150478079379,0.318924737673439
NCEP-AirTemp-Africa-2000,NCEP2000_r019_c016,9,23.888999938964844,23.021615982055664,0.8673839569091797,0.03767693621443722,4,23.02893324851989,5,1.3208207024468321,2.553150478079379,0.318924737673439
NCEP-AirTemp-Africa-2000,NCEP2000_r019_c016,10,23.721294403076172,23.888999938964844,-0.16770553588867188,-0.007020199100722124,4,23.02893324851989,4,4.440892098500626e-16,2.553150478079379,0.318924737673439
NCEP-AirTemp-Africa-2000,NCEP2000_r019_c016,11,25.325336456298828,23.721294403076172,1.6040420532226562,0.06762034254819772,5,25.58885782135857,5,1.3208207024468321,2.553150478079379,0.318924737673439
NCEP-AirTemp-Africa-2000,NCEP2000_r019_c016,12,24.675804138183594,25.325336456298828,-0.6495323181152344,-0.02564752966800901,5,25.58885782135857,4,4.440892098500626e-16,2.553150478079379,0.318924737673439
NCEP-AirTemp-Africa-2000,NCEP2000_r019_c017,1,25.445154190063477,,,,5,25.58885782135857,4,,2.3557183744408845,0.2502309746564237
NCEP-AirTemp-Africa-2000,NCEP2000_r019_c017,2,27.153100967407227,25.445154190063477,1.70794677734375,0.06712267351913773,6,28.148782394197248,5,1.3208207024468321,2.3557183744408845,0.2502309746564237
NCEP-AirTemp-Africa-2000,NCEP2000_r019_c017,3,27.119037628173828,27.153100967407227,-0.03406333923339844,-0.0012544916793955064,6,28.148782394197248,4,4.440892098500626e-16,2.3557183744408845,0.2502309746564237
NCEP-AirTemp-Africa-2000,NCEP2000_r019_c017,4,26.21766471862793,27.119037628173828,-0.9013729095458984,-0.03323764367690787,5,25.58885782135857,3,-1.3208207024468313,2.3557183744408845,0.2502309746564237
NCEP-AirTemp-Africa-2000,NCEP2000_r019_c017,5,27.274192810058594,26.21766471862793,1.056528091430664,0.04029832949537987,6,28.148782394197248,5,1.3208207024468321,2.3557183744408845,0.2502309746564237
NCEP-AirTemp-Africa-2000,NCEP2000_r019_c017,6,23.61266708374023,27.274192810058594,-3.661525726318363,-0.13424872925911155,4,23.02893324851989,1,-3.9624621073404946,2.3557183744408845,0.2502309746564237
NCEP-AirTemp-Africa-2000,NCEP2000_r019_c017,7,22.29870986938477,23.61266708374023,-1.3139572143554616,-0.05564628551682149,4,23.02893324851989,3,-1.3208207024468313,2.3557183744408845,0.2502309746564237
NCEP-AirTemp-Africa-2000,NCEP2000_r019_c017,8,22.02387428283691,22.29870986938477,-0.27483558654785867,-0.012325178817865013,4,23.02893324851989,4,4.440892098500626e-16,2.3557183744408845,0.2502309746564237
NCEP-AirTemp-Africa-2000,NCEP2000_r019_c017,9,22.949005126953125,22.02387428283691,0.9251308441162145,0.042005817515820276,4,23.02893324851989,5,1.3208207024468321,2.3557183744408845,0.2502309746564237
NCEP-AirTemp-Africa-2000,NCEP2000_r019_c017,10,22.482580184936523,22.949005126953125,-0.46642494201660156,-0.020324407939967527,4,23.02893324851989,4,4.440892098500626e-16,2.3557183744408845,0.2502309746564237
NCEP-AirTemp-Africa-2000,NCEP2000_r019_c017,11,24.351335525512695,22.482580184936523,1.8687553405761719,0.0831201456952103,5,25.58885782135857,5,1.3208207024468321,2.3557183744408845,0.2502309746564237
NCEP-AirTemp-Africa-2000,NCEP2000_r019_c017,12,23.773229598999023,24.351335525512695,-0.5781059265136719,-0.023740214408692083,4,23.02893324851989,4,4.440892098500626e-16,2.3557183744408845,0.2502309746564237
NCEP-AirTemp-Africa-2000,NCEP2000_r019_c018,1,25.079030990600582,,,,5,25.58885782135857,4,,2.0340631519624797,0.1481481481481481
NCEP-AirTemp-Africa-2000,NCEP2000_r019_c018,2,27.486555099487305,25.079030990600582,2.4075241088867223,0.09599749327591815,6,28.148782394197248,6,2.6416414048936643,2.0340631519624797,0.1481481481481481
NCEP-AirTemp-Africa-2000,NCEP2000_r019_c018,3,27.336774826049805,27.486555099487305,-0.1497802734375,-0.00544921955099036,6,28.148782394197248,4,4.440892098500626e-16,2.0340631519624797,0.1481481481481481
NCEP-AirTemp-Africa-2000,NCEP2000_r019_c018,4,26.89333152770996,27.336774826049805,-0.44344329833984375,-0.016221492885008404,6,28.148782394197248,4,4.440892098500626e-16,2.0340631519624797,0.1481481481481481
NCEP-AirTemp-Africa-2000,NCEP2000_r019_c018,5,27.067420959472656,26.89333152770996,0.1740894317626953,0.006473330817467504,6,28.148782394197248,4,4.440892098500626e-16,2.0340631519624797,0.1481481481481481
NCEP-AirTemp-Africa-2000,NCEP2000_r019_c018,6,23.356006622314453,27.067420959472656,-3.711414337158203,-0.13711739817085666,4,23.02893324851989,1,-3.9624621073404946,2.0340631519624797,0.1481481481481481
NCEP-AirTemp-Africa-2000,NCEP2000_r019_c018,7,21.97742462158203,23.356006622314453,-1.3785820007324219,-0.05902473068385403,4,23.02893324851989,3,-1.3208207024468313,2.0340631519624797,0.1481481481481481
NCEP-AirTemp-Africa-2000,NCEP2000_r019_c018,8,21.619678497314453,21.97742462158203,-0.3577461242675781,-0.016277891082664354,3,20.469008675681216,4,4.440892098500626e-16,2.0340631519624797,0.1481481481481481
NCEP-AirTemp-Africa-2000,NCEP2000_r019_c018,9,22.753000259399418,21.619678497314453,1.1333217620849645,0.05242084253129588,4,23.02893324851989,5,1.3208207024468321,2.0340631519624797,0.1481481481481481
NCEP-AirTemp-Africa-2000,NCEP2000_r019_c018,10,22.264196395874023,22.753000259399418,-0.4888038635253942,-0.021483050936259098,4,23.02893324851989,4,4.440892098500626e-16,2.0340631519624797,0.1481481481481481
NCEP-AirTemp-Africa-2000,NCEP2000_r019_c018,11,24.51500129699707,22.264196395874023,2.250804901123047,0.10109526798551613,5,25.58885782135857,6,2.6416414048936643,2.0340631519624797,0.1481481481481481
NCEP-AirTemp-Africa-2000,NCEP2000_r019_c018,12,23.871620178222656,24.51500129699707,-0.6433811187744141,-0.02624438444770648,4,23.02893324851989,4,4.440892098500626e-16,2.0340631519624797,0.1481481481481481
NCEP-AirTemp-Africa-2000,NCEP2000_r019_c019,1,26.427095413208008,,,,5,25.58885782135857,4,,1.5707963267948966,0.1739130434782608
NCEP-AirTemp-Africa-2000,NCEP2000_r019_c019,2,29.27103614807129,26.427095413208008,2.8439407348632812,0.10761457853752278,6,28.148782394197248,6,2.6416414048936643,1.5707963267948966,0.1739130434782608
NCEP-AirTemp-Africa-2000,NCEP2000_r019_c019,3,29.395483016967773,29.27103614807129,0.12444686889648438,0.004251536169302444,6,28.148782394197248,4,4.440892098500626e-16,1.5707963267948966,0.1739130434782608
NCEP-AirTemp-Africa-2000,NCEP2000_r019_c019,4,29.50766372680664,29.395483016967773,0.11218070983886719,0.0038162567280868903,7,30.708706967035923,4,4.440892098500626e-16,1.5707963267948966,0.1739130434782608
NCEP-AirTemp-Africa-2000,NCEP2000_r019_c019,5,29.05160903930664,29.50766372680664,-0.4560546875,-0.015455465797710406,6,28.148782394197248,4,4.440892098500626e-16,1.5707963267948966,0.1739130434782608
NCEP-AirTemp-Africa-2000,NCEP2000_r019_c019,6,26.48799705505371,29.05160903930664,-2.5636119842529297,-0.08824337339747272,5,25.58885782135857,2,-2.641641404893663,1.5707963267948966,0.1739130434782608
NCEP-AirTemp-Africa-2000,NCEP2000_r019_c019,7,24.11451530456543,26.48799705505371,-2.3734817504882812,-0.08960593530553261,4,23.02893324851989,2,-2.641641404893663,1.5707963267948966,0.1739130434782608
NCEP-AirTemp-Africa-2000,NCEP2000_r019_c019,8,23.101938247680664,24.11451530456543,-1.0125770568847656,-0.04199035494165879,4,23.02893324851989,3,-1.3208207024468313,1.5707963267948966,0.1739130434782608
NCEP-AirTemp-Africa-2000,NCEP2000_r019_c019,9,24.047332763671875,23.101938247680664,0.9453945159912109,0.040922735826554486,4,23.02893324851989,5,1.3208207024468321,1.5707963267948966,0.1739130434782608
NCEP-AirTemp-Africa-2000,NCEP2000_r019_c019,10,23.415163040161133,24.047332763671875,-0.6321697235107422,-0.026288558890229866,4,23.02893324851989,4,4.440892098500626e-16,1.5707963267948966,0.1739130434782608
NCEP-AirTemp-Africa-2000,NCEP2000_r019_c019,11,25.92999839782715,23.415163040161133,2.5148353576660156,0.10740200071862108,5,25.58885782135857,6,2.6416414048936643,1.5707963267948966,0.1739130434782608
NCEP-AirTemp-Africa-2000,NCEP2000_r019_c019,12,25.45451545715332,25.92999839782715,-0.4754829406738281,-0.018337175860129326,5,25.58885782135857,4,4.440892098500626e-16,1.5707963267948966,0.1739130434782608
NCEP-AirTemp-Africa-2000,NCEP2000_r019_c020,1,28.314191818237305,,,,6,28.148782394197248,4,,1.1075295016273137,0.2857142857142857
NCEP-AirTemp-Africa-2000,NCEP2000_r019_c020,2,30.75068473815918,28.314191818237305,2.436492919921875,0.08605200302247434,7,30.708706967035923,6,2.6416414048936643,1.1075295016273137,0.2857142857142857
NCEP-AirTemp-Africa-2000,NCEP2000_r019_c020,3,31.98677444458008,30.75068473815918,1.236089706420902,0.04019714412690824,7,30.708706967035923,5,1.3208207024468321,1.1075295016273137,0.2857142857142857
NCEP-AirTemp-Africa-2000,NCEP2000_r019_c020,4,31.597660064697266,31.98677444458008,-0.38911437988281605,-0.01216485208775868,7,30.708706967035923,4,4.440892098500626e-16,1.1075295016273137,0.2857142857142857
NCEP-AirTemp-Africa-2000,NCEP2000_r019_c020,5,31.35967063903809,31.597660064697266,-0.23798942565917613,-0.007531868662802399,7,30.708706967035923,4,4.440892098500626e-16,1.1075295016273137,0.2857142857142857
NCEP-AirTemp-Africa-2000,NCEP2000_r019_c020,6,28.915998458862305,31.35967063903809,-2.443672180175785,-0.07792403843469514,6,28.148782394197248,2,-2.641641404893663,1.1075295016273137,0.2857142857142857
NCEP-AirTemp-Africa-2000,NCEP2000_r019_c020,7,25.936771392822266,28.915998458862305,-2.979227066040039,-0.10303040617042751,5,25.58885782135857,2,-2.641641404893663,1.1075295016273137,0.2857142857142857
NCEP-AirTemp-Africa-2000,NCEP2000_r019_c020,8,24.296775817871097,25.936771392822266,-1.6399955749511683,-0.06323052125928905,4,23.02893324851989,3,-1.3208207024468313,1.1075295016273137,0.2857142857142857
NCEP-AirTemp-Africa-2000,NCEP2000_r019_c020,9,25.05900001525879,24.296775817871097,0.7622241973876918,0.031371413355472874,5,25.58885782135857,5,1.3208207024468321,1.1075295016273137,0.2857142857142857
NCEP-AirTemp-Africa-2000,NCEP2000_r019_c020,10,25.0225772857666,25.05900001525879,-0.0364227294921875,-0.0014534789684348605,5,25.58885782135857,4,4.440892098500626e-16,1.1075295016273137,0.2857142857142857
NCEP-AirTemp-Africa-2000,NCEP2000_r019_c020,11,27.277334213256836,25.0225772857666,2.2547569274902344,0.09010890052371984,6,28.148782394197248,6,2.6416414048936643,1.1075295016273137,0.2857142857142857
NCEP-AirTemp-Africa-2000,NCEP2000_r019_c020,12,27.622896194458008,27.277334213256836,0.3455619812011719,0.012668466005495071,6,28.148782394197248,4,4.440892098500626e-16,1.1075295016273137,0.2857142857142857
NCEP-AirTemp-Africa-2000,NCEP2000_r019_c021,1,28.08741569519043,,,,6,28.148782394197248,4,,0.7858742791489086,0.3636363636363636
NCEP-AirTemp-Africa-2000,NCEP2000_r019_c021,2,29.5451717376709,28.08741569519043,1.4577560424804688,0.051900682437298375,7,30.708706967035923,5,1.3208207024468321,0.7858742791489086,0.3636363636363636
NCEP-AirTemp-Africa-2000,NCEP2000_r019_c021,3,31.70934677124023,29.5451717376709,2.1641750335693324,0.07324970227910202,7,30.708706967035923,6,2.6416414048936643,0.7858742791489086,0.3636363636363636
NCEP-AirTemp-Africa-2000,NCEP2000_r019_c021,4,30.132661819458008,31.70934677124023,-1.576684951782223,-0.04972303476185911,7,30.708706967035923,3,-1.3208207024468313,0.7858742791489086,0.3636363636363636
NCEP-AirTemp-Africa-2000,NCEP2000_r019_c021,5,30.010643005371097,30.132661819458008,-0.12201881408691051,-0.0040493871672537575,7,30.708706967035923,4,4.440892098500626e-16,0.7858742791489086,0.3636363636363636
NCEP-AirTemp-Africa-2000,NCEP2000_r019_c021,6,27.942333221435547,30.010643005371097,-2.0683097839355504,-0.06891920921405711,6,28.148782394197248,2,-2.641641404893663,0.7858742791489086,0.3636363636363636
NCEP-AirTemp-Africa-2000,NCEP2000_r019_c021,7,24.991933822631836,27.942333221435547,-2.950399398803711,-0.10558887031453608,5,25.58885782135857,2,-2.641641404893663,0.7858742791489086,0.3636363636363636
NCEP-AirTemp-Africa-2000,NCEP2000_r019_c021,8,23.21096992492676,24.991933822631836,-1.7809638977050746,-0.07126154823970825,4,23.02893324851989,3,-1.3208207024468313,0.7858742791489086,0.3636363636363636
NCEP-AirTemp-Africa-2000,NCEP2000_r019_c021,9,24.38933563232422,23.21096992492676,1.1783657073974574,0.050767620276479054,5,25.58885782135857,5,1.3208207024468321,0.7858742791489086,0.3636363636363636
NCEP-AirTemp-Africa-2000,NCEP2000_r019_c021,10,24.372577667236328,24.38933563232422,-0.016757965087890625,-0.0006871021556520213,5,25.58885782135857,4,4.440892098500626e-16,0.7858742791489086,0.3636363636363636
NCEP-AirTemp-Africa-2000,NCEP2000_r019_c021,11,26.10233497619629,24.372577667236328,1.729757308959961,0.07097145540273511,5,25.58885782135857,5,1.3208207024468321,0.7858742791489086,0.3636363636363636
NCEP-AirTemp-Africa-2000,NCEP2000_r019_c021,12,27.22096824645996,26.10233497619629,1.1186332702636719,0.042855678286398365,6,28.148782394197248,5,1.3208207024468321,0.7858742791489086,0.3636363636363636
NCEP-AirTemp-Africa-2000,NCEP2000_r019_c022,1,23.752256393432617,,,,4,23.02893324851989,4,,0.5884421755104143,0.4615384615384616
NCEP-AirTemp-Africa-2000,NCEP2000_r019_c022,2,23.97069549560547,23.752256393432617,0.21843910217285156,0.009196562152017225,4,23.02893324851989,4,4.440892098500626e-16,0.5884421755104143,0.4615384615384616
NCEP-AirTemp-Africa-2000,NCEP2000_r019_c022,3,25.82645034790039,23.97069549560547,1.8557548522949219,0.07741764742016502,5,25.58885782135857,5,1.3208207024468321,0.5884421755104143,0.4615384615384616
NCEP-AirTemp-Africa-2000,NCEP2000_r019_c022,4,23.346338272094727,25.82645034790039,-2.480112075805664,-0.09602992445329558,4,23.02893324851989,2,-2.641641404893663,0.5884421755104143,0.4615384615384616
NCEP-AirTemp-Africa-2000,NCEP2000_r019_c022,5,22.9729061126709,23.346338272094727,-0.3734321594238281,-0.01599532033981457,4,23.02893324851989,4,4.440892098500626e-16,0.5884421755104143,0.4615384615384616
NCEP-AirTemp-Africa-2000,NCEP2000_r019_c022,6,21.688335418701172,22.9729061126709,-1.2845706939697266,-0.055916769418267495,3,20.469008675681216,3,-1.3208207024468313,0.5884421755104143,0.4615384615384616
NCEP-AirTemp-Africa-2000,NCEP2000_r019_c022,7,20.148069381713867,21.688335418701172,-1.5402660369873047,-0.07101817669507184,3,20.469008675681216,3,-1.3208207024468313,0.5884421755104143,0.4615384615384616
NCEP-AirTemp-Africa-2000,NCEP2000_r019_c022,8,19.262903213500977,20.148069381713867,-0.8851661682128906,-0.04393305142259716,3,20.469008675681216,3,-1.3208207024468313,0.5884421755104143,0.4615384615384616
NCEP-AirTemp-Africa-2000,NCEP2000_r019_c022,9,20.393003463745117,19.262903213500977,1.1301002502441406,0.05866718208146716,3,20.469008675681216,5,1.3208207024468321,0.5884421755104143,0.4615384615384616
NCEP-AirTemp-Africa-2000,NCEP2000_r019_c022,10,20.09064483642578,20.393003463745117,-0.30235862731933594,-0.014826586375904467,3,20.469008675681216,4,4.440892098500626e-16,0.5884421755104143,0.4615384615384616
NCEP-AirTemp-Africa-2000,NCEP2000_r019_c022,11,21.10599708557129,20.09064483642578,1.0153522491455078,0.05053855948439252,3,20.469008675681216,5,1.3208207024468321,0.5884421755104143,0.4615384615384616
NCEP-AirTemp-Africa-2000,NCEP2000_r019_c022,12,21.900964736938477,21.10599708557129,0.7949676513671875,0.037665486645530336,4,23.02893324851989,5,1.3208207024468321,0.5884421755104143,0.4615384615384616
NCEP-AirTemp-Africa-2000,NCEP2000_r019_c023,1,17.267427444458008,,,,2,17.909084102842538,4,,0.4640286104528088,0.5714285714285713
NCEP-AirTemp-Africa-2000,NCEP2000_r019_c023,2,17.8189697265625,17.267427444458008,0.5515422821044922,0.031941195865948756,2,17.909084102842538,4,4.440892098500626e-16,0.4640286104528088,0.5714285714285713
NCEP-AirTemp-Africa-2000,NCEP2000_r019_c023,3,18.167749404907227,17.8189697265625,0.34877967834472656,0.019573504175429704,2,17.909084102842538,4,4.440892098500626e-16,0.4640286104528088,0.5714285714285713
NCEP-AirTemp-Africa-2000,NCEP2000_r019_c023,4,16.210006713867188,18.167749404907227,-1.957742691040039,-0.1077592302385699,1,15.349159530003863,3,-1.3208207024468313,0.4640286104528088,0.5714285714285713
NCEP-AirTemp-Africa-2000,NCEP2000_r019_c023,5,15.72613525390625,16.210006713867188,-0.4838714599609375,-0.029850170237560703,1,15.349159530003863,4,4.440892098500626e-16,0.4640286104528088,0.5714285714285713
NCEP-AirTemp-Africa-2000,NCEP2000_r019_c023,6,14.358675956726074,15.72613525390625,-1.3674592971801758,-0.08695456799155467,1,15.349159530003863,3,-1.3208207024468313,0.4640286104528088,0.5714285714285713
NCEP-AirTemp-Africa-2000,NCEP2000_r019_c023,7,13.751620292663574,14.358675956726074,-0.6070556640625,-0.042277969493289894,0,12.789234957165185,4,4.440892098500626e-16,0.4640286104528088,0.5714285714285713
NCEP-AirTemp-Africa-2000,NCEP2000_r019_c023,8,13.854848861694336,13.751620292663574,0.10322856903076172,0.007506647713784948,0,12.789234957165185,4,4.440892098500626e-16,0.4640286104528088,0.5714285714285713
NCEP-AirTemp-Africa-2000,NCEP2000_r019_c023,9,14.48701000213623,13.854848861694336,0.6321611404418945,0.04562742955570476,1,15.349159530003863,4,4.440892098500626e-16,0.4640286104528088,0.5714285714285713
NCEP-AirTemp-Africa-2000,NCEP2000_r019_c023,10,14.613554954528809,14.48701000213623,0.12654495239257812,0.00873506350681873,1,15.349159530003863,4,4.440892098500626e-16,0.4640286104528088,0.5714285714285713
NCEP-AirTemp-Africa-2000,NCEP2000_r019_c023,11,14.876672744750977,14.613554954528809,0.26311779022216797,0.018005050177104683,1,15.349159530003863,4,4.440892098500626e-16,0.4640286104528088,0.5714285714285713
NCEP-AirTemp-Africa-2000,NCEP2000_r019_c023,12,15.31161880493164,14.876672744750977,0.43494606018066406,0.029236783496103227,1,15.349159530003863,4,4.440892098500626e-16,0.4640286104528088,0.5714285714285713
NCEP-AirTemp-Africa-2000,NCEP2000_r019_c024,1,17.84581184387207,,,,2,17.909084102842538,4,,0.3808348460634198,0.5714285714285716
NCEP-AirTemp-Africa-2000,NCEP2000_r019_c024,2,19.286209106445312,17.84581184387207,1.4403972625732422,0.08071346236163801,3,20.469008675681216,5,1.3208207024468321,0.3808348460634198,0.5714285714285716
NCEP-AirTemp-Africa-2000,NCEP2000_r019_c024,3,19.19097328186035,19.286209106445312,-0.09523582458496094,-0.004938027170572044,3,20.469008675681216,4,4.440892098500626e-16,0.3808348460634198,0.5714285714285716
NCEP-AirTemp-Africa-2000,NCEP2000_r019_c024,4,18.24867057800293,19.19097328186035,-0.9423027038574219,-0.049101350411868014,2,17.909084102842538,3,-1.3208207024468313,0.3808348460634198,0.5714285714285716
NCEP-AirTemp-Africa-2000,NCEP2000_r019_c024,5,17.87710189819336,18.24867057800293,-0.3715686798095703,-0.020361410888608055,2,17.909084102842538,4,4.440892098500626e-16,0.3808348460634198,0.5714285714285716
NCEP-AirTemp-Africa-2000,NCEP2000_r019_c024,6,16.58800506591797,17.87710189819336,-1.2890968322753906,-0.07210882611826838,1,15.349159530003863,3,-1.3208207024468313,0.3808348460634198,0.5714285714285716
NCEP-AirTemp-Africa-2000,NCEP2000_r019_c024,7,15.51968765258789,16.58800506591797,-1.0683174133300781,-0.06440300741920217,1,15.349159530003863,3,-1.3208207024468313,0.3808348460634198,0.5714285714285716
NCEP-AirTemp-Africa-2000,NCEP2000_r019_c024,8,15.451946258544922,15.51968765258789,-0.06774139404296875,-0.004364868389066641,1,15.349159530003863,4,4.440892098500626e-16,0.3808348460634198,0.5714285714285716
NCEP-AirTemp-Africa-2000,NCEP2000_r019_c024,9,16.449010848999023,15.451946258544922,0.9970645904541016,0.0645267964158706,1,15.349159530003863,5,1.3208207024468321,0.3808348460634198,0.5714285714285716
NCEP-AirTemp-Africa-2000,NCEP2000_r019_c024,10,16.548715591430664,16.449010848999023,0.09970474243164062,0.006061443046449689,1,15.349159530003863,4,4.440892098500626e-16,0.3808348460634198,0.5714285714285716
NCEP-AirTemp-Africa-2000,NCEP2000_r019_c024,11,16.396007537841797,16.548715591430664,-0.1527080535888672,-0.009227788872505804,1,15.349159530003863,4,4.440892098500626e-16,0.3808348460634198,0.5714285714285716
NCEP-AirTemp-Africa-2000,NCEP2000_r019_c024,12,17.19065284729004,16.396007537841797,0.7946453094482422,0.04846578092954702,2,17.909084102842538,5,1.3208207024468321,0.3808348460634198,0.5714285714285716
NCEP-AirTemp-Africa-2000,NCEP2000_r019_c025,1,23.160972595214844,,,,4,23.02893324851989,4,,0.3220363327121815,0.6315789473684212
NCEP-AirTemp-Africa-2000,NCEP2000_r019_c025,2,24.096900939941406,23.160972595214844,0.9359283447265625,0.040409716857915084,4,23.02893324851989,5,1.3208207024468321,0.3220363327121815,0.6315789473684212
NCEP-AirTemp-Africa-2000,NCEP2000_r019_c025,3,24.927419662475582,24.096900939941406,0.8305187225341761,0.03446578979612951,5,25.58885782135857,5,1.3208207024468321,0.3220363327121815,0.6315789473684212
NCEP-AirTemp-Africa-2000,NCEP2000_r019_c025,4,24.224666595458984,24.927419662475582,-0.702753067016598,-0.02819196998855382,4,23.02893324851989,3,-1.3208207024468313,0.3220363327121815,0.6315789473684212
NCEP-AirTemp-Africa-2000,NCEP2000_r019_c025,5,23.830970764160156,24.224666595458984,-0.3936958312988281,-0.016251857574486828,4,23.02893324851989,4,4.440892098500626e-16,0.3220363327121815,0.6315789473684212
NCEP-AirTemp-Africa-2000,NCEP2000_r019_c025,6,22.536001205444336,23.830970764160156,-1.2949695587158203,-0.05433977371426888,4,23.02893324851989,3,-1.3208207024468313,0.3220363327121815,0.6315789473684212
NCEP-AirTemp-Africa-2000,NCEP2000_r019_c025,7,21.927417755126953,22.536001205444336,-0.6085834503173828,-0.027004943990256748,4,23.02893324851989,4,4.440892098500626e-16,0.3220363327121815,0.6315789473684212
NCEP-AirTemp-Africa-2000,NCEP2000_r019_c025,8,21.55225944519043,21.927417755126953,-0.37515830993652344,-0.017109096662729743,3,20.469008675681216,4,4.440892098500626e-16,0.3220363327121815,0.6315789473684212
NCEP-AirTemp-Africa-2000,NCEP2000_r019_c025,9,23.38199806213379,21.55225944519043,1.8297386169433594,0.08489776311372686,4,23.02893324851989,5,1.3208207024468321,0.3220363327121815,0.6315789473684212
NCEP-AirTemp-Africa-2000,NCEP2000_r019_c025,10,23.367422103881836,23.38199806213379,-0.014575958251953125,-0.0006233837764086683,4,23.02893324851989,4,4.440892098500626e-16,0.3220363327121815,0.6315789473684212
NCEP-AirTemp-Africa-2000,NCEP2000_r019_c025,11,22.817338943481445,23.367422103881836,-0.5500831604003906,-0.02354060101088386,4,23.02893324851989,4,4.440892098500626e-16,0.3220363327121815,0.6315789473684212
NCEP-AirTemp-Africa-2000,NCEP2000_r019_c025,12,23.3448429107666,22.817338943481445,0.5275039672851562,0.023118557715769737,4,23.02893324851989,4,4.440892098500626e-16,0.3220363327121815,0.6315789473684212
NCEP-AirTemp-Africa-2000,NCEP2000_r019_c026,1,24.23387336730957,,,,4,23.02893324851989,4,,0.2785512935917306,0.7368421052631577
NCEP-AirTemp-Africa-2000,NCEP2000_r019_c026,2,24.825172424316406,24.23387336730957,0.5912990570068359,0.024399692448854354,5,25.58885782135857,4,4.440892098500626e-16,0.2785512935917306,0.7368421052631577
NCEP-AirTemp-Africa-2000,NCEP2000_r019_c026,3,26.13773727416992,24.825172424316406,1.312564849853512,0.05287233568488116,5,25.58885782135857,5,1.3208207024468321,0.2785512935917306,0.7368421052631577
NCEP-AirTemp-Africa-2000,NCEP2000_r019_c026,4,25.60966682434082,26.13773727416992,-0.528070449829098,-0.020203372782040808,5,25.58885782135857,4,4.440892098500626e-16,0.2785512935917306,0.7368421052631577
NCEP-AirTemp-Africa-2000,NCEP2000_r019_c026,5,25.493871688842773,25.60966682434082,-0.11579513549804688,-0.004521540100162056,5,25.58885782135857,4,4.440892098500626e-16,0.2785512935917306,0.7368421052631577
NCEP-AirTemp-Africa-2000,NCEP2000_r019_c026,6,24.387666702270508,25.493871688842773,-1.1062049865722656,-0.04339101569481849,5,25.58885782135857,3,-1.3208207024468313,0.2785512935917306,0.7368421052631577
NCEP-AirTemp-Africa-2000,NCEP2000_r019_c026,7,24.107097625732425,24.387666702270508,-0.2805690765380824,-0.011504547768481732,4,23.02893324851989,4,4.440892098500626e-16,0.2785512935917306,0.7368421052631577
NCEP-AirTemp-Africa-2000,NCEP2000_r019_c026,8,24.054841995239254,24.107097625732425,-0.05225563049317117,-0.0021676450356841134,4,23.02893324851989,4,4.440892098500626e-16,0.2785512935917306,0.7368421052631577
NCEP-AirTemp-Africa-2000,NCEP2000_r019_c026,9,26.003999710083008,24.054841995239254,1.9491577148437536,0.08102974508124042,5,25.58885782135857,5,1.3208207024468321,0.2785512935917306,0.7368421052631577
NCEP-AirTemp-Africa-2000,NCEP2000_r019_c026,10,25.27547836303711,26.003999710083008,-0.7285213470458984,-0.028015742007696433,5,25.58885782135857,3,-1.3208207024468313,0.2785512935917306,0.7368421052631577
NCEP-AirTemp-Africa-2000,NCEP2000_r019_c026,11,24.639001846313477,25.27547836303711,-0.6364765167236328,-0.025181581435642256,5,25.58885782135857,4,4.440892098500626e-16,0.2785512935917306,0.7368421052631577
NCEP-AirTemp-Africa-2000,NCEP2000_r019_c026,12,24.50322914123535,24.639001846313477,-0.135772705078125,-0.0055104791145766125,5,25.58885782135857,4,4.440892098500626e-16,0.2785512935917306,0.7368421052631577
NCEP-AirTemp-Africa-2000,NCEP2000_r019_c027,1,23.77775001525879,,,,4,23.02893324851989,4,,0.2452028117766504,0.9411764705882352
NCEP-AirTemp-Africa-2000,NCEP2000_r019_c027,2,24.327245712280273,23.77775001525879,0.5494956970214844,0.02310965910016124,5,25.58885782135857,4,4.440892098500626e-16,0.2452028117766504,0.9411764705882352
NCEP-AirTemp-Africa-2000,NCEP2000_r019_c027,3,25.51000213623047,24.327245712280273,1.1827564239501953,0.04861859159638223,5,25.58885782135857,5,1.3208207024468321,0.2452028117766504,0.9411764705882352
NCEP-AirTemp-Africa-2000,NCEP2000_r019_c027,4,25.68199920654297,25.51000213623047,0.1719970703125,0.006742338530353234,5,25.58885782135857,4,4.440892098500626e-16,0.2452028117766504,0.9411764705882352
NCEP-AirTemp-Africa-2000,NCEP2000_r019_c027,5,26.231929779052734,25.68199920654297,0.5499305725097656,0.02141307489681958,5,25.58885782135857,4,4.440892098500626e-16,0.2452028117766504,0.9411764705882352
NCEP-AirTemp-Africa-2000,NCEP2000_r019_c027,6,25.930997848510746,26.231929779052734,-0.30093193054198863,-0.011471970727151575,5,25.58885782135857,4,4.440892098500626e-16,0.2452028117766504,0.9411764705882352
NCEP-AirTemp-Africa-2000,NCEP2000_r019_c027,7,25.2274169921875,25.930997848510746,-0.7035808563232457,-0.02713281071687156,5,25.58885782135857,3,-1.3208207024468313,0.2452028117766504,0.9411764705882352
NCEP-AirTemp-Africa-2000,NCEP2000_r019_c027,8,25.387096405029297,25.2274169921875,0.15967941284179688,0.006329598186419437,5,25.58885782135857,4,4.440892098500626e-16,0.2452028117766504,0.9411764705882352
NCEP-AirTemp-Africa-2000,NCEP2000_r019_c027,9,26.657329559326172,25.387096405029297,1.270233154296875,0.05003459765667555,5,25.58885782135857,5,1.3208207024468321,0.2452028117766504,0.9411764705882352
NCEP-AirTemp-Africa-2000,NCEP2000_r019_c027,10,25.06806373596191,26.657329559326172,-1.5892658233642614,-0.05961834323379367,5,25.58885782135857,3,-1.3208207024468313,0.2452028117766504,0.9411764705882352
NCEP-AirTemp-Africa-2000,NCEP2000_r019_c027,11,24.723331451416016,25.06806373596191,-0.3447322845458949,-0.013751851286836807,5,25.58885782135857,4,4.440892098500626e-16,0.2452028117766504,0.9411764705882352
NCEP-AirTemp-Africa-2000,NCEP2000_r019_c027,12,24.21128845214844,24.723331451416016,-0.5120429992675746,-0.020710922404360985,4,23.02893324851989,4,4.440892098500626e-16,0.2452028117766504,0.9411764705882352
NCEP-AirTemp-Africa-2000,NCEP2000_r020_c003,1,27.71645164489746,,,,6,28.148782394197248,4,,2.956072147338025,1.0
NCEP-AirTemp-Africa-2000,NCEP2000_r020_c003,2,27.98448371887207,27.71645164489746,0.2680320739746094,0.009670504630557696,6,28.148782394197248,4,4.440892098500626e-16,2.956072147338025,1.0
NCEP-AirTemp-Africa-2000,NCEP2000_r020_c003,3,29.866127014160156,27.98448371887207,1.881643295288086,0.06723880683991859,7,30.708706967035923,5,1.3208207024468321,2.956072147338025,1.0
NCEP-AirTemp-Africa-2000,NCEP2000_r020_c003,4,27.99799537658691,29.866127014160156,-1.8681316375732457,-0.06255018056701914,6,28.148782394197248,3,-1.3208207024468313,2.956072147338025,1.0
NCEP-AirTemp-Africa-2000,NCEP2000_r020_c003,5,27.52677345275879,27.99799537658691,-0.47122192382812145,-0.016830559384339954,6,28.148782394197248,4,4.440892098500626e-16,2.956072147338025,1.0
NCEP-AirTemp-Africa-2000,NCEP2000_r020_c003,6,23.785999298095703,27.52677345275879,-3.740774154663086,-0.1358958455876774,4,23.02893324851989,1,-3.9624621073404946,2.956072147338025,1.0
NCEP-AirTemp-Africa-2000,NCEP2000_r020_c003,7,22.65967559814453,23.785999298095703,-1.1263236999511719,-0.0473523809462714,4,23.02893324851989,3,-1.3208207024468313,2.956072147338025,1.0
NCEP-AirTemp-Africa-2000,NCEP2000_r020_c003,8,22.810317993164062,22.65967559814453,0.15064239501953125,0.0066480384667054315,4,23.02893324851989,4,4.440892098500626e-16,2.956072147338025,1.0
NCEP-AirTemp-Africa-2000,NCEP2000_r020_c003,9,23.00366973876953,22.810317993164062,0.19335174560546875,0.008476503732364169,4,23.02893324851989,4,4.440892098500626e-16,2.956072147338025,1.0
NCEP-AirTemp-Africa-2000,NCEP2000_r020_c003,10,23.58290672302246,23.00366973876953,0.5792369842529297,0.025180199108697218,4,23.02893324851989,4,4.440892098500626e-16,2.956072147338025,1.0
NCEP-AirTemp-Africa-2000,NCEP2000_r020_c003,11,24.94666290283203,23.58290672302246,1.3637561798095703,0.05782816324665457,5,25.58885782135857,5,1.3208207024468321,2.956072147338025,1.0
NCEP-AirTemp-Africa-2000,NCEP2000_r020_c003,12,25.90451431274414,24.94666290283203,0.9578514099121094,0.038395973587448076,5,25.58885782135857,5,1.3208207024468321,2.956072147338025,1.0
NCEP-AirTemp-Africa-2000,NCEP2000_r020_c004,1,26.456125259399418,,,,5,25.58885782135857,4,,2.944013891769546,1.0
NCEP-AirTemp-Africa-2000,NCEP2000_r020_c004,2,25.930339813232425,26.456125259399418,-0.5257854461669922,-0.0198738644080236,5,25.58885782135857,4,4.440892098500626e-16,2.944013891769546,1.0
NCEP-AirTemp-Africa-2000,NCEP2000_r020_c004,3,29.34354591369629,25.930339813232425,3.4132061004638636,0.1316298253338771,6,28.148782394197248,7,3.962462107340496,2.944013891769546,1.0
NCEP-AirTemp-Africa-2000,NCEP2000_r020_c004,4,26.76532745361328,29.34354591369629,-2.578218460083008,-0.08786322101854799,5,25.58885782135857,2,-2.641641404893663,2.944013891769546,1.0
NCEP-AirTemp-Africa-2000,NCEP2000_r020_c004,5,25.88225746154785,26.76532745361328,-0.8830699920654297,-0.032993057663720696,5,25.58885782135857,3,-1.3208207024468313,2.944013891769546,1.0
NCEP-AirTemp-Africa-2000,NCEP2000_r020_c004,6,22.552005767822266,25.88225746154785,-3.330251693725586,-0.12866929009856257,4,23.02893324851989,1,-3.9624621073404946,2.944013891769546,1.0
NCEP-AirTemp-Africa-2000,NCEP2000_r020_c004,7,21.701610565185547,22.552005767822266,-0.8503952026367188,-0.037708184867976696,3,20.469008675681216,3,-1.3208207024468313,2.944013891769546,1.0
NCEP-AirTemp-Africa-2000,NCEP2000_r020_c004,8,22.019676208496097,21.701610565185547,0.3180656433105504,0.014656315131781141,4,23.02893324851989,4,4.440892098500626e-16,2.944013891769546,1.0
NCEP-AirTemp-Africa-2000,NCEP2000_r020_c004,9,22.219999313354492,22.019676208496097,0.20032310485839488,0.009097459152514786,4,23.02893324851989,4,4.440892098500626e-16,2.944013891769546,1.0
NCEP-AirTemp-Africa-2000,NCEP2000_r020_c004,10,22.91355323791504,22.219999313354492,0.6935539245605469,0.031213048874565556,4,23.02893324851989,5,1.3208207024468321,2.944013891769546,1.0
NCEP-AirTemp-Africa-2000,NCEP2000_r020_c004,11,23.89666748046875,22.91355323791504,0.9831142425537109,0.042905359650940236,4,23.02893324851989,5,1.3208207024468321,2.944013891769546,1.0
NCEP-AirTemp-Africa-2000,NCEP2000_r020_c004,12,24.45516014099121,23.89666748046875,0.5584926605224609,0.023371152524883594,5,25.58885782135857,4,4.440892098500626e-16,2.944013891769546,1.0
NCEP-AirTemp-Africa-2000,NCEP2000_r020_c005,1,27.406448364257812,,,,6,28.148782394197248,4,,2.9303041442554423,1.0
NCEP-AirTemp-Africa-2000,NCEP2000_r020_c005,2,25.94241714477539,27.406448364257812,-1.4640312194824219,-0.05341922455708423,5,25.58885782135857,3,-1.3208207024468313,2.9303041442554423,1.0
NCEP-AirTemp-Africa-2000,NCEP2000_r020_c005,3,29.446773529052734,25.94241714477539,3.5043563842773438,0.13508210760473008,7,30.708706967035923,7,3.962462107340496,2.9303041442554423,1.0
NCEP-AirTemp-Africa-2000,NCEP2000_r020_c005,4,27.857662200927734,29.446773529052734,-1.589111328125,-0.05396554996278805,6,28.148782394197248,3,-1.3208207024468313,2.9303041442554423,1.0
NCEP-AirTemp-Africa-2000,NCEP2000_r020_c005,5,26.547420501708984,27.857662200927734,-1.31024169921875,-0.04703344055823591,5,25.58885782135857,3,-1.3208207024468313,2.9303041442554423,1.0
NCEP-AirTemp-Africa-2000,NCEP2000_r020_c005,6,23.736003875732425,26.547420501708984,-2.811416625976559,-0.10590168735209414,4,23.02893324851989,2,-2.641641404893663,2.9303041442554423,1.0
NCEP-AirTemp-Africa-2000,NCEP2000_r020_c005,7,22.64613151550293,23.736003875732425,-1.0898723602294957,-0.04591642156512183,4,23.02893324851989,3,-1.3208207024468313,2.9303041442554423,1.0
NCEP-AirTemp-Africa-2000,NCEP2000_r020_c005,8,22.99451065063477,22.64613151550293,0.3483791351318395,0.015383604696164047,4,23.02893324851989,4,4.440892098500626e-16,2.9303041442554423,1.0
NCEP-AirTemp-Africa-2000,NCEP2000_r020_c005,9,23.304338455200195,22.99451065063477,0.30982780456542613,0.013473989913191445,4,23.02893324851989,4,4.440892098500626e-16,2.9303041442554423,1.0
NCEP-AirTemp-Africa-2000,NCEP2000_r020_c005,10,24.034521102905273,23.304338455200195,0.7301826477050781,0.03133247695954841,4,23.02893324851989,5,1.3208207024468321,2.9303041442554423,1.0
NCEP-AirTemp-Africa-2000,NCEP2000_r020_c005,11,25.19666290283203,24.034521102905273,1.1621417999267578,0.04835302500727918,5,25.58885782135857,5,1.3208207024468321,2.9303041442554423,1.0
NCEP-AirTemp-Africa-2000,NCEP2000_r020_c005,12,25.411291122436523,25.19666290283203,0.2146282196044922,0.008518120849264075,5,25.58885782135857,4,4.440892098500626e-16,2.9303041442554423,1.0
NCEP-AirTemp-Africa-2000,NCEP2000_r020_c006,1,28.673545837402344,,,,6,28.148782394197248,4,,2.914585081203364,1.0
NCEP-AirTemp-Africa-2000,NCEP2000_r020_c006,2,27.009654998779297,28.673545837402344,-1.6638908386230469,-0.058028778444716614,6,28.148782394197248,3,-1.3208207024468313,2.914585081203364,1.0
NCEP-AirTemp-Africa-2000,NCEP2000_r020_c006,3,30.304189682006836,27.009654998779297,3.294534683227539,0.12197618530767741,7,30.708706967035923,6,2.6416414048936643,2.914585081203364,1.0
NCEP-AirTemp-Africa-2000,NCEP2000_r020_c006,4,31.03966522216797,30.304189682006836,0.7354755401611328,0.024269764276119966,7,30.708706967035923,5,1.3208207024468321,2.914585081203364,1.0
NCEP-AirTemp-Africa-2000,NCEP2000_r020_c006,5,28.92193603515625,31.03966522216797,-2.1177291870117188,-0.06822654728567353,6,28.148782394197248,2,-2.641641404893663,2.914585081203364,1.0
NCEP-AirTemp-Africa-2000,NCEP2000_r020_c006,6,25.361665725708008,28.92193603515625,-3.560270309448242,-0.12309930791356886,5,25.58885782135857,1,-3.9624621073404946,2.914585081203364,1.0
NCEP-AirTemp-Africa-2000,NCEP2000_r020_c006,7,23.680326461791992,25.361665725708008,-1.6813392639160156,-0.06629451243857834,4,23.02893324851989,3,-1.3208207024468313,2.914585081203364,1.0
NCEP-AirTemp-Africa-2000,NCEP2000_r020_c006,8,23.8312931060791,23.680326461791992,0.15096664428710938,0.006375192695535376,4,23.02893324851989,4,4.440892098500626e-16,2.914585081203364,1.0
NCEP-AirTemp-Africa-2000,NCEP2000_r020_c006,9,24.238666534423828,23.8312931060791,0.40737342834472656,0.01709405471752643,4,23.02893324851989,4,4.440892098500626e-16,2.914585081203364,1.0
NCEP-AirTemp-Africa-2000,NCEP2000_r020_c006,10,24.928062438964844,24.238666534423828,0.6893959045410156,0.028441989725875947,5,25.58885782135857,5,1.3208207024468321,2.914585081203364,1.0
NCEP-AirTemp-Africa-2000,NCEP2000_r020_c006,11,26.264331817626953,24.928062438964844,1.3362693786621094,0.05360502373314815,5,25.58885782135857,5,1.3208207024468321,2.914585081203364,1.0
NCEP-AirTemp-Africa-2000,NCEP2000_r020_c006,12,26.202260971069336,26.264331817626953,-0.06207084655761719,-0.0023633133707197215,5,25.58885782135857,4,4.440892098500626e-16,2.914585081203364,1.0
NCEP-AirTemp-Africa-2000,NCEP2000_r020_c007,1,28.756772994995117,,,,6,28.148782394197248,4,,2.896389841813143,1.0
NCEP-AirTemp-Africa-2000,NCEP2000_r020_c007,2,27.24930763244629,28.756772994995117,-1.5074653625488281,-0.052421228307195325,6,28.148782394197248,3,-1.3208207024468313,2.896389841813143,1.0
NCEP-AirTemp-Africa-2000,NCEP2000_r020_c007,3,30.86354637145996,27.24930763244629,3.614238739013672,0.13263598428864762,7,30.708706967035923,7,3.962462107340496,2.896389841813143,1.0
NCEP-AirTemp-Africa-2000,NCEP2000_r020_c007,4,32.21432876586914,30.86354637145996,1.3507823944091797,0.043766272940632345,8,33.2686315398746,5,1.3208207024468321,2.896389841813143,1.0
NCEP-AirTemp-Africa-2000,NCEP2000_r020_c007,5,30.312576293945312,32.21432876586914,-1.9017524719238281,-0.059034365910449194,7,30.708706967035923,3,-1.3208207024468313,2.896389841813143,1.0
NCEP-AirTemp-Africa-2000,NCEP2000_r020_c007,6,26.8366641998291,30.312576293945312,-3.475912094116211,-0.11466897634862187,5,25.58885782135857,1,-3.9624621073404946,2.896389841813143,1.0
NCEP-AirTemp-Africa-2000,NCEP2000_r020_c007,7,24.3267765045166,26.8366641998291,-2.5098876953125,-0.0935245780408313,5,25.58885782135857,2,-2.641641404893663,2.896389841813143,1.0
NCEP-AirTemp-Africa-2000,NCEP2000_r020_c007,8,23.846778869628903,24.3267765045166,-0.47999763488769887,-0.019731246957383798,4,23.02893324851989,4,4.440892098500626e-16,2.896389841813143,1.0
NCEP-AirTemp-Africa-2000,NCEP2000_r020_c007,9,24.28366470336914,23.846778869628903,0.4368858337402379,0.018320538640824686,4,23.02893324851989,4,4.440892098500626e-16,2.896389841813143,1.0
NCEP-AirTemp-Africa-2000,NCEP2000_r020_c007,10,24.862577438354492,24.28366470336914,0.5789127349853516,0.023839595137591922,5,25.58885782135857,4,4.440892098500626e-16,2.896389841813143,1.0
NCEP-AirTemp-Africa-2000,NCEP2000_r020_c007,11,26.4493350982666,24.862577438354492,1.5867576599121094,0.06382112489529274,5,25.58885782135857,5,1.3208207024468321,2.896389841813143,1.0
NCEP-AirTemp-Africa-2000,NCEP2000_r020_c007,12,26.045804977416992,26.4493350982666,-0.4035301208496094,-0.015256720796586503,5,25.58885782135857,4,4.440892098500626e-16,2.896389841813143,1.0
NCEP-AirTemp-Africa-2000,NCEP2000_r020_c008,1,28.900962829589844,,,,6,28.148782394197248,4,,2.875098784928283,1.0
NCEP-AirTemp-Africa-2000,NCEP2000_r020_c008,2,27.59276008605957,28.900962829589844,-1.3082027435302734,-0.045265022872901954,6,28.148782394197248,3,-1.3208207024468313,2.875098784928283,1.0
NCEP-AirTemp-Africa-2000,NCEP2000_r020_c008,3,31.182573318481445,27.59276008605957,3.589813232421875,0.13009982405622128,7,30.708706967035923,7,3.962462107340496,2.875098784928283,1.0
NCEP-AirTemp-Africa-2000,NCEP2000_r020_c008,4,32.05332565307617,31.182573318481445,0.8707523345947266,0.027924325734805366,8,33.2686315398746,5,1.3208207024468321,2.875098784928283,1.0
NCEP-AirTemp-Africa-2000,NCEP2000_r020_c008,5,30.23902702331543,32.05332565307617,-1.8142986297607422,-0.056602508251327836,7,30.708706967035923,3,-1.3208207024468313,2.875098784928283,1.0
NCEP-AirTemp-Africa-2000,NCEP2000_r020_c008,6,27.44333267211914,30.23902702331543,-2.795694351196289,-0.09245318472187294,6,28.148782394197248,2,-2.641641404893663,2.875098784928283,1.0
NCEP-AirTemp-Africa-2000,NCEP2000_r020_c008,7,24.571931838989254,27.44333267211914,-2.8714008331298864,-0.10463017984864009,5,25.58885782135857,2,-2.641641404893663,2.875098784928283,1.0
NCEP-AirTemp-Africa-2000,NCEP2000_r020_c008,8,23.554197311401367,24.571931838989254,-1.017734527587887,-0.041418580120469305,4,23.02893324851989,3,-1.3208207024468313,2.875098784928283,1.0
NCEP-AirTemp-Africa-2000,NCEP2000_r020_c008,9,24.110002517700195,23.554197311401367,0.5558052062988281,0.023596864667079595,4,23.02893324851989,4,4.440892098500626e-16,2.875098784928283,1.0
NCEP-AirTemp-Africa-2000,NCEP2000_r020_c008,10,24.828712463378903,24.110002517700195,0.7187099456787074,0.0298096171973052,5,25.58885782135857,5,1.3208207024468321,2.875098784928283,1.0
NCEP-AirTemp-Africa-2000,NCEP2000_r020_c008,11,26.838001251220703,24.828712463378903,2.0092887878418004,0.08092601623243251,5,25.58885782135857,6,2.6416414048936643,2.875098784928283,1.0
NCEP-AirTemp-Africa-2000,NCEP2000_r020_c008,12,26.34064292907715,26.838001251220703,-0.4973583221435547,-0.018531868952831678,5,25.58885782135857,4,4.440892098500626e-16,2.875098784928283,1.0
NCEP-AirTemp-Africa-2000,NCEP2000_r020_c009,1,28.502580642700195,,,,6,28.148782394197248,4,,2.8498736728163685,0.9232867990256998
NCEP-AirTemp-Africa-2000,NCEP2000_r020_c009,2,27.397584915161133,28.502580642700195,-1.1049957275390625,-0.03876826949078603,6,28.148782394197248,3,-1.3208207024468313,2.8498736728163685,0.9232867990256998
NCEP-AirTemp-Africa-2000,NCEP2000_r020_c009,3,30.58193016052246,27.397584915161133,3.184345245361328,0.11622722423242465,7,30.708706967035923,6,2.6416414048936643,2.8498736728163685,0.9232867990256998
NCEP-AirTemp-Africa-2000,NCEP2000_r020_c009,4,32.00566101074219,30.58193016052246,1.4237308502197266,0.046554643305594536,8,33.2686315398746,5,1.3208207024468321,2.8498736728163685,0.9232867990256998
NCEP-AirTemp-Africa-2000,NCEP2000_r020_c009,5,29.79644775390625,32.00566101074219,-2.2092132568359375,-0.06902570317464933,7,30.708706967035923,2,-2.641641404893663,2.8498736728163685,0.9232867990256998
NCEP-AirTemp-Africa-2000,NCEP2000_r020_c009,6,26.994667053222656,29.79644775390625,-2.8017807006835938,-0.09403069533066358,6,28.148782394197248,2,-2.641641404893663,2.8498736728163685,0.9232867990256998
NCEP-AirTemp-Africa-2000,NCEP2000_r020_c009,7,24.297739028930664,26.994667053222656,-2.696928024291992,-0.09990595620145015,4,23.02893324851989,2,-2.641641404893663,2.8498736728163685,0.9232867990256998
NCEP-AirTemp-Africa-2000,NCEP2000_r020_c009,8,23.299999237060547,24.297739028930664,-0.9977397918701172,-0.041063071369814914,4,23.02893324851989,3,-1.3208207024468313,2.8498736728163685,0.9232867990256998
NCEP-AirTemp-Africa-2000,NCEP2000_r020_c009,9,23.891000747680664,23.299999237060547,0.5910015106201172,0.02536487253098623,4,23.02893324851989,4,4.440892098500626e-16,2.8498736728163685,0.9232867990256998
NCEP-AirTemp-Africa-2000,NCEP2000_r020_c009,10,24.876131057739254,23.891000747680664,0.9851303100585902,0.0412343677212528,5,25.58885782135857,5,1.3208207024468321,2.8498736728163685,0.9232867990256998
NCEP-AirTemp-Africa-2000,NCEP2000_r020_c009,11,26.95433235168457,24.876131057739254,2.078201293945316,0.08354198203577816,6,28.148782394197248,6,2.6416414048936643,2.8498736728163685,0.9232867990256998
NCEP-AirTemp-Africa-2000,NCEP2000_r020_c009,12,26.222576141357425,26.95433235168457,-0.7317562103271449,-0.027147999838378938,5,25.58885782135857,3,-1.3208207024468313,2.8498736728163685,0.9232867990256998
NCEP-AirTemp-Africa-2000,NCEP2000_r020_c010,1,27.26032066345215,,,,6,28.148782394197248,4,,2.8195563208776115,0.8389804600164203
NCEP-AirTemp-Africa-2000,NCEP2000_r020_c010,2,26.45241355895996,27.26032066345215,-0.8079071044921875,-0.029636742519149703,5,25.58885782135857,3,-1.3208207024468313,2.8195563208776115,0.8389804600164203
NCEP-AirTemp-Africa-2000,NCEP2000_r020_c010,3,29.815156936645508,26.45241355895996,3.362743377685547,0.1271242554177639,7,30.708706967035923,7,3.962462107340496,2.8195563208776115,0.8389804600164203
NCEP-AirTemp-Africa-2000,NCEP2000_r020_c010,4,30.75499725341797,29.815156936645508,0.9398403167724609,0.031522232761327935,7,30.708706967035923,5,1.3208207024468321,2.8195563208776115,0.8389804600164203
NCEP-AirTemp-Africa-2000,NCEP2000_r020_c010,5,28.68870735168457,30.75499725341797,-2.0662899017333984,-0.06718550109783412,6,28.148782394197248,2,-2.641641404893663,2.8195563208776115,0.8389804600164203
NCEP-AirTemp-Africa-2000,NCEP2000_r020_c010,6,25.77899932861328,28.68870735168457,-2.909708023071289,-0.10142346211009867,5,25.58885782135857,2,-2.641641404893663,2.8195563208776115,0.8389804600164203
NCEP-AirTemp-Africa-2000,NCEP2000_r020_c010,7,23.476131439208984,25.77899932861328,-2.302867889404297,-0.0893311590589259,4,23.02893324851989,2,-2.641641404893663,2.8195563208776115,0.8389804600164203
NCEP-AirTemp-Africa-2000,NCEP2000_r020_c010,8,22.65774154663086,23.476131439208984,-0.818389892578125,-0.03486050905351807,4,23.02893324851989,3,-1.3208207024468313,2.8195563208776115,0.8389804600164203
NCEP-AirTemp-Africa-2000,NCEP2000_r020_c010,9,23.140005111694336,22.65774154663086,0.48226356506347656,0.02128471472193961,4,23.02893324851989,4,4.440892098500626e-16,2.8195563208776115,0.8389804600164203
NCEP-AirTemp-Africa-2000,NCEP2000_r020_c010,10,24.29839324951172,23.140005111694336,1.1583881378173828,0.050059977611325794,4,23.02893324851989,5,1.3208207024468321,2.8195563208776115,0.8389804600164203
NCEP-AirTemp-Africa-2000,NCEP2000_r020_c010,11,26.152334213256836,24.29839324951172,1.8539409637451172,0.07629891181312462,5,25.58885782135857,5,1.3208207024468321,2.8195563208776115,0.8389804600164203
NCEP-AirTemp-Africa-2000,NCEP2000_r020_c010,12,24.965805053710938,26.152334213256836,-1.1865291595458984,-0.045369914206145195,5,25.58885782135857,3,-1.3208207024468313,2.8195563208776115,0.8389804600164203
NCEP-AirTemp-Africa-2000,NCEP2000_r020_c011,1,26.12096786499023,,,,5,25.58885782135857,4,,2.782508808552651,0.7556168939169059
NCEP-AirTemp-Africa-2000,NCEP2000_r020_c011,2,25.438276290893555,26.12096786499023,-0.6826915740966761,-0.026135768690703203,5,25.58885782135857,3,-1.3208207024468313,2.782508808552651,0.7556168939169059
NCEP-AirTemp-Africa-2000,NCEP2000_r020_c011,3,29.27999496459961,25.438276290893555,3.8417186737060547,0.15102118672566353,6,28.148782394197248,7,3.962462107340496,2.782508808552651,0.7556168939169059
NCEP-AirTemp-Africa-2000,NCEP2000_r020_c011,4,29.19599723815918,29.27999496459961,-0.08399772644042969,-0.0028687753034788922,6,28.148782394197248,4,4.440892098500626e-16,2.782508808552651,0.7556168939169059
NCEP-AirTemp-Africa-2000,NCEP2000_r020_c011,5,27.459999084472656,29.19599723815918,-1.7359981536865234,-0.05946014241354884,6,28.148782394197248,3,-1.3208207024468313,2.782508808552651,0.7556168939169059
NCEP-AirTemp-Africa-2000,NCEP2000_r020_c011,6,24.490665435791016,27.459999084472656,-2.9693336486816406,-0.10813305708959982,5,25.58885782135857,2,-2.641641404893663,2.782508808552651,0.7556168939169059
NCEP-AirTemp-Africa-2000,NCEP2000_r020_c011,7,22.334518432617188,24.490665435791016,-2.156147003173828,-0.08803954342632125,4,23.02893324851989,2,-2.641641404893663,2.782508808552651,0.7556168939169059
NCEP-AirTemp-Africa-2000,NCEP2000_r020_c011,8,21.819355010986328,22.334518432617188,-0.5151634216308594,-0.023065794912260924,4,23.02893324851989,4,4.440892098500626e-16,2.782508808552651,0.7556168939169059
NCEP-AirTemp-Africa-2000,NCEP2000_r020_c011,9,22.17900276184082,21.819355010986328,0.3596477508544922,0.016482968936222215,4,23.02893324851989,4,4.440892098500626e-16,2.782508808552651,0.7556168939169059
NCEP-AirTemp-Africa-2000,NCEP2000_r020_c011,10,23.54032516479492,22.17900276184082,1.361322402954098,0.06137888243092092,4,23.02893324851989,5,1.3208207024468321,2.782508808552651,0.7556168939169059
NCEP-AirTemp-Africa-2000,NCEP2000_r020_c011,11,25.51666259765625,23.54032516479492,1.9763374328613317,0.08395540074429339,5,25.58885782135857,5,1.3208207024468321,2.782508808552651,0.7556168939169059
NCEP-AirTemp-Africa-2000,NCEP2000_r020_c011,12,23.493223190307617,25.51666259765625,-2.023439407348633,-0.07929874840036837,4,23.02893324851989,2,-2.641641404893663,2.782508808552651,0.7556168939169059
NCEP-AirTemp-Africa-2000,NCEP2000_r020_c012,1,25.910001754760746,,,,5,25.58885782135857,4,,2.7363559805716027,0.6735462474878234
NCEP-AirTemp-Africa-2000,NCEP2000_r020_c012,2,25.15862274169922,25.910001754760746,-0.751379013061527,-0.028999573993601424,5,25.58885782135857,3,-1.3208207024468313,2.7363559805716027,0.6735462474878234
NCEP-AirTemp-Africa-2000,NCEP2000_r020_c012,3,29.506450653076172,25.15862274169922,4.347827911376953,0.17281661067124454,7,30.708706967035923,7,3.962462107340496,2.7363559805716027,0.6735462474878234
NCEP-AirTemp-Africa-2000,NCEP2000_r020_c012,4,29.974998474121097,29.506450653076172,0.4685478210449254,0.015879504673534068,7,30.708706967035923,4,4.440892098500626e-16,2.7363559805716027,0.6735462474878234
NCEP-AirTemp-Africa-2000,NCEP2000_r020_c012,5,28.07419204711914,29.974998474121097,-1.9008064270019567,-0.06341306167681766,6,28.148782394197248,3,-1.3208207024468313,2.7363559805716027,0.6735462474878234
NCEP-AirTemp-Africa-2000,NCEP2000_r020_c012,6,25.211336135864254,28.07419204711914,-2.8628559112548864,-0.1019746501145938,5,25.58885782135857,2,-2.641641404893663,2.7363559805716027,0.6735462474878234
NCEP-AirTemp-Africa-2000,NCEP2000_r020_c012,7,22.506128311157227,25.211336135864254,-2.7052078247070277,-0.10730124774540403,4,23.02893324851989,2,-2.641641404893663,2.7363559805716027,0.6735462474878234
NCEP-AirTemp-Africa-2000,NCEP2000_r020_c012,8,22.104516983032227,22.506128311157227,-0.401611328125,-0.017844532056893344,4,23.02893324851989,4,4.440892098500626e-16,2.7363559805716027,0.6735462474878234
NCEP-AirTemp-Africa-2000,NCEP2000_r020_c012,9,22.500001907348633,22.104516983032227,0.39548492431640625,0.017891588611503553,4,23.02893324851989,4,4.440892098500626e-16,2.7363559805716027,0.6735462474878234
NCEP-AirTemp-Africa-2000,NCEP2000_r020_c012,10,24.030000686645508,22.500001907348633,1.529998779296875,0.06799993998210144,4,23.02893324851989,5,1.3208207024468321,2.7363559805716027,0.6735462474878234
NCEP-AirTemp-Africa-2000,NCEP2000_r020_c012,11,26.028331756591797,24.030000686645508,1.998331069946289,0.08315984239887461,5,25.58885782135857,6,2.6416414048936643,2.7363559805716027,0.6735462474878234
NCEP-AirTemp-Africa-2000,NCEP2000_r020_c012,12,22.97806930541992,26.028331756591797,-3.0502624511718786,-0.1171900865448046,4,23.02893324851989,2,-2.641641404893663,2.7363559805716027,0.6735462474878234
NCEP-AirTemp-Africa-2000,NCEP2000_r020_c013,1,26.19193458557129,,,,5,25.58885782135857,4,,2.6775640431369845,0.593305303942457
NCEP-AirTemp-Africa-2000,NCEP2000_r020_c013,2,25.68069076538086,26.19193458557129,-0.5112438201904297,-0.019519131682318173,5,25.58885782135857,4,4.440892098500626e-16,2.6775640431369845,0.593305303942457
NCEP-AirTemp-Africa-2000,NCEP2000_r020_c013,3,30.267414093017575,25.68069076538086,4.586723327636715,0.1786059171671464,7,30.708706967035923,7,3.962462107340496,2.6775640431369845,0.593305303942457
NCEP-AirTemp-Africa-2000,NCEP2000_r020_c013,4,31.512996673583984,30.267414093017575,1.2455825805664098,0.041152593239002694,7,30.708706967035923,5,1.3208207024468321,2.6775640431369845,0.593305303942457
NCEP-AirTemp-Africa-2000,NCEP2000_r020_c013,5,29.185161590576172,31.512996673583984,-2.3278350830078125,-0.07386904860619423,6,28.148782394197248,2,-2.641641404893663,2.6775640431369845,0.593305303942457
NCEP-AirTemp-Africa-2000,NCEP2000_r020_c013,6,27.47066879272461,29.185161590576172,-1.7144927978515625,-0.05874535909388861,6,28.148782394197248,3,-1.3208207024468313,2.6775640431369845,0.593305303942457
NCEP-AirTemp-Africa-2000,NCEP2000_r020_c013,7,23.93870735168457,27.47066879272461,-3.531961441040039,-0.12857209512043083,4,23.02893324851989,1,-3.9624621073404946,2.6775640431369845,0.593305303942457
NCEP-AirTemp-Africa-2000,NCEP2000_r020_c013,8,23.308069229125977,23.93870735168457,-0.6306381225585938,-0.026343866997238497,4,23.02893324851989,4,4.440892098500626e-16,2.6775640431369845,0.593305303942457
NCEP-AirTemp-Africa-2000,NCEP2000_r020_c013,9,23.667341232299805,23.308069229125977,0.3592720031738281,0.015414061097985694,4,23.02893324851989,4,4.440892098500626e-16,2.6775640431369845,0.593305303942457
NCEP-AirTemp-Africa-2000,NCEP2000_r020_c013,10,25.32709503173828,23.667341232299805,1.6597537994384766,0.07012844337467622,5,25.58885782135857,5,1.3208207024468321,2.6775640431369845,0.593305303942457
NCEP-AirTemp-Africa-2000,NCEP2000_r020_c013,11,26.71366500854492,25.32709503173828,1.386569976806637,0.054746506658938855,5,25.58885782135857,5,1.3208207024468321,2.6775640431369845,0.593305303942457
NCEP-AirTemp-Africa-2000,NCEP2000_r020_c013,12,23.60419654846191,26.71366500854492,-3.109468460083008,-0.11639991963245702,4,23.02893324851989,2,-2.641641404893663,2.6775640431369845,0.593305303942457
NCEP-AirTemp-Africa-2000,NCEP2000_r020_c014,1,26.831932067871097,,,,5,25.58885782135857,4,,2.600752957031685,0.5157487750025214
NCEP-AirTemp-Africa-2000,NCEP2000_r020_c014,2,26.76827621459961,26.831932067871097,-0.06365585327148793,-0.002372391712623269,5,25.58885782135857,4,4.440892098500626e-16,2.600752957031685,0.5157487750025214
NCEP-AirTemp-Africa-2000,NCEP2000_r020_c014,3,30.92419052124023,26.76827621459961,4.1559143066406214,0.15525520856565117,7,30.708706967035923,7,3.962462107340496,2.600752957031685,0.5157487750025214
NCEP-AirTemp-Africa-2000,NCEP2000_r020_c014,4,33.283329010009766,30.92419052124023,2.359138488769535,0.0762878008770889,8,33.2686315398746,6,2.6416414048936643,2.600752957031685,0.5157487750025214
NCEP-AirTemp-Africa-2000,NCEP2000_r020_c014,5,31.008705139160156,33.283329010009766,-2.2746238708496094,-0.06834123684459358,7,30.708706967035923,2,-2.641641404893663,2.600752957031685,0.5157487750025214
NCEP-AirTemp-Africa-2000,NCEP2000_r020_c014,6,29.3093318939209,31.008705139160156,-1.6993732452392578,-0.054803102471156065,6,28.148782394197248,3,-1.3208207024468313,2.600752957031685,0.5157487750025214
NCEP-AirTemp-Africa-2000,NCEP2000_r020_c014,7,25.236129760742188,29.3093318939209,-4.073202133178711,-0.1389728755305931,5,25.58885782135857,1,-3.9624621073404946,2.600752957031685,0.5157487750025214
NCEP-AirTemp-Africa-2000,NCEP2000_r020_c014,8,24.633872985839844,25.236129760742188,-0.6022567749023438,-0.02386486282216008,5,25.58885782135857,4,4.440892098500626e-16,2.600752957031685,0.5157487750025214
NCEP-AirTemp-Africa-2000,NCEP2000_r020_c014,9,24.659334182739254,24.633872985839844,0.02546119689941051,0.0010335848087731163,5,25.58885782135857,4,4.440892098500626e-16,2.600752957031685,0.5157487750025214
NCEP-AirTemp-Africa-2000,NCEP2000_r020_c014,10,26.5306453704834,24.659334182739254,1.8713111877441442,0.07588652531640543,5,25.58885782135857,5,1.3208207024468321,2.600752957031685,0.5157487750025214
NCEP-AirTemp-Africa-2000,NCEP2000_r020_c014,11,27.718332290649418,26.5306453704834,1.1876869201660192,0.044766604942350074,6,28.148782394197248,5,1.3208207024468321,2.600752957031685,0.5157487750025214
NCEP-AirTemp-Africa-2000,NCEP2000_r020_c014,12,24.97032356262207,27.718332290649418,-2.7480087280273473,-0.09914047855448968,5,25.58885782135857,2,-2.641641404893663,2.600752957031685,0.5157487750025214
NCEP-AirTemp-Africa-2000,NCEP2000_r020_c015,1,26.92806053161621,,,,6,28.148782394197248,4,,2.4976344127310255,0.4422910729327225
NCEP-AirTemp-Africa-2000,NCEP2000_r020_c015,2,27.952068328857425,26.92806053161621,1.0240077972412145,0.03802753622151613,6,28.148782394197248,5,1.3208207024468321,2.4976344127310255,0.4422910729327225
NCEP-AirTemp-Africa-2000,NCEP2000_r020_c015,3,30.456445693969727,27.952068328857425,2.504377365112301,0.0895954222652929,7,30.708706967035923,6,2.6416414048936643,2.4976344127310255,0.4422910729327225
NCEP-AirTemp-Africa-2000,NCEP2000_r020_c015,4,33.84233093261719,30.456445693969727,3.385885238647461,0.11117138462804459,8,33.2686315398746,7,3.962462107340496,2.4976344127310255,0.4422910729327225
NCEP-AirTemp-Africa-2000,NCEP2000_r020_c015,5,32.23999786376953,33.84233093261719,-1.6023330688476562,-0.047347006683376235,8,33.2686315398746,3,-1.3208207024468313,2.4976344127310255,0.4422910729327225
NCEP-AirTemp-Africa-2000,NCEP2000_r020_c015,6,29.421995162963867,32.23999786376953,-2.818002700805664,-0.08740703745431888,6,28.148782394197248,2,-2.641641404893663,2.4976344127310255,0.4422910729327225
NCEP-AirTemp-Africa-2000,NCEP2000_r020_c015,7,25.23580741882324,29.421995162963867,-4.1861877441406286,-0.14228089294944085,5,25.58885782135857,1,-3.9624621073404946,2.4976344127310255,0.4422910729327225
NCEP-AirTemp-Africa-2000,NCEP2000_r020_c015,8,24.811613082885746,25.23580741882324,-0.4241943359374929,-0.016809223849960468,5,25.58885782135857,4,4.440892098500626e-16,2.4976344127310255,0.4422910729327225
NCEP-AirTemp-Africa-2000,NCEP2000_r020_c015,9,24.805665969848633,24.811613082885746,-0.005947113037112928,-0.00023969070520509831,5,25.58885782135857,4,4.440892098500626e-16,2.4976344127310255,0.4422910729327225
NCEP-AirTemp-Africa-2000,NCEP2000_r020_c015,10,26.30968475341797,24.805665969848633,1.504018783569336,0.060632066294752,5,25.58885782135857,5,1.3208207024468321,2.4976344127310255,0.4422910729327225
NCEP-AirTemp-Africa-2000,NCEP2000_r020_c015,11,28.133996963500977,26.30968475341797,1.8243122100830078,0.06933994942094493,6,28.148782394197248,5,1.3208207024468321,2.4976344127310255,0.4422910729327225
NCEP-AirTemp-Africa-2000,NCEP2000_r020_c015,12,25.352903366088867,28.133996963500977,-2.7810935974121094,-0.09885170603452116,5,25.58885782135857,2,-2.641641404893663,2.4976344127310255,0.4422910729327225
NCEP-AirTemp-Africa-2000,NCEP2000_r020_c016,1,25.74064064025879,,,,5,25.58885782135857,4,,2.3557183744408845,0.3753464619846356
NCEP-AirTemp-Africa-2000,NCEP2000_r020_c016,2,28.443443298339844,25.74064064025879,2.7028026580810547,0.10500137490182845,6,28.148782394197248,6,2.6416414048936643,2.3557183744408845,0.3753464619846356
NCEP-AirTemp-Africa-2000,NCEP2000_r020_c016,3,29.215808868408203,28.443443298339844,0.7723655700683594,0.027154432814870906,6,28.148782394197248,5,1.3208207024468321,2.3557183744408845,0.3753464619846356
NCEP-AirTemp-Africa-2000,NCEP2000_r020_c016,4,31.877662658691406,29.215808868408203,2.661853790283203,0.09111004943496646,7,30.708706967035923,6,2.6416414048936643,2.3557183744408845,0.3753464619846356
NCEP-AirTemp-Africa-2000,NCEP2000_r020_c016,5,31.088706970214844,31.877662658691406,-0.7889556884765625,-0.024749483578008023,7,30.708706967035923,3,-1.3208207024468313,2.3557183744408845,0.3753464619846356
NCEP-AirTemp-Africa-2000,NCEP2000_r020_c016,6,27.7919979095459,31.088706970214844,-3.2967090606689453,-0.10604201274203598,6,28.148782394197248,2,-2.641641404893663,2.3557183744408845,0.3753464619846356
NCEP-AirTemp-Africa-2000,NCEP2000_r020_c016,7,23.996129989624023,27.7919979095459,-3.795867919921875,-0.13658132575701165,4,23.02893324851989,1,-3.9624621073404946,2.3557183744408845,0.3753464619846356
NCEP-AirTemp-Africa-2000,NCEP2000_r020_c016,8,23.53419303894043,23.996129989624023,-0.46193695068359375,-0.019250477092903576,4,23.02893324851989,4,4.440892098500626e-16,2.3557183744408845,0.3753464619846356
NCEP-AirTemp-Africa-2000,NCEP2000_r020_c016,9,23.926000595092773,23.53419303894043,0.39180755615234375,0.016648438104678007,4,23.02893324851989,4,4.440892098500626e-16,2.3557183744408845,0.3753464619846356
NCEP-AirTemp-Africa-2000,NCEP2000_r020_c016,10,24.52419090270996,23.926000595092773,0.5981903076171875,0.025001684056627352,5,25.58885782135857,4,4.440892098500626e-16,2.3557183744408845,0.3753464619846356
NCEP-AirTemp-Africa-2000,NCEP2000_r020_c016,11,26.77400016784668,24.52419090270996,2.2498092651367188,0.09173836861986388,5,25.58885782135857,6,2.6416414048936643,2.3557183744408845,0.3753464619846356
NCEP-AirTemp-Africa-2000,NCEP2000_r020_c016,12,24.13225746154785,26.77400016784668,-2.641742706298828,-0.09866821131462226,4,23.02893324851989,2,-2.641641404893663,2.3557183744408845,0.3753464619846356
NCEP-AirTemp-Africa-2000,NCEP2000_r020_c017,1,24.315486907958984,,,,5,25.58885782135857,4,,2.1583595193402374,0.3190415629691771
NCEP-AirTemp-Africa-2000,NCEP2000_r020_c017,2,28.024133682250977,24.315486907958984,3.708646774291992,0.15252200329486604,6,28.148782394197248,7,3.962462107340496,2.1583595193402374,0.3190415629691771
NCEP-AirTemp-Africa-2000,NCEP2000_r020_c017,3,28.530000686645508,28.024133682250977,0.5058670043945312,0.018051120157013847,6,28.148782394197248,4,4.440892098500626e-16,2.1583595193402374,0.3190415629691771
NCEP-AirTemp-Africa-2000,NCEP2000_r020_c017,4,30.8056640625,28.530000686645508,2.275663375854492,0.07976387385506437,7,30.708706967035923,6,2.6416414048936643,2.1583595193402374,0.3190415629691771
NCEP-AirTemp-Africa-2000,NCEP2000_r020_c017,5,29.986448287963867,30.8056640625,-0.8192157745361328,-0.026593024350134727,7,30.708706967035923,3,-1.3208207024468313,2.1583595193402374,0.3190415629691771
NCEP-AirTemp-Africa-2000,NCEP2000_r020_c017,6,25.71333122253418,29.986448287963867,-4.2731170654296875,-0.14250160687235694,5,25.58885782135857,1,-3.9624621073404946,2.1583595193402374,0.3190415629691771
NCEP-AirTemp-Africa-2000,NCEP2000_r020_c017,7,22.77387237548828,25.71333122253418,-2.9394588470458984,-0.11431653182571183,4,23.02893324851989,2,-2.641641404893663,2.1583595193402374,0.3190415629691771
NCEP-AirTemp-Africa-2000,NCEP2000_r020_c017,8,22.250001907348633,22.77387237548828,-0.5238704681396484,-0.02300313532552746,4,23.02893324851989,4,4.440892098500626e-16,2.1583595193402374,0.3190415629691771
NCEP-AirTemp-Africa-2000,NCEP2000_r020_c017,9,23.11300277709961,22.250001907348633,0.8630008697509766,0.03878655261894375,4,23.02893324851989,5,1.3208207024468321,2.1583595193402374,0.3190415629691771
NCEP-AirTemp-Africa-2000,NCEP2000_r020_c017,10,23.350971221923828,23.11300277709961,0.23796844482421875,0.01029586882843272,4,23.02893324851989,4,4.440892098500626e-16,2.1583595193402374,0.3190415629691771
NCEP-AirTemp-Africa-2000,NCEP2000_r020_c017,11,25.295997619628903,23.350971221923828,1.9450263977050746,0.08329531046995264,5,25.58885782135857,5,1.3208207024468321,2.1583595193402374,0.3190415629691771
NCEP-AirTemp-Africa-2000,NCEP2000_r020_c017,12,22.817420959472656,25.295997619628903,-2.4785766601562464,-0.09798295751866092,4,23.02893324851989,2,-2.641641404893663,2.1583595193402374,0.3190415629691771
NCEP-AirTemp-Africa-2000,NCEP2000_r020_c018,1,23.34129524230957,,,,4,23.02893324851989,4,,1.8922613204948069,0.2608695652173913
NCEP-AirTemp-Africa-2000,NCEP2000_r020_c018,2,27.243444442749023,23.34129524230957,3.902149200439453,0.16717792050229616,6,28.148782394197248,7,3.962462107340496,1.8922613204948069,0.2608695652173913
NCEP-AirTemp-Africa-2000,NCEP2000_r020_c018,3,28.098386764526367,27.243444442749023,0.8549423217773438,0.03138157965208731,6,28.148782394197248,5,1.3208207024468321,1.8922613204948069,0.2608695652173913
NCEP-AirTemp-Africa-2000,NCEP2000_r020_c018,4,31.387664794921875,28.098386764526367,3.289278030395508,0.11706287830546035,7,30.708706967035923,6,2.6416414048936643,1.8922613204948069,0.2608695652173913
NCEP-AirTemp-Africa-2000,NCEP2000_r020_c018,5,29.76193046569824,31.387664794921875,-1.6257343292236364,-0.051795325961511464,7,30.708706967035923,3,-1.3208207024468313,1.8922613204948069,0.2608695652173913
NCEP-AirTemp-Africa-2000,NCEP2000_r020_c018,6,25.751665115356445,29.76193046569824,-4.010265350341793,-0.1347447993994804,5,25.58885782135857,1,-3.9624621073404946,1.8922613204948069,0.2608695652173913
NCEP-AirTemp-Africa-2000,NCEP2000_r020_c018,7,22.83645248413086,25.751665115356445,-2.915212631225586,-0.11320482066564162,4,23.02893324851989,2,-2.641641404893663,1.8922613204948069,0.2608695652173913
NCEP-AirTemp-Africa-2000,NCEP2000_r020_c018,8,22.25064468383789,22.83645248413086,-0.5858078002929688,-0.025652311833462265,4,23.02893324851989,4,4.440892098500626e-16,1.8922613204948069,0.2608695652173913
NCEP-AirTemp-Africa-2000,NCEP2000_r020_c018,9,22.97966766357422,22.25064468383789,0.7290229797363281,0.03276412841493377,4,23.02893324851989,5,1.3208207024468321,1.8922613204948069,0.2608695652173913
NCEP-AirTemp-Africa-2000,NCEP2000_r020_c018,10,23.08419609069824,22.97966766357422,0.10452842712401988,0.004548735371387077,4,23.02893324851989,4,4.440892098500626e-16,1.8922613204948069,0.2608695652173913
NCEP-AirTemp-Africa-2000,NCEP2000_r020_c018,11,24.743330001831055,23.08419609069824,1.659133911132816,0.07187315099100908,5,25.58885782135857,5,1.3208207024468321,1.8922613204948069,0.2608695652173913
NCEP-AirTemp-Africa-2000,NCEP2000_r020_c018,12,22.293546676635746,24.743330001831055,-2.449783325195309,-0.09900782655422775,4,23.02893324851989,2,-2.641641404893663,1.8922613204948069,0.2608695652173913
NCEP-AirTemp-Africa-2000,NCEP2000_r020_c019,1,24.158063888549805,,,,4,23.02893324851989,4,,1.5707963267948966,0.2608695652173913
NCEP-AirTemp-Africa-2000,NCEP2000_r020_c019,2,27.566545486450195,24.158063888549805,3.4084815979003906,0.14109084294275373,6,28.148782394197248,7,3.962462107340496,1.5707963267948966,0.2608695652173913
NCEP-AirTemp-Africa-2000,NCEP2000_r020_c019,3,28.79903030395508,27.566545486450195,1.2324848175048864,0.0447094402202369,6,28.148782394197248,5,1.3208207024468321,1.5707963267948966,0.2608695652173913
NCEP-AirTemp-Africa-2000,NCEP2000_r020_c019,4,32.42499542236328,28.79903030395508,3.6259651184081996,0.1259058058600755,8,33.2686315398746,7,3.962462107340496,1.5707963267948966,0.2608695652173913
NCEP-AirTemp-Africa-2000,NCEP2000_r020_c019,5,30.70354652404785,32.42499542236328,-1.7214488983154297,-0.053090181691379947,7,30.708706967035923,3,-1.3208207024468313,1.5707963267948966,0.2608695652173913
NCEP-AirTemp-Africa-2000,NCEP2000_r020_c019,6,28.10666275024414,30.70354652404785,-2.596883773803711,-0.08457927724309507,6,28.148782394197248,2,-2.641641404893663,1.5707963267948966,0.2608695652173913
NCEP-AirTemp-Africa-2000,NCEP2000_r020_c019,7,24.572900772094727,28.10666275024414,-3.533761978149414,-0.12572684311725052,5,25.58885782135857,1,-3.9624621073404946,1.5707963267948966,0.2608695652173913
NCEP-AirTemp-Africa-2000,NCEP2000_r020_c019,8,23.53548240661621,24.572900772094727,-1.0374183654785156,-0.042217985377478104,4,23.02893324851989,3,-1.3208207024468313,1.5707963267948966,0.2608695652173913
NCEP-AirTemp-Africa-2000,NCEP2000_r020_c019,9,23.60099983215332,23.53548240661621,0.06551742553710938,0.0027837723657064854,4,23.02893324851989,4,4.440892098500626e-16,1.5707963267948966,0.2608695652173913
NCEP-AirTemp-Africa-2000,NCEP2000_r020_c019,10,23.912904739379883,23.60099983215332,0.3119049072265625,0.013215749732841075,4,23.02893324851989,4,4.440892098500626e-16,1.5707963267948966,0.2608695652173913
NCEP-AirTemp-Africa-2000,NCEP2000_r020_c019,11,25.86300277709961,23.912904739379883,1.9500980377197266,0.08155002744222437,5,25.58885782135857,5,1.3208207024468321,1.5707963267948966,0.2608695652173913
NCEP-AirTemp-Africa-2000,NCEP2000_r020_c019,12,23.46806526184082,25.86300277709961,-2.394937515258789,-0.09260090701375889,4,23.02893324851989,2,-2.641641404893663,1.5707963267948966,0.2608695652173913
NCEP-AirTemp-Africa-2000,NCEP2000_r020_c020,1,25.85419273376465,,,,5,25.58885782135857,4,,1.249331333094987,0.3529411764705882
NCEP-AirTemp-Africa-2000,NCEP2000_r020_c020,2,28.619657516479492,25.85419273376465,2.7654647827148438,0.10696388052771208,6,28.148782394197248,6,2.6416414048936643,1.249331333094987,0.3529411764705882
NCEP-AirTemp-Africa-2000,NCEP2000_r020_c020,3,30.01612663269043,28.619657516479492,1.3964691162109375,0.0487940540660501,7,30.708706967035923,5,1.3208207024468321,1.249331333094987,0.3529411764705882
NCEP-AirTemp-Africa-2000,NCEP2000_r020_c020,4,32.0396614074707,30.01612663269043,2.0235347747802734,0.06741491997093492,8,33.2686315398746,6,2.6416414048936643,1.249331333094987,0.3529411764705882
NCEP-AirTemp-Africa-2000,NCEP2000_r020_c020,5,31.346126556396484,32.0396614074707,-0.6935348510742188,-0.021646135464855658,7,30.708706967035923,3,-1.3208207024468313,1.249331333094987,0.3529411764705882
NCEP-AirTemp-Africa-2000,NCEP2000_r020_c020,6,28.84132957458496,31.346126556396484,-2.5047969818115234,-0.07990770334270839,6,28.148782394197248,2,-2.641641404893663,1.249331333094987,0.3529411764705882
NCEP-AirTemp-Africa-2000,NCEP2000_r020_c020,7,25.570322036743164,28.84132957458496,-3.271007537841797,-0.11341389547880676,5,25.58885782135857,2,-2.641641404893663,1.249331333094987,0.3529411764705882
NCEP-AirTemp-Africa-2000,NCEP2000_r020_c020,8,24.138710021972656,25.570322036743164,-1.4316120147705078,-0.055987250090685566,4,23.02893324851989,3,-1.3208207024468313,1.249331333094987,0.3529411764705882
NCEP-AirTemp-Africa-2000,NCEP2000_r020_c020,9,24.207000732421875,24.138710021972656,0.06829071044921875,0.0028290952742319707,4,23.02893324851989,4,4.440892098500626e-16,1.249331333094987,0.3529411764705882
NCEP-AirTemp-Africa-2000,NCEP2000_r020_c020,10,25.033544540405273,24.207000732421875,0.8265438079833984,0.03414482517350277,5,25.58885782135857,5,1.3208207024468321,1.249331333094987,0.3529411764705882
NCEP-AirTemp-Africa-2000,NCEP2000_r020_c020,11,27.27566719055176,25.033544540405273,2.242122650146488,0.08956472969808972,6,28.148782394197248,6,2.6416414048936643,1.249331333094987,0.3529411764705882
NCEP-AirTemp-Africa-2000,NCEP2000_r020_c020,12,25.31096649169922,27.27566719055176,-1.9647006988525426,-0.0720312608717088,5,25.58885782135857,3,-1.3208207024468313,1.249331333094987,0.3529411764705882
NCEP-AirTemp-Africa-2000,NCEP2000_r020_c021,1,27.685800552368164,,,,6,28.148782394197248,4,,0.9832331342495556,0.4615384615384616
NCEP-AirTemp-Africa-2000,NCEP2000_r020_c021,2,29.727245330810547,27.685800552368164,2.041444778442383,0.07373616574969379,7,30.708706967035923,6,2.6416414048936643,0.9832331342495556,0.4615384615384616
NCEP-AirTemp-Africa-2000,NCEP2000_r020_c021,3,31.44676971435547,29.727245330810547,1.7195243835449219,0.05784338119491804,7,30.708706967035923,5,1.3208207024468321,0.9832331342495556,0.4615384615384616
NCEP-AirTemp-Africa-2000,NCEP2000_r020_c021,4,31.143329620361328,31.44676971435547,-0.3034400939941406,-0.009649324771682989,7,30.708706967035923,4,4.440892098500626e-16,0.9832331342495556,0.4615384615384616
NCEP-AirTemp-Africa-2000,NCEP2000_r020_c021,5,30.903547286987305,31.143329620361328,-0.23978233337402344,-0.0076993159144183206,7,30.708706967035923,4,4.440892098500626e-16,0.9832331342495556,0.4615384615384616
NCEP-AirTemp-Africa-2000,NCEP2000_r020_c021,6,28.214998245239254,30.903547286987305,-2.6885490417480504,-0.08699807231774101,6,28.148782394197248,2,-2.641641404893663,0.9832331342495556,0.4615384615384616
NCEP-AirTemp-Africa-2000,NCEP2000_r020_c021,7,25.731609344482425,28.214998245239254,-2.483388900756829,-0.08801662432057225,5,25.58885782135857,2,-2.641641404893663,0.9832331342495556,0.4615384615384616
NCEP-AirTemp-Africa-2000,NCEP2000_r020_c021,8,24.77806854248047,25.731609344482425,-0.9535408020019567,-0.03705717700111215,5,25.58885782135857,3,-1.3208207024468313,0.9832331342495556,0.4615384615384616
NCEP-AirTemp-Africa-2000,NCEP2000_r020_c021,9,25.183996200561523,24.77806854248047,0.4059276580810547,0.016382538347777864,5,25.58885782135857,4,4.440892098500626e-16,0.9832331342495556,0.4615384615384616
NCEP-AirTemp-Africa-2000,NCEP2000_r020_c021,10,25.31903076171875,25.183996200561523,0.13503456115722656,0.005361919533414468,5,25.58885782135857,4,4.440892098500626e-16,0.9832331342495556,0.4615384615384616
NCEP-AirTemp-Africa-2000,NCEP2000_r020_c021,11,27.457332611083984,25.31903076171875,2.1383018493652344,0.08445433277004631,6,28.148782394197248,6,2.6416414048936643,0.9832331342495556,0.4615384615384616
NCEP-AirTemp-Africa-2000,NCEP2000_r020_c021,12,27.10451316833496,27.457332611083984,-0.35281944274902344,-0.012849734813883457,6,28.148782394197248,4,4.440892098500626e-16,0.9832331342495556,0.4615384615384616
NCEP-AirTemp-Africa-2000,NCEP2000_r020_c022,1,24.87160873413086,,,,5,25.58885782135857,4,,0.7858742791489086,0.5454545454545454
NCEP-AirTemp-Africa-2000,NCEP2000_r020_c022,2,25.11034393310547,24.87160873413086,0.23873519897460938,0.009598703546948186,5,25.58885782135857,4,4.440892098500626e-16,0.7858742791489086,0.5454545454545454
NCEP-AirTemp-Africa-2000,NCEP2000_r020_c022,3,27.268062591552734,25.11034393310547,2.1577186584472656,0.08592947449049194,6,28.148782394197248,6,2.6416414048936643,0.7858742791489086,0.5454545454545454
NCEP-AirTemp-Africa-2000,NCEP2000_r020_c022,4,26.317665100097656,27.268062591552734,-0.9503974914550781,-0.03485386936692371,5,25.58885782135857,3,-1.3208207024468313,0.7858742791489086,0.5454545454545454
NCEP-AirTemp-Africa-2000,NCEP2000_r020_c022,5,25.179027557373047,26.317665100097656,-1.1386375427246094,-0.04326514295222885,5,25.58885782135857,3,-1.3208207024468313,0.7858742791489086,0.5454545454545454
NCEP-AirTemp-Africa-2000,NCEP2000_r020_c022,6,22.215999603271484,25.179027557373047,-2.9630279541015625,-0.11767841102480997,4,23.02893324851989,2,-2.641641404893663,0.7858742791489086,0.5454545454545454
NCEP-AirTemp-Africa-2000,NCEP2000_r020_c022,7,20.936777114868164,22.215999603271484,-1.2792224884033203,-0.0575811357241357,3,20.469008675681216,3,-1.3208207024468313,0.7858742791489086,0.5454545454545454
NCEP-AirTemp-Africa-2000,NCEP2000_r020_c022,8,20.911617279052734,20.936777114868164,-0.025159835815429688,-0.0012017052900449771,3,20.469008675681216,4,4.440892098500626e-16,0.7858742791489086,0.5454545454545454
NCEP-AirTemp-Africa-2000,NCEP2000_r020_c022,9,21.309667587280273,20.911617279052734,0.39805030822753906,0.01903488873748029,3,20.469008675681216,4,4.440892098500626e-16,0.7858742791489086,0.5454545454545454
NCEP-AirTemp-Africa-2000,NCEP2000_r020_c022,10,21.082256317138672,21.309667587280273,-0.22741127014160156,-0.01067174179091105,3,20.469008675681216,4,4.440892098500626e-16,0.7858742791489086,0.5454545454545454
NCEP-AirTemp-Africa-2000,NCEP2000_r020_c022,11,22.373666763305664,21.082256317138672,1.2914104461669922,0.061255798560666826,4,23.02893324851989,5,1.3208207024468321,0.7858742791489086,0.5454545454545454
NCEP-AirTemp-Africa-2000,NCEP2000_r020_c022,12,23.27322769165039,22.373666763305664,0.8995609283447266,0.040206236101633,4,23.02893324851989,5,1.3208207024468321,0.7858742791489086,0.5454545454545454
NCEP-AirTemp-Africa-2000,NCEP2000_r020_c023,1,17.105812072753906,,,,2,17.909084102842538,4,,0.6439582408587676,0.6666666666666665
NCEP-AirTemp-Africa-2000,NCEP2000_r020_c023,2,17.070005416870117,17.105812072753906,-0.03580665588378906,-0.002093245017044342,2,17.909084102842538,4,4.440892098500626e-16,0.6439582408587676,0.6666666666666665
NCEP-AirTemp-Africa-2000,NCEP2000_r020_c023,3,18.31807327270508,17.070005416870117,1.2480678558349645,0.07311467251214293,2,17.909084102842538,5,1.3208207024468321,0.6439582408587676,0.6666666666666665
NCEP-AirTemp-Africa-2000,NCEP2000_r020_c023,4,18.40900421142578,18.31807327270508,0.09093093872069957,0.004964001255317151,2,17.909084102842538,4,4.440892098500626e-16,0.6439582408587676,0.6666666666666665
NCEP-AirTemp-Africa-2000,NCEP2000_r020_c023,5,17.37839126586914,18.40900421142578,-1.0306129455566406,-0.055984176749602654,2,17.909084102842538,3,-1.3208207024468313,0.6439582408587676,0.6666666666666665
NCEP-AirTemp-Africa-2000,NCEP2000_r020_c023,6,14.810004234313965,17.37839126586914,-2.568387031555176,-0.14779199019413514,1,15.349159530003863,2,-2.641641404893663,0.6439582408587676,0.6666666666666665
NCEP-AirTemp-Africa-2000,NCEP2000_r020_c023,7,13.663874626159668,14.810004234313965,-1.1461296081542969,-0.07738887781671105,0,12.789234957165185,3,-1.3208207024468313,0.6439582408587676,0.6666666666666665
NCEP-AirTemp-Africa-2000,NCEP2000_r020_c023,8,13.880977630615234,13.663874626159668,0.2171030044555664,0.015888831711022865,0,12.789234957165185,4,4.440892098500626e-16,0.6439582408587676,0.6666666666666665
NCEP-AirTemp-Africa-2000,NCEP2000_r020_c023,9,14.51167106628418,13.880977630615234,0.6306934356689453,0.04543580808587411,1,15.349159530003863,4,4.440892098500626e-16,0.6439582408587676,0.6666666666666665
NCEP-AirTemp-Africa-2000,NCEP2000_r020_c023,10,14.721943855285645,14.51167106628418,0.21027278900146484,0.014489908711478722,1,15.349159530003863,4,4.440892098500626e-16,0.6439582408587676,0.6666666666666665
NCEP-AirTemp-Africa-2000,NCEP2000_r020_c023,11,14.722338676452637,14.721943855285645,0.0003948211669921875,2.6818548615129664e-05,1,15.349159530003863,4,4.440892098500626e-16,0.6439582408587676,0.6666666666666665
NCEP-AirTemp-Africa-2000,NCEP2000_r020_c023,12,14.995491981506348,14.722338676452637,0.27315330505371094,0.01855366263857255,1,15.349159530003863,4,4.440892098500626e-16,0.6439582408587676,0.6666666666666665
NCEP-AirTemp-Africa-2000,NCEP2000_r020_c024,1,17.904842376708984,,,,2,17.909084102842538,4,,0.5408396965581085,0.7692307692307692
NCEP-AirTemp-Africa-2000,NCEP2000_r020_c024,2,19.536903381347656,17.904842376708984,1.6320610046386719,0.0911519336669332,3,20.469008675681216,5,1.3208207024468321,0.5408396965581085,0.7692307692307692
NCEP-AirTemp-Africa-2000,NCEP2000_r020_c024,3,20.245162963867188,19.536903381347656,0.7082595825195312,0.036252397255325704,3,20.469008675681216,5,1.3208207024468321,0.5408396965581085,0.7692307692307692
NCEP-AirTemp-Africa-2000,NCEP2000_r020_c024,4,21.98000144958496,20.245162963867188,1.7348384857177734,0.08569150511724942,4,23.02893324851989,5,1.3208207024468321,0.5408396965581085,0.7692307692307692
NCEP-AirTemp-Africa-2000,NCEP2000_r020_c024,5,22.031936645507812,21.98000144958496,0.05193519592285156,0.002362838603171804,4,23.02893324851989,4,4.440892098500626e-16,0.5408396965581085,0.7692307692307692
NCEP-AirTemp-Africa-2000,NCEP2000_r020_c024,6,21.030668258666992,22.031936645507812,-1.0012683868408203,-0.04544622667317688,3,20.469008675681216,3,-1.3208207024468313,0.5408396965581085,0.7692307692307692
NCEP-AirTemp-Africa-2000,NCEP2000_r020_c024,7,18.625486373901367,21.030668258666992,-2.405181884765625,-0.11436545216647695,2,17.909084102842538,2,-2.641641404893663,0.5408396965581085,0.7692307692307692
NCEP-AirTemp-Africa-2000,NCEP2000_r020_c024,8,17.883230209350586,18.625486373901367,-0.7422561645507812,-0.039851639288778766,2,17.909084102842538,3,-1.3208207024468313,0.5408396965581085,0.7692307692307692
NCEP-AirTemp-Africa-2000,NCEP2000_r020_c024,9,19.066001892089844,17.883230209350586,1.1827716827392578,0.06613859291040292,2,17.909084102842538,5,1.3208207024468321,0.5408396965581085,0.7692307692307692
NCEP-AirTemp-Africa-2000,NCEP2000_r020_c024,10,19.248714447021484,19.066001892089844,0.18271255493164062,0.009583160432153577,3,20.469008675681216,4,4.440892098500626e-16,0.5408396965581085,0.7692307692307692
NCEP-AirTemp-Africa-2000,NCEP2000_r020_c024,11,17.994340896606445,19.248714447021484,-1.254373550415039,-0.06516661431429457,2,17.909084102842538,3,-1.3208207024468313,0.5408396965581085,0.7692307692307692
NCEP-AirTemp-Africa-2000,NCEP2000_r020_c024,12,17.52742576599121,17.994340896606445,-0.4669151306152344,-0.025947887355145638,2,17.909084102842538,4,4.440892098500626e-16,0.5408396965581085,0.7692307692307692
NCEP-AirTemp-Africa-2000,NCEP2000_r020_c025,1,22.89290428161621,,,,4,23.02893324851989,4,,0.4640286104528088,0.8571428571428571
NCEP-AirTemp-Africa-2000,NCEP2000_r020_c025,2,24.571720123291016,22.89290428161621,1.6788158416748047,0.0733334583075574,5,25.58885782135857,5,1.3208207024468321,0.4640286104528088,0.8571428571428571
NCEP-AirTemp-Africa-2000,NCEP2000_r020_c025,3,26.12064552307129,24.571720123291016,1.5489253997802734,0.06303691365555152,5,25.58885782135857,5,1.3208207024468321,0.4640286104528088,0.8571428571428571
NCEP-AirTemp-Africa-2000,NCEP2000_r020_c025,4,29.222332000732425,26.12064552307129,3.1016864776611364,0.1187446334326441,6,28.148782394197248,6,2.6416414048936643,0.4640286104528088,0.8571428571428571
NCEP-AirTemp-Africa-2000,NCEP2000_r020_c025,5,29.106130599975582,29.222332000732425,-0.11620140075684304,-0.00397645885187844,6,28.148782394197248,4,4.440892098500626e-16,0.4640286104528088,0.8571428571428571
NCEP-AirTemp-Africa-2000,NCEP2000_r020_c025,6,28.62799835205078,29.106130599975582,-0.47813224792480113,-0.016427200664220282,6,28.148782394197248,4,4.440892098500626e-16,0.4640286104528088,0.8571428571428571
NCEP-AirTemp-Africa-2000,NCEP2000_r020_c025,7,26.65935516357422,28.62799835205078,-1.9686431884765625,-0.06876635817381685,5,25.58885782135857,3,-1.3208207024468313,0.4640286104528088,0.8571428571428571
NCEP-AirTemp-Africa-2000,NCEP2000_r020_c025,8,25.25452041625977,26.65935516357422,-1.4048347473144496,-0.052695751217341276,5,25.58885782135857,3,-1.3208207024468313,0.4640286104528088,0.8571428571428571
NCEP-AirTemp-Africa-2000,NCEP2000_r020_c025,9,26.87766456604004,25.25452041625977,1.6231441497802699,0.06427143034303004,6,28.148782394197248,5,1.3208207024468321,0.4640286104528088,0.8571428571428571
NCEP-AirTemp-Africa-2000,NCEP2000_r020_c025,10,27.22934913635254,26.87766456604004,0.3516845703125,0.013084640201844541,6,28.148782394197248,4,4.440892098500626e-16,0.4640286104528088,0.8571428571428571
NCEP-AirTemp-Africa-2000,NCEP2000_r020_c025,11,24.8093318939209,27.22934913635254,-2.4200172424316406,-0.08887532457398319,5,25.58885782135857,2,-2.641641404893663,0.4640286104528088,0.8571428571428571
NCEP-AirTemp-Africa-2000,NCEP2000_r020_c025,12,23.934513092041016,24.8093318939209,-0.8748188018798828,-0.03526168320938308,4,23.02893324851989,3,-1.3208207024468313,0.4640286104528088,0.8571428571428571
NCEP-AirTemp-Africa-2000,NCEP2000_r020_c026,1,22.06032371520996,,,,4,23.02893324851989,4,,0.4052366730181907,0.8571428571428572
NCEP-AirTemp-Africa-2000,NCEP2000_r020_c026,2,23.014829635620117,22.06032371520996,0.9545059204101562,0.043267992470665866,4,23.02893324851989,5,1.3208207024468321,0.4052366730181907,0.8571428571428572
NCEP-AirTemp-Africa-2000,NCEP2000_r020_c026,3,24.93451690673828,23.014829635620117,1.919687271118164,0.08341088339611512,5,25.58885782135857,5,1.3208207024468321,0.4052366730181907,0.8571428571428572
NCEP-AirTemp-Africa-2000,NCEP2000_r020_c026,4,28.231664657592773,24.93451690673828,3.297147750854492,0.13223226915471034,6,28.148782394197248,6,2.6416414048936643,0.4052366730181907,0.8571428571428572
NCEP-AirTemp-Africa-2000,NCEP2000_r020_c026,5,28.377418518066406,28.231664657592773,0.1457538604736328,0.00516277953288996,6,28.148782394197248,4,4.440892098500626e-16,0.4052366730181907,0.8571428571428572
NCEP-AirTemp-Africa-2000,NCEP2000_r020_c026,6,28.309001922607425,28.377418518066406,-0.06841659545898082,-0.002410952053846039,6,28.148782394197248,4,4.440892098500626e-16,0.4052366730181907,0.8571428571428572
NCEP-AirTemp-Africa-2000,NCEP2000_r020_c026,7,27.650964736938477,28.309001922607425,-0.6580371856689489,-0.023244803453965776,6,28.148782394197248,4,4.440892098500626e-16,0.4052366730181907,0.8571428571428572
NCEP-AirTemp-Africa-2000,NCEP2000_r020_c026,8,26.907737731933594,27.650964736938477,-0.7432270050048828,-0.02687888151736051,6,28.148782394197248,3,-1.3208207024468313,0.4052366730181907,0.8571428571428572
NCEP-AirTemp-Africa-2000,NCEP2000_r020_c026,9,28.340333938598633,26.907737731933594,1.432596206665039,0.05324104987707164,6,28.148782394197248,5,1.3208207024468321,0.4052366730181907,0.8571428571428572
NCEP-AirTemp-Africa-2000,NCEP2000_r020_c026,10,27.322580337524418,28.340333938598633,-1.0177536010742152,-0.03591184222737994,6,28.148782394197248,3,-1.3208207024468313,0.4052366730181907,0.8571428571428572
NCEP-AirTemp-Africa-2000,NCEP2000_r020_c026,11,24.48033332824707,27.322580337524418,-2.8422470092773473,-0.10402557057811442,5,25.58885782135857,2,-2.641641404893663,0.4052366730181907,0.8571428571428572
NCEP-AirTemp-Africa-2000,NCEP2000_r020_c026,12,22.824195861816406,24.48033332824707,-1.656137466430664,-0.06765175311235244,4,23.02893324851989,3,-1.3208207024468313,0.4052366730181907,0.8571428571428572
NCEP-AirTemp-Africa-2000,NCEP2000_r020_c027,1,21.558393478393555,,,,3,20.469008675681216,4,,0.359083845037142,0.8571428571428571
NCEP-AirTemp-Africa-2000,NCEP2000_r020_c027,2,22.384483337402344,21.558393478393555,0.8260898590087891,0.03831871144928866,4,23.02893324851989,5,1.3208207024468321,0.359083845037142,0.8571428571428571
NCEP-AirTemp-Africa-2000,NCEP2000_r020_c027,3,24.344192504882812,22.384483337402344,1.9597091674804688,0.08754766138407943,5,25.58885782135857,5,1.3208207024468321,0.359083845037142,0.8571428571428571
NCEP-AirTemp-Africa-2000,NCEP2000_r020_c027,4,27.021333694458008,24.344192504882812,2.6771411895751953,0.10997042473428643,6,28.148782394197248,6,2.6416414048936643,0.359083845037142,0.8571428571428571
NCEP-AirTemp-Africa-2000,NCEP2000_r020_c027,5,28.6525821685791,27.021333694458008,1.6312484741210938,0.06036891045298988,6,28.148782394197248,5,1.3208207024468321,0.359083845037142,0.8571428571428571
NCEP-AirTemp-Africa-2000,NCEP2000_r020_c027,6,30.068330764770508,28.6525821685791,1.4157485961914062,0.049410855463628674,7,30.708706967035923,5,1.3208207024468321,0.359083845037142,0.8571428571428571
NCEP-AirTemp-Africa-2000,NCEP2000_r020_c027,7,29.587736129760746,30.068330764770508,-0.4805946350097621,-0.015983415865999776,7,30.708706967035923,4,4.440892098500626e-16,0.359083845037142,0.8571428571428571
NCEP-AirTemp-Africa-2000,NCEP2000_r020_c027,8,29.34902572631836,29.587736129760746,-0.23871040344238637,-0.00806788334178363,6,28.148782394197248,4,4.440892098500626e-16,0.359083845037142,0.8571428571428571
NCEP-AirTemp-Africa-2000,NCEP2000_r020_c027,9,29.75632667541504,29.34902572631836,0.4073009490966797,0.013877835431226523,7,30.708706967035923,4,4.440892098500626e-16,0.359083845037142,0.8571428571428571
NCEP-AirTemp-Africa-2000,NCEP2000_r020_c027,10,26.70354652404785,29.75632667541504,-3.0527801513671875,-0.10259264137899869,5,25.58885782135857,2,-2.641641404893663,0.359083845037142,0.8571428571428571
NCEP-AirTemp-Africa-2000,NCEP2000_r020_c027,11,23.987333297729492,26.70354652404785,-2.7162132263183594,-0.10171732147534322,4,23.02893324851989,2,-2.641641404893663,0.359083845037142,0.8571428571428571
NCEP-AirTemp-Africa-2000,NCEP2000_r020_c027,12,22.136449813842773,23.987333297729492,-1.8508834838867188,-0.0771608690684226,4,23.02893324851989,3,-1.3208207024468313,0.359083845037142,0.8571428571428571
NCEP-AirTemp-Africa-2000,NCEP2000_r020_c028,1,22.446453094482425,,,,4,23.02893324851989,4,,0.3220363327121815,0.9473684210526316
NCEP-AirTemp-Africa-2000,NCEP2000_r020_c028,2,22.731040954589844,22.446453094482425,0.2845878601074183,0.012678522477895316,4,23.02893324851989,4,4.440892098500626e-16,0.3220363327121815,0.9473684210526316
NCEP-AirTemp-Africa-2000,NCEP2000_r020_c028,3,24.598388671875,22.731040954589844,1.8673477172851562,0.0821496789793123,5,25.58885782135857,5,1.3208207024468321,0.3220363327121815,0.9473684210526316
NCEP-AirTemp-Africa-2000,NCEP2000_r020_c028,4,26.73566246032715,24.598388671875,2.1372737884521484,0.08688673949183663,5,25.58885782135857,6,2.6416414048936643,0.3220363327121815,0.9473684210526316
NCEP-AirTemp-Africa-2000,NCEP2000_r020_c028,5,28.81806182861328,26.73566246032715,2.082399368286133,0.0778884522265416,6,28.148782394197248,6,2.6416414048936643,0.3220363327121815,0.9473684210526316
NCEP-AirTemp-Africa-2000,NCEP2000_r020_c028,6,29.59166717529297,28.81806182861328,0.7736053466796875,0.026844461340962886,7,30.708706967035923,5,1.3208207024468321,0.3220363327121815,0.9473684210526316
NCEP-AirTemp-Africa-2000,NCEP2000_r020_c028,7,29.441932678222656,29.59166717529297,-0.1497344970703125,-0.005060022342888833,7,30.708706967035923,4,4.440892098500626e-16,0.3220363327121815,0.9473684210526316
NCEP-AirTemp-Africa-2000,NCEP2000_r020_c028,8,29.33290100097656,29.441932678222656,-0.1090316772460973,-0.003703278532619731,6,28.148782394197248,4,4.440892098500626e-16,0.3220363327121815,0.9473684210526316
NCEP-AirTemp-Africa-2000,NCEP2000_r020_c028,9,28.90765953063965,29.33290100097656,-0.4252414703369105,-0.014497081973677042,6,28.148782394197248,4,4.440892098500626e-16,0.3220363327121815,0.9473684210526316
NCEP-AirTemp-Africa-2000,NCEP2000_r020_c028,10,26.555482864379883,28.90765953063965,-2.3521766662597656,-0.08136863047548555,5,25.58885782135857,2,-2.641641404893663,0.3220363327121815,0.9473684210526316
NCEP-AirTemp-Africa-2000,NCEP2000_r020_c028,11,24.37200355529785,26.555482864379883,-2.1834793090820312,-0.08222329528832761,5,25.58885782135857,2,-2.641641404893663,0.3220363327121815,0.9473684210526316
NCEP-AirTemp-Africa-2000,NCEP2000_r020_c028,12,23.071617126464844,24.37200355529785,-1.3003864288330078,-0.053355745902570126,4,23.02893324851989,3,-1.3208207024468313,0.3220363327121815,0.9473684210526316
NCEP-AirTemp-Africa-2000,NCEP2000_r021_c002,1,27.17032241821289,,,,6,28.148782394197248,4,,2.910289595073704,1.0
NCEP-AirTemp-Africa-2000,NCEP2000_r021_c002,2,27.365169525146484,27.17032241821289,0.19484710693359375,0.007171321117742175,6,28.148782394197248,4,4.440892098500626e-16,2.910289595073704,1.0
NCEP-AirTemp-Africa-2000,NCEP2000_r021_c002,3,28.99903106689453,27.365169525146484,1.6338615417480469,0.05970588050794474,6,28.148782394197248,5,1.3208207024468321,2.910289595073704,1.0
NCEP-AirTemp-Africa-2000,NCEP2000_r021_c002,4,29.357999801635746,28.99903106689453,0.3589687347412145,0.012378645821412128,6,28.148782394197248,4,4.440892098500626e-16,2.910289595073704,1.0
NCEP-AirTemp-Africa-2000,NCEP2000_r021_c002,5,28.809995651245117,29.357999801635746,-0.5480041503906286,-0.018666263168245382,6,28.148782394197248,4,4.440892098500626e-16,2.910289595073704,1.0
NCEP-AirTemp-Africa-2000,NCEP2000_r021_c002,6,27.71699905395508,28.809995651245117,-1.0929965972900355,-0.03793810351522209,6,28.148782394197248,3,-1.3208207024468313,2.910289595073704,1.0
NCEP-AirTemp-Africa-2000,NCEP2000_r021_c002,7,25.650964736938477,27.71699905395508,-2.066034317016605,-0.07454033219811335,5,25.58885782135857,2,-2.641641404893663,2.910289595073704,1.0
NCEP-AirTemp-Africa-2000,NCEP2000_r021_c002,8,25.288387298583984,25.650964736938477,-0.3625774383544922,-0.014135041004222556,5,25.58885782135857,4,4.440892098500626e-16,2.910289595073704,1.0
NCEP-AirTemp-Africa-2000,NCEP2000_r021_c002,9,25.475669860839844,25.288387298583984,0.18728256225585938,0.007405872112151106,5,25.58885782135857,4,4.440892098500626e-16,2.910289595073704,1.0
NCEP-AirTemp-Africa-2000,NCEP2000_r021_c002,10,26.251609802246097,25.475669860839844,0.7759399414062536,0.03045807806604515,5,25.58885782135857,5,1.3208207024468321,2.910289595073704,1.0
NCEP-AirTemp-Africa-2000,NCEP2000_r021_c002,11,27.586336135864254,26.251609802246097,1.334726333618157,0.05084359944676449,6,28.148782394197248,5,1.3208207024468321,2.910289595073704,1.0
NCEP-AirTemp-Africa-2000,NCEP2000_r021_c002,12,25.879676818847656,27.586336135864254,-1.706659317016598,-0.06186611040375949,5,25.58885782135857,3,-1.3208207024468313,2.910289595073704,1.0
NCEP-AirTemp-Africa-2000,NCEP2000_r021_c003,1,27.679676055908203,,,,6,28.148782394197248,4,,2.896389841813143,1.0
NCEP-AirTemp-Africa-2000,NCEP2000_r021_c003,2,27.53034782409668,27.679676055908203,-0.14932823181152344,-0.005394869199693884,6,28.148782394197248,4,4.440892098500626e-16,2.896389841813143,1.0
NCEP-AirTemp-Africa-2000,NCEP2000_r021_c003,3,31.790637969970703,27.53034782409668,4.260290145874023,0.15474886743512517,7,30.708706967035923,7,3.962462107340496,2.896389841813143,1.0
NCEP-AirTemp-Africa-2000,NCEP2000_r021_c003,4,32.892333984375,31.790637969970703,1.1016960144042969,0.0346547312276323,8,33.2686315398746,5,1.3208207024468321,2.896389841813143,1.0
NCEP-AirTemp-Africa-2000,NCEP2000_r021_c003,5,32.4222526550293,32.892333984375,-0.4700813293457031,-0.014291516362718682,8,33.2686315398746,4,4.440892098500626e-16,2.896389841813143,1.0
NCEP-AirTemp-Africa-2000,NCEP2000_r021_c003,6,28.07399559020996,32.4222526550293,-4.348257064819336,-0.13411335452488493,6,28.148782394197248,1,-3.9624621073404946,2.896389841813143,1.0
NCEP-AirTemp-Africa-2000,NCEP2000_r021_c003,7,24.162254333496097,28.07399559020996,-3.9117412567138636,-0.13933681951841498,4,23.02893324851989,1,-3.9624621073404946,2.896389841813143,1.0
NCEP-AirTemp-Africa-2000,NCEP2000_r021_c003,8,23.699031829833984,24.162254333496097,-0.4632225036621129,-0.01917132802546277,4,23.02893324851989,4,4.440892098500626e-16,2.896389841813143,1.0
NCEP-AirTemp-Africa-2000,NCEP2000_r021_c003,9,23.803001403808594,23.699031829833984,0.10396957397460938,0.004387081072389011,4,23.02893324851989,4,4.440892098500626e-16,2.896389841813143,1.0
NCEP-AirTemp-Africa-2000,NCEP2000_r021_c003,10,24.818706512451172,23.803001403808594,1.0157051086425781,0.042671303984381584,5,25.58885782135857,5,1.3208207024468321,2.896389841813143,1.0
NCEP-AirTemp-Africa-2000,NCEP2000_r021_c003,11,25.52199935913086,24.818706512451172,0.7032928466796875,0.028337207917215834,5,25.58885782135857,5,1.3208207024468321,2.896389841813143,1.0
NCEP-AirTemp-Africa-2000,NCEP2000_r021_c003,12,23.8529052734375,25.52199935913086,-1.6690940856933594,-0.06539824965148026,4,23.02893324851989,3,-1.3208207024468313,2.896389841813143,1.0
NCEP-AirTemp-Africa-2000,NCEP2000_r021_c004,1,26.2580623626709,,,,5,25.58885782135857,4,,2.8807530938192816,1.0
NCEP-AirTemp-Africa-2000,NCEP2000_r021_c004,2,25.22034454345703,26.2580623626709,-1.0377178192138672,-0.03951996932908165,5,25.58885782135857,3,-1.3208207024468313,2.8807530938192816,1.0
NCEP-AirTemp-Africa-2000,NCEP2000_r021_c004,3,30.426448822021484,25.22034454345703,5.206104278564453,0.20642478811476364,7,30.708706967035923,8,5.283282809787327,2.8807530938192816,1.0
NCEP-AirTemp-Africa-2000,NCEP2000_r021_c004,4,32.266658782958984,30.426448822021484,1.8402099609375,0.06048060263955705,8,33.2686315398746,5,1.3208207024468321,2.8807530938192816,1.0
NCEP-AirTemp-Africa-2000,NCEP2000_r021_c004,5,31.58418846130371,32.266658782958984,-0.6824703216552734,-0.02115094488852707,7,30.708706967035923,3,-1.3208207024468313,2.8807530938192816,1.0
NCEP-AirTemp-Africa-2000,NCEP2000_r021_c004,6,27.062328338623047,31.58418846130371,-4.521860122680664,-0.1431684758410289,6,28.148782394197248,1,-3.9624621073404946,2.8807530938192816,1.0
NCEP-AirTemp-Africa-2000,NCEP2000_r021_c004,7,23.64742088317871,27.062328338623047,-3.414907455444336,-0.1261867572041323,4,23.02893324851989,1,-3.9624621073404946,2.8807530938192816,1.0
NCEP-AirTemp-Africa-2000,NCEP2000_r021_c004,8,23.393869400024418,23.64742088317871,-0.2535514831542933,-0.010722162235233607,4,23.02893324851989,4,4.440892098500626e-16,2.8807530938192816,1.0
NCEP-AirTemp-Africa-2000,NCEP2000_r021_c004,9,23.464998245239254,23.393869400024418,0.07112884521483664,0.0030404908225555197,4,23.02893324851989,4,4.440892098500626e-16,2.8807530938192816,1.0
NCEP-AirTemp-Africa-2000,NCEP2000_r021_c004,10,24.56580352783203,23.464998245239254,1.100805282592777,0.04691265139199898,5,25.58885782135857,5,1.3208207024468321,2.8807530938192816,1.0
NCEP-AirTemp-Africa-2000,NCEP2000_r021_c004,11,24.801666259765625,24.56580352783203,0.23586273193359375,0.009601262652221863,5,25.58885782135857,4,4.440892098500626e-16,2.8807530938192816,1.0
NCEP-AirTemp-Africa-2000,NCEP2000_r021_c004,12,22.9341983795166,24.801666259765625,-1.8674678802490234,-0.07529606521955799,4,23.02893324851989,3,-1.3208207024468313,2.8807530938192816,1.0
NCEP-AirTemp-Africa-2000,NCEP2000_r021_c005,1,26.534517288208008,,,,5,25.58885782135857,4,,2.863041359998063,1.0
NCEP-AirTemp-Africa-2000,NCEP2000_r021_c005,2,24.79138565063477,26.534517288208008,-1.7431316375732386,-0.06569298467501762,5,25.58885782135857,3,-1.3208207024468313,2.863041359998063,1.0
NCEP-AirTemp-Africa-2000,NCEP2000_r021_c005,3,29.64515686035156,24.79138565063477,4.85377120971679,0.19578458736099374,7,30.708706967035923,8,5.283282809787327,2.863041359998063,1.0
NCEP-AirTemp-Africa-2000,NCEP2000_r021_c005,4,32.903663635253906,29.64515686035156,3.2585067749023473,0.10991700230334707,8,33.2686315398746,6,2.6416414048936643,2.863041359998063,1.0
NCEP-AirTemp-Africa-2000,NCEP2000_r021_c005,5,31.29774284362793,32.903663635253906,-1.6059207916259766,-0.048806747158251035,7,30.708706967035923,3,-1.3208207024468313,2.863041359998063,1.0
NCEP-AirTemp-Africa-2000,NCEP2000_r021_c005,6,27.758996963500977,31.29774284362793,-3.538745880126953,-0.11306712748607764,6,28.148782394197248,1,-3.9624621073404946,2.863041359998063,1.0
NCEP-AirTemp-Africa-2000,NCEP2000_r021_c005,7,24.55838394165039,27.758996963500977,-3.200613021850586,-0.11530002420688774,5,25.58885782135857,2,-2.641641404893663,2.863041359998063,1.0
NCEP-AirTemp-Africa-2000,NCEP2000_r021_c005,8,24.27548599243164,24.55838394165039,-0.28289794921875,-0.01151940412247413,4,23.02893324851989,4,4.440892098500626e-16,2.863041359998063,1.0
NCEP-AirTemp-Africa-2000,NCEP2000_r021_c005,9,24.25066375732422,24.27548599243164,-0.024822235107421875,-0.0010225226846194014,4,23.02893324851989,4,4.440892098500626e-16,2.863041359998063,1.0
NCEP-AirTemp-Africa-2000,NCEP2000_r021_c005,10,25.38903045654297,24.25066375732422,1.13836669921875,0.046941671807846454,5,25.58885782135857,5,1.3208207024468321,2.863041359998063,1.0
NCEP-AirTemp-Africa-2000,NCEP2000_r021_c005,11,25.919330596923828,25.38903045654297,0.5303001403808594,0.020886978779616868,5,25.58885782135857,4,4.440892098500626e-16,2.863041359998063,1.0
NCEP-AirTemp-Africa-2000,NCEP2000_r021_c005,12,23.571613311767575,25.919330596923828,-2.3477172851562536,-0.09057785178429287,4,23.02893324851989,2,-2.641641404893663,2.863041359998063,1.0
NCEP-AirTemp-Africa-2000,NCEP2000_r021_c006,1,26.78354835510254,,,,5,25.58885782135857,4,,2.842825962296276,1.0
NCEP-AirTemp-Africa-2000,NCEP2000_r021_c006,2,24.55103874206543,26.78354835510254,-2.2325096130371094,-0.08335376565636396,5,25.58885782135857,2,-2.641641404893663,2.842825962296276,1.0
NCEP-AirTemp-Africa-2000,NCEP2000_r021_c006,3,29.080320358276367,24.55103874206543,4.5292816162109375,0.18448431709125715,6,28.148782394197248,7,3.962462107340496,2.842825962296276,1.0
NCEP-AirTemp-Africa-2000,NCEP2000_r021_c006,4,33.696998596191406,29.080320358276367,4.616678237915039,0.15875609969341742,8,33.2686315398746,7,3.962462107340496,2.842825962296276,1.0
NCEP-AirTemp-Africa-2000,NCEP2000_r021_c006,5,31.713869094848633,33.696998596191406,-1.9831295013427734,-0.058851814225582576,7,30.708706967035923,2,-2.641641404893663,2.842825962296276,1.0
NCEP-AirTemp-Africa-2000,NCEP2000_r021_c006,6,28.676660537719727,31.713869094848633,-3.0372085571289062,-0.09576909547193181,6,28.148782394197248,2,-2.641641404893663,2.842825962296276,1.0
NCEP-AirTemp-Africa-2000,NCEP2000_r021_c006,7,25.31871032714844,28.676660537719727,-3.3579502105712855,-0.1170969752964931,5,25.58885782135857,1,-3.9624621073404946,2.842825962296276,1.0
NCEP-AirTemp-Africa-2000,NCEP2000_r021_c006,8,24.60354804992676,25.31871032714844,-0.7151622772216797,-0.028246394385058157,5,25.58885782135857,3,-1.3208207024468313,2.842825962296276,1.0
NCEP-AirTemp-Africa-2000,NCEP2000_r021_c006,9,24.80733299255371,24.60354804992676,0.20378494262694957,0.008282746139435616,5,25.58885782135857,4,4.440892098500626e-16,2.842825962296276,1.0
NCEP-AirTemp-Africa-2000,NCEP2000_r021_c006,10,25.85193634033203,24.80733299255371,1.0446033477783203,0.04210865182854898,5,25.58885782135857,5,1.3208207024468321,2.842825962296276,1.0
NCEP-AirTemp-Africa-2000,NCEP2000_r021_c006,11,26.75133514404297,25.85193634033203,0.8993988037109375,0.03479038443661068,5,25.58885782135857,5,1.3208207024468321,2.842825962296276,1.0
NCEP-AirTemp-Africa-2000,NCEP2000_r021_c006,12,23.545486450195312,26.75133514404297,-3.2058486938476562,-0.11983882959806363,4,23.02893324851989,2,-2.641641404893663,2.842825962296276,1.0
NCEP-AirTemp-Africa-2000,NCEP2000_r021_c007,1,27.05322265625,,,,6,28.148782394197248,4,,2.8195563208776115,1.0
NCEP-AirTemp-Africa-2000,NCEP2000_r021_c007,2,24.33517265319824,27.05322265625,-2.7180500030517614,-0.10047047028697784,5,25.58885782135857,2,-2.641641404893663,2.8195563208776115,1.0
NCEP-AirTemp-Africa-2000,NCEP2000_r021_c007,3,29.241933822631836,24.33517265319824,4.906761169433597,0.2016324781977139,6,28.148782394197248,8,5.283282809787327,2.8195563208776115,1.0
NCEP-AirTemp-Africa-2000,NCEP2000_r021_c007,4,33.89133071899414,29.241933822631836,4.649396896362305,0.1589975862938277,8,33.2686315398746,8,5.283282809787327,2.8195563208776115,1.0
NCEP-AirTemp-Africa-2000,NCEP2000_r021_c007,5,32.84934997558594,33.89133071899414,-1.0419807434082031,-0.030744757473457153,8,33.2686315398746,3,-1.3208207024468313,2.8195563208776115,1.0
NCEP-AirTemp-Africa-2000,NCEP2000_r021_c007,6,29.986995697021484,32.84934997558594,-2.862354278564453,-0.08713579661977458,7,30.708706967035923,2,-2.641641404893663,2.8195563208776115,1.0
NCEP-AirTemp-Africa-2000,NCEP2000_r021_c007,7,26.221933364868164,29.986995697021484,-3.7650623321533203,-0.12555650356555367,5,25.58885782135857,1,-3.9624621073404946,2.8195563208776115,1.0
NCEP-AirTemp-Africa-2000,NCEP2000_r021_c007,8,24.62613296508789,26.221933364868164,-1.5958003997802734,-0.06085746529728841,5,25.58885782135857,3,-1.3208207024468313,2.8195563208776115,1.0
NCEP-AirTemp-Africa-2000,NCEP2000_r021_c007,9,25.1323299407959,24.62613296508789,0.5061969757080078,0.020555276641510703,5,25.58885782135857,4,4.440892098500626e-16,2.8195563208776115,1.0
NCEP-AirTemp-Africa-2000,NCEP2000_r021_c007,10,26.165807723999023,25.1323299407959,1.033477783203125,0.04112144738023428,5,25.58885782135857,5,1.3208207024468321,2.8195563208776115,1.0
NCEP-AirTemp-Africa-2000,NCEP2000_r021_c007,11,27.523326873779297,26.165807723999023,1.3575191497802734,0.05188141578122085,6,28.148782394197248,5,1.3208207024468321,2.8195563208776115,1.0
NCEP-AirTemp-Africa-2000,NCEP2000_r021_c007,12,23.643550872802734,27.523326873779297,-3.8797760009765625,-0.14096319165081445,4,23.02893324851989,1,-3.9624621073404946,2.8195563208776115,1.0
NCEP-AirTemp-Africa-2000,NCEP2000_r021_c008,1,27.43870735168457,,,,6,28.148782394197248,4,,2.7925157121775697,1.0
NCEP-AirTemp-Africa-2000,NCEP2000_r021_c008,2,24.800003051757812,27.43870735168457,-2.638704299926758,-0.09616722340838543,5,25.58885782135857,2,-2.641641404893663,2.7925157121775697,1.0
NCEP-AirTemp-Africa-2000,NCEP2000_r021_c008,3,29.637739181518555,24.800003051757812,4.837736129760742,0.19506998122800012,7,30.708706967035923,8,5.283282809787327,2.7925157121775697,1.0
NCEP-AirTemp-Africa-2000,NCEP2000_r021_c008,4,34.291324615478516,29.637739181518555,4.653585433959961,0.15701553365655618,8,33.2686315398746,8,5.283282809787327,2.7925157121775697,1.0
NCEP-AirTemp-Africa-2000,NCEP2000_r021_c008,5,33.44225311279297,34.291324615478516,-0.8490715026855469,-0.02476053381449985,8,33.2686315398746,3,-1.3208207024468313,2.7925157121775697,1.0
NCEP-AirTemp-Africa-2000,NCEP2000_r021_c008,6,30.54733085632324,33.44225311279297,-2.89492225646973,-0.08656480909661883,7,30.708706967035923,2,-2.641641404893663,2.7925157121775697,1.0
NCEP-AirTemp-Africa-2000,NCEP2000_r021_c008,7,26.848705291748047,30.54733085632324,-3.6986255645751918,-0.12107851851185825,5,25.58885782135857,1,-3.9624621073404946,2.7925157121775697,1.0
NCEP-AirTemp-Africa-2000,NCEP2000_r021_c008,8,24.94193649291992,26.848705291748047,-1.9067687988281286,-0.07101902226228295,5,25.58885782135857,3,-1.3208207024468313,2.7925157121775697,1.0
NCEP-AirTemp-Africa-2000,NCEP2000_r021_c008,9,25.358335494995117,24.94193649291992,0.41639900207519887,0.016694734275881064,5,25.58885782135857,4,4.440892098500626e-16,2.7925157121775697,1.0
NCEP-AirTemp-Africa-2000,NCEP2000_r021_c008,10,26.632259368896484,25.358335494995117,1.2739238739013672,0.05023688854313001,5,25.58885782135857,5,1.3208207024468321,2.7925157121775697,1.0
NCEP-AirTemp-Africa-2000,NCEP2000_r021_c008,11,28.211997985839844,26.632259368896484,1.5797386169433594,0.05931673295388217,6,28.148782394197248,5,1.3208207024468321,2.7925157121775697,1.0
NCEP-AirTemp-Africa-2000,NCEP2000_r021_c008,12,24.10354804992676,28.211997985839844,-4.108449935913082,-0.14562775518328033,4,23.02893324851989,1,-3.9624621073404946,2.7925157121775697,1.0
NCEP-AirTemp-Africa-2000,NCEP2000_r021_c009,1,26.975481033325195,,,,6,28.148782394197248,4,,2.7607578075263737,0.9525225891122788
NCEP-AirTemp-Africa-2000,NCEP2000_r021_c009,2,24.928625106811523,26.975481033325195,-2.046855926513672,-0.07587838467032376,5,25.58885782135857,2,-2.641641404893663,2.7607578075263737,0.9525225891122788
NCEP-AirTemp-Africa-2000,NCEP2000_r021_c009,3,29.454187393188477,24.928625106811523,4.525562286376953,0.18154078963385686,7,30.708706967035923,7,3.962462107340496,2.7607578075263737,0.9525225891122788
NCEP-AirTemp-Africa-2000,NCEP2000_r021_c009,4,34.67699432373047,29.454187393188477,5.222806930541992,0.17731967481641708,8,33.2686315398746,8,5.283282809787327,2.7607578075263737,0.9525225891122788
NCEP-AirTemp-Africa-2000,NCEP2000_r021_c009,5,33.555484771728516,34.67699432373047,-1.1215095520019531,-0.0323416020873087,8,33.2686315398746,3,-1.3208207024468313,2.7607578075263737,0.9525225891122788
NCEP-AirTemp-Africa-2000,NCEP2000_r021_c009,6,30.562000274658203,33.555484771728516,-2.9934844970703125,-0.08920999107700006,7,30.708706967035923,2,-2.641641404893663,2.7607578075263737,0.9525225891122788
NCEP-AirTemp-Africa-2000,NCEP2000_r021_c009,7,27.06032371520996,30.562000274658203,-3.501676559448242,-0.1145761575806217,6,28.148782394197248,1,-3.9624621073404946,2.7607578075263737,0.9525225891122788
NCEP-AirTemp-Africa-2000,NCEP2000_r021_c009,8,25.672578811645508,27.06032371520996,-1.3877449035644531,-0.051283381461709375,5,25.58885782135857,3,-1.3208207024468313,2.7607578075263737,0.9525225891122788
NCEP-AirTemp-Africa-2000,NCEP2000_r021_c009,9,25.892669677734375,25.672578811645508,0.2200908660888672,0.008572994076817492,5,25.58885782135857,4,4.440892098500626e-16,2.7607578075263737,0.9525225891122788
NCEP-AirTemp-Africa-2000,NCEP2000_r021_c009,10,27.006772994995117,25.892669677734375,1.1141033172607422,0.04302774998202607,6,28.148782394197248,5,1.3208207024468321,2.7607578075263737,0.9525225891122788
NCEP-AirTemp-Africa-2000,NCEP2000_r021_c009,11,28.24166488647461,27.006772994995117,1.2348918914794922,0.04572526646217013,6,28.148782394197248,5,1.3208207024468321,2.7607578075263737,0.9525225891122788
NCEP-AirTemp-Africa-2000,NCEP2000_r021_c009,12,24.01548767089844,28.24166488647461,-4.226177215576168,-0.1496433454813832,4,23.02893324851989,1,-3.9624621073404946,2.7607578075263737,0.9525225891122788
NCEP-AirTemp-Africa-2000,NCEP2000_r021_c010,1,26.20323181152344,,,,5,25.58885782135857,4,,2.723014805703508,0.8710505047374696
NCEP-AirTemp-Africa-2000,NCEP2000_r021_c010,2,24.502063751220703,26.20323181152344,-1.701168060302738,-0.06492207039723293,5,25.58885782135857,3,-1.3208207024468313,2.723014805703508,0.8710505047374696
NCEP-AirTemp-Africa-2000,NCEP2000_r021_c010,3,29.19451332092285,24.502063751220703,4.692449569702148,0.19151242186562217,6,28.148782394197248,8,5.283282809787327,2.723014805703508,0.8710505047374696
NCEP-AirTemp-Africa-2000,NCEP2000_r021_c010,4,33.80099105834961,29.19451332092285,4.606477737426758,0.15778573483276498,8,33.2686315398746,7,3.962462107340496,2.723014805703508,0.8710505047374696
NCEP-AirTemp-Africa-2000,NCEP2000_r021_c010,5,33.1632194519043,33.80099105834961,-0.6377716064453125,-0.01886842919322534,8,33.2686315398746,4,4.440892098500626e-16,2.723014805703508,0.8710505047374696
NCEP-AirTemp-Africa-2000,NCEP2000_r021_c010,6,30.257991790771484,33.1632194519043,-2.9052276611328125,-0.08760390906396118,7,30.708706967035923,2,-2.641641404893663,2.723014805703508,0.8710505047374696
NCEP-AirTemp-Africa-2000,NCEP2000_r021_c010,7,26.41773796081543,30.257991790771484,-3.8402538299560547,-0.1269170094469822,5,25.58885782135857,1,-3.9624621073404946,2.723014805703508,0.8710505047374696
NCEP-AirTemp-Africa-2000,NCEP2000_r021_c010,8,25.491289138793945,26.41773796081543,-0.9264488220214844,-0.035069195681918554,5,25.58885782135857,3,-1.3208207024468313,2.723014805703508,0.8710505047374696
NCEP-AirTemp-Africa-2000,NCEP2000_r021_c010,9,25.63933753967285,25.491289138793945,0.14804840087890625,0.005807803601960587,5,25.58885782135857,4,4.440892098500626e-16,2.723014805703508,0.8710505047374696
NCEP-AirTemp-Africa-2000,NCEP2000_r021_c010,10,26.65548324584961,25.63933753967285,1.0161457061767578,0.039632291770582286,5,25.58885782135857,5,1.3208207024468321,2.723014805703508,0.8710505047374696
NCEP-AirTemp-Africa-2000,NCEP2000_r021_c010,11,26.9083309173584,26.65548324584961,0.25284767150878906,0.009485765805733749,6,28.148782394197248,4,4.440892098500626e-16,2.723014805703508,0.8710505047374696
NCEP-AirTemp-Africa-2000,NCEP2000_r021_c010,12,23.23097038269043,26.9083309173584,-3.6773605346679688,-0.13666252826910666,4,23.02893324851989,1,-3.9624621073404946,2.723014805703508,0.8710505047374696
NCEP-AirTemp-Africa-2000,NCEP2000_r021_c011,1,24.705806732177734,,,,5,25.58885782135857,4,,2.6775640431369845,0.7910737385899425
NCEP-AirTemp-Africa-2000,NCEP2000_r021_c011,2,22.992412567138672,24.705806732177734,-1.7133941650390625,-0.06935188085995492,4,23.02893324851989,3,-1.3208207024468313,2.6775640431369845,0.7910737385899425
NCEP-AirTemp-Africa-2000,NCEP2000_r021_c011,3,27.98774147033691,22.992412567138672,4.995328903198239,0.21725988469507923,6,28.148782394197248,8,5.283282809787327,2.6775640431369845,0.7910737385899425
NCEP-AirTemp-Africa-2000,NCEP2000_r021_c011,4,32.098995208740234,27.98774147033691,4.111253738403324,0.14689480188176948,8,33.2686315398746,7,3.962462107340496,2.6775640431369845,0.7910737385899425
NCEP-AirTemp-Africa-2000,NCEP2000_r021_c011,5,31.85063934326172,32.098995208740234,-0.24835586547851562,-0.007737185038455372,7,30.708706967035923,4,4.440892098500626e-16,2.6775640431369845,0.7910737385899425
NCEP-AirTemp-Africa-2000,NCEP2000_r021_c011,6,29.079994201660156,31.85063934326172,-2.7706451416015625,-0.08698868213418506,6,28.148782394197248,2,-2.641641404893663,2.6775640431369845,0.7910737385899425
NCEP-AirTemp-Africa-2000,NCEP2000_r021_c011,7,25.105480194091797,29.079994201660156,-3.9745140075683594,-0.1366751994517749,5,25.58885782135857,1,-3.9624621073404946,2.6775640431369845,0.7910737385899425
NCEP-AirTemp-Africa-2000,NCEP2000_r021_c011,8,24.426774978637695,25.105480194091797,-0.6787052154541016,-0.02703414593973091,5,25.58885782135857,3,-1.3208207024468313,2.6775640431369845,0.7910737385899425
NCEP-AirTemp-Africa-2000,NCEP2000_r021_c011,9,24.335336685180664,24.426774978637695,-0.09143829345703125,-0.003743363319021775,5,25.58885782135857,4,4.440892098500626e-16,2.6775640431369845,0.7910737385899425
NCEP-AirTemp-Africa-2000,NCEP2000_r021_c011,10,25.834516525268555,24.335336685180664,1.4991798400878906,0.06160505849918389,5,25.58885782135857,5,1.3208207024468321,2.6775640431369845,0.7910737385899425
NCEP-AirTemp-Africa-2000,NCEP2000_r021_c011,11,24.90733528137207,25.834516525268555,-0.9271812438964844,-0.03588924309807056,5,25.58885782135857,3,-1.3208207024468313,2.6775640431369845,0.7910737385899425
NCEP-AirTemp-Africa-2000,NCEP2000_r021_c011,12,21.841938018798828,24.90733528137207,-3.065397262573242,-0.12307206804518427,4,23.02893324851989,2,-2.641641404893663,2.6775640431369845,0.7910737385899425
NCEP-AirTemp-Africa-2000,NCEP2000_r021_c012,1,24.2725772857666,,,,4,23.02893324851989,4,,2.62203624812754,0.7130955875750212
NCEP-AirTemp-Africa-2000,NCEP2000_r021_c012,2,22.558622360229492,24.2725772857666,-1.7139549255371094,-0.07061281154276805,4,23.02893324851989,3,-1.3208207024468313,2.62203624812754,0.7130955875750212
NCEP-AirTemp-Africa-2000,NCEP2000_r021_c012,3,27.9151611328125,22.558622360229492,5.356538772583008,0.23744972928960875,6,28.148782394197248,8,5.283282809787327,2.62203624812754,0.7130955875750212
NCEP-AirTemp-Africa-2000,NCEP2000_r021_c012,4,32.663330078125,27.9151611328125,4.7481689453125,0.1700928367463847,8,33.2686315398746,8,5.283282809787327,2.62203624812754,0.7130955875750212
NCEP-AirTemp-Africa-2000,NCEP2000_r021_c012,5,32.44644546508789,32.663330078125,-0.21688461303710938,-0.006640003101899259,8,33.2686315398746,4,4.440892098500626e-16,2.62203624812754,0.7130955875750212
NCEP-AirTemp-Africa-2000,NCEP2000_r021_c012,6,29.890993118286133,32.44644546508789,-2.555452346801758,-0.07875908470625553,7,30.708706967035923,2,-2.641641404893663,2.62203624812754,0.7130955875750212
NCEP-AirTemp-Africa-2000,NCEP2000_r021_c012,7,25.91193389892578,29.890993118286133,-3.9790592193603516,-0.13311900356118042,5,25.58885782135857,1,-3.9624621073404946,2.62203624812754,0.7130955875750212
NCEP-AirTemp-Africa-2000,NCEP2000_r021_c012,8,25.063222885131836,25.91193389892578,-0.8487110137939453,-0.032753673157105805,5,25.58885782135857,3,-1.3208207024468313,2.62203624812754,0.7130955875750212
NCEP-AirTemp-Africa-2000,NCEP2000_r021_c012,9,25.15966796875,25.063222885131836,0.09644508361816406,0.003848071896427088,5,25.58885782135857,4,4.440892098500626e-16,2.62203624812754,0.7130955875750212
NCEP-AirTemp-Africa-2000,NCEP2000_r021_c012,10,26.602256774902344,25.15966796875,1.4425888061523438,0.05733735468783356,5,25.58885782135857,5,1.3208207024468321,2.62203624812754,0.7130955875750212
NCEP-AirTemp-Africa-2000,NCEP2000_r021_c012,11,24.846006393432617,26.602256774902344,-1.7562503814697266,-0.06601884931531993,5,25.58885782135857,3,-1.3208207024468313,2.62203624812754,0.7130955875750212
NCEP-AirTemp-Africa-2000,NCEP2000_r021_c012,12,21.55032730102539,24.846006393432617,-3.2956790924072266,-0.13264421815806793,3,20.469008675681216,2,-2.641641404893663,2.62203624812754,0.7130955875750212
NCEP-AirTemp-Africa-2000,NCEP2000_r021_c013,1,25.148061752319336,,,,5,25.58885782135857,4,,2.553150478079379,0.6378494753468781
NCEP-AirTemp-Africa-2000,NCEP2000_r021_c013,2,23.973796844482425,25.148061752319336,-1.1742649078369105,-0.046694052185895056,4,23.02893324851989,3,-1.3208207024468313,2.553150478079379,0.6378494753468781
NCEP-AirTemp-Africa-2000,NCEP2000_r021_c013,3,28.906766891479492,23.973796844482425,4.932970046997067,0.2057650725497155,6,28.148782394197248,8,5.283282809787327,2.553150478079379,0.6378494753468781
NCEP-AirTemp-Africa-2000,NCEP2000_r021_c013,4,33.628990173339844,28.906766891479492,4.722223281860352,0.1633604788660148,8,33.2686315398746,8,5.283282809787327,2.553150478079379,0.6378494753468781
NCEP-AirTemp-Africa-2000,NCEP2000_r021_c013,5,33.466773986816406,33.628990173339844,-0.1622161865234375,-0.004823700791706738,8,33.2686315398746,4,4.440892098500626e-16,2.553150478079379,0.6378494753468781
NCEP-AirTemp-Africa-2000,NCEP2000_r021_c013,6,31.906665802001953,33.466773986816406,-1.5601081848144531,-0.04661662894155941,7,30.708706967035923,3,-1.3208207024468313,2.553150478079379,0.6378494753468781
NCEP-AirTemp-Africa-2000,NCEP2000_r021_c013,7,27.644832611083984,31.906665802001953,-4.261833190917969,-0.1335718754621664,6,28.148782394197248,1,-3.9624621073404946,2.553150478079379,0.6378494753468781
NCEP-AirTemp-Africa-2000,NCEP2000_r021_c013,8,26.45806121826172,27.644832611083984,-1.1867713928222656,-0.042929230555240866,5,25.58885782135857,3,-1.3208207024468313,2.553150478079379,0.6378494753468781
NCEP-AirTemp-Africa-2000,NCEP2000_r021_c013,9,27.04300117492676,26.45806121826172,0.5849399566650426,0.022108194241432514,6,28.148782394197248,4,4.440892098500626e-16,2.553150478079379,0.6378494753468781
NCEP-AirTemp-Africa-2000,NCEP2000_r021_c013,10,28.026771545410156,27.04300117492676,0.9837703704833949,0.03637800272683896,6,28.148782394197248,5,1.3208207024468321,2.553150478079379,0.6378494753468781
NCEP-AirTemp-Africa-2000,NCEP2000_r021_c013,11,25.52633285522461,28.026771545410156,-2.500438690185547,-0.08921607992323449,5,25.58885782135857,2,-2.641641404893663,2.553150478079379,0.6378494753468781
NCEP-AirTemp-Africa-2000,NCEP2000_r021_c013,12,22.285167694091797,25.52633285522461,-3.2411651611328125,-0.1269733956505008,4,23.02893324851989,2,-2.641641404893663,2.553150478079379,0.6378494753468781
NCEP-AirTemp-Africa-2000,NCEP2000_r021_c014,1,25.169357299804688,,,,5,25.58885782135857,4,,2.466387159640602,0.5664252540544408
NCEP-AirTemp-Africa-2000,NCEP2000_r021_c014,2,24.865863800048828,25.169357299804688,-0.3034934997558594,-0.012058055203428435,5,25.58885782135857,4,4.440892098500626e-16,2.466387159640602,0.5664252540544408
NCEP-AirTemp-Africa-2000,NCEP2000_r021_c014,3,29.14741325378418,24.865863800048828,4.281549453735352,0.1721858322785048,6,28.148782394197248,7,3.962462107340496,2.466387159640602,0.5664252540544408
NCEP-AirTemp-Africa-2000,NCEP2000_r021_c014,4,33.762657165527344,29.14741325378418,4.615243911743164,0.1583414580072203,8,33.2686315398746,7,3.962462107340496,2.466387159640602,0.5664252540544408
NCEP-AirTemp-Africa-2000,NCEP2000_r021_c014,5,33.76063919067383,33.762657165527344,-0.002017974853515625,-5.9769432353092045e-05,8,33.2686315398746,4,4.440892098500626e-16,2.466387159640602,0.5664252540544408
NCEP-AirTemp-Africa-2000,NCEP2000_r021_c014,6,32.838993072509766,33.76063919067383,-0.9216461181640625,-0.027299427388171656,8,33.2686315398746,3,-1.3208207024468313,2.466387159640602,0.5664252540544408
NCEP-AirTemp-Africa-2000,NCEP2000_r021_c014,7,28.35225296020508,32.838993072509766,-4.486740112304684,-0.1366284314015898,6,28.148782394197248,1,-3.9624621073404946,2.466387159640602,0.5664252540544408
NCEP-AirTemp-Africa-2000,NCEP2000_r021_c014,8,26.90450859069824,28.35225296020508,-1.447744369506843,-0.05106276286187491,6,28.148782394197248,3,-1.3208207024468313,2.466387159640602,0.5664252540544408
NCEP-AirTemp-Africa-2000,NCEP2000_r021_c014,9,27.364999771118164,26.90450859069824,0.4604911804199254,0.017115762544688592,6,28.148782394197248,4,4.440892098500626e-16,2.466387159640602,0.5664252540544408
NCEP-AirTemp-Africa-2000,NCEP2000_r021_c014,10,28.403867721557617,27.364999771118164,1.0388679504394531,0.03796338239095859,6,28.148782394197248,5,1.3208207024468321,2.466387159640602,0.5664252540544408
NCEP-AirTemp-Africa-2000,NCEP2000_r021_c014,11,25.87333106994629,28.403867721557617,-2.530536651611328,-0.08909127011920044,5,25.58885782135857,2,-2.641641404893663,2.466387159640602,0.5664252540544408
NCEP-AirTemp-Africa-2000,NCEP2000_r021_c014,12,22.81484031677246,25.87333106994629,-3.058490753173828,-0.11821016570713162,4,23.02893324851989,2,-2.641641404893663,2.466387159640602,0.5664252540544408
NCEP-AirTemp-Africa-2000,NCEP2000_r021_c015,1,24.908063888549805,,,,5,25.58885782135857,4,,2.3557183744408845,0.5004619493128475
NCEP-AirTemp-Africa-2000,NCEP2000_r021_c015,2,25.563800811767575,24.908063888549805,0.6557369232177699,0.026326290399440122,5,25.58885782135857,4,4.440892098500626e-16,2.3557183744408845,0.5004619493128475
NCEP-AirTemp-Africa-2000,NCEP2000_r021_c015,3,29.24386405944824,25.563800811767575,3.680063247680664,0.14395602886980136,6,28.148782394197248,7,3.962462107340496,2.3557183744408845,0.5004619493128475
NCEP-AirTemp-Africa-2000,NCEP2000_r021_c015,4,33.65133285522461,29.24386405944824,4.407468795776371,0.15071431007942968,8,33.2686315398746,7,3.962462107340496,2.3557183744408845,0.5004619493128475
NCEP-AirTemp-Africa-2000,NCEP2000_r021_c015,5,33.609031677246094,33.65133285522461,-0.042301177978515625,-0.0012570431655858786,8,33.2686315398746,4,4.440892098500626e-16,2.3557183744408845,0.5004619493128475
NCEP-AirTemp-Africa-2000,NCEP2000_r021_c015,6,32.7253303527832,33.609031677246094,-0.8837013244628906,-0.026293566947993088,8,33.2686315398746,3,-1.3208207024468313,2.3557183744408845,0.5004619493128475
NCEP-AirTemp-Africa-2000,NCEP2000_r021_c015,7,27.976770401000977,32.7253303527832,-4.748559951782227,-0.14510349935637468,6,28.148782394197248,0,-5.283282809787327,2.3557183744408845,0.5004619493128475
NCEP-AirTemp-Africa-2000,NCEP2000_r021_c015,8,26.481613159179688,27.976770401000977,-1.495157241821289,-0.053442810602891966,5,25.58885782135857,3,-1.3208207024468313,2.3557183744408845,0.5004619493128475
NCEP-AirTemp-Africa-2000,NCEP2000_r021_c015,9,26.85099983215332,26.481613159179688,0.3693866729736328,0.01394879801140767,5,25.58885782135857,4,4.440892098500626e-16,2.3557183744408845,0.5004619493128475
NCEP-AirTemp-Africa-2000,NCEP2000_r021_c015,10,27.91225242614746,26.85099983215332,1.0612525939941406,0.03952376450143657,6,28.148782394197248,5,1.3208207024468321,2.3557183744408845,0.5004619493128475
NCEP-AirTemp-Africa-2000,NCEP2000_r021_c015,11,26.286001205444336,27.91225242614746,-1.626251220703125,-0.05826298773293179,5,25.58885782135857,3,-1.3208207024468313,2.3557183744408845,0.5004619493128475
NCEP-AirTemp-Africa-2000,NCEP2000_r021_c015,12,23.337099075317383,26.286001205444336,-2.948902130126953,-0.11218526953107569,4,23.02893324851989,2,-2.641641404893663,2.3557183744408845,0.5004619493128475
NCEP-AirTemp-Africa-2000,NCEP2000_r021_c016,1,24.248064041137695,,,,4,23.02893324851989,4,,2.213840425389199,0.4424090144181285
NCEP-AirTemp-Africa-2000,NCEP2000_r021_c016,2,26.18172264099121,24.248064041137695,1.9336585998535156,0.07974486526318124,5,25.58885782135857,5,1.3208207024468321,2.213840425389199,0.4424090144181285
NCEP-AirTemp-Africa-2000,NCEP2000_r021_c016,3,28.776777267456055,26.18172264099121,2.5950546264648438,0.09911703145162483,6,28.148782394197248,6,2.6416414048936643,2.213840425389199,0.4424090144181285
NCEP-AirTemp-Africa-2000,NCEP2000_r021_c016,4,32.45866394042969,28.776777267456055,3.681886672973633,0.1279464562259206,8,33.2686315398746,7,3.962462107340496,2.213840425389199,0.4424090144181285
NCEP-AirTemp-Africa-2000,NCEP2000_r021_c016,5,32.202579498291016,32.45866394042969,-0.2560844421386719,-0.007889555855060923,8,33.2686315398746,4,4.440892098500626e-16,2.213840425389199,0.4424090144181285
NCEP-AirTemp-Africa-2000,NCEP2000_r021_c016,6,31.24066925048828,32.202579498291016,-0.9619102478027344,-0.0298705961692846,7,30.708706967035923,3,-1.3208207024468313,2.213840425389199,0.4424090144181285
NCEP-AirTemp-Africa-2000,NCEP2000_r021_c016,7,25.90709686279297,31.24066925048828,-5.3335723876953125,-0.17072529224424188,5,25.58885782135857,0,-5.283282809787327,2.213840425389199,0.4424090144181285
NCEP-AirTemp-Africa-2000,NCEP2000_r021_c016,8,24.832904815673828,25.90709686279297,-1.0741920471191406,-0.04146323506675364,5,25.58885782135857,3,-1.3208207024468313,2.213840425389199,0.4424090144181285
NCEP-AirTemp-Africa-2000,NCEP2000_r021_c016,9,25.64832878112793,24.832904815673828,0.8154239654541016,0.03283643099777151,5,25.58885782135857,5,1.3208207024468321,2.213840425389199,0.4424090144181285
NCEP-AirTemp-Africa-2000,NCEP2000_r021_c016,10,26.34289932250977,25.64832878112793,0.6945705413818395,0.027080537968341443,5,25.58885782135857,5,1.3208207024468321,2.213840425389199,0.4424090144181285
NCEP-AirTemp-Africa-2000,NCEP2000_r021_c016,11,25.111331939697266,26.34289932250977,-1.2315673828125036,-0.04675139845977927,5,25.58885782135857,3,-1.3208207024468313,2.213840425389199,0.4424090144181285
NCEP-AirTemp-Africa-2000,NCEP2000_r021_c016,12,22.814836502075195,25.111331939697266,-2.2964954376220703,-0.09145255389626124,4,23.02893324851989,2,-2.641641404893663,2.213840425389199,0.4424090144181285
NCEP-AirTemp-Africa-2000,NCEP2000_r021_c017,1,21.441286087036133,,,,3,20.469008675681216,4,,2.0340631519624797,0.2962962962962962
NCEP-AirTemp-Africa-2000,NCEP2000_r021_c017,2,24.31241226196289,21.441286087036133,2.871126174926758,0.13390643468269858,5,25.58885782135857,6,2.6416414048936643,2.0340631519624797,0.2962962962962962
NCEP-AirTemp-Africa-2000,NCEP2000_r021_c017,3,26.25128746032715,24.31241226196289,1.9388751983642578,0.07974836793129142,5,25.58885782135857,5,1.3208207024468321,2.0340631519624797,0.2962962962962962
NCEP-AirTemp-Africa-2000,NCEP2000_r021_c017,4,30.16065788269043,26.25128746032715,3.9093704223632812,0.14892109304244242,7,30.708706967035923,7,3.962462107340496,2.0340631519624797,0.2962962962962962
NCEP-AirTemp-Africa-2000,NCEP2000_r021_c017,5,30.03612518310547,30.16065788269043,-0.12453269958496094,-0.004128978222866676,7,30.708706967035923,4,4.440892098500626e-16,2.0340631519624797,0.2962962962962962
NCEP-AirTemp-Africa-2000,NCEP2000_r021_c017,6,28.748998641967773,30.03612518310547,-1.2871265411376953,-0.042852616084503144,6,28.148782394197248,3,-1.3208207024468313,2.0340631519624797,0.2962962962962962
NCEP-AirTemp-Africa-2000,NCEP2000_r021_c017,7,23.560649871826172,28.748998641967773,-5.188348770141602,-0.1804705908110362,4,23.02893324851989,0,-5.283282809787327,2.0340631519624797,0.2962962962962962
NCEP-AirTemp-Africa-2000,NCEP2000_r021_c017,8,22.5677433013916,23.560649871826172,-0.9929065704345703,-0.042142579930356174,4,23.02893324851989,3,-1.3208207024468313,2.0340631519624797,0.2962962962962962
NCEP-AirTemp-Africa-2000,NCEP2000_r021_c017,9,23.738994598388672,22.5677433013916,1.1712512969970703,0.05189935392985647,4,23.02893324851989,5,1.3208207024468321,2.0340631519624797,0.2962962962962962
NCEP-AirTemp-Africa-2000,NCEP2000_r021_c017,10,24.085485458374023,23.738994598388672,0.34649085998535156,0.014595852345358816,4,23.02893324851989,4,4.440892098500626e-16,2.0340631519624797,0.2962962962962962
NCEP-AirTemp-Africa-2000,NCEP2000_r021_c017,11,22.243335723876953,24.085485458374023,-1.8421497344970703,-0.0764838116998216,4,23.02893324851989,3,-1.3208207024468313,2.0340631519624797,0.2962962962962962
NCEP-AirTemp-Africa-2000,NCEP2000_r021_c017,12,19.860971450805664,22.243335723876953,-2.382364273071289,-0.10710463136668646,3,20.469008675681216,2,-2.641641404893663,2.0340631519624797,0.2962962962962962
NCEP-AirTemp-Africa-2000,NCEP2000_r021_c018,1,19.680002212524418,,,,3,20.469008675681216,4,,1.8155510295235495,0.3478260869565217
NCEP-AirTemp-Africa-2000,NCEP2000_r021_c018,2,22.81448745727539,19.680002212524418,3.134485244750973,0.15927260631892493,4,23.02893324851989,6,2.6416414048936643,1.8155510295235495,0.3478260869565217
NCEP-AirTemp-Africa-2000,NCEP2000_r021_c018,3,24.439353942871097,22.81448745727539,1.6248664855957067,0.07122081916758324,5,25.58885782135857,5,1.3208207024468321,1.8155510295235495,0.3478260869565217
NCEP-AirTemp-Africa-2000,NCEP2000_r021_c018,4,29.131994247436523,24.439353942871097,4.692640304565426,0.19201163482205136,6,28.148782394197248,8,5.283282809787327,1.8155510295235495,0.3478260869565217
NCEP-AirTemp-Africa-2000,NCEP2000_r021_c018,5,29.38192367553711,29.131994247436523,0.24992942810058594,0.008579207656632656,6,28.148782394197248,4,4.440892098500626e-16,1.8155510295235495,0.3478260869565217
NCEP-AirTemp-Africa-2000,NCEP2000_r021_c018,6,28.592329025268555,29.38192367553711,-0.7895946502685547,-0.02687348381229231,6,28.148782394197248,3,-1.3208207024468313,1.8155510295235495,0.3478260869565217
NCEP-AirTemp-Africa-2000,NCEP2000_r021_c018,7,24.117740631103516,28.592329025268555,-4.474588394165039,-0.15649611440224434,4,23.02893324851989,1,-3.9624621073404946,1.8155510295235495,0.3478260869565217
NCEP-AirTemp-Africa-2000,NCEP2000_r021_c018,8,22.59258270263672,24.117740631103516,-1.5251579284667969,-0.06323801021808288,4,23.02893324851989,3,-1.3208207024468313,1.8155510295235495,0.3478260869565217
NCEP-AirTemp-Africa-2000,NCEP2000_r021_c018,9,23.653331756591797,22.59258270263672,1.0607490539550781,0.04695120818706933,4,23.02893324851989,5,1.3208207024468321,1.8155510295235495,0.3478260869565217
NCEP-AirTemp-Africa-2000,NCEP2000_r021_c018,10,23.679033279418945,23.653331756591797,0.025701522827148438,0.001086592074707862,4,23.02893324851989,4,4.440892098500626e-16,1.8155510295235495,0.3478260869565217
NCEP-AirTemp-Africa-2000,NCEP2000_r021_c018,11,21.527002334594727,23.679033279418945,-2.1520309448242188,-0.09088339542538229,3,20.469008675681216,2,-2.641641404893663,1.8155510295235495,0.3478260869565217
NCEP-AirTemp-Africa-2000,NCEP2000_r021_c018,12,18.2545166015625,21.527002334594727,-3.2724857330322266,-0.15201771626945082,2,17.909084102842538,2,-2.641641404893663,1.8155510295235495,0.3478260869565217
NCEP-AirTemp-Africa-2000,NCEP2000_r021_c019,1,21.027099609375,,,,3,20.469008675681216,4,,1.5707963267948966,0.3478260869565217
NCEP-AirTemp-Africa-2000,NCEP2000_r021_c019,2,23.97517204284668,21.027099609375,2.9480724334716797,0.14020347495558885,4,23.02893324851989,6,2.6416414048936643,1.5707963267948966,0.3478260869565217
NCEP-AirTemp-Africa-2000,NCEP2000_r021_c019,3,25.35516357421875,23.97517204284668,1.3799915313720703,0.057559192021890394,5,25.58885782135857,5,1.3208207024468321,1.5707963267948966,0.3478260869565217
NCEP-AirTemp-Africa-2000,NCEP2000_r021_c019,4,30.549001693725582,25.35516357421875,5.193838119506832,0.20484340810121815,7,30.708706967035923,8,5.283282809787327,1.5707963267948966,0.3478260869565217
NCEP-AirTemp-Africa-2000,NCEP2000_r021_c019,5,30.963220596313477,30.549001693725582,0.4142189025878942,0.013559163299040637,7,30.708706967035923,4,4.440892098500626e-16,1.5707963267948966,0.3478260869565217
NCEP-AirTemp-Africa-2000,NCEP2000_r021_c019,6,30.29899787902832,30.963220596313477,-0.6642227172851562,-0.021451990603465827,7,30.708706967035923,3,-1.3208207024468313,1.5707963267948966,0.3478260869565217
NCEP-AirTemp-Africa-2000,NCEP2000_r021_c019,7,26.129995346069336,30.29899787902832,-4.169002532958984,-0.1375953934055552,5,25.58885782135857,1,-3.9624621073404946,1.5707963267948966,0.3478260869565217
NCEP-AirTemp-Africa-2000,NCEP2000_r021_c019,8,24.1561279296875,26.129995346069336,-1.973867416381836,-0.0755402896265253,4,23.02893324851989,3,-1.3208207024468313,1.5707963267948966,0.3478260869565217
NCEP-AirTemp-Africa-2000,NCEP2000_r021_c019,9,25.162328720092773,24.1561279296875,1.0062007904052734,0.04165405951376291,5,25.58885782135857,5,1.3208207024468321,1.5707963267948966,0.3478260869565217
NCEP-AirTemp-Africa-2000,NCEP2000_r021_c019,10,25.162250518798828,25.162328720092773,-7.82012939453125e-05,-3.1078718832119354e-06,5,25.58885782135857,4,4.440892098500626e-16,1.5707963267948966,0.3478260869565217
NCEP-AirTemp-Africa-2000,NCEP2000_r021_c019,11,23.661001205444336,25.162250518798828,-1.5012493133544922,-0.059662759983766245,4,23.02893324851989,3,-1.3208207024468313,1.5707963267948966,0.3478260869565217
NCEP-AirTemp-Africa-2000,NCEP2000_r021_c019,12,19.951932907104492,23.661001205444336,-3.7090682983398438,-0.1567587214984967,3,20.469008675681216,1,-3.9624621073404946,1.5707963267948966,0.3478260869565217
NCEP-AirTemp-Africa-2000,NCEP2000_r021_c020,1,22.67258071899414,,,,4,23.02893324851989,4,,1.3260416240662436,0.3999999999999999
NCEP-AirTemp-Africa-2000,NCEP2000_r021_c020,2,25.74138069152832,22.67258071899414,3.0687999725341797,0.13535291860106896,5,25.58885782135857,6,2.6416414048936643,1.3260416240662436,0.3999999999999999
NCEP-AirTemp-Africa-2000,NCEP2000_r021_c020,3,26.795164108276367,25.74138069152832,1.0537834167480469,0.04093733080505875,5,25.58885782135857,5,1.3208207024468321,1.3260416240662436,0.3999999999999999
NCEP-AirTemp-Africa-2000,NCEP2000_r021_c020,4,30.95066261291504,26.795164108276367,4.155498504638672,0.1550838982678647,7,30.708706967035923,7,3.962462107340496,1.3260416240662436,0.3999999999999999
NCEP-AirTemp-Africa-2000,NCEP2000_r021_c020,5,31.576454162597656,30.95066261291504,0.6257915496826172,0.020219003305650973,7,30.708706967035923,4,4.440892098500626e-16,1.3260416240662436,0.3999999999999999
NCEP-AirTemp-Africa-2000,NCEP2000_r021_c020,6,29.784332275390625,31.576454162597656,-1.7921218872070312,-0.05675500732219014,7,30.708706967035923,3,-1.3208207024468313,1.3260416240662436,0.3999999999999999
NCEP-AirTemp-Africa-2000,NCEP2000_r021_c020,7,26.749027252197266,29.784332275390625,-3.0353050231933594,-0.10190945343774879,5,25.58885782135857,2,-2.641641404893663,1.3260416240662436,0.3999999999999999
NCEP-AirTemp-Africa-2000,NCEP2000_r021_c020,8,25.047100067138672,26.749027252197266,-1.7019271850585938,-0.06362575988324178,5,25.58885782135857,3,-1.3208207024468313,1.3260416240662436,0.3999999999999999
NCEP-AirTemp-Africa-2000,NCEP2000_r021_c020,9,26.090335845947266,25.047100067138672,1.0432357788085938,0.041650960630659976,5,25.58885782135857,5,1.3208207024468321,1.3260416240662436,0.3999999999999999
NCEP-AirTemp-Africa-2000,NCEP2000_r021_c020,10,26.207744598388672,26.090335845947266,0.11740875244140625,0.00450008589903391,5,25.58885782135857,4,4.440892098500626e-16,1.3260416240662436,0.3999999999999999
NCEP-AirTemp-Africa-2000,NCEP2000_r021_c020,11,25.87666702270508,26.207744598388672,-0.3310775756835902,-0.012632814488887601,5,25.58885782135857,4,4.440892098500626e-16,1.3260416240662436,0.3999999999999999
NCEP-AirTemp-Africa-2000,NCEP2000_r021_c020,12,21.97806930541992,25.87666702270508,-3.8985977172851634,-0.15066073671174107,4,23.02893324851989,1,-3.9624621073404946,1.3260416240662436,0.3999999999999999
NCEP-AirTemp-Africa-2000,NCEP2000_r021_c021,1,27.112255096435547,,,,6,28.148782394197248,4,,1.1075295016273137,0.5714285714285715
NCEP-AirTemp-Africa-2000,NCEP2000_r021_c021,2,30.547582626342773,27.112255096435547,3.4353275299072266,0.12670755411853843,7,30.708706967035923,7,3.962462107340496,1.1075295016273137,0.5714285714285715
NCEP-AirTemp-Africa-2000,NCEP2000_r021_c021,3,31.513219833374023,30.547582626342773,0.96563720703125,0.03161092053806348,7,30.708706967035923,5,1.3208207024468321,1.1075295016273137,0.5714285714285715
NCEP-AirTemp-Africa-2000,NCEP2000_r021_c021,4,33.44532775878906,31.513219833374023,1.932107925415039,0.06131102869307069,8,33.2686315398746,5,1.3208207024468321,1.1075295016273137,0.5714285714285715
NCEP-AirTemp-Africa-2000,NCEP2000_r021_c021,5,33.74515151977539,33.44532775878906,0.2998237609863281,0.008964593295323224,8,33.2686315398746,4,4.440892098500626e-16,1.1075295016273137,0.5714285714285715
NCEP-AirTemp-Africa-2000,NCEP2000_r021_c021,6,30.66299819946289,33.74515151977539,-3.0821533203125,-0.09133618257740794,7,30.708706967035923,2,-2.641641404893663,1.1075295016273137,0.5714285714285715
NCEP-AirTemp-Africa-2000,NCEP2000_r021_c021,7,28.484838485717773,30.66299819946289,-2.178159713745117,-0.07103544472644789,6,28.148782394197248,2,-2.641641404893663,1.1075295016273137,0.5714285714285715
NCEP-AirTemp-Africa-2000,NCEP2000_r021_c021,8,27.653549194335938,28.484838485717773,-0.8312892913818359,-0.029183570473767732,6,28.148782394197248,3,-1.3208207024468313,1.1075295016273137,0.5714285714285715
NCEP-AirTemp-Africa-2000,NCEP2000_r021_c021,9,28.302669525146484,27.653549194335938,0.6491203308105469,0.023473309926651337,6,28.148782394197248,4,4.440892098500626e-16,1.1075295016273137,0.5714285714285715
NCEP-AirTemp-Africa-2000,NCEP2000_r021_c021,10,28.35806655883789,28.302669525146484,0.05539703369140625,0.00195730772470727,6,28.148782394197248,4,4.440892098500626e-16,1.1075295016273137,0.5714285714285715
NCEP-AirTemp-Africa-2000,NCEP2000_r021_c021,11,29.29132843017578,28.35806655883789,0.9332618713378906,0.03290992597825878,6,28.148782394197248,5,1.3208207024468321,1.1075295016273137,0.5714285714285715
NCEP-AirTemp-Africa-2000,NCEP2000_r021_c021,12,26.659677505493164,29.29132843017578,-2.631650924682617,-0.08984402776254775,5,25.58885782135857,2,-2.641641404893663,1.1075295016273137,0.5714285714285715
NCEP-AirTemp-Africa-2000,NCEP2000_r021_c022,1,27.05097007751465,,,,6,28.148782394197248,4,,0.9277522282005946,0.6666666666666666
NCEP-AirTemp-Africa-2000,NCEP2000_r021_c022,2,29.473791122436523,27.05097007751465,2.422821044921875,0.0895650336375839,7,30.708706967035923,6,2.6416414048936643,0.9277522282005946,0.6666666666666666
NCEP-AirTemp-Africa-2000,NCEP2000_r021_c022,3,30.812253952026367,29.473791122436523,1.3384628295898438,0.045411966992293606,7,30.708706967035923,5,1.3208207024468321,0.9277522282005946,0.6666666666666666
NCEP-AirTemp-Africa-2000,NCEP2000_r021_c022,4,32.023990631103516,30.812253952026367,1.2117366790771484,0.03932645372077555,8,33.2686315398746,5,1.3208207024468321,0.9277522282005946,0.6666666666666666
NCEP-AirTemp-Africa-2000,NCEP2000_r021_c022,5,31.25773811340332,32.023990631103516,-0.7662525177001953,-0.023927452594117594,7,30.708706967035923,3,-1.3208207024468313,0.9277522282005946,0.6666666666666666
NCEP-AirTemp-Africa-2000,NCEP2000_r021_c022,6,27.41933250427246,31.25773811340332,-3.8384056091308594,-0.12279857215532018,6,28.148782394197248,1,-3.9624621073404946,0.9277522282005946,0.6666666666666666
NCEP-AirTemp-Africa-2000,NCEP2000_r021_c022,7,24.12354850769043,27.41933250427246,-3.2957839965820312,-0.12019927896014553,4,23.02893324851989,2,-2.641641404893663,0.9277522282005946,0.6666666666666666
NCEP-AirTemp-Africa-2000,NCEP2000_r021_c022,8,23.62225914001465,24.12354850769043,-0.5012893676757812,-0.020780084137123254,4,23.02893324851989,4,4.440892098500626e-16,0.9277522282005946,0.6666666666666666
NCEP-AirTemp-Africa-2000,NCEP2000_r021_c022,9,24.71466827392578,23.62225914001465,1.0924091339111328,0.0462449051733862,5,25.58885782135857,5,1.3208207024468321,0.9277522282005946,0.6666666666666666
NCEP-AirTemp-Africa-2000,NCEP2000_r021_c022,10,25.020000457763672,24.71466827392578,0.3053321838378906,0.012354290191303886,5,25.58885782135857,4,4.440892098500626e-16,0.9277522282005946,0.6666666666666666
NCEP-AirTemp-Africa-2000,NCEP2000_r021_c022,11,26.193998336791992,25.020000457763672,1.1739978790283203,0.04692237640083777,5,25.58885782135857,5,1.3208207024468321,0.9277522282005946,0.6666666666666666
NCEP-AirTemp-Africa-2000,NCEP2000_r021_c022,12,25.787099838256836,26.193998336791992,-0.40689849853515625,-0.015534035442142796,5,25.58885782135857,4,4.440892098500626e-16,0.9277522282005946,0.6666666666666666
NCEP-AirTemp-Africa-2000,NCEP2000_r021_c023,1,19.31709671020508,,,,3,20.469008675681216,4,,0.7858742791489086,0.7272727272727273
NCEP-AirTemp-Africa-2000,NCEP2000_r021_c023,2,20.92034912109375,19.31709671020508,1.6032524108886683,0.08299655144562597,3,20.469008675681216,5,1.3208207024468321,0.7858742791489086,0.7272727272727273
NCEP-AirTemp-Africa-2000,NCEP2000_r021_c023,3,22.12064552307129,20.92034912109375,1.200296401977539,0.0573745875381828,4,23.02893324851989,5,1.3208207024468321,0.7858742791489086,0.7272727272727273
NCEP-AirTemp-Africa-2000,NCEP2000_r021_c023,4,23.645998001098633,22.12064552307129,1.5253524780273438,0.06895605629756323,4,23.02893324851989,5,1.3208207024468321,0.7858742791489086,0.7272727272727273
NCEP-AirTemp-Africa-2000,NCEP2000_r021_c023,5,23.452259063720703,23.645998001098633,-0.1937389373779297,-0.00819330769498197,4,23.02893324851989,4,4.440892098500626e-16,0.7858742791489086,0.7272727272727273
NCEP-AirTemp-Africa-2000,NCEP2000_r021_c023,6,21.229339599609375,23.452259063720703,-2.222919464111328,-0.09478487586511684,3,20.469008675681216,2,-2.641641404893663,0.7858742791489086,0.7272727272727273
NCEP-AirTemp-Africa-2000,NCEP2000_r021_c023,7,17.250003814697266,21.229339599609375,-3.9793357849121094,-0.18744510474481882,2,17.909084102842538,1,-3.9624621073404946,0.7858742791489086,0.7272727272727273
NCEP-AirTemp-Africa-2000,NCEP2000_r021_c023,8,16.433229446411133,17.250003814697266,-0.8167743682861328,-0.047349228270328184,1,15.349159530003863,3,-1.3208207024468313,0.7858742791489086,0.7272727272727273
NCEP-AirTemp-Africa-2000,NCEP2000_r021_c023,9,18.086008071899418,16.433229446411133,1.6527786254882848,0.10057540003795398,2,17.909084102842538,5,1.3208207024468321,0.7858742791489086,0.7272727272727273
NCEP-AirTemp-Africa-2000,NCEP2000_r021_c023,10,17.86355209350586,18.086008071899418,-0.22245597839355824,-0.012299893791333226,2,17.909084102842538,4,4.440892098500626e-16,0.7858742791489086,0.7272727272727273
NCEP-AirTemp-Africa-2000,NCEP2000_r021_c023,11,17.82500648498535,17.86355209350586,-0.03854560852050781,-0.002157779612853187,2,17.909084102842538,4,4.440892098500626e-16,0.7858742791489086,0.7272727272727273
NCEP-AirTemp-Africa-2000,NCEP2000_r021_c023,12,17.429685592651367,17.82500648498535,-0.3953208923339844,-0.022177882104389555,2,17.909084102842538,4,4.440892098500626e-16,0.7858742791489086,0.7272727272727273
NCEP-AirTemp-Africa-2000,NCEP2000_r021_c024,1,20.149356842041016,,,,3,20.469008675681216,4,,0.6752054939491908,0.888888888888889
NCEP-AirTemp-Africa-2000,NCEP2000_r021_c024,2,22.32103729248047,20.149356842041016,2.171680450439453,0.10777914488606943,4,23.02893324851989,6,2.6416414048936643,0.6752054939491908,0.888888888888889
NCEP-AirTemp-Africa-2000,NCEP2000_r021_c024,3,23.71677589416504,22.32103729248047,1.3957386016845703,0.06253018546565342,4,23.02893324851989,5,1.3208207024468321,0.6752054939491908,0.888888888888889
NCEP-AirTemp-Africa-2000,NCEP2000_r021_c024,4,26.46866798400879,23.71677589416504,2.75189208984375,0.11603145815957172,5,25.58885782135857,6,2.6416414048936643,0.6752054939491908,0.888888888888889
NCEP-AirTemp-Africa-2000,NCEP2000_r021_c024,5,27.874834060668945,26.46866798400879,1.4061660766601562,0.053125683449945435,6,28.148782394197248,5,1.3208207024468321,0.6752054939491908,0.888888888888889
NCEP-AirTemp-Africa-2000,NCEP2000_r021_c024,6,28.04633331298828,27.874834060668945,0.17149925231933594,0.006152476170658871,6,28.148782394197248,4,4.440892098500626e-16,0.6752054939491908,0.888888888888889
NCEP-AirTemp-Africa-2000,NCEP2000_r021_c024,7,25.053871154785156,28.04633331298828,-2.992462158203125,-0.10669709030439688,5,25.58885782135857,2,-2.641641404893663,0.6752054939491908,0.888888888888889
NCEP-AirTemp-Africa-2000,NCEP2000_r021_c024,8,23.703227996826172,25.053871154785156,-1.3506431579589844,-0.05390955950937022,4,23.02893324851989,3,-1.3208207024468313,0.6752054939491908,0.888888888888889
NCEP-AirTemp-Africa-2000,NCEP2000_r021_c024,9,24.39900016784668,23.703227996826172,0.6957721710205078,0.029353477556460693,5,25.58885782135857,5,1.3208207024468321,0.6752054939491908,0.888888888888889
NCEP-AirTemp-Africa-2000,NCEP2000_r021_c024,10,23.34064483642578,24.39900016784668,-1.0583553314208984,-0.04337699594820336,4,23.02893324851989,3,-1.3208207024468313,0.6752054939491908,0.888888888888889
NCEP-AirTemp-Africa-2000,NCEP2000_r021_c024,11,21.28766632080078,23.34064483642578,-2.052978515625,-0.08795723211644475,3,20.469008675681216,2,-2.641641404893663,0.6752054939491908,0.888888888888889
NCEP-AirTemp-Africa-2000,NCEP2000_r021_c024,12,19.76387596130371,21.28766632080078,-1.5237903594970703,-0.07158090213055114,3,20.469008675681216,3,-1.3208207024468313,0.6752054939491908,0.888888888888889
NCEP-AirTemp-Africa-2000,NCEP2000_r021_c025,1,23.983869552612305,,,,4,23.02893324851989,4,,0.5884421755104143,0.9230769230769232
NCEP-AirTemp-Africa-2000,NCEP2000_r021_c025,2,25.80034828186035,23.983869552612305,1.8164787292480469,0.07573751705342299,5,25.58885782135857,5,1.3208207024468321,0.5884421755104143,0.9230769230769232
NCEP-AirTemp-Africa-2000,NCEP2000_r021_c025,3,27.646774291992188,25.80034828186035,1.846426010131836,0.07156593352772748,6,28.148782394197248,5,1.3208207024468321,0.5884421755104143,0.9230769230769232
NCEP-AirTemp-Africa-2000,NCEP2000_r021_c025,4,32.27499771118164,27.646774291992188,4.628223419189453,0.16740554866576263,8,33.2686315398746,8,5.283282809787327,0.5884421755104143,0.9230769230769232
NCEP-AirTemp-Africa-2000,NCEP2000_r021_c025,5,34.0306396484375,32.27499771118164,1.7556419372558594,0.054396345832973335,8,33.2686315398746,5,1.3208207024468321,0.5884421755104143,0.9230769230769232
NCEP-AirTemp-Africa-2000,NCEP2000_r021_c025,6,34.47132873535156,34.0306396484375,0.4406890869140625,0.012949773835188447,8,33.2686315398746,4,4.440892098500626e-16,0.5884421755104143,0.9230769230769232
NCEP-AirTemp-Africa-2000,NCEP2000_r021_c025,7,32.69322204589844,34.47132873535156,-1.778106689453125,-0.051582191771726335,8,33.2686315398746,3,-1.3208207024468313,0.5884421755104143,0.9230769230769232
NCEP-AirTemp-Africa-2000,NCEP2000_r021_c025,8,31.039670944213867,32.69322204589844,-1.6535511016845703,-0.050577795585981966,7,30.708706967035923,3,-1.3208207024468313,0.5884421755104143,0.9230769230769232
NCEP-AirTemp-Africa-2000,NCEP2000_r021_c025,9,31.373329162597656,31.039670944213867,0.33365821838378906,0.010749412227451032,7,30.708706967035923,4,4.440892098500626e-16,0.5884421755104143,0.9230769230769232
NCEP-AirTemp-Africa-2000,NCEP2000_r021_c025,10,30.44870948791504,31.373329162597656,-0.9246196746826172,-0.029471519260535508,7,30.708706967035923,3,-1.3208207024468313,0.5884421755104143,0.9230769230769232
NCEP-AirTemp-Africa-2000,NCEP2000_r021_c025,11,26.76000213623047,30.44870948791504,-3.6887073516845703,-0.1211449487916262,5,25.58885782135857,1,-3.9624621073404946,0.5884421755104143,0.9230769230769232
NCEP-AirTemp-Africa-2000,NCEP2000_r021_c025,12,24.889677047729492,26.76000213623047,-1.8703250885009766,-0.06989256125539453,5,25.58885782135857,3,-1.3208207024468313,0.5884421755104143,0.9230769230769232
NCEP-AirTemp-Africa-2000,NCEP2000_r022_c002,1,25.4964542388916,,,,5,25.58885782135857,4,,2.855283338957524,1.0
NCEP-AirTemp-Africa-2000,NCEP2000_r022_c002,2,26.398279190063477,25.4964542388916,0.901824951171875,0.03537060262270726,5,25.58885782135857,5,1.3208207024468321,2.855283338957524,1.0
NCEP-AirTemp-Africa-2000,NCEP2000_r022_c002,3,29.17515754699707,26.398279190063477,2.7768783569335938,0.10519164286961678,6,28.148782394197248,6,2.6416414048936643,2.855283338957524,1.0
NCEP-AirTemp-Africa-2000,NCEP2000_r022_c002,4,31.196325302124023,29.17515754699707,2.021167755126953,0.06927701253613237,7,30.708706967035923,6,2.6416414048936643,2.855283338957524,1.0
NCEP-AirTemp-Africa-2000,NCEP2000_r022_c002,5,29.927091598510746,31.196325302124023,-1.2692337036132777,-0.04068535929540589,7,30.708706967035923,3,-1.3208207024468313,2.855283338957524,1.0
NCEP-AirTemp-Africa-2000,NCEP2000_r022_c002,6,28.797334671020508,29.927091598510746,-1.129756927490238,-0.03775030807024555,6,28.148782394197248,3,-1.3208207024468313,2.855283338957524,1.0
NCEP-AirTemp-Africa-2000,NCEP2000_r022_c002,7,27.56548500061035,28.797334671020508,-1.2318496704101562,-0.04277651680208439,6,28.148782394197248,3,-1.3208207024468313,2.855283338957524,1.0
NCEP-AirTemp-Africa-2000,NCEP2000_r022_c002,8,27.2806396484375,27.56548500061035,-0.28484535217285156,-0.010333406147816538,6,28.148782394197248,4,4.440892098500626e-16,2.855283338957524,1.0
NCEP-AirTemp-Africa-2000,NCEP2000_r022_c002,9,27.597002029418945,27.2806396484375,0.3163623809814453,0.011596589561622137,6,28.148782394197248,4,4.440892098500626e-16,2.855283338957524,1.0
NCEP-AirTemp-Africa-2000,NCEP2000_r022_c002,10,28.01483726501465,27.597002029418945,0.4178352355957031,0.015140602415808883,6,28.148782394197248,4,4.440892098500626e-16,2.855283338957524,1.0
NCEP-AirTemp-Africa-2000,NCEP2000_r022_c002,11,27.698993682861328,28.01483726501465,-0.3158435821533203,-0.01127415373380557,6,28.148782394197248,4,4.440892098500626e-16,2.855283338957524,1.0
NCEP-AirTemp-Africa-2000,NCEP2000_r022_c002,12,24.06806182861328,27.698993682861328,-3.630931854248047,-0.13108533457281069,4,23.02893324851989,1,-3.9624621073404946,2.855283338957524,1.0
NCEP-AirTemp-Africa-2000,NCEP2000_r022_c003,1,25.926767349243164,,,,5,25.58885782135857,4,,2.838436581115555,1.0
NCEP-AirTemp-Africa-2000,NCEP2000_r022_c003,2,26.534133911132812,25.926767349243164,0.6073665618896484,0.023426235662479467,5,25.58885782135857,4,4.440892098500626e-16,2.838436581115555,1.0
NCEP-AirTemp-Africa-2000,NCEP2000_r022_c003,3,30.884510040283203,26.534133911132812,4.350376129150391,0.1639539524342689,7,30.708706967035923,7,3.962462107340496,2.838436581115555,1.0
NCEP-AirTemp-Africa-2000,NCEP2000_r022_c003,4,34.6546630859375,30.884510040283203,3.770153045654297,0.1220726195991719,8,33.2686315398746,7,3.962462107340496,2.838436581115555,1.0
NCEP-AirTemp-Africa-2000,NCEP2000_r022_c003,5,34.939674377441406,34.6546630859375,0.28501129150390625,0.008224327294630686,8,33.2686315398746,4,4.440892098500626e-16,2.838436581115555,1.0
NCEP-AirTemp-Africa-2000,NCEP2000_r022_c003,6,32.03799819946289,34.939674377441406,-2.9016761779785156,-0.08304817459466553,8,33.2686315398746,2,-2.641641404893663,2.838436581115555,1.0
NCEP-AirTemp-Africa-2000,NCEP2000_r022_c003,7,28.01805877685547,32.03799819946289,-4.019939422607422,-0.12547411350671764,6,28.148782394197248,1,-3.9624621073404946,2.838436581115555,1.0
NCEP-AirTemp-Africa-2000,NCEP2000_r022_c003,8,26.445161819458008,28.01805877685547,-1.572896957397461,-0.056138684336573826,5,25.58885782135857,3,-1.3208207024468313,2.838436581115555,1.0
NCEP-AirTemp-Africa-2000,NCEP2000_r022_c003,9,26.644330978393555,26.445161819458008,0.19916915893554688,0.007531402541428232,5,25.58885782135857,4,4.440892098500626e-16,2.838436581115555,1.0
NCEP-AirTemp-Africa-2000,NCEP2000_r022_c003,10,27.322898864746097,26.644330978393555,0.6785678863525426,0.025467627124989834,6,28.148782394197248,5,1.3208207024468321,2.838436581115555,1.0
NCEP-AirTemp-Africa-2000,NCEP2000_r022_c003,11,26.466001510620117,27.322898864746097,-0.8568973541259801,-0.03136187555968333,5,25.58885782135857,3,-1.3208207024468313,2.838436581115555,1.0
NCEP-AirTemp-Africa-2000,NCEP2000_r022_c003,12,22.60354804992676,26.466001510620117,-3.862453460693356,-0.14594019648731046,4,23.02893324851989,1,-3.9624621073404946,2.838436581115555,1.0
NCEP-AirTemp-Africa-2000,NCEP2000_r022_c004,1,24.28935432434082,,,,4,23.02893324851989,4,,2.8195563208776115,1.0
NCEP-AirTemp-Africa-2000,NCEP2000_r022_c004,2,24.115175247192383,24.28935432434082,-0.1741790771484375,-0.007171004828806394,4,23.02893324851989,4,4.440892098500626e-16,2.8195563208776115,1.0
NCEP-AirTemp-Africa-2000,NCEP2000_r022_c004,3,28.832256317138672,24.115175247192383,4.717081069946289,0.19560633591064103,6,28.148782394197248,8,5.283282809787327,2.8195563208776115,1.0
NCEP-AirTemp-Africa-2000,NCEP2000_r022_c004,4,33.14999771118164,28.832256317138672,4.317741394042969,0.14975385022074691,8,33.2686315398746,7,3.962462107340496,2.8195563208776115,1.0
NCEP-AirTemp-Africa-2000,NCEP2000_r022_c004,5,34.502899169921875,33.14999771118164,1.3529014587402344,0.04081150986878936,8,33.2686315398746,5,1.3208207024468321,2.8195563208776115,1.0
NCEP-AirTemp-Africa-2000,NCEP2000_r022_c004,6,31.533327102661133,34.502899169921875,-2.969572067260742,-0.08606732010072608,7,30.708706967035923,2,-2.641641404893663,2.8195563208776115,1.0
NCEP-AirTemp-Africa-2000,NCEP2000_r022_c004,7,27.41515731811523,31.533327102661133,-4.118169784545902,-0.1305973762660257,6,28.148782394197248,1,-3.9624621073404946,2.8195563208776115,1.0
NCEP-AirTemp-Africa-2000,NCEP2000_r022_c004,8,25.73483657836914,27.41515731811523,-1.6803207397460902,-0.06129166870167028,5,25.58885782135857,3,-1.3208207024468313,2.8195563208776115,1.0
NCEP-AirTemp-Africa-2000,NCEP2000_r022_c004,9,25.853336334228516,25.73483657836914,0.118499755859375,0.004604643806402773,5,25.58885782135857,4,4.440892098500626e-16,2.8195563208776115,1.0
NCEP-AirTemp-Africa-2000,NCEP2000_r022_c004,10,26.68193817138672,25.853336334228516,0.8286018371582031,0.03205009312709772,5,25.58885782135857,5,1.3208207024468321,2.8195563208776115,1.0
NCEP-AirTemp-Africa-2000,NCEP2000_r022_c004,11,25.347999572753903,26.68193817138672,-1.333938598632816,-0.049994066775228135,5,25.58885782135857,3,-1.3208207024468313,2.8195563208776115,1.0
NCEP-AirTemp-Africa-2000,NCEP2000_r022_c004,12,22.22355079650879,25.347999572753903,-3.1244487762451136,-0.1232621441103197,4,23.02893324851989,2,-2.641641404893663,2.8195563208776115,1.0
NCEP-AirTemp-Africa-2000,NCEP2000_r022_c005,1,24.46483612060547,,,,5,25.58885782135857,4,,2.7982669902132793,1.0
NCEP-AirTemp-Africa-2000,NCEP2000_r022_c005,2,23.572757720947266,24.46483612060547,-0.8920783996582031,-0.036463698152747956,4,23.02893324851989,3,-1.3208207024468313,2.7982669902132793,1.0
NCEP-AirTemp-Africa-2000,NCEP2000_r022_c005,3,28.718706130981445,23.572757720947266,5.14594841003418,0.21830065327746434,6,28.148782394197248,8,5.283282809787327,2.7982669902132793,1.0
NCEP-AirTemp-Africa-2000,NCEP2000_r022_c005,4,33.88932800292969,28.718706130981445,5.170621871948242,0.1800436916748916,8,33.2686315398746,8,5.283282809787327,2.7982669902132793,1.0
NCEP-AirTemp-Africa-2000,NCEP2000_r022_c005,5,34.589351654052734,33.88932800292969,0.7000236511230469,0.02065616795536727,8,33.2686315398746,5,1.3208207024468321,2.7982669902132793,1.0
NCEP-AirTemp-Africa-2000,NCEP2000_r022_c005,6,31.794666290283203,34.589351654052734,-2.7946853637695312,-0.08079611875124829,7,30.708706967035923,2,-2.641641404893663,2.7982669902132793,1.0
NCEP-AirTemp-Africa-2000,NCEP2000_r022_c005,7,28.026769638061523,31.794666290283203,-3.7678966522216797,-0.11850719293044412,6,28.148782394197248,1,-3.9624621073404946,2.7982669902132793,1.0
NCEP-AirTemp-Africa-2000,NCEP2000_r022_c005,8,26.656774520874023,28.026769638061523,-1.3699951171875,-0.04888166331259916,5,25.58885782135857,3,-1.3208207024468313,2.7982669902132793,1.0
NCEP-AirTemp-Africa-2000,NCEP2000_r022_c005,9,26.562002182006836,26.656774520874023,-0.0947723388671875,-0.003555281558651234,5,25.58885782135857,4,4.440892098500626e-16,2.7982669902132793,1.0
NCEP-AirTemp-Africa-2000,NCEP2000_r022_c005,10,27.22516441345215,26.562002182006836,0.6631622314453125,0.02496657544492411,6,28.148782394197248,5,1.3208207024468321,2.7982669902132793,1.0
NCEP-AirTemp-Africa-2000,NCEP2000_r022_c005,11,25.520334243774418,27.22516441345215,-1.7048301696777308,-0.06261964643399406,5,25.58885782135857,3,-1.3208207024468313,2.7982669902132793,1.0
NCEP-AirTemp-Africa-2000,NCEP2000_r022_c005,12,22.78193473815918,25.520334243774418,-2.738399505615238,-0.10730265048480936,4,23.02893324851989,2,-2.641641404893663,2.7982669902132793,1.0
NCEP-AirTemp-Africa-2000,NCEP2000_r022_c006,1,24.773876190185547,,,,5,25.58885782135857,4,,2.7740996603280093,1.0
NCEP-AirTemp-Africa-2000,NCEP2000_r022_c006,2,23.353105545043945,24.773876190185547,-1.4207706451416016,-0.057349549752914966,4,23.02893324851989,3,-1.3208207024468313,2.7740996603280093,1.0
NCEP-AirTemp-Africa-2000,NCEP2000_r022_c006,3,28.569679260253903,23.353105545043945,5.216573715209957,0.22337815864139027,6,28.148782394197248,8,5.283282809787327,2.7740996603280093,1.0
NCEP-AirTemp-Africa-2000,NCEP2000_r022_c006,4,34.27499008178711,28.569679260253903,5.705310821533207,0.19969810544812194,8,33.2686315398746,8,5.283282809787327,2.7740996603280093,1.0
NCEP-AirTemp-Africa-2000,NCEP2000_r022_c006,5,34.519996643066406,34.27499008178711,0.24500656127929688,0.007148260603275488,8,33.2686315398746,4,4.440892098500626e-16,2.7740996603280093,1.0
NCEP-AirTemp-Africa-2000,NCEP2000_r022_c006,6,32.278995513916016,34.519996643066406,-2.2410011291503906,-0.06491892662453408,8,33.2686315398746,2,-2.641641404893663,2.7740996603280093,1.0
NCEP-AirTemp-Africa-2000,NCEP2000_r022_c006,7,28.68225479125977,32.278995513916016,-3.5967407226562464,-0.11142666199465938,6,28.148782394197248,1,-3.9624621073404946,2.7740996603280093,1.0
NCEP-AirTemp-Africa-2000,NCEP2000_r022_c006,8,27.490646362304688,28.68225479125977,-1.1916084289550817,-0.04154514481609709,6,28.148782394197248,3,-1.3208207024468313,2.7740996603280093,1.0
NCEP-AirTemp-Africa-2000,NCEP2000_r022_c006,9,27.670331954956055,27.490646362304688,0.1796855926513672,0.006536244738783333,6,28.148782394197248,4,4.440892098500626e-16,2.7740996603280093,1.0
NCEP-AirTemp-Africa-2000,NCEP2000_r022_c006,10,28.030641555786133,27.670331954956055,0.3603096008300781,0.013021513490211049,6,28.148782394197248,4,4.440892098500626e-16,2.7740996603280093,1.0
NCEP-AirTemp-Africa-2000,NCEP2000_r022_c006,11,26.06832695007324,28.030641555786133,-1.9623146057128942,-0.07000605397516597,5,25.58885782135857,3,-1.3208207024468313,2.7740996603280093,1.0
NCEP-AirTemp-Africa-2000,NCEP2000_r022_c006,12,22.95838737487793,26.06832695007324,-3.109939575195309,-0.11929954619456588,4,23.02893324851989,2,-2.641641404893663,2.7740996603280093,1.0
NCEP-AirTemp-Africa-2000,NCEP2000_r022_c007,1,25.442899703979492,,,,5,25.58885782135857,4,,2.746463350144149,1.0
NCEP-AirTemp-Africa-2000,NCEP2000_r022_c007,2,23.366554260253903,25.442899703979492,-2.0763454437255895,-0.08160805049279941,4,23.02893324851989,2,-2.641641404893663,2.746463350144149,1.0
NCEP-AirTemp-Africa-2000,NCEP2000_r022_c007,3,28.501609802246097,23.366554260253903,5.135055541992195,0.21976092344633089,6,28.148782394197248,8,5.283282809787327,2.746463350144149,1.0
NCEP-AirTemp-Africa-2000,NCEP2000_r022_c007,4,34.55665969848633,28.501609802246097,6.055049896240231,0.2124458912409592,8,33.2686315398746,8,5.283282809787327,2.746463350144149,1.0
NCEP-AirTemp-Africa-2000,NCEP2000_r022_c007,5,35.47419357299805,34.55665969848633,0.9175338745117188,0.026551578842323963,8,33.2686315398746,5,1.3208207024468321,2.746463350144149,1.0
NCEP-AirTemp-Africa-2000,NCEP2000_r022_c007,6,33.400997161865234,35.47419357299805,-2.0731964111328125,-0.05844238310496425,8,33.2686315398746,2,-2.641641404893663,2.746463350144149,1.0
NCEP-AirTemp-Africa-2000,NCEP2000_r022_c007,7,29.993867874145508,33.400997161865234,-3.4071292877197266,-0.10200681348548876,7,30.708706967035923,1,-3.9624621073404946,2.746463350144149,1.0
NCEP-AirTemp-Africa-2000,NCEP2000_r022_c007,8,28.414833068847656,29.993867874145508,-1.5790348052978516,-0.05264525442078672,6,28.148782394197248,3,-1.3208207024468313,2.746463350144149,1.0
NCEP-AirTemp-Africa-2000,NCEP2000_r022_c007,9,29.0506649017334,28.414833068847656,0.6358318328857422,0.02237675763729299,6,28.148782394197248,4,4.440892098500626e-16,2.746463350144149,1.0
NCEP-AirTemp-Africa-2000,NCEP2000_r022_c007,10,29.304513931274418,29.0506649017334,0.2538490295410192,0.008738148692970965,6,28.148782394197248,4,4.440892098500626e-16,2.746463350144149,1.0
NCEP-AirTemp-Africa-2000,NCEP2000_r022_c007,11,26.843664169311523,29.304513931274418,-2.460849761962894,-0.08397510935462477,5,25.58885782135857,2,-2.641641404893663,2.746463350144149,1.0
NCEP-AirTemp-Africa-2000,NCEP2000_r022_c007,12,23.31645393371582,26.843664169311523,-3.527210235595703,-0.13139824032026579,4,23.02893324851989,1,-3.9624621073404946,2.746463350144149,1.0
NCEP-AirTemp-Africa-2000,NCEP2000_r022_c008,1,25.431615829467773,,,,5,25.58885782135857,4,,2.714606330768119,1.0
NCEP-AirTemp-Africa-2000,NCEP2000_r022_c008,2,22.788623809814453,25.431615829467773,-2.6429920196533203,-0.10392544608160008,4,23.02893324851989,2,-2.641641404893663,2.714606330768119,1.0
NCEP-AirTemp-Africa-2000,NCEP2000_r022_c008,3,27.767091751098633,22.788623809814453,4.97846794128418,0.2184628603654463,6,28.148782394197248,8,5.283282809787327,2.714606330768119,1.0
NCEP-AirTemp-Africa-2000,NCEP2000_r022_c008,4,34.56832504272461,27.767091751098633,6.801233291625977,0.24493862564331675,8,33.2686315398746,8,5.283282809787327,2.714606330768119,1.0
NCEP-AirTemp-Africa-2000,NCEP2000_r022_c008,5,35.6841926574707,34.56832504272461,1.1158676147460938,0.03228006023916232,8,33.2686315398746,5,1.3208207024468321,2.714606330768119,1.0
NCEP-AirTemp-Africa-2000,NCEP2000_r022_c008,6,33.198997497558594,35.6841926574707,-2.4851951599121094,-0.0696441470251904,8,33.2686315398746,2,-2.641641404893663,2.714606330768119,1.0
NCEP-AirTemp-Africa-2000,NCEP2000_r022_c008,7,30.45516014099121,33.198997497558594,-2.743837356567383,-0.08264819914424104,7,30.708706967035923,2,-2.641641404893663,2.714606330768119,1.0
NCEP-AirTemp-Africa-2000,NCEP2000_r022_c008,8,28.884838104248047,30.45516014099121,-1.570322036743164,-0.05156177243768896,6,28.148782394197248,3,-1.3208207024468313,2.714606330768119,1.0
NCEP-AirTemp-Africa-2000,NCEP2000_r022_c008,9,29.503328323364254,28.884838104248047,0.6184902191162074,0.021412279233971092,7,30.708706967035923,4,4.440892098500626e-16,2.714606330768119,1.0
NCEP-AirTemp-Africa-2000,NCEP2000_r022_c008,10,29.65870475769043,29.503328323364254,0.15537643432617543,0.005266403594306674,7,30.708706967035923,4,4.440892098500626e-16,2.714606330768119,1.0
NCEP-AirTemp-Africa-2000,NCEP2000_r022_c008,11,26.26532554626465,29.65870475769043,-3.3933792114257812,-0.11441427530802357,5,25.58885782135857,1,-3.9624621073404946,2.714606330768119,1.0
NCEP-AirTemp-Africa-2000,NCEP2000_r022_c008,12,22.69806671142578,26.26532554626465,-3.567258834838867,-0.13581628099584658,4,23.02893324851989,1,-3.9624621073404946,2.714606330768119,1.0
NCEP-AirTemp-Africa-2000,NCEP2000_r022_c009,1,24.63419532775879,,,,5,25.58885782135857,4,,2.6775640431369845,0.9888421732374284
NCEP-AirTemp-Africa-2000,NCEP2000_r022_c009,2,21.8641414642334,24.63419532775879,-2.7700538635253906,-0.11244750748582333,4,23.02893324851989,2,-2.641641404893663,2.6775640431369845,0.9888421732374284
NCEP-AirTemp-Africa-2000,NCEP2000_r022_c009,3,26.87322235107422,21.8641414642334,5.00908088684082,0.2291002779612892,6,28.148782394197248,8,5.283282809787327,2.6775640431369845,0.9888421732374284
NCEP-AirTemp-Africa-2000,NCEP2000_r022_c009,4,33.892330169677734,26.87322235107422,7.019107818603516,0.2611933815344231,8,33.2686315398746,8,5.283282809787327,2.6775640431369845,0.9888421732374284
NCEP-AirTemp-Africa-2000,NCEP2000_r022_c009,5,34.93257522583008,33.892330169677734,1.0402450561523438,0.030692639040882888,8,33.2686315398746,5,1.3208207024468321,2.6775640431369845,0.9888421732374284
NCEP-AirTemp-Africa-2000,NCEP2000_r022_c009,6,32.779666900634766,34.93257522583008,-2.1529083251953125,-0.061630392585640084,8,33.2686315398746,2,-2.641641404893663,2.6775640431369845,0.9888421732374284
NCEP-AirTemp-Africa-2000,NCEP2000_r022_c009,7,30.18773651123047,32.779666900634766,-2.591930389404297,-0.079071285173862,7,30.708706967035923,2,-2.641641404893663,2.6775640431369845,0.9888421732374284
NCEP-AirTemp-Africa-2000,NCEP2000_r022_c009,8,29.2896728515625,30.18773651123047,-0.8980636596679688,-0.02974928773920729,6,28.148782394197248,3,-1.3208207024468313,2.6775640431369845,0.9888421732374284
NCEP-AirTemp-Africa-2000,NCEP2000_r022_c009,9,29.817663192749023,29.2896728515625,0.5279903411865234,0.018026501827532602,7,30.708706967035923,4,4.440892098500626e-16,2.6775640431369845,0.9888421732374284
NCEP-AirTemp-Africa-2000,NCEP2000_r022_c009,10,29.290321350097656,29.817663192749023,-0.5273418426513672,-0.017685552326568793,6,28.148782394197248,4,4.440892098500626e-16,2.6775640431369845,0.9888421732374284
NCEP-AirTemp-Africa-2000,NCEP2000_r022_c009,11,25.72333335876465,29.290321350097656,-3.566987991333008,-0.12178043213312562,5,25.58885782135857,1,-3.9624621073404946,2.6775640431369845,0.9888421732374284
NCEP-AirTemp-Africa-2000,NCEP2000_r022_c009,12,21.7861270904541,25.72333335876465,-3.937206268310547,-0.1530597226027486,4,23.02893324851989,1,-3.9624621073404946,2.6775640431369845,0.9888421732374284
NCEP-AirTemp-Africa-2000,NCEP2000_r022_c010,1,24.44032287597656,,,,5,25.58885782135857,4,,2.634089798258452,0.910625357986017
NCEP-AirTemp-Africa-2000,NCEP2000_r022_c010,2,21.684831619262695,24.44032287597656,-2.7554912567138636,-0.11274365198433423,3,20.469008675681216,2,-2.641641404893663,2.634089798258452,0.910625357986017
NCEP-AirTemp-Africa-2000,NCEP2000_r022_c010,3,26.840967178344727,21.684831619262695,5.156135559082031,0.23777614000478667,5,25.58885782135857,8,5.283282809787327,2.634089798258452,0.910625357986017
NCEP-AirTemp-Africa-2000,NCEP2000_r022_c010,4,33.097660064697266,26.840967178344727,6.256692886352539,0.23310236344241853,8,33.2686315398746,8,5.283282809787327,2.634089798258452,0.910625357986017
NCEP-AirTemp-Africa-2000,NCEP2000_r022_c010,5,34.61677551269531,33.097660064697266,1.5191154479980469,0.04589797118674171,8,33.2686315398746,5,1.3208207024468321,2.634089798258452,0.910625357986017
NCEP-AirTemp-Africa-2000,NCEP2000_r022_c010,6,33.37566375732422,34.61677551269531,-1.2411117553710938,-0.03585289897714274,8,33.2686315398746,3,-1.3208207024468313,2.634089798258452,0.910625357986017
NCEP-AirTemp-Africa-2000,NCEP2000_r022_c010,7,30.179670333862305,33.37566375732422,-3.195993423461914,-0.09575819815000863,7,30.708706967035923,2,-2.641641404893663,2.634089798258452,0.910625357986017
NCEP-AirTemp-Africa-2000,NCEP2000_r022_c010,8,29.73870849609375,30.179670333862305,-0.4409618377685547,-0.014611221159489773,7,30.708706967035923,4,4.440892098500626e-16,2.634089798258452,0.910625357986017
NCEP-AirTemp-Africa-2000,NCEP2000_r022_c010,9,30.09733009338379,29.73870849609375,0.35862159729003906,0.01205908445342019,7,30.708706967035923,4,4.440892098500626e-16,2.634089798258452,0.910625357986017
NCEP-AirTemp-Africa-2000,NCEP2000_r022_c010,10,28.773221969604492,30.09733009338379,-1.3241081237792969,-0.04399420545513344,6,28.148782394197248,3,-1.3208207024468313,2.634089798258452,0.910625357986017
NCEP-AirTemp-Africa-2000,NCEP2000_r022_c010,11,25.375329971313477,28.773221969604492,-3.3978919982910156,-0.11809216228479684,5,25.58885782135857,1,-3.9624621073404946,2.634089798258452,0.910625357986017
NCEP-AirTemp-Africa-2000,NCEP2000_r022_c010,12,21.22644805908203,25.375329971313477,-4.148881912231445,-0.16350060932889185,3,20.469008675681216,1,-3.9624621073404946,2.634089798258452,0.910625357986017
NCEP-AirTemp-Africa-2000,NCEP2000_r022_c011,1,23.4341983795166,,,,4,23.02893324851989,4,,2.5825652797172416,0.8344502505784451
NCEP-AirTemp-Africa-2000,NCEP2000_r022_c011,2,20.510005950927734,23.4341983795166,-2.924192428588867,-0.12478312171091159,3,20.469008675681216,2,-2.641641404893663,2.5825652797172416,0.8344502505784451
NCEP-AirTemp-Africa-2000,NCEP2000_r022_c011,3,25.86354637145996,20.510005950927734,5.353540420532227,0.261020910151909,5,25.58885782135857,8,5.283282809787327,2.5825652797172416,0.8344502505784451
NCEP-AirTemp-Africa-2000,NCEP2000_r022_c011,4,31.573001861572266,25.86354637145996,5.709455490112305,0.22075300146822108,7,30.708706967035923,8,5.283282809787327,2.5825652797172416,0.8344502505784451
NCEP-AirTemp-Africa-2000,NCEP2000_r022_c011,5,33.380001068115234,31.573001861572266,1.8069992065429688,0.057232416938545236,8,33.2686315398746,5,1.3208207024468321,2.5825652797172416,0.8344502505784451
NCEP-AirTemp-Africa-2000,NCEP2000_r022_c011,6,32.74467086791992,33.380001068115234,-0.6353302001953125,-0.019033258833600922,8,33.2686315398746,4,4.440892098500626e-16,2.5825652797172416,0.8344502505784451
NCEP-AirTemp-Africa-2000,NCEP2000_r022_c011,7,29.61612319946289,32.74467086791992,-3.1285476684570312,-0.09554372010873016,7,30.708706967035923,2,-2.641641404893663,2.5825652797172416,0.8344502505784451
NCEP-AirTemp-Africa-2000,NCEP2000_r022_c011,8,29.251609802246097,29.61612319946289,-0.3645133972167933,-0.012307937631195566,6,28.148782394197248,4,4.440892098500626e-16,2.5825652797172416,0.8344502505784451
NCEP-AirTemp-Africa-2000,NCEP2000_r022_c011,9,29.32799530029297,29.251609802246097,0.07638549804687145,0.002611326301809419,6,28.148782394197248,4,4.440892098500626e-16,2.5825652797172416,0.8344502505784451
NCEP-AirTemp-Africa-2000,NCEP2000_r022_c011,10,27.68935203552246,29.32799530029297,-1.6386432647705078,-0.05587300625195268,6,28.148782394197248,3,-1.3208207024468313,2.5825652797172416,0.8344502505784451
NCEP-AirTemp-Africa-2000,NCEP2000_r022_c011,11,23.893335342407227,27.68935203552246,-3.7960166931152344,-0.13709301280309316,4,23.02893324851989,1,-3.9624621073404946,2.5825652797172416,0.8344502505784451
NCEP-AirTemp-Africa-2000,NCEP2000_r022_c011,12,20.026456832885746,23.893335342407227,-3.866878509521481,-0.16183920972549734,3,20.469008675681216,1,-3.9624621073404946,2.5825652797172416,0.8344502505784451
NCEP-AirTemp-Africa-2000,NCEP2000_r022_c012,1,23.043874740600582,,,,4,23.02893324851989,4,,2.5208927182819547,0.7609302713276201
NCEP-AirTemp-Africa-2000,NCEP2000_r022_c012,2,19.945859909057617,23.043874740600582,-3.098014831542965,-0.1344398399321547,3,20.469008675681216,2,-2.641641404893663,2.5208927182819547,0.7609302713276201
NCEP-AirTemp-Africa-2000,NCEP2000_r022_c012,3,25.947744369506836,19.945859909057617,6.001884460449219,0.3009087844702901,5,25.58885782135857,8,5.283282809787327,2.5208927182819547,0.7609302713276201
NCEP-AirTemp-Africa-2000,NCEP2000_r022_c012,4,31.74832534790039,25.947744369506836,5.800580978393555,0.22354856344315838,7,30.708706967035923,8,5.283282809787327,2.5208927182819547,0.7609302713276201
NCEP-AirTemp-Africa-2000,NCEP2000_r022_c012,5,33.55934524536133,31.74832534790039,1.8110198974609375,0.05704300550078323,8,33.2686315398746,5,1.3208207024468321,2.5208927182819547,0.7609302713276201
NCEP-AirTemp-Africa-2000,NCEP2000_r022_c012,6,33.224327087402344,33.55934524536133,-0.3350181579589844,-0.00998285739812792,8,33.2686315398746,4,4.440892098500626e-16,2.5208927182819547,0.7609302713276201
NCEP-AirTemp-Africa-2000,NCEP2000_r022_c012,7,30.437416076660156,33.224327087402344,-2.7869110107421875,-0.0838816389993614,7,30.708706967035923,2,-2.641641404893663,2.5208927182819547,0.7609302713276201
NCEP-AirTemp-Africa-2000,NCEP2000_r022_c012,8,29.854839324951172,30.437416076660156,-0.5825767517089844,-0.0191401513926707,7,30.708706967035923,4,4.440892098500626e-16,2.5208927182819547,0.7609302713276201
NCEP-AirTemp-Africa-2000,NCEP2000_r022_c012,9,30.25933265686035,29.854839324951172,0.4044933319091797,0.013548668860901373,7,30.708706967035923,4,4.440892098500626e-16,2.5208927182819547,0.7609302713276201
NCEP-AirTemp-Africa-2000,NCEP2000_r022_c012,10,28.20805931091309,30.25933265686035,-2.051273345947262,-0.06778977478481173,6,28.148782394197248,2,-2.641641404893663,2.5208927182819547,0.7609302713276201
NCEP-AirTemp-Africa-2000,NCEP2000_r022_c012,11,24.01433753967285,28.20805931091309,-4.193721771240238,-0.14867104911459744,4,23.02893324851989,1,-3.9624621073404946,2.5208927182819547,0.7609302713276201
NCEP-AirTemp-Africa-2000,NCEP2000_r022_c012,12,19.740327835083008,24.01433753967285,-4.274009704589844,-0.17797741443123186,3,20.469008675681216,1,-3.9624621073404946,2.5208927182819547,0.7609302713276201
NCEP-AirTemp-Africa-2000,NCEP2000_r022_c013,1,23.13225746154785,,,,4,23.02893324851989,4,,2.4463860266055706,0.690913535837914
NCEP-AirTemp-Africa-2000,NCEP2000_r022_c013,2,20.675519943237305,23.13225746154785,-2.456737518310547,-0.10620396744218837,3,20.469008675681216,2,-2.641641404893663,2.4463860266055706,0.690913535837914
NCEP-AirTemp-Africa-2000,NCEP2000_r022_c013,3,26.412580490112305,20.675519943237305,5.737060546875,0.27748083543367036,5,25.58885782135857,8,5.283282809787327,2.4463860266055706,0.690913535837914
NCEP-AirTemp-Africa-2000,NCEP2000_r022_c013,4,32.318992614746094,26.412580490112305,5.906412124633789,0.22362116896699613,8,33.2686315398746,8,5.283282809787327,2.4463860266055706,0.690913535837914
NCEP-AirTemp-Africa-2000,NCEP2000_r022_c013,5,34.2464485168457,32.318992614746094,1.9274559020996094,0.05963848951220635,8,33.2686315398746,5,1.3208207024468321,2.4463860266055706,0.690913535837914
NCEP-AirTemp-Africa-2000,NCEP2000_r022_c013,6,34.49999237060547,34.2464485168457,0.2535438537597656,0.007403507947256146,8,33.2686315398746,4,4.440892098500626e-16,2.4463860266055706,0.690913535837914
NCEP-AirTemp-Africa-2000,NCEP2000_r022_c013,7,31.746131896972656,34.49999237060547,-2.7538604736328125,-0.0798220603659943,7,30.708706967035923,2,-2.641641404893663,2.4463860266055706,0.690913535837914
NCEP-AirTemp-Africa-2000,NCEP2000_r022_c013,8,31.184194564819336,31.746131896972656,-0.5619373321533203,-0.017700970120611993,7,30.708706967035923,4,4.440892098500626e-16,2.4463860266055706,0.690913535837914
NCEP-AirTemp-Africa-2000,NCEP2000_r022_c013,9,31.94232749938965,31.184194564819336,0.7581329345703125,0.0243114483202207,7,30.708706967035923,5,1.3208207024468321,2.4463860266055706,0.690913535837914
NCEP-AirTemp-Africa-2000,NCEP2000_r022_c013,10,29.052576065063477,31.94232749938965,-2.889751434326172,-0.09046777929320865,6,28.148782394197248,2,-2.641641404893663,2.4463860266055706,0.690913535837914
NCEP-AirTemp-Africa-2000,NCEP2000_r022_c013,11,24.443004608154297,29.052576065063477,-4.60957145690918,-0.15866308882854338,5,25.58885782135857,1,-3.9624621073404946,2.4463860266055706,0.690913535837914
NCEP-AirTemp-Africa-2000,NCEP2000_r022_c013,12,19.904197692871097,24.443004608154297,-4.5388069152832,-0.18568940226640684,3,20.469008675681216,1,-3.9624621073404946,2.4463860266055706,0.690913535837914
NCEP-AirTemp-Africa-2000,NCEP2000_r022_c014,1,22.70322608947754,,,,4,23.02893324851989,4,,2.3557183744408845,0.6255774366410594
NCEP-AirTemp-Africa-2000,NCEP2000_r022_c014,2,21.39793586730957,22.70322608947754,-1.3052902221679688,-0.05749360099853575,3,20.469008675681216,3,-1.3208207024468313,2.3557183744408845,0.6255774366410594
NCEP-AirTemp-Africa-2000,NCEP2000_r022_c014,3,26.3609676361084,21.39793586730957,4.963031768798828,0.23193974407508333,5,25.58885782135857,8,5.283282809787327,2.3557183744408845,0.6255774366410594
NCEP-AirTemp-Africa-2000,NCEP2000_r022_c014,4,32.26700210571289,26.3609676361084,5.906034469604492,0.22404467662691555,8,33.2686315398746,8,5.283282809787327,2.3557183744408845,0.6255774366410594
NCEP-AirTemp-Africa-2000,NCEP2000_r022_c014,5,34.191612243652344,32.26700210571289,1.9246101379394531,0.05964638833301157,8,33.2686315398746,5,1.3208207024468321,2.3557183744408845,0.6255774366410594
NCEP-AirTemp-Africa-2000,NCEP2000_r022_c014,6,34.96566390991211,34.191612243652344,0.7740516662597656,0.022638641920240773,8,33.2686315398746,5,1.3208207024468321,2.3557183744408845,0.6255774366410594
NCEP-AirTemp-Africa-2000,NCEP2000_r022_c014,7,32.36419677734375,34.96566390991211,-2.6014671325683594,-0.07440062168620491,8,33.2686315398746,2,-2.641641404893663,2.3557183744408845,0.6255774366410594
NCEP-AirTemp-Africa-2000,NCEP2000_r022_c014,8,31.920316696166992,32.36419677734375,-0.4438800811767578,-0.013715158272906432,7,30.708706967035923,4,4.440892098500626e-16,2.3557183744408845,0.6255774366410594
NCEP-AirTemp-Africa-2000,NCEP2000_r022_c014,9,32.43733215332031,31.920316696166992,0.5170154571533203,0.016197065401152608,8,33.2686315398746,4,4.440892098500626e-16,2.3557183744408845,0.6255774366410594
NCEP-AirTemp-Africa-2000,NCEP2000_r022_c014,10,28.839998245239254,32.43733215332031,-3.5973339080810582,-0.11090104115460778,6,28.148782394197248,1,-3.9624621073404946,2.3557183744408845,0.6255774366410594
NCEP-AirTemp-Africa-2000,NCEP2000_r022_c014,11,24.201332092285156,28.839998245239254,-4.638666152954098,-0.16084141592206314,4,23.02893324851989,0,-5.283282809787327,2.3557183744408845,0.6255774366410594
NCEP-AirTemp-Africa-2000,NCEP2000_r022_c014,12,20.205488204956055,24.201332092285156,-3.9958438873291016,-0.1651084275895246,3,20.469008675681216,1,-3.9624621073404946,2.3557183744408845,0.6255774366410594
NCEP-AirTemp-Africa-2000,NCEP2000_r022_c015,1,23.349674224853516,,,,4,23.02893324851989,4,,2.2450728143862446,0.5665436642605547
NCEP-AirTemp-Africa-2000,NCEP2000_r022_c015,2,22.94413948059082,23.349674224853516,-0.4055347442626953,-0.017367897314431995,4,23.02893324851989,4,4.440892098500626e-16,2.2450728143862446,0.5665436642605547
NCEP-AirTemp-Africa-2000,NCEP2000_r022_c015,3,27.569355010986328,22.94413948059082,4.625215530395508,0.20158592281519755,6,28.148782394197248,8,5.283282809787327,2.2450728143862446,0.5665436642605547
NCEP-AirTemp-Africa-2000,NCEP2000_r022_c015,4,32.76300048828125,27.569355010986328,5.193645477294922,0.18838472917575566,8,33.2686315398746,8,5.283282809787327,2.2450728143862446,0.5665436642605547
NCEP-AirTemp-Africa-2000,NCEP2000_r022_c015,5,34.415157318115234,32.76300048828125,1.6521568298339844,0.05042751900653702,8,33.2686315398746,5,1.3208207024468321,2.2450728143862446,0.5665436642605547
NCEP-AirTemp-Africa-2000,NCEP2000_r022_c015,6,35.19166564941406,34.415157318115234,0.7765083312988281,0.022562974916000008,8,33.2686315398746,5,1.3208207024468321,2.2450728143862446,0.5665436642605547
NCEP-AirTemp-Africa-2000,NCEP2000_r022_c015,7,32.96806335449219,35.19166564941406,-2.223602294921875,-0.06318548025188167,8,33.2686315398746,2,-2.641641404893663,2.2450728143862446,0.5665436642605547
NCEP-AirTemp-Africa-2000,NCEP2000_r022_c015,8,32.541282653808594,32.96806335449219,-0.42678070068359375,-0.012945276648330669,8,33.2686315398746,4,4.440892098500626e-16,2.2450728143862446,0.5665436642605547
NCEP-AirTemp-Africa-2000,NCEP2000_r022_c015,9,32.952335357666016,32.541282653808594,0.4110527038574219,0.012631730231116528,8,33.2686315398746,4,4.440892098500626e-16,2.2450728143862446,0.5665436642605547
NCEP-AirTemp-Africa-2000,NCEP2000_r022_c015,10,29.267738342285156,32.952335357666016,-3.6845970153808594,-0.11181596009472744,6,28.148782394197248,1,-3.9624621073404946,2.2450728143862446,0.5665436642605547
NCEP-AirTemp-Africa-2000,NCEP2000_r022_c015,11,25.07433319091797,29.267738342285156,-4.1934051513671875,-0.14327738967478335,5,25.58885782135857,1,-3.9624621073404946,2.2450728143862446,0.5665436642605547
NCEP-AirTemp-Africa-2000,NCEP2000_r022_c015,12,21.734516143798828,25.07433319091797,-3.3398170471191406,-0.13319664462019817,3,20.469008675681216,1,-3.9624621073404946,2.2450728143862446,0.5665436642605547
NCEP-AirTemp-Africa-2000,NCEP2000_r022_c016,1,22.263870239257812,,,,4,23.02893324851989,4,,2.110795819029484,0.3703703703703703
NCEP-AirTemp-Africa-2000,NCEP2000_r022_c016,2,23.17620849609375,22.263870239257812,0.9123382568359375,0.040978421407937164,4,23.02893324851989,5,1.3208207024468321,2.110795819029484,0.3703703703703703
NCEP-AirTemp-Africa-2000,NCEP2000_r022_c016,3,26.811616897583008,23.17620849609375,3.635408401489258,0.1568594967594458,5,25.58885782135857,7,3.962462107340496,2.110795819029484,0.3703703703703703
NCEP-AirTemp-Africa-2000,NCEP2000_r022_c016,4,31.452329635620117,26.811616897583008,4.640712738037109,0.17308589615329975,7,30.708706967035923,8,5.283282809787327,2.110795819029484,0.3703703703703703
NCEP-AirTemp-Africa-2000,NCEP2000_r022_c016,5,32.97483444213867,31.452329635620117,1.5225048065185547,0.04840674201742757,8,33.2686315398746,5,1.3208207024468321,2.110795819029484,0.3703703703703703
NCEP-AirTemp-Africa-2000,NCEP2000_r022_c016,6,33.51633071899414,32.97483444213867,0.5414962768554688,0.016421501002700668,8,33.2686315398746,4,4.440892098500626e-16,2.110795819029484,0.3703703703703703
NCEP-AirTemp-Africa-2000,NCEP2000_r022_c016,7,31.204837799072266,33.51633071899414,-2.311492919921875,-0.06896616874030073,7,30.708706967035923,2,-2.641641404893663,2.110795819029484,0.3703703703703703
NCEP-AirTemp-Africa-2000,NCEP2000_r022_c016,8,31.20096206665039,31.204837799072266,-0.003875732421875,-0.0001242029343921226,7,30.708706967035923,4,4.440892098500626e-16,2.110795819029484,0.3703703703703703
NCEP-AirTemp-Africa-2000,NCEP2000_r022_c016,9,31.499326705932617,31.20096206665039,0.29836463928222656,0.009562674338210167,7,30.708706967035923,4,4.440892098500626e-16,2.110795819029484,0.3703703703703703
NCEP-AirTemp-Africa-2000,NCEP2000_r022_c016,10,27.80870819091797,31.499326705932617,-3.6906185150146484,-0.11716499687339518,6,28.148782394197248,1,-3.9624621073404946,2.110795819029484,0.3703703703703703
NCEP-AirTemp-Africa-2000,NCEP2000_r022_c016,11,23.625667572021484,27.80870819091797,-4.183040618896484,-0.15042196818990036,4,23.02893324851989,1,-3.9624621073404946,2.110795819029484,0.3703703703703703
NCEP-AirTemp-Africa-2000,NCEP2000_r022_c016,12,21.105161666870117,23.625667572021484,-2.520505905151367,-0.1066850660396262,3,20.469008675681216,2,-2.641641404893663,2.110795819029484,0.3703703703703703
NCEP-AirTemp-Africa-2000,NCEP2000_r022_c017,1,18.16032600402832,,,,2,17.909084102842538,4,,1.9509744613729083,0.4347826086956522
NCEP-AirTemp-Africa-2000,NCEP2000_r022_c017,2,20.16758728027344,18.16032600402832,2.0072612762451207,0.11053002439492939,3,20.469008675681216,6,2.6416414048936643,1.9509744613729083,0.4347826086956522
NCEP-AirTemp-Africa-2000,NCEP2000_r022_c017,3,22.42387008666992,20.16758728027344,2.2562828063964773,0.11187668485279939,4,23.02893324851989,6,2.6416414048936643,1.9509744613729083,0.4347826086956522
NCEP-AirTemp-Africa-2000,NCEP2000_r022_c017,4,27.84267234802246,22.42387008666992,5.418802261352543,0.2416533025034693,6,28.148782394197248,8,5.283282809787327,1.9509744613729083,0.4347826086956522
NCEP-AirTemp-Africa-2000,NCEP2000_r022_c017,5,29.47032165527344,27.84267234802246,1.6276493072509801,0.05845880333992382,7,30.708706967035923,5,1.3208207024468321,1.9509744613729083,0.4347826086956522
NCEP-AirTemp-Africa-2000,NCEP2000_r022_c017,6,30.100666046142575,29.47032165527344,0.6303443908691335,0.02138912490479517,7,30.708706967035923,4,4.440892098500626e-16,1.9509744613729083,0.4347826086956522
NCEP-AirTemp-Africa-2000,NCEP2000_r022_c017,7,27.773221969604492,30.100666046142575,-2.3274440765380824,-0.07732201250863505,6,28.148782394197248,2,-2.641641404893663,1.9509744613729083,0.4347826086956522
NCEP-AirTemp-Africa-2000,NCEP2000_r022_c017,8,27.81419563293457,27.773221969604492,0.040973663330078125,0.0014752938414894904,6,28.148782394197248,4,4.440892098500626e-16,1.9509744613729083,0.4347826086956522
NCEP-AirTemp-Africa-2000,NCEP2000_r022_c017,9,27.8973331451416,27.81419563293457,0.08313751220703125,0.0029890316910185523,6,28.148782394197248,4,4.440892098500626e-16,1.9509744613729083,0.4347826086956522
NCEP-AirTemp-Africa-2000,NCEP2000_r022_c017,10,24.06709671020508,27.8973331451416,-3.83023643493652,-0.13729758378727203,4,23.02893324851989,1,-3.9624621073404946,1.9509744613729083,0.4347826086956522
NCEP-AirTemp-Africa-2000,NCEP2000_r022_c017,11,19.68333625793457,24.06709671020508,-4.383760452270511,-0.18214745654849518,3,20.469008675681216,1,-3.9624621073404946,1.9509744613729083,0.4347826086956522
NCEP-AirTemp-Africa-2000,NCEP2000_r022_c017,12,17.1354923248291,19.68333625793457,-2.5478439331054688,-0.1294416708487823,2,17.909084102842538,2,-2.641641404893663,1.9509744613729083,0.4347826086956522
NCEP-AirTemp-Africa-2000,NCEP2000_r022_c018,1,17.037425994873047,,,,2,17.909084102842538,4,,1.768008845635083,0.4
NCEP-AirTemp-Africa-2000,NCEP2000_r022_c018,2,19.24483299255371,17.037425994873047,2.207406997680664,0.12956223541894907,3,20.469008675681216,6,2.6416414048936643,1.768008845635083,0.4
NCEP-AirTemp-Africa-2000,NCEP2000_r022_c018,3,20.861291885375977,19.24483299255371,1.6164588928222656,0.08399443598433473,3,20.469008675681216,5,1.3208207024468321,1.768008845635083,0.4
NCEP-AirTemp-Africa-2000,NCEP2000_r022_c018,4,27.13966178894043,20.861291885375977,6.278369903564453,0.3009578667544395,6,28.148782394197248,8,5.283282809787327,1.768008845635083,0.4
NCEP-AirTemp-Africa-2000,NCEP2000_r022_c018,5,29.04128646850586,27.13966178894043,1.9016246795654297,0.07006810528273985,6,28.148782394197248,5,1.3208207024468321,1.768008845635083,0.4
NCEP-AirTemp-Africa-2000,NCEP2000_r022_c018,6,30.16499137878418,29.04128646850586,1.1237049102783203,0.038693358556857814,7,30.708706967035923,5,1.3208207024468321,1.768008845635083,0.4
NCEP-AirTemp-Africa-2000,NCEP2000_r022_c018,7,28.368061065673828,30.16499137878418,-1.7969303131103516,-0.05957005889861382,6,28.148782394197248,3,-1.3208207024468313,1.768008845635083,0.4
NCEP-AirTemp-Africa-2000,NCEP2000_r022_c018,8,27.77451515197754,28.368061065673828,-0.5935459136962891,-0.020923034264562296,6,28.148782394197248,4,4.440892098500626e-16,1.768008845635083,0.4
NCEP-AirTemp-Africa-2000,NCEP2000_r022_c018,9,28.007659912109375,27.77451515197754,0.23314476013183594,0.008394197301234836,6,28.148782394197248,4,4.440892098500626e-16,1.768008845635083,0.4
NCEP-AirTemp-Africa-2000,NCEP2000_r022_c018,10,24.171607971191406,28.007659912109375,-3.8360519409179688,-0.13696438591998955,4,23.02893324851989,1,-3.9624621073404946,1.768008845635083,0.4
NCEP-AirTemp-Africa-2000,NCEP2000_r022_c018,11,19.80033493041992,24.171607971191406,-4.371273040771488,-0.18084328713180062,3,20.469008675681216,1,-3.9624621073404946,1.768008845635083,0.4
NCEP-AirTemp-Africa-2000,NCEP2000_r022_c018,12,16.076780319213867,19.80033493041992,-3.723554611206051,-0.18805513261724827,1,15.349159530003863,1,-3.9624621073404946,1.768008845635083,0.4
NCEP-AirTemp-Africa-2000,NCEP2000_r022_c019,1,18.5587158203125,,,,2,17.909084102842538,4,,1.5707963267948966,0.4347826086956521
NCEP-AirTemp-Africa-2000,NCEP2000_r022_c019,2,20.85379409790039,18.5587158203125,2.2950782775878906,0.12366579130846593,3,20.469008675681216,6,2.6416414048936643,1.5707963267948966,0.4347826086956521
NCEP-AirTemp-Africa-2000,NCEP2000_r022_c019,3,22.708711624145508,20.85379409790039,1.8549175262451172,0.08894868327255014,4,23.02893324851989,5,1.3208207024468321,1.5707963267948966,0.4347826086956521
NCEP-AirTemp-Africa-2000,NCEP2000_r022_c019,4,29.63266372680664,22.708711624145508,6.923952102661133,0.3049029032232325,7,30.708706967035923,8,5.283282809787327,1.5707963267948966,0.4347826086956521
NCEP-AirTemp-Africa-2000,NCEP2000_r022_c019,5,31.90547752380371,29.63266372680664,2.2728137969970703,0.07669961154862401,7,30.708706967035923,6,2.6416414048936643,1.5707963267948966,0.4347826086956521
NCEP-AirTemp-Africa-2000,NCEP2000_r022_c019,6,32.85032653808594,31.90547752380371,0.9448490142822266,0.02961400635916837,8,33.2686315398746,5,1.3208207024468321,1.5707963267948966,0.4347826086956521
NCEP-AirTemp-Africa-2000,NCEP2000_r022_c019,7,30.925153732299805,32.85032653808594,-1.9251728057861328,-0.058604373492425726,7,30.708706967035923,3,-1.3208207024468313,1.5707963267948966,0.4347826086956521
NCEP-AirTemp-Africa-2000,NCEP2000_r022_c019,8,29.908382415771484,30.925153732299805,-1.0167713165283203,-0.03287845633136991,7,30.708706967035923,3,-1.3208207024468313,1.5707963267948966,0.4347826086956521
NCEP-AirTemp-Africa-2000,NCEP2000_r022_c019,9,30.718996047973633,29.908382415771484,0.8106136322021484,0.027103225474831776,7,30.708706967035923,5,1.3208207024468321,1.5707963267948966,0.4347826086956521
NCEP-AirTemp-Africa-2000,NCEP2000_r022_c019,10,26.88515281677246,30.718996047973633,-3.833843231201172,-0.12480366302381389,6,28.148782394197248,1,-3.9624621073404946,1.5707963267948966,0.4347826086956521
NCEP-AirTemp-Africa-2000,NCEP2000_r022_c019,11,22.522666931152344,26.88515281677246,-4.362485885620117,-0.16226375633240048,4,23.02893324851989,1,-3.9624621073404946,1.5707963267948966,0.4347826086956521
NCEP-AirTemp-Africa-2000,NCEP2000_r022_c019,12,17.873878479003906,22.522666931152344,-4.6487884521484375,-0.2064048838602875,2,17.909084102842538,0,-5.283282809787327,1.5707963267948966,0.4347826086956521
NCEP-AirTemp-Africa-2000,NCEP2000_r022_c020,1,19.47549057006836,,,,3,20.469008675681216,4,,1.37358380795471,0.4347826086956522
NCEP-AirTemp-Africa-2000,NCEP2000_r022_c020,2,22.23207092285156,19.47549057006836,2.7565803527831996,0.1415409970221625,4,23.02893324851989,6,2.6416414048936643,1.37358380795471,0.4347826086956522
NCEP-AirTemp-Africa-2000,NCEP2000_r022_c020,3,24.017419815063477,22.23207092285156,1.7853488922119176,0.08030510960527841,4,23.02893324851989,5,1.3208207024468321,1.37358380795471,0.4347826086956522
NCEP-AirTemp-Africa-2000,NCEP2000_r022_c020,4,30.076332092285156,24.017419815063477,6.05891227722168,0.25227157304472786,7,30.708706967035923,8,5.283282809787327,1.37358380795471,0.4347826086956522
NCEP-AirTemp-Africa-2000,NCEP2000_r022_c020,5,32.58354187011719,30.076332092285156,2.5072097778320312,0.08336155386697411,8,33.2686315398746,6,2.6416414048936643,1.37358380795471,0.4347826086956522
NCEP-AirTemp-Africa-2000,NCEP2000_r022_c020,6,32.61299133300781,32.58354187011719,0.029449462890625,0.0009038140484547355,8,33.2686315398746,4,4.440892098500626e-16,1.37358380795471,0.4347826086956522
NCEP-AirTemp-Africa-2000,NCEP2000_r022_c020,7,30.791933059692383,32.61299133300781,-1.8210582733154297,-0.05583843121659083,7,30.708706967035923,3,-1.3208207024468313,1.37358380795471,0.4347826086956522
NCEP-AirTemp-Africa-2000,NCEP2000_r022_c020,8,29.887094497680664,30.791933059692383,-0.9048385620117188,-0.02938557187227005,7,30.708706967035923,3,-1.3208207024468313,1.37358380795471,0.4347826086956522
NCEP-AirTemp-Africa-2000,NCEP2000_r022_c020,9,31.24499893188477,29.887094497680664,1.3579044342041051,0.045434474545843956,7,30.708706967035923,5,1.3208207024468321,1.37358380795471,0.4347826086956522
NCEP-AirTemp-Africa-2000,NCEP2000_r022_c020,10,28.058061599731445,31.24499893188477,-3.186937332153324,-0.10199831784603235,6,28.148782394197248,2,-2.641641404893663,1.37358380795471,0.4347826086956522
NCEP-AirTemp-Africa-2000,NCEP2000_r022_c020,11,24.47732925415039,28.058061599731445,-3.5807323455810547,-0.12761866434904853,5,25.58885782135857,1,-3.9624621073404946,1.37358380795471,0.4347826086956522
NCEP-AirTemp-Africa-2000,NCEP2000_r022_c020,12,19.241941452026367,24.47732925415039,-5.235387802124023,-0.2138872157074207,3,20.469008675681216,0,-5.283282809787327,1.37358380795471,0.4347826086956522
NCEP-AirTemp-Africa-2000,NCEP2000_r022_c021,1,24.34451484680176,,,,5,25.58885782135857,4,,1.1906181922168848,0.5882352941176472
NCEP-AirTemp-Africa-2000,NCEP2000_r022_c021,2,27.852758407592773,24.34451484680176,3.508243560791012,0.14410817314980934,6,28.148782394197248,7,3.962462107340496,1.1906181922168848,0.5882352941176472
NCEP-AirTemp-Africa-2000,NCEP2000_r022_c021,3,29.12451171875,27.852758407592773,1.2717533111572266,0.045659869394140205,6,28.148782394197248,5,1.3208207024468321,1.1906181922168848,0.5882352941176472
NCEP-AirTemp-Africa-2000,NCEP2000_r022_c021,4,32.91632843017578,29.12451171875,3.7918167114257812,0.13019331441648366,8,33.2686315398746,7,3.962462107340496,1.1906181922168848,0.5882352941176472
NCEP-AirTemp-Africa-2000,NCEP2000_r022_c021,5,35.2525749206543,32.91632843017578,2.3362464904785156,0.07097530623545427,8,33.2686315398746,6,2.6416414048936643,1.1906181922168848,0.5882352941176472
NCEP-AirTemp-Africa-2000,NCEP2000_r022_c021,6,33.91499710083008,35.2525749206543,-1.3375778198242188,-0.03794269845067513,8,33.2686315398746,3,-1.3208207024468313,1.1906181922168848,0.5882352941176472
NCEP-AirTemp-Africa-2000,NCEP2000_r022_c021,7,31.62709617614746,33.91499710083008,-2.287900924682617,-0.0674598590670857,7,30.708706967035923,2,-2.641641404893663,1.1906181922168848,0.5882352941176472
NCEP-AirTemp-Africa-2000,NCEP2000_r022_c021,8,30.689027786254883,31.62709617614746,-0.9380683898925781,-0.02966027562783494,7,30.708706967035923,3,-1.3208207024468313,1.1906181922168848,0.5882352941176472
NCEP-AirTemp-Africa-2000,NCEP2000_r022_c021,9,32.314327239990234,30.689027786254883,1.6252994537353516,0.052960278346233465,8,33.2686315398746,5,1.3208207024468321,1.1906181922168848,0.5882352941176472
NCEP-AirTemp-Africa-2000,NCEP2000_r022_c021,10,30.881284713745117,32.314327239990234,-1.4330425262451172,-0.04434697079107596,7,30.708706967035923,3,-1.3208207024468313,1.1906181922168848,0.5882352941176472
NCEP-AirTemp-Africa-2000,NCEP2000_r022_c021,11,28.950998306274418,30.881284713745117,-1.9302864074706996,-0.06250667436162519,6,28.148782394197248,3,-1.3208207024468313,1.1906181922168848,0.5882352941176472
NCEP-AirTemp-Africa-2000,NCEP2000_r022_c021,12,24.499361038208008,28.950998306274418,-4.45163726806641,-0.15376455143177659,5,25.58885782135857,1,-3.9624621073404946,1.1906181922168848,0.5882352941176472
NCEP-AirTemp-Africa-2000,NCEP2000_r022_c022,1,25.79354476928711,,,,5,25.58885782135857,4,,1.0307968345603091,0.769230769230769
NCEP-AirTemp-Africa-2000,NCEP2000_r022_c022,2,29.328968048095703,25.79354476928711,3.5354232788085938,0.13706620437134695,6,28.148782394197248,7,3.962462107340496,1.0307968345603091,0.769230769230769
NCEP-AirTemp-Africa-2000,NCEP2000_r022_c022,3,30.43031883239746,29.328968048095703,1.1013507843017578,0.03755163776971919,7,30.708706967035923,5,1.3208207024468321,1.0307968345603091,0.769230769230769
NCEP-AirTemp-Africa-2000,NCEP2000_r022_c022,4,33.44532775878906,30.43031883239746,3.0150089263916016,0.09907911063954052,8,33.2686315398746,6,2.6416414048936643,1.0307968345603091,0.769230769230769
NCEP-AirTemp-Africa-2000,NCEP2000_r022_c022,5,35.161285400390625,33.44532775878906,1.7159576416015625,0.051306348497381006,8,33.2686315398746,5,1.3208207024468321,1.0307968345603091,0.769230769230769
NCEP-AirTemp-Africa-2000,NCEP2000_r022_c022,6,33.443660736083984,35.161285400390625,-1.7176246643066406,-0.04884988261229945,8,33.2686315398746,3,-1.3208207024468313,1.0307968345603091,0.769230769230769
NCEP-AirTemp-Africa-2000,NCEP2000_r022_c022,7,29.006126403808594,33.443660736083984,-4.437534332275391,-0.132686860068746,6,28.148782394197248,1,-3.9624621073404946,1.0307968345603091,0.769230769230769
NCEP-AirTemp-Africa-2000,NCEP2000_r022_c022,8,27.520002365112305,29.006126403808594,-1.486124038696289,-0.05123483287658694,6,28.148782394197248,3,-1.3208207024468313,1.0307968345603091,0.769230769230769
NCEP-AirTemp-Africa-2000,NCEP2000_r022_c022,9,29.46033096313477,27.520002365112305,1.9403285980224645,0.07050612032222281,7,30.708706967035923,5,1.3208207024468321,1.0307968345603091,0.769230769230769
NCEP-AirTemp-Africa-2000,NCEP2000_r022_c022,10,28.98774147033691,29.46033096313477,-0.47258949279785867,-0.016041554094868595,6,28.148782394197248,4,4.440892098500626e-16,1.0307968345603091,0.769230769230769
NCEP-AirTemp-Africa-2000,NCEP2000_r022_c022,11,28.10933303833008,28.98774147033691,-0.8784084320068288,-0.03030275514585026,6,28.148782394197248,3,-1.3208207024468313,1.0307968345603091,0.769230769230769
NCEP-AirTemp-Africa-2000,NCEP2000_r022_c022,12,25.85871124267578,28.10933303833008,-2.2506217956543004,-0.08006670925223792,5,25.58885782135857,2,-2.641641404893663,1.0307968345603091,0.769230769230769
NCEP-AirTemp-Africa-2000,NCEP2000_r022_c023,1,21.484514236450195,,,,3,20.469008675681216,4,,0.8965198392035487,0.8888888888888888
NCEP-AirTemp-Africa-2000,NCEP2000_r022_c023,2,23.943449020385746,21.484514236450195,2.4589347839355504,0.11445149547592615,4,23.02893324851989,6,2.6416414048936643,0.8965198392035487,0.8888888888888888
NCEP-AirTemp-Africa-2000,NCEP2000_r022_c023,3,25.071935653686523,23.943449020385746,1.1284866333007777,0.04713133151117745,5,25.58885782135857,5,1.3208207024468321,0.8965198392035487,0.8888888888888888
NCEP-AirTemp-Africa-2000,NCEP2000_r022_c023,4,27.62399673461914,25.071935653686523,2.552061080932617,0.10178955132079591,6,28.148782394197248,6,2.6416414048936643,0.8965198392035487,0.8888888888888888
NCEP-AirTemp-Africa-2000,NCEP2000_r022_c023,5,28.99838638305664,27.62399673461914,1.3743896484375,0.04975346839348115,6,28.148782394197248,5,1.3208207024468321,0.8965198392035487,0.8888888888888888
NCEP-AirTemp-Africa-2000,NCEP2000_r022_c023,6,29.251333236694336,28.99838638305664,0.2529468536376953,0.008722790651051146,6,28.148782394197248,4,4.440892098500626e-16,0.8965198392035487,0.8888888888888888
NCEP-AirTemp-Africa-2000,NCEP2000_r022_c023,7,25.76386833190918,29.251333236694336,-3.4874649047851562,-0.11922413506986088,5,25.58885782135857,1,-3.9624621073404946,0.8965198392035487,0.8888888888888888
NCEP-AirTemp-Africa-2000,NCEP2000_r022_c023,8,24.411611557006836,25.76386833190918,-1.3522567749023438,-0.052486558209410686,5,25.58885782135857,3,-1.3208207024468313,0.8965198392035487,0.8888888888888888
NCEP-AirTemp-Africa-2000,NCEP2000_r022_c023,9,25.3143310546875,24.411611557006836,0.9027194976806641,0.03697910298026013,5,25.58885782135857,5,1.3208207024468321,0.8965198392035487,0.8888888888888888
NCEP-AirTemp-Africa-2000,NCEP2000_r022_c023,10,23.96805953979492,25.3143310546875,-1.3462715148925817,-0.0531821880650996,4,23.02893324851989,3,-1.3208207024468313,0.8965198392035487,0.8888888888888888
NCEP-AirTemp-Africa-2000,NCEP2000_r022_c023,11,23.128332138061523,23.96805953979492,-0.8397274017333949,-0.0350352685138807,4,23.02893324851989,3,-1.3208207024468313,0.8965198392035487,0.8888888888888888
NCEP-AirTemp-Africa-2000,NCEP2000_r022_c023,12,21.598388671875,23.128332138061523,-1.5299434661865234,-0.06615018571394288,3,20.469008675681216,3,-1.3208207024468313,0.8965198392035487,0.8888888888888888
NCEP-AirTemp-Africa-2000,NCEP2000_r022_c024,1,23.414838790893555,,,,4,23.02893324851989,4,,0.7858742791489086,0.9090909090909092
NCEP-AirTemp-Africa-2000,NCEP2000_r022_c024,2,24.87586975097656,23.414838790893555,1.4610309600830043,0.06239765189633614,5,25.58885782135857,5,1.3208207024468321,0.7858742791489086,0.9090909090909092
NCEP-AirTemp-Africa-2000,NCEP2000_r022_c024,3,26.309995651245117,24.87586975097656,1.4341259002685582,0.057651286753994134,5,25.58885782135857,5,1.3208207024468321,0.7858742791489086,0.9090909090909092
NCEP-AirTemp-Africa-2000,NCEP2000_r022_c024,4,28.87133026123047,26.309995651245117,2.5613346099853516,0.09735214873987015,6,28.148782394197248,6,2.6416414048936643,0.7858742791489086,0.9090909090909092
NCEP-AirTemp-Africa-2000,NCEP2000_r022_c024,5,30.09096336364746,28.87133026123047,1.2196331024169922,0.04224374462075834,7,30.708706967035923,5,1.3208207024468321,0.7858742791489086,0.9090909090909092
NCEP-AirTemp-Africa-2000,NCEP2000_r022_c024,6,31.343658447265625,30.09096336364746,1.252695083618164,0.04163027512543949,7,30.708706967035923,5,1.3208207024468321,0.7858742791489086,0.9090909090909092
NCEP-AirTemp-Africa-2000,NCEP2000_r022_c024,7,31.12289810180664,31.343658447265625,-0.22076034545898438,-0.007043222023057847,7,30.708706967035923,4,4.440892098500626e-16,0.7858742791489086,0.9090909090909092
NCEP-AirTemp-Africa-2000,NCEP2000_r022_c024,8,30.245153427124023,31.12289810180664,-0.8777446746826172,-0.0282025366600312,7,30.708706967035923,3,-1.3208207024468313,0.7858742791489086,0.9090909090909092
NCEP-AirTemp-Africa-2000,NCEP2000_r022_c024,9,29.706329345703125,30.245153427124023,-0.5388240814208984,-0.017815220634248063,7,30.708706967035923,4,4.440892098500626e-16,0.7858742791489086,0.9090909090909092
NCEP-AirTemp-Africa-2000,NCEP2000_r022_c024,10,28.031604766845703,29.706329345703125,-1.6747245788574219,-0.056376018705241435,6,28.148782394197248,3,-1.3208207024468313,0.7858742791489086,0.9090909090909092
NCEP-AirTemp-Africa-2000,NCEP2000_r022_c024,11,26.47533416748047,28.031604766845703,-1.5562705993652344,-0.05551842687243896,5,25.58885782135857,3,-1.3208207024468313,0.7858742791489086,0.9090909090909092
NCEP-AirTemp-Africa-2000,NCEP2000_r022_c024,12,24.183866500854492,26.47533416748047,-2.2914676666259766,-0.08655103849229506,4,23.02893324851989,2,-2.641641404893663,0.7858742791489086,0.9090909090909092
NCEP-AirTemp-Africa-2000,NCEP2000_r023_c002,1,23.161617279052734,,,,4,23.02893324851989,4,,2.802001074119563,1.0
NCEP-AirTemp-Africa-2000,NCEP2000_r023_c002,2,24.363794326782227,23.161617279052734,1.2021770477294922,0.051903847354249126,5,25.58885782135857,5,1.3208207024468321,2.802001074119563,1.0
NCEP-AirTemp-Africa-2000,NCEP2000_r023_c002,3,27.368064880371097,24.363794326782227,3.0042705535888707,0.12330881279384247,6,28.148782394197248,6,2.6416414048936643,2.802001074119563,1.0
NCEP-AirTemp-Africa-2000,NCEP2000_r023_c002,4,29.86299514770508,27.368064880371097,2.4949302673339844,0.0911620999964596,7,30.708706967035923,6,2.6416414048936643,2.802001074119563,1.0
NCEP-AirTemp-Africa-2000,NCEP2000_r023_c002,5,29.21516227722168,29.86299514770508,-0.647832870483402,-0.021693499505965892,6,28.148782394197248,4,4.440892098500626e-16,2.802001074119563,1.0
NCEP-AirTemp-Africa-2000,NCEP2000_r023_c002,6,30.202661514282227,29.21516227722168,0.9874992370605469,0.03380091569200268,7,30.708706967035923,5,1.3208207024468321,2.802001074119563,1.0
NCEP-AirTemp-Africa-2000,NCEP2000_r023_c002,7,29.95773696899414,30.202661514282227,-0.24492454528808594,-0.008109369605465601,7,30.708706967035923,4,4.440892098500626e-16,2.802001074119563,1.0
NCEP-AirTemp-Africa-2000,NCEP2000_r023_c002,8,30.22354507446289,29.95773696899414,0.26580810546875,0.00887276985387307,7,30.708706967035923,4,4.440892098500626e-16,2.802001074119563,1.0
NCEP-AirTemp-Africa-2000,NCEP2000_r023_c002,9,30.716333389282227,30.22354507446289,0.49278831481933594,0.016304782036827073,7,30.708706967035923,4,4.440892098500626e-16,2.802001074119563,1.0
NCEP-AirTemp-Africa-2000,NCEP2000_r023_c002,10,28.9774169921875,30.716333389282227,-1.7389163970947266,-0.05661210845241973,6,28.148782394197248,3,-1.3208207024468313,2.802001074119563,1.0
NCEP-AirTemp-Africa-2000,NCEP2000_r023_c002,11,26.83466529846191,28.9774169921875,-2.1427516937255895,-0.07394557266105842,5,25.58885782135857,2,-2.641641404893663,2.802001074119563,1.0
NCEP-AirTemp-Africa-2000,NCEP2000_r023_c002,12,23.043554306030273,26.83466529846191,-3.791110992431637,-0.1412766267164485,4,23.02893324851989,1,-3.9624621073404946,2.802001074119563,1.0
NCEP-AirTemp-Africa-2000,NCEP2000_r023_c003,1,22.89548683166504,,,,4,23.02893324851989,4,,2.782508808552651,1.0
NCEP-AirTemp-Africa-2000,NCEP2000_r023_c003,2,24.181377410888672,22.89548683166504,1.2858905792236328,0.056163495831205196,4,23.02893324851989,5,1.3208207024468321,2.782508808552651,1.0
NCEP-AirTemp-Africa-2000,NCEP2000_r023_c003,3,28.339033126831055,24.181377410888672,4.157655715942383,0.17193626505619258,6,28.148782394197248,7,3.962462107340496,2.782508808552651,1.0
NCEP-AirTemp-Africa-2000,NCEP2000_r023_c003,4,32.145992279052734,28.339033126831055,3.8069591522216797,0.13433623988453214,8,33.2686315398746,7,3.962462107340496,2.782508808552651,1.0
NCEP-AirTemp-Africa-2000,NCEP2000_r023_c003,5,33.508705139160156,32.145992279052734,1.3627128601074219,0.042391376451471535,8,33.2686315398746,5,1.3208207024468321,2.782508808552651,1.0
NCEP-AirTemp-Africa-2000,NCEP2000_r023_c003,6,34.19565963745117,33.508705139160156,0.6869544982910156,0.020500777199182252,8,33.2686315398746,5,1.3208207024468321,2.782508808552651,1.0
NCEP-AirTemp-Africa-2000,NCEP2000_r023_c003,7,31.930639266967773,34.19565963745117,-2.2650203704833984,-0.06623707202895254,7,30.708706967035923,2,-2.641641404893663,2.782508808552651,1.0
NCEP-AirTemp-Africa-2000,NCEP2000_r023_c003,8,30.808704376220703,31.930639266967773,-1.1219348907470703,-0.035136624774929306,7,30.708706967035923,3,-1.3208207024468313,2.782508808552651,1.0
NCEP-AirTemp-Africa-2000,NCEP2000_r023_c003,9,31.0483341217041,30.808704376220703,0.23962974548339844,0.007777988407339633,7,30.708706967035923,4,4.440892098500626e-16,2.782508808552651,1.0
NCEP-AirTemp-Africa-2000,NCEP2000_r023_c003,10,28.6867733001709,31.0483341217041,-2.361560821533203,-0.07606079000168875,6,28.148782394197248,2,-2.641641404893663,2.782508808552651,1.0
NCEP-AirTemp-Africa-2000,NCEP2000_r023_c003,11,25.891328811645508,28.6867733001709,-2.7954444885253906,-0.09744715654404872,5,25.58885782135857,2,-2.641641404893663,2.782508808552651,1.0
NCEP-AirTemp-Africa-2000,NCEP2000_r023_c003,12,21.582584381103516,25.891328811645508,-4.308744430541992,-0.1664165042237611,3,20.469008675681216,1,-3.9624621073404946,2.782508808552651,1.0
NCEP-AirTemp-Africa-2000,NCEP2000_r023_c004,1,21.91451644897461,,,,4,23.02893324851989,4,,2.7607578075263737,1.0
NCEP-AirTemp-Africa-2000,NCEP2000_r023_c004,2,22.694486618041992,21.91451644897461,0.7799701690673828,0.03559148434251115,4,23.02893324851989,5,1.3208207024468321,2.7607578075263737,1.0
NCEP-AirTemp-Africa-2000,NCEP2000_r023_c004,3,27.235485076904297,22.694486618041992,4.540998458862305,0.20009258351110865,6,28.148782394197248,7,3.962462107340496,2.7607578075263737,1.0
NCEP-AirTemp-Africa-2000,NCEP2000_r023_c004,4,30.73933219909668,27.235485076904297,3.503847122192383,0.12865007222374192,7,30.708706967035923,7,3.962462107340496,2.7607578075263737,1.0
NCEP-AirTemp-Africa-2000,NCEP2000_r023_c004,5,33.61612319946289,30.73933219909668,2.876791000366211,0.09358664598610733,8,33.2686315398746,6,2.6416414048936643,2.7607578075263737,1.0
NCEP-AirTemp-Africa-2000,NCEP2000_r023_c004,6,34.305335998535156,33.61612319946289,0.6892127990722656,0.020502447441151622,8,33.2686315398746,5,1.3208207024468321,2.7607578075263737,1.0
NCEP-AirTemp-Africa-2000,NCEP2000_r023_c004,7,31.657413482666016,34.305335998535156,-2.6479225158691406,-0.07718689932033336,7,30.708706967035923,2,-2.641641404893663,2.7607578075263737,1.0
NCEP-AirTemp-Africa-2000,NCEP2000_r023_c004,8,30.568708419799805,31.657413482666016,-1.088705062866211,-0.034390208898851776,7,30.708706967035923,3,-1.3208207024468313,2.7607578075263737,1.0
NCEP-AirTemp-Africa-2000,NCEP2000_r023_c004,9,30.55699348449707,30.568708419799805,-0.011714935302734375,-0.00038323291719928994,7,30.708706967035923,4,4.440892098500626e-16,2.7607578075263737,1.0
NCEP-AirTemp-Africa-2000,NCEP2000_r023_c004,10,28.10386848449707,30.55699348449707,-2.453125,-0.0802803129582948,6,28.148782394197248,2,-2.641641404893663,2.7607578075263737,1.0
NCEP-AirTemp-Africa-2000,NCEP2000_r023_c004,11,24.794330596923828,28.10386848449707,-3.309537887573242,-0.11776093705387504,5,25.58885782135857,1,-3.9624621073404946,2.7607578075263737,1.0
NCEP-AirTemp-Africa-2000,NCEP2000_r023_c004,12,21.475486755371097,24.794330596923828,-3.318843841552731,-0.13385494835518938,3,20.469008675681216,1,-3.9624621073404946,2.7607578075263737,1.0
NCEP-AirTemp-Africa-2000,NCEP2000_r023_c005,1,22.197742462158203,,,,4,23.02893324851989,4,,2.7363559805716027,1.0
NCEP-AirTemp-Africa-2000,NCEP2000_r023_c005,2,22.37862205505371,22.197742462158203,0.1808795928955078,0.008148558043858013,4,23.02893324851989,4,4.440892098500626e-16,2.7363559805716027,1.0
NCEP-AirTemp-Africa-2000,NCEP2000_r023_c005,3,27.640642166137695,22.37862205505371,5.262020111083984,0.23513601946263152,6,28.148782394197248,8,5.283282809787327,2.7363559805716027,1.0
NCEP-AirTemp-Africa-2000,NCEP2000_r023_c005,4,31.926334381103516,27.640642166137695,4.28569221496582,0.15505038519749673,7,30.708706967035923,7,3.962462107340496,2.7363559805716027,1.0
NCEP-AirTemp-Africa-2000,NCEP2000_r023_c005,5,34.72257614135742,31.926334381103516,2.7962417602539062,0.08758417821711907,8,33.2686315398746,6,2.6416414048936643,2.7363559805716027,1.0
NCEP-AirTemp-Africa-2000,NCEP2000_r023_c005,6,35.050331115722656,34.72257614135742,0.3277549743652344,0.00943924704869036,8,33.2686315398746,4,4.440892098500626e-16,2.7363559805716027,1.0
NCEP-AirTemp-Africa-2000,NCEP2000_r023_c005,7,32.441612243652344,35.050331115722656,-2.6087188720703125,-0.07442779537395325,8,33.2686315398746,2,-2.641641404893663,2.7363559805716027,1.0
NCEP-AirTemp-Africa-2000,NCEP2000_r023_c005,8,31.684831619262695,32.441612243652344,-0.7567806243896484,-0.023327466548390276,7,30.708706967035923,3,-1.3208207024468313,2.7363559805716027,1.0
NCEP-AirTemp-Africa-2000,NCEP2000_r023_c005,9,31.40532875061035,31.684831619262695,-0.27950286865234375,-0.008821346188957522,7,30.708706967035923,4,4.440892098500626e-16,2.7363559805716027,1.0
NCEP-AirTemp-Africa-2000,NCEP2000_r023_c005,10,28.41773796081543,31.40532875061035,-2.987590789794922,-0.09513005940868742,6,28.148782394197248,2,-2.641641404893663,2.7363559805716027,1.0
NCEP-AirTemp-Africa-2000,NCEP2000_r023_c005,11,24.466331481933594,28.41773796081543,-3.951406478881836,-0.1390471853998492,5,25.58885782135857,1,-3.9624621073404946,2.7363559805716027,1.0
NCEP-AirTemp-Africa-2000,NCEP2000_r023_c005,12,21.829355239868164,24.466331481933594,-2.6369762420654297,-0.10777979706571961,4,23.02893324851989,2,-2.641641404893663,2.7363559805716027,1.0
NCEP-AirTemp-Africa-2000,NCEP2000_r023_c006,1,22.13838768005371,,,,4,23.02893324851989,4,,2.7088224535824965,1.0
NCEP-AirTemp-Africa-2000,NCEP2000_r023_c006,2,21.75413703918457,22.13838768005371,-0.3842506408691406,-0.017356758153410763,4,23.02893324851989,4,4.440892098500626e-16,2.7088224535824965,1.0
NCEP-AirTemp-Africa-2000,NCEP2000_r023_c006,3,27.15483856201172,21.75413703918457,5.400701522827148,0.24826089461048959,6,28.148782394197248,8,5.283282809787327,2.7088224535824965,1.0
NCEP-AirTemp-Africa-2000,NCEP2000_r023_c006,4,32.22032928466797,27.15483856201172,5.06549072265625,0.18654099935407542,8,33.2686315398746,8,5.283282809787327,2.7088224535824965,1.0
NCEP-AirTemp-Africa-2000,NCEP2000_r023_c006,5,34.704837799072266,32.22032928466797,2.484508514404297,0.07710996658207803,8,33.2686315398746,6,2.6416414048936643,2.7088224535824965,1.0
NCEP-AirTemp-Africa-2000,NCEP2000_r023_c006,6,35.074668884277344,34.704837799072266,0.3698310852050781,0.01065647064384103,8,33.2686315398746,4,4.440892098500626e-16,2.7088224535824965,1.0
NCEP-AirTemp-Africa-2000,NCEP2000_r023_c006,7,32.55516052246094,35.074668884277344,-2.5195083618164062,-0.07183270553826403,8,33.2686315398746,2,-2.641641404893663,2.7088224535824965,1.0
NCEP-AirTemp-Africa-2000,NCEP2000_r023_c006,8,31.936132431030273,32.55516052246094,-0.6190280914306641,-0.01901474548109124,7,30.708706967035923,4,4.440892098500626e-16,2.7088224535824965,1.0
NCEP-AirTemp-Africa-2000,NCEP2000_r023_c006,9,31.895666122436523,31.936132431030273,-0.04046630859375,-0.0012671011018989735,7,30.708706967035923,4,4.440892098500626e-16,2.7088224535824965,1.0
NCEP-AirTemp-Africa-2000,NCEP2000_r023_c006,10,28.461936950683594,31.895666122436523,-3.4337291717529297,-0.10765503873071725,6,28.148782394197248,1,-3.9624621073404946,2.7088224535824965,1.0
NCEP-AirTemp-Africa-2000,NCEP2000_r023_c006,11,24.22366714477539,28.461936950683594,-4.238269805908203,-0.14891009748394546,4,23.02893324851989,1,-3.9624621073404946,2.7088224535824965,1.0
NCEP-AirTemp-Africa-2000,NCEP2000_r023_c006,12,21.53193473815918,24.22366714477539,-2.691732406616211,-0.11111993863393095,3,20.469008675681216,2,-2.641641404893663,2.7088224535824965,1.0
NCEP-AirTemp-Africa-2000,NCEP2000_r023_c007,1,22.903873443603516,,,,4,23.02893324851989,4,,2.6775640431369845,1.0
NCEP-AirTemp-Africa-2000,NCEP2000_r023_c007,2,21.47448348999023,22.903873443603516,-1.4293899536132848,-0.06240821916576202,3,20.469008675681216,3,-1.3208207024468313,2.6775640431369845,1.0
NCEP-AirTemp-Africa-2000,NCEP2000_r023_c007,3,26.796775817871097,21.47448348999023,5.3222923278808665,0.24784262356585732,5,25.58885782135857,8,5.283282809787327,2.6775640431369845,1.0
NCEP-AirTemp-Africa-2000,NCEP2000_r023_c007,4,32.744327545166016,26.796775817871097,5.947551727294918,0.2219502737089894,8,33.2686315398746,8,5.283282809787327,2.6775640431369845,1.0
NCEP-AirTemp-Africa-2000,NCEP2000_r023_c007,5,35.39934158325195,32.744327545166016,2.6550140380859375,0.08108317492315985,8,33.2686315398746,6,2.6416414048936643,2.6775640431369845,1.0
NCEP-AirTemp-Africa-2000,NCEP2000_r023_c007,6,35.62899398803711,35.39934158325195,0.22965240478515625,0.006487476730183276,8,33.2686315398746,4,4.440892098500626e-16,2.6775640431369845,1.0
NCEP-AirTemp-Africa-2000,NCEP2000_r023_c007,7,33.41999816894531,35.62899398803711,-2.208995819091797,-0.06199994925013868,8,33.2686315398746,2,-2.641641404893663,2.6775640431369845,1.0
NCEP-AirTemp-Africa-2000,NCEP2000_r023_c007,8,32.611602783203125,33.41999816894531,-0.8083953857421875,-0.02418897157491075,8,33.2686315398746,3,-1.3208207024468313,2.6775640431369845,1.0
NCEP-AirTemp-Africa-2000,NCEP2000_r023_c007,9,32.836002349853516,32.611602783203125,0.22439956665039062,0.006880973257958651,8,33.2686315398746,4,4.440892098500626e-16,2.6775640431369845,1.0
NCEP-AirTemp-Africa-2000,NCEP2000_r023_c007,10,29.45580291748047,32.836002349853516,-3.380199432373047,-0.10294186839063027,7,30.708706967035923,1,-3.9624621073404946,2.6775640431369845,1.0
NCEP-AirTemp-Africa-2000,NCEP2000_r023_c007,11,24.5939998626709,29.45580291748047,-4.86180305480957,-0.165054168390173,5,25.58885782135857,0,-5.283282809787327,2.6775640431369845,1.0
NCEP-AirTemp-Africa-2000,NCEP2000_r023_c007,12,21.61968231201172,24.5939998626709,-2.9743175506591797,-0.12093671494133976,3,20.469008675681216,2,-2.641641404893663,2.6775640431369845,1.0
NCEP-AirTemp-Africa-2000,NCEP2000_r023_c008,1,22.947416305541992,,,,4,23.02893324851989,4,,2.641845527547343,1.0
NCEP-AirTemp-Africa-2000,NCEP2000_r023_c008,2,20.144142150878903,22.947416305541992,-2.8032741546630895,-0.12216077476164824,3,20.469008675681216,2,-2.641641404893663,2.641845527547343,1.0
NCEP-AirTemp-Africa-2000,NCEP2000_r023_c008,3,25.694194793701172,20.144142150878903,5.550052642822269,0.27551695183902963,5,25.58885782135857,8,5.283282809787327,2.641845527547343,1.0
NCEP-AirTemp-Africa-2000,NCEP2000_r023_c008,4,32.809993743896484,25.694194793701172,7.1157989501953125,0.27694189319136486,8,33.2686315398746,8,5.283282809787327,2.641845527547343,1.0
NCEP-AirTemp-Africa-2000,NCEP2000_r023_c008,5,35.07289505004883,32.809993743896484,2.2629013061523438,0.06896987923300968,8,33.2686315398746,6,2.6416414048936643,2.641845527547343,1.0
NCEP-AirTemp-Africa-2000,NCEP2000_r023_c008,6,34.98066329956055,35.07289505004883,-0.09223175048828125,-0.0026297159204185182,8,33.2686315398746,4,4.440892098500626e-16,2.641845527547343,1.0
NCEP-AirTemp-Africa-2000,NCEP2000_r023_c008,7,33.3283805847168,34.98066329956055,-1.65228271484375,-0.04723417336870531,8,33.2686315398746,3,-1.3208207024468313,2.641845527547343,1.0
NCEP-AirTemp-Africa-2000,NCEP2000_r023_c008,8,32.70289611816406,33.3283805847168,-0.6254844665527344,-0.018767322491497207,8,33.2686315398746,4,4.440892098500626e-16,2.641845527547343,1.0
NCEP-AirTemp-Africa-2000,NCEP2000_r023_c008,9,32.81700134277344,32.70289611816406,0.114105224609375,0.003489147389181777,8,33.2686315398746,4,4.440892098500626e-16,2.641845527547343,1.0
NCEP-AirTemp-Africa-2000,NCEP2000_r023_c008,10,29.82774353027344,32.81700134277344,-2.9892578124999964,-0.09108869458477364,7,30.708706967035923,2,-2.641641404893663,2.641845527547343,1.0
NCEP-AirTemp-Africa-2000,NCEP2000_r023_c008,11,23.850000381469727,29.82774353027344,-5.9777431488037145,-0.2004088288722427,4,23.02893324851989,0,-5.283282809787327,2.641845527547343,1.0
NCEP-AirTemp-Africa-2000,NCEP2000_r023_c008,12,20.974191665649418,23.850000381469727,-2.875808715820309,-0.12057897986679575,3,20.469008675681216,2,-2.641641404893663,2.641845527547343,1.0
NCEP-AirTemp-Africa-2000,NCEP2000_r023_c009,1,22.663227081298828,,,,4,23.02893324851989,4,,2.600752957031685,1.0
NCEP-AirTemp-Africa-2000,NCEP2000_r023_c009,2,18.931385040283203,22.663227081298828,-3.731842041015625,-0.164665077379693,2,17.909084102842538,1,-3.9624621073404946,2.600752957031685,1.0
NCEP-AirTemp-Africa-2000,NCEP2000_r023_c009,3,25.01645278930664,18.931385040283203,6.0850677490234375,0.3214274991541986,5,25.58885782135857,8,5.283282809787327,2.600752957031685,1.0
NCEP-AirTemp-Africa-2000,NCEP2000_r023_c009,4,32.43299865722656,25.01645278930664,7.416545867919922,0.2964667265332736,8,33.2686315398746,8,5.283282809787327,2.600752957031685,1.0
NCEP-AirTemp-Africa-2000,NCEP2000_r023_c009,5,34.03031921386719,32.43299865722656,1.597320556640625,0.049249857329634175,8,33.2686315398746,5,1.3208207024468321,2.600752957031685,1.0
NCEP-AirTemp-Africa-2000,NCEP2000_r023_c009,6,34.09599304199219,34.03031921386719,0.065673828125,0.0019298622417340781,8,33.2686315398746,4,4.440892098500626e-16,2.600752957031685,1.0
NCEP-AirTemp-Africa-2000,NCEP2000_r023_c009,7,32.67644500732422,34.09599304199219,-1.4195480346679688,-0.041633866857013715,8,33.2686315398746,3,-1.3208207024468313,2.600752957031685,1.0
NCEP-AirTemp-Africa-2000,NCEP2000_r023_c009,8,32.43063735961914,32.67644500732422,-0.24580764770507812,-0.007522472155400683,8,33.2686315398746,4,4.440892098500626e-16,2.600752957031685,1.0
NCEP-AirTemp-Africa-2000,NCEP2000_r023_c009,9,32.45632553100586,32.43063735961914,0.02568817138671875,0.0007920957920705024,8,33.2686315398746,4,4.440892098500626e-16,2.600752957031685,1.0
NCEP-AirTemp-Africa-2000,NCEP2000_r023_c009,10,29.94967269897461,32.45632553100586,-2.50665283203125,-0.0772315655275462,7,30.708706967035923,2,-2.641641404893663,2.600752957031685,1.0
NCEP-AirTemp-Africa-2000,NCEP2000_r023_c009,11,24.022001266479492,29.94967269897461,-5.927671432495117,-0.1979210755347608,4,23.02893324851989,0,-5.283282809787327,2.600752957031685,1.0
NCEP-AirTemp-Africa-2000,NCEP2000_r023_c009,12,20.61806869506836,24.022001266479492,-3.403932571411133,-0.1417006240925068,3,20.469008675681216,1,-3.9624621073404946,2.600752957031685,1.0
NCEP-AirTemp-Africa-2000,NCEP2000_r023_c010,1,22.559354782104492,,,,4,23.02893324851989,4,,2.553150478079379,0.9567742130203172
NCEP-AirTemp-Africa-2000,NCEP2000_r023_c010,2,18.677934646606445,22.559354782104492,-3.881420135498047,-0.17205368562123216,2,17.909084102842538,1,-3.9624621073404946,2.553150478079379,0.9567742130203172
NCEP-AirTemp-Africa-2000,NCEP2000_r023_c010,3,25.17838478088379,18.677934646606445,6.500450134277344,0.34802831561777614,5,25.58885782135857,8,5.283282809787327,2.553150478079379,0.9567742130203172
NCEP-AirTemp-Africa-2000,NCEP2000_r023_c010,4,32.335323333740234,25.17838478088379,7.156938552856445,0.2842493120642995,8,33.2686315398746,8,5.283282809787327,2.553150478079379,0.9567742130203172
NCEP-AirTemp-Africa-2000,NCEP2000_r023_c010,5,34.19419479370117,32.335323333740234,1.8588714599609375,0.05748733175713451,8,33.2686315398746,5,1.3208207024468321,2.553150478079379,0.9567742130203172
NCEP-AirTemp-Africa-2000,NCEP2000_r023_c010,6,34.30299758911133,34.19419479370117,0.10880279541015625,0.0031819083931228743,8,33.2686315398746,4,4.440892098500626e-16,2.553150478079379,0.9567742130203172
NCEP-AirTemp-Africa-2000,NCEP2000_r023_c010,7,33.38031768798828,34.30299758911133,-0.9226799011230469,-0.02689793796376354,8,33.2686315398746,3,-1.3208207024468313,2.553150478079379,0.9567742130203172
NCEP-AirTemp-Africa-2000,NCEP2000_r023_c010,8,32.95096206665039,33.38031768798828,-0.4293556213378906,-0.012862538498020102,8,33.2686315398746,4,4.440892098500626e-16,2.553150478079379,0.9567742130203172
NCEP-AirTemp-Africa-2000,NCEP2000_r023_c010,9,32.64232635498047,32.95096206665039,-0.3086357116699219,-0.009366515947110738,8,33.2686315398746,4,4.440892098500626e-16,2.553150478079379,0.9567742130203172
NCEP-AirTemp-Africa-2000,NCEP2000_r023_c010,10,29.760643005371097,32.64232635498047,-2.8816833496093714,-0.08828057529575226,7,30.708706967035923,2,-2.641641404893663,2.553150478079379,0.9567742130203172
NCEP-AirTemp-Africa-2000,NCEP2000_r023_c010,11,24.461332321166992,29.760643005371097,-5.299310684204105,-0.17806438803246638,5,25.58885782135857,0,-5.283282809787327,2.553150478079379,0.9567742130203172
NCEP-AirTemp-Africa-2000,NCEP2000_r023_c010,12,20.0325870513916,24.461332321166992,-4.428745269775391,-0.18105086066563467,3,20.469008675681216,1,-3.9624621073404946,2.553150478079379,0.9567742130203172
NCEP-AirTemp-Africa-2000,NCEP2000_r023_c011,1,20.626136779785156,,,,3,20.469008675681216,4,,2.4976344127310255,0.884582145865445
NCEP-AirTemp-Africa-2000,NCEP2000_r023_c011,2,16.91069793701172,20.626136779785156,-3.7154388427734375,-0.18013256105306105,2,17.909084102842538,1,-3.9624621073404946,2.4976344127310255,0.884582145865445
NCEP-AirTemp-Africa-2000,NCEP2000_r023_c011,3,23.401290893554688,16.91069793701172,6.490592956542969,0.38381579404462585,4,23.02893324851989,8,5.283282809787327,2.4976344127310255,0.884582145865445
NCEP-AirTemp-Africa-2000,NCEP2000_r023_c011,4,30.35166358947754,23.401290893554688,6.950372695922852,0.29700808932028455,7,30.708706967035923,8,5.283282809787327,2.4976344127310255,0.884582145865445
NCEP-AirTemp-Africa-2000,NCEP2000_r023_c011,5,32.67161178588867,30.35166358947754,2.319948196411133,0.07643561907477861,8,33.2686315398746,6,2.6416414048936643,2.4976344127310255,0.884582145865445
NCEP-AirTemp-Africa-2000,NCEP2000_r023_c011,6,32.46799850463867,32.67161178588867,-0.20361328125,-0.00623211620486821,8,33.2686315398746,4,4.440892098500626e-16,2.4976344127310255,0.884582145865445
NCEP-AirTemp-Africa-2000,NCEP2000_r023_c011,7,32.62934875488281,32.46799850463867,0.16135025024414062,0.004969516375365382,8,33.2686315398746,4,4.440892098500626e-16,2.4976344127310255,0.884582145865445
NCEP-AirTemp-Africa-2000,NCEP2000_r023_c011,8,32.01032257080078,32.62934875488281,-0.6190261840820312,-0.01897145385071154,8,33.2686315398746,4,4.440892098500626e-16,2.4976344127310255,0.884582145865445
NCEP-AirTemp-Africa-2000,NCEP2000_r023_c011,9,31.296998977661133,32.01032257080078,-0.7133235931396484,-0.022284173849292255,7,30.708706967035923,3,-1.3208207024468313,2.4976344127310255,0.884582145865445
NCEP-AirTemp-Africa-2000,NCEP2000_r023_c011,10,27.39515686035156,31.296998977661133,-3.901842117309574,-0.12467144597776268,6,28.148782394197248,1,-3.9624621073404946,2.4976344127310255,0.884582145865445
NCEP-AirTemp-Africa-2000,NCEP2000_r023_c011,11,22.3230037689209,27.39515686035156,-5.0721530914306605,-0.18514780248517146,4,23.02893324851989,0,-5.283282809787327,2.4976344127310255,0.884582145865445
NCEP-AirTemp-Africa-2000,NCEP2000_r023_c011,12,17.880651473999023,22.3230037689209,-4.442352294921875,-0.19900333937616047,2,17.909084102842538,1,-3.9624621073404946,2.4976344127310255,0.884582145865445
NCEP-AirTemp-Africa-2000,NCEP2000_r023_c012,1,19.905488967895508,,,,3,20.469008675681216,4,,2.432495832807343,0.815593789772955
NCEP-AirTemp-Africa-2000,NCEP2000_r023_c012,2,16.202762603759766,19.905488967895508,-3.702726364135742,-0.18601534331096664,1,15.349159530003863,1,-3.9624621073404946,2.432495832807343,0.815593789772955
NCEP-AirTemp-Africa-2000,NCEP2000_r023_c012,3,22.98032569885254,16.202762603759766,6.777563095092773,0.4182967596846772,4,23.02893324851989,8,5.283282809787327,2.432495832807343,0.815593789772955
NCEP-AirTemp-Africa-2000,NCEP2000_r023_c012,4,30.01732635498047,22.98032569885254,7.03700065612793,0.3062184909102182,7,30.708706967035923,8,5.283282809787327,2.432495832807343,0.815593789772955
NCEP-AirTemp-Africa-2000,NCEP2000_r023_c012,5,32.218379974365234,30.01732635498047,2.2010536193847656,0.07332610484209788,8,33.2686315398746,6,2.6416414048936643,2.432495832807343,0.815593789772955
NCEP-AirTemp-Africa-2000,NCEP2000_r023_c012,6,31.84999656677246,32.218379974365234,-0.36838340759277344,-0.011433951920794282,7,30.708706967035923,4,4.440892098500626e-16,2.432495832807343,0.815593789772955
NCEP-AirTemp-Africa-2000,NCEP2000_r023_c012,7,32.30644607543945,31.84999656677246,0.4564495086669922,0.01433122630673008,8,33.2686315398746,4,4.440892098500626e-16,2.432495832807343,0.815593789772955
NCEP-AirTemp-Africa-2000,NCEP2000_r023_c012,8,31.719680786132812,32.30644607543945,-0.5867652893066406,-0.018162483361260872,7,30.708706967035923,4,4.440892098500626e-16,2.432495832807343,0.815593789772955
NCEP-AirTemp-Africa-2000,NCEP2000_r023_c012,9,31.06032943725586,31.719680786132812,-0.6593513488769531,-0.020786821699832737,7,30.708706967035923,4,4.440892098500626e-16,2.432495832807343,0.815593789772955
NCEP-AirTemp-Africa-2000,NCEP2000_r023_c012,10,26.84515953063965,31.06032943725586,-4.215169906616211,-0.1357091178035044,5,25.58885782135857,1,-3.9624621073404946,2.432495832807343,0.815593789772955
NCEP-AirTemp-Africa-2000,NCEP2000_r023_c012,11,21.90800666809082,26.84515953063965,-4.937152862548828,-0.18391221914378353,4,23.02893324851989,0,-5.283282809787327,2.432495832807343,0.815593789772955
NCEP-AirTemp-Africa-2000,NCEP2000_r023_c012,12,17.36097526550293,21.90800666809082,-4.547031402587891,-0.20755112372732096,2,17.909084102842538,1,-3.9624621073404946,2.432495832807343,0.815593789772955
NCEP-AirTemp-Africa-2000,NCEP2000_r023_c013,1,20.684192657470703,,,,3,20.469008675681216,4,,2.3557183744408845,0.7506929239692712
NCEP-AirTemp-Africa-2000,NCEP2000_r023_c013,2,17.50345802307129,20.684192657470703,-3.180734634399414,-0.15377610753642823,2,17.909084102842538,2,-2.641641404893663,2.3557183744408845,0.7506929239692712
NCEP-AirTemp-Africa-2000,NCEP2000_r023_c013,3,24.178712844848633,17.50345802307129,6.675254821777344,0.381367773898089,4,23.02893324851989,8,5.283282809787327,2.3557183744408845,0.7506929239692712
NCEP-AirTemp-Africa-2000,NCEP2000_r023_c013,4,31.214658737182617,24.178712844848633,7.035945892333984,0.2909975372751498,7,30.708706967035923,8,5.283282809787327,2.3557183744408845,0.7506929239692712
NCEP-AirTemp-Africa-2000,NCEP2000_r023_c013,5,33.58354568481445,31.214658737182617,2.368886947631836,0.07589020810950078,8,33.2686315398746,6,2.6416414048936643,2.3557183744408845,0.7506929239692712
NCEP-AirTemp-Africa-2000,NCEP2000_r023_c013,6,33.552330017089844,33.58354568481445,-0.031215667724609375,-0.0009294929135110422,8,33.2686315398746,4,4.440892098500626e-16,2.3557183744408845,0.7506929239692712
NCEP-AirTemp-Africa-2000,NCEP2000_r023_c013,7,33.8041877746582,33.552330017089844,0.2518577575683594,0.007506416318630507,8,33.2686315398746,4,4.440892098500626e-16,2.3557183744408845,0.7506929239692712
NCEP-AirTemp-Africa-2000,NCEP2000_r023_c013,8,33.38774108886719,33.8041877746582,-0.4164466857910156,-0.012319381508796697,8,33.2686315398746,4,4.440892098500626e-16,2.3557183744408845,0.7506929239692712
NCEP-AirTemp-Africa-2000,NCEP2000_r023_c013,9,32.50166320800781,33.38774108886719,-0.886077880859375,-0.026539018572742823,8,33.2686315398746,3,-1.3208207024468313,2.3557183744408845,0.7506929239692712
NCEP-AirTemp-Africa-2000,NCEP2000_r023_c013,10,28.04096031188965,32.50166320800781,-4.460702896118164,-0.13724537318505992,6,28.148782394197248,1,-3.9624621073404946,2.3557183744408845,0.7506929239692712
NCEP-AirTemp-Africa-2000,NCEP2000_r023_c013,11,22.974666595458984,28.04096031188965,-5.066293716430664,-0.18067475792840465,4,23.02893324851989,0,-5.283282809787327,2.3557183744408845,0.7506929239692712
NCEP-AirTemp-Africa-2000,NCEP2000_r023_c013,12,17.997098922729492,22.974666595458984,-4.977567672729492,-0.21665462051637888,2,17.909084102842538,0,-5.283282809787327,2.3557183744408845,0.7506929239692712
NCEP-AirTemp-Africa-2000,NCEP2000_r023_c014,1,20.77613067626953,,,,3,20.469008675681216,4,,2.2650663326195,0.6910321854500587
NCEP-AirTemp-Africa-2000,NCEP2000_r023_c014,2,18.62655258178711,20.77613067626953,-2.149578094482422,-0.10346383202805261,2,17.909084102842538,2,-2.641641404893663,2.2650663326195,0.6910321854500587
NCEP-AirTemp-Africa-2000,NCEP2000_r023_c014,3,24.46806526184082,18.62655258178711,5.841512680053711,0.31361212196429167,5,25.58885782135857,8,5.283282809787327,2.2650663326195,0.6910321854500587
NCEP-AirTemp-Africa-2000,NCEP2000_r023_c014,4,31.03333282470703,24.46806526184082,6.565267562866211,0.26831984844772655,7,30.708706967035923,8,5.283282809787327,2.2650663326195,0.6910321854500587
NCEP-AirTemp-Africa-2000,NCEP2000_r023_c014,5,33.7148323059082,31.03333282470703,2.681499481201172,0.08640707385016377,8,33.2686315398746,6,2.6416414048936643,2.2650663326195,0.6910321854500587
NCEP-AirTemp-Africa-2000,NCEP2000_r023_c014,6,34.127994537353516,33.7148323059082,0.4131622314453125,0.012254613272180201,8,33.2686315398746,4,4.440892098500626e-16,2.2650663326195,0.6910321854500587
NCEP-AirTemp-Africa-2000,NCEP2000_r023_c014,7,34.49225997924805,34.127994537353516,0.36426544189453125,0.010673508561888633,8,33.2686315398746,4,4.440892098500626e-16,2.2650663326195,0.6910321854500587
NCEP-AirTemp-Africa-2000,NCEP2000_r023_c014,8,34.191287994384766,34.49225997924805,-0.30097198486328125,-0.008725783263965838,8,33.2686315398746,4,4.440892098500626e-16,2.2650663326195,0.6910321854500587
NCEP-AirTemp-Africa-2000,NCEP2000_r023_c014,9,32.99966049194336,34.191287994384766,-1.1916275024414062,-0.034851787468114896,8,33.2686315398746,3,-1.3208207024468313,2.2650663326195,0.6910321854500587
NCEP-AirTemp-Africa-2000,NCEP2000_r023_c014,10,27.440000534057617,32.99966049194336,-5.559659957885742,-0.1684762774830091,6,28.148782394197248,0,-5.283282809787327,2.2650663326195,0.6910321854500587
NCEP-AirTemp-Africa-2000,NCEP2000_r023_c014,11,22.81667137145996,27.440000534057617,-4.623329162597656,-0.16848866882707722,4,23.02893324851989,0,-5.283282809787327,2.2650663326195,0.6910321854500587
NCEP-AirTemp-Africa-2000,NCEP2000_r023_c014,12,18.24258804321289,22.81667137145996,-4.57408332824707,-0.20047110526246714,2,17.909084102842538,1,-3.9624621073404946,2.2650663326195,0.6910321854500587
NCEP-AirTemp-Africa-2000,NCEP2000_r023_c015,1,20.56903648376465,,,,3,20.469008675681216,4,,2.1583595193402374,0.6380831259383543
NCEP-AirTemp-Africa-2000,NCEP2000_r023_c015,2,19.33586311340332,20.56903648376465,-1.2331733703613281,-0.05995289917127059,3,20.469008675681216,3,-1.3208207024468313,2.1583595193402374,0.6380831259383543
NCEP-AirTemp-Africa-2000,NCEP2000_r023_c015,3,24.590967178344727,19.33586311340332,5.255104064941406,0.2717801648739771,5,25.58885782135857,8,5.283282809787327,2.1583595193402374,0.6380831259383543
NCEP-AirTemp-Africa-2000,NCEP2000_r023_c015,4,30.479331970214844,24.590967178344727,5.888364791870117,0.23945234643131577,7,30.708706967035923,8,5.283282809787327,2.1583595193402374,0.6380831259383543
NCEP-AirTemp-Africa-2000,NCEP2000_r023_c015,5,33.096771240234375,30.479331970214844,2.6174392700195312,0.08587587393901407,8,33.2686315398746,6,2.6416414048936643,2.1583595193402374,0.6380831259383543
NCEP-AirTemp-Africa-2000,NCEP2000_r023_c015,6,33.48666000366211,33.096771240234375,0.3898887634277344,0.011780265833114341,8,33.2686315398746,4,4.440892098500626e-16,2.1583595193402374,0.6380831259383543
NCEP-AirTemp-Africa-2000,NCEP2000_r023_c015,7,34.55709457397461,33.48666000366211,1.0704345703125,0.031965999899525276,8,33.2686315398746,5,1.3208207024468321,2.1583595193402374,0.6380831259383543
NCEP-AirTemp-Africa-2000,NCEP2000_r023_c015,8,34.262901306152344,34.55709457397461,-0.2941932678222656,-0.008513252385628112,8,33.2686315398746,4,4.440892098500626e-16,2.1583595193402374,0.6380831259383543
NCEP-AirTemp-Africa-2000,NCEP2000_r023_c015,9,33.17299270629883,34.262901306152344,-1.0899085998535156,-0.03181016663226382,8,33.2686315398746,3,-1.3208207024468313,2.1583595193402374,0.6380831259383543
NCEP-AirTemp-Africa-2000,NCEP2000_r023_c015,10,26.83386993408203,33.17299270629883,-6.339122772216797,-0.19109288174090894,5,25.58885782135857,0,-5.283282809787327,2.1583595193402374,0.6380831259383543
NCEP-AirTemp-Africa-2000,NCEP2000_r023_c015,11,22.877668380737305,26.83386993408203,-3.9562015533447266,-0.14743313443283504,4,23.02893324851989,1,-3.9624621073404946,2.1583595193402374,0.6380831259383543
NCEP-AirTemp-Africa-2000,NCEP2000_r023_c015,12,18.845169067382812,22.877668380737305,-4.032499313354492,-0.17626356175132793,2,17.909084102842538,1,-3.9624621073404946,2.1583595193402374,0.6380831259383543
NCEP-AirTemp-Africa-2000,NCEP2000_r023_c016,1,18.937423706054688,,,,2,17.909084102842538,4,,2.0340631519624797,0.4444444444444443
NCEP-AirTemp-Africa-2000,NCEP2000_r023_c016,2,19.056556701660156,18.937423706054688,0.11913299560546875,0.0062908765972944595,2,17.909084102842538,4,4.440892098500626e-16,2.0340631519624797,0.4444444444444443
NCEP-AirTemp-Africa-2000,NCEP2000_r023_c016,3,23.464519500732425,19.056556701660156,4.407962799072269,0.23130951032136143,4,23.02893324851989,7,3.962462107340496,2.0340631519624797,0.4444444444444443
NCEP-AirTemp-Africa-2000,NCEP2000_r023_c016,4,29.473663330078125,23.464519500732425,6.0091438293457,0.25609490231232435,7,30.708706967035923,8,5.283282809787327,2.0340631519624797,0.4444444444444443
NCEP-AirTemp-Africa-2000,NCEP2000_r023_c016,5,32.08870315551758,29.473663330078125,2.615039825439453,0.08872462836239235,8,33.2686315398746,6,2.6416414048936643,2.0340631519624797,0.4444444444444443
NCEP-AirTemp-Africa-2000,NCEP2000_r023_c016,6,32.25465774536133,32.08870315551758,0.16595458984375,0.005171744991982155,8,33.2686315398746,4,4.440892098500626e-16,2.0340631519624797,0.4444444444444443
NCEP-AirTemp-Africa-2000,NCEP2000_r023_c016,7,34.1967658996582,32.25465774536133,1.942108154296875,0.06021171173568498,8,33.2686315398746,5,1.3208207024468321,2.0340631519624797,0.4444444444444443
NCEP-AirTemp-Africa-2000,NCEP2000_r023_c016,8,33.90742492675781,34.1967658996582,-0.2893409729003906,-0.008461062480276317,8,33.2686315398746,4,4.440892098500626e-16,2.0340631519624797,0.4444444444444443
NCEP-AirTemp-Africa-2000,NCEP2000_r023_c016,9,32.50999450683594,33.90742492675781,-1.397430419921875,-0.0412131096047669,8,33.2686315398746,3,-1.3208207024468313,2.0340631519624797,0.4444444444444443
NCEP-AirTemp-Africa-2000,NCEP2000_r023_c016,10,26.017742156982425,32.50999450683594,-6.492252349853512,-0.19970019830327482,5,25.58885782135857,0,-5.283282809787327,2.0340631519624797,0.4444444444444443
NCEP-AirTemp-Africa-2000,NCEP2000_r023_c016,11,21.801671981811523,26.017742156982425,-4.216070175170902,-0.16204596654592598,4,23.02893324851989,1,-3.9624621073404946,2.0340631519624797,0.4444444444444443
NCEP-AirTemp-Africa-2000,NCEP2000_r023_c016,12,18.12226104736328,21.801671981811523,-3.679410934448242,-0.16876737424165741,2,17.909084102842538,1,-3.9624621073404946,2.0340631519624797,0.4444444444444443
NCEP-AirTemp-Africa-2000,NCEP2000_r023_c017,1,16.700651168823242,,,,2,17.909084102842538,4,,1.8922613204948069,0.5217391304347827
NCEP-AirTemp-Africa-2000,NCEP2000_r023_c017,2,17.765867233276367,16.700651168823242,1.065216064453125,0.06378290604869763,2,17.909084102842538,5,1.3208207024468321,1.8922613204948069,0.5217391304347827
NCEP-AirTemp-Africa-2000,NCEP2000_r023_c017,3,20.83677673339844,17.765867233276367,3.070909500122074,0.17285446636514906,3,20.469008675681216,6,2.6416414048936643,1.8922613204948069,0.5217391304347827
NCEP-AirTemp-Africa-2000,NCEP2000_r023_c017,4,27.91199493408203,20.83677673339844,7.07521820068359,0.3395543510020436,6,28.148782394197248,8,5.283282809787327,1.8922613204948069,0.5217391304347827
NCEP-AirTemp-Africa-2000,NCEP2000_r023_c017,5,30.29806327819824,27.91199493408203,2.3860683441162074,0.08548541047500302,7,30.708706967035923,6,2.6416414048936643,1.8922613204948069,0.5217391304347827
NCEP-AirTemp-Africa-2000,NCEP2000_r023_c017,6,30.597328186035156,30.29806327819824,0.2992649078369176,0.00987736097482711,7,30.708706967035923,4,4.440892098500626e-16,1.8922613204948069,0.5217391304347827
NCEP-AirTemp-Africa-2000,NCEP2000_r023_c017,7,32.811607360839844,30.597328186035156,2.2142791748046875,0.07236838332228304,8,33.2686315398746,6,2.6416414048936643,1.8922613204948069,0.5217391304347827
NCEP-AirTemp-Africa-2000,NCEP2000_r023_c017,8,32.15419387817383,32.811607360839844,-0.6574134826660156,-0.020036003583616836,8,33.2686315398746,4,4.440892098500626e-16,1.8922613204948069,0.5217391304347827
NCEP-AirTemp-Africa-2000,NCEP2000_r023_c017,9,30.579998016357425,32.15419387817383,-1.5741958618164027,-0.048957715058282406,7,30.708706967035923,3,-1.3208207024468313,1.8922613204948069,0.5217391304347827
NCEP-AirTemp-Africa-2000,NCEP2000_r023_c017,10,24.006778717041016,30.579998016357425,-6.57321929931641,-0.2149515933846809,4,23.02893324851989,0,-5.283282809787327,1.8922613204948069,0.5217391304347827
NCEP-AirTemp-Africa-2000,NCEP2000_r023_c017,11,19.76233673095703,24.006778717041016,-4.244441986083984,-0.17680181235940254,3,20.469008675681216,1,-3.9624621073404946,1.8922613204948069,0.5217391304347827
NCEP-AirTemp-Africa-2000,NCEP2000_r023_c017,12,16.148714065551758,19.76233673095703,-3.6136226654052734,-0.182854017447474,1,15.349159530003863,1,-3.9624621073404946,1.8922613204948069,0.5217391304347827
NCEP-AirTemp-Africa-2000,NCEP2000_r023_c018,1,16.4658145904541,,,,1,15.349159530003863,4,,1.7357906577941966,0.4799999999999999
NCEP-AirTemp-Africa-2000,NCEP2000_r023_c018,2,17.4644832611084,16.4658145904541,0.9986686706542969,0.06065103339820585,2,17.909084102842538,5,1.3208207024468321,1.7357906577941966,0.4799999999999999
NCEP-AirTemp-Africa-2000,NCEP2000_r023_c018,3,20.127098083496097,17.4644832611084,2.662614822387699,0.15245883789284892,3,20.469008675681216,6,2.6416414048936643,1.7357906577941966,0.4799999999999999
NCEP-AirTemp-Africa-2000,NCEP2000_r023_c018,4,28.075664520263672,20.127098083496097,7.948566436767575,0.39491865165029794,6,28.148782394197248,8,5.283282809787327,1.7357906577941966,0.4799999999999999
NCEP-AirTemp-Africa-2000,NCEP2000_r023_c018,5,30.073223114013672,28.075664520263672,1.99755859375,0.0711491117978083,7,30.708706967035923,6,2.6416414048936643,1.7357906577941966,0.4799999999999999
NCEP-AirTemp-Africa-2000,NCEP2000_r023_c018,6,30.664663314819336,30.073223114013672,0.5914402008056641,0.019666671529133897,7,30.708706967035923,4,4.440892098500626e-16,1.7357906577941966,0.4799999999999999
NCEP-AirTemp-Africa-2000,NCEP2000_r023_c018,7,33.05451202392578,30.664663314819336,2.3898487091064453,0.07793494044173971,8,33.2686315398746,6,2.6416414048936643,1.7357906577941966,0.4799999999999999
NCEP-AirTemp-Africa-2000,NCEP2000_r023_c018,8,31.980323791503903,33.05451202392578,-1.0741882324218786,-0.03249747664235222,7,30.708706967035923,3,-1.3208207024468313,1.7357906577941966,0.4799999999999999
NCEP-AirTemp-Africa-2000,NCEP2000_r023_c018,9,30.69366455078125,31.980323791503903,-1.2866592407226527,-0.040232839702031876,7,30.708706967035923,3,-1.3208207024468313,1.7357906577941966,0.4799999999999999
NCEP-AirTemp-Africa-2000,NCEP2000_r023_c018,10,24.16451644897461,30.69366455078125,-6.529148101806641,-0.21271973214552034,4,23.02893324851989,0,-5.283282809787327,1.7357906577941966,0.4799999999999999
NCEP-AirTemp-Africa-2000,NCEP2000_r023_c018,11,20.05033493041992,24.16451644897461,-4.114181518554691,-0.17025714241963535,3,20.469008675681216,1,-3.9624621073404946,1.7357906577941966,0.4799999999999999
NCEP-AirTemp-Africa-2000,NCEP2000_r023_c018,12,15.920978546142578,20.05033493041992,-4.12935638427734,-0.20594949653496178,1,15.349159530003863,1,-3.9624621073404946,1.7357906577941966,0.4799999999999999
NCEP-AirTemp-Africa-2000,NCEP2000_r023_c019,1,17.183551788330078,,,,2,17.909084102842538,4,,1.5707963267948966,0.5217391304347826
NCEP-AirTemp-Africa-2000,NCEP2000_r023_c019,2,18.54276466369629,17.183551788330078,1.359212875366211,0.07909964669174493,2,17.909084102842538,5,1.3208207024468321,1.5707963267948966,0.5217391304347826
NCEP-AirTemp-Africa-2000,NCEP2000_r023_c019,3,21.633872985839844,18.54276466369629,3.0911083221435547,0.16670158836645546,3,20.469008675681216,6,2.6416414048936643,1.5707963267948966,0.5217391304347826
NCEP-AirTemp-Africa-2000,NCEP2000_r023_c019,4,29.863996505737305,21.633872985839844,8.230123519897461,0.3804276527501283,7,30.708706967035923,8,5.283282809787327,1.5707963267948966,0.5217391304347826
NCEP-AirTemp-Africa-2000,NCEP2000_r023_c019,5,32.10902786254883,29.863996505737305,2.2450313568115234,0.07517518147245364,8,33.2686315398746,6,2.6416414048936643,1.5707963267948966,0.5217391304347826
NCEP-AirTemp-Africa-2000,NCEP2000_r023_c019,6,32.864662170410156,32.10902786254883,0.7556343078613281,0.02353339101688224,8,33.2686315398746,5,1.3208207024468321,1.5707963267948966,0.5217391304347826
NCEP-AirTemp-Africa-2000,NCEP2000_r023_c019,7,34.94999694824219,32.864662170410156,2.0853347778320312,0.06345218968079251,8,33.2686315398746,6,2.6416414048936643,1.5707963267948966,0.5217391304347826
NCEP-AirTemp-Africa-2000,NCEP2000_r023_c019,8,33.99418258666992,34.94999694824219,-0.9558143615722656,-0.027348052790612285,8,33.2686315398746,3,-1.3208207024468313,1.5707963267948966,0.5217391304347826
NCEP-AirTemp-Africa-2000,NCEP2000_r023_c019,9,32.8626594543457,33.99418258666992,-1.1315231323242188,-0.033285787338446574,8,33.2686315398746,3,-1.3208207024468313,1.5707963267948966,0.5217391304347826
NCEP-AirTemp-Africa-2000,NCEP2000_r023_c019,10,26.56612777709961,32.8626594543457,-6.296531677246094,-0.19160140359283828,5,25.58885782135857,0,-5.283282809787327,1.5707963267948966,0.5217391304347826
NCEP-AirTemp-Africa-2000,NCEP2000_r023_c019,11,21.736330032348633,26.56612777709961,-4.829797744750977,-0.18180285005307897,3,20.469008675681216,0,-5.283282809787327,1.5707963267948966,0.5217391304347826
NCEP-AirTemp-Africa-2000,NCEP2000_r023_c019,12,16.973556518554688,21.736330032348633,-4.762773513793945,-0.2191158078068307,2,17.909084102842538,0,-5.283282809787327,1.5707963267948966,0.5217391304347826
NCEP-AirTemp-Africa-2000,NCEP2000_r023_c020,1,18.36806869506836,,,,2,17.909084102842538,4,,1.4058019957955965,0.5217391304347826
NCEP-AirTemp-Africa-2000,NCEP2000_r023_c020,2,20.599315643310547,18.36806869506836,2.2312469482421875,0.12147422711029247,3,20.469008675681216,6,2.6416414048936643,1.4058019957955965,0.5217391304347826
NCEP-AirTemp-Africa-2000,NCEP2000_r023_c020,3,23.286130905151367,20.599315643310547,2.6868152618408203,0.1304322584480296,4,23.02893324851989,6,2.6416414048936643,1.4058019957955965,0.5217391304347826
NCEP-AirTemp-Africa-2000,NCEP2000_r023_c020,4,30.320331573486328,23.286130905151367,7.034200668334961,0.30207683264285234,7,30.708706967035923,8,5.283282809787327,1.4058019957955965,0.5217391304347826
NCEP-AirTemp-Africa-2000,NCEP2000_r023_c020,5,33.05354690551758,30.320331573486328,2.73321533203125,0.09014463860353411,8,33.2686315398746,6,2.6416414048936643,1.4058019957955965,0.5217391304347826
NCEP-AirTemp-Africa-2000,NCEP2000_r023_c020,6,33.947662353515625,33.05354690551758,0.8941154479980469,0.02705051444414861,8,33.2686315398746,5,1.3208207024468321,1.4058019957955965,0.5217391304347826
NCEP-AirTemp-Africa-2000,NCEP2000_r023_c020,7,35.23322296142578,33.947662353515625,1.2855606079101562,0.03786889932281371,8,33.2686315398746,5,1.3208207024468321,1.4058019957955965,0.5217391304347826
NCEP-AirTemp-Africa-2000,NCEP2000_r023_c020,8,34.75547790527344,35.23322296142578,-0.47774505615234375,-0.01355950480815766,8,33.2686315398746,4,4.440892098500626e-16,1.4058019957955965,0.5217391304347826
NCEP-AirTemp-Africa-2000,NCEP2000_r023_c020,9,34.07666015625,34.75547790527344,-0.6788177490234375,-0.019531244855086304,8,33.2686315398746,3,-1.3208207024468313,1.4058019957955965,0.5217391304347826
NCEP-AirTemp-Africa-2000,NCEP2000_r023_c020,10,28.86419105529785,34.07666015625,-5.212469100952148,-0.15296302739328546,6,28.148782394197248,0,-5.283282809787327,1.4058019957955965,0.5217391304347826
NCEP-AirTemp-Africa-2000,NCEP2000_r023_c020,11,23.885000228881836,28.86419105529785,-4.979190826416016,-0.17250408358498287,4,23.02893324851989,0,-5.283282809787327,1.4058019957955965,0.5217391304347826
NCEP-AirTemp-Africa-2000,NCEP2000_r023_c020,12,18.74323081970215,23.885000228881836,-5.1417694091796875,-0.21527190118935982,2,17.909084102842538,0,-5.283282809787327,1.4058019957955965,0.5217391304347826
NCEP-AirTemp-Africa-2000,NCEP2000_r023_c021,1,21.27290725708008,,,,3,20.469008675681216,4,,1.249331333094987,0.7058823529411765
NCEP-AirTemp-Africa-2000,NCEP2000_r023_c021,2,24.16240882873535,21.27290725708008,2.88950157165527,0.13583012123054228,4,23.02893324851989,6,2.6416414048936643,1.249331333094987,0.7058823529411765
NCEP-AirTemp-Africa-2000,NCEP2000_r023_c021,3,25.955810546875,24.16240882873535,1.7934017181396484,0.07422280331615075,5,25.58885782135857,5,1.3208207024468321,1.249331333094987,0.7058823529411765
NCEP-AirTemp-Africa-2000,NCEP2000_r023_c021,4,31.290666580200195,25.955810546875,5.334856033325195,0.20553609850444435,7,30.708706967035923,8,5.283282809787327,1.249331333094987,0.7058823529411765
NCEP-AirTemp-Africa-2000,NCEP2000_r023_c021,5,34.232574462890625,31.290666580200195,2.9419078826904297,0.09401870283428164,8,33.2686315398746,6,2.6416414048936643,1.249331333094987,0.7058823529411765
NCEP-AirTemp-Africa-2000,NCEP2000_r023_c021,6,34.887996673583984,34.232574462890625,0.6554222106933594,0.019146155992557944,8,33.2686315398746,4,4.440892098500626e-16,1.249331333094987,0.7058823529411765
NCEP-AirTemp-Africa-2000,NCEP2000_r023_c021,7,35.01870346069336,34.887996673583984,0.130706787109375,0.003746468687562728,8,33.2686315398746,4,4.440892098500626e-16,1.249331333094987,0.7058823529411765
NCEP-AirTemp-Africa-2000,NCEP2000_r023_c021,8,34.43999481201172,35.01870346069336,-0.5787086486816406,-0.016525701739106658,8,33.2686315398746,4,4.440892098500626e-16,1.249331333094987,0.7058823529411765
NCEP-AirTemp-Africa-2000,NCEP2000_r023_c021,9,34.579994201660156,34.43999481201172,0.1399993896484375,0.004065023540584553,8,33.2686315398746,4,4.440892098500626e-16,1.249331333094987,0.7058823529411765
NCEP-AirTemp-Africa-2000,NCEP2000_r023_c021,10,30.91257667541504,34.579994201660156,-3.667417526245117,-0.10605604803915923,7,30.708706967035923,1,-3.9624621073404946,1.249331333094987,0.7058823529411765
NCEP-AirTemp-Africa-2000,NCEP2000_r023_c021,11,26.80232810974121,30.91257667541504,-4.110248565673828,-0.13296363511951217,5,25.58885782135857,1,-3.9624621073404946,1.249331333094987,0.7058823529411765
NCEP-AirTemp-Africa-2000,NCEP2000_r023_c021,12,22.40871238708496,26.80232810974121,-4.39361572265625,-0.16392664490438075,4,23.02893324851989,1,-3.9624621073404946,1.249331333094987,0.7058823529411765
NCEP-AirTemp-Africa-2000,NCEP2000_r023_c022,1,22.207740783691406,,,,4,23.02893324851989,4,,1.1075295016273137,0.8571428571428572
NCEP-AirTemp-Africa-2000,NCEP2000_r023_c022,2,24.743104934692383,22.207740783691406,2.5353641510009766,0.11416578461069124,5,25.58885782135857,6,2.6416414048936643,1.1075295016273137,0.8571428571428572
NCEP-AirTemp-Africa-2000,NCEP2000_r023_c022,3,26.118711471557617,24.743104934692383,1.3756065368652344,0.0555955503763997,5,25.58885782135857,5,1.3208207024468321,1.1075295016273137,0.8571428571428572
NCEP-AirTemp-Africa-2000,NCEP2000_r023_c022,4,31.016664505004883,26.118711471557617,4.897953033447266,0.18752659520669573,7,30.708706967035923,8,5.283282809787327,1.1075295016273137,0.8571428571428572
NCEP-AirTemp-Africa-2000,NCEP2000_r023_c022,5,33.75321960449219,31.016664505004883,2.7365550994873047,0.0882285424032533,8,33.2686315398746,6,2.6416414048936643,1.1075295016273137,0.8571428571428572
NCEP-AirTemp-Africa-2000,NCEP2000_r023_c022,6,34.68266677856445,33.75321960449219,0.9294471740722656,0.027536548660044458,8,33.2686315398746,5,1.3208207024468321,1.1075295016273137,0.8571428571428572
NCEP-AirTemp-Africa-2000,NCEP2000_r023_c022,7,33.70515441894531,34.68266677856445,-0.9775123596191406,-0.02818446360714367,8,33.2686315398746,3,-1.3208207024468313,1.1075295016273137,0.8571428571428572
NCEP-AirTemp-Africa-2000,NCEP2000_r023_c022,8,32.3358039855957,33.70515441894531,-1.3693504333496094,-0.040627330061419685,8,33.2686315398746,3,-1.3208207024468313,1.1075295016273137,0.8571428571428572
NCEP-AirTemp-Africa-2000,NCEP2000_r023_c022,9,32.73265838623047,32.3358039855957,0.3968544006347656,0.012272909645653106,8,33.2686315398746,4,4.440892098500626e-16,1.1075295016273137,0.8571428571428572
NCEP-AirTemp-Africa-2000,NCEP2000_r023_c022,10,29.524831771850582,32.73265838623047,-3.2078266143798864,-0.09800079714054974,7,30.708706967035923,2,-2.641641404893663,1.1075295016273137,0.8571428571428572
NCEP-AirTemp-Africa-2000,NCEP2000_r023_c022,11,26.189001083374023,29.524831771850582,-3.335830688476559,-0.11298390162740876,5,25.58885782135857,1,-3.9624621073404946,1.1075295016273137,0.8571428571428572
NCEP-AirTemp-Africa-2000,NCEP2000_r023_c022,12,23.500322341918945,26.189001083374023,-2.688678741455078,-0.10266442514915067,4,23.02893324851989,2,-2.641641404893663,1.1075295016273137,0.8571428571428572
NCEP-AirTemp-Africa-2000,NCEP2000_r023_c023,1,23.191612243652344,,,,4,23.02893324851989,4,,0.9832331342495556,0.9230769230769232
NCEP-AirTemp-Africa-2000,NCEP2000_r023_c023,2,24.110694885253903,23.191612243652344,0.919082641601559,0.03962995896730363,4,23.02893324851989,5,1.3208207024468321,0.9832331342495556,0.9230769230769232
NCEP-AirTemp-Africa-2000,NCEP2000_r023_c023,3,25.052255630493164,24.110694885253903,0.9415607452392614,0.039051580625124156,5,25.58885782135857,5,1.3208207024468321,0.9832331342495556,0.9230769230769232
NCEP-AirTemp-Africa-2000,NCEP2000_r023_c023,4,28.872331619262695,25.052255630493164,3.8200759887695312,0.1524843129941482,6,28.148782394197248,7,3.962462107340496,0.9832331342495556,0.9230769230769232
NCEP-AirTemp-Africa-2000,NCEP2000_r023_c023,5,30.822250366210938,28.872331619262695,1.9499187469482422,0.06753589466419535,7,30.708706967035923,5,1.3208207024468321,0.9832331342495556,0.9230769230769232
NCEP-AirTemp-Africa-2000,NCEP2000_r023_c023,6,32.68766403198242,30.822250366210938,1.8654136657714844,0.0605216570369714,8,33.2686315398746,5,1.3208207024468321,0.9832331342495556,0.9230769230769232
NCEP-AirTemp-Africa-2000,NCEP2000_r023_c023,7,33.309993743896484,32.68766403198242,0.6223297119140625,0.019038671937681433,8,33.2686315398746,4,4.440892098500626e-16,0.9832331342495556,0.9230769230769232
NCEP-AirTemp-Africa-2000,NCEP2000_r023_c023,8,32.0316047668457,33.309993743896484,-1.2783889770507812,-0.03837854149357279,8,33.2686315398746,3,-1.3208207024468313,0.9832331342495556,0.9230769230769232
NCEP-AirTemp-Africa-2000,NCEP2000_r023_c023,9,31.53366470336914,32.0316047668457,-0.4979400634765625,-0.015545273710168749,7,30.708706967035923,4,4.440892098500626e-16,0.9832331342495556,0.9230769230769232
NCEP-AirTemp-Africa-2000,NCEP2000_r023_c023,10,28.50354385375977,31.53366470336914,-3.0301208496093714,-0.09609161758118222,6,28.148782394197248,2,-2.641641404893663,0.9832331342495556,0.9230769230769232
NCEP-AirTemp-Africa-2000,NCEP2000_r023_c023,11,26.14333724975586,28.50354385375977,-2.36020660400391,-0.0828039704856765,5,25.58885782135857,2,-2.641641404893663,0.9832331342495556,0.9230769230769232
NCEP-AirTemp-Africa-2000,NCEP2000_r023_c023,12,24.364839553833008,26.14333724975586,-1.7784976959228516,-0.06802871718068282,5,25.58885782135857,3,-1.3208207024468313,0.9832331342495556,0.9230769230769232
NCEP-AirTemp-Africa-2000,NCEP2000_r024_c002,1,20.205810546875,,,,3,20.469008675681216,4,,2.750650243398765,1.0
NCEP-AirTemp-Africa-2000,NCEP2000_r024_c002,2,22.20000457763672,20.205810546875,1.9941940307617188,0.09869408733371192,4,23.02893324851989,6,2.6416414048936643,2.750650243398765,1.0
NCEP-AirTemp-Africa-2000,NCEP2000_r024_c002,3,25.442258834838867,22.20000457763672,3.2422542572021484,0.1460474589481954,5,25.58885782135857,6,2.6416414048936643,2.750650243398765,1.0
NCEP-AirTemp-Africa-2000,NCEP2000_r024_c002,4,27.155336380004883,25.442258834838867,1.7130775451660156,0.0673319753676999,6,28.148782394197248,5,1.3208207024468321,2.750650243398765,1.0
NCEP-AirTemp-Africa-2000,NCEP2000_r024_c002,5,27.431930541992188,27.155336380004883,0.2765941619873047,0.0101856282727165,6,28.148782394197248,4,4.440892098500626e-16,2.750650243398765,1.0
NCEP-AirTemp-Africa-2000,NCEP2000_r024_c002,6,32.107994079589844,27.431930541992188,4.676063537597656,0.17046060722702847,8,33.2686315398746,8,5.283282809787327,2.750650243398765,1.0
NCEP-AirTemp-Africa-2000,NCEP2000_r024_c002,7,31.37032127380371,32.107994079589844,-0.7376728057861328,-0.022974739685001088,7,30.708706967035923,3,-1.3208207024468313,2.750650243398765,1.0
NCEP-AirTemp-Africa-2000,NCEP2000_r024_c002,8,32.028385162353516,31.37032127380371,0.6580638885498047,0.020977276031257337,8,33.2686315398746,4,4.440892098500626e-16,2.750650243398765,1.0
NCEP-AirTemp-Africa-2000,NCEP2000_r024_c002,9,31.76032829284668,32.028385162353516,-0.26805686950683594,-0.008369353251749721,7,30.708706967035923,4,4.440892098500626e-16,2.750650243398765,1.0
NCEP-AirTemp-Africa-2000,NCEP2000_r024_c002,10,27.56741714477539,31.76032829284668,-4.192911148071289,-0.13201724835494383,6,28.148782394197248,1,-3.9624621073404946,2.750650243398765,1.0
NCEP-AirTemp-Africa-2000,NCEP2000_r024_c002,11,24.132997512817383,27.56741714477539,-3.434419631958008,-0.12458256839665166,4,23.02893324851989,1,-3.9624621073404946,2.750650243398765,1.0
NCEP-AirTemp-Africa-2000,NCEP2000_r024_c002,12,21.183225631713867,24.132997512817383,-2.9497718811035156,-0.12222981747447036,3,20.469008675681216,2,-2.641641404893663,2.750650243398765,1.0
NCEP-AirTemp-Africa-2000,NCEP2000_r024_c003,1,19.536781311035156,,,,3,20.469008675681216,4,,2.7288324270565725,1.0
NCEP-AirTemp-Africa-2000,NCEP2000_r024_c003,2,21.85207176208496,19.536781311035156,2.3152904510498047,0.11850930888713157,4,23.02893324851989,6,2.6416414048936643,2.7288324270565725,1.0
NCEP-AirTemp-Africa-2000,NCEP2000_r024_c003,3,26.34322738647461,21.85207176208496,4.491155624389648,0.2055253924335976,5,25.58885782135857,7,3.962462107340496,2.7288324270565725,1.0
NCEP-AirTemp-Africa-2000,NCEP2000_r024_c003,4,29.260326385498047,26.34322738647461,2.9170989990234375,0.11073430587025045,6,28.148782394197248,6,2.6416414048936643,2.7288324270565725,1.0
NCEP-AirTemp-Africa-2000,NCEP2000_r024_c003,5,30.9151554107666,29.260326385498047,1.6548290252685547,0.05655538504480655,7,30.708706967035923,5,1.3208207024468321,2.7288324270565725,1.0
NCEP-AirTemp-Africa-2000,NCEP2000_r024_c003,6,35.87699508666992,30.9151554107666,4.96183967590332,0.16049861661621456,8,33.2686315398746,8,5.283282809787327,2.7288324270565725,1.0
NCEP-AirTemp-Africa-2000,NCEP2000_r024_c003,7,34.99580383300781,35.87699508666992,-0.8811912536621094,-0.02456145648578901,8,33.2686315398746,3,-1.3208207024468313,2.7288324270565725,1.0
NCEP-AirTemp-Africa-2000,NCEP2000_r024_c003,8,34.76676559448242,34.99580383300781,-0.22903823852539062,-0.006544734323529476,8,33.2686315398746,4,4.440892098500626e-16,2.7288324270565725,1.0
NCEP-AirTemp-Africa-2000,NCEP2000_r024_c003,9,33.8676643371582,34.76676559448242,-0.8991012573242188,-0.02586094052611292,8,33.2686315398746,3,-1.3208207024468313,2.7288324270565725,1.0
NCEP-AirTemp-Africa-2000,NCEP2000_r024_c003,10,27.83160972595215,33.8676643371582,-6.036054611206055,-0.17822470871082613,6,28.148782394197248,0,-5.283282809787327,2.7288324270565725,1.0
NCEP-AirTemp-Africa-2000,NCEP2000_r024_c003,11,23.46200180053711,27.83160972595215,-4.369607925415039,-0.15700162399663536,4,23.02893324851989,1,-3.9624621073404946,2.7288324270565725,1.0
NCEP-AirTemp-Africa-2000,NCEP2000_r024_c003,12,19.894193649291992,23.46200180053711,-3.567808151245117,-0.15206750820228138,3,20.469008675681216,1,-3.9624621073404946,2.7288324270565725,1.0
NCEP-AirTemp-Africa-2000,NCEP2000_r024_c004,1,19.254199981689453,,,,3,20.469008675681216,4,,2.7046004758999844,1.0
NCEP-AirTemp-Africa-2000,NCEP2000_r024_c004,2,21.17034912109375,19.254199981689453,1.9161491394042969,0.09951850200094188,3,20.469008675681216,5,1.3208207024468321,2.7046004758999844,1.0
NCEP-AirTemp-Africa-2000,NCEP2000_r024_c004,3,25.910001754760746,21.17034912109375,4.739652633666996,0.22388164723011073,5,25.58885782135857,8,5.283282809787327,2.7046004758999844,1.0
NCEP-AirTemp-Africa-2000,NCEP2000_r024_c004,4,28.90866470336914,25.910001754760746,2.998662948608395,0.11573379951845876,6,28.148782394197248,6,2.6416414048936643,2.7046004758999844,1.0
NCEP-AirTemp-Africa-2000,NCEP2000_r024_c004,5,31.59000015258789,28.90866470336914,2.68133544921875,0.09275196473900973,7,30.708706967035923,6,2.6416414048936643,2.7046004758999844,1.0
NCEP-AirTemp-Africa-2000,NCEP2000_r024_c004,6,35.123661041259766,31.59000015258789,3.533660888671875,0.11186010989564346,8,33.2686315398746,7,3.962462107340496,2.7046004758999844,1.0
NCEP-AirTemp-Africa-2000,NCEP2000_r024_c004,7,34.80677032470703,35.123661041259766,-0.3168907165527344,-0.009022143682017739,8,33.2686315398746,4,4.440892098500626e-16,2.7046004758999844,1.0
NCEP-AirTemp-Africa-2000,NCEP2000_r024_c004,8,34.781280517578125,34.80677032470703,-0.02548980712890625,-0.0007323232489287498,8,33.2686315398746,4,4.440892098500626e-16,2.7046004758999844,1.0
NCEP-AirTemp-Africa-2000,NCEP2000_r024_c004,9,33.546661376953125,34.781280517578125,-1.234619140625,-0.03549665573701449,8,33.2686315398746,3,-1.3208207024468313,2.7046004758999844,1.0
NCEP-AirTemp-Africa-2000,NCEP2000_r024_c004,10,27.25419235229492,33.546661376953125,-6.292469024658207,-0.18757362927868562,6,28.148782394197248,0,-5.283282809787327,2.7046004758999844,1.0
NCEP-AirTemp-Africa-2000,NCEP2000_r024_c004,11,22.955333709716797,27.25419235229492,-4.2988586425781214,-0.1577320137397555,4,23.02893324851989,1,-3.9624621073404946,2.7046004758999844,1.0
NCEP-AirTemp-Africa-2000,NCEP2000_r024_c004,12,20.045804977416992,22.955333709716797,-2.9095287322998047,-0.12674739426977819,3,20.469008675681216,2,-2.641641404893663,2.7046004758999844,1.0
NCEP-AirTemp-Africa-2000,NCEP2000_r024_c005,1,19.130006790161133,,,,2,17.909084102842538,4,,2.6775640431369845,1.0
NCEP-AirTemp-Africa-2000,NCEP2000_r024_c005,2,20.737932205200195,19.130006790161133,1.6079254150390625,0.08405252714630734,3,20.469008675681216,5,1.3208207024468321,2.6775640431369845,1.0
NCEP-AirTemp-Africa-2000,NCEP2000_r024_c005,3,25.96806526184082,20.737932205200195,5.230133056640625,0.25220128047911783,5,25.58885782135857,8,5.283282809787327,2.6775640431369845,1.0
NCEP-AirTemp-Africa-2000,NCEP2000_r024_c005,4,29.959667205810547,25.96806526184082,3.9916019439697266,0.15371194980148362,7,30.708706967035923,7,3.962462107340496,2.6775640431369845,1.0
NCEP-AirTemp-Africa-2000,NCEP2000_r024_c005,5,33.06901931762695,29.959667205810547,3.1093521118164062,0.10378460115916645,8,33.2686315398746,6,2.6416414048936643,2.6775640431369845,1.0
NCEP-AirTemp-Africa-2000,NCEP2000_r024_c005,6,35.45832824707031,33.06901931762695,2.3893089294433594,0.07225218584482708,8,33.2686315398746,6,2.6416414048936643,2.6775640431369845,1.0
NCEP-AirTemp-Africa-2000,NCEP2000_r024_c005,7,35.259674072265625,35.45832824707031,-0.1986541748046875,-0.005602468718222805,8,33.2686315398746,4,4.440892098500626e-16,2.6775640431369845,1.0
NCEP-AirTemp-Africa-2000,NCEP2000_r024_c005,8,35.38773727416992,35.259674072265625,0.12806320190429688,0.003632001862576154,8,33.2686315398746,4,4.440892098500626e-16,2.6775640431369845,1.0
NCEP-AirTemp-Africa-2000,NCEP2000_r024_c005,9,33.95399856567383,35.38773727416992,-1.4337387084960938,-0.0405151280905039,8,33.2686315398746,3,-1.3208207024468313,2.6775640431369845,1.0
NCEP-AirTemp-Africa-2000,NCEP2000_r024_c005,10,27.229673385620117,33.95399856567383,-6.724325180053711,-0.1980422178273796,6,28.148782394197248,0,-5.283282809787327,2.6775640431369845,1.0
NCEP-AirTemp-Africa-2000,NCEP2000_r024_c005,11,22.889671325683594,27.229673385620117,-4.340002059936523,-0.15938502083644018,4,23.02893324851989,1,-3.9624621073404946,2.6775640431369845,1.0
NCEP-AirTemp-Africa-2000,NCEP2000_r024_c005,12,20.14129066467285,22.889671325683594,-2.748380661010742,-0.12007077873271571,3,20.469008675681216,2,-2.641641404893663,2.6775640431369845,1.0
NCEP-AirTemp-Africa-2000,NCEP2000_r024_c006,1,18.545166015625,,,,2,17.909084102842538,4,,2.6472536893265524,1.0
NCEP-AirTemp-Africa-2000,NCEP2000_r024_c006,2,19.789661407470703,18.545166015625,1.2444953918457031,0.06710618771474836,3,20.469008675681216,5,1.3208207024468321,2.6472536893265524,1.0
NCEP-AirTemp-Africa-2000,NCEP2000_r024_c006,3,25.33290100097656,19.789661407470703,5.543239593505856,0.2801078542664329,5,25.58885782135857,8,5.283282809787327,2.6472536893265524,1.0
NCEP-AirTemp-Africa-2000,NCEP2000_r024_c006,4,30.008995056152344,25.33290100097656,4.676094055175785,0.18458581016818904,7,30.708706967035923,8,5.283282809787327,2.6472536893265524,1.0
NCEP-AirTemp-Africa-2000,NCEP2000_r024_c006,5,33.20225143432617,30.008995056152344,3.193256378173828,0.10640997381613941,8,33.2686315398746,6,2.6416414048936643,2.6472536893265524,1.0
NCEP-AirTemp-Africa-2000,NCEP2000_r024_c006,6,35.27632522583008,33.20225143432617,2.0740737915039062,0.06246786593994718,8,33.2686315398746,6,2.6416414048936643,2.6472536893265524,1.0
NCEP-AirTemp-Africa-2000,NCEP2000_r024_c006,7,35.1083869934082,35.27632522583008,-0.167938232421875,-0.0047606498507647005,8,33.2686315398746,4,4.440892098500626e-16,2.6472536893265524,1.0
NCEP-AirTemp-Africa-2000,NCEP2000_r024_c006,8,35.101932525634766,35.1083869934082,-0.0064544677734375,-0.0001838440420133617,8,33.2686315398746,4,4.440892098500626e-16,2.6472536893265524,1.0
NCEP-AirTemp-Africa-2000,NCEP2000_r024_c006,9,33.874996185302734,35.101932525634766,-1.2269363403320312,-0.03495352683035345,8,33.2686315398746,3,-1.3208207024468313,2.6472536893265524,1.0
NCEP-AirTemp-Africa-2000,NCEP2000_r024_c006,10,26.87805938720703,33.874996185302734,-6.996936798095703,-0.20655166305617026,6,28.148782394197248,0,-5.283282809787327,2.6472536893265524,1.0
NCEP-AirTemp-Africa-2000,NCEP2000_r024_c006,11,22.647998809814453,26.87805938720703,-4.230060577392578,-0.15737968714385428,4,23.02893324851989,1,-3.9624621073404946,2.6472536893265524,1.0
NCEP-AirTemp-Africa-2000,NCEP2000_r024_c006,12,19.576128005981445,22.647998809814453,-3.071870803833008,-0.13563541881244803,3,20.469008675681216,2,-2.641641404893663,2.6472536893265524,1.0
NCEP-AirTemp-Africa-2000,NCEP2000_r024_c007,1,19.370973587036133,,,,3,20.469008675681216,4,,2.6131036652786612,1.0
NCEP-AirTemp-Africa-2000,NCEP2000_r024_c007,2,19.575178146362305,19.370973587036133,0.20420455932617188,0.010541780897519478,3,20.469008675681216,4,4.440892098500626e-16,2.6131036652786612,1.0
NCEP-AirTemp-Africa-2000,NCEP2000_r024_c007,3,25.32677459716797,19.575178146362305,5.751596450805664,0.29382089949840356,5,25.58885782135857,8,5.283282809787327,2.6131036652786612,1.0
NCEP-AirTemp-Africa-2000,NCEP2000_r024_c007,4,30.763996124267575,25.32677459716797,5.437221527099606,0.21468274636548446,7,30.708706967035923,8,5.283282809787327,2.6131036652786612,1.0
NCEP-AirTemp-Africa-2000,NCEP2000_r024_c007,5,33.812259674072266,30.763996124267575,3.048263549804691,0.09908542237138458,8,33.2686315398746,6,2.6416414048936643,2.6131036652786612,1.0
NCEP-AirTemp-Africa-2000,NCEP2000_r024_c007,6,35.529335021972656,33.812259674072266,1.7170753479003906,0.050782626315184404,8,33.2686315398746,5,1.3208207024468321,2.6131036652786612,1.0
NCEP-AirTemp-Africa-2000,NCEP2000_r024_c007,7,35.35902786254883,35.529335021972656,-0.17030715942382812,-0.004793423781179802,8,33.2686315398746,4,4.440892098500626e-16,2.6131036652786612,1.0
NCEP-AirTemp-Africa-2000,NCEP2000_r024_c007,8,35.3087043762207,35.35902786254883,-0.050323486328125,-0.0014232146461646944,8,33.2686315398746,4,4.440892098500626e-16,2.6131036652786612,1.0
NCEP-AirTemp-Africa-2000,NCEP2000_r024_c007,9,34.17799377441406,35.3087043762207,-1.1307106018066406,-0.03202356534407812,8,33.2686315398746,3,-1.3208207024468313,2.6131036652786612,1.0
NCEP-AirTemp-Africa-2000,NCEP2000_r024_c007,10,27.47999382019043,34.17799377441406,-6.697999954223633,-0.19597405273207735,6,28.148782394197248,0,-5.283282809787327,2.6131036652786612,1.0
NCEP-AirTemp-Africa-2000,NCEP2000_r024_c007,11,23.07266616821289,27.47999382019043,-4.407327651977539,-0.16038313839573481,4,23.02893324851989,1,-3.9624621073404946,2.6131036652786612,1.0
NCEP-AirTemp-Africa-2000,NCEP2000_r024_c007,12,19.828067779541016,23.07266616821289,-3.244598388671875,-0.1406252040842139,3,20.469008675681216,2,-2.641641404893663,2.6131036652786612,1.0
NCEP-AirTemp-Africa-2000,NCEP2000_r024_c008,1,19.751293182373047,,,,3,20.469008675681216,4,,2.5744320442134936,1.0
NCEP-AirTemp-Africa-2000,NCEP2000_r024_c008,2,18.64517593383789,19.751293182373047,-1.1061172485351562,-0.05600226974111779,2,17.909084102842538,3,-1.3208207024468313,2.5744320442134936,1.0
NCEP-AirTemp-Africa-2000,NCEP2000_r024_c008,3,24.520000457763672,18.64517593383789,5.874824523925781,0.3150854969013166,5,25.58885782135857,8,5.283282809787327,2.5744320442134936,1.0
NCEP-AirTemp-Africa-2000,NCEP2000_r024_c008,4,31.253660202026367,24.520000457763672,6.733659744262695,0.27461907090342824,7,30.708706967035923,8,5.283282809787327,2.5744320442134936,1.0
NCEP-AirTemp-Africa-2000,NCEP2000_r024_c008,5,33.569026947021484,31.253660202026367,2.315366744995117,0.07408305875306719,8,33.2686315398746,6,2.6416414048936643,2.5744320442134936,1.0
NCEP-AirTemp-Africa-2000,NCEP2000_r024_c008,6,35.22866439819336,33.569026947021484,1.659637451171875,0.04943954597763911,8,33.2686315398746,5,1.3208207024468321,2.5744320442134936,1.0
NCEP-AirTemp-Africa-2000,NCEP2000_r024_c008,7,34.79741668701172,35.22866439819336,-0.4312477111816406,-0.01224138690888765,8,33.2686315398746,4,4.440892098500626e-16,2.5744320442134936,1.0
NCEP-AirTemp-Africa-2000,NCEP2000_r024_c008,8,35.22257614135742,34.79741668701172,0.4251594543457031,0.012218132689844062,8,33.2686315398746,4,4.440892098500626e-16,2.5744320442134936,1.0
NCEP-AirTemp-Africa-2000,NCEP2000_r024_c008,9,33.64232635498047,35.22257614135742,-1.5802497863769531,-0.04486468508251631,8,33.2686315398746,3,-1.3208207024468313,2.5744320442134936,1.0
NCEP-AirTemp-Africa-2000,NCEP2000_r024_c008,10,27.7309627532959,33.64232635498047,-5.91136360168457,-0.17571209372711652,6,28.148782394197248,0,-5.283282809787327,2.5744320442134936,1.0
NCEP-AirTemp-Africa-2000,NCEP2000_r024_c008,11,22.560667037963867,27.7309627532959,-5.170295715332031,-0.18644486891164744,4,23.02893324851989,0,-5.283282809787327,2.5744320442134936,1.0
NCEP-AirTemp-Africa-2000,NCEP2000_r024_c008,12,19.65355110168457,22.560667037963867,-2.907115936279297,-0.1288577120254184,3,20.469008675681216,2,-2.641641404893663,2.5744320442134936,1.0
NCEP-AirTemp-Africa-2000,NCEP2000_r024_c009,1,20.230968475341797,,,,3,20.469008675681216,4,,2.530419259198934,1.0
NCEP-AirTemp-Africa-2000,NCEP2000_r024_c009,2,17.705869674682617,20.230968475341797,-2.5250988006591797,-0.12481354037681673,2,17.909084102842538,2,-2.641641404893663,2.530419259198934,1.0
NCEP-AirTemp-Africa-2000,NCEP2000_r024_c009,3,23.721294403076172,17.705869674682617,6.015424728393555,0.3397418392271874,4,23.02893324851989,8,5.283282809787327,2.530419259198934,1.0
NCEP-AirTemp-Africa-2000,NCEP2000_r024_c009,4,31.277334213256836,23.721294403076172,7.556039810180664,0.3185340429483814,7,30.708706967035923,8,5.283282809787327,2.530419259198934,1.0
NCEP-AirTemp-Africa-2000,NCEP2000_r024_c009,5,32.84612274169922,31.277334213256836,1.5687885284423828,0.05015736052650724,8,33.2686315398746,5,1.3208207024468321,2.530419259198934,1.0
NCEP-AirTemp-Africa-2000,NCEP2000_r024_c009,6,34.36600112915039,32.84612274169922,1.5198783874511719,0.04627268793347219,8,33.2686315398746,5,1.3208207024468321,2.530419259198934,1.0
NCEP-AirTemp-Africa-2000,NCEP2000_r024_c009,7,33.82902908325195,34.36600112915039,-0.5369720458984375,-0.015625095392403972,8,33.2686315398746,4,4.440892098500626e-16,2.530419259198934,1.0
NCEP-AirTemp-Africa-2000,NCEP2000_r024_c009,8,34.316123962402344,33.82902908325195,0.4870948791503906,0.014398724774266168,8,33.2686315398746,4,4.440892098500626e-16,2.530419259198934,1.0
NCEP-AirTemp-Africa-2000,NCEP2000_r024_c009,9,32.63566207885742,34.316123962402344,-1.6804618835449219,-0.04897003768217181,8,33.2686315398746,3,-1.3208207024468313,2.530419259198934,1.0
NCEP-AirTemp-Africa-2000,NCEP2000_r024_c009,10,28.19322204589844,32.63566207885742,-4.442440032958981,-0.13612225859627822,6,28.148782394197248,1,-3.9624621073404946,2.530419259198934,1.0
NCEP-AirTemp-Africa-2000,NCEP2000_r024_c009,11,22.657331466674805,28.19322204589844,-5.535890579223636,-0.1963553711672696,4,23.02893324851989,0,-5.283282809787327,2.530419259198934,1.0
NCEP-AirTemp-Africa-2000,NCEP2000_r024_c009,12,19.356456756591797,22.657331466674805,-3.300874710083008,-0.14568682613563957,3,20.469008675681216,2,-2.641641404893663,2.530419259198934,1.0
NCEP-AirTemp-Africa-2000,NCEP2000_r024_c010,1,20.73645401000977,,,,3,20.469008675681216,4,,2.480087964611858,1.0
NCEP-AirTemp-Africa-2000,NCEP2000_r024_c010,2,17.067245483398438,20.73645401000977,-3.6692085266113317,-0.17694483950053153,2,17.909084102842538,1,-3.9624621073404946,2.480087964611858,1.0
NCEP-AirTemp-Africa-2000,NCEP2000_r024_c010,3,23.603870391845703,17.067245483398438,6.536624908447266,0.38299237652646045,4,23.02893324851989,8,5.283282809787327,2.480087964611858,1.0
NCEP-AirTemp-Africa-2000,NCEP2000_r024_c010,4,31.2276611328125,23.603870391845703,7.623790740966797,0.32298901046332407,7,30.708706967035923,8,5.283282809787327,2.480087964611858,1.0
NCEP-AirTemp-Africa-2000,NCEP2000_r024_c010,5,33.17451477050781,31.2276611328125,1.9468536376953125,0.06234388254103519,8,33.2686315398746,5,1.3208207024468321,2.480087964611858,1.0
NCEP-AirTemp-Africa-2000,NCEP2000_r024_c010,6,33.7523307800293,33.17451477050781,0.5778160095214844,0.017417466796987295,8,33.2686315398746,4,4.440892098500626e-16,2.480087964611858,1.0
NCEP-AirTemp-Africa-2000,NCEP2000_r024_c010,7,34.127418518066406,33.7523307800293,0.3750877380371094,0.011112943295135121,8,33.2686315398746,4,4.440892098500626e-16,2.480087964611858,1.0
NCEP-AirTemp-Africa-2000,NCEP2000_r024_c010,8,33.75612258911133,34.127418518066406,-0.3712959289550781,-0.010879695713243624,8,33.2686315398746,4,4.440892098500626e-16,2.480087964611858,1.0
NCEP-AirTemp-Africa-2000,NCEP2000_r024_c010,9,32.45433044433594,33.75612258911133,-1.3017921447753906,-0.03856462309433928,8,33.2686315398746,3,-1.3208207024468313,2.480087964611858,1.0
NCEP-AirTemp-Africa-2000,NCEP2000_r024_c010,10,29.060314178466797,32.45433044433594,-3.3940162658691406,-0.10457822482859074,6,28.148782394197248,1,-3.9624621073404946,2.480087964611858,1.0
NCEP-AirTemp-Africa-2000,NCEP2000_r024_c010,11,23.1560001373291,29.060314178466797,-5.904314041137695,-0.20317447378159087,4,23.02893324851989,0,-5.283282809787327,2.480087964611858,1.0
NCEP-AirTemp-Africa-2000,NCEP2000_r024_c010,12,18.72903633117676,23.1560001373291,-4.42696380615234,-0.19117998703997946,2,17.909084102842538,1,-3.9624621073404946,2.480087964611858,1.0
NCEP-AirTemp-Africa-2000,NCEP2000_r024_c011,1,18.883230209350582,,,,2,17.909084102842538,4,,2.42229072180313,0.9403896618780568
NCEP-AirTemp-Africa-2000,NCEP2000_r024_c011,2,15.276900291442873,18.883230209350582,-3.6063299179077095,-0.1909805620079731,1,15.349159530003863,1,-3.9624621073404946,2.42229072180313,0.9403896618780568
NCEP-AirTemp-Africa-2000,NCEP2000_r024_c011,3,22.15290641784668,15.276900291442873,6.876006126403807,0.4500917067747898,4,23.02893324851989,8,5.283282809787327,2.42229072180313,0.9403896618780568
NCEP-AirTemp-Africa-2000,NCEP2000_r024_c011,4,29.62599754333496,22.15290641784668,7.473091125488281,0.33734133953041295,7,30.708706967035923,8,5.283282809787327,2.42229072180313,0.9403896618780568
NCEP-AirTemp-Africa-2000,NCEP2000_r024_c011,5,31.96644592285156,29.62599754333496,2.340448379516598,0.0789998168363156,7,30.708706967035923,6,2.6416414048936643,2.42229072180313,0.9403896618780568
NCEP-AirTemp-Africa-2000,NCEP2000_r024_c011,6,31.633995056152344,31.96644592285156,-0.3324508666992152,-0.0103999946538179,7,30.708706967035923,4,4.440892098500626e-16,2.42229072180313,0.9403896618780568
NCEP-AirTemp-Africa-2000,NCEP2000_r024_c011,7,33.146766662597656,31.633995056152344,1.5127716064453125,0.04782107361906225,8,33.2686315398746,5,1.3208207024468321,2.42229072180313,0.9403896618780568
NCEP-AirTemp-Africa-2000,NCEP2000_r024_c011,8,32.20935821533203,33.146766662597656,-0.937408447265625,-0.028280539601570957,8,33.2686315398746,3,-1.3208207024468313,2.42229072180313,0.9403896618780568
NCEP-AirTemp-Africa-2000,NCEP2000_r024_c011,9,31.11733055114746,32.20935821533203,-1.0920276641845703,-0.033904049155029495,7,30.708706967035923,3,-1.3208207024468313,2.42229072180313,0.9403896618780568
NCEP-AirTemp-Africa-2000,NCEP2000_r024_c011,10,27.935152053833008,31.11733055114746,-3.182178497314453,-0.10226386521439929,6,28.148782394197248,2,-2.641641404893663,2.42229072180313,0.9403896618780568
NCEP-AirTemp-Africa-2000,NCEP2000_r024_c011,11,21.71233367919922,27.935152053833008,-6.222818374633789,-0.22275942377696673,3,20.469008675681216,0,-5.283282809787327,2.42229072180313,0.9403896618780568
NCEP-AirTemp-Africa-2000,NCEP2000_r024_c011,12,17.251619338989258,21.71233367919922,-4.460714340209961,-0.20544610294394106,2,17.909084102842538,1,-3.9624621073404946,2.42229072180313,0.9403896618780568
NCEP-AirTemp-Africa-2000,NCEP2000_r024_c012,1,17.83839225769043,,,,2,17.909084102842538,4,,2.3557183744408845,0.8758084112974832
NCEP-AirTemp-Africa-2000,NCEP2000_r024_c012,2,14.719316482543944,17.83839225769043,-3.119075775146486,-0.17485184371376294,1,15.349159530003863,2,-2.641641404893663,2.3557183744408845,0.8758084112974832
NCEP-AirTemp-Africa-2000,NCEP2000_r024_c012,3,21.98065185546875,14.719316482543944,7.2613353729248065,0.4933201471370108,4,23.02893324851989,8,5.283282809787327,2.3557183744408845,0.8758084112974832
NCEP-AirTemp-Africa-2000,NCEP2000_r024_c012,4,29.753662109375,21.98065185546875,7.77301025390625,0.35362965143239544,7,30.708706967035923,8,5.283282809787327,2.3557183744408845,0.8758084112974832
NCEP-AirTemp-Africa-2000,NCEP2000_r024_c012,5,31.661283493041992,29.753662109375,1.9076213836669922,0.06411383501817496,7,30.708706967035923,5,1.3208207024468321,2.3557183744408845,0.8758084112974832
NCEP-AirTemp-Africa-2000,NCEP2000_r024_c012,6,31.021331787109375,31.661283493041992,-0.6399517059326172,-0.02021243725237025,7,30.708706967035923,4,4.440892098500626e-16,2.3557183744408845,0.8758084112974832
NCEP-AirTemp-Africa-2000,NCEP2000_r024_c012,7,32.400634765625,31.021331787109375,1.379302978515625,0.04446304845908587,8,33.2686315398746,5,1.3208207024468321,2.3557183744408845,0.8758084112974832
NCEP-AirTemp-Africa-2000,NCEP2000_r024_c012,8,31.51225852966309,32.400634765625,-0.8883762359619105,-0.027418482458387537,7,30.708706967035923,3,-1.3208207024468313,2.3557183744408845,0.8758084112974832
NCEP-AirTemp-Africa-2000,NCEP2000_r024_c012,9,30.254663467407227,31.51225852966309,-1.257595062255863,-0.03990812213831214,7,30.708706967035923,3,-1.3208207024468313,2.3557183744408845,0.8758084112974832
NCEP-AirTemp-Africa-2000,NCEP2000_r024_c012,10,27.44257926940918,30.254663467407227,-2.812084197998047,-0.09294713196950452,6,28.148782394197248,2,-2.641641404893663,2.3557183744408845,0.8758084112974832
NCEP-AirTemp-Africa-2000,NCEP2000_r024_c012,11,21.32333755493164,27.44257926940918,-6.119241714477539,-0.22298347594822424,3,20.469008675681216,0,-5.283282809787327,2.3557183744408845,0.8758084112974832
NCEP-AirTemp-Africa-2000,NCEP2000_r024_c012,12,17.265491485595703,21.32333755493164,-4.0578460693359375,-0.19030070029527074,2,17.909084102842538,1,-3.9624621073404946,2.3557183744408845,0.8758084112974832
NCEP-AirTemp-Africa-2000,NCEP2000_r024_c013,1,18.394197463989254,,,,2,17.909084102842538,4,,2.278952118791337,0.8157125777384729
NCEP-AirTemp-Africa-2000,NCEP2000_r024_c013,2,15.314836502075195,18.394197463989254,-3.079360961914059,-0.16740936743462687,1,15.349159530003863,2,-2.641641404893663,2.278952118791337,0.8157125777384729
NCEP-AirTemp-Africa-2000,NCEP2000_r024_c013,3,22.772584915161133,15.314836502075195,7.4577484130859375,0.4869623265044583,4,23.02893324851989,8,5.283282809787327,2.278952118791337,0.8157125777384729
NCEP-AirTemp-Africa-2000,NCEP2000_r024_c013,4,30.39932632446289,22.772584915161133,7.626741409301758,0.33490890198521817,7,30.708706967035923,8,5.283282809787327,2.278952118791337,0.8157125777384729
NCEP-AirTemp-Africa-2000,NCEP2000_r024_c013,5,32.32741928100586,30.39932632446289,1.9280929565429688,0.06342551594610166,8,33.2686315398746,5,1.3208207024468321,2.278952118791337,0.8157125777384729
NCEP-AirTemp-Africa-2000,NCEP2000_r024_c013,6,31.862329483032227,32.32741928100586,-0.4650897979736328,-0.014386852038229316,7,30.708706967035923,4,4.440892098500626e-16,2.278952118791337,0.8157125777384729
NCEP-AirTemp-Africa-2000,NCEP2000_r024_c013,7,32.91612243652344,31.862329483032227,1.053792953491211,0.033073317945958455,8,33.2686315398746,5,1.3208207024468321,2.278952118791337,0.8157125777384729
NCEP-AirTemp-Africa-2000,NCEP2000_r024_c013,8,32.086448669433594,32.91612243652344,-0.8296737670898438,-0.025205695740432812,8,33.2686315398746,3,-1.3208207024468313,2.278952118791337,0.8157125777384729
NCEP-AirTemp-Africa-2000,NCEP2000_r024_c013,9,30.410335540771484,32.086448669433594,-1.6761131286621094,-0.052237414801807575,7,30.708706967035923,3,-1.3208207024468313,2.278952118791337,0.8157125777384729
NCEP-AirTemp-Africa-2000,NCEP2000_r024_c013,10,27.55741310119629,30.410335540771484,-2.8529224395751953,-0.0938142374572043,6,28.148782394197248,2,-2.641641404893663,2.278952118791337,0.8157125777384729
NCEP-AirTemp-Africa-2000,NCEP2000_r024_c013,11,21.49833106994629,27.55741310119629,-6.05908203125,-0.21987121973313853,3,20.469008675681216,0,-5.283282809787327,2.278952118791337,0.8157125777384729
NCEP-AirTemp-Africa-2000,NCEP2000_r024_c013,12,17.2825870513916,21.49833106994629,-4.2157440185546875,-0.1960963390524816,2,17.909084102842538,1,-3.9624621073404946,2.278952118791337,0.8157125777384729
NCEP-AirTemp-Africa-2000,NCEP2000_r024_c014,1,17.446456909179688,,,,2,17.909084102842538,4,,2.190595502544308,0.7611653070858488
NCEP-AirTemp-Africa-2000,NCEP2000_r024_c014,2,14.488970756530762,17.446456909179688,-2.957486152648926,-0.16951786646678987,1,15.349159530003863,2,-2.641641404893663,2.190595502544308,0.7611653070858488
NCEP-AirTemp-Africa-2000,NCEP2000_r024_c014,3,21.16838836669922,14.488970756530762,6.679417610168457,0.4610001443448131,3,20.469008675681216,8,5.283282809787327,2.190595502544308,0.7611653070858488
NCEP-AirTemp-Africa-2000,NCEP2000_r024_c014,4,28.209997177124023,21.16838836669922,7.041608810424805,0.33264737439824293,6,28.148782394197248,8,5.283282809787327,2.190595502544308,0.7611653070858488
NCEP-AirTemp-Africa-2000,NCEP2000_r024_c014,5,30.46160888671875,28.209997177124023,2.2516117095947266,0.0798160912763436,7,30.708706967035923,6,2.6416414048936643,2.190595502544308,0.7611653070858488
NCEP-AirTemp-Africa-2000,NCEP2000_r024_c014,6,30.45766830444336,30.46160888671875,-0.003940582275390625,-0.0001293622503671734,7,30.708706967035923,4,4.440892098500626e-16,2.190595502544308,0.7611653070858488
NCEP-AirTemp-Africa-2000,NCEP2000_r024_c014,7,31.686445236206055,30.45766830444336,1.2287769317626953,0.04034376234846032,7,30.708706967035923,5,1.3208207024468321,2.190595502544308,0.7611653070858488
NCEP-AirTemp-Africa-2000,NCEP2000_r024_c014,8,30.57870864868164,31.686445236206055,-1.107736587524414,-0.03495932027928065,7,30.708706967035923,3,-1.3208207024468313,2.190595502544308,0.7611653070858488
NCEP-AirTemp-Africa-2000,NCEP2000_r024_c014,9,28.926998138427734,30.57870864868164,-1.6517105102539062,-0.05401505110076378,6,28.148782394197248,3,-1.3208207024468313,2.190595502544308,0.7611653070858488
NCEP-AirTemp-Africa-2000,NCEP2000_r024_c014,10,24.86225318908691,28.926998138427734,-4.064744949340824,-0.14051734403581478,5,25.58885782135857,1,-3.9624621073404946,2.190595502544308,0.7611653070858488
NCEP-AirTemp-Africa-2000,NCEP2000_r024_c014,11,19.64966583251953,24.86225318908691,-5.212587356567379,-0.20965868688262748,3,20.469008675681216,0,-5.283282809787327,2.190595502544308,0.7611653070858488
NCEP-AirTemp-Africa-2000,NCEP2000_r024_c014,12,15.339362144470217,19.64966583251953,-4.310303688049315,-0.21935760764521034,1,15.349159530003863,1,-3.9624621073404946,2.190595502544308,0.7611653070858488
NCEP-AirTemp-Africa-2000,NCEP2000_r024_c015,1,15.261619567871094,,,,1,15.349159530003863,4,,2.089532348129183,0.5185185185185185
NCEP-AirTemp-Africa-2000,NCEP2000_r024_c015,2,13.075523376464844,15.261619567871094,-2.18609619140625,-0.14324142871497336,0,12.789234957165185,2,-2.641641404893663,2.089532348129183,0.5185185185185185
NCEP-AirTemp-Africa-2000,NCEP2000_r024_c015,3,18.851295471191406,13.075523376464844,5.7757720947265625,0.44172396992709334,2,17.909084102842538,8,5.283282809787327,2.089532348129183,0.5185185185185185
NCEP-AirTemp-Africa-2000,NCEP2000_r024_c015,4,26.004331588745117,18.851295471191406,7.153036117553711,0.3794453345917259,5,25.58885782135857,8,5.283282809787327,2.089532348129183,0.5185185185185185
NCEP-AirTemp-Africa-2000,NCEP2000_r024_c015,5,28.062253952026367,26.004331588745117,2.05792236328125,0.07913767582366682,6,28.148782394197248,6,2.6416414048936643,2.089532348129183,0.5185185185185185
NCEP-AirTemp-Africa-2000,NCEP2000_r024_c015,6,28.423662185668945,28.062253952026367,0.3614082336425781,0.01287880275976481,6,28.148782394197248,4,4.440892098500626e-16,2.089532348129183,0.5185185185185185
NCEP-AirTemp-Africa-2000,NCEP2000_r024_c015,7,30.186128616333008,28.423662185668945,1.7624664306640625,0.06200701440761875,7,30.708706967035923,5,1.3208207024468321,2.089532348129183,0.5185185185185185
NCEP-AirTemp-Africa-2000,NCEP2000_r024_c015,8,28.60128402709961,30.186128616333008,-1.5848445892333984,-0.05250241292538176,6,28.148782394197248,3,-1.3208207024468313,2.089532348129183,0.5185185185185185
NCEP-AirTemp-Africa-2000,NCEP2000_r024_c015,9,27.38333511352539,28.60128402709961,-1.2179489135742188,-0.042583714508069526,6,28.148782394197248,3,-1.3208207024468313,2.089532348129183,0.5185185185185185
NCEP-AirTemp-Africa-2000,NCEP2000_r024_c015,10,22.114194869995117,27.38333511352539,-5.269140243530273,-0.1924214206080288,4,23.02893324851989,0,-5.283282809787327,2.089532348129183,0.5185185185185185
NCEP-AirTemp-Africa-2000,NCEP2000_r024_c015,11,17.918338775634766,22.114194869995117,-4.195856094360352,-0.18973587413093454,2,17.909084102842538,1,-3.9624621073404946,2.089532348129183,0.5185185185185185
NCEP-AirTemp-Africa-2000,NCEP2000_r024_c015,12,13.82839298248291,17.918338775634766,-4.0899457931518555,-0.2282547419358616,0,12.789234957165185,1,-3.9624621073404946,2.089532348129183,0.5185185185185185
NCEP-AirTemp-Africa-2000,NCEP2000_r024_c016,1,14.533236503601074,,,,1,15.349159530003863,4,,1.9753434527635696,0.6086956521739131
NCEP-AirTemp-Africa-2000,NCEP2000_r024_c016,2,13.754146575927734,14.533236503601074,-0.7790899276733398,-0.05360746228001556,0,12.789234957165185,3,-1.3208207024468313,1.9753434527635696,0.6086956521739131
NCEP-AirTemp-Africa-2000,NCEP2000_r024_c016,3,18.888715744018555,13.754146575927734,5.13456916809082,0.37331063325130276,2,17.909084102842538,8,5.283282809787327,1.9753434527635696,0.6086956521739131
NCEP-AirTemp-Africa-2000,NCEP2000_r024_c016,4,26.20932960510254,18.888715744018555,7.320613861083984,0.38756546290883676,5,25.58885782135857,8,5.283282809787327,1.9753434527635696,0.6086956521739131
NCEP-AirTemp-Africa-2000,NCEP2000_r024_c016,5,28.332260131835938,26.20932960510254,2.1229305267333984,0.08099903960611407,6,28.148782394197248,6,2.6416414048936643,1.9753434527635696,0.6086956521739131
NCEP-AirTemp-Africa-2000,NCEP2000_r024_c016,6,28.9096622467041,28.332260131835938,0.5774021148681641,0.020379670106846087,6,28.148782394197248,4,4.440892098500626e-16,1.9753434527635696,0.6086956521739131
NCEP-AirTemp-Africa-2000,NCEP2000_r024_c016,7,31.320966720581055,28.9096622467041,2.411304473876953,0.0834082547661676,7,30.708706967035923,6,2.6416414048936643,1.9753434527635696,0.6086956521739131
NCEP-AirTemp-Africa-2000,NCEP2000_r024_c016,8,29.44902610778809,31.320966720581055,-1.8719406127929652,-0.059766374055207884,7,30.708706967035923,3,-1.3208207024468313,1.9753434527635696,0.6086956521739131
NCEP-AirTemp-Africa-2000,NCEP2000_r024_c016,9,28.28233528137207,29.44902610778809,-1.1666908264160192,-0.03961729743271463,6,28.148782394197248,3,-1.3208207024468313,1.9753434527635696,0.6086956521739131
NCEP-AirTemp-Africa-2000,NCEP2000_r024_c016,10,22.644515991210938,28.28233528137207,-5.637819290161133,-0.19934065677647336,4,23.02893324851989,0,-5.283282809787327,1.9753434527635696,0.6086956521739131
NCEP-AirTemp-Africa-2000,NCEP2000_r024_c016,11,18.3070068359375,22.644515991210938,-4.3375091552734375,-0.19154788545522297,2,17.909084102842538,1,-3.9624621073404946,1.9753434527635696,0.6086956521739131
NCEP-AirTemp-Africa-2000,NCEP2000_r024_c016,12,14.490326881408691,18.3070068359375,-3.8166799545288086,-0.20848192108807703,1,15.349159530003863,1,-3.9624621073404946,1.9753434527635696,0.6086956521739131
NCEP-AirTemp-Africa-2000,NCEP2000_r024_c017,1,14.839038848876951,,,,1,15.349159530003863,4,,1.848844554577358,0.6086956521739131
NCEP-AirTemp-Africa-2000,NCEP2000_r024_c017,2,15.138625144958496,14.839038848876951,0.29958629608154475,0.020189063397742776,1,15.349159530003863,4,4.440892098500626e-16,1.848844554577358,0.6086956521739131
NCEP-AirTemp-Africa-2000,NCEP2000_r024_c017,3,19.388715744018555,15.138625144958496,4.250090599060059,0.2807448205080522,3,20.469008675681216,7,3.962462107340496,1.848844554577358,0.6086956521739131
NCEP-AirTemp-Africa-2000,NCEP2000_r024_c017,4,26.707334518432617,19.388715744018555,7.3186187744140625,0.3774679494526019,5,25.58885782135857,8,5.283282809787327,1.848844554577358,0.6086956521739131
NCEP-AirTemp-Africa-2000,NCEP2000_r024_c017,5,29.245485305786133,26.707334518432617,2.5381507873535156,0.09503572082799047,6,28.148782394197248,6,2.6416414048936643,1.848844554577358,0.6086956521739131
NCEP-AirTemp-Africa-2000,NCEP2000_r024_c017,6,30.07133674621582,29.245485305786133,0.8258514404296875,0.02823859586512983,7,30.708706967035923,5,1.3208207024468321,1.848844554577358,0.6086956521739131
NCEP-AirTemp-Africa-2000,NCEP2000_r024_c017,7,32.47935104370117,30.07133674621582,2.4080142974853516,0.08007672947190737,8,33.2686315398746,6,2.6416414048936643,1.848844554577358,0.6086956521739131
NCEP-AirTemp-Africa-2000,NCEP2000_r024_c017,8,30.386768341064453,32.47935104370117,-2.0925827026367188,-0.06442809463222142,7,30.708706967035923,2,-2.641641404893663,1.848844554577358,0.6086956521739131
NCEP-AirTemp-Africa-2000,NCEP2000_r024_c017,9,29.425331115722656,30.386768341064453,-0.9614372253417969,-0.031639995887371736,6,28.148782394197248,3,-1.3208207024468313,1.848844554577358,0.6086956521739131
NCEP-AirTemp-Africa-2000,NCEP2000_r024_c017,10,23.53000259399414,29.425331115722656,-5.895328521728516,-0.20034875728479062,4,23.02893324851989,0,-5.283282809787327,1.848844554577358,0.6086956521739131
NCEP-AirTemp-Africa-2000,NCEP2000_r024_c017,11,19.12700462341309,23.53000259399414,-4.402997970581051,-0.18712271505252123,2,17.909084102842538,1,-3.9624621073404946,1.848844554577358,0.6086956521739131
NCEP-AirTemp-Africa-2000,NCEP2000_r024_c017,12,15.126782417297363,19.12700462341309,-4.000222206115726,-0.20914002400663992,1,15.349159530003863,1,-3.9624621073404946,1.848844554577358,0.6086956521739131
NCEP-AirTemp-Africa-2000,NCEP2000_r024_c018,1,14.021623611450195,,,,0,12.789234957165185,4,,1.712560129884791,0.5599999999999999
NCEP-AirTemp-Africa-2000,NCEP2000_r024_c018,2,14.613454818725586,14.021623611450195,0.5918312072753906,0.04220846484511932,1,15.349159530003863,4,4.440892098500626e-16,1.712560129884791,0.5599999999999999
NCEP-AirTemp-Africa-2000,NCEP2000_r024_c018,3,18.418392181396484,14.613454818725586,3.8049373626708984,0.2603721987626962,2,17.909084102842538,7,3.962462107340496,1.712560129884791,0.5599999999999999
NCEP-AirTemp-Africa-2000,NCEP2000_r024_c018,4,26.071998596191406,18.418392181396484,7.653606414794922,0.4155415054374537,5,25.58885782135857,8,5.283282809787327,1.712560129884791,0.5599999999999999
NCEP-AirTemp-Africa-2000,NCEP2000_r024_c018,5,28.71322250366211,26.071998596191406,2.641223907470703,0.10130500343984111,6,28.148782394197248,6,2.6416414048936643,1.712560129884791,0.5599999999999999
NCEP-AirTemp-Africa-2000,NCEP2000_r024_c018,6,29.66499900817871,28.71322250366211,0.9517765045166016,0.03314767279761828,7,30.708706967035923,5,1.3208207024468321,1.712560129884791,0.5599999999999999
NCEP-AirTemp-Africa-2000,NCEP2000_r024_c018,7,32.19612503051758,29.66499900817871,2.531126022338867,0.08532365100167473,8,33.2686315398746,6,2.6416414048936643,1.712560129884791,0.5599999999999999
NCEP-AirTemp-Africa-2000,NCEP2000_r024_c018,8,29.797740936279297,32.19612503051758,-2.3983840942382812,-0.07449294261234658,7,30.708706967035923,2,-2.641641404893663,1.712560129884791,0.5599999999999999
NCEP-AirTemp-Africa-2000,NCEP2000_r024_c018,9,29.27399253845215,29.797740936279297,-0.5237483978271484,-0.01757678204354999,6,28.148782394197248,4,4.440892098500626e-16,1.712560129884791,0.5599999999999999
NCEP-AirTemp-Africa-2000,NCEP2000_r024_c018,10,22.813228607177734,29.27399253845215,-6.460763931274414,-0.22069978745769075,4,23.02893324851989,0,-5.283282809787327,1.712560129884791,0.5599999999999999
NCEP-AirTemp-Africa-2000,NCEP2000_r024_c018,11,18.66633415222168,22.813228607177734,-4.146894454956055,-0.18177586900835754,2,17.909084102842538,1,-3.9624621073404946,1.712560129884791,0.5599999999999999
NCEP-AirTemp-Africa-2000,NCEP2000_r024_c018,12,14.355814933776855,18.66633415222168,-4.310519218444824,-0.23092478594313515,1,15.349159530003863,1,-3.9624621073404946,1.712560129884791,0.5599999999999999
NCEP-AirTemp-Africa-2000,NCEP2000_r024_c019,1,14.777750968933104,,,,1,15.349159530003863,4,,1.5707963267948966,0.6086956521739131
NCEP-AirTemp-Africa-2000,NCEP2000_r024_c019,2,15.64690399169922,14.777750968933104,0.8691530227661168,0.05881497290036322,1,15.349159530003863,5,1.3208207024468321,1.5707963267948966,0.6086956521739131
NCEP-AirTemp-Africa-2000,NCEP2000_r024_c019,3,19.47129821777344,15.64690399169922,3.8243942260742205,0.24441859093039014,3,20.469008675681216,7,3.962462107340496,1.5707963267948966,0.6086956521739131
NCEP-AirTemp-Africa-2000,NCEP2000_r024_c019,4,27.236330032348633,19.47129821777344,7.765031814575192,0.39879373874964613,6,28.148782394197248,8,5.283282809787327,1.5707963267948966,0.6086956521739131
NCEP-AirTemp-Africa-2000,NCEP2000_r024_c019,5,29.87386703491211,27.236330032348633,2.6375370025634766,0.09683892798445567,7,30.708706967035923,6,2.6416414048936643,1.5707963267948966,0.6086956521739131
NCEP-AirTemp-Africa-2000,NCEP2000_r024_c019,6,30.644330978393555,29.87386703491211,0.7704639434814453,0.02579056613531292,7,30.708706967035923,5,1.3208207024468321,1.5707963267948966,0.6086956521739131
NCEP-AirTemp-Africa-2000,NCEP2000_r024_c019,7,33.65934371948242,30.644330978393555,3.015012741088867,0.09838729203175187,8,33.2686315398746,6,2.6416414048936643,1.5707963267948966,0.6086956521739131
NCEP-AirTemp-Africa-2000,NCEP2000_r024_c019,8,31.19386863708496,33.65934371948242,-2.465475082397461,-0.07324786552419961,7,30.708706967035923,2,-2.641641404893663,1.5707963267948966,0.6086956521739131
NCEP-AirTemp-Africa-2000,NCEP2000_r024_c019,9,30.73099708557129,31.19386863708496,-0.4628715515136719,-0.014838542692437484,7,30.708706967035923,4,4.440892098500626e-16,1.5707963267948966,0.6086956521739131
NCEP-AirTemp-Africa-2000,NCEP2000_r024_c019,10,24.18128776550293,30.73099708557129,-6.549709320068359,-0.213130387596293,4,23.02893324851989,0,-5.283282809787327,1.5707963267948966,0.6086956521739131
NCEP-AirTemp-Africa-2000,NCEP2000_r024_c019,11,19.79633903503418,24.18128776550293,-4.38494873046875,-0.18133644382348926,3,20.469008675681216,1,-3.9624621073404946,1.5707963267948966,0.6086956521739131
NCEP-AirTemp-Africa-2000,NCEP2000_r024_c019,12,15.4003324508667,19.79633903503418,-4.3960065841674805,-0.22206159312526091,1,15.349159530003863,1,-3.9624621073404946,1.5707963267948966,0.6086956521739131
NCEP-AirTemp-Africa-2000,NCEP2000_r024_c020,1,17.052907943725586,,,,2,17.909084102842538,4,,1.4290325237050023,0.608695652173913
NCEP-AirTemp-Africa-2000,NCEP2000_r024_c020,2,18.577939987182617,17.052907943725586,1.5250320434570312,0.08942944209220038,2,17.909084102842538,5,1.3208207024468321,1.4290325237050023,0.608695652173913
NCEP-AirTemp-Africa-2000,NCEP2000_r024_c020,3,22.028066635131836,18.577939987182617,3.4501266479492188,0.18571093729065477,4,23.02893324851989,7,3.962462107340496,1.4290325237050023,0.608695652173913
NCEP-AirTemp-Africa-2000,NCEP2000_r024_c020,4,29.33133125305176,22.028066635131836,7.303264617919925,0.33154360475159406,6,28.148782394197248,8,5.283282809787327,1.4290325237050023,0.608695652173913
NCEP-AirTemp-Africa-2000,NCEP2000_r024_c020,5,32.25676727294922,29.33133125305176,2.9254360198974574,0.09973758076845156,8,33.2686315398746,6,2.6416414048936643,1.4290325237050023,0.608695652173913
NCEP-AirTemp-Africa-2000,NCEP2000_r024_c020,6,33.011661529541016,32.25676727294922,0.7548942565917969,0.02340266308164294,8,33.2686315398746,5,1.3208207024468321,1.4290325237050023,0.608695652173913
NCEP-AirTemp-Africa-2000,NCEP2000_r024_c020,7,35.8935432434082,33.011661529541016,2.8818817138671875,0.08729889924771855,8,33.2686315398746,6,2.6416414048936643,1.4290325237050023,0.608695652173913
NCEP-AirTemp-Africa-2000,NCEP2000_r024_c020,8,33.96193313598633,35.8935432434082,-1.931610107421875,-0.05381497430674004,8,33.2686315398746,3,-1.3208207024468313,1.4290325237050023,0.608695652173913
NCEP-AirTemp-Africa-2000,NCEP2000_r024_c020,9,33.14933395385742,33.96193313598633,-0.8125991821289062,-0.023926764677240055,8,33.2686315398746,3,-1.3208207024468313,1.4290325237050023,0.608695652173913
NCEP-AirTemp-Africa-2000,NCEP2000_r024_c020,10,27.276765823364254,33.14933395385742,-5.872568130493168,-0.17715493586289102,6,28.148782394197248,0,-5.283282809787327,1.4290325237050023,0.608695652173913
NCEP-AirTemp-Africa-2000,NCEP2000_r024_c020,11,22.697004318237305,27.276765823364254,-4.57976150512695,-0.16789972589800575,4,23.02893324851989,1,-3.9624621073404946,1.4290325237050023,0.608695652173913
NCEP-AirTemp-Africa-2000,NCEP2000_r024_c020,12,18.012907028198242,22.697004318237305,-4.6840972900390625,-0.20637513322739848,2,17.909084102842538,0,-5.283282809787327,1.4290325237050023,0.608695652173913
NCEP-AirTemp-Africa-2000,NCEP2000_r024_c021,1,17.245168685913086,,,,2,17.909084102842538,4,,1.2927480990124351,0.7999999999999998
NCEP-AirTemp-Africa-2000,NCEP2000_r024_c021,2,19.175865173339844,17.245168685913086,1.9306964874267578,0.11195579020365683,2,17.909084102842538,5,1.3208207024468321,1.2927480990124351,0.7999999999999998
NCEP-AirTemp-Africa-2000,NCEP2000_r024_c021,3,22.141618728637695,19.175865173339844,2.9657535552978516,0.15466074299589525,4,23.02893324851989,6,2.6416414048936643,1.2927480990124351,0.7999999999999998
NCEP-AirTemp-Africa-2000,NCEP2000_r024_c021,4,29.255992889404297,22.141618728637695,7.114374160766602,0.32131228741487444,6,28.148782394197248,8,5.283282809787327,1.2927480990124351,0.7999999999999998
NCEP-AirTemp-Africa-2000,NCEP2000_r024_c021,5,32.43289566040039,29.255992889404297,3.1769027709960938,0.1085898121115103,8,33.2686315398746,6,2.6416414048936643,1.2927480990124351,0.7999999999999998
NCEP-AirTemp-Africa-2000,NCEP2000_r024_c021,6,33.50499725341797,32.43289566040039,1.0721015930175781,0.03305599365050166,8,33.2686315398746,5,1.3208207024468321,1.2927480990124351,0.7999999999999998
NCEP-AirTemp-Africa-2000,NCEP2000_r024_c021,7,35.774837493896484,33.50499725341797,2.2698402404785156,0.06774631925233066,8,33.2686315398746,6,2.6416414048936643,1.2927480990124351,0.7999999999999998
NCEP-AirTemp-Africa-2000,NCEP2000_r024_c021,8,34.20967483520508,35.774837493896484,-1.5651626586914062,-0.043750377872672025,8,33.2686315398746,3,-1.3208207024468313,1.2927480990124351,0.7999999999999998
NCEP-AirTemp-Africa-2000,NCEP2000_r024_c021,9,32.99199295043945,34.20967483520508,-1.217681884765625,-0.03559466410106044,8,33.2686315398746,3,-1.3208207024468313,1.2927480990124351,0.7999999999999998
NCEP-AirTemp-Africa-2000,NCEP2000_r024_c021,10,27.65966796875,32.99199295043945,-5.332324981689453,-0.16162482180751153,6,28.148782394197248,0,-5.283282809787327,1.2927480990124351,0.7999999999999998
NCEP-AirTemp-Africa-2000,NCEP2000_r024_c021,11,23.204998016357425,27.65966796875,-4.454669952392575,-0.16105290770031938,4,23.02893324851989,1,-3.9624621073404946,1.2927480990124351,0.7999999999999998
NCEP-AirTemp-Africa-2000,NCEP2000_r024_c021,12,18.866775512695312,23.204998016357425,-4.338222503662113,-0.18695207388529222,2,17.909084102842538,1,-3.9624621073404946,1.2927480990124351,0.7999999999999998
NCEP-AirTemp-Africa-2000,NCEP2000_r024_c022,1,18.41709899902344,,,,2,17.909084102842538,4,,1.1662492008262235,0.857142857142857
NCEP-AirTemp-Africa-2000,NCEP2000_r024_c022,2,19.54207420349121,18.41709899902344,1.1249752044677699,0.061083192555321617,3,20.469008675681216,5,1.3208207024468321,1.1662492008262235,0.857142857142857
NCEP-AirTemp-Africa-2000,NCEP2000_r024_c022,3,21.82548713684082,19.54207420349121,2.2834129333496094,0.11684598623321547,4,23.02893324851989,6,2.6416414048936643,1.1662492008262235,0.857142857142857
NCEP-AirTemp-Africa-2000,NCEP2000_r024_c022,4,28.461666107177734,21.82548713684082,6.636178970336914,0.30405639648405497,6,28.148782394197248,8,5.283282809787327,1.1662492008262235,0.857142857142857
NCEP-AirTemp-Africa-2000,NCEP2000_r024_c022,5,31.25580406188965,28.461666107177734,2.794137954711914,0.09817197433874968,7,30.708706967035923,6,2.6416414048936643,1.1662492008262235,0.857142857142857
NCEP-AirTemp-Africa-2000,NCEP2000_r024_c022,6,32.799659729003906,31.25580406188965,1.5438556671142578,0.04939420736248754,8,33.2686315398746,5,1.3208207024468321,1.1662492008262235,0.857142857142857
NCEP-AirTemp-Africa-2000,NCEP2000_r024_c022,7,34.664833068847656,32.799659729003906,1.86517333984375,0.056865630779529844,8,33.2686315398746,5,1.3208207024468321,1.1662492008262235,0.857142857142857
NCEP-AirTemp-Africa-2000,NCEP2000_r024_c022,8,32.633544921875,34.664833068847656,-2.0312881469726562,-0.058597949770544826,8,33.2686315398746,2,-2.641641404893663,1.1662492008262235,0.857142857142857
NCEP-AirTemp-Africa-2000,NCEP2000_r024_c022,9,31.878992080688477,32.633544921875,-0.7545528411865234,-0.02312200047506116,7,30.708706967035923,3,-1.3208207024468313,1.1662492008262235,0.857142857142857
NCEP-AirTemp-Africa-2000,NCEP2000_r024_c022,10,26.971609115600582,31.878992080688477,-4.907382965087894,-0.15393783318703694,6,28.148782394197248,0,-5.283282809787327,1.1662492008262235,0.857142857142857
NCEP-AirTemp-Africa-2000,NCEP2000_r024_c022,11,22.955331802368164,26.971609115600582,-4.016277313232418,-0.14890759005214016,4,23.02893324851989,1,-3.9624621073404946,1.1662492008262235,0.857142857142857
NCEP-AirTemp-Africa-2000,NCEP2000_r024_c022,12,19.84258270263672,22.955331802368164,-3.1127490997314453,-0.13560026605280093,3,20.469008675681216,2,-2.641641404893663,1.1662492008262235,0.857142857142857
NCEP-AirTemp-Africa-2000,NCEP2000_r025_c002,1,17.860008239746094,,,,2,17.909084102842538,4,,2.701383094000283,1.0
NCEP-AirTemp-Africa-2000,NCEP2000_r025_c002,2,21.085865020751953,17.860008239746094,3.2258567810058594,0.18061899735448944,3,20.469008675681216,6,2.6416414048936643,2.701383094000283,1.0
NCEP-AirTemp-Africa-2000,NCEP2000_r025_c002,3,23.757097244262695,21.085865020751953,2.671232223510742,0.12668354942430918,4,23.02893324851989,6,2.6416414048936643,2.701383094000283,1.0
NCEP-AirTemp-Africa-2000,NCEP2000_r025_c002,4,23.452335357666016,23.757097244262695,-0.3047618865966797,-0.012828245953755113,4,23.02893324851989,4,4.440892098500626e-16,2.701383094000283,1.0
NCEP-AirTemp-Africa-2000,NCEP2000_r025_c002,5,24.740966796875,23.452335357666016,1.2886314392089844,0.054946828090097266,5,25.58885782135857,5,1.3208207024468321,2.701383094000283,1.0
NCEP-AirTemp-Africa-2000,NCEP2000_r025_c002,6,30.599998474121097,24.740966796875,5.859031677246097,0.23681498485282088,7,30.708706967035923,8,5.283282809787327,2.701383094000283,1.0
NCEP-AirTemp-Africa-2000,NCEP2000_r025_c002,7,29.83257293701172,30.599998474121097,-0.7674255371093786,-0.025079267169192915,7,30.708706967035923,3,-1.3208207024468313,2.701383094000283,1.0
NCEP-AirTemp-Africa-2000,NCEP2000_r025_c002,8,30.88773536682129,29.83257293701172,1.0551624298095703,0.035369474568533954,7,30.708706967035923,5,1.3208207024468321,2.701383094000283,1.0
NCEP-AirTemp-Africa-2000,NCEP2000_r025_c002,9,29.65899658203125,30.88773536682129,-1.228738784790039,-0.039780798760336265,7,30.708706967035923,3,-1.3208207024468313,2.701383094000283,1.0
NCEP-AirTemp-Africa-2000,NCEP2000_r025_c002,10,24.994516372680664,29.65899658203125,-4.664480209350586,-0.15727033099213267,5,25.58885782135857,0,-5.283282809787327,2.701383094000283,1.0
NCEP-AirTemp-Africa-2000,NCEP2000_r025_c002,11,21.529003143310547,24.994516372680664,-3.465513229370117,-0.13865094157844834,3,20.469008675681216,1,-3.9624621073404946,2.701383094000283,1.0
NCEP-AirTemp-Africa-2000,NCEP2000_r025_c002,12,19.5903263092041,21.529003143310547,-1.9386768341064453,-0.09004954020403994,3,20.469008675681216,3,-1.3208207024468313,2.701383094000283,1.0
NCEP-AirTemp-Africa-2000,NCEP2000_r025_c003,1,16.503232955932617,,,,1,15.349159530003863,4,,2.6775640431369845,1.0
NCEP-AirTemp-Africa-2000,NCEP2000_r025_c003,2,20.626554489135746,16.503232955932617,4.1233215332031286,0.2498493200825156,3,20.469008675681216,7,3.962462107340496,2.6775640431369845,1.0
NCEP-AirTemp-Africa-2000,NCEP2000_r025_c003,3,24.77676773071289,20.626554489135746,4.150213241577145,0.20120729537078585,5,25.58885782135857,7,3.962462107340496,2.6775640431369845,1.0
NCEP-AirTemp-Africa-2000,NCEP2000_r025_c003,4,25.637998580932617,24.77676773071289,0.8612308502197266,0.03475961269767074,5,25.58885782135857,5,1.3208207024468321,2.6775640431369845,1.0
NCEP-AirTemp-Africa-2000,NCEP2000_r025_c003,5,27.77063751220703,25.637998580932617,2.132638931274414,0.08318273848647809,6,28.148782394197248,6,2.6416414048936643,2.6775640431369845,1.0
NCEP-AirTemp-Africa-2000,NCEP2000_r025_c003,6,35.04566192626953,27.77063751220703,7.2750244140625,0.26196821772149254,8,33.2686315398746,8,5.283282809787327,2.6775640431369845,1.0
NCEP-AirTemp-Africa-2000,NCEP2000_r025_c003,7,34.92418670654297,35.04566192626953,-0.1214752197265625,-0.003466198469360543,8,33.2686315398746,4,4.440892098500626e-16,2.6775640431369845,1.0
NCEP-AirTemp-Africa-2000,NCEP2000_r025_c003,8,34.970638275146484,34.92418670654297,0.046451568603515625,0.0013300687284097305,8,33.2686315398746,4,4.440892098500626e-16,2.6775640431369845,1.0
NCEP-AirTemp-Africa-2000,NCEP2000_r025_c003,9,32.5643310546875,34.970638275146484,-2.4063072204589844,-0.06880935948398571,8,33.2686315398746,2,-2.641641404893663,2.6775640431369845,1.0
NCEP-AirTemp-Africa-2000,NCEP2000_r025_c003,10,25.359996795654297,32.5643310546875,-7.204334259033203,-0.22123390917917132,5,25.58885782135857,0,-5.283282809787327,2.6775640431369845,1.0
NCEP-AirTemp-Africa-2000,NCEP2000_r025_c003,11,21.134334564208984,25.359996795654297,-4.2256622314453125,-0.16662708065363102,3,20.469008675681216,1,-3.9624621073404946,2.6775640431369845,1.0
NCEP-AirTemp-Africa-2000,NCEP2000_r025_c003,12,18.41161346435547,21.134334564208984,-2.7227210998535156,-0.12882927974767874,2,17.909084102842538,2,-2.641641404893663,2.6775640431369845,1.0
NCEP-AirTemp-Africa-2000,NCEP2000_r025_c004,1,15.845492362976074,,,,1,15.349159530003863,4,,2.651239832181856,1.0
NCEP-AirTemp-Africa-2000,NCEP2000_r025_c004,2,19.514488220214844,15.845492362976074,3.6689958572387695,0.23154823928422663,3,20.469008675681216,7,3.962462107340496,2.651239832181856,1.0
NCEP-AirTemp-Africa-2000,NCEP2000_r025_c004,3,24.30677032470703,19.514488220214844,4.7922821044921875,0.24557559749519411,4,23.02893324851989,8,5.283282809787327,2.651239832181856,1.0
NCEP-AirTemp-Africa-2000,NCEP2000_r025_c004,4,26.34267234802246,24.30677032470703,2.0359020233154297,0.08375863992288611,5,25.58885782135857,6,2.6416414048936643,2.651239832181856,1.0
NCEP-AirTemp-Africa-2000,NCEP2000_r025_c004,5,29.15548324584961,26.34267234802246,2.8128108978271484,0.10677773540459747,6,28.148782394197248,6,2.6416414048936643,2.651239832181856,1.0
NCEP-AirTemp-Africa-2000,NCEP2000_r025_c004,6,34.6523323059082,29.15548324584961,5.496849060058594,0.1885356868794514,8,33.2686315398746,8,5.283282809787327,2.651239832181856,1.0
NCEP-AirTemp-Africa-2000,NCEP2000_r025_c004,7,35.703861236572266,34.6523323059082,1.0515289306640625,0.030345112743963194,8,33.2686315398746,5,1.3208207024468321,2.651239832181856,1.0
NCEP-AirTemp-Africa-2000,NCEP2000_r025_c004,8,35.2328987121582,35.703861236572266,-0.4709625244140625,-0.013190800885469638,8,33.2686315398746,4,4.440892098500626e-16,2.651239832181856,1.0
NCEP-AirTemp-Africa-2000,NCEP2000_r025_c004,9,32.29899215698242,35.2328987121582,-2.9339065551757812,-0.08327179035551072,8,33.2686315398746,2,-2.641641404893663,2.651239832181856,1.0
NCEP-AirTemp-Africa-2000,NCEP2000_r025_c004,10,24.59032440185547,32.29899215698242,-7.708667755126953,-0.23866589142040728,5,25.58885782135857,0,-5.283282809787327,2.651239832181856,1.0
NCEP-AirTemp-Africa-2000,NCEP2000_r025_c004,11,20.98900604248047,24.59032440185547,-3.601318359375,-0.14645265757873702,3,20.469008675681216,1,-3.9624621073404946,2.651239832181856,1.0
NCEP-AirTemp-Africa-2000,NCEP2000_r025_c004,12,18.367101669311523,20.98900604248047,-2.6219043731689453,-0.12491798648599037,2,17.909084102842538,2,-2.641641404893663,2.651239832181856,1.0
NCEP-AirTemp-Africa-2000,NCEP2000_r025_c005,1,16.139041900634766,,,,1,15.349159530003863,4,,2.62203624812754,1.0
NCEP-AirTemp-Africa-2000,NCEP2000_r025_c005,2,19.12724494934082,16.139041900634766,2.9882030487060547,0.1851536830441295,2,17.909084102842538,6,2.6416414048936643,2.62203624812754,1.0
NCEP-AirTemp-Africa-2000,NCEP2000_r025_c005,3,24.807416915893555,19.12724494934082,5.680171966552734,0.29696759682833934,5,25.58885782135857,8,5.283282809787327,2.62203624812754,1.0
NCEP-AirTemp-Africa-2000,NCEP2000_r025_c005,4,27.95966911315918,24.807416915893555,3.152252197265625,0.12706894103295566,6,28.148782394197248,6,2.6416414048936643,2.62203624812754,1.0
NCEP-AirTemp-Africa-2000,NCEP2000_r025_c005,5,31.471935272216797,27.95966911315918,3.512266159057617,0.12561901733681727,7,30.708706967035923,7,3.962462107340496,2.62203624812754,1.0
NCEP-AirTemp-Africa-2000,NCEP2000_r025_c005,6,34.916996002197266,31.471935272216797,3.4450607299804688,0.10946453404223108,8,33.2686315398746,7,3.962462107340496,2.62203624812754,1.0
NCEP-AirTemp-Africa-2000,NCEP2000_r025_c005,7,36.4503173828125,34.916996002197266,1.5333213806152344,0.04391332463189975,8,33.2686315398746,5,1.3208207024468321,2.62203624812754,1.0
NCEP-AirTemp-Africa-2000,NCEP2000_r025_c005,8,36.02580261230469,36.4503173828125,-0.4245147705078125,-0.011646394352329698,8,33.2686315398746,4,4.440892098500626e-16,2.62203624812754,1.0
NCEP-AirTemp-Africa-2000,NCEP2000_r025_c005,9,32.93132781982422,36.02580261230469,-3.0944747924804688,-0.08589606804272959,8,33.2686315398746,2,-2.641641404893663,2.62203624812754,1.0
NCEP-AirTemp-Africa-2000,NCEP2000_r025_c005,10,24.98031997680664,32.93132781982422,-7.951007843017578,-0.2414420665488981,5,25.58885782135857,0,-5.283282809787327,2.62203624812754,1.0
NCEP-AirTemp-Africa-2000,NCEP2000_r025_c005,11,21.781002044677734,24.98031997680664,-3.1993179321289062,-0.12807353689221604,4,23.02893324851989,2,-2.641641404893663,2.62203624812754,1.0
NCEP-AirTemp-Africa-2000,NCEP2000_r025_c005,12,18.752906799316406,21.781002044677734,-3.028095245361328,-0.139024606817906,2,17.909084102842538,2,-2.641641404893663,2.62203624812754,1.0
NCEP-AirTemp-Africa-2000,NCEP2000_r025_c006,1,16.218717575073242,,,,1,15.349159530003863,4,,2.5895125494708324,1.0
NCEP-AirTemp-Africa-2000,NCEP2000_r025_c006,2,18.793798446655273,16.218717575073242,2.5750808715820312,0.1587721630679177,2,17.909084102842538,6,2.6416414048936643,2.5895125494708324,1.0
NCEP-AirTemp-Africa-2000,NCEP2000_r025_c006,3,25.16258430480957,18.793798446655273,6.368785858154297,0.33887699052597575,5,25.58885782135857,8,5.283282809787327,2.5895125494708324,1.0
NCEP-AirTemp-Africa-2000,NCEP2000_r025_c006,4,28.89500617980957,25.16258430480957,3.732421875,0.14833221539516456,6,28.148782394197248,7,3.962462107340496,2.5895125494708324,1.0
NCEP-AirTemp-Africa-2000,NCEP2000_r025_c006,5,32.77483367919922,28.89500617980957,3.8798274993896484,0.13427328844458541,8,33.2686315398746,7,3.962462107340496,2.5895125494708324,1.0
NCEP-AirTemp-Africa-2000,NCEP2000_r025_c006,6,35.31465148925781,32.77483367919922,2.5398178100585938,0.07749292749792068,8,33.2686315398746,6,2.6416414048936643,2.5895125494708324,1.0
NCEP-AirTemp-Africa-2000,NCEP2000_r025_c006,7,37.18967056274414,35.31465148925781,1.8750190734863281,0.05309465036223508,8,33.2686315398746,5,1.3208207024468321,2.5895125494708324,1.0
NCEP-AirTemp-Africa-2000,NCEP2000_r025_c006,8,36.604190826416016,37.18967056274414,-0.585479736328125,-0.01574307401675794,8,33.2686315398746,4,4.440892098500626e-16,2.5895125494708324,1.0
NCEP-AirTemp-Africa-2000,NCEP2000_r025_c006,9,33.709999084472656,36.604190826416016,-2.8941917419433594,-0.07906722363207434,8,33.2686315398746,2,-2.641641404893663,2.5895125494708324,1.0
NCEP-AirTemp-Africa-2000,NCEP2000_r025_c006,10,25.391929626464844,33.709999084472656,-8.318069458007812,-0.24675377288394063,5,25.58885782135857,0,-5.283282809787327,2.5895125494708324,1.0
NCEP-AirTemp-Africa-2000,NCEP2000_r025_c006,11,22.38500213623047,25.391929626464844,-3.006927490234375,-0.11842059798009177,4,23.02893324851989,2,-2.641641404893663,2.5895125494708324,1.0
NCEP-AirTemp-Africa-2000,NCEP2000_r025_c006,12,18.524518966674805,22.38500213623047,-3.860483169555664,-0.17245846777505608,2,17.909084102842538,1,-3.9624621073404946,2.5895125494708324,1.0
NCEP-AirTemp-Africa-2000,NCEP2000_r025_c007,1,16.884843826293945,,,,2,17.909084102842538,4,,2.553150478079379,1.0
NCEP-AirTemp-Africa-2000,NCEP2000_r025_c007,2,18.85276222229004,16.884843826293945,1.9679183959960938,0.11654939875319133,2,17.909084102842538,5,1.3208207024468321,2.553150478079379,1.0
NCEP-AirTemp-Africa-2000,NCEP2000_r025_c007,3,25.402578353881836,18.85276222229004,6.549816131591797,0.34741944200875796,5,25.58885782135857,8,5.283282809787327,2.553150478079379,1.0
NCEP-AirTemp-Africa-2000,NCEP2000_r025_c007,4,30.014333724975582,25.402578353881836,4.6117553710937464,0.18154674328123907,7,30.708706967035923,7,3.962462107340496,2.553150478079379,1.0
NCEP-AirTemp-Africa-2000,NCEP2000_r025_c007,5,33.82902908325195,30.014333724975582,3.8146953582763707,0.1270957867407891,8,33.2686315398746,7,3.962462107340496,2.553150478079379,1.0
NCEP-AirTemp-Africa-2000,NCEP2000_r025_c007,6,35.84233474731445,33.82902908325195,2.0133056640625,0.059514142694069974,8,33.2686315398746,6,2.6416414048936643,2.553150478079379,1.0
NCEP-AirTemp-Africa-2000,NCEP2000_r025_c007,7,37.69386672973633,35.84233474731445,1.851531982421875,0.051657683448219124,8,33.2686315398746,5,1.3208207024468321,2.553150478079379,1.0
NCEP-AirTemp-Africa-2000,NCEP2000_r025_c007,8,36.86870193481445,37.69386672973633,-0.825164794921875,-0.021891221742738068,8,33.2686315398746,3,-1.3208207024468313,2.553150478079379,1.0
NCEP-AirTemp-Africa-2000,NCEP2000_r025_c007,9,34.361995697021484,36.86870193481445,-2.5067062377929688,-0.06799008661126556,8,33.2686315398746,2,-2.641641404893663,2.553150478079379,1.0
NCEP-AirTemp-Africa-2000,NCEP2000_r025_c007,10,26.073543548583984,34.361995697021484,-8.2884521484375,-0.2412098593317718,5,25.58885782135857,0,-5.283282809787327,2.553150478079379,1.0
NCEP-AirTemp-Africa-2000,NCEP2000_r025_c007,11,22.9516658782959,26.073543548583984,-3.121877670288086,-0.11973354003344246,4,23.02893324851989,2,-2.641641404893663,2.553150478079379,1.0
NCEP-AirTemp-Africa-2000,NCEP2000_r025_c007,12,18.8222599029541,22.9516658782959,-4.129405975341797,-0.17991748386537573,2,17.909084102842538,1,-3.9624621073404946,2.553150478079379,1.0
NCEP-AirTemp-Africa-2000,NCEP2000_r025_c008,1,17.48581314086914,,,,2,17.909084102842538,4,,2.512343347351765,1.0
NCEP-AirTemp-Africa-2000,NCEP2000_r025_c008,2,18.553455352783203,17.48581314086914,1.0676422119140625,0.06105762444748365,2,17.909084102842538,5,1.3208207024468321,2.512343347351765,1.0
NCEP-AirTemp-Africa-2000,NCEP2000_r025_c008,3,24.96484375,18.553455352783203,6.411388397216797,0.3455630380060189,5,25.58885782135857,8,5.283282809787327,2.512343347351765,1.0
NCEP-AirTemp-Africa-2000,NCEP2000_r025_c008,4,30.690998077392575,24.96484375,5.726154327392575,0.22936872286222798,7,30.708706967035923,8,5.283282809787327,2.512343347351765,1.0
NCEP-AirTemp-Africa-2000,NCEP2000_r025_c008,5,34.02644729614258,30.690998077392575,3.3354492187500036,0.10867842128623842,8,33.2686315398746,7,3.962462107340496,2.512343347351765,1.0
NCEP-AirTemp-Africa-2000,NCEP2000_r025_c008,6,35.83866500854492,34.02644729614258,1.8122177124023438,0.05325909274718159,8,33.2686315398746,5,1.3208207024468321,2.512343347351765,1.0
NCEP-AirTemp-Africa-2000,NCEP2000_r025_c008,7,36.996124267578125,35.83866500854492,1.1574592590332031,0.032296383215089985,8,33.2686315398746,5,1.3208207024468321,2.512343347351765,1.0
NCEP-AirTemp-Africa-2000,NCEP2000_r025_c008,8,36.61289978027344,36.996124267578125,-0.3832244873046875,-0.01035850362413583,8,33.2686315398746,4,4.440892098500626e-16,2.512343347351765,1.0
NCEP-AirTemp-Africa-2000,NCEP2000_r025_c008,9,34.26632308959961,36.61289978027344,-2.346576690673828,-0.06409152797938539,8,33.2686315398746,2,-2.641641404893663,2.512343347351765,1.0
NCEP-AirTemp-Africa-2000,NCEP2000_r025_c008,10,26.725156784057617,34.26632308959961,-7.541166305541992,-0.22007515325829807,5,25.58885782135857,0,-5.283282809787327,2.512343347351765,1.0
NCEP-AirTemp-Africa-2000,NCEP2000_r025_c008,11,22.8179988861084,26.725156784057617,-3.9071578979492188,-0.1461977540307625,4,23.02893324851989,1,-3.9624621073404946,2.512343347351765,1.0
NCEP-AirTemp-Africa-2000,NCEP2000_r025_c008,12,19.22838592529297,22.8179988861084,-3.5896129608154297,-0.1573149765994943,3,20.469008675681216,1,-3.9624621073404946,2.512343347351765,1.0
NCEP-AirTemp-Africa-2000,NCEP2000_r025_c009,1,17.444843292236328,,,,2,17.909084102842538,4,,2.466387159640602,1.0
NCEP-AirTemp-Africa-2000,NCEP2000_r025_c009,2,16.764141082763672,17.444843292236328,-0.6807022094726562,-0.039020253611311985,2,17.909084102842538,3,-1.3208207024468313,2.466387159640602,1.0
NCEP-AirTemp-Africa-2000,NCEP2000_r025_c009,3,23.05097389221191,16.764141082763672,6.286832809448239,0.37501669655549186,4,23.02893324851989,8,5.283282809787327,2.466387159640602,1.0
NCEP-AirTemp-Africa-2000,NCEP2000_r025_c009,4,29.56633186340332,23.05097389221191,6.51535797119141,0.2826500087006178,7,30.708706967035923,8,5.283282809787327,2.466387159640602,1.0
NCEP-AirTemp-Africa-2000,NCEP2000_r025_c009,5,32.30192947387695,29.56633186340332,2.735597610473633,0.09252407850632655,8,33.2686315398746,6,2.6416414048936643,2.466387159640602,1.0
NCEP-AirTemp-Africa-2000,NCEP2000_r025_c009,6,33.82066345214844,32.30192947387695,1.5187339782714844,0.047016819211982586,8,33.2686315398746,5,1.3208207024468321,2.466387159640602,1.0
NCEP-AirTemp-Africa-2000,NCEP2000_r025_c009,7,34.423545837402344,33.82066345214844,0.6028823852539062,0.017825859214941227,8,33.2686315398746,4,4.440892098500626e-16,2.466387159640602,1.0
NCEP-AirTemp-Africa-2000,NCEP2000_r025_c009,8,34.18645095825195,34.423545837402344,-0.23709487915039062,-0.006887578643707849,8,33.2686315398746,4,4.440892098500626e-16,2.466387159640602,1.0
NCEP-AirTemp-Africa-2000,NCEP2000_r025_c009,9,32.43699645996094,34.18645095825195,-1.7494544982910156,-0.05117391391190114,8,33.2686315398746,3,-1.3208207024468313,2.466387159640602,1.0
NCEP-AirTemp-Africa-2000,NCEP2000_r025_c009,10,26.353225708007812,32.43699645996094,-6.083770751953125,-0.18755653777817294,5,25.58885782135857,0,-5.283282809787327,2.466387159640602,1.0
NCEP-AirTemp-Africa-2000,NCEP2000_r025_c009,11,21.88300323486328,26.353225708007812,-4.470222473144531,-0.16962714631879727,4,23.02893324851989,1,-3.9624621073404946,2.466387159640602,1.0
NCEP-AirTemp-Africa-2000,NCEP2000_r025_c009,12,18.37451934814453,21.88300323486328,-3.50848388671875,-0.16032917644179429,2,17.909084102842538,1,-3.9624621073404946,2.466387159640602,1.0
NCEP-AirTemp-Africa-2000,NCEP2000_r025_c010,1,16.43258285522461,,,,1,15.349159530003863,4,,2.4144774543178373,1.0
NCEP-AirTemp-Africa-2000,NCEP2000_r025_c010,2,13.85069179534912,16.43258285522461,-2.58189105987549,-0.15712022161230718,0,12.789234957165185,2,-2.641641404893663,2.4144774543178373,1.0
NCEP-AirTemp-Africa-2000,NCEP2000_r025_c010,3,20.38935279846191,13.85069179534912,6.538661003112791,0.4720819075122578,3,20.469008675681216,8,5.283282809787327,2.4144774543178373,1.0
NCEP-AirTemp-Africa-2000,NCEP2000_r025_c010,4,27.15832901000977,20.38935279846191,6.768976211547859,0.3319858299797766,6,28.148782394197248,8,5.283282809787327,2.4144774543178373,1.0
NCEP-AirTemp-Africa-2000,NCEP2000_r025_c010,5,29.746129989624023,27.15832901000977,2.5878009796142543,0.0952857216900372,7,30.708706967035923,6,2.6416414048936643,2.4144774543178373,1.0
NCEP-AirTemp-Africa-2000,NCEP2000_r025_c010,6,30.562997817993164,29.746129989624023,0.8168678283691406,0.027461314418180737,7,30.708706967035923,5,1.3208207024468321,2.4144774543178373,1.0
NCEP-AirTemp-Africa-2000,NCEP2000_r025_c010,7,31.30129051208496,30.562997817993164,0.7382926940917969,0.024156422694149013,7,30.708706967035923,5,1.3208207024468321,2.4144774543178373,1.0
NCEP-AirTemp-Africa-2000,NCEP2000_r025_c010,8,30.56548309326172,31.30129051208496,-0.7358074188232422,-0.02350725502960199,7,30.708706967035923,3,-1.3208207024468313,2.4144774543178373,1.0
NCEP-AirTemp-Africa-2000,NCEP2000_r025_c010,9,29.94466209411621,30.56548309326172,-0.6208209991455078,-0.020311179026722803,7,30.708706967035923,4,4.440892098500626e-16,2.4144774543178373,1.0
NCEP-AirTemp-Africa-2000,NCEP2000_r025_c010,10,25.42708969116211,29.94466209411621,-4.517572402954102,-0.1508640300817338,5,25.58885782135857,1,-3.9624621073404946,2.4144774543178373,1.0
NCEP-AirTemp-Africa-2000,NCEP2000_r025_c010,11,20.439668655395508,25.42708969116211,-4.987421035766602,-0.19614596465202694,3,20.469008675681216,0,-5.283282809787327,2.4144774543178373,1.0
NCEP-AirTemp-Africa-2000,NCEP2000_r025_c010,12,16.3232364654541,20.439668655395508,-4.116432189941406,-0.20139427205708552,1,15.349159530003863,1,-3.9624621073404946,2.4144774543178373,1.0
NCEP-AirTemp-Africa-2000,NCEP2000_r025_c011,1,14.563233375549316,,,,1,15.349159530003863,4,,2.3557183744408845,1.0
NCEP-AirTemp-Africa-2000,NCEP2000_r025_c011,2,11.945518493652344,14.563233375549316,-2.6177148818969727,-0.17974819289045652,0,12.789234957165185,2,-2.641641404893663,2.3557183744408845,1.0
NCEP-AirTemp-Africa-2000,NCEP2000_r025_c011,3,18.77549171447754,11.945518493652344,6.829973220825195,0.5717602985968783,2,17.909084102842538,8,5.283282809787327,2.3557183744408845,1.0
NCEP-AirTemp-Africa-2000,NCEP2000_r025_c011,4,25.461666107177734,18.77549171447754,6.686174392700195,0.3561118129089835,5,25.58885782135857,8,5.283282809787327,2.3557183744408845,1.0
NCEP-AirTemp-Africa-2000,NCEP2000_r025_c011,5,28.075803756713867,25.461666107177734,2.614137649536133,0.1026695440326742,6,28.148782394197248,6,2.6416414048936643,2.3557183744408845,1.0
NCEP-AirTemp-Africa-2000,NCEP2000_r025_c011,6,28.446001052856445,28.075803756713867,0.3701972961425781,0.013185634838826352,6,28.148782394197248,4,4.440892098500626e-16,2.3557183744408845,1.0
NCEP-AirTemp-Africa-2000,NCEP2000_r025_c011,7,29.539033889770508,28.446001052856445,1.0930328369140625,0.038424832892435826,7,30.708706967035923,5,1.3208207024468321,2.3557183744408845,1.0
NCEP-AirTemp-Africa-2000,NCEP2000_r025_c011,8,28.49386978149414,29.539033889770508,-1.0451641082763672,-0.03538247432792011,6,28.148782394197248,3,-1.3208207024468313,2.3557183744408845,1.0
NCEP-AirTemp-Africa-2000,NCEP2000_r025_c011,9,28.35666275024414,28.49386978149414,-0.13720703125,-0.0048153175508337445,6,28.148782394197248,4,4.440892098500626e-16,2.3557183744408845,1.0
NCEP-AirTemp-Africa-2000,NCEP2000_r025_c011,10,24.998064041137695,28.35666275024414,-3.3585987091064453,-0.11844125448357032,5,25.58885782135857,1,-3.9624621073404946,2.3557183744408845,1.0
NCEP-AirTemp-Africa-2000,NCEP2000_r025_c011,11,19.21900177001953,24.998064041137695,-5.779062271118164,-0.23118039307395707,3,20.469008675681216,0,-5.283282809787327,2.3557183744408845,1.0
NCEP-AirTemp-Africa-2000,NCEP2000_r025_c011,12,14.981939315795898,19.21900177001953,-4.237062454223633,-0.22046215016396906,1,15.349159530003863,1,-3.9624621073404946,2.3557183744408845,1.0
NCEP-AirTemp-Africa-2000,NCEP2000_r025_c012,1,13.727429389953612,,,,0,12.789234957165185,4,,2.289154453901072,0.9405085368949908
NCEP-AirTemp-Africa-2000,NCEP2000_r025_c012,2,12.167591094970703,13.727429389953612,-1.5598382949829084,-0.11362930747430924,0,12.789234957165185,3,-1.3208207024468313,2.289154453901072,0.9405085368949908
NCEP-AirTemp-Africa-2000,NCEP2000_r025_c012,3,19.318714141845703,12.167591094970703,7.151123046875,0.5877188829784733,3,20.469008675681216,8,5.283282809787327,2.289154453901072,0.9405085368949908
NCEP-AirTemp-Africa-2000,NCEP2000_r025_c012,4,26.375329971313477,19.318714141845703,7.056615829467773,0.36527357761263435,5,25.58885782135857,8,5.283282809787327,2.289154453901072,0.9405085368949908
NCEP-AirTemp-Africa-2000,NCEP2000_r025_c012,5,29.025800704956055,26.375329971313477,2.650470733642578,0.10049052415743431,6,28.148782394197248,6,2.6416414048936643,2.289154453901072,0.9405085368949908
NCEP-AirTemp-Africa-2000,NCEP2000_r025_c012,6,29.289663314819336,29.025800704956055,0.26386260986328125,0.009090622944235528,6,28.148782394197248,4,4.440892098500626e-16,2.289154453901072,0.9405085368949908
NCEP-AirTemp-Africa-2000,NCEP2000_r025_c012,7,30.244834899902344,29.289663314819336,0.9551715850830078,0.032611217644134924,7,30.708706967035923,5,1.3208207024468321,2.289154453901072,0.9405085368949908
NCEP-AirTemp-Africa-2000,NCEP2000_r025_c012,8,29.04806327819824,30.244834899902344,-1.1967716217041051,-0.039569454608197226,6,28.148782394197248,3,-1.3208207024468313,2.289154453901072,0.9405085368949908
NCEP-AirTemp-Africa-2000,NCEP2000_r025_c012,9,28.531993865966797,29.04806327819824,-0.5160694122314418,-0.017766052328134833,6,28.148782394197248,4,4.440892098500626e-16,2.289154453901072,0.9405085368949908
NCEP-AirTemp-Africa-2000,NCEP2000_r025_c012,10,25.59000015258789,28.531993865966797,-2.9419937133789062,-0.10311209679910037,5,25.58885782135857,2,-2.641641404893663,2.289154453901072,0.9405085368949908
NCEP-AirTemp-Africa-2000,NCEP2000_r025_c012,11,19.23200225830078,25.59000015258789,-6.357997894287109,-0.24845634452425477,3,20.469008675681216,0,-5.283282809787327,2.289154453901072,0.9405085368949908
NCEP-AirTemp-Africa-2000,NCEP2000_r025_c012,12,15.277425765991213,19.23200225830078,-3.9545764923095685,-0.20562479346645887,1,15.349159530003863,1,-3.9624621073404946,2.289154453901072,0.9405085368949908
NCEP-AirTemp-Africa-2000,NCEP2000_r025_c013,1,13.84162139892578,,,,0,12.789234957165185,4,,2.213840425389199,0.884818028836257
NCEP-AirTemp-Africa-2000,NCEP2000_r025_c013,2,12.414144515991213,13.84162139892578,-1.4274768829345668,-0.10312931135693036,0,12.789234957165185,3,-1.3208207024468313,2.213840425389199,0.884818028836257
NCEP-AirTemp-Africa-2000,NCEP2000_r025_c013,3,19.682905197143555,12.414144515991213,7.268760681152342,0.5855224797640407,3,20.469008675681216,8,5.283282809787327,2.213840425389199,0.884818028836257
NCEP-AirTemp-Africa-2000,NCEP2000_r025_c013,4,27.013662338256836,19.682905197143555,7.330757141113281,0.37244284152611495,6,28.148782394197248,8,5.283282809787327,2.213840425389199,0.884818028836257
NCEP-AirTemp-Africa-2000,NCEP2000_r025_c013,5,29.71967506408691,27.013662338256836,2.7060127258300746,0.10017200525964266,7,30.708706967035923,6,2.6416414048936643,2.213840425389199,0.884818028836257
NCEP-AirTemp-Africa-2000,NCEP2000_r025_c013,6,29.92865753173828,29.71967506408691,0.20898246765137074,0.0070317884432021934,7,30.708706967035923,4,4.440892098500626e-16,2.213840425389199,0.884818028836257
NCEP-AirTemp-Africa-2000,NCEP2000_r025_c013,7,30.756118774414062,29.92865753173828,0.8274612426757812,0.027647790142216966,7,30.708706967035923,5,1.3208207024468321,2.213840425389199,0.884818028836257
NCEP-AirTemp-Africa-2000,NCEP2000_r025_c013,8,29.68257522583008,30.756118774414062,-1.0735435485839808,-0.034905039756741314,7,30.708706967035923,3,-1.3208207024468313,2.213840425389199,0.884818028836257
NCEP-AirTemp-Africa-2000,NCEP2000_r025_c013,9,28.646663665771484,29.68257522583008,-1.0359115600585973,-0.034899652478843426,6,28.148782394197248,3,-1.3208207024468313,2.213840425389199,0.884818028836257
NCEP-AirTemp-Africa-2000,NCEP2000_r025_c013,10,25.465160369873047,28.646663665771484,-3.1815032958984375,-0.1110601685773224,5,25.58885782135857,2,-2.641641404893663,2.213840425389199,0.884818028836257
NCEP-AirTemp-Africa-2000,NCEP2000_r025_c013,11,18.91500663757324,25.465160369873047,-6.550153732299808,-0.25722020349218255,2,17.909084102842538,0,-5.283282809787327,2.213840425389199,0.884818028836257
NCEP-AirTemp-Africa-2000,NCEP2000_r025_c013,12,15.178071975708008,18.91500663757324,-3.736934661865231,-0.1975645440399736,1,15.349159530003863,1,-3.9624621073404946,2.213840425389199,0.884818028836257
NCEP-AirTemp-Africa-2000,NCEP2000_r025_c014,1,13.082589149475098,,,,0,12.789234957165185,4,,2.1289677621881795,0.5925925925925926
NCEP-AirTemp-Africa-2000,NCEP2000_r025_c014,2,11.380351066589355,13.082589149475098,-1.7022380828857422,-0.13011477035904928,0,12.789234957165185,3,-1.3208207024468313,2.1289677621881795,0.5925925925925926
NCEP-AirTemp-Africa-2000,NCEP2000_r025_c014,3,17.890329360961914,11.380351066589355,6.509978294372559,0.5720366846577056,2,17.909084102842538,8,5.283282809787327,2.1289677621881795,0.5925925925925926
NCEP-AirTemp-Africa-2000,NCEP2000_r025_c014,4,25.59299659729004,17.890329360961914,7.702667236328125,0.4305492135396871,5,25.58885782135857,8,5.283282809787327,2.1289677621881795,0.5925925925925926
NCEP-AirTemp-Africa-2000,NCEP2000_r025_c014,5,27.95806312561035,25.59299659729004,2.3650665283203125,0.09241069209420916,6,28.148782394197248,6,2.6416414048936643,2.1289677621881795,0.5925925925925926
NCEP-AirTemp-Africa-2000,NCEP2000_r025_c014,6,28.286338806152344,27.95806312561035,0.3282756805419922,0.011741717552718545,6,28.148782394197248,4,4.440892098500626e-16,2.1289677621881795,0.5925925925925926
NCEP-AirTemp-Africa-2000,NCEP2000_r025_c014,7,29.43967628479004,28.286338806152344,1.1533374786376953,0.04077365708378073,7,30.708706967035923,5,1.3208207024468321,2.1289677621881795,0.5925925925925926
NCEP-AirTemp-Africa-2000,NCEP2000_r025_c014,8,28.56354522705078,29.43967628479004,-0.8761310577392578,-0.029760213708324962,6,28.148782394197248,3,-1.3208207024468313,2.1289677621881795,0.5925925925925926
NCEP-AirTemp-Africa-2000,NCEP2000_r025_c014,9,27.309995651245117,28.56354522705078,-1.253549575805664,-0.04388634414395116,6,28.148782394197248,3,-1.3208207024468313,2.1289677621881795,0.5925925925925926
NCEP-AirTemp-Africa-2000,NCEP2000_r025_c014,10,23.48999786376953,27.309995651245117,-3.819997787475586,-0.13987544473671215,4,23.02893324851989,1,-3.9624621073404946,2.1289677621881795,0.5925925925925926
NCEP-AirTemp-Africa-2000,NCEP2000_r025_c014,11,17.431669235229492,23.48999786376953,-6.058328628540039,-0.25791099103862736,2,17.909084102842538,0,-5.283282809787327,2.1289677621881795,0.5925925925925926
NCEP-AirTemp-Africa-2000,NCEP2000_r025_c014,12,13.40516471862793,17.431669235229492,-4.0265045166015625,-0.2309878911919678,0,12.789234957165185,1,-3.9624621073404946,2.1289677621881795,0.5925925925925926
NCEP-AirTemp-Africa-2000,NCEP2000_r025_c015,1,11.561297416687012,,,,0,12.789234957165185,4,,2.0340631519624797,0.5925925925925924
NCEP-AirTemp-Africa-2000,NCEP2000_r025_c015,2,10.283111572265623,11.561297416687012,-1.2781858444213885,-0.11055730151674133,0,12.789234957165185,3,-1.3208207024468313,2.0340631519624797,0.5925925925925924
NCEP-AirTemp-Africa-2000,NCEP2000_r025_c015,3,15.89129638671875,10.283111572265623,5.608184814453127,0.5453781936567577,1,15.349159530003863,8,5.283282809787327,2.0340631519624797,0.5925925925925924
NCEP-AirTemp-Africa-2000,NCEP2000_r025_c015,4,24.459667205810547,15.89129638671875,8.568370819091797,0.5391863955323913,5,25.58885782135857,8,5.283282809787327,2.0340631519624797,0.5925925925925924
NCEP-AirTemp-Africa-2000,NCEP2000_r025_c015,5,26.411293029785156,24.459667205810547,1.9516258239746094,0.07978954936520921,5,25.58885782135857,5,1.3208207024468321,2.0340631519624797,0.5925925925925924
NCEP-AirTemp-Africa-2000,NCEP2000_r025_c015,6,27.08199882507324,26.411293029785156,0.6707057952880824,0.025394659569741566,6,28.148782394197248,5,1.3208207024468321,2.0340631519624797,0.5925925925925924
NCEP-AirTemp-Africa-2000,NCEP2000_r025_c015,7,28.74386978149414,27.08199882507324,1.661870956420902,0.06136441283950937,6,28.148782394197248,5,1.3208207024468321,2.0340631519624797,0.5925925925925924
NCEP-AirTemp-Africa-2000,NCEP2000_r025_c015,8,27.60225486755371,28.74386978149414,-1.1416149139404297,-0.03971681344992119,6,28.148782394197248,3,-1.3208207024468313,2.0340631519624797,0.5925925925925924
NCEP-AirTemp-Africa-2000,NCEP2000_r025_c015,9,26.438995361328125,27.60225486755371,-1.163259506225586,-0.04214364050355142,5,25.58885782135857,3,-1.3208207024468313,2.0340631519624797,0.5925925925925924
NCEP-AirTemp-Africa-2000,NCEP2000_r025_c015,10,21.68967628479004,26.438995361328125,-4.749319076538086,-0.1796331143309944,3,20.469008675681216,0,-5.283282809787327,2.0340631519624797,0.5925925925925924
NCEP-AirTemp-Africa-2000,NCEP2000_r025_c015,11,16.32367515563965,21.68967628479004,-5.366001129150391,-0.2473988573500895,1,15.349159530003863,0,-5.283282809787327,2.0340631519624797,0.5925925925925924
NCEP-AirTemp-Africa-2000,NCEP2000_r025_c015,12,12.000328063964844,16.32367515563965,-4.323347091674805,-0.26485133099338454,0,12.789234957165185,1,-3.9624621073404946,2.0340631519624797,0.5925925925925924
NCEP-AirTemp-Africa-2000,NCEP2000_r025_c016,1,11.856139183044434,,,,0,12.789234957165185,4,,1.9292540469007755,0.6956521739130435
NCEP-AirTemp-Africa-2000,NCEP2000_r025_c016,2,11.407249450683594,11.856139183044434,-0.44888973236083984,-0.037861375058990614,0,12.789234957165185,4,4.440892098500626e-16,1.9292540469007755,0.6956521739130435
NCEP-AirTemp-Africa-2000,NCEP2000_r025_c016,3,16.544519424438477,11.407249450683594,5.137269973754883,0.450351331051766,1,15.349159530003863,8,5.283282809787327,1.9292540469007755,0.6956521739130435
NCEP-AirTemp-Africa-2000,NCEP2000_r025_c016,4,25.033668518066406,16.544519424438477,8.48914909362793,0.5131094397996424,5,25.58885782135857,8,5.283282809787327,1.9292540469007755,0.6956521739130435
NCEP-AirTemp-Africa-2000,NCEP2000_r025_c016,5,27.06806755065918,25.033668518066406,2.0343990325927734,0.081266516376718,6,28.148782394197248,6,2.6416414048936643,1.9292540469007755,0.6956521739130435
NCEP-AirTemp-Africa-2000,NCEP2000_r025_c016,6,28.042329788208008,27.06806755065918,0.9742622375488281,0.03599304736939384,6,28.148782394197248,5,1.3208207024468321,1.9292540469007755,0.6956521739130435
NCEP-AirTemp-Africa-2000,NCEP2000_r025_c016,7,30.142253875732425,28.042329788208008,2.0999240875244176,0.07488408072311631,7,30.708706967035923,6,2.6416414048936643,1.9292540469007755,0.6956521739130435
NCEP-AirTemp-Africa-2000,NCEP2000_r025_c016,8,28.63870620727539,30.142253875732425,-1.5035476684570348,-0.04988172665042621,6,28.148782394197248,3,-1.3208207024468313,1.9292540469007755,0.6956521739130435
NCEP-AirTemp-Africa-2000,NCEP2000_r025_c016,9,27.63266372680664,28.63870620727539,-1.00604248046875,-0.03512876849908724,6,28.148782394197248,3,-1.3208207024468313,1.9292540469007755,0.6956521739130435
NCEP-AirTemp-Africa-2000,NCEP2000_r025_c016,10,22.23871421813965,27.63266372680664,-5.393949508666992,-0.19520193789476342,4,23.02893324851989,0,-5.283282809787327,1.9292540469007755,0.6956521739130435
NCEP-AirTemp-Africa-2000,NCEP2000_r025_c016,11,17.25200653076172,22.23871421813965,-4.98670768737793,-0.22423543188977976,2,17.909084102842538,0,-5.283282809787327,1.9292540469007755,0.6956521739130435
NCEP-AirTemp-Africa-2000,NCEP2000_r025_c016,12,13.112264633178713,17.25200653076172,-4.139741897583006,-0.23995712557849502,0,12.789234957165185,1,-3.9624621073404946,1.9292540469007755,0.6956521739130435
NCEP-AirTemp-Africa-2000,NCEP2000_r025_c017,1,12.380005836486816,,,,0,12.789234957165185,4,,1.8155510295235495,0.6956521739130435
NCEP-AirTemp-Africa-2000,NCEP2000_r025_c017,2,12.630348205566406,12.380005836486816,0.25034236907958984,0.02022150654741789,0,12.789234957165185,4,4.440892098500626e-16,1.8155510295235495,0.6956521739130435
NCEP-AirTemp-Africa-2000,NCEP2000_r025_c017,3,17.238075256347656,12.630348205566406,4.60772705078125,0.3648139367013292,2,17.909084102842538,7,3.962462107340496,1.8155510295235495,0.6956521739130435
NCEP-AirTemp-Africa-2000,NCEP2000_r025_c017,4,25.37999725341797,17.238075256347656,8.141921997070312,0.47232198931676983,5,25.58885782135857,8,5.283282809787327,1.8155510295235495,0.6956521739130435
NCEP-AirTemp-Africa-2000,NCEP2000_r025_c017,5,27.72451400756836,25.37999725341797,2.3445167541503906,0.09237655665367145,6,28.148782394197248,6,2.6416414048936643,1.8155510295235495,0.6956521739130435
NCEP-AirTemp-Africa-2000,NCEP2000_r025_c017,6,28.993000030517575,27.72451400756836,1.2684860229492152,0.045753228446238525,6,28.148782394197248,5,1.3208207024468321,1.8155510295235495,0.6956521739130435
NCEP-AirTemp-Africa-2000,NCEP2000_r025_c017,7,31.24225616455078,28.993000030517575,2.2492561340332067,0.07757928229799176,7,30.708706967035923,6,2.6416414048936643,1.8155510295235495,0.6956521739130435
NCEP-AirTemp-Africa-2000,NCEP2000_r025_c017,8,29.48483657836914,31.24225616455078,-1.7574195861816406,-0.05625136600011966,7,30.708706967035923,3,-1.3208207024468313,1.8155510295235495,0.6956521739130435
NCEP-AirTemp-Africa-2000,NCEP2000_r025_c017,9,28.481332778930664,29.48483657836914,-1.0035037994384766,-0.03403457220362122,6,28.148782394197248,3,-1.3208207024468313,1.8155510295235495,0.6956521739130435
NCEP-AirTemp-Africa-2000,NCEP2000_r025_c017,10,22.654516220092773,28.481332778930664,-5.826816558837891,-0.20458370414281785,4,23.02893324851989,0,-5.283282809787327,1.8155510295235495,0.6956521739130435
NCEP-AirTemp-Africa-2000,NCEP2000_r025_c017,11,18.07367515563965,22.654516220092773,-4.580841064453125,-0.2022043207610092,2,17.909084102842538,1,-3.9624621073404946,1.8155510295235495,0.6956521739130435
NCEP-AirTemp-Africa-2000,NCEP2000_r025_c017,12,13.736136436462402,18.07367515563965,-4.337538719177246,-0.23999207033572112,0,12.789234957165185,1,-3.9624621073404946,1.8155510295235495,0.6956521739130435
NCEP-AirTemp-Africa-2000,NCEP2000_r025_c018,1,11.002910614013672,,,,0,12.789234957165185,4,,1.695034177667733,0.64
NCEP-AirTemp-Africa-2000,NCEP2000_r025_c018,2,11.660001754760742,11.002910614013672,0.6570911407470703,0.05971975632612858,0,12.789234957165185,4,4.440892098500626e-16,1.695034177667733,0.64
NCEP-AirTemp-Africa-2000,NCEP2000_r025_c018,3,15.78968620300293,11.660001754760742,4.1296844482421875,0.3541752853129761,1,15.349159530003863,7,3.962462107340496,1.695034177667733,0.64
NCEP-AirTemp-Africa-2000,NCEP2000_r025_c018,4,24.287334442138672,15.78968620300293,8.497648239135742,0.5381771448706583,4,23.02893324851989,8,5.283282809787327,1.695034177667733,0.64
NCEP-AirTemp-Africa-2000,NCEP2000_r025_c018,5,26.69902801513672,24.287334442138672,2.411693572998047,0.09929840504908369,5,25.58885782135857,6,2.6416414048936643,1.695034177667733,0.64
NCEP-AirTemp-Africa-2000,NCEP2000_r025_c018,6,28.3216609954834,26.69902801513672,1.6226329803466797,0.06077498324758287,6,28.148782394197248,5,1.3208207024468321,1.695034177667733,0.64
NCEP-AirTemp-Africa-2000,NCEP2000_r025_c018,7,30.757417678833008,28.3216609954834,2.4357566833496094,0.08600331328512308,7,30.708706967035923,6,2.6416414048936643,1.695034177667733,0.64
NCEP-AirTemp-Africa-2000,NCEP2000_r025_c018,8,28.66193389892578,30.757417678833008,-2.0954837799072266,-0.06812937944882547,6,28.148782394197248,2,-2.641641404893663,1.695034177667733,0.64
NCEP-AirTemp-Africa-2000,NCEP2000_r025_c018,9,27.678993225097656,28.66193389892578,-0.982940673828125,-0.034294290025732165,6,28.148782394197248,3,-1.3208207024468313,1.695034177667733,0.64
NCEP-AirTemp-Africa-2000,NCEP2000_r025_c018,10,21.14645195007324,27.678993225097656,-6.532541275024418,-0.23601079786027404,3,20.469008675681216,0,-5.283282809787327,1.695034177667733,0.64
NCEP-AirTemp-Africa-2000,NCEP2000_r025_c018,11,16.92900276184082,21.14645195007324,-4.217449188232418,-0.19944003836623816,2,17.909084102842538,1,-3.9624621073404946,1.695034177667733,0.64
NCEP-AirTemp-Africa-2000,NCEP2000_r025_c018,12,12.569358825683594,16.92900276184082,-4.359643936157227,-0.2575251476704921,0,12.789234957165185,1,-3.9624621073404946,1.695034177667733,0.64
NCEP-AirTemp-Africa-2000,NCEP2000_r025_c019,1,11.997748374938965,,,,0,12.789234957165185,4,,1.5707963267948966,0.6956521739130435
NCEP-AirTemp-Africa-2000,NCEP2000_r025_c019,2,12.684833526611328,11.997748374938965,0.6870851516723633,0.05726784144827997,0,12.789234957165185,5,1.3208207024468321,1.5707963267948966,0.6956521739130435
NCEP-AirTemp-Africa-2000,NCEP2000_r025_c019,3,16.751293182373047,12.684833526611328,4.066459655761719,0.32057650951671945,2,17.909084102842538,7,3.962462107340496,1.5707963267948966,0.6956521739130435
NCEP-AirTemp-Africa-2000,NCEP2000_r025_c019,4,25.170330047607425,16.751293182373047,8.419036865234379,0.50259026414113,5,25.58885782135857,8,5.283282809787327,1.5707963267948966,0.6956521739130435
NCEP-AirTemp-Africa-2000,NCEP2000_r025_c019,5,27.70418930053711,25.170330047607425,2.533859252929684,0.1006684953330813,6,28.148782394197248,6,2.6416414048936643,1.5707963267948966,0.6956521739130435
NCEP-AirTemp-Africa-2000,NCEP2000_r025_c019,6,29.07866668701172,27.70418930053711,1.3744773864746094,0.04961261892792373,6,28.148782394197248,5,1.3208207024468321,1.5707963267948966,0.6956521739130435
NCEP-AirTemp-Africa-2000,NCEP2000_r025_c019,7,31.893217086791992,29.07866668701172,2.8145503997802734,0.0967909027630012,7,30.708706967035923,6,2.6416414048936643,1.5707963267948966,0.6956521739130435
NCEP-AirTemp-Africa-2000,NCEP2000_r025_c019,8,29.469999313354492,31.893217086791992,-2.4232177734375,-0.07597909507978211,7,30.708706967035923,2,-2.641641404893663,1.5707963267948966,0.6956521739130435
NCEP-AirTemp-Africa-2000,NCEP2000_r025_c019,9,28.974328994750977,29.469999313354492,-0.4956703186035156,-0.016819488637683812,6,28.148782394197248,4,4.440892098500626e-16,1.5707963267948966,0.6956521739130435
NCEP-AirTemp-Africa-2000,NCEP2000_r025_c019,10,22.007741928100582,28.974328994750977,-6.966587066650394,-0.24043997940081613,4,23.02893324851989,0,-5.283282809787327,1.5707963267948966,0.6956521739130435
NCEP-AirTemp-Africa-2000,NCEP2000_r025_c019,11,18.093000411987305,22.007741928100582,-3.9147415161132777,-0.17788019910914807,2,17.909084102842538,1,-3.9624621073404946,1.5707963267948966,0.6956521739130435
NCEP-AirTemp-Africa-2000,NCEP2000_r025_c019,12,13.934203147888184,18.093000411987305,-4.158797264099121,-0.2298566942685614,0,12.789234957165185,1,-3.9624621073404946,1.5707963267948966,0.6956521739130435
NCEP-AirTemp-Africa-2000,NCEP2000_r025_c020,1,13.495491981506348,,,,0,12.789234957165185,4,,1.4465584759220602,0.6956521739130435
NCEP-AirTemp-Africa-2000,NCEP2000_r025_c020,2,14.327596664428713,13.495491981506348,0.8321046829223651,0.06165797320043213,1,15.349159530003863,5,1.3208207024468321,1.4465584759220602,0.6956521739130435
NCEP-AirTemp-Africa-2000,NCEP2000_r025_c020,3,18.623868942260746,14.327596664428713,4.296272277832033,0.29985994011811046,2,17.909084102842538,7,3.962462107340496,1.4465584759220602,0.6956521739130435
NCEP-AirTemp-Africa-2000,NCEP2000_r025_c020,4,27.037994384765625,18.623868942260746,8.41412544250488,0.45179256085784564,6,28.148782394197248,8,5.283282809787327,1.4465584759220602,0.6956521739130435
NCEP-AirTemp-Africa-2000,NCEP2000_r025_c020,5,30.30483627319336,27.037994384765625,3.2668418884277344,0.12082412038181406,7,30.708706967035923,6,2.6416414048936643,1.4465584759220602,0.6956521739130435
NCEP-AirTemp-Africa-2000,NCEP2000_r025_c020,6,31.328330993652344,30.30483627319336,1.0234947204589844,0.033773312986492963,7,30.708706967035923,5,1.3208207024468321,1.4465584759220602,0.6956521739130435
NCEP-AirTemp-Africa-2000,NCEP2000_r025_c020,7,34.05225372314453,31.328330993652344,2.7239227294921875,0.08694758523982975,8,33.2686315398746,6,2.6416414048936643,1.4465584759220602,0.6956521739130435
NCEP-AirTemp-Africa-2000,NCEP2000_r025_c020,8,31.663217544555664,34.05225372314453,-2.389036178588867,-0.07015794602062107,7,30.708706967035923,2,-2.641641404893663,1.4465584759220602,0.6956521739130435
NCEP-AirTemp-Africa-2000,NCEP2000_r025_c020,9,31.22366714477539,31.663217544555664,-0.43955039978027344,-0.013882050968501525,7,30.708706967035923,4,4.440892098500626e-16,1.4465584759220602,0.6956521739130435
NCEP-AirTemp-Africa-2000,NCEP2000_r025_c020,10,24.09548568725586,31.22366714477539,-7.128181457519531,-0.2282941790427163,4,23.02893324851989,0,-5.283282809787327,1.4465584759220602,0.6956521739130435
NCEP-AirTemp-Africa-2000,NCEP2000_r025_c020,11,20.2030029296875,24.09548568725586,-3.8924827575683594,-0.1615440671373186,3,20.469008675681216,1,-3.9624621073404946,1.4465584759220602,0.6956521739130435
NCEP-AirTemp-Africa-2000,NCEP2000_r025_c020,12,15.39323616027832,20.2030029296875,-4.80976676940918,-0.2380718740747902,1,15.349159530003863,0,-5.283282809787327,1.4465584759220602,0.6956521739130435
NCEP-AirTemp-Africa-2000,NCEP2000_r025_c021,1,13.626459121704102,,,,0,12.789234957165185,4,,1.3260416240662436,0.7999999999999998
NCEP-AirTemp-Africa-2000,NCEP2000_r025_c021,2,14.50035285949707,13.626459121704102,0.8738937377929688,0.06413212192454595,1,15.349159530003863,5,1.3208207024468321,1.3260416240662436,0.7999999999999998
NCEP-AirTemp-Africa-2000,NCEP2000_r025_c021,3,18.62967872619629,14.50035285949707,4.129325866699219,0.28477416423661017,2,17.909084102842538,7,3.962462107340496,1.3260416240662436,0.7999999999999998
NCEP-AirTemp-Africa-2000,NCEP2000_r025_c021,4,27.06833267211914,18.62967872619629,8.438653945922852,0.45296830234956026,6,28.148782394197248,8,5.283282809787327,1.3260416240662436,0.7999999999999998
NCEP-AirTemp-Africa-2000,NCEP2000_r025_c021,5,30.70709228515625,27.06833267211914,3.6387596130371094,0.13442865717344665,7,30.708706967035923,7,3.962462107340496,1.3260416240662436,0.7999999999999998
NCEP-AirTemp-Africa-2000,NCEP2000_r025_c021,6,32.093326568603516,30.70709228515625,1.3862342834472656,0.045143782113077784,8,33.2686315398746,5,1.3208207024468321,1.3260416240662436,0.7999999999999998
NCEP-AirTemp-Africa-2000,NCEP2000_r025_c021,7,34.44870376586914,32.093326568603516,2.355377197265625,0.07339149440400672,8,33.2686315398746,6,2.6416414048936643,1.3260416240662436,0.7999999999999998
NCEP-AirTemp-Africa-2000,NCEP2000_r025_c021,8,32.026123046875,34.44870376586914,-2.4225807189941406,-0.07032429247437662,8,33.2686315398746,2,-2.641641404893663,1.3260416240662436,0.7999999999999998
NCEP-AirTemp-Africa-2000,NCEP2000_r025_c021,9,31.138662338256836,32.026123046875,-0.8874607086181641,-0.027710525789188818,7,30.708706967035923,3,-1.3208207024468313,1.3260416240662436,0.7999999999999998
NCEP-AirTemp-Africa-2000,NCEP2000_r025_c021,10,24.36387062072754,31.138662338256836,-6.774791717529297,-0.21756848909998985,5,25.58885782135857,0,-5.283282809787327,1.3260416240662436,0.7999999999999998
NCEP-AirTemp-Africa-2000,NCEP2000_r025_c021,11,20.260000228881836,24.36387062072754,-4.103870391845703,-0.16844082189282106,3,20.469008675681216,1,-3.9624621073404946,1.3260416240662436,0.7999999999999998
NCEP-AirTemp-Africa-2000,NCEP2000_r025_c021,12,15.485814094543455,20.260000228881836,-4.774186134338381,-0.23564590722622472,1,15.349159530003863,0,-5.283282809787327,1.3260416240662436,0.7999999999999998
NCEP-AirTemp-Africa-2000,NCEP2000_r025_c022,1,18.405168533325195,,,,2,17.909084102842538,4,,1.2123386066890176,0.9411764705882356
NCEP-AirTemp-Africa-2000,NCEP2000_r025_c022,2,18.489662170410156,18.405168533325195,0.08449363708496094,0.00459075595705484,2,17.909084102842538,4,4.440892098500626e-16,1.2123386066890176,0.9411764705882356
NCEP-AirTemp-Africa-2000,NCEP2000_r025_c022,3,21.31871223449707,18.489662170410156,2.829050064086914,0.1530071257123546,3,20.469008675681216,6,2.6416414048936643,1.2123386066890176,0.9411764705882356
NCEP-AirTemp-Africa-2000,NCEP2000_r025_c022,4,28.229665756225582,21.31871223449707,6.910953521728512,0.3241731229218193,6,28.148782394197248,8,5.283282809787327,1.2123386066890176,0.9411764705882356
NCEP-AirTemp-Africa-2000,NCEP2000_r025_c022,5,31.042251586914062,28.229665756225582,2.81258583068848,0.09963227531548832,7,30.708706967035923,6,2.6416414048936643,1.2123386066890176,0.9411764705882356
NCEP-AirTemp-Africa-2000,NCEP2000_r025_c022,6,32.61033248901367,31.042251586914062,1.5680809020996094,0.05051440607357997,8,33.2686315398746,5,1.3208207024468321,1.2123386066890176,0.9411764705882356
NCEP-AirTemp-Africa-2000,NCEP2000_r025_c022,7,34.93096160888672,32.61033248901367,2.320629119873047,0.07116238758543356,8,33.2686315398746,6,2.6416414048936643,1.2123386066890176,0.9411764705882356
NCEP-AirTemp-Africa-2000,NCEP2000_r025_c022,8,32.08064270019531,34.93096160888672,-2.8503189086914062,-0.08159863849743725,8,33.2686315398746,2,-2.641641404893663,1.2123386066890176,0.9411764705882356
NCEP-AirTemp-Africa-2000,NCEP2000_r025_c022,9,32.029319763183594,32.08064270019531,-0.05132293701171875,-0.001599810125107197,8,33.2686315398746,4,4.440892098500626e-16,1.2123386066890176,0.9411764705882356
NCEP-AirTemp-Africa-2000,NCEP2000_r025_c022,10,26.880970001220703,32.029319763183594,-5.148349761962891,-0.16073865445874097,6,28.148782394197248,0,-5.283282809787327,1.2123386066890176,0.9411764705882356
NCEP-AirTemp-Africa-2000,NCEP2000_r025_c022,11,23.2883358001709,26.880970001220703,-3.5926342010498047,-0.13364972323865762,4,23.02893324851989,1,-3.9624621073404946,1.2123386066890176,0.9411764705882356
NCEP-AirTemp-Africa-2000,NCEP2000_r025_c022,12,19.932905197143555,23.2883358001709,-3.3554306030273438,-0.1440820259472006,3,20.469008675681216,1,-3.9624621073404946,1.2123386066890176,0.9411764705882356
NCEP-AirTemp-Africa-2000,NCEP2000_r026_c003,1,15.264202117919922,,,,1,15.349159530003863,4,,2.6287962044077484,1.0
NCEP-AirTemp-Africa-2000,NCEP2000_r026_c003,2,19.94034767150879,15.264202117919922,4.676145553588867,0.30634719833139196,3,20.469008675681216,8,5.283282809787327,2.6287962044077484,1.0
NCEP-AirTemp-Africa-2000,NCEP2000_r026_c003,3,23.003551483154297,19.94034767150879,3.063203811645508,0.1536183752714744,4,23.02893324851989,6,2.6416414048936643,2.6287962044077484,1.0
NCEP-AirTemp-Africa-2000,NCEP2000_r026_c003,4,21.396337509155273,23.003551483154297,-1.6072139739990234,-0.06986807994304707,3,20.469008675681216,3,-1.3208207024468313,2.6287962044077484,1.0
NCEP-AirTemp-Africa-2000,NCEP2000_r026_c003,5,23.959352493286133,21.396337509155273,2.5630149841308594,0.11978755630650206,4,23.02893324851989,6,2.6416414048936643,2.6287962044077484,1.0
NCEP-AirTemp-Africa-2000,NCEP2000_r026_c003,6,30.400333404541016,23.959352493286133,6.440980911254883,0.2688295066846973,7,30.708706967035923,8,5.283282809787327,2.6287962044077484,1.0
NCEP-AirTemp-Africa-2000,NCEP2000_r026_c003,7,29.995485305786133,30.400333404541016,-0.4048480987548828,-0.013317225616164101,7,30.708706967035923,4,4.440892098500626e-16,2.6287962044077484,1.0
NCEP-AirTemp-Africa-2000,NCEP2000_r026_c003,8,30.53063583374023,29.995485305786133,0.535150527954098,0.01784103582584368,7,30.708706967035923,4,4.440892098500626e-16,2.6287962044077484,1.0
NCEP-AirTemp-Africa-2000,NCEP2000_r026_c003,9,28.079994201660156,30.53063583374023,-2.4506416320800746,-0.0802682802096052,6,28.148782394197248,2,-2.641641404893663,2.6287962044077484,1.0
NCEP-AirTemp-Africa-2000,NCEP2000_r026_c003,10,23.172578811645508,28.079994201660156,-4.907415390014648,-0.17476554143036505,4,23.02893324851989,0,-5.283282809787327,2.6287962044077484,1.0
NCEP-AirTemp-Africa-2000,NCEP2000_r026_c003,11,19.691669464111328,23.172578811645508,-3.4809093475341797,-0.15021674436100438,3,20.469008675681216,1,-3.9624621073404946,2.6287962044077484,1.0
NCEP-AirTemp-Africa-2000,NCEP2000_r026_c003,12,17.909360885620117,19.691669464111328,-1.782308578491211,-0.09051079095855855,2,17.909084102842538,3,-1.3208207024468313,2.6287962044077484,1.0
NCEP-AirTemp-Africa-2000,NCEP2000_r026_c004,1,13.618393898010254,,,,0,12.789234957165185,4,,2.600752957031685,1.0
NCEP-AirTemp-Africa-2000,NCEP2000_r026_c004,2,19.005521774291992,13.618393898010254,5.387127876281738,0.39557732847401605,2,17.909084102842538,8,5.283282809787327,2.600752957031685,1.0
NCEP-AirTemp-Africa-2000,NCEP2000_r026_c004,3,22.897424697875977,19.005521774291992,3.8919029235839844,0.20477748360733802,4,23.02893324851989,7,3.962462107340496,2.600752957031685,1.0
NCEP-AirTemp-Africa-2000,NCEP2000_r026_c004,4,23.122997283935547,22.897424697875977,0.2255725860595703,0.009851439148110618,4,23.02893324851989,4,4.440892098500626e-16,2.600752957031685,1.0
NCEP-AirTemp-Africa-2000,NCEP2000_r026_c004,5,26.29967498779297,23.122997283935547,3.176677703857422,0.1373817444533622,5,25.58885782135857,6,2.6416414048936643,2.600752957031685,1.0
NCEP-AirTemp-Africa-2000,NCEP2000_r026_c004,6,33.999332427978516,26.29967498779297,7.699657440185547,0.29276625828111386,8,33.2686315398746,8,5.283282809787327,2.600752957031685,1.0
NCEP-AirTemp-Africa-2000,NCEP2000_r026_c004,7,34.07258224487305,33.999332427978516,0.07324981689453125,0.002154448680711536,8,33.2686315398746,4,4.440892098500626e-16,2.600752957031685,1.0
NCEP-AirTemp-Africa-2000,NCEP2000_r026_c004,8,33.790321350097656,34.07258224487305,-0.2822608947753906,-0.008284106345296529,8,33.2686315398746,4,4.440892098500626e-16,2.600752957031685,1.0
NCEP-AirTemp-Africa-2000,NCEP2000_r026_c004,9,29.768667221069336,33.790321350097656,-4.02165412902832,-0.119017930825825,7,30.708706967035923,1,-3.9624621073404946,2.600752957031685,1.0
NCEP-AirTemp-Africa-2000,NCEP2000_r026_c004,10,23.14096450805664,29.768667221069336,-6.627702713012695,-0.2226402231512002,4,23.02893324851989,0,-5.283282809787327,2.600752957031685,1.0
NCEP-AirTemp-Africa-2000,NCEP2000_r026_c004,11,19.660673141479492,23.14096450805664,-3.4802913665771484,-0.15039525968614956,3,20.469008675681216,1,-3.9624621073404946,2.600752957031685,1.0
NCEP-AirTemp-Africa-2000,NCEP2000_r026_c004,12,17.096778869628906,19.660673141479492,-2.563894271850586,-0.1304072476766505,2,17.909084102842538,2,-2.641641404893663,2.600752957031685,1.0
NCEP-AirTemp-Africa-2000,NCEP2000_r026_c005,1,14.119037628173828,,,,1,15.349159530003863,4,,2.5698219431000564,1.0
NCEP-AirTemp-Africa-2000,NCEP2000_r026_c005,2,18.995180130004883,14.119037628173828,4.876142501831055,0.3453594097731532,2,17.909084102842538,8,5.283282809787327,2.5698219431000564,1.0
NCEP-AirTemp-Africa-2000,NCEP2000_r026_c005,3,23.649677276611328,18.995180130004883,4.654497146606445,0.24503569404188896,4,23.02893324851989,8,5.283282809787327,2.5698219431000564,1.0
NCEP-AirTemp-Africa-2000,NCEP2000_r026_c005,4,25.68199920654297,23.649677276611328,2.0323219299316406,0.0859344466379477,5,25.58885782135857,6,2.6416414048936643,2.5698219431000564,1.0
NCEP-AirTemp-Africa-2000,NCEP2000_r026_c005,5,29.05644798278809,25.68199920654297,3.3744487762451207,0.1313935394634471,6,28.148782394197248,7,3.962462107340496,2.5698219431000564,1.0
NCEP-AirTemp-Africa-2000,NCEP2000_r026_c005,6,35.69333267211914,29.05644798278809,6.636884689331051,0.22841348995109395,8,33.2686315398746,8,5.283282809787327,2.5698219431000564,1.0
NCEP-AirTemp-Africa-2000,NCEP2000_r026_c005,7,36.4412841796875,35.69333267211914,0.7479515075683594,0.020954936162422316,8,33.2686315398746,5,1.3208207024468321,2.5698219431000564,1.0
NCEP-AirTemp-Africa-2000,NCEP2000_r026_c005,8,36.153865814208984,36.4412841796875,-0.2874183654785156,-0.007887163472650715,8,33.2686315398746,4,4.440892098500626e-16,2.5698219431000564,1.0
NCEP-AirTemp-Africa-2000,NCEP2000_r026_c005,9,31.775663375854492,36.153865814208984,-4.378202438354492,-0.12109915052663044,7,30.708706967035923,1,-3.9624621073404946,2.5698219431000564,1.0
NCEP-AirTemp-Africa-2000,NCEP2000_r026_c005,10,24.34225082397461,31.775663375854492,-7.433412551879883,-0.23393414211230415,5,25.58885782135857,0,-5.283282809787327,2.5698219431000564,1.0
NCEP-AirTemp-Africa-2000,NCEP2000_r026_c005,11,21.13800048828125,24.34225082397461,-3.2042503356933594,-0.13163328070457245,3,20.469008675681216,2,-2.641641404893663,2.5698219431000564,1.0
NCEP-AirTemp-Africa-2000,NCEP2000_r026_c005,12,17.769041061401367,21.13800048828125,-3.368959426879883,-0.15937928607521837,2,17.909084102842538,1,-3.9624621073404946,2.5698219431000564,1.0
NCEP-AirTemp-Africa-2000,NCEP2000_r026_c006,1,14.134844779968262,,,,1,15.349159530003863,4,,2.5356022709380097,1.0
NCEP-AirTemp-Africa-2000,NCEP2000_r026_c006,2,18.311384201049805,14.134844779968262,4.176539421081543,0.2954782656687172,2,17.909084102842538,7,3.962462107340496,2.5356022709380097,1.0
NCEP-AirTemp-Africa-2000,NCEP2000_r026_c006,3,23.770002365112305,18.311384201049805,5.4586181640625,0.29809970148240095,4,23.02893324851989,8,5.283282809787327,2.5356022709380097,1.0
NCEP-AirTemp-Africa-2000,NCEP2000_r026_c006,4,27.05766487121582,23.770002365112305,3.2876625061035156,0.1383114084552588,6,28.148782394197248,6,2.6416414048936643,2.5356022709380097,1.0
NCEP-AirTemp-Africa-2000,NCEP2000_r026_c006,5,30.60354995727539,27.05766487121582,3.5458850860595703,0.1310491907907291,7,30.708706967035923,7,3.962462107340496,2.5356022709380097,1.0
NCEP-AirTemp-Africa-2000,NCEP2000_r026_c006,6,35.32999801635742,30.60354995727539,4.726448059082031,0.1544411699191914,8,33.2686315398746,8,5.283282809787327,2.5356022709380097,1.0
NCEP-AirTemp-Africa-2000,NCEP2000_r026_c006,7,37.37838363647461,35.32999801635742,2.0483856201171875,0.05797865086685842,8,33.2686315398746,6,2.6416414048936643,2.5356022709380097,1.0
NCEP-AirTemp-Africa-2000,NCEP2000_r026_c006,8,36.434513092041016,37.37838363647461,-0.9438705444335938,-0.02525177529379695,8,33.2686315398746,3,-1.3208207024468313,2.5356022709380097,1.0
NCEP-AirTemp-Africa-2000,NCEP2000_r026_c006,9,32.65066146850586,36.434513092041016,-3.7838516235351562,-0.10385349775297874,8,33.2686315398746,1,-3.9624621073404946,2.5356022709380097,1.0
NCEP-AirTemp-Africa-2000,NCEP2000_r026_c006,10,24.400964736938477,32.65066146850586,-8.249696731567383,-0.2526655314326439,5,25.58885782135857,0,-5.283282809787327,2.5356022709380097,1.0
NCEP-AirTemp-Africa-2000,NCEP2000_r026_c006,11,21.885334014892575,24.400964736938477,-2.515630722045902,-0.1030955435232325,4,23.02893324851989,2,-2.641641404893663,2.5356022709380097,1.0
NCEP-AirTemp-Africa-2000,NCEP2000_r026_c006,12,17.427743911743164,21.885334014892575,-4.4575901031494105,-0.20367932699204414,2,17.909084102842538,1,-3.9624621073404946,2.5356022709380097,1.0
NCEP-AirTemp-Africa-2000,NCEP2000_r026_c007,1,13.57549285888672,,,,0,12.789234957165185,4,,2.4976344127310255,1.0
NCEP-AirTemp-Africa-2000,NCEP2000_r026_c007,2,17.159317016601562,13.57549285888672,3.583824157714842,0.2639921949772024,2,17.909084102842538,7,3.962462107340496,2.4976344127310255,1.0
NCEP-AirTemp-Africa-2000,NCEP2000_r026_c007,3,23.089357376098633,17.159317016601562,5.93004035949707,0.3455872022038979,4,23.02893324851989,8,5.283282809787327,2.4976344127310255,1.0
NCEP-AirTemp-Africa-2000,NCEP2000_r026_c007,4,27.62966537475586,23.089357376098633,4.540307998657227,0.19664072605837046,6,28.148782394197248,7,3.962462107340496,2.4976344127310255,1.0
NCEP-AirTemp-Africa-2000,NCEP2000_r026_c007,5,31.663545608520508,27.62966537475586,4.033880233764648,0.1459981573808797,7,30.708706967035923,7,3.962462107340496,2.4976344127310255,1.0
NCEP-AirTemp-Africa-2000,NCEP2000_r026_c007,6,34.82599639892578,31.663545608520508,3.1624507904052734,0.09987671088718103,8,33.2686315398746,6,2.6416414048936643,2.4976344127310255,1.0
NCEP-AirTemp-Africa-2000,NCEP2000_r026_c007,7,37.78870391845703,34.82599639892578,2.96270751953125,0.08507172301960715,8,33.2686315398746,6,2.6416414048936643,2.4976344127310255,1.0
NCEP-AirTemp-Africa-2000,NCEP2000_r026_c007,8,35.734188079833984,37.78870391845703,-2.054515838623047,-0.05436851824969751,8,33.2686315398746,2,-2.641641404893663,2.4976344127310255,1.0
NCEP-AirTemp-Africa-2000,NCEP2000_r026_c007,9,32.8079948425293,35.734188079833984,-2.9261932373046875,-0.08188777735112548,8,33.2686315398746,2,-2.641641404893663,2.4976344127310255,1.0
NCEP-AirTemp-Africa-2000,NCEP2000_r026_c007,10,23.644187927246097,32.8079948425293,-9.1638069152832,-0.27931627517217467,4,23.02893324851989,0,-5.283282809787327,2.4976344127310255,1.0
NCEP-AirTemp-Africa-2000,NCEP2000_r026_c007,11,21.36366844177246,23.644187927246097,-2.2805194854736364,-0.09645158854644811,3,20.469008675681216,2,-2.641641404893663,2.4976344127310255,1.0
NCEP-AirTemp-Africa-2000,NCEP2000_r026_c007,12,16.474197387695312,21.36366844177246,-4.889471054077148,-0.22886851419753115,1,15.349159530003863,0,-5.283282809787327,2.4976344127310255,1.0
NCEP-AirTemp-Africa-2000,NCEP2000_r026_c008,1,14.336134910583496,,,,1,15.349159530003863,4,,2.455396410961721,1.0
NCEP-AirTemp-Africa-2000,NCEP2000_r026_c008,2,17.02069854736328,14.336134910583496,2.684563636779785,0.18725853610640447,2,17.909084102842538,6,2.6416414048936643,2.455396410961721,1.0
NCEP-AirTemp-Africa-2000,NCEP2000_r026_c008,3,23.310325622558594,17.02069854736328,6.2896270751953125,0.3695281399698871,4,23.02893324851989,8,5.283282809787327,2.455396410961721,1.0
NCEP-AirTemp-Africa-2000,NCEP2000_r026_c008,4,28.614999771118164,23.310325622558594,5.30467414855957,0.22756756960211513,6,28.148782394197248,8,5.283282809787327,2.455396410961721,1.0
NCEP-AirTemp-Africa-2000,NCEP2000_r026_c008,5,32.81547927856445,28.614999771118164,4.200479507446289,0.14679292472635064,8,33.2686315398746,7,3.962462107340496,2.455396410961721,1.0
NCEP-AirTemp-Africa-2000,NCEP2000_r026_c008,6,34.861000061035156,32.81547927856445,2.045520782470703,0.06233402124365336,8,33.2686315398746,6,2.6416414048936643,2.455396410961721,1.0
NCEP-AirTemp-Africa-2000,NCEP2000_r026_c008,7,37.605812072753906,34.861000061035156,2.74481201171875,0.07873589417724942,8,33.2686315398746,6,2.6416414048936643,2.455396410961721,1.0
NCEP-AirTemp-Africa-2000,NCEP2000_r026_c008,8,35.76773452758789,37.605812072753906,-1.8380775451660156,-0.04887748578889847,8,33.2686315398746,3,-1.3208207024468313,2.455396410961721,1.0
NCEP-AirTemp-Africa-2000,NCEP2000_r026_c008,9,33.476661682128906,35.76773452758789,-2.2910728454589844,-0.06405417831794365,8,33.2686315398746,2,-2.641641404893663,2.455396410961721,1.0
NCEP-AirTemp-Africa-2000,NCEP2000_r026_c008,10,24.41451644897461,33.476661682128906,-9.062145233154297,-0.27070038581511274,5,25.58885782135857,0,-5.283282809787327,2.455396410961721,1.0
NCEP-AirTemp-Africa-2000,NCEP2000_r026_c008,11,21.195003509521484,24.41451644897461,-3.219512939453125,-0.131868798064536,3,20.469008675681216,2,-2.641641404893663,2.455396410961721,1.0
NCEP-AirTemp-Africa-2000,NCEP2000_r026_c008,12,16.95033073425293,21.195003509521484,-4.244672775268555,-0.2002676137025271,2,17.909084102842538,1,-3.9624621073404946,2.455396410961721,1.0
NCEP-AirTemp-Africa-2000,NCEP2000_r026_c009,1,14.380975723266602,,,,1,15.349159530003863,4,,2.4083040428596947,1.0
NCEP-AirTemp-Africa-2000,NCEP2000_r026_c009,2,15.542078018188477,14.380975723266602,1.161102294921875,0.08073877025210176,1,15.349159530003863,5,1.3208207024468321,2.4083040428596947,1.0
NCEP-AirTemp-Africa-2000,NCEP2000_r026_c009,3,22.28774642944336,15.542078018188477,6.745668411254883,0.4340261581083693,4,23.02893324851989,8,5.283282809787327,2.4083040428596947,1.0
NCEP-AirTemp-Africa-2000,NCEP2000_r026_c009,4,28.11932945251465,22.28774642944336,5.831583023071289,0.2616497384126482,6,28.148782394197248,8,5.283282809787327,2.4083040428596947,1.0
NCEP-AirTemp-Africa-2000,NCEP2000_r026_c009,5,31.8167724609375,28.11932945251465,3.6974430084228516,0.1314911514752425,7,30.708706967035923,7,3.962462107340496,2.4083040428596947,1.0
NCEP-AirTemp-Africa-2000,NCEP2000_r026_c009,6,32.94933319091797,31.8167724609375,1.1325607299804688,0.03559634250680049,8,33.2686315398746,5,1.3208207024468321,2.4083040428596947,1.0
NCEP-AirTemp-Africa-2000,NCEP2000_r026_c009,7,35.14741897583008,32.94933319091797,2.1980857849121094,0.066711085537779,8,33.2686315398746,6,2.6416414048936643,2.4083040428596947,1.0
NCEP-AirTemp-Africa-2000,NCEP2000_r026_c009,8,33.82418441772461,35.14741897583008,-1.3232345581054688,-0.03764812884312845,8,33.2686315398746,3,-1.3208207024468313,2.4083040428596947,1.0
NCEP-AirTemp-Africa-2000,NCEP2000_r026_c009,9,32.1719970703125,33.82418441772461,-1.6521873474121094,-0.04884633216895327,8,33.2686315398746,3,-1.3208207024468313,2.4083040428596947,1.0
NCEP-AirTemp-Africa-2000,NCEP2000_r026_c009,10,24.426450729370117,32.1719970703125,-7.745546340942383,-0.24075429088266875,5,25.58885782135857,0,-5.283282809787327,2.4083040428596947,1.0
NCEP-AirTemp-Africa-2000,NCEP2000_r026_c009,11,20.364336013793945,24.426450729370117,-4.062114715576172,-0.16629983457612718,3,20.469008675681216,1,-3.9624621073404946,2.4083040428596947,1.0
NCEP-AirTemp-Africa-2000,NCEP2000_r026_c009,12,16.672588348388672,20.364336013793945,-3.6917476654052734,-0.18128495144180684,2,17.909084102842538,1,-3.9624621073404946,2.4083040428596947,1.0
NCEP-AirTemp-Africa-2000,NCEP2000_r026_c010,1,12.115809440612791,,,,0,12.789234957165185,4,,2.3557183744408845,1.0
NCEP-AirTemp-Africa-2000,NCEP2000_r026_c010,2,12.011727333068848,12.115809440612791,-0.10408210754394354,-0.00859060288576801,0,12.789234957165185,4,4.440892098500626e-16,2.3557183744408845,1.0
NCEP-AirTemp-Africa-2000,NCEP2000_r026_c010,3,18.978071212768555,12.011727333068848,6.966343879699707,0.579961872804175,2,17.909084102842538,8,5.283282809787327,2.3557183744408845,1.0
NCEP-AirTemp-Africa-2000,NCEP2000_r026_c010,4,25.33633804321289,18.978071212768555,6.358266830444336,0.33503229907612836,5,25.58885782135857,8,5.283282809787327,2.3557183744408845,1.0
NCEP-AirTemp-Africa-2000,NCEP2000_r026_c010,5,28.37612533569336,25.33633804321289,3.0397872924804688,0.11997737349793405,6,28.148782394197248,6,2.6416414048936643,2.3557183744408845,1.0
NCEP-AirTemp-Africa-2000,NCEP2000_r026_c010,6,28.95099639892578,28.37612533569336,0.5748710632324219,0.02025896969482691,6,28.148782394197248,4,4.440892098500626e-16,2.3557183744408845,1.0
NCEP-AirTemp-Africa-2000,NCEP2000_r026_c010,7,30.739351272583008,28.95099639892578,1.7883548736572266,0.0617717901316717,7,30.708706967035923,5,1.3208207024468321,2.3557183744408845,1.0
NCEP-AirTemp-Africa-2000,NCEP2000_r026_c010,8,29.36031723022461,30.739351272583008,-1.3790340423583984,-0.04486217129729684,6,28.148782394197248,3,-1.3208207024468313,2.3557183744408845,1.0
NCEP-AirTemp-Africa-2000,NCEP2000_r026_c010,9,28.41899681091309,29.36031723022461,-0.9413204193115199,-0.03206097576978798,6,28.148782394197248,3,-1.3208207024468313,2.3557183744408845,1.0
NCEP-AirTemp-Africa-2000,NCEP2000_r026_c010,10,22.34096908569336,28.41899681091309,-6.07802772521973,-0.21387200138203774,4,23.02893324851989,0,-5.283282809787327,2.3557183744408845,1.0
NCEP-AirTemp-Africa-2000,NCEP2000_r026_c010,11,17.781675338745117,22.34096908569336,-4.559293746948242,-0.20407770716928786,2,17.909084102842538,1,-3.9624621073404946,2.3557183744408845,1.0
NCEP-AirTemp-Africa-2000,NCEP2000_r026_c010,12,14.23000717163086,17.781675338745117,-3.551668167114258,-0.19973754437948843,1,15.349159530003863,1,-3.9624621073404946,2.3557183744408845,1.0
NCEP-AirTemp-Africa-2000,NCEP2000_r026_c011,1,10.282586097717283,,,,0,12.789234957165185,4,,2.2969658616738164,1.0
NCEP-AirTemp-Africa-2000,NCEP2000_r026_c011,2,10.292075157165527,10.282586097717283,0.009489059448243964,0.0009228281055045597,0,12.789234957165185,4,4.440892098500626e-16,2.2969658616738164,1.0
NCEP-AirTemp-Africa-2000,NCEP2000_r026_c011,3,16.992910385131836,10.292075157165527,6.700835227966309,0.6510674597339164,2,17.909084102842538,8,5.283282809787327,2.2969658616738164,1.0
NCEP-AirTemp-Africa-2000,NCEP2000_r026_c011,4,23.474668502807617,16.992910385131836,6.481758117675781,0.38143896311882386,4,23.02893324851989,8,5.283282809787327,2.2969658616738164,1.0
NCEP-AirTemp-Africa-2000,NCEP2000_r026_c011,5,26.356128692626953,23.474668502807617,2.881460189819336,0.12274764133409201,5,25.58885782135857,6,2.6416414048936643,2.2969658616738164,1.0
NCEP-AirTemp-Africa-2000,NCEP2000_r026_c011,6,26.87633514404297,26.356128692626953,0.5202064514160156,0.01973758959378362,6,28.148782394197248,4,4.440892098500626e-16,2.2969658616738164,1.0
NCEP-AirTemp-Africa-2000,NCEP2000_r026_c011,7,28.516450881958008,26.87633514404297,1.640115737915039,0.06102453065586824,6,28.148782394197248,5,1.3208207024468321,2.2969658616738164,1.0
NCEP-AirTemp-Africa-2000,NCEP2000_r026_c011,8,27.18806266784668,28.516450881958008,-1.3283882141113281,-0.0465832238243849,6,28.148782394197248,3,-1.3208207024468313,2.2969658616738164,1.0
NCEP-AirTemp-Africa-2000,NCEP2000_r026_c011,9,26.55432510375977,27.18806266784668,-0.6337375640869105,-0.02330940500723449,5,25.58885782135857,4,4.440892098500626e-16,2.2969658616738164,1.0
NCEP-AirTemp-Africa-2000,NCEP2000_r026_c011,10,21.786128997802734,26.55432510375977,-4.768196105957035,-0.17956382198852858,4,23.02893324851989,0,-5.283282809787327,2.2969658616738164,1.0
NCEP-AirTemp-Africa-2000,NCEP2000_r026_c011,11,16.197677612304688,21.786128997802734,-5.588451385498047,-0.2565141969948712,1,15.349159530003863,0,-5.283282809787327,2.2969658616738164,1.0
NCEP-AirTemp-Africa-2000,NCEP2000_r026_c011,12,12.590326309204102,16.197677612304688,-3.607351303100586,-0.22270793316445775,0,12.789234957165185,1,-3.9624621073404946,2.2969658616738164,1.0
NCEP-AirTemp-Africa-2000,NCEP2000_r026_c012,1,10.069037437438965,,,,0,12.789234957165185,4,,2.2313780836838677,1.0
NCEP-AirTemp-Africa-2000,NCEP2000_r026_c012,2,10.832422256469728,10.069037437438965,0.7633848190307635,0.07581507405984267,0,12.789234957165185,5,1.3208207024468321,2.2313780836838677,1.0
NCEP-AirTemp-Africa-2000,NCEP2000_r026_c012,3,17.260330200195312,10.832422256469728,6.427907943725584,0.593395252837977,2,17.909084102842538,8,5.283282809787327,2.2313780836838677,1.0
NCEP-AirTemp-Africa-2000,NCEP2000_r026_c012,4,24.018001556396484,17.260330200195312,6.757671356201172,0.3915146047509974,4,23.02893324851989,8,5.283282809787327,2.2313780836838677,1.0
NCEP-AirTemp-Africa-2000,NCEP2000_r026_c012,5,27.22129249572754,24.018001556396484,3.2032909393310547,0.13337041934190202,6,28.148782394197248,6,2.6416414048936643,2.2313780836838677,1.0
NCEP-AirTemp-Africa-2000,NCEP2000_r026_c012,6,27.96833038330078,27.22129249572754,0.7470378875732422,0.027443145386667145,6,28.148782394197248,5,1.3208207024468321,2.2313780836838677,1.0
NCEP-AirTemp-Africa-2000,NCEP2000_r026_c012,7,29.572580337524418,27.96833038330078,1.6042499542236364,0.057359518149195474,7,30.708706967035923,5,1.3208207024468321,2.2313780836838677,1.0
NCEP-AirTemp-Africa-2000,NCEP2000_r026_c012,8,28.22870826721191,29.572580337524418,-1.343872070312507,-0.045443179288865716,6,28.148782394197248,3,-1.3208207024468313,2.2313780836838677,1.0
NCEP-AirTemp-Africa-2000,NCEP2000_r026_c012,9,27.683998107910156,28.22870826721191,-0.5447101593017543,-0.01929631898652776,6,28.148782394197248,4,4.440892098500626e-16,2.2313780836838677,1.0
NCEP-AirTemp-Africa-2000,NCEP2000_r026_c012,10,23.170324325561523,27.683998107910156,-4.513673782348633,-0.1630426994234962,4,23.02893324851989,1,-3.9624621073404946,2.2313780836838677,1.0
NCEP-AirTemp-Africa-2000,NCEP2000_r026_c012,11,16.572341918945312,23.170324325561523,-6.597982406616211,-0.28476003675690076,1,15.349159530003863,0,-5.283282809787327,2.2313780836838677,1.0
NCEP-AirTemp-Africa-2000,NCEP2000_r026_c012,12,12.97935390472412,16.572341918945312,-3.592988014221193,-0.21680629278555558,0,12.789234957165185,1,-3.9624621073404946,2.2313780836838677,1.0
NCEP-AirTemp-Africa-2000,NCEP2000_r026_c013,1,10.48613739013672,,,,0,12.789234957165185,4,,2.158359519340238,0.9571246889075316
NCEP-AirTemp-Africa-2000,NCEP2000_r026_c013,2,11.474833488464355,10.48613739013672,0.9886960983276349,0.09428601414831778,0,12.789234957165185,5,1.3208207024468321,2.158359519340238,0.9571246889075316
NCEP-AirTemp-Africa-2000,NCEP2000_r026_c013,3,17.594520568847656,11.474833488464355,6.119687080383301,0.5333138024647956,2,17.909084102842538,8,5.283282809787327,2.158359519340238,0.9571246889075316
NCEP-AirTemp-Africa-2000,NCEP2000_r026_c013,4,24.958003997802734,17.594520568847656,7.363483428955078,0.418510035561449,5,25.58885782135857,8,5.283282809787327,2.158359519340238,0.9571246889075316
NCEP-AirTemp-Africa-2000,NCEP2000_r026_c013,5,27.989351272583008,24.958003997802734,3.0313472747802734,0.12145792087568977,6,28.148782394197248,6,2.6416414048936643,2.158359519340238,0.9571246889075316
NCEP-AirTemp-Africa-2000,NCEP2000_r026_c013,6,28.84366798400879,27.989351272583008,0.8543167114257812,0.03052291934549508,6,28.148782394197248,5,1.3208207024468321,2.158359519340238,0.9571246889075316
NCEP-AirTemp-Africa-2000,NCEP2000_r026_c013,7,30.278709411621097,28.84366798400879,1.4350414276123082,0.04975239031346184,7,30.708706967035923,5,1.3208207024468321,2.158359519340238,0.9571246889075316
NCEP-AirTemp-Africa-2000,NCEP2000_r026_c013,8,28.927736282348633,30.278709411621097,-1.3509731292724645,-0.04461792313888898,6,28.148782394197248,3,-1.3208207024468313,2.158359519340238,0.9571246889075316
NCEP-AirTemp-Africa-2000,NCEP2000_r026_c013,9,28.48733139038086,28.927736282348633,-0.44040489196777344,-0.015224312323273748,6,28.148782394197248,4,4.440892098500626e-16,2.158359519340238,0.9571246889075316
NCEP-AirTemp-Africa-2000,NCEP2000_r026_c013,10,23.827741622924805,28.48733139038086,-4.659589767456055,-0.1635670854388779,4,23.02893324851989,0,-5.283282809787327,2.158359519340238,0.9571246889075316
NCEP-AirTemp-Africa-2000,NCEP2000_r026_c013,11,17.016338348388672,23.827741622924805,-6.811403274536133,-0.28586021211438867,2,17.909084102842538,0,-5.283282809787327,2.158359519340238,0.9571246889075316
NCEP-AirTemp-Africa-2000,NCEP2000_r026_c013,12,13.91226577758789,17.016338348388672,-3.1040725708007812,-0.18241718677947627,0,12.789234957165185,2,-2.641641404893663,2.158359519340238,0.9571246889075316
NCEP-AirTemp-Africa-2000,NCEP2000_r026_c014,1,11.270974159240724,,,,0,12.789234957165185,4,,2.077490683612158,0.6666666666666667
NCEP-AirTemp-Africa-2000,NCEP2000_r026_c014,2,12.184834480285645,11.270974159240724,0.9138603210449201,0.08108086383071637,0,12.789234957165185,5,1.3208207024468321,2.077490683612158,0.6666666666666667
NCEP-AirTemp-Africa-2000,NCEP2000_r026_c014,3,17.495487213134766,12.184834480285645,5.310652732849121,0.4358411877848197,2,17.909084102842538,8,5.283282809787327,2.077490683612158,0.6666666666666667
NCEP-AirTemp-Africa-2000,NCEP2000_r026_c014,4,25.674663543701172,17.495487213134766,8.179176330566406,0.4675020610129609,5,25.58885782135857,8,5.283282809787327,2.077490683612158,0.6666666666666667
NCEP-AirTemp-Africa-2000,NCEP2000_r026_c014,5,27.98096466064453,25.674663543701172,2.3063011169433594,0.08982790029625022,6,28.148782394197248,6,2.6416414048936643,2.077490683612158,0.6666666666666667
NCEP-AirTemp-Africa-2000,NCEP2000_r026_c014,6,28.747331619262695,27.98096466064453,0.7663669586181641,0.027388868393664275,6,28.148782394197248,5,1.3208207024468321,2.077490683612158,0.6666666666666667
NCEP-AirTemp-Africa-2000,NCEP2000_r026_c014,7,30.264835357666016,28.747331619262695,1.5175037384033203,0.05278763811895808,7,30.708706967035923,5,1.3208207024468321,2.077490683612158,0.6666666666666667
NCEP-AirTemp-Africa-2000,NCEP2000_r026_c014,8,29.110641479492188,30.264835357666016,-1.1541938781738281,-0.038136466448064565,6,28.148782394197248,3,-1.3208207024468313,2.077490683612158,0.6666666666666667
NCEP-AirTemp-Africa-2000,NCEP2000_r026_c014,9,28.555660247802734,29.110641479492188,-0.5549812316894531,-0.01906454833983735,6,28.148782394197248,4,4.440892098500626e-16,2.077490683612158,0.6666666666666667
NCEP-AirTemp-Africa-2000,NCEP2000_r026_c014,10,23.933229446411133,28.555660247802734,-4.622430801391602,-0.16187441513446646,4,23.02893324851989,1,-3.9624621073404946,2.077490683612158,0.6666666666666667
NCEP-AirTemp-Africa-2000,NCEP2000_r026_c014,11,17.301342010498047,23.933229446411133,-6.631887435913086,-0.27709956363233545,2,17.909084102842538,0,-5.283282809787327,2.077490683612158,0.6666666666666667
NCEP-AirTemp-Africa-2000,NCEP2000_r026_c014,12,14.234524726867676,17.301342010498047,-3.066817283630371,-0.17725892487238842,1,15.349159530003863,2,-2.641641404893663,2.077490683612158,0.6666666666666667
NCEP-AirTemp-Africa-2000,NCEP2000_r026_c015,1,11.670655250549316,,,,0,12.789234957165185,4,,1.9886673635727752,0.72
NCEP-AirTemp-Africa-2000,NCEP2000_r026_c015,2,12.728971481323242,11.670655250549316,1.0583162307739258,0.09068181760609481,0,12.789234957165185,5,1.3208207024468321,1.9886673635727752,0.72
NCEP-AirTemp-Africa-2000,NCEP2000_r026_c015,3,17.25355339050293,12.728971481323242,4.5245819091796875,0.355455420402068,2,17.909084102842538,7,3.962462107340496,1.9886673635727752,0.72
NCEP-AirTemp-Africa-2000,NCEP2000_r026_c015,4,25.91432762145996,17.25355339050293,8.660774230957031,0.5019704657316724,5,25.58885782135857,8,5.283282809787327,1.9886673635727752,0.72
NCEP-AirTemp-Africa-2000,NCEP2000_r026_c015,5,28.09031867980957,25.91432762145996,2.1759910583496094,0.08396864816001035,6,28.148782394197248,6,2.6416414048936643,1.9886673635727752,0.72
NCEP-AirTemp-Africa-2000,NCEP2000_r026_c015,6,29.00066375732422,28.09031867980957,0.9103450775146484,0.03240778746198332,6,28.148782394197248,5,1.3208207024468321,1.9886673635727752,0.72
NCEP-AirTemp-Africa-2000,NCEP2000_r026_c015,7,30.901615142822266,29.00066375732422,1.9009513854980469,0.0655485474886055,7,30.708706967035923,5,1.3208207024468321,1.9886673635727752,0.72
NCEP-AirTemp-Africa-2000,NCEP2000_r026_c015,8,29.729352951049805,30.901615142822266,-1.172262191772461,-0.03793530488145862,7,30.708706967035923,3,-1.3208207024468313,1.9886673635727752,0.72
NCEP-AirTemp-Africa-2000,NCEP2000_r026_c015,9,29.067333221435547,29.729352951049805,-0.6620197296142578,-0.022268218575234096,6,28.148782394197248,3,-1.3208207024468313,1.9886673635727752,0.72
NCEP-AirTemp-Africa-2000,NCEP2000_r026_c015,10,24.086774826049805,29.067333221435547,-4.980558395385742,-0.17134555679544955,4,23.02893324851989,0,-5.283282809787327,1.9886673635727752,0.72
NCEP-AirTemp-Africa-2000,NCEP2000_r026_c015,11,17.58067512512207,24.086774826049805,-6.506099700927734,-0.27011086988248,2,17.909084102842538,0,-5.283282809787327,1.9886673635727752,0.72
NCEP-AirTemp-Africa-2000,NCEP2000_r026_c015,12,14.048717498779297,17.58067512512207,-3.5319576263427734,-0.20089999964197902,0,12.789234957165185,1,-3.9624621073404946,1.9886673635727752,0.72
NCEP-AirTemp-Africa-2000,NCEP2000_r026_c016,1,12.04355239868164,,,,0,12.789234957165185,4,,1.8922613204948069,0.782608695652174
NCEP-AirTemp-Africa-2000,NCEP2000_r026_c016,2,13.240697860717772,12.04355239868164,1.197145462036131,0.09940135787238139,0,12.789234957165185,5,1.3208207024468321,1.8922613204948069,0.782608695652174
NCEP-AirTemp-Africa-2000,NCEP2000_r026_c016,3,17.456134796142578,13.240697860717772,4.2154369354248065,0.3183696946919299,2,17.909084102842538,7,3.962462107340496,1.8922613204948069,0.782608695652174
NCEP-AirTemp-Africa-2000,NCEP2000_r026_c016,4,25.597997665405273,17.456134796142578,8.141862869262695,0.46641842334202577,5,25.58885782135857,8,5.283282809787327,1.8922613204948069,0.782608695652174
NCEP-AirTemp-Africa-2000,NCEP2000_r026_c016,5,27.99548721313477,25.597997665405273,2.3974895477294957,0.09365926112922544,6,28.148782394197248,6,2.6416414048936643,1.8922613204948069,0.782608695652174
NCEP-AirTemp-Africa-2000,NCEP2000_r026_c016,6,29.35199737548828,27.99548721313477,1.356510162353512,0.04845460098715739,6,28.148782394197248,5,1.3208207024468321,1.8922613204948069,0.782608695652174
NCEP-AirTemp-Africa-2000,NCEP2000_r026_c016,7,31.69934844970703,29.35199737548828,2.34735107421875,0.07997244767332298,7,30.708706967035923,6,2.6416414048936643,1.8922613204948069,0.782608695652174
NCEP-AirTemp-Africa-2000,NCEP2000_r026_c016,8,30.213869094848633,31.69934844970703,-1.4854793548583984,-0.046861510646352966,7,30.708706967035923,3,-1.3208207024468313,1.8922613204948069,0.782608695652174
NCEP-AirTemp-Africa-2000,NCEP2000_r026_c016,9,29.534666061401367,30.213869094848633,-0.6792030334472656,-0.022479842992470883,7,30.708706967035923,3,-1.3208207024468313,1.8922613204948069,0.782608695652174
NCEP-AirTemp-Africa-2000,NCEP2000_r026_c016,10,24.11419677734375,29.534666061401367,-5.420469284057617,-0.18352905269992498,4,23.02893324851989,0,-5.283282809787327,1.8922613204948069,0.782608695652174
NCEP-AirTemp-Africa-2000,NCEP2000_r026_c016,11,18.08100318908691,24.11419677734375,-6.0331935882568395,-0.25019259998430743,2,17.909084102842538,0,-5.283282809787327,1.8922613204948069,0.782608695652174
NCEP-AirTemp-Africa-2000,NCEP2000_r026_c016,12,14.431300163269045,18.08100318908691,-3.6497030258178658,-0.20185290537533362,1,15.349159530003863,1,-3.9624621073404946,1.8922613204948069,0.782608695652174
NCEP-AirTemp-Africa-2000,NCEP2000_r026_c017,1,11.6029052734375,,,,0,12.789234957165185,4,,1.7892637105669047,0.782608695652174
NCEP-AirTemp-Africa-2000,NCEP2000_r026_c017,2,12.80862522125244,11.6029052734375,1.2057199478149396,0.10391534873383747,0,12.789234957165185,5,1.3208207024468321,1.7892637105669047,0.782608695652174
NCEP-AirTemp-Africa-2000,NCEP2000_r026_c017,3,16.853233337402344,12.80862522125244,4.044608116149904,0.3157722274080573,2,17.909084102842538,7,3.962462107340496,1.7892637105669047,0.782608695652174
NCEP-AirTemp-Africa-2000,NCEP2000_r026_c017,4,24.82033348083496,16.853233337402344,7.967100143432617,0.4727342216137985,5,25.58885782135857,8,5.283282809787327,1.7892637105669047,0.782608695652174
NCEP-AirTemp-Africa-2000,NCEP2000_r026_c017,5,27.058704376220703,24.82033348083496,2.238370895385742,0.09018295008461921,6,28.148782394197248,6,2.6416414048936643,1.7892637105669047,0.782608695652174
NCEP-AirTemp-Africa-2000,NCEP2000_r026_c017,6,28.93899917602539,27.058704376220703,1.8802947998046875,0.06948946164093127,6,28.148782394197248,5,1.3208207024468321,1.7892637105669047,0.782608695652174
NCEP-AirTemp-Africa-2000,NCEP2000_r026_c017,7,31.75999641418457,28.93899917602539,2.8209972381591797,0.09748081545599006,7,30.708706967035923,6,2.6416414048936643,1.7892637105669047,0.782608695652174
NCEP-AirTemp-Africa-2000,NCEP2000_r026_c017,8,29.77031707763672,31.75999641418457,-1.9896793365478516,-0.06264734134728132,7,30.708706967035923,2,-2.641641404893663,1.7892637105669047,0.782608695652174
NCEP-AirTemp-Africa-2000,NCEP2000_r026_c017,9,28.72699546813965,29.77031707763672,-1.0433216094970703,-0.035045700278443025,6,28.148782394197248,3,-1.3208207024468313,1.7892637105669047,0.782608695652174
NCEP-AirTemp-Africa-2000,NCEP2000_r026_c017,10,23.097740173339844,28.72699546813965,-5.629255294799805,-0.19595698064014605,4,23.02893324851989,0,-5.283282809787327,1.7892637105669047,0.782608695652174
NCEP-AirTemp-Africa-2000,NCEP2000_r026_c017,11,17.810007095336914,23.097740173339844,-5.28773307800293,-0.2289285894776062,2,17.909084102842538,0,-5.283282809787327,1.7892637105669047,0.782608695652174
NCEP-AirTemp-Africa-2000,NCEP2000_r026_c017,12,13.969042778015137,17.810007095336914,-3.8409643173217773,-0.21566326710377526,0,12.789234957165185,1,-3.9624621073404946,1.7892637105669047,0.782608695652174
NCEP-AirTemp-Africa-2000,NCEP2000_r026_c018,1,10.242912292480469,,,,0,12.789234957165185,4,,1.6813490832717268,0.7826086956521738
NCEP-AirTemp-Africa-2000,NCEP2000_r026_c018,2,11.501382827758787,10.242912292480469,1.2584705352783185,0.12286257065797464,0,12.789234957165185,5,1.3208207024468321,1.6813490832717268,0.7826086956521738
NCEP-AirTemp-Africa-2000,NCEP2000_r026_c018,3,15.349040985107422,11.501382827758787,3.8476581573486346,0.3345387432946102,1,15.349159530003863,7,3.962462107340496,1.6813490832717268,0.7826086956521738
NCEP-AirTemp-Africa-2000,NCEP2000_r026_c018,4,23.683671951293945,15.349040985107422,8.334630966186523,0.5430066265555804,4,23.02893324851989,8,5.283282809787327,1.6813490832717268,0.7826086956521738
NCEP-AirTemp-Africa-2000,NCEP2000_r026_c018,5,25.713544845581055,23.683671951293945,2.0298728942871094,0.08570769340419818,5,25.58885782135857,6,2.6416414048936643,1.6813490832717268,0.7826086956521738
NCEP-AirTemp-Africa-2000,NCEP2000_r026_c018,6,27.98066520690918,25.713544845581055,2.267120361328125,0.08816833209668234,6,28.148782394197248,6,2.6416414048936643,1.6813490832717268,0.7826086956521738
NCEP-AirTemp-Africa-2000,NCEP2000_r026_c018,7,31.09806251525879,27.98066520690918,3.1173973083496094,0.11141255167800085,7,30.708706967035923,6,2.6416414048936643,1.6813490832717268,0.7826086956521738
NCEP-AirTemp-Africa-2000,NCEP2000_r026_c018,8,28.817092895507812,31.09806251525879,-2.2809696197509766,-0.07334764404154698,6,28.148782394197248,2,-2.641641404893663,1.6813490832717268,0.7826086956521738
NCEP-AirTemp-Africa-2000,NCEP2000_r026_c018,9,27.302000045776367,28.817092895507812,-1.5150928497314453,-0.05257618647464705,6,28.148782394197248,3,-1.3208207024468313,1.6813490832717268,0.7826086956521738
NCEP-AirTemp-Africa-2000,NCEP2000_r026_c018,10,21.386449813842773,27.302000045776367,-5.915550231933594,-0.21667094798971448,3,20.469008675681216,0,-5.283282809787327,1.6813490832717268,0.7826086956521738
NCEP-AirTemp-Africa-2000,NCEP2000_r026_c018,11,16.653005599975586,21.386449813842773,-4.7334442138671875,-0.22132912451899234,2,17.909084102842538,0,-5.283282809787327,1.6813490832717268,0.7826086956521738
NCEP-AirTemp-Africa-2000,NCEP2000_r026_c018,12,12.863232612609863,16.653005599975586,-3.7897729873657227,-0.22757291256608228,0,12.789234957165185,1,-3.9624621073404946,1.6813490832717268,0.7826086956521738
NCEP-AirTemp-Africa-2000,NCEP2000_r026_c019,1,10.563233375549316,,,,0,12.789234957165185,4,,1.5707963267948966,0.782608695652174
NCEP-AirTemp-Africa-2000,NCEP2000_r026_c019,2,11.767938613891602,10.563233375549316,1.2047052383422852,0.1140470152946552,0,12.789234957165185,5,1.3208207024468321,1.5707963267948966,0.782608695652174
NCEP-AirTemp-Africa-2000,NCEP2000_r026_c019,3,15.738714218139648,11.767938613891602,3.970775604248047,0.3374232084760111,1,15.349159530003863,7,3.962462107340496,1.5707963267948966,0.782608695652174
NCEP-AirTemp-Africa-2000,NCEP2000_r026_c019,4,24.075336456298828,15.738714218139648,8.33662223815918,0.529688901050812,4,23.02893324851989,8,5.283282809787327,1.5707963267948966,0.782608695652174
NCEP-AirTemp-Africa-2000,NCEP2000_r026_c019,5,26.45096969604492,24.075336456298828,2.37563323974609,0.09867497569798463,5,25.58885782135857,6,2.6416414048936643,1.5707963267948966,0.782608695652174
NCEP-AirTemp-Africa-2000,NCEP2000_r026_c019,6,28.37599754333496,26.45096969604492,1.9250278472900426,0.07277721268486737,6,28.148782394197248,5,1.3208207024468321,1.5707963267948966,0.782608695652174
NCEP-AirTemp-Africa-2000,NCEP2000_r026_c019,7,31.471607208251953,28.37599754333496,3.095609664916992,0.10909254063013894,7,30.708706967035923,6,2.6416414048936643,1.5707963267948966,0.782608695652174
NCEP-AirTemp-Africa-2000,NCEP2000_r026_c019,8,29.18257713317871,31.471607208251953,-2.289030075073242,-0.07273318009869707,6,28.148782394197248,2,-2.641641404893663,1.5707963267948966,0.782608695652174
NCEP-AirTemp-Africa-2000,NCEP2000_r026_c019,9,27.873329162597656,29.18257713317871,-1.3092479705810547,-0.04486402844430501,6,28.148782394197248,3,-1.3208207024468313,1.5707963267948966,0.782608695652174
NCEP-AirTemp-Africa-2000,NCEP2000_r026_c019,10,21.6064510345459,27.873329162597656,-6.266878128051758,-0.2248342166626111,3,20.469008675681216,0,-5.283282809787327,1.5707963267948966,0.782608695652174
NCEP-AirTemp-Africa-2000,NCEP2000_r026_c019,11,17.38300323486328,21.6064510345459,-4.223447799682617,-0.195471611368747,2,17.909084102842538,1,-3.9624621073404946,1.5707963267948966,0.782608695652174
NCEP-AirTemp-Africa-2000,NCEP2000_r026_c019,12,13.65388011932373,17.38300323486328,-3.729123115539551,-0.21452697587149017,0,12.789234957165185,1,-3.9624621073404946,1.5707963267948966,0.782608695652174
NCEP-AirTemp-Africa-2000,NCEP2000_r026_c020,1,10.806458473205566,,,,0,12.789234957165185,4,,1.4602435703180665,0.7826086956521738
NCEP-AirTemp-Africa-2000,NCEP2000_r026_c020,2,11.94345474243164,10.806458473205566,1.1369962692260742,0.10521451334359333,0,12.789234957165185,5,1.3208207024468321,1.4602435703180665,0.7826086956521738
NCEP-AirTemp-Africa-2000,NCEP2000_r026_c020,3,16.399681091308594,11.94345474243164,4.456226348876953,0.37311033071907324,1,15.349159530003863,7,3.962462107340496,1.4602435703180665,0.7826086956521738
NCEP-AirTemp-Africa-2000,NCEP2000_r026_c020,4,25.12099838256836,16.399681091308594,8.721317291259766,0.5317979808693865,5,25.58885782135857,8,5.283282809787327,1.4602435703180665,0.7826086956521738
NCEP-AirTemp-Africa-2000,NCEP2000_r026_c020,5,28.375484466552734,25.12099838256836,3.254486083984375,0.12955241803775944,6,28.148782394197248,6,2.6416414048936643,1.4602435703180665,0.7826086956521738
NCEP-AirTemp-Africa-2000,NCEP2000_r026_c020,6,29.96000289916992,28.375484466552734,1.584518432617184,0.055841105884374104,7,30.708706967035923,5,1.3208207024468321,1.4602435703180665,0.7826086956521738
NCEP-AirTemp-Africa-2000,NCEP2000_r026_c020,7,32.726131439208984,29.96000289916992,2.766128540039066,0.09232737891743346,8,33.2686315398746,6,2.6416414048936643,1.4602435703180665,0.7826086956521738
NCEP-AirTemp-Africa-2000,NCEP2000_r026_c020,8,30.33483123779297,32.726131439208984,-2.3913002014160156,-0.0730700543037914,7,30.708706967035923,2,-2.641641404893663,1.4602435703180665,0.7826086956521738
NCEP-AirTemp-Africa-2000,NCEP2000_r026_c020,9,29.37699508666992,30.33483123779297,-0.9578361511230504,-0.03157545672875609,6,28.148782394197248,3,-1.3208207024468313,1.4602435703180665,0.7826086956521738
NCEP-AirTemp-Africa-2000,NCEP2000_r026_c020,10,22.36161231994629,29.37699508666992,-7.015382766723629,-0.23880532185223136,4,23.02893324851989,0,-5.283282809787327,1.4602435703180665,0.7826086956521738
NCEP-AirTemp-Africa-2000,NCEP2000_r026_c020,11,18.41100311279297,22.36161231994629,-3.9506092071533203,-0.17666924686058635,2,17.909084102842538,1,-3.9624621073404946,1.4602435703180665,0.7826086956521738
NCEP-AirTemp-Africa-2000,NCEP2000_r026_c020,12,13.76710605621338,18.41100311279297,-4.643897056579588,-0.2522348743373334,0,12.789234957165185,0,-5.283282809787327,1.4602435703180665,0.7826086956521738
NCEP-AirTemp-Africa-2000,NCEP2000_r026_c021,1,12.543554306030272,,,,0,12.789234957165185,4,,1.3523289430228886,0.8000000000000002
NCEP-AirTemp-Africa-2000,NCEP2000_r026_c021,2,13.365184783935549,12.543554306030272,0.821630477905277,0.06550220598242086,0,12.789234957165185,5,1.3208207024468321,1.3523289430228886,0.8000000000000002
NCEP-AirTemp-Africa-2000,NCEP2000_r026_c021,3,17.649362564086914,13.365184783935549,4.284177780151365,0.3205475905803253,2,17.909084102842538,7,3.962462107340496,1.3523289430228886,0.8000000000000002
NCEP-AirTemp-Africa-2000,NCEP2000_r026_c021,4,26.14800262451172,17.649362564086914,8.498640060424805,0.4815267423718699,5,25.58885782135857,8,5.283282809787327,1.3523289430228886,0.8000000000000002
NCEP-AirTemp-Africa-2000,NCEP2000_r026_c021,5,29.53418731689453,26.14800262451172,3.3861846923828125,0.12950070187038026,7,30.708706967035923,7,3.962462107340496,1.3523289430228886,0.8000000000000002
NCEP-AirTemp-Africa-2000,NCEP2000_r026_c021,6,31.620664596557617,29.53418731689453,2.086477279663086,0.07064617208781472,7,30.708706967035923,6,2.6416414048936643,1.3523289430228886,0.8000000000000002
NCEP-AirTemp-Africa-2000,NCEP2000_r026_c021,7,34.1109619140625,31.620664596557617,2.490297317504883,0.07875537561522312,8,33.2686315398746,6,2.6416414048936643,1.3523289430228886,0.8000000000000002
NCEP-AirTemp-Africa-2000,NCEP2000_r026_c021,8,31.434511184692383,34.1109619140625,-2.676450729370117,-0.07846306815131854,7,30.708706967035923,2,-2.641641404893663,1.3523289430228886,0.8000000000000002
NCEP-AirTemp-Africa-2000,NCEP2000_r026_c021,9,30.61865997314453,31.434511184692383,-0.8158512115478516,-0.025953997081562555,7,30.708706967035923,3,-1.3208207024468313,1.3523289430228886,0.8000000000000002
NCEP-AirTemp-Africa-2000,NCEP2000_r026_c021,10,23.585805892944336,30.61865997314453,-7.032854080200195,-0.22969176594823795,4,23.02893324851989,0,-5.283282809787327,1.3523289430228886,0.8000000000000002
NCEP-AirTemp-Africa-2000,NCEP2000_r026_c021,11,19.683666229248047,23.585805892944336,-3.902139663696289,-0.16544440675074026,3,20.469008675681216,1,-3.9624621073404946,1.3523289430228886,0.8000000000000002
NCEP-AirTemp-Africa-2000,NCEP2000_r026_c021,12,14.983231544494627,19.683666229248047,-4.70043468475342,-0.23879873952389127,1,15.349159530003863,0,-5.283282809787327,1.3523289430228886,0.8000000000000002
NCEP-AirTemp-Africa-2000,NCEP2000_r027_c003,1,15.46355438232422,,,,1,15.349159530003863,4,,2.5825652797172416,1.0
NCEP-AirTemp-Africa-2000,NCEP2000_r027_c003,2,18.61310577392578,15.46355438232422,3.1495513916015607,0.20367577296470007,2,17.909084102842538,6,2.6416414048936643,2.5825652797172416,1.0
NCEP-AirTemp-Africa-2000,NCEP2000_r027_c003,3,20.312259674072266,18.61310577392578,1.6991539001464844,0.09128803762168207,3,20.469008675681216,5,1.3208207024468321,2.5825652797172416,1.0
NCEP-AirTemp-Africa-2000,NCEP2000_r027_c003,4,17.77433967590332,20.312259674072266,-2.5379199981689453,-0.12494523203681233,2,17.909084102842538,2,-2.641641404893663,2.5825652797172416,1.0
NCEP-AirTemp-Africa-2000,NCEP2000_r027_c003,5,19.89936065673828,17.77433967590332,2.125020980834961,0.11955555140626983,3,20.469008675681216,6,2.6416414048936643,2.5825652797172416,1.0
NCEP-AirTemp-Africa-2000,NCEP2000_r027_c003,6,23.65566635131836,19.89936065673828,3.756305694580078,0.18876514473886505,4,23.02893324851989,7,3.962462107340496,2.5825652797172416,1.0
NCEP-AirTemp-Africa-2000,NCEP2000_r027_c003,7,23.648061752319336,23.65566635131836,-0.0076045989990234375,-0.0003214705046175807,4,23.02893324851989,4,4.440892098500626e-16,2.5825652797172416,1.0
NCEP-AirTemp-Africa-2000,NCEP2000_r027_c003,8,24.551288604736328,23.648061752319336,0.9032268524169922,0.03819454050302479,5,25.58885782135857,5,1.3208207024468321,2.5825652797172416,1.0
NCEP-AirTemp-Africa-2000,NCEP2000_r027_c003,9,23.12266731262207,24.551288604736328,-1.4286212921142578,-0.058189259028898974,4,23.02893324851989,3,-1.3208207024468313,2.5825652797172416,1.0
NCEP-AirTemp-Africa-2000,NCEP2000_r027_c003,10,21.26645851135254,23.12266731262207,-1.8562088012695312,-0.08027658644105796,3,20.469008675681216,3,-1.3208207024468313,2.5825652797172416,1.0
NCEP-AirTemp-Africa-2000,NCEP2000_r027_c003,11,18.557674407958984,21.26645851135254,-2.7087841033935547,-0.1273735399783439,2,17.909084102842538,2,-2.641641404893663,2.5825652797172416,1.0
NCEP-AirTemp-Africa-2000,NCEP2000_r027_c003,12,17.95226287841797,18.557674407958984,-0.6054115295410156,-0.03262324342113512,2,17.909084102842538,4,4.440892098500626e-16,2.5825652797172416,1.0
NCEP-AirTemp-Africa-2000,NCEP2000_r027_c004,1,13.048394203186035,,,,0,12.789234957165185,4,,2.553150478079379,1.0
NCEP-AirTemp-Africa-2000,NCEP2000_r027_c004,2,18.566211700439453,13.048394203186035,5.517817497253418,0.4228732985324837,2,17.909084102842538,8,5.283282809787327,2.553150478079379,1.0
NCEP-AirTemp-Africa-2000,NCEP2000_r027_c004,3,21.12064743041992,18.566211700439453,2.554435729980465,0.13758518814691761,3,20.469008675681216,6,2.6416414048936643,2.553150478079379,1.0
NCEP-AirTemp-Africa-2000,NCEP2000_r027_c004,4,19.352670669555664,21.12064743041992,-1.7679767608642543,-0.08370845480417659,3,20.469008675681216,3,-1.3208207024468313,2.553150478079379,1.0
NCEP-AirTemp-Africa-2000,NCEP2000_r027_c004,5,22.45452117919922,19.352670669555664,3.1018505096435547,0.16028023018668838,4,23.02893324851989,6,2.6416414048936643,2.553150478079379,1.0
NCEP-AirTemp-Africa-2000,NCEP2000_r027_c004,6,30.1090030670166,22.45452117919922,7.654481887817383,0.34088822588246165,7,30.708706967035923,8,5.283282809787327,2.553150478079379,1.0
NCEP-AirTemp-Africa-2000,NCEP2000_r027_c004,7,29.8709659576416,30.1090030670166,-0.238037109375,-0.007905844934326691,7,30.708706967035923,4,4.440892098500626e-16,2.553150478079379,1.0
NCEP-AirTemp-Africa-2000,NCEP2000_r027_c004,8,30.376771926879883,29.8709659576416,0.5058059692382812,0.016933030219228172,7,30.708706967035923,4,4.440892098500626e-16,2.553150478079379,1.0
NCEP-AirTemp-Africa-2000,NCEP2000_r027_c004,9,26.13332748413086,30.376771926879883,-4.243444442749023,-0.1396937256191489,5,25.58885782135857,1,-3.9624621073404946,2.553150478079379,1.0
NCEP-AirTemp-Africa-2000,NCEP2000_r027_c004,10,21.72774124145508,26.13332748413086,-4.405586242675778,-0.16858114395692686,3,20.469008675681216,1,-3.9624621073404946,2.553150478079379,1.0
NCEP-AirTemp-Africa-2000,NCEP2000_r027_c004,11,18.06600570678711,21.72774124145508,-3.6617355346679723,-0.1685281269680083,2,17.909084102842538,1,-3.9624621073404946,2.553150478079379,1.0
NCEP-AirTemp-Africa-2000,NCEP2000_r027_c004,12,16.371944427490234,18.06600570678711,-1.694061279296875,-0.09377066003363672,1,15.349159530003863,3,-1.3208207024468313,2.553150478079379,1.0
NCEP-AirTemp-Africa-2000,NCEP2000_r027_c005,1,11.937424659729004,,,,0,12.789234957165185,4,,2.5208927182819547,1.0
NCEP-AirTemp-Africa-2000,NCEP2000_r027_c005,2,18.552074432373047,11.937424659729004,6.614649772644043,0.5541102843529238,2,17.909084102842538,8,5.283282809787327,2.5208927182819547,1.0
NCEP-AirTemp-Africa-2000,NCEP2000_r027_c005,3,21.884843826293945,18.552074432373047,3.3327693939208984,0.17964402881573577,4,23.02893324851989,7,3.962462107340496,2.5208927182819547,1.0
NCEP-AirTemp-Africa-2000,NCEP2000_r027_c005,4,22.055335998535156,21.884843826293945,0.17049217224121094,0.007790422156742558,4,23.02893324851989,4,4.440892098500626e-16,2.5208927182819547,1.0
NCEP-AirTemp-Africa-2000,NCEP2000_r027_c005,5,25.38838577270508,22.055335998535156,3.3330497741699254,0.15112214905233345,5,25.58885782135857,7,3.962462107340496,2.5208927182819547,1.0
NCEP-AirTemp-Africa-2000,NCEP2000_r027_c005,6,34.155330657958984,25.38838577270508,8.766944885253903,0.34531320595731607,8,33.2686315398746,8,5.283282809787327,2.5208927182819547,1.0
NCEP-AirTemp-Africa-2000,NCEP2000_r027_c005,7,34.32902526855469,34.155330657958984,0.17369461059570312,0.005085431973565984,8,33.2686315398746,4,4.440892098500626e-16,2.5208927182819547,1.0
NCEP-AirTemp-Africa-2000,NCEP2000_r027_c005,8,34.89838790893555,34.32902526855469,0.5693626403808594,0.01658545897900557,8,33.2686315398746,4,4.440892098500626e-16,2.5208927182819547,1.0
NCEP-AirTemp-Africa-2000,NCEP2000_r027_c005,9,29.122997283935547,34.89838790893555,-5.775390625,-0.16549161640561746,6,28.148782394197248,0,-5.283282809787327,2.5208927182819547,1.0
NCEP-AirTemp-Africa-2000,NCEP2000_r027_c005,10,23.042583465576172,29.122997283935547,-6.080413818359375,-0.208783929726676,4,23.02893324851989,0,-5.283282809787327,2.5208927182819547,1.0
NCEP-AirTemp-Africa-2000,NCEP2000_r027_c005,11,18.961002349853516,23.042583465576172,-4.081581115722656,-0.17713209639970368,2,17.909084102842538,1,-3.9624621073404946,2.5208927182819547,1.0
NCEP-AirTemp-Africa-2000,NCEP2000_r027_c005,12,16.172908782958984,18.961002349853516,-2.7880935668945312,-0.14704357477789515,1,15.349159530003863,2,-2.641641404893663,2.5208927182819547,1.0
NCEP-AirTemp-Africa-2000,NCEP2000_r027_c006,1,12.219355583190918,,,,0,12.789234957165185,4,,2.4854367849100685,1.0
NCEP-AirTemp-Africa-2000,NCEP2000_r027_c006,2,18.405174255371097,12.219355583190918,6.185818672180179,0.5062311698899622,2,17.909084102842538,8,5.283282809787327,2.4854367849100685,1.0
NCEP-AirTemp-Africa-2000,NCEP2000_r027_c006,3,22.89129066467285,18.405174255371097,4.486116409301754,0.2437421318079937,4,23.02893324851989,7,3.962462107340496,2.4854367849100685,1.0
NCEP-AirTemp-Africa-2000,NCEP2000_r027_c006,4,24.961332321166992,22.89129066467285,2.0700416564941406,0.0904292242328104,5,25.58885782135857,6,2.6416414048936643,2.4854367849100685,1.0
NCEP-AirTemp-Africa-2000,NCEP2000_r027_c006,5,28.178386688232425,24.961332321166992,3.2170543670654332,0.128881516646345,6,28.148782394197248,6,2.6416414048936643,2.4854367849100685,1.0
NCEP-AirTemp-Africa-2000,NCEP2000_r027_c006,6,34.83466339111328,28.178386688232425,6.656276702880856,0.23621922633564338,8,33.2686315398746,8,5.283282809787327,2.4854367849100685,1.0
NCEP-AirTemp-Africa-2000,NCEP2000_r027_c006,7,36.586124420166016,34.83466339111328,1.7514610290527344,0.05027925803065322,8,33.2686315398746,5,1.3208207024468321,2.4854367849100685,1.0
NCEP-AirTemp-Africa-2000,NCEP2000_r027_c006,8,35.93095779418945,36.586124420166016,-0.6551666259765625,-0.017907516479538328,8,33.2686315398746,4,4.440892098500626e-16,2.4854367849100685,1.0
NCEP-AirTemp-Africa-2000,NCEP2000_r027_c006,9,31.14333152770996,35.93095779418945,-4.787626266479492,-0.1332451612868978,7,30.708706967035923,0,-5.283282809787327,2.4854367849100685,1.0
NCEP-AirTemp-Africa-2000,NCEP2000_r027_c006,10,24.126453399658203,31.14333152770996,-7.016878128051758,-0.22530916841085064,4,23.02893324851989,0,-5.283282809787327,2.4854367849100685,1.0
NCEP-AirTemp-Africa-2000,NCEP2000_r027_c006,11,20.8576717376709,24.126453399658203,-3.2687816619873047,-0.13548537813823947,3,20.469008675681216,2,-2.641641404893663,2.4854367849100685,1.0
NCEP-AirTemp-Africa-2000,NCEP2000_r027_c006,12,16.926782608032227,20.8576717376709,-3.930889129638672,-0.18846250813982846,2,17.909084102842538,1,-3.9624621073404946,2.4854367849100685,1.0
NCEP-AirTemp-Africa-2000,NCEP2000_r027_c007,1,12.234840393066406,,,,0,12.789234957165185,4,,2.4463860266055706,1.0
NCEP-AirTemp-Africa-2000,NCEP2000_r027_c007,2,17.530349731445312,12.234840393066406,5.295509338378906,0.43282210214854283,2,17.909084102842538,8,5.283282809787327,2.4463860266055706,1.0
NCEP-AirTemp-Africa-2000,NCEP2000_r027_c007,3,22.885488510131836,17.530349731445312,5.355138778686523,0.30547814850953414,4,23.02893324851989,8,5.283282809787327,2.4463860266055706,1.0
NCEP-AirTemp-Africa-2000,NCEP2000_r027_c007,4,26.418664932250977,22.885488510131836,3.5331764221191406,0.1543850121685162,5,25.58885782135857,7,3.962462107340496,2.4463860266055706,1.0
NCEP-AirTemp-Africa-2000,NCEP2000_r027_c007,5,30.21677017211914,26.418664932250977,3.798105239868164,0.1437659794546079,7,30.708706967035923,7,3.962462107340496,2.4463860266055706,1.0
NCEP-AirTemp-Africa-2000,NCEP2000_r027_c007,6,34.41265869140625,30.21677017211914,4.195888519287109,0.1388595966870951,8,33.2686315398746,7,3.962462107340496,2.4463860266055706,1.0
NCEP-AirTemp-Africa-2000,NCEP2000_r027_c007,7,37.693546295166016,34.41265869140625,3.2808876037597656,0.09533955609710243,8,33.2686315398746,6,2.6416414048936643,2.4463860266055706,1.0
NCEP-AirTemp-Africa-2000,NCEP2000_r027_c007,8,35.140316009521484,37.693546295166016,-2.5532302856445312,-0.06773653679733416,8,33.2686315398746,2,-2.641641404893663,2.4463860266055706,1.0
NCEP-AirTemp-Africa-2000,NCEP2000_r027_c007,9,32.24966049194336,35.140316009521484,-2.890655517578125,-0.08226037343531242,8,33.2686315398746,2,-2.641641404893663,2.4463860266055706,1.0
NCEP-AirTemp-Africa-2000,NCEP2000_r027_c007,10,23.751611709594727,32.24966049194336,-8.498048782348633,-0.2635081626509409,4,23.02893324851989,0,-5.283282809787327,2.4463860266055706,1.0
NCEP-AirTemp-Africa-2000,NCEP2000_r027_c007,11,21.341333389282227,23.751611709594727,-2.4102783203125,-0.1014785164805823,3,20.469008675681216,2,-2.641641404893663,2.4463860266055706,1.0
NCEP-AirTemp-Africa-2000,NCEP2000_r027_c007,12,16.691940307617188,21.341333389282227,-4.649393081665039,-0.21785860315550848,2,17.909084102842538,0,-5.283282809787327,2.4463860266055706,1.0
NCEP-AirTemp-Africa-2000,NCEP2000_r027_c008,1,11.809038162231444,,,,0,12.789234957165185,4,,2.403303610643641,1.0
NCEP-AirTemp-Africa-2000,NCEP2000_r027_c008,2,16.27483558654785,11.809038162231444,4.465797424316408,0.3781677527810231,1,15.349159530003863,7,3.962462107340496,2.403303610643641,1.0
NCEP-AirTemp-Africa-2000,NCEP2000_r027_c008,3,21.900320053100582,16.27483558654785,5.625484466552731,0.34565537922868717,4,23.02893324851989,8,5.283282809787327,2.403303610643641,1.0
NCEP-AirTemp-Africa-2000,NCEP2000_r027_c008,4,26.51233291625977,21.900320053100582,4.612012863159187,0.21059111702370906,5,25.58885782135857,7,3.962462107340496,2.403303610643641,1.0
NCEP-AirTemp-Africa-2000,NCEP2000_r027_c008,5,31.06418800354004,26.51233291625977,4.55185508728027,0.17168821399676448,7,30.708706967035923,7,3.962462107340496,2.403303610643641,1.0
NCEP-AirTemp-Africa-2000,NCEP2000_r027_c008,6,33.6783332824707,31.06418800354004,2.614145278930664,0.08415302143525397,8,33.2686315398746,6,2.6416414048936643,2.403303610643641,1.0
NCEP-AirTemp-Africa-2000,NCEP2000_r027_c008,7,37.32515335083008,33.6783332824707,3.646820068359375,0.10828386422131867,8,33.2686315398746,7,3.962462107340496,2.403303610643641,1.0
NCEP-AirTemp-Africa-2000,NCEP2000_r027_c008,8,34.7193489074707,37.32515335083008,-2.605804443359375,-0.06981362993653781,8,33.2686315398746,2,-2.641641404893663,2.403303610643641,1.0
NCEP-AirTemp-Africa-2000,NCEP2000_r027_c008,9,32.6003303527832,34.7193489074707,-2.1190185546875,-0.06103278492735623,8,33.2686315398746,2,-2.641641404893663,2.403303610643641,1.0
NCEP-AirTemp-Africa-2000,NCEP2000_r027_c008,10,22.97355079650879,32.6003303527832,-9.626779556274414,-0.2952969939905085,4,23.02893324851989,0,-5.283282809787327,2.403303610643641,1.0
NCEP-AirTemp-Africa-2000,NCEP2000_r027_c008,11,20.189002990722656,22.97355079650879,-2.784547805786133,-0.12120667938755426,3,20.469008675681216,2,-2.641641404893663,2.403303610643641,1.0
NCEP-AirTemp-Africa-2000,NCEP2000_r027_c008,12,15.745169639587402,20.189002990722656,-4.443833351135254,-0.22011158020915172,1,15.349159530003863,1,-3.9624621073404946,2.403303610643641,1.0
NCEP-AirTemp-Africa-2000,NCEP2000_r027_c009,1,10.722259521484377,,,,0,12.789234957165185,4,,2.3557183744408845,1.0
NCEP-AirTemp-Africa-2000,NCEP2000_r027_c009,2,14.35483169555664,10.722259521484377,3.632572174072264,0.33878793614290126,1,15.349159530003863,7,3.962462107340496,2.3557183744408845,1.0
NCEP-AirTemp-Africa-2000,NCEP2000_r027_c009,3,20.244197845458984,14.35483169555664,5.889366149902344,0.4102706513602193,3,20.469008675681216,8,5.283282809787327,2.3557183744408845,1.0
NCEP-AirTemp-Africa-2000,NCEP2000_r027_c009,4,25.909997940063477,20.244197845458984,5.665800094604492,0.2798727881369426,5,25.58885782135857,8,5.283282809787327,2.3557183744408845,1.0
NCEP-AirTemp-Africa-2000,NCEP2000_r027_c009,5,30.591928482055664,25.909997940063477,4.6819305419921875,0.18069976511857327,7,30.708706967035923,8,5.283282809787327,2.3557183744408845,1.0
NCEP-AirTemp-Africa-2000,NCEP2000_r027_c009,6,32.0356559753418,30.591928482055664,1.4437274932861328,0.04719308539613583,8,33.2686315398746,5,1.3208207024468321,2.3557183744408845,1.0
NCEP-AirTemp-Africa-2000,NCEP2000_r027_c009,7,35.64580535888672,32.0356559753418,3.610149383544922,0.11269160170541519,8,33.2686315398746,7,3.962462107340496,2.3557183744408845,1.0
NCEP-AirTemp-Africa-2000,NCEP2000_r027_c009,8,33.7183837890625,35.64580535888672,-1.9274215698242188,-0.05407148331812626,8,33.2686315398746,3,-1.3208207024468313,2.3557183744408845,1.0
NCEP-AirTemp-Africa-2000,NCEP2000_r027_c009,9,31.522998809814453,33.7183837890625,-2.195384979248047,-0.06510943682775748,7,30.708706967035923,2,-2.641641404893663,2.3557183744408845,1.0
NCEP-AirTemp-Africa-2000,NCEP2000_r027_c009,10,22.30838966369629,31.522998809814453,-9.214609146118164,-0.2923138500150964,4,23.02893324851989,0,-5.283282809787327,2.3557183744408845,1.0
NCEP-AirTemp-Africa-2000,NCEP2000_r027_c009,11,18.597339630126953,22.30838966369629,-3.711050033569336,-0.166352214996878,2,17.909084102842538,1,-3.9624621073404946,2.3557183744408845,1.0
NCEP-AirTemp-Africa-2000,NCEP2000_r027_c009,12,14.591623306274414,18.597339630126953,-4.005716323852539,-0.21539190032123937,1,15.349159530003863,1,-3.9624621073404946,2.3557183744408845,1.0
NCEP-AirTemp-Africa-2000,NCEP2000_r027_c010,1,9.343877792358398,,,,0,12.789234957165185,4,,2.303137966966451,1.0
NCEP-AirTemp-Africa-2000,NCEP2000_r027_c010,2,12.488966941833496,9.343877792358398,3.1450891494750977,0.33659356632930404,0,12.789234957165185,6,2.6416414048936643,2.303137966966451,1.0
NCEP-AirTemp-Africa-2000,NCEP2000_r027_c010,3,18.575170516967773,12.488966941833496,6.086203575134277,0.4873264220716054,2,17.909084102842538,8,5.283282809787327,2.303137966966451,1.0
NCEP-AirTemp-Africa-2000,NCEP2000_r027_c010,4,24.995664596557617,18.575170516967773,6.420494079589844,0.3456492673230076,5,25.58885782135857,8,5.283282809787327,2.303137966966451,1.0
NCEP-AirTemp-Africa-2000,NCEP2000_r027_c010,5,29.409671783447266,24.995664596557617,4.414007186889648,0.1765909111893565,6,28.148782394197248,7,3.962462107340496,2.303137966966451,1.0
NCEP-AirTemp-Africa-2000,NCEP2000_r027_c010,6,30.167333602905273,29.409671783447266,0.7576618194580078,0.025762335092921536,7,30.708706967035923,5,1.3208207024468321,2.303137966966451,1.0
NCEP-AirTemp-Africa-2000,NCEP2000_r027_c010,7,33.54547882080078,30.167333602905273,3.378145217895508,0.11198023870330305,8,33.2686315398746,7,3.962462107340496,2.303137966966451,1.0
NCEP-AirTemp-Africa-2000,NCEP2000_r027_c010,8,31.60967445373535,33.54547882080078,-1.9358043670654297,-0.05770686349139491,7,30.708706967035923,3,-1.3208207024468313,2.303137966966451,1.0
NCEP-AirTemp-Africa-2000,NCEP2000_r027_c010,9,29.509998321533203,31.60967445373535,-2.0996761322021484,-0.0664251109347957,7,30.708706967035923,2,-2.641641404893663,2.303137966966451,1.0
NCEP-AirTemp-Africa-2000,NCEP2000_r027_c010,10,21.740646362304688,29.509998321533203,-7.769351959228516,-0.26327863101094395,3,20.469008675681216,0,-5.283282809787327,2.303137966966451,1.0
NCEP-AirTemp-Africa-2000,NCEP2000_r027_c010,11,17.098337173461914,21.740646362304688,-4.642309188842773,-0.21353133257766907,2,17.909084102842538,0,-5.283282809787327,2.303137966966451,1.0
NCEP-AirTemp-Africa-2000,NCEP2000_r027_c010,12,13.395169258117676,17.098337173461914,-3.7031679153442383,-0.21658058779492737,0,12.789234957165185,1,-3.9624621073404946,2.303137966966451,1.0
NCEP-AirTemp-Africa-2000,NCEP2000_r027_c011,1,8.990971565246582,,,,0,12.789234957165185,4,,2.2450728143862446,1.0
NCEP-AirTemp-Africa-2000,NCEP2000_r027_c011,2,12.097589492797852,8.990971565246582,3.1066179275512695,0.34552638777765604,0,12.789234957165185,6,2.6416414048936643,2.2450728143862446,1.0
NCEP-AirTemp-Africa-2000,NCEP2000_r027_c011,3,18.037424087524418,12.097589492797852,5.939834594726566,0.4909932345003748,2,17.909084102842538,8,5.283282809787327,2.2450728143862446,1.0
NCEP-AirTemp-Africa-2000,NCEP2000_r027_c011,4,24.665332794189453,18.037424087524418,6.6279087066650355,0.367453172609565,5,25.58885782135857,8,5.283282809787327,2.2450728143862446,1.0
NCEP-AirTemp-Africa-2000,NCEP2000_r027_c011,5,28.60838508605957,24.665332794189453,3.943052291870117,0.15986211598162597,6,28.148782394197248,7,3.962462107340496,2.2450728143862446,1.0
NCEP-AirTemp-Africa-2000,NCEP2000_r027_c011,6,29.431665420532227,28.60838508605957,0.8232803344726562,0.02877758852854047,7,30.708706967035923,5,1.3208207024468321,2.2450728143862446,1.0
NCEP-AirTemp-Africa-2000,NCEP2000_r027_c011,7,32.22871017456055,29.431665420532227,2.7970447540283203,0.09503521849895166,8,33.2686315398746,6,2.6416414048936643,2.2450728143862446,1.0
NCEP-AirTemp-Africa-2000,NCEP2000_r027_c011,8,30.372575759887695,32.22871017456055,-1.8561344146728516,-0.05759257521071927,7,30.708706967035923,3,-1.3208207024468313,2.2450728143862446,1.0
NCEP-AirTemp-Africa-2000,NCEP2000_r027_c011,9,28.682666778564453,30.372575759887695,-1.6899089813232422,-0.055639304176337355,6,28.148782394197248,3,-1.3208207024468313,2.2450728143862446,1.0
NCEP-AirTemp-Africa-2000,NCEP2000_r027_c011,10,22.35999870300293,28.682666778564453,-6.322668075561523,-0.220435154247466,4,23.02893324851989,0,-5.283282809787327,2.2450728143862446,1.0
NCEP-AirTemp-Africa-2000,NCEP2000_r027_c011,11,16.539342880249023,22.35999870300293,-5.820655822753906,-0.26031557067899996,1,15.349159530003863,0,-5.283282809787327,2.2450728143862446,1.0
NCEP-AirTemp-Africa-2000,NCEP2000_r027_c011,12,13.011292457580566,16.539342880249023,-3.528050422668457,-0.21331261152349587,0,12.789234957165185,1,-3.9624621073404946,2.2450728143862446,1.0
NCEP-AirTemp-Africa-2000,NCEP2000_r027_c012,1,8.937102317810059,,,,0,12.789234957165185,4,,2.1810750069902554,1.0
NCEP-AirTemp-Africa-2000,NCEP2000_r027_c012,2,11.864484786987305,8.937102317810059,2.927382469177246,0.3275538720580039,0,12.789234957165185,6,2.6416414048936643,2.1810750069902554,1.0
NCEP-AirTemp-Africa-2000,NCEP2000_r027_c012,3,17.730648040771484,11.864484786987305,5.86616325378418,0.49443050912906505,2,17.909084102842538,8,5.283282809787327,2.1810750069902554,1.0
NCEP-AirTemp-Africa-2000,NCEP2000_r027_c012,4,24.748334884643555,17.730648040771484,7.01768684387207,0.3957941541524571,5,25.58885782135857,8,5.283282809787327,2.1810750069902554,1.0
NCEP-AirTemp-Africa-2000,NCEP2000_r027_c012,5,28.0722599029541,24.748334884643555,3.323925018310547,0.13430903670101282,6,28.148782394197248,7,3.962462107340496,2.1810750069902554,1.0
NCEP-AirTemp-Africa-2000,NCEP2000_r027_c012,6,29.38466453552246,28.0722599029541,1.3124046325683594,0.04675094335494708,6,28.148782394197248,5,1.3208207024468321,2.1810750069902554,1.0
NCEP-AirTemp-Africa-2000,NCEP2000_r027_c012,7,31.494836807250977,29.38466453552246,2.1101722717285156,0.07181202525479152,7,30.708706967035923,6,2.6416414048936643,2.1810750069902554,1.0
NCEP-AirTemp-Africa-2000,NCEP2000_r027_c012,8,29.983869552612305,31.494836807250977,-1.5109672546386719,-0.047975078070282486,7,30.708706967035923,3,-1.3208207024468313,2.1810750069902554,1.0
NCEP-AirTemp-Africa-2000,NCEP2000_r027_c012,9,28.837665557861328,29.983869552612305,-1.1462039947509766,-0.038227353969098196,6,28.148782394197248,3,-1.3208207024468313,2.1810750069902554,1.0
NCEP-AirTemp-Africa-2000,NCEP2000_r027_c012,10,23.35613250732422,28.837665557861328,-5.481533050537109,-0.190082412861703,4,23.02893324851989,0,-5.283282809787327,2.1810750069902554,1.0
NCEP-AirTemp-Africa-2000,NCEP2000_r027_c012,11,16.58600616455078,23.35613250732422,-6.7701263427734375,-0.28986504253863105,1,15.349159530003863,0,-5.283282809787327,2.1810750069902554,1.0
NCEP-AirTemp-Africa-2000,NCEP2000_r027_c012,12,13.226134300231934,16.58600616455078,-3.3598718643188477,-0.20257268874648626,0,12.789234957165185,1,-3.9624621073404946,2.1810750069902554,1.0
NCEP-AirTemp-Africa-2000,NCEP2000_r027_c013,1,8.814201354980469,,,,0,12.789234957165185,4,,2.110795819029484,0.7407407407407406
NCEP-AirTemp-Africa-2000,NCEP2000_r027_c013,2,11.190003395080566,8.814201354980469,2.3758020401000977,0.269542519443086,0,12.789234957165185,6,2.6416414048936643,2.110795819029484,0.7407407407407406
NCEP-AirTemp-Africa-2000,NCEP2000_r027_c013,3,16.949684143066406,11.190003395080566,5.75968074798584,0.5147166220269382,2,17.909084102842538,8,5.283282809787327,2.110795819029484,0.7407407407407406
NCEP-AirTemp-Africa-2000,NCEP2000_r027_c013,4,24.65900421142578,16.949684143066406,7.709320068359375,0.4548356183683234,5,25.58885782135857,8,5.283282809787327,2.110795819029484,0.7407407407407406
NCEP-AirTemp-Africa-2000,NCEP2000_r027_c013,5,27.27193260192871,24.65900421142578,2.6129283905029297,0.10596244552698628,6,28.148782394197248,6,2.6416414048936643,2.110795819029484,0.7407407407407406
NCEP-AirTemp-Africa-2000,NCEP2000_r027_c013,6,28.88433265686035,27.27193260192871,1.6124000549316406,0.05912305807097842,6,28.148782394197248,5,1.3208207024468321,2.110795819029484,0.7407407407407406
NCEP-AirTemp-Africa-2000,NCEP2000_r027_c013,7,30.267738342285156,28.88433265686035,1.3834056854248047,0.047894673623218725,7,30.708706967035923,5,1.3208207024468321,2.110795819029484,0.7407407407407406
NCEP-AirTemp-Africa-2000,NCEP2000_r027_c013,8,29.153549194335938,30.267738342285156,-1.1141891479492188,-0.03681111338248405,6,28.148782394197248,3,-1.3208207024468313,2.110795819029484,0.7407407407407406
NCEP-AirTemp-Africa-2000,NCEP2000_r027_c013,9,28.40966796875,29.153549194335938,-0.7438812255859375,-0.02551597476613453,6,28.148782394197248,3,-1.3208207024468313,2.110795819029484,0.7407407407407406
NCEP-AirTemp-Africa-2000,NCEP2000_r027_c013,10,23.42064094543457,28.40966796875,-4.98902702331543,-0.1756101841388378,4,23.02893324851989,0,-5.283282809787327,2.110795819029484,0.7407407407407406
NCEP-AirTemp-Africa-2000,NCEP2000_r027_c013,11,16.400339126586914,23.42064094543457,-7.020301818847656,-0.299748492588378,1,15.349159530003863,0,-5.283282809787327,2.110795819029484,0.7407407407407406
NCEP-AirTemp-Africa-2000,NCEP2000_r027_c013,12,13.482585906982422,16.400339126586914,-2.917753219604492,-0.177908102819317,0,12.789234957165185,2,-2.641641404893663,2.110795819029484,0.7407407407407406
NCEP-AirTemp-Africa-2000,NCEP2000_r027_c014,1,9.535489082336426,,,,0,12.789234957165185,4,,2.0340631519624797,0.7407407407407407
NCEP-AirTemp-Africa-2000,NCEP2000_r027_c014,2,11.265175819396973,9.535489082336426,1.7296867370605469,0.1813946533969217,0,12.789234957165185,5,1.3208207024468321,2.0340631519624797,0.7407407407407407
NCEP-AirTemp-Africa-2000,NCEP2000_r027_c014,3,16.332908630371094,11.265175819396973,5.067732810974121,0.44985829712912534,1,15.349159530003863,8,5.283282809787327,2.0340631519624797,0.7407407407407407
NCEP-AirTemp-Africa-2000,NCEP2000_r027_c014,4,24.569334030151367,16.332908630371094,8.236425399780273,0.5042840553497382,5,25.58885782135857,8,5.283282809787327,2.0340631519624797,0.7407407407407407
NCEP-AirTemp-Africa-2000,NCEP2000_r027_c014,5,26.752904891967773,24.569334030151367,2.1835708618164062,0.08887383187255864,5,25.58885782135857,6,2.6416414048936643,2.0340631519624797,0.7407407407407407
NCEP-AirTemp-Africa-2000,NCEP2000_r027_c014,6,28.08466148376465,26.752904891967773,1.331756591796875,0.049779887349605846,6,28.148782394197248,5,1.3208207024468321,2.0340631519624797,0.7407407407407407
NCEP-AirTemp-Africa-2000,NCEP2000_r027_c014,7,29.15483856201172,28.08466148376465,1.0701770782470703,0.03810539353895096,6,28.148782394197248,5,1.3208207024468321,2.0340631519624797,0.7407407407407407
NCEP-AirTemp-Africa-2000,NCEP2000_r027_c014,8,28.408063888549805,29.15483856201172,-0.7467746734619141,-0.025614090500742794,6,28.148782394197248,3,-1.3208207024468313,2.0340631519624797,0.7407407407407407
NCEP-AirTemp-Africa-2000,NCEP2000_r027_c014,9,28.04466438293457,28.408063888549805,-0.3633995056152344,-0.012792125047342867,6,28.148782394197248,4,4.440892098500626e-16,2.0340631519624797,0.7407407407407407
NCEP-AirTemp-Africa-2000,NCEP2000_r027_c014,10,23.293222427368164,28.04466438293457,-4.751441955566406,-0.16942409759974525,4,23.02893324851989,0,-5.283282809787327,2.0340631519624797,0.7407407407407407
NCEP-AirTemp-Africa-2000,NCEP2000_r027_c014,11,16.483675003051758,23.293222427368164,-6.809547424316406,-0.2923402910674819,1,15.349159530003863,0,-5.283282809787327,2.0340631519624797,0.7407407407407407
NCEP-AirTemp-Africa-2000,NCEP2000_r027_c014,12,13.61839485168457,16.483675003051758,-2.8652801513671875,-0.17382532419722632,0,12.789234957165185,2,-2.641641404893663,2.0340631519624797,0.7407407407407407
NCEP-AirTemp-Africa-2000,NCEP2000_r027_c015,1,10.514517784118652,,,,0,12.789234957165185,4,,1.9509744613729083,0.8695652173913044
NCEP-AirTemp-Africa-2000,NCEP2000_r027_c015,2,11.962761878967283,10.514517784118652,1.448244094848631,0.13773756672284954,0,12.789234957165185,5,1.3208207024468321,1.9509744613729083,0.8695652173913044
NCEP-AirTemp-Africa-2000,NCEP2000_r027_c015,3,16.123878479003906,11.962761878967283,4.161116600036623,0.34783912294974495,1,15.349159530003863,7,3.962462107340496,1.9509744613729083,0.8695652173913044
NCEP-AirTemp-Africa-2000,NCEP2000_r027_c015,4,24.344337463378903,16.123878479003906,8.220458984374996,0.509831365640684,5,25.58885782135857,8,5.283282809787327,1.9509744613729083,0.8695652173913044
NCEP-AirTemp-Africa-2000,NCEP2000_r027_c015,5,26.625484466552734,24.344337463378903,2.2811470031738317,0.09370339228189524,5,25.58885782135857,6,2.6416414048936643,1.9509744613729083,0.8695652173913044
NCEP-AirTemp-Africa-2000,NCEP2000_r027_c015,6,27.690998077392575,26.625484466552734,1.0655136108398402,0.0400185623731411,6,28.148782394197248,5,1.3208207024468321,1.9509744613729083,0.8695652173913044
NCEP-AirTemp-Africa-2000,NCEP2000_r027_c015,7,29.002254486083984,27.690998077392575,1.3112564086914098,0.04735316527871716,6,28.148782394197248,5,1.3208207024468321,1.9509744613729083,0.8695652173913044
NCEP-AirTemp-Africa-2000,NCEP2000_r027_c015,8,28.45516014099121,29.002254486083984,-0.5470943450927734,-0.018863855751465222,6,28.148782394197248,4,4.440892098500626e-16,1.9509744613729083,0.8695652173913044
NCEP-AirTemp-Africa-2000,NCEP2000_r027_c015,9,28.377994537353516,28.45516014099121,-0.07716560363769531,-0.002711831641619688,6,28.148782394197248,4,4.440892098500626e-16,1.9509744613729083,0.8695652173913044
NCEP-AirTemp-Africa-2000,NCEP2000_r027_c015,10,23.411937713623047,28.377994537353516,-4.966056823730469,-0.17499675028810527,4,23.02893324851989,0,-5.283282809787327,1.9509744613729083,0.8695652173913044
NCEP-AirTemp-Africa-2000,NCEP2000_r027_c015,11,17.051673889160156,23.411937713623047,-6.360263824462891,-0.27166755277851057,2,17.909084102842538,0,-5.283282809787327,1.9509744613729083,0.8695652173913044
NCEP-AirTemp-Africa-2000,NCEP2000_r027_c015,12,13.907102584838867,17.051673889160156,-3.144571304321289,-0.18441422963878698,0,12.789234957165185,2,-2.641641404893663,1.9509744613729083,0.8695652173913044
NCEP-AirTemp-Africa-2000,NCEP2000_r027_c016,1,11.286134719848633,,,,0,12.789234957165185,4,,1.8619911433278495,0.8695652173913044
NCEP-AirTemp-Africa-2000,NCEP2000_r027_c016,2,12.956899642944336,11.286134719848633,1.6707649230957031,0.14803694662242264,0,12.789234957165185,5,1.3208207024468321,1.8619911433278495,0.8695652173913044
NCEP-AirTemp-Africa-2000,NCEP2000_r027_c016,3,16.575170516967773,12.956899642944336,3.6182708740234375,0.2792543720899901,1,15.349159530003863,7,3.962462107340496,1.8619911433278495,0.8695652173913044
NCEP-AirTemp-Africa-2000,NCEP2000_r027_c016,4,24.388338088989254,16.575170516967773,7.813167572021481,0.47137780959919834,5,25.58885782135857,8,5.283282809787327,1.8619911433278495,0.8695652173913044
NCEP-AirTemp-Africa-2000,NCEP2000_r027_c016,5,26.912263870239254,24.388338088989254,2.52392578125,0.10348904349450082,6,28.148782394197248,6,2.6416414048936643,1.8619911433278495,0.8695652173913044
NCEP-AirTemp-Africa-2000,NCEP2000_r027_c016,6,28.302997589111328,26.912263870239254,1.3907337188720739,0.0516765785880246,6,28.148782394197248,5,1.3208207024468321,1.8619911433278495,0.8695652173913044
NCEP-AirTemp-Africa-2000,NCEP2000_r027_c016,7,30.160640716552734,28.302997589111328,1.8576431274414062,0.06563414781747623,7,30.708706967035923,5,1.3208207024468321,1.8619911433278495,0.8695652173913044
NCEP-AirTemp-Africa-2000,NCEP2000_r027_c016,8,29.30418586730957,30.160640716552734,-0.8564548492431641,-0.028396440821402223,6,28.148782394197248,3,-1.3208207024468313,1.8619911433278495,0.8695652173913044
NCEP-AirTemp-Africa-2000,NCEP2000_r027_c016,9,28.875,29.30418586730957,-0.4291858673095703,-0.014645889473024082,6,28.148782394197248,4,4.440892098500626e-16,1.8619911433278495,0.8695652173913044
NCEP-AirTemp-Africa-2000,NCEP2000_r027_c016,10,23.673545837402344,28.875,-5.201454162597656,-0.18013694069602273,4,23.02893324851989,0,-5.283282809787327,1.8619911433278495,0.8695652173913044
NCEP-AirTemp-Africa-2000,NCEP2000_r027_c016,11,17.852008819580078,23.673545837402344,-5.821537017822266,-0.24590895921576286,2,17.909084102842538,0,-5.283282809787327,1.8619911433278495,0.8695652173913044
NCEP-AirTemp-Africa-2000,NCEP2000_r027_c016,12,14.692913055419922,17.852008819580078,-3.1590957641601562,-0.17696023994203167,1,15.349159530003863,2,-2.641641404893663,1.8619911433278495,0.8695652173913044
NCEP-AirTemp-Africa-2000,NCEP2000_r027_c017,1,11.259360313415527,,,,0,12.789234957165185,4,,1.768008845635083,0.8
NCEP-AirTemp-Africa-2000,NCEP2000_r027_c017,2,13.35759449005127,11.259360313415527,2.098234176635742,0.18635465232742363,0,12.789234957165185,6,2.6416414048936643,1.768008845635083,0.8
NCEP-AirTemp-Africa-2000,NCEP2000_r027_c017,3,16.57968521118164,13.35759449005127,3.222090721130371,0.2412178872124156,1,15.349159530003863,6,2.6416414048936643,1.768008845635083,0.8
NCEP-AirTemp-Africa-2000,NCEP2000_r027_c017,4,24.369667053222656,16.57968521118164,7.789981842041016,0.46985101000514234,5,25.58885782135857,8,5.283282809787327,1.768008845635083,0.8
NCEP-AirTemp-Africa-2000,NCEP2000_r027_c017,5,26.933547973632812,24.369667053222656,2.5638809204101562,0.1052078764478281,6,28.148782394197248,6,2.6416414048936643,1.768008845635083,0.8
NCEP-AirTemp-Africa-2000,NCEP2000_r027_c017,6,28.90300178527832,26.933547973632812,1.9694538116455078,0.07312270234777637,6,28.148782394197248,5,1.3208207024468321,1.768008845635083,0.8
NCEP-AirTemp-Africa-2000,NCEP2000_r027_c017,7,31.46031951904297,28.90300178527832,2.5573177337646484,0.08847931272893643,7,30.708706967035923,6,2.6416414048936643,1.768008845635083,0.8
NCEP-AirTemp-Africa-2000,NCEP2000_r027_c017,8,29.81806373596191,31.46031951904297,-1.6422557830810582,-0.052200861535656014,7,30.708706967035923,3,-1.3208207024468313,1.768008845635083,0.8
NCEP-AirTemp-Africa-2000,NCEP2000_r027_c017,9,28.706663131713867,29.81806373596191,-1.1114006042480433,-0.03727272884280695,6,28.148782394197248,3,-1.3208207024468313,1.768008845635083,0.8
NCEP-AirTemp-Africa-2000,NCEP2000_r027_c017,10,23.283226013183594,28.706663131713867,-5.423437118530273,-0.18892607244687723,4,23.02893324851989,0,-5.283282809787327,1.768008845635083,0.8
NCEP-AirTemp-Africa-2000,NCEP2000_r027_c017,11,17.98533821105957,23.283226013183594,-5.297887802124023,-0.2275409687267656,2,17.909084102842538,0,-5.283282809787327,1.768008845635083,0.8
NCEP-AirTemp-Africa-2000,NCEP2000_r027_c017,12,14.6016206741333,17.98533821105957,-3.3837175369262695,-0.18813755389073245,1,15.349159530003863,1,-3.9624621073404946,1.768008845635083,0.8
NCEP-AirTemp-Africa-2000,NCEP2000_r027_c018,1,10.815167427062988,,,,0,12.789234957165185,4,,1.6703707429113517,0.8695652173913043
NCEP-AirTemp-Africa-2000,NCEP2000_r027_c018,2,13.15241813659668,10.815167427062988,2.3372507095336914,0.21610860167408474,0,12.789234957165185,6,2.6416414048936643,1.6703707429113517,0.8695652173913043
NCEP-AirTemp-Africa-2000,NCEP2000_r027_c018,3,15.917425155639648,13.15241813659668,2.7650070190429688,0.2102280349002379,1,15.349159530003863,6,2.6416414048936643,1.6703707429113517,0.8695652173913043
NCEP-AirTemp-Africa-2000,NCEP2000_r027_c018,4,23.8553409576416,15.917425155639648,7.937915802001953,0.49869345854530356,4,23.02893324851989,8,5.283282809787327,1.6703707429113517,0.8695652173913043
NCEP-AirTemp-Africa-2000,NCEP2000_r027_c018,5,26.107738494873047,23.8553409576416,2.2523975372314453,0.09441900416476474,5,25.58885782135857,6,2.6416414048936643,1.6703707429113517,0.8695652173913043
NCEP-AirTemp-Africa-2000,NCEP2000_r027_c018,6,28.35299491882324,26.107738494873047,2.2452564239501918,0.08599965195725812,6,28.148782394197248,6,2.6416414048936643,1.6703707429113517,0.8695652173913043
NCEP-AirTemp-Africa-2000,NCEP2000_r027_c018,7,31.347095489501953,28.35299491882324,2.9941005706787145,0.10560085730805688,7,30.708706967035923,6,2.6416414048936643,1.6703707429113517,0.8695652173913043
NCEP-AirTemp-Africa-2000,NCEP2000_r027_c018,8,29.31451416015625,31.347095489501953,-2.032581329345703,-0.06484113751548078,6,28.148782394197248,2,-2.641641404893663,1.6703707429113517,0.8695652173913043
NCEP-AirTemp-Africa-2000,NCEP2000_r027_c018,9,27.915000915527344,29.31451416015625,-1.3995132446289062,-0.04774130783757279,6,28.148782394197248,3,-1.3208207024468313,1.6703707429113517,0.8695652173913043
NCEP-AirTemp-Africa-2000,NCEP2000_r027_c018,10,22.302579879760746,27.915000915527344,-5.612421035766598,-0.20105394417683017,4,23.02893324851989,0,-5.283282809787327,1.6703707429113517,0.8695652173913043
NCEP-AirTemp-Africa-2000,NCEP2000_r027_c018,11,17.62200927734375,22.302579879760746,-4.680570602416996,-0.20986677898481793,2,17.909084102842538,0,-5.283282809787327,1.6703707429113517,0.8695652173913043
NCEP-AirTemp-Africa-2000,NCEP2000_r027_c018,12,14.050972938537598,17.62200927734375,-3.5710363388061523,-0.20264637718681486,0,12.789234957165185,1,-3.9624621073404946,1.6703707429113517,0.8695652173913043
NCEP-AirTemp-Africa-2000,NCEP2000_r027_c019,1,10.83742618560791,,,,0,12.789234957165185,4,,1.5707963267948966,0.8695652173913043
NCEP-AirTemp-Africa-2000,NCEP2000_r027_c019,2,13.00311279296875,10.83742618560791,2.16568660736084,0.199834035339209,0,12.789234957165185,6,2.6416414048936643,1.5707963267948966,0.8695652173913043
NCEP-AirTemp-Africa-2000,NCEP2000_r027_c019,3,15.720974922180176,13.00311279296875,2.717862129211426,0.20901626960285014,1,15.349159530003863,6,2.6416414048936643,1.5707963267948966,0.8695652173913043
NCEP-AirTemp-Africa-2000,NCEP2000_r027_c019,4,23.778329849243164,15.720974922180176,8.057354927062988,0.5125225990720936,4,23.02893324851989,8,5.283282809787327,1.5707963267948966,0.8695652173913043
NCEP-AirTemp-Africa-2000,NCEP2000_r027_c019,5,25.892581939697266,23.778329849243164,2.1142520904541016,0.08891507956440413,5,25.58885782135857,6,2.6416414048936643,1.5707963267948966,0.8695652173913043
NCEP-AirTemp-Africa-2000,NCEP2000_r027_c019,6,27.910667419433594,25.892581939697266,2.018085479736328,0.07794068140583138,6,28.148782394197248,6,2.6416414048936643,1.5707963267948966,0.8695652173913043
NCEP-AirTemp-Africa-2000,NCEP2000_r027_c019,7,30.953224182128903,27.910667419433594,3.042556762695309,0.10901053410771691,7,30.708706967035923,6,2.6416414048936643,1.5707963267948966,0.8695652173913043
NCEP-AirTemp-Africa-2000,NCEP2000_r027_c019,8,28.908061981201172,30.953224182128903,-2.045162200927731,-0.06607267110185316,6,28.148782394197248,2,-2.641641404893663,1.5707963267948966,0.8695652173913043
NCEP-AirTemp-Africa-2000,NCEP2000_r027_c019,9,27.534997940063477,28.908061981201172,-1.3730640411376953,-0.047497616479119036,6,28.148782394197248,3,-1.3208207024468313,1.5707963267948966,0.8695652173913043
NCEP-AirTemp-Africa-2000,NCEP2000_r027_c019,10,21.958066940307617,27.534997940063477,-5.576930999755859,-0.2025397282358759,4,23.02893324851989,0,-5.283282809787327,1.5707963267948966,0.8695652173913043
NCEP-AirTemp-Africa-2000,NCEP2000_r027_c019,11,17.799007415771484,21.958066940307617,-4.159059524536133,-0.18940918323286007,2,17.909084102842538,1,-3.9624621073404946,1.5707963267948966,0.8695652173913043
NCEP-AirTemp-Africa-2000,NCEP2000_r027_c019,12,14.187427520751951,17.799007415771484,-3.611579895019533,-0.20290906176146406,1,15.349159530003863,1,-3.9624621073404946,1.5707963267948966,0.8695652173913043
NCEP-AirTemp-Africa-2000,NCEP2000_r027_c020,1,10.20419979095459,,,,0,12.789234957165185,4,,1.4712219106784414,0.8695652173913043
NCEP-AirTemp-Africa-2000,NCEP2000_r027_c020,2,11.723797798156738,10.20419979095459,1.5195980072021484,0.14891888029761832,0,12.789234957165185,5,1.3208207024468321,1.4712219106784414,0.8695652173913043
NCEP-AirTemp-Africa-2000,NCEP2000_r027_c020,3,15.122587203979492,11.723797798156738,3.398789405822754,0.2899051539729835,1,15.349159530003863,7,3.962462107340496,1.4712219106784414,0.8695652173913043
NCEP-AirTemp-Africa-2000,NCEP2000_r027_c020,4,23.597003936767575,15.122587203979492,8.474416732788082,0.5603814095089529,4,23.02893324851989,8,5.283282809787327,1.4712219106784414,0.8695652173913043
NCEP-AirTemp-Africa-2000,NCEP2000_r027_c020,5,26.265804290771484,23.597003936767575,2.66880035400391,0.11309911890320659,5,25.58885782135857,6,2.6416414048936643,1.4712219106784414,0.8695652173913043
NCEP-AirTemp-Africa-2000,NCEP2000_r027_c020,6,28.18866539001465,26.265804290771484,1.922861099243164,0.07320777532476945,6,28.148782394197248,5,1.3208207024468321,1.4712219106784414,0.8695652173913043
NCEP-AirTemp-Africa-2000,NCEP2000_r027_c020,7,31.113542556762695,28.18866539001465,2.924877166748047,0.10376075370294524,7,30.708706967035923,6,2.6416414048936643,1.4712219106784414,0.8695652173913043
NCEP-AirTemp-Africa-2000,NCEP2000_r027_c020,8,28.672582626342773,31.113542556762695,-2.440959930419922,-0.07845329492669315,6,28.148782394197248,2,-2.641641404893663,1.4712219106784414,0.8695652173913043
NCEP-AirTemp-Africa-2000,NCEP2000_r027_c020,9,27.47166633605957,28.672582626342773,-1.2009162902832031,-0.041883785145320956,6,28.148782394197248,3,-1.3208207024468313,1.4712219106784414,0.8695652173913043
NCEP-AirTemp-Africa-2000,NCEP2000_r027_c020,10,21.488391876220703,27.47166633605957,-5.983274459838867,-0.2177980172970128,3,20.469008675681216,0,-5.283282809787327,1.4712219106784414,0.8695652173913043
NCEP-AirTemp-Africa-2000,NCEP2000_r027_c020,11,17.567005157470703,21.488391876220703,-3.92138671875,-0.18248860786504228,2,17.909084102842538,1,-3.9624621073404946,1.4712219106784414,0.8695652173913043
NCEP-AirTemp-Africa-2000,NCEP2000_r027_c020,12,13.485485076904297,17.567005157470703,-4.081520080566406,-0.23234011967205817,0,12.789234957165185,1,-3.9624621073404946,1.4712219106784414,0.8695652173913043
NCEP-AirTemp-Africa-2000,NCEP2000_r027_c021,1,10.73548984527588,,,,0,12.789234957165185,4,,1.37358380795471,0.8695652173913044
NCEP-AirTemp-Africa-2000,NCEP2000_r027_c021,2,11.481385231018066,10.73548984527588,0.7458953857421857,0.06947939930942366,0,12.789234957165185,5,1.3208207024468321,1.37358380795471,0.8695652173913044
NCEP-AirTemp-Africa-2000,NCEP2000_r027_c021,3,15.44194221496582,11.481385231018066,3.960556983947754,0.34495462910241254,1,15.349159530003863,7,3.962462107340496,1.37358380795471,0.8695652173913044
NCEP-AirTemp-Africa-2000,NCEP2000_r027_c021,4,23.86933135986328,15.44194221496582,8.427389144897461,0.5457467090331366,4,23.02893324851989,8,5.283282809787327,1.37358380795471,0.8695652173913044
NCEP-AirTemp-Africa-2000,NCEP2000_r027_c021,5,26.831932067871097,23.86933135986328,2.962600708007816,0.12411745697198219,5,25.58885782135857,6,2.6416414048936643,1.37358380795471,0.8695652173913044
NCEP-AirTemp-Africa-2000,NCEP2000_r027_c021,6,29.11632919311523,26.831932067871097,2.2843971252441335,0.08513725807987939,6,28.148782394197248,6,2.6416414048936643,1.37358380795471,0.8695652173913044
NCEP-AirTemp-Africa-2000,NCEP2000_r027_c021,7,32.06773376464844,29.11632919311523,2.9514045715332067,0.10136595695006388,8,33.2686315398746,6,2.6416414048936643,1.37358380795471,0.8695652173913044
NCEP-AirTemp-Africa-2000,NCEP2000_r027_c021,8,29.043550491333008,32.06773376464844,-3.0241832733154297,-0.09430611141749275,6,28.148782394197248,2,-2.641641404893663,1.37358380795471,0.8695652173913044
NCEP-AirTemp-Africa-2000,NCEP2000_r027_c021,9,27.930334091186523,29.043550491333008,-1.1132164001464844,-0.038329211866802694,6,28.148782394197248,3,-1.3208207024468313,1.37358380795471,0.8695652173913044
NCEP-AirTemp-Africa-2000,NCEP2000_r027_c021,10,21.72903060913086,27.930334091186523,-6.201303482055664,-0.22202754402470604,3,20.469008675681216,0,-5.283282809787327,1.37358380795471,0.8695652173913044
NCEP-AirTemp-Africa-2000,NCEP2000_r027_c021,11,17.893339157104492,21.72903060913086,-3.835691452026367,-0.17652381834349082,2,17.909084102842538,1,-3.9624621073404946,1.37358380795471,0.8695652173913044
NCEP-AirTemp-Africa-2000,NCEP2000_r027_c021,12,13.86484432220459,17.893339157104492,-4.028494834899902,-0.2251393549034922,0,12.789234957165185,1,-3.9624621073404946,1.37358380795471,0.8695652173913044
NCEP-AirTemp-Africa-2000,NCEP2000_r028_c005,1,8.50000286102295,,,,0,12.789234957165185,4,,2.475160765823604,1.0
NCEP-AirTemp-Africa-2000,NCEP2000_r028_c005,2,15.003802299499512,8.50000286102295,6.5037994384765625,0.7651526175714546,1,15.349159530003863,8,5.283282809787327,2.475160765823604,1.0
NCEP-AirTemp-Africa-2000,NCEP2000_r028_c005,3,17.579679489135742,15.003802299499512,2.5758771896362305,0.17168162697812642,2,17.909084102842538,6,2.6416414048936643,2.475160765823604,1.0
NCEP-AirTemp-Africa-2000,NCEP2000_r028_c005,4,16.268342971801758,17.579679489135742,-1.3113365173339844,-0.07459388085797534,1,15.349159530003863,3,-1.3208207024468313,2.475160765823604,1.0
NCEP-AirTemp-Africa-2000,NCEP2000_r028_c005,5,20.4864559173584,16.268342971801758,4.218112945556641,0.2592835024973336,3,20.469008675681216,7,3.962462107340496,2.475160765823604,1.0
NCEP-AirTemp-Africa-2000,NCEP2000_r028_c005,6,28.89432716369629,20.4864559173584,8.40787124633789,0.41041121413361736,6,28.148782394197248,8,5.283282809787327,2.475160765823604,1.0
NCEP-AirTemp-Africa-2000,NCEP2000_r028_c005,7,29.72161102294922,28.89432716369629,0.8272838592529297,0.028631359178778674,7,30.708706967035923,5,1.3208207024468321,2.475160765823604,1.0
NCEP-AirTemp-Africa-2000,NCEP2000_r028_c005,8,30.41386985778809,29.72161102294922,0.6922588348388707,0.023291430410833067,7,30.708706967035923,5,1.3208207024468321,2.475160765823604,1.0
NCEP-AirTemp-Africa-2000,NCEP2000_r028_c005,9,24.160335540771484,30.41386985778809,-6.253534317016605,-0.20561455501248094,4,23.02893324851989,0,-5.283282809787327,2.475160765823604,1.0
NCEP-AirTemp-Africa-2000,NCEP2000_r028_c005,10,18.28032875061035,24.160335540771484,-5.880006790161133,-0.24337438444256695,2,17.909084102842538,0,-5.283282809787327,2.475160765823604,1.0
NCEP-AirTemp-Africa-2000,NCEP2000_r028_c005,11,14.459671020507812,18.28032875061035,-3.820657730102539,-0.2090037757102685,1,15.349159530003863,1,-3.9624621073404946,2.475160765823604,1.0
NCEP-AirTemp-Africa-2000,NCEP2000_r028_c005,12,12.271297454833984,14.459671020507812,-2.188373565673828,-0.1513432471990621,0,12.789234957165185,2,-2.641641404893663,2.475160765823604,1.0
NCEP-AirTemp-Africa-2000,NCEP2000_r028_c006,1,7.678070068359375,,,,0,12.789234957165185,4,,2.4388661364363013,1.0
NCEP-AirTemp-Africa-2000,NCEP2000_r028_c006,2,14.570008277893066,7.678070068359375,6.891938209533691,0.8976133518154177,1,15.349159530003863,8,5.283282809787327,2.4388661364363013,1.0
NCEP-AirTemp-Africa-2000,NCEP2000_r028_c006,3,18.419681549072266,14.570008277893066,3.849673271179199,0.2642190174332482,2,17.909084102842538,7,3.962462107340496,2.4388661364363013,1.0
NCEP-AirTemp-Africa-2000,NCEP2000_r028_c006,4,18.98800468444824,18.419681549072266,0.568323135375973,0.030854123827379492,2,17.909084102842538,4,4.440892098500626e-16,2.4388661364363013,1.0
NCEP-AirTemp-Africa-2000,NCEP2000_r028_c006,5,23.551616668701172,18.98800468444824,4.563611984252933,0.24034184002443776,4,23.02893324851989,7,3.962462107340496,2.4388661364363013,1.0
NCEP-AirTemp-Africa-2000,NCEP2000_r028_c006,6,31.1336612701416,23.551616668701172,7.58204460144043,0.32193308459867037,7,30.708706967035923,8,5.283282809787327,2.4388661364363013,1.0
NCEP-AirTemp-Africa-2000,NCEP2000_r028_c006,7,33.26225280761719,31.1336612701416,2.128591537475586,0.06836945770708273,8,33.2686315398746,6,2.6416414048936643,2.4388661364363013,1.0
NCEP-AirTemp-Africa-2000,NCEP2000_r028_c006,8,32.810638427734375,33.26225280761719,-0.4516143798828125,-0.01357738402431332,8,33.2686315398746,4,4.440892098500626e-16,2.4388661364363013,1.0
NCEP-AirTemp-Africa-2000,NCEP2000_r028_c006,9,26.610334396362305,32.810638427734375,-6.20030403137207,-0.18897236775895954,5,25.58885782135857,0,-5.283282809787327,2.4388661364363013,1.0
NCEP-AirTemp-Africa-2000,NCEP2000_r028_c006,10,19.511613845825195,26.610334396362305,-7.098720550537109,-0.26676555224001697,3,20.469008675681216,0,-5.283282809787327,2.4388661364363013,1.0
NCEP-AirTemp-Africa-2000,NCEP2000_r028_c006,11,15.647006034851074,19.511613845825195,-3.864607810974121,-0.19806705080938306,1,15.349159530003863,1,-3.9624621073404946,2.4388661364363013,1.0
NCEP-AirTemp-Africa-2000,NCEP2000_r028_c006,12,12.206786155700684,15.647006034851074,-3.4402198791503906,-0.21986441824639674,0,12.789234957165185,1,-3.9624621073404946,2.4388661364363013,1.0
NCEP-AirTemp-Africa-2000,NCEP2000_r028_c007,1,9.41451930999756,,,,0,12.789234957165185,4,,2.399171046894142,1.0
NCEP-AirTemp-Africa-2000,NCEP2000_r028_c007,2,15.492079734802246,9.41451930999756,6.077560424804686,0.6455518571565032,1,15.349159530003863,8,5.283282809787327,2.399171046894142,1.0
NCEP-AirTemp-Africa-2000,NCEP2000_r028_c007,3,20.187095642089844,15.492079734802246,4.695015907287598,0.3030591106977367,3,20.469008675681216,8,5.283282809787327,2.399171046894142,1.0
NCEP-AirTemp-Africa-2000,NCEP2000_r028_c007,4,22.23966407775879,20.187095642089844,2.0525684356689453,0.10167725323445566,4,23.02893324851989,6,2.6416414048936643,2.399171046894142,1.0
NCEP-AirTemp-Africa-2000,NCEP2000_r028_c007,5,26.846128463745117,22.23966407775879,4.606464385986328,0.20712832576428675,5,25.58885782135857,7,3.962462107340496,2.399171046894142,1.0
NCEP-AirTemp-Africa-2000,NCEP2000_r028_c007,6,32.31599426269531,26.846128463745117,5.469865798950195,0.20374877540860625,8,33.2686315398746,8,5.283282809787327,2.399171046894142,1.0
NCEP-AirTemp-Africa-2000,NCEP2000_r028_c007,7,35.80064010620117,32.31599426269531,3.4846458435058594,0.10783037696997112,8,33.2686315398746,7,3.962462107340496,2.399171046894142,1.0
NCEP-AirTemp-Africa-2000,NCEP2000_r028_c007,8,33.45515823364258,35.80064010620117,-2.3454818725585938,-0.06551508200972986,8,33.2686315398746,2,-2.641641404893663,2.399171046894142,1.0
NCEP-AirTemp-Africa-2000,NCEP2000_r028_c007,9,29.460664749145508,33.45515823364258,-3.9944934844970703,-0.11939843346728515,7,30.708706967035923,1,-3.9624621073404946,2.399171046894142,1.0
NCEP-AirTemp-Africa-2000,NCEP2000_r028_c007,10,21.564193725585938,29.460664749145508,-7.89647102355957,-0.2680343804458317,3,20.469008675681216,0,-5.283282809787327,2.399171046894142,1.0
NCEP-AirTemp-Africa-2000,NCEP2000_r028_c007,11,18.50167655944824,21.564193725585938,-3.062517166137699,-0.1420186261127871,2,17.909084102842538,2,-2.641641404893663,2.399171046894142,1.0
NCEP-AirTemp-Africa-2000,NCEP2000_r028_c007,12,14.163555145263672,18.50167655944824,-4.338121414184567,-0.23447180044714494,1,15.349159530003863,1,-3.9624621073404946,2.399171046894142,1.0
NCEP-AirTemp-Africa-2000,NCEP2000_r028_c008,1,9.33936595916748,,,,0,12.789234957165185,4,,2.3557183744408845,1.0
NCEP-AirTemp-Africa-2000,NCEP2000_r028_c008,2,14.976901054382324,9.33936595916748,5.637535095214844,0.6036314584804404,1,15.349159530003863,8,5.283282809787327,2.3557183744408845,1.0
NCEP-AirTemp-Africa-2000,NCEP2000_r028_c008,3,19.71967887878418,14.976901054382324,4.7427778244018555,0.31667284221084524,3,20.469008675681216,8,5.283282809787327,2.3557183744408845,1.0
NCEP-AirTemp-Africa-2000,NCEP2000_r028_c008,4,22.914335250854492,19.71967887878418,3.1946563720703125,0.16200346829721193,4,23.02893324851989,6,2.6416414048936643,2.3557183744408845,1.0
NCEP-AirTemp-Africa-2000,NCEP2000_r028_c008,5,27.986127853393555,22.914335250854492,5.0717926025390625,0.22133710391401956,6,28.148782394197248,8,5.283282809787327,2.3557183744408845,1.0
NCEP-AirTemp-Africa-2000,NCEP2000_r028_c008,6,31.90099716186523,27.986127853393555,3.914869308471676,0.13988606530277697,7,30.708706967035923,7,3.962462107340496,2.3557183744408845,1.0
NCEP-AirTemp-Africa-2000,NCEP2000_r028_c008,7,35.904510498046875,31.90099716186523,4.003513336181644,0.125498062517227,8,33.2686315398746,7,3.962462107340496,2.3557183744408845,1.0
NCEP-AirTemp-Africa-2000,NCEP2000_r028_c008,8,32.96677017211914,35.904510498046875,-2.9377403259277344,-0.0818209268188614,8,33.2686315398746,2,-2.641641404893663,2.3557183744408845,1.0
NCEP-AirTemp-Africa-2000,NCEP2000_r028_c008,9,30.02199935913086,32.96677017211914,-2.9447708129882812,-0.08932542671343494,7,30.708706967035923,2,-2.641641404893663,2.3557183744408845,1.0
NCEP-AirTemp-Africa-2000,NCEP2000_r028_c008,10,21.203554153442383,30.02199935913086,-8.818445205688477,-0.2937327757621993,3,20.469008675681216,0,-5.283282809787327,2.3557183744408845,1.0
NCEP-AirTemp-Africa-2000,NCEP2000_r028_c008,11,18.516338348388672,21.203554153442383,-2.687215805053711,-0.12673421567003865,2,17.909084102842538,2,-2.641641404893663,2.3557183744408845,1.0
NCEP-AirTemp-Africa-2000,NCEP2000_r028_c008,12,14.128071784973145,18.516338348388672,-4.388266563415527,-0.23699429557018237,1,15.349159530003863,1,-3.9624621073404946,2.3557183744408845,1.0
NCEP-AirTemp-Africa-2000,NCEP2000_r028_c009,1,8.81484317779541,,,,0,12.789234957165185,4,,2.3081374469753735,1.0
NCEP-AirTemp-Africa-2000,NCEP2000_r028_c009,2,14.121732711791992,8.81484317779541,5.306889533996582,0.6020401528372775,1,15.349159530003863,8,5.283282809787327,2.3081374469753735,1.0
NCEP-AirTemp-Africa-2000,NCEP2000_r028_c009,3,18.731618881225582,14.121732711791992,4.60988616943359,0.32643913204675107,2,17.909084102842538,7,3.962462107340496,2.3081374469753735,1.0
NCEP-AirTemp-Africa-2000,NCEP2000_r028_c009,4,23.134336471557617,18.731618881225582,4.402717590332035,0.23504202270230962,4,23.02893324851989,7,3.962462107340496,2.3081374469753735,1.0
NCEP-AirTemp-Africa-2000,NCEP2000_r028_c009,5,28.39418601989746,23.134336471557617,5.259849548339844,0.22736115880421023,6,28.148782394197248,8,5.283282809787327,2.3081374469753735,1.0
NCEP-AirTemp-Africa-2000,NCEP2000_r028_c009,6,30.88800048828125,28.39418601989746,2.493814468383789,0.08782834861461526,7,30.708706967035923,6,2.6416414048936643,2.3081374469753735,1.0
NCEP-AirTemp-Africa-2000,NCEP2000_r028_c009,7,35.15774154663086,30.88800048828125,4.269741058349609,0.13823300281186954,8,33.2686315398746,7,3.962462107340496,2.3081374469753735,1.0
NCEP-AirTemp-Africa-2000,NCEP2000_r028_c009,8,32.8177375793457,35.15774154663086,-2.3400039672851562,-0.0665572890733477,8,33.2686315398746,2,-2.641641404893663,2.3081374469753735,1.0
NCEP-AirTemp-Africa-2000,NCEP2000_r028_c009,9,29.713329315185547,32.8177375793457,-3.1044082641601562,-0.09459543811191783,7,30.708706967035923,2,-2.641641404893663,2.3081374469753735,1.0
NCEP-AirTemp-Africa-2000,NCEP2000_r028_c009,10,20.866455078125,29.713329315185547,-8.846874237060547,-0.2977409277572671,3,20.469008675681216,0,-5.283282809787327,2.3081374469753735,1.0
NCEP-AirTemp-Africa-2000,NCEP2000_r028_c009,11,17.75933837890625,20.866455078125,-3.10711669921875,-0.14890486609179937,2,17.909084102842538,2,-2.641641404893663,2.3081374469753735,1.0
NCEP-AirTemp-Africa-2000,NCEP2000_r028_c009,12,13.781614303588867,17.75933837890625,-3.977724075317383,-0.22397929418597856,0,12.789234957165185,1,-3.9624621073404946,2.3081374469753735,1.0
NCEP-AirTemp-Africa-2000,NCEP2000_r028_c010,1,9.552586555480955,,,,0,12.789234957165185,4,,2.256059193978351,1.0
NCEP-AirTemp-Africa-2000,NCEP2000_r028_c010,2,14.306904792785645,9.552586555480955,4.754318237304689,0.4976995717015325,1,15.349159530003863,8,5.283282809787327,2.256059193978351,1.0
NCEP-AirTemp-Africa-2000,NCEP2000_r028_c010,3,19.042583465576172,14.306904792785645,4.735678672790527,0.33100651338495846,2,17.909084102842538,8,5.283282809787327,2.256059193978351,1.0
NCEP-AirTemp-Africa-2000,NCEP2000_r028_c010,4,24.532005310058594,19.042583465576172,5.489421844482422,0.2882708564416067,5,25.58885782135857,8,5.283282809787327,2.256059193978351,1.0
NCEP-AirTemp-Africa-2000,NCEP2000_r028_c010,5,29.487415313720703,24.532005310058594,4.955410003662109,0.2019977552193948,7,30.708706967035923,8,5.283282809787327,2.256059193978351,1.0
NCEP-AirTemp-Africa-2000,NCEP2000_r028_c010,6,30.849328994750977,29.487415313720703,1.3619136810302734,0.04618626849931352,7,30.708706967035923,5,1.3208207024468321,2.256059193978351,1.0
NCEP-AirTemp-Africa-2000,NCEP2000_r028_c010,7,35.09160614013672,30.849328994750977,4.242277145385742,0.13751602655952636,8,33.2686315398746,7,3.962462107340496,2.256059193978351,1.0
NCEP-AirTemp-Africa-2000,NCEP2000_r028_c010,8,33.3870964050293,35.09160614013672,-1.7045097351074219,-0.04857314676052559,8,33.2686315398746,3,-1.3208207024468313,2.256059193978351,1.0
NCEP-AirTemp-Africa-2000,NCEP2000_r028_c010,9,30.284996032714844,33.3870964050293,-3.102100372314453,-0.09291315227541516,7,30.708706967035923,2,-2.641641404893663,2.256059193978351,1.0
NCEP-AirTemp-Africa-2000,NCEP2000_r028_c010,10,22.31548500061035,30.284996032714844,-7.969511032104492,-0.2631504730426765,4,23.02893324851989,0,-5.283282809787327,2.256059193978351,1.0
NCEP-AirTemp-Africa-2000,NCEP2000_r028_c010,11,18.25167465209961,22.31548500061035,-4.063810348510742,-0.18210719365497066,2,17.909084102842538,1,-3.9624621073404946,2.256059193978351,1.0
NCEP-AirTemp-Africa-2000,NCEP2000_r028_c010,12,14.527748107910156,18.25167465209961,-3.723926544189453,-0.2040320472051076,1,15.349159530003863,1,-3.9624621073404946,2.256059193978351,1.0
NCEP-AirTemp-Africa-2000,NCEP2000_r028_c011,1,9.36419677734375,,,,0,12.789234957165185,4,,2.199139726279829,1.0
NCEP-AirTemp-Africa-2000,NCEP2000_r028_c011,2,13.663804054260254,9.36419677734375,4.299607276916504,0.4591538793075354,0,12.789234957165185,7,3.962462107340496,2.199139726279829,1.0
NCEP-AirTemp-Africa-2000,NCEP2000_r028_c011,3,18.611621856689453,13.663804054260254,4.947817802429199,0.36211129658921837,2,17.909084102842538,8,5.283282809787327,2.199139726279829,1.0
NCEP-AirTemp-Africa-2000,NCEP2000_r028_c011,4,25.062664031982425,18.611621856689453,6.451042175292972,0.34661364952320456,5,25.58885782135857,8,5.283282809787327,2.199139726279829,1.0
NCEP-AirTemp-Africa-2000,NCEP2000_r028_c011,5,29.45677375793457,25.062664031982425,4.394109725952145,0.17532492636636027,7,30.708706967035923,7,3.962462107340496,2.199139726279829,1.0
NCEP-AirTemp-Africa-2000,NCEP2000_r028_c011,6,30.39800071716309,29.45677375793457,0.9412269592285192,0.03195281896663878,7,30.708706967035923,5,1.3208207024468321,2.199139726279829,1.0
NCEP-AirTemp-Africa-2000,NCEP2000_r028_c011,7,33.98967361450195,30.39800071716309,3.5916728973388636,0.11815490534253986,8,33.2686315398746,7,3.962462107340496,2.199139726279829,1.0
NCEP-AirTemp-Africa-2000,NCEP2000_r028_c011,8,32.54741668701172,33.98967361450195,-1.4422569274902344,-0.042432208789286066,8,33.2686315398746,3,-1.3208207024468313,2.199139726279829,1.0
NCEP-AirTemp-Africa-2000,NCEP2000_r028_c011,9,29.807329177856445,32.54741668701172,-2.7400875091552734,-0.08418755735685546,7,30.708706967035923,2,-2.641641404893663,2.199139726279829,1.0
NCEP-AirTemp-Africa-2000,NCEP2000_r028_c011,10,22.945161819458008,29.807329177856445,-6.8621673583984375,-0.23021745146815334,4,23.02893324851989,0,-5.283282809787327,2.199139726279829,1.0
NCEP-AirTemp-Africa-2000,NCEP2000_r028_c011,11,17.812007904052734,22.945161819458008,-5.133153915405273,-0.2237139993082221,2,17.909084102842538,0,-5.283282809787327,2.199139726279829,1.0
NCEP-AirTemp-Africa-2000,NCEP2000_r028_c011,12,14.17161464691162,17.812007904052734,-3.640393257141115,-0.20437860103985372,1,15.349159530003863,1,-3.9624621073404946,2.199139726279829,1.0
NCEP-AirTemp-Africa-2000,NCEP2000_r028_c012,1,7.972909927368164,,,,0,12.789234957165185,4,,2.137094326410018,0.8148148148148149
NCEP-AirTemp-Africa-2000,NCEP2000_r028_c012,2,11.598280906677246,7.972909927368164,3.625370979309082,0.45471114214704383,0,12.789234957165185,7,3.962462107340496,2.137094326410018,0.8148148148148149
NCEP-AirTemp-Africa-2000,NCEP2000_r028_c012,3,16.659679412841797,11.598280906677246,5.061398506164551,0.4363921297380074,2,17.909084102842538,8,5.283282809787327,2.137094326410018,0.8148148148148149
NCEP-AirTemp-Africa-2000,NCEP2000_r028_c012,4,23.83733367919922,16.659679412841797,7.177654266357422,0.43083987923709166,4,23.02893324851989,8,5.283282809787327,2.137094326410018,0.8148148148148149
NCEP-AirTemp-Africa-2000,NCEP2000_r028_c012,5,27.469676971435547,23.83733367919922,3.632343292236328,0.1523804357114806,6,28.148782394197248,7,3.962462107340496,2.137094326410018,0.8148148148148149
NCEP-AirTemp-Africa-2000,NCEP2000_r028_c012,6,28.34633445739746,27.469676971435547,0.8766574859619141,0.03191364379251747,6,28.148782394197248,5,1.3208207024468321,2.137094326410018,0.8148148148148149
NCEP-AirTemp-Africa-2000,NCEP2000_r028_c012,7,31.114192962646484,28.34633445739746,2.7678585052490234,0.09764431833007965,7,30.708706967035923,6,2.6416414048936643,2.137094326410018,0.8148148148148149
NCEP-AirTemp-Africa-2000,NCEP2000_r028_c012,8,29.7932186126709,31.114192962646484,-1.320974349975586,-0.042455684181217715,7,30.708706967035923,3,-1.3208207024468313,2.137094326410018,0.8148148148148149
NCEP-AirTemp-Africa-2000,NCEP2000_r028_c012,9,27.510997772216797,29.7932186126709,-2.2822208404541016,-0.07660202377340611,6,28.148782394197248,2,-2.641641404893663,2.137094326410018,0.8148148148148149
NCEP-AirTemp-Africa-2000,NCEP2000_r028_c012,10,21.95387077331543,27.510997772216797,-5.557126998901367,-0.20199656315313574,4,23.02893324851989,0,-5.283282809787327,2.137094326410018,0.8148148148148149
NCEP-AirTemp-Africa-2000,NCEP2000_r028_c012,11,16.16933822631836,21.95387077331543,-5.78453254699707,-0.2634857700824255,1,15.349159530003863,0,-5.283282809787327,2.137094326410018,0.8148148148148149
NCEP-AirTemp-Africa-2000,NCEP2000_r028_c012,12,12.843880653381348,16.16933822631836,-3.3254575729370117,-0.20566442029917226,0,12.789234957165185,1,-3.9624621073404946,2.137094326410018,0.8148148148148149
NCEP-AirTemp-Africa-2000,NCEP2000_r028_c013,1,8.232582092285156,,,,0,12.789234957165185,4,,2.069742850483708,0.814814814814815
NCEP-AirTemp-Africa-2000,NCEP2000_r028_c013,2,10.70242404937744,8.232582092285156,2.4698419570922834,0.3000081784069666,0,12.789234957165185,6,2.6416414048936643,2.069742850483708,0.814814814814815
NCEP-AirTemp-Africa-2000,NCEP2000_r028_c013,3,15.442906379699709,10.70242404937744,4.740482330322269,0.44293538626868584,1,15.349159530003863,8,5.283282809787327,2.069742850483708,0.814814814814815
NCEP-AirTemp-Africa-2000,NCEP2000_r028_c013,4,22.55400276184082,15.442906379699709,7.1110963821411115,0.46047655844685553,4,23.02893324851989,8,5.283282809787327,2.069742850483708,0.814814814814815
NCEP-AirTemp-Africa-2000,NCEP2000_r028_c013,5,25.57612991333008,22.55400276184082,3.0221271514892614,0.13399515746279886,5,25.58885782135857,6,2.6416414048936643,2.069742850483708,0.814814814814815
NCEP-AirTemp-Africa-2000,NCEP2000_r028_c013,6,26.447996139526367,25.57612991333008,0.8718662261962855,0.03408905996140861,5,25.58885782135857,5,1.3208207024468321,2.069742850483708,0.814814814814815
NCEP-AirTemp-Africa-2000,NCEP2000_r028_c013,7,28.51032066345215,26.447996139526367,2.0623245239257812,0.07797658896522788,6,28.148782394197248,6,2.6416414048936643,2.069742850483708,0.814814814814815
NCEP-AirTemp-Africa-2000,NCEP2000_r028_c013,8,27.741931915283203,28.51032066345215,-0.7683887481689453,-0.02695124889121137,6,28.148782394197248,3,-1.3208207024468313,2.069742850483708,0.814814814814815
NCEP-AirTemp-Africa-2000,NCEP2000_r028_c013,9,25.906999588012695,27.741931915283203,-1.8349323272705078,-0.0661429179796823,5,25.58885782135857,3,-1.3208207024468313,2.069742850483708,0.814814814814815
NCEP-AirTemp-Africa-2000,NCEP2000_r028_c013,10,21.798067092895508,25.906999588012695,-4.1089324951171875,-0.15860317908131716,4,23.02893324851989,1,-3.9624621073404946,2.069742850483708,0.814814814814815
NCEP-AirTemp-Africa-2000,NCEP2000_r028_c013,11,15.895008087158203,21.798067092895508,-5.903059005737305,-0.27080653438585145,1,15.349159530003863,0,-5.283282809787327,2.069742850483708,0.814814814814815
NCEP-AirTemp-Africa-2000,NCEP2000_r028_c013,12,12.965813636779783,15.895008087158203,-2.9291944503784197,-0.18428392324914616,0,12.789234957165185,2,-2.641641404893663,2.069742850483708,0.814814814814815
NCEP-AirTemp-Africa-2000,NCEP2000_r028_c014,1,10.240328788757324,,,,0,12.789234957165185,4,,1.9970652148288373,0.8799999999999999
NCEP-AirTemp-Africa-2000,NCEP2000_r028_c014,2,11.537245750427246,10.240328788757324,1.2969169616699219,0.1266479805896256,0,12.789234957165185,5,1.3208207024468321,1.9970652148288373,0.8799999999999999
NCEP-AirTemp-Africa-2000,NCEP2000_r028_c014,3,15.441295623779297,11.537245750427246,3.904049873352051,0.3383866442480413,1,15.349159530003863,7,3.962462107340496,1.9970652148288373,0.8799999999999999
NCEP-AirTemp-Africa-2000,NCEP2000_r028_c014,4,21.839338302612305,15.441295623779297,6.398042678833008,0.41434623329017456,4,23.02893324851989,8,5.283282809787327,1.9970652148288373,0.8799999999999999
NCEP-AirTemp-Africa-2000,NCEP2000_r028_c014,5,24.5135498046875,21.839338302612305,2.6742115020751953,0.12244929150418996,5,25.58885782135857,6,2.6416414048936643,1.9970652148288373,0.8799999999999999
NCEP-AirTemp-Africa-2000,NCEP2000_r028_c014,6,25.322998046875,24.5135498046875,0.8094482421875,0.033020441700072206,5,25.58885782135857,5,1.3208207024468321,1.9970652148288373,0.8799999999999999
NCEP-AirTemp-Africa-2000,NCEP2000_r028_c014,7,26.83515739440918,25.322998046875,1.5121593475341797,0.05971486254254119,5,25.58885782135857,5,1.3208207024468321,1.9970652148288373,0.8799999999999999
NCEP-AirTemp-Africa-2000,NCEP2000_r028_c014,8,26.963865280151367,26.83515739440918,0.1287078857421875,0.004796241134363625,6,28.148782394197248,4,4.440892098500626e-16,1.9970652148288373,0.8799999999999999
NCEP-AirTemp-Africa-2000,NCEP2000_r028_c014,9,26.073999404907227,26.963865280151367,-0.8898658752441406,-0.03300216293170655,5,25.58885782135857,3,-1.3208207024468313,1.9970652148288373,0.8799999999999999
NCEP-AirTemp-Africa-2000,NCEP2000_r028_c014,10,22.74871253967285,26.073999404907227,-3.325286865234375,-0.1275326739713181,4,23.02893324851989,1,-3.9624621073404946,1.9970652148288373,0.8799999999999999
NCEP-AirTemp-Africa-2000,NCEP2000_r028_c014,11,17.39467430114746,22.74871253967285,-5.354038238525391,-0.23535565932305666,2,17.909084102842538,0,-5.283282809787327,1.9970652148288373,0.8799999999999999
NCEP-AirTemp-Africa-2000,NCEP2000_r028_c014,12,14.33258819580078,17.39467430114746,-3.0620861053466815,-0.17603584018498622,1,15.349159530003863,2,-2.641641404893663,1.9970652148288373,0.8799999999999999
NCEP-AirTemp-Africa-2000,NCEP2000_r028_c015,1,11.741944313049316,,,,0,12.789234957165185,4,,1.9192616157462852,0.9565217391304348
NCEP-AirTemp-Africa-2000,NCEP2000_r028_c015,2,12.36966323852539,11.741944313049316,0.6277189254760742,0.05345953861989141,0,12.789234957165185,4,4.440892098500626e-16,1.9192616157462852,0.9565217391304348
NCEP-AirTemp-Africa-2000,NCEP2000_r028_c015,3,15.583555221557615,12.36966323852539,3.213891983032225,0.2598204915573238,1,15.349159530003863,6,2.6416414048936643,1.9192616157462852,0.9565217391304348
NCEP-AirTemp-Africa-2000,NCEP2000_r028_c015,4,21.456335067749023,15.583555221557615,5.872779846191408,0.3768575118254953,3,20.469008675681216,8,5.283282809787327,1.9192616157462852,0.9565217391304348
NCEP-AirTemp-Africa-2000,NCEP2000_r028_c015,5,23.95645523071289,21.456335067749023,2.500120162963867,0.11652130501642813,4,23.02893324851989,6,2.6416414048936643,1.9192616157462852,0.9565217391304348
NCEP-AirTemp-Africa-2000,NCEP2000_r028_c015,6,24.597999572753903,23.95645523071289,0.6415443420410121,0.0267796022350808,5,25.58885782135857,4,4.440892098500626e-16,1.9192616157462852,0.9565217391304348
NCEP-AirTemp-Africa-2000,NCEP2000_r028_c015,7,25.92225646972656,24.597999572753903,1.3242568969726562,0.05383595901999592,5,25.58885782135857,5,1.3208207024468321,1.9192616157462852,0.9565217391304348
NCEP-AirTemp-Africa-2000,NCEP2000_r028_c015,8,26.51032066345215,25.92225646972656,0.5880641937255895,0.022685686888884973,5,25.58885782135857,4,4.440892098500626e-16,1.9192616157462852,0.9565217391304348
NCEP-AirTemp-Africa-2000,NCEP2000_r028_c015,9,26.609663009643555,26.51032066345215,0.09934234619140625,0.00374730835784881,5,25.58885782135857,4,4.440892098500626e-16,1.9192616157462852,0.9565217391304348
NCEP-AirTemp-Africa-2000,NCEP2000_r028_c015,10,23.169679641723633,26.609663009643555,-3.439983367919922,-0.12927572087903721,4,23.02893324851989,1,-3.9624621073404946,1.9192616157462852,0.9565217391304348
NCEP-AirTemp-Africa-2000,NCEP2000_r028_c015,11,18.861003875732425,23.169679641723633,-4.308675765991207,-0.18596181874833542,2,17.909084102842538,1,-3.9624621073404946,1.9192616157462852,0.9565217391304348
NCEP-AirTemp-Africa-2000,NCEP2000_r028_c015,12,15.47452163696289,18.861003875732425,-3.386482238769535,-0.17954941640867608,1,15.349159530003863,1,-3.9624621073404946,1.9192616157462852,0.9565217391304348
NCEP-AirTemp-Africa-2000,NCEP2000_r028_c016,1,11.901299476623535,,,,0,12.789234957165185,4,,1.836806754738775,0.9565217391304348
NCEP-AirTemp-Africa-2000,NCEP2000_r028_c016,2,12.623455047607422,11.901299476623535,0.7221555709838867,0.06067871600091575,0,12.789234957165185,5,1.3208207024468321,1.836806754738775,0.9565217391304348
NCEP-AirTemp-Africa-2000,NCEP2000_r028_c016,3,15.67516803741455,12.623455047607422,3.051712989807129,0.24174942425018048,1,15.349159530003863,6,2.6416414048936643,1.836806754738775,0.9565217391304348
NCEP-AirTemp-Africa-2000,NCEP2000_r028_c016,4,21.767669677734375,15.67516803741455,6.092501640319824,0.38867217408947896,4,23.02893324851989,8,5.283282809787327,1.836806754738775,0.9565217391304348
NCEP-AirTemp-Africa-2000,NCEP2000_r028_c016,5,24.65613174438477,21.767669677734375,2.888462066650394,0.13269505231443918,5,25.58885782135857,6,2.6416414048936643,1.836806754738775,0.9565217391304348
NCEP-AirTemp-Africa-2000,NCEP2000_r028_c016,6,25.40466690063477,24.65613174438477,0.74853515625,0.03035898591109989,5,25.58885782135857,5,1.3208207024468321,1.836806754738775,0.9565217391304348
NCEP-AirTemp-Africa-2000,NCEP2000_r028_c016,7,27.100963592529297,25.40466690063477,1.6962966918945277,0.06677106606157247,6,28.148782394197248,5,1.3208207024468321,1.836806754738775,0.9565217391304348
NCEP-AirTemp-Africa-2000,NCEP2000_r028_c016,8,27.155811309814453,27.100963592529297,0.05484771728515625,0.002023829045705064,6,28.148782394197248,4,4.440892098500626e-16,1.836806754738775,0.9565217391304348
NCEP-AirTemp-Africa-2000,NCEP2000_r028_c016,9,26.874664306640625,27.155811309814453,-0.2811470031738281,-0.010353106374406795,6,28.148782394197248,4,4.440892098500626e-16,1.836806754738775,0.9565217391304348
NCEP-AirTemp-Africa-2000,NCEP2000_r028_c016,10,22.823549270629883,26.874664306640625,-4.051115036010742,-0.15074104702434282,4,23.02893324851989,1,-3.9624621073404946,1.836806754738775,0.9565217391304348
NCEP-AirTemp-Africa-2000,NCEP2000_r028_c016,11,19.022003173828125,22.823549270629883,-3.801546096801758,-0.16656244178874124,2,17.909084102842538,1,-3.9624621073404946,1.836806754738775,0.9565217391304348
NCEP-AirTemp-Africa-2000,NCEP2000_r028_c016,12,15.553874969482422,19.022003173828125,-3.468128204345703,-0.1823219233354671,1,15.349159530003863,1,-3.9624621073404946,1.836806754738775,0.9565217391304348
NCEP-AirTemp-Africa-2000,NCEP2000_r028_c017,1,11.09290599822998,,,,0,12.789234957165185,4,,1.7504823084852652,0.8800000000000001
NCEP-AirTemp-Africa-2000,NCEP2000_r028_c017,2,12.412076950073242,11.09290599822998,1.3191709518432617,0.11892023172771435,0,12.789234957165185,5,1.3208207024468321,1.7504823084852652,0.8800000000000001
NCEP-AirTemp-Africa-2000,NCEP2000_r028_c017,3,15.285167694091797,12.412076950073242,2.8730907440185547,0.23147542152496894,1,15.349159530003863,6,2.6416414048936643,1.7504823084852652,0.8800000000000001
NCEP-AirTemp-Africa-2000,NCEP2000_r028_c017,4,22.164005279541016,15.285167694091797,6.878837585449219,0.45003350457895913,4,23.02893324851989,8,5.283282809787327,1.7504823084852652,0.8800000000000001
NCEP-AirTemp-Africa-2000,NCEP2000_r028_c017,5,25.4693546295166,22.164005279541016,3.305349349975586,0.1491314096115409,5,25.58885782135857,7,3.962462107340496,1.7504823084852652,0.8800000000000001
NCEP-AirTemp-Africa-2000,NCEP2000_r028_c017,6,26.704668045043945,25.4693546295166,1.2353134155273438,0.04850195199275803,5,25.58885782135857,5,1.3208207024468321,1.7504823084852652,0.8800000000000001
NCEP-AirTemp-Africa-2000,NCEP2000_r028_c017,7,29.137739181518555,26.704668045043945,2.4330711364746094,0.0911103306871533,6,28.148782394197248,6,2.6416414048936643,1.7504823084852652,0.8800000000000001
NCEP-AirTemp-Africa-2000,NCEP2000_r028_c017,8,28.144193649291992,29.137739181518555,-0.9935455322265625,-0.03409823686172424,6,28.148782394197248,3,-1.3208207024468313,1.7504823084852652,0.8800000000000001
NCEP-AirTemp-Africa-2000,NCEP2000_r028_c017,9,26.812997817993164,28.144193649291992,-1.3311958312988281,-0.04729912847697863,5,25.58885782135857,3,-1.3208207024468313,1.7504823084852652,0.8800000000000001
NCEP-AirTemp-Africa-2000,NCEP2000_r028_c017,10,21.988065719604492,26.812997817993164,-4.824932098388672,-0.17994750647206062,4,23.02893324851989,0,-5.283282809787327,1.7504823084852652,0.8800000000000001
NCEP-AirTemp-Africa-2000,NCEP2000_r028_c017,11,18.159000396728516,21.988065719604492,-3.8290653228759766,-0.17414289058914326,2,17.909084102842538,1,-3.9624621073404946,1.7504823084852652,0.8800000000000001
NCEP-AirTemp-Africa-2000,NCEP2000_r028_c017,12,14.485167503356934,18.159000396728516,-3.673832893371582,-0.2023147096815666,1,15.349159530003863,1,-3.9624621073404946,1.7504823084852652,0.8800000000000001
NCEP-AirTemp-Africa-2000,NCEP2000_r028_c018,1,11.154842376708984,,,,0,12.789234957165185,4,,1.6613703972394744,0.9565217391304348
NCEP-AirTemp-Africa-2000,NCEP2000_r028_c018,2,12.91380500793457,11.154842376708984,1.758962631225586,0.15768601400394983,0,12.789234957165185,5,1.3208207024468321,1.6613703972394744,0.9565217391304348
NCEP-AirTemp-Africa-2000,NCEP2000_r028_c018,3,15.03420066833496,12.91380500793457,2.120395660400389,0.16419604129825127,1,15.349159530003863,6,2.6416414048936643,1.6613703972394744,0.9565217391304348
NCEP-AirTemp-Africa-2000,NCEP2000_r028_c018,4,22.243005752563477,15.03420066833496,7.208805084228517,0.47949373852723054,4,23.02893324851989,8,5.283282809787327,1.6613703972394744,0.9565217391304348
NCEP-AirTemp-Africa-2000,NCEP2000_r028_c018,5,24.759355545043945,22.243005752563477,2.5163497924804688,0.11312993488708076,5,25.58885782135857,6,2.6416414048936643,1.6613703972394744,0.9565217391304348
NCEP-AirTemp-Africa-2000,NCEP2000_r028_c018,6,26.612329483032227,24.759355545043945,1.8529739379882812,0.07483934444970597,5,25.58885782135857,5,1.3208207024468321,1.6613703972394744,0.9565217391304348
NCEP-AirTemp-Africa-2000,NCEP2000_r028_c018,7,29.497413635253903,26.612329483032227,2.885084152221676,0.10841155991478231,7,30.708706967035923,6,2.6416414048936643,1.6613703972394744,0.9565217391304348
NCEP-AirTemp-Africa-2000,NCEP2000_r028_c018,8,28.194835662841797,29.497413635253903,-1.3025779724121058,-0.0441590570793409,6,28.148782394197248,3,-1.3208207024468313,1.6613703972394744,0.9565217391304348
NCEP-AirTemp-Africa-2000,NCEP2000_r028_c018,9,26.536333084106445,28.194835662841797,-1.6585025787353516,-0.05882292057197927,5,25.58885782135857,3,-1.3208207024468313,1.6613703972394744,0.9565217391304348
NCEP-AirTemp-Africa-2000,NCEP2000_r028_c018,10,21.54774284362793,26.536333084106445,-4.988590240478516,-0.1879909415014978,3,20.469008675681216,0,-5.283282809787327,1.6613703972394744,0.9565217391304348
NCEP-AirTemp-Africa-2000,NCEP2000_r028_c018,11,18.148338317871097,21.54774284362793,-3.3994045257568324,-0.15776151360382973,2,17.909084102842538,1,-3.9624621073404946,1.6613703972394744,0.9565217391304348
NCEP-AirTemp-Africa-2000,NCEP2000_r028_c018,12,14.449363708496094,18.148338317871097,-3.6989746093750036,-0.20381891413896203,1,15.349159530003863,1,-3.9624621073404946,1.6613703972394744,0.9565217391304348
NCEP-AirTemp-Africa-2000,NCEP2000_r028_c019,1,12.33096981048584,,,,0,12.789234957165185,4,,1.5707963267948966,0.9565217391304348
NCEP-AirTemp-Africa-2000,NCEP2000_r028_c019,2,13.846558570861816,12.33096981048584,1.5155887603759766,0.1229091291008734,0,12.789234957165185,5,1.3208207024468321,1.5707963267948966,0.9565217391304348
NCEP-AirTemp-Africa-2000,NCEP2000_r028_c019,3,15.170329093933104,13.846558570861816,1.3237705230712873,0.09560285440578577,1,15.349159530003863,5,1.3208207024468321,1.5707963267948966,0.9565217391304348
NCEP-AirTemp-Africa-2000,NCEP2000_r028_c019,4,21.931005477905273,15.170329093933104,6.76067638397217,0.44565126716175785,4,23.02893324851989,8,5.283282809787327,1.5707963267948966,0.9565217391304348
NCEP-AirTemp-Africa-2000,NCEP2000_r028_c019,5,23.325483322143555,21.931005477905273,1.3944778442382812,0.06358476567082934,4,23.02893324851989,5,1.3208207024468321,1.5707963267948966,0.9565217391304348
NCEP-AirTemp-Africa-2000,NCEP2000_r028_c019,6,25.72933006286621,23.325483322143555,2.4038467407226562,0.10305667443300585,5,25.58885782135857,6,2.6416414048936643,1.5707963267948966,0.9565217391304348
NCEP-AirTemp-Africa-2000,NCEP2000_r028_c019,7,28.586444854736328,25.72933006286621,2.857114791870117,0.11104505188783134,6,28.148782394197248,6,2.6416414048936643,1.5707963267948966,0.9565217391304348
NCEP-AirTemp-Africa-2000,NCEP2000_r028_c019,8,27.77193260192871,28.586444854736328,-0.8145122528076172,-0.02849295380893316,6,28.148782394197248,3,-1.3208207024468313,1.5707963267948966,0.9565217391304348
NCEP-AirTemp-Africa-2000,NCEP2000_r028_c019,9,26.19733238220215,27.77193260192871,-1.5746002197265625,-0.05669753856514866,5,25.58885782135857,3,-1.3208207024468313,1.5707963267948966,0.9565217391304348
NCEP-AirTemp-Africa-2000,NCEP2000_r028_c019,10,21.83258628845215,26.19733238220215,-4.36474609375,-0.16661032619929295,4,23.02893324851989,1,-3.9624621073404946,1.5707963267948966,0.9565217391304348
NCEP-AirTemp-Africa-2000,NCEP2000_r028_c019,11,18.976001739501953,21.83258628845215,-2.8565845489501953,-0.13084041034850374,2,17.909084102842538,2,-2.641641404893663,1.5707963267948966,0.9565217391304348
NCEP-AirTemp-Africa-2000,NCEP2000_r028_c019,12,15.575813293457031,18.976001739501953,-3.400188446044922,-0.1791836074175109,1,15.349159530003863,1,-3.9624621073404946,1.5707963267948966,0.9565217391304348
NCEP-AirTemp-Africa-2000,NCEP2000_r028_c020,1,12.301623344421388,,,,0,12.789234957165185,4,,1.480222256350319,0.9565217391304348
NCEP-AirTemp-Africa-2000,NCEP2000_r028_c020,2,12.915520668029783,12.301623344421388,0.6138973236083949,0.049903765252802074,0,12.789234957165185,4,4.440892098500626e-16,1.480222256350319,0.9565217391304348
NCEP-AirTemp-Africa-2000,NCEP2000_r028_c020,3,14.194524765014648,12.915520668029783,1.279004096984865,0.09902845807454176,1,15.349159530003863,5,1.3208207024468321,1.480222256350319,0.9565217391304348
NCEP-AirTemp-Africa-2000,NCEP2000_r028_c020,4,20.333341598510746,14.194524765014648,6.138816833496097,0.43247779937138053,3,20.469008675681216,8,5.283282809787327,1.480222256350319,0.9565217391304348
NCEP-AirTemp-Africa-2000,NCEP2000_r028_c020,5,21.766775131225582,20.333341598510746,1.4334335327148366,0.070496702461332,4,23.02893324851989,5,1.3208207024468321,1.480222256350319,0.9565217391304348
NCEP-AirTemp-Africa-2000,NCEP2000_r028_c020,6,24.43266868591309,21.766775131225582,2.665893554687507,0.12247535698860337,5,25.58885782135857,6,2.6416414048936643,1.480222256350319,0.9565217391304348
NCEP-AirTemp-Africa-2000,NCEP2000_r028_c020,7,27.020639419555664,24.43266868591309,2.5879707336425746,0.10592255667653268,6,28.148782394197248,6,2.6416414048936643,1.480222256350319,0.9565217391304348
NCEP-AirTemp-Africa-2000,NCEP2000_r028_c020,8,26.53161239624023,27.020639419555664,-0.48902702331543324,-0.01809827723623407,5,25.58885782135857,4,4.440892098500626e-16,1.480222256350319,0.9565217391304348
NCEP-AirTemp-Africa-2000,NCEP2000_r028_c020,9,25.259334564208984,26.53161239624023,-1.2722778320312464,-0.047953279771701315,5,25.58885782135857,3,-1.3208207024468313,1.480222256350319,0.9565217391304348
NCEP-AirTemp-Africa-2000,NCEP2000_r028_c020,10,21.35387420654297,25.259334564208984,-3.9054603576660156,-0.15461453854765544,3,20.469008675681216,1,-3.9624621073404946,1.480222256350319,0.9565217391304348
NCEP-AirTemp-Africa-2000,NCEP2000_r028_c020,11,18.680999755859375,21.35387420654297,-2.6728744506835938,-0.12517046906011123,2,17.909084102842538,2,-2.641641404893663,1.480222256350319,0.9565217391304348
NCEP-AirTemp-Africa-2000,NCEP2000_r028_c020,12,15.351941108703612,18.680999755859375,-3.3290586471557635,-0.17820559341914183,1,15.349159530003863,1,-3.9624621073404946,1.480222256350319,0.9565217391304348
NCEP-AirTemp-Africa-2000,NCEP2000_r028_c021,1,10.967747688293455,,,,0,12.789234957165185,4,,1.391110345104528,0.9565217391304348
NCEP-AirTemp-Africa-2000,NCEP2000_r028_c021,2,10.980005264282228,10.967747688293455,0.012257575988773084,0.001117601930417887,0,12.789234957165185,4,4.440892098500626e-16,1.391110345104528,0.9565217391304348
NCEP-AirTemp-Africa-2000,NCEP2000_r028_c021,3,12.966135025024414,10.980005264282228,1.9861297607421857,0.18088604813360448,0,12.789234957165185,6,2.6416414048936643,1.391110345104528,0.9565217391304348
NCEP-AirTemp-Africa-2000,NCEP2000_r028_c021,4,19.18467140197754,12.966135025024414,6.218536376953125,0.4795983047339441,2,17.909084102842538,8,5.283282809787327,1.391110345104528,0.9565217391304348
NCEP-AirTemp-Africa-2000,NCEP2000_r028_c021,5,21.043550491333008,19.18467140197754,1.8588790893554688,0.09689397594601788,3,20.469008675681216,5,1.3208207024468321,1.391110345104528,0.9565217391304348
NCEP-AirTemp-Africa-2000,NCEP2000_r028_c021,6,23.64299964904785,21.043550491333008,2.5994491577148438,0.12352711861933434,4,23.02893324851989,6,2.6416414048936643,1.391110345104528,0.9565217391304348
NCEP-AirTemp-Africa-2000,NCEP2000_r028_c021,7,26.26096534729004,23.64299964904785,2.6179656982421875,0.11072899958138847,5,25.58885782135857,6,2.6416414048936643,1.391110345104528,0.9565217391304348
NCEP-AirTemp-Africa-2000,NCEP2000_r028_c021,8,25.228384017944336,26.26096534729004,-1.0325813293457031,-0.039320006545466114,5,25.58885782135857,3,-1.3208207024468313,1.391110345104528,0.9565217391304348
NCEP-AirTemp-Africa-2000,NCEP2000_r028_c021,9,24.18733787536621,25.228384017944336,-1.041046142578125,-0.041264876174298526,4,23.02893324851989,3,-1.3208207024468313,1.391110345104528,0.9565217391304348
NCEP-AirTemp-Africa-2000,NCEP2000_r028_c021,10,20.295162200927734,24.18733787536621,-3.8921756744384766,-0.16091790235429315,3,20.469008675681216,1,-3.9624621073404946,1.391110345104528,0.9565217391304348
NCEP-AirTemp-Africa-2000,NCEP2000_r028_c021,11,17.44800567626953,20.295162200927734,-2.847156524658203,-0.1402874486279323,2,17.909084102842538,2,-2.641641404893663,1.391110345104528,0.9565217391304348
NCEP-AirTemp-Africa-2000,NCEP2000_r028_c021,12,14.091619491577148,17.44800567626953,-3.356386184692383,-0.19236503282763687,1,15.349159530003863,1,-3.9624621073404946,1.391110345104528,0.9565217391304348
NCEP-AirTemp-Africa-2000,NCEP2000_r029_c005,1,9.817427635192873,,,,0,12.789234957165185,4,,2.432495832807343,1.0
NCEP-AirTemp-Africa-2000,NCEP2000_r029_c005,2,14.102768898010254,9.817427635192873,4.285341262817381,0.43650347342063106,1,15.349159530003863,7,3.962462107340496,2.432495832807343,1.0
NCEP-AirTemp-Africa-2000,NCEP2000_r029_c005,3,15.43032932281494,14.102768898010254,1.3275604248046857,0.09413473583843453,1,15.349159530003863,5,1.3208207024468321,2.432495832807343,1.0
NCEP-AirTemp-Africa-2000,NCEP2000_r029_c005,4,13.692005157470703,15.43032932281494,-1.7383241653442365,-0.11265632307497088,0,12.789234957165185,3,-1.3208207024468313,2.432495832807343,1.0
NCEP-AirTemp-Africa-2000,NCEP2000_r029_c005,5,17.98871421813965,13.692005157470703,4.296709060668945,0.3138115280598293,2,17.909084102842538,7,3.962462107340496,2.432495832807343,1.0
NCEP-AirTemp-Africa-2000,NCEP2000_r029_c005,6,24.69633674621582,17.98871421813965,6.707622528076172,0.37287948692365513,5,25.58885782135857,8,5.283282809787327,2.432495832807343,1.0
NCEP-AirTemp-Africa-2000,NCEP2000_r029_c005,7,25.705156326293945,24.69633674621582,1.008819580078125,0.04084895628225935,5,25.58885782135857,5,1.3208207024468321,2.432495832807343,1.0
NCEP-AirTemp-Africa-2000,NCEP2000_r029_c005,8,26.405481338500977,25.705156326293945,0.7003250122070312,0.027244534260648122,5,25.58885782135857,5,1.3208207024468321,2.432495832807343,1.0
NCEP-AirTemp-Africa-2000,NCEP2000_r029_c005,9,22.26900291442871,26.405481338500977,-4.136478424072266,-0.1566522636359217,4,23.02893324851989,1,-3.9624621073404946,2.432495832807343,1.0
NCEP-AirTemp-Africa-2000,NCEP2000_r029_c005,10,16.484848022460938,22.26900291442871,-5.784154891967773,-0.2597401829886177,1,15.349159530003863,0,-5.283282809787327,2.432495832807343,1.0
NCEP-AirTemp-Africa-2000,NCEP2000_r029_c005,11,13.656670570373535,16.484848022460938,-2.8281774520874023,-0.1715622399571991,0,12.789234957165185,2,-2.641641404893663,2.432495832807343,1.0
NCEP-AirTemp-Africa-2000,NCEP2000_r029_c005,12,12.635811805725098,13.656670570373535,-1.0208587646484375,-0.07475165776225612,0,12.789234957165185,3,-1.3208207024468313,2.432495832807343,1.0
NCEP-AirTemp-Africa-2000,NCEP2000_r029_c006,1,6.391297817230225,,,,0,12.789234957165185,4,,2.395698564651766,1.0
NCEP-AirTemp-Africa-2000,NCEP2000_r029_c006,2,11.705181121826172,6.391297817230225,5.313883304595947,0.8314247679509335,0,12.789234957165185,8,5.283282809787327,2.395698564651766,1.0
NCEP-AirTemp-Africa-2000,NCEP2000_r029_c006,3,13.782265663146973,11.705181121826172,2.077084541320801,0.17745001292186297,0,12.789234957165185,6,2.6416414048936643,2.395698564651766,1.0
NCEP-AirTemp-Africa-2000,NCEP2000_r029_c006,4,13.321337699890137,13.782265663146973,-0.46092796325683594,-0.033443555255891794,0,12.789234957165185,4,4.440892098500626e-16,2.395698564651766,1.0
NCEP-AirTemp-Africa-2000,NCEP2000_r029_c006,5,18.86065101623535,13.321337699890137,5.539313316345215,0.41582260289001594,2,17.909084102842538,8,5.283282809787327,2.395698564651766,1.0
NCEP-AirTemp-Africa-2000,NCEP2000_r029_c006,6,26.185331344604492,18.86065101623535,7.324680328369141,0.3883577678238156,5,25.58885782135857,8,5.283282809787327,2.395698564651766,1.0
NCEP-AirTemp-Africa-2000,NCEP2000_r029_c006,7,28.31612777709961,26.185331344604492,2.130796432495117,0.08137366697611674,6,28.148782394197248,6,2.6416414048936643,2.395698564651766,1.0
NCEP-AirTemp-Africa-2000,NCEP2000_r029_c006,8,28.436767578125,28.31612777709961,0.12063980102539062,0.004260462517158044,6,28.148782394197248,4,4.440892098500626e-16,2.395698564651766,1.0
NCEP-AirTemp-Africa-2000,NCEP2000_r029_c006,9,22.894336700439453,28.436767578125,-5.542430877685547,-0.19490368806717207,4,23.02893324851989,0,-5.283282809787327,2.395698564651766,1.0
NCEP-AirTemp-Africa-2000,NCEP2000_r029_c006,10,15.248717308044434,22.894336700439453,-7.6456193923950195,-0.33395243078818976,1,15.349159530003863,0,-5.283282809787327,2.395698564651766,1.0
NCEP-AirTemp-Africa-2000,NCEP2000_r029_c006,11,11.885008811950684,15.248717308044434,-3.36370849609375,-0.22058960292478053,0,12.789234957165185,1,-3.9624621073404946,2.395698564651766,1.0
NCEP-AirTemp-Africa-2000,NCEP2000_r029_c006,12,9.875166893005373,11.885008811950684,-2.0098419189453107,-0.16910731415902383,0,12.789234957165185,2,-2.641641404893663,2.395698564651766,1.0
NCEP-AirTemp-Africa-2000,NCEP2000_r029_c007,1,6.079040050506592,,,,0,12.789234957165185,4,,2.3557183744408845,1.0
NCEP-AirTemp-Africa-2000,NCEP2000_r029_c007,2,11.165865898132324,6.079040050506592,5.086825847625732,0.8367811044774784,0,12.789234957165185,8,5.283282809787327,2.3557183744408845,1.0
NCEP-AirTemp-Africa-2000,NCEP2000_r029_c007,3,14.193231582641602,11.165865898132324,3.0273656845092773,0.2711268174029973,1,15.349159530003863,6,2.6416414048936643,2.3557183744408845,1.0
NCEP-AirTemp-Africa-2000,NCEP2000_r029_c007,4,15.28933811187744,14.193231582641602,1.096106529235838,0.07722741102712523,1,15.349159530003863,5,1.3208207024468321,2.3557183744408845,1.0
NCEP-AirTemp-Africa-2000,NCEP2000_r029_c007,5,20.97033309936523,15.28933811187744,5.680994987487791,0.3715657895664261,3,20.469008675681216,8,5.283282809787327,2.3557183744408845,1.0
NCEP-AirTemp-Africa-2000,NCEP2000_r029_c007,6,27.182666778564453,20.97033309936523,6.212333679199222,0.29624391991118487,6,28.148782394197248,8,5.283282809787327,2.3557183744408845,1.0
NCEP-AirTemp-Africa-2000,NCEP2000_r029_c007,7,30.484189987182617,27.182666778564453,3.301523208618164,0.12145692825185422,7,30.708706967035923,6,2.6416414048936643,2.3557183744408845,1.0
NCEP-AirTemp-Africa-2000,NCEP2000_r029_c007,8,29.648706436157227,30.484189987182617,-0.8354835510253906,-0.027407110091384357,7,30.708706967035923,3,-1.3208207024468313,2.3557183744408845,1.0
NCEP-AirTemp-Africa-2000,NCEP2000_r029_c007,9,24.559999465942383,29.648706436157227,-5.088706970214844,-0.1716333554441032,5,25.58885782135857,0,-5.283282809787327,2.3557183744408845,1.0
NCEP-AirTemp-Africa-2000,NCEP2000_r029_c007,10,16.333555221557617,24.559999465942383,-8.226444244384766,-0.3349529488301685,1,15.349159530003863,0,-5.283282809787327,2.3557183744408845,1.0
NCEP-AirTemp-Africa-2000,NCEP2000_r029_c007,11,13.153338432312012,16.333555221557617,-3.1802167892456055,-0.19470450530257125,0,12.789234957165185,2,-2.641641404893663,2.3557183744408845,1.0
NCEP-AirTemp-Africa-2000,NCEP2000_r029_c007,12,10.389359474182127,13.153338432312012,-2.7639789581298846,-0.21013516624342263,0,12.789234957165185,2,-2.641641404893663,2.3557183744408845,1.0
NCEP-AirTemp-Africa-2000,NCEP2000_r029_c008,1,5.975808620452881,,,,0,12.789234957165185,4,,2.3122692953118937,1.0
NCEP-AirTemp-Africa-2000,NCEP2000_r029_c008,2,11.021730422973633,5.975808620452881,5.045921802520752,0.8443914661608328,0,12.789234957165185,8,5.283282809787327,2.3122692953118937,1.0
NCEP-AirTemp-Africa-2000,NCEP2000_r029_c008,3,14.95903491973877,11.021730422973633,3.9373044967651367,0.357231064965828,1,15.349159530003863,7,3.962462107340496,2.3122692953118937,1.0
NCEP-AirTemp-Africa-2000,NCEP2000_r029_c008,4,17.065671920776367,14.95903491973877,2.1066370010375977,0.1408270662071819,2,17.909084102842538,6,2.6416414048936643,2.3122692953118937,1.0
NCEP-AirTemp-Africa-2000,NCEP2000_r029_c008,5,23.224834442138672,17.065671920776367,6.159162521362305,0.36090946491616993,4,23.02893324851989,8,5.283282809787327,2.3122692953118937,1.0
NCEP-AirTemp-Africa-2000,NCEP2000_r029_c008,6,28.21266746520996,23.224834442138672,4.987833023071289,0.21476290974205892,6,28.148782394197248,8,5.283282809787327,2.3122692953118937,1.0
NCEP-AirTemp-Africa-2000,NCEP2000_r029_c008,7,32.133548736572266,28.21266746520996,3.9208812713623047,0.13897591485091873,8,33.2686315398746,7,3.962462107340496,2.3122692953118937,1.0
NCEP-AirTemp-Africa-2000,NCEP2000_r029_c008,8,30.41289710998535,32.133548736572266,-1.720651626586914,-0.05354689084273418,7,30.708706967035923,3,-1.3208207024468313,2.3122692953118937,1.0
NCEP-AirTemp-Africa-2000,NCEP2000_r029_c008,9,25.638336181640625,30.41289710998535,-4.774560928344727,-0.15699132217091916,5,25.58885782135857,0,-5.283282809787327,2.3122692953118937,1.0
NCEP-AirTemp-Africa-2000,NCEP2000_r029_c008,10,16.798070907592773,25.638336181640625,-8.840265274047852,-0.34480651206915225,2,17.909084102842538,0,-5.283282809787327,2.3122692953118937,1.0
NCEP-AirTemp-Africa-2000,NCEP2000_r029_c008,11,13.64700984954834,16.798070907592773,-3.1510610580444336,-0.18758469799172864,0,12.789234957165185,2,-2.641641404893663,2.3122692953118937,1.0
NCEP-AirTemp-Africa-2000,NCEP2000_r029_c008,12,10.773880958557127,13.64700984954834,-2.8731288909912127,-0.2105317518391255,0,12.789234957165185,2,-2.641641404893663,2.3122692953118937,1.0
NCEP-AirTemp-Africa-2000,NCEP2000_r029_c009,1,6.937424182891846,,,,0,12.789234957165185,4,,2.2650663326195,1.0
NCEP-AirTemp-Africa-2000,NCEP2000_r029_c009,2,11.880356788635254,6.937424182891846,4.942932605743408,0.7125025766671458,0,12.789234957165185,8,5.283282809787327,2.2650663326195,1.0
NCEP-AirTemp-Africa-2000,NCEP2000_r029_c009,3,16.2861328125,11.880356788635254,4.405776023864746,0.3708454301708607,1,15.349159530003863,7,3.962462107340496,2.2650663326195,1.0
NCEP-AirTemp-Africa-2000,NCEP2000_r029_c009,4,19.285669326782227,16.2861328125,2.9995365142822266,0.18417733349073576,3,20.469008675681216,6,2.6416414048936643,2.2650663326195,1.0
NCEP-AirTemp-Africa-2000,NCEP2000_r029_c009,5,25.742578506469727,19.285669326782227,6.4569091796875,0.33480347870118865,5,25.58885782135857,8,5.283282809787327,2.2650663326195,1.0
NCEP-AirTemp-Africa-2000,NCEP2000_r029_c009,6,29.33499526977539,25.742578506469727,3.592416763305664,0.1395515512326321,6,28.148782394197248,7,3.962462107340496,2.2650663326195,1.0
NCEP-AirTemp-Africa-2000,NCEP2000_r029_c009,7,33.543548583984375,29.33499526977539,4.208553314208984,0.14346528013744617,8,33.2686315398746,7,3.962462107340496,2.2650663326195,1.0
NCEP-AirTemp-Africa-2000,NCEP2000_r029_c009,8,31.742252349853516,33.543548583984375,-1.8012962341308594,-0.053700228812132954,7,30.708706967035923,3,-1.3208207024468313,2.2650663326195,1.0
NCEP-AirTemp-Africa-2000,NCEP2000_r029_c009,9,26.898998260498047,31.742252349853516,-4.843254089355469,-0.15258066869277534,6,28.148782394197248,0,-5.283282809787327,2.2650663326195,1.0
NCEP-AirTemp-Africa-2000,NCEP2000_r029_c009,10,17.786455154418945,26.898998260498047,-9.112543106079102,-0.33876886484137714,2,17.909084102842538,0,-5.283282809787327,2.2650663326195,1.0
NCEP-AirTemp-Africa-2000,NCEP2000_r029_c009,11,14.195338249206545,17.786455154418945,-3.5911169052124006,-0.2019017771689154,1,15.349159530003863,1,-3.9624621073404946,2.2650663326195,1.0
NCEP-AirTemp-Africa-2000,NCEP2000_r029_c009,12,11.4932279586792,14.195338249206545,-2.7021102905273455,-0.19035194816005044,0,12.789234957165185,2,-2.641641404893663,2.2650663326195,1.0
NCEP-AirTemp-Africa-2000,NCEP2000_r029_c010,1,9.213557243347168,,,,0,12.789234957165185,4,,2.213840425389199,1.0
NCEP-AirTemp-Africa-2000,NCEP2000_r029_c010,2,13.53586769104004,9.213557243347168,4.322310447692873,0.4691250440554741,0,12.789234957165185,7,3.962462107340496,2.213840425389199,1.0
NCEP-AirTemp-Africa-2000,NCEP2000_r029_c010,3,18.13774871826172,13.53586769104004,4.601881027221678,0.3399768032800628,2,17.909084102842538,7,3.962462107340496,2.213840425389199,1.0
NCEP-AirTemp-Africa-2000,NCEP2000_r029_c010,4,22.430002212524418,18.13774871826172,4.292253494262699,0.23664753332595836,4,23.02893324851989,7,3.962462107340496,2.213840425389199,1.0
NCEP-AirTemp-Africa-2000,NCEP2000_r029_c010,5,28.474193572998047,22.430002212524418,6.044191360473629,0.2694690487858573,6,28.148782394197248,8,5.283282809787327,2.213840425389199,1.0
NCEP-AirTemp-Africa-2000,NCEP2000_r029_c010,6,30.656665802001953,28.474193572998047,2.1824722290039062,0.07664737627806026,7,30.708706967035923,6,2.6416414048936643,2.213840425389199,1.0
NCEP-AirTemp-Africa-2000,NCEP2000_r029_c010,7,34.7996711730957,30.656665802001953,4.14300537109375,0.13514207310904638,8,33.2686315398746,7,3.962462107340496,2.213840425389199,1.0
NCEP-AirTemp-Africa-2000,NCEP2000_r029_c010,8,33.758705139160156,34.7996711730957,-1.0409660339355469,-0.029913099717457613,8,33.2686315398746,3,-1.3208207024468313,2.213840425389199,1.0
NCEP-AirTemp-Africa-2000,NCEP2000_r029_c010,9,28.87299537658691,33.758705139160156,-4.885709762573246,-0.14472444196047715,6,28.148782394197248,0,-5.283282809787327,2.213840425389199,1.0
NCEP-AirTemp-Africa-2000,NCEP2000_r029_c010,10,20.37516212463379,28.87299537658691,-8.497833251953121,-0.2943176882452594,3,20.469008675681216,0,-5.283282809787327,2.213840425389199,1.0
NCEP-AirTemp-Africa-2000,NCEP2000_r029_c010,11,16.05867576599121,20.37516212463379,-4.316486358642578,-0.21185040552015535,1,15.349159530003863,1,-3.9624621073404946,2.213840425389199,1.0
NCEP-AirTemp-Africa-2000,NCEP2000_r029_c010,12,13.061622619628906,16.05867576599121,-2.9970531463623047,-0.18663140037420847,0,12.789234957165185,2,-2.641641404893663,2.213840425389199,1.0
NCEP-AirTemp-Africa-2000,NCEP2000_r029_c011,1,9.735811233520508,,,,0,12.789234957165185,4,,2.1583595193402374,1.0
NCEP-AirTemp-Africa-2000,NCEP2000_r029_c011,2,13.39966106414795,9.735811233520508,3.6638498306274414,0.3763271229019689,0,12.789234957165185,7,3.962462107340496,2.1583595193402374,1.0
NCEP-AirTemp-Africa-2000,NCEP2000_r029_c011,3,18.022905349731445,13.39966106414795,4.623244285583496,0.3450269572827793,2,17.909084102842538,8,5.283282809787327,2.1583595193402374,1.0
NCEP-AirTemp-Africa-2000,NCEP2000_r029_c011,4,23.6806697845459,18.022905349731445,5.657764434814453,0.31392077609167257,4,23.02893324851989,8,5.283282809787327,2.1583595193402374,1.0
NCEP-AirTemp-Africa-2000,NCEP2000_r029_c011,5,29.07257652282715,23.6806697845459,5.39190673828125,0.22769232404904485,6,28.148782394197248,8,5.283282809787327,2.1583595193402374,1.0
NCEP-AirTemp-Africa-2000,NCEP2000_r029_c011,6,30.249000549316406,29.07257652282715,1.1764240264892578,0.040465076274390596,7,30.708706967035923,5,1.3208207024468321,2.1583595193402374,1.0
NCEP-AirTemp-Africa-2000,NCEP2000_r029_c011,7,33.88774108886719,30.249000549316406,3.6387405395507812,0.12029291789718363,8,33.2686315398746,7,3.962462107340496,2.1583595193402374,1.0
NCEP-AirTemp-Africa-2000,NCEP2000_r029_c011,8,33.51967239379883,33.88774108886719,-0.3680686950683594,-0.010861411331700637,8,33.2686315398746,4,4.440892098500626e-16,2.1583595193402374,1.0
NCEP-AirTemp-Africa-2000,NCEP2000_r029_c011,9,28.98199462890625,33.51967239379883,-4.537677764892578,-0.13537357142345022,6,28.148782394197248,1,-3.9624621073404946,2.1583595193402374,1.0
NCEP-AirTemp-Africa-2000,NCEP2000_r029_c011,10,21.775806427001953,28.98199462890625,-7.206188201904297,-0.248643624918657,4,23.02893324851989,0,-5.283282809787327,2.1583595193402374,1.0
NCEP-AirTemp-Africa-2000,NCEP2000_r029_c011,11,16.8230037689209,21.775806427001953,-4.952802658081055,-0.2274452004652094,2,17.909084102842538,0,-5.283282809787327,2.1583595193402374,1.0
NCEP-AirTemp-Africa-2000,NCEP2000_r029_c011,12,13.239681243896484,16.8230037689209,-3.583322525024414,-0.21300135066511158,0,12.789234957165185,1,-3.9624621073404946,2.1583595193402374,1.0
NCEP-AirTemp-Africa-2000,NCEP2000_r029_c012,1,9.357102394104004,,,,0,12.789234957165185,4,,2.0984564295920087,0.8888888888888887
NCEP-AirTemp-Africa-2000,NCEP2000_r029_c012,2,12.040350914001465,9.357102394104004,2.683248519897461,0.2867606238431462,0,12.789234957165185,6,2.6416414048936643,2.0984564295920087,0.8888888888888887
NCEP-AirTemp-Africa-2000,NCEP2000_r029_c012,3,16.218717575073242,12.040350914001465,4.178366661071777,0.347030305920141,1,15.349159530003863,7,3.962462107340496,2.0984564295920087,0.8888888888888887
NCEP-AirTemp-Africa-2000,NCEP2000_r029_c012,4,22.215999603271484,16.218717575073242,5.997282028198242,0.3697753537194299,4,23.02893324851989,8,5.283282809787327,2.0984564295920087,0.8888888888888887
NCEP-AirTemp-Africa-2000,NCEP2000_r029_c012,5,26.669675827026367,22.215999603271484,4.453676223754883,0.2004715656863373,5,25.58885782135857,7,3.962462107340496,2.0984564295920087,0.8888888888888887
NCEP-AirTemp-Africa-2000,NCEP2000_r029_c012,6,27.16499137878418,26.669675827026367,0.4953155517578125,0.018572237434392524,6,28.148782394197248,4,4.440892098500626e-16,2.0984564295920087,0.8888888888888887
NCEP-AirTemp-Africa-2000,NCEP2000_r029_c012,7,30.389995574951172,27.16499137878418,3.225004196166992,0.11871913195914784,7,30.708706967035923,6,2.6416414048936643,2.0984564295920087,0.8888888888888887
NCEP-AirTemp-Africa-2000,NCEP2000_r029_c012,8,30.210962295532227,30.389995574951172,-0.1790332794189453,-0.00589119136188729,7,30.708706967035923,4,4.440892098500626e-16,2.0984564295920087,0.8888888888888887
NCEP-AirTemp-Africa-2000,NCEP2000_r029_c012,9,26.812000274658203,30.210962295532227,-3.3989620208740234,-0.1125075721727898,5,25.58885782135857,1,-3.9624621073404946,2.0984564295920087,0.8888888888888887
NCEP-AirTemp-Africa-2000,NCEP2000_r029_c012,10,21.58354949951172,26.812000274658203,-5.228450775146484,-0.19500412955344623,3,20.469008675681216,0,-5.283282809787327,2.0984564295920087,0.8888888888888887
NCEP-AirTemp-Africa-2000,NCEP2000_r029_c012,11,16.839675903320312,21.58354949951172,-4.743873596191406,-0.2197911699509261,2,17.909084102842538,0,-5.283282809787327,2.0984564295920087,0.8888888888888887
NCEP-AirTemp-Africa-2000,NCEP2000_r029_c012,12,13.150005340576172,16.839675903320312,-3.6896705627441406,-0.21910579419266857,0,12.789234957165185,1,-3.9624621073404946,2.0984564295920087,0.8888888888888887
NCEP-AirTemp-Africa-2000,NCEP2000_r029_c013,1,10.969356536865234,,,,0,12.789234957165185,4,,2.0340631519624797,0.8888888888888887
NCEP-AirTemp-Africa-2000,NCEP2000_r029_c013,2,12.277246475219728,10.969356536865234,1.307889938354494,0.11923123603093823,0,12.789234957165185,5,1.3208207024468321,2.0340631519624797,0.8888888888888887
NCEP-AirTemp-Africa-2000,NCEP2000_r029_c013,3,15.47742748260498,12.277246475219728,3.200181007385252,0.26065950649801367,1,15.349159530003863,6,2.6416414048936643,2.0340631519624797,0.8888888888888887
NCEP-AirTemp-Africa-2000,NCEP2000_r029_c013,4,20.438337326049805,15.47742748260498,4.960909843444824,0.3205254780886792,3,20.469008675681216,8,5.283282809787327,2.0340631519624797,0.8888888888888887
NCEP-AirTemp-Africa-2000,NCEP2000_r029_c013,5,23.71096992492676,20.438337326049805,3.2726325988769567,0.1601222519556815,4,23.02893324851989,6,2.6416414048936643,2.0340631519624797,0.8888888888888887
NCEP-AirTemp-Africa-2000,NCEP2000_r029_c013,6,24.189001083374023,23.71096992492676,0.4780311584472621,0.020160759343071818,4,23.02893324851989,4,4.440892098500626e-16,2.0340631519624797,0.8888888888888887
NCEP-AirTemp-Africa-2000,NCEP2000_r029_c013,7,27.2806453704834,24.189001083374023,3.091644287109375,0.1278119867973537,6,28.148782394197248,6,2.6416414048936643,2.0340631519624797,0.8888888888888887
NCEP-AirTemp-Africa-2000,NCEP2000_r029_c013,8,27.494516372680664,27.2806453704834,0.21387100219726562,0.007839660656586436,6,28.148782394197248,4,4.440892098500626e-16,2.0340631519624797,0.8888888888888887
NCEP-AirTemp-Africa-2000,NCEP2000_r029_c013,9,25.483997344970703,27.494516372680664,-2.010519027709961,-0.07312436416258153,5,25.58885782135857,2,-2.641641404893663,2.0340631519624797,0.8888888888888887
NCEP-AirTemp-Africa-2000,NCEP2000_r029_c013,10,22.244518280029297,25.483997344970703,-3.2394790649414062,-0.12711816835833728,4,23.02893324851989,2,-2.641641404893663,2.0340631519624797,0.8888888888888887
NCEP-AirTemp-Africa-2000,NCEP2000_r029_c013,11,18.455669403076172,22.244518280029297,-3.788848876953125,-0.17032730622693146,2,17.909084102842538,1,-3.9624621073404946,2.0340631519624797,0.8888888888888887
NCEP-AirTemp-Africa-2000,NCEP2000_r029_c013,12,15.126778602600098,18.455669403076172,-3.328890800476074,-0.18037226002331935,1,15.349159530003863,1,-3.9624621073404946,2.0340631519624797,0.8888888888888887
NCEP-AirTemp-Africa-2000,NCEP2000_r029_c017,1,12.065814018249512,,,,0,12.789234957165185,4,,1.7357906577941966,0.96
NCEP-AirTemp-Africa-2000,NCEP2000_r029_c017,2,12.738972663879396,12.065814018249512,0.6731586456298846,0.055790570334644136,0,12.789234957165185,5,1.3208207024468321,1.7357906577941966,0.96
NCEP-AirTemp-Africa-2000,NCEP2000_r029_c017,3,14.363232612609863,12.738972663879396,1.624259948730467,0.1275032132956812,1,15.349159530003863,5,1.3208207024468321,1.7357906577941966,0.96
NCEP-AirTemp-Africa-2000,NCEP2000_r029_c017,4,18.133337020874023,14.363232612609863,3.77010440826416,0.26248300156012827,2,17.909084102842538,7,3.962462107340496,1.7357906577941966,0.96
NCEP-AirTemp-Africa-2000,NCEP2000_r029_c017,5,21.081937789916992,18.133337020874023,2.9486007690429688,0.16260662699031703,3,20.469008675681216,6,2.6416414048936643,1.7357906577941966,0.96
NCEP-AirTemp-Africa-2000,NCEP2000_r029_c017,6,22.80533218383789,21.081937789916992,1.7233943939208984,0.08174743759775055,4,23.02893324851989,5,1.3208207024468321,1.7357906577941966,0.96
NCEP-AirTemp-Africa-2000,NCEP2000_r029_c017,7,25.312259674072266,22.80533218383789,2.506927490234375,0.1099272516631453,5,25.58885782135857,6,2.6416414048936643,1.7357906577941966,0.96
NCEP-AirTemp-Africa-2000,NCEP2000_r029_c017,8,25.56871032714844,25.312259674072266,0.2564506530761754,0.010131480017126316,5,25.58885782135857,4,4.440892098500626e-16,1.7357906577941966,0.96
NCEP-AirTemp-Africa-2000,NCEP2000_r029_c017,9,24.590999603271484,25.56871032714844,-0.9777107238769567,-0.03823856234308538,5,25.58885782135857,3,-1.3208207024468313,1.7357906577941966,0.96
NCEP-AirTemp-Africa-2000,NCEP2000_r029_c017,10,21.23225975036621,24.590999603271484,-3.3587398529052734,-0.1365841123619245,3,20.469008675681216,1,-3.9624621073404946,1.7357906577941966,0.96
NCEP-AirTemp-Africa-2000,NCEP2000_r029_c017,11,19.395668029785156,21.23225975036621,-1.8365917205810547,-0.08650005897508754,3,20.469008675681216,3,-1.3208207024468313,1.7357906577941966,0.96
NCEP-AirTemp-Africa-2000,NCEP2000_r029_c017,12,15.67452335357666,19.395668029785156,-3.721144676208496,-0.1918544218479138,1,15.349159530003863,1,-3.9624621073404946,1.7357906577941966,0.96
NCEP-AirTemp-Africa-2000,NCEP2000_r030_c006,1,9.971941947937012,,,,0,12.789234957165185,4,,2.3557183744408845,1.0
NCEP-AirTemp-Africa-2000,NCEP2000_r030_c006,2,14.259661674499512,9.971941947937012,4.2877197265625,0.4299784083128904,1,15.349159530003863,7,3.962462107340496,2.3557183744408845,1.0
NCEP-AirTemp-Africa-2000,NCEP2000_r030_c006,3,14.708717346191406,14.259661674499512,0.44905567169189453,0.0314913272097429,1,15.349159530003863,4,4.440892098500626e-16,2.3557183744408845,1.0
NCEP-AirTemp-Africa-2000,NCEP2000_r030_c006,4,13.743671417236328,14.708717346191406,-0.9650459289550781,-0.06561047481172529,0,12.789234957165185,3,-1.3208207024468313,2.3557183744408845,1.0
NCEP-AirTemp-Africa-2000,NCEP2000_r030_c006,5,19.11968421936035,13.743671417236328,5.376012802124023,0.3911627860501535,2,17.909084102842538,8,5.283282809787327,2.3557183744408845,1.0
NCEP-AirTemp-Africa-2000,NCEP2000_r030_c006,6,25.055662155151367,19.11968421936035,5.935977935791016,0.3104642246015925,5,25.58885782135857,8,5.283282809787327,2.3557183744408845,1.0
NCEP-AirTemp-Africa-2000,NCEP2000_r030_c006,7,26.66838836669922,25.055662155151367,1.6127262115478516,0.0643657390318172,5,25.58885782135857,5,1.3208207024468321,2.3557183744408845,1.0
NCEP-AirTemp-Africa-2000,NCEP2000_r030_c006,8,27.073551177978516,26.66838836669922,0.4051628112792969,0.015192624530143079,6,28.148782394197248,4,4.440892098500626e-16,2.3557183744408845,1.0
NCEP-AirTemp-Africa-2000,NCEP2000_r030_c006,9,23.135334014892575,27.073551177978516,-3.938217163085941,-0.14546363486624045,4,23.02893324851989,1,-3.9624621073404946,2.3557183744408845,1.0
NCEP-AirTemp-Africa-2000,NCEP2000_r030_c006,10,17.044843673706055,23.135334014892575,-6.09049034118652,-0.2632549129079345,2,17.909084102842538,0,-5.283282809787327,2.3557183744408845,1.0
NCEP-AirTemp-Africa-2000,NCEP2000_r030_c006,11,13.411672592163086,17.044843673706055,-3.6331710815429688,-0.21315367574462532,0,12.789234957165185,1,-3.9624621073404946,2.3557183744408845,1.0
NCEP-AirTemp-Africa-2000,NCEP2000_r030_c006,12,12.589040756225586,13.411672592163086,-0.8226318359375,-0.06133700552891463,0,12.789234957165185,3,-1.3208207024468313,2.3557183744408845,1.0
NCEP-AirTemp-Africa-2000,NCEP2000_r030_c007,1,8.566454887390137,,,,0,12.789234957165185,4,,2.3157412265013453,1.0
NCEP-AirTemp-Africa-2000,NCEP2000_r030_c007,2,12.622764587402344,8.566454887390137,4.056309700012207,0.47351089258441253,0,12.789234957165185,7,3.962462107340496,2.3157412265013453,1.0
NCEP-AirTemp-Africa-2000,NCEP2000_r030_c007,3,13.506457328796388,12.622764587402344,0.8836927413940447,0.07000786042353825,0,12.789234957165185,5,1.3208207024468321,2.3157412265013453,1.0
NCEP-AirTemp-Africa-2000,NCEP2000_r030_c007,4,13.953343391418455,13.506457328796388,0.44688606262206676,0.033086845183991,0,12.789234957165185,4,4.440892098500626e-16,2.3157412265013453,1.0
NCEP-AirTemp-Africa-2000,NCEP2000_r030_c007,5,19.247745513916016,13.953343391418455,5.29440212249756,0.3794360945602262,3,20.469008675681216,8,5.283282809787327,2.3157412265013453,1.0
NCEP-AirTemp-Africa-2000,NCEP2000_r030_c007,6,24.463998794555664,19.247745513916016,5.216253280639648,0.27100593557143227,5,25.58885782135857,8,5.283282809787327,2.3157412265013453,1.0
NCEP-AirTemp-Africa-2000,NCEP2000_r030_c007,7,27.143869400024418,24.463998794555664,2.6798706054687536,0.10954344087300825,6,28.148782394197248,6,2.6416414048936643,2.3157412265013453,1.0
NCEP-AirTemp-Africa-2000,NCEP2000_r030_c007,8,27.553224563598633,27.143869400024418,0.4093551635742152,0.01508094360245658,6,28.148782394197248,4,4.440892098500626e-16,2.3157412265013453,1.0
NCEP-AirTemp-Africa-2000,NCEP2000_r030_c007,9,22.645002365112305,27.553224563598633,-4.908222198486328,-0.17813603584426643,4,23.02893324851989,0,-5.283282809787327,2.3157412265013453,1.0
NCEP-AirTemp-Africa-2000,NCEP2000_r030_c007,10,16.45387840270996,22.645002365112305,-6.191123962402344,-0.27339913074774547,1,15.349159530003863,0,-5.283282809787327,2.3157412265013453,1.0
NCEP-AirTemp-Africa-2000,NCEP2000_r030_c007,11,12.84433937072754,16.45387840270996,-3.60953903198242,-0.21937314374390463,0,12.789234957165185,1,-3.9624621073404946,2.3157412265013453,1.0
NCEP-AirTemp-Africa-2000,NCEP2000_r030_c007,12,11.70000457763672,12.84433937072754,-1.1443347930908203,-0.08909253797036677,0,12.789234957165185,3,-1.3208207024468313,2.3157412265013453,1.0
NCEP-AirTemp-Africa-2000,NCEP2000_r030_c008,1,7.82032585144043,,,,0,12.789234957165185,4,,2.2725837466653185,1.0
NCEP-AirTemp-Africa-2000,NCEP2000_r030_c008,2,11.405176162719728,7.82032585144043,3.5848503112792987,0.458401654787697,0,12.789234957165185,7,3.962462107340496,2.2725837466653185,1.0
NCEP-AirTemp-Africa-2000,NCEP2000_r030_c008,3,13.427743911743164,11.405176162719728,2.0225677490234357,0.1773377035275118,0,12.789234957165185,6,2.6416414048936643,2.2725837466653185,1.0
NCEP-AirTemp-Africa-2000,NCEP2000_r030_c008,4,15.146673202514648,13.427743911743164,1.7189292907714844,0.12801326135421778,1,15.349159530003863,5,1.3208207024468321,2.2725837466653185,1.0
NCEP-AirTemp-Africa-2000,NCEP2000_r030_c008,5,20.265485763549805,15.146673202514648,5.118812561035156,0.337949627129034,3,20.469008675681216,8,5.283282809787327,2.2725837466653185,1.0
NCEP-AirTemp-Africa-2000,NCEP2000_r030_c008,6,24.55800437927246,20.265485763549805,4.292518615722656,0.2118142474257058,5,25.58885782135857,7,3.962462107340496,2.2725837466653185,1.0
NCEP-AirTemp-Africa-2000,NCEP2000_r030_c008,7,28.05870819091797,24.55800437927246,3.500703811645508,0.14254838290525695,6,28.148782394197248,7,3.962462107340496,2.2725837466653185,1.0
NCEP-AirTemp-Africa-2000,NCEP2000_r030_c008,8,28.09676742553711,28.05870819091797,0.038059234619140625,0.001356414356647382,6,28.148782394197248,4,4.440892098500626e-16,2.2725837466653185,1.0
NCEP-AirTemp-Africa-2000,NCEP2000_r030_c008,9,23.044673919677734,28.09676742553711,-5.052093505859375,-0.1798104895607149,4,23.02893324851989,0,-5.283282809787327,2.2725837466653185,1.0
NCEP-AirTemp-Africa-2000,NCEP2000_r030_c008,10,16.483230590820312,23.044673919677734,-6.561443328857422,-0.2847271066506451,1,15.349159530003863,0,-5.283282809787327,2.2725837466653185,1.0
NCEP-AirTemp-Africa-2000,NCEP2000_r030_c008,11,12.92867660522461,16.483230590820312,-3.554553985595703,-0.21564668200269382,0,12.789234957165185,1,-3.9624621073404946,2.2725837466653185,1.0
NCEP-AirTemp-Africa-2000,NCEP2000_r030_c008,12,11.47903823852539,12.92867660522461,-1.4496383666992188,-0.11212581232895912,0,12.789234957165185,3,-1.3208207024468313,2.2725837466653185,1.0
NCEP-AirTemp-Africa-2000,NCEP2000_r030_c009,1,6.665172100067139,,,,0,12.789234957165185,4,,2.2260318229999636,1.0
NCEP-AirTemp-Africa-2000,NCEP2000_r030_c009,2,10.088287353515623,6.665172100067139,3.4231152534484846,0.5135824254881586,0,12.789234957165185,7,3.962462107340496,2.2260318229999636,1.0
NCEP-AirTemp-Africa-2000,NCEP2000_r030_c009,3,13.184843063354492,10.088287353515623,3.096555709838869,0.30694562925586805,0,12.789234957165185,6,2.6416414048936643,2.2260318229999636,1.0
NCEP-AirTemp-Africa-2000,NCEP2000_r030_c009,4,15.842342376708984,13.184843063354492,2.657499313354492,0.20155714410743775,1,15.349159530003863,6,2.6416414048936643,2.2260318229999636,1.0
NCEP-AirTemp-Africa-2000,NCEP2000_r030_c009,5,21.30097007751465,15.842342376708984,5.458627700805664,0.3445593821296781,3,20.469008675681216,8,5.283282809787327,2.2260318229999636,1.0
NCEP-AirTemp-Africa-2000,NCEP2000_r030_c009,6,24.7883358001709,21.30097007751465,3.48736572265625,0.16371863393853225,5,25.58885782135857,7,3.962462107340496,2.2260318229999636,1.0
NCEP-AirTemp-Africa-2000,NCEP2000_r030_c009,7,28.853221893310547,24.7883358001709,4.064886093139648,0.16398382392058863,6,28.148782394197248,7,3.962462107340496,2.2260318229999636,1.0
NCEP-AirTemp-Africa-2000,NCEP2000_r030_c009,8,28.39645004272461,28.853221893310547,-0.4567718505859375,-0.015830878515921906,6,28.148782394197248,4,4.440892098500626e-16,2.2260318229999636,1.0
NCEP-AirTemp-Africa-2000,NCEP2000_r030_c009,9,23.53066635131836,28.39645004272461,-4.86578369140625,-0.17135183039025337,4,23.02893324851989,0,-5.283282809787327,2.2260318229999636,1.0
NCEP-AirTemp-Africa-2000,NCEP2000_r030_c009,10,16.066457748413086,23.53066635131836,-7.464208602905273,-0.31721195190407664,1,15.349159530003863,0,-5.283282809787327,2.2260318229999636,1.0
NCEP-AirTemp-Africa-2000,NCEP2000_r030_c009,11,12.358673095703123,16.066457748413086,-3.7077846527099627,-0.23077797923915044,0,12.789234957165185,1,-3.9624621073404946,2.2260318229999636,1.0
NCEP-AirTemp-Africa-2000,NCEP2000_r030_c009,12,10.463871955871582,12.358673095703123,-1.8948011398315412,-0.15331752245233574,0,12.789234957165185,3,-1.3208207024468313,2.2260318229999636,1.0
NCEP-AirTemp-Africa-2000,NCEP2000_r030_c010,1,6.463551998138428,,,,0,12.789234957165185,4,,2.1758954207265675,1.0
NCEP-AirTemp-Africa-2000,NCEP2000_r030_c010,2,9.673454284667969,6.463551998138428,3.209902286529541,0.49661583715177465,0,12.789234957165185,6,2.6416414048936643,2.1758954207265675,1.0
NCEP-AirTemp-Africa-2000,NCEP2000_r030_c010,3,13.389681816101074,9.673454284667969,3.7162275314331055,0.38416758089436315,0,12.789234957165185,7,3.962462107340496,2.1758954207265675,1.0
NCEP-AirTemp-Africa-2000,NCEP2000_r030_c010,4,16.93067169189453,13.389681816101074,3.540989875793457,0.26445661102532114,2,17.909084102842538,7,3.962462107340496,2.1758954207265675,1.0
NCEP-AirTemp-Africa-2000,NCEP2000_r030_c010,5,22.785165786743164,16.93067169189453,5.854494094848633,0.3457921930912783,4,23.02893324851989,8,5.283282809787327,2.1758954207265675,1.0
NCEP-AirTemp-Africa-2000,NCEP2000_r030_c010,6,25.221336364746097,22.785165786743164,2.4361705780029332,0.10691915085473475,5,25.58885782135857,6,2.6416414048936643,2.1758954207265675,1.0
NCEP-AirTemp-Africa-2000,NCEP2000_r030_c010,7,29.491291046142575,25.221336364746097,4.269954681396477,0.16929930355970108,7,30.708706967035923,7,3.962462107340496,2.1758954207265675,1.0
NCEP-AirTemp-Africa-2000,NCEP2000_r030_c010,8,29.174514770507812,29.491291046142575,-0.3167762756347621,-0.010741349883229206,6,28.148782394197248,4,4.440892098500626e-16,2.1758954207265675,1.0
NCEP-AirTemp-Africa-2000,NCEP2000_r030_c010,9,24.150001525878903,29.174514770507812,-5.02451324462891,-0.17222268422123455,4,23.02893324851989,0,-5.283282809787327,2.1758954207265675,1.0
NCEP-AirTemp-Africa-2000,NCEP2000_r030_c010,10,16.318397521972656,24.150001525878903,-7.8316040039062464,-0.3242900003759411,1,15.349159530003863,0,-5.283282809787327,2.1758954207265675,1.0
NCEP-AirTemp-Africa-2000,NCEP2000_r030_c010,11,12.489340782165527,16.318397521972656,-3.829056739807129,-0.23464661494189729,0,12.789234957165185,1,-3.9624621073404946,2.1758954207265675,1.0
NCEP-AirTemp-Africa-2000,NCEP2000_r030_c010,12,10.015490531921388,12.489340782165527,-2.473850250244139,-0.19807692762909765,0,12.789234957165185,2,-2.641641404893663,2.1758954207265675,1.0
NCEP-AirTemp-Africa-2000,NCEP2000_r030_c011,1,8.147745132446289,,,,0,12.789234957165185,4,,2.1220263701208757,0.9629629629629628
NCEP-AirTemp-Africa-2000,NCEP2000_r030_c011,2,10.915863990783691,8.147745132446289,2.7681188583374023,0.33974048197876056,0,12.789234957165185,6,2.6416414048936643,2.1220263701208757,0.9629629629629628
NCEP-AirTemp-Africa-2000,NCEP2000_r030_c011,3,14.52226448059082,10.915863990783691,3.606400489807129,0.33038158892892283,1,15.349159530003863,7,3.962462107340496,2.1220263701208757,0.9629629629629628
NCEP-AirTemp-Africa-2000,NCEP2000_r030_c011,4,18.48366928100586,14.52226448059082,3.961404800415039,0.2727814801685718,2,17.909084102842538,7,3.962462107340496,2.1220263701208757,0.9629629629629628
NCEP-AirTemp-Africa-2000,NCEP2000_r030_c011,5,24.25967025756836,18.48366928100586,5.7760009765625,0.31249211878606914,4,23.02893324851989,8,5.283282809787327,2.1220263701208757,0.9629629629629628
NCEP-AirTemp-Africa-2000,NCEP2000_r030_c011,6,25.700666427612305,24.25967025756836,1.4409961700439453,0.05939883579391989,5,25.58885782135857,5,1.3208207024468321,2.1220263701208757,0.9629629629629628
NCEP-AirTemp-Africa-2000,NCEP2000_r030_c011,7,29.67515754699707,25.700666427612305,3.9744911193847656,0.15464544978159198,7,30.708706967035923,7,3.962462107340496,2.1220263701208757,0.9629629629629628
NCEP-AirTemp-Africa-2000,NCEP2000_r030_c011,8,29.99838638305664,29.67515754699707,0.3232288360595703,0.010892236563450997,7,30.708706967035923,4,4.440892098500626e-16,2.1220263701208757,0.9629629629629628
NCEP-AirTemp-Africa-2000,NCEP2000_r030_c011,9,25.152997970581055,29.99838638305664,-4.845388412475586,-0.16152163488407847,5,25.58885782135857,0,-5.283282809787327,2.1220263701208757,0.9629629629629628
NCEP-AirTemp-Africa-2000,NCEP2000_r030_c011,10,18.275493621826172,25.152997970581055,-6.877504348754883,-0.27342682398332047,2,17.909084102842538,0,-5.283282809787327,2.1220263701208757,0.9629629629629628
NCEP-AirTemp-Africa-2000,NCEP2000_r030_c011,11,14.38534450531006,18.275493621826172,-3.8901491165161115,-0.2128615071644445,1,15.349159530003863,1,-3.9624621073404946,2.1220263701208757,0.9629629629629628
NCEP-AirTemp-Africa-2000,NCEP2000_r030_c011,12,11.489038467407228,14.38534450531006,-2.896306037902832,-0.20133727328071419,0,12.789234957165185,2,-2.641641404893663,2.1220263701208757,0.9629629629629628
NCEP-AirTemp-Africa-2000,NCEP2000_r030_c012,1,10.976460456848145,,,,0,12.789234957165185,4,,2.0643403087214245,0.9629629629629628
NCEP-AirTemp-Africa-2000,NCEP2000_r030_c012,2,12.711731910705566,10.976460456848145,1.7352714538574219,0.15809025693476597,0,12.789234957165185,5,1.3208207024468321,2.0643403087214245,0.9629629629629628
NCEP-AirTemp-Africa-2000,NCEP2000_r030_c012,3,15.394527435302734,12.711731910705566,2.682795524597168,0.211048781034925,1,15.349159530003863,6,2.6416414048936643,2.0643403087214245,0.9629629629629628
NCEP-AirTemp-Africa-2000,NCEP2000_r030_c012,4,18.830671310424805,15.394527435302734,3.4361438751220703,0.22320554427947586,2,17.909084102842538,7,3.962462107340496,2.0643403087214245,0.9629629629629628
NCEP-AirTemp-Africa-2000,NCEP2000_r030_c012,5,23.593225479125977,18.830671310424805,4.762554168701172,0.2529147309827762,4,23.02893324851989,8,5.283282809787327,2.0643403087214245,0.9629629629629628
NCEP-AirTemp-Africa-2000,NCEP2000_r030_c012,6,24.57233238220215,23.593225479125977,0.9791069030761719,0.04149949331609759,5,25.58885782135857,5,1.3208207024468321,2.0643403087214245,0.9629629629629628
NCEP-AirTemp-Africa-2000,NCEP2000_r030_c012,7,28.086444854736328,24.57233238220215,3.5141124725341797,0.1430109449064537,6,28.148782394197248,7,3.962462107340496,2.0643403087214245,0.9629629629629628
NCEP-AirTemp-Africa-2000,NCEP2000_r030_c012,8,28.971290588378903,28.086444854736328,0.8848457336425746,0.031504369393101014,6,28.148782394197248,5,1.3208207024468321,2.0643403087214245,0.9629629629629628
NCEP-AirTemp-Africa-2000,NCEP2000_r030_c012,9,25.627330780029297,28.971290588378903,-3.343959808349606,-0.11542322556009812,5,25.58885782135857,1,-3.9624621073404946,2.0643403087214245,0.9629629629629628
NCEP-AirTemp-Africa-2000,NCEP2000_r030_c012,10,20.761938095092773,25.627330780029297,-4.865392684936523,-0.18985171443324858,3,20.469008675681216,0,-5.283282809787327,2.0643403087214245,0.9629629629629628
NCEP-AirTemp-Africa-2000,NCEP2000_r030_c012,11,17.426340103149414,20.761938095092773,-3.3355979919433594,-0.16065927837111463,2,17.909084102842538,1,-3.9624621073404946,2.0643403087214245,0.9629629629629628
NCEP-AirTemp-Africa-2000,NCEP2000_r030_c012,12,14.449039459228516,17.426340103149414,-2.9773006439208984,-0.17085059893803053,1,15.349159530003863,2,-2.641641404893663,2.0643403087214245,0.9629629629629628
