{
  "type": "FeatureCollection",
  "features": [
    {
      "type": "Feature",
      "properties": {
        "cell_id": "AGO",
        "method": "GeoDisk",
        "view": "disk"
      },
      "geometry": {
        "type": "Polygon",
        "coordinates": [
          [
            [
              -0.12018437882002142,
              -0.3448806880463861
            ],
            [
              -0.1246131236381729,
              -0.35731278387913623
            ],
            [
              -0.1290491168370948,
              -0.3697614141527407
            ],
            [
              -0.13349185984192158,
              -0.3822243140936809
            ],
            [
              -0.13794081925813648,
              -0.39469902993098854
            ],
            [
              -0.1423954202131982,
              -0.40718294508313563
            ],
            [
              -0.14685503767850303,
              -0.419673308604112
            ],
            [
              -0.15131898642179614,
              -0.43216726582536913
            ],
            [
              -0.15578651035088184,
              -0.4446618910649756
            ],
            [
              -0.16025677208910466,
              -0.45715422220205104
            ],
            [
              -0.16472884366719673,
              -0.4696412968362363
            ],
            [
              -0.1692016992215863,
              -0.4821201896718692
            ],
            [
              -0.1736742105545004,
              -0.4945880506881244
            ],
            [
              -0.1781451463360881,
              -0.5070421435831827
            ],
            [
              -0.19180879320493102,
              -0.508447131599975
            ],
            [
              -0.205461390263782,
              -0.5098399277830712
            ],
            [
              -0.21910472722458288,
              -0.5112256695929157
            ],
            [
              -0.2327407461225538,
              -0.5126094100800511
            ],
            [
              -0.2463714604115179,
              -0.5139960562997986
            ],
            [
              -0.2599988755802162,
              -0.5153903165609893
            ],
            [
              -0.27362491461696736,
              -0.5167966566621897
            ],
            [
              -0.2872513513317548,
              -0.5182192648793806
            ],
            [
              -0.30087975410587753,
              -0.5196620251187234
            ],
            [
              -0.31451144209959964,
              -0.5211284973523318
            ],
            [
              -0.3281474553317696,
              -0.5226219042268383
            ],
            [
              -0.3417885393793472,
              -0.5241451225836821
            ],
            [
              -0.355435144758538,
              -0.5257006785621677
            ],
            [
              -0.3690874403729533,
              -0.5272907449728864
            ],
            [
              -0.38274533977774583,
              -0.5289171397268566
            ],
            [
              -0.3964085384400065,
              -0.5305813242771926
            ],
            [
              -0.4100765596997973,
              -0.5322844012636765
            ],
            [
              -0.4237488067737427,
              -0.5340271108314217
            ],
            [
              -0.4374246179095286,
              -0.5358098254056421
            ],
            [
              -0.45110332170445216,
              -0.5376325430267866
            ],
            [
              -0.46478428964740715,
              -0.539494879665198
            ],
            [
              -0.4784669831279765,
              -0.5413960612240886
            ],
            [
              -0.4921509924689572,
              -0.5433349161879455
            ],
            [
              -0.5058360659642953,
              -0.5453098700670196
            ],
            [
              -0.5195221274226788,
              -0.5473189429170776
            ],
            [
              -0.5332092813037124,
              -0.5493597512702812
            ],
            [
              -0.5468978051615644,
              -0.5514295157946957
            ],
            [
              -0.5605881297516513,
              -0.5535250759067056
            ],
            [
              -0.5742808077803583,
              -0.5556429123958587
            ],
            [
              -0.587976472857969,
              -0.5577791788915137
            ],
            [
              -0.6016757907248923,
              -0.5599297427135774
            ],
            [
              -0.6153794052380168,
              -0.5620902353160345
            ],
            [
              -0.6290878819085807,
              -0.5642561121638564
            ],
            [
              -0.6428016519610232,
              -0.5664227214944357
            ],
            [
              -0.6565209599246917,
              -0.5685853810180915
            ],
            [
              -0.6702458176735833,
              -0.5707394612230955
            ],
            [
              -0.683975967595632,
              -0.5728804735842704
            ],
            [
              -0.6977108572105354,
              -0.5750041616454407
            ],
            [
              -0.6904429498568887,
              -0.5631887581451457
            ],
            [
              -0.6831918213582506,
              -0.5513610199106632
            ],
            [
              -0.6759594186851889,
              -0.5395263100300773
            ],
            [
              -0.6687469829628795,
              -0.5276899326038629
            ],
            [
              -0.6615550442908534,
              -0.5158570272116221
            ],
            [
              -0.6543834393546748,
              -0.5040324727764073
            ],
            [
              -0.6472313504468267,
              -0.4922208028064705
            ],
            [
              -0.6400973638400925,
              -0.4804261335135156
            ],
            [
              -0.6329795448715618,
              -0.4686521058049802
            ],
            [
              -0.6258755266147297,
              -0.4569018416474452
            ],
            [
              -0.6187826086531589,
              -0.44517791481896096
            ],
            [
              -0.6116978622305124,
              -0.4334823356270231
            ],
            [
              -0.6046182379434597,
              -0.42181654877987457
            ],
            [
              -0.5975406721672167,
              -0.41018144327191314
            ],
            [
              -0.5865313654093879,
              -0.4023184484703468
            ],
            [
              -0.5754979115410372,
              -0.39447734201955154
            ],
            [
              -0.5644375822040956,
              -0.3866583622936591
            ],
            [
              -0.5533484538952527,
              -0.37886142595865724
            ],
            [
              -0.5422294754990107,
              -0.37108617094604907
            ],
            [
              -0.5310805011937152,
              -0.3633320011934395
            ],
            [
              -0.5199022879499302,
              -0.3555981311637297
            ],
            [
              -0.5086964583263638,
              -0.3478836283251838
            ],
            [
              -0.49746543071061944,
              -0.34018745201492645
            ],
            [
              -0.48621232048722035,
              -0.3325084874113426
            ],
            [
              -0.47494081678527383,
              -0.32484557369609746
            ],
            [
              -0.46365504041202327,
              -0.3171975258800578
            ],
            [
              -0.4523593892756904,
              -0.30956315018162683
            ],
            [
              -0.4410583780127961,
              -0.30194125325992627
            ],
            [
              -0.4297564786463299,
              -0.294330645995747
            ],
            [
              -0.41845796891039433,
              -0.2867301428564336
            ],
            [
              -0.40716679439688785,
              -0.27913855815412514
            ],
            [
              -0.39588644993590477,
              -0.27155470069051596
            ],
            [
              -0.38461988465089225,
              -0.26397736836087804
            ],
            [
              -0.37336943397875305,
              -0.2564053442574359
            ],
            [
              -0.36213678066769134,
              -0.24883739566672955
            ],
            [
              -0.35092294541994296,
              -0.24127227710469376
            ],
            [
              -0.3397283064927192,
              -0.23370873819173946
            ],
            [
              -0.3285526462682087,
              -0.22614553675962382
            ],
            [
              -0.3158695684726389,
              -0.23209971169281077
            ],
            [
              -0.30324561932397914,
              -0.23807466540107766
            ],
            [
              -0.290679959667023,
              -0.24407383015746312
            ],
            [
              -0.2781706302215893,
              -0.25010052923733095
            ],
            [
              -0.2657146172631254,
              -0.25615787646221033
            ],
            [
              -0.25330794645167104,
              -0.2622486716624554
            ],
            [
              -0.24094580270832383,
              -0.26837529621713757
            ],
            [
              -0.22862267305820808,
              -0.2745396130722882
            ],
            [
              -0.21633250844025262,
              -0.2807428756735838
            ],
            [
              -0.20406889967051256,
              -0.286985650069999
            ],
            [
              -0.19182526208005118,
              -0.293267754054881
            ],
            [
              -0.1795950228699464,
              -0.2995882166256214
            ],
            [
              -0.1673718049685323,
              -0.30594526028898733
            ],
            [
              -0.15514960116481027,
              -0.31233630785275773
            ],
            [
              -0.14292293254135485,
              -0.31875801437053175
            ],
            [
              -0.13534791838244004,
              -0.3274340088802453
            ],
            [
              -0.12776909805365513,
              -0.3361424504500525
            ],
            [
              -0.12018437882002142,
              -0.3448806880463861
            ]
          ]
        ]
      }
    },
    {
      "type": "Feature",
      "properties": {
        "cell_id": "BDI",
        "method": "GeoDisk",
        "view": "disk"
      },
      "geometry": {
        "type": "Polygon",
        "coordinates": [
          [
            [
              0.009893509172108442,
              -0.0526066764915433
            ],
            [
              0.020514223182845917,
              -0.06154442753122418
            ],
            [
              0.031137680105144876,
              -0.07048186924351472
            ],
            [
              0.04176570804033257,
              -0.07941967075894206
            ],
            [
              0.05239995705337478,
              -0.0883584750016885
            ],
            [
              0.06304181313522011,
              -0.09729885447435375
            ],
            [
              0.07369232786502043,
              -0.10624126793251723
            ],
            [
              0.08435216785232344,
              -0.11518602289877655
            ],
            [
              0.09502158647023615,
              -0.12413324737720285
            ],
            [
              0.10570041903323739,
              -0.1330828732664622
            ],
            [
              0.1163881013111416,
              -0.1420346332152233
            ],
            [
              0.12708371007988095,
              -0.15098807187823915
            ],
            [
              0.13778602331330195,
              -0.15994257170225293
            ],
            [
              0.14849359665666176,
              -0.16889739252085653
            ],
            [
              0.15920485203196216,
              -0.17785172340197253
            ],
            [
              0.16991817364236422,
              -0.18680474441003267
            ],
            [
              0.18063200629335582,
              -0.19575569525682962
            ],
            [
              0.19134495084674438,
              -0.20470394725794783
            ],
            [
              0.2020558517724971,
              -0.2136490746189455
            ],
            [
              0.21276387215345569,
              -0.22259092087412222
            ],
            [
              0.22346855210809655,
              -0.23152965630969605
            ],
            [
              0.23416984739584107,
              -0.24046582243169634
            ],
            [
              0.24486814591882544,
              -0.24940035998508617
            ],
            [
              0.2555642608883565,
              -0.2583346176812747
            ],
            [
              0.26625940053465674,
              -0.26727033962158603
            ],
            [
              0.2769551153546431,
              -0.276209630379235
            ],
            [
              0.2876532249648179,
              -0.2851548977778708
            ],
            [
              0.2983557276079507,
              -0.29410877453006606
            ],
            [
              0.3090646962105302,
              -0.3030740210195908
            ],
            [
              0.3197821655662017,
              -0.31205341257118274
            ],
            [
              0.3305100156989248,
              -0.32104961549697975
            ],
            [
              0.34124985671686103,
              -0.33006505699057326
            ],
            [
              0.3308129933132046,
              -0.33316132133939264
            ],
            [
              0.3203924964762179,
              -0.3362656990939869
            ],
            [
              0.30998965196944017,
              -0.3393796617874115
            ],
            [
              0.2996053677097619,
              -0.3425046518780162
            ],
            [
              0.28958991686158553,
              -0.3332230128826203
            ],
            [
              0.2795829462000369,
              -0.3239551856555454
            ],
            [
              0.2695824602593074,
              -0.3146987237596135
            ],
            [
              0.259586424899171,
              -0.30545115250584726
            ],
            [
              0.2495928678676733,
              -0.2962100777737552
            ],
            [
              0.23959997259552815,
              -0.2869732828493515
            ],
            [
              0.22960616123902072,
              -0.277738809711607
            ],
            [
              0.2196101634883784,
              -0.2685050220583751
            ],
            [
              0.20961106830704587,
              -0.25927064831135305
            ],
            [
              0.19960835653801254,
              -0.25003480383054777
            ],
            [
              0.18960191317499483,
              -0.2407969925553219
            ],
            [
              0.17959201901337524,
              -0.23155708922613674
            ],
            [
              0.16957932232979794,
              -0.2223153041870293
            ],
            [
              0.15956479215002428,
              -0.21307213348783144
            ],
            [
              0.14954965551179925,
              -0.20382829756865098
            ],
            [
              0.13953532187450865,
              -0.19458467219716066
            ],
            [
              0.12952329843526392,
              -0.18534221553074662
            ],
            [
              0.1195151005520604,
              -0.17610189518858982
            ],
            [
              0.10951216172613515,
              -0.1668646190498354
            ],
            [
              0.09951574764332673,
              -0.15763117315736075
            ],
            [
              0.08952687861314698,
              -0.14840216962286618
            ],
            [
              0.07954626437911612,
              -0.13917800682361267
            ],
            [
              0.06957425471875524,
              -0.1299588434828013
            ],
            [
              0.059610808528806875,
              -0.12074458746397262
            ],
            [
              0.049655483229427116,
              -0.11153489931204809
            ],
            [
              0.03970744535246409,
              -0.10232920975774507
            ],
            [
              0.029765502136127414,
              -0.09312674956173375
            ],
            [
              0.019828152865379575,
              -0.08392658914126533
            ],
            [
              0.016517980326234746,
              -0.07349535678368804
            ],
            [
              0.01320664580796136,
              -0.06305603314571606
            ],
            [
              0.009893509172108442,
              -0.0526066764915433
            ]
          ]
        ]
      }
    },
    {
      "type": "Feature",
      "properties": {
        "cell_id": "BEN",
        "method": "GeoDisk",
        "view": "disk"
      },
      "geometry": {
        "type": "Polygon",
        "coordinates": [
          [
            [
              -0.7822250480951047,
              0.3038070974962543
            ],
            [
              -0.7753129569309913,
              0.31342021810728243
            ],
            [
              -0.7683949471040148,
              0.32303121437799004
            ],
            [
              -0.7614712835139804,
              0.3326401499794016
            ],
            [
              -0.7497300156234233,
              0.3386832987292255
            ],
            [
              -0.7379804363247764,
              0.34471678871787376
            ],
            [
              -0.7262208807395196,
              0.3507402197070071
            ],
            [
              -0.7144496645345965,
              0.35675323392383507
            ],
            [
              -0.7026650715593171,
              0.36275550160554326
            ],
            [
              -0.6908653485141167,
              0.368746705868619
            ],
            [
              -0.6777654142850335,
              0.3730171379982828
            ],
            [
              -0.6774124051485448,
              0.35919554760268285
            ],
            [
              -0.6770640323385916,
              0.3453754993382621
            ],
            [
              -0.676720105536976,
              0.3315572390283451
            ],
            [
              -0.6763804213053835,
              0.3177409660947725
            ],
            [
              -0.6760447454623553,
              0.3039268275349026
            ],
            [
              -0.6757127945469483,
              0.29011491366740577
            ],
            [
              -0.6753842169028673,
              0.27630525599561306
            ],
            [
              -0.6750585739569539,
              0.26249782747359723
            ],
            [
              -0.6747353222924306,
              0.24869254538006857
            ],
            [
              -0.6744137971285297,
              0.2348892769111135
            ],
            [
              -0.6740931978128974,
              0.22108784749790947
            ],
            [
              -0.6737725759105725,
              0.20728805174362455
            ],
            [
              -0.6734508264331521,
              0.19348966675882018
            ],
            [
              -0.6731266826942282,
              0.17969246756129378
            ],
            [
              -0.672798715203109,
              0.16589624409890583
            ],
            [
              -0.6724653349196759,
              0.15210081935702965
            ],
            [
              -0.6721248010908789,
              0.1383060679299993
            ],
            [
              -0.6717752337763159,
              0.12451193437221261
            ],
            [
              -0.6714146310494479,
              0.11071845060256894
            ],
            [
              -0.6710408907355147,
              0.09692575161830187
            ],
            [
              -0.670651836420614,
              0.08313408878276653
            ],
            [
              -0.6702452473423405,
              0.06934383998723712
            ],
            [
              -0.6805738822579441,
              0.07801024098721451
            ],
            [
              -0.6908636232530516,
              0.08668505239904868
            ],
            [
              -0.7011179118846156,
              0.09536632801974752
            ],
            [
              -0.7113405016965259,
              0.10405197850024617
            ],
            [
              -0.7215354407280796,
              0.11273983784722344
            ],
            [
              -0.7317070482000099,
              0.12142773460116624
            ],
            [
              -0.7418598843306732,
              0.13011356427828602
            ],
            [
              -0.7519987125611202,
              0.13879535959715264
            ],
            [
              -0.7621284538524471,
              0.1474713551251192
            ],
            [
              -0.7637988929864112,
              0.16050972851467077
            ],
            [
              -0.7654659848318508,
              0.1735466984359648
            ],
            [
              -0.7671311109876096,
              0.18658204059201278
            ],
            [
              -0.7687955902237823,
              0.199615569160388
            ],
            [
              -0.770460676798766,
              0.21264713434396634
            ],
            [
              -0.7721275597493189,
              0.22567662007537997
            ],
            [
              -0.7737973629298981,
              0.23870394187506874
            ],
            [
              -0.7754711455846425,
              0.25172904483744435
            ],
            [
              -0.777149903250452,
              0.2647519017007026
            ],
            [
              -0.7788345688115542,
              0.27777251094418376
            ],
            [
              -0.7805260135533921,
              0.2907908948533209
            ],
            [
              -0.7822250480951047,
              0.3038070974962543
            ]
          ]
        ]
      }
    },
    {
      "type": "Feature",
      "properties": {
        "cell_id": "BFA",
        "method": "GeoDisk",
        "view": "disk"
      },
      "geometry": {
        "type": "Polygon",
        "coordinates": [
          [
            [
              -0.6668236113215354,
              0.38253011188235725
            ],
            [
              -0.6722965197669236,
              0.37777458214624765
            ],
            [
              -0.6777654142850332,
              0.3730171379982827
            ],
            [
              -0.6908653485141175,
              0.36874670586861863
            ],
            [
              -0.7026176131502626,
              0.3753849468143477
            ],
            [
              -0.714365241660829,
              0.3820047401276723
            ],
            [
              -0.7261142005706338,
              0.3886063243099326
            ],
            [
              -0.7378702161235534,
              0.3951903870463074
            ],
            [
              -0.7496386490340132,
              0.4017579966047784
            ],
            [
              -0.7614243838072764,
              0.40831052719216226
            ],
            [
              -0.7732317354922832,
              0.41484958269739686
            ],
            [
              -0.7850643760789785,
              0.4213769231442461
            ],
            [
              -0.7969252820455051,
              0.427894397848794
            ],
            [
              -0.8088167038242539,
              0.43440388875014924
            ],
            [
              -0.8207401572148728,
              0.4409072666828191
            ],
            [
              -0.8326964360520468,
              0.4474063625206667
            ],
            [
              -0.8446856447603385,
              0.453902954185414
            ],
            [
              -0.85670724881988,
              0.46039876952172615
            ],
            [
              -0.8687601406450481,
              0.4668955040429883
            ],
            [
              -0.8808427179597266,
              0.4733948515947015
            ],
            [
              -0.8780351873856628,
              0.4785960820071804
            ],
            [
              -0.8740903416267591,
              0.48576339371633953
            ],
            [
              -0.8700869911087118,
              0.49289819222978337
            ],
            [
              -0.8660254037844389,
              0.49999999999999956
            ],
            [
              -0.8656946695634994,
              0.500567474891931
            ],
            [
              -0.8537898316491545,
              0.493677545352367
            ],
            [
              -0.8419137328783302,
              0.48678979082224483
            ],
            [
              -0.8300679476448013,
              0.47990240124374095
            ],
            [
              -0.8182535586700191,
              0.4730136000299654
            ],
            [
              -0.8064710755843967,
              0.46612160685110615
            ],
            [
              -0.7947203663300458,
              0.4592246128694141
            ],
            [
              -0.7830006044860349,
              0.45232077088095707
            ],
            [
              -0.771310235182975,
              0.4454082018256381
            ],
            [
              -0.7596469617271974,
              0.4384850180669171
            ],
            [
              -0.7480077544129722,
              0.4315493627708632
            ],
            [
              -0.7363888822849282,
              0.42459946368257867
            ],
            [
              -0.7247859678458948,
              0.41763369865653105
            ],
            [
              -0.7131940639137547,
              0.4106506694918527
            ],
            [
              -0.7016077510417703,
              0.40364927999426226
            ],
            [
              -0.690021253157873,
              0.3966288137654745
            ],
            [
              -0.6784285683768619,
              0.38958900703213145
            ],
            [
              -0.6668236113215354,
              0.38253011188235725
            ]
          ]
        ]
      }
    },
    {
      "type": "Feature",
      "properties": {
        "cell_id": "BWA",
        "method": "GeoDisk",
        "view": "disk"
      },
      "geometry": {
        "type": "Polygon",
        "coordinates": [
          [
            [
              -0.1781451463360871,
              -0.5070421435831827
            ],
            [
              -0.1736742105544995,
              -0.4945880506881246
            ],
            [
              -0.16920169922158537,
              -0.48212018967186926
            ],
            [
              -0.16472884366719576,
              -0.4696412968362365
            ],
            [
              -0.16025677208910374,
              -0.4571542222020513
            ],
            [
              -0.15578651035088095,
              -0.44466189106497594
            ],
            [
              -0.1513189864217953,
              -0.4321672658253695
            ],
            [
              -0.14685503767850216,
              -0.41967330860411245
            ],
            [
              -0.14239542021319737,
              -0.40718294508313607
            ],
            [
              -0.13794081925813562,
              -0.3946990299309892
            ],
            [
              -0.13349185984192077,
              -0.38222431409368157
            ],
            [
              -0.12904911683709394,
              -0.3697614141527414
            ],
            [
              -0.1246131236381721,
              -0.357312783879137
            ],
            [
              -0.12018437882002067,
              -0.3448806880463869
            ],
            [
              -0.10727180675412244,
              -0.3466829899171083
            ],
            [
              -0.09434194704800493,
              -0.34847308548745454
            ],
            [
              -0.08139462330328653,
              -0.35024752170081874
            ],
            [
              -0.06843028438980782,
              -0.3520030986966608
            ],
            [
              -0.055449950375241884,
              -0.3537369356742209
            ],
            [
              -0.0424551412115563,
              -0.3554465305336199
            ],
            [
              -0.02944779073450044,
              -0.3571298116112353
            ],
            [
              -0.01643014899632914,
              -0.35878518005161625
            ],
            [
              -0.0034046763162352135,
              -0.3604115416419297
            ],
            [
              -0.003513673537818272,
              -0.37462066660726645
            ],
            [
              -0.0036286812514628526,
              -0.38885275412314857
            ],
            [
              -0.0037493116770103098,
              -0.40310171864694766
            ],
            [
              -0.003875084411025412,
              -0.41736113628086097
            ],
            [
              -0.004005430021826059,
              -0.4316243627411825
            ],
            [
              -0.004139694494577112,
              -0.44588465309221625
            ],
            [
              -0.004277144447509194,
              -0.4601352807938845
            ],
            [
              -0.0044169730548314495,
              -0.47436965372118706
            ],
            [
              -0.004558306629627439,
              -0.4885814249718053
            ],
            [
              -0.004700211839817085,
              -0.5027645964793301
            ],
            [
              -0.004841703550777962,
              -0.5169136136869347
            ],
            [
              -0.00498175330799172,
              -0.5310234498022838
            ],
            [
              -0.005119298490619227,
              -0.5450896784411005
            ],
            [
              -0.005253252180754718,
              -0.5591085337659158
            ],
            [
              -0.005382513801955703,
              -0.5730769575300037
            ],
            [
              -0.017745204709583056,
              -0.5762899328082882
            ],
            [
              -0.03010773118650996,
              -0.5794620749465337
            ],
            [
              -0.0424686237264646,
              -0.58259345378505
            ],
            [
              -0.05482647001647379,
              -0.5856846070375004
            ],
            [
              -0.06717994220250258,
              -0.5887365151607897
            ],
            [
              -0.07952781835973448,
              -0.5917505706196151
            ],
            [
              -0.09186899806728221,
              -0.5947285426727517
            ],
            [
              -0.10420251224990806,
              -0.5976725388312437
            ],
            [
              -0.11652752768874064,
              -0.600584964121373
            ],
            [
              -0.12884334680993753,
              -0.6034684792302433
            ],
            [
              -0.13506421390582257,
              -0.5915746587586675
            ],
            [
              -0.14126951886202127,
              -0.5796262715445333
            ],
            [
              -0.14745856368274798,
              -0.5676266621476301
            ],
            [
              -0.15363075129881,
              -0.5555801502391781
            ],
            [
              -0.15978563145418773,
              -0.5434919811723243
            ],
            [
              -0.16592294908753194,
              -0.5313682516288936
            ],
            [
              -0.17204269349132595,
              -0.5192158114570217
            ],
            [
              -0.1781451463360871,
              -0.5070421435831827
            ]
          ]
        ]
      }
    },
    {
      "type": "Feature",
      "properties": {
        "cell_id": "CAF",
        "method": "GeoDisk",
        "view": "disk"
      },
      "geometry": {
        "type": "Polygon",
        "coordinates": [
          [
            [
              -0.002461086313416736,
              -0.0005013747281685338
            ],
            [
              -0.01589092687158923,
              -0.0019486228526310225
            ],
            [
              -0.029298125626223703,
              -0.003392741004456659
            ],
            [
              -0.042688957084018424,
              -0.004833889290150384
            ],
            [
              -0.056069639133062746,
              -0.006272328404463609
            ],
            [
              -0.06944619596072557,
              -0.007708412954362941
            ],
            [
              -0.0828243391653902,
              -0.009142583835710254
            ],
            [
              -0.09620936933558712,
              -0.010575359711936995
            ],
            [
              -0.10960609946844581,
              -0.012007327602945426
            ],
            [
              -0.12301880068660598,
              -0.013439132562888277
            ],
            [
              -0.13645116982413932,
              -0.014871466410717953
            ],
            [
              -0.14990631762142265,
              -0.01630505547943461
            ],
            [
              -0.1633867755272133,
              -0.017740647369288657
            ],
            [
              -0.17689451848036944,
              -0.019178996725814048
            ],
            [
              -0.19043100055569268,
              -0.020620850113135525
            ],
            [
              -0.20399720002444652,
              -0.022066930113074677
            ],
            [
              -0.21759367021004364,
              -0.023517918846930753
            ],
            [
              -0.23122059251636942,
              -0.024974441184796928
            ],
            [
              -0.2448778281666228,
              -0.02643704797217283
            ],
            [
              -0.25856496550429825,
              -0.027906199661018774
            ],
            [
              -0.27228136015878207,
              -0.029382250778367272
            ],
            [
              -0.2860261659443829,
              -0.030865435697004413
            ],
            [
              -0.29979835501731966,
              -0.03235585618723062
            ],
            [
              -0.307364246458868,
              -0.021645720930042574
            ],
            [
              -0.3149212637806812,
              -0.010930341046168588
            ],
            [
              -0.32246624306260174,
              -0.00021326705546824423
            ],
            [
              -0.32999649656344177,
              0.010501869668056378
            ],
            [
              -0.3375098623599933,
              0.02121150972860718
            ],
            [
              -0.34500473518955127,
              0.031912312984607095
            ],
            [
              -0.3419598507976961,
              0.04524790207860626
            ],
            [
              -0.33887891260322417,
              0.058568340596404304
            ],
            [
              -0.33576309582913827,
              0.07186829580450145
            ],
            [
              -0.33261408059548747,
              0.08514264067215567
            ],
            [
              -0.329434022597792,
              0.09838657386351778
            ],
            [
              -0.3262255142467108,
              0.11159573594850396
            ],
            [
              -0.32299153722737595,
              0.12476631908810625
            ],
            [
              -0.3197354076969916,
              0.13789516758101858
            ],
            [
              -0.3164607155505714,
              0.1509798668652671
            ],
            [
              -0.31317125933675294,
              0.1640188188396093
            ],
            [
              -0.3098709784932262,
              0.1770113016913852
            ],
            [
              -0.3065638845942123,
              0.18995751277631046
            ],
            [
              -0.30325399326487373,
              0.20285859347819174
            ],
            [
              -0.2999452583271263,
              0.21571663537113378
            ],
            [
              -0.29664150960770025,
              0.2285346674038898
            ],
            [
              -0.2933463956728786,
              0.24131662421794822
            ],
            [
              -0.28060652234261857,
              0.24575203770751616
            ],
            [
              -0.2679154666602155,
              0.2501894127588539
            ],
            [
              -0.25527587385149353,
              0.25463371792754264
            ],
            [
              -0.2426893832572072,
              0.25909043763669415
            ],
            [
              -0.23015653396947033,
              0.26356547077572756
            ],
            [
              -0.21767669688646826,
              0.2680650096646161
            ],
            [
              -0.20524803719471285,
              0.2725954020333272
            ],
            [
              -0.19286751038076028,
              0.2771629994028152
            ],
            [
              -0.1805308938039075,
              0.28177399590258323
            ],
            [
              -0.16823285466247925,
              0.2864342620880423
            ],
            [
              -0.155967053900561,
              0.29114917869912044
            ],
            [
              -0.14372628427703113,
              0.2959234755052314
            ],
            [
              -0.13150263950675356,
              0.3007610803929572
            ],
            [
              -0.11928771013966734,
              0.3056649836624931
            ],
            [
              -0.11438172803682081,
              0.2937432374043407
            ],
            [
              -0.10946950713564023,
              0.2817817274147891
            ],
            [
              -0.10454674142547472,
              0.26977165598107367
            ],
            [
              -0.09960952089039805,
              0.2577057472621606
            ],
            [
              -0.09465441534986131,
              0.2455783681835486
            ],
            [
              -0.0896785446744668,
              0.23338560048828275
            ],
            [
              -0.08467963355036306,
              0.22112526288800444
            ],
            [
              -0.07965604936349692,
              0.20879688386185338
            ],
            [
              -0.07460682222024861,
              0.19640162721500445
            ],
            [
              -0.06953164660820878,
              0.1839421739768191
            ],
            [
              -0.06443086472126495,
              0.17142256553942053
            ],
            [
              -0.059305432014335045,
              0.1588480140657024
            ],
            [
              -0.0541568660988582,
              0.14622468709423742
            ],
            [
              -0.04898718062109639,
              0.13355947390972445
            ],
            [
              -0.04379880625959053,
              0.12085974161445832
            ],
            [
              -0.03859450141293138,
              0.10813308892269417
            ],
            [
              -0.0333772555021542,
              0.09538710551036862
            ],
            [
              -0.02815018806376419,
              0.08262914430228752
            ],
            [
              -0.024330520962687594,
              0.07088805795738588
            ],
            [
              -0.020507880158245718,
              0.059150107802097604
            ],
            [
              -0.0166841624742504,
              0.047419362590454955
            ],
            [
              -0.012861135527298017,
              0.03569930571887833
            ],
            [
              -0.009040398291604732,
              0.02399277917527947
            ],
            [
              -0.005223346851947794,
              0.012301945823516798
            ],
            [
              -0.0014111460819424835,
              0.0006282702892675548
            ],
            [
              -0.002461086313416736,
              -0.0005013747281685338
            ]
          ]
        ]
      }
    },
    {
      "type": "Feature",
      "properties": {
        "cell_id": "CIV",
        "method": "GeoDisk",
        "view": "disk"
      },
      "geometry": {
        "type": "Polygon",
        "coordinates": [
          [
            [
              -0.8540514272126859,
              0.1706191496151092
            ],
            [
              -0.8522842833873302,
              0.16622276719599338
            ],
            [
              -0.8562192272246096,
              0.16015444504983192
            ],
            [
              -0.8601517843572888,
              0.15408588917005964
            ],
            [
              -0.8723770067211576,
              0.15636658650861088
            ],
            [
              -0.8846378797971004,
              0.15864180062595884
            ],
            [
              -0.8969378176823297,
              0.16091276510977293
            ],
            [
              -0.9092794722381609,
              0.1631806826371795
            ],
            [
              -0.9216646684193723,
              0.16544666306742944
            ],
            [
              -0.9340943540334662,
              0.1677116650457535
            ],
            [
              -0.946568565386162,
              0.1699764432885203
            ],
            [
              -0.9590864099710417,
              0.17224150356719048
            ],
            [
              -0.9716460670273639,
              0.17450706719099954
            ],
            [
              -0.9842448064277525,
              0.17677304651038972
            ],
            [
              -0.9838460059270775,
              0.17901686127663205
            ],
            [
              -0.9823485185218157,
              0.1870598518068316
            ],
            [
              -0.9807852804032305,
              0.19509032201612772
            ],
            [
              -0.9805202022080248,
              0.19639504412199246
            ],
            [
              -0.9676794470276507,
              0.19381960876991597
            ],
            [
              -0.9548791032400905,
              0.1912450455577134
            ],
            [
              -0.9421218362416592,
              0.18867135016465866
            ],
            [
              -0.9294093649417666,
              0.18609818840374778
            ],
            [
              -0.9167424425542426,
              0.18352492209057028
            ],
            [
              -0.9041208568755865,
              0.18095064779494804
            ],
            [
              -0.8915434495894337,
              0.17837424676110533
            ],
            [
              -0.8790081537395821,
              0.17579444392094984
            ],
            [
              -0.8665120481465232,
              0.17320987363815799
            ],
            [
              -0.8540514272126859,
              0.1706191496151092
            ]
          ]
        ]
      }
    },
    {
      "type": "Feature",
      "properties": {
        "cell_id": "CMR",
        "method": "GeoDisk",
        "view": "disk"
      },
      "geometry": {
        "type": "Polygon",
        "coordinates": [
          [
            [
              -0.5127288007096032,
              0.30790761361874647
            ],
            [
              -0.49849349081775146,
              0.3084146208235492
            ],
            [
              -0.48421161782131156,
              0.3089193582478354
            ],
            [
              -0.46988813438023436,
              0.30942245660360096
            ],
            [
              -0.45552890569634913,
              0.309924562298529
            ],
            [
              -0.44114064155287885,
              0.31042639243835035
            ],
            [
              -0.4267308023755885,
              0.3109287959990791
            ],
            [
              -0.4123074796171227,
              0.31143281842532866
            ],
            [
              -0.3978792516708985,
              0.3119397665324765
            ],
            [
              -0.38345501745721294,
              0.31245127032967696
            ],
            [
              -0.3733325456930854,
              0.3044006017228151
            ],
            [
              -0.3632314932152864,
              0.29639392168476486
            ],
            [
              -0.35315552636400765,
              0.28842912602836046
            ],
            [
              -0.3431076757119244,
              0.2805033515654467
            ],
            [
              -0.33309028018924025,
              0.27261304575643125
            ],
            [
              -0.32310495133013695,
              0.2647540540851086
            ],
            [
              -0.31315255819499643,
              0.2569217225977066
            ],
            [
              -0.30323323285353354,
              0.24911101260769491
            ],
            [
              -0.2933463956728785,
              0.24131662421794814
            ],
            [
              -0.29664150960770014,
              0.2285346674038897
            ],
            [
              -0.29994525832712615,
              0.21571663537113384
            ],
            [
              -0.3032539932648735,
              0.20285859347819177
            ],
            [
              -0.30656388459421224,
              0.1899575127763104
            ],
            [
              -0.30987097849322603,
              0.17701130169138513
            ],
            [
              -0.31317125933675277,
              0.16401881883960925
            ],
            [
              -0.3164607155505712,
              0.15097986686526718
            ],
            [
              -0.31973540769699144,
              0.13789516758101847
            ],
            [
              -0.3229915372273758,
              0.12476631908810618
            ],
            [
              -0.32622551424671076,
              0.11159573594850392
            ],
            [
              -0.32943402259779186,
              0.09838657386351775
            ],
            [
              -0.33261408059548736,
              0.08514264067215564
            ],
            [
              -0.33576309582913816,
              0.07186829580450142
            ],
            [
              -0.338878912603224,
              0.05856834059640428
            ],
            [
              -0.341959850797696,
              0.045247902078606246
            ],
            [
              -0.34500473518955116,
              0.03191231298460709
            ],
            [
              -0.35932536200307225,
              0.03321816567450875
            ],
            [
              -0.3736618456274539,
              0.03451450348714114
            ],
            [
              -0.3880104232389248,
              0.03580274992300739
            ],
            [
              -0.40236705217536045,
              0.03708465567309007
            ],
            [
              -0.41672742867829476,
              0.03836225787910865
            ],
            [
              -0.4310870096818102,
              0.039637827977733624
            ],
            [
              -0.4454410389559158,
              0.040913809660627805
            ],
            [
              -0.4597845788676457,
              0.0421927488947072
            ],
            [
              -0.47411254889699983,
              0.04347721829990961
            ],
            [
              -0.48841977183827656,
              0.04476973845949203
            ],
            [
              -0.5027010283350545,
              0.04607269892701864
            ],
            [
              -0.5169511200473746,
              0.047388281783880354
            ],
            [
              -0.531164941344348,
              0.04871839058373252
            ],
            [
              -0.545337558969513,
              0.050064587391745116
            ],
            [
              -0.5594642986576457,
              0.05142804038731068
            ],
            [
              -0.5735408372104129,
              0.052809484153792365
            ],
            [
              -0.5875632980856562,
              0.054209194337720375
            ],
            [
              -0.5837267566034858,
              0.06763837610586179
            ],
            [
              -0.5798674367544033,
              0.0810629820502683
            ],
            [
              -0.5759873748649948,
              0.09448154652647837
            ],
            [
              -0.572088658814759,
              0.10789274285516746
            ],
            [
              -0.5681734061694128,
              0.12129540843756301
            ],
            [
              -0.5642437435366506,
              0.134688566924598
            ],
            [
              -0.5603017872449674,
              0.14807144732545785
            ],
            [
              -0.5563496254112177,
              0.16144349997535606
            ],
            [
              -0.5523893014330172,
              0.1748044093050674
            ],
            [
              -0.5484227989186264,
              0.18815410336706387
            ],
            [
              -0.5444520280501102,
              0.201492760076816
            ],
            [
              -0.5404788133653822,
              0.21482081012532084
            ],
            [
              -0.5365048829410329,
              0.22813893651296233
            ],
            [
              -0.5325318589599459,
              0.24144807064846402
            ],
            [
              -0.5285612496546517,
              0.25474938495304156
            ],
            [
              -0.5245944426278853,
              0.26804428191186513
            ],
            [
              -0.5206326995643245,
              0.2813343795252968
            ],
            [
              -0.516677152360303,
              0.29462149313321845
            ],
            [
              -0.5127288007096032,
              0.30790761361874647
            ]
          ]
        ]
      }
    },
    {
      "type": "Feature",
      "properties": {
        "cell_id": "COD",
        "method": "GeoDisk",
        "view": "disk"
      },
      "geometry": {
        "type": "Polygon",
        "coordinates": [
          [
            [
              -0.14292293254135496,
              -0.31875801437053136
            ],
            [
              -0.15514960116481025,
              -0.3123363078527574
            ],
            [
              -0.16737180496853238,
              -0.30594526028898694
            ],
            [
              -0.17959502286994658,
              -0.2995882166256211
            ],
            [
              -0.19182526208005116,
              -0.29326775405488065
            ],
            [
              -0.2040688996705125,
              -0.2869856500699987
            ],
            [
              -0.2163325084402526,
              -0.2807428756735835
            ],
            [
              -0.22862267305820802,
              -0.27453961307228786
            ],
            [
              -0.2409458027083238,
              -0.2683752962171373
            ],
            [
              -0.2533079464516711,
              -0.26224867166245497
            ],
            [
              -0.26571461726312534,
              -0.25615787646221005
            ],
            [
              -0.2781706302215894,
              -0.25010052923733056
            ],
            [
              -0.2906799596670229,
              -0.24407383015746284
            ],
            [
              -0.3032456193239791,
              -0.2380746654010774
            ],
            [
              -0.3158695684726388,
              -0.2320997116928105
            ],
            [
              -0.3285526462682086,
              -0.22614553675962357
            ],
            [
              -0.32661787965195266,
              -0.21334872749951336
            ],
            [
              -0.32469951981901113,
              -0.20054617720462062
            ],
            [
              -0.3227948549410184,
              -0.1877338259179149
            ],
            [
              -0.32090090566403245,
              -0.17490790609429716
            ],
            [
              -0.31901446769509906,
              -0.16206502675998197
            ],
            [
              -0.3171321583093698,
              -0.1492022519683177
            ],
            [
              -0.31525046621062297,
              -0.1363171717642507
            ],
            [
              -0.3133658041334957,
              -0.1234079639550569
            ],
            [
              -0.31147456352747727,
              -0.11047344510540535
            ],
            [
              -0.3095731706086525,
              -0.09751310933035195
            ],
            [
              -0.307658143004032,
              -0.08452715365068844
            ],
            [
              -0.30572614614513527,
              -0.07151648890143125
            ],
            [
              -0.30377404849427814,
              -0.05848273544641892
            ],
            [
              -0.30179897461327243,
              -0.04542820324978192
            ],
            [
              -0.2997983550173197,
              -0.03235585618723063
            ],
            [
              -0.28602616594438296,
              -0.03086543569700429
            ],
            [
              -0.2722813601587821,
              -0.029382250778367276
            ],
            [
              -0.25856496550429836,
              -0.027906199661018666
            ],
            [
              -0.24487782816662282,
              -0.026437047972172723
            ],
            [
              -0.23122059251636948,
              -0.02497444118479693
            ],
            [
              -0.21759367021004372,
              -0.023517918846930663
            ],
            [
              -0.20399720002444657,
              -0.02206693011307468
            ],
            [
              -0.19043100055569273,
              -0.02062085011313544
            ],
            [
              -0.17689451848036944,
              -0.019178996725813968
            ],
            [
              -0.16338677552721334,
              -0.01774064736928866
            ],
            [
              -0.14990631762142267,
              -0.016305055479434546
            ],
            [
              -0.13645116982413935,
              -0.014871466410717894
            ],
            [
              -0.12301880068660598,
              -0.013439132562888222
            ],
            [
              -0.10960609946844584,
              -0.012007327602945378
            ],
            [
              -0.09620936933558714,
              -0.010575359711936955
            ],
            [
              -0.08282433916539021,
              -0.009142583835710219
            ],
            [
              -0.06944619596072558,
              -0.007708412954362911
            ],
            [
              -0.056069639133062746,
              -0.00627232840446356
            ],
            [
              -0.04268895708401845,
              -0.004833889290150348
            ],
            [
              -0.029298125626223734,
              -0.003392741004456636
            ],
            [
              -0.015890926871589217,
              -0.0019486228526309991
            ],
            [
              -0.0024610863134167204,
              -0.0005013747281685112
            ],
            [
              -0.0022287556648338466,
              -0.009781139498880062
            ],
            [
              -0.001996655628782591,
              -0.019046236031486564
            ],
            [
              -0.007872771906035983,
              -0.031551281544292764
            ],
            [
              -0.013734126011589968,
              -0.044027565268005865
            ],
            [
              -0.019583216009393573,
              -0.05648015062632942
            ],
            [
              -0.025422614867120476,
              -0.06891403059424898
            ],
            [
              -0.03125490198700313,
              -0.08133404410916745
            ],
            [
              -0.037082599615162394,
              -0.09374480457498106
            ],
            [
              -0.04290811601030963,
              -0.10615064129058879
            ],
            [
              -0.04873369691880404,
              -0.1185555540074993
            ],
            [
              -0.054561386530605174,
              -0.13096318034762167
            ],
            [
              -0.06039299868461388,
              -0.14337677539697782
            ],
            [
              -0.06623009866492992,
              -0.1557992024353091
            ],
            [
              -0.0720739954969252,
              -0.168232933474486
            ],
            [
              -0.07792574422995122,
              -0.1806800580679077
            ],
            [
              -0.08378615729836475,
              -0.19314229872314398
            ],
            [
              -0.08965582370029036,
              -0.20562103120174
            ],
            [
              -0.09553513443885309,
              -0.21811730802055143
            ],
            [
              -0.10142431244632759,
              -0.23063188357194794
            ],
            [
              -0.10732344506794621,
              -0.24316523944650958
            ],
            [
              -0.11323251712598426,
              -0.2557176087597902
            ],
            [
              -0.11915144261947197,
              -0.26828899854095883
            ],
            [
              -0.12508009323979316,
              -0.280879209521254
            ],
            [
              -0.13101832209274414,
              -0.2934878529494637
            ],
            [
              -0.136965981304631,
              -0.30611436434573647
            ],
            [
              -0.14292293254135496,
              -0.31875801437053136
            ]
          ]
        ]
      }
    },
    {
      "type": "Feature",
      "properties": {
        "cell_id": "COG",
        "method": "GeoDisk",
        "view": "disk"
      },
      "geometry": {
        "type": "Polygon",
        "coordinates": [
          [
            [
              -0.32855264626820885,
              -0.22614553675962373
            ],
            [
              -0.33972830649271935,
              -0.23370873819173932
            ],
            [
              -0.3509229454199431,
              -0.24127227710469365
            ],
            [
              -0.3621367806676915,
              -0.24883739566672938
            ],
            [
              -0.3733694339787531,
              -0.2564053442574359
            ],
            [
              -0.38461988465089225,
              -0.26397736836087804
            ],
            [
              -0.39588644993590477,
              -0.27155470069051596
            ],
            [
              -0.40716679439688797,
              -0.2791385581541252
            ],
            [
              -0.4184579689103942,
              -0.28673014285643356
            ],
            [
              -0.4297564786463299,
              -0.294330645995747
            ],
            [
              -0.44105837801279624,
              -0.30194125325992605
            ],
            [
              -0.4523593892756904,
              -0.30956315018162683
            ],
            [
              -0.4636550404120234,
              -0.3171975258800576
            ],
            [
              -0.47494081678527383,
              -0.32484557369609746
            ],
            [
              -0.48621232048722046,
              -0.3325084874113423
            ],
            [
              -0.4974654307106196,
              -0.34018745201492623
            ],
            [
              -0.5086964583263638,
              -0.3478836283251838
            ],
            [
              -0.5199022879499303,
              -0.35559813116372946
            ],
            [
              -0.5310805011937152,
              -0.3633320011934392
            ],
            [
              -0.5422294754990106,
              -0.371086170946049
            ],
            [
              -0.5533484538952526,
              -0.3788614259586572
            ],
            [
              -0.5644375822040956,
              -0.38665836229365863
            ],
            [
              -0.5754979115410374,
              -0.3944773420195512
            ],
            [
              -0.586531365409388,
              -0.4023184484703464
            ],
            [
              -0.597540672167217,
              -0.4101814432719128
            ],
            [
              -0.5990938488606063,
              -0.39668369286245714
            ],
            [
              -0.600671605382917,
              -0.3832150475509411
            ],
            [
              -0.6022728332996469,
              -0.36977288336654884
            ],
            [
              -0.6038960390389427,
              -0.35635420897136977
            ],
            [
              -0.6055393528276047,
              -0.342955737925184
            ],
            [
              -0.607200545625251,
              -0.32957396518888804
            ],
            [
              -0.6088770538070075,
              -0.3162052458319443
            ],
            [
              -0.610566011142595,
              -0.30284587392183254
            ],
            [
              -0.6122642874313947,
              -0.28949215963990355
            ],
            [
              -0.613968532984099,
              -0.27614050278443936
            ],
            [
              -0.615675227996207,
              -0.2627874609830903
            ],
            [
              -0.6173807357402054,
              -0.2494298111372714
            ],
            [
              -0.6190813584143078,
              -0.23606460285369463
            ],
            [
              -0.6207733944275982,
              -0.22268920287572
            ],
            [
              -0.6224531958750114,
              -0.2093013298018746
            ],
            [
              -0.6241172249606679,
              -0.19589907866282164
            ],
            [
              -0.6257621081637306,
              -0.18248093521339398
            ],
            [
              -0.6273846870056454,
              -0.16904578007533025
            ],
            [
              -0.6289820643691842,
              -0.15559288313175176
            ],
            [
              -0.630551645435421,
              -0.1421218888194059
            ],
            [
              -0.6320911724414838,
              -0.12863279318314705
            ],
            [
              -0.6335987526160493,
              -0.11512591374377754
            ],
            [
              -0.6350728788171339,
              -0.10160185338090377
            ],
            [
              -0.6365124425736168,
              -0.0880614595436194
            ],
            [
              -0.6379167394136471,
              -0.07450578017155379
            ],
            [
              -0.6392854665451605,
              -0.0609360177362253
            ],
            [
              -0.6406187131315801,
              -0.04735348279810984
            ],
            [
              -0.6419169435749692,
              -0.033759548420009784
            ],
            [
              -0.6431809743751646,
              -0.020155606684934584
            ],
            [
              -0.6444119452728512,
              -0.0065430284407434975
            ],
            [
              -0.6456112855035973,
              0.007076872760949507
            ],
            [
              -0.6467806760856656,
              0.020702871741917806
            ],
            [
              -0.647922009134599,
              0.03433385719547525
            ],
            [
              -0.6359459484307928,
              0.03829344274928217
            ],
            [
              -0.6239204015461941,
              0.04225998892862877
            ],
            [
              -0.6118468449296043,
              0.046234335529163735
            ],
            [
              -0.5997271082842717,
              0.050217208199754705
            ],
            [
              -0.5875632980856561,
              0.05420919433772036
            ],
            [
              -0.5735408372104128,
              0.05280948415379236
            ],
            [
              -0.5594642986576457,
              0.05142804038731068
            ],
            [
              -0.5453375589695131,
              0.05006458739174488
            ],
            [
              -0.531164941344348,
              0.04871839058373252
            ],
            [
              -0.5169511200473746,
              0.047388281783880354
            ],
            [
              -0.5027010283350545,
              0.04607269892701864
            ],
            [
              -0.4884197718382766,
              0.04476973845949203
            ],
            [
              -0.4741125488969999,
              0.04347721829990961
            ],
            [
              -0.4597845788676458,
              0.042192748894707206
            ],
            [
              -0.4454410389559159,
              0.04091380966062781
            ],
            [
              -0.43108700968181024,
              0.03963782797773363
            ],
            [
              -0.4167274286782949,
              0.03836225787910866
            ],
            [
              -0.4023670521753606,
              0.037084655673090085
            ],
            [
              -0.38801042323892504,
              0.03580274992300741
            ],
            [
              -0.3736618456274542,
              0.03451450348714116
            ],
            [
              -0.35932536200307247,
              0.0332181656745086
            ],
            [
              -0.3450047351895514,
              0.03191231298460711
            ],
            [
              -0.3375098623599934,
              0.02121150972860719
            ],
            [
              -0.3299964965634419,
              0.010501869668056382
            ],
            [
              -0.32246624306260185,
              -0.0002132670554682443
            ],
            [
              -0.31492126378068125,
              -0.01093034104616859
            ],
            [
              -0.3073642464588681,
              -0.02164572093004258
            ],
            [
              -0.2997983550173198,
              -0.032355856187230775
            ],
            [
              -0.3017989746132725,
              -0.045428203249782056
            ],
            [
              -0.3037740484942782,
              -0.05848273544641907
            ],
            [
              -0.30572614614513527,
              -0.07151648890143139
            ],
            [
              -0.30765814300403205,
              -0.08452715365068846
            ],
            [
              -0.30957317060865264,
              -0.09751310933035201
            ],
            [
              -0.3114745635274773,
              -0.11047344510540551
            ],
            [
              -0.3133658041334958,
              -0.1234079639550571
            ],
            [
              -0.31525046621062314,
              -0.13631717176425076
            ],
            [
              -0.3171321583093699,
              -0.14920225196831796
            ],
            [
              -0.3190144676950992,
              -0.16206502675998208
            ],
            [
              -0.3209009056640327,
              -0.1749079060942973
            ],
            [
              -0.32279485494101867,
              -0.18773382591791504
            ],
            [
              -0.32469951981901124,
              -0.20054617720462095
            ],
            [
              -0.3266178796519529,
              -0.2133487274995135
            ],
            [
              -0.32855264626820885,
              -0.22614553675962373
            ]
          ]
        ]
      }
    },
    {
      "type": "Feature",
      "properties": {
        "cell_id": "DJI",
        "method": "GeoDisk",
        "view": "disk"
      },
      "geometry": {
        "type": "Polygon",
        "coordinates": [
          [
            [
              0.7577243822105749,
              0.3087587747337934
            ],
            [
              0.744478922812415,
              0.3118421483221139
            ],
            [
              0.7312625340217154,
              0.3149368786421744
            ],
            [
              0.7180785989264054,
              0.31804502932331247
            ],
            [
              0.7049302083965878,
              0.32116876558967145
            ],
            [
              0.6918200954316347,
              0.32431030756813717
            ],
            [
              0.6787505697607106,
              0.3274718792641172
            ],
            [
              0.665723454117021,
              0.3306556543380778
            ],
            [
              0.6527400237414964,
              0.33386369982653924
            ],
            [
              0.6398009507715182,
              0.33709791893766655
            ],
            [
              0.6269062552273053,
              0.34035999401925643
            ],
            [
              0.6140552643164197,
              0.34365133075126303
            ],
            [
              0.6012465817306375,
              0.34697300456092633
            ],
            [
              0.5884780685060066,
              0.35032571020009207
            ],
            [
              0.5757468368551457,
              0.3537097153644192
            ],
            [
              0.5630492581616862,
              0.3571248191746444
            ],
            [
              0.5503809860534742,
              0.36057031628161457
            ],
            [
              0.5377369951490845,
              0.3640449672990871
            ],
            [
              0.525111635708812,
              0.3675469762102984
            ],
            [
              0.517585744853549,
              0.3792507867793096
            ],
            [
              0.5100379950480923,
              0.39094601621174296
            ],
            [
              0.5024663503597547,
              0.4026290153203766
            ],
            [
              0.4948690189675239,
              0.41429600011294077
            ],
            [
              0.4872444902377876,
              0.4259431259119475
            ],
            [
              0.4795915686141988,
              0.43756656998381727
            ],
            [
              0.48918621869717693,
              0.446277819680012
            ],
            [
              0.4988131529940176,
              0.45500814377420346
            ],
            [
              0.508475325577405,
              0.4637619543837233
            ],
            [
              0.5181748076892777,
              0.47254307647728716
            ],
            [
              0.527912864264234,
              0.4813547355007364
            ],
            [
              0.5376900455380103,
              0.4901995531780024
            ],
            [
              0.5475062877144999,
              0.499079550003588
            ],
            [
              0.5573610166242998,
              0.5079961531119952
            ],
            [
              0.5672532485569886,
              0.5169502084560313
            ],
            [
              0.5771816829738106,
              0.5259419965244788
            ],
            [
              0.587144782580161,
              0.5349712511531008
            ],
            [
              0.5971408372198012,
              0.5440371813043886
            ],
            [
              0.6071680091967183,
              0.5531384959855189
            ],
            [
              0.6172243588798515,
              0.5622734327185173
            ],
            [
              0.6273078507392238,
              0.5714397901534325
            ],
            [
              0.6374163412356132,
              0.580634965511024
            ],
            [
              0.6475475511766267,
              0.5898559975477322
            ],
            [
              0.6576990262002805,
              0.599099615649542
            ],
            [
              0.6678680898995814,
              0.6083622954850298
            ],
            [
              0.6780517947135386,
              0.6176403213889181
            ],
            [
              0.6882468760477497,
              0.6269298553182492
            ],
            [
              0.6984497151298706,
              0.6362270118408899
            ],
            [
              0.7086563158441554,
              0.6455279382014175
            ],
            [
              0.7188623002312353,
              0.6548288980867393
            ],
            [
              0.729062926504913,
              0.6641263573091691
            ],
            [
              0.7392531323611311,
              0.6734170692649646
            ],
            [
              0.7409511253549587,
              0.6715589548470187
            ],
            [
              0.7464204461852731,
              0.665474655803343
            ],
            [
              0.7518398074789769,
              0.6593458151000694
            ],
            [
              0.7572088465064842,
              0.6531728429537771
            ],
            [
              0.7625272039063878,
              0.6469561525348574
            ],
            [
              0.7677945237095114,
              0.6406961599398613
            ],
            [
              0.7730104533627367,
              0.6343932841636459
            ],
            [
              0.7781746437525977,
              0.6280479470713344
            ],
            [
              0.7832867492286497,
              0.6216605733700782
            ],
            [
              0.7883464276266059,
              0.6152315905806274
            ],
            [
              0.7933533402912349,
              0.6087614290087209
            ],
            [
              0.7983071520990309,
              0.6022505217162828
            ],
            [
              0.8032075314806445,
              0.5956993044924339
            ],
            [
              0.8080541504430729,
              0.5891082158243286
            ],
            [
              0.8128466845916151,
              0.5824776968678023
            ],
            [
              0.8175848131515833,
              0.5758081914178459
            ],
            [
              0.8222682189897746,
              0.5691001458788987
            ],
            [
              0.826896588635696,
              0.5623540092349734
            ],
            [
              0.8314696123025448,
              0.555570233019603
            ],
            [
              0.8359869839079463,
              0.5487492712856165
            ],
            [
              0.8404484010944379,
              0.541891580574752
            ],
            [
              0.8448535652497066,
              0.534997619887098
            ],
            [
              0.8492021815265786,
              0.5280678506503685
            ],
            [
              0.8534939588627503,
              0.5211027366890237
            ],
            [
              0.8577286100002716,
              0.5141027441932227
            ],
            [
              0.861905851504774,
              0.5070683416876177
            ],
            [
              0.8660254037844384,
              0.5000000000000004
            ],
            [
              0.8700869911087112,
              0.4928981922297842
            ],
            [
              0.8740903416267585,
              0.4857633937163408
            ],
            [
              0.8780351873856624,
              0.47859608200718134
            ],
            [
              0.8819212643483548,
              0.471396736825998
            ],
            [
              0.8857483124112899,
              0.4641658400405524
            ],
            [
              0.8895160754218557,
              0.4569038756304213
            ],
            [
              0.8932243011955151,
              0.449611329654607
            ],
            [
              0.8968727415326878,
              0.44228869021900225
            ],
            [
              0.9004611522353633,
              0.4349364474437178
            ],
            [
              0.9039892931234431,
              0.42755509343028253
            ],
            [
              0.9074569280508186,
              0.42014512222870265
            ],
            [
              0.9108638249211755,
              0.4127070298043955
            ],
            [
              0.9142097557035302,
              0.40524131400499036
            ],
            [
              0.917494496447491,
              0.3977484745270113
            ],
            [
              0.9207178272982474,
              0.3902290128824289
            ],
            [
              0.9238795325112865,
              0.3826834323650904
            ],
            [
              0.9264706886108206,
              0.3763547284620804
            ],
            [
              0.9135758405855441,
              0.3711353629412781
            ],
            [
              0.9006513246811694,
              0.36591848334194366
            ],
            [
              0.8877013242598651,
              0.36070341076697904
            ],
            [
              0.8747300275788779,
              0.35548987199206616
            ],
            [
              0.8617416041851667,
              0.35027798285485817
            ],
            [
              0.8487402038091516,
              0.3450682231241816
            ],
            [
              0.8357299742189146,
              0.33986140404406745
            ],
            [
              0.8227150933346818,
              0.3346586297313743
            ],
            [
              0.8096998100197155,
              0.3294612535475227
            ],
            [
              0.7966884874010921,
              0.3242708304770978
            ],
            [
              0.7836856423598894,
              0.31908906644169677
            ],
            [
              0.7706959749758886,
              0.31391776536878957
            ],
            [
              0.7577243822105749,
              0.3087587747337934
            ]
          ]
        ]
      }
    },
    {
      "type": "Feature",
      "properties": {
        "cell_id": "DZA",
        "method": "GeoDisk",
        "view": "disk"
      },
      "geometry": {
        "type": "Polygon",
        "coordinates": [
          [
            [
              -0.47731677153434526,
              0.6211578087308997
            ],
            [
              -0.4875216321415552,
              0.6128556863605548
            ],
            [
              -0.49772520353002325,
              0.604561376617814
            ],
            [
              -0.5079259597844965,
              0.5962736029726496
            ],
            [
              -0.5181224097382923,
              0.587991095787251
            ],
            [
              -0.5283131241505435,
              0.579712617843106
            ],
            [
              -0.5384967616562794,
              0.5714369865923588
            ],
            [
              -0.5486720926702475,
              0.5631630926602718
            ],
            [
              -0.558838020470514,
              0.554889914295136
            ],
            [
              -0.5689935987676997,
              0.5466165276347106
            ],
            [
              -0.5791380451779246,
              0.5383421128271642
            ],
            [
              -0.5892707501582981,
              0.5300659562028097
            ],
            [
              -0.5993912811278191,
              0.5217874488347034
            ],
            [
              -0.6094993816772996,
              0.5135060819463548
            ],
            [
              -0.6196666854804034,
              0.5224992841328828
            ],
            [
              -0.6298244750158373,
              0.5314676224604052
            ],
            [
              -0.6399780565437413,
              0.5404120663125888
            ],
            [
              -0.6501325530369947,
              0.5493339533381335
            ],
            [
              -0.6602927844874545,
              0.5582348962097313
            ],
            [
              -0.6704631640531037,
              0.5671166945617421
            ],
            [
              -0.6806476124578558,
              0.5759812567755794
            ],
            [
              -0.6908494923131899,
              0.5848305355461209
            ],
            [
              -0.7010715632672018,
              0.5936664802313252
            ],
            [
              -0.7113159581296862,
              0.6024910079076595
            ],
            [
              -0.7215841793978378,
              0.611305993879365
            ],
            [
              -0.7318771149403868,
              0.6201132811776741
            ],
            [
              -0.7421950710097803,
              0.628914707396099
            ],
            [
              -0.752537820260241,
              0.6377121460982403
            ],
            [
              -0.7629046620676411,
              0.6465075590602353
            ],
            [
              -0.7625272039063883,
              0.646956152534857
            ],
            [
              -0.7572088465064849,
              0.6531728429537763
            ],
            [
              -0.7518398074789776,
              0.6593458151000686
            ],
            [
              -0.7464204461852738,
              0.6654746558033422
            ],
            [
              -0.7409511253549592,
              0.6715589548470182
            ],
            [
              -0.7354322110615192,
              0.6775983049957881
            ],
            [
              -0.7298640726978356,
              0.6835923020228711
            ],
            [
              -0.7242470829514671,
              0.6895405447370667
            ],
            [
              -0.7185816177796983,
              0.6954426350096113
            ],
            [
              -0.7128680563843802,
              0.7012981778008238
            ],
            [
              -0.7071067811865478,
              0.7071067811865472
            ],
            [
              -0.7012981778008247,
              0.7128680563843794
            ],
            [
              -0.6954426350096119,
              0.7185816177796979
            ],
            [
              -0.6895405447370669,
              0.7242470829514669
            ],
            [
              -0.6835923020228717,
              0.7298640726978353
            ],
            [
              -0.6775983049957892,
              0.735432211061518
            ],
            [
              -0.6715589548470188,
              0.7409511253549588
            ],
            [
              -0.6654746558033428,
              0.7464204461852733
            ],
            [
              -0.6593458151000692,
              0.7518398074789772
            ],
            [
              -0.6531728429537769,
              0.7572088465064845
            ],
            [
              -0.6469561525348576,
              0.7625272039063878
            ],
            [
              -0.6406961599398615,
              0.7677945237095114
            ],
            [
              -0.6343932841636456,
              0.7730104533627367
            ],
            [
              -0.6280479470713345,
              0.7781746437525975
            ],
            [
              -0.6216605733700782,
              0.7832867492286497
            ],
            [
              -0.6152315905806274,
              0.7883464276266057
            ],
            [
              -0.6087614290087211,
              0.7933533402912348
            ],
            [
              -0.6072431969559183,
              0.7945084843491965
            ],
            [
              -0.5990805984119387,
              0.7838174069796578
            ],
            [
              -0.5909293784276554,
              0.7731172231604528
            ],
            [
              -0.582789633716501,
              0.7624060845880717
            ],
            [
              -0.5746610647034079,
              0.7516820365609453
            ],
            [
              -0.5665429452006495,
              0.7409429910058171
            ],
            [
              -0.5584341041732414,
              0.7301867159149218
            ],
            [
              -0.5503329211612574,
              0.7194108436528153
            ],
            [
              -0.5422373365528013,
              0.7086128995753093
            ],
            [
              -0.5341448774597316,
              0.697790351297004
            ],
            [
              -0.5260526994508513,
              0.6869406777989544
            ],
            [
              -0.5179576438589305,
              0.6760614564367153
            ],
            [
              -0.5098563098155153,
              0.6651504648440174
            ],
            [
              -0.5017451395994428,
              0.6542057937789845
            ],
            [
              -0.49362051533086554,
              0.6432259661739214
            ],
            [
              -0.4854788645225335,
              0.6322100570655492
            ],
            [
              -0.47731677153434526,
              0.6211578087308997
            ]
          ]
        ]
      }
    },
    {
      "type": "Feature",
      "properties": {
        "cell_id": "EGY",
        "method": "GeoDisk",
        "view": "disk"
      },
      "geometry": {
        "type": "Polygon",
        "coordinates": [
          [
            [
              0.2598979089926839,
              0.48777442336593874
            ],
            [
              0.2506805546398865,
              0.47875451419544945
            ],
            [
              0.24141078628721882,
              0.4696814523755089
            ],
            [
              0.23208489870486104,
              0.4605499040256911
            ],
            [
              0.22270008924060772,
              0.45135522984327675
            ],
            [
              0.21325456867054587,
              0.44209359257786157
            ],
            [
              0.20374764729841013,
              0.4327620525184846
            ],
            [
              0.1899844051846188,
              0.4323539815102964
            ],
            [
              0.17571162704371537,
              0.432382748619513
            ],
            [
              0.16142385284202,
              0.4323185828686899
            ],
            [
              0.1471313822631516,
              0.43216520419720594
            ],
            [
              0.1328444943005447,
              0.4319275703403993
            ],
            [
              0.11857319769435049,
              0.4316118425130728
            ],
            [
              0.10432698395586791,
              0.431225327330992
            ],
            [
              0.09011458991601129,
              0.43077639492724573
            ],
            [
              0.07594377664909126,
              0.4302743738894917
            ],
            [
              0.06182113131029695,
              0.42972942435013106
            ],
            [
              0.047751897887312086,
              0.4291523912739436
            ],
            [
              0.03373984211582763,
              0.4285546406736349
            ],
            [
              0.019787154867255265,
              0.427947882109686
            ],
            [
              0.005894397215309489,
              0.4273439813654196
            ],
            [
              -0.007939510835808586,
              0.4267547676040222
            ],
            [
              -0.02171725728201195,
              0.42619183958999735
            ],
            [
              -0.03544306136516293,
              0.4256663756788508
            ],
            [
              -0.04162049807841742,
              0.43423048482146537
            ],
            [
              -0.04779736852199642,
              0.44282531087498134
            ],
            [
              -0.05397681718975697,
              0.45145909958455843
            ],
            [
              -0.06016193832229032,
              0.4601396668983718
            ],
            [
              -0.0663557211153439,
              0.46887427696411715
            ],
            [
              -0.06826936706521292,
              0.48196978323380474
            ],
            [
              -0.07020791563631364,
              0.49513893186638364
            ],
            [
              -0.07217267477521518,
              0.5083880348541256
            ],
            [
              -0.07416457866082013,
              0.5217219205749347
            ],
            [
              -0.07618417155471545,
              0.535143825503816
            ],
            [
              -0.07823159882506071,
              0.5486553236554461
            ],
            [
              -0.08030660534189409,
              0.5622562955501963
            ],
            [
              -0.0824085413050586,
              0.5759449374688487
            ],
            [
              -0.08453637542107234,
              0.5897178107156349
            ],
            [
              -0.08668871519465346,
              0.6035699295738592
            ],
            [
              -0.08886383394757313,
              0.6174948856415061
            ],
            [
              -0.09105970402611072,
              0.6314850053029247
            ],
            [
              -0.09327403551325868,
              0.6455315362519556
            ],
            [
              -0.09550431962787559,
              0.6596248582541212
            ],
            [
              -0.09774787587517274,
              0.6737547127397215
            ],
            [
              -0.10000190191591818,
              0.6879104453712459
            ],
            [
              -0.10226352504966034,
              0.7020812554383857
            ],
            [
              -0.104529854163445,
              0.7162564458088297
            ],
            [
              -0.10679803098420472,
              0.7304256672048631
            ],
            [
              -0.10906527949142648,
              0.7445791507820109
            ],
            [
              -0.11132895239676902,
              0.7587079233493944
            ],
            [
              -0.11358657367774515,
              0.7728040000807278
            ],
            [
              -0.11583587626095693,
              0.7868605502046211
            ],
            [
              -0.1180748340832252,
              0.8008720319143479
            ],
            [
              -0.12030168791193147,
              0.8148342935787581
            ],
            [
              -0.12251496447404059,
              0.8287446392436898
            ],
            [
              -0.1247134886211302,
              0.8426018573615276
            ],
            [
              -0.12689638843974246,
              0.8564062126491665
            ],
            [
              -0.12906309339685534,
              0.8701594019251395
            ],
            [
              -0.131213325783934,
              0.8838644756893256
            ],
            [
              -0.13334708588489938,
              0.8975257280591279
            ],
            [
              -0.13546463143914,
              0.9111485584420128
            ],
            [
              -0.13756645209673057,
              0.9247393089862579
            ],
            [
              -0.13396031814613496,
              0.9361763181407801
            ],
            [
              -0.13034487021607521,
              0.9476019661356165
            ],
            [
              -0.12672057925049257,
              0.9590200269281214
            ],
            [
              -0.12308804339905426,
              0.9704343543034553
            ],
            [
              -0.11944797686952408,
              0.981848828249367
            ],
            [
              -0.11580119597785858,
              0.993267301666122
            ],
            [
              -0.11428696496684676,
              0.9934477790194444
            ],
            [
              -0.10615560526045757,
              0.9943495298293181
            ],
            [
              -0.09801714032956131,
              0.9951847266721968
            ],
            [
              -0.08987211489923541,
              0.9959533136465477
            ],
            [
              -0.0817210741336684,
              0.9966552393091803
            ],
            [
              -0.07356456359966822,
              0.9972904566786902
            ],
            [
              -0.06540312923014359,
              0.9978589232386035
            ],
            [
              -0.05723731728756889,
              0.9983606009402225
            ],
            [
              -0.04906767432741889,
              0.9987954562051723
            ],
            [
              -0.04089474716158406,
              0.9991634599276488
            ],
            [
              -0.032719082821776484,
              0.9994645874763657
            ],
            [
              -0.024541228522912364,
              0.9996988186962042
            ],
            [
              -0.016361731626487477,
              0.9998661379095618
            ],
            [
              -0.008181139603937558,
              0.9999665339174011
            ],
            [
              -1.6081226496766366e-16,
              1.0
            ],
            [
              0.008181139603936346,
              0.999966533917401
            ],
            [
              0.01636173162648627,
              0.9998661379095618
            ],
            [
              0.024541228522912042,
              0.9996988186962042
            ],
            [
              0.032719082821775276,
              0.9994645874763657
            ],
            [
              0.04089474716158285,
              0.9991634599276488
            ],
            [
              0.04906767432741769,
              0.9987954562051724
            ],
            [
              0.05723731728756856,
              0.9983606009402225
            ],
            [
              0.06540312923014238,
              0.9978589232386036
            ],
            [
              0.073564563599667,
              0.9972904566786901
            ],
            [
              0.08172107413366808,
              0.9966552393091803
            ],
            [
              0.0898721148992342,
              0.9959533136465478
            ],
            [
              0.0980171403295601,
              0.9951847266721969
            ],
            [
              0.10615560526045725,
              0.9943495298293181
            ],
            [
              0.11428696496684555,
              0.9934477790194445
            ],
            [
              0.12241067519921563,
              0.9924795345987101
            ],
            [
              0.13052619222005127,
              0.9914448613738105
            ],
            [
              0.13863297284022574,
              0.990343828597665
            ],
            [
              0.14673047445536108,
              0.9891765099647811
            ],
            [
              0.1548181550821406,
              0.9879429836063223
            ],
            [
              0.1628954733945886,
              0.9866433320848789
            ],
            [
              0.17096188876030047,
              0.9852776423889412
            ],
            [
              0.17901686127663222,
              0.9838460059270775
            ],
            [
              0.18705985180683177,
              0.9823485185218157
            ],
            [
              0.19509032201612744,
              0.9807852804032307
            ],
            [
              0.20310773440776234,
              0.9791563962022338
            ],
            [
              0.21111155235896487,
              0.9774619749435719
            ],
            [
              0.2191012401568689,
              0.9757021300385288
            ],
            [
              0.22707626303437256,
              0.9738769792773337
            ],
            [
              0.2350360872059263,
              0.9719866448212794
            ],
            [
              0.24298017990326376,
              0.9700312531945439
            ],
            [
              0.2509080094110593,
              0.9680109352757229
            ],
            [
              0.2588190451025203,
              0.9659258262890684
            ],
            [
              0.2667127574748982,
              0.96377606579544
            ],
            [
              0.2745886181849315,
              0.961561797682962
            ],
            [
              0.28244610008421195,
              0.9592831701573936
            ],
            [
              0.2902846772544621,
              0.9569403357322089
            ],
            [
              0.29810382504273897,
              0.9545334512183887
            ],
            [
              0.30590302009655285,
              0.9520626777139245
            ],
            [
              0.3127236271101391,
              0.9498403573094494
            ],
            [
              0.31097750099085547,
              0.9363266201696647
            ],
            [
              0.30923759814436086,
              0.9227799836949001
            ],
            [
              0.3075048680809162,
              0.909204978161602
            ],
            [
              0.3057802515141506,
              0.8956068563387201
            ],
            [
              0.30406469649019036,
              0.8819914940179626
            ],
            [
              0.30235917101279236,
              0.8683652784047627
            ],
            [
              0.3006646714307113,
              0.8547349864077456
            ],
            [
              0.2989822260296261,
              0.8411076550483692
            ],
            [
              0.2973128934654098,
              0.8274904463549019
            ],
            [
              0.2956577558812092,
              0.8138905092035281
            ],
            [
              0.29401790676024153,
              0.8003148406225373
            ],
            [
              0.2923944337719172,
              0.7867701490825404
            ],
            [
              0.29078839706373055,
              0.7732627222565777
            ],
            [
              0.289200803628701,
              0.7597983016499225
            ],
            [
              0.2876325785323065,
              0.7463819663720798
            ],
            [
              0.2860845339090483,
              0.7330180281555935
            ],
            [
              0.2845573367334883,
              0.7197099395210561
            ],
            [
              0.28305147643140965,
              0.7064602167490818
            ],
            [
              0.2815672334224959,
              0.6932703790524476
            ],
            [
              0.2801046496766274,
              0.6801409050500548
            ],
            [
              0.2786635023225953,
              0.6670712073341479
            ],
            [
              0.277243281272807,
              0.6540596255990235
            ],
            [
              0.2758431717232184,
              0.6411034384690814
            ],
            [
              0.2744620422578661,
              0.6281988938325562
            ],
            [
              0.2730984391360573,
              0.6153412571605806
            ],
            [
              0.27175058717206796,
              0.602524876975317
            ],
            [
              0.2704163974369137,
              0.589743266331497
            ],
            [
              0.26909348182450393,
              0.5769891988982223
            ],
            [
              0.26777917433541487,
              0.5642548179773053
            ],
            [
              0.26647055874590964,
              0.5515317565752603
            ],
            [
              0.26516450215284226,
              0.5388112664620403
            ],
            [
              0.26385769372179996,
              0.5260843540038953
            ],
            [
              0.2625466878210647,
              0.5133419204525729
            ],
            [
              0.2612279506021425,
              0.5005749043098732
            ],
            [
              0.2598979089926839,
              0.48777442336593874
            ]
          ]
        ]
      }
    },
    {
      "type": "Feature",
      "properties": {
        "cell_id": "ERI",
        "method": "GeoDisk",
        "view": "disk"
      },
      "geometry": {
        "type": "Polygon",
        "coordinates": [
          [
            [
              0.47959156861419894,
              0.4375665699838174
            ],
            [
              0.4669593467894593,
              0.4407375647987189
            ],
            [
              0.4543120006954058,
              0.4439108131239754
            ],
            [
              0.4416437552883955,
              0.4470810032693233
            ],
            [
              0.4289490130445923,
              0.45024247034256554
            ],
            [
              0.4162224649681122,
              0.45338925536292396
            ],
            [
              0.4034591998580461,
              0.4565151720949001
            ],
            [
              0.3906548091987687,
              0.45961388104657747
            ],
            [
              0.37780548502709815,
              0.46267896993296864
            ],
            [
              0.36490810818882036,
              0.4657040397596319
            ],
            [
              0.3519603245268148,
              0.46868279553625447
            ],
            [
              0.3389606067428131,
              0.4716091404863484
            ],
            [
              0.3259082999423059,
              0.4744772724800062
            ],
            [
              0.3128036492032142,
              0.47728178128468357
            ],
            [
              0.2996478078977988,
              0.48001774510763306
            ],
            [
              0.28644282593641507,
              0.4826808247969977
            ],
            [
              0.2731916175817927,
              0.48526735398144005
            ],
            [
              0.25989790899268395,
              0.4877744233659388
            ],
            [
              0.2612279506021425,
              0.5005749043098732
            ],
            [
              0.26254668782106466,
              0.5133419204525731
            ],
            [
              0.26385769372179996,
              0.5260843540038953
            ],
            [
              0.26516450215284226,
              0.5388112664620403
            ],
            [
              0.2664705587459097,
              0.5515317565752604
            ],
            [
              0.26777917433541487,
              0.5642548179773053
            ],
            [
              0.269093481824504,
              0.5769891988982223
            ],
            [
              0.27041639743691376,
              0.5897432663314972
            ],
            [
              0.27175058717206796,
              0.602524876975317
            ],
            [
              0.2730984391360573,
              0.6153412571605806
            ],
            [
              0.27446204225786613,
              0.6281988938325563
            ],
            [
              0.2758431717232184,
              0.6411034384690814
            ],
            [
              0.27724328127280695,
              0.6540596255990236
            ],
            [
              0.27866350232259535,
              0.667071207334148
            ],
            [
              0.2801046496766274,
              0.6801409050500548
            ],
            [
              0.2815672334224959,
              0.6932703790524476
            ],
            [
              0.28305147643140965,
              0.7064602167490818
            ],
            [
              0.2845573367334883,
              0.7197099395210561
            ],
            [
              0.28608453390904837,
              0.7330180281555936
            ],
            [
              0.28763257853230667,
              0.7463819663720795
            ],
            [
              0.289200803628701,
              0.7597983016499225
            ],
            [
              0.2907883970637306,
              0.7732627222565779
            ],
            [
              0.2923944337719172,
              0.7867701490825404
            ],
            [
              0.29401790676024153,
              0.8003148406225373
            ],
            [
              0.2956577558812092,
              0.8138905092035281
            ],
            [
              0.2973128934654098,
              0.8274904463549019
            ],
            [
              0.2989822260296261,
              0.8411076550483692
            ],
            [
              0.3006646714307113,
              0.8547349864077456
            ],
            [
              0.30235917101279236,
              0.8683652784047627
            ],
            [
              0.30406469649019036,
              0.8819914940179626
            ],
            [
              0.3057802515141506,
              0.8956068563387201
            ],
            [
              0.3075048680809162,
              0.909204978161602
            ],
            [
              0.30923759814436086,
              0.9227799836949001
            ],
            [
              0.31097750099085547,
              0.9363266201696647
            ],
            [
              0.3127236271101391,
              0.9498403573094494
            ],
            [
              0.31368174039889113,
              0.9495281805930368
            ],
            [
              0.3214394653031614,
              0.9469301294951056
            ],
            [
              0.3291756755680382,
              0.9442686983133166
            ],
            [
              0.3368898533922196,
              0.9415440651830209
            ],
            [
              0.34458148244908027,
              0.9387564124698131
            ],
            [
              0.35225004792123277,
              0.935905926757326
            ],
            [
              0.3598950365349876,
              0.932992798834739
            ],
            [
              0.3675159365947033,
              0.9300172236840121
            ],
            [
              0.3751122380170372,
              0.9269794004668332
            ],
            [
              0.38268343236508917,
              0.923879532511287
            ],
            [
              0.3902290128824277,
              0.9207178272982478
            ],
            [
              0.3977484745270102,
              0.9174944964474917
            ],
            [
              0.4052413140049892,
              0.9142097557035308
            ],
            [
              0.41270702980439433,
              0.910863824921176
            ],
            [
              0.4201451222287023,
              0.9074569280508187
            ],
            [
              0.42755509343028136,
              0.9039892931234437
            ],
            [
              0.4349364474437166,
              0.9004611522353638
            ],
            [
              0.4422886902190011,
              0.8968727415326884
            ],
            [
              0.4496113296546058,
              0.8932243011955157
            ],
            [
              0.4569038756304201,
              0.8895160754218563
            ],
            [
              0.4641658400405513,
              0.8857483124112907
            ],
            [
              0.4713967368259968,
              0.8819212643483555
            ],
            [
              0.47859608200718023,
              0.8780351873856631
            ],
            [
              0.4857633937163397,
              0.874090341626759
            ],
            [
              0.49289819222978387,
              0.8700869911087113
            ],
            [
              0.49999999999999933,
              0.866025403784439
            ],
            [
              0.5070683416876166,
              0.8619058515047746
            ],
            [
              0.5141027441932216,
              0.8577286100002722
            ],
            [
              0.5211027366890226,
              0.8534939588627509
            ],
            [
              0.5280678506503675,
              0.8492021815265792
            ],
            [
              0.5349976198870968,
              0.8448535652497071
            ],
            [
              0.541891580574751,
              0.8404484010944385
            ],
            [
              0.5487492712856152,
              0.8359869839079469
            ],
            [
              0.5555702330196017,
              0.8314696123025453
            ],
            [
              0.562354009234973,
              0.8268965886356963
            ],
            [
              0.5691001458788976,
              0.8222682189897755
            ],
            [
              0.5758081914178449,
              0.8175848131515839
            ],
            [
              0.5824776968678019,
              0.8128466845916154
            ],
            [
              0.5891082158243275,
              0.8080541504430737
            ],
            [
              0.5956993044924329,
              0.8032075314806453
            ],
            [
              0.6022505217162817,
              0.7983071520990317
            ],
            [
              0.6087614290087199,
              0.7933533402912357
            ],
            [
              0.6152315905806263,
              0.7883464276266067
            ],
            [
              0.621660573370077,
              0.7832867492286505
            ],
            [
              0.6280479470713333,
              0.7781746437525984
            ],
            [
              0.6343932841636449,
              0.7730104533627374
            ],
            [
              0.6406961599398604,
              0.7677945237095123
            ],
            [
              0.6469561525348572,
              0.7625272039063883
            ],
            [
              0.6531728429537761,
              0.7572088465064851
            ],
            [
              0.6593458151000684,
              0.7518398074789778
            ],
            [
              0.665474655803342,
              0.746420446185274
            ],
            [
              0.6715589548470177,
              0.7409511253549598
            ],
            [
              0.6775983049957882,
              0.7354322110615191
            ],
            [
              0.683592302022871,
              0.7298640726978359
            ],
            [
              0.6895405447370662,
              0.7242470829514677
            ],
            [
              0.6954426350096111,
              0.7185816177796985
            ],
            [
              0.701298177800824,
              0.7128680563843802
            ],
            [
              0.7071067811865472,
              0.7071067811865477
            ],
            [
              0.7128680563843793,
              0.7012981778008249
            ],
            [
              0.7185816177796976,
              0.6954426350096121
            ],
            [
              0.7242470829514666,
              0.689540544737067
            ],
            [
              0.729864072697835,
              0.6835923020228719
            ],
            [
              0.7354322110615182,
              0.6775983049957892
            ],
            [
              0.7392531323611311,
              0.6734170692649646
            ],
            [
              0.729062926504913,
              0.6641263573091691
            ],
            [
              0.7188623002312352,
              0.6548288980867394
            ],
            [
              0.7086563158441556,
              0.6455279382014175
            ],
            [
              0.6984497151298706,
              0.6362270118408899
            ],
            [
              0.6882468760477497,
              0.6269298553182492
            ],
            [
              0.6780517947135386,
              0.6176403213889181
            ],
            [
              0.6678680898995815,
              0.6083622954850301
            ],
            [
              0.6576990262002806,
              0.5990996156495418
            ],
            [
              0.6475475511766268,
              0.5898559975477322
            ],
            [
              0.6374163412356132,
              0.5806349655110241
            ],
            [
              0.6273078507392239,
              0.5714397901534327
            ],
            [
              0.6172243588798516,
              0.5622734327185174
            ],
            [
              0.6071680091967184,
              0.553138495985519
            ],
            [
              0.5971408372198014,
              0.5440371813043887
            ],
            [
              0.5871447825801612,
              0.534971251153101
            ],
            [
              0.5771816829738109,
              0.5259419965244789
            ],
            [
              0.5672532485569887,
              0.5169502084560316
            ],
            [
              0.5573610166242998,
              0.5079961531119953
            ],
            [
              0.5475062877145002,
              0.49907955000358817
            ],
            [
              0.5376900455380105,
              0.4901995531780025
            ],
            [
              0.5279128642642341,
              0.48135473550073654
            ],
            [
              0.5181748076892777,
              0.4725430764772874
            ],
            [
              0.5084753255774053,
              0.4637619543837236
            ],
            [
              0.49881315299401774,
              0.4550081437742036
            ],
            [
              0.48918621869717716,
              0.44627781968001223
            ],
            [
              0.47959156861419894,
              0.4375665699838174
            ]
          ]
        ]
      }
    },
    {
      "type": "Feature",
      "properties": {
        "cell_id": "ETH",
        "method": "GeoDisk",
        "view": "disk"
      },
      "geometry": {
        "type": "Polygon",
        "coordinates": [
          [
            [
              0.2037476472984103,
              0.4327620525184846
            ],
            [
              0.2132545686705459,
              0.44209359257786157
            ],
            [
              0.22270008924060772,
              0.45135522984327675
            ],
            [
              0.23208489870486104,
              0.4605499040256911
            ],
            [
              0.24141078628721882,
              0.4696814523755089
            ],
            [
              0.2506805546398865,
              0.47875451419544945
            ],
            [
              0.2598979089926839,
              0.48777442336593874
            ],
            [
              0.27319161758179267,
              0.48526735398144
            ],
            [
              0.28644282593641507,
              0.4826808247969977
            ],
            [
              0.29964780789779893,
              0.480017745107633
            ],
            [
              0.3128036492032141,
              0.4772817812846834
            ],
            [
              0.32590829994230586,
              0.4744772724800063
            ],
            [
              0.33896060674281303,
              0.47160914048634833
            ],
            [
              0.35196032452681475,
              0.46868279553625436
            ],
            [
              0.3649081081888203,
              0.4657040397596319
            ],
            [
              0.3778054850270981,
              0.46267896993296853
            ],
            [
              0.3906548091987687,
              0.45961388104657747
            ],
            [
              0.40345919985804607,
              0.45651517209490006
            ],
            [
              0.4162224649681121,
              0.45338925536292385
            ],
            [
              0.4289490130445922,
              0.45024247034256554
            ],
            [
              0.4416437552883953,
              0.44708100326932326
            ],
            [
              0.45431200069540584,
              0.44391081312397546
            ],
            [
              0.4669593467894593,
              0.4407375647987189
            ],
            [
              0.47959156861419877,
              0.4375665699838174
            ],
            [
              0.4872444902377877,
              0.42594312591194755
            ],
            [
              0.4948690189675241,
              0.41429600011294093
            ],
            [
              0.5024663503597548,
              0.40262901532037665
            ],
            [
              0.5100379950480926,
              0.39094601621174296
            ],
            [
              0.5175857448535491,
              0.3792507867793095
            ],
            [
              0.5251116357088121,
              0.3675469762102983
            ],
            [
              0.5233728045773499,
              0.35397149550232104
            ],
            [
              0.5216355924083592,
              0.34037724594939905
            ],
            [
              0.5198989556757723,
              0.32676309473954124
            ],
            [
              0.5181617773746067,
              0.3131281120383362
            ],
            [
              0.5164228706237016,
              0.29947157146620546
            ],
            [
              0.514680983937039,
              0.2857929492011646
            ],
            [
              0.5129348081762946,
              0.2720919220460483
            ],
            [
              0.5111829851653124,
              0.2583683647429596
            ],
            [
              0.5094241179165413,
              0.2446223467501009
            ],
            [
              0.5076567823900594,
              0.2308541286205385
            ],
            [
              0.5058795406773932,
              0.21706415804255982
            ],
            [
              0.5040909554746643,
              0.2032530655209781
            ],
            [
              0.5022896056822994,
              0.18942165960192572
            ],
            [
              0.500474102941433,
              0.17557092147418915
            ],
            [
              0.4986431088900284,
              0.16170199872153748
            ],
            [
              0.4967953528947563,
              0.1478161979560432
            ],
            [
              0.49492964998805944,
              0.13391497603480368
            ],
            [
              0.4930449187142218,
              0.11999992955390942
            ],
            [
              0.480245695068583,
              0.11692772569400933
            ],
            [
              0.4673941657712409,
              0.11382940806559674
            ],
            [
              0.4544776982905325,
              0.11070287249832207
            ],
            [
              0.44148471368162395,
              0.10754642908504625
            ],
            [
              0.4284049931259813,
              0.10435885442583653
            ],
            [
              0.41522995185344097,
              0.10113943372682693
            ],
            [
              0.4019528714619576,
              0.09788799107579535
            ],
            [
              0.38856908292492226,
              0.09460490656850487
            ],
            [
              0.3783467861252455,
              0.1026135022253119
            ],
            [
              0.3680808226358978,
              0.1106410329478555
            ],
            [
              0.3577688620543338,
              0.11868618779845676
            ],
            [
              0.3474089142138845,
              0.1267472497846604
            ],
            [
              0.33699935042987483,
              0.13482208316128033
            ],
            [
              0.3265389273119281,
              0.14290812195309593
            ],
            [
              0.31602681339365474,
              0.1510023609552143
            ],
            [
              0.3054626184251547,
              0.1591013507438134
            ],
            [
              0.294846424728386,
              0.1672011984217693
            ],
            [
              0.2841788195539242,
              0.17529757590982836
            ],
            [
              0.2734609269277744,
              0.18338573755775495
            ],
            [
              0.26269443707015083,
              0.19146054868141638
            ],
            [
              0.25965614874045984,
              0.20535166880438507
            ],
            [
              0.2565862094686646,
              0.21922354906391106
            ],
            [
              0.25348433525638153,
              0.23306791727307452
            ],
            [
              0.25035054025488446,
              0.24687641360657578
            ],
            [
              0.2471851347032299,
              0.26064072593514565
            ],
            [
              0.243988718126986,
              0.2743527338213622
            ],
            [
              0.24076216803207628,
              0.28800465855624685
            ],
            [
              0.2375066243960952,
              0.30158921622114265
            ],
            [
              0.23422347032019936,
              0.3150997704257304
            ],
            [
              0.23091430925726875,
              0.32853048111853256
            ],
            [
              0.2275809392753928,
              0.34187644570592424
            ],
            [
              0.22422532484930224,
              0.355133828661137
            ],
            [
              0.22084956669627823,
              0.368299975863884
            ],
            [
              0.2174558701882627,
              0.38137351008798404
            ],
            [
              0.2140465128799178,
              0.39435440434869456
            ],
            [
              0.21062381169513517,
              0.4072440302294419
            ],
            [
              0.20719009031385047,
              0.42004517882148756
            ],
            [
              0.2037476472984103,
              0.4327620525184846
            ]
          ]
        ]
      }
    },
    {
      "type": "Feature",
      "properties": {
        "cell_id": "GAB",
        "method": "GeoDisk",
        "view": "disk"
      },
      "geometry": {
        "type": "Polygon",
        "coordinates": [
          [
            [
              -0.6481777086177755,
              0.03444326674518867
            ],
            [
              -0.647922009134599,
              0.03433385719547525
            ],
            [
              -0.6467806760856656,
              0.020702871741917806
            ],
            [
              -0.6456112855035973,
              0.007076872760949507
            ],
            [
              -0.6444119452728513,
              -0.006543028440743212
            ],
            [
              -0.6431809743751647,
              -0.020155606684934588
            ],
            [
              -0.6419169435749692,
              -0.033759548420009784
            ],
            [
              -0.6406187131315803,
              -0.047353482798109844
            ],
            [
              -0.6392854665451605,
              -0.0609360177362253
            ],
            [
              -0.6379167394136472,
              -0.07450578017155408
            ],
            [
              -0.6365124425736169,
              -0.08806145954361941
            ],
            [
              -0.6350728788171339,
              -0.10160185338090377
            ],
            [
              -0.6335987526160493,
              -0.11512591374377784
            ],
            [
              -0.6320911724414839,
              -0.12863279318314735
            ],
            [
              -0.630551645435421,
              -0.1421218888194062
            ],
            [
              -0.6289820643691844,
              -0.1555928831317518
            ],
            [
              -0.6273846870056454,
              -0.16904578007533055
            ],
            [
              -0.6257621081637307,
              -0.18248093521339434
            ],
            [
              -0.624117224960668,
              -0.19589907866282194
            ],
            [
              -0.6224531958750114,
              -0.2093013298018749
            ],
            [
              -0.6207733944275983,
              -0.22268920287572033
            ],
            [
              -0.619081358414308,
              -0.236064602853695
            ],
            [
              -0.6173807357402055,
              -0.24942981113727175
            ],
            [
              -0.6156752279962071,
              -0.26278746098309064
            ],
            [
              -0.6139685329840991,
              -0.2761405027844397
            ],
            [
              -0.6122642874313948,
              -0.289492159639904
            ],
            [
              -0.6105660111425955,
              -0.3028458739218327
            ],
            [
              -0.6088770538070075,
              -0.31620524583194504
            ],
            [
              -0.6072005456252513,
              -0.32957396518888854
            ],
            [
              -0.6055393528276051,
              -0.3429557379251845
            ],
            [
              -0.6038960390389427,
              -0.35635420897137055
            ],
            [
              -0.6022728332996471,
              -0.36977288336654934
            ],
            [
              -0.6006716053829171,
              -0.38321504755094193
            ],
            [
              -0.5990938488606067,
              -0.3966836928624578
            ],
            [
              -0.5975406721672171,
              -0.41018144327191336
            ],
            [
              -0.6046182379434597,
              -0.42181654877987496
            ],
            [
              -0.6116978622305126,
              -0.4334823356270232
            ],
            [
              -0.618782608653159,
              -0.4451779148189611
            ],
            [
              -0.6258755266147298,
              -0.45690184164744524
            ],
            [
              -0.6329795448715618,
              -0.4686521058049802
            ],
            [
              -0.6400973638400925,
              -0.48042613351351554
            ],
            [
              -0.6472313504468267,
              -0.4922208028064705
            ],
            [
              -0.6543834393546745,
              -0.5040324727764071
            ],
            [
              -0.6615550442908534,
              -0.5158570272116215
            ],
            [
              -0.6687469829628795,
              -0.5276899326038623
            ],
            [
              -0.6759594186851886,
              -0.5395263100300771
            ],
            [
              -0.6831918213582503,
              -0.5513610199106629
            ],
            [
              -0.690442949856888,
              -0.5631887581451451
            ],
            [
              -0.6977108572105348,
              -0.5750041616454401
            ],
            [
              -0.7070874550668607,
              -0.5852376449648096
            ],
            [
              -0.7164738174715769,
              -0.5954435583453102
            ],
            [
              -0.7258662222786254,
              -0.6056171908090453
            ],
            [
              -0.7352603558160364,
              -0.6157543077657596
            ],
            [
              -0.7446514605317823,
              -0.6258512658059415
            ],
            [
              -0.7540345033475843,
              -0.6359051157703584
            ],
            [
              -0.7634043585021871,
              -0.6459136904287743
            ],
            [
              -0.7677945237095118,
              -0.640696159939861
            ],
            [
              -0.7730104533627365,
              -0.6343932841636457
            ],
            [
              -0.7781746437525976,
              -0.6280479470713343
            ],
            [
              -0.7832867492286502,
              -0.6216605733700776
            ],
            [
              -0.7883464276266062,
              -0.6152315905806269
            ],
            [
              -0.793353340291235,
              -0.6087614290087209
            ],
            [
              -0.7983071520990312,
              -0.6022505217162823
            ],
            [
              -0.8032075314806448,
              -0.5956993044924335
            ],
            [
              -0.8080541504430728,
              -0.5891082158243284
            ],
            [
              -0.812846684591615,
              -0.582477696867802
            ],
            [
              -0.8175848131515836,
              -0.5758081914178454
            ],
            [
              -0.8222682189897749,
              -0.5691001458788986
            ],
            [
              -0.8268965886356962,
              -0.5623540092349733
            ],
            [
              -0.8314696123025449,
              -0.5555702330196024
            ],
            [
              -0.8359869839079465,
              -0.5487492712856163
            ],
            [
              -0.8404484010944379,
              -0.541891580574752
            ],
            [
              -0.8448535652497069,
              -0.5349976198870976
            ],
            [
              -0.8492021815265787,
              -0.528067850650368
            ],
            [
              -0.8534939588627501,
              -0.5211027366890235
            ],
            [
              -0.8577286100002717,
              -0.514102744193222
            ],
            [
              -0.8619058515047742,
              -0.5070683416876173
            ],
            [
              -0.8660254037844385,
              -0.5000000000000003
            ],
            [
              -0.8700869911087113,
              -0.49289819222978415
            ],
            [
              -0.8740903416267587,
              -0.4857633937163403
            ],
            [
              -0.8780351873856626,
              -0.47859608200718123
            ],
            [
              -0.8819212643483549,
              -0.47139673682599786
            ],
            [
              -0.8857483124112904,
              -0.4641658400405519
            ],
            [
              -0.8895160754218558,
              -0.45690387563042073
            ],
            [
              -0.8932243011955152,
              -0.4496113296546069
            ],
            [
              -0.8968727415326881,
              -0.4422886902190017
            ],
            [
              -0.9004611522353634,
              -0.43493644744371723
            ],
            [
              -0.903989293123443,
              -0.42755509343028236
            ],
            [
              -0.9074569280508185,
              -0.4201451222287025
            ],
            [
              -0.9108638249211757,
              -0.412707029804395
            ],
            [
              -0.9142097557035305,
              -0.4052413140049903
            ],
            [
              -0.9174944964474913,
              -0.39774847452701123
            ],
            [
              -0.9207178272982475,
              -0.3902290128824284
            ],
            [
              -0.9238795325112867,
              -0.3826834323650899
            ],
            [
              -0.9269794004668327,
              -0.3751122380170382
            ],
            [
              -0.930017223684012,
              -0.367515936594704
            ],
            [
              -0.9329927988347388,
              -0.35989503653498833
            ],
            [
              -0.9359059267573254,
              -0.3522500479212338
            ],
            [
              -0.938756412469813,
              -0.3445814824490805
            ],
            [
              -0.9415440651830207,
              -0.33688985339222033
            ],
            [
              -0.9442686983133164,
              -0.32917567556803934
            ],
            [
              -0.9469301294951056,
              -0.32143946530316175
            ],
            [
              -0.9495281805930366,
              -0.3136817403988918
            ],
            [
              -0.9520626777139243,
              -0.30590302009655357
            ],
            [
              -0.9545334512183884,
              -0.2981038250427401
            ],
            [
              -0.9569403357322087,
              -0.2902846772544628
            ],
            [
              -0.9592831701573936,
              -0.28244610008421267
            ],
            [
              -0.9615617976829619,
              -0.2745886181849327
            ],
            [
              -0.9637760657954397,
              -0.2667127574748989
            ],
            [
              -0.9659258262890682,
              -0.258819045102521
            ],
            [
              -0.9680109352757225,
              -0.2509080094110604
            ],
            [
              -0.970031253194544,
              -0.24298017990326407
            ],
            [
              -0.9719866448212794,
              -0.23503608720592703
            ],
            [
              -0.9738769792773335,
              -0.22707626303437373
            ],
            [
              -0.9757021300385285,
              -0.21910124015687005
            ],
            [
              -0.9774619749435718,
              -0.2111115523589656
            ],
            [
              -0.9791563962022337,
              -0.20310773440776303
            ],
            [
              -0.9807852804032304,
              -0.1950903220161286
            ],
            [
              -0.9823485185218156,
              -0.1870598518068325
            ],
            [
              -0.9838460059270774,
              -0.1790168612766329
            ],
            [
              -0.9842138477349575,
              -0.1769472327746902
            ],
            [
              -0.9726853341093114,
              -0.1698542584460189
            ],
            [
              -0.9611886964534221,
              -0.1627657006122461
            ],
            [
              -0.949729833451123,
              -0.15568120044221695
            ],
            [
              -0.9383136387739587,
              -0.14860051443112196
            ],
            [
              -0.9269438493266969,
              -0.1415234961119402
            ],
            [
              -0.9156229308853355,
              -0.13445007630490596
            ],
            [
              -0.9043520045381566,
              -0.12738024300696785
            ],
            [
              -0.8931308158291488,
              -0.1203140218671778
            ],
            [
              -0.8819577469410727,
              -0.11325145800055225
            ],
            [
              -0.8708298707033997,
              -0.10619259968062199
            ],
            [
              -0.8597430437282125,
              -0.09913748423807776
            ],
            [
              -0.8486920346214666,
              -0.0920861262961864
            ],
            [
              -0.8376706820388606,
              -0.08503850830674645
            ],
            [
              -0.8266720763984766,
              -0.07799457322272985
            ],
            [
              -0.8156887583607038,
              -0.07095421906069282
            ],
            [
              -0.8047129267633986,
              -0.06391729506813057
            ],
            [
              -0.7937366485690249,
              -0.056883599214999955
            ],
            [
              -0.7827520635407783,
              -0.04985287676820697
            ],
            [
              -0.7717515768047493,
              -0.042824819774248374
            ],
            [
              -0.7607280331519133,
              -0.03579906735878643
            ],
            [
              -0.7496748678538095,
              -0.02877520684273752
            ],
            [
              -0.7385862298671303,
              -0.021752775763306156
            ],
            [
              -0.727457074536173,
              -0.014731264967329
            ],
            [
              -0.7162832242146971,
              -0.0077101230068594645
            ],
            [
              -0.7050613965643441,
              -0.0006887621083242987
            ],
            [
              -0.6937892015897845,
              0.00633343399650421
            ],
            [
              -0.6824651096879332,
              0.013357100099091274
            ],
            [
              -0.6710883940714583,
              0.02038287716085712
            ],
            [
              -0.6596590518335405,
              0.02741139740156772
            ],
            [
              -0.6481777086177755,
              0.03444326674518867
            ]
          ]
        ]
      }
    },
    {
      "type": "Feature",
      "properties": {
        "cell_id": "GHA",
        "method": "GeoDisk",
        "view": "disk"
      },
      "geometry": {
        "type": "Polygon",
        "coordinates": [
          [
            [
              -0.8563043379091995,
              0.19083701429572691
            ],
            [
              -0.8551774245321941,
              0.18072867312460597
            ],
            [
              -0.8540514272126858,
              0.17061914961510918
            ],
            [
              -0.866512048146523,
              0.17320987363815796
            ],
            [
              -0.8790081537395819,
              0.17579444392094978
            ],
            [
              -0.8915434495894337,
              0.17837424676110533
            ],
            [
              -0.9041208568755865,
              0.18095064779494804
            ],
            [
              -0.9167424425542426,
              0.18352492209057028
            ],
            [
              -0.9294093649417665,
              0.18609818840374776
            ],
            [
              -0.9421218362416591,
              0.18867135016465864
            ],
            [
              -0.9548791032400905,
              0.1912450455577134
            ],
            [
              -0.9676794470276507,
              0.19381960876991597
            ],
            [
              -0.9805202022080248,
              0.19639504412199246
            ],
            [
              -0.9791563962022338,
              0.20310773440776217
            ],
            [
              -0.977461974943572,
              0.21111155235896473
            ],
            [
              -0.9759497557613779,
              0.2179770205187228
            ],
            [
              -0.9624682364277274,
              0.21496194288098402
            ],
            [
              -0.9490310225252079,
              0.21194833093132343
            ],
            [
              -0.9356408879456236,
              0.20893602591127527
            ],
            [
              -0.9222995035397131,
              0.2059244783502766
            ],
            [
              -0.9090074148560642,
              0.20291278052257858
            ],
            [
              -0.8957640444744024,
              0.19989971670701034
            ],
            [
              -0.8825677183991619,
              0.19688382884183786
            ],
            [
              -0.8694157154293615,
              0.19386349458130894
            ],
            [
              -0.8563043379091995,
              0.19083701429572691
            ]
          ]
        ]
      }
    },
    {
      "type": "Feature",
      "properties": {
        "cell_id": "GIN",
        "method": "GeoDisk",
        "view": "disk"
      },
      "geometry": {
        "type": "Polygon",
        "coordinates": [
          [
            [
              -0.8568986459480218,
              0.20114991808088553
            ],
            [
              -0.8563043379091996,
              0.19083701429572694
            ],
            [
              -0.8694157154293615,
              0.19386349458130894
            ],
            [
              -0.882567718399162,
              0.1968838288418379
            ],
            [
              -0.8957640444744024,
              0.19989971670701034
            ],
            [
              -0.9090074148560643,
              0.2029127805225786
            ],
            [
              -0.9222995035397131,
              0.2059244783502766
            ],
            [
              -0.9356408879456237,
              0.20893602591127527
            ],
            [
              -0.9490310225252079,
              0.21194833093132343
            ],
            [
              -0.9624682364277275,
              0.21496194288098405
            ],
            [
              -0.9759497557613779,
              0.2179770205187228
            ],
            [
              -0.9757021300385287,
              0.2191012401568692
            ],
            [
              -0.9738769792773336,
              0.2270762630343728
            ],
            [
              -0.9734284328225051,
              0.2289650033748712
            ],
            [
              -0.9603042928306482,
              0.22587414026570696
            ],
            [
              -0.9472218295447473,
              0.2227848971335122
            ],
            [
              -0.9341835406753193,
              0.21969707846771422
            ],
            [
              -0.9211909584755578,
              0.21661014175978333
            ],
            [
              -0.9082446279695078,
              0.21352322342964627
            ],
            [
              -0.8953441055278165,
              0.21043518039452905
            ],
            [
              -0.8824879775003794,
              0.20734464539098052
            ],
            [
              -0.8696738981786726,
              0.20425009364693128
            ],
            [
              -0.8568986459480218,
              0.20114991808088553
            ]
          ]
        ]
      }
    },
    {
      "type": "Feature",
      "properties": {
        "cell_id": "GMB",
        "method": "GeoDisk",
        "view": "disk"
      },
      "geometry": {
        "type": "Polygon",
        "coordinates": [
          [
            [
              -0.8466863784314437,
              0.24543591044524285
            ],
            [
              -0.8510004783734998,
              0.2330113400739257
            ],
            [
              -0.8553078918465585,
              0.22058594777262364
            ],
            [
              -0.8676920385648136,
              0.2238797621075876
            ],
            [
              -0.8801125613432588,
              0.22716841676919722
            ],
            [
              -0.8925721694043368,
              0.23045343806333402
            ],
            [
              -0.9050728119488156,
              0.2337362691899857
            ],
            [
              -0.9176156381782831,
              0.2370182076031501
            ],
            [
              -0.9302009722072566,
              0.24030035055982682
            ],
            [
              -0.9428283035077794,
              0.24358355104229065
            ],
            [
              -0.9554962932110445,
              0.24686838585138446
            ],
            [
              -0.9682027962632603,
              0.2501551372133912
            ],
            [
              -0.9680109352757228,
              0.25090800941105956
            ],
            [
              -0.9659258262890684,
              0.25881904510252013
            ],
            [
              -0.96377606579544,
              0.26671275747489803
            ],
            [
              -0.961561797682962,
              0.2745886181849318
            ],
            [
              -0.9603186466459468,
              0.2788754253603658
            ],
            [
              -0.9475322198940922,
              0.2751582436890886
            ],
            [
              -0.9347840647309986,
              0.27144348227783355
            ],
            [
              -0.9220761720823991,
              0.2677306679771317
            ],
            [
              -0.9094097610069521,
              0.26401904716311403
            ],
            [
              -0.8967852510196828,
              0.2603076007678463
            ],
            [
              -0.8842022497849329,
              0.2565950739454901
            ],
            [
              -0.8716595565147478,
              0.2528800191737908
            ],
            [
              -0.8591551810713275,
              0.24916085103602015
            ],
            [
              -0.8466863784314437,
              0.24543591044524285
            ]
          ]
        ]
      }
    },
    {
      "type": "Feature",
      "properties": {
        "cell_id": "GNB",
        "method": "GeoDisk",
        "view": "disk"
      },
      "geometry": {
        "type": "Polygon",
        "coordinates": [
          [
            [
              -0.8553078918465586,
              0.22058594777262366
            ],
            [
              -0.8561040374020624,
              0.21086824168287488
            ],
            [
              -0.8568986459480218,
              0.20114991808088553
            ],
            [
              -0.8696738981786725,
              0.20425009364693125
            ],
            [
              -0.8824879775003793,
              0.2073446453909805
            ],
            [
              -0.8953441055278163,
              0.21043518039452944
            ],
            [
              -0.9082446279695078,
              0.21352322342964627
            ],
            [
              -0.9211909584755577,
              0.2166101417597833
            ],
            [
              -0.9341835406753192,
              0.2196970784677142
            ],
            [
              -0.9472218295447472,
              0.22278489713351218
            ],
            [
              -0.9603042928306481,
              0.22587414026570693
            ],
            [
              -0.973428432822505,
              0.22896500337487116
            ],
            [
              -0.9719866448212796,
              0.23503608720592617
            ],
            [
              -0.9700312531945441,
              0.24298017990326318
            ],
            [
              -0.9682027962632603,
              0.2501551372133912
            ],
            [
              -0.9554962932110445,
              0.24686838585138446
            ],
            [
              -0.9428283035077794,
              0.24358355104229065
            ],
            [
              -0.9302009722072566,
              0.24030035055982682
            ],
            [
              -0.9176156381782832,
              0.23701820760315012
            ],
            [
              -0.9050728119488157,
              0.23373626918998572
            ],
            [
              -0.8925721694043369,
              0.23045343806333404
            ],
            [
              -0.880112561343259,
              0.22716841676919727
            ],
            [
              -0.8676920385648137,
              0.22387976210758762
            ],
            [
              -0.8553078918465586,
              0.22058594777262366
            ]
          ]
        ]
      }
    },
    {
      "type": "Feature",
      "properties": {
        "cell_id": "GNQ",
        "method": "GeoDisk",
        "view": "disk"
      },
      "geometry": {
        "type": "Polygon",
        "coordinates": [
          [
            [
              -0.9177119220608143,
              0.06142115289464763
            ],
            [
              -0.9044692474514172,
              0.06050021883619232
            ],
            [
              -0.8912789144909105,
              0.05957506151399559
            ],
            [
              -0.8781372060308973,
              0.058644743357581734
            ],
            [
              -0.8650392187547122,
              0.05770833288010206
            ],
            [
              -0.8519790037504728,
              0.05676497487832175
            ],
            [
              -0.8389497269988728,
              0.055813955612865805
            ],
            [
              -0.8259438450404237,
              0.054854760631149455
            ],
            [
              -0.8129532908655841,
              0.05388712319303614
            ],
            [
              -0.7999696649944938,
              0.05291106161599932
            ],
            [
              -0.7869844267782531,
              0.05192690426390025
            ],
            [
              -0.7739890811543939,
              0.05093530135090977
            ],
            [
              -0.7609753564153282,
              0.049937223207332994
            ],
            [
              -0.747935368986824,
              0.04893394514277049
            ],
            [
              -0.7348617717478486,
              0.04792701952822283
            ],
            [
              -0.7217478830349109,
              0.04691823618522519
            ],
            [
              -0.7085877941429409,
              0.045909572599271815
            ],
            [
              -0.6953764538390307,
              0.044903135849464954
            ],
            [
              -0.6821097291225232,
              0.04390109845067288
            ],
            [
              -0.6687844421724191,
              0.042905630525206816
            ],
            [
              -0.6553983840988713,
              0.04191883084805817
            ],
            [
              -0.6481777086177755,
              0.03444326674518867
            ],
            [
              -0.6596590518335405,
              0.02741139740156772
            ],
            [
              -0.6710883940714583,
              0.02038287716085712
            ],
            [
              -0.6824651096879332,
              0.013357100099091274
            ],
            [
              -0.6937892015897845,
              0.00633343399650421
            ],
            [
              -0.7050613965643441,
              -0.0006887621083239856
            ],
            [
              -0.7162832242146971,
              -0.0077101230068594645
            ],
            [
              -0.7274570745361731,
              -0.01473126496732868
            ],
            [
              -0.7385862298671302,
              -0.021752775763306153
            ],
            [
              -0.7496748678538095,
              -0.02877520684273752
            ],
            [
              -0.7607280331519133,
              -0.03579906735878643
            ],
            [
              -0.7717515768047492,
              -0.04282481977424803
            ],
            [
              -0.7827520635407783,
              -0.04985287676820697
            ],
            [
              -0.7937366485690249,
              -0.056883599214999955
            ],
            [
              -0.8047129267633986,
              -0.06391729506813057
            ],
            [
              -0.8156887583607038,
              -0.07095421906069282
            ],
            [
              -0.8266720763984766,
              -0.07799457322272985
            ],
            [
              -0.8376706820388606,
              -0.08503850830674645
            ],
            [
              -0.8486920346214666,
              -0.0920861262961864
            ],
            [
              -0.8597430437282125,
              -0.09913748423807776
            ],
            [
              -0.8708298707033998,
              -0.1061925996806216
            ],
            [
              -0.8819577469410727,
              -0.11325145800055225
            ],
            [
              -0.8931308158291487,
              -0.12031402186717778
            ],
            [
              -0.9043520045381567,
              -0.12738024300696746
            ],
            [
              -0.9156229308853355,
              -0.13445007630490596
            ],
            [
              -0.9269438493266969,
              -0.1415234961119402
            ],
            [
              -0.9383136387739587,
              -0.14860051443112196
            ],
            [
              -0.949729833451123,
              -0.15568120044221695
            ],
            [
              -0.9611886964534221,
              -0.1627657006122461
            ],
            [
              -0.9726853341093114,
              -0.1698542584460189
            ],
            [
              -0.9842138477349575,
              -0.1769472327746902
            ],
            [
              -0.9852776423889412,
              -0.17096188876030163
            ],
            [
              -0.986643332084879,
              -0.1628954733945889
            ],
            [
              -0.9879429836063222,
              -0.15481815508214133
            ],
            [
              -0.9891765099647809,
              -0.14673047445536225
            ],
            [
              -0.9903438285976648,
              -0.1386329728402269
            ],
            [
              -0.9914448613738104,
              -0.130526192220052
            ],
            [
              -0.99247953459871,
              -0.12241067519921635
            ],
            [
              -0.9934477790194444,
              -0.11428696496684672
            ],
            [
              -0.994349529829318,
              -0.10615560526045797
            ],
            [
              -0.9951847266721967,
              -0.09801714032956081
            ],
            [
              -0.9959533136465477,
              -0.08987211489923537
            ],
            [
              -0.9966552393091803,
              -0.08172107413366836
            ],
            [
              -0.9972904566786902,
              -0.07356456359966773
            ],
            [
              -0.9978589232386035,
              -0.06540312923014356
            ],
            [
              -0.9983606009402225,
              -0.05723731728756885
            ],
            [
              -0.9987954562051724,
              -0.04906767432741841
            ],
            [
              -0.9991634599276488,
              -0.04089474716158358
            ],
            [
              -0.9994645874763657,
              -0.03271908282177645
            ],
            [
              -0.9996988186962042,
              -0.02454122852291277
            ],
            [
              -0.9998661379095618,
              -0.016361731626486995
            ],
            [
              -0.9999665339174011,
              -0.00818113960393752
            ],
            [
              -1.0,
              -1.2246467991473532e-16
            ],
            [
              -0.9999665339174011,
              0.008181139603936632
            ],
            [
              -0.9998661379095618,
              0.016361731626486107
            ],
            [
              -0.9998471819164572,
              0.017288406413064318
            ],
            [
              -0.9880044765895921,
              0.02359728880960062
            ],
            [
              -0.9761946327994105,
              0.029903848023652684
            ],
            [
              -0.9644208959756269,
              0.03620883000233037
            ],
            [
              -0.9526853679860011,
              0.04251278516734452
            ],
            [
              -0.9409889966791696,
              0.04881607161756321
            ],
            [
              -0.9293315999713399,
              0.05511886185681928
            ],
            [
              -0.9177119220608143,
              0.06142115289464763
            ]
          ]
        ]
      }
    },
    {
      "type": "Feature",
      "properties": {
        "cell_id": "KEN",
        "method": "GeoDisk",
        "view": "disk"
      },
      "geometry": {
        "type": "Polygon",
        "coordinates": [
          [
            [
              0.3718920197584971,
              -0.32166408234758237
            ],
            [
              0.3687427224302712,
              -0.30810242602489696
            ],
            [
              0.36560911704595783,
              -0.29456340106850953
            ],
            [
              0.3624916394546166,
              -0.28104529596349126
            ],
            [
              0.35939057177675227,
              -0.26754592449223313
            ],
            [
              0.3563060489994479,
              -0.25406268058752773
            ],
            [
              0.3532380675041194,
              -0.24059259640761224
            ],
            [
              0.3501864946943086,
              -0.22713240169982737
            ],
            [
              0.347151078867864,
              -0.21367858277343885
            ],
            [
              0.3441314585013863,
              -0.2002274397170663
            ],
            [
              0.3411271701849047,
              -0.18677514085379704
            ],
            [
              0.33813765455930145,
              -0.1733177738075494
            ],
            [
              0.33516225976385267,
              -0.15985139293692224
            ],
            [
              0.33798907357740277,
              -0.14672557543807233
            ],
            [
              0.340830239168771,
              -0.1335745414532968
            ],
            [
              0.34368348907122404,
              -0.1203954450106585
            ],
            [
              0.3465463044615042,
              -0.107185903296733
            ],
            [
              0.34941594468229087,
              -0.09394403743470782
            ],
            [
              0.3522894809889778,
              -0.08066850362750652
            ],
            [
              0.35516383371298776,
              -0.06735851423431678
            ],
            [
              0.35803581195562784,
              -0.05401384859021651
            ],
            [
              0.3609021548846301,
              -0.040634853624511004
            ],
            [
              0.363759573702245,
              -0.0272224345743599
            ],
            [
              0.3666047933883928,
              -0.013778036316311963
            ],
            [
              0.3694345933913542,
              -0.00030361603998847243
            ],
            [
              0.3722458465355444,
              0.013198391842784154
            ],
            [
              0.3750355555328448,
              0.026725117529629253
            ],
            [
              0.377800886611482,
              0.04027330328786452
            ],
            [
              0.38053919990519613,
              0.053839355385368694
            ],
            [
              0.38324807636704467,
              0.06741939932900085
            ],
            [
              0.3859253410798941,
              0.08100933727884382
            ],
            [
              0.38856908292492237,
              0.09460490656850488
            ],
            [
              0.40195287146195763,
              0.09788799107579536
            ],
            [
              0.415229951853441,
              0.10113943372682692
            ],
            [
              0.42840499312598135,
              0.1043588544258365
            ],
            [
              0.44148471368162406,
              0.10754642908504625
            ],
            [
              0.45447769829053253,
              0.11070287249832206
            ],
            [
              0.4673941657712409,
              0.11382940806559673
            ],
            [
              0.48024569506858306,
              0.1169277256940093
            ],
            [
              0.4930449187142218,
              0.11999992955390941
            ],
            [
              0.5050379001954901,
              0.11607612169292858
            ],
            [
              0.5170209342960133,
              0.11216042678126122
            ],
            [
              0.5290025230228653,
              0.1082526516373021
            ],
            [
              0.5409909785172996,
              0.10435240834768988
            ],
            [
              0.5529942973480543,
              0.10045914230329851
            ],
            [
              0.56502004057818,
              0.09657216520335903
            ],
            [
              0.5770752218279417,
              0.09269069247202337
            ],
            [
              0.5891662054643805,
              0.08881388428744413
            ],
            [
              0.5975157139806779,
              0.07776277317900897
            ],
            [
              0.6058936942795421,
              0.06671944365355977
            ],
            [
              0.6143022396333145,
              0.05568131208848531
            ],
            [
              0.6227430783895147,
              0.04464585541403777
            ],
            [
              0.6312175353022331,
              0.0336106805394529
            ],
            [
              0.6397264956568778,
              0.022573594124354727
            ],
            [
              0.648270374177881,
              0.011532670900280248
            ],
            [
              0.6568490907445054,
              0.0004863184183688793
            ],
            [
              0.6654620548602365,
              -0.01056666415510443
            ],
            [
              0.6741081606262662,
              -0.02162703572765008
            ],
            [
              0.6827857936654717,
              -0.0326950740178916
            ],
            [
              0.6914928510425665,
              -0.04377054979820683
            ],
            [
              0.7002267747467731,
              -0.054852716844336034
            ],
            [
              0.708984598768123,
              -0.06594031938861762
            ],
            [
              0.7177630092333372,
              -0.07703161832593511
            ],
            [
              0.7265584164999792,
              -0.08812443674744427
            ],
            [
              0.7353670375662523,
              -0.09921622460160653
            ],
            [
              0.7441849866649388,
              -0.11030414143786642
            ],
            [
              0.7530083714971759,
              -0.12138515531497483
            ],
            [
              0.7618333922444027,
              -0.1324561550976784
            ],
            [
              0.7706564402891525,
              -0.1435140725687992
            ],
            [
              0.7794741934860562,
              -0.15455601009482148
            ],
            [
              0.7882837048564214,
              -0.16557936904497947
            ],
            [
              0.7970824817306147,
              -0.17658197381356797
            ],
            [
              0.8058685526249996,
              -0.18756218616137116
            ],
            [
              0.8146405195032005,
              -0.19851900469284872
            ],
            [
              0.8233975935207464,
              -0.2094521446272813
            ],
            [
              0.8321396128712624,
              -0.22036209359822498
            ],
            [
              0.8408670419234019,
              -0.23125014000779937
            ],
            [
              0.8495809514418305,
              -0.24211837144061318
            ],
            [
              0.8582829803033576,
              -0.2529696417669322
            ],
            [
              0.866975279731033,
              -0.2638075067888762
            ],
            [
              0.875660441654773,
              -0.2746361295550052
            ],
            [
              0.884341413346857,
              -0.28546015773333405
            ],
            [
              0.8930214009549142,
              -0.2962845766368112
            ],
            [
              0.9017037649449381,
              -0.30711454258765986
            ],
            [
              0.9103919107553142,
              -0.3179552022417024
            ],
            [
              0.9190891781352379,
              -0.32881150423141875
            ],
            [
              0.9277987326864479,
              -0.339688009995317
            ],
            [
              0.9365234630400314,
              -0.3505887109179934
            ],
            [
              0.9359059267573258,
              -0.3522500479212335
            ],
            [
              0.932992798834739,
              -0.3598950365349881
            ],
            [
              0.9300172236840122,
              -0.36751593659470344
            ],
            [
              0.9269794004668328,
              -0.37511223801703797
            ],
            [
              0.9238795325112867,
              -0.38268343236508984
            ],
            [
              0.9207178272982477,
              -0.390229012882428
            ],
            [
              0.9174944964474914,
              -0.397748474527011
            ],
            [
              0.9142097557035307,
              -0.4052413140049898
            ],
            [
              0.9108638249211757,
              -0.4127070298043946
            ],
            [
              0.9074569280508187,
              -0.4201451222287024
            ],
            [
              0.9039892931234432,
              -0.427555093430282
            ],
            [
              0.9004611522353635,
              -0.434936447443717
            ],
            [
              0.8968727415326884,
              -0.44228869021900125
            ],
            [
              0.8932243011955153,
              -0.44961132965460654
            ],
            [
              0.8895160754218561,
              -0.4569038756304206
            ],
            [
              0.8857483124112906,
              -0.4641658400405515
            ],
            [
              0.881921264348355,
              -0.4713967368259976
            ],
            [
              0.8780351873856628,
              -0.4785960820071808
            ],
            [
              0.8740903416267589,
              -0.48576339371634003
            ],
            [
              0.8700869911087113,
              -0.49289819222978387
            ],
            [
              0.8660254037844387,
              -0.49999999999999994
            ],
            [
              0.8619058515047742,
              -0.5070683416876169
            ],
            [
              0.8577286100002721,
              -0.5141027441932217
            ],
            [
              0.8534939588627505,
              -0.5211027366890234
            ],
            [
              0.849202181526579,
              -0.5280678506503679
            ],
            [
              0.8448535652497071,
              -0.5349976198870972
            ],
            [
              0.8429422629152398,
              -0.5379887554675522
            ],
            [
              0.83052684597024,
              -0.5323385126893734
            ],
            [
              0.8181572502053307,
              -0.5267210456584737
            ],
            [
              0.8058317358934888,
              -0.5211346543264753
            ],
            [
              0.7935476153355766,
              -0.5155766171058149
            ],
            [
              0.7813013183189117,
              -0.510043291869709
            ],
            [
              0.7690884786031575,
              -0.5045302457825893
            ],
            [
              0.7569040394395881,
              -0.49903240914637187
            ],
            [
              0.744742375553971,
              -0.49354424769358646
            ],
            [
              0.7325974285212886,
              -0.488059947204032
            ],
            [
              0.7204628520495411,
              -0.48257360398502436
            ],
            [
              0.7083321633827752,
              -0.4770794146476853
            ],
            [
              0.6961988968386336,
              -0.47157185873717505
            ],
            [
              0.6840567554173255,
              -0.4660458681294182
            ],
            [
              0.6718997564575528,
              -0.4604969776785371
            ],
            [
              0.6597223674681179,
              -0.45492145236708287
            ],
            [
              0.6475196285268474,
              -0.449316387146158
            ],
            [
              0.6352872580042772,
              -0.44367977671795983
            ],
            [
              0.6230217388297644,
              -0.438010553666141
            ],
            [
              0.6107203830621403,
              -0.43230859453220777
            ],
            [
              0.5983813731436768,
              -0.42657469461921793
            ],
            [
              0.5860037788907904,
              -0.4208105134278803
            ],
            [
              0.573587549990918,
              -0.4150184936483161
            ],
            [
              0.5611334845130028,
              -0.4092017575022929
            ],
            [
              0.5486431746771228,
              -0.403363984922498
            ],
            [
              0.5361189318427547,
              -0.3975092785437622
            ],
            [
              0.5235636933393292,
              -0.3916420207530524
            ],
            [
              0.510980914350962,
              -0.38576672809852014
            ],
            [
              0.4983744485544252,
              -0.37988790820154594
            ],
            [
              0.4857484215728655,
              -0.3740099239676789
            ],
            [
              0.47310710152898017,
              -0.368136869378735
            ],
            [
              0.4604547710471639,
              -0.36227246050095896
            ],
            [
              0.44779560495820286,
              -0.35641994459863574
            ],
            [
              0.43513355770326057,
              -0.35058202943575323
            ],
            [
              0.42247226402474686,
              -0.3447608340165328
            ],
            [
              0.4098149559859865,
              -0.3389578611927306
            ],
            [
              0.3971643987017881,
              -0.333173991781772
            ],
            [
              0.3845228464157062,
              -0.3274094991207256
            ],
            [
              0.3718920197584971,
              -0.32166408234758237
            ]
          ]
        ]
      }
    },
    {
      "type": "Feature",
      "properties": {
        "cell_id": "LBR",
        "method": "GeoDisk",
        "view": "disk"
      },
      "geometry": {
        "type": "Polygon",
        "coordinates": [
          [
            [
              -0.86015178435729,
              0.15408588917005753
            ],
            [
              -0.8562192272246102,
              0.16015444504983087
            ],
            [
              -0.8522842833873301,
              0.16622276719599335
            ],
            [
              -0.839357617528738,
              0.16357656328423995
            ],
            [
              -0.8264578849904792,
              0.16092072920322698
            ],
            [
              -0.8135787140055994,
              0.15825419212423758
            ],
            [
              -0.8007133111232201,
              0.15557618444468976
            ],
            [
              -0.7878546039180849,
              0.15288630169742745
            ],
            [
              -0.7749953849616876,
              0.15018454627796757
            ],
            [
              -0.762128453852447,
              0.14747135512511916
            ],
            [
              -0.75199871256112,
              0.1387953595971526
            ],
            [
              -0.7418598843306731,
              0.130113564278286
            ],
            [
              -0.7317070482000098,
              0.12142773460116622
            ],
            [
              -0.7215354407280795,
              0.11273983784722343
            ],
            [
              -0.7113405016965259,
              0.10405197850024617
            ],
            [
              -0.7011179118846156,
              0.09536632801974723
            ],
            [
              -0.6908636232530516,
              0.08668505239904868
            ],
            [
              -0.680573882257944,
              0.0780102409872145
            ],
            [
              -0.6702452473423405,
              0.06934383998723712
            ],
            [
              -0.6653141132948713,
              0.060197369442449154
            ],
            [
              -0.6603655500894305,
              0.05105559668158758
            ],
            [
              -0.6553983840988713,
              0.04191883084805817
            ],
            [
              -0.6687844421724191,
              0.042905630525206816
            ],
            [
              -0.6821097291225232,
              0.04390109845067288
            ],
            [
              -0.6953764538390307,
              0.044903135849464954
            ],
            [
              -0.7085877941429409,
              0.045909572599271815
            ],
            [
              -0.7217478830349109,
              0.04691823618522519
            ],
            [
              -0.7348617717478486,
              0.04792701952822283
            ],
            [
              -0.747935368986824,
              0.04893394514277049
            ],
            [
              -0.7609753564153282,
              0.049937223207332994
            ],
            [
              -0.7739890811543939,
              0.05093530135090977
            ],
            [
              -0.7869844267782531,
              0.05192690426390025
            ],
            [
              -0.7999696649944938,
              0.05291106161599932
            ],
            [
              -0.8129532908655841,
              0.05388712319303614
            ],
            [
              -0.8259438450404237,
              0.054854760631149455
            ],
            [
              -0.8389497269988728,
              0.055813955612865805
            ],
            [
              -0.8519790037504728,
              0.05676497487832175
            ],
            [
              -0.8650392187547122,
              0.05770833288010206
            ],
            [
              -0.8781372060308973,
              0.058644743357581734
            ],
            [
              -0.8912789144909105,
              0.05957506151399559
            ],
            [
              -0.9044692474514172,
              0.06050021883619232
            ],
            [
              -0.9177119220608143,
              0.06142115289464763
            ],
            [
              -0.9105148560332385,
              0.07300182797019991
            ],
            [
              -0.9033224963845233,
              0.08458350021808317
            ],
            [
              -0.8961327063441267,
              0.09616608290727248
            ],
            [
              -0.8889433703417362,
              0.10774943113662105
            ],
            [
              -0.8817524467353164,
              0.11933334714628568
            ],
            [
              -0.8745580149389434,
              0.13091758735320222
            ],
            [
              -0.8673583157997846,
              0.14250187086641725
            ],
            [
              -0.86015178435729,
              0.15408588917005753
            ]
          ]
        ]
      }
    },
    {
      "type": "Feature",
      "properties": {
        "cell_id": "LBY",
        "method": "GeoDisk",
        "view": "disk"
      },
      "geometry": {
        "type": "Polygon",
        "coordinates": [
          [
            [
              -0.36958410343341497,
              0.5255117499703774
            ],
            [
              -0.37742822973583523,
              0.5369843572592332
            ],
            [
              -0.3852533262319453,
              0.5484688370079064
            ],
            [
              -0.393056231469495,
              0.5599567288017406
            ],
            [
              -0.400834481304031,
              0.5714400734092943
            ],
            [
              -0.4085863376357933,
              0.582911566169745
            ],
            [
              -0.41631079481274896,
              0.5943646833752534
            ],
            [
              -0.42400756447976223,
              0.6057937788799196
            ],
            [
              -0.43167704033697457,
              0.617194149310737
            ],
            [
              -0.4220309047063953,
              0.6269886733630715
            ],
            [
              -0.41239558818302874,
              0.6368027565732581
            ],
            [
              -0.40277214315669324,
              0.6466369630892426
            ],
            [
              -0.3931614492878786,
              0.6564915365701368
            ],
            [
              -0.3835642069335969,
              0.6663663789788996
            ],
            [
              -0.3739809341937822,
              0.6762610381255472
            ],
            [
              -0.3644119672010951,
              0.6861747046923146
            ],
            [
              -0.3548574632111595,
              0.6961062191520561
            ],
            [
              -0.3453174060227741,
              0.7060540886493357
            ],
            [
              -0.33579161326689644,
              0.716016513564208
            ],
            [
              -0.32627974514519925,
              0.7259914231359381
            ],
            [
              -0.31678131426727935,
              0.7359765192019635
            ],
            [
              -0.30729569632204834,
              0.7459693268192596
            ],
            [
              -0.29782214141415153,
              0.7559672502923978
            ],
            [
              -0.2883597859907877,
              0.7659676329442818
            ],
            [
              -0.2789076653687278,
              0.7759678188386672
            ],
            [
              -0.2694647269374714,
              0.7859652146021693
            ],
            [
              -0.26002984415583413,
              0.7959573494988484
            ],
            [
              -0.25060183147155374,
              0.8059419319810642
            ],
            [
              -0.24117946027496623,
              0.8159169010720134
            ],
            [
              -0.23176147594926402,
              0.8258804711216948
            ],
            [
              -0.22234661600465772,
              0.8358311687105859
            ],
            [
              -0.2129336291874977,
              0.8457678607440747
            ],
            [
              -0.20352129534541222,
              0.8556897730747097
            ],
            [
              -0.19410844571440192,
              0.8655964992969855
            ],
            [
              -0.1846939831827653,
              0.875487999669134
            ],
            [
              -0.1752769019889039,
              0.8853645904169791
            ],
            [
              -0.16585630623400935,
              0.8952269239559961
            ],
            [
              -0.15643142654370112,
              0.9050759608201806
            ],
            [
              -0.14700163420063905,
              0.9149129343025472
            ],
            [
              -0.13756645209673057,
              0.9247393089862579
            ],
            [
              -0.13546463143914,
              0.9111485584420128
            ],
            [
              -0.13334708588489938,
              0.8975257280591279
            ],
            [
              -0.131213325783934,
              0.8838644756893256
            ],
            [
              -0.12906309339685534,
              0.8701594019251395
            ],
            [
              -0.12689638843974246,
              0.8564062126491665
            ],
            [
              -0.1247134886211304,
              0.8426018573615276
            ],
            [
              -0.12251496447404059,
              0.8287446392436898
            ],
            [
              -0.12030168791193165,
              0.814834293578758
            ],
            [
              -0.1180748340832252,
              0.8008720319143479
            ],
            [
              -0.11583587626095693,
              0.7868605502046211
            ],
            [
              -0.11358657367774519,
              0.772804000080728
            ],
            [
              -0.11132895239676907,
              0.7587079233493947
            ],
            [
              -0.10906527949142648,
              0.7445791507820109
            ],
            [
              -0.10679803098420473,
              0.7304256672048632
            ],
            [
              -0.10452985416344501,
              0.7162564458088299
            ],
            [
              -0.10226352504966035,
              0.7020812554383858
            ],
            [
              -0.10000190191591818,
              0.6879104453712459
            ],
            [
              -0.09774787587517275,
              0.6737547127397217
            ],
            [
              -0.09550431962787559,
              0.6596248582541212
            ],
            [
              -0.09327403551325869,
              0.6455315362519557
            ],
            [
              -0.09105970402611072,
              0.6314850053029247
            ],
            [
              -0.08886383394757319,
              0.6174948856415065
            ],
            [
              -0.08668871519465346,
              0.6035699295738592
            ],
            [
              -0.08453637542107235,
              0.589717810715635
            ],
            [
              -0.0824085413050586,
              0.5759449374688487
            ],
            [
              -0.0803066053418941,
              0.5622562955501964
            ],
            [
              -0.07823159882506071,
              0.5486553236554461
            ],
            [
              -0.07618417155471545,
              0.535143825503816
            ],
            [
              -0.07416457866082014,
              0.5217219205749348
            ],
            [
              -0.07217267477521519,
              0.5083880348541258
            ],
            [
              -0.07020791563631364,
              0.49513893186638364
            ],
            [
              -0.06826936706521293,
              0.48196978323380485
            ],
            [
              -0.06635572111534391,
              0.46887427696411726
            ],
            [
              -0.07984494502390901,
              0.470523266846524
            ],
            [
              -0.09332711855187231,
              0.47226072675250264
            ],
            [
              -0.10681100698175992,
              0.47409268779022046
            ],
            [
              -0.12030525562552034,
              0.4760238023387376
            ],
            [
              -0.13381815154534987,
              0.47805730074662944
            ],
            [
              -0.14735739738066322,
              0.4801949764833785
            ],
            [
              -0.16092990374927024,
              0.48243719934811197
            ],
            [
              -0.17454160611690553,
              0.48478295560718876
            ],
            [
              -0.18819731126701564,
              0.48722991325444187
            ],
            [
              -0.20190057757507054,
              0.48977450998952765
            ],
            [
              -0.21565363222820647,
              0.4924120610111249
            ],
            [
              -0.22945732736719818,
              0.4951368833380791
            ],
            [
              -0.2433111359036616,
              0.497942433112469
            ],
            [
              -0.2572131865241718,
              0.5008214522070418
            ],
            [
              -0.2711603361789475,
              0.5037661204520005
            ],
            [
              -0.2851482772094595,
              0.506768209903086
            ],
            [
              -0.2991716752374237,
              0.5098192377794746
            ],
            [
              -0.3132243330530744,
              0.5129106149874707
            ],
            [
              -0.32729937503295237,
              0.5160337874933691
            ],
            [
              -0.3413894461085625,
              0.5191803681946225
            ],
            [
              -0.3554869190105846,
              0.5223422573421536
            ],
            [
              -0.36958410343341497,
              0.5255117499703774
            ]
          ]
        ]
      }
    },
    {
      "type": "Feature",
      "properties": {
        "cell_id": "LSO",
        "method": "GeoDisk",
        "view": "disk"
      },
      "geometry": {
        "type": "Polygon",
        "coordinates": [
          [
            [
              -0.16617931545617884,
              -0.7792049098521552
            ],
            [
              -0.15367058523288235,
              -0.7742002239659054
            ],
            [
              -0.14114910600344988,
              -0.7691948091127255
            ],
            [
              -0.12861474084688782,
              -0.7641858038722387
            ],
            [
              -0.11606758123862868,
              -0.7591702932023123
            ],
            [
              -0.10350792776779247,
              -0.754145336487262
            ],
            [
              -0.0909362687504859,
              -0.7491079971572996
            ],
            [
              -0.07835325768111243,
              -0.7440553741921493
            ],
            [
              -0.06575969027750996,
              -0.7389846357259461
            ],
            [
              -0.053156481668094835,
              -0.7338930548339193
            ],
            [
              -0.04054464405614374,
              -0.7287780474106279
            ],
            [
              -0.027925264993392616,
              -0.7236372118534855
            ],
            [
              -0.015299486216549462,
              -0.718468370054645
            ],
            [
              -0.002668482858281765,
              -0.7132696089908797
            ],
            [
              0.009966557251778018,
              -0.7080393219974699
            ],
            [
              0.022604454524128424,
              -0.7027762486308777
            ],
            [
              0.03524405910115097,
              -0.6974795118781558
            ],
            [
              0.04788427315397335,
              -0.6921486513693627
            ],
            [
              0.06052407411848617,
              -0.6867836512017462
            ],
            [
              0.06176998607507965,
              -0.7002840564777999
            ],
            [
              0.06302824329178927,
              -0.7137483073794249
            ],
            [
              0.06429888513756868,
              -0.7271799961489961
            ],
            [
              0.0655817603732634,
              -0.7405830283090659
            ],
            [
              0.06687652155409712,
              -0.7539615820928272
            ],
            [
              0.06818262164548033,
              -0.7673200681498645
            ],
            [
              0.06949931289317013,
              -0.7806630893938551
            ],
            [
              0.07082564797733618,
              -0.7939954007140511
            ],
            [
              0.07216048347034082,
              -0.8073218681616408
            ],
            [
              0.07350248560961745,
              -0.8206474271511716
            ],
            [
              0.07485013838946179,
              -0.8339770391900615
            ],
            [
              0.07620175396835825,
              -0.8473156466679901
            ],
            [
              0.07755548538115806,
              -0.8606681253027196
            ],
            [
              0.07890934153746093,
              -0.8740392339478559
            ],
            [
              0.08026120447836811,
              -0.8874335616174125
            ],
            [
              0.0816088488527246,
              -0.9008554717661855
            ],
            [
              0.08294996356042034,
              -0.9143090440766906
            ],
            [
              0.08428217549352937,
              -0.9277980142341333
            ],
            [
              0.08560307528537277,
              -0.9413257124109067
            ],
            [
              0.08691024495228108,
              -0.9548950014210049
            ],
            [
              0.08820128728234762,
              -0.968508215731738
            ],
            [
              0.0894738567893842,
              -0.9821671027244109
            ],
            [
              0.09072569200840695,
              -0.9958727677668818
            ],
            [
              0.08987211489923509,
              -0.9959533136465477
            ],
            [
              0.0817210741336683,
              -0.9966552393091803
            ],
            [
              0.07356456359966768,
              -0.9972904566786902
            ],
            [
              0.06540312923014327,
              -0.9978589232386035
            ],
            [
              0.057237317287568784,
              -0.9983606009402225
            ],
            [
              0.049067674327418126,
              -0.9987954562051724
            ],
            [
              0.04089474716158352,
              -0.9991634599276488
            ],
            [
              0.03271908282177639,
              -0.9994645874763657
            ],
            [
              0.024541228522912486,
              -0.9996988186962042
            ],
            [
              0.016361731626486936,
              -0.9998661379095618
            ],
            [
              0.008181139603937236,
              -0.9999665339174011
            ],
            [
              6.123233995736766e-17,
              -1.0
            ],
            [
              -0.008181139603936892,
              -0.9999665339174011
            ],
            [
              -0.01636173162648659,
              -0.9998661379095618
            ],
            [
              -0.024541228522912142,
              -0.9996988186962042
            ],
            [
              -0.03271908282177604,
              -0.9994645874763657
            ],
            [
              -0.04089474716158317,
              -0.9991634599276488
            ],
            [
              -0.049067674327417786,
              -0.9987954562051724
            ],
            [
              -0.057237317287568444,
              -0.9983606009402225
            ],
            [
              -0.06540312923014291,
              -0.9978589232386034
            ],
            [
              -0.07356456359966733,
              -0.9972904566786902
            ],
            [
              -0.08172107413366796,
              -0.9966552393091803
            ],
            [
              -0.08987211489923473,
              -0.9959533136465476
            ],
            [
              -0.09801714032956042,
              -0.9951847266721969
            ],
            [
              -0.10615560526045735,
              -0.9943495298293181
            ],
            [
              -0.11428696496684632,
              -0.9934477790194444
            ],
            [
              -0.12241067519921595,
              -0.9924795345987101
            ],
            [
              -0.13052619222005138,
              -0.9914448613738105
            ],
            [
              -0.13863297284022652,
              -0.9903438285976649
            ],
            [
              -0.14673047445536164,
              -0.989176509964781
            ],
            [
              -0.15481815508214072,
              -0.9879429836063223
            ],
            [
              -0.16289547339458849,
              -0.9866433320848791
            ],
            [
              -0.17096188876030102,
              -0.9852776423889413
            ],
            [
              -0.17901686127663252,
              -0.9838460059270775
            ],
            [
              -0.18705985180683188,
              -0.9823485185218157
            ],
            [
              -0.19509032201612797,
              -0.9807852804032305
            ],
            [
              -0.2031077344077626,
              -0.9791563962022336
            ],
            [
              -0.21111155235896498,
              -0.9774619749435719
            ],
            [
              -0.21910124015686966,
              -0.9757021300385286
            ],
            [
              -0.2270762630343731,
              -0.9738769792773335
            ],
            [
              -0.23503608720592642,
              -0.9719866448212795
            ],
            [
              -0.24298017990326365,
              -0.9700312531945441
            ],
            [
              -0.25090800941105984,
              -0.9680109352757228
            ],
            [
              -0.25881904510252063,
              -0.9659258262890683
            ],
            [
              -0.26671275747489825,
              -0.9637760657954397
            ],
            [
              -0.2745886181849321,
              -0.961561797682962
            ],
            [
              -0.27542269989367996,
              -0.9613199184706357
            ],
            [
              -0.26848203617368627,
              -0.9497340665898132
            ],
            [
              -0.2615666556868973,
              -0.9381748211397475
            ],
            [
              -0.2546758296050362,
              -0.9266436861596781
            ],
            [
              -0.2478081663549536,
              -0.9151417828951771
            ],
            [
              -0.24096168484882283,
              -0.9036698154305162
            ],
            [
              -0.23413390132188036,
              -0.892228045054994
            ],
            [
              -0.22732192622264874,
              -0.8808162736715429
            ],
            [
              -0.22052256743404167,
              -0.8694338362936913
            ],
            [
              -0.2137324360788945,
              -0.8580796024362387
            ],
            [
              -0.2069480512752428,
              -0.8467519859932265
            ],
            [
              -0.20016594044540137,
              -0.8354489630192575
            ],
            [
              -0.1933827321347563,
              -0.8241680966900745
            ],
            [
              -0.186595238743875,
              -0.812906568616756
            ],
            [
              -0.17980052710081318,
              -0.8016612156244398
            ],
            [
              -0.17299597537701344,
              -0.7904285710791665
            ],
            [
              -0.16617931545617884,
              -0.7792049098521552
            ]
          ]
        ]
      }
    },
    {
      "type": "Feature",
      "properties": {
        "cell_id": "MAR",
        "method": "GeoDisk",
        "view": "disk"
      },
      "geometry": {
        "type": "Polygon",
        "coordinates": [
          [
            [
              -0.6094993816772997,
              0.5135060819463549
            ],
            [
              -0.6143205863724104,
              0.5018288910188655
            ],
            [
              -0.6191417462577727,
              0.4901554681288918
            ],
            [
              -0.6239626584059379,
              0.47848564627809453
            ],
            [
              -0.628783168058386,
              0.4668192396982672
            ],
            [
              -0.6336031648156059,
              0.45515604673847265
            ],
            [
              -0.6384225773084238,
              0.44349585219986304
            ],
            [
              -0.6432413664382328,
              0.43183842915120596
            ],
            [
              -0.6480595173074378,
              0.42018354028926075
            ],
            [
              -0.6591062129599261,
              0.42776050395800846
            ],
            [
              -0.6701401195202792,
              0.43531729589496093
            ],
            [
              -0.6811669202613504,
              0.44285387867153286
            ],
            [
              -0.6921922265873265,
              0.4503706870035686
            ],
            [
              -0.7032214449212871,
              0.4578685596684804
            ],
            [
              -0.71425965478099,
              0.46534866531083197
            ],
            [
              -0.7253115013403288,
              0.4728124266089445
            ],
            [
              -0.7363811051832775,
              0.4802614471700985
            ],
            [
              -0.7474719912978709,
              0.48769744519534924
            ],
            [
              -0.7585870386541584,
              0.4951221974251237
            ],
            [
              -0.7697284509868846,
              0.5025374961709994
            ],
            [
              -0.780897748685724,
              0.5099451213922691
            ],
            [
              -0.7920957810072431,
              0.5173468288290196
            ],
            [
              -0.8033227571859349,
              0.5247443542016345
            ],
            [
              -0.8145782944569462,
              0.5321394324775989
            ],
            [
              -0.8258614805278205,
              0.5395338302383891
            ],
            [
              -0.8371709476644813,
              0.5469293882989822
            ],
            [
              -0.8359869839079469,
              0.5487492712856156
            ],
            [
              -0.8314696123025456,
              0.5555702330196017
            ],
            [
              -0.8268965886356964,
              0.5623540092349728
            ],
            [
              -0.8222682189897753,
              0.5691001458788978
            ],
            [
              -0.817584813151584,
              0.5758081914178448
            ],
            [
              -0.8128466845916156,
              0.5824776968678014
            ],
            [
              -0.8080541504430735,
              0.5891082158243277
            ],
            [
              -0.8032075314806454,
              0.5956993044924328
            ],
            [
              -0.7983071520990314,
              0.6022505217162818
            ],
            [
              -0.7933533402912352,
              0.6087614290087203
            ],
            [
              -0.7883464276266068,
              0.6152315905806263
            ],
            [
              -0.7832867492286505,
              0.6216605733700773
            ],
            [
              -0.778174643752598,
              0.628047947071334
            ],
            [
              -0.7730104533627371,
              0.634393284163645
            ],
            [
              -0.7677945237095124,
              0.6406961599398603
            ],
            [
              -0.7629046620676411,
              0.6465075590602353
            ],
            [
              -0.7525378202602414,
              0.6377121460982401
            ],
            [
              -0.7421950710097803,
              0.628914707396099
            ],
            [
              -0.7318771149403868,
              0.6201132811776741
            ],
            [
              -0.7215841793978378,
              0.611305993879365
            ],
            [
              -0.7113159581296862,
              0.6024910079076595
            ],
            [
              -0.7010715632672019,
              0.5936664802313253
            ],
            [
              -0.6908494923131899,
              0.5848305355461209
            ],
            [
              -0.6806476124578559,
              0.5759812567755795
            ],
            [
              -0.6704631640531037,
              0.5671166945617421
            ],
            [
              -0.6602927844874547,
              0.5582348962097314
            ],
            [
              -0.6501325530369948,
              0.5493339533381335
            ],
            [
              -0.6399780565437413,
              0.5404120663125888
            ],
            [
              -0.6298244750158374,
              0.5314676224604052
            ],
            [
              -0.6196666854804035,
              0.5224992841328829
            ],
            [
              -0.6094993816772997,
              0.5135060819463549
            ]
          ]
        ]
      }
    },
    {
      "type": "Feature",
      "properties": {
        "cell_id": "MLI",
        "method": "GeoDisk",
        "view": "disk"
      },
      "geometry": {
        "type": "Polygon",
        "coordinates": [
          [
            [
              -0.6908653485141175,
              0.36874670586861824
            ],
            [
              -0.7026650715593179,
              0.3627555016055428
            ],
            [
              -0.714449664534597,
              0.3567532339238346
            ],
            [
              -0.7262208807395202,
              0.3507402197070069
            ],
            [
              -0.7379804363247765,
              0.3447167887178735
            ],
            [
              -0.7497300156234235,
              0.33868329872922553
            ],
            [
              -0.7614712835139803,
              0.332640149979402
            ],
            [
              -0.7731853769825869,
              0.337991193800465
            ],
            [
              -0.784915456140638,
              0.34332899780586495
            ],
            [
              -0.7966657301227345,
              0.34865486014268343
            ],
            [
              -0.8084399104936167,
              0.3539702668533521
            ],
            [
              -0.8202411560695464,
              0.3592768289304654
            ],
            [
              -0.832072032344566,
              0.36457622245538257
            ],
            [
              -0.8439344860629846,
              0.36987013451893314
            ],
            [
              -0.8558298350399651,
              0.3751602172620966
            ],
            [
              -0.8677587729011688,
              0.3804480519139452
            ],
            [
              -0.8797213880028941,
              0.3857351241627099
            ],
            [
              -0.8917171954182119,
              0.3910228115958319
            ],
            [
              -0.9037451805433089,
              0.39631238331089347
            ],
            [
              -0.9158038526012156,
              0.40160501115749203
            ],
            [
              -0.9142097557035308,
              0.4052413140049895
            ],
            [
              -0.910863824921176,
              0.4127070298043942
            ],
            [
              -0.907456928050819,
              0.42014512222870176
            ],
            [
              -0.9039892931234436,
              0.42755509343028164
            ],
            [
              -0.9004611522353639,
              0.4349364474437165
            ],
            [
              -0.8968727415326884,
              0.44228869021900086
            ],
            [
              -0.8932243011955155,
              0.4496113296546061
            ],
            [
              -0.8895160754218564,
              0.45690387563042
            ],
            [
              -0.8857483124112907,
              0.4641658400405511
            ],
            [
              -0.8819212643483554,
              0.47139673682599703
            ],
            [
              -0.8808427179597268,
              0.47339485159470107
            ],
            [
              -0.8687601406450483,
              0.46689550404298785
            ],
            [
              -0.8567072488198803,
              0.46039876952172576
            ],
            [
              -0.8446856447603387,
              0.45390295418541365
            ],
            [
              -0.832696436052047,
              0.4474063625206663
            ],
            [
              -0.8207401572148729,
              0.44090726668281865
            ],
            [
              -0.8088167038242542,
              0.4344038887501489
            ],
            [
              -0.796925282045505,
              0.42789439784879396
            ],
            [
              -0.7850643760789785,
              0.4213769231442461
            ],
            [
              -0.7732317354922831,
              0.4148495826973968
            ],
            [
              -0.7614243838072763,
              0.4083105271921622
            ],
            [
              -0.7496386490340133,
              0.40175799660477846
            ],
            [
              -0.7378702161235534,
              0.3951903870463074
            ],
            [
              -0.7261142005706337,
              0.3886063243099325
            ],
            [
              -0.714365241660829,
              0.38200474012767227
            ],
            [
              -0.7026176131502627,
              0.37538494681434736
            ],
            [
              -0.6908653485141175,
              0.36874670586861824
            ]
          ]
        ]
      }
    },
    {
      "type": "Feature",
      "properties": {
        "cell_id": "MOZ",
        "method": "GeoDisk",
        "view": "disk"
      },
      "geometry": {
        "type": "Polygon",
        "coordinates": [
          [
            [
              0.1706188645879598,
              -0.6655349441335247
            ],
            [
              0.1843930739913278,
              -0.664231938658323
            ],
            [
              0.19816911364425893,
              -0.6629319191605535
            ],
            [
              0.21194834098608656,
              -0.661637738818704
            ],
            [
              0.2257321168331242,
              -0.6603519765506308
            ],
            [
              0.2395217516800015,
              -0.6590768915691947
            ],
            [
              0.2533184504999582,
              -0.6578143854293915
            ],
            [
              0.2671232578737855,
              -0.6565659726249137
            ],
            [
              0.28093700538822447,
              -0.655332760569159
            ],
            [
              0.29476026328907884,
              -0.6541154395402918
            ],
            [
              0.3085932983458854,
              -0.6529142828905662
            ],
            [
              0.32243603978029417,
              -0.6517291575264295
            ],
            [
              0.33628805492891756,
              -0.6505595443683755
            ],
            [
              0.350148536056153,
              -0.6494045682088884
            ],
            [
              0.36401629940947783,
              -0.6482630361135919
            ],
            [
              0.37788979722826405,
              -0.6471334832647786
            ],
            [
              0.39176714298948345,
              -0.6460142249364677
            ],
            [
              0.4056461497144842,
              -0.64490341312316
            ],
            [
              0.4195243806870037,
              -0.6437990962257533
            ],
            [
              0.4333992114616528,
              -0.6426992801308399
            ],
            [
              0.4472679015927316,
              -0.6416019890048831
            ],
            [
              0.46112767410355854,
              -0.6405053241615354
            ],
            [
              0.47497580036361675,
              -0.6394075194456839
            ],
            [
              0.48880968775992,
              -0.6383069917071186
            ],
            [
              0.502626967352811,
              -0.6372023851041068
            ],
            [
              0.5164255786044689,
              -0.6360926081758173
            ],
            [
              0.5302038482668129,
              -0.6349768628450564
            ],
            [
              0.5439605606164926,
              -0.6338546647515813
            ],
            [
              0.5576950164266504,
              -0.6327258545638392
            ],
            [
              0.5714070783626994,
              -0.6315906001662085
            ],
            [
              0.5850972008734648,
              -0.6304493898630393
            ],
            [
              0.5987664431074744,
              -0.6293030169739877
            ],
            [
              0.6124164639019902,
              -0.6281525564119117
            ],
            [
              0.6260494984524406,
              -0.6269993340301881
            ],
            [
              0.639668316853579,
              -0.6258448896965553
            ],
            [
              0.6532761652914516,
              -0.6246909351919145
            ],
            [
              0.6668766912373837,
              -0.6235393081419055
            ],
            [
              0.680473854532401,
              -0.6223919232640983
            ],
            [
              0.6940718267345882,
              -0.6212507222525588
            ],
            [
              0.7076748815162894,
              -0.6201176236233809
            ],
            [
              0.7212872792283229,
              -0.6189944738094637
            ],
            [
              0.7349131489827285,
              -0.6178830007213237
            ],
            [
              0.7485563717351054,
              -0.6167847708852238
            ],
            [
              0.7622204678668006,
              -0.6157011511337451
            ],
            [
              0.7759084926739857,
              -0.614633275661753
            ],
            [
              0.7896229429665749,
              -0.613582019078294
            ],
            [
              0.7883464276266061,
              -0.6152315905806267
            ],
            [
              0.7832867492286505,
              -0.6216605733700773
            ],
            [
              0.7781746437525979,
              -0.6280479470713342
            ],
            [
              0.773010453362737,
              -0.6343932841636455
            ],
            [
              0.7677945237095121,
              -0.6406961599398607
            ],
            [
              0.7625272039063882,
              -0.6469561525348573
            ],
            [
              0.7572088465064847,
              -0.6531728429537766
            ],
            [
              0.7518398074789775,
              -0.6593458151000688
            ],
            [
              0.7464204461852737,
              -0.665474655803342
            ],
            [
              0.7409511253549592,
              -0.6715589548470182
            ],
            [
              0.7354322110615187,
              -0.6775983049957887
            ],
            [
              0.7298640726978356,
              -0.6835923020228711
            ],
            [
              0.724247082951467,
              -0.6895405447370668
            ],
            [
              0.7185816177796982,
              -0.6954426350096116
            ],
            [
              0.71286805638438,
              -0.7012981778008242
            ],
            [
              0.7071067811865477,
              -0.7071067811865475
            ],
            [
              0.7012981778008244,
              -0.7128680563843798
            ],
            [
              0.6954426350096117,
              -0.7185816177796981
            ],
            [
              0.689540544737067,
              -0.7242470829514669
            ],
            [
              0.6835923020228714,
              -0.7298640726978356
            ],
            [
              0.6775983049957888,
              -0.7354322110615186
            ],
            [
              0.6715589548470183,
              -0.7409511253549589
            ],
            [
              0.6654746558033422,
              -0.7464204461852738
            ],
            [
              0.659345815100069,
              -0.7518398074789774
            ],
            [
              0.6531728429537769,
              -0.7572088465064845
            ],
            [
              0.6469561525348575,
              -0.7625272039063881
            ],
            [
              0.6406961599398608,
              -0.767794523709512
            ],
            [
              0.6343932841636456,
              -0.7730104533627369
            ],
            [
              0.6280479470713343,
              -0.7781746437525978
            ],
            [
              0.6216605733700773,
              -0.7832867492286504
            ],
            [
              0.6152315905806269,
              -0.7883464276266062
            ],
            [
              0.6087614290087207,
              -0.7933533402912352
            ],
            [
              0.6022505217162821,
              -0.7983071520990314
            ],
            [
              0.5956993044924335,
              -0.8032075314806448
            ],
            [
              0.5891082158243284,
              -0.808054150443073
            ],
            [
              0.5824776968678023,
              -0.8128466845916151
            ],
            [
              0.5758081914178453,
              -0.8175848131515837
            ],
            [
              0.5691001458788983,
              -0.822268218989775
            ],
            [
              0.5623540092349731,
              -0.8268965886356962
            ],
            [
              0.5555702330196024,
              -0.8314696123025451
            ],
            [
              0.548749271285616,
              -0.8359869839079467
            ],
            [
              0.5418915805747517,
              -0.840448401094438
            ],
            [
              0.5349976198870972,
              -0.8448535652497069
            ],
            [
              0.5280678506503681,
              -0.8492021815265789
            ],
            [
              0.5211027366890233,
              -0.8534939588627503
            ],
            [
              0.5141027441932219,
              -0.857728610000272
            ],
            [
              0.507068341687617,
              -0.8619058515047741
            ],
            [
              0.5000000000000001,
              -0.8660254037844386
            ],
            [
              0.4928981922297841,
              -0.8700869911087113
            ],
            [
              0.48576339371634003,
              -0.8740903416267587
            ],
            [
              0.478596082007181,
              -0.8780351873856627
            ],
            [
              0.4713967368259978,
              -0.8819212643483549
            ],
            [
              0.46416584004055167,
              -0.8857483124112905
            ],
            [
              0.4569038756304207,
              -0.8895160754218558
            ],
            [
              0.4496113296546066,
              -0.8932243011955153
            ],
            [
              0.44228869021900147,
              -0.8968727415326883
            ],
            [
              0.43493644744371723,
              -0.9004611522353636
            ],
            [
              0.4275550934302822,
              -0.9039892931234433
            ],
            [
              0.4201451222287025,
              -0.9074569280508187
            ],
            [
              0.4127070298043949,
              -0.9108638249211756
            ],
            [
              0.40524131400499,
              -0.9142097557035306
            ],
            [
              0.3977484745270112,
              -0.9174944964474913
            ],
            [
              0.39022901288242806,
              -0.9207178272982475
            ],
            [
              0.38268343236508984,
              -0.9238795325112867
            ],
            [
              0.37511223801703814,
              -0.9269794004668327
            ],
            [
              0.3675159365947037,
              -0.9300172236840121
            ],
            [
              0.3598950365349883,
              -0.9329927988347388
            ],
            [
              0.3522500479212336,
              -0.9359059267573256
            ],
            [
              0.3445814824490805,
              -0.9387564124698132
            ],
            [
              0.3368898533922203,
              -0.9415440651830207
            ],
            [
              0.32917567556803906,
              -0.9442686983133165
            ],
            [
              0.3214394653031617,
              -0.9469301294951056
            ],
            [
              0.3136817403988916,
              -0.9495281805930367
            ],
            [
              0.3059030200965535,
              -0.9520626777139243
            ],
            [
              0.29810382504274,
              -0.9545334512183884
            ],
            [
              0.2902846772544625,
              -0.9569403357322088
            ],
            [
              0.2824461000842126,
              -0.9592831701573936
            ],
            [
              0.27458861818493235,
              -0.9615617976829618
            ],
            [
              0.26671275747489864,
              -0.9637760657954398
            ],
            [
              0.25881904510252096,
              -0.9659258262890682
            ],
            [
              0.25137524561173424,
              -0.9678877859896026
            ],
            [
              0.24791246941411005,
              -0.9545457617910729
            ],
            [
              0.24443975782456412,
              -0.9412482056908669
            ],
            [
              0.2409573643580595,
              -0.9279936370661073
            ],
            [
              0.23746567306441804,
              -0.9147796451796165
            ],
            [
              0.23396519880646297,
              -0.9016030013822203
            ],
            [
              0.2304565859519453,
              -0.8884597849099756
            ],
            [
              0.22694060517215975,
              -0.8753455176421425
            ],
            [
              0.2234181480484054,
              -0.862255303185191
            ],
            [
              0.2198902192217106,
              -0.8491839658053524
            ],
            [
              0.2163579258806218,
              -0.8361261850355497
            ],
            [
              0.21282246446357644,
              -0.8230766222154865
            ],
            [
              0.2092851045523649,
              -0.8100300357657225
            ],
            [
              0.20574717004615067,
              -0.7969813826237718
            ],
            [
              0.20221001782554618,
              -0.7839259039563655
            ],
            [
              0.19867501423707545,
              -0.7708591939792528
            ],
            [
              0.19514350984384635,
              -0.757777251436146
            ],
            [
              0.19161681299266267,
              -0.7446765139840935
            ],
            [
              0.1880961628360672,
              -0.7315538763778283
            ],
            [
              0.18458270251578338,
              -0.7184066939171294
            ],
            [
              0.1810774532585307,
              -0.7052327730990529
            ],
            [
              0.1775812901541504,
              -0.6920303517852298
            ],
            [
              0.17409492037833885,
              -0.678798071442167
            ],
            [
              0.1706188645879598,
              -0.6655349441335247
            ]
          ]
        ]
      }
    },
    {
      "type": "Feature",
      "properties": {
        "cell_id": "MRT",
        "method": "GeoDisk",
        "view": "disk"
      },
      "geometry": {
        "type": "Polygon",
        "coordinates": [
          [
            [
              -0.7614712835139801,
              0.3326401499794019
            ],
            [
              -0.7683949471040146,
              0.32303121437798993
            ],
            [
              -0.7753129569309911,
              0.3134202181072823
            ],
            [
              -0.7822250480951042,
              0.30380709749625445
            ],
            [
              -0.7922950935912307,
              0.2977532513537107
            ],
            [
              -0.8023613651157042,
              0.29169365420328824
            ],
            [
              -0.8124250018393703,
              0.2856287326806894
            ],
            [
              -0.8224872293070441,
              0.2795589566647819
            ],
            [
              -0.8347379015526292,
              0.283863998851958
            ],
            [
              -0.847018831110982,
              0.2881611086021416
            ],
            [
              -0.8593331347964595,
              0.2924519897415179
            ],
            [
              -0.8716832652889452,
              0.2967383496975405
            ],
            [
              -0.8840709778332101,
              0.3010218355659679
            ],
            [
              -0.8964973114407643,
              0.3053039782593396
            ],
            [
              -0.908962584681357,
              0.30958614700571535
            ],
            [
              -0.9214664058052323,
              0.3138695159849311
            ],
            [
              -0.9340076966069826,
              0.3181550443347841
            ],
            [
              -0.9465847291363688,
              0.3224434701520744
            ],
            [
              -0.9442686983133167,
              0.3291756755680385
            ],
            [
              -0.941544065183021,
              0.3368898533922195
            ],
            [
              -0.9387564124698135,
              0.3445814824490797
            ],
            [
              -0.9359059267573259,
              0.35225004792123304
            ],
            [
              -0.9329927988347391,
              0.35989503653498744
            ],
            [
              -0.9300172236840122,
              0.3675159365947031
            ],
            [
              -0.9269794004668331,
              0.37511223801703747
            ],
            [
              -0.9238795325112871,
              0.38268343236508906
            ],
            [
              -0.9207178272982479,
              0.39022901288242756
            ],
            [
              -0.9174944964474916,
              0.3977484745270104
            ],
            [
              -0.9158038526012154,
              0.401605011157492
            ],
            [
              -0.9037451805433091,
              0.3963123833108931
            ],
            [
              -0.8917171954182119,
              0.3910228115958319
            ],
            [
              -0.879721388002894,
              0.38573512416270983
            ],
            [
              -0.8677587729011688,
              0.3804480519139452
            ],
            [
              -0.855829835039965,
              0.37516021726209653
            ],
            [
              -0.8439344860629845,
              0.3698701345189331
            ],
            [
              -0.8320720323445658,
              0.3645762224553825
            ],
            [
              -0.8202411560695463,
              0.35927682893046536
            ],
            [
              -0.8084399104936166,
              0.35397026685335203
            ],
            [
              -0.7966657301227346,
              0.34865486014268304
            ],
            [
              -0.784915456140638,
              0.34332899780586495
            ],
            [
              -0.7731853769825868,
              0.33799119380046494
            ],
            [
              -0.7614712835139801,
              0.3326401499794019
            ]
          ]
        ]
      }
    },
    {
      "type": "Feature",
      "properties": {
        "cell_id": "MWI",
        "method": "GeoDisk",
        "view": "disk"
      },
      "geometry": {
        "type": "Polygon",
        "coordinates": [
          [
            [
              0.17061886458795977,
              -0.6655349441335245
            ],
            [
              0.16139978052677642,
              -0.6573288787999149
            ],
            [
              0.1521880854467317,
              -0.6491190082541554
            ],
            [
              0.14298343269897132,
              -0.6409042985536358
            ],
            [
              0.1337852862530265,
              -0.6326833514982227
            ],
            [
              0.12459294523016948,
              -0.6244544013795161
            ],
            [
              0.1300299549467207,
              -0.6117979759539218
            ],
            [
              0.13546917078152215,
              -0.5990985638993497
            ],
            [
              0.14090966391889345,
              -0.5863591896138619
            ],
            [
              0.14635052240708415,
              -0.5735835163430564
            ],
            [
              0.15179087362321944,
              -0.5607757920839248
            ],
            [
              0.15722991010604073,
              -0.5479407831225345
            ],
            [
              0.16266691829102034,
              -0.5350836959981202
            ],
            [
              0.1681013094055201,
              -0.522210088984149
            ],
            [
              0.1735326515253239,
              -0.5093257744712314
            ],
            [
              0.1789607015735901,
              -0.49643671391875677
            ],
            [
              0.1843854358730634,
              -0.48354890730257866
            ],
            [
              0.1898070777539394,
              -0.4706682792155217
            ],
            [
              0.1952261206817292,
              -0.4578005639664914
            ],
            [
              0.20064334540688383,
              -0.44495119216357376
            ],
            [
              0.20605982975196016,
              -0.43212518134861977
            ],
            [
              0.21147694983989437,
              -0.4193270332686182
            ],
            [
              0.21689637182184204,
              -0.4065606403175944
            ],
            [
              0.2223200334749309,
              -0.39382920355885276
            ],
            [
              0.22775011539623694,
              -0.3811351645405195
            ],
            [
              0.23318900190428352,
              -0.36848015284954416
            ],
            [
              0.24420589714845553,
              -0.36409635842313137
            ],
            [
              0.2552418096633156,
              -0.3597358858213725
            ],
            [
              0.2662985524558463,
              -0.35539786268954465
            ],
            [
              0.27737752596769355,
              -0.3510810576091253
            ],
            [
              0.28847966021346977,
              -0.3467839242476067
            ],
            [
              0.29960536770975915,
              -0.34250465187801715
            ],
            [
              0.30998965196944017,
              -0.3393796617874117
            ],
            [
              0.3203924964762206,
              -0.33626569909398635
            ],
            [
              0.33081299331320985,
              -0.3331613213393912
            ],
            [
              0.3412498567168692,
              -0.330065056990571
            ],
            [
              0.3514526095575632,
              -0.32726011190941606
            ],
            [
              0.3616673568746682,
              -0.3244601872621797
            ],
            [
              0.3718920197584973,
              -0.32166408234758237
            ],
            [
              0.3845228464157064,
              -0.32740949912072564
            ],
            [
              0.39716439870178827,
              -0.333173991781772
            ],
            [
              0.4098149559859867,
              -0.3389578611927306
            ],
            [
              0.4224722640247471,
              -0.3447608340165329
            ],
            [
              0.4351335577032608,
              -0.35058202943575323
            ],
            [
              0.447795604958203,
              -0.3564199445986357
            ],
            [
              0.460454771047164,
              -0.36227246050095885
            ],
            [
              0.4731071015289804,
              -0.3681368693787349
            ],
            [
              0.48574842157286574,
              -0.3740099239676789
            ],
            [
              0.49837444855442525,
              -0.3798879082015459
            ],
            [
              0.5109809143509623,
              -0.3857667280985201
            ],
            [
              0.5235636933393292,
              -0.3916420207530524
            ],
            [
              0.5361189318427548,
              -0.3975092785437622
            ],
            [
              0.548643174677123,
              -0.4033639849224978
            ],
            [
              0.561133484513003,
              -0.4092017575022928
            ],
            [
              0.5735875499909182,
              -0.41501849364831606
            ],
            [
              0.5860037788907905,
              -0.42081051342788023
            ],
            [
              0.5983813731436769,
              -0.4265746946192179
            ],
            [
              0.6107203830621405,
              -0.43230859453220766
            ],
            [
              0.6230217388297645,
              -0.43801055366614094
            ],
            [
              0.6352872580042774,
              -0.44367977671795983
            ],
            [
              0.6475196285268475,
              -0.449316387146158
            ],
            [
              0.6597223674681182,
              -0.45492145236708276
            ],
            [
              0.6718997564575528,
              -0.4604969776785369
            ],
            [
              0.6840567554173255,
              -0.4660458681294181
            ],
            [
              0.6961988968386338,
              -0.47157185873717505
            ],
            [
              0.7083321633827754,
              -0.4770794146476853
            ],
            [
              0.7204628520495412,
              -0.4825736039850243
            ],
            [
              0.7325974285212887,
              -0.48805994720403195
            ],
            [
              0.7447423755539712,
              -0.4935442476935863
            ],
            [
              0.7569040394395882,
              -0.49903240914637187
            ],
            [
              0.7690884786031575,
              -0.5045302457825892
            ],
            [
              0.7813013183189118,
              -0.5100432918697091
            ],
            [
              0.7935476153355767,
              -0.5155766171058147
            ],
            [
              0.805831735893489,
              -0.5211346543264753
            ],
            [
              0.8181572502053308,
              -0.5267210456584736
            ],
            [
              0.83052684597024,
              -0.5323385126893732
            ],
            [
              0.8429422629152398,
              -0.5379887554675521
            ],
            [
              0.8404484010944381,
              -0.5418915805747516
            ],
            [
              0.8359869839079466,
              -0.5487492712856157
            ],
            [
              0.8314696123025452,
              -0.5555702330196022
            ],
            [
              0.8268965886356963,
              -0.562354009234973
            ],
            [
              0.822268218989775,
              -0.5691001458788981
            ],
            [
              0.8175848131515836,
              -0.5758081914178451
            ],
            [
              0.8128466845916151,
              -0.582477696867802
            ],
            [
              0.808054150443073,
              -0.589108215824328
            ],
            [
              0.8032075314806449,
              -0.5956993044924332
            ],
            [
              0.7983071520990315,
              -0.6022505217162819
            ],
            [
              0.7933533402912353,
              -0.6087614290087205
            ],
            [
              0.7896229429665749,
              -0.613582019078294
            ],
            [
              0.7759084926739857,
              -0.614633275661753
            ],
            [
              0.7622204678668006,
              -0.615701151133745
            ],
            [
              0.7485563717351054,
              -0.6167847708852238
            ],
            [
              0.7349131489827285,
              -0.6178830007213237
            ],
            [
              0.7212872792283229,
              -0.6189944738094637
            ],
            [
              0.7076748815162894,
              -0.6201176236233809
            ],
            [
              0.6940718267345882,
              -0.6212507222525588
            ],
            [
              0.680473854532401,
              -0.6223919232640983
            ],
            [
              0.6668766912373836,
              -0.6235393081419055
            ],
            [
              0.6532761652914516,
              -0.6246909351919144
            ],
            [
              0.6396683168535792,
              -0.6258448896965553
            ],
            [
              0.6260494984524406,
              -0.6269993340301881
            ],
            [
              0.6124164639019902,
              -0.6281525564119117
            ],
            [
              0.5987664431074744,
              -0.6293030169739877
            ],
            [
              0.5850972008734648,
              -0.6304493898630393
            ],
            [
              0.5714070783626994,
              -0.6315906001662085
            ],
            [
              0.5576950164266503,
              -0.632725854563839
            ],
            [
              0.5439605606164925,
              -0.6338546647515811
            ],
            [
              0.5302038482668129,
              -0.6349768628450564
            ],
            [
              0.5164255786044689,
              -0.6360926081758173
            ],
            [
              0.502626967352811,
              -0.6372023851041068
            ],
            [
              0.4888096877599199,
              -0.6383069917071185
            ],
            [
              0.47497580036361664,
              -0.6394075194456837
            ],
            [
              0.46112767410355854,
              -0.6405053241615352
            ],
            [
              0.44726790159273144,
              -0.641601989004883
            ],
            [
              0.4333992114616528,
              -0.6426992801308397
            ],
            [
              0.4195243806870036,
              -0.6437990962257534
            ],
            [
              0.40564614971448404,
              -0.6449034131231601
            ],
            [
              0.3917671429894834,
              -0.6460142249364675
            ],
            [
              0.37788979722826405,
              -0.6471334832647786
            ],
            [
              0.3640162994094778,
              -0.6482630361135918
            ],
            [
              0.3501485360561529,
              -0.6494045682088883
            ],
            [
              0.3362880549289175,
              -0.6505595443683754
            ],
            [
              0.322436039780294,
              -0.6517291575264295
            ],
            [
              0.3085932983458853,
              -0.6529142828905663
            ],
            [
              0.29476026328907856,
              -0.6541154395402917
            ],
            [
              0.2809370053882243,
              -0.6553327605691591
            ],
            [
              0.26712325787378544,
              -0.6565659726249136
            ],
            [
              0.253318450499958,
              -0.6578143854293913
            ],
            [
              0.2395217516800015,
              -0.6590768915691947
            ],
            [
              0.225732116833124,
              -0.6603519765506308
            ],
            [
              0.2119483409860862,
              -0.6616377388187039
            ],
            [
              0.1981691136442587,
              -0.6629319191605534
            ],
            [
              0.18439307399132776,
              -0.6642319386583229
            ],
            [
              0.17061886458795977,
              -0.6655349441335245
            ]
          ]
        ]
      }
    },
    {
      "type": "Feature",
      "properties": {
        "cell_id": "NAM",
        "method": "GeoDisk",
        "view": "disk"
      },
      "geometry": {
        "type": "Polygon",
        "coordinates": [
          [
            [
              -0.697710857210535,
              -0.5750041616454403
            ],
            [
              -0.6839759675956316,
              -0.5728804735842701
            ],
            [
              -0.6702458176735833,
              -0.5707394612230949
            ],
            [
              -0.6565209599246914,
              -0.5685853810180912
            ],
            [
              -0.6428016519610228,
              -0.5664227214944354
            ],
            [
              -0.6290878819085803,
              -0.5642561121638561
            ],
            [
              -0.6153794052380165,
              -0.5620902353160342
            ],
            [
              -0.6016757907248923,
              -0.559929742713577
            ],
            [
              -0.5879764728579684,
              -0.5577791788915133
            ],
            [
              -0.5742808077803577,
              -0.5556429123958586
            ],
            [
              -0.5605881297516508,
              -0.5535250759067053
            ],
            [
              -0.546897805161564,
              -0.5514295157946953
            ],
            [
              -0.5332092813037117,
              -0.5493597512702809
            ],
            [
              -0.5195221274226781,
              -0.5473189429170774
            ],
            [
              -0.505836065964295,
              -0.5453098700670191
            ],
            [
              -0.4921509924689569,
              -0.543334916187945
            ],
            [
              -0.47846698312797586,
              -0.5413960612240885
            ],
            [
              -0.46478428964740703,
              -0.5394948796651974
            ],
            [
              -0.4511033217044518,
              -0.5376325430267862
            ],
            [
              -0.4374246179095279,
              -0.5358098254056418
            ],
            [
              -0.423748806773742,
              -0.5340271108314214
            ],
            [
              -0.4100765596997967,
              -0.5322844012636762
            ],
            [
              -0.39640853844000584,
              -0.5305813242771922
            ],
            [
              -0.3827453397777453,
              -0.5289171397268563
            ],
            [
              -0.3690874403729527,
              -0.5272907449728861
            ],
            [
              -0.35543514475853744,
              -0.5257006785621675
            ],
            [
              -0.34178853937934667,
              -0.5241451225836817
            ],
            [
              -0.32814745533176876,
              -0.5226219042268381
            ],
            [
              -0.31451144209959914,
              -0.5211284973523315
            ],
            [
              -0.3008797541058768,
              -0.5196620251187232
            ],
            [
              -0.2872513513317542,
              -0.5182192648793802
            ],
            [
              -0.2736249146169666,
              -0.5167966566621893
            ],
            [
              -0.2599988755802155,
              -0.515390316560989
            ],
            [
              -0.24637146041151714,
              -0.5139960562997983
            ],
            [
              -0.232740746122553,
              -0.5126094100800509
            ],
            [
              -0.2191047272245822,
              -0.5112256695929154
            ],
            [
              -0.2054613902637812,
              -0.509839927783071
            ],
            [
              -0.1918087932049303,
              -0.5084471315999748
            ],
            [
              -0.17814514633608727,
              -0.5070421435831823
            ],
            [
              -0.17204269349132614,
              -0.5192158114570213
            ],
            [
              -0.16592294908753197,
              -0.5313682516288933
            ],
            [
              -0.1597856314541878,
              -0.5434919811723241
            ],
            [
              -0.15363075129881013,
              -0.555580150239178
            ],
            [
              -0.14745856368274812,
              -0.5676266621476301
            ],
            [
              -0.14126951886202127,
              -0.5796262715445333
            ],
            [
              -0.1350642139058226,
              -0.5915746587586677
            ],
            [
              -0.12884334680993756,
              -0.6034684792302434
            ],
            [
              -0.1316081237685783,
              -0.6162538012941421
            ],
            [
              -0.13436047173190988,
              -0.6289959683382524
            ],
            [
              -0.13709935124571046,
              -0.6416954391067146
            ],
            [
              -0.1398238087394688,
              -0.6543532283343211
            ],
            [
              -0.14253300245169648,
              -0.66697089085717
            ],
            [
              -0.14522622946818048,
              -0.6795504976540517
            ],
            [
              -0.1479029531317957,
              -0.6920946041628921
            ],
            [
              -0.15056283000572376,
              -0.7046062113416546
            ],
            [
              -0.153205735520176,
              -0.7170887200613869
            ],
            [
              -0.1558317874080878,
              -0.7295458795282618
            ],
            [
              -0.1584413660389973,
              -0.7419817305294674
            ],
            [
              -0.1610351307925877,
              -0.7544005443828209
            ],
            [
              -0.1636140316735744,
              -0.7668067585405032
            ],
            [
              -0.1661793154561791,
              -0.7792049098521555
            ],
            [
              -0.17299597537701356,
              -0.7904285710791671
            ],
            [
              -0.17980052710081326,
              -0.8016612156244403
            ],
            [
              -0.1865952387438751,
              -0.8129065686167565
            ],
            [
              -0.19338273213475637,
              -0.824168096690075
            ],
            [
              -0.20016594044540126,
              -0.835448963019258
            ],
            [
              -0.20694805127524268,
              -0.8467519859932269
            ],
            [
              -0.21373243607889442,
              -0.858079602436239
            ],
            [
              -0.22052256743404172,
              -0.8694338362936915
            ],
            [
              -0.2273219262226488,
              -0.8808162736715431
            ],
            [
              -0.2341339013218802,
              -0.8922280450549942
            ],
            [
              -0.24096168484882288,
              -0.9036698154305164
            ],
            [
              -0.2478081663549534,
              -0.9151417828951772
            ],
            [
              -0.25467582960503626,
              -0.9266436861596782
            ],
            [
              -0.2615666556868971,
              -0.9381748211397475
            ],
            [
              -0.268482036173686,
              -0.9497340665898131
            ],
            [
              -0.27542269989367973,
              -0.9613199184706356
            ],
            [
              -0.2824461000842123,
              -0.9592831701573937
            ],
            [
              -0.29028467725446216,
              -0.9569403357322089
            ],
            [
              -0.2981038250427397,
              -0.9545334512183885
            ],
            [
              -0.3059030200965532,
              -0.9520626777139244
            ],
            [
              -0.31368174039889124,
              -0.9495281805930368
            ],
            [
              -0.3214394653031613,
              -0.9469301294951056
            ],
            [
              -0.32917567556803873,
              -0.9442686983133166
            ],
            [
              -0.33688985339221994,
              -0.9415440651830208
            ],
            [
              -0.34458148244908016,
              -0.9387564124698133
            ],
            [
              -0.3522500479212332,
              -0.9359059267573256
            ],
            [
              -0.35989503653498794,
              -0.932992798834739
            ],
            [
              -0.3675159365947034,
              -0.9300172236840122
            ],
            [
              -0.3751122380170379,
              -0.926979400466833
            ],
            [
              -0.3826834323650895,
              -0.9238795325112868
            ],
            [
              -0.3902290128824278,
              -0.9207178272982478
            ],
            [
              -0.39774847452701084,
              -0.9174944964474914
            ],
            [
              -0.4052413140049897,
              -0.9142097557035306
            ],
            [
              -0.4127070298043946,
              -0.9108638249211759
            ],
            [
              -0.4201451222287024,
              -0.9074569280508187
            ],
            [
              -0.42755509343028186,
              -0.9039892931234434
            ],
            [
              -0.43493644744371673,
              -0.9004611522353638
            ],
            [
              -0.44228869021900113,
              -0.8968727415326884
            ],
            [
              -0.44961132965460626,
              -0.8932243011955153
            ],
            [
              -0.4569038756304206,
              -0.8895160754218561
            ],
            [
              -0.4641658400405513,
              -0.8857483124112905
            ],
            [
              -0.4713967368259973,
              -0.8819212643483553
            ],
            [
              -0.4785960820071807,
              -0.8780351873856628
            ],
            [
              -0.4857633937163398,
              -0.874090341626759
            ],
            [
              -0.492898192229784,
              -0.8700869911087115
            ],
            [
              -0.49999999999999983,
              -0.8660254037844387
            ],
            [
              -0.5070683416876167,
              -0.8619058515047745
            ],
            [
              -0.5141027441932217,
              -0.8577286100002721
            ],
            [
              -0.5211027366890232,
              -0.8534939588627506
            ],
            [
              -0.528067850650368,
              -0.8492021815265789
            ],
            [
              -0.534997619887097,
              -0.8448535652497072
            ],
            [
              -0.5418915805747514,
              -0.8404484010944382
            ],
            [
              -0.5487492712856158,
              -0.8359869839079468
            ],
            [
              -0.5555702330196018,
              -0.8314696123025452
            ],
            [
              -0.562354009234973,
              -0.8268965886356963
            ],
            [
              -0.5691001458788979,
              -0.8222682189897751
            ],
            [
              -0.575808191417845,
              -0.8175848131515839
            ],
            [
              -0.5824776968678019,
              -0.8128466845916151
            ],
            [
              -0.5891082158243279,
              -0.8080541504430734
            ],
            [
              -0.5956993044924334,
              -0.8032075314806449
            ],
            [
              -0.6022505217162817,
              -0.7983071520990315
            ],
            [
              -0.6087614290087202,
              -0.7933533402912353
            ],
            [
              -0.6152315905806268,
              -0.7883464276266063
            ],
            [
              -0.6216605733700772,
              -0.7832867492286506
            ],
            [
              -0.6280479470713338,
              -0.7781746437525981
            ],
            [
              -0.6343932841636454,
              -0.7730104533627371
            ],
            [
              -0.6406961599398605,
              -0.7677945237095122
            ],
            [
              -0.6469561525348573,
              -0.7625272039063882
            ],
            [
              -0.6531728429537765,
              -0.7572088465064848
            ],
            [
              -0.6593458151000685,
              -0.7518398074789777
            ],
            [
              -0.6654746558033421,
              -0.7464204461852739
            ],
            [
              -0.6715589548470181,
              -0.7409511253549593
            ],
            [
              -0.6775983049957887,
              -0.7354322110615187
            ],
            [
              -0.6835923020228711,
              -0.7298640726978358
            ],
            [
              -0.6895405447370666,
              -0.7242470829514672
            ],
            [
              -0.6954426350096116,
              -0.7185816177796982
            ],
            [
              -0.7012981778008239,
              -0.71286805638438
            ],
            [
              -0.7071067811865475,
              -0.7071067811865476
            ],
            [
              -0.7128680563843796,
              -0.7012981778008244
            ],
            [
              -0.7185816177796978,
              -0.695442635009612
            ],
            [
              -0.7242470829514668,
              -0.689540544737067
            ],
            [
              -0.7298640726978354,
              -0.6835923020228716
            ],
            [
              -0.7354322110615186,
              -0.6775983049957888
            ],
            [
              -0.7409511253549588,
              -0.6715589548470184
            ],
            [
              -0.7464204461852734,
              -0.6654746558033424
            ],
            [
              -0.7518398074789772,
              -0.6593458151000688
            ],
            [
              -0.7572088465064843,
              -0.6531728429537771
            ],
            [
              -0.7625272039063881,
              -0.6469561525348574
            ],
            [
              -0.7634043585021871,
              -0.6459136904287743
            ],
            [
              -0.7540345033475843,
              -0.6359051157703584
            ],
            [
              -0.7446514605317824,
              -0.6258512658059416
            ],
            [
              -0.7352603558160364,
              -0.6157543077657597
            ],
            [
              -0.7258662222786252,
              -0.6056171908090457
            ],
            [
              -0.7164738174715767,
              -0.5954435583453106
            ],
            [
              -0.707087455066861,
              -0.5852376449648098
            ],
            [
              -0.697710857210535,
              -0.5750041616454403
            ]
          ]
        ]
      }
    },
    {
      "type": "Feature",
      "properties": {
        "cell_id": "NER",
        "method": "GeoDisk",
        "view": "disk"
      },
      "geometry": {
        "type": "Polygon",
        "coordinates": [
          [
            [
              -0.38345501745721294,
              0.31245127032967696
            ],
            [
              -0.3978792516708985,
              0.3119397665324765
            ],
            [
              -0.4123074796171228,
              0.3114328184253287
            ],
            [
              -0.42673080237558864,
              0.31092879599907913
            ],
            [
              -0.4411406415528789,
              0.3104263924383504
            ],
            [
              -0.4555289056963493,
              0.3099245622985288
            ],
            [
              -0.46988813438023447,
              0.309422456603601
            ],
            [
              -0.4842116178213116,
              0.30891935824783545
            ],
            [
              -0.4984934908177516,
              0.3084146208235493
            ],
            [
              -0.5127288007096036,
              0.3079076136187463
            ],
            [
              -0.5244990065000573,
              0.3151322595097168
            ],
            [
              -0.5362288308912452,
              0.3223793916102183
            ],
            [
              -0.5479155909856174,
              0.3296446951454582
            ],
            [
              -0.5595574854785859,
              0.3369236249174728
            ],
            [
              -0.5711536446582467,
              0.3442115400638396
            ],
            [
              -0.5827041539939355,
              0.351503837545664
            ],
            [
              -0.5942100506682604,
              0.35879607937315783
            ],
            [
              -0.6056732933580147,
              0.366084108927863
            ],
            [
              -0.6170967064911819,
              0.37336415230675657
            ],
            [
              -0.628483901062988,
              0.380632901367161
            ],
            [
              -0.6398391748514705,
              0.3878875760541113
            ],
            [
              -0.6511673955062762,
              0.39512596459689436
            ],
            [
              -0.6496120054127672,
              0.40765335132823416
            ],
            [
              -0.6480595173074382,
              0.4201835402892613
            ],
            [
              -0.6432413664382332,
              0.43183842915120624
            ],
            [
              -0.6384225773084241,
              0.4434958521998632
            ],
            [
              -0.6336031648156062,
              0.4551560467384729
            ],
            [
              -0.6287831680583863,
              0.46681923969826705
            ],
            [
              -0.6239626584059383,
              0.4784856462780944
            ],
            [
              -0.6191417462577733,
              0.4901554681288913
            ],
            [
              -0.6143205863724106,
              0.5018288910188653
            ],
            [
              -0.6094993816773,
              0.5135060819463543
            ],
            [
              -0.5993912811278197,
              0.521787448834703
            ],
            [
              -0.5892707501582983,
              0.5300659562028095
            ],
            [
              -0.5791380451779248,
              0.5383421128271639
            ],
            [
              -0.5689935987676998,
              0.5466165276347102
            ],
            [
              -0.5588380204705141,
              0.5548899142951357
            ],
            [
              -0.5486720926702474,
              0.5631630926602715
            ],
            [
              -0.5384967616562795,
              0.5714369865923584
            ],
            [
              -0.5283131241505433,
              0.5797126178431059
            ],
            [
              -0.5181224097382922,
              0.5879910957872508
            ],
            [
              -0.5079259597844962,
              0.5962736029726493
            ],
            [
              -0.49772520353002286,
              0.604561376617814
            ],
            [
              -0.4875216321415548,
              0.6128556863605549
            ],
            [
              -0.4773167715343448,
              0.6211578087308997
            ],
            [
              -0.4659359205629866,
              0.6201927452357002
            ],
            [
              -0.4545352536120265,
              0.6192100548686651
            ],
            [
              -0.44311533784153684,
              0.6182102712515604
            ],
            [
              -0.4316770403369744,
              0.6171941493107373
            ],
            [
              -0.42400756447976223,
              0.6057937788799196
            ],
            [
              -0.41631079481274874,
              0.5943646833752536
            ],
            [
              -0.4085863376357932,
              0.5829115661697449
            ],
            [
              -0.400834481304031,
              0.5714400734092943
            ],
            [
              -0.393056231469495,
              0.5599567288017406
            ],
            [
              -0.3852533262319452,
              0.5484688370079062
            ],
            [
              -0.37742822973583495,
              0.5369843572592333
            ],
            [
              -0.3695841034334149,
              0.5255117499703773
            ],
            [
              -0.3703443283634056,
              0.5118337785921091
            ],
            [
              -0.3711114599024083,
              0.498201508461421
            ],
            [
              -0.37188710581563683,
              0.48461787248790106
            ],
            [
              -0.3726729566549597,
              0.47108510996298913
            ],
            [
              -0.37347075080229863,
              0.45760472281920245
            ],
            [
              -0.37428223560628,
              0.44417744561505956
            ],
            [
              -0.3751091255398754,
              0.43080322993097636
            ],
            [
              -0.37595305840020005,
              0.41748124356801813
            ],
            [
              -0.37681555063565314,
              0.40420988463881213
            ],
            [
              -0.3776979529193876,
              0.39098681033499516
            ],
            [
              -0.37860140709202605,
              0.37780897985510276
            ],
            [
              -0.37952680557186075,
              0.36467271068728213
            ],
            [
              -0.3804747542796024,
              0.35157374716871365
            ],
            [
              -0.38144554004976167,
              0.3385073399936805
            ],
            [
              -0.38243910340506543,
              0.3254683351196481
            ],
            [
              -0.38345501745721294,
              0.31245127032967696
            ]
          ]
        ]
      }
    },
    {
      "type": "Feature",
      "properties": {
        "cell_id": "NGA",
        "method": "GeoDisk",
        "view": "disk"
      },
      "geometry": {
        "type": "Polygon",
        "coordinates": [
          [
            [
              -0.67024524734234,
              0.06934383998723648
            ],
            [
              -0.6706518364206135,
              0.08313408878276587
            ],
            [
              -0.6710408907355143,
              0.0969257516183012
            ],
            [
              -0.6714146310494475,
              0.11071845060256828
            ],
            [
              -0.6717752337763155,
              0.12451193437221225
            ],
            [
              -0.6721248010908787,
              0.13830606792999864
            ],
            [
              -0.6724653349196755,
              0.15210081935702924
            ],
            [
              -0.6727987152031086,
              0.16589624409890544
            ],
            [
              -0.6731266826942278,
              0.17969246756129337
            ],
            [
              -0.6734508264331517,
              0.19348966675882004
            ],
            [
              -0.6737725759105722,
              0.2072880517436241
            ],
            [
              -0.6740931978128972,
              0.22108784749790905
            ],
            [
              -0.6744137971285293,
              0.2348892769111134
            ],
            [
              -0.6747353222924304,
              0.2486925453800685
            ],
            [
              -0.6750585739569538,
              0.26249782747359685
            ],
            [
              -0.6753842169028671,
              0.27630525599561295
            ],
            [
              -0.6757127945469483,
              0.2901149136674054
            ],
            [
              -0.676044745462355,
              0.30392682753490247
            ],
            [
              -0.6763804213053831,
              0.31774096609477265
            ],
            [
              -0.6767201055369757,
              0.3315572390283453
            ],
            [
              -0.6770640323385912,
              0.34537549933826234
            ],
            [
              -0.6774124051485445,
              0.35919554760268313
            ],
            [
              -0.6777654142850332,
              0.373017137998283
            ],
            [
              -0.672296519766926,
              0.37777458214624593
            ],
            [
              -0.6668236113215397,
              0.38253011188235375
            ],
            [
              -0.6589998918908556,
              0.3888301397893341
            ],
            [
              -0.6511673955062761,
              0.3951259645968943
            ],
            [
              -0.6398391748514703,
              0.38788757605411117
            ],
            [
              -0.628483901062988,
              0.380632901367161
            ],
            [
              -0.6170967064911818,
              0.3733641523067565
            ],
            [
              -0.6056732933580146,
              0.3660841089278629
            ],
            [
              -0.5942100506682603,
              0.3587960793731578
            ],
            [
              -0.5827041539939355,
              0.351503837545664
            ],
            [
              -0.5711536446582466,
              0.3442115400638395
            ],
            [
              -0.5595574854785857,
              0.33692362491747274
            ],
            [
              -0.5479155909856174,
              0.3296446951454582
            ],
            [
              -0.5362288308912452,
              0.3223793916102183
            ],
            [
              -0.5244990065000571,
              0.31513225950971696
            ],
            [
              -0.5127288007096035,
              0.30790761361874625
            ],
            [
              -0.5166771523603032,
              0.2946214931332183
            ],
            [
              -0.5206326995643246,
              0.28133437952529683
            ],
            [
              -0.5245944426278857,
              0.268044281911865
            ],
            [
              -0.5285612496546519,
              0.2547493849530414
            ],
            [
              -0.5325318589599459,
              0.24144807064846402
            ],
            [
              -0.5365048829410329,
              0.22813893651296233
            ],
            [
              -0.5404788133653822,
              0.21482081012532084
            ],
            [
              -0.5444520280501102,
              0.201492760076816
            ],
            [
              -0.5484227989186264,
              0.18815410336706387
            ],
            [
              -0.5523893014330172,
              0.1748044093050674
            ],
            [
              -0.5563496254112179,
              0.16144349997535587
            ],
            [
              -0.5603017872449675,
              0.14807144732545788
            ],
            [
              -0.5642437435366507,
              0.13468856692459802
            ],
            [
              -0.5681734061694129,
              0.12129540843756279
            ],
            [
              -0.5720886588147589,
              0.10789274285516744
            ],
            [
              -0.5759873748649948,
              0.09448154652647837
            ],
            [
              -0.5798674367544034,
              0.08106298205026805
            ],
            [
              -0.5837267566034857,
              0.06763837610586178
            ],
            [
              -0.5875632980856562,
              0.05420919433772011
            ],
            [
              -0.5997271082842717,
              0.05021720819975444
            ],
            [
              -0.6118468449296044,
              0.04623433552916375
            ],
            [
              -0.6239204015461941,
              0.04225998892862877
            ],
            [
              -0.6359459484307928,
              0.03829344274928217
            ],
            [
              -0.647922009134599,
              0.03433385719547525
            ],
            [
              -0.6481777086177755,
              0.03444326674518867
            ],
            [
              -0.6553983840988715,
              0.04191883084805818
            ],
            [
              -0.6603655500894307,
              0.05105559668158759
            ],
            [
              -0.6653141132948712,
              0.06019736944244884
            ],
            [
              -0.67024524734234,
              0.06934383998723648
            ]
          ]
        ]
      }
    },
    {
      "type": "Feature",
      "properties": {
        "cell_id": "RWA",
        "method": "GeoDisk",
        "view": "disk"
      },
      "geometry": {
        "type": "Polygon",
        "coordinates": [
          [
            [
              0.341249856716861,
              -0.3300650569905732
            ],
            [
              0.3305100156989248,
              -0.3210496154969797
            ],
            [
              0.31978216556620165,
              -0.31205341257118274
            ],
            [
              0.3090646962105301,
              -0.30307402101959074
            ],
            [
              0.2983557276079507,
              -0.29410877453006606
            ],
            [
              0.2876532249648178,
              -0.2851548977778708
            ],
            [
              0.2769551153546431,
              -0.276209630379235
            ],
            [
              0.26625940053465674,
              -0.26727033962158603
            ],
            [
              0.2555642608883565,
              -0.2583346176812747
            ],
            [
              0.24486814591882536,
              -0.24940035998508617
            ],
            [
              0.23416984739584104,
              -0.24046582243169637
            ],
            [
              0.2234685521080965,
              -0.23152965630969607
            ],
            [
              0.21276387215345566,
              -0.2225909208741222
            ],
            [
              0.2020558517724971,
              -0.2136490746189455
            ],
            [
              0.19134495084674444,
              -0.20470394725794785
            ],
            [
              0.18063200629335582,
              -0.19575569525682962
            ],
            [
              0.16991817364236417,
              -0.1868047444100327
            ],
            [
              0.1592048520319622,
              -0.17785172340197258
            ],
            [
              0.14849359665666173,
              -0.16889739252085656
            ],
            [
              0.137786023313302,
              -0.15994257170225298
            ],
            [
              0.12708371007988095,
              -0.1509880718782392
            ],
            [
              0.11638810131114165,
              -0.14203463321522336
            ],
            [
              0.10570041903323739,
              -0.1330828732664623
            ],
            [
              0.09502158647023616,
              -0.12413324737720291
            ],
            [
              0.08435216785232347,
              -0.11518602289877662
            ],
            [
              0.07369232786502053,
              -0.10624126793251733
            ],
            [
              0.06304181313522016,
              -0.09729885447435381
            ],
            [
              0.05239995705337479,
              -0.0883584750016886
            ],
            [
              0.04176570804033263,
              -0.07941967075894217
            ],
            [
              0.031137680105144932,
              -0.07048186924351481
            ],
            [
              0.020514223182845966,
              -0.06154442753122425
            ],
            [
              0.009893509172108494,
              -0.052606676491543373
            ],
            [
              0.005934170749078109,
              -0.04143468318748948
            ],
            [
              0.0019710014572675728,
              -0.030248220080142527
            ],
            [
              -0.0019966556287825308,
              -0.01904623603148672
            ],
            [
              -0.0022287556648337707,
              -0.009781139498880148
            ],
            [
              -0.0024610863134166246,
              -0.000501374728168527
            ],
            [
              -0.0014111460819423631,
              0.000628270289267571
            ],
            [
              0.005941251486152044,
              0.00231542042134216
            ],
            [
              0.01846610187997947,
              -0.003936486933010319
            ],
            [
              0.0310029327244629,
              -0.010192621702946374
            ],
            [
              0.04355344028139327,
              -0.016452554318460846
            ],
            [
              0.05611915370427756,
              -0.02271578143295586
            ],
            [
              0.06870135528147663,
              -0.02898173757039809
            ],
            [
              0.08130100881508515,
              -0.03524980264042895
            ],
            [
              0.09391869893014466,
              -0.04151930568188507
            ],
            [
              0.10655458424424911,
              -0.04778952587850088
            ],
            [
              0.11920836673135053,
              -0.054059692171683965
            ],
            [
              0.13187927889718698,
              -0.06032898296221577
            ],
            [
              0.14456608959243838,
              -0.06659652744975707
            ],
            [
              0.15726712846006038,
              -0.07286141010334848
            ],
            [
              0.1699803281825169,
              -0.07912267958905768
            ],
            [
              0.18270328290000493,
              -0.08537936320924591
            ],
            [
              0.19543332044777362,
              -0.0916304875438483
            ],
            [
              0.20816758544158678,
              -0.09787510554520147
            ],
            [
              0.2209031297528346,
              -0.10411232984687038
            ],
            [
              0.2336370065803263,
              -0.11034137153034405
            ],
            [
              0.2463663641589395,
              -0.11656158308113601
            ],
            [
              0.2590885351529877,
              -0.12277250378904367
            ],
            [
              0.27180111796343875,
              -0.12897390543718543
            ],
            [
              0.2845020465243267,
              -0.13516583580993896
            ],
            [
              0.29718964565905726,
              -0.14134865735598715
            ],
            [
              0.3098626696897585,
              -0.14752307828848937
            ],
            [
              0.3225203227151793,
              -0.1536901735018128
            ],
            [
              0.3351622597638527,
              -0.15985139293692213
            ],
            [
              0.33813765455930156,
              -0.17331777380754934
            ],
            [
              0.3411271701849048,
              -0.18677514085379704
            ],
            [
              0.3441314585013864,
              -0.20022743971706622
            ],
            [
              0.3471510788678642,
              -0.21367858277343876
            ],
            [
              0.3501864946943087,
              -0.22713240169982737
            ],
            [
              0.3532380675041195,
              -0.2405925964076122
            ],
            [
              0.3563060489994479,
              -0.25406268058752773
            ],
            [
              0.3593905717767523,
              -0.2675459244922331
            ],
            [
              0.3624916394546167,
              -0.28104529596349126
            ],
            [
              0.365609117045958,
              -0.2945634010685095
            ],
            [
              0.36874272243027123,
              -0.30810242602489696
            ],
            [
              0.3718920197584971,
              -0.3216640823475823
            ],
            [
              0.3616673568746655,
              -0.32446018726218034
            ],
            [
              0.3514526095575577,
              -0.32726011190941756
            ],
            [
              0.341249856716861,
              -0.3300650569905732
            ]
          ]
        ]
      }
    },
    {
      "type": "Feature",
      "properties": {
        "cell_id": "SAH",
        "method": "GeoDisk",
        "view": "disk"
      },
      "geometry": {
        "type": "Polygon",
        "coordinates": [
          [
            [
              -0.6480595173074382,
              0.4201835402892609
            ],
            [
              -0.6496120054127671,
              0.40765335132823405
            ],
            [
              -0.6511673955062762,
              0.39512596459689436
            ],
            [
              -0.6589998918908534,
              0.3888301397893359
            ],
            [
              -0.6668236113215352,
              0.38253011188235714
            ],
            [
              -0.6784285683768618,
              0.3895890070321314
            ],
            [
              -0.6900212531578729,
              0.39662881376547443
            ],
            [
              -0.7016077510417702,
              0.40364927999426214
            ],
            [
              -0.7131940639137546,
              0.41065066949185264
            ],
            [
              -0.7247859678458947,
              0.417633698656531
            ],
            [
              -0.736388882284928,
              0.4245994636825786
            ],
            [
              -0.7480077544129721,
              0.43154936277086314
            ],
            [
              -0.7596469617271974,
              0.4384850180669171
            ],
            [
              -0.771310235182975,
              0.4454082018256381
            ],
            [
              -0.7830006044860349,
              0.452320770880957
            ],
            [
              -0.7947203663300458,
              0.4592246128694141
            ],
            [
              -0.8064710755843968,
              0.4661216068511062
            ],
            [
              -0.8182535586700191,
              0.4730136000299654
            ],
            [
              -0.8300679476448012,
              0.4799024012437409
            ],
            [
              -0.84191373287833,
              0.4867897908222448
            ],
            [
              -0.8537898316491545,
              0.493677545352367
            ],
            [
              -0.8656946695634994,
              0.500567474891931
            ],
            [
              -0.8619058515047744,
              0.5070683416876168
            ],
            [
              -0.8577286100002723,
              0.5141027441932214
            ],
            [
              -0.8534939588627506,
              0.5211027366890228
            ],
            [
              -0.8492021815265793,
              0.5280678506503673
            ],
            [
              -0.8448535652497072,
              0.5349976198870967
            ],
            [
              -0.8404484010944384,
              0.5418915805747512
            ],
            [
              -0.8371709476644813,
              0.5469293882989822
            ],
            [
              -0.8258614805278206,
              0.5395338302383892
            ],
            [
              -0.8145782944569462,
              0.5321394324775989
            ],
            [
              -0.803322757185935,
              0.5247443542016346
            ],
            [
              -0.7920957810072432,
              0.5173468288290197
            ],
            [
              -0.7808977486857241,
              0.5099451213922691
            ],
            [
              -0.7697284509868848,
              0.5025374961709995
            ],
            [
              -0.7585870386541587,
              0.49512219742512387
            ],
            [
              -0.747471991297871,
              0.4876974451953493
            ],
            [
              -0.7363811051832777,
              0.4802614471700986
            ],
            [
              -0.7253115013403291,
              0.4728124266089446
            ],
            [
              -0.7142596547809902,
              0.4653486653108321
            ],
            [
              -0.7032214449212874,
              0.4578685596684805
            ],
            [
              -0.6921922265873266,
              0.4503706870035687
            ],
            [
              -0.6811669202613507,
              0.44285387867153303
            ],
            [
              -0.6701401195202795,
              0.43531729589496115
            ],
            [
              -0.6591062129599264,
              0.42776050395800874
            ],
            [
              -0.6480595173074382,
              0.4201835402892609
            ]
          ]
        ]
      }
    },
    {
      "type": "Feature",
      "properties": {
        "cell_id": "SDN",
        "method": "GeoDisk",
        "view": "disk"
      },
      "geometry": {
        "type": "Polygon",
        "coordinates": [
          [
            [
              -0.02815018806376421,
              0.08262914430228757
            ],
            [
              -0.033377255502154236,
              0.09538710551036865
            ],
            [
              -0.038594501412931415,
              0.10813308892269419
            ],
            [
              -0.04379880625959055,
              0.12085974161445837
            ],
            [
              -0.04898718062109641,
              0.1335594739097245
            ],
            [
              -0.054156866098858225,
              0.1462246870942375
            ],
            [
              -0.059305432014335024,
              0.15884801406570248
            ],
            [
              -0.06443086472126497,
              0.1714225655394206
            ],
            [
              -0.06953164660820879,
              0.18394217397681917
            ],
            [
              -0.07460682222024864,
              0.1964016272150045
            ],
            [
              -0.07965604936349695,
              0.20879688386185344
            ],
            [
              -0.08467963355036308,
              0.22112526288800446
            ],
            [
              -0.08967854467446681,
              0.23338560048828277
            ],
            [
              -0.09465441534986128,
              0.24557836818354875
            ],
            [
              -0.09960952089039803,
              0.25770574726216067
            ],
            [
              -0.10454674142547474,
              0.2697716559810737
            ],
            [
              -0.10946950713564019,
              0.2817817274147892
            ],
            [
              -0.11438172803682077,
              0.2937432374043408
            ],
            [
              -0.11928771013966728,
              0.30566498366249323
            ],
            [
              -0.11169253479886787,
              0.31640272961420546
            ],
            [
              -0.10409698235603658,
              0.3271748379243487
            ],
            [
              -0.09649855368179859,
              0.3379827469731961
            ],
            [
              -0.08889506914243024,
              0.3488271468419998
            ],
            [
              -0.08128474919966355,
              0.3597079721304565
            ],
            [
              -0.07366628073293893,
              0.37062441534319446
            ],
            [
              -0.06603886666265926,
              0.38157496016475034
            ],
            [
              -0.05840225704434802,
              0.39255743333445364
            ],
            [
              -0.050756760472321055,
              0.4035690732772058
            ],
            [
              -0.04310323535401355,
              0.4146066131634921
            ],
            [
              -0.03544306136516302,
              0.4256663756788507
            ],
            [
              -0.02171725728201185,
              0.42619183958999735
            ],
            [
              -0.007939510835808492,
              0.42675476760402226
            ],
            [
              0.00589439721530968,
              0.4273439813654197
            ],
            [
              0.019787154867255553,
              0.42794788210968604
            ],
            [
              0.0337398421158281,
              0.4285546406736349
            ],
            [
              0.04775189788731258,
              0.42915239127394367
            ],
            [
              0.06182113131029764,
              0.4297294243501311
            ],
            [
              0.07594377664909195,
              0.43027437388949175
            ],
            [
              0.0901145899160121,
              0.4307763949272458
            ],
            [
              0.10432698395586883,
              0.431225327330992
            ],
            [
              0.11857319769435153,
              0.4316118425130728
            ],
            [
              0.1328444943005458,
              0.4319275703403994
            ],
            [
              0.14713138226315292,
              0.43216520419720605
            ],
            [
              0.16142385284202132,
              0.43231858286868996
            ],
            [
              0.17571162704371684,
              0.43238274861951304
            ],
            [
              0.18998440518462031,
              0.4323539815102965
            ],
            [
              0.18265663675517807,
              0.4207943202752836
            ],
            [
              0.1752735681261684,
              0.40916042053676177
            ],
            [
              0.16783701047644778,
              0.3974515648985868
            ],
            [
              0.16034976524299988,
              0.38566817534802345
            ],
            [
              0.15281556655495185,
              0.3738118156721299
            ],
            [
              0.14523899730041345,
              0.36188516998421755
            ],
            [
              0.13762538138100874,
              0.3498919972240153
            ],
            [
              0.12998065558688793,
              0.33783706211354586
            ],
            [
              0.12231122526791186,
              0.32572604369313324
            ],
            [
              0.11462380855052763,
              0.3135654232103859
            ],
            [
              0.10692527422897942,
              0.3013623537683787
            ],
            [
              0.09922247862814304,
              0.2891245147341394
            ],
            [
              0.09152210668852986,
              0.27685995444000333
            ],
            [
              0.08383052226790537,
              0.2645769251534081
            ],
            [
              0.07615363220494496,
              0.25228371462166155
            ],
            [
              0.06849676807396445,
              0.239988478696697
            ],
            [
              0.0608645888088249,
              0.22769907959519037
            ],
            [
              0.05326100652645956,
              0.21542293424226353
            ],
            [
              0.045689136976464394,
              0.20316687688031612
            ],
            [
              0.03815127512323668,
              0.19093703970429762
            ],
            [
              0.030648895469327,
              0.17873875472518427
            ],
            [
              0.02318267588662936,
              0.16657647938669626
            ],
            [
              0.01575254296307964,
              0.15445374769583695
            ],
            [
              0.00835773621566973,
              0.14237314781138635
            ],
            [
              0.0009968879740358508,
              0.13033632620658894
            ],
            [
              -0.006331884703936207,
              0.11834401772509333
            ],
            [
              -0.013630880089802646,
              0.10639610011742173
            ],
            [
              -0.020902708165668114,
              0.09449167097894727
            ],
            [
              -0.02815018806376421,
              0.08262914430228757
            ]
          ]
        ]
      }
    },
    {
      "type": "Feature",
      "properties": {
        "cell_id": "SDS",
        "method": "GeoDisk",
        "view": "disk"
      },
      "geometry": {
        "type": "Polygon",
        "coordinates": [
          [
            [
              -0.0014111460819425054,
              0.0006282702892675555
            ],
            [
              -0.005223346851947812,
              0.012301945823516805
            ],
            [
              -0.009040398291604754,
              0.023992779175279484
            ],
            [
              -0.012861135527298041,
              0.035699305718878346
            ],
            [
              -0.01668416247425042,
              0.04741936259045498
            ],
            [
              -0.02050788015824573,
              0.059150107802097646
            ],
            [
              -0.024330520962687622,
              0.07088805795738591
            ],
            [
              -0.02815018806376421,
              0.08262914430228757
            ],
            [
              -0.020902708165668096,
              0.09449167097894727
            ],
            [
              -0.013630880089802646,
              0.10639610011742173
            ],
            [
              -0.006331884703936207,
              0.11834401772509333
            ],
            [
              0.0009968879740358217,
              0.13033632620658894
            ],
            [
              0.00835773621566973,
              0.14237314781138635
            ],
            [
              0.015752542963079676,
              0.15445374769583695
            ],
            [
              0.023182675886629367,
              0.16657647938669629
            ],
            [
              0.030648895469327007,
              0.1787387547251843
            ],
            [
              0.03815127512323668,
              0.19093703970429765
            ],
            [
              0.045689136976464394,
              0.20316687688031612
            ],
            [
              0.05326100652645956,
              0.21542293424226353
            ],
            [
              0.06086458880882489,
              0.22769907959519034
            ],
            [
              0.06849676807396445,
              0.239988478696697
            ],
            [
              0.07615363220494502,
              0.25228371462166155
            ],
            [
              0.08383052226790537,
              0.2645769251534081
            ],
            [
              0.0915221066885299,
              0.2768599544400033
            ],
            [
              0.09922247862814301,
              0.28912451473413936
            ],
            [
              0.10692527422897947,
              0.30136235376837867
            ],
            [
              0.11462380855052763,
              0.3135654232103859
            ],
            [
              0.12231122526791186,
              0.32572604369313324
            ],
            [
              0.12998065558688796,
              0.33783706211354586
            ],
            [
              0.13762538138100874,
              0.3498919972240153
            ],
            [
              0.14523899730041354,
              0.3618851699842175
            ],
            [
              0.15281556655495185,
              0.3738118156721299
            ],
            [
              0.16034976524299988,
              0.38566817534802345
            ],
            [
              0.16783701047644778,
              0.3974515648985868
            ],
            [
              0.1752735681261684,
              0.40916042053676177
            ],
            [
              0.18265663675517815,
              0.4207943202752835
            ],
            [
              0.18998440518462043,
              0.43235398151029647
            ],
            [
              0.20374764729841027,
              0.4327620525184846
            ],
            [
              0.20719009031385047,
              0.42004517882148756
            ],
            [
              0.21062381169513508,
              0.40724403022944194
            ],
            [
              0.2140465128799178,
              0.39435440434869456
            ],
            [
              0.2174558701882627,
              0.38137351008798404
            ],
            [
              0.22084956669627823,
              0.368299975863884
            ],
            [
              0.22422532484930224,
              0.355133828661137
            ],
            [
              0.22758093927539277,
              0.3418764457059243
            ],
            [
              0.23091430925726875,
              0.3285304811185326
            ],
            [
              0.2342234703201993,
              0.31509977042573034
            ],
            [
              0.23750662439609516,
              0.30158921622114276
            ],
            [
              0.24076216803207626,
              0.28800465855624685
            ],
            [
              0.24398871812698594,
              0.27435273382136227
            ],
            [
              0.24718513470322986,
              0.2606407259351457
            ],
            [
              0.25035054025488446,
              0.2468764136065758
            ],
            [
              0.2534843352563815,
              0.23306791727307452
            ],
            [
              0.25658620946866456,
              0.21922354906391112
            ],
            [
              0.2596561487404597,
              0.20535166880438513
            ],
            [
              0.2626944370701507,
              0.19146054868141643
            ],
            [
              0.2509226862867429,
              0.1827530495047297
            ],
            [
              0.2390911513162909,
              0.17400857334410205
            ],
            [
              0.22721187292980316,
              0.16523538055676412
            ],
            [
              0.21529755406656287,
              0.1564421327203108
            ],
            [
              0.20336123310285037,
              0.1476376959721596
            ],
            [
              0.191415952916905,
              0.13883093763343007
            ],
            [
              0.17947443663336912,
              0.1300305222018877
            ],
            [
              0.1675487805339589,
              0.12124471299366961
            ],
            [
              0.15565017382985483,
              0.11248118567808515
            ],
            [
              0.14378865384602885,
              0.10374685967114163
            ],
            [
              0.13197290372263212,
              0.09504775283029296
            ],
            [
              0.12021009805822695,
              0.08638886413660729
            ],
            [
              0.10850580007571921,
              0.07777408808544967
            ],
            [
              0.09686391195983034,
              0.06920616336951058
            ],
            [
              0.08528667807103674,
              0.060686657175766164
            ],
            [
              0.07377473885923184,
              0.052215985085911194
            ],
            [
              0.06232723155046413,
              0.04379346522789165
            ],
            [
              0.05094193212476328,
              0.03541740403552434
            ],
            [
              0.03961543179647598,
              0.02708520979258984
            ],
            [
              0.02834334019470266,
              0.01879352912032462
            ],
            [
              0.017120506753192172,
              0.010538400757748896
            ],
            [
              0.005941251486152017,
              0.0023154204213421785
            ],
            [
              -0.0014111460819425054,
              0.0006282702892675555
            ]
          ]
        ]
      }
    },
    {
      "type": "Feature",
      "properties": {
        "cell_id": "SEN",
        "method": "GeoDisk",
        "view": "disk"
      },
      "geometry": {
        "type": "Polygon",
        "coordinates": [
          [
            [
              -0.8224872293070445,
              0.27955895666478164
            ],
            [
              -0.8305613500545682,
              0.26818674336136256
            ],
            [
              -0.8386276626183218,
              0.2568123263681242
            ],
            [
              -0.8466863784314435,
              0.24543591044524238
            ],
            [
              -0.8591551810713274,
              0.2491608510360197
            ],
            [
              -0.8716595565147477,
              0.25288001917379044
            ],
            [
              -0.8842022497849328,
              0.25659507394548964
            ],
            [
              -0.8967852510196826,
              0.2603076007678459
            ],
            [
              -0.909409761006952,
              0.264019047163114
            ],
            [
              -0.922076172082399,
              0.2677306679771317
            ],
            [
              -0.9347840647309987,
              0.2714434822778331
            ],
            [
              -0.9475322198940923,
              0.27515824368908814
            ],
            [
              -0.9603186466459468,
              0.27887542536036536
            ],
            [
              -0.9592831701573937,
              0.2824461000842118
            ],
            [
              -0.956940335732209,
              0.29028467725446194
            ],
            [
              -0.9545334512183886,
              0.29810382504273925
            ],
            [
              -0.9520626777139244,
              0.3059030200965531
            ],
            [
              -0.9495281805930368,
              0.31368174039889096
            ],
            [
              -0.9469301294951058,
              0.32143946530316087
            ],
            [
              -0.9465847291363689,
              0.322443470152074
            ],
            [
              -0.9340076966069828,
              0.3181550443347837
            ],
            [
              -0.9214664058052323,
              0.3138695159849311
            ],
            [
              -0.9089625846813572,
              0.30958614700571496
            ],
            [
              -0.8964973114407644,
              0.3053039782593396
            ],
            [
              -0.8840709778332104,
              0.30102183556596757
            ],
            [
              -0.8716832652889457,
              0.2967383496975402
            ],
            [
              -0.8593331347964597,
              0.292451989741518
            ],
            [
              -0.8470188311109822,
              0.2881611086021413
            ],
            [
              -0.8347379015526295,
              0.28386399885195773
            ],
            [
              -0.8224872293070445,
              0.27955895666478164
            ]
          ]
        ]
      }
    },
    {
      "type": "Feature",
      "properties": {
        "cell_id": "SLE",
        "method": "GeoDisk",
        "view": "disk"
      },
      "geometry": {
        "type": "Polygon",
        "coordinates": [
          [
            [
              -0.8601517843572888,
              0.15408588917005964
            ],
            [
              -0.8673583157997835,
              0.14250187086641902
            ],
            [
              -0.8745580149389423,
              0.13091758735320405
            ],
            [
              -0.8817524467353158,
              0.11933334714628681
            ],
            [
              -0.8889433703417359,
              0.1077494311366222
            ],
            [
              -0.8961327063441263,
              0.09616608290727326
            ],
            [
              -0.9033224963845233,
              0.08458350021808357
            ],
            [
              -0.9105148560332386,
              0.07300182797019991
            ],
            [
              -0.9177119220608148,
              0.06142115289464726
            ],
            [
              -0.9293315999713402,
              0.0551188618568193
            ],
            [
              -0.9409889966791699,
              0.0488160716175628
            ],
            [
              -0.9526853679860013,
              0.042512785167344525
            ],
            [
              -0.9644208959756271,
              0.036208830002329946
            ],
            [
              -0.9761946327994107,
              0.029903848023652688
            ],
            [
              -0.9880044765895921,
              0.02359728880960062
            ],
            [
              -0.9998471819164572,
              0.017288406413064318
            ],
            [
              -0.9996988186962042,
              0.024541228522911882
            ],
            [
              -0.9994645874763657,
              0.03271908282177556
            ],
            [
              -0.9991634599276488,
              0.040894747161582694
            ],
            [
              -0.9987954562051724,
              0.04906767432741752
            ],
            [
              -0.9983606009402225,
              0.05723731728756796
            ],
            [
              -0.9978589232386034,
              0.06540312923014266
            ],
            [
              -0.9972904566786901,
              0.07356456359966684
            ],
            [
              -0.9966552393091804,
              0.08172107413366747
            ],
            [
              -0.9959533136465478,
              0.08987211489923448
            ],
            [
              -0.9951847266721969,
              0.09801714032955995
            ],
            [
              -0.9943495298293181,
              0.1061556052604571
            ],
            [
              -0.9934477790194445,
              0.11428696496684583
            ],
            [
              -0.9924795345987101,
              0.12241067519921546
            ],
            [
              -0.9914448613738105,
              0.13052619222005113
            ],
            [
              -0.9903438285976649,
              0.13863297284022602
            ],
            [
              -0.989176509964781,
              0.1467304744553614
            ],
            [
              -0.9879429836063224,
              0.15481815508214045
            ],
            [
              -0.9866433320848791,
              0.16289547339458801
            ],
            [
              -0.9852776423889413,
              0.17096188876030077
            ],
            [
              -0.9842448064277525,
              0.17677304651038972
            ],
            [
              -0.9716460670273638,
              0.1745070671909995
            ],
            [
              -0.9590864099710417,
              0.17224150356719048
            ],
            [
              -0.9465685653861619,
              0.16997644328852068
            ],
            [
              -0.9340943540334662,
              0.1677116650457535
            ],
            [
              -0.9216646684193723,
              0.16544666306742944
            ],
            [
              -0.9092794722381607,
              0.16318068263717947
            ],
            [
              -0.8969378176823297,
              0.16091276510977293
            ],
            [
              -0.8846378797971003,
              0.1586418006259588
            ],
            [
              -0.8723770067211575,
              0.15636658650861088
            ],
            [
              -0.8601517843572888,
              0.15408588917005964
            ]
          ]
        ]
      }
    },
    {
      "type": "Feature",
      "properties": {
        "cell_id": "SOL",
        "method": "GeoDisk",
        "view": "disk"
      },
      "geometry": {
        "type": "Polygon",
        "coordinates": [
          [
            [
              0.5891662054643805,
              0.08881388428744416
            ],
            [
              0.5770752218279417,
              0.09269069247202343
            ],
            [
              0.56502004057818,
              0.09657216520335905
            ],
            [
              0.5529942973480542,
              0.10045914230329851
            ],
            [
              0.5409909785172996,
              0.10435240834768988
            ],
            [
              0.5290025230228653,
              0.1082526516373021
            ],
            [
              0.5170209342960133,
              0.1121604267812612
            ],
            [
              0.50503790019549,
              0.11607612169292852
            ],
            [
              0.4930449187142218,
              0.11999992955390938
            ],
            [
              0.49492964998805933,
              0.13391497603480365
            ],
            [
              0.4967953528947563,
              0.1478161979560432
            ],
            [
              0.4986431088900284,
              0.1617019987215375
            ],
            [
              0.500474102941433,
              0.1755709214741892
            ],
            [
              0.5022896056822994,
              0.18942165960192572
            ],
            [
              0.5040909554746643,
              0.2032530655209781
            ],
            [
              0.5058795406773933,
              0.2170641580425599
            ],
            [
              0.5076567823900593,
              0.23085412862053853
            ],
            [
              0.5094241179165413,
              0.244622346750101
            ],
            [
              0.5111829851653122,
              0.2583683647429597
            ],
            [
              0.5129348081762946,
              0.27209192204604843
            ],
            [
              0.514680983937039,
              0.28579294920116477
            ],
            [
              0.5164228706237017,
              0.2994715714662055
            ],
            [
              0.5181617773746068,
              0.31312811203833624
            ],
            [
              0.5198989556757722,
              0.32676309473954146
            ],
            [
              0.5216355924083591,
              0.34037724594939917
            ],
            [
              0.5233728045773499,
              0.35397149550232115
            ],
            [
              0.5251116357088121,
              0.36754697621029847
            ],
            [
              0.5377369951490846,
              0.3640449672990871
            ],
            [
              0.5503809860534744,
              0.36057031628161457
            ],
            [
              0.5630492581616863,
              0.35712481917464445
            ],
            [
              0.575746836855146,
              0.35370971536441925
            ],
            [
              0.5884780685060067,
              0.35032571020009207
            ],
            [
              0.6012465817306376,
              0.34697300456092645
            ],
            [
              0.6140552643164199,
              0.3436513307512631
            ],
            [
              0.6269062552273055,
              0.3403599940192565
            ],
            [
              0.6398009507715184,
              0.33709791893766666
            ],
            [
              0.6527400237414966,
              0.3338636998265393
            ],
            [
              0.6657234541170213,
              0.33065565433807786
            ],
            [
              0.6787505697607109,
              0.32747187926411725
            ],
            [
              0.6918200954316349,
              0.3243103075681372
            ],
            [
              0.7049302083965879,
              0.3211687655896715
            ],
            [
              0.7180785989264056,
              0.3180450293233125
            ],
            [
              0.7312625340217156,
              0.3149368786421744
            ],
            [
              0.7444789228124151,
              0.3118421483221139
            ],
            [
              0.757724382210575,
              0.30875877473379343
            ],
            [
              0.7494527430526021,
              0.29822919059615755
            ],
            [
              0.7411924192743667,
              0.2877087257366632
            ],
            [
              0.732945809824873,
              0.277197577992274
            ],
            [
              0.7247154407937054,
              0.2666958126052948
            ],
            [
              0.7165039332745501,
              0.25620334778612164
            ],
            [
              0.7083139571033752,
              0.24571994044518194
            ],
            [
              0.7001481716971069,
              0.23524517257724553
            ],
            [
              0.6920091558204466,
              0.22477843892739174
            ],
            [
              0.6838993286404825,
              0.21431893669183938
            ],
            [
              0.6758208648712879,
              0.2038656580985587
            ],
            [
              0.667775607147721,
              0.1934173867631166
            ],
            [
              0.6597649789870745,
              0.18297269871721375
            ],
            [
              0.6517899017913928,
              0.17252996895568934
            ],
            [
              0.6438507193090172,
              0.16208738423982136
            ],
            [
              0.6359471328126232,
              0.15164296273091715
            ],
            [
              0.6280781499684663,
              0.14119458081198372
            ],
            [
              0.6202420499776969,
              0.13074000719331713
            ],
            [
              0.612436367079181,
              0.12027694409972936
            ],
            [
              0.6046578939312355,
              0.10980307501493386
            ],
            [
              0.5969027057567861,
              0.09931611812643337
            ],
            [
              0.5891662054643805,
              0.08881388428744416
            ]
          ]
        ]
      }
    },
    {
      "type": "Feature",
      "properties": {
        "cell_id": "SOM",
        "method": "GeoDisk",
        "view": "disk"
      },
      "geometry": {
        "type": "Polygon",
        "coordinates": [
          [
            [
              0.5891662054643805,
              0.08881388428744423
            ],
            [
              0.596902705756786,
              0.09931611812643339
            ],
            [
              0.6046578939312355,
              0.1098030750149339
            ],
            [
              0.6124363670791809,
              0.12027694409972936
            ],
            [
              0.6202420499776968,
              0.13074000719331713
            ],
            [
              0.6280781499684661,
              0.14119458081198366
            ],
            [
              0.635947132812623,
              0.15164296273091712
            ],
            [
              0.6438507193090169,
              0.1620873842398213
            ],
            [
              0.6517899017913927,
              0.17252996895568926
            ],
            [
              0.6597649789870744,
              0.18297269871721372
            ],
            [
              0.6677756071477209,
              0.19341738676311648
            ],
            [
              0.6758208648712877,
              0.20386565809855858
            ],
            [
              0.6838993286404824,
              0.21431893669183924
            ],
            [
              0.6920091558204463,
              0.22477843892739166
            ],
            [
              0.7001481716971066,
              0.23524517257724534
            ],
            [
              0.7083139571033749,
              0.24571994044518178
            ],
            [
              0.7165039332745496,
              0.25620334778612147
            ],
            [
              0.724715440793705,
              0.2666958126052945
            ],
            [
              0.7329458098248728,
              0.2771975779922738
            ],
            [
              0.7411924192743663,
              0.287708725736663
            ],
            [
              0.7494527430526016,
              0.2982291905961572
            ],
            [
              0.7577243822105747,
              0.30875877473379315
            ],
            [
              0.7706959749758884,
              0.31391776536878935
            ],
            [
              0.7836856423598892,
              0.31908906644169654
            ],
            [
              0.796688487401092,
              0.3242708304770976
            ],
            [
              0.8096998100197152,
              0.3294612535475226
            ],
            [
              0.8227150933346816,
              0.33465862973137406
            ],
            [
              0.8357299742189144,
              0.33986140404406723
            ],
            [
              0.8487402038091515,
              0.34506822312418145
            ],
            [
              0.8617416041851665,
              0.35027798285485806
            ],
            [
              0.8747300275788779,
              0.355489871992066
            ],
            [
              0.8877013242598653,
              0.3607034107669789
            ],
            [
              0.9006513246811693,
              0.36591848334194355
            ],
            [
              0.9135758405855439,
              0.3711353629412779
            ],
            [
              0.9264706886108206,
              0.3763547284620803
            ],
            [
              0.9269794004668328,
              0.37511223801703836
            ],
            [
              0.9300172236840117,
              0.3675159365947045
            ],
            [
              0.9329927988347386,
              0.35989503653498883
            ],
            [
              0.9359059267573255,
              0.352250047921234
            ],
            [
              0.9387564124698131,
              0.34458148244908066
            ],
            [
              0.9415440651830204,
              0.3368898533922208
            ],
            [
              0.9442686983133164,
              0.32917567556803945
            ],
            [
              0.9469301294951056,
              0.32143946530316186
            ],
            [
              0.9495281805930363,
              0.3136817403988924
            ],
            [
              0.952062677713924,
              0.30590302009655407
            ],
            [
              0.9545334512183882,
              0.29810382504274013
            ],
            [
              0.9569403357322086,
              0.29028467725446333
            ],
            [
              0.9592831701573933,
              0.28244610008421317
            ],
            [
              0.9615617976829617,
              0.2745886181849328
            ],
            [
              0.9637760657954396,
              0.2667127574748994
            ],
            [
              0.9659258262890681,
              0.25881904510252157
            ],
            [
              0.9680109352757226,
              0.25090800941106056
            ],
            [
              0.970031253194544,
              0.24298017990326418
            ],
            [
              0.971986644821279,
              0.23503608720592756
            ],
            [
              0.9738769792773335,
              0.22707626303437384
            ],
            [
              0.9757021300385285,
              0.21910124015687016
            ],
            [
              0.9774619749435717,
              0.21111155235896614
            ],
            [
              0.9791563962022336,
              0.20310773440776358
            ],
            [
              0.9807852804032303,
              0.19509032201612872
            ],
            [
              0.9823485185218155,
              0.18705985180683304
            ],
            [
              0.9838460059270773,
              0.1790168612766335
            ],
            [
              0.985277642388941,
              0.17096188876030174
            ],
            [
              0.986643332084879,
              0.162895473394589
            ],
            [
              0.9879429836063223,
              0.15481815508214192
            ],
            [
              0.9891765099647809,
              0.1467304744553624
            ],
            [
              0.9903438285976648,
              0.13863297284022705
            ],
            [
              0.9914448613738103,
              0.13052619222005257
            ],
            [
              0.9924795345987097,
              0.1224106751992169
            ],
            [
              0.9934477790194444,
              0.11428696496684684
            ],
            [
              0.994349529829318,
              0.10615560526045854
            ],
            [
              0.9951847266721968,
              0.0980171403295614
            ],
            [
              0.9959533136465477,
              0.0898721148992355
            ],
            [
              0.9966552393091803,
              0.08172107413366848
            ],
            [
              0.99729045667869,
              0.07356456359966829
            ],
            [
              0.9978589232386035,
              0.06540312923014367
            ],
            [
              0.9983606009402225,
              0.057237317287568965
            ],
            [
              0.9987954562051722,
              0.04906767432741897
            ],
            [
              0.9991634599276488,
              0.040894747161584144
            ],
            [
              0.9994645874763657,
              0.032719082821776574
            ],
            [
              0.999698818696204,
              0.024541228522913336
            ],
            [
              0.9998661379095618,
              0.016361731626487564
            ],
            [
              0.9999665339174011,
              0.008181139603937642
            ],
            [
              1.0,
              -6.77357253429555e-35
            ],
            [
              0.9999665339174011,
              -0.008181139603937128
            ],
            [
              0.9998661379095618,
              -0.01636173162648678
            ],
            [
              0.9996988186962042,
              -0.024541228522912288
            ],
            [
              0.9994645874763657,
              -0.03271908282177614
            ],
            [
              0.9991634599276488,
              -0.04089474716158344
            ],
            [
              0.9987954562051724,
              -0.049067674327418015
            ],
            [
              0.9983606009402225,
              -0.05723731728756863
            ],
            [
              0.9978589232386034,
              -0.06540312923014305
            ],
            [
              0.9972904566786902,
              -0.07356456359966743
            ],
            [
              0.9966552393091803,
              -0.0817210741336682
            ],
            [
              0.9959533136465476,
              -0.08987211489923495
            ],
            [
              0.9951847266721969,
              -0.0980171403295606
            ],
            [
              0.9943495298293181,
              -0.10615560526045748
            ],
            [
              0.9934477790194444,
              -0.11428696496684639
            ],
            [
              0.9924795345987099,
              -0.12241067519921617
            ],
            [
              0.9914448613738104,
              -0.13052619222005157
            ],
            [
              0.9903438285976649,
              -0.13863297284022666
            ],
            [
              0.989176509964781,
              -0.14673047445536175
            ],
            [
              0.9879429836063224,
              -0.15481815508214103
            ],
            [
              0.986643332084879,
              -0.1628954733945887
            ],
            [
              0.9852776423889412,
              -0.17096188876030122
            ],
            [
              0.9838460059270773,
              -0.17901686127663263
            ],
            [
              0.9823485185218157,
              -0.18705985180683196
            ],
            [
              0.9807852804032304,
              -0.19509032201612825
            ],
            [
              0.9791563962022337,
              -0.20310773440776286
            ],
            [
              0.9774619749435719,
              -0.21111155235896514
            ],
            [
              0.9757021300385286,
              -0.21910124015686977
            ],
            [
              0.9738769792773336,
              -0.2270762630343732
            ],
            [
              0.9719866448212793,
              -0.23503608720592664
            ],
            [
              0.9700312531945439,
              -0.24298017990326382
            ],
            [
              0.9680109352757226,
              -0.25090800941106
            ],
            [
              0.9659258262890683,
              -0.25881904510252074
            ],
            [
              0.9637760657954397,
              -0.2667127574748983
            ],
            [
              0.9615617976829618,
              -0.27458861818493224
            ],
            [
              0.9592831701573935,
              -0.2824461000842124
            ],
            [
              0.9569403357322087,
              -0.2902846772544623
            ],
            [
              0.9545334512183885,
              -0.29810382504273975
            ],
            [
              0.9520626777139243,
              -0.30590302009655346
            ],
            [
              0.9495281805930367,
              -0.31368174039889146
            ],
            [
              0.9469301294951057,
              -0.32143946530316153
            ],
            [
              0.9442686983133164,
              -0.3291756755680388
            ],
            [
              0.9415440651830208,
              -0.33688985339222005
            ],
            [
              0.9387564124698132,
              -0.34458148244908043
            ],
            [
              0.9365234630400316,
              -0.35058871091799315
            ],
            [
              0.927798732686448,
              -0.3396880099953168
            ],
            [
              0.9190891781352382,
              -0.3288115042314187
            ],
            [
              0.9103919107553144,
              -0.3179552022417022
            ],
            [
              0.9017037649449382,
              -0.30711454258765963
            ],
            [
              0.8930214009549141,
              -0.296284576636811
            ],
            [
              0.884341413346857,
              -0.28546015773333394
            ],
            [
              0.8756604416547732,
              -0.27463612955500505
            ],
            [
              0.866975279731033,
              -0.26380750678887604
            ],
            [
              0.8582829803033576,
              -0.252969641766932
            ],
            [
              0.8495809514418307,
              -0.24211837144061304
            ],
            [
              0.8408670419234019,
              -0.23125014000779923
            ],
            [
              0.8321396128712625,
              -0.22036209359822492
            ],
            [
              0.8233975935207466,
              -0.20945214462728112
            ],
            [
              0.8146405195032005,
              -0.19851900469284858
            ],
            [
              0.8058685526249998,
              -0.187562186161371
            ],
            [
              0.7970824817306147,
              -0.17658197381356777
            ],
            [
              0.7882837048564213,
              -0.1655793690449793
            ],
            [
              0.7794741934860562,
              -0.1545560100948213
            ],
            [
              0.7706564402891527,
              -0.14351407256879908
            ],
            [
              0.7618333922444027,
              -0.13245615509767827
            ],
            [
              0.7530083714971759,
              -0.1213851553149747
            ],
            [
              0.7441849866649388,
              -0.11030414143786625
            ],
            [
              0.7353670375662522,
              -0.09921622460160642
            ],
            [
              0.7265584164999792,
              -0.08812443674744415
            ],
            [
              0.7177630092333371,
              -0.07703161832593497
            ],
            [
              0.708984598768123,
              -0.06594031938861747
            ],
            [
              0.700226774746773,
              -0.054852716844335854
            ],
            [
              0.6914928510425665,
              -0.0437705497982067
            ],
            [
              0.6827857936654717,
              -0.032695074017891505
            ],
            [
              0.6741081606262662,
              -0.021627035727649967
            ],
            [
              0.6654620548602365,
              -0.010566664155104303
            ],
            [
              0.6568490907445055,
              0.00048631841836903035
            ],
            [
              0.648270374177881,
              0.011532670900280347
            ],
            [
              0.6397264956568778,
              0.022573594124354855
            ],
            [
              0.6312175353022332,
              0.03361068053945304
            ],
            [
              0.6227430783895146,
              0.044645855414037885
            ],
            [
              0.6143022396333145,
              0.05568131208848543
            ],
            [
              0.6058936942795422,
              0.06671944365355986
            ],
            [
              0.5975157139806779,
              0.07776277317900905
            ],
            [
              0.5891662054643805,
              0.08881388428744423
            ]
          ]
        ]
      }
    },
    {
      "type": "Feature",
      "properties": {
        "cell_id": "SWZ",
        "method": "GeoDisk",
        "view": "disk"
      },
      "geometry": {
        "type": "Polygon",
        "coordinates": [
          [
            [
              0.06052407411848617,
              -0.6867836512017462
            ],
            [
              0.06815001795071556,
              -0.6772739555116081
            ],
            [
              0.0757795986370041,
              -0.6677270282450634
            ],
            [
              0.08341205911779259,
              -0.65814235110637
            ],
            [
              0.09104664430503595,
              -0.6485198361164777
            ],
            [
              0.09868260771757453,
              -0.6388598401896806
            ],
            [
              0.10631921912825053,
              -0.6291631735867553
            ],
            [
              0.11545744669930029,
              -0.6268131934568509
            ],
            [
              0.1245929452301696,
              -0.6244544013795161
            ],
            [
              0.13378528625302663,
              -0.6326833514982227
            ],
            [
              0.14298343269897143,
              -0.6409042985536357
            ],
            [
              0.15218808544673182,
              -0.6491190082541552
            ],
            [
              0.16139978052677642,
              -0.6573288787999149
            ],
            [
              0.17061886458795972,
              -0.6655349441335243
            ],
            [
              0.17409492037833876,
              -0.6787980714421666
            ],
            [
              0.1775812901541503,
              -0.6920303517852294
            ],
            [
              0.18107745325853047,
              -0.7052327730990527
            ],
            [
              0.18458270251578332,
              -0.7184066939171292
            ],
            [
              0.18809616283606698,
              -0.7315538763778282
            ],
            [
              0.19161681299266262,
              -0.7446765139840933
            ],
            [
              0.1951435098438463,
              -0.7577772514361458
            ],
            [
              0.1986750142370754,
              -0.7708591939792526
            ],
            [
              0.20221001782554612,
              -0.7839259039563653
            ],
            [
              0.20574717004615065,
              -0.7969813826237717
            ],
            [
              0.2092851045523647,
              -0.8100300357657224
            ],
            [
              0.2128224644635764,
              -0.8230766222154863
            ],
            [
              0.21635792588062175,
              -0.8361261850355495
            ],
            [
              0.2198902192217106,
              -0.8491839658053524
            ],
            [
              0.22341814804840537,
              -0.8622553031851908
            ],
            [
              0.22694060517215972,
              -0.8753455176421424
            ],
            [
              0.23045658595194526,
              -0.8884597849099755
            ],
            [
              0.23396519880646297,
              -0.9016030013822203
            ],
            [
              0.23746567306441782,
              -0.9147796451796165
            ],
            [
              0.24095736435805948,
              -0.9279936370661072
            ],
            [
              0.24443975782456412,
              -0.9412482056908669
            ],
            [
              0.24791246941411005,
              -0.9545457617910729
            ],
            [
              0.25137524561173424,
              -0.9678877859896026
            ],
            [
              0.2509080094110602,
              -0.9680109352757227
            ],
            [
              0.24298017990326398,
              -0.970031253194544
            ],
            [
              0.23503608720592672,
              -0.9719866448212793
            ],
            [
              0.22707626303437345,
              -0.9738769792773336
            ],
            [
              0.21910124015686996,
              -0.9757021300385283
            ],
            [
              0.21111155235896528,
              -0.9774619749435717
            ],
            [
              0.20310773440776297,
              -0.9791563962022337
            ],
            [
              0.19509032201612833,
              -0.9807852804032304
            ],
            [
              0.1870598518068322,
              -0.9823485185218156
            ],
            [
              0.17901686127663285,
              -0.9838460059270774
            ],
            [
              0.17096188876030136,
              -0.9852776423889412
            ],
            [
              0.16289547339458882,
              -0.986643332084879
            ],
            [
              0.15481815508214108,
              -0.9879429836063224
            ],
            [
              0.14673047445536194,
              -0.9891765099647808
            ],
            [
              0.13863297284022685,
              -0.9903438285976648
            ],
            [
              0.1305261922200517,
              -0.9914448613738104
            ],
            [
              0.12241067519921628,
              -0.99247953459871
            ],
            [
              0.11428696496684666,
              -0.9934477790194444
            ],
            [
              0.10615560526045768,
              -0.9943495298293179
            ],
            [
              0.09801714032956076,
              -0.9951847266721967
            ],
            [
              0.09072569200840695,
              -0.9958727677668818
            ],
            [
              0.0894738567893842,
              -0.9821671027244109
            ],
            [
              0.08820128728234741,
              -0.9685082157317381
            ],
            [
              0.08691024495228108,
              -0.9548950014210049
            ],
            [
              0.08560307528537277,
              -0.9413257124109067
            ],
            [
              0.08428217549352937,
              -0.9277980142341333
            ],
            [
              0.08294996356042034,
              -0.9143090440766906
            ],
            [
              0.08160884885272458,
              -0.9008554717661854
            ],
            [
              0.08026120447836811,
              -0.8874335616174125
            ],
            [
              0.07890934153746093,
              -0.8740392339478559
            ],
            [
              0.07755548538115806,
              -0.8606681253027196
            ],
            [
              0.07620175396835825,
              -0.8473156466679901
            ],
            [
              0.07485013838946179,
              -0.8339770391900615
            ],
            [
              0.07350248560961745,
              -0.8206474271511716
            ],
            [
              0.07216048347034082,
              -0.8073218681616408
            ],
            [
              0.07082564797733618,
              -0.7939954007140511
            ],
            [
              0.06949931289317013,
              -0.7806630893938551
            ],
            [
              0.06818262164548035,
              -0.7673200681498646
            ],
            [
              0.06687652155409712,
              -0.7539615820928272
            ],
            [
              0.0655817603732634,
              -0.7405830283090659
            ],
            [
              0.06429888513756868,
              -0.727179996148996
            ],
            [
              0.06302824329178942,
              -0.7137483073794249
            ],
            [
              0.06176998607507965,
              -0.7002840564777999
            ],
            [
              0.06052407411848617,
              -0.6867836512017462
            ]
          ]
        ]
      }
    },
    {
      "type": "Feature",
      "properties": {
        "cell_id": "TCD",
        "method": "GeoDisk",
        "view": "disk"
      },
      "geometry": {
        "type": "Polygon",
        "coordinates": [
          [
            [
              -0.11928771013966738,
              0.30566498366249323
            ],
            [
              -0.13150263950675367,
              0.3007610803929573
            ],
            [
              -0.14372628427703116,
              0.29592347550523146
            ],
            [
              -0.15596705390056106,
              0.2911491786991205
            ],
            [
              -0.16823285466247928,
              0.2864342620880423
            ],
            [
              -0.18053089380390752,
              0.2817739959025833
            ],
            [
              -0.1928675103807603,
              0.27716299940281525
            ],
            [
              -0.20524803719471288,
              0.27259540203332727
            ],
            [
              -0.2176766968864683,
              0.26806500966461616
            ],
            [
              -0.23015653396947036,
              0.2635654707757276
            ],
            [
              -0.24268938325720726,
              0.25909043763669415
            ],
            [
              -0.2552758738514935,
              0.25463371792754275
            ],
            [
              -0.2679154666602155,
              0.2501894127588539
            ],
            [
              -0.2806065223426186,
              0.24575203770751622
            ],
            [
              -0.2933463956728786,
              0.24131662421794822
            ],
            [
              -0.30323323285353365,
              0.24911101260769503
            ],
            [
              -0.31315255819499654,
              0.25692172259770674
            ],
            [
              -0.32310495133013706,
              0.26475405408510866
            ],
            [
              -0.3330902801892404,
              0.27261304575643136
            ],
            [
              -0.34310767571192446,
              0.2805033515654468
            ],
            [
              -0.3531555263640077,
              0.2884291260283605
            ],
            [
              -0.36323149321528647,
              0.2963939216847649
            ],
            [
              -0.37333254569308544,
              0.3044006017228151
            ],
            [
              -0.38345501745721294,
              0.31245127032967696
            ],
            [
              -0.38243910340506526,
              0.3254683351196483
            ],
            [
              -0.38144554004976167,
              0.3385073399936805
            ],
            [
              -0.3804747542796023,
              0.3515737471687139
            ],
            [
              -0.37952680557186075,
              0.36467271068728213
            ],
            [
              -0.3786014070920261,
              0.3778089798551028
            ],
            [
              -0.3776979529193876,
              0.39098681033499516
            ],
            [
              -0.37681555063565314,
              0.40420988463881213
            ],
            [
              -0.37595305840020005,
              0.41748124356801813
            ],
            [
              -0.3751091255398752,
              0.43080322993097653
            ],
            [
              -0.37428223560628,
              0.44417744561505956
            ],
            [
              -0.3734707508022987,
              0.45760472281920256
            ],
            [
              -0.3726729566549597,
              0.47108510996298913
            ],
            [
              -0.37188710581563683,
              0.48461787248790106
            ],
            [
              -0.37111145990240835,
              0.49820150846142114
            ],
            [
              -0.3703443283634056,
              0.5118337785921091
            ],
            [
              -0.3695841034334149,
              0.5255117499703773
            ],
            [
              -0.35548691901058427,
              0.5223422573421536
            ],
            [
              -0.34138944610856237,
              0.5191803681946224
            ],
            [
              -0.32729937503295226,
              0.5160337874933689
            ],
            [
              -0.31322433305307434,
              0.5129106149874706
            ],
            [
              -0.2991716752374236,
              0.5098192377794744
            ],
            [
              -0.2851482772094595,
              0.506768209903086
            ],
            [
              -0.27116033617894747,
              0.5037661204520004
            ],
            [
              -0.2572131865241715,
              0.5008214522070418
            ],
            [
              -0.24331113590366155,
              0.4979424331124689
            ],
            [
              -0.22945732736719793,
              0.4951368833380791
            ],
            [
              -0.21565363222820647,
              0.4924120610111249
            ],
            [
              -0.20190057757507054,
              0.48977450998952765
            ],
            [
              -0.18819731126701553,
              0.4872299132544419
            ],
            [
              -0.17454160611690553,
              0.48478295560718876
            ],
            [
              -0.16092990374927024,
              0.48243719934811197
            ],
            [
              -0.14735739738066322,
              0.4801949764833785
            ],
            [
              -0.13381815154534984,
              0.47805730074662933
            ],
            [
              -0.12030525562552023,
              0.47602380233873764
            ],
            [
              -0.10681100698175991,
              0.4740926877902204
            ],
            [
              -0.09332711855187231,
              0.47226072675250264
            ],
            [
              -0.079844945023909,
              0.47052326684652396
            ],
            [
              -0.06635572111534391,
              0.46887427696411726
            ],
            [
              -0.060161938322290325,
              0.4601396668983719
            ],
            [
              -0.05397681718975708,
              0.45145909958455843
            ],
            [
              -0.04779736852199643,
              0.4428253108749815
            ],
            [
              -0.041620498078417424,
              0.4342304848214654
            ],
            [
              -0.03544306136516303,
              0.42566637567885074
            ],
            [
              -0.04310323535401355,
              0.4146066131634922
            ],
            [
              -0.05075676047232106,
              0.40356907327720587
            ],
            [
              -0.05840225704434802,
              0.39255743333445364
            ],
            [
              -0.06603886666265926,
              0.38157496016475034
            ],
            [
              -0.07366628073293893,
              0.37062441534319446
            ],
            [
              -0.08128474919966358,
              0.3597079721304566
            ],
            [
              -0.08889506914243026,
              0.34882714684199984
            ],
            [
              -0.0964985536817986,
              0.33798274697319614
            ],
            [
              -0.10409698235603665,
              0.3271748379243487
            ],
            [
              -0.11169253479886788,
              0.3164027296142055
            ],
            [
              -0.11928771013966738,
              0.30566498366249323
            ]
          ]
        ]
      }
    },
    {
      "type": "Feature",
      "properties": {
        "cell_id": "TGO",
        "method": "GeoDisk",
        "view": "disk"
      },
      "geometry": {
        "type": "Polygon",
        "coordinates": [
          [
            [
              -0.7822250480951047,
              0.3038070974962543
            ],
            [
              -0.7805260135533921,
              0.2907908948533209
            ],
            [
              -0.7788345688115542,
              0.27777251094418376
            ],
            [
              -0.777149903250452,
              0.2647519017007026
            ],
            [
              -0.7754711455846427,
              0.25172904483744396
            ],
            [
              -0.7737973629298981,
              0.23870394187506874
            ],
            [
              -0.7721275597493188,
              0.22567662007537995
            ],
            [
              -0.770460676798766,
              0.21264713434396634
            ],
            [
              -0.7687955902237823,
              0.199615569160388
            ],
            [
              -0.7671311109876096,
              0.18658204059201278
            ],
            [
              -0.7654659848318508,
              0.1735466984359648
            ],
            [
              -0.7637988929864112,
              0.16050972851467077
            ],
            [
              -0.7621284538524471,
              0.1474713551251192
            ],
            [
              -0.7749953849616878,
              0.15018454627796762
            ],
            [
              -0.787854603918085,
              0.15288630169742748
            ],
            [
              -0.8007133111232203,
              0.15557618444468982
            ],
            [
              -0.8135787140055994,
              0.15825419212423758
            ],
            [
              -0.8264578849904793,
              0.160920729203227
            ],
            [
              -0.8393576175287382,
              0.16357656328423995
            ],
            [
              -0.8522842833873302,
              0.16622276719599338
            ],
            [
              -0.854051427212686,
              0.1706191496151092
            ],
            [
              -0.8551774245321943,
              0.1807286731246052
            ],
            [
              -0.8563043379091997,
              0.19083701429572575
            ],
            [
              -0.8568986459480218,
              0.20114991808088592
            ],
            [
              -0.8561040374020624,
              0.21086824168287488
            ],
            [
              -0.8553078918465586,
              0.22058594777262366
            ],
            [
              -0.8510004783734996,
              0.23301134007392607
            ],
            [
              -0.8466863784314436,
              0.24543591044524282
            ],
            [
              -0.8386276626183218,
              0.25681232636812457
            ],
            [
              -0.8305613500545684,
              0.2681867433613626
            ],
            [
              -0.8224872293070445,
              0.27955895666478164
            ],
            [
              -0.8124250018393707,
              0.28562873268068956
            ],
            [
              -0.8023613651157046,
              0.29169365420328836
            ],
            [
              -0.792295093591231,
              0.29775325135371083
            ],
            [
              -0.7822250480951047,
              0.3038070974962543
            ]
          ]
        ]
      }
    },
    {
      "type": "Feature",
      "properties": {
        "cell_id": "TUN",
        "method": "GeoDisk",
        "view": "disk"
      },
      "geometry": {
        "type": "Polygon",
        "coordinates": [
          [
            [
              -0.13756645209673057,
              0.9247393089862579
            ],
            [
              -0.14700163420063905,
              0.9149129343025472
            ],
            [
              -0.15643142654370112,
              0.9050759608201806
            ],
            [
              -0.16585630623400913,
              0.895226923955996
            ],
            [
              -0.1752769019889037,
              0.8853645904169791
            ],
            [
              -0.1846939831827653,
              0.875487999669134
            ],
            [
              -0.19410844571440175,
              0.8655964992969857
            ],
            [
              -0.20352129534541202,
              0.8556897730747098
            ],
            [
              -0.21293362918749753,
              0.8457678607440748
            ],
            [
              -0.2223466160046577,
              0.8358311687105858
            ],
            [
              -0.2317614759492639,
              0.825880471121695
            ],
            [
              -0.24117946027496623,
              0.8159169010720134
            ],
            [
              -0.25060183147155357,
              0.8059419319810642
            ],
            [
              -0.2600298441558339,
              0.7959573494988484
            ],
            [
              -0.2694647269374713,
              0.7859652146021695
            ],
            [
              -0.27890766536872763,
              0.7759678188386672
            ],
            [
              -0.28835978599078754,
              0.7659676329442818
            ],
            [
              -0.2978221414141512,
              0.7559672502923979
            ],
            [
              -0.30729569632204823,
              0.7459693268192599
            ],
            [
              -0.3167813142672792,
              0.7359765192019637
            ],
            [
              -0.3262797451451989,
              0.7259914231359383
            ],
            [
              -0.3357916132668965,
              0.7160165135642081
            ],
            [
              -0.3453174060227738,
              0.7060540886493358
            ],
            [
              -0.35485746321115946,
              0.696106219152056
            ],
            [
              -0.36441196720109476,
              0.6861747046923146
            ],
            [
              -0.3739809341937821,
              0.6762610381255469
            ],
            [
              -0.3835642069335965,
              0.6663663789788996
            ],
            [
              -0.3931614492878783,
              0.6564915365701368
            ],
            [
              -0.4027721431566927,
              0.646636963089243
            ],
            [
              -0.4123955881830282,
              0.6368027565732584
            ],
            [
              -0.42203090470639504,
              0.6269886733630715
            ],
            [
              -0.4316770403369743,
              0.6171941493107371
            ],
            [
              -0.4431153378415366,
              0.6182102712515606
            ],
            [
              -0.45453525361202685,
              0.6192100548686651
            ],
            [
              -0.46593592056298694,
              0.6201927452357001
            ],
            [
              -0.4773167715343454,
              0.6211578087308998
            ],
            [
              -0.48547886452253364,
              0.6322100570655493
            ],
            [
              -0.49362051533086554,
              0.6432259661739214
            ],
            [
              -0.5017451395994428,
              0.6542057937789845
            ],
            [
              -0.5098563098155154,
              0.6651504648440174
            ],
            [
              -0.5179576438589305,
              0.6760614564367153
            ],
            [
              -0.5260526994508514,
              0.6869406777989545
            ],
            [
              -0.5341448774597317,
              0.6977903512970041
            ],
            [
              -0.5422373365528014,
              0.7086128995753094
            ],
            [
              -0.5503329211612578,
              0.719410843652815
            ],
            [
              -0.5584341041732418,
              0.7301867159149215
            ],
            [
              -0.5665429452006496,
              0.7409429910058173
            ],
            [
              -0.5746610647034076,
              0.7516820365609458
            ],
            [
              -0.5827896337165007,
              0.7624060845880719
            ],
            [
              -0.5909293784276554,
              0.7731172231604528
            ],
            [
              -0.5990805984119387,
              0.7838174069796578
            ],
            [
              -0.6072431969559183,
              0.7945084843491965
            ],
            [
              -0.6022505217162821,
              0.7983071520990314
            ],
            [
              -0.595699304492434,
              0.8032075314806444
            ],
            [
              -0.5891082158243283,
              0.8080541504430729
            ],
            [
              -0.5824776968678024,
              0.812846684591615
            ],
            [
              -0.5758081914178461,
              0.8175848131515832
            ],
            [
              -0.5691001458788985,
              0.822268218989775
            ],
            [
              -0.5623540092349734,
              0.8268965886356958
            ],
            [
              -0.5555702330196031,
              0.8314696123025447
            ],
            [
              -0.5487492712856165,
              0.8359869839079461
            ],
            [
              -0.5418915805747522,
              0.8404484010944377
            ],
            [
              -0.5349976198870973,
              0.8448535652497068
            ],
            [
              -0.5280678506503688,
              0.8492021815265784
            ],
            [
              -0.521102736689024,
              0.8534939588627501
            ],
            [
              -0.5141027441932217,
              0.8577286100002721
            ],
            [
              -0.5070683416876178,
              0.8619058515047738
            ],
            [
              -0.5000000000000006,
              0.8660254037844383
            ],
            [
              -0.49289819222978437,
              0.8700869911087112
            ],
            [
              -0.485763393716341,
              0.8740903416267584
            ],
            [
              -0.4785960820071814,
              0.8780351873856622
            ],
            [
              -0.4713967368259981,
              0.8819212643483548
            ],
            [
              -0.4641658400405521,
              0.8857483124112903
            ],
            [
              -0.4569038756304214,
              0.8895160754218556
            ],
            [
              -0.44961132965460704,
              0.893224301195515
            ],
            [
              -0.4422886902190015,
              0.8968727415326881
            ],
            [
              -0.4349364474437179,
              0.9004611522353632
            ],
            [
              -0.4275550934302827,
              0.903989293123443
            ],
            [
              -0.42014512222870276,
              0.9074569280508185
            ],
            [
              -0.4127070298043954,
              0.9108638249211753
            ],
            [
              -0.40524131400499036,
              0.9142097557035305
            ],
            [
              -0.3977484745270113,
              0.9174944964474913
            ],
            [
              -0.39022901288242884,
              0.9207178272982474
            ],
            [
              -0.38268343236509034,
              0.9238795325112865
            ],
            [
              -0.3751122380170383,
              0.9269794004668328
            ],
            [
              -0.3675159365947036,
              0.9300172236840121
            ],
            [
              -0.3598950365349888,
              0.9329927988347386
            ],
            [
              -0.3522500479212339,
              0.9359059267573255
            ],
            [
              -0.34458148244908055,
              0.938756412469813
            ],
            [
              -0.3368898533922207,
              0.9415440651830204
            ],
            [
              -0.3291756755680394,
              0.9442686983133164
            ],
            [
              -0.3214394653031618,
              0.9469301294951056
            ],
            [
              -0.3136817403988923,
              0.9495281805930365
            ],
            [
              -0.305903020096554,
              0.952062677713924
            ],
            [
              -0.29810382504274013,
              0.9545334512183884
            ],
            [
              -0.2902846772544624,
              0.9569403357322088
            ],
            [
              -0.28244610008421306,
              0.9592831701573933
            ],
            [
              -0.2745886181849327,
              0.9615617976829617
            ],
            [
              -0.2667127574748985,
              0.9637760657954398
            ],
            [
              -0.25881904510252146,
              0.9659258262890681
            ],
            [
              -0.25090800941106045,
              0.9680109352757226
            ],
            [
              -0.2429801799032641,
              0.970031253194544
            ],
            [
              -0.2350360872059275,
              0.9719866448212793
            ],
            [
              -0.22707626303437375,
              0.9738769792773335
            ],
            [
              -0.21910124015687008,
              0.9757021300385285
            ],
            [
              -0.21111155235896606,
              0.9774619749435717
            ],
            [
              -0.2031077344077635,
              0.9791563962022336
            ],
            [
              -0.1950903220161286,
              0.9807852804032302
            ],
            [
              -0.18705985180683207,
              0.9823485185218157
            ],
            [
              -0.1790168612766334,
              0.9838460059270773
            ],
            [
              -0.17096188876030166,
              0.985277642388941
            ],
            [
              -0.16289547339458893,
              0.986643332084879
            ],
            [
              -0.15481815508214183,
              0.9879429836063223
            ],
            [
              -0.1467304744553623,
              0.9891765099647809
            ],
            [
              -0.13863297284022694,
              0.9903438285976648
            ],
            [
              -0.1305261922200525,
              0.9914448613738103
            ],
            [
              -0.12241067519921682,
              0.99247953459871
            ],
            [
              -0.11580119597785858,
              0.993267301666122
            ],
            [
              -0.11944797686952408,
              0.981848828249367
            ],
            [
              -0.12308804339905426,
              0.9704343543034553
            ],
            [
              -0.12672057925049257,
              0.9590200269281214
            ],
            [
              -0.13034487021607521,
              0.9476019661356165
            ],
            [
              -0.13396031814613496,
              0.9361763181407801
            ],
            [
              -0.13756645209673057,
              0.9247393089862579
            ]
          ]
        ]
      }
    },
    {
      "type": "Feature",
      "properties": {
        "cell_id": "TZA",
        "method": "GeoDisk",
        "view": "disk"
      },
      "geometry": {
        "type": "Polygon",
        "coordinates": [
          [
            [
              0.019828152865379624,
              -0.08392658914126579
            ],
            [
              0.029765502136127456,
              -0.09312674956173417
            ],
            [
              0.03970744535246415,
              -0.10232920975774548
            ],
            [
              0.049655483229427165,
              -0.11153489931204846
            ],
            [
              0.05961080852880686,
              -0.120744587463973
            ],
            [
              0.06957425471875522,
              -0.12995884348280168
            ],
            [
              0.07954626437911608,
              -0.13917800682361303
            ],
            [
              0.08952687861314695,
              -0.1484021696228665
            ],
            [
              0.09951574764332662,
              -0.15763117315736108
            ],
            [
              0.10951216172613511,
              -0.16686461904983574
            ],
            [
              0.11951510055206037,
              -0.17610189518859012
            ],
            [
              0.12952329843526383,
              -0.18534221553074695
            ],
            [
              0.1395353218745085,
              -0.1945846721971609
            ],
            [
              0.14954965551179913,
              -0.20382829756865126
            ],
            [
              0.15956479215002417,
              -0.21307213348783166
            ],
            [
              0.16957932232979783,
              -0.22231530418702955
            ],
            [
              0.17959201901337504,
              -0.2315570892261369
            ],
            [
              0.18960191317499467,
              -0.24079699255532208
            ],
            [
              0.19960835653801243,
              -0.250034803830548
            ],
            [
              0.20961106830704565,
              -0.25927064831135327
            ],
            [
              0.21961016348837822,
              -0.2685050220583753
            ],
            [
              0.22960616123902053,
              -0.2777388097116072
            ],
            [
              0.23959997259552793,
              -0.28697328284935164
            ],
            [
              0.24959286786767312,
              -0.2962100777737554
            ],
            [
              0.2595864248991707,
              -0.3054511525058473
            ],
            [
              0.26958246025930716,
              -0.3146987237596136
            ],
            [
              0.2795829462000366,
              -0.3239551856555456
            ],
            [
              0.28958991686158525,
              -0.33322301288262035
            ],
            [
              0.2996053677097617,
              -0.3425046518780163
            ],
            [
              0.2884796602134718,
              -0.34678392424760585
            ],
            [
              0.27737752596769516,
              -0.3510810576091247
            ],
            [
              0.2662985524558475,
              -0.3553978626895442
            ],
            [
              0.2552418096633165,
              -0.3597358858213722
            ],
            [
              0.24420589714845597,
              -0.36409635842313115
            ],
            [
              0.23318900190428365,
              -0.36848015284954416
            ],
            [
              0.22002989195383396,
              -0.3664811886627312
            ],
            [
              0.2068837958317974,
              -0.36449243531139136
            ],
            [
              0.19374780221856247,
              -0.3625112421302149
            ],
            [
              0.18061901734533667,
              -0.3605347691740309
            ],
            [
              0.16749467124439885,
              -0.35856003654292573
            ],
            [
              0.15437221721510908,
              -0.3565839779728687
            ],
            [
              0.14124942126509513,
              -0.35460349788879125
            ],
            [
              0.12812443858813644,
              -0.3526155309682692
            ],
            [
              0.11499587453290726,
              -0.35061710312323924
            ],
            [
              0.10186282799085454,
              -0.3486053926794339
            ],
            [
              0.0887249156759583,
              -0.34657779042404707
            ],
            [
              0.07558227637079269,
              -0.34453195710807555
            ],
            [
              0.06243555485688438,
              -0.3424658769381822
            ],
            [
              0.06020360646306592,
              -0.32855832299140364
            ],
            [
              0.05796627972734142,
              -0.3146808366121759
            ],
            [
              0.05572429762202765,
              -0.3008369630771717
            ],
            [
              0.05347847107024514,
              -0.2870296280765749
            ],
            [
              0.051229670813051666,
              -0.2732610574822442
            ],
            [
              0.048978797847124944,
              -0.25953271036241465
            ],
            [
              0.046726753339048896,
              -0.24584522791128333
            ],
            [
              0.04447440893365894,
              -0.23219840063556452
            ],
            [
              0.04222257835301677,
              -0.21859115572109705
            ],
            [
              0.039971991130930765,
              -0.2050215660008607
            ],
            [
              0.03772326924845034,
              -0.19148688137428987
            ],
            [
              0.035476907332634734,
              -0.17798358290225344
            ],
            [
              0.03323325695924843,
              -0.16450745914040357
            ],
            [
              0.03099251546554574,
              -0.15105370359544923
            ],
            [
              0.028754719537837134,
              -0.13761703151507948
            ],
            [
              0.026519743695720525,
              -0.12419181357413013
            ],
            [
              0.024287303655777127,
              -0.11077222341840375
            ],
            [
              0.022056964426395955,
              -0.09735239549381357
            ],
            [
              0.019828152865379624,
              -0.08392658914126579
            ]
          ]
        ]
      }
    },
    {
      "type": "Feature",
      "properties": {
        "cell_id": "UGA",
        "method": "GeoDisk",
        "view": "disk"
      },
      "geometry": {
        "type": "Polygon",
        "coordinates": [
          [
            [
              0.2626944370701507,
              0.19146054868141643
            ],
            [
              0.2734609269277743,
              0.18338573755775497
            ],
            [
              0.28417881955392416,
              0.17529757590982842
            ],
            [
              0.29484642472838607,
              0.16720119842176934
            ],
            [
              0.3054626184251547,
              0.15910135074381343
            ],
            [
              0.31602681339365474,
              0.1510023609552143
            ],
            [
              0.3265389273119281,
              0.14290812195309593
            ],
            [
              0.3369993504298749,
              0.13482208316128033
            ],
            [
              0.3474089142138845,
              0.12674724978466037
            ],
            [
              0.3577688620543338,
              0.11868618779845672
            ],
            [
              0.3680808226358979,
              0.11064103294785547
            ],
            [
              0.37834678612524564,
              0.10261350222531189
            ],
            [
              0.38856908292492237,
              0.09460490656850483
            ],
            [
              0.38592534107989407,
              0.08100933727884375
            ],
            [
              0.38324807636704467,
              0.06741939932900079
            ],
            [
              0.38053919990519613,
              0.053839355385368645
            ],
            [
              0.377800886611482,
              0.04027330328786447
            ],
            [
              0.3750355555328448,
              0.02672511752962924
            ],
            [
              0.3722458465355444,
              0.013198391842784126
            ],
            [
              0.3694345933913542,
              -0.0003036160399884865
            ],
            [
              0.3666047933883928,
              -0.013778036316311963
            ],
            [
              0.363759573702245,
              -0.02722243457435989
            ],
            [
              0.3609021548846301,
              -0.04063485362451099
            ],
            [
              0.35803581195562784,
              -0.05401384859021649
            ],
            [
              0.35516383371298776,
              -0.06735851423431674
            ],
            [
              0.3522894809889778,
              -0.08066850362750651
            ],
            [
              0.3494159446822909,
              -0.09394403743470778
            ],
            [
              0.3465463044615042,
              -0.10718590329673296
            ],
            [
              0.3436834890712241,
              -0.12039544501065844
            ],
            [
              0.340830239168771,
              -0.13357454145329672
            ],
            [
              0.33798907357740277,
              -0.14672557543807224
            ],
            [
              0.33516225976385267,
              -0.15985139293692213
            ],
            [
              0.32252032271517916,
              -0.1536901735018128
            ],
            [
              0.3098626696897584,
              -0.14752307828848935
            ],
            [
              0.29718964565905714,
              -0.1413486573559871
            ],
            [
              0.2845020465243266,
              -0.13516583580993893
            ],
            [
              0.2718011179634387,
              -0.1289739054371854
            ],
            [
              0.2590885351529876,
              -0.12277250378904364
            ],
            [
              0.24636636415893942,
              -0.11656158308113602
            ],
            [
              0.23363700658032618,
              -0.11034137153034403
            ],
            [
              0.22090312975283452,
              -0.10411232984687036
            ],
            [
              0.2081675854415867,
              -0.09787510554520144
            ],
            [
              0.1954333204477736,
              -0.09163048754384828
            ],
            [
              0.18270328290000482,
              -0.0853793632092459
            ],
            [
              0.1699803281825168,
              -0.07912267958905767
            ],
            [
              0.1572671284600603,
              -0.07286141010334848
            ],
            [
              0.14456608959243833,
              -0.06659652744975707
            ],
            [
              0.13187927889718684,
              -0.06032898296221575
            ],
            [
              0.11920836673135043,
              -0.05405969217168396
            ],
            [
              0.10655458424424903,
              -0.04778952587850088
            ],
            [
              0.0939186989301446,
              -0.041519305681885076
            ],
            [
              0.08130100881508508,
              -0.03524980264042896
            ],
            [
              0.06870135528147653,
              -0.028981737570398097
            ],
            [
              0.0561191537042775,
              -0.022715781432955866
            ],
            [
              0.0435534402813932,
              -0.016452554318460856
            ],
            [
              0.03100293272446281,
              -0.010192621702946391
            ],
            [
              0.018466101879979428,
              -0.003936486933010337
            ],
            [
              0.005941251486151979,
              0.0023154204213421507
            ],
            [
              0.01712050675319216,
              0.01053840075774888
            ],
            [
              0.028343340194702606,
              0.0187935291203246
            ],
            [
              0.03961543179647595,
              0.027085209792589826
            ],
            [
              0.05094193212476327,
              0.03541740403552435
            ],
            [
              0.06232723155046409,
              0.04379346522789164
            ],
            [
              0.0737747388592318,
              0.052215985085911173
            ],
            [
              0.0852866780710367,
              0.06068665717576615
            ],
            [
              0.09686391195983031,
              0.06920616336951059
            ],
            [
              0.10850580007571918,
              0.07777408808544967
            ],
            [
              0.1202100980582269,
              0.08638886413660728
            ],
            [
              0.1319729037226321,
              0.09504775283029293
            ],
            [
              0.1437886538460288,
              0.10374685967114158
            ],
            [
              0.15565017382985485,
              0.1124811856780852
            ],
            [
              0.1675487805339589,
              0.12124471299366961
            ],
            [
              0.1794744366333691,
              0.1300305222018877
            ],
            [
              0.191415952916905,
              0.13883093763343007
            ],
            [
              0.20336123310285031,
              0.14763769597215956
            ],
            [
              0.2152975540665629,
              0.15644213272031077
            ],
            [
              0.22721187292980316,
              0.16523538055676412
            ],
            [
              0.2390911513162909,
              0.17400857334410205
            ],
            [
              0.250922686286743,
              0.18275304950472973
            ],
            [
              0.2626944370701507,
              0.19146054868141643
            ]
          ]
        ]
      }
    },
    {
      "type": "Feature",
      "properties": {
        "cell_id": "ZAF",
        "method": "GeoDisk",
        "view": "disk"
      },
      "geometry": {
        "type": "Polygon",
        "coordinates": [
          [
            [
              -0.1288433468099374,
              -0.6034684792302432
            ],
            [
              -0.11652752768874063,
              -0.6005849641213729
            ],
            [
              -0.10420251224990804,
              -0.5976725388312436
            ],
            [
              -0.0918689980672822,
              -0.5947285426727515
            ],
            [
              -0.07952781835973459,
              -0.591750570619615
            ],
            [
              -0.0671799422025027,
              -0.5887365151607896
            ],
            [
              -0.0548264700164739,
              -0.5856846070375001
            ],
            [
              -0.04246862372646471,
              -0.5825934537850498
            ],
            [
              -0.03010773118651008,
              -0.5794620749465336
            ],
            [
              -0.01774520470958331,
              -0.5762899328082881
            ],
            [
              -0.005382513801955829,
              -0.5730769575300035
            ],
            [
              0.0070389040807044756,
              -0.5794665807582087
            ],
            [
              0.019458780049826346,
              -0.5858060041393097
            ],
            [
              0.03187606915058839,
              -0.5920992605284916
            ],
            [
              0.04429016113794274,
              -0.5983509119504862
            ],
            [
              0.05670087202892758,
              -0.604565903505927
            ],
            [
              0.0691084174814484,
              -0.6107494125474574
            ],
            [
              0.0815133699382994,
              -0.6169066979025207
            ],
            [
              0.09391660202503316,
              -0.6230429538781197
            ],
            [
              0.10631921912825068,
              -0.6291631735867553
            ],
            [
              0.09868260771757453,
              -0.6388598401896806
            ],
            [
              0.09104664430503608,
              -0.6485198361164777
            ],
            [
              0.08341205911779272,
              -0.6581423511063699
            ],
            [
              0.07577959863700424,
              -0.6677270282450632
            ],
            [
              0.06815001795071571,
              -0.6772739555116081
            ],
            [
              0.06052407411848632,
              -0.6867836512017462
            ],
            [
              0.047884273153973506,
              -0.6921486513693625
            ],
            [
              0.035244059101151116,
              -0.6974795118781557
            ],
            [
              0.022604454524128577,
              -0.7027762486308776
            ],
            [
              0.009966557251778016,
              -0.7080393219974698
            ],
            [
              -0.002668482858281606,
              -0.7132696089908795
            ],
            [
              -0.0152994862165493,
              -0.7184683700546449
            ],
            [
              -0.027925264993392453,
              -0.7236372118534854
            ],
            [
              -0.04054464405614373,
              -0.7287780474106278
            ],
            [
              -0.053156481668094654,
              -0.7338930548339191
            ],
            [
              -0.06575969027750977,
              -0.738984635725946
            ],
            [
              -0.07835325768111243,
              -0.7440553741921493
            ],
            [
              -0.09093626875048572,
              -0.7491079971572996
            ],
            [
              -0.10350792776779245,
              -0.7541453364872619
            ],
            [
              -0.11606758123862865,
              -0.7591702932023121
            ],
            [
              -0.1286147408468878,
              -0.7641858038722386
            ],
            [
              -0.14114910600344985,
              -0.7691948091127253
            ],
            [
              -0.15367058523288232,
              -0.7742002239659053
            ],
            [
              -0.1661793154561788,
              -0.7792049098521551
            ],
            [
              -0.16361403167357444,
              -0.7668067585405025
            ],
            [
              -0.16103513079258755,
              -0.7544005443828202
            ],
            [
              -0.15844136603899722,
              -0.7419817305294669
            ],
            [
              -0.15583178740808773,
              -0.7295458795282613
            ],
            [
              -0.15320573552017572,
              -0.7170887200613864
            ],
            [
              -0.1505628300057237,
              -0.7046062113416542
            ],
            [
              -0.14790295313179555,
              -0.6920946041628916
            ],
            [
              -0.14522622946818042,
              -0.6795504976540515
            ],
            [
              -0.1425330024516964,
              -0.6669708908571695
            ],
            [
              -0.13982380873946876,
              -0.6543532283343207
            ],
            [
              -0.1370993512457104,
              -0.6416954391067142
            ],
            [
              -0.13436047173190985,
              -0.6289959683382522
            ],
            [
              -0.13160812376857822,
              -0.6162538012941416
            ],
            [
              -0.1288433468099374,
              -0.6034684792302432
            ]
          ]
        ]
      }
    },
    {
      "type": "Feature",
      "properties": {
        "cell_id": "ZMB",
        "method": "GeoDisk",
        "view": "disk"
      },
      "geometry": {
        "type": "Polygon",
        "coordinates": [
          [
            [
              0.009893509172107089,
              -0.052606676491539446
            ],
            [
              0.013206645807960509,
              -0.06305603314571381
            ],
            [
              0.016517980326234402,
              -0.07349535678368742
            ],
            [
              0.01982815286537973,
              -0.08392658914126634
            ],
            [
              0.02205696442639611,
              -0.09735239549381405
            ],
            [
              0.024287303655777234,
              -0.11077222341840423
            ],
            [
              0.026519743695720622,
              -0.12419181357413059
            ],
            [
              0.028754719537837224,
              -0.1376170315150799
            ],
            [
              0.030992515465545857,
              -0.15105370359544962
            ],
            [
              0.03323325695924851,
              -0.16450745914040393
            ],
            [
              0.0354769073326348,
              -0.17798358290225377
            ],
            [
              0.03772326924845041,
              -0.19148688137429024
            ],
            [
              0.03997199113093087,
              -0.20502156600086094
            ],
            [
              0.04222257835301682,
              -0.2185911557210973
            ],
            [
              0.04447440893365899,
              -0.23219840063556477
            ],
            [
              0.04672675333904895,
              -0.2458452279112836
            ],
            [
              0.048978797847124965,
              -0.25953271036241476
            ],
            [
              0.05122967081305171,
              -0.27326105748224444
            ],
            [
              0.05347847107024516,
              -0.287029628076575
            ],
            [
              0.055724297622027665,
              -0.3008369630771718
            ],
            [
              0.05796627972734143,
              -0.31468083661217594
            ],
            [
              0.06020360646306592,
              -0.32855832299140364
            ],
            [
              0.06243555485688438,
              -0.3424658769381822
            ],
            [
              0.0492807698240701,
              -0.346086676592971
            ],
            [
              0.0361183441443628,
              -0.34969560356392737
            ],
            [
              0.022949020092730747,
              -0.3532885712605689
            ],
            [
              0.009774093898001789,
              -0.35686172416110457
            ],
            [
              -0.0034046763162352933,
              -0.3604115416419297
            ],
            [
              -0.01643014899632914,
              -0.35878518005161625
            ],
            [
              -0.02944779073450036,
              -0.3571298116112353
            ],
            [
              -0.04245514121155622,
              -0.3554465305336199
            ],
            [
              -0.055449950375241724,
              -0.3537369356742209
            ],
            [
              -0.06843028438980758,
              -0.3520030986966609
            ],
            [
              -0.0813946233032863,
              -0.35024752170081885
            ],
            [
              -0.09434194704800461,
              -0.3484730854874546
            ],
            [
              -0.1072718067541221,
              -0.3466829899171082
            ],
            [
              -0.12018437882002027,
              -0.34488068804638694
            ],
            [
              -0.12776909805365444,
              -0.3361424504500529
            ],
            [
              -0.1353479183824397,
              -0.3274340088802453
            ],
            [
              -0.1429229325413549,
              -0.3187580143705313
            ],
            [
              -0.13696598130463097,
              -0.3061143643457364
            ],
            [
              -0.13101832209274403,
              -0.29348785294946367
            ],
            [
              -0.12508009323979308,
              -0.280879209521254
            ],
            [
              -0.11915144261947187,
              -0.2682889985409588
            ],
            [
              -0.11323251712598423,
              -0.25571760875979016
            ],
            [
              -0.10732344506794612,
              -0.24316523944650958
            ],
            [
              -0.10142431244632749,
              -0.23063188357194786
            ],
            [
              -0.09553513443885304,
              -0.21811730802055143
            ],
            [
              -0.0896558237002903,
              -0.20562103120173994
            ],
            [
              -0.08378615729836468,
              -0.19314229872314392
            ],
            [
              -0.07792574422995117,
              -0.1806800580679077
            ],
            [
              -0.07207399549692514,
              -0.16823293347448595
            ],
            [
              -0.06623009866492983,
              -0.1557992024353091
            ],
            [
              -0.06039299868461386,
              -0.14337677539697777
            ],
            [
              -0.05456138653060514,
              -0.13096318034762164
            ],
            [
              -0.048733696918804005,
              -0.11855555400749929
            ],
            [
              -0.042908116010309603,
              -0.10615064129058878
            ],
            [
              -0.03708259961516235,
              -0.09374480457498109
            ],
            [
              -0.03125490198700311,
              -0.08133404410916745
            ],
            [
              -0.025422614867120445,
              -0.068914030594249
            ],
            [
              -0.019583216009393545,
              -0.056480150626329426
            ],
            [
              -0.013734126011589947,
              -0.0440275652680059
            ],
            [
              -0.007872771906035974,
              -0.03155128154429276
            ],
            [
              -0.0019966556287825806,
              -0.019046236031486585
            ],
            [
              0.001971001457267076,
              -0.030248220080141115
            ],
            [
              0.00593417074907717,
              -0.0414346831874868
            ],
            [
              0.009893509172107089,
              -0.052606676491539446
            ]
          ]
        ]
      }
    },
    {
      "type": "Feature",
      "properties": {
        "cell_id": "ZWE",
        "method": "GeoDisk",
        "view": "disk"
      },
      "geometry": {
        "type": "Polygon",
        "coordinates": [
          [
            [
              -0.005382513801955323,
              -0.5730769575300039
            ],
            [
              -0.005253252180754473,
              -0.5591085337659161
            ],
            [
              -0.005119298490618986,
              -0.5450896784411006
            ],
            [
              -0.004981753307991367,
              -0.5310234498022839
            ],
            [
              -0.004841703550777618,
              -0.5169136136869348
            ],
            [
              -0.004700211839816863,
              -0.5027645964793303
            ],
            [
              -0.004558306629627114,
              -0.48858142497180534
            ],
            [
              -0.004416973054831134,
              -0.4743696537211871
            ],
            [
              -0.00427714444750899,
              -0.46013528079388455
            ],
            [
              -0.0041396944945768155,
              -0.44588465309221625
            ],
            [
              -0.004005430021825771,
              -0.43162436274118254
            ],
            [
              -0.0038750844110251336,
              -0.4173611362808609
            ],
            [
              -0.0037493116770100404,
              -0.4031017186469476
            ],
            [
              -0.003628681251462593,
              -0.38885275412314846
            ],
            [
              -0.003513673537818021,
              -0.37462066660726634
            ],
            [
              -0.0034046763162349724,
              -0.36041154164192957
            ],
            [
              0.009774093898002104,
              -0.35686172416110445
            ],
            [
              0.022949020092730903,
              -0.3532885712605689
            ],
            [
              0.036118344144362956,
              -0.34969560356392737
            ],
            [
              0.04928076982407017,
              -0.34608667659297093
            ],
            [
              0.06243555485688438,
              -0.3424658769381822
            ],
            [
              0.07558227637079262,
              -0.34453195710807555
            ],
            [
              0.0887249156759583,
              -0.34657779042404707
            ],
            [
              0.10186282799085453,
              -0.34860539267943386
            ],
            [
              0.11499587453290726,
              -0.35061710312323924
            ],
            [
              0.12812443858813644,
              -0.3526155309682692
            ],
            [
              0.14124942126509513,
              -0.35460349788879125
            ],
            [
              0.15437221721510908,
              -0.3565839779728687
            ],
            [
              0.16749467124439885,
              -0.35856003654292573
            ],
            [
              0.18061901734533667,
              -0.3605347691740309
            ],
            [
              0.19374780221856247,
              -0.3625112421302149
            ],
            [
              0.20688379583179736,
              -0.3644924353113913
            ],
            [
              0.2200298919538339,
              -0.36648118866273127
            ],
            [
              0.23318900190428352,
              -0.36848015284954416
            ],
            [
              0.22775011539623694,
              -0.3811351645405195
            ],
            [
              0.2223200334749309,
              -0.39382920355885276
            ],
            [
              0.21689637182184204,
              -0.4065606403175944
            ],
            [
              0.21147694983989435,
              -0.41932703326861814
            ],
            [
              0.20605982975196013,
              -0.4321251813486197
            ],
            [
              0.20064334540688392,
              -0.44495119216357365
            ],
            [
              0.19522612068172918,
              -0.4578005639664913
            ],
            [
              0.1898070777539394,
              -0.4706682792155217
            ],
            [
              0.18438543587306339,
              -0.48354890730257855
            ],
            [
              0.1789607015735901,
              -0.49643671391875677
            ],
            [
              0.173532651525324,
              -0.5093257744712312
            ],
            [
              0.1681013094055201,
              -0.522210088984149
            ],
            [
              0.1626669182910203,
              -0.5350836959981201
            ],
            [
              0.15722991010604082,
              -0.5479407831225341
            ],
            [
              0.15179087362321952,
              -0.5607757920839246
            ],
            [
              0.14635052240708413,
              -0.5735835163430563
            ],
            [
              0.14090966391889345,
              -0.5863591896138619
            ],
            [
              0.13546917078152212,
              -0.5990985638993496
            ],
            [
              0.13002995494672084,
              -0.6117979759539218
            ],
            [
              0.12459294523016946,
              -0.624454401379516
            ],
            [
              0.11545744669930029,
              -0.6268131934568509
            ],
            [
              0.10631921912825053,
              -0.6291631735867553
            ],
            [
              0.09391660202503316,
              -0.6230429538781197
            ],
            [
              0.08151336993829943,
              -0.616906697902521
            ],
            [
              0.06910841748144854,
              -0.6107494125474575
            ],
            [
              0.05670087202892773,
              -0.6045659035059271
            ],
            [
              0.044290161137943033,
              -0.5983509119504865
            ],
            [
              0.0318760691505888,
              -0.5920992605284918
            ],
            [
              0.01945878004982675,
              -0.58580600413931
            ],
            [
              0.007038904080704867,
              -0.5794665807582091
            ],
            [
              -0.005382513801955323,
              -0.5730769575300039
            ]
          ]
        ]
      }
    }
  ]
}