dataset,cell_id,month,value,previous_value,delta,relative_delta,value_bin,value_reconstructed,delta_bin,delta_reconstructed,theta,rho
广东,CEG2000_f4_r0005_c0091,1,30.74133114659621,,,,4,30.55683941099248,4,,-2.5477806525857716,0.91291534680123
广东,CEG2000_f4_r0005_c0091,2,32.66532701543364,30.74133114659621,1.9239958688374301,0.06258661538312929,5,33.55231690034388,5,2.083531987819491,-2.5477806525857716,0.91291534680123
广东,CEG2000_f4_r0005_c0091,3,29.350093315516258,32.66532701543364,-3.315233699917382,-0.10149090803073876,4,30.55683941099248,2,-4.167063975638982,-2.5477806525857716,0.91291534680123
广东,CEG2000_f4_r0005_c0091,4,21.899391765976254,29.350093315516258,-7.450701549540003,-0.25385614517283683,1,21.570406942938284,0,-8.334127951277964,-2.5477806525857716,0.91291534680123
广东,CEG2000_f4_r0005_c0091,5,14.919979457422471,21.899391765976254,-6.979412308553783,-0.31870347739051225,0,18.574929453586883,1,-6.250595963458473,-2.5477806525857716,0.91291534680123
广东,CEG2000_f4_r0005_c0091,6,18.27667259443873,14.919979457422471,3.356693137016258,0.22497974253887812,0,18.574929453586883,6,4.167063975638982,-2.5477806525857716,0.91291534680123
广东,CEG2000_f4_r0005_c0091,7,13.526446811585044,18.27667259443873,-4.7502257828536845,-0.25990648780889664,0,18.574929453586883,2,-4.167063975638982,-2.5477806525857716,0.91291534680123
广东,CEG2000_f4_r0005_c0091,8,16.294072572269997,13.526446811585044,2.767625760684952,0.20460848286591818,0,18.574929453586883,5,2.083531987819491,-2.5477806525857716,0.91291534680123
广东,CEG2000_f4_r0005_c0091,9,20.12757557717454,16.294072572269997,3.833503004904543,0.23526978831729123,1,21.570406942938284,6,4.167063975638982,-2.5477806525857716,0.91291534680123
广东,CEG2000_f4_r0005_c0091,10,19.668308693598863,20.12757557717454,-0.45926688357567613,-0.022817794513538072,0,18.574929453586883,4,0.0,-2.5477806525857716,0.91291534680123
广东,CEG2000_f4_r0005_c0091,11,28.965381338465185,19.668308693598863,9.297072644866322,0.47269304085572417,3,27.561361921641087,8,8.334127951277964,-2.5477806525857716,0.91291534680123
广东,CEG2000_f4_r0005_c0091,12,32.100800695157,28.965381338465185,3.1354193566918127,0.10824712853091517,5,33.55231690034388,6,4.167063975638982,-2.5477806525857716,0.91291534680123
广东,CEG2000_f4_r0006_c0090,1,34.40350256464653,,,,5,33.55231690034388,4,,-2.659504581228711,0.939210940753984
广东,CEG2000_f4_r0006_c0090,2,36.441233873699595,34.40350256464653,2.037731309053065,0.059230344504139616,6,36.547794389695284,5,2.083531987819491,-2.659504581228711,0.939210940753984
广东,CEG2000_f4_r0006_c0090,3,32.50965291540996,36.441233873699595,-3.9315809582896364,-0.10788825021446766,5,33.55231690034388,2,-4.167063975638982,-2.659504581228711,0.939210940753984
广东,CEG2000_f4_r0006_c0090,4,25.066413159580794,32.50965291540996,-7.443239755829165,-0.22895475922786557,2,24.565884432289685,0,-8.334127951277964,-2.659504581228711,0.939210940753984
广东,CEG2000_f4_r0006_c0090,5,16.764826035148094,25.066413159580794,-8.3015871244327,-0.33118368677569243,0,18.574929453586883,0,-8.334127951277964,-2.659504581228711,0.939210940753984
广东,CEG2000_f4_r0006_c0090,6,19.78648224653148,16.764826035148094,3.0216562113833874,0.18023785066712714,0,18.574929453586883,5,2.083531987819491,-2.659504581228711,0.939210940753984
广东,CEG2000_f4_r0006_c0090,7,15.147006845080115,19.78648224653148,-4.6394754014513655,-0.23447702040440532,0,18.574929453586883,2,-4.167063975638982,-2.659504581228711,0.939210940753984
广东,CEG2000_f4_r0006_c0090,8,18.60940355608219,15.147006845080115,3.4623967110020732,0.22858619834364774,0,18.574929453586883,6,4.167063975638982,-2.659504581228711,0.939210940753984
广东,CEG2000_f4_r0006_c0090,9,22.813582977091126,18.60940355608219,4.204179421008938,0.22591693539983812,1,21.570406942938284,6,4.167063975638982,-2.659504581228711,0.939210940753984
广东,CEG2000_f4_r0006_c0090,10,23.250340561903812,22.813582977091126,0.43675758481268545,0.019144629112019244,2,24.565884432289685,4,0.0,-2.659504581228711,0.939210940753984
广东,CEG2000_f4_r0006_c0090,11,33.47837327663299,23.250340561903812,10.228032714729181,0.43990894187107243,5,33.55231690034388,8,8.334127951277964,-2.659504581228711,0.939210940753984
广东,CEG2000_f4_r0006_c0090,12,37.92026483677784,33.47837327663299,4.441891560144846,0.1326794322842791,6,36.547794389695284,6,4.167063975638982,-2.659504581228711,0.939210940753984
广东,CEG2000_f4_r0006_c0091,1,33.79743420860279,,,,5,33.55231690034388,4,,-2.6259434450659813,0.8893090770558567
广东,CEG2000_f4_r0006_c0091,2,35.35869510203426,33.79743420860279,1.5612608934314736,0.04619465737532439,6,36.547794389695284,5,2.083531987819491,-2.6259434450659813,0.8893090770558567
广东,CEG2000_f4_r0006_c0091,3,31.20155649517924,35.35869510203426,-4.157138606855021,-0.11757047580118,4,30.55683941099248,2,-4.167063975638982,-2.6259434450659813,0.8893090770558567
广东,CEG2000_f4_r0006_c0091,4,23.950333878066115,31.20155649517924,-7.251222617113125,-0.23239938745470815,2,24.565884432289685,1,-6.250595963458473,-2.6259434450659813,0.8893090770558567
广东,CEG2000_f4_r0006_c0091,5,16.092495177718927,23.950333878066115,-7.8578387003471875,-0.32808890015280545,0,18.574929453586883,0,-8.334127951277964,-2.6259434450659813,0.8893090770558567
广东,CEG2000_f4_r0006_c0091,6,19.008383522842664,16.092495177718927,2.9158883451237365,0.18119553946866906,0,18.574929453586883,5,2.083531987819491,-2.6259434450659813,0.8893090770558567
广东,CEG2000_f4_r0006_c0091,7,14.772624796149875,19.008383522842664,-4.235758726692788,-0.22283634595243793,0,18.574929453586883,2,-4.167063975638982,-2.6259434450659813,0.8893090770558567
广东,CEG2000_f4_r0006_c0091,8,18.282728094734004,14.772624796149875,3.510103298584129,0.23760864078122068,0,18.574929453586883,6,4.167063975638982,-2.6259434450659813,0.8893090770558567
广东,CEG2000_f4_r0006_c0091,9,22.04366195285037,18.282728094734004,3.760933858116367,0.2057096642595496,1,21.570406942938284,6,4.167063975638982,-2.6259434450659813,0.8893090770558567
广东,CEG2000_f4_r0006_c0091,10,22.087742343250792,22.04366195285037,0.044080390400420555,0.001999685464906193,1,21.570406942938284,4,0.0,-2.6259434450659813,0.8893090770558567
广东,CEG2000_f4_r0006_c0091,11,32.73275740919849,22.087742343250792,10.6450150659477,0.4819421967406473,5,33.55231690034388,8,8.334127951277964,-2.6259434450659813,0.8893090770558567
广东,CEG2000_f4_r0006_c0091,12,36.691456173976576,32.73275740919849,3.9586987647780845,0.12093997200692964,6,36.547794389695284,6,4.167063975638982,-2.6259434450659813,0.8893090770558567
广东,CEG2000_f4_r0007_c0090,1,36.21483747013464,,,,6,36.547794389695284,4,,-2.740529447038102,0.9407452624517753
广东,CEG2000_f4_r0007_c0090,2,37.436034149983605,36.21483747013464,1.2211966798489655,0.03372089356623655,6,36.547794389695284,5,2.083531987819491,-2.740529447038102,0.9407452624517753
广东,CEG2000_f4_r0007_c0090,3,33.95986434813138,37.436034149983605,-3.4761698018522225,-0.09285625149088461,5,33.55231690034388,2,-4.167063975638982,-2.740529447038102,0.9407452624517753
广东,CEG2000_f4_r0007_c0090,4,26.609837106583992,33.95986434813138,-7.350027241547391,-0.21643276210412252,3,27.561361921641087,0,-8.334127951277964,-2.740529447038102,0.9407452624517753
广东,CEG2000_f4_r0007_c0090,5,18.01605267071519,26.609837106583992,-8.593784435868802,-0.3229551688515398,0,18.574929453586883,0,-8.334127951277964,-2.740529447038102,0.9407452624517753
广东,CEG2000_f4_r0007_c0090,6,20.53632662662604,18.01605267071519,2.5202739559108487,0.13989046335369093,1,21.570406942938284,5,2.083531987819491,-2.740529447038102,0.9407452624517753
广东,CEG2000_f4_r0007_c0090,7,15.894584428371829,20.53632662662604,-4.64174219825421,-0.22602592384930395,0,18.574929453586883,2,-4.167063975638982,-2.740529447038102,0.9407452624517753
广东,CEG2000_f4_r0007_c0090,8,19.93373431200197,15.894584428371829,4.039149883630142,0.2541211380412224,0,18.574929453586883,6,4.167063975638982,-2.740529447038102,0.9407452624517753
广东,CEG2000_f4_r0007_c0090,9,24.583431866471965,19.93373431200197,4.649697554469995,0.2332577269112312,2,24.565884432289685,6,4.167063975638982,-2.740529447038102,0.9407452624517753
广东,CEG2000_f4_r0007_c0090,10,24.170366180311788,24.583431866471965,-0.41306568616017714,-0.016802604632412427,2,24.565884432289685,4,0.0,-2.740529447038102,0.9407452624517753
广东,CEG2000_f4_r0007_c0090,11,36.05458723452489,24.170366180311788,11.8842210542131,0.4916856023428189,6,36.547794389695284,8,8.334127951277964,-2.740529447038102,0.9407452624517753
广东,CEG2000_f4_r0007_c0090,12,41.20632583327446,36.05458723452489,5.151738598749574,0.14288718839683207,8,42.538749368398086,6,4.167063975638982,-2.740529447038102,0.9407452624517753
广东,CEG2000_f4_r0007_c0091,1,36.171729545402265,,,,6,36.547794389695284,4,,-2.716261289093576,0.8706964319511057
广东,CEG2000_f4_r0007_c0091,2,37.30083868667768,36.171729545402265,1.1291091412754142,0.031215237851929964,6,36.547794389695284,5,2.083531987819491,-2.716261289093576,0.8706964319511057
广东,CEG2000_f4_r0007_c0091,3,33.13848594451233,37.30083868667768,-4.162352742165346,-0.11158871727063786,5,33.55231690034388,2,-4.167063975638982,-2.716261289093576,0.8706964319511057
广东,CEG2000_f4_r0007_c0091,4,25.723704063361815,33.13848594451233,-7.4147818811505175,-0.223751377584539,2,24.565884432289685,0,-8.334127951277964,-2.716261289093576,0.8706964319511057
广东,CEG2000_f4_r0007_c0091,5,17.85232218476655,25.723704063361815,-7.871381878595265,-0.3059972179436805,0,18.574929453586883,0,-8.334127951277964,-2.716261289093576,0.8706964319511057
广东,CEG2000_f4_r0007_c0091,6,19.958410833285416,17.85232218476655,2.106088648518867,0.11797281198050524,0,18.574929453586883,5,2.083531987819491,-2.716261289093576,0.8706964319511057
广东,CEG2000_f4_r0007_c0091,7,15.896742358510211,19.958410833285416,-4.061668474775205,-0.20350660724958136,0,18.574929453586883,2,-4.167063975638982,-2.716261289093576,0.8706964319511057
广东,CEG2000_f4_r0007_c0091,8,19.939646328446344,15.896742358510211,4.042903969936132,0.25432279637920857,0,18.574929453586883,6,4.167063975638982,-2.716261289093576,0.8706964319511057
广东,CEG2000_f4_r0007_c0091,9,24.169561141644476,19.939646328446344,4.229914813198132,0.21213589968060975,2,24.565884432289685,6,4.167063975638982,-2.716261289093576,0.8706964319511057
广东,CEG2000_f4_r0007_c0091,10,23.899719232359523,24.169561141644476,-0.26984190928495266,-0.0111645349166068,2,24.565884432289685,4,0.0,-2.716261289093576,0.8706964319511057
广东,CEG2000_f4_r0007_c0091,11,35.765536920601,23.899719232359523,11.865817688241478,0.4964835600317642,6,36.547794389695284,8,8.334127951277964,-2.716261289093576,0.8706964319511057
广东,CEG2000_f4_r0007_c0091,12,41.727270688242776,35.765536920601,5.961733767641775,0.16668934065988555,8,42.538749368398086,7,6.250595963458473,-2.716261289093576,0.8706964319511057
广东,CEG2000_f4_r0007_c0092,1,35.97551531556743,,,,6,36.547794389695284,4,,-2.7063630170796324,0.7798467312066416
广东,CEG2000_f4_r0007_c0092,2,36.796437757551296,35.97551531556743,0.8209224419838677,0.022818921001769105,6,36.547794389695284,4,0.0,-2.7063630170796324,0.7798467312066416
广东,CEG2000_f4_r0007_c0092,3,32.56354319332158,36.796437757551296,-4.232894564229717,-0.11503544424924803,5,33.55231690034388,2,-4.167063975638982,-2.7063630170796324,0.7798467312066416
广东,CEG2000_f4_r0007_c0092,4,24.406396997512243,32.56354319332158,-8.157146195809336,-0.2504993436181808,2,24.565884432289685,0,-8.334127951277964,-2.7063630170796324,0.7798467312066416
广东,CEG2000_f4_r0007_c0092,5,17.629855003376658,24.406396997512243,-6.7765419941355844,-0.2776543377060662,0,18.574929453586883,1,-6.250595963458473,-2.7063630170796324,0.7798467312066416
广东,CEG2000_f4_r0007_c0092,6,18.491132474354057,17.629855003376658,0.8612774709773987,0.04885334966240151,0,18.574929453586883,4,0.0,-2.7063630170796324,0.7798467312066416
广东,CEG2000_f4_r0007_c0092,7,15.64719859599039,18.491132474354057,-2.843933878363666,-0.15379987582199245,0,18.574929453586883,3,-2.083531987819491,-2.7063630170796324,0.7798467312066416
广东,CEG2000_f4_r0007_c0092,8,18.541291061969304,15.64719859599039,2.894092465978913,0.18495914448996173,0,18.574929453586883,5,2.083531987819491,-2.7063630170796324,0.7798467312066416
广东,CEG2000_f4_r0007_c0092,9,24.39419019659439,18.541291061969304,5.852899134625087,0.31566837039898343,2,24.565884432289685,7,6.250595963458473,-2.7063630170796324,0.7798467312066416
广东,CEG2000_f4_r0007_c0092,10,23.55317480122732,24.39419019659439,-0.8410153953670694,-0.03447605305153689,2,24.565884432289685,4,0.0,-2.7063630170796324,0.7798467312066416
广东,CEG2000_f4_r0007_c0092,11,36.31402282996804,23.55317480122732,12.760848028740718,0.5417888728986026,6,36.547794389695284,8,8.334127951277964,-2.7063630170796324,0.7798467312066416
广东,CEG2000_f4_r0007_c0092,12,43.22803446166969,36.31402282996804,6.914011631701648,0.19039508963451662,8,42.538749368398086,7,6.250595963458473,-2.7063630170796324,0.7798467312066416
广东,CEG2000_f4_r0008_c0090,1,37.492677611474456,,,,6,36.547794389695284,4,,-2.823568807162964,0.9670765000920732
广东,CEG2000_f4_r0008_c0090,2,38.741333995138376,37.492677611474456,1.2486563836639206,0.03330400662773083,7,39.543271879046685,5,2.083531987819491,-2.823568807162964,0.9670765000920732
广东,CEG2000_f4_r0008_c0090,3,36.082893261938345,38.741333995138376,-2.658440733200031,-0.06862026830396797,6,36.547794389695284,3,-2.083531987819491,-2.823568807162964,0.9670765000920732
广东,CEG2000_f4_r0008_c0090,4,28.21737603200119,36.082893261938345,-7.865517229937154,-0.21798466028870284,3,27.561361921641087,0,-8.334127951277964,-2.823568807162964,0.9670765000920732
广东,CEG2000_f4_r0008_c0090,5,19.012181330093775,28.21737603200119,-9.205194701907416,-0.32622433395181216,0,18.574929453586883,0,-8.334127951277964,-2.823568807162964,0.9670765000920732
广东,CEG2000_f4_r0008_c0090,6,21.05969081907516,19.012181330093775,2.0475094889813867,0.1076946118613149,1,21.570406942938284,5,2.083531987819491,-2.823568807162964,0.9670765000920732
广东,CEG2000_f4_r0008_c0090,7,17.121467400481496,21.05969081907516,-3.9382234185936653,-0.18700290770776914,0,18.574929453586883,2,-4.167063975638982,-2.823568807162964,0.9670765000920732
广东,CEG2000_f4_r0008_c0090,8,20.549648504507683,17.121467400481496,3.428181104026187,0.20022706137499516,1,21.570406942938284,6,4.167063975638982,-2.823568807162964,0.9670765000920732
广东,CEG2000_f4_r0008_c0090,9,25.541834628651348,20.549648504507683,4.9921861241436645,0.2429329203878402,2,24.565884432289685,6,4.167063975638982,-2.823568807162964,0.9670765000920732
广东,CEG2000_f4_r0008_c0090,10,25.752545737812056,25.541834628651348,0.2107111091607088,0.008249646598382768,2,24.565884432289685,4,0.0,-2.823568807162964,0.9670765000920732
广东,CEG2000_f4_r0008_c0090,11,37.261068949995526,25.752545737812056,11.50852321218347,0.44688875924548643,6,36.547794389695284,8,8.334127951277964,-2.823568807162964,0.9670765000920732
广东,CEG2000_f4_r0008_c0090,12,44.43836387307424,37.261068949995526,7.177294923078712,0.1926218201820958,8,42.538749368398086,7,6.250595963458473,-2.823568807162964,0.9670765000920732
广东,CEG2000_f4_r0008_c0091,1,37.35761465824764,,,,6,36.547794389695284,4,,-2.818770255513049,0.8961436195721248
广东,CEG2000_f4_r0008_c0091,2,38.27677699149943,37.35761465824764,0.9191623332517906,0.024604417109079586,7,39.543271879046685,4,0.0,-2.818770255513049,0.8961436195721248
广东,CEG2000_f4_r0008_c0091,3,35.61207107773486,38.27677699149943,-2.664705913764571,-0.06961677871562576,6,36.547794389695284,3,-2.083531987819491,-2.818770255513049,0.8961436195721248
广东,CEG2000_f4_r0008_c0091,4,27.716591919391156,35.61207107773486,-7.895479158343704,-0.22170794675516817,3,27.561361921641087,0,-8.334127951277964,-2.818770255513049,0.8961436195721248
广东,CEG2000_f4_r0008_c0091,5,19.250532640871064,27.716591919391156,-8.466059278520092,-0.30545094805097756,0,18.574929453586883,0,-8.334127951277964,-2.818770255513049,0.8961436195721248
广东,CEG2000_f4_r0008_c0091,6,20.439497070134085,19.250532640871064,1.1889644292630202,0.06176267698373778,1,21.570406942938284,5,2.083531987819491,-2.818770255513049,0.8961436195721248
广东,CEG2000_f4_r0008_c0091,7,17.385824440455693,20.439497070134085,-3.053672629678392,-0.14940057571868423,0,18.574929453586883,3,-2.083531987819491,-2.818770255513049,0.8961436195721248
广东,CEG2000_f4_r0008_c0091,8,20.199202110176397,17.385824440455693,2.8133776697207047,0.1618202046935523,1,21.570406942938284,5,2.083531987819491,-2.818770255513049,0.8961436195721248
广东,CEG2000_f4_r0008_c0091,9,25.24171610431165,20.199202110176397,5.042513994135252,0.2496392662755141,2,24.565884432289685,6,4.167063975638982,-2.818770255513049,0.8961436195721248
广东,CEG2000_f4_r0008_c0091,10,25.608039776384295,25.24171610431165,0.36632367207264593,0.014512629432912153,2,24.565884432289685,4,0.0,-2.818770255513049,0.8961436195721248
广东,CEG2000_f4_r0008_c0091,11,37.47912655545304,25.608039776384295,11.871086779068747,0.4635687417986694,6,36.547794389695284,8,8.334127951277964,-2.818770255513049,0.8961436195721248
广东,CEG2000_f4_r0008_c0091,12,45.045164844978565,37.47912655545304,7.5660382895255225,0.20187338886702785,8,42.538749368398086,8,8.334127951277964,-2.818770255513049,0.8961436195721248
广东,CEG2000_f4_r0008_c0092,1,37.8020849052649,,,,6,36.547794389695284,4,,-2.7823631145855607,0.7983047208755184
广东,CEG2000_f4_r0008_c0092,2,38.513210882248806,37.8020849052649,0.711125976983908,0.018811818945067383,7,39.543271879046685,4,0.0,-2.7823631145855607,0.7983047208755184
广东,CEG2000_f4_r0008_c0092,3,35.008234717931046,38.513210882248806,-3.5049761643177604,-0.09100711376763565,5,33.55231690034388,2,-4.167063975638982,-2.7823631145855607,0.7983047208755184
广东,CEG2000_f4_r0008_c0092,4,26.310940895841757,35.008234717931046,-8.69729382208929,-0.2484356578435124,3,27.561361921641087,0,-8.334127951277964,-2.7823631145855607,0.7983047208755184
广东,CEG2000_f4_r0008_c0092,5,19.32287632302504,26.310940895841757,-6.988064572816718,-0.2655953886438599,0,18.574929453586883,1,-6.250595963458473,-2.7823631145855607,0.7983047208755184
广东,CEG2000_f4_r0008_c0092,6,19.239428844431732,19.32287632302504,-0.08344747859330681,-0.004318584728189314,0,18.574929453586883,4,0.0,-2.7823631145855607,0.7983047208755184
广东,CEG2000_f4_r0008_c0092,7,17.171577280356452,19.239428844431732,-2.06785156407528,-0.10747988315015686,0,18.574929453586883,3,-2.083531987819491,-2.7823631145855607,0.7983047208755184
广东,CEG2000_f4_r0008_c0092,8,19.55855589181427,17.171577280356452,2.386978611457817,0.1390075339315753,0,18.574929453586883,5,2.083531987819491,-2.7823631145855607,0.7983047208755184
广东,CEG2000_f4_r0008_c0092,9,25.68970864914358,19.55855589181427,6.1311527573293105,0.31347676133366,2,24.565884432289685,7,6.250595963458473,-2.7823631145855607,0.7983047208755184
广东,CEG2000_f4_r0008_c0092,10,25.9963970233989,25.68970864914358,0.3066883742553195,0.011938180321307132,2,24.565884432289685,4,0.0,-2.7823631145855607,0.7983047208755184
广东,CEG2000_f4_r0008_c0092,11,38.43276849133508,25.9963970233989,12.436371467936183,0.478388272680342,7,39.543271879046685,8,8.334127951277964,-2.7823631145855607,0.7983047208755184
广东,CEG2000_f4_r0008_c0092,12,46.36296585943122,38.43276849133508,7.930197368096138,0.20633947746658043,8,42.538749368398086,8,8.334127951277964,-2.7823631145855607,0.7983047208755184
广东,CEG2000_f4_r0008_c0093,1,38.11660634421454,,,,7,39.543271879046685,4,,-2.7372040994843188,0.6873000730730621
广东,CEG2000_f4_r0008_c0093,2,38.81953032966117,38.11660634421454,0.7029239854466311,0.018441410525869735,7,39.543271879046685,4,0.0,-2.7372040994843188,0.6873000730730621
广东,CEG2000_f4_r0008_c0093,3,35.01640597904868,38.81953032966117,-3.8031243506124923,-0.09796935507245451,5,33.55231690034388,2,-4.167063975638982,-2.7372040994843188,0.6873000730730621
广东,CEG2000_f4_r0008_c0093,4,26.35946484639351,35.01640597904868,-8.656941132655167,-0.2472252902777876,3,27.561361921641087,0,-8.334127951277964,-2.7372040994843188,0.6873000730730621
广东,CEG2000_f4_r0008_c0093,5,19.38656011281176,26.35946484639351,-6.97290473358175,-0.2645313466800438,0,18.574929453586883,1,-6.250595963458473,-2.7372040994843188,0.6873000730730621
广东,CEG2000_f4_r0008_c0093,6,18.697240477834672,19.38656011281176,-0.6893196349770889,-0.035556572747609136,0,18.574929453586883,4,0.0,-2.7372040994843188,0.6873000730730621
广东,CEG2000_f4_r0008_c0093,7,16.985928066396852,18.697240477834672,-1.7113124114378202,-0.0915275392358866,0,18.574929453586883,3,-2.083531987819491,-2.7372040994843188,0.6873000730730621
广东,CEG2000_f4_r0008_c0093,8,18.436549754701,16.985928066396852,1.4506216883041496,0.08540137946150289,0,18.574929453586883,5,2.083531987819491,-2.7372040994843188,0.6873000730730621
广东,CEG2000_f4_r0008_c0093,9,25.548967636022915,18.436549754701,7.112417881321914,0.38577814048468423,2,24.565884432289685,7,6.250595963458473,-2.7372040994843188,0.6873000730730621
广东,CEG2000_f4_r0008_c0093,10,25.752598968287824,25.548967636022915,0.2036313322649086,0.007970237199635315,2,24.565884432289685,4,0.0,-2.7372040994843188,0.6873000730730621
广东,CEG2000_f4_r0008_c0093,11,37.01351001208071,25.752598968287824,11.260911043792884,0.43727279944287395,6,36.547794389695284,8,8.334127951277964,-2.7372040994843188,0.6873000730730621
广东,CEG2000_f4_r0008_c0093,12,43.749047514077574,37.01351001208071,6.735537501996866,0.18197510854275853,8,42.538749368398086,7,6.250595963458473,-2.7372040994843188,0.6873000730730621
广东,CEG2000_f4_r0008_c0094,1,36.39861383506335,,,,6,36.547794389695284,4,,-2.6799789575550084,0.5798980321006064
广东,CEG2000_f4_r0008_c0094,2,37.21446489534053,36.39861383506335,0.8158510602771756,0.022414344237781207,6,36.547794389695284,4,0.0,-2.6799789575550084,0.5798980321006064
广东,CEG2000_f4_r0008_c0094,3,33.14740421239022,37.21446489534053,-4.067060682950306,-0.10928709291906347,5,33.55231690034388,2,-4.167063975638982,-2.6799789575550084,0.5798980321006064
广东,CEG2000_f4_r0008_c0094,4,25.349627840585867,33.14740421239022,-7.797776371804353,-0.23524546060501506,2,24.565884432289685,0,-8.334127951277964,-2.6799789575550084,0.5798980321006064
广东,CEG2000_f4_r0008_c0094,5,18.719269284744897,25.349627840585867,-6.630358555840971,-0.26155644562266417,0,18.574929453586883,1,-6.250595963458473,-2.6799789575550084,0.5798980321006064
广东,CEG2000_f4_r0008_c0094,6,17.757397123915947,18.719269284744897,-0.9618721608289498,-0.05138406559559561,0,18.574929453586883,4,0.0,-2.6799789575550084,0.5798980321006064
广东,CEG2000_f4_r0008_c0094,7,15.732809804852044,17.757397123915947,-2.0245873190639028,-0.11401374339582439,0,18.574929453586883,3,-2.083531987819491,-2.6799789575550084,0.5798980321006064
广东,CEG2000_f4_r0008_c0094,8,16.592793113778356,15.732809804852044,0.8599833089263118,0.054661774952690936,0,18.574929453586883,4,0.0,-2.6799789575550084,0.5798980321006064
广东,CEG2000_f4_r0008_c0094,9,24.44799794497479,16.592793113778356,7.855204831196435,0.4734106414352635,2,24.565884432289685,8,8.334127951277964,-2.6799789575550084,0.5798980321006064
广东,CEG2000_f4_r0008_c0094,10,23.375445668064593,24.44799794497479,-1.0725522769101978,-0.043870761087439376,2,24.565884432289685,3,-2.083531987819491,-2.6799789575550084,0.5798980321006064
广东,CEG2000_f4_r0008_c0094,11,31.995785821847605,23.375445668064593,8.620340153783012,0.3687775743912371,4,30.55683941099248,8,8.334127951277964,-2.6799789575550084,0.5798980321006064
广东,CEG2000_f4_r0008_c0094,12,36.881631495266035,31.995785821847605,4.88584567341843,0.15270278719275088,6,36.547794389695284,6,4.167063975638982,-2.6799789575550084,0.5798980321006064
广东,CEG2000_f4_r0008_c0095,1,37.456978639236915,,,,6,36.547794389695284,4,,-2.6468161286522807,0.5112477779069972
广东,CEG2000_f4_r0008_c0095,2,37.03118246512621,37.456978639236915,-0.42579617411070814,-0.011367605973020962,6,36.547794389695284,4,0.0,-2.6468161286522807,0.5112477779069972
广东,CEG2000_f4_r0008_c0095,3,33.62337902724273,37.03118246512621,-3.40780343788348,-0.09202523956918603,5,33.55231690034388,2,-4.167063975638982,-2.6468161286522807,0.5112477779069972
广东,CEG2000_f4_r0008_c0095,4,25.333246251977588,33.62337902724273,-8.290132775265139,-0.24655858557666707,2,24.565884432289685,0,-8.334127951277964,-2.6468161286522807,0.5112477779069972
广东,CEG2000_f4_r0008_c0095,5,18.954395476018433,25.333246251977588,-6.378850775959155,-0.2517976066908994,0,18.574929453586883,1,-6.250595963458473,-2.6468161286522807,0.5112477779069972
广东,CEG2000_f4_r0008_c0095,6,17.535087544773017,18.954395476018433,-1.4193079312454167,-0.07488014761753599,0,18.574929453586883,3,-2.083531987819491,-2.6468161286522807,0.5112477779069972
广东,CEG2000_f4_r0008_c0095,7,15.457664711803828,17.535087544773017,-2.077422832969189,-0.11847233882721286,0,18.574929453586883,3,-2.083531987819491,-2.6468161286522807,0.5112477779069972
广东,CEG2000_f4_r0008_c0095,8,16.837362709116785,15.457664711803828,1.3796979973129577,0.08925656126176605,0,18.574929453586883,5,2.083531987819491,-2.6468161286522807,0.5112477779069972
广东,CEG2000_f4_r0008_c0095,9,25.09850284511726,16.837362709116785,8.261140136000474,0.4906433554185647,2,24.565884432289685,8,8.334127951277964,-2.6468161286522807,0.5112477779069972
广东,CEG2000_f4_r0008_c0095,10,23.569056857931,25.09850284511726,-1.5294459871862607,-0.06093773786526091,2,24.565884432289685,3,-2.083531987819491,-2.6468161286522807,0.5112477779069972
广东,CEG2000_f4_r0008_c0095,11,32.07686419942167,23.569056857931,8.507807341490672,0.36097360164956244,5,33.55231690034388,8,8.334127951277964,-2.6468161286522807,0.5112477779069972
广东,CEG2000_f4_r0008_c0095,12,37.71662661811177,32.07686419942167,5.639762418690097,0.17582025423768757,6,36.547794389695284,7,6.250595963458473,-2.6468161286522807,0.5112477779069972
广东,CEG2000_f4_r0009_c0092,1,38.43173373739867,,,,7,39.543271879046685,4,,-2.882612947809583,0.9080889369386932
广东,CEG2000_f4_r0009_c0092,2,38.90112712649652,38.43173373739867,0.46939338909784567,0.01221369278589349,7,39.543271879046685,4,0.0,-2.882612947809583,0.9080889369386932
广东,CEG2000_f4_r0009_c0092,3,37.301995371066,38.90112712649652,-1.5991317554305198,-0.041107594395158584,6,36.547794389695284,3,-2.083531987819491,-2.882612947809583,0.9080889369386932
广东,CEG2000_f4_r0009_c0092,4,29.16777224894872,37.301995371066,-8.13422312211728,-0.2180640215409695,4,30.55683941099248,0,-8.334127951277964,-2.882612947809583,0.9080889369386932
广东,CEG2000_f4_r0009_c0092,5,20.736185122160443,29.16777224894872,-8.431587126788276,-0.2890720297328217,1,21.570406942938284,0,-8.334127951277964,-2.882612947809583,0.9080889369386932
广东,CEG2000_f4_r0009_c0092,6,20.417589209024797,20.736185122160443,-0.3185959131356455,-0.015364249077578255,1,21.570406942938284,4,0.0,-2.882612947809583,0.9080889369386932
广东,CEG2000_f4_r0009_c0092,7,18.3685806874581,20.417589209024797,-2.049008521566698,-0.10035506643757011,0,18.574929453586883,3,-2.083531987819491,-2.882612947809583,0.9080889369386932
广东,CEG2000_f4_r0009_c0092,8,19.901716093022607,18.3685806874581,1.533135405564508,0.08346509899980017,0,18.574929453586883,5,2.083531987819491,-2.882612947809583,0.9080889369386932
广东,CEG2000_f4_r0009_c0092,9,26.413769661021192,19.901716093022607,6.512053567998585,0.32721065548119554,3,27.561361921641087,7,6.250595963458473,-2.882612947809583,0.9080889369386932
广东,CEG2000_f4_r0009_c0092,10,27.14597319904984,26.413769661021192,0.7322035380286493,0.027720524083662407,3,27.561361921641087,4,0.0,-2.882612947809583,0.9080889369386932
广东,CEG2000_f4_r0009_c0092,11,36.43075134627655,27.14597319904984,9.28477814722671,0.34203150791999215,6,36.547794389695284,8,8.334127951277964,-2.882612947809583,0.9080889369386932
广东,CEG2000_f4_r0009_c0092,12,43.94858657753925,36.43075134627655,7.517835231262701,0.20635959878524632,8,42.538749368398086,8,8.334127951277964,-2.882612947809583,0.9080889369386932
广东,CEG2000_f4_r0009_c0093,1,38.71016422757889,,,,7,39.543271879046685,4,,-2.871900854383605,0.7310816691949159
广东,CEG2000_f4_r0009_c0093,2,37.82706878002435,38.71016422757889,-0.8830954475545454,-0.022813012168142334,6,36.547794389695284,4,0.0,-2.871900854383605,0.7310816691949159
广东,CEG2000_f4_r0009_c0093,3,37.10282316128493,37.82706878002435,-0.7242456187394168,-0.019146226289727085,6,36.547794389695284,4,0.0,-2.871900854383605,0.7310816691949159
广东,CEG2000_f4_r0009_c0093,4,28.856567689153433,37.10282316128493,-8.246255472131498,-0.22225412433671846,3,27.561361921641087,0,-8.334127951277964,-2.871900854383605,0.7310816691949159
广东,CEG2000_f4_r0009_c0093,5,21.04337592198148,28.856567689153433,-7.813191767171954,-0.27075956681115493,1,21.570406942938284,0,-8.334127951277964,-2.871900854383605,0.7310816691949159
广东,CEG2000_f4_r0009_c0093,6,19.525772627502036,21.04337592198148,-1.5176032944794429,-0.07211786265217006,0,18.574929453586883,3,-2.083531987819491,-2.871900854383605,0.7310816691949159
广东,CEG2000_f4_r0009_c0093,7,17.63122177227188,19.525772627502036,-1.8945508552301575,-0.09702821452308033,0,18.574929453586883,3,-2.083531987819491,-2.871900854383605,0.7310816691949159
广东,CEG2000_f4_r0009_c0093,8,18.912282766141384,17.63122177227188,1.281060993869506,0.07265866259388752,0,18.574929453586883,5,2.083531987819491,-2.871900854383605,0.7310816691949159
广东,CEG2000_f4_r0009_c0093,9,25.578522196316545,18.912282766141384,6.66623943017516,0.35248200931670254,2,24.565884432289685,7,6.250595963458473,-2.871900854383605,0.7310816691949159
广东,CEG2000_f4_r0009_c0093,10,26.087042399621165,25.578522196316545,0.5085202033046201,0.01988074992768151,3,27.561361921641087,4,0.0,-2.871900854383605,0.7310816691949159
广东,CEG2000_f4_r0009_c0093,11,34.288991131392706,26.087042399621165,8.201948731771541,0.3144069996946319,5,33.55231690034388,8,8.334127951277964,-2.871900854383605,0.7310816691949159
广东,CEG2000_f4_r0009_c0093,12,40.28755091176783,34.288991131392706,5.998559780375125,0.17494127364054304,7,39.543271879046685,7,6.250595963458473,-2.871900854383605,0.7310816691949159
广东,CEG2000_f4_r0009_c0094,1,37.59281437835462,,,,6,36.547794389695284,4,,-2.830705714781467,0.6026254558933183
广东,CEG2000_f4_r0009_c0094,2,36.76067737993446,37.59281437835462,-0.832136998420161,-0.022135533403939374,6,36.547794389695284,4,0.0,-2.830705714781467,0.6026254558933183
广东,CEG2000_f4_r0009_c0094,3,35.59453984476392,36.76067737993446,-1.1661375351705345,-0.03172241694890699,6,36.547794389695284,3,-2.083531987819491,-2.830705714781467,0.6026254558933183
广东,CEG2000_f4_r0009_c0094,4,27.395430409384247,35.59453984476392,-8.199109435379675,-0.2303473923567463,3,27.561361921641087,0,-8.334127951277964,-2.830705714781467,0.6026254558933183
广东,CEG2000_f4_r0009_c0094,5,20.597083529815173,27.395430409384247,-6.798346879569074,-0.24815623547350127,1,21.570406942938284,1,-6.250595963458473,-2.830705714781467,0.6026254558933183
广东,CEG2000_f4_r0009_c0094,6,18.736081925474704,20.597083529815173,-1.8610016043404691,-0.09035267549634338,0,18.574929453586883,3,-2.083531987819491,-2.830705714781467,0.6026254558933183
广东,CEG2000_f4_r0009_c0094,7,16.604570722869784,18.736081925474704,-2.131511202604919,-0.11376504495888164,0,18.574929453586883,3,-2.083531987819491,-2.830705714781467,0.6026254558933183
广东,CEG2000_f4_r0009_c0094,8,17.972878148719314,16.604570722869784,1.3683074258495296,0.0824054682705488,0,18.574929453586883,5,2.083531987819491,-2.830705714781467,0.6026254558933183
广东,CEG2000_f4_r0009_c0094,9,24.988524016842515,17.972878148719314,7.015645868123201,0.3903462656382118,2,24.565884432289685,7,6.250595963458473,-2.830705714781467,0.6026254558933183
广东,CEG2000_f4_r0009_c0094,10,24.866508286694035,24.988524016842515,-0.12201573014847966,-0.004882870635586153,2,24.565884432289685,4,0.0,-2.830705714781467,0.6026254558933183
广东,CEG2000_f4_r0009_c0094,11,30.795576417383252,24.866508286694035,5.929068130689217,0.2384358938670065,4,30.55683941099248,7,6.250595963458473,-2.830705714781467,0.6026254558933183
广东,CEG2000_f4_r0009_c0094,12,36.02432623939804,30.795576417383252,5.228749822014791,0.169788990183126,6,36.547794389695284,7,6.250595963458473,-2.830705714781467,0.6026254558933183
广东,CEG2000_f4_r0009_c0095,1,39.97860365998551,,,,7,39.543271879046685,4,,-2.775319390643438,0.5039037141950189
广东,CEG2000_f4_r0009_c0095,2,38.022046832813274,39.97860365998551,-1.9565568271722356,-0.04894009915435212,6,36.547794389695284,3,-2.083531987819491,-2.775319390643438,0.5039037141950189
广东,CEG2000_f4_r0009_c0095,3,36.47554334914695,38.022046832813274,-1.5465034836663207,-0.04067386194295248,6,36.547794389695284,3,-2.083531987819491,-2.775319390643438,0.5039037141950189
广东,CEG2000_f4_r0009_c0095,4,27.15537553580362,36.47554334914695,-9.320167813343332,-0.25551827217842665,3,27.561361921641087,0,-8.334127951277964,-2.775319390643438,0.5039037141950189
广东,CEG2000_f4_r0009_c0095,5,20.761520003495455,27.15537553580362,-6.393855532308166,-0.23545450601034928,1,21.570406942938284,1,-6.250595963458473,-2.775319390643438,0.5039037141950189
广东,CEG2000_f4_r0009_c0095,6,18.0881288705011,20.761520003495455,-2.673391132994354,-0.12876663811437003,0,18.574929453586883,3,-2.083531987819491,-2.775319390643438,0.5039037141950189
广东,CEG2000_f4_r0009_c0095,7,16.179886156337112,18.0881288705011,-1.9082427141639897,-0.1054969658733488,0,18.574929453586883,3,-2.083531987819491,-2.775319390643438,0.5039037141950189
广东,CEG2000_f4_r0009_c0095,8,18.324751738242135,16.179886156337112,2.144865581905023,0.13256370045996596,0,18.574929453586883,5,2.083531987819491,-2.775319390643438,0.5039037141950189
广东,CEG2000_f4_r0009_c0095,9,26.01290278231145,18.324751738242135,7.688151044069315,0.419550079252906,2,24.565884432289685,8,8.334127951277964,-2.775319390643438,0.5039037141950189
广东,CEG2000_f4_r0009_c0095,10,25.26470008911327,26.01290278231145,-0.7482026931981807,-0.028762752833065293,2,24.565884432289685,4,0.0,-2.775319390643438,0.5039037141950189
广东,CEG2000_f4_r0009_c0095,11,32.704750262634406,25.26470008911327,7.440050173521136,0.29448400920172035,5,33.55231690034388,8,8.334127951277964,-2.775319390643438,0.5039037141950189
广东,CEG2000_f4_r0009_c0095,12,39.50503328933158,32.704750262634406,6.800283026697173,0.20792952008768534,7,39.543271879046685,7,6.250595963458473,-2.775319390643438,0.5039037141950189
广东,CEG2000_f4_r0009_c0096,1,40.03857481941897,,,,7,39.543271879046685,4,,-2.6974888037681777,0.3918255853939461
广东,CEG2000_f4_r0009_c0096,2,37.690234308059765,40.03857481941897,-2.348340511359204,-0.05865195057393111,6,36.547794389695284,3,-2.083531987819491,-2.6974888037681777,0.3918255853939461
广东,CEG2000_f4_r0009_c0096,3,36.62544360681608,37.690234308059765,-1.0647907012436875,-0.02825110325769427,6,36.547794389695284,3,-2.083531987819491,-2.6974888037681777,0.3918255853939461
广东,CEG2000_f4_r0009_c0096,4,27.633578585019915,36.62544360681608,-8.991865021796162,-0.24550869931641608,3,27.561361921641087,0,-8.334127951277964,-2.6974888037681777,0.3918255853939461
广东,CEG2000_f4_r0009_c0096,5,20.873012004078724,27.633578585019915,-6.760566580941191,-0.24465041905958843,1,21.570406942938284,1,-6.250595963458473,-2.6974888037681777,0.3918255853939461
广东,CEG2000_f4_r0009_c0096,6,17.39177716648573,20.873012004078724,-3.481234837592993,-0.16678162389370238,0,18.574929453586883,2,-4.167063975638982,-2.6974888037681777,0.3918255853939461
广东,CEG2000_f4_r0009_c0096,7,15.840028478776318,17.39177716648573,-1.5517486877094129,-0.08922312382771673,0,18.574929453586883,3,-2.083531987819491,-2.6974888037681777,0.3918255853939461
广东,CEG2000_f4_r0009_c0096,8,17.485685311239553,15.840028478776318,1.645656832463235,0.10389229000870875,0,18.574929453586883,5,2.083531987819491,-2.6974888037681777,0.3918255853939461
广东,CEG2000_f4_r0009_c0096,9,25.480069366112595,17.485685311239553,7.994384054873041,0.4571959241273983,2,24.565884432289685,8,8.334127951277964,-2.6974888037681777,0.3918255853939461
广东,CEG2000_f4_r0009_c0096,10,24.752629377629216,25.480069366112595,-0.7274399884833791,-0.028549372375368934,2,24.565884432289685,4,0.0,-2.6974888037681777,0.3918255853939461
广东,CEG2000_f4_r0009_c0096,11,32.177153073091496,24.752629377629216,7.42452369546228,0.2999488895580674,5,33.55231690034388,8,8.334127951277964,-2.6974888037681777,0.3918255853939461
广东,CEG2000_f4_r0009_c0096,12,38.95891468358078,32.177153073091496,6.7817616104892835,0.21076325786449415,7,39.543271879046685,7,6.250595963458473,-2.6974888037681777,0.3918255853939461
广东,CEG2000_f4_r0009_c0097,1,40.74811009305774,,,,7,39.543271879046685,4,,-2.6002831712611343,0.3111163080875065
广东,CEG2000_f4_r0009_c0097,2,36.83304121600976,40.74811009305774,-3.915068877047979,-0.09607976586170532,6,36.547794389695284,2,-4.167063975638982,-2.6002831712611343,0.3111163080875065
广东,CEG2000_f4_r0009_c0097,3,37.56197429609028,36.83304121600976,0.728933080080516,0.019790195325051784,6,36.547794389695284,4,0.0,-2.6002831712611343,0.3111163080875065
广东,CEG2000_f4_r0009_c0097,4,27.675681593710287,37.56197429609028,-9.88629270237999,-0.2631994959702911,3,27.561361921641087,0,-8.334127951277964,-2.6002831712611343,0.3111163080875065
广东,CEG2000_f4_r0009_c0097,5,21.84260138297996,27.675681593710287,-5.833080210730326,-0.21076554848267878,1,21.570406942938284,1,-6.250595963458473,-2.6002831712611343,0.3111163080875065
广东,CEG2000_f4_r0009_c0097,6,16.666453496427632,21.84260138297996,-5.176147886552329,-0.23697488205711845,0,18.574929453586883,2,-4.167063975638982,-2.6002831712611343,0.3111163080875065
广东,CEG2000_f4_r0009_c0097,7,15.52002123552583,16.666453496427632,-1.1464322609018023,-0.06878681545222168,0,18.574929453586883,3,-2.083531987819491,-2.6002831712611343,0.3111163080875065
广东,CEG2000_f4_r0009_c0097,8,16.906264769083013,15.52002123552583,1.3862435335571828,0.08931969309320445,0,18.574929453586883,5,2.083531987819491,-2.6002831712611343,0.3111163080875065
广东,CEG2000_f4_r0009_c0097,9,26.51082992364116,16.906264769083013,9.604565154558149,0.5681068695979671,3,27.561361921641087,8,8.334127951277964,-2.6002831712611343,0.3111163080875065
广东,CEG2000_f4_r0009_c0097,10,25.31408666069388,26.51082992364116,-1.1967432629472796,-0.04514167479457435,2,24.565884432289685,3,-2.083531987819491,-2.6002831712611343,0.3111163080875065
广东,CEG2000_f4_r0009_c0097,11,34.607448337153734,25.31408666069388,9.293361676459853,0.3671221403729331,5,33.55231690034388,8,8.334127951277964,-2.6002831712611343,0.3111163080875065
广东,CEG2000_f4_r0009_c0097,12,41.674960150033314,34.607448337153734,7.06751181287958,0.20421938491466496,8,42.538749368398086,7,6.250595963458473,-2.6002831712611343,0.3111163080875065
广东,CEG2000_f4_r0009_c0098,1,40.63586586832113,,,,7,39.543271879046685,4,,-2.469021111959689,0.2391277535213002
广东,CEG2000_f4_r0009_c0098,2,34.79439390925343,40.63586586832113,-5.841471959067704,-0.14375163009930084,5,33.55231690034388,1,-6.250595963458473,-2.469021111959689,0.2391277535213002
广东,CEG2000_f4_r0009_c0098,3,38.19904432280699,34.79439390925343,3.4046504135535613,0.09785054518935328,7,39.543271879046685,6,4.167063975638982,-2.469021111959689,0.2391277535213002
广东,CEG2000_f4_r0009_c0098,4,28.591281028158825,38.19904432280699,-9.607763294648166,-0.25151842055147405,3,27.561361921641087,0,-8.334127951277964,-2.469021111959689,0.2391277535213002
广东,CEG2000_f4_r0009_c0098,5,22.620516640308548,28.591281028158825,-5.970764387850277,-0.2088316498295345,1,21.570406942938284,1,-6.250595963458473,-2.469021111959689,0.2391277535213002
广东,CEG2000_f4_r0009_c0098,6,16.777892339516523,22.620516640308548,-5.842624300792025,-0.25828872053173096,0,18.574929453586883,1,-6.250595963458473,-2.469021111959689,0.2391277535213002
广东,CEG2000_f4_r0009_c0098,7,16.20090059290122,16.777892339516523,-0.5769917466153025,-0.03439000173200118,0,18.574929453586883,4,0.0,-2.469021111959689,0.2391277535213002
广东,CEG2000_f4_r0009_c0098,8,17.08733100252389,16.20090059290122,0.886430409622669,0.05471488480159417,0,18.574929453586883,4,0.0,-2.469021111959689,0.2391277535213002
广东,CEG2000_f4_r0009_c0098,9,27.095314607281537,17.08733100252389,10.007983604757648,0.5856961279253861,3,27.561361921641087,8,8.334127951277964,-2.469021111959689,0.2391277535213002
广东,CEG2000_f4_r0009_c0098,10,25.829970380136423,27.095314607281537,-1.265344227145114,-0.04669974294393571,2,24.565884432289685,3,-2.083531987819491,-2.469021111959689,0.2391277535213002
广东,CEG2000_f4_r0009_c0098,11,33.210871954556744,25.829970380136423,7.380901574420321,0.2857495175486662,5,33.55231690034388,8,8.334127951277964,-2.469021111959689,0.2391277535213002
广东,CEG2000_f4_r0009_c0098,12,40.550723130503144,33.210871954556744,7.3398511759464,0.2210074817062828,7,39.543271879046685,8,8.334127951277964,-2.469021111959689,0.2391277535213002
广东,CEG2000_f4_r0009_c0099,1,41.556568416718406,,,,8,42.538749368398086,4,,-2.260741625424331,0.4784201897053959
广东,CEG2000_f4_r0009_c0099,2,33.940940555496425,41.556568416718406,-7.615627861221981,-0.18325930536069426,5,33.55231690034388,0,-8.334127951277964,-2.260741625424331,0.4784201897053959
广东,CEG2000_f4_r0009_c0099,3,38.74388046817158,33.940940555496425,4.802939912675157,0.14150874531075316,7,39.543271879046685,6,4.167063975638982,-2.260741625424331,0.4784201897053959
广东,CEG2000_f4_r0009_c0099,4,29.604769524573637,38.74388046817158,-9.139110943597945,-0.2358852761562126,4,30.55683941099248,0,-8.334127951277964,-2.260741625424331,0.4784201897053959
广东,CEG2000_f4_r0009_c0099,5,22.611993823134615,29.604769524573637,-6.992775701439022,-0.23620436212599535,1,21.570406942938284,1,-6.250595963458473,-2.260741625424331,0.4784201897053959
广东,CEG2000_f4_r0009_c0099,6,16.40109289480654,22.611993823134615,-6.210900928328076,-0.27467285622436466,0,18.574929453586883,1,-6.250595963458473,-2.260741625424331,0.4784201897053959
广东,CEG2000_f4_r0009_c0099,7,16.296476149455415,16.40109289480654,-0.10461674535112309,-0.006378644766060091,0,18.574929453586883,4,0.0,-2.260741625424331,0.4784201897053959
广东,CEG2000_f4_r0009_c0099,8,16.628310656971436,16.296476149455415,0.33183450751602095,0.020362347324216466,0,18.574929453586883,4,0.0,-2.260741625424331,0.4784201897053959
广东,CEG2000_f4_r0009_c0099,9,27.824253670370545,16.628310656971436,11.19594301339911,0.6733061009240405,3,27.561361921641087,8,8.334127951277964,-2.260741625424331,0.4784201897053959
广东,CEG2000_f4_r0009_c0099,10,26.88956606766179,27.824253670370545,-0.9346876027087561,-0.033592548924468904,3,27.561361921641087,4,0.0,-2.260741625424331,0.4784201897053959
广东,CEG2000_f4_r0009_c0099,11,34.03269298822233,26.88956606766179,7.14312692056054,0.26564679037907873,5,33.55231690034388,7,6.250595963458473,-2.260741625424331,0.4784201897053959
广东,CEG2000_f4_r0009_c0099,12,43.12729337867479,34.03269298822233,9.094600390452463,0.2672312882674264,8,42.538749368398086,8,8.334127951277964,-2.260741625424331,0.4784201897053959
广东,CEG2000_f4_r0010_c0093,1,38.32238636623091,,,,7,39.543271879046685,4,,-3.0087179180379664,0.9128361485567604
广东,CEG2000_f4_r0010_c0093,2,37.08831157952599,38.32238636623091,-1.234074786704916,-0.03220245145778196,6,36.547794389695284,3,-2.083531987819491,-3.0087179180379664,0.9128361485567604
广东,CEG2000_f4_r0010_c0093,3,37.76203756428981,37.08831157952599,0.67372598476382,0.01816545310560159,6,36.547794389695284,4,0.0,-3.0087179180379664,0.9128361485567604
广东,CEG2000_f4_r0010_c0093,4,29.33999598254771,37.76203756428981,-8.422041581742103,-0.22302932058164474,4,30.55683941099248,0,-8.334127951277964,-3.0087179180379664,0.9128361485567604
广东,CEG2000_f4_r0010_c0093,5,22.24228678842112,29.33999598254771,-7.09770919412659,-0.24191241192904445,1,21.570406942938284,1,-6.250595963458473,-3.0087179180379664,0.9128361485567604
广东,CEG2000_f4_r0010_c0093,6,20.11020734050992,22.24228678842112,-2.132079447911199,-0.09585702532264426,1,21.570406942938284,3,-2.083531987819491,-3.0087179180379664,0.9128361485567604
广东,CEG2000_f4_r0010_c0093,7,17.77617984802135,20.11020734050992,-2.3340274924885698,-0.11606183133611528,0,18.574929453586883,3,-2.083531987819491,-3.0087179180379664,0.9128361485567604
广东,CEG2000_f4_r0010_c0093,8,19.928071053219583,17.77617984802135,2.1518912051982326,0.12105476112392943,0,18.574929453586883,5,2.083531987819491,-3.0087179180379664,0.9128361485567604
广东,CEG2000_f4_r0010_c0093,9,25.66203695392263,19.928071053219583,5.733965900703048,0.2877331120202257,2,24.565884432289685,7,6.250595963458473,-3.0087179180379664,0.9128361485567604
广东,CEG2000_f4_r0010_c0093,10,26.25983393290125,25.66203695392263,0.5977969789786179,0.023294993302830556,3,27.561361921641087,4,0.0,-3.0087179180379664,0.9128361485567604
广东,CEG2000_f4_r0010_c0093,11,31.37568120928164,26.25983393290125,5.115847276380393,0.19481643674717566,4,30.55683941099248,6,4.167063975638982,-3.0087179180379664,0.9128361485567604
广东,CEG2000_f4_r0010_c0093,12,36.61735353589775,31.37568120928164,5.241672326616108,0.1670616262210588,6,36.547794389695284,7,6.250595963458473,-3.0087179180379664,0.9128361485567604
广东,CEG2000_f4_r0010_c0094,1,38.79341119896494,,,,7,39.543271879046685,4,,-2.9974480770520437,0.7892700736292415
广东,CEG2000_f4_r0010_c0094,2,36.117466609505705,38.79341119896494,-2.6759445894592346,-0.06897935775059226,6,36.547794389695284,3,-2.083531987819491,-2.9974480770520437,0.7892700736292415
广东,CEG2000_f4_r0010_c0094,3,37.40322451341577,36.117466609505705,1.285757903910067,0.03559933806574546,6,36.547794389695284,5,2.083531987819491,-2.9974480770520437,0.7892700736292415
广东,CEG2000_f4_r0010_c0094,4,28.65809344382104,37.40322451341577,-8.74513106959473,-0.23380687583387447,3,27.561361921641087,0,-8.334127951277964,-2.9974480770520437,0.7892700736292415
广东,CEG2000_f4_r0010_c0094,5,22.02711099781239,28.65809344382104,-6.630982446008652,-0.23138253977039616,1,21.570406942938284,1,-6.250595963458473,-2.9974480770520437,0.7892700736292415
广东,CEG2000_f4_r0010_c0094,6,19.68056350724807,22.02711099781239,-2.346547490564319,-0.10652997076182007,0,18.574929453586883,3,-2.083531987819491,-2.9974480770520437,0.7892700736292415
广东,CEG2000_f4_r0010_c0094,7,17.73896449072074,19.68056350724807,-1.9415990165273307,-0.09865566175543031,0,18.574929453586883,3,-2.083531987819491,-2.9974480770520437,0.7892700736292415
广东,CEG2000_f4_r0010_c0094,8,21.26328179218948,17.73896449072074,3.5243173014687414,0.1986766083957332,1,21.570406942938284,6,4.167063975638982,-2.9974480770520437,0.7892700736292415
广东,CEG2000_f4_r0010_c0094,9,26.31664104894821,21.26328179218948,5.053359256758728,0.23765660005573316,3,27.561361921641087,6,4.167063975638982,-2.9974480770520437,0.7892700736292415
广东,CEG2000_f4_r0010_c0094,10,27.13738634972092,26.31664104894821,0.8207453007727104,0.03118731221230503,3,27.561361921641087,4,0.0,-2.9974480770520437,0.7892700736292415
广东,CEG2000_f4_r0010_c0094,11,30.80473524368669,27.13738634972092,3.6673488939657695,0.13514009222201623,4,30.55683941099248,6,4.167063975638982,-2.9974480770520437,0.7892700736292415
广东,CEG2000_f4_r0010_c0094,12,36.595606787485714,30.80473524368669,5.790871543799025,0.1879864085176918,6,36.547794389695284,7,6.250595963458473,-2.9974480770520437,0.7892700736292415
广东,CEG2000_f4_r0010_c0095,1,40.37417993511704,,,,7,39.543271879046685,4,,-2.970011675453165,0.661128598650221
广东,CEG2000_f4_r0010_c0095,2,37.98931336459418,40.37417993511704,-2.3848665705228598,-0.05906910244010994,6,36.547794389695284,3,-2.083531987819491,-2.970011675453165,0.661128598650221
广东,CEG2000_f4_r0010_c0095,3,37.69407296272798,37.98931336459418,-0.29524040186620226,-0.007771669864961671,6,36.547794389695284,4,0.0,-2.970011675453165,0.661128598650221
广东,CEG2000_f4_r0010_c0095,4,28.21521426227945,37.69407296272798,-9.47885870044853,-0.2514681475207324,3,27.561361921641087,0,-8.334127951277964,-2.970011675453165,0.661128598650221
广东,CEG2000_f4_r0010_c0095,5,22.269828825356413,28.21521426227945,-5.945385436923036,-0.21071558704664328,1,21.570406942938284,1,-6.250595963458473,-2.970011675453165,0.661128598650221
广东,CEG2000_f4_r0010_c0095,6,19.092892046232205,22.269828825356413,-3.1769367791242082,-0.1426565423577459,0,18.574929453586883,2,-4.167063975638982,-2.970011675453165,0.661128598650221
广东,CEG2000_f4_r0010_c0095,7,17.33390830503657,19.092892046232205,-1.7589837411956353,-0.0921276743688892,0,18.574929453586883,3,-2.083531987819491,-2.970011675453165,0.661128598650221
广东,CEG2000_f4_r0010_c0095,8,20.53425828431664,17.33390830503657,3.2003499792800696,0.18462945130211464,1,21.570406942938284,6,4.167063975638982,-2.970011675453165,0.661128598650221
广东,CEG2000_f4_r0010_c0095,9,26.55979451087153,20.53425828431664,6.025536226554891,0.29343822129465413,3,27.561361921641087,7,6.250595963458473,-2.970011675453165,0.661128598650221
广东,CEG2000_f4_r0010_c0095,10,26.87525993385031,26.55979451087153,0.3154654229787788,0.011877555108705813,3,27.561361921641087,4,0.0,-2.970011675453165,0.661128598650221
广东,CEG2000_f4_r0010_c0095,11,31.760027983216272,26.87525993385031,4.884768049365963,0.18175705319275556,4,30.55683941099248,6,4.167063975638982,-2.970011675453165,0.661128598650221
广东,CEG2000_f4_r0010_c0095,12,38.451982505562235,31.760027983216272,6.691954522345963,0.2107036721089275,7,39.543271879046685,7,6.250595963458473,-2.970011675453165,0.661128598650221
广东,CEG2000_f4_r0010_c0096,1,40.688671861891855,,,,7,39.543271879046685,4,,-2.9298677335387424,0.4672059294252819
广东,CEG2000_f4_r0010_c0096,2,39.02774829656408,40.688671861891855,-1.6609235653277779,-0.04082029442900945,7,39.543271879046685,3,-2.083531987819491,-2.9298677335387424,0.4672059294252819
广东,CEG2000_f4_r0010_c0096,3,38.11339171519547,39.02774829656408,-0.9143565813686081,-0.023428371383882943,7,39.543271879046685,4,0.0,-2.9298677335387424,0.4672059294252819
广东,CEG2000_f4_r0010_c0096,4,29.5442444207128,38.11339171519547,-8.569147294482669,-0.2248329762545438,4,30.55683941099248,0,-8.334127951277964,-2.9298677335387424,0.4672059294252819
广东,CEG2000_f4_r0010_c0096,5,23.456692450079903,29.5442444207128,-6.087551970632898,-0.2060486598995591,2,24.565884432289685,1,-6.250595963458473,-2.9298677335387424,0.4672059294252819
广东,CEG2000_f4_r0010_c0096,6,19.042826571578978,23.456692450079903,-4.413865878500925,-0.18817085520025606,0,18.574929453586883,2,-4.167063975638982,-2.9298677335387424,0.4672059294252819
广东,CEG2000_f4_r0010_c0096,7,17.75188823343144,19.042826571578978,-1.2909383381475372,-0.0677913193871248,0,18.574929453586883,3,-2.083531987819491,-2.9298677335387424,0.4672059294252819
广东,CEG2000_f4_r0010_c0096,8,20.092026919827983,17.75188823343144,2.3401386863965428,0.13182477579987523,1,21.570406942938284,5,2.083531987819491,-2.9298677335387424,0.4672059294252819
广东,CEG2000_f4_r0010_c0096,9,26.612785540663698,20.092026919827983,6.520758620835714,0.32454458909771067,3,27.561361921641087,7,6.250595963458473,-2.9298677335387424,0.4672059294252819
广东,CEG2000_f4_r0010_c0096,10,26.610638874206906,26.612785540663698,-0.002146666456791735,-8.06629750768359e-05,3,27.561361921641087,4,0.0,-2.9298677335387424,0.4672059294252819
广东,CEG2000_f4_r0010_c0096,11,31.608829052737367,26.610638874206906,4.998190178530461,0.1878267636548589,4,30.55683941099248,6,4.167063975638982,-2.9298677335387424,0.4672059294252819
广东,CEG2000_f4_r0010_c0096,12,37.46549927274268,31.608829052737367,5.8566702200053165,0.18528589623594807,6,36.547794389695284,7,6.250595963458473,-2.9298677335387424,0.4672059294252819
广东,CEG2000_f4_r0010_c0097,1,42.67263613973741,,,,8,42.538749368398086,4,,-2.8658216653837827,0.3215024048894104
广东,CEG2000_f4_r0010_c0097,2,38.56593690420753,42.67263613973741,-4.106699235529881,-0.09623729881795748,7,39.543271879046685,2,-4.167063975638982,-2.8658216653837827,0.3215024048894104
广东,CEG2000_f4_r0010_c0097,3,40.02300921196813,38.56593690420753,1.4570723077605976,0.0377813278951258,7,39.543271879046685,5,2.083531987819491,-2.8658216653837827,0.3215024048894104
广东,CEG2000_f4_r0010_c0097,4,30.5523444476875,40.02300921196813,-9.470664764280631,-0.236630502072508,4,30.55683941099248,0,-8.334127951277964,-2.8658216653837827,0.3215024048894104
广东,CEG2000_f4_r0010_c0097,5,25.03956751211264,30.5523444476875,-5.512776935574859,-0.18043711653663685,2,24.565884432289685,1,-6.250595963458473,-2.8658216653837827,0.3215024048894104
广东,CEG2000_f4_r0010_c0097,6,18.61348367151613,25.03956751211264,-6.426083840596512,-0.25663717384447465,0,18.574929453586883,1,-6.250595963458473,-2.8658216653837827,0.3215024048894104
广东,CEG2000_f4_r0010_c0097,7,18.110714584951623,18.61348367151613,-0.5027690865645056,-0.02701101499521467,0,18.574929453586883,4,0.0,-2.8658216653837827,0.3215024048894104
广东,CEG2000_f4_r0010_c0097,8,19.950933270956565,18.110714584951623,1.8402186860049419,0.10160939135631888,0,18.574929453586883,5,2.083531987819491,-2.8658216653837827,0.3215024048894104
广东,CEG2000_f4_r0010_c0097,9,29.48558658192239,19.950933270956565,9.534653310965826,0.4779051276185577,4,30.55683941099248,8,8.334127951277964,-2.8658216653837827,0.3215024048894104
广东,CEG2000_f4_r0010_c0097,10,27.817002826580925,29.48558658192239,-1.6685837553414657,-0.056589810438584735,3,27.561361921641087,3,-2.083531987819491,-2.8658216653837827,0.3215024048894104
广东,CEG2000_f4_r0010_c0097,11,35.89176641181022,27.817002826580925,8.074763585229292,0.2902815819364025,6,36.547794389695284,8,8.334127951277964,-2.8658216653837827,0.3215024048894104
广东,CEG2000_f4_r0010_c0097,12,43.91838064686656,35.89176641181022,8.026614235056343,0.22363385916874737,8,42.538749368398086,8,8.334127951277964,-2.8658216653837827,0.3215024048894104
广东,CEG2000_f4_r0010_c0098,1,43.15516377020824,,,,8,42.538749368398086,4,,-2.7490492634488235,0.2084292265159039
广东,CEG2000_f4_r0010_c0098,2,37.59006988059606,43.15516377020824,-5.565093889612179,-0.12895545754953175,6,36.547794389695284,1,-6.250595963458473,-2.7490492634488235,0.2084292265159039
广东,CEG2000_f4_r0010_c0098,3,41.43344406310085,37.59006988059606,3.843374182504789,0.10224440110681286,8,42.538749368398086,6,4.167063975638982,-2.7490492634488235,0.2084292265159039
广东,CEG2000_f4_r0010_c0098,4,31.211651848348563,41.43344406310085,-10.221792214752288,-0.2467038993713644,4,30.55683941099248,0,-8.334127951277964,-2.7490492634488235,0.2084292265159039
广东,CEG2000_f4_r0010_c0098,5,26.85723410335645,31.211651848348563,-4.354417744992112,-0.13951256941315998,3,27.561361921641087,2,-4.167063975638982,-2.7490492634488235,0.2084292265159039
广东,CEG2000_f4_r0010_c0098,6,19.172465883070224,26.85723410335645,-7.684768220286227,-0.286134014795136,0,18.574929453586883,0,-8.334127951277964,-2.7490492634488235,0.2084292265159039
广东,CEG2000_f4_r0010_c0098,7,19.060042790741264,19.172465883070224,-0.1124230923289602,-0.0058637784526315235,0,18.574929453586883,4,0.0,-2.7490492634488235,0.2084292265159039
广东,CEG2000_f4_r0010_c0098,8,20.718125561386973,19.060042790741264,1.6580827706457093,0.08699260483565918,1,21.570406942938284,5,2.083531987819491,-2.7490492634488235,0.2084292265159039
广东,CEG2000_f4_r0010_c0098,9,30.705953148909,20.718125561386973,9.987827587522027,0.4820816225834956,4,30.55683941099248,8,8.334127951277964,-2.7490492634488235,0.2084292265159039
广东,CEG2000_f4_r0010_c0098,10,29.56106403382733,30.705953148909,-1.1448891150816713,-0.03728557486978221,4,30.55683941099248,3,-2.083531987819491,-2.7490492634488235,0.2084292265159039
广东,CEG2000_f4_r0010_c0098,11,37.82494628157493,29.56106403382733,8.263882247747603,0.27955293619644656,6,36.547794389695284,8,8.334127951277964,-2.7490492634488235,0.2084292265159039
广东,CEG2000_f4_r0010_c0098,12,47.20503443962395,37.82494628157493,9.38008815804902,0.24798682034396421,8,42.538749368398086,8,8.334127951277964,-2.7490492634488235,0.2084292265159039
广东,CEG2000_f4_r0010_c0099,1,42.60990439589713,,,,8,42.538749368398086,4,,-2.4688362043518803,0.1298855070778404
广东,CEG2000_f4_r0010_c0099,2,35.7787425947894,42.60990439589713,-6.831161801107733,-0.16031863713276717,6,36.547794389695284,1,-6.250595963458473,-2.4688362043518803,0.1298855070778404
广东,CEG2000_f4_r0010_c0099,3,40.36965788328104,35.7787425947894,4.590915288491644,0.12831404782682992,7,39.543271879046685,6,4.167063975638982,-2.4688362043518803,0.1298855070778404
广东,CEG2000_f4_r0010_c0099,4,30.9352306752217,40.36965788328104,-9.434427208059343,-0.23370094528263466,4,30.55683941099248,0,-8.334127951277964,-2.4688362043518803,0.1298855070778404
广东,CEG2000_f4_r0010_c0099,5,25.67153837144675,30.9352306752217,-5.263692303774949,-0.17015203018967714,2,24.565884432289685,1,-6.250595963458473,-2.4688362043518803,0.1298855070778404
广东,CEG2000_f4_r0010_c0099,6,18.17154921080367,25.67153837144675,-7.499989160643082,-0.2921519175097418,0,18.574929453586883,0,-8.334127951277964,-2.4688362043518803,0.1298855070778404
广东,CEG2000_f4_r0010_c0099,7,18.535260895176556,18.17154921080367,0.3637116843728876,0.020015447233120185,0,18.574929453586883,4,0.0,-2.4688362043518803,0.1298855070778404
广东,CEG2000_f4_r0010_c0099,8,19.383312433367472,18.535260895176556,0.8480515381909157,0.04575341793066451,0,18.574929453586883,4,0.0,-2.4688362043518803,0.1298855070778404
广东,CEG2000_f4_r0010_c0099,9,29.7290526427641,19.383312433367472,10.345740209396627,0.5337446963702095,4,30.55683941099248,8,8.334127951277964,-2.4688362043518803,0.1298855070778404
广东,CEG2000_f4_r0010_c0099,10,29.256326345408834,29.7290526427641,-0.4727262973552655,-0.01590115578305603,4,30.55683941099248,4,0.0,-2.4688362043518803,0.1298855070778404
广东,CEG2000_f4_r0010_c0099,11,36.26836676182841,29.256326345408834,7.012040416419577,0.2396760390772702,6,36.547794389695284,7,6.250595963458473,-2.4688362043518803,0.1298855070778404
广东,CEG2000_f4_r0010_c0099,12,46.6006353804004,36.26836676182841,10.332268618571987,0.284883757970774,8,42.538749368398086,8,8.334127951277964,-2.4688362043518803,0.1298855070778404
广东,CEG2000_f4_r0010_c0101,1,42.14514226845702,,,,8,42.538749368398086,4,,-0.6540696283053419,0.7568200754401792
广东,CEG2000_f4_r0010_c0101,2,37.04975263482533,42.14514226845702,-5.09538963363169,-0.12090099497529203,6,36.547794389695284,2,-4.167063975638982,-0.6540696283053419,0.7568200754401792
广东,CEG2000_f4_r0010_c0101,3,39.09275050807415,37.04975263482533,2.042997873248815,0.055142011159569154,7,39.543271879046685,5,2.083531987819491,-0.6540696283053419,0.7568200754401792
广东,CEG2000_f4_r0010_c0101,4,32.3490132096451,39.09275050807415,-6.743737298429046,-0.17250608388468872,5,33.55231690034388,1,-6.250595963458473,-0.6540696283053419,0.7568200754401792
广东,CEG2000_f4_r0010_c0101,5,25.30479535031213,32.3490132096451,-7.044217859332971,-0.21775680802630124,2,24.565884432289685,1,-6.250595963458473,-0.6540696283053419,0.7568200754401792
广东,CEG2000_f4_r0010_c0101,6,17.96164511926662,25.30479535031213,-7.3431502310455095,-0.29018809001966234,0,18.574929453586883,0,-8.334127951277964,-0.6540696283053419,0.7568200754401792
广东,CEG2000_f4_r0010_c0101,7,17.85265259744805,17.96164511926662,-0.10899252181857122,-0.006068070106877906,0,18.574929453586883,4,0.0,-0.6540696283053419,0.7568200754401792
广东,CEG2000_f4_r0010_c0101,8,18.38084468739541,17.85265259744805,0.5281920899473604,0.02958619662059984,0,18.574929453586883,4,0.0,-0.6540696283053419,0.7568200754401792
广东,CEG2000_f4_r0010_c0101,9,27.76251613488286,18.38084468739541,9.381671447487449,0.5104048049500626,3,27.561361921641087,8,8.334127951277964,-0.6540696283053419,0.7568200754401792
广东,CEG2000_f4_r0010_c0101,10,27.93859431251619,27.76251613488286,0.17607817763333244,0.006342298975275332,3,27.561361921641087,4,0.0,-0.6540696283053419,0.7568200754401792
广东,CEG2000_f4_r0010_c0101,11,34.220432174467696,27.93859431251619,6.281837861951505,0.22484444964138045,5,33.55231690034388,7,6.250595963458473,-0.6540696283053419,0.7568200754401792
广东,CEG2000_f4_r0010_c0101,12,41.8912426243603,34.220432174467696,7.670810449892606,0.2241587835823972,8,42.538749368398086,8,8.334127951277964,-0.6540696283053419,0.7568200754401792
广东,CEG2000_f4_r0011_c0094,1,40.501487856220294,,,,7,39.543271879046685,4,,3.124251534292125,0.9487608251159628
广东,CEG2000_f4_r0011_c0094,2,38.73678448666811,40.501487856220294,-1.764703369552187,-0.04357132201702957,7,39.543271879046685,3,-2.083531987819491,3.124251534292125,0.9487608251159628
广东,CEG2000_f4_r0011_c0094,3,40.41477151729642,38.73678448666811,1.6779870306283158,0.04331766440773684,7,39.543271879046685,5,2.083531987819491,3.124251534292125,0.9487608251159628
广东,CEG2000_f4_r0011_c0094,4,31.639144349481548,40.41477151729642,-8.775627167814875,-0.21713910133227265,4,30.55683941099248,0,-8.334127951277964,3.124251534292125,0.9487608251159628
广东,CEG2000_f4_r0011_c0094,5,25.03980658514596,31.639144349481548,-6.599337764335587,-0.2085814234241049,2,24.565884432289685,1,-6.250595963458473,3.124251534292125,0.9487608251159628
广东,CEG2000_f4_r0011_c0094,6,21.81060780415931,25.03980658514596,-3.22919878098665,-0.12896260879675747,1,21.570406942938284,2,-4.167063975638982,3.124251534292125,0.9487608251159628
广东,CEG2000_f4_r0011_c0094,7,20.416963763846365,21.81060780415931,-1.393644040312946,-0.06389753338497868,1,21.570406942938284,3,-2.083531987819491,3.124251534292125,0.9487608251159628
广东,CEG2000_f4_r0011_c0094,8,25.74366593767501,20.416963763846365,5.326702173828647,0.2608959018314458,2,24.565884432289685,7,6.250595963458473,3.124251534292125,0.9487608251159628
广东,CEG2000_f4_r0011_c0094,9,29.65476453277823,25.74366593767501,3.911098595103219,0.15192469497436473,4,30.55683941099248,6,4.167063975638982,3.124251534292125,0.9487608251159628
广东,CEG2000_f4_r0011_c0094,10,30.442893778773424,29.65476453277823,0.7881292459951936,0.026576816859363445,4,30.55683941099248,4,0.0,3.124251534292125,0.9487608251159628
广东,CEG2000_f4_r0011_c0094,11,33.68869640923477,30.442893778773424,3.2458026304613483,0.10661938559613912,5,33.55231690034388,6,4.167063975638982,3.124251534292125,0.9487608251159628
广东,CEG2000_f4_r0011_c0094,12,41.086584402606434,33.68869640923477,7.397887993371661,0.21959555524219532,8,42.538749368398086,8,8.334127951277964,3.124251534292125,0.9487608251159628
广东,CEG2000_f4_r0011_c0095,1,42.14716809093309,,,,8,42.538749368398086,4,,3.1045972473747825,0.8228063608400727
广东,CEG2000_f4_r0011_c0095,2,38.64836416889099,42.14716809093309,-3.4988039220421,-0.08301397414159316,7,39.543271879046685,2,-4.167063975638982,3.1045972473747825,0.8228063608400727
广东,CEG2000_f4_r0011_c0095,3,39.95612014991306,38.64836416889099,1.3077559810220691,0.03383729193057836,7,39.543271879046685,5,2.083531987819491,3.1045972473747825,0.8228063608400727
广东,CEG2000_f4_r0011_c0095,4,31.5536751207279,39.95612014991306,-8.402445029185163,-0.21029181506261552,4,30.55683941099248,0,-8.334127951277964,3.1045972473747825,0.8228063608400727
广东,CEG2000_f4_r0011_c0095,5,25.782751389222,31.5536751207279,-5.770923731505899,-0.18289228463643928,2,24.565884432289685,1,-6.250595963458473,3.1045972473747825,0.8228063608400727
广东,CEG2000_f4_r0011_c0095,6,21.655479294829,25.782751389222,-4.127272094393,-0.16007880741999975,1,21.570406942938284,2,-4.167063975638982,3.1045972473747825,0.8228063608400727
广东,CEG2000_f4_r0011_c0095,7,20.944342207090937,21.655479294829,-0.711137087738063,-0.03283866766725739,1,21.570406942938284,4,0.0,3.1045972473747825,0.8228063608400727
广东,CEG2000_f4_r0011_c0095,8,25.37309211767275,20.944342207090937,4.428749910581814,0.21145328255200166,2,24.565884432289685,6,4.167063975638982,3.1045972473747825,0.8228063608400727
广东,CEG2000_f4_r0011_c0095,9,29.728003906084812,25.37309211767275,4.3549117884120605,0.1716350442514177,4,30.55683941099248,6,4.167063975638982,3.1045972473747825,0.8228063608400727
广东,CEG2000_f4_r0011_c0095,10,30.243454344235964,29.728003906084812,0.5154504381511522,0.01733888490392886,4,30.55683941099248,4,0.0,3.1045972473747825,0.8228063608400727
广东,CEG2000_f4_r0011_c0095,11,34.232780643393454,30.243454344235964,3.98932629915749,0.13190709810295884,5,33.55231690034388,6,4.167063975638982,3.1045972473747825,0.8228063608400727
广东,CEG2000_f4_r0011_c0095,12,41.47292279829826,34.232780643393454,7.240142154904802,0.21149734315556015,8,42.538749368398086,7,6.250595963458473,3.1045972473747825,0.8228063608400727
广东,CEG2000_f4_r0011_c0096,1,43.27068837107253,,,,8,42.538749368398086,4,,3.095713990120031,0.6675650728316082
广东,CEG2000_f4_r0011_c0096,2,40.37723304875803,43.27068837107253,-2.8934553223145016,-0.06686871485614831,7,39.543271879046685,3,-2.083531987819491,3.095713990120031,0.6675650728316082
广东,CEG2000_f4_r0011_c0096,3,41.16290946433606,40.37723304875803,0.7856764155780311,0.019458401585598445,8,42.538749368398086,4,0.0,3.095713990120031,0.6675650728316082
广东,CEG2000_f4_r0011_c0096,4,31.99006601057414,41.16290946433606,-9.17284345376192,-0.22284244658918875,4,30.55683941099248,0,-8.334127951277964,3.095713990120031,0.6675650728316082
广东,CEG2000_f4_r0011_c0096,5,27.54922538017668,31.99006601057414,-4.44084063039746,-0.13881936439048187,3,27.561361921641087,2,-4.167063975638982,3.095713990120031,0.6675650728316082
广东,CEG2000_f4_r0011_c0096,6,21.92629146149773,27.54922538017668,-5.6229339186789495,-0.20410497359119897,1,21.570406942938284,1,-6.250595963458473,3.095713990120031,0.6675650728316082
广东,CEG2000_f4_r0011_c0096,7,21.673272670824986,21.92629146149773,-0.25301879067274413,-0.011539515978661584,1,21.570406942938284,4,0.0,3.095713990120031,0.6675650728316082
广东,CEG2000_f4_r0011_c0096,8,24.62420323666568,21.673272670824986,2.950930565840693,0.13615528262203913,2,24.565884432289685,5,2.083531987819491,3.095713990120031,0.6675650728316082
广东,CEG2000_f4_r0011_c0096,9,30.08799659571144,24.62420323666568,5.463793359045763,0.2218871127131586,4,30.55683941099248,7,6.250595963458473,3.095713990120031,0.6675650728316082
广东,CEG2000_f4_r0011_c0096,10,30.277451755707048,30.08799659571144,0.1894551599956067,0.006296702387376981,4,30.55683941099248,4,0.0,3.095713990120031,0.6675650728316082
广东,CEG2000_f4_r0011_c0096,11,35.17655965451119,30.277451755707048,4.899107898804139,0.16180714078359312,6,36.547794389695284,6,4.167063975638982,3.095713990120031,0.6675650728316082
广东,CEG2000_f4_r0011_c0096,12,43.887083640833765,35.17655965451119,8.710523986322578,0.24762296460692979,8,42.538749368398086,8,8.334127951277964,3.095713990120031,0.6675650728316082
广东,CEG2000_f4_r0011_c0097,1,44.79128916466808,,,,8,42.538749368398086,4,,3.0812235195248285,0.5123243669779792
广东,CEG2000_f4_r0011_c0097,2,40.327739127199735,44.79128916466808,-4.4635500374683446,-0.09965218953754178,7,39.543271879046685,2,-4.167063975638982,3.0812235195248285,0.5123243669779792
广东,CEG2000_f4_r0011_c0097,3,42.67490851336023,40.327739127199735,2.3471693861604948,0.058202354928878375,8,42.538749368398086,5,2.083531987819491,3.0812235195248285,0.5123243669779792
广东,CEG2000_f4_r0011_c0097,4,33.10842792594099,42.67490851336023,-9.566480587419242,-0.22417108602410396,5,33.55231690034388,0,-8.334127951277964,3.0812235195248285,0.5123243669779792
广东,CEG2000_f4_r0011_c0097,5,29.886602360183623,33.10842792594099,-3.2218255657573636,-0.09731134238581625,4,30.55683941099248,2,-4.167063975638982,3.0812235195248285,0.5123243669779792
广东,CEG2000_f4_r0011_c0097,6,21.926274117156595,29.886602360183623,-7.960328243027028,-0.2663510608228978,1,21.570406942938284,0,-8.334127951277964,3.0812235195248285,0.5123243669779792
广东,CEG2000_f4_r0011_c0097,7,23.089630882736813,21.926274117156595,1.1633567655802182,0.05305765855904945,2,24.565884432289685,5,2.083531987819491,3.0812235195248285,0.5123243669779792
广东,CEG2000_f4_r0011_c0097,8,24.619592878930387,23.089630882736813,1.529961996193574,0.0662618646423432,2,24.565884432289685,5,2.083531987819491,3.0812235195248285,0.5123243669779792
广东,CEG2000_f4_r0011_c0097,9,32.07574547402507,24.619592878930387,7.456152595094682,0.3028544229695897,5,33.55231690034388,8,8.334127951277964,3.0812235195248285,0.5123243669779792
广东,CEG2000_f4_r0011_c0097,10,31.08303817855904,32.07574547402507,-0.9927072954660296,-0.030948845640077913,4,30.55683941099248,4,0.0,3.0812235195248285,0.5123243669779792
广东,CEG2000_f4_r0011_c0097,11,37.72301651127029,31.08303817855904,6.639978332711248,0.2136206343333413,6,36.547794389695284,7,6.250595963458473,3.0812235195248285,0.5123243669779792
广东,CEG2000_f4_r0011_c0097,12,46.62384676597012,37.72301651127029,8.900830254699834,0.23595224024676245,8,42.538749368398086,8,8.334127951277964,3.0812235195248285,0.5123243669779792
广东,CEG2000_f4_r0011_c0098,1,46.30094915351823,,,,8,42.538749368398086,4,,3.0533882692912933,0.3570824968146877
广东,CEG2000_f4_r0011_c0098,2,40.26442891675942,46.30094915351823,-6.036520236758811,-0.1303757341289864,7,39.543271879046685,1,-6.250595963458473,3.0533882692912933,0.3570824968146877
广东,CEG2000_f4_r0011_c0098,3,44.321448045188525,40.26442891675942,4.057019128429104,0.10075938582952149,8,42.538749368398086,6,4.167063975638982,3.0533882692912933,0.3570824968146877
广东,CEG2000_f4_r0011_c0098,4,34.232297575623384,44.321448045188525,-10.08915046956514,-0.22763584933593803,5,33.55231690034388,0,-8.334127951277964,3.0533882692912933,0.3570824968146877
广东,CEG2000_f4_r0011_c0098,5,32.57096041814355,34.232297575623384,-1.661337157479835,-0.04853127821203749,5,33.55231690034388,3,-2.083531987819491,3.0533882692912933,0.3570824968146877
广东,CEG2000_f4_r0011_c0098,6,23.29716993408235,32.57096041814355,-9.273790484061198,-0.2847257300676729,2,24.565884432289685,0,-8.334127951277964,3.0533882692912933,0.3570824968146877
广东,CEG2000_f4_r0011_c0098,7,24.46159389652505,23.29716993408235,1.1644239624426973,0.04998134819539671,2,24.565884432289685,5,2.083531987819491,3.0533882692912933,0.3570824968146877
广东,CEG2000_f4_r0011_c0098,8,25.498965353862907,24.46159389652505,1.0373714573378585,0.04240817101804739,2,24.565884432289685,4,0.0,3.0533882692912933,0.3570824968146877
广东,CEG2000_f4_r0011_c0098,9,35.22117463587545,25.498965353862907,9.722209282012543,0.3812785792322236,6,36.547794389695284,8,8.334127951277964,3.0533882692912933,0.3570824968146877
广东,CEG2000_f4_r0011_c0098,10,33.79067370734245,35.22117463587545,-1.4305009285330001,-0.04061479900434456,5,33.55231690034388,3,-2.083531987819491,3.0533882692912933,0.3570824968146877
广东,CEG2000_f4_r0011_c0098,11,39.92159420888308,33.79067370734245,6.130920501540629,0.18143824401489894,7,39.543271879046685,7,6.250595963458473,3.0533882692912933,0.3570824968146877
广东,CEG2000_f4_r0011_c0098,12,50.98934557126842,39.92159420888308,11.067751362385344,0.27723720912735056,8,42.538749368398086,8,8.334127951277964,3.0533882692912933,0.3570824968146877
广东,CEG2000_f4_r0011_c0099,1,47.86307068307705,,,,8,42.538749368398086,4,,2.9365231332328308,0.2117180733938043
广东,CEG2000_f4_r0011_c0099,2,40.77395670083448,47.86307068307705,-7.089113982242566,-0.1481123939828847,7,39.543271879046685,1,-6.250595963458473,2.9365231332328308,0.2117180733938043
广东,CEG2000_f4_r0011_c0099,3,45.025298777191566,40.77395670083448,4.2513420763570835,0.10426611544103777,8,42.538749368398086,6,4.167063975638982,2.9365231332328308,0.2117180733938043
广东,CEG2000_f4_r0011_c0099,4,35.01232528010355,45.025298777191566,-10.012973497088012,-0.2223854981315588,5,33.55231690034388,0,-8.334127951277964,2.9365231332328308,0.2117180733938043
广东,CEG2000_f4_r0011_c0099,5,33.43744053431283,35.01232528010355,-1.574884745790726,-0.04498086697160001,5,33.55231690034388,3,-2.083531987819491,2.9365231332328308,0.2117180733938043
广东,CEG2000_f4_r0011_c0099,6,23.752919621280014,33.43744053431283,-9.684520913032813,-0.2896310470621922,2,24.565884432289685,0,-8.334127951277964,2.9365231332328308,0.2117180733938043
广东,CEG2000_f4_r0011_c0099,7,25.500280526905232,23.752919621280014,1.747360905625218,0.07356404743018513,2,24.565884432289685,5,2.083531987819491,2.9365231332328308,0.2117180733938043
广东,CEG2000_f4_r0011_c0099,8,25.74681542620549,25.500280526905232,0.24653489930025785,0.009667928909258076,2,24.565884432289685,4,0.0,2.9365231332328308,0.2117180733938043
广东,CEG2000_f4_r0011_c0099,9,35.67423025406002,25.74681542620549,9.92741482785453,0.38557835846953953,6,36.547794389695284,8,8.334127951277964,2.9365231332328308,0.2117180733938043
广东,CEG2000_f4_r0011_c0099,10,34.50730441181943,35.67423025406002,-1.1669258422405875,-0.032710610262089164,5,33.55231690034388,3,-2.083531987819491,2.9365231332328308,0.2117180733938043
广东,CEG2000_f4_r0011_c0099,11,39.77380185357269,34.50730441181943,5.266497441753259,0.15261978678199448,7,39.543271879046685,7,6.250595963458473,2.9365231332328308,0.2117180733938043
广东,CEG2000_f4_r0011_c0099,12,50.96681054358639,39.77380185357269,11.193008690013698,0.28141661516846633,8,42.538749368398086,8,8.334127951277964,2.9365231332328308,0.2117180733938043
广东,CEG2000_f4_r0011_c0100,1,45.49132110725112,,,,8,42.538749368398086,4,,1.8104439328596535,0.0449599917255762
广东,CEG2000_f4_r0011_c0100,2,39.40982668165309,45.49132110725112,-6.081494425598031,-0.13368471782255334,7,39.543271879046685,1,-6.250595963458473,1.8104439328596535,0.0449599917255762
广东,CEG2000_f4_r0011_c0100,3,43.72585304227912,39.40982668165309,4.316026360626033,0.10951650194988863,8,42.538749368398086,6,4.167063975638982,1.8104439328596535,0.0449599917255762
广东,CEG2000_f4_r0011_c0100,4,34.28915470443495,43.72585304227912,-9.43669833784417,-0.21581507692302077,5,33.55231690034388,0,-8.334127951277964,1.8104439328596535,0.0449599917255762
广东,CEG2000_f4_r0011_c0100,5,30.94847675373556,34.28915470443495,-3.3406779506993907,-0.09742666389694664,4,30.55683941099248,2,-4.167063975638982,1.8104439328596535,0.0449599917255762
广东,CEG2000_f4_r0011_c0100,6,22.41028558034443,30.94847675373556,-8.53819117339113,-0.2758840521080104,1,21.570406942938284,0,-8.334127951277964,1.8104439328596535,0.0449599917255762
广东,CEG2000_f4_r0011_c0100,7,24.049355997141564,22.41028558034443,1.6390704167971357,0.07313920257378284,2,24.565884432289685,5,2.083531987819491,1.8104439328596535,0.0449599917255762
广东,CEG2000_f4_r0011_c0100,8,23.562867031851933,24.049355997141564,-0.4864889652896309,-0.020228773084296044,2,24.565884432289685,4,0.0,1.8104439328596535,0.0449599917255762
广东,CEG2000_f4_r0011_c0100,9,33.50044277474397,23.562867031851933,9.93757574289204,0.4217473081462699,5,33.55231690034388,8,8.334127951277964,1.8104439328596535,0.0449599917255762
广东,CEG2000_f4_r0011_c0100,10,33.18802559742512,33.50044277474397,-0.31241717731885643,-0.009325762630050614,5,33.55231690034388,4,0.0,1.8104439328596535,0.0449599917255762
广东,CEG2000_f4_r0011_c0100,11,38.53235687795339,33.18802559742512,5.344331280528273,0.16103191390038313,7,39.543271879046685,7,6.250595963458473,1.8104439328596535,0.0449599917255762
广东,CEG2000_f4_r0011_c0100,12,47.97613445820921,38.53235687795339,9.44377758025582,0.2450869436865191,8,42.538749368398086,8,8.334127951277964,1.8104439328596535,0.0449599917255762
广东,CEG2000_f4_r0011_c0101,1,42.775343473193026,,,,8,42.538749368398086,4,,0.2233649811530643,0.101512528305421
广东,CEG2000_f4_r0011_c0101,2,38.40141075736163,42.775343473193026,-4.373932715831394,-0.10225359659759374,7,39.543271879046685,2,-4.167063975638982,0.2233649811530643,0.101512528305421
广东,CEG2000_f4_r0011_c0101,3,40.16602924038694,38.40141075736163,1.764618483025309,0.04595191812548262,7,39.543271879046685,5,2.083531987819491,0.2233649811530643,0.101512528305421
广东,CEG2000_f4_r0011_c0101,4,31.90985385668844,40.16602924038694,-8.256175383698501,-0.20555119686555715,4,30.55683941099248,0,-8.334127951277964,0.2233649811530643,0.101512528305421
广东,CEG2000_f4_r0011_c0101,5,27.208318259618903,31.90985385668844,-4.701535597069537,-0.14733804855969515,3,27.561361921641087,2,-4.167063975638982,0.2233649811530643,0.101512528305421
广东,CEG2000_f4_r0011_c0101,6,19.92957573500182,27.208318259618903,-7.278742524617083,-0.2675190158819847,0,18.574929453586883,1,-6.250595963458473,0.2233649811530643,0.101512528305421
广东,CEG2000_f4_r0011_c0101,7,21.023201387574208,19.92957573500182,1.0936256525723884,0.05487450747140998,1,21.570406942938284,5,2.083531987819491,0.2233649811530643,0.101512528305421
广东,CEG2000_f4_r0011_c0101,8,20.906571855132928,21.023201387574208,-0.11662953244128005,-0.005547658051271586,1,21.570406942938284,4,0.0,0.2233649811530643,0.101512528305421
广东,CEG2000_f4_r0011_c0101,9,29.592102711495905,20.906571855132928,8.685530856362977,0.4154450053575153,4,30.55683941099248,8,8.334127951277964,0.2233649811530643,0.101512528305421
广东,CEG2000_f4_r0011_c0101,10,30.094715005758065,29.592102711495905,0.5026122942621605,0.016984676593019065,4,30.55683941099248,4,0.0,0.2233649811530643,0.101512528305421
广东,CEG2000_f4_r0011_c0101,11,35.158748652783885,30.094715005758065,5.06403364702582,0.168269865524791,6,36.547794389695284,6,4.167063975638982,0.2233649811530643,0.101512528305421
广东,CEG2000_f4_r0011_c0101,12,42.447285899241585,35.158748652783885,7.2885372464577,0.20730365913863635,8,42.538749368398086,7,6.250595963458473,0.2233649811530643,0.101512528305421
广东,CEG2000_f4_r0011_c0102,1,41.10283319185743,,,,8,42.538749368398086,4,,0.1587687134106174,0.2055108257973807
广东,CEG2000_f4_r0011_c0102,2,37.97499844576758,41.10283319185743,-3.127834746089846,-0.07609778945139668,6,36.547794389695284,2,-4.167063975638982,0.1587687134106174,0.2055108257973807
广东,CEG2000_f4_r0011_c0102,3,39.5301034031459,37.97499844576758,1.5551049573783189,0.04095075763068635,7,39.543271879046685,5,2.083531987819491,0.1587687134106174,0.2055108257973807
广东,CEG2000_f4_r0011_c0102,4,30.85520174771061,39.5301034031459,-8.674901655435292,-0.2194505176716771,4,30.55683941099248,0,-8.334127951277964,0.1587687134106174,0.2055108257973807
广东,CEG2000_f4_r0011_c0102,5,25.916565098336545,30.85520174771061,-4.9386366493740645,-0.16005847862396494,2,24.565884432289685,2,-4.167063975638982,0.1587687134106174,0.2055108257973807
广东,CEG2000_f4_r0011_c0102,6,18.7169423772864,25.916565098336545,-7.199622721050144,-0.2778000361441514,0,18.574929453586883,1,-6.250595963458473,0.1587687134106174,0.2055108257973807
广东,CEG2000_f4_r0011_c0102,7,19.672736191573073,18.7169423772864,0.9557938142866718,0.05106570266768346,0,18.574929453586883,4,0.0,0.1587687134106174,0.2055108257973807
广东,CEG2000_f4_r0011_c0102,8,19.75688669582628,19.672736191573073,0.08415050425320914,0.00427751907176265,0,18.574929453586883,4,0.0,0.1587687134106174,0.2055108257973807
广东,CEG2000_f4_r0011_c0102,9,27.875625748112363,19.75688669582628,8.118739052286081,0.4109321057148744,3,27.561361921641087,8,8.334127951277964,0.1587687134106174,0.2055108257973807
广东,CEG2000_f4_r0011_c0102,10,28.895369392418026,27.875625748112363,1.019743644305663,0.03658191043028752,3,27.561361921641087,4,0.0,0.1587687134106174,0.2055108257973807
广东,CEG2000_f4_r0011_c0102,11,33.600461222716184,28.895369392418026,4.705091830298159,0.16283203604009808,5,33.55231690034388,6,4.167063975638982,0.1587687134106174,0.2055108257973807
广东,CEG2000_f4_r0011_c0102,12,38.89350347717102,33.600461222716184,5.293042254454839,0.1575288571002229,7,39.543271879046685,7,6.250595963458473,0.1587687134106174,0.2055108257973807
广东,CEG2000_f4_r0011_c0103,1,39.50551778086779,,,,7,39.543271879046685,4,,0.1089841507524835,0.4019172846062816
广东,CEG2000_f4_r0011_c0103,2,38.31453456143678,39.50551778086779,-1.1909832194310113,-0.030147262618787772,7,39.543271879046685,3,-2.083531987819491,0.1089841507524835,0.4019172846062816
广东,CEG2000_f4_r0011_c0103,3,38.796218830618734,38.31453456143678,0.4816842691819545,0.01257184185311141,7,39.543271879046685,4,0.0,0.1089841507524835,0.4019172846062816
广东,CEG2000_f4_r0011_c0103,4,31.05724716448052,38.796218830618734,-7.738971666138216,-0.19947747227444929,4,30.55683941099248,0,-8.334127951277964,0.1089841507524835,0.4019172846062816
广东,CEG2000_f4_r0011_c0103,5,25.07095931003765,31.05724716448052,-5.9862878544428675,-0.19275011151951843,2,24.565884432289685,1,-6.250595963458473,0.1089841507524835,0.4019172846062816
广东,CEG2000_f4_r0011_c0103,6,17.836767781304665,25.07095931003765,-7.234191528732985,-0.2885486526172389,0,18.574929453586883,1,-6.250595963458473,0.1089841507524835,0.4019172846062816
广东,CEG2000_f4_r0011_c0103,7,18.434538307463537,17.836767781304665,0.5977705261588717,0.03351338838337155,0,18.574929453586883,4,0.0,0.1089841507524835,0.4019172846062816
广东,CEG2000_f4_r0011_c0103,8,18.42072843849066,18.434538307463537,-0.013809868972877837,-0.0007491301785023104,0,18.574929453586883,4,0.0,0.1089841507524835,0.4019172846062816
广东,CEG2000_f4_r0011_c0103,9,26.65847015364016,18.42072843849066,8.2377417151495,0.4471995633970964,3,27.561361921641087,8,8.334127951277964,0.1089841507524835,0.4019172846062816
广东,CEG2000_f4_r0011_c0103,10,27.5135962700925,26.65847015364016,0.8551261164523396,0.03207708887734407,3,27.561361921641087,4,0.0,0.1089841507524835,0.4019172846062816
广东,CEG2000_f4_r0011_c0103,11,31.283606623714952,27.5135962700925,3.770010353622453,0.1370235398024098,4,30.55683941099248,6,4.167063975638982,0.1089841507524835,0.4019172846062816
广东,CEG2000_f4_r0011_c0103,12,35.28489231994782,31.283606623714952,4.00128569623287,0.12790359322571337,6,36.547794389695284,6,4.167063975638982,0.1089841507524835,0.4019172846062816
广东,CEG2000_f4_r0011_c0104,1,39.386166207193895,,,,7,39.543271879046685,4,,0.0975732370464768,0.5649278666530225
广东,CEG2000_f4_r0011_c0104,2,38.24425738122973,39.386166207193895,-1.1419088259641654,-0.028992637159886748,7,39.543271879046685,3,-2.083531987819491,0.0975732370464768,0.5649278666530225
广东,CEG2000_f4_r0011_c0104,3,39.23334000775869,38.24425738122973,0.9890826265289618,0.025862252119828146,7,39.543271879046685,4,0.0,0.0975732370464768,0.5649278666530225
广东,CEG2000_f4_r0011_c0104,4,31.629864679424983,39.23334000775869,-7.603475328333708,-0.1938013772681618,4,30.55683941099248,0,-8.334127951277964,0.0975732370464768,0.5649278666530225
广东,CEG2000_f4_r0011_c0104,5,25.694252146360295,31.629864679424983,-5.935612533064688,-0.1876584864723043,2,24.565884432289685,1,-6.250595963458473,0.0975732370464768,0.5649278666530225
广东,CEG2000_f4_r0011_c0104,6,17.413342179664543,25.694252146360295,-8.280909966695752,-0.3222864755714939,0,18.574929453586883,0,-8.334127951277964,0.0975732370464768,0.5649278666530225
广东,CEG2000_f4_r0011_c0104,7,18.552629109999668,17.413342179664543,1.1392869303351247,0.06542609216429424,0,18.574929453586883,5,2.083531987819491,0.0975732370464768,0.5649278666530225
广东,CEG2000_f4_r0011_c0104,8,18.21517720212087,18.552629109999668,-0.33745190787879764,-0.018188899582804396,0,18.574929453586883,4,0.0,0.0975732370464768,0.5649278666530225
广东,CEG2000_f4_r0011_c0104,9,27.52326584438629,18.21517720212087,9.308088642265421,0.5110073066531376,3,27.561361921641087,8,8.334127951277964,0.0975732370464768,0.5649278666530225
广东,CEG2000_f4_r0011_c0104,10,28.00240084506957,27.52326584438629,0.47913500068327863,0.01740836292438036,3,27.561361921641087,4,0.0,0.0975732370464768,0.5649278666530225
广东,CEG2000_f4_r0011_c0104,11,31.822326374248533,28.00240084506957,3.8199255291789633,0.13641421499226714,4,30.55683941099248,6,4.167063975638982,0.0975732370464768,0.5649278666530225
广东,CEG2000_f4_r0011_c0104,12,35.984091904221664,31.822326374248533,4.161765529973131,0.13078130998433043,6,36.547794389695284,6,4.167063975638982,0.0975732370464768,0.5649278666530225
广东,CEG2000_f4_r0011_c0105,1,38.23825216874904,,,,7,39.543271879046685,4,,0.1026873315335921,0.7137986485877649
广东,CEG2000_f4_r0011_c0105,2,36.96356294153712,38.23825216874904,-1.2746892272119226,-0.033335446965164564,6,36.547794389695284,3,-2.083531987819491,0.1026873315335921,0.7137986485877649
广东,CEG2000_f4_r0011_c0105,3,38.3529050790987,36.96356294153712,1.3893421375615773,0.03758680243457618,7,39.543271879046685,5,2.083531987819491,0.1026873315335921,0.7137986485877649
广东,CEG2000_f4_r0011_c0105,4,31.987517833547717,38.3529050790987,-6.365387245550981,-0.16596884205832807,4,30.55683941099248,1,-6.250595963458473,0.1026873315335921,0.7137986485877649
广东,CEG2000_f4_r0011_c0105,5,26.224802174679507,31.987517833547717,-5.76271565886821,-0.18015513703987424,3,27.561361921641087,1,-6.250595963458473,0.1026873315335921,0.7137986485877649
广东,CEG2000_f4_r0011_c0105,6,17.55053642041049,26.224802174679507,-8.674265754269015,-0.33076572690581313,0,18.574929453586883,0,-8.334127951277964,0.1026873315335921,0.7137986485877649
广东,CEG2000_f4_r0011_c0105,7,18.499266511288848,17.55053642041049,0.9487300908783567,0.054057042369088266,0,18.574929453586883,4,0.0,0.1026873315335921,0.7137986485877649
广东,CEG2000_f4_r0011_c0105,8,18.136297788560377,18.499266511288848,-0.36296872272847125,-0.019620708880915685,0,18.574929453586883,4,0.0,0.1026873315335921,0.7137986485877649
广东,CEG2000_f4_r0011_c0105,9,27.53695698566732,18.136297788560377,9.400659197106943,0.5183339679742405,3,27.561361921641087,8,8.334127951277964,0.1026873315335921,0.7137986485877649
广东,CEG2000_f4_r0011_c0105,10,27.748089256115936,27.53695698566732,0.2111322704486156,0.007667233186241588,3,27.561361921641087,4,0.0,0.1026873315335921,0.7137986485877649
广东,CEG2000_f4_r0011_c0105,11,30.02053017177484,27.748089256115936,2.2724409156589047,0.08189540168637154,4,30.55683941099248,5,2.083531987819491,0.1026873315335921,0.7137986485877649
广东,CEG2000_f4_r0011_c0105,12,34.388116819796785,30.02053017177484,4.367586648021945,0.14548665939711913,5,33.55231690034388,6,4.167063975638982,0.1026873315335921,0.7137986485877649
广东,CEG2000_f4_r0011_c0106,1,37.16030684468794,,,,6,36.547794389695284,4,,0.0940015890632912,0.8381357621504186
广东,CEG2000_f4_r0011_c0106,2,34.66660110459563,37.16030684468794,-2.4937057400923095,-0.0671067047566316,5,33.55231690034388,3,-2.083531987819491,0.0940015890632912,0.8381357621504186
广东,CEG2000_f4_r0011_c0106,3,37.60388097050225,34.66660110459563,2.937279865906625,0.08472938714252087,6,36.547794389695284,5,2.083531987819491,0.0940015890632912,0.8381357621504186
广东,CEG2000_f4_r0011_c0106,4,32.19688952831954,37.60388097050225,-5.406991442182715,-0.14378812246598005,5,33.55231690034388,1,-6.250595963458473,0.0940015890632912,0.8381357621504186
广东,CEG2000_f4_r0011_c0106,5,26.662512229520743,32.19688952831954,-5.534377298798795,-0.17189167586921408,3,27.561361921641087,1,-6.250595963458473,0.0940015890632912,0.8381357621504186
广东,CEG2000_f4_r0011_c0106,6,17.80171356060123,26.662512229520743,-8.860798668919514,-0.3323317245067715,0,18.574929453586883,0,-8.334127951277964,0.0940015890632912,0.8381357621504186
广东,CEG2000_f4_r0011_c0106,7,18.804000826470787,17.80171356060123,1.0022872658695583,0.056302853231377764,0,18.574929453586883,4,0.0,0.0940015890632912,0.8381357621504186
广东,CEG2000_f4_r0011_c0106,8,18.51814446862398,18.804000826470787,-0.2858563578468072,-0.015201890304344231,0,18.574929453586883,4,0.0,0.0940015890632912,0.8381357621504186
广东,CEG2000_f4_r0011_c0106,9,27.222626073970137,18.51814446862398,8.704481605346157,0.4700515011152711,3,27.561361921641087,8,8.334127951277964,0.0940015890632912,0.8381357621504186
广东,CEG2000_f4_r0011_c0106,10,27.418809742186752,27.222626073970137,0.19618366821661581,0.007206640082537947,3,27.561361921641087,4,0.0,0.0940015890632912,0.8381357621504186
广东,CEG2000_f4_r0011_c0106,11,28.88484679461497,27.418809742186752,1.4660370524282165,0.053468296626040725,3,27.561361921641087,5,2.083531987819491,0.0940015890632912,0.8381357621504186
广东,CEG2000_f4_r0011_c0106,12,32.18155904642733,28.88484679461497,3.2967122518123624,0.11413293188825124,5,33.55231690034388,6,4.167063975638982,0.0940015890632912,0.8381357621504186
广东,CEG2000_f4_r0012_c0094,1,43.67693504839076,,,,8,42.538749368398086,4,,2.928935660282266,0.9540795384689184
广东,CEG2000_f4_r0012_c0094,2,41.253837499284785,43.67693504839076,-2.423097549105975,-0.05547773776757378,8,42.538749368398086,3,-2.083531987819491,2.928935660282266,0.9540795384689184
广东,CEG2000_f4_r0012_c0094,3,42.6849454356888,41.253837499284785,1.4311079364040182,0.03469029848262793,8,42.538749368398086,5,2.083531987819491,2.928935660282266,0.9540795384689184
广东,CEG2000_f4_r0012_c0094,4,34.577347990812314,42.6849454356888,-8.10759744487649,-0.18994044298573104,5,33.55231690034388,0,-8.334127951277964,2.928935660282266,0.9540795384689184
广东,CEG2000_f4_r0012_c0094,5,29.7242133563488,34.577347990812314,-4.853134634463515,-0.14035589530327952,4,30.55683941099248,2,-4.167063975638982,2.928935660282266,0.9540795384689184
广东,CEG2000_f4_r0012_c0094,6,24.980925364396352,29.7242133563488,-4.743287991952446,-0.15957656927998487,2,24.565884432289685,2,-4.167063975638982,2.928935660282266,0.9540795384689184
广东,CEG2000_f4_r0012_c0094,7,24.10348200471495,24.980925364396352,-0.8774433596814006,-0.035124533894647564,2,24.565884432289685,4,0.0,2.928935660282266,0.9540795384689184
广东,CEG2000_f4_r0012_c0094,8,29.293066464736143,24.10348200471495,5.189584460021191,0.2153043472725659,4,30.55683941099248,6,4.167063975638982,2.928935660282266,0.9540795384689184
广东,CEG2000_f4_r0012_c0094,9,33.0850363636219,29.293066464736143,3.7919698988857604,0.1294494007123032,5,33.55231690034388,6,4.167063975638982,2.928935660282266,0.9540795384689184
广东,CEG2000_f4_r0012_c0094,10,32.91874117734395,33.0850363636219,-0.16629518627794937,-0.005026296010386026,5,33.55231690034388,4,0.0,2.928935660282266,0.9540795384689184
广东,CEG2000_f4_r0012_c0094,11,36.97775751521205,32.91874117734395,4.059016337868094,0.12330411773648495,6,36.547794389695284,6,4.167063975638982,2.928935660282266,0.9540795384689184
广东,CEG2000_f4_r0012_c0094,12,45.33221959334245,36.97775751521205,8.354462078130403,0.22593209106024112,8,42.538749368398086,8,8.334127951277964,2.928935660282266,0.9540795384689184
广东,CEG2000_f4_r0012_c0095,1,42.39899136559968,,,,8,42.538749368398086,4,,2.899147656128686,0.8279707335582251
广东,CEG2000_f4_r0012_c0095,2,39.48177735409978,42.39899136559968,-2.917214011499894,-0.06880385399608276,7,39.543271879046685,3,-2.083531987819491,2.899147656128686,0.8279707335582251
广东,CEG2000_f4_r0012_c0095,3,41.19192148100844,39.48177735409978,1.7101441269086592,0.04331477054771138,8,42.538749368398086,5,2.083531987819491,2.899147656128686,0.8279707335582251
广东,CEG2000_f4_r0012_c0095,4,32.870566000059576,41.19192148100844,-8.321355480948867,-0.20201425866441877,5,33.55231690034388,0,-8.334127951277964,2.899147656128686,0.8279707335582251
广东,CEG2000_f4_r0012_c0095,5,28.69368938388728,32.870566000059576,-4.176876616172297,-0.12707041966252502,3,27.561361921641087,2,-4.167063975638982,2.899147656128686,0.8279707335582251
广东,CEG2000_f4_r0012_c0095,6,23.42946537893037,28.69368938388728,-5.264224004956908,-0.18346277937730074,2,24.565884432289685,1,-6.250595963458473,2.899147656128686,0.8279707335582251
广东,CEG2000_f4_r0012_c0095,7,22.47533286216129,23.42946537893037,-0.9541325167690786,-0.04072361453143144,1,21.570406942938284,4,0.0,2.899147656128686,0.8279707335582251
广东,CEG2000_f4_r0012_c0095,8,27.31628176265497,22.47533286216129,4.840948900493679,0.21538941959981986,3,27.561361921641087,6,4.167063975638982,2.899147656128686,0.8279707335582251
广东,CEG2000_f4_r0012_c0095,9,30.80051750684851,27.31628176265497,3.4842357441935405,0.1275516109574239,4,30.55683941099248,6,4.167063975638982,2.899147656128686,0.8279707335582251
广东,CEG2000_f4_r0012_c0095,10,31.43746129008951,30.80051750684851,0.6369437832409979,0.02067964549944244,4,30.55683941099248,4,0.0,2.899147656128686,0.8279707335582251
广东,CEG2000_f4_r0012_c0095,11,33.49335536120157,31.43746129008951,2.055894071112064,0.06539631340270385,5,33.55231690034388,5,2.083531987819491,2.899147656128686,0.8279707335582251
广东,CEG2000_f4_r0012_c0095,12,40.088772670461694,33.49335536120157,6.595417309260121,0.19691718665189925,7,39.543271879046685,7,6.250595963458473,2.899147656128686,0.8279707335582251
广东,CEG2000_f4_r0012_c0096,1,43.51342994276776,,,,8,42.538749368398086,4,,2.8439378720606223,0.6812117242473014
广东,CEG2000_f4_r0012_c0096,2,39.70410702976056,43.51342994276776,-3.8093229130072004,-0.08754361396050639,7,39.543271879046685,2,-4.167063975638982,2.8439378720606223,0.6812117242473014
广东,CEG2000_f4_r0012_c0096,3,41.70442407043182,39.70410702976056,2.0003170406712627,0.05038060770821285,8,42.538749368398086,5,2.083531987819491,2.8439378720606223,0.6812117242473014
广东,CEG2000_f4_r0012_c0096,4,33.19074688846902,41.70442407043182,-8.513677181962798,-0.2041432622971754,5,33.55231690034388,0,-8.334127951277964,2.8439378720606223,0.6812117242473014
广东,CEG2000_f4_r0012_c0096,5,29.71809124841403,33.19074688846902,-3.4726556400549917,-0.1046272219098946,4,30.55683941099248,2,-4.167063975638982,2.8439378720606223,0.6812117242473014
广东,CEG2000_f4_r0012_c0096,6,23.300881813607173,29.71809124841403,-6.417209434806857,-0.21593612393088418,2,24.565884432289685,1,-6.250595963458473,2.8439378720606223,0.6812117242473014
广东,CEG2000_f4_r0012_c0096,7,23.35153107094883,23.300881813607173,0.05064925734165726,0.0021737056025098274,2,24.565884432289685,4,0.0,2.8439378720606223,0.6812117242473014
广东,CEG2000_f4_r0012_c0096,8,26.567617135602305,23.35153107094883,3.2160860646534744,0.13772484788607897,3,27.561361921641087,6,4.167063975638982,2.8439378720606223,0.6812117242473014
广东,CEG2000_f4_r0012_c0096,9,31.362643352768693,26.567617135602305,4.795026217166388,0.18048386472495292,4,30.55683941099248,6,4.167063975638982,2.8439378720606223,0.6812117242473014
广东,CEG2000_f4_r0012_c0096,10,31.102816044653803,31.362643352768693,-0.25982730811488963,-0.008284611255254799,4,30.55683941099248,4,0.0,2.8439378720606223,0.6812117242473014
广东,CEG2000_f4_r0012_c0096,11,34.23588928483547,31.102816044653803,3.1330732401816697,0.1007327836708923,5,33.55231690034388,6,4.167063975638982,2.8439378720606223,0.6812117242473014
广东,CEG2000_f4_r0012_c0096,12,41.332982660200294,34.23588928483547,7.097093375364821,0.20729981091825836,8,42.538749368398086,7,6.250595963458473,2.8439378720606223,0.6812117242473014
广东,CEG2000_f4_r0012_c0097,1,45.89189090890571,,,,8,42.538749368398086,4,,2.757757324643548,0.5589311081404869
广东,CEG2000_f4_r0012_c0097,2,41.09496461608288,45.89189090890571,-4.796926292822825,-0.10452666468558916,8,42.538749368398086,2,-4.167063975638982,2.757757324643548,0.5589311081404869
广东,CEG2000_f4_r0012_c0097,3,44.096249528501055,41.09496461608288,3.0012849124181713,0.07303291146389237,8,42.538749368398086,5,2.083531987819491,2.757757324643548,0.5589311081404869
广东,CEG2000_f4_r0012_c0097,4,34.792220786219865,44.096249528501055,-9.30402874228119,-0.21099365233471043,5,33.55231690034388,0,-8.334127951277964,2.757757324643548,0.5589311081404869
广东,CEG2000_f4_r0012_c0097,5,32.17958452963334,34.792220786219865,-2.6126362565865264,-0.07509254073316618,5,33.55231690034388,3,-2.083531987819491,2.757757324643548,0.5589311081404869
广东,CEG2000_f4_r0012_c0097,6,24.337169240401916,32.17958452963334,-7.842415289231422,-0.24370778566173054,2,24.565884432289685,0,-8.334127951277964,2.757757324643548,0.5589311081404869
广东,CEG2000_f4_r0012_c0097,7,25.688979549288096,24.337169240401916,1.3518103088861793,0.05554509218114205,2,24.565884432289685,5,2.083531987819491,2.757757324643548,0.5589311081404869
广东,CEG2000_f4_r0012_c0097,8,26.9811751772742,25.688979549288096,1.2921956279861035,0.05030155540070541,3,27.561361921641087,5,2.083531987819491,2.757757324643548,0.5589311081404869
广东,CEG2000_f4_r0012_c0097,9,33.27871498326587,26.9811751772742,6.297539805991672,0.2334049486212145,5,33.55231690034388,7,6.250595963458473,2.757757324643548,0.5589311081404869
广东,CEG2000_f4_r0012_c0097,10,32.99923185586221,33.27871498326587,-0.2794831274036582,-0.00839825478670663,5,33.55231690034388,4,0.0,2.757757324643548,0.5589311081404869
广东,CEG2000_f4_r0012_c0097,11,37.10525191299926,32.99923185586221,4.106020057137044,0.12442774653276126,6,36.547794389695284,6,4.167063975638982,2.757757324643548,0.5589311081404869
广东,CEG2000_f4_r0012_c0097,12,44.164441815496566,37.10525191299926,7.059189902497309,0.19024772878645327,8,42.538749368398086,7,6.250595963458473,2.757757324643548,0.5589311081404869
广东,CEG2000_f4_r0012_c0098,1,47.84483353403904,,,,8,42.538749368398086,4,,2.6078915836537693,0.429070415368225
广东,CEG2000_f4_r0012_c0098,2,41.727963058162715,47.84483353403904,-6.1168704758763255,-0.12784808774649617,8,42.538749368398086,1,-6.250595963458473,2.6078915836537693,0.429070415368225
广东,CEG2000_f4_r0012_c0098,3,46.64331436868595,41.727963058162715,4.915351310523235,0.11779514144200975,8,42.538749368398086,6,4.167063975638982,2.6078915836537693,0.429070415368225
广东,CEG2000_f4_r0012_c0098,4,36.222982827357974,46.64331436868595,-10.420331541327975,-0.22340461183701127,6,36.547794389695284,0,-8.334127951277964,2.6078915836537693,0.429070415368225
广东,CEG2000_f4_r0012_c0098,5,35.55768317531266,36.222982827357974,-0.6652996520453129,-0.018366782636763834,6,36.547794389695284,4,0.0,2.6078915836537693,0.429070415368225
广东,CEG2000_f4_r0012_c0098,6,26.075421414179456,35.55768317531266,-9.482261761133206,-0.2666726545253838,3,27.561361921641087,0,-8.334127951277964,2.6078915836537693,0.429070415368225
广东,CEG2000_f4_r0012_c0098,7,27.64247287466029,26.075421414179456,1.5670514604808332,0.06009687957060944,3,27.561361921641087,5,2.083531987819491,2.6078915836537693,0.429070415368225
广东,CEG2000_f4_r0012_c0098,8,28.08142025097002,27.64247287466029,0.4389473763097307,0.015879453994584958,3,27.561361921641087,4,0.0,2.6078915836537693,0.429070415368225
广东,CEG2000_f4_r0012_c0098,9,36.424812832862145,28.08142025097002,8.343392581892125,0.29711433778367813,6,36.547794389695284,8,8.334127951277964,2.6078915836537693,0.429070415368225
广东,CEG2000_f4_r0012_c0098,10,35.22733299629026,36.424812832862145,-1.1974798365718868,-0.03287538750210217,6,36.547794389695284,3,-2.083531987819491,2.6078915836537693,0.429070415368225
广东,CEG2000_f4_r0012_c0098,11,39.32686679245571,35.22733299629026,4.099533796165453,0.11637366350149667,7,39.543271879046685,6,4.167063975638982,2.6078915836537693,0.429070415368225
广东,CEG2000_f4_r0012_c0098,12,47.27420384680927,39.32686679245571,7.947337054353561,0.202084165420423,8,42.538749368398086,8,8.334127951277964,2.6078915836537693,0.429070415368225
广东,CEG2000_f4_r0012_c0099,1,46.3622807838302,,,,8,42.538749368398086,4,,2.308345942985433,0.2496331303200802
广东,CEG2000_f4_r0012_c0099,2,41.62421696579628,46.3622807838302,-4.738063818033922,-0.10219652135160742,8,42.538749368398086,2,-4.167063975638982,2.308345942985433,0.2496331303200802
广东,CEG2000_f4_r0012_c0099,3,44.641331444265646,41.62421696579628,3.0171144784693666,0.07248459426752964,8,42.538749368398086,5,2.083531987819491,2.308345942985433,0.2496331303200802
广东,CEG2000_f4_r0012_c0099,4,35.02200130425455,44.641331444265646,-9.619330140011094,-0.21548035931725631,5,33.55231690034388,0,-8.334127951277964,2.308345942985433,0.2496331303200802
广东,CEG2000_f4_r0012_c0099,5,33.94014159930948,35.02200130425455,-1.0818597049450744,-0.030890859021630145,5,33.55231690034388,3,-2.083531987819491,2.308345942985433,0.2496331303200802
广东,CEG2000_f4_r0012_c0099,6,25.19956152075117,33.94014159930948,-8.740580078558306,-0.2575292755624843,2,24.565884432289685,0,-8.334127951277964,2.308345942985433,0.2496331303200802
广东,CEG2000_f4_r0012_c0099,7,27.325736372954378,25.19956152075117,2.1261748522032065,0.08437348604071375,3,27.561361921641087,5,2.083531987819491,2.308345942985433,0.2496331303200802
广东,CEG2000_f4_r0012_c0099,8,27.19542557840676,27.325736372954378,-0.1303107945476185,-0.004768793520111447,3,27.561361921641087,4,0.0,2.308345942985433,0.2496331303200802
广东,CEG2000_f4_r0012_c0099,9,35.3838093721284,27.19542557840676,8.188383793721638,0.30109415902000947,6,36.547794389695284,8,8.334127951277964,2.308345942985433,0.2496331303200802
广东,CEG2000_f4_r0012_c0099,10,33.98148273404759,35.3838093721284,-1.4023266380808082,-0.03963187296575851,5,33.55231690034388,3,-2.083531987819491,2.308345942985433,0.2496331303200802
广东,CEG2000_f4_r0012_c0099,11,36.98054076303767,33.98148273404759,2.999058028990085,0.08825565536565573,6,36.547794389695284,5,2.083531987819491,2.308345942985433,0.2496331303200802
广东,CEG2000_f4_r0012_c0099,12,44.91103739049176,36.98054076303767,7.930496627454083,0.21445053165314104,8,42.538749368398086,8,8.334127951277964,2.308345942985433,0.2496331303200802
广东,CEG2000_f4_r0012_c0100,1,44.02984795580409,,,,8,42.538749368398086,4,,1.695036200079816,0.1848536516481832
广东,CEG2000_f4_r0012_c0100,2,39.51453002193627,44.02984795580409,-4.51531793386782,-0.10255129516686426,7,39.543271879046685,2,-4.167063975638982,1.695036200079816,0.1848536516481832
广东,CEG2000_f4_r0012_c0100,3,42.74640539863525,39.51453002193627,3.23187537669898,0.08178954361610331,8,42.538749368398086,6,4.167063975638982,1.695036200079816,0.1848536516481832
广东,CEG2000_f4_r0012_c0100,4,33.26725224986036,42.74640539863525,-9.479153148774884,-0.22175322253125693,5,33.55231690034388,0,-8.334127951277964,1.695036200079816,0.1848536516481832
广东,CEG2000_f4_r0012_c0100,5,30.753165520157086,33.26725224986036,-2.5140867297032763,-0.07557241911116447,4,30.55683941099248,3,-2.083531987819491,1.695036200079816,0.1848536516481832
广东,CEG2000_f4_r0012_c0100,6,23.36039822487749,30.753165520157086,-7.392767295279597,-0.24039044990129638,2,24.565884432289685,0,-8.334127951277964,1.695036200079816,0.1848536516481832
广东,CEG2000_f4_r0012_c0100,7,25.744714219569673,23.36039822487749,2.3843159946921837,0.102066581731172,2,24.565884432289685,5,2.083531987819491,1.695036200079816,0.1848536516481832
广东,CEG2000_f4_r0012_c0100,8,25.184335190759004,25.744714219569673,-0.5603790288106687,-0.021766760509802058,2,24.565884432289685,4,0.0,1.695036200079816,0.1848536516481832
广东,CEG2000_f4_r0012_c0100,9,32.94182435737422,25.184335190759004,7.757489166615219,0.3080283480924169,5,33.55231690034388,8,8.334127951277964,1.695036200079816,0.1848536516481832
广东,CEG2000_f4_r0012_c0100,10,32.567059213565706,32.94182435737422,-0.3747651438085171,-0.01137657525408497,5,33.55231690034388,4,0.0,1.695036200079816,0.1848536516481832
广东,CEG2000_f4_r0012_c0100,11,36.16878822749106,32.567059213565706,3.6017290139253575,0.11059423542992389,6,36.547794389695284,6,4.167063975638982,1.695036200079816,0.1848536516481832
广东,CEG2000_f4_r0012_c0100,12,42.07907223579291,36.16878822749106,5.9102840083018435,0.1634084053667458,8,42.538749368398086,7,6.250595963458473,1.695036200079816,0.1848536516481832
广东,CEG2000_f4_r0012_c0101,1,41.9286972178382,,,,8,42.538749368398086,4,,0.9882296954526256,0.2464636199247885
广东,CEG2000_f4_r0012_c0101,2,37.188598957920064,41.9286972178382,-4.740098259918135,-0.11305140809148492,6,36.547794389695284,2,-4.167063975638982,0.9882296954526256,0.2464636199247885
广东,CEG2000_f4_r0012_c0101,3,39.732871315169376,37.188598957920064,2.544272357249312,0.06841538612756634,7,39.543271879046685,5,2.083531987819491,0.9882296954526256,0.2464636199247885
广东,CEG2000_f4_r0012_c0101,4,31.90627967142147,39.732871315169376,-7.826591643747907,-0.1969802680925262,4,30.55683941099248,0,-8.334127951277964,0.9882296954526256,0.2464636199247885
广东,CEG2000_f4_r0012_c0101,5,28.848354317179503,31.90627967142147,-3.0579253542419664,-0.09584086222941741,3,27.561361921641087,3,-2.083531987819491,0.9882296954526256,0.2464636199247885
广东,CEG2000_f4_r0012_c0101,6,21.789588946639565,28.848354317179503,-7.058765370539938,-0.2446852008586281,1,21.570406942938284,1,-6.250595963458473,0.9882296954526256,0.2464636199247885
广东,CEG2000_f4_r0012_c0101,7,24.120148516689568,21.789588946639565,2.330559570050003,0.10695748211484396,2,24.565884432289685,5,2.083531987819491,0.9882296954526256,0.2464636199247885
广东,CEG2000_f4_r0012_c0101,8,22.879046165220423,24.120148516689568,-1.241102351469145,-0.05145500454155095,1,21.570406942938284,3,-2.083531987819491,0.9882296954526256,0.2464636199247885
广东,CEG2000_f4_r0012_c0101,9,31.179308671287753,22.879046165220423,8.30026250606733,0.3627888350819875,4,30.55683941099248,8,8.334127951277964,0.9882296954526256,0.2464636199247885
广东,CEG2000_f4_r0012_c0101,10,30.900078373950173,31.179308671287753,-0.2792302973375804,-0.008955628243121266,4,30.55683941099248,4,0.0,0.9882296954526256,0.2464636199247885
广东,CEG2000_f4_r0012_c0101,11,33.836944203531864,30.900078373950173,2.9368658295816914,0.09504396053757488,5,33.55231690034388,5,2.083531987819491,0.9882296954526256,0.2464636199247885
广东,CEG2000_f4_r0012_c0101,12,37.97002309982362,33.836944203531864,4.133078896291757,0.12214693121905347,6,36.547794389695284,6,4.167063975638982,0.9882296954526256,0.2464636199247885
广东,CEG2000_f4_r0012_c0102,1,41.5567788513231,,,,8,42.538749368398086,4,,0.6061537800037339,0.2579749713931584
广东,CEG2000_f4_r0012_c0102,2,37.63394805278454,41.5567788513231,-3.9228307985385626,-0.0943968928047383,6,36.547794389695284,2,-4.167063975638982,0.6061537800037339,0.2579749713931584
广东,CEG2000_f4_r0012_c0102,3,39.84147929692188,37.63394805278454,2.2075312441373427,0.05865797659711674,7,39.543271879046685,5,2.083531987819491,0.6061537800037339,0.2579749713931584
广东,CEG2000_f4_r0012_c0102,4,31.89479840604958,39.84147929692188,-7.946680890872301,-0.1994574757540756,4,30.55683941099248,0,-8.334127951277964,0.6061537800037339,0.2579749713931584
广东,CEG2000_f4_r0012_c0102,5,28.075317503298855,31.89479840604958,-3.819480902750726,-0.11975247042245842,3,27.561361921641087,2,-4.167063975638982,0.6061537800037339,0.2579749713931584
广东,CEG2000_f4_r0012_c0102,6,21.000380597180932,28.075317503298855,-7.074936906117923,-0.25199846467583553,1,21.570406942938284,1,-6.250595963458473,0.6061537800037339,0.2579749713931584
广东,CEG2000_f4_r0012_c0102,7,23.59533146790377,21.000380597180932,2.594950870722837,0.12356684959658208,2,24.565884432289685,5,2.083531987819491,0.6061537800037339,0.2579749713931584
广东,CEG2000_f4_r0012_c0102,8,21.93974050489388,23.59533146790377,-1.6555909630098888,-0.07016603963635579,1,21.570406942938284,3,-2.083531987819491,0.6061537800037339,0.2579749713931584
广东,CEG2000_f4_r0012_c0102,9,29.762694192393333,21.93974050489388,7.822953687499453,0.35656546100690956,4,30.55683941099248,8,8.334127951277964,0.6061537800037339,0.2579749713931584
广东,CEG2000_f4_r0012_c0102,10,30.22361779797726,29.762694192393333,0.4609236055839254,0.015486622367061347,4,30.55683941099248,4,0.0,0.6061537800037339,0.2579749713931584
广东,CEG2000_f4_r0012_c0102,11,33.312433796883305,30.22361779797726,3.088815998906046,0.10219875130609837,5,33.55231690034388,5,2.083531987819491,0.6061537800037339,0.2579749713931584
广东,CEG2000_f4_r0012_c0102,12,36.10716370131566,33.312433796883305,2.7947299044323586,0.08389449781642289,6,36.547794389695284,5,2.083531987819491,0.6061537800037339,0.2579749713931584
广东,CEG2000_f4_r0012_c0103,1,39.64524849620873,,,,7,39.543271879046685,4,,0.4221690989059532,0.3643427592553157
广东,CEG2000_f4_r0012_c0103,2,37.231025948714226,39.64524849620873,-2.4142225474945036,-0.0608956341319282,6,36.547794389695284,3,-2.083531987819491,0.4221690989059532,0.3643427592553157
广东,CEG2000_f4_r0012_c0103,3,38.80837730217263,37.231025948714226,1.577351353458404,0.04236658306518888,7,39.543271879046685,5,2.083531987819491,0.4221690989059532,0.3643427592553157
广东,CEG2000_f4_r0012_c0103,4,30.90133235347797,38.80837730217263,-7.9070449486946615,-0.20374582753430398,4,30.55683941099248,0,-8.334127951277964,0.4221690989059532,0.3643427592553157
广东,CEG2000_f4_r0012_c0103,5,26.609709210544125,30.90133235347797,-4.291623142933844,-0.1388814920289616,3,27.561361921641087,2,-4.167063975638982,0.4221690989059532,0.3643427592553157
广东,CEG2000_f4_r0012_c0103,6,19.806690991804437,26.609709210544125,-6.8030182187396875,-0.2556592469655393,0,18.574929453586883,1,-6.250595963458473,0.4221690989059532,0.3643427592553157
广东,CEG2000_f4_r0012_c0103,7,21.258184559612072,19.806690991804437,1.4514935678076348,0.07328299151070869,1,21.570406942938284,5,2.083531987819491,0.4221690989059532,0.3643427592553157
广东,CEG2000_f4_r0012_c0103,8,20.148921884279936,21.258184559612072,-1.1092626753321362,-0.05218049886722681,1,21.570406942938284,3,-2.083531987819491,0.4221690989059532,0.3643427592553157
广东,CEG2000_f4_r0012_c0103,9,27.5683799113353,20.148921884279936,7.419458027055363,0.368231018496527,3,27.561361921641087,8,8.334127951277964,0.4221690989059532,0.3643427592553157
广东,CEG2000_f4_r0012_c0103,10,28.324998475453317,27.5683799113353,0.7566185641180176,0.027445158785225483,3,27.561361921641087,4,0.0,0.4221690989059532,0.3643427592553157
广东,CEG2000_f4_r0012_c0103,11,30.514401742691103,28.324998475453317,2.189403267237786,0.07729579470710798,4,30.55683941099248,5,2.083531987819491,0.4221690989059532,0.3643427592553157
广东,CEG2000_f4_r0012_c0103,12,32.46112070673857,30.514401742691103,1.9467189640474665,0.06379672721303639,5,33.55231690034388,5,2.083531987819491,0.4221690989059532,0.3643427592553157
广东,CEG2000_f4_r0012_c0104,1,38.177267914843114,,,,7,39.543271879046685,4,,0.3207511487299868,0.4844019335190551
广东,CEG2000_f4_r0012_c0104,2,36.70339824776132,38.177267914843114,-1.473869667081793,-0.038605949235795384,6,36.547794389695284,3,-2.083531987819491,0.3207511487299868,0.4844019335190551
广东,CEG2000_f4_r0012_c0104,3,37.42144813664371,36.70339824776132,0.7180498888823905,0.01956358057189397,6,36.547794389695284,4,0.0,0.3207511487299868,0.4844019335190551
广东,CEG2000_f4_r0012_c0104,4,30.491976704325054,37.42144813664371,-6.929471432318657,-0.18517379143147594,4,30.55683941099248,1,-6.250595963458473,0.3207511487299868,0.4844019335190551
广东,CEG2000_f4_r0012_c0104,5,25.757309907763368,30.491976704325054,-4.734666796561687,-0.15527582361986098,2,24.565884432289685,2,-4.167063975638982,0.3207511487299868,0.4844019335190551
广东,CEG2000_f4_r0012_c0104,6,18.77603057666352,25.757309907763368,-6.981279331099849,-0.27104070091557425,0,18.574929453586883,1,-6.250595963458473,0.3207511487299868,0.4844019335190551
广东,CEG2000_f4_r0012_c0104,7,20.25004371428026,18.77603057666352,1.4740131376167405,0.07850504565372683,1,21.570406942938284,5,2.083531987819491,0.3207511487299868,0.4844019335190551
广东,CEG2000_f4_r0012_c0104,8,19.000817545582176,20.25004371428026,-1.2492261686980832,-0.061690047998125226,0,18.574929453586883,3,-2.083531987819491,0.3207511487299868,0.4844019335190551
广东,CEG2000_f4_r0012_c0104,9,26.88293665617737,19.000817545582176,7.882119110595195,0.4148305246174969,3,27.561361921641087,8,8.334127951277964,0.3207511487299868,0.4844019335190551
广东,CEG2000_f4_r0012_c0104,10,27.383336343605663,26.88293665617737,0.5003996874282919,0.018614026206593994,3,27.561361921641087,4,0.0,0.3207511487299868,0.4844019335190551
广东,CEG2000_f4_r0012_c0104,11,29.429039264903164,27.383336343605663,2.045702921297501,0.07470612403207752,4,30.55683941099248,5,2.083531987819491,0.3207511487299868,0.4844019335190551
广东,CEG2000_f4_r0012_c0104,12,31.00693922261787,29.429039264903164,1.5778999577147061,0.05361710735819015,4,30.55683941099248,5,2.083531987819491,0.3207511487299868,0.4844019335190551
广东,CEG2000_f4_r0012_c0105,1,38.38517499231027,,,,7,39.543271879046685,4,,0.2577293106329192,0.5937804409082329
广东,CEG2000_f4_r0012_c0105,2,36.718905153706295,38.38517499231027,-1.6662698386039736,-0.04340920261371164,6,36.547794389695284,3,-2.083531987819491,0.2577293106329192,0.5937804409082329
广东,CEG2000_f4_r0012_c0105,3,38.28933701542724,36.718905153706295,1.570431861720948,0.042769027430068496,7,39.543271879046685,5,2.083531987819491,0.2577293106329192,0.5937804409082329
广东,CEG2000_f4_r0012_c0105,4,31.29330223983492,38.28933701542724,-6.9960347755923245,-0.18271496246522984,4,30.55683941099248,1,-6.250595963458473,0.2577293106329192,0.5937804409082329
广东,CEG2000_f4_r0012_c0105,5,27.111784715136004,31.29330223983492,-4.181517524698915,-0.1336234026262667,3,27.561361921641087,2,-4.167063975638982,0.2577293106329192,0.5937804409082329
广东,CEG2000_f4_r0012_c0105,6,19.502384262453955,27.111784715136004,-7.609400452682049,-0.28066763337914313,0,18.574929453586883,0,-8.334127951277964,0.2577293106329192,0.5937804409082329
广东,CEG2000_f4_r0012_c0105,7,20.87091852570112,19.502384262453955,1.3685342632471666,0.07017266426658779,1,21.570406942938284,5,2.083531987819491,0.2577293106329192,0.5937804409082329
广东,CEG2000_f4_r0012_c0105,8,19.308752324505814,20.87091852570112,-1.562166201195307,-0.07484894348428438,0,18.574929453586883,3,-2.083531987819491,0.2577293106329192,0.5937804409082329
广东,CEG2000_f4_r0012_c0105,9,27.799438491355236,19.308752324505814,8.490686166849422,0.43973251218689147,3,27.561361921641087,8,8.334127951277964,0.2577293106329192,0.5937804409082329
广东,CEG2000_f4_r0012_c0105,10,28.41143555019073,27.799438491355236,0.6119970588354953,0.022014727348748694,3,27.561361921641087,4,0.0,0.2577293106329192,0.5937804409082329
广东,CEG2000_f4_r0012_c0105,11,30.09150067050132,28.41143555019073,1.6800651203105872,0.059133411873632295,4,30.55683941099248,5,2.083531987819491,0.2577293106329192,0.5937804409082329
广东,CEG2000_f4_r0012_c0105,12,33.31680171401328,30.09150067050132,3.225301043511962,0.10718312386041029,5,33.55231690034388,6,4.167063975638982,0.2577293106329192,0.5937804409082329
广东,CEG2000_f4_r0012_c0106,1,40.1992033960528,,,,7,39.543271879046685,4,,0.215082006688957,0.7023984096671931
广东,CEG2000_f4_r0012_c0106,2,38.54875268203101,40.1992033960528,-1.6504507140217939,-0.041056801493331414,7,39.543271879046685,3,-2.083531987819491,0.215082006688957,0.7023984096671931
广东,CEG2000_f4_r0012_c0106,3,40.73189650889827,38.54875268203101,2.1831438268672585,0.0566333194973881,7,39.543271879046685,5,2.083531987819491,0.215082006688957,0.7023984096671931
广东,CEG2000_f4_r0012_c0106,4,34.010419779948265,40.73189650889827,-6.721476728950002,-0.1650175244720469,5,33.55231690034388,1,-6.250595963458473,0.215082006688957,0.7023984096671931
广东,CEG2000_f4_r0012_c0106,5,29.841339303035745,34.010419779948265,-4.169080476912519,-0.12258244690559539,4,30.55683941099248,2,-4.167063975638982,0.215082006688957,0.7023984096671931
广东,CEG2000_f4_r0012_c0106,6,20.97758751474468,29.841339303035745,-8.863751788291065,-0.29702928874205586,1,21.570406942938284,0,-8.334127951277964,0.215082006688957,0.7023984096671931
广东,CEG2000_f4_r0012_c0106,7,23.565210492081043,20.97758751474468,2.5876229773363626,0.12335179035804665,2,24.565884432289685,5,2.083531987819491,0.215082006688957,0.7023984096671931
广东,CEG2000_f4_r0012_c0106,8,21.30678588075157,23.565210492081043,-2.258424611329474,-0.09583723481224175,1,21.570406942938284,3,-2.083531987819491,0.215082006688957,0.7023984096671931
广东,CEG2000_f4_r0012_c0106,9,29.365763368678948,21.30678588075157,8.058977487927379,0.37823525017012605,4,30.55683941099248,8,8.334127951277964,0.215082006688957,0.7023984096671931
广东,CEG2000_f4_r0012_c0106,10,30.414984123699167,29.365763368678948,1.0492207550202188,0.03572938805804384,4,30.55683941099248,5,2.083531987819491,0.215082006688957,0.7023984096671931
广东,CEG2000_f4_r0012_c0106,11,32.2381918461595,30.414984123699167,1.8232077224603351,0.05994439171972814,5,33.55231690034388,5,2.083531987819491,0.215082006688957,0.7023984096671931
广东,CEG2000_f4_r0012_c0106,12,37.73836997003855,32.2381918461595,5.500178123879046,0.17061062698943755,6,36.547794389695284,7,6.250595963458473,0.215082006688957,0.7023984096671931
广东,CEG2000_f4_r0012_c0107,1,38.980729292446185,,,,7,39.543271879046685,4,,0.2001533031782824,0.798693180391984
广东,CEG2000_f4_r0012_c0107,2,37.29930948473703,38.980729292446185,-1.6814198077091547,-0.04313464212263945,6,36.547794389695284,3,-2.083531987819491,0.2001533031782824,0.798693180391984
广东,CEG2000_f4_r0012_c0107,3,40.253856625357166,37.29930948473703,2.954547140620136,0.07921184551229142,7,39.543271879046685,5,2.083531987819491,0.2001533031782824,0.798693180391984
广东,CEG2000_f4_r0012_c0107,4,33.85677813548001,40.253856625357166,-6.397078489877153,-0.15891840002846913,5,33.55231690034388,1,-6.250595963458473,0.2001533031782824,0.798693180391984
广东,CEG2000_f4_r0012_c0107,5,29.46379864615553,33.85677813548001,-4.392979489324482,-0.12975184678665228,4,30.55683941099248,2,-4.167063975638982,0.2001533031782824,0.798693180391984
广东,CEG2000_f4_r0012_c0107,6,20.04678856018128,29.46379864615553,-9.417010085974251,-0.31961289849511626,0,18.574929453586883,0,-8.334127951277964,0.2001533031782824,0.798693180391984
广东,CEG2000_f4_r0012_c0107,7,22.56293356800542,20.04678856018128,2.5161450078241394,0.1255136203123293,1,21.570406942938284,5,2.083531987819491,0.2001533031782824,0.798693180391984
广东,CEG2000_f4_r0012_c0107,8,20.8388813587259,22.56293356800542,-1.7240522092795203,-0.07641081794985437,1,21.570406942938284,3,-2.083531987819491,0.2001533031782824,0.798693180391984
广东,CEG2000_f4_r0012_c0107,9,28.875497102470185,20.8388813587259,8.036615743744285,0.38565485379948666,3,27.561361921641087,8,8.334127951277964,0.2001533031782824,0.798693180391984
广东,CEG2000_f4_r0012_c0107,10,29.57278943882803,28.875497102470185,0.6972923363578438,0.024148236613325463,4,30.55683941099248,4,0.0,0.2001533031782824,0.798693180391984
广东,CEG2000_f4_r0012_c0107,11,31.179629696073786,29.57278943882803,1.6068402572457572,0.05433509275712871,4,30.55683941099248,5,2.083531987819491,0.2001533031782824,0.798693180391984
广东,CEG2000_f4_r0012_c0107,12,36.01432987349961,31.179629696073786,4.834700177425827,0.15505957654252142,6,36.547794389695284,6,4.167063975638982,0.2001533031782824,0.798693180391984
广东,CEG2000_f4_r0013_c0095,1,43.253512481241856,,,,8,42.538749368398086,4,,2.7191943419961566,0.9138576391817996
广东,CEG2000_f4_r0013_c0095,2,40.71080267116894,43.253512481241856,-2.542709810072914,-0.05878620403777922,7,39.543271879046685,3,-2.083531987819491,2.7191943419961566,0.9138576391817996
广东,CEG2000_f4_r0013_c0095,3,42.7212848818264,40.71080267116894,2.0104822106574574,0.049384489588589334,8,42.538749368398086,5,2.083531987819491,2.7191943419961566,0.9138576391817996
广东,CEG2000_f4_r0013_c0095,4,33.65979805285688,42.7212848818264,-9.061486828969521,-0.2121070762275755,5,33.55231690034388,0,-8.334127951277964,2.7191943419961566,0.9138576391817996
广东,CEG2000_f4_r0013_c0095,5,30.793670027322637,33.65979805285688,-2.866128025534241,-0.08514988773947733,4,30.55683941099248,3,-2.083531987819491,2.7191943419961566,0.9138576391817996
广东,CEG2000_f4_r0013_c0095,6,24.529898264356365,30.793670027322637,-6.263771762966272,-0.20341101782959115,2,24.565884432289685,1,-6.250595963458473,2.7191943419961566,0.9138576391817996
广东,CEG2000_f4_r0013_c0095,7,24.18931724916945,24.529898264356365,-0.34058101518691686,-0.01388432236923724,2,24.565884432289685,4,0.0,2.7191943419961566,0.9138576391817996
广东,CEG2000_f4_r0013_c0095,8,28.349570389293707,24.18931724916945,4.160253140124258,0.17198720812457416,3,27.561361921641087,6,4.167063975638982,2.7191943419961566,0.9138576391817996
广东,CEG2000_f4_r0013_c0095,9,33.16945390664729,28.349570389293707,4.819883517353585,0.1700161043418784,5,33.55231690034388,6,4.167063975638982,2.7191943419961566,0.9138576391817996
广东,CEG2000_f4_r0013_c0095,10,32.159868691808676,33.16945390664729,-1.0095852148386157,-0.030437197358750934,5,33.55231690034388,4,0.0,2.7191943419961566,0.9138576391817996
广东,CEG2000_f4_r0013_c0095,11,34.59312310804928,32.159868691808676,2.433254416240601,0.0756612049495204,5,33.55231690034388,5,2.083531987819491,2.7191943419961566,0.9138576391817996
广东,CEG2000_f4_r0013_c0095,12,41.15554120231512,34.59312310804928,6.562418094265844,0.18970296708304063,8,42.538749368398086,7,6.250595963458473,2.7191943419961566,0.9138576391817996
广东,CEG2000_f4_r0013_c0096,1,43.62713882801801,,,,8,42.538749368398086,4,,2.625317977775903,0.8195081315879887
广东,CEG2000_f4_r0013_c0096,2,41.716565585222654,43.62713882801801,-1.9105732427953583,-0.04379322811718194,8,42.538749368398086,3,-2.083531987819491,2.625317977775903,0.8195081315879887
广东,CEG2000_f4_r0013_c0096,3,42.85068072603984,41.716565585222654,1.1341151408171868,0.027186205885053175,8,42.538749368398086,5,2.083531987819491,2.625317977775903,0.8195081315879887
广东,CEG2000_f4_r0013_c0096,4,33.67203604952049,42.85068072603984,-9.178644676519347,-0.21420067361827455,5,33.55231690034388,0,-8.334127951277964,2.625317977775903,0.8195081315879887
广东,CEG2000_f4_r0013_c0096,5,30.99556972345827,33.67203604952049,-2.676466326062222,-0.07948632277911619,4,30.55683941099248,3,-2.083531987819491,2.625317977775903,0.8195081315879887
广东,CEG2000_f4_r0013_c0096,6,24.120428992038107,30.99556972345827,-6.875140731420164,-0.22181043267666975,2,24.565884432289685,1,-6.250595963458473,2.625317977775903,0.8195081315879887
广东,CEG2000_f4_r0013_c0096,7,24.125740328094174,24.120428992038107,0.005311336056067262,0.00022020072934111066,2,24.565884432289685,4,0.0,2.625317977775903,0.8195081315879887
广东,CEG2000_f4_r0013_c0096,8,27.223842462658343,24.125740328094174,3.0981021345641686,0.1284148006416392,3,27.561361921641087,5,2.083531987819491,2.625317977775903,0.8195081315879887
广东,CEG2000_f4_r0013_c0096,9,33.24944611447415,27.223842462658343,6.0256036518158105,0.2213355318993212,5,33.55231690034388,7,6.250595963458473,2.625317977775903,0.8195081315879887
广东,CEG2000_f4_r0013_c0096,10,31.99057958844334,33.24944611447415,-1.2588665260308147,-0.03786127810059382,4,30.55683941099248,3,-2.083531987819491,2.625317977775903,0.8195081315879887
广东,CEG2000_f4_r0013_c0096,11,34.87529528225274,31.99057958844334,2.8847156938094045,0.09017391153649226,5,33.55231690034388,5,2.083531987819491,2.625317977775903,0.8195081315879887
广东,CEG2000_f4_r0013_c0096,12,41.414566974007606,34.87529528225274,6.539271691754863,0.18750441075354998,8,42.538749368398086,7,6.250595963458473,2.625317977775903,0.8195081315879887
广东,CEG2000_f4_r0013_c0097,1,43.31425957926621,,,,8,42.538749368398086,4,,2.499827889535968,0.6385948152346843
广东,CEG2000_f4_r0013_c0097,2,41.24607548831979,43.31425957926621,-2.068184090946424,-0.04774834225577824,8,42.538749368398086,3,-2.083531987819491,2.499827889535968,0.6385948152346843
广东,CEG2000_f4_r0013_c0097,3,41.58857790314955,41.24607548831979,0.3425024148297595,0.008303878872712401,8,42.538749368398086,4,0.0,2.499827889535968,0.6385948152346843
广东,CEG2000_f4_r0013_c0097,4,33.73234108657356,41.58857790314955,-7.856236816575986,-0.1889037137762055,5,33.55231690034388,0,-8.334127951277964,2.499827889535968,0.6385948152346843
广东,CEG2000_f4_r0013_c0097,5,30.748008784900065,33.73234108657356,-2.984332301673497,-0.08847095118640748,4,30.55683941099248,3,-2.083531987819491,2.499827889535968,0.6385948152346843
广东,CEG2000_f4_r0013_c0097,6,23.768046705983803,30.748008784900065,-6.979962078916262,-0.2270053364347947,2,24.565884432289685,1,-6.250595963458473,2.499827889535968,0.6385948152346843
广东,CEG2000_f4_r0013_c0097,7,24.27623395316224,23.768046705983803,0.5081872471784372,0.021381111096962665,2,24.565884432289685,4,0.0,2.499827889535968,0.6385948152346843
广东,CEG2000_f4_r0013_c0097,8,25.948076787291388,24.27623395316224,1.6718428341291478,0.06886747085049295,2,24.565884432289685,5,2.083531987819491,2.499827889535968,0.6385948152346843
广东,CEG2000_f4_r0013_c0097,9,32.74123332517657,25.948076787291388,6.793156537885185,0.2617980744226977,5,33.55231690034388,7,6.250595963458473,2.499827889535968,0.6385948152346843
广东,CEG2000_f4_r0013_c0097,10,31.599200024423347,32.74123332517657,-1.1420333007532264,-0.03488058282383189,4,30.55683941099248,3,-2.083531987819491,2.499827889535968,0.6385948152346843
广东,CEG2000_f4_r0013_c0097,11,33.63047389908349,31.599200024423347,2.031273874660144,0.06428244617237625,5,33.55231690034388,5,2.083531987819491,2.499827889535968,0.6385948152346843
广东,CEG2000_f4_r0013_c0097,12,39.09408902412296,33.63047389908349,5.463615125039468,0.16246024785242066,7,39.543271879046685,7,6.250595963458473,2.499827889535968,0.6385948152346843
广东,CEG2000_f4_r0013_c0098,1,44.1981040780044,,,,8,42.538749368398086,4,,2.3116238181390014,0.4629137602284641
广东,CEG2000_f4_r0013_c0098,2,40.76126436394413,44.1981040780044,-3.4368397140602696,-0.07775989006213153,7,39.543271879046685,2,-4.167063975638982,2.3116238181390014,0.4629137602284641
广东,CEG2000_f4_r0013_c0098,3,42.30086066855857,40.76126436394413,1.5395963046144416,0.03777106349959817,8,42.538749368398086,5,2.083531987819491,2.3116238181390014,0.4629137602284641
广东,CEG2000_f4_r0013_c0098,4,34.69645834309769,42.30086066855857,-7.604402325460882,-0.17976944689243854,5,33.55231690034388,0,-8.334127951277964,2.3116238181390014,0.4629137602284641
广东,CEG2000_f4_r0013_c0098,5,32.54048107665325,34.69645834309769,-2.155977266444438,-0.06213825183899024,5,33.55231690034388,3,-2.083531987819491,2.3116238181390014,0.4629137602284641
广东,CEG2000_f4_r0013_c0098,6,25.031112982984503,32.54048107665325,-7.509368093668748,-0.2307700392006951,2,24.565884432289685,0,-8.334127951277964,2.3116238181390014,0.4629137602284641
广东,CEG2000_f4_r0013_c0098,7,26.306133253452444,25.031112982984503,1.275020270467941,0.05093741821766641,3,27.561361921641087,5,2.083531987819491,2.3116238181390014,0.4629137602284641
广东,CEG2000_f4_r0013_c0098,8,26.729095303670658,26.306133253452444,0.42296205021821365,0.01607845767916893,3,27.561361921641087,4,0.0,2.3116238181390014,0.4629137602284641
广东,CEG2000_f4_r0013_c0098,9,34.61997638654928,26.729095303670658,7.890881082878625,0.2952169159947207,5,33.55231690034388,8,8.334127951277964,2.3116238181390014,0.4629137602284641
广东,CEG2000_f4_r0013_c0098,10,32.348695538974795,34.61997638654928,-2.271280847574488,-0.06560607731832355,5,33.55231690034388,3,-2.083531987819491,2.3116238181390014,0.4629137602284641
广东,CEG2000_f4_r0013_c0098,11,34.10238726050462,32.348695538974795,1.753691721529826,0.05421213103993388,5,33.55231690034388,5,2.083531987819491,2.3116238181390014,0.4629137602284641
广东,CEG2000_f4_r0013_c0098,12,39.98036371778902,34.10238726050462,5.877976457284397,0.17236260946728277,7,39.543271879046685,7,6.250595963458473,2.3116238181390014,0.4629137602284641
广东,CEG2000_f4_r0013_c0099,1,43.1066501804045,,,,8,42.538749368398086,4,,2.0272570835413553,0.3890558041312702
广东,CEG2000_f4_r0013_c0099,2,39.74316719458051,43.1066501804045,-3.3634829858239925,-0.07802700909830777,7,39.543271879046685,2,-4.167063975638982,2.0272570835413553,0.3890558041312702
广东,CEG2000_f4_r0013_c0099,3,40.79046547163775,39.74316719458051,1.0472982770572443,0.026351656170977157,7,39.543271879046685,5,2.083531987819491,2.0272570835413553,0.3890558041312702
广东,CEG2000_f4_r0013_c0099,4,32.886740062714054,40.79046547163775,-7.903725408923698,-0.19376404062903577,5,33.55231690034388,0,-8.334127951277964,2.0272570835413553,0.3890558041312702
广东,CEG2000_f4_r0013_c0099,5,31.81811212876264,32.886740062714054,-1.068627933951415,-0.032494188597397396,4,30.55683941099248,3,-2.083531987819491,2.0272570835413553,0.3890558041312702
广东,CEG2000_f4_r0013_c0099,6,24.012278600291143,31.81811212876264,-7.805833528471496,-0.24532673393325719,2,24.565884432289685,0,-8.334127951277964,2.0272570835413553,0.3890558041312702
广东,CEG2000_f4_r0013_c0099,7,25.750295636022063,24.012278600291143,1.7380170357309197,0.07238034609967613,2,24.565884432289685,5,2.083531987819491,2.0272570835413553,0.3890558041312702
广东,CEG2000_f4_r0013_c0099,8,25.787121212017453,25.750295636022063,0.03682557599539038,0.0014301030371035865,2,24.565884432289685,4,0.0,2.0272570835413553,0.3890558041312702
广东,CEG2000_f4_r0013_c0099,9,33.757102208148524,25.787121212017453,7.969980996131071,0.309068272127129,5,33.55231690034388,8,8.334127951277964,2.0272570835413553,0.3890558041312702
广东,CEG2000_f4_r0013_c0099,10,31.16353571851456,33.757102208148524,-2.5935664896339645,-0.0768302466734811,4,30.55683941099248,3,-2.083531987819491,2.0272570835413553,0.3890558041312702
广东,CEG2000_f4_r0013_c0099,11,33.16952121680667,31.16353571851456,2.0059854982921124,0.06436963752801442,5,33.55231690034388,5,2.083531987819491,2.0272570835413553,0.3890558041312702
广东,CEG2000_f4_r0013_c0099,12,38.46439505629375,33.16952121680667,5.294873839487082,0.15963069846194286,7,39.543271879046685,7,6.250595963458473,2.0272570835413553,0.3890558041312702
广东,CEG2000_f4_r0013_c0100,1,41.03385656247113,,,,7,39.543271879046685,4,,1.6381861193640173,0.3479016113340964
广东,CEG2000_f4_r0013_c0100,2,38.45745787671239,41.03385656247113,-2.5763986857587398,-0.0627871446067068,7,39.543271879046685,3,-2.083531987819491,1.6381861193640173,0.3479016113340964
广东,CEG2000_f4_r0013_c0100,3,37.72554072361939,38.45745787671239,-0.7319171530930006,-0.01903186517006386,6,36.547794389695284,4,0.0,1.6381861193640173,0.3479016113340964
广东,CEG2000_f4_r0013_c0100,4,30.50192610631264,37.72554072361939,-7.2236146173067475,-0.1914780935872485,4,30.55683941099248,1,-6.250595963458473,1.6381861193640173,0.3479016113340964
广东,CEG2000_f4_r0013_c0100,5,29.025530223024184,30.50192610631264,-1.4763958832884576,-0.048403365680664494,3,27.561361921641087,3,-2.083531987819491,1.6381861193640173,0.3479016113340964
广东,CEG2000_f4_r0013_c0100,6,21.638138930209426,29.025530223024184,-7.387391292814758,-0.254513569125252,1,21.570406942938284,0,-8.334127951277964,1.6381861193640173,0.3479016113340964
广东,CEG2000_f4_r0013_c0100,7,23.593304736384265,21.638138930209426,1.9551658061748398,0.09035739221755319,2,24.565884432289685,5,2.083531987819491,1.6381861193640173,0.3479016113340964
广东,CEG2000_f4_r0013_c0100,8,23.636937609921333,23.593304736384265,0.04363287353706724,0.0018493752369408039,2,24.565884432289685,4,0.0,1.6381861193640173,0.3479016113340964
广东,CEG2000_f4_r0013_c0100,9,30.42580585750325,23.636937609921333,6.788868247581917,0.287214374366854,4,30.55683941099248,7,6.250595963458473,1.6381861193640173,0.3479016113340964
广东,CEG2000_f4_r0013_c0100,10,29.398692427713804,30.42580585750325,-1.0271134297894449,-0.03375796961960008,4,30.55683941099248,4,0.0,1.6381861193640173,0.3479016113340964
广东,CEG2000_f4_r0013_c0100,11,31.10014623872537,29.398692427713804,1.7014538110115645,0.05787515261759138,4,30.55683941099248,5,2.083531987819491,1.6381861193640173,0.3479016113340964
广东,CEG2000_f4_r0013_c0100,12,34.00662136519341,31.10014623872537,2.9064751264680417,0.09345535240117131,5,33.55231690034388,5,2.083531987819491,1.6381861193640173,0.3479016113340964
广东,CEG2000_f4_r0013_c0101,1,40.673436146019355,,,,7,39.543271879046685,4,,1.2287277077844978,0.5068011259241278
广东,CEG2000_f4_r0013_c0101,2,36.946875153524566,40.673436146019355,-3.7265609924947896,-0.09162149416430611,6,36.547794389695284,2,-4.167063975638982,1.2287277077844978,0.5068011259241278
广东,CEG2000_f4_r0013_c0101,3,36.88384496191409,36.946875153524566,-0.06303019161047274,-0.0017059681325840067,6,36.547794389695284,4,0.0,1.2287277077844978,0.5068011259241278
广东,CEG2000_f4_r0013_c0101,4,30.43591650886612,36.88384496191409,-6.447928453047972,-0.1748171444627327,4,30.55683941099248,1,-6.250595963458473,1.2287277077844978,0.5068011259241278
广东,CEG2000_f4_r0013_c0101,5,28.617660296647873,30.43591650886612,-1.8182562122182482,-0.05974047838147348,3,27.561361921641087,3,-2.083531987819491,1.2287277077844978,0.5068011259241278
广东,CEG2000_f4_r0013_c0101,6,21.571443299891673,28.617660296647873,-7.0462169967562005,-0.24621918506669668,1,21.570406942938284,1,-6.250595963458473,1.2287277077844978,0.5068011259241278
广东,CEG2000_f4_r0013_c0101,7,23.61169340271455,21.571443299891673,2.0402501028228777,0.09458106601671495,2,24.565884432289685,5,2.083531987819491,1.2287277077844978,0.5068011259241278
广东,CEG2000_f4_r0013_c0101,8,22.941591410950068,23.61169340271455,-0.6701019917644828,-0.028380090336402708,1,21.570406942938284,4,0.0,1.2287277077844978,0.5068011259241278
广东,CEG2000_f4_r0013_c0101,9,30.708815286952778,22.941591410950068,7.76722387600271,0.338565173482054,4,30.55683941099248,8,8.334127951277964,1.2287277077844978,0.5068011259241278
广东,CEG2000_f4_r0013_c0101,10,29.802871822118178,30.708815286952778,-0.9059434648345999,-0.029501088087221232,4,30.55683941099248,4,0.0,1.2287277077844978,0.5068011259241278
广东,CEG2000_f4_r0013_c0101,11,30.87232587642996,29.802871822118178,1.0694540543117839,0.03588426178171492,4,30.55683941099248,5,2.083531987819491,1.2287277077844978,0.5068011259241278
广东,CEG2000_f4_r0013_c0101,12,33.36184004563164,30.87232587642996,2.4895141692016765,0.08063902211858749,5,33.55231690034388,5,2.083531987819491,1.2287277077844978,0.5068011259241278
广东,CEG2000_f4_r0013_c0102,1,39.93482264938161,,,,7,39.543271879046685,4,,0.908604777905232,0.4546881923911666
广东,CEG2000_f4_r0013_c0102,2,36.35942858010314,39.93482264938161,-3.5753940692784667,-0.0895307361364689,6,36.547794389695284,2,-4.167063975638982,0.908604777905232,0.4546881923911666
广东,CEG2000_f4_r0013_c0102,3,38.010159973909715,36.35942858010314,1.6507313938065735,0.04540036678986474,6,36.547794389695284,5,2.083531987819491,0.908604777905232,0.4546881923911666
广东,CEG2000_f4_r0013_c0102,4,30.978885294495512,38.010159973909715,-7.031274679414203,-0.18498408541927974,4,30.55683941099248,1,-6.250595963458473,0.908604777905232,0.4546881923911666
广东,CEG2000_f4_r0013_c0102,5,28.932581592289697,30.978885294495512,-2.0463037022058153,-0.06605478805169962,3,27.561361921641087,3,-2.083531987819491,0.908604777905232,0.4546881923911666
广东,CEG2000_f4_r0013_c0102,6,21.42737241498473,28.932581592289697,-7.505209177304966,-0.25940337032714167,1,21.570406942938284,0,-8.334127951277964,0.908604777905232,0.4546881923911666
广东,CEG2000_f4_r0013_c0102,7,24.39506797322827,21.42737241498473,2.9676955582435376,0.13850020902087598,2,24.565884432289685,5,2.083531987819491,0.908604777905232,0.4546881923911666
广东,CEG2000_f4_r0013_c0102,8,22.659233158374168,24.39506797322827,-1.7358348148541012,-0.07115515385155097,1,21.570406942938284,3,-2.083531987819491,0.908604777905232,0.4546881923911666
广东,CEG2000_f4_r0013_c0102,9,30.30007844601986,22.659233158374168,7.640845287645693,0.3372067021968865,4,30.55683941099248,8,8.334127951277964,0.908604777905232,0.4546881923911666
广东,CEG2000_f4_r0013_c0102,10,30.52242779793596,30.30007844601986,0.22234935191610106,0.007338243440927734,4,30.55683941099248,4,0.0,0.908604777905232,0.4546881923911666
广东,CEG2000_f4_r0013_c0102,11,30.886310169981172,30.52242779793596,0.3638823720452109,0.011921803024784875,4,30.55683941099248,4,0.0,0.908604777905232,0.4546881923911666
广东,CEG2000_f4_r0013_c0102,12,32.509213126453155,30.886310169981172,1.6229029564719823,0.05254441037276456,5,33.55231690034388,5,2.083531987819491,0.908604777905232,0.4546881923911666
广东,CEG2000_f4_r0013_c0103,1,39.45071805139011,,,,7,39.543271879046685,4,,0.6934361602994817,0.444035195904258
广东,CEG2000_f4_r0013_c0103,2,35.83975619451358,39.45071805139011,-3.6109618568765285,-0.0915309539403755,6,36.547794389695284,2,-4.167063975638982,0.6934361602994817,0.444035195904258
广东,CEG2000_f4_r0013_c0103,3,37.661743268400514,35.83975619451358,1.8219870738869304,0.05083703873426024,6,36.547794389695284,5,2.083531987819491,0.6934361602994817,0.444035195904258
广东,CEG2000_f4_r0013_c0103,4,30.209355680119145,37.661743268400514,-7.452387588281368,-0.19787686234200888,4,30.55683941099248,0,-8.334127951277964,0.6934361602994817,0.444035195904258
广东,CEG2000_f4_r0013_c0103,5,27.99232426346916,30.209355680119145,-2.2170314166499843,-0.07338890111148641,3,27.561361921641087,3,-2.083531987819491,0.6934361602994817,0.444035195904258
广东,CEG2000_f4_r0013_c0103,6,20.73282706360158,27.99232426346916,-7.259497199867582,-0.25933885059131895,1,21.570406942938284,1,-6.250595963458473,0.6934361602994817,0.444035195904258
广东,CEG2000_f4_r0013_c0103,7,23.358465170901816,20.73282706360158,2.6256381073002366,0.12664158627502325,2,24.565884432289685,5,2.083531987819491,0.6934361602994817,0.444035195904258
广东,CEG2000_f4_r0013_c0103,8,21.275877721811575,23.358465170901816,-2.0825874490902407,-0.08915771793450575,1,21.570406942938284,3,-2.083531987819491,0.6934361602994817,0.444035195904258
广东,CEG2000_f4_r0013_c0103,9,28.973497236606185,21.275877721811575,7.69761951479461,0.3618003268980614,3,27.561361921641087,8,8.334127951277964,0.6934361602994817,0.444035195904258
广东,CEG2000_f4_r0013_c0103,10,28.833289701365157,28.973497236606185,-0.14020753524102858,-0.004839165051289881,3,27.561361921641087,4,0.0,0.6934361602994817,0.444035195904258
广东,CEG2000_f4_r0013_c0103,11,29.3337354428755,28.833289701365157,0.5004457415103438,0.017356525970279743,4,30.55683941099248,4,0.0,0.6934361602994817,0.444035195904258
广东,CEG2000_f4_r0013_c0103,12,30.90189589337617,29.3337354428755,1.5681604505006703,0.05345928252317217,4,30.55683941099248,5,2.083531987819491,0.6934361602994817,0.444035195904258
广东,CEG2000_f4_r0013_c0104,1,38.29640005893026,,,,7,39.543271879046685,4,,0.5511769286086562,0.5223741047736945
广东,CEG2000_f4_r0013_c0104,2,35.81450649029472,38.29640005893026,-2.4818935686355417,-0.06480749012482687,6,36.547794389695284,3,-2.083531987819491,0.5511769286086562,0.5223741047736945
广东,CEG2000_f4_r0013_c0104,3,37.087650305257405,35.81450649029472,1.2731438149626868,0.03554827190785646,6,36.547794389695284,5,2.083531987819491,0.5511769286086562,0.5223741047736945
广东,CEG2000_f4_r0013_c0104,4,29.600335719122405,37.087650305257405,-7.487314586135,-0.20188161084644465,4,30.55683941099248,0,-8.334127951277964,0.5511769286086562,0.5223741047736945
广东,CEG2000_f4_r0013_c0104,5,27.302943922980145,29.600335719122405,-2.2973917961422607,-0.077613707423531,3,27.561361921641087,3,-2.083531987819491,0.5511769286086562,0.5223741047736945
广东,CEG2000_f4_r0013_c0104,6,19.95376843090779,27.302943922980145,-7.349175492072355,-0.26917154109109653,0,18.574929453586883,0,-8.334127951277964,0.5511769286086562,0.5223741047736945
广东,CEG2000_f4_r0013_c0104,7,22.422383497822192,19.95376843090779,2.4686150669144027,0.12371673428316388,1,21.570406942938284,5,2.083531987819491,0.5511769286086562,0.5223741047736945
广东,CEG2000_f4_r0013_c0104,8,19.94184321644158,22.422383497822192,-2.4805402813806126,-0.11062785905974441,0,18.574929453586883,3,-2.083531987819491,0.5511769286086562,0.5223741047736945
广东,CEG2000_f4_r0013_c0104,9,28.149131063114012,19.94184321644158,8.207287846672433,0.41156114595794824,3,27.561361921641087,8,8.334127951277964,0.5511769286086562,0.5223741047736945
广东,CEG2000_f4_r0013_c0104,10,27.847309466668342,28.149131063114012,-0.3018215964456701,-0.010722234933964634,3,27.561361921641087,4,0.0,0.5511769286086562,0.5223741047736945
广东,CEG2000_f4_r0013_c0104,11,28.634834401515132,27.847309466668342,0.7875249348467896,0.028280108560915465,3,27.561361921641087,4,0.0,0.5511769286086562,0.5223741047736945
广东,CEG2000_f4_r0013_c0104,12,30.003044154317653,28.634834401515132,1.368209752802521,0.04778130488263365,4,30.55683941099248,5,2.083531987819491,0.5511769286086562,0.5223741047736945
广东,CEG2000_f4_r0013_c0105,1,38.6815881078111,,,,7,39.543271879046685,4,,0.453786685234217,0.6262824243188826
广东,CEG2000_f4_r0013_c0105,2,36.525435413095344,38.6815881078111,-2.1561526947157574,-0.055741059252951364,6,36.547794389695284,3,-2.083531987819491,0.453786685234217,0.6262824243188826
广东,CEG2000_f4_r0013_c0105,3,38.69262188682631,36.525435413095344,2.1671864737309647,0.05933362461584703,7,39.543271879046685,5,2.083531987819491,0.453786685234217,0.6262824243188826
广东,CEG2000_f4_r0013_c0105,4,30.864126633656905,38.69262188682631,-7.828495253169404,-0.20232527214276927,4,30.55683941099248,0,-8.334127951277964,0.453786685234217,0.6262824243188826
广东,CEG2000_f4_r0013_c0105,5,27.817423152079822,30.864126633656905,-3.046703481577083,-0.09871341955468439,3,27.561361921641087,3,-2.083531987819491,0.453786685234217,0.6262824243188826
广东,CEG2000_f4_r0013_c0105,6,20.402022834225715,27.817423152079822,-7.4154003178541075,-0.2665739481803756,1,21.570406942938284,0,-8.334127951277964,0.453786685234217,0.6262824243188826
广东,CEG2000_f4_r0013_c0105,7,23.39159784142544,20.402022834225715,2.9895750071997256,0.1465332644459411,2,24.565884432289685,5,2.083531987819491,0.453786685234217,0.6262824243188826
广东,CEG2000_f4_r0013_c0105,8,20.138211727596165,23.39159784142544,-3.2533861138292757,-0.13908353486086697,1,21.570406942938284,2,-4.167063975638982,0.453786685234217,0.6262824243188826
广东,CEG2000_f4_r0013_c0105,9,28.5700404074768,20.138211727596165,8.431828679880635,0.4186979853988811,3,27.561361921641087,8,8.334127951277964,0.453786685234217,0.6262824243188826
广东,CEG2000_f4_r0013_c0105,10,29.329713241506596,28.5700404074768,0.7596728340297965,0.026589841078103256,4,30.55683941099248,4,0.0,0.453786685234217,0.6262824243188826
广东,CEG2000_f4_r0013_c0105,11,30.384476969469933,29.329713241506596,1.054763727963337,0.035962292548795356,4,30.55683941099248,5,2.083531987819491,0.453786685234217,0.6262824243188826
广东,CEG2000_f4_r0013_c0105,12,32.40962129482696,30.384476969469933,2.0251443253570294,0.06665062319130513,5,33.55231690034388,5,2.083531987819491,0.453786685234217,0.6262824243188826
广东,CEG2000_f4_r0013_c0106,1,40.11102197498453,,,,7,39.543271879046685,4,,0.3841451977144824,0.7491231713283704
广东,CEG2000_f4_r0013_c0106,2,39.61882132429062,40.11102197498453,-0.49220065069390984,-0.012270957618603525,7,39.543271879046685,4,0.0,0.3841451977144824,0.7491231713283704
广东,CEG2000_f4_r0013_c0106,3,41.471776275813184,39.61882132429062,1.8529549515225625,0.046769562788242285,8,42.538749368398086,5,2.083531987819491,0.3841451977144824,0.7491231713283704
广东,CEG2000_f4_r0013_c0106,4,33.348770279755705,41.471776275813184,-8.12300599605748,-0.1958682922581956,5,33.55231690034388,0,-8.334127951277964,0.3841451977144824,0.7491231713283704
广东,CEG2000_f4_r0013_c0106,5,29.905921513780985,33.348770279755705,-3.44284876597472,-0.1032376527558107,4,30.55683941099248,2,-4.167063975638982,0.3841451977144824,0.7491231713283704
广东,CEG2000_f4_r0013_c0106,6,21.820848843497014,29.905921513780985,-8.08507267028397,-0.27035022701301076,1,21.570406942938284,0,-8.334127951277964,0.3841451977144824,0.7491231713283704
广东,CEG2000_f4_r0013_c0106,7,24.710323374810496,21.820848843497014,2.889474531313482,0.1324180627452811,2,24.565884432289685,5,2.083531987819491,0.3841451977144824,0.7491231713283704
广东,CEG2000_f4_r0013_c0106,8,21.52969135491375,24.710323374810496,-3.180632019896745,-0.1287167299129341,1,21.570406942938284,2,-4.167063975638982,0.3841451977144824,0.7491231713283704
广东,CEG2000_f4_r0013_c0106,9,29.10885152217387,21.52969135491375,7.57916016726012,0.3520329224566574,4,30.55683941099248,8,8.334127951277964,0.3841451977144824,0.7491231713283704
广东,CEG2000_f4_r0013_c0106,10,30.9073521028915,29.10885152217387,1.7985005807176293,0.06178535004541862,4,30.55683941099248,5,2.083531987819491,0.3841451977144824,0.7491231713283704
广东,CEG2000_f4_r0013_c0106,11,31.95742617679341,30.9073521028915,1.0500740739019072,0.03397489601846768,4,30.55683941099248,5,2.083531987819491,0.3841451977144824,0.7491231713283704
广东,CEG2000_f4_r0013_c0106,12,35.552036666557335,31.95742617679341,3.5946104897639266,0.11248122642536941,6,36.547794389695284,6,4.167063975638982,0.3841451977144824,0.7491231713283704
广东,CEG2000_f4_r0013_c0107,1,39.86940580651702,,,,7,39.543271879046685,4,,0.3323346369002196,0.8672273246375917
广东,CEG2000_f4_r0013_c0107,2,38.161521114277264,39.86940580651702,-1.7078846922397588,-0.042836973807133825,7,39.543271879046685,3,-2.083531987819491,0.3323346369002196,0.8672273246375917
广东,CEG2000_f4_r0013_c0107,3,41.65206839717118,38.161521114277264,3.490547282893914,0.09146771881658577,8,42.538749368398086,6,4.167063975638982,0.3323346369002196,0.8672273246375917
广东,CEG2000_f4_r0013_c0107,4,34.424272912330856,41.65206839717118,-7.227795484840321,-0.17352788860135457,5,33.55231690034388,1,-6.250595963458473,0.3323346369002196,0.8672273246375917
广东,CEG2000_f4_r0013_c0107,5,30.70734976511947,34.424272912330856,-3.7169231472113857,-0.1079739042470807,4,30.55683941099248,2,-4.167063975638982,0.3323346369002196,0.8672273246375917
广东,CEG2000_f4_r0013_c0107,6,21.498066440087015,30.70734976511947,-9.209283325032455,-0.29990485650745724,1,21.570406942938284,0,-8.334127951277964,0.3323346369002196,0.8672273246375917
广东,CEG2000_f4_r0013_c0107,7,24.73771116412335,21.498066440087015,3.239644724036335,0.15069470238474258,2,24.565884432289685,6,4.167063975638982,0.3323346369002196,0.8672273246375917
广东,CEG2000_f4_r0013_c0107,8,21.537353508634396,24.73771116412335,-3.200357655488954,-0.12937161543588455,1,21.570406942938284,2,-4.167063975638982,0.3323346369002196,0.8672273246375917
广东,CEG2000_f4_r0013_c0107,9,29.504895877710624,21.537353508634396,7.967542369076227,0.36994064130869253,4,30.55683941099248,8,8.334127951277964,0.3323346369002196,0.8672273246375917
广东,CEG2000_f4_r0013_c0107,10,30.661538231624895,29.504895877710624,1.1566423539142718,0.03920170939454335,4,30.55683941099248,5,2.083531987819491,0.3323346369002196,0.8672273246375917
广东,CEG2000_f4_r0013_c0107,11,32.32952791810691,30.661538231624895,1.6679896864820165,0.054400065446214965,5,33.55231690034388,5,2.083531987819491,0.3323346369002196,0.8672273246375917
广东,CEG2000_f4_r0013_c0107,12,36.009930367201896,32.32952791810691,3.6804024490949843,0.11384027810173153,6,36.547794389695284,6,4.167063975638982,0.3323346369002196,0.8672273246375917
广东,CEG2000_f4_r0013_c0108,1,38.28121750802572,,,,7,39.543271879046685,4,,0.3043562176162919,0.9591371605717496
广东,CEG2000_f4_r0013_c0108,2,35.320308287957566,38.28121750802572,-2.960909220068153,-0.0773462656836187,6,36.547794389695284,3,-2.083531987819491,0.3043562176162919,0.9591371605717496
广东,CEG2000_f4_r0013_c0108,3,40.468008455762536,35.320308287957566,5.14770016780497,0.14574335325266893,7,39.543271879046685,6,4.167063975638982,0.3043562176162919,0.9591371605717496
广东,CEG2000_f4_r0013_c0108,4,33.529541715370996,40.468008455762536,-6.93846674039154,-0.1714556017249107,5,33.55231690034388,1,-6.250595963458473,0.3043562176162919,0.9591371605717496
广东,CEG2000_f4_r0013_c0108,5,30.346056801747583,33.529541715370996,-3.1834849136234133,-0.09494567330050932,4,30.55683941099248,2,-4.167063975638982,0.3043562176162919,0.9591371605717496
广东,CEG2000_f4_r0013_c0108,6,20.41906649178515,30.346056801747583,-9.926990309962434,-0.3271262020899781,1,21.570406942938284,0,-8.334127951277964,0.3043562176162919,0.9591371605717496
广东,CEG2000_f4_r0013_c0108,7,23.840239693429975,20.41906649178515,3.4211732016448266,0.1675479730192959,2,24.565884432289685,6,4.167063975638982,0.3043562176162919,0.9591371605717496
广东,CEG2000_f4_r0013_c0108,8,20.234678152482857,23.840239693429975,-3.605561540947118,-0.1512384769327952,1,21.570406942938284,2,-4.167063975638982,0.3043562176162919,0.9591371605717496
广东,CEG2000_f4_r0013_c0108,9,28.50232639791251,20.234678152482857,8.267648245429651,0.4085880775136117,3,27.561361921641087,8,8.334127951277964,0.3043562176162919,0.9591371605717496
广东,CEG2000_f4_r0013_c0108,10,29.433601370736874,28.50232639791251,0.9312749728243652,0.03267364775152428,4,30.55683941099248,4,0.0,0.3043562176162919,0.9591371605717496
广东,CEG2000_f4_r0013_c0108,11,30.151541478483814,29.433601370736874,0.7179401077469407,0.024391854014192183,4,30.55683941099248,4,0.0,0.3043562176162919,0.9591371605717496
广东,CEG2000_f4_r0013_c0108,12,34.07295722216449,30.151541478483814,3.921415743680676,0.1300568910043622,5,33.55231690034388,6,4.167063975638982,0.3043562176162919,0.9591371605717496
广东,CEG2000_f4_r0014_c0095,1,41.35639542748073,,,,8,42.538749368398086,4,,2.5174019093601103,0.9670530376577972
广东,CEG2000_f4_r0014_c0095,2,41.21810225754841,41.35639542748073,-0.138293169932318,-0.003343936735850634,8,42.538749368398086,4,0.0,2.5174019093601103,0.9670530376577972
广东,CEG2000_f4_r0014_c0095,3,42.4248715963388,41.21810225754841,1.2067693387903873,0.02927765405719007,8,42.538749368398086,5,2.083531987819491,2.5174019093601103,0.9670530376577972
广东,CEG2000_f4_r0014_c0095,4,34.495807007743664,42.4248715963388,-7.929064588595132,-0.1868966078209509,5,33.55231690034388,0,-8.334127951277964,2.5174019093601103,0.9670530376577972
广东,CEG2000_f4_r0014_c0095,5,31.359716479720944,34.495807007743664,-3.13609052802272,-0.0909122238340076,4,30.55683941099248,2,-4.167063975638982,2.5174019093601103,0.9670530376577972
广东,CEG2000_f4_r0014_c0095,6,24.4961006987872,31.359716479720944,-6.8636157809337455,-0.21886727787772467,2,24.565884432289685,1,-6.250595963458473,2.5174019093601103,0.9670530376577972
广东,CEG2000_f4_r0014_c0095,7,24.85109346533496,24.4961006987872,0.3549927665477597,0.014491807121177263,2,24.565884432289685,4,0.0,2.5174019093601103,0.9670530376577972
广东,CEG2000_f4_r0014_c0095,8,27.874723239617143,24.85109346533496,3.0236297742821847,0.12166988863085146,3,27.561361921641087,5,2.083531987819491,2.5174019093601103,0.9670530376577972
广东,CEG2000_f4_r0014_c0095,9,34.78030372779075,27.874723239617143,6.905580488173609,0.24773628885251153,5,33.55231690034388,7,6.250595963458473,2.5174019093601103,0.9670530376577972
广东,CEG2000_f4_r0014_c0095,10,32.83984816840456,34.78030372779075,-1.9404555593861943,-0.05579179453328633,5,33.55231690034388,3,-2.083531987819491,2.5174019093601103,0.9670530376577972
广东,CEG2000_f4_r0014_c0095,11,33.07885333518365,32.83984816840456,0.23900516677909422,0.007277901089964317,5,33.55231690034388,4,0.0,2.5174019093601103,0.9670530376577972
广东,CEG2000_f4_r0014_c0095,12,38.91281052681267,33.07885333518365,5.833957191629018,0.1763651579005566,7,39.543271879046685,7,6.250595963458473,2.5174019093601103,0.9670530376577972
广东,CEG2000_f4_r0014_c0096,1,41.44631859299273,,,,8,42.538749368398086,4,,2.4497236930219386,0.8778771055572968
广东,CEG2000_f4_r0014_c0096,2,40.59625432985033,41.44631859299273,-0.8500642631424,-0.020510006485500477,7,39.543271879046685,4,0.0,2.4497236930219386,0.8778771055572968
广东,CEG2000_f4_r0014_c0096,3,41.55859130493886,40.59625432985033,0.962336975088526,0.02370506813927712,8,42.538749368398086,4,0.0,2.4497236930219386,0.8778771055572968
广东,CEG2000_f4_r0014_c0096,4,32.993042775437985,41.55859130493886,-8.565548529500873,-0.20610776882812523,5,33.55231690034388,0,-8.334127951277964,2.4497236930219386,0.8778771055572968
广东,CEG2000_f4_r0014_c0096,5,30.694362204733963,32.993042775437985,-2.298680570704022,-0.069671675521098,4,30.55683941099248,3,-2.083531987819491,2.4497236930219386,0.8778771055572968
广东,CEG2000_f4_r0014_c0096,6,23.7545752474769,30.694362204733963,-6.939786957257063,-0.22609321252444026,2,24.565884432289685,1,-6.250595963458473,2.4497236930219386,0.8778771055572968
广东,CEG2000_f4_r0014_c0096,7,24.67199762392314,23.7545752474769,0.9174223764462397,0.03862087058549633,2,24.565884432289685,4,0.0,2.4497236930219386,0.8778771055572968
广东,CEG2000_f4_r0014_c0096,8,26.99654874780791,24.67199762392314,2.3245511238847705,0.0942181966502289,3,27.561361921641087,5,2.083531987819491,2.4497236930219386,0.8778771055572968
广东,CEG2000_f4_r0014_c0096,9,34.521425603492986,26.99654874780791,7.524876855685076,0.2787347718399037,5,33.55231690034388,8,8.334127951277964,2.4497236930219386,0.8778771055572968
广东,CEG2000_f4_r0014_c0096,10,31.692205115405343,34.521425603492986,-2.8292204880876426,-0.08195549397593166,4,30.55683941099248,3,-2.083531987819491,2.4497236930219386,0.8778771055572968
广东,CEG2000_f4_r0014_c0096,11,32.77434252252353,31.692205115405343,1.0821374071181893,0.03414522287665526,5,33.55231690034388,5,2.083531987819491,2.4497236930219386,0.8778771055572968
广东,CEG2000_f4_r0014_c0096,12,38.26592940943709,32.77434252252353,5.491586886913559,0.16755749968560232,7,39.543271879046685,7,6.250595963458473,2.4497236930219386,0.8778771055572968
广东,CEG2000_f4_r0014_c0097,1,41.710389162501635,,,,8,42.538749368398086,4,,2.3128325790710944,0.6761943901368488
广东,CEG2000_f4_r0014_c0097,2,40.27643209876525,41.710389162501635,-1.4339570637363863,-0.034378894384076826,7,39.543271879046685,3,-2.083531987819491,2.3128325790710944,0.6761943901368488
广东,CEG2000_f4_r0014_c0097,3,39.549540454320095,40.27643209876525,-0.7268916444451534,-0.018047567934088127,7,39.543271879046685,4,0.0,2.3128325790710944,0.6761943901368488
广东,CEG2000_f4_r0014_c0097,4,31.87033456314079,39.549540454320095,-7.679205891179304,-0.1941667539740145,4,30.55683941099248,0,-8.334127951277964,2.3128325790710944,0.6761943901368488
广东,CEG2000_f4_r0014_c0097,5,29.58852067582331,31.87033456314079,-2.2818138873174796,-0.07159679741663211,4,30.55683941099248,3,-2.083531987819491,2.3128325790710944,0.6761943901368488
广东,CEG2000_f4_r0014_c0097,6,22.45551283022617,29.58852067582331,-7.133007845597142,-0.24107348669937056,1,21.570406942938284,1,-6.250595963458473,2.3128325790710944,0.6761943901368488
广东,CEG2000_f4_r0014_c0097,7,23.530177206868434,22.45551283022617,1.0746643766422643,0.047857485365273685,2,24.565884432289685,5,2.083531987819491,2.3128325790710944,0.6761943901368488
广东,CEG2000_f4_r0014_c0097,8,25.259732740831147,23.530177206868434,1.7295555339627136,0.07350371902247545,2,24.565884432289685,5,2.083531987819491,2.3128325790710944,0.6761943901368488
广东,CEG2000_f4_r0014_c0097,9,32.660294621360705,25.259732740831147,7.400561880529558,0.29297862952314235,5,33.55231690034388,8,8.334127951277964,2.3128325790710944,0.6761943901368488
广东,CEG2000_f4_r0014_c0097,10,30.2913134444405,32.660294621360705,-2.3689811769202045,-0.07253398061421122,4,30.55683941099248,3,-2.083531987819491,2.3128325790710944,0.6761943901368488
广东,CEG2000_f4_r0014_c0097,11,31.189864602183604,30.2913134444405,0.8985511577431033,0.02966365784670253,4,30.55683941099248,4,0.0,2.3128325790710944,0.6761943901368488
广东,CEG2000_f4_r0014_c0097,12,35.586337047156064,31.189864602183604,4.39647244497246,0.1409583690422517,6,36.547794389695284,6,4.167063975638982,2.3128325790710944,0.6761943901368488
广东,CEG2000_f4_r0014_c0098,1,43.08816575013422,,,,8,42.538749368398086,4,,2.130569328297486,0.5412542624585975
广东,CEG2000_f4_r0014_c0098,2,41.760307079280544,43.08816575013422,-1.3278586708536793,-0.03081724756059134,8,42.538749368398086,3,-2.083531987819491,2.130569328297486,0.5412542624585975
广东,CEG2000_f4_r0014_c0098,3,42.20434246774053,41.760307079280544,0.44403538845998725,0.010632953144166324,8,42.538749368398086,4,0.0,2.130569328297486,0.5412542624585975
广东,CEG2000_f4_r0014_c0098,4,33.45710059724718,42.20434246774053,-8.747241870493355,-0.20725928563344942,5,33.55231690034388,0,-8.334127951277964,2.130569328297486,0.5412542624585975
广东,CEG2000_f4_r0014_c0098,5,31.32511607039528,33.45710059724718,-2.131984526851898,-0.06372293141944632,4,30.55683941099248,3,-2.083531987819491,2.130569328297486,0.5412542624585975
广东,CEG2000_f4_r0014_c0098,6,23.742851867140345,31.32511607039528,-7.582264203254933,-0.2420506339454804,2,24.565884432289685,0,-8.334127951277964,2.130569328297486,0.5412542624585975
广东,CEG2000_f4_r0014_c0098,7,25.684012545332592,23.742851867140345,1.9411606781922472,0.08175768812670632,2,24.565884432289685,5,2.083531987819491,2.130569328297486,0.5412542624585975
广东,CEG2000_f4_r0014_c0098,8,25.539929616201288,25.684012545332592,-0.14408292913130438,-0.005609829417307606,2,24.565884432289685,4,0.0,2.130569328297486,0.5412542624585975
广东,CEG2000_f4_r0014_c0098,9,34.22399900063496,25.539929616201288,8.684069384433673,0.3400193154379299,5,33.55231690034388,8,8.334127951277964,2.130569328297486,0.5412542624585975
广东,CEG2000_f4_r0014_c0098,10,32.43780660352784,34.22399900063496,-1.786192397107122,-0.05219122397338729,5,33.55231690034388,3,-2.083531987819491,2.130569328297486,0.5412542624585975
广东,CEG2000_f4_r0014_c0098,11,33.07434294989246,32.43780660352784,0.6365363463646219,0.019623285696986494,5,33.55231690034388,4,0.0,2.130569328297486,0.5412542624585975
广东,CEG2000_f4_r0014_c0098,12,38.78310834855379,33.07434294989246,5.708765398661328,0.17260404559842932,7,39.543271879046685,7,6.250595963458473,2.130569328297486,0.5412542624585975
广东,CEG2000_f4_r0014_c0099,1,42.16712387154228,,,,8,42.538749368398086,4,,1.895336925714919,0.4953275045777587
广东,CEG2000_f4_r0014_c0099,2,41.40072580657278,42.16712387154228,-0.7663980649695006,-0.018175251110420808,8,42.538749368398086,4,0.0,1.895336925714919,0.4953275045777587
广东,CEG2000_f4_r0014_c0099,3,40.4463582726729,41.40072580657278,-0.9543675338998767,-0.023051951754632313,7,39.543271879046685,4,0.0,1.895336925714919,0.4953275045777587
广东,CEG2000_f4_r0014_c0099,4,32.95072533186646,40.4463582726729,-7.495632940806445,-0.18532281423889724,5,33.55231690034388,0,-8.334127951277964,1.895336925714919,0.4953275045777587
广东,CEG2000_f4_r0014_c0099,5,31.30660113107687,32.95072533186646,-1.6441242007895873,-0.04989644944779301,4,30.55683941099248,3,-2.083531987819491,1.895336925714919,0.4953275045777587
广东,CEG2000_f4_r0014_c0099,6,23.1356522027864,31.30660113107687,-8.170948928290471,-0.26099763733788023,2,24.565884432289685,0,-8.334127951277964,1.895336925714919,0.4953275045777587
广东,CEG2000_f4_r0014_c0099,7,25.23489425801063,23.1356522027864,2.099242055224231,0.09073623846106242,2,24.565884432289685,5,2.083531987819491,1.895336925714919,0.4953275045777587
广东,CEG2000_f4_r0014_c0099,8,25.67815011291496,25.23489425801063,0.4432558549043293,0.017565195652191844,2,24.565884432289685,4,0.0,1.895336925714919,0.4953275045777587
广东,CEG2000_f4_r0014_c0099,9,33.828488527355915,25.67815011291496,8.150338414440956,0.31740364389963205,5,33.55231690034388,8,8.334127951277964,1.895336925714919,0.4953275045777587
广东,CEG2000_f4_r0014_c0099,10,31.324589389632017,33.828488527355915,-2.5038991377238986,-0.0740174700888301,4,30.55683941099248,3,-2.083531987819491,1.895336925714919,0.4953275045777587
广东,CEG2000_f4_r0014_c0099,11,32.37737972719849,31.324589389632017,1.0527903375664707,0.03360907064004258,5,33.55231690034388,5,2.083531987819491,1.895336925714919,0.4953275045777587
广东,CEG2000_f4_r0014_c0099,12,36.58505906530716,32.37737972719849,4.207679338108676,0.12995737683411213,6,36.547794389695284,6,4.167063975638982,1.895336925714919,0.4953275045777587
广东,CEG2000_f4_r0014_c0100,1,40.80911302480106,,,,7,39.543271879046685,4,,1.6170047837781325,0.5021376778465199
广东,CEG2000_f4_r0014_c0100,2,39.37686200556199,40.80911302480106,-1.432251019239068,-0.03509635258106789,7,39.543271879046685,3,-2.083531987819491,1.6170047837781325,0.5021376778465199
广东,CEG2000_f4_r0014_c0100,3,37.06671951575345,39.37686200556199,-2.310142489808541,-0.05866751112575281,6,36.547794389695284,3,-2.083531987819491,1.6170047837781325,0.5021376778465199
广东,CEG2000_f4_r0014_c0100,4,31.169766141356092,37.06671951575345,-5.896953374397356,-0.15909024190530635,4,30.55683941099248,1,-6.250595963458473,1.6170047837781325,0.5021376778465199
广东,CEG2000_f4_r0014_c0100,5,29.665865766239065,31.169766141356092,-1.503900375117027,-0.048248689717362035,4,30.55683941099248,3,-2.083531987819491,1.6170047837781325,0.5021376778465199
广东,CEG2000_f4_r0014_c0100,6,22.104344972694193,29.665865766239065,-7.561520793544872,-0.2548896045417351,1,21.570406942938284,0,-8.334127951277964,1.6170047837781325,0.5021376778465199
广东,CEG2000_f4_r0014_c0100,7,24.242571566689747,22.104344972694193,2.1382265939955545,0.09673331630667797,2,24.565884432289685,5,2.083531987819491,1.6170047837781325,0.5021376778465199
广东,CEG2000_f4_r0014_c0100,8,24.742072319941116,24.242571566689747,0.4995007532513682,0.02060428085680902,2,24.565884432289685,4,0.0,1.6170047837781325,0.5021376778465199
广东,CEG2000_f4_r0014_c0100,9,32.147443200218596,24.742072319941116,7.405370880277481,0.2993027740165907,5,33.55231690034388,8,8.334127951277964,1.6170047837781325,0.5021376778465199
广东,CEG2000_f4_r0014_c0100,10,29.362712763616948,32.147443200218596,-2.7847304366016488,-0.0866236987886711,4,30.55683941099248,3,-2.083531987819491,1.6170047837781325,0.5021376778465199
广东,CEG2000_f4_r0014_c0100,11,30.85641726234154,29.362712763616948,1.4937044987245933,0.050870793538375925,4,30.55683941099248,5,2.083531987819491,1.6170047837781325,0.5021376778465199
广东,CEG2000_f4_r0014_c0100,12,33.00296305125525,30.85641726234154,2.146545788913709,0.06956561971092617,5,33.55231690034388,5,2.083531987819491,1.6170047837781325,0.5021376778465199
广东,CEG2000_f4_r0014_c0101,1,39.63928042394837,,,,7,39.543271879046685,4,,1.331515478375517,0.4970277818451019
广东,CEG2000_f4_r0014_c0101,2,37.587528615328395,39.63928042394837,-2.0517518086199757,-0.05176057150069743,6,36.547794389695284,3,-2.083531987819491,1.331515478375517,0.4970277818451019
广东,CEG2000_f4_r0014_c0101,3,35.49322650151741,37.587528615328395,-2.0943021138109827,-0.055718005172516585,6,36.547794389695284,3,-2.083531987819491,1.331515478375517,0.4970277818451019
广东,CEG2000_f4_r0014_c0101,4,29.663916095399887,35.49322650151741,-5.829310406117525,-0.16423726385845225,4,30.55683941099248,1,-6.250595963458473,1.331515478375517,0.4970277818451019
广东,CEG2000_f4_r0014_c0101,5,27.732564266903076,29.663916095399887,-1.9313518284968119,-0.06510778355378086,3,27.561361921641087,3,-2.083531987819491,1.331515478375517,0.4970277818451019
广东,CEG2000_f4_r0014_c0101,6,20.465056628757495,27.732564266903076,-7.267507638145581,-0.2620568212950598,1,21.570406942938284,1,-6.250595963458473,1.331515478375517,0.4970277818451019
广东,CEG2000_f4_r0014_c0101,7,22.70502132401706,20.465056628757495,2.239964695259566,0.1094531393630237,1,21.570406942938284,5,2.083531987819491,1.331515478375517,0.4970277818451019
广东,CEG2000_f4_r0014_c0101,8,22.446652804166927,22.70502132401706,-0.25836851985013354,-0.011379355965494508,1,21.570406942938284,4,0.0,1.331515478375517,0.4970277818451019
广东,CEG2000_f4_r0014_c0101,9,29.61492537759164,22.446652804166927,7.168272573424712,0.31934705971368776,4,30.55683941099248,7,6.250595963458473,1.331515478375517,0.4970277818451019
广东,CEG2000_f4_r0014_c0101,10,28.25610195374301,29.61492537759164,-1.35882342384863,-0.04588306087297435,3,27.561361921641087,3,-2.083531987819491,1.331515478375517,0.4970277818451019
广东,CEG2000_f4_r0014_c0101,11,28.115115536112068,28.25610195374301,-0.14098641763094122,-0.004989591906970917,3,27.561361921641087,4,0.0,1.331515478375517,0.4970277818451019
广东,CEG2000_f4_r0014_c0101,12,30.094723679684208,28.115115536112068,1.9796081435721398,0.0704108130386112,4,30.55683941099248,5,2.083531987819491,1.331515478375517,0.4970277818451019
广东,CEG2000_f4_r0014_c0102,1,38.49688927318106,,,,7,39.543271879046685,4,,1.0802037757348997,0.6961304162731023
广东,CEG2000_f4_r0014_c0102,2,35.701049113923794,38.49688927318106,-2.795840159257267,-0.07262509288523203,6,36.547794389695284,3,-2.083531987819491,1.0802037757348997,0.6961304162731023
广东,CEG2000_f4_r0014_c0102,3,36.15465947699422,35.701049113923794,0.4536103630704247,0.012705799250406671,6,36.547794389695284,4,0.0,1.0802037757348997,0.6961304162731023
广东,CEG2000_f4_r0014_c0102,4,30.18216167206554,36.15465947699422,-5.972497804928679,-0.16519303158501808,4,30.55683941099248,1,-6.250595963458473,1.0802037757348997,0.6961304162731023
广东,CEG2000_f4_r0014_c0102,5,28.129608163652097,30.18216167206554,-2.0525535084134425,-0.06800551699095628,3,27.561361921641087,3,-2.083531987819491,1.0802037757348997,0.6961304162731023
广东,CEG2000_f4_r0014_c0102,6,20.48542080201376,28.129608163652097,-7.644187361638338,-0.27174880350860475,1,21.570406942938284,0,-8.334127951277964,1.0802037757348997,0.6961304162731023
广东,CEG2000_f4_r0014_c0102,7,22.88429304070234,20.48542080201376,2.398872238688579,0.11710143823126958,1,21.570406942938284,5,2.083531987819491,1.0802037757348997,0.6961304162731023
广东,CEG2000_f4_r0014_c0102,8,21.86997085432244,22.88429304070234,-1.0143221863799,-0.044323946760156045,1,21.570406942938284,4,0.0,1.0802037757348997,0.6961304162731023
广东,CEG2000_f4_r0014_c0102,9,29.619186561102214,21.86997085432244,7.749215706779776,0.3543313229998292,4,30.55683941099248,8,8.334127951277964,1.0802037757348997,0.6961304162731023
广东,CEG2000_f4_r0014_c0102,10,29.080130449408585,29.619186561102214,-0.539056111693629,-0.018199558268813212,4,30.55683941099248,4,0.0,1.0802037757348997,0.6961304162731023
广东,CEG2000_f4_r0014_c0102,11,28.150368051803454,29.080130449408585,-0.9297623976051312,-0.031972428707727485,3,27.561361921641087,4,0.0,1.0802037757348997,0.6961304162731023
广东,CEG2000_f4_r0014_c0102,12,29.947884996982896,28.150368051803454,1.7975169451794422,0.06385411877640741,4,30.55683941099248,5,2.083531987819491,1.0802037757348997,0.6961304162731023
广东,CEG2000_f4_r0014_c0103,1,38.782927086868575,,,,7,39.543271879046685,4,,0.8813851904131824,0.6749635089972628
广东,CEG2000_f4_r0014_c0103,2,36.280541928214774,38.782927086868575,-2.5023851586538015,-0.06452285442635088,6,36.547794389695284,3,-2.083531987819491,0.8813851904131824,0.6749635089972628
广东,CEG2000_f4_r0014_c0103,3,37.306555765868296,36.280541928214774,1.0260138376535224,0.028280003084948643,6,36.547794389695284,4,0.0,0.8813851904131824,0.6749635089972628
广东,CEG2000_f4_r0014_c0103,4,30.560991515061197,37.306555765868296,-6.745564250807099,-0.1808144470141252,4,30.55683941099248,1,-6.250595963458473,0.8813851904131824,0.6749635089972628
广东,CEG2000_f4_r0014_c0103,5,29.361212863152932,30.560991515061197,-1.1997786519082645,-0.03925849890429715,4,30.55683941099248,3,-2.083531987819491,0.8813851904131824,0.6749635089972628
广东,CEG2000_f4_r0014_c0103,6,21.55411497574891,29.361212863152932,-7.807097887404023,-0.2658983443153875,1,21.570406942938284,0,-8.334127951277964,0.8813851904131824,0.6749635089972628
广东,CEG2000_f4_r0014_c0103,7,24.257344264192763,21.55411497574891,2.703229288443854,0.12541592598375423,2,24.565884432289685,5,2.083531987819491,0.8813851904131824,0.6749635089972628
广东,CEG2000_f4_r0014_c0103,8,22.263649853499953,24.257344264192763,-1.993694410692811,-0.08218931095584867,1,21.570406942938284,3,-2.083531987819491,0.8813851904131824,0.6749635089972628
广东,CEG2000_f4_r0014_c0103,9,30.939438652548592,22.263649853499953,8.67578879904864,0.38968403007311775,4,30.55683941099248,8,8.334127951277964,0.8813851904131824,0.6749635089972628
广东,CEG2000_f4_r0014_c0103,10,29.93376081697088,30.939438652548592,-1.0056778355777105,-0.03250472146154692,4,30.55683941099248,4,0.0,0.8813851904131824,0.6749635089972628
广东,CEG2000_f4_r0014_c0103,11,29.495783273508632,29.93376081697088,-0.4379775434622495,-0.014631557529314495,4,30.55683941099248,4,0.0,0.8813851904131824,0.6749635089972628
广东,CEG2000_f4_r0014_c0103,12,30.80768011997904,29.495783273508632,1.3118968464704075,0.044477437140944674,4,30.55683941099248,5,2.083531987819491,0.8813851904131824,0.6749635089972628
广东,CEG2000_f4_r0014_c0104,1,39.08346917867581,,,,7,39.543271879046685,4,,0.7312815983476104,0.6453062931897885
广东,CEG2000_f4_r0014_c0104,2,36.834727879035306,39.08346917867581,-2.248741299640507,-0.05753689083638037,6,36.547794389695284,3,-2.083531987819491,0.7312815983476104,0.6453062931897885
广东,CEG2000_f4_r0014_c0104,3,38.757079217972475,36.834727879035306,1.922351338937169,0.05218855817939369,7,39.543271879046685,5,2.083531987819491,0.7312815983476104,0.6453062931897885
广东,CEG2000_f4_r0014_c0104,4,30.92476957819216,38.757079217972475,-7.832309639780316,-0.20208720052744092,4,30.55683941099248,0,-8.334127951277964,0.7312815983476104,0.6453062931897885
广东,CEG2000_f4_r0014_c0104,5,29.63324078377244,30.92476957819216,-1.291528794419719,-0.0417635704982097,4,30.55683941099248,3,-2.083531987819491,0.7312815983476104,0.6453062931897885
广东,CEG2000_f4_r0014_c0104,6,21.474586757293466,29.63324078377244,-8.158654026478974,-0.2753210182447126,1,21.570406942938284,0,-8.334127951277964,0.7312815983476104,0.6453062931897885
广东,CEG2000_f4_r0014_c0104,7,25.16442613031962,21.474586757293466,3.689839373026153,0.1718235333107383,2,24.565884432289685,6,4.167063975638982,0.7312815983476104,0.6453062931897885
广东,CEG2000_f4_r0014_c0104,8,22.40377485070094,25.16442613031962,-2.7606512796186777,-0.10970451959929571,1,21.570406942938284,3,-2.083531987819491,0.7312815983476104,0.6453062931897885
广东,CEG2000_f4_r0014_c0104,9,30.582242877155178,22.40377485070094,8.178468026454237,0.36504866170793354,4,30.55683941099248,8,8.334127951277964,0.7312815983476104,0.6453062931897885
广东,CEG2000_f4_r0014_c0104,10,30.600593125513633,30.582242877155178,0.018350248358455445,0.0006000295149105304,4,30.55683941099248,4,0.0,0.7312815983476104,0.6453062931897885
广东,CEG2000_f4_r0014_c0104,11,29.78478956812816,30.600593125513633,-0.8158035573854718,-0.026659730222852618,4,30.55683941099248,4,0.0,0.7312815983476104,0.6453062931897885
广东,CEG2000_f4_r0014_c0104,12,32.024025783755924,29.78478956812816,2.2392362156277628,0.0751805283198611,4,30.55683941099248,5,2.083531987819491,0.7312815983476104,0.6453062931897885
广东,CEG2000_f4_r0014_c0105,1,39.46233106068705,,,,7,39.543271879046685,4,,0.6186521945248965,0.7084295971093046
广东,CEG2000_f4_r0014_c0105,2,37.14130390914642,39.46233106068705,-2.321027151540626,-0.058816270837402894,6,36.547794389695284,3,-2.083531987819491,0.6186521945248965,0.7084295971093046
广东,CEG2000_f4_r0014_c0105,3,40.967153738984685,37.14130390914642,3.825849829838262,0.10300795683417317,7,39.543271879046685,6,4.167063975638982,0.6186521945248965,0.7084295971093046
广东,CEG2000_f4_r0014_c0105,4,32.49873224920519,40.967153738984685,-8.468421489779494,-0.20671246881671632,5,33.55231690034388,0,-8.334127951277964,0.6186521945248965,0.7084295971093046
广东,CEG2000_f4_r0014_c0105,5,30.479673404094505,32.49873224920519,-2.019058845110685,-0.06212731098641745,4,30.55683941099248,3,-2.083531987819491,0.6186521945248965,0.7084295971093046
广东,CEG2000_f4_r0014_c0105,6,22.330249155511645,30.479673404094505,-8.14942424858286,-0.26737242688066676,1,21.570406942938284,0,-8.334127951277964,0.6186521945248965,0.7084295971093046
广东,CEG2000_f4_r0014_c0105,7,26.002535975570176,22.330249155511645,3.672286820058531,0.16445346375152836,2,24.565884432289685,6,4.167063975638982,0.6186521945248965,0.7084295971093046
广东,CEG2000_f4_r0014_c0105,8,22.31132413637953,26.002535975570176,-3.6912118391906468,-0.1419558401018502,1,21.570406942938284,2,-4.167063975638982,0.6186521945248965,0.7084295971093046
广东,CEG2000_f4_r0014_c0105,9,31.67942882911052,22.31132413637953,9.368104692730991,0.4198811614885695,4,30.55683941099248,8,8.334127951277964,0.6186521945248965,0.7084295971093046
广东,CEG2000_f4_r0014_c0105,10,32.12958383207497,31.67942882911052,0.45015500296445055,0.01420969441692708,5,33.55231690034388,4,0.0,0.6186521945248965,0.7084295971093046
广东,CEG2000_f4_r0014_c0105,11,32.79564479707036,32.12958383207497,0.6660609649953884,0.020730457278144373,5,33.55231690034388,4,0.0,0.6186521945248965,0.7084295971093046
广东,CEG2000_f4_r0014_c0105,12,35.29710168953269,32.79564479707036,2.501456892462329,0.07627405736159774,6,36.547794389695284,5,2.083531987819491,0.6186521945248965,0.7084295971093046
广东,CEG2000_f4_r0014_c0106,1,38.38032652300814,,,,7,39.543271879046685,4,,0.5330291214201528,0.7868529782587428
广东,CEG2000_f4_r0014_c0106,2,37.17139800473837,38.38032652300814,-1.208928518269765,-0.03149865120467487,6,36.547794389695284,3,-2.083531987819491,0.5330291214201528,0.7868529782587428
广东,CEG2000_f4_r0014_c0106,3,38.953176728991814,37.17139800473837,1.7817787242534422,0.047934132690578724,7,39.543271879046685,5,2.083531987819491,0.5330291214201528,0.7868529782587428
广东,CEG2000_f4_r0014_c0106,4,31.074524199312975,38.953176728991814,-7.878652529678838,-0.202259563693427,4,30.55683941099248,0,-8.334127951277964,0.5330291214201528,0.7868529782587428
广东,CEG2000_f4_r0014_c0106,5,28.498540618663583,31.074524199312975,-2.5759835806493925,-0.08289695971294533,3,27.561361921641087,3,-2.083531987819491,0.5330291214201528,0.7868529782587428
广东,CEG2000_f4_r0014_c0106,6,20.841741342801843,28.498540618663583,-7.65679927586174,-0.26867338150106296,1,21.570406942938284,0,-8.334127951277964,0.5330291214201528,0.7868529782587428
广东,CEG2000_f4_r0014_c0106,7,24.03706888463225,20.841741342801843,3.195327541830409,0.15331384692258385,2,24.565884432289685,6,4.167063975638982,0.5330291214201528,0.7868529782587428
广东,CEG2000_f4_r0014_c0106,8,20.79076233530418,24.03706888463225,-3.2463065493280716,-0.13505417673464964,1,21.570406942938284,2,-4.167063975638982,0.5330291214201528,0.7868529782587428
广东,CEG2000_f4_r0014_c0106,9,28.310148485475572,20.79076233530418,7.519386150171393,0.36166957367421515,3,27.561361921641087,8,8.334127951277964,0.5330291214201528,0.7868529782587428
广东,CEG2000_f4_r0014_c0106,10,29.91033672449552,28.310148485475572,1.6001882390199462,0.056523484496766856,4,30.55683941099248,5,2.083531987819491,0.5330291214201528,0.7868529782587428
广东,CEG2000_f4_r0014_c0106,11,30.183302753038102,29.91033672449552,0.27296602854258367,0.00912614361572981,4,30.55683941099248,4,0.0,0.5330291214201528,0.7868529782587428
广东,CEG2000_f4_r0014_c0106,12,32.69505578005947,30.183302753038102,2.511753027021367,0.08321663959616038,5,33.55231690034388,5,2.083531987819491,0.5330291214201528,0.7868529782587428
广东,CEG2000_f4_r0014_c0107,1,37.78487336212216,,,,6,36.547794389695284,4,,0.4666395009932312,0.8907612978039318
广东,CEG2000_f4_r0014_c0107,2,36.8922252605057,37.78487336212216,-0.8926481016164658,-0.023624483085109664,6,36.547794389695284,4,0.0,0.4666395009932312,0.8907612978039318
广东,CEG2000_f4_r0014_c0107,3,38.359105966560286,36.8922252605057,1.4668807060545888,0.039761242258946394,7,39.543271879046685,5,2.083531987819491,0.4666395009932312,0.8907612978039318
广东,CEG2000_f4_r0014_c0107,4,31.258656416256056,38.359105966560286,-7.10044955030423,-0.18510466736357403,4,30.55683941099248,1,-6.250595963458473,0.4666395009932312,0.8907612978039318
广东,CEG2000_f4_r0014_c0107,5,28.571448612749677,31.258656416256056,-2.6872078035063787,-0.08596683644114969,3,27.561361921641087,3,-2.083531987819491,0.4666395009932312,0.8907612978039318
广东,CEG2000_f4_r0014_c0107,6,20.345431252414325,28.571448612749677,-8.226017360335351,-0.2879104056580662,1,21.570406942938284,0,-8.334127951277964,0.4666395009932312,0.8907612978039318
广东,CEG2000_f4_r0014_c0107,7,22.95214784996858,20.345431252414325,2.6067165975542537,0.12812294638605526,1,21.570406942938284,5,2.083531987819491,0.4666395009932312,0.8907612978039318
广东,CEG2000_f4_r0014_c0107,8,20.112705804051476,22.95214784996858,-2.839442045917103,-0.12371138703347931,1,21.570406942938284,3,-2.083531987819491,0.4666395009932312,0.8907612978039318
广东,CEG2000_f4_r0014_c0107,9,27.799987146519904,20.112705804051476,7.687281342468427,0.3822102017183542,3,27.561361921641087,8,8.334127951277964,0.4666395009932312,0.8907612978039318
广东,CEG2000_f4_r0014_c0107,10,29.61870802306934,27.799987146519904,1.8187208765494347,0.06542164451241872,4,30.55683941099248,5,2.083531987819491,0.4666395009932312,0.8907612978039318
广东,CEG2000_f4_r0014_c0107,11,29.80903683171408,29.61870802306934,0.19032880864474322,0.0064259659299284915,4,30.55683941099248,4,0.0,0.4666395009932312,0.8907612978039318
广东,CEG2000_f4_r0014_c0107,12,31.763266787309504,29.80903683171408,1.954229955595423,0.06555830591333638,4,30.55683941099248,5,2.083531987819491,0.4666395009932312,0.8907612978039318
广东,CEG2000_f4_r0014_c0108,1,37.52553703141749,,,,6,36.547794389695284,4,,0.4206620403463009,0.9712891514812548
广东,CEG2000_f4_r0014_c0108,2,35.320059103033245,37.52553703141749,-2.205477928384248,-0.05877272126812619,6,36.547794389695284,3,-2.083531987819491,0.4206620403463009,0.9712891514812548
广东,CEG2000_f4_r0014_c0108,3,37.72003666140176,35.320059103033245,2.399977558368512,0.06794942079138268,6,36.547794389695284,5,2.083531987819491,0.4206620403463009,0.9712891514812548
广东,CEG2000_f4_r0014_c0108,4,31.38281917420953,37.72003666140176,-6.337217487192227,-0.16800666298601424,4,30.55683941099248,1,-6.250595963458473,0.4206620403463009,0.9712891514812548
广东,CEG2000_f4_r0014_c0108,5,28.730421625604055,31.38281917420953,-2.6523975486054745,-0.08451750411209777,3,27.561361921641087,3,-2.083531987819491,0.4206620403463009,0.9712891514812548
广东,CEG2000_f4_r0014_c0108,6,20.20443788255827,28.730421625604055,-8.525983743045785,-0.2967580446312551,1,21.570406942938284,0,-8.334127951277964,0.4206620403463009,0.9712891514812548
广东,CEG2000_f4_r0014_c0108,7,23.15132649069597,20.20443788255827,2.946888608137698,0.14585353105426585,2,24.565884432289685,5,2.083531987819491,0.4206620403463009,0.9712891514812548
广东,CEG2000_f4_r0014_c0108,8,19.634880459176397,23.15132649069597,-3.516446031519571,-0.1518896134496983,0,18.574929453586883,2,-4.167063975638982,0.4206620403463009,0.9712891514812548
广东,CEG2000_f4_r0014_c0108,9,27.15884451225999,19.634880459176397,7.523964053083592,0.3831937794949627,3,27.561361921641087,8,8.334127951277964,0.4206620403463009,0.9712891514812548
广东,CEG2000_f4_r0014_c0108,10,28.96699937648076,27.15884451225999,1.8081548642207714,0.066577017420772,3,27.561361921641087,5,2.083531987819491,0.4206620403463009,0.9712891514812548
广东,CEG2000_f4_r0014_c0108,11,29.44882927719211,28.96699937648076,0.48182990071135023,0.016633752583381605,4,30.55683941099248,4,0.0,0.4206620403463009,0.9712891514812548
广东,CEG2000_f4_r0014_c0108,12,31.484357257612658,29.44882927719211,2.0355279804205466,0.06912084556098287,4,30.55683941099248,5,2.083531987819491,0.4206620403463009,0.9712891514812548
广东,CEG2000_f4_r0015_c0096,1,40.71668650921861,,,,7,39.543271879046685,4,,2.3074868431887197,0.8912504863386314
广东,CEG2000_f4_r0015_c0096,2,40.159429610407265,40.71668650921861,-0.557256898811346,-0.013686204516793825,7,39.543271879046685,4,0.0,2.3074868431887197,0.8912504863386314
广东,CEG2000_f4_r0015_c0096,3,39.34032676187105,40.159429610407265,-0.8191028485362182,-0.02039627695120323,7,39.543271879046685,4,0.0,2.3074868431887197,0.8912504863386314
广东,CEG2000_f4_r0015_c0096,4,32.20385489082542,39.34032676187105,-7.136471871045629,-0.18140347217355482,5,33.55231690034388,1,-6.250595963458473,2.3074868431887197,0.8912504863386314
广东,CEG2000_f4_r0015_c0096,5,29.7662106297406,32.20385489082542,-2.43764426108482,-0.07569417603416424,4,30.55683941099248,3,-2.083531987819491,2.3074868431887197,0.8912504863386314
广东,CEG2000_f4_r0015_c0096,6,22.256848369020496,29.7662106297406,-7.509362260720103,-0.2522780730852318,1,21.570406942938284,0,-8.334127951277964,2.3074868431887197,0.8912504863386314
广东,CEG2000_f4_r0015_c0096,7,24.133176195486858,22.256848369020496,1.8763278264663619,0.08430339261681088,2,24.565884432289685,5,2.083531987819491,2.3074868431887197,0.8912504863386314
广东,CEG2000_f4_r0015_c0096,8,26.89320591459457,24.133176195486858,2.760029719107713,0.11436661700683502,3,27.561361921641087,5,2.083531987819491,2.3074868431887197,0.8912504863386314
广东,CEG2000_f4_r0015_c0096,9,35.32636597606919,26.89320591459457,8.43316006147462,0.3135795742707663,6,36.547794389695284,8,8.334127951277964,2.3074868431887197,0.8912504863386314
广东,CEG2000_f4_r0015_c0096,10,29.583034327473488,35.32636597606919,-5.743331648595703,-0.1625791810141568,4,30.55683941099248,1,-6.250595963458473,2.3074868431887197,0.8912504863386314
广东,CEG2000_f4_r0015_c0096,11,30.023348708523933,29.583034327473488,0.4403143810504453,0.014884016838040493,4,30.55683941099248,4,0.0,2.3074868431887197,0.8912504863386314
广东,CEG2000_f4_r0015_c0096,12,35.45715428967257,30.023348708523933,5.43380558114864,0.18098599306498836,6,36.547794389695284,7,6.250595963458473,2.3074868431887197,0.8912504863386314
广东,CEG2000_f4_r0015_c0097,1,42.14449048811048,,,,8,42.538749368398086,4,,2.1796964615322754,0.7572270422474391
广东,CEG2000_f4_r0015_c0097,2,40.54152693210864,42.14449048811048,-1.6029635560018392,-0.03803494922910639,7,39.543271879046685,3,-2.083531987819491,2.1796964615322754,0.7572270422474391
广东,CEG2000_f4_r0015_c0097,3,40.265591372544264,40.54152693210864,-0.275935559564374,-0.006806244866565071,7,39.543271879046685,4,0.0,2.1796964615322754,0.7572270422474391
广东,CEG2000_f4_r0015_c0097,4,33.348340556066674,40.265591372544264,-6.9172508164775905,-0.17179061776289292,5,33.55231690034388,1,-6.250595963458473,2.1796964615322754,0.7572270422474391
广东,CEG2000_f4_r0015_c0097,5,30.50674150529496,33.348340556066674,-2.8415990507717126,-0.08520960873583179,4,30.55683941099248,3,-2.083531987819491,2.1796964615322754,0.7572270422474391
广东,CEG2000_f4_r0015_c0097,6,22.8446589752013,30.50674150529496,-7.662082530093663,-0.2511603059528262,1,21.570406942938284,0,-8.334127951277964,2.1796964615322754,0.7572270422474391
广东,CEG2000_f4_r0015_c0097,7,24.164766747502775,22.8446589752013,1.3201077723014762,0.05778627615910138,2,24.565884432289685,5,2.083531987819491,2.1796964615322754,0.7572270422474391
广东,CEG2000_f4_r0015_c0097,8,25.69840645631488,24.164766747502775,1.5336397088121068,0.0634659429920049,2,24.565884432289685,5,2.083531987819491,2.1796964615322754,0.7572270422474391
广东,CEG2000_f4_r0015_c0097,9,35.13230353294236,25.69840645631488,9.433897076627478,0.3671004695432888,6,36.547794389695284,8,8.334127951277964,2.1796964615322754,0.7572270422474391
广东,CEG2000_f4_r0015_c0097,10,30.29664174220092,35.13230353294236,-4.83566179074144,-0.13764146681151168,4,30.55683941099248,2,-4.167063975638982,2.1796964615322754,0.7572270422474391
广东,CEG2000_f4_r0015_c0097,11,30.816247233142754,30.29664174220092,0.5196054909418351,0.017150596932928842,4,30.55683941099248,4,0.0,2.1796964615322754,0.7572270422474391
广东,CEG2000_f4_r0015_c0097,12,37.32987056053055,30.816247233142754,6.513623327387798,0.2113697777055222,6,36.547794389695284,7,6.250595963458473,2.1796964615322754,0.7572270422474391
广东,CEG2000_f4_r0015_c0098,1,40.66478146497212,,,,7,39.543271879046685,4,,2.015530991471931,0.7642064775137012
广东,CEG2000_f4_r0015_c0098,2,40.95915942955594,40.66478146497212,0.29437796458381627,0.00723913799554998,7,39.543271879046685,4,0.0,2.015530991471931,0.7642064775137012
广东,CEG2000_f4_r0015_c0098,3,38.80106953427109,40.95915942955594,-2.1580898952848457,-0.05268882285039224,7,39.543271879046685,3,-2.083531987819491,2.015530991471931,0.7642064775137012
广东,CEG2000_f4_r0015_c0098,4,32.12411750159608,38.80106953427109,-6.676952032675011,-0.1720816491096356,5,33.55231690034388,1,-6.250595963458473,2.015530991471931,0.7642064775137012
广东,CEG2000_f4_r0015_c0098,5,29.84381918754557,32.12411750159608,-2.280298314050512,-0.07098399867131652,4,30.55683941099248,3,-2.083531987819491,2.015530991471931,0.7642064775137012
广东,CEG2000_f4_r0015_c0098,6,21.60279509549757,29.84381918754557,-8.241024092048,-0.2761383869892613,1,21.570406942938284,0,-8.334127951277964,2.015530991471931,0.7642064775137012
广东,CEG2000_f4_r0015_c0098,7,23.984585000487048,21.60279509549757,2.3817899049894784,0.11025378403398774,2,24.565884432289685,5,2.083531987819491,2.015530991471931,0.7642064775137012
广东,CEG2000_f4_r0015_c0098,8,23.436110093608825,23.984585000487048,-0.5484749068782229,-0.022867808922567772,2,24.565884432289685,4,0.0,2.015530991471931,0.7642064775137012
广东,CEG2000_f4_r0015_c0098,9,33.1582902424345,23.436110093608825,9.722180148825672,0.4148376206628664,5,33.55231690034388,8,8.334127951277964,2.015530991471931,0.7642064775137012
广东,CEG2000_f4_r0015_c0098,10,30.03335174126965,33.1582902424345,-3.124938501164845,-0.09424305289317024,4,30.55683941099248,3,-2.083531987819491,2.015530991471931,0.7642064775137012
广东,CEG2000_f4_r0015_c0098,11,29.46873561006469,30.03335174126965,-0.5646161312049607,-0.01879963768509747,4,30.55683941099248,4,0.0,2.015530991471931,0.7642064775137012
广东,CEG2000_f4_r0015_c0098,12,34.003851520609274,29.46873561006469,4.535115910544583,0.15389584305733392,5,33.55231690034388,6,4.167063975638982,2.015530991471931,0.7642064775137012
广东,CEG2000_f4_r0015_c0099,1,42.139741713965456,,,,8,42.538749368398086,4,,1.8212939515487336,0.6272095621004055
广东,CEG2000_f4_r0015_c0099,2,41.61019215057857,42.139741713965456,-0.5295495633868867,-0.012566511844836242,8,42.538749368398086,4,0.0,1.8212939515487336,0.6272095621004055
广东,CEG2000_f4_r0015_c0099,3,40.16699324487727,41.61019215057857,-1.4431989057013013,-0.03468378373449146,7,39.543271879046685,3,-2.083531987819491,1.8212939515487336,0.6272095621004055
广东,CEG2000_f4_r0015_c0099,4,33.11335566527152,40.16699324487727,-7.053637579605748,-0.17560780655408753,5,33.55231690034388,1,-6.250595963458473,1.8212939515487336,0.6272095621004055
广东,CEG2000_f4_r0015_c0099,5,31.27609861792884,33.11335566527152,-1.8372570473426784,-0.055483867775731006,4,30.55683941099248,3,-2.083531987819491,1.8212939515487336,0.6272095621004055
广东,CEG2000_f4_r0015_c0099,6,22.63621720320813,31.27609861792884,-8.639881414720712,-0.27624549724907027,1,21.570406942938284,0,-8.334127951277964,1.8212939515487336,0.6272095621004055
广东,CEG2000_f4_r0015_c0099,7,25.572165351567072,22.63621720320813,2.9359481483589427,0.12970135963984494,2,24.565884432289685,5,2.083531987819491,1.8212939515487336,0.6272095621004055
广东,CEG2000_f4_r0015_c0099,8,24.92635489434814,25.572165351567072,-0.645810457218932,-0.025254429898301768,2,24.565884432289685,4,0.0,1.8212939515487336,0.6272095621004055
广东,CEG2000_f4_r0015_c0099,9,34.22962251718117,24.92635489434814,9.30326762283303,0.3732301679192762,5,33.55231690034388,8,8.334127951277964,1.8212939515487336,0.6272095621004055
广东,CEG2000_f4_r0015_c0099,10,31.164161561269363,34.22962251718117,-3.0654609559118065,-0.08955579204454076,4,30.55683941099248,3,-2.083531987819491,1.8212939515487336,0.6272095621004055
广东,CEG2000_f4_r0015_c0099,11,30.999229198976973,31.164161561269363,-0.16493236229239017,-0.005292372842058653,4,30.55683941099248,4,0.0,1.8212939515487336,0.6272095621004055
广东,CEG2000_f4_r0015_c0099,12,34.66283234429479,30.999229198976973,3.6636031453178184,0.11818368520720261,5,33.55231690034388,6,4.167063975638982,1.8212939515487336,0.6272095621004055
广东,CEG2000_f4_r0015_c0100,1,40.53425549316019,,,,7,39.543271879046685,4,,1.6059500897754009,0.6563737443589448
广东,CEG2000_f4_r0015_c0100,2,39.054941082015354,40.53425549316019,-1.4793144111448342,-0.0364954134014983,7,39.543271879046685,3,-2.083531987819491,1.6059500897754009,0.6563737443589448
广东,CEG2000_f4_r0015_c0100,3,37.53507362432958,39.054941082015354,-1.519867457685777,-0.03891613751238431,6,36.547794389695284,3,-2.083531987819491,1.6059500897754009,0.6563737443589448
广东,CEG2000_f4_r0015_c0100,4,31.607571836046663,37.53507362432958,-5.927501788282914,-0.15791901323035668,4,30.55683941099248,1,-6.250595963458473,1.6059500897754009,0.6563737443589448
广东,CEG2000_f4_r0015_c0100,5,30.116052657006453,31.607571836046663,-1.4915191790402105,-0.04718866690478313,4,30.55683941099248,3,-2.083531987819491,1.6059500897754009,0.6563737443589448
广东,CEG2000_f4_r0015_c0100,6,21.89588737185771,30.116052657006453,-8.220165285148742,-0.27294962519718974,1,21.570406942938284,0,-8.334127951277964,1.6059500897754009,0.6563737443589448
广东,CEG2000_f4_r0015_c0100,7,24.53808716966505,21.89588737185771,2.64219979780734,0.12067105356064717,2,24.565884432289685,5,2.083531987819491,1.6059500897754009,0.6563737443589448
广东,CEG2000_f4_r0015_c0100,8,24.435352729424807,24.53808716966505,-0.10273444024024414,-0.004186733852965055,2,24.565884432289685,4,0.0,1.6059500897754009,0.6563737443589448
广东,CEG2000_f4_r0015_c0100,9,32.98428225957314,24.435352729424807,8.548929530148335,0.3498590597324916,5,33.55231690034388,8,8.334127951277964,1.6059500897754009,0.6563737443589448
广东,CEG2000_f4_r0015_c0100,10,29.280549752510087,32.98428225957314,-3.703732507063055,-0.11228780053227043,4,30.55683941099248,2,-4.167063975638982,1.6059500897754009,0.6563737443589448
广东,CEG2000_f4_r0015_c0100,11,29.054642570299528,29.280549752510087,-0.22590718221055894,-0.007715264369009771,3,27.561361921641087,4,0.0,1.6059500897754009,0.6563737443589448
广东,CEG2000_f4_r0015_c0100,12,31.0719849531616,29.054642570299528,2.017342382862072,0.06943270349931119,4,30.55683941099248,5,2.083531987819491,1.6059500897754009,0.6563737443589448
广东,CEG2000_f4_r0015_c0101,1,39.164048879870094,,,,7,39.543271879046685,4,,1.3927397181297867,0.6553103845017145
广东,CEG2000_f4_r0015_c0101,2,37.53895739946966,39.164048879870094,-1.6250914804004353,-0.04149447074241895,6,36.547794389695284,3,-2.083531987819491,1.3927397181297867,0.6553103845017145
广东,CEG2000_f4_r0015_c0101,3,34.595417968690256,37.53895739946966,-2.9435394307794027,-0.07841292445753936,5,33.55231690034388,3,-2.083531987819491,1.3927397181297867,0.6553103845017145
广东,CEG2000_f4_r0015_c0101,4,29.93142394504603,34.595417968690256,-4.663994023644225,-0.13481536855155962,4,30.55683941099248,2,-4.167063975638982,1.3927397181297867,0.6553103845017145
广东,CEG2000_f4_r0015_c0101,5,28.493431378255,29.93142394504603,-1.4379925667910314,-0.04804290532355493,3,27.561361921641087,3,-2.083531987819491,1.3927397181297867,0.6553103845017145
广东,CEG2000_f4_r0015_c0101,6,20.161717829873968,28.493431378255,-8.331713548381032,-0.2924082199078153,1,21.570406942938284,0,-8.334127951277964,1.3927397181297867,0.6553103845017145
广东,CEG2000_f4_r0015_c0101,7,23.30839552740903,20.161717829873968,3.146677697535061,0.15607190439261948,2,24.565884432289685,6,4.167063975638982,1.3927397181297867,0.6553103845017145
广东,CEG2000_f4_r0015_c0101,8,22.361759927548736,23.30839552740903,-0.9466355998602936,-0.0406135033510615,1,21.570406942938284,4,0.0,1.3927397181297867,0.6553103845017145
广东,CEG2000_f4_r0015_c0101,9,29.984759625595625,22.361759927548736,7.62299969804689,0.3408944431361898,4,30.55683941099248,8,8.334127951277964,1.3927397181297867,0.6553103845017145
广东,CEG2000_f4_r0015_c0101,10,27.12355032431096,29.984759625595625,-2.861209301284667,-0.0954221190034913,3,27.561361921641087,3,-2.083531987819491,1.3927397181297867,0.6553103845017145
广东,CEG2000_f4_r0015_c0101,11,27.01034156889791,27.12355032431096,-0.11320875541304787,-0.004173817736226749,3,27.561361921641087,4,0.0,1.3927397181297867,0.6553103845017145
广东,CEG2000_f4_r0015_c0101,12,28.884993046133644,27.01034156889791,1.8746514772357337,0.06940495263467429,3,27.561361921641087,5,2.083531987819491,1.3927397181297867,0.6553103845017145
广东,CEG2000_f4_r0015_c0102,1,37.57893495686923,,,,6,36.547794389695284,4,,1.165594827246191,0.9155879276058616
广东,CEG2000_f4_r0015_c0102,2,35.12788346854667,37.57893495686923,-2.4510514883225625,-0.065224080755235,6,36.547794389695284,3,-2.083531987819491,1.165594827246191,0.9155879276058616
广东,CEG2000_f4_r0015_c0102,3,33.49374616626322,35.12788346854667,-1.634137302283449,-0.04651966304052014,5,33.55231690034388,3,-2.083531987819491,1.165594827246191,0.9155879276058616
广东,CEG2000_f4_r0015_c0102,4,29.241339646834053,33.49374616626322,-4.252406519429169,-0.1269612093648823,4,30.55683941099248,2,-4.167063975638982,1.165594827246191,0.9155879276058616
广东,CEG2000_f4_r0015_c0102,5,27.404943263063657,29.241339646834053,-1.8363963837703956,-0.06280137661097963,3,27.561361921641087,3,-2.083531987819491,1.165594827246191,0.9155879276058616
广东,CEG2000_f4_r0015_c0102,6,19.500979806930488,27.404943263063657,-7.9039634561331695,-0.28841378652975064,0,18.574929453586883,0,-8.334127951277964,1.165594827246191,0.9155879276058616
广东,CEG2000_f4_r0015_c0102,7,22.3459661813677,19.500979806930488,2.8449863744372124,0.14588940671720133,1,21.570406942938284,5,2.083531987819491,1.165594827246191,0.9155879276058616
广东,CEG2000_f4_r0015_c0102,8,21.11834707994267,22.3459661813677,-1.2276191014250308,-0.05493694438903396,1,21.570406942938284,3,-2.083531987819491,1.165594827246191,0.9155879276058616
广东,CEG2000_f4_r0015_c0102,9,28.276173009455377,21.11834707994267,7.157825929512708,0.338938739022379,3,27.561361921641087,7,6.250595963458473,1.165594827246191,0.9155879276058616
广东,CEG2000_f4_r0015_c0102,10,26.777133013326257,28.276173009455377,-1.4990399961291203,-0.05301424615091479,3,27.561361921641087,3,-2.083531987819491,1.165594827246191,0.9155879276058616
广东,CEG2000_f4_r0015_c0102,11,25.13885811698049,26.777133013326257,-1.6382748963457665,-0.06118186347770843,2,24.565884432289685,3,-2.083531987819491,1.165594827246191,0.9155879276058616
广东,CEG2000_f4_r0015_c0102,12,26.864995277499595,25.13885811698049,1.7261371605191052,0.06866410369503438,3,27.561361921641087,5,2.083531987819491,1.165594827246191,0.9155879276058616
广东,CEG2000_f4_r0015_c0103,1,38.593780293802894,,,,7,39.543271879046685,4,,1.0041322026943589,0.8771755302842753
广东,CEG2000_f4_r0015_c0103,2,35.190489440656144,38.593780293802894,-3.40329085314675,-0.08818236584336947,6,36.547794389695284,2,-4.167063975638982,1.0041322026943589,0.8771755302842753
广东,CEG2000_f4_r0015_c0103,3,36.14559012069576,35.190489440656144,0.9551006800396138,0.02714087514043412,6,36.547794389695284,4,0.0,1.0041322026943589,0.8771755302842753
广东,CEG2000_f4_r0015_c0103,4,30.823317468586534,36.14559012069576,-5.322272652109223,-0.14724542148398534,4,30.55683941099248,1,-6.250595963458473,1.0041322026943589,0.8771755302842753
广东,CEG2000_f4_r0015_c0103,5,29.620443079565348,30.823317468586534,-1.2028743890211864,-0.03902481912425848,4,30.55683941099248,3,-2.083531987819491,1.0041322026943589,0.8771755302842753
广东,CEG2000_f4_r0015_c0103,6,21.098776719765063,29.620443079565348,-8.521666359800285,-0.28769543848178425,1,21.570406942938284,0,-8.334127951277964,1.0041322026943589,0.8771755302842753
广东,CEG2000_f4_r0015_c0103,7,23.728981590609145,21.098776719765063,2.630204870844082,0.12466148657709336,2,24.565884432289685,5,2.083531987819491,1.0041322026943589,0.8771755302842753
广东,CEG2000_f4_r0015_c0103,8,21.67810619189836,23.728981590609145,-2.050875398710783,-0.08642913691342011,1,21.570406942938284,3,-2.083531987819491,1.0041322026943589,0.8771755302842753
广东,CEG2000_f4_r0015_c0103,9,30.917786571278352,21.67810619189836,9.23968037937999,0.42622175099562365,4,30.55683941099248,8,8.334127951277964,1.0041322026943589,0.8771755302842753
广东,CEG2000_f4_r0015_c0103,10,29.34444644878674,30.917786571278352,-1.5733401224916115,-0.05088786413815259,4,30.55683941099248,3,-2.083531987819491,1.0041322026943589,0.8771755302842753
广东,CEG2000_f4_r0015_c0103,11,27.24660285177227,29.34444644878674,-2.097843597014471,-0.07149031080466019,3,27.561361921641087,3,-2.083531987819491,1.0041322026943589,0.8771755302842753
广东,CEG2000_f4_r0015_c0103,12,29.04553810384524,27.24660285177227,1.798935252072969,0.06602420352583355,3,27.561361921641087,5,2.083531987819491,1.0041322026943589,0.8771755302842753
广东,CEG2000_f4_r0015_c0104,1,38.103742453370586,,,,7,39.543271879046685,4,,0.867667492167055,0.8952388256033594
广东,CEG2000_f4_r0015_c0104,2,35.838867096871354,38.103742453370586,-2.264875356499232,-0.05943970882311286,6,36.547794389695284,3,-2.083531987819491,0.867667492167055,0.8952388256033594
广东,CEG2000_f4_r0015_c0104,3,37.43999853470984,35.838867096871354,1.6011314378384824,0.04467583848313825,6,36.547794389695284,5,2.083531987819491,0.867667492167055,0.8952388256033594
广东,CEG2000_f4_r0015_c0104,4,31.194994525138295,37.43999853470984,-6.245004009571542,-0.166800327296539,4,30.55683941099248,1,-6.250595963458473,0.867667492167055,0.8952388256033594
广东,CEG2000_f4_r0015_c0104,5,30.343939232137085,31.194994525138295,-0.8510552930012096,-0.027281790106274646,4,30.55683941099248,4,0.0,0.867667492167055,0.8952388256033594
广东,CEG2000_f4_r0015_c0104,6,21.673078751809307,30.343939232137085,-8.670860480327779,-0.2857526313242983,1,21.570406942938284,0,-8.334127951277964,0.867667492167055,0.8952388256033594
广东,CEG2000_f4_r0015_c0104,7,24.8038486216622,21.673078751809307,3.1307698698528945,0.14445432075918296,2,24.565884432289685,6,4.167063975638982,0.867667492167055,0.8952388256033594
广东,CEG2000_f4_r0015_c0104,8,21.922219526802056,24.8038486216622,-2.881629094860145,-0.11617669252921911,1,21.570406942938284,3,-2.083531987819491,0.867667492167055,0.8952388256033594
广东,CEG2000_f4_r0015_c0104,9,30.70223620057653,21.922219526802056,8.780016673774472,0.40050765220373985,4,30.55683941099248,8,8.334127951277964,0.867667492167055,0.8952388256033594
广东,CEG2000_f4_r0015_c0104,10,30.285989299077183,30.70223620057653,-0.4162469014993455,-0.013557543456444688,4,30.55683941099248,4,0.0,0.867667492167055,0.8952388256033594
广东,CEG2000_f4_r0015_c0104,11,28.046967891034008,30.285989299077183,-2.2390214080431754,-0.07392928082793052,3,27.561361921641087,3,-2.083531987819491,0.867667492167055,0.8952388256033594
广东,CEG2000_f4_r0015_c0104,12,29.2784025055934,28.046967891034008,1.2314346145593937,0.04390615838915892,4,30.55683941099248,5,2.083531987819491,0.867667492167055,0.8952388256033594
广东,CEG2000_f4_r0015_c0105,1,37.9074341334861,,,,6,36.547794389695284,4,,0.7485093238457529,0.8344620227433497
广东,CEG2000_f4_r0015_c0105,2,36.277941049837246,37.9074341334861,-1.6294930836488533,-0.04298610868545746,6,36.547794389695284,3,-2.083531987819491,0.7485093238457529,0.8344620227433497
广东,CEG2000_f4_r0015_c0105,3,38.0267657031138,36.277941049837246,1.7488246532765572,0.04820628190762229,6,36.547794389695284,5,2.083531987819491,0.7485093238457529,0.8344620227433497
广东,CEG2000_f4_r0015_c0105,4,30.583269700300228,38.0267657031138,-7.443496002813575,-0.19574359967732063,4,30.55683941099248,0,-8.334127951277964,0.7485093238457529,0.8344620227433497
广东,CEG2000_f4_r0015_c0105,5,30.019675893950673,30.583269700300228,-0.5635938063495551,-0.018428173699950156,4,30.55683941099248,4,0.0,0.7485093238457529,0.8344620227433497
广东,CEG2000_f4_r0015_c0105,6,21.322717657437007,30.019675893950673,-8.696958236513666,-0.2897085986949715,1,21.570406942938284,0,-8.334127951277964,0.7485093238457529,0.8344620227433497
广东,CEG2000_f4_r0015_c0105,7,24.871333374585102,21.322717657437007,3.5486157171480954,0.1664241760435447,2,24.565884432289685,6,4.167063975638982,0.7485093238457529,0.8344620227433497
广东,CEG2000_f4_r0015_c0105,8,20.967719206709756,24.871333374585102,-3.9036141678753467,-0.15695234787308487,1,21.570406942938284,2,-4.167063975638982,0.7485093238457529,0.8344620227433497
广东,CEG2000_f4_r0015_c0105,9,30.405773412384892,20.967719206709756,9.438054205675137,0.4501230731216069,4,30.55683941099248,8,8.334127951277964,0.7485093238457529,0.8344620227433497
广东,CEG2000_f4_r0015_c0105,10,30.310779470245876,30.405773412384892,-0.09499394213901624,-0.003124207394781258,4,30.55683941099248,4,0.0,0.7485093238457529,0.8344620227433497
广东,CEG2000_f4_r0015_c0105,11,29.04989897839291,30.310779470245876,-1.2608804918529657,-0.04159841857879934,3,27.561361921641087,3,-2.083531987819491,0.7485093238457529,0.8344620227433497
广东,CEG2000_f4_r0015_c0105,12,30.501781618621553,29.04989897839291,1.4518826402286429,0.049978922174859955,4,30.55683941099248,5,2.083531987819491,0.7485093238457529,0.8344620227433497
广东,CEG2000_f4_r0015_c0106,1,39.14818697538479,,,,7,39.543271879046685,4,,0.6597842998632214,0.892412241742516
广东,CEG2000_f4_r0015_c0106,2,38.20258450868407,39.14818697538479,-0.9456024667007199,-0.02415443829608984,7,39.543271879046685,4,0.0,0.6597842998632214,0.892412241742516
广东,CEG2000_f4_r0015_c0106,3,39.17339999674748,38.20258450868407,0.9708154880634083,0.025412298684732344,7,39.543271879046685,4,0.0,0.6597842998632214,0.892412241742516
广东,CEG2000_f4_r0015_c0106,4,31.10922455274183,39.17339999674748,-8.064175444005649,-0.2058584510069386,4,30.55683941099248,0,-8.334127951277964,0.6597842998632214,0.892412241742516
广东,CEG2000_f4_r0015_c0106,5,30.364760503259543,31.10922455274183,-0.7444640494822856,-0.0239306527303546,4,30.55683941099248,4,0.0,0.6597842998632214,0.892412241742516
广东,CEG2000_f4_r0015_c0106,6,21.692840396435948,30.364760503259543,-8.671920106823595,-0.2855915858744447,1,21.570406942938284,0,-8.334127951277964,0.6597842998632214,0.892412241742516
广东,CEG2000_f4_r0015_c0106,7,25.030814131544545,21.692840396435948,3.337973735108598,0.1538744430930776,2,24.565884432289685,6,4.167063975638982,0.6597842998632214,0.892412241742516
广东,CEG2000_f4_r0015_c0106,8,20.696595719710288,25.030814131544545,-4.334218411834257,-0.17315531125182826,1,21.570406942938284,2,-4.167063975638982,0.6597842998632214,0.892412241742516
广东,CEG2000_f4_r0015_c0106,9,30.767757378514627,20.696595719710288,10.07116165880434,0.48660957556479323,4,30.55683941099248,8,8.334127951277964,0.6597842998632214,0.892412241742516
广东,CEG2000_f4_r0015_c0106,10,30.641182084062407,30.767757378514627,-0.12657529445221982,-0.004113894064330096,4,30.55683941099248,4,0.0,0.6597842998632214,0.892412241742516
广东,CEG2000_f4_r0015_c0106,11,30.244593557969285,30.641182084062407,-0.39658852609312234,-0.012942990417442232,4,30.55683941099248,4,0.0,0.6597842998632214,0.892412241742516
广东,CEG2000_f4_r0015_c0106,12,32.417473196875164,30.244593557969285,2.1728796389058793,0.07184357213269071,5,33.55231690034388,5,2.083531987819491,0.6597842998632214,0.892412241742516
广东,CEG2000_f4_r0015_c0107,1,38.32640579948306,,,,7,39.543271879046685,4,,0.577342061735907,0.9395223279972308
广东,CEG2000_f4_r0015_c0107,2,38.31215220260975,38.32640579948306,-0.01425359687330996,-0.0003719001710695817,7,39.543271879046685,4,0.0,0.577342061735907,0.9395223279972308
广东,CEG2000_f4_r0015_c0107,3,38.70393590274487,38.31215220260975,0.39178370013511454,0.010226094792670691,7,39.543271879046685,4,0.0,0.577342061735907,0.9395223279972308
广东,CEG2000_f4_r0015_c0107,4,30.840398030691265,38.70393590274487,-7.863537872053602,-0.20317152993982512,4,30.55683941099248,0,-8.334127951277964,0.577342061735907,0.9395223279972308
广东,CEG2000_f4_r0015_c0107,5,29.725994299484658,30.840398030691265,-1.1144037312066075,-0.03613454437577598,4,30.55683941099248,3,-2.083531987819491,0.577342061735907,0.9395223279972308
广东,CEG2000_f4_r0015_c0107,6,20.877859847996945,29.725994299484658,-8.848134451487713,-0.2976564673445123,1,21.570406942938284,0,-8.334127951277964,0.577342061735907,0.9395223279972308
广东,CEG2000_f4_r0015_c0107,7,24.191342896172017,20.877859847996945,3.3134830481750726,0.15870798407016673,2,24.565884432289685,6,4.167063975638982,0.577342061735907,0.9395223279972308
广东,CEG2000_f4_r0015_c0107,8,20.47603217700885,24.191342896172017,-3.715310719163167,-0.1535801768057725,1,21.570406942938284,2,-4.167063975638982,0.577342061735907,0.9395223279972308
广东,CEG2000_f4_r0015_c0107,9,29.880877620865547,20.47603217700885,9.404845443856697,0.4593099562725224,4,30.55683941099248,8,8.334127951277964,0.577342061735907,0.9395223279972308
广东,CEG2000_f4_r0015_c0107,10,30.28790415986032,29.880877620865547,0.40702653899477426,0.013621639369472579,4,30.55683941099248,4,0.0,0.577342061735907,0.9395223279972308
广东,CEG2000_f4_r0015_c0107,11,30.50918980124476,30.28790415986032,0.22128564138443707,0.007306073085033744,4,30.55683941099248,4,0.0,0.577342061735907,0.9395223279972308
广东,CEG2000_f4_r0015_c0107,12,32.36053264218932,30.50918980124476,1.851342840944561,0.06068148164554101,5,33.55231690034388,5,2.083531987819491,0.577342061735907,0.9395223279972308
广东,CEG2000_f4_r0016_c0096,1,40.771994361963515,,,,7,39.543271879046685,4,,2.1924384603687703,0.9479783435129472
广东,CEG2000_f4_r0016_c0096,2,38.46305541167473,40.771994361963515,-2.308938950288784,-0.05663051284150107,7,39.543271879046685,3,-2.083531987819491,2.1924384603687703,0.9479783435129472
广东,CEG2000_f4_r0016_c0096,3,39.25115070983129,38.46305541167473,0.7880952981565628,0.020489669625085256,7,39.543271879046685,4,0.0,2.1924384603687703,0.9479783435129472
广东,CEG2000_f4_r0016_c0096,4,33.66989823060918,39.25115070983129,-5.581252479222115,-0.14219334664815753,5,33.55231690034388,1,-6.250595963458473,2.1924384603687703,0.9479783435129472
广东,CEG2000_f4_r0016_c0096,5,31.069390895727665,33.66989823060918,-2.600507334881513,-0.07723537852922292,4,30.55683941099248,3,-2.083531987819491,2.1924384603687703,0.9479783435129472
广东,CEG2000_f4_r0016_c0096,6,22.798292518310895,31.069390895727665,-8.27109837741677,-0.2662137280120971,1,21.570406942938284,0,-8.334127951277964,2.1924384603687703,0.9479783435129472
广东,CEG2000_f4_r0016_c0096,7,24.83623870142822,22.798292518310895,2.037946183117324,0.08939029892175071,2,24.565884432289685,5,2.083531987819491,2.1924384603687703,0.9479783435129472
广东,CEG2000_f4_r0016_c0096,8,26.896244455996467,24.83623870142822,2.060005754568248,0.08294354790726773,3,27.561361921641087,5,2.083531987819491,2.1924384603687703,0.9479783435129472
广东,CEG2000_f4_r0016_c0096,9,37.49803589287207,26.896244455996467,10.601791436875601,0.3941736718752923,6,36.547794389695284,8,8.334127951277964,2.1924384603687703,0.9479783435129472
广东,CEG2000_f4_r0016_c0096,10,29.351449112698365,37.49803589287207,-8.146586780173703,-0.21725369305868825,4,30.55683941099248,0,-8.334127951277964,2.1924384603687703,0.9479783435129472
广东,CEG2000_f4_r0016_c0096,11,29.948638541781705,29.351449112698365,0.5971894290833397,0.020346165083378342,4,30.55683941099248,4,0.0,2.1924384603687703,0.9479783435129472
广东,CEG2000_f4_r0016_c0096,12,37.194669044044375,29.948638541781705,7.24603050226267,0.2419485778010792,6,36.547794389695284,7,6.250595963458473,2.1924384603687703,0.9479783435129472
广东,CEG2000_f4_r0016_c0097,1,40.12263346604688,,,,7,39.543271879046685,4,,2.088692872923956,0.8852412457541968
广东,CEG2000_f4_r0016_c0097,2,38.33844309091602,40.12263346604688,-1.784190375130855,-0.044468426446651284,7,39.543271879046685,3,-2.083531987819491,2.088692872923956,0.8852412457541968
广东,CEG2000_f4_r0016_c0097,3,38.16911505539208,38.33844309091602,-0.1693280355239395,-0.004416664367992042,7,39.543271879046685,4,0.0,2.088692872923956,0.8852412457541968
广东,CEG2000_f4_r0016_c0097,4,32.10322642886027,38.16911505539208,-6.065888626531816,-0.1589213849398612,5,33.55231690034388,1,-6.250595963458473,2.088692872923956,0.8852412457541968
广东,CEG2000_f4_r0016_c0097,5,30.474147055582293,32.10322642886027,-1.6290793732779747,-0.05074503576417663,4,30.55683941099248,3,-2.083531987819491,2.088692872923956,0.8852412457541968
广东,CEG2000_f4_r0016_c0097,6,22.17640115703322,30.474147055582293,-8.297745898549074,-0.2722880441383537,1,21.570406942938284,0,-8.334127951277964,2.088692872923956,0.8852412457541968
广东,CEG2000_f4_r0016_c0097,7,24.369076832794708,22.17640115703322,2.192675675761489,0.09887427902457854,2,24.565884432289685,5,2.083531987819491,2.088692872923956,0.8852412457541968
广东,CEG2000_f4_r0016_c0097,8,25.99516928953971,24.369076832794708,1.6260924567450026,0.06672770035164759,2,24.565884432289685,5,2.083531987819491,2.088692872923956,0.8852412457541968
广东,CEG2000_f4_r0016_c0097,9,36.03218800554681,25.99516928953971,10.037018716007097,0.3861109194640225,6,36.547794389695284,8,8.334127951277964,2.088692872923956,0.8852412457541968
广东,CEG2000_f4_r0016_c0097,10,28.6659356873564,36.03218800554681,-7.3662523181904085,-0.20443533201637507,3,27.561361921641087,0,-8.334127951277964,2.088692872923956,0.8852412457541968
广东,CEG2000_f4_r0016_c0097,11,28.7493236612438,28.6659356873564,0.08338797388740105,0.0029089569863292738,3,27.561361921641087,4,0.0,2.088692872923956,0.8852412457541968
广东,CEG2000_f4_r0016_c0097,12,35.31723239067838,28.7493236612438,6.567908729434578,0.22845437363413879,6,36.547794389695284,7,6.250595963458473,2.088692872923956,0.8852412457541968
广东,CEG2000_f4_r0016_c0098,1,38.64916878684454,,,,7,39.543271879046685,4,,1.9301926896460135,0.959090310523086
广东,CEG2000_f4_r0016_c0098,2,36.99175867053253,38.64916878684454,-1.6574101163120076,-0.04288346084369502,6,36.547794389695284,3,-2.083531987819491,1.9301926896460135,0.959090310523086
广东,CEG2000_f4_r0016_c0098,3,33.86093084800651,36.99175867053253,-3.1308278225260224,-0.0846358198433,5,33.55231690034388,2,-4.167063975638982,1.9301926896460135,0.959090310523086
广东,CEG2000_f4_r0016_c0098,4,29.955772211893223,33.86093084800651,-3.9051586361132884,-0.1153293349684507,4,30.55683941099248,2,-4.167063975638982,1.9301926896460135,0.959090310523086
广东,CEG2000_f4_r0016_c0098,5,28.123777809135145,29.955772211893223,-1.8319944027580775,-0.06115664085704083,3,27.561361921641087,3,-2.083531987819491,1.9301926896460135,0.959090310523086
广东,CEG2000_f4_r0016_c0098,6,20.73524488697368,28.123777809135145,-7.388532922161467,-0.2627148092373824,1,21.570406942938284,0,-8.334127951277964,1.9301926896460135,0.959090310523086
广东,CEG2000_f4_r0016_c0098,7,22.917307853028134,20.73524488697368,2.182062966054456,0.10523449218703342,1,21.570406942938284,5,2.083531987819491,1.9301926896460135,0.959090310523086
广东,CEG2000_f4_r0016_c0098,8,22.14178924990111,22.917307853028134,-0.7755186031270256,-0.03383986496583864,1,21.570406942938284,4,0.0,1.9301926896460135,0.959090310523086
广东,CEG2000_f4_r0016_c0098,9,30.957377828772067,22.14178924990111,8.815588578870958,0.39814255656463404,4,30.55683941099248,8,8.334127951277964,1.9301926896460135,0.959090310523086
广东,CEG2000_f4_r0016_c0098,10,25.678933993003177,30.957377828772067,-5.27844383576889,-0.17050681310815208,2,24.565884432289685,1,-6.250595963458473,1.9301926896460135,0.959090310523086
广东,CEG2000_f4_r0016_c0098,11,26.351108256133557,25.678933993003177,0.6721742631303798,0.026176096847070413,3,27.561361921641087,4,0.0,1.9301926896460135,0.959090310523086
广东,CEG2000_f4_r0016_c0098,12,30.26752472949739,26.351108256133557,3.9164164733638316,0.1486243551996427,4,30.55683941099248,6,4.167063975638982,1.9301926896460135,0.959090310523086
广东,CEG2000_f4_r0016_c0099,1,42.86371906671499,,,,8,42.538749368398086,4,,1.774374342690311,0.7750035704761701
广东,CEG2000_f4_r0016_c0099,2,43.46945914186179,42.86371906671499,0.6057400751467981,0.014131766639380903,8,42.538749368398086,4,0.0,1.774374342690311,0.7750035704761701
广东,CEG2000_f4_r0016_c0099,3,40.28704403573829,43.46945914186179,-3.1824151061235,-0.0732103681285232,7,39.543271879046685,2,-4.167063975638982,1.774374342690311,0.7750035704761701
广东,CEG2000_f4_r0016_c0099,4,34.17175698709277,40.28704403573829,-6.11528704864552,-0.15179289508609023,5,33.55231690034388,1,-6.250595963458473,1.774374342690311,0.7750035704761701
广东,CEG2000_f4_r0016_c0099,5,32.694713779910174,34.17175698709277,-1.4770432071825965,-0.04322409315214608,5,33.55231690034388,3,-2.083531987819491,1.774374342690311,0.7750035704761701
广东,CEG2000_f4_r0016_c0099,6,22.993165388211462,32.694713779910174,-9.701548391698712,-0.29673140609232046,1,21.570406942938284,0,-8.334127951277964,1.774374342690311,0.7750035704761701
广东,CEG2000_f4_r0016_c0099,7,26.106869681444017,22.993165388211462,3.113704293232555,0.13541868814760682,3,27.561361921641087,5,2.083531987819491,1.774374342690311,0.7750035704761701
广东,CEG2000_f4_r0016_c0099,8,24.320059554142407,26.106869681444017,-1.7868101273016102,-0.06844214373857396,2,24.565884432289685,3,-2.083531987819491,1.774374342690311,0.7750035704761701
广东,CEG2000_f4_r0016_c0099,9,34.52618837976386,24.320059554142407,10.206128825621452,0.419658874720274,5,33.55231690034388,8,8.334127951277964,1.774374342690311,0.7750035704761701
广东,CEG2000_f4_r0016_c0099,10,30.436708757504327,34.52618837976386,-4.089479622259532,-0.11844573102823062,4,30.55683941099248,2,-4.167063975638982,1.774374342690311,0.7750035704761701
广东,CEG2000_f4_r0016_c0099,11,31.48967417238237,30.436708757504327,1.0529654148780416,0.0345952456051421,4,30.55683941099248,5,2.083531987819491,1.774374342690311,0.7750035704761701
广东,CEG2000_f4_r0016_c0099,12,36.24733379220391,31.48967417238237,4.757659619821542,0.15108634004203794,6,36.547794389695284,6,4.167063975638982,1.774374342690311,0.7750035704761701
广东,CEG2000_f4_r0016_c0100,1,41.49919208530974,,,,8,42.538749368398086,4,,1.599162491308562,0.8106096180762856
广东,CEG2000_f4_r0016_c0100,2,41.036820851590896,41.49919208530974,-0.4623712337188408,-0.011141692415802842,7,39.543271879046685,4,0.0,1.599162491308562,0.8106096180762856
广东,CEG2000_f4_r0016_c0100,3,39.278085754756745,41.036820851590896,-1.758735096834151,-0.042857488965692365,7,39.543271879046685,3,-2.083531987819491,1.599162491308562,0.8106096180762856
广东,CEG2000_f4_r0016_c0100,4,33.298951496216475,39.278085754756745,-5.97913425854027,-0.15222570407001496,5,33.55231690034388,1,-6.250595963458473,1.599162491308562,0.8106096180762856
广东,CEG2000_f4_r0016_c0100,5,32.14542074275907,33.298951496216475,-1.153530753457403,-0.034641653914792805,5,33.55231690034388,3,-2.083531987819491,1.599162491308562,0.8106096180762856
广东,CEG2000_f4_r0016_c0100,6,22.991972210570932,32.14542074275907,-9.15344853218814,-0.28475124358887116,1,21.570406942938284,0,-8.334127951277964,1.599162491308562,0.8106096180762856
广东,CEG2000_f4_r0016_c0100,7,25.538489906250145,22.991972210570932,2.5465176956792135,0.11075681861290745,2,24.565884432289685,5,2.083531987819491,1.599162491308562,0.8106096180762856
广东,CEG2000_f4_r0016_c0100,8,24.821435735489903,25.538489906250145,-0.7170541707602425,-0.02807739116104726,2,24.565884432289685,4,0.0,1.599162491308562,0.8106096180762856
广东,CEG2000_f4_r0016_c0100,9,34.44482061899942,24.821435735489903,9.62338488350952,0.38770460283044467,5,33.55231690034388,8,8.334127951277964,1.599162491308562,0.8106096180762856
广东,CEG2000_f4_r0016_c0100,10,30.24317403659898,34.44482061899942,-4.201646582400443,-0.12198195568720296,4,30.55683941099248,2,-4.167063975638982,1.599162491308562,0.8106096180762856
广东,CEG2000_f4_r0016_c0100,11,30.244353118547295,30.24317403659898,0.001179081948315286,3.898671306419134e-05,4,30.55683941099248,4,0.0,1.599162491308562,0.8106096180762856
广东,CEG2000_f4_r0016_c0100,12,33.735589735594566,30.244353118547295,3.491236617047271,0.11543432928992871,5,33.55231690034388,6,4.167063975638982,1.599162491308562,0.8106096180762856
广东,CEG2000_f4_r0016_c0101,1,41.148962429662966,,,,8,42.538749368398086,4,,1.435686823893252,0.8423880483261807
广东,CEG2000_f4_r0016_c0101,2,37.324679371887456,41.148962429662966,-3.82428305777551,-0.09293753309849453,6,36.547794389695284,2,-4.167063975638982,1.435686823893252,0.8423880483261807
广东,CEG2000_f4_r0016_c0101,3,35.701840425621924,37.324679371887456,-1.6228389462655315,-0.043478978884084835,6,36.547794389695284,3,-2.083531987819491,1.435686823893252,0.8423880483261807
广东,CEG2000_f4_r0016_c0101,4,31.06709668102194,35.701840425621924,-4.634743744599984,-0.1298180623000543,4,30.55683941099248,2,-4.167063975638982,1.435686823893252,0.8423880483261807
广东,CEG2000_f4_r0016_c0101,5,30.272224838761705,31.06709668102194,-0.7948718422602354,-0.025585649358274325,4,30.55683941099248,4,0.0,1.435686823893252,0.8423880483261807
广东,CEG2000_f4_r0016_c0101,6,21.27347366752225,30.272224838761705,-8.998751171239455,-0.2972609783116143,1,21.570406942938284,0,-8.334127951277964,1.435686823893252,0.8423880483261807
广东,CEG2000_f4_r0016_c0101,7,24.302221809646504,21.27347366752225,3.028748142124254,0.14237205401711983,2,24.565884432289685,5,2.083531987819491,1.435686823893252,0.8423880483261807
广东,CEG2000_f4_r0016_c0101,8,22.657109284817732,24.302221809646504,-1.6451125248287717,-0.06769391447887131,1,21.570406942938284,3,-2.083531987819491,1.435686823893252,0.8423880483261807
广东,CEG2000_f4_r0016_c0101,9,31.427453551569226,22.657109284817732,8.770344266751493,0.38709016920478906,4,30.55683941099248,8,8.334127951277964,1.435686823893252,0.8423880483261807
广东,CEG2000_f4_r0016_c0101,10,27.269324241764412,31.427453551569226,-4.1581293098048135,-0.13230882047066747,3,27.561361921641087,2,-4.167063975638982,1.435686823893252,0.8423880483261807
广东,CEG2000_f4_r0016_c0101,11,27.463412999949455,27.269324241764412,0.19408875818504256,0.007117475903117004,3,27.561361921641087,4,0.0,1.435686823893252,0.8423880483261807
广东,CEG2000_f4_r0016_c0101,12,31.231892670907232,27.463412999949455,3.7684796709577775,0.13721818446107603,4,30.55683941099248,6,4.167063975638982,1.435686823893252,0.8423880483261807
广东,CEG2000_f4_r0016_c0105,1,37.274788487649545,,,,6,36.547794389695284,4,,0.8097361461682917,0.955477689025774
广东,CEG2000_f4_r0016_c0105,2,35.356492385276574,37.274788487649545,-1.9182961023729703,-0.05146363481065948,6,36.547794389695284,3,-2.083531987819491,0.8097361461682917,0.955477689025774
广东,CEG2000_f4_r0016_c0105,3,34.01669187694901,35.356492385276574,-1.3398005083275635,-0.03789404485399388,5,33.55231690034388,3,-2.083531987819491,0.8097361461682917,0.955477689025774
广东,CEG2000_f4_r0016_c0105,4,28.90521652916093,34.01669187694901,-5.11147534778808,-0.1502637401155345,3,27.561361921641087,2,-4.167063975638982,0.8097361461682917,0.955477689025774
广东,CEG2000_f4_r0016_c0105,5,28.681126507787983,28.90521652916093,-0.2240900213729482,-0.0077525806162661234,3,27.561361921641087,4,0.0,0.8097361461682917,0.955477689025774
广东,CEG2000_f4_r0016_c0105,6,20.218813792822864,28.681126507787983,-8.462312714965119,-0.2950481290428843,1,21.570406942938284,0,-8.334127951277964,0.8097361461682917,0.955477689025774
广东,CEG2000_f4_r0016_c0105,7,23.12237899473004,20.218813792822864,2.9035652019071776,0.14360709939066085,2,24.565884432289685,5,2.083531987819491,0.8097361461682917,0.955477689025774
广东,CEG2000_f4_r0016_c0105,8,19.17318069504312,23.12237899473004,-3.9491982996869233,-0.17079550078246744,0,18.574929453586883,2,-4.167063975638982,0.8097361461682917,0.955477689025774
广东,CEG2000_f4_r0016_c0105,9,28.710303790262763,19.17318069504312,9.537123095219645,0.497419976732671,3,27.561361921641087,8,8.334127951277964,0.8097361461682917,0.955477689025774
广东,CEG2000_f4_r0016_c0105,10,27.86545522660286,28.710303790262763,-0.8448485636599017,-0.0294266675069609,3,27.561361921641087,4,0.0,0.8097361461682917,0.955477689025774
广东,CEG2000_f4_r0016_c0105,11,25.990255469972013,27.86545522660286,-1.875199756630849,-0.06729478278325829,2,24.565884432289685,3,-2.083531987819491,0.8097361461682917,0.955477689025774
广东,CEG2000_f4_r0016_c0105,12,27.65441599990963,25.990255469972013,1.664160529937618,0.06403017207200273,3,27.561361921641087,5,2.083531987819491,0.8097361461682917,0.955477689025774
广东,CEG2000_f4_r0016_c0106,1,37.73881957037228,,,,6,36.547794389695284,4,,0.7368572413087463,0.9889578829792386
广东,CEG2000_f4_r0016_c0106,2,37.056342742815986,37.73881957037228,-0.6824768275562931,-0.018084212366093377,6,36.547794389695284,4,0.0,0.7368572413087463,0.9889578829792386
广东,CEG2000_f4_r0016_c0106,3,35.54495649537034,37.056342742815986,-1.5113862474456425,-0.04078616872515437,6,36.547794389695284,3,-2.083531987819491,0.7368572413087463,0.9889578829792386
广东,CEG2000_f4_r0016_c0106,4,29.277306864298488,35.54495649537034,-6.267649631071855,-0.17633020965683846,4,30.55683941099248,1,-6.250595963458473,0.7368572413087463,0.9889578829792386
广东,CEG2000_f4_r0016_c0106,5,29.334758216102337,29.277306864298488,0.05745135180384864,0.001962316823406538,4,30.55683941099248,4,0.0,0.7368572413087463,0.9889578829792386
广东,CEG2000_f4_r0016_c0106,6,20.25241021348214,29.334758216102337,-9.082348002620197,-0.3096104605912431,1,21.570406942938284,0,-8.334127951277964,0.7368572413087463,0.9889578829792386
广东,CEG2000_f4_r0016_c0106,7,23.530196976106136,20.25241021348214,3.2777867626239967,0.16184674950154607,2,24.565884432289685,6,4.167063975638982,0.7368572413087463,0.9889578829792386
广东,CEG2000_f4_r0016_c0106,8,19.455672806351505,23.530196976106136,-4.074524169754632,-0.17316149855830484,0,18.574929453586883,2,-4.167063975638982,0.7368572413087463,0.9889578829792386
广东,CEG2000_f4_r0016_c0106,9,29.76991236178897,19.455672806351505,10.314239555437464,0.5301404715271668,4,30.55683941099248,8,8.334127951277964,0.7368572413087463,0.9889578829792386
广东,CEG2000_f4_r0016_c0106,10,28.413629596253767,29.76991236178897,-1.3562827655352017,-0.04555884307123632,3,27.561361921641087,3,-2.083531987819491,0.7368572413087463,0.9889578829792386
广东,CEG2000_f4_r0016_c0106,11,27.136841894759797,28.413629596253767,-1.2767877014939693,-0.04493574807712384,3,27.561361921641087,3,-2.083531987819491,0.7368572413087463,0.9889578829792386
广东,CEG2000_f4_r0016_c0106,12,28.667917623569775,27.136841894759797,1.5310757288099772,0.05642055677472301,3,27.561361921641087,5,2.083531987819491,0.7368572413087463,0.9889578829792386
广东,CEG2000_f4_r0017_c0098,1,41.75691102986422,,,,8,42.538749368398086,4,,1.8535176302831424,0.9450242071723506
广东,CEG2000_f4_r0017_c0098,2,34.59463608944891,41.75691102986422,-7.162274940415308,-0.1715231027336506,5,33.55231690034388,1,-6.250595963458473,1.8535176302831424,0.9450242071723506
广东,CEG2000_f4_r0017_c0098,3,36.74027054992428,34.59463608944891,2.145634460475371,0.062022171729962855,6,36.547794389695284,5,2.083531987819491,1.8535176302831424,0.9450242071723506
广东,CEG2000_f4_r0017_c0098,4,32.915667708385286,36.74027054992428,-3.824602841538997,-0.10409838534917591,5,33.55231690034388,2,-4.167063975638982,1.8535176302831424,0.9450242071723506
广东,CEG2000_f4_r0017_c0098,5,30.69576152637214,32.915667708385286,-2.219906182013144,-0.06744223455165158,4,30.55683941099248,3,-2.083531987819491,1.8535176302831424,0.9450242071723506
广东,CEG2000_f4_r0017_c0098,6,22.93216143781568,30.69576152637214,-7.763600088556462,-0.25292091489199237,1,21.570406942938284,0,-8.334127951277964,1.8535176302831424,0.9450242071723506
广东,CEG2000_f4_r0017_c0098,7,25.729060111721832,22.93216143781568,2.7968986739061528,0.12196402338656138,2,24.565884432289685,5,2.083531987819491,1.8535176302831424,0.9450242071723506
广东,CEG2000_f4_r0017_c0098,8,24.396873108050873,25.729060111721832,-1.3321870036709598,-0.0517775230764855,2,24.565884432289685,3,-2.083531987819491,1.8535176302831424,0.9450242071723506
广东,CEG2000_f4_r0017_c0098,9,34.46878598056644,24.396873108050873,10.071912872515565,0.4128362199495096,5,33.55231690034388,8,8.334127951277964,1.8535176302831424,0.9450242071723506
广东,CEG2000_f4_r0017_c0098,10,26.586850785950396,34.46878598056644,-7.881935194616041,-0.22866877873389246,3,27.561361921641087,0,-8.334127951277964,1.8535176302831424,0.9450242071723506
广东,CEG2000_f4_r0017_c0098,11,29.140808827805117,26.586850785950396,2.5539580418547203,0.09606094615780289,4,30.55683941099248,5,2.083531987819491,1.8535176302831424,0.9450242071723506
广东,CEG2000_f4_r0017_c0098,12,37.198945282309126,29.140808827805117,8.058136454504009,0.2765241178486173,6,36.547794389695284,8,8.334127951277964,1.8535176302831424,0.9450242071723506
广东,CEG2000_f4_r0017_c0099,1,39.507446503962434,,,,7,39.543271879046685,4,,1.748794444837531,0.931569811183671
广东,CEG2000_f4_r0017_c0099,2,39.70683303136046,39.507446503962434,0.1993865273980262,0.005046808767507375,7,39.543271879046685,4,0.0,1.748794444837531,0.931569811183671
广东,CEG2000_f4_r0017_c0099,3,35.81907214370262,39.70683303136046,-3.8877608876578407,-0.0979116336119601,6,36.547794389695284,2,-4.167063975638982,1.748794444837531,0.931569811183671
广东,CEG2000_f4_r0017_c0099,4,31.0303059078116,35.81907214370262,-4.788766235891021,-0.1336931960905899,4,30.55683941099248,2,-4.167063975638982,1.748794444837531,0.931569811183671
广东,CEG2000_f4_r0017_c0099,5,29.77063168263565,31.0303059078116,-1.2596742251759494,-0.04059496638281087,4,30.55683941099248,3,-2.083531987819491,1.748794444837531,0.931569811183671
广东,CEG2000_f4_r0017_c0099,6,21.563843199702635,29.77063168263565,-8.206788482933014,-0.2756672606218093,1,21.570406942938284,0,-8.334127951277964,1.748794444837531,0.931569811183671
广东,CEG2000_f4_r0017_c0099,7,24.16812785676394,21.563843199702635,2.6042846570613065,0.12077089565821085,2,24.565884432289685,5,2.083531987819491,1.748794444837531,0.931569811183671
广东,CEG2000_f4_r0017_c0099,8,21.475673430546735,24.16812785676394,-2.692454426217207,-0.11140517139657836,1,21.570406942938284,3,-2.083531987819491,1.748794444837531,0.931569811183671
广东,CEG2000_f4_r0017_c0099,9,31.48270103942881,21.475673430546735,10.007027608882076,0.4659703753293344,4,30.55683941099248,8,8.334127951277964,1.748794444837531,0.931569811183671
广东,CEG2000_f4_r0017_c0099,10,26.704307348803688,31.48270103942881,-4.778393690625123,-0.15177839044498379,3,27.561361921641087,2,-4.167063975638982,1.748794444837531,0.931569811183671
广东,CEG2000_f4_r0017_c0099,11,27.076214994625797,26.704307348803688,0.3719076458221089,0.013926878572971854,3,27.561361921641087,4,0.0,1.748794444837531,0.931569811183671
广东,CEG2000_f4_r0017_c0099,12,32.342603736800484,27.076214994625797,5.266388742174687,0.19450239788759183,5,33.55231690034388,7,6.250595963458473,1.748794444837531,0.931569811183671
广东,CEG2000_f4_r0017_c0100,1,39.12003387730742,,,,7,39.543271879046685,4,,1.5899439237119364,0.9394329595490718
广东,CEG2000_f4_r0017_c0100,2,39.30544469257084,39.12003387730742,0.18541081526341685,0.004739536163105655,7,39.543271879046685,4,0.0,1.5899439237119364,0.9394329595490718
广东,CEG2000_f4_r0017_c0100,3,36.34995140135196,39.30544469257084,-2.955493291218879,-0.07519297426438988,6,36.547794389695284,3,-2.083531987819491,1.5899439237119364,0.9394329595490718
广东,CEG2000_f4_r0017_c0100,4,30.25040498707357,36.34995140135196,-6.0995464142783895,-0.16780067590548498,4,30.55683941099248,1,-6.250595963458473,1.5899439237119364,0.9394329595490718
广东,CEG2000_f4_r0017_c0100,5,30.175112329738894,30.25040498707357,-0.07529265733467483,-0.0024889801431368756,4,30.55683941099248,4,0.0,1.5899439237119364,0.9394329595490718
广东,CEG2000_f4_r0017_c0100,6,21.016331389831457,30.175112329738894,-9.158780939907437,-0.3035210222193956,1,21.570406942938284,0,-8.334127951277964,1.5899439237119364,0.9394329595490718
广东,CEG2000_f4_r0017_c0100,7,23.895583445456595,21.016331389831457,2.8792520556251375,0.13700069732523512,2,24.565884432289685,5,2.083531987819491,1.5899439237119364,0.9394329595490718
广东,CEG2000_f4_r0017_c0100,8,21.70779987329703,23.895583445456595,-2.1877835721595638,-0.09155598050800219,1,21.570406942938284,3,-2.083531987819491,1.5899439237119364,0.9394329595490718
广东,CEG2000_f4_r0017_c0100,9,31.684613096359836,21.70779987329703,9.976813223062805,0.4595957803782491,4,30.55683941099248,8,8.334127951277964,1.5899439237119364,0.9394329595490718
广东,CEG2000_f4_r0017_c0100,10,27.367056398331783,31.684613096359836,-4.317556698028053,-0.13626666940503326,3,27.561361921641087,2,-4.167063975638982,1.5899439237119364,0.9394329595490718
广东,CEG2000_f4_r0017_c0100,11,27.09001498947155,27.367056398331783,-0.2770414088602351,-0.01012317162751646,3,27.561361921641087,4,0.0,1.5899439237119364,0.9394329595490718
广东,CEG2000_f4_r0017_c0100,12,31.67095839567572,27.09001498947155,4.58094340620417,0.16910080736332334,4,30.55683941099248,6,4.167063975638982,1.5899439237119364,0.9394329595490718
广东,CEG2000_f4_r0017_c0101,1,40.01095752524888,,,,7,39.543271879046685,4,,1.440787948612906,0.9532558487328968
广东,CEG2000_f4_r0017_c0101,2,37.2005910120156,40.01095752524888,-2.8103665132332765,-0.07023992143801601,6,36.547794389695284,3,-2.083531987819491,1.440787948612906,0.9532558487328968
广东,CEG2000_f4_r0017_c0101,3,35.69583095651096,37.2005910120156,-1.50476005550464,-0.040449896481983584,6,36.547794389695284,3,-2.083531987819491,1.440787948612906,0.9532558487328968
广东,CEG2000_f4_r0017_c0101,4,31.09746395149371,35.69583095651096,-4.5983670050172485,-0.12882084214875242,4,30.55683941099248,2,-4.167063975638982,1.440787948612906,0.9532558487328968
广东,CEG2000_f4_r0017_c0101,5,30.983230480683545,31.09746395149371,-0.11423347081016644,-0.0036734015027189842,4,30.55683941099248,4,0.0,1.440787948612906,0.9532558487328968
广东,CEG2000_f4_r0017_c0101,6,21.159250099950917,30.983230480683545,-9.823980380732628,-0.31707411487828474,1,21.570406942938284,0,-8.334127951277964,1.440787948612906,0.9532558487328968
广东,CEG2000_f4_r0017_c0101,7,24.88670585732917,21.159250099950917,3.7274557573782516,0.17616199722441478,2,24.565884432289685,6,4.167063975638982,1.440787948612906,0.9532558487328968
广东,CEG2000_f4_r0017_c0101,8,22.34352495666095,24.88670585732917,-2.5431809006682187,-0.10219033869921552,1,21.570406942938284,3,-2.083531987819491,1.440787948612906,0.9532558487328968
广东,CEG2000_f4_r0017_c0101,9,31.088954100747777,22.34352495666095,8.745429144086827,0.3914077640412633,4,30.55683941099248,8,8.334127951277964,1.440787948612906,0.9532558487328968
广东,CEG2000_f4_r0017_c0101,10,27.16239589409914,31.088954100747777,-3.926558206648636,-0.1263007495821222,3,27.561361921641087,2,-4.167063975638982,1.440787948612906,0.9532558487328968
广东,CEG2000_f4_r0017_c0101,11,27.002937479873324,27.16239589409914,-0.15945841422581708,-0.005870557768449963,3,27.561361921641087,4,0.0,1.440787948612906,0.9532558487328968
广东,CEG2000_f4_r0017_c0101,12,31.40262952354777,27.002937479873324,4.399692043674445,0.16293383069726253,4,30.55683941099248,6,4.167063975638982,1.440787948612906,0.9532558487328968
广东,CEG2000_f4_r0017_c0102,1,41.00627942875425,,,,7,39.543271879046685,4,,1.3080761536247922,0.9425082848535922
广东,CEG2000_f4_r0017_c0102,2,37.623075730195474,41.00627942875425,-3.3832036985587735,-0.08250452725019519,6,36.547794389695284,2,-4.167063975638982,1.3080761536247922,0.9425082848535922
广东,CEG2000_f4_r0017_c0102,3,37.72935701225591,37.623075730195474,0.10628128206043641,0.0028248961574169583,6,36.547794389695284,4,0.0,1.3080761536247922,0.9425082848535922
广东,CEG2000_f4_r0017_c0102,4,32.487444442360115,37.72935701225591,-5.241912569895796,-0.1389345852937018,5,33.55231690034388,1,-6.250595963458473,1.3080761536247922,0.9425082848535922
广东,CEG2000_f4_r0017_c0102,5,32.42102366444053,32.487444442360115,-0.06642077791958201,-0.0020445060871878396,5,33.55231690034388,4,0.0,1.3080761536247922,0.9425082848535922
广东,CEG2000_f4_r0017_c0102,6,22.7524091029882,32.42102366444053,-9.668614561452333,-0.29822052078068395,1,21.570406942938284,0,-8.334127951277964,1.3080761536247922,0.9425082848535922
广东,CEG2000_f4_r0017_c0102,7,26.75481737471875,22.7524091029882,4.002408271730552,0.17591140584778311,3,27.561361921641087,6,4.167063975638982,1.3080761536247922,0.9425082848535922
广东,CEG2000_f4_r0017_c0102,8,23.214451954953184,26.75481737471875,-3.5403654197655676,-0.13232627867275001,2,24.565884432289685,2,-4.167063975638982,1.3080761536247922,0.9425082848535922
广东,CEG2000_f4_r0017_c0102,9,33.07372674043828,23.214451954953184,9.859274785485098,0.424704180164006,5,33.55231690034388,8,8.334127951277964,1.3080761536247922,0.9425082848535922
广东,CEG2000_f4_r0017_c0102,10,28.457846725457205,33.07372674043828,-4.615880014981077,-0.13956334740280038,3,27.561361921641087,2,-4.167063975638982,1.3080761536247922,0.9425082848535922
广东,CEG2000_f4_r0017_c0102,11,28.0661939286866,28.457846725457205,-0.39165279677060383,-0.0137625590772561,3,27.561361921641087,4,0.0,1.3080761536247922,0.9425082848535922
广东,CEG2000_f4_r0017_c0102,12,33.5491243228901,28.0661939286866,5.4829303942035,0.19535710499738862,5,33.55231690034388,7,6.250595963458473,1.3080761536247922,0.9425082848535922
