{
  "type": "FeatureCollection",
  "features": [
    {
      "type": "Feature",
      "properties": {
        "cell_id": "CEG2000_f4_r0022_c0115",
        "method": "Harmonic",
        "view": "disk"
      },
      "geometry": {
        "type": "Polygon",
        "coordinates": [
          [
            [
              -0.2911316766669678,
              -0.9443729733618695
            ],
            [
              -0.0791257459700454,
              -0.8754937075804256
            ],
            [
              -0.04652526571959091,
              -0.9299765305696341
            ],
            [
              -0.049965776942667905,
              -0.9987476518332297
            ],
            [
              -0.057237317287568444,
              -0.9983606009402225
            ],
            [
              -0.06540312923014292,
              -0.9978589232386035
            ],
            [
              -0.07356456359966733,
              -0.9972904566786902
            ],
            [
              -0.08172107413366796,
              -0.9966552393091803
            ],
            [
              -0.08987211489923475,
              -0.9959533136465477
            ],
            [
              -0.09801714032956042,
              -0.9951847266721969
            ],
            [
              -0.10615560526045735,
              -0.9943495298293181
            ],
            [
              -0.11428696496684632,
              -0.9934477790194444
            ],
            [
              -0.12241067519921595,
              -0.9924795345987101
            ],
            [
              -0.13052619222005138,
              -0.9914448613738105
            ],
            [
              -0.13863297284022652,
              -0.9903438285976649
            ],
            [
              -0.14673047445536164,
              -0.989176509964781
            ],
            [
              -0.15481815508214075,
              -0.9879429836063224
            ],
            [
              -0.16289547339458849,
              -0.9866433320848791
            ],
            [
              -0.17096188876030102,
              -0.9852776423889413
            ],
            [
              -0.17901686127663252,
              -0.9838460059270775
            ],
            [
              -0.18705985180683188,
              -0.9823485185218157
            ],
            [
              -0.19509032201612797,
              -0.9807852804032305
            ],
            [
              -0.20310773440776264,
              -0.9791563962022337
            ],
            [
              -0.21111155235896498,
              -0.9774619749435719
            ],
            [
              -0.21910124015686966,
              -0.9757021300385286
            ],
            [
              -0.22707626303437312,
              -0.9738769792773336
            ],
            [
              -0.23503608720592642,
              -0.9719866448212795
            ],
            [
              -0.24298017990326365,
              -0.9700312531945441
            ],
            [
              -0.25090800941105984,
              -0.9680109352757228
            ],
            [
              -0.25881904510252063,
              -0.9659258262890683
            ],
            [
              -0.2667127574748983,
              -0.9637760657954398
            ],
            [
              -0.2745886181849321,
              -0.961561797682962
            ],
            [
              -0.2824461000842123,
              -0.9592831701573937
            ],
            [
              -0.29028467725446216,
              -0.9569403357322089
            ],
            [
              -0.29459675502371513,
              -0.9556129950185874
            ],
            [
              -0.2911316766669678,
              -0.9443729733618695
            ]
          ]
        ]
      }
    },
    {
      "type": "Feature",
      "properties": {
        "cell_id": "CEG2000_f4_r0022_c0116",
        "method": "Harmonic",
        "view": "disk"
      },
      "geometry": {
        "type": "Polygon",
        "coordinates": [
          [
            [
              -0.0465252657195909,
              -0.9299765305696339
            ],
            [
              0.11615015024880337,
              -0.9064108386396913
            ],
            [
              0.12710259253044773,
              -0.9918813470496476
            ],
            [
              0.12241067519921628,
              -0.99247953459871
            ],
            [
              0.11428696496684666,
              -0.9934477790194444
            ],
            [
              0.1061556052604577,
              -0.994349529829318
            ],
            [
              0.09801714032956077,
              -0.9951847266721968
            ],
            [
              0.08987211489923509,
              -0.9959533136465477
            ],
            [
              0.0817210741336683,
              -0.9966552393091803
            ],
            [
              0.07356456359966768,
              -0.9972904566786902
            ],
            [
              0.06540312923014327,
              -0.9978589232386035
            ],
            [
              0.057237317287568784,
              -0.9983606009402225
            ],
            [
              0.049067674327418126,
              -0.9987954562051724
            ],
            [
              0.04089474716158352,
              -0.9991634599276488
            ],
            [
              0.03271908282177639,
              -0.9994645874763657
            ],
            [
              0.024541228522912486,
              -0.9996988186962042
            ],
            [
              0.016361731626486936,
              -0.9998661379095618
            ],
            [
              0.008181139603937236,
              -0.9999665339174011
            ],
            [
              6.123233995736766e-17,
              -1.0
            ],
            [
              -0.008181139603936892,
              -0.9999665339174011
            ],
            [
              -0.01636173162648659,
              -0.9998661379095618
            ],
            [
              -0.024541228522912142,
              -0.9996988186962042
            ],
            [
              -0.03271908282177604,
              -0.9994645874763657
            ],
            [
              -0.04089474716158317,
              -0.9991634599276488
            ],
            [
              -0.049067674327417786,
              -0.9987954562051724
            ],
            [
              -0.049965776942667905,
              -0.9987476518332297
            ],
            [
              -0.0465252657195909,
              -0.9299765305696339
            ]
          ]
        ]
      }
    },
    {
      "type": "Feature",
      "properties": {
        "cell_id": "CEG2000_f4_r0023_c0113",
        "method": "Harmonic",
        "view": "disk"
      },
      "geometry": {
        "type": "Polygon",
        "coordinates": [
          [
            [
              -0.562300977209266,
              -0.666486426342465
            ],
            [
              -0.4546597112347599,
              -0.7684573217445132
            ],
            [
              -0.5091998741931394,
              -0.8606400828708115
            ],
            [
              -0.5141027441932217,
              -0.8577286100002721
            ],
            [
              -0.5211027366890232,
              -0.8534939588627506
            ],
            [
              -0.528067850650368,
              -0.8492021815265789
            ],
            [
              -0.534997619887097,
              -0.8448535652497072
            ],
            [
              -0.5418915805747514,
              -0.8404484010944382
            ],
            [
              -0.5487492712856158,
              -0.8359869839079468
            ],
            [
              -0.555570233019602,
              -0.8314696123025453
            ],
            [
              -0.562354009234973,
              -0.8268965886356963
            ],
            [
              -0.569100145878898,
              -0.8222682189897752
            ],
            [
              -0.575808191417845,
              -0.8175848131515839
            ],
            [
              -0.582477696867802,
              -0.8128466845916152
            ],
            [
              -0.5891082158243279,
              -0.8080541504430734
            ],
            [
              -0.5956993044924334,
              -0.8032075314806449
            ],
            [
              -0.6022505217162818,
              -0.7983071520990316
            ],
            [
              -0.6087614290087203,
              -0.7933533402912354
            ],
            [
              -0.6152315905806268,
              -0.7883464276266063
            ],
            [
              -0.6216605733700772,
              -0.7832867492286506
            ],
            [
              -0.6280479470713338,
              -0.7781746437525981
            ],
            [
              -0.6343932841636454,
              -0.7730104533627371
            ],
            [
              -0.6406961599398605,
              -0.7677945237095122
            ],
            [
              -0.6448346558716125,
              -0.7643122861116773
            ],
            [
              -0.562300977209266,
              -0.666486426342465
            ]
          ]
        ]
      }
    },
    {
      "type": "Feature",
      "properties": {
        "cell_id": "CEG2000_f4_r0023_c0114",
        "method": "Harmonic",
        "view": "disk"
      },
      "geometry": {
        "type": "Polygon",
        "coordinates": [
          [
            [
              -0.45465971123476,
              -0.7684573217445129
            ],
            [
              -0.3185114270325896,
              -0.7630804678054672
            ],
            [
              -0.2911316766669677,
              -0.9443729733618693
            ],
            [
              -0.2945967550237151,
              -0.9556129950185874
            ],
            [
              -0.2981038250427397,
              -0.9545334512183885
            ],
            [
              -0.3059030200965532,
              -0.9520626777139244
            ],
            [
              -0.31368174039889124,
              -0.9495281805930368
            ],
            [
              -0.32143946530316136,
              -0.9469301294951057
            ],
            [
              -0.32917567556803873,
              -0.9442686983133166
            ],
            [
              -0.33688985339221994,
              -0.9415440651830208
            ],
            [
              -0.34458148244908016,
              -0.9387564124698133
            ],
            [
              -0.35225004792123327,
              -0.9359059267573258
            ],
            [
              -0.35989503653498794,
              -0.932992798834739
            ],
            [
              -0.3675159365947034,
              -0.9300172236840122
            ],
            [
              -0.3751122380170379,
              -0.926979400466833
            ],
            [
              -0.3826834323650895,
              -0.9238795325112868
            ],
            [
              -0.3902290128824278,
              -0.9207178272982478
            ],
            [
              -0.39774847452701084,
              -0.9174944964474914
            ],
            [
              -0.40524131400498975,
              -0.9142097557035307
            ],
            [
              -0.4127070298043946,
              -0.9108638249211759
            ],
            [
              -0.4201451222287024,
              -0.9074569280508187
            ],
            [
              -0.42755509343028186,
              -0.9039892931234434
            ],
            [
              -0.43493644744371673,
              -0.9004611522353638
            ],
            [
              -0.44228869021900113,
              -0.8968727415326884
            ],
            [
              -0.4496113296546063,
              -0.8932243011955154
            ],
            [
              -0.4569038756304206,
              -0.8895160754218561
            ],
            [
              -0.46416584004055134,
              -0.8857483124112906
            ],
            [
              -0.4713967368259973,
              -0.8819212643483553
            ],
            [
              -0.4785960820071807,
              -0.8780351873856628
            ],
            [
              -0.4857633937163398,
              -0.874090341626759
            ],
            [
              -0.492898192229784,
              -0.8700869911087115
            ],
            [
              -0.49999999999999983,
              -0.8660254037844387
            ],
            [
              -0.5070683416876167,
              -0.8619058515047745
            ],
            [
              -0.5091998741931396,
              -0.8606400828708114
            ],
            [
              -0.45465971123476,
              -0.7684573217445129
            ]
          ]
        ]
      }
    },
    {
      "type": "Feature",
      "properties": {
        "cell_id": "CEG2000_f4_r0023_c0115",
        "method": "Harmonic",
        "view": "disk"
      },
      "geometry": {
        "type": "Polygon",
        "coordinates": [
          [
            [
              -0.06662575487368096,
              -0.7489728753785226
            ],
            [
              -0.07912574597004532,
              -0.8754937075804254
            ],
            [
              -0.2911316766669678,
              -0.9443729733618692
            ],
            [
              -0.3185114270325897,
              -0.7630804678054672
            ],
            [
              -0.3038439558112419,
              -0.7429661329664397
            ],
            [
              -0.07486089035314167,
              -0.7384436536969983
            ],
            [
              -0.06662575487368096,
              -0.7489728753785226
            ]
          ]
        ]
      }
    },
    {
      "type": "Feature",
      "properties": {
        "cell_id": "CEG2000_f4_r0023_c0116",
        "method": "Harmonic",
        "view": "disk"
      },
      "geometry": {
        "type": "Polygon",
        "coordinates": [
          [
            [
              0.17124596820579346,
              -0.8035995007655432
            ],
            [
              0.11615015024880354,
              -0.9064108386396912
            ],
            [
              -0.04652526571959115,
              -0.9299765305696339
            ],
            [
              -0.07912574597004535,
              -0.8754937075804258
            ],
            [
              -0.06662575487368096,
              -0.7489728753785226
            ],
            [
              0.15330432482641848,
              -0.7718054027161488
            ],
            [
              0.17124596820579346,
              -0.8035995007655432
            ]
          ]
        ]
      }
    },
    {
      "type": "Feature",
      "properties": {
        "cell_id": "CEG2000_f4_r0023_c0117",
        "method": "Harmonic",
        "view": "disk"
      },
      "geometry": {
        "type": "Polygon",
        "coordinates": [
          [
            [
              0.11615015024880349,
              -0.9064108386396912
            ],
            [
              0.17124596820579338,
              -0.8035995007655433
            ],
            [
              0.41553841714064177,
              -0.8974165631967986
            ],
            [
              0.4201799465921496,
              -0.9074406313371436
            ],
            [
              0.4201451222287025,
              -0.9074569280508187
            ],
            [
              0.41270702980439494,
              -0.9108638249211757
            ],
            [
              0.40524131400499,
              -0.9142097557035306
            ],
            [
              0.3977484745270112,
              -0.9174944964474913
            ],
            [
              0.3902290128824281,
              -0.9207178272982476
            ],
            [
              0.38268343236508984,
              -0.9238795325112867
            ],
            [
              0.3751122380170382,
              -0.9269794004668328
            ],
            [
              0.3675159365947037,
              -0.9300172236840121
            ],
            [
              0.3598950365349883,
              -0.9329927988347388
            ],
            [
              0.3522500479212336,
              -0.9359059267573256
            ],
            [
              0.3445814824490805,
              -0.9387564124698132
            ],
            [
              0.3368898533922203,
              -0.9415440651830207
            ],
            [
              0.32917567556803906,
              -0.9442686983133165
            ],
            [
              0.3214394653031617,
              -0.9469301294951056
            ],
            [
              0.3136817403988916,
              -0.9495281805930367
            ],
            [
              0.3059030200965535,
              -0.9520626777139243
            ],
            [
              0.29810382504274,
              -0.9545334512183884
            ],
            [
              0.2902846772544625,
              -0.9569403357322088
            ],
            [
              0.2824461000842126,
              -0.9592831701573936
            ],
            [
              0.2745886181849324,
              -0.9615617976829619
            ],
            [
              0.26671275747489864,
              -0.9637760657954398
            ],
            [
              0.25881904510252096,
              -0.9659258262890682
            ],
            [
              0.2509080094110602,
              -0.9680109352757227
            ],
            [
              0.24298017990326398,
              -0.970031253194544
            ],
            [
              0.23503608720592675,
              -0.9719866448212794
            ],
            [
              0.22707626303437345,
              -0.9738769792773336
            ],
            [
              0.21910124015687,
              -0.9757021300385285
            ],
            [
              0.2111115523589653,
              -0.9774619749435718
            ],
            [
              0.20310773440776297,
              -0.9791563962022337
            ],
            [
              0.19509032201612833,
              -0.9807852804032304
            ],
            [
              0.1870598518068322,
              -0.9823485185218156
            ],
            [
              0.17901686127663285,
              -0.9838460059270774
            ],
            [
              0.17096188876030136,
              -0.9852776423889412
            ],
            [
              0.16289547339458882,
              -0.986643332084879
            ],
            [
              0.15481815508214108,
              -0.9879429836063224
            ],
            [
              0.14673047445536197,
              -0.9891765099647809
            ],
            [
              0.13863297284022685,
              -0.9903438285976648
            ],
            [
              0.1305261922200517,
              -0.9914448613738104
            ],
            [
              0.12710259253044787,
              -0.9918813470496476
            ],
            [
              0.11615015024880349,
              -0.9064108386396912
            ]
          ]
        ]
      }
    },
    {
      "type": "Feature",
      "properties": {
        "cell_id": "CEG2000_f4_r0024_c0113",
        "method": "Harmonic",
        "view": "disk"
      },
      "geometry": {
        "type": "Polygon",
        "coordinates": [
          [
            [
              -0.7868862882017997,
              -0.5419853707636109
            ],
            [
              -0.5758971987424155,
              -0.5599101234131991
            ],
            [
              -0.5623009772092658,
              -0.666486426342465
            ],
            [
              -0.6448346558716124,
              -0.7643122861116775
            ],
            [
              -0.6469561525348573,
              -0.7625272039063882
            ],
            [
              -0.6531728429537765,
              -0.7572088465064848
            ],
            [
              -0.6593458151000685,
              -0.7518398074789777
            ],
            [
              -0.6654746558033421,
              -0.7464204461852739
            ],
            [
              -0.6715589548470181,
              -0.7409511253549593
            ],
            [
              -0.6775983049957887,
              -0.7354322110615187
            ],
            [
              -0.6835923020228711,
              -0.7298640726978358
            ],
            [
              -0.6895405447370666,
              -0.7242470829514672
            ],
            [
              -0.6954426350096116,
              -0.7185816177796982
            ],
            [
              -0.701298177800824,
              -0.7128680563843801
            ],
            [
              -0.7071067811865475,
              -0.7071067811865476
            ],
            [
              -0.7128680563843797,
              -0.7012981778008245
            ],
            [
              -0.7185816177796978,
              -0.695442635009612
            ],
            [
              -0.7242470829514668,
              -0.689540544737067
            ],
            [
              -0.7298640726978354,
              -0.6835923020228716
            ],
            [
              -0.7354322110615186,
              -0.6775983049957888
            ],
            [
              -0.7409511253549589,
              -0.6715589548470186
            ],
            [
              -0.7464204461852735,
              -0.6654746558033425
            ],
            [
              -0.7518398074789773,
              -0.659345815100069
            ],
            [
              -0.7572088465064843,
              -0.6531728429537771
            ],
            [
              -0.7625272039063881,
              -0.6469561525348574
            ],
            [
              -0.7677945237095118,
              -0.640696159939861
            ],
            [
              -0.7730104533627367,
              -0.6343932841636458
            ],
            [
              -0.7781746437525977,
              -0.6280479470713344
            ],
            [
              -0.7832867492286502,
              -0.6216605733700776
            ],
            [
              -0.7883464276266062,
              -0.6152315905806269
            ],
            [
              -0.793353340291235,
              -0.6087614290087209
            ],
            [
              -0.7983071520990312,
              -0.6022505217162823
            ],
            [
              -0.8032075314806448,
              -0.5956993044924335
            ],
            [
              -0.8080541504430729,
              -0.5891082158243285
            ],
            [
              -0.8128466845916151,
              -0.5824776968678022
            ],
            [
              -0.8175848131515836,
              -0.5758081914178454
            ],
            [
              -0.8222682189897749,
              -0.5691001458788986
            ],
            [
              -0.823546997432856,
              -0.5672362467579773
            ],
            [
              -0.7868862882017997,
              -0.5419853707636109
            ]
          ]
        ]
      }
    },
    {
      "type": "Feature",
      "properties": {
        "cell_id": "CEG2000_f4_r0024_c0114",
        "method": "Harmonic",
        "view": "disk"
      },
      "geometry": {
        "type": "Polygon",
        "coordinates": [
          [
            [
              -0.31811218833218896,
              -0.5364766155846539
            ],
            [
              -0.3038439558112418,
              -0.7429661329664395
            ],
            [
              -0.3185114270325896,
              -0.7630804678054672
            ],
            [
              -0.45465971123475857,
              -0.7684573217445128
            ],
            [
              -0.5623009772092664,
              -0.6664864263424635
            ],
            [
              -0.5758971987424159,
              -0.5599101234131992
            ],
            [
              -0.5413403111407513,
              -0.5272939016897964
            ],
            [
              -0.31811218833218896,
              -0.5364766155846539
            ]
          ]
        ]
      }
    },
    {
      "type": "Feature",
      "properties": {
        "cell_id": "CEG2000_f4_r0024_c0115",
        "method": "Harmonic",
        "view": "disk"
      },
      "geometry": {
        "type": "Polygon",
        "coordinates": [
          [
            [
              -0.059280209452252645,
              -0.5317648793775865
            ],
            [
              -0.07486089035314164,
              -0.7384436536969984
            ],
            [
              -0.3038439558112418,
              -0.7429661329664395
            ],
            [
              -0.31811218833218896,
              -0.5364766155846539
            ],
            [
              -0.30162461071146657,
              -0.5197999748636482
            ],
            [
              -0.06435691302020238,
              -0.5259975404270788
            ],
            [
              -0.059280209452252645,
              -0.5317648793775865
            ]
          ]
        ]
      }
    },
    {
      "type": "Feature",
      "properties": {
        "cell_id": "CEG2000_f4_r0024_c0116",
        "method": "Harmonic",
        "view": "disk"
      },
      "geometry": {
        "type": "Polygon",
        "coordinates": [
          [
            [
              0.19794674184301025,
              -0.569260115361421
            ],
            [
              0.15330432482641845,
              -0.7718054027161487
            ],
            [
              -0.066625754873681,
              -0.7489728753785225
            ],
            [
              -0.07486089035314163,
              -0.7384436536969983
            ],
            [
              -0.059280209452252645,
              -0.5317648793775865
            ],
            [
              0.17984355920754796,
              -0.5460732437423836
            ],
            [
              0.19794674184301025,
              -0.569260115361421
            ]
          ]
        ]
      }
    },
    {
      "type": "Feature",
      "properties": {
        "cell_id": "CEG2000_f4_r0024_c0117",
        "method": "Harmonic",
        "view": "disk"
      },
      "geometry": {
        "type": "Polygon",
        "coordinates": [
          [
            [
              0.46785975752802267,
              -0.6271920998625471
            ],
            [
              0.415538417140642,
              -0.8974165631967985
            ],
            [
              0.17124596820579352,
              -0.8035995007655432
            ],
            [
              0.15330432482641845,
              -0.7718054027161487
            ],
            [
              0.1979467418430102,
              -0.5692601153614211
            ],
            [
              0.4416316295361032,
              -0.5930664248042579
            ],
            [
              0.46785975752802267,
              -0.6271920998625471
            ]
          ]
        ]
      }
    },
    {
      "type": "Feature",
      "properties": {
        "cell_id": "CEG2000_f4_r0024_c0118",
        "method": "Harmonic",
        "view": "disk"
      },
      "geometry": {
        "type": "Polygon",
        "coordinates": [
          [
            [
              0.415538417140642,
              -0.8974165631967985
            ],
            [
              0.4678597575280226,
              -0.627192099862547
            ],
            [
              0.7019588770126286,
              -0.6251306638877784
            ],
            [
              0.7467908040645375,
              -0.6650558122676941
            ],
            [
              0.7464204461852738,
              -0.6654746558033421
            ],
            [
              0.7409511253549592,
              -0.6715589548470183
            ],
            [
              0.7354322110615187,
              -0.6775983049957887
            ],
            [
              0.7298640726978357,
              -0.6835923020228711
            ],
            [
              0.724247082951467,
              -0.6895405447370668
            ],
            [
              0.7185816177796982,
              -0.6954426350096116
            ],
            [
              0.71286805638438,
              -0.7012981778008243
            ],
            [
              0.7071067811865476,
              -0.7071067811865475
            ],
            [
              0.7012981778008244,
              -0.7128680563843798
            ],
            [
              0.6954426350096117,
              -0.7185816177796981
            ],
            [
              0.689540544737067,
              -0.7242470829514669
            ],
            [
              0.6835923020228714,
              -0.7298640726978356
            ],
            [
              0.6775983049957888,
              -0.7354322110615186
            ],
            [
              0.6715589548470184,
              -0.740951125354959
            ],
            [
              0.6654746558033422,
              -0.7464204461852738
            ],
            [
              0.659345815100069,
              -0.7518398074789774
            ],
            [
              0.6531728429537769,
              -0.7572088465064845
            ],
            [
              0.6469561525348575,
              -0.7625272039063881
            ],
            [
              0.6406961599398608,
              -0.767794523709512
            ],
            [
              0.6343932841636456,
              -0.7730104533627369
            ],
            [
              0.6280479470713343,
              -0.7781746437525978
            ],
            [
              0.6216605733700774,
              -0.7832867492286504
            ],
            [
              0.6152315905806269,
              -0.7883464276266062
            ],
            [
              0.6087614290087207,
              -0.7933533402912352
            ],
            [
              0.6022505217162821,
              -0.7983071520990314
            ],
            [
              0.5956993044924335,
              -0.8032075314806448
            ],
            [
              0.5891082158243284,
              -0.808054150443073
            ],
            [
              0.5824776968678023,
              -0.8128466845916151
            ],
            [
              0.5758081914178453,
              -0.8175848131515837
            ],
            [
              0.5691001458788983,
              -0.822268218989775
            ],
            [
              0.5623540092349731,
              -0.8268965886356962
            ],
            [
              0.5555702330196024,
              -0.8314696123025451
            ],
            [
              0.548749271285616,
              -0.8359869839079467
            ],
            [
              0.5418915805747517,
              -0.840448401094438
            ],
            [
              0.5349976198870973,
              -0.844853565249707
            ],
            [
              0.5280678506503681,
              -0.8492021815265789
            ],
            [
              0.5211027366890234,
              -0.8534939588627504
            ],
            [
              0.5141027441932219,
              -0.857728610000272
            ],
            [
              0.5070683416876172,
              -0.8619058515047742
            ],
            [
              0.5000000000000001,
              -0.8660254037844386
            ],
            [
              0.4928981922297841,
              -0.8700869911087113
            ],
            [
              0.4857633937163401,
              -0.8740903416267588
            ],
            [
              0.478596082007181,
              -0.8780351873856627
            ],
            [
              0.4713967368259978,
              -0.8819212643483549
            ],
            [
              0.46416584004055167,
              -0.8857483124112905
            ],
            [
              0.45690387563042073,
              -0.889516075421856
            ],
            [
              0.4496113296546066,
              -0.8932243011955153
            ],
            [
              0.44228869021900147,
              -0.8968727415326883
            ],
            [
              0.43493644744371723,
              -0.9004611522353636
            ],
            [
              0.4275550934302822,
              -0.9039892931234433
            ],
            [
              0.4201799465921498,
              -0.9074406313371435
            ],
            [
              0.415538417140642,
              -0.8974165631967985
            ]
          ]
        ]
      }
    },
    {
      "type": "Feature",
      "properties": {
        "cell_id": "CEG2000_f4_r0025_c0112",
        "method": "Harmonic",
        "view": "disk"
      },
      "geometry": {
        "type": "Polygon",
        "coordinates": [
          [
            [
              -0.7694294921253376,
              -0.28063512067484797
            ],
            [
              -0.7868862882017995,
              -0.5419853707636106
            ],
            [
              -0.823546997432856,
              -0.5672362467579772
            ],
            [
              -0.8268965886356962,
              -0.5623540092349733
            ],
            [
              -0.831469612302545,
              -0.5555702330196025
            ],
            [
              -0.8359869839079465,
              -0.5487492712856163
            ],
            [
              -0.8404484010944379,
              -0.541891580574752
            ],
            [
              -0.8448535652497069,
              -0.5349976198870976
            ],
            [
              -0.8492021815265788,
              -0.5280678506503681
            ],
            [
              -0.8534939588627503,
              -0.5211027366890236
            ],
            [
              -0.8577286100002718,
              -0.5141027441932221
            ],
            [
              -0.8619058515047742,
              -0.5070683416876173
            ],
            [
              -0.8660254037844385,
              -0.5000000000000003
            ],
            [
              -0.8700869911087113,
              -0.49289819222978415
            ],
            [
              -0.8740903416267587,
              -0.4857633937163403
            ],
            [
              -0.8780351873856626,
              -0.47859608200718123
            ],
            [
              -0.8819212643483549,
              -0.47139673682599786
            ],
            [
              -0.8857483124112904,
              -0.4641658400405519
            ],
            [
              -0.889516075421856,
              -0.4569038756304208
            ],
            [
              -0.8932243011955152,
              -0.4496113296546069
            ],
            [
              -0.8968727415326881,
              -0.4422886902190017
            ],
            [
              -0.9004611522353635,
              -0.4349364474437173
            ],
            [
              -0.9039892931234431,
              -0.4275550934302824
            ],
            [
              -0.9074569280508186,
              -0.42014512222870254
            ],
            [
              -0.9108638249211757,
              -0.412707029804395
            ],
            [
              -0.9142097557035305,
              -0.4052413140049903
            ],
            [
              -0.9174944964474913,
              -0.39774847452701123
            ],
            [
              -0.9207178272982475,
              -0.3902290128824284
            ],
            [
              -0.9238795325112867,
              -0.3826834323650899
            ],
            [
              -0.9269794004668328,
              -0.37511223801703825
            ],
            [
              -0.930017223684012,
              -0.367515936594704
            ],
            [
              -0.9329927988347388,
              -0.35989503653498833
            ],
            [
              -0.9359059267573255,
              -0.3522500479212339
            ],
            [
              -0.9387564124698131,
              -0.34458148244908055
            ],
            [
              -0.9415440651830207,
              -0.33688985339222033
            ],
            [
              -0.9442686983133164,
              -0.32917567556803934
            ],
            [
              -0.9469301294951056,
              -0.32143946530316175
            ],
            [
              -0.9495281805930366,
              -0.3136817403988918
            ],
            [
              -0.9520626777139243,
              -0.30590302009655357
            ],
            [
              -0.9545334512183884,
              -0.2981038250427401
            ],
            [
              -0.9569403357322087,
              -0.2902846772544628
            ],
            [
              -0.9592831701573936,
              -0.28244610008421267
            ],
            [
              -0.9615617976829619,
              -0.2745886181849327
            ],
            [
              -0.9637760657954397,
              -0.2667127574748989
            ],
            [
              -0.9659258262890682,
              -0.258819045102521
            ],
            [
              -0.9680109352757226,
              -0.25090800941106045
            ],
            [
              -0.9694064979856688,
              -0.24543175088322125
            ],
            [
              -0.7694294921253376,
              -0.28063512067484797
            ]
          ]
        ]
      }
    },
    {
      "type": "Feature",
      "properties": {
        "cell_id": "CEG2000_f4_r0025_c0113",
        "method": "Harmonic",
        "view": "disk"
      },
      "geometry": {
        "type": "Polygon",
        "coordinates": [
          [
            [
              -0.5413403111407514,
              -0.527293901689796
            ],
            [
              -0.5758971987424162,
              -0.5599101234131989
            ],
            [
              -0.7868862882017993,
              -0.5419853707636109
            ],
            [
              -0.7694294921253373,
              -0.28063512067484764
            ],
            [
              -0.7528964557293736,
              -0.27024478405761687
            ],
            [
              -0.5475644607797485,
              -0.28811177755460904
            ],
            [
              -0.5413403111407514,
              -0.527293901689796
            ]
          ]
        ]
      }
    },
    {
      "type": "Feature",
      "properties": {
        "cell_id": "CEG2000_f4_r0025_c0114",
        "method": "Harmonic",
        "view": "disk"
      },
      "geometry": {
        "type": "Polygon",
        "coordinates": [
          [
            [
              -0.3026040894276153,
              -0.28202199898734426
            ],
            [
              -0.3016246107114666,
              -0.5197999748636482
            ],
            [
              -0.31811218833218907,
              -0.5364766155846539
            ],
            [
              -0.5413403111407514,
              -0.5272939016897965
            ],
            [
              -0.5475644607797485,
              -0.28811177755460904
            ],
            [
              -0.530834487229584,
              -0.27412086807601527
            ],
            [
              -0.3026040894276153,
              -0.28202199898734426
            ]
          ]
        ]
      }
    },
    {
      "type": "Feature",
      "properties": {
        "cell_id": "CEG2000_f4_r0025_c0115",
        "method": "Harmonic",
        "view": "disk"
      },
      "geometry": {
        "type": "Polygon",
        "coordinates": [
          [
            [
              -0.05102285025980081,
              -0.29024173868714537
            ],
            [
              -0.06435691302020236,
              -0.5259975404270788
            ],
            [
              -0.3016246107114667,
              -0.5197999748636483
            ],
            [
              -0.30260408942761535,
              -0.28202199898734415
            ],
            [
              -0.29861847007631237,
              -0.2783704291226009
            ],
            [
              -0.058867469756629,
              -0.28208954923524465
            ],
            [
              -0.05102285025980081,
              -0.29024173868714537
            ]
          ]
        ]
      }
    },
    {
      "type": "Feature",
      "properties": {
        "cell_id": "CEG2000_f4_r0025_c0116",
        "method": "Harmonic",
        "view": "disk"
      },
      "geometry": {
        "type": "Polygon",
        "coordinates": [
          [
            [
              0.20626891555547192,
              -0.3100580960340279
            ],
            [
              0.17984355920754802,
              -0.5460732437423838
            ],
            [
              -0.0592802094522526,
              -0.5317648793775867
            ],
            [
              -0.06435691302020236,
              -0.5259975404270789
            ],
            [
              -0.05102285025980082,
              -0.29024173868714537
            ],
            [
              0.19174101318650724,
              -0.2942325788524288
            ],
            [
              0.20626891555547192,
              -0.3100580960340279
            ]
          ]
        ]
      }
    },
    {
      "type": "Feature",
      "properties": {
        "cell_id": "CEG2000_f4_r0025_c0117",
        "method": "Harmonic",
        "view": "disk"
      },
      "geometry": {
        "type": "Polygon",
        "coordinates": [
          [
            [
              0.4741229067047912,
              -0.32792017384402655
            ],
            [
              0.44163162953610313,
              -0.5930664248042576
            ],
            [
              0.1979467418430102,
              -0.569260115361421
            ],
            [
              0.17984355920754802,
              -0.5460732437423836
            ],
            [
              0.20626891555547192,
              -0.3100580960340279
            ],
            [
              0.46413482470752004,
              -0.31663038567392504
            ],
            [
              0.4741229067047912,
              -0.32792017384402655
            ]
          ]
        ]
      }
    },
    {
      "type": "Feature",
      "properties": {
        "cell_id": "CEG2000_f4_r0025_c0118",
        "method": "Harmonic",
        "view": "disk"
      },
      "geometry": {
        "type": "Polygon",
        "coordinates": [
          [
            [
              0.728795715335954,
              -0.34297772730104825
            ],
            [
              0.7019588770126287,
              -0.6251306638877785
            ],
            [
              0.46785975752802256,
              -0.6271920998625471
            ],
            [
              0.4416316295361031,
              -0.5930664248042579
            ],
            [
              0.4741229067047912,
              -0.3279201738440266
            ],
            [
              0.728795715335954,
              -0.34297772730104825
            ]
          ]
        ]
      }
    },
    {
      "type": "Feature",
      "properties": {
        "cell_id": "CEG2000_f4_r0025_c0119",
        "method": "Harmonic",
        "view": "disk"
      },
      "geometry": {
        "type": "Polygon",
        "coordinates": [
          [
            [
              0.7019588770126288,
              -0.6251306638877783
            ],
            [
              0.7287957153359541,
              -0.34297772730104825
            ],
            [
              0.7824648534286576,
              -0.304972752324407
            ],
            [
              0.9317229049826502,
              -0.36314742763351304
            ],
            [
              0.9300172236840122,
              -0.3675159365947035
            ],
            [
              0.9269794004668329,
              -0.37511223801703797
            ],
            [
              0.9238795325112867,
              -0.3826834323650898
            ],
            [
              0.9207178272982477,
              -0.390229012882428
            ],
            [
              0.9174944964474914,
              -0.397748474527011
            ],
            [
              0.9142097557035307,
              -0.4052413140049898
            ],
            [
              0.9108638249211758,
              -0.41270702980439467
            ],
            [
              0.9074569280508187,
              -0.4201451222287024
            ],
            [
              0.9039892931234433,
              -0.42755509343028203
            ],
            [
              0.9004611522353636,
              -0.43493644744371707
            ],
            [
              0.8968727415326884,
              -0.44228869021900125
            ],
            [
              0.8932243011955153,
              -0.44961132965460654
            ],
            [
              0.8895160754218561,
              -0.4569038756304206
            ],
            [
              0.8857483124112906,
              -0.4641658400405515
            ],
            [
              0.881921264348355,
              -0.4713967368259976
            ],
            [
              0.8780351873856628,
              -0.4785960820071808
            ],
            [
              0.8740903416267589,
              -0.48576339371634003
            ],
            [
              0.8700869911087115,
              -0.4928981922297839
            ],
            [
              0.8660254037844387,
              -0.49999999999999994
            ],
            [
              0.8619058515047743,
              -0.507068341687617
            ],
            [
              0.8577286100002721,
              -0.5141027441932217
            ],
            [
              0.8534939588627505,
              -0.5211027366890234
            ],
            [
              0.849202181526579,
              -0.5280678506503679
            ],
            [
              0.8448535652497071,
              -0.5349976198870972
            ],
            [
              0.8404484010944381,
              -0.5418915805747516
            ],
            [
              0.8359869839079467,
              -0.5487492712856158
            ],
            [
              0.8314696123025452,
              -0.5555702330196022
            ],
            [
              0.8268965886356963,
              -0.562354009234973
            ],
            [
              0.8222682189897751,
              -0.5691001458788982
            ],
            [
              0.8175848131515837,
              -0.5758081914178452
            ],
            [
              0.8128466845916152,
              -0.582477696867802
            ],
            [
              0.8080541504430732,
              -0.5891082158243282
            ],
            [
              0.8032075314806449,
              -0.5956993044924332
            ],
            [
              0.7983071520990315,
              -0.6022505217162819
            ],
            [
              0.7933533402912353,
              -0.6087614290087205
            ],
            [
              0.7883464276266062,
              -0.6152315905806268
            ],
            [
              0.7832867492286505,
              -0.6216605733700773
            ],
            [
              0.7781746437525979,
              -0.6280479470713342
            ],
            [
              0.773010453362737,
              -0.6343932841636455
            ],
            [
              0.7677945237095121,
              -0.6406961599398607
            ],
            [
              0.7625272039063882,
              -0.6469561525348573
            ],
            [
              0.7572088465064847,
              -0.6531728429537766
            ],
            [
              0.7518398074789775,
              -0.6593458151000688
            ],
            [
              0.7467908040645376,
              -0.665055812267694
            ],
            [
              0.7019588770126288,
              -0.6251306638877783
            ]
          ]
        ]
      }
    },
    {
      "type": "Feature",
      "properties": {
        "cell_id": "CEG2000_f4_r0026_c0111",
        "method": "Harmonic",
        "view": "disk"
      },
      "geometry": {
        "type": "Polygon",
        "coordinates": [
          [
            [
              -0.8957878978027055,
              0.004074989536308298
            ],
            [
              -0.8691395131337541,
              -0.015263144495430453
            ],
            [
              -0.9710457021123273,
              -0.238858818162016
            ],
            [
              -0.9719866448212794,
              -0.23503608720592703
            ],
            [
              -0.9738769792773335,
              -0.22707626303437373
            ],
            [
              -0.9757021300385285,
              -0.21910124015687005
            ],
            [
              -0.9774619749435718,
              -0.2111115523589656
            ],
            [
              -0.9791563962022337,
              -0.20310773440776303
            ],
            [
              -0.9807852804032304,
              -0.1950903220161286
            ],
            [
              -0.9823485185218156,
              -0.1870598518068325
            ],
            [
              -0.9838460059270774,
              -0.1790168612766329
            ],
            [
              -0.9852776423889412,
              -0.17096188876030163
            ],
            [
              -0.986643332084879,
              -0.1628954733945889
            ],
            [
              -0.9879429836063223,
              -0.15481815508214136
            ],
            [
              -0.9891765099647809,
              -0.14673047445536225
            ],
            [
              -0.9903438285976648,
              -0.1386329728402269
            ],
            [
              -0.9914448613738104,
              -0.130526192220052
            ],
            [
              -0.99247953459871,
              -0.12241067519921635
            ],
            [
              -0.9934477790194444,
              -0.11428696496684672
            ],
            [
              -0.994349529829318,
              -0.10615560526045797
            ],
            [
              -0.9951847266721968,
              -0.09801714032956083
            ],
            [
              -0.9959533136465477,
              -0.08987211489923537
            ],
            [
              -0.9966552393091803,
              -0.08172107413366836
            ],
            [
              -0.9972904566786902,
              -0.07356456359966773
            ],
            [
              -0.9978589232386035,
              -0.06540312923014356
            ],
            [
              -0.9983606009402225,
              -0.05723731728756885
            ],
            [
              -0.9987954562051724,
              -0.04906767432741841
            ],
            [
              -0.9991634599276488,
              -0.04089474716158358
            ],
            [
              -0.9994645874763657,
              -0.03271908282177645
            ],
            [
              -0.9996988186962042,
              -0.02454122852291277
            ],
            [
              -0.9998661379095618,
              -0.016361731626486995
            ],
            [
              -0.9999665339174011,
              -0.00818113960393752
            ],
            [
              -1.0,
              -1.2246467991473532e-16
            ],
            [
              -0.999981391802765,
              0.004548971601530658
            ],
            [
              -0.8957878978027055,
              0.004074989536308298
            ]
          ]
        ]
      }
    },
    {
      "type": "Feature",
      "properties": {
        "cell_id": "CEG2000_f4_r0026_c0112",
        "method": "Harmonic",
        "view": "disk"
      },
      "geometry": {
        "type": "Polygon",
        "coordinates": [
          [
            [
              -0.8691395131337548,
              -0.015263144495430411
            ],
            [
              -0.7404252064601704,
              -0.012168312924664339
            ],
            [
              -0.7332028053236749,
              -0.018127900207596026
            ],
            [
              -0.7528964557293735,
              -0.2702447840576167
            ],
            [
              -0.769429492125338,
              -0.28063512067484786
            ],
            [
              -0.9694064979856688,
              -0.24543175088322128
            ],
            [
              -0.970031253194544,
              -0.24298017990326407
            ],
            [
              -0.9710457021123275,
              -0.23885881816201515
            ],
            [
              -0.8691395131337548,
              -0.015263144495430411
            ]
          ]
        ]
      }
    },
    {
      "type": "Feature",
      "properties": {
        "cell_id": "CEG2000_f4_r0026_c0113",
        "method": "Harmonic",
        "view": "disk"
      },
      "geometry": {
        "type": "Polygon",
        "coordinates": [
          [
            [
              -0.530834487229584,
              -0.27412086807601527
            ],
            [
              -0.5475644607797485,
              -0.28811177755460904
            ],
            [
              -0.7528964557293735,
              -0.27024478405761676
            ],
            [
              -0.7332028053236749,
              -0.018127900207596
            ],
            [
              -0.5323605331421104,
              -0.015945121446731537
            ],
            [
              -0.5258534566994897,
              -0.02173623207514086
            ],
            [
              -0.530834487229584,
              -0.27412086807601527
            ]
          ]
        ]
      }
    },
    {
      "type": "Feature",
      "properties": {
        "cell_id": "CEG2000_f4_r0026_c0114",
        "method": "Harmonic",
        "view": "disk"
      },
      "geometry": {
        "type": "Polygon",
        "coordinates": [
          [
            [
              -0.29287777171936974,
              -0.029533655841537748
            ],
            [
              -0.2986184700763123,
              -0.27837042912260096
            ],
            [
              -0.30260408942761524,
              -0.28202199898734415
            ],
            [
              -0.530834487229584,
              -0.27412086807601527
            ],
            [
              -0.5258534566994897,
              -0.02173623207514079
            ],
            [
              -0.302960344519969,
              -0.020048872673439928
            ],
            [
              -0.29287777171936974,
              -0.029533655841537748
            ]
          ]
        ]
      }
    },
    {
      "type": "Feature",
      "properties": {
        "cell_id": "CEG2000_f4_r0026_c0115",
        "method": "Harmonic",
        "view": "disk"
      },
      "geometry": {
        "type": "Polygon",
        "coordinates": [
          [
            [
              -0.049005716782594244,
              -0.040377589650133994
            ],
            [
              -0.05886746975662885,
              -0.2820895492352447
            ],
            [
              -0.29861847007631237,
              -0.2783704291226009
            ],
            [
              -0.2928777717193698,
              -0.029533655841537877
            ],
            [
              -0.06374903055330601,
              -0.02621916850812131
            ],
            [
              -0.049005716782594244,
              -0.040377589650133994
            ]
          ]
        ]
      }
    },
    {
      "type": "Feature",
      "properties": {
        "cell_id": "CEG2000_f4_r0026_c0116",
        "method": "Harmonic",
        "view": "disk"
      },
      "geometry": {
        "type": "Polygon",
        "coordinates": [
          [
            [
              0.20402534740206163,
              -0.052885438463120105
            ],
            [
              0.1917410131865072,
              -0.2942325788524288
            ],
            [
              -0.0510228502598008,
              -0.2902417386871454
            ],
            [
              -0.05886746975662886,
              -0.28208954923524476
            ],
            [
              -0.04900571678259425,
              -0.04037758965013395
            ],
            [
              0.1826253068365476,
              -0.03284343700191317
            ],
            [
              0.20402534740206163,
              -0.052885438463120105
            ]
          ]
        ]
      }
    },
    {
      "type": "Feature",
      "properties": {
        "cell_id": "CEG2000_f4_r0026_c0117",
        "method": "Harmonic",
        "view": "disk"
      },
      "geometry": {
        "type": "Polygon",
        "coordinates": [
          [
            [
              0.4741154468286116,
              -0.06688043215073308
            ],
            [
              0.46413482470752015,
              -0.3166303856739251
            ],
            [
              0.2062689155554719,
              -0.3100580960340279
            ],
            [
              0.19174101318650727,
              -0.2942325788524288
            ],
            [
              0.2040253474020617,
              -0.05288543846312016
            ],
            [
              0.4373289662418556,
              -0.03564266351536192
            ],
            [
              0.4741154468286116,
              -0.06688043215073308
            ]
          ]
        ]
      }
    },
    {
      "type": "Feature",
      "properties": {
        "cell_id": "CEG2000_f4_r0026_c0118",
        "method": "Harmonic",
        "view": "disk"
      },
      "geometry": {
        "type": "Polygon",
        "coordinates": [
          [
            [
              0.7849270465531367,
              -0.08153921912768058
            ],
            [
              0.7824648534286572,
              -0.3049727523244073
            ],
            [
              0.728795715335954,
              -0.3429777273010483
            ],
            [
              0.4741229067047913,
              -0.32792017384402666
            ],
            [
              0.46413482470752015,
              -0.3166303856739251
            ],
            [
              0.4741154468286116,
              -0.06688043215073308
            ],
            [
              0.697496466116711,
              -0.02662182102320902
            ],
            [
              0.7849270465531367,
              -0.08153921912768058
            ]
          ]
        ]
      }
    },
    {
      "type": "Feature",
      "properties": {
        "cell_id": "CEG2000_f4_r0026_c0119",
        "method": "Harmonic",
        "view": "disk"
      },
      "geometry": {
        "type": "Polygon",
        "coordinates": [
          [
            [
              0.7824648534286575,
              -0.3049727523244073
            ],
            [
              0.7849270465531369,
              -0.08153921912768063
            ],
            [
              0.9612022229075188,
              0.0015196646459015861
            ],
            [
              0.99999353272602,
              0.0015809938653878533
            ],
            [
              1.0,
              0.0
            ],
            [
              0.9999665339174011,
              -0.008181139603937128
            ],
            [
              0.9998661379095618,
              -0.01636173162648678
            ],
            [
              0.9996988186962042,
              -0.024541228522912288
            ],
            [
              0.9994645874763657,
              -0.03271908282177614
            ],
            [
              0.9991634599276488,
              -0.04089474716158344
            ],
            [
              0.9987954562051724,
              -0.049067674327418015
            ],
            [
              0.9983606009402225,
              -0.057237317287568625
            ],
            [
              0.9978589232386035,
              -0.06540312923014306
            ],
            [
              0.9972904566786902,
              -0.07356456359966743
            ],
            [
              0.9966552393091803,
              -0.0817210741336682
            ],
            [
              0.9959533136465477,
              -0.08987211489923497
            ],
            [
              0.9951847266721969,
              -0.0980171403295606
            ],
            [
              0.9943495298293181,
              -0.10615560526045748
            ],
            [
              0.9934477790194444,
              -0.11428696496684639
            ],
            [
              0.99247953459871,
              -0.12241067519921618
            ],
            [
              0.9914448613738104,
              -0.13052619222005157
            ],
            [
              0.9903438285976649,
              -0.13863297284022666
            ],
            [
              0.989176509964781,
              -0.14673047445536175
            ],
            [
              0.9879429836063224,
              -0.15481815508214103
            ],
            [
              0.986643332084879,
              -0.1628954733945887
            ],
            [
              0.9852776423889412,
              -0.17096188876030122
            ],
            [
              0.9838460059270774,
              -0.17901686127663266
            ],
            [
              0.9823485185218157,
              -0.18705985180683196
            ],
            [
              0.9807852804032304,
              -0.19509032201612825
            ],
            [
              0.9791563962022337,
              -0.20310773440776286
            ],
            [
              0.9774619749435719,
              -0.21111155235896514
            ],
            [
              0.9757021300385286,
              -0.21910124015686977
            ],
            [
              0.9738769792773336,
              -0.2270762630343732
            ],
            [
              0.9719866448212794,
              -0.23503608720592667
            ],
            [
              0.970031253194544,
              -0.24298017990326384
            ],
            [
              0.9680109352757227,
              -0.25090800941106
            ],
            [
              0.9659258262890683,
              -0.25881904510252074
            ],
            [
              0.9637760657954398,
              -0.26671275747489837
            ],
            [
              0.9615617976829619,
              -0.2745886181849323
            ],
            [
              0.9592831701573936,
              -0.28244610008421245
            ],
            [
              0.9569403357322088,
              -0.29028467725446233
            ],
            [
              0.9545334512183885,
              -0.2981038250427398
            ],
            [
              0.9520626777139243,
              -0.30590302009655346
            ],
            [
              0.9495281805930367,
              -0.31368174039889146
            ],
            [
              0.9469301294951057,
              -0.32143946530316153
            ],
            [
              0.9442686983133165,
              -0.32917567556803884
            ],
            [
              0.9415440651830208,
              -0.33688985339222005
            ],
            [
              0.9387564124698132,
              -0.34458148244908043
            ],
            [
              0.9359059267573258,
              -0.3522500479212335
            ],
            [
              0.932992798834739,
              -0.3598950365349881
            ],
            [
              0.9317229049826501,
              -0.36314742763351326
            ],
            [
              0.7824648534286575,
              -0.3049727523244073
            ]
          ]
        ]
      }
    },
    {
      "type": "Feature",
      "properties": {
        "cell_id": "CEG2000_f4_r0027_c0111",
        "method": "Harmonic",
        "view": "disk"
      },
      "geometry": {
        "type": "Polygon",
        "coordinates": [
          [
            [
              -0.9294349155107869,
              0.2042306516108201
            ],
            [
              -0.8957878978027052,
              0.004074989536308303
            ],
            [
              -0.999981391802765,
              0.0045489716015306636
            ],
            [
              -0.9999665339174011,
              0.008181139603936832
            ],
            [
              -0.9998661379095618,
              0.016361731626486308
            ],
            [
              -0.9996988186962042,
              0.02454122852291208
            ],
            [
              -0.9994645874763657,
              0.03271908282177576
            ],
            [
              -0.9991634599276488,
              0.04089474716158289
            ],
            [
              -0.9987954562051724,
              0.049067674327417724
            ],
            [
              -0.9983606009402225,
              0.05723731728756816
            ],
            [
              -0.9978589232386035,
              0.06540312923014287
            ],
            [
              -0.9972904566786902,
              0.07356456359966705
            ],
            [
              -0.9966552393091803,
              0.08172107413366768
            ],
            [
              -0.9959533136465478,
              0.08987211489923469
            ],
            [
              -0.9951847266721969,
              0.09801714032956015
            ],
            [
              -0.9943495298293181,
              0.1061556052604573
            ],
            [
              -0.9934477790194445,
              0.11428696496684604
            ],
            [
              -0.9924795345987101,
              0.12241067519921565
            ],
            [
              -0.9914448613738105,
              0.13052619222005132
            ],
            [
              -0.9903438285976649,
              0.13863297284022622
            ],
            [
              -0.989176509964781,
              0.14673047445536158
            ],
            [
              -0.9879429836063224,
              0.15481815508214067
            ],
            [
              -0.9866433320848791,
              0.1628954733945882
            ],
            [
              -0.9852776423889413,
              0.17096188876030097
            ],
            [
              -0.9838460059270775,
              0.17901686127663224
            ],
            [
              -0.9823485185218157,
              0.1870598518068318
            ],
            [
              -0.9807852804032305,
              0.19509032201612792
            ],
            [
              -0.9791563962022338,
              0.20310773440776236
            ],
            [
              -0.9774619749435719,
              0.21111155235896492
            ],
            [
              -0.9766904207942978,
              0.21461440465817155
            ],
            [
              -0.9294349155107869,
              0.2042306516108201
            ]
          ]
        ]
      }
    },
    {
      "type": "Feature",
      "properties": {
        "cell_id": "CEG2000_f4_r0027_c0112",
        "method": "Harmonic",
        "view": "disk"
      },
      "geometry": {
        "type": "Polygon",
        "coordinates": [
          [
            [
              -0.7536111259818222,
              0.23637038095865662
            ],
            [
              -0.7404252064601704,
              -0.012168312924664389
            ],
            [
              -0.8691395131337543,
              -0.015263144495430536
            ],
            [
              -0.8957878978027052,
              0.004074989536307916
            ],
            [
              -0.929434915510787,
              0.20423065161082032
            ],
            [
              -0.7731521798894638,
              0.24868672054224647
            ],
            [
              -0.7536111259818222,
              0.23637038095865662
            ]
          ]
        ]
      }
    },
    {
      "type": "Feature",
      "properties": {
        "cell_id": "CEG2000_f4_r0027_c0113",
        "method": "Harmonic",
        "view": "disk"
      },
      "geometry": {
        "type": "Polygon",
        "coordinates": [
          [
            [
              -0.5290357016679266,
              0.23524237314614888
            ],
            [
              -0.5323605331421106,
              -0.01594512144673155
            ],
            [
              -0.7332028053236748,
              -0.018127900207596
            ],
            [
              -0.7404252064601704,
              -0.012168312924664249
            ],
            [
              -0.7536111259818222,
              0.2363703809586566
            ],
            [
              -0.5541335122750025,
              0.2562676874866917
            ],
            [
              -0.5290357016679266,
              0.23524237314614888
            ]
          ]
        ]
      }
    },
    {
      "type": "Feature",
      "properties": {
        "cell_id": "CEG2000_f4_r0027_c0114",
        "method": "Harmonic",
        "view": "disk"
      },
      "geometry": {
        "type": "Polygon",
        "coordinates": [
          [
            [
              -0.29426649769141283,
              0.22270371026692867
            ],
            [
              -0.30296034451996906,
              -0.020048872673439976
            ],
            [
              -0.5258534566994896,
              -0.021736232075140804
            ],
            [
              -0.5323605331421104,
              -0.015945121446731422
            ],
            [
              -0.5290357016679265,
              0.2352423731461487
            ],
            [
              -0.31662884738323027,
              0.2434920012061953
            ],
            [
              -0.29426649769141283,
              0.22270371026692867
            ]
          ]
        ]
      }
    },
    {
      "type": "Feature",
      "properties": {
        "cell_id": "CEG2000_f4_r0027_c0115",
        "method": "Harmonic",
        "view": "disk"
      },
      "geometry": {
        "type": "Polygon",
        "coordinates": [
          [
            [
              -0.05626628346001157,
              0.21170678587908284
            ],
            [
              -0.06374903055330591,
              -0.026219168508121372
            ],
            [
              -0.2928777717193697,
              -0.029533655841537887
            ],
            [
              -0.30296034451996906,
              -0.020048872673439938
            ],
            [
              -0.2942664976914129,
              0.22270371026692865
            ],
            [
              -0.07582523122172385,
              0.22985012910107253
            ],
            [
              -0.05626628346001157,
              0.21170678587908284
            ]
          ]
        ]
      }
    },
    {
      "type": "Feature",
      "properties": {
        "cell_id": "CEG2000_f4_r0027_c0116",
        "method": "Harmonic",
        "view": "disk"
      },
      "geometry": {
        "type": "Polygon",
        "coordinates": [
          [
            [
              0.18511111113520454,
              0.20731077424364894
            ],
            [
              0.1826253068365476,
              -0.03284343700191312
            ],
            [
              -0.04900571678259433,
              -0.04037758965013391
            ],
            [
              -0.06374903055330595,
              -0.02621916850812138
            ],
            [
              -0.05626628346001159,
              0.2117067858790829
            ],
            [
              0.16558959832588913,
              0.22416730701014204
            ],
            [
              0.18511111113520454,
              0.20731077424364894
            ]
          ]
        ]
      }
    },
    {
      "type": "Feature",
      "properties": {
        "cell_id": "CEG2000_f4_r0027_c0117",
        "method": "Harmonic",
        "view": "disk"
      },
      "geometry": {
        "type": "Polygon",
        "coordinates": [
          [
            [
              0.43045862734090773,
              0.21213778599437316
            ],
            [
              0.4373289662418556,
              -0.0356426635153619
            ],
            [
              0.20402534740206163,
              -0.05288543846312013
            ],
            [
              0.1826253068365476,
              -0.032843437001913195
            ],
            [
              0.1851111111352045,
              0.20731077424364897
            ],
            [
              0.40712538143878446,
              0.22974397460104107
            ],
            [
              0.43045862734090773,
              0.21213778599437316
            ]
          ]
        ]
      }
    },
    {
      "type": "Feature",
      "properties": {
        "cell_id": "CEG2000_f4_r0027_c0118",
        "method": "Harmonic",
        "view": "disk"
      },
      "geometry": {
        "type": "Polygon",
        "coordinates": [
          [
            [
              0.6717177170830426,
              0.22747081631028038
            ],
            [
              0.6974964661167111,
              -0.026621821023209022
            ],
            [
              0.4741154468286116,
              -0.06688043215073314
            ],
            [
              0.4373289662418556,
              -0.03564266351536194
            ],
            [
              0.4304586273409077,
              0.21213778599437313
            ],
            [
              0.6390614945647295,
              0.24755155109143662
            ],
            [
              0.6717177170830426,
              0.22747081631028038
            ]
          ]
        ]
      }
    },
    {
      "type": "Feature",
      "properties": {
        "cell_id": "CEG2000_f4_r0027_c0119",
        "method": "Harmonic",
        "view": "disk"
      },
      "geometry": {
        "type": "Polygon",
        "coordinates": [
          [
            [
              0.9612022229075183,
              0.0015196646459014196
            ],
            [
              0.7849270465531368,
              -0.08153921912768072
            ],
            [
              0.697496466116711,
              -0.026621821023209015
            ],
            [
              0.6717177170830425,
              0.2274708163102805
            ],
            [
              0.8219894221116174,
              0.26650048606807175
            ],
            [
              0.8272146363930136,
              0.26488955549682536
            ],
            [
              0.9612022229075183,
              0.0015196646459014196
            ]
          ]
        ]
      }
    },
    {
      "type": "Feature",
      "properties": {
        "cell_id": "CEG2000_f4_r0027_c0120",
        "method": "Harmonic",
        "view": "disk"
      },
      "geometry": {
        "type": "Polygon",
        "coordinates": [
          [
            [
              0.9612022229075183,
              0.0015196646459015096
            ],
            [
              0.8272146363930138,
              0.2648895554968253
            ],
            [
              0.9523603058339846,
              0.3049635330259434
            ],
            [
              0.9545334512183883,
              0.2981038250427402
            ],
            [
              0.9569403357322086,
              0.29028467725446333
            ],
            [
              0.9592831701573934,
              0.2824461000842132
            ],
            [
              0.9615617976829618,
              0.2745886181849328
            ],
            [
              0.9637760657954396,
              0.2667127574748994
            ],
            [
              0.9659258262890681,
              0.25881904510252157
            ],
            [
              0.9680109352757226,
              0.25090800941106056
            ],
            [
              0.970031253194544,
              0.24298017990326418
            ],
            [
              0.9719866448212792,
              0.23503608720592759
            ],
            [
              0.9738769792773335,
              0.22707626303437384
            ],
            [
              0.9757021300385285,
              0.21910124015687016
            ],
            [
              0.9774619749435717,
              0.21111155235896614
            ],
            [
              0.9791563962022336,
              0.20310773440776358
            ],
            [
              0.9807852804032303,
              0.19509032201612872
            ],
            [
              0.9823485185218155,
              0.18705985180683304
            ],
            [
              0.9838460059270773,
              0.1790168612766335
            ],
            [
              0.9852776423889411,
              0.17096188876030177
            ],
            [
              0.986643332084879,
              0.162895473394589
            ],
            [
              0.9879429836063223,
              0.15481815508214192
            ],
            [
              0.9891765099647809,
              0.1467304744553624
            ],
            [
              0.9903438285976648,
              0.13863297284022702
            ],
            [
              0.9914448613738103,
              0.13052619222005257
            ],
            [
              0.9924795345987099,
              0.1224106751992169
            ],
            [
              0.9934477790194444,
              0.11428696496684684
            ],
            [
              0.994349529829318,
              0.10615560526045854
            ],
            [
              0.9951847266721968,
              0.0980171403295614
            ],
            [
              0.9959533136465477,
              0.0898721148992355
            ],
            [
              0.9966552393091803,
              0.08172107413366848
            ],
            [
              0.9972904566786901,
              0.0735645635996683
            ],
            [
              0.9978589232386035,
              0.06540312923014367
            ],
            [
              0.9983606009402225,
              0.05723731728756897
            ],
            [
              0.9987954562051723,
              0.04906767432741898
            ],
            [
              0.9991634599276488,
              0.040894747161584144
            ],
            [
              0.9994645874763657,
              0.032719082821776574
            ],
            [
              0.9996988186962041,
              0.024541228522913336
            ],
            [
              0.9998661379095618,
              0.016361731626487564
            ],
            [
              0.9999665339174011,
              0.008181139603937642
            ],
            [
              0.99999353272602,
              0.0015809938653877807
            ],
            [
              0.9612022229075183,
              0.0015196646459015096
            ]
          ]
        ]
      }
    },
    {
      "type": "Feature",
      "properties": {
        "cell_id": "CEG2000_f4_r0028_c0112",
        "method": "Harmonic",
        "view": "disk"
      },
      "geometry": {
        "type": "Polygon",
        "coordinates": [
          [
            [
              -0.8262419599206392,
              0.532915552802014
            ],
            [
              -0.7731521798894639,
              0.24868672054224655
            ],
            [
              -0.9294349155107875,
              0.20423065161082027
            ],
            [
              -0.9766904207942978,
              0.21461440465817158
            ],
            [
              -0.9757021300385287,
              0.21910124015686938
            ],
            [
              -0.9738769792773336,
              0.22707626303437303
            ],
            [
              -0.9719866448212795,
              0.23503608720592636
            ],
            [
              -0.9700312531945441,
              0.24298017990326337
            ],
            [
              -0.9680109352757228,
              0.25090800941105973
            ],
            [
              -0.9659258262890684,
              0.25881904510252035
            ],
            [
              -0.96377606579544,
              0.26671275747489825
            ],
            [
              -0.961561797682962,
              0.274588618184932
            ],
            [
              -0.9592831701573937,
              0.282446100084212
            ],
            [
              -0.9569403357322089,
              0.2902846772544621
            ],
            [
              -0.9545334512183886,
              0.29810382504273947
            ],
            [
              -0.9520626777139244,
              0.3059030200965529
            ],
            [
              -0.9495281805930368,
              0.3136817403988912
            ],
            [
              -0.9469301294951058,
              0.3214394653031611
            ],
            [
              -0.9442686983133166,
              0.3291756755680387
            ],
            [
              -0.9415440651830209,
              0.33688985339221966
            ],
            [
              -0.9387564124698135,
              0.34458148244907993
            ],
            [
              -0.9359059267573259,
              0.3522500479212332
            ],
            [
              -0.9329927988347391,
              0.35989503653498767
            ],
            [
              -0.9300172236840122,
              0.36751593659470333
            ],
            [
              -0.9269794004668331,
              0.37511223801703764
            ],
            [
              -0.923879532511287,
              0.3826834323650892
            ],
            [
              -0.9207178272982478,
              0.39022901288242773
            ],
            [
              -0.9174944964474915,
              0.3977484745270106
            ],
            [
              -0.9142097557035308,
              0.40524131400498964
            ],
            [
              -0.910863824921176,
              0.4127070298043944
            ],
            [
              -0.9074569280508189,
              0.42014512222870193
            ],
            [
              -0.9039892931234434,
              0.4275550934302818
            ],
            [
              -0.9004611522353638,
              0.4349364474437167
            ],
            [
              -0.8968727415326884,
              0.4422886902190011
            ],
            [
              -0.8932243011955155,
              0.44961132965460626
            ],
            [
              -0.8895160754218563,
              0.4569038756304202
            ],
            [
              -0.8857483124112907,
              0.4641658400405513
            ],
            [
              -0.8819212643483553,
              0.47139673682599725
            ],
            [
              -0.8780351873856628,
              0.4785960820071806
            ],
            [
              -0.874090341626759,
              0.4857633937163397
            ],
            [
              -0.8700869911087117,
              0.49289819222978354
            ],
            [
              -0.8660254037844388,
              0.4999999999999998
            ],
            [
              -0.8619058515047745,
              0.5070683416876167
            ],
            [
              -0.8577286100002722,
              0.5141027441932216
            ],
            [
              -0.8534939588627506,
              0.5211027366890231
            ],
            [
              -0.8492021815265792,
              0.5280678506503675
            ],
            [
              -0.8448535652497072,
              0.5349976198870969
            ],
            [
              -0.8404484010944383,
              0.5418915805747513
            ],
            [
              -0.8403627284618429,
              0.5420232688684404
            ],
            [
              -0.8262419599206392,
              0.532915552802014
            ]
          ]
        ]
      }
    },
    {
      "type": "Feature",
      "properties": {
        "cell_id": "CEG2000_f4_r0028_c0113",
        "method": "Harmonic",
        "view": "disk"
      },
      "geometry": {
        "type": "Polygon",
        "coordinates": [
          [
            [
              -0.5440365257900387,
              0.5047816745581816
            ],
            [
              -0.5541335122750024,
              0.2562676874866917
            ],
            [
              -0.7536111259818221,
              0.23637038095865662
            ],
            [
              -0.7731521798894638,
              0.24868672054224655
            ],
            [
              -0.8262419599206392,
              0.532915552802014
            ],
            [
              -0.583982231424743,
              0.5416892786556925
            ],
            [
              -0.5440365257900387,
              0.5047816745581816
            ]
          ]
        ]
      }
    },
    {
      "type": "Feature",
      "properties": {
        "cell_id": "CEG2000_f4_r0028_c0114",
        "method": "Harmonic",
        "view": "disk"
      },
      "geometry": {
        "type": "Polygon",
        "coordinates": [
          [
            [
              -0.299476103964118,
              0.4735051970616614
            ],
            [
              -0.3166288473832304,
              0.2434920012061953
            ],
            [
              -0.5290357016679264,
              0.2352423731461487
            ],
            [
              -0.5541335122750024,
              0.25626768748669176
            ],
            [
              -0.5440365257900387,
              0.5047816745581816
            ],
            [
              -0.33280611304112956,
              0.507655495645445
            ],
            [
              -0.299476103964118,
              0.4735051970616614
            ]
          ]
        ]
      }
    },
    {
      "type": "Feature",
      "properties": {
        "cell_id": "CEG2000_f4_r0028_c0115",
        "method": "Harmonic",
        "view": "disk"
      },
      "geometry": {
        "type": "Polygon",
        "coordinates": [
          [
            [
              -0.06685239512835328,
              0.4573607516326579
            ],
            [
              -0.0758252312217238,
              0.22985012910107253
            ],
            [
              -0.2942664976914128,
              0.22270371026692862
            ],
            [
              -0.31662884738323027,
              0.2434920012061953
            ],
            [
              -0.29947610396411795,
              0.4735051970616614
            ],
            [
              -0.08825283238783606,
              0.4779400813609627
            ],
            [
              -0.06685239512835328,
              0.4573607516326579
            ]
          ]
        ]
      }
    },
    {
      "type": "Feature",
      "properties": {
        "cell_id": "CEG2000_f4_r0028_c0116",
        "method": "Harmonic",
        "view": "disk"
      },
      "geometry": {
        "type": "Polygon",
        "coordinates": [
          [
            [
              0.16210589381909393,
              0.4588402735458009
            ],
            [
              0.16558959832588913,
              0.22416730701014204
            ],
            [
              -0.056266283460011696,
              0.21170678587908295
            ],
            [
              -0.07582523122172387,
              0.2298501291010725
            ],
            [
              -0.06685239512835334,
              0.4573607516326579
            ],
            [
              0.14904908708585907,
              0.46988757761800765
            ],
            [
              0.16210589381909393,
              0.4588402735458009
            ]
          ]
        ]
      }
    },
    {
      "type": "Feature",
      "properties": {
        "cell_id": "CEG2000_f4_r0028_c0117",
        "method": "Harmonic",
        "view": "disk"
      },
      "geometry": {
        "type": "Polygon",
        "coordinates": [
          [
            [
              0.38888403361867474,
              0.4812654547982129
            ],
            [
              0.4071253814387845,
              0.22974397460104107
            ],
            [
              0.18511111113520448,
              0.20731077424364902
            ],
            [
              0.16558959832588915,
              0.2241673070101421
            ],
            [
              0.16210589381909396,
              0.4588402735458009
            ],
            [
              0.38809935631143433,
              0.4818201275775975
            ],
            [
              0.38888403361867474,
              0.4812654547982129
            ]
          ]
        ]
      }
    },
    {
      "type": "Feature",
      "properties": {
        "cell_id": "CEG2000_f4_r0028_c0118",
        "method": "Harmonic",
        "view": "disk"
      },
      "geometry": {
        "type": "Polygon",
        "coordinates": [
          [
            [
              0.6133336268679418,
              0.511631688233771
            ],
            [
              0.6390614945647295,
              0.2475515510914366
            ],
            [
              0.4304586273409078,
              0.21213778599437316
            ],
            [
              0.4071253814387845,
              0.22974397460104104
            ],
            [
              0.3888840336186747,
              0.4812654547982129
            ],
            [
              0.6133336268679418,
              0.511631688233771
            ]
          ]
        ]
      }
    },
    {
      "type": "Feature",
      "properties": {
        "cell_id": "CEG2000_f4_r0028_c0119",
        "method": "Harmonic",
        "view": "disk"
      },
      "geometry": {
        "type": "Polygon",
        "coordinates": [
          [
            [
              0.8074610293758752,
              0.5238736113479459
            ],
            [
              0.8219894221116173,
              0.2665004860680717
            ],
            [
              0.6717177170830425,
              0.22747081631028052
            ],
            [
              0.6390614945647295,
              0.24755155109143667
            ],
            [
              0.6133336268679418,
              0.5116316882337709
            ],
            [
              0.6148823017144833,
              0.5132954942193081
            ],
            [
              0.8074610293758752,
              0.5238736113479459
            ]
          ]
        ]
      }
    },
    {
      "type": "Feature",
      "properties": {
        "cell_id": "CEG2000_f4_r0028_c0120",
        "method": "Harmonic",
        "view": "disk"
      },
      "geometry": {
        "type": "Polygon",
        "coordinates": [
          [
            [
              0.8272146363930137,
              0.26488955549682525
            ],
            [
              0.8219894221116173,
              0.2665004860680717
            ],
            [
              0.807461029375875,
              0.5238736113479457
            ],
            [
              0.8389003225735937,
              0.5442711481534637
            ],
            [
              0.8404484010944379,
              0.5418915805747521
            ],
            [
              0.8448535652497066,
              0.534997619887098
            ],
            [
              0.8492021815265786,
              0.5280678506503687
            ],
            [
              0.8534939588627503,
              0.5211027366890237
            ],
            [
              0.8577286100002716,
              0.5141027441932227
            ],
            [
              0.861905851504774,
              0.5070683416876177
            ],
            [
              0.8660254037844384,
              0.5000000000000004
            ],
            [
              0.8700869911087112,
              0.49289819222978426
            ],
            [
              0.8740903416267585,
              0.4857633937163408
            ],
            [
              0.8780351873856624,
              0.47859608200718134
            ],
            [
              0.8819212643483548,
              0.471396736825998
            ],
            [
              0.88574831241129,
              0.4641658400405524
            ],
            [
              0.8895160754218557,
              0.4569038756304213
            ],
            [
              0.8932243011955151,
              0.449611329654607
            ],
            [
              0.8968727415326878,
              0.44228869021900225
            ],
            [
              0.9004611522353633,
              0.4349364474437178
            ],
            [
              0.9039892931234431,
              0.42755509343028253
            ],
            [
              0.9074569280508186,
              0.42014512222870265
            ],
            [
              0.9108638249211755,
              0.4127070298043955
            ],
            [
              0.9142097557035304,
              0.4052413140049904
            ],
            [
              0.9174944964474911,
              0.39774847452701134
            ],
            [
              0.9207178272982474,
              0.3902290128824289
            ],
            [
              0.9238795325112865,
              0.3826834323650904
            ],
            [
              0.9269794004668328,
              0.37511223801703836
            ],
            [
              0.9300172236840117,
              0.3675159365947045
            ],
            [
              0.9329927988347386,
              0.35989503653498883
            ],
            [
              0.9359059267573255,
              0.352250047921234
            ],
            [
              0.9387564124698131,
              0.34458148244908066
            ],
            [
              0.9415440651830205,
              0.33688985339222083
            ],
            [
              0.9442686983133164,
              0.32917567556803945
            ],
            [
              0.9469301294951056,
              0.32143946530316186
            ],
            [
              0.9495281805930363,
              0.31368174039889235
            ],
            [
              0.952062677713924,
              0.30590302009655407
            ],
            [
              0.9523603058339846,
              0.3049635330259434
            ],
            [
              0.8272146363930137,
              0.26488955549682525
            ]
          ]
        ]
      }
    },
    {
      "type": "Feature",
      "properties": {
        "cell_id": "CEG2000_f4_r0029_c0113",
        "method": "Harmonic",
        "view": "disk"
      },
      "geometry": {
        "type": "Polygon",
        "coordinates": [
          [
            [
              -0.5341594216748798,
              0.7747534273129455
            ],
            [
              -0.5839822314247431,
              0.5416892786556926
            ],
            [
              -0.8262419599206394,
              0.532915552802014
            ],
            [
              -0.840362728461843,
              0.5420232688684403
            ],
            [
              -0.8359869839079468,
              0.5487492712856157
            ],
            [
              -0.8314696123025455,
              0.555570233019602
            ],
            [
              -0.8268965886356965,
              0.5623540092349727
            ],
            [
              -0.8222682189897753,
              0.569100145878898
            ],
            [
              -0.8175848131515839,
              0.5758081914178449
            ],
            [
              -0.8128466845916156,
              0.5824776968678016
            ],
            [
              -0.8080541504430734,
              0.5891082158243279
            ],
            [
              -0.8032075314806453,
              0.5956993044924329
            ],
            [
              -0.7983071520990316,
              0.6022505217162818
            ],
            [
              -0.7933533402912354,
              0.6087614290087203
            ],
            [
              -0.7883464276266067,
              0.6152315905806264
            ],
            [
              -0.7832867492286506,
              0.6216605733700772
            ],
            [
              -0.7781746437525981,
              0.6280479470713338
            ],
            [
              -0.7730104533627371,
              0.6343932841636453
            ],
            [
              -0.7677945237095123,
              0.6406961599398604
            ],
            [
              -0.7625272039063885,
              0.6469561525348569
            ],
            [
              -0.7572088465064848,
              0.6531728429537765
            ],
            [
              -0.7518398074789777,
              0.6593458151000685
            ],
            [
              -0.7464204461852739,
              0.6654746558033421
            ],
            [
              -0.7409511253549593,
              0.6715589548470181
            ],
            [
              -0.7354322110615191,
              0.6775983049957882
            ],
            [
              -0.7298640726978358,
              0.683592302022871
            ],
            [
              -0.7242470829514672,
              0.6895405447370666
            ],
            [
              -0.7185816177796983,
              0.6954426350096115
            ],
            [
              -0.7128680563843801,
              0.701298177800824
            ],
            [
              -0.7071067811865479,
              0.7071067811865471
            ],
            [
              -0.7012981778008246,
              0.7128680563843797
            ],
            [
              -0.695442635009612,
              0.7185816177796978
            ],
            [
              -0.689540544737067,
              0.7242470829514668
            ],
            [
              -0.6835923020228716,
              0.7298640726978354
            ],
            [
              -0.6775983049957891,
              0.7354322110615182
            ],
            [
              -0.6715589548470187,
              0.7409511253549589
            ],
            [
              -0.6654746558033426,
              0.7464204461852735
            ],
            [
              -0.6593458151000691,
              0.7518398074789773
            ],
            [
              -0.6531728429537771,
              0.7572088465064843
            ],
            [
              -0.6469561525348575,
              0.7625272039063881
            ],
            [
              -0.6406961599398614,
              0.7677945237095115
            ],
            [
              -0.6343932841636458,
              0.7730104533627367
            ],
            [
              -0.6280479470713344,
              0.7781746437525977
            ],
            [
              -0.6216605733700781,
              0.7832867492286498
            ],
            [
              -0.6152315905806273,
              0.7883464276266059
            ],
            [
              -0.6087614290087209,
              0.7933533402912349
            ],
            [
              -0.602250521716282,
              0.7983071520990315
            ],
            [
              -0.5956993044924339,
              0.8032075314806445
            ],
            [
              -0.5891082158243285,
              0.8080541504430729
            ],
            [
              -0.5824776968678023,
              0.8128466845916151
            ],
            [
              -0.5758081914178459,
              0.8175848131515833
            ],
            [
              -0.5691001458788986,
              0.8222682189897749
            ],
            [
              -0.5676193092270363,
              0.8232841870573975
            ],
            [
              -0.5341594216748798,
              0.7747534273129455
            ]
          ]
        ]
      }
    },
    {
      "type": "Feature",
      "properties": {
        "cell_id": "CEG2000_f4_r0029_c0114",
        "method": "Harmonic",
        "view": "disk"
      },
      "geometry": {
        "type": "Polygon",
        "coordinates": [
          [
            [
              -0.29582576336871086,
              0.7094789863851418
            ],
            [
              -0.3328061130411295,
              0.507655495645445
            ],
            [
              -0.5440365257900386,
              0.5047816745581815
            ],
            [
              -0.5839822314247431,
              0.5416892786556926
            ],
            [
              -0.5341594216748797,
              0.7747534273129455
            ],
            [
              -0.328643273595723,
              0.7552053645866126
            ],
            [
              -0.29582576336871086,
              0.7094789863851418
            ]
          ]
        ]
      }
    },
    {
      "type": "Feature",
      "properties": {
        "cell_id": "CEG2000_f4_r0029_c0115",
        "method": "Harmonic",
        "view": "disk"
      },
      "geometry": {
        "type": "Polygon",
        "coordinates": [
          [
            [
              -0.0742920804411304,
              0.6854473935733503
            ],
            [
              -0.08825283238783607,
              0.47794008136096267
            ],
            [
              -0.29947610396411783,
              0.4735051970616613
            ],
            [
              -0.3328061130411296,
              0.5076554956454452
            ],
            [
              -0.29582576336871097,
              0.7094789863851418
            ],
            [
              -0.09204419578683108,
              0.7045290286037366
            ],
            [
              -0.0742920804411304,
              0.6854473935733503
            ]
          ]
        ]
      }
    },
    {
      "type": "Feature",
      "properties": {
        "cell_id": "CEG2000_f4_r0029_c0116",
        "method": "Harmonic",
        "view": "disk"
      },
      "geometry": {
        "type": "Polygon",
        "coordinates": [
          [
            [
              0.1403860785417469,
              0.6895679670454307
            ],
            [
              0.14904908708585904,
              0.4698875776180077
            ],
            [
              -0.06685239512835345,
              0.45736075163265794
            ],
            [
              -0.08825283238783604,
              0.4779400813609626
            ],
            [
              -0.07429208044113038,
              0.6854473935733503
            ],
            [
              0.13267202941267606,
              0.6963660386037225
            ],
            [
              0.1403860785417469,
              0.6895679670454307
            ]
          ]
        ]
      }
    },
    {
      "type": "Feature",
      "properties": {
        "cell_id": "CEG2000_f4_r0029_c0117",
        "method": "Harmonic",
        "view": "disk"
      },
      "geometry": {
        "type": "Polygon",
        "coordinates": [
          [
            [
              0.3880993563114343,
              0.48182012757759746
            ],
            [
              0.162105893819094,
              0.4588402735458008
            ],
            [
              0.149049087085859,
              0.4698875776180076
            ],
            [
              0.1403860785417469,
              0.6895679670454306
            ],
            [
              0.3513489192802126,
              0.71273127701956
            ],
            [
              0.3880993563114343,
              0.48182012757759746
            ]
          ]
        ]
      }
    },
    {
      "type": "Feature",
      "properties": {
        "cell_id": "CEG2000_f4_r0029_c0118",
        "method": "Harmonic",
        "view": "disk"
      },
      "geometry": {
        "type": "Polygon",
        "coordinates": [
          [
            [
              0.5853158463627358,
              0.7937387501569708
            ],
            [
              0.6148823017144833,
              0.513295494219308
            ],
            [
              0.6133336268679419,
              0.5116316882337709
            ],
            [
              0.3888840336186747,
              0.4812654547982129
            ],
            [
              0.3880993563114342,
              0.4818201275775975
            ],
            [
              0.35134891928021256,
              0.71273127701956
            ],
            [
              0.36815147682198235,
              0.7354527945270466
            ],
            [
              0.5853158463627358,
              0.7937387501569708
            ]
          ]
        ]
      }
    },
    {
      "type": "Feature",
      "properties": {
        "cell_id": "CEG2000_f4_r0029_c0119",
        "method": "Harmonic",
        "view": "disk"
      },
      "geometry": {
        "type": "Polygon",
        "coordinates": [
          [
            [
              0.8074610293758752,
              0.5238736113479459
            ],
            [
              0.6148823017144832,
              0.5132954942193081
            ],
            [
              0.5853158463627357,
              0.7937387501569708
            ],
            [
              0.5934940594690606,
              0.8048291122065725
            ],
            [
              0.5956993044924329,
              0.8032075314806453
            ],
            [
              0.6022505217162817,
              0.7983071520990317
            ],
            [
              0.6087614290087199,
              0.7933533402912357
            ],
            [
              0.6152315905806264,
              0.7883464276266067
            ],
            [
              0.6216605733700771,
              0.7832867492286506
            ],
            [
              0.6280479470713334,
              0.7781746437525985
            ],
            [
              0.6343932841636449,
              0.7730104533627374
            ],
            [
              0.6406961599398604,
              0.7677945237095123
            ],
            [
              0.6469561525348572,
              0.7625272039063883
            ],
            [
              0.6531728429537761,
              0.7572088465064851
            ],
            [
              0.6593458151000684,
              0.7518398074789778
            ],
            [
              0.665474655803342,
              0.746420446185274
            ],
            [
              0.6715589548470177,
              0.7409511253549598
            ],
            [
              0.6775983049957882,
              0.7354322110615191
            ],
            [
              0.683592302022871,
              0.7298640726978359
            ],
            [
              0.6895405447370662,
              0.7242470829514677
            ],
            [
              0.6954426350096111,
              0.7185816177796986
            ],
            [
              0.701298177800824,
              0.7128680563843802
            ],
            [
              0.7071067811865474,
              0.7071067811865477
            ],
            [
              0.7128680563843793,
              0.7012981778008249
            ],
            [
              0.7185816177796976,
              0.6954426350096121
            ],
            [
              0.7242470829514667,
              0.6895405447370672
            ],
            [
              0.729864072697835,
              0.683592302022872
            ],
            [
              0.7354322110615182,
              0.6775983049957892
            ],
            [
              0.7409511253549588,
              0.6715589548470187
            ],
            [
              0.7464204461852731,
              0.665474655803343
            ],
            [
              0.7518398074789769,
              0.6593458151000694
            ],
            [
              0.7572088465064842,
              0.6531728429537771
            ],
            [
              0.762527203906388,
              0.6469561525348575
            ],
            [
              0.7677945237095114,
              0.6406961599398614
            ],
            [
              0.7730104533627367,
              0.6343932841636459
            ],
            [
              0.7781746437525977,
              0.6280479470713345
            ],
            [
              0.7832867492286498,
              0.6216605733700782
            ],
            [
              0.7883464276266059,
              0.6152315905806274
            ],
            [
              0.7933533402912349,
              0.6087614290087209
            ],
            [
              0.7983071520990309,
              0.6022505217162828
            ],
            [
              0.8032075314806445,
              0.5956993044924339
            ],
            [
              0.8080541504430729,
              0.5891082158243286
            ],
            [
              0.8128466845916151,
              0.5824776968678023
            ],
            [
              0.8175848131515833,
              0.575808191417846
            ],
            [
              0.8222682189897748,
              0.5691001458788987
            ],
            [
              0.826896588635696,
              0.5623540092349734
            ],
            [
              0.8314696123025448,
              0.555570233019603
            ],
            [
              0.8359869839079463,
              0.5487492712856165
            ],
            [
              0.8389003225735937,
              0.5442711481534637
            ],
            [
              0.8074610293758752,
              0.5238736113479459
            ]
          ]
        ]
      }
    },
    {
      "type": "Feature",
      "properties": {
        "cell_id": "CEG2000_f4_r0030_c0114",
        "method": "Harmonic",
        "view": "disk"
      },
      "geometry": {
        "type": "Polygon",
        "coordinates": [
          [
            [
              -0.28134688102916705,
              0.9023374442538661
            ],
            [
              -0.3286432735957229,
              0.7552053645866126
            ],
            [
              -0.53415942167488,
              0.7747534273129457
            ],
            [
              -0.5676193092270363,
              0.8232841870573975
            ],
            [
              -0.5623540092349733,
              0.826896588635696
            ],
            [
              -0.555570233019603,
              0.8314696123025448
            ],
            [
              -0.5487492712856163,
              0.8359869839079463
            ],
            [
              -0.541891580574752,
              0.8404484010944379
            ],
            [
              -0.5349976198870973,
              0.844853565249707
            ],
            [
              -0.5280678506503685,
              0.8492021815265786
            ],
            [
              -0.5211027366890237,
              0.8534939588627503
            ],
            [
              -0.5141027441932218,
              0.857728610000272
            ],
            [
              -0.5070683416876177,
              0.861905851504774
            ],
            [
              -0.5000000000000004,
              0.8660254037844384
            ],
            [
              -0.4928981922297842,
              0.8700869911087113
            ],
            [
              -0.48576339371634075,
              0.8740903416267585
            ],
            [
              -0.4785960820071813,
              0.8780351873856624
            ],
            [
              -0.4713967368259979,
              0.8819212643483549
            ],
            [
              -0.46416584004055234,
              0.8857483124112902
            ],
            [
              -0.45690387563042123,
              0.8895160754218557
            ],
            [
              -0.44961132965460693,
              0.8932243011955151
            ],
            [
              -0.44228869021900136,
              0.8968727415326883
            ],
            [
              -0.43493644744371773,
              0.9004611522353633
            ],
            [
              -0.4275550934302825,
              0.9039892931234431
            ],
            [
              -0.4201451222287026,
              0.9074569280508186
            ],
            [
              -0.41270702980439544,
              0.9108638249211755
            ],
            [
              -0.40524131400499036,
              0.9142097557035305
            ],
            [
              -0.3977484745270113,
              0.9174944964474913
            ],
            [
              -0.39022901288242884,
              0.9207178272982474
            ],
            [
              -0.38268343236509034,
              0.9238795325112865
            ],
            [
              -0.3751122380170383,
              0.9269794004668328
            ],
            [
              -0.36751593659470366,
              0.9300172236840121
            ],
            [
              -0.3598950365349888,
              0.9329927988347386
            ],
            [
              -0.35225004792123393,
              0.9359059267573255
            ],
            [
              -0.3445814824490806,
              0.9387564124698131
            ],
            [
              -0.3368898533922208,
              0.9415440651830205
            ],
            [
              -0.3291756755680394,
              0.9442686983133164
            ],
            [
              -0.3214394653031618,
              0.9469301294951056
            ],
            [
              -0.3136817403988923,
              0.9495281805930365
            ],
            [
              -0.305903020096554,
              0.952062677713924
            ],
            [
              -0.29810382504274013,
              0.9545334512183884
            ],
            [
              -0.2976637238851309,
              0.9546689228438706
            ],
            [
              -0.28134688102916705,
              0.9023374442538661
            ]
          ]
        ]
      }
    },
    {
      "type": "Feature",
      "properties": {
        "cell_id": "CEG2000_f4_r0030_c0115",
        "method": "Harmonic",
        "view": "disk"
      },
      "geometry": {
        "type": "Polygon",
        "coordinates": [
          [
            [
              -0.09204419578683112,
              0.7045290286037366
            ],
            [
              -0.2958257633687109,
              0.7094789863851418
            ],
            [
              -0.32864327359572293,
              0.7552053645866126
            ],
            [
              -0.2813468810291671,
              0.902337444253866
            ],
            [
              -0.07824682794217228,
              0.8738998835600997
            ],
            [
              -0.09204419578683112,
              0.7045290286037366
            ]
          ]
        ]
      }
    },
    {
      "type": "Feature",
      "properties": {
        "cell_id": "CEG2000_f4_r0030_c0116",
        "method": "Harmonic",
        "view": "disk"
      },
      "geometry": {
        "type": "Polygon",
        "coordinates": [
          [
            [
              0.13267202941267597,
              0.6963660386037225
            ],
            [
              -0.07429208044113031,
              0.68544739357335
            ],
            [
              -0.09204419578683114,
              0.7045290286037366
            ],
            [
              -0.07824682794217229,
              0.8738998835600997
            ],
            [
              -0.07280783766068033,
              0.8802604143239072
            ],
            [
              0.11327143743578535,
              0.8939170626641304
            ],
            [
              0.1225860580481676,
              0.8804244131538419
            ],
            [
              0.13267202941267597,
              0.6963660386037225
            ]
          ]
        ]
      }
    },
    {
      "type": "Feature",
      "properties": {
        "cell_id": "CEG2000_f4_r0030_c0117",
        "method": "Harmonic",
        "view": "disk"
      },
      "geometry": {
        "type": "Polygon",
        "coordinates": [
          [
            [
              0.36815147682198235,
              0.7354527945270466
            ],
            [
              0.3513489192802126,
              0.71273127701956
            ],
            [
              0.14038607854174684,
              0.6895679670454307
            ],
            [
              0.13267202941267597,
              0.6963660386037225
            ],
            [
              0.1225860580481676,
              0.8804244131538419
            ],
            [
              0.28088432990590423,
              0.8770916067795452
            ],
            [
              0.3421032937991308,
              0.7975787420036794
            ],
            [
              0.36815147682198235,
              0.7354527945270466
            ]
          ]
        ]
      }
    },
    {
      "type": "Feature",
      "properties": {
        "cell_id": "CEG2000_f4_r0030_c0118",
        "method": "Harmonic",
        "view": "disk"
      },
      "geometry": {
        "type": "Polygon",
        "coordinates": [
          [
            [
              0.5853158463627357,
              0.7937387501569707
            ],
            [
              0.3681514768219824,
              0.7354527945270466
            ],
            [
              0.3421032937991308,
              0.7975787420036795
            ],
            [
              0.39419229524941174,
              0.9190189064276345
            ],
            [
              0.3977484745270101,
              0.9174944964474917
            ],
            [
              0.4052413140049892,
              0.9142097557035309
            ],
            [
              0.41270702980439433,
              0.910863824921176
            ],
            [
              0.42014512222870226,
              0.9074569280508188
            ],
            [
              0.42755509343028136,
              0.9039892931234437
            ],
            [
              0.4349364474437166,
              0.9004611522353638
            ],
            [
              0.442288690219001,
              0.8968727415326885
            ],
            [
              0.4496113296546058,
              0.8932243011955158
            ],
            [
              0.4569038756304201,
              0.8895160754218563
            ],
            [
              0.4641658400405512,
              0.8857483124112907
            ],
            [
              0.4713967368259968,
              0.8819212643483555
            ],
            [
              0.4785960820071802,
              0.8780351873856631
            ],
            [
              0.4857633937163397,
              0.874090341626759
            ],
            [
              0.49289819222978387,
              0.8700869911087115
            ],
            [
              0.49999999999999933,
              0.866025403784439
            ],
            [
              0.5070683416876166,
              0.8619058515047746
            ],
            [
              0.5141027441932216,
              0.8577286100002722
            ],
            [
              0.5211027366890226,
              0.8534939588627509
            ],
            [
              0.5280678506503674,
              0.8492021815265792
            ],
            [
              0.5349976198870969,
              0.8448535652497072
            ],
            [
              0.541891580574751,
              0.8404484010944385
            ],
            [
              0.5487492712856153,
              0.835986983907947
            ],
            [
              0.5555702330196018,
              0.8314696123025455
            ],
            [
              0.562354009234973,
              0.8268965886356963
            ],
            [
              0.5691001458788976,
              0.8222682189897755
            ],
            [
              0.5758081914178449,
              0.8175848131515839
            ],
            [
              0.5824776968678019,
              0.8128466845916154
            ],
            [
              0.5891082158243275,
              0.8080541504430737
            ],
            [
              0.5934940594690608,
              0.8048291122065724
            ],
            [
              0.5853158463627357,
              0.7937387501569707
            ]
          ]
        ]
      }
    },
    {
      "type": "Feature",
      "properties": {
        "cell_id": "CEG2000_f4_r0031_c0115",
        "method": "Harmonic",
        "view": "disk"
      },
      "geometry": {
        "type": "Polygon",
        "coordinates": [
          [
            [
              -0.07280783766068036,
              0.880260414323907
            ],
            [
              -0.07824682794217233,
              0.8738998835600995
            ],
            [
              -0.28134688102916694,
              0.9023374442538656
            ],
            [
              -0.29766372388513096,
              0.9546689228438706
            ],
            [
              -0.29028467725446244,
              0.9569403357322088
            ],
            [
              -0.28244610008421317,
              0.9592831701573934
            ],
            [
              -0.27458861818493274,
              0.9615617976829618
            ],
            [
              -0.26671275747489853,
              0.9637760657954398
            ],
            [
              -0.2588190451025215,
              0.9659258262890681
            ],
            [
              -0.2509080094110605,
              0.9680109352757226
            ],
            [
              -0.24298017990326412,
              0.970031253194544
            ],
            [
              -0.23503608720592753,
              0.9719866448212793
            ],
            [
              -0.22707626303437378,
              0.9738769792773335
            ],
            [
              -0.2191012401568701,
              0.9757021300385285
            ],
            [
              -0.2111115523589661,
              0.9774619749435717
            ],
            [
              -0.20310773440776353,
              0.9791563962022336
            ],
            [
              -0.19509032201612866,
              0.9807852804032303
            ],
            [
              -0.1870598518068321,
              0.9823485185218157
            ],
            [
              -0.1790168612766334,
              0.9838460059270773
            ],
            [
              -0.1709618887603017,
              0.9852776423889411
            ],
            [
              -0.16289547339458896,
              0.986643332084879
            ],
            [
              -0.15481815508214186,
              0.9879429836063223
            ],
            [
              -0.1467304744553623,
              0.9891765099647809
            ],
            [
              -0.13863297284022696,
              0.9903438285976648
            ],
            [
              -0.1305261922200525,
              0.9914448613738103
            ],
            [
              -0.12241067519921685,
              0.99247953459871
            ],
            [
              -0.11428696496684677,
              0.9934477790194444
            ],
            [
              -0.1061556052604576,
              0.9943495298293181
            ],
            [
              -0.09801714032956134,
              0.9951847266721968
            ],
            [
              -0.08987211489923544,
              0.9959533136465477
            ],
            [
              -0.08243000232995594,
              0.9965941900630472
            ],
            [
              -0.07280783766068036,
              0.880260414323907
            ]
          ]
        ]
      }
    },
    {
      "type": "Feature",
      "properties": {
        "cell_id": "CEG2000_f4_r0031_c0116",
        "method": "Harmonic",
        "view": "disk"
      },
      "geometry": {
        "type": "Polygon",
        "coordinates": [
          [
            [
              0.1132714374357853,
              0.8939170626641304
            ],
            [
              -0.07280783766068036,
              0.880260414323907
            ],
            [
              -0.08243000232995594,
              0.9965941900630472
            ],
            [
              -0.08172107413366843,
              0.9966552393091803
            ],
            [
              -0.07356456359966825,
              0.9972904566786902
            ],
            [
              -0.06540312923014362,
              0.9978589232386035
            ],
            [
              -0.05723731728756891,
              0.9983606009402225
            ],
            [
              -0.04906767432741892,
              0.9987954562051723
            ],
            [
              -0.04089474716158408,
              0.9991634599276488
            ],
            [
              -0.03271908282177651,
              0.9994645874763657
            ],
            [
              -0.02454122852291239,
              0.9996988186962042
            ],
            [
              -0.0163617316264875,
              0.9998661379095618
            ],
            [
              -0.008181139603937581,
              0.9999665339174011
            ],
            [
              -1.8369701987210297e-16,
              1.0
            ],
            [
              0.008181139603936325,
              0.9999665339174011
            ],
            [
              0.016361731626486246,
              0.9998661379095618
            ],
            [
              0.02454122852291202,
              0.9996988186962042
            ],
            [
              0.032719082821775256,
              0.9994645874763657
            ],
            [
              0.04089474716158283,
              0.9991634599276488
            ],
            [
              0.04906767432741766,
              0.9987954562051724
            ],
            [
              0.05723731728756854,
              0.9983606009402225
            ],
            [
              0.06540312923014237,
              0.9978589232386036
            ],
            [
              0.07356456359966698,
              0.9972904566786902
            ],
            [
              0.08172107413366805,
              0.9966552393091803
            ],
            [
              0.08987211489923418,
              0.9959533136465478
            ],
            [
              0.09801714032956009,
              0.9951847266721969
            ],
            [
              0.10615560526045723,
              0.9943495298293181
            ],
            [
              0.11428696496684553,
              0.9934477790194445
            ],
            [
              0.1224106751992156,
              0.9924795345987101
            ],
            [
              0.12570738307899984,
              0.9920592267656083
            ],
            [
              0.1132714374357853,
              0.8939170626641304
            ]
          ]
        ]
      }
    },
    {
      "type": "Feature",
      "properties": {
        "cell_id": "CEG2000_f4_r0031_c0117",
        "method": "Harmonic",
        "view": "disk"
      },
      "geometry": {
        "type": "Polygon",
        "coordinates": [
          [
            [
              0.2808843299059042,
              0.8770916067795452
            ],
            [
              0.1225860580481676,
              0.8804244131538419
            ],
            [
              0.11327143743578531,
              0.8939170626641304
            ],
            [
              0.12570738307899987,
              0.9920592267656083
            ],
            [
              0.13052619222005127,
              0.9914448613738105
            ],
            [
              0.13863297284022572,
              0.990343828597665
            ],
            [
              0.14673047445536108,
              0.9891765099647811
            ],
            [
              0.1548181550821406,
              0.9879429836063224
            ],
            [
              0.1628954733945886,
              0.986643332084879
            ],
            [
              0.17096188876030047,
              0.9852776423889413
            ],
            [
              0.1790168612766322,
              0.9838460059270775
            ],
            [
              0.18705985180683174,
              0.9823485185218157
            ],
            [
              0.19509032201612742,
              0.9807852804032307
            ],
            [
              0.2031077344077623,
              0.9791563962022338
            ],
            [
              0.21111155235896487,
              0.9774619749435719
            ],
            [
              0.21910124015686888,
              0.9757021300385288
            ],
            [
              0.22707626303437256,
              0.9738769792773339
            ],
            [
              0.2350360872059263,
              0.9719866448212795
            ],
            [
              0.24298017990326376,
              0.970031253194544
            ],
            [
              0.2509080094110593,
              0.9680109352757229
            ],
            [
              0.2588190451025203,
              0.9659258262890684
            ],
            [
              0.2667127574748982,
              0.96377606579544
            ],
            [
              0.2745886181849315,
              0.9615617976829621
            ],
            [
              0.28244610008421195,
              0.9592831701573937
            ],
            [
              0.29028467725446205,
              0.9569403357322089
            ],
            [
              0.29810382504273897,
              0.9545334512183887
            ],
            [
              0.3049864413242434,
              0.9523530485188282
            ],
            [
              0.2808843299059042,
              0.8770916067795452
            ]
          ]
        ]
      }
    },
    {
      "type": "Feature",
      "properties": {
        "cell_id": "CEG2000_f4_r0031_c0118",
        "method": "Harmonic",
        "view": "disk"
      },
      "geometry": {
        "type": "Polygon",
        "coordinates": [
          [
            [
              0.34210329379913085,
              0.7975787420036795
            ],
            [
              0.28088432990590423,
              0.8770916067795453
            ],
            [
              0.3049864413242434,
              0.9523530485188282
            ],
            [
              0.30590302009655285,
              0.9520626777139245
            ],
            [
              0.31368174039889113,
              0.9495281805930368
            ],
            [
              0.3214394653031615,
              0.9469301294951057
            ],
            [
              0.32917567556803823,
              0.9442686983133167
            ],
            [
              0.3368898533922196,
              0.9415440651830209
            ],
            [
              0.34458148244908027,
              0.9387564124698132
            ],
            [
              0.3522500479212327,
              0.935905926757326
            ],
            [
              0.3598950365349876,
              0.9329927988347391
            ],
            [
              0.3675159365947033,
              0.9300172236840122
            ],
            [
              0.37511223801703714,
              0.9269794004668332
            ],
            [
              0.38268343236508917,
              0.923879532511287
            ],
            [
              0.3902290128824277,
              0.9207178272982478
            ],
            [
              0.39419229524941174,
              0.9190189064276345
            ],
            [
              0.34210329379913085,
              0.7975787420036795
            ]
          ]
        ]
      }
    }
  ]
}