{
  "type": "FeatureCollection",
  "features": [
    {
      "type": "Feature",
      "properties": {
        "cell_id": "CEG2000_f4_r0027_c0088",
        "method": "GeoDisk-Final",
        "view": "disk"
      },
      "geometry": {
        "type": "Polygon",
        "coordinates": [
          [
            [
              -0.8570991050453622,
              -0.4177825504581822
            ],
            [
              -0.7895722986133636,
              -0.46262790827378814
            ],
            [
              -0.786917568363904,
              -0.46637928493692504
            ],
            [
              -0.8518739025438958,
              -0.5237319217563653
            ],
            [
              -0.8534939588627503,
              -0.5211027366890236
            ],
            [
              -0.8577286100002718,
              -0.5141027441932221
            ],
            [
              -0.8619058515047742,
              -0.5070683416876173
            ],
            [
              -0.8660254037844385,
              -0.5000000000000003
            ],
            [
              -0.8700869911087113,
              -0.49289819222978415
            ],
            [
              -0.8740903416267587,
              -0.4857633937163403
            ],
            [
              -0.8780351873856626,
              -0.47859608200718123
            ],
            [
              -0.8819212643483549,
              -0.47139673682599786
            ],
            [
              -0.8857483124112904,
              -0.4641658400405519
            ],
            [
              -0.889516075421856,
              -0.4569038756304208
            ],
            [
              -0.8932243011955152,
              -0.4496113296546069
            ],
            [
              -0.8968727415326881,
              -0.4422886902190017
            ],
            [
              -0.9004611522353635,
              -0.4349364474437173
            ],
            [
              -0.9024096189430948,
              -0.43085998819523624
            ],
            [
              -0.8570991050453622,
              -0.4177825504581822
            ]
          ]
        ]
      }
    },
    {
      "type": "Feature",
      "properties": {
        "cell_id": "CEG2000_f4_r0027_c0089",
        "method": "GeoDisk-Final",
        "view": "disk"
      },
      "geometry": {
        "type": "Polygon",
        "coordinates": [
          [
            [
              -0.7869175683639058,
              -0.4663792849369237
            ],
            [
              -0.7824516602899203,
              -0.4713273162037235
            ],
            [
              -0.7788688612156737,
              -0.4791518923573118
            ],
            [
              -0.7671591821211933,
              -0.6282155128146751
            ],
            [
              -0.7697152195932154,
              -0.638375210777637
            ],
            [
              -0.7730104533627367,
              -0.6343932841636458
            ],
            [
              -0.7781746437525977,
              -0.6280479470713344
            ],
            [
              -0.7832867492286502,
              -0.6216605733700776
            ],
            [
              -0.7883464276266062,
              -0.6152315905806269
            ],
            [
              -0.793353340291235,
              -0.6087614290087209
            ],
            [
              -0.7983071520990312,
              -0.6022505217162823
            ],
            [
              -0.8032075314806448,
              -0.5956993044924335
            ],
            [
              -0.8080541504430729,
              -0.5891082158243285
            ],
            [
              -0.8128466845916151,
              -0.5824776968678022
            ],
            [
              -0.8175848131515836,
              -0.5758081914178454
            ],
            [
              -0.8222682189897749,
              -0.5691001458788986
            ],
            [
              -0.8268965886356962,
              -0.5623540092349733
            ],
            [
              -0.831469612302545,
              -0.5555702330196025
            ],
            [
              -0.8359869839079465,
              -0.5487492712856163
            ],
            [
              -0.8404484010944379,
              -0.541891580574752
            ],
            [
              -0.8448535652497069,
              -0.5349976198870976
            ],
            [
              -0.8492021815265788,
              -0.5280678506503681
            ],
            [
              -0.8518739025438969,
              -0.5237319217563634
            ],
            [
              -0.7869175683639058,
              -0.4663792849369237
            ]
          ]
        ]
      }
    },
    {
      "type": "Feature",
      "properties": {
        "cell_id": "CEG2000_f4_r0027_c0100",
        "method": "GeoDisk-Final",
        "view": "disk"
      },
      "geometry": {
        "type": "Polygon",
        "coordinates": [
          [
            [
              0.278568298221059,
              -0.9455017913382295
            ],
            [
              0.2496002199273469,
              -0.7900757009206869
            ],
            [
              0.4258994887634964,
              -0.7656509782502038
            ],
            [
              0.42331127171198757,
              -0.9059752690490684
            ],
            [
              0.4201451222287025,
              -0.9074569280508187
            ],
            [
              0.41270702980439494,
              -0.9108638249211757
            ],
            [
              0.40524131400499,
              -0.9142097557035306
            ],
            [
              0.3977484745270112,
              -0.9174944964474913
            ],
            [
              0.3902290128824281,
              -0.9207178272982476
            ],
            [
              0.38268343236508984,
              -0.9238795325112867
            ],
            [
              0.3751122380170382,
              -0.9269794004668328
            ],
            [
              0.3675159365947037,
              -0.9300172236840121
            ],
            [
              0.3598950365349883,
              -0.9329927988347388
            ],
            [
              0.3522500479212336,
              -0.9359059267573256
            ],
            [
              0.3445814824490805,
              -0.9387564124698132
            ],
            [
              0.3368898533922203,
              -0.9415440651830207
            ],
            [
              0.32917567556803906,
              -0.9442686983133165
            ],
            [
              0.3214394653031617,
              -0.9469301294951056
            ],
            [
              0.3136817403988916,
              -0.9495281805930367
            ],
            [
              0.3059030200965535,
              -0.9520626777139243
            ],
            [
              0.29810382504274,
              -0.9545334512183884
            ],
            [
              0.2902846772544625,
              -0.9569403357322088
            ],
            [
              0.2832685644412337,
              -0.9590373477629379
            ],
            [
              0.278568298221059,
              -0.9455017913382295
            ]
          ]
        ]
      }
    },
    {
      "type": "Feature",
      "properties": {
        "cell_id": "CEG2000_f4_r0027_c0101",
        "method": "GeoDisk-Final",
        "view": "disk"
      },
      "geometry": {
        "type": "Polygon",
        "coordinates": [
          [
            [
              0.4258994887634963,
              -0.7656509782502038
            ],
            [
              0.4469312744785626,
              -0.7409195086802647
            ],
            [
              0.517468376269778,
              -0.7309902927366119
            ],
            [
              0.5763868378152273,
              -0.8171737330434512
            ],
            [
              0.5758081914178453,
              -0.8175848131515837
            ],
            [
              0.5691001458788983,
              -0.822268218989775
            ],
            [
              0.5623540092349731,
              -0.8268965886356962
            ],
            [
              0.5555702330196024,
              -0.8314696123025451
            ],
            [
              0.548749271285616,
              -0.8359869839079467
            ],
            [
              0.5418915805747517,
              -0.840448401094438
            ],
            [
              0.5349976198870973,
              -0.844853565249707
            ],
            [
              0.5280678506503681,
              -0.8492021815265789
            ],
            [
              0.5211027366890234,
              -0.8534939588627504
            ],
            [
              0.5141027441932219,
              -0.857728610000272
            ],
            [
              0.5070683416876172,
              -0.8619058515047742
            ],
            [
              0.5000000000000001,
              -0.8660254037844386
            ],
            [
              0.4928981922297841,
              -0.8700869911087113
            ],
            [
              0.4857633937163401,
              -0.8740903416267588
            ],
            [
              0.478596082007181,
              -0.8780351873856627
            ],
            [
              0.4713967368259978,
              -0.8819212643483549
            ],
            [
              0.46416584004055167,
              -0.8857483124112905
            ],
            [
              0.45690387563042073,
              -0.889516075421856
            ],
            [
              0.4496113296546066,
              -0.8932243011955153
            ],
            [
              0.44228869021900147,
              -0.8968727415326883
            ],
            [
              0.43493644744371723,
              -0.9004611522353636
            ],
            [
              0.4275550934302822,
              -0.9039892931234433
            ],
            [
              0.42331127171198746,
              -0.9059752690490684
            ],
            [
              0.4258994887634963,
              -0.7656509782502038
            ]
          ]
        ]
      }
    },
    {
      "type": "Feature",
      "properties": {
        "cell_id": "CEG2000_f4_r0027_c0102",
        "method": "GeoDisk-Final",
        "view": "disk"
      },
      "geometry": {
        "type": "Polygon",
        "coordinates": [
          [
            [
              0.517468376269778,
              -0.7309902927366123
            ],
            [
              0.5506959119515233,
              -0.689099076071841
            ],
            [
              0.6713675287242147,
              -0.667079021745135
            ],
            [
              0.7201730530679384,
              -0.6937847314748918
            ],
            [
              0.7185816177796982,
              -0.6954426350096116
            ],
            [
              0.71286805638438,
              -0.7012981778008243
            ],
            [
              0.7071067811865476,
              -0.7071067811865475
            ],
            [
              0.7012981778008244,
              -0.7128680563843798
            ],
            [
              0.6954426350096117,
              -0.7185816177796981
            ],
            [
              0.689540544737067,
              -0.7242470829514669
            ],
            [
              0.6835923020228714,
              -0.7298640726978356
            ],
            [
              0.6775983049957888,
              -0.7354322110615186
            ],
            [
              0.6715589548470184,
              -0.740951125354959
            ],
            [
              0.6654746558033422,
              -0.7464204461852738
            ],
            [
              0.659345815100069,
              -0.7518398074789774
            ],
            [
              0.6531728429537769,
              -0.7572088465064845
            ],
            [
              0.6469561525348575,
              -0.7625272039063881
            ],
            [
              0.6406961599398608,
              -0.767794523709512
            ],
            [
              0.6343932841636456,
              -0.7730104533627369
            ],
            [
              0.6280479470713343,
              -0.7781746437525978
            ],
            [
              0.6216605733700774,
              -0.7832867492286504
            ],
            [
              0.6152315905806269,
              -0.7883464276266062
            ],
            [
              0.6087614290087207,
              -0.7933533402912352
            ],
            [
              0.6022505217162821,
              -0.7983071520990314
            ],
            [
              0.5956993044924335,
              -0.8032075314806448
            ],
            [
              0.5891082158243284,
              -0.808054150443073
            ],
            [
              0.5824776968678023,
              -0.8128466845916151
            ],
            [
              0.5763868378152271,
              -0.8171737330434514
            ],
            [
              0.517468376269778,
              -0.7309902927366123
            ]
          ]
        ]
      }
    },
    {
      "type": "Feature",
      "properties": {
        "cell_id": "CEG2000_f4_r0028_c0087",
        "method": "GeoDisk-Final",
        "view": "disk"
      },
      "geometry": {
        "type": "Polygon",
        "coordinates": [
          [
            [
              -0.900200152722491,
              -0.3204376307083911
            ],
            [
              -0.8628545230355602,
              -0.33925050166301846
            ],
            [
              -0.916774377742196,
              -0.3993911411130388
            ],
            [
              -0.9174944964474913,
              -0.39774847452701123
            ],
            [
              -0.9207178272982475,
              -0.3902290128824284
            ],
            [
              -0.9238795325112867,
              -0.3826834323650899
            ],
            [
              -0.9269794004668328,
              -0.37511223801703825
            ],
            [
              -0.930017223684012,
              -0.367515936594704
            ],
            [
              -0.9329927988347388,
              -0.35989503653498833
            ],
            [
              -0.9359059267573255,
              -0.3522500479212339
            ],
            [
              -0.9387564124698131,
              -0.34458148244908055
            ],
            [
              -0.9415440651830207,
              -0.33688985339222033
            ],
            [
              -0.942059091853592,
              -0.33543167273780233
            ],
            [
              -0.900200152722491,
              -0.3204376307083911
            ]
          ]
        ]
      }
    },
    {
      "type": "Feature",
      "properties": {
        "cell_id": "CEG2000_f4_r0028_c0088",
        "method": "GeoDisk-Final",
        "view": "disk"
      },
      "geometry": {
        "type": "Polygon",
        "coordinates": [
          [
            [
              -0.8628545230355605,
              -0.3392505016630182
            ],
            [
              -0.8457675307627929,
              -0.3416007879043465
            ],
            [
              -0.8443066322839885,
              -0.3427040354534139
            ],
            [
              -0.8570991050453616,
              -0.41778255045818247
            ],
            [
              -0.9024096189430946,
              -0.4308599881952366
            ],
            [
              -0.9039892931234431,
              -0.4275550934302824
            ],
            [
              -0.9074569280508186,
              -0.42014512222870254
            ],
            [
              -0.9108638249211757,
              -0.412707029804395
            ],
            [
              -0.9142097557035305,
              -0.4052413140049903
            ],
            [
              -0.9167743777421962,
              -0.3993911411130385
            ],
            [
              -0.8628545230355605,
              -0.3392505016630182
            ]
          ]
        ]
      }
    },
    {
      "type": "Feature",
      "properties": {
        "cell_id": "CEG2000_f4_r0028_c0089",
        "method": "GeoDisk-Final",
        "view": "disk"
      },
      "geometry": {
        "type": "Polygon",
        "coordinates": [
          [
            [
              -0.7895722986133642,
              -0.46262790827378714
            ],
            [
              -0.8570991050453622,
              -0.41778255045818213
            ],
            [
              -0.8443066322839888,
              -0.34270403545341394
            ],
            [
              -0.8022839005163709,
              -0.34489060705255375
            ],
            [
              -0.7895722986133642,
              -0.46262790827378714
            ]
          ]
        ]
      }
    },
    {
      "type": "Feature",
      "properties": {
        "cell_id": "CEG2000_f4_r0028_c0090",
        "method": "GeoDisk-Final",
        "view": "disk"
      },
      "geometry": {
        "type": "Polygon",
        "coordinates": [
          [
            [
              -0.7192673280875023,
              -0.3600249983397135
            ],
            [
              -0.7824516602899205,
              -0.47132731620372315
            ],
            [
              -0.7869175683639058,
              -0.4663792849369237
            ],
            [
              -0.7895722986133646,
              -0.46262790827378714
            ],
            [
              -0.8022839005163712,
              -0.3448906070525539
            ],
            [
              -0.7944652163317677,
              -0.34075569465837674
            ],
            [
              -0.7708304397296268,
              -0.3376720935353283
            ],
            [
              -0.7192673280875023,
              -0.3600249983397135
            ]
          ]
        ]
      }
    },
    {
      "type": "Feature",
      "properties": {
        "cell_id": "CEG2000_f4_r0028_c0091",
        "method": "GeoDisk-Final",
        "view": "disk"
      },
      "geometry": {
        "type": "Polygon",
        "coordinates": [
          [
            [
              -0.6279409821940197,
              -0.45249217700592886
            ],
            [
              -0.7788688612156738,
              -0.4791518923573127
            ],
            [
              -0.7824516602899211,
              -0.47132731620372287
            ],
            [
              -0.7192673280875028,
              -0.3600249983397133
            ],
            [
              -0.7087817627885862,
              -0.35933031294675294
            ],
            [
              -0.6279409821940197,
              -0.45249217700592886
            ]
          ]
        ]
      }
    },
    {
      "type": "Feature",
      "properties": {
        "cell_id": "CEG2000_f4_r0028_c0092",
        "method": "GeoDisk-Final",
        "view": "disk"
      },
      "geometry": {
        "type": "Polygon",
        "coordinates": [
          [
            [
              -0.7671591821211933,
              -0.6282155128146749
            ],
            [
              -0.7788688612156737,
              -0.4791518923573125
            ],
            [
              -0.6279409821940202,
              -0.4524921770059287
            ],
            [
              -0.5967604368579239,
              -0.4681856296651386
            ],
            [
              -0.7671591821211933,
              -0.6282155128146749
            ]
          ]
        ]
      }
    },
    {
      "type": "Feature",
      "properties": {
        "cell_id": "CEG2000_f4_r0028_c0096",
        "method": "GeoDisk-Final",
        "view": "disk"
      },
      "geometry": {
        "type": "Polygon",
        "coordinates": [
          [
            [
              -0.49735051194862717,
              -0.7736857914640243
            ],
            [
              -0.24730185816819522,
              -0.7395098547387847
            ],
            [
              -0.22306004529177637,
              -0.7624194428424753
            ],
            [
              -0.278646805326912,
              -0.9603849452200286
            ],
            [
              -0.2824461000842123,
              -0.9592831701573937
            ],
            [
              -0.29028467725446216,
              -0.9569403357322089
            ],
            [
              -0.2981038250427397,
              -0.9545334512183885
            ],
            [
              -0.3059030200965532,
              -0.9520626777139244
            ],
            [
              -0.31368174039889124,
              -0.9495281805930368
            ],
            [
              -0.32143946530316136,
              -0.9469301294951057
            ],
            [
              -0.32917567556803873,
              -0.9442686983133166
            ],
            [
              -0.33688985339221994,
              -0.9415440651830208
            ],
            [
              -0.34458148244908016,
              -0.9387564124698133
            ],
            [
              -0.35225004792123327,
              -0.9359059267573258
            ],
            [
              -0.35989503653498794,
              -0.932992798834739
            ],
            [
              -0.3675159365947034,
              -0.9300172236840122
            ],
            [
              -0.3751122380170379,
              -0.926979400466833
            ],
            [
              -0.3826834323650895,
              -0.9238795325112868
            ],
            [
              -0.3902290128824278,
              -0.9207178272982478
            ],
            [
              -0.39774847452701084,
              -0.9174944964474914
            ],
            [
              -0.40524131400498975,
              -0.9142097557035307
            ],
            [
              -0.4127070298043946,
              -0.9108638249211759
            ],
            [
              -0.4201451222287024,
              -0.9074569280508187
            ],
            [
              -0.42755509343028186,
              -0.9039892931234434
            ],
            [
              -0.43493644744371673,
              -0.9004611522353638
            ],
            [
              -0.44228869021900113,
              -0.8968727415326884
            ],
            [
              -0.4496113296546063,
              -0.8932243011955154
            ],
            [
              -0.4569038756304206,
              -0.8895160754218561
            ],
            [
              -0.46416584004055134,
              -0.8857483124112906
            ],
            [
              -0.4713967368259973,
              -0.8819212643483553
            ],
            [
              -0.4785960820071807,
              -0.8780351873856628
            ],
            [
              -0.4857633937163398,
              -0.874090341626759
            ],
            [
              -0.492898192229784,
              -0.8700869911087115
            ],
            [
              -0.49999999999999983,
              -0.8660254037844387
            ],
            [
              -0.5070683416876167,
              -0.8619058515047745
            ],
            [
              -0.5141027441932217,
              -0.8577286100002721
            ],
            [
              -0.5211027366890232,
              -0.8534939588627506
            ],
            [
              -0.528067850650368,
              -0.8492021815265789
            ],
            [
              -0.534997619887097,
              -0.8448535652497072
            ],
            [
              -0.5418915805747514,
              -0.8404484010944382
            ],
            [
              -0.5487492712856158,
              -0.8359869839079468
            ],
            [
              -0.5500643809151364,
              -0.8351160159814174
            ],
            [
              -0.49735051194862717,
              -0.7736857914640243
            ]
          ]
        ]
      }
    },
    {
      "type": "Feature",
      "properties": {
        "cell_id": "CEG2000_f4_r0028_c0097",
        "method": "GeoDisk-Final",
        "view": "disk"
      },
      "geometry": {
        "type": "Polygon",
        "coordinates": [
          [
            [
              -0.2230600452917765,
              -0.7624194428424753
            ],
            [
              -0.07087876125683794,
              -0.7786038309402621
            ],
            [
              -0.029058863183960486,
              -0.8196905802557607
            ],
            [
              -0.02900998501243826,
              -0.8202849843819335
            ],
            [
              -0.03728386158441055,
              -0.9992964567187789
            ],
            [
              -0.04089474716158317,
              -0.9991634599276488
            ],
            [
              -0.049067674327417786,
              -0.9987954562051724
            ],
            [
              -0.057237317287568444,
              -0.9983606009402225
            ],
            [
              -0.06540312923014292,
              -0.9978589232386035
            ],
            [
              -0.07356456359966733,
              -0.9972904566786902
            ],
            [
              -0.08172107413366796,
              -0.9966552393091803
            ],
            [
              -0.08987211489923475,
              -0.9959533136465477
            ],
            [
              -0.09801714032956042,
              -0.9951847266721969
            ],
            [
              -0.10615560526045735,
              -0.9943495298293181
            ],
            [
              -0.11428696496684632,
              -0.9934477790194444
            ],
            [
              -0.12241067519921595,
              -0.9924795345987101
            ],
            [
              -0.13052619222005138,
              -0.9914448613738105
            ],
            [
              -0.13863297284022652,
              -0.9903438285976649
            ],
            [
              -0.14673047445536164,
              -0.989176509964781
            ],
            [
              -0.15481815508214075,
              -0.9879429836063224
            ],
            [
              -0.16289547339458849,
              -0.9866433320848791
            ],
            [
              -0.17096188876030102,
              -0.9852776423889413
            ],
            [
              -0.17901686127663252,
              -0.9838460059270775
            ],
            [
              -0.18705985180683188,
              -0.9823485185218157
            ],
            [
              -0.19509032201612797,
              -0.9807852804032305
            ],
            [
              -0.20310773440776264,
              -0.9791563962022337
            ],
            [
              -0.21111155235896498,
              -0.9774619749435719
            ],
            [
              -0.21910124015686966,
              -0.9757021300385286
            ],
            [
              -0.22707626303437312,
              -0.9738769792773336
            ],
            [
              -0.23503608720592642,
              -0.9719866448212795
            ],
            [
              -0.24298017990326365,
              -0.9700312531945441
            ],
            [
              -0.25090800941105984,
              -0.9680109352757228
            ],
            [
              -0.25881904510252063,
              -0.9659258262890683
            ],
            [
              -0.2667127574748983,
              -0.9637760657954398
            ],
            [
              -0.2745886181849321,
              -0.961561797682962
            ],
            [
              -0.2786468053269121,
              -0.9603849452200286
            ],
            [
              -0.2230600452917765,
              -0.7624194428424753
            ]
          ]
        ]
      }
    },
    {
      "type": "Feature",
      "properties": {
        "cell_id": "CEG2000_f4_r0028_c0098",
        "method": "GeoDisk-Final",
        "view": "disk"
      },
      "geometry": {
        "type": "Polygon",
        "coordinates": [
          [
            [
              -0.029009985012438348,
              -0.8202849843819326
            ],
            [
              0.278568298221059,
              -0.945501791338229
            ],
            [
              0.2832685644412339,
              -0.9590373477629379
            ],
            [
              0.2824461000842126,
              -0.9592831701573936
            ],
            [
              0.2745886181849324,
              -0.9615617976829619
            ],
            [
              0.26671275747489864,
              -0.9637760657954398
            ],
            [
              0.25881904510252096,
              -0.9659258262890682
            ],
            [
              0.2509080094110602,
              -0.9680109352757227
            ],
            [
              0.24298017990326398,
              -0.970031253194544
            ],
            [
              0.23503608720592675,
              -0.9719866448212794
            ],
            [
              0.22707626303437345,
              -0.9738769792773336
            ],
            [
              0.21910124015687,
              -0.9757021300385285
            ],
            [
              0.2111115523589653,
              -0.9774619749435718
            ],
            [
              0.20310773440776297,
              -0.9791563962022337
            ],
            [
              0.19509032201612833,
              -0.9807852804032304
            ],
            [
              0.1870598518068322,
              -0.9823485185218156
            ],
            [
              0.17901686127663285,
              -0.9838460059270774
            ],
            [
              0.17096188876030136,
              -0.9852776423889412
            ],
            [
              0.16289547339458882,
              -0.986643332084879
            ],
            [
              0.15481815508214108,
              -0.9879429836063224
            ],
            [
              0.14673047445536197,
              -0.9891765099647809
            ],
            [
              0.13863297284022685,
              -0.9903438285976648
            ],
            [
              0.1305261922200517,
              -0.9914448613738104
            ],
            [
              0.12241067519921628,
              -0.99247953459871
            ],
            [
              0.11428696496684666,
              -0.9934477790194444
            ],
            [
              0.1061556052604577,
              -0.994349529829318
            ],
            [
              0.09801714032956077,
              -0.9951847266721968
            ],
            [
              0.08987211489923509,
              -0.9959533136465477
            ],
            [
              0.0817210741336683,
              -0.9966552393091803
            ],
            [
              0.07356456359966768,
              -0.9972904566786902
            ],
            [
              0.06540312923014327,
              -0.9978589232386035
            ],
            [
              0.057237317287568784,
              -0.9983606009402225
            ],
            [
              0.049067674327418126,
              -0.9987954562051724
            ],
            [
              0.04089474716158352,
              -0.9991634599276488
            ],
            [
              0.03271908282177639,
              -0.9994645874763657
            ],
            [
              0.024541228522912486,
              -0.9996988186962042
            ],
            [
              0.016361731626486936,
              -0.9998661379095618
            ],
            [
              0.008181139603937236,
              -0.9999665339174011
            ],
            [
              6.123233995736766e-17,
              -1.0
            ],
            [
              -0.008181139603936892,
              -0.9999665339174011
            ],
            [
              -0.01636173162648659,
              -0.9998661379095618
            ],
            [
              -0.024541228522912142,
              -0.9996988186962042
            ],
            [
              -0.03271908282177604,
              -0.9994645874763657
            ],
            [
              -0.03728386158441068,
              -0.9992964567187789
            ],
            [
              -0.029009985012438348,
              -0.8202849843819326
            ]
          ]
        ]
      }
    },
    {
      "type": "Feature",
      "properties": {
        "cell_id": "CEG2000_f4_r0028_c0099",
        "method": "GeoDisk-Final",
        "view": "disk"
      },
      "geometry": {
        "type": "Polygon",
        "coordinates": [
          [
            [
              -0.029009985012438275,
              -0.8202849843819326
            ],
            [
              -0.029058863183960414,
              -0.8196905802557609
            ],
            [
              0.179679933873913,
              -0.7188508156186281
            ],
            [
              0.19801617185868753,
              -0.7211742082580265
            ],
            [
              0.249600219927347,
              -0.7900757009206871
            ],
            [
              0.27856829822105894,
              -0.9455017913382289
            ],
            [
              -0.029009985012438275,
              -0.8202849843819326
            ]
          ]
        ]
      }
    },
    {
      "type": "Feature",
      "properties": {
        "cell_id": "CEG2000_f4_r0028_c0100",
        "method": "GeoDisk-Final",
        "view": "disk"
      },
      "geometry": {
        "type": "Polygon",
        "coordinates": [
          [
            [
              0.4469312744785625,
              -0.7409195086802647
            ],
            [
              0.42589948876349626,
              -0.7656509782502037
            ],
            [
              0.24960021992734696,
              -0.7900757009206869
            ],
            [
              0.19801617185868767,
              -0.7211742082580265
            ],
            [
              0.29921071206747557,
              -0.6056439347264554
            ],
            [
              0.35244737166210705,
              -0.5972156490069455
            ],
            [
              0.4469312744785625,
              -0.7409195086802647
            ]
          ]
        ]
      }
    },
    {
      "type": "Feature",
      "properties": {
        "cell_id": "CEG2000_f4_r0028_c0101",
        "method": "GeoDisk-Final",
        "view": "disk"
      },
      "geometry": {
        "type": "Polygon",
        "coordinates": [
          [
            [
              0.5506959119515232,
              -0.689099076071841
            ],
            [
              0.517468376269778,
              -0.7309902927366122
            ],
            [
              0.4469312744785626,
              -0.7409195086802647
            ],
            [
              0.35244737166210716,
              -0.5972156490069455
            ],
            [
              0.40200243458089036,
              -0.5524579744343594
            ],
            [
              0.5027137159267717,
              -0.5561116536099743
            ],
            [
              0.5506959119515232,
              -0.689099076071841
            ]
          ]
        ]
      }
    },
    {
      "type": "Feature",
      "properties": {
        "cell_id": "CEG2000_f4_r0028_c0102",
        "method": "GeoDisk-Final",
        "view": "disk"
      },
      "geometry": {
        "type": "Polygon",
        "coordinates": [
          [
            [
              0.671367528724215,
              -0.667079021745135
            ],
            [
              0.5506959119515231,
              -0.6890990760718412
            ],
            [
              0.5027137159267715,
              -0.5561116536099743
            ],
            [
              0.5438180759217056,
              -0.5259493849490352
            ],
            [
              0.6391310164007614,
              -0.5210291139489491
            ],
            [
              0.671367528724215,
              -0.667079021745135
            ]
          ]
        ]
      }
    },
    {
      "type": "Feature",
      "properties": {
        "cell_id": "CEG2000_f4_r0028_c0103",
        "method": "GeoDisk-Final",
        "view": "disk"
      },
      "geometry": {
        "type": "Polygon",
        "coordinates": [
          [
            [
              0.6713675287242149,
              -0.6670790217451349
            ],
            [
              0.6391310164007614,
              -0.5210291139489495
            ],
            [
              0.6547503053648811,
              -0.5063276000093015
            ],
            [
              0.7020417798374852,
              -0.49943666719182284
            ],
            [
              0.7889199818045595,
              -0.6144904176363062
            ],
            [
              0.7883464276266062,
              -0.6152315905806268
            ],
            [
              0.7832867492286505,
              -0.6216605733700773
            ],
            [
              0.7781746437525979,
              -0.6280479470713342
            ],
            [
              0.773010453362737,
              -0.6343932841636455
            ],
            [
              0.7677945237095121,
              -0.6406961599398607
            ],
            [
              0.7625272039063882,
              -0.6469561525348573
            ],
            [
              0.7572088465064847,
              -0.6531728429537766
            ],
            [
              0.7518398074789775,
              -0.6593458151000688
            ],
            [
              0.7464204461852738,
              -0.6654746558033421
            ],
            [
              0.7409511253549592,
              -0.6715589548470183
            ],
            [
              0.7354322110615187,
              -0.6775983049957887
            ],
            [
              0.7298640726978357,
              -0.6835923020228711
            ],
            [
              0.724247082951467,
              -0.6895405447370668
            ],
            [
              0.7201730530679386,
              -0.6937847314748917
            ],
            [
              0.6713675287242149,
              -0.6670790217451349
            ]
          ]
        ]
      }
    },
    {
      "type": "Feature",
      "properties": {
        "cell_id": "CEG2000_f4_r0028_c0104",
        "method": "GeoDisk-Final",
        "view": "disk"
      },
      "geometry": {
        "type": "Polygon",
        "coordinates": [
          [
            [
              0.7020417798374855,
              -0.49943666719182245
            ],
            [
              0.7133817862347117,
              -0.48815325292875544
            ],
            [
              0.7862015648015586,
              -0.45557566696084256
            ],
            [
              0.8290038161065154,
              -0.5592280775454987
            ],
            [
              0.8268965886356963,
              -0.562354009234973
            ],
            [
              0.8222682189897751,
              -0.5691001458788982
            ],
            [
              0.8175848131515837,
              -0.5758081914178452
            ],
            [
              0.8128466845916152,
              -0.582477696867802
            ],
            [
              0.8080541504430732,
              -0.5891082158243282
            ],
            [
              0.8032075314806449,
              -0.5956993044924332
            ],
            [
              0.7983071520990315,
              -0.6022505217162819
            ],
            [
              0.7933533402912353,
              -0.6087614290087205
            ],
            [
              0.7889199818045598,
              -0.6144904176363059
            ],
            [
              0.7020417798374855,
              -0.49943666719182245
            ]
          ]
        ]
      }
    },
    {
      "type": "Feature",
      "properties": {
        "cell_id": "CEG2000_f4_r0028_c0105",
        "method": "GeoDisk-Final",
        "view": "disk"
      },
      "geometry": {
        "type": "Polygon",
        "coordinates": [
          [
            [
              0.7862015648015586,
              -0.45557566696084234
            ],
            [
              0.807130190921582,
              -0.4352194959186835
            ],
            [
              0.8893832085982281,
              -0.4348583271771516
            ],
            [
              0.8984427997427308,
              -0.4390718206664291
            ],
            [
              0.8968727415326884,
              -0.44228869021900125
            ],
            [
              0.8932243011955153,
              -0.44961132965460654
            ],
            [
              0.8895160754218561,
              -0.4569038756304206
            ],
            [
              0.8857483124112906,
              -0.4641658400405515
            ],
            [
              0.881921264348355,
              -0.4713967368259976
            ],
            [
              0.8780351873856628,
              -0.4785960820071808
            ],
            [
              0.8740903416267589,
              -0.48576339371634003
            ],
            [
              0.8700869911087115,
              -0.4928981922297839
            ],
            [
              0.8660254037844387,
              -0.49999999999999994
            ],
            [
              0.8619058515047743,
              -0.507068341687617
            ],
            [
              0.8577286100002721,
              -0.5141027441932217
            ],
            [
              0.8534939588627505,
              -0.5211027366890234
            ],
            [
              0.849202181526579,
              -0.5280678506503679
            ],
            [
              0.8448535652497071,
              -0.5349976198870972
            ],
            [
              0.8404484010944381,
              -0.5418915805747516
            ],
            [
              0.8359869839079467,
              -0.5487492712856158
            ],
            [
              0.8314696123025452,
              -0.5555702330196022
            ],
            [
              0.8290038161065154,
              -0.5592280775454986
            ],
            [
              0.7862015648015586,
              -0.45557566696084234
            ]
          ]
        ]
      }
    },
    {
      "type": "Feature",
      "properties": {
        "cell_id": "CEG2000_f4_r0029_c0087",
        "method": "GeoDisk-Final",
        "view": "disk"
      },
      "geometry": {
        "type": "Polygon",
        "coordinates": [
          [
            [
              -0.9187188637479077,
              -0.25212747223112036
            ],
            [
              -0.910161273835836,
              -0.2583175247939068
            ],
            [
              -0.9002001527224912,
              -0.3204376307083908
            ],
            [
              -0.9420590918535922,
              -0.33543167273780206
            ],
            [
              -0.9442686983133164,
              -0.32917567556803934
            ],
            [
              -0.9469301294951056,
              -0.32143946530316175
            ],
            [
              -0.9495281805930366,
              -0.3136817403988918
            ],
            [
              -0.9520626777139243,
              -0.30590302009655357
            ],
            [
              -0.9545334512183884,
              -0.2981038250427401
            ],
            [
              -0.9569403357322087,
              -0.2902846772544628
            ],
            [
              -0.9592831701573936,
              -0.28244610008421267
            ],
            [
              -0.9615617976829619,
              -0.2745886181849327
            ],
            [
              -0.9637760657954397,
              -0.2667127574748989
            ],
            [
              -0.9652357821378102,
              -0.2613528204093126
            ],
            [
              -0.9187188637479077,
              -0.25212747223112036
            ]
          ]
        ]
      }
    },
    {
      "type": "Feature",
      "properties": {
        "cell_id": "CEG2000_f4_r0029_c0088",
        "method": "GeoDisk-Final",
        "view": "disk"
      },
      "geometry": {
        "type": "Polygon",
        "coordinates": [
          [
            [
              -0.8516458377430196,
              -0.25910779126624556
            ],
            [
              -0.8457675307627927,
              -0.34160078790434684
            ],
            [
              -0.8628545230355598,
              -0.3392505016630186
            ],
            [
              -0.9002001527224912,
              -0.32043763070839093
            ],
            [
              -0.910161273835836,
              -0.25831752479390646
            ],
            [
              -0.8574812132500087,
              -0.2567696919436007
            ],
            [
              -0.8516458377430196,
              -0.25910779126624556
            ]
          ]
        ]
      }
    },
    {
      "type": "Feature",
      "properties": {
        "cell_id": "CEG2000_f4_r0029_c0089",
        "method": "GeoDisk-Final",
        "view": "disk"
      },
      "geometry": {
        "type": "Polygon",
        "coordinates": [
          [
            [
              -0.7944652163317677,
              -0.3407556946583767
            ],
            [
              -0.8022839005163712,
              -0.3448906070525539
            ],
            [
              -0.844306632283989,
              -0.3427040354534141
            ],
            [
              -0.845767530762793,
              -0.3416007879043469
            ],
            [
              -0.8516458377430199,
              -0.2591077912662456
            ],
            [
              -0.8219672642100783,
              -0.2481418498702929
            ],
            [
              -0.8036332789474162,
              -0.2464584867490525
            ],
            [
              -0.7944652163317677,
              -0.3407556946583767
            ]
          ]
        ]
      }
    },
    {
      "type": "Feature",
      "properties": {
        "cell_id": "CEG2000_f4_r0029_c0090",
        "method": "GeoDisk-Final",
        "view": "disk"
      },
      "geometry": {
        "type": "Polygon",
        "coordinates": [
          [
            [
              -0.7203174348705644,
              -0.24829078542402067
            ],
            [
              -0.7708304397296267,
              -0.3376720935353283
            ],
            [
              -0.7944652163317681,
              -0.3407556946583768
            ],
            [
              -0.8036332789474167,
              -0.24645848674905255
            ],
            [
              -0.784301876371747,
              -0.23439154416386207
            ],
            [
              -0.7203174348705644,
              -0.24829078542402067
            ]
          ]
        ]
      }
    },
    {
      "type": "Feature",
      "properties": {
        "cell_id": "CEG2000_f4_r0029_c0091",
        "method": "GeoDisk-Final",
        "view": "disk"
      },
      "geometry": {
        "type": "Polygon",
        "coordinates": [
          [
            [
              -0.6676750004050527,
              -0.3024004717066887
            ],
            [
              -0.7087817627885864,
              -0.3593303129467532
            ],
            [
              -0.7192673280875023,
              -0.3600249983397135
            ],
            [
              -0.7708304397296266,
              -0.33767209353532834
            ],
            [
              -0.7203174348705643,
              -0.24829078542402072
            ],
            [
              -0.7068149079118056,
              -0.2435605350648645
            ],
            [
              -0.6676750004050527,
              -0.3024004717066887
            ]
          ]
        ]
      }
    },
    {
      "type": "Feature",
      "properties": {
        "cell_id": "CEG2000_f4_r0029_c0092",
        "method": "GeoDisk-Final",
        "view": "disk"
      },
      "geometry": {
        "type": "Polygon",
        "coordinates": [
          [
            [
              -0.5967604368579238,
              -0.4681856296651389
            ],
            [
              -0.6279409821940208,
              -0.45249217700592853
            ],
            [
              -0.7087817627885867,
              -0.3593303129467532
            ],
            [
              -0.6676750004050528,
              -0.3024004717066884
            ],
            [
              -0.6456324218793547,
              -0.3064832213803265
            ],
            [
              -0.5644682521833961,
              -0.4669424043563698
            ],
            [
              -0.5967604368579238,
              -0.4681856296651389
            ]
          ]
        ]
      }
    },
    {
      "type": "Feature",
      "properties": {
        "cell_id": "CEG2000_f4_r0029_c0093",
        "method": "GeoDisk-Final",
        "view": "disk"
      },
      "geometry": {
        "type": "Polygon",
        "coordinates": [
          [
            [
              -0.5132168055678108,
              -0.47417587585045806
            ],
            [
              -0.564468252183397,
              -0.4669424043563696
            ],
            [
              -0.6456324218793551,
              -0.30648322138032674
            ],
            [
              -0.6346744441716738,
              -0.30501359424685404
            ],
            [
              -0.5464548447065353,
              -0.3189240622450528
            ],
            [
              -0.5197094942291658,
              -0.39451590091037225
            ],
            [
              -0.5132168055678108,
              -0.47417587585045806
            ]
          ]
        ]
      }
    },
    {
      "type": "Feature",
      "properties": {
        "cell_id": "CEG2000_f4_r0029_c0094",
        "method": "GeoDisk-Final",
        "view": "disk"
      },
      "geometry": {
        "type": "Polygon",
        "coordinates": [
          [
            [
              -0.7671591821211934,
              -0.628215512814675
            ],
            [
              -0.5967604368579237,
              -0.46818562966513855
            ],
            [
              -0.5644682521833972,
              -0.4669424043563695
            ],
            [
              -0.5132168055678109,
              -0.474175875850458
            ],
            [
              -0.460281084525534,
              -0.5305855790235288
            ],
            [
              -0.4662893814554703,
              -0.5413019998930613
            ],
            [
              -0.7428941581567028,
              -0.669397444673405
            ],
            [
              -0.7464204461852735,
              -0.6654746558033425
            ],
            [
              -0.7518398074789773,
              -0.659345815100069
            ],
            [
              -0.7572088465064843,
              -0.6531728429537771
            ],
            [
              -0.7625272039063881,
              -0.6469561525348574
            ],
            [
              -0.7677945237095118,
              -0.640696159939861
            ],
            [
              -0.7697152195932155,
              -0.6383752107776368
            ],
            [
              -0.7671591821211934,
              -0.628215512814675
            ]
          ]
        ]
      }
    },
    {
      "type": "Feature",
      "properties": {
        "cell_id": "CEG2000_f4_r0029_c0095",
        "method": "GeoDisk-Final",
        "view": "disk"
      },
      "geometry": {
        "type": "Polygon",
        "coordinates": [
          [
            [
              -0.4662893814554703,
              -0.5413019998930612
            ],
            [
              -0.4973505119486272,
              -0.7736857914640245
            ],
            [
              -0.5500643809151363,
              -0.8351160159814174
            ],
            [
              -0.555570233019602,
              -0.8314696123025453
            ],
            [
              -0.562354009234973,
              -0.8268965886356963
            ],
            [
              -0.569100145878898,
              -0.8222682189897752
            ],
            [
              -0.575808191417845,
              -0.8175848131515839
            ],
            [
              -0.582477696867802,
              -0.8128466845916152
            ],
            [
              -0.5891082158243279,
              -0.8080541504430734
            ],
            [
              -0.5956993044924334,
              -0.8032075314806449
            ],
            [
              -0.6022505217162818,
              -0.7983071520990316
            ],
            [
              -0.6087614290087203,
              -0.7933533402912354
            ],
            [
              -0.6152315905806268,
              -0.7883464276266063
            ],
            [
              -0.6216605733700772,
              -0.7832867492286506
            ],
            [
              -0.6280479470713338,
              -0.7781746437525981
            ],
            [
              -0.6343932841636454,
              -0.7730104533627371
            ],
            [
              -0.6406961599398605,
              -0.7677945237095122
            ],
            [
              -0.6469561525348573,
              -0.7625272039063882
            ],
            [
              -0.6531728429537765,
              -0.7572088465064848
            ],
            [
              -0.6593458151000685,
              -0.7518398074789777
            ],
            [
              -0.6654746558033421,
              -0.7464204461852739
            ],
            [
              -0.6715589548470181,
              -0.7409511253549593
            ],
            [
              -0.6775983049957887,
              -0.7354322110615187
            ],
            [
              -0.6835923020228711,
              -0.7298640726978358
            ],
            [
              -0.6895405447370666,
              -0.7242470829514672
            ],
            [
              -0.6954426350096116,
              -0.7185816177796982
            ],
            [
              -0.701298177800824,
              -0.7128680563843801
            ],
            [
              -0.7071067811865475,
              -0.7071067811865476
            ],
            [
              -0.7128680563843797,
              -0.7012981778008245
            ],
            [
              -0.7185816177796978,
              -0.695442635009612
            ],
            [
              -0.7242470829514668,
              -0.689540544737067
            ],
            [
              -0.7298640726978354,
              -0.6835923020228716
            ],
            [
              -0.7354322110615186,
              -0.6775983049957888
            ],
            [
              -0.7409511253549589,
              -0.6715589548470186
            ],
            [
              -0.7428941581567029,
              -0.6693974446734049
            ],
            [
              -0.4662893814554703,
              -0.5413019998930612
            ]
          ]
        ]
      }
    },
    {
      "type": "Feature",
      "properties": {
        "cell_id": "CEG2000_f4_r0029_c0096",
        "method": "GeoDisk-Final",
        "view": "disk"
      },
      "geometry": {
        "type": "Polygon",
        "coordinates": [
          [
            [
              -0.27386857160160716,
              -0.5424624898763675
            ],
            [
              -0.24730185816819544,
              -0.7395098547387848
            ],
            [
              -0.49735051194862706,
              -0.7736857914640243
            ],
            [
              -0.46628938145547016,
              -0.5413019998930613
            ],
            [
              -0.4602810845255338,
              -0.5305855790235287
            ],
            [
              -0.4211524330792229,
              -0.5226994800670124
            ],
            [
              -0.27386857160160716,
              -0.5424624898763675
            ]
          ]
        ]
      }
    },
    {
      "type": "Feature",
      "properties": {
        "cell_id": "CEG2000_f4_r0029_c0097",
        "method": "GeoDisk-Final",
        "view": "disk"
      },
      "geometry": {
        "type": "Polygon",
        "coordinates": [
          [
            [
              -0.07087876125683795,
              -0.7786038309402621
            ],
            [
              -0.22306004529177656,
              -0.7624194428424753
            ],
            [
              -0.24730185816819522,
              -0.7395098547387847
            ],
            [
              -0.27386857160160694,
              -0.5424624898763675
            ],
            [
              -0.17667097101832185,
              -0.47780086733389027
            ],
            [
              -0.043483750310257606,
              -0.49272992921461617
            ],
            [
              -0.07087876125683795,
              -0.7786038309402621
            ]
          ]
        ]
      }
    },
    {
      "type": "Feature",
      "properties": {
        "cell_id": "CEG2000_f4_r0029_c0098",
        "method": "GeoDisk-Final",
        "view": "disk"
      },
      "geometry": {
        "type": "Polygon",
        "coordinates": [
          [
            [
              0.17967993387391293,
              -0.7188508156186281
            ],
            [
              -0.029058863183960504,
              -0.8196905802557608
            ],
            [
              -0.07087876125683798,
              -0.7786038309402622
            ],
            [
              -0.0434837503102576,
              -0.49272992921461606
            ],
            [
              -0.02455971770423967,
              -0.4841914222202954
            ],
            [
              0.01836433158466738,
              -0.4836789728478068
            ],
            [
              0.17967993387391293,
              -0.7188508156186281
            ]
          ]
        ]
      }
    },
    {
      "type": "Feature",
      "properties": {
        "cell_id": "CEG2000_f4_r0029_c0099",
        "method": "GeoDisk-Final",
        "view": "disk"
      },
      "geometry": {
        "type": "Polygon",
        "coordinates": [
          [
            [
              0.29921071206747546,
              -0.6056439347264553
            ],
            [
              0.19801617185868758,
              -0.7211742082580264
            ],
            [
              0.17967993387391284,
              -0.7188508156186281
            ],
            [
              0.018364331584667257,
              -0.48367897284780675
            ],
            [
              0.12217657598934614,
              -0.43216192412103793
            ],
            [
              0.18224644855466027,
              -0.4284340216240992
            ],
            [
              0.29921071206747546,
              -0.6056439347264553
            ]
          ]
        ]
      }
    },
    {
      "type": "Feature",
      "properties": {
        "cell_id": "CEG2000_f4_r0029_c0100",
        "method": "GeoDisk-Final",
        "view": "disk"
      },
      "geometry": {
        "type": "Polygon",
        "coordinates": [
          [
            [
              0.4020024345808902,
              -0.5524579744343593
            ],
            [
              0.3524473716621071,
              -0.5972156490069453
            ],
            [
              0.29921071206747535,
              -0.6056439347264554
            ],
            [
              0.18224644855466005,
              -0.42843402162409927
            ],
            [
              0.25881323230054765,
              -0.37575911911991267
            ],
            [
              0.3748126266139898,
              -0.3557499206988328
            ],
            [
              0.4020024345808902,
              -0.5524579744343593
            ]
          ]
        ]
      }
    },
    {
      "type": "Feature",
      "properties": {
        "cell_id": "CEG2000_f4_r0029_c0101",
        "method": "GeoDisk-Final",
        "view": "disk"
      },
      "geometry": {
        "type": "Polygon",
        "coordinates": [
          [
            [
              0.5438180759217057,
              -0.5259493849490354
            ],
            [
              0.5027137159267716,
              -0.5561116536099744
            ],
            [
              0.40200243458089013,
              -0.5524579744343595
            ],
            [
              0.37481262661398973,
              -0.3557499206988331
            ],
            [
              0.3753724543846791,
              -0.3552538249337395
            ],
            [
              0.4983101498615314,
              -0.3615725515636773
            ],
            [
              0.5438180759217057,
              -0.5259493849490354
            ]
          ]
        ]
      }
    },
    {
      "type": "Feature",
      "properties": {
        "cell_id": "CEG2000_f4_r0029_c0102",
        "method": "GeoDisk-Final",
        "view": "disk"
      },
      "geometry": {
        "type": "Polygon",
        "coordinates": [
          [
            [
              0.6547503053648808,
              -0.5063276000093014
            ],
            [
              0.6391310164007613,
              -0.5210291139489492
            ],
            [
              0.5438180759217058,
              -0.5259493849490352
            ],
            [
              0.49831014986153155,
              -0.3615725515636772
            ],
            [
              0.5203078758532255,
              -0.35031443333023604
            ],
            [
              0.6099216159828759,
              -0.34141484731254373
            ],
            [
              0.6547503053648808,
              -0.5063276000093014
            ]
          ]
        ]
      }
    },
    {
      "type": "Feature",
      "properties": {
        "cell_id": "CEG2000_f4_r0029_c0103",
        "method": "GeoDisk-Final",
        "view": "disk"
      },
      "geometry": {
        "type": "Polygon",
        "coordinates": [
          [
            [
              0.7144178647202832,
              -0.32226383302029554
            ],
            [
              0.7133817862347114,
              -0.4881532529287551
            ],
            [
              0.7020417798374848,
              -0.49943666719182245
            ],
            [
              0.6547503053648811,
              -0.5063276000093012
            ],
            [
              0.6099216159828762,
              -0.34141484731254373
            ],
            [
              0.6378773278270314,
              -0.317596470901875
            ],
            [
              0.7144178647202832,
              -0.32226383302029554
            ]
          ]
        ]
      }
    },
    {
      "type": "Feature",
      "properties": {
        "cell_id": "CEG2000_f4_r0029_c0104",
        "method": "GeoDisk-Final",
        "view": "disk"
      },
      "geometry": {
        "type": "Polygon",
        "coordinates": [
          [
            [
              0.8071301909215819,
              -0.4352194959186835
            ],
            [
              0.7862015648015589,
              -0.455575666960842
            ],
            [
              0.713381786234712,
              -0.48815325292875494
            ],
            [
              0.7144178647202839,
              -0.3222638330202955
            ],
            [
              0.7437539098207668,
              -0.3129594644090146
            ],
            [
              0.7826895004518688,
              -0.3236338764091131
            ],
            [
              0.8071301909215819,
              -0.4352194959186835
            ]
          ]
        ]
      }
    },
    {
      "type": "Feature",
      "properties": {
        "cell_id": "CEG2000_f4_r0029_c0105",
        "method": "GeoDisk-Final",
        "view": "disk"
      },
      "geometry": {
        "type": "Polygon",
        "coordinates": [
          [
            [
              0.8893832085982276,
              -0.43485832717715145
            ],
            [
              0.8071301909215822,
              -0.4352194959186833
            ],
            [
              0.7826895004518692,
              -0.32363387640911323
            ],
            [
              0.8420773178326965,
              -0.30361278463534846
            ],
            [
              0.8498375558670335,
              -0.30565086280852793
            ],
            [
              0.8893832085982276,
              -0.43485832717715145
            ]
          ]
        ]
      }
    },
    {
      "type": "Feature",
      "properties": {
        "cell_id": "CEG2000_f4_r0029_c0106",
        "method": "GeoDisk-Final",
        "view": "disk"
      },
      "geometry": {
        "type": "Polygon",
        "coordinates": [
          [
            [
              0.8893832085982277,
              -0.4348583271771515
            ],
            [
              0.8498375558670335,
              -0.30565086280852793
            ],
            [
              0.9599133421891081,
              -0.2802730528103302
            ],
            [
              0.9592831701573936,
              -0.28244610008421245
            ],
            [
              0.9569403357322088,
              -0.29028467725446233
            ],
            [
              0.9545334512183885,
              -0.2981038250427398
            ],
            [
              0.9520626777139243,
              -0.30590302009655346
            ],
            [
              0.9495281805930367,
              -0.31368174039889146
            ],
            [
              0.9469301294951057,
              -0.32143946530316153
            ],
            [
              0.9442686983133165,
              -0.32917567556803884
            ],
            [
              0.9415440651830208,
              -0.33688985339222005
            ],
            [
              0.9387564124698132,
              -0.34458148244908043
            ],
            [
              0.9359059267573258,
              -0.3522500479212335
            ],
            [
              0.932992798834739,
              -0.3598950365349881
            ],
            [
              0.9300172236840122,
              -0.3675159365947035
            ],
            [
              0.9269794004668329,
              -0.37511223801703797
            ],
            [
              0.9238795325112867,
              -0.3826834323650898
            ],
            [
              0.9207178272982477,
              -0.390229012882428
            ],
            [
              0.9174944964474914,
              -0.397748474527011
            ],
            [
              0.9142097557035307,
              -0.4052413140049898
            ],
            [
              0.9108638249211758,
              -0.41270702980439467
            ],
            [
              0.9074569280508187,
              -0.4201451222287024
            ],
            [
              0.9039892931234433,
              -0.42755509343028203
            ],
            [
              0.9004611522353636,
              -0.43493644744371707
            ],
            [
              0.8984427997427308,
              -0.43907182066642914
            ],
            [
              0.8893832085982277,
              -0.4348583271771515
            ]
          ]
        ]
      }
    },
    {
      "type": "Feature",
      "properties": {
        "cell_id": "CEG2000_f4_r0030_c0087",
        "method": "GeoDisk-Final",
        "view": "disk"
      },
      "geometry": {
        "type": "Polygon",
        "coordinates": [
          [
            [
              -0.9338874142944175,
              -0.15274294826960658
            ],
            [
              -0.9187188637479073,
              -0.2521274722311203
            ],
            [
              -0.9652357821378102,
              -0.2613528204093126
            ],
            [
              -0.9659258262890682,
              -0.258819045102521
            ],
            [
              -0.9680109352757226,
              -0.25090800941106045
            ],
            [
              -0.970031253194544,
              -0.24298017990326407
            ],
            [
              -0.9719866448212794,
              -0.23503608720592703
            ],
            [
              -0.9738769792773335,
              -0.22707626303437373
            ],
            [
              -0.9757021300385285,
              -0.21910124015687005
            ],
            [
              -0.9774619749435718,
              -0.2111115523589656
            ],
            [
              -0.9791563962022337,
              -0.20310773440776303
            ],
            [
              -0.9807852804032304,
              -0.1950903220161286
            ],
            [
              -0.9823485185218156,
              -0.1870598518068325
            ],
            [
              -0.9838460059270774,
              -0.1790168612766329
            ],
            [
              -0.9852776423889412,
              -0.17096188876030163
            ],
            [
              -0.986643332084879,
              -0.1628954733945889
            ],
            [
              -0.9879429836063223,
              -0.15481815508214136
            ],
            [
              -0.9891765099647809,
              -0.14673047445536225
            ],
            [
              -0.9903438285976648,
              -0.1386329728402269
            ],
            [
              -0.9914448613738104,
              -0.130526192220052
            ],
            [
              -0.99247953459871,
              -0.12241067519921635
            ],
            [
              -0.9934477790194444,
              -0.11428696496684672
            ],
            [
              -0.9935667578779607,
              -0.11321409662510729
            ],
            [
              -0.9338874142944175,
              -0.15274294826960658
            ]
          ]
        ]
      }
    },
    {
      "type": "Feature",
      "properties": {
        "cell_id": "CEG2000_f4_r0030_c0088",
        "method": "GeoDisk-Final",
        "view": "disk"
      },
      "geometry": {
        "type": "Polygon",
        "coordinates": [
          [
            [
              -0.8574812132500085,
              -0.2567696919436011
            ],
            [
              -0.9101612738358356,
              -0.2583175247939069
            ],
            [
              -0.9187188637479076,
              -0.2521274722311202
            ],
            [
              -0.9338874142944177,
              -0.15274294826960644
            ],
            [
              -0.8946363666369558,
              -0.15018398901735336
            ],
            [
              -0.8574812132500085,
              -0.2567696919436011
            ]
          ]
        ]
      }
    },
    {
      "type": "Feature",
      "properties": {
        "cell_id": "CEG2000_f4_r0030_c0089",
        "method": "GeoDisk-Final",
        "view": "disk"
      },
      "geometry": {
        "type": "Polygon",
        "coordinates": [
          [
            [
              -0.8410743930350277,
              -0.14015539338888428
            ],
            [
              -0.8219672642100794,
              -0.24814184987029309
            ],
            [
              -0.8516458377430199,
              -0.2591077912662454
            ],
            [
              -0.8574812132500081,
              -0.256769691943601
            ],
            [
              -0.8946363666369554,
              -0.15018398901735341
            ],
            [
              -0.87017276300198,
              -0.1370295990147899
            ],
            [
              -0.8410743930350277,
              -0.14015539338888428
            ]
          ]
        ]
      }
    },
    {
      "type": "Feature",
      "properties": {
        "cell_id": "CEG2000_f4_r0030_c0090",
        "method": "GeoDisk-Final",
        "view": "disk"
      },
      "geometry": {
        "type": "Polygon",
        "coordinates": [
          [
            [
              -0.7707192467285344,
              -0.13199903030815108
            ],
            [
              -0.784301876371747,
              -0.23439154416386215
            ],
            [
              -0.8036332789474164,
              -0.2464584867490525
            ],
            [
              -0.821967264210078,
              -0.24814184987029286
            ],
            [
              -0.8410743930350264,
              -0.14015539338888414
            ],
            [
              -0.7707192467285344,
              -0.13199903030815108
            ]
          ]
        ]
      }
    },
    {
      "type": "Feature",
      "properties": {
        "cell_id": "CEG2000_f4_r0030_c0091",
        "method": "GeoDisk-Final",
        "view": "disk"
      },
      "geometry": {
        "type": "Polygon",
        "coordinates": [
          [
            [
              -0.6838740735001274,
              -0.16758969853590933
            ],
            [
              -0.7068149079118055,
              -0.24356053506486455
            ],
            [
              -0.7203174348705647,
              -0.24829078542402092
            ],
            [
              -0.7843018763717473,
              -0.23439154416386235
            ],
            [
              -0.7707192467285348,
              -0.13199903030815102
            ],
            [
              -0.7699443941819185,
              -0.13143358617715573
            ],
            [
              -0.6838740735001274,
              -0.16758969853590933
            ]
          ]
        ]
      }
    },
    {
      "type": "Feature",
      "properties": {
        "cell_id": "CEG2000_f4_r0030_c0092",
        "method": "GeoDisk-Final",
        "view": "disk"
      },
      "geometry": {
        "type": "Polygon",
        "coordinates": [
          [
            [
              -0.5947850517480119,
              -0.1728791150342178
            ],
            [
              -0.6346744441716735,
              -0.305013594246854
            ],
            [
              -0.6456324218793553,
              -0.3064832213803268
            ],
            [
              -0.6676750004050526,
              -0.30240047170668877
            ],
            [
              -0.7068149079118055,
              -0.24356053506486433
            ],
            [
              -0.6838740735001275,
              -0.1675896985359094
            ],
            [
              -0.6686759960081765,
              -0.16048236630176366
            ],
            [
              -0.5947850517480119,
              -0.1728791150342178
            ]
          ]
        ]
      }
    },
    {
      "type": "Feature",
      "properties": {
        "cell_id": "CEG2000_f4_r0030_c0093",
        "method": "GeoDisk-Final",
        "view": "disk"
      },
      "geometry": {
        "type": "Polygon",
        "coordinates": [
          [
            [
              -0.5464548447065353,
              -0.3189240622450526
            ],
            [
              -0.6346744441716735,
              -0.30501359424685387
            ],
            [
              -0.5947850517480119,
              -0.17287911503421788
            ],
            [
              -0.5184825826291161,
              -0.17122282397154712
            ],
            [
              -0.515645773367181,
              -0.17483205773493254
            ],
            [
              -0.5464548447065353,
              -0.3189240622450526
            ]
          ]
        ]
      }
    },
    {
      "type": "Feature",
      "properties": {
        "cell_id": "CEG2000_f4_r0030_c0094",
        "method": "GeoDisk-Final",
        "view": "disk"
      },
      "geometry": {
        "type": "Polygon",
        "coordinates": [
          [
            [
              -0.3540816663614387,
              -0.25563072914114576
            ],
            [
              -0.5197094942291657,
              -0.39451590091037264
            ],
            [
              -0.5464548447065353,
              -0.3189240622450527
            ],
            [
              -0.515645773367181,
              -0.17483205773493246
            ],
            [
              -0.4417415374107659,
              -0.19810010626471808
            ],
            [
              -0.3540816663614387,
              -0.25563072914114576
            ]
          ]
        ]
      }
    },
    {
      "type": "Feature",
      "properties": {
        "cell_id": "CEG2000_f4_r0030_c0095",
        "method": "GeoDisk-Final",
        "view": "disk"
      },
      "geometry": {
        "type": "Polygon",
        "coordinates": [
          [
            [
              -0.4211524330792228,
              -0.5226994800670124
            ],
            [
              -0.46028108452553407,
              -0.5305855790235288
            ],
            [
              -0.5132168055678107,
              -0.47417587585045823
            ],
            [
              -0.5197094942291657,
              -0.39451590091037214
            ],
            [
              -0.354081666361439,
              -0.2556307291411455
            ],
            [
              -0.31624972547216645,
              -0.26961414289697017
            ],
            [
              -0.4211524330792228,
              -0.5226994800670124
            ]
          ]
        ]
      }
    },
    {
      "type": "Feature",
      "properties": {
        "cell_id": "CEG2000_f4_r0030_c0096",
        "method": "GeoDisk-Final",
        "view": "disk"
      },
      "geometry": {
        "type": "Polygon",
        "coordinates": [
          [
            [
              -0.1766709710183219,
              -0.4778008673338902
            ],
            [
              -0.2738685716016071,
              -0.5424624898763675
            ],
            [
              -0.42115243307922284,
              -0.5226994800670124
            ],
            [
              -0.3162497254721665,
              -0.2696141428969702
            ],
            [
              -0.29006954387428385,
              -0.2655832878578337
            ],
            [
              -0.24577997975388735,
              -0.2788234599900382
            ],
            [
              -0.1766709710183219,
              -0.4778008673338902
            ]
          ]
        ]
      }
    },
    {
      "type": "Feature",
      "properties": {
        "cell_id": "CEG2000_f4_r0030_c0097",
        "method": "GeoDisk-Final",
        "view": "disk"
      },
      "geometry": {
        "type": "Polygon",
        "coordinates": [
          [
            [
              -0.024559717704239564,
              -0.48419142222029526
            ],
            [
              -0.043483750310257696,
              -0.49272992921461606
            ],
            [
              -0.17667097101832185,
              -0.47780086733389027
            ],
            [
              -0.24577997975388746,
              -0.2788234599900382
            ],
            [
              -0.20227499282872774,
              -0.24390985932224196
            ],
            [
              -0.0548328141192289,
              -0.2189342698604414
            ],
            [
              -0.024559717704239564,
              -0.48419142222029526
            ]
          ]
        ]
      }
    },
    {
      "type": "Feature",
      "properties": {
        "cell_id": "CEG2000_f4_r0030_c0098",
        "method": "GeoDisk-Final",
        "view": "disk"
      },
      "geometry": {
        "type": "Polygon",
        "coordinates": [
          [
            [
              0.12217657598934603,
              -0.43216192412103793
            ],
            [
              0.01836433158466718,
              -0.4836789728478068
            ],
            [
              -0.024559717704239526,
              -0.4841914222202954
            ],
            [
              -0.054832814119228884,
              -0.21893426986044145
            ],
            [
              -0.05137999784702714,
              -0.2145657629466047
            ],
            [
              0.09073560496616534,
              -0.20139595277394293
            ],
            [
              0.12217657598934603,
              -0.43216192412103793
            ]
          ]
        ]
      }
    },
    {
      "type": "Feature",
      "properties": {
        "cell_id": "CEG2000_f4_r0030_c0099",
        "method": "GeoDisk-Final",
        "view": "disk"
      },
      "geometry": {
        "type": "Polygon",
        "coordinates": [
          [
            [
              0.25881323230054754,
              -0.3757591191199129
            ],
            [
              0.18224644855466013,
              -0.42843402162409927
            ],
            [
              0.12217657598934607,
              -0.432161924121038
            ],
            [
              0.09073560496616537,
              -0.2013959527739428
            ],
            [
              0.12871898361870074,
              -0.15992877182654341
            ],
            [
              0.21731320491239176,
              -0.1753212747645141
            ],
            [
              0.25881323230054754,
              -0.3757591191199129
            ]
          ]
        ]
      }
    },
    {
      "type": "Feature",
      "properties": {
        "cell_id": "CEG2000_f4_r0030_c0100",
        "method": "GeoDisk-Final",
        "view": "disk"
      },
      "geometry": {
        "type": "Polygon",
        "coordinates": [
          [
            [
              0.3976796621726023,
              -0.1698077013266957
            ],
            [
              0.375372454384679,
              -0.35525382493373947
            ],
            [
              0.3748126266139896,
              -0.35574992069883304
            ],
            [
              0.2588132323005476,
              -0.3757591191199128
            ],
            [
              0.21731320491239184,
              -0.1753212747645141
            ],
            [
              0.27102487977873924,
              -0.14750325911976925
            ],
            [
              0.3976796621726023,
              -0.1698077013266957
            ]
          ]
        ]
      }
    },
    {
      "type": "Feature",
      "properties": {
        "cell_id": "CEG2000_f4_r0030_c0101",
        "method": "GeoDisk-Final",
        "view": "disk"
      },
      "geometry": {
        "type": "Polygon",
        "coordinates": [
          [
            [
              0.5203078758532256,
              -0.35031443333023593
            ],
            [
              0.4983101498615313,
              -0.3615725515636773
            ],
            [
              0.37537245438467903,
              -0.3552538249337396
            ],
            [
              0.39767966217260237,
              -0.16980770132669556
            ],
            [
              0.43451009972803145,
              -0.13535244454610326
            ],
            [
              0.4931516301286169,
              -0.1548443537986766
            ],
            [
              0.5203078758532256,
              -0.35031443333023593
            ]
          ]
        ]
      }
    },
    {
      "type": "Feature",
      "properties": {
        "cell_id": "CEG2000_f4_r0030_c0102",
        "method": "GeoDisk-Final",
        "view": "disk"
      },
      "geometry": {
        "type": "Polygon",
        "coordinates": [
          [
            [
              0.6378773278270312,
              -0.317596470901875
            ],
            [
              0.6099216159828762,
              -0.34141484731254357
            ],
            [
              0.5203078758532256,
              -0.3503144333302359
            ],
            [
              0.49315163012861696,
              -0.15484435379867664
            ],
            [
              0.5101043783545962,
              -0.1542440550047858
            ],
            [
              0.6290427089487038,
              -0.18879977363781608
            ],
            [
              0.6378773278270312,
              -0.317596470901875
            ]
          ]
        ]
      }
    },
    {
      "type": "Feature",
      "properties": {
        "cell_id": "CEG2000_f4_r0030_c0103",
        "method": "GeoDisk-Final",
        "view": "disk"
      },
      "geometry": {
        "type": "Polygon",
        "coordinates": [
          [
            [
              0.7472317035270838,
              -0.1744423791569611
            ],
            [
              0.743753909820767,
              -0.3129594644090145
            ],
            [
              0.7144178647202835,
              -0.3222638330202955
            ],
            [
              0.6378773278270312,
              -0.3175964709018749
            ],
            [
              0.6290427089487038,
              -0.188799773637816
            ],
            [
              0.6786891393385033,
              -0.1557375256018405
            ],
            [
              0.7472317035270838,
              -0.1744423791569611
            ]
          ]
        ]
      }
    },
    {
      "type": "Feature",
      "properties": {
        "cell_id": "CEG2000_f4_r0030_c0104",
        "method": "GeoDisk-Final",
        "view": "disk"
      },
      "geometry": {
        "type": "Polygon",
        "coordinates": [
          [
            [
              0.8488714781167055,
              -0.1775791693193725
            ],
            [
              0.8420773178326966,
              -0.30361278463534835
            ],
            [
              0.782689500451869,
              -0.32363387640911323
            ],
            [
              0.7437539098207665,
              -0.31295946440901456
            ],
            [
              0.7472317035270833,
              -0.17444237915696112
            ],
            [
              0.7807886611837879,
              -0.16198313730156788
            ],
            [
              0.8488714781167055,
              -0.1775791693193725
            ]
          ]
        ]
      }
    },
    {
      "type": "Feature",
      "properties": {
        "cell_id": "CEG2000_f4_r0030_c0105",
        "method": "GeoDisk-Final",
        "view": "disk"
      },
      "geometry": {
        "type": "Polygon",
        "coordinates": [
          [
            [
              0.8498375558670334,
              -0.30565086280852777
            ],
            [
              0.8420773178326966,
              -0.30361278463534835
            ],
            [
              0.8488714781167055,
              -0.17757916931937257
            ],
            [
              0.8918650918143265,
              -0.16296403818039235
            ],
            [
              0.9762207718164794,
              -0.2167466088635657
            ],
            [
              0.9757021300385286,
              -0.21910124015686977
            ],
            [
              0.9738769792773336,
              -0.2270762630343732
            ],
            [
              0.9719866448212794,
              -0.23503608720592667
            ],
            [
              0.970031253194544,
              -0.24298017990326384
            ],
            [
              0.9680109352757227,
              -0.25090800941106
            ],
            [
              0.9659258262890683,
              -0.25881904510252074
            ],
            [
              0.9637760657954398,
              -0.26671275747489837
            ],
            [
              0.9615617976829619,
              -0.2745886181849323
            ],
            [
              0.9599133421891082,
              -0.28027305281033005
            ],
            [
              0.8498375558670334,
              -0.30565086280852777
            ]
          ]
        ]
      }
    },
    {
      "type": "Feature",
      "properties": {
        "cell_id": "CEG2000_f4_r0031_c0090",
        "method": "GeoDisk-Final",
        "view": "disk"
      },
      "geometry": {
        "type": "Polygon",
        "coordinates": [
          [
            [
              -0.9568586856012115,
              -0.004280949893178029
            ],
            [
              -0.9247114456254948,
              -0.006616846425498979
            ],
            [
              -0.8701727630019795,
              -0.13702959901478964
            ],
            [
              -0.8946363666369559,
              -0.1501839890173537
            ],
            [
              -0.9338874142944176,
              -0.15274294826960677
            ],
            [
              -0.9935667578779606,
              -0.11321409662510762
            ],
            [
              -0.994349529829318,
              -0.10615560526045797
            ],
            [
              -0.9951847266721968,
              -0.09801714032956083
            ],
            [
              -0.9959533136465477,
              -0.08987211489923537
            ],
            [
              -0.9966552393091803,
              -0.08172107413366836
            ],
            [
              -0.9972904566786902,
              -0.07356456359966773
            ],
            [
              -0.9978589232386035,
              -0.06540312923014356
            ],
            [
              -0.9983606009402225,
              -0.05723731728756885
            ],
            [
              -0.9987954562051724,
              -0.04906767432741841
            ],
            [
              -0.9991634599276488,
              -0.04089474716158358
            ],
            [
              -0.9994645874763657,
              -0.03271908282177645
            ],
            [
              -0.9996988186962042,
              -0.02454122852291277
            ],
            [
              -0.9998455752602078,
              -0.017366948679555603
            ],
            [
              -0.9568586856012115,
              -0.004280949893178029
            ]
          ]
        ]
      }
    },
    {
      "type": "Feature",
      "properties": {
        "cell_id": "CEG2000_f4_r0031_c0091",
        "method": "GeoDisk-Final",
        "view": "disk"
      },
      "geometry": {
        "type": "Polygon",
        "coordinates": [
          [
            [
              -0.7832795462317662,
              -0.03733042350842737
            ],
            [
              -0.7699443941819187,
              -0.13143358617715586
            ],
            [
              -0.7707192467285345,
              -0.1319990303081508
            ],
            [
              -0.8410743930350267,
              -0.14015539338888391
            ],
            [
              -0.8701727630019797,
              -0.1370295990147895
            ],
            [
              -0.9247114456254948,
              -0.006616846425498757
            ],
            [
              -0.9064883238697192,
              -0.004222421436842871
            ],
            [
              -0.7832795462317662,
              -0.03733042350842737
            ]
          ]
        ]
      }
    },
    {
      "type": "Feature",
      "properties": {
        "cell_id": "CEG2000_f4_r0031_c0092",
        "method": "GeoDisk-Final",
        "view": "disk"
      },
      "geometry": {
        "type": "Polygon",
        "coordinates": [
          [
            [
              -0.6403578627855343,
              -0.030466487777444873
            ],
            [
              -0.6686759960081768,
              -0.16048236630176374
            ],
            [
              -0.6838740735001274,
              -0.1675896985359093
            ],
            [
              -0.7699443941819185,
              -0.13143358617715578
            ],
            [
              -0.783279546231766,
              -0.03733042350842743
            ],
            [
              -0.7292660793580301,
              -0.009484517050898346
            ],
            [
              -0.6403578627855343,
              -0.030466487777444873
            ]
          ]
        ]
      }
    },
    {
      "type": "Feature",
      "properties": {
        "cell_id": "CEG2000_f4_r0031_c0093",
        "method": "GeoDisk-Final",
        "view": "disk"
      },
      "geometry": {
        "type": "Polygon",
        "coordinates": [
          [
            [
              -0.5184825826291162,
              -0.1712228239715471
            ],
            [
              -0.594785051748012,
              -0.17287911503421788
            ],
            [
              -0.6686759960081766,
              -0.1604823663017637
            ],
            [
              -0.6403578627855342,
              -0.03046648777744486
            ],
            [
              -0.5963970370461434,
              -0.01651908231959442
            ],
            [
              -0.5274355823822906,
              -0.04358774964928544
            ],
            [
              -0.5184825826291162,
              -0.1712228239715471
            ]
          ]
        ]
      }
    },
    {
      "type": "Feature",
      "properties": {
        "cell_id": "CEG2000_f4_r0031_c0094",
        "method": "GeoDisk-Final",
        "view": "disk"
      },
      "geometry": {
        "type": "Polygon",
        "coordinates": [
          [
            [
              -0.3657767537262822,
              -0.02205812800749296
            ],
            [
              -0.4417415374107658,
              -0.1981001062647182
            ],
            [
              -0.515645773367181,
              -0.1748320577349326
            ],
            [
              -0.5184825826291162,
              -0.17122282397154698
            ],
            [
              -0.5274355823822906,
              -0.04358774964928553
            ],
            [
              -0.44763456467437324,
              0.014784775392229998
            ],
            [
              -0.3657767537262822,
              -0.02205812800749296
            ]
          ]
        ]
      }
    },
    {
      "type": "Feature",
      "properties": {
        "cell_id": "CEG2000_f4_r0031_c0095",
        "method": "GeoDisk-Final",
        "view": "disk"
      },
      "geometry": {
        "type": "Polygon",
        "coordinates": [
          [
            [
              -0.2900695438742837,
              -0.2655832878578337
            ],
            [
              -0.3162497254721664,
              -0.2696141428969702
            ],
            [
              -0.35408166636143884,
              -0.2556307291411456
            ],
            [
              -0.4417415374107659,
              -0.19810010626471808
            ],
            [
              -0.36577675372628227,
              -0.022058128007492905
            ],
            [
              -0.3146141565223916,
              -0.029943523459843163
            ],
            [
              -0.2900695438742837,
              -0.2655832878578337
            ]
          ]
        ]
      }
    },
    {
      "type": "Feature",
      "properties": {
        "cell_id": "CEG2000_f4_r0031_c0096",
        "method": "GeoDisk-Final",
        "view": "disk"
      },
      "geometry": {
        "type": "Polygon",
        "coordinates": [
          [
            [
              -0.18050901573980724,
              -0.0026309803580767954
            ],
            [
              -0.20227499282872785,
              -0.243909859322242
            ],
            [
              -0.24577997975388743,
              -0.27882345999003816
            ],
            [
              -0.2900695438742838,
              -0.2655832878578337
            ],
            [
              -0.3146141565223917,
              -0.029943523459843177
            ],
            [
              -0.260570150357766,
              -0.005003502528397881
            ],
            [
              -0.18050901573980724,
              -0.0026309803580767954
            ]
          ]
        ]
      }
    },
    {
      "type": "Feature",
      "properties": {
        "cell_id": "CEG2000_f4_r0031_c0097",
        "method": "GeoDisk-Final",
        "view": "disk"
      },
      "geometry": {
        "type": "Polygon",
        "coordinates": [
          [
            [
              -0.05137999784702713,
              -0.21456576294660468
            ],
            [
              -0.05483281411922891,
              -0.21893426986044145
            ],
            [
              -0.20227499282872788,
              -0.24390985932224202
            ],
            [
              -0.18050901573980727,
              -0.0026309803580768024
            ],
            [
              -0.16564965212458263,
              0.0051319044142383585
            ],
            [
              -0.04329447966522207,
              0.013176817108519367
            ],
            [
              -0.05137999784702713,
              -0.21456576294660468
            ]
          ]
        ]
      }
    },
    {
      "type": "Feature",
      "properties": {
        "cell_id": "CEG2000_f4_r0031_c0098",
        "method": "GeoDisk-Final",
        "view": "disk"
      },
      "geometry": {
        "type": "Polygon",
        "coordinates": [
          [
            [
              0.12871898361870077,
              -0.15992877182654341
            ],
            [
              0.09073560496616537,
              -0.20139595277394287
            ],
            [
              -0.05137999784702713,
              -0.21456576294660473
            ],
            [
              -0.04329447966522206,
              0.013176817108519354
            ],
            [
              -0.0011057483538428683,
              0.04494697540435645
            ],
            [
              0.07329164535459583,
              0.03252776753132214
            ],
            [
              0.12871898361870077,
              -0.15992877182654341
            ]
          ]
        ]
      }
    },
    {
      "type": "Feature",
      "properties": {
        "cell_id": "CEG2000_f4_r0031_c0099",
        "method": "GeoDisk-Final",
        "view": "disk"
      },
      "geometry": {
        "type": "Polygon",
        "coordinates": [
          [
            [
              0.2508865355170491,
              0.03305812152552762
            ],
            [
              0.2710248797787391,
              -0.14750325911976916
            ],
            [
              0.21731320491239173,
              -0.17532127476451403
            ],
            [
              0.1287189836187008,
              -0.1599287718265434
            ],
            [
              0.07329164535459587,
              0.032527767531322145
            ],
            [
              0.1247798762123977,
              0.05502067601808187
            ],
            [
              0.2508865355170491,
              0.03305812152552762
            ]
          ]
        ]
      }
    },
    {
      "type": "Feature",
      "properties": {
        "cell_id": "CEG2000_f4_r0031_c0100",
        "method": "GeoDisk-Final",
        "view": "disk"
      },
      "geometry": {
        "type": "Polygon",
        "coordinates": [
          [
            [
              0.43504515869876775,
              0.019454187691462815
            ],
            [
              0.43451009972803145,
              -0.13535244454610323
            ],
            [
              0.3976796621726023,
              -0.16980770132669568
            ],
            [
              0.2710248797787392,
              -0.1475032591197692
            ],
            [
              0.25088653551704915,
              0.0330581215255276
            ],
            [
              0.2883324864577945,
              0.04571685723800754
            ],
            [
              0.43504515869876775,
              0.019454187691462815
            ]
          ]
        ]
      }
    },
    {
      "type": "Feature",
      "properties": {
        "cell_id": "CEG2000_f4_r0031_c0101",
        "method": "GeoDisk-Final",
        "view": "disk"
      },
      "geometry": {
        "type": "Polygon",
        "coordinates": [
          [
            [
              0.6221131851430627,
              0.03706918226528283
            ],
            [
              0.5101043783545964,
              -0.15424405500478583
            ],
            [
              0.49315163012861696,
              -0.15484435379867667
            ],
            [
              0.43451009972803134,
              -0.13535244454610332
            ],
            [
              0.43504515869876764,
              0.0194541876914628
            ],
            [
              0.48073352430327343,
              0.07157994003713256
            ],
            [
              0.6221131851430627,
              0.03706918226528283
            ]
          ]
        ]
      }
    },
    {
      "type": "Feature",
      "properties": {
        "cell_id": "CEG2000_f4_r0031_c0102",
        "method": "GeoDisk-Final",
        "view": "disk"
      },
      "geometry": {
        "type": "Polygon",
        "coordinates": [
          [
            [
              0.6786891393385034,
              -0.15573752560184062
            ],
            [
              0.6290427089487041,
              -0.18879977363781614
            ],
            [
              0.510104378354596,
              -0.15424405500478575
            ],
            [
              0.6221131851430621,
              0.03706918226528283
            ],
            [
              0.6361588516787817,
              0.03744073975341445
            ],
            [
              0.6744036008934808,
              0.01108671406818193
            ],
            [
              0.6786891393385034,
              -0.15573752560184062
            ]
          ]
        ]
      }
    },
    {
      "type": "Feature",
      "properties": {
        "cell_id": "CEG2000_f4_r0031_c0103",
        "method": "GeoDisk-Final",
        "view": "disk"
      },
      "geometry": {
        "type": "Polygon",
        "coordinates": [
          [
            [
              0.7807886611837874,
              -0.1619831373015679
            ],
            [
              0.7472317035270836,
              -0.17444237915696093
            ],
            [
              0.6786891393385035,
              -0.15573752560184048
            ],
            [
              0.6744036008934808,
              0.011086714068181906
            ],
            [
              0.774992719694831,
              0.012933022269093859
            ],
            [
              0.792152821406624,
              0.00012298758976608815
            ],
            [
              0.7807886611837874,
              -0.1619831373015679
            ]
          ]
        ]
      }
    },
    {
      "type": "Feature",
      "properties": {
        "cell_id": "CEG2000_f4_r0031_c0104",
        "method": "GeoDisk-Final",
        "view": "disk"
      },
      "geometry": {
        "type": "Polygon",
        "coordinates": [
          [
            [
              0.9043586806053527,
              -0.04628806107653968
            ],
            [
              0.8918650918143264,
              -0.16296403818039218
            ],
            [
              0.8488714781167052,
              -0.17757916931937245
            ],
            [
              0.7807886611837879,
              -0.16198313730156788
            ],
            [
              0.7921528214066246,
              0.0001229875897658904
            ],
            [
              0.8396274505423315,
              -0.009353670302115636
            ],
            [
              0.9043586806053527,
              -0.04628806107653968
            ]
          ]
        ]
      }
    },
    {
      "type": "Feature",
      "properties": {
        "cell_id": "CEG2000_f4_r0031_c0105",
        "method": "GeoDisk-Final",
        "view": "disk"
      },
      "geometry": {
        "type": "Polygon",
        "coordinates": [
          [
            [
              0.8918650918143263,
              -0.1629640381803922
            ],
            [
              0.9043586806053525,
              -0.046288061076539634
            ],
            [
              0.9999164200130919,
              -0.012264582906457233
            ],
            [
              0.9998661379095618,
              -0.01636173162648678
            ],
            [
              0.9996988186962042,
              -0.024541228522912288
            ],
            [
              0.9994645874763657,
              -0.03271908282177614
            ],
            [
              0.9991634599276488,
              -0.04089474716158344
            ],
            [
              0.9987954562051724,
              -0.049067674327418015
            ],
            [
              0.9983606009402225,
              -0.057237317287568625
            ],
            [
              0.9978589232386035,
              -0.06540312923014306
            ],
            [
              0.9972904566786902,
              -0.07356456359966743
            ],
            [
              0.9966552393091803,
              -0.0817210741336682
            ],
            [
              0.9959533136465477,
              -0.08987211489923497
            ],
            [
              0.9951847266721969,
              -0.0980171403295606
            ],
            [
              0.9943495298293181,
              -0.10615560526045748
            ],
            [
              0.9934477790194444,
              -0.11428696496684639
            ],
            [
              0.99247953459871,
              -0.12241067519921618
            ],
            [
              0.9914448613738104,
              -0.13052619222005157
            ],
            [
              0.9903438285976649,
              -0.13863297284022666
            ],
            [
              0.989176509964781,
              -0.14673047445536175
            ],
            [
              0.9879429836063224,
              -0.15481815508214103
            ],
            [
              0.986643332084879,
              -0.1628954733945887
            ],
            [
              0.9852776423889412,
              -0.17096188876030122
            ],
            [
              0.9838460059270774,
              -0.17901686127663266
            ],
            [
              0.9823485185218157,
              -0.18705985180683196
            ],
            [
              0.9807852804032304,
              -0.19509032201612825
            ],
            [
              0.9791563962022337,
              -0.20310773440776286
            ],
            [
              0.9774619749435719,
              -0.21111155235896514
            ],
            [
              0.9762207718164794,
              -0.21674660886356575
            ],
            [
              0.8918650918143263,
              -0.1629640381803922
            ]
          ]
        ]
      }
    },
    {
      "type": "Feature",
      "properties": {
        "cell_id": "CEG2000_f4_r0032_c0091",
        "method": "GeoDisk-Final",
        "view": "disk"
      },
      "geometry": {
        "type": "Polygon",
        "coordinates": [
          [
            [
              -0.7957922049484503,
              0.11389092214424765
            ],
            [
              -0.9064883238697188,
              -0.004222421436842904
            ],
            [
              -0.9247114456254952,
              -0.006616846425498948
            ],
            [
              -0.9568586856012112,
              -0.0042809498931780585
            ],
            [
              -0.9063948526213238,
              0.19160496473078714
            ],
            [
              -0.7957922049484503,
              0.11389092214424765
            ]
          ]
        ]
      }
    },
    {
      "type": "Feature",
      "properties": {
        "cell_id": "CEG2000_f4_r0032_c0092",
        "method": "GeoDisk-Final",
        "view": "disk"
      },
      "geometry": {
        "type": "Polygon",
        "coordinates": [
          [
            [
              -0.72926607935803,
              -0.009484517050898283
            ],
            [
              -0.783279546231766,
              -0.03733042350842745
            ],
            [
              -0.9064883238697187,
              -0.004222421436842983
            ],
            [
              -0.7957922049484498,
              0.11389092214424784
            ],
            [
              -0.7586294751780152,
              0.12131774342041822
            ],
            [
              -0.738483639152636,
              0.11034762146164362
            ],
            [
              -0.72926607935803,
              -0.009484517050898283
            ]
          ]
        ]
      }
    },
    {
      "type": "Feature",
      "properties": {
        "cell_id": "CEG2000_f4_r0032_c0093",
        "method": "GeoDisk-Final",
        "view": "disk"
      },
      "geometry": {
        "type": "Polygon",
        "coordinates": [
          [
            [
              -0.5963970370461437,
              -0.016519082319594425
            ],
            [
              -0.6403578627855342,
              -0.03046648777744481
            ],
            [
              -0.7292660793580301,
              -0.009484517050898216
            ],
            [
              -0.7384836391526359,
              0.1103476214616436
            ],
            [
              -0.6328236879520303,
              0.1355407596637469
            ],
            [
              -0.6050196614612915,
              0.12183032354377679
            ],
            [
              -0.5963970370461437,
              -0.016519082319594425
            ]
          ]
        ]
      }
    },
    {
      "type": "Feature",
      "properties": {
        "cell_id": "CEG2000_f4_r0032_c0094",
        "method": "GeoDisk-Final",
        "view": "disk"
      },
      "geometry": {
        "type": "Polygon",
        "coordinates": [
          [
            [
              -0.44763456467437324,
              0.01478477539222995
            ],
            [
              -0.5274355823822905,
              -0.04358774964928551
            ],
            [
              -0.5963970370461434,
              -0.016519082319594463
            ],
            [
              -0.6050196614612913,
              0.12183032354377683
            ],
            [
              -0.5368600541627755,
              0.14035439926398133
            ],
            [
              -0.4498842266232743,
              0.1348392455950397
            ],
            [
              -0.44763456467437324,
              0.01478477539222995
            ]
          ]
        ]
      }
    },
    {
      "type": "Feature",
      "properties": {
        "cell_id": "CEG2000_f4_r0032_c0095",
        "method": "GeoDisk-Final",
        "view": "disk"
      },
      "geometry": {
        "type": "Polygon",
        "coordinates": [
          [
            [
              -0.260570150357766,
              -0.005003502528397888
            ],
            [
              -0.3146141565223917,
              -0.029943523459843177
            ],
            [
              -0.3657767537262822,
              -0.022058128007492933
            ],
            [
              -0.4476345646743732,
              0.01478477539222994
            ],
            [
              -0.44988422662327426,
              0.13483924559503968
            ],
            [
              -0.424247651331016,
              0.16481648399327617
            ],
            [
              -0.35317983087448285,
              0.17168366652424355
            ],
            [
              -0.260570150357766,
              -0.005003502528397888
            ]
          ]
        ]
      }
    },
    {
      "type": "Feature",
      "properties": {
        "cell_id": "CEG2000_f4_r0032_c0096",
        "method": "GeoDisk-Final",
        "view": "disk"
      },
      "geometry": {
        "type": "Polygon",
        "coordinates": [
          [
            [
              -0.16564965212458263,
              0.005131904414238338
            ],
            [
              -0.18050901573980724,
              -0.0026309803580768128
            ],
            [
              -0.26057015035776593,
              -0.005003502528397903
            ],
            [
              -0.35317983087448274,
              0.17168366652424352
            ],
            [
              -0.2227149380750741,
              0.251144829997069
            ],
            [
              -0.21629405583662017,
              0.25224961745499963
            ],
            [
              -0.20515938927107633,
              0.24576102387644702
            ],
            [
              -0.16564965212458263,
              0.005131904414238338
            ]
          ]
        ]
      }
    },
    {
      "type": "Feature",
      "properties": {
        "cell_id": "CEG2000_f4_r0032_c0097",
        "method": "GeoDisk-Final",
        "view": "disk"
      },
      "geometry": {
        "type": "Polygon",
        "coordinates": [
          [
            [
              -0.0011057483538428822,
              0.04494697540435645
            ],
            [
              -0.04329447966522207,
              0.013176817108519355
            ],
            [
              -0.16564965212458266,
              0.005131904414238336
            ],
            [
              -0.2051593892710764,
              0.24576102387644708
            ],
            [
              -0.0453667774101143,
              0.23042086756715202
            ],
            [
              -0.0011057483538428822,
              0.04494697540435645
            ]
          ]
        ]
      }
    },
    {
      "type": "Feature",
      "properties": {
        "cell_id": "CEG2000_f4_r0032_c0098",
        "method": "GeoDisk-Final",
        "view": "disk"
      },
      "geometry": {
        "type": "Polygon",
        "coordinates": [
          [
            [
              0.20801023265529717,
              0.3273018951776959
            ],
            [
              0.1247798762123977,
              0.055020676018081874
            ],
            [
              0.07329164535459583,
              0.032527767531322145
            ],
            [
              -0.0011057483538428892,
              0.044946975404356444
            ],
            [
              -0.04536677741011433,
              0.23042086756715197
            ],
            [
              -0.021340714045835707,
              0.2702624810766363
            ],
            [
              0.20801023265529717,
              0.3273018951776959
            ]
          ]
        ]
      }
    },
    {
      "type": "Feature",
      "properties": {
        "cell_id": "CEG2000_f4_r0032_c0099",
        "method": "GeoDisk-Final",
        "view": "disk"
      },
      "geometry": {
        "type": "Polygon",
        "coordinates": [
          [
            [
              0.35503446275144235,
              0.31084021819752133
            ],
            [
              0.28833248645779463,
              0.04571685723800755
            ],
            [
              0.2508865355170492,
              0.03305812152552759
            ],
            [
              0.1247798762123977,
              0.05502067601808185
            ],
            [
              0.20801023265529717,
              0.3273018951776959
            ],
            [
              0.22532390969170396,
              0.3431915488954938
            ],
            [
              0.35503446275144235,
              0.31084021819752133
            ]
          ]
        ]
      }
    },
    {
      "type": "Feature",
      "properties": {
        "cell_id": "CEG2000_f4_r0032_c0100",
        "method": "GeoDisk-Final",
        "view": "disk"
      },
      "geometry": {
        "type": "Polygon",
        "coordinates": [
          [
            [
              0.4807335243032734,
              0.07157994003713246
            ],
            [
              0.43504515869876775,
              0.019454187691462857
            ],
            [
              0.28833248645779463,
              0.0457168572380076
            ],
            [
              0.35503446275144235,
              0.3108402181975213
            ],
            [
              0.4637318528073681,
              0.3192713060532524
            ],
            [
              0.481120738697218,
              0.30635207171604656
            ],
            [
              0.4807335243032734,
              0.07157994003713246
            ]
          ]
        ]
      }
    },
    {
      "type": "Feature",
      "properties": {
        "cell_id": "CEG2000_f4_r0032_c0101",
        "method": "GeoDisk-Final",
        "view": "disk"
      },
      "geometry": {
        "type": "Polygon",
        "coordinates": [
          [
            [
              0.6740313953930637,
              0.2606260256881681
            ],
            [
              0.6361588516787816,
              0.037440739753414456
            ],
            [
              0.6221131851430626,
              0.03706918226528286
            ],
            [
              0.4807335243032734,
              0.07157994003713261
            ],
            [
              0.481120738697218,
              0.30635207171604667
            ],
            [
              0.6150372426000751,
              0.30537493545770505
            ],
            [
              0.6740313953930637,
              0.2606260256881681
            ]
          ]
        ]
      }
    },
    {
      "type": "Feature",
      "properties": {
        "cell_id": "CEG2000_f4_r0032_c0102",
        "method": "GeoDisk-Final",
        "view": "disk"
      },
      "geometry": {
        "type": "Polygon",
        "coordinates": [
          [
            [
              0.814973542529266,
              0.21604011313506988
            ],
            [
              0.774992719694831,
              0.012933022269094029
            ],
            [
              0.6744036008934806,
              0.011086714068182082
            ],
            [
              0.6361588516787818,
              0.03744073975341443
            ],
            [
              0.6740313953930639,
              0.26062602568816795
            ],
            [
              0.7831701899151241,
              0.23947580690608614
            ],
            [
              0.814973542529266,
              0.21604011313506988
            ]
          ]
        ]
      }
    },
    {
      "type": "Feature",
      "properties": {
        "cell_id": "CEG2000_f4_r0032_c0103",
        "method": "GeoDisk-Final",
        "view": "disk"
      },
      "geometry": {
        "type": "Polygon",
        "coordinates": [
          [
            [
              0.9654030763987785,
              0.18676824559053368
            ],
            [
              0.839627450542331,
              -0.009353670302115275
            ],
            [
              0.7921528214066244,
              0.00012298758976619917
            ],
            [
              0.7749927196948313,
              0.012933022269093944
            ],
            [
              0.8149735425292662,
              0.21604011313506963
            ],
            [
              0.9654030763987785,
              0.18676824559053368
            ]
          ]
        ]
      }
    },
    {
      "type": "Feature",
      "properties": {
        "cell_id": "CEG2000_f4_r0032_c0104",
        "method": "GeoDisk-Final",
        "view": "disk"
      },
      "geometry": {
        "type": "Polygon",
        "coordinates": [
          [
            [
              0.9043586806053528,
              -0.04628806107653957
            ],
            [
              0.8396274505423319,
              -0.00935367030211564
            ],
            [
              0.9654030763987795,
              0.18676824559053362
            ],
            [
              0.9824619370851146,
              0.1864506817882012
            ],
            [
              0.9838460059270773,
              0.1790168612766335
            ],
            [
              0.9852776423889411,
              0.17096188876030177
            ],
            [
              0.986643332084879,
              0.162895473394589
            ],
            [
              0.9879429836063223,
              0.15481815508214192
            ],
            [
              0.9891765099647809,
              0.1467304744553624
            ],
            [
              0.9903438285976648,
              0.13863297284022702
            ],
            [
              0.9914448613738103,
              0.13052619222005257
            ],
            [
              0.9924795345987099,
              0.1224106751992169
            ],
            [
              0.9934477790194444,
              0.11428696496684684
            ],
            [
              0.994349529829318,
              0.10615560526045854
            ],
            [
              0.9951847266721968,
              0.0980171403295614
            ],
            [
              0.9959533136465477,
              0.0898721148992355
            ],
            [
              0.9966552393091803,
              0.08172107413366848
            ],
            [
              0.9972904566786901,
              0.0735645635996683
            ],
            [
              0.9978589232386035,
              0.06540312923014367
            ],
            [
              0.9983606009402225,
              0.05723731728756897
            ],
            [
              0.9987954562051723,
              0.04906767432741898
            ],
            [
              0.9991634599276488,
              0.040894747161584144
            ],
            [
              0.9994645874763657,
              0.032719082821776574
            ],
            [
              0.9996988186962041,
              0.024541228522913336
            ],
            [
              0.9998661379095618,
              0.016361731626487564
            ],
            [
              0.9999665339174011,
              0.008181139603937642
            ],
            [
              1.0,
              0.0
            ],
            [
              0.9999665339174011,
              -0.008181139603937128
            ],
            [
              0.9999164200130919,
              -0.012264582906457313
            ],
            [
              0.9043586806053528,
              -0.04628806107653957
            ]
          ]
        ]
      }
    },
    {
      "type": "Feature",
      "properties": {
        "cell_id": "CEG2000_f4_r0033_c0090",
        "method": "GeoDisk-Final",
        "view": "disk"
      },
      "geometry": {
        "type": "Polygon",
        "coordinates": [
          [
            [
              -0.9156873663043323,
              0.2263534437265423
            ],
            [
              -0.9063948526213239,
              0.19160496473078764
            ],
            [
              -0.9568586856012116,
              -0.004280949893178156
            ],
            [
              -0.9998455752602078,
              -0.017366948679555703
            ],
            [
              -0.9998661379095618,
              -0.016361731626486995
            ],
            [
              -0.9999665339174011,
              -0.00818113960393752
            ],
            [
              -1.0,
              -1.2246467991473532e-16
            ],
            [
              -0.9999665339174011,
              0.008181139603936832
            ],
            [
              -0.9998661379095618,
              0.016361731626486308
            ],
            [
              -0.9996988186962042,
              0.02454122852291208
            ],
            [
              -0.9994645874763657,
              0.03271908282177576
            ],
            [
              -0.9991634599276488,
              0.04089474716158289
            ],
            [
              -0.9987954562051724,
              0.049067674327417724
            ],
            [
              -0.9983606009402225,
              0.05723731728756816
            ],
            [
              -0.9978589232386035,
              0.06540312923014287
            ],
            [
              -0.9972904566786902,
              0.07356456359966705
            ],
            [
              -0.9966552393091803,
              0.08172107413366768
            ],
            [
              -0.9959533136465478,
              0.08987211489923469
            ],
            [
              -0.9951847266721969,
              0.09801714032956015
            ],
            [
              -0.9943495298293181,
              0.1061556052604573
            ],
            [
              -0.9934477790194445,
              0.11428696496684604
            ],
            [
              -0.9924795345987101,
              0.12241067519921565
            ],
            [
              -0.9914448613738105,
              0.13052619222005132
            ],
            [
              -0.9903438285976649,
              0.13863297284022622
            ],
            [
              -0.989176509964781,
              0.14673047445536158
            ],
            [
              -0.9879429836063224,
              0.15481815508214067
            ],
            [
              -0.9866433320848791,
              0.1628954733945882
            ],
            [
              -0.9852776423889413,
              0.17096188876030097
            ],
            [
              -0.9838460059270775,
              0.17901686127663224
            ],
            [
              -0.9823485185218157,
              0.1870598518068318
            ],
            [
              -0.9807852804032305,
              0.19509032201612792
            ],
            [
              -0.9791563962022338,
              0.20310773440776236
            ],
            [
              -0.9774619749435719,
              0.21111155235896492
            ],
            [
              -0.9757021300385287,
              0.21910124015686938
            ],
            [
              -0.9738769792773336,
              0.22707626303437303
            ],
            [
              -0.9719866448212795,
              0.23503608720592636
            ],
            [
              -0.9700312531945441,
              0.24298017990326337
            ],
            [
              -0.9680109352757228,
              0.25090800941105973
            ],
            [
              -0.9670553686426007,
              0.2545334898001341
            ],
            [
              -0.9156873663043323,
              0.2263534437265423
            ]
          ]
        ]
      }
    },
    {
      "type": "Feature",
      "properties": {
        "cell_id": "CEG2000_f4_r0033_c0091",
        "method": "GeoDisk-Final",
        "view": "disk"
      },
      "geometry": {
        "type": "Polygon",
        "coordinates": [
          [
            [
              -0.7682540517796151,
              0.23808624905222953
            ],
            [
              -0.7586294751780152,
              0.12131774342041825
            ],
            [
              -0.7957922049484498,
              0.1138909221442479
            ],
            [
              -0.9063948526213244,
              0.19160496473078803
            ],
            [
              -0.9156873663043327,
              0.22635344372654265
            ],
            [
              -0.8390848664018041,
              0.25937293782749826
            ],
            [
              -0.7682540517796151,
              0.23808624905222953
            ]
          ]
        ]
      }
    },
    {
      "type": "Feature",
      "properties": {
        "cell_id": "CEG2000_f4_r0033_c0092",
        "method": "GeoDisk-Final",
        "view": "disk"
      },
      "geometry": {
        "type": "Polygon",
        "coordinates": [
          [
            [
              -0.6328236879520306,
              0.13554075966374707
            ],
            [
              -0.738483639152636,
              0.1103476214616438
            ],
            [
              -0.7586294751780148,
              0.12131774342041828
            ],
            [
              -0.7682540517796148,
              0.23808624905222942
            ],
            [
              -0.729230319073783,
              0.2611952224489481
            ],
            [
              -0.6647861891988296,
              0.2507347547876204
            ],
            [
              -0.6328236879520306,
              0.13554075966374707
            ]
          ]
        ]
      }
    },
    {
      "type": "Feature",
      "properties": {
        "cell_id": "CEG2000_f4_r0033_c0093",
        "method": "GeoDisk-Final",
        "view": "disk"
      },
      "geometry": {
        "type": "Polygon",
        "coordinates": [
          [
            [
              -0.5547982957769972,
              0.30858331033604197
            ],
            [
              -0.5368600541627755,
              0.14035439926398133
            ],
            [
              -0.605019661461291,
              0.1218303235437769
            ],
            [
              -0.6328236879520304,
              0.1355407596637473
            ],
            [
              -0.6647861891988294,
              0.25073475478762053
            ],
            [
              -0.61980135827582,
              0.29483737043798025
            ],
            [
              -0.5547982957769972,
              0.30858331033604197
            ]
          ]
        ]
      }
    },
    {
      "type": "Feature",
      "properties": {
        "cell_id": "CEG2000_f4_r0033_c0094",
        "method": "GeoDisk-Final",
        "view": "disk"
      },
      "geometry": {
        "type": "Polygon",
        "coordinates": [
          [
            [
              -0.42424765133101605,
              0.16481648399327609
            ],
            [
              -0.4498842266232742,
              0.13483924559503974
            ],
            [
              -0.5368600541627752,
              0.14035439926398133
            ],
            [
              -0.5547982957769968,
              0.30858331033604225
            ],
            [
              -0.529606429554882,
              0.32432548542990103
            ],
            [
              -0.4564850430497921,
              0.31989919195849925
            ],
            [
              -0.42424765133101605,
              0.16481648399327609
            ]
          ]
        ]
      }
    },
    {
      "type": "Feature",
      "properties": {
        "cell_id": "CEG2000_f4_r0033_c0095",
        "method": "GeoDisk-Final",
        "view": "disk"
      },
      "geometry": {
        "type": "Polygon",
        "coordinates": [
          [
            [
              -0.2227149380750741,
              0.25114482999706905
            ],
            [
              -0.35317983087448274,
              0.1716836665242436
            ],
            [
              -0.42424765133101605,
              0.1648164839932762
            ],
            [
              -0.4564850430497921,
              0.3198991919584995
            ],
            [
              -0.40402346930024347,
              0.3777386663913647
            ],
            [
              -0.40303909161390705,
              0.3780463545348982
            ],
            [
              -0.2227149380750741,
              0.25114482999706905
            ]
          ]
        ]
      }
    },
    {
      "type": "Feature",
      "properties": {
        "cell_id": "CEG2000_f4_r0033_c0096",
        "method": "GeoDisk-Final",
        "view": "disk"
      },
      "geometry": {
        "type": "Polygon",
        "coordinates": [
          [
            [
              -0.17104829202872138,
              0.5502994573568202
            ],
            [
              -0.21629405583662029,
              0.25224961745499963
            ],
            [
              -0.222714938075074,
              0.251144829997069
            ],
            [
              -0.40303909161390694,
              0.3780463545348983
            ],
            [
              -0.19382814516224822,
              0.5557691607942484
            ],
            [
              -0.17104829202872138,
              0.5502994573568202
            ]
          ]
        ]
      }
    },
    {
      "type": "Feature",
      "properties": {
        "cell_id": "CEG2000_f4_r0033_c0097",
        "method": "GeoDisk-Final",
        "view": "disk"
      },
      "geometry": {
        "type": "Polygon",
        "coordinates": [
          [
            [
              -0.02134071404583576,
              0.27026248107663625
            ],
            [
              -0.04536677741011433,
              0.230420867567152
            ],
            [
              -0.20515938927107635,
              0.24576102387644705
            ],
            [
              -0.21629405583662017,
              0.25224961745499963
            ],
            [
              -0.17104829202872127,
              0.5502994573568202
            ],
            [
              -0.08172130005170619,
              0.5652538073855998
            ],
            [
              -0.06676756120971436,
              0.5576054707847138
            ],
            [
              -0.02134071404583576,
              0.27026248107663625
            ]
          ]
        ]
      }
    },
    {
      "type": "Feature",
      "properties": {
        "cell_id": "CEG2000_f4_r0033_c0098",
        "method": "GeoDisk-Final",
        "view": "disk"
      },
      "geometry": {
        "type": "Polygon",
        "coordinates": [
          [
            [
              0.2253239096917039,
              0.34319154889549375
            ],
            [
              0.20801023265529717,
              0.3273018951776959
            ],
            [
              -0.02134071404583574,
              0.2702624810766362
            ],
            [
              -0.06676756120971435,
              0.5576054707847137
            ],
            [
              0.154711274959831,
              0.5482860475129625
            ],
            [
              0.2253239096917039,
              0.34319154889549375
            ]
          ]
        ]
      }
    },
    {
      "type": "Feature",
      "properties": {
        "cell_id": "CEG2000_f4_r0033_c0099",
        "method": "GeoDisk-Final",
        "view": "disk"
      },
      "geometry": {
        "type": "Polygon",
        "coordinates": [
          [
            [
              0.45518879003135443,
              0.5651620384790748
            ],
            [
              0.4637318528073681,
              0.31927130605325243
            ],
            [
              0.35503446275144235,
              0.3108402181975213
            ],
            [
              0.22532390969170396,
              0.3431915488954938
            ],
            [
              0.15471127495983103,
              0.5482860475129626
            ],
            [
              0.23279875437112374,
              0.6227837608705298
            ],
            [
              0.40349094792371804,
              0.6033895536004698
            ],
            [
              0.45518879003135443,
              0.5651620384790748
            ]
          ]
        ]
      }
    },
    {
      "type": "Feature",
      "properties": {
        "cell_id": "CEG2000_f4_r0033_c0100",
        "method": "GeoDisk-Final",
        "view": "disk"
      },
      "geometry": {
        "type": "Polygon",
        "coordinates": [
          [
            [
              0.6150372426000752,
              0.30537493545770505
            ],
            [
              0.48112073869721805,
              0.30635207171604667
            ],
            [
              0.4637318528073682,
              0.31927130605325243
            ],
            [
              0.4551887900313545,
              0.5651620384790748
            ],
            [
              0.7733867092142735,
              0.6339309715781837
            ],
            [
              0.7781746437525977,
              0.6280479470713345
            ],
            [
              0.7807967131716261,
              0.6247717749875565
            ],
            [
              0.6150372426000752,
              0.30537493545770505
            ]
          ]
        ]
      }
    },
    {
      "type": "Feature",
      "properties": {
        "cell_id": "CEG2000_f4_r0033_c0101",
        "method": "GeoDisk-Final",
        "view": "disk"
      },
      "geometry": {
        "type": "Polygon",
        "coordinates": [
          [
            [
              0.7831701899151241,
              0.2394758069060861
            ],
            [
              0.6740313953930639,
              0.26062602568816795
            ],
            [
              0.6150372426000752,
              0.30537493545770505
            ],
            [
              0.7807967131716261,
              0.6247717749875565
            ],
            [
              0.7832867492286498,
              0.6216605733700782
            ],
            [
              0.7883464276266059,
              0.6152315905806274
            ],
            [
              0.7933533402912349,
              0.6087614290087209
            ],
            [
              0.7983071520990309,
              0.6022505217162828
            ],
            [
              0.8032075314806445,
              0.5956993044924339
            ],
            [
              0.8080541504430729,
              0.5891082158243286
            ],
            [
              0.8128466845916151,
              0.5824776968678023
            ],
            [
              0.8175848131515833,
              0.575808191417846
            ],
            [
              0.8222682189897748,
              0.5691001458788987
            ],
            [
              0.826896588635696,
              0.5623540092349734
            ],
            [
              0.8314696123025448,
              0.555570233019603
            ],
            [
              0.8359869839079463,
              0.5487492712856165
            ],
            [
              0.8404484010944379,
              0.5418915805747521
            ],
            [
              0.8448535652497066,
              0.534997619887098
            ],
            [
              0.8492021815265786,
              0.5280678506503687
            ],
            [
              0.8534939588627503,
              0.5211027366890237
            ],
            [
              0.8577286100002716,
              0.5141027441932227
            ],
            [
              0.8599648362001211,
              0.510336977917472
            ],
            [
              0.7831701899151241,
              0.2394758069060861
            ]
          ]
        ]
      }
    },
    {
      "type": "Feature",
      "properties": {
        "cell_id": "CEG2000_f4_r0033_c0102",
        "method": "GeoDisk-Final",
        "view": "disk"
      },
      "geometry": {
        "type": "Polygon",
        "coordinates": [
          [
            [
              0.965403076398779,
              0.1867682455905336
            ],
            [
              0.8149735425292661,
              0.21604011313506963
            ],
            [
              0.7831701899151239,
              0.23947580690608614
            ],
            [
              0.8599648362001209,
              0.5103369779174723
            ],
            [
              0.861905851504774,
              0.5070683416876177
            ],
            [
              0.8660254037844384,
              0.5000000000000004
            ],
            [
              0.8700869911087112,
              0.49289819222978426
            ],
            [
              0.8740903416267585,
              0.4857633937163408
            ],
            [
              0.8780351873856624,
              0.47859608200718134
            ],
            [
              0.8819212643483548,
              0.471396736825998
            ],
            [
              0.88574831241129,
              0.4641658400405524
            ],
            [
              0.8895160754218557,
              0.4569038756304213
            ],
            [
              0.8932243011955151,
              0.449611329654607
            ],
            [
              0.8968727415326878,
              0.44228869021900225
            ],
            [
              0.9004611522353633,
              0.4349364474437178
            ],
            [
              0.9039892931234431,
              0.42755509343028253
            ],
            [
              0.9074569280508186,
              0.42014512222870265
            ],
            [
              0.9108638249211755,
              0.4127070298043955
            ],
            [
              0.9142097557035304,
              0.4052413140049904
            ],
            [
              0.9174944964474911,
              0.39774847452701134
            ],
            [
              0.9207178272982474,
              0.3902290128824289
            ],
            [
              0.9238795325112865,
              0.3826834323650904
            ],
            [
              0.9269794004668328,
              0.37511223801703836
            ],
            [
              0.9300172236840117,
              0.3675159365947045
            ],
            [
              0.9329927988347386,
              0.35989503653498883
            ],
            [
              0.9359059267573255,
              0.352250047921234
            ],
            [
              0.9387564124698131,
              0.34458148244908066
            ],
            [
              0.9415440651830205,
              0.33688985339222083
            ],
            [
              0.9442686983133164,
              0.32917567556803945
            ],
            [
              0.9469301294951056,
              0.32143946530316186
            ],
            [
              0.9495281805930363,
              0.31368174039889235
            ],
            [
              0.952062677713924,
              0.30590302009655407
            ],
            [
              0.9545334512183883,
              0.2981038250427402
            ],
            [
              0.9569403357322086,
              0.29028467725446333
            ],
            [
              0.9592831701573934,
              0.2824461000842132
            ],
            [
              0.9615617976829618,
              0.2745886181849328
            ],
            [
              0.9637760657954396,
              0.2667127574748994
            ],
            [
              0.9659258262890681,
              0.25881904510252157
            ],
            [
              0.9680109352757226,
              0.25090800941106056
            ],
            [
              0.970031253194544,
              0.24298017990326418
            ],
            [
              0.9719866448212792,
              0.23503608720592759
            ],
            [
              0.9738769792773335,
              0.22707626303437384
            ],
            [
              0.9757021300385285,
              0.21910124015687016
            ],
            [
              0.9774619749435717,
              0.21111155235896614
            ],
            [
              0.9791563962022336,
              0.20310773440776358
            ],
            [
              0.9807852804032303,
              0.19509032201612872
            ],
            [
              0.9823485185218155,
              0.18705985180683304
            ],
            [
              0.9824619370851146,
              0.18645068178820115
            ],
            [
              0.965403076398779,
              0.1867682455905336
            ]
          ]
        ]
      }
    },
    {
      "type": "Feature",
      "properties": {
        "cell_id": "CEG2000_f4_r0034_c0090",
        "method": "GeoDisk-Final",
        "view": "disk"
      },
      "geometry": {
        "type": "Polygon",
        "coordinates": [
          [
            [
              -0.8323670822380081,
              0.36354803387579226
            ],
            [
              -0.8390848664018036,
              0.2593729378274981
            ],
            [
              -0.9156873663043321,
              0.2263534437265422
            ],
            [
              -0.9670553686426007,
              0.2545334898001341
            ],
            [
              -0.9659258262890684,
              0.25881904510252035
            ],
            [
              -0.96377606579544,
              0.26671275747489825
            ],
            [
              -0.961561797682962,
              0.274588618184932
            ],
            [
              -0.9592831701573937,
              0.282446100084212
            ],
            [
              -0.9569403357322089,
              0.2902846772544621
            ],
            [
              -0.9545334512183886,
              0.29810382504273947
            ],
            [
              -0.9520626777139244,
              0.3059030200965529
            ],
            [
              -0.9495281805930368,
              0.3136817403988912
            ],
            [
              -0.9469301294951058,
              0.3214394653031611
            ],
            [
              -0.9442686983133166,
              0.3291756755680387
            ],
            [
              -0.9415440651830209,
              0.33688985339221966
            ],
            [
              -0.9387564124698135,
              0.34458148244907993
            ],
            [
              -0.9363757617659221,
              0.35098606666051474
            ],
            [
              -0.8323670822380081,
              0.36354803387579226
            ]
          ]
        ]
      }
    },
    {
      "type": "Feature",
      "properties": {
        "cell_id": "CEG2000_f4_r0034_c0091",
        "method": "GeoDisk-Final",
        "view": "disk"
      },
      "geometry": {
        "type": "Polygon",
        "coordinates": [
          [
            [
              -0.7292303190737832,
              0.2611952224489483
            ],
            [
              -0.768254051779615,
              0.23808624905222966
            ],
            [
              -0.8390848664018036,
              0.2593729378274983
            ],
            [
              -0.8323670822380083,
              0.363548033875792
            ],
            [
              -0.816497956269579,
              0.3796375988412275
            ],
            [
              -0.7466403915435142,
              0.38398207967069703
            ],
            [
              -0.7292303190737832,
              0.2611952224489483
            ]
          ]
        ]
      }
    },
    {
      "type": "Feature",
      "properties": {
        "cell_id": "CEG2000_f4_r0034_c0092",
        "method": "GeoDisk-Final",
        "view": "disk"
      },
      "geometry": {
        "type": "Polygon",
        "coordinates": [
          [
            [
              -0.6198013582758201,
              0.2948373704379803
            ],
            [
              -0.6647861891988294,
              0.25073475478762075
            ],
            [
              -0.729230319073783,
              0.26119522244894844
            ],
            [
              -0.746640391543514,
              0.3839820796706971
            ],
            [
              -0.7105123370867134,
              0.4134681790685193
            ],
            [
              -0.6956994001542479,
              0.40928965071879153
            ],
            [
              -0.6198013582758201,
              0.2948373704379803
            ]
          ]
        ]
      }
    },
    {
      "type": "Feature",
      "properties": {
        "cell_id": "CEG2000_f4_r0034_c0093",
        "method": "GeoDisk-Final",
        "view": "disk"
      },
      "geometry": {
        "type": "Polygon",
        "coordinates": [
          [
            [
              -0.529606429554882,
              0.32432548542990103
            ],
            [
              -0.554798295776997,
              0.3085833103360421
            ],
            [
              -0.6198013582758198,
              0.2948373704379804
            ],
            [
              -0.6956994001542477,
              0.4092896507187916
            ],
            [
              -0.5915555455244004,
              0.42890224058629195
            ],
            [
              -0.5803758617446111,
              0.42733164408711866
            ],
            [
              -0.529606429554882,
              0.32432548542990103
            ]
          ]
        ]
      }
    },
    {
      "type": "Feature",
      "properties": {
        "cell_id": "CEG2000_f4_r0034_c0094",
        "method": "GeoDisk-Final",
        "view": "disk"
      },
      "geometry": {
        "type": "Polygon",
        "coordinates": [
          [
            [
              -0.40402346930024335,
              0.3777386663913648
            ],
            [
              -0.45648504304979204,
              0.3198991919584993
            ],
            [
              -0.529606429554882,
              0.3243254854299011
            ],
            [
              -0.5803758617446111,
              0.4273316440871186
            ],
            [
              -0.5344671814689916,
              0.466139946884211
            ],
            [
              -0.49155905753949214,
              0.471878502963677
            ],
            [
              -0.40402346930024335,
              0.3777386663913648
            ]
          ]
        ]
      }
    },
    {
      "type": "Feature",
      "properties": {
        "cell_id": "CEG2000_f4_r0034_c0095",
        "method": "GeoDisk-Final",
        "view": "disk"
      },
      "geometry": {
        "type": "Polygon",
        "coordinates": [
          [
            [
              -0.19382814516224814,
              0.5557691607942485
            ],
            [
              -0.40303909161390694,
              0.3780463545348982
            ],
            [
              -0.4040234693002435,
              0.37773866639136466
            ],
            [
              -0.49155905753949225,
              0.47187850296367706
            ],
            [
              -0.49124998932924,
              0.4727710307878763
            ],
            [
              -0.2584460708907212,
              0.5694581187653718
            ],
            [
              -0.19750572872985703,
              0.5591075191884728
            ],
            [
              -0.19382814516224814,
              0.5557691607942485
            ]
          ]
        ]
      }
    },
    {
      "type": "Feature",
      "properties": {
        "cell_id": "CEG2000_f4_r0034_c0096",
        "method": "GeoDisk-Final",
        "view": "disk"
      },
      "geometry": {
        "type": "Polygon",
        "coordinates": [
          [
            [
              -0.38987098820140254,
              0.8228153574628849
            ],
            [
              -0.19750572872985678,
              0.5591075191884725
            ],
            [
              -0.2584460708907208,
              0.5694581187653714
            ],
            [
              -0.4755767179636536,
              0.6681807746758565
            ],
            [
              -0.42715585170136605,
              0.8450791115299804
            ],
            [
              -0.38987098820140254,
              0.8228153574628849
            ]
          ]
        ]
      }
    },
    {
      "type": "Feature",
      "properties": {
        "cell_id": "CEG2000_f4_r0034_c0097",
        "method": "GeoDisk-Final",
        "view": "disk"
      },
      "geometry": {
        "type": "Polygon",
        "coordinates": [
          [
            [
              -0.057270700338494664,
              0.8144375326582294
            ],
            [
              -0.08172130005170629,
              0.5652538073855999
            ],
            [
              -0.17104829202872157,
              0.5502994573568203
            ],
            [
              -0.19382814516224822,
              0.5557691607942485
            ],
            [
              -0.1975057287298566,
              0.5591075191884725
            ],
            [
              -0.3898709882014022,
              0.8228153574628849
            ],
            [
              -0.06307490385034425,
              0.821436779932612
            ],
            [
              -0.057270700338494664,
              0.8144375326582294
            ]
          ]
        ]
      }
    },
    {
      "type": "Feature",
      "properties": {
        "cell_id": "CEG2000_f4_r0034_c0098",
        "method": "GeoDisk-Final",
        "view": "disk"
      },
      "geometry": {
        "type": "Polygon",
        "coordinates": [
          [
            [
              0.23279875437112346,
              0.6227837608705297
            ],
            [
              0.15471127495983092,
              0.5482860475129626
            ],
            [
              -0.066767561209714,
              0.5576054707847137
            ],
            [
              -0.08172130005170616,
              0.5652538073855999
            ],
            [
              -0.05727070033849455,
              0.8144375326582294
            ],
            [
              0.1903538611857239,
              0.8203347488563311
            ],
            [
              0.23279875437112346,
              0.6227837608705297
            ]
          ]
        ]
      }
    },
    {
      "type": "Feature",
      "properties": {
        "cell_id": "CEG2000_f4_r0034_c0099",
        "method": "GeoDisk-Final",
        "view": "disk"
      },
      "geometry": {
        "type": "Polygon",
        "coordinates": [
          [
            [
              0.403490947923718,
              0.6033895536004698
            ],
            [
              0.23279875437112363,
              0.6227837608705298
            ],
            [
              0.1903538611857241,
              0.8203347488563311
            ],
            [
              0.2760506326876421,
              0.9611378213338774
            ],
            [
              0.28244610008421195,
              0.9592831701573937
            ],
            [
              0.29028467725446205,
              0.9569403357322089
            ],
            [
              0.29810382504273897,
              0.9545334512183887
            ],
            [
              0.30590302009655285,
              0.9520626777139245
            ],
            [
              0.31368174039889113,
              0.9495281805930368
            ],
            [
              0.3214394653031615,
              0.9469301294951057
            ],
            [
              0.32917567556803823,
              0.9442686983133167
            ],
            [
              0.3368898533922196,
              0.9415440651830209
            ],
            [
              0.34458148244908027,
              0.9387564124698132
            ],
            [
              0.3522500479212327,
              0.935905926757326
            ],
            [
              0.3598950365349876,
              0.9329927988347391
            ],
            [
              0.3675159365947033,
              0.9300172236840122
            ],
            [
              0.37511223801703714,
              0.9269794004668332
            ],
            [
              0.38268343236508917,
              0.923879532511287
            ],
            [
              0.3902290128824277,
              0.9207178272982478
            ],
            [
              0.3977484745270101,
              0.9174944964474917
            ],
            [
              0.4052413140049892,
              0.9142097557035309
            ],
            [
              0.41270702980439433,
              0.910863824921176
            ],
            [
              0.42014512222870226,
              0.9074569280508188
            ],
            [
              0.42755509343028136,
              0.9039892931234437
            ],
            [
              0.4349364474437166,
              0.9004611522353638
            ],
            [
              0.442288690219001,
              0.8968727415326885
            ],
            [
              0.4496113296546058,
              0.8932243011955158
            ],
            [
              0.4569038756304201,
              0.8895160754218563
            ],
            [
              0.46189578438997897,
              0.8869260972679913
            ],
            [
              0.403490947923718,
              0.6033895536004698
            ]
          ]
        ]
      }
    },
    {
      "type": "Feature",
      "properties": {
        "cell_id": "CEG2000_f4_r0034_c0100",
        "method": "GeoDisk-Final",
        "view": "disk"
      },
      "geometry": {
        "type": "Polygon",
        "coordinates": [
          [
            [
              0.4551887900313545,
              0.5651620384790746
            ],
            [
              0.40349094792371804,
              0.6033895536004696
            ],
            [
              0.461895784389979,
              0.8869260972679913
            ],
            [
              0.4641658400405512,
              0.8857483124112907
            ],
            [
              0.4713967368259968,
              0.8819212643483555
            ],
            [
              0.4785960820071802,
              0.8780351873856631
            ],
            [
              0.4857633937163397,
              0.874090341626759
            ],
            [
              0.49289819222978387,
              0.8700869911087115
            ],
            [
              0.49999999999999933,
              0.866025403784439
            ],
            [
              0.5070683416876166,
              0.8619058515047746
            ],
            [
              0.5141027441932216,
              0.8577286100002722
            ],
            [
              0.5211027366890226,
              0.8534939588627509
            ],
            [
              0.5280678506503674,
              0.8492021815265792
            ],
            [
              0.5349976198870969,
              0.8448535652497072
            ],
            [
              0.541891580574751,
              0.8404484010944385
            ],
            [
              0.5487492712856153,
              0.835986983907947
            ],
            [
              0.5555702330196018,
              0.8314696123025455
            ],
            [
              0.562354009234973,
              0.8268965886356963
            ],
            [
              0.5691001458788976,
              0.8222682189897755
            ],
            [
              0.5758081914178449,
              0.8175848131515839
            ],
            [
              0.5824776968678019,
              0.8128466845916154
            ],
            [
              0.5891082158243275,
              0.8080541504430737
            ],
            [
              0.5956993044924329,
              0.8032075314806453
            ],
            [
              0.6022505217162817,
              0.7983071520990317
            ],
            [
              0.6087614290087199,
              0.7933533402912357
            ],
            [
              0.6152315905806264,
              0.7883464276266067
            ],
            [
              0.6216605733700771,
              0.7832867492286506
            ],
            [
              0.6280479470713334,
              0.7781746437525985
            ],
            [
              0.6343932841636449,
              0.7730104533627374
            ],
            [
              0.6406961599398604,
              0.7677945237095123
            ],
            [
              0.6469561525348572,
              0.7625272039063883
            ],
            [
              0.6531728429537761,
              0.7572088465064851
            ],
            [
              0.6593458151000684,
              0.7518398074789778
            ],
            [
              0.665474655803342,
              0.746420446185274
            ],
            [
              0.6715589548470177,
              0.7409511253549598
            ],
            [
              0.6775983049957882,
              0.7354322110615191
            ],
            [
              0.683592302022871,
              0.7298640726978359
            ],
            [
              0.6895405447370662,
              0.7242470829514677
            ],
            [
              0.6954426350096111,
              0.7185816177796986
            ],
            [
              0.701298177800824,
              0.7128680563843802
            ],
            [
              0.7071067811865474,
              0.7071067811865477
            ],
            [
              0.7128680563843793,
              0.7012981778008249
            ],
            [
              0.7185816177796976,
              0.6954426350096121
            ],
            [
              0.7242470829514667,
              0.6895405447370672
            ],
            [
              0.729864072697835,
              0.683592302022872
            ],
            [
              0.7354322110615182,
              0.6775983049957892
            ],
            [
              0.7409511253549588,
              0.6715589548470187
            ],
            [
              0.7464204461852731,
              0.665474655803343
            ],
            [
              0.7518398074789769,
              0.6593458151000694
            ],
            [
              0.7572088465064842,
              0.6531728429537771
            ],
            [
              0.762527203906388,
              0.6469561525348575
            ],
            [
              0.7677945237095114,
              0.6406961599398614
            ],
            [
              0.7730104533627367,
              0.6343932841636459
            ],
            [
              0.7733867092142735,
              0.6339309715781837
            ],
            [
              0.4551887900313545,
              0.5651620384790746
            ]
          ]
        ]
      }
    },
    {
      "type": "Feature",
      "properties": {
        "cell_id": "CEG2000_f4_r0035_c0090",
        "method": "GeoDisk-Final",
        "view": "disk"
      },
      "geometry": {
        "type": "Polygon",
        "coordinates": [
          [
            [
              -0.8598675213947674,
              0.5095860327626214
            ],
            [
              -0.851459253454415,
              0.5001912096456992
            ],
            [
              -0.8164979562695793,
              0.37963759884122766
            ],
            [
              -0.8323670822380085,
              0.36354803387579226
            ],
            [
              -0.9363757617659221,
              0.3509860666605148
            ],
            [
              -0.9359059267573259,
              0.3522500479212332
            ],
            [
              -0.9329927988347391,
              0.35989503653498767
            ],
            [
              -0.9300172236840122,
              0.36751593659470333
            ],
            [
              -0.9269794004668331,
              0.37511223801703764
            ],
            [
              -0.923879532511287,
              0.3826834323650892
            ],
            [
              -0.9207178272982478,
              0.39022901288242773
            ],
            [
              -0.9174944964474915,
              0.3977484745270106
            ],
            [
              -0.9142097557035308,
              0.40524131400498964
            ],
            [
              -0.910863824921176,
              0.4127070298043944
            ],
            [
              -0.9074569280508189,
              0.42014512222870193
            ],
            [
              -0.9039892931234434,
              0.4275550934302818
            ],
            [
              -0.9004611522353638,
              0.4349364474437167
            ],
            [
              -0.8968727415326884,
              0.4422886902190011
            ],
            [
              -0.8932243011955155,
              0.44961132965460626
            ],
            [
              -0.8895160754218563,
              0.4569038756304202
            ],
            [
              -0.8857483124112907,
              0.4641658400405513
            ],
            [
              -0.8819212643483553,
              0.47139673682599725
            ],
            [
              -0.8780351873856628,
              0.4785960820071806
            ],
            [
              -0.874090341626759,
              0.4857633937163397
            ],
            [
              -0.8700869911087117,
              0.49289819222978354
            ],
            [
              -0.8660254037844388,
              0.4999999999999998
            ],
            [
              -0.8619058515047745,
              0.5070683416876167
            ],
            [
              -0.8602667482456321,
              0.5098285632502506
            ],
            [
              -0.8598675213947674,
              0.5095860327626214
            ]
          ]
        ]
      }
    },
    {
      "type": "Feature",
      "properties": {
        "cell_id": "CEG2000_f4_r0035_c0091",
        "method": "GeoDisk-Final",
        "view": "disk"
      },
      "geometry": {
        "type": "Polygon",
        "coordinates": [
          [
            [
              -0.7159369649372295,
              0.4348636743374437
            ],
            [
              -0.7105123370867135,
              0.4134681790685194
            ],
            [
              -0.746640391543514,
              0.3839820796706973
            ],
            [
              -0.8164979562695791,
              0.37963759884122783
            ],
            [
              -0.8514592534544148,
              0.5001912096456991
            ],
            [
              -0.7660338700157988,
              0.4716263442231103
            ],
            [
              -0.7159369649372295,
              0.4348636743374437
            ]
          ]
        ]
      }
    },
    {
      "type": "Feature",
      "properties": {
        "cell_id": "CEG2000_f4_r0035_c0092",
        "method": "GeoDisk-Final",
        "view": "disk"
      },
      "geometry": {
        "type": "Polygon",
        "coordinates": [
          [
            [
              -0.5915555455244,
              0.42890224058629184
            ],
            [
              -0.6956994001542477,
              0.4092896507187914
            ],
            [
              -0.7105123370867134,
              0.41346817906851924
            ],
            [
              -0.7159369649372296,
              0.434863674337444
            ],
            [
              -0.6803742001594881,
              0.514186866318014
            ],
            [
              -0.6482571075355907,
              0.526221645534293
            ],
            [
              -0.5915555455244,
              0.42890224058629184
            ]
          ]
        ]
      }
    },
    {
      "type": "Feature",
      "properties": {
        "cell_id": "CEG2000_f4_r0035_c0093",
        "method": "GeoDisk-Final",
        "view": "disk"
      },
      "geometry": {
        "type": "Polygon",
        "coordinates": [
          [
            [
              -0.5344671814689915,
              0.4661399468842109
            ],
            [
              -0.580375861744611,
              0.42733164408711855
            ],
            [
              -0.5915555455244005,
              0.4289022405862919
            ],
            [
              -0.6482571075355912,
              0.5262216455342927
            ],
            [
              -0.6051004107650303,
              0.5818808367717864
            ],
            [
              -0.5922302152673116,
              0.5830661903679345
            ],
            [
              -0.5344671814689915,
              0.4661399468842109
            ]
          ]
        ]
      }
    },
    {
      "type": "Feature",
      "properties": {
        "cell_id": "CEG2000_f4_r0035_c0094",
        "method": "GeoDisk-Final",
        "view": "disk"
      },
      "geometry": {
        "type": "Polygon",
        "coordinates": [
          [
            [
              -0.47973672905026876,
              0.6630386705980726
            ],
            [
              -0.49124998932923997,
              0.4727710307878762
            ],
            [
              -0.4915590575394922,
              0.471878502963677
            ],
            [
              -0.5344671814689916,
              0.46613994688421095
            ],
            [
              -0.5922302152673115,
              0.5830661903679345
            ],
            [
              -0.5094527669909403,
              0.6511911537634484
            ],
            [
              -0.47973672905026876,
              0.6630386705980726
            ]
          ]
        ]
      }
    },
    {
      "type": "Feature",
      "properties": {
        "cell_id": "CEG2000_f4_r0035_c0095",
        "method": "GeoDisk-Final",
        "view": "disk"
      },
      "geometry": {
        "type": "Polygon",
        "coordinates": [
          [
            [
              -0.2584460708907205,
              0.5694581187653714
            ],
            [
              -0.4912499893292401,
              0.47277103078787575
            ],
            [
              -0.47973672905026893,
              0.6630386705980724
            ],
            [
              -0.47557671796365353,
              0.6681807746758566
            ],
            [
              -0.2584460708907205,
              0.5694581187653714
            ]
          ]
        ]
      }
    },
    {
      "type": "Feature",
      "properties": {
        "cell_id": "CEG2000_f4_r0035_c0097",
        "method": "GeoDisk-Final",
        "view": "disk"
      },
      "geometry": {
        "type": "Polygon",
        "coordinates": [
          [
            [
              -0.0630749038503442,
              0.8214367799326121
            ],
            [
              -0.3898709882014022,
              0.8228153574628847
            ],
            [
              -0.42715585170136594,
              0.8450791115299803
            ],
            [
              -0.46155648680099126,
              0.8871021368122748
            ],
            [
              -0.45690387563042123,
              0.8895160754218557
            ],
            [
              -0.44961132965460693,
              0.8932243011955151
            ],
            [
              -0.44228869021900136,
              0.8968727415326883
            ],
            [
              -0.43493644744371773,
              0.9004611522353633
            ],
            [
              -0.4275550934302825,
              0.9039892931234431
            ],
            [
              -0.4201451222287026,
              0.9074569280508186
            ],
            [
              -0.41270702980439544,
              0.9108638249211755
            ],
            [
              -0.40524131400499036,
              0.9142097557035305
            ],
            [
              -0.3977484745270113,
              0.9174944964474913
            ],
            [
              -0.39022901288242884,
              0.9207178272982474
            ],
            [
              -0.38268343236509034,
              0.9238795325112865
            ],
            [
              -0.3751122380170383,
              0.9269794004668328
            ],
            [
              -0.36751593659470366,
              0.9300172236840121
            ],
            [
              -0.3598950365349888,
              0.9329927988347386
            ],
            [
              -0.35225004792123393,
              0.9359059267573255
            ],
            [
              -0.3445814824490806,
              0.9387564124698131
            ],
            [
              -0.3368898533922208,
              0.9415440651830205
            ],
            [
              -0.3291756755680394,
              0.9442686983133164
            ],
            [
              -0.3214394653031618,
              0.9469301294951056
            ],
            [
              -0.3136817403988923,
              0.9495281805930365
            ],
            [
              -0.305903020096554,
              0.952062677713924
            ],
            [
              -0.29810382504274013,
              0.9545334512183884
            ],
            [
              -0.29028467725446244,
              0.9569403357322088
            ],
            [
              -0.28244610008421317,
              0.9592831701573934
            ],
            [
              -0.27458861818493274,
              0.9615617976829618
            ],
            [
              -0.26671275747489853,
              0.9637760657954398
            ],
            [
              -0.2588190451025215,
              0.9659258262890681
            ],
            [
              -0.2509080094110605,
              0.9680109352757226
            ],
            [
              -0.24298017990326412,
              0.970031253194544
            ],
            [
              -0.23503608720592753,
              0.9719866448212793
            ],
            [
              -0.22707626303437378,
              0.9738769792773335
            ],
            [
              -0.2191012401568701,
              0.9757021300385285
            ],
            [
              -0.2111115523589661,
              0.9774619749435717
            ],
            [
              -0.20310773440776353,
              0.9791563962022336
            ],
            [
              -0.19509032201612866,
              0.9807852804032303
            ],
            [
              -0.1870598518068321,
              0.9823485185218157
            ],
            [
              -0.1790168612766334,
              0.9838460059270773
            ],
            [
              -0.1709618887603017,
              0.9852776423889411
            ],
            [
              -0.16289547339458896,
              0.986643332084879
            ],
            [
              -0.15481815508214186,
              0.9879429836063223
            ],
            [
              -0.1467304744553623,
              0.9891765099647809
            ],
            [
              -0.13863297284022696,
              0.9903438285976648
            ],
            [
              -0.1305261922200525,
              0.9914448613738103
            ],
            [
              -0.12241067519921685,
              0.99247953459871
            ],
            [
              -0.11428696496684677,
              0.9934477790194444
            ],
            [
              -0.1061556052604576,
              0.9943495298293181
            ],
            [
              -0.09801714032956134,
              0.9951847266721968
            ],
            [
              -0.08987211489923544,
              0.9959533136465477
            ],
            [
              -0.08172107413366843,
              0.9966552393091803
            ],
            [
              -0.07892672508442186,
              0.9968728592147951
            ],
            [
              -0.0630749038503442,
              0.8214367799326121
            ]
          ]
        ]
      }
    },
    {
      "type": "Feature",
      "properties": {
        "cell_id": "CEG2000_f4_r0035_c0098",
        "method": "GeoDisk-Final",
        "view": "disk"
      },
      "geometry": {
        "type": "Polygon",
        "coordinates": [
          [
            [
              0.19035386118572387,
              0.8203347488563311
            ],
            [
              -0.05727070033849424,
              0.8144375326582294
            ],
            [
              -0.06307490385034442,
              0.8214367799326128
            ],
            [
              -0.07892672508442201,
              0.9968728592147951
            ],
            [
              -0.07356456359966825,
              0.9972904566786902
            ],
            [
              -0.06540312923014362,
              0.9978589232386035
            ],
            [
              -0.05723731728756891,
              0.9983606009402225
            ],
            [
              -0.04906767432741892,
              0.9987954562051723
            ],
            [
              -0.04089474716158408,
              0.9991634599276488
            ],
            [
              -0.03271908282177651,
              0.9994645874763657
            ],
            [
              -0.02454122852291239,
              0.9996988186962042
            ],
            [
              -0.0163617316264875,
              0.9998661379095618
            ],
            [
              -0.008181139603937581,
              0.9999665339174011
            ],
            [
              -1.8369701987210297e-16,
              1.0
            ],
            [
              0.008181139603936325,
              0.9999665339174011
            ],
            [
              0.016361731626486246,
              0.9998661379095618
            ],
            [
              0.02454122852291202,
              0.9996988186962042
            ],
            [
              0.032719082821775256,
              0.9994645874763657
            ],
            [
              0.04089474716158283,
              0.9991634599276488
            ],
            [
              0.04906767432741766,
              0.9987954562051724
            ],
            [
              0.05723731728756854,
              0.9983606009402225
            ],
            [
              0.06540312923014237,
              0.9978589232386036
            ],
            [
              0.07356456359966698,
              0.9972904566786902
            ],
            [
              0.08172107413366805,
              0.9966552393091803
            ],
            [
              0.08987211489923418,
              0.9959533136465478
            ],
            [
              0.09801714032956009,
              0.9951847266721969
            ],
            [
              0.10615560526045723,
              0.9943495298293181
            ],
            [
              0.11428696496684553,
              0.9934477790194445
            ],
            [
              0.1224106751992156,
              0.9924795345987101
            ],
            [
              0.13052619222005127,
              0.9914448613738105
            ],
            [
              0.13863297284022572,
              0.990343828597665
            ],
            [
              0.14673047445536108,
              0.9891765099647811
            ],
            [
              0.1548181550821406,
              0.9879429836063224
            ],
            [
              0.1628954733945886,
              0.986643332084879
            ],
            [
              0.17096188876030047,
              0.9852776423889413
            ],
            [
              0.1790168612766322,
              0.9838460059270775
            ],
            [
              0.18705985180683174,
              0.9823485185218157
            ],
            [
              0.19509032201612742,
              0.9807852804032307
            ],
            [
              0.2031077344077623,
              0.9791563962022338
            ],
            [
              0.21111155235896487,
              0.9774619749435719
            ],
            [
              0.21910124015686888,
              0.9757021300385288
            ],
            [
              0.22707626303437256,
              0.9738769792773339
            ],
            [
              0.2350360872059263,
              0.9719866448212795
            ],
            [
              0.24298017990326376,
              0.970031253194544
            ],
            [
              0.2509080094110593,
              0.9680109352757229
            ],
            [
              0.2588190451025203,
              0.9659258262890684
            ],
            [
              0.2667127574748982,
              0.96377606579544
            ],
            [
              0.2745886181849315,
              0.9615617976829621
            ],
            [
              0.27605063268764196,
              0.9611378213338774
            ],
            [
              0.19035386118572387,
              0.8203347488563311
            ]
          ]
        ]
      }
    },
    {
      "type": "Feature",
      "properties": {
        "cell_id": "CEG2000_f4_r0036_c0090",
        "method": "GeoDisk-Final",
        "view": "disk"
      },
      "geometry": {
        "type": "Polygon",
        "coordinates": [
          [
            [
              -0.730069034747634,
              0.57529309229714
            ],
            [
              -0.7660338700157983,
              0.47162634422311
            ],
            [
              -0.8514592534544145,
              0.5001912096456989
            ],
            [
              -0.8598675213947677,
              0.509586032762622
            ],
            [
              -0.7361439360671002,
              0.575573920255222
            ],
            [
              -0.730069034747634,
              0.57529309229714
            ]
          ]
        ]
      }
    },
    {
      "type": "Feature",
      "properties": {
        "cell_id": "CEG2000_f4_r0036_c0091",
        "method": "GeoDisk-Final",
        "view": "disk"
      },
      "geometry": {
        "type": "Polygon",
        "coordinates": [
          [
            [
              -0.6803742001594879,
              0.514186866318014
            ],
            [
              -0.7159369649372294,
              0.43486367433744366
            ],
            [
              -0.766033870015799,
              0.47162634422311045
            ],
            [
              -0.7300690347476351,
              0.5752930922971398
            ],
            [
              -0.7219990229506587,
              0.5771899961650149
            ],
            [
              -0.6803742001594879,
              0.514186866318014
            ]
          ]
        ]
      }
    },
    {
      "type": "Feature",
      "properties": {
        "cell_id": "CEG2000_f4_r0036_c0092",
        "method": "GeoDisk-Final",
        "view": "disk"
      },
      "geometry": {
        "type": "Polygon",
        "coordinates": [
          [
            [
              -0.6051004107650304,
              0.5818808367717863
            ],
            [
              -0.6482571075355911,
              0.526221645534293
            ],
            [
              -0.6803742001594881,
              0.5141868663180142
            ],
            [
              -0.7219990229506585,
              0.5771899961650147
            ],
            [
              -0.69102733954761,
              0.6198616361709164
            ],
            [
              -0.6582079015679954,
              0.632818781350877
            ],
            [
              -0.6051004107650304,
              0.5818808367717863
            ]
          ]
        ]
      }
    },
    {
      "type": "Feature",
      "properties": {
        "cell_id": "CEG2000_f4_r0036_c0093",
        "method": "GeoDisk-Final",
        "view": "disk"
      },
      "geometry": {
        "type": "Polygon",
        "coordinates": [
          [
            [
              -0.5094527669909404,
              0.6511911537634484
            ],
            [
              -0.5922302152673117,
              0.5830661903679346
            ],
            [
              -0.6051004107650302,
              0.5818808367717864
            ],
            [
              -0.6582079015679954,
              0.6328187813508772
            ],
            [
              -0.5975479502985293,
              0.801824724975753
            ],
            [
              -0.5956993044924339,
              0.8032075314806445
            ],
            [
              -0.5935423821592315,
              0.8047935791287623
            ],
            [
              -0.5094527669909404,
              0.6511911537634484
            ]
          ]
        ]
      }
    },
    {
      "type": "Feature",
      "properties": {
        "cell_id": "CEG2000_f4_r0036_c0094",
        "method": "GeoDisk-Final",
        "view": "disk"
      },
      "geometry": {
        "type": "Polygon",
        "coordinates": [
          [
            [
              -0.42715585170136605,
              0.8450791115299805
            ],
            [
              -0.4755767179636537,
              0.6681807746758565
            ],
            [
              -0.47973672905026876,
              0.6630386705980728
            ],
            [
              -0.5094527669909401,
              0.6511911537634486
            ],
            [
              -0.5935423821592313,
              0.8047935791287624
            ],
            [
              -0.5891082158243285,
              0.8080541504430729
            ],
            [
              -0.5824776968678023,
              0.8128466845916151
            ],
            [
              -0.5758081914178459,
              0.8175848131515833
            ],
            [
              -0.5691001458788986,
              0.8222682189897749
            ],
            [
              -0.5623540092349733,
              0.826896588635696
            ],
            [
              -0.555570233019603,
              0.8314696123025448
            ],
            [
              -0.5487492712856163,
              0.8359869839079463
            ],
            [
              -0.541891580574752,
              0.8404484010944379
            ],
            [
              -0.5349976198870973,
              0.844853565249707
            ],
            [
              -0.5280678506503685,
              0.8492021815265786
            ],
            [
              -0.5211027366890237,
              0.8534939588627503
            ],
            [
              -0.5141027441932218,
              0.857728610000272
            ],
            [
              -0.5070683416876177,
              0.861905851504774
            ],
            [
              -0.5000000000000004,
              0.8660254037844384
            ],
            [
              -0.4928981922297842,
              0.8700869911087113
            ],
            [
              -0.48576339371634075,
              0.8740903416267585
            ],
            [
              -0.4785960820071813,
              0.8780351873856624
            ],
            [
              -0.4713967368259979,
              0.8819212643483549
            ],
            [
              -0.46416584004055234,
              0.8857483124112902
            ],
            [
              -0.4615564868009912,
              0.8871021368122748
            ],
            [
              -0.42715585170136605,
              0.8450791115299805
            ]
          ]
        ]
      }
    },
    {
      "type": "Feature",
      "properties": {
        "cell_id": "CEG2000_f4_r0037_c0090",
        "method": "GeoDisk-Final",
        "view": "disk"
      },
      "geometry": {
        "type": "Polygon",
        "coordinates": [
          [
            [
              -0.7361439360670997,
              0.5755739202552217
            ],
            [
              -0.8598675213947673,
              0.5095860327626214
            ],
            [
              -0.8602667482456321,
              0.5098285632502507
            ],
            [
              -0.8577286100002722,
              0.5141027441932216
            ],
            [
              -0.8534939588627506,
              0.5211027366890231
            ],
            [
              -0.8492021815265792,
              0.5280678506503675
            ],
            [
              -0.8448535652497072,
              0.5349976198870969
            ],
            [
              -0.8404484010944383,
              0.5418915805747513
            ],
            [
              -0.8359869839079468,
              0.5487492712856157
            ],
            [
              -0.8314696123025455,
              0.555570233019602
            ],
            [
              -0.8268965886356965,
              0.5623540092349727
            ],
            [
              -0.8222682189897753,
              0.569100145878898
            ],
            [
              -0.8175848131515839,
              0.5758081914178449
            ],
            [
              -0.8128466845916156,
              0.5824776968678016
            ],
            [
              -0.8080541504430734,
              0.5891082158243279
            ],
            [
              -0.8032075314806453,
              0.5956993044924329
            ],
            [
              -0.7983071520990316,
              0.6022505217162818
            ],
            [
              -0.7933533402912354,
              0.6087614290087203
            ],
            [
              -0.7883464276266067,
              0.6152315905806264
            ],
            [
              -0.7866481825865641,
              0.6173894328931169
            ],
            [
              -0.7361439360670997,
              0.5755739202552217
            ]
          ]
        ]
      }
    },
    {
      "type": "Feature",
      "properties": {
        "cell_id": "CEG2000_f4_r0037_c0091",
        "method": "GeoDisk-Final",
        "view": "disk"
      },
      "geometry": {
        "type": "Polygon",
        "coordinates": [
          [
            [
              -0.69102733954761,
              0.6198616361709165
            ],
            [
              -0.7219990229506585,
              0.5771899961650145
            ],
            [
              -0.730069034747634,
              0.5752930922971398
            ],
            [
              -0.7361439360671003,
              0.5755739202552217
            ],
            [
              -0.7866481825865643,
              0.6173894328931165
            ],
            [
              -0.7832867492286506,
              0.6216605733700772
            ],
            [
              -0.7781746437525981,
              0.6280479470713338
            ],
            [
              -0.7730104533627371,
              0.6343932841636453
            ],
            [
              -0.7677945237095123,
              0.6406961599398604
            ],
            [
              -0.7625272039063885,
              0.6469561525348569
            ],
            [
              -0.7572088465064848,
              0.6531728429537765
            ],
            [
              -0.7518398074789777,
              0.6593458151000685
            ],
            [
              -0.7464204461852739,
              0.6654746558033421
            ],
            [
              -0.7409511253549593,
              0.6715589548470181
            ],
            [
              -0.7384062796992421,
              0.6743437804797917
            ],
            [
              -0.69102733954761,
              0.6198616361709165
            ]
          ]
        ]
      }
    },
    {
      "type": "Feature",
      "properties": {
        "cell_id": "CEG2000_f4_r0037_c0092",
        "method": "GeoDisk-Final",
        "view": "disk"
      },
      "geometry": {
        "type": "Polygon",
        "coordinates": [
          [
            [
              -0.6582079015679955,
              0.6328187813508772
            ],
            [
              -0.6910273395476102,
              0.6198616361709165
            ],
            [
              -0.7384062796992422,
              0.6743437804797916
            ],
            [
              -0.7354322110615191,
              0.6775983049957882
            ],
            [
              -0.7298640726978358,
              0.683592302022871
            ],
            [
              -0.7242470829514672,
              0.6895405447370666
            ],
            [
              -0.7185816177796983,
              0.6954426350096115
            ],
            [
              -0.7128680563843801,
              0.701298177800824
            ],
            [
              -0.7071067811865479,
              0.7071067811865471
            ],
            [
              -0.7012981778008246,
              0.7128680563843797
            ],
            [
              -0.695442635009612,
              0.7185816177796978
            ],
            [
              -0.689540544737067,
              0.7242470829514668
            ],
            [
              -0.6835923020228716,
              0.7298640726978354
            ],
            [
              -0.6775983049957891,
              0.7354322110615182
            ],
            [
              -0.6715589548470187,
              0.7409511253549589
            ],
            [
              -0.6654746558033426,
              0.7464204461852735
            ],
            [
              -0.6593458151000691,
              0.7518398074789773
            ],
            [
              -0.6531728429537771,
              0.7572088465064843
            ],
            [
              -0.6469561525348575,
              0.7625272039063881
            ],
            [
              -0.6406961599398614,
              0.7677945237095115
            ],
            [
              -0.6343932841636458,
              0.7730104533627367
            ],
            [
              -0.6280479470713344,
              0.7781746437525977
            ],
            [
              -0.6216605733700781,
              0.7832867492286498
            ],
            [
              -0.6152315905806273,
              0.7883464276266059
            ],
            [
              -0.6087614290087209,
              0.7933533402912349
            ],
            [
              -0.602250521716282,
              0.7983071520990315
            ],
            [
              -0.5975479502985295,
              0.8018247249757527
            ],
            [
              -0.6582079015679955,
              0.6328187813508772
            ]
          ]
        ]
      }
    }
  ]
}