{
  "type": "FeatureCollection",
  "features": [
    {
      "type": "Feature",
      "properties": {
        "cell_id": "SYN_l_shape_r000_c000",
        "method": "GeoAnnulus-Final",
        "view": "annulus"
      },
      "geometry": {
        "type": "Polygon",
        "coordinates": [
          [
            [
              -0.17476746205629334,
              0.9365071704390905
            ],
            [
              -0.19002244406703106,
              0.897767502348787
            ],
            [
              -0.33539845981439764,
              0.9288581007369522
            ],
            [
              -0.3453132171071463,
              0.9384844190708231
            ],
            [
              -0.3445814824490806,
              0.9387564124698131
            ],
            [
              -0.3368898533922208,
              0.9415440651830205
            ],
            [
              -0.3291756755680394,
              0.9442686983133164
            ],
            [
              -0.3214394653031618,
              0.9469301294951056
            ],
            [
              -0.3136817403988923,
              0.9495281805930365
            ],
            [
              -0.305903020096554,
              0.952062677713924
            ],
            [
              -0.29810382504274013,
              0.9545334512183884
            ],
            [
              -0.29028467725446244,
              0.9569403357322088
            ],
            [
              -0.28244610008421317,
              0.9592831701573934
            ],
            [
              -0.27458861818493274,
              0.9615617976829618
            ],
            [
              -0.26671275747489853,
              0.9637760657954398
            ],
            [
              -0.2588190451025215,
              0.9659258262890681
            ],
            [
              -0.2509080094110605,
              0.9680109352757226
            ],
            [
              -0.24298017990326412,
              0.970031253194544
            ],
            [
              -0.23503608720592753,
              0.9719866448212793
            ],
            [
              -0.22707626303437378,
              0.9738769792773335
            ],
            [
              -0.2191012401568701,
              0.9757021300385285
            ],
            [
              -0.2111115523589661,
              0.9774619749435717
            ],
            [
              -0.20310773440776353,
              0.9791563962022336
            ],
            [
              -0.19509032201612866,
              0.9807852804032303
            ],
            [
              -0.1870598518068321,
              0.9823485185218157
            ],
            [
              -0.18337459047148555,
              0.9830346603759007
            ],
            [
              -0.17476746205629334,
              0.9365071704390905
            ]
          ]
        ]
      }
    },
    {
      "type": "Feature",
      "properties": {
        "cell_id": "SYN_l_shape_r000_c001",
        "method": "GeoAnnulus-Final",
        "view": "annulus"
      },
      "geometry": {
        "type": "Polygon",
        "coordinates": [
          [
            [
              -0.05797879033358779,
              0.9377180661503243
            ],
            [
              -0.06496095290578034,
              0.9222470658168139
            ],
            [
              -0.1747674620562933,
              0.9365071704390899
            ],
            [
              -0.18337459047148558,
              0.9830346603759007
            ],
            [
              -0.1790168612766334,
              0.9838460059270773
            ],
            [
              -0.1709618887603017,
              0.9852776423889411
            ],
            [
              -0.16289547339458896,
              0.986643332084879
            ],
            [
              -0.15481815508214186,
              0.9879429836063223
            ],
            [
              -0.1467304744553623,
              0.9891765099647809
            ],
            [
              -0.13863297284022696,
              0.9903438285976648
            ],
            [
              -0.1305261922200525,
              0.9914448613738103
            ],
            [
              -0.12241067519921685,
              0.99247953459871
            ],
            [
              -0.11428696496684677,
              0.9934477790194444
            ],
            [
              -0.1061556052604576,
              0.9943495298293181
            ],
            [
              -0.09801714032956134,
              0.9951847266721968
            ],
            [
              -0.08987211489923544,
              0.9959533136465477
            ],
            [
              -0.08172107413366843,
              0.9966552393091803
            ],
            [
              -0.07356456359966825,
              0.9972904566786902
            ],
            [
              -0.06540312923014362,
              0.9978589232386035
            ],
            [
              -0.06170088727880164,
              0.9980863754804685
            ],
            [
              -0.05797879033358779,
              0.9377180661503243
            ]
          ]
        ]
      }
    },
    {
      "type": "Feature",
      "properties": {
        "cell_id": "SYN_l_shape_r000_c002",
        "method": "GeoAnnulus-Final",
        "view": "annulus"
      },
      "geometry": {
        "type": "Polygon",
        "coordinates": [
          [
            [
              0.05793604550059003,
              0.937718066150324
            ],
            [
              -0.05797879033358805,
              0.9377180661503242
            ],
            [
              -0.061700887278801894,
              0.9980863754804685
            ],
            [
              -0.05723731728756891,
              0.9983606009402225
            ],
            [
              -0.04906767432741892,
              0.9987954562051723
            ],
            [
              -0.04089474716158408,
              0.9991634599276488
            ],
            [
              -0.03271908282177651,
              0.9994645874763657
            ],
            [
              -0.02454122852291239,
              0.9996988186962042
            ],
            [
              -0.0163617316264875,
              0.9998661379095618
            ],
            [
              -0.008181139603937581,
              0.9999665339174011
            ],
            [
              -1.8369701987210297e-16,
              1.0
            ],
            [
              0.008181139603936325,
              0.9999665339174011
            ],
            [
              0.016361731626486246,
              0.9998661379095618
            ],
            [
              0.02454122852291202,
              0.9996988186962042
            ],
            [
              0.032719082821775256,
              0.9994645874763657
            ],
            [
              0.04089474716158283,
              0.9991634599276488
            ],
            [
              0.04906767432741766,
              0.9987954562051724
            ],
            [
              0.05723731728756854,
              0.9983606009402225
            ],
            [
              0.06165830375002741,
              0.9980889916571565
            ],
            [
              0.05793604550059003,
              0.937718066150324
            ]
          ]
        ]
      }
    },
    {
      "type": "Feature",
      "properties": {
        "cell_id": "SYN_l_shape_r000_c003",
        "method": "GeoAnnulus-Final",
        "view": "annulus"
      },
      "geometry": {
        "type": "Polygon",
        "coordinates": [
          [
            [
              0.17313258075375398,
              0.9360486435360691
            ],
            [
              0.06502553967682045,
              0.9220092416090987
            ],
            [
              0.05793604550058977,
              0.9377180661503244
            ],
            [
              0.06165830375002714,
              0.9980889916571565
            ],
            [
              0.06540312923014237,
              0.9978589232386036
            ],
            [
              0.07356456359966698,
              0.9972904566786902
            ],
            [
              0.08172107413366805,
              0.9966552393091803
            ],
            [
              0.08987211489923418,
              0.9959533136465478
            ],
            [
              0.09801714032956009,
              0.9951847266721969
            ],
            [
              0.10615560526045723,
              0.9943495298293181
            ],
            [
              0.11428696496684553,
              0.9934477790194445
            ],
            [
              0.1224106751992156,
              0.9924795345987101
            ],
            [
              0.13052619222005127,
              0.9914448613738105
            ],
            [
              0.13863297284022572,
              0.990343828597665
            ],
            [
              0.14673047445536108,
              0.9891765099647811
            ],
            [
              0.1548181550821406,
              0.9879429836063224
            ],
            [
              0.1628954733945886,
              0.986643332084879
            ],
            [
              0.17096188876030047,
              0.9852776423889413
            ],
            [
              0.1790168612766322,
              0.9838460059270775
            ],
            [
              0.18187614239202868,
              0.9833136495302457
            ],
            [
              0.17313258075375398,
              0.9360486435360691
            ]
          ]
        ]
      }
    },
    {
      "type": "Feature",
      "properties": {
        "cell_id": "SYN_l_shape_r000_c004",
        "method": "GeoAnnulus-Final",
        "view": "annulus"
      },
      "geometry": {
        "type": "Polygon",
        "coordinates": [
          [
            [
              0.2804305793574897,
              0.9118017784172516
            ],
            [
              0.19027320824811556,
              0.8925204230816822
            ],
            [
              0.17313258075375365,
              0.9360486435360698
            ],
            [
              0.18187614239202823,
              0.9833136495302458
            ],
            [
              0.18705985180683174,
              0.9823485185218157
            ],
            [
              0.19509032201612742,
              0.9807852804032307
            ],
            [
              0.2031077344077623,
              0.9791563962022338
            ],
            [
              0.21111155235896487,
              0.9774619749435719
            ],
            [
              0.21910124015686888,
              0.9757021300385288
            ],
            [
              0.22707626303437256,
              0.9738769792773339
            ],
            [
              0.2350360872059263,
              0.9719866448212795
            ],
            [
              0.24298017990326376,
              0.970031253194544
            ],
            [
              0.2509080094110593,
              0.9680109352757229
            ],
            [
              0.2588190451025203,
              0.9659258262890684
            ],
            [
              0.2667127574748982,
              0.96377606579544
            ],
            [
              0.2745886181849315,
              0.9615617976829621
            ],
            [
              0.28244610008421195,
              0.9592831701573937
            ],
            [
              0.29028467725446205,
              0.9569403357322089
            ],
            [
              0.29399794251303546,
              0.9557973210599493
            ],
            [
              0.2804305793574897,
              0.9118017784172516
            ]
          ]
        ]
      }
    },
    {
      "type": "Feature",
      "properties": {
        "cell_id": "SYN_l_shape_r000_c005",
        "method": "GeoAnnulus-Final",
        "view": "annulus"
      },
      "geometry": {
        "type": "Polygon",
        "coordinates": [
          [
            [
              0.376036438967889,
              0.8743439512138726
            ],
            [
              0.3017229265321195,
              0.8565582751653265
            ],
            [
              0.2804305793574895,
              0.9118017784172519
            ],
            [
              0.2939979425130352,
              0.9557973210599494
            ],
            [
              0.29810382504273897,
              0.9545334512183887
            ],
            [
              0.30590302009655285,
              0.9520626777139245
            ],
            [
              0.31368174039889113,
              0.9495281805930368
            ],
            [
              0.3214394653031615,
              0.9469301294951057
            ],
            [
              0.32917567556803823,
              0.9442686983133167
            ],
            [
              0.3368898533922196,
              0.9415440651830209
            ],
            [
              0.34458148244908027,
              0.9387564124698132
            ],
            [
              0.3522500479212327,
              0.935905926757326
            ],
            [
              0.3598950365349876,
              0.9329927988347391
            ],
            [
              0.3675159365947033,
              0.9300172236840122
            ],
            [
              0.37511223801703714,
              0.9269794004668332
            ],
            [
              0.38268343236508917,
              0.923879532511287
            ],
            [
              0.3902290128824277,
              0.9207178272982478
            ],
            [
              0.39515166593346596,
              0.9186076576881119
            ],
            [
              0.376036438967889,
              0.8743439512138726
            ]
          ]
        ]
      }
    },
    {
      "type": "Feature",
      "properties": {
        "cell_id": "SYN_l_shape_r000_c006",
        "method": "GeoAnnulus-Final",
        "view": "annulus"
      },
      "geometry": {
        "type": "Polygon",
        "coordinates": [
          [
            [
              0.4598199448635051,
              0.8316187919802078
            ],
            [
              0.4002168320877259,
              0.8185217591027051
            ],
            [
              0.3760364389678891,
              0.8743439512138729
            ],
            [
              0.3951516659334659,
              0.9186076576881119
            ],
            [
              0.3977484745270101,
              0.9174944964474917
            ],
            [
              0.4052413140049892,
              0.9142097557035309
            ],
            [
              0.41270702980439433,
              0.910863824921176
            ],
            [
              0.42014512222870226,
              0.9074569280508188
            ],
            [
              0.42755509343028136,
              0.9039892931234437
            ],
            [
              0.4349364474437166,
              0.9004611522353638
            ],
            [
              0.442288690219001,
              0.8968727415326885
            ],
            [
              0.4496113296546058,
              0.8932243011955158
            ],
            [
              0.4569038756304201,
              0.8895160754218563
            ],
            [
              0.4641658400405512,
              0.8857483124112907
            ],
            [
              0.4713967368259968,
              0.8819212643483555
            ],
            [
              0.4785960820071802,
              0.8780351873856631
            ],
            [
              0.48395997120814777,
              0.87508293465489
            ],
            [
              0.4598199448635051,
              0.8316187919802078
            ]
          ]
        ]
      }
    },
    {
      "type": "Feature",
      "properties": {
        "cell_id": "SYN_l_shape_r000_c007",
        "method": "GeoAnnulus-Final",
        "view": "annulus"
      },
      "geometry": {
        "type": "Polygon",
        "coordinates": [
          [
            [
              0.5299175078107334,
              0.7837977789837275
            ],
            [
              0.4893074250109481,
              0.7767513965135934
            ],
            [
              0.4598199448635052,
              0.8316187919802083
            ],
            [
              0.48395997120814765,
              0.8750829346548901
            ],
            [
              0.4857633937163397,
              0.874090341626759
            ],
            [
              0.49289819222978387,
              0.8700869911087115
            ],
            [
              0.49999999999999933,
              0.866025403784439
            ],
            [
              0.5070683416876166,
              0.8619058515047746
            ],
            [
              0.5141027441932216,
              0.8577286100002722
            ],
            [
              0.5211027366890226,
              0.8534939588627509
            ],
            [
              0.5280678506503674,
              0.8492021815265792
            ],
            [
              0.5349976198870969,
              0.8448535652497072
            ],
            [
              0.541891580574751,
              0.8404484010944385
            ],
            [
              0.5487492712856153,
              0.835986983907947
            ],
            [
              0.5555702330196018,
              0.8314696123025455
            ],
            [
              0.5601786632752859,
              0.8283630150391341
            ],
            [
              0.5299175078107334,
              0.7837977789837275
            ]
          ]
        ]
      }
    },
    {
      "type": "Feature",
      "properties": {
        "cell_id": "SYN_l_shape_r000_c008",
        "method": "GeoAnnulus-Final",
        "view": "annulus"
      },
      "geometry": {
        "type": "Polygon",
        "coordinates": [
          [
            [
              0.5894189545442272,
              0.7374389586934302
            ],
            [
              0.5637327655328739,
              0.7345072360029841
            ],
            [
              0.5299175078107337,
              0.7837977789837276
            ],
            [
              0.560178663275286,
              0.828363015039134
            ],
            [
              0.562354009234973,
              0.8268965886356963
            ],
            [
              0.5691001458788976,
              0.8222682189897755
            ],
            [
              0.5758081914178449,
              0.8175848131515839
            ],
            [
              0.5824776968678019,
              0.8128466845916154
            ],
            [
              0.5891082158243275,
              0.8080541504430737
            ],
            [
              0.5956993044924329,
              0.8032075314806453
            ],
            [
              0.6022505217162817,
              0.7983071520990317
            ],
            [
              0.6087614290087199,
              0.7933533402912357
            ],
            [
              0.6152315905806264,
              0.7883464276266067
            ],
            [
              0.6216605733700771,
              0.7832867492286506
            ],
            [
              0.6244378321594668,
              0.7810639827944805
            ],
            [
              0.5894189545442272,
              0.7374389586934302
            ]
          ]
        ]
      }
    },
    {
      "type": "Feature",
      "properties": {
        "cell_id": "SYN_l_shape_r000_c009",
        "method": "GeoAnnulus-Final",
        "view": "annulus"
      },
      "geometry": {
        "type": "Polygon",
        "coordinates": [
          [
            [
              0.6371643661227635,
              0.6902302815291836
            ],
            [
              0.6300169257680533,
              0.6898768999219111
            ],
            [
              0.5894189545442274,
              0.73743895869343
            ],
            [
              0.6244378321594671,
              0.7810639827944803
            ],
            [
              0.6280479470713334,
              0.7781746437525985
            ],
            [
              0.6343932841636449,
              0.7730104533627374
            ],
            [
              0.6406961599398604,
              0.7677945237095123
            ],
            [
              0.6469561525348572,
              0.7625272039063883
            ],
            [
              0.6531728429537761,
              0.7572088465064851
            ],
            [
              0.6593458151000684,
              0.7518398074789778
            ],
            [
              0.665474655803342,
              0.746420446185274
            ],
            [
              0.6715589548470177,
              0.7409511253549598
            ],
            [
              0.6775983049957882,
              0.7354322110615191
            ],
            [
              0.6783744985685431,
              0.7347111641222943
            ],
            [
              0.6371643661227635,
              0.6902302815291836
            ]
          ]
        ]
      }
    },
    {
      "type": "Feature",
      "properties": {
        "cell_id": "SYN_l_shape_r000_c010",
        "method": "GeoAnnulus-Final",
        "view": "annulus"
      },
      "geometry": {
        "type": "Polygon",
        "coordinates": [
          [
            [
              0.6791542369748466,
              0.6486490532137833
            ],
            [
              0.6371643661227633,
              0.6902302815291841
            ],
            [
              0.6783744985685428,
              0.7347111641222946
            ],
            [
              0.683592302022871,
              0.7298640726978359
            ],
            [
              0.6895405447370662,
              0.7242470829514677
            ],
            [
              0.6954426350096111,
              0.7185816177796986
            ],
            [
              0.701298177800824,
              0.7128680563843802
            ],
            [
              0.7071067811865474,
              0.7071067811865477
            ],
            [
              0.7128680563843793,
              0.7012981778008249
            ],
            [
              0.7185816177796976,
              0.6954426350096121
            ],
            [
              0.7232220133708023,
              0.6906084276058683
            ],
            [
              0.6791542369748466,
              0.6486490532137833
            ]
          ]
        ]
      }
    },
    {
      "type": "Feature",
      "properties": {
        "cell_id": "SYN_l_shape_r000_c011",
        "method": "GeoAnnulus-Final",
        "view": "annulus"
      },
      "geometry": {
        "type": "Polygon",
        "coordinates": [
          [
            [
              0.7143994310590522,
              0.6107735395272307
            ],
            [
              0.6793336679037656,
              0.6417507317492308
            ],
            [
              0.6791542369748469,
              0.6486490532137836
            ],
            [
              0.7232220133708022,
              0.6906084276058683
            ],
            [
              0.7242470829514667,
              0.6895405447370672
            ],
            [
              0.729864072697835,
              0.683592302022872
            ],
            [
              0.7354322110615182,
              0.6775983049957892
            ],
            [
              0.7409511253549588,
              0.6715589548470187
            ],
            [
              0.7464204461852731,
              0.665474655803343
            ],
            [
              0.7518398074789769,
              0.6593458151000694
            ],
            [
              0.7572088465064842,
              0.6531728429537771
            ],
            [
              0.7601467006872843,
              0.6497387507022309
            ],
            [
              0.7143994310590522,
              0.6107735395272307
            ]
          ]
        ]
      }
    },
    {
      "type": "Feature",
      "properties": {
        "cell_id": "SYN_l_shape_r000_c012",
        "method": "GeoAnnulus-Final",
        "view": "annulus"
      },
      "geometry": {
        "type": "Polygon",
        "coordinates": [
          [
            [
              0.745547161159797,
              0.5765613188131586
            ],
            [
              0.7153820576683204,
              0.6014676844594619
            ],
            [
              0.7143994310590518,
              0.6107735395272307
            ],
            [
              0.7601467006872841,
              0.6497387507022311
            ],
            [
              0.762527203906388,
              0.6469561525348575
            ],
            [
              0.7677945237095114,
              0.6406961599398614
            ],
            [
              0.7730104533627367,
              0.6343932841636459
            ],
            [
              0.7781746437525977,
              0.6280479470713345
            ],
            [
              0.7832867492286498,
              0.6216605733700782
            ],
            [
              0.7883464276266059,
              0.6152315905806274
            ],
            [
              0.7911067887205785,
              0.6116645257102976
            ],
            [
              0.745547161159797,
              0.5765613188131586
            ]
          ]
        ]
      }
    },
    {
      "type": "Feature",
      "properties": {
        "cell_id": "SYN_l_shape_r000_c013",
        "method": "GeoAnnulus-Final",
        "view": "annulus"
      },
      "geometry": {
        "type": "Polygon",
        "coordinates": [
          [
            [
              0.7702612486812193,
              0.5436141768269684
            ],
            [
              0.7485118028952806,
              0.561011898925582
            ],
            [
              0.7455471611597977,
              0.5765613188131582
            ],
            [
              0.7911067887205789,
              0.6116645257102971
            ],
            [
              0.7933533402912349,
              0.6087614290087209
            ],
            [
              0.7983071520990309,
              0.6022505217162828
            ],
            [
              0.8032075314806445,
              0.5956993044924339
            ],
            [
              0.8080541504430729,
              0.5891082158243286
            ],
            [
              0.8128466845916151,
              0.5824776968678023
            ],
            [
              0.8170673478232511,
              0.5765365882487454
            ],
            [
              0.7702612486812193,
              0.5436141768269684
            ]
          ]
        ]
      }
    },
    {
      "type": "Feature",
      "properties": {
        "cell_id": "SYN_l_shape_r000_c014",
        "method": "GeoAnnulus-Final",
        "view": "annulus"
      },
      "geometry": {
        "type": "Polygon",
        "coordinates": [
          [
            [
              0.7909658667463205,
              0.5124862061263298
            ],
            [
              0.7753827794160052,
              0.5248772757311346
            ],
            [
              0.770261248681219,
              0.543614176826968
            ],
            [
              0.8170673478232513,
              0.5765365882487452
            ],
            [
              0.8175848131515833,
              0.575808191417846
            ],
            [
              0.8222682189897748,
              0.5691001458788987
            ],
            [
              0.826896588635696,
              0.5623540092349734
            ],
            [
              0.8314696123025448,
              0.555570233019603
            ],
            [
              0.8359869839079463,
              0.5487492712856165
            ],
            [
              0.8392530526174097,
              0.5437289631382977
            ],
            [
              0.7909658667463205,
              0.5124862061263298
            ]
          ]
        ]
      }
    },
    {
      "type": "Feature",
      "properties": {
        "cell_id": "SYN_l_shape_r000_c015",
        "method": "GeoAnnulus-Final",
        "view": "annulus"
      },
      "geometry": {
        "type": "Polygon",
        "coordinates": [
          [
            [
              0.830563968203945,
              0.4927178320730595
            ],
            [
              0.805741903036263,
              0.4858597192401956
            ],
            [
              0.7981285503188567,
              0.4919109426433791
            ],
            [
              0.7909658667463204,
              0.5124862061263298
            ],
            [
              0.8392530526174097,
              0.5437289631382977
            ],
            [
              0.8404484010944379,
              0.5418915805747521
            ],
            [
              0.8448535652497066,
              0.534997619887098
            ],
            [
              0.8492021815265786,
              0.5280678506503687
            ],
            [
              0.8534939588627503,
              0.5211027366890237
            ],
            [
              0.8575769474359862,
              0.5143534465007834
            ],
            [
              0.830563968203945,
              0.4927178320730595
            ]
          ]
        ]
      }
    },
    {
      "type": "Feature",
      "properties": {
        "cell_id": "SYN_l_shape_r000_c016",
        "method": "GeoAnnulus-Final",
        "view": "annulus"
      },
      "geometry": {
        "type": "Polygon",
        "coordinates": [
          [
            [
              0.8535496118445883,
              0.4510537087289915
            ],
            [
              0.8305639682039454,
              0.4927178320730601
            ],
            [
              0.8575769474359861,
              0.5143534465007835
            ],
            [
              0.8577286100002716,
              0.5141027441932227
            ],
            [
              0.861905851504774,
              0.5070683416876177
            ],
            [
              0.8660254037844384,
              0.5000000000000004
            ],
            [
              0.8700869911087112,
              0.49289819222978426
            ],
            [
              0.8740903416267585,
              0.4857633937163408
            ],
            [
              0.8780351873856624,
              0.47859608200718134
            ],
            [
              0.8819212643483548,
              0.471396736825998
            ],
            [
              0.8840551068242894,
              0.46736501460925406
            ],
            [
              0.8535496118445883,
              0.4510537087289915
            ]
          ]
        ]
      }
    },
    {
      "type": "Feature",
      "properties": {
        "cell_id": "SYN_l_shape_r001_c000",
        "method": "GeoAnnulus-Final",
        "view": "annulus"
      },
      "geometry": {
        "type": "Polygon",
        "coordinates": [
          [
            [
              -0.3353984598143973,
              0.9288581007369519
            ],
            [
              -0.19002244406703145,
              0.8977675023487868
            ],
            [
              -0.18437209135016297,
              0.8710125444387276
            ],
            [
              -0.20662260124297738,
              0.8117369702336877
            ],
            [
              -0.3083030518575331,
              0.8635800562062216
            ],
            [
              -0.3353984598143973,
              0.9288581007369519
            ]
          ]
        ]
      }
    },
    {
      "type": "Feature",
      "properties": {
        "cell_id": "SYN_l_shape_r001_c001",
        "method": "GeoAnnulus-Final",
        "view": "annulus"
      },
      "geometry": {
        "type": "Polygon",
        "coordinates": [
          [
            [
              -0.1900224440670313,
              0.8977675023487869
            ],
            [
              -0.17476746205629323,
              0.9365071704390906
            ],
            [
              -0.06496095290578029,
              0.9222470658168144
            ],
            [
              -0.06153565171201641,
              0.8735804924639045
            ],
            [
              -0.07026384404637814,
              0.85350657186976
            ],
            [
              -0.18437209135016283,
              0.8710125444387277
            ],
            [
              -0.1900224440670313,
              0.8977675023487869
            ]
          ]
        ]
      }
    },
    {
      "type": "Feature",
      "properties": {
        "cell_id": "SYN_l_shape_r001_c002",
        "method": "GeoAnnulus-Final",
        "view": "annulus"
      },
      "geometry": {
        "type": "Polygon",
        "coordinates": [
          [
            [
              -0.0649609529057803,
              0.9222470658168144
            ],
            [
              -0.05797879033358777,
              0.9377180661503248
            ],
            [
              0.057936045500589284,
              0.9377180661503248
            ],
            [
              0.06502553967682041,
              0.9220092416090981
            ],
            [
              0.06161697727287618,
              0.8735804924639045
            ],
            [
              -0.061535651712016415,
              0.8735804924639045
            ],
            [
              -0.0649609529057803,
              0.9222470658168144
            ]
          ]
        ]
      }
    },
    {
      "type": "Feature",
      "properties": {
        "cell_id": "SYN_l_shape_r001_c003",
        "method": "GeoAnnulus-Final",
        "view": "annulus"
      },
      "geometry": {
        "type": "Polygon",
        "coordinates": [
          [
            [
              0.0650255396768205,
              0.9220092416090988
            ],
            [
              0.17313258075375382,
              0.9360486435360692
            ],
            [
              0.19027320824811547,
              0.8925204230816824
            ],
            [
              0.18562902250036006,
              0.8705297615364758
            ],
            [
              0.0706154734176426,
              0.8528849016523203
            ],
            [
              0.06161697727287622,
              0.8735804924639045
            ],
            [
              0.0650255396768205,
              0.9220092416090988
            ]
          ]
        ]
      }
    },
    {
      "type": "Feature",
      "properties": {
        "cell_id": "SYN_l_shape_r001_c004",
        "method": "GeoAnnulus-Final",
        "view": "annulus"
      },
      "geometry": {
        "type": "Polygon",
        "coordinates": [
          [
            [
              0.19027320824811533,
              0.8925204230816826
            ],
            [
              0.28043057935748994,
              0.9118017784172521
            ],
            [
              0.3017229265321199,
              0.8565582751653268
            ],
            [
              0.2886491133993082,
              0.8194273733763169
            ],
            [
              0.20556660108279182,
              0.8174158587798737
            ],
            [
              0.18562902250035987,
              0.8705297615364758
            ],
            [
              0.19027320824811533,
              0.8925204230816826
            ]
          ]
        ]
      }
    },
    {
      "type": "Feature",
      "properties": {
        "cell_id": "SYN_l_shape_r001_c005",
        "method": "GeoAnnulus-Final",
        "view": "annulus"
      },
      "geometry": {
        "type": "Polygon",
        "coordinates": [
          [
            [
              0.30172292653211974,
              0.8565582751653271
            ],
            [
              0.37603643896788874,
              0.8743439512138731
            ],
            [
              0.4002168320877258,
              0.8185217591027047
            ],
            [
              0.3796142364199236,
              0.7767442934286126
            ],
            [
              0.3334255062559163,
              0.7683959665754636
            ],
            [
              0.3217051641532659,
              0.775288921991111
            ],
            [
              0.288649113399308,
              0.8194273733763171
            ],
            [
              0.30172292653211974,
              0.8565582751653271
            ]
          ]
        ]
      }
    },
    {
      "type": "Feature",
      "properties": {
        "cell_id": "SYN_l_shape_r001_c006",
        "method": "GeoAnnulus-Final",
        "view": "annulus"
      },
      "geometry": {
        "type": "Polygon",
        "coordinates": [
          [
            [
              0.40021683208772574,
              0.8185217591027052
            ],
            [
              0.45981994486350475,
              0.8316187919802079
            ],
            [
              0.4893074250109479,
              0.7767513965135927
            ],
            [
              0.4598593245930916,
              0.730328192648744
            ],
            [
              0.43864980891397554,
              0.731644730865736
            ],
            [
              0.3796142364199233,
              0.7767442934286126
            ],
            [
              0.40021683208772574,
              0.8185217591027052
            ]
          ]
        ]
      }
    },
    {
      "type": "Feature",
      "properties": {
        "cell_id": "SYN_l_shape_r001_c007",
        "method": "GeoAnnulus-Final",
        "view": "annulus"
      },
      "geometry": {
        "type": "Polygon",
        "coordinates": [
          [
            [
              0.48930742501094776,
              0.7767513965135934
            ],
            [
              0.5299175078107337,
              0.7837977789837276
            ],
            [
              0.563732765532874,
              0.7345072360029838
            ],
            [
              0.5363337146946858,
              0.6991831398798938
            ],
            [
              0.49302147504634003,
              0.6931132221310589
            ],
            [
              0.4598593245930911,
              0.7303281926487442
            ],
            [
              0.48930742501094776,
              0.7767513965135934
            ]
          ]
        ]
      }
    },
    {
      "type": "Feature",
      "properties": {
        "cell_id": "SYN_l_shape_r001_c008",
        "method": "GeoAnnulus-Final",
        "view": "annulus"
      },
      "geometry": {
        "type": "Polygon",
        "coordinates": [
          [
            [
              0.5637327655328733,
              0.7345072360029836
            ],
            [
              0.5894189545442274,
              0.7374389586934298
            ],
            [
              0.6300169257680532,
              0.6898768999219109
            ],
            [
              0.5894266572203553,
              0.645614897464404
            ],
            [
              0.5807566697317887,
              0.645043341738065
            ],
            [
              0.5363337146946856,
              0.6991831398798941
            ],
            [
              0.5637327655328733,
              0.7345072360029836
            ]
          ]
        ]
      }
    },
    {
      "type": "Feature",
      "properties": {
        "cell_id": "SYN_l_shape_r001_c009",
        "method": "GeoAnnulus-Final",
        "view": "annulus"
      },
      "geometry": {
        "type": "Polygon",
        "coordinates": [
          [
            [
              0.6300169257680535,
              0.6898768999219108
            ],
            [
              0.6371643661227631,
              0.6902302815291832
            ],
            [
              0.6791542369748464,
              0.6486490532137827
            ],
            [
              0.6793336679037651,
              0.6417507317492319
            ],
            [
              0.6353191456458522,
              0.600169031581543
            ],
            [
              0.5894266572203557,
              0.6456148974644041
            ],
            [
              0.6300169257680535,
              0.6898768999219108
            ]
          ]
        ]
      }
    },
    {
      "type": "Feature",
      "properties": {
        "cell_id": "SYN_l_shape_r001_c010",
        "method": "GeoAnnulus-Final",
        "view": "annulus"
      },
      "geometry": {
        "type": "Polygon",
        "coordinates": [
          [
            [
              0.6793336679037651,
              0.6417507317492316
            ],
            [
              0.7143994310590522,
              0.6107735395272311
            ],
            [
              0.7153820576683209,
              0.6014676844594615
            ],
            [
              0.664015893466592,
              0.5586629308802379
            ],
            [
              0.6461763780566834,
              0.5601825470895664
            ],
            [
              0.6359466911132688,
              0.5681353665957971
            ],
            [
              0.6353191456458521,
              0.6001690315815427
            ],
            [
              0.6793336679037651,
              0.6417507317492316
            ]
          ]
        ]
      }
    },
    {
      "type": "Feature",
      "properties": {
        "cell_id": "SYN_l_shape_r001_c011",
        "method": "GeoAnnulus-Final",
        "view": "annulus"
      },
      "geometry": {
        "type": "Polygon",
        "coordinates": [
          [
            [
              0.715382057668321,
              0.6014676844594624
            ],
            [
              0.7455471611597975,
              0.5765613188131593
            ],
            [
              0.7485118028952807,
              0.5610118989255817
            ],
            [
              0.7030951568105234,
              0.5271578016499051
            ],
            [
              0.6640158934665915,
              0.5586629308802381
            ],
            [
              0.715382057668321,
              0.6014676844594624
            ]
          ]
        ]
      }
    },
    {
      "type": "Feature",
      "properties": {
        "cell_id": "SYN_l_shape_r001_c012",
        "method": "GeoAnnulus-Final",
        "view": "annulus"
      },
      "geometry": {
        "type": "Polygon",
        "coordinates": [
          [
            [
              0.7030951568105231,
              0.5271578016499057
            ],
            [
              0.7485118028952804,
              0.5610118989255821
            ],
            [
              0.7702612486812193,
              0.5436141768269682
            ],
            [
              0.7753827794160055,
              0.5248772757311341
            ],
            [
              0.7275515453590771,
              0.4926261103180563
            ],
            [
              0.7070305926229538,
              0.5087333675599738
            ],
            [
              0.7030951568105231,
              0.5271578016499057
            ]
          ]
        ]
      }
    },
    {
      "type": "Feature",
      "properties": {
        "cell_id": "SYN_l_shape_r001_c013",
        "method": "GeoAnnulus-Final",
        "view": "annulus"
      },
      "geometry": {
        "type": "Polygon",
        "coordinates": [
          [
            [
              0.7275515453590763,
              0.4926261103180569
            ],
            [
              0.7753827794160054,
              0.5248772757311352
            ],
            [
              0.7909658667463215,
              0.5124862061263298
            ],
            [
              0.7981285503188579,
              0.4919109426433789
            ],
            [
              0.7495758774310047,
              0.4599711034633633
            ],
            [
              0.7337701064959946,
              0.47241843204098355
            ],
            [
              0.7275515453590763,
              0.4926261103180569
            ]
          ]
        ]
      }
    },
    {
      "type": "Feature",
      "properties": {
        "cell_id": "SYN_l_shape_r001_c014",
        "method": "GeoAnnulus-Final",
        "view": "annulus"
      },
      "geometry": {
        "type": "Polygon",
        "coordinates": [
          [
            [
              0.7495758774310047,
              0.4599711034633636
            ],
            [
              0.7981285503188571,
              0.49191094264337876
            ],
            [
              0.8057419030362628,
              0.4858597192401957
            ],
            [
              0.8116050577810853,
              0.4403751012395958
            ],
            [
              0.7849549516672385,
              0.4258176049807112
            ],
            [
              0.7550701239113318,
              0.44595672599825703
            ],
            [
              0.7495758774310047,
              0.4599711034633636
            ]
          ]
        ]
      }
    },
    {
      "type": "Feature",
      "properties": {
        "cell_id": "SYN_l_shape_r001_c015",
        "method": "GeoAnnulus-Final",
        "view": "annulus"
      },
      "geometry": {
        "type": "Polygon",
        "coordinates": [
          [
            [
              0.811605057781086,
              0.4403751012395958
            ],
            [
              0.8057419030362637,
              0.4858597192401954
            ],
            [
              0.8305639682039441,
              0.49271783207305886
            ],
            [
              0.8535496118445869,
              0.4510537087289901
            ],
            [
              0.8368866687503201,
              0.43015305391864145
            ],
            [
              0.811605057781086,
              0.4403751012395958
            ]
          ]
        ]
      }
    },
    {
      "type": "Feature",
      "properties": {
        "cell_id": "SYN_l_shape_r001_c016",
        "method": "GeoAnnulus-Final",
        "view": "annulus"
      },
      "geometry": {
        "type": "Polygon",
        "coordinates": [
          [
            [
              0.8717043137302499,
              0.41735551663663484
            ],
            [
              0.8440949990046344,
              0.4158766953590592
            ],
            [
              0.8368866687503205,
              0.43015305391864084
            ],
            [
              0.853549611844588,
              0.45105370872899075
            ],
            [
              0.8840551068242897,
              0.46736501460925367
            ],
            [
              0.88574831241129,
              0.4641658400405524
            ],
            [
              0.8895160754218557,
              0.4569038756304213
            ],
            [
              0.8932243011955151,
              0.449611329654607
            ],
            [
              0.8968727415326878,
              0.44228869021900225
            ],
            [
              0.9004611522353633,
              0.4349364474437178
            ],
            [
              0.9019982583909933,
              0.4317206108173322
            ],
            [
              0.8717043137302499,
              0.41735551663663484
            ]
          ]
        ]
      }
    },
    {
      "type": "Feature",
      "properties": {
        "cell_id": "SYN_l_shape_r002_c000",
        "method": "GeoAnnulus-Final",
        "view": "annulus"
      },
      "geometry": {
        "type": "Polygon",
        "coordinates": [
          [
            [
              -0.33327554820363575,
              0.7551905597521601
            ],
            [
              -0.3083030518575329,
              0.8635800562062207
            ],
            [
              -0.20662260124297757,
              0.8117369702336871
            ],
            [
              -0.2058805643905928,
              0.798966538386346
            ],
            [
              -0.22905584398778023,
              0.7596699009407292
            ],
            [
              -0.3074019425122011,
              0.6921184335640843
            ],
            [
              -0.33327554820363575,
              0.7551905597521601
            ]
          ]
        ]
      }
    },
    {
      "type": "Feature",
      "properties": {
        "cell_id": "SYN_l_shape_r002_c001",
        "method": "GeoAnnulus-Final",
        "view": "annulus"
      },
      "geometry": {
        "type": "Polygon",
        "coordinates": [
          [
            [
              -0.20662260124297757,
              0.8117369702336876
            ],
            [
              -0.18437209135016291,
              0.8710125444387281
            ],
            [
              -0.0702638440463779,
              0.8535065718697603
            ],
            [
              -0.0664657837006349,
              0.8071706201539799
            ],
            [
              -0.07911040106744718,
              0.7808210808683334
            ],
            [
              -0.20588056439059274,
              0.7989665383863457
            ],
            [
              -0.20662260124297757,
              0.8117369702336876
            ]
          ]
        ]
      }
    },
    {
      "type": "Feature",
      "properties": {
        "cell_id": "SYN_l_shape_r002_c002",
        "method": "GeoAnnulus-Final",
        "view": "annulus"
      },
      "geometry": {
        "type": "Polygon",
        "coordinates": [
          [
            [
              -0.07026384404637806,
              0.85350657186976
            ],
            [
              -0.06153565171201637,
              0.8735804924639046
            ],
            [
              0.06161697727287617,
              0.8735804924639046
            ],
            [
              0.07061547341764261,
              0.8528849016523203
            ],
            [
              0.06686837006994449,
              0.8071706201539799
            ],
            [
              -0.06646578370063508,
              0.8071706201539799
            ],
            [
              -0.07026384404637806,
              0.85350657186976
            ]
          ]
        ]
      }
    },
    {
      "type": "Feature",
      "properties": {
        "cell_id": "SYN_l_shape_r002_c003",
        "method": "GeoAnnulus-Final",
        "view": "annulus"
      },
      "geometry": {
        "type": "Polygon",
        "coordinates": [
          [
            [
              0.07061547341764256,
              0.8528849016523203
            ],
            [
              0.1856290225003602,
              0.8705297615364759
            ],
            [
              0.2055666010827921,
              0.8174158587798739
            ],
            [
              0.20092688712529264,
              0.810455336400985
            ],
            [
              0.08436481210884281,
              0.7707105855409109
            ],
            [
              0.06686837006994442,
              0.8071706201539799
            ],
            [
              0.07061547341764256,
              0.8528849016523203
            ]
          ]
        ]
      }
    },
    {
      "type": "Feature",
      "properties": {
        "cell_id": "SYN_l_shape_r002_c004",
        "method": "GeoAnnulus-Final",
        "view": "annulus"
      },
      "geometry": {
        "type": "Polygon",
        "coordinates": [
          [
            [
              0.20556660108279207,
              0.8174158587798738
            ],
            [
              0.28864911339930804,
              0.8194273733763171
            ],
            [
              0.3217051641532659,
              0.775288921991111
            ],
            [
              0.21350227618322148,
              0.6972158803109061
            ],
            [
              0.20092688712529277,
              0.8104553364009851
            ],
            [
              0.20556660108279207,
              0.8174158587798738
            ]
          ]
        ]
      }
    },
    {
      "type": "Feature",
      "properties": {
        "cell_id": "SYN_l_shape_r002_c005",
        "method": "GeoAnnulus-Final",
        "view": "annulus"
      },
      "geometry": {
        "type": "Polygon",
        "coordinates": [
          [
            [
              0.3334255062559166,
              0.7683959665754635
            ],
            [
              0.3796142364199235,
              0.7767442934286125
            ],
            [
              0.43864980891397554,
              0.7316447308657361
            ],
            [
              0.40836768815704316,
              0.6801167410283046
            ],
            [
              0.32719210696453754,
              0.7162227686418066
            ],
            [
              0.3334255062559166,
              0.7683959665754635
            ]
          ]
        ]
      }
    },
    {
      "type": "Feature",
      "properties": {
        "cell_id": "SYN_l_shape_r002_c006",
        "method": "GeoAnnulus-Final",
        "view": "annulus"
      },
      "geometry": {
        "type": "Polygon",
        "coordinates": [
          [
            [
              0.43864980891397554,
              0.7316447308657362
            ],
            [
              0.4598593245930915,
              0.7303281926487443
            ],
            [
              0.49302147504634025,
              0.6931132221310592
            ],
            [
              0.48726289636830605,
              0.655316335998107
            ],
            [
              0.4021071876255796,
              0.6150168933458183
            ],
            [
              0.408367688157043,
              0.6801167410283043
            ],
            [
              0.43864980891397554,
              0.7316447308657362
            ]
          ]
        ]
      }
    },
    {
      "type": "Feature",
      "properties": {
        "cell_id": "SYN_l_shape_r002_c007",
        "method": "GeoAnnulus-Final",
        "view": "annulus"
      },
      "geometry": {
        "type": "Polygon",
        "coordinates": [
          [
            [
              0.4930214750463402,
              0.6931132221310591
            ],
            [
              0.5363337146946856,
              0.6991831398798939
            ],
            [
              0.5807566697317886,
              0.645043341738065
            ],
            [
              0.541045637440921,
              0.6011328692153676
            ],
            [
              0.5205439463654548,
              0.6006799933786551
            ],
            [
              0.48726289636830605,
              0.6553163359981073
            ],
            [
              0.4930214750463402,
              0.6931132221310591
            ]
          ]
        ]
      }
    },
    {
      "type": "Feature",
      "properties": {
        "cell_id": "SYN_l_shape_r002_c008",
        "method": "GeoAnnulus-Final",
        "view": "annulus"
      },
      "geometry": {
        "type": "Polygon",
        "coordinates": [
          [
            [
              0.5807566697317887,
              0.6450433417380653
            ],
            [
              0.5894266572203555,
              0.6456148974644044
            ],
            [
              0.6353191456458525,
              0.6001690315815426
            ],
            [
              0.6359466911132693,
              0.5681353665957969
            ],
            [
              0.5847595251055021,
              0.5578444021005766
            ],
            [
              0.5410456374409208,
              0.6011328692153675
            ],
            [
              0.5807566697317887,
              0.6450433417380653
            ]
          ]
        ]
      }
    },
    {
      "type": "Feature",
      "properties": {
        "cell_id": "SYN_l_shape_r002_c009",
        "method": "GeoAnnulus-Final",
        "view": "annulus"
      },
      "geometry": {
        "type": "Polygon",
        "coordinates": [
          [
            [
              0.584759525105502,
              0.5578444021005772
            ],
            [
              0.635946691113269,
              0.5681353665957973
            ],
            [
              0.6461763780566836,
              0.5601825470895666
            ],
            [
              0.6429241921748359,
              0.48938697407464044
            ],
            [
              0.6005832959304755,
              0.4962247813470452
            ],
            [
              0.5771577690720788,
              0.5410045567514145
            ],
            [
              0.584759525105502,
              0.5578444021005772
            ]
          ]
        ]
      }
    },
    {
      "type": "Feature",
      "properties": {
        "cell_id": "SYN_l_shape_r002_c010",
        "method": "GeoAnnulus-Final",
        "view": "annulus"
      },
      "geometry": {
        "type": "Polygon",
        "coordinates": [
          [
            [
              0.6461763780566835,
              0.5601825470895664
            ],
            [
              0.6640158934665917,
              0.558662930880238
            ],
            [
              0.7030951568105229,
              0.5271578016499054
            ],
            [
              0.7070305926229535,
              0.5087333675599739
            ],
            [
              0.6536607716729989,
              0.47060290168278024
            ],
            [
              0.6429241921748359,
              0.48938697407464093
            ],
            [
              0.6461763780566835,
              0.5601825470895664
            ]
          ]
        ]
      }
    },
    {
      "type": "Feature",
      "properties": {
        "cell_id": "SYN_l_shape_r002_c011",
        "method": "GeoAnnulus-Final",
        "view": "annulus"
      },
      "geometry": {
        "type": "Polygon",
        "coordinates": [
          [
            [
              0.6536607716729987,
              0.47060290168277963
            ],
            [
              0.7070305926229539,
              0.5087333675599737
            ],
            [
              0.727551545359077,
              0.49262611031805653
            ],
            [
              0.7337701064959951,
              0.47241843204098377
            ],
            [
              0.6815329842848301,
              0.4390366405350234
            ],
            [
              0.6565429068347138,
              0.4502663193916137
            ],
            [
              0.6538000570964777,
              0.4518804874194957
            ],
            [
              0.6536607716729987,
              0.47060290168277963
            ]
          ]
        ]
      }
    },
    {
      "type": "Feature",
      "properties": {
        "cell_id": "SYN_l_shape_r002_c012",
        "method": "GeoAnnulus-Final",
        "view": "annulus"
      },
      "geometry": {
        "type": "Polygon",
        "coordinates": [
          [
            [
              0.6815329842848297,
              0.43903664053502384
            ],
            [
              0.7337701064959948,
              0.4724184320409844
            ],
            [
              0.7495758774310045,
              0.45997110346336434
            ],
            [
              0.755070123911332,
              0.4459567259982563
            ],
            [
              0.7160229950714737,
              0.3968390016914888
            ],
            [
              0.7124845648543358,
              0.39743623588555965
            ],
            [
              0.6815329842848297,
              0.43903664053502384
            ]
          ]
        ]
      }
    },
    {
      "type": "Feature",
      "properties": {
        "cell_id": "SYN_l_shape_r002_c013",
        "method": "GeoAnnulus-Final",
        "view": "annulus"
      },
      "geometry": {
        "type": "Polygon",
        "coordinates": [
          [
            [
              0.7160229950714736,
              0.3968390016914891
            ],
            [
              0.7550701239113317,
              0.44595672599825636
            ],
            [
              0.7849549516672382,
              0.42581760498071064
            ],
            [
              0.782516517903672,
              0.3892009039529309
            ],
            [
              0.7484514268915698,
              0.3720298083793604
            ],
            [
              0.7160229950714736,
              0.3968390016914891
            ]
          ]
        ]
      }
    },
    {
      "type": "Feature",
      "properties": {
        "cell_id": "SYN_l_shape_r002_c014",
        "method": "GeoAnnulus-Final",
        "view": "annulus"
      },
      "geometry": {
        "type": "Polygon",
        "coordinates": [
          [
            [
              0.7825165179036722,
              0.3892009039529306
            ],
            [
              0.7849549516672383,
              0.42581760498071053
            ],
            [
              0.8116050577810858,
              0.44037510123959545
            ],
            [
              0.8368866687503201,
              0.4301530539186411
            ],
            [
              0.844094999004634,
              0.4158766953590596
            ],
            [
              0.8350618717066028,
              0.38407516524057583
            ],
            [
              0.8097557667243305,
              0.3723796045969938
            ],
            [
              0.7825165179036722,
              0.3892009039529306
            ]
          ]
        ]
      }
    },
    {
      "type": "Feature",
      "properties": {
        "cell_id": "SYN_l_shape_r002_c015",
        "method": "GeoAnnulus-Final",
        "view": "annulus"
      },
      "geometry": {
        "type": "Polygon",
        "coordinates": [
          [
            [
              0.8350618717066034,
              0.384075165240576
            ],
            [
              0.8440949990046345,
              0.41587669535905897
            ],
            [
              0.8717043137302507,
              0.41735551663663467
            ],
            [
              0.893694185954522,
              0.3693402114993524
            ],
            [
              0.8650599108474734,
              0.3572967058526413
            ],
            [
              0.8350618717066034,
              0.384075165240576
            ]
          ]
        ]
      }
    },
    {
      "type": "Feature",
      "properties": {
        "cell_id": "SYN_l_shape_r002_c016",
        "method": "GeoAnnulus-Final",
        "view": "annulus"
      },
      "geometry": {
        "type": "Polygon",
        "coordinates": [
          [
            [
              0.8936941859545225,
              0.3693402114993529
            ],
            [
              0.8717043137302516,
              0.4173555166366346
            ],
            [
              0.9019982583909937,
              0.4317206108173314
            ],
            [
              0.9039892931234431,
              0.42755509343028253
            ],
            [
              0.9074569280508186,
              0.42014512222870265
            ],
            [
              0.9108638249211755,
              0.4127070298043955
            ],
            [
              0.9142097557035304,
              0.4052413140049904
            ],
            [
              0.9174944964474911,
              0.39774847452701134
            ],
            [
              0.9207178272982474,
              0.3902290128824289
            ],
            [
              0.9238795325112865,
              0.3826834323650904
            ],
            [
              0.9269794004668328,
              0.37511223801703836
            ],
            [
              0.9285626982595205,
              0.3711530848949746
            ],
            [
              0.8936941859545225,
              0.3693402114993529
            ]
          ]
        ]
      }
    },
    {
      "type": "Feature",
      "properties": {
        "cell_id": "SYN_l_shape_r003_c000",
        "method": "GeoAnnulus-Final",
        "view": "annulus"
      },
      "geometry": {
        "type": "Polygon",
        "coordinates": [
          [
            [
              -0.3353984598143974,
              0.9288581007369516
            ],
            [
              -0.30830305185753315,
              0.8635800562062212
            ],
            [
              -0.33327554820363614,
              0.7551905597521604
            ],
            [
              -0.47466305746907533,
              0.8801581632489652
            ],
            [
              -0.4713967368259979,
              0.8819212643483549
            ],
            [
              -0.46416584004055234,
              0.8857483124112902
            ],
            [
              -0.45690387563042123,
              0.8895160754218557
            ],
            [
              -0.44961132965460693,
              0.8932243011955151
            ],
            [
              -0.44228869021900136,
              0.8968727415326883
            ],
            [
              -0.43493644744371773,
              0.9004611522353633
            ],
            [
              -0.4275550934302825,
              0.9039892931234431
            ],
            [
              -0.4201451222287026,
              0.9074569280508186
            ],
            [
              -0.41270702980439544,
              0.9108638249211755
            ],
            [
              -0.40524131400499036,
              0.9142097557035305
            ],
            [
              -0.3977484745270113,
              0.9174944964474913
            ],
            [
              -0.39022901288242884,
              0.9207178272982474
            ],
            [
              -0.38268343236509034,
              0.9238795325112865
            ],
            [
              -0.3751122380170383,
              0.9269794004668328
            ],
            [
              -0.36751593659470366,
              0.9300172236840121
            ],
            [
              -0.3598950365349888,
              0.9329927988347386
            ],
            [
              -0.35225004792123393,
              0.9359059267573255
            ],
            [
              -0.3453132171071466,
              0.938484419070823
            ],
            [
              -0.3353984598143974,
              0.9288581007369516
            ]
          ]
        ]
      }
    },
    {
      "type": "Feature",
      "properties": {
        "cell_id": "SYN_l_shape_r003_c001",
        "method": "GeoAnnulus-Final",
        "view": "annulus"
      },
      "geometry": {
        "type": "Polygon",
        "coordinates": [
          [
            [
              -0.2290558439877799,
              0.7596699009407291
            ],
            [
              -0.2058805643905926,
              0.7989665383863457
            ],
            [
              -0.0791104010674473,
              0.7808210808683335
            ],
            [
              -0.07534148854085763,
              0.742391929493111
            ],
            [
              -0.08277216684492543,
              0.6751492818005573
            ],
            [
              -0.09478817962022254,
              0.6613932259713812
            ],
            [
              -0.2290558439877799,
              0.7596699009407291
            ]
          ]
        ]
      }
    },
    {
      "type": "Feature",
      "properties": {
        "cell_id": "SYN_l_shape_r003_c002",
        "method": "GeoAnnulus-Final",
        "view": "annulus"
      },
      "geometry": {
        "type": "Polygon",
        "coordinates": [
          [
            [
              -0.07911040106744713,
              0.7808210808683337
            ],
            [
              -0.06646578370063508,
              0.8071706201539797
            ],
            [
              0.06686837006994449,
              0.8071706201539797
            ],
            [
              0.0843648121088427,
              0.7707105855409111
            ],
            [
              0.0812213128376568,
              0.7423919294931114
            ],
            [
              -0.0753414885408575,
              0.7423919294931115
            ],
            [
              -0.07911040106744713,
              0.7808210808683337
            ]
          ]
        ]
      }
    },
    {
      "type": "Feature",
      "properties": {
        "cell_id": "SYN_l_shape_r003_c003",
        "method": "GeoAnnulus-Final",
        "view": "annulus"
      },
      "geometry": {
        "type": "Polygon",
        "coordinates": [
          [
            [
              0.08436481210884283,
              0.770710585540911
            ],
            [
              0.2009268871252926,
              0.8104553364009849
            ],
            [
              0.2135022761832213,
              0.6972158803109059
            ],
            [
              0.21179905492355067,
              0.691632983597622
            ],
            [
              0.0829339193628748,
              0.7198371920632911
            ],
            [
              0.08122131283765688,
              0.7423919294931108
            ],
            [
              0.08436481210884283,
              0.770710585540911
            ]
          ]
        ]
      }
    },
    {
      "type": "Feature",
      "properties": {
        "cell_id": "SYN_l_shape_r003_c004",
        "method": "GeoAnnulus-Final",
        "view": "annulus"
      },
      "geometry": {
        "type": "Polygon",
        "coordinates": [
          [
            [
              0.3217051641532659,
              0.7752889219911111
            ],
            [
              0.3334255062559167,
              0.7683959665754636
            ],
            [
              0.3271921069645376,
              0.7162227686418062
            ],
            [
              0.32142266406267317,
              0.7040924361008005
            ],
            [
              0.2359926247918856,
              0.6338211508137729
            ],
            [
              0.20953020782407075,
              0.6369296501622226
            ],
            [
              0.21179905492355056,
              0.6916329835976217
            ],
            [
              0.21350227618322137,
              0.6972158803109062
            ],
            [
              0.3217051641532659,
              0.7752889219911111
            ]
          ]
        ]
      }
    },
    {
      "type": "Feature",
      "properties": {
        "cell_id": "SYN_l_shape_r003_c005",
        "method": "GeoAnnulus-Final",
        "view": "annulus"
      },
      "geometry": {
        "type": "Polygon",
        "coordinates": [
          [
            [
              0.3271921069645375,
              0.7162227686418068
            ],
            [
              0.40836768815704344,
              0.6801167410283046
            ],
            [
              0.40210718762558006,
              0.6150168933458189
            ],
            [
              0.37314074338256836,
              0.5701109040218297
            ],
            [
              0.36693276767664523,
              0.5694368580706937
            ],
            [
              0.32142266406267284,
              0.7040924361008006
            ],
            [
              0.3271921069645375,
              0.7162227686418068
            ]
          ]
        ]
      }
    },
    {
      "type": "Feature",
      "properties": {
        "cell_id": "SYN_l_shape_r003_c006",
        "method": "GeoAnnulus-Final",
        "view": "annulus"
      },
      "geometry": {
        "type": "Polygon",
        "coordinates": [
          [
            [
              0.40210718762557984,
              0.6150168933458189
            ],
            [
              0.48726289636830594,
              0.6553163359981073
            ],
            [
              0.5205439463654548,
              0.600679993378655
            ],
            [
              0.5199010435004652,
              0.5999420288190782
            ],
            [
              0.37765578747076617,
              0.5672331306173062
            ],
            [
              0.37314074338256825,
              0.5701109040218298
            ],
            [
              0.40210718762557984,
              0.6150168933458189
            ]
          ]
        ]
      }
    },
    {
      "type": "Feature",
      "properties": {
        "cell_id": "SYN_l_shape_r003_c007",
        "method": "GeoAnnulus-Final",
        "view": "annulus"
      },
      "geometry": {
        "type": "Polygon",
        "coordinates": [
          [
            [
              0.5205439463654548,
              0.6006799933786547
            ],
            [
              0.5410456374409212,
              0.6011328692153673
            ],
            [
              0.5847595251055019,
              0.557844402100577
            ],
            [
              0.5771577690720793,
              0.5410045567514155
            ],
            [
              0.5071127431161611,
              0.4760080235164286
            ],
            [
              0.5193428794596772,
              0.5969372885092739
            ],
            [
              0.5199010435004655,
              0.5999420288190784
            ],
            [
              0.5205439463654548,
              0.6006799933786547
            ]
          ]
        ]
      }
    },
    {
      "type": "Feature",
      "properties": {
        "cell_id": "SYN_l_shape_r003_c008",
        "method": "GeoAnnulus-Final",
        "view": "annulus"
      },
      "geometry": {
        "type": "Polygon",
        "coordinates": [
          [
            [
              0.5071127431161606,
              0.4760080235164282
            ],
            [
              0.5771577690720798,
              0.5410045567514159
            ],
            [
              0.600583295930477,
              0.49622478134704545
            ],
            [
              0.5476397590222833,
              0.4543738558082301
            ],
            [
              0.4912021040308727,
              0.446746633793404
            ],
            [
              0.5071127431161606,
              0.4760080235164282
            ]
          ]
        ]
      }
    },
    {
      "type": "Feature",
      "properties": {
        "cell_id": "SYN_l_shape_r003_c009",
        "method": "GeoAnnulus-Final",
        "view": "annulus"
      },
      "geometry": {
        "type": "Polygon",
        "coordinates": [
          [
            [
              0.5476397590222836,
              0.4543738558082305
            ],
            [
              0.6005832959304764,
              0.49622478134704523
            ],
            [
              0.6429241921748355,
              0.48938697407464066
            ],
            [
              0.6536607716729986,
              0.47060290168277974
            ],
            [
              0.6538000570964776,
              0.45188048741949566
            ],
            [
              0.6259316125858183,
              0.43253725195953613
            ],
            [
              0.6037038858382886,
              0.43312241060215795
            ],
            [
              0.5476397590222836,
              0.4543738558082305
            ]
          ]
        ]
      }
    },
    {
      "type": "Feature",
      "properties": {
        "cell_id": "SYN_l_shape_r003_c010",
        "method": "GeoAnnulus-Final",
        "view": "annulus"
      },
      "geometry": {
        "type": "Polygon",
        "coordinates": [
          [
            [
              0.6259316125858182,
              0.43253725195953574
            ],
            [
              0.6538000570964778,
              0.4518804874194955
            ],
            [
              0.6565429068347128,
              0.4502663193916142
            ],
            [
              0.6523434657423098,
              0.3673358329150968
            ],
            [
              0.6053240192398707,
              0.353439320371214
            ],
            [
              0.5904786248713281,
              0.35544869481652075
            ],
            [
              0.6259316125858182,
              0.43253725195953574
            ]
          ]
        ]
      }
    },
    {
      "type": "Feature",
      "properties": {
        "cell_id": "SYN_l_shape_r003_c011",
        "method": "GeoAnnulus-Final",
        "view": "annulus"
      },
      "geometry": {
        "type": "Polygon",
        "coordinates": [
          [
            [
              0.6523434657423098,
              0.36733583291509664
            ],
            [
              0.6565429068347128,
              0.45026631939161427
            ],
            [
              0.6815329842848303,
              0.4390366405350235
            ],
            [
              0.7124845648543362,
              0.3974362358855598
            ],
            [
              0.6865340334372902,
              0.3689429599086953
            ],
            [
              0.6523434657423098,
              0.36733583291509664
            ]
          ]
        ]
      }
    },
    {
      "type": "Feature",
      "properties": {
        "cell_id": "SYN_l_shape_r003_c012",
        "method": "GeoAnnulus-Final",
        "view": "annulus"
      },
      "geometry": {
        "type": "Polygon",
        "coordinates": [
          [
            [
              0.6865340334372897,
              0.36894295990869536
            ],
            [
              0.7124845648543359,
              0.3974362358855601
            ],
            [
              0.7160229950714736,
              0.3968390016914893
            ],
            [
              0.7484514268915701,
              0.37202980837936034
            ],
            [
              0.7486299221518113,
              0.30125353525630955
            ],
            [
              0.6897911050663541,
              0.30274009513079775
            ],
            [
              0.6865340334372897,
              0.36894295990869536
            ]
          ]
        ]
      }
    },
    {
      "type": "Feature",
      "properties": {
        "cell_id": "SYN_l_shape_r003_c013",
        "method": "GeoAnnulus-Final",
        "view": "annulus"
      },
      "geometry": {
        "type": "Polygon",
        "coordinates": [
          [
            [
              0.748629922151811,
              0.30125353525631027
            ],
            [
              0.7484514268915697,
              0.3720298083793601
            ],
            [
              0.7825165179036723,
              0.3892009039529307
            ],
            [
              0.8097557667243306,
              0.3723796045969939
            ],
            [
              0.8035629272628615,
              0.3025148853953448
            ],
            [
              0.763930360422296,
              0.28617164683418794
            ],
            [
              0.7524049786151152,
              0.2944989198344033
            ],
            [
              0.748629922151811,
              0.30125353525631027
            ]
          ]
        ]
      }
    },
    {
      "type": "Feature",
      "properties": {
        "cell_id": "SYN_l_shape_r003_c014",
        "method": "GeoAnnulus-Final",
        "view": "annulus"
      },
      "geometry": {
        "type": "Polygon",
        "coordinates": [
          [
            [
              0.8035629272628609,
              0.3025148853953446
            ],
            [
              0.8097557667243301,
              0.3723796045969941
            ],
            [
              0.8350618717066037,
              0.38407516524057667
            ],
            [
              0.8650599108474738,
              0.3572967058526419
            ],
            [
              0.8598746915570138,
              0.3097015310274376
            ],
            [
              0.8500906082916322,
              0.29549802538261316
            ],
            [
              0.8293107693321906,
              0.2876411726275158
            ],
            [
              0.8035629272628609,
              0.3025148853953446
            ]
          ]
        ]
      }
    },
    {
      "type": "Feature",
      "properties": {
        "cell_id": "SYN_l_shape_r003_c015",
        "method": "GeoAnnulus-Final",
        "view": "annulus"
      },
      "geometry": {
        "type": "Polygon",
        "coordinates": [
          [
            [
              0.9267621679669067,
              0.33349918735578266
            ],
            [
              0.859874691557013,
              0.3097015310274369
            ],
            [
              0.865059910847473,
              0.3572967058526417
            ],
            [
              0.8936941859545214,
              0.36934021149935276
            ],
            [
              0.9285626982595205,
              0.3711530848949745
            ],
            [
              0.9300172236840117,
              0.3675159365947045
            ],
            [
              0.9329927988347386,
              0.35989503653498883
            ],
            [
              0.9359059267573255,
              0.352250047921234
            ],
            [
              0.9387564124698131,
              0.34458148244908066
            ],
            [
              0.9393087168058825,
              0.34305757667006676
            ],
            [
              0.9267621679669067,
              0.33349918735578266
            ]
          ]
        ]
      }
    },
    {
      "type": "Feature",
      "properties": {
        "cell_id": "SYN_l_shape_r003_c016",
        "method": "GeoAnnulus-Final",
        "view": "annulus"
      },
      "geometry": {
        "type": "Polygon",
        "coordinates": [
          [
            [
              0.8976562491107867,
              0.1855135962140497
            ],
            [
              0.9267621679669055,
              0.33349918735578266
            ],
            [
              0.9393087168058821,
              0.3430575766700675
            ],
            [
              0.9415440651830205,
              0.33688985339222083
            ],
            [
              0.9442686983133164,
              0.32917567556803945
            ],
            [
              0.9469301294951056,
              0.32143946530316186
            ],
            [
              0.9495281805930363,
              0.31368174039889235
            ],
            [
              0.952062677713924,
              0.30590302009655407
            ],
            [
              0.9545334512183883,
              0.2981038250427402
            ],
            [
              0.9569403357322086,
              0.29028467725446333
            ],
            [
              0.9592831701573934,
              0.2824461000842132
            ],
            [
              0.9615617976829618,
              0.2745886181849328
            ],
            [
              0.9637760657954396,
              0.2667127574748994
            ],
            [
              0.9659258262890681,
              0.25881904510252157
            ],
            [
              0.9680109352757226,
              0.25090800941106056
            ],
            [
              0.970031253194544,
              0.24298017990326418
            ],
            [
              0.9719866448212792,
              0.23503608720592759
            ],
            [
              0.9738769792773335,
              0.22707626303437384
            ],
            [
              0.9757021300385285,
              0.21910124015687016
            ],
            [
              0.9772229397516301,
              0.21219677103411907
            ],
            [
              0.8976562491107867,
              0.1855135962140497
            ]
          ]
        ]
      }
    },
    {
      "type": "Feature",
      "properties": {
        "cell_id": "SYN_l_shape_r004_c000",
        "method": "GeoAnnulus-Final",
        "view": "annulus"
      },
      "geometry": {
        "type": "Polygon",
        "coordinates": [
          [
            [
              -0.3332755482036362,
              0.7551905597521602
            ],
            [
              -0.3074019425122013,
              0.6921184335640838
            ],
            [
              -0.3148554612802943,
              0.66794288828167
            ],
            [
              -0.3942985625503506,
              0.6286079050469
            ],
            [
              -0.5229060365222331,
              0.8523827980981967
            ],
            [
              -0.5211027366890237,
              0.8534939588627503
            ],
            [
              -0.5141027441932218,
              0.857728610000272
            ],
            [
              -0.5070683416876177,
              0.861905851504774
            ],
            [
              -0.5000000000000004,
              0.8660254037844384
            ],
            [
              -0.4928981922297842,
              0.8700869911087113
            ],
            [
              -0.48576339371634075,
              0.8740903416267585
            ],
            [
              -0.4785960820071813,
              0.8780351873856624
            ],
            [
              -0.47466305746907556,
              0.8801581632489651
            ],
            [
              -0.3332755482036362,
              0.7551905597521602
            ]
          ]
        ]
      }
    },
    {
      "type": "Feature",
      "properties": {
        "cell_id": "SYN_l_shape_r004_c001",
        "method": "GeoAnnulus-Final",
        "view": "annulus"
      },
      "geometry": {
        "type": "Polygon",
        "coordinates": [
          [
            [
              -0.31485546128029435,
              0.6679428882816699
            ],
            [
              -0.30740194251220115,
              0.6921184335640842
            ],
            [
              -0.2290558439877803,
              0.759669900940729
            ],
            [
              -0.09478817962022278,
              0.6613932259713808
            ],
            [
              -0.11445324632558804,
              0.623645219026542
            ],
            [
              -0.3062205156313273,
              0.6617185146955393
            ],
            [
              -0.31485546128029435,
              0.6679428882816699
            ]
          ]
        ]
      }
    },
    {
      "type": "Feature",
      "properties": {
        "cell_id": "SYN_l_shape_r004_c002",
        "method": "GeoAnnulus-Final",
        "view": "annulus"
      },
      "geometry": {
        "type": "Polygon",
        "coordinates": [
          [
            [
              -0.08277216684492551,
              0.675149281800557
            ],
            [
              -0.0753414885408576,
              0.7423919294931115
            ],
            [
              0.08122131283765692,
              0.7423919294931115
            ],
            [
              0.08293391936287489,
              0.7198371920632909
            ],
            [
              0.07797041688210277,
              0.6751492818005571
            ],
            [
              -0.08277216684492551,
              0.675149281800557
            ]
          ]
        ]
      }
    },
    {
      "type": "Feature",
      "properties": {
        "cell_id": "SYN_l_shape_r004_c003",
        "method": "GeoAnnulus-Final",
        "view": "annulus"
      },
      "geometry": {
        "type": "Polygon",
        "coordinates": [
          [
            [
              0.08293391936287478,
              0.7198371920632906
            ],
            [
              0.21179905492355067,
              0.6916329835976214
            ],
            [
              0.2095302078240709,
              0.6369296501622228
            ],
            [
              0.1338937904150015,
              0.5877591320730838
            ],
            [
              0.12021193127869899,
              0.6048891839145434
            ],
            [
              0.07797041688210272,
              0.6751492818005573
            ],
            [
              0.08293391936287478,
              0.7198371920632906
            ]
          ]
        ]
      }
    },
    {
      "type": "Feature",
      "properties": {
        "cell_id": "SYN_l_shape_r004_c004",
        "method": "GeoAnnulus-Final",
        "view": "annulus"
      },
      "geometry": {
        "type": "Polygon",
        "coordinates": [
          [
            [
              0.235992624791885,
              0.6338211508137731
            ],
            [
              0.3214226640626733,
              0.7040924361008014
            ],
            [
              0.366932767676646,
              0.5694368580706939
            ],
            [
              0.3506175946146687,
              0.5638189424518985
            ],
            [
              0.235992624791885,
              0.6338211508137731
            ]
          ]
        ]
      }
    },
    {
      "type": "Feature",
      "properties": {
        "cell_id": "SYN_l_shape_r004_c005",
        "method": "GeoAnnulus-Final",
        "view": "annulus"
      },
      "geometry": {
        "type": "Polygon",
        "coordinates": [
          [
            [
              0.3776557874707661,
              0.5672331306173063
            ],
            [
              0.5199010435004652,
              0.5999420288190785
            ],
            [
              0.5193428794596766,
              0.5969372885092726
            ],
            [
              0.4390913104973482,
              0.49014174136485705
            ],
            [
              0.3776557874707661,
              0.5672331306173063
            ]
          ]
        ]
      }
    },
    {
      "type": "Feature",
      "properties": {
        "cell_id": "SYN_l_shape_r004_c006",
        "method": "GeoAnnulus-Final",
        "view": "annulus"
      },
      "geometry": {
        "type": "Polygon",
        "coordinates": [
          [
            [
              0.5193428794596779,
              0.5969372885092793
            ],
            [
              0.5071127431161613,
              0.47600802351642824
            ],
            [
              0.49120210403087367,
              0.4467466337934047
            ],
            [
              0.4849869298674882,
              0.44103009860116954
            ],
            [
              0.4647621900662926,
              0.452061520221424
            ],
            [
              0.4390913104973463,
              0.49014174136485944
            ],
            [
              0.5193428794596779,
              0.5969372885092793
            ]
          ]
        ]
      }
    },
    {
      "type": "Feature",
      "properties": {
        "cell_id": "SYN_l_shape_r004_c007",
        "method": "GeoAnnulus-Final",
        "view": "annulus"
      },
      "geometry": {
        "type": "Polygon",
        "coordinates": [
          [
            [
              0.49120210403087355,
              0.44674663379340496
            ],
            [
              0.5476397590222835,
              0.454373855808231
            ],
            [
              0.6037038858382904,
              0.43312241060215756
            ],
            [
              0.49364540347949193,
              0.34891321688328514
            ],
            [
              0.484986929867488,
              0.44103009860116976
            ],
            [
              0.49120210403087355,
              0.44674663379340496
            ]
          ]
        ]
      }
    },
    {
      "type": "Feature",
      "properties": {
        "cell_id": "SYN_l_shape_r004_c008",
        "method": "GeoAnnulus-Final",
        "view": "annulus"
      },
      "geometry": {
        "type": "Polygon",
        "coordinates": [
          [
            [
              0.6037038858382879,
              0.4331224106021576
            ],
            [
              0.6259316125858181,
              0.4325372519595358
            ],
            [
              0.5904786248713279,
              0.35544869481652064
            ],
            [
              0.5283201363493688,
              0.3140091535164072
            ],
            [
              0.4937354213412478,
              0.33469293146679385
            ],
            [
              0.493645403479492,
              0.348913216883287
            ],
            [
              0.6037038858382879,
              0.4331224106021576
            ]
          ]
        ]
      }
    },
    {
      "type": "Feature",
      "properties": {
        "cell_id": "SYN_l_shape_r004_c009",
        "method": "GeoAnnulus-Final",
        "view": "annulus"
      },
      "geometry": {
        "type": "Polygon",
        "coordinates": [
          [
            [
              0.5283201363493689,
              0.3140091535164071
            ],
            [
              0.5904786248713277,
              0.3554486948165204
            ],
            [
              0.6053240192398701,
              0.3534393203712137
            ],
            [
              0.6335442924958635,
              0.24505642940708355
            ],
            [
              0.6055931063367059,
              0.19708876669515696
            ],
            [
              0.5283201363493689,
              0.3140091535164071
            ]
          ]
        ]
      }
    },
    {
      "type": "Feature",
      "properties": {
        "cell_id": "SYN_l_shape_r004_c010",
        "method": "GeoAnnulus-Final",
        "view": "annulus"
      },
      "geometry": {
        "type": "Polygon",
        "coordinates": [
          [
            [
              0.6053240192398707,
              0.35343932037121395
            ],
            [
              0.6523434657423104,
              0.36733583291509686
            ],
            [
              0.6865340334372901,
              0.36894295990869547
            ],
            [
              0.6897911050663545,
              0.3027400951307982
            ],
            [
              0.6335442924958641,
              0.245056429407084
            ],
            [
              0.6053240192398707,
              0.35343932037121395
            ]
          ]
        ]
      }
    },
    {
      "type": "Feature",
      "properties": {
        "cell_id": "SYN_l_shape_r004_c011",
        "method": "GeoAnnulus-Final",
        "view": "annulus"
      },
      "geometry": {
        "type": "Polygon",
        "coordinates": [
          [
            [
              0.6055931063367063,
              0.19708876669515668
            ],
            [
              0.633544292495864,
              0.2450564294070834
            ],
            [
              0.6897911050663545,
              0.30274009513079775
            ],
            [
              0.748629922151811,
              0.3012535352563096
            ],
            [
              0.7524049786151146,
              0.29449891983440357
            ],
            [
              0.6364107649327343,
              0.13174092274399776
            ],
            [
              0.6250378611189689,
              0.134346106274331
            ],
            [
              0.6055931063367063,
              0.19708876669515668
            ]
          ]
        ]
      }
    },
    {
      "type": "Feature",
      "properties": {
        "cell_id": "SYN_l_shape_r004_c012",
        "method": "GeoAnnulus-Final",
        "view": "annulus"
      },
      "geometry": {
        "type": "Polygon",
        "coordinates": [
          [
            [
              0.6364107649327352,
              0.13174092274399754
            ],
            [
              0.7524049786151152,
              0.2944989198344031
            ],
            [
              0.7639303604222959,
              0.28617164683418783
            ],
            [
              0.7596370321775351,
              0.08980098982534629
            ],
            [
              0.6364107649327352,
              0.13174092274399754
            ]
          ]
        ]
      }
    },
    {
      "type": "Feature",
      "properties": {
        "cell_id": "SYN_l_shape_r004_c013",
        "method": "GeoAnnulus-Final",
        "view": "annulus"
      },
      "geometry": {
        "type": "Polygon",
        "coordinates": [
          [
            [
              0.7596370321775352,
              0.08980098982534623
            ],
            [
              0.7639303604222959,
              0.28617164683418794
            ],
            [
              0.8035629272628615,
              0.3025148853953449
            ],
            [
              0.8293107693321908,
              0.2876411726275162
            ],
            [
              0.8094074926438822,
              0.08660662535989008
            ],
            [
              0.7811919973902326,
              0.07736481622830488
            ],
            [
              0.7596370321775352,
              0.08980098982534623
            ]
          ]
        ]
      }
    },
    {
      "type": "Feature",
      "properties": {
        "cell_id": "SYN_l_shape_r004_c014",
        "method": "GeoAnnulus-Final",
        "view": "annulus"
      },
      "geometry": {
        "type": "Polygon",
        "coordinates": [
          [
            [
              0.8094074926438816,
              0.08660662535988989
            ],
            [
              0.8293107693321902,
              0.2876411726275163
            ],
            [
              0.8500906082916324,
              0.29549802538261394
            ],
            [
              0.8886168431734656,
              0.1756855787101717
            ],
            [
              0.8775370973806164,
              0.09606797758398537
            ],
            [
              0.8094074926438816,
              0.08660662535988989
            ]
          ]
        ]
      }
    },
    {
      "type": "Feature",
      "properties": {
        "cell_id": "SYN_l_shape_r004_c015",
        "method": "GeoAnnulus-Final",
        "view": "annulus"
      },
      "geometry": {
        "type": "Polygon",
        "coordinates": [
          [
            [
              0.8500906082916317,
              0.29549802538261344
            ],
            [
              0.8598746915570133,
              0.3097015310274379
            ],
            [
              0.926762167966908,
              0.333499187355784
            ],
            [
              0.8976562491107893,
              0.18551359621405178
            ],
            [
              0.8886168431734651,
              0.1756855787101702
            ],
            [
              0.8500906082916317,
              0.29549802538261344
            ]
          ]
        ]
      }
    },
    {
      "type": "Feature",
      "properties": {
        "cell_id": "SYN_l_shape_r004_c016",
        "method": "GeoAnnulus-Final",
        "view": "annulus"
      },
      "geometry": {
        "type": "Polygon",
        "coordinates": [
          [
            [
              0.8775370973806159,
              0.09606797758398539
            ],
            [
              0.888616843173465,
              0.1756855787101713
            ],
            [
              0.8976562491107887,
              0.18551359621405206
            ],
            [
              0.9772229397516297,
              0.21219677103412063
            ],
            [
              0.9774619749435717,
              0.21111155235896614
            ],
            [
              0.9791563962022336,
              0.20310773440776358
            ],
            [
              0.9807852804032303,
              0.19509032201612872
            ],
            [
              0.9823485185218155,
              0.18705985180683304
            ],
            [
              0.9838460059270773,
              0.1790168612766335
            ],
            [
              0.9852776423889411,
              0.17096188876030177
            ],
            [
              0.986643332084879,
              0.162895473394589
            ],
            [
              0.9879429836063223,
              0.15481815508214192
            ],
            [
              0.9891765099647809,
              0.1467304744553624
            ],
            [
              0.9903438285976648,
              0.13863297284022702
            ],
            [
              0.9914448613738103,
              0.13052619222005257
            ],
            [
              0.9924795345987099,
              0.1224106751992169
            ],
            [
              0.9934477790194444,
              0.11428696496684684
            ],
            [
              0.994349529829318,
              0.10615560526045854
            ],
            [
              0.9951847266721968,
              0.0980171403295614
            ],
            [
              0.9959533136465477,
              0.0898721148992355
            ],
            [
              0.9966115938517495,
              0.08222790259384512
            ],
            [
              0.8775370973806159,
              0.09606797758398539
            ]
          ]
        ]
      }
    },
    {
      "type": "Feature",
      "properties": {
        "cell_id": "SYN_l_shape_r005_c000",
        "method": "GeoAnnulus-Final",
        "view": "annulus"
      },
      "geometry": {
        "type": "Polygon",
        "coordinates": [
          [
            [
              -0.3942985625503508,
              0.6286079050469
            ],
            [
              -0.4520239116956221,
              0.5558075475558777
            ],
            [
              -0.48458938216312863,
              0.5520007545710701
            ],
            [
              -0.6520170305571271,
              0.7581976400603528
            ],
            [
              -0.6469561525348575,
              0.7625272039063881
            ],
            [
              -0.6406961599398614,
              0.7677945237095115
            ],
            [
              -0.6343932841636458,
              0.7730104533627367
            ],
            [
              -0.6280479470713344,
              0.7781746437525977
            ],
            [
              -0.6216605733700781,
              0.7832867492286498
            ],
            [
              -0.6152315905806273,
              0.7883464276266059
            ],
            [
              -0.6087614290087209,
              0.7933533402912349
            ],
            [
              -0.602250521716282,
              0.7983071520990315
            ],
            [
              -0.5956993044924339,
              0.8032075314806445
            ],
            [
              -0.5891082158243285,
              0.8080541504430729
            ],
            [
              -0.5824776968678023,
              0.8128466845916151
            ],
            [
              -0.5758081914178459,
              0.8175848131515833
            ],
            [
              -0.5691001458788986,
              0.8222682189897749
            ],
            [
              -0.5623540092349733,
              0.826896588635696
            ],
            [
              -0.555570233019603,
              0.8314696123025448
            ],
            [
              -0.5487492712856163,
              0.8359869839079463
            ],
            [
              -0.541891580574752,
              0.8404484010944379
            ],
            [
              -0.5349976198870973,
              0.844853565249707
            ],
            [
              -0.5280678506503685,
              0.8492021815265786
            ],
            [
              -0.5229060365222332,
              0.8523827980981967
            ],
            [
              -0.3942985625503508,
              0.6286079050469
            ]
          ]
        ]
      }
    },
    {
      "type": "Feature",
      "properties": {
        "cell_id": "SYN_l_shape_r005_c001",
        "method": "GeoAnnulus-Final",
        "view": "annulus"
      },
      "geometry": {
        "type": "Polygon",
        "coordinates": [
          [
            [
              -0.30622051563132724,
              0.6617185146955393
            ],
            [
              -0.11445324632558801,
              0.6236452190265421
            ],
            [
              -0.1126261989034954,
              0.6048891839145434
            ],
            [
              -0.11663768024408576,
              0.5391344231593244
            ],
            [
              -0.13378802467004197,
              0.46097388205464074
            ],
            [
              -0.13557412804042232,
              0.46045592167554883
            ],
            [
              -0.13933664508214197,
              0.4593313611514602
            ],
            [
              -0.14308983602051525,
              0.4581760565848264
            ],
            [
              -0.14683344964634593,
              0.45699008530268354
            ],
            [
              -0.1505672353914683,
              0.4557735266846575
            ],
            [
              -0.15429094334551766,
              0.45452646215765063
            ],
            [
              -0.1580043242726589,
              0.45324897519039187
            ],
            [
              -0.16170712962826597,
              0.4519411512878498
            ],
            [
              -0.16539911157555867,
              0.4506030779855103
            ],
            [
              -0.16908002300219227,
              0.4492348448435162
            ],
            [
              -0.1727496175367946,
              0.44783654344067453
            ],
            [
              -0.17640764956545776,
              0.4464082673683258
            ],
            [
              -0.18005387424817837,
              0.4449501122240797
            ],
            [
              -0.18368804753524334,
              0.4434621756054175
            ],
            [
              -0.18730992618356584,
              0.4419445571031587
            ],
            [
              -0.19091926777296542,
              0.4403973582947958
            ],
            [
              -0.19451583072239537,
              0.4388206827376946
            ],
            [
              -0.1980993743061098,
              0.4372146359621642
            ],
            [
              -0.20166965866977724,
              0.4355793254643929
            ],
            [
              -0.20522644484653557,
              0.43391486069925267
            ],
            [
              -0.2087694947729845,
              0.4322213530729744
            ],
            [
              -0.21152409575937683,
              0.43087691438082465
            ],
            [
              -0.30622051563132724,
              0.6617185146955393
            ]
          ]
        ]
      }
    },
    {
      "type": "Feature",
      "properties": {
        "cell_id": "SYN_l_shape_r005_c002",
        "method": "GeoAnnulus-Final",
        "view": "annulus"
      },
      "geometry": {
        "type": "Polygon",
        "coordinates": [
          [
            [
              -0.11445324632558806,
              0.6236452190265421
            ],
            [
              -0.09478817962022291,
              0.6613932259713807
            ],
            [
              -0.08277216684492528,
              0.6751492818005574
            ],
            [
              0.07797041688210264,
              0.6751492818005574
            ],
            [
              0.12021193127869925,
              0.6048891839145429
            ],
            [
              -0.11262619890349541,
              0.6048891839145429
            ],
            [
              -0.11445324632558806,
              0.6236452190265421
            ]
          ]
        ]
      }
    },
    {
      "type": "Feature",
      "properties": {
        "cell_id": "SYN_l_shape_r005_c003",
        "method": "GeoAnnulus-Final",
        "view": "annulus"
      },
      "geometry": {
        "type": "Polygon",
        "coordinates": [
          [
            [
              0.13389379041500146,
              0.5877591320730836
            ],
            [
              0.20953020782407092,
              0.6369296501622226
            ],
            [
              0.23599262479188554,
              0.6338211508137729
            ],
            [
              0.3506175946146687,
              0.5638189424518985
            ],
            [
              0.33639715192157893,
              0.5402262251118974
            ],
            [
              0.1298173629412639,
              0.5554476488802513
            ],
            [
              0.13389379041500146,
              0.5877591320730836
            ]
          ]
        ]
      }
    },
    {
      "type": "Feature",
      "properties": {
        "cell_id": "SYN_l_shape_r005_c004",
        "method": "GeoAnnulus-Final",
        "view": "annulus"
      },
      "geometry": {
        "type": "Polygon",
        "coordinates": [
          [
            [
              0.3506175946146689,
              0.5638189424518985
            ],
            [
              0.3669327676766454,
              0.5694368580706937
            ],
            [
              0.3731407433825682,
              0.5701109040218297
            ],
            [
              0.377655787470766,
              0.5672331306173062
            ],
            [
              0.43909131049734773,
              0.49014174136485744
            ],
            [
              0.4647621900662927,
              0.45206152022142404
            ],
            [
              0.34376004819262573,
              0.3979418812205763
            ],
            [
              0.3258850291628253,
              0.5117396796369091
            ],
            [
              0.3363971519215789,
              0.5402262251118969
            ],
            [
              0.3506175946146689,
              0.5638189424518985
            ]
          ]
        ]
      }
    },
    {
      "type": "Feature",
      "properties": {
        "cell_id": "SYN_l_shape_r006_c000",
        "method": "GeoAnnulus-Final",
        "view": "annulus"
      },
      "geometry": {
        "type": "Polygon",
        "coordinates": [
          [
            [
              -0.48458938216312775,
              0.55200075457107
            ],
            [
              -0.6250837338809074,
              0.41287368422640514
            ],
            [
              -0.8281025466153795,
              0.5605650508443534
            ],
            [
              -0.8268965886356965,
              0.5623540092349727
            ],
            [
              -0.8222682189897753,
              0.569100145878898
            ],
            [
              -0.8175848131515839,
              0.5758081914178449
            ],
            [
              -0.8128466845916156,
              0.5824776968678016
            ],
            [
              -0.8080541504430734,
              0.5891082158243279
            ],
            [
              -0.8032075314806453,
              0.5956993044924329
            ],
            [
              -0.7983071520990316,
              0.6022505217162818
            ],
            [
              -0.7933533402912354,
              0.6087614290087203
            ],
            [
              -0.7883464276266067,
              0.6152315905806264
            ],
            [
              -0.7832867492286506,
              0.6216605733700772
            ],
            [
              -0.7781746437525981,
              0.6280479470713338
            ],
            [
              -0.7730104533627371,
              0.6343932841636453
            ],
            [
              -0.7677945237095123,
              0.6406961599398604
            ],
            [
              -0.7625272039063885,
              0.6469561525348569
            ],
            [
              -0.7572088465064848,
              0.6531728429537765
            ],
            [
              -0.7518398074789777,
              0.6593458151000685
            ],
            [
              -0.7464204461852739,
              0.6654746558033421
            ],
            [
              -0.7409511253549593,
              0.6715589548470181
            ],
            [
              -0.7354322110615191,
              0.6775983049957882
            ],
            [
              -0.7298640726978358,
              0.683592302022871
            ],
            [
              -0.7242470829514672,
              0.6895405447370666
            ],
            [
              -0.7185816177796983,
              0.6954426350096115
            ],
            [
              -0.7128680563843801,
              0.701298177800824
            ],
            [
              -0.7071067811865479,
              0.7071067811865471
            ],
            [
              -0.7012981778008246,
              0.7128680563843797
            ],
            [
              -0.695442635009612,
              0.7185816177796978
            ],
            [
              -0.689540544737067,
              0.7242470829514668
            ],
            [
              -0.6835923020228716,
              0.7298640726978354
            ],
            [
              -0.6775983049957891,
              0.7354322110615182
            ],
            [
              -0.6715589548470187,
              0.7409511253549589
            ],
            [
              -0.6654746558033426,
              0.7464204461852735
            ],
            [
              -0.6593458151000691,
              0.7518398074789773
            ],
            [
              -0.6531728429537771,
              0.7572088465064843
            ],
            [
              -0.6520170305571268,
              0.7581976400603532
            ],
            [
              -0.48458938216312775,
              0.55200075457107
            ]
          ]
        ]
      }
    },
    {
      "type": "Feature",
      "properties": {
        "cell_id": "SYN_l_shape_r006_c001",
        "method": "GeoAnnulus-Final",
        "view": "annulus"
      },
      "geometry": {
        "type": "Polygon",
        "coordinates": [
          [
            [
              -0.45202391169562167,
              0.5558075475558777
            ],
            [
              -0.39429856255035073,
              0.6286079050469001
            ],
            [
              -0.3148554612802943,
              0.6679428882816699
            ],
            [
              -0.30622051563132713,
              0.6617185146955393
            ],
            [
              -0.21152409575937678,
              0.4308769143808247
            ],
            [
              -0.21229857130512064,
              0.43049891593569034
            ],
            [
              -0.2158134382342113,
              0.4287476645738472
            ],
            [
              -0.2193138603026022,
              0.42696771620249074
            ],
            [
              -0.22279960321946513,
              0.42515918995741925
            ],
            [
              -0.226270433676479,
              0.42332220688721034
            ],
            [
              -0.229726119363447,
              0.42145688994511793
            ],
            [
              -0.23316642898384354,
              0.41956336398084404
            ],
            [
              -0.2365911322702964,
              0.41764175573218143
            ],
            [
              -0.2400000000000002,
              0.4156921938165304
            ],
            [
              -0.2433928040100565,
              0.4137148087222915
            ],
            [
              -0.24676931721274645,
              0.41170973280013057
            ],
            [
              -0.2501293136107314,
              0.40967710025412013
            ],
            [
              -0.2534725683121769,
              0.4076170471327577
            ],
            [
              -0.25679885754580667,
              0.4055297113198593
            ],
            [
              -0.26010795867588093,
              0.4034152325253302
            ],
            [
              -0.2633996502170958,
              0.40127375227581424
            ],
            [
              -0.2666737118494094,
              0.3991054139052215
            ],
            [
              -0.2699299244327871,
              0.39691036254513407
            ],
            [
              -0.2731680700218713,
              0.39468874511509194
            ],
            [
              -0.27638793188056604,
              0.39244071031275995
            ],
            [
              -0.27958929449654507,
              0.3901664086039752
            ],
            [
              -0.28277194359567764,
              0.387865992212675
            ],
            [
              -0.2859356661563683,
              0.38553961511070933
            ],
            [
              -0.28908025042381535,
              0.3831874330075351
            ],
            [
              -0.292205485924186,
              0.38080960333979275
            ],
            [
              -0.29531116347870107,
              0.3784062852607708
            ],
            [
              -0.2983970752176375,
              0.3759776396297519
            ],
            [
              -0.30146301459424046,
              0.37352382900124687
            ],
            [
              -0.30450877639855,
              0.37104501761411357
            ],
            [
              -0.30753415677113344,
              0.36854137138056553
            ],
            [
              -0.3105389532167316,
              0.36601305787506627
            ],
            [
              -0.313522964617813,
              0.36346024632311247
            ],
            [
              -0.3142294883754662,
              0.36284573623967076
            ],
            [
              -0.45202391169562167,
              0.5558075475558777
            ]
          ]
        ]
      }
    },
    {
      "type": "Feature",
      "properties": {
        "cell_id": "SYN_l_shape_r006_c002",
        "method": "GeoAnnulus-Final",
        "view": "annulus"
      },
      "geometry": {
        "type": "Polygon",
        "coordinates": [
          [
            [
              0.12021193127869903,
              0.6048891839145432
            ],
            [
              0.13389379041500143,
              0.5877591320730836
            ],
            [
              0.12981736294126378,
              0.5554476488802508
            ],
            [
              0.12599990383605472,
              0.5391344231593241
            ],
            [
              -0.11663768024408576,
              0.5391344231593241
            ],
            [
              -0.11262619890349539,
              0.6048891839145433
            ],
            [
              0.12021193127869903,
              0.6048891839145432
            ]
          ]
        ]
      }
    },
    {
      "type": "Feature",
      "properties": {
        "cell_id": "SYN_l_shape_r006_c003",
        "method": "GeoAnnulus-Final",
        "view": "annulus"
      },
      "geometry": {
        "type": "Polygon",
        "coordinates": [
          [
            [
              0.12599990383605475,
              0.5391344231593242
            ],
            [
              0.12981736294126378,
              0.5554476488802508
            ],
            [
              0.33639715192157876,
              0.540226225111897
            ],
            [
              0.32588502916282513,
              0.5117396796369091
            ],
            [
              0.1436075010158786,
              0.4580120610768404
            ],
            [
              0.1430898360205147,
              0.4581760565848266
            ],
            [
              0.13933664508214177,
              0.4593313611514603
            ],
            [
              0.13557412804042174,
              0.460455921675549
            ],
            [
              0.13180253672876713,
              0.4615496628878218
            ],
            [
              0.12802212358795112,
              0.46261251158181116
            ],
            [
              0.12423314164920973,
              0.46364439661875284
            ],
            [
              0.12043584451730845,
              0.464645248932347
            ],
            [
              0.11760947925286984,
              0.465365516236691
            ],
            [
              0.12599990383605475,
              0.5391344231593242
            ]
          ]
        ]
      }
    },
    {
      "type": "Feature",
      "properties": {
        "cell_id": "SYN_l_shape_r006_c004",
        "method": "GeoAnnulus-Final",
        "view": "annulus"
      },
      "geometry": {
        "type": "Polygon",
        "coordinates": [
          [
            [
              0.3437600481926256,
              0.3979418812205762
            ],
            [
              0.4647621900662928,
              0.4520615202214241
            ],
            [
              0.48498692986748826,
              0.4410300986011698
            ],
            [
              0.493645403479492,
              0.3489132168832874
            ],
            [
              0.4937354213412478,
              0.33469293146679385
            ],
            [
              0.3903119079882056,
              0.27938448601070354
            ],
            [
              0.3901664086039752,
              0.27958929449654507
            ],
            [
              0.387865992212675,
              0.2827719435956777
            ],
            [
              0.38553961511070933,
              0.2859356661563683
            ],
            [
              0.38318743300753483,
              0.28908025042381574
            ],
            [
              0.38080960333979275,
              0.292205485924186
            ],
            [
              0.3784062852607708,
              0.2953111634787011
            ],
            [
              0.3759776396297519,
              0.29839707521763753
            ],
            [
              0.37352382900124687,
              0.3014630145942405
            ],
            [
              0.37104501761411357,
              0.30450877639855006
            ],
            [
              0.3685413713805655,
              0.30753415677113344
            ],
            [
              0.3660130578750662,
              0.3105389532167316
            ],
            [
              0.3634602463231124,
              0.313522964617813
            ],
            [
              0.36088310758990894,
              0.3164859912480333
            ],
            [
              0.3582818141689311,
              0.3194278347856046
            ],
            [
              0.3556565401703802,
              0.32234829832656897
            ],
            [
              0.35300746130952876,
              0.32524718639797884
            ],
            [
              0.3503347548949608,
              0.32812430497097855
            ],
            [
              0.347638599816704,
              0.3309794614737922
            ],
            [
              0.34491917653425486,
              0.3338124648046138
            ],
            [
              0.34217666706450206,
              0.336623125344396
            ],
            [
              0.3394112549695427,
              0.3394112549695429
            ],
            [
              0.33662312534439554,
              0.3421766670645025
            ],
            [
              0.33381246480461335,
              0.34491917653425536
            ],
            [
              0.33097946147379176,
              0.3476385998167045
            ],
            [
              0.32812430497097805,
              0.35033475489496124
            ],
            [
              0.32749010575321846,
              0.3509238958269086
            ],
            [
              0.3437600481926256,
              0.3979418812205762
            ]
          ]
        ]
      }
    },
    {
      "type": "Feature",
      "properties": {
        "cell_id": "SYN_l_shape_r007_c000",
        "method": "GeoAnnulus-Final",
        "view": "annulus"
      },
      "geometry": {
        "type": "Polygon",
        "coordinates": [
          [
            [
              -0.6250837338809078,
              0.4128736842264051
            ],
            [
              -0.5911794376625914,
              0.22523768127139018
            ],
            [
              -0.7482211021789493,
              0.1687676992031233
            ],
            [
              -0.9705903502858996,
              0.24070875812779285
            ],
            [
              -0.9700312531945441,
              0.24298017990326337
            ],
            [
              -0.9680109352757228,
              0.25090800941105973
            ],
            [
              -0.9659258262890684,
              0.25881904510252035
            ],
            [
              -0.96377606579544,
              0.26671275747489825
            ],
            [
              -0.961561797682962,
              0.274588618184932
            ],
            [
              -0.9592831701573937,
              0.282446100084212
            ],
            [
              -0.9569403357322089,
              0.2902846772544621
            ],
            [
              -0.9545334512183886,
              0.29810382504273947
            ],
            [
              -0.9520626777139244,
              0.3059030200965529
            ],
            [
              -0.9495281805930368,
              0.3136817403988912
            ],
            [
              -0.9469301294951058,
              0.3214394653031611
            ],
            [
              -0.9442686983133166,
              0.3291756755680387
            ],
            [
              -0.9415440651830209,
              0.33688985339221966
            ],
            [
              -0.9387564124698135,
              0.34458148244907993
            ],
            [
              -0.9359059267573259,
              0.3522500479212332
            ],
            [
              -0.9329927988347391,
              0.35989503653498767
            ],
            [
              -0.9300172236840122,
              0.36751593659470333
            ],
            [
              -0.9269794004668331,
              0.37511223801703764
            ],
            [
              -0.923879532511287,
              0.3826834323650892
            ],
            [
              -0.9207178272982478,
              0.39022901288242773
            ],
            [
              -0.9174944964474915,
              0.3977484745270106
            ],
            [
              -0.9142097557035308,
              0.40524131400498964
            ],
            [
              -0.910863824921176,
              0.4127070298043944
            ],
            [
              -0.9074569280508189,
              0.42014512222870193
            ],
            [
              -0.9039892931234434,
              0.4275550934302818
            ],
            [
              -0.9004611522353638,
              0.4349364474437167
            ],
            [
              -0.8968727415326884,
              0.4422886902190011
            ],
            [
              -0.8932243011955155,
              0.44961132965460626
            ],
            [
              -0.8895160754218563,
              0.4569038756304202
            ],
            [
              -0.8857483124112907,
              0.4641658400405513
            ],
            [
              -0.8819212643483553,
              0.47139673682599725
            ],
            [
              -0.8780351873856628,
              0.4785960820071806
            ],
            [
              -0.874090341626759,
              0.4857633937163397
            ],
            [
              -0.8700869911087117,
              0.49289819222978354
            ],
            [
              -0.8660254037844388,
              0.4999999999999998
            ],
            [
              -0.8619058515047745,
              0.5070683416876167
            ],
            [
              -0.8577286100002722,
              0.5141027441932216
            ],
            [
              -0.8534939588627506,
              0.5211027366890231
            ],
            [
              -0.8492021815265792,
              0.5280678506503675
            ],
            [
              -0.8448535652497072,
              0.5349976198870969
            ],
            [
              -0.8404484010944383,
              0.5418915805747513
            ],
            [
              -0.8359869839079468,
              0.5487492712856157
            ],
            [
              -0.8314696123025455,
              0.555570233019602
            ],
            [
              -0.8281025466153796,
              0.5605650508443532
            ],
            [
              -0.6250837338809078,
              0.4128736842264051
            ]
          ]
        ]
      }
    },
    {
      "type": "Feature",
      "properties": {
        "cell_id": "SYN_l_shape_r007_c001",
        "method": "GeoAnnulus-Final",
        "view": "annulus"
      },
      "geometry": {
        "type": "Polygon",
        "coordinates": [
          [
            [
              -0.5911794376625914,
              0.22523768127139007
            ],
            [
              -0.6250837338809078,
              0.4128736842264053
            ],
            [
              -0.484589382163128,
              0.5520007545710698
            ],
            [
              -0.4520239116956215,
              0.5558075475558777
            ],
            [
              -0.31422948837546616,
              0.3628457362396708
            ],
            [
              -0.3164859912480331,
              0.3608831075899091
            ],
            [
              -0.31942783478560444,
              0.35828181416893123
            ],
            [
              -0.32234829832656897,
              0.35565654017038023
            ],
            [
              -0.3252471863979788,
              0.35300746130952876
            ],
            [
              -0.32812430497097833,
              0.35033475489496096
            ],
            [
              -0.33097946147379215,
              0.34763859981670403
            ],
            [
              -0.33381246480461374,
              0.3449191765342549
            ],
            [
              -0.3366231253443958,
              0.3421766670645022
            ],
            [
              -0.339411254969543,
              0.3394112549695426
            ],
            [
              -0.34217666706450245,
              0.33662312534439554
            ],
            [
              -0.3449191765342552,
              0.33381246480461346
            ],
            [
              -0.34763859981670425,
              0.330979461473792
            ],
            [
              -0.3503347548949612,
              0.32812430497097805
            ],
            [
              -0.35300746130952915,
              0.32524718639797834
            ],
            [
              -0.35565654017038045,
              0.3223482983265687
            ],
            [
              -0.35828181416893146,
              0.3194278347856042
            ],
            [
              -0.36088310758990927,
              0.3164859912480329
            ],
            [
              -0.3634602463231127,
              0.3135229646178127
            ],
            [
              -0.3660130578750665,
              0.3105389532167313
            ],
            [
              -0.36854137138056586,
              0.307534156771133
            ],
            [
              -0.3710450176141138,
              0.30450877639854973
            ],
            [
              -0.3735238290012471,
              0.30146301459424024
            ],
            [
              -0.3759776396297523,
              0.29839707521763703
            ],
            [
              -0.3784062852607712,
              0.2953111634787006
            ],
            [
              -0.38080960333979297,
              0.29220548592418577
            ],
            [
              -0.38318743300753516,
              0.28908025042381524
            ],
            [
              -0.3855396151107097,
              0.2859356661563678
            ],
            [
              -0.3878659922126752,
              0.2827719435956774
            ],
            [
              -0.39016640860397545,
              0.27958929449654474
            ],
            [
              -0.3924407103127603,
              0.27638793188056554
            ],
            [
              -0.3946887451150921,
              0.27316807002187105
            ],
            [
              -0.3969103625451343,
              0.2699299244327869
            ],
            [
              -0.3991054139052218,
              0.2666737118494089
            ],
            [
              -0.40127375227581447,
              0.2633996502170955
            ],
            [
              -0.40341523252533035,
              0.2601079586758806
            ],
            [
              -0.40552971131985943,
              0.2567988575458065
            ],
            [
              -0.40761704713275804,
              0.2534725683121764
            ],
            [
              -0.40967710025412024,
              0.25012931361073104
            ],
            [
              -0.4117097328001307,
              0.24676931721274634
            ],
            [
              -0.41371480872229177,
              0.24339280401005603
            ],
            [
              -0.4156921938165306,
              0.23999999999999988
            ],
            [
              -0.4176417557321816,
              0.2365911322702961
            ],
            [
              -0.4195633639808443,
              0.23316642898384304
            ],
            [
              -0.4214568899451181,
              0.2297261193634467
            ],
            [
              -0.4233222068872105,
              0.22627043367647867
            ],
            [
              -0.4251591899574195,
              0.2227996032194646
            ],
            [
              -0.426967716202491,
              0.21931386030260167
            ],
            [
              -0.42874766457384744,
              0.215813438234211
            ],
            [
              -0.4304989159356904,
              0.2122985713051205
            ],
            [
              -0.4322213530729746,
              0.208769494772984
            ],
            [
              -0.43391486069925284,
              0.20522644484653527
            ],
            [
              -0.43557932546439304,
              0.20166965866977693
            ],
            [
              -0.4372146359621645,
              0.1980993743061093
            ],
            [
              -0.43882068273769476,
              0.19451583072239503
            ],
            [
              -0.44039735829479587,
              0.19091926777296508
            ],
            [
              -0.44194455710315894,
              0.1873099261835653
            ],
            [
              -0.44346217560541773,
              0.18368804753524282
            ],
            [
              -0.4449501122240799,
              0.18005387424817806
            ],
            [
              -0.44640826736832584,
              0.1764076495654576
            ],
            [
              -0.44783654344067475,
              0.17274961753679408
            ],
            [
              -0.4492348448435164,
              0.16908002300219194
            ],
            [
              -0.45021468600858827,
              0.1664439893979023
            ],
            [
              -0.5911794376625914,
              0.22523768127139007
            ]
          ]
        ]
      }
    },
    {
      "type": "Feature",
      "properties": {
        "cell_id": "SYN_l_shape_r007_c002",
        "method": "GeoAnnulus-Final",
        "view": "annulus"
      },
      "geometry": {
        "type": "Polygon",
        "coordinates": [
          [
            [
              -0.11663768024408573,
              0.5391344231593241
            ],
            [
              0.12599990383605475,
              0.5391344231593242
            ],
            [
              0.11760947925286983,
              0.465365516236691
            ],
            [
              0.1166304863535666,
              0.4656150015333811
            ],
            [
              0.11281732185884462,
              0.46655358951421416
            ],
            [
              0.10899660625649883,
              0.4674609500531202
            ],
            [
              0.10516859527529705,
              0.4683370224184938
            ],
            [
              0.10133354513230314,
              0.4691817479729145
            ],
            [
              0.0974917125157259,
              0.4699950701770722
            ],
            [
              0.09364335456774116,
              0.4707769345935507
            ],
            [
              0.08978872886727923,
              0.4715272888904715
            ],
            [
              0.08592809341278344,
              0.4722460828449972
            ],
            [
              0.08206170660494422,
              0.4729332683466918
            ],
            [
              0.07818982722940253,
              0.4735887994007419
            ],
            [
              0.0743127144394275,
              0.4742126321310347
            ],
            [
              0.07043062773857332,
              0.47480472478309493
            ],
            [
              0.06654382696330834,
              0.4753650377268792
            ],
            [
              0.06265257226562461,
              0.47589353345942903
            ],
            [
              0.05875712409562348,
              0.4763901766073808
            ],
            [
              0.05485774318408585,
              0.4768549339293333
            ],
            [
              0.05095469052501947,
              0.4772877743180727
            ],
            [
              0.047048227358188845,
              0.4776886688026545
            ],
            [
              0.043138615151632406,
              0.4780575905503429
            ],
            [
              0.03922611558416066,
              0.47839451486840656
            ],
            [
              0.03531099052784015,
              0.4786994192057713
            ],
            [
              0.03139350203046833,
              0.4789722831545297
            ],
            [
              0.0274739122980329,
              0.4792130884513068
            ],
            [
              0.023552483677160476,
              0.47942181897848274
            ],
            [
              0.019629478637559757,
              0.4795984607652714
            ],
            [
              0.015705159754452122,
              0.4797430019886555
            ],
            [
              0.01177978969099777,
              0.47985543297417804
            ],
            [
              0.007853631180713397,
              0.47993574619658963
            ],
            [
              0.003926947009889436,
              0.4799839362803525
            ],
            [
              -8.817456953860942e-17,
              0.48
            ],
            [
              -0.0039269470098900385,
              0.4799839362803525
            ],
            [
              -0.007853631180714,
              0.47993574619658963
            ],
            [
              -0.011779789690997947,
              0.47985543297417804
            ],
            [
              -0.015705159754452726,
              0.4797430019886555
            ],
            [
              -0.019629478637560357,
              0.4795984607652714
            ],
            [
              -0.02355248367716108,
              0.4794218189784827
            ],
            [
              -0.027473912298033077,
              0.4792130884513068
            ],
            [
              -0.03139350203046894,
              0.47897228315452967
            ],
            [
              -0.03531099052784076,
              0.4786994192057713
            ],
            [
              -0.039226115584160844,
              0.47839451486840656
            ],
            [
              -0.04313861515163301,
              0.47805759055034286
            ],
            [
              -0.04704822735818944,
              0.4776886688026545
            ],
            [
              -0.05095469052501964,
              0.4772877743180727
            ],
            [
              -0.05485774318408645,
              0.47685493392933326
            ],
            [
              -0.058757124095624086,
              0.47639017660738076
            ],
            [
              -0.06265257226562519,
              0.4758935334594289
            ],
            [
              -0.06654382696330895,
              0.4753650377268791
            ],
            [
              -0.0704306277385739,
              0.4748047247830948
            ],
            [
              -0.0743127144394281,
              0.47421263213103465
            ],
            [
              -0.0781898272294027,
              0.4735887994007419
            ],
            [
              -0.08206170660494481,
              0.4729332683466917
            ],
            [
              -0.08592809341278404,
              0.4722460828449971
            ],
            [
              -0.0897887288672794,
              0.4715272888904715
            ],
            [
              -0.09364335456774175,
              0.4707769345935505
            ],
            [
              -0.0974917125157265,
              0.4699950701770721
            ],
            [
              -0.10133354513230372,
              0.4691817479729144
            ],
            [
              -0.10516859527529765,
              0.4683370224184936
            ],
            [
              -0.10899660625649941,
              0.46746095005312005
            ],
            [
              -0.11281732185884522,
              0.46655358951421405
            ],
            [
              -0.11663048635356678,
              0.4656150015333811
            ],
            [
              -0.12043584451730904,
              0.4646452489323468
            ],
            [
              -0.12423314164921033,
              0.4636443966187527
            ],
            [
              -0.1280221235879513,
              0.4626125115818111
            ],
            [
              -0.1318025367287677,
              0.4615496628878216
            ],
            [
              -0.1337880246700419,
              0.46097388205464074
            ],
            [
              -0.11663768024408573,
              0.5391344231593241
            ]
          ]
        ]
      }
    },
    {
      "type": "Feature",
      "properties": {
        "cell_id": "SYN_l_shape_r007_c003",
        "method": "GeoAnnulus-Final",
        "view": "annulus"
      },
      "geometry": {
        "type": "Polygon",
        "coordinates": [
          [
            [
              0.32588502916282513,
              0.5117396796369089
            ],
            [
              0.3437600481926256,
              0.3979418812205763
            ],
            [
              0.3274901057532184,
              0.3509238958269086
            ],
            [
              0.32524718639797834,
              0.35300746130952915
            ],
            [
              0.32234829832656847,
              0.3556565401703807
            ],
            [
              0.31942783478560416,
              0.3582818141689315
            ],
            [
              0.31648599124803284,
              0.3608831075899093
            ],
            [
              0.31352296461781254,
              0.36346024632311286
            ],
            [
              0.3105389532167314,
              0.3660130578750664
            ],
            [
              0.307534156771133,
              0.36854137138056586
            ],
            [
              0.30450877639854956,
              0.37104501761411396
            ],
            [
              0.30146301459424,
              0.37352382900124725
            ],
            [
              0.298397075217637,
              0.3759776396297523
            ],
            [
              0.2953111634787006,
              0.3784062852607712
            ],
            [
              0.29220548592418555,
              0.38080960333979313
            ],
            [
              0.2890802504238152,
              0.3831874330075352
            ],
            [
              0.2859356661563678,
              0.3855396151107097
            ],
            [
              0.2827719435956772,
              0.38786599221267537
            ],
            [
              0.2795892944965449,
              0.39016640860397533
            ],
            [
              0.27638793188056554,
              0.3924407103127603
            ],
            [
              0.2731680700218708,
              0.3946887451150922
            ],
            [
              0.26992992443278707,
              0.3969103625451342
            ],
            [
              0.26667371184940886,
              0.3991054139052218
            ],
            [
              0.2633996502170954,
              0.4012737522758146
            ],
            [
              0.26010795867588044,
              0.40341523252533046
            ],
            [
              0.2567988575458065,
              0.40552971131985943
            ],
            [
              0.25347256831217635,
              0.40761704713275804
            ],
            [
              0.2501293136107309,
              0.4096771002541204
            ],
            [
              0.24676931721274634,
              0.4117097328001307
            ],
            [
              0.24339280401005597,
              0.41371480872229177
            ],
            [
              0.23999999999999966,
              0.4156921938165307
            ],
            [
              0.23659113227029624,
              0.4176417557321815
            ],
            [
              0.23316642898384304,
              0.4195633639808443
            ],
            [
              0.22972611936344647,
              0.42145688994511826
            ],
            [
              0.22627043367647845,
              0.4233222068872106
            ],
            [
              0.22279960321946457,
              0.4251591899574195
            ],
            [
              0.21931386030260164,
              0.426967716202491
            ],
            [
              0.21581343823421079,
              0.42874766457384755
            ],
            [
              0.21229857130512048,
              0.43049891593569045
            ],
            [
              0.20876949477298398,
              0.4322213530729746
            ],
            [
              0.20522644484653504,
              0.43391486069925295
            ],
            [
              0.20166965866977707,
              0.435579325464393
            ],
            [
              0.19809937430610927,
              0.4372146359621645
            ],
            [
              0.1945158307223948,
              0.4388206827376948
            ],
            [
              0.19091926777296486,
              0.440397358294796
            ],
            [
              0.1873099261835653,
              0.44194455710315894
            ],
            [
              0.1836880475352428,
              0.44346217560541773
            ],
            [
              0.18005387424817781,
              0.44495011222407993
            ],
            [
              0.17640764956545757,
              0.44640826736832584
            ],
            [
              0.17274961753679405,
              0.44783654344067475
            ],
            [
              0.1690800230021917,
              0.44923484484351645
            ],
            [
              0.16539911157555853,
              0.45060307798551036
            ],
            [
              0.16170712962826542,
              0.45194115128785
            ],
            [
              0.15800432427265834,
              0.45324897519039203
            ],
            [
              0.1542909433455175,
              0.4545264621576507
            ],
            [
              0.15056723539146774,
              0.45577352668465765
            ],
            [
              0.14683344964634537,
              0.45699008530268376
            ],
            [
              0.14360750101587874,
              0.45801206107684034
            ],
            [
              0.32588502916282513,
              0.5117396796369089
            ]
          ]
        ]
      }
    },
    {
      "type": "Feature",
      "properties": {
        "cell_id": "SYN_l_shape_r007_c004",
        "method": "GeoAnnulus-Final",
        "view": "annulus"
      },
      "geometry": {
        "type": "Polygon",
        "coordinates": [
          [
            [
              0.4937354213412478,
              0.3346929314667938
            ],
            [
              0.5283201363493688,
              0.31400915351640707
            ],
            [
              0.605593106336706,
              0.1970887666951564
            ],
            [
              0.6250378611189688,
              0.13434610627433102
            ],
            [
              0.6124851212088693,
              0.12789298100295912
            ],
            [
              0.467194047667388,
              0.11012047936508672
            ],
            [
              0.466553589514214,
              0.11281732185884524
            ],
            [
              0.4656150015333811,
              0.1166304863535668
            ],
            [
              0.4646452489323468,
              0.12043584451730907
            ],
            [
              0.4636443966187527,
              0.12423314164921034
            ],
            [
              0.462612511581811,
              0.12802212358795173
            ],
            [
              0.4615496628878216,
              0.13180253672876774
            ],
            [
              0.46045592167554883,
              0.13557412804042235
            ],
            [
              0.4593313611514601,
              0.13933664508214239
            ],
            [
              0.45817605658482635,
              0.14308983602051528
            ],
            [
              0.45699008530268354,
              0.14683344964634595
            ],
            [
              0.4557735266846574,
              0.15056723539146832
            ],
            [
              0.45452646215765063,
              0.15429094334551768
            ],
            [
              0.45324897519039187,
              0.15800432427265892
            ],
            [
              0.4519411512878498,
              0.161707129628266
            ],
            [
              0.4506030779855103,
              0.1653991115755587
            ],
            [
              0.4492348448435162,
              0.1690800230021923
            ],
            [
              0.44783654344067453,
              0.17274961753679463
            ],
            [
              0.4464082673683256,
              0.17640764956545815
            ],
            [
              0.4449501122240797,
              0.1800538742481784
            ],
            [
              0.4434621756054175,
              0.18368804753524337
            ],
            [
              0.4419445571031587,
              0.18730992618356587
            ],
            [
              0.44039735829479576,
              0.19091926777296545
            ],
            [
              0.43882068273769453,
              0.1945158307223954
            ],
            [
              0.4372146359621642,
              0.19809937430610983
            ],
            [
              0.4355793254643929,
              0.20166965866977726
            ],
            [
              0.43391486069925267,
              0.2052264448465356
            ],
            [
              0.4322213530729744,
              0.20876949477298454
            ],
            [
              0.4304989159356901,
              0.21229857130512106
            ],
            [
              0.4287476645738472,
              0.21581343823421134
            ],
            [
              0.42696771620249074,
              0.21931386030260222
            ],
            [
              0.4251591899574192,
              0.22279960321946515
            ],
            [
              0.4233222068872103,
              0.22627043367647903
            ],
            [
              0.42145688994511793,
              0.22972611936344703
            ],
            [
              0.41956336398084404,
              0.23316642898384357
            ],
            [
              0.4176417557321814,
              0.23659113227029643
            ],
            [
              0.4156921938165304,
              0.2400000000000002
            ],
            [
              0.4137148087222915,
              0.2433928040100565
            ],
            [
              0.41170973280013035,
              0.24676931721274686
            ],
            [
              0.40967710025412013,
              0.2501293136107314
            ],
            [
              0.4076170471327577,
              0.25347256831217696
            ],
            [
              0.40552971131985915,
              0.25679885754580706
            ],
            [
              0.4034152325253302,
              0.260107958675881
            ],
            [
              0.40127375227581424,
              0.2633996502170959
            ],
            [
              0.3991054139052215,
              0.2666737118494094
            ],
            [
              0.39691036254513407,
              0.2699299244327872
            ],
            [
              0.3946887451150919,
              0.2731680700218714
            ],
            [
              0.39244071031275995,
              0.2763879318805661
            ],
            [
              0.3903119079882056,
              0.27938448601070354
            ],
            [
              0.4937354213412478,
              0.3346929314667938
            ]
          ]
        ]
      }
    },
    {
      "type": "Feature",
      "properties": {
        "cell_id": "SYN_l_shape_r008_c000",
        "method": "GeoAnnulus-Final",
        "view": "annulus"
      },
      "geometry": {
        "type": "Polygon",
        "coordinates": [
          [
            [
              -0.7482211021789497,
              0.16876769920312343
            ],
            [
              -0.7482211021789498,
              -0.16889242921854697
            ],
            [
              -0.970561913246074,
              -0.2408242881716593
            ],
            [
              -0.9719866448212794,
              -0.23503608720592703
            ],
            [
              -0.9738769792773335,
              -0.22707626303437373
            ],
            [
              -0.9757021300385285,
              -0.21910124015687005
            ],
            [
              -0.9774619749435718,
              -0.2111115523589656
            ],
            [
              -0.9791563962022337,
              -0.20310773440776303
            ],
            [
              -0.9807852804032304,
              -0.1950903220161286
            ],
            [
              -0.9823485185218156,
              -0.1870598518068325
            ],
            [
              -0.9838460059270774,
              -0.1790168612766329
            ],
            [
              -0.9852776423889412,
              -0.17096188876030163
            ],
            [
              -0.986643332084879,
              -0.1628954733945889
            ],
            [
              -0.9879429836063223,
              -0.15481815508214136
            ],
            [
              -0.9891765099647809,
              -0.14673047445536225
            ],
            [
              -0.9903438285976648,
              -0.1386329728402269
            ],
            [
              -0.9914448613738104,
              -0.130526192220052
            ],
            [
              -0.99247953459871,
              -0.12241067519921635
            ],
            [
              -0.9934477790194444,
              -0.11428696496684672
            ],
            [
              -0.994349529829318,
              -0.10615560526045797
            ],
            [
              -0.9951847266721968,
              -0.09801714032956083
            ],
            [
              -0.9959533136465477,
              -0.08987211489923537
            ],
            [
              -0.9966552393091803,
              -0.08172107413366836
            ],
            [
              -0.9972904566786902,
              -0.07356456359966773
            ],
            [
              -0.9978589232386035,
              -0.06540312923014356
            ],
            [
              -0.9983606009402225,
              -0.05723731728756885
            ],
            [
              -0.9987954562051724,
              -0.04906767432741841
            ],
            [
              -0.9991634599276488,
              -0.04089474716158358
            ],
            [
              -0.9994645874763657,
              -0.03271908282177645
            ],
            [
              -0.9996988186962042,
              -0.02454122852291277
            ],
            [
              -0.9998661379095618,
              -0.016361731626486995
            ],
            [
              -0.9999665339174011,
              -0.00818113960393752
            ],
            [
              -1.0,
              -1.2246467991473532e-16
            ],
            [
              -0.9999665339174011,
              0.008181139603936832
            ],
            [
              -0.9998661379095618,
              0.016361731626486308
            ],
            [
              -0.9996988186962042,
              0.02454122852291208
            ],
            [
              -0.9994645874763657,
              0.03271908282177576
            ],
            [
              -0.9991634599276488,
              0.04089474716158289
            ],
            [
              -0.9987954562051724,
              0.049067674327417724
            ],
            [
              -0.9983606009402225,
              0.05723731728756816
            ],
            [
              -0.9978589232386035,
              0.06540312923014287
            ],
            [
              -0.9972904566786902,
              0.07356456359966705
            ],
            [
              -0.9966552393091803,
              0.08172107413366768
            ],
            [
              -0.9959533136465478,
              0.08987211489923469
            ],
            [
              -0.9951847266721969,
              0.09801714032956015
            ],
            [
              -0.9943495298293181,
              0.1061556052604573
            ],
            [
              -0.9934477790194445,
              0.11428696496684604
            ],
            [
              -0.9924795345987101,
              0.12241067519921565
            ],
            [
              -0.9914448613738105,
              0.13052619222005132
            ],
            [
              -0.9903438285976649,
              0.13863297284022622
            ],
            [
              -0.989176509964781,
              0.14673047445536158
            ],
            [
              -0.9879429836063224,
              0.15481815508214067
            ],
            [
              -0.9866433320848791,
              0.1628954733945882
            ],
            [
              -0.9852776423889413,
              0.17096188876030097
            ],
            [
              -0.9838460059270775,
              0.17901686127663224
            ],
            [
              -0.9823485185218157,
              0.1870598518068318
            ],
            [
              -0.9807852804032305,
              0.19509032201612792
            ],
            [
              -0.9791563962022338,
              0.20310773440776236
            ],
            [
              -0.9774619749435719,
              0.21111155235896492
            ],
            [
              -0.9757021300385287,
              0.21910124015686938
            ],
            [
              -0.9738769792773336,
              0.22707626303437303
            ],
            [
              -0.9719866448212795,
              0.23503608720592636
            ],
            [
              -0.9705903502858996,
              0.24070875812779288
            ],
            [
              -0.7482211021789497,
              0.16876769920312343
            ]
          ]
        ]
      }
    },
    {
      "type": "Feature",
      "properties": {
        "cell_id": "SYN_l_shape_r008_c001",
        "method": "GeoAnnulus-Final",
        "view": "annulus"
      },
      "geometry": {
        "type": "Polygon",
        "coordinates": [
          [
            [
              -0.5882983139988635,
              -0.22639842298554516
            ],
            [
              -0.7482211021789495,
              -0.1688924292185469
            ],
            [
              -0.7482211021789495,
              0.16876769920312346
            ],
            [
              -0.5911794376625914,
              0.22523768127139016
            ],
            [
              -0.45021468600858827,
              0.16644398939790236
            ],
            [
              -0.4506030779855104,
              0.16539911157555837
            ],
            [
              -0.45194115128785,
              0.16170712962826544
            ],
            [
              -0.453248975190392,
              0.15800432427265856
            ],
            [
              -0.45452646215765075,
              0.15429094334551732
            ],
            [
              -0.45577352668465765,
              0.15056723539146777
            ],
            [
              -0.4569900853026837,
              0.1468334496463454
            ],
            [
              -0.4581760565848265,
              0.14308983602051495
            ],
            [
              -0.4593313611514603,
              0.1393366450821418
            ],
            [
              -0.460455921675549,
              0.13557412804042177
            ],
            [
              -0.46154966288782173,
              0.13180253672876738
            ],
            [
              -0.46261251158181116,
              0.12802212358795115
            ],
            [
              -0.46364439661875284,
              0.12423314164920976
            ],
            [
              -0.46464524893234693,
              0.12043584451730867
            ],
            [
              -0.46561500153338115,
              0.11663048635356642
            ],
            [
              -0.46655358951421416,
              0.11281732185884465
            ],
            [
              -0.4674609500531201,
              0.10899660625649905
            ],
            [
              -0.46833702241849373,
              0.1051685952752973
            ],
            [
              -0.4691817479729145,
              0.10133354513230315
            ],
            [
              -0.4699950701770722,
              0.09749171251572593
            ],
            [
              -0.47077693459355063,
              0.0936433545677414
            ],
            [
              -0.4715272888904715,
              0.08978872886727926
            ],
            [
              -0.4722460828449972,
              0.08592809341278347
            ],
            [
              -0.4729332683466918,
              0.08206170660494447
            ],
            [
              -0.47358879940074194,
              0.07818982722940233
            ],
            [
              -0.4742126321310347,
              0.07431271443942752
            ],
            [
              -0.4748047247830949,
              0.07043062773857356
            ],
            [
              -0.47536503772687916,
              0.06654382696330859
            ],
            [
              -0.47589353345942903,
              0.06265257226562464
            ],
            [
              -0.4763901766073808,
              0.05875712409562351
            ],
            [
              -0.4768549339293333,
              0.054857743184086094
            ],
            [
              -0.4772877743180727,
              0.0509546905250195
            ],
            [
              -0.4776886688026545,
              0.047048227358188865
            ],
            [
              -0.4780575905503429,
              0.04313861515163265
            ],
            [
              -0.47839451486840656,
              0.03922611558416048
            ],
            [
              -0.4786994192057713,
              0.03531099052784018
            ],
            [
              -0.47897228315452967,
              0.031393502030468576
            ],
            [
              -0.4792130884513068,
              0.027473912298032716
            ],
            [
              -0.47942181897848274,
              0.023552483677160507
            ],
            [
              -0.4795984607652714,
              0.019629478637559785
            ],
            [
              -0.4797430019886555,
              0.015705159754452365
            ],
            [
              -0.47985543297417804,
              0.011779789690997798
            ],
            [
              -0.47993574619658963,
              0.007853631180713428
            ],
            [
              -0.4799839362803525,
              0.003926947009889679
            ],
            [
              -0.48,
              -5.878304635907295e-17
            ],
            [
              -0.4799839362803525,
              -0.00392694700989001
            ],
            [
              -0.47993574619658963,
              -0.007853631180713758
            ],
            [
              -0.47985543297417804,
              -0.011779789690998129
            ],
            [
              -0.4797430019886555,
              -0.015705159754452695
            ],
            [
              -0.4795984607652714,
              -0.019629478637560118
            ],
            [
              -0.47942181897848274,
              -0.023552483677160837
            ],
            [
              -0.4792130884513068,
              -0.027473912298033046
            ],
            [
              -0.47897228315452967,
              -0.03139350203046891
            ],
            [
              -0.4786994192057713,
              -0.03531099052784051
            ],
            [
              -0.47839451486840656,
              -0.03922611558416081
            ],
            [
              -0.47805759055034286,
              -0.043138615151632975
            ],
            [
              -0.4776886688026545,
              -0.04704822735818919
            ],
            [
              -0.4772877743180726,
              -0.05095469052501982
            ],
            [
              -0.47685493392933326,
              -0.05485774318408642
            ],
            [
              -0.47639017660738076,
              -0.05875712409562384
            ],
            [
              -0.475893533459429,
              -0.06265257226562496
            ],
            [
              -0.4753650377268791,
              -0.06654382696330892
            ],
            [
              -0.4748047247830948,
              -0.07043062773857388
            ],
            [
              -0.47421263213103465,
              -0.07431271443942786
            ],
            [
              -0.4735887994007419,
              -0.07818982722940267
            ],
            [
              -0.47293326834669175,
              -0.08206170660494479
            ],
            [
              -0.47224608284499714,
              -0.08592809341278379
            ],
            [
              -0.47152728889047146,
              -0.0897887288672796
            ],
            [
              -0.4707769345935506,
              -0.09364335456774173
            ],
            [
              -0.46999507017707215,
              -0.09749171251572625
            ],
            [
              -0.46918174797291445,
              -0.10133354513230348
            ],
            [
              -0.4683370224184936,
              -0.10516859527529762
            ],
            [
              -0.46746095005312005,
              -0.10899660625649939
            ],
            [
              -0.4665535895142141,
              -0.11281732185884497
            ],
            [
              -0.4656150015333811,
              -0.11663048635356675
            ],
            [
              -0.4646452489323468,
              -0.12043584451730902
            ],
            [
              -0.46364439661875273,
              -0.12423314164921008
            ],
            [
              -0.46261251158181105,
              -0.12802212358795148
            ],
            [
              -0.4615496628878217,
              -0.13180253672876768
            ],
            [
              -0.46045592167554894,
              -0.13557412804042207
            ],
            [
              -0.45933136115146017,
              -0.13933664508214214
            ],
            [
              -0.4581760565848264,
              -0.14308983602051523
            ],
            [
              -0.45699008530268365,
              -0.1468334496463457
            ],
            [
              -0.45577352668465754,
              -0.15056723539146805
            ],
            [
              -0.45452646215765063,
              -0.15429094334551763
            ],
            [
              -0.45324897519039187,
              -0.15800432427265887
            ],
            [
              -0.4519411512878499,
              -0.16170712962826575
            ],
            [
              -0.4506030779855103,
              -0.16539911157555864
            ],
            [
              -0.44945442233168675,
              -0.16848930109930035
            ],
            [
              -0.5882983139988635,
              -0.22639842298554516
            ]
          ]
        ]
      }
    },
    {
      "type": "Feature",
      "properties": {
        "cell_id": "SYN_l_shape_r008_c002",
        "method": "GeoAnnulus-Final",
        "view": "annulus"
      },
      "geometry": {
        "type": "Polygon",
        "coordinates": [
          [
            [
              0.6124851212088693,
              0.1278929810029591
            ],
            [
              0.6124851212088693,
              -0.2513395674459881
            ],
            [
              0.5981698033775431,
              -0.26013120382458993
            ],
            [
              0.4235242888732494,
              -0.22588861616093783
            ],
            [
              0.42515918995741947,
              -0.2227996032194647
            ],
            [
              0.4269677162024909,
              -0.2193138603026019
            ],
            [
              0.42874766457384733,
              -0.21581343823421112
            ],
            [
              0.4304989159356904,
              -0.2122985713051206
            ],
            [
              0.4322213530729745,
              -0.20876949477298418
            ],
            [
              0.4339148606992528,
              -0.20522644484653538
            ],
            [
              0.43557932546439293,
              -0.20166965866977712
            ],
            [
              0.43721463596216437,
              -0.19809937430610944
            ],
            [
              0.4388206827376947,
              -0.1945158307223951
            ],
            [
              0.4403973582947958,
              -0.19091926777296528
            ],
            [
              0.4419445571031589,
              -0.18730992618356543
            ],
            [
              0.4434621756054176,
              -0.1836880475352431
            ],
            [
              0.44495011222407976,
              -0.18005387424817823
            ],
            [
              0.44640826736832584,
              -0.17640764956545768
            ],
            [
              0.4478365434406747,
              -0.1727496175367943
            ],
            [
              0.44923484484351633,
              -0.16908002300219208
            ],
            [
              0.45060307798551036,
              -0.1653991115755586
            ],
            [
              0.45194115128784995,
              -0.1617071296282656
            ],
            [
              0.4532489751903919,
              -0.15800432427265865
            ],
            [
              0.4545264621576507,
              -0.15429094334551752
            ],
            [
              0.4557735266846576,
              -0.1505672353914679
            ],
            [
              0.45699008530268365,
              -0.14683344964634565
            ],
            [
              0.45817605658482646,
              -0.1430898360205151
            ],
            [
              0.4593313611514602,
              -0.1393366450821419
            ],
            [
              0.46045592167554894,
              -0.13557412804042196
            ],
            [
              0.4615496628878217,
              -0.1318025367287675
            ],
            [
              0.4626125115818111,
              -0.1280221235879512
            ],
            [
              0.4636443966187528,
              -0.12423314164920995
            ],
            [
              0.4646452489323469,
              -0.1204358445173088
            ],
            [
              0.4656150015333811,
              -0.11663048635356664
            ],
            [
              0.4665535895142141,
              -0.1128173218588448
            ],
            [
              0.4674609500531201,
              -0.10899660625649914
            ],
            [
              0.4683370224184937,
              -0.10516859527529748
            ],
            [
              0.4691817479729145,
              -0.10133354513230326
            ],
            [
              0.46999507017707215,
              -0.09749171251572616
            ],
            [
              0.4707769345935506,
              -0.09364335456774156
            ],
            [
              0.4715272888904715,
              -0.08978872886727934
            ],
            [
              0.47224608284499714,
              -0.08592809341278368
            ],
            [
              0.47293326834669175,
              -0.08206170660494458
            ],
            [
              0.4735887994007419,
              -0.07818982722940258
            ],
            [
              0.4742126321310347,
              -0.07431271443942769
            ],
            [
              0.4748047247830949,
              -0.07043062773857364
            ],
            [
              0.47536503772687916,
              -0.0665438269633088
            ],
            [
              0.475893533459429,
              -0.06265257226562475
            ],
            [
              0.47639017660738076,
              -0.05875712409562377
            ],
            [
              0.47685493392933326,
              -0.05485774318408626
            ],
            [
              0.4772877743180727,
              -0.05095469052501959
            ],
            [
              0.4776886688026545,
              -0.04704822735818909
            ],
            [
              0.47805759055034286,
              -0.04313861515163278
            ],
            [
              0.47839451486840656,
              -0.03922611558416074
            ],
            [
              0.4786994192057713,
              -0.03531099052784036
            ],
            [
              0.47897228315452967,
              -0.031393502030468666
            ],
            [
              0.4792130884513068,
              -0.027473912298032938
            ],
            [
              0.47942181897848274,
              -0.023552483677160646
            ],
            [
              0.4795984607652714,
              -0.019629478637560052
            ],
            [
              0.4797430019886555,
              -0.015705159754452545
            ],
            [
              0.47985543297417804,
              -0.011779789690997898
            ],
            [
              0.47993574619658963,
              -0.007853631180713654
            ],
            [
              0.4799839362803525,
              -0.003926947009889822
            ],
            [
              0.48,
              0.0
            ],
            [
              0.4799839362803525,
              0.003926947009890068
            ],
            [
              0.47993574619658963,
              0.00785363118071403
            ],
            [
              0.479855432974178,
              0.011779789690998401
            ],
            [
              0.4797430019886555,
              0.015705159754452754
            ],
            [
              0.4795984607652714,
              0.01962947863756039
            ],
            [
              0.4794218189784827,
              0.02355248367716111
            ],
            [
              0.4792130884513068,
              0.027473912298033105
            ],
            [
              0.47897228315452967,
              0.031393502030468964
            ],
            [
              0.47869941920577125,
              0.035310990527840785
            ],
            [
              0.47839451486840656,
              0.03922611558416087
            ],
            [
              0.47805759055034286,
              0.04313861515163304
            ],
            [
              0.4776886688026545,
              0.04704822735818947
            ],
            [
              0.4772877743180726,
              0.0509546905250201
            ],
            [
              0.47685493392933326,
              0.05485774318408648
            ],
            [
              0.4763901766073807,
              0.058757124095624114
            ],
            [
              0.4758935334594289,
              0.06265257226562523
            ],
            [
              0.4753650377268791,
              0.06654382696330896
            ],
            [
              0.4748047247830948,
              0.07043062773857395
            ],
            [
              0.47421263213103465,
              0.07431271443942812
            ],
            [
              0.4735887994007419,
              0.07818982722940272
            ],
            [
              0.4729332683466917,
              0.08206170660494484
            ],
            [
              0.4722460828449971,
              0.08592809341278407
            ],
            [
              0.4715272888904714,
              0.08978872886727986
            ],
            [
              0.4707769345935505,
              0.09364335456774178
            ],
            [
              0.4699950701770721,
              0.09749171251572651
            ],
            [
              0.4691817479729144,
              0.10133354513230375
            ],
            [
              0.4683370224184936,
              0.10516859527529768
            ],
            [
              0.46746095005312005,
              0.10899660625649944
            ],
            [
              0.467194047667388,
              0.1101204793650867
            ],
            [
              0.6124851212088693,
              0.1278929810029591
            ]
          ]
        ]
      }
    },
    {
      "type": "Feature",
      "properties": {
        "cell_id": "SYN_l_shape_r008_c003",
        "method": "GeoAnnulus-Final",
        "view": "annulus"
      },
      "geometry": {
        "type": "Polygon",
        "coordinates": [
          [
            [
              0.6124851212088693,
              -0.2513395674459883
            ],
            [
              0.6124851212088693,
              0.12789298100295912
            ],
            [
              0.6250378611189686,
              0.13434610627433088
            ],
            [
              0.6364107649327355,
              0.13174092274399732
            ],
            [
              0.759637032177536,
              0.08980098982534578
            ],
            [
              0.7811919973902327,
              0.07736481622830498
            ],
            [
              0.7811919973902326,
              -0.19067493871771513
            ],
            [
              0.6124851212088693,
              -0.2513395674459883
            ]
          ]
        ]
      }
    },
    {
      "type": "Feature",
      "properties": {
        "cell_id": "SYN_l_shape_r008_c004",
        "method": "GeoAnnulus-Final",
        "view": "annulus"
      },
      "geometry": {
        "type": "Polygon",
        "coordinates": [
          [
            [
              0.7811919973902327,
              -0.19067493871771507
            ],
            [
              0.7811919973902328,
              0.07736481622830488
            ],
            [
              0.8094074926438822,
              0.08660662535988999
            ],
            [
              0.8775370973806161,
              0.0960679775839853
            ],
            [
              0.9966115938517495,
              0.08222790259384505
            ],
            [
              0.9966552393091803,
              0.08172107413366848
            ],
            [
              0.9972904566786901,
              0.0735645635996683
            ],
            [
              0.9978589232386035,
              0.06540312923014367
            ],
            [
              0.9983606009402225,
              0.05723731728756897
            ],
            [
              0.9987954562051723,
              0.04906767432741898
            ],
            [
              0.9991634599276488,
              0.040894747161584144
            ],
            [
              0.9994645874763657,
              0.032719082821776574
            ],
            [
              0.9996988186962041,
              0.024541228522913336
            ],
            [
              0.9998661379095618,
              0.016361731626487564
            ],
            [
              0.9999665339174011,
              0.008181139603937642
            ],
            [
              1.0,
              0.0
            ],
            [
              0.9999665339174011,
              -0.008181139603937128
            ],
            [
              0.9998661379095618,
              -0.01636173162648678
            ],
            [
              0.9996988186962042,
              -0.024541228522912288
            ],
            [
              0.9994645874763657,
              -0.03271908282177614
            ],
            [
              0.9991634599276488,
              -0.04089474716158344
            ],
            [
              0.9987954562051724,
              -0.049067674327418015
            ],
            [
              0.9983606009402225,
              -0.057237317287568625
            ],
            [
              0.9978589232386035,
              -0.06540312923014306
            ],
            [
              0.9972904566786902,
              -0.07356456359966743
            ],
            [
              0.9966552393091803,
              -0.0817210741336682
            ],
            [
              0.9959533136465477,
              -0.08987211489923497
            ],
            [
              0.9951847266721969,
              -0.0980171403295606
            ],
            [
              0.9943495298293181,
              -0.10615560526045748
            ],
            [
              0.9934477790194444,
              -0.11428696496684639
            ],
            [
              0.99247953459871,
              -0.12241067519921618
            ],
            [
              0.9914448613738104,
              -0.13052619222005157
            ],
            [
              0.9903438285976649,
              -0.13863297284022666
            ],
            [
              0.989176509964781,
              -0.14673047445536175
            ],
            [
              0.9879429836063224,
              -0.15481815508214103
            ],
            [
              0.986643332084879,
              -0.1628954733945887
            ],
            [
              0.9852776423889412,
              -0.17096188876030122
            ],
            [
              0.9838460059270774,
              -0.17901686127663266
            ],
            [
              0.9823485185218157,
              -0.18705985180683196
            ],
            [
              0.9807852804032304,
              -0.19509032201612825
            ],
            [
              0.9791563962022337,
              -0.20310773440776286
            ],
            [
              0.9774619749435719,
              -0.21111155235896514
            ],
            [
              0.9757021300385286,
              -0.21910124015686977
            ],
            [
              0.9738769792773336,
              -0.2270762630343732
            ],
            [
              0.9719866448212794,
              -0.23503608720592667
            ],
            [
              0.970031253194544,
              -0.24298017990326384
            ],
            [
              0.9680109352757227,
              -0.25090800941106
            ],
            [
              0.9679607295437068,
              -0.25109849314137617
            ],
            [
              0.7811919973902327,
              -0.19067493871771507
            ]
          ]
        ]
      }
    },
    {
      "type": "Feature",
      "properties": {
        "cell_id": "SYN_l_shape_r009_c000",
        "method": "GeoAnnulus-Final",
        "view": "annulus"
      },
      "geometry": {
        "type": "Polygon",
        "coordinates": [
          [
            [
              -0.7482211021789498,
              -0.16889242921854697
            ],
            [
              -0.5882983139988636,
              -0.22639842298554524
            ],
            [
              -0.6215625868356582,
              -0.4104923548020465
            ],
            [
              -0.8280210319973829,
              -0.5606859723542899
            ],
            [
              -0.831469612302545,
              -0.5555702330196025
            ],
            [
              -0.8359869839079465,
              -0.5487492712856163
            ],
            [
              -0.8404484010944379,
              -0.541891580574752
            ],
            [
              -0.8448535652497069,
              -0.5349976198870976
            ],
            [
              -0.8492021815265788,
              -0.5280678506503681
            ],
            [
              -0.8534939588627503,
              -0.5211027366890236
            ],
            [
              -0.8577286100002718,
              -0.5141027441932221
            ],
            [
              -0.8619058515047742,
              -0.5070683416876173
            ],
            [
              -0.8660254037844385,
              -0.5000000000000003
            ],
            [
              -0.8700869911087113,
              -0.49289819222978415
            ],
            [
              -0.8740903416267587,
              -0.4857633937163403
            ],
            [
              -0.8780351873856626,
              -0.47859608200718123
            ],
            [
              -0.8819212643483549,
              -0.47139673682599786
            ],
            [
              -0.8857483124112904,
              -0.4641658400405519
            ],
            [
              -0.889516075421856,
              -0.4569038756304208
            ],
            [
              -0.8932243011955152,
              -0.4496113296546069
            ],
            [
              -0.8968727415326881,
              -0.4422886902190017
            ],
            [
              -0.9004611522353635,
              -0.4349364474437173
            ],
            [
              -0.9039892931234431,
              -0.4275550934302824
            ],
            [
              -0.9074569280508186,
              -0.42014512222870254
            ],
            [
              -0.9108638249211757,
              -0.412707029804395
            ],
            [
              -0.9142097557035305,
              -0.4052413140049903
            ],
            [
              -0.9174944964474913,
              -0.39774847452701123
            ],
            [
              -0.9207178272982475,
              -0.3902290128824284
            ],
            [
              -0.9238795325112867,
              -0.3826834323650899
            ],
            [
              -0.9269794004668328,
              -0.37511223801703825
            ],
            [
              -0.930017223684012,
              -0.367515936594704
            ],
            [
              -0.9329927988347388,
              -0.35989503653498833
            ],
            [
              -0.9359059267573255,
              -0.3522500479212339
            ],
            [
              -0.9387564124698131,
              -0.34458148244908055
            ],
            [
              -0.9415440651830207,
              -0.33688985339222033
            ],
            [
              -0.9442686983133164,
              -0.32917567556803934
            ],
            [
              -0.9469301294951056,
              -0.32143946530316175
            ],
            [
              -0.9495281805930366,
              -0.3136817403988918
            ],
            [
              -0.9520626777139243,
              -0.30590302009655357
            ],
            [
              -0.9545334512183884,
              -0.2981038250427401
            ],
            [
              -0.9569403357322087,
              -0.2902846772544628
            ],
            [
              -0.9592831701573936,
              -0.28244610008421267
            ],
            [
              -0.9615617976829619,
              -0.2745886181849327
            ],
            [
              -0.9637760657954397,
              -0.2667127574748989
            ],
            [
              -0.9659258262890682,
              -0.258819045102521
            ],
            [
              -0.9680109352757226,
              -0.25090800941106045
            ],
            [
              -0.970031253194544,
              -0.24298017990326407
            ],
            [
              -0.970561913246074,
              -0.2408242881716593
            ],
            [
              -0.7482211021789498,
              -0.16889242921854697
            ]
          ]
        ]
      }
    },
    {
      "type": "Feature",
      "properties": {
        "cell_id": "SYN_l_shape_r009_c001",
        "method": "GeoAnnulus-Final",
        "view": "annulus"
      },
      "geometry": {
        "type": "Polygon",
        "coordinates": [
          [
            [
              -0.4192457323575644,
              -0.5563560045348614
            ],
            [
              -0.48162957860960665,
              -0.5490635446112573
            ],
            [
              -0.6215625868356582,
              -0.41049235480204666
            ],
            [
              -0.5882983139988635,
              -0.22639842298554516
            ],
            [
              -0.44945442233168675,
              -0.16848930109930035
            ],
            [
              -0.4492348448435162,
              -0.16908002300219224
            ],
            [
              -0.44783654344067464,
              -0.17274961753679438
            ],
            [
              -0.44640826736832573,
              -0.1764076495654579
            ],
            [
              -0.4449501122240797,
              -0.18005387424817834
            ],
            [
              -0.4434621756054176,
              -0.18368804753524315
            ],
            [
              -0.4419445571031588,
              -0.18730992618356562
            ],
            [
              -0.4403973582947958,
              -0.1909192677729654
            ],
            [
              -0.4388206827376946,
              -0.19451583072239534
            ],
            [
              -0.4372146359621643,
              -0.1980993743061096
            ],
            [
              -0.4355793254643929,
              -0.2016696586697772
            ],
            [
              -0.43391486069925267,
              -0.20522644484653554
            ],
            [
              -0.43222135307297443,
              -0.2087694947729843
            ],
            [
              -0.4304989159356903,
              -0.2122985713051208
            ],
            [
              -0.4287476645738473,
              -0.21581343823421129
            ],
            [
              -0.42696771620249085,
              -0.21931386030260197
            ],
            [
              -0.42515918995741936,
              -0.2227996032194649
            ],
            [
              -0.42332220688721034,
              -0.22627043367647898
            ],
            [
              -0.421456889945118,
              -0.22972611936344697
            ],
            [
              -0.41956336398084415,
              -0.23316642898384335
            ],
            [
              -0.41764175573218143,
              -0.23659113227029638
            ],
            [
              -0.41569219381653044,
              -0.24000000000000016
            ],
            [
              -0.4137148087222916,
              -0.24339280401005628
            ],
            [
              -0.41170973280013046,
              -0.24676931721274661
            ],
            [
              -0.40967710025412013,
              -0.2501293136107313
            ],
            [
              -0.4076170471327578,
              -0.2534725683121767
            ],
            [
              -0.4055297113198593,
              -0.25679885754580684
            ],
            [
              -0.4034152325253302,
              -0.26010795867588093
            ],
            [
              -0.4012737522758143,
              -0.2633996502170958
            ],
            [
              -0.3991054139052216,
              -0.2666737118494092
            ],
            [
              -0.3969103625451341,
              -0.2699299244327871
            ],
            [
              -0.39468874511509194,
              -0.2731680700218713
            ],
            [
              -0.3924407103127601,
              -0.2763879318805658
            ],
            [
              -0.3901664086039752,
              -0.279589294496545
            ],
            [
              -0.387865992212675,
              -0.28277194359567764
            ],
            [
              -0.3855396151107095,
              -0.28593566615636806
            ],
            [
              -0.383187433007535,
              -0.2890802504238155
            ],
            [
              -0.3808096033397928,
              -0.292205485924186
            ],
            [
              -0.37840628526077097,
              -0.2953111634787009
            ],
            [
              -0.37597763962975206,
              -0.29839707521763725
            ],
            [
              -0.37352382900124687,
              -0.30146301459424046
            ],
            [
              -0.37104501761411357,
              -0.30450877639855
            ],
            [
              -0.3685413713805657,
              -0.30753415677113327
            ],
            [
              -0.36601305787506627,
              -0.31053895321673153
            ],
            [
              -0.36346024632311247,
              -0.313522964617813
            ],
            [
              -0.3608831075899091,
              -0.31648599124803306
            ],
            [
              -0.35828181416893123,
              -0.3194278347856044
            ],
            [
              -0.35565654017038023,
              -0.3223482983265689
            ],
            [
              -0.3530074613095289,
              -0.3252471863979786
            ],
            [
              -0.35033475489496096,
              -0.32812430497097833
            ],
            [
              -0.34763859981670403,
              -0.33097946147379215
            ],
            [
              -0.3449191765342549,
              -0.33381246480461374
            ],
            [
              -0.3421766670645022,
              -0.33662312534439576
            ],
            [
              -0.3394112549695428,
              -0.33941125496954283
            ],
            [
              -0.33662312534439554,
              -0.34217666706450245
            ],
            [
              -0.3338124648046135,
              -0.34491917653425513
            ],
            [
              -0.330979461473792,
              -0.34763859981670425
            ],
            [
              -0.3281243049709781,
              -0.3503347548949612
            ],
            [
              -0.32524718639797856,
              -0.353007461309529
            ],
            [
              -0.3223482983265687,
              -0.35565654017038045
            ],
            [
              -0.3194278347856042,
              -0.35828181416893146
            ],
            [
              -0.3164859912480329,
              -0.36088310758990927
            ],
            [
              -0.3135229646178127,
              -0.3634602463231127
            ],
            [
              -0.3105389532167315,
              -0.3660130578750663
            ],
            [
              -0.30753415677113305,
              -0.3685413713805658
            ],
            [
              -0.3045087763985498,
              -0.3710450176141138
            ],
            [
              -0.30146301459424024,
              -0.3735238290012471
            ],
            [
              -0.30085118486710444,
              -0.3740135041392286
            ],
            [
              -0.4192457323575644,
              -0.5563560045348614
            ]
          ]
        ]
      }
    },
    {
      "type": "Feature",
      "properties": {
        "cell_id": "SYN_l_shape_r009_c002",
        "method": "GeoAnnulus-Final",
        "view": "annulus"
      },
      "geometry": {
        "type": "Polygon",
        "coordinates": [
          [
            [
              0.11892297741149291,
              -0.5371494047242369
            ],
            [
              -0.11270263344766554,
              -0.537149404724237
            ],
            [
              -0.14338381611858703,
              -0.4580829241228039
            ],
            [
              -0.14308983602051503,
              -0.45817605658482646
            ],
            [
              -0.13933664508214183,
              -0.4593313611514603
            ],
            [
              -0.13557412804042188,
              -0.460455921675549
            ],
            [
              -0.1318025367287674,
              -0.46154966288782173
            ],
            [
              -0.12802212358795118,
              -0.4626125115818111
            ],
            [
              -0.1242331416492099,
              -0.4636443966187528
            ],
            [
              -0.12043584451730872,
              -0.46464524893234693
            ],
            [
              -0.11663048635356654,
              -0.46561500153338115
            ],
            [
              -0.11281732185884467,
              -0.46655358951421416
            ],
            [
              -0.1089966062564991,
              -0.4674609500531201
            ],
            [
              -0.10516859527529743,
              -0.4683370224184937
            ],
            [
              -0.10133354513230318,
              -0.4691817479729145
            ],
            [
              -0.09749171251572607,
              -0.46999507017707215
            ],
            [
              -0.09364335456774142,
              -0.47077693459355063
            ],
            [
              -0.0897887288672793,
              -0.4715272888904715
            ],
            [
              -0.08592809341278361,
              -0.4722460828449972
            ],
            [
              -0.08206170660494448,
              -0.4729332683466918
            ],
            [
              -0.07818982722940247,
              -0.47358879940074194
            ],
            [
              -0.07431271443942755,
              -0.4742126321310347
            ],
            [
              -0.07043062773857359,
              -0.4748047247830949
            ],
            [
              -0.06654382696330872,
              -0.47536503772687916
            ],
            [
              -0.06265257226562466,
              -0.47589353345942903
            ],
            [
              -0.05875712409562365,
              -0.4763901766073808
            ],
            [
              -0.05485774318408623,
              -0.47685493392933326
            ],
            [
              -0.050954690525019525,
              -0.4772877743180727
            ],
            [
              -0.047048227358189004,
              -0.4776886688026545
            ],
            [
              -0.04313861515163268,
              -0.47805759055034286
            ],
            [
              -0.039226115584160615,
              -0.47839451486840656
            ],
            [
              -0.035310990527840314,
              -0.4786994192057713
            ],
            [
              -0.031393502030468604,
              -0.47897228315452967
            ],
            [
              -0.02747391229803285,
              -0.4792130884513068
            ],
            [
              -0.023552483677160535,
              -0.47942181897848274
            ],
            [
              -0.019629478637559924,
              -0.4795984607652714
            ],
            [
              -0.015705159754452497,
              -0.4797430019886555
            ],
            [
              -0.011779789690997827,
              -0.47985543297417804
            ],
            [
              -0.007853631180713562,
              -0.47993574619658963
            ],
            [
              -0.003926947009889708,
              -0.4799839362803525
            ],
            [
              2.9391523179536474e-17,
              -0.48
            ],
            [
              0.003926947009889873,
              -0.4799839362803525
            ],
            [
              0.007853631180713729,
              -0.47993574619658963
            ],
            [
              0.011779789690997992,
              -0.47985543297417804
            ],
            [
              0.015705159754452663,
              -0.4797430019886555
            ],
            [
              0.01962947863756009,
              -0.4795984607652714
            ],
            [
              0.023552483677160698,
              -0.47942181897848274
            ],
            [
              0.027473912298033015,
              -0.4792130884513068
            ],
            [
              0.03139350203046877,
              -0.47897228315452967
            ],
            [
              0.03531099052784048,
              -0.4786994192057713
            ],
            [
              0.03922611558416078,
              -0.47839451486840656
            ],
            [
              0.04313861515163284,
              -0.47805759055034286
            ],
            [
              0.04704822735818917,
              -0.4776886688026545
            ],
            [
              0.05095469052501969,
              -0.4772877743180726
            ],
            [
              0.0548577431840864,
              -0.47685493392933326
            ],
            [
              0.05875712409562381,
              -0.47639017660738076
            ],
            [
              0.06265257226562482,
              -0.475893533459429
            ],
            [
              0.06654382696330889,
              -0.4753650377268791
            ],
            [
              0.07043062773857374,
              -0.4748047247830948
            ],
            [
              0.07431271443942772,
              -0.4742126321310347
            ],
            [
              0.07818982722940263,
              -0.4735887994007419
            ],
            [
              0.08206170660494465,
              -0.47293326834669175
            ],
            [
              0.08592809341278376,
              -0.47224608284499714
            ],
            [
              0.08978872886727945,
              -0.47152728889047146
            ],
            [
              0.0936433545677416,
              -0.4707769345935506
            ],
            [
              0.09749171251572622,
              -0.46999507017707215
            ],
            [
              0.10133354513230335,
              -0.46918174797291445
            ],
            [
              0.1051685952752976,
              -0.4683370224184936
            ],
            [
              0.10899660625649925,
              -0.4674609500531201
            ],
            [
              0.11281732185884484,
              -0.4665535895142141
            ],
            [
              0.11663048635356671,
              -0.4656150015333811
            ],
            [
              0.12043584451730888,
              -0.4646452489323469
            ],
            [
              0.12423314164921005,
              -0.46364439661875273
            ],
            [
              0.12802212358795134,
              -0.4626125115818111
            ],
            [
              0.13180253672876754,
              -0.4615496628878217
            ],
            [
              0.13557412804042204,
              -0.46045592167554894
            ],
            [
              0.13576385611977373,
              -0.460399214767385
            ],
            [
              0.11892297741149291,
              -0.5371494047242369
            ]
          ]
        ]
      }
    },
    {
      "type": "Feature",
      "properties": {
        "cell_id": "SYN_l_shape_r009_c003",
        "method": "GeoAnnulus-Final",
        "view": "annulus"
      },
      "geometry": {
        "type": "Polygon",
        "coordinates": [
          [
            [
              0.5981698033775433,
              -0.26013120382459004
            ],
            [
              0.6263959140568106,
              -0.41634251559228097
            ],
            [
              0.48614086550033353,
              -0.5552326116575589
            ],
            [
              0.4484538350375285,
              -0.5596380976255013
            ],
            [
              0.31031835091014015,
              -0.366198678365904
            ],
            [
              0.3105389532167316,
              -0.36601305787506627
            ],
            [
              0.31352296461781287,
              -0.3634602463231125
            ],
            [
              0.31648599124803306,
              -0.36088310758990916
            ],
            [
              0.31942783478560427,
              -0.3582818141689314
            ],
            [
              0.32234829832656886,
              -0.3556565401703803
            ],
            [
              0.3252471863979786,
              -0.3530074613095289
            ],
            [
              0.3281243049709782,
              -0.3503347548949611
            ],
            [
              0.33097946147379215,
              -0.3476385998167041
            ],
            [
              0.3338124648046136,
              -0.3449191765342551
            ],
            [
              0.3366231253443957,
              -0.3421766670645023
            ],
            [
              0.33941125496954283,
              -0.3394112549695428
            ],
            [
              0.3421766670645024,
              -0.33662312534439565
            ],
            [
              0.34491917653425513,
              -0.3338124648046135
            ],
            [
              0.34763859981670414,
              -0.3309794614737921
            ],
            [
              0.35033475489496113,
              -0.3281243049709781
            ],
            [
              0.353007461309529,
              -0.32524718639797856
            ],
            [
              0.3556565401703804,
              -0.3223482983265688
            ],
            [
              0.3582818141689314,
              -0.3194278347856042
            ],
            [
              0.36088310758990916,
              -0.31648599124803306
            ],
            [
              0.36346024632311263,
              -0.31352296461781276
            ],
            [
              0.3660130578750663,
              -0.3105389532167315
            ],
            [
              0.36854137138056575,
              -0.30753415677113316
            ],
            [
              0.37104501761411374,
              -0.30450877639854984
            ],
            [
              0.373523829001247,
              -0.3014630145942404
            ],
            [
              0.3759776396297522,
              -0.2983970752176371
            ],
            [
              0.37840628526077097,
              -0.29531116347870084
            ],
            [
              0.3808096033397929,
              -0.2922054859241858
            ],
            [
              0.3831874330075351,
              -0.2890802504238153
            ],
            [
              0.38553961511070955,
              -0.28593566615636795
            ],
            [
              0.3878659922126751,
              -0.2827719435956775
            ],
            [
              0.3901664086039753,
              -0.27958929449654496
            ],
            [
              0.3924407103127602,
              -0.2763879318805657
            ],
            [
              0.39468874511509205,
              -0.27316807002187116
            ],
            [
              0.3969103625451342,
              -0.26992992443278707
            ],
            [
              0.3991054139052217,
              -0.266673711849409
            ],
            [
              0.4012737522758144,
              -0.26339965021709555
            ],
            [
              0.40341523252533024,
              -0.26010795867588077
            ],
            [
              0.4055297113198594,
              -0.2567988575458066
            ],
            [
              0.4076170471327579,
              -0.25347256831217657
            ],
            [
              0.40967710025412024,
              -0.2501293136107312
            ],
            [
              0.4117097328001306,
              -0.2467693172127464
            ],
            [
              0.41371480872229166,
              -0.24339280401005617
            ],
            [
              0.41569219381653055,
              -0.23999999999999996
            ],
            [
              0.4176417557321815,
              -0.23659113227029627
            ],
            [
              0.41956336398084426,
              -0.2331664289838432
            ],
            [
              0.4214568899451181,
              -0.22972611936344678
            ],
            [
              0.4233222068872104,
              -0.22627043367647884
            ],
            [
              0.4235242888732494,
              -0.22588861616093786
            ],
            [
              0.5981698033775433,
              -0.26013120382459004
            ]
          ]
        ]
      }
    },
    {
      "type": "Feature",
      "properties": {
        "cell_id": "SYN_l_shape_r009_c004",
        "method": "GeoAnnulus-Final",
        "view": "annulus"
      },
      "geometry": {
        "type": "Polygon",
        "coordinates": [
          [
            [
              0.6263959140568105,
              -0.4163425155922812
            ],
            [
              0.5981698033775432,
              -0.26013120382459
            ],
            [
              0.6124851212088696,
              -0.2513395674459882
            ],
            [
              0.7811919973902324,
              -0.19067493871771504
            ],
            [
              0.9679607295437067,
              -0.2510984931413763
            ],
            [
              0.9659258262890683,
              -0.25881904510252074
            ],
            [
              0.9637760657954398,
              -0.26671275747489837
            ],
            [
              0.9615617976829619,
              -0.2745886181849323
            ],
            [
              0.9592831701573936,
              -0.28244610008421245
            ],
            [
              0.9569403357322088,
              -0.29028467725446233
            ],
            [
              0.9545334512183885,
              -0.2981038250427398
            ],
            [
              0.9520626777139243,
              -0.30590302009655346
            ],
            [
              0.9495281805930367,
              -0.31368174039889146
            ],
            [
              0.9469301294951057,
              -0.32143946530316153
            ],
            [
              0.9442686983133165,
              -0.32917567556803884
            ],
            [
              0.9415440651830208,
              -0.33688985339222005
            ],
            [
              0.9387564124698132,
              -0.34458148244908043
            ],
            [
              0.9359059267573258,
              -0.3522500479212335
            ],
            [
              0.932992798834739,
              -0.3598950365349881
            ],
            [
              0.9300172236840122,
              -0.3675159365947035
            ],
            [
              0.9269794004668329,
              -0.37511223801703797
            ],
            [
              0.9238795325112867,
              -0.3826834323650898
            ],
            [
              0.9207178272982477,
              -0.390229012882428
            ],
            [
              0.9174944964474914,
              -0.397748474527011
            ],
            [
              0.9142097557035307,
              -0.4052413140049898
            ],
            [
              0.9108638249211758,
              -0.41270702980439467
            ],
            [
              0.9074569280508187,
              -0.4201451222287024
            ],
            [
              0.9039892931234433,
              -0.42755509343028203
            ],
            [
              0.9004611522353636,
              -0.43493644744371707
            ],
            [
              0.8968727415326884,
              -0.44228869021900125
            ],
            [
              0.8932243011955153,
              -0.44961132965460654
            ],
            [
              0.8895160754218561,
              -0.4569038756304206
            ],
            [
              0.8857483124112906,
              -0.4641658400405515
            ],
            [
              0.881921264348355,
              -0.4713967368259976
            ],
            [
              0.8780351873856628,
              -0.4785960820071808
            ],
            [
              0.8740903416267589,
              -0.48576339371634003
            ],
            [
              0.8700869911087115,
              -0.4928981922297839
            ],
            [
              0.8660254037844387,
              -0.49999999999999994
            ],
            [
              0.8619058515047743,
              -0.507068341687617
            ],
            [
              0.8577286100002721,
              -0.5141027441932217
            ],
            [
              0.8534939588627505,
              -0.5211027366890234
            ],
            [
              0.849202181526579,
              -0.5280678506503679
            ],
            [
              0.8448535652497071,
              -0.5349976198870972
            ],
            [
              0.8404484010944381,
              -0.5418915805747516
            ],
            [
              0.8359869839079467,
              -0.5487492712856158
            ],
            [
              0.8314696123025452,
              -0.5555702330196022
            ],
            [
              0.8269653443848735,
              -0.562252014657661
            ],
            [
              0.6263959140568105,
              -0.4163425155922812
            ]
          ]
        ]
      }
    },
    {
      "type": "Feature",
      "properties": {
        "cell_id": "SYN_l_shape_r010_c000",
        "method": "GeoAnnulus-Final",
        "view": "annulus"
      },
      "geometry": {
        "type": "Polygon",
        "coordinates": [
          [
            [
              -0.6215625868356581,
              -0.41049235480204654
            ],
            [
              -0.4816295786096062,
              -0.5490635446112573
            ],
            [
              -0.6516778155728126,
              -0.7584878373197333
            ],
            [
              -0.6531728429537765,
              -0.7572088465064848
            ],
            [
              -0.6593458151000685,
              -0.7518398074789777
            ],
            [
              -0.6654746558033421,
              -0.7464204461852739
            ],
            [
              -0.6715589548470181,
              -0.7409511253549593
            ],
            [
              -0.6775983049957887,
              -0.7354322110615187
            ],
            [
              -0.6835923020228711,
              -0.7298640726978358
            ],
            [
              -0.6895405447370666,
              -0.7242470829514672
            ],
            [
              -0.6954426350096116,
              -0.7185816177796982
            ],
            [
              -0.701298177800824,
              -0.7128680563843801
            ],
            [
              -0.7071067811865475,
              -0.7071067811865476
            ],
            [
              -0.7128680563843797,
              -0.7012981778008245
            ],
            [
              -0.7185816177796978,
              -0.695442635009612
            ],
            [
              -0.7242470829514668,
              -0.689540544737067
            ],
            [
              -0.7298640726978354,
              -0.6835923020228716
            ],
            [
              -0.7354322110615186,
              -0.6775983049957888
            ],
            [
              -0.7409511253549589,
              -0.6715589548470186
            ],
            [
              -0.7464204461852735,
              -0.6654746558033425
            ],
            [
              -0.7518398074789773,
              -0.659345815100069
            ],
            [
              -0.7572088465064843,
              -0.6531728429537771
            ],
            [
              -0.7625272039063881,
              -0.6469561525348574
            ],
            [
              -0.7677945237095118,
              -0.640696159939861
            ],
            [
              -0.7730104533627367,
              -0.6343932841636458
            ],
            [
              -0.7781746437525977,
              -0.6280479470713344
            ],
            [
              -0.7832867492286502,
              -0.6216605733700776
            ],
            [
              -0.7883464276266062,
              -0.6152315905806269
            ],
            [
              -0.793353340291235,
              -0.6087614290087209
            ],
            [
              -0.7983071520990312,
              -0.6022505217162823
            ],
            [
              -0.8032075314806448,
              -0.5956993044924335
            ],
            [
              -0.8080541504430729,
              -0.5891082158243285
            ],
            [
              -0.8128466845916151,
              -0.5824776968678022
            ],
            [
              -0.8175848131515836,
              -0.5758081914178454
            ],
            [
              -0.8222682189897749,
              -0.5691001458788986
            ],
            [
              -0.8268965886356962,
              -0.5623540092349733
            ],
            [
              -0.8280210319973829,
              -0.56068597235429
            ],
            [
              -0.6215625868356581,
              -0.41049235480204654
            ]
          ]
        ]
      }
    },
    {
      "type": "Feature",
      "properties": {
        "cell_id": "SYN_l_shape_r010_c001",
        "method": "GeoAnnulus-Final",
        "view": "annulus"
      },
      "geometry": {
        "type": "Polygon",
        "coordinates": [
          [
            [
              -0.3959397772326009,
              -0.6228230252573483
            ],
            [
              -0.4058365505438204,
              -0.5798665616653006
            ],
            [
              -0.25190833103125926,
              -0.58955019230914
            ],
            [
              -0.1866090397426614,
              -0.6881035451731266
            ],
            [
              -0.2333440249871543,
              -0.7413985842271416
            ],
            [
              -0.3192088463380891,
              -0.7246341034727397
            ],
            [
              -0.3959397772326009,
              -0.6228230252573483
            ]
          ]
        ]
      }
    },
    {
      "type": "Feature",
      "properties": {
        "cell_id": "SYN_l_shape_r010_c002",
        "method": "GeoAnnulus-Final",
        "view": "annulus"
      },
      "geometry": {
        "type": "Polygon",
        "coordinates": [
          [
            [
              -0.1127026334476657,
              -0.5371494047242364
            ],
            [
              0.11892297741149296,
              -0.5371494047242364
            ],
            [
              0.11479782631188185,
              -0.604767399326235
            ],
            [
              -0.09840773854502945,
              -0.6047673993262351
            ],
            [
              -0.1127026334476657,
              -0.5371494047242364
            ]
          ]
        ]
      }
    },
    {
      "type": "Feature",
      "properties": {
        "cell_id": "SYN_l_shape_r010_c003",
        "method": "GeoAnnulus-Final",
        "view": "annulus"
      },
      "geometry": {
        "type": "Polygon",
        "coordinates": [
          [
            [
              0.4484538350375288,
              -0.5596380976255012
            ],
            [
              0.36871729450371027,
              -0.6601978818781867
            ],
            [
              0.32784445704459003,
              -0.6804354147855023
            ],
            [
              0.3148893798102812,
              -0.6828641553295514
            ],
            [
              0.2115194686624078,
              -0.43087917272903126
            ],
            [
              0.2122985713051207,
              -0.43049891593569034
            ],
            [
              0.21581343823421115,
              -0.42874766457384733
            ],
            [
              0.21931386030260194,
              -0.42696771620249085
            ],
            [
              0.2227996032194648,
              -0.4251591899574194
            ],
            [
              0.22627043367647895,
              -0.42332220688721034
            ],
            [
              0.2297261193634469,
              -0.42145688994511804
            ],
            [
              0.23316642898384324,
              -0.4195633639808442
            ],
            [
              0.23659113227029635,
              -0.41764175573218143
            ],
            [
              0.24000000000000005,
              -0.4156921938165305
            ],
            [
              0.24339280401005622,
              -0.4137148087222916
            ],
            [
              0.2467693172127465,
              -0.41170973280013057
            ],
            [
              0.2501293136107312,
              -0.4096771002541202
            ],
            [
              0.2534725683121767,
              -0.40761704713275787
            ],
            [
              0.25679885754580667,
              -0.4055297113198593
            ],
            [
              0.2601079586758808,
              -0.40341523252533024
            ],
            [
              0.26339965021709566,
              -0.4012737522758144
            ],
            [
              0.26667371184940913,
              -0.39910541390522164
            ],
            [
              0.26992992443278707,
              -0.3969103625451341
            ],
            [
              0.2731680700218712,
              -0.394688745115092
            ],
            [
              0.27638793188056576,
              -0.3924407103127602
            ],
            [
              0.27958929449654507,
              -0.3901664086039752
            ],
            [
              0.2827719435956776,
              -0.38786599221267504
            ],
            [
              0.28593566615636806,
              -0.3855396151107095
            ],
            [
              0.2890802504238154,
              -0.38318743300753505
            ],
            [
              0.2922054859241859,
              -0.38080960333979286
            ],
            [
              0.2953111634787009,
              -0.37840628526077097
            ],
            [
              0.29839707521763714,
              -0.37597763962975217
            ],
            [
              0.30146301459424046,
              -0.3735238290012469
            ],
            [
              0.3045087763985499,
              -0.3710450176141137
            ],
            [
              0.3075341567711332,
              -0.36854137138056575
            ],
            [
              0.3103183509101403,
              -0.36619867836590386
            ],
            [
              0.4484538350375288,
              -0.5596380976255012
            ]
          ]
        ]
      }
    },
    {
      "type": "Feature",
      "properties": {
        "cell_id": "SYN_l_shape_r010_c004",
        "method": "GeoAnnulus-Final",
        "view": "annulus"
      },
      "geometry": {
        "type": "Polygon",
        "coordinates": [
          [
            [
              0.4861408655003337,
              -0.5552326116575589
            ],
            [
              0.6263959140568106,
              -0.4163425155922813
            ],
            [
              0.8269653443848735,
              -0.5622520146576611
            ],
            [
              0.8268965886356963,
              -0.562354009234973
            ],
            [
              0.8222682189897751,
              -0.5691001458788982
            ],
            [
              0.8175848131515837,
              -0.5758081914178452
            ],
            [
              0.8128466845916152,
              -0.582477696867802
            ],
            [
              0.8080541504430732,
              -0.5891082158243282
            ],
            [
              0.8032075314806449,
              -0.5956993044924332
            ],
            [
              0.7983071520990315,
              -0.6022505217162819
            ],
            [
              0.7933533402912353,
              -0.6087614290087205
            ],
            [
              0.7883464276266062,
              -0.6152315905806268
            ],
            [
              0.7832867492286505,
              -0.6216605733700773
            ],
            [
              0.7781746437525979,
              -0.6280479470713342
            ],
            [
              0.773010453362737,
              -0.6343932841636455
            ],
            [
              0.7677945237095121,
              -0.6406961599398607
            ],
            [
              0.7625272039063882,
              -0.6469561525348573
            ],
            [
              0.7572088465064847,
              -0.6531728429537766
            ],
            [
              0.7518398074789775,
              -0.6593458151000688
            ],
            [
              0.7464204461852738,
              -0.6654746558033421
            ],
            [
              0.7409511253549592,
              -0.6715589548470183
            ],
            [
              0.7354322110615187,
              -0.6775983049957887
            ],
            [
              0.7298640726978357,
              -0.6835923020228711
            ],
            [
              0.724247082951467,
              -0.6895405447370668
            ],
            [
              0.7185816177796982,
              -0.6954426350096116
            ],
            [
              0.71286805638438,
              -0.7012981778008243
            ],
            [
              0.7071067811865476,
              -0.7071067811865475
            ],
            [
              0.7012981778008244,
              -0.7128680563843798
            ],
            [
              0.6954426350096117,
              -0.7185816177796981
            ],
            [
              0.689540544737067,
              -0.7242470829514669
            ],
            [
              0.6835923020228714,
              -0.7298640726978356
            ],
            [
              0.6775983049957888,
              -0.7354322110615186
            ],
            [
              0.6715589548470184,
              -0.740951125354959
            ],
            [
              0.6654746558033422,
              -0.7464204461852738
            ],
            [
              0.659345815100069,
              -0.7518398074789774
            ],
            [
              0.6531728429537769,
              -0.7572088465064845
            ],
            [
              0.6513840260121544,
              -0.7587391732844753
            ],
            [
              0.4861408655003337,
              -0.5552326116575589
            ]
          ]
        ]
      }
    },
    {
      "type": "Feature",
      "properties": {
        "cell_id": "SYN_l_shape_r011_c000",
        "method": "GeoAnnulus-Final",
        "view": "annulus"
      },
      "geometry": {
        "type": "Polygon",
        "coordinates": [
          [
            [
              -0.4816295786096065,
              -0.5490635446112573
            ],
            [
              -0.41924573235756446,
              -0.5563560045348613
            ],
            [
              -0.4058365505438203,
              -0.5798665616653009
            ],
            [
              -0.39593977723260076,
              -0.6228230252573486
            ],
            [
              -0.52657325190434,
              -0.8501231262606453
            ],
            [
              -0.528067850650368,
              -0.8492021815265789
            ],
            [
              -0.534997619887097,
              -0.8448535652497072
            ],
            [
              -0.5418915805747514,
              -0.8404484010944382
            ],
            [
              -0.5487492712856158,
              -0.8359869839079468
            ],
            [
              -0.555570233019602,
              -0.8314696123025453
            ],
            [
              -0.562354009234973,
              -0.8268965886356963
            ],
            [
              -0.569100145878898,
              -0.8222682189897752
            ],
            [
              -0.575808191417845,
              -0.8175848131515839
            ],
            [
              -0.582477696867802,
              -0.8128466845916152
            ],
            [
              -0.5891082158243279,
              -0.8080541504430734
            ],
            [
              -0.5956993044924334,
              -0.8032075314806449
            ],
            [
              -0.6022505217162818,
              -0.7983071520990316
            ],
            [
              -0.6087614290087203,
              -0.7933533402912354
            ],
            [
              -0.6152315905806268,
              -0.7883464276266063
            ],
            [
              -0.6216605733700772,
              -0.7832867492286506
            ],
            [
              -0.6280479470713338,
              -0.7781746437525981
            ],
            [
              -0.6343932841636454,
              -0.7730104533627371
            ],
            [
              -0.6406961599398605,
              -0.7677945237095122
            ],
            [
              -0.6469561525348573,
              -0.7625272039063882
            ],
            [
              -0.6516778155728127,
              -0.7584878373197332
            ],
            [
              -0.4816295786096065,
              -0.5490635446112573
            ]
          ]
        ]
      }
    },
    {
      "type": "Feature",
      "properties": {
        "cell_id": "SYN_l_shape_r011_c001",
        "method": "GeoAnnulus-Final",
        "view": "annulus"
      },
      "geometry": {
        "type": "Polygon",
        "coordinates": [
          [
            [
              -0.25190833103125926,
              -0.58955019230914
            ],
            [
              -0.4058365505438203,
              -0.5798665616653008
            ],
            [
              -0.41924573235756435,
              -0.5563560045348614
            ],
            [
              -0.3008511848671044,
              -0.3740135041392287
            ],
            [
              -0.29839707521763703,
              -0.3759776396297523
            ],
            [
              -0.29531116347870084,
              -0.378406285260771
            ],
            [
              -0.29220548592418577,
              -0.38080960333979297
            ],
            [
              -0.28908025042381524,
              -0.38318743300753516
            ],
            [
              -0.285935666156368,
              -0.38553961511070955
            ],
            [
              -0.2827719435956774,
              -0.3878659922126752
            ],
            [
              -0.27958929449654496,
              -0.3901664086039753
            ],
            [
              -0.2763879318805656,
              -0.3924407103127603
            ],
            [
              -0.27316807002187105,
              -0.39468874511509205
            ],
            [
              -0.26992992443278707,
              -0.3969103625451342
            ],
            [
              -0.2666737118494089,
              -0.39910541390522175
            ],
            [
              -0.26339965021709555,
              -0.40127375227581447
            ],
            [
              -0.26010795867588066,
              -0.4034152325253303
            ],
            [
              -0.25679885754580656,
              -0.40552971131985943
            ],
            [
              -0.2534725683121766,
              -0.40761704713275787
            ],
            [
              -0.2501293136107311,
              -0.40967710025412024
            ],
            [
              -0.2467693172127464,
              -0.4117097328001306
            ],
            [
              -0.24339280401005603,
              -0.41371480872229177
            ],
            [
              -0.2399999999999999,
              -0.41569219381653055
            ],
            [
              -0.2365911322702963,
              -0.4176417557321815
            ],
            [
              -0.2331664289838431,
              -0.4195633639808443
            ],
            [
              -0.22972611936344672,
              -0.4214568899451181
            ],
            [
              -0.2262704336764787,
              -0.4233222068872105
            ],
            [
              -0.22279960321946463,
              -0.42515918995741947
            ],
            [
              -0.2193138603026019,
              -0.4269677162024909
            ],
            [
              -0.21581343823421104,
              -0.4287476645738474
            ],
            [
              -0.21229857130512053,
              -0.4304989159356904
            ],
            [
              -0.20876949477298404,
              -0.4322213530729746
            ],
            [
              -0.2052264448465353,
              -0.43391486069925284
            ],
            [
              -0.20166965866977712,
              -0.43557932546439293
            ],
            [
              -0.1980993743061094,
              -0.4372146359621644
            ],
            [
              -0.19451583072239506,
              -0.4388206827376947
            ],
            [
              -0.1909192677729652,
              -0.4403973582947958
            ],
            [
              -0.18730992618356532,
              -0.44194455710315894
            ],
            [
              -0.18368804753524295,
              -0.4434621756054177
            ],
            [
              -0.1800538742481782,
              -0.4449501122240798
            ],
            [
              -0.17640764956545762,
              -0.44640826736832584
            ],
            [
              -0.17274961753679421,
              -0.4478365434406747
            ],
            [
              -0.16908002300219196,
              -0.44923484484351633
            ],
            [
              -0.16539911157555848,
              -0.45060307798551036
            ],
            [
              -0.16170712962826556,
              -0.45194115128784995
            ],
            [
              -0.1580043242726586,
              -0.453248975190392
            ],
            [
              -0.15637980966753687,
              -0.4538078449311708
            ],
            [
              -0.25190833103125926,
              -0.58955019230914
            ]
          ]
        ]
      }
    },
    {
      "type": "Feature",
      "properties": {
        "cell_id": "SYN_l_shape_r011_c002",
        "method": "GeoAnnulus-Final",
        "view": "annulus"
      },
      "geometry": {
        "type": "Polygon",
        "coordinates": [
          [
            [
              -0.09625657805236368,
              -0.6666348322028075
            ],
            [
              -0.09840773854502943,
              -0.604767399326235
            ],
            [
              0.11479782631188176,
              -0.604767399326235
            ],
            [
              0.11584839487834772,
              -0.6155522868348631
            ],
            [
              0.07878009342329648,
              -0.6772078057219897
            ],
            [
              -0.0870210103535244,
              -0.6772078057219897
            ],
            [
              -0.09625657805236368,
              -0.6666348322028075
            ]
          ]
        ]
      }
    },
    {
      "type": "Feature",
      "properties": {
        "cell_id": "SYN_l_shape_r011_c003",
        "method": "GeoAnnulus-Final",
        "view": "annulus"
      },
      "geometry": {
        "type": "Polygon",
        "coordinates": [
          [
            [
              0.3148893798102812,
              -0.6828641553295515
            ],
            [
              0.3142069286079552,
              -0.6832495125271628
            ],
            [
              0.11584839487834786,
              -0.615552286834863
            ],
            [
              0.11479782631188187,
              -0.6047673993262347
            ],
            [
              0.11892297741149291,
              -0.5371494047242373
            ],
            [
              0.13576385611977385,
              -0.460399214767385
            ],
            [
              0.139336645082142,
              -0.4593313611514602
            ],
            [
              0.1430898360205152,
              -0.4581760565848264
            ],
            [
              0.14683344964634568,
              -0.45699008530268365
            ],
            [
              0.15056723539146796,
              -0.4557735266846576
            ],
            [
              0.1542909433455176,
              -0.45452646215765063
            ],
            [
              0.15800432427265873,
              -0.4532489751903919
            ],
            [
              0.16170712962826572,
              -0.4519411512878499
            ],
            [
              0.16539911157555862,
              -0.45060307798551036
            ],
            [
              0.16908002300219213,
              -0.4492348448435163
            ],
            [
              0.17274961753679435,
              -0.44783654344067464
            ],
            [
              0.1764076495654578,
              -0.4464082673683258
            ],
            [
              0.1800538742481783,
              -0.4449501122240797
            ],
            [
              0.18368804753524312,
              -0.4434621756054176
            ],
            [
              0.18730992618356548,
              -0.44194455710315883
            ],
            [
              0.19091926777296536,
              -0.4403973582947958
            ],
            [
              0.1945158307223952,
              -0.43882068273769465
            ],
            [
              0.19809937430610958,
              -0.4372146359621643
            ],
            [
              0.20166965866977718,
              -0.43557932546439293
            ],
            [
              0.20522644484653543,
              -0.4339148606992528
            ],
            [
              0.20876949477298426,
              -0.4322213530729745
            ],
            [
              0.21151946866240778,
              -0.43087917272903126
            ],
            [
              0.3148893798102812,
              -0.6828641553295515
            ]
          ]
        ]
      }
    },
    {
      "type": "Feature",
      "properties": {
        "cell_id": "SYN_l_shape_r011_c004",
        "method": "GeoAnnulus-Final",
        "view": "annulus"
      },
      "geometry": {
        "type": "Polygon",
        "coordinates": [
          [
            [
              0.3687172945037102,
              -0.6601978818781867
            ],
            [
              0.44845383503752856,
              -0.5596380976255014
            ],
            [
              0.48614086550033364,
              -0.5552326116575589
            ],
            [
              0.6513840260121543,
              -0.7587391732844753
            ],
            [
              0.6469561525348575,
              -0.7625272039063881
            ],
            [
              0.6406961599398608,
              -0.767794523709512
            ],
            [
              0.6343932841636456,
              -0.7730104533627369
            ],
            [
              0.6280479470713343,
              -0.7781746437525978
            ],
            [
              0.6216605733700774,
              -0.7832867492286504
            ],
            [
              0.6152315905806269,
              -0.7883464276266062
            ],
            [
              0.6087614290087207,
              -0.7933533402912352
            ],
            [
              0.6022505217162821,
              -0.7983071520990314
            ],
            [
              0.5956993044924335,
              -0.8032075314806448
            ],
            [
              0.5891082158243284,
              -0.808054150443073
            ],
            [
              0.5824776968678023,
              -0.8128466845916151
            ],
            [
              0.5758081914178453,
              -0.8175848131515837
            ],
            [
              0.5691001458788983,
              -0.822268218989775
            ],
            [
              0.5623540092349731,
              -0.8268965886356962
            ],
            [
              0.5555702330196024,
              -0.8314696123025451
            ],
            [
              0.5530766185307747,
              -0.8331210778474287
            ],
            [
              0.3687172945037102,
              -0.6601978818781867
            ]
          ]
        ]
      }
    },
    {
      "type": "Feature",
      "properties": {
        "cell_id": "SYN_l_shape_r012_c000",
        "method": "GeoAnnulus-Final",
        "view": "annulus"
      },
      "geometry": {
        "type": "Polygon",
        "coordinates": [
          [
            [
              -0.3959397772326009,
              -0.6228230252573482
            ],
            [
              -0.319208846338089,
              -0.7246341034727397
            ],
            [
              -0.3333172211969369,
              -0.7590261093654673
            ],
            [
              -0.47199475994660733,
              -0.8815984622304301
            ],
            [
              -0.4785960820071807,
              -0.8780351873856628
            ],
            [
              -0.4857633937163398,
              -0.874090341626759
            ],
            [
              -0.492898192229784,
              -0.8700869911087115
            ],
            [
              -0.49999999999999983,
              -0.8660254037844387
            ],
            [
              -0.5070683416876167,
              -0.8619058515047745
            ],
            [
              -0.5141027441932217,
              -0.8577286100002721
            ],
            [
              -0.5211027366890232,
              -0.8534939588627506
            ],
            [
              -0.5265732519043403,
              -0.8501231262606452
            ],
            [
              -0.3959397772326009,
              -0.6228230252573482
            ]
          ]
        ]
      }
    },
    {
      "type": "Feature",
      "properties": {
        "cell_id": "SYN_l_shape_r012_c001",
        "method": "GeoAnnulus-Final",
        "view": "annulus"
      },
      "geometry": {
        "type": "Polygon",
        "coordinates": [
          [
            [
              -0.11270263344766548,
              -0.537149404724237
            ],
            [
              -0.09840773854502945,
              -0.6047673993262348
            ],
            [
              -0.09625657805236369,
              -0.6666348322028077
            ],
            [
              -0.18660903974266166,
              -0.6881035451731268
            ],
            [
              -0.25190833103125954,
              -0.5895501923091401
            ],
            [
              -0.15637980966753706,
              -0.45380784493117077
            ],
            [
              -0.15429094334551746,
              -0.4545264621576507
            ],
            [
              -0.1505672353914678,
              -0.45577352668465765
            ],
            [
              -0.1468334496463455,
              -0.4569900853026837
            ],
            [
              -0.14338381611858697,
              -0.4580829241228039
            ],
            [
              -0.11270263344766548,
              -0.537149404724237
            ]
          ]
        ]
      }
    },
    {
      "type": "Feature",
      "properties": {
        "cell_id": "SYN_l_shape_r012_c002",
        "method": "GeoAnnulus-Final",
        "view": "annulus"
      },
      "geometry": {
        "type": "Polygon",
        "coordinates": [
          [
            [
              -0.08702101035352425,
              -0.6772078057219899
            ],
            [
              0.07878009342329645,
              -0.6772078057219899
            ],
            [
              0.08555352019849614,
              -0.7381910104396063
            ],
            [
              0.08520285754772984,
              -0.7428091780677325
            ],
            [
              -0.07977170190220702,
              -0.7428091780677324
            ],
            [
              -0.08702101035352425,
              -0.6772078057219899
            ]
          ]
        ]
      }
    },
    {
      "type": "Feature",
      "properties": {
        "cell_id": "SYN_l_shape_r012_c003",
        "method": "GeoAnnulus-Final",
        "view": "annulus"
      },
      "geometry": {
        "type": "Polygon",
        "coordinates": [
          [
            [
              0.08555352019849624,
              -0.7381910104396069
            ],
            [
              0.07878009342329645,
              -0.6772078057219897
            ],
            [
              0.11584839487834772,
              -0.615552286834863
            ],
            [
              0.31420692860795535,
              -0.6832495125271627
            ],
            [
              0.31016383502152756,
              -0.6890314288720627
            ],
            [
              0.08555352019849624,
              -0.7381910104396069
            ]
          ]
        ]
      }
    },
    {
      "type": "Feature",
      "properties": {
        "cell_id": "SYN_l_shape_r012_c004",
        "method": "GeoAnnulus-Final",
        "view": "annulus"
      },
      "geometry": {
        "type": "Polygon",
        "coordinates": [
          [
            [
              0.32784445704458987,
              -0.6804354147855023
            ],
            [
              0.3687172945037104,
              -0.6601978818781866
            ],
            [
              0.5530766185307748,
              -0.8331210778474287
            ],
            [
              0.548749271285616,
              -0.8359869839079467
            ],
            [
              0.5418915805747517,
              -0.840448401094438
            ],
            [
              0.5349976198870973,
              -0.844853565249707
            ],
            [
              0.5280678506503681,
              -0.8492021815265789
            ],
            [
              0.5211027366890234,
              -0.8534939588627504
            ],
            [
              0.5141027441932219,
              -0.857728610000272
            ],
            [
              0.5070683416876172,
              -0.8619058515047742
            ],
            [
              0.5000000000000001,
              -0.8660254037844386
            ],
            [
              0.4928981922297841,
              -0.8700869911087113
            ],
            [
              0.4857633937163401,
              -0.8740903416267588
            ],
            [
              0.478596082007181,
              -0.8780351873856627
            ],
            [
              0.4713967368259978,
              -0.8819212643483549
            ],
            [
              0.46416584004055167,
              -0.8857483124112905
            ],
            [
              0.45690387563042073,
              -0.889516075421856
            ],
            [
              0.4496113296546066,
              -0.8932243011955153
            ],
            [
              0.44228869021900147,
              -0.8968727415326883
            ],
            [
              0.43493644744371723,
              -0.9004611522353636
            ],
            [
              0.4275550934302822,
              -0.9039892931234433
            ],
            [
              0.4273118768686905,
              -0.9041031108726556
            ],
            [
              0.32784445704458987,
              -0.6804354147855023
            ]
          ]
        ]
      }
    },
    {
      "type": "Feature",
      "properties": {
        "cell_id": "SYN_l_shape_r013_c000",
        "method": "GeoAnnulus-Final",
        "view": "annulus"
      },
      "geometry": {
        "type": "Polygon",
        "coordinates": [
          [
            [
              -0.3333172211969372,
              -0.7590261093654674
            ],
            [
              -0.3086863244651442,
              -0.865932942265562
            ],
            [
              -0.3348587612463344,
              -0.9289873718722372
            ],
            [
              -0.3448266538455213,
              -0.9386652797064297
            ],
            [
              -0.35225004792123327,
              -0.9359059267573258
            ],
            [
              -0.35989503653498794,
              -0.932992798834739
            ],
            [
              -0.3675159365947034,
              -0.9300172236840122
            ],
            [
              -0.3751122380170379,
              -0.926979400466833
            ],
            [
              -0.3826834323650895,
              -0.9238795325112868
            ],
            [
              -0.3902290128824278,
              -0.9207178272982478
            ],
            [
              -0.39774847452701084,
              -0.9174944964474914
            ],
            [
              -0.40524131400498975,
              -0.9142097557035307
            ],
            [
              -0.4127070298043946,
              -0.9108638249211759
            ],
            [
              -0.4201451222287024,
              -0.9074569280508187
            ],
            [
              -0.42755509343028186,
              -0.9039892931234434
            ],
            [
              -0.43493644744371673,
              -0.9004611522353638
            ],
            [
              -0.44228869021900113,
              -0.8968727415326884
            ],
            [
              -0.4496113296546063,
              -0.8932243011955154
            ],
            [
              -0.4569038756304206,
              -0.8895160754218561
            ],
            [
              -0.46416584004055134,
              -0.8857483124112906
            ],
            [
              -0.4713967368259973,
              -0.8819212643483553
            ],
            [
              -0.4719947599466074,
              -0.8815984622304301
            ],
            [
              -0.3333172211969372,
              -0.7590261093654674
            ]
          ]
        ]
      }
    },
    {
      "type": "Feature",
      "properties": {
        "cell_id": "SYN_l_shape_r013_c001",
        "method": "GeoAnnulus-Final",
        "view": "annulus"
      },
      "geometry": {
        "type": "Polygon",
        "coordinates": [
          [
            [
              -0.2333440249871543,
              -0.7413985842271416
            ],
            [
              -0.18660903974266158,
              -0.6881035451731268
            ],
            [
              -0.09625657805236373,
              -0.6666348322028077
            ],
            [
              -0.08702101035352458,
              -0.6772078057219896
            ],
            [
              -0.07977170190220724,
              -0.7428091780677331
            ],
            [
              -0.08283451406593684,
              -0.7740386829828658
            ],
            [
              -0.20387666129583598,
              -0.7913642514200584
            ],
            [
              -0.2333440249871543,
              -0.7413985842271416
            ]
          ]
        ]
      }
    },
    {
      "type": "Feature",
      "properties": {
        "cell_id": "SYN_l_shape_r013_c002",
        "method": "GeoAnnulus-Final",
        "view": "annulus"
      },
      "geometry": {
        "type": "Polygon",
        "coordinates": [
          [
            [
              -0.07977170190220717,
              -0.7428091780677324
            ],
            [
              0.08520285754772997,
              -0.7428091780677324
            ],
            [
              0.08762407812932199,
              -0.7646210847840625
            ],
            [
              0.0673286295820753,
              -0.8069138409270117
            ],
            [
              -0.06705838270474518,
              -0.8069138409270116
            ],
            [
              -0.08283451406593687,
              -0.774038682982866
            ],
            [
              -0.07977170190220717,
              -0.7428091780677324
            ]
          ]
        ]
      }
    },
    {
      "type": "Feature",
      "properties": {
        "cell_id": "SYN_l_shape_r013_c003",
        "method": "GeoAnnulus-Final",
        "view": "annulus"
      },
      "geometry": {
        "type": "Polygon",
        "coordinates": [
          [
            [
              0.08520285754773008,
              -0.7428091780677331
            ],
            [
              0.08555352019849638,
              -0.7381910104396072
            ],
            [
              0.3101638350215271,
              -0.6890314288720633
            ],
            [
              0.28705406027779473,
              -0.7314784494331518
            ],
            [
              0.2367110308321305,
              -0.7856498536304725
            ],
            [
              0.2064861140479065,
              -0.8051500647600839
            ],
            [
              0.08762407812932198,
              -0.7646210847840621
            ],
            [
              0.08520285754773008,
              -0.7428091780677331
            ]
          ]
        ]
      }
    },
    {
      "type": "Feature",
      "properties": {
        "cell_id": "SYN_l_shape_r013_c004",
        "method": "GeoAnnulus-Final",
        "view": "annulus"
      },
      "geometry": {
        "type": "Polygon",
        "coordinates": [
          [
            [
              0.2870540602777949,
              -0.7314784494331518
            ],
            [
              0.31016383502152806,
              -0.6890314288720618
            ],
            [
              0.31420692860795507,
              -0.6832495125271629
            ],
            [
              0.3148893798102813,
              -0.6828641553295515
            ],
            [
              0.32784445704458987,
              -0.6804354147855023
            ],
            [
              0.42731187686869043,
              -0.9041031108726556
            ],
            [
              0.4201451222287025,
              -0.9074569280508187
            ],
            [
              0.41270702980439494,
              -0.9108638249211757
            ],
            [
              0.40524131400499,
              -0.9142097557035306
            ],
            [
              0.3977484745270112,
              -0.9174944964474913
            ],
            [
              0.3902290128824281,
              -0.9207178272982476
            ],
            [
              0.38268343236508984,
              -0.9238795325112867
            ],
            [
              0.3751122380170382,
              -0.9269794004668328
            ],
            [
              0.3675159365947037,
              -0.9300172236840121
            ],
            [
              0.3601211696439508,
              -0.9329045053189451
            ],
            [
              0.2870540602777949,
              -0.7314784494331518
            ]
          ]
        ]
      }
    },
    {
      "type": "Feature",
      "properties": {
        "cell_id": "SYN_l_shape_r014_c000",
        "method": "GeoAnnulus-Final",
        "view": "annulus"
      },
      "geometry": {
        "type": "Polygon",
        "coordinates": [
          [
            [
              -0.30868632446514427,
              -0.8659329422655622
            ],
            [
              -0.33331722119693724,
              -0.7590261093654675
            ],
            [
              -0.3192088463380891,
              -0.7246341034727395
            ],
            [
              -0.2333440249871544,
              -0.7413985842271414
            ],
            [
              -0.20387666129583587,
              -0.7913642514200586
            ],
            [
              -0.20514193077155285,
              -0.8131395009325799
            ],
            [
              -0.30868632446514427,
              -0.8659329422655622
            ]
          ]
        ]
      }
    },
    {
      "type": "Feature",
      "properties": {
        "cell_id": "SYN_l_shape_r014_c001",
        "method": "GeoAnnulus-Final",
        "view": "annulus"
      },
      "geometry": {
        "type": "Polygon",
        "coordinates": [
          [
            [
              -0.20514193077155293,
              -0.8131395009325798
            ],
            [
              -0.20387666129583598,
              -0.7913642514200586
            ],
            [
              -0.08283451406593671,
              -0.7740386829828659
            ],
            [
              -0.06705838270474504,
              -0.8069138409270115
            ],
            [
              -0.07078189251537599,
              -0.8523402836616591
            ],
            [
              -0.18391201704611024,
              -0.8696961970470122
            ],
            [
              -0.20514193077155293,
              -0.8131395009325798
            ]
          ]
        ]
      }
    },
    {
      "type": "Feature",
      "properties": {
        "cell_id": "SYN_l_shape_r014_c002",
        "method": "GeoAnnulus-Final",
        "view": "annulus"
      },
      "geometry": {
        "type": "Polygon",
        "coordinates": [
          [
            [
              -0.07078189251537594,
              -0.8523402836616589
            ],
            [
              -0.06705838270474501,
              -0.8069138409270116
            ],
            [
              0.06732862958207517,
              -0.8069138409270116
            ],
            [
              0.07101852089353114,
              -0.8519301413751432
            ],
            [
              0.06162441061406204,
              -0.8735356029161657
            ],
            [
              -0.0615661131575809,
              -0.8735356029161656
            ],
            [
              -0.07078189251537594,
              -0.8523402836616589
            ]
          ]
        ]
      }
    },
    {
      "type": "Feature",
      "properties": {
        "cell_id": "SYN_l_shape_r014_c003",
        "method": "GeoAnnulus-Final",
        "view": "annulus"
      },
      "geometry": {
        "type": "Polygon",
        "coordinates": [
          [
            [
              0.06732862958207535,
              -0.8069138409270116
            ],
            [
              0.08762407812932196,
              -0.7646210847840625
            ],
            [
              0.20648611404790634,
              -0.8051500647600841
            ],
            [
              0.18250574221275276,
              -0.8690340079607809
            ],
            [
              0.07101852089353133,
              -0.8519301413751432
            ],
            [
              0.06732862958207535,
              -0.8069138409270116
            ]
          ]
        ]
      }
    },
    {
      "type": "Feature",
      "properties": {
        "cell_id": "SYN_l_shape_r014_c004",
        "method": "GeoAnnulus-Final",
        "view": "annulus"
      },
      "geometry": {
        "type": "Polygon",
        "coordinates": [
          [
            [
              0.30400491000727337,
              -0.9235540088093122
            ],
            [
              0.23671103083213,
              -0.7856498536304728
            ],
            [
              0.287054060277795,
              -0.7314784494331513
            ],
            [
              0.36012116964395097,
              -0.932904505318945
            ],
            [
              0.3598950365349883,
              -0.9329927988347388
            ],
            [
              0.3522500479212336,
              -0.9359059267573256
            ],
            [
              0.3445814824490805,
              -0.9387564124698132
            ],
            [
              0.3368898533922203,
              -0.9415440651830207
            ],
            [
              0.33536122058549,
              -0.9420839754215712
            ],
            [
              0.30400491000727337,
              -0.9235540088093122
            ]
          ]
        ]
      }
    },
    {
      "type": "Feature",
      "properties": {
        "cell_id": "SYN_l_shape_r015_c000",
        "method": "GeoAnnulus-Final",
        "view": "annulus"
      },
      "geometry": {
        "type": "Polygon",
        "coordinates": [
          [
            [
              -0.3348587612463349,
              -0.928987371872238
            ],
            [
              -0.30868632446514427,
              -0.8659329422655616
            ],
            [
              -0.20514193077155285,
              -0.8131395009325791
            ],
            [
              -0.18391201704611,
              -0.8696961970470121
            ],
            [
              -0.18988587611806773,
              -0.8979829883394739
            ],
            [
              -0.3348587612463349,
              -0.928987371872238
            ]
          ]
        ]
      }
    },
    {
      "type": "Feature",
      "properties": {
        "cell_id": "SYN_l_shape_r015_c001",
        "method": "GeoAnnulus-Final",
        "view": "annulus"
      },
      "geometry": {
        "type": "Polygon",
        "coordinates": [
          [
            [
              -0.18988587611806804,
              -0.8979829883394734
            ],
            [
              -0.18391201704611032,
              -0.8696961970470116
            ],
            [
              -0.07078189251537602,
              -0.8523402836616587
            ],
            [
              -0.06156611315758073,
              -0.8735356029161659
            ],
            [
              -0.0649900436160249,
              -0.9221827009040755
            ],
            [
              -0.17474379244067692,
              -0.9364359537670843
            ],
            [
              -0.18988587611806804,
              -0.8979829883394734
            ]
          ]
        ]
      }
    },
    {
      "type": "Feature",
      "properties": {
        "cell_id": "SYN_l_shape_r015_c002",
        "method": "GeoAnnulus-Final",
        "view": "annulus"
      },
      "geometry": {
        "type": "Polygon",
        "coordinates": [
          [
            [
              -0.06499004361602503,
              -0.922182700904075
            ],
            [
              -0.06156611315758091,
              -0.8735356029161659
            ],
            [
              0.06162441061406207,
              -0.8735356029161659
            ],
            [
              0.06503930143688152,
              -0.922054266040884
            ],
            [
              0.057969659655174005,
              -0.9377191018609774
            ],
            [
              -0.05797836531925091,
              -0.9377191018609774
            ],
            [
              -0.06499004361602503,
              -0.922182700904075
            ]
          ]
        ]
      }
    },
    {
      "type": "Feature",
      "properties": {
        "cell_id": "SYN_l_shape_r015_c003",
        "method": "GeoAnnulus-Final",
        "view": "annulus"
      },
      "geometry": {
        "type": "Polygon",
        "coordinates": [
          [
            [
              0.06503930143688139,
              -0.9220542660408843
            ],
            [
              0.061624410614061924,
              -0.873535602916166
            ],
            [
              0.07101852089353126,
              -0.8519301413751431
            ],
            [
              0.1825057422127529,
              -0.869034007960781
            ],
            [
              0.1888172487963399,
              -0.8989195923578059
            ],
            [
              0.1741285404329121,
              -0.9362212218368781
            ],
            [
              0.06503930143688139,
              -0.9220542660408843
            ]
          ]
        ]
      }
    },
    {
      "type": "Feature",
      "properties": {
        "cell_id": "SYN_l_shape_r015_c004",
        "method": "GeoAnnulus-Final",
        "view": "annulus"
      },
      "geometry": {
        "type": "Polygon",
        "coordinates": [
          [
            [
              0.1888172487963398,
              -0.8989195923578057
            ],
            [
              0.18250574221275284,
              -0.8690340079607811
            ],
            [
              0.20648611404790648,
              -0.8051500647600843
            ],
            [
              0.23671103083213033,
              -0.7856498536304731
            ],
            [
              0.30400491000727353,
              -0.923554008809312
            ],
            [
              0.1888172487963398,
              -0.8989195923578057
            ]
          ]
        ]
      }
    },
    {
      "type": "Feature",
      "properties": {
        "cell_id": "SYN_l_shape_r016_c000",
        "method": "GeoAnnulus-Final",
        "view": "annulus"
      },
      "geometry": {
        "type": "Polygon",
        "coordinates": [
          [
            [
              -0.33485876124633446,
              -0.9289873718722376
            ],
            [
              -0.18988587611806781,
              -0.8979829883394733
            ],
            [
              -0.17474379244067678,
              -0.936435953767084
            ],
            [
              -0.1833644446862443,
              -0.9830365493729794
            ],
            [
              -0.18705985180683188,
              -0.9823485185218157
            ],
            [
              -0.19509032201612797,
              -0.9807852804032305
            ],
            [
              -0.20310773440776264,
              -0.9791563962022337
            ],
            [
              -0.21111155235896498,
              -0.9774619749435719
            ],
            [
              -0.21910124015686966,
              -0.9757021300385286
            ],
            [
              -0.22707626303437312,
              -0.9738769792773336
            ],
            [
              -0.23503608720592642,
              -0.9719866448212795
            ],
            [
              -0.24298017990326365,
              -0.9700312531945441
            ],
            [
              -0.25090800941105984,
              -0.9680109352757228
            ],
            [
              -0.25881904510252063,
              -0.9659258262890683
            ],
            [
              -0.2667127574748983,
              -0.9637760657954398
            ],
            [
              -0.2745886181849321,
              -0.961561797682962
            ],
            [
              -0.2824461000842123,
              -0.9592831701573937
            ],
            [
              -0.29028467725446216,
              -0.9569403357322089
            ],
            [
              -0.2981038250427397,
              -0.9545334512183885
            ],
            [
              -0.3059030200965532,
              -0.9520626777139244
            ],
            [
              -0.31368174039889124,
              -0.9495281805930368
            ],
            [
              -0.32143946530316136,
              -0.9469301294951057
            ],
            [
              -0.32917567556803873,
              -0.9442686983133166
            ],
            [
              -0.33688985339221994,
              -0.9415440651830208
            ],
            [
              -0.34458148244908016,
              -0.9387564124698133
            ],
            [
              -0.3448266538455211,
              -0.9386652797064298
            ],
            [
              -0.33485876124633446,
              -0.9289873718722376
            ]
          ]
        ]
      }
    },
    {
      "type": "Feature",
      "properties": {
        "cell_id": "SYN_l_shape_r016_c001",
        "method": "GeoAnnulus-Final",
        "view": "annulus"
      },
      "geometry": {
        "type": "Polygon",
        "coordinates": [
          [
            [
              -0.17474379244067684,
              -0.9364359537670839
            ],
            [
              -0.06499004361602508,
              -0.9221827009040751
            ],
            [
              -0.05797836531925102,
              -0.9377191018609774
            ],
            [
              -0.061700400251036666,
              -0.9980864054016779
            ],
            [
              -0.06540312923014292,
              -0.9978589232386035
            ],
            [
              -0.07356456359966733,
              -0.9972904566786902
            ],
            [
              -0.08172107413366796,
              -0.9966552393091803
            ],
            [
              -0.08987211489923475,
              -0.9959533136465477
            ],
            [
              -0.09801714032956042,
              -0.9951847266721969
            ],
            [
              -0.10615560526045735,
              -0.9943495298293181
            ],
            [
              -0.11428696496684632,
              -0.9934477790194444
            ],
            [
              -0.12241067519921595,
              -0.9924795345987101
            ],
            [
              -0.13052619222005138,
              -0.9914448613738105
            ],
            [
              -0.13863297284022652,
              -0.9903438285976649
            ],
            [
              -0.14673047445536164,
              -0.989176509964781
            ],
            [
              -0.15481815508214075,
              -0.9879429836063224
            ],
            [
              -0.16289547339458849,
              -0.9866433320848791
            ],
            [
              -0.17096188876030102,
              -0.9852776423889413
            ],
            [
              -0.17901686127663252,
              -0.9838460059270775
            ],
            [
              -0.18336444468624438,
              -0.9830365493729794
            ],
            [
              -0.17474379244067684,
              -0.9364359537670839
            ]
          ]
        ]
      }
    },
    {
      "type": "Feature",
      "properties": {
        "cell_id": "SYN_l_shape_r016_c002",
        "method": "GeoAnnulus-Final",
        "view": "annulus"
      },
      "geometry": {
        "type": "Polygon",
        "coordinates": [
          [
            [
              -0.05797836531925092,
              -0.9377191018609776
            ],
            [
              0.05796965965517391,
              -0.9377191018609776
            ],
            [
              0.061691727439126355,
              -0.9980869382276084
            ],
            [
              0.057237317287568784,
              -0.9983606009402225
            ],
            [
              0.049067674327418126,
              -0.9987954562051724
            ],
            [
              0.04089474716158352,
              -0.9991634599276488
            ],
            [
              0.03271908282177639,
              -0.9994645874763657
            ],
            [
              0.024541228522912486,
              -0.9996988186962042
            ],
            [
              0.016361731626486936,
              -0.9998661379095618
            ],
            [
              0.008181139603937236,
              -0.9999665339174011
            ],
            [
              6.123233995736766e-17,
              -1.0
            ],
            [
              -0.008181139603936892,
              -0.9999665339174011
            ],
            [
              -0.01636173162648659,
              -0.9998661379095618
            ],
            [
              -0.024541228522912142,
              -0.9996988186962042
            ],
            [
              -0.03271908282177604,
              -0.9994645874763657
            ],
            [
              -0.04089474716158317,
              -0.9991634599276488
            ],
            [
              -0.049067674327417786,
              -0.9987954562051724
            ],
            [
              -0.057237317287568444,
              -0.9983606009402225
            ],
            [
              -0.061700400251036555,
              -0.9980864054016779
            ],
            [
              -0.05797836531925092,
              -0.9377191018609776
            ]
          ]
        ]
      }
    },
    {
      "type": "Feature",
      "properties": {
        "cell_id": "SYN_l_shape_r016_c003",
        "method": "GeoAnnulus-Final",
        "view": "annulus"
      },
      "geometry": {
        "type": "Polygon",
        "coordinates": [
          [
            [
              0.05796965965517405,
              -0.9377191018609774
            ],
            [
              0.06503930143688155,
              -0.9220542660408841
            ],
            [
              0.17412854043291198,
              -0.9362212218368781
            ],
            [
              0.1828080785973336,
              -0.9831401366155268
            ],
            [
              0.17901686127663285,
              -0.9838460059270774
            ],
            [
              0.17096188876030136,
              -0.9852776423889412
            ],
            [
              0.16289547339458882,
              -0.986643332084879
            ],
            [
              0.15481815508214108,
              -0.9879429836063224
            ],
            [
              0.14673047445536197,
              -0.9891765099647809
            ],
            [
              0.13863297284022685,
              -0.9903438285976648
            ],
            [
              0.1305261922200517,
              -0.9914448613738104
            ],
            [
              0.12241067519921628,
              -0.99247953459871
            ],
            [
              0.11428696496684666,
              -0.9934477790194444
            ],
            [
              0.1061556052604577,
              -0.994349529829318
            ],
            [
              0.09801714032956077,
              -0.9951847266721968
            ],
            [
              0.08987211489923509,
              -0.9959533136465477
            ],
            [
              0.0817210741336683,
              -0.9966552393091803
            ],
            [
              0.07356456359966768,
              -0.9972904566786902
            ],
            [
              0.06540312923014327,
              -0.9978589232386035
            ],
            [
              0.06169172743912651,
              -0.9980869382276083
            ],
            [
              0.05796965965517405,
              -0.9377191018609774
            ]
          ]
        ]
      }
    },
    {
      "type": "Feature",
      "properties": {
        "cell_id": "SYN_l_shape_r016_c004",
        "method": "GeoAnnulus-Final",
        "view": "annulus"
      },
      "geometry": {
        "type": "Polygon",
        "coordinates": [
          [
            [
              0.17412854043291198,
              -0.9362212218368778
            ],
            [
              0.1888172487963397,
              -0.8989195923578059
            ],
            [
              0.30400491000727414,
              -0.9235540088093124
            ],
            [
              0.33536122058549034,
              -0.9420839754215711
            ],
            [
              0.32917567556803906,
              -0.9442686983133165
            ],
            [
              0.3214394653031617,
              -0.9469301294951056
            ],
            [
              0.3136817403988916,
              -0.9495281805930367
            ],
            [
              0.3059030200965535,
              -0.9520626777139243
            ],
            [
              0.29810382504274,
              -0.9545334512183884
            ],
            [
              0.2902846772544625,
              -0.9569403357322088
            ],
            [
              0.2824461000842126,
              -0.9592831701573936
            ],
            [
              0.2745886181849324,
              -0.9615617976829619
            ],
            [
              0.26671275747489864,
              -0.9637760657954398
            ],
            [
              0.25881904510252096,
              -0.9659258262890682
            ],
            [
              0.2509080094110602,
              -0.9680109352757227
            ],
            [
              0.24298017990326398,
              -0.970031253194544
            ],
            [
              0.23503608720592675,
              -0.9719866448212794
            ],
            [
              0.22707626303437345,
              -0.9738769792773336
            ],
            [
              0.21910124015687,
              -0.9757021300385285
            ],
            [
              0.2111115523589653,
              -0.9774619749435718
            ],
            [
              0.20310773440776297,
              -0.9791563962022337
            ],
            [
              0.19509032201612833,
              -0.9807852804032304
            ],
            [
              0.1870598518068322,
              -0.9823485185218156
            ],
            [
              0.18280807859733364,
              -0.9831401366155268
            ],
            [
              0.17412854043291198,
              -0.9362212218368778
            ]
          ]
        ]
      }
    }
  ]
}