{
  "type": "FeatureCollection",
  "features": [
    {
      "type": "Feature",
      "properties": {
        "cell_id": "CEG2000_f4_r0005_c0091",
        "method": "GeoAnnulus-Final",
        "view": "annulus"
      },
      "geometry": {
        "type": "Polygon",
        "coordinates": [
          [
            [
              -0.7722278172981207,
              -0.5688612532609785
            ],
            [
              -0.6442560538290713,
              -0.5042687849888783
            ],
            [
              -0.5780068099502469,
              -0.5351265728449649
            ],
            [
              -0.5258054200720765,
              -0.6025596231455332
            ],
            [
              -0.5364466249795397,
              -0.8439276671218775
            ],
            [
              -0.5418915805747514,
              -0.8404484010944382
            ],
            [
              -0.5487492712856158,
              -0.8359869839079468
            ],
            [
              -0.555570233019602,
              -0.8314696123025453
            ],
            [
              -0.562354009234973,
              -0.8268965886356963
            ],
            [
              -0.569100145878898,
              -0.8222682189897752
            ],
            [
              -0.575808191417845,
              -0.8175848131515839
            ],
            [
              -0.582477696867802,
              -0.8128466845916152
            ],
            [
              -0.5891082158243279,
              -0.8080541504430734
            ],
            [
              -0.5956993044924334,
              -0.8032075314806449
            ],
            [
              -0.6022505217162818,
              -0.7983071520990316
            ],
            [
              -0.6087614290087203,
              -0.7933533402912354
            ],
            [
              -0.6152315905806268,
              -0.7883464276266063
            ],
            [
              -0.6216605733700772,
              -0.7832867492286506
            ],
            [
              -0.6280479470713338,
              -0.7781746437525981
            ],
            [
              -0.6343932841636454,
              -0.7730104533627371
            ],
            [
              -0.6406961599398605,
              -0.7677945237095122
            ],
            [
              -0.6469561525348573,
              -0.7625272039063882
            ],
            [
              -0.6531728429537765,
              -0.7572088465064848
            ],
            [
              -0.6593458151000685,
              -0.7518398074789777
            ],
            [
              -0.6654746558033421,
              -0.7464204461852739
            ],
            [
              -0.6715589548470181,
              -0.7409511253549593
            ],
            [
              -0.6775983049957887,
              -0.7354322110615187
            ],
            [
              -0.6835923020228711,
              -0.7298640726978358
            ],
            [
              -0.6895405447370666,
              -0.7242470829514672
            ],
            [
              -0.6954426350096116,
              -0.7185816177796982
            ],
            [
              -0.701298177800824,
              -0.7128680563843801
            ],
            [
              -0.7071067811865475,
              -0.7071067811865476
            ],
            [
              -0.7128680563843797,
              -0.7012981778008245
            ],
            [
              -0.7185816177796978,
              -0.695442635009612
            ],
            [
              -0.7242470829514668,
              -0.689540544737067
            ],
            [
              -0.7298640726978354,
              -0.6835923020228716
            ],
            [
              -0.7354322110615186,
              -0.6775983049957888
            ],
            [
              -0.7409511253549589,
              -0.6715589548470186
            ],
            [
              -0.7464204461852735,
              -0.6654746558033425
            ],
            [
              -0.7518398074789773,
              -0.659345815100069
            ],
            [
              -0.7572088465064843,
              -0.6531728429537771
            ],
            [
              -0.7625272039063881,
              -0.6469561525348574
            ],
            [
              -0.7677945237095118,
              -0.640696159939861
            ],
            [
              -0.7730104533627367,
              -0.6343932841636458
            ],
            [
              -0.7781746437525977,
              -0.6280479470713344
            ],
            [
              -0.7832867492286502,
              -0.6216605733700776
            ],
            [
              -0.7883464276266062,
              -0.6152315905806269
            ],
            [
              -0.793353340291235,
              -0.6087614290087209
            ],
            [
              -0.7983071520990312,
              -0.6022505217162823
            ],
            [
              -0.8031269571889349,
              -0.5958070226192442
            ],
            [
              -0.7722278172981207,
              -0.5688612532609785
            ]
          ]
        ]
      }
    },
    {
      "type": "Feature",
      "properties": {
        "cell_id": "CEG2000_f4_r0006_c0090",
        "method": "GeoAnnulus-Final",
        "view": "annulus"
      },
      "geometry": {
        "type": "Polygon",
        "coordinates": [
          [
            [
              -0.854964597013755,
              -0.43118081240213585
            ],
            [
              -0.8230924335686401,
              -0.43605616732592384
            ],
            [
              -0.7722278172981218,
              -0.5688612532609796
            ],
            [
              -0.8031269571889348,
              -0.5958070226192443
            ],
            [
              -0.8032075314806448,
              -0.5956993044924335
            ],
            [
              -0.8080541504430729,
              -0.5891082158243285
            ],
            [
              -0.8128466845916151,
              -0.5824776968678022
            ],
            [
              -0.8175848131515836,
              -0.5758081914178454
            ],
            [
              -0.8222682189897749,
              -0.5691001458788986
            ],
            [
              -0.8268965886356962,
              -0.5623540092349733
            ],
            [
              -0.831469612302545,
              -0.5555702330196025
            ],
            [
              -0.8359869839079465,
              -0.5487492712856163
            ],
            [
              -0.8404484010944379,
              -0.541891580574752
            ],
            [
              -0.8448535652497069,
              -0.5349976198870976
            ],
            [
              -0.8492021815265788,
              -0.5280678506503681
            ],
            [
              -0.8534939588627503,
              -0.5211027366890236
            ],
            [
              -0.8577286100002718,
              -0.5141027441932221
            ],
            [
              -0.8619058515047742,
              -0.5070683416876173
            ],
            [
              -0.8660254037844385,
              -0.5000000000000003
            ],
            [
              -0.8700869911087113,
              -0.49289819222978415
            ],
            [
              -0.8740903416267587,
              -0.4857633937163403
            ],
            [
              -0.8780351873856626,
              -0.47859608200718123
            ],
            [
              -0.8819212643483549,
              -0.47139673682599786
            ],
            [
              -0.8857483124112904,
              -0.4641658400405519
            ],
            [
              -0.889516075421856,
              -0.4569038756304208
            ],
            [
              -0.8929115322234787,
              -0.4502264168277196
            ],
            [
              -0.854964597013755,
              -0.43118081240213585
            ]
          ]
        ]
      }
    },
    {
      "type": "Feature",
      "properties": {
        "cell_id": "CEG2000_f4_r0006_c0091",
        "method": "GeoAnnulus-Final",
        "view": "annulus"
      },
      "geometry": {
        "type": "Polygon",
        "coordinates": [
          [
            [
              -0.6442560538290708,
              -0.5042687849888783
            ],
            [
              -0.7722278172981223,
              -0.5688612532609796
            ],
            [
              -0.8230924335686407,
              -0.43605616732592356
            ],
            [
              -0.7867655058453196,
              -0.4313613447079753
            ],
            [
              -0.7045703242440825,
              -0.4418635654199943
            ],
            [
              -0.6442560538290708,
              -0.5042687849888783
            ]
          ]
        ]
      }
    },
    {
      "type": "Feature",
      "properties": {
        "cell_id": "CEG2000_f4_r0007_c0090",
        "method": "GeoAnnulus-Final",
        "view": "annulus"
      },
      "geometry": {
        "type": "Polygon",
        "coordinates": [
          [
            [
              -0.9125467048570358,
              -0.3646991180128247
            ],
            [
              -0.8849462285175157,
              -0.36593024694939746
            ],
            [
              -0.8549645970137556,
              -0.43118081240213557
            ],
            [
              -0.892911532223479,
              -0.45022641682771913
            ],
            [
              -0.8932243011955152,
              -0.4496113296546069
            ],
            [
              -0.8968727415326881,
              -0.4422886902190017
            ],
            [
              -0.9004611522353635,
              -0.4349364474437173
            ],
            [
              -0.9039892931234431,
              -0.4275550934302824
            ],
            [
              -0.9074569280508186,
              -0.42014512222870254
            ],
            [
              -0.9108638249211757,
              -0.412707029804395
            ],
            [
              -0.9142097557035305,
              -0.4052413140049903
            ],
            [
              -0.9174944964474913,
              -0.39774847452701123
            ],
            [
              -0.9207178272982475,
              -0.3902290128824284
            ],
            [
              -0.9238795325112867,
              -0.3826834323650899
            ],
            [
              -0.9269794004668328,
              -0.37511223801703825
            ],
            [
              -0.9285630939905389,
              -0.37115209534032195
            ],
            [
              -0.9125467048570358,
              -0.3646991180128247
            ]
          ]
        ]
      }
    },
    {
      "type": "Feature",
      "properties": {
        "cell_id": "CEG2000_f4_r0007_c0091",
        "method": "GeoAnnulus-Final",
        "view": "annulus"
      },
      "geometry": {
        "type": "Polygon",
        "coordinates": [
          [
            [
              -0.7867655058453183,
              -0.4313613447079757
            ],
            [
              -0.8230924335686391,
              -0.4360561673259239
            ],
            [
              -0.8549645970137558,
              -0.4311808124021356
            ],
            [
              -0.884946228517516,
              -0.36593024694939735
            ],
            [
              -0.8595142271602432,
              -0.34903393229208585
            ],
            [
              -0.8371031423733687,
              -0.34394024765859366
            ],
            [
              -0.7867655058453183,
              -0.4313613447079757
            ]
          ]
        ]
      }
    },
    {
      "type": "Feature",
      "properties": {
        "cell_id": "CEG2000_f4_r0007_c0092",
        "method": "GeoAnnulus-Final",
        "view": "annulus"
      },
      "geometry": {
        "type": "Polygon",
        "coordinates": [
          [
            [
              -0.7045703242440823,
              -0.44186356541999455
            ],
            [
              -0.7867655058453201,
              -0.4313613447079755
            ],
            [
              -0.83710314237337,
              -0.3439402476585944
            ],
            [
              -0.8202759222404858,
              -0.3336527201008601
            ],
            [
              -0.7590278755567406,
              -0.3722687342848549
            ],
            [
              -0.7048838011865489,
              -0.44106656418049733
            ],
            [
              -0.7045703242440823,
              -0.44186356541999455
            ]
          ]
        ]
      }
    },
    {
      "type": "Feature",
      "properties": {
        "cell_id": "CEG2000_f4_r0008_c0090",
        "method": "GeoAnnulus-Final",
        "view": "annulus"
      },
      "geometry": {
        "type": "Polygon",
        "coordinates": [
          [
            [
              -0.9244455954311106,
              -0.25677328448469083
            ],
            [
              -0.9125467048570362,
              -0.3646991180128246
            ],
            [
              -0.928563093990539,
              -0.3711520953403218
            ],
            [
              -0.930017223684012,
              -0.367515936594704
            ],
            [
              -0.9329927988347388,
              -0.35989503653498833
            ],
            [
              -0.9359059267573255,
              -0.3522500479212339
            ],
            [
              -0.9387564124698131,
              -0.34458148244908055
            ],
            [
              -0.9415440651830207,
              -0.33688985339222033
            ],
            [
              -0.9442686983133164,
              -0.32917567556803934
            ],
            [
              -0.9469301294951056,
              -0.32143946530316175
            ],
            [
              -0.9495281805930366,
              -0.3136817403988918
            ],
            [
              -0.9520626777139243,
              -0.30590302009655357
            ],
            [
              -0.9545334512183884,
              -0.2981038250427401
            ],
            [
              -0.9569403357322087,
              -0.2902846772544628
            ],
            [
              -0.9592831701573936,
              -0.28244610008421267
            ],
            [
              -0.9615617976829619,
              -0.2745886181849327
            ],
            [
              -0.9637760657954397,
              -0.2667127574748989
            ],
            [
              -0.9659258262890682,
              -0.258819045102521
            ],
            [
              -0.9680109352757226,
              -0.25090800941106045
            ],
            [
              -0.970031253194544,
              -0.24298017990326407
            ],
            [
              -0.9719866448212794,
              -0.23503608720592703
            ],
            [
              -0.9738769792773335,
              -0.22707626303437373
            ],
            [
              -0.9757021300385285,
              -0.21910124015687005
            ],
            [
              -0.9760369318925802,
              -0.21758124127494186
            ],
            [
              -0.9244455954311106,
              -0.25677328448469083
            ]
          ]
        ]
      }
    },
    {
      "type": "Feature",
      "properties": {
        "cell_id": "CEG2000_f4_r0008_c0091",
        "method": "GeoAnnulus-Final",
        "view": "annulus"
      },
      "geometry": {
        "type": "Polygon",
        "coordinates": [
          [
            [
              -0.859514227160244,
              -0.34903393229208635
            ],
            [
              -0.8849462285175156,
              -0.36593024694939696
            ],
            [
              -0.9125467048570348,
              -0.36469911801282423
            ],
            [
              -0.924445595431109,
              -0.25677328448469194
            ],
            [
              -0.9002773614066613,
              -0.26526411396444394
            ],
            [
              -0.859514227160244,
              -0.34903393229208635
            ]
          ]
        ]
      }
    },
    {
      "type": "Feature",
      "properties": {
        "cell_id": "CEG2000_f4_r0008_c0092",
        "method": "GeoAnnulus-Final",
        "view": "annulus"
      },
      "geometry": {
        "type": "Polygon",
        "coordinates": [
          [
            [
              -0.8253677214896431,
              -0.2831116764434519
            ],
            [
              -0.820275922240486,
              -0.33365272010085967
            ],
            [
              -0.8371031423733696,
              -0.34394024765859377
            ],
            [
              -0.8595142271602423,
              -0.34903393229208546
            ],
            [
              -0.9002773614066589,
              -0.2652641139644443
            ],
            [
              -0.8504303043342128,
              -0.26785056052566947
            ],
            [
              -0.8253677214896431,
              -0.2831116764434519
            ]
          ]
        ]
      }
    },
    {
      "type": "Feature",
      "properties": {
        "cell_id": "CEG2000_f4_r0008_c0093",
        "method": "GeoAnnulus-Final",
        "view": "annulus"
      },
      "geometry": {
        "type": "Polygon",
        "coordinates": [
          [
            [
              -0.7472777285078862,
              -0.26282953084415955
            ],
            [
              -0.7590278755567406,
              -0.3722687342848551
            ],
            [
              -0.820275922240486,
              -0.33365272010086017
            ],
            [
              -0.8253677214896431,
              -0.2831116764434515
            ],
            [
              -0.8081047619184312,
              -0.27304314244458155
            ],
            [
              -0.7472777285078862,
              -0.26282953084415955
            ]
          ]
        ]
      }
    },
    {
      "type": "Feature",
      "properties": {
        "cell_id": "CEG2000_f4_r0008_c0094",
        "method": "GeoAnnulus-Final",
        "view": "annulus"
      },
      "geometry": {
        "type": "Polygon",
        "coordinates": [
          [
            [
              -0.66984348110416,
              -0.30527501614863195
            ],
            [
              -0.7048838011865493,
              -0.4410665641804967
            ],
            [
              -0.7590278755567406,
              -0.3722687342848548
            ],
            [
              -0.7472777285078863,
              -0.26282953084415994
            ],
            [
              -0.7419560836726378,
              -0.25880710669315354
            ],
            [
              -0.66984348110416,
              -0.30527501614863195
            ]
          ]
        ]
      }
    },
    {
      "type": "Feature",
      "properties": {
        "cell_id": "CEG2000_f4_r0008_c0095",
        "method": "GeoAnnulus-Final",
        "view": "annulus"
      },
      "geometry": {
        "type": "Polygon",
        "coordinates": [
          [
            [
              -0.578006809950247,
              -0.5351265728449648
            ],
            [
              -0.6442560538290707,
              -0.5042687849888785
            ],
            [
              -0.7045703242440825,
              -0.4418635654199944
            ],
            [
              -0.704883801186549,
              -0.4410665641804974
            ],
            [
              -0.6698434811041595,
              -0.3052750161486317
            ],
            [
              -0.6614589859111413,
              -0.3037389479657516
            ],
            [
              -0.618585802349381,
              -0.34696064299508256
            ],
            [
              -0.577177880434233,
              -0.47191084529096494
            ],
            [
              -0.578006809950247,
              -0.5351265728449648
            ]
          ]
        ]
      }
    },
    {
      "type": "Feature",
      "properties": {
        "cell_id": "CEG2000_f4_r0009_c0092",
        "method": "GeoAnnulus-Final",
        "view": "annulus"
      },
      "geometry": {
        "type": "Polygon",
        "coordinates": [
          [
            [
              -0.8667722018187612,
              -0.18437578528017554
            ],
            [
              -0.8611584788666102,
              -0.18383962616278243
            ],
            [
              -0.850430304334213,
              -0.2678505605256691
            ],
            [
              -0.9002773614066605,
              -0.2652641139644438
            ],
            [
              -0.9244455954311099,
              -0.2567732844846913
            ],
            [
              -0.9760369318925802,
              -0.2175812412749417
            ],
            [
              -0.9764278392165627,
              -0.21580652381683818
            ],
            [
              -0.8667722018187612,
              -0.18437578528017554
            ]
          ]
        ]
      }
    },
    {
      "type": "Feature",
      "properties": {
        "cell_id": "CEG2000_f4_r0009_c0093",
        "method": "GeoAnnulus-Final",
        "view": "annulus"
      },
      "geometry": {
        "type": "Polygon",
        "coordinates": [
          [
            [
              -0.7975403819337532,
              -0.1719853629655702
            ],
            [
              -0.808104761918432,
              -0.27304314244458217
            ],
            [
              -0.8253677214896429,
              -0.2831116764434515
            ],
            [
              -0.8504303043342124,
              -0.2678505605256692
            ],
            [
              -0.8611584788666097,
              -0.18383962616278238
            ],
            [
              -0.8176277685614598,
              -0.16019961252862341
            ],
            [
              -0.7975403819337532,
              -0.1719853629655702
            ]
          ]
        ]
      }
    },
    {
      "type": "Feature",
      "properties": {
        "cell_id": "CEG2000_f4_r0009_c0094",
        "method": "GeoAnnulus-Final",
        "view": "annulus"
      },
      "geometry": {
        "type": "Polygon",
        "coordinates": [
          [
            [
              -0.7359061329659935,
              -0.19037626328130952
            ],
            [
              -0.741956083672638,
              -0.258807106693153
            ],
            [
              -0.7472777285078869,
              -0.26282953084415966
            ],
            [
              -0.8081047619184304,
              -0.2730431424445815
            ],
            [
              -0.7975403819337519,
              -0.1719853629655708
            ],
            [
              -0.7359061329659935,
              -0.19037626328130952
            ]
          ]
        ]
      }
    },
    {
      "type": "Feature",
      "properties": {
        "cell_id": "CEG2000_f4_r0009_c0095",
        "method": "GeoAnnulus-Final",
        "view": "annulus"
      },
      "geometry": {
        "type": "Polygon",
        "coordinates": [
          [
            [
              -0.6614589859111414,
              -0.3037389479657513
            ],
            [
              -0.6698434811041594,
              -0.30527501614863145
            ],
            [
              -0.7419560836726374,
              -0.2588071066931529
            ],
            [
              -0.7359061329659929,
              -0.19037626328130952
            ],
            [
              -0.6983175058630332,
              -0.17043758369873716
            ],
            [
              -0.6615928083430103,
              -0.16223982936616688
            ],
            [
              -0.6579656591638536,
              -0.1682968688532631
            ],
            [
              -0.6614589859111414,
              -0.3037389479657513
            ]
          ]
        ]
      }
    },
    {
      "type": "Feature",
      "properties": {
        "cell_id": "CEG2000_f4_r0009_c0096",
        "method": "GeoAnnulus-Final",
        "view": "annulus"
      },
      "geometry": {
        "type": "Polygon",
        "coordinates": [
          [
            [
              -0.5579368825134556,
              -0.2155586309991769
            ],
            [
              -0.6185858023493811,
              -0.3469606429950822
            ],
            [
              -0.6614589859111412,
              -0.30373894796575146
            ],
            [
              -0.6579656591638534,
              -0.16829686885326292
            ],
            [
              -0.5600974661799176,
              -0.21190928685042115
            ],
            [
              -0.5579368825134556,
              -0.2155586309991769
            ]
          ]
        ]
      }
    },
    {
      "type": "Feature",
      "properties": {
        "cell_id": "CEG2000_f4_r0009_c0097",
        "method": "GeoAnnulus-Final",
        "view": "annulus"
      },
      "geometry": {
        "type": "Polygon",
        "coordinates": [
          [
            [
              -0.45550330209745427,
              -0.3266710943339345
            ],
            [
              -0.5771778804342331,
              -0.4719108452909649
            ],
            [
              -0.6185858023493811,
              -0.34696064299508245
            ],
            [
              -0.5579368825134557,
              -0.21555863099917696
            ],
            [
              -0.45741105898344203,
              -0.259766393550705
            ],
            [
              -0.45550330209745427,
              -0.3266710943339345
            ]
          ]
        ]
      }
    },
    {
      "type": "Feature",
      "properties": {
        "cell_id": "CEG2000_f4_r0009_c0098",
        "method": "GeoAnnulus-Final",
        "view": "annulus"
      },
      "geometry": {
        "type": "Polygon",
        "coordinates": [
          [
            [
              -0.23259283870454223,
              -0.5535902373719626
            ],
            [
              -0.5258054200720761,
              -0.6025596231455334
            ],
            [
              -0.578006809950247,
              -0.5351265728449641
            ],
            [
              -0.577177880434233,
              -0.471910845290965
            ],
            [
              -0.45550330209745427,
              -0.3266710943339347
            ],
            [
              -0.23259283870454223,
              -0.5535902373719626
            ]
          ]
        ]
      }
    },
    {
      "type": "Feature",
      "properties": {
        "cell_id": "CEG2000_f4_r0009_c0099",
        "method": "GeoAnnulus-Final",
        "view": "annulus"
      },
      "geometry": {
        "type": "Polygon",
        "coordinates": [
          [
            [
              -0.5258054200720765,
              -0.6025596231455335
            ],
            [
              -0.23259283870454217,
              -0.5535902373719626
            ],
            [
              0.11582600590500336,
              -0.564984733611297
            ],
            [
              0.13472735029024607,
              -0.9908742757184467
            ],
            [
              0.1305261922200517,
              -0.9914448613738104
            ],
            [
              0.12241067519921628,
              -0.99247953459871
            ],
            [
              0.11428696496684666,
              -0.9934477790194444
            ],
            [
              0.1061556052604577,
              -0.994349529829318
            ],
            [
              0.09801714032956077,
              -0.9951847266721968
            ],
            [
              0.08987211489923509,
              -0.9959533136465477
            ],
            [
              0.0817210741336683,
              -0.9966552393091803
            ],
            [
              0.07356456359966768,
              -0.9972904566786902
            ],
            [
              0.06540312923014327,
              -0.9978589232386035
            ],
            [
              0.057237317287568784,
              -0.9983606009402225
            ],
            [
              0.049067674327418126,
              -0.9987954562051724
            ],
            [
              0.04089474716158352,
              -0.9991634599276488
            ],
            [
              0.03271908282177639,
              -0.9994645874763657
            ],
            [
              0.024541228522912486,
              -0.9996988186962042
            ],
            [
              0.016361731626486936,
              -0.9998661379095618
            ],
            [
              0.008181139603937236,
              -0.9999665339174011
            ],
            [
              6.123233995736766e-17,
              -1.0
            ],
            [
              -0.008181139603936892,
              -0.9999665339174011
            ],
            [
              -0.01636173162648659,
              -0.9998661379095618
            ],
            [
              -0.024541228522912142,
              -0.9996988186962042
            ],
            [
              -0.03271908282177604,
              -0.9994645874763657
            ],
            [
              -0.04089474716158317,
              -0.9991634599276488
            ],
            [
              -0.049067674327417786,
              -0.9987954562051724
            ],
            [
              -0.057237317287568444,
              -0.9983606009402225
            ],
            [
              -0.06540312923014292,
              -0.9978589232386035
            ],
            [
              -0.07356456359966733,
              -0.9972904566786902
            ],
            [
              -0.08172107413366796,
              -0.9966552393091803
            ],
            [
              -0.08987211489923475,
              -0.9959533136465477
            ],
            [
              -0.09801714032956042,
              -0.9951847266721969
            ],
            [
              -0.10615560526045735,
              -0.9943495298293181
            ],
            [
              -0.11428696496684632,
              -0.9934477790194444
            ],
            [
              -0.12241067519921595,
              -0.9924795345987101
            ],
            [
              -0.13052619222005138,
              -0.9914448613738105
            ],
            [
              -0.13863297284022652,
              -0.9903438285976649
            ],
            [
              -0.14673047445536164,
              -0.989176509964781
            ],
            [
              -0.15481815508214075,
              -0.9879429836063224
            ],
            [
              -0.16289547339458849,
              -0.9866433320848791
            ],
            [
              -0.17096188876030102,
              -0.9852776423889413
            ],
            [
              -0.17901686127663252,
              -0.9838460059270775
            ],
            [
              -0.18705985180683188,
              -0.9823485185218157
            ],
            [
              -0.19509032201612797,
              -0.9807852804032305
            ],
            [
              -0.20310773440776264,
              -0.9791563962022337
            ],
            [
              -0.21111155235896498,
              -0.9774619749435719
            ],
            [
              -0.21910124015686966,
              -0.9757021300385286
            ],
            [
              -0.22707626303437312,
              -0.9738769792773336
            ],
            [
              -0.23503608720592642,
              -0.9719866448212795
            ],
            [
              -0.24298017990326365,
              -0.9700312531945441
            ],
            [
              -0.25090800941105984,
              -0.9680109352757228
            ],
            [
              -0.25881904510252063,
              -0.9659258262890683
            ],
            [
              -0.2667127574748983,
              -0.9637760657954398
            ],
            [
              -0.2745886181849321,
              -0.961561797682962
            ],
            [
              -0.2824461000842123,
              -0.9592831701573937
            ],
            [
              -0.29028467725446216,
              -0.9569403357322089
            ],
            [
              -0.2981038250427397,
              -0.9545334512183885
            ],
            [
              -0.3059030200965532,
              -0.9520626777139244
            ],
            [
              -0.31368174039889124,
              -0.9495281805930368
            ],
            [
              -0.32143946530316136,
              -0.9469301294951057
            ],
            [
              -0.32917567556803873,
              -0.9442686983133166
            ],
            [
              -0.33688985339221994,
              -0.9415440651830208
            ],
            [
              -0.34458148244908016,
              -0.9387564124698133
            ],
            [
              -0.35225004792123327,
              -0.9359059267573258
            ],
            [
              -0.35989503653498794,
              -0.932992798834739
            ],
            [
              -0.3675159365947034,
              -0.9300172236840122
            ],
            [
              -0.3751122380170379,
              -0.926979400466833
            ],
            [
              -0.3826834323650895,
              -0.9238795325112868
            ],
            [
              -0.3902290128824278,
              -0.9207178272982478
            ],
            [
              -0.39774847452701084,
              -0.9174944964474914
            ],
            [
              -0.40524131400498975,
              -0.9142097557035307
            ],
            [
              -0.4127070298043946,
              -0.9108638249211759
            ],
            [
              -0.4201451222287024,
              -0.9074569280508187
            ],
            [
              -0.42755509343028186,
              -0.9039892931234434
            ],
            [
              -0.43493644744371673,
              -0.9004611522353638
            ],
            [
              -0.44228869021900113,
              -0.8968727415326884
            ],
            [
              -0.4496113296546063,
              -0.8932243011955154
            ],
            [
              -0.4569038756304206,
              -0.8895160754218561
            ],
            [
              -0.46416584004055134,
              -0.8857483124112906
            ],
            [
              -0.4713967368259973,
              -0.8819212643483553
            ],
            [
              -0.4785960820071807,
              -0.8780351873856628
            ],
            [
              -0.4857633937163398,
              -0.874090341626759
            ],
            [
              -0.492898192229784,
              -0.8700869911087115
            ],
            [
              -0.49999999999999983,
              -0.8660254037844387
            ],
            [
              -0.5070683416876167,
              -0.8619058515047745
            ],
            [
              -0.5141027441932217,
              -0.8577286100002721
            ],
            [
              -0.5211027366890232,
              -0.8534939588627506
            ],
            [
              -0.528067850650368,
              -0.8492021815265789
            ],
            [
              -0.534997619887097,
              -0.8448535652497072
            ],
            [
              -0.5364466249795397,
              -0.8439276671218775
            ],
            [
              -0.5258054200720765,
              -0.6025596231455335
            ]
          ]
        ]
      }
    },
    {
      "type": "Feature",
      "properties": {
        "cell_id": "CEG2000_f4_r0010_c0093",
        "method": "GeoAnnulus-Final",
        "view": "annulus"
      },
      "geometry": {
        "type": "Polygon",
        "coordinates": [
          [
            [
              -0.9360910399331764,
              -0.0749067395968134
            ],
            [
              -0.8667722018187597,
              -0.18437578528017545
            ],
            [
              -0.9764278392165627,
              -0.21580652381683862
            ],
            [
              -0.9774619749435718,
              -0.2111115523589656
            ],
            [
              -0.9791563962022337,
              -0.20310773440776303
            ],
            [
              -0.9807852804032304,
              -0.1950903220161286
            ],
            [
              -0.9823485185218156,
              -0.1870598518068325
            ],
            [
              -0.9838460059270774,
              -0.1790168612766329
            ],
            [
              -0.9852776423889412,
              -0.17096188876030163
            ],
            [
              -0.986643332084879,
              -0.1628954733945889
            ],
            [
              -0.9879429836063223,
              -0.15481815508214136
            ],
            [
              -0.9891765099647809,
              -0.14673047445536225
            ],
            [
              -0.9903438285976648,
              -0.1386329728402269
            ],
            [
              -0.9914448613738104,
              -0.130526192220052
            ],
            [
              -0.99247953459871,
              -0.12241067519921635
            ],
            [
              -0.9934477790194444,
              -0.11428696496684672
            ],
            [
              -0.994349529829318,
              -0.10615560526045797
            ],
            [
              -0.9944685418679409,
              -0.10499590822502876
            ],
            [
              -0.9360910399331764,
              -0.0749067395968134
            ]
          ]
        ]
      }
    },
    {
      "type": "Feature",
      "properties": {
        "cell_id": "CEG2000_f4_r0010_c0094",
        "method": "GeoAnnulus-Final",
        "view": "annulus"
      },
      "geometry": {
        "type": "Polygon",
        "coordinates": [
          [
            [
              -0.8224833590085011,
              -0.0610098700084892
            ],
            [
              -0.8176277685614601,
              -0.16019961252862314
            ],
            [
              -0.8611584788666101,
              -0.18383962616278218
            ],
            [
              -0.8667722018187598,
              -0.18437578528017512
            ],
            [
              -0.9360910399331768,
              -0.07490673959681304
            ],
            [
              -0.9009090078616574,
              -0.05122855806642749
            ],
            [
              -0.831600266487613,
              -0.0560294200758924
            ],
            [
              -0.8224833590085011,
              -0.0610098700084892
            ]
          ]
        ]
      }
    },
    {
      "type": "Feature",
      "properties": {
        "cell_id": "CEG2000_f4_r0010_c0095",
        "method": "GeoAnnulus-Final",
        "view": "annulus"
      },
      "geometry": {
        "type": "Polygon",
        "coordinates": [
          [
            [
              -0.6983175058630338,
              -0.17043758369873716
            ],
            [
              -0.7359061329659932,
              -0.1903762632813093
            ],
            [
              -0.7975403819337524,
              -0.1719853629655703
            ],
            [
              -0.8176277685614597,
              -0.16019961252862314
            ],
            [
              -0.8224833590085007,
              -0.0610098700084892
            ],
            [
              -0.7690392953276284,
              -0.05195953273826845
            ],
            [
              -0.6983175058630338,
              -0.17043758369873716
            ]
          ]
        ]
      }
    },
    {
      "type": "Feature",
      "properties": {
        "cell_id": "CEG2000_f4_r0010_c0096",
        "method": "GeoAnnulus-Final",
        "view": "annulus"
      },
      "geometry": {
        "type": "Polygon",
        "coordinates": [
          [
            [
              -0.6173785518331252,
              -0.05252519475045653
            ],
            [
              -0.6615928083430103,
              -0.16223982936616665
            ],
            [
              -0.6983175058630331,
              -0.1704375836987369
            ],
            [
              -0.769039295327628,
              -0.05195953273826833
            ],
            [
              -0.7251630384321738,
              -0.03351014634281588
            ],
            [
              -0.6219555158817768,
              -0.048901378702730564
            ],
            [
              -0.6173785518331252,
              -0.05252519475045653
            ]
          ]
        ]
      }
    },
    {
      "type": "Feature",
      "properties": {
        "cell_id": "CEG2000_f4_r0010_c0097",
        "method": "GeoAnnulus-Final",
        "view": "annulus"
      },
      "geometry": {
        "type": "Polygon",
        "coordinates": [
          [
            [
              -0.5600974661799175,
              -0.21190928685042126
            ],
            [
              -0.6579656591638533,
              -0.16829686885326317
            ],
            [
              -0.66159280834301,
              -0.16223982936616663
            ],
            [
              -0.617378551833125,
              -0.05252519475045655
            ],
            [
              -0.5222112556953784,
              -0.048375233840493664
            ],
            [
              -0.5600974661799175,
              -0.21190928685042126
            ]
          ]
        ]
      }
    },
    {
      "type": "Feature",
      "properties": {
        "cell_id": "CEG2000_f4_r0010_c0098",
        "method": "GeoAnnulus-Final",
        "view": "annulus"
      },
      "geometry": {
        "type": "Polygon",
        "coordinates": [
          [
            [
              -0.45741105898344203,
              -0.2597663935507049
            ],
            [
              -0.5579368825134554,
              -0.21555863099917696
            ],
            [
              -0.5600974661799175,
              -0.2119092868504209
            ],
            [
              -0.5222112556953785,
              -0.04837523384049375
            ],
            [
              -0.5017524526204095,
              -0.042147835881595846
            ],
            [
              -0.47798689909495484,
              -0.043887760949125276
            ],
            [
              -0.4776886688026545,
              -0.04704822735818919
            ],
            [
              -0.4772877743180726,
              -0.05095469052501982
            ],
            [
              -0.47685493392933326,
              -0.05485774318408642
            ],
            [
              -0.47639017660738076,
              -0.05875712409562384
            ],
            [
              -0.475893533459429,
              -0.06265257226562496
            ],
            [
              -0.4753650377268791,
              -0.06654382696330892
            ],
            [
              -0.4748047247830948,
              -0.07043062773857388
            ],
            [
              -0.47421263213103465,
              -0.07431271443942786
            ],
            [
              -0.4735887994007419,
              -0.07818982722940267
            ],
            [
              -0.47293326834669175,
              -0.08206170660494479
            ],
            [
              -0.47224608284499714,
              -0.08592809341278379
            ],
            [
              -0.47152728889047146,
              -0.0897887288672796
            ],
            [
              -0.4707769345935506,
              -0.09364335456774173
            ],
            [
              -0.46999507017707215,
              -0.09749171251572625
            ],
            [
              -0.46918174797291445,
              -0.10133354513230348
            ],
            [
              -0.4683370224184936,
              -0.10516859527529762
            ],
            [
              -0.46746095005312005,
              -0.10899660625649939
            ],
            [
              -0.4665535895142141,
              -0.11281732185884497
            ],
            [
              -0.4656150015333811,
              -0.11663048635356675
            ],
            [
              -0.4646452489323468,
              -0.12043584451730902
            ],
            [
              -0.46364439661875273,
              -0.12423314164921008
            ],
            [
              -0.46261251158181105,
              -0.12802212358795148
            ],
            [
              -0.4615496628878217,
              -0.13180253672876768
            ],
            [
              -0.46045592167554894,
              -0.13557412804042207
            ],
            [
              -0.45933136115146017,
              -0.13933664508214214
            ],
            [
              -0.4581760565848264,
              -0.14308983602051523
            ],
            [
              -0.45699008530268365,
              -0.1468334496463457
            ],
            [
              -0.45577352668465754,
              -0.15056723539146805
            ],
            [
              -0.45452646215765063,
              -0.15429094334551763
            ],
            [
              -0.45324897519039187,
              -0.15800432427265887
            ],
            [
              -0.4519411512878499,
              -0.16170712962826575
            ],
            [
              -0.4506030779855103,
              -0.16539911157555864
            ],
            [
              -0.4492348448435162,
              -0.16908002300219224
            ],
            [
              -0.44783654344067464,
              -0.17274961753679438
            ],
            [
              -0.44640826736832573,
              -0.1764076495654579
            ],
            [
              -0.4449501122240797,
              -0.18005387424817834
            ],
            [
              -0.4434621756054176,
              -0.18368804753524315
            ],
            [
              -0.4419445571031588,
              -0.18730992618356562
            ],
            [
              -0.4403973582947958,
              -0.1909192677729654
            ],
            [
              -0.4388206827376946,
              -0.19451583072239534
            ],
            [
              -0.4372146359621643,
              -0.1980993743061096
            ],
            [
              -0.4355793254643929,
              -0.2016696586697772
            ],
            [
              -0.43391486069925267,
              -0.20522644484653554
            ],
            [
              -0.43222135307297443,
              -0.2087694947729843
            ],
            [
              -0.4304989159356903,
              -0.2122985713051208
            ],
            [
              -0.4287476645738473,
              -0.21581343823421129
            ],
            [
              -0.42696771620249085,
              -0.21931386030260197
            ],
            [
              -0.42515918995741936,
              -0.2227996032194649
            ],
            [
              -0.42332220688721034,
              -0.22627043367647898
            ],
            [
              -0.421456889945118,
              -0.22972611936344697
            ],
            [
              -0.4212521528031276,
              -0.23009810219998134
            ],
            [
              -0.45741105898344203,
              -0.2597663935507049
            ]
          ]
        ]
      }
    },
    {
      "type": "Feature",
      "properties": {
        "cell_id": "CEG2000_f4_r0010_c0099",
        "method": "GeoAnnulus-Final",
        "view": "annulus"
      },
      "geometry": {
        "type": "Polygon",
        "coordinates": [
          [
            [
              0.11582600590500358,
              -0.564984733611297
            ],
            [
              -0.23259283870454245,
              -0.5535902373719626
            ],
            [
              -0.45550330209745443,
              -0.32667109433393476
            ],
            [
              -0.45741105898344214,
              -0.259766393550705
            ],
            [
              -0.42125215280312756,
              -0.23009810219998134
            ],
            [
              -0.41956336398084415,
              -0.23316642898384335
            ],
            [
              -0.41764175573218143,
              -0.23659113227029638
            ],
            [
              -0.41569219381653044,
              -0.24000000000000016
            ],
            [
              -0.4137148087222916,
              -0.24339280401005628
            ],
            [
              -0.41170973280013046,
              -0.24676931721274661
            ],
            [
              -0.40967710025412013,
              -0.2501293136107313
            ],
            [
              -0.4076170471327578,
              -0.2534725683121767
            ],
            [
              -0.4055297113198593,
              -0.25679885754580684
            ],
            [
              -0.4034152325253302,
              -0.26010795867588093
            ],
            [
              -0.4012737522758143,
              -0.2633996502170958
            ],
            [
              -0.3991054139052216,
              -0.2666737118494092
            ],
            [
              -0.3969103625451341,
              -0.2699299244327871
            ],
            [
              -0.39468874511509194,
              -0.2731680700218713
            ],
            [
              -0.3924407103127601,
              -0.2763879318805658
            ],
            [
              -0.3901664086039752,
              -0.279589294496545
            ],
            [
              -0.387865992212675,
              -0.28277194359567764
            ],
            [
              -0.3855396151107095,
              -0.28593566615636806
            ],
            [
              -0.383187433007535,
              -0.2890802504238155
            ],
            [
              -0.3808096033397928,
              -0.292205485924186
            ],
            [
              -0.37840628526077097,
              -0.2953111634787009
            ],
            [
              -0.37597763962975206,
              -0.29839707521763725
            ],
            [
              -0.37352382900124687,
              -0.30146301459424046
            ],
            [
              -0.37104501761411357,
              -0.30450877639855
            ],
            [
              -0.3685413713805657,
              -0.30753415677113327
            ],
            [
              -0.36601305787506627,
              -0.31053895321673153
            ],
            [
              -0.36346024632311247,
              -0.313522964617813
            ],
            [
              -0.3608831075899091,
              -0.31648599124803306
            ],
            [
              -0.35828181416893123,
              -0.3194278347856044
            ],
            [
              -0.35565654017038023,
              -0.3223482983265689
            ],
            [
              -0.3530074613095289,
              -0.3252471863979786
            ],
            [
              -0.35033475489496096,
              -0.32812430497097833
            ],
            [
              -0.34763859981670403,
              -0.33097946147379215
            ],
            [
              -0.3449191765342549,
              -0.33381246480461374
            ],
            [
              -0.3421766670645022,
              -0.33662312534439576
            ],
            [
              -0.3394112549695428,
              -0.33941125496954283
            ],
            [
              -0.33662312534439554,
              -0.34217666706450245
            ],
            [
              -0.3338124648046135,
              -0.34491917653425513
            ],
            [
              -0.330979461473792,
              -0.34763859981670425
            ],
            [
              -0.3281243049709781,
              -0.3503347548949612
            ],
            [
              -0.32524718639797856,
              -0.353007461309529
            ],
            [
              -0.3223482983265687,
              -0.35565654017038045
            ],
            [
              -0.3194278347856042,
              -0.35828181416893146
            ],
            [
              -0.3164859912480329,
              -0.36088310758990927
            ],
            [
              -0.3135229646178127,
              -0.3634602463231127
            ],
            [
              -0.3105389532167315,
              -0.3660130578750663
            ],
            [
              -0.30753415677113305,
              -0.3685413713805658
            ],
            [
              -0.3045087763985498,
              -0.3710450176141138
            ],
            [
              -0.30146301459424024,
              -0.3735238290012471
            ],
            [
              -0.29839707521763703,
              -0.3759776396297523
            ],
            [
              -0.29531116347870084,
              -0.378406285260771
            ],
            [
              -0.29220548592418577,
              -0.38080960333979297
            ],
            [
              -0.28908025042381524,
              -0.38318743300753516
            ],
            [
              -0.285935666156368,
              -0.38553961511070955
            ],
            [
              -0.2827719435956774,
              -0.3878659922126752
            ],
            [
              -0.27958929449654496,
              -0.3901664086039753
            ],
            [
              -0.2763879318805656,
              -0.3924407103127603
            ],
            [
              -0.27316807002187105,
              -0.39468874511509205
            ],
            [
              -0.26992992443278707,
              -0.3969103625451342
            ],
            [
              -0.2666737118494089,
              -0.39910541390522175
            ],
            [
              -0.26339965021709555,
              -0.40127375227581447
            ],
            [
              -0.26010795867588066,
              -0.4034152325253303
            ],
            [
              -0.25679885754580656,
              -0.40552971131985943
            ],
            [
              -0.2534725683121766,
              -0.40761704713275787
            ],
            [
              -0.2501293136107311,
              -0.40967710025412024
            ],
            [
              -0.2467693172127464,
              -0.4117097328001306
            ],
            [
              -0.24339280401005603,
              -0.41371480872229177
            ],
            [
              -0.2399999999999999,
              -0.41569219381653055
            ],
            [
              -0.2365911322702963,
              -0.4176417557321815
            ],
            [
              -0.2331664289838431,
              -0.4195633639808443
            ],
            [
              -0.22972611936344672,
              -0.4214568899451181
            ],
            [
              -0.2262704336764787,
              -0.4233222068872105
            ],
            [
              -0.22279960321946463,
              -0.42515918995741947
            ],
            [
              -0.2193138603026019,
              -0.4269677162024909
            ],
            [
              -0.21581343823421104,
              -0.4287476645738474
            ],
            [
              -0.21229857130512053,
              -0.4304989159356904
            ],
            [
              -0.20876949477298404,
              -0.4322213530729746
            ],
            [
              -0.2052264448465353,
              -0.43391486069925284
            ],
            [
              -0.20166965866977712,
              -0.43557932546439293
            ],
            [
              -0.1980993743061094,
              -0.4372146359621644
            ],
            [
              -0.19451583072239506,
              -0.4388206827376947
            ],
            [
              -0.1909192677729652,
              -0.4403973582947958
            ],
            [
              -0.18730992618356532,
              -0.44194455710315894
            ],
            [
              -0.18368804753524295,
              -0.4434621756054177
            ],
            [
              -0.1800538742481782,
              -0.4449501122240798
            ],
            [
              -0.17640764956545762,
              -0.44640826736832584
            ],
            [
              -0.17274961753679421,
              -0.4478365434406747
            ],
            [
              -0.16908002300219196,
              -0.44923484484351633
            ],
            [
              -0.16539911157555848,
              -0.45060307798551036
            ],
            [
              -0.16170712962826556,
              -0.45194115128784995
            ],
            [
              -0.1580043242726586,
              -0.453248975190392
            ],
            [
              -0.15429094334551746,
              -0.4545264621576507
            ],
            [
              -0.1505672353914678,
              -0.45577352668465765
            ],
            [
              -0.1468334496463455,
              -0.4569900853026837
            ],
            [
              -0.14308983602051503,
              -0.45817605658482646
            ],
            [
              -0.13933664508214183,
              -0.4593313611514603
            ],
            [
              -0.13557412804042188,
              -0.460455921675549
            ],
            [
              -0.1318025367287674,
              -0.46154966288782173
            ],
            [
              -0.12802212358795118,
              -0.4626125115818111
            ],
            [
              -0.1242331416492099,
              -0.4636443966187528
            ],
            [
              -0.12043584451730872,
              -0.46464524893234693
            ],
            [
              -0.11663048635356654,
              -0.46561500153338115
            ],
            [
              -0.11281732185884467,
              -0.46655358951421416
            ],
            [
              -0.1089966062564991,
              -0.4674609500531201
            ],
            [
              -0.10516859527529743,
              -0.4683370224184937
            ],
            [
              -0.10133354513230318,
              -0.4691817479729145
            ],
            [
              -0.09749171251572607,
              -0.46999507017707215
            ],
            [
              -0.09364335456774142,
              -0.47077693459355063
            ],
            [
              -0.0897887288672793,
              -0.4715272888904715
            ],
            [
              -0.08592809341278361,
              -0.4722460828449972
            ],
            [
              -0.08206170660494448,
              -0.4729332683466918
            ],
            [
              -0.07818982722940247,
              -0.47358879940074194
            ],
            [
              -0.07431271443942755,
              -0.4742126321310347
            ],
            [
              -0.07043062773857359,
              -0.4748047247830949
            ],
            [
              -0.06654382696330872,
              -0.47536503772687916
            ],
            [
              -0.06265257226562466,
              -0.47589353345942903
            ],
            [
              -0.05875712409562365,
              -0.4763901766073808
            ],
            [
              -0.05485774318408623,
              -0.47685493392933326
            ],
            [
              -0.050954690525019525,
              -0.4772877743180727
            ],
            [
              -0.047048227358189004,
              -0.4776886688026545
            ],
            [
              -0.04313861515163268,
              -0.47805759055034286
            ],
            [
              -0.039226115584160615,
              -0.47839451486840656
            ],
            [
              -0.035310990527840314,
              -0.4786994192057713
            ],
            [
              -0.031393502030468604,
              -0.47897228315452967
            ],
            [
              -0.02747391229803285,
              -0.4792130884513068
            ],
            [
              -0.023552483677160535,
              -0.47942181897848274
            ],
            [
              -0.019629478637559924,
              -0.4795984607652714
            ],
            [
              -0.015705159754452497,
              -0.4797430019886555
            ],
            [
              -0.011779789690997827,
              -0.47985543297417804
            ],
            [
              -0.007853631180713562,
              -0.47993574619658963
            ],
            [
              -0.003926947009889708,
              -0.4799839362803525
            ],
            [
              2.9391523179536474e-17,
              -0.48
            ],
            [
              0.003926947009889873,
              -0.4799839362803525
            ],
            [
              0.007853631180713729,
              -0.47993574619658963
            ],
            [
              0.011779789690997992,
              -0.47985543297417804
            ],
            [
              0.015705159754452663,
              -0.4797430019886555
            ],
            [
              0.01962947863756009,
              -0.4795984607652714
            ],
            [
              0.023552483677160698,
              -0.47942181897848274
            ],
            [
              0.027473912298033015,
              -0.4792130884513068
            ],
            [
              0.03139350203046877,
              -0.47897228315452967
            ],
            [
              0.03531099052784048,
              -0.4786994192057713
            ],
            [
              0.03922611558416078,
              -0.47839451486840656
            ],
            [
              0.04313861515163284,
              -0.47805759055034286
            ],
            [
              0.04704822735818917,
              -0.4776886688026545
            ],
            [
              0.05095469052501969,
              -0.4772877743180726
            ],
            [
              0.0548577431840864,
              -0.47685493392933326
            ],
            [
              0.05875712409562381,
              -0.47639017660738076
            ],
            [
              0.06265257226562482,
              -0.475893533459429
            ],
            [
              0.06654382696330889,
              -0.4753650377268791
            ],
            [
              0.07043062773857374,
              -0.4748047247830948
            ],
            [
              0.07431271443942772,
              -0.4742126321310347
            ],
            [
              0.07818982722940263,
              -0.4735887994007419
            ],
            [
              0.08206170660494465,
              -0.47293326834669175
            ],
            [
              0.08592809341278376,
              -0.47224608284499714
            ],
            [
              0.08978872886727945,
              -0.47152728889047146
            ],
            [
              0.0936433545677416,
              -0.4707769345935506
            ],
            [
              0.09749171251572622,
              -0.46999507017707215
            ],
            [
              0.10133354513230335,
              -0.46918174797291445
            ],
            [
              0.1051685952752976,
              -0.4683370224184936
            ],
            [
              0.10899660625649925,
              -0.4674609500531201
            ],
            [
              0.11281732185884484,
              -0.4665535895142141
            ],
            [
              0.11663048635356671,
              -0.4656150015333811
            ],
            [
              0.12043584451730888,
              -0.4646452489323469
            ],
            [
              0.12423314164921005,
              -0.46364439661875273
            ],
            [
              0.12802212358795134,
              -0.4626125115818111
            ],
            [
              0.13180253672876754,
              -0.4615496628878217
            ],
            [
              0.13557412804042204,
              -0.46045592167554894
            ],
            [
              0.13810158812046258,
              -0.45970050135433643
            ],
            [
              0.11582600590500358,
              -0.564984733611297
            ]
          ]
        ]
      }
    },
    {
      "type": "Feature",
      "properties": {
        "cell_id": "CEG2000_f4_r0010_c0101",
        "method": "GeoAnnulus-Final",
        "view": "annulus"
      },
      "geometry": {
        "type": "Polygon",
        "coordinates": [
          [
            [
              0.5184187750419427,
              -0.25358806392392297
            ],
            [
              0.5186547438879061,
              -0.25353766958051366
            ],
            [
              0.6640631120262555,
              -0.2480778354590385
            ],
            [
              0.734569975807851,
              -0.25353211935739484
            ],
            [
              0.8478977224259836,
              -0.27217636070769513
            ],
            [
              0.953641333610941,
              -0.3009198659379707
            ],
            [
              0.9520626777139243,
              -0.30590302009655346
            ],
            [
              0.9495281805930367,
              -0.31368174039889146
            ],
            [
              0.9469301294951057,
              -0.32143946530316153
            ],
            [
              0.9442686983133165,
              -0.32917567556803884
            ],
            [
              0.9415440651830208,
              -0.33688985339222005
            ],
            [
              0.9387564124698132,
              -0.34458148244908043
            ],
            [
              0.9359059267573258,
              -0.3522500479212335
            ],
            [
              0.932992798834739,
              -0.3598950365349881
            ],
            [
              0.9300172236840122,
              -0.3675159365947035
            ],
            [
              0.9269794004668329,
              -0.37511223801703797
            ],
            [
              0.9238795325112867,
              -0.3826834323650898
            ],
            [
              0.9207178272982477,
              -0.390229012882428
            ],
            [
              0.9174944964474914,
              -0.397748474527011
            ],
            [
              0.9142097557035307,
              -0.4052413140049898
            ],
            [
              0.9108638249211758,
              -0.41270702980439467
            ],
            [
              0.9074569280508187,
              -0.4201451222287024
            ],
            [
              0.9039892931234433,
              -0.42755509343028203
            ],
            [
              0.9004611522353636,
              -0.43493644744371707
            ],
            [
              0.8968727415326884,
              -0.44228869021900125
            ],
            [
              0.8932243011955153,
              -0.44961132965460654
            ],
            [
              0.8895160754218561,
              -0.4569038756304206
            ],
            [
              0.8857483124112906,
              -0.4641658400405515
            ],
            [
              0.881921264348355,
              -0.4713967368259976
            ],
            [
              0.8780351873856628,
              -0.4785960820071808
            ],
            [
              0.8740903416267589,
              -0.48576339371634003
            ],
            [
              0.8700869911087115,
              -0.4928981922297839
            ],
            [
              0.8660254037844387,
              -0.49999999999999994
            ],
            [
              0.8619058515047743,
              -0.507068341687617
            ],
            [
              0.8577286100002721,
              -0.5141027441932217
            ],
            [
              0.8534939588627505,
              -0.5211027366890234
            ],
            [
              0.849202181526579,
              -0.5280678506503679
            ],
            [
              0.8448535652497071,
              -0.5349976198870972
            ],
            [
              0.8404484010944381,
              -0.5418915805747516
            ],
            [
              0.8359869839079467,
              -0.5487492712856158
            ],
            [
              0.8314696123025452,
              -0.5555702330196022
            ],
            [
              0.8268965886356963,
              -0.562354009234973
            ],
            [
              0.8222682189897751,
              -0.5691001458788982
            ],
            [
              0.8175848131515837,
              -0.5758081914178452
            ],
            [
              0.8128466845916152,
              -0.582477696867802
            ],
            [
              0.8080541504430732,
              -0.5891082158243282
            ],
            [
              0.8032075314806449,
              -0.5956993044924332
            ],
            [
              0.7983071520990315,
              -0.6022505217162819
            ],
            [
              0.7933533402912353,
              -0.6087614290087205
            ],
            [
              0.7883464276266062,
              -0.6152315905806268
            ],
            [
              0.7832867492286505,
              -0.6216605733700773
            ],
            [
              0.7781746437525979,
              -0.6280479470713342
            ],
            [
              0.773010453362737,
              -0.6343932841636455
            ],
            [
              0.7677945237095121,
              -0.6406961599398607
            ],
            [
              0.7625272039063882,
              -0.6469561525348573
            ],
            [
              0.7572088465064847,
              -0.6531728429537766
            ],
            [
              0.7518398074789775,
              -0.6593458151000688
            ],
            [
              0.7464204461852738,
              -0.6654746558033421
            ],
            [
              0.7409511253549592,
              -0.6715589548470183
            ],
            [
              0.7354322110615187,
              -0.6775983049957887
            ],
            [
              0.7298640726978357,
              -0.6835923020228711
            ],
            [
              0.724247082951467,
              -0.6895405447370668
            ],
            [
              0.7185816177796982,
              -0.6954426350096116
            ],
            [
              0.71286805638438,
              -0.7012981778008243
            ],
            [
              0.7071067811865476,
              -0.7071067811865475
            ],
            [
              0.7012981778008244,
              -0.7128680563843798
            ],
            [
              0.6954426350096117,
              -0.7185816177796981
            ],
            [
              0.689540544737067,
              -0.7242470829514669
            ],
            [
              0.6835923020228714,
              -0.7298640726978356
            ],
            [
              0.6775983049957888,
              -0.7354322110615186
            ],
            [
              0.6715589548470184,
              -0.740951125354959
            ],
            [
              0.6654746558033422,
              -0.7464204461852738
            ],
            [
              0.659345815100069,
              -0.7518398074789774
            ],
            [
              0.6531728429537769,
              -0.7572088465064845
            ],
            [
              0.6469561525348575,
              -0.7625272039063881
            ],
            [
              0.6406961599398608,
              -0.767794523709512
            ],
            [
              0.6343932841636456,
              -0.7730104533627369
            ],
            [
              0.6280479470713343,
              -0.7781746437525978
            ],
            [
              0.6216605733700774,
              -0.7832867492286504
            ],
            [
              0.6152315905806269,
              -0.7883464276266062
            ],
            [
              0.6087614290087207,
              -0.7933533402912352
            ],
            [
              0.6022505217162821,
              -0.7983071520990314
            ],
            [
              0.5956993044924335,
              -0.8032075314806448
            ],
            [
              0.5891082158243284,
              -0.808054150443073
            ],
            [
              0.5824776968678023,
              -0.8128466845916151
            ],
            [
              0.5758081914178453,
              -0.8175848131515837
            ],
            [
              0.5691001458788983,
              -0.822268218989775
            ],
            [
              0.5623540092349731,
              -0.8268965886356962
            ],
            [
              0.5555702330196024,
              -0.8314696123025451
            ],
            [
              0.548749271285616,
              -0.8359869839079467
            ],
            [
              0.5418915805747517,
              -0.840448401094438
            ],
            [
              0.5349976198870973,
              -0.844853565249707
            ],
            [
              0.5280678506503681,
              -0.8492021815265789
            ],
            [
              0.5211027366890234,
              -0.8534939588627504
            ],
            [
              0.5141027441932219,
              -0.857728610000272
            ],
            [
              0.5070683416876172,
              -0.8619058515047742
            ],
            [
              0.5000000000000001,
              -0.8660254037844386
            ],
            [
              0.4928981922297841,
              -0.8700869911087113
            ],
            [
              0.4857633937163401,
              -0.8740903416267588
            ],
            [
              0.478596082007181,
              -0.8780351873856627
            ],
            [
              0.4713967368259978,
              -0.8819212643483549
            ],
            [
              0.46416584004055167,
              -0.8857483124112905
            ],
            [
              0.45690387563042073,
              -0.889516075421856
            ],
            [
              0.4496113296546066,
              -0.8932243011955153
            ],
            [
              0.44228869021900147,
              -0.8968727415326883
            ],
            [
              0.43493644744371723,
              -0.9004611522353636
            ],
            [
              0.4275550934302822,
              -0.9039892931234433
            ],
            [
              0.4201451222287025,
              -0.9074569280508187
            ],
            [
              0.41270702980439494,
              -0.9108638249211757
            ],
            [
              0.40524131400499,
              -0.9142097557035306
            ],
            [
              0.3977484745270112,
              -0.9174944964474913
            ],
            [
              0.3902290128824281,
              -0.9207178272982476
            ],
            [
              0.38268343236508984,
              -0.9238795325112867
            ],
            [
              0.3751122380170382,
              -0.9269794004668328
            ],
            [
              0.3675159365947037,
              -0.9300172236840121
            ],
            [
              0.3598950365349883,
              -0.9329927988347388
            ],
            [
              0.3522500479212336,
              -0.9359059267573256
            ],
            [
              0.3445814824490805,
              -0.9387564124698132
            ],
            [
              0.3368898533922203,
              -0.9415440651830207
            ],
            [
              0.32917567556803906,
              -0.9442686983133165
            ],
            [
              0.3214394653031617,
              -0.9469301294951056
            ],
            [
              0.3136817403988916,
              -0.9495281805930367
            ],
            [
              0.3059030200965535,
              -0.9520626777139243
            ],
            [
              0.29810382504274,
              -0.9545334512183884
            ],
            [
              0.2902846772544625,
              -0.9569403357322088
            ],
            [
              0.2824461000842126,
              -0.9592831701573936
            ],
            [
              0.2745886181849324,
              -0.9615617976829619
            ],
            [
              0.26671275747489864,
              -0.9637760657954398
            ],
            [
              0.25881904510252096,
              -0.9659258262890682
            ],
            [
              0.2509080094110602,
              -0.9680109352757227
            ],
            [
              0.24298017990326398,
              -0.970031253194544
            ],
            [
              0.23503608720592675,
              -0.9719866448212794
            ],
            [
              0.22707626303437345,
              -0.9738769792773336
            ],
            [
              0.21910124015687,
              -0.9757021300385285
            ],
            [
              0.2111115523589653,
              -0.9774619749435718
            ],
            [
              0.20310773440776297,
              -0.9791563962022337
            ],
            [
              0.19509032201612833,
              -0.9807852804032304
            ],
            [
              0.1870598518068322,
              -0.9823485185218156
            ],
            [
              0.17901686127663285,
              -0.9838460059270774
            ],
            [
              0.17096188876030136,
              -0.9852776423889412
            ],
            [
              0.16289547339458882,
              -0.986643332084879
            ],
            [
              0.15481815508214108,
              -0.9879429836063224
            ],
            [
              0.14673047445536197,
              -0.9891765099647809
            ],
            [
              0.13863297284022685,
              -0.9903438285976648
            ],
            [
              0.13472735029024627,
              -0.9908742757184467
            ],
            [
              0.11582600590500361,
              -0.5649847336112969
            ],
            [
              0.13810158812046258,
              -0.45970050135433643
            ],
            [
              0.139336645082142,
              -0.4593313611514602
            ],
            [
              0.1430898360205152,
              -0.4581760565848264
            ],
            [
              0.14683344964634568,
              -0.45699008530268365
            ],
            [
              0.15056723539146796,
              -0.4557735266846576
            ],
            [
              0.1542909433455176,
              -0.45452646215765063
            ],
            [
              0.15800432427265873,
              -0.4532489751903919
            ],
            [
              0.16170712962826572,
              -0.4519411512878499
            ],
            [
              0.16539911157555862,
              -0.45060307798551036
            ],
            [
              0.16908002300219213,
              -0.4492348448435163
            ],
            [
              0.17274961753679435,
              -0.44783654344067464
            ],
            [
              0.1764076495654578,
              -0.4464082673683258
            ],
            [
              0.1800538742481783,
              -0.4449501122240797
            ],
            [
              0.18368804753524312,
              -0.4434621756054176
            ],
            [
              0.18730992618356548,
              -0.44194455710315883
            ],
            [
              0.19091926777296536,
              -0.4403973582947958
            ],
            [
              0.1945158307223952,
              -0.43882068273769465
            ],
            [
              0.19809937430610958,
              -0.4372146359621643
            ],
            [
              0.20166965866977718,
              -0.43557932546439293
            ],
            [
              0.20522644484653543,
              -0.4339148606992528
            ],
            [
              0.20876949477298426,
              -0.4322213530729745
            ],
            [
              0.2122985713051207,
              -0.43049891593569034
            ],
            [
              0.21581343823421115,
              -0.42874766457384733
            ],
            [
              0.21931386030260194,
              -0.42696771620249085
            ],
            [
              0.2227996032194648,
              -0.4251591899574194
            ],
            [
              0.22627043367647895,
              -0.42332220688721034
            ],
            [
              0.2297261193634469,
              -0.42145688994511804
            ],
            [
              0.23316642898384324,
              -0.4195633639808442
            ],
            [
              0.23659113227029635,
              -0.41764175573218143
            ],
            [
              0.24000000000000005,
              -0.4156921938165305
            ],
            [
              0.24339280401005622,
              -0.4137148087222916
            ],
            [
              0.2467693172127465,
              -0.41170973280013057
            ],
            [
              0.2501293136107312,
              -0.4096771002541202
            ],
            [
              0.2534725683121767,
              -0.40761704713275787
            ],
            [
              0.25679885754580667,
              -0.4055297113198593
            ],
            [
              0.2601079586758808,
              -0.40341523252533024
            ],
            [
              0.26339965021709566,
              -0.4012737522758144
            ],
            [
              0.26667371184940913,
              -0.39910541390522164
            ],
            [
              0.26992992443278707,
              -0.3969103625451341
            ],
            [
              0.2731680700218712,
              -0.394688745115092
            ],
            [
              0.27638793188056576,
              -0.3924407103127602
            ],
            [
              0.27958929449654507,
              -0.3901664086039752
            ],
            [
              0.2827719435956776,
              -0.38786599221267504
            ],
            [
              0.28593566615636806,
              -0.3855396151107095
            ],
            [
              0.2890802504238154,
              -0.38318743300753505
            ],
            [
              0.2922054859241859,
              -0.38080960333979286
            ],
            [
              0.2953111634787009,
              -0.37840628526077097
            ],
            [
              0.29839707521763714,
              -0.37597763962975217
            ],
            [
              0.30146301459424046,
              -0.3735238290012469
            ],
            [
              0.3045087763985499,
              -0.3710450176141137
            ],
            [
              0.3075341567711332,
              -0.36854137138056575
            ],
            [
              0.3105389532167316,
              -0.36601305787506627
            ],
            [
              0.31352296461781287,
              -0.3634602463231125
            ],
            [
              0.31648599124803306,
              -0.36088310758990916
            ],
            [
              0.31942783478560427,
              -0.3582818141689314
            ],
            [
              0.32234829832656886,
              -0.3556565401703803
            ],
            [
              0.3252471863979786,
              -0.3530074613095289
            ],
            [
              0.3281243049709782,
              -0.3503347548949611
            ],
            [
              0.33097946147379215,
              -0.3476385998167041
            ],
            [
              0.3338124648046136,
              -0.3449191765342551
            ],
            [
              0.3366231253443957,
              -0.3421766670645023
            ],
            [
              0.33941125496954283,
              -0.3394112549695428
            ],
            [
              0.3421766670645024,
              -0.33662312534439565
            ],
            [
              0.34491917653425513,
              -0.3338124648046135
            ],
            [
              0.34763859981670414,
              -0.3309794614737921
            ],
            [
              0.35033475489496113,
              -0.3281243049709781
            ],
            [
              0.353007461309529,
              -0.32524718639797856
            ],
            [
              0.3556565401703804,
              -0.3223482983265688
            ],
            [
              0.3582818141689314,
              -0.3194278347856042
            ],
            [
              0.36088310758990916,
              -0.31648599124803306
            ],
            [
              0.36346024632311263,
              -0.31352296461781276
            ],
            [
              0.3660130578750663,
              -0.3105389532167315
            ],
            [
              0.36854137138056575,
              -0.30753415677113316
            ],
            [
              0.37104501761411374,
              -0.30450877639854984
            ],
            [
              0.373523829001247,
              -0.3014630145942404
            ],
            [
              0.3759776396297522,
              -0.2983970752176371
            ],
            [
              0.37601431241092514,
              -0.2983504776554091
            ],
            [
              0.5184187750419427,
              -0.25358806392392297
            ]
          ]
        ]
      }
    },
    {
      "type": "Feature",
      "properties": {
        "cell_id": "CEG2000_f4_r0011_c0094",
        "method": "GeoAnnulus-Final",
        "view": "annulus"
      },
      "geometry": {
        "type": "Polygon",
        "coordinates": [
          [
            [
              -0.9344540685998068,
              0.10062106999389395
            ],
            [
              -0.9009090078616567,
              -0.05122855806642729
            ],
            [
              -0.936091039933177,
              -0.07490673959681368
            ],
            [
              -0.9944685418679409,
              -0.10499590822502873
            ],
            [
              -0.9951847266721968,
              -0.09801714032956083
            ],
            [
              -0.9959533136465477,
              -0.08987211489923537
            ],
            [
              -0.9966552393091803,
              -0.08172107413366836
            ],
            [
              -0.9972904566786902,
              -0.07356456359966773
            ],
            [
              -0.9978589232386035,
              -0.06540312923014356
            ],
            [
              -0.9983606009402225,
              -0.05723731728756885
            ],
            [
              -0.9987954562051724,
              -0.04906767432741841
            ],
            [
              -0.9991634599276488,
              -0.04089474716158358
            ],
            [
              -0.9994645874763657,
              -0.03271908282177645
            ],
            [
              -0.9996988186962042,
              -0.02454122852291277
            ],
            [
              -0.9998661379095618,
              -0.016361731626486995
            ],
            [
              -0.9999665339174011,
              -0.00818113960393752
            ],
            [
              -1.0,
              -1.2246467991473532e-16
            ],
            [
              -0.9999665339174011,
              0.008181139603936832
            ],
            [
              -0.9998661379095618,
              0.016361731626486308
            ],
            [
              -0.9996988186962042,
              0.02454122852291208
            ],
            [
              -0.9994645874763657,
              0.03271908282177576
            ],
            [
              -0.9991634599276488,
              0.04089474716158289
            ],
            [
              -0.9987954562051724,
              0.049067674327417724
            ],
            [
              -0.9983606009402225,
              0.05723731728756816
            ],
            [
              -0.9978589232386035,
              0.06540312923014287
            ],
            [
              -0.9972904566786902,
              0.07356456359966705
            ],
            [
              -0.9966552393091803,
              0.08172107413366768
            ],
            [
              -0.9959533136465478,
              0.08987211489923469
            ],
            [
              -0.9951847266721969,
              0.09801714032956015
            ],
            [
              -0.9948257909081459,
              0.10151474230576626
            ],
            [
              -0.9344540685998068,
              0.10062106999389395
            ]
          ]
        ]
      }
    },
    {
      "type": "Feature",
      "properties": {
        "cell_id": "CEG2000_f4_r0011_c0095",
        "method": "GeoAnnulus-Final",
        "view": "annulus"
      },
      "geometry": {
        "type": "Polygon",
        "coordinates": [
          [
            [
              -0.8229815933850937,
              0.11634980136479602
            ],
            [
              -0.8316002664876131,
              -0.05602942007589225
            ],
            [
              -0.9009090078616566,
              -0.051228558066427406
            ],
            [
              -0.9344540685998068,
              0.10062106999389409
            ],
            [
              -0.9156610045648284,
              0.11069156326842246
            ],
            [
              -0.8229815933850937,
              0.11634980136479602
            ]
          ]
        ]
      }
    },
    {
      "type": "Feature",
      "properties": {
        "cell_id": "CEG2000_f4_r0011_c0096",
        "method": "GeoAnnulus-Final",
        "view": "annulus"
      },
      "geometry": {
        "type": "Polygon",
        "coordinates": [
          [
            [
              -0.7251630384321737,
              -0.033510146342815864
            ],
            [
              -0.769039295327628,
              -0.05195953273826836
            ],
            [
              -0.8224833590085008,
              -0.0610098700084892
            ],
            [
              -0.8316002664876132,
              -0.05602942007589225
            ],
            [
              -0.8229815933850938,
              0.11634980136479599
            ],
            [
              -0.779356872371204,
              0.13655853592207956
            ],
            [
              -0.7584455027267293,
              0.13643546663422768
            ],
            [
              -0.7251630384321737,
              -0.033510146342815864
            ]
          ]
        ]
      }
    },
    {
      "type": "Feature",
      "properties": {
        "cell_id": "CEG2000_f4_r0011_c0097",
        "method": "GeoAnnulus-Final",
        "view": "annulus"
      },
      "geometry": {
        "type": "Polygon",
        "coordinates": [
          [
            [
              -0.6219555158817767,
              -0.048901378702730564
            ],
            [
              -0.7251630384321738,
              -0.033510146342815864
            ],
            [
              -0.7584455027267294,
              0.13643546663422765
            ],
            [
              -0.6904815663856505,
              0.16073281371129616
            ],
            [
              -0.6667872877058103,
              0.15931157631787576
            ],
            [
              -0.6219555158817767,
              -0.048901378702730564
            ]
          ]
        ]
      }
    },
    {
      "type": "Feature",
      "properties": {
        "cell_id": "CEG2000_f4_r0011_c0098",
        "method": "GeoAnnulus-Final",
        "view": "annulus"
      },
      "geometry": {
        "type": "Polygon",
        "coordinates": [
          [
            [
              -0.5017524526204094,
              -0.04214783588159581
            ],
            [
              -0.5222112556953786,
              -0.04837523384049377
            ],
            [
              -0.6173785518331251,
              -0.05252519475045664
            ],
            [
              -0.6219555158817769,
              -0.04890137870273055
            ],
            [
              -0.6667872877058104,
              0.1593115763178758
            ],
            [
              -0.5900916437657703,
              0.19249645016853748
            ],
            [
              -0.5017524526204094,
              -0.04214783588159581
            ]
          ]
        ]
      }
    },
    {
      "type": "Feature",
      "properties": {
        "cell_id": "CEG2000_f4_r0011_c0099",
        "method": "GeoAnnulus-Final",
        "view": "annulus"
      },
      "geometry": {
        "type": "Polygon",
        "coordinates": [
          [
            [
              -0.5017524526204096,
              -0.04214783588159586
            ],
            [
              -0.5900916437657705,
              0.19249645016853742
            ],
            [
              -0.5857166122760676,
              0.19690900175966372
            ],
            [
              -0.4191870117960246,
              0.2850367008047938
            ],
            [
              -0.3945682012312702,
              0.27334072511307095
            ],
            [
              -0.3946887451150921,
              0.27316807002187105
            ],
            [
              -0.3969103625451343,
              0.2699299244327869
            ],
            [
              -0.3991054139052218,
              0.2666737118494089
            ],
            [
              -0.40127375227581447,
              0.2633996502170955
            ],
            [
              -0.40341523252533035,
              0.2601079586758806
            ],
            [
              -0.40552971131985943,
              0.2567988575458065
            ],
            [
              -0.40761704713275804,
              0.2534725683121764
            ],
            [
              -0.40967710025412024,
              0.25012931361073104
            ],
            [
              -0.4117097328001307,
              0.24676931721274634
            ],
            [
              -0.41371480872229177,
              0.24339280401005603
            ],
            [
              -0.4156921938165306,
              0.23999999999999988
            ],
            [
              -0.4176417557321816,
              0.2365911322702961
            ],
            [
              -0.4195633639808443,
              0.23316642898384304
            ],
            [
              -0.4214568899451181,
              0.2297261193634467
            ],
            [
              -0.4233222068872105,
              0.22627043367647867
            ],
            [
              -0.4251591899574195,
              0.2227996032194646
            ],
            [
              -0.426967716202491,
              0.21931386030260167
            ],
            [
              -0.42874766457384744,
              0.215813438234211
            ],
            [
              -0.4304989159356904,
              0.2122985713051205
            ],
            [
              -0.4322213530729746,
              0.208769494772984
            ],
            [
              -0.43391486069925284,
              0.20522644484653527
            ],
            [
              -0.43557932546439304,
              0.20166965866977693
            ],
            [
              -0.4372146359621645,
              0.1980993743061093
            ],
            [
              -0.43882068273769476,
              0.19451583072239503
            ],
            [
              -0.44039735829479587,
              0.19091926777296508
            ],
            [
              -0.44194455710315894,
              0.1873099261835653
            ],
            [
              -0.44346217560541773,
              0.18368804753524282
            ],
            [
              -0.4449501122240799,
              0.18005387424817806
            ],
            [
              -0.44640826736832584,
              0.1764076495654576
            ],
            [
              -0.44783654344067475,
              0.17274961753679408
            ],
            [
              -0.4492348448435164,
              0.16908002300219194
            ],
            [
              -0.4506030779855104,
              0.16539911157555837
            ],
            [
              -0.45194115128785,
              0.16170712962826544
            ],
            [
              -0.453248975190392,
              0.15800432427265856
            ],
            [
              -0.45452646215765075,
              0.15429094334551732
            ],
            [
              -0.45577352668465765,
              0.15056723539146777
            ],
            [
              -0.4569900853026837,
              0.1468334496463454
            ],
            [
              -0.4581760565848265,
              0.14308983602051495
            ],
            [
              -0.4593313611514603,
              0.1393366450821418
            ],
            [
              -0.460455921675549,
              0.13557412804042177
            ],
            [
              -0.46154966288782173,
              0.13180253672876738
            ],
            [
              -0.46261251158181116,
              0.12802212358795115
            ],
            [
              -0.46364439661875284,
              0.12423314164920976
            ],
            [
              -0.46464524893234693,
              0.12043584451730867
            ],
            [
              -0.46561500153338115,
              0.11663048635356642
            ],
            [
              -0.46655358951421416,
              0.11281732185884465
            ],
            [
              -0.4674609500531201,
              0.10899660625649905
            ],
            [
              -0.46833702241849373,
              0.1051685952752973
            ],
            [
              -0.4691817479729145,
              0.10133354513230315
            ],
            [
              -0.4699950701770722,
              0.09749171251572593
            ],
            [
              -0.47077693459355063,
              0.0936433545677414
            ],
            [
              -0.4715272888904715,
              0.08978872886727926
            ],
            [
              -0.4722460828449972,
              0.08592809341278347
            ],
            [
              -0.4729332683466918,
              0.08206170660494447
            ],
            [
              -0.47358879940074194,
              0.07818982722940233
            ],
            [
              -0.4742126321310347,
              0.07431271443942752
            ],
            [
              -0.4748047247830949,
              0.07043062773857356
            ],
            [
              -0.47536503772687916,
              0.06654382696330859
            ],
            [
              -0.47589353345942903,
              0.06265257226562464
            ],
            [
              -0.4763901766073808,
              0.05875712409562351
            ],
            [
              -0.4768549339293333,
              0.054857743184086094
            ],
            [
              -0.4772877743180727,
              0.0509546905250195
            ],
            [
              -0.4776886688026545,
              0.047048227358188865
            ],
            [
              -0.4780575905503429,
              0.04313861515163265
            ],
            [
              -0.47839451486840656,
              0.03922611558416048
            ],
            [
              -0.4786994192057713,
              0.03531099052784018
            ],
            [
              -0.47897228315452967,
              0.031393502030468576
            ],
            [
              -0.4792130884513068,
              0.027473912298032716
            ],
            [
              -0.47942181897848274,
              0.023552483677160507
            ],
            [
              -0.4795984607652714,
              0.019629478637559785
            ],
            [
              -0.4797430019886555,
              0.015705159754452365
            ],
            [
              -0.47985543297417804,
              0.011779789690997798
            ],
            [
              -0.47993574619658963,
              0.007853631180713428
            ],
            [
              -0.4799839362803525,
              0.003926947009889679
            ],
            [
              -0.48,
              -5.878304635907295e-17
            ],
            [
              -0.4799839362803525,
              -0.00392694700989001
            ],
            [
              -0.47993574619658963,
              -0.007853631180713758
            ],
            [
              -0.47985543297417804,
              -0.011779789690998129
            ],
            [
              -0.4797430019886555,
              -0.015705159754452695
            ],
            [
              -0.4795984607652714,
              -0.019629478637560118
            ],
            [
              -0.47942181897848274,
              -0.023552483677160837
            ],
            [
              -0.4792130884513068,
              -0.027473912298033046
            ],
            [
              -0.47897228315452967,
              -0.03139350203046891
            ],
            [
              -0.4786994192057713,
              -0.03531099052784051
            ],
            [
              -0.47839451486840656,
              -0.03922611558416081
            ],
            [
              -0.47805759055034286,
              -0.043138615151632975
            ],
            [
              -0.47798689909495484,
              -0.0438877609491253
            ],
            [
              -0.5017524526204096,
              -0.04214783588159586
            ]
          ]
        ]
      }
    },
    {
      "type": "Feature",
      "properties": {
        "cell_id": "CEG2000_f4_r0011_c0100",
        "method": "GeoAnnulus-Final",
        "view": "annulus"
      },
      "geometry": {
        "type": "Polygon",
        "coordinates": [
          [
            [
              -0.22235226938470865,
              0.46159003273654736
            ],
            [
              -0.19803613093848788,
              0.5159576337551955
            ],
            [
              0.11246069448112289,
              0.5148338292986399
            ],
            [
              0.13078328561339933,
              0.48751697796617366
            ],
            [
              0.12740400194972396,
              0.4627808498003112
            ],
            [
              0.12423314164920973,
              0.46364439661875284
            ],
            [
              0.12043584451730845,
              0.464645248932347
            ],
            [
              0.1166304863535666,
              0.4656150015333811
            ],
            [
              0.11281732185884462,
              0.46655358951421416
            ],
            [
              0.10899660625649883,
              0.4674609500531202
            ],
            [
              0.10516859527529705,
              0.4683370224184938
            ],
            [
              0.10133354513230314,
              0.4691817479729145
            ],
            [
              0.0974917125157259,
              0.4699950701770722
            ],
            [
              0.09364335456774116,
              0.4707769345935507
            ],
            [
              0.08978872886727923,
              0.4715272888904715
            ],
            [
              0.08592809341278344,
              0.4722460828449972
            ],
            [
              0.08206170660494422,
              0.4729332683466918
            ],
            [
              0.07818982722940253,
              0.4735887994007419
            ],
            [
              0.0743127144394275,
              0.4742126321310347
            ],
            [
              0.07043062773857332,
              0.47480472478309493
            ],
            [
              0.06654382696330834,
              0.4753650377268792
            ],
            [
              0.06265257226562461,
              0.47589353345942903
            ],
            [
              0.05875712409562348,
              0.4763901766073808
            ],
            [
              0.05485774318408585,
              0.4768549339293333
            ],
            [
              0.05095469052501947,
              0.4772877743180727
            ],
            [
              0.047048227358188845,
              0.4776886688026545
            ],
            [
              0.043138615151632406,
              0.4780575905503429
            ],
            [
              0.03922611558416066,
              0.47839451486840656
            ],
            [
              0.03531099052784015,
              0.4786994192057713
            ],
            [
              0.03139350203046833,
              0.4789722831545297
            ],
            [
              0.0274739122980329,
              0.4792130884513068
            ],
            [
              0.023552483677160476,
              0.47942181897848274
            ],
            [
              0.019629478637559757,
              0.4795984607652714
            ],
            [
              0.015705159754452122,
              0.4797430019886555
            ],
            [
              0.01177978969099777,
              0.47985543297417804
            ],
            [
              0.007853631180713397,
              0.47993574619658963
            ],
            [
              0.003926947009889436,
              0.4799839362803525
            ],
            [
              -8.817456953860942e-17,
              0.48
            ],
            [
              -0.0039269470098900385,
              0.4799839362803525
            ],
            [
              -0.007853631180714,
              0.47993574619658963
            ],
            [
              -0.011779789690997947,
              0.47985543297417804
            ],
            [
              -0.015705159754452726,
              0.4797430019886555
            ],
            [
              -0.019629478637560357,
              0.4795984607652714
            ],
            [
              -0.02355248367716108,
              0.4794218189784827
            ],
            [
              -0.027473912298033077,
              0.4792130884513068
            ],
            [
              -0.03139350203046894,
              0.47897228315452967
            ],
            [
              -0.03531099052784076,
              0.4786994192057713
            ],
            [
              -0.039226115584160844,
              0.47839451486840656
            ],
            [
              -0.04313861515163301,
              0.47805759055034286
            ],
            [
              -0.04704822735818944,
              0.4776886688026545
            ],
            [
              -0.05095469052501964,
              0.4772877743180727
            ],
            [
              -0.05485774318408645,
              0.47685493392933326
            ],
            [
              -0.058757124095624086,
              0.47639017660738076
            ],
            [
              -0.06265257226562519,
              0.4758935334594289
            ],
            [
              -0.06654382696330895,
              0.4753650377268791
            ],
            [
              -0.0704306277385739,
              0.4748047247830948
            ],
            [
              -0.0743127144394281,
              0.47421263213103465
            ],
            [
              -0.0781898272294027,
              0.4735887994007419
            ],
            [
              -0.08206170660494481,
              0.4729332683466917
            ],
            [
              -0.08592809341278404,
              0.4722460828449971
            ],
            [
              -0.0897887288672794,
              0.4715272888904715
            ],
            [
              -0.09364335456774175,
              0.4707769345935505
            ],
            [
              -0.0974917125157265,
              0.4699950701770721
            ],
            [
              -0.10133354513230372,
              0.4691817479729144
            ],
            [
              -0.10516859527529765,
              0.4683370224184936
            ],
            [
              -0.10899660625649941,
              0.46746095005312005
            ],
            [
              -0.11281732185884522,
              0.46655358951421405
            ],
            [
              -0.11663048635356678,
              0.4656150015333811
            ],
            [
              -0.12043584451730904,
              0.4646452489323468
            ],
            [
              -0.12423314164921033,
              0.4636443966187527
            ],
            [
              -0.1280221235879513,
              0.4626125115818111
            ],
            [
              -0.1318025367287677,
              0.4615496628878216
            ],
            [
              -0.13557412804042232,
              0.46045592167554883
            ],
            [
              -0.13933664508214197,
              0.4593313611514602
            ],
            [
              -0.14308983602051525,
              0.4581760565848264
            ],
            [
              -0.14683344964634593,
              0.45699008530268354
            ],
            [
              -0.1505672353914683,
              0.4557735266846575
            ],
            [
              -0.15429094334551766,
              0.45452646215765063
            ],
            [
              -0.1580043242726589,
              0.45324897519039187
            ],
            [
              -0.16170712962826597,
              0.4519411512878498
            ],
            [
              -0.16539911157555867,
              0.4506030779855103
            ],
            [
              -0.16908002300219227,
              0.4492348448435162
            ],
            [
              -0.1727496175367946,
              0.44783654344067453
            ],
            [
              -0.17640764956545776,
              0.4464082673683258
            ],
            [
              -0.18005387424817837,
              0.4449501122240797
            ],
            [
              -0.18368804753524334,
              0.4434621756054175
            ],
            [
              -0.18730992618356584,
              0.4419445571031587
            ],
            [
              -0.19091926777296542,
              0.4403973582947958
            ],
            [
              -0.19451583072239537,
              0.4388206827376946
            ],
            [
              -0.1980993743061098,
              0.4372146359621642
            ],
            [
              -0.20166965866977724,
              0.4355793254643929
            ],
            [
              -0.20522644484653557,
              0.43391486069925267
            ],
            [
              -0.2087694947729845,
              0.4322213530729744
            ],
            [
              -0.21229857130512064,
              0.43049891593569034
            ],
            [
              -0.2158134382342113,
              0.4287476645738472
            ],
            [
              -0.21856849811226983,
              0.42734672941599233
            ],
            [
              -0.22235226938470865,
              0.46159003273654736
            ]
          ]
        ]
      }
    },
    {
      "type": "Feature",
      "properties": {
        "cell_id": "CEG2000_f4_r0011_c0101",
        "method": "GeoAnnulus-Final",
        "view": "annulus"
      },
      "geometry": {
        "type": "Polygon",
        "coordinates": [
          [
            [
              0.5107609067035754,
              0.23306886878787453
            ],
            [
              0.5117177299978446,
              0.23181410789759843
            ],
            [
              0.5184187750419433,
              -0.25358806392392286
            ],
            [
              0.3760143124109251,
              -0.29835047765540923
            ],
            [
              0.37840628526077097,
              -0.29531116347870084
            ],
            [
              0.3808096033397929,
              -0.2922054859241858
            ],
            [
              0.3831874330075351,
              -0.2890802504238153
            ],
            [
              0.38553961511070955,
              -0.28593566615636795
            ],
            [
              0.3878659922126751,
              -0.2827719435956775
            ],
            [
              0.3901664086039753,
              -0.27958929449654496
            ],
            [
              0.3924407103127602,
              -0.2763879318805657
            ],
            [
              0.39468874511509205,
              -0.27316807002187116
            ],
            [
              0.3969103625451342,
              -0.26992992443278707
            ],
            [
              0.3991054139052217,
              -0.266673711849409
            ],
            [
              0.4012737522758144,
              -0.26339965021709555
            ],
            [
              0.40341523252533024,
              -0.26010795867588077
            ],
            [
              0.4055297113198594,
              -0.2567988575458066
            ],
            [
              0.4076170471327579,
              -0.25347256831217657
            ],
            [
              0.40967710025412024,
              -0.2501293136107312
            ],
            [
              0.4117097328001306,
              -0.2467693172127464
            ],
            [
              0.41371480872229166,
              -0.24339280401005617
            ],
            [
              0.41569219381653055,
              -0.23999999999999996
            ],
            [
              0.4176417557321815,
              -0.23659113227029627
            ],
            [
              0.41956336398084426,
              -0.2331664289838432
            ],
            [
              0.4214568899451181,
              -0.22972611936344678
            ],
            [
              0.4233222068872104,
              -0.22627043367647884
            ],
            [
              0.42515918995741947,
              -0.2227996032194647
            ],
            [
              0.4269677162024909,
              -0.2193138603026019
            ],
            [
              0.42874766457384733,
              -0.21581343823421112
            ],
            [
              0.4304989159356904,
              -0.2122985713051206
            ],
            [
              0.4322213530729745,
              -0.20876949477298418
            ],
            [
              0.4339148606992528,
              -0.20522644484653538
            ],
            [
              0.43557932546439293,
              -0.20166965866977712
            ],
            [
              0.43721463596216437,
              -0.19809937430610944
            ],
            [
              0.4388206827376947,
              -0.1945158307223951
            ],
            [
              0.4403973582947958,
              -0.19091926777296528
            ],
            [
              0.4419445571031589,
              -0.18730992618356543
            ],
            [
              0.4434621756054176,
              -0.1836880475352431
            ],
            [
              0.44495011222407976,
              -0.18005387424817823
            ],
            [
              0.44640826736832584,
              -0.17640764956545768
            ],
            [
              0.4478365434406747,
              -0.1727496175367943
            ],
            [
              0.44923484484351633,
              -0.16908002300219208
            ],
            [
              0.45060307798551036,
              -0.1653991115755586
            ],
            [
              0.45194115128784995,
              -0.1617071296282656
            ],
            [
              0.4532489751903919,
              -0.15800432427265865
            ],
            [
              0.4545264621576507,
              -0.15429094334551752
            ],
            [
              0.4557735266846576,
              -0.1505672353914679
            ],
            [
              0.45699008530268365,
              -0.14683344964634565
            ],
            [
              0.45817605658482646,
              -0.1430898360205151
            ],
            [
              0.4593313611514602,
              -0.1393366450821419
            ],
            [
              0.46045592167554894,
              -0.13557412804042196
            ],
            [
              0.4615496628878217,
              -0.1318025367287675
            ],
            [
              0.4626125115818111,
              -0.1280221235879512
            ],
            [
              0.4636443966187528,
              -0.12423314164920995
            ],
            [
              0.4646452489323469,
              -0.1204358445173088
            ],
            [
              0.4656150015333811,
              -0.11663048635356664
            ],
            [
              0.4665535895142141,
              -0.1128173218588448
            ],
            [
              0.4674609500531201,
              -0.10899660625649914
            ],
            [
              0.4683370224184937,
              -0.10516859527529748
            ],
            [
              0.4691817479729145,
              -0.10133354513230326
            ],
            [
              0.46999507017707215,
              -0.09749171251572616
            ],
            [
              0.4707769345935506,
              -0.09364335456774156
            ],
            [
              0.4715272888904715,
              -0.08978872886727934
            ],
            [
              0.47224608284499714,
              -0.08592809341278368
            ],
            [
              0.47293326834669175,
              -0.08206170660494458
            ],
            [
              0.4735887994007419,
              -0.07818982722940258
            ],
            [
              0.4742126321310347,
              -0.07431271443942769
            ],
            [
              0.4748047247830949,
              -0.07043062773857364
            ],
            [
              0.47536503772687916,
              -0.0665438269633088
            ],
            [
              0.475893533459429,
              -0.06265257226562475
            ],
            [
              0.47639017660738076,
              -0.05875712409562377
            ],
            [
              0.47685493392933326,
              -0.05485774318408626
            ],
            [
              0.4772877743180727,
              -0.05095469052501959
            ],
            [
              0.4776886688026545,
              -0.04704822735818909
            ],
            [
              0.47805759055034286,
              -0.04313861515163278
            ],
            [
              0.47839451486840656,
              -0.03922611558416074
            ],
            [
              0.4786994192057713,
              -0.03531099052784036
            ],
            [
              0.47897228315452967,
              -0.031393502030468666
            ],
            [
              0.4792130884513068,
              -0.027473912298032938
            ],
            [
              0.47942181897848274,
              -0.023552483677160646
            ],
            [
              0.4795984607652714,
              -0.019629478637560052
            ],
            [
              0.4797430019886555,
              -0.015705159754452545
            ],
            [
              0.47985543297417804,
              -0.011779789690997898
            ],
            [
              0.47993574619658963,
              -0.007853631180713654
            ],
            [
              0.4799839362803525,
              -0.003926947009889822
            ],
            [
              0.48,
              0.0
            ],
            [
              0.4799839362803525,
              0.003926947009890068
            ],
            [
              0.47993574619658963,
              0.00785363118071403
            ],
            [
              0.479855432974178,
              0.011779789690998401
            ],
            [
              0.4797430019886555,
              0.015705159754452754
            ],
            [
              0.4795984607652714,
              0.01962947863756039
            ],
            [
              0.4794218189784827,
              0.02355248367716111
            ],
            [
              0.4792130884513068,
              0.027473912298033105
            ],
            [
              0.47897228315452967,
              0.031393502030468964
            ],
            [
              0.47869941920577125,
              0.035310990527840785
            ],
            [
              0.47839451486840656,
              0.03922611558416087
            ],
            [
              0.47805759055034286,
              0.04313861515163304
            ],
            [
              0.4776886688026545,
              0.04704822735818947
            ],
            [
              0.4772877743180726,
              0.0509546905250201
            ],
            [
              0.47685493392933326,
              0.05485774318408648
            ],
            [
              0.4763901766073807,
              0.058757124095624114
            ],
            [
              0.4758935334594289,
              0.06265257226562523
            ],
            [
              0.4753650377268791,
              0.06654382696330896
            ],
            [
              0.4748047247830948,
              0.07043062773857395
            ],
            [
              0.47421263213103465,
              0.07431271443942812
            ],
            [
              0.4735887994007419,
              0.07818982722940272
            ],
            [
              0.4729332683466917,
              0.08206170660494484
            ],
            [
              0.4722460828449971,
              0.08592809341278407
            ],
            [
              0.4715272888904714,
              0.08978872886727986
            ],
            [
              0.4707769345935505,
              0.09364335456774178
            ],
            [
              0.4699950701770721,
              0.09749171251572651
            ],
            [
              0.4691817479729144,
              0.10133354513230375
            ],
            [
              0.4683370224184936,
              0.10516859527529768
            ],
            [
              0.46746095005312005,
              0.10899660625649944
            ],
            [
              0.466553589514214,
              0.11281732185884524
            ],
            [
              0.4656150015333811,
              0.1166304863535668
            ],
            [
              0.4646452489323468,
              0.12043584451730907
            ],
            [
              0.4636443966187527,
              0.12423314164921034
            ],
            [
              0.462612511581811,
              0.12802212358795173
            ],
            [
              0.4615496628878216,
              0.13180253672876774
            ],
            [
              0.46045592167554883,
              0.13557412804042235
            ],
            [
              0.4593313611514601,
              0.13933664508214239
            ],
            [
              0.45817605658482635,
              0.14308983602051528
            ],
            [
              0.45699008530268354,
              0.14683344964634595
            ],
            [
              0.4557735266846574,
              0.15056723539146832
            ],
            [
              0.45452646215765063,
              0.15429094334551768
            ],
            [
              0.45324897519039187,
              0.15800432427265892
            ],
            [
              0.4519411512878498,
              0.161707129628266
            ],
            [
              0.4506030779855103,
              0.1653991115755587
            ],
            [
              0.4492348448435162,
              0.1690800230021923
            ],
            [
              0.44783654344067453,
              0.17274961753679463
            ],
            [
              0.4464082673683256,
              0.17640764956545815
            ],
            [
              0.4449501122240797,
              0.1800538742481784
            ],
            [
              0.4434621756054175,
              0.18368804753524337
            ],
            [
              0.4419445571031587,
              0.18730992618356587
            ],
            [
              0.44039735829479576,
              0.19091926777296545
            ],
            [
              0.43882068273769453,
              0.1945158307223954
            ],
            [
              0.4372146359621642,
              0.19809937430610983
            ],
            [
              0.4355793254643929,
              0.20166965866977726
            ],
            [
              0.43391486069925267,
              0.2052264448465356
            ],
            [
              0.4322213530729744,
              0.20876949477298454
            ],
            [
              0.4304989159356901,
              0.21229857130512106
            ],
            [
              0.4287476645738472,
              0.21581343823421134
            ],
            [
              0.42696771620249074,
              0.21931386030260222
            ],
            [
              0.4251591899574192,
              0.22279960321946515
            ],
            [
              0.4233222068872103,
              0.22627043367647903
            ],
            [
              0.42145688994511793,
              0.22972611936344703
            ],
            [
              0.41956336398084404,
              0.23316642898384357
            ],
            [
              0.4176417557321814,
              0.23659113227029643
            ],
            [
              0.4156921938165304,
              0.2400000000000002
            ],
            [
              0.4137148087222915,
              0.2433928040100565
            ],
            [
              0.41170973280013035,
              0.24676931721274686
            ],
            [
              0.41163303984123156,
              0.24689609274143573
            ],
            [
              0.5107609067035754,
              0.23306886878787453
            ]
          ]
        ]
      }
    },
    {
      "type": "Feature",
      "properties": {
        "cell_id": "CEG2000_f4_r0011_c0102",
        "method": "GeoAnnulus-Final",
        "view": "annulus"
      },
      "geometry": {
        "type": "Polygon",
        "coordinates": [
          [
            [
              0.518654743887906,
              -0.2535376695805137
            ],
            [
              0.5184187750419436,
              -0.25358806392392286
            ],
            [
              0.511717729997845,
              0.23181410789759796
            ],
            [
              0.6244350547344321,
              0.15983384470522816
            ],
            [
              0.6304613283610252,
              0.14874099450416267
            ],
            [
              0.518654743887906,
              -0.2535376695805137
            ]
          ]
        ]
      }
    },
    {
      "type": "Feature",
      "properties": {
        "cell_id": "CEG2000_f4_r0011_c0103",
        "method": "GeoAnnulus-Final",
        "view": "annulus"
      },
      "geometry": {
        "type": "Polygon",
        "coordinates": [
          [
            [
              0.6640631120262557,
              -0.24807783545903855
            ],
            [
              0.5186547438879061,
              -0.2535376695805137
            ],
            [
              0.6304613283610253,
              0.1487409945041625
            ],
            [
              0.6692063772715549,
              0.13922224653096427
            ],
            [
              0.6640631120262557,
              -0.24807783545903855
            ]
          ]
        ]
      }
    },
    {
      "type": "Feature",
      "properties": {
        "cell_id": "CEG2000_f4_r0011_c0104",
        "method": "GeoAnnulus-Final",
        "view": "annulus"
      },
      "geometry": {
        "type": "Polygon",
        "coordinates": [
          [
            [
              0.7345699758078517,
              -0.2535321193573948
            ],
            [
              0.6640631120262558,
              -0.24807783545903847
            ],
            [
              0.669206377271555,
              0.13922224653096418
            ],
            [
              0.6951397776395594,
              0.14954930648730652
            ],
            [
              0.782485277613345,
              0.12082501105375887
            ],
            [
              0.7345699758078517,
              -0.2535321193573948
            ]
          ]
        ]
      }
    },
    {
      "type": "Feature",
      "properties": {
        "cell_id": "CEG2000_f4_r0011_c0105",
        "method": "GeoAnnulus-Final",
        "view": "annulus"
      },
      "geometry": {
        "type": "Polygon",
        "coordinates": [
          [
            [
              0.8478977224259829,
              -0.27217636070769485
            ],
            [
              0.7345699758078513,
              -0.2535321193573947
            ],
            [
              0.7824852776133447,
              0.12082501105375894
            ],
            [
              0.7866094065007628,
              0.12196346626218238
            ],
            [
              0.8740580632812099,
              0.06219650597284737
            ],
            [
              0.8478977224259829,
              -0.27217636070769485
            ]
          ]
        ]
      }
    },
    {
      "type": "Feature",
      "properties": {
        "cell_id": "CEG2000_f4_r0011_c0106",
        "method": "GeoAnnulus-Final",
        "view": "annulus"
      },
      "geometry": {
        "type": "Polygon",
        "coordinates": [
          [
            [
              0.8478977224259828,
              -0.2721763607076949
            ],
            [
              0.8740580632812097,
              0.062196505972847246
            ],
            [
              0.8776767954703186,
              0.06288423838271284
            ],
            [
              0.999731357736757,
              -0.022950538632175565
            ],
            [
              0.9996988186962042,
              -0.024541228522912288
            ],
            [
              0.9994645874763657,
              -0.03271908282177614
            ],
            [
              0.9991634599276488,
              -0.04089474716158344
            ],
            [
              0.9987954562051724,
              -0.049067674327418015
            ],
            [
              0.9983606009402225,
              -0.057237317287568625
            ],
            [
              0.9978589232386035,
              -0.06540312923014306
            ],
            [
              0.9972904566786902,
              -0.07356456359966743
            ],
            [
              0.9966552393091803,
              -0.0817210741336682
            ],
            [
              0.9959533136465477,
              -0.08987211489923497
            ],
            [
              0.9951847266721969,
              -0.0980171403295606
            ],
            [
              0.9943495298293181,
              -0.10615560526045748
            ],
            [
              0.9934477790194444,
              -0.11428696496684639
            ],
            [
              0.99247953459871,
              -0.12241067519921618
            ],
            [
              0.9914448613738104,
              -0.13052619222005157
            ],
            [
              0.9903438285976649,
              -0.13863297284022666
            ],
            [
              0.989176509964781,
              -0.14673047445536175
            ],
            [
              0.9879429836063224,
              -0.15481815508214103
            ],
            [
              0.986643332084879,
              -0.1628954733945887
            ],
            [
              0.9852776423889412,
              -0.17096188876030122
            ],
            [
              0.9838460059270774,
              -0.17901686127663266
            ],
            [
              0.9823485185218157,
              -0.18705985180683196
            ],
            [
              0.9807852804032304,
              -0.19509032201612825
            ],
            [
              0.9791563962022337,
              -0.20310773440776286
            ],
            [
              0.9774619749435719,
              -0.21111155235896514
            ],
            [
              0.9757021300385286,
              -0.21910124015686977
            ],
            [
              0.9738769792773336,
              -0.2270762630343732
            ],
            [
              0.9719866448212794,
              -0.23503608720592667
            ],
            [
              0.970031253194544,
              -0.24298017990326384
            ],
            [
              0.9680109352757227,
              -0.25090800941106
            ],
            [
              0.9659258262890683,
              -0.25881904510252074
            ],
            [
              0.9637760657954398,
              -0.26671275747489837
            ],
            [
              0.9615617976829619,
              -0.2745886181849323
            ],
            [
              0.9592831701573936,
              -0.28244610008421245
            ],
            [
              0.9569403357322088,
              -0.29028467725446233
            ],
            [
              0.9545334512183885,
              -0.2981038250427398
            ],
            [
              0.953641333610941,
              -0.3009198659379707
            ],
            [
              0.8478977224259828,
              -0.2721763607076949
            ]
          ]
        ]
      }
    },
    {
      "type": "Feature",
      "properties": {
        "cell_id": "CEG2000_f4_r0012_c0094",
        "method": "GeoAnnulus-Final",
        "view": "annulus"
      },
      "geometry": {
        "type": "Polygon",
        "coordinates": [
          [
            [
              -0.9008509173086598,
              0.30795825485170164
            ],
            [
              -0.9156610045648279,
              0.1106915632684226
            ],
            [
              -0.9344540685998071,
              0.10062106999389386
            ],
            [
              -0.9948257909081459,
              0.10151474230576617
            ],
            [
              -0.9943495298293181,
              0.1061556052604573
            ],
            [
              -0.9934477790194445,
              0.11428696496684604
            ],
            [
              -0.9924795345987101,
              0.12241067519921565
            ],
            [
              -0.9914448613738105,
              0.13052619222005132
            ],
            [
              -0.9903438285976649,
              0.13863297284022622
            ],
            [
              -0.989176509964781,
              0.14673047445536158
            ],
            [
              -0.9879429836063224,
              0.15481815508214067
            ],
            [
              -0.9866433320848791,
              0.1628954733945882
            ],
            [
              -0.9852776423889413,
              0.17096188876030097
            ],
            [
              -0.9838460059270775,
              0.17901686127663224
            ],
            [
              -0.9823485185218157,
              0.1870598518068318
            ],
            [
              -0.9807852804032305,
              0.19509032201612792
            ],
            [
              -0.9791563962022338,
              0.20310773440776236
            ],
            [
              -0.9774619749435719,
              0.21111155235896492
            ],
            [
              -0.9757021300385287,
              0.21910124015686938
            ],
            [
              -0.9738769792773336,
              0.22707626303437303
            ],
            [
              -0.9719866448212795,
              0.23503608720592636
            ],
            [
              -0.9700312531945441,
              0.24298017990326337
            ],
            [
              -0.9680109352757228,
              0.25090800941105973
            ],
            [
              -0.9659258262890684,
              0.25881904510252035
            ],
            [
              -0.96377606579544,
              0.26671275747489825
            ],
            [
              -0.961561797682962,
              0.274588618184932
            ],
            [
              -0.9592831701573937,
              0.282446100084212
            ],
            [
              -0.9569403357322089,
              0.2902846772544621
            ],
            [
              -0.9545334512183886,
              0.29810382504273947
            ],
            [
              -0.9520626777139244,
              0.3059030200965529
            ],
            [
              -0.9495281805930368,
              0.3136817403988912
            ],
            [
              -0.9469301294951058,
              0.3214394653031611
            ],
            [
              -0.9443889430703141,
              0.3288261498204834
            ],
            [
              -0.9008509173086598,
              0.30795825485170164
            ]
          ]
        ]
      }
    },
    {
      "type": "Feature",
      "properties": {
        "cell_id": "CEG2000_f4_r0012_c0095",
        "method": "GeoAnnulus-Final",
        "view": "annulus"
      },
      "geometry": {
        "type": "Polygon",
        "coordinates": [
          [
            [
              -0.7793568723712039,
              0.13655853592207948
            ],
            [
              -0.8229815933850936,
              0.11634980136479602
            ],
            [
              -0.915661004564828,
              0.11069156326842243
            ],
            [
              -0.9008509173086598,
              0.30795825485170153
            ],
            [
              -0.86819259206465,
              0.3067209967930913
            ],
            [
              -0.7793568723712039,
              0.13655853592207948
            ]
          ]
        ]
      }
    },
    {
      "type": "Feature",
      "properties": {
        "cell_id": "CEG2000_f4_r0012_c0096",
        "method": "GeoAnnulus-Final",
        "view": "annulus"
      },
      "geometry": {
        "type": "Polygon",
        "coordinates": [
          [
            [
              -0.6904815663856504,
              0.16073281371129614
            ],
            [
              -0.7584455027267295,
              0.13643546663422754
            ],
            [
              -0.7793568723712041,
              0.13655853592207942
            ],
            [
              -0.8681925920646503,
              0.3067209967930913
            ],
            [
              -0.791679179971458,
              0.343389312536155
            ],
            [
              -0.7699569438755539,
              0.3417262076227753
            ],
            [
              -0.6904815663856504,
              0.16073281371129614
            ]
          ]
        ]
      }
    },
    {
      "type": "Feature",
      "properties": {
        "cell_id": "CEG2000_f4_r0012_c0097",
        "method": "GeoAnnulus-Final",
        "view": "annulus"
      },
      "geometry": {
        "type": "Polygon",
        "coordinates": [
          [
            [
              -0.6500070131874528,
              0.37045471489235193
            ],
            [
              -0.5857166122760675,
              0.1969090017596637
            ],
            [
              -0.5900916437657703,
              0.19249645016853748
            ],
            [
              -0.6667872877058104,
              0.15931157631787574
            ],
            [
              -0.6904815663856506,
              0.16073281371129614
            ],
            [
              -0.7699569438755541,
              0.3417262076227752
            ],
            [
              -0.6916141440813109,
              0.38051369453548634
            ],
            [
              -0.6500070131874528,
              0.37045471489235193
            ]
          ]
        ]
      }
    },
    {
      "type": "Feature",
      "properties": {
        "cell_id": "CEG2000_f4_r0012_c0098",
        "method": "GeoAnnulus-Final",
        "view": "annulus"
      },
      "geometry": {
        "type": "Polygon",
        "coordinates": [
          [
            [
              -0.4191870117960245,
              0.28503670080479376
            ],
            [
              -0.5857166122760676,
              0.19690900175966367
            ],
            [
              -0.6500070131874529,
              0.37045471489235204
            ],
            [
              -0.5140252966287331,
              0.4046368813928335
            ],
            [
              -0.45948623232355534,
              0.3667675708907942
            ],
            [
              -0.4191870117960245,
              0.28503670080479376
            ]
          ]
        ]
      }
    },
    {
      "type": "Feature",
      "properties": {
        "cell_id": "CEG2000_f4_r0012_c0099",
        "method": "GeoAnnulus-Final",
        "view": "annulus"
      },
      "geometry": {
        "type": "Polygon",
        "coordinates": [
          [
            [
              -0.4191870117960244,
              0.28503670080479376
            ],
            [
              -0.45948623232355523,
              0.36676757089079426
            ],
            [
              -0.3667188522465445,
              0.5246058204557597
            ],
            [
              -0.22235226938470862,
              0.4615900327365474
            ],
            [
              -0.21856849811226978,
              0.4273467294159924
            ],
            [
              -0.2193138603026022,
              0.42696771620249074
            ],
            [
              -0.22279960321946513,
              0.42515918995741925
            ],
            [
              -0.226270433676479,
              0.42332220688721034
            ],
            [
              -0.229726119363447,
              0.42145688994511793
            ],
            [
              -0.23316642898384354,
              0.41956336398084404
            ],
            [
              -0.2365911322702964,
              0.41764175573218143
            ],
            [
              -0.2400000000000002,
              0.4156921938165304
            ],
            [
              -0.2433928040100565,
              0.4137148087222915
            ],
            [
              -0.24676931721274645,
              0.41170973280013057
            ],
            [
              -0.2501293136107314,
              0.40967710025412013
            ],
            [
              -0.2534725683121769,
              0.4076170471327577
            ],
            [
              -0.25679885754580667,
              0.4055297113198593
            ],
            [
              -0.26010795867588093,
              0.4034152325253302
            ],
            [
              -0.2633996502170958,
              0.40127375227581424
            ],
            [
              -0.2666737118494094,
              0.3991054139052215
            ],
            [
              -0.2699299244327871,
              0.39691036254513407
            ],
            [
              -0.2731680700218713,
              0.39468874511509194
            ],
            [
              -0.27638793188056604,
              0.39244071031275995
            ],
            [
              -0.27958929449654507,
              0.3901664086039752
            ],
            [
              -0.28277194359567764,
              0.387865992212675
            ],
            [
              -0.2859356661563683,
              0.38553961511070933
            ],
            [
              -0.28908025042381535,
              0.3831874330075351
            ],
            [
              -0.292205485924186,
              0.38080960333979275
            ],
            [
              -0.29531116347870107,
              0.3784062852607708
            ],
            [
              -0.2983970752176375,
              0.3759776396297519
            ],
            [
              -0.30146301459424046,
              0.37352382900124687
            ],
            [
              -0.30450877639855,
              0.37104501761411357
            ],
            [
              -0.30753415677113344,
              0.36854137138056553
            ],
            [
              -0.3105389532167316,
              0.36601305787506627
            ],
            [
              -0.313522964617813,
              0.36346024632311247
            ],
            [
              -0.3164859912480331,
              0.3608831075899091
            ],
            [
              -0.31942783478560444,
              0.35828181416893123
            ],
            [
              -0.32234829832656897,
              0.35565654017038023
            ],
            [
              -0.3252471863979788,
              0.35300746130952876
            ],
            [
              -0.32812430497097833,
              0.35033475489496096
            ],
            [
              -0.33097946147379215,
              0.34763859981670403
            ],
            [
              -0.33381246480461374,
              0.3449191765342549
            ],
            [
              -0.3366231253443958,
              0.3421766670645022
            ],
            [
              -0.339411254969543,
              0.3394112549695426
            ],
            [
              -0.34217666706450245,
              0.33662312534439554
            ],
            [
              -0.3449191765342552,
              0.33381246480461346
            ],
            [
              -0.34763859981670425,
              0.330979461473792
            ],
            [
              -0.3503347548949612,
              0.32812430497097805
            ],
            [
              -0.35300746130952915,
              0.32524718639797834
            ],
            [
              -0.35565654017038045,
              0.3223482983265687
            ],
            [
              -0.35828181416893146,
              0.3194278347856042
            ],
            [
              -0.36088310758990927,
              0.3164859912480329
            ],
            [
              -0.3634602463231127,
              0.3135229646178127
            ],
            [
              -0.3660130578750665,
              0.3105389532167313
            ],
            [
              -0.36854137138056586,
              0.307534156771133
            ],
            [
              -0.3710450176141138,
              0.30450877639854973
            ],
            [
              -0.3735238290012471,
              0.30146301459424024
            ],
            [
              -0.3759776396297523,
              0.29839707521763703
            ],
            [
              -0.3784062852607712,
              0.2953111634787006
            ],
            [
              -0.38080960333979297,
              0.29220548592418577
            ],
            [
              -0.38318743300753516,
              0.28908025042381524
            ],
            [
              -0.3855396151107097,
              0.2859356661563678
            ],
            [
              -0.3878659922126752,
              0.2827719435956774
            ],
            [
              -0.39016640860397545,
              0.27958929449654474
            ],
            [
              -0.3924407103127603,
              0.27638793188056554
            ],
            [
              -0.3945682012312702,
              0.27334072511307095
            ],
            [
              -0.4191870117960244,
              0.28503670080479376
            ]
          ]
        ]
      }
    },
    {
      "type": "Feature",
      "properties": {
        "cell_id": "CEG2000_f4_r0012_c0100",
        "method": "GeoAnnulus-Final",
        "view": "annulus"
      },
      "geometry": {
        "type": "Polygon",
        "coordinates": [
          [
            [
              0.11246069448112295,
              0.5148338292986397
            ],
            [
              -0.19803613093848782,
              0.5159576337551954
            ],
            [
              -0.17866943781871913,
              0.5968726043423498
            ],
            [
              0.08949147454899278,
              0.5573064302679878
            ],
            [
              0.11246069448112295,
              0.5148338292986397
            ]
          ]
        ]
      }
    },
    {
      "type": "Feature",
      "properties": {
        "cell_id": "CEG2000_f4_r0012_c0101",
        "method": "GeoAnnulus-Final",
        "view": "annulus"
      },
      "geometry": {
        "type": "Polygon",
        "coordinates": [
          [
            [
              0.13078328561339933,
              0.48751697796617377
            ],
            [
              0.29879133636598576,
              0.5687369971698786
            ],
            [
              0.41925305473361213,
              0.40820824166474967
            ],
            [
              0.36016624624632126,
              0.31729670098725804
            ],
            [
              0.3582818141689311,
              0.3194278347856046
            ],
            [
              0.3556565401703802,
              0.32234829832656897
            ],
            [
              0.35300746130952876,
              0.32524718639797884
            ],
            [
              0.3503347548949608,
              0.32812430497097855
            ],
            [
              0.347638599816704,
              0.3309794614737922
            ],
            [
              0.34491917653425486,
              0.3338124648046138
            ],
            [
              0.34217666706450206,
              0.336623125344396
            ],
            [
              0.3394112549695427,
              0.3394112549695429
            ],
            [
              0.33662312534439554,
              0.3421766670645025
            ],
            [
              0.33381246480461335,
              0.34491917653425536
            ],
            [
              0.33097946147379176,
              0.3476385998167045
            ],
            [
              0.32812430497097805,
              0.35033475489496124
            ],
            [
              0.32524718639797834,
              0.35300746130952915
            ],
            [
              0.32234829832656847,
              0.3556565401703807
            ],
            [
              0.31942783478560416,
              0.3582818141689315
            ],
            [
              0.31648599124803284,
              0.3608831075899093
            ],
            [
              0.31352296461781254,
              0.36346024632311286
            ],
            [
              0.3105389532167314,
              0.3660130578750664
            ],
            [
              0.307534156771133,
              0.36854137138056586
            ],
            [
              0.30450877639854956,
              0.37104501761411396
            ],
            [
              0.30146301459424,
              0.37352382900124725
            ],
            [
              0.298397075217637,
              0.3759776396297523
            ],
            [
              0.2953111634787006,
              0.3784062852607712
            ],
            [
              0.29220548592418555,
              0.38080960333979313
            ],
            [
              0.2890802504238152,
              0.3831874330075352
            ],
            [
              0.2859356661563678,
              0.3855396151107097
            ],
            [
              0.2827719435956772,
              0.38786599221267537
            ],
            [
              0.2795892944965449,
              0.39016640860397533
            ],
            [
              0.27638793188056554,
              0.3924407103127603
            ],
            [
              0.2731680700218708,
              0.3946887451150922
            ],
            [
              0.26992992443278707,
              0.3969103625451342
            ],
            [
              0.26667371184940886,
              0.3991054139052218
            ],
            [
              0.2633996502170954,
              0.4012737522758146
            ],
            [
              0.26010795867588044,
              0.40341523252533046
            ],
            [
              0.2567988575458065,
              0.40552971131985943
            ],
            [
              0.25347256831217635,
              0.40761704713275804
            ],
            [
              0.2501293136107309,
              0.4096771002541204
            ],
            [
              0.24676931721274634,
              0.4117097328001307
            ],
            [
              0.24339280401005597,
              0.41371480872229177
            ],
            [
              0.23999999999999966,
              0.4156921938165307
            ],
            [
              0.23659113227029624,
              0.4176417557321815
            ],
            [
              0.23316642898384304,
              0.4195633639808443
            ],
            [
              0.22972611936344647,
              0.42145688994511826
            ],
            [
              0.22627043367647845,
              0.4233222068872106
            ],
            [
              0.22279960321946457,
              0.4251591899574195
            ],
            [
              0.21931386030260164,
              0.426967716202491
            ],
            [
              0.21581343823421079,
              0.42874766457384755
            ],
            [
              0.21229857130512048,
              0.43049891593569045
            ],
            [
              0.20876949477298398,
              0.4322213530729746
            ],
            [
              0.20522644484653504,
              0.43391486069925295
            ],
            [
              0.20166965866977707,
              0.435579325464393
            ],
            [
              0.19809937430610927,
              0.4372146359621645
            ],
            [
              0.1945158307223948,
              0.4388206827376948
            ],
            [
              0.19091926777296486,
              0.440397358294796
            ],
            [
              0.1873099261835653,
              0.44194455710315894
            ],
            [
              0.1836880475352428,
              0.44346217560541773
            ],
            [
              0.18005387424817781,
              0.44495011222407993
            ],
            [
              0.17640764956545757,
              0.44640826736832584
            ],
            [
              0.17274961753679405,
              0.44783654344067475
            ],
            [
              0.1690800230021917,
              0.44923484484351645
            ],
            [
              0.16539911157555853,
              0.45060307798551036
            ],
            [
              0.16170712962826542,
              0.45194115128785
            ],
            [
              0.15800432427265834,
              0.45324897519039203
            ],
            [
              0.1542909433455175,
              0.4545264621576507
            ],
            [
              0.15056723539146774,
              0.45577352668465765
            ],
            [
              0.14683344964634537,
              0.45699008530268376
            ],
            [
              0.1430898360205147,
              0.4581760565848266
            ],
            [
              0.13933664508214177,
              0.4593313611514603
            ],
            [
              0.13557412804042174,
              0.460455921675549
            ],
            [
              0.13180253672876713,
              0.4615496628878218
            ],
            [
              0.12802212358795112,
              0.46261251158181116
            ],
            [
              0.12740400194972396,
              0.4627808498003112
            ],
            [
              0.13078328561339933,
              0.48751697796617377
            ]
          ]
        ]
      }
    },
    {
      "type": "Feature",
      "properties": {
        "cell_id": "CEG2000_f4_r0012_c0102",
        "method": "GeoAnnulus-Final",
        "view": "annulus"
      },
      "geometry": {
        "type": "Polygon",
        "coordinates": [
          [
            [
              0.4192530547336122,
              0.4082082416647498
            ],
            [
              0.43021080632078346,
              0.4108725907588631
            ],
            [
              0.5607596029599271,
              0.338664340239998
            ],
            [
              0.5107609067035754,
              0.23306886878787472
            ],
            [
              0.41163303984123145,
              0.2468960927414359
            ],
            [
              0.40967710025412013,
              0.2501293136107314
            ],
            [
              0.4076170471327577,
              0.25347256831217696
            ],
            [
              0.40552971131985915,
              0.25679885754580706
            ],
            [
              0.4034152325253302,
              0.260107958675881
            ],
            [
              0.40127375227581424,
              0.2633996502170959
            ],
            [
              0.3991054139052215,
              0.2666737118494094
            ],
            [
              0.39691036254513407,
              0.2699299244327872
            ],
            [
              0.3946887451150919,
              0.2731680700218714
            ],
            [
              0.39244071031275995,
              0.2763879318805661
            ],
            [
              0.3901664086039752,
              0.27958929449654507
            ],
            [
              0.387865992212675,
              0.2827719435956777
            ],
            [
              0.38553961511070933,
              0.2859356661563683
            ],
            [
              0.38318743300753483,
              0.28908025042381574
            ],
            [
              0.38080960333979275,
              0.292205485924186
            ],
            [
              0.3784062852607708,
              0.2953111634787011
            ],
            [
              0.3759776396297519,
              0.29839707521763753
            ],
            [
              0.37352382900124687,
              0.3014630145942405
            ],
            [
              0.37104501761411357,
              0.30450877639855006
            ],
            [
              0.3685413713805655,
              0.30753415677113344
            ],
            [
              0.3660130578750662,
              0.3105389532167316
            ],
            [
              0.3634602463231124,
              0.313522964617813
            ],
            [
              0.36088310758990894,
              0.3164859912480333
            ],
            [
              0.36016624624632126,
              0.3172967009872581
            ],
            [
              0.4192530547336122,
              0.4082082416647498
            ]
          ]
        ]
      }
    },
    {
      "type": "Feature",
      "properties": {
        "cell_id": "CEG2000_f4_r0012_c0103",
        "method": "GeoAnnulus-Final",
        "view": "annulus"
      },
      "geometry": {
        "type": "Polygon",
        "coordinates": [
          [
            [
              0.6244350547344321,
              0.15983384470522838
            ],
            [
              0.5117177299978449,
              0.23181410789759826
            ],
            [
              0.5107609067035755,
              0.2330688687878746
            ],
            [
              0.5607596029599273,
              0.3386643402399979
            ],
            [
              0.5634144657097809,
              0.3395625416299297
            ],
            [
              0.6564704533559171,
              0.31657409875303616
            ],
            [
              0.6579777566238469,
              0.31434812074992335
            ],
            [
              0.6244350547344321,
              0.15983384470522838
            ]
          ]
        ]
      }
    },
    {
      "type": "Feature",
      "properties": {
        "cell_id": "CEG2000_f4_r0012_c0104",
        "method": "GeoAnnulus-Final",
        "view": "annulus"
      },
      "geometry": {
        "type": "Polygon",
        "coordinates": [
          [
            [
              0.695139777639559,
              0.14954930648730652
            ],
            [
              0.6692063772715549,
              0.13922224653096427
            ],
            [
              0.6304613283610254,
              0.14874099450416256
            ],
            [
              0.6244350547344323,
              0.15983384470522813
            ],
            [
              0.6579777566238473,
              0.3143481207499231
            ],
            [
              0.7414680563747913,
              0.2844632852781675
            ],
            [
              0.7436604592552556,
              0.28055277280411184
            ],
            [
              0.695139777639559,
              0.14954930648730652
            ]
          ]
        ]
      }
    },
    {
      "type": "Feature",
      "properties": {
        "cell_id": "CEG2000_f4_r0012_c0105",
        "method": "GeoAnnulus-Final",
        "view": "annulus"
      },
      "geometry": {
        "type": "Polygon",
        "coordinates": [
          [
            [
              0.7866094065007626,
              0.12196346626218237
            ],
            [
              0.7824852776133449,
              0.12082501105375901
            ],
            [
              0.6951397776395595,
              0.14954930648730658
            ],
            [
              0.7436604592552557,
              0.28055277280411145
            ],
            [
              0.8186805831679633,
              0.2516506105248904
            ],
            [
              0.7866094065007626,
              0.12196346626218237
            ]
          ]
        ]
      }
    },
    {
      "type": "Feature",
      "properties": {
        "cell_id": "CEG2000_f4_r0012_c0106",
        "method": "GeoAnnulus-Final",
        "view": "annulus"
      },
      "geometry": {
        "type": "Polygon",
        "coordinates": [
          [
            [
              0.8776767954703188,
              0.06288423838271279
            ],
            [
              0.8740580632812098,
              0.062196505972847156
            ],
            [
              0.7866094065007627,
              0.1219634662621822
            ],
            [
              0.8186805831679637,
              0.25165061052489063
            ],
            [
              0.8312544293106221,
              0.25671735967337117
            ],
            [
              0.9067309231706724,
              0.21903529523439855
            ],
            [
              0.8776767954703188,
              0.06288423838271279
            ]
          ]
        ]
      }
    },
    {
      "type": "Feature",
      "properties": {
        "cell_id": "CEG2000_f4_r0012_c0107",
        "method": "GeoAnnulus-Final",
        "view": "annulus"
      },
      "geometry": {
        "type": "Polygon",
        "coordinates": [
          [
            [
              0.8776767954703186,
              0.0628842383827129
            ],
            [
              0.906730923170672,
              0.21903529523439857
            ],
            [
              0.9433509661661115,
              0.2275550292049826
            ],
            [
              0.975235109565393,
              0.22114189292742767
            ],
            [
              0.9757021300385285,
              0.21910124015687016
            ],
            [
              0.9774619749435717,
              0.21111155235896614
            ],
            [
              0.9791563962022336,
              0.20310773440776358
            ],
            [
              0.9807852804032303,
              0.19509032201612872
            ],
            [
              0.9823485185218155,
              0.18705985180683304
            ],
            [
              0.9838460059270773,
              0.1790168612766335
            ],
            [
              0.9852776423889411,
              0.17096188876030177
            ],
            [
              0.986643332084879,
              0.162895473394589
            ],
            [
              0.9879429836063223,
              0.15481815508214192
            ],
            [
              0.9891765099647809,
              0.1467304744553624
            ],
            [
              0.9903438285976648,
              0.13863297284022702
            ],
            [
              0.9914448613738103,
              0.13052619222005257
            ],
            [
              0.9924795345987099,
              0.1224106751992169
            ],
            [
              0.9934477790194444,
              0.11428696496684684
            ],
            [
              0.994349529829318,
              0.10615560526045854
            ],
            [
              0.9951847266721968,
              0.0980171403295614
            ],
            [
              0.9959533136465477,
              0.0898721148992355
            ],
            [
              0.9966552393091803,
              0.08172107413366848
            ],
            [
              0.9972904566786901,
              0.0735645635996683
            ],
            [
              0.9978589232386035,
              0.06540312923014367
            ],
            [
              0.9983606009402225,
              0.05723731728756897
            ],
            [
              0.9987954562051723,
              0.04906767432741898
            ],
            [
              0.9991634599276488,
              0.040894747161584144
            ],
            [
              0.9994645874763657,
              0.032719082821776574
            ],
            [
              0.9996988186962041,
              0.024541228522913336
            ],
            [
              0.9998661379095618,
              0.016361731626487564
            ],
            [
              0.9999665339174011,
              0.008181139603937642
            ],
            [
              1.0,
              0.0
            ],
            [
              0.9999665339174011,
              -0.008181139603937128
            ],
            [
              0.9998661379095618,
              -0.01636173162648678
            ],
            [
              0.999731357736757,
              -0.02295053863217554
            ],
            [
              0.8776767954703186,
              0.0628842383827129
            ]
          ]
        ]
      }
    },
    {
      "type": "Feature",
      "properties": {
        "cell_id": "CEG2000_f4_r0013_c0095",
        "method": "GeoAnnulus-Final",
        "view": "annulus"
      },
      "geometry": {
        "type": "Polygon",
        "coordinates": [
          [
            [
              -0.8408892321081103,
              0.49082123837121194
            ],
            [
              -0.791679179971458,
              0.34338931253615496
            ],
            [
              -0.8681925920646499,
              0.30672099679309134
            ],
            [
              -0.9008509173086601,
              0.3079582548517016
            ],
            [
              -0.9443889430703142,
              0.32882614982048325
            ],
            [
              -0.9442686983133166,
              0.3291756755680387
            ],
            [
              -0.9415440651830209,
              0.33688985339221966
            ],
            [
              -0.9387564124698135,
              0.34458148244907993
            ],
            [
              -0.9359059267573259,
              0.3522500479212332
            ],
            [
              -0.9329927988347391,
              0.35989503653498767
            ],
            [
              -0.9300172236840122,
              0.36751593659470333
            ],
            [
              -0.9269794004668331,
              0.37511223801703764
            ],
            [
              -0.923879532511287,
              0.3826834323650892
            ],
            [
              -0.9207178272982478,
              0.39022901288242773
            ],
            [
              -0.9174944964474915,
              0.3977484745270106
            ],
            [
              -0.9142097557035308,
              0.40524131400498964
            ],
            [
              -0.910863824921176,
              0.4127070298043944
            ],
            [
              -0.9074569280508189,
              0.42014512222870193
            ],
            [
              -0.9039892931234434,
              0.4275550934302818
            ],
            [
              -0.9004611522353638,
              0.4349364474437167
            ],
            [
              -0.8968727415326884,
              0.4422886902190011
            ],
            [
              -0.8932243011955155,
              0.44961132965460626
            ],
            [
              -0.8895160754218563,
              0.4569038756304202
            ],
            [
              -0.8857483124112907,
              0.4641658400405513
            ],
            [
              -0.8819212643483553,
              0.47139673682599725
            ],
            [
              -0.8780351873856628,
              0.4785960820071806
            ],
            [
              -0.874090341626759,
              0.4857633937163397
            ],
            [
              -0.8700869911087117,
              0.49289819222978354
            ],
            [
              -0.8660254037844388,
              0.4999999999999998
            ],
            [
              -0.8654600886166821,
              0.5009699696703988
            ],
            [
              -0.8408892321081103,
              0.49082123837121194
            ]
          ]
        ]
      }
    },
    {
      "type": "Feature",
      "properties": {
        "cell_id": "CEG2000_f4_r0013_c0096",
        "method": "GeoAnnulus-Final",
        "view": "annulus"
      },
      "geometry": {
        "type": "Polygon",
        "coordinates": [
          [
            [
              -0.7081952444916577,
              0.49714623822857973
            ],
            [
              -0.6916141440813109,
              0.3805136945354862
            ],
            [
              -0.769956943875554,
              0.3417262076227752
            ],
            [
              -0.791679179971458,
              0.34338931253615496
            ],
            [
              -0.8408892321081104,
              0.49082123837121205
            ],
            [
              -0.7483814191024937,
              0.5070043690949603
            ],
            [
              -0.7081952444916577,
              0.49714623822857973
            ]
          ]
        ]
      }
    },
    {
      "type": "Feature",
      "properties": {
        "cell_id": "CEG2000_f4_r0013_c0097",
        "method": "GeoAnnulus-Final",
        "view": "annulus"
      },
      "geometry": {
        "type": "Polygon",
        "coordinates": [
          [
            [
              -0.5140252966287331,
              0.4046368813928335
            ],
            [
              -0.6500070131874527,
              0.37045471489235204
            ],
            [
              -0.6916141440813109,
              0.3805136945354864
            ],
            [
              -0.7081952444916577,
              0.49714623822857973
            ],
            [
              -0.6389698744949085,
              0.5472319638841301
            ],
            [
              -0.5505561981519697,
              0.49143096258054375
            ],
            [
              -0.5140252966287331,
              0.4046368813928335
            ]
          ]
        ]
      }
    },
    {
      "type": "Feature",
      "properties": {
        "cell_id": "CEG2000_f4_r0013_c0098",
        "method": "GeoAnnulus-Final",
        "view": "annulus"
      },
      "geometry": {
        "type": "Polygon",
        "coordinates": [
          [
            [
              -0.36893833651348734,
              0.5392821169998829
            ],
            [
              -0.36671885224654455,
              0.5246058204557598
            ],
            [
              -0.4594862323235553,
              0.3667675708907942
            ],
            [
              -0.514025296628733,
              0.40463688139283344
            ],
            [
              -0.5505561981519697,
              0.4914309625805439
            ],
            [
              -0.4765922079162309,
              0.6078334400000767
            ],
            [
              -0.36893833651348734,
              0.5392821169998829
            ]
          ]
        ]
      }
    },
    {
      "type": "Feature",
      "properties": {
        "cell_id": "CEG2000_f4_r0013_c0099",
        "method": "GeoAnnulus-Final",
        "view": "annulus"
      },
      "geometry": {
        "type": "Polygon",
        "coordinates": [
          [
            [
              -0.1803455251028517,
              0.6040891975869046
            ],
            [
              -0.17866943781871925,
              0.5968726043423497
            ],
            [
              -0.19803613093848807,
              0.5159576337551951
            ],
            [
              -0.22235226938470862,
              0.46159003273654753
            ],
            [
              -0.36671885224654455,
              0.52460582045576
            ],
            [
              -0.3689383365134873,
              0.5392821169998827
            ],
            [
              -0.2994231613175146,
              0.6601845500862262
            ],
            [
              -0.1803455251028517,
              0.6040891975869046
            ]
          ]
        ]
      }
    },
    {
      "type": "Feature",
      "properties": {
        "cell_id": "CEG2000_f4_r0013_c0100",
        "method": "GeoAnnulus-Final",
        "view": "annulus"
      },
      "geometry": {
        "type": "Polygon",
        "coordinates": [
          [
            [
              0.0790314989923268,
              0.5999215995668401
            ],
            [
              0.08949147454899276,
              0.5573064302679877
            ],
            [
              -0.17866943781871913,
              0.5968726043423493
            ],
            [
              -0.18034552510285168,
              0.6040891975869045
            ],
            [
              -0.11783915431053721,
              0.690736255577532
            ],
            [
              0.07081009039851865,
              0.620624434625009
            ],
            [
              0.0790314989923268,
              0.5999215995668401
            ]
          ]
        ]
      }
    },
    {
      "type": "Feature",
      "properties": {
        "cell_id": "CEG2000_f4_r0013_c0101",
        "method": "GeoAnnulus-Final",
        "view": "annulus"
      },
      "geometry": {
        "type": "Polygon",
        "coordinates": [
          [
            [
              0.3109759474840764,
              0.5872561778121451
            ],
            [
              0.29879133636598576,
              0.5687369971698786
            ],
            [
              0.13078328561339936,
              0.48751697796617377
            ],
            [
              0.11246069448112284,
              0.51483382929864
            ],
            [
              0.08949147454899287,
              0.5573064302679875
            ],
            [
              0.07903149899232689,
              0.5999215995668401
            ],
            [
              0.2825663108693352,
              0.6963560840168594
            ],
            [
              0.3109759474840764,
              0.5872561778121451
            ]
          ]
        ]
      }
    },
    {
      "type": "Feature",
      "properties": {
        "cell_id": "CEG2000_f4_r0013_c0102",
        "method": "GeoAnnulus-Final",
        "view": "annulus"
      },
      "geometry": {
        "type": "Polygon",
        "coordinates": [
          [
            [
              0.5204443715968592,
              0.5069483718911573
            ],
            [
              0.4302108063207835,
              0.41087259075886307
            ],
            [
              0.4192530547336122,
              0.4082082416647497
            ],
            [
              0.29879133636598576,
              0.5687369971698786
            ],
            [
              0.3109759474840765,
              0.5872561778121452
            ],
            [
              0.400361339847405,
              0.6237320321911598
            ],
            [
              0.5187023089076007,
              0.5137204957692523
            ],
            [
              0.5204443715968592,
              0.5069483718911573
            ]
          ]
        ]
      }
    },
    {
      "type": "Feature",
      "properties": {
        "cell_id": "CEG2000_f4_r0013_c0103",
        "method": "GeoAnnulus-Final",
        "view": "annulus"
      },
      "geometry": {
        "type": "Polygon",
        "coordinates": [
          [
            [
              0.563414465709781,
              0.33956254162992966
            ],
            [
              0.5607596029599271,
              0.33866434023999775
            ],
            [
              0.43021080632078335,
              0.4108725907588629
            ],
            [
              0.5204443715968593,
              0.5069483718911574
            ],
            [
              0.6116804967483122,
              0.4745978834217235
            ],
            [
              0.61308531038562,
              0.47138864300720784
            ],
            [
              0.563414465709781,
              0.33956254162992966
            ]
          ]
        ]
      }
    },
    {
      "type": "Feature",
      "properties": {
        "cell_id": "CEG2000_f4_r0013_c0104",
        "method": "GeoAnnulus-Final",
        "view": "annulus"
      },
      "geometry": {
        "type": "Polygon",
        "coordinates": [
          [
            [
              0.6564704533559171,
              0.31657409875303627
            ],
            [
              0.5634144657097809,
              0.33956254162992977
            ],
            [
              0.6130853103856198,
              0.471388643007208
            ],
            [
              0.7021465263271568,
              0.4142409549804806
            ],
            [
              0.6564704533559171,
              0.31657409875303627
            ]
          ]
        ]
      }
    },
    {
      "type": "Feature",
      "properties": {
        "cell_id": "CEG2000_f4_r0013_c0105",
        "method": "GeoAnnulus-Final",
        "view": "annulus"
      },
      "geometry": {
        "type": "Polygon",
        "coordinates": [
          [
            [
              0.7876683013620117,
              0.36946222443330146
            ],
            [
              0.7414680563747914,
              0.2844632852781674
            ],
            [
              0.657977756623847,
              0.3143481207499232
            ],
            [
              0.6564704533559169,
              0.31657409875303627
            ],
            [
              0.7021465263271567,
              0.41424095498048064
            ],
            [
              0.7075597809715303,
              0.41542087097006974
            ],
            [
              0.7876683013620117,
              0.36946222443330146
            ]
          ]
        ]
      }
    },
    {
      "type": "Feature",
      "properties": {
        "cell_id": "CEG2000_f4_r0013_c0106",
        "method": "GeoAnnulus-Final",
        "view": "annulus"
      },
      "geometry": {
        "type": "Polygon",
        "coordinates": [
          [
            [
              0.8312544293106219,
              0.25671735967337095
            ],
            [
              0.8186805831679635,
              0.25165061052489046
            ],
            [
              0.7436604592552556,
              0.28055277280411167
            ],
            [
              0.7414680563747913,
              0.28446328527816755
            ],
            [
              0.7876683013620115,
              0.3694622244333014
            ],
            [
              0.7995404255035196,
              0.3717612598779403
            ],
            [
              0.8556096342906211,
              0.34078235936708884
            ],
            [
              0.8312544293106219,
              0.25671735967337095
            ]
          ]
        ]
      }
    },
    {
      "type": "Feature",
      "properties": {
        "cell_id": "CEG2000_f4_r0013_c0107",
        "method": "GeoAnnulus-Final",
        "view": "annulus"
      },
      "geometry": {
        "type": "Polygon",
        "coordinates": [
          [
            [
              0.9433509661661124,
              0.22755502920498252
            ],
            [
              0.9067309231706722,
              0.2190352952343983
            ],
            [
              0.8312544293106215,
              0.25671735967337095
            ],
            [
              0.8556096342906208,
              0.3407823593670889
            ],
            [
              0.8600681163225223,
              0.34182927375902156
            ],
            [
              0.8794642559520297,
              0.34023735348942863
            ],
            [
              0.9433509661661124,
              0.22755502920498252
            ]
          ]
        ]
      }
    },
    {
      "type": "Feature",
      "properties": {
        "cell_id": "CEG2000_f4_r0013_c0108",
        "method": "GeoAnnulus-Final",
        "view": "annulus"
      },
      "geometry": {
        "type": "Polygon",
        "coordinates": [
          [
            [
              0.9433509661661119,
              0.22755502920498266
            ],
            [
              0.8794642559520295,
              0.34023735348942846
            ],
            [
              0.932604949953981,
              0.36088837644704047
            ],
            [
              0.9329927988347386,
              0.35989503653498883
            ],
            [
              0.9359059267573255,
              0.352250047921234
            ],
            [
              0.9387564124698131,
              0.34458148244908066
            ],
            [
              0.9415440651830205,
              0.33688985339222083
            ],
            [
              0.9442686983133164,
              0.32917567556803945
            ],
            [
              0.9469301294951056,
              0.32143946530316186
            ],
            [
              0.9495281805930363,
              0.31368174039889235
            ],
            [
              0.952062677713924,
              0.30590302009655407
            ],
            [
              0.9545334512183883,
              0.2981038250427402
            ],
            [
              0.9569403357322086,
              0.29028467725446333
            ],
            [
              0.9592831701573934,
              0.2824461000842132
            ],
            [
              0.9615617976829618,
              0.2745886181849328
            ],
            [
              0.9637760657954396,
              0.2667127574748994
            ],
            [
              0.9659258262890681,
              0.25881904510252157
            ],
            [
              0.9680109352757226,
              0.25090800941106056
            ],
            [
              0.970031253194544,
              0.24298017990326418
            ],
            [
              0.9719866448212792,
              0.23503608720592759
            ],
            [
              0.9738769792773335,
              0.22707626303437384
            ],
            [
              0.975235109565393,
              0.2211418929274278
            ],
            [
              0.9433509661661119,
              0.22755502920498266
            ]
          ]
        ]
      }
    },
    {
      "type": "Feature",
      "properties": {
        "cell_id": "CEG2000_f4_r0014_c0095",
        "method": "GeoAnnulus-Final",
        "view": "annulus"
      },
      "geometry": {
        "type": "Polygon",
        "coordinates": [
          [
            [
              -0.748381419102494,
              0.5070043690949604
            ],
            [
              -0.8408892321081101,
              0.49082123837121205
            ],
            [
              -0.865460088616682,
              0.5009699696703989
            ],
            [
              -0.8619058515047745,
              0.5070683416876167
            ],
            [
              -0.8577286100002722,
              0.5141027441932216
            ],
            [
              -0.8534939588627506,
              0.5211027366890231
            ],
            [
              -0.8492021815265792,
              0.5280678506503675
            ],
            [
              -0.8448535652497072,
              0.5349976198870969
            ],
            [
              -0.8404484010944383,
              0.5418915805747513
            ],
            [
              -0.8359869839079468,
              0.5487492712856157
            ],
            [
              -0.8314696123025455,
              0.555570233019602
            ],
            [
              -0.8268965886356965,
              0.5623540092349727
            ],
            [
              -0.8222682189897753,
              0.569100145878898
            ],
            [
              -0.8175848131515839,
              0.5758081914178449
            ],
            [
              -0.8128466845916156,
              0.5824776968678016
            ],
            [
              -0.8080541504430734,
              0.5891082158243279
            ],
            [
              -0.8032075314806453,
              0.5956993044924329
            ],
            [
              -0.7983071520990316,
              0.6022505217162818
            ],
            [
              -0.7933533402912354,
              0.6087614290087203
            ],
            [
              -0.7883464276266067,
              0.6152315905806264
            ],
            [
              -0.7832867492286506,
              0.6216605733700772
            ],
            [
              -0.7781746437525981,
              0.6280479470713338
            ],
            [
              -0.7730104533627371,
              0.6343932841636453
            ],
            [
              -0.7677945237095123,
              0.6406961599398604
            ],
            [
              -0.7625272039063885,
              0.6469561525348569
            ],
            [
              -0.7572088465064848,
              0.6531728429537765
            ],
            [
              -0.7518398074789777,
              0.6593458151000685
            ],
            [
              -0.7464204461852739,
              0.6654746558033421
            ],
            [
              -0.741045144816353,
              0.6714543637036582
            ],
            [
              -0.748381419102494,
              0.5070043690949604
            ]
          ]
        ]
      }
    },
    {
      "type": "Feature",
      "properties": {
        "cell_id": "CEG2000_f4_r0014_c0096",
        "method": "GeoAnnulus-Final",
        "view": "annulus"
      },
      "geometry": {
        "type": "Polygon",
        "coordinates": [
          [
            [
              -0.6493890078159391,
              0.6169417190799666
            ],
            [
              -0.6389698744949083,
              0.54723196388413
            ],
            [
              -0.7081952444916576,
              0.4971462382285795
            ],
            [
              -0.748381419102494,
              0.5070043690949602
            ],
            [
              -0.741045144816353,
              0.6714543637036582
            ],
            [
              -0.7409511253549593,
              0.6715589548470181
            ],
            [
              -0.7354322110615191,
              0.6775983049957882
            ],
            [
              -0.7337333304206758,
              0.6794271182984533
            ],
            [
              -0.6493890078159391,
              0.6169417190799666
            ]
          ]
        ]
      }
    },
    {
      "type": "Feature",
      "properties": {
        "cell_id": "CEG2000_f4_r0014_c0097",
        "method": "GeoAnnulus-Final",
        "view": "annulus"
      },
      "geometry": {
        "type": "Polygon",
        "coordinates": [
          [
            [
              -0.4765922079162309,
              0.6078334400000768
            ],
            [
              -0.5505561981519697,
              0.4914309625805438
            ],
            [
              -0.6389698744949086,
              0.5472319638841301
            ],
            [
              -0.6493890078159394,
              0.6169417190799669
            ],
            [
              -0.5698293159127812,
              0.6729268124997548
            ],
            [
              -0.47965498238409704,
              0.6226144759411265
            ],
            [
              -0.4765922079162309,
              0.6078334400000768
            ]
          ]
        ]
      }
    },
    {
      "type": "Feature",
      "properties": {
        "cell_id": "CEG2000_f4_r0014_c0098",
        "method": "GeoAnnulus-Final",
        "view": "annulus"
      },
      "geometry": {
        "type": "Polygon",
        "coordinates": [
          [
            [
              -0.29942316131751484,
              0.6601845500862265
            ],
            [
              -0.3689383365134874,
              0.539282116999883
            ],
            [
              -0.47659220791623097,
              0.6078334400000768
            ],
            [
              -0.4796549823840971,
              0.6226144759411264
            ],
            [
              -0.40911554708238285,
              0.7206559892397182
            ],
            [
              -0.31517150780499736,
              0.7019035920008124
            ],
            [
              -0.29942316131751484,
              0.6601845500862265
            ]
          ]
        ]
      }
    },
    {
      "type": "Feature",
      "properties": {
        "cell_id": "CEG2000_f4_r0014_c0099",
        "method": "GeoAnnulus-Final",
        "view": "annulus"
      },
      "geometry": {
        "type": "Polygon",
        "coordinates": [
          [
            [
              -0.12218458919526044,
              0.7294374185743235
            ],
            [
              -0.11783915431053728,
              0.6907362555775322
            ],
            [
              -0.18034552510285168,
              0.6040891975869048
            ],
            [
              -0.2994231613175147,
              0.6601845500862265
            ],
            [
              -0.31517150780499725,
              0.7019035920008125
            ],
            [
              -0.2964959527734936,
              0.7372579851042671
            ],
            [
              -0.12218458919526044,
              0.7294374185743235
            ]
          ]
        ]
      }
    },
    {
      "type": "Feature",
      "properties": {
        "cell_id": "CEG2000_f4_r0014_c0100",
        "method": "GeoAnnulus-Final",
        "view": "annulus"
      },
      "geometry": {
        "type": "Polygon",
        "coordinates": [
          [
            [
              0.07564460267548355,
              0.7315149343802267
            ],
            [
              0.0708100903985186,
              0.6206244346250094
            ],
            [
              -0.11783915431053713,
              0.6907362555775323
            ],
            [
              -0.12218458919526029,
              0.7294374185743236
            ],
            [
              -0.11090372639394053,
              0.7677536453478722
            ],
            [
              0.07073964712414316,
              0.7436670852823974
            ],
            [
              0.07564460267548355,
              0.7315149343802267
            ]
          ]
        ]
      }
    },
    {
      "type": "Feature",
      "properties": {
        "cell_id": "CEG2000_f4_r0014_c0101",
        "method": "GeoAnnulus-Final",
        "view": "annulus"
      },
      "geometry": {
        "type": "Polygon",
        "coordinates": [
          [
            [
              0.2794858958492988,
              0.7810647516561916
            ],
            [
              0.2825663108693353,
              0.6963560840168589
            ],
            [
              0.07903149899232687,
              0.5999215995668394
            ],
            [
              0.0708100903985186,
              0.6206244346250087
            ],
            [
              0.07564460267548359,
              0.731514934380227
            ],
            [
              0.2758792755289337,
              0.785729702809532
            ],
            [
              0.2794858958492988,
              0.7810647516561916
            ]
          ]
        ]
      }
    },
    {
      "type": "Feature",
      "properties": {
        "cell_id": "CEG2000_f4_r0014_c0102",
        "method": "GeoAnnulus-Final",
        "view": "annulus"
      },
      "geometry": {
        "type": "Polygon",
        "coordinates": [
          [
            [
              0.4599398263723525,
              0.7008083187118681
            ],
            [
              0.40036133984740513,
              0.6237320321911598
            ],
            [
              0.3109759474840762,
              0.587256177812145
            ],
            [
              0.2825663108693352,
              0.6963560840168586
            ],
            [
              0.27948589584929867,
              0.7810647516561919
            ],
            [
              0.4190475357895558,
              0.782792656863923
            ],
            [
              0.4599398263723525,
              0.7008083187118681
            ]
          ]
        ]
      }
    },
    {
      "type": "Feature",
      "properties": {
        "cell_id": "CEG2000_f4_r0014_c0103",
        "method": "GeoAnnulus-Final",
        "view": "annulus"
      },
      "geometry": {
        "type": "Polygon",
        "coordinates": [
          [
            [
              0.5187023089076008,
              0.513720495769252
            ],
            [
              0.4003613398474049,
              0.6237320321911598
            ],
            [
              0.45993982637235226,
              0.7008083187118681
            ],
            [
              0.5032973937181661,
              0.7039990003947202
            ],
            [
              0.5704617749079379,
              0.6172726301735432
            ],
            [
              0.5187023089076008,
              0.513720495769252
            ]
          ]
        ]
      }
    },
    {
      "type": "Feature",
      "properties": {
        "cell_id": "CEG2000_f4_r0014_c0104",
        "method": "GeoAnnulus-Final",
        "view": "annulus"
      },
      "geometry": {
        "type": "Polygon",
        "coordinates": [
          [
            [
              0.6503737923644056,
              0.5214145202285501
            ],
            [
              0.6116804967483122,
              0.4745978834217234
            ],
            [
              0.5204443715968592,
              0.5069483718911573
            ],
            [
              0.5187023089076008,
              0.5137204957692522
            ],
            [
              0.5704617749079379,
              0.6172726301735433
            ],
            [
              0.6202752823301195,
              0.6181431266776038
            ],
            [
              0.6503737923644056,
              0.5214145202285501
            ]
          ]
        ]
      }
    },
    {
      "type": "Feature",
      "properties": {
        "cell_id": "CEG2000_f4_r0014_c0105",
        "method": "GeoAnnulus-Final",
        "view": "annulus"
      },
      "geometry": {
        "type": "Polygon",
        "coordinates": [
          [
            [
              0.70755978097153,
              0.41542087097006947
            ],
            [
              0.7021465263271568,
              0.4142409549804804
            ],
            [
              0.6130853103856198,
              0.4713886430072076
            ],
            [
              0.6116804967483119,
              0.47459788342172343
            ],
            [
              0.6503737923644055,
              0.5214145202285503
            ],
            [
              0.7121607250020098,
              0.5351393245071074
            ],
            [
              0.7594166196398031,
              0.4938135580510143
            ],
            [
              0.70755978097153,
              0.41542087097006947
            ]
          ]
        ]
      }
    },
    {
      "type": "Feature",
      "properties": {
        "cell_id": "CEG2000_f4_r0014_c0106",
        "method": "GeoAnnulus-Final",
        "view": "annulus"
      },
      "geometry": {
        "type": "Polygon",
        "coordinates": [
          [
            [
              0.7995404255035194,
              0.37176125987794045
            ],
            [
              0.7876683013620117,
              0.3694622244333016
            ],
            [
              0.7075597809715303,
              0.4154208709700698
            ],
            [
              0.759416619639803,
              0.493813558051014
            ],
            [
              0.7692007851051516,
              0.4947602481360352
            ],
            [
              0.8261602173142873,
              0.4607270435900121
            ],
            [
              0.7995404255035194,
              0.37176125987794045
            ]
          ]
        ]
      }
    },
    {
      "type": "Feature",
      "properties": {
        "cell_id": "CEG2000_f4_r0014_c0107",
        "method": "GeoAnnulus-Final",
        "view": "annulus"
      },
      "geometry": {
        "type": "Polygon",
        "coordinates": [
          [
            [
              0.8600681163225229,
              0.34182927375902133
            ],
            [
              0.8556096342906212,
              0.34078235936708867
            ],
            [
              0.7995404255035192,
              0.37176125987794023
            ],
            [
              0.8261602173142873,
              0.46072704359001243
            ],
            [
              0.8751219170281315,
              0.4713090918820418
            ],
            [
              0.8600681163225229,
              0.34182927375902133
            ]
          ]
        ]
      }
    },
    {
      "type": "Feature",
      "properties": {
        "cell_id": "CEG2000_f4_r0014_c0108",
        "method": "GeoAnnulus-Final",
        "view": "annulus"
      },
      "geometry": {
        "type": "Polygon",
        "coordinates": [
          [
            [
              0.8794642559520292,
              0.3402373534894287
            ],
            [
              0.8600681163225229,
              0.3418292737590215
            ],
            [
              0.8751219170281314,
              0.4713090918820416
            ],
            [
              0.8804334738084705,
              0.4741530171973743
            ],
            [
              0.8819212643483548,
              0.471396736825998
            ],
            [
              0.88574831241129,
              0.4641658400405524
            ],
            [
              0.8895160754218557,
              0.4569038756304213
            ],
            [
              0.8932243011955151,
              0.449611329654607
            ],
            [
              0.8968727415326878,
              0.44228869021900225
            ],
            [
              0.9004611522353633,
              0.4349364474437178
            ],
            [
              0.9039892931234431,
              0.42755509343028253
            ],
            [
              0.9074569280508186,
              0.42014512222870265
            ],
            [
              0.9108638249211755,
              0.4127070298043955
            ],
            [
              0.9142097557035304,
              0.4052413140049904
            ],
            [
              0.9174944964474911,
              0.39774847452701134
            ],
            [
              0.9207178272982474,
              0.3902290128824289
            ],
            [
              0.9238795325112865,
              0.3826834323650904
            ],
            [
              0.9269794004668328,
              0.37511223801703836
            ],
            [
              0.9300172236840117,
              0.3675159365947045
            ],
            [
              0.9326049499539809,
              0.3608883764470408
            ],
            [
              0.8794642559520292,
              0.3402373534894287
            ]
          ]
        ]
      }
    },
    {
      "type": "Feature",
      "properties": {
        "cell_id": "CEG2000_f4_r0015_c0096",
        "method": "GeoAnnulus-Final",
        "view": "annulus"
      },
      "geometry": {
        "type": "Polygon",
        "coordinates": [
          [
            [
              -0.5694464981709362,
              0.714505232932701
            ],
            [
              -0.5698293159127812,
              0.6729268124997548
            ],
            [
              -0.6493890078159394,
              0.6169417190799668
            ],
            [
              -0.7337333304206758,
              0.6794271182984533
            ],
            [
              -0.7298640726978358,
              0.683592302022871
            ],
            [
              -0.7242470829514672,
              0.6895405447370666
            ],
            [
              -0.7185816177796983,
              0.6954426350096115
            ],
            [
              -0.7128680563843801,
              0.701298177800824
            ],
            [
              -0.7071067811865479,
              0.7071067811865471
            ],
            [
              -0.7012981778008246,
              0.7128680563843797
            ],
            [
              -0.695442635009612,
              0.7185816177796978
            ],
            [
              -0.689540544737067,
              0.7242470829514668
            ],
            [
              -0.6835923020228716,
              0.7298640726978354
            ],
            [
              -0.6775983049957891,
              0.7354322110615182
            ],
            [
              -0.6715589548470187,
              0.7409511253549589
            ],
            [
              -0.6654746558033426,
              0.7464204461852735
            ],
            [
              -0.6593458151000691,
              0.7518398074789773
            ],
            [
              -0.6531728429537771,
              0.7572088465064843
            ],
            [
              -0.6469561525348575,
              0.7625272039063881
            ],
            [
              -0.6415820823082159,
              0.767049085697557
            ],
            [
              -0.5694464981709362,
              0.714505232932701
            ]
          ]
        ]
      }
    },
    {
      "type": "Feature",
      "properties": {
        "cell_id": "CEG2000_f4_r0015_c0097",
        "method": "GeoAnnulus-Final",
        "view": "annulus"
      },
      "geometry": {
        "type": "Polygon",
        "coordinates": [
          [
            [
              -0.40911554708238285,
              0.7206559892397183
            ],
            [
              -0.4796549823840971,
              0.6226144759411265
            ],
            [
              -0.5698293159127812,
              0.6729268124997546
            ],
            [
              -0.5694464981709362,
              0.7145052329327013
            ],
            [
              -0.5108344951372829,
              0.7649388667398953
            ],
            [
              -0.4291251941752453,
              0.7540363754411102
            ],
            [
              -0.40911554708238285,
              0.7206559892397183
            ]
          ]
        ]
      }
    },
    {
      "type": "Feature",
      "properties": {
        "cell_id": "CEG2000_f4_r0015_c0098",
        "method": "GeoAnnulus-Final",
        "view": "annulus"
      },
      "geometry": {
        "type": "Polygon",
        "coordinates": [
          [
            [
              -0.28967730929329566,
              0.8202735300474118
            ],
            [
              -0.29649595277349367,
              0.7372579851042673
            ],
            [
              -0.3151715078049975,
              0.7019035920008125
            ],
            [
              -0.40911554708238285,
              0.7206559892397182
            ],
            [
              -0.42912519417524536,
              0.7540363754411101
            ],
            [
              -0.4053620690614067,
              0.8644662234022177
            ],
            [
              -0.28967730929329566,
              0.8202735300474118
            ]
          ]
        ]
      }
    },
    {
      "type": "Feature",
      "properties": {
        "cell_id": "CEG2000_f4_r0015_c0099",
        "method": "GeoAnnulus-Final",
        "view": "annulus"
      },
      "geometry": {
        "type": "Polygon",
        "coordinates": [
          [
            [
              -0.11090372639394064,
              0.7677536453478723
            ],
            [
              -0.12218458919526037,
              0.729437418574324
            ],
            [
              -0.29649595277349344,
              0.7372579851042675
            ],
            [
              -0.28967730929329544,
              0.8202735300474117
            ],
            [
              -0.28431294416410025,
              0.8248336319287545
            ],
            [
              -0.11843727389870168,
              0.814252941562847
            ],
            [
              -0.11090372639394064,
              0.7677536453478723
            ]
          ]
        ]
      }
    },
    {
      "type": "Feature",
      "properties": {
        "cell_id": "CEG2000_f4_r0015_c0100",
        "method": "GeoAnnulus-Final",
        "view": "annulus"
      },
      "geometry": {
        "type": "Polygon",
        "coordinates": [
          [
            [
              0.0708041746136547,
              0.8260355808544493
            ],
            [
              0.07073964712414325,
              0.7436670852823974
            ],
            [
              -0.1109037263939406,
              0.7677536453478722
            ],
            [
              -0.11843727389870169,
              0.8142529415628472
            ],
            [
              -0.10773984216140009,
              0.8495749308228563
            ],
            [
              0.06451999455430754,
              0.8351458144799665
            ],
            [
              0.0708041746136547,
              0.8260355808544493
            ]
          ]
        ]
      }
    },
    {
      "type": "Feature",
      "properties": {
        "cell_id": "CEG2000_f4_r0015_c0101",
        "method": "GeoAnnulus-Final",
        "view": "annulus"
      },
      "geometry": {
        "type": "Polygon",
        "coordinates": [
          [
            [
              0.27587927552893365,
              0.785729702809532
            ],
            [
              0.07564460267548373,
              0.7315149343802269
            ],
            [
              0.07073964712414324,
              0.7436670852823977
            ],
            [
              0.07080417461365468,
              0.8260355808544492
            ],
            [
              0.2085124936430743,
              0.8734435881947278
            ],
            [
              0.264260604676258,
              0.8342045799628022
            ],
            [
              0.27587927552893365,
              0.785729702809532
            ]
          ]
        ]
      }
    },
    {
      "type": "Feature",
      "properties": {
        "cell_id": "CEG2000_f4_r0015_c0102",
        "method": "GeoAnnulus-Final",
        "view": "annulus"
      },
      "geometry": {
        "type": "Polygon",
        "coordinates": [
          [
            [
              0.41904753578955584,
              0.7827926568639226
            ],
            [
              0.2794858958492989,
              0.7810647516561915
            ],
            [
              0.27587927552893354,
              0.7857297028095322
            ],
            [
              0.26426060467625795,
              0.8342045799628022
            ],
            [
              0.3548304846823553,
              0.9349226496380153
            ],
            [
              0.3598950365349876,
              0.9329927988347391
            ],
            [
              0.3675159365947033,
              0.9300172236840122
            ],
            [
              0.37511223801703714,
              0.9269794004668332
            ],
            [
              0.38268343236508917,
              0.923879532511287
            ],
            [
              0.3902290128824277,
              0.9207178272982478
            ],
            [
              0.3977484745270101,
              0.9174944964474917
            ],
            [
              0.4052413140049892,
              0.9142097557035309
            ],
            [
              0.41270702980439433,
              0.910863824921176
            ],
            [
              0.42014512222870226,
              0.9074569280508188
            ],
            [
              0.42755509343028136,
              0.9039892931234437
            ],
            [
              0.4349364474437166,
              0.9004611522353638
            ],
            [
              0.442288690219001,
              0.8968727415326885
            ],
            [
              0.4496113296546058,
              0.8932243011955158
            ],
            [
              0.4569038756304201,
              0.8895160754218563
            ],
            [
              0.46119121732449136,
              0.8872916514869165
            ],
            [
              0.41904753578955584,
              0.7827926568639226
            ]
          ]
        ]
      }
    },
    {
      "type": "Feature",
      "properties": {
        "cell_id": "CEG2000_f4_r0015_c0103",
        "method": "GeoAnnulus-Final",
        "view": "annulus"
      },
      "geometry": {
        "type": "Polygon",
        "coordinates": [
          [
            [
              0.6052996684380655,
              0.7762852021396184
            ],
            [
              0.503297393718166,
              0.7039990003947201
            ],
            [
              0.4599398263723523,
              0.7008083187118681
            ],
            [
              0.4190475357895557,
              0.7827926568639227
            ],
            [
              0.46119121732449125,
              0.8872916514869165
            ],
            [
              0.4641658400405512,
              0.8857483124112907
            ],
            [
              0.4713967368259968,
              0.8819212643483555
            ],
            [
              0.4785960820071802,
              0.8780351873856631
            ],
            [
              0.4857633937163397,
              0.874090341626759
            ],
            [
              0.49289819222978387,
              0.8700869911087115
            ],
            [
              0.49999999999999933,
              0.866025403784439
            ],
            [
              0.5070683416876166,
              0.8619058515047746
            ],
            [
              0.5141027441932216,
              0.8577286100002722
            ],
            [
              0.5211027366890226,
              0.8534939588627509
            ],
            [
              0.5280678506503674,
              0.8492021815265792
            ],
            [
              0.5349976198870969,
              0.8448535652497072
            ],
            [
              0.541891580574751,
              0.8404484010944385
            ],
            [
              0.5487492712856153,
              0.835986983907947
            ],
            [
              0.5555702330196018,
              0.8314696123025455
            ],
            [
              0.562354009234973,
              0.8268965886356963
            ],
            [
              0.5691001458788976,
              0.8222682189897755
            ],
            [
              0.5758081914178449,
              0.8175848131515839
            ],
            [
              0.5824776968678019,
              0.8128466845916154
            ],
            [
              0.5891082158243275,
              0.8080541504430737
            ],
            [
              0.5956993044924329,
              0.8032075314806453
            ],
            [
              0.6022505217162817,
              0.7983071520990317
            ],
            [
              0.6087614290087199,
              0.7933533402912357
            ],
            [
              0.6128914916639302,
              0.7901573052642479
            ],
            [
              0.6052996684380655,
              0.7762852021396184
            ]
          ]
        ]
      }
    },
    {
      "type": "Feature",
      "properties": {
        "cell_id": "CEG2000_f4_r0015_c0104",
        "method": "GeoAnnulus-Final",
        "view": "annulus"
      },
      "geometry": {
        "type": "Polygon",
        "coordinates": [
          [
            [
              0.6202752823301195,
              0.618143126677604
            ],
            [
              0.570461774907938,
              0.6172726301735434
            ],
            [
              0.5032973937181662,
              0.7039990003947201
            ],
            [
              0.6052996684380655,
              0.7762852021396183
            ],
            [
              0.6484740054790035,
              0.6440658625965258
            ],
            [
              0.6202752823301195,
              0.618143126677604
            ]
          ]
        ]
      }
    },
    {
      "type": "Feature",
      "properties": {
        "cell_id": "CEG2000_f4_r0015_c0105",
        "method": "GeoAnnulus-Final",
        "view": "annulus"
      },
      "geometry": {
        "type": "Polygon",
        "coordinates": [
          [
            [
              0.7121607250020097,
              0.5351393245071072
            ],
            [
              0.6503737923644057,
              0.5214145202285502
            ],
            [
              0.6202752823301197,
              0.6181431266776037
            ],
            [
              0.6484740054790039,
              0.6440658625965258
            ],
            [
              0.6617894829685984,
              0.6417397007824167
            ],
            [
              0.730245088471148,
              0.6004033546898142
            ],
            [
              0.7121607250020097,
              0.5351393245071072
            ]
          ]
        ]
      }
    },
    {
      "type": "Feature",
      "properties": {
        "cell_id": "CEG2000_f4_r0015_c0106",
        "method": "GeoAnnulus-Final",
        "view": "annulus"
      },
      "geometry": {
        "type": "Polygon",
        "coordinates": [
          [
            [
              0.7692007851051516,
              0.4947602481360355
            ],
            [
              0.7594166196398027,
              0.49381355805101423
            ],
            [
              0.7121607250020098,
              0.535139324507107
            ],
            [
              0.7302450884711481,
              0.6004033546898142
            ],
            [
              0.7838576983751022,
              0.6209351078468788
            ],
            [
              0.7883464276266059,
              0.6152315905806274
            ],
            [
              0.7933533402912349,
              0.6087614290087209
            ],
            [
              0.7983071520990309,
              0.6022505217162828
            ],
            [
              0.8032075314806445,
              0.5956993044924339
            ],
            [
              0.8080541504430729,
              0.5891082158243286
            ],
            [
              0.8128466845916151,
              0.5824776968678023
            ],
            [
              0.8148029557122911,
              0.5797240018728678
            ],
            [
              0.7692007851051516,
              0.4947602481360355
            ]
          ]
        ]
      }
    },
    {
      "type": "Feature",
      "properties": {
        "cell_id": "CEG2000_f4_r0015_c0107",
        "method": "GeoAnnulus-Final",
        "view": "annulus"
      },
      "geometry": {
        "type": "Polygon",
        "coordinates": [
          [
            [
              0.8751219170281306,
              0.4713090918820412
            ],
            [
              0.8261602173142875,
              0.46072704359001204
            ],
            [
              0.7692007851051512,
              0.49476024813603525
            ],
            [
              0.814802955712291,
              0.5797240018728679
            ],
            [
              0.8175848131515833,
              0.575808191417846
            ],
            [
              0.8222682189897748,
              0.5691001458788987
            ],
            [
              0.826896588635696,
              0.5623540092349734
            ],
            [
              0.8314696123025448,
              0.555570233019603
            ],
            [
              0.8359869839079463,
              0.5487492712856165
            ],
            [
              0.8404484010944379,
              0.5418915805747521
            ],
            [
              0.8448535652497066,
              0.534997619887098
            ],
            [
              0.8492021815265786,
              0.5280678506503687
            ],
            [
              0.8534939588627503,
              0.5211027366890237
            ],
            [
              0.8577286100002716,
              0.5141027441932227
            ],
            [
              0.861905851504774,
              0.5070683416876177
            ],
            [
              0.8660254037844384,
              0.5000000000000004
            ],
            [
              0.8700869911087112,
              0.49289819222978426
            ],
            [
              0.8740903416267585,
              0.4857633937163408
            ],
            [
              0.8780351873856624,
              0.47859608200718134
            ],
            [
              0.8804334738084705,
              0.47415301719737424
            ],
            [
              0.8751219170281306,
              0.4713090918820412
            ]
          ]
        ]
      }
    },
    {
      "type": "Feature",
      "properties": {
        "cell_id": "CEG2000_f4_r0016_c0096",
        "method": "GeoAnnulus-Final",
        "view": "annulus"
      },
      "geometry": {
        "type": "Polygon",
        "coordinates": [
          [
            [
              -0.5108344951372827,
              0.7649388667398951
            ],
            [
              -0.569446498170936,
              0.7145052329327011
            ],
            [
              -0.6415820823082157,
              0.7670490856975571
            ],
            [
              -0.6406961599398614,
              0.7677945237095115
            ],
            [
              -0.6343932841636458,
              0.7730104533627367
            ],
            [
              -0.6280479470713344,
              0.7781746437525977
            ],
            [
              -0.6216605733700781,
              0.7832867492286498
            ],
            [
              -0.6152315905806273,
              0.7883464276266059
            ],
            [
              -0.6087614290087209,
              0.7933533402912349
            ],
            [
              -0.602250521716282,
              0.7983071520990315
            ],
            [
              -0.5956993044924339,
              0.8032075314806445
            ],
            [
              -0.5891082158243285,
              0.8080541504430729
            ],
            [
              -0.5824776968678023,
              0.8128466845916151
            ],
            [
              -0.5758081914178459,
              0.8175848131515833
            ],
            [
              -0.5691001458788986,
              0.8222682189897749
            ],
            [
              -0.5623540092349733,
              0.826896588635696
            ],
            [
              -0.555570233019603,
              0.8314696123025448
            ],
            [
              -0.5487492712856163,
              0.8359869839079463
            ],
            [
              -0.541891580574752,
              0.8404484010944379
            ],
            [
              -0.5349976198870973,
              0.844853565249707
            ],
            [
              -0.5288603215413159,
              0.8487048847627765
            ],
            [
              -0.5108344951372827,
              0.7649388667398951
            ]
          ]
        ]
      }
    },
    {
      "type": "Feature",
      "properties": {
        "cell_id": "CEG2000_f4_r0016_c0097",
        "method": "GeoAnnulus-Final",
        "view": "annulus"
      },
      "geometry": {
        "type": "Polygon",
        "coordinates": [
          [
            [
              -0.40536206906140687,
              0.8644662234022177
            ],
            [
              -0.42912519417524553,
              0.7540363754411104
            ],
            [
              -0.5108344951372826,
              0.7649388667398953
            ],
            [
              -0.5288603215413157,
              0.8487048847627765
            ],
            [
              -0.5280678506503685,
              0.8492021815265786
            ],
            [
              -0.5211027366890237,
              0.8534939588627503
            ],
            [
              -0.5141027441932218,
              0.857728610000272
            ],
            [
              -0.5070683416876177,
              0.861905851504774
            ],
            [
              -0.5000000000000004,
              0.8660254037844384
            ],
            [
              -0.4928981922297842,
              0.8700869911087113
            ],
            [
              -0.48576339371634075,
              0.8740903416267585
            ],
            [
              -0.4785960820071813,
              0.8780351873856624
            ],
            [
              -0.4713967368259979,
              0.8819212643483549
            ],
            [
              -0.46416584004055234,
              0.8857483124112902
            ],
            [
              -0.45690387563042123,
              0.8895160754218557
            ],
            [
              -0.44961132965460693,
              0.8932243011955151
            ],
            [
              -0.44228869021900136,
              0.8968727415326883
            ],
            [
              -0.43493644744371773,
              0.9004611522353633
            ],
            [
              -0.42799228662069855,
              0.903780323445483
            ],
            [
              -0.40536206906140687,
              0.8644662234022177
            ]
          ]
        ]
      }
    },
    {
      "type": "Feature",
      "properties": {
        "cell_id": "CEG2000_f4_r0016_c0098",
        "method": "GeoAnnulus-Final",
        "view": "annulus"
      },
      "geometry": {
        "type": "Polygon",
        "coordinates": [
          [
            [
              -0.2705636926585387,
              0.8567412017451875
            ],
            [
              -0.2843129441641,
              0.8248336319287549
            ],
            [
              -0.2896773092932957,
              0.8202735300474117
            ],
            [
              -0.4053620690614066,
              0.8644662234022175
            ],
            [
              -0.42799228662069844,
              0.9037803234454831
            ],
            [
              -0.4275550934302825,
              0.9039892931234431
            ],
            [
              -0.4201451222287026,
              0.9074569280508186
            ],
            [
              -0.41270702980439544,
              0.9108638249211755
            ],
            [
              -0.40524131400499036,
              0.9142097557035305
            ],
            [
              -0.3977484745270113,
              0.9174944964474913
            ],
            [
              -0.39022901288242884,
              0.9207178272982474
            ],
            [
              -0.38268343236509034,
              0.9238795325112865
            ],
            [
              -0.3751122380170383,
              0.9269794004668328
            ],
            [
              -0.36751593659470366,
              0.9300172236840121
            ],
            [
              -0.3598950365349888,
              0.9329927988347386
            ],
            [
              -0.35225004792123393,
              0.9359059267573255
            ],
            [
              -0.3445814824490806,
              0.9387564124698131
            ],
            [
              -0.3396063297176891,
              0.9405595412878774
            ],
            [
              -0.2705636926585387,
              0.8567412017451875
            ]
          ]
        ]
      }
    },
    {
      "type": "Feature",
      "properties": {
        "cell_id": "CEG2000_f4_r0016_c0099",
        "method": "GeoAnnulus-Final",
        "view": "annulus"
      },
      "geometry": {
        "type": "Polygon",
        "coordinates": [
          [
            [
              -0.10773984216139995,
              0.8495749308228558
            ],
            [
              -0.11843727389870154,
              0.8142529415628468
            ],
            [
              -0.2843129441641006,
              0.8248336319287544
            ],
            [
              -0.27056369265853897,
              0.8567412017451875
            ],
            [
              -0.2196305727797243,
              0.9106019443612359
            ],
            [
              -0.11256362498902732,
              0.8928577626586989
            ],
            [
              -0.10773984216139995,
              0.8495749308228558
            ]
          ]
        ]
      }
    },
    {
      "type": "Feature",
      "properties": {
        "cell_id": "CEG2000_f4_r0016_c0100",
        "method": "GeoAnnulus-Final",
        "view": "annulus"
      },
      "geometry": {
        "type": "Polygon",
        "coordinates": [
          [
            [
              0.06451999455430742,
              0.8351458144799665
            ],
            [
              -0.10773984216139999,
              0.8495749308228561
            ],
            [
              -0.11256362498902733,
              0.8928577626586987
            ],
            [
              -0.10076199004288247,
              0.9174021627730811
            ],
            [
              0.04421956273915921,
              0.9320449157572407
            ],
            [
              0.06451999455430742,
              0.8351458144799665
            ]
          ]
        ]
      }
    },
    {
      "type": "Feature",
      "properties": {
        "cell_id": "CEG2000_f4_r0016_c0101",
        "method": "GeoAnnulus-Final",
        "view": "annulus"
      },
      "geometry": {
        "type": "Polygon",
        "coordinates": [
          [
            [
              0.20851249364307428,
              0.8734435881947278
            ],
            [
              0.07080417461365449,
              0.8260355808544492
            ],
            [
              0.06451999455430749,
              0.8351458144799662
            ],
            [
              0.04421956273915919,
              0.9320449157572408
            ],
            [
              0.04566208823158513,
              0.9354772677078014
            ],
            [
              0.19521800218021457,
              0.9220593781640012
            ],
            [
              0.20851249364307428,
              0.8734435881947278
            ]
          ]
        ]
      }
    },
    {
      "type": "Feature",
      "properties": {
        "cell_id": "CEG2000_f4_r0016_c0105",
        "method": "GeoAnnulus-Final",
        "view": "annulus"
      },
      "geometry": {
        "type": "Polygon",
        "coordinates": [
          [
            [
              0.6617894829685984,
              0.6417397007824168
            ],
            [
              0.6484740054790038,
              0.6440658625965259
            ],
            [
              0.6052996684380658,
              0.7762852021396185
            ],
            [
              0.6128914916639304,
              0.7901573052642477
            ],
            [
              0.6152315905806264,
              0.7883464276266067
            ],
            [
              0.6216605733700771,
              0.7832867492286506
            ],
            [
              0.6280479470713334,
              0.7781746437525985
            ],
            [
              0.6343932841636449,
              0.7730104533627374
            ],
            [
              0.6406961599398604,
              0.7677945237095123
            ],
            [
              0.6469561525348572,
              0.7625272039063883
            ],
            [
              0.6531728429537761,
              0.7572088465064851
            ],
            [
              0.6593458151000684,
              0.7518398074789778
            ],
            [
              0.665474655803342,
              0.746420446185274
            ],
            [
              0.6715589548470177,
              0.7409511253549598
            ],
            [
              0.6775983049957882,
              0.7354322110615191
            ],
            [
              0.683592302022871,
              0.7298640726978359
            ],
            [
              0.6895405447370662,
              0.7242470829514677
            ],
            [
              0.6954426350096111,
              0.7185816177796986
            ],
            [
              0.701298177800824,
              0.7128680563843802
            ],
            [
              0.7071067811865474,
              0.7071067811865477
            ],
            [
              0.7128680563843793,
              0.7012981778008249
            ],
            [
              0.718293999185164,
              0.6957374008957756
            ],
            [
              0.6617894829685984,
              0.6417397007824168
            ]
          ]
        ]
      }
    },
    {
      "type": "Feature",
      "properties": {
        "cell_id": "CEG2000_f4_r0016_c0106",
        "method": "GeoAnnulus-Final",
        "view": "annulus"
      },
      "geometry": {
        "type": "Polygon",
        "coordinates": [
          [
            [
              0.730245088471148,
              0.6004033546898142
            ],
            [
              0.6617894829685985,
              0.6417397007824167
            ],
            [
              0.7182939991851641,
              0.6957374008957755
            ],
            [
              0.7185816177796976,
              0.6954426350096121
            ],
            [
              0.7242470829514667,
              0.6895405447370672
            ],
            [
              0.729864072697835,
              0.683592302022872
            ],
            [
              0.7354322110615182,
              0.6775983049957892
            ],
            [
              0.7409511253549588,
              0.6715589548470187
            ],
            [
              0.7464204461852731,
              0.665474655803343
            ],
            [
              0.7518398074789769,
              0.6593458151000694
            ],
            [
              0.7572088465064842,
              0.6531728429537771
            ],
            [
              0.762527203906388,
              0.6469561525348575
            ],
            [
              0.7677945237095114,
              0.6406961599398614
            ],
            [
              0.7730104533627367,
              0.6343932841636459
            ],
            [
              0.7781746437525977,
              0.6280479470713345
            ],
            [
              0.7832867492286498,
              0.6216605733700782
            ],
            [
              0.7838576983751021,
              0.6209351078468788
            ],
            [
              0.730245088471148,
              0.6004033546898142
            ]
          ]
        ]
      }
    },
    {
      "type": "Feature",
      "properties": {
        "cell_id": "CEG2000_f4_r0017_c0098",
        "method": "GeoAnnulus-Final",
        "view": "annulus"
      },
      "geometry": {
        "type": "Polygon",
        "coordinates": [
          [
            [
              -0.21963057277972442,
              0.9106019443612359
            ],
            [
              -0.27056369265853886,
              0.8567412017451879
            ],
            [
              -0.339606329717689,
              0.9405595412878774
            ],
            [
              -0.3368898533922208,
              0.9415440651830205
            ],
            [
              -0.3291756755680394,
              0.9442686983133164
            ],
            [
              -0.3214394653031618,
              0.9469301294951056
            ],
            [
              -0.3136817403988923,
              0.9495281805930365
            ],
            [
              -0.305903020096554,
              0.952062677713924
            ],
            [
              -0.29810382504274013,
              0.9545334512183884
            ],
            [
              -0.29028467725446244,
              0.9569403357322088
            ],
            [
              -0.28244610008421317,
              0.9592831701573934
            ],
            [
              -0.27458861818493274,
              0.9615617976829618
            ],
            [
              -0.26671275747489853,
              0.9637760657954398
            ],
            [
              -0.2588190451025215,
              0.9659258262890681
            ],
            [
              -0.2509080094110605,
              0.9680109352757226
            ],
            [
              -0.24298017990326412,
              0.970031253194544
            ],
            [
              -0.23503608720592753,
              0.9719866448212793
            ],
            [
              -0.23191241838099283,
              0.9727284675904528
            ],
            [
              -0.21963057277972442,
              0.9106019443612359
            ]
          ]
        ]
      }
    },
    {
      "type": "Feature",
      "properties": {
        "cell_id": "CEG2000_f4_r0017_c0099",
        "method": "GeoAnnulus-Final",
        "view": "annulus"
      },
      "geometry": {
        "type": "Polygon",
        "coordinates": [
          [
            [
              -0.10076199004288244,
              0.9174021627730814
            ],
            [
              -0.11256362498902744,
              0.8928577626586987
            ],
            [
              -0.2196305727797243,
              0.9106019443612356
            ],
            [
              -0.23191241838099275,
              0.9727284675904528
            ],
            [
              -0.22707626303437378,
              0.9738769792773335
            ],
            [
              -0.2191012401568701,
              0.9757021300385285
            ],
            [
              -0.2111115523589661,
              0.9774619749435717
            ],
            [
              -0.20310773440776353,
              0.9791563962022336
            ],
            [
              -0.19509032201612866,
              0.9807852804032303
            ],
            [
              -0.1870598518068321,
              0.9823485185218157
            ],
            [
              -0.1790168612766334,
              0.9838460059270773
            ],
            [
              -0.1709618887603017,
              0.9852776423889411
            ],
            [
              -0.16289547339458896,
              0.986643332084879
            ],
            [
              -0.15481815508214186,
              0.9879429836063223
            ],
            [
              -0.1467304744553623,
              0.9891765099647809
            ],
            [
              -0.13863297284022696,
              0.9903438285976648
            ],
            [
              -0.1305261922200525,
              0.9914448613738103
            ],
            [
              -0.12241067519921685,
              0.99247953459871
            ],
            [
              -0.11428696496684677,
              0.9934477790194444
            ],
            [
              -0.10830427307880137,
              0.9941112470555504
            ],
            [
              -0.10076199004288244,
              0.9174021627730814
            ]
          ]
        ]
      }
    },
    {
      "type": "Feature",
      "properties": {
        "cell_id": "CEG2000_f4_r0017_c0100",
        "method": "GeoAnnulus-Final",
        "view": "annulus"
      },
      "geometry": {
        "type": "Polygon",
        "coordinates": [
          [
            [
              0.04566208823158524,
              0.935477267707801
            ],
            [
              0.044219562739159265,
              0.9320449157572405
            ],
            [
              -0.10076199004288261,
              0.9174021627730811
            ],
            [
              -0.10830427307880157,
              0.9941112470555504
            ],
            [
              -0.1061556052604576,
              0.9943495298293181
            ],
            [
              -0.09801714032956134,
              0.9951847266721968
            ],
            [
              -0.08987211489923544,
              0.9959533136465477
            ],
            [
              -0.08172107413366843,
              0.9966552393091803
            ],
            [
              -0.07356456359966825,
              0.9972904566786902
            ],
            [
              -0.06540312923014362,
              0.9978589232386035
            ],
            [
              -0.05723731728756891,
              0.9983606009402225
            ],
            [
              -0.04906767432741892,
              0.9987954562051723
            ],
            [
              -0.04089474716158408,
              0.9991634599276488
            ],
            [
              -0.03271908282177651,
              0.9994645874763657
            ],
            [
              -0.02454122852291239,
              0.9996988186962042
            ],
            [
              -0.0163617316264875,
              0.9998661379095618
            ],
            [
              -0.008181139603937581,
              0.9999665339174011
            ],
            [
              -1.8369701987210297e-16,
              1.0
            ],
            [
              0.008181139603936325,
              0.9999665339174011
            ],
            [
              0.016361731626486246,
              0.9998661379095618
            ],
            [
              0.02454122852291202,
              0.9996988186962042
            ],
            [
              0.032719082821775256,
              0.9994645874763657
            ],
            [
              0.04089474716158283,
              0.9991634599276488
            ],
            [
              0.04828161772637508,
              0.9988308501037587
            ],
            [
              0.04566208823158524,
              0.935477267707801
            ]
          ]
        ]
      }
    },
    {
      "type": "Feature",
      "properties": {
        "cell_id": "CEG2000_f4_r0017_c0101",
        "method": "GeoAnnulus-Final",
        "view": "annulus"
      },
      "geometry": {
        "type": "Polygon",
        "coordinates": [
          [
            [
              0.19521800218021448,
              0.9220593781640011
            ],
            [
              0.04566208823158519,
              0.9354772677078013
            ],
            [
              0.04828161772637501,
              0.9988308501037587
            ],
            [
              0.04906767432741766,
              0.9987954562051724
            ],
            [
              0.05723731728756854,
              0.9983606009402225
            ],
            [
              0.06540312923014237,
              0.9978589232386036
            ],
            [
              0.07356456359966698,
              0.9972904566786902
            ],
            [
              0.08172107413366805,
              0.9966552393091803
            ],
            [
              0.08987211489923418,
              0.9959533136465478
            ],
            [
              0.09801714032956009,
              0.9951847266721969
            ],
            [
              0.10615560526045723,
              0.9943495298293181
            ],
            [
              0.11428696496684553,
              0.9934477790194445
            ],
            [
              0.1224106751992156,
              0.9924795345987101
            ],
            [
              0.13052619222005127,
              0.9914448613738105
            ],
            [
              0.13863297284022572,
              0.990343828597665
            ],
            [
              0.14673047445536108,
              0.9891765099647811
            ],
            [
              0.1548181550821406,
              0.9879429836063224
            ],
            [
              0.1628954733945886,
              0.986643332084879
            ],
            [
              0.17096188876030047,
              0.9852776423889413
            ],
            [
              0.1790168612766322,
              0.9838460059270775
            ],
            [
              0.18705985180683174,
              0.9823485185218157
            ],
            [
              0.19509032201612742,
              0.9807852804032307
            ],
            [
              0.2031077344077623,
              0.9791563962022338
            ],
            [
              0.20450562440912376,
              0.9788604606187387
            ],
            [
              0.19521800218021448,
              0.9220593781640011
            ]
          ]
        ]
      }
    },
    {
      "type": "Feature",
      "properties": {
        "cell_id": "CEG2000_f4_r0017_c0102",
        "method": "GeoAnnulus-Final",
        "view": "annulus"
      },
      "geometry": {
        "type": "Polygon",
        "coordinates": [
          [
            [
              0.264260604676258,
              0.8342045799628018
            ],
            [
              0.20851249364307406,
              0.8734435881947276
            ],
            [
              0.19521800218021435,
              0.9220593781640007
            ],
            [
              0.20450562440912368,
              0.9788604606187388
            ],
            [
              0.21111155235896487,
              0.9774619749435719
            ],
            [
              0.21910124015686888,
              0.9757021300385288
            ],
            [
              0.22707626303437256,
              0.9738769792773339
            ],
            [
              0.2350360872059263,
              0.9719866448212795
            ],
            [
              0.24298017990326376,
              0.970031253194544
            ],
            [
              0.2509080094110593,
              0.9680109352757229
            ],
            [
              0.2588190451025203,
              0.9659258262890684
            ],
            [
              0.2667127574748982,
              0.96377606579544
            ],
            [
              0.2745886181849315,
              0.9615617976829621
            ],
            [
              0.28244610008421195,
              0.9592831701573937
            ],
            [
              0.29028467725446205,
              0.9569403357322089
            ],
            [
              0.29810382504273897,
              0.9545334512183887
            ],
            [
              0.30590302009655285,
              0.9520626777139245
            ],
            [
              0.31368174039889113,
              0.9495281805930368
            ],
            [
              0.3214394653031615,
              0.9469301294951057
            ],
            [
              0.32917567556803823,
              0.9442686983133167
            ],
            [
              0.3368898533922196,
              0.9415440651830209
            ],
            [
              0.34458148244908027,
              0.9387564124698132
            ],
            [
              0.3522500479212327,
              0.935905926757326
            ],
            [
              0.3548304846823555,
              0.9349226496380152
            ],
            [
              0.264260604676258,
              0.8342045799628018
            ]
          ]
        ]
      }
    }
  ]
}