{
  "type": "FeatureCollection",
  "features": [
    {
      "type": "Feature",
      "properties": {
        "cell_id": "NCEP2000_r003_c016",
        "method": "Harmonic",
        "view": "annulus"
      },
      "geometry": {
        "type": "Polygon",
        "coordinates": [
          [
            [
              -0.19849959252427823,
              -0.9192292627514499
            ],
            [
              -0.1855671814319276,
              -0.9299312780243729
            ],
            [
              -0.17542789073507745,
              -0.95366031617705
            ],
            [
              -0.17582802793376628,
              -0.9844127676478901
            ],
            [
              -0.17901686127663252,
              -0.9838460059270775
            ],
            [
              -0.18705985180683188,
              -0.9823485185218157
            ],
            [
              -0.19509032201612797,
              -0.9807852804032305
            ],
            [
              -0.20310773440776264,
              -0.9791563962022337
            ],
            [
              -0.21111155235896498,
              -0.9774619749435719
            ],
            [
              -0.21910124015686966,
              -0.9757021300385286
            ],
            [
              -0.22207463601659125,
              -0.9750216434994851
            ],
            [
              -0.19849959252427823,
              -0.9192292627514499
            ]
          ]
        ]
      }
    },
    {
      "type": "Feature",
      "properties": {
        "cell_id": "NCEP2000_r003_c017",
        "method": "Harmonic",
        "view": "annulus"
      },
      "geometry": {
        "type": "Polygon",
        "coordinates": [
          [
            [
              -0.11372041634189216,
              -0.936503067452736
            ],
            [
              -0.10577093534406895,
              -0.9559282830331923
            ],
            [
              -0.10455182460340556,
              -0.9779760873914443
            ],
            [
              -0.1063005308880769,
              -0.9943334578798784
            ],
            [
              -0.11428696496684632,
              -0.9934477790194444
            ],
            [
              -0.12241067519921595,
              -0.9924795345987101
            ],
            [
              -0.13052619222005138,
              -0.9914448613738105
            ],
            [
              -0.13863297284022652,
              -0.9903438285976649
            ],
            [
              -0.14673047445536164,
              -0.989176509964781
            ],
            [
              -0.15481815508214075,
              -0.9879429836063224
            ],
            [
              -0.16289547339458849,
              -0.9866433320848791
            ],
            [
              -0.17096188876030102,
              -0.9852776423889413
            ],
            [
              -0.17326385887647983,
              -0.9848685057536815
            ],
            [
              -0.11372041634189216,
              -0.936503067452736
            ]
          ]
        ]
      }
    },
    {
      "type": "Feature",
      "properties": {
        "cell_id": "NCEP2000_r003_c018",
        "method": "Harmonic",
        "view": "annulus"
      },
      "geometry": {
        "type": "Polygon",
        "coordinates": [
          [
            [
              -0.10455182460340558,
              -0.9779760873914443
            ],
            [
              -0.034865048069000606,
              -0.9552275478152791
            ],
            [
              -0.034530386321788314,
              -0.9563263242372249
            ],
            [
              -0.03429465473397916,
              -0.9623872383009375
            ],
            [
              -0.03561210837593815,
              -0.9993580310355321
            ],
            [
              -0.04089474716158317,
              -0.9991634599276488
            ],
            [
              -0.049067674327417786,
              -0.9987954562051724
            ],
            [
              -0.057237317287568444,
              -0.9983606009402225
            ],
            [
              -0.06540312923014292,
              -0.9978589232386035
            ],
            [
              -0.07356456359966733,
              -0.9972904566786902
            ],
            [
              -0.08172107413366796,
              -0.9966552393091803
            ],
            [
              -0.08987211489923475,
              -0.9959533136465477
            ],
            [
              -0.09801714032956042,
              -0.9951847266721969
            ],
            [
              -0.10615560526045735,
              -0.9943495298293181
            ],
            [
              -0.10630053088807691,
              -0.9943334578798784
            ],
            [
              -0.10455182460340558,
              -0.9779760873914443
            ]
          ]
        ]
      }
    },
    {
      "type": "Feature",
      "properties": {
        "cell_id": "NCEP2000_r003_c019",
        "method": "Harmonic",
        "view": "annulus"
      },
      "geometry": {
        "type": "Polygon",
        "coordinates": [
          [
            [
              -0.03429465473397915,
              -0.9623872383009373
            ],
            [
              0.037713497372579674,
              -0.9829320932460549
            ],
            [
              0.038339878890410274,
              -0.9992575612982306
            ],
            [
              0.03271908282177639,
              -0.9994645874763657
            ],
            [
              0.024541228522912486,
              -0.9996988186962042
            ],
            [
              0.016361731626486936,
              -0.9998661379095618
            ],
            [
              0.008181139603937236,
              -0.9999665339174011
            ],
            [
              6.123233995736766e-17,
              -1.0
            ],
            [
              -0.008181139603936892,
              -0.9999665339174011
            ],
            [
              -0.01636173162648659,
              -0.9998661379095618
            ],
            [
              -0.024541228522912142,
              -0.9996988186962042
            ],
            [
              -0.03271908282177604,
              -0.9994645874763657
            ],
            [
              -0.035612108375938145,
              -0.9993580310355321
            ],
            [
              -0.03429465473397915,
              -0.9623872383009373
            ]
          ]
        ]
      }
    },
    {
      "type": "Feature",
      "properties": {
        "cell_id": "NCEP2000_r004_c015",
        "method": "Harmonic",
        "view": "annulus"
      },
      "geometry": {
        "type": "Polygon",
        "coordinates": [
          [
            [
              -0.28803147634008064,
              -0.8996481907676424
            ],
            [
              -0.28041192481097504,
              -0.9020198751211543
            ],
            [
              -0.26039192197108146,
              -0.9275873059818996
            ],
            [
              -0.25856427089274614,
              -0.9652836044365884
            ],
            [
              -0.2587143779347498,
              -0.9659534133788804
            ],
            [
              -0.25881904510252063,
              -0.9659258262890683
            ],
            [
              -0.2667127574748983,
              -0.9637760657954398
            ],
            [
              -0.2745886181849321,
              -0.961561797682962
            ],
            [
              -0.2824461000842123,
              -0.9592831701573937
            ],
            [
              -0.29028467725446216,
              -0.9569403357322089
            ],
            [
              -0.2981038250427397,
              -0.9545334512183885
            ],
            [
              -0.30491292647101575,
              -0.9523763379160398
            ],
            [
              -0.28803147634008064,
              -0.8996481907676424
            ]
          ]
        ]
      }
    },
    {
      "type": "Feature",
      "properties": {
        "cell_id": "NCEP2000_r004_c016",
        "method": "Harmonic",
        "view": "annulus"
      },
      "geometry": {
        "type": "Polygon",
        "coordinates": [
          [
            [
              -0.25856427089274603,
              -0.965283604436588
            ],
            [
              -0.2006441172024172,
              -0.9163627398319716
            ],
            [
              -0.19849959252427823,
              -0.91922926275145
            ],
            [
              -0.2220746360165912,
              -0.9750216434994852
            ],
            [
              -0.22707626303437312,
              -0.9738769792773336
            ],
            [
              -0.23503608720592642,
              -0.9719866448212795
            ],
            [
              -0.24298017990326365,
              -0.9700312531945441
            ],
            [
              -0.25090800941105984,
              -0.9680109352757228
            ],
            [
              -0.2587143779347498,
              -0.9659534133788804
            ],
            [
              -0.25856427089274603,
              -0.965283604436588
            ]
          ]
        ]
      }
    },
    {
      "type": "Feature",
      "properties": {
        "cell_id": "NCEP2000_r004_c017",
        "method": "Harmonic",
        "view": "annulus"
      },
      "geometry": {
        "type": "Polygon",
        "coordinates": [
          [
            [
              -0.17542789073507728,
              -0.9536603161770498
            ],
            [
              -0.11707958197035706,
              -0.9289925872751601
            ],
            [
              -0.11423946422636262,
              -0.9338991270619862
            ],
            [
              -0.11372041634189212,
              -0.9365030674527361
            ],
            [
              -0.17326385887647966,
              -0.9848685057536815
            ],
            [
              -0.17582802793376615,
              -0.9844127676478901
            ],
            [
              -0.17542789073507728,
              -0.9536603161770498
            ]
          ]
        ]
      }
    },
    {
      "type": "Feature",
      "properties": {
        "cell_id": "NCEP2000_r004_c018",
        "method": "Harmonic",
        "view": "annulus"
      },
      "geometry": {
        "type": "Polygon",
        "coordinates": [
          [
            [
              -0.03486504806900065,
              -0.9552275478152789
            ],
            [
              -0.10455182460340556,
              -0.9779760873914443
            ],
            [
              -0.10577093534406895,
              -0.9559282830331923
            ],
            [
              -0.0364265982335213,
              -0.944666706686221
            ],
            [
              -0.03486504806900065,
              -0.9552275478152789
            ]
          ]
        ]
      }
    },
    {
      "type": "Feature",
      "properties": {
        "cell_id": "NCEP2000_r004_c019",
        "method": "Harmonic",
        "view": "annulus"
      },
      "geometry": {
        "type": "Polygon",
        "coordinates": [
          [
            [
              0.037713497372579556,
              -0.982932093246055
            ],
            [
              -0.034294654733979156,
              -0.9623872383009374
            ],
            [
              -0.03453038632178831,
              -0.956326324237225
            ],
            [
              0.038335494035028374,
              -0.9636672939253775
            ],
            [
              0.037713497372579556,
              -0.982932093246055
            ]
          ]
        ]
      }
    },
    {
      "type": "Feature",
      "properties": {
        "cell_id": "NCEP2000_r004_c020",
        "method": "Harmonic",
        "view": "annulus"
      },
      "geometry": {
        "type": "Polygon",
        "coordinates": [
          [
            [
              0.03771349737257956,
              -0.982932093246055
            ],
            [
              0.03833549403502838,
              -0.9636672939253775
            ],
            [
              0.04443476477067313,
              -0.9437258625061028
            ],
            [
              0.047125191757361753,
              -0.9394379588239521
            ],
            [
              0.10916444553325438,
              -0.9940158557267392
            ],
            [
              0.1061556052604577,
              -0.994349529829318
            ],
            [
              0.09801714032956077,
              -0.9951847266721968
            ],
            [
              0.08987211489923509,
              -0.9959533136465477
            ],
            [
              0.0817210741336683,
              -0.9966552393091803
            ],
            [
              0.07356456359966768,
              -0.9972904566786902
            ],
            [
              0.06540312923014327,
              -0.9978589232386035
            ],
            [
              0.057237317287568784,
              -0.9983606009402225
            ],
            [
              0.049067674327418126,
              -0.9987954562051724
            ],
            [
              0.04089474716158352,
              -0.9991634599276488
            ],
            [
              0.038339878890410156,
              -0.9992575612982306
            ],
            [
              0.03771349737257956,
              -0.982932093246055
            ]
          ]
        ]
      }
    },
    {
      "type": "Feature",
      "properties": {
        "cell_id": "NCEP2000_r005_c015",
        "method": "Harmonic",
        "view": "annulus"
      },
      "geometry": {
        "type": "Polygon",
        "coordinates": [
          [
            [
              -0.2981607491592693,
              -0.8917957684392085
            ],
            [
              -0.28803147634008075,
              -0.8996481907676424
            ],
            [
              -0.30491292647101587,
              -0.9523763379160398
            ],
            [
              -0.3059030200965532,
              -0.9520626777139244
            ],
            [
              -0.31368174039889124,
              -0.9495281805930368
            ],
            [
              -0.32143946530316136,
              -0.9469301294951057
            ],
            [
              -0.32917567556803873,
              -0.9442686983133166
            ],
            [
              -0.33688985339221994,
              -0.9415440651830208
            ],
            [
              -0.3440916149542323,
              -0.9389339535916004
            ],
            [
              -0.2981607491592693,
              -0.8917957684392085
            ]
          ]
        ]
      }
    },
    {
      "type": "Feature",
      "properties": {
        "cell_id": "NCEP2000_r005_c016",
        "method": "Harmonic",
        "view": "annulus"
      },
      "geometry": {
        "type": "Polygon",
        "coordinates": [
          [
            [
              -0.2006441172024173,
              -0.9163627398319716
            ],
            [
              -0.2585642708927463,
              -0.9652836044365878
            ],
            [
              -0.2603919219710816,
              -0.9275873059819
            ],
            [
              -0.2112189104977215,
              -0.897664289814029
            ],
            [
              -0.20427406602618892,
              -0.9051838975889896
            ],
            [
              -0.2006441172024173,
              -0.9163627398319716
            ]
          ]
        ]
      }
    },
    {
      "type": "Feature",
      "properties": {
        "cell_id": "NCEP2000_r005_c017",
        "method": "Harmonic",
        "view": "annulus"
      },
      "geometry": {
        "type": "Polygon",
        "coordinates": [
          [
            [
              -0.11707958197035703,
              -0.9289925872751602
            ],
            [
              -0.17542789073507725,
              -0.9536603161770499
            ],
            [
              -0.18556718143192732,
              -0.9299312780243729
            ],
            [
              -0.12357489658443949,
              -0.9050907793169459
            ],
            [
              -0.12187649812836132,
              -0.9077028665242299
            ],
            [
              -0.11707958197035703,
              -0.9289925872751602
            ]
          ]
        ]
      }
    },
    {
      "type": "Feature",
      "properties": {
        "cell_id": "NCEP2000_r005_c018",
        "method": "Harmonic",
        "view": "annulus"
      },
      "geometry": {
        "type": "Polygon",
        "coordinates": [
          [
            [
              -0.03524809194037791,
              -0.935443683201497
            ],
            [
              -0.03642659823352125,
              -0.944666706686221
            ],
            [
              -0.10577093534406894,
              -0.9559282830331923
            ],
            [
              -0.11372041634189223,
              -0.9365030674527358
            ],
            [
              -0.11423946422636268,
              -0.9338991270619861
            ],
            [
              -0.03722103384873337,
              -0.9211078244056897
            ],
            [
              -0.03524809194037791,
              -0.935443683201497
            ]
          ]
        ]
      }
    },
    {
      "type": "Feature",
      "properties": {
        "cell_id": "NCEP2000_r005_c019",
        "method": "Harmonic",
        "view": "annulus"
      },
      "geometry": {
        "type": "Polygon",
        "coordinates": [
          [
            [
              0.04443476477067312,
              -0.9437258625061029
            ],
            [
              0.038335494035028395,
              -0.9636672939253775
            ],
            [
              -0.03453038632178833,
              -0.9563263242372251
            ],
            [
              -0.034865048069000634,
              -0.9552275478152792
            ],
            [
              -0.036426598233521276,
              -0.9446667066862211
            ],
            [
              -0.0352480919403779,
              -0.9354436832014968
            ],
            [
              0.04443476477067312,
              -0.9437258625061029
            ]
          ]
        ]
      }
    },
    {
      "type": "Feature",
      "properties": {
        "cell_id": "NCEP2000_r005_c020",
        "method": "Harmonic",
        "view": "annulus"
      },
      "geometry": {
        "type": "Polygon",
        "coordinates": [
          [
            [
              0.04712519175736232,
              -0.9394379588239513
            ],
            [
              0.04926343553502663,
              -0.9345430803258198
            ],
            [
              0.12172275914258084,
              -0.9726184847037371
            ],
            [
              0.1219477349527496,
              -0.9925347112726624
            ],
            [
              0.11428696496684666,
              -0.9934477790194444
            ],
            [
              0.10916444553325551,
              -0.9940158557267391
            ],
            [
              0.04712519175736232,
              -0.9394379588239513
            ]
          ]
        ]
      }
    },
    {
      "type": "Feature",
      "properties": {
        "cell_id": "NCEP2000_r005_c021",
        "method": "Harmonic",
        "view": "annulus"
      },
      "geometry": {
        "type": "Polygon",
        "coordinates": [
          [
            [
              0.12172275914258085,
              -0.9726184847037374
            ],
            [
              0.1267819317607949,
              -0.9499548165977143
            ],
            [
              0.13974191426975807,
              -0.9291554264590081
            ],
            [
              0.15907328980134006,
              -0.9138629118315655
            ],
            [
              0.1714879558224907,
              -0.9851841427790929
            ],
            [
              0.17096188876030136,
              -0.9852776423889412
            ],
            [
              0.16289547339458882,
              -0.986643332084879
            ],
            [
              0.15481815508214108,
              -0.9879429836063224
            ],
            [
              0.14673047445536197,
              -0.9891765099647809
            ],
            [
              0.13863297284022685,
              -0.9903438285976648
            ],
            [
              0.1305261922200517,
              -0.9914448613738104
            ],
            [
              0.12241067519921628,
              -0.99247953459871
            ],
            [
              0.12194773495274962,
              -0.9925347112726624
            ],
            [
              0.12172275914258085,
              -0.9726184847037374
            ]
          ]
        ]
      }
    },
    {
      "type": "Feature",
      "properties": {
        "cell_id": "NCEP2000_r006_c014",
        "method": "Harmonic",
        "view": "annulus"
      },
      "geometry": {
        "type": "Polygon",
        "coordinates": [
          [
            [
              -0.40970728575979104,
              -0.859613084315112
            ],
            [
              -0.3824845430454638,
              -0.8708942731903665
            ],
            [
              -0.3711135863148142,
              -0.9144531080480707
            ],
            [
              -0.3737970582827005,
              -0.9275053516251147
            ],
            [
              -0.3751122380170379,
              -0.926979400466833
            ],
            [
              -0.3826834323650895,
              -0.9238795325112868
            ],
            [
              -0.3902290128824278,
              -0.9207178272982478
            ],
            [
              -0.39774847452701084,
              -0.9174944964474914
            ],
            [
              -0.40524131400498975,
              -0.9142097557035307
            ],
            [
              -0.4127070298043946,
              -0.9108638249211759
            ],
            [
              -0.4201451222287024,
              -0.9074569280508187
            ],
            [
              -0.42755509343028186,
              -0.9039892931234434
            ],
            [
              -0.43024499858207477,
              -0.9027035717864336
            ],
            [
              -0.40970728575979104,
              -0.859613084315112
            ]
          ]
        ]
      }
    },
    {
      "type": "Feature",
      "properties": {
        "cell_id": "NCEP2000_r006_c015",
        "method": "Harmonic",
        "view": "annulus"
      },
      "geometry": {
        "type": "Polygon",
        "coordinates": [
          [
            [
              -0.37111358631481406,
              -0.9144531080480702
            ],
            [
              -0.31852828467694133,
              -0.8657043571732188
            ],
            [
              -0.3064635475936346,
              -0.8736036888279456
            ],
            [
              -0.29816074915926916,
              -0.8917957684392085
            ],
            [
              -0.3440916149542322,
              -0.9389339535916004
            ],
            [
              -0.34458148244908016,
              -0.9387564124698133
            ],
            [
              -0.35225004792123327,
              -0.9359059267573258
            ],
            [
              -0.35989503653498794,
              -0.932992798834739
            ],
            [
              -0.3675159365947034,
              -0.9300172236840122
            ],
            [
              -0.37379705828270043,
              -0.9275053516251147
            ],
            [
              -0.37111358631481406,
              -0.9144531080480702
            ]
          ]
        ]
      }
    },
    {
      "type": "Feature",
      "properties": {
        "cell_id": "NCEP2000_r006_c016",
        "method": "Harmonic",
        "view": "annulus"
      },
      "geometry": {
        "type": "Polygon",
        "coordinates": [
          [
            [
              -0.21121891049772146,
              -0.897664289814029
            ],
            [
              -0.2603919219710816,
              -0.9275873059818999
            ],
            [
              -0.2804119248109752,
              -0.9020198751211543
            ],
            [
              -0.22584702776248852,
              -0.8676090014915928
            ],
            [
              -0.21998744545478138,
              -0.8731782346455957
            ],
            [
              -0.21121891049772146,
              -0.897664289814029
            ]
          ]
        ]
      }
    },
    {
      "type": "Feature",
      "properties": {
        "cell_id": "NCEP2000_r006_c017",
        "method": "Harmonic",
        "view": "annulus"
      },
      "geometry": {
        "type": "Polygon",
        "coordinates": [
          [
            [
              -0.12357489658443954,
              -0.905090779316946
            ],
            [
              -0.18556718143192744,
              -0.929931278024373
            ],
            [
              -0.19849959252427837,
              -0.9192292627514497
            ],
            [
              -0.20064411720241745,
              -0.9163627398319714
            ],
            [
              -0.20427406602618897,
              -0.9051838975889898
            ],
            [
              -0.13088645804381732,
              -0.8762376499513604
            ],
            [
              -0.12357489658443954,
              -0.905090779316946
            ]
          ]
        ]
      }
    },
    {
      "type": "Feature",
      "properties": {
        "cell_id": "NCEP2000_r006_c018",
        "method": "Harmonic",
        "view": "annulus"
      },
      "geometry": {
        "type": "Polygon",
        "coordinates": [
          [
            [
              -0.035787885000823104,
              -0.9116353599527314
            ],
            [
              -0.03722103384873335,
              -0.9211078244056896
            ],
            [
              -0.1142394642263626,
              -0.933899127061986
            ],
            [
              -0.11707958197035714,
              -0.9289925872751598
            ],
            [
              -0.12187649812836138,
              -0.9077028665242297
            ],
            [
              -0.03837638136801189,
              -0.8940574379169153
            ],
            [
              -0.035787885000823104,
              -0.9116353599527314
            ]
          ]
        ]
      }
    },
    {
      "type": "Feature",
      "properties": {
        "cell_id": "NCEP2000_r006_c019",
        "method": "Harmonic",
        "view": "annulus"
      },
      "geometry": {
        "type": "Polygon",
        "coordinates": [
          [
            [
              0.05221527107639841,
              -0.9201601670302615
            ],
            [
              0.049263435535026504,
              -0.93454308032582
            ],
            [
              0.0471251917573625,
              -0.9394379588239509
            ],
            [
              0.04443476477067315,
              -0.9437258625061027
            ],
            [
              -0.03524809194037791,
              -0.9354436832014968
            ],
            [
              -0.03722103384873336,
              -0.9211078244056897
            ],
            [
              -0.03578788500082311,
              -0.9116353599527315
            ],
            [
              0.05221527107639841,
              -0.9201601670302615
            ]
          ]
        ]
      }
    },
    {
      "type": "Feature",
      "properties": {
        "cell_id": "NCEP2000_r006_c020",
        "method": "Harmonic",
        "view": "annulus"
      },
      "geometry": {
        "type": "Polygon",
        "coordinates": [
          [
            [
              0.1267819317607949,
              -0.9499548165977141
            ],
            [
              0.12172275914258085,
              -0.9726184847037374
            ],
            [
              0.04926343553502654,
              -0.9345430803258197
            ],
            [
              0.05221527107639837,
              -0.9201601670302616
            ],
            [
              0.05432838275042408,
              -0.9161319810294586
            ],
            [
              0.1267819317607949,
              -0.9499548165977141
            ]
          ]
        ]
      }
    },
    {
      "type": "Feature",
      "properties": {
        "cell_id": "NCEP2000_r006_c021",
        "method": "Harmonic",
        "view": "annulus"
      },
      "geometry": {
        "type": "Polygon",
        "coordinates": [
          [
            [
              0.15907328980133997,
              -0.913862911831566
            ],
            [
              0.16219619766257282,
              -0.9105205146208383
            ],
            [
              0.19657816403737005,
              -0.9804829980403438
            ],
            [
              0.19509032201612833,
              -0.9807852804032304
            ],
            [
              0.1870598518068322,
              -0.9823485185218156
            ],
            [
              0.17901686127663285,
              -0.9838460059270774
            ],
            [
              0.17148795582249057,
              -0.9851841427790929
            ],
            [
              0.15907328980133997,
              -0.913862911831566
            ]
          ]
        ]
      }
    },
    {
      "type": "Feature",
      "properties": {
        "cell_id": "NCEP2000_r007_c014",
        "method": "Harmonic",
        "view": "annulus"
      },
      "geometry": {
        "type": "Polygon",
        "coordinates": [
          [
            [
              -0.4391095751372593,
              -0.8332916273996968
            ],
            [
              -0.4216228588709849,
              -0.8380008859143981
            ],
            [
              -0.4097072857597911,
              -0.8596130843151122
            ],
            [
              -0.4302449985820747,
              -0.9027035717864336
            ],
            [
              -0.43493644744371673,
              -0.9004611522353638
            ],
            [
              -0.44228869021900113,
              -0.8968727415326884
            ],
            [
              -0.4496113296546063,
              -0.8932243011955154
            ],
            [
              -0.4569038756304206,
              -0.8895160754218561
            ],
            [
              -0.46416584004055134,
              -0.8857483124112906
            ],
            [
              -0.46618804572971173,
              -0.8846780332197615
            ],
            [
              -0.4391095751372593,
              -0.8332916273996968
            ]
          ]
        ]
      }
    },
    {
      "type": "Feature",
      "properties": {
        "cell_id": "NCEP2000_r007_c015",
        "method": "Harmonic",
        "view": "annulus"
      },
      "geometry": {
        "type": "Polygon",
        "coordinates": [
          [
            [
              -0.31852828467694133,
              -0.8657043571732188
            ],
            [
              -0.3711135863148143,
              -0.9144531080480705
            ],
            [
              -0.3824845430454638,
              -0.8708942731903664
            ],
            [
              -0.3417198496117278,
              -0.8330114744925559
            ],
            [
              -0.3340542169149209,
              -0.8371413610005864
            ],
            [
              -0.31852828467694133,
              -0.8657043571732188
            ]
          ]
        ]
      }
    },
    {
      "type": "Feature",
      "properties": {
        "cell_id": "NCEP2000_r007_c016",
        "method": "Harmonic",
        "view": "annulus"
      },
      "geometry": {
        "type": "Polygon",
        "coordinates": [
          [
            [
              -0.2258470277624885,
              -0.8676090014915927
            ],
            [
              -0.28041192481097527,
              -0.9020198751211543
            ],
            [
              -0.28803147634008,
              -0.8996481907676427
            ],
            [
              -0.2981607491592694,
              -0.8917957684392082
            ],
            [
              -0.30646354759363464,
              -0.8736036888279456
            ],
            [
              -0.24151693393832876,
              -0.8333741541949626
            ],
            [
              -0.23942303226468495,
              -0.835078486414844
            ],
            [
              -0.2258470277624885,
              -0.8676090014915927
            ]
          ]
        ]
      }
    },
    {
      "type": "Feature",
      "properties": {
        "cell_id": "NCEP2000_r007_c017",
        "method": "Harmonic",
        "view": "annulus"
      },
      "geometry": {
        "type": "Polygon",
        "coordinates": [
          [
            [
              -0.13085858346025125,
              -0.8759628915826272
            ],
            [
              -0.13088645804381732,
              -0.8762376499513604
            ],
            [
              -0.2042740660261889,
              -0.9051838975889898
            ],
            [
              -0.2112189104977215,
              -0.897664289814029
            ],
            [
              -0.21998744545478144,
              -0.8731782346455956
            ],
            [
              -0.14076279644276626,
              -0.8428591107600937
            ],
            [
              -0.13085858346025125,
              -0.8759628915826272
            ]
          ]
        ]
      }
    },
    {
      "type": "Feature",
      "properties": {
        "cell_id": "NCEP2000_r007_c018",
        "method": "Harmonic",
        "view": "annulus"
      },
      "geometry": {
        "type": "Polygon",
        "coordinates": [
          [
            [
              -0.03642866850951197,
              -0.8825839447411111
            ],
            [
              -0.0383763813680119,
              -0.8940574379169154
            ],
            [
              -0.12187649812836139,
              -0.9077028665242298
            ],
            [
              -0.12357489658443956,
              -0.9050907793169459
            ],
            [
              -0.13088645804381735,
              -0.8762376499513606
            ],
            [
              -0.13085858346025125,
              -0.8759628915826271
            ],
            [
              -0.04011679571159837,
              -0.8615647475928745
            ],
            [
              -0.03642866850951197,
              -0.8825839447411111
            ]
          ]
        ]
      }
    },
    {
      "type": "Feature",
      "properties": {
        "cell_id": "NCEP2000_r007_c019",
        "method": "Harmonic",
        "view": "annulus"
      },
      "geometry": {
        "type": "Polygon",
        "coordinates": [
          [
            [
              0.060362870856393684,
              -0.8911014533657319
            ],
            [
              0.05432838275042407,
              -0.9161319810294587
            ],
            [
              0.052215271076398485,
              -0.9201601670302615
            ],
            [
              -0.03578788500082309,
              -0.9116353599527316
            ],
            [
              -0.03837638136801189,
              -0.8940574379169153
            ],
            [
              -0.03642866850951198,
              -0.882583944741111
            ],
            [
              0.060357857126244724,
              -0.8905349136612216
            ],
            [
              0.060362870856393684,
              -0.8911014533657319
            ]
          ]
        ]
      }
    },
    {
      "type": "Feature",
      "properties": {
        "cell_id": "NCEP2000_r007_c020",
        "method": "Harmonic",
        "view": "annulus"
      },
      "geometry": {
        "type": "Polygon",
        "coordinates": [
          [
            [
              0.139741914269758,
              -0.9291554264590082
            ],
            [
              0.1267819317607949,
              -0.9499548165977143
            ],
            [
              0.0543283827504241,
              -0.9161319810294585
            ],
            [
              0.06036287085639367,
              -0.8911014533657318
            ],
            [
              0.139741914269758,
              -0.9291554264590082
            ]
          ]
        ]
      }
    },
    {
      "type": "Feature",
      "properties": {
        "cell_id": "NCEP2000_r007_c021",
        "method": "Harmonic",
        "view": "annulus"
      },
      "geometry": {
        "type": "Polygon",
        "coordinates": [
          [
            [
              0.16219619766257304,
              -0.910520514620838
            ],
            [
              0.17379713672021974,
              -0.8910342181320644
            ],
            [
              0.206529028555974,
              -0.9129877560020223
            ],
            [
              0.19919481632003042,
              -0.9799513771938005
            ],
            [
              0.19657816403737038,
              -0.9804829980403438
            ],
            [
              0.16219619766257304,
              -0.910520514620838
            ]
          ]
        ]
      }
    },
    {
      "type": "Feature",
      "properties": {
        "cell_id": "NCEP2000_r007_c022",
        "method": "Harmonic",
        "view": "annulus"
      },
      "geometry": {
        "type": "Polygon",
        "coordinates": [
          [
            [
              0.24122023947397567,
              -0.926009299664748
            ],
            [
              0.29486048321629044,
              -0.8755952731023009
            ],
            [
              0.319141917723705,
              -0.9476995749298194
            ],
            [
              0.3136817403988916,
              -0.9495281805930367
            ],
            [
              0.3059030200965535,
              -0.9520626777139243
            ],
            [
              0.29810382504274,
              -0.9545334512183884
            ],
            [
              0.2902846772544625,
              -0.9569403357322088
            ],
            [
              0.2824461000842126,
              -0.9592831701573936
            ],
            [
              0.2745886181849324,
              -0.9615617976829619
            ],
            [
              0.26671275747489864,
              -0.9637760657954398
            ],
            [
              0.25881904510252096,
              -0.9659258262890682
            ],
            [
              0.2520809015362569,
              -0.9677017964971852
            ],
            [
              0.24122023947397567,
              -0.926009299664748
            ]
          ]
        ]
      }
    },
    {
      "type": "Feature",
      "properties": {
        "cell_id": "NCEP2000_r008_c014",
        "method": "Harmonic",
        "view": "annulus"
      },
      "geometry": {
        "type": "Polygon",
        "coordinates": [
          [
            [
              -0.46379272492233126,
              -0.8060106070579031
            ],
            [
              -0.43910957513725923,
              -0.8332916273996964
            ],
            [
              -0.46618804572971184,
              -0.8846780332197614
            ],
            [
              -0.4713967368259973,
              -0.8819212643483553
            ],
            [
              -0.4785960820071807,
              -0.8780351873856628
            ],
            [
              -0.4857633937163398,
              -0.874090341626759
            ],
            [
              -0.492898192229784,
              -0.8700869911087115
            ],
            [
              -0.49999999999999983,
              -0.8660254037844387
            ],
            [
              -0.5070683416876167,
              -0.8619058515047745
            ],
            [
              -0.5141027441932217,
              -0.8577286100002721
            ],
            [
              -0.5211027366890232,
              -0.8534939588627506
            ],
            [
              -0.5225773270776373,
              -0.8525853429168934
            ],
            [
              -0.46379272492233126,
              -0.8060106070579031
            ]
          ]
        ]
      }
    },
    {
      "type": "Feature",
      "properties": {
        "cell_id": "NCEP2000_r008_c015",
        "method": "Harmonic",
        "view": "annulus"
      },
      "geometry": {
        "type": "Polygon",
        "coordinates": [
          [
            [
              -0.34171984961172774,
              -0.8330114744925559
            ],
            [
              -0.38248454304546364,
              -0.8708942731903663
            ],
            [
              -0.409707285759791,
              -0.8596130843151117
            ],
            [
              -0.42162285887098466,
              -0.8380008859143983
            ],
            [
              -0.36549961511700446,
              -0.7969958877398825
            ],
            [
              -0.34171984961172774,
              -0.8330114744925559
            ]
          ]
        ]
      }
    },
    {
      "type": "Feature",
      "properties": {
        "cell_id": "NCEP2000_r008_c016",
        "method": "Harmonic",
        "view": "annulus"
      },
      "geometry": {
        "type": "Polygon",
        "coordinates": [
          [
            [
              -0.2415169339383288,
              -0.8333741541949627
            ],
            [
              -0.3064635475936345,
              -0.8736036888279457
            ],
            [
              -0.31852828467694133,
              -0.8657043571732187
            ],
            [
              -0.33405421691492093,
              -0.8371413610005863
            ],
            [
              -0.26069828399483513,
              -0.794382518027797
            ],
            [
              -0.2415169339383288,
              -0.8333741541949627
            ]
          ]
        ]
      }
    },
    {
      "type": "Feature",
      "properties": {
        "cell_id": "NCEP2000_r008_c017",
        "method": "Harmonic",
        "view": "annulus"
      },
      "geometry": {
        "type": "Polygon",
        "coordinates": [
          [
            [
              -0.14013839208007453,
              -0.8363725401598463
            ],
            [
              -0.14076279644276624,
              -0.8428591107600938
            ],
            [
              -0.21998744545478133,
              -0.8731782346455956
            ],
            [
              -0.2258470277624886,
              -0.8676090014915926
            ],
            [
              -0.23942303226468512,
              -0.8350784864148437
            ],
            [
              -0.15243664763652265,
              -0.802988842052902
            ],
            [
              -0.14013839208007453,
              -0.8363725401598463
            ]
          ]
        ]
      }
    },
    {
      "type": "Feature",
      "properties": {
        "cell_id": "NCEP2000_r008_c018",
        "method": "Harmonic",
        "view": "annulus"
      },
      "geometry": {
        "type": "Polygon",
        "coordinates": [
          [
            [
              -0.036954157040097635,
              -0.8442005685644461
            ],
            [
              -0.04011679571159836,
              -0.8615647475928745
            ],
            [
              -0.1308585834602513,
              -0.8759628915826271
            ],
            [
              -0.1407627964427663,
              -0.8428591107600938
            ],
            [
              -0.14013839208007456,
              -0.8363725401598462
            ],
            [
              -0.04292925479451273,
              -0.8215006435993603
            ],
            [
              -0.036954157040097635,
              -0.8442005685644461
            ]
          ]
        ]
      }
    },
    {
      "type": "Feature",
      "properties": {
        "cell_id": "NCEP2000_r008_c019",
        "method": "Harmonic",
        "view": "annulus"
      },
      "geometry": {
        "type": "Polygon",
        "coordinates": [
          [
            [
              0.0686077715364681,
              -0.8641245642263388
            ],
            [
              0.06035785712624472,
              -0.8905349136612216
            ],
            [
              -0.03642866850951194,
              -0.8825839447411111
            ],
            [
              -0.04011679571159836,
              -0.8615647475928745
            ],
            [
              -0.03695415704009765,
              -0.8442005685644461
            ],
            [
              0.06619374160744156,
              -0.8500724699337597
            ],
            [
              0.0686077715364681,
              -0.8641245642263388
            ]
          ]
        ]
      }
    },
    {
      "type": "Feature",
      "properties": {
        "cell_id": "NCEP2000_r008_c020",
        "method": "Harmonic",
        "view": "annulus"
      },
      "geometry": {
        "type": "Polygon",
        "coordinates": [
          [
            [
              0.17379713672021968,
              -0.8910342181320643
            ],
            [
              0.162196197662573,
              -0.910520514620838
            ],
            [
              0.15907328980133995,
              -0.913862911831566
            ],
            [
              0.13974191426975788,
              -0.9291554264590082
            ],
            [
              0.06036287085639368,
              -0.8911014533657318
            ],
            [
              0.06035785712624472,
              -0.8905349136612217
            ],
            [
              0.06860777153646816,
              -0.8641245642263388
            ],
            [
              0.17356910360500657,
              -0.8891531314501595
            ],
            [
              0.17379713672021968,
              -0.8910342181320643
            ]
          ]
        ]
      }
    },
    {
      "type": "Feature",
      "properties": {
        "cell_id": "NCEP2000_r008_c021",
        "method": "Harmonic",
        "view": "annulus"
      },
      "geometry": {
        "type": "Polygon",
        "coordinates": [
          [
            [
              0.20652902855597396,
              -0.9129877560020223
            ],
            [
              0.2412202394739758,
              -0.9260092996647484
            ],
            [
              0.2520809015362569,
              -0.9677017964971852
            ],
            [
              0.2509080094110602,
              -0.9680109352757227
            ],
            [
              0.24298017990326398,
              -0.970031253194544
            ],
            [
              0.23503608720592675,
              -0.9719866448212794
            ],
            [
              0.22707626303437345,
              -0.9738769792773336
            ],
            [
              0.21910124015687,
              -0.9757021300385285
            ],
            [
              0.2111115523589653,
              -0.9774619749435718
            ],
            [
              0.20310773440776297,
              -0.9791563962022337
            ],
            [
              0.19919481632003042,
              -0.9799513771938005
            ],
            [
              0.20652902855597396,
              -0.9129877560020223
            ]
          ]
        ]
      }
    },
    {
      "type": "Feature",
      "properties": {
        "cell_id": "NCEP2000_r009_c013",
        "method": "Harmonic",
        "view": "annulus"
      },
      "geometry": {
        "type": "Polygon",
        "coordinates": [
          [
            [
              -0.5876614834469706,
              -0.7438087997038313
            ],
            [
              -0.5534974483427445,
              -0.8093066700621269
            ],
            [
              -0.5598548865633202,
              -0.8285812767446483
            ],
            [
              -0.562354009234973,
              -0.8268965886356963
            ],
            [
              -0.569100145878898,
              -0.8222682189897752
            ],
            [
              -0.575808191417845,
              -0.8175848131515839
            ],
            [
              -0.582477696867802,
              -0.8128466845916152
            ],
            [
              -0.5891082158243279,
              -0.8080541504430734
            ],
            [
              -0.5956993044924334,
              -0.8032075314806449
            ],
            [
              -0.6022505217162818,
              -0.7983071520990316
            ],
            [
              -0.6087614290087203,
              -0.7933533402912354
            ],
            [
              -0.6152315905806268,
              -0.7883464276266063
            ],
            [
              -0.6199287125024132,
              -0.7846497423035058
            ],
            [
              -0.5876614834469706,
              -0.7438087997038313
            ]
          ]
        ]
      }
    },
    {
      "type": "Feature",
      "properties": {
        "cell_id": "NCEP2000_r009_c014",
        "method": "Harmonic",
        "view": "annulus"
      },
      "geometry": {
        "type": "Polygon",
        "coordinates": [
          [
            [
              -0.5534974483427453,
              -0.8093066700621274
            ],
            [
              -0.515354773335812,
              -0.7599775917825231
            ],
            [
              -0.5004532858002126,
              -0.7611623922596323
            ],
            [
              -0.46380462807302997,
              -0.8056551373032932
            ],
            [
              -0.46379272492233137,
              -0.8060106070579034
            ],
            [
              -0.5225773270776372,
              -0.8525853429168935
            ],
            [
              -0.528067850650368,
              -0.8492021815265789
            ],
            [
              -0.534997619887097,
              -0.8448535652497072
            ],
            [
              -0.5418915805747514,
              -0.8404484010944382
            ],
            [
              -0.5487492712856158,
              -0.8359869839079468
            ],
            [
              -0.555570233019602,
              -0.8314696123025453
            ],
            [
              -0.5598548865633206,
              -0.828581276744648
            ],
            [
              -0.5534974483427453,
              -0.8093066700621274
            ]
          ]
        ]
      }
    },
    {
      "type": "Feature",
      "properties": {
        "cell_id": "NCEP2000_r009_c015",
        "method": "Harmonic",
        "view": "annulus"
      },
      "geometry": {
        "type": "Polygon",
        "coordinates": [
          [
            [
              -0.3654996151170046,
              -0.7969958877398824
            ],
            [
              -0.42162285887098483,
              -0.8380008859143983
            ],
            [
              -0.43910957513725934,
              -0.8332916273996966
            ],
            [
              -0.46379272492233137,
              -0.8060106070579031
            ],
            [
              -0.46380462807302997,
              -0.8056551373032932
            ],
            [
              -0.4010480571156426,
              -0.7475468156217571
            ],
            [
              -0.3989651127900954,
              -0.7483442356220413
            ],
            [
              -0.3655090106283659,
              -0.7967431110215532
            ],
            [
              -0.3654996151170046,
              -0.7969958877398824
            ]
          ]
        ]
      }
    },
    {
      "type": "Feature",
      "properties": {
        "cell_id": "NCEP2000_r009_c016",
        "method": "Harmonic",
        "view": "annulus"
      },
      "geometry": {
        "type": "Polygon",
        "coordinates": [
          [
            [
              -0.26064688078193193,
              -0.7900831804126488
            ],
            [
              -0.2606982839948352,
              -0.794382518027797
            ],
            [
              -0.3340542169149208,
              -0.8371413610005863
            ],
            [
              -0.3417198496117278,
              -0.8330114744925556
            ],
            [
              -0.36549961511700446,
              -0.7969958877398824
            ],
            [
              -0.36550901062836577,
              -0.7967431110215533
            ],
            [
              -0.28456092782037007,
              -0.7468366650710058
            ],
            [
              -0.26064688078193193,
              -0.7900831804126488
            ]
          ]
        ]
      }
    },
    {
      "type": "Feature",
      "properties": {
        "cell_id": "NCEP2000_r009_c017",
        "method": "Harmonic",
        "view": "annulus"
      },
      "geometry": {
        "type": "Polygon",
        "coordinates": [
          [
            [
              -0.15133792775337204,
              -0.7886849086935801
            ],
            [
              -0.15243664763652265,
              -0.8029888420529021
            ],
            [
              -0.23942303226468503,
              -0.8350784864148437
            ],
            [
              -0.2415169339383288,
              -0.8333741541949627
            ],
            [
              -0.26069828399483513,
              -0.794382518027797
            ],
            [
              -0.2606468807819319,
              -0.7900831804126489
            ],
            [
              -0.16601016789676343,
              -0.7549840191451109
            ],
            [
              -0.15133792775337204,
              -0.7886849086935801
            ]
          ]
        ]
      }
    },
    {
      "type": "Feature",
      "properties": {
        "cell_id": "NCEP2000_r009_c018",
        "method": "Harmonic",
        "view": "annulus"
      },
      "geometry": {
        "type": "Polygon",
        "coordinates": [
          [
            [
              -0.038774644479986006,
              -0.7939783951772901
            ],
            [
              -0.04292925479451273,
              -0.8215006435993601
            ],
            [
              -0.14013839208007453,
              -0.8363725401598463
            ],
            [
              -0.15243664763652265,
              -0.802988842052902
            ],
            [
              -0.15133792775337204,
              -0.7886849086935801
            ],
            [
              -0.04621569461449371,
              -0.772255633547627
            ],
            [
              -0.038774644479986006,
              -0.7939783951772901
            ]
          ]
        ]
      }
    },
    {
      "type": "Feature",
      "properties": {
        "cell_id": "NCEP2000_r009_c019",
        "method": "Harmonic",
        "view": "annulus"
      },
      "geometry": {
        "type": "Polygon",
        "coordinates": [
          [
            [
              0.07616305040445989,
              -0.8079939209689502
            ],
            [
              0.06619374160744157,
              -0.8500724699337598
            ],
            [
              -0.036954157040097635,
              -0.8442005685644461
            ],
            [
              -0.042929254794512754,
              -0.8215006435993601
            ],
            [
              -0.038774644479986034,
              -0.7939783951772901
            ],
            [
              0.07351981358507155,
              -0.7986186292176924
            ],
            [
              0.07616305040445989,
              -0.8079939209689502
            ]
          ]
        ]
      }
    },
    {
      "type": "Feature",
      "properties": {
        "cell_id": "NCEP2000_r009_c020",
        "method": "Harmonic",
        "view": "annulus"
      },
      "geometry": {
        "type": "Polygon",
        "coordinates": [
          [
            [
              0.1921351202269519,
              -0.8328149755347701
            ],
            [
              0.17356910360500655,
              -0.8891531314501596
            ],
            [
              0.06860777153646813,
              -0.8641245642263388
            ],
            [
              0.06619374160744157,
              -0.8500724699337598
            ],
            [
              0.07616305040445985,
              -0.8079939209689503
            ],
            [
              0.19203313624113547,
              -0.8324484180182042
            ],
            [
              0.1921351202269519,
              -0.8328149755347701
            ]
          ]
        ]
      }
    },
    {
      "type": "Feature",
      "properties": {
        "cell_id": "NCEP2000_r009_c021",
        "method": "Harmonic",
        "view": "annulus"
      },
      "geometry": {
        "type": "Polygon",
        "coordinates": [
          [
            [
              0.2948604832162907,
              -0.8755952731023007
            ],
            [
              0.24122023947397567,
              -0.926009299664748
            ],
            [
              0.2065290285559738,
              -0.9129877560020223
            ],
            [
              0.17379713672021968,
              -0.8910342181320644
            ],
            [
              0.17356910360500657,
              -0.8891531314501595
            ],
            [
              0.19213512022695187,
              -0.8328149755347702
            ],
            [
              0.2972919719346896,
              -0.8656992635234704
            ],
            [
              0.2948604832162907,
              -0.8755952731023007
            ]
          ]
        ]
      }
    },
    {
      "type": "Feature",
      "properties": {
        "cell_id": "NCEP2000_r009_c022",
        "method": "Harmonic",
        "view": "annulus"
      },
      "geometry": {
        "type": "Polygon",
        "coordinates": [
          [
            [
              0.29486048321629066,
              -0.8755952731023008
            ],
            [
              0.29729197193468954,
              -0.8656992635234704
            ],
            [
              0.3121214893053129,
              -0.8533235519197133
            ],
            [
              0.3846140286194407,
              -0.8828373017350182
            ],
            [
              0.3993976934246879,
              -0.9167715053137789
            ],
            [
              0.3977484745270112,
              -0.9174944964474913
            ],
            [
              0.3902290128824281,
              -0.9207178272982476
            ],
            [
              0.38268343236508984,
              -0.9238795325112867
            ],
            [
              0.3751122380170382,
              -0.9269794004668328
            ],
            [
              0.3675159365947037,
              -0.9300172236840121
            ],
            [
              0.3598950365349883,
              -0.9329927988347388
            ],
            [
              0.3522500479212336,
              -0.9359059267573256
            ],
            [
              0.3445814824490805,
              -0.9387564124698132
            ],
            [
              0.3368898533922203,
              -0.9415440651830207
            ],
            [
              0.32917567556803906,
              -0.9442686983133165
            ],
            [
              0.3214394653031617,
              -0.9469301294951056
            ],
            [
              0.3191419177237052,
              -0.9476995749298194
            ],
            [
              0.29486048321629066,
              -0.8755952731023008
            ]
          ]
        ]
      }
    },
    {
      "type": "Feature",
      "properties": {
        "cell_id": "NCEP2000_r009_c023",
        "method": "Harmonic",
        "view": "annulus"
      },
      "geometry": {
        "type": "Polygon",
        "coordinates": [
          [
            [
              0.3846140286194407,
              -0.8828373017350181
            ],
            [
              0.4273832487128515,
              -0.8193485994325225
            ],
            [
              0.486332361869262,
              -0.8737710923942177
            ],
            [
              0.4857633937163401,
              -0.8740903416267588
            ],
            [
              0.478596082007181,
              -0.8780351873856627
            ],
            [
              0.4713967368259978,
              -0.8819212643483549
            ],
            [
              0.46416584004055167,
              -0.8857483124112905
            ],
            [
              0.45690387563042073,
              -0.889516075421856
            ],
            [
              0.4496113296546066,
              -0.8932243011955153
            ],
            [
              0.44228869021900147,
              -0.8968727415326883
            ],
            [
              0.43493644744371723,
              -0.9004611522353636
            ],
            [
              0.4275550934302822,
              -0.9039892931234433
            ],
            [
              0.4201451222287025,
              -0.9074569280508187
            ],
            [
              0.41270702980439494,
              -0.9108638249211757
            ],
            [
              0.40524131400499,
              -0.9142097557035306
            ],
            [
              0.39939769342468795,
              -0.9167715053137788
            ],
            [
              0.3846140286194407,
              -0.8828373017350181
            ]
          ]
        ]
      }
    },
    {
      "type": "Feature",
      "properties": {
        "cell_id": "NCEP2000_r010_c013",
        "method": "Harmonic",
        "view": "annulus"
      },
      "geometry": {
        "type": "Polygon",
        "coordinates": [
          [
            [
              -0.6215279723836996,
              -0.6718114776978716
            ],
            [
              -0.5910162592897132,
              -0.6999544452447368
            ],
            [
              -0.6451404434596899,
              -0.7640549885200608
            ],
            [
              -0.6469561525348573,
              -0.7625272039063882
            ],
            [
              -0.6531728429537765,
              -0.7572088465064848
            ],
            [
              -0.6593458151000685,
              -0.7518398074789777
            ],
            [
              -0.6654746558033421,
              -0.7464204461852739
            ],
            [
              -0.6715589548470181,
              -0.7409511253549593
            ],
            [
              -0.6775983049957887,
              -0.7354322110615187
            ],
            [
              -0.6790979849978859,
              -0.7340390796143064
            ],
            [
              -0.6215279723836996,
              -0.6718114776978716
            ]
          ]
        ]
      }
    },
    {
      "type": "Feature",
      "properties": {
        "cell_id": "NCEP2000_r010_c014",
        "method": "Harmonic",
        "view": "annulus"
      },
      "geometry": {
        "type": "Polygon",
        "coordinates": [
          [
            [
              -0.5153547733358124,
              -0.7599775917825227
            ],
            [
              -0.5534974483427446,
              -0.8093066700621256
            ],
            [
              -0.5876614834469702,
              -0.7438087997038306
            ],
            [
              -0.5781138166343862,
              -0.709373016646529
            ],
            [
              -0.5607875652016137,
              -0.7102096691115318
            ],
            [
              -0.5153547733358124,
              -0.7599775917825227
            ]
          ]
        ]
      }
    },
    {
      "type": "Feature",
      "properties": {
        "cell_id": "NCEP2000_r010_c015",
        "method": "Harmonic",
        "view": "annulus"
      },
      "geometry": {
        "type": "Polygon",
        "coordinates": [
          [
            [
              -0.40104805711564256,
              -0.7475468156217571
            ],
            [
              -0.46380462807302997,
              -0.8056551373032933
            ],
            [
              -0.5004532858002126,
              -0.7611623922596323
            ],
            [
              -0.4423344491336878,
              -0.6946713021733973
            ],
            [
              -0.40104805711564256,
              -0.7475468156217571
            ]
          ]
        ]
      }
    },
    {
      "type": "Feature",
      "properties": {
        "cell_id": "NCEP2000_r010_c016",
        "method": "Harmonic",
        "view": "annulus"
      },
      "geometry": {
        "type": "Polygon",
        "coordinates": [
          [
            [
              -0.28471287732246475,
              -0.7374104772513613
            ],
            [
              -0.2845609278203702,
              -0.7468366650710058
            ],
            [
              -0.3655090106283658,
              -0.7967431110215533
            ],
            [
              -0.3989651127900953,
              -0.7483442356220413
            ],
            [
              -0.31196972094400566,
              -0.6937271249633279
            ],
            [
              -0.28471287732246475,
              -0.7374104772513613
            ]
          ]
        ]
      }
    },
    {
      "type": "Feature",
      "properties": {
        "cell_id": "NCEP2000_r010_c017",
        "method": "Harmonic",
        "view": "annulus"
      },
      "geometry": {
        "type": "Polygon",
        "coordinates": [
          [
            [
              -0.1649312873942856,
              -0.7332583958406034
            ],
            [
              -0.16601016789676348,
              -0.7549840191451109
            ],
            [
              -0.26064688078193193,
              -0.7900831804126489
            ],
            [
              -0.2845609278203701,
              -0.7468366650710059
            ],
            [
              -0.2847128773224647,
              -0.7374104772513613
            ],
            [
              -0.181612781174263,
              -0.6994643680914947
            ],
            [
              -0.1649312873942856,
              -0.7332583958406034
            ]
          ]
        ]
      }
    },
    {
      "type": "Feature",
      "properties": {
        "cell_id": "NCEP2000_r010_c018",
        "method": "Harmonic",
        "view": "annulus"
      },
      "geometry": {
        "type": "Polygon",
        "coordinates": [
          [
            [
              -0.04205717367912008,
              -0.7354426011067696
            ],
            [
              -0.04621569461449371,
              -0.772255633547627
            ],
            [
              -0.15133792775337204,
              -0.7886849086935801
            ],
            [
              -0.16601016789676346,
              -0.7549840191451109
            ],
            [
              -0.16493128739428556,
              -0.7332583958406034
            ],
            [
              -0.05027130109862182,
              -0.7146157689777075
            ],
            [
              -0.04205717367912008,
              -0.7354426011067696
            ]
          ]
        ]
      }
    },
    {
      "type": "Feature",
      "properties": {
        "cell_id": "NCEP2000_r010_c019",
        "method": "Harmonic",
        "view": "annulus"
      },
      "geometry": {
        "type": "Polygon",
        "coordinates": [
          [
            [
              0.08293054919859202,
              -0.7426905610449692
            ],
            [
              0.07351981358507152,
              -0.7986186292176923
            ],
            [
              -0.03877464447998599,
              -0.7939783951772901
            ],
            [
              -0.04621569461449372,
              -0.772255633547627
            ],
            [
              -0.042057173679120104,
              -0.7354426011067696
            ],
            [
              0.08173940085455218,
              -0.7390510342542114
            ],
            [
              0.08293054919859202,
              -0.7426905610449692
            ]
          ]
        ]
      }
    },
    {
      "type": "Feature",
      "properties": {
        "cell_id": "NCEP2000_r010_c020",
        "method": "Harmonic",
        "view": "annulus"
      },
      "geometry": {
        "type": "Polygon",
        "coordinates": [
          [
            [
              0.20469754790963288,
              -0.7693973719737738
            ],
            [
              0.19203313624113547,
              -0.8324484180182042
            ],
            [
              0.07616305040445986,
              -0.8079939209689502
            ],
            [
              0.07351981358507151,
              -0.7986186292176924
            ],
            [
              0.08293054919859202,
              -0.7426905610449692
            ],
            [
              0.20469754790963288,
              -0.7693973719737738
            ]
          ]
        ]
      }
    },
    {
      "type": "Feature",
      "properties": {
        "cell_id": "NCEP2000_r010_c021",
        "method": "Harmonic",
        "view": "annulus"
      },
      "geometry": {
        "type": "Polygon",
        "coordinates": [
          [
            [
              0.312121489305313,
              -0.8533235519197134
            ],
            [
              0.29729197193468954,
              -0.8656992635234705
            ],
            [
              0.1921351202269519,
              -0.8328149755347702
            ],
            [
              0.19203313624113544,
              -0.8324484180182041
            ],
            [
              0.20469754790963282,
              -0.7693973719737739
            ],
            [
              0.21561918839363192,
              -0.756395628165096
            ],
            [
              0.32069898977797157,
              -0.7987823221356107
            ],
            [
              0.312121489305313,
              -0.8533235519197134
            ]
          ]
        ]
      }
    },
    {
      "type": "Feature",
      "properties": {
        "cell_id": "NCEP2000_r010_c022",
        "method": "Harmonic",
        "view": "annulus"
      },
      "geometry": {
        "type": "Polygon",
        "coordinates": [
          [
            [
              0.4273832487128513,
              -0.8193485994325228
            ],
            [
              0.38461402861944083,
              -0.8828373017350181
            ],
            [
              0.31212148930531297,
              -0.8533235519197133
            ],
            [
              0.3206989897779715,
              -0.7987823221356107
            ],
            [
              0.34875327217085444,
              -0.7697226494269103
            ],
            [
              0.42738179943225757,
              -0.819329685076332
            ],
            [
              0.4273832487128513,
              -0.8193485994325228
            ]
          ]
        ]
      }
    },
    {
      "type": "Feature",
      "properties": {
        "cell_id": "NCEP2000_r010_c023",
        "method": "Harmonic",
        "view": "annulus"
      },
      "geometry": {
        "type": "Polygon",
        "coordinates": [
          [
            [
              0.4273832487128514,
              -0.8193485994325227
            ],
            [
              0.4273817994322576,
              -0.8193296850763319
            ],
            [
              0.4720969603699993,
              -0.7679186637517761
            ],
            [
              0.4803038287337526,
              -0.7668988683982426
            ],
            [
              0.5308271137385114,
              -0.8294329920895658
            ],
            [
              0.5359750619062189,
              -0.8442289906776183
            ],
            [
              0.5349976198870973,
              -0.844853565249707
            ],
            [
              0.5280678506503681,
              -0.8492021815265789
            ],
            [
              0.5211027366890234,
              -0.8534939588627504
            ],
            [
              0.5141027441932219,
              -0.857728610000272
            ],
            [
              0.5070683416876172,
              -0.8619058515047742
            ],
            [
              0.5000000000000001,
              -0.8660254037844386
            ],
            [
              0.4928981922297841,
              -0.8700869911087113
            ],
            [
              0.4863323618692617,
              -0.8737710923942178
            ],
            [
              0.4273832487128514,
              -0.8193485994325227
            ]
          ]
        ]
      }
    },
    {
      "type": "Feature",
      "properties": {
        "cell_id": "NCEP2000_r010_c024",
        "method": "Harmonic",
        "view": "annulus"
      },
      "geometry": {
        "type": "Polygon",
        "coordinates": [
          [
            [
              0.5308271137385114,
              -0.8294329920895659
            ],
            [
              0.5674414990913219,
              -0.7510401312376971
            ],
            [
              0.6028239994585712,
              -0.7978708226162634
            ],
            [
              0.6022505217162821,
              -0.7983071520990314
            ],
            [
              0.5956993044924335,
              -0.8032075314806448
            ],
            [
              0.5891082158243284,
              -0.808054150443073
            ],
            [
              0.5824776968678023,
              -0.8128466845916151
            ],
            [
              0.5758081914178453,
              -0.8175848131515837
            ],
            [
              0.5691001458788983,
              -0.822268218989775
            ],
            [
              0.5623540092349731,
              -0.8268965886356962
            ],
            [
              0.5555702330196024,
              -0.8314696123025451
            ],
            [
              0.548749271285616,
              -0.8359869839079467
            ],
            [
              0.5418915805747517,
              -0.840448401094438
            ],
            [
              0.5359750619062189,
              -0.8442289906776183
            ],
            [
              0.5308271137385114,
              -0.8294329920895659
            ]
          ]
        ]
      }
    },
    {
      "type": "Feature",
      "properties": {
        "cell_id": "NCEP2000_r011_c014",
        "method": "Harmonic",
        "view": "annulus"
      },
      "geometry": {
        "type": "Polygon",
        "coordinates": [
          [
            [
              -0.591016259289713,
              -0.6999544452447368
            ],
            [
              -0.5781138166343863,
              -0.7093730166465289
            ],
            [
              -0.5876614834469709,
              -0.7438087997038316
            ],
            [
              -0.6199287125024132,
              -0.7846497423035058
            ],
            [
              -0.6216605733700772,
              -0.7832867492286506
            ],
            [
              -0.6280479470713338,
              -0.7781746437525981
            ],
            [
              -0.6343932841636454,
              -0.7730104533627371
            ],
            [
              -0.6406961599398605,
              -0.7677945237095122
            ],
            [
              -0.6451404434596898,
              -0.7640549885200609
            ],
            [
              -0.591016259289713,
              -0.6999544452447368
            ]
          ]
        ]
      }
    },
    {
      "type": "Feature",
      "properties": {
        "cell_id": "NCEP2000_r011_c015",
        "method": "Harmonic",
        "view": "annulus"
      },
      "geometry": {
        "type": "Polygon",
        "coordinates": [
          [
            [
              -0.4430800763124958,
              -0.6898095504269272
            ],
            [
              -0.4423344491336878,
              -0.6946713021733972
            ],
            [
              -0.5004532858002126,
              -0.7611623922596322
            ],
            [
              -0.5153547733358123,
              -0.7599775917825229
            ],
            [
              -0.5607875652016133,
              -0.7102096691115315
            ],
            [
              -0.4821727715273121,
              -0.6480743601428386
            ],
            [
              -0.4430800763124958,
              -0.6898095504269272
            ]
          ]
        ]
      }
    },
    {
      "type": "Feature",
      "properties": {
        "cell_id": "NCEP2000_r011_c016",
        "method": "Harmonic",
        "view": "annulus"
      },
      "geometry": {
        "type": "Polygon",
        "coordinates": [
          [
            [
              -0.3128868316983733,
              -0.675273970622021
            ],
            [
              -0.31196972094400566,
              -0.6937271249633279
            ],
            [
              -0.3989651127900954,
              -0.7483442356220413
            ],
            [
              -0.4010480571156426,
              -0.7475468156217571
            ],
            [
              -0.4423344491336878,
              -0.6946713021733975
            ],
            [
              -0.44308007631249585,
              -0.6898095504269272
            ],
            [
              -0.34096678061223135,
              -0.6352439344379621
            ],
            [
              -0.3128868316983733,
              -0.675273970622021
            ]
          ]
        ]
      }
    },
    {
      "type": "Feature",
      "properties": {
        "cell_id": "NCEP2000_r011_c017",
        "method": "Harmonic",
        "view": "annulus"
      },
      "geometry": {
        "type": "Polygon",
        "coordinates": [
          [
            [
              -0.18081350443849495,
              -0.6700163616004938
            ],
            [
              -0.181612781174263,
              -0.6994643680914948
            ],
            [
              -0.2847128773224648,
              -0.7374104772513614
            ],
            [
              -0.31196972094400566,
              -0.6937271249633281
            ],
            [
              -0.3128868316983733,
              -0.675273970622021
            ],
            [
              -0.19914257437856425,
              -0.6361184444701555
            ],
            [
              -0.18081350443849495,
              -0.6700163616004938
            ]
          ]
        ]
      }
    },
    {
      "type": "Feature",
      "properties": {
        "cell_id": "NCEP2000_r011_c018",
        "method": "Harmonic",
        "view": "annulus"
      },
      "geometry": {
        "type": "Polygon",
        "coordinates": [
          [
            [
              -0.04646669071081378,
              -0.6712008753728388
            ],
            [
              -0.05027130109862188,
              -0.7146157689777076
            ],
            [
              -0.16493128739428553,
              -0.7332583958406035
            ],
            [
              -0.18161278117426297,
              -0.6994643680914946
            ],
            [
              -0.18081350443849495,
              -0.6700163616004939
            ],
            [
              -0.05590457658498424,
              -0.6489970336422278
            ],
            [
              -0.04646669071081378,
              -0.6712008753728388
            ]
          ]
        ]
      }
    },
    {
      "type": "Feature",
      "properties": {
        "cell_id": "NCEP2000_r011_c019",
        "method": "Harmonic",
        "view": "annulus"
      },
      "geometry": {
        "type": "Polygon",
        "coordinates": [
          [
            [
              0.09033106701576604,
              -0.6740344570414807
            ],
            [
              0.08173940085455221,
              -0.7390510342542114
            ],
            [
              -0.042057173679120124,
              -0.7354426011067695
            ],
            [
              -0.050271301098621886,
              -0.7146157689777075
            ],
            [
              -0.04646669071081379,
              -0.6712008753728387
            ],
            [
              0.08969842244944062,
              -0.6721892858672165
            ],
            [
              0.09033106701576604,
              -0.6740344570414807
            ]
          ]
        ]
      }
    },
    {
      "type": "Feature",
      "properties": {
        "cell_id": "NCEP2000_r011_c020",
        "method": "Harmonic",
        "view": "annulus"
      },
      "geometry": {
        "type": "Polygon",
        "coordinates": [
          [
            [
              0.22423674770547974,
              -0.703229481856157
            ],
            [
              0.21561918839363195,
              -0.7563956281650959
            ],
            [
              0.20469754790963285,
              -0.7693973719737738
            ],
            [
              0.08293054919859205,
              -0.7426905610449692
            ],
            [
              0.08173940085455224,
              -0.7390510342542114
            ],
            [
              0.09033106701576606,
              -0.6740344570414807
            ],
            [
              0.22423674770547974,
              -0.703229481856157
            ]
          ]
        ]
      }
    },
    {
      "type": "Feature",
      "properties": {
        "cell_id": "NCEP2000_r011_c021",
        "method": "Harmonic",
        "view": "annulus"
      },
      "geometry": {
        "type": "Polygon",
        "coordinates": [
          [
            [
              0.3543779531167636,
              -0.735930861994333
            ],
            [
              0.3487532721708545,
              -0.7697226494269102
            ],
            [
              0.3206989897779715,
              -0.7987823221356107
            ],
            [
              0.21561918839363192,
              -0.756395628165096
            ],
            [
              0.22423674770547977,
              -0.7032294818561569
            ],
            [
              0.23977121090269735,
              -0.6829091108085813
            ],
            [
              0.3543779531167636,
              -0.735930861994333
            ]
          ]
        ]
      }
    },
    {
      "type": "Feature",
      "properties": {
        "cell_id": "NCEP2000_r011_c022",
        "method": "Harmonic",
        "view": "annulus"
      },
      "geometry": {
        "type": "Polygon",
        "coordinates": [
          [
            [
              0.4720969603699993,
              -0.7679186637517761
            ],
            [
              0.4273817994322575,
              -0.819329685076332
            ],
            [
              0.3487532721708545,
              -0.7697226494269103
            ],
            [
              0.3543779531167637,
              -0.7359308619943328
            ],
            [
              0.3923364980439693,
              -0.6940467976754807
            ],
            [
              0.4720969603699993,
              -0.7679186637517761
            ]
          ]
        ]
      }
    },
    {
      "type": "Feature",
      "properties": {
        "cell_id": "NCEP2000_r011_c023",
        "method": "Harmonic",
        "view": "annulus"
      },
      "geometry": {
        "type": "Polygon",
        "coordinates": [
          [
            [
              0.5674414990913219,
              -0.7510401312376969
            ],
            [
              0.5308271137385114,
              -0.8294329920895658
            ],
            [
              0.48030382873375266,
              -0.7668988683982426
            ],
            [
              0.5410513789723267,
              -0.7049633138184288
            ],
            [
              0.5559788347547903,
              -0.7033118350019403
            ],
            [
              0.5674414990913219,
              -0.7510401312376969
            ]
          ]
        ]
      }
    },
    {
      "type": "Feature",
      "properties": {
        "cell_id": "NCEP2000_r011_c024",
        "method": "Harmonic",
        "view": "annulus"
      },
      "geometry": {
        "type": "Polygon",
        "coordinates": [
          [
            [
              0.5672859341972055,
              -0.6954133460236341
            ],
            [
              0.6041039924329801,
              -0.6621413233745159
            ],
            [
              0.6739841146691185,
              -0.7387349516150095
            ],
            [
              0.6715589548470184,
              -0.740951125354959
            ],
            [
              0.6654746558033422,
              -0.7464204461852738
            ],
            [
              0.659345815100069,
              -0.7518398074789774
            ],
            [
              0.6531728429537769,
              -0.7572088465064845
            ],
            [
              0.6469561525348575,
              -0.7625272039063881
            ],
            [
              0.6406961599398608,
              -0.767794523709512
            ],
            [
              0.6343932841636456,
              -0.7730104533627369
            ],
            [
              0.6321051553907658,
              -0.7748726605942468
            ],
            [
              0.5672859341972055,
              -0.6954133460236341
            ]
          ]
        ]
      }
    },
    {
      "type": "Feature",
      "properties": {
        "cell_id": "NCEP2000_r012_c014",
        "method": "Harmonic",
        "view": "annulus"
      },
      "geometry": {
        "type": "Polygon",
        "coordinates": [
          [
            [
              -0.6779462219597465,
              -0.607365423023097
            ],
            [
              -0.6294236562685753,
              -0.642260366876282
            ],
            [
              -0.6215279723836997,
              -0.6718114776978721
            ],
            [
              -0.6790979849978858,
              -0.7340390796143066
            ],
            [
              -0.6835923020228711,
              -0.7298640726978358
            ],
            [
              -0.6895405447370666,
              -0.7242470829514672
            ],
            [
              -0.6954426350096116,
              -0.7185816177796982
            ],
            [
              -0.701298177800824,
              -0.7128680563843801
            ],
            [
              -0.7071067811865475,
              -0.7071067811865476
            ],
            [
              -0.7128680563843797,
              -0.7012981778008245
            ],
            [
              -0.7185816177796978,
              -0.695442635009612
            ],
            [
              -0.7242470829514668,
              -0.689540544737067
            ],
            [
              -0.7298640726978354,
              -0.6835923020228716
            ],
            [
              -0.7354322110615186,
              -0.6775983049957888
            ],
            [
              -0.7409511253549589,
              -0.6715589548470186
            ],
            [
              -0.7448090797056807,
              -0.6672672066218021
            ],
            [
              -0.6779462219597465,
              -0.607365423023097
            ]
          ]
        ]
      }
    },
    {
      "type": "Feature",
      "properties": {
        "cell_id": "NCEP2000_r012_c015",
        "method": "Harmonic",
        "view": "annulus"
      },
      "geometry": {
        "type": "Polygon",
        "coordinates": [
          [
            [
              -0.4876130988255546,
              -0.6146826910768283
            ],
            [
              -0.4821727715273121,
              -0.6480743601428385
            ],
            [
              -0.5607875652016134,
              -0.7102096691115315
            ],
            [
              -0.5781138166343864,
              -0.7093730166465286
            ],
            [
              -0.5910162592897144,
              -0.6999544452447357
            ],
            [
              -0.6215279723837,
              -0.6718114776978714
            ],
            [
              -0.6294236562685753,
              -0.6422603668762823
            ],
            [
              -0.5228853388418475,
              -0.5789489683033
            ],
            [
              -0.4876130988255546,
              -0.6146826910768283
            ]
          ]
        ]
      }
    },
    {
      "type": "Feature",
      "properties": {
        "cell_id": "NCEP2000_r012_c016",
        "method": "Harmonic",
        "view": "annulus"
      },
      "geometry": {
        "type": "Polygon",
        "coordinates": [
          [
            [
              -0.3428007748766804,
              -0.6022433328725803
            ],
            [
              -0.3409667806122313,
              -0.6352439344379622
            ],
            [
              -0.44308007631249585,
              -0.6898095504269273
            ],
            [
              -0.48217277152731214,
              -0.6480743601428386
            ],
            [
              -0.4876130988255547,
              -0.614682691076828
            ],
            [
              -0.37119617039795777,
              -0.564147895483616
            ],
            [
              -0.3428007748766804,
              -0.6022433328725803
            ]
          ]
        ]
      }
    },
    {
      "type": "Feature",
      "properties": {
        "cell_id": "NCEP2000_r012_c017",
        "method": "Harmonic",
        "view": "annulus"
      },
      "geometry": {
        "type": "Polygon",
        "coordinates": [
          [
            [
              -0.19833417714289472,
              -0.598462483623534
            ],
            [
              -0.19914257437856425,
              -0.6361184444701554
            ],
            [
              -0.31288683169837317,
              -0.675273970622021
            ],
            [
              -0.34096678061223124,
              -0.635243934437962
            ],
            [
              -0.3428007748766803,
              -0.6022433328725803
            ],
            [
              -0.21869714384553893,
              -0.5626398407144758
            ],
            [
              -0.19833417714289472,
              -0.598462483623534
            ]
          ]
        ]
      }
    },
    {
      "type": "Feature",
      "properties": {
        "cell_id": "NCEP2000_r012_c018",
        "method": "Harmonic",
        "view": "annulus"
      },
      "geometry": {
        "type": "Polygon",
        "coordinates": [
          [
            [
              -0.05226199571713247,
              -0.6034476574663671
            ],
            [
              -0.055904576584984295,
              -0.6489970336422277
            ],
            [
              -0.1808135044384949,
              -0.6700163616004939
            ],
            [
              -0.1991425743785643,
              -0.6361184444701554
            ],
            [
              -0.19833417714289478,
              -0.5984624836235342
            ],
            [
              -0.0646812822751828,
              -0.5752585368126166
            ],
            [
              -0.05226199571713247,
              -0.6034476574663671
            ]
          ]
        ]
      }
    },
    {
      "type": "Feature",
      "properties": {
        "cell_id": "NCEP2000_r012_c019",
        "method": "Harmonic",
        "view": "annulus"
      },
      "geometry": {
        "type": "Polygon",
        "coordinates": [
          [
            [
              0.0977273150850231,
              -0.6026646255534617
            ],
            [
              0.08969842244944065,
              -0.6721892858672165
            ],
            [
              -0.04646669071081383,
              -0.6712008753728387
            ],
            [
              -0.055904576584984295,
              -0.6489970336422278
            ],
            [
              -0.05226199571713246,
              -0.603447657466367
            ],
            [
              0.0956259584161825,
              -0.5967224384365571
            ],
            [
              0.0977273150850231,
              -0.6026646255534617
            ]
          ]
        ]
      }
    },
    {
      "type": "Feature",
      "properties": {
        "cell_id": "NCEP2000_r012_c020",
        "method": "Harmonic",
        "view": "annulus"
      },
      "geometry": {
        "type": "Polygon",
        "coordinates": [
          [
            [
              0.24776564656337896,
              -0.6309829745106604
            ],
            [
              0.23977121090269737,
              -0.6829091108085813
            ],
            [
              0.2242367477054798,
              -0.7032294818561569
            ],
            [
              0.09033106701576606,
              -0.6740344570414807
            ],
            [
              0.08969842244944065,
              -0.6721892858672166
            ],
            [
              0.09772731508502308,
              -0.6026646255534616
            ],
            [
              0.24776564656337896,
              -0.6309829745106604
            ]
          ]
        ]
      }
    },
    {
      "type": "Feature",
      "properties": {
        "cell_id": "NCEP2000_r012_c021",
        "method": "Harmonic",
        "view": "annulus"
      },
      "geometry": {
        "type": "Polygon",
        "coordinates": [
          [
            [
              0.39901895256148207,
              -0.664874001244575
            ],
            [
              0.3923364980439693,
              -0.6940467976754807
            ],
            [
              0.3543779531167636,
              -0.7359308619943329
            ],
            [
              0.2397712109026974,
              -0.6829091108085813
            ],
            [
              0.24776564656337896,
              -0.6309829745106607
            ],
            [
              0.262994801574848,
              -0.6098785124046402
            ],
            [
              0.39901895256148207,
              -0.664874001244575
            ]
          ]
        ]
      }
    },
    {
      "type": "Feature",
      "properties": {
        "cell_id": "NCEP2000_r012_c022",
        "method": "Harmonic",
        "view": "annulus"
      },
      "geometry": {
        "type": "Polygon",
        "coordinates": [
          [
            [
              0.5410513789723265,
              -0.7049633138184287
            ],
            [
              0.4803038287337526,
              -0.7668988683982426
            ],
            [
              0.4720969603699994,
              -0.7679186637517761
            ],
            [
              0.39233649804396936,
              -0.6940467976754807
            ],
            [
              0.3990189525614821,
              -0.6648740012445749
            ],
            [
              0.4312373606401576,
              -0.6313539451934962
            ],
            [
              0.5410513789723265,
              -0.7049633138184287
            ]
          ]
        ]
      }
    },
    {
      "type": "Feature",
      "properties": {
        "cell_id": "NCEP2000_r012_c023",
        "method": "Harmonic",
        "view": "annulus"
      },
      "geometry": {
        "type": "Polygon",
        "coordinates": [
          [
            [
              0.5674414990913218,
              -0.7510401312376968
            ],
            [
              0.5559788347547903,
              -0.7033118350019404
            ],
            [
              0.5672859341972054,
              -0.6954133460236342
            ],
            [
              0.6321051553907657,
              -0.7748726605942469
            ],
            [
              0.6280479470713343,
              -0.7781746437525978
            ],
            [
              0.6216605733700774,
              -0.7832867492286504
            ],
            [
              0.6152315905806269,
              -0.7883464276266062
            ],
            [
              0.6087614290087207,
              -0.7933533402912352
            ],
            [
              0.6028239994585713,
              -0.7978708226162633
            ],
            [
              0.5674414990913218,
              -0.7510401312376968
            ]
          ]
        ]
      }
    },
    {
      "type": "Feature",
      "properties": {
        "cell_id": "NCEP2000_r013_c014",
        "method": "Harmonic",
        "view": "annulus"
      },
      "geometry": {
        "type": "Polygon",
        "coordinates": [
          [
            [
              -0.7339304902995815,
              -0.5108006331202504
            ],
            [
              -0.6936769293610894,
              -0.5435387134977604
            ],
            [
              -0.6779462219597463,
              -0.6073654230230965
            ],
            [
              -0.7448090797056808,
              -0.6672672066218018
            ],
            [
              -0.7464204461852735,
              -0.6654746558033425
            ],
            [
              -0.7518398074789773,
              -0.659345815100069
            ],
            [
              -0.7572088465064843,
              -0.6531728429537771
            ],
            [
              -0.7625272039063881,
              -0.6469561525348574
            ],
            [
              -0.7677945237095118,
              -0.640696159939861
            ],
            [
              -0.7730104533627367,
              -0.6343932841636458
            ],
            [
              -0.7781746437525977,
              -0.6280479470713344
            ],
            [
              -0.7832867492286502,
              -0.6216605733700776
            ],
            [
              -0.7883464276266062,
              -0.6152315905806269
            ],
            [
              -0.793353340291235,
              -0.6087614290087209
            ],
            [
              -0.7983071520990312,
              -0.6022505217162823
            ],
            [
              -0.8032075314806448,
              -0.5956993044924335
            ],
            [
              -0.8080541504430729,
              -0.5891082158243285
            ],
            [
              -0.8128466845916151,
              -0.5824776968678022
            ],
            [
              -0.8175848131515836,
              -0.5758081914178454
            ],
            [
              -0.8207732362057184,
              -0.5712414107920553
            ],
            [
              -0.7339304902995815,
              -0.5108006331202504
            ]
          ]
        ]
      }
    },
    {
      "type": "Feature",
      "properties": {
        "cell_id": "NCEP2000_r013_c015",
        "method": "Harmonic",
        "view": "annulus"
      },
      "geometry": {
        "type": "Polygon",
        "coordinates": [
          [
            [
              -0.5309516925105331,
              -0.521294620736042
            ],
            [
              -0.5228853388418474,
              -0.5789489683032999
            ],
            [
              -0.6294236562685747,
              -0.6422603668762821
            ],
            [
              -0.6779462219597467,
              -0.6073654230230965
            ],
            [
              -0.6936769293610899,
              -0.54353871349776
            ],
            [
              -0.5582066911575976,
              -0.4932484647136852
            ],
            [
              -0.5309516925105331,
              -0.521294620736042
            ]
          ]
        ]
      }
    },
    {
      "type": "Feature",
      "properties": {
        "cell_id": "NCEP2000_r013_c016",
        "method": "Harmonic",
        "view": "annulus"
      },
      "geometry": {
        "type": "Polygon",
        "coordinates": [
          [
            [
              -0.37268395539308075,
              -0.5193172250657159
            ],
            [
              -0.3711961703979578,
              -0.564147895483616
            ],
            [
              -0.4876130988255547,
              -0.614682691076828
            ],
            [
              -0.5228853388418475,
              -0.5789489683032999
            ],
            [
              -0.5309516925105332,
              -0.5212946207360418
            ],
            [
              -0.40274763096974125,
              -0.4798396265139084
            ],
            [
              -0.37268395539308075,
              -0.5193172250657159
            ]
          ]
        ]
      }
    },
    {
      "type": "Feature",
      "properties": {
        "cell_id": "NCEP2000_r013_c017",
        "method": "Harmonic",
        "view": "annulus"
      },
      "geometry": {
        "type": "Polygon",
        "coordinates": [
          [
            [
              -0.2177243746890764,
              -0.5324355897840906
            ],
            [
              -0.21869714384553895,
              -0.5626398407144758
            ],
            [
              -0.3428007748766804,
              -0.6022433328725804
            ],
            [
              -0.3711961703979578,
              -0.5641478954836161
            ],
            [
              -0.37268395539308075,
              -0.5193172250657159
            ],
            [
              -0.2739390740399681,
              -0.4876980969553959
            ],
            [
              -0.21911819598668655,
              -0.5294970250408734
            ],
            [
              -0.2177243746890764,
              -0.5324355897840906
            ]
          ]
        ]
      }
    },
    {
      "type": "Feature",
      "properties": {
        "cell_id": "NCEP2000_r013_c018",
        "method": "Harmonic",
        "view": "annulus"
      },
      "geometry": {
        "type": "Polygon",
        "coordinates": [
          [
            [
              -0.06249563185030825,
              -0.5518376952756305
            ],
            [
              -0.0646812822751828,
              -0.5752585368126166
            ],
            [
              -0.19833417714289472,
              -0.5984624836235342
            ],
            [
              -0.21869714384553895,
              -0.5626398407144758
            ],
            [
              -0.2177243746890764,
              -0.5324355897840906
            ],
            [
              -0.08023348786665069,
              -0.49486789622941796
            ],
            [
              -0.06249563185030825,
              -0.5518376952756305
            ]
          ]
        ]
      }
    },
    {
      "type": "Feature",
      "properties": {
        "cell_id": "NCEP2000_r013_c019",
        "method": "Harmonic",
        "view": "annulus"
      },
      "geometry": {
        "type": "Polygon",
        "coordinates": [
          [
            [
              0.10254106133444205,
              -0.5264050488617175
            ],
            [
              0.09562595841618249,
              -0.596722438436557
            ],
            [
              -0.05226199571713247,
              -0.603447657466367
            ],
            [
              -0.0646812822751828,
              -0.5752585368126165
            ],
            [
              -0.062495631850308264,
              -0.5518376952756305
            ],
            [
              0.09738031432505018,
              -0.5113109386159427
            ],
            [
              0.10254106133444205,
              -0.5264050488617175
            ]
          ]
        ]
      }
    },
    {
      "type": "Feature",
      "properties": {
        "cell_id": "NCEP2000_r013_c020",
        "method": "Harmonic",
        "view": "annulus"
      },
      "geometry": {
        "type": "Polygon",
        "coordinates": [
          [
            [
              0.26936625097443656,
              -0.5543542742793913
            ],
            [
              0.26299480157484795,
              -0.6098785124046401
            ],
            [
              0.24776564656337896,
              -0.6309829745106605
            ],
            [
              0.09772731508502307,
              -0.6026646255534616
            ],
            [
              0.0956259584161825,
              -0.5967224384365571
            ],
            [
              0.10254106133444206,
              -0.5264050488617176
            ],
            [
              0.26936625097443656,
              -0.5543542742793913
            ]
          ]
        ]
      }
    },
    {
      "type": "Feature",
      "properties": {
        "cell_id": "NCEP2000_r013_c021",
        "method": "Harmonic",
        "view": "annulus"
      },
      "geometry": {
        "type": "Polygon",
        "coordinates": [
          [
            [
              0.44251290385515835,
              -0.5762718303319981
            ],
            [
              0.43123736064015755,
              -0.6313539451934963
            ],
            [
              0.39901895256148207,
              -0.664874001244575
            ],
            [
              0.262994801574848,
              -0.6098785124046402
            ],
            [
              0.26936625097443667,
              -0.5543542742793912
            ],
            [
              0.2863080125127567,
              -0.5273520297557123
            ],
            [
              0.44251290385515835,
              -0.5762718303319981
            ]
          ]
        ]
      }
    },
    {
      "type": "Feature",
      "properties": {
        "cell_id": "NCEP2000_r013_c022",
        "method": "Harmonic",
        "view": "annulus"
      },
      "geometry": {
        "type": "Polygon",
        "coordinates": [
          [
            [
              0.6200443063275565,
              -0.6138611139903483
            ],
            [
              0.6041039924329802,
              -0.6621413233745161
            ],
            [
              0.5672859341972062,
              -0.6954133460236336
            ],
            [
              0.5559788347547902,
              -0.7033118350019404
            ],
            [
              0.5410513789723266,
              -0.7049633138184287
            ],
            [
              0.4312373606401576,
              -0.6313539451934963
            ],
            [
              0.44251290385515846,
              -0.576271830331998
            ],
            [
              0.4680070014696293,
              -0.5485433928923484
            ],
            [
              0.6200443063275565,
              -0.6138611139903483
            ]
          ]
        ]
      }
    },
    {
      "type": "Feature",
      "properties": {
        "cell_id": "NCEP2000_r013_c023",
        "method": "Harmonic",
        "view": "annulus"
      },
      "geometry": {
        "type": "Polygon",
        "coordinates": [
          [
            [
              0.6041039924329802,
              -0.6621413233745159
            ],
            [
              0.6200443063275564,
              -0.6138611139903485
            ],
            [
              0.666406416182624,
              -0.5785163076166209
            ],
            [
              0.7551421566204485,
              -0.6555489886729946
            ],
            [
              0.7518398074789775,
              -0.6593458151000688
            ],
            [
              0.7464204461852738,
              -0.6654746558033421
            ],
            [
              0.7409511253549592,
              -0.6715589548470183
            ],
            [
              0.7354322110615187,
              -0.6775983049957887
            ],
            [
              0.7298640726978357,
              -0.6835923020228711
            ],
            [
              0.724247082951467,
              -0.6895405447370668
            ],
            [
              0.7185816177796982,
              -0.6954426350096116
            ],
            [
              0.71286805638438,
              -0.7012981778008243
            ],
            [
              0.7071067811865476,
              -0.7071067811865475
            ],
            [
              0.7012981778008244,
              -0.7128680563843798
            ],
            [
              0.6954426350096117,
              -0.7185816177796981
            ],
            [
              0.689540544737067,
              -0.7242470829514669
            ],
            [
              0.6835923020228714,
              -0.7298640726978356
            ],
            [
              0.6775983049957888,
              -0.7354322110615186
            ],
            [
              0.6739841146691185,
              -0.7387349516150095
            ],
            [
              0.6041039924329802,
              -0.6621413233745159
            ]
          ]
        ]
      }
    },
    {
      "type": "Feature",
      "properties": {
        "cell_id": "NCEP2000_r014_c014",
        "method": "Harmonic",
        "view": "annulus"
      },
      "geometry": {
        "type": "Polygon",
        "coordinates": [
          [
            [
              -0.8749208198116403,
              -0.402780867334577
            ],
            [
              -0.749215525229548,
              -0.43287428694324415
            ],
            [
              -0.7339304902995814,
              -0.5108006331202501
            ],
            [
              -0.8207732362057185,
              -0.5712414107920551
            ],
            [
              -0.8222682189897749,
              -0.5691001458788986
            ],
            [
              -0.8268965886356962,
              -0.5623540092349733
            ],
            [
              -0.831469612302545,
              -0.5555702330196025
            ],
            [
              -0.8359869839079465,
              -0.5487492712856163
            ],
            [
              -0.8404484010944379,
              -0.541891580574752
            ],
            [
              -0.8448535652497069,
              -0.5349976198870976
            ],
            [
              -0.8492021815265788,
              -0.5280678506503681
            ],
            [
              -0.8534939588627503,
              -0.5211027366890236
            ],
            [
              -0.8577286100002718,
              -0.5141027441932221
            ],
            [
              -0.8619058515047742,
              -0.5070683416876173
            ],
            [
              -0.8660254037844385,
              -0.5000000000000003
            ],
            [
              -0.8700869911087113,
              -0.49289819222978415
            ],
            [
              -0.8740903416267587,
              -0.4857633937163403
            ],
            [
              -0.8780351873856626,
              -0.47859608200718123
            ],
            [
              -0.8819212643483549,
              -0.47139673682599786
            ],
            [
              -0.8857483124112904,
              -0.4641658400405519
            ],
            [
              -0.889516075421856,
              -0.4569038756304208
            ],
            [
              -0.8932243011955152,
              -0.4496113296546069
            ],
            [
              -0.8968727415326881,
              -0.4422886902190017
            ],
            [
              -0.9004611522353635,
              -0.4349364474437173
            ],
            [
              -0.9039892931234431,
              -0.4275550934302824
            ],
            [
              -0.9074569280508186,
              -0.42014512222870254
            ],
            [
              -0.9083594240709377,
              -0.4181747518107941
            ],
            [
              -0.8749208198116403,
              -0.402780867334577
            ]
          ]
        ]
      }
    },
    {
      "type": "Feature",
      "properties": {
        "cell_id": "NCEP2000_r014_c015",
        "method": "Harmonic",
        "view": "annulus"
      },
      "geometry": {
        "type": "Polygon",
        "coordinates": [
          [
            [
              -0.5655162346373552,
              -0.40702082375533266
            ],
            [
              -0.5582066911575975,
              -0.49324846471368533
            ],
            [
              -0.6936769293610898,
              -0.5435387134977601
            ],
            [
              -0.7339304902995814,
              -0.5108006331202504
            ],
            [
              -0.7492155252295482,
              -0.4328742869432439
            ],
            [
              -0.7181246966296377,
              -0.39704198987809497
            ],
            [
              -0.576112901931927,
              -0.3957168675056265
            ],
            [
              -0.5655162346373552,
              -0.40702082375533266
            ]
          ]
        ]
      }
    },
    {
      "type": "Feature",
      "properties": {
        "cell_id": "NCEP2000_r014_c016",
        "method": "Harmonic",
        "view": "annulus"
      },
      "geometry": {
        "type": "Polygon",
        "coordinates": [
          [
            [
              -0.40145665908698164,
              -0.43498722004268164
            ],
            [
              -0.4027476309697412,
              -0.47983962651390843
            ],
            [
              -0.5309516925105332,
              -0.5212946207360419
            ],
            [
              -0.5582066911575975,
              -0.4932484647136853
            ],
            [
              -0.5655162346373552,
              -0.4070208237553327
            ],
            [
              -0.44298011360806794,
              -0.38194909089273954
            ],
            [
              -0.40145665908698164,
              -0.43498722004268164
            ]
          ]
        ]
      }
    },
    {
      "type": "Feature",
      "properties": {
        "cell_id": "NCEP2000_r014_c017",
        "method": "Harmonic",
        "view": "annulus"
      },
      "geometry": {
        "type": "Polygon",
        "coordinates": [
          [
            [
              -0.27393907403996814,
              -0.4876980969553959
            ],
            [
              -0.3726839553930808,
              -0.5193172250657159
            ],
            [
              -0.4027476309697412,
              -0.47983962651390843
            ],
            [
              -0.40145665908698164,
              -0.43498722004268164
            ],
            [
              -0.33933542014205975,
              -0.40558760906035274
            ],
            [
              -0.28389384430593506,
              -0.3870410260302889
            ],
            [
              -0.2827719435956774,
              -0.3878659922126752
            ],
            [
              -0.27958929449654496,
              -0.3901664086039753
            ],
            [
              -0.27684329549299086,
              -0.3921172123632659
            ],
            [
              -0.27393907403996814,
              -0.4876980969553959
            ]
          ]
        ]
      }
    },
    {
      "type": "Feature",
      "properties": {
        "cell_id": "NCEP2000_r014_c018",
        "method": "Harmonic",
        "view": "annulus"
      },
      "geometry": {
        "type": "Polygon",
        "coordinates": [
          [
            [
              -0.08023348786665069,
              -0.494867896229418
            ],
            [
              -0.21772437468907643,
              -0.5324355897840907
            ],
            [
              -0.21911819598668658,
              -0.5294970250408735
            ],
            [
              -0.18354004808790414,
              -0.44352277089899406
            ],
            [
              -0.1800538742481782,
              -0.4449501122240798
            ],
            [
              -0.17640764956545762,
              -0.44640826736832584
            ],
            [
              -0.17274961753679421,
              -0.4478365434406747
            ],
            [
              -0.16908002300219196,
              -0.44923484484351633
            ],
            [
              -0.16539911157555848,
              -0.45060307798551036
            ],
            [
              -0.16170712962826556,
              -0.45194115128784995
            ],
            [
              -0.1580043242726586,
              -0.453248975190392
            ],
            [
              -0.15429094334551746,
              -0.4545264621576507
            ],
            [
              -0.1505672353914678,
              -0.45577352668465765
            ],
            [
              -0.1468334496463455,
              -0.4569900853026837
            ],
            [
              -0.14308983602051503,
              -0.45817605658482646
            ],
            [
              -0.13933664508214183,
              -0.4593313611514603
            ],
            [
              -0.13557412804042188,
              -0.460455921675549
            ],
            [
              -0.1318025367287674,
              -0.46154966288782173
            ],
            [
              -0.12802212358795118,
              -0.4626125115818111
            ],
            [
              -0.1242331416492099,
              -0.4636443966187528
            ],
            [
              -0.12043584451730872,
              -0.46464524893234693
            ],
            [
              -0.11663048635356654,
              -0.46561500153338115
            ],
            [
              -0.11281732185884467,
              -0.46655358951421416
            ],
            [
              -0.1089966062564991,
              -0.4674609500531201
            ],
            [
              -0.10516859527529743,
              -0.4683370224184937
            ],
            [
              -0.10133354513230318,
              -0.4691817479729145
            ],
            [
              -0.09749171251572607,
              -0.46999507017707215
            ],
            [
              -0.09364335456774142,
              -0.47077693459355063
            ],
            [
              -0.0897887288672793,
              -0.4715272888904715
            ],
            [
              -0.08592809341278361,
              -0.4722460828449972
            ],
            [
              -0.08206170660494448,
              -0.4729332683466918
            ],
            [
              -0.07818982722940247,
              -0.47358879940074194
            ],
            [
              -0.07681923870197532,
              -0.4738093289621681
            ],
            [
              -0.08023348786665069,
              -0.494867896229418
            ]
          ]
        ]
      }
    },
    {
      "type": "Feature",
      "properties": {
        "cell_id": "NCEP2000_r014_c019",
        "method": "Harmonic",
        "view": "annulus"
      },
      "geometry": {
        "type": "Polygon",
        "coordinates": [
          [
            [
              -0.062495631850308264,
              -0.5518376952756305
            ],
            [
              -0.08023348786665066,
              -0.49486789622941796
            ],
            [
              -0.07681923870197531,
              -0.4738093289621681
            ],
            [
              -0.07431271443942755,
              -0.4742126321310347
            ],
            [
              -0.07043062773857359,
              -0.4748047247830949
            ],
            [
              -0.06654382696330872,
              -0.47536503772687916
            ],
            [
              -0.06265257226562466,
              -0.47589353345942903
            ],
            [
              -0.05875712409562365,
              -0.4763901766073808
            ],
            [
              -0.05485774318408623,
              -0.47685493392933326
            ],
            [
              -0.050954690525019525,
              -0.4772877743180727
            ],
            [
              -0.047048227358189004,
              -0.4776886688026545
            ],
            [
              -0.04313861515163268,
              -0.47805759055034286
            ],
            [
              -0.039226115584160615,
              -0.47839451486840656
            ],
            [
              -0.035310990527840314,
              -0.4786994192057713
            ],
            [
              -0.031393502030468604,
              -0.47897228315452967
            ],
            [
              -0.02747391229803285,
              -0.4792130884513068
            ],
            [
              -0.023552483677160535,
              -0.47942181897848274
            ],
            [
              -0.019629478637559924,
              -0.4795984607652714
            ],
            [
              -0.015705159754452497,
              -0.4797430019886555
            ],
            [
              -0.011779789690997827,
              -0.47985543297417804
            ],
            [
              -0.007853631180713562,
              -0.47993574619658963
            ],
            [
              -0.003926947009889708,
              -0.4799839362803525
            ],
            [
              2.9391523179536474e-17,
              -0.48
            ],
            [
              0.003926947009889873,
              -0.4799839362803525
            ],
            [
              0.007853631180713729,
              -0.47993574619658963
            ],
            [
              0.011779789690997992,
              -0.47985543297417804
            ],
            [
              0.015705159754452663,
              -0.4797430019886555
            ],
            [
              0.01962947863756009,
              -0.4795984607652714
            ],
            [
              0.023552483677160698,
              -0.47942181897848274
            ],
            [
              0.027473912298033015,
              -0.4792130884513068
            ],
            [
              0.03139350203046877,
              -0.47897228315452967
            ],
            [
              0.03531099052784048,
              -0.4786994192057713
            ],
            [
              0.03922611558416078,
              -0.47839451486840656
            ],
            [
              0.04313861515163284,
              -0.47805759055034286
            ],
            [
              0.04704822735818917,
              -0.4776886688026545
            ],
            [
              0.05095469052501969,
              -0.4772877743180726
            ],
            [
              0.0548577431840864,
              -0.47685493392933326
            ],
            [
              0.05875712409562381,
              -0.47639017660738076
            ],
            [
              0.06265257226562482,
              -0.475893533459429
            ],
            [
              0.06654382696330889,
              -0.4753650377268791
            ],
            [
              0.07043062773857374,
              -0.4748047247830948
            ],
            [
              0.07431271443942772,
              -0.4742126321310347
            ],
            [
              0.07818982722940263,
              -0.4735887994007419
            ],
            [
              0.08206170660494465,
              -0.47293326834669175
            ],
            [
              0.08592809341278376,
              -0.47224608284499714
            ],
            [
              0.08978872886727945,
              -0.47152728889047146
            ],
            [
              0.0936433545677416,
              -0.4707769345935506
            ],
            [
              0.09670247508702413,
              -0.47015541821901513
            ],
            [
              0.09738031432505018,
              -0.5113109386159426
            ],
            [
              -0.062495631850308264,
              -0.5518376952756305
            ]
          ]
        ]
      }
    },
    {
      "type": "Feature",
      "properties": {
        "cell_id": "NCEP2000_r014_c020",
        "method": "Harmonic",
        "view": "annulus"
      },
      "geometry": {
        "type": "Polygon",
        "coordinates": [
          [
            [
              0.2863526248113271,
              -0.5243068080358978
            ],
            [
              0.2863080125127567,
              -0.5273520297557122
            ],
            [
              0.26936625097443656,
              -0.5543542742793912
            ],
            [
              0.10254106133444202,
              -0.5264050488617176
            ],
            [
              0.09738031432505018,
              -0.5113109386159427
            ],
            [
              0.09670247508702413,
              -0.47015541821901513
            ],
            [
              0.09749171251572622,
              -0.46999507017707215
            ],
            [
              0.10133354513230335,
              -0.46918174797291445
            ],
            [
              0.1051685952752976,
              -0.4683370224184936
            ],
            [
              0.10899660625649925,
              -0.4674609500531201
            ],
            [
              0.11281732185884484,
              -0.4665535895142141
            ],
            [
              0.11663048635356671,
              -0.4656150015333811
            ],
            [
              0.12043584451730888,
              -0.4646452489323469
            ],
            [
              0.12423314164921005,
              -0.46364439661875273
            ],
            [
              0.12802212358795134,
              -0.4626125115818111
            ],
            [
              0.13180253672876754,
              -0.4615496628878217
            ],
            [
              0.13557412804042204,
              -0.46045592167554894
            ],
            [
              0.139336645082142,
              -0.4593313611514602
            ],
            [
              0.1430898360205152,
              -0.4581760565848264
            ],
            [
              0.14683344964634568,
              -0.45699008530268365
            ],
            [
              0.15056723539146796,
              -0.4557735266846576
            ],
            [
              0.1542909433455176,
              -0.45452646215765063
            ],
            [
              0.15800432427265873,
              -0.4532489751903919
            ],
            [
              0.16170712962826572,
              -0.4519411512878499
            ],
            [
              0.16539911157555862,
              -0.45060307798551036
            ],
            [
              0.16707111484938178,
              -0.44998157694198765
            ],
            [
              0.2863526248113271,
              -0.5243068080358978
            ]
          ]
        ]
      }
    },
    {
      "type": "Feature",
      "properties": {
        "cell_id": "NCEP2000_r014_c021",
        "method": "Harmonic",
        "view": "annulus"
      },
      "geometry": {
        "type": "Polygon",
        "coordinates": [
          [
            [
              0.4778258026373712,
              -0.4678498732958515
            ],
            [
              0.4680070014696293,
              -0.5485433928923484
            ],
            [
              0.4425129038551584,
              -0.5762718303319981
            ],
            [
              0.2863080125127568,
              -0.5273520297557123
            ],
            [
              0.28635262481132717,
              -0.5243068080358975
            ],
            [
              0.31585216688006446,
              -0.438617532355687
            ],
            [
              0.3410081638676805,
              -0.43487476904478056
            ],
            [
              0.4778258026373712,
              -0.4678498732958515
            ]
          ]
        ]
      }
    },
    {
      "type": "Feature",
      "properties": {
        "cell_id": "NCEP2000_r014_c022",
        "method": "Harmonic",
        "view": "annulus"
      },
      "geometry": {
        "type": "Polygon",
        "coordinates": [
          [
            [
              0.6883801134776811,
              -0.49748215739156243
            ],
            [
              0.666406416182624,
              -0.5785163076166209
            ],
            [
              0.6200443063275565,
              -0.6138611139903483
            ],
            [
              0.4680070014696293,
              -0.5485433928923483
            ],
            [
              0.4778258026373712,
              -0.4678498732958516
            ],
            [
              0.49470268857429456,
              -0.4482987798086805
            ],
            [
              0.6584544467437211,
              -0.4588262880527764
            ],
            [
              0.6883801134776811,
              -0.49748215739156243
            ]
          ]
        ]
      }
    },
    {
      "type": "Feature",
      "properties": {
        "cell_id": "NCEP2000_r014_c023",
        "method": "Harmonic",
        "view": "annulus"
      },
      "geometry": {
        "type": "Polygon",
        "coordinates": [
          [
            [
              0.6664064161826239,
              -0.578516307616621
            ],
            [
              0.688380113477681,
              -0.4974821573915623
            ],
            [
              0.8412217846621424,
              -0.47319509771085305
            ],
            [
              0.8715652710201686,
              -0.4902635917202431
            ],
            [
              0.8700869911087115,
              -0.4928981922297839
            ],
            [
              0.8660254037844387,
              -0.49999999999999994
            ],
            [
              0.8619058515047743,
              -0.507068341687617
            ],
            [
              0.8577286100002721,
              -0.5141027441932217
            ],
            [
              0.8534939588627505,
              -0.5211027366890234
            ],
            [
              0.849202181526579,
              -0.5280678506503679
            ],
            [
              0.8448535652497071,
              -0.5349976198870972
            ],
            [
              0.8404484010944381,
              -0.5418915805747516
            ],
            [
              0.8359869839079467,
              -0.5487492712856158
            ],
            [
              0.8314696123025452,
              -0.5555702330196022
            ],
            [
              0.8268965886356963,
              -0.562354009234973
            ],
            [
              0.8222682189897751,
              -0.5691001458788982
            ],
            [
              0.8175848131515837,
              -0.5758081914178452
            ],
            [
              0.8128466845916152,
              -0.582477696867802
            ],
            [
              0.8080541504430732,
              -0.5891082158243282
            ],
            [
              0.8032075314806449,
              -0.5956993044924332
            ],
            [
              0.7983071520990315,
              -0.6022505217162819
            ],
            [
              0.7933533402912353,
              -0.6087614290087205
            ],
            [
              0.7883464276266062,
              -0.6152315905806268
            ],
            [
              0.7832867492286505,
              -0.6216605733700773
            ],
            [
              0.7781746437525979,
              -0.6280479470713342
            ],
            [
              0.773010453362737,
              -0.6343932841636455
            ],
            [
              0.7677945237095121,
              -0.6406961599398607
            ],
            [
              0.7625272039063882,
              -0.6469561525348573
            ],
            [
              0.7572088465064847,
              -0.6531728429537766
            ],
            [
              0.7551421566204484,
              -0.6555489886729947
            ],
            [
              0.6664064161826239,
              -0.578516307616621
            ]
          ]
        ]
      }
    },
    {
      "type": "Feature",
      "properties": {
        "cell_id": "NCEP2000_r015_c012",
        "method": "Harmonic",
        "view": "annulus"
      },
      "geometry": {
        "type": "Polygon",
        "coordinates": [
          [
            [
              -0.9362563910764476,
              -0.19984068512213893
            ],
            [
              -0.8452508314016153,
              -0.25325065600865976
            ],
            [
              -0.8496825499263154,
              -0.26311117466970335
            ],
            [
              -0.9552429742712111,
              -0.29579882637024285
            ],
            [
              -0.9569403357322087,
              -0.2902846772544628
            ],
            [
              -0.9592831701573936,
              -0.28244610008421267
            ],
            [
              -0.9615617976829619,
              -0.2745886181849327
            ],
            [
              -0.9637760657954397,
              -0.2667127574748989
            ],
            [
              -0.9659258262890682,
              -0.258819045102521
            ],
            [
              -0.9680109352757226,
              -0.25090800941106045
            ],
            [
              -0.970031253194544,
              -0.24298017990326407
            ],
            [
              -0.9719866448212794,
              -0.23503608720592703
            ],
            [
              -0.9738769792773335,
              -0.22707626303437373
            ],
            [
              -0.9757021300385285,
              -0.21910124015687005
            ],
            [
              -0.9774619749435718,
              -0.2111115523589656
            ],
            [
              -0.9779634211623003,
              -0.20874290629382425
            ],
            [
              -0.9362563910764476,
              -0.19984068512213893
            ]
          ]
        ]
      }
    },
    {
      "type": "Feature",
      "properties": {
        "cell_id": "NCEP2000_r015_c013",
        "method": "Harmonic",
        "view": "annulus"
      },
      "geometry": {
        "type": "Polygon",
        "coordinates": [
          [
            [
              -0.8496825499263154,
              -0.26311117466970335
            ],
            [
              -0.87492081981164,
              -0.40278086733457685
            ],
            [
              -0.9083594240709378,
              -0.41817475181079405
            ],
            [
              -0.9108638249211757,
              -0.412707029804395
            ],
            [
              -0.9142097557035305,
              -0.4052413140049903
            ],
            [
              -0.9174944964474913,
              -0.39774847452701123
            ],
            [
              -0.9207178272982475,
              -0.3902290128824284
            ],
            [
              -0.9238795325112867,
              -0.3826834323650899
            ],
            [
              -0.9269794004668328,
              -0.37511223801703825
            ],
            [
              -0.930017223684012,
              -0.367515936594704
            ],
            [
              -0.9329927988347388,
              -0.35989503653498833
            ],
            [
              -0.9359059267573255,
              -0.3522500479212339
            ],
            [
              -0.9387564124698131,
              -0.34458148244908055
            ],
            [
              -0.9415440651830207,
              -0.33688985339222033
            ],
            [
              -0.9442686983133164,
              -0.32917567556803934
            ],
            [
              -0.9469301294951056,
              -0.32143946530316175
            ],
            [
              -0.9495281805930366,
              -0.3136817403988918
            ],
            [
              -0.9520626777139243,
              -0.30590302009655357
            ],
            [
              -0.9545334512183884,
              -0.2981038250427401
            ],
            [
              -0.9552429742712111,
              -0.29579882637024285
            ],
            [
              -0.8496825499263154,
              -0.26311117466970335
            ]
          ]
        ]
      }
    },
    {
      "type": "Feature",
      "properties": {
        "cell_id": "NCEP2000_r015_c014",
        "method": "Harmonic",
        "view": "annulus"
      },
      "geometry": {
        "type": "Polygon",
        "coordinates": [
          [
            [
              -0.7181246966296377,
              -0.39704198987809475
            ],
            [
              -0.7492155252295485,
              -0.43287428694324404
            ],
            [
              -0.8749208198116403,
              -0.40278086733457713
            ],
            [
              -0.8496825499263152,
              -0.263111174669703
            ],
            [
              -0.8452508314016153,
              -0.2532506560086597
            ],
            [
              -0.8264246467276236,
              -0.24396863110919434
            ],
            [
              -0.7210459931093408,
              -0.27005787551391003
            ],
            [
              -0.7181246966296377,
              -0.39704198987809475
            ]
          ]
        ]
      }
    },
    {
      "type": "Feature",
      "properties": {
        "cell_id": "NCEP2000_r015_c015",
        "method": "Harmonic",
        "view": "annulus"
      },
      "geometry": {
        "type": "Polygon",
        "coordinates": [
          [
            [
              -0.576112901931927,
              -0.39571686750562657
            ],
            [
              -0.7181246966296377,
              -0.39704198987809525
            ],
            [
              -0.7210459931093408,
              -0.27005787551391003
            ],
            [
              -0.6986078556641816,
              -0.25283339315403025
            ],
            [
              -0.5837069623845067,
              -0.26008713582201054
            ],
            [
              -0.5717312755696079,
              -0.2707836192361677
            ],
            [
              -0.576112901931927,
              -0.39571686750562657
            ]
          ]
        ]
      }
    },
    {
      "type": "Feature",
      "properties": {
        "cell_id": "NCEP2000_r015_c016",
        "method": "Harmonic",
        "view": "annulus"
      },
      "geometry": {
        "type": "Polygon",
        "coordinates": [
          [
            [
              -0.42820879666043926,
              -0.31352563933036737
            ],
            [
              -0.442980113608068,
              -0.3819490908927395
            ],
            [
              -0.5655162346373552,
              -0.4070208237553327
            ],
            [
              -0.576112901931927,
              -0.3957168675056265
            ],
            [
              -0.5717312755696079,
              -0.27078361923616767
            ],
            [
              -0.5122341444472426,
              -0.2627965581088131
            ],
            [
              -0.42820879666043926,
              -0.31352563933036737
            ]
          ]
        ]
      }
    },
    {
      "type": "Feature",
      "properties": {
        "cell_id": "NCEP2000_r015_c017",
        "method": "Harmonic",
        "view": "annulus"
      },
      "geometry": {
        "type": "Polygon",
        "coordinates": [
          [
            [
              -0.3393354201420599,
              -0.40558760906035285
            ],
            [
              -0.4014566590869817,
              -0.4349872200426817
            ],
            [
              -0.442980113608068,
              -0.38194909089273965
            ],
            [
              -0.42820879666043926,
              -0.31352563933036737
            ],
            [
              -0.3960034540150027,
              -0.2935155807646402
            ],
            [
              -0.3393354201420599,
              -0.40558760906035285
            ]
          ]
        ]
      }
    },
    {
      "type": "Feature",
      "properties": {
        "cell_id": "NCEP2000_r015_c018",
        "method": "Harmonic",
        "view": "annulus"
      },
      "geometry": {
        "type": "Polygon",
        "coordinates": [
          [
            [
              -0.2768432954929909,
              -0.39211721236326585
            ],
            [
              -0.2763879318805656,
              -0.3924407103127603
            ],
            [
              -0.27316807002187105,
              -0.39468874511509205
            ],
            [
              -0.26992992443278707,
              -0.3969103625451342
            ],
            [
              -0.2666737118494089,
              -0.39910541390522175
            ],
            [
              -0.26339965021709555,
              -0.40127375227581447
            ],
            [
              -0.26010795867588066,
              -0.4034152325253303
            ],
            [
              -0.25679885754580656,
              -0.40552971131985943
            ],
            [
              -0.2534725683121766,
              -0.40761704713275787
            ],
            [
              -0.2501293136107311,
              -0.40967710025412024
            ],
            [
              -0.2467693172127464,
              -0.4117097328001306
            ],
            [
              -0.24339280401005603,
              -0.41371480872229177
            ],
            [
              -0.2399999999999999,
              -0.41569219381653055
            ],
            [
              -0.2365911322702963,
              -0.4176417557321815
            ],
            [
              -0.2331664289838431,
              -0.4195633639808443
            ],
            [
              -0.22972611936344672,
              -0.4214568899451181
            ],
            [
              -0.2262704336764787,
              -0.4233222068872105
            ],
            [
              -0.22279960321946463,
              -0.42515918995741947
            ],
            [
              -0.2193138603026019,
              -0.4269677162024909
            ],
            [
              -0.21581343823421104,
              -0.4287476645738474
            ],
            [
              -0.21229857130512053,
              -0.4304989159356904
            ],
            [
              -0.20876949477298404,
              -0.4322213530729746
            ],
            [
              -0.2052264448465353,
              -0.43391486069925284
            ],
            [
              -0.20166965866977712,
              -0.43557932546439293
            ],
            [
              -0.1980993743061094,
              -0.4372146359621644
            ],
            [
              -0.19451583072239506,
              -0.4388206827376947
            ],
            [
              -0.1909192677729652,
              -0.4403973582947958
            ],
            [
              -0.18730992618356532,
              -0.44194455710315894
            ],
            [
              -0.18368804753524295,
              -0.4434621756054177
            ],
            [
              -0.1835400480879041,
              -0.4435227708989941
            ],
            [
              -0.21911819598668653,
              -0.5294970250408735
            ],
            [
              -0.27393907403996814,
              -0.4876980969553959
            ],
            [
              -0.2768432954929909,
              -0.39211721236326585
            ]
          ]
        ]
      }
    },
    {
      "type": "Feature",
      "properties": {
        "cell_id": "NCEP2000_r015_c019",
        "method": "Harmonic",
        "view": "annulus"
      },
      "geometry": {
        "type": "Polygon",
        "coordinates": [
          [
            [
              -0.062495631850308264,
              -0.5518376952756305
            ],
            [
              -0.08023348786665066,
              -0.49486789622941796
            ],
            [
              -0.07681923870197531,
              -0.4738093289621681
            ],
            [
              -0.07431271443942755,
              -0.4742126321310347
            ],
            [
              -0.07043062773857359,
              -0.4748047247830949
            ],
            [
              -0.06654382696330872,
              -0.47536503772687916
            ],
            [
              -0.06265257226562466,
              -0.47589353345942903
            ],
            [
              -0.05875712409562365,
              -0.4763901766073808
            ],
            [
              -0.05485774318408623,
              -0.47685493392933326
            ],
            [
              -0.050954690525019525,
              -0.4772877743180727
            ],
            [
              -0.047048227358189004,
              -0.4776886688026545
            ],
            [
              -0.04313861515163268,
              -0.47805759055034286
            ],
            [
              -0.039226115584160615,
              -0.47839451486840656
            ],
            [
              -0.035310990527840314,
              -0.4786994192057713
            ],
            [
              -0.031393502030468604,
              -0.47897228315452967
            ],
            [
              -0.02747391229803285,
              -0.4792130884513068
            ],
            [
              -0.023552483677160535,
              -0.47942181897848274
            ],
            [
              -0.019629478637559924,
              -0.4795984607652714
            ],
            [
              -0.015705159754452497,
              -0.4797430019886555
            ],
            [
              -0.011779789690997827,
              -0.47985543297417804
            ],
            [
              -0.007853631180713562,
              -0.47993574619658963
            ],
            [
              -0.003926947009889708,
              -0.4799839362803525
            ],
            [
              2.9391523179536474e-17,
              -0.48
            ],
            [
              0.003926947009889873,
              -0.4799839362803525
            ],
            [
              0.007853631180713729,
              -0.47993574619658963
            ],
            [
              0.011779789690997992,
              -0.47985543297417804
            ],
            [
              0.015705159754452663,
              -0.4797430019886555
            ],
            [
              0.01962947863756009,
              -0.4795984607652714
            ],
            [
              0.023552483677160698,
              -0.47942181897848274
            ],
            [
              0.027473912298033015,
              -0.4792130884513068
            ],
            [
              0.03139350203046877,
              -0.47897228315452967
            ],
            [
              0.03531099052784048,
              -0.4786994192057713
            ],
            [
              0.03922611558416078,
              -0.47839451486840656
            ],
            [
              0.04313861515163284,
              -0.47805759055034286
            ],
            [
              0.04704822735818917,
              -0.4776886688026545
            ],
            [
              0.05095469052501969,
              -0.4772877743180726
            ],
            [
              0.0548577431840864,
              -0.47685493392933326
            ],
            [
              0.05875712409562381,
              -0.47639017660738076
            ],
            [
              0.06265257226562482,
              -0.475893533459429
            ],
            [
              0.06654382696330889,
              -0.4753650377268791
            ],
            [
              0.07043062773857374,
              -0.4748047247830948
            ],
            [
              0.07431271443942772,
              -0.4742126321310347
            ],
            [
              0.07818982722940263,
              -0.4735887994007419
            ],
            [
              0.08206170660494465,
              -0.47293326834669175
            ],
            [
              0.08592809341278376,
              -0.47224608284499714
            ],
            [
              0.08978872886727945,
              -0.47152728889047146
            ],
            [
              0.0936433545677416,
              -0.4707769345935506
            ],
            [
              0.09670247508702413,
              -0.47015541821901513
            ],
            [
              0.09738031432505018,
              -0.5113109386159426
            ],
            [
              -0.062495631850308264,
              -0.5518376952756305
            ]
          ]
        ]
      }
    },
    {
      "type": "Feature",
      "properties": {
        "cell_id": "NCEP2000_r015_c020",
        "method": "Harmonic",
        "view": "annulus"
      },
      "geometry": {
        "type": "Polygon",
        "coordinates": [
          [
            [
              0.16707111484938184,
              -0.4499815769419876
            ],
            [
              0.16908002300219213,
              -0.4492348448435163
            ],
            [
              0.17274961753679435,
              -0.44783654344067464
            ],
            [
              0.1764076495654578,
              -0.4464082673683258
            ],
            [
              0.1800538742481783,
              -0.4449501122240797
            ],
            [
              0.18368804753524312,
              -0.4434621756054176
            ],
            [
              0.18730992618356548,
              -0.44194455710315883
            ],
            [
              0.19091926777296536,
              -0.4403973582947958
            ],
            [
              0.1945158307223952,
              -0.43882068273769465
            ],
            [
              0.19809937430610958,
              -0.4372146359621643
            ],
            [
              0.20166965866977718,
              -0.43557932546439293
            ],
            [
              0.20522644484653543,
              -0.4339148606992528
            ],
            [
              0.20876949477298426,
              -0.4322213530729745
            ],
            [
              0.2122985713051207,
              -0.43049891593569034
            ],
            [
              0.21581343823421115,
              -0.42874766457384733
            ],
            [
              0.21931386030260194,
              -0.42696771620249085
            ],
            [
              0.2227996032194648,
              -0.4251591899574194
            ],
            [
              0.22627043367647895,
              -0.42332220688721034
            ],
            [
              0.2297261193634469,
              -0.42145688994511804
            ],
            [
              0.23316642898384324,
              -0.4195633639808442
            ],
            [
              0.23659113227029635,
              -0.41764175573218143
            ],
            [
              0.24000000000000005,
              -0.4156921938165305
            ],
            [
              0.24339280401005622,
              -0.4137148087222916
            ],
            [
              0.2467693172127465,
              -0.41170973280013057
            ],
            [
              0.2501293136107312,
              -0.4096771002541202
            ],
            [
              0.2534725683121767,
              -0.40761704713275787
            ],
            [
              0.25679885754580667,
              -0.4055297113198593
            ],
            [
              0.2601079586758808,
              -0.40341523252533024
            ],
            [
              0.26339965021709566,
              -0.4012737522758144
            ],
            [
              0.26667371184940913,
              -0.39910541390522164
            ],
            [
              0.26992992443278707,
              -0.3969103625451341
            ],
            [
              0.2731680700218712,
              -0.394688745115092
            ],
            [
              0.27638793188056576,
              -0.3924407103127602
            ],
            [
              0.27958929449654507,
              -0.3901664086039752
            ],
            [
              0.28049216661244886,
              -0.3895138133130778
            ],
            [
              0.3158521668800645,
              -0.43861753235568696
            ],
            [
              0.28635262481132717,
              -0.5243068080358977
            ],
            [
              0.16707111484938184,
              -0.4499815769419876
            ]
          ]
        ]
      }
    },
    {
      "type": "Feature",
      "properties": {
        "cell_id": "NCEP2000_r015_c021",
        "method": "Harmonic",
        "view": "annulus"
      },
      "geometry": {
        "type": "Polygon",
        "coordinates": [
          [
            [
              0.48720509415129437,
              -0.333877280867959
            ],
            [
              0.4947026885742946,
              -0.4482987798086804
            ],
            [
              0.4778258026373712,
              -0.46784987329585154
            ],
            [
              0.34100816386768057,
              -0.4348747690447806
            ],
            [
              0.42203544496026035,
              -0.3129094750090557
            ],
            [
              0.48720509415129437,
              -0.333877280867959
            ]
          ]
        ]
      }
    },
    {
      "type": "Feature",
      "properties": {
        "cell_id": "NCEP2000_r015_c022",
        "method": "Harmonic",
        "view": "annulus"
      },
      "geometry": {
        "type": "Polygon",
        "coordinates": [
          [
            [
              0.664125102509171,
              -0.3080841995896578
            ],
            [
              0.658454446743721,
              -0.4588262880527765
            ],
            [
              0.4947026885742945,
              -0.4482987798086805
            ],
            [
              0.48720509415129426,
              -0.333877280867959
            ],
            [
              0.5317289702015624,
              -0.2950702307082198
            ],
            [
              0.6520868520926314,
              -0.2983204284431458
            ],
            [
              0.664125102509171,
              -0.3080841995896578
            ]
          ]
        ]
      }
    },
    {
      "type": "Feature",
      "properties": {
        "cell_id": "NCEP2000_r015_c023",
        "method": "Harmonic",
        "view": "annulus"
      },
      "geometry": {
        "type": "Polygon",
        "coordinates": [
          [
            [
              0.8412217846621428,
              -0.47319509771085305
            ],
            [
              0.688380113477681,
              -0.4974821573915624
            ],
            [
              0.658454446743721,
              -0.45882628805277637
            ],
            [
              0.664125102509171,
              -0.3080841995896578
            ],
            [
              0.7920271973808846,
              -0.2847080859452666
            ],
            [
              0.8151649112853299,
              -0.29680950632362113
            ],
            [
              0.8412217846621428,
              -0.47319509771085305
            ]
          ]
        ]
      }
    },
    {
      "type": "Feature",
      "properties": {
        "cell_id": "NCEP2000_r015_c024",
        "method": "Harmonic",
        "view": "annulus"
      },
      "geometry": {
        "type": "Polygon",
        "coordinates": [
          [
            [
              0.8412217846621427,
              -0.47319509771085305
            ],
            [
              0.8151649112853298,
              -0.2968095063236211
            ],
            [
              0.9287874055768364,
              -0.2601208727310427
            ],
            [
              0.9629401859632566,
              -0.2696858721991285
            ],
            [
              0.9615617976829619,
              -0.2745886181849323
            ],
            [
              0.9592831701573936,
              -0.28244610008421245
            ],
            [
              0.9569403357322088,
              -0.29028467725446233
            ],
            [
              0.9545334512183885,
              -0.2981038250427398
            ],
            [
              0.9520626777139243,
              -0.30590302009655346
            ],
            [
              0.9495281805930367,
              -0.31368174039889146
            ],
            [
              0.9469301294951057,
              -0.32143946530316153
            ],
            [
              0.9442686983133165,
              -0.32917567556803884
            ],
            [
              0.9415440651830208,
              -0.33688985339222005
            ],
            [
              0.9387564124698132,
              -0.34458148244908043
            ],
            [
              0.9359059267573258,
              -0.3522500479212335
            ],
            [
              0.932992798834739,
              -0.3598950365349881
            ],
            [
              0.9300172236840122,
              -0.3675159365947035
            ],
            [
              0.9269794004668329,
              -0.37511223801703797
            ],
            [
              0.9238795325112867,
              -0.3826834323650898
            ],
            [
              0.9207178272982477,
              -0.390229012882428
            ],
            [
              0.9174944964474914,
              -0.397748474527011
            ],
            [
              0.9142097557035307,
              -0.4052413140049898
            ],
            [
              0.9108638249211758,
              -0.41270702980439467
            ],
            [
              0.9074569280508187,
              -0.4201451222287024
            ],
            [
              0.9039892931234433,
              -0.42755509343028203
            ],
            [
              0.9004611522353636,
              -0.43493644744371707
            ],
            [
              0.8968727415326884,
              -0.44228869021900125
            ],
            [
              0.8932243011955153,
              -0.44961132965460654
            ],
            [
              0.8895160754218561,
              -0.4569038756304206
            ],
            [
              0.8857483124112906,
              -0.4641658400405515
            ],
            [
              0.881921264348355,
              -0.4713967368259976
            ],
            [
              0.8780351873856628,
              -0.4785960820071808
            ],
            [
              0.8740903416267589,
              -0.48576339371634003
            ],
            [
              0.8715652710201687,
              -0.4902635917202429
            ],
            [
              0.8412217846621427,
              -0.47319509771085305
            ]
          ]
        ]
      }
    },
    {
      "type": "Feature",
      "properties": {
        "cell_id": "NCEP2000_r016_c012",
        "method": "Harmonic",
        "view": "annulus"
      },
      "geometry": {
        "type": "Polygon",
        "coordinates": [
          [
            [
              -0.9198614979945124,
              -0.06543419651158876
            ],
            [
              -0.9009577689733619,
              -0.0870915280095325
            ],
            [
              -0.9362563910764481,
              -0.1998406851221391
            ],
            [
              -0.9779634211623002,
              -0.20874290629382433
            ],
            [
              -0.9791563962022337,
              -0.20310773440776303
            ],
            [
              -0.9807852804032304,
              -0.1950903220161286
            ],
            [
              -0.9823485185218156,
              -0.1870598518068325
            ],
            [
              -0.9838460059270774,
              -0.1790168612766329
            ],
            [
              -0.9852776423889412,
              -0.17096188876030163
            ],
            [
              -0.986643332084879,
              -0.1628954733945889
            ],
            [
              -0.9879429836063223,
              -0.15481815508214136
            ],
            [
              -0.9891765099647809,
              -0.14673047445536225
            ],
            [
              -0.9903438285976648,
              -0.1386329728402269
            ],
            [
              -0.9914448613738104,
              -0.130526192220052
            ],
            [
              -0.99247953459871,
              -0.12241067519921635
            ],
            [
              -0.9934477790194444,
              -0.11428696496684672
            ],
            [
              -0.994349529829318,
              -0.10615560526045797
            ],
            [
              -0.9951847266721968,
              -0.09801714032956083
            ],
            [
              -0.9959533136465477,
              -0.08987211489923537
            ],
            [
              -0.9966552393091803,
              -0.08172107413366836
            ],
            [
              -0.9972904566786902,
              -0.07356456359966773
            ],
            [
              -0.9974722184701046,
              -0.0709550223599125
            ],
            [
              -0.9198614979945124,
              -0.06543419651158876
            ]
          ]
        ]
      }
    },
    {
      "type": "Feature",
      "properties": {
        "cell_id": "NCEP2000_r016_c013",
        "method": "Harmonic",
        "view": "annulus"
      },
      "geometry": {
        "type": "Polygon",
        "coordinates": [
          [
            [
              -0.8264246467276235,
              -0.24396863110919467
            ],
            [
              -0.8452508314016152,
              -0.25325065600866004
            ],
            [
              -0.9362563910764474,
              -0.19984068512213915
            ],
            [
              -0.9009577689733613,
              -0.08709152800953288
            ],
            [
              -0.8096079250742199,
              -0.11101948898249908
            ],
            [
              -0.8264246467276235,
              -0.24396863110919467
            ]
          ]
        ]
      }
    },
    {
      "type": "Feature",
      "properties": {
        "cell_id": "NCEP2000_r016_c014",
        "method": "Harmonic",
        "view": "annulus"
      },
      "geometry": {
        "type": "Polygon",
        "coordinates": [
          [
            [
              -0.6986078556641815,
              -0.2528333931540302
            ],
            [
              -0.721045993109341,
              -0.27005787551391014
            ],
            [
              -0.8264246467276236,
              -0.2439686311091946
            ],
            [
              -0.80960792507422,
              -0.11101948898249911
            ],
            [
              -0.7880117336084225,
              -0.09893260083573273
            ],
            [
              -0.6944520688818874,
              -0.1219097639779888
            ],
            [
              -0.6986078556641815,
              -0.2528333931540302
            ]
          ]
        ]
      }
    },
    {
      "type": "Feature",
      "properties": {
        "cell_id": "NCEP2000_r016_c015",
        "method": "Harmonic",
        "view": "annulus"
      },
      "geometry": {
        "type": "Polygon",
        "coordinates": [
          [
            [
              -0.5738778023639317,
              -0.11730933350890019
            ],
            [
              -0.5837069623845066,
              -0.26008713582201054
            ],
            [
              -0.6986078556641816,
              -0.25283339315403025
            ],
            [
              -0.6944520688818875,
              -0.12190976397798876
            ],
            [
              -0.6672404794604155,
              -0.10524512927528491
            ],
            [
              -0.5738778023639317,
              -0.11730933350890019
            ]
          ]
        ]
      }
    },
    {
      "type": "Feature",
      "properties": {
        "cell_id": "NCEP2000_r016_c016",
        "method": "Harmonic",
        "view": "annulus"
      },
      "geometry": {
        "type": "Polygon",
        "coordinates": [
          [
            [
              -0.5122341444472426,
              -0.2627965581088131
            ],
            [
              -0.5717312755696078,
              -0.27078361923616767
            ],
            [
              -0.5837069623845066,
              -0.26008713582201043
            ],
            [
              -0.5738778023639317,
              -0.11730933350890016
            ],
            [
              -0.5598823556399962,
              -0.10890032638433811
            ],
            [
              -0.4678626759811048,
              -0.10724125895353624
            ],
            [
              -0.46746095005312005,
              -0.10899660625649939
            ],
            [
              -0.4665535895142141,
              -0.11281732185884497
            ],
            [
              -0.4656150015333811,
              -0.11663048635356675
            ],
            [
              -0.4646452489323468,
              -0.12043584451730902
            ],
            [
              -0.46364439661875273,
              -0.12423314164921008
            ],
            [
              -0.46261251158181105,
              -0.12802212358795148
            ],
            [
              -0.4615496628878217,
              -0.13180253672876768
            ],
            [
              -0.46045592167554894,
              -0.13557412804042207
            ],
            [
              -0.45933136115146017,
              -0.13933664508214214
            ],
            [
              -0.4581760565848264,
              -0.14308983602051523
            ],
            [
              -0.45699008530268365,
              -0.1468334496463457
            ],
            [
              -0.45577352668465754,
              -0.15056723539146805
            ],
            [
              -0.45452646215765063,
              -0.15429094334551763
            ],
            [
              -0.45324897519039187,
              -0.15800432427265887
            ],
            [
              -0.4522218753010185,
              -0.1609123235558368
            ],
            [
              -0.5122341444472426,
              -0.2627965581088131
            ]
          ]
        ]
      }
    },
    {
      "type": "Feature",
      "properties": {
        "cell_id": "NCEP2000_r016_c017",
        "method": "Harmonic",
        "view": "annulus"
      },
      "geometry": {
        "type": "Polygon",
        "coordinates": [
          [
            [
              -0.5122341444472426,
              -0.2627965581088131
            ],
            [
              -0.4522218753010185,
              -0.16091232355583684
            ],
            [
              -0.4519411512878499,
              -0.16170712962826575
            ],
            [
              -0.4506030779855103,
              -0.16539911157555864
            ],
            [
              -0.4492348448435162,
              -0.16908002300219224
            ],
            [
              -0.44783654344067464,
              -0.17274961753679438
            ],
            [
              -0.44640826736832573,
              -0.1764076495654579
            ],
            [
              -0.4449501122240797,
              -0.18005387424817834
            ],
            [
              -0.4434621756054176,
              -0.18368804753524315
            ],
            [
              -0.4419445571031588,
              -0.18730992618356562
            ],
            [
              -0.4403973582947958,
              -0.1909192677729654
            ],
            [
              -0.4388206827376946,
              -0.19451583072239534
            ],
            [
              -0.4372146359621643,
              -0.1980993743061096
            ],
            [
              -0.4355793254643929,
              -0.2016696586697772
            ],
            [
              -0.43391486069925267,
              -0.20522644484653554
            ],
            [
              -0.43222135307297443,
              -0.2087694947729843
            ],
            [
              -0.4304989159356903,
              -0.2122985713051208
            ],
            [
              -0.4287476645738473,
              -0.21581343823421129
            ],
            [
              -0.42696771620249085,
              -0.21931386030260197
            ],
            [
              -0.42515918995741936,
              -0.2227996032194649
            ],
            [
              -0.42332220688721034,
              -0.22627043367647898
            ],
            [
              -0.421456889945118,
              -0.22972611936344697
            ],
            [
              -0.41956336398084415,
              -0.23316642898384335
            ],
            [
              -0.41764175573218143,
              -0.23659113227029638
            ],
            [
              -0.41569219381653044,
              -0.24000000000000016
            ],
            [
              -0.4137148087222916,
              -0.24339280401005628
            ],
            [
              -0.41170973280013046,
              -0.24676931721274661
            ],
            [
              -0.40967710025412013,
              -0.2501293136107313
            ],
            [
              -0.4076170471327578,
              -0.2534725683121767
            ],
            [
              -0.4055297113198593,
              -0.25679885754580684
            ],
            [
              -0.4034152325253302,
              -0.26010795867588093
            ],
            [
              -0.4012737522758143,
              -0.2633996502170958
            ],
            [
              -0.3991054139052216,
              -0.2666737118494092
            ],
            [
              -0.3969103625451341,
              -0.2699299244327871
            ],
            [
              -0.39468874511509194,
              -0.2731680700218713
            ],
            [
              -0.3924407103127601,
              -0.2763879318805658
            ],
            [
              -0.3901664086039752,
              -0.279589294496545
            ],
            [
              -0.387865992212675,
              -0.28277194359567764
            ],
            [
              -0.3856232963729,
              -0.2858218650461029
            ],
            [
              -0.39600345401500237,
              -0.29351558076463996
            ],
            [
              -0.4282087966604393,
              -0.31352563933036737
            ],
            [
              -0.5122341444472426,
              -0.2627965581088131
            ]
          ]
        ]
      }
    },
    {
      "type": "Feature",
      "properties": {
        "cell_id": "NCEP2000_r016_c018",
        "method": "Harmonic",
        "view": "annulus"
      },
      "geometry": {
        "type": "Polygon",
        "coordinates": [
          [
            [
              -0.3960034540150025,
              -0.29351558076464
            ],
            [
              -0.3856232963729,
              -0.2858218650461029
            ],
            [
              -0.3855396151107095,
              -0.28593566615636806
            ],
            [
              -0.383187433007535,
              -0.2890802504238155
            ],
            [
              -0.3808096033397928,
              -0.292205485924186
            ],
            [
              -0.37840628526077097,
              -0.2953111634787009
            ],
            [
              -0.37597763962975206,
              -0.29839707521763725
            ],
            [
              -0.37352382900124687,
              -0.30146301459424046
            ],
            [
              -0.37104501761411357,
              -0.30450877639855
            ],
            [
              -0.3685413713805657,
              -0.30753415677113327
            ],
            [
              -0.36601305787506627,
              -0.31053895321673153
            ],
            [
              -0.36346024632311247,
              -0.313522964617813
            ],
            [
              -0.3608831075899091,
              -0.31648599124803306
            ],
            [
              -0.35828181416893123,
              -0.3194278347856044
            ],
            [
              -0.35565654017038023,
              -0.3223482983265689
            ],
            [
              -0.3530074613095289,
              -0.3252471863979786
            ],
            [
              -0.35033475489496096,
              -0.32812430497097833
            ],
            [
              -0.34763859981670403,
              -0.33097946147379215
            ],
            [
              -0.3449191765342549,
              -0.33381246480461374
            ],
            [
              -0.3421766670645022,
              -0.33662312534439576
            ],
            [
              -0.3394112549695428,
              -0.33941125496954283
            ],
            [
              -0.33662312534439554,
              -0.34217666706450245
            ],
            [
              -0.3338124648046135,
              -0.34491917653425513
            ],
            [
              -0.330979461473792,
              -0.34763859981670425
            ],
            [
              -0.3281243049709781,
              -0.3503347548949612
            ],
            [
              -0.32524718639797856,
              -0.353007461309529
            ],
            [
              -0.3223482983265687,
              -0.35565654017038045
            ],
            [
              -0.3194278347856042,
              -0.35828181416893146
            ],
            [
              -0.3164859912480329,
              -0.36088310758990927
            ],
            [
              -0.3135229646178127,
              -0.3634602463231127
            ],
            [
              -0.3105389532167315,
              -0.3660130578750663
            ],
            [
              -0.30753415677113305,
              -0.3685413713805658
            ],
            [
              -0.3045087763985498,
              -0.3710450176141138
            ],
            [
              -0.30146301459424024,
              -0.3735238290012471
            ],
            [
              -0.29839707521763703,
              -0.3759776396297523
            ],
            [
              -0.29531116347870084,
              -0.378406285260771
            ],
            [
              -0.29220548592418577,
              -0.38080960333979297
            ],
            [
              -0.28908025042381524,
              -0.38318743300753516
            ],
            [
              -0.285935666156368,
              -0.38553961511070955
            ],
            [
              -0.283893844305935,
              -0.38704102603028895
            ],
            [
              -0.33933542014205986,
              -0.40558760906035285
            ],
            [
              -0.3960034540150025,
              -0.29351558076464
            ]
          ]
        ]
      }
    },
    {
      "type": "Feature",
      "properties": {
        "cell_id": "NCEP2000_r016_c019",
        "method": "Harmonic",
        "view": "annulus"
      },
      "geometry": {
        "type": "Polygon",
        "coordinates": [
          [
            [
              -0.062495631850308264,
              -0.5518376952756305
            ],
            [
              -0.08023348786665066,
              -0.49486789622941796
            ],
            [
              -0.07681923870197531,
              -0.4738093289621681
            ],
            [
              -0.07431271443942755,
              -0.4742126321310347
            ],
            [
              -0.07043062773857359,
              -0.4748047247830949
            ],
            [
              -0.06654382696330872,
              -0.47536503772687916
            ],
            [
              -0.06265257226562466,
              -0.47589353345942903
            ],
            [
              -0.05875712409562365,
              -0.4763901766073808
            ],
            [
              -0.05485774318408623,
              -0.47685493392933326
            ],
            [
              -0.050954690525019525,
              -0.4772877743180727
            ],
            [
              -0.047048227358189004,
              -0.4776886688026545
            ],
            [
              -0.04313861515163268,
              -0.47805759055034286
            ],
            [
              -0.039226115584160615,
              -0.47839451486840656
            ],
            [
              -0.035310990527840314,
              -0.4786994192057713
            ],
            [
              -0.031393502030468604,
              -0.47897228315452967
            ],
            [
              -0.02747391229803285,
              -0.4792130884513068
            ],
            [
              -0.023552483677160535,
              -0.47942181897848274
            ],
            [
              -0.019629478637559924,
              -0.4795984607652714
            ],
            [
              -0.015705159754452497,
              -0.4797430019886555
            ],
            [
              -0.011779789690997827,
              -0.47985543297417804
            ],
            [
              -0.007853631180713562,
              -0.47993574619658963
            ],
            [
              -0.003926947009889708,
              -0.4799839362803525
            ],
            [
              2.9391523179536474e-17,
              -0.48
            ],
            [
              0.003926947009889873,
              -0.4799839362803525
            ],
            [
              0.007853631180713729,
              -0.47993574619658963
            ],
            [
              0.011779789690997992,
              -0.47985543297417804
            ],
            [
              0.015705159754452663,
              -0.4797430019886555
            ],
            [
              0.01962947863756009,
              -0.4795984607652714
            ],
            [
              0.023552483677160698,
              -0.47942181897848274
            ],
            [
              0.027473912298033015,
              -0.4792130884513068
            ],
            [
              0.03139350203046877,
              -0.47897228315452967
            ],
            [
              0.03531099052784048,
              -0.4786994192057713
            ],
            [
              0.03922611558416078,
              -0.47839451486840656
            ],
            [
              0.04313861515163284,
              -0.47805759055034286
            ],
            [
              0.04704822735818917,
              -0.4776886688026545
            ],
            [
              0.05095469052501969,
              -0.4772877743180726
            ],
            [
              0.0548577431840864,
              -0.47685493392933326
            ],
            [
              0.05875712409562381,
              -0.47639017660738076
            ],
            [
              0.06265257226562482,
              -0.475893533459429
            ],
            [
              0.06654382696330889,
              -0.4753650377268791
            ],
            [
              0.07043062773857374,
              -0.4748047247830948
            ],
            [
              0.07431271443942772,
              -0.4742126321310347
            ],
            [
              0.07818982722940263,
              -0.4735887994007419
            ],
            [
              0.08206170660494465,
              -0.47293326834669175
            ],
            [
              0.08592809341278376,
              -0.47224608284499714
            ],
            [
              0.08978872886727945,
              -0.47152728889047146
            ],
            [
              0.0936433545677416,
              -0.4707769345935506
            ],
            [
              0.09670247508702413,
              -0.47015541821901513
            ],
            [
              0.09738031432505018,
              -0.5113109386159426
            ],
            [
              -0.062495631850308264,
              -0.5518376952756305
            ]
          ]
        ]
      }
    },
    {
      "type": "Feature",
      "properties": {
        "cell_id": "NCEP2000_r016_c020",
        "method": "Harmonic",
        "view": "annulus"
      },
      "geometry": {
        "type": "Polygon",
        "coordinates": [
          [
            [
              0.28049216661244886,
              -0.3895138133130778
            ],
            [
              0.2827719435956776,
              -0.38786599221267504
            ],
            [
              0.28593566615636806,
              -0.3855396151107095
            ],
            [
              0.2890802504238154,
              -0.38318743300753505
            ],
            [
              0.2922054859241859,
              -0.38080960333979286
            ],
            [
              0.2953111634787009,
              -0.37840628526077097
            ],
            [
              0.29839707521763714,
              -0.37597763962975217
            ],
            [
              0.30146301459424046,
              -0.3735238290012469
            ],
            [
              0.3045087763985499,
              -0.3710450176141137
            ],
            [
              0.3075341567711332,
              -0.36854137138056575
            ],
            [
              0.3105389532167316,
              -0.36601305787506627
            ],
            [
              0.31352296461781287,
              -0.3634602463231125
            ],
            [
              0.31648599124803306,
              -0.36088310758990916
            ],
            [
              0.31942783478560427,
              -0.3582818141689314
            ],
            [
              0.32234829832656886,
              -0.3556565401703803
            ],
            [
              0.3252471863979786,
              -0.3530074613095289
            ],
            [
              0.3281243049709782,
              -0.3503347548949611
            ],
            [
              0.33097946147379215,
              -0.3476385998167041
            ],
            [
              0.3338124648046136,
              -0.3449191765342551
            ],
            [
              0.3366231253443957,
              -0.3421766670645023
            ],
            [
              0.33941125496954283,
              -0.3394112549695428
            ],
            [
              0.3421766670645024,
              -0.33662312534439565
            ],
            [
              0.34491917653425513,
              -0.3338124648046135
            ],
            [
              0.34763859981670414,
              -0.3309794614737921
            ],
            [
              0.35033475489496113,
              -0.3281243049709781
            ],
            [
              0.353007461309529,
              -0.32524718639797856
            ],
            [
              0.3556565401703804,
              -0.3223482983265688
            ],
            [
              0.3582818141689314,
              -0.3194278347856042
            ],
            [
              0.36088310758990916,
              -0.31648599124803306
            ],
            [
              0.36346024632311263,
              -0.31352296461781276
            ],
            [
              0.3660130578750663,
              -0.3105389532167315
            ],
            [
              0.36854137138056575,
              -0.30753415677113316
            ],
            [
              0.37104501761411374,
              -0.30450877639854984
            ],
            [
              0.373523829001247,
              -0.3014630145942404
            ],
            [
              0.3759776396297522,
              -0.2983970752176371
            ],
            [
              0.37840628526077097,
              -0.29531116347870084
            ],
            [
              0.3808096033397929,
              -0.2922054859241858
            ],
            [
              0.3831874330075351,
              -0.2890802504238153
            ],
            [
              0.38553961511070955,
              -0.28593566615636795
            ],
            [
              0.3871896080623583,
              -0.2836917823416154
            ],
            [
              0.4220354449602603,
              -0.31290947500905575
            ],
            [
              0.3410081638676806,
              -0.43487476904478056
            ],
            [
              0.3158521668800645,
              -0.43861753235568696
            ],
            [
              0.28049216661244886,
              -0.3895138133130778
            ]
          ]
        ]
      }
    },
    {
      "type": "Feature",
      "properties": {
        "cell_id": "NCEP2000_r016_c021",
        "method": "Harmonic",
        "view": "annulus"
      },
      "geometry": {
        "type": "Polygon",
        "coordinates": [
          [
            [
              0.4957896668900759,
              -0.13243433664031182
            ],
            [
              0.5317289702015625,
              -0.2950702307082198
            ],
            [
              0.4872050941512943,
              -0.33387728086795904
            ],
            [
              0.42203544496026035,
              -0.31290947500905575
            ],
            [
              0.3871896080623583,
              -0.2836917823416154
            ],
            [
              0.3878659922126751,
              -0.2827719435956775
            ],
            [
              0.3901664086039753,
              -0.27958929449654496
            ],
            [
              0.3924407103127602,
              -0.2763879318805657
            ],
            [
              0.39468874511509205,
              -0.27316807002187116
            ],
            [
              0.3969103625451342,
              -0.26992992443278707
            ],
            [
              0.3991054139052217,
              -0.266673711849409
            ],
            [
              0.4012737522758144,
              -0.26339965021709555
            ],
            [
              0.40341523252533024,
              -0.26010795867588077
            ],
            [
              0.4055297113198594,
              -0.2567988575458066
            ],
            [
              0.4076170471327579,
              -0.25347256831217657
            ],
            [
              0.40967710025412024,
              -0.2501293136107312
            ],
            [
              0.4117097328001306,
              -0.2467693172127464
            ],
            [
              0.41371480872229166,
              -0.24339280401005617
            ],
            [
              0.41569219381653055,
              -0.23999999999999996
            ],
            [
              0.4176417557321815,
              -0.23659113227029627
            ],
            [
              0.41956336398084426,
              -0.2331664289838432
            ],
            [
              0.4214568899451181,
              -0.22972611936344678
            ],
            [
              0.4233222068872104,
              -0.22627043367647884
            ],
            [
              0.42515918995741947,
              -0.2227996032194647
            ],
            [
              0.4269677162024909,
              -0.2193138603026019
            ],
            [
              0.42874766457384733,
              -0.21581343823421112
            ],
            [
              0.4304989159356904,
              -0.2122985713051206
            ],
            [
              0.4322213530729745,
              -0.20876949477298418
            ],
            [
              0.4339148606992528,
              -0.20522644484653538
            ],
            [
              0.43557932546439293,
              -0.20166965866977712
            ],
            [
              0.43721463596216437,
              -0.19809937430610944
            ],
            [
              0.4388206827376947,
              -0.1945158307223951
            ],
            [
              0.4403973582947958,
              -0.19091926777296528
            ],
            [
              0.4419445571031589,
              -0.18730992618356543
            ],
            [
              0.4434621756054176,
              -0.1836880475352431
            ],
            [
              0.44495011222407976,
              -0.18005387424817823
            ],
            [
              0.44640826736832584,
              -0.17640764956545768
            ],
            [
              0.4478365434406747,
              -0.1727496175367943
            ],
            [
              0.44923484484351633,
              -0.16908002300219208
            ],
            [
              0.45060307798551036,
              -0.1653991115755586
            ],
            [
              0.45194115128784995,
              -0.1617071296282656
            ],
            [
              0.4532489751903919,
              -0.15800432427265865
            ],
            [
              0.4545264621576507,
              -0.15429094334551752
            ],
            [
              0.4557735266846576,
              -0.1505672353914679
            ],
            [
              0.45699008530268365,
              -0.14683344964634565
            ],
            [
              0.45817605658482646,
              -0.1430898360205151
            ],
            [
              0.4593313611514602,
              -0.1393366450821419
            ],
            [
              0.46045592167554894,
              -0.13557412804042196
            ],
            [
              0.4615496628878217,
              -0.1318025367287675
            ],
            [
              0.4626125115818111,
              -0.1280221235879512
            ],
            [
              0.4633905639014372,
              -0.1251651908086986
            ],
            [
              0.4957896668900759,
              -0.13243433664031182
            ]
          ]
        ]
      }
    },
    {
      "type": "Feature",
      "properties": {
        "cell_id": "NCEP2000_r016_c022",
        "method": "Harmonic",
        "view": "annulus"
      },
      "geometry": {
        "type": "Polygon",
        "coordinates": [
          [
            [
              0.6427024253795739,
              -0.13005743549275323
            ],
            [
              0.6520868520926314,
              -0.2983204284431458
            ],
            [
              0.5317289702015625,
              -0.29507023070821986
            ],
            [
              0.4957896668900759,
              -0.13243433664031182
            ],
            [
              0.521708876836158,
              -0.12264219125556608
            ],
            [
              0.623560890778011,
              -0.11894143915179554
            ],
            [
              0.6427024253795739,
              -0.13005743549275323
            ]
          ]
        ]
      }
    },
    {
      "type": "Feature",
      "properties": {
        "cell_id": "NCEP2000_r016_c023",
        "method": "Harmonic",
        "view": "annulus"
      },
      "geometry": {
        "type": "Polygon",
        "coordinates": [
          [
            [
              0.7920271973808847,
              -0.28470808594526664
            ],
            [
              0.664125102509171,
              -0.3080841995896578
            ],
            [
              0.6520868520926314,
              -0.2983204284431458
            ],
            [
              0.6427024253795738,
              -0.1300574354927532
            ],
            [
              0.7434198659679253,
              -0.11166070167586697
            ],
            [
              0.77447560442056,
              -0.12627825070420456
            ],
            [
              0.7920271973808847,
              -0.28470808594526664
            ]
          ]
        ]
      }
    },
    {
      "type": "Feature",
      "properties": {
        "cell_id": "NCEP2000_r016_c024",
        "method": "Harmonic",
        "view": "annulus"
      },
      "geometry": {
        "type": "Polygon",
        "coordinates": [
          [
            [
              0.9287874055768365,
              -0.26012087273104273
            ],
            [
              0.8151649112853299,
              -0.29680950632362113
            ],
            [
              0.7920271973808846,
              -0.2847080859452666
            ],
            [
              0.7744756044205598,
              -0.12627825070420448
            ],
            [
              0.8590966518822655,
              -0.09909573343408934
            ],
            [
              0.8871420773256581,
              -0.1075182923878063
            ],
            [
              0.9287874055768365,
              -0.26012087273104273
            ]
          ]
        ]
      }
    },
    {
      "type": "Feature",
      "properties": {
        "cell_id": "NCEP2000_r016_c025",
        "method": "Harmonic",
        "view": "annulus"
      },
      "geometry": {
        "type": "Polygon",
        "coordinates": [
          [
            [
              0.9287874055768365,
              -0.2601208727310427
            ],
            [
              0.8871420773256581,
              -0.10751829238780634
            ],
            [
              0.9551603225358714,
              -0.07912577018269562
            ],
            [
              0.9965832315887327,
              -0.08255725650460817
            ],
            [
              0.9959533136465477,
              -0.08987211489923497
            ],
            [
              0.9951847266721969,
              -0.0980171403295606
            ],
            [
              0.9943495298293181,
              -0.10615560526045748
            ],
            [
              0.9934477790194444,
              -0.11428696496684639
            ],
            [
              0.99247953459871,
              -0.12241067519921618
            ],
            [
              0.9914448613738104,
              -0.13052619222005157
            ],
            [
              0.9903438285976649,
              -0.13863297284022666
            ],
            [
              0.989176509964781,
              -0.14673047445536175
            ],
            [
              0.9879429836063224,
              -0.15481815508214103
            ],
            [
              0.986643332084879,
              -0.1628954733945887
            ],
            [
              0.9852776423889412,
              -0.17096188876030122
            ],
            [
              0.9838460059270774,
              -0.17901686127663266
            ],
            [
              0.9823485185218157,
              -0.18705985180683196
            ],
            [
              0.9807852804032304,
              -0.19509032201612825
            ],
            [
              0.9791563962022337,
              -0.20310773440776286
            ],
            [
              0.9774619749435719,
              -0.21111155235896514
            ],
            [
              0.9757021300385286,
              -0.21910124015686977
            ],
            [
              0.9738769792773336,
              -0.2270762630343732
            ],
            [
              0.9719866448212794,
              -0.23503608720592667
            ],
            [
              0.970031253194544,
              -0.24298017990326384
            ],
            [
              0.9680109352757227,
              -0.25090800941106
            ],
            [
              0.9659258262890683,
              -0.25881904510252074
            ],
            [
              0.9637760657954398,
              -0.26671275747489837
            ],
            [
              0.9629401859632566,
              -0.2696858721991285
            ],
            [
              0.9287874055768365,
              -0.2601208727310427
            ]
          ]
        ]
      }
    },
    {
      "type": "Feature",
      "properties": {
        "cell_id": "NCEP2000_r017_c012",
        "method": "Harmonic",
        "view": "annulus"
      },
      "geometry": {
        "type": "Polygon",
        "coordinates": [
          [
            [
              -0.9128290160523762,
              0.032590499142984085
            ],
            [
              -0.9000847999070885,
              0.021380090645014324
            ],
            [
              -0.9198614979945128,
              -0.06543419651158881
            ],
            [
              -0.9974722184701046,
              -0.07095502235991255
            ],
            [
              -0.9978589232386035,
              -0.06540312923014356
            ],
            [
              -0.9983606009402225,
              -0.05723731728756885
            ],
            [
              -0.9987954562051724,
              -0.04906767432741841
            ],
            [
              -0.9991634599276488,
              -0.04089474716158358
            ],
            [
              -0.9994645874763657,
              -0.03271908282177645
            ],
            [
              -0.9996988186962042,
              -0.02454122852291277
            ],
            [
              -0.9998661379095618,
              -0.016361731626486995
            ],
            [
              -0.9999665339174011,
              -0.00818113960393752
            ],
            [
              -1.0,
              -1.2246467991473532e-16
            ],
            [
              -0.9999665339174011,
              0.008181139603936832
            ],
            [
              -0.9998661379095618,
              0.016361731626486308
            ],
            [
              -0.9996988186962042,
              0.02454122852291208
            ],
            [
              -0.9994645874763657,
              0.03271908282177576
            ],
            [
              -0.9993555402605903,
              0.03567973334069658
            ],
            [
              -0.9128290160523762,
              0.032590499142984085
            ]
          ]
        ]
      }
    },
    {
      "type": "Feature",
      "properties": {
        "cell_id": "NCEP2000_r017_c013",
        "method": "Harmonic",
        "view": "annulus"
      },
      "geometry": {
        "type": "Polygon",
        "coordinates": [
          [
            [
              -0.7880117336084226,
              -0.09893260083573273
            ],
            [
              -0.8096079250742201,
              -0.11101948898249914
            ],
            [
              -0.9009577689733614,
              -0.08709152800953301
            ],
            [
              -0.9198614979945123,
              -0.065434196511589
            ],
            [
              -0.9000847999070879,
              0.021380090645014248
            ],
            [
              -0.8413803346122177,
              0.04263329295988434
            ],
            [
              -0.7786440846510515,
              0.009898492863290725
            ],
            [
              -0.7880117336084226,
              -0.09893260083573273
            ]
          ]
        ]
      }
    },
    {
      "type": "Feature",
      "properties": {
        "cell_id": "NCEP2000_r017_c014",
        "method": "Harmonic",
        "view": "annulus"
      },
      "geometry": {
        "type": "Polygon",
        "coordinates": [
          [
            [
              -0.6672404794604156,
              -0.105245129275285
            ],
            [
              -0.6944520688818875,
              -0.12190976397798876
            ],
            [
              -0.7880117336084226,
              -0.0989326008357327
            ],
            [
              -0.7786440846510515,
              0.009898492863290718
            ],
            [
              -0.7292877871494756,
              0.032948329470520246
            ],
            [
              -0.6714276022349205,
              0.011995811597034126
            ],
            [
              -0.6672404794604156,
              -0.105245129275285
            ]
          ]
        ]
      }
    },
    {
      "type": "Feature",
      "properties": {
        "cell_id": "NCEP2000_r017_c015",
        "method": "Harmonic",
        "view": "annulus"
      },
      "geometry": {
        "type": "Polygon",
        "coordinates": [
          [
            [
              -0.5598823556399962,
              -0.1089003263843381
            ],
            [
              -0.5738778023639317,
              -0.11730933350890015
            ],
            [
              -0.6672404794604155,
              -0.10524512927528488
            ],
            [
              -0.6714276022349204,
              0.011995811597034126
            ],
            [
              -0.6191727264268103,
              0.03834304807539934
            ],
            [
              -0.5788142121058303,
              0.02791808279013526
            ],
            [
              -0.5598823556399962,
              -0.1089003263843381
            ]
          ]
        ]
      }
    },
    {
      "type": "Feature",
      "properties": {
        "cell_id": "NCEP2000_r017_c016",
        "method": "Harmonic",
        "view": "annulus"
      },
      "geometry": {
        "type": "Polygon",
        "coordinates": [
          [
            [
              -0.5598823556399961,
              -0.10890032638433808
            ],
            [
              -0.5788142121058301,
              0.02791808279013529
            ],
            [
              -0.5679687352840824,
              0.03258627280924785
            ],
            [
              -0.5240562110637496,
              -0.004635232594096636
            ],
            [
              -0.474681316719358,
              -0.07123975921714237
            ],
            [
              -0.47421263213103465,
              -0.07431271443942786
            ],
            [
              -0.4735887994007419,
              -0.07818982722940267
            ],
            [
              -0.47293326834669175,
              -0.08206170660494479
            ],
            [
              -0.47224608284499714,
              -0.08592809341278379
            ],
            [
              -0.47152728889047146,
              -0.0897887288672796
            ],
            [
              -0.4707769345935506,
              -0.09364335456774173
            ],
            [
              -0.46999507017707215,
              -0.09749171251572625
            ],
            [
              -0.46918174797291445,
              -0.10133354513230348
            ],
            [
              -0.4683370224184936,
              -0.10516859527529762
            ],
            [
              -0.4678626759811048,
              -0.10724125895353623
            ],
            [
              -0.5598823556399961,
              -0.10890032638433808
            ]
          ]
        ]
      }
    },
    {
      "type": "Feature",
      "properties": {
        "cell_id": "NCEP2000_r017_c017",
        "method": "Harmonic",
        "view": "annulus"
      },
      "geometry": {
        "type": "Polygon",
        "coordinates": [
          [
            [
              -0.5240562110637497,
              -0.0046352325940965805
            ],
            [
              -0.47998002829268166,
              -0.0042453825079975215
            ],
            [
              -0.47993574619658963,
              -0.007853631180713758
            ],
            [
              -0.47985543297417804,
              -0.011779789690998129
            ],
            [
              -0.4797430019886555,
              -0.015705159754452695
            ],
            [
              -0.4795984607652714,
              -0.019629478637560118
            ],
            [
              -0.47942181897848274,
              -0.023552483677160837
            ],
            [
              -0.4792130884513068,
              -0.027473912298033046
            ],
            [
              -0.47897228315452967,
              -0.03139350203046891
            ],
            [
              -0.4786994192057713,
              -0.03531099052784051
            ],
            [
              -0.47839451486840656,
              -0.03922611558416081
            ],
            [
              -0.47805759055034286,
              -0.043138615151632975
            ],
            [
              -0.4776886688026545,
              -0.04704822735818919
            ],
            [
              -0.4772877743180726,
              -0.05095469052501982
            ],
            [
              -0.47685493392933326,
              -0.05485774318408642
            ],
            [
              -0.47639017660738076,
              -0.05875712409562384
            ],
            [
              -0.475893533459429,
              -0.06265257226562496
            ],
            [
              -0.4753650377268791,
              -0.06654382696330892
            ],
            [
              -0.4748047247830948,
              -0.07043062773857388
            ],
            [
              -0.474681316719358,
              -0.0712397592171424
            ],
            [
              -0.5240562110637497,
              -0.0046352325940965805
            ]
          ]
        ]
      }
    },
    {
      "type": "Feature",
      "properties": {
        "cell_id": "NCEP2000_r017_c018",
        "method": "Harmonic",
        "view": "annulus"
      },
      "geometry": {
        "type": "Polygon",
        "coordinates": [
          [
            [
              -0.5240562110637497,
              -0.0046352325940965736
            ],
            [
              -0.5679687352840825,
              0.03258627280924783
            ],
            [
              -0.5150489929596124,
              0.07133525370412208
            ],
            [
              -0.4750827434933785,
              0.06850205665940086
            ],
            [
              -0.47536503772687916,
              0.06654382696330859
            ],
            [
              -0.47589353345942903,
              0.06265257226562464
            ],
            [
              -0.4763901766073808,
              0.05875712409562351
            ],
            [
              -0.4768549339293333,
              0.054857743184086094
            ],
            [
              -0.4772877743180727,
              0.0509546905250195
            ],
            [
              -0.4776886688026545,
              0.047048227358188865
            ],
            [
              -0.4780575905503429,
              0.04313861515163265
            ],
            [
              -0.47839451486840656,
              0.03922611558416048
            ],
            [
              -0.4786994192057713,
              0.03531099052784018
            ],
            [
              -0.47897228315452967,
              0.031393502030468576
            ],
            [
              -0.4792130884513068,
              0.027473912298032716
            ],
            [
              -0.47942181897848274,
              0.023552483677160507
            ],
            [
              -0.4795984607652714,
              0.019629478637559785
            ],
            [
              -0.4797430019886555,
              0.015705159754452365
            ],
            [
              -0.47985543297417804,
              0.011779789690997798
            ],
            [
              -0.47993574619658963,
              0.007853631180713428
            ],
            [
              -0.4799839362803525,
              0.003926947009889679
            ],
            [
              -0.48,
              -5.878304635907295e-17
            ],
            [
              -0.4799839362803525,
              -0.00392694700989001
            ],
            [
              -0.47998002829268166,
              -0.0042453825079975145
            ],
            [
              -0.5240562110637497,
              -0.0046352325940965736
            ]
          ]
        ]
      }
    },
    {
      "type": "Feature",
      "properties": {
        "cell_id": "NCEP2000_r017_c019",
        "method": "Harmonic",
        "view": "annulus"
      },
      "geometry": {
        "type": "Polygon",
        "coordinates": [
          [
            [
              0.5408032933328115,
              -0.008847864663338317
            ],
            [
              0.4799357657785014,
              -0.007852035583094295
            ],
            [
              0.4799839362803525,
              -0.003926947009889822
            ],
            [
              0.48,
              0.0
            ],
            [
              0.4799839362803525,
              0.003926947009890068
            ],
            [
              0.47993574619658963,
              0.00785363118071403
            ],
            [
              0.479855432974178,
              0.011779789690998401
            ],
            [
              0.4797430019886555,
              0.015705159754452754
            ],
            [
              0.4795984607652714,
              0.01962947863756039
            ],
            [
              0.4794218189784827,
              0.02355248367716111
            ],
            [
              0.4792130884513068,
              0.027473912298033105
            ],
            [
              0.47897228315452967,
              0.031393502030468964
            ],
            [
              0.47869941920577125,
              0.035310990527840785
            ],
            [
              0.47839451486840656,
              0.03922611558416087
            ],
            [
              0.47805759055034286,
              0.04313861515163304
            ],
            [
              0.4776886688026545,
              0.04704822735818947
            ],
            [
              0.4772877743180726,
              0.0509546905250201
            ],
            [
              0.47685493392933326,
              0.05485774318408648
            ],
            [
              0.4763901766073807,
              0.058757124095624114
            ],
            [
              0.4758935334594289,
              0.06265257226562523
            ],
            [
              0.4753650377268791,
              0.06654382696330896
            ],
            [
              0.4748047247830948,
              0.07043062773857395
            ],
            [
              0.47421263213103465,
              0.07431271443942812
            ],
            [
              0.4735887994007419,
              0.07818982722940272
            ],
            [
              0.4729332683466917,
              0.08206170660494484
            ],
            [
              0.4722460828449971,
              0.08592809341278407
            ],
            [
              0.472036867872973,
              0.08705178502638498
            ],
            [
              0.571191194181811,
              0.06462701592319005
            ],
            [
              0.5408032933328115,
              -0.008847864663338317
            ]
          ]
        ]
      }
    },
    {
      "type": "Feature",
      "properties": {
        "cell_id": "NCEP2000_r017_c020",
        "method": "Harmonic",
        "view": "annulus"
      },
      "geometry": {
        "type": "Polygon",
        "coordinates": [
          [
            [
              0.5408032933328115,
              -0.008847864663338317
            ],
            [
              0.4799357657785014,
              -0.007852035583094295
            ],
            [
              0.4799839362803525,
              -0.003926947009889822
            ],
            [
              0.48,
              0.0
            ],
            [
              0.4799839362803525,
              0.003926947009890068
            ],
            [
              0.47993574619658963,
              0.00785363118071403
            ],
            [
              0.479855432974178,
              0.011779789690998401
            ],
            [
              0.4797430019886555,
              0.015705159754452754
            ],
            [
              0.4795984607652714,
              0.01962947863756039
            ],
            [
              0.4794218189784827,
              0.02355248367716111
            ],
            [
              0.4792130884513068,
              0.027473912298033105
            ],
            [
              0.47897228315452967,
              0.031393502030468964
            ],
            [
              0.47869941920577125,
              0.035310990527840785
            ],
            [
              0.47839451486840656,
              0.03922611558416087
            ],
            [
              0.47805759055034286,
              0.04313861515163304
            ],
            [
              0.4776886688026545,
              0.04704822735818947
            ],
            [
              0.4772877743180726,
              0.0509546905250201
            ],
            [
              0.47685493392933326,
              0.05485774318408648
            ],
            [
              0.4763901766073807,
              0.058757124095624114
            ],
            [
              0.4758935334594289,
              0.06265257226562523
            ],
            [
              0.4753650377268791,
              0.06654382696330896
            ],
            [
              0.4748047247830948,
              0.07043062773857395
            ],
            [
              0.47421263213103465,
              0.07431271443942812
            ],
            [
              0.4735887994007419,
              0.07818982722940272
            ],
            [
              0.4729332683466917,
              0.08206170660494484
            ],
            [
              0.4722460828449971,
              0.08592809341278407
            ],
            [
              0.472036867872973,
              0.08705178502638498
            ],
            [
              0.571191194181811,
              0.06462701592319005
            ],
            [
              0.5408032933328115,
              -0.008847864663338317
            ]
          ]
        ]
      }
    },
    {
      "type": "Feature",
      "properties": {
        "cell_id": "NCEP2000_r017_c021",
        "method": "Harmonic",
        "view": "annulus"
      },
      "geometry": {
        "type": "Polygon",
        "coordinates": [
          [
            [
              0.4633905639014372,
              -0.1251651908086986
            ],
            [
              0.4636443966187528,
              -0.12423314164920995
            ],
            [
              0.4646452489323469,
              -0.1204358445173088
            ],
            [
              0.4656150015333811,
              -0.11663048635356664
            ],
            [
              0.4665535895142141,
              -0.1128173218588448
            ],
            [
              0.4674609500531201,
              -0.10899660625649914
            ],
            [
              0.4683370224184937,
              -0.10516859527529748
            ],
            [
              0.4691817479729145,
              -0.10133354513230326
            ],
            [
              0.46999507017707215,
              -0.09749171251572616
            ],
            [
              0.4707769345935506,
              -0.09364335456774156
            ],
            [
              0.4715272888904715,
              -0.08978872886727934
            ],
            [
              0.47224608284499714,
              -0.08592809341278368
            ],
            [
              0.47293326834669175,
              -0.08206170660494458
            ],
            [
              0.4735887994007419,
              -0.07818982722940258
            ],
            [
              0.4742126321310347,
              -0.07431271443942769
            ],
            [
              0.4748047247830949,
              -0.07043062773857364
            ],
            [
              0.47536503772687916,
              -0.0665438269633088
            ],
            [
              0.475893533459429,
              -0.06265257226562475
            ],
            [
              0.47639017660738076,
              -0.05875712409562377
            ],
            [
              0.47685493392933326,
              -0.05485774318408626
            ],
            [
              0.4772877743180727,
              -0.05095469052501959
            ],
            [
              0.4776886688026545,
              -0.04704822735818909
            ],
            [
              0.47805759055034286,
              -0.04313861515163278
            ],
            [
              0.47839451486840656,
              -0.03922611558416074
            ],
            [
              0.4786994192057713,
              -0.03531099052784036
            ],
            [
              0.47897228315452967,
              -0.031393502030468666
            ],
            [
              0.4792130884513068,
              -0.027473912298032938
            ],
            [
              0.47942181897848274,
              -0.023552483677160646
            ],
            [
              0.4795984607652714,
              -0.019629478637560052
            ],
            [
              0.4797430019886555,
              -0.015705159754452545
            ],
            [
              0.47985543297417804,
              -0.011779789690997898
            ],
            [
              0.47993574619658963,
              -0.007853631180713654
            ],
            [
              0.4799357657785014,
              -0.007852035583094144
            ],
            [
              0.5408032933328114,
              -0.008847864663338202
            ],
            [
              0.5217088768361581,
              -0.12264219125556605
            ],
            [
              0.4957896668900759,
              -0.13243433664031182
            ],
            [
              0.4633905639014372,
              -0.1251651908086986
            ]
          ]
        ]
      }
    },
    {
      "type": "Feature",
      "properties": {
        "cell_id": "NCEP2000_r017_c022",
        "method": "Harmonic",
        "view": "annulus"
      },
      "geometry": {
        "type": "Polygon",
        "coordinates": [
          [
            [
              0.6235608907780111,
              -0.11894143915179553
            ],
            [
              0.5217088768361581,
              -0.12264219125556604
            ],
            [
              0.5408032933328113,
              -0.008847864663338978
            ],
            [
              0.5711911941818111,
              0.06462701592319005
            ],
            [
              0.5793393935773321,
              0.06613311945769274
            ],
            [
              0.6316388983009387,
              0.04066546555415046
            ],
            [
              0.6235608907780111,
              -0.11894143915179553
            ]
          ]
        ]
      }
    },
    {
      "type": "Feature",
      "properties": {
        "cell_id": "NCEP2000_r017_c023",
        "method": "Harmonic",
        "view": "annulus"
      },
      "geometry": {
        "type": "Polygon",
        "coordinates": [
          [
            [
              0.7434198659679253,
              -0.11166070167586699
            ],
            [
              0.6427024253795738,
              -0.13005743549275323
            ],
            [
              0.623560890778011,
              -0.11894143915179554
            ],
            [
              0.6316388983009386,
              0.04066546555415049
            ],
            [
              0.6981978031671476,
              0.05478488505033039
            ],
            [
              0.7386649648559107,
              0.03584082617072944
            ],
            [
              0.7434198659679253,
              -0.11166070167586699
            ]
          ]
        ]
      }
    },
    {
      "type": "Feature",
      "properties": {
        "cell_id": "NCEP2000_r017_c024",
        "method": "Harmonic",
        "view": "annulus"
      },
      "geometry": {
        "type": "Polygon",
        "coordinates": [
          [
            [
              0.8590966518822654,
              -0.09909573343408937
            ],
            [
              0.7744756044205598,
              -0.12627825070420448
            ],
            [
              0.7434198659679253,
              -0.111660701675867
            ],
            [
              0.7386649648559107,
              0.03584082617072942
            ],
            [
              0.805131751853129,
              0.053877949799176435
            ],
            [
              0.842275283950649,
              0.0404384583310482
            ],
            [
              0.8590966518822654,
              -0.09909573343408937
            ]
          ]
        ]
      }
    },
    {
      "type": "Feature",
      "properties": {
        "cell_id": "NCEP2000_r017_c025",
        "method": "Harmonic",
        "view": "annulus"
      },
      "geometry": {
        "type": "Polygon",
        "coordinates": [
          [
            [
              0.9551603225358716,
              -0.07912577018269557
            ],
            [
              0.8871420773256582,
              -0.10751829238780634
            ],
            [
              0.8590966518822654,
              -0.0990957334340893
            ],
            [
              0.842275283950649,
              0.040438458331048165
            ],
            [
              0.8931055422484959,
              0.05812680886185498
            ],
            [
              0.9241159714233027,
              0.052031910383924684
            ],
            [
              0.9551603225358716,
              -0.07912577018269557
            ]
          ]
        ]
      }
    },
    {
      "type": "Feature",
      "properties": {
        "cell_id": "NCEP2000_r017_c026",
        "method": "Harmonic",
        "view": "annulus"
      },
      "geometry": {
        "type": "Polygon",
        "coordinates": [
          [
            [
              0.9551603225358714,
              -0.0791257701826956
            ],
            [
              0.9241159714233025,
              0.052031910383924705
            ],
            [
              0.9426248264007386,
              0.058741175829972514
            ],
            [
              0.99805599088218,
              0.06219545762700232
            ],
            [
              0.9983606009402225,
              0.05723731728756897
            ],
            [
              0.9987954562051723,
              0.04906767432741898
            ],
            [
              0.9991634599276488,
              0.040894747161584144
            ],
            [
              0.9994645874763657,
              0.032719082821776574
            ],
            [
              0.9996988186962041,
              0.024541228522913336
            ],
            [
              0.9998661379095618,
              0.016361731626487564
            ],
            [
              0.9999665339174011,
              0.008181139603937642
            ],
            [
              1.0,
              0.0
            ],
            [
              0.9999665339174011,
              -0.008181139603937128
            ],
            [
              0.9998661379095618,
              -0.01636173162648678
            ],
            [
              0.9996988186962042,
              -0.024541228522912288
            ],
            [
              0.9994645874763657,
              -0.03271908282177614
            ],
            [
              0.9991634599276488,
              -0.04089474716158344
            ],
            [
              0.9987954562051724,
              -0.049067674327418015
            ],
            [
              0.9983606009402225,
              -0.057237317287568625
            ],
            [
              0.9978589232386035,
              -0.06540312923014306
            ],
            [
              0.9972904566786902,
              -0.07356456359966743
            ],
            [
              0.9966552393091803,
              -0.0817210741336682
            ],
            [
              0.9965832315887327,
              -0.08255725650460816
            ],
            [
              0.9551603225358714,
              -0.0791257701826956
            ]
          ]
        ]
      }
    },
    {
      "type": "Feature",
      "properties": {
        "cell_id": "NCEP2000_r018_c005",
        "method": "Harmonic",
        "view": "annulus"
      },
      "geometry": {
        "type": "Polygon",
        "coordinates": [
          [
            [
              -0.9262755282254437,
              0.07174183574940605
            ],
            [
              -0.912829016052376,
              0.03259049914298405
            ],
            [
              -0.9993555402605903,
              0.03567973334069655
            ],
            [
              -0.9991634599276488,
              0.04089474716158289
            ],
            [
              -0.9987954562051724,
              0.049067674327417724
            ],
            [
              -0.9983606009402225,
              0.05723731728756816
            ],
            [
              -0.9978589232386035,
              0.06540312923014287
            ],
            [
              -0.9972904566786902,
              0.07356456359966705
            ],
            [
              -0.9970057741512324,
              0.07722003044536697
            ],
            [
              -0.9262755282254437,
              0.07174183574940605
            ]
          ]
        ]
      }
    },
    {
      "type": "Feature",
      "properties": {
        "cell_id": "NCEP2000_r018_c007",
        "method": "Harmonic",
        "view": "annulus"
      },
      "geometry": {
        "type": "Polygon",
        "coordinates": [
          [
            [
              -0.9315660974127103,
              0.09708881622221543
            ],
            [
              -0.9262755282254433,
              0.07174183574940604
            ],
            [
              -0.9970057741512324,
              0.07722003044536699
            ],
            [
              -0.9966552393091803,
              0.08172107413366768
            ],
            [
              -0.9959533136465478,
              0.08987211489923469
            ],
            [
              -0.9951847266721969,
              0.09801714032956015
            ],
            [
              -0.9946057525840563,
              0.10365887658899037
            ],
            [
              -0.9315660974127103,
              0.09708881622221543
            ]
          ]
        ]
      }
    },
    {
      "type": "Feature",
      "properties": {
        "cell_id": "NCEP2000_r018_c011",
        "method": "Harmonic",
        "view": "annulus"
      },
      "geometry": {
        "type": "Polygon",
        "coordinates": [
          [
            [
              -0.9251158182163652,
              0.11960592055512827
            ],
            [
              -0.9315660974127107,
              0.09708881622221549
            ],
            [
              -0.9946057525840563,
              0.10365887658899041
            ],
            [
              -0.9943495298293181,
              0.1061556052604573
            ],
            [
              -0.9934477790194445,
              0.11428696496684604
            ],
            [
              -0.9924795345987101,
              0.12241067519921565
            ],
            [
              -0.991738954056935,
              0.12821945989320277
            ],
            [
              -0.9251158182163652,
              0.11960592055512827
            ]
          ]
        ]
      }
    },
    {
      "type": "Feature",
      "properties": {
        "cell_id": "NCEP2000_r018_c012",
        "method": "Harmonic",
        "view": "annulus"
      },
      "geometry": {
        "type": "Polygon",
        "coordinates": [
          [
            [
              -0.8413803346122177,
              0.04263329295988425
            ],
            [
              -0.900084799907088,
              0.021380090645014116
            ],
            [
              -0.9128290160523762,
              0.032590499142984175
            ],
            [
              -0.9262755282254439,
              0.07174183574940685
            ],
            [
              -0.9315660974127103,
              0.09708881622221499
            ],
            [
              -0.9251158182163645,
              0.11960592055512909
            ],
            [
              -0.9223940545934832,
              0.12655033060295945
            ],
            [
              -0.918077234550505,
              0.13537930427003095
            ],
            [
              -0.9133563001893069,
              0.14248264208316339
            ],
            [
              -0.9096472426486382,
              0.1471640903843945
            ],
            [
              -0.8551026726466822,
              0.14796395279850158
            ],
            [
              -0.8306756680926396,
              0.12612629703359451
            ],
            [
              -0.8413803346122177,
              0.04263329295988425
            ]
          ]
        ]
      }
    },
    {
      "type": "Feature",
      "properties": {
        "cell_id": "NCEP2000_r018_c013",
        "method": "Harmonic",
        "view": "annulus"
      },
      "geometry": {
        "type": "Polygon",
        "coordinates": [
          [
            [
              -0.7292877871494756,
              0.032948329470520246
            ],
            [
              -0.7786440846510515,
              0.009898492863290718
            ],
            [
              -0.8413803346122177,
              0.04263329295988434
            ],
            [
              -0.8306756680926397,
              0.1261262970335945
            ],
            [
              -0.7650107511240871,
              0.14404419535327684
            ],
            [
              -0.7299837984697328,
              0.12226875079021456
            ],
            [
              -0.7292877871494756,
              0.032948329470520246
            ]
          ]
        ]
      }
    },
    {
      "type": "Feature",
      "properties": {
        "cell_id": "NCEP2000_r018_c014",
        "method": "Harmonic",
        "view": "annulus"
      },
      "geometry": {
        "type": "Polygon",
        "coordinates": [
          [
            [
              -0.6191727264268103,
              0.03834304807539933
            ],
            [
              -0.6714276022349204,
              0.011995811597034091
            ],
            [
              -0.7292877871494756,
              0.03294832947052026
            ],
            [
              -0.7299837984697328,
              0.1222687507902146
            ],
            [
              -0.6677182964530609,
              0.14824982354114988
            ],
            [
              -0.6355691318852771,
              0.13298237172852873
            ],
            [
              -0.6191727264268103,
              0.03834304807539933
            ]
          ]
        ]
      }
    },
    {
      "type": "Feature",
      "properties": {
        "cell_id": "NCEP2000_r018_c015",
        "method": "Harmonic",
        "view": "annulus"
      },
      "geometry": {
        "type": "Polygon",
        "coordinates": [
          [
            [
              -0.5150489929596124,
              0.07133525370412207
            ],
            [
              -0.5679687352840824,
              0.032586272809247877
            ],
            [
              -0.5788142121058302,
              0.02791808279013522
            ],
            [
              -0.6191727264268104,
              0.038343048075399365
            ],
            [
              -0.6355691318852772,
              0.13298237172852867
            ],
            [
              -0.5673436025175801,
              0.16622462671953472
            ],
            [
              -0.555363151207074,
              0.16129432934500584
            ],
            [
              -0.5150489929596124,
              0.07133525370412207
            ]
          ]
        ]
      }
    },
    {
      "type": "Feature",
      "properties": {
        "cell_id": "NCEP2000_r018_c016",
        "method": "Harmonic",
        "view": "annulus"
      },
      "geometry": {
        "type": "Polygon",
        "coordinates": [
          [
            [
              -0.5150489929596124,
              0.07133525370412211
            ],
            [
              -0.555363151207074,
              0.16129432934500584
            ],
            [
              -0.48931226765061103,
              0.19140509467120778
            ],
            [
              -0.4486097133310866,
              0.17072057000926635
            ],
            [
              -0.4492348448435164,
              0.16908002300219194
            ],
            [
              -0.4506030779855104,
              0.16539911157555837
            ],
            [
              -0.45194115128785,
              0.16170712962826544
            ],
            [
              -0.453248975190392,
              0.15800432427265856
            ],
            [
              -0.45452646215765075,
              0.15429094334551732
            ],
            [
              -0.45577352668465765,
              0.15056723539146777
            ],
            [
              -0.4569900853026837,
              0.1468334496463454
            ],
            [
              -0.4581760565848265,
              0.14308983602051495
            ],
            [
              -0.4593313611514603,
              0.1393366450821418
            ],
            [
              -0.460455921675549,
              0.13557412804042177
            ],
            [
              -0.46154966288782173,
              0.13180253672876738
            ],
            [
              -0.46261251158181116,
              0.12802212358795115
            ],
            [
              -0.46364439661875284,
              0.12423314164920976
            ],
            [
              -0.46464524893234693,
              0.12043584451730867
            ],
            [
              -0.46561500153338115,
              0.11663048635356642
            ],
            [
              -0.46655358951421416,
              0.11281732185884465
            ],
            [
              -0.4674609500531201,
              0.10899660625649905
            ],
            [
              -0.46833702241849373,
              0.1051685952752973
            ],
            [
              -0.4691817479729145,
              0.10133354513230315
            ],
            [
              -0.4699950701770722,
              0.09749171251572593
            ],
            [
              -0.47077693459355063,
              0.0936433545677414
            ],
            [
              -0.4715272888904715,
              0.08978872886727926
            ],
            [
              -0.4722460828449972,
              0.08592809341278347
            ],
            [
              -0.4729332683466918,
              0.08206170660494447
            ],
            [
              -0.47358879940074194,
              0.07818982722940233
            ],
            [
              -0.4742126321310347,
              0.07431271443942752
            ],
            [
              -0.4748047247830949,
              0.07043062773857356
            ],
            [
              -0.4750827434933785,
              0.06850205665940089
            ],
            [
              -0.5150489929596124,
              0.07133525370412211
            ]
          ]
        ]
      }
    },
    {
      "type": "Feature",
      "properties": {
        "cell_id": "NCEP2000_r018_c017",
        "method": "Harmonic",
        "view": "annulus"
      },
      "geometry": {
        "type": "Polygon",
        "coordinates": [
          [
            [
              -0.4893122676506111,
              0.19140509467120786
            ],
            [
              -0.4941995679612011,
              0.26148234211586435
            ],
            [
              -0.41737112190198533,
              0.2370643436737996
            ],
            [
              -0.4176417557321816,
              0.2365911322702961
            ],
            [
              -0.4195633639808443,
              0.23316642898384304
            ],
            [
              -0.4214568899451181,
              0.2297261193634467
            ],
            [
              -0.4233222068872105,
              0.22627043367647867
            ],
            [
              -0.4251591899574195,
              0.2227996032194646
            ],
            [
              -0.426967716202491,
              0.21931386030260167
            ],
            [
              -0.42874766457384744,
              0.215813438234211
            ],
            [
              -0.4304989159356904,
              0.2122985713051205
            ],
            [
              -0.4322213530729746,
              0.208769494772984
            ],
            [
              -0.43391486069925284,
              0.20522644484653527
            ],
            [
              -0.43557932546439304,
              0.20166965866977693
            ],
            [
              -0.4372146359621645,
              0.1980993743061093
            ],
            [
              -0.43882068273769476,
              0.19451583072239503
            ],
            [
              -0.44039735829479587,
              0.19091926777296508
            ],
            [
              -0.44194455710315894,
              0.1873099261835653
            ],
            [
              -0.44346217560541773,
              0.18368804753524282
            ],
            [
              -0.4449501122240799,
              0.18005387424817806
            ],
            [
              -0.44640826736832584,
              0.1764076495654576
            ],
            [
              -0.44783654344067475,
              0.17274961753679408
            ],
            [
              -0.4486097133310866,
              0.17072057000926638
            ],
            [
              -0.4893122676506111,
              0.19140509467120786
            ]
          ]
        ]
      }
    },
    {
      "type": "Feature",
      "properties": {
        "cell_id": "NCEP2000_r018_c018",
        "method": "Harmonic",
        "view": "annulus"
      },
      "geometry": {
        "type": "Polygon",
        "coordinates": [
          [
            [
              -0.37016114810410694,
              0.40171918767248427
            ],
            [
              -0.3243854948636769,
              0.39201415116503036
            ],
            [
              -0.30600754131004254,
              0.3698047183249276
            ],
            [
              -0.30753415677113344,
              0.36854137138056553
            ],
            [
              -0.3105389532167316,
              0.36601305787506627
            ],
            [
              -0.313522964617813,
              0.36346024632311247
            ],
            [
              -0.3164859912480331,
              0.3608831075899091
            ],
            [
              -0.31942783478560444,
              0.35828181416893123
            ],
            [
              -0.32234829832656897,
              0.35565654017038023
            ],
            [
              -0.3252471863979788,
              0.35300746130952876
            ],
            [
              -0.32812430497097833,
              0.35033475489496096
            ],
            [
              -0.33097946147379215,
              0.34763859981670403
            ],
            [
              -0.33381246480461374,
              0.3449191765342549
            ],
            [
              -0.3366231253443958,
              0.3421766670645022
            ],
            [
              -0.339411254969543,
              0.3394112549695426
            ],
            [
              -0.34217666706450245,
              0.33662312534439554
            ],
            [
              -0.3449191765342552,
              0.33381246480461346
            ],
            [
              -0.34763859981670425,
              0.330979461473792
            ],
            [
              -0.3503347548949612,
              0.32812430497097805
            ],
            [
              -0.35300746130952915,
              0.32524718639797834
            ],
            [
              -0.35565654017038045,
              0.3223482983265687
            ],
            [
              -0.35828181416893146,
              0.3194278347856042
            ],
            [
              -0.36088310758990927,
              0.3164859912480329
            ],
            [
              -0.3634602463231127,
              0.3135229646178127
            ],
            [
              -0.3660130578750665,
              0.3105389532167313
            ],
            [
              -0.36854137138056586,
              0.307534156771133
            ],
            [
              -0.3710450176141138,
              0.30450877639854973
            ],
            [
              -0.37184495596444495,
              0.3035258772211909
            ],
            [
              -0.37016114810410694,
              0.40171918767248427
            ]
          ]
        ]
      }
    },
    {
      "type": "Feature",
      "properties": {
        "cell_id": "NCEP2000_r018_c019",
        "method": "Harmonic",
        "view": "annulus"
      },
      "geometry": {
        "type": "Polygon",
        "coordinates": [
          [
            [
              -0.05538390739262003,
              0.5268311635236531
            ],
            [
              -0.03365215732984875,
              0.5538747637062224
            ],
            [
              0.07604565099792135,
              0.4739338002777276
            ],
            [
              0.0743127144394275,
              0.4742126321310347
            ],
            [
              0.07043062773857332,
              0.47480472478309493
            ],
            [
              0.06654382696330834,
              0.4753650377268792
            ],
            [
              0.06265257226562461,
              0.47589353345942903
            ],
            [
              0.05875712409562348,
              0.4763901766073808
            ],
            [
              0.05485774318408585,
              0.4768549339293333
            ],
            [
              0.05095469052501947,
              0.4772877743180727
            ],
            [
              0.047048227358188845,
              0.4776886688026545
            ],
            [
              0.043138615151632406,
              0.4780575905503429
            ],
            [
              0.03922611558416066,
              0.47839451486840656
            ],
            [
              0.03531099052784015,
              0.4786994192057713
            ],
            [
              0.03139350203046833,
              0.4789722831545297
            ],
            [
              0.0274739122980329,
              0.4792130884513068
            ],
            [
              0.023552483677160476,
              0.47942181897848274
            ],
            [
              0.019629478637559757,
              0.4795984607652714
            ],
            [
              0.015705159754452122,
              0.4797430019886555
            ],
            [
              0.01177978969099777,
              0.47985543297417804
            ],
            [
              0.007853631180713397,
              0.47993574619658963
            ],
            [
              0.003926947009889436,
              0.4799839362803525
            ],
            [
              -8.817456953860942e-17,
              0.48
            ],
            [
              -0.0039269470098900385,
              0.4799839362803525
            ],
            [
              -0.007853631180714,
              0.47993574619658963
            ],
            [
              -0.011779789690997947,
              0.47985543297417804
            ],
            [
              -0.015705159754452726,
              0.4797430019886555
            ],
            [
              -0.019629478637560357,
              0.4795984607652714
            ],
            [
              -0.02355248367716108,
              0.4794218189784827
            ],
            [
              -0.027473912298033077,
              0.4792130884513068
            ],
            [
              -0.03139350203046894,
              0.47897228315452967
            ],
            [
              -0.03531099052784076,
              0.4786994192057713
            ],
            [
              -0.039226115584160844,
              0.47839451486840656
            ],
            [
              -0.04313861515163301,
              0.47805759055034286
            ],
            [
              -0.04704822735818944,
              0.4776886688026545
            ],
            [
              -0.05095469052501964,
              0.4772877743180727
            ],
            [
              -0.05485774318408645,
              0.47685493392933326
            ],
            [
              -0.058757124095624086,
              0.47639017660738076
            ],
            [
              -0.058880296915742245,
              0.4763744729105387
            ],
            [
              -0.05538390739262003,
              0.5268311635236531
            ]
          ]
        ]
      }
    },
    {
      "type": "Feature",
      "properties": {
        "cell_id": "NCEP2000_r018_c020",
        "method": "Harmonic",
        "view": "annulus"
      },
      "geometry": {
        "type": "Polygon",
        "coordinates": [
          [
            [
              0.3474559140160364,
              0.3311697773709625
            ],
            [
              0.34491917653425486,
              0.3338124648046138
            ],
            [
              0.34217666706450206,
              0.336623125344396
            ],
            [
              0.3394112549695427,
              0.3394112549695429
            ],
            [
              0.33662312534439554,
              0.3421766670645025
            ],
            [
              0.33381246480461335,
              0.34491917653425536
            ],
            [
              0.33097946147379176,
              0.3476385998167045
            ],
            [
              0.32812430497097805,
              0.35033475489496124
            ],
            [
              0.32524718639797834,
              0.35300746130952915
            ],
            [
              0.32234829832656847,
              0.3556565401703807
            ],
            [
              0.31942783478560416,
              0.3582818141689315
            ],
            [
              0.31648599124803284,
              0.3608831075899093
            ],
            [
              0.31352296461781254,
              0.36346024632311286
            ],
            [
              0.3105389532167314,
              0.3660130578750664
            ],
            [
              0.307534156771133,
              0.36854137138056586
            ],
            [
              0.30450877639854956,
              0.37104501761411396
            ],
            [
              0.30146301459424,
              0.37352382900124725
            ],
            [
              0.298397075217637,
              0.3759776396297523
            ],
            [
              0.2953111634787006,
              0.3784062852607712
            ],
            [
              0.29220548592418555,
              0.38080960333979313
            ],
            [
              0.2890802504238152,
              0.3831874330075352
            ],
            [
              0.28780372179162683,
              0.3841422898494734
            ],
            [
              0.29015285071711205,
              0.3872777592553933
            ],
            [
              0.39784641781445224,
              0.41509046183542825
            ],
            [
              0.4110782472391556,
              0.39388508865454575
            ],
            [
              0.3474559140160364,
              0.3311697773709625
            ]
          ]
        ]
      }
    },
    {
      "type": "Feature",
      "properties": {
        "cell_id": "NCEP2000_r018_c021",
        "method": "Harmonic",
        "view": "annulus"
      },
      "geometry": {
        "type": "Polygon",
        "coordinates": [
          [
            [
              0.42475580023329285,
              0.28382830856700914
            ],
            [
              0.5335303495942504,
              0.22906977031586506
            ],
            [
              0.46071963793342613,
              0.13466474478248944
            ],
            [
              0.46045592167554883,
              0.13557412804042235
            ],
            [
              0.4593313611514601,
              0.13933664508214239
            ],
            [
              0.45817605658482635,
              0.14308983602051528
            ],
            [
              0.45699008530268354,
              0.14683344964634595
            ],
            [
              0.4557735266846574,
              0.15056723539146832
            ],
            [
              0.45452646215765063,
              0.15429094334551768
            ],
            [
              0.45324897519039187,
              0.15800432427265892
            ],
            [
              0.4519411512878498,
              0.161707129628266
            ],
            [
              0.4506030779855103,
              0.1653991115755587
            ],
            [
              0.4492348448435162,
              0.1690800230021923
            ],
            [
              0.44783654344067453,
              0.17274961753679463
            ],
            [
              0.4464082673683256,
              0.17640764956545815
            ],
            [
              0.4449501122240797,
              0.1800538742481784
            ],
            [
              0.4434621756054175,
              0.18368804753524337
            ],
            [
              0.4419445571031587,
              0.18730992618356587
            ],
            [
              0.44039735829479576,
              0.19091926777296545
            ],
            [
              0.43882068273769453,
              0.1945158307223954
            ],
            [
              0.4372146359621642,
              0.19809937430610983
            ],
            [
              0.4355793254643929,
              0.20166965866977726
            ],
            [
              0.43391486069925267,
              0.2052264448465356
            ],
            [
              0.4322213530729744,
              0.20876949477298454
            ],
            [
              0.4304989159356901,
              0.21229857130512106
            ],
            [
              0.4287476645738472,
              0.21581343823421134
            ],
            [
              0.42696771620249074,
              0.21931386030260222
            ],
            [
              0.4251591899574192,
              0.22279960321946515
            ],
            [
              0.4233222068872103,
              0.22627043367647903
            ],
            [
              0.42145688994511793,
              0.22972611936344703
            ],
            [
              0.41956336398084404,
              0.23316642898384357
            ],
            [
              0.4176417557321814,
              0.23659113227029643
            ],
            [
              0.4156921938165304,
              0.2400000000000002
            ],
            [
              0.4137148087222915,
              0.2433928040100565
            ],
            [
              0.41170973280013035,
              0.24676931721274686
            ],
            [
              0.40967710025412013,
              0.2501293136107314
            ],
            [
              0.4076170471327577,
              0.25347256831217696
            ],
            [
              0.40552971131985915,
              0.25679885754580706
            ],
            [
              0.4034152325253302,
              0.260107958675881
            ],
            [
              0.40127375227581424,
              0.2633996502170959
            ],
            [
              0.3991054139052215,
              0.2666737118494094
            ],
            [
              0.3990554040251483,
              0.2667478981776879
            ],
            [
              0.42475580023329285,
              0.28382830856700914
            ]
          ]
        ]
      }
    },
    {
      "type": "Feature",
      "properties": {
        "cell_id": "NCEP2000_r018_c022",
        "method": "Harmonic",
        "view": "annulus"
      },
      "geometry": {
        "type": "Polygon",
        "coordinates": [
          [
            [
              0.5335303495942503,
              0.22906977031586503
            ],
            [
              0.5480027896681394,
              0.23298435741222898
            ],
            [
              0.605559399444581,
              0.1977312835457769
            ],
            [
              0.5793393935773321,
              0.06613311945769274
            ],
            [
              0.5711911941818111,
              0.06462701592319006
            ],
            [
              0.472036867872973,
              0.08705178502638504
            ],
            [
              0.4715272888904714,
              0.08978872886727986
            ],
            [
              0.4707769345935505,
              0.09364335456774178
            ],
            [
              0.4699950701770721,
              0.09749171251572651
            ],
            [
              0.4691817479729144,
              0.10133354513230375
            ],
            [
              0.4683370224184936,
              0.10516859527529768
            ],
            [
              0.46746095005312005,
              0.10899660625649944
            ],
            [
              0.466553589514214,
              0.11281732185884524
            ],
            [
              0.4656150015333811,
              0.1166304863535668
            ],
            [
              0.4646452489323468,
              0.12043584451730907
            ],
            [
              0.4636443966187527,
              0.12423314164921034
            ],
            [
              0.462612511581811,
              0.12802212358795173
            ],
            [
              0.4615496628878216,
              0.13180253672876774
            ],
            [
              0.46071963793342613,
              0.13466474478248947
            ],
            [
              0.5335303495942503,
              0.22906977031586503
            ]
          ]
        ]
      }
    },
    {
      "type": "Feature",
      "properties": {
        "cell_id": "NCEP2000_r018_c023",
        "method": "Harmonic",
        "view": "annulus"
      },
      "geometry": {
        "type": "Polygon",
        "coordinates": [
          [
            [
              0.6981978031671477,
              0.0547848850503304
            ],
            [
              0.6316388983009386,
              0.04066546555415049
            ],
            [
              0.5793393935773321,
              0.0661331194576927
            ],
            [
              0.605559399444581,
              0.19773128354577682
            ],
            [
              0.6657412636774158,
              0.21088495525112658
            ],
            [
              0.7069319061993233,
              0.18777825446538815
            ],
            [
              0.6981978031671477,
              0.0547848850503304
            ]
          ]
        ]
      }
    },
    {
      "type": "Feature",
      "properties": {
        "cell_id": "NCEP2000_r018_c024",
        "method": "Harmonic",
        "view": "annulus"
      },
      "geometry": {
        "type": "Polygon",
        "coordinates": [
          [
            [
              0.8051317518531289,
              0.053877949799176414
            ],
            [
              0.7386649648559108,
              0.03584082617072943
            ],
            [
              0.6981978031671479,
              0.054784885050330384
            ],
            [
              0.7069319061993233,
              0.1877782544653882
            ],
            [
              0.7713575315753376,
              0.20121652074370286
            ],
            [
              0.8047993655544262,
              0.18488503272398055
            ],
            [
              0.8051317518531289,
              0.053877949799176414
            ]
          ]
        ]
      }
    },
    {
      "type": "Feature",
      "properties": {
        "cell_id": "NCEP2000_r018_c025",
        "method": "Harmonic",
        "view": "annulus"
      },
      "geometry": {
        "type": "Polygon",
        "coordinates": [
          [
            [
              0.8931055422484958,
              0.05812680886185501
            ],
            [
              0.8422752839506489,
              0.04043845833104818
            ],
            [
              0.805131751853129,
              0.05387794979917644
            ],
            [
              0.8047993655544262,
              0.18488503272398055
            ],
            [
              0.8579951590861518,
              0.1959547613729392
            ],
            [
              0.8900956929229378,
              0.18353092005800264
            ],
            [
              0.8931055422484958,
              0.05812680886185501
            ]
          ]
        ]
      }
    },
    {
      "type": "Feature",
      "properties": {
        "cell_id": "NCEP2000_r018_c026",
        "method": "Harmonic",
        "view": "annulus"
      },
      "geometry": {
        "type": "Polygon",
        "coordinates": [
          [
            [
              0.9426248264007386,
              0.05874117582997244
            ],
            [
              0.9241159714233027,
              0.05203191038392472
            ],
            [
              0.8931055422484959,
              0.05812680886185499
            ],
            [
              0.8900956929229379,
              0.18353092005800267
            ],
            [
              0.9014334851728323,
              0.18582860303868823
            ],
            [
              0.9538685566755526,
              0.17834641142119642
            ],
            [
              0.9426248264007386,
              0.05874117582997244
            ]
          ]
        ]
      }
    },
    {
      "type": "Feature",
      "properties": {
        "cell_id": "NCEP2000_r018_c027",
        "method": "Harmonic",
        "view": "annulus"
      },
      "geometry": {
        "type": "Polygon",
        "coordinates": [
          [
            [
              0.9426248264007386,
              0.0587411758299725
            ],
            [
              0.9538685566755526,
              0.17834641142119645
            ],
            [
              0.982958183333118,
              0.18378534793676904
            ],
            [
              0.9838460059270773,
              0.1790168612766335
            ],
            [
              0.9852776423889411,
              0.17096188876030177
            ],
            [
              0.986643332084879,
              0.162895473394589
            ],
            [
              0.9879429836063223,
              0.15481815508214192
            ],
            [
              0.9891765099647809,
              0.1467304744553624
            ],
            [
              0.9903438285976648,
              0.13863297284022702
            ],
            [
              0.9914448613738103,
              0.13052619222005257
            ],
            [
              0.9924795345987099,
              0.1224106751992169
            ],
            [
              0.9934477790194444,
              0.11428696496684684
            ],
            [
              0.994349529829318,
              0.10615560526045854
            ],
            [
              0.9951847266721968,
              0.0980171403295614
            ],
            [
              0.9959533136465477,
              0.0898721148992355
            ],
            [
              0.9966552393091803,
              0.08172107413366848
            ],
            [
              0.9972904566786901,
              0.0735645635996683
            ],
            [
              0.9978589232386035,
              0.06540312923014367
            ],
            [
              0.99805599088218,
              0.06219545762700231
            ],
            [
              0.9426248264007386,
              0.0587411758299725
            ]
          ]
        ]
      }
    },
    {
      "type": "Feature",
      "properties": {
        "cell_id": "NCEP2000_r019_c003",
        "method": "Harmonic",
        "view": "annulus"
      },
      "geometry": {
        "type": "Polygon",
        "coordinates": [
          [
            [
              -0.9251158182163652,
              0.11960592055512827
            ],
            [
              -0.9315660974127107,
              0.09708881622221549
            ],
            [
              -0.9946057525840563,
              0.10365887658899041
            ],
            [
              -0.9943495298293181,
              0.1061556052604573
            ],
            [
              -0.9934477790194445,
              0.11428696496684604
            ],
            [
              -0.9924795345987101,
              0.12241067519921565
            ],
            [
              -0.991738954056935,
              0.12821945989320277
            ],
            [
              -0.9251158182163652,
              0.11960592055512827
            ]
          ]
        ]
      }
    },
    {
      "type": "Feature",
      "properties": {
        "cell_id": "NCEP2000_r019_c004",
        "method": "Harmonic",
        "view": "annulus"
      },
      "geometry": {
        "type": "Polygon",
        "coordinates": [
          [
            [
              -0.9223940545934837,
              0.12655033060295875
            ],
            [
              -0.925115818216365,
              0.11960592055512823
            ],
            [
              -0.991738954056935,
              0.12821945989320274
            ],
            [
              -0.9914448613738105,
              0.13052619222005132
            ],
            [
              -0.9907118364675697,
              0.13592337224299425
            ],
            [
              -0.9223940545934837,
              0.12655033060295875
            ]
          ]
        ]
      }
    },
    {
      "type": "Feature",
      "properties": {
        "cell_id": "NCEP2000_r019_c005",
        "method": "Harmonic",
        "view": "annulus"
      },
      "geometry": {
        "type": "Polygon",
        "coordinates": [
          [
            [
              -0.9180772345505053,
              0.1353793042700303
            ],
            [
              -0.9223940545934834,
              0.12655033060295873
            ],
            [
              -0.9907118364675697,
              0.13592337224299425
            ],
            [
              -0.9903438285976649,
              0.13863297284022622
            ],
            [
              -0.9892988790668263,
              0.1458816196752348
            ],
            [
              -0.9180772345505053,
              0.1353793042700303
            ]
          ]
        ]
      }
    },
    {
      "type": "Feature",
      "properties": {
        "cell_id": "NCEP2000_r019_c006",
        "method": "Harmonic",
        "view": "annulus"
      },
      "geometry": {
        "type": "Polygon",
        "coordinates": [
          [
            [
              -0.9133563001893061,
              0.14248264208316436
            ],
            [
              -0.9180772345505053,
              0.1353793042700303
            ],
            [
              -0.9892988790668263,
              0.14588161967523477
            ],
            [
              -0.989176509964781,
              0.14673047445536158
            ],
            [
              -0.9879429836063224,
              0.15481815508214067
            ],
            [
              -0.9875036559183535,
              0.15754857129036803
            ],
            [
              -0.9133563001893061,
              0.14248264208316436
            ]
          ]
        ]
      }
    },
    {
      "type": "Feature",
      "properties": {
        "cell_id": "NCEP2000_r019_c007",
        "method": "Harmonic",
        "view": "annulus"
      },
      "geometry": {
        "type": "Polygon",
        "coordinates": [
          [
            [
              -0.9161199583656595,
              0.15887190940159496
            ],
            [
              -0.9096472426486382,
              0.14716409038439454
            ],
            [
              -0.9133563001893061,
              0.14248264208316436
            ],
            [
              -0.9875036559183535,
              0.15754857129036803
            ],
            [
              -0.9866433320848791,
              0.1628954733945882
            ],
            [
              -0.9855416535880179,
              0.16940251257163494
            ],
            [
              -0.9161199583656595,
              0.15887190940159496
            ]
          ]
        ]
      }
    },
    {
      "type": "Feature",
      "properties": {
        "cell_id": "NCEP2000_r019_c008",
        "method": "Harmonic",
        "view": "annulus"
      },
      "geometry": {
        "type": "Polygon",
        "coordinates": [
          [
            [
              -0.9336707230978092,
              0.17257369077677626
            ],
            [
              -0.9166986841740199,
              0.16070136248046807
            ],
            [
              -0.9161199583656594,
              0.15887190940159496
            ],
            [
              -0.9855416535880179,
              0.16940251257163497
            ],
            [
              -0.9852776423889413,
              0.17096188876030097
            ],
            [
              -0.9838460059270775,
              0.17901686127663224
            ],
            [
              -0.9833364674620654,
              0.1817535874984786
            ],
            [
              -0.9336707230978092,
              0.17257369077677626
            ]
          ]
        ]
      }
    },
    {
      "type": "Feature",
      "properties": {
        "cell_id": "NCEP2000_r019_c009",
        "method": "Harmonic",
        "view": "annulus"
      },
      "geometry": {
        "type": "Polygon",
        "coordinates": [
          [
            [
              -0.9531639739906294,
              0.20139136240146255
            ],
            [
              -0.94912879452655,
              0.19094032985116455
            ],
            [
              -0.9656564155484431,
              0.18726711061294204
            ],
            [
              -0.9817024273971375,
              0.19037886985503172
            ],
            [
              -0.9807852804032305,
              0.19509032201612792
            ],
            [
              -0.9791563962022338,
              0.20310773440776236
            ],
            [
              -0.978391338782342,
              0.2067215820738772
            ],
            [
              -0.9531639739906294,
              0.20139136240146255
            ]
          ]
        ]
      }
    },
    {
      "type": "Feature",
      "properties": {
        "cell_id": "NCEP2000_r019_c010",
        "method": "Harmonic",
        "view": "annulus"
      },
      "geometry": {
        "type": "Polygon",
        "coordinates": [
          [
            [
              -0.9419424284410567,
              0.21567353688739593
            ],
            [
              -0.9449761562859265,
              0.2052399208287988
            ],
            [
              -0.9531639739906292,
              0.2013913624014625
            ],
            [
              -0.9783913387823421,
              0.20672158207387717
            ],
            [
              -0.9774619749435719,
              0.21111155235896492
            ],
            [
              -0.9757021300385287,
              0.21910124015686938
            ],
            [
              -0.9747665717583277,
              0.2231891757107276
            ],
            [
              -0.9419424284410567,
              0.21567353688739593
            ]
          ]
        ]
      }
    },
    {
      "type": "Feature",
      "properties": {
        "cell_id": "NCEP2000_r019_c011",
        "method": "Harmonic",
        "view": "annulus"
      },
      "geometry": {
        "type": "Polygon",
        "coordinates": [
          [
            [
              -0.8465353703146548,
              0.21743143122856468
            ],
            [
              -0.8551026726466823,
              0.14796395279850152
            ],
            [
              -0.9096472426486382,
              0.1471640903843944
            ],
            [
              -0.916119958365659,
              0.15887190940159357
            ],
            [
              -0.9166986841740201,
              0.16070136248046857
            ],
            [
              -0.9169573526778505,
              0.18385233591154324
            ],
            [
              -0.9141231141457609,
              0.19619567906284796
            ],
            [
              -0.9021810878525003,
              0.21454229999521293
            ],
            [
              -0.8887658464492515,
              0.2228700030571579
            ],
            [
              -0.8679515525125288,
              0.22510177281763585
            ],
            [
              -0.8465353703146548,
              0.21743143122856468
            ]
          ]
        ]
      }
    },
    {
      "type": "Feature",
      "properties": {
        "cell_id": "NCEP2000_r019_c012",
        "method": "Harmonic",
        "view": "annulus"
      },
      "geometry": {
        "type": "Polygon",
        "coordinates": [
          [
            [
              -0.7639710164857412,
              0.21673243688403798
            ],
            [
              -0.7650107511240872,
              0.1440441953532768
            ],
            [
              -0.8306756680926396,
              0.12612629703359451
            ],
            [
              -0.8551026726466822,
              0.14796395279850158
            ],
            [
              -0.8465353703146546,
              0.2174314312285647
            ],
            [
              -0.83739684208761,
              0.22444473819496316
            ],
            [
              -0.7742752631743718,
              0.22564132601169776
            ],
            [
              -0.7639710164857412,
              0.21673243688403798
            ]
          ]
        ]
      }
    },
    {
      "type": "Feature",
      "properties": {
        "cell_id": "NCEP2000_r019_c013",
        "method": "Harmonic",
        "view": "annulus"
      },
      "geometry": {
        "type": "Polygon",
        "coordinates": [
          [
            [
              -0.667718296453061,
              0.1482498235411499
            ],
            [
              -0.7299837984697328,
              0.1222687507902146
            ],
            [
              -0.765010751124087,
              0.14404419535327678
            ],
            [
              -0.763971016485741,
              0.2167324368840379
            ],
            [
              -0.6968689415328844,
              0.2345817296210696
            ],
            [
              -0.6755807893059942,
              0.22048225314965708
            ],
            [
              -0.667718296453061,
              0.1482498235411499
            ]
          ]
        ]
      }
    },
    {
      "type": "Feature",
      "properties": {
        "cell_id": "NCEP2000_r019_c014",
        "method": "Harmonic",
        "view": "annulus"
      },
      "geometry": {
        "type": "Polygon",
        "coordinates": [
          [
            [
              -0.5673436025175801,
              0.1662246267195347
            ],
            [
              -0.6355691318852771,
              0.13298237172852875
            ],
            [
              -0.6677182964530609,
              0.14824982354114993
            ],
            [
              -0.6755807893059941,
              0.2204822531496571
            ],
            [
              -0.6104177555286917,
              0.24929586216166724
            ],
            [
              -0.5857968556123748,
              0.23581301447644454
            ],
            [
              -0.5673436025175801,
              0.1662246267195347
            ]
          ]
        ]
      }
    },
    {
      "type": "Feature",
      "properties": {
        "cell_id": "NCEP2000_r019_c015",
        "method": "Harmonic",
        "view": "annulus"
      },
      "geometry": {
        "type": "Polygon",
        "coordinates": [
          [
            [
              -0.4941995679612011,
              0.26148234211586435
            ],
            [
              -0.4893122676506111,
              0.1914050946712078
            ],
            [
              -0.555363151207074,
              0.16129432934500582
            ],
            [
              -0.56734360251758,
              0.16622462671953467
            ],
            [
              -0.5857968556123747,
              0.2358130144764446
            ],
            [
              -0.5188149899945329,
              0.2755032686073997
            ],
            [
              -0.4951242150306242,
              0.263366648593087
            ],
            [
              -0.4941995679612011,
              0.26148234211586435
            ]
          ]
        ]
      }
    },
    {
      "type": "Feature",
      "properties": {
        "cell_id": "NCEP2000_r019_c016",
        "method": "Harmonic",
        "view": "annulus"
      },
      "geometry": {
        "type": "Polygon",
        "coordinates": [
          [
            [
              -0.4941995679612012,
              0.2614823421158644
            ],
            [
              -0.49512421503062426,
              0.263366648593087
            ],
            [
              -0.42586404322847193,
              0.31998467056834756
            ],
            [
              -0.38012175430117107,
              0.2930943559155488
            ],
            [
              -0.38080960333979297,
              0.29220548592418577
            ],
            [
              -0.38318743300753516,
              0.28908025042381524
            ],
            [
              -0.3855396151107097,
              0.2859356661563678
            ],
            [
              -0.3878659922126752,
              0.2827719435956774
            ],
            [
              -0.39016640860397545,
              0.27958929449654474
            ],
            [
              -0.3924407103127603,
              0.27638793188056554
            ],
            [
              -0.3946887451150921,
              0.27316807002187105
            ],
            [
              -0.3969103625451343,
              0.2699299244327869
            ],
            [
              -0.3991054139052218,
              0.2666737118494089
            ],
            [
              -0.40127375227581447,
              0.2633996502170955
            ],
            [
              -0.40341523252533035,
              0.2601079586758806
            ],
            [
              -0.40552971131985943,
              0.2567988575458065
            ],
            [
              -0.40761704713275804,
              0.2534725683121764
            ],
            [
              -0.40967710025412024,
              0.25012931361073104
            ],
            [
              -0.4117097328001307,
              0.24676931721274634
            ],
            [
              -0.41371480872229177,
              0.24339280401005603
            ],
            [
              -0.4156921938165306,
              0.23999999999999988
            ],
            [
              -0.41737112190198533,
              0.2370643436737996
            ],
            [
              -0.4941995679612012,
              0.2614823421158644
            ]
          ]
        ]
      }
    },
    {
      "type": "Feature",
      "properties": {
        "cell_id": "NCEP2000_r019_c017",
        "method": "Harmonic",
        "view": "annulus"
      },
      "geometry": {
        "type": "Polygon",
        "coordinates": [
          [
            [
              -0.37016114810410694,
              0.40171918767248427
            ],
            [
              -0.3243854948636769,
              0.39201415116503036
            ],
            [
              -0.30600754131004254,
              0.3698047183249276
            ],
            [
              -0.30753415677113344,
              0.36854137138056553
            ],
            [
              -0.3105389532167316,
              0.36601305787506627
            ],
            [
              -0.313522964617813,
              0.36346024632311247
            ],
            [
              -0.3164859912480331,
              0.3608831075899091
            ],
            [
              -0.31942783478560444,
              0.35828181416893123
            ],
            [
              -0.32234829832656897,
              0.35565654017038023
            ],
            [
              -0.3252471863979788,
              0.35300746130952876
            ],
            [
              -0.32812430497097833,
              0.35033475489496096
            ],
            [
              -0.33097946147379215,
              0.34763859981670403
            ],
            [
              -0.33381246480461374,
              0.3449191765342549
            ],
            [
              -0.3366231253443958,
              0.3421766670645022
            ],
            [
              -0.339411254969543,
              0.3394112549695426
            ],
            [
              -0.34217666706450245,
              0.33662312534439554
            ],
            [
              -0.3449191765342552,
              0.33381246480461346
            ],
            [
              -0.34763859981670425,
              0.330979461473792
            ],
            [
              -0.3503347548949612,
              0.32812430497097805
            ],
            [
              -0.35300746130952915,
              0.32524718639797834
            ],
            [
              -0.35565654017038045,
              0.3223482983265687
            ],
            [
              -0.35828181416893146,
              0.3194278347856042
            ],
            [
              -0.36088310758990927,
              0.3164859912480329
            ],
            [
              -0.3634602463231127,
              0.3135229646178127
            ],
            [
              -0.3660130578750665,
              0.3105389532167313
            ],
            [
              -0.36854137138056586,
              0.307534156771133
            ],
            [
              -0.3710450176141138,
              0.30450877639854973
            ],
            [
              -0.37184495596444495,
              0.3035258772211909
            ],
            [
              -0.37016114810410694,
              0.40171918767248427
            ]
          ]
        ]
      }
    },
    {
      "type": "Feature",
      "properties": {
        "cell_id": "NCEP2000_r019_c018",
        "method": "Harmonic",
        "view": "annulus"
      },
      "geometry": {
        "type": "Polygon",
        "coordinates": [
          [
            [
              -0.19647329603375613,
              0.47477584087160707
            ],
            [
              -0.1835400480879041,
              0.44352277089899406
            ],
            [
              -0.18368804753524334,
              0.4434621756054175
            ],
            [
              -0.18730992618356584,
              0.4419445571031587
            ],
            [
              -0.19091926777296542,
              0.4403973582947958
            ],
            [
              -0.19451583072239537,
              0.4388206827376946
            ],
            [
              -0.1980993743061098,
              0.4372146359621642
            ],
            [
              -0.20166965866977724,
              0.4355793254643929
            ],
            [
              -0.20522644484653557,
              0.43391486069925267
            ],
            [
              -0.2087694947729845,
              0.4322213530729744
            ],
            [
              -0.21229857130512064,
              0.43049891593569034
            ],
            [
              -0.2158134382342113,
              0.4287476645738472
            ],
            [
              -0.2193138603026022,
              0.42696771620249074
            ],
            [
              -0.22279960321946513,
              0.42515918995741925
            ],
            [
              -0.226270433676479,
              0.42332220688721034
            ],
            [
              -0.229726119363447,
              0.42145688994511793
            ],
            [
              -0.23316642898384354,
              0.41956336398084404
            ],
            [
              -0.2365911322702964,
              0.41764175573218143
            ],
            [
              -0.2400000000000002,
              0.4156921938165304
            ],
            [
              -0.24284071668779933,
              0.41403657480088424
            ],
            [
              -0.2652888652681309,
              0.45231003518096874
            ],
            [
              -0.19647329603375613,
              0.47477584087160707
            ]
          ]
        ]
      }
    },
    {
      "type": "Feature",
      "properties": {
        "cell_id": "NCEP2000_r019_c019",
        "method": "Harmonic",
        "view": "annulus"
      },
      "geometry": {
        "type": "Polygon",
        "coordinates": [
          [
            [
              -0.05538390739262003,
              0.5268311635236531
            ],
            [
              -0.03365215732984875,
              0.5538747637062224
            ],
            [
              0.07604565099792135,
              0.4739338002777276
            ],
            [
              0.0743127144394275,
              0.4742126321310347
            ],
            [
              0.07043062773857332,
              0.47480472478309493
            ],
            [
              0.06654382696330834,
              0.4753650377268792
            ],
            [
              0.06265257226562461,
              0.47589353345942903
            ],
            [
              0.05875712409562348,
              0.4763901766073808
            ],
            [
              0.05485774318408585,
              0.4768549339293333
            ],
            [
              0.05095469052501947,
              0.4772877743180727
            ],
            [
              0.047048227358188845,
              0.4776886688026545
            ],
            [
              0.043138615151632406,
              0.4780575905503429
            ],
            [
              0.03922611558416066,
              0.47839451486840656
            ],
            [
              0.03531099052784015,
              0.4786994192057713
            ],
            [
              0.03139350203046833,
              0.4789722831545297
            ],
            [
              0.0274739122980329,
              0.4792130884513068
            ],
            [
              0.023552483677160476,
              0.47942181897848274
            ],
            [
              0.019629478637559757,
              0.4795984607652714
            ],
            [
              0.015705159754452122,
              0.4797430019886555
            ],
            [
              0.01177978969099777,
              0.47985543297417804
            ],
            [
              0.007853631180713397,
              0.47993574619658963
            ],
            [
              0.003926947009889436,
              0.4799839362803525
            ],
            [
              -8.817456953860942e-17,
              0.48
            ],
            [
              -0.0039269470098900385,
              0.4799839362803525
            ],
            [
              -0.007853631180714,
              0.47993574619658963
            ],
            [
              -0.011779789690997947,
              0.47985543297417804
            ],
            [
              -0.015705159754452726,
              0.4797430019886555
            ],
            [
              -0.019629478637560357,
              0.4795984607652714
            ],
            [
              -0.02355248367716108,
              0.4794218189784827
            ],
            [
              -0.027473912298033077,
              0.4792130884513068
            ],
            [
              -0.03139350203046894,
              0.47897228315452967
            ],
            [
              -0.03531099052784076,
              0.4786994192057713
            ],
            [
              -0.039226115584160844,
              0.47839451486840656
            ],
            [
              -0.04313861515163301,
              0.47805759055034286
            ],
            [
              -0.04704822735818944,
              0.4776886688026545
            ],
            [
              -0.05095469052501964,
              0.4772877743180727
            ],
            [
              -0.05485774318408645,
              0.47685493392933326
            ],
            [
              -0.058757124095624086,
              0.47639017660738076
            ],
            [
              -0.058880296915742245,
              0.4763744729105387
            ],
            [
              -0.05538390739262003,
              0.5268311635236531
            ]
          ]
        ]
      }
    },
    {
      "type": "Feature",
      "properties": {
        "cell_id": "NCEP2000_r019_c020",
        "method": "Harmonic",
        "view": "annulus"
      },
      "geometry": {
        "type": "Polygon",
        "coordinates": [
          [
            [
              0.28692503802134983,
              0.48726422943764597
            ],
            [
              0.2901528507171122,
              0.38727775925539343
            ],
            [
              0.2878037217916269,
              0.38414228984947335
            ],
            [
              0.2859356661563678,
              0.3855396151107097
            ],
            [
              0.2827719435956772,
              0.38786599221267537
            ],
            [
              0.2795892944965449,
              0.39016640860397533
            ],
            [
              0.27638793188056554,
              0.3924407103127603
            ],
            [
              0.2731680700218708,
              0.3946887451150922
            ],
            [
              0.26992992443278707,
              0.3969103625451342
            ],
            [
              0.26667371184940886,
              0.3991054139052218
            ],
            [
              0.2633996502170954,
              0.4012737522758146
            ],
            [
              0.26010795867588044,
              0.40341523252533046
            ],
            [
              0.2567988575458065,
              0.40552971131985943
            ],
            [
              0.25347256831217635,
              0.40761704713275804
            ],
            [
              0.2501293136107309,
              0.4096771002541204
            ],
            [
              0.24676931721274634,
              0.4117097328001307
            ],
            [
              0.24339280401005597,
              0.41371480872229177
            ],
            [
              0.23999999999999966,
              0.4156921938165307
            ],
            [
              0.23659113227029624,
              0.4176417557321815
            ],
            [
              0.23316642898384304,
              0.4195633639808443
            ],
            [
              0.22972611936344647,
              0.42145688994511826
            ],
            [
              0.22627043367647845,
              0.4233222068872106
            ],
            [
              0.22279960321946457,
              0.4251591899574195
            ],
            [
              0.21931386030260164,
              0.426967716202491
            ],
            [
              0.21581343823421079,
              0.42874766457384755
            ],
            [
              0.21229857130512048,
              0.43049891593569045
            ],
            [
              0.20876949477298398,
              0.4322213530729746
            ],
            [
              0.20522644484653504,
              0.43391486069925295
            ],
            [
              0.20184669571233874,
              0.4354964776616788
            ],
            [
              0.24196052211363803,
              0.5180053459140785
            ],
            [
              0.28692503802134983,
              0.48726422943764597
            ]
          ]
        ]
      }
    },
    {
      "type": "Feature",
      "properties": {
        "cell_id": "NCEP2000_r019_c021",
        "method": "Harmonic",
        "view": "annulus"
      },
      "geometry": {
        "type": "Polygon",
        "coordinates": [
          [
            [
              0.41107824723915565,
              0.39388508865454586
            ],
            [
              0.4477471502412368,
              0.3538441742383983
            ],
            [
              0.42475580023329285,
              0.2838283085670092
            ],
            [
              0.3990554040251482,
              0.26674789817768796
            ],
            [
              0.39691036254513407,
              0.2699299244327872
            ],
            [
              0.3946887451150919,
              0.2731680700218714
            ],
            [
              0.39244071031275995,
              0.2763879318805661
            ],
            [
              0.3901664086039752,
              0.27958929449654507
            ],
            [
              0.387865992212675,
              0.2827719435956777
            ],
            [
              0.38553961511070933,
              0.2859356661563683
            ],
            [
              0.38318743300753483,
              0.28908025042381574
            ],
            [
              0.38080960333979275,
              0.292205485924186
            ],
            [
              0.3784062852607708,
              0.2953111634787011
            ],
            [
              0.3759776396297519,
              0.29839707521763753
            ],
            [
              0.37352382900124687,
              0.3014630145942405
            ],
            [
              0.37104501761411357,
              0.30450877639855006
            ],
            [
              0.3685413713805655,
              0.30753415677113344
            ],
            [
              0.3660130578750662,
              0.3105389532167316
            ],
            [
              0.3634602463231124,
              0.313522964617813
            ],
            [
              0.36088310758990894,
              0.3164859912480333
            ],
            [
              0.3582818141689311,
              0.3194278347856046
            ],
            [
              0.3556565401703802,
              0.32234829832656897
            ],
            [
              0.35300746130952876,
              0.32524718639797884
            ],
            [
              0.3503347548949608,
              0.32812430497097855
            ],
            [
              0.347638599816704,
              0.3309794614737922
            ],
            [
              0.34745591401603637,
              0.33116977737096254
            ],
            [
              0.41107824723915565,
              0.39388508865454586
            ]
          ]
        ]
      }
    },
    {
      "type": "Feature",
      "properties": {
        "cell_id": "NCEP2000_r019_c022",
        "method": "Harmonic",
        "view": "annulus"
      },
      "geometry": {
        "type": "Polygon",
        "coordinates": [
          [
            [
              0.5480027896681394,
              0.232984357412229
            ],
            [
              0.5335303495942503,
              0.22906977031586506
            ],
            [
              0.42475580023329285,
              0.283828308567009
            ],
            [
              0.4477471502412369,
              0.3538441742383983
            ],
            [
              0.5254789845217906,
              0.3730946596128513
            ],
            [
              0.5672811446556588,
              0.3398552359568372
            ],
            [
              0.5480027896681394,
              0.232984357412229
            ]
          ]
        ]
      }
    },
    {
      "type": "Feature",
      "properties": {
        "cell_id": "NCEP2000_r019_c023",
        "method": "Harmonic",
        "view": "annulus"
      },
      "geometry": {
        "type": "Polygon",
        "coordinates": [
          [
            [
              0.6657412636774157,
              0.21088495525112658
            ],
            [
              0.6055593994445811,
              0.19773128354577685
            ],
            [
              0.5480027896681394,
              0.232984357412229
            ],
            [
              0.5672811446556588,
              0.3398552359568372
            ],
            [
              0.6465496372160466,
              0.3542014739150748
            ],
            [
              0.6772040173142845,
              0.33277306822810687
            ],
            [
              0.6657412636774157,
              0.21088495525112658
            ]
          ]
        ]
      }
    },
    {
      "type": "Feature",
      "properties": {
        "cell_id": "NCEP2000_r019_c024",
        "method": "Harmonic",
        "view": "annulus"
      },
      "geometry": {
        "type": "Polygon",
        "coordinates": [
          [
            [
              0.7713575315753377,
              0.2012165207437029
            ],
            [
              0.7069319061993232,
              0.1877782544653882
            ],
            [
              0.6657412636774157,
              0.2108849552511266
            ],
            [
              0.6772040173142845,
              0.3327730682281068
            ],
            [
              0.7568785410887877,
              0.34319059420706116
            ],
            [
              0.7795556390762225,
              0.328296638982239
            ],
            [
              0.7713575315753377,
              0.2012165207437029
            ]
          ]
        ]
      }
    },
    {
      "type": "Feature",
      "properties": {
        "cell_id": "NCEP2000_r019_c025",
        "method": "Harmonic",
        "view": "annulus"
      },
      "geometry": {
        "type": "Polygon",
        "coordinates": [
          [
            [
              0.8579951590861518,
              0.19595476137293918
            ],
            [
              0.8047993655544263,
              0.18488503272398052
            ],
            [
              0.7713575315753377,
              0.20121652074370286
            ],
            [
              0.7795556390762225,
              0.32829663898223893
            ],
            [
              0.8402389933531733,
              0.33270581880985467
            ],
            [
              0.8645166861308979,
              0.3063563363698554
            ],
            [
              0.8681921007726742,
              0.2985667969804128
            ],
            [
              0.8579951590861518,
              0.19595476137293918
            ]
          ]
        ]
      }
    },
    {
      "type": "Feature",
      "properties": {
        "cell_id": "NCEP2000_r019_c026",
        "method": "Harmonic",
        "view": "annulus"
      },
      "geometry": {
        "type": "Polygon",
        "coordinates": [
          [
            [
              0.9357562110289527,
              0.2727516859686856
            ],
            [
              0.9014334851728323,
              0.18582860303868823
            ],
            [
              0.8900956929229378,
              0.18353092005800264
            ],
            [
              0.8579951590861518,
              0.1959547613729392
            ],
            [
              0.8681921007726742,
              0.29856679698041255
            ],
            [
              0.9357562110289527,
              0.2727516859686856
            ]
          ]
        ]
      }
    },
    {
      "type": "Feature",
      "properties": {
        "cell_id": "NCEP2000_r019_c027",
        "method": "Harmonic",
        "view": "annulus"
      },
      "geometry": {
        "type": "Polygon",
        "coordinates": [
          [
            [
              0.9538685566755527,
              0.17834641142119648
            ],
            [
              0.9014334851728323,
              0.18582860303868826
            ],
            [
              0.9357562110289527,
              0.2727516859686855
            ],
            [
              0.9600417205755073,
              0.2798303605159244
            ],
            [
              0.9615617976829618,
              0.2745886181849328
            ],
            [
              0.9637760657954396,
              0.2667127574748994
            ],
            [
              0.9659258262890681,
              0.25881904510252157
            ],
            [
              0.9680109352757226,
              0.25090800941106056
            ],
            [
              0.970031253194544,
              0.24298017990326418
            ],
            [
              0.9719866448212792,
              0.23503608720592759
            ],
            [
              0.9738769792773335,
              0.22707626303437384
            ],
            [
              0.9757021300385285,
              0.21910124015687016
            ],
            [
              0.9774619749435717,
              0.21111155235896614
            ],
            [
              0.9791563962022336,
              0.20310773440776358
            ],
            [
              0.9807852804032303,
              0.19509032201612872
            ],
            [
              0.9823485185218155,
              0.18705985180683304
            ],
            [
              0.982958183333118,
              0.18378534793676904
            ],
            [
              0.9538685566755527,
              0.17834641142119648
            ]
          ]
        ]
      }
    },
    {
      "type": "Feature",
      "properties": {
        "cell_id": "NCEP2000_r020_c003",
        "method": "Harmonic",
        "view": "annulus"
      },
      "geometry": {
        "type": "Polygon",
        "coordinates": [
          [
            [
              -0.9656564155484428,
              0.18726711061294204
            ],
            [
              -0.9379370635084601,
              0.17627881500030185
            ],
            [
              -0.933670723097809,
              0.17257369077677626
            ],
            [
              -0.9833364674620654,
              0.18175358749847864
            ],
            [
              -0.9823485185218157,
              0.1870598518068318
            ],
            [
              -0.9817024273971375,
              0.19037886985503177
            ],
            [
              -0.9656564155484428,
              0.18726711061294204
            ]
          ]
        ]
      }
    },
    {
      "type": "Feature",
      "properties": {
        "cell_id": "NCEP2000_r020_c004",
        "method": "Harmonic",
        "view": "annulus"
      },
      "geometry": {
        "type": "Polygon",
        "coordinates": [
          [
            [
              -0.93793706350846,
              0.17627881500030188
            ],
            [
              -0.9656564155484427,
              0.18726711061294207
            ],
            [
              -0.9491287945265501,
              0.19094032985116452
            ],
            [
              -0.93793706350846,
              0.17627881500030188
            ]
          ]
        ]
      }
    },
    {
      "type": "Feature",
      "properties": {
        "cell_id": "NCEP2000_r020_c005",
        "method": "Harmonic",
        "view": "annulus"
      },
      "geometry": {
        "type": "Polygon",
        "coordinates": [
          [
            [
              -0.9166986841740201,
              0.16070136248046818
            ],
            [
              -0.9336707230978092,
              0.17257369077677626
            ],
            [
              -0.9379370635084601,
              0.17627881500030199
            ],
            [
              -0.94912879452655,
              0.1909403298511644
            ],
            [
              -0.9531639739906292,
              0.20139136240146227
            ],
            [
              -0.9449761562859262,
              0.20523992082879872
            ],
            [
              -0.9169573526778505,
              0.18385233591154343
            ],
            [
              -0.9166986841740201,
              0.16070136248046818
            ]
          ]
        ]
      }
    },
    {
      "type": "Feature",
      "properties": {
        "cell_id": "NCEP2000_r020_c006",
        "method": "Harmonic",
        "view": "annulus"
      },
      "geometry": {
        "type": "Polygon",
        "coordinates": [
          [
            [
              -0.9449761562859261,
              0.2052399208287986
            ],
            [
              -0.9419424284410562,
              0.21567353688739627
            ],
            [
              -0.9365336178167077,
              0.220023979185199
            ],
            [
              -0.914123114145761,
              0.19619567906284757
            ],
            [
              -0.9169573526778505,
              0.18385233591154346
            ],
            [
              -0.9449761562859261,
              0.2052399208287986
            ]
          ]
        ]
      }
    },
    {
      "type": "Feature",
      "properties": {
        "cell_id": "NCEP2000_r020_c007",
        "method": "Harmonic",
        "view": "annulus"
      },
      "geometry": {
        "type": "Polygon",
        "coordinates": [
          [
            [
              -0.9021810878525003,
              0.21454229999521313
            ],
            [
              -0.9141231141457611,
              0.19619567906284774
            ],
            [
              -0.9365336178167077,
              0.22002397918519911
            ],
            [
              -0.9353884943628474,
              0.22582330502317474
            ],
            [
              -0.9335371762333403,
              0.22853275652718094
            ],
            [
              -0.9256094286852414,
              0.231290837577974
            ],
            [
              -0.9021810878525003,
              0.21454229999521313
            ]
          ]
        ]
      }
    },
    {
      "type": "Feature",
      "properties": {
        "cell_id": "NCEP2000_r020_c008",
        "method": "Harmonic",
        "view": "annulus"
      },
      "geometry": {
        "type": "Polygon",
        "coordinates": [
          [
            [
              -0.8887658464492517,
              0.2228700030571579
            ],
            [
              -0.9021810878525002,
              0.2145422999952131
            ],
            [
              -0.9256094286852415,
              0.23129083757797408
            ],
            [
              -0.9207422027730805,
              0.24167513623228284
            ],
            [
              -0.907315808385255,
              0.24470066469641544
            ],
            [
              -0.8887658464492517,
              0.2228700030571579
            ]
          ]
        ]
      }
    },
    {
      "type": "Feature",
      "properties": {
        "cell_id": "NCEP2000_r020_c009",
        "method": "Harmonic",
        "view": "annulus"
      },
      "geometry": {
        "type": "Polygon",
        "coordinates": [
          [
            [
              -0.8834173473489102,
              0.26000189305845434
            ],
            [
              -0.8679515525125286,
              0.22510177281763566
            ],
            [
              -0.8887658464492514,
              0.22287000305715765
            ],
            [
              -0.9073158083852548,
              0.2447006646964154
            ],
            [
              -0.9057416920305789,
              0.25326216723141404
            ],
            [
              -0.8862507570668011,
              0.261151859190833
            ],
            [
              -0.8834173473489102,
              0.26000189305845434
            ]
          ]
        ]
      }
    },
    {
      "type": "Feature",
      "properties": {
        "cell_id": "NCEP2000_r020_c010",
        "method": "Harmonic",
        "view": "annulus"
      },
      "geometry": {
        "type": "Polygon",
        "coordinates": [
          [
            [
              -0.8393176831782607,
              0.2731304264036843
            ],
            [
              -0.8373968420876101,
              0.2244447381949632
            ],
            [
              -0.8465353703146546,
              0.21743143122856476
            ],
            [
              -0.8679515525125288,
              0.225101772817636
            ],
            [
              -0.8834173473489101,
              0.2600018930584543
            ],
            [
              -0.8684881520622322,
              0.27645772811704217
            ],
            [
              -0.8393176831782607,
              0.2731304264036843
            ]
          ]
        ]
      }
    },
    {
      "type": "Feature",
      "properties": {
        "cell_id": "NCEP2000_r020_c011",
        "method": "Harmonic",
        "view": "annulus"
      },
      "geometry": {
        "type": "Polygon",
        "coordinates": [
          [
            [
              -0.7767327946242326,
              0.28494978779837166
            ],
            [
              -0.7742752631743717,
              0.22564132601169778
            ],
            [
              -0.8373968420876101,
              0.2244447381949632
            ],
            [
              -0.8393176831782607,
              0.27313042640368423
            ],
            [
              -0.837829116084063,
              0.27593825548323003
            ],
            [
              -0.8105237386130696,
              0.2922686697205633
            ],
            [
              -0.7767327946242326,
              0.28494978779837166
            ]
          ]
        ]
      }
    },
    {
      "type": "Feature",
      "properties": {
        "cell_id": "NCEP2000_r020_c012",
        "method": "Harmonic",
        "view": "annulus"
      },
      "geometry": {
        "type": "Polygon",
        "coordinates": [
          [
            [
              -0.7032038066878329,
              0.29685215013262667
            ],
            [
              -0.6968689415328844,
              0.23458172962106963
            ],
            [
              -0.7639710164857411,
              0.21673243688403787
            ],
            [
              -0.7742752631743718,
              0.22564132601169778
            ],
            [
              -0.7767327946242327,
              0.28494978779837166
            ],
            [
              -0.767131412118303,
              0.29557260991574735
            ],
            [
              -0.7086219581727214,
              0.30112252935244593
            ],
            [
              -0.7032038066878329,
              0.29685215013262667
            ]
          ]
        ]
      }
    },
    {
      "type": "Feature",
      "properties": {
        "cell_id": "NCEP2000_r020_c013",
        "method": "Harmonic",
        "view": "annulus"
      },
      "geometry": {
        "type": "Polygon",
        "coordinates": [
          [
            [
              -0.6104177555286917,
              0.2492958621616672
            ],
            [
              -0.6755807893059942,
              0.2204822531496571
            ],
            [
              -0.6968689415328845,
              0.23458172962106963
            ],
            [
              -0.703203806687833,
              0.2968521501326267
            ],
            [
              -0.6391129771520445,
              0.3181180012724297
            ],
            [
              -0.6212265126489279,
              0.3065105768095642
            ],
            [
              -0.6104177555286917,
              0.2492958621616672
            ]
          ]
        ]
      }
    },
    {
      "type": "Feature",
      "properties": {
        "cell_id": "NCEP2000_r020_c014",
        "method": "Harmonic",
        "view": "annulus"
      },
      "geometry": {
        "type": "Polygon",
        "coordinates": [
          [
            [
              -0.5188149899945329,
              0.2755032686073997
            ],
            [
              -0.5857968556123749,
              0.23581301447644457
            ],
            [
              -0.6104177555286917,
              0.2492958621616672
            ],
            [
              -0.6212265126489279,
              0.3065105768095641
            ],
            [
              -0.5602543911464978,
              0.3392951657164897
            ],
            [
              -0.533165355166347,
              0.32406850779136886
            ],
            [
              -0.5188149899945329,
              0.2755032686073997
            ]
          ]
        ]
      }
    },
    {
      "type": "Feature",
      "properties": {
        "cell_id": "NCEP2000_r020_c015",
        "method": "Harmonic",
        "view": "annulus"
      },
      "geometry": {
        "type": "Polygon",
        "coordinates": [
          [
            [
              -0.42586404322847193,
              0.3199846705683476
            ],
            [
              -0.4951242150306243,
              0.263366648593087
            ],
            [
              -0.5188149899945329,
              0.27550326860739965
            ],
            [
              -0.533165355166347,
              0.32406850779136875
            ],
            [
              -0.4748255783496758,
              0.3687143805253378
            ],
            [
              -0.43785530385034716,
              0.3490866029651193
            ],
            [
              -0.42586404322847193,
              0.3199846705683476
            ]
          ]
        ]
      }
    },
    {
      "type": "Feature",
      "properties": {
        "cell_id": "NCEP2000_r020_c016",
        "method": "Harmonic",
        "view": "annulus"
      },
      "geometry": {
        "type": "Polygon",
        "coordinates": [
          [
            [
              -0.42586404322847204,
              0.3199846705683476
            ],
            [
              -0.4378553038503472,
              0.3490866029651192
            ],
            [
              -0.38476764437109445,
              0.4099961118585135
            ],
            [
              -0.370161148104107,
              0.40171918767248427
            ],
            [
              -0.371844955964445,
              0.30352587722119084
            ],
            [
              -0.3735238290012471,
              0.30146301459424024
            ],
            [
              -0.3759776396297523,
              0.29839707521763703
            ],
            [
              -0.3784062852607712,
              0.2953111634787006
            ],
            [
              -0.3801217543011711,
              0.2930943559155487
            ],
            [
              -0.42586404322847204,
              0.3199846705683476
            ]
          ]
        ]
      }
    },
    {
      "type": "Feature",
      "properties": {
        "cell_id": "NCEP2000_r020_c017",
        "method": "Harmonic",
        "view": "annulus"
      },
      "geometry": {
        "type": "Polygon",
        "coordinates": [
          [
            [
              -0.28246074105907804,
              0.46710576273429977
            ],
            [
              -0.2652888652681311,
              0.4523100351809688
            ],
            [
              -0.24284071668779947,
              0.4140365748008842
            ],
            [
              -0.2433928040100565,
              0.4137148087222915
            ],
            [
              -0.24676931721274645,
              0.41170973280013057
            ],
            [
              -0.2501293136107314,
              0.40967710025412013
            ],
            [
              -0.2534725683121769,
              0.4076170471327577
            ],
            [
              -0.25679885754580667,
              0.4055297113198593
            ],
            [
              -0.26010795867588093,
              0.4034152325253302
            ],
            [
              -0.2633996502170958,
              0.40127375227581424
            ],
            [
              -0.2666737118494094,
              0.3991054139052215
            ],
            [
              -0.2699299244327871,
              0.39691036254513407
            ],
            [
              -0.2731680700218713,
              0.39468874511509194
            ],
            [
              -0.27638793188056604,
              0.39244071031275995
            ],
            [
              -0.27958929449654507,
              0.3901664086039752
            ],
            [
              -0.28277194359567764,
              0.387865992212675
            ],
            [
              -0.2859356661563683,
              0.38553961511070933
            ],
            [
              -0.28908025042381535,
              0.3831874330075351
            ],
            [
              -0.292205485924186,
              0.38080960333979275
            ],
            [
              -0.29531116347870107,
              0.3784062852607708
            ],
            [
              -0.2983970752176375,
              0.3759776396297519
            ],
            [
              -0.30146301459424046,
              0.37352382900124687
            ],
            [
              -0.30450877639855,
              0.37104501761411357
            ],
            [
              -0.30600754131004254,
              0.3698047183249277
            ],
            [
              -0.3243854948636769,
              0.39201415116503047
            ],
            [
              -0.2994764827937236,
              0.4633257677100607
            ],
            [
              -0.28246074105907804,
              0.46710576273429977
            ]
          ]
        ]
      }
    },
    {
      "type": "Feature",
      "properties": {
        "cell_id": "NCEP2000_r020_c018",
        "method": "Harmonic",
        "view": "annulus"
      },
      "geometry": {
        "type": "Polygon",
        "coordinates": [
          [
            [
              -0.19647329603375613,
              0.47477584087160657
            ],
            [
              -0.19753541150058884,
              0.5009122298648475
            ],
            [
              -0.15847034282752842,
              0.5262963216239542
            ],
            [
              -0.11464461548986427,
              0.4661038119497001
            ],
            [
              -0.11663048635356678,
              0.4656150015333811
            ],
            [
              -0.12043584451730904,
              0.4646452489323468
            ],
            [
              -0.12423314164921033,
              0.4636443966187527
            ],
            [
              -0.1280221235879513,
              0.4626125115818111
            ],
            [
              -0.1318025367287677,
              0.4615496628878216
            ],
            [
              -0.13557412804042232,
              0.46045592167554883
            ],
            [
              -0.13933664508214197,
              0.4593313611514602
            ],
            [
              -0.14308983602051525,
              0.4581760565848264
            ],
            [
              -0.14683344964634593,
              0.45699008530268354
            ],
            [
              -0.1505672353914683,
              0.4557735266846575
            ],
            [
              -0.15429094334551766,
              0.45452646215765063
            ],
            [
              -0.1580043242726589,
              0.45324897519039187
            ],
            [
              -0.16170712962826597,
              0.4519411512878498
            ],
            [
              -0.16539911157555867,
              0.4506030779855103
            ],
            [
              -0.16908002300219227,
              0.4492348448435162
            ],
            [
              -0.1727496175367946,
              0.44783654344067453
            ],
            [
              -0.17640764956545776,
              0.4464082673683258
            ],
            [
              -0.18005387424817837,
              0.4449501122240797
            ],
            [
              -0.18354004808790428,
              0.443522770898994
            ],
            [
              -0.19647329603375613,
              0.47477584087160657
            ]
          ]
        ]
      }
    },
    {
      "type": "Feature",
      "properties": {
        "cell_id": "NCEP2000_r020_c019",
        "method": "Harmonic",
        "view": "annulus"
      },
      "geometry": {
        "type": "Polygon",
        "coordinates": [
          [
            [
              -0.05538390739262003,
              0.5268311635236531
            ],
            [
              -0.03365215732984875,
              0.5538747637062224
            ],
            [
              0.07604565099792135,
              0.4739338002777276
            ],
            [
              0.0743127144394275,
              0.4742126321310347
            ],
            [
              0.07043062773857332,
              0.47480472478309493
            ],
            [
              0.06654382696330834,
              0.4753650377268792
            ],
            [
              0.06265257226562461,
              0.47589353345942903
            ],
            [
              0.05875712409562348,
              0.4763901766073808
            ],
            [
              0.05485774318408585,
              0.4768549339293333
            ],
            [
              0.05095469052501947,
              0.4772877743180727
            ],
            [
              0.047048227358188845,
              0.4776886688026545
            ],
            [
              0.043138615151632406,
              0.4780575905503429
            ],
            [
              0.03922611558416066,
              0.47839451486840656
            ],
            [
              0.03531099052784015,
              0.4786994192057713
            ],
            [
              0.03139350203046833,
              0.4789722831545297
            ],
            [
              0.0274739122980329,
              0.4792130884513068
            ],
            [
              0.023552483677160476,
              0.47942181897848274
            ],
            [
              0.019629478637559757,
              0.4795984607652714
            ],
            [
              0.015705159754452122,
              0.4797430019886555
            ],
            [
              0.01177978969099777,
              0.47985543297417804
            ],
            [
              0.007853631180713397,
              0.47993574619658963
            ],
            [
              0.003926947009889436,
              0.4799839362803525
            ],
            [
              -8.817456953860942e-17,
              0.48
            ],
            [
              -0.0039269470098900385,
              0.4799839362803525
            ],
            [
              -0.007853631180714,
              0.47993574619658963
            ],
            [
              -0.011779789690997947,
              0.47985543297417804
            ],
            [
              -0.015705159754452726,
              0.4797430019886555
            ],
            [
              -0.019629478637560357,
              0.4795984607652714
            ],
            [
              -0.02355248367716108,
              0.4794218189784827
            ],
            [
              -0.027473912298033077,
              0.4792130884513068
            ],
            [
              -0.03139350203046894,
              0.47897228315452967
            ],
            [
              -0.03531099052784076,
              0.4786994192057713
            ],
            [
              -0.039226115584160844,
              0.47839451486840656
            ],
            [
              -0.04313861515163301,
              0.47805759055034286
            ],
            [
              -0.04704822735818944,
              0.4776886688026545
            ],
            [
              -0.05095469052501964,
              0.4772877743180727
            ],
            [
              -0.05485774318408645,
              0.47685493392933326
            ],
            [
              -0.058757124095624086,
              0.47639017660738076
            ],
            [
              -0.058880296915742245,
              0.4763744729105387
            ],
            [
              -0.05538390739262003,
              0.5268311635236531
            ]
          ]
        ]
      }
    },
    {
      "type": "Feature",
      "properties": {
        "cell_id": "NCEP2000_r020_c020",
        "method": "Harmonic",
        "view": "annulus"
      },
      "geometry": {
        "type": "Polygon",
        "coordinates": [
          [
            [
              0.09933721783646776,
              0.4958063671305917
            ],
            [
              0.2415996716126117,
              0.5186500372040517
            ],
            [
              0.24196052211363797,
              0.5180053459140784
            ],
            [
              0.20184669571233874,
              0.4354964776616788
            ],
            [
              0.20166965866977707,
              0.435579325464393
            ],
            [
              0.19809937430610927,
              0.4372146359621645
            ],
            [
              0.1945158307223948,
              0.4388206827376948
            ],
            [
              0.19091926777296486,
              0.440397358294796
            ],
            [
              0.1873099261835653,
              0.44194455710315894
            ],
            [
              0.1836880475352428,
              0.44346217560541773
            ],
            [
              0.18005387424817781,
              0.44495011222407993
            ],
            [
              0.17640764956545757,
              0.44640826736832584
            ],
            [
              0.17274961753679405,
              0.44783654344067475
            ],
            [
              0.1690800230021917,
              0.44923484484351645
            ],
            [
              0.16539911157555853,
              0.45060307798551036
            ],
            [
              0.16170712962826542,
              0.45194115128785
            ],
            [
              0.15800432427265834,
              0.45324897519039203
            ],
            [
              0.1542909433455175,
              0.4545264621576507
            ],
            [
              0.15056723539146774,
              0.45577352668465765
            ],
            [
              0.14683344964634537,
              0.45699008530268376
            ],
            [
              0.1430898360205147,
              0.4581760565848266
            ],
            [
              0.13933664508214177,
              0.4593313611514603
            ],
            [
              0.13557412804042174,
              0.460455921675549
            ],
            [
              0.13180253672876713,
              0.4615496628878218
            ],
            [
              0.12802212358795112,
              0.46261251158181116
            ],
            [
              0.12423314164920973,
              0.46364439661875284
            ],
            [
              0.12043584451730845,
              0.464645248932347
            ],
            [
              0.1166304863535666,
              0.4656150015333811
            ],
            [
              0.11281732185884462,
              0.46655358951421416
            ],
            [
              0.10899660625649883,
              0.4674609500531202
            ],
            [
              0.10516859527529705,
              0.4683370224184938
            ],
            [
              0.10133354513230314,
              0.4691817479729145
            ],
            [
              0.0974917125157259,
              0.4699950701770722
            ],
            [
              0.09364335456774116,
              0.4707769345935507
            ],
            [
              0.08978872886727923,
              0.4715272888904715
            ],
            [
              0.08950209192171349,
              0.47158065650470105
            ],
            [
              0.09933721783646776,
              0.4958063671305917
            ]
          ]
        ]
      }
    },
    {
      "type": "Feature",
      "properties": {
        "cell_id": "NCEP2000_r020_c021",
        "method": "Harmonic",
        "view": "annulus"
      },
      "geometry": {
        "type": "Polygon",
        "coordinates": [
          [
            [
              0.40682405437105956,
              0.47686656442555614
            ],
            [
              0.3978464178144522,
              0.41509046183542825
            ],
            [
              0.2901528507171123,
              0.3872777592553935
            ],
            [
              0.2869250380213498,
              0.4872642294376461
            ],
            [
              0.37932073399354427,
              0.5077265075667083
            ],
            [
              0.40682405437105956,
              0.47686656442555614
            ]
          ]
        ]
      }
    },
    {
      "type": "Feature",
      "properties": {
        "cell_id": "NCEP2000_r020_c022",
        "method": "Harmonic",
        "view": "annulus"
      },
      "geometry": {
        "type": "Polygon",
        "coordinates": [
          [
            [
              0.5347144121190316,
              0.4755125749448295
            ],
            [
              0.5254789845217908,
              0.37309465961285126
            ],
            [
              0.4477471502412369,
              0.35384417423839826
            ],
            [
              0.41107824723915554,
              0.39388508865454586
            ],
            [
              0.3978464178144522,
              0.41509046183542814
            ],
            [
              0.4068240543710595,
              0.476866564425556
            ],
            [
              0.5113677268838497,
              0.4960070848654404
            ],
            [
              0.5347144121190316,
              0.4755125749448295
            ]
          ]
        ]
      }
    },
    {
      "type": "Feature",
      "properties": {
        "cell_id": "NCEP2000_r020_c023",
        "method": "Harmonic",
        "view": "annulus"
      },
      "geometry": {
        "type": "Polygon",
        "coordinates": [
          [
            [
              0.6536372643915643,
              0.4762986992740296
            ],
            [
              0.6465496372160467,
              0.3542014739150748
            ],
            [
              0.5672811446556588,
              0.3398552359568372
            ],
            [
              0.5254789845217908,
              0.3730946596128514
            ],
            [
              0.5347144121190316,
              0.47551257494482957
            ],
            [
              0.638018722268903,
              0.4887822834801347
            ],
            [
              0.6536372643915643,
              0.4762986992740296
            ]
          ]
        ]
      }
    },
    {
      "type": "Feature",
      "properties": {
        "cell_id": "NCEP2000_r020_c024",
        "method": "Harmonic",
        "view": "annulus"
      },
      "geometry": {
        "type": "Polygon",
        "coordinates": [
          [
            [
              0.7656208481844219,
              0.4701033207995886
            ],
            [
              0.7568785410887877,
              0.34319059420706116
            ],
            [
              0.6772040173142846,
              0.3327730682281068
            ],
            [
              0.6465496372160466,
              0.3542014739150748
            ],
            [
              0.6536372643915643,
              0.4762986992740296
            ],
            [
              0.7502114500406445,
              0.4820659267715442
            ],
            [
              0.7656208481844219,
              0.4701033207995886
            ]
          ]
        ]
      }
    },
    {
      "type": "Feature",
      "properties": {
        "cell_id": "NCEP2000_r020_c025",
        "method": "Harmonic",
        "view": "annulus"
      },
      "geometry": {
        "type": "Polygon",
        "coordinates": [
          [
            [
              0.8715311089350604,
              0.47254914510648904
            ],
            [
              0.8441432609934232,
              0.33927786936120075
            ],
            [
              0.8402389933531733,
              0.33270581880985467
            ],
            [
              0.7795556390762224,
              0.32829663898223893
            ],
            [
              0.7568785410887878,
              0.34319059420706105
            ],
            [
              0.7656208481844219,
              0.47010332079958855
            ],
            [
              0.8715311089350604,
              0.47254914510648904
            ]
          ]
        ]
      }
    },
    {
      "type": "Feature",
      "properties": {
        "cell_id": "NCEP2000_r020_c026",
        "method": "Harmonic",
        "view": "annulus"
      },
      "geometry": {
        "type": "Polygon",
        "coordinates": [
          [
            [
              0.8441432609934232,
              0.33927786936120086
            ],
            [
              0.8715311089350603,
              0.47254914510648893
            ],
            [
              0.8790876271199706,
              0.47664633242619836
            ],
            [
              0.8819212643483548,
              0.471396736825998
            ],
            [
              0.88574831241129,
              0.4641658400405524
            ],
            [
              0.8895160754218557,
              0.4569038756304213
            ],
            [
              0.8932243011955151,
              0.449611329654607
            ],
            [
              0.8968727415326878,
              0.44228869021900225
            ],
            [
              0.9004611522353633,
              0.4349364474437178
            ],
            [
              0.9039892931234431,
              0.42755509343028253
            ],
            [
              0.9074569280508186,
              0.42014512222870265
            ],
            [
              0.9108638249211755,
              0.4127070298043955
            ],
            [
              0.9142097557035304,
              0.4052413140049904
            ],
            [
              0.9174944964474911,
              0.39774847452701134
            ],
            [
              0.9207178272982474,
              0.3902290128824289
            ],
            [
              0.9238795325112865,
              0.3826834323650904
            ],
            [
              0.9269794004668328,
              0.37511223801703836
            ],
            [
              0.9278548153429969,
              0.3729231984339147
            ],
            [
              0.8441432609934232,
              0.33927786936120086
            ]
          ]
        ]
      }
    },
    {
      "type": "Feature",
      "properties": {
        "cell_id": "NCEP2000_r020_c027",
        "method": "Harmonic",
        "view": "annulus"
      },
      "geometry": {
        "type": "Polygon",
        "coordinates": [
          [
            [
              0.864516686130898,
              0.30635633636985515
            ],
            [
              0.8402389933531732,
              0.3327058188098547
            ],
            [
              0.8441432609934232,
              0.33927786936120086
            ],
            [
              0.9278548153429969,
              0.3729231984339147
            ],
            [
              0.9300172236840117,
              0.3675159365947045
            ],
            [
              0.9329927988347386,
              0.35989503653498883
            ],
            [
              0.9359059267573255,
              0.352250047921234
            ],
            [
              0.9387564124698131,
              0.34458148244908066
            ],
            [
              0.9415440651830205,
              0.33688985339222083
            ],
            [
              0.942560357976163,
              0.33401245193931983
            ],
            [
              0.864516686130898,
              0.30635633636985515
            ]
          ]
        ]
      }
    },
    {
      "type": "Feature",
      "properties": {
        "cell_id": "NCEP2000_r020_c028",
        "method": "Harmonic",
        "view": "annulus"
      },
      "geometry": {
        "type": "Polygon",
        "coordinates": [
          [
            [
              0.9357562110289528,
              0.2727516859686855
            ],
            [
              0.8681921007726744,
              0.29856679698041255
            ],
            [
              0.8645166861308983,
              0.30635633636985526
            ],
            [
              0.942560357976163,
              0.33401245193931983
            ],
            [
              0.9442686983133164,
              0.32917567556803945
            ],
            [
              0.9469301294951056,
              0.32143946530316186
            ],
            [
              0.9495281805930363,
              0.31368174039889235
            ],
            [
              0.952062677713924,
              0.30590302009655407
            ],
            [
              0.9545334512183883,
              0.2981038250427402
            ],
            [
              0.9569403357322086,
              0.29028467725446333
            ],
            [
              0.9592831701573934,
              0.2824461000842132
            ],
            [
              0.9600417205755073,
              0.27983036051592436
            ],
            [
              0.9357562110289528,
              0.2727516859686855
            ]
          ]
        ]
      }
    },
    {
      "type": "Feature",
      "properties": {
        "cell_id": "NCEP2000_r021_c002",
        "method": "Harmonic",
        "view": "annulus"
      },
      "geometry": {
        "type": "Polygon",
        "coordinates": [
          [
            [
              -0.9353884943628474,
              0.2258233050231746
            ],
            [
              -0.9365336178167077,
              0.22002397918519914
            ],
            [
              -0.9419424284410569,
              0.215673536887396
            ],
            [
              -0.9747665717583277,
              0.22318917571072763
            ],
            [
              -0.9738769792773336,
              0.22707626303437303
            ],
            [
              -0.9720713633122048,
              0.23467935441206275
            ],
            [
              -0.9353884943628474,
              0.2258233050231746
            ]
          ]
        ]
      }
    },
    {
      "type": "Feature",
      "properties": {
        "cell_id": "NCEP2000_r021_c003",
        "method": "Harmonic",
        "view": "annulus"
      },
      "geometry": {
        "type": "Polygon",
        "coordinates": [
          [
            [
              -0.9502883002179269,
              0.257271615773134
            ],
            [
              -0.9335371762333404,
              0.2285327565271809
            ],
            [
              -0.9353884943628475,
              0.2258233050231746
            ],
            [
              -0.9720713633122048,
              0.23467935441206272
            ],
            [
              -0.9719866448212795,
              0.23503608720592636
            ],
            [
              -0.9700312531945441,
              0.24298017990326337
            ],
            [
              -0.9680109352757228,
              0.25090800941105973
            ],
            [
              -0.9659258262890684,
              0.25881904510252035
            ],
            [
              -0.9652445254936415,
              0.2613207156533153
            ],
            [
              -0.9502883002179269,
              0.257271615773134
            ]
          ]
        ]
      }
    },
    {
      "type": "Feature",
      "properties": {
        "cell_id": "NCEP2000_r021_c004",
        "method": "Harmonic",
        "view": "annulus"
      },
      "geometry": {
        "type": "Polygon",
        "coordinates": [
          [
            [
              -0.9207422027730806,
              0.24167513623228293
            ],
            [
              -0.9256094286852417,
              0.23129083757797403
            ],
            [
              -0.9335371762333404,
              0.22853275652718102
            ],
            [
              -0.9502883002179269,
              0.257271615773134
            ],
            [
              -0.9322376707108246,
              0.2590888643828266
            ],
            [
              -0.9207422027730806,
              0.24167513623228293
            ]
          ]
        ]
      }
    },
    {
      "type": "Feature",
      "properties": {
        "cell_id": "NCEP2000_r021_c005",
        "method": "Harmonic",
        "view": "annulus"
      },
      "geometry": {
        "type": "Polygon",
        "coordinates": [
          [
            [
              -0.9057416920305789,
              0.2532621672314139
            ],
            [
              -0.9073158083852548,
              0.24470066469641555
            ],
            [
              -0.9207422027730806,
              0.24167513623228296
            ],
            [
              -0.9322376707108245,
              0.2590888643828265
            ],
            [
              -0.918374267488413,
              0.2700688948559302
            ],
            [
              -0.9057416920305789,
              0.2532621672314139
            ]
          ]
        ]
      }
    },
    {
      "type": "Feature",
      "properties": {
        "cell_id": "NCEP2000_r021_c006",
        "method": "Harmonic",
        "view": "annulus"
      },
      "geometry": {
        "type": "Polygon",
        "coordinates": [
          [
            [
              -0.8862507570668012,
              0.26115185919083295
            ],
            [
              -0.905741692030579,
              0.253262167231414
            ],
            [
              -0.918374267488413,
              0.2700688948559302
            ],
            [
              -0.9180052448664604,
              0.27115419452470924
            ],
            [
              -0.9114235834891122,
              0.2786085427974345
            ],
            [
              -0.9005965982675473,
              0.2811311377151654
            ],
            [
              -0.8862507570668012,
              0.26115185919083295
            ]
          ]
        ]
      }
    },
    {
      "type": "Feature",
      "properties": {
        "cell_id": "NCEP2000_r021_c007",
        "method": "Harmonic",
        "view": "annulus"
      },
      "geometry": {
        "type": "Polygon",
        "coordinates": [
          [
            [
              -0.8802400177882834,
              0.2933738830675164
            ],
            [
              -0.8684881520622322,
              0.2764577281170422
            ],
            [
              -0.8834173473489102,
              0.2600018930584543
            ],
            [
              -0.8862507570668013,
              0.261151859190833
            ],
            [
              -0.9005965982675473,
              0.28113113771516535
            ],
            [
              -0.8933494749880643,
              0.290595092781087
            ],
            [
              -0.8802400177882834,
              0.2933738830675164
            ]
          ]
        ]
      }
    },
    {
      "type": "Feature",
      "properties": {
        "cell_id": "NCEP2000_r021_c008",
        "method": "Harmonic",
        "view": "annulus"
      },
      "geometry": {
        "type": "Polygon",
        "coordinates": [
          [
            [
              -0.8550485148657044,
              0.30805107765788653
            ],
            [
              -0.837829116084063,
              0.27593825548322987
            ],
            [
              -0.8393176831782606,
              0.2731304264036843
            ],
            [
              -0.8684881520622322,
              0.27645772811704217
            ],
            [
              -0.8802400177882835,
              0.2933738830675163
            ],
            [
              -0.8741959253796661,
              0.3035426120447785
            ],
            [
              -0.8550485148657044,
              0.30805107765788653
            ]
          ]
        ]
      }
    },
    {
      "type": "Feature",
      "properties": {
        "cell_id": "NCEP2000_r021_c009",
        "method": "Harmonic",
        "view": "annulus"
      },
      "geometry": {
        "type": "Polygon",
        "coordinates": [
          [
            [
              -0.822075428342791,
              0.3245931155181531
            ],
            [
              -0.8105237386130695,
              0.2922686697205633
            ],
            [
              -0.8378291160840631,
              0.2759382554832298
            ],
            [
              -0.8550485148657045,
              0.3080510776578865
            ],
            [
              -0.85196179902183,
              0.3154609087164094
            ],
            [
              -0.825272679454545,
              0.3257943332517084
            ],
            [
              -0.822075428342791,
              0.3245931155181531
            ]
          ]
        ]
      }
    },
    {
      "type": "Feature",
      "properties": {
        "cell_id": "NCEP2000_r021_c010",
        "method": "Harmonic",
        "view": "annulus"
      },
      "geometry": {
        "type": "Polygon",
        "coordinates": [
          [
            [
              -0.7754211812678468,
              0.3367569953139479
            ],
            [
              -0.767131412118303,
              0.29557260991574724
            ],
            [
              -0.7767327946242327,
              0.28494978779837166
            ],
            [
              -0.8105237386130695,
              0.29226866972056337
            ],
            [
              -0.822075428342791,
              0.3245931155181532
            ],
            [
              -0.7973349701349549,
              0.34241676151360184
            ],
            [
              -0.7754211812678468,
              0.3367569953139479
            ]
          ]
        ]
      }
    },
    {
      "type": "Feature",
      "properties": {
        "cell_id": "NCEP2000_r021_c011",
        "method": "Harmonic",
        "view": "annulus"
      },
      "geometry": {
        "type": "Polygon",
        "coordinates": [
          [
            [
              -0.7177769404847008,
              0.3540829528800759
            ],
            [
              -0.7086219581727213,
              0.3011225293524459
            ],
            [
              -0.767131412118303,
              0.29557260991574724
            ],
            [
              -0.7754211812678468,
              0.336756995313948
            ],
            [
              -0.7603366439926444,
              0.35453474204981805
            ],
            [
              -0.7177769404847008,
              0.3540829528800759
            ]
          ]
        ]
      }
    },
    {
      "type": "Feature",
      "properties": {
        "cell_id": "NCEP2000_r021_c012",
        "method": "Harmonic",
        "view": "annulus"
      },
      "geometry": {
        "type": "Polygon",
        "coordinates": [
          [
            [
              -0.6493851450399515,
              0.3701145265188703
            ],
            [
              -0.6391129771520445,
              0.3181180012724296
            ],
            [
              -0.7032038066878329,
              0.29685215013262667
            ],
            [
              -0.7086219581727213,
              0.3011225293524459
            ],
            [
              -0.7177769404847008,
              0.354082952880076
            ],
            [
              -0.7129876208627447,
              0.36197084943093694
            ],
            [
              -0.6565789538644421,
              0.37506891457057157
            ],
            [
              -0.6493851450399515,
              0.3701145265188703
            ]
          ]
        ]
      }
    },
    {
      "type": "Feature",
      "properties": {
        "cell_id": "NCEP2000_r021_c013",
        "method": "Harmonic",
        "view": "annulus"
      },
      "geometry": {
        "type": "Polygon",
        "coordinates": [
          [
            [
              -0.5602543911464977,
              0.33929516571648977
            ],
            [
              -0.6212265126489279,
              0.3065105768095642
            ],
            [
              -0.6391129771520445,
              0.31811800127242973
            ],
            [
              -0.6493851450399515,
              0.3701145265188702
            ],
            [
              -0.591665477008323,
              0.39650518881777197
            ],
            [
              -0.5714125153139812,
              0.38448809285854274
            ],
            [
              -0.5602543911464977,
              0.33929516571648977
            ]
          ]
        ]
      }
    },
    {
      "type": "Feature",
      "properties": {
        "cell_id": "NCEP2000_r021_c014",
        "method": "Harmonic",
        "view": "annulus"
      },
      "geometry": {
        "type": "Polygon",
        "coordinates": [
          [
            [
              -0.47482557834967587,
              0.3687143805253377
            ],
            [
              -0.5331653551663469,
              0.32406850779136875
            ],
            [
              -0.5602543911464977,
              0.33929516571648966
            ],
            [
              -0.5714125153139813,
              0.38448809285854285
            ],
            [
              -0.5179403775419128,
              0.42106964251099444
            ],
            [
              -0.48564347541102404,
              0.4041595386926458
            ],
            [
              -0.47482557834967587,
              0.3687143805253377
            ]
          ]
        ]
      }
    },
    {
      "type": "Feature",
      "properties": {
        "cell_id": "NCEP2000_r021_c015",
        "method": "Harmonic",
        "view": "annulus"
      },
      "geometry": {
        "type": "Polygon",
        "coordinates": [
          [
            [
              -0.38476764437109445,
              0.4099961118585134
            ],
            [
              -0.4378553038503472,
              0.3490866029651193
            ],
            [
              -0.47482557834967576,
              0.3687143805253377
            ],
            [
              -0.4856434754110239,
              0.4041595386926458
            ],
            [
              -0.4368377161106609,
              0.4507980410993619
            ],
            [
              -0.3914624101767559,
              0.42884539520407994
            ],
            [
              -0.38476764437109445,
              0.4099961118585134
            ]
          ]
        ]
      }
    },
    {
      "type": "Feature",
      "properties": {
        "cell_id": "NCEP2000_r021_c016",
        "method": "Harmonic",
        "view": "annulus"
      },
      "geometry": {
        "type": "Polygon",
        "coordinates": [
          [
            [
              -0.2994764827937235,
              0.4633257677100607
            ],
            [
              -0.3243854948636768,
              0.39201415116503047
            ],
            [
              -0.370161148104107,
              0.4017191876724843
            ],
            [
              -0.38476764437109445,
              0.4099961118585135
            ],
            [
              -0.39146241017675587,
              0.4288453952040799
            ],
            [
              -0.3489111793767863,
              0.4865916872809055
            ],
            [
              -0.2994764827937235,
              0.4633257677100607
            ]
          ]
        ]
      }
    },
    {
      "type": "Feature",
      "properties": {
        "cell_id": "NCEP2000_r021_c017",
        "method": "Harmonic",
        "view": "annulus"
      },
      "geometry": {
        "type": "Polygon",
        "coordinates": [
          [
            [
              -0.19753541150058884,
              0.5009122298648475
            ],
            [
              -0.19647329603375616,
              0.474775840871607
            ],
            [
              -0.265288865268131,
              0.45231003518096874
            ],
            [
              -0.28246074105907804,
              0.4671057627342998
            ],
            [
              -0.2530936518228671,
              0.5266088901571757
            ],
            [
              -0.19753541150058884,
              0.5009122298648475
            ]
          ]
        ]
      }
    },
    {
      "type": "Feature",
      "properties": {
        "cell_id": "NCEP2000_r021_c018",
        "method": "Harmonic",
        "view": "annulus"
      },
      "geometry": {
        "type": "Polygon",
        "coordinates": [
          [
            [
              -0.15847034282752842,
              0.5262963216239542
            ],
            [
              -0.14576965018822047,
              0.5619537254818936
            ],
            [
              -0.05538390739262007,
              0.5268311635236531
            ],
            [
              -0.05888029691574229,
              0.4763744729105387
            ],
            [
              -0.06265257226562519,
              0.4758935334594289
            ],
            [
              -0.06654382696330895,
              0.4753650377268791
            ],
            [
              -0.0704306277385739,
              0.4748047247830948
            ],
            [
              -0.0743127144394281,
              0.47421263213103465
            ],
            [
              -0.0781898272294027,
              0.4735887994007419
            ],
            [
              -0.08206170660494481,
              0.4729332683466917
            ],
            [
              -0.08592809341278404,
              0.4722460828449971
            ],
            [
              -0.0897887288672794,
              0.4715272888904715
            ],
            [
              -0.09364335456774175,
              0.4707769345935505
            ],
            [
              -0.0974917125157265,
              0.4699950701770721
            ],
            [
              -0.10133354513230372,
              0.4691817479729144
            ],
            [
              -0.10516859527529765,
              0.4683370224184936
            ],
            [
              -0.10899660625649941,
              0.46746095005312005
            ],
            [
              -0.11281732185884522,
              0.46655358951421405
            ],
            [
              -0.11464461548986427,
              0.4661038119497001
            ],
            [
              -0.15847034282752842,
              0.5262963216239542
            ]
          ]
        ]
      }
    },
    {
      "type": "Feature",
      "properties": {
        "cell_id": "NCEP2000_r021_c019",
        "method": "Harmonic",
        "view": "annulus"
      },
      "geometry": {
        "type": "Polygon",
        "coordinates": [
          [
            [
              -0.033652157329848956,
              0.5538747637062221
            ],
            [
              -0.024625833501454752,
              0.5794837335025413
            ],
            [
              0.09617615948959886,
              0.557776522336531
            ],
            [
              0.09933721783646773,
              0.49580636713059156
            ],
            [
              0.08950209192171352,
              0.47158065650470105
            ],
            [
              0.08592809341278344,
              0.4722460828449972
            ],
            [
              0.08206170660494422,
              0.4729332683466918
            ],
            [
              0.07818982722940253,
              0.4735887994007419
            ],
            [
              0.07604565099792107,
              0.47393380027772763
            ],
            [
              -0.033652157329848956,
              0.5538747637062221
            ]
          ]
        ]
      }
    },
    {
      "type": "Feature",
      "properties": {
        "cell_id": "NCEP2000_r021_c020",
        "method": "Harmonic",
        "view": "annulus"
      },
      "geometry": {
        "type": "Polygon",
        "coordinates": [
          [
            [
              0.24144587448379398,
              0.5844203000405312
            ],
            [
              0.2415996716126117,
              0.5186500372040516
            ],
            [
              0.09933721783646773,
              0.49580636713059156
            ],
            [
              0.09617615948959886,
              0.557776522336531
            ],
            [
              0.10576902658367573,
              0.5800585702774215
            ],
            [
              0.23825259547504526,
              0.5885291469741172
            ],
            [
              0.24144587448379398,
              0.5844203000405312
            ]
          ]
        ]
      }
    },
    {
      "type": "Feature",
      "properties": {
        "cell_id": "NCEP2000_r021_c021",
        "method": "Harmonic",
        "view": "annulus"
      },
      "geometry": {
        "type": "Polygon",
        "coordinates": [
          [
            [
              0.3786959333116457,
              0.5959844094893177
            ],
            [
              0.3793207339935443,
              0.5077265075667083
            ],
            [
              0.2869250380213499,
              0.4872642294376461
            ],
            [
              0.24196052211363783,
              0.5180053459140789
            ],
            [
              0.2415996716126117,
              0.5186500372040517
            ],
            [
              0.241445874483794,
              0.5844203000405312
            ],
            [
              0.37107522928605485,
              0.6035137643441105
            ],
            [
              0.3786959333116457,
              0.5959844094893177
            ]
          ]
        ]
      }
    },
    {
      "type": "Feature",
      "properties": {
        "cell_id": "NCEP2000_r021_c022",
        "method": "Harmonic",
        "view": "annulus"
      },
      "geometry": {
        "type": "Polygon",
        "coordinates": [
          [
            [
              0.509064729429954,
              0.6093037250560649
            ],
            [
              0.5113677268838497,
              0.4960070848654404
            ],
            [
              0.4068240543710597,
              0.4768665644255561
            ],
            [
              0.3793207339935443,
              0.5077265075667085
            ],
            [
              0.3786959333116457,
              0.5959844094893177
            ],
            [
              0.5037365220390336,
              0.6138185807544139
            ],
            [
              0.509064729429954,
              0.6093037250560649
            ]
          ]
        ]
      }
    },
    {
      "type": "Feature",
      "properties": {
        "cell_id": "NCEP2000_r021_c023",
        "method": "Harmonic",
        "view": "annulus"
      },
      "geometry": {
        "type": "Polygon",
        "coordinates": [
          [
            [
              0.6361510270300815,
              0.6155652565185052
            ],
            [
              0.638018722268903,
              0.48878228348013464
            ],
            [
              0.5347144121190318,
              0.47551257494482946
            ],
            [
              0.5113677268838497,
              0.4960070848654405
            ],
            [
              0.509064729429954,
              0.609303725056065
            ],
            [
              0.6292449651125082,
              0.6211477642790687
            ],
            [
              0.6361510270300815,
              0.6155652565185052
            ]
          ]
        ]
      }
    },
    {
      "type": "Feature",
      "properties": {
        "cell_id": "NCEP2000_r021_c024",
        "method": "Harmonic",
        "view": "annulus"
      },
      "geometry": {
        "type": "Polygon",
        "coordinates": [
          [
            [
              0.7616087701802916,
              0.6249531113400096
            ],
            [
              0.7502114500406443,
              0.48206592677154425
            ],
            [
              0.6536372643915643,
              0.4762986992740296
            ],
            [
              0.6380187222689031,
              0.48878228348013464
            ],
            [
              0.6361510270300816,
              0.6155652565185052
            ],
            [
              0.7616087701802916,
              0.6249531113400096
            ]
          ]
        ]
      }
    },
    {
      "type": "Feature",
      "properties": {
        "cell_id": "NCEP2000_r021_c025",
        "method": "Harmonic",
        "view": "annulus"
      },
      "geometry": {
        "type": "Polygon",
        "coordinates": [
          [
            [
              0.8715311089350606,
              0.47254914510648904
            ],
            [
              0.7656208481844218,
              0.4701033207995886
            ],
            [
              0.7502114500406443,
              0.48206592677154414
            ],
            [
              0.7616087701802916,
              0.6249531113400097
            ],
            [
              0.773051587937495,
              0.6343427413440971
            ],
            [
              0.7781746437525977,
              0.6280479470713345
            ],
            [
              0.7832867492286498,
              0.6216605733700782
            ],
            [
              0.7883464276266059,
              0.6152315905806274
            ],
            [
              0.7933533402912349,
              0.6087614290087209
            ],
            [
              0.7983071520990309,
              0.6022505217162828
            ],
            [
              0.8032075314806445,
              0.5956993044924339
            ],
            [
              0.8080541504430729,
              0.5891082158243286
            ],
            [
              0.8128466845916151,
              0.5824776968678023
            ],
            [
              0.8175848131515833,
              0.575808191417846
            ],
            [
              0.8222682189897748,
              0.5691001458788987
            ],
            [
              0.826896588635696,
              0.5623540092349734
            ],
            [
              0.8314696123025448,
              0.555570233019603
            ],
            [
              0.8359869839079463,
              0.5487492712856165
            ],
            [
              0.8404484010944379,
              0.5418915805747521
            ],
            [
              0.8448535652497066,
              0.534997619887098
            ],
            [
              0.8492021815265786,
              0.5280678506503687
            ],
            [
              0.8534939588627503,
              0.5211027366890237
            ],
            [
              0.8577286100002716,
              0.5141027441932227
            ],
            [
              0.861905851504774,
              0.5070683416876177
            ],
            [
              0.8660254037844384,
              0.5000000000000004
            ],
            [
              0.8700869911087112,
              0.49289819222978426
            ],
            [
              0.8740903416267585,
              0.4857633937163408
            ],
            [
              0.8780351873856624,
              0.47859608200718134
            ],
            [
              0.8790876271199706,
              0.4766463324261983
            ],
            [
              0.8715311089350606,
              0.47254914510648904
            ]
          ]
        ]
      }
    },
    {
      "type": "Feature",
      "properties": {
        "cell_id": "NCEP2000_r022_c002",
        "method": "Harmonic",
        "view": "annulus"
      },
      "geometry": {
        "type": "Polygon",
        "coordinates": [
          [
            [
              -0.9180052448664602,
              0.27115419452470946
            ],
            [
              -0.9183742674884129,
              0.27006889485593016
            ],
            [
              -0.9322376707108243,
              0.25908886438282663
            ],
            [
              -0.950288300217927,
              0.2572716157731341
            ],
            [
              -0.9652445254936414,
              0.26132071565331544
            ],
            [
              -0.96377606579544,
              0.26671275747489825
            ],
            [
              -0.961561797682962,
              0.274588618184932
            ],
            [
              -0.9592831701573937,
              0.282446100084212
            ],
            [
              -0.9569403357322089,
              0.2902846772544621
            ],
            [
              -0.9545621659027514,
              0.2980105408159986
            ],
            [
              -0.9180052448664602,
              0.27115419452470946
            ]
          ]
        ]
      }
    },
    {
      "type": "Feature",
      "properties": {
        "cell_id": "NCEP2000_r022_c003",
        "method": "Harmonic",
        "view": "annulus"
      },
      "geometry": {
        "type": "Polygon",
        "coordinates": [
          [
            [
              -0.9262309922175118,
              0.30620443352589477
            ],
            [
              -0.9114235834891123,
              0.2786085427974345
            ],
            [
              -0.9180052448664603,
              0.2711541945247095
            ],
            [
              -0.9545621659027514,
              0.2980105408159985
            ],
            [
              -0.9545334512183886,
              0.29810382504273947
            ],
            [
              -0.9520626777139244,
              0.3059030200965529
            ],
            [
              -0.9503526557282794,
              0.31115131279633806
            ],
            [
              -0.9262309922175118,
              0.30620443352589477
            ]
          ]
        ]
      }
    },
    {
      "type": "Feature",
      "properties": {
        "cell_id": "NCEP2000_r022_c004",
        "method": "Harmonic",
        "view": "annulus"
      },
      "geometry": {
        "type": "Polygon",
        "coordinates": [
          [
            [
              -0.8933494749880642,
              0.290595092781087
            ],
            [
              -0.9005965982675472,
              0.2811311377151654
            ],
            [
              -0.9114235834891122,
              0.27860854279743447
            ],
            [
              -0.9262309922175118,
              0.30620443352589466
            ],
            [
              -0.9065719885480835,
              0.31312341170483077
            ],
            [
              -0.8933494749880642,
              0.290595092781087
            ]
          ]
        ]
      }
    },
    {
      "type": "Feature",
      "properties": {
        "cell_id": "NCEP2000_r022_c005",
        "method": "Harmonic",
        "view": "annulus"
      },
      "geometry": {
        "type": "Polygon",
        "coordinates": [
          [
            [
              -0.8741959253796661,
              0.3035426120447786
            ],
            [
              -0.8802400177882835,
              0.29337388306751633
            ],
            [
              -0.893349474988064,
              0.2905950927810871
            ],
            [
              -0.9065719885480836,
              0.31312341170483105
            ],
            [
              -0.9020197848100058,
              0.3205785689896583
            ],
            [
              -0.8898607445265952,
              0.32771751097594704
            ],
            [
              -0.8890042766246389,
              0.32765252000140366
            ],
            [
              -0.8741959253796661,
              0.3035426120447786
            ]
          ]
        ]
      }
    },
    {
      "type": "Feature",
      "properties": {
        "cell_id": "NCEP2000_r022_c006",
        "method": "Harmonic",
        "view": "annulus"
      },
      "geometry": {
        "type": "Polygon",
        "coordinates": [
          [
            [
              -0.8665821624780158,
              0.33987634852479687
            ],
            [
              -0.8519617990218299,
              0.3154609087164095
            ],
            [
              -0.8550485148657045,
              0.3080510776578864
            ],
            [
              -0.8741959253796661,
              0.30354261204477845
            ],
            [
              -0.8890042766246389,
              0.3276525200014036
            ],
            [
              -0.8683576251252157,
              0.34008916623948926
            ],
            [
              -0.8665821624780158,
              0.33987634852479687
            ]
          ]
        ]
      }
    },
    {
      "type": "Feature",
      "properties": {
        "cell_id": "NCEP2000_r022_c007",
        "method": "Harmonic",
        "view": "annulus"
      },
      "geometry": {
        "type": "Polygon",
        "coordinates": [
          [
            [
              -0.8404866594946516,
              0.35313802935437516
            ],
            [
              -0.8252726794545451,
              0.3257943332517085
            ],
            [
              -0.85196179902183,
              0.3154609087164095
            ],
            [
              -0.8665821624780159,
              0.3398763485247967
            ],
            [
              -0.8456297868178817,
              0.3539000785321917
            ],
            [
              -0.8404866594946516,
              0.35313802935437516
            ]
          ]
        ]
      }
    },
    {
      "type": "Feature",
      "properties": {
        "cell_id": "NCEP2000_r022_c008",
        "method": "Harmonic",
        "view": "annulus"
      },
      "geometry": {
        "type": "Polygon",
        "coordinates": [
          [
            [
              -0.8091397806198838,
              0.367357585443451
            ],
            [
              -0.797334970134955,
              0.3424167615136018
            ],
            [
              -0.822075428342791,
              0.3245931155181532
            ],
            [
              -0.8252726794545451,
              0.3257943332517085
            ],
            [
              -0.8404866594946516,
              0.3531380293543751
            ],
            [
              -0.8207780825716845,
              0.3691300171590718
            ],
            [
              -0.8091397806198838,
              0.367357585443451
            ]
          ]
        ]
      }
    },
    {
      "type": "Feature",
      "properties": {
        "cell_id": "NCEP2000_r022_c009",
        "method": "Harmonic",
        "view": "annulus"
      },
      "geometry": {
        "type": "Polygon",
        "coordinates": [
          [
            [
              -0.7710752898992939,
              0.38292917581360203
            ],
            [
              -0.7603366439926443,
              0.354534742049818
            ],
            [
              -0.7754211812678466,
              0.3367569953139479
            ],
            [
              -0.797334970134955,
              0.3424167615136019
            ],
            [
              -0.8091397806198837,
              0.3673575854434509
            ],
            [
              -0.7924433610422527,
              0.38515777812353985
            ],
            [
              -0.7710752898992939,
              0.38292917581360203
            ]
          ]
        ]
      }
    },
    {
      "type": "Feature",
      "properties": {
        "cell_id": "NCEP2000_r022_c010",
        "method": "Harmonic",
        "view": "annulus"
      },
      "geometry": {
        "type": "Polygon",
        "coordinates": [
          [
            [
              -0.7246805185323962,
              0.4010649063692242
            ],
            [
              -0.7129876208627447,
              0.36197084943093694
            ],
            [
              -0.7177769404847009,
              0.3540829528800759
            ],
            [
              -0.7603366439926443,
              0.35453474204981805
            ],
            [
              -0.7710752898992939,
              0.3829291758136021
            ],
            [
              -0.7588216252670956,
              0.40060288668422306
            ],
            [
              -0.7246805185323962,
              0.4010649063692242
            ]
          ]
        ]
      }
    },
    {
      "type": "Feature",
      "properties": {
        "cell_id": "NCEP2000_r022_c011",
        "method": "Harmonic",
        "view": "annulus"
      },
      "geometry": {
        "type": "Polygon",
        "coordinates": [
          [
            [
              -0.669569008725366,
              0.4233112618507619
            ],
            [
              -0.6565789538644422,
              0.3750689145705715
            ],
            [
              -0.7129876208627446,
              0.3619708494309368
            ],
            [
              -0.7246805185323962,
              0.40106490636922426
            ],
            [
              -0.7179970259216258,
              0.41377942368702275
            ],
            [
              -0.669569008725366,
              0.4233112618507619
            ]
          ]
        ]
      }
    },
    {
      "type": "Feature",
      "properties": {
        "cell_id": "NCEP2000_r022_c012",
        "method": "Harmonic",
        "view": "annulus"
      },
      "geometry": {
        "type": "Polygon",
        "coordinates": [
          [
            [
              -0.6033593411095611,
              0.4394499761817629
            ],
            [
              -0.5916654770083228,
              0.396505188817772
            ],
            [
              -0.6493851450399514,
              0.3701145265188702
            ],
            [
              -0.6565789538644421,
              0.3750689145705716
            ],
            [
              -0.669569008725366,
              0.42331126185076207
            ],
            [
              -0.6689853587456197,
              0.4247335613935279
            ],
            [
              -0.6152942023475414,
              0.4464217965981436
            ],
            [
              -0.6033593411095611,
              0.4394499761817629
            ]
          ]
        ]
      }
    },
    {
      "type": "Feature",
      "properties": {
        "cell_id": "NCEP2000_r022_c013",
        "method": "Harmonic",
        "view": "annulus"
      },
      "geometry": {
        "type": "Polygon",
        "coordinates": [
          [
            [
              -0.52869817140219,
              0.45792024063803644
            ],
            [
              -0.5179403775419128,
              0.42106964251099444
            ],
            [
              -0.5714125153139813,
              0.3844880928585429
            ],
            [
              -0.591665477008323,
              0.396505188817772
            ],
            [
              -0.6033593411095612,
              0.43944997618176296
            ],
            [
              -0.5533280387842334,
              0.470530833540393
            ],
            [
              -0.52869817140219,
              0.45792024063803644
            ]
          ]
        ]
      }
    },
    {
      "type": "Feature",
      "properties": {
        "cell_id": "NCEP2000_r022_c014",
        "method": "Harmonic",
        "view": "annulus"
      },
      "geometry": {
        "type": "Polygon",
        "coordinates": [
          [
            [
              -0.44606430235790007,
              0.4800682762101113
            ],
            [
              -0.4368377161106609,
              0.4507980410993619
            ],
            [
              -0.48564347541102393,
              0.4041595386926457
            ],
            [
              -0.5179403775419128,
              0.42106964251099444
            ],
            [
              -0.5286981714021899,
              0.4579202406380364
            ],
            [
              -0.4833095015632103,
              0.496825379800952
            ],
            [
              -0.44606430235790007,
              0.4800682762101113
            ]
          ]
        ]
      }
    },
    {
      "type": "Feature",
      "properties": {
        "cell_id": "NCEP2000_r022_c015",
        "method": "Harmonic",
        "view": "annulus"
      },
      "geometry": {
        "type": "Polygon",
        "coordinates": [
          [
            [
              -0.35521064723497575,
              0.5056987640571591
            ],
            [
              -0.34891117937678623,
              0.4865916872809055
            ],
            [
              -0.39146241017675587,
              0.4288453952040798
            ],
            [
              -0.43683771611066086,
              0.45079804109936183
            ],
            [
              -0.44606430235790007,
              0.48006827621011133
            ],
            [
              -0.40571647455066945,
              0.5259536006372608
            ],
            [
              -0.35521064723497575,
              0.5056987640571591
            ]
          ]
        ]
      }
    },
    {
      "type": "Feature",
      "properties": {
        "cell_id": "NCEP2000_r022_c016",
        "method": "Harmonic",
        "view": "annulus"
      },
      "geometry": {
        "type": "Polygon",
        "coordinates": [
          [
            [
              -0.25559453711755364,
              0.534389627834629
            ],
            [
              -0.2530936518228671,
              0.5266088901571758
            ],
            [
              -0.2824607410590781,
              0.46710576273429977
            ],
            [
              -0.2994764827937235,
              0.4633257677100607
            ],
            [
              -0.34891117937678623,
              0.4865916872809055
            ],
            [
              -0.3552106472349758,
              0.5056987640571592
            ],
            [
              -0.32056744645416096,
              0.5577037834883911
            ],
            [
              -0.25559453711755364,
              0.534389627834629
            ]
          ]
        ]
      }
    },
    {
      "type": "Feature",
      "properties": {
        "cell_id": "NCEP2000_r022_c017",
        "method": "Harmonic",
        "view": "annulus"
      },
      "geometry": {
        "type": "Polygon",
        "coordinates": [
          [
            [
              -0.14682912544260196,
              0.5657368030700066
            ],
            [
              -0.14576965018822044,
              0.5619537254818938
            ],
            [
              -0.15847034282752848,
              0.5262963216239541
            ],
            [
              -0.19753541150058876,
              0.5009122298648476
            ],
            [
              -0.2530936518228671,
              0.5266088901571758
            ],
            [
              -0.25559453711755364,
              0.5343896278346288
            ],
            [
              -0.227251656865566,
              0.5902301770264664
            ],
            [
              -0.14682912544260196,
              0.5657368030700066
            ]
          ]
        ]
      }
    },
    {
      "type": "Feature",
      "properties": {
        "cell_id": "NCEP2000_r022_c018",
        "method": "Harmonic",
        "view": "annulus"
      },
      "geometry": {
        "type": "Polygon",
        "coordinates": [
          [
            [
              -0.02892912866561353,
              0.5994706707455408
            ],
            [
              -0.024625833501454763,
              0.5794837335025415
            ],
            [
              -0.03365215732984906,
              0.5538747637062219
            ],
            [
              -0.05538390739261993,
              0.526831163523653
            ],
            [
              -0.1457696501882204,
              0.5619537254818937
            ],
            [
              -0.14682912544260196,
              0.5657368030700065
            ],
            [
              -0.12468922180931793,
              0.6195158867306065
            ],
            [
              -0.02892912866561353,
              0.5994706707455408
            ]
          ]
        ]
      }
    },
    {
      "type": "Feature",
      "properties": {
        "cell_id": "NCEP2000_r022_c019",
        "method": "Harmonic",
        "view": "annulus"
      },
      "geometry": {
        "type": "Polygon",
        "coordinates": [
          [
            [
              0.09701239191955852,
              0.6347729545149802
            ],
            [
              0.1057690265836757,
              0.5800585702774214
            ],
            [
              0.0961761594895989,
              0.557776522336531
            ],
            [
              -0.02462583350145475,
              0.5794837335025413
            ],
            [
              -0.028929128665613535,
              0.5994706707455407
            ],
            [
              -0.012636704586446501,
              0.6420146898789494
            ],
            [
              0.09701239191955852,
              0.6347729545149802
            ]
          ]
        ]
      }
    },
    {
      "type": "Feature",
      "properties": {
        "cell_id": "NCEP2000_r022_c020",
        "method": "Harmonic",
        "view": "annulus"
      },
      "geometry": {
        "type": "Polygon",
        "coordinates": [
          [
            [
              0.2265718358889701,
              0.6692220832664416
            ],
            [
              0.2382525954750453,
              0.5885291469741172
            ],
            [
              0.10576902658367568,
              0.5800585702774214
            ],
            [
              0.0970123919195585,
              0.6347729545149802
            ],
            [
              0.1072733061132868,
              0.6602385427393375
            ],
            [
              0.2265718358889701,
              0.6692220832664416
            ]
          ]
        ]
      }
    },
    {
      "type": "Feature",
      "properties": {
        "cell_id": "NCEP2000_r022_c021",
        "method": "Harmonic",
        "view": "annulus"
      },
      "geometry": {
        "type": "Polygon",
        "coordinates": [
          [
            [
              0.3560596512098492,
              0.7008907199892731
            ],
            [
              0.37107522928605485,
              0.6035137643441105
            ],
            [
              0.24144587448379404,
              0.5844203000405312
            ],
            [
              0.2382525954750453,
              0.5885291469741173
            ],
            [
              0.22657183588897012,
              0.6692220832664416
            ],
            [
              0.2327517638934165,
              0.6829303881986853
            ],
            [
              0.3560596512098492,
              0.7008907199892731
            ]
          ]
        ]
      }
    },
    {
      "type": "Feature",
      "properties": {
        "cell_id": "NCEP2000_r022_c022",
        "method": "Harmonic",
        "view": "annulus"
      },
      "geometry": {
        "type": "Polygon",
        "coordinates": [
          [
            [
              0.48682817011797147,
              0.7324252429566882
            ],
            [
              0.5037365220390337,
              0.6138185807544139
            ],
            [
              0.37869593331164564,
              0.5959844094893179
            ],
            [
              0.37107522928605485,
              0.6035137643441106
            ],
            [
              0.3560596512098493,
              0.7008907199892732
            ],
            [
              0.36303262476837783,
              0.714128199320007
            ],
            [
              0.48682817011797147,
              0.7324252429566882
            ]
          ]
        ]
      }
    },
    {
      "type": "Feature",
      "properties": {
        "cell_id": "NCEP2000_r022_c023",
        "method": "Harmonic",
        "view": "annulus"
      },
      "geometry": {
        "type": "Polygon",
        "coordinates": [
          [
            [
              0.6209232869463297,
              0.7581122005643331
            ],
            [
              0.6292449651125082,
              0.6211477642790687
            ],
            [
              0.5090647294299541,
              0.6093037250560649
            ],
            [
              0.5037365220390336,
              0.613818580754414
            ],
            [
              0.4868281701179714,
              0.7324252429566881
            ],
            [
              0.4897411219501732,
              0.7367888425593025
            ],
            [
              0.6209232869463297,
              0.7581122005643331
            ]
          ]
        ]
      }
    },
    {
      "type": "Feature",
      "properties": {
        "cell_id": "NCEP2000_r022_c024",
        "method": "Harmonic",
        "view": "annulus"
      },
      "geometry": {
        "type": "Polygon",
        "coordinates": [
          [
            [
              0.7616087701802915,
              0.6249531113400096
            ],
            [
              0.6361510270300816,
              0.6155652565185052
            ],
            [
              0.6292449651125083,
              0.6211477642790688
            ],
            [
              0.6209232869463298,
              0.7581122005643333
            ],
            [
              0.6336325941076042,
              0.7736295454960503
            ],
            [
              0.6343932841636449,
              0.7730104533627374
            ],
            [
              0.6406961599398604,
              0.7677945237095123
            ],
            [
              0.6469561525348572,
              0.7625272039063883
            ],
            [
              0.6531728429537761,
              0.7572088465064851
            ],
            [
              0.6593458151000684,
              0.7518398074789778
            ],
            [
              0.665474655803342,
              0.746420446185274
            ],
            [
              0.6715589548470177,
              0.7409511253549598
            ],
            [
              0.6775983049957882,
              0.7354322110615191
            ],
            [
              0.683592302022871,
              0.7298640726978359
            ],
            [
              0.6895405447370662,
              0.7242470829514677
            ],
            [
              0.6954426350096111,
              0.7185816177796986
            ],
            [
              0.701298177800824,
              0.7128680563843802
            ],
            [
              0.7071067811865474,
              0.7071067811865477
            ],
            [
              0.7128680563843793,
              0.7012981778008249
            ],
            [
              0.7185816177796976,
              0.6954426350096121
            ],
            [
              0.7242470829514667,
              0.6895405447370672
            ],
            [
              0.729864072697835,
              0.683592302022872
            ],
            [
              0.7354322110615182,
              0.6775983049957892
            ],
            [
              0.7409511253549588,
              0.6715589548470187
            ],
            [
              0.7464204461852731,
              0.665474655803343
            ],
            [
              0.7518398074789769,
              0.6593458151000694
            ],
            [
              0.7572088465064842,
              0.6531728429537771
            ],
            [
              0.762527203906388,
              0.6469561525348575
            ],
            [
              0.7677945237095114,
              0.6406961599398614
            ],
            [
              0.7730104533627367,
              0.6343932841636459
            ],
            [
              0.773051587937495,
              0.6343427413440971
            ],
            [
              0.7616087701802915,
              0.6249531113400096
            ]
          ]
        ]
      }
    },
    {
      "type": "Feature",
      "properties": {
        "cell_id": "NCEP2000_r023_c002",
        "method": "Harmonic",
        "view": "annulus"
      },
      "geometry": {
        "type": "Polygon",
        "coordinates": [
          [
            [
              -0.9020197848100054,
              0.32057856898965853
            ],
            [
              -0.9065719885480835,
              0.31312341170483077
            ],
            [
              -0.9262309922175117,
              0.30620443352589477
            ],
            [
              -0.9503526557282794,
              0.31115131279633823
            ],
            [
              -0.9495281805930368,
              0.3136817403988912
            ],
            [
              -0.9469301294951058,
              0.3214394653031611
            ],
            [
              -0.9442686983133166,
              0.3291756755680387
            ],
            [
              -0.9415440651830209,
              0.33688985339221966
            ],
            [
              -0.9387564124698135,
              0.34458148244907993
            ],
            [
              -0.9362871226704561,
              0.35122452942635
            ],
            [
              -0.9020197848100054,
              0.32057856898965853
            ]
          ]
        ]
      }
    },
    {
      "type": "Feature",
      "properties": {
        "cell_id": "NCEP2000_r023_c003",
        "method": "Harmonic",
        "view": "annulus"
      },
      "geometry": {
        "type": "Polygon",
        "coordinates": [
          [
            [
              -0.9036688109442169,
              0.3542025035872024
            ],
            [
              -0.8898607445265952,
              0.32771751097594715
            ],
            [
              -0.9020197848100056,
              0.32057856898965864
            ],
            [
              -0.9362871226704561,
              0.35122452942634996
            ],
            [
              -0.9359059267573259,
              0.3522500479212332
            ],
            [
              -0.9329927988347391,
              0.35989503653498767
            ],
            [
              -0.9329827764257174,
              0.3599207054472628
            ],
            [
              -0.9036688109442169,
              0.3542025035872024
            ]
          ]
        ]
      }
    },
    {
      "type": "Feature",
      "properties": {
        "cell_id": "NCEP2000_r023_c004",
        "method": "Harmonic",
        "view": "annulus"
      },
      "geometry": {
        "type": "Polygon",
        "coordinates": [
          [
            [
              -0.8683576251252157,
              0.3400891662394892
            ],
            [
              -0.8890042766246388,
              0.3276525200014036
            ],
            [
              -0.8898607445265951,
              0.32771751097594704
            ],
            [
              -0.9036688109442168,
              0.3542025035872023
            ],
            [
              -0.8830791384700571,
              0.36668882664486363
            ],
            [
              -0.8683576251252157,
              0.3400891662394892
            ]
          ]
        ]
      }
    },
    {
      "type": "Feature",
      "properties": {
        "cell_id": "NCEP2000_r023_c005",
        "method": "Harmonic",
        "view": "annulus"
      },
      "geometry": {
        "type": "Polygon",
        "coordinates": [
          [
            [
              -0.8456297868178817,
              0.3539000785321917
            ],
            [
              -0.8665821624780158,
              0.33987634852479687
            ],
            [
              -0.8683576251252157,
              0.3400891662394893
            ],
            [
              -0.8830791384700571,
              0.3666888266448637
            ],
            [
              -0.8824968981693111,
              0.3685866913720987
            ],
            [
              -0.8706819294889033,
              0.3794839130676536
            ],
            [
              -0.8602378952334637,
              0.37986989844634866
            ],
            [
              -0.8456297868178817,
              0.3539000785321917
            ]
          ]
        ]
      }
    },
    {
      "type": "Feature",
      "properties": {
        "cell_id": "NCEP2000_r023_c006",
        "method": "Harmonic",
        "view": "annulus"
      },
      "geometry": {
        "type": "Polygon",
        "coordinates": [
          [
            [
              -0.8341181584313113,
              0.39334581165055665
            ],
            [
              -0.8207780825716845,
              0.3691300171590718
            ],
            [
              -0.8404866594946515,
              0.3531380293543751
            ],
            [
              -0.8456297868178818,
              0.35390007853219163
            ],
            [
              -0.8602378952334638,
              0.37986989844634866
            ],
            [
              -0.847381764408757,
              0.39303224386137964
            ],
            [
              -0.8341181584313113,
              0.39334581165055665
            ]
          ]
        ]
      }
    },
    {
      "type": "Feature",
      "properties": {
        "cell_id": "NCEP2000_r023_c007",
        "method": "Harmonic",
        "view": "annulus"
      },
      "geometry": {
        "type": "Polygon",
        "coordinates": [
          [
            [
              -0.8044339411633395,
              0.4081759769899141
            ],
            [
              -0.7924433610422528,
              0.38515777812353996
            ],
            [
              -0.8091397806198838,
              0.367357585443451
            ],
            [
              -0.8207780825716845,
              0.3691300171590718
            ],
            [
              -0.8341181584313114,
              0.39334581165055665
            ],
            [
              -0.8219628232750706,
              0.4077699653026961
            ],
            [
              -0.8044339411633395,
              0.4081759769899141
            ]
          ]
        ]
      }
    },
    {
      "type": "Feature",
      "properties": {
        "cell_id": "NCEP2000_r023_c008",
        "method": "Harmonic",
        "view": "annulus"
      },
      "geometry": {
        "type": "Polygon",
        "coordinates": [
          [
            [
              -0.7702196829240658,
              0.42470779694964156
            ],
            [
              -0.7588216252670956,
              0.40060288668422306
            ],
            [
              -0.7710752898992939,
              0.38292917581360203
            ],
            [
              -0.7924433610422527,
              0.38515777812353985
            ],
            [
              -0.8044339411633395,
              0.4081759769899141
            ],
            [
              -0.7937757676736815,
              0.42355141380688033
            ],
            [
              -0.7702196829240658,
              0.42470779694964156
            ]
          ]
        ]
      }
    },
    {
      "type": "Feature",
      "properties": {
        "cell_id": "NCEP2000_r023_c009",
        "method": "Harmonic",
        "view": "annulus"
      },
      "geometry": {
        "type": "Polygon",
        "coordinates": [
          [
            [
              -0.7304449507190064,
              0.44354799644883103
            ],
            [
              -0.7179970259216257,
              0.41377942368702264
            ],
            [
              -0.7246805185323961,
              0.4010649063692242
            ],
            [
              -0.7588216252670957,
              0.40060288668422306
            ],
            [
              -0.770219682924066,
              0.42470779694964156
            ],
            [
              -0.7618974998008406,
              0.4398618811836237
            ],
            [
              -0.7304449507190064,
              0.44354799644883103
            ]
          ]
        ]
      }
    },
    {
      "type": "Feature",
      "properties": {
        "cell_id": "NCEP2000_r023_c010",
        "method": "Harmonic",
        "view": "annulus"
      },
      "geometry": {
        "type": "Polygon",
        "coordinates": [
          [
            [
              -0.6841496216951753,
              0.465565854775846
            ],
            [
              -0.6689853587456196,
              0.4247335613935283
            ],
            [
              -0.6695690087253661,
              0.42331126185076184
            ],
            [
              -0.7179970259216256,
              0.4137794236870228
            ],
            [
              -0.7304449507190063,
              0.44354799644883125
            ],
            [
              -0.7251352807668877,
              0.4559015213694559
            ],
            [
              -0.6841496216951753,
              0.465565854775846
            ]
          ]
        ]
      }
    },
    {
      "type": "Feature",
      "properties": {
        "cell_id": "NCEP2000_r023_c011",
        "method": "Harmonic",
        "view": "annulus"
      },
      "geometry": {
        "type": "Polygon",
        "coordinates": [
          [
            [
              -0.6292898457516742,
              0.48698936961020045
            ],
            [
              -0.6152942023475412,
              0.44642179659814357
            ],
            [
              -0.6689853587456196,
              0.424733561393528
            ],
            [
              -0.6841496216951753,
              0.46556585477584583
            ],
            [
              -0.6823155864314636,
              0.4709616328261203
            ],
            [
              -0.6348156122670686,
              0.4899722176746986
            ],
            [
              -0.6292898457516742,
              0.48698936961020045
            ]
          ]
        ]
      }
    },
    {
      "type": "Feature",
      "properties": {
        "cell_id": "NCEP2000_r023_c012",
        "method": "Harmonic",
        "view": "annulus"
      },
      "geometry": {
        "type": "Polygon",
        "coordinates": [
          [
            [
              -0.5654128852233417,
              0.5065979766011076
            ],
            [
              -0.5533280387842335,
              0.47053083354039305
            ],
            [
              -0.6033593411095615,
              0.439449976181763
            ],
            [
              -0.6152942023475412,
              0.44642179659814346
            ],
            [
              -0.6292898457516742,
              0.4869893696102006
            ],
            [
              -0.5824448920065541,
              0.5148109556944793
            ],
            [
              -0.5654128852233417,
              0.5065979766011076
            ]
          ]
        ]
      }
    },
    {
      "type": "Feature",
      "properties": {
        "cell_id": "NCEP2000_r023_c013",
        "method": "Harmonic",
        "view": "annulus"
      },
      "geometry": {
        "type": "Polygon",
        "coordinates": [
          [
            [
              -0.49399195797650924,
              0.5288939593745682
            ],
            [
              -0.4833095015632103,
              0.49682537980095204
            ],
            [
              -0.52869817140219,
              0.45792024063803644
            ],
            [
              -0.5533280387842334,
              0.47053083354039293
            ],
            [
              -0.5654128852233415,
              0.5065979766011076
            ],
            [
              -0.5228338714785299,
              0.5409589153017743
            ],
            [
              -0.49399195797650924,
              0.5288939593745682
            ]
          ]
        ]
      }
    },
    {
      "type": "Feature",
      "properties": {
        "cell_id": "NCEP2000_r023_c014",
        "method": "Harmonic",
        "view": "annulus"
      },
      "geometry": {
        "type": "Polygon",
        "coordinates": [
          [
            [
              -0.4149514838283377,
              0.5537966438212184
            ],
            [
              -0.40571647455066945,
              0.5259536006372608
            ],
            [
              -0.4460643023579002,
              0.4800682762101113
            ],
            [
              -0.4833095015632102,
              0.4968253798009521
            ],
            [
              -0.4939919579765091,
              0.5288939593745681
            ],
            [
              -0.4559391123772827,
              0.5684555252037636
            ],
            [
              -0.4149514838283377,
              0.5537966438212184
            ]
          ]
        ]
      }
    },
    {
      "type": "Feature",
      "properties": {
        "cell_id": "NCEP2000_r023_c015",
        "method": "Harmonic",
        "view": "annulus"
      },
      "geometry": {
        "type": "Polygon",
        "coordinates": [
          [
            [
              -0.32811301602103704,
              0.5808731810758336
            ],
            [
              -0.320567446454161,
              0.5577037834883912
            ],
            [
              -0.35521064723497586,
              0.5056987640571592
            ],
            [
              -0.4057164745506694,
              0.5259536006372609
            ],
            [
              -0.41495148382833763,
              0.5537966438212185
            ],
            [
              -0.3816641726066636,
              0.5971445290831711
            ],
            [
              -0.32811301602103704,
              0.5808731810758336
            ]
          ]
        ]
      }
    },
    {
      "type": "Feature",
      "properties": {
        "cell_id": "NCEP2000_r023_c016",
        "method": "Harmonic",
        "view": "annulus"
      },
      "geometry": {
        "type": "Polygon",
        "coordinates": [
          [
            [
              -0.23335762337565505,
              0.6098664106641991
            ],
            [
              -0.22725165686556606,
              0.5902301770264665
            ],
            [
              -0.25559453711755376,
              0.5343896278346288
            ],
            [
              -0.3205674464541609,
              0.5577037834883911
            ],
            [
              -0.328113016021037,
              0.5808731810758336
            ],
            [
              -0.29981937845557405,
              0.6265596138640449
            ],
            [
              -0.23335762337565505,
              0.6098664106641991
            ]
          ]
        ]
      }
    },
    {
      "type": "Feature",
      "properties": {
        "cell_id": "NCEP2000_r023_c017",
        "method": "Harmonic",
        "view": "annulus"
      },
      "geometry": {
        "type": "Polygon",
        "coordinates": [
          [
            [
              -0.13082082133532333,
              0.640886128674779
            ],
            [
              -0.12468922180931799,
              0.6195158867306064
            ],
            [
              -0.14682912544260193,
              0.5657368030700066
            ],
            [
              -0.22725165686556603,
              0.5902301770264665
            ],
            [
              -0.23335762337565505,
              0.6098664106641992
            ],
            [
              -0.2102760145173183,
              0.6557471155327895
            ],
            [
              -0.13082082133532333,
              0.640886128674779
            ]
          ]
        ]
      }
    },
    {
      "type": "Feature",
      "properties": {
        "cell_id": "NCEP2000_r023_c018",
        "method": "Harmonic",
        "view": "annulus"
      },
      "geometry": {
        "type": "Polygon",
        "coordinates": [
          [
            [
              -0.02112556190793974,
              0.6744449356454973
            ],
            [
              -0.012636704586446463,
              0.6420146898789494
            ],
            [
              -0.02892912866561345,
              0.5994706707455408
            ],
            [
              -0.12468922180931799,
              0.6195158867306065
            ],
            [
              -0.1308208213353233,
              0.640886128674779
            ],
            [
              -0.11299976673458892,
              0.6834275000244695
            ],
            [
              -0.02112556190793974,
              0.6744449356454973
            ]
          ]
        ]
      }
    },
    {
      "type": "Feature",
      "properties": {
        "cell_id": "NCEP2000_r023_c019",
        "method": "Harmonic",
        "view": "annulus"
      },
      "geometry": {
        "type": "Polygon",
        "coordinates": [
          [
            [
              0.09437011063188727,
              0.7110040460473728
            ],
            [
              0.10727330611328681,
              0.6602385427393376
            ],
            [
              0.09701239191955846,
              0.6347729545149802
            ],
            [
              -0.012636704586446456,
              0.6420146898789494
            ],
            [
              -0.021125561907939745,
              0.6744449356454975
            ],
            [
              -0.008324465033955543,
              0.7093655518205124
            ],
            [
              0.09437011063188727,
              0.7110040460473728
            ]
          ]
        ]
      }
    },
    {
      "type": "Feature",
      "properties": {
        "cell_id": "NCEP2000_r023_c020",
        "method": "Harmonic",
        "view": "annulus"
      },
      "geometry": {
        "type": "Polygon",
        "coordinates": [
          [
            [
              0.21356808343376865,
              0.7512006859665661
            ],
            [
              0.23275176389341645,
              0.6829303881986852
            ],
            [
              0.2265718358889701,
              0.6692220832664416
            ],
            [
              0.10727330611328677,
              0.6602385427393376
            ],
            [
              0.09437011063188722,
              0.7110040460473729
            ],
            [
              0.10302988645073452,
              0.7368193947185551
            ],
            [
              0.21356808343376865,
              0.7512006859665661
            ]
          ]
        ]
      }
    },
    {
      "type": "Feature",
      "properties": {
        "cell_id": "NCEP2000_r023_c021",
        "method": "Harmonic",
        "view": "annulus"
      },
      "geometry": {
        "type": "Polygon",
        "coordinates": [
          [
            [
              0.3356479327892711,
              0.7971921292464567
            ],
            [
              0.3630326247683779,
              0.7141281993200072
            ],
            [
              0.35605965120984917,
              0.7008907199892731
            ],
            [
              0.23275176389341645,
              0.6829303881986852
            ],
            [
              0.21356808343376868,
              0.751200685966566
            ],
            [
              0.22063562280820592,
              0.7736321111129973
            ],
            [
              0.3356479327892711,
              0.7971921292464567
            ]
          ]
        ]
      }
    },
    {
      "type": "Feature",
      "properties": {
        "cell_id": "NCEP2000_r023_c022",
        "method": "Harmonic",
        "view": "annulus"
      },
      "geometry": {
        "type": "Polygon",
        "coordinates": [
          [
            [
              0.46274720979984874,
              0.855052913502174
            ],
            [
              0.4897411219501732,
              0.7367888425593025
            ],
            [
              0.4868281701179714,
              0.7324252429566881
            ],
            [
              0.363032624768378,
              0.7141281993200072
            ],
            [
              0.33564793278927113,
              0.7971921292464569
            ],
            [
              0.34508096808871785,
              0.8263561580232811
            ],
            [
              0.46274720979984874,
              0.855052913502174
            ]
          ]
        ]
      }
    },
    {
      "type": "Feature",
      "properties": {
        "cell_id": "NCEP2000_r023_c023",
        "method": "Harmonic",
        "view": "annulus"
      },
      "geometry": {
        "type": "Polygon",
        "coordinates": [
          [
            [
              0.6209232869463297,
              0.7581122005643331
            ],
            [
              0.4897411219501731,
              0.7367888425593024
            ],
            [
              0.4627472097998486,
              0.8550529135021739
            ],
            [
              0.4759561947436442,
              0.8794601510206539
            ],
            [
              0.4785960820071802,
              0.8780351873856631
            ],
            [
              0.4857633937163397,
              0.874090341626759
            ],
            [
              0.49289819222978387,
              0.8700869911087115
            ],
            [
              0.49999999999999933,
              0.866025403784439
            ],
            [
              0.5070683416876166,
              0.8619058515047746
            ],
            [
              0.5141027441932216,
              0.8577286100002722
            ],
            [
              0.5211027366890226,
              0.8534939588627509
            ],
            [
              0.5280678506503674,
              0.8492021815265792
            ],
            [
              0.5349976198870969,
              0.8448535652497072
            ],
            [
              0.541891580574751,
              0.8404484010944385
            ],
            [
              0.5487492712856153,
              0.835986983907947
            ],
            [
              0.5555702330196018,
              0.8314696123025455
            ],
            [
              0.562354009234973,
              0.8268965886356963
            ],
            [
              0.5691001458788976,
              0.8222682189897755
            ],
            [
              0.5758081914178449,
              0.8175848131515839
            ],
            [
              0.5824776968678019,
              0.8128466845916154
            ],
            [
              0.5891082158243275,
              0.8080541504430737
            ],
            [
              0.5956993044924329,
              0.8032075314806453
            ],
            [
              0.6022505217162817,
              0.7983071520990317
            ],
            [
              0.6087614290087199,
              0.7933533402912357
            ],
            [
              0.6152315905806264,
              0.7883464276266067
            ],
            [
              0.6216605733700771,
              0.7832867492286506
            ],
            [
              0.6280479470713334,
              0.7781746437525985
            ],
            [
              0.6336325941076042,
              0.7736295454960503
            ],
            [
              0.6209232869463297,
              0.7581122005643331
            ]
          ]
        ]
      }
    },
    {
      "type": "Feature",
      "properties": {
        "cell_id": "NCEP2000_r024_c002",
        "method": "Harmonic",
        "view": "annulus"
      },
      "geometry": {
        "type": "Polygon",
        "coordinates": [
          [
            [
              -0.8824968981693112,
              0.3685866913720986
            ],
            [
              -0.8830791384700571,
              0.3666888266448637
            ],
            [
              -0.9036688109442169,
              0.3542025035872024
            ],
            [
              -0.9329827764257173,
              0.35992070544726296
            ],
            [
              -0.9300172236840122,
              0.36751593659470333
            ],
            [
              -0.9269794004668331,
              0.37511223801703764
            ],
            [
              -0.923879532511287,
              0.3826834323650892
            ],
            [
              -0.9207178272982478,
              0.39022901288242773
            ],
            [
              -0.9177227594134991,
              0.3972159773378466
            ],
            [
              -0.8824968981693112,
              0.3685866913720986
            ]
          ]
        ]
      }
    },
    {
      "type": "Feature",
      "properties": {
        "cell_id": "NCEP2000_r024_c003",
        "method": "Harmonic",
        "view": "annulus"
      },
      "geometry": {
        "type": "Polygon",
        "coordinates": [
          [
            [
              -0.8819420368744487,
              0.40007697277824833
            ],
            [
              -0.8706819294889033,
              0.3794839130676536
            ],
            [
              -0.8824968981693111,
              0.36858669137209865
            ],
            [
              -0.9177227594134991,
              0.39721597733784664
            ],
            [
              -0.9174944964474915,
              0.3977484745270106
            ],
            [
              -0.9142097557035308,
              0.40524131400498964
            ],
            [
              -0.9130532074031203,
              0.4078218996419322
            ],
            [
              -0.8819420368744487,
              0.40007697277824833
            ]
          ]
        ]
      }
    },
    {
      "type": "Feature",
      "properties": {
        "cell_id": "NCEP2000_r024_c004",
        "method": "Harmonic",
        "view": "annulus"
      },
      "geometry": {
        "type": "Polygon",
        "coordinates": [
          [
            [
              -0.860952141498505,
              0.41787959995398755
            ],
            [
              -0.8473817644087569,
              0.39303224386137975
            ],
            [
              -0.860237895233464,
              0.37986989844634866
            ],
            [
              -0.8706819294889034,
              0.3794839130676536
            ],
            [
              -0.8819420368744488,
              0.4000769727782485
            ],
            [
              -0.8632180754194574,
              0.41755867462490626
            ],
            [
              -0.860952141498505,
              0.41787959995398755
            ]
          ]
        ]
      }
    },
    {
      "type": "Feature",
      "properties": {
        "cell_id": "NCEP2000_r024_c005",
        "method": "Harmonic",
        "view": "annulus"
      },
      "geometry": {
        "type": "Polygon",
        "coordinates": [
          [
            [
              -0.8351552484424958,
              0.43208176128942755
            ],
            [
              -0.8219628232750704,
              0.4077699653026961
            ],
            [
              -0.8341181584313112,
              0.39334581165055665
            ],
            [
              -0.8473817644087568,
              0.3930322438613797
            ],
            [
              -0.8609521414985049,
              0.4178795999539879
            ],
            [
              -0.8524571677520978,
              0.42925635081457686
            ],
            [
              -0.8351552484424958,
              0.43208176128942755
            ]
          ]
        ]
      }
    },
    {
      "type": "Feature",
      "properties": {
        "cell_id": "NCEP2000_r024_c006",
        "method": "Harmonic",
        "view": "annulus"
      },
      "geometry": {
        "type": "Polygon",
        "coordinates": [
          [
            [
              -0.806383936848497,
              0.4470872326455146
            ],
            [
              -0.7937757676736814,
              0.42355141380688033
            ],
            [
              -0.8044339411633395,
              0.4081759769899141
            ],
            [
              -0.8219628232750705,
              0.40776996530269616
            ],
            [
              -0.8351552484424959,
              0.4320817612894275
            ],
            [
              -0.8277401395225364,
              0.44340890584697706
            ],
            [
              -0.806383936848497,
              0.4470872326455146
            ]
          ]
        ]
      }
    },
    {
      "type": "Feature",
      "properties": {
        "cell_id": "NCEP2000_r024_c007",
        "method": "Harmonic",
        "view": "annulus"
      },
      "geometry": {
        "type": "Polygon",
        "coordinates": [
          [
            [
              -0.7742442665413686,
              0.4635874485116557
            ],
            [
              -0.7618974998008406,
              0.4398618811836236
            ],
            [
              -0.770219682924066,
              0.4247077969496416
            ],
            [
              -0.7937757676736813,
              0.4235514138068804
            ],
            [
              -0.8063839368484969,
              0.4470872326455147
            ],
            [
              -0.7999543017202954,
              0.4586979840574285
            ],
            [
              -0.7742442665413686,
              0.4635874485116557
            ]
          ]
        ]
      }
    },
    {
      "type": "Feature",
      "properties": {
        "cell_id": "NCEP2000_r024_c008",
        "method": "Harmonic",
        "view": "annulus"
      },
      "geometry": {
        "type": "Polygon",
        "coordinates": [
          [
            [
              -0.7381956080245767,
              0.48227829972229824
            ],
            [
              -0.7251352807668877,
              0.455901521369456
            ],
            [
              -0.7304449507190064,
              0.4435479964488311
            ],
            [
              -0.7618974998008405,
              0.43986188118362374
            ],
            [
              -0.7742442665413685,
              0.46358744851165573
            ],
            [
              -0.7691169740446686,
              0.4750295134513154
            ],
            [
              -0.7381956080245767,
              0.48227829972229824
            ]
          ]
        ]
      }
    },
    {
      "type": "Feature",
      "properties": {
        "cell_id": "NCEP2000_r024_c009",
        "method": "Harmonic",
        "view": "annulus"
      },
      "geometry": {
        "type": "Polygon",
        "coordinates": [
          [
            [
              -0.6975896677592688,
              0.5038290218757675
            ],
            [
              -0.6823155864314637,
              0.4709616328261202
            ],
            [
              -0.6841496216951755,
              0.4655658547758459
            ],
            [
              -0.7251352807668877,
              0.45590152136945594
            ],
            [
              -0.7381956080245768,
              0.4822782997222983
            ],
            [
              -0.734775387746002,
              0.4920478577834249
            ],
            [
              -0.6975896677592688,
              0.5038290218757675
            ]
          ]
        ]
      }
    },
    {
      "type": "Feature",
      "properties": {
        "cell_id": "NCEP2000_r024_c010",
        "method": "Harmonic",
        "view": "annulus"
      },
      "geometry": {
        "type": "Polygon",
        "coordinates": [
          [
            [
              -0.6510650293562916,
              0.5272196234462487
            ],
            [
              -0.6348156122670687,
              0.48997221767469856
            ],
            [
              -0.6823155864314637,
              0.4709616328261201
            ],
            [
              -0.6975896677592688,
              0.5038290218757675
            ],
            [
              -0.69611717999933,
              0.5093018286058033
            ],
            [
              -0.6532144566051102,
              0.5282609017857103
            ],
            [
              -0.6510650293562916,
              0.5272196234462487
            ]
          ]
        ]
      }
    },
    {
      "type": "Feature",
      "properties": {
        "cell_id": "NCEP2000_r024_c011",
        "method": "Harmonic",
        "view": "annulus"
      },
      "geometry": {
        "type": "Polygon",
        "coordinates": [
          [
            [
              -0.5964241875113756,
              0.5485362129492477
            ],
            [
              -0.582444892006554,
              0.5148109556944792
            ],
            [
              -0.6292898457516743,
              0.48698936961020045
            ],
            [
              -0.6348156122670686,
              0.48997221767469856
            ],
            [
              -0.6510650293562914,
              0.5272196234462486
            ],
            [
              -0.6076668837433638,
              0.5535269283628862
            ],
            [
              -0.5964241875113756,
              0.5485362129492477
            ]
          ]
        ]
      }
    },
    {
      "type": "Feature",
      "properties": {
        "cell_id": "NCEP2000_r024_c012",
        "method": "Harmonic",
        "view": "annulus"
      },
      "geometry": {
        "type": "Polygon",
        "coordinates": [
          [
            [
              -0.5352669140465459,
              0.5722755143292022
            ],
            [
              -0.5228338714785299,
              0.5409589153017743
            ],
            [
              -0.5654128852233417,
              0.5065979766011076
            ],
            [
              -0.582444892006554,
              0.5148109556944793
            ],
            [
              -0.5964241875113755,
              0.5485362129492477
            ],
            [
              -0.5564790139283394,
              0.5804735532261454
            ],
            [
              -0.5352669140465459,
              0.5722755143292022
            ]
          ]
        ]
      }
    },
    {
      "type": "Feature",
      "properties": {
        "cell_id": "NCEP2000_r024_c013",
        "method": "Harmonic",
        "view": "annulus"
      },
      "geometry": {
        "type": "Polygon",
        "coordinates": [
          [
            [
              -0.46730106566569446,
              0.5985026389401096
            ],
            [
              -0.4559391123772827,
              0.5684555252037636
            ],
            [
              -0.493991957976509,
              0.5288939593745681
            ],
            [
              -0.52283387147853,
              0.5409589153017743
            ],
            [
              -0.535266914046546,
              0.5722755143292022
            ],
            [
              -0.49917611979673693,
              0.6087179495770576
            ],
            [
              -0.46730106566569446,
              0.5985026389401096
            ]
          ]
        ]
      }
    },
    {
      "type": "Feature",
      "properties": {
        "cell_id": "NCEP2000_r024_c014",
        "method": "Harmonic",
        "view": "annulus"
      },
      "geometry": {
        "type": "Polygon",
        "coordinates": [
          [
            [
              -0.3921117935617056,
              0.6265617901673449
            ],
            [
              -0.3816641726066636,
              0.597144529083171
            ],
            [
              -0.4149514838283376,
              0.5537966438212185
            ],
            [
              -0.45593911237728274,
              0.5684555252037637
            ],
            [
              -0.46730106566569446,
              0.5985026389401095
            ],
            [
              -0.4353607126710016,
              0.6376392788605135
            ],
            [
              -0.3921117935617056,
              0.6265617901673449
            ]
          ]
        ]
      }
    },
    {
      "type": "Feature",
      "properties": {
        "cell_id": "NCEP2000_r024_c015",
        "method": "Harmonic",
        "view": "annulus"
      },
      "geometry": {
        "type": "Polygon",
        "coordinates": [
          [
            [
              -0.30935552262059757,
              0.6552558059733662
            ],
            [
              -0.29981937845557405,
              0.6265596138640448
            ],
            [
              -0.328113016021037,
              0.5808731810758336
            ],
            [
              -0.3816641726066636,
              0.597144529083171
            ],
            [
              -0.3921117935617056,
              0.6265617901673449
            ],
            [
              -0.36454931057488793,
              0.6663917037135764
            ],
            [
              -0.30935552262059757,
              0.6552558059733662
            ]
          ]
        ]
      }
    },
    {
      "type": "Feature",
      "properties": {
        "cell_id": "NCEP2000_r024_c016",
        "method": "Harmonic",
        "view": "annulus"
      },
      "geometry": {
        "type": "Polygon",
        "coordinates": [
          [
            [
              -0.2192176496619903,
              0.6843516592232752
            ],
            [
              -0.21027601451731825,
              0.6557471155327895
            ],
            [
              -0.23335762337565502,
              0.6098664106641991
            ],
            [
              -0.29981937845557405,
              0.6265596138640449
            ],
            [
              -0.3093555226205975,
              0.6552558059733661
            ],
            [
              -0.2862454403382807,
              0.6944490914012346
            ],
            [
              -0.2192176496619903,
              0.6843516592232752
            ]
          ]
        ]
      }
    },
    {
      "type": "Feature",
      "properties": {
        "cell_id": "NCEP2000_r024_c017",
        "method": "Harmonic",
        "view": "annulus"
      },
      "geometry": {
        "type": "Polygon",
        "coordinates": [
          [
            [
              -0.12229468382233073,
              0.7144354958568554
            ],
            [
              -0.1129997667345889,
              0.6834275000244694
            ],
            [
              -0.13082082133532325,
              0.640886128674779
            ],
            [
              -0.21027601451731825,
              0.6557471155327895
            ],
            [
              -0.2192176496619903,
              0.6843516592232752
            ],
            [
              -0.20066392225594404,
              0.7216188833400405
            ],
            [
              -0.12229468382233073,
              0.7144354958568554
            ]
          ]
        ]
      }
    },
    {
      "type": "Feature",
      "properties": {
        "cell_id": "NCEP2000_r024_c018",
        "method": "Harmonic",
        "view": "annulus"
      },
      "geometry": {
        "type": "Polygon",
        "coordinates": [
          [
            [
              -0.01960497164527067,
              0.7470686930651069
            ],
            [
              -0.00832446503395548,
              0.7093655518205124
            ],
            [
              -0.021125561907939724,
              0.6744449356454973
            ],
            [
              -0.11299976673458895,
              0.6834275000244696
            ],
            [
              -0.12229468382233069,
              0.7144354958568553
            ],
            [
              -0.10834912725353738,
              0.7481458357612669
            ],
            [
              -0.01960497164527067,
              0.7470686930651069
            ]
          ]
        ]
      }
    },
    {
      "type": "Feature",
      "properties": {
        "cell_id": "NCEP2000_r024_c019",
        "method": "Harmonic",
        "view": "annulus"
      },
      "geometry": {
        "type": "Polygon",
        "coordinates": [
          [
            [
              0.08770127953674278,
              0.7836483212111495
            ],
            [
              0.10302988645073453,
              0.7368193947185551
            ],
            [
              0.09437011063188726,
              0.7110040460473729
            ],
            [
              -0.008324465033955467,
              0.7093655518205124
            ],
            [
              -0.019604971645270683,
              0.747068693065107
            ],
            [
              -0.01021390499124833,
              0.774776961091853
            ],
            [
              0.08770127953674278,
              0.7836483212111495
            ]
          ]
        ]
      }
    },
    {
      "type": "Feature",
      "properties": {
        "cell_id": "NCEP2000_r024_c020",
        "method": "Harmonic",
        "view": "annulus"
      },
      "geometry": {
        "type": "Polygon",
        "coordinates": [
          [
            [
              0.22063562280820592,
              0.7736321111129973
            ],
            [
              0.21356808343376865,
              0.751200685966566
            ],
            [
              0.10302988645073459,
              0.736819394718555
            ],
            [
              0.08770127953674275,
              0.7836483212111496
            ],
            [
              0.09297874631867578,
              0.8041381146203915
            ],
            [
              0.19861285247333385,
              0.8272953397527655
            ],
            [
              0.22063562280820592,
              0.7736321111129973
            ]
          ]
        ]
      }
    },
    {
      "type": "Feature",
      "properties": {
        "cell_id": "NCEP2000_r024_c021",
        "method": "Harmonic",
        "view": "annulus"
      },
      "geometry": {
        "type": "Polygon",
        "coordinates": [
          [
            [
              0.34508096808871785,
              0.8263561580232812
            ],
            [
              0.3356479327892711,
              0.7971921292464568
            ],
            [
              0.22063562280820595,
              0.7736321111129975
            ],
            [
              0.19861285247333385,
              0.8272953397527657
            ],
            [
              0.20015215668592018,
              0.8380942810889285
            ],
            [
              0.2962186971475064,
              0.8780476268100196
            ],
            [
              0.3371430054464842,
              0.8404289383483439
            ],
            [
              0.34508096808871785,
              0.8263561580232812
            ]
          ]
        ]
      }
    },
    {
      "type": "Feature",
      "properties": {
        "cell_id": "NCEP2000_r024_c022",
        "method": "Harmonic",
        "view": "annulus"
      },
      "geometry": {
        "type": "Polygon",
        "coordinates": [
          [
            [
              0.4627472097998486,
              0.855052913502174
            ],
            [
              0.3450809680887178,
              0.8263561580232812
            ],
            [
              0.3371430054464841,
              0.8404289383483439
            ],
            [
              0.37231239760098506,
              0.9280990796037448
            ],
            [
              0.37511223801703714,
              0.9269794004668332
            ],
            [
              0.38268343236508917,
              0.923879532511287
            ],
            [
              0.3902290128824277,
              0.9207178272982478
            ],
            [
              0.3977484745270101,
              0.9174944964474917
            ],
            [
              0.4052413140049892,
              0.9142097557035309
            ],
            [
              0.41270702980439433,
              0.910863824921176
            ],
            [
              0.42014512222870226,
              0.9074569280508188
            ],
            [
              0.42755509343028136,
              0.9039892931234437
            ],
            [
              0.4349364474437166,
              0.9004611522353638
            ],
            [
              0.442288690219001,
              0.8968727415326885
            ],
            [
              0.4496113296546058,
              0.8932243011955158
            ],
            [
              0.4569038756304201,
              0.8895160754218563
            ],
            [
              0.4641658400405512,
              0.8857483124112907
            ],
            [
              0.4713967368259968,
              0.8819212643483555
            ],
            [
              0.47595619474364415,
              0.8794601510206539
            ],
            [
              0.4627472097998486,
              0.855052913502174
            ]
          ]
        ]
      }
    },
    {
      "type": "Feature",
      "properties": {
        "cell_id": "NCEP2000_r025_c002",
        "method": "Harmonic",
        "view": "annulus"
      },
      "geometry": {
        "type": "Polygon",
        "coordinates": [
          [
            [
              -0.8632180754194573,
              0.4175586746249063
            ],
            [
              -0.8819420368744488,
              0.40007697277824833
            ],
            [
              -0.9130532074031203,
              0.4078218996419322
            ],
            [
              -0.910863824921176,
              0.4127070298043944
            ],
            [
              -0.9074569280508189,
              0.42014512222870193
            ],
            [
              -0.9039892931234434,
              0.4275550934302818
            ],
            [
              -0.9004611522353638,
              0.4349364474437167
            ],
            [
              -0.8993133096071999,
              0.4372882455987578
            ],
            [
              -0.8632180754194573,
              0.4175586746249063
            ]
          ]
        ]
      }
    },
    {
      "type": "Feature",
      "properties": {
        "cell_id": "NCEP2000_r025_c003",
        "method": "Harmonic",
        "view": "annulus"
      },
      "geometry": {
        "type": "Polygon",
        "coordinates": [
          [
            [
              -0.8719341763451539,
              0.4621356452877683
            ],
            [
              -0.8524571677520979,
              0.4292563508145769
            ],
            [
              -0.8609521414985051,
              0.4178795999539876
            ],
            [
              -0.8632180754194575,
              0.4175586746249063
            ],
            [
              -0.8993133096071999,
              0.4372882455987577
            ],
            [
              -0.8968727415326884,
              0.4422886902190011
            ],
            [
              -0.8932243011955155,
              0.44961132965460626
            ],
            [
              -0.8895160754218563,
              0.4569038756304202
            ],
            [
              -0.8857483124112907,
              0.4641658400405513
            ],
            [
              -0.8836927938251002,
              0.46804957562288113
            ],
            [
              -0.8719341763451539,
              0.4621356452877683
            ]
          ]
        ]
      }
    },
    {
      "type": "Feature",
      "properties": {
        "cell_id": "NCEP2000_r025_c004",
        "method": "Harmonic",
        "view": "annulus"
      },
      "geometry": {
        "type": "Polygon",
        "coordinates": [
          [
            [
              -0.8389476441615633,
              0.4640441308333861
            ],
            [
              -0.8277401395225366,
              0.4434089058469771
            ],
            [
              -0.835155248442496,
              0.4320817612894275
            ],
            [
              -0.8524571677520979,
              0.4292563508145768
            ],
            [
              -0.871934176345154,
              0.46213564528776807
            ],
            [
              -0.8389476441615633,
              0.4640441308333861
            ]
          ]
        ]
      }
    },
    {
      "type": "Feature",
      "properties": {
        "cell_id": "NCEP2000_r025_c005",
        "method": "Harmonic",
        "view": "annulus"
      },
      "geometry": {
        "type": "Polygon",
        "coordinates": [
          [
            [
              -0.8136852058418137,
              0.4845829698157115
            ],
            [
              -0.7999543017202954,
              0.4586979840574285
            ],
            [
              -0.8063839368484969,
              0.4470872326455146
            ],
            [
              -0.8277401395225367,
              0.44340890584697706
            ],
            [
              -0.8389476441615633,
              0.46404413083338625
            ],
            [
              -0.830864258811547,
              0.47914826061887356
            ],
            [
              -0.8136852058418137,
              0.4845829698157115
            ]
          ]
        ]
      }
    },
    {
      "type": "Feature",
      "properties": {
        "cell_id": "NCEP2000_r025_c006",
        "method": "Harmonic",
        "view": "annulus"
      },
      "geometry": {
        "type": "Polygon",
        "coordinates": [
          [
            [
              -0.7827447551704866,
              0.5005909266721373
            ],
            [
              -0.7691169740446686,
              0.47502951345131544
            ],
            [
              -0.7742442665413686,
              0.46358744851165556
            ],
            [
              -0.7999543017202954,
              0.45869798405742845
            ],
            [
              -0.8136852058418137,
              0.48458296981571164
            ],
            [
              -0.8104370990443939,
              0.4914406788532728
            ],
            [
              -0.7827447551704866,
              0.5005909266721373
            ]
          ]
        ]
      }
    },
    {
      "type": "Feature",
      "properties": {
        "cell_id": "NCEP2000_r025_c007",
        "method": "Harmonic",
        "view": "annulus"
      },
      "geometry": {
        "type": "Polygon",
        "coordinates": [
          [
            [
              -0.748794153508963,
              0.5182848311745053
            ],
            [
              -0.7347753877460019,
              0.4920478577834251
            ],
            [
              -0.7381956080245768,
              0.4822782997222982
            ],
            [
              -0.7691169740446686,
              0.47502951345131533
            ],
            [
              -0.7827447551704866,
              0.5005909266721373
            ],
            [
              -0.7802043706439058,
              0.507106835720713
            ],
            [
              -0.748794153508963,
              0.5182848311745053
            ]
          ]
        ]
      }
    },
    {
      "type": "Feature",
      "properties": {
        "cell_id": "NCEP2000_r025_c008",
        "method": "Harmonic",
        "view": "annulus"
      },
      "geometry": {
        "type": "Polygon",
        "coordinates": [
          [
            [
              -0.7116624481773102,
              0.5387399432255872
            ],
            [
              -0.69611717999933,
              0.5093018286058034
            ],
            [
              -0.6975896677592688,
              0.5038290218757676
            ],
            [
              -0.734775387746002,
              0.4920478577834251
            ],
            [
              -0.748794153508963,
              0.5182848311745052
            ],
            [
              -0.7470554515921095,
              0.5241125835697131
            ],
            [
              -0.7116624481773102,
              0.5387399432255872
            ]
          ]
        ]
      }
    },
    {
      "type": "Feature",
      "properties": {
        "cell_id": "NCEP2000_r025_c009",
        "method": "Harmonic",
        "view": "annulus"
      },
      "geometry": {
        "type": "Polygon",
        "coordinates": [
          [
            [
              -0.6703295010537274,
              0.561404497378106
            ],
            [
              -0.6532144566051102,
              0.5282609017857103
            ],
            [
              -0.69611717999933,
              0.5093018286058034
            ],
            [
              -0.7116624481773102,
              0.5387399432255873
            ],
            [
              -0.7109365859925196,
              0.5421138247917499
            ],
            [
              -0.6718796497531622,
              0.5620797989678644
            ],
            [
              -0.6703295010537274,
              0.561404497378106
            ]
          ]
        ]
      }
    },
    {
      "type": "Feature",
      "properties": {
        "cell_id": "NCEP2000_r025_c010",
        "method": "Harmonic",
        "view": "annulus"
      },
      "geometry": {
        "type": "Polygon",
        "coordinates": [
          [
            [
              -0.6228745295200357,
              0.5837395005642406
            ],
            [
              -0.6076668837433636,
              0.5535269283628862
            ],
            [
              -0.6510650293562915,
              0.5272196234462486
            ],
            [
              -0.6532144566051102,
              0.5282609017857103
            ],
            [
              -0.6703295010537274,
              0.5614044973781059
            ],
            [
              -0.6309442827280143,
              0.5870451005309665
            ],
            [
              -0.6228745295200357,
              0.5837395005642406
            ]
          ]
        ]
      }
    },
    {
      "type": "Feature",
      "properties": {
        "cell_id": "NCEP2000_r025_c011",
        "method": "Harmonic",
        "view": "annulus"
      },
      "geometry": {
        "type": "Polygon",
        "coordinates": [
          [
            [
              -0.5702727305621274,
              0.6086241178942674
            ],
            [
              -0.5564790139283394,
              0.5804735532261454
            ],
            [
              -0.5964241875113755,
              0.5485362129492476
            ],
            [
              -0.6076668837433638,
              0.5535269283628862
            ],
            [
              -0.6228745295200357,
              0.5837395005642406
            ],
            [
              -0.5859701467534582,
              0.6143431501751382
            ],
            [
              -0.5702727305621274,
              0.6086241178942674
            ]
          ]
        ]
      }
    },
    {
      "type": "Feature",
      "properties": {
        "cell_id": "NCEP2000_r025_c012",
        "method": "Harmonic",
        "view": "annulus"
      },
      "geometry": {
        "type": "Polygon",
        "coordinates": [
          [
            [
              -0.5122686126902078,
              0.6365169387378536
            ],
            [
              -0.499176119796737,
              0.6087179495770577
            ],
            [
              -0.535266914046546,
              0.5722755143292023
            ],
            [
              -0.5564790139283394,
              0.5804735532261454
            ],
            [
              -0.5702727305621272,
              0.6086241178942673
            ],
            [
              -0.5363491227369492,
              0.6437503926832246
            ],
            [
              -0.5122686126902078,
              0.6365169387378536
            ]
          ]
        ]
      }
    },
    {
      "type": "Feature",
      "properties": {
        "cell_id": "NCEP2000_r025_c013",
        "method": "Harmonic",
        "view": "annulus"
      },
      "geometry": {
        "type": "Polygon",
        "coordinates": [
          [
            [
              -0.4483323058870878,
              0.6673352549437539
            ],
            [
              -0.4353607126710017,
              0.6376392788605135
            ],
            [
              -0.4673010656656944,
              0.5985026389401096
            ],
            [
              -0.49917611979673693,
              0.6087179495770576
            ],
            [
              -0.512268612690208,
              0.6365169387378536
            ],
            [
              -0.4815730000494325,
              0.6747518825501261
            ],
            [
              -0.4483323058870878,
              0.6673352549437539
            ]
          ]
        ]
      }
    },
    {
      "type": "Feature",
      "properties": {
        "cell_id": "NCEP2000_r025_c014",
        "method": "Harmonic",
        "view": "annulus"
      },
      "geometry": {
        "type": "Polygon",
        "coordinates": [
          [
            [
              -0.37735077117427507,
              0.6996176637915668
            ],
            [
              -0.3645493105748879,
              0.6663917037135763
            ],
            [
              -0.39211179356170556,
              0.6265617901673448
            ],
            [
              -0.4353607126710016,
              0.6376392788605135
            ],
            [
              -0.4483323058870877,
              0.6673352549437539
            ],
            [
              -0.4211102685801388,
              0.7060591035867433
            ],
            [
              -0.37735077117427507,
              0.6996176637915668
            ]
          ]
        ]
      }
    },
    {
      "type": "Feature",
      "properties": {
        "cell_id": "NCEP2000_r025_c015",
        "method": "Harmonic",
        "view": "annulus"
      },
      "geometry": {
        "type": "Polygon",
        "coordinates": [
          [
            [
              -0.29833655343913745,
              0.7299999972934108
            ],
            [
              -0.28624544033828075,
              0.6944490914012346
            ],
            [
              -0.30935552262059757,
              0.6552558059733661
            ],
            [
              -0.36454931057488793,
              0.6663917037135765
            ],
            [
              -0.37735077117427507,
              0.699617663791567
            ],
            [
              -0.3542975432229084,
              0.7354327762360137
            ],
            [
              -0.29833655343913745,
              0.7299999972934108
            ]
          ]
        ]
      }
    },
    {
      "type": "Feature",
      "properties": {
        "cell_id": "NCEP2000_r025_c016",
        "method": "Harmonic",
        "view": "annulus"
      },
      "geometry": {
        "type": "Polygon",
        "coordinates": [
          [
            [
              -0.2121040945636452,
              0.7585520338553663
            ],
            [
              -0.20066392225594407,
              0.7216188833400405
            ],
            [
              -0.21921764966199034,
              0.6843516592232752
            ],
            [
              -0.2862454403382807,
              0.6944490914012346
            ],
            [
              -0.29833655343913745,
              0.7299999972934109
            ],
            [
              -0.2795513821913721,
              0.7623309669550783
            ],
            [
              -0.2121040945636452,
              0.7585520338553663
            ]
          ]
        ]
      }
    },
    {
      "type": "Feature",
      "properties": {
        "cell_id": "NCEP2000_r025_c017",
        "method": "Harmonic",
        "view": "annulus"
      },
      "geometry": {
        "type": "Polygon",
        "coordinates": [
          [
            [
              -0.11985744192786157,
              0.786233384724357
            ],
            [
              -0.1083491272535374,
              0.7481458357612669
            ],
            [
              -0.12229468382233076,
              0.7144354958568553
            ],
            [
              -0.20066392225594407,
              0.7216188833400405
            ],
            [
              -0.2121040945636452,
              0.7585520338553663
            ],
            [
              -0.197580961132889,
              0.787129633917035
            ],
            [
              -0.11985744192786157,
              0.786233384724357
            ]
          ]
        ]
      }
    },
    {
      "type": "Feature",
      "properties": {
        "cell_id": "NCEP2000_r025_c018",
        "method": "Harmonic",
        "view": "annulus"
      },
      "geometry": {
        "type": "Polygon",
        "coordinates": [
          [
            [
              -0.023201617231582157,
              0.8166525656409096
            ],
            [
              -0.010213904991248366,
              0.7747769610918529
            ],
            [
              -0.019604971645270697,
              0.747068693065107
            ],
            [
              -0.1083491272535374,
              0.7481458357612668
            ],
            [
              -0.1198574419278616,
              0.786233384724357
            ],
            [
              -0.10922094464503701,
              0.8116750990943792
            ],
            [
              -0.023201617231582157,
              0.8166525656409096
            ]
          ]
        ]
      }
    },
    {
      "type": "Feature",
      "properties": {
        "cell_id": "NCEP2000_r025_c019",
        "method": "Harmonic",
        "view": "annulus"
      },
      "geometry": {
        "type": "Polygon",
        "coordinates": [
          [
            [
              0.0768637711330464,
              0.8503832258950669
            ],
            [
              0.09297874631867578,
              0.8041381146203915
            ],
            [
              0.08770127953674281,
              0.7836483212111497
            ],
            [
              -0.010213904991248395,
              0.7747769610918531
            ],
            [
              -0.023201617231582143,
              0.8166525656409097
            ],
            [
              -0.01666562995962493,
              0.836194993595571
            ],
            [
              0.0768637711330464,
              0.8503832258950669
            ]
          ]
        ]
      }
    },
    {
      "type": "Feature",
      "properties": {
        "cell_id": "NCEP2000_r025_c020",
        "method": "Harmonic",
        "view": "annulus"
      },
      "geometry": {
        "type": "Polygon",
        "coordinates": [
          [
            [
              0.1783800875673809,
              0.8918321646242391
            ],
            [
              0.20015215668592015,
              0.8380942810889283
            ],
            [
              0.19861285247333385,
              0.8272953397527656
            ],
            [
              0.09297874631867577,
              0.8041381146203916
            ],
            [
              0.07686377113304643,
              0.8503832258950669
            ],
            [
              0.0801390750810684,
              0.8646056414986157
            ],
            [
              0.1783800875673809,
              0.8918321646242391
            ]
          ]
        ]
      }
    },
    {
      "type": "Feature",
      "properties": {
        "cell_id": "NCEP2000_r025_c021",
        "method": "Harmonic",
        "view": "annulus"
      },
      "geometry": {
        "type": "Polygon",
        "coordinates": [
          [
            [
              0.2809529286894334,
              0.9468008724239265
            ],
            [
              0.2962186971475065,
              0.8780476268100196
            ],
            [
              0.20015215668592015,
              0.8380942810889283
            ],
            [
              0.17838008756738094,
              0.8918321646242391
            ],
            [
              0.17898005827686186,
              0.8961258952938375
            ],
            [
              0.19083696651866044,
              0.9049325183792154
            ],
            [
              0.2809529286894334,
              0.9468008724239265
            ]
          ]
        ]
      }
    },
    {
      "type": "Feature",
      "properties": {
        "cell_id": "NCEP2000_r025_c022",
        "method": "Harmonic",
        "view": "annulus"
      },
      "geometry": {
        "type": "Polygon",
        "coordinates": [
          [
            [
              0.3371430054464841,
              0.840428938348344
            ],
            [
              0.29621869714750654,
              0.8780476268100196
            ],
            [
              0.2809529286894334,
              0.9468008724239265
            ],
            [
              0.2844768100853286,
              0.9586762210651223
            ],
            [
              0.29028467725446205,
              0.9569403357322089
            ],
            [
              0.29810382504273897,
              0.9545334512183887
            ],
            [
              0.30590302009655285,
              0.9520626777139245
            ],
            [
              0.31368174039889113,
              0.9495281805930368
            ],
            [
              0.3214394653031615,
              0.9469301294951057
            ],
            [
              0.32917567556803823,
              0.9442686983133167
            ],
            [
              0.3368898533922196,
              0.9415440651830209
            ],
            [
              0.34458148244908027,
              0.9387564124698132
            ],
            [
              0.3522500479212327,
              0.935905926757326
            ],
            [
              0.3598950365349876,
              0.9329927988347391
            ],
            [
              0.3675159365947033,
              0.9300172236840122
            ],
            [
              0.372312397600985,
              0.9280990796037448
            ],
            [
              0.3371430054464841,
              0.840428938348344
            ]
          ]
        ]
      }
    },
    {
      "type": "Feature",
      "properties": {
        "cell_id": "NCEP2000_r026_c003",
        "method": "Harmonic",
        "view": "annulus"
      },
      "geometry": {
        "type": "Polygon",
        "coordinates": [
          [
            [
              -0.8308642588115468,
              0.47914826061887367
            ],
            [
              -0.8389476441615632,
              0.464044130833386
            ],
            [
              -0.8719341763451538,
              0.46213564528776824
            ],
            [
              -0.8836927938251002,
              0.46804957562288113
            ],
            [
              -0.8819212643483553,
              0.47139673682599725
            ],
            [
              -0.8780351873856628,
              0.4785960820071806
            ],
            [
              -0.874090341626759,
              0.4857633937163397
            ],
            [
              -0.8700869911087117,
              0.49289819222978354
            ],
            [
              -0.8660254037844388,
              0.4999999999999998
            ],
            [
              -0.8619502386792705,
              0.5069921820239964
            ],
            [
              -0.8308642588115468,
              0.47914826061887367
            ]
          ]
        ]
      }
    },
    {
      "type": "Feature",
      "properties": {
        "cell_id": "NCEP2000_r026_c004",
        "method": "Harmonic",
        "view": "annulus"
      },
      "geometry": {
        "type": "Polygon",
        "coordinates": [
          [
            [
              -0.8168116866329881,
              0.5038625125352322
            ],
            [
              -0.8104370990443938,
              0.4914406788532728
            ],
            [
              -0.8136852058418137,
              0.48458296981571153
            ],
            [
              -0.8308642588115469,
              0.4791482606188737
            ],
            [
              -0.8619502386792705,
              0.5069921820239964
            ],
            [
              -0.8619058515047745,
              0.5070683416876167
            ],
            [
              -0.8577286100002722,
              0.5141027441932216
            ],
            [
              -0.8569291381472911,
              0.5154242927198252
            ],
            [
              -0.8168116866329881,
              0.5038625125352322
            ]
          ]
        ]
      }
    },
    {
      "type": "Feature",
      "properties": {
        "cell_id": "NCEP2000_r026_c005",
        "method": "Harmonic",
        "view": "annulus"
      },
      "geometry": {
        "type": "Polygon",
        "coordinates": [
          [
            [
              -0.7923727184248629,
              0.531123420438506
            ],
            [
              -0.7802043706439057,
              0.5071068357207129
            ],
            [
              -0.7827447551704865,
              0.5005909266721373
            ],
            [
              -0.8104370990443938,
              0.49144067885327286
            ],
            [
              -0.816811686632988,
              0.5038625125352323
            ],
            [
              -0.8128919772091999,
              0.5253317592559763
            ],
            [
              -0.7923727184248629,
              0.531123420438506
            ]
          ]
        ]
      }
    },
    {
      "type": "Feature",
      "properties": {
        "cell_id": "NCEP2000_r026_c006",
        "method": "Harmonic",
        "view": "annulus"
      },
      "geometry": {
        "type": "Polygon",
        "coordinates": [
          [
            [
              -0.7470554515921096,
              0.5241125835697132
            ],
            [
              -0.7487941535089631,
              0.5182848311745053
            ],
            [
              -0.7802043706439058,
              0.5071068357207129
            ],
            [
              -0.792372718424863,
              0.5311234204385059
            ],
            [
              -0.7896023194520871,
              0.5400380007794389
            ],
            [
              -0.7629719469412723,
              0.5532254373336424
            ],
            [
              -0.7624344261314443,
              0.5530219854183381
            ],
            [
              -0.7470554515921096,
              0.5241125835697132
            ]
          ]
        ]
      }
    },
    {
      "type": "Feature",
      "properties": {
        "cell_id": "NCEP2000_r026_c007",
        "method": "Harmonic",
        "view": "annulus"
      },
      "geometry": {
        "type": "Polygon",
        "coordinates": [
          [
            [
              -0.7109365859925195,
              0.5421138247917499
            ],
            [
              -0.7116624481773102,
              0.5387399432255873
            ],
            [
              -0.7470554515921096,
              0.5241125835697131
            ],
            [
              -0.7624344261314443,
              0.5530219854183381
            ],
            [
              -0.7274507012188045,
              0.5711930380788636
            ],
            [
              -0.7269655504035393,
              0.5709985901540653
            ],
            [
              -0.7109365859925195,
              0.5421138247917499
            ]
          ]
        ]
      }
    },
    {
      "type": "Feature",
      "properties": {
        "cell_id": "NCEP2000_r026_c008",
        "method": "Harmonic",
        "view": "annulus"
      },
      "geometry": {
        "type": "Polygon",
        "coordinates": [
          [
            [
              -0.6883370338300496,
              0.5910949248295305
            ],
            [
              -0.6718796497531621,
              0.5620797989678643
            ],
            [
              -0.7109365859925196,
              0.5421138247917499
            ],
            [
              -0.7269655504035395,
              0.5709985901540654
            ],
            [
              -0.6911426678485817,
              0.5922155891291978
            ],
            [
              -0.6883370338300496,
              0.5910949248295305
            ]
          ]
        ]
      }
    },
    {
      "type": "Feature",
      "properties": {
        "cell_id": "NCEP2000_r026_c009",
        "method": "Harmonic",
        "view": "annulus"
      },
      "geometry": {
        "type": "Polygon",
        "coordinates": [
          [
            [
              -0.6460510065264762,
              0.6134195836867039
            ],
            [
              -0.6309442827280143,
              0.5870451005309664
            ],
            [
              -0.6703295010537271,
              0.5614044973781059
            ],
            [
              -0.6718796497531621,
              0.5620797989678644
            ],
            [
              -0.6883370338300495,
              0.5910949248295306
            ],
            [
              -0.6532442031597757,
              0.6161723984793318
            ],
            [
              -0.6460510065264762,
              0.6134195836867039
            ]
          ]
        ]
      }
    },
    {
      "type": "Feature",
      "properties": {
        "cell_id": "NCEP2000_r026_c010",
        "method": "Harmonic",
        "view": "annulus"
      },
      "geometry": {
        "type": "Polygon",
        "coordinates": [
          [
            [
              -0.5998162144344661,
              0.6383176613227708
            ],
            [
              -0.5859701467534583,
              0.6143431501751383
            ],
            [
              -0.622874529520036,
              0.5837395005642407
            ],
            [
              -0.6309442827280143,
              0.5870451005309666
            ],
            [
              -0.6460510065264762,
              0.613419583686704
            ],
            [
              -0.612738076009532,
              0.6428653313424557
            ],
            [
              -0.5998162144344661,
              0.6383176613227708
            ]
          ]
        ]
      }
    },
    {
      "type": "Feature",
      "properties": {
        "cell_id": "NCEP2000_r026_c011",
        "method": "Harmonic",
        "view": "annulus"
      },
      "geometry": {
        "type": "Polygon",
        "coordinates": [
          [
            [
              -0.5495586208204516,
              0.6664322010579716
            ],
            [
              -0.5363491227369491,
              0.6437503926832246
            ],
            [
              -0.5702727305621271,
              0.6086241178942673
            ],
            [
              -0.5859701467534582,
              0.6143431501751381
            ],
            [
              -0.5998162144344662,
              0.6383176613227709
            ],
            [
              -0.5689116499296495,
              0.6723065592371813
            ],
            [
              -0.5495586208204516,
              0.6664322010579716
            ]
          ]
        ]
      }
    },
    {
      "type": "Feature",
      "properties": {
        "cell_id": "NCEP2000_r026_c012",
        "method": "Harmonic",
        "view": "annulus"
      },
      "geometry": {
        "type": "Polygon",
        "coordinates": [
          [
            [
              -0.4953474067680684,
              0.6986489576910055
            ],
            [
              -0.4815730000494325,
              0.6747518825501261
            ],
            [
              -0.512268612690208,
              0.6365169387378536
            ],
            [
              -0.5363491227369492,
              0.6437503926832248
            ],
            [
              -0.5495586208204517,
              0.6664322010579717
            ],
            [
              -0.5213221205604874,
              0.7046496107317455
            ],
            [
              -0.4953474067680684,
              0.6986489576910055
            ]
          ]
        ]
      }
    },
    {
      "type": "Feature",
      "properties": {
        "cell_id": "NCEP2000_r026_c013",
        "method": "Harmonic",
        "view": "annulus"
      },
      "geometry": {
        "type": "Polygon",
        "coordinates": [
          [
            [
              -0.4367564143120331,
              0.7354980375590192
            ],
            [
              -0.42111026858013884,
              0.7060591035867434
            ],
            [
              -0.4483323058870879,
              0.6673352549437539
            ],
            [
              -0.48157300004943243,
              0.674751882550126
            ],
            [
              -0.49534740676806843,
              0.6986489576910057
            ],
            [
              -0.46947889471652643,
              0.7398024603175575
            ],
            [
              -0.4367564143120331,
              0.7354980375590192
            ]
          ]
        ]
      }
    },
    {
      "type": "Feature",
      "properties": {
        "cell_id": "NCEP2000_r026_c014",
        "method": "Harmonic",
        "view": "annulus"
      },
      "geometry": {
        "type": "Polygon",
        "coordinates": [
          [
            [
              -0.3710347194116753,
              0.7751164703220512
            ],
            [
              -0.35429754322290846,
              0.7354327762360138
            ],
            [
              -0.3773507711742752,
              0.699617663791567
            ],
            [
              -0.42111026858013884,
              0.7060591035867434
            ],
            [
              -0.4367564143120331,
              0.7354980375590192
            ],
            [
              -0.41265335167506706,
              0.7761299715690597
            ],
            [
              -0.3710347194116753,
              0.7751164703220512
            ]
          ]
        ]
      }
    },
    {
      "type": "Feature",
      "properties": {
        "cell_id": "NCEP2000_r026_c015",
        "method": "Harmonic",
        "view": "annulus"
      },
      "geometry": {
        "type": "Polygon",
        "coordinates": [
          [
            [
              -0.29472408423689905,
              0.8069713922289236
            ],
            [
              -0.27955138219137204,
              0.7623309669550783
            ],
            [
              -0.29833655343913745,
              0.7299999972934107
            ],
            [
              -0.3542975432229084,
              0.7354327762360136
            ],
            [
              -0.37103471941167543,
              0.7751164703220512
            ],
            [
              -0.3515015892063757,
              0.8063913502806005
            ],
            [
              -0.29472408423689905,
              0.8069713922289236
            ]
          ]
        ]
      }
    },
    {
      "type": "Feature",
      "properties": {
        "cell_id": "NCEP2000_r026_c016",
        "method": "Harmonic",
        "view": "annulus"
      },
      "geometry": {
        "type": "Polygon",
        "coordinates": [
          [
            [
              -0.2109854133211367,
              0.834014814130581
            ],
            [
              -0.19758096113288898,
              0.787129633917035
            ],
            [
              -0.21210409456364523,
              0.7585520338553663
            ],
            [
              -0.27955138219137204,
              0.7623309669550783
            ],
            [
              -0.294724084236899,
              0.8069713922289234
            ],
            [
              -0.2799009576797065,
              0.8316745906883514
            ],
            [
              -0.2109854133211367,
              0.834014814130581
            ]
          ]
        ]
      }
    },
    {
      "type": "Feature",
      "properties": {
        "cell_id": "NCEP2000_r026_c017",
        "method": "Harmonic",
        "view": "annulus"
      },
      "geometry": {
        "type": "Polygon",
        "coordinates": [
          [
            [
              -0.12199295669260507,
              0.8559467503720949
            ],
            [
              -0.10922094464503701,
              0.811675099094379
            ],
            [
              -0.11985744192786153,
              0.786233384724357
            ],
            [
              -0.19758096113288895,
              0.7871296339170352
            ],
            [
              -0.21098541332113663,
              0.834014814130581
            ],
            [
              -0.20111042667747434,
              0.8519244501904117
            ],
            [
              -0.12199295669260507,
              0.8559467503720949
            ]
          ]
        ]
      }
    },
    {
      "type": "Feature",
      "properties": {
        "cell_id": "NCEP2000_r026_c018",
        "method": "Harmonic",
        "view": "annulus"
      },
      "geometry": {
        "type": "Polygon",
        "coordinates": [
          [
            [
              -0.030412133248480695,
              0.8838118015246575
            ],
            [
              -0.016665629959624933,
              0.8361949935955709
            ],
            [
              -0.023201617231582136,
              0.8166525656409097
            ],
            [
              -0.10922094464503701,
              0.8116750990943791
            ],
            [
              -0.12199295669260506,
              0.855946750372095
            ],
            [
              -0.11409704661301648,
              0.8742017764475559
            ],
            [
              -0.030412133248480695,
              0.8838118015246575
            ]
          ]
        ]
      }
    },
    {
      "type": "Feature",
      "properties": {
        "cell_id": "NCEP2000_r026_c019",
        "method": "Harmonic",
        "view": "annulus"
      },
      "geometry": {
        "type": "Polygon",
        "coordinates": [
          [
            [
              0.0801390750810684,
              0.8646056414986157
            ],
            [
              0.07686377113304646,
              0.850383225895067
            ],
            [
              -0.016665629959624957,
              0.836194993595571
            ],
            [
              -0.030412133248480695,
              0.8838118015246575
            ],
            [
              -0.027326736582014274,
              0.8922089948722566
            ],
            [
              0.06271942113821671,
              0.9103639257476919
            ],
            [
              0.06495999060776528,
              0.9078749080042814
            ],
            [
              0.0801390750810684,
              0.8646056414986157
            ]
          ]
        ]
      }
    },
    {
      "type": "Feature",
      "properties": {
        "cell_id": "NCEP2000_r026_c020",
        "method": "Harmonic",
        "view": "annulus"
      },
      "geometry": {
        "type": "Polygon",
        "coordinates": [
          [
            [
              0.17898005827686186,
              0.8961258952938373
            ],
            [
              0.17838008756738094,
              0.8918321646242391
            ],
            [
              0.08013907508106843,
              0.8646056414986157
            ],
            [
              0.06495999060776525,
              0.9078749080042815
            ],
            [
              0.1413917967908371,
              0.9387608463483901
            ],
            [
              0.17267878335545536,
              0.905441684525453
            ],
            [
              0.17898005827686186,
              0.8961258952938373
            ]
          ]
        ]
      }
    },
    {
      "type": "Feature",
      "properties": {
        "cell_id": "NCEP2000_r026_c021",
        "method": "Harmonic",
        "view": "annulus"
      },
      "geometry": {
        "type": "Polygon",
        "coordinates": [
          [
            [
              0.28095292868943345,
              0.9468008724239265
            ],
            [
              0.19083696651866092,
              0.9049325183792157
            ],
            [
              0.20634515736133405,
              0.9784710285053102
            ],
            [
              0.21111155235896487,
              0.9774619749435719
            ],
            [
              0.21910124015686888,
              0.9757021300385288
            ],
            [
              0.22707626303437256,
              0.9738769792773339
            ],
            [
              0.2350360872059263,
              0.9719866448212795
            ],
            [
              0.24298017990326376,
              0.970031253194544
            ],
            [
              0.2509080094110593,
              0.9680109352757229
            ],
            [
              0.2588190451025203,
              0.9659258262890684
            ],
            [
              0.2667127574748982,
              0.96377606579544
            ],
            [
              0.2745886181849315,
              0.9615617976829621
            ],
            [
              0.28244610008421195,
              0.9592831701573937
            ],
            [
              0.28447681008532866,
              0.9586762210651223
            ],
            [
              0.28095292868943345,
              0.9468008724239265
            ]
          ]
        ]
      }
    },
    {
      "type": "Feature",
      "properties": {
        "cell_id": "NCEP2000_r027_c003",
        "method": "Harmonic",
        "view": "annulus"
      },
      "geometry": {
        "type": "Polygon",
        "coordinates": [
          [
            [
              -0.8128919772091999,
              0.5253317592559763
            ],
            [
              -0.8168116866329881,
              0.5038625125352322
            ],
            [
              -0.8569291381472911,
              0.5154242927198252
            ],
            [
              -0.8534939588627506,
              0.5211027366890231
            ],
            [
              -0.8492021815265792,
              0.5280678506503675
            ],
            [
              -0.8448535652497072,
              0.5349976198870969
            ],
            [
              -0.8404484010944383,
              0.5418915805747513
            ],
            [
              -0.8398765632009787,
              0.5427705585421049
            ],
            [
              -0.8128919772091999,
              0.5253317592559763
            ]
          ]
        ]
      }
    },
    {
      "type": "Feature",
      "properties": {
        "cell_id": "NCEP2000_r027_c004",
        "method": "Harmonic",
        "view": "annulus"
      },
      "geometry": {
        "type": "Polygon",
        "coordinates": [
          [
            [
              -0.7896023194520871,
              0.540038000779439
            ],
            [
              -0.7923727184248629,
              0.531123420438506
            ],
            [
              -0.8128919772092,
              0.5253317592559764
            ],
            [
              -0.8398765632009786,
              0.5427705585421049
            ],
            [
              -0.8359869839079468,
              0.5487492712856157
            ],
            [
              -0.8314696123025455,
              0.555570233019602
            ],
            [
              -0.8268965886356965,
              0.5623540092349727
            ],
            [
              -0.8222682189897753,
              0.569100145878898
            ],
            [
              -0.8187540175764253,
              0.5741335390820989
            ],
            [
              -0.7896023194520871,
              0.540038000779439
            ]
          ]
        ]
      }
    },
    {
      "type": "Feature",
      "properties": {
        "cell_id": "NCEP2000_r027_c005",
        "method": "Harmonic",
        "view": "annulus"
      },
      "geometry": {
        "type": "Polygon",
        "coordinates": [
          [
            [
              -0.775871088681499,
              0.5815264458626732
            ],
            [
              -0.7629719469412726,
              0.5532254373336424
            ],
            [
              -0.7896023194520873,
              0.5400380007794391
            ],
            [
              -0.8187540175764253,
              0.5741335390820989
            ],
            [
              -0.8175848131515839,
              0.5758081914178449
            ],
            [
              -0.8128466845916156,
              0.5824776968678016
            ],
            [
              -0.8080541504430734,
              0.5891082158243279
            ],
            [
              -0.8033542111683061,
              0.5954998295936061
            ],
            [
              -0.775871088681499,
              0.5815264458626732
            ]
          ]
        ]
      }
    },
    {
      "type": "Feature",
      "properties": {
        "cell_id": "NCEP2000_r027_c006",
        "method": "Harmonic",
        "view": "annulus"
      },
      "geometry": {
        "type": "Polygon",
        "coordinates": [
          [
            [
              -0.7274507012188045,
              0.5711930380788636
            ],
            [
              -0.7624344261314442,
              0.5530219854183381
            ],
            [
              -0.7629719469412726,
              0.5532254373336425
            ],
            [
              -0.775871088681499,
              0.5815264458626731
            ],
            [
              -0.7424201282422677,
              0.5988237586340245
            ],
            [
              -0.7420084133436672,
              0.5986655586356695
            ],
            [
              -0.7274507012188045,
              0.5711930380788636
            ]
          ]
        ]
      }
    },
    {
      "type": "Feature",
      "properties": {
        "cell_id": "NCEP2000_r027_c007",
        "method": "Harmonic",
        "view": "annulus"
      },
      "geometry": {
        "type": "Polygon",
        "coordinates": [
          [
            [
              -0.6911426678485817,
              0.5922155891291978
            ],
            [
              -0.7269655504035394,
              0.5709985901540653
            ],
            [
              -0.7274507012188045,
              0.5711930380788635
            ],
            [
              -0.7420084133436673,
              0.5986655586356696
            ],
            [
              -0.7111192435278421,
              0.6194913085595183
            ],
            [
              -0.7058370463524121,
              0.6174383623978381
            ],
            [
              -0.6911426678485817,
              0.5922155891291978
            ]
          ]
        ]
      }
    },
    {
      "type": "Feature",
      "properties": {
        "cell_id": "NCEP2000_r027_c008",
        "method": "Harmonic",
        "view": "annulus"
      },
      "geometry": {
        "type": "Polygon",
        "coordinates": [
          [
            [
              -0.6532442031597758,
              0.6161723984793318
            ],
            [
              -0.6883370338300495,
              0.5910949248295305
            ],
            [
              -0.6911426678485818,
              0.5922155891291979
            ],
            [
              -0.7058370463524122,
              0.6174383623978381
            ],
            [
              -0.6746207897245168,
              0.6417613126518087
            ],
            [
              -0.6672276043165367,
              0.6390432398715226
            ],
            [
              -0.6532442031597758,
              0.6161723984793318
            ]
          ]
        ]
      }
    },
    {
      "type": "Feature",
      "properties": {
        "cell_id": "NCEP2000_r027_c009",
        "method": "Harmonic",
        "view": "annulus"
      },
      "geometry": {
        "type": "Polygon",
        "coordinates": [
          [
            [
              -0.6127380760095319,
              0.6428653313424559
            ],
            [
              -0.6460510065264762,
              0.6134195836867039
            ],
            [
              -0.6532442031597758,
              0.6161723984793318
            ],
            [
              -0.6672276043165367,
              0.6390432398715225
            ],
            [
              -0.6374088571891124,
              0.6672313694126702
            ],
            [
              -0.6255639205649992,
              0.6631942869013552
            ],
            [
              -0.6127380760095319,
              0.6428653313424559
            ]
          ]
        ]
      }
    },
    {
      "type": "Feature",
      "properties": {
        "cell_id": "NCEP2000_r027_c010",
        "method": "Harmonic",
        "view": "annulus"
      },
      "geometry": {
        "type": "Polygon",
        "coordinates": [
          [
            [
              -0.5689116499296496,
              0.6723065592371813
            ],
            [
              -0.5998162144344661,
              0.6383176613227709
            ],
            [
              -0.612738076009532,
              0.6428653313424559
            ],
            [
              -0.6255639205649994,
              0.6631942869013552
            ],
            [
              -0.5979619979543067,
              0.6954883899418618
            ],
            [
              -0.5805889125135566,
              0.6901028708969996
            ],
            [
              -0.5689116499296496,
              0.6723065592371813
            ]
          ]
        ]
      }
    },
    {
      "type": "Feature",
      "properties": {
        "cell_id": "NCEP2000_r027_c011",
        "method": "Harmonic",
        "view": "annulus"
      },
      "geometry": {
        "type": "Polygon",
        "coordinates": [
          [
            [
              -0.5213221205604872,
              0.7046496107317455
            ],
            [
              -0.5495586208204517,
              0.6664322010579716
            ],
            [
              -0.5689116499296496,
              0.6723065592371813
            ],
            [
              -0.5805889125135565,
              0.6901028708969996
            ],
            [
              -0.5557519577401948,
              0.72685423416573
            ],
            [
              -0.5324517378539573,
              0.7206017865689363
            ],
            [
              -0.5213221205604872,
              0.7046496107317455
            ]
          ]
        ]
      }
    },
    {
      "type": "Feature",
      "properties": {
        "cell_id": "NCEP2000_r027_c012",
        "method": "Harmonic",
        "view": "annulus"
      },
      "geometry": {
        "type": "Polygon",
        "coordinates": [
          [
            [
              -0.46947889471652643,
              0.7398024603175575
            ],
            [
              -0.49534740676806854,
              0.6986489576910055
            ],
            [
              -0.5213221205604872,
              0.7046496107317454
            ],
            [
              -0.5324517378539574,
              0.7206017865689363
            ],
            [
              -0.5108586098805279,
              0.7622857461891759
            ],
            [
              -0.48206061618054735,
              0.7565981203270316
            ],
            [
              -0.46947889471652643,
              0.7398024603175575
            ]
          ]
        ]
      }
    },
    {
      "type": "Feature",
      "properties": {
        "cell_id": "NCEP2000_r027_c013",
        "method": "Harmonic",
        "view": "annulus"
      },
      "geometry": {
        "type": "Polygon",
        "coordinates": [
          [
            [
              -0.4313216084398545,
              0.8013711608817563
            ],
            [
              -0.412653351675067,
              0.7761299715690597
            ],
            [
              -0.43675641431203316,
              0.7354980375590191
            ],
            [
              -0.4694788947165264,
              0.7398024603175574
            ],
            [
              -0.48206061618054735,
              0.7565981203270316
            ],
            [
              -0.4632193206649848,
              0.8034747412636919
            ],
            [
              -0.4313216084398545,
              0.8013711608817563
            ]
          ]
        ]
      }
    },
    {
      "type": "Feature",
      "properties": {
        "cell_id": "NCEP2000_r027_c014",
        "method": "Harmonic",
        "view": "annulus"
      },
      "geometry": {
        "type": "Polygon",
        "coordinates": [
          [
            [
              -0.37261426721414415,
              0.8527579889413188
            ],
            [
              -0.35150158920637564,
              0.8063913502806005
            ],
            [
              -0.3710347194116753,
              0.7751164703220512
            ],
            [
              -0.41265335167506706,
              0.7761299715690598
            ],
            [
              -0.4313216084398545,
              0.8013711608817563
            ],
            [
              -0.41386666896832497,
              0.8438634475143715
            ],
            [
              -0.40500650012490313,
              0.8497502945167403
            ],
            [
              -0.37261426721414415,
              0.8527579889413188
            ]
          ]
        ]
      }
    },
    {
      "type": "Feature",
      "properties": {
        "cell_id": "NCEP2000_r027_c015",
        "method": "Harmonic",
        "view": "annulus"
      },
      "geometry": {
        "type": "Polygon",
        "coordinates": [
          [
            [
              -0.2965477477472058,
              0.8830862952798662
            ],
            [
              -0.2799009576797066,
              0.8316745906883515
            ],
            [
              -0.29472408423689905,
              0.8069713922289236
            ],
            [
              -0.35150158920637564,
              0.8063913502806006
            ],
            [
              -0.37261426721414415,
              0.8527579889413188
            ],
            [
              -0.35820481118060526,
              0.8779950369339035
            ],
            [
              -0.2965477477472058,
              0.8830862952798662
            ]
          ]
        ]
      }
    },
    {
      "type": "Feature",
      "properties": {
        "cell_id": "NCEP2000_r027_c016",
        "method": "Harmonic",
        "view": "annulus"
      },
      "geometry": {
        "type": "Polygon",
        "coordinates": [
          [
            [
              -0.21298152420015418,
              0.9090774404886304
            ],
            [
              -0.20111042667747434,
              0.8519244501904117
            ],
            [
              -0.21098541332113663,
              0.834014814130581
            ],
            [
              -0.2799009576797066,
              0.8316745906883514
            ],
            [
              -0.29654774774720577,
              0.883086295279866
            ],
            [
              -0.28610312733743626,
              0.9017238917280789
            ],
            [
              -0.21298152420015418,
              0.9090774404886304
            ]
          ]
        ]
      }
    },
    {
      "type": "Feature",
      "properties": {
        "cell_id": "NCEP2000_r027_c017",
        "method": "Harmonic",
        "view": "annulus"
      },
      "geometry": {
        "type": "Polygon",
        "coordinates": [
          [
            [
              -0.11409704661301646,
              0.874201776447556
            ],
            [
              -0.12199295669260503,
              0.8559467503720951
            ],
            [
              -0.2011104266774744,
              0.851924450190412
            ],
            [
              -0.21298152420015415,
              0.9090774404886304
            ],
            [
              -0.21006044628671633,
              0.9141091962367948
            ],
            [
              -0.12679154565135342,
              0.9202222931313072
            ],
            [
              -0.11409704661301646,
              0.874201776447556
            ]
          ]
        ]
      }
    },
    {
      "type": "Feature",
      "properties": {
        "cell_id": "NCEP2000_r027_c018",
        "method": "Harmonic",
        "view": "annulus"
      },
      "geometry": {
        "type": "Polygon",
        "coordinates": [
          [
            [
              -0.036964217759493614,
              0.9405658563542275
            ],
            [
              -0.027326736582014313,
              0.8922089948722565
            ],
            [
              -0.03041213324848066,
              0.8838118015246577
            ],
            [
              -0.11409704661301648,
              0.8742017764475559
            ],
            [
              -0.12679154565135348,
              0.9202222931313072
            ],
            [
              -0.12270540973779906,
              0.9303335038279076
            ],
            [
              -0.12007919836899725,
              0.9345826945302038
            ],
            [
              -0.04295431793977648,
              0.9478418820513227
            ],
            [
              -0.036964217759493614,
              0.9405658563542275
            ]
          ]
        ]
      }
    },
    {
      "type": "Feature",
      "properties": {
        "cell_id": "NCEP2000_r027_c019",
        "method": "Harmonic",
        "view": "annulus"
      },
      "geometry": {
        "type": "Polygon",
        "coordinates": [
          [
            [
              0.057994384750439255,
              0.93583902700261
            ],
            [
              0.06271942113821681,
              0.9103639257476919
            ],
            [
              -0.027326736582014354,
              0.8922089948722566
            ],
            [
              -0.03696421775949361,
              0.9405658563542274
            ],
            [
              0.04358759996464328,
              0.9618160586908023
            ],
            [
              0.057994384750439255,
              0.93583902700261
            ]
          ]
        ]
      }
    },
    {
      "type": "Feature",
      "properties": {
        "cell_id": "NCEP2000_r027_c020",
        "method": "Harmonic",
        "view": "annulus"
      },
      "geometry": {
        "type": "Polygon",
        "coordinates": [
          [
            [
              0.14139179679083727,
              0.9387608463483901
            ],
            [
              0.0649599906077652,
              0.9078749080042814
            ],
            [
              0.06271942113821682,
              0.9103639257476918
            ],
            [
              0.057994384750439255,
              0.93583902700261
            ],
            [
              0.1333535146616593,
              0.9808393056575472
            ],
            [
              0.14139179679083727,
              0.9387608463483901
            ]
          ]
        ]
      }
    },
    {
      "type": "Feature",
      "properties": {
        "cell_id": "NCEP2000_r027_c021",
        "method": "Harmonic",
        "view": "annulus"
      },
      "geometry": {
        "type": "Polygon",
        "coordinates": [
          [
            [
              0.19083696651866092,
              0.9049325183792157
            ],
            [
              0.1789800582768619,
              0.8961258952938375
            ],
            [
              0.1726787833554555,
              0.9054416845254529
            ],
            [
              0.18733561779570715,
              0.9822948369945347
            ],
            [
              0.19509032201612742,
              0.9807852804032307
            ],
            [
              0.2031077344077623,
              0.9791563962022338
            ],
            [
              0.20634515736133405,
              0.9784710285053102
            ],
            [
              0.19083696651866092,
              0.9049325183792157
            ]
          ]
        ]
      }
    },
    {
      "type": "Feature",
      "properties": {
        "cell_id": "NCEP2000_r028_c005",
        "method": "Harmonic",
        "view": "annulus"
      },
      "geometry": {
        "type": "Polygon",
        "coordinates": [
          [
            [
              -0.7571604712781149,
              0.6220713065700227
            ],
            [
              -0.7424201282422677,
              0.5988237586340245
            ],
            [
              -0.775871088681499,
              0.5815264458626731
            ],
            [
              -0.8033542111683062,
              0.595499829593606
            ],
            [
              -0.8032075314806453,
              0.5956993044924329
            ],
            [
              -0.7983071520990316,
              0.6022505217162818
            ],
            [
              -0.7933533402912354,
              0.6087614290087203
            ],
            [
              -0.7883464276266067,
              0.6152315905806264
            ],
            [
              -0.7832867492286506,
              0.6216605733700772
            ],
            [
              -0.7781746437525981,
              0.6280479470713338
            ],
            [
              -0.7730104533627371,
              0.6343932841636453
            ],
            [
              -0.7726655612985524,
              0.6348100481887151
            ],
            [
              -0.7571604712781149,
              0.6220713065700227
            ]
          ]
        ]
      }
    },
    {
      "type": "Feature",
      "properties": {
        "cell_id": "NCEP2000_r028_c006",
        "method": "Harmonic",
        "view": "annulus"
      },
      "geometry": {
        "type": "Polygon",
        "coordinates": [
          [
            [
              -0.7193930932056468,
              0.6346800887754198
            ],
            [
              -0.7111192435278422,
              0.6194913085595183
            ],
            [
              -0.7420084133436673,
              0.5986655586356696
            ],
            [
              -0.7424201282422676,
              0.5988237586340244
            ],
            [
              -0.757160471278115,
              0.622071306570023
            ],
            [
              -0.7193930932056468,
              0.6346800887754198
            ]
          ]
        ]
      }
    },
    {
      "type": "Feature",
      "properties": {
        "cell_id": "NCEP2000_r028_c007",
        "method": "Harmonic",
        "view": "annulus"
      },
      "geometry": {
        "type": "Polygon",
        "coordinates": [
          [
            [
              -0.6746207897245169,
              0.6417613126518087
            ],
            [
              -0.7058370463524122,
              0.6174383623978382
            ],
            [
              -0.7111192435278421,
              0.6194913085595184
            ],
            [
              -0.7193930932056469,
              0.6346800887754203
            ],
            [
              -0.7204967665440453,
              0.6412132680739003
            ],
            [
              -0.6927958214322133,
              0.6633681854458562
            ],
            [
              -0.6866783678655495,
              0.6609036911763042
            ],
            [
              -0.6746207897245169,
              0.6417613126518087
            ]
          ]
        ]
      }
    },
    {
      "type": "Feature",
      "properties": {
        "cell_id": "NCEP2000_r028_c008",
        "method": "Harmonic",
        "view": "annulus"
      },
      "geometry": {
        "type": "Polygon",
        "coordinates": [
          [
            [
              -0.6374088571891123,
              0.6672313694126702
            ],
            [
              -0.6672276043165367,
              0.6390432398715225
            ],
            [
              -0.6746207897245168,
              0.6417613126518085
            ],
            [
              -0.6866783678655495,
              0.6609036911763042
            ],
            [
              -0.6593647045947314,
              0.6881517673861101
            ],
            [
              -0.6489217540672583,
              0.6846026258152067
            ],
            [
              -0.6374088571891123,
              0.6672313694126702
            ]
          ]
        ]
      }
    },
    {
      "type": "Feature",
      "properties": {
        "cell_id": "NCEP2000_r028_c009",
        "method": "Harmonic",
        "view": "annulus"
      },
      "geometry": {
        "type": "Polygon",
        "coordinates": [
          [
            [
              -0.5979619979543067,
              0.6954883899418618
            ],
            [
              -0.6255639205649994,
              0.6631942869013553
            ],
            [
              -0.6374088571891122,
              0.6672313694126702
            ],
            [
              -0.6489217540672582,
              0.6846026258152066
            ],
            [
              -0.6240155963299884,
              0.7152546936152621
            ],
            [
              -0.6082147377563009,
              0.7105112137500386
            ],
            [
              -0.5979619979543067,
              0.6954883899418618
            ]
          ]
        ]
      }
    },
    {
      "type": "Feature",
      "properties": {
        "cell_id": "NCEP2000_r028_c010",
        "method": "Harmonic",
        "view": "annulus"
      },
      "geometry": {
        "type": "Polygon",
        "coordinates": [
          [
            [
              -0.5557519577401947,
              0.7268542341657298
            ],
            [
              -0.5805889125135564,
              0.6901028708969995
            ],
            [
              -0.5979619979543067,
              0.6954883899418617
            ],
            [
              -0.608214737756301,
              0.7105112137500386
            ],
            [
              -0.5860127110816344,
              0.7446256162076932
            ],
            [
              -0.5642020875653181,
              0.7386012373385105
            ],
            [
              -0.5557519577401947,
              0.7268542341657298
            ]
          ]
        ]
      }
    },
    {
      "type": "Feature",
      "properties": {
        "cell_id": "NCEP2000_r028_c011",
        "method": "Harmonic",
        "view": "annulus"
      },
      "geometry": {
        "type": "Polygon",
        "coordinates": [
          [
            [
              -0.5108586098805279,
              0.7622857461891758
            ],
            [
              -0.5324517378539574,
              0.7206017865689364
            ],
            [
              -0.5557519577401949,
              0.72685423416573
            ],
            [
              -0.5642020875653181,
              0.7386012373385104
            ],
            [
              -0.5456966896103767,
              0.7764755071635225
            ],
            [
              -0.5446060264275661,
              0.7768029474979686
            ],
            [
              -0.5166328156104465,
              0.7693951856713556
            ],
            [
              -0.5108586098805279,
              0.7622857461891758
            ]
          ]
        ]
      }
    },
    {
      "type": "Feature",
      "properties": {
        "cell_id": "NCEP2000_r028_c012",
        "method": "Harmonic",
        "view": "annulus"
      },
      "geometry": {
        "type": "Polygon",
        "coordinates": [
          [
            [
              -0.4632193206649848,
              0.8034747412636919
            ],
            [
              -0.4820606161805474,
              0.7565981203270316
            ],
            [
              -0.5108586098805279,
              0.7622857461891758
            ],
            [
              -0.5166328156104466,
              0.7693951856713557
            ],
            [
              -0.505707000928866,
              0.807573899599328
            ],
            [
              -0.49432230664671817,
              0.8121394594561515
            ],
            [
              -0.4642870984724738,
              0.8045062151045833
            ],
            [
              -0.4632193206649848,
              0.8034747412636919
            ]
          ]
        ]
      }
    },
    {
      "type": "Feature",
      "properties": {
        "cell_id": "NCEP2000_r028_c013",
        "method": "Harmonic",
        "view": "annulus"
      },
      "geometry": {
        "type": "Polygon",
        "coordinates": [
          [
            [
              -0.4138666689683249,
              0.8438634475143715
            ],
            [
              -0.43132160843985456,
              0.8013711608817563
            ],
            [
              -0.46321932066498483,
              0.8034747412636919
            ],
            [
              -0.46428709847247385,
              0.8045062151045833
            ],
            [
              -0.4652143256307332,
              0.8408019463898361
            ],
            [
              -0.4425486650591899,
              0.8533760870010528
            ],
            [
              -0.4138666689683249,
              0.8438634475143715
            ]
          ]
        ]
      }
    },
    {
      "type": "Feature",
      "properties": {
        "cell_id": "NCEP2000_r028_c014",
        "method": "Harmonic",
        "view": "annulus"
      },
      "geometry": {
        "type": "Polygon",
        "coordinates": [
          [
            [
              -0.3582048111806053,
              0.8779950369339035
            ],
            [
              -0.37261426721414426,
              0.8527579889413187
            ],
            [
              -0.4050065001249031,
              0.8497502945167402
            ],
            [
              -0.4302449985820747,
              0.9027035717864336
            ],
            [
              -0.4275550934302825,
              0.9039892931234431
            ],
            [
              -0.4201451222287026,
              0.9074569280508186
            ],
            [
              -0.41270702980439544,
              0.9108638249211755
            ],
            [
              -0.40524131400499036,
              0.9142097557035305
            ],
            [
              -0.3977484745270113,
              0.9174944964474913
            ],
            [
              -0.39022901288242884,
              0.9207178272982474
            ],
            [
              -0.38268343236509034,
              0.9238795325112865
            ],
            [
              -0.37774902703197805,
              0.9258998220810196
            ],
            [
              -0.3582048111806053,
              0.8779950369339035
            ]
          ]
        ]
      }
    },
    {
      "type": "Feature",
      "properties": {
        "cell_id": "NCEP2000_r028_c015",
        "method": "Harmonic",
        "view": "annulus"
      },
      "geometry": {
        "type": "Polygon",
        "coordinates": [
          [
            [
              -0.2861031273374364,
              0.9017238917280789
            ],
            [
              -0.2965477477472059,
              0.8830862952798662
            ],
            [
              -0.3582048111806053,
              0.8779950369339034
            ],
            [
              -0.3777490270319781,
              0.9258998220810195
            ],
            [
              -0.3751122380170383,
              0.9269794004668328
            ],
            [
              -0.36751593659470366,
              0.9300172236840121
            ],
            [
              -0.3598950365349888,
              0.9329927988347386
            ],
            [
              -0.35225004792123393,
              0.9359059267573255
            ],
            [
              -0.3445814824490806,
              0.9387564124698131
            ],
            [
              -0.3368898533922208,
              0.9415440651830205
            ],
            [
              -0.3291756755680394,
              0.9442686983133164
            ],
            [
              -0.3214394653031618,
              0.9469301294951056
            ],
            [
              -0.3136817403988923,
              0.9495281805930365
            ],
            [
              -0.305903020096554,
              0.952062677713924
            ],
            [
              -0.3024244951819559,
              0.9531646692828367
            ],
            [
              -0.2861031273374364,
              0.9017238917280789
            ]
          ]
        ]
      }
    },
    {
      "type": "Feature",
      "properties": {
        "cell_id": "NCEP2000_r028_c016",
        "method": "Harmonic",
        "view": "annulus"
      },
      "geometry": {
        "type": "Polygon",
        "coordinates": [
          [
            [
              -0.21006044628671638,
              0.9141091962367947
            ],
            [
              -0.21298152420015415,
              0.9090774404886304
            ],
            [
              -0.28610312733743637,
              0.9017238917280787
            ],
            [
              -0.30242449518195597,
              0.9531646692828367
            ],
            [
              -0.29810382504274013,
              0.9545334512183884
            ],
            [
              -0.29028467725446244,
              0.9569403357322088
            ],
            [
              -0.28244610008421317,
              0.9592831701573934
            ],
            [
              -0.27458861818493274,
              0.9615617976829618
            ],
            [
              -0.26671275747489853,
              0.9637760657954398
            ],
            [
              -0.2588190451025215,
              0.9659258262890681
            ],
            [
              -0.2509080094110605,
              0.9680109352757226
            ],
            [
              -0.24298017990326412,
              0.970031253194544
            ],
            [
              -0.23503608720592753,
              0.9719866448212793
            ],
            [
              -0.22707626303437378,
              0.9738769792773335
            ],
            [
              -0.2191012401568701,
              0.9757021300385285
            ],
            [
              -0.21490784062706283,
              0.9766257872556825
            ],
            [
              -0.21006044628671638,
              0.9141091962367947
            ]
          ]
        ]
      }
    },
    {
      "type": "Feature",
      "properties": {
        "cell_id": "NCEP2000_r028_c017",
        "method": "Harmonic",
        "view": "annulus"
      },
      "geometry": {
        "type": "Polygon",
        "coordinates": [
          [
            [
              -0.12270540973779911,
              0.9303335038279075
            ],
            [
              -0.12679154565135353,
              0.9202222931313071
            ],
            [
              -0.21006044628671636,
              0.9141091962367945
            ],
            [
              -0.21490784062706283,
              0.9766257872556825
            ],
            [
              -0.2111115523589661,
              0.9774619749435717
            ],
            [
              -0.2054221068852623,
              0.9786664397901507
            ],
            [
              -0.12270540973779911,
              0.9303335038279075
            ]
          ]
        ]
      }
    },
    {
      "type": "Feature",
      "properties": {
        "cell_id": "NCEP2000_r028_c018",
        "method": "Harmonic",
        "view": "annulus"
      },
      "geometry": {
        "type": "Polygon",
        "coordinates": [
          [
            [
              -0.0429543179397765,
              0.9478418820513228
            ],
            [
              -0.12007919836899716,
              0.934582694530204
            ],
            [
              -0.1274357184333056,
              0.9918388757626893
            ],
            [
              -0.12241067519921685,
              0.99247953459871
            ],
            [
              -0.11428696496684677,
              0.9934477790194444
            ],
            [
              -0.1061556052604576,
              0.9943495298293181
            ],
            [
              -0.09801714032956134,
              0.9951847266721968
            ],
            [
              -0.08987211489923544,
              0.9959533136465477
            ],
            [
              -0.08172107413366843,
              0.9966552393091803
            ],
            [
              -0.07356456359966825,
              0.9972904566786902
            ],
            [
              -0.06540312923014362,
              0.9978589232386035
            ],
            [
              -0.05723731728756891,
              0.9983606009402225
            ],
            [
              -0.04906767432741892,
              0.9987954562051723
            ],
            [
              -0.04527117996889712,
              0.9989664015749214
            ],
            [
              -0.0429543179397765,
              0.9478418820513228
            ]
          ]
        ]
      }
    },
    {
      "type": "Feature",
      "properties": {
        "cell_id": "NCEP2000_r028_c019",
        "method": "Harmonic",
        "view": "annulus"
      },
      "geometry": {
        "type": "Polygon",
        "coordinates": [
          [
            [
              0.04358759996464319,
              0.9618160586908023
            ],
            [
              -0.0369642177594936,
              0.9405658563542274
            ],
            [
              -0.0429543179397765,
              0.9478418820513227
            ],
            [
              -0.045271179968897124,
              0.9989664015749214
            ],
            [
              -0.04089474716158408,
              0.9991634599276488
            ],
            [
              -0.03271908282177651,
              0.9994645874763657
            ],
            [
              -0.02454122852291239,
              0.9996988186962042
            ],
            [
              -0.0163617316264875,
              0.9998661379095618
            ],
            [
              -0.008181139603937581,
              0.9999665339174011
            ],
            [
              -1.8369701987210297e-16,
              1.0
            ],
            [
              0.008181139603936325,
              0.9999665339174011
            ],
            [
              0.016361731626486246,
              0.9998661379095618
            ],
            [
              0.02454122852291202,
              0.9996988186962042
            ],
            [
              0.032719082821775256,
              0.9994645874763657
            ],
            [
              0.04089474716158283,
              0.9991634599276488
            ],
            [
              0.045271179968897256,
              0.9989664015749214
            ],
            [
              0.04358759996464319,
              0.9618160586908023
            ]
          ]
        ]
      }
    },
    {
      "type": "Feature",
      "properties": {
        "cell_id": "NCEP2000_r028_c020",
        "method": "Harmonic",
        "view": "annulus"
      },
      "geometry": {
        "type": "Polygon",
        "coordinates": [
          [
            [
              0.13335351466165934,
              0.9808393056575472
            ],
            [
              0.057994384750439304,
              0.93583902700261
            ],
            [
              0.04358759996464316,
              0.9618160586908026
            ],
            [
              0.04527117996889722,
              0.9989664015749214
            ],
            [
              0.04906767432741766,
              0.9987954562051724
            ],
            [
              0.05723731728756854,
              0.9983606009402225
            ],
            [
              0.06540312923014237,
              0.9978589232386036
            ],
            [
              0.07356456359966698,
              0.9972904566786902
            ],
            [
              0.08172107413366805,
              0.9966552393091803
            ],
            [
              0.08987211489923418,
              0.9959533136465478
            ],
            [
              0.09801714032956009,
              0.9951847266721969
            ],
            [
              0.10615560526045723,
              0.9943495298293181
            ],
            [
              0.11428696496684553,
              0.9934477790194445
            ],
            [
              0.1224106751992156,
              0.9924795345987101
            ],
            [
              0.13052619222005127,
              0.9914448613738105
            ],
            [
              0.13471802705220062,
              0.9908755419659435
            ],
            [
              0.13335351466165934,
              0.9808393056575472
            ]
          ]
        ]
      }
    },
    {
      "type": "Feature",
      "properties": {
        "cell_id": "NCEP2000_r028_c021",
        "method": "Harmonic",
        "view": "annulus"
      },
      "geometry": {
        "type": "Polygon",
        "coordinates": [
          [
            [
              0.17267878335545547,
              0.9054416845254528
            ],
            [
              0.14139179679083724,
              0.9387608463483901
            ],
            [
              0.13335351466165932,
              0.9808393056575471
            ],
            [
              0.13471802705220062,
              0.9908755419659436
            ],
            [
              0.13863297284022572,
              0.990343828597665
            ],
            [
              0.14673047445536108,
              0.9891765099647811
            ],
            [
              0.1548181550821406,
              0.9879429836063224
            ],
            [
              0.1628954733945886,
              0.986643332084879
            ],
            [
              0.17096188876030047,
              0.9852776423889413
            ],
            [
              0.1790168612766322,
              0.9838460059270775
            ],
            [
              0.18705985180683174,
              0.9823485185218157
            ],
            [
              0.18733561779570712,
              0.9822948369945348
            ],
            [
              0.17267878335545547,
              0.9054416845254528
            ]
          ]
        ]
      }
    },
    {
      "type": "Feature",
      "properties": {
        "cell_id": "NCEP2000_r029_c005",
        "method": "Harmonic",
        "view": "annulus"
      },
      "geometry": {
        "type": "Polygon",
        "coordinates": [
          [
            [
              -0.7204967665440453,
              0.6412132680739004
            ],
            [
              -0.7193930932056468,
              0.6346800887754198
            ],
            [
              -0.7571604712781146,
              0.622071306570023
            ],
            [
              -0.772665561298552,
              0.6348100481887154
            ],
            [
              -0.7677945237095123,
              0.6406961599398604
            ],
            [
              -0.7625272039063885,
              0.6469561525348569
            ],
            [
              -0.7572088465064848,
              0.6531728429537765
            ],
            [
              -0.7518398074789777,
              0.6593458151000685
            ],
            [
              -0.7465042319648565,
              0.6653799011508229
            ],
            [
              -0.7204967665440453,
              0.6412132680739004
            ]
          ]
        ]
      }
    },
    {
      "type": "Feature",
      "properties": {
        "cell_id": "NCEP2000_r029_c006",
        "method": "Harmonic",
        "view": "annulus"
      },
      "geometry": {
        "type": "Polygon",
        "coordinates": [
          [
            [
              -0.69925801838841,
              0.6725725586299348
            ],
            [
              -0.6927958214322133,
              0.6633681854458562
            ],
            [
              -0.7204967665440452,
              0.6412132680739002
            ],
            [
              -0.7465042319648565,
              0.6653799011508228
            ],
            [
              -0.7464204461852739,
              0.6654746558033421
            ],
            [
              -0.7409511253549593,
              0.6715589548470181
            ],
            [
              -0.7354322110615191,
              0.6775983049957882
            ],
            [
              -0.7298640726978358,
              0.683592302022871
            ],
            [
              -0.7242470829514672,
              0.6895405447370666
            ],
            [
              -0.7211239554350647,
              0.6927941135042577
            ],
            [
              -0.69925801838841,
              0.6725725586299348
            ]
          ]
        ]
      }
    },
    {
      "type": "Feature",
      "properties": {
        "cell_id": "NCEP2000_r029_c007",
        "method": "Harmonic",
        "view": "annulus"
      },
      "geometry": {
        "type": "Polygon",
        "coordinates": [
          [
            [
              -0.6593647045947314,
              0.6881517673861101
            ],
            [
              -0.6866783678655494,
              0.6609036911763041
            ],
            [
              -0.6927958214322133,
              0.6633681854458562
            ],
            [
              -0.6992580183884096,
              0.672572558629934
            ],
            [
              -0.672930350772501,
              0.7010524075864274
            ],
            [
              -0.6648218300079339,
              0.6956122720274128
            ],
            [
              -0.6593647045947314,
              0.6881517673861101
            ]
          ]
        ]
      }
    },
    {
      "type": "Feature",
      "properties": {
        "cell_id": "NCEP2000_r029_c008",
        "method": "Harmonic",
        "view": "annulus"
      },
      "geometry": {
        "type": "Polygon",
        "coordinates": [
          [
            [
              -0.6284964105624442,
              0.7214171407831133
            ],
            [
              -0.6240155963299885,
              0.7152546936152621
            ],
            [
              -0.6489217540672582,
              0.6846026258152067
            ],
            [
              -0.6593647045947315,
              0.6881517673861102
            ],
            [
              -0.664821830007934,
              0.6956122720274129
            ],
            [
              -0.6447078522106655,
              0.7300994606096765
            ],
            [
              -0.6284964105624442,
              0.7214171407831133
            ]
          ]
        ]
      }
    },
    {
      "type": "Feature",
      "properties": {
        "cell_id": "NCEP2000_r029_c009",
        "method": "Harmonic",
        "view": "annulus"
      },
      "geometry": {
        "type": "Polygon",
        "coordinates": [
          [
            [
              -0.5887859202646243,
              0.7485029096986734
            ],
            [
              -0.5860127110816343,
              0.7446256162076932
            ],
            [
              -0.6082147377563007,
              0.7105112137500385
            ],
            [
              -0.6240155963299885,
              0.7152546936152621
            ],
            [
              -0.6284964105624442,
              0.7214171407831133
            ],
            [
              -0.6120860302164608,
              0.7592213098753545
            ],
            [
              -0.5887859202646243,
              0.7485029096986734
            ]
          ]
        ]
      }
    },
    {
      "type": "Feature",
      "properties": {
        "cell_id": "NCEP2000_r029_c010",
        "method": "Harmonic",
        "view": "annulus"
      },
      "geometry": {
        "type": "Polygon",
        "coordinates": [
          [
            [
              -0.5456966896103764,
              0.7764755071635225
            ],
            [
              -0.564202087565318,
              0.7386012373385104
            ],
            [
              -0.5860127110816342,
              0.7446256162076932
            ],
            [
              -0.5887859202646242,
              0.7485029096986734
            ],
            [
              -0.5758556364845977,
              0.7895236355416198
            ],
            [
              -0.5456966896103764,
              0.7764755071635225
            ]
          ]
        ]
      }
    },
    {
      "type": "Feature",
      "properties": {
        "cell_id": "NCEP2000_r029_c011",
        "method": "Harmonic",
        "view": "annulus"
      },
      "geometry": {
        "type": "Polygon",
        "coordinates": [
          [
            [
              -0.505707000928866,
              0.807573899599328
            ],
            [
              -0.5166328156104465,
              0.7693951856713556
            ],
            [
              -0.5446060264275664,
              0.7768029474979686
            ],
            [
              -0.5367315422447021,
              0.8225161732484092
            ],
            [
              -0.505707000928866,
              0.807573899599328
            ]
          ]
        ]
      }
    },
    {
      "type": "Feature",
      "properties": {
        "cell_id": "NCEP2000_r029_c012",
        "method": "Harmonic",
        "view": "annulus"
      },
      "geometry": {
        "type": "Polygon",
        "coordinates": [
          [
            [
              -0.4652143256307332,
              0.840801946389836
            ],
            [
              -0.46428709847247385,
              0.8045062151045832
            ],
            [
              -0.49432230664671806,
              0.8121394594561513
            ],
            [
              -0.4994379044635819,
              0.8663468712445015
            ],
            [
              -0.49851341996295423,
              0.866875592191439
            ],
            [
              -0.4652143256307332,
              0.840801946389836
            ]
          ]
        ]
      }
    },
    {
      "type": "Feature",
      "properties": {
        "cell_id": "NCEP2000_r029_c013",
        "method": "Harmonic",
        "view": "annulus"
      },
      "geometry": {
        "type": "Polygon",
        "coordinates": [
          [
            [
              -0.40500650012490313,
              0.8497502945167403
            ],
            [
              -0.41386666896832497,
              0.8438634475143714
            ],
            [
              -0.44254866505918994,
              0.8533760870010528
            ],
            [
              -0.46036034732608927,
              0.8877227361177087
            ],
            [
              -0.45690387563042123,
              0.8895160754218557
            ],
            [
              -0.44961132965460693,
              0.8932243011955151
            ],
            [
              -0.44228869021900136,
              0.8968727415326883
            ],
            [
              -0.43493644744371773,
              0.9004611522353633
            ],
            [
              -0.4302449985820747,
              0.9027035717864336
            ],
            [
              -0.40500650012490313,
              0.8497502945167403
            ]
          ]
        ]
      }
    },
    {
      "type": "Feature",
      "properties": {
        "cell_id": "NCEP2000_r029_c017",
        "method": "Harmonic",
        "view": "annulus"
      },
      "geometry": {
        "type": "Polygon",
        "coordinates": [
          [
            [
              -0.12007919836899712,
              0.9345826945302038
            ],
            [
              -0.12270540973779898,
              0.9303335038279075
            ],
            [
              -0.20542210688526227,
              0.9786664397901507
            ],
            [
              -0.20310773440776353,
              0.9791563962022336
            ],
            [
              -0.19509032201612866,
              0.9807852804032303
            ],
            [
              -0.1870598518068321,
              0.9823485185218157
            ],
            [
              -0.1790168612766334,
              0.9838460059270773
            ],
            [
              -0.1709618887603017,
              0.9852776423889411
            ],
            [
              -0.16289547339458896,
              0.986643332084879
            ],
            [
              -0.15481815508214186,
              0.9879429836063223
            ],
            [
              -0.1467304744553623,
              0.9891765099647809
            ],
            [
              -0.13863297284022696,
              0.9903438285976648
            ],
            [
              -0.1305261922200525,
              0.9914448613738103
            ],
            [
              -0.1274357184333056,
              0.9918388757626893
            ],
            [
              -0.12007919836899712,
              0.9345826945302038
            ]
          ]
        ]
      }
    },
    {
      "type": "Feature",
      "properties": {
        "cell_id": "NCEP2000_r030_c006",
        "method": "Harmonic",
        "view": "annulus"
      },
      "geometry": {
        "type": "Polygon",
        "coordinates": [
          [
            [
              -0.672930350772501,
              0.7010524075864274
            ],
            [
              -0.6992580183884096,
              0.6725725586299345
            ],
            [
              -0.7211239554350647,
              0.6927941135042577
            ],
            [
              -0.7185816177796983,
              0.6954426350096115
            ],
            [
              -0.7128680563843801,
              0.701298177800824
            ],
            [
              -0.7071067811865479,
              0.7071067811865471
            ],
            [
              -0.7012981778008246,
              0.7128680563843797
            ],
            [
              -0.695442635009612,
              0.7185816177796978
            ],
            [
              -0.6924832124135434,
              0.7214223919583929
            ],
            [
              -0.672930350772501,
              0.7010524075864274
            ]
          ]
        ]
      }
    },
    {
      "type": "Feature",
      "properties": {
        "cell_id": "NCEP2000_r030_c007",
        "method": "Harmonic",
        "view": "annulus"
      },
      "geometry": {
        "type": "Polygon",
        "coordinates": [
          [
            [
              -0.6447078522106655,
              0.7300994606096765
            ],
            [
              -0.664821830007934,
              0.6956122720274129
            ],
            [
              -0.6729303507725011,
              0.7010524075864275
            ],
            [
              -0.6924832124135434,
              0.7214223919583929
            ],
            [
              -0.689540544737067,
              0.7242470829514668
            ],
            [
              -0.6835923020228716,
              0.7298640726978354
            ],
            [
              -0.6775983049957891,
              0.7354322110615182
            ],
            [
              -0.6715589548470187,
              0.7409511253549589
            ],
            [
              -0.6654746558033426,
              0.7464204461852735
            ],
            [
              -0.6619062415318672,
              0.7495757780202819
            ],
            [
              -0.6447078522106655,
              0.7300994606096765
            ]
          ]
        ]
      }
    },
    {
      "type": "Feature",
      "properties": {
        "cell_id": "NCEP2000_r030_c008",
        "method": "Harmonic",
        "view": "annulus"
      },
      "geometry": {
        "type": "Polygon",
        "coordinates": [
          [
            [
              -0.6120860302164609,
              0.7592213098753546
            ],
            [
              -0.6284964105624442,
              0.7214171407831133
            ],
            [
              -0.6447078522106655,
              0.7300994606096765
            ],
            [
              -0.6619062415318672,
              0.7495757780202819
            ],
            [
              -0.6593458151000691,
              0.7518398074789773
            ],
            [
              -0.6531728429537771,
              0.7572088465064843
            ],
            [
              -0.6469561525348575,
              0.7625272039063881
            ],
            [
              -0.6406961599398614,
              0.7677945237095115
            ],
            [
              -0.6343932841636458,
              0.7730104533627367
            ],
            [
              -0.6280479470713344,
              0.7781746437525977
            ],
            [
              -0.6276336040433946,
              0.778506261309541
            ],
            [
              -0.6120860302164609,
              0.7592213098753546
            ]
          ]
        ]
      }
    },
    {
      "type": "Feature",
      "properties": {
        "cell_id": "NCEP2000_r030_c009",
        "method": "Harmonic",
        "view": "annulus"
      },
      "geometry": {
        "type": "Polygon",
        "coordinates": [
          [
            [
              -0.5758556364845977,
              0.7895236355416198
            ],
            [
              -0.5887859202646243,
              0.7485029096986734
            ],
            [
              -0.6120860302164609,
              0.7592213098753545
            ],
            [
              -0.6276336040433947,
              0.778506261309541
            ],
            [
              -0.6216605733700781,
              0.7832867492286498
            ],
            [
              -0.6152315905806273,
              0.7883464276266059
            ],
            [
              -0.6087614290087209,
              0.7933533402912349
            ],
            [
              -0.602250521716282,
              0.7983071520990315
            ],
            [
              -0.5956993044924339,
              0.8032075314806445
            ],
            [
              -0.5892794297403813,
              0.8079282518770001
            ],
            [
              -0.5758556364845977,
              0.7895236355416198
            ]
          ]
        ]
      }
    },
    {
      "type": "Feature",
      "properties": {
        "cell_id": "NCEP2000_r030_c010",
        "method": "Harmonic",
        "view": "annulus"
      },
      "geometry": {
        "type": "Polygon",
        "coordinates": [
          [
            [
              -0.5367315422447021,
              0.8225161732484092
            ],
            [
              -0.5446060264275664,
              0.7768029474979685
            ],
            [
              -0.5456966896103765,
              0.7764755071635224
            ],
            [
              -0.5758556364845977,
              0.7895236355416198
            ],
            [
              -0.5892794297403813,
              0.8079282518770001
            ],
            [
              -0.5891082158243285,
              0.8080541504430729
            ],
            [
              -0.5824776968678023,
              0.8128466845916151
            ],
            [
              -0.5758081914178459,
              0.8175848131515833
            ],
            [
              -0.5691001458788986,
              0.8222682189897749
            ],
            [
              -0.5623540092349733,
              0.826896588635696
            ],
            [
              -0.555570233019603,
              0.8314696123025448
            ],
            [
              -0.5487492712856163,
              0.8359869839079463
            ],
            [
              -0.5464836988066322,
              0.8374609004814904
            ],
            [
              -0.5367315422447021,
              0.8225161732484092
            ]
          ]
        ]
      }
    },
    {
      "type": "Feature",
      "properties": {
        "cell_id": "NCEP2000_r030_c011",
        "method": "Harmonic",
        "view": "annulus"
      },
      "geometry": {
        "type": "Polygon",
        "coordinates": [
          [
            [
              -0.49432230664671817,
              0.8121394594561514
            ],
            [
              -0.505707000928866,
              0.807573899599328
            ],
            [
              -0.536731542244702,
              0.8225161732484091
            ],
            [
              -0.5464836988066322,
              0.8374609004814904
            ],
            [
              -0.541891580574752,
              0.8404484010944379
            ],
            [
              -0.5349976198870973,
              0.844853565249707
            ],
            [
              -0.5280678506503685,
              0.8492021815265786
            ],
            [
              -0.5211027366890237,
              0.8534939588627503
            ],
            [
              -0.5141027441932218,
              0.857728610000272
            ],
            [
              -0.5070683416876177,
              0.861905851504774
            ],
            [
              -0.5000000000000004,
              0.8660254037844384
            ],
            [
              -0.49943790446358194,
              0.8663468712445015
            ],
            [
              -0.49432230664671817,
              0.8121394594561514
            ]
          ]
        ]
      }
    },
    {
      "type": "Feature",
      "properties": {
        "cell_id": "NCEP2000_r030_c012",
        "method": "Harmonic",
        "view": "annulus"
      },
      "geometry": {
        "type": "Polygon",
        "coordinates": [
          [
            [
              -0.44254866505918994,
              0.8533760870010528
            ],
            [
              -0.4652143256307332,
              0.8408019463898361
            ],
            [
              -0.4985134199629541,
              0.866875592191439
            ],
            [
              -0.4928981922297842,
              0.8700869911087113
            ],
            [
              -0.48576339371634075,
              0.8740903416267585
            ],
            [
              -0.4785960820071813,
              0.8780351873856624
            ],
            [
              -0.4713967368259979,
              0.8819212643483549
            ],
            [
              -0.46416584004055234,
              0.8857483124112902
            ],
            [
              -0.46036034732608927,
              0.8877227361177087
            ],
            [
              -0.44254866505918994,
              0.8533760870010528
            ]
          ]
        ]
      }
    }
  ]
}