{
  "type": "FeatureCollection",
  "features": [
    {
      "type": "Feature",
      "properties": {
        "cell_id": "SYN_disconnected_r002_c002",
        "method": "GeoAnnulus-Final",
        "view": "annulus"
      },
      "geometry": {
        "type": "Polygon",
        "coordinates": [
          [
            [
              -0.5221737120820498,
              0.7193251377167481
            ],
            [
              -0.6113256364606345,
              0.6121672024795095
            ],
            [
              -0.7120205792211652,
              0.7021526168877513
            ],
            [
              -0.7071067811865479,
              0.7071067811865471
            ],
            [
              -0.7012981778008246,
              0.7128680563843797
            ],
            [
              -0.695442635009612,
              0.7185816177796978
            ],
            [
              -0.689540544737067,
              0.7242470829514668
            ],
            [
              -0.6835923020228716,
              0.7298640726978354
            ],
            [
              -0.6775983049957891,
              0.7354322110615182
            ],
            [
              -0.6715589548470187,
              0.7409511253549589
            ],
            [
              -0.6654746558033426,
              0.7464204461852735
            ],
            [
              -0.6593458151000691,
              0.7518398074789773
            ],
            [
              -0.6531728429537771,
              0.7572088465064843
            ],
            [
              -0.6469561525348575,
              0.7625272039063881
            ],
            [
              -0.6406961599398614,
              0.7677945237095115
            ],
            [
              -0.6343932841636458,
              0.7730104533627367
            ],
            [
              -0.6280479470713344,
              0.7781746437525977
            ],
            [
              -0.6216605733700781,
              0.7832867492286498
            ],
            [
              -0.6152315905806273,
              0.7883464276266059
            ],
            [
              -0.6087614290087209,
              0.7933533402912349
            ],
            [
              -0.602250521716282,
              0.7983071520990315
            ],
            [
              -0.5956993044924339,
              0.8032075314806445
            ],
            [
              -0.5891082158243285,
              0.8080541504430729
            ],
            [
              -0.5870321481799388,
              0.8095547305855411
            ],
            [
              -0.5221737120820498,
              0.7193251377167481
            ]
          ]
        ]
      }
    },
    {
      "type": "Feature",
      "properties": {
        "cell_id": "SYN_disconnected_r002_c003",
        "method": "GeoAnnulus-Final",
        "view": "annulus"
      },
      "geometry": {
        "type": "Polygon",
        "coordinates": [
          [
            [
              -0.39737720861639547,
              0.826634930814729
            ],
            [
              -0.4523587981394792,
              0.7079762779949582
            ],
            [
              -0.5221737120820498,
              0.7193251377167478
            ],
            [
              -0.5870321481799389,
              0.809554730585541
            ],
            [
              -0.5824776968678023,
              0.8128466845916151
            ],
            [
              -0.5758081914178459,
              0.8175848131515833
            ],
            [
              -0.5691001458788986,
              0.8222682189897749
            ],
            [
              -0.5623540092349733,
              0.826896588635696
            ],
            [
              -0.555570233019603,
              0.8314696123025448
            ],
            [
              -0.5487492712856163,
              0.8359869839079463
            ],
            [
              -0.541891580574752,
              0.8404484010944379
            ],
            [
              -0.5349976198870973,
              0.844853565249707
            ],
            [
              -0.5280678506503685,
              0.8492021815265786
            ],
            [
              -0.5211027366890237,
              0.8534939588627503
            ],
            [
              -0.5141027441932218,
              0.857728610000272
            ],
            [
              -0.5070683416876177,
              0.861905851504774
            ],
            [
              -0.5000000000000004,
              0.8660254037844384
            ],
            [
              -0.4928981922297842,
              0.8700869911087113
            ],
            [
              -0.48576339371634075,
              0.8740903416267585
            ],
            [
              -0.4785960820071813,
              0.8780351873856624
            ],
            [
              -0.4713967368259979,
              0.8819212643483549
            ],
            [
              -0.46416584004055234,
              0.8857483124112902
            ],
            [
              -0.45690387563042123,
              0.8895160754218557
            ],
            [
              -0.44961132965460693,
              0.8932243011955151
            ],
            [
              -0.44228869021900136,
              0.8968727415326883
            ],
            [
              -0.43493644744371773,
              0.9004611522353633
            ],
            [
              -0.43312848226814904,
              0.9013253237476004
            ],
            [
              -0.39737720861639547,
              0.826634930814729
            ]
          ]
        ]
      }
    },
    {
      "type": "Feature",
      "properties": {
        "cell_id": "SYN_disconnected_r002_c004",
        "method": "GeoAnnulus-Final",
        "view": "annulus"
      },
      "geometry": {
        "type": "Polygon",
        "coordinates": [
          [
            [
              -0.21095355279403666,
              0.8706013630634252
            ],
            [
              -0.240665357130985,
              0.7866321771368893
            ],
            [
              -0.39737720861639547,
              0.8266349308147292
            ],
            [
              -0.433128482268149,
              0.9013253237476004
            ],
            [
              -0.4275550934302825,
              0.9039892931234431
            ],
            [
              -0.4201451222287026,
              0.9074569280508186
            ],
            [
              -0.41270702980439544,
              0.9108638249211755
            ],
            [
              -0.40524131400499036,
              0.9142097557035305
            ],
            [
              -0.3977484745270113,
              0.9174944964474913
            ],
            [
              -0.39022901288242884,
              0.9207178272982474
            ],
            [
              -0.38268343236509034,
              0.9238795325112865
            ],
            [
              -0.3751122380170383,
              0.9269794004668328
            ],
            [
              -0.36751593659470366,
              0.9300172236840121
            ],
            [
              -0.3598950365349888,
              0.9329927988347386
            ],
            [
              -0.35225004792123393,
              0.9359059267573255
            ],
            [
              -0.3445814824490806,
              0.9387564124698131
            ],
            [
              -0.3368898533922208,
              0.9415440651830205
            ],
            [
              -0.3291756755680394,
              0.9442686983133164
            ],
            [
              -0.3214394653031618,
              0.9469301294951056
            ],
            [
              -0.3136817403988923,
              0.9495281805930365
            ],
            [
              -0.305903020096554,
              0.952062677713924
            ],
            [
              -0.29810382504274013,
              0.9545334512183884
            ],
            [
              -0.29028467725446244,
              0.9569403357322088
            ],
            [
              -0.28244610008421317,
              0.9592831701573934
            ],
            [
              -0.27458861818493274,
              0.9615617976829618
            ],
            [
              -0.26671275747489853,
              0.9637760657954398
            ],
            [
              -0.2588190451025215,
              0.9659258262890681
            ],
            [
              -0.2509080094110605,
              0.9680109352757226
            ],
            [
              -0.24298017990326412,
              0.970031253194544
            ],
            [
              -0.23503608720592753,
              0.9719866448212793
            ],
            [
              -0.234801111204003,
              0.9720424479675813
            ],
            [
              -0.21095355279403666,
              0.8706013630634252
            ]
          ]
        ]
      }
    },
    {
      "type": "Feature",
      "properties": {
        "cell_id": "SYN_disconnected_r002_c005",
        "method": "GeoAnnulus-Final",
        "view": "annulus"
      },
      "geometry": {
        "type": "Polygon",
        "coordinates": [
          [
            [
              -2.2053710519671035e-06,
              0.8425921535865607
            ],
            [
              -4.0380075423479544e-05,
              0.8425140581232944
            ],
            [
              -0.2109535527940365,
              0.8706013630634248
            ],
            [
              -0.23480111120400293,
              0.9720424479675813
            ],
            [
              -0.22707626303437378,
              0.9738769792773335
            ],
            [
              -0.2191012401568701,
              0.9757021300385285
            ],
            [
              -0.2111115523589661,
              0.9774619749435717
            ],
            [
              -0.20310773440776353,
              0.9791563962022336
            ],
            [
              -0.19509032201612866,
              0.9807852804032303
            ],
            [
              -0.1870598518068321,
              0.9823485185218157
            ],
            [
              -0.1790168612766334,
              0.9838460059270773
            ],
            [
              -0.1709618887603017,
              0.9852776423889411
            ],
            [
              -0.16289547339458896,
              0.986643332084879
            ],
            [
              -0.15481815508214186,
              0.9879429836063223
            ],
            [
              -0.1467304744553623,
              0.9891765099647809
            ],
            [
              -0.13863297284022696,
              0.9903438285976648
            ],
            [
              -0.1305261922200525,
              0.9914448613738103
            ],
            [
              -0.12241067519921685,
              0.99247953459871
            ],
            [
              -0.11428696496684677,
              0.9934477790194444
            ],
            [
              -0.1061556052604576,
              0.9943495298293181
            ],
            [
              -0.09801714032956134,
              0.9951847266721968
            ],
            [
              -0.08987211489923544,
              0.9959533136465477
            ],
            [
              -0.08172107413366843,
              0.9966552393091803
            ],
            [
              -0.07356456359966825,
              0.9972904566786902
            ],
            [
              -0.06540312923014362,
              0.9978589232386035
            ],
            [
              -0.05723731728756891,
              0.9983606009402225
            ],
            [
              -0.04906767432741892,
              0.9987954562051723
            ],
            [
              -0.04089474716158408,
              0.9991634599276488
            ],
            [
              -0.03271908282177651,
              0.9994645874763657
            ],
            [
              -0.02454122852291239,
              0.9996988186962042
            ],
            [
              -0.0163617316264875,
              0.9998661379095618
            ],
            [
              -0.008181139603937581,
              0.9999665339174011
            ],
            [
              -2.2053710519700325e-06,
              0.9999999909786248
            ],
            [
              -2.2053710519671035e-06,
              0.8425921535865607
            ]
          ]
        ]
      }
    },
    {
      "type": "Feature",
      "properties": {
        "cell_id": "SYN_disconnected_r002_c006",
        "method": "GeoAnnulus-Final",
        "view": "annulus"
      },
      "geometry": {
        "type": "Polygon",
        "coordinates": [
          [
            [
              0.2109733369190194,
              0.8706877642818509
            ],
            [
              -2.2053710520976173e-06,
              0.842592153586561
            ],
            [
              -2.2053710520888564e-06,
              0.9999999909786248
            ],
            [
              -1.8369701987210297e-16,
              1.0
            ],
            [
              0.008181139603936325,
              0.9999665339174011
            ],
            [
              0.016361731626486246,
              0.9998661379095618
            ],
            [
              0.02454122852291202,
              0.9996988186962042
            ],
            [
              0.032719082821775256,
              0.9994645874763657
            ],
            [
              0.04089474716158283,
              0.9991634599276488
            ],
            [
              0.04906767432741766,
              0.9987954562051724
            ],
            [
              0.05723731728756854,
              0.9983606009402225
            ],
            [
              0.06540312923014237,
              0.9978589232386036
            ],
            [
              0.07356456359966698,
              0.9972904566786902
            ],
            [
              0.08172107413366805,
              0.9966552393091803
            ],
            [
              0.08987211489923418,
              0.9959533136465478
            ],
            [
              0.09801714032956009,
              0.9951847266721969
            ],
            [
              0.10615560526045723,
              0.9943495298293181
            ],
            [
              0.11428696496684553,
              0.9934477790194445
            ],
            [
              0.1224106751992156,
              0.9924795345987101
            ],
            [
              0.13052619222005127,
              0.9914448613738105
            ],
            [
              0.13863297284022572,
              0.990343828597665
            ],
            [
              0.14673047445536108,
              0.9891765099647811
            ],
            [
              0.1548181550821406,
              0.9879429836063224
            ],
            [
              0.1628954733945886,
              0.986643332084879
            ],
            [
              0.17096188876030047,
              0.9852776423889413
            ],
            [
              0.1790168612766322,
              0.9838460059270775
            ],
            [
              0.18705985180683174,
              0.9823485185218157
            ],
            [
              0.19509032201612742,
              0.9807852804032307
            ],
            [
              0.2031077344077623,
              0.9791563962022338
            ],
            [
              0.21111155235896487,
              0.9774619749435719
            ],
            [
              0.21910124015686888,
              0.9757021300385288
            ],
            [
              0.22707626303437256,
              0.9738769792773339
            ],
            [
              0.23480061136509436,
              0.972042566671549
            ],
            [
              0.2109733369190194,
              0.8706877642818509
            ]
          ]
        ]
      }
    },
    {
      "type": "Feature",
      "properties": {
        "cell_id": "SYN_disconnected_r002_c007",
        "method": "GeoAnnulus-Final",
        "view": "annulus"
      },
      "geometry": {
        "type": "Polygon",
        "coordinates": [
          [
            [
              0.3974386314470954,
              0.8267681309653645
            ],
            [
              0.24067340299382028,
              0.7867517521170139
            ],
            [
              0.21097333691901932,
              0.8706877642818511
            ],
            [
              0.23480061136509425,
              0.972042566671549
            ],
            [
              0.2350360872059263,
              0.9719866448212795
            ],
            [
              0.24298017990326376,
              0.970031253194544
            ],
            [
              0.2509080094110593,
              0.9680109352757229
            ],
            [
              0.2588190451025203,
              0.9659258262890684
            ],
            [
              0.2667127574748982,
              0.96377606579544
            ],
            [
              0.2745886181849315,
              0.9615617976829621
            ],
            [
              0.28244610008421195,
              0.9592831701573937
            ],
            [
              0.29028467725446205,
              0.9569403357322089
            ],
            [
              0.29810382504273897,
              0.9545334512183887
            ],
            [
              0.30590302009655285,
              0.9520626777139245
            ],
            [
              0.31368174039889113,
              0.9495281805930368
            ],
            [
              0.3214394653031615,
              0.9469301294951057
            ],
            [
              0.32917567556803823,
              0.9442686983133167
            ],
            [
              0.3368898533922196,
              0.9415440651830209
            ],
            [
              0.34458148244908027,
              0.9387564124698132
            ],
            [
              0.3522500479212327,
              0.935905926757326
            ],
            [
              0.3598950365349876,
              0.9329927988347391
            ],
            [
              0.3675159365947033,
              0.9300172236840122
            ],
            [
              0.37511223801703714,
              0.9269794004668332
            ],
            [
              0.38268343236508917,
              0.923879532511287
            ],
            [
              0.3902290128824277,
              0.9207178272982478
            ],
            [
              0.3977484745270101,
              0.9174944964474917
            ],
            [
              0.4052413140049892,
              0.9142097557035309
            ],
            [
              0.41270702980439433,
              0.910863824921176
            ],
            [
              0.42014512222870226,
              0.9074569280508188
            ],
            [
              0.42755509343028136,
              0.9039892931234437
            ],
            [
              0.43312658226848566,
              0.9013262319097733
            ],
            [
              0.3974386314470954,
              0.8267681309653645
            ]
          ]
        ]
      }
    },
    {
      "type": "Feature",
      "properties": {
        "cell_id": "SYN_disconnected_r002_c008",
        "method": "GeoAnnulus-Final",
        "view": "annulus"
      },
      "geometry": {
        "type": "Polygon",
        "coordinates": [
          [
            [
              0.5224117197220817,
              0.7196673273970584
            ],
            [
              0.4523425358513666,
              0.7082771344760563
            ],
            [
              0.39743863144709535,
              0.8267681309653652
            ],
            [
              0.4331265822684854,
              0.9013262319097735
            ],
            [
              0.4349364474437166,
              0.9004611522353638
            ],
            [
              0.442288690219001,
              0.8968727415326885
            ],
            [
              0.4496113296546058,
              0.8932243011955158
            ],
            [
              0.4569038756304201,
              0.8895160754218563
            ],
            [
              0.4641658400405512,
              0.8857483124112907
            ],
            [
              0.4713967368259968,
              0.8819212643483555
            ],
            [
              0.4785960820071802,
              0.8780351873856631
            ],
            [
              0.4857633937163397,
              0.874090341626759
            ],
            [
              0.49289819222978387,
              0.8700869911087115
            ],
            [
              0.49999999999999933,
              0.866025403784439
            ],
            [
              0.5070683416876166,
              0.8619058515047746
            ],
            [
              0.5141027441932216,
              0.8577286100002722
            ],
            [
              0.5211027366890226,
              0.8534939588627509
            ],
            [
              0.5280678506503674,
              0.8492021815265792
            ],
            [
              0.5349976198870969,
              0.8448535652497072
            ],
            [
              0.541891580574751,
              0.8404484010944385
            ],
            [
              0.5487492712856153,
              0.835986983907947
            ],
            [
              0.5555702330196018,
              0.8314696123025455
            ],
            [
              0.562354009234973,
              0.8268965886356963
            ],
            [
              0.5691001458788976,
              0.8222682189897755
            ],
            [
              0.5758081914178449,
              0.8175848131515839
            ],
            [
              0.5824776968678019,
              0.8128466845916154
            ],
            [
              0.5870269074306778,
              0.8095585185951919
            ],
            [
              0.5224117197220817,
              0.7196673273970584
            ]
          ]
        ]
      }
    },
    {
      "type": "Feature",
      "properties": {
        "cell_id": "SYN_disconnected_r002_c009",
        "method": "GeoAnnulus-Final",
        "view": "annulus"
      },
      "geometry": {
        "type": "Polygon",
        "coordinates": [
          [
            [
              0.6115808408965032,
              0.6124887221277665
            ],
            [
              0.5224117197220814,
              0.7196673273970586
            ],
            [
              0.5870269074306775,
              0.809558518595192
            ],
            [
              0.5891082158243275,
              0.8080541504430737
            ],
            [
              0.5956993044924329,
              0.8032075314806453
            ],
            [
              0.6022505217162817,
              0.7983071520990317
            ],
            [
              0.6087614290087199,
              0.7933533402912357
            ],
            [
              0.6152315905806264,
              0.7883464276266067
            ],
            [
              0.6216605733700771,
              0.7832867492286506
            ],
            [
              0.6280479470713334,
              0.7781746437525985
            ],
            [
              0.6343932841636449,
              0.7730104533627374
            ],
            [
              0.6406961599398604,
              0.7677945237095123
            ],
            [
              0.6469561525348572,
              0.7625272039063883
            ],
            [
              0.6531728429537761,
              0.7572088465064851
            ],
            [
              0.6593458151000684,
              0.7518398074789778
            ],
            [
              0.665474655803342,
              0.746420446185274
            ],
            [
              0.6715589548470177,
              0.7409511253549598
            ],
            [
              0.6775983049957882,
              0.7354322110615191
            ],
            [
              0.683592302022871,
              0.7298640726978359
            ],
            [
              0.6895405447370662,
              0.7242470829514677
            ],
            [
              0.6954426350096111,
              0.7185816177796986
            ],
            [
              0.701298177800824,
              0.7128680563843802
            ],
            [
              0.7071067811865474,
              0.7071067811865477
            ],
            [
              0.7119714389890665,
              0.7022021608009898
            ],
            [
              0.6115808408965032,
              0.6124887221277665
            ]
          ]
        ]
      }
    },
    {
      "type": "Feature",
      "properties": {
        "cell_id": "SYN_disconnected_r003_c002",
        "method": "GeoAnnulus-Final",
        "view": "annulus"
      },
      "geometry": {
        "type": "Polygon",
        "coordinates": [
          [
            [
              -0.6113256364606349,
              0.61216720247951
            ],
            [
              -0.6082096918458678,
              0.5850619826810886
            ],
            [
              -0.7164665594866155,
              0.5022199142311305
            ],
            [
              -0.8187623145164599,
              0.5741216553689403
            ],
            [
              -0.8175848131515839,
              0.5758081914178449
            ],
            [
              -0.8128466845916156,
              0.5824776968678016
            ],
            [
              -0.8080541504430734,
              0.5891082158243279
            ],
            [
              -0.8032075314806453,
              0.5956993044924329
            ],
            [
              -0.7983071520990316,
              0.6022505217162818
            ],
            [
              -0.7933533402912354,
              0.6087614290087203
            ],
            [
              -0.7883464276266067,
              0.6152315905806264
            ],
            [
              -0.7832867492286506,
              0.6216605733700772
            ],
            [
              -0.7781746437525981,
              0.6280479470713338
            ],
            [
              -0.7730104533627371,
              0.6343932841636453
            ],
            [
              -0.7677945237095123,
              0.6406961599398604
            ],
            [
              -0.7625272039063885,
              0.6469561525348569
            ],
            [
              -0.7572088465064848,
              0.6531728429537765
            ],
            [
              -0.7518398074789777,
              0.6593458151000685
            ],
            [
              -0.7464204461852739,
              0.6654746558033421
            ],
            [
              -0.7409511253549593,
              0.6715589548470181
            ],
            [
              -0.7354322110615191,
              0.6775983049957882
            ],
            [
              -0.7298640726978358,
              0.683592302022871
            ],
            [
              -0.7242470829514672,
              0.6895405447370666
            ],
            [
              -0.7185816177796983,
              0.6954426350096115
            ],
            [
              -0.7128680563843801,
              0.701298177800824
            ],
            [
              -0.7120205792211652,
              0.7021526168877514
            ],
            [
              -0.6113256364606349,
              0.61216720247951
            ]
          ]
        ]
      }
    },
    {
      "type": "Feature",
      "properties": {
        "cell_id": "SYN_disconnected_r003_c003",
        "method": "GeoAnnulus-Final",
        "view": "annulus"
      },
      "geometry": {
        "type": "Polygon",
        "coordinates": [
          [
            [
              -0.6082096918458678,
              0.5850619826810888
            ],
            [
              -0.6113256364606348,
              0.6121672024795098
            ],
            [
              -0.5221737120820498,
              0.7193251377167482
            ],
            [
              -0.4523587981394795,
              0.7079762779949585
            ],
            [
              -0.4227394979123401,
              0.6628175522328648
            ],
            [
              -0.4885257113347803,
              0.4941269240547127
            ],
            [
              -0.6082096918458678,
              0.5850619826810888
            ]
          ]
        ]
      }
    },
    {
      "type": "Feature",
      "properties": {
        "cell_id": "SYN_disconnected_r003_c004",
        "method": "GeoAnnulus-Final",
        "view": "annulus"
      },
      "geometry": {
        "type": "Polygon",
        "coordinates": [
          [
            [
              -0.45235879813947893,
              0.7079762779949581
            ],
            [
              -0.39737720861639514,
              0.8266349308147289
            ],
            [
              -0.2406653571309852,
              0.7866321771368892
            ],
            [
              -0.23194613051640217,
              0.7582173757469709
            ],
            [
              -0.28088942812303297,
              0.6401070170667008
            ],
            [
              -0.42273949791234,
              0.662817552232865
            ],
            [
              -0.45235879813947893,
              0.7079762779949581
            ]
          ]
        ]
      }
    },
    {
      "type": "Feature",
      "properties": {
        "cell_id": "SYN_disconnected_r003_c005",
        "method": "GeoAnnulus-Final",
        "view": "annulus"
      },
      "geometry": {
        "type": "Polygon",
        "coordinates": [
          [
            [
              -0.24066535713098497,
              0.786632177136889
            ],
            [
              -0.21095355279403638,
              0.8706013630634253
            ],
            [
              -4.0380075423516936e-05,
              0.8425140581232946
            ],
            [
              -4.038007542343226e-05,
              0.6423524937037959
            ],
            [
              -0.00022616244934353658,
              0.6419108069938805
            ],
            [
              -0.23194613051640203,
              0.7582173757469711
            ],
            [
              -0.24066535713098497,
              0.786632177136889
            ]
          ]
        ]
      }
    },
    {
      "type": "Feature",
      "properties": {
        "cell_id": "SYN_disconnected_r003_c006",
        "method": "GeoAnnulus-Final",
        "view": "annulus"
      },
      "geometry": {
        "type": "Polygon",
        "coordinates": [
          [
            [
              -4.0380075423497095e-05,
              0.8425140581232945
            ],
            [
              -2.205371051999805e-06,
              0.8425921535865608
            ],
            [
              0.21097333691901898,
              0.8706877642818511
            ],
            [
              0.24067340299382015,
              0.7867517521170133
            ],
            [
              0.23212100450805695,
              0.7588806214396717
            ],
            [
              -4.038007542341229e-05,
              0.6423524937037958
            ],
            [
              -4.0380075423497095e-05,
              0.8425140581232945
            ]
          ]
        ]
      }
    },
    {
      "type": "Feature",
      "properties": {
        "cell_id": "SYN_disconnected_r003_c007",
        "method": "GeoAnnulus-Final",
        "view": "annulus"
      },
      "geometry": {
        "type": "Polygon",
        "coordinates": [
          [
            [
              0.2406734029938203,
              0.7867517521170139
            ],
            [
              0.3974386314470957,
              0.8267681309653646
            ],
            [
              0.45234253585136663,
              0.7082771344760566
            ],
            [
              0.4232615942284073,
              0.6639392109740226
            ],
            [
              0.28090776370338394,
              0.6411480225101842
            ],
            [
              0.232121004508057,
              0.7588806214396719
            ],
            [
              0.2406734029938203,
              0.7867517521170139
            ]
          ]
        ]
      }
    },
    {
      "type": "Feature",
      "properties": {
        "cell_id": "SYN_disconnected_r003_c008",
        "method": "GeoAnnulus-Final",
        "view": "annulus"
      },
      "geometry": {
        "type": "Polygon",
        "coordinates": [
          [
            [
              0.4232615942284074,
              0.6639392109740224
            ],
            [
              0.4523425358513665,
              0.708277134476056
            ],
            [
              0.5224117197220814,
              0.719667327397058
            ],
            [
              0.6115808408965029,
              0.6124887221277662
            ],
            [
              0.6088259194428131,
              0.5885239985008563
            ],
            [
              0.4883652490735564,
              0.4969988163050142
            ],
            [
              0.4232615942284074,
              0.6639392109740224
            ]
          ]
        ]
      }
    },
    {
      "type": "Feature",
      "properties": {
        "cell_id": "SYN_disconnected_r003_c009",
        "method": "GeoAnnulus-Final",
        "view": "annulus"
      },
      "geometry": {
        "type": "Polygon",
        "coordinates": [
          [
            [
              0.7214703658833259,
              0.5023243961486062
            ],
            [
              0.608825919442813,
              0.5885239985008569
            ],
            [
              0.6115808408965027,
              0.612488722127766
            ],
            [
              0.7119714389890666,
              0.7022021608009898
            ],
            [
              0.7128680563843793,
              0.7012981778008249
            ],
            [
              0.7185816177796976,
              0.6954426350096121
            ],
            [
              0.7242470829514667,
              0.6895405447370672
            ],
            [
              0.729864072697835,
              0.683592302022872
            ],
            [
              0.7354322110615182,
              0.6775983049957892
            ],
            [
              0.7409511253549588,
              0.6715589548470187
            ],
            [
              0.7464204461852731,
              0.665474655803343
            ],
            [
              0.7518398074789769,
              0.6593458151000694
            ],
            [
              0.7572088465064842,
              0.6531728429537771
            ],
            [
              0.762527203906388,
              0.6469561525348575
            ],
            [
              0.7677945237095114,
              0.6406961599398614
            ],
            [
              0.7730104533627367,
              0.6343932841636459
            ],
            [
              0.7781746437525977,
              0.6280479470713345
            ],
            [
              0.7832867492286498,
              0.6216605733700782
            ],
            [
              0.7883464276266059,
              0.6152315905806274
            ],
            [
              0.7933533402912349,
              0.6087614290087209
            ],
            [
              0.7983071520990309,
              0.6022505217162828
            ],
            [
              0.8032075314806445,
              0.5956993044924339
            ],
            [
              0.8080541504430729,
              0.5891082158243286
            ],
            [
              0.8128466845916151,
              0.5824776968678023
            ],
            [
              0.8175848131515833,
              0.575808191417846
            ],
            [
              0.8203605852637559,
              0.5718324510320023
            ],
            [
              0.7214703658833259,
              0.5023243961486062
            ]
          ]
        ]
      }
    },
    {
      "type": "Feature",
      "properties": {
        "cell_id": "SYN_disconnected_r004_c002",
        "method": "GeoAnnulus-Final",
        "view": "annulus"
      },
      "geometry": {
        "type": "Polygon",
        "coordinates": [
          [
            [
              -0.7164665594866151,
              0.5022199142311301
            ],
            [
              -0.6972497363404762,
              0.40097194197267294
            ],
            [
              -0.8321673706941013,
              0.35004976049839387
            ],
            [
              -0.9216817382023156,
              0.38792858736894575
            ],
            [
              -0.9207178272982478,
              0.39022901288242773
            ],
            [
              -0.9174944964474915,
              0.3977484745270106
            ],
            [
              -0.9142097557035308,
              0.40524131400498964
            ],
            [
              -0.910863824921176,
              0.4127070298043944
            ],
            [
              -0.9074569280508189,
              0.42014512222870193
            ],
            [
              -0.9039892931234434,
              0.4275550934302818
            ],
            [
              -0.9004611522353638,
              0.4349364474437167
            ],
            [
              -0.8968727415326884,
              0.4422886902190011
            ],
            [
              -0.8932243011955155,
              0.44961132965460626
            ],
            [
              -0.8895160754218563,
              0.4569038756304202
            ],
            [
              -0.8857483124112907,
              0.4641658400405513
            ],
            [
              -0.8819212643483553,
              0.47139673682599725
            ],
            [
              -0.8780351873856628,
              0.4785960820071806
            ],
            [
              -0.874090341626759,
              0.4857633937163397
            ],
            [
              -0.8700869911087117,
              0.49289819222978354
            ],
            [
              -0.8660254037844388,
              0.4999999999999998
            ],
            [
              -0.8619058515047745,
              0.5070683416876167
            ],
            [
              -0.8577286100002722,
              0.5141027441932216
            ],
            [
              -0.8534939588627506,
              0.5211027366890231
            ],
            [
              -0.8492021815265792,
              0.5280678506503675
            ],
            [
              -0.8448535652497072,
              0.5349976198870969
            ],
            [
              -0.8404484010944383,
              0.5418915805747513
            ],
            [
              -0.8359869839079468,
              0.5487492712856157
            ],
            [
              -0.8314696123025455,
              0.555570233019602
            ],
            [
              -0.8268965886356965,
              0.5623540092349727
            ],
            [
              -0.8222682189897753,
              0.569100145878898
            ],
            [
              -0.8187623145164599,
              0.5741216553689402
            ],
            [
              -0.7164665594866151,
              0.5022199142311301
            ]
          ]
        ]
      }
    },
    {
      "type": "Feature",
      "properties": {
        "cell_id": "SYN_disconnected_r004_c003",
        "method": "GeoAnnulus-Final",
        "view": "annulus"
      },
      "geometry": {
        "type": "Polygon",
        "coordinates": [
          [
            [
              -0.6972497363404763,
              0.40097194197267305
            ],
            [
              -0.7164665594866152,
              0.5022199142311305
            ],
            [
              -0.6082096918458679,
              0.5850619826810887
            ],
            [
              -0.4885257113347803,
              0.4941269240547125
            ],
            [
              -0.46780863128398065,
              0.43251364655416
            ],
            [
              -0.6473433646306774,
              0.37122073205900097
            ],
            [
              -0.6972497363404763,
              0.40097194197267305
            ]
          ]
        ]
      }
    },
    {
      "type": "Feature",
      "properties": {
        "cell_id": "SYN_disconnected_r004_c004",
        "method": "GeoAnnulus-Final",
        "view": "annulus"
      },
      "geometry": {
        "type": "Polygon",
        "coordinates": [
          [
            [
              -0.4885257113347804,
              0.4941269240547127
            ],
            [
              -0.42273949791234017,
              0.662817552232865
            ],
            [
              -0.2808894281230329,
              0.6401070170667008
            ],
            [
              -0.2621003239514028,
              0.6000634436664296
            ],
            [
              -0.41509298425043073,
              0.39369010428959234
            ],
            [
              -0.46780863128398065,
              0.43251364655415997
            ],
            [
              -0.4885257113347804,
              0.4941269240547127
            ]
          ]
        ]
      }
    },
    {
      "type": "Feature",
      "properties": {
        "cell_id": "SYN_disconnected_r004_c005",
        "method": "GeoAnnulus-Final",
        "view": "annulus"
      },
      "geometry": {
        "type": "Polygon",
        "coordinates": [
          [
            [
              -0.2808894281230329,
              0.6401070170667007
            ],
            [
              -0.23194613051640203,
              0.7582173757469709
            ],
            [
              -0.00022616244934348055,
              0.6419108069938804
            ],
            [
              -0.00022616244934348069,
              0.48870389413312915
            ],
            [
              -0.0015128684364872913,
              0.48517190114420744
            ],
            [
              -0.26210032395140304,
              0.6000634436664299
            ],
            [
              -0.2808894281230329,
              0.6401070170667007
            ]
          ]
        ]
      }
    },
    {
      "type": "Feature",
      "properties": {
        "cell_id": "SYN_disconnected_r004_c006",
        "method": "GeoAnnulus-Final",
        "view": "annulus"
      },
      "geometry": {
        "type": "Polygon",
        "coordinates": [
          [
            [
              -0.0002261624493435473,
              0.6419108069938803
            ],
            [
              -4.038007542336158e-05,
              0.6423524937037959
            ],
            [
              0.23212100450805695,
              0.7588806214396719
            ],
            [
              0.28090776370338394,
              0.6411480225101839
            ],
            [
              0.26150830056296825,
              0.5998036444550541
            ],
            [
              -0.0002261624493435481,
              0.488703894133129
            ],
            [
              -0.0002261624493435473,
              0.6419108069938803
            ]
          ]
        ]
      }
    },
    {
      "type": "Feature",
      "properties": {
        "cell_id": "SYN_disconnected_r004_c007",
        "method": "GeoAnnulus-Final",
        "view": "annulus"
      },
      "geometry": {
        "type": "Polygon",
        "coordinates": [
          [
            [
              0.261508300562968,
              0.5998036444550541
            ],
            [
              0.2809077637033838,
              0.6411480225101841
            ],
            [
              0.42326159422840737,
              0.6639392109740225
            ],
            [
              0.4883652490735565,
              0.4969988163050142
            ],
            [
              0.4758738973741121,
              0.45984912548335044
            ],
            [
              0.4057853976660558,
              0.4033207620176986
            ],
            [
              0.261508300562968,
              0.5998036444550541
            ]
          ]
        ]
      }
    },
    {
      "type": "Feature",
      "properties": {
        "cell_id": "SYN_disconnected_r004_c008",
        "method": "GeoAnnulus-Final",
        "view": "annulus"
      },
      "geometry": {
        "type": "Polygon",
        "coordinates": [
          [
            [
              0.47587389737411206,
              0.4598491254833506
            ],
            [
              0.4883652490735563,
              0.49699881630501386
            ],
            [
              0.6088259194428133,
              0.5885239985008562
            ],
            [
              0.7214703658833261,
              0.5023243961486057
            ],
            [
              0.7008688907123383,
              0.3937810864281029
            ],
            [
              0.6477121744210954,
              0.370443320315241
            ],
            [
              0.47587389737411206,
              0.4598491254833506
            ]
          ]
        ]
      }
    },
    {
      "type": "Feature",
      "properties": {
        "cell_id": "SYN_disconnected_r004_c009",
        "method": "GeoAnnulus-Final",
        "view": "annulus"
      },
      "geometry": {
        "type": "Polygon",
        "coordinates": [
          [
            [
              0.8042822809114134,
              0.3505339565269576
            ],
            [
              0.7008688907123377,
              0.3937810864281026
            ],
            [
              0.7214703658833257,
              0.5023243961486057
            ],
            [
              0.8203605852637561,
              0.5718324510320021
            ],
            [
              0.8222682189897748,
              0.5691001458788987
            ],
            [
              0.826896588635696,
              0.5623540092349734
            ],
            [
              0.8314696123025448,
              0.555570233019603
            ],
            [
              0.8359869839079463,
              0.5487492712856165
            ],
            [
              0.8404484010944379,
              0.5418915805747521
            ],
            [
              0.8448535652497066,
              0.534997619887098
            ],
            [
              0.8492021815265786,
              0.5280678506503687
            ],
            [
              0.8534939588627503,
              0.5211027366890237
            ],
            [
              0.8577286100002716,
              0.5141027441932227
            ],
            [
              0.861905851504774,
              0.5070683416876177
            ],
            [
              0.8660254037844384,
              0.5000000000000004
            ],
            [
              0.8700869911087112,
              0.49289819222978426
            ],
            [
              0.8740903416267585,
              0.4857633937163408
            ],
            [
              0.8780351873856624,
              0.47859608200718134
            ],
            [
              0.8819212643483548,
              0.471396736825998
            ],
            [
              0.88574831241129,
              0.4641658400405524
            ],
            [
              0.8895160754218557,
              0.4569038756304213
            ],
            [
              0.8932243011955151,
              0.449611329654607
            ],
            [
              0.8968727415326878,
              0.44228869021900225
            ],
            [
              0.9004611522353633,
              0.4349364474437178
            ],
            [
              0.9039892931234431,
              0.42755509343028253
            ],
            [
              0.9074569280508186,
              0.42014512222870265
            ],
            [
              0.9108638249211755,
              0.4127070298043955
            ],
            [
              0.9142097557035304,
              0.4052413140049904
            ],
            [
              0.9174944964474911,
              0.39774847452701134
            ],
            [
              0.9207178272982474,
              0.3902290128824289
            ],
            [
              0.9238795325112865,
              0.3826834323650904
            ],
            [
              0.9246303739516859,
              0.3808495586158347
            ],
            [
              0.8042822809114134,
              0.3505339565269576
            ]
          ]
        ]
      }
    },
    {
      "type": "Feature",
      "properties": {
        "cell_id": "SYN_disconnected_r005_c002",
        "method": "GeoAnnulus-Final",
        "view": "annulus"
      },
      "geometry": {
        "type": "Polygon",
        "coordinates": [
          [
            [
              -0.8321673706941002,
              0.3500497604983939
            ],
            [
              -0.7798541637199974,
              0.15272425027550177
            ],
            [
              -0.8583571376264605,
              0.12427731380785917
            ],
            [
              -0.9897931274518882,
              0.14245309811858883
            ],
            [
              -0.989176509964781,
              0.14673047445536158
            ],
            [
              -0.9879429836063224,
              0.15481815508214067
            ],
            [
              -0.9866433320848791,
              0.1628954733945882
            ],
            [
              -0.9852776423889413,
              0.17096188876030097
            ],
            [
              -0.9838460059270775,
              0.17901686127663224
            ],
            [
              -0.9823485185218157,
              0.1870598518068318
            ],
            [
              -0.9807852804032305,
              0.19509032201612792
            ],
            [
              -0.9791563962022338,
              0.20310773440776236
            ],
            [
              -0.9774619749435719,
              0.21111155235896492
            ],
            [
              -0.9757021300385287,
              0.21910124015686938
            ],
            [
              -0.9738769792773336,
              0.22707626303437303
            ],
            [
              -0.9719866448212795,
              0.23503608720592636
            ],
            [
              -0.9700312531945441,
              0.24298017990326337
            ],
            [
              -0.9680109352757228,
              0.25090800941105973
            ],
            [
              -0.9659258262890684,
              0.25881904510252035
            ],
            [
              -0.96377606579544,
              0.26671275747489825
            ],
            [
              -0.961561797682962,
              0.274588618184932
            ],
            [
              -0.9592831701573937,
              0.282446100084212
            ],
            [
              -0.9569403357322089,
              0.2902846772544621
            ],
            [
              -0.9545334512183886,
              0.29810382504273947
            ],
            [
              -0.9520626777139244,
              0.3059030200965529
            ],
            [
              -0.9495281805930368,
              0.3136817403988912
            ],
            [
              -0.9469301294951058,
              0.3214394653031611
            ],
            [
              -0.9442686983133166,
              0.3291756755680387
            ],
            [
              -0.9415440651830209,
              0.33688985339221966
            ],
            [
              -0.9387564124698135,
              0.34458148244907993
            ],
            [
              -0.9359059267573259,
              0.3522500479212332
            ],
            [
              -0.9329927988347391,
              0.35989503653498767
            ],
            [
              -0.9300172236840122,
              0.36751593659470333
            ],
            [
              -0.9269794004668331,
              0.37511223801703764
            ],
            [
              -0.923879532511287,
              0.3826834323650892
            ],
            [
              -0.9216817382023155,
              0.38792858736894614
            ],
            [
              -0.8321673706941002,
              0.3500497604983939
            ]
          ]
        ]
      }
    },
    {
      "type": "Feature",
      "properties": {
        "cell_id": "SYN_disconnected_r005_c003",
        "method": "GeoAnnulus-Final",
        "view": "annulus"
      },
      "geometry": {
        "type": "Polygon",
        "coordinates": [
          [
            [
              -0.7798541637199977,
              0.15272425027550174
            ],
            [
              -0.8321673706941006,
              0.35004976049839404
            ],
            [
              -0.6972497363404764,
              0.40097194197267316
            ],
            [
              -0.6473433646306774,
              0.371220732059001
            ],
            [
              -0.6025989053622028,
              0.18035886457406675
            ],
            [
              -0.7161951204180214,
              0.14062938693476348
            ],
            [
              -0.7798541637199977,
              0.15272425027550174
            ]
          ]
        ]
      }
    },
    {
      "type": "Feature",
      "properties": {
        "cell_id": "SYN_disconnected_r005_c004",
        "method": "GeoAnnulus-Final",
        "view": "annulus"
      },
      "geometry": {
        "type": "Polygon",
        "coordinates": [
          [
            [
              -0.584011628407952,
              0.17649478770251673
            ],
            [
              -0.602598905362203,
              0.18035886457406675
            ],
            [
              -0.6473433646306775,
              0.3712207320590011
            ],
            [
              -0.4678086312839806,
              0.4325136465541601
            ],
            [
              -0.4150929842504308,
              0.39369010428959256
            ],
            [
              -0.36845037517766843,
              0.3076423020096228
            ],
            [
              -0.36854137138056586,
              0.307534156771133
            ],
            [
              -0.3710450176141138,
              0.30450877639854973
            ],
            [
              -0.3735238290012471,
              0.30146301459424024
            ],
            [
              -0.3759776396297523,
              0.29839707521763703
            ],
            [
              -0.3784062852607712,
              0.2953111634787006
            ],
            [
              -0.38080960333979297,
              0.29220548592418577
            ],
            [
              -0.38318743300753516,
              0.28908025042381524
            ],
            [
              -0.3855396151107097,
              0.2859356661563678
            ],
            [
              -0.3878659922126752,
              0.2827719435956774
            ],
            [
              -0.39016640860397545,
              0.27958929449654474
            ],
            [
              -0.3924407103127603,
              0.27638793188056554
            ],
            [
              -0.3946887451150921,
              0.27316807002187105
            ],
            [
              -0.3969103625451343,
              0.2699299244327869
            ],
            [
              -0.3991054139052218,
              0.2666737118494089
            ],
            [
              -0.40127375227581447,
              0.2633996502170955
            ],
            [
              -0.40341523252533035,
              0.2601079586758806
            ],
            [
              -0.40552971131985943,
              0.2567988575458065
            ],
            [
              -0.40761704713275804,
              0.2534725683121764
            ],
            [
              -0.40967710025412024,
              0.25012931361073104
            ],
            [
              -0.4117097328001307,
              0.24676931721274634
            ],
            [
              -0.41371480872229177,
              0.24339280401005603
            ],
            [
              -0.4156921938165306,
              0.23999999999999988
            ],
            [
              -0.4176417557321816,
              0.2365911322702961
            ],
            [
              -0.4195633639808443,
              0.23316642898384304
            ],
            [
              -0.4214568899451181,
              0.2297261193634467
            ],
            [
              -0.4233222068872105,
              0.22627043367647867
            ],
            [
              -0.4251591899574195,
              0.2227996032194646
            ],
            [
              -0.426967716202491,
              0.21931386030260167
            ],
            [
              -0.42874766457384744,
              0.215813438234211
            ],
            [
              -0.4304989159356904,
              0.2122985713051205
            ],
            [
              -0.4322213530729746,
              0.208769494772984
            ],
            [
              -0.43391486069925284,
              0.20522644484653527
            ],
            [
              -0.43557932546439304,
              0.20166965866977693
            ],
            [
              -0.435594619668769,
              0.2016362676661647
            ],
            [
              -0.584011628407952,
              0.17649478770251673
            ]
          ]
        ]
      }
    },
    {
      "type": "Feature",
      "properties": {
        "cell_id": "SYN_disconnected_r005_c005",
        "method": "GeoAnnulus-Final",
        "view": "annulus"
      },
      "geometry": {
        "type": "Polygon",
        "coordinates": [
          [
            [
              -0.41509298425043084,
              0.3936901042895925
            ],
            [
              -0.26210032395140304,
              0.6000634436664298
            ],
            [
              -0.0015128684364872783,
              0.48517190114420744
            ],
            [
              -0.001522047257916448,
              0.47999377385526726
            ],
            [
              -0.0039269470098900385,
              0.4799839362803525
            ],
            [
              -0.007853631180714,
              0.47993574619658963
            ],
            [
              -0.011779789690997947,
              0.47985543297417804
            ],
            [
              -0.015705159754452726,
              0.4797430019886555
            ],
            [
              -0.019629478637560357,
              0.4795984607652714
            ],
            [
              -0.02355248367716108,
              0.4794218189784827
            ],
            [
              -0.027473912298033077,
              0.4792130884513068
            ],
            [
              -0.03139350203046894,
              0.47897228315452967
            ],
            [
              -0.03531099052784076,
              0.4786994192057713
            ],
            [
              -0.039226115584160844,
              0.47839451486840656
            ],
            [
              -0.04313861515163301,
              0.47805759055034286
            ],
            [
              -0.04704822735818944,
              0.4776886688026545
            ],
            [
              -0.05095469052501964,
              0.4772877743180727
            ],
            [
              -0.05485774318408645,
              0.47685493392933326
            ],
            [
              -0.058757124095624086,
              0.47639017660738076
            ],
            [
              -0.06265257226562519,
              0.4758935334594289
            ],
            [
              -0.06654382696330895,
              0.4753650377268791
            ],
            [
              -0.0704306277385739,
              0.4748047247830948
            ],
            [
              -0.0743127144394281,
              0.47421263213103465
            ],
            [
              -0.0781898272294027,
              0.4735887994007419
            ],
            [
              -0.08206170660494481,
              0.4729332683466917
            ],
            [
              -0.08592809341278404,
              0.4722460828449971
            ],
            [
              -0.0897887288672794,
              0.4715272888904715
            ],
            [
              -0.09364335456774175,
              0.4707769345935505
            ],
            [
              -0.0974917125157265,
              0.4699950701770721
            ],
            [
              -0.10133354513230372,
              0.4691817479729144
            ],
            [
              -0.10516859527529765,
              0.4683370224184936
            ],
            [
              -0.10899660625649941,
              0.46746095005312005
            ],
            [
              -0.11281732185884522,
              0.46655358951421405
            ],
            [
              -0.11663048635356678,
              0.4656150015333811
            ],
            [
              -0.12043584451730904,
              0.4646452489323468
            ],
            [
              -0.12423314164921033,
              0.4636443966187527
            ],
            [
              -0.1280221235879513,
              0.4626125115818111
            ],
            [
              -0.1318025367287677,
              0.4615496628878216
            ],
            [
              -0.13557412804042232,
              0.46045592167554883
            ],
            [
              -0.13933664508214197,
              0.4593313611514602
            ],
            [
              -0.14308983602051525,
              0.4581760565848264
            ],
            [
              -0.14683344964634593,
              0.45699008530268354
            ],
            [
              -0.1505672353914683,
              0.4557735266846575
            ],
            [
              -0.15429094334551766,
              0.45452646215765063
            ],
            [
              -0.1580043242726589,
              0.45324897519039187
            ],
            [
              -0.16170712962826597,
              0.4519411512878498
            ],
            [
              -0.16539911157555867,
              0.4506030779855103
            ],
            [
              -0.16908002300219227,
              0.4492348448435162
            ],
            [
              -0.1727496175367946,
              0.44783654344067453
            ],
            [
              -0.17640764956545776,
              0.4464082673683258
            ],
            [
              -0.18005387424817837,
              0.4449501122240797
            ],
            [
              -0.18368804753524334,
              0.4434621756054175
            ],
            [
              -0.18730992618356584,
              0.4419445571031587
            ],
            [
              -0.19091926777296542,
              0.4403973582947958
            ],
            [
              -0.19451583072239537,
              0.4388206827376946
            ],
            [
              -0.1980993743061098,
              0.4372146359621642
            ],
            [
              -0.20166965866977724,
              0.4355793254643929
            ],
            [
              -0.20522644484653557,
              0.43391486069925267
            ],
            [
              -0.2087694947729845,
              0.4322213530729744
            ],
            [
              -0.21229857130512064,
              0.43049891593569034
            ],
            [
              -0.2158134382342113,
              0.4287476645738472
            ],
            [
              -0.2193138603026022,
              0.42696771620249074
            ],
            [
              -0.22279960321946513,
              0.42515918995741925
            ],
            [
              -0.226270433676479,
              0.42332220688721034
            ],
            [
              -0.229726119363447,
              0.42145688994511793
            ],
            [
              -0.23316642898384354,
              0.41956336398084404
            ],
            [
              -0.2365911322702964,
              0.41764175573218143
            ],
            [
              -0.2400000000000002,
              0.4156921938165304
            ],
            [
              -0.2433928040100565,
              0.4137148087222915
            ],
            [
              -0.24676931721274645,
              0.41170973280013057
            ],
            [
              -0.2501293136107314,
              0.40967710025412013
            ],
            [
              -0.2534725683121769,
              0.4076170471327577
            ],
            [
              -0.25679885754580667,
              0.4055297113198593
            ],
            [
              -0.26010795867588093,
              0.4034152325253302
            ],
            [
              -0.2633996502170958,
              0.40127375227581424
            ],
            [
              -0.2666737118494094,
              0.3991054139052215
            ],
            [
              -0.2699299244327871,
              0.39691036254513407
            ],
            [
              -0.2731680700218713,
              0.39468874511509194
            ],
            [
              -0.27638793188056604,
              0.39244071031275995
            ],
            [
              -0.27958929449654507,
              0.3901664086039752
            ],
            [
              -0.28277194359567764,
              0.387865992212675
            ],
            [
              -0.2859356661563683,
              0.38553961511070933
            ],
            [
              -0.28908025042381535,
              0.3831874330075351
            ],
            [
              -0.292205485924186,
              0.38080960333979275
            ],
            [
              -0.29531116347870107,
              0.3784062852607708
            ],
            [
              -0.2983970752176375,
              0.3759776396297519
            ],
            [
              -0.30146301459424046,
              0.37352382900124687
            ],
            [
              -0.30450877639855,
              0.37104501761411357
            ],
            [
              -0.30753415677113344,
              0.36854137138056553
            ],
            [
              -0.3105389532167316,
              0.36601305787506627
            ],
            [
              -0.313522964617813,
              0.36346024632311247
            ],
            [
              -0.3164859912480331,
              0.3608831075899091
            ],
            [
              -0.31942783478560444,
              0.35828181416893123
            ],
            [
              -0.32234829832656897,
              0.35565654017038023
            ],
            [
              -0.3252471863979788,
              0.35300746130952876
            ],
            [
              -0.32812430497097833,
              0.35033475489496096
            ],
            [
              -0.33097946147379215,
              0.34763859981670403
            ],
            [
              -0.33381246480461374,
              0.3449191765342549
            ],
            [
              -0.3366231253443958,
              0.3421766670645022
            ],
            [
              -0.339411254969543,
              0.3394112549695426
            ],
            [
              -0.34217666706450245,
              0.33662312534439554
            ],
            [
              -0.3449191765342552,
              0.33381246480461346
            ],
            [
              -0.34763859981670425,
              0.330979461473792
            ],
            [
              -0.3503347548949612,
              0.32812430497097805
            ],
            [
              -0.35300746130952915,
              0.32524718639797834
            ],
            [
              -0.35565654017038045,
              0.3223482983265687
            ],
            [
              -0.35828181416893146,
              0.3194278347856042
            ],
            [
              -0.36088310758990927,
              0.3164859912480329
            ],
            [
              -0.3634602463231127,
              0.3135229646178127
            ],
            [
              -0.3660130578750665,
              0.3105389532167313
            ],
            [
              -0.3684503751776685,
              0.3076423020096227
            ],
            [
              -0.41509298425043084,
              0.3936901042895925
            ]
          ]
        ]
      }
    },
    {
      "type": "Feature",
      "properties": {
        "cell_id": "SYN_disconnected_r005_c006",
        "method": "GeoAnnulus-Final",
        "view": "annulus"
      },
      "geometry": {
        "type": "Polygon",
        "coordinates": [
          [
            [
              -0.0015128684364873065,
              0.48517190114420744
            ],
            [
              -0.00022616244934349494,
              0.48870389413312915
            ],
            [
              0.26150830056296825,
              0.5998036444550542
            ],
            [
              0.40578539766605604,
              0.40332076201769906
            ],
            [
              0.36579519217037115,
              0.31079361899737534
            ],
            [
              0.3634602463231124,
              0.313522964617813
            ],
            [
              0.36088310758990894,
              0.3164859912480333
            ],
            [
              0.3582818141689311,
              0.3194278347856046
            ],
            [
              0.3556565401703802,
              0.32234829832656897
            ],
            [
              0.35300746130952876,
              0.32524718639797884
            ],
            [
              0.3503347548949608,
              0.32812430497097855
            ],
            [
              0.347638599816704,
              0.3309794614737922
            ],
            [
              0.34491917653425486,
              0.3338124648046138
            ],
            [
              0.34217666706450206,
              0.336623125344396
            ],
            [
              0.3394112549695427,
              0.3394112549695429
            ],
            [
              0.33662312534439554,
              0.3421766670645025
            ],
            [
              0.33381246480461335,
              0.34491917653425536
            ],
            [
              0.33097946147379176,
              0.3476385998167045
            ],
            [
              0.32812430497097805,
              0.35033475489496124
            ],
            [
              0.32524718639797834,
              0.35300746130952915
            ],
            [
              0.32234829832656847,
              0.3556565401703807
            ],
            [
              0.31942783478560416,
              0.3582818141689315
            ],
            [
              0.31648599124803284,
              0.3608831075899093
            ],
            [
              0.31352296461781254,
              0.36346024632311286
            ],
            [
              0.3105389532167314,
              0.3660130578750664
            ],
            [
              0.307534156771133,
              0.36854137138056586
            ],
            [
              0.30450877639854956,
              0.37104501761411396
            ],
            [
              0.30146301459424,
              0.37352382900124725
            ],
            [
              0.298397075217637,
              0.3759776396297523
            ],
            [
              0.2953111634787006,
              0.3784062852607712
            ],
            [
              0.29220548592418555,
              0.38080960333979313
            ],
            [
              0.2890802504238152,
              0.3831874330075352
            ],
            [
              0.2859356661563678,
              0.3855396151107097
            ],
            [
              0.2827719435956772,
              0.38786599221267537
            ],
            [
              0.2795892944965449,
              0.39016640860397533
            ],
            [
              0.27638793188056554,
              0.3924407103127603
            ],
            [
              0.2731680700218708,
              0.3946887451150922
            ],
            [
              0.26992992443278707,
              0.3969103625451342
            ],
            [
              0.26667371184940886,
              0.3991054139052218
            ],
            [
              0.2633996502170954,
              0.4012737522758146
            ],
            [
              0.26010795867588044,
              0.40341523252533046
            ],
            [
              0.2567988575458065,
              0.40552971131985943
            ],
            [
              0.25347256831217635,
              0.40761704713275804
            ],
            [
              0.2501293136107309,
              0.4096771002541204
            ],
            [
              0.24676931721274634,
              0.4117097328001307
            ],
            [
              0.24339280401005597,
              0.41371480872229177
            ],
            [
              0.23999999999999966,
              0.4156921938165307
            ],
            [
              0.23659113227029624,
              0.4176417557321815
            ],
            [
              0.23316642898384304,
              0.4195633639808443
            ],
            [
              0.22972611936344647,
              0.42145688994511826
            ],
            [
              0.22627043367647845,
              0.4233222068872106
            ],
            [
              0.22279960321946457,
              0.4251591899574195
            ],
            [
              0.21931386030260164,
              0.426967716202491
            ],
            [
              0.21581343823421079,
              0.42874766457384755
            ],
            [
              0.21229857130512048,
              0.43049891593569045
            ],
            [
              0.20876949477298398,
              0.4322213530729746
            ],
            [
              0.20522644484653504,
              0.43391486069925295
            ],
            [
              0.20166965866977707,
              0.435579325464393
            ],
            [
              0.19809937430610927,
              0.4372146359621645
            ],
            [
              0.1945158307223948,
              0.4388206827376948
            ],
            [
              0.19091926777296486,
              0.440397358294796
            ],
            [
              0.1873099261835653,
              0.44194455710315894
            ],
            [
              0.1836880475352428,
              0.44346217560541773
            ],
            [
              0.18005387424817781,
              0.44495011222407993
            ],
            [
              0.17640764956545757,
              0.44640826736832584
            ],
            [
              0.17274961753679405,
              0.44783654344067475
            ],
            [
              0.1690800230021917,
              0.44923484484351645
            ],
            [
              0.16539911157555853,
              0.45060307798551036
            ],
            [
              0.16170712962826542,
              0.45194115128785
            ],
            [
              0.15800432427265834,
              0.45324897519039203
            ],
            [
              0.1542909433455175,
              0.4545264621576507
            ],
            [
              0.15056723539146774,
              0.45577352668465765
            ],
            [
              0.14683344964634537,
              0.45699008530268376
            ],
            [
              0.1430898360205147,
              0.4581760565848266
            ],
            [
              0.13933664508214177,
              0.4593313611514603
            ],
            [
              0.13557412804042174,
              0.460455921675549
            ],
            [
              0.13180253672876713,
              0.4615496628878218
            ],
            [
              0.12802212358795112,
              0.46261251158181116
            ],
            [
              0.12423314164920973,
              0.46364439661875284
            ],
            [
              0.12043584451730845,
              0.464645248932347
            ],
            [
              0.1166304863535666,
              0.4656150015333811
            ],
            [
              0.11281732185884462,
              0.46655358951421416
            ],
            [
              0.10899660625649883,
              0.4674609500531202
            ],
            [
              0.10516859527529705,
              0.4683370224184938
            ],
            [
              0.10133354513230314,
              0.4691817479729145
            ],
            [
              0.0974917125157259,
              0.4699950701770722
            ],
            [
              0.09364335456774116,
              0.4707769345935507
            ],
            [
              0.08978872886727923,
              0.4715272888904715
            ],
            [
              0.08592809341278344,
              0.4722460828449972
            ],
            [
              0.08206170660494422,
              0.4729332683466918
            ],
            [
              0.07818982722940253,
              0.4735887994007419
            ],
            [
              0.0743127144394275,
              0.4742126321310347
            ],
            [
              0.07043062773857332,
              0.47480472478309493
            ],
            [
              0.06654382696330834,
              0.4753650377268792
            ],
            [
              0.06265257226562461,
              0.47589353345942903
            ],
            [
              0.05875712409562348,
              0.4763901766073808
            ],
            [
              0.05485774318408585,
              0.4768549339293333
            ],
            [
              0.05095469052501947,
              0.4772877743180727
            ],
            [
              0.047048227358188845,
              0.4776886688026545
            ],
            [
              0.043138615151632406,
              0.4780575905503429
            ],
            [
              0.03922611558416066,
              0.47839451486840656
            ],
            [
              0.03531099052784015,
              0.4786994192057713
            ],
            [
              0.03139350203046833,
              0.4789722831545297
            ],
            [
              0.0274739122980329,
              0.4792130884513068
            ],
            [
              0.023552483677160476,
              0.47942181897848274
            ],
            [
              0.019629478637559757,
              0.4795984607652714
            ],
            [
              0.015705159754452122,
              0.4797430019886555
            ],
            [
              0.01177978969099777,
              0.47985543297417804
            ],
            [
              0.007853631180713397,
              0.47993574619658963
            ],
            [
              0.003926947009889436,
              0.4799839362803525
            ],
            [
              -8.817456953860942e-17,
              0.48
            ],
            [
              -0.001522047257916476,
              0.47999377385526726
            ],
            [
              -0.0015128684364873065,
              0.48517190114420744
            ]
          ]
        ]
      }
    },
    {
      "type": "Feature",
      "properties": {
        "cell_id": "SYN_disconnected_r005_c007",
        "method": "GeoAnnulus-Final",
        "view": "annulus"
      },
      "geometry": {
        "type": "Polygon",
        "coordinates": [
          [
            [
              0.4057853976660558,
              0.4033207620176987
            ],
            [
              0.47587389737411206,
              0.45984912548335044
            ],
            [
              0.6477121744210955,
              0.37044332031524096
            ],
            [
              0.5514760149483394,
              0.21629056416909498
            ],
            [
              0.5284021492176758,
              0.21268649240411855
            ],
            [
              0.42113171628314505,
              0.2303169209149926
            ],
            [
              0.41956336398084404,
              0.23316642898384357
            ],
            [
              0.4176417557321814,
              0.23659113227029643
            ],
            [
              0.4156921938165304,
              0.2400000000000002
            ],
            [
              0.4137148087222915,
              0.2433928040100565
            ],
            [
              0.41170973280013035,
              0.24676931721274686
            ],
            [
              0.40967710025412013,
              0.2501293136107314
            ],
            [
              0.4076170471327577,
              0.25347256831217696
            ],
            [
              0.40552971131985915,
              0.25679885754580706
            ],
            [
              0.4034152325253302,
              0.260107958675881
            ],
            [
              0.40127375227581424,
              0.2633996502170959
            ],
            [
              0.3991054139052215,
              0.2666737118494094
            ],
            [
              0.39691036254513407,
              0.2699299244327872
            ],
            [
              0.3946887451150919,
              0.2731680700218714
            ],
            [
              0.39244071031275995,
              0.2763879318805661
            ],
            [
              0.3901664086039752,
              0.27958929449654507
            ],
            [
              0.387865992212675,
              0.2827719435956777
            ],
            [
              0.38553961511070933,
              0.2859356661563683
            ],
            [
              0.38318743300753483,
              0.28908025042381574
            ],
            [
              0.38080960333979275,
              0.292205485924186
            ],
            [
              0.3784062852607708,
              0.2953111634787011
            ],
            [
              0.3759776396297519,
              0.29839707521763753
            ],
            [
              0.37352382900124687,
              0.3014630145942405
            ],
            [
              0.37104501761411357,
              0.30450877639855006
            ],
            [
              0.3685413713805655,
              0.30753415677113344
            ],
            [
              0.3660130578750662,
              0.3105389532167316
            ],
            [
              0.36579519217037115,
              0.31079361899737534
            ],
            [
              0.4057853976660558,
              0.4033207620176987
            ]
          ]
        ]
      }
    },
    {
      "type": "Feature",
      "properties": {
        "cell_id": "SYN_disconnected_r005_c008",
        "method": "GeoAnnulus-Final",
        "view": "annulus"
      },
      "geometry": {
        "type": "Polygon",
        "coordinates": [
          [
            [
              0.5514760149483394,
              0.21629056416909492
            ],
            [
              0.6477121744210955,
              0.37044332031524096
            ],
            [
              0.7008688907123378,
              0.39378108642810256
            ],
            [
              0.8042822809114134,
              0.35053395652695774
            ],
            [
              0.7786661770192173,
              0.23257043927410548
            ],
            [
              0.6481017830799227,
              0.17222955974393753
            ],
            [
              0.5514760149483394,
              0.21629056416909492
            ]
          ]
        ]
      }
    },
    {
      "type": "Feature",
      "properties": {
        "cell_id": "SYN_disconnected_r005_c009",
        "method": "GeoAnnulus-Final",
        "view": "annulus"
      },
      "geometry": {
        "type": "Polygon",
        "coordinates": [
          [
            [
              0.9746959170858502,
              0.219347005057554
            ],
            [
              0.9479422699346846,
              0.2058183551856107
            ],
            [
              0.9211380811733026,
              0.1969728352727304
            ],
            [
              0.8732982958778388,
              0.1897817996291055
            ],
            [
              0.8460082528616952,
              0.19692974777753003
            ],
            [
              0.7786661770192175,
              0.23257043927410598
            ],
            [
              0.8042822809114134,
              0.3505339565269575
            ],
            [
              0.924630373951686,
              0.3808495586158346
            ],
            [
              0.9269794004668328,
              0.37511223801703836
            ],
            [
              0.9300172236840117,
              0.3675159365947045
            ],
            [
              0.9329927988347386,
              0.35989503653498883
            ],
            [
              0.9359059267573255,
              0.352250047921234
            ],
            [
              0.9387564124698131,
              0.34458148244908066
            ],
            [
              0.9415440651830205,
              0.33688985339222083
            ],
            [
              0.9442686983133164,
              0.32917567556803945
            ],
            [
              0.9469301294951056,
              0.32143946530316186
            ],
            [
              0.9495281805930363,
              0.31368174039889235
            ],
            [
              0.952062677713924,
              0.30590302009655407
            ],
            [
              0.9545334512183883,
              0.2981038250427402
            ],
            [
              0.9569403357322086,
              0.29028467725446333
            ],
            [
              0.9592831701573934,
              0.2824461000842132
            ],
            [
              0.9615617976829618,
              0.2745886181849328
            ],
            [
              0.9637760657954396,
              0.2667127574748994
            ],
            [
              0.9659258262890681,
              0.25881904510252157
            ],
            [
              0.9680109352757226,
              0.25090800941106056
            ],
            [
              0.970031253194544,
              0.24298017990326418
            ],
            [
              0.9719866448212792,
              0.23503608720592759
            ],
            [
              0.9738769792773335,
              0.22707626303437384
            ],
            [
              0.9755229963609041,
              0.21988396737456598
            ],
            [
              0.9746959170858502,
              0.219347005057554
            ]
          ]
        ]
      }
    },
    {
      "type": "Feature",
      "properties": {
        "cell_id": "SYN_disconnected_r005_c015",
        "method": "GeoAnnulus-Final",
        "view": "annulus"
      },
      "geometry": {
        "type": "Polygon",
        "coordinates": [
          [
            [
              0.6481017830799227,
              0.17222955974393744
            ],
            [
              0.7786661770192176,
              0.2325704392741056
            ],
            [
              0.8460082528616943,
              0.19692974777753014
            ],
            [
              0.7215666566045691,
              0.08916145408780768
            ],
            [
              0.6834072428063342,
              0.09992488380856197
            ],
            [
              0.6481017830799227,
              0.17222955974393744
            ]
          ]
        ]
      }
    },
    {
      "type": "Feature",
      "properties": {
        "cell_id": "SYN_disconnected_r005_c016",
        "method": "GeoAnnulus-Final",
        "view": "annulus"
      },
      "geometry": {
        "type": "Polygon",
        "coordinates": [
          [
            [
              0.7215666566045691,
              0.08916145408780761
            ],
            [
              0.8460082528616943,
              0.19692974777753014
            ],
            [
              0.8732982958778389,
              0.18978179962910538
            ],
            [
              0.8730972596852239,
              0.18876853034749633
            ],
            [
              0.8427166035030724,
              0.10112625312359216
            ],
            [
              0.7723922682080828,
              0.06316430345371839
            ],
            [
              0.744290040480152,
              0.0732416334799999
            ],
            [
              0.7215666566045691,
              0.08916145408780761
            ]
          ]
        ]
      }
    },
    {
      "type": "Feature",
      "properties": {
        "cell_id": "SYN_disconnected_r005_c017",
        "method": "GeoAnnulus-Final",
        "view": "annulus"
      },
      "geometry": {
        "type": "Polygon",
        "coordinates": [
          [
            [
              0.7723922682080834,
              0.06316430345371829
            ],
            [
              0.8427166035030721,
              0.10112625312359151
            ],
            [
              0.8729621735740053,
              0.03568927986068423
            ],
            [
              0.8717994489803333,
              0.03475397890146476
            ],
            [
              0.8395105297350007,
              0.026990184097992212
            ],
            [
              0.7981449017146859,
              0.04035073077409721
            ],
            [
              0.7723922682080834,
              0.06316430345371829
            ]
          ]
        ]
      }
    },
    {
      "type": "Feature",
      "properties": {
        "cell_id": "SYN_disconnected_r005_c018",
        "method": "GeoAnnulus-Final",
        "view": "annulus"
      },
      "geometry": {
        "type": "Polygon",
        "coordinates": [
          [
            [
              0.8729621735740053,
              0.035689279860684
            ],
            [
              0.842716603503072,
              0.10112625312359191
            ],
            [
              0.8730972596852242,
              0.1887685303474982
            ],
            [
              0.9004312756833014,
              0.040320955789893906
            ],
            [
              0.8729621735740053,
              0.035689279860684
            ]
          ]
        ]
      }
    },
    {
      "type": "Feature",
      "properties": {
        "cell_id": "SYN_disconnected_r005_c019",
        "method": "GeoAnnulus-Final",
        "view": "annulus"
      },
      "geometry": {
        "type": "Polygon",
        "coordinates": [
          [
            [
              0.9004312756833017,
              0.04032095578989414
            ],
            [
              0.8730972596852244,
              0.18876853034749885
            ],
            [
              0.8732982958778388,
              0.1897817996291053
            ],
            [
              0.9211380811733019,
              0.19697283527273007
            ],
            [
              0.9103594837729538,
              0.04294541034819953
            ],
            [
              0.9017360670136236,
              0.04018752247139846
            ],
            [
              0.9004312756833017,
              0.04032095578989414
            ]
          ]
        ]
      }
    },
    {
      "type": "Feature",
      "properties": {
        "cell_id": "SYN_disconnected_r005_c020",
        "method": "GeoAnnulus-Final",
        "view": "annulus"
      },
      "geometry": {
        "type": "Polygon",
        "coordinates": [
          [
            [
              0.9103594837729543,
              0.042945410348199514
            ],
            [
              0.9211380811733028,
              0.19697283527273024
            ],
            [
              0.9479422699346847,
              0.20581835518561054
            ],
            [
              0.9386139945475617,
              0.04207469302121654
            ],
            [
              0.9324701547199467,
              0.040168302671443834
            ],
            [
              0.9103594837729543,
              0.042945410348199514
            ]
          ]
        ]
      }
    },
    {
      "type": "Feature",
      "properties": {
        "cell_id": "SYN_disconnected_r005_c021",
        "method": "GeoAnnulus-Final",
        "view": "annulus"
      },
      "geometry": {
        "type": "Polygon",
        "coordinates": [
          [
            [
              0.9386139945475616,
              0.042074693021216525
            ],
            [
              0.9479422699346844,
              0.2058183551856106
            ],
            [
              0.9746959170858506,
              0.2193470050575541
            ],
            [
              0.9623388262846045,
              0.038579537915665645
            ],
            [
              0.9386139945475616,
              0.042074693021216525
            ]
          ]
        ]
      }
    },
    {
      "type": "Feature",
      "properties": {
        "cell_id": "SYN_disconnected_r005_c022",
        "method": "GeoAnnulus-Final",
        "view": "annulus"
      },
      "geometry": {
        "type": "Polygon",
        "coordinates": [
          [
            [
              0.9658487945286343,
              0.03663865559613096
            ],
            [
              0.9623388262846047,
              0.03857953791566551
            ],
            [
              0.9746959170858507,
              0.21934700505755428
            ],
            [
              0.9755229963609041,
              0.21988396737456598
            ],
            [
              0.9757021300385285,
              0.21910124015687016
            ],
            [
              0.9774619749435717,
              0.21111155235896614
            ],
            [
              0.9791563962022336,
              0.20310773440776358
            ],
            [
              0.9807852804032303,
              0.19509032201612872
            ],
            [
              0.9823485185218155,
              0.18705985180683304
            ],
            [
              0.9838460059270773,
              0.1790168612766335
            ],
            [
              0.9852776423889411,
              0.17096188876030177
            ],
            [
              0.986643332084879,
              0.162895473394589
            ],
            [
              0.9879429836063223,
              0.15481815508214192
            ],
            [
              0.9891765099647809,
              0.1467304744553624
            ],
            [
              0.9903438285976648,
              0.13863297284022702
            ],
            [
              0.9914448613738103,
              0.13052619222005257
            ],
            [
              0.9924795345987099,
              0.1224106751992169
            ],
            [
              0.9934477790194444,
              0.11428696496684684
            ],
            [
              0.994349529829318,
              0.10615560526045854
            ],
            [
              0.9951847266721968,
              0.0980171403295614
            ],
            [
              0.9959533136465477,
              0.0898721148992355
            ],
            [
              0.9966552393091803,
              0.08172107413366848
            ],
            [
              0.9972904566786901,
              0.0735645635996683
            ],
            [
              0.9978589232386035,
              0.06540312923014367
            ],
            [
              0.9983606009402225,
              0.05723731728756897
            ],
            [
              0.9987954562051723,
              0.04906767432741898
            ],
            [
              0.9991634599276488,
              0.040894747161584144
            ],
            [
              0.9992846495524972,
              0.03760442816403662
            ],
            [
              0.9658487945286343,
              0.03663865559613096
            ]
          ]
        ]
      }
    },
    {
      "type": "Feature",
      "properties": {
        "cell_id": "SYN_disconnected_r006_c002",
        "method": "GeoAnnulus-Final",
        "view": "annulus"
      },
      "geometry": {
        "type": "Polygon",
        "coordinates": [
          [
            [
              -0.8583571376264597,
              0.1242773138078595
            ],
            [
              -0.8583571376264597,
              -0.12427699718945151
            ],
            [
              -0.9897931722028136,
              -0.14245278768861688
            ],
            [
              -0.9903438285976648,
              -0.1386329728402269
            ],
            [
              -0.9914448613738104,
              -0.130526192220052
            ],
            [
              -0.99247953459871,
              -0.12241067519921635
            ],
            [
              -0.9934477790194444,
              -0.11428696496684672
            ],
            [
              -0.994349529829318,
              -0.10615560526045797
            ],
            [
              -0.9951847266721968,
              -0.09801714032956083
            ],
            [
              -0.9959533136465477,
              -0.08987211489923537
            ],
            [
              -0.9966552393091803,
              -0.08172107413366836
            ],
            [
              -0.9972904566786902,
              -0.07356456359966773
            ],
            [
              -0.9978589232386035,
              -0.06540312923014356
            ],
            [
              -0.9983606009402225,
              -0.05723731728756885
            ],
            [
              -0.9987954562051724,
              -0.04906767432741841
            ],
            [
              -0.9991634599276488,
              -0.04089474716158358
            ],
            [
              -0.9994645874763657,
              -0.03271908282177645
            ],
            [
              -0.9996988186962042,
              -0.02454122852291277
            ],
            [
              -0.9998661379095618,
              -0.016361731626486995
            ],
            [
              -0.9999665339174011,
              -0.00818113960393752
            ],
            [
              -1.0,
              -1.2246467991473532e-16
            ],
            [
              -0.9999665339174011,
              0.008181139603936832
            ],
            [
              -0.9998661379095618,
              0.016361731626486308
            ],
            [
              -0.9996988186962042,
              0.02454122852291208
            ],
            [
              -0.9994645874763657,
              0.03271908282177576
            ],
            [
              -0.9991634599276488,
              0.04089474716158289
            ],
            [
              -0.9987954562051724,
              0.049067674327417724
            ],
            [
              -0.9983606009402225,
              0.05723731728756816
            ],
            [
              -0.9978589232386035,
              0.06540312923014287
            ],
            [
              -0.9972904566786902,
              0.07356456359966705
            ],
            [
              -0.9966552393091803,
              0.08172107413366768
            ],
            [
              -0.9959533136465478,
              0.08987211489923469
            ],
            [
              -0.9951847266721969,
              0.09801714032956015
            ],
            [
              -0.9943495298293181,
              0.1061556052604573
            ],
            [
              -0.9934477790194445,
              0.11428696496684604
            ],
            [
              -0.9924795345987101,
              0.12241067519921565
            ],
            [
              -0.9914448613738105,
              0.13052619222005132
            ],
            [
              -0.9903438285976649,
              0.13863297284022622
            ],
            [
              -0.9897931274518882,
              0.14245309811858922
            ],
            [
              -0.8583571376264597,
              0.1242773138078595
            ]
          ]
        ]
      }
    },
    {
      "type": "Feature",
      "properties": {
        "cell_id": "SYN_disconnected_r006_c003",
        "method": "GeoAnnulus-Final",
        "view": "annulus"
      },
      "geometry": {
        "type": "Polygon",
        "coordinates": [
          [
            [
              -0.85835713762646,
              -0.12427699718945133
            ],
            [
              -0.85835713762646,
              0.12427731380785952
            ],
            [
              -0.7798541637199976,
              0.15272425027550188
            ],
            [
              -0.7161951204180212,
              0.14062938693476362
            ],
            [
              -0.7161951204180212,
              -0.14060402346450512
            ],
            [
              -0.7798995087101044,
              -0.1527075021005743
            ],
            [
              -0.85835713762646,
              -0.12427699718945133
            ]
          ]
        ]
      }
    },
    {
      "type": "Feature",
      "properties": {
        "cell_id": "SYN_disconnected_r006_c004",
        "method": "GeoAnnulus-Final",
        "view": "annulus"
      },
      "geometry": {
        "type": "Polygon",
        "coordinates": [
          [
            [
              -0.7161951204180215,
              -0.14060402346450515
            ],
            [
              -0.7161951204180215,
              0.1406293869347636
            ],
            [
              -0.602598905362203,
              0.1803588645740668
            ],
            [
              -0.584011628407952,
              0.17649478770251678
            ],
            [
              -0.5833517407621278,
              -0.17605651516844575
            ],
            [
              -0.6030933650366105,
              -0.18016056730871433
            ],
            [
              -0.7161951204180215,
              -0.14060402346450515
            ]
          ]
        ]
      }
    },
    {
      "type": "Feature",
      "properties": {
        "cell_id": "SYN_disconnected_r006_c005",
        "method": "GeoAnnulus-Final",
        "view": "annulus"
      },
      "geometry": {
        "type": "Polygon",
        "coordinates": [
          [
            [
              -0.5833517407621278,
              -0.17605651516844578
            ],
            [
              -0.584011628407952,
              0.17649478770251675
            ],
            [
              -0.435594619668769,
              0.20163626766616474
            ],
            [
              -0.4372146359621645,
              0.1980993743061093
            ],
            [
              -0.43882068273769476,
              0.19451583072239503
            ],
            [
              -0.44039735829479587,
              0.19091926777296508
            ],
            [
              -0.44194455710315894,
              0.1873099261835653
            ],
            [
              -0.44346217560541773,
              0.18368804753524282
            ],
            [
              -0.4449501122240799,
              0.18005387424817806
            ],
            [
              -0.44640826736832584,
              0.1764076495654576
            ],
            [
              -0.44783654344067475,
              0.17274961753679408
            ],
            [
              -0.4492348448435164,
              0.16908002300219194
            ],
            [
              -0.4506030779855104,
              0.16539911157555837
            ],
            [
              -0.45194115128785,
              0.16170712962826544
            ],
            [
              -0.453248975190392,
              0.15800432427265856
            ],
            [
              -0.45452646215765075,
              0.15429094334551732
            ],
            [
              -0.45577352668465765,
              0.15056723539146777
            ],
            [
              -0.4569900853026837,
              0.1468334496463454
            ],
            [
              -0.4581760565848265,
              0.14308983602051495
            ],
            [
              -0.4593313611514603,
              0.1393366450821418
            ],
            [
              -0.460455921675549,
              0.13557412804042177
            ],
            [
              -0.46154966288782173,
              0.13180253672876738
            ],
            [
              -0.46261251158181116,
              0.12802212358795115
            ],
            [
              -0.46364439661875284,
              0.12423314164920976
            ],
            [
              -0.46464524893234693,
              0.12043584451730867
            ],
            [
              -0.46561500153338115,
              0.11663048635356642
            ],
            [
              -0.46655358951421416,
              0.11281732185884465
            ],
            [
              -0.4674609500531201,
              0.10899660625649905
            ],
            [
              -0.46833702241849373,
              0.1051685952752973
            ],
            [
              -0.4691817479729145,
              0.10133354513230315
            ],
            [
              -0.4699950701770722,
              0.09749171251572593
            ],
            [
              -0.47077693459355063,
              0.0936433545677414
            ],
            [
              -0.4715272888904715,
              0.08978872886727926
            ],
            [
              -0.4722460828449972,
              0.08592809341278347
            ],
            [
              -0.4729332683466918,
              0.08206170660494447
            ],
            [
              -0.47358879940074194,
              0.07818982722940233
            ],
            [
              -0.4742126321310347,
              0.07431271443942752
            ],
            [
              -0.4748047247830949,
              0.07043062773857356
            ],
            [
              -0.47536503772687916,
              0.06654382696330859
            ],
            [
              -0.47589353345942903,
              0.06265257226562464
            ],
            [
              -0.4763901766073808,
              0.05875712409562351
            ],
            [
              -0.4768549339293333,
              0.054857743184086094
            ],
            [
              -0.4772877743180727,
              0.0509546905250195
            ],
            [
              -0.4776886688026545,
              0.047048227358188865
            ],
            [
              -0.4780575905503429,
              0.04313861515163265
            ],
            [
              -0.47839451486840656,
              0.03922611558416048
            ],
            [
              -0.4786994192057713,
              0.03531099052784018
            ],
            [
              -0.47897228315452967,
              0.031393502030468576
            ],
            [
              -0.4792130884513068,
              0.027473912298032716
            ],
            [
              -0.47942181897848274,
              0.023552483677160507
            ],
            [
              -0.4795984607652714,
              0.019629478637559785
            ],
            [
              -0.4797430019886555,
              0.015705159754452365
            ],
            [
              -0.47985543297417804,
              0.011779789690997798
            ],
            [
              -0.47993574619658963,
              0.007853631180713428
            ],
            [
              -0.4799839362803525,
              0.003926947009889679
            ],
            [
              -0.48,
              -5.878304635907295e-17
            ],
            [
              -0.4799839362803525,
              -0.00392694700989001
            ],
            [
              -0.47993574619658963,
              -0.007853631180713758
            ],
            [
              -0.47985543297417804,
              -0.011779789690998129
            ],
            [
              -0.4797430019886555,
              -0.015705159754452695
            ],
            [
              -0.4795984607652714,
              -0.019629478637560118
            ],
            [
              -0.47942181897848274,
              -0.023552483677160837
            ],
            [
              -0.4792130884513068,
              -0.027473912298033046
            ],
            [
              -0.47897228315452967,
              -0.03139350203046891
            ],
            [
              -0.4786994192057713,
              -0.03531099052784051
            ],
            [
              -0.47839451486840656,
              -0.03922611558416081
            ],
            [
              -0.47805759055034286,
              -0.043138615151632975
            ],
            [
              -0.4776886688026545,
              -0.04704822735818919
            ],
            [
              -0.4772877743180726,
              -0.05095469052501982
            ],
            [
              -0.47685493392933326,
              -0.05485774318408642
            ],
            [
              -0.47639017660738076,
              -0.05875712409562384
            ],
            [
              -0.475893533459429,
              -0.06265257226562496
            ],
            [
              -0.4753650377268791,
              -0.06654382696330892
            ],
            [
              -0.4748047247830948,
              -0.07043062773857388
            ],
            [
              -0.47421263213103465,
              -0.07431271443942786
            ],
            [
              -0.4735887994007419,
              -0.07818982722940267
            ],
            [
              -0.47293326834669175,
              -0.08206170660494479
            ],
            [
              -0.47224608284499714,
              -0.08592809341278379
            ],
            [
              -0.47152728889047146,
              -0.0897887288672796
            ],
            [
              -0.4707769345935506,
              -0.09364335456774173
            ],
            [
              -0.46999507017707215,
              -0.09749171251572625
            ],
            [
              -0.46918174797291445,
              -0.10133354513230348
            ],
            [
              -0.4683370224184936,
              -0.10516859527529762
            ],
            [
              -0.46746095005312005,
              -0.10899660625649939
            ],
            [
              -0.4665535895142141,
              -0.11281732185884497
            ],
            [
              -0.4656150015333811,
              -0.11663048635356675
            ],
            [
              -0.4646452489323468,
              -0.12043584451730902
            ],
            [
              -0.46364439661875273,
              -0.12423314164921008
            ],
            [
              -0.46261251158181105,
              -0.12802212358795148
            ],
            [
              -0.4615496628878217,
              -0.13180253672876768
            ],
            [
              -0.46045592167554894,
              -0.13557412804042207
            ],
            [
              -0.45933136115146017,
              -0.13933664508214214
            ],
            [
              -0.4581760565848264,
              -0.14308983602051523
            ],
            [
              -0.45699008530268365,
              -0.1468334496463457
            ],
            [
              -0.45577352668465754,
              -0.15056723539146805
            ],
            [
              -0.45452646215765063,
              -0.15429094334551763
            ],
            [
              -0.45324897519039187,
              -0.15800432427265887
            ],
            [
              -0.4519411512878499,
              -0.16170712962826575
            ],
            [
              -0.4506030779855103,
              -0.16539911157555864
            ],
            [
              -0.4492348448435162,
              -0.16908002300219224
            ],
            [
              -0.44783654344067464,
              -0.17274961753679438
            ],
            [
              -0.44640826736832573,
              -0.1764076495654579
            ],
            [
              -0.4449501122240797,
              -0.18005387424817834
            ],
            [
              -0.4434621756054176,
              -0.18368804753524315
            ],
            [
              -0.4419445571031588,
              -0.18730992618356562
            ],
            [
              -0.4403973582947958,
              -0.1909192677729654
            ],
            [
              -0.4388206827376946,
              -0.19451583072239534
            ],
            [
              -0.4372146359621643,
              -0.1980993743061096
            ],
            [
              -0.43588525802187245,
              -0.2010017327757071
            ],
            [
              -0.5833517407621278,
              -0.17605651516844578
            ]
          ]
        ]
      }
    },
    {
      "type": "Feature",
      "properties": {
        "cell_id": "SYN_disconnected_r006_c006",
        "method": "GeoAnnulus-Final",
        "view": "annulus"
      },
      "geometry": {
        "type": "Polygon",
        "coordinates": [
          [
            [
              0.5284021492176757,
              0.21268649240411847
            ],
            [
              0.5497942003371126,
              0.1035522118990867
            ],
            [
              0.5428578202421744,
              0.04189955329221495
            ],
            [
              0.4799899648409107,
              0.0024532013035700735
            ],
            [
              0.4799839362803525,
              0.003926947009890068
            ],
            [
              0.47993574619658963,
              0.00785363118071403
            ],
            [
              0.479855432974178,
              0.011779789690998401
            ],
            [
              0.4797430019886555,
              0.015705159754452754
            ],
            [
              0.4795984607652714,
              0.01962947863756039
            ],
            [
              0.4794218189784827,
              0.02355248367716111
            ],
            [
              0.4792130884513068,
              0.027473912298033105
            ],
            [
              0.47897228315452967,
              0.031393502030468964
            ],
            [
              0.47869941920577125,
              0.035310990527840785
            ],
            [
              0.47839451486840656,
              0.03922611558416087
            ],
            [
              0.47805759055034286,
              0.04313861515163304
            ],
            [
              0.4776886688026545,
              0.04704822735818947
            ],
            [
              0.4772877743180726,
              0.0509546905250201
            ],
            [
              0.47685493392933326,
              0.05485774318408648
            ],
            [
              0.4763901766073807,
              0.058757124095624114
            ],
            [
              0.4758935334594289,
              0.06265257226562523
            ],
            [
              0.4753650377268791,
              0.06654382696330896
            ],
            [
              0.4748047247830948,
              0.07043062773857395
            ],
            [
              0.47421263213103465,
              0.07431271443942812
            ],
            [
              0.4735887994007419,
              0.07818982722940272
            ],
            [
              0.4729332683466917,
              0.08206170660494484
            ],
            [
              0.4722460828449971,
              0.08592809341278407
            ],
            [
              0.4715272888904714,
              0.08978872886727986
            ],
            [
              0.4707769345935505,
              0.09364335456774178
            ],
            [
              0.4699950701770721,
              0.09749171251572651
            ],
            [
              0.4691817479729144,
              0.10133354513230375
            ],
            [
              0.4683370224184936,
              0.10516859527529768
            ],
            [
              0.46746095005312005,
              0.10899660625649944
            ],
            [
              0.466553589514214,
              0.11281732185884524
            ],
            [
              0.4656150015333811,
              0.1166304863535668
            ],
            [
              0.4646452489323468,
              0.12043584451730907
            ],
            [
              0.4636443966187527,
              0.12423314164921034
            ],
            [
              0.462612511581811,
              0.12802212358795173
            ],
            [
              0.4615496628878216,
              0.13180253672876774
            ],
            [
              0.46045592167554883,
              0.13557412804042235
            ],
            [
              0.4593313611514601,
              0.13933664508214239
            ],
            [
              0.45817605658482635,
              0.14308983602051528
            ],
            [
              0.45699008530268354,
              0.14683344964634595
            ],
            [
              0.4557735266846574,
              0.15056723539146832
            ],
            [
              0.45452646215765063,
              0.15429094334551768
            ],
            [
              0.45324897519039187,
              0.15800432427265892
            ],
            [
              0.4519411512878498,
              0.161707129628266
            ],
            [
              0.4506030779855103,
              0.1653991115755587
            ],
            [
              0.4492348448435162,
              0.1690800230021923
            ],
            [
              0.44783654344067453,
              0.17274961753679463
            ],
            [
              0.4464082673683256,
              0.17640764956545815
            ],
            [
              0.4449501122240797,
              0.1800538742481784
            ],
            [
              0.4434621756054175,
              0.18368804753524337
            ],
            [
              0.4419445571031587,
              0.18730992618356587
            ],
            [
              0.44039735829479576,
              0.19091926777296545
            ],
            [
              0.43882068273769453,
              0.1945158307223954
            ],
            [
              0.4372146359621642,
              0.19809937430610983
            ],
            [
              0.4355793254643929,
              0.20166965866977726
            ],
            [
              0.43391486069925267,
              0.2052264448465356
            ],
            [
              0.4322213530729744,
              0.20876949477298454
            ],
            [
              0.4304989159356901,
              0.21229857130512106
            ],
            [
              0.4287476645738472,
              0.21581343823421134
            ],
            [
              0.42696771620249074,
              0.21931386030260222
            ],
            [
              0.4251591899574192,
              0.22279960321946515
            ],
            [
              0.4233222068872103,
              0.22627043367647903
            ],
            [
              0.42145688994511793,
              0.22972611936344703
            ],
            [
              0.4211317162831451,
              0.2303169209149925
            ],
            [
              0.5284021492176757,
              0.21268649240411847
            ]
          ]
        ]
      }
    },
    {
      "type": "Feature",
      "properties": {
        "cell_id": "SYN_disconnected_r006_c007",
        "method": "GeoAnnulus-Final",
        "view": "annulus"
      },
      "geometry": {
        "type": "Polygon",
        "coordinates": [
          [
            [
              0.5428578202421743,
              0.04189955329221441
            ],
            [
              0.5907877018165344,
              -0.09601146584469689
            ],
            [
              0.5044016863536048,
              -0.12032543804898192
            ],
            [
              0.4651693305889691,
              -0.11837932163882611
            ],
            [
              0.4656150015333811,
              -0.11663048635356664
            ],
            [
              0.4665535895142141,
              -0.1128173218588448
            ],
            [
              0.4674609500531201,
              -0.10899660625649914
            ],
            [
              0.4683370224184937,
              -0.10516859527529748
            ],
            [
              0.4691817479729145,
              -0.10133354513230326
            ],
            [
              0.46999507017707215,
              -0.09749171251572616
            ],
            [
              0.4707769345935506,
              -0.09364335456774156
            ],
            [
              0.4715272888904715,
              -0.08978872886727934
            ],
            [
              0.47224608284499714,
              -0.08592809341278368
            ],
            [
              0.47293326834669175,
              -0.08206170660494458
            ],
            [
              0.4735887994007419,
              -0.07818982722940258
            ],
            [
              0.4742126321310347,
              -0.07431271443942769
            ],
            [
              0.4748047247830949,
              -0.07043062773857364
            ],
            [
              0.47536503772687916,
              -0.0665438269633088
            ],
            [
              0.475893533459429,
              -0.06265257226562475
            ],
            [
              0.47639017660738076,
              -0.05875712409562377
            ],
            [
              0.47685493392933326,
              -0.05485774318408626
            ],
            [
              0.4772877743180727,
              -0.05095469052501959
            ],
            [
              0.4776886688026545,
              -0.04704822735818909
            ],
            [
              0.47805759055034286,
              -0.04313861515163278
            ],
            [
              0.47839451486840656,
              -0.03922611558416074
            ],
            [
              0.4786994192057713,
              -0.03531099052784036
            ],
            [
              0.47897228315452967,
              -0.031393502030468666
            ],
            [
              0.4792130884513068,
              -0.027473912298032938
            ],
            [
              0.47942181897848274,
              -0.023552483677160646
            ],
            [
              0.4795984607652714,
              -0.019629478637560052
            ],
            [
              0.4797430019886555,
              -0.015705159754452545
            ],
            [
              0.47985543297417804,
              -0.011779789690997898
            ],
            [
              0.47993574619658963,
              -0.007853631180713654
            ],
            [
              0.4799839362803525,
              -0.003926947009889822
            ],
            [
              0.48,
              0.0
            ],
            [
              0.4799899648409107,
              0.0024532013035696134
            ],
            [
              0.5428578202421743,
              0.04189955329221441
            ]
          ]
        ]
      }
    },
    {
      "type": "Feature",
      "properties": {
        "cell_id": "SYN_disconnected_r006_c008",
        "method": "GeoAnnulus-Final",
        "view": "annulus"
      },
      "geometry": {
        "type": "Polygon",
        "coordinates": [
          [
            [
              0.5428578202421743,
              0.04189955329221465
            ],
            [
              0.5497942003371126,
              0.1035522118990871
            ],
            [
              0.670116883538719,
              0.006360586725471559
            ],
            [
              0.6724452107136286,
              -0.031237201207978932
            ],
            [
              0.6533424053493914,
              -0.08535738354946003
            ],
            [
              0.6370664461967528,
              -0.10475634274577038
            ],
            [
              0.5907877018165345,
              -0.09601146584469694
            ],
            [
              0.5428578202421743,
              0.04189955329221465
            ]
          ]
        ]
      }
    },
    {
      "type": "Feature",
      "properties": {
        "cell_id": "SYN_disconnected_r006_c009",
        "method": "GeoAnnulus-Final",
        "view": "annulus"
      },
      "geometry": {
        "type": "Polygon",
        "coordinates": [
          [
            [
              0.5284021492176758,
              0.21268649240411866
            ],
            [
              0.5514760149483392,
              0.21629056416909503
            ],
            [
              0.6481017830799225,
              0.1722295597439376
            ],
            [
              0.6834072428063341,
              0.09992488380856183
            ],
            [
              0.670116883538719,
              0.006360586725471254
            ],
            [
              0.5497942003371127,
              0.10355221189908669
            ],
            [
              0.5284021492176758,
              0.21268649240411866
            ]
          ]
        ]
      }
    },
    {
      "type": "Feature",
      "properties": {
        "cell_id": "SYN_disconnected_r006_c015",
        "method": "GeoAnnulus-Final",
        "view": "annulus"
      },
      "geometry": {
        "type": "Polygon",
        "coordinates": [
          [
            [
              0.6724452107136286,
              -0.031237201207979307
            ],
            [
              0.670116883538719,
              0.006360586725471407
            ],
            [
              0.6834072428063341,
              0.09992488380856182
            ],
            [
              0.7215666566045692,
              0.08916145408780748
            ],
            [
              0.7442900404801517,
              0.07324163348000003
            ],
            [
              0.7381522205553521,
              -0.030181868180207155
            ],
            [
              0.6724452107136286,
              -0.031237201207979307
            ]
          ]
        ]
      }
    },
    {
      "type": "Feature",
      "properties": {
        "cell_id": "SYN_disconnected_r006_c016",
        "method": "GeoAnnulus-Final",
        "view": "annulus"
      },
      "geometry": {
        "type": "Polygon",
        "coordinates": [
          [
            [
              0.7381522205553527,
              -0.03018186818020714
            ],
            [
              0.7442900404801522,
              0.07324163347999964
            ],
            [
              0.7723922682080826,
              0.06316430345371826
            ],
            [
              0.7981449017146853,
              0.040350730774097
            ],
            [
              0.7981449017146853,
              -0.03583301622786647
            ],
            [
              0.7561622969582923,
              -0.03663158158230384
            ],
            [
              0.7381522205553527,
              -0.03018186818020714
            ]
          ]
        ]
      }
    },
    {
      "type": "Feature",
      "properties": {
        "cell_id": "SYN_disconnected_r006_c017",
        "method": "GeoAnnulus-Final",
        "view": "annulus"
      },
      "geometry": {
        "type": "Polygon",
        "coordinates": [
          [
            [
              0.7981449017146859,
              -0.03583301622786673
            ],
            [
              0.7981449017146859,
              0.04035073077409695
            ],
            [
              0.8395105297350005,
              0.026990184097991962
            ],
            [
              0.8395105297350005,
              -0.03582744592872102
            ],
            [
              0.8391782176541497,
              -0.03598872076540694
            ],
            [
              0.8019210752663811,
              -0.037255339138194676
            ],
            [
              0.7981449017146859,
              -0.03583301622786673
            ]
          ]
        ]
      }
    },
    {
      "type": "Feature",
      "properties": {
        "cell_id": "SYN_disconnected_r006_c018",
        "method": "GeoAnnulus-Final",
        "view": "annulus"
      },
      "geometry": {
        "type": "Polygon",
        "coordinates": [
          [
            [
              0.8395105297350007,
              -0.03582744592872094
            ],
            [
              0.8395105297350007,
              0.026990184097991955
            ],
            [
              0.8717994489803333,
              0.03475397890146448
            ],
            [
              0.8717994489803333,
              -0.03401539809663268
            ],
            [
              0.8712629327770042,
              -0.03429321578890124
            ],
            [
              0.8395105297350007,
              -0.03582744592872094
            ]
          ]
        ]
      }
    },
    {
      "type": "Feature",
      "properties": {
        "cell_id": "SYN_disconnected_r006_c019",
        "method": "GeoAnnulus-Final",
        "view": "annulus"
      },
      "geometry": {
        "type": "Polygon",
        "coordinates": [
          [
            [
              0.8717994489803327,
              -0.03401539809663312
            ],
            [
              0.8717994489803327,
              0.03475397890146423
            ],
            [
              0.8729621735740057,
              0.03568927986068461
            ],
            [
              0.9004312756833008,
              0.040320955789894364
            ],
            [
              0.9017360670136243,
              0.04018752247139853
            ],
            [
              0.9017360670136243,
              -0.03215777558849604
            ],
            [
              0.8717994489803327,
              -0.03401539809663312
            ]
          ]
        ]
      }
    },
    {
      "type": "Feature",
      "properties": {
        "cell_id": "SYN_disconnected_r006_c020",
        "method": "GeoAnnulus-Final",
        "view": "annulus"
      },
      "geometry": {
        "type": "Polygon",
        "coordinates": [
          [
            [
              0.9017360670136232,
              -0.0321577755884957
            ],
            [
              0.9017360670136232,
              0.04018752247139825
            ],
            [
              0.9103594837729547,
              0.04294541034819971
            ],
            [
              0.932470154719947,
              0.040168302671444056
            ],
            [
              0.932470154719947,
              -0.03031003327223851
            ],
            [
              0.902726188399994,
              -0.032547995843021565
            ],
            [
              0.9017360670136232,
              -0.0321577755884957
            ]
          ]
        ]
      }
    },
    {
      "type": "Feature",
      "properties": {
        "cell_id": "SYN_disconnected_r006_c021",
        "method": "GeoAnnulus-Final",
        "view": "annulus"
      },
      "geometry": {
        "type": "Polygon",
        "coordinates": [
          [
            [
              0.9324701547199459,
              -0.030310033272238433
            ],
            [
              0.9324701547199459,
              0.04016830267144394
            ],
            [
              0.9386139945475613,
              0.0420746930212168
            ],
            [
              0.9623388262846042,
              0.03857953791566593
            ],
            [
              0.9658487945286349,
              0.036638655596130776
            ],
            [
              0.9658487945286349,
              -0.02827691934039607
            ],
            [
              0.9343235747108565,
              -0.031048569806247418
            ],
            [
              0.9324701547199459,
              -0.030310033272238433
            ]
          ]
        ]
      }
    },
    {
      "type": "Feature",
      "properties": {
        "cell_id": "SYN_disconnected_r006_c022",
        "method": "GeoAnnulus-Final",
        "view": "annulus"
      },
      "geometry": {
        "type": "Polygon",
        "coordinates": [
          [
            [
              0.9741769069541366,
              -0.03270694588470907
            ],
            [
              0.965848794528634,
              -0.0282769193403958
            ],
            [
              0.965848794528634,
              0.03663865559613098
            ],
            [
              0.9992846495524972,
              0.03760442816403664
            ],
            [
              0.9994645874763657,
              0.032719082821776574
            ],
            [
              0.9996988186962041,
              0.024541228522913336
            ],
            [
              0.9998661379095618,
              0.016361731626487564
            ],
            [
              0.9999665339174011,
              0.008181139603937642
            ],
            [
              1.0,
              0.0
            ],
            [
              0.9999665339174011,
              -0.008181139603937128
            ],
            [
              0.9998661379095618,
              -0.01636173162648678
            ],
            [
              0.9996988186962042,
              -0.024541228522912288
            ],
            [
              0.9994645874763657,
              -0.03271908282177614
            ],
            [
              0.9994367884659882,
              -0.03347383069786365
            ],
            [
              0.9741769069541366,
              -0.03270694588470907
            ]
          ]
        ]
      }
    },
    {
      "type": "Feature",
      "properties": {
        "cell_id": "SYN_disconnected_r007_c002",
        "method": "GeoAnnulus-Final",
        "view": "annulus"
      },
      "geometry": {
        "type": "Polygon",
        "coordinates": [
          [
            [
              -0.85835713762646,
              -0.12427699718945115
            ],
            [
              -0.7798995087101039,
              -0.1527075021005742
            ],
            [
              -0.8322386474773451,
              -0.3501308270935408
            ],
            [
              -0.9216636206349584,
              -0.38797182592347884
            ],
            [
              -0.9238795325112867,
              -0.3826834323650899
            ],
            [
              -0.9269794004668328,
              -0.37511223801703825
            ],
            [
              -0.930017223684012,
              -0.367515936594704
            ],
            [
              -0.9329927988347388,
              -0.35989503653498833
            ],
            [
              -0.9359059267573255,
              -0.3522500479212339
            ],
            [
              -0.9387564124698131,
              -0.34458148244908055
            ],
            [
              -0.9415440651830207,
              -0.33688985339222033
            ],
            [
              -0.9442686983133164,
              -0.32917567556803934
            ],
            [
              -0.9469301294951056,
              -0.32143946530316175
            ],
            [
              -0.9495281805930366,
              -0.3136817403988918
            ],
            [
              -0.9520626777139243,
              -0.30590302009655357
            ],
            [
              -0.9545334512183884,
              -0.2981038250427401
            ],
            [
              -0.9569403357322087,
              -0.2902846772544628
            ],
            [
              -0.9592831701573936,
              -0.28244610008421267
            ],
            [
              -0.9615617976829619,
              -0.2745886181849327
            ],
            [
              -0.9637760657954397,
              -0.2667127574748989
            ],
            [
              -0.9659258262890682,
              -0.258819045102521
            ],
            [
              -0.9680109352757226,
              -0.25090800941106045
            ],
            [
              -0.970031253194544,
              -0.24298017990326407
            ],
            [
              -0.9719866448212794,
              -0.23503608720592703
            ],
            [
              -0.9738769792773335,
              -0.22707626303437373
            ],
            [
              -0.9757021300385285,
              -0.21910124015687005
            ],
            [
              -0.9774619749435718,
              -0.2111115523589656
            ],
            [
              -0.9791563962022337,
              -0.20310773440776303
            ],
            [
              -0.9807852804032304,
              -0.1950903220161286
            ],
            [
              -0.9823485185218156,
              -0.1870598518068325
            ],
            [
              -0.9838460059270774,
              -0.1790168612766329
            ],
            [
              -0.9852776423889412,
              -0.17096188876030163
            ],
            [
              -0.986643332084879,
              -0.1628954733945889
            ],
            [
              -0.9879429836063223,
              -0.15481815508214136
            ],
            [
              -0.9891765099647809,
              -0.14673047445536225
            ],
            [
              -0.9897931722028136,
              -0.1424527876886165
            ],
            [
              -0.85835713762646,
              -0.12427699718945115
            ]
          ]
        ]
      }
    },
    {
      "type": "Feature",
      "properties": {
        "cell_id": "SYN_disconnected_r007_c003",
        "method": "GeoAnnulus-Final",
        "view": "annulus"
      },
      "geometry": {
        "type": "Polygon",
        "coordinates": [
          [
            [
              -0.8322386474773452,
              -0.3501308270935408
            ],
            [
              -0.7798995087101039,
              -0.15270750210057416
            ],
            [
              -0.7161951204180215,
              -0.14060402346450515
            ],
            [
              -0.6030933650366106,
              -0.1801605673087144
            ],
            [
              -0.6476850748850462,
              -0.3703708672019845
            ],
            [
              -0.6984428075588178,
              -0.40062960787543095
            ],
            [
              -0.8322386474773452,
              -0.3501308270935408
            ]
          ]
        ]
      }
    },
    {
      "type": "Feature",
      "properties": {
        "cell_id": "SYN_disconnected_r007_c004",
        "method": "GeoAnnulus-Final",
        "view": "annulus"
      },
      "geometry": {
        "type": "Polygon",
        "coordinates": [
          [
            [
              -0.3889473199495042,
              -0.3493831539688872
            ],
            [
              -0.4741334893391712,
              -0.429621143151768
            ],
            [
              -0.6476850748850461,
              -0.37037086720198453
            ],
            [
              -0.6030933650366105,
              -0.18016056730871433
            ],
            [
              -0.5833517407621278,
              -0.17605651516844573
            ],
            [
              -0.4358852580218725,
              -0.20100173277570704
            ],
            [
              -0.4355793254643929,
              -0.2016696586697772
            ],
            [
              -0.43391486069925267,
              -0.20522644484653554
            ],
            [
              -0.43222135307297443,
              -0.2087694947729843
            ],
            [
              -0.4304989159356903,
              -0.2122985713051208
            ],
            [
              -0.4287476645738473,
              -0.21581343823421129
            ],
            [
              -0.42696771620249085,
              -0.21931386030260197
            ],
            [
              -0.42515918995741936,
              -0.2227996032194649
            ],
            [
              -0.42332220688721034,
              -0.22627043367647898
            ],
            [
              -0.421456889945118,
              -0.22972611936344697
            ],
            [
              -0.41956336398084415,
              -0.23316642898384335
            ],
            [
              -0.41764175573218143,
              -0.23659113227029638
            ],
            [
              -0.41569219381653044,
              -0.24000000000000016
            ],
            [
              -0.4137148087222916,
              -0.24339280401005628
            ],
            [
              -0.41170973280013046,
              -0.24676931721274661
            ],
            [
              -0.40967710025412013,
              -0.2501293136107313
            ],
            [
              -0.4076170471327578,
              -0.2534725683121767
            ],
            [
              -0.4055297113198593,
              -0.25679885754580684
            ],
            [
              -0.4034152325253302,
              -0.26010795867588093
            ],
            [
              -0.4012737522758143,
              -0.2633996502170958
            ],
            [
              -0.3991054139052216,
              -0.2666737118494092
            ],
            [
              -0.3969103625451341,
              -0.2699299244327871
            ],
            [
              -0.39468874511509194,
              -0.2731680700218713
            ],
            [
              -0.3924407103127601,
              -0.2763879318805658
            ],
            [
              -0.3901664086039752,
              -0.279589294496545
            ],
            [
              -0.387865992212675,
              -0.28277194359567764
            ],
            [
              -0.3855396151107095,
              -0.28593566615636806
            ],
            [
              -0.383187433007535,
              -0.2890802504238155
            ],
            [
              -0.3808096033397928,
              -0.292205485924186
            ],
            [
              -0.37840628526077097,
              -0.2953111634787009
            ],
            [
              -0.37597763962975206,
              -0.29839707521763725
            ],
            [
              -0.37352382900124687,
              -0.30146301459424046
            ],
            [
              -0.37104501761411357,
              -0.30450877639855
            ],
            [
              -0.370313904151435,
              -0.305392246391427
            ],
            [
              -0.3889473199495042,
              -0.3493831539688872
            ]
          ]
        ]
      }
    },
    {
      "type": "Feature",
      "properties": {
        "cell_id": "SYN_disconnected_r007_c005",
        "method": "GeoAnnulus-Final",
        "view": "annulus"
      },
      "geometry": {
        "type": "Polygon",
        "coordinates": [
          [
            [
              -0.0032138220665052196,
              -0.4940664221698603
            ],
            [
              -0.2700186727346081,
              -0.5736384829247125
            ],
            [
              -0.38894731994950404,
              -0.34938315396888703
            ],
            [
              -0.37031390415143495,
              -0.3053922463914271
            ],
            [
              -0.3685413713805657,
              -0.30753415677113327
            ],
            [
              -0.36601305787506627,
              -0.31053895321673153
            ],
            [
              -0.36346024632311247,
              -0.313522964617813
            ],
            [
              -0.3608831075899091,
              -0.31648599124803306
            ],
            [
              -0.35828181416893123,
              -0.3194278347856044
            ],
            [
              -0.35565654017038023,
              -0.3223482983265689
            ],
            [
              -0.3530074613095289,
              -0.3252471863979786
            ],
            [
              -0.35033475489496096,
              -0.32812430497097833
            ],
            [
              -0.34763859981670403,
              -0.33097946147379215
            ],
            [
              -0.3449191765342549,
              -0.33381246480461374
            ],
            [
              -0.3421766670645022,
              -0.33662312534439576
            ],
            [
              -0.3394112549695428,
              -0.33941125496954283
            ],
            [
              -0.33662312534439554,
              -0.34217666706450245
            ],
            [
              -0.3338124648046135,
              -0.34491917653425513
            ],
            [
              -0.330979461473792,
              -0.34763859981670425
            ],
            [
              -0.3281243049709781,
              -0.3503347548949612
            ],
            [
              -0.32524718639797856,
              -0.353007461309529
            ],
            [
              -0.3223482983265687,
              -0.35565654017038045
            ],
            [
              -0.3194278347856042,
              -0.35828181416893146
            ],
            [
              -0.3164859912480329,
              -0.36088310758990927
            ],
            [
              -0.3135229646178127,
              -0.3634602463231127
            ],
            [
              -0.3105389532167315,
              -0.3660130578750663
            ],
            [
              -0.30753415677113305,
              -0.3685413713805658
            ],
            [
              -0.3045087763985498,
              -0.3710450176141138
            ],
            [
              -0.30146301459424024,
              -0.3735238290012471
            ],
            [
              -0.29839707521763703,
              -0.3759776396297523
            ],
            [
              -0.29531116347870084,
              -0.378406285260771
            ],
            [
              -0.29220548592418577,
              -0.38080960333979297
            ],
            [
              -0.28908025042381524,
              -0.38318743300753516
            ],
            [
              -0.285935666156368,
              -0.38553961511070955
            ],
            [
              -0.2827719435956774,
              -0.3878659922126752
            ],
            [
              -0.27958929449654496,
              -0.3901664086039753
            ],
            [
              -0.2763879318805656,
              -0.3924407103127603
            ],
            [
              -0.27316807002187105,
              -0.39468874511509205
            ],
            [
              -0.26992992443278707,
              -0.3969103625451342
            ],
            [
              -0.2666737118494089,
              -0.39910541390522175
            ],
            [
              -0.26339965021709555,
              -0.40127375227581447
            ],
            [
              -0.26010795867588066,
              -0.4034152325253303
            ],
            [
              -0.25679885754580656,
              -0.40552971131985943
            ],
            [
              -0.2534725683121766,
              -0.40761704713275787
            ],
            [
              -0.2501293136107311,
              -0.40967710025412024
            ],
            [
              -0.2467693172127464,
              -0.4117097328001306
            ],
            [
              -0.24339280401005603,
              -0.41371480872229177
            ],
            [
              -0.2399999999999999,
              -0.41569219381653055
            ],
            [
              -0.2365911322702963,
              -0.4176417557321815
            ],
            [
              -0.2331664289838431,
              -0.4195633639808443
            ],
            [
              -0.22972611936344672,
              -0.4214568899451181
            ],
            [
              -0.2262704336764787,
              -0.4233222068872105
            ],
            [
              -0.22279960321946463,
              -0.42515918995741947
            ],
            [
              -0.2193138603026019,
              -0.4269677162024909
            ],
            [
              -0.21581343823421104,
              -0.4287476645738474
            ],
            [
              -0.21229857130512053,
              -0.4304989159356904
            ],
            [
              -0.20876949477298404,
              -0.4322213530729746
            ],
            [
              -0.2052264448465353,
              -0.43391486069925284
            ],
            [
              -0.20166965866977712,
              -0.43557932546439293
            ],
            [
              -0.1980993743061094,
              -0.4372146359621644
            ],
            [
              -0.19451583072239506,
              -0.4388206827376947
            ],
            [
              -0.1909192677729652,
              -0.4403973582947958
            ],
            [
              -0.18730992618356532,
              -0.44194455710315894
            ],
            [
              -0.18368804753524295,
              -0.4434621756054177
            ],
            [
              -0.1800538742481782,
              -0.4449501122240798
            ],
            [
              -0.17640764956545762,
              -0.44640826736832584
            ],
            [
              -0.17274961753679421,
              -0.4478365434406747
            ],
            [
              -0.16908002300219196,
              -0.44923484484351633
            ],
            [
              -0.16539911157555848,
              -0.45060307798551036
            ],
            [
              -0.16170712962826556,
              -0.45194115128784995
            ],
            [
              -0.1580043242726586,
              -0.453248975190392
            ],
            [
              -0.15429094334551746,
              -0.4545264621576507
            ],
            [
              -0.1505672353914678,
              -0.45577352668465765
            ],
            [
              -0.1468334496463455,
              -0.4569900853026837
            ],
            [
              -0.14308983602051503,
              -0.45817605658482646
            ],
            [
              -0.13933664508214183,
              -0.4593313611514603
            ],
            [
              -0.13557412804042188,
              -0.460455921675549
            ],
            [
              -0.1318025367287674,
              -0.46154966288782173
            ],
            [
              -0.12802212358795118,
              -0.4626125115818111
            ],
            [
              -0.1242331416492099,
              -0.4636443966187528
            ],
            [
              -0.12043584451730872,
              -0.46464524893234693
            ],
            [
              -0.11663048635356654,
              -0.46561500153338115
            ],
            [
              -0.11281732185884467,
              -0.46655358951421416
            ],
            [
              -0.1089966062564991,
              -0.4674609500531201
            ],
            [
              -0.10516859527529743,
              -0.4683370224184937
            ],
            [
              -0.10133354513230318,
              -0.4691817479729145
            ],
            [
              -0.09749171251572607,
              -0.46999507017707215
            ],
            [
              -0.09364335456774142,
              -0.47077693459355063
            ],
            [
              -0.0897887288672793,
              -0.4715272888904715
            ],
            [
              -0.08592809341278361,
              -0.4722460828449972
            ],
            [
              -0.08206170660494448,
              -0.4729332683466918
            ],
            [
              -0.07818982722940247,
              -0.47358879940074194
            ],
            [
              -0.07431271443942755,
              -0.4742126321310347
            ],
            [
              -0.07043062773857359,
              -0.4748047247830949
            ],
            [
              -0.06654382696330872,
              -0.47536503772687916
            ],
            [
              -0.06265257226562466,
              -0.47589353345942903
            ],
            [
              -0.05875712409562365,
              -0.4763901766073808
            ],
            [
              -0.05485774318408623,
              -0.47685493392933326
            ],
            [
              -0.050954690525019525,
              -0.4772877743180727
            ],
            [
              -0.047048227358189004,
              -0.4776886688026545
            ],
            [
              -0.04313861515163268,
              -0.47805759055034286
            ],
            [
              -0.039226115584160615,
              -0.47839451486840656
            ],
            [
              -0.035310990527840314,
              -0.4786994192057713
            ],
            [
              -0.031393502030468604,
              -0.47897228315452967
            ],
            [
              -0.02747391229803285,
              -0.4792130884513068
            ],
            [
              -0.023552483677160535,
              -0.47942181897848274
            ],
            [
              -0.019629478637559924,
              -0.4795984607652714
            ],
            [
              -0.015705159754452497,
              -0.4797430019886555
            ],
            [
              -0.011779789690997827,
              -0.47985543297417804
            ],
            [
              -0.007853631180713562,
              -0.47993574619658963
            ],
            [
              -0.003926947009889708,
              -0.4799839362803525
            ],
            [
              -0.003180296949177655,
              -0.4799869905556508
            ],
            [
              -0.0032138220665052196,
              -0.4940664221698603
            ]
          ]
        ]
      }
    },
    {
      "type": "Feature",
      "properties": {
        "cell_id": "SYN_disconnected_r007_c006",
        "method": "GeoAnnulus-Final",
        "view": "annulus"
      },
      "geometry": {
        "type": "Polygon",
        "coordinates": [
          [
            [
              0.32341461156553697,
              -0.39309124989752375
            ],
            [
              0.27652366499956693,
              -0.5796754212535343
            ],
            [
              0.27244435838120945,
              -0.5810502548168152
            ],
            [
              -0.00040899124199038567,
              -0.502175233058136
            ],
            [
              -0.003213822066505177,
              -0.49406642216986046
            ],
            [
              -0.0031802969491776124,
              -0.4799869905556508
            ],
            [
              2.9391523179536474e-17,
              -0.48
            ],
            [
              0.003926947009889873,
              -0.4799839362803525
            ],
            [
              0.007853631180713729,
              -0.47993574619658963
            ],
            [
              0.011779789690997992,
              -0.47985543297417804
            ],
            [
              0.015705159754452663,
              -0.4797430019886555
            ],
            [
              0.01962947863756009,
              -0.4795984607652714
            ],
            [
              0.023552483677160698,
              -0.47942181897848274
            ],
            [
              0.027473912298033015,
              -0.4792130884513068
            ],
            [
              0.03139350203046877,
              -0.47897228315452967
            ],
            [
              0.03531099052784048,
              -0.4786994192057713
            ],
            [
              0.03922611558416078,
              -0.47839451486840656
            ],
            [
              0.04313861515163284,
              -0.47805759055034286
            ],
            [
              0.04704822735818917,
              -0.4776886688026545
            ],
            [
              0.05095469052501969,
              -0.4772877743180726
            ],
            [
              0.0548577431840864,
              -0.47685493392933326
            ],
            [
              0.05875712409562381,
              -0.47639017660738076
            ],
            [
              0.06265257226562482,
              -0.475893533459429
            ],
            [
              0.06654382696330889,
              -0.4753650377268791
            ],
            [
              0.07043062773857374,
              -0.4748047247830948
            ],
            [
              0.07431271443942772,
              -0.4742126321310347
            ],
            [
              0.07818982722940263,
              -0.4735887994007419
            ],
            [
              0.08206170660494465,
              -0.47293326834669175
            ],
            [
              0.08592809341278376,
              -0.47224608284499714
            ],
            [
              0.08978872886727945,
              -0.47152728889047146
            ],
            [
              0.0936433545677416,
              -0.4707769345935506
            ],
            [
              0.09749171251572622,
              -0.46999507017707215
            ],
            [
              0.10133354513230335,
              -0.46918174797291445
            ],
            [
              0.1051685952752976,
              -0.4683370224184936
            ],
            [
              0.10899660625649925,
              -0.4674609500531201
            ],
            [
              0.11281732185884484,
              -0.4665535895142141
            ],
            [
              0.11663048635356671,
              -0.4656150015333811
            ],
            [
              0.12043584451730888,
              -0.4646452489323469
            ],
            [
              0.12423314164921005,
              -0.46364439661875273
            ],
            [
              0.12802212358795134,
              -0.4626125115818111
            ],
            [
              0.13180253672876754,
              -0.4615496628878217
            ],
            [
              0.13557412804042204,
              -0.46045592167554894
            ],
            [
              0.139336645082142,
              -0.4593313611514602
            ],
            [
              0.1430898360205152,
              -0.4581760565848264
            ],
            [
              0.14683344964634568,
              -0.45699008530268365
            ],
            [
              0.15056723539146796,
              -0.4557735266846576
            ],
            [
              0.1542909433455176,
              -0.45452646215765063
            ],
            [
              0.15800432427265873,
              -0.4532489751903919
            ],
            [
              0.16170712962826572,
              -0.4519411512878499
            ],
            [
              0.16539911157555862,
              -0.45060307798551036
            ],
            [
              0.16908002300219213,
              -0.4492348448435163
            ],
            [
              0.17274961753679435,
              -0.44783654344067464
            ],
            [
              0.1764076495654578,
              -0.4464082673683258
            ],
            [
              0.1800538742481783,
              -0.4449501122240797
            ],
            [
              0.18368804753524312,
              -0.4434621756054176
            ],
            [
              0.18730992618356548,
              -0.44194455710315883
            ],
            [
              0.19091926777296536,
              -0.4403973582947958
            ],
            [
              0.1945158307223952,
              -0.43882068273769465
            ],
            [
              0.19809937430610958,
              -0.4372146359621643
            ],
            [
              0.20166965866977718,
              -0.43557932546439293
            ],
            [
              0.20522644484653543,
              -0.4339148606992528
            ],
            [
              0.20876949477298426,
              -0.4322213530729745
            ],
            [
              0.2122985713051207,
              -0.43049891593569034
            ],
            [
              0.21581343823421115,
              -0.42874766457384733
            ],
            [
              0.21931386030260194,
              -0.42696771620249085
            ],
            [
              0.2227996032194648,
              -0.4251591899574194
            ],
            [
              0.22627043367647895,
              -0.42332220688721034
            ],
            [
              0.2297261193634469,
              -0.42145688994511804
            ],
            [
              0.23316642898384324,
              -0.4195633639808442
            ],
            [
              0.23659113227029635,
              -0.41764175573218143
            ],
            [
              0.24000000000000005,
              -0.4156921938165305
            ],
            [
              0.24339280401005622,
              -0.4137148087222916
            ],
            [
              0.2467693172127465,
              -0.41170973280013057
            ],
            [
              0.2501293136107312,
              -0.4096771002541202
            ],
            [
              0.2534725683121767,
              -0.40761704713275787
            ],
            [
              0.25679885754580667,
              -0.4055297113198593
            ],
            [
              0.2601079586758808,
              -0.40341523252533024
            ],
            [
              0.26339965021709566,
              -0.4012737522758144
            ],
            [
              0.26667371184940913,
              -0.39910541390522164
            ],
            [
              0.26992992443278707,
              -0.3969103625451341
            ],
            [
              0.2731680700218712,
              -0.394688745115092
            ],
            [
              0.27638793188056576,
              -0.3924407103127602
            ],
            [
              0.27958929449654507,
              -0.3901664086039752
            ],
            [
              0.2827719435956776,
              -0.38786599221267504
            ],
            [
              0.28593566615636806,
              -0.3855396151107095
            ],
            [
              0.2890802504238154,
              -0.38318743300753505
            ],
            [
              0.2922054859241859,
              -0.38080960333979286
            ],
            [
              0.2953111634787009,
              -0.37840628526077097
            ],
            [
              0.29839707521763714,
              -0.37597763962975217
            ],
            [
              0.30146301459424046,
              -0.3735238290012469
            ],
            [
              0.3039005303870784,
              -0.3715400422536901
            ],
            [
              0.32341461156553697,
              -0.39309124989752375
            ]
          ]
        ]
      }
    },
    {
      "type": "Feature",
      "properties": {
        "cell_id": "SYN_disconnected_r007_c007",
        "method": "GeoAnnulus-Final",
        "view": "annulus"
      },
      "geometry": {
        "type": "Polygon",
        "coordinates": [
          [
            [
              0.4787447411754953,
              -0.2606568283385513
            ],
            [
              0.46920083298718407,
              -0.3367423386215881
            ],
            [
              0.37066216727659956,
              -0.40779713268920514
            ],
            [
              0.3234146115655372,
              -0.39309124989752386
            ],
            [
              0.30390053038707854,
              -0.37154004225369003
            ],
            [
              0.3045087763985499,
              -0.3710450176141137
            ],
            [
              0.3075341567711332,
              -0.36854137138056575
            ],
            [
              0.3105389532167316,
              -0.36601305787506627
            ],
            [
              0.31352296461781287,
              -0.3634602463231125
            ],
            [
              0.31648599124803306,
              -0.36088310758990916
            ],
            [
              0.31942783478560427,
              -0.3582818141689314
            ],
            [
              0.32234829832656886,
              -0.3556565401703803
            ],
            [
              0.3252471863979786,
              -0.3530074613095289
            ],
            [
              0.3281243049709782,
              -0.3503347548949611
            ],
            [
              0.33097946147379215,
              -0.3476385998167041
            ],
            [
              0.3338124648046136,
              -0.3449191765342551
            ],
            [
              0.3366231253443957,
              -0.3421766670645023
            ],
            [
              0.33941125496954283,
              -0.3394112549695428
            ],
            [
              0.3421766670645024,
              -0.33662312534439565
            ],
            [
              0.34491917653425513,
              -0.3338124648046135
            ],
            [
              0.34763859981670414,
              -0.3309794614737921
            ],
            [
              0.35033475489496113,
              -0.3281243049709781
            ],
            [
              0.353007461309529,
              -0.32524718639797856
            ],
            [
              0.3556565401703804,
              -0.3223482983265688
            ],
            [
              0.3582818141689314,
              -0.3194278347856042
            ],
            [
              0.36088310758990916,
              -0.31648599124803306
            ],
            [
              0.36346024632311263,
              -0.31352296461781276
            ],
            [
              0.3660130578750663,
              -0.3105389532167315
            ],
            [
              0.36854137138056575,
              -0.30753415677113316
            ],
            [
              0.37104501761411374,
              -0.30450877639854984
            ],
            [
              0.373523829001247,
              -0.3014630145942404
            ],
            [
              0.3759776396297522,
              -0.2983970752176371
            ],
            [
              0.37840628526077097,
              -0.29531116347870084
            ],
            [
              0.3808096033397929,
              -0.2922054859241858
            ],
            [
              0.3831874330075351,
              -0.2890802504238153
            ],
            [
              0.38553961511070955,
              -0.28593566615636795
            ],
            [
              0.3878659922126751,
              -0.2827719435956775
            ],
            [
              0.3901664086039753,
              -0.27958929449654496
            ],
            [
              0.3924407103127602,
              -0.2763879318805657
            ],
            [
              0.39468874511509205,
              -0.27316807002187116
            ],
            [
              0.3969103625451342,
              -0.26992992443278707
            ],
            [
              0.3991054139052217,
              -0.266673711849409
            ],
            [
              0.4012737522758144,
              -0.26339965021709555
            ],
            [
              0.40341523252533024,
              -0.26010795867588077
            ],
            [
              0.4055297113198594,
              -0.2567988575458066
            ],
            [
              0.4076170471327579,
              -0.25347256831217657
            ],
            [
              0.40967710025412024,
              -0.2501293136107312
            ],
            [
              0.4117097328001306,
              -0.2467693172127464
            ],
            [
              0.41371480872229166,
              -0.24339280401005617
            ],
            [
              0.41569219381653055,
              -0.23999999999999996
            ],
            [
              0.4176417557321815,
              -0.23659113227029627
            ],
            [
              0.41956336398084426,
              -0.2331664289838432
            ],
            [
              0.4214568899451181,
              -0.22972611936344678
            ],
            [
              0.4233222068872104,
              -0.22627043367647884
            ],
            [
              0.42461385710146843,
              -0.2238299654020786
            ],
            [
              0.4787447411754953,
              -0.2606568283385513
            ]
          ]
        ]
      }
    },
    {
      "type": "Feature",
      "properties": {
        "cell_id": "SYN_disconnected_r007_c008",
        "method": "GeoAnnulus-Final",
        "view": "annulus"
      },
      "geometry": {
        "type": "Polygon",
        "coordinates": [
          [
            [
              0.504401686353605,
              -0.12032543804898198
            ],
            [
              0.5839207015633099,
              -0.24562662850504022
            ],
            [
              0.4787447411754955,
              -0.26065682833855136
            ],
            [
              0.42461385710146843,
              -0.2238299654020786
            ],
            [
              0.42515918995741947,
              -0.2227996032194647
            ],
            [
              0.4269677162024909,
              -0.2193138603026019
            ],
            [
              0.42874766457384733,
              -0.21581343823421112
            ],
            [
              0.4304989159356904,
              -0.2122985713051206
            ],
            [
              0.4322213530729745,
              -0.20876949477298418
            ],
            [
              0.4339148606992528,
              -0.20522644484653538
            ],
            [
              0.43557932546439293,
              -0.20166965866977712
            ],
            [
              0.43721463596216437,
              -0.19809937430610944
            ],
            [
              0.4388206827376947,
              -0.1945158307223951
            ],
            [
              0.4403973582947958,
              -0.19091926777296528
            ],
            [
              0.4419445571031589,
              -0.18730992618356543
            ],
            [
              0.4434621756054176,
              -0.1836880475352431
            ],
            [
              0.44495011222407976,
              -0.18005387424817823
            ],
            [
              0.44640826736832584,
              -0.17640764956545768
            ],
            [
              0.4478365434406747,
              -0.1727496175367943
            ],
            [
              0.44923484484351633,
              -0.16908002300219208
            ],
            [
              0.45060307798551036,
              -0.1653991115755586
            ],
            [
              0.45194115128784995,
              -0.1617071296282656
            ],
            [
              0.4532489751903919,
              -0.15800432427265865
            ],
            [
              0.4545264621576507,
              -0.15429094334551752
            ],
            [
              0.4557735266846576,
              -0.1505672353914679
            ],
            [
              0.45699008530268365,
              -0.14683344964634565
            ],
            [
              0.45817605658482646,
              -0.1430898360205151
            ],
            [
              0.4593313611514602,
              -0.1393366450821419
            ],
            [
              0.46045592167554894,
              -0.13557412804042196
            ],
            [
              0.4615496628878217,
              -0.1318025367287675
            ],
            [
              0.4626125115818111,
              -0.1280221235879512
            ],
            [
              0.4636443966187528,
              -0.12423314164920995
            ],
            [
              0.4646452489323469,
              -0.1204358445173088
            ],
            [
              0.4651693305889691,
              -0.11837932163882617
            ],
            [
              0.504401686353605,
              -0.12032543804898198
            ]
          ]
        ]
      }
    },
    {
      "type": "Feature",
      "properties": {
        "cell_id": "SYN_disconnected_r007_c009",
        "method": "GeoAnnulus-Final",
        "view": "annulus"
      },
      "geometry": {
        "type": "Polygon",
        "coordinates": [
          [
            [
              0.5044016863536052,
              -0.12032543804898202
            ],
            [
              0.5907877018165346,
              -0.096011465844697
            ],
            [
              0.6370664461967528,
              -0.10475634274577039
            ],
            [
              0.6430736637264518,
              -0.15067520789597855
            ],
            [
              0.6222611484105246,
              -0.2238459527056919
            ],
            [
              0.6017177466066622,
              -0.24981044737126692
            ],
            [
              0.5839207015633099,
              -0.24562662850504013
            ],
            [
              0.5044016863536052,
              -0.12032543804898202
            ]
          ]
        ]
      }
    },
    {
      "type": "Feature",
      "properties": {
        "cell_id": "SYN_disconnected_r007_c015",
        "method": "GeoAnnulus-Final",
        "view": "annulus"
      },
      "geometry": {
        "type": "Polygon",
        "coordinates": [
          [
            [
              0.6533424053493914,
              -0.0853573835494599
            ],
            [
              0.6724452107136286,
              -0.031237201207979196
            ],
            [
              0.738152220555352,
              -0.03018186818020706
            ],
            [
              0.7561622969582924,
              -0.03663158158230405
            ],
            [
              0.7515714816520428,
              -0.1134490305832136
            ],
            [
              0.6533424053493914,
              -0.0853573835494599
            ]
          ]
        ]
      }
    },
    {
      "type": "Feature",
      "properties": {
        "cell_id": "SYN_disconnected_r007_c016",
        "method": "GeoAnnulus-Final",
        "view": "annulus"
      },
      "geometry": {
        "type": "Polygon",
        "coordinates": [
          [
            [
              0.7561622969582913,
              -0.03663158158230373
            ],
            [
              0.7981449017146858,
              -0.03583301622786633
            ],
            [
              0.8019210752663819,
              -0.03725533913819463
            ],
            [
              0.8107645934838189,
              -0.10836739981405435
            ],
            [
              0.7651802034257844,
              -0.12287586446830805
            ],
            [
              0.7515714816520417,
              -0.11344903058321311
            ],
            [
              0.7561622969582913,
              -0.03663158158230373
            ]
          ]
        ]
      }
    },
    {
      "type": "Feature",
      "properties": {
        "cell_id": "SYN_disconnected_r007_c017",
        "method": "GeoAnnulus-Final",
        "view": "annulus"
      },
      "geometry": {
        "type": "Polygon",
        "coordinates": [
          [
            [
              0.8019210752663819,
              -0.03725533913819497
            ],
            [
              0.8391782176541489,
              -0.03598872076540729
            ],
            [
              0.8461401466417058,
              -0.102276448139288
            ],
            [
              0.8235621689291628,
              -0.11008576225107176
            ],
            [
              0.8107645934838189,
              -0.10836739981405398
            ],
            [
              0.8019210752663819,
              -0.03725533913819497
            ]
          ]
        ]
      }
    },
    {
      "type": "Feature",
      "properties": {
        "cell_id": "SYN_disconnected_r007_c018",
        "method": "GeoAnnulus-Final",
        "view": "annulus"
      },
      "geometry": {
        "type": "Polygon",
        "coordinates": [
          [
            [
              0.846140146641706,
              -0.1022764481392883
            ],
            [
              0.839178217654149,
              -0.03598872076540695
            ],
            [
              0.8395105297350006,
              -0.0358274459287207
            ],
            [
              0.8712629327770051,
              -0.03429321578890093
            ],
            [
              0.8769770396555343,
              -0.09790235972621292
            ],
            [
              0.8604296907576627,
              -0.10404134904059606
            ],
            [
              0.846140146641706,
              -0.1022764481392883
            ]
          ]
        ]
      }
    },
    {
      "type": "Feature",
      "properties": {
        "cell_id": "SYN_disconnected_r007_c019",
        "method": "GeoAnnulus-Final",
        "view": "annulus"
      },
      "geometry": {
        "type": "Polygon",
        "coordinates": [
          [
            [
              0.876977039655534,
              -0.0979023597262127
            ],
            [
              0.8712629327770048,
              -0.03429321578890122
            ],
            [
              0.8717994489803333,
              -0.03401539809663292
            ],
            [
              0.9017360670136235,
              -0.03215777558849589
            ],
            [
              0.9027261883999935,
              -0.03254799584302143
            ],
            [
              0.9075269954878368,
              -0.09434472070682859
            ],
            [
              0.8936565606257364,
              -0.09980947569326193
            ],
            [
              0.876977039655534,
              -0.0979023597262127
            ]
          ]
        ]
      }
    },
    {
      "type": "Feature",
      "properties": {
        "cell_id": "SYN_disconnected_r007_c020",
        "method": "GeoAnnulus-Final",
        "view": "annulus"
      },
      "geometry": {
        "type": "Polygon",
        "coordinates": [
          [
            [
              0.9075269954878379,
              -0.09434472070682837
            ],
            [
              0.9027261883999946,
              -0.032547995843021704
            ],
            [
              0.9324701547199465,
              -0.030310033272238704
            ],
            [
              0.9343235747108557,
              -0.031048569806247095
            ],
            [
              0.9384043242905363,
              -0.09120577924614003
            ],
            [
              0.9260854347924881,
              -0.09631990333711932
            ],
            [
              0.9075269954878379,
              -0.09434472070682837
            ]
          ]
        ]
      }
    },
    {
      "type": "Feature",
      "properties": {
        "cell_id": "SYN_disconnected_r007_c021",
        "method": "GeoAnnulus-Final",
        "view": "annulus"
      },
      "geometry": {
        "type": "Polygon",
        "coordinates": [
          [
            [
              0.9384043242905364,
              -0.0912057792461404
            ],
            [
              0.9343235747108557,
              -0.031048569806246738
            ],
            [
              0.9658487945286345,
              -0.02827691934039537
            ],
            [
              0.9741769069541373,
              -0.032706945884708793
            ],
            [
              0.9611357338123088,
              -0.09346848827339183
            ],
            [
              0.9384043242905364,
              -0.0912057792461404
            ]
          ]
        ]
      }
    },
    {
      "type": "Feature",
      "properties": {
        "cell_id": "SYN_disconnected_r007_c022",
        "method": "GeoAnnulus-Final",
        "view": "annulus"
      },
      "geometry": {
        "type": "Polygon",
        "coordinates": [
          [
            [
              0.9655831295181817,
              -0.09644979994580097
            ],
            [
              0.9611357338123082,
              -0.09346848827339127
            ],
            [
              0.9741769069541366,
              -0.03270694588470896
            ],
            [
              0.9994367884659882,
              -0.03347383069786354
            ],
            [
              0.9991634599276488,
              -0.04089474716158344
            ],
            [
              0.9987954562051724,
              -0.049067674327418015
            ],
            [
              0.9983606009402225,
              -0.057237317287568625
            ],
            [
              0.9978589232386035,
              -0.06540312923014306
            ],
            [
              0.9972904566786902,
              -0.07356456359966743
            ],
            [
              0.9966552393091803,
              -0.0817210741336682
            ],
            [
              0.9959533136465477,
              -0.08987211489923497
            ],
            [
              0.9951847266721969,
              -0.0980171403295606
            ],
            [
              0.995042300409051,
              -0.09940499417232304
            ],
            [
              0.9655831295181817,
              -0.09644979994580097
            ]
          ]
        ]
      }
    },
    {
      "type": "Feature",
      "properties": {
        "cell_id": "SYN_disconnected_r008_c002",
        "method": "GeoAnnulus-Final",
        "view": "annulus"
      },
      "geometry": {
        "type": "Polygon",
        "coordinates": [
          [
            [
              -0.8322386474773452,
              -0.35013082709354093
            ],
            [
              -0.6984428075588176,
              -0.4006296078754309
            ],
            [
              -0.7184627389756956,
              -0.5061089290565461
            ],
            [
              -0.8175980397311655,
              -0.5757892469784299
            ],
            [
              -0.8222682189897749,
              -0.5691001458788986
            ],
            [
              -0.8268965886356962,
              -0.5623540092349733
            ],
            [
              -0.831469612302545,
              -0.5555702330196025
            ],
            [
              -0.8359869839079465,
              -0.5487492712856163
            ],
            [
              -0.8404484010944379,
              -0.541891580574752
            ],
            [
              -0.8448535652497069,
              -0.5349976198870976
            ],
            [
              -0.8492021815265788,
              -0.5280678506503681
            ],
            [
              -0.8534939588627503,
              -0.5211027366890236
            ],
            [
              -0.8577286100002718,
              -0.5141027441932221
            ],
            [
              -0.8619058515047742,
              -0.5070683416876173
            ],
            [
              -0.8660254037844385,
              -0.5000000000000003
            ],
            [
              -0.8700869911087113,
              -0.49289819222978415
            ],
            [
              -0.8740903416267587,
              -0.4857633937163403
            ],
            [
              -0.8780351873856626,
              -0.47859608200718123
            ],
            [
              -0.8819212643483549,
              -0.47139673682599786
            ],
            [
              -0.8857483124112904,
              -0.4641658400405519
            ],
            [
              -0.889516075421856,
              -0.4569038756304208
            ],
            [
              -0.8932243011955152,
              -0.4496113296546069
            ],
            [
              -0.8968727415326881,
              -0.4422886902190017
            ],
            [
              -0.9004611522353635,
              -0.4349364474437173
            ],
            [
              -0.9039892931234431,
              -0.4275550934302824
            ],
            [
              -0.9074569280508186,
              -0.42014512222870254
            ],
            [
              -0.9108638249211757,
              -0.412707029804395
            ],
            [
              -0.9142097557035305,
              -0.4052413140049903
            ],
            [
              -0.9174944964474913,
              -0.39774847452701123
            ],
            [
              -0.9207178272982475,
              -0.3902290128824284
            ],
            [
              -0.9216636206349584,
              -0.3879718259234789
            ],
            [
              -0.8322386474773452,
              -0.35013082709354093
            ]
          ]
        ]
      }
    },
    {
      "type": "Feature",
      "properties": {
        "cell_id": "SYN_disconnected_r008_c003",
        "method": "GeoAnnulus-Final",
        "view": "annulus"
      },
      "geometry": {
        "type": "Polygon",
        "coordinates": [
          [
            [
              -0.7184627389756957,
              -0.5061089290565464
            ],
            [
              -0.6984428075588177,
              -0.400629607875431
            ],
            [
              -0.647685074885046,
              -0.3703708672019845
            ],
            [
              -0.47413348933917127,
              -0.4296211431517681
            ],
            [
              -0.4791492372386595,
              -0.4558068250534716
            ],
            [
              -0.6093037924217528,
              -0.589641300899747
            ],
            [
              -0.7184627389756957,
              -0.5061089290565464
            ]
          ]
        ]
      }
    },
    {
      "type": "Feature",
      "properties": {
        "cell_id": "SYN_disconnected_r008_c004",
        "method": "GeoAnnulus-Final",
        "view": "annulus"
      },
      "geometry": {
        "type": "Polygon",
        "coordinates": [
          [
            [
              -0.47914923723865943,
              -0.4558068250534716
            ],
            [
              -0.4741334893391712,
              -0.42962114315176797
            ],
            [
              -0.3889473199495041,
              -0.34938315396888714
            ],
            [
              -0.27001867273460806,
              -0.5736384829247129
            ],
            [
              -0.27124650042096865,
              -0.576462650653974
            ],
            [
              -0.39983442788002843,
              -0.6358536328310022
            ],
            [
              -0.40070322327460206,
              -0.6352590933404063
            ],
            [
              -0.47914923723865943,
              -0.4558068250534716
            ]
          ]
        ]
      }
    },
    {
      "type": "Feature",
      "properties": {
        "cell_id": "SYN_disconnected_r008_c005",
        "method": "GeoAnnulus-Final",
        "view": "annulus"
      },
      "geometry": {
        "type": "Polygon",
        "coordinates": [
          [
            [
              -0.2712465004209689,
              -0.5764626506539741
            ],
            [
              -0.2700186727346081,
              -0.5736384829247126
            ],
            [
              -0.0032138220665051953,
              -0.49406642216986046
            ],
            [
              -0.00040899124199023085,
              -0.5021752330581366
            ],
            [
              -0.0004089912419902062,
              -0.6186173545738918
            ],
            [
              -0.21097262702881475,
              -0.6853757309356472
            ],
            [
              -0.2712465004209689,
              -0.5764626506539741
            ]
          ]
        ]
      }
    },
    {
      "type": "Feature",
      "properties": {
        "cell_id": "SYN_disconnected_r008_c006",
        "method": "GeoAnnulus-Final",
        "view": "annulus"
      },
      "geometry": {
        "type": "Polygon",
        "coordinates": [
          [
            [
              -7.188733151005874e-06,
              -0.6199073239552577
            ],
            [
              -0.0004089912419904159,
              -0.6186173545738911
            ],
            [
              -0.0004089912419904529,
              -0.5021752330581362
            ],
            [
              0.2724443583812093,
              -0.5810502548168153
            ],
            [
              0.2134821089492076,
              -0.6875932699669174
            ],
            [
              -7.188733151005874e-06,
              -0.6199073239552577
            ]
          ]
        ]
      }
    },
    {
      "type": "Feature",
      "properties": {
        "cell_id": "SYN_disconnected_r008_c007",
        "method": "GeoAnnulus-Final",
        "view": "annulus"
      },
      "geometry": {
        "type": "Polygon",
        "coordinates": [
          [
            [
              0.27652366499956704,
              -0.5796754212535343
            ],
            [
              0.3234146115655371,
              -0.39309124989752375
            ],
            [
              0.3706621672765997,
              -0.40779713268920514
            ],
            [
              0.41050503713826797,
              -0.4441139147941247
            ],
            [
              0.4424072744457741,
              -0.5274042058826505
            ],
            [
              0.3927531446477067,
              -0.6255529731411884
            ],
            [
              0.27652366499956704,
              -0.5796754212535343
            ]
          ]
        ]
      }
    },
    {
      "type": "Feature",
      "properties": {
        "cell_id": "SYN_disconnected_r008_c008",
        "method": "GeoAnnulus-Final",
        "view": "annulus"
      },
      "geometry": {
        "type": "Polygon",
        "coordinates": [
          [
            [
              0.3706621672765996,
              -0.40779713268920514
            ],
            [
              0.46920083298718407,
              -0.3367423386215882
            ],
            [
              0.588185435953547,
              -0.37094468130840097
            ],
            [
              0.593590993098213,
              -0.41909296613103575
            ],
            [
              0.5923312049046764,
              -0.4228122015182815
            ],
            [
              0.4105050371382679,
              -0.44411391479412476
            ],
            [
              0.3706621672765996,
              -0.40779713268920514
            ]
          ]
        ]
      }
    },
    {
      "type": "Feature",
      "properties": {
        "cell_id": "SYN_disconnected_r008_c009",
        "method": "GeoAnnulus-Final",
        "view": "annulus"
      },
      "geometry": {
        "type": "Polygon",
        "coordinates": [
          [
            [
              0.46920083298718407,
              -0.336742338621588
            ],
            [
              0.4787447411754953,
              -0.2606568283385514
            ],
            [
              0.5839207015633097,
              -0.24562662850504025
            ],
            [
              0.6017177466066621,
              -0.24981044737126706
            ],
            [
              0.608162528692382,
              -0.30891116085025205
            ],
            [
              0.5881854359535469,
              -0.3709446813084008
            ],
            [
              0.46920083298718407,
              -0.336742338621588
            ]
          ]
        ]
      }
    },
    {
      "type": "Feature",
      "properties": {
        "cell_id": "SYN_disconnected_r008_c015",
        "method": "GeoAnnulus-Final",
        "view": "annulus"
      },
      "geometry": {
        "type": "Polygon",
        "coordinates": [
          [
            [
              0.6430736637264521,
              -0.15067520789597844
            ],
            [
              0.6370664461967531,
              -0.10475634274577028
            ],
            [
              0.6533424053493914,
              -0.0853573835494602
            ],
            [
              0.7515714816520427,
              -0.11344903058321382
            ],
            [
              0.765180203425784,
              -0.12287586446830769
            ],
            [
              0.7655584265585349,
              -0.13289235027721008
            ],
            [
              0.7237296135289035,
              -0.1637089607478347
            ],
            [
              0.6995473530928453,
              -0.16705742312329974
            ],
            [
              0.6430736637264521,
              -0.15067520789597844
            ]
          ]
        ]
      }
    },
    {
      "type": "Feature",
      "properties": {
        "cell_id": "SYN_disconnected_r008_c016",
        "method": "GeoAnnulus-Final",
        "view": "annulus"
      },
      "geometry": {
        "type": "Polygon",
        "coordinates": [
          [
            [
              0.7237296135289049,
              -0.16370896074783492
            ],
            [
              0.7655584265585352,
              -0.13289235027721105
            ],
            [
              0.8113670728197682,
              -0.17675198397329905
            ],
            [
              0.8019419720644747,
              -0.2095441118195122
            ],
            [
              0.7870571618277048,
              -0.21421120920785272
            ],
            [
              0.7237296135289049,
              -0.16370896074783492
            ]
          ]
        ]
      }
    },
    {
      "type": "Feature",
      "properties": {
        "cell_id": "SYN_disconnected_r008_c017",
        "method": "GeoAnnulus-Final",
        "view": "annulus"
      },
      "geometry": {
        "type": "Polygon",
        "coordinates": [
          [
            [
              0.7651802034257844,
              -0.1228758644683077
            ],
            [
              0.810764593483818,
              -0.10836739981405422
            ],
            [
              0.823562168929163,
              -0.11008576225107214
            ],
            [
              0.8351019138403591,
              -0.169338558771336
            ],
            [
              0.8113670728197685,
              -0.1767519839732989
            ],
            [
              0.7655584265585352,
              -0.13289235027721044
            ],
            [
              0.7651802034257844,
              -0.1228758644683077
            ]
          ]
        ]
      }
    },
    {
      "type": "Feature",
      "properties": {
        "cell_id": "SYN_disconnected_r008_c018",
        "method": "GeoAnnulus-Final",
        "view": "annulus"
      },
      "geometry": {
        "type": "Polygon",
        "coordinates": [
          [
            [
              0.8235621689291635,
              -0.11008576225107222
            ],
            [
              0.8461401466417067,
              -0.10227644813928831
            ],
            [
              0.8604296907576622,
              -0.10404134904059596
            ],
            [
              0.8703064218978488,
              -0.16255511780839754
            ],
            [
              0.8445467588309744,
              -0.17127608423275253
            ],
            [
              0.8351019138403596,
              -0.1693385587713358
            ],
            [
              0.8235621689291635,
              -0.11008576225107222
            ]
          ]
        ]
      }
    },
    {
      "type": "Feature",
      "properties": {
        "cell_id": "SYN_disconnected_r008_c019",
        "method": "GeoAnnulus-Final",
        "view": "annulus"
      },
      "geometry": {
        "type": "Polygon",
        "coordinates": [
          [
            [
              0.8703064218978492,
              -0.16255511780839763
            ],
            [
              0.8604296907576627,
              -0.10404134904059573
            ],
            [
              0.8769770396555335,
              -0.09790235972621285
            ],
            [
              0.8936565606257364,
              -0.09980947569326212
            ],
            [
              0.902061610270481,
              -0.15679358924801737
            ],
            [
              0.8807206617083803,
              -0.16453232022086534
            ],
            [
              0.8703064218978492,
              -0.16255511780839763
            ]
          ]
        ]
      }
    },
    {
      "type": "Feature",
      "properties": {
        "cell_id": "SYN_disconnected_r008_c020",
        "method": "GeoAnnulus-Final",
        "view": "annulus"
      },
      "geometry": {
        "type": "Polygon",
        "coordinates": [
          [
            [
              0.9020616102704806,
              -0.15679358924801756
            ],
            [
              0.893656560625736,
              -0.09980947569326211
            ],
            [
              0.9075269954878371,
              -0.09434472070682848
            ],
            [
              0.9260854347924885,
              -0.09631990333711957
            ],
            [
              0.9332947088196338,
              -0.151832847490896
            ],
            [
              0.9146321241093549,
              -0.1590146749788866
            ],
            [
              0.9020616102704806,
              -0.15679358924801756
            ]
          ]
        ]
      }
    },
    {
      "type": "Feature",
      "properties": {
        "cell_id": "SYN_disconnected_r008_c021",
        "method": "GeoAnnulus-Final",
        "view": "annulus"
      },
      "geometry": {
        "type": "Polygon",
        "coordinates": [
          [
            [
              0.9332947088196338,
              -0.15183284749089576
            ],
            [
              0.9260854347924886,
              -0.09631990333711972
            ],
            [
              0.9384043242905372,
              -0.09120577924614032
            ],
            [
              0.9611357338123081,
              -0.0934684882733916
            ],
            [
              0.9655831295181811,
              -0.09644979994580116
            ],
            [
              0.9557989533834816,
              -0.15500035728317654
            ],
            [
              0.9546926921433776,
              -0.15536846625681655
            ],
            [
              0.9332947088196338,
              -0.15183284749089576
            ]
          ]
        ]
      }
    },
    {
      "type": "Feature",
      "properties": {
        "cell_id": "SYN_disconnected_r008_c022",
        "method": "GeoAnnulus-Final",
        "view": "annulus"
      },
      "geometry": {
        "type": "Polygon",
        "coordinates": [
          [
            [
              0.9557989533834824,
              -0.15500035728317652
            ],
            [
              0.965583129518182,
              -0.0964497999458013
            ],
            [
              0.995042300409051,
              -0.09940499417232333
            ],
            [
              0.9943495298293181,
              -0.10615560526045748
            ],
            [
              0.9934477790194444,
              -0.11428696496684639
            ],
            [
              0.99247953459871,
              -0.12241067519921618
            ],
            [
              0.9914448613738104,
              -0.13052619222005157
            ],
            [
              0.9903438285976649,
              -0.13863297284022666
            ],
            [
              0.989176509964781,
              -0.14673047445536175
            ],
            [
              0.9879429836063224,
              -0.15481815508214103
            ],
            [
              0.9870964615437129,
              -0.16007927934921565
            ],
            [
              0.9557989533834824,
              -0.15500035728317652
            ]
          ]
        ]
      }
    },
    {
      "type": "Feature",
      "properties": {
        "cell_id": "SYN_disconnected_r009_c002",
        "method": "GeoAnnulus-Final",
        "view": "annulus"
      },
      "geometry": {
        "type": "Polygon",
        "coordinates": [
          [
            [
              -0.7184627389756956,
              -0.5061089290565463
            ],
            [
              -0.6093037924217528,
              -0.5896413008997469
            ],
            [
              -0.6093816608722727,
              -0.6057616319611665
            ],
            [
              -0.6936522057581861,
              -0.7203002655973456
            ],
            [
              -0.6954426350096116,
              -0.7185816177796982
            ],
            [
              -0.701298177800824,
              -0.7128680563843801
            ],
            [
              -0.7071067811865475,
              -0.7071067811865476
            ],
            [
              -0.7128680563843797,
              -0.7012981778008245
            ],
            [
              -0.7185816177796978,
              -0.695442635009612
            ],
            [
              -0.7242470829514668,
              -0.689540544737067
            ],
            [
              -0.7298640726978354,
              -0.6835923020228716
            ],
            [
              -0.7354322110615186,
              -0.6775983049957888
            ],
            [
              -0.7409511253549589,
              -0.6715589548470186
            ],
            [
              -0.7464204461852735,
              -0.6654746558033425
            ],
            [
              -0.7518398074789773,
              -0.659345815100069
            ],
            [
              -0.7572088465064843,
              -0.6531728429537771
            ],
            [
              -0.7625272039063881,
              -0.6469561525348574
            ],
            [
              -0.7677945237095118,
              -0.640696159939861
            ],
            [
              -0.7730104533627367,
              -0.6343932841636458
            ],
            [
              -0.7781746437525977,
              -0.6280479470713344
            ],
            [
              -0.7832867492286502,
              -0.6216605733700776
            ],
            [
              -0.7883464276266062,
              -0.6152315905806269
            ],
            [
              -0.793353340291235,
              -0.6087614290087209
            ],
            [
              -0.7983071520990312,
              -0.6022505217162823
            ],
            [
              -0.8032075314806448,
              -0.5956993044924335
            ],
            [
              -0.8080541504430729,
              -0.5891082158243285
            ],
            [
              -0.8128466845916151,
              -0.5824776968678022
            ],
            [
              -0.8175848131515836,
              -0.5758081914178454
            ],
            [
              -0.8175980397311655,
              -0.57578924697843
            ],
            [
              -0.7184627389756956,
              -0.5061089290565463
            ]
          ]
        ]
      }
    },
    {
      "type": "Feature",
      "properties": {
        "cell_id": "SYN_disconnected_r009_c003",
        "method": "GeoAnnulus-Final",
        "view": "annulus"
      },
      "geometry": {
        "type": "Polygon",
        "coordinates": [
          [
            [
              -0.6093816608722727,
              -0.6057616319611663
            ],
            [
              -0.6093037924217528,
              -0.5896413008997471
            ],
            [
              -0.47914923723865943,
              -0.4558068250534717
            ],
            [
              -0.40070322327460206,
              -0.6352590933404063
            ],
            [
              -0.5231931964857224,
              -0.664664851762733
            ],
            [
              -0.6093816608722727,
              -0.6057616319611663
            ]
          ]
        ]
      }
    },
    {
      "type": "Feature",
      "properties": {
        "cell_id": "SYN_disconnected_r009_c004",
        "method": "GeoAnnulus-Final",
        "view": "annulus"
      },
      "geometry": {
        "type": "Polygon",
        "coordinates": [
          [
            [
              -0.3998344278800284,
              -0.6358536328310022
            ],
            [
              -0.27124650042096893,
              -0.5764626506539741
            ],
            [
              -0.2109726270288149,
              -0.6853757309356472
            ],
            [
              -0.227990518235739,
              -0.7401678805248844
            ],
            [
              -0.3815797248931544,
              -0.7485335622994341
            ],
            [
              -0.3998344278800284,
              -0.6358536328310022
            ]
          ]
        ]
      }
    },
    {
      "type": "Feature",
      "properties": {
        "cell_id": "SYN_disconnected_r009_c005",
        "method": "GeoAnnulus-Final",
        "view": "annulus"
      },
      "geometry": {
        "type": "Polygon",
        "coordinates": [
          [
            [
              -0.22799051823573896,
              -0.7401678805248845
            ],
            [
              -0.21097262702881475,
              -0.6853757309356469
            ],
            [
              -0.0004089912419903974,
              -0.6186173545738912
            ],
            [
              -7.188733150864657e-06,
              -0.6199073239552584
            ],
            [
              -7.1887331509048155e-06,
              -0.7222270419137089
            ],
            [
              -0.19184050825610272,
              -0.8196772077558387
            ],
            [
              -0.22799051823573896,
              -0.7401678805248845
            ]
          ]
        ]
      }
    },
    {
      "type": "Feature",
      "properties": {
        "cell_id": "SYN_disconnected_r009_c006",
        "method": "GeoAnnulus-Final",
        "view": "annulus"
      },
      "geometry": {
        "type": "Polygon",
        "coordinates": [
          [
            [
              1.4310675123774477e-06,
              -0.7222475912781333
            ],
            [
              -7.188733151068481e-06,
              -0.7222270419137089
            ],
            [
              -7.18873315103119e-06,
              -0.6199073239552577
            ],
            [
              0.21348210894920772,
              -0.6875932699669174
            ],
            [
              0.22918812680843192,
              -0.7381616082839294
            ],
            [
              0.1920637120706992,
              -0.8198140681671441
            ],
            [
              1.4310675123774477e-06,
              -0.7222475912781333
            ]
          ]
        ]
      }
    },
    {
      "type": "Feature",
      "properties": {
        "cell_id": "SYN_disconnected_r009_c007",
        "method": "GeoAnnulus-Final",
        "view": "annulus"
      },
      "geometry": {
        "type": "Polygon",
        "coordinates": [
          [
            [
              0.22918812680843176,
              -0.7381616082839295
            ],
            [
              0.21348210894920755,
              -0.6875932699669175
            ],
            [
              0.2724443583812094,
              -0.581050254816815
            ],
            [
              0.27652366499956693,
              -0.5796754212535342
            ],
            [
              0.3927531446477068,
              -0.6255529731411884
            ],
            [
              0.3994825430140858,
              -0.6379383333314701
            ],
            [
              0.3818983539152692,
              -0.7464794138869272
            ],
            [
              0.22918812680843176,
              -0.7381616082839295
            ]
          ]
        ]
      }
    },
    {
      "type": "Feature",
      "properties": {
        "cell_id": "SYN_disconnected_r009_c008",
        "method": "GeoAnnulus-Final",
        "view": "annulus"
      },
      "geometry": {
        "type": "Polygon",
        "coordinates": [
          [
            [
              0.3994825430140858,
              -0.6379383333314699
            ],
            [
              0.39275314464770694,
              -0.6255529731411884
            ],
            [
              0.44240727444577427,
              -0.5274042058826506
            ],
            [
              0.5946783893906031,
              -0.5391620369647937
            ],
            [
              0.6072536222839862,
              -0.5878930027114521
            ],
            [
              0.5155650728475911,
              -0.6541609239897431
            ],
            [
              0.3994825430140858,
              -0.6379383333314699
            ]
          ]
        ]
      }
    },
    {
      "type": "Feature",
      "properties": {
        "cell_id": "SYN_disconnected_r009_c009",
        "method": "GeoAnnulus-Final",
        "view": "annulus"
      },
      "geometry": {
        "type": "Polygon",
        "coordinates": [
          [
            [
              0.44240727444577416,
              -0.5274042058826502
            ],
            [
              0.41050503713826814,
              -0.4441139147941249
            ],
            [
              0.5923312049046763,
              -0.4228122015182817
            ],
            [
              0.6025468547552523,
              -0.5138806617859064
            ],
            [
              0.5946783893906031,
              -0.5391620369647933
            ],
            [
              0.44240727444577416,
              -0.5274042058826502
            ]
          ]
        ]
      }
    },
    {
      "type": "Feature",
      "properties": {
        "cell_id": "SYN_disconnected_r009_c015",
        "method": "GeoAnnulus-Final",
        "view": "annulus"
      },
      "geometry": {
        "type": "Polygon",
        "coordinates": [
          [
            [
              0.6222611484105248,
              -0.22384595270569163
            ],
            [
              0.6430736637264518,
              -0.15067520789597902
            ],
            [
              0.6995473530928448,
              -0.16705742312330027
            ],
            [
              0.7200086971718513,
              -0.23821801619092914
            ],
            [
              0.6779802403911102,
              -0.24430922498655686
            ],
            [
              0.6222611484105248,
              -0.22384595270569163
            ]
          ]
        ]
      }
    },
    {
      "type": "Feature",
      "properties": {
        "cell_id": "SYN_disconnected_r009_c016",
        "method": "GeoAnnulus-Final",
        "view": "annulus"
      },
      "geometry": {
        "type": "Polygon",
        "coordinates": [
          [
            [
              0.6995473530928445,
              -0.1670574231232999
            ],
            [
              0.7237296135289046,
              -0.1637089607478346
            ],
            [
              0.7870571618277052,
              -0.214211209207853
            ],
            [
              0.7546991493883667,
              -0.2500015858786151
            ],
            [
              0.7546510848746497,
              -0.2500233418995965
            ],
            [
              0.7200086971718512,
              -0.23821801619092947
            ],
            [
              0.6995473530928445,
              -0.1670574231232999
            ]
          ]
        ]
      }
    },
    {
      "type": "Feature",
      "properties": {
        "cell_id": "SYN_disconnected_r009_c017",
        "method": "GeoAnnulus-Final",
        "view": "annulus"
      },
      "geometry": {
        "type": "Polygon",
        "coordinates": [
          [
            [
              0.7546991493883659,
              -0.25000158587861504
            ],
            [
              0.7870571618277045,
              -0.2142112092078531
            ],
            [
              0.8019419720644749,
              -0.20954411181951246
            ],
            [
              0.8275951044336826,
              -0.232846863635728
            ],
            [
              0.8271382884156877,
              -0.23575605811785297
            ],
            [
              0.802488586964197,
              -0.26569780596380854
            ],
            [
              0.7546991493883659,
              -0.25000158587861504
            ]
          ]
        ]
      }
    },
    {
      "type": "Feature",
      "properties": {
        "cell_id": "SYN_disconnected_r009_c018",
        "method": "GeoAnnulus-Final",
        "view": "annulus"
      },
      "geometry": {
        "type": "Polygon",
        "coordinates": [
          [
            [
              0.8019419720644754,
              -0.20954411181951263
            ],
            [
              0.8113670728197688,
              -0.17675198397329894
            ],
            [
              0.8351019138403593,
              -0.1693385587713361
            ],
            [
              0.8445467588309742,
              -0.17127608423275284
            ],
            [
              0.8563991165168778,
              -0.22356277841376093
            ],
            [
              0.8275951044336824,
              -0.23284686363572774
            ],
            [
              0.8019419720644754,
              -0.20954411181951263
            ]
          ]
        ]
      }
    },
    {
      "type": "Feature",
      "properties": {
        "cell_id": "SYN_disconnected_r009_c019",
        "method": "GeoAnnulus-Final",
        "view": "annulus"
      },
      "geometry": {
        "type": "Polygon",
        "coordinates": [
          [
            [
              0.8445467588309749,
              -0.17127608423275284
            ],
            [
              0.8703064218978492,
              -0.16255511780839776
            ],
            [
              0.8807206617083798,
              -0.16453232022086542
            ],
            [
              0.891306708286605,
              -0.21718352677273997
            ],
            [
              0.8656864352397391,
              -0.22602669187976052
            ],
            [
              0.8563991165168785,
              -0.22356277841376093
            ],
            [
              0.8445467588309749,
              -0.17127608423275284
            ]
          ]
        ]
      }
    },
    {
      "type": "Feature",
      "properties": {
        "cell_id": "SYN_disconnected_r009_c020",
        "method": "GeoAnnulus-Final",
        "view": "annulus"
      },
      "geometry": {
        "type": "Polygon",
        "coordinates": [
          [
            [
              0.8913067082866057,
              -0.21718352677273992
            ],
            [
              0.8807206617083806,
              -0.16453232022086542
            ],
            [
              0.9020616102704809,
              -0.15679358924801765
            ],
            [
              0.9146321241093542,
              -0.15901467497888652
            ],
            [
              0.9238967423701885,
              -0.2107186539541552
            ],
            [
              0.9002428084666191,
              -0.21938977609299032
            ],
            [
              0.8913067082866057,
              -0.21718352677273992
            ]
          ]
        ]
      }
    },
    {
      "type": "Feature",
      "properties": {
        "cell_id": "SYN_disconnected_r009_c021",
        "method": "GeoAnnulus-Final",
        "view": "annulus"
      },
      "geometry": {
        "type": "Polygon",
        "coordinates": [
          [
            [
              0.9238967423701883,
              -0.21071865395415562
            ],
            [
              0.9146321241093538,
              -0.15901467497888633
            ],
            [
              0.9332947088196335,
              -0.1518328474908955
            ],
            [
              0.9546926921433785,
              -0.15536846625681652
            ],
            [
              0.9475547926377517,
              -0.21244333619932002
            ],
            [
              0.9405597129192268,
              -0.21456571427612695
            ],
            [
              0.9238967423701883,
              -0.21071865395415562
            ]
          ]
        ]
      }
    },
    {
      "type": "Feature",
      "properties": {
        "cell_id": "SYN_disconnected_r009_c022",
        "method": "GeoAnnulus-Final",
        "view": "annulus"
      },
      "geometry": {
        "type": "Polygon",
        "coordinates": [
          [
            [
              0.9475547926377512,
              -0.2124433361993197
            ],
            [
              0.9546926921433778,
              -0.15536846625681688
            ],
            [
              0.9557989533834821,
              -0.15500035728317682
            ],
            [
              0.9870964615437129,
              -0.16007927934921598
            ],
            [
              0.986643332084879,
              -0.1628954733945887
            ],
            [
              0.9852776423889412,
              -0.17096188876030122
            ],
            [
              0.9838460059270774,
              -0.17901686127663266
            ],
            [
              0.9823485185218157,
              -0.18705985180683196
            ],
            [
              0.9807852804032304,
              -0.19509032201612825
            ],
            [
              0.9791563962022337,
              -0.20310773440776286
            ],
            [
              0.9774619749435719,
              -0.21111155235896514
            ],
            [
              0.9757741822270898,
              -0.2187741235512474
            ],
            [
              0.9475547926377512,
              -0.2124433361993197
            ]
          ]
        ]
      }
    },
    {
      "type": "Feature",
      "properties": {
        "cell_id": "SYN_disconnected_r010_c002",
        "method": "GeoAnnulus-Final",
        "view": "annulus"
      },
      "geometry": {
        "type": "Polygon",
        "coordinates": [
          [
            [
              -0.6093816608722729,
              -0.605761631961166
            ],
            [
              -0.523193196485722,
              -0.664664851762733
            ],
            [
              -0.5306041805698828,
              -0.7263035255511916
            ],
            [
              -0.639591410233385,
              -0.7687087566657037
            ],
            [
              -0.6406961599398605,
              -0.7677945237095122
            ],
            [
              -0.6469561525348573,
              -0.7625272039063882
            ],
            [
              -0.6531728429537765,
              -0.7572088465064848
            ],
            [
              -0.6593458151000685,
              -0.7518398074789777
            ],
            [
              -0.6654746558033421,
              -0.7464204461852739
            ],
            [
              -0.6715589548470181,
              -0.7409511253549593
            ],
            [
              -0.6775983049957887,
              -0.7354322110615187
            ],
            [
              -0.6835923020228711,
              -0.7298640726978358
            ],
            [
              -0.6895405447370666,
              -0.7242470829514672
            ],
            [
              -0.6936522057581864,
              -0.7203002655973453
            ],
            [
              -0.6093816608722729,
              -0.605761631961166
            ]
          ]
        ]
      }
    },
    {
      "type": "Feature",
      "properties": {
        "cell_id": "SYN_disconnected_r010_c003",
        "method": "GeoAnnulus-Final",
        "view": "annulus"
      },
      "geometry": {
        "type": "Polygon",
        "coordinates": [
          [
            [
              -0.5306041805698829,
              -0.7263035255511912
            ],
            [
              -0.5231931964857223,
              -0.6646648517627334
            ],
            [
              -0.400703223274602,
              -0.6352590933404066
            ],
            [
              -0.39983442788002843,
              -0.6358536328310024
            ],
            [
              -0.3815797248931545,
              -0.7485335622994341
            ],
            [
              -0.38670601486008943,
              -0.760334415574875
            ],
            [
              -0.45969182534261666,
              -0.7934845679989307
            ],
            [
              -0.5306041805698829,
              -0.7263035255511912
            ]
          ]
        ]
      }
    },
    {
      "type": "Feature",
      "properties": {
        "cell_id": "SYN_disconnected_r010_c004",
        "method": "GeoAnnulus-Final",
        "view": "annulus"
      },
      "geometry": {
        "type": "Polygon",
        "coordinates": [
          [
            [
              -0.3867060148600893,
              -0.7603344155748751
            ],
            [
              -0.3815797248931545,
              -0.7485335622994345
            ],
            [
              -0.22799051823573901,
              -0.7401678805248846
            ],
            [
              -0.1918405082561028,
              -0.8196772077558387
            ],
            [
              -0.19645079234642382,
              -0.8402133728152696
            ],
            [
              -0.34197367147751717,
              -0.8739198465430151
            ],
            [
              -0.3867060148600893,
              -0.7603344155748751
            ]
          ]
        ]
      }
    },
    {
      "type": "Feature",
      "properties": {
        "cell_id": "SYN_disconnected_r010_c005",
        "method": "GeoAnnulus-Final",
        "view": "annulus"
      },
      "geometry": {
        "type": "Polygon",
        "coordinates": [
          [
            [
              -0.19645079234642396,
              -0.8402133728152698
            ],
            [
              -0.19184050825610285,
              -0.8196772077558384
            ],
            [
              -7.188733151065885e-06,
              -0.7222270419137086
            ],
            [
              1.4310675126028016e-06,
              -0.7222475912781336
            ],
            [
              1.431067512593418e-06,
              -0.8809578663498682
            ],
            [
              4.440892098500626e-16,
              -0.8809607274225326
            ],
            [
              -0.17554662696227458,
              -0.8959359675574546
            ],
            [
              -0.19645079234642396,
              -0.8402133728152698
            ]
          ]
        ]
      }
    },
    {
      "type": "Feature",
      "properties": {
        "cell_id": "SYN_disconnected_r010_c006",
        "method": "GeoAnnulus-Final",
        "view": "annulus"
      },
      "geometry": {
        "type": "Polygon",
        "coordinates": [
          [
            [
              1.4310675123252459e-06,
              -0.8809578663498684
            ],
            [
              1.4310675123252459e-06,
              -0.7222475912781331
            ],
            [
              0.1920637120706991,
              -0.819814068167144
            ],
            [
              0.19657430882472132,
              -0.8399061834560054
            ],
            [
              0.17555573006689706,
              -0.8959337609581913
            ],
            [
              1.4310675123252459e-06,
              -0.8809578663498684
            ]
          ]
        ]
      }
    },
    {
      "type": "Feature",
      "properties": {
        "cell_id": "SYN_disconnected_r010_c007",
        "method": "GeoAnnulus-Final",
        "view": "annulus"
      },
      "geometry": {
        "type": "Polygon",
        "coordinates": [
          [
            [
              0.19657430882472118,
              -0.8399061834560053
            ],
            [
              0.19206371207069906,
              -0.8198140681671443
            ],
            [
              0.22918812680843187,
              -0.7381616082839294
            ],
            [
              0.38189835391526916,
              -0.7464794138869271
            ],
            [
              0.38722600798253304,
              -0.7587438125759615
            ],
            [
              0.34199733736526144,
              -0.873589529471275
            ],
            [
              0.19657430882472118,
              -0.8399061834560053
            ]
          ]
        ]
      }
    },
    {
      "type": "Feature",
      "properties": {
        "cell_id": "SYN_disconnected_r010_c008",
        "method": "GeoAnnulus-Final",
        "view": "annulus"
      },
      "geometry": {
        "type": "Polygon",
        "coordinates": [
          [
            [
              0.387226007982533,
              -0.7587438125759615
            ],
            [
              0.38189835391526916,
              -0.7464794138869272
            ],
            [
              0.3994825430140857,
              -0.6379383333314701
            ],
            [
              0.5155650728475913,
              -0.6541609239897433
            ],
            [
              0.5383989816823437,
              -0.7194723750957468
            ],
            [
              0.46139010895029553,
              -0.7924291444948686
            ],
            [
              0.387226007982533,
              -0.7587438125759615
            ]
          ]
        ]
      }
    },
    {
      "type": "Feature",
      "properties": {
        "cell_id": "SYN_disconnected_r010_c009",
        "method": "GeoAnnulus-Final",
        "view": "annulus"
      },
      "geometry": {
        "type": "Polygon",
        "coordinates": [
          [
            [
              0.5383989816823437,
              -0.7194723750957467
            ],
            [
              0.5155650728475913,
              -0.6541609239897433
            ],
            [
              0.6072536222839864,
              -0.5878930027114523
            ],
            [
              0.6296409541352366,
              -0.607441738544653
            ],
            [
              0.6800287512303577,
              -0.7331744420205222
            ],
            [
              0.6775983049957888,
              -0.7354322110615186
            ],
            [
              0.6715589548470184,
              -0.740951125354959
            ],
            [
              0.6654746558033422,
              -0.7464204461852738
            ],
            [
              0.659345815100069,
              -0.7518398074789774
            ],
            [
              0.6531728429537769,
              -0.7572088465064845
            ],
            [
              0.6526195292542898,
              -0.7576822044847392
            ],
            [
              0.5383989816823437,
              -0.7194723750957467
            ]
          ]
        ]
      }
    },
    {
      "type": "Feature",
      "properties": {
        "cell_id": "SYN_disconnected_r010_c015",
        "method": "GeoAnnulus-Final",
        "view": "annulus"
      },
      "geometry": {
        "type": "Polygon",
        "coordinates": [
          [
            [
              0.6081625286923821,
              -0.3089111608502521
            ],
            [
              0.6017177466066622,
              -0.24981044737126698
            ],
            [
              0.6222611484105247,
              -0.22384595270569194
            ],
            [
              0.6779802403911099,
              -0.2443092249865571
            ],
            [
              0.7032712554701099,
              -0.3222973820600388
            ],
            [
              0.6909870478615793,
              -0.32910799337403573
            ],
            [
              0.6081625286923821,
              -0.3089111608502521
            ]
          ]
        ]
      }
    },
    {
      "type": "Feature",
      "properties": {
        "cell_id": "SYN_disconnected_r010_c016",
        "method": "GeoAnnulus-Final",
        "view": "annulus"
      },
      "geometry": {
        "type": "Polygon",
        "coordinates": [
          [
            [
              0.6779802403911102,
              -0.2443092249865572
            ],
            [
              0.720008697171852,
              -0.23821801619092933
            ],
            [
              0.7546510848746497,
              -0.2500233418995961
            ],
            [
              0.7545643972615237,
              -0.3055341213927132
            ],
            [
              0.7331779284473137,
              -0.31957053195287466
            ],
            [
              0.7032712554701102,
              -0.32229738206003866
            ],
            [
              0.6779802403911102,
              -0.2443092249865572
            ]
          ]
        ]
      }
    },
    {
      "type": "Feature",
      "properties": {
        "cell_id": "SYN_disconnected_r010_c017",
        "method": "GeoAnnulus-Final",
        "view": "annulus"
      },
      "geometry": {
        "type": "Polygon",
        "coordinates": [
          [
            [
              0.7546510848746499,
              -0.2500233418995962
            ],
            [
              0.754699149388366,
              -0.2500015858786152
            ],
            [
              0.8024885869641968,
              -0.26569780596380854
            ],
            [
              0.8073069487022732,
              -0.29700034262380226
            ],
            [
              0.7748583420440297,
              -0.3086395102859649
            ],
            [
              0.7545643972615239,
              -0.30553412139271313
            ],
            [
              0.7546510848746499,
              -0.2500233418995962
            ]
          ]
        ]
      }
    },
    {
      "type": "Feature",
      "properties": {
        "cell_id": "SYN_disconnected_r010_c018",
        "method": "GeoAnnulus-Final",
        "view": "annulus"
      },
      "geometry": {
        "type": "Polygon",
        "coordinates": [
          [
            [
              0.8024885869641973,
              -0.2656978059638083
            ],
            [
              0.8271382884156876,
              -0.23575605811785316
            ],
            [
              0.8524413225055071,
              -0.28360990436904776
            ],
            [
              0.8489054715391134,
              -0.2883813503931449
            ],
            [
              0.8073733850060381,
              -0.2970237694718916
            ],
            [
              0.8073069487022738,
              -0.29700034262380237
            ],
            [
              0.8024885869641973,
              -0.2656978059638083
            ]
          ]
        ]
      }
    },
    {
      "type": "Feature",
      "properties": {
        "cell_id": "SYN_disconnected_r010_c019",
        "method": "GeoAnnulus-Final",
        "view": "annulus"
      },
      "geometry": {
        "type": "Polygon",
        "coordinates": [
          [
            [
              0.8271382884156877,
              -0.23575605811785277
            ],
            [
              0.8275951044336826,
              -0.23284686363572799
            ],
            [
              0.8563991165168784,
              -0.22356277841376104
            ],
            [
              0.865686435239739,
              -0.22602669187976063
            ],
            [
              0.8772511322691834,
              -0.27509782563164514
            ],
            [
              0.8524413225055073,
              -0.28360990436904765
            ],
            [
              0.8271382884156877,
              -0.23575605811785277
            ]
          ]
        ]
      }
    },
    {
      "type": "Feature",
      "properties": {
        "cell_id": "SYN_disconnected_r010_c020",
        "method": "GeoAnnulus-Final",
        "view": "annulus"
      },
      "geometry": {
        "type": "Polygon",
        "coordinates": [
          [
            [
              0.8656864352397398,
              -0.22602669187976085
            ],
            [
              0.8913067082866055,
              -0.21718352677274044
            ],
            [
              0.9002428084666184,
              -0.21938977609299076
            ],
            [
              0.9104414719306649,
              -0.26723628926658627
            ],
            [
              0.8833508232114279,
              -0.27703064571825997
            ],
            [
              0.877251132269184,
              -0.275097825631645
            ],
            [
              0.8656864352397398,
              -0.22602669187976085
            ]
          ]
        ]
      }
    },
    {
      "type": "Feature",
      "properties": {
        "cell_id": "SYN_disconnected_r010_c021",
        "method": "GeoAnnulus-Final",
        "view": "annulus"
      },
      "geometry": {
        "type": "Polygon",
        "coordinates": [
          [
            [
              0.910441471930665,
              -0.2672362892665866
            ],
            [
              0.9002428084666184,
              -0.2193897760929904
            ],
            [
              0.9238967423701889,
              -0.21071865395415496
            ],
            [
              0.9405597129192275,
              -0.2145657142761263
            ],
            [
              0.9357057932189098,
              -0.26786835495914935
            ],
            [
              0.9238662056295414,
              -0.27121483067949803
            ],
            [
              0.910441471930665,
              -0.2672362892665866
            ]
          ]
        ]
      }
    },
    {
      "type": "Feature",
      "properties": {
        "cell_id": "SYN_disconnected_r010_c022",
        "method": "GeoAnnulus-Final",
        "view": "annulus"
      },
      "geometry": {
        "type": "Polygon",
        "coordinates": [
          [
            [
              0.9357057932189097,
              -0.26786835495914896
            ],
            [
              0.9405597129192272,
              -0.21456571427612664
            ],
            [
              0.9475547926377509,
              -0.21244333619932015
            ],
            [
              0.9757741822270897,
              -0.21877412355124787
            ],
            [
              0.9757021300385286,
              -0.21910124015686977
            ],
            [
              0.9738769792773336,
              -0.2270762630343732
            ],
            [
              0.9719866448212794,
              -0.23503608720592667
            ],
            [
              0.970031253194544,
              -0.24298017990326384
            ],
            [
              0.9680109352757227,
              -0.25090800941106
            ],
            [
              0.9659258262890683,
              -0.25881904510252074
            ],
            [
              0.9637760657954398,
              -0.26671275747489837
            ],
            [
              0.9615617976829619,
              -0.2745886181849323
            ],
            [
              0.961377843630382,
              -0.2752229542588307
            ],
            [
              0.9357057932189097,
              -0.26786835495914896
            ]
          ]
        ]
      }
    },
    {
      "type": "Feature",
      "properties": {
        "cell_id": "SYN_disconnected_r011_c002",
        "method": "GeoAnnulus-Final",
        "view": "annulus"
      },
      "geometry": {
        "type": "Polygon",
        "coordinates": [
          [
            [
              -0.5306041805698831,
              -0.726303525551191
            ],
            [
              -0.45969182534261654,
              -0.7934845679989307
            ],
            [
              -0.49918594035142866,
              -0.8664909717717483
            ],
            [
              -0.49999999999999983,
              -0.8660254037844387
            ],
            [
              -0.5070683416876167,
              -0.8619058515047745
            ],
            [
              -0.5141027441932217,
              -0.8577286100002721
            ],
            [
              -0.5211027366890232,
              -0.8534939588627506
            ],
            [
              -0.528067850650368,
              -0.8492021815265789
            ],
            [
              -0.534997619887097,
              -0.8448535652497072
            ],
            [
              -0.5418915805747514,
              -0.8404484010944382
            ],
            [
              -0.5487492712856158,
              -0.8359869839079468
            ],
            [
              -0.555570233019602,
              -0.8314696123025453
            ],
            [
              -0.562354009234973,
              -0.8268965886356963
            ],
            [
              -0.569100145878898,
              -0.8222682189897752
            ],
            [
              -0.575808191417845,
              -0.8175848131515839
            ],
            [
              -0.582477696867802,
              -0.8128466845916152
            ],
            [
              -0.5891082158243279,
              -0.8080541504430734
            ],
            [
              -0.5956993044924334,
              -0.8032075314806449
            ],
            [
              -0.6022505217162818,
              -0.7983071520990316
            ],
            [
              -0.6087614290087203,
              -0.7933533402912354
            ],
            [
              -0.6152315905806268,
              -0.7883464276266063
            ],
            [
              -0.6216605733700772,
              -0.7832867492286506
            ],
            [
              -0.6280479470713338,
              -0.7781746437525981
            ],
            [
              -0.6343932841636454,
              -0.7730104533627371
            ],
            [
              -0.6395914102333855,
              -0.7687087566657034
            ],
            [
              -0.5306041805698831,
              -0.726303525551191
            ]
          ]
        ]
      }
    },
    {
      "type": "Feature",
      "properties": {
        "cell_id": "SYN_disconnected_r011_c003",
        "method": "GeoAnnulus-Final",
        "view": "annulus"
      },
      "geometry": {
        "type": "Polygon",
        "coordinates": [
          [
            [
              -0.45969182534261654,
              -0.7934845679989309
            ],
            [
              -0.3867060148600896,
              -0.7603344155748754
            ],
            [
              -0.34197367147751734,
              -0.8739198465430156
            ],
            [
              -0.3640839207868071,
              -0.9313572518794822
            ],
            [
              -0.3675159365947034,
              -0.9300172236840122
            ],
            [
              -0.3751122380170379,
              -0.926979400466833
            ],
            [
              -0.3826834323650895,
              -0.9238795325112868
            ],
            [
              -0.3902290128824278,
              -0.9207178272982478
            ],
            [
              -0.39774847452701084,
              -0.9174944964474914
            ],
            [
              -0.40524131400498975,
              -0.9142097557035307
            ],
            [
              -0.4127070298043946,
              -0.9108638249211759
            ],
            [
              -0.4201451222287024,
              -0.9074569280508187
            ],
            [
              -0.42755509343028186,
              -0.9039892931234434
            ],
            [
              -0.43493644744371673,
              -0.9004611522353638
            ],
            [
              -0.44228869021900113,
              -0.8968727415326884
            ],
            [
              -0.4496113296546063,
              -0.8932243011955154
            ],
            [
              -0.4569038756304206,
              -0.8895160754218561
            ],
            [
              -0.46416584004055134,
              -0.8857483124112906
            ],
            [
              -0.4713967368259973,
              -0.8819212643483553
            ],
            [
              -0.4785960820071807,
              -0.8780351873856628
            ],
            [
              -0.4857633937163398,
              -0.874090341626759
            ],
            [
              -0.492898192229784,
              -0.8700869911087115
            ],
            [
              -0.4991859403514286,
              -0.8664909717717483
            ],
            [
              -0.45969182534261654,
              -0.7934845679989309
            ]
          ]
        ]
      }
    },
    {
      "type": "Feature",
      "properties": {
        "cell_id": "SYN_disconnected_r011_c004",
        "method": "GeoAnnulus-Final",
        "view": "annulus"
      },
      "geometry": {
        "type": "Polygon",
        "coordinates": [
          [
            [
              -0.34197367147751717,
              -0.8739198465430154
            ],
            [
              -0.19645079234642382,
              -0.8402133728152699
            ],
            [
              -0.1755466269622746,
              -0.8959359675574545
            ],
            [
              -0.19138815524463712,
              -0.981505956536473
            ],
            [
              -0.19509032201612797,
              -0.9807852804032305
            ],
            [
              -0.20310773440776264,
              -0.9791563962022337
            ],
            [
              -0.21111155235896498,
              -0.9774619749435719
            ],
            [
              -0.21910124015686966,
              -0.9757021300385286
            ],
            [
              -0.22707626303437312,
              -0.9738769792773336
            ],
            [
              -0.23503608720592642,
              -0.9719866448212795
            ],
            [
              -0.24298017990326365,
              -0.9700312531945441
            ],
            [
              -0.25090800941105984,
              -0.9680109352757228
            ],
            [
              -0.25881904510252063,
              -0.9659258262890683
            ],
            [
              -0.2667127574748983,
              -0.9637760657954398
            ],
            [
              -0.2745886181849321,
              -0.961561797682962
            ],
            [
              -0.2824461000842123,
              -0.9592831701573937
            ],
            [
              -0.29028467725446216,
              -0.9569403357322089
            ],
            [
              -0.2981038250427397,
              -0.9545334512183885
            ],
            [
              -0.3059030200965532,
              -0.9520626777139244
            ],
            [
              -0.31368174039889124,
              -0.9495281805930368
            ],
            [
              -0.32143946530316136,
              -0.9469301294951057
            ],
            [
              -0.32917567556803873,
              -0.9442686983133166
            ],
            [
              -0.33688985339221994,
              -0.9415440651830208
            ],
            [
              -0.34458148244908016,
              -0.9387564124698133
            ],
            [
              -0.35225004792123327,
              -0.9359059267573258
            ],
            [
              -0.35989503653498794,
              -0.932992798834739
            ],
            [
              -0.364083920786807,
              -0.9313572518794823
            ],
            [
              -0.34197367147751717,
              -0.8739198465430154
            ]
          ]
        ]
      }
    },
    {
      "type": "Feature",
      "properties": {
        "cell_id": "SYN_disconnected_r011_c005",
        "method": "GeoAnnulus-Final",
        "view": "annulus"
      },
      "geometry": {
        "type": "Polygon",
        "coordinates": [
          [
            [
              -0.17554662696227444,
              -0.8959359675574547
            ],
            [
              1.6778558014805215e-16,
              -0.8809607274225331
            ],
            [
              1.6769887344817038e-16,
              -1.0
            ],
            [
              6.123233995736766e-17,
              -1.0
            ],
            [
              -0.008181139603936892,
              -0.9999665339174011
            ],
            [
              -0.01636173162648659,
              -0.9998661379095618
            ],
            [
              -0.024541228522912142,
              -0.9996988186962042
            ],
            [
              -0.03271908282177604,
              -0.9994645874763657
            ],
            [
              -0.04089474716158317,
              -0.9991634599276488
            ],
            [
              -0.049067674327417786,
              -0.9987954562051724
            ],
            [
              -0.057237317287568444,
              -0.9983606009402225
            ],
            [
              -0.06540312923014292,
              -0.9978589232386035
            ],
            [
              -0.07356456359966733,
              -0.9972904566786902
            ],
            [
              -0.08172107413366796,
              -0.9966552393091803
            ],
            [
              -0.08987211489923475,
              -0.9959533136465477
            ],
            [
              -0.09801714032956042,
              -0.9951847266721969
            ],
            [
              -0.10615560526045735,
              -0.9943495298293181
            ],
            [
              -0.11428696496684632,
              -0.9934477790194444
            ],
            [
              -0.12241067519921595,
              -0.9924795345987101
            ],
            [
              -0.13052619222005138,
              -0.9914448613738105
            ],
            [
              -0.13863297284022652,
              -0.9903438285976649
            ],
            [
              -0.14673047445536164,
              -0.989176509964781
            ],
            [
              -0.15481815508214075,
              -0.9879429836063224
            ],
            [
              -0.16289547339458849,
              -0.9866433320848791
            ],
            [
              -0.17096188876030102,
              -0.9852776423889413
            ],
            [
              -0.17901686127663252,
              -0.9838460059270775
            ],
            [
              -0.18705985180683188,
              -0.9823485185218157
            ],
            [
              -0.19138815524463693,
              -0.981505956536473
            ],
            [
              -0.17554662696227444,
              -0.8959359675574547
            ]
          ]
        ]
      }
    },
    {
      "type": "Feature",
      "properties": {
        "cell_id": "SYN_disconnected_r011_c006",
        "method": "GeoAnnulus-Final",
        "view": "annulus"
      },
      "geometry": {
        "type": "Polygon",
        "coordinates": [
          [
            [
              1.7068815030005582e-16,
              -0.8809607274225325
            ],
            [
              1.431067512380757e-06,
              -0.880957866349868
            ],
            [
              0.17555573006689715,
              -0.8959337609581908
            ],
            [
              0.19139733600047365,
              -0.981504169379917
            ],
            [
              0.1870598518068322,
              -0.9823485185218156
            ],
            [
              0.17901686127663285,
              -0.9838460059270774
            ],
            [
              0.17096188876030136,
              -0.9852776423889412
            ],
            [
              0.16289547339458882,
              -0.986643332084879
            ],
            [
              0.15481815508214108,
              -0.9879429836063224
            ],
            [
              0.14673047445536197,
              -0.9891765099647809
            ],
            [
              0.13863297284022685,
              -0.9903438285976648
            ],
            [
              0.1305261922200517,
              -0.9914448613738104
            ],
            [
              0.12241067519921628,
              -0.99247953459871
            ],
            [
              0.11428696496684666,
              -0.9934477790194444
            ],
            [
              0.1061556052604577,
              -0.994349529829318
            ],
            [
              0.09801714032956077,
              -0.9951847266721968
            ],
            [
              0.08987211489923509,
              -0.9959533136465477
            ],
            [
              0.0817210741336683,
              -0.9966552393091803
            ],
            [
              0.07356456359966768,
              -0.9972904566786902
            ],
            [
              0.06540312923014327,
              -0.9978589232386035
            ],
            [
              0.057237317287568784,
              -0.9983606009402225
            ],
            [
              0.049067674327418126,
              -0.9987954562051724
            ],
            [
              0.04089474716158352,
              -0.9991634599276488
            ],
            [
              0.03271908282177639,
              -0.9994645874763657
            ],
            [
              0.024541228522912486,
              -0.9996988186962042
            ],
            [
              0.016361731626486936,
              -0.9998661379095618
            ],
            [
              0.008181139603937236,
              -0.9999665339174011
            ],
            [
              1.7424445939562904e-16,
              -1.0
            ],
            [
              1.7068815030005582e-16,
              -0.8809607274225325
            ]
          ]
        ]
      }
    },
    {
      "type": "Feature",
      "properties": {
        "cell_id": "SYN_disconnected_r011_c007",
        "method": "GeoAnnulus-Final",
        "view": "annulus"
      },
      "geometry": {
        "type": "Polygon",
        "coordinates": [
          [
            [
              0.17555573006689712,
              -0.8959337609581912
            ],
            [
              0.1965743088247213,
              -0.8399061834560055
            ],
            [
              0.3419973373652614,
              -0.8735895294712751
            ],
            [
              0.3642150340882521,
              -0.9313060587817309
            ],
            [
              0.3598950365349883,
              -0.9329927988347388
            ],
            [
              0.3522500479212336,
              -0.9359059267573256
            ],
            [
              0.3445814824490805,
              -0.9387564124698132
            ],
            [
              0.3368898533922203,
              -0.9415440651830207
            ],
            [
              0.32917567556803906,
              -0.9442686983133165
            ],
            [
              0.3214394653031617,
              -0.9469301294951056
            ],
            [
              0.3136817403988916,
              -0.9495281805930367
            ],
            [
              0.3059030200965535,
              -0.9520626777139243
            ],
            [
              0.29810382504274,
              -0.9545334512183884
            ],
            [
              0.2902846772544625,
              -0.9569403357322088
            ],
            [
              0.2824461000842126,
              -0.9592831701573936
            ],
            [
              0.2745886181849324,
              -0.9615617976829619
            ],
            [
              0.26671275747489864,
              -0.9637760657954398
            ],
            [
              0.25881904510252096,
              -0.9659258262890682
            ],
            [
              0.2509080094110602,
              -0.9680109352757227
            ],
            [
              0.24298017990326398,
              -0.970031253194544
            ],
            [
              0.23503608720592675,
              -0.9719866448212794
            ],
            [
              0.22707626303437345,
              -0.9738769792773336
            ],
            [
              0.21910124015687,
              -0.9757021300385285
            ],
            [
              0.2111115523589653,
              -0.9774619749435718
            ],
            [
              0.20310773440776297,
              -0.9791563962022337
            ],
            [
              0.19509032201612833,
              -0.9807852804032304
            ],
            [
              0.19139733600047354,
              -0.9815041693799171
            ],
            [
              0.17555573006689712,
              -0.8959337609581912
            ]
          ]
        ]
      }
    },
    {
      "type": "Feature",
      "properties": {
        "cell_id": "SYN_disconnected_r011_c008",
        "method": "GeoAnnulus-Final",
        "view": "annulus"
      },
      "geometry": {
        "type": "Polygon",
        "coordinates": [
          [
            [
              0.34199733736526133,
              -0.8735895294712749
            ],
            [
              0.3872260079825329,
              -0.7587438125759615
            ],
            [
              0.4613901089502954,
              -0.7924291444948686
            ],
            [
              0.500914871233148,
              -0.8654922009427146
            ],
            [
              0.5000000000000001,
              -0.8660254037844386
            ],
            [
              0.4928981922297841,
              -0.8700869911087113
            ],
            [
              0.4857633937163401,
              -0.8740903416267588
            ],
            [
              0.478596082007181,
              -0.8780351873856627
            ],
            [
              0.4713967368259978,
              -0.8819212643483549
            ],
            [
              0.46416584004055167,
              -0.8857483124112905
            ],
            [
              0.45690387563042073,
              -0.889516075421856
            ],
            [
              0.4496113296546066,
              -0.8932243011955153
            ],
            [
              0.44228869021900147,
              -0.8968727415326883
            ],
            [
              0.43493644744371723,
              -0.9004611522353636
            ],
            [
              0.4275550934302822,
              -0.9039892931234433
            ],
            [
              0.4201451222287025,
              -0.9074569280508187
            ],
            [
              0.41270702980439494,
              -0.9108638249211757
            ],
            [
              0.40524131400499,
              -0.9142097557035306
            ],
            [
              0.3977484745270112,
              -0.9174944964474913
            ],
            [
              0.3902290128824281,
              -0.9207178272982476
            ],
            [
              0.38268343236508984,
              -0.9238795325112867
            ],
            [
              0.3751122380170382,
              -0.9269794004668328
            ],
            [
              0.3675159365947037,
              -0.9300172236840121
            ],
            [
              0.3642150340882521,
              -0.9313060587817309
            ],
            [
              0.34199733736526133,
              -0.8735895294712749
            ]
          ]
        ]
      }
    },
    {
      "type": "Feature",
      "properties": {
        "cell_id": "SYN_disconnected_r011_c009",
        "method": "GeoAnnulus-Final",
        "view": "annulus"
      },
      "geometry": {
        "type": "Polygon",
        "coordinates": [
          [
            [
              0.46139010895029525,
              -0.7924291444948686
            ],
            [
              0.5383989816823436,
              -0.7194723750957466
            ],
            [
              0.6526195292542898,
              -0.7576822044847391
            ],
            [
              0.6469561525348575,
              -0.7625272039063881
            ],
            [
              0.6406961599398608,
              -0.767794523709512
            ],
            [
              0.6343932841636456,
              -0.7730104533627369
            ],
            [
              0.6280479470713343,
              -0.7781746437525978
            ],
            [
              0.6216605733700774,
              -0.7832867492286504
            ],
            [
              0.6152315905806269,
              -0.7883464276266062
            ],
            [
              0.6087614290087207,
              -0.7933533402912352
            ],
            [
              0.6022505217162821,
              -0.7983071520990314
            ],
            [
              0.5956993044924335,
              -0.8032075314806448
            ],
            [
              0.5891082158243284,
              -0.808054150443073
            ],
            [
              0.5824776968678023,
              -0.8128466845916151
            ],
            [
              0.5758081914178453,
              -0.8175848131515837
            ],
            [
              0.5691001458788983,
              -0.822268218989775
            ],
            [
              0.5623540092349731,
              -0.8268965886356962
            ],
            [
              0.5555702330196024,
              -0.8314696123025451
            ],
            [
              0.548749271285616,
              -0.8359869839079467
            ],
            [
              0.5418915805747517,
              -0.840448401094438
            ],
            [
              0.5349976198870973,
              -0.844853565249707
            ],
            [
              0.5280678506503681,
              -0.8492021815265789
            ],
            [
              0.5211027366890234,
              -0.8534939588627504
            ],
            [
              0.5141027441932219,
              -0.857728610000272
            ],
            [
              0.5070683416876172,
              -0.8619058515047742
            ],
            [
              0.5009148712331479,
              -0.8654922009427146
            ],
            [
              0.46139010895029525,
              -0.7924291444948686
            ]
          ]
        ]
      }
    },
    {
      "type": "Feature",
      "properties": {
        "cell_id": "SYN_disconnected_r011_c015",
        "method": "GeoAnnulus-Final",
        "view": "annulus"
      },
      "geometry": {
        "type": "Polygon",
        "coordinates": [
          [
            [
              0.5935909930982128,
              -0.419092966131036
            ],
            [
              0.5881854359535468,
              -0.37094468130840097
            ],
            [
              0.6081625286923821,
              -0.30891116085025183
            ],
            [
              0.6909870478615797,
              -0.3291079933740355
            ],
            [
              0.6892009372958291,
              -0.38619859079660984
            ],
            [
              0.657685566864535,
              -0.4071143930565261
            ],
            [
              0.5935909930982128,
              -0.419092966131036
            ]
          ]
        ]
      }
    },
    {
      "type": "Feature",
      "properties": {
        "cell_id": "SYN_disconnected_r011_c016",
        "method": "GeoAnnulus-Final",
        "view": "annulus"
      },
      "geometry": {
        "type": "Polygon",
        "coordinates": [
          [
            [
              0.6909870478615793,
              -0.32910799337403573
            ],
            [
              0.7032712554701103,
              -0.3222973820600386
            ],
            [
              0.7331779284473139,
              -0.31957053195287466
            ],
            [
              0.7654164630028829,
              -0.37602022740676216
            ],
            [
              0.7607958061950616,
              -0.3798328132609677
            ],
            [
              0.7370499135514768,
              -0.3952231940577215
            ],
            [
              0.6892009372958287,
              -0.38619859079660973
            ],
            [
              0.6909870478615793,
              -0.32910799337403573
            ]
          ]
        ]
      }
    },
    {
      "type": "Feature",
      "properties": {
        "cell_id": "SYN_disconnected_r011_c017",
        "method": "GeoAnnulus-Final",
        "view": "annulus"
      },
      "geometry": {
        "type": "Polygon",
        "coordinates": [
          [
            [
              0.7331779284473138,
              -0.3195705319528746
            ],
            [
              0.7545643972615235,
              -0.30553412139271324
            ],
            [
              0.7748583420440297,
              -0.3086395102859651
            ],
            [
              0.7945246959489718,
              -0.3530305921337932
            ],
            [
              0.7792406030115542,
              -0.37464578712769814
            ],
            [
              0.7654164630028828,
              -0.3760202274067622
            ],
            [
              0.7331779284473138,
              -0.3195705319528746
            ]
          ]
        ]
      }
    },
    {
      "type": "Feature",
      "properties": {
        "cell_id": "SYN_disconnected_r011_c018",
        "method": "GeoAnnulus-Final",
        "view": "annulus"
      },
      "geometry": {
        "type": "Polygon",
        "coordinates": [
          [
            [
              0.7748583420440307,
              -0.3086395102859652
            ],
            [
              0.8073069487022737,
              -0.2970003426238028
            ],
            [
              0.8073733850060374,
              -0.2970237694718918
            ],
            [
              0.8304523192918599,
              -0.3404489488430994
            ],
            [
              0.8263017030784072,
              -0.3470512408879538
            ],
            [
              0.7945246959489723,
              -0.35303059213379234
            ],
            [
              0.7748583420440307,
              -0.3086395102859652
            ]
          ]
        ]
      }
    },
    {
      "type": "Feature",
      "properties": {
        "cell_id": "SYN_disconnected_r011_c019",
        "method": "GeoAnnulus-Final",
        "view": "annulus"
      },
      "geometry": {
        "type": "Polygon",
        "coordinates": [
          [
            [
              0.8073733850060383,
              -0.29702376947189174
            ],
            [
              0.8489054715391134,
              -0.28838135039314516
            ],
            [
              0.8594203555916093,
              -0.33008392127782005
            ],
            [
              0.8304523192918607,
              -0.340448948843099
            ],
            [
              0.8073733850060383,
              -0.29702376947189174
            ]
          ]
        ]
      }
    },
    {
      "type": "Feature",
      "properties": {
        "cell_id": "SYN_disconnected_r011_c020",
        "method": "GeoAnnulus-Final",
        "view": "annulus"
      },
      "geometry": {
        "type": "Polygon",
        "coordinates": [
          [
            [
              0.8594203555916093,
              -0.33008392127782016
            ],
            [
              0.8489054715391133,
              -0.2883813503931451
            ],
            [
              0.8524413225055073,
              -0.2836099043690475
            ],
            [
              0.8772511322691835,
              -0.2750978256316449
            ],
            [
              0.883350823211428,
              -0.2770306457182602
            ],
            [
              0.8935016378090932,
              -0.3208296762847344
            ],
            [
              0.8638866084439678,
              -0.3318095980059031
            ],
            [
              0.8594203555916093,
              -0.33008392127782016
            ]
          ]
        ]
      }
    },
    {
      "type": "Feature",
      "properties": {
        "cell_id": "SYN_disconnected_r011_c021",
        "method": "GeoAnnulus-Final",
        "view": "annulus"
      },
      "geometry": {
        "type": "Polygon",
        "coordinates": [
          [
            [
              0.8935016378090924,
              -0.3208296762847345
            ],
            [
              0.8833508232114271,
              -0.27703064571826014
            ],
            [
              0.9104414719306653,
              -0.26723628926658594
            ],
            [
              0.923866205629542,
              -0.2712148306794975
            ],
            [
              0.9206102049714975,
              -0.32072276803533
            ],
            [
              0.9049525440675191,
              -0.32496936890483874
            ],
            [
              0.8935016378090924,
              -0.3208296762847345
            ]
          ]
        ]
      }
    },
    {
      "type": "Feature",
      "properties": {
        "cell_id": "SYN_disconnected_r011_c022",
        "method": "GeoAnnulus-Final",
        "view": "annulus"
      },
      "geometry": {
        "type": "Polygon",
        "coordinates": [
          [
            [
              0.9206102049714976,
              -0.32072276803532956
            ],
            [
              0.923866205629542,
              -0.271214830679498
            ],
            [
              0.9357057932189093,
              -0.2678683549591496
            ],
            [
              0.9613778436303818,
              -0.2752229542588314
            ],
            [
              0.9592831701573936,
              -0.28244610008421245
            ],
            [
              0.9569403357322088,
              -0.29028467725446233
            ],
            [
              0.9545334512183885,
              -0.2981038250427398
            ],
            [
              0.9520626777139243,
              -0.30590302009655346
            ],
            [
              0.9495281805930367,
              -0.31368174039889146
            ],
            [
              0.9469301294951057,
              -0.32143946530316153
            ],
            [
              0.9443313951310948,
              -0.32899342935081927
            ],
            [
              0.9206102049714976,
              -0.32072276803532956
            ]
          ]
        ]
      }
    },
    {
      "type": "Feature",
      "properties": {
        "cell_id": "SYN_disconnected_r012_c015",
        "method": "GeoAnnulus-Final",
        "view": "annulus"
      },
      "geometry": {
        "type": "Polygon",
        "coordinates": [
          [
            [
              0.6025468547552524,
              -0.5138806617859062
            ],
            [
              0.5923312049046765,
              -0.4228122015182816
            ],
            [
              0.5935909930982131,
              -0.4190929661310357
            ],
            [
              0.6576855668645346,
              -0.4071143930565259
            ],
            [
              0.6998671082770327,
              -0.4710091913456561
            ],
            [
              0.6463002432089645,
              -0.5048927256759173
            ],
            [
              0.6025468547552524,
              -0.5138806617859062
            ]
          ]
        ]
      }
    },
    {
      "type": "Feature",
      "properties": {
        "cell_id": "SYN_disconnected_r012_c016",
        "method": "GeoAnnulus-Final",
        "view": "annulus"
      },
      "geometry": {
        "type": "Polygon",
        "coordinates": [
          [
            [
              0.6576855668645353,
              -0.4071143930565258
            ],
            [
              0.6892009372958287,
              -0.3861985907966099
            ],
            [
              0.7370499135514766,
              -0.39522319405772166
            ],
            [
              0.7502897425578104,
              -0.44473703929197855
            ],
            [
              0.718119504811573,
              -0.46907339339381526
            ],
            [
              0.6998671082770332,
              -0.47100919134565583
            ],
            [
              0.6576855668645353,
              -0.4071143930565258
            ]
          ]
        ]
      }
    },
    {
      "type": "Feature",
      "properties": {
        "cell_id": "SYN_disconnected_r012_c017",
        "method": "GeoAnnulus-Final",
        "view": "annulus"
      },
      "geometry": {
        "type": "Polygon",
        "coordinates": [
          [
            [
              0.7502897425578107,
              -0.44473703929197866
            ],
            [
              0.7370499135514768,
              -0.3952231940577214
            ],
            [
              0.7607958061950623,
              -0.3798328132609671
            ],
            [
              0.7905072934014069,
              -0.4316998831269119
            ],
            [
              0.7596245131518231,
              -0.44621712114230366
            ],
            [
              0.7502897425578107,
              -0.44473703929197866
            ]
          ]
        ]
      }
    },
    {
      "type": "Feature",
      "properties": {
        "cell_id": "SYN_disconnected_r012_c018",
        "method": "GeoAnnulus-Final",
        "view": "annulus"
      },
      "geometry": {
        "type": "Polygon",
        "coordinates": [
          [
            [
              0.7905072934014035,
              -0.43169988312691326
            ],
            [
              0.7607958061950593,
              -0.37983281326096907
            ],
            [
              0.7654164630028827,
              -0.3760202274067619
            ],
            [
              0.7792406030115541,
              -0.37464578712769775
            ],
            [
              0.8217079837197286,
              -0.4015339224194271
            ],
            [
              0.8096022598615897,
              -0.4230410897540971
            ],
            [
              0.8014209669094212,
              -0.4286021615851315
            ],
            [
              0.7905072934014035,
              -0.43169988312691326
            ]
          ]
        ]
      }
    },
    {
      "type": "Feature",
      "properties": {
        "cell_id": "SYN_disconnected_r012_c019",
        "method": "GeoAnnulus-Final",
        "view": "annulus"
      },
      "geometry": {
        "type": "Polygon",
        "coordinates": [
          [
            [
              0.7792406030115533,
              -0.37464578712769825
            ],
            [
              0.7945246959489716,
              -0.35303059213379245
            ],
            [
              0.8263017030784078,
              -0.34705124088795364
            ],
            [
              0.8362880054179891,
              -0.38647403647310685
            ],
            [
              0.8289872018576009,
              -0.3992374118988786
            ],
            [
              0.821707983719728,
              -0.40153392241942776
            ],
            [
              0.7792406030115533,
              -0.37464578712769825
            ]
          ]
        ]
      }
    },
    {
      "type": "Feature",
      "properties": {
        "cell_id": "SYN_disconnected_r012_c020",
        "method": "GeoAnnulus-Final",
        "view": "annulus"
      },
      "geometry": {
        "type": "Polygon",
        "coordinates": [
          [
            [
              0.8362880054179879,
              -0.386474036473108
            ],
            [
              0.8263017030784066,
              -0.3470512408879546
            ],
            [
              0.8304523192918603,
              -0.3404489488430987
            ],
            [
              0.8594203555916092,
              -0.3300839212778195
            ],
            [
              0.8638866084439685,
              -0.33180959800590276
            ],
            [
              0.8733615456850666,
              -0.37183040161680103
            ],
            [
              0.8362880054179879,
              -0.386474036473108
            ]
          ]
        ]
      }
    },
    {
      "type": "Feature",
      "properties": {
        "cell_id": "SYN_disconnected_r012_c021",
        "method": "GeoAnnulus-Final",
        "view": "annulus"
      },
      "geometry": {
        "type": "Polygon",
        "coordinates": [
          [
            [
              0.873361545685066,
              -0.37183040161680064
            ],
            [
              0.8638866084439679,
              -0.331809598005903
            ],
            [
              0.8935016378090931,
              -0.3208296762847345
            ],
            [
              0.9049525440675189,
              -0.32496936890483835
            ],
            [
              0.9027549436800913,
              -0.37058773298683695
            ],
            [
              0.8829784267449345,
              -0.3759287373435352
            ],
            [
              0.873361545685066,
              -0.37183040161680064
            ]
          ]
        ]
      }
    },
    {
      "type": "Feature",
      "properties": {
        "cell_id": "SYN_disconnected_r012_c022",
        "method": "GeoAnnulus-Final",
        "view": "annulus"
      },
      "geometry": {
        "type": "Polygon",
        "coordinates": [
          [
            [
              0.9027549436800911,
              -0.3705877329868373
            ],
            [
              0.9049525440675187,
              -0.3249693689048381
            ],
            [
              0.9206102049714967,
              -0.32072276803532945
            ],
            [
              0.9443313951310947,
              -0.32899342935081943
            ],
            [
              0.9442686983133165,
              -0.32917567556803884
            ],
            [
              0.9415440651830208,
              -0.33688985339222005
            ],
            [
              0.9387564124698132,
              -0.34458148244908043
            ],
            [
              0.9359059267573258,
              -0.3522500479212335
            ],
            [
              0.932992798834739,
              -0.3598950365349881
            ],
            [
              0.9300172236840122,
              -0.3675159365947035
            ],
            [
              0.9269794004668329,
              -0.37511223801703797
            ],
            [
              0.9250772846791312,
              -0.37975801277509524
            ],
            [
              0.9027549436800911,
              -0.3705877329868373
            ]
          ]
        ]
      }
    },
    {
      "type": "Feature",
      "properties": {
        "cell_id": "SYN_disconnected_r013_c015",
        "method": "GeoAnnulus-Final",
        "view": "annulus"
      },
      "geometry": {
        "type": "Polygon",
        "coordinates": [
          [
            [
              0.6296409541352367,
              -0.6074417385446531
            ],
            [
              0.6072536222839865,
              -0.5878930027114524
            ],
            [
              0.5946783893906032,
              -0.5391620369647934
            ],
            [
              0.6025468547552524,
              -0.5138806617859063
            ],
            [
              0.6463002432089647,
              -0.5048927256759174
            ],
            [
              0.7125852286711958,
              -0.5555398822441786
            ],
            [
              0.690113870273658,
              -0.5939351174058402
            ],
            [
              0.6296409541352367,
              -0.6074417385446531
            ]
          ]
        ]
      }
    },
    {
      "type": "Feature",
      "properties": {
        "cell_id": "SYN_disconnected_r013_c016",
        "method": "GeoAnnulus-Final",
        "view": "annulus"
      },
      "geometry": {
        "type": "Polygon",
        "coordinates": [
          [
            [
              0.646300243208965,
              -0.5048927256759173
            ],
            [
              0.6998671082770328,
              -0.4710091913456561
            ],
            [
              0.7181195048115732,
              -0.46907339339381543
            ],
            [
              0.7621240317024707,
              -0.5143660323030692
            ],
            [
              0.7546979599626646,
              -0.5357993428515038
            ],
            [
              0.712585228671196,
              -0.5555398822441785
            ],
            [
              0.646300243208965,
              -0.5048927256759173
            ]
          ]
        ]
      }
    },
    {
      "type": "Feature",
      "properties": {
        "cell_id": "SYN_disconnected_r013_c017",
        "method": "GeoAnnulus-Final",
        "view": "annulus"
      },
      "geometry": {
        "type": "Polygon",
        "coordinates": [
          [
            [
              0.7181195048115728,
              -0.4690733933938155
            ],
            [
              0.7502897425578107,
              -0.4447370392919784
            ],
            [
              0.7596245131518234,
              -0.44621712114230344
            ],
            [
              0.7896131169839493,
              -0.4856777192591865
            ],
            [
              0.7825104440154748,
              -0.5045452166590171
            ],
            [
              0.7621240317024706,
              -0.5143660323030695
            ],
            [
              0.7181195048115728,
              -0.4690733933938155
            ]
          ]
        ]
      }
    },
    {
      "type": "Feature",
      "properties": {
        "cell_id": "SYN_disconnected_r013_c018",
        "method": "GeoAnnulus-Final",
        "view": "annulus"
      },
      "geometry": {
        "type": "Polygon",
        "coordinates": [
          [
            [
              0.7896131169839491,
              -0.4856777192591862
            ],
            [
              0.7596245131518238,
              -0.44621712114230366
            ],
            [
              0.7905072934014067,
              -0.43169988312691226
            ],
            [
              0.8014209669094202,
              -0.4286021615851317
            ],
            [
              0.8000872691131892,
              -0.4822295236859241
            ],
            [
              0.7896131169839491,
              -0.4856777192591862
            ]
          ]
        ]
      }
    },
    {
      "type": "Feature",
      "properties": {
        "cell_id": "SYN_disconnected_r013_c019",
        "method": "GeoAnnulus-Final",
        "view": "annulus"
      },
      "geometry": {
        "type": "Polygon",
        "coordinates": [
          [
            [
              0.8000872691131905,
              -0.48222952368592414
            ],
            [
              0.8014209669094216,
              -0.428602161585131
            ],
            [
              0.8096022598615895,
              -0.42304108975409704
            ],
            [
              0.8324930689189732,
              -0.45479953862476213
            ],
            [
              0.8075025244384313,
              -0.48331741972932324
            ],
            [
              0.8000872691131905,
              -0.48222952368592414
            ]
          ]
        ]
      }
    },
    {
      "type": "Feature",
      "properties": {
        "cell_id": "SYN_disconnected_r013_c020",
        "method": "GeoAnnulus-Final",
        "view": "annulus"
      },
      "geometry": {
        "type": "Polygon",
        "coordinates": [
          [
            [
              0.832493068918973,
              -0.45479953862476313
            ],
            [
              0.8096022598615887,
              -0.42304108975409727
            ],
            [
              0.8217079837197278,
              -0.4015339224194271
            ],
            [
              0.8289872018576008,
              -0.3992374118988779
            ],
            [
              0.8337810236662347,
              -0.40254135242418315
            ],
            [
              0.8457006805088709,
              -0.4608693335816477
            ],
            [
              0.832493068918973,
              -0.45479953862476313
            ]
          ]
        ]
      }
    },
    {
      "type": "Feature",
      "properties": {
        "cell_id": "SYN_disconnected_r013_c021",
        "method": "GeoAnnulus-Final",
        "view": "annulus"
      },
      "geometry": {
        "type": "Polygon",
        "coordinates": [
          [
            [
              0.8289872018576004,
              -0.3992374118988784
            ],
            [
              0.8362880054179884,
              -0.386474036473107
            ],
            [
              0.8733615456850657,
              -0.3718304016168006
            ],
            [
              0.8829784267449345,
              -0.3759287373435352
            ],
            [
              0.8815713988735304,
              -0.41472775136984175
            ],
            [
              0.8668494488324944,
              -0.4188568477592053
            ],
            [
              0.8337810236662319,
              -0.40254135242418193
            ],
            [
              0.8289872018576004,
              -0.3992374118988784
            ]
          ]
        ]
      }
    },
    {
      "type": "Feature",
      "properties": {
        "cell_id": "SYN_disconnected_r013_c022",
        "method": "GeoAnnulus-Final",
        "view": "annulus"
      },
      "geometry": {
        "type": "Polygon",
        "coordinates": [
          [
            [
              0.8815713988735301,
              -0.4147277513698418
            ],
            [
              0.8829784267449341,
              -0.3759287373435352
            ],
            [
              0.9027549436800913,
              -0.3705877329868368
            ],
            [
              0.9250772846791314,
              -0.37975801277509474
            ],
            [
              0.9238795325112867,
              -0.3826834323650898
            ],
            [
              0.9207178272982477,
              -0.390229012882428
            ],
            [
              0.9174944964474914,
              -0.397748474527011
            ],
            [
              0.9142097557035307,
              -0.4052413140049898
            ],
            [
              0.9108638249211758,
              -0.41270702980439467
            ],
            [
              0.9074569280508187,
              -0.4201451222287024
            ],
            [
              0.9048427306947001,
              -0.42573138708350533
            ],
            [
              0.8815713988735301,
              -0.4147277513698418
            ]
          ]
        ]
      }
    },
    {
      "type": "Feature",
      "properties": {
        "cell_id": "SYN_disconnected_r014_c015",
        "method": "GeoAnnulus-Final",
        "view": "annulus"
      },
      "geometry": {
        "type": "Polygon",
        "coordinates": [
          [
            [
              0.6296409541352368,
              -0.6074417385446531
            ],
            [
              0.6901138702736583,
              -0.59393511740584
            ],
            [
              0.781355581705855,
              -0.6240734908471538
            ],
            [
              0.7781746437525979,
              -0.6280479470713342
            ],
            [
              0.773010453362737,
              -0.6343932841636455
            ],
            [
              0.7677945237095121,
              -0.6406961599398607
            ],
            [
              0.7625272039063882,
              -0.6469561525348573
            ],
            [
              0.7572088465064847,
              -0.6531728429537766
            ],
            [
              0.7518398074789775,
              -0.6593458151000688
            ],
            [
              0.7464204461852738,
              -0.6654746558033421
            ],
            [
              0.7409511253549592,
              -0.6715589548470183
            ],
            [
              0.7354322110615187,
              -0.6775983049957887
            ],
            [
              0.7298640726978357,
              -0.6835923020228711
            ],
            [
              0.724247082951467,
              -0.6895405447370668
            ],
            [
              0.7185816177796982,
              -0.6954426350096116
            ],
            [
              0.71286805638438,
              -0.7012981778008243
            ],
            [
              0.7071067811865476,
              -0.7071067811865475
            ],
            [
              0.7012981778008244,
              -0.7128680563843798
            ],
            [
              0.6954426350096117,
              -0.7185816177796981
            ],
            [
              0.689540544737067,
              -0.7242470829514669
            ],
            [
              0.6835923020228714,
              -0.7298640726978356
            ],
            [
              0.6800287512303578,
              -0.7331744420205221
            ],
            [
              0.6296409541352368,
              -0.6074417385446531
            ]
          ]
        ]
      }
    },
    {
      "type": "Feature",
      "properties": {
        "cell_id": "SYN_disconnected_r014_c016",
        "method": "GeoAnnulus-Final",
        "view": "annulus"
      },
      "geometry": {
        "type": "Polygon",
        "coordinates": [
          [
            [
              0.6901138702736591,
              -0.5939351174058398
            ],
            [
              0.7125852286711964,
              -0.5555398822441789
            ],
            [
              0.7546979599626645,
              -0.5357993428515044
            ],
            [
              0.8127788620937472,
              -0.5825715299723466
            ],
            [
              0.8080541504430732,
              -0.5891082158243282
            ],
            [
              0.8032075314806449,
              -0.5956993044924332
            ],
            [
              0.7983071520990315,
              -0.6022505217162819
            ],
            [
              0.7933533402912353,
              -0.6087614290087205
            ],
            [
              0.7883464276266062,
              -0.6152315905806268
            ],
            [
              0.7832867492286505,
              -0.6216605733700773
            ],
            [
              0.7813555817058552,
              -0.6240734908471535
            ],
            [
              0.6901138702736591,
              -0.5939351174058398
            ]
          ]
        ]
      }
    },
    {
      "type": "Feature",
      "properties": {
        "cell_id": "SYN_disconnected_r014_c017",
        "method": "GeoAnnulus-Final",
        "view": "annulus"
      },
      "geometry": {
        "type": "Polygon",
        "coordinates": [
          [
            [
              0.7546979599626654,
              -0.5357993428515034
            ],
            [
              0.7621240317024711,
              -0.5143660323030694
            ],
            [
              0.7825104440154742,
              -0.5045452166590175
            ],
            [
              0.8412866063735904,
              -0.5405798123774759
            ],
            [
              0.8404484010944381,
              -0.5418915805747516
            ],
            [
              0.8359869839079467,
              -0.5487492712856158
            ],
            [
              0.8314696123025452,
              -0.5555702330196022
            ],
            [
              0.8268965886356963,
              -0.562354009234973
            ],
            [
              0.8222682189897751,
              -0.5691001458788982
            ],
            [
              0.8175848131515837,
              -0.5758081914178452
            ],
            [
              0.8128466845916152,
              -0.582477696867802
            ],
            [
              0.812778862093748,
              -0.5825715299723455
            ],
            [
              0.7546979599626654,
              -0.5357993428515034
            ]
          ]
        ]
      }
    },
    {
      "type": "Feature",
      "properties": {
        "cell_id": "SYN_disconnected_r014_c018",
        "method": "GeoAnnulus-Final",
        "view": "annulus"
      },
      "geometry": {
        "type": "Polygon",
        "coordinates": [
          [
            [
              0.7825104440154749,
              -0.5045452166590166
            ],
            [
              0.789613116983949,
              -0.485677719259187
            ],
            [
              0.8000872691131902,
              -0.48222952368592464
            ],
            [
              0.8075025244384314,
              -0.48331741972932385
            ],
            [
              0.8526278163286307,
              -0.508475274434196
            ],
            [
              0.8565718807516842,
              -0.5160148488263623
            ],
            [
              0.8534939588627505,
              -0.5211027366890234
            ],
            [
              0.849202181526579,
              -0.5280678506503679
            ],
            [
              0.8448535652497071,
              -0.5349976198870972
            ],
            [
              0.8412866063735911,
              -0.5405798123774749
            ],
            [
              0.7825104440154749,
              -0.5045452166590166
            ]
          ]
        ]
      }
    },
    {
      "type": "Feature",
      "properties": {
        "cell_id": "SYN_disconnected_r014_c019",
        "method": "GeoAnnulus-Final",
        "view": "annulus"
      },
      "geometry": {
        "type": "Polygon",
        "coordinates": [
          [
            [
              0.8075025244384293,
              -0.48331741972932313
            ],
            [
              0.8324930689189725,
              -0.45479953862476075
            ],
            [
              0.8457006805088676,
              -0.46086933358164406
            ],
            [
              0.8491100360661945,
              -0.4635465709275553
            ],
            [
              0.8526278163286314,
              -0.5084752744341969
            ],
            [
              0.8075025244384293,
              -0.48331741972932313
            ]
          ]
        ]
      }
    },
    {
      "type": "Feature",
      "properties": {
        "cell_id": "SYN_disconnected_r014_c020",
        "method": "GeoAnnulus-Final",
        "view": "annulus"
      },
      "geometry": {
        "type": "Polygon",
        "coordinates": [
          [
            [
              0.84570068050887,
              -0.4608693335816463
            ],
            [
              0.8337810236662341,
              -0.40254135242418343
            ],
            [
              0.8668494488324937,
              -0.41885684775920534
            ],
            [
              0.8626314061767366,
              -0.44932395068498393
            ],
            [
              0.8491100360661938,
              -0.46354657092755513
            ],
            [
              0.84570068050887,
              -0.4608693335816463
            ]
          ]
        ]
      }
    },
    {
      "type": "Feature",
      "properties": {
        "cell_id": "SYN_disconnected_r014_c021",
        "method": "GeoAnnulus-Final",
        "view": "annulus"
      },
      "geometry": {
        "type": "Polygon",
        "coordinates": [
          [
            [
              0.8526278163286309,
              -0.5084752744341957
            ],
            [
              0.8491100360661943,
              -0.46354657092755586
            ],
            [
              0.8626314061767368,
              -0.4493239506849849
            ],
            [
              0.8869271926622423,
              -0.4618936731335006
            ],
            [
              0.8857483124112906,
              -0.4641658400405515
            ],
            [
              0.881921264348355,
              -0.4713967368259976
            ],
            [
              0.8780351873856628,
              -0.4785960820071808
            ],
            [
              0.8740903416267589,
              -0.48576339371634003
            ],
            [
              0.8700869911087115,
              -0.4928981922297839
            ],
            [
              0.8660254037844387,
              -0.49999999999999994
            ],
            [
              0.8619058515047743,
              -0.507068341687617
            ],
            [
              0.8577286100002721,
              -0.5141027441932217
            ],
            [
              0.8565718807516844,
              -0.516014848826362
            ],
            [
              0.8526278163286309,
              -0.5084752744341957
            ]
          ]
        ]
      }
    },
    {
      "type": "Feature",
      "properties": {
        "cell_id": "SYN_disconnected_r014_c022",
        "method": "GeoAnnulus-Final",
        "view": "annulus"
      },
      "geometry": {
        "type": "Polygon",
        "coordinates": [
          [
            [
              0.8626314061767371,
              -0.4493239506849842
            ],
            [
              0.8668494488324944,
              -0.41885684775920523
            ],
            [
              0.8815713988735303,
              -0.41472775136984175
            ],
            [
              0.9048427306947002,
              -0.4257313870835052
            ],
            [
              0.9039892931234433,
              -0.42755509343028203
            ],
            [
              0.9004611522353636,
              -0.43493644744371707
            ],
            [
              0.8968727415326884,
              -0.44228869021900125
            ],
            [
              0.8932243011955153,
              -0.44961132965460654
            ],
            [
              0.8895160754218561,
              -0.4569038756304206
            ],
            [
              0.8869271926622426,
              -0.4618936731335
            ],
            [
              0.8626314061767371,
              -0.4493239506849842
            ]
          ]
        ]
      }
    }
  ]
}