{
  "type": "FeatureCollection",
  "features": [
    {
      "type": "Feature",
      "properties": {
        "cell_id": "CEG2000_f4_r0015_c0102",
        "method": "Regular Topology",
        "view": "annulus"
      },
      "geometry": {
        "type": "Polygon",
        "coordinates": [
          [
            [
              -0.3856556362720826,
              -0.9226427966507814
            ],
            [
              -0.37056682095669424,
              -0.9288058092012825
            ],
            [
              -0.3553795626860551,
              -0.9347220797782987
            ],
            [
              -0.34009789603234597,
              -0.9403900366945471
            ],
            [
              -0.3247258806478107,
              -0.9458081742285291
            ],
            [
              -0.3092676001862926,
              -0.950975053024532
            ],
            [
              -0.29372716121838943,
              -0.9558893004750008
            ],
            [
              -0.27810869214052514,
              -0.960549611085178
            ],
            [
              -0.2624163420782156,
              -0.9649547468199163
            ],
            [
              -0.24665427978383594,
              -0.9691035374325683
            ],
            [
              -0.23082669252916813,
              -0.9729948807758676
            ],
            [
              -0.2149377849930349,
              -0.9766277430947208
            ],
            [
              -0.20278718909328,
              -0.9214182365334703
            ],
            [
              -0.21777788464324999,
              -0.9179907426750639
            ],
            [
              -0.23271072639374404,
              -0.9143193799204412
            ],
            [
              -0.24758174735962035,
              -0.910405123585737
            ],
            [
              -0.2623869969787444,
              -0.9062490135129971
            ],
            [
              -0.27712254216147275,
              -0.9018521537939391
            ],
            [
              -0.2917844683354997,
              -0.897215712476645
            ],
            [
              -0.30636888048578037,
              -0.8923409212552642
            ],
            [
              -0.3208719041892654,
              -0.887229075142806
            ],
            [
              -0.3352896866441586,
              -0.881881532127114
            ],
            [
              -0.3496183976934345,
              -0.876299712810109
            ],
            [
              -0.36385423084233565,
              -0.8704851000304005
            ],
            [
              -0.3856556362720826,
              -0.9226427966507814
            ]
          ]
        ]
      }
    },
    {
      "type": "Feature",
      "properties": {
        "cell_id": "CEG2000_f4_r0016_c0102",
        "method": "Regular Topology",
        "view": "annulus"
      },
      "geometry": {
        "type": "Polygon",
        "coordinates": [
          [
            [
              -0.3294927104284266,
              -0.8840637784975319
            ],
            [
              -0.30793312220083824,
              -0.8918023340003364
            ],
            [
              -0.2861920188245919,
              -0.8990152051205299
            ],
            [
              -0.264282215873352,
              -0.9056981401382445
            ],
            [
              -0.24221662836292257,
              -0.9118471997112794
            ],
            [
              -0.22000826313832417,
              -0.9174587591971979
            ],
            [
              -0.1976702112067417,
              -0.9225295107899184
            ],
            [
              -0.17521564002086132,
              -0.927056465469544
            ],
            [
              -0.15265778571714583,
              -0.931036954764279
            ],
            [
              -0.13000994531362337,
              -0.9344686323233931
            ],
            [
              -0.10728546887178848,
              -0.937349475300309
            ],
            [
              -0.08449775162723669,
              -0.939677785544995
            ],
            [
              -0.07900706701560163,
              -0.8786172927197146
            ],
            [
              -0.10031403280819856,
              -0.8764402766454108
            ],
            [
              -0.12156186720093982,
              -0.8737466315512464
            ],
            [
              -0.14273804538392218,
              -0.870537945241048
            ],
            [
              -0.1638300847859191,
              -0.8668161091163263
            ],
            [
              -0.18482555243239315,
              -0.862583317061366
            ],
            [
              -0.20571207227427316,
              -0.8578420641500117
            ],
            [
              -0.22647733248317584,
              -0.8525951451749145
            ],
            [
              -0.24710909270877196,
              -0.8468456530001061
            ],
            [
              -0.2675951912940184,
              -0.8405969767378695
            ],
            [
              -0.2879235524440036,
              -0.8338527997509834
            ],
            [
              -0.308082193344181,
              -0.8266170974815167
            ],
            [
              -0.3294927104284266,
              -0.8840637784975319
            ]
          ]
        ]
      }
    },
    {
      "type": "Feature",
      "properties": {
        "cell_id": "CEG2000_f4_r0016_c0103",
        "method": "Regular Topology",
        "view": "annulus"
      },
      "geometry": {
        "type": "Polygon",
        "coordinates": [
          [
            [
              -0.2149377849930349,
              -0.9766277430947208
            ],
            [
              -0.2031984734156805,
              -0.9791375697017948
            ],
            [
              -0.19142987877101073,
              -0.9815062921416837
            ],
            [
              -0.17963369703903748,
              -0.9837335690562192
            ],
            [
              -0.16781162817536358,
              -0.9858190794710424
            ],
            [
              -0.15596537586620626,
              -0.9877625228418585
            ],
            [
              -0.14409664728287433,
              -0.989563619097749
            ],
            [
              -0.13220715283574735,
              -0.9912221086815333
            ],
            [
              -0.12029860592778746,
              -0.9927377525871729
            ],
            [
              -0.10837272270762043,
              -0.9941103323942153
            ],
            [
              -0.09643122182221686,
              -0.9953396502992706
            ],
            [
              -0.0844758241692222,
              -0.996425529144517
            ],
            [
              -0.07970034179969732,
              -0.940096838731955
            ],
            [
              -0.09097989176166305,
              -0.9390723454408825
            ],
            [
              -0.10224633055084278,
              -0.9379125218087728
            ],
            [
              -0.11349803455323937,
              -0.9366175349785822
            ],
            [
              -0.12473338227829811,
              -0.9351875715717248
            ],
            [
              -0.1359507545925758,
              -0.9336228376611796
            ],
            [
              -0.14714853495307847,
              -0.9319235587417922
            ],
            [
              -0.1583251096402217,
              -0.9300899796977794
            ],
            [
              -0.16947886799038475,
              -0.9281223647674383
            ],
            [
              -0.1806082026280236,
              -0.9260209975050667
            ],
            [
              -0.19171150969731415,
              -0.9237861807401
            ],
            [
              -0.20278718909328,
              -0.9214182365334703
            ],
            [
              -0.2149377849930349,
              -0.9766277430947208
            ]
          ]
        ]
      }
    },
    {
      "type": "Feature",
      "properties": {
        "cell_id": "CEG2000_f4_r0016_c0104",
        "method": "Regular Topology",
        "view": "annulus"
      },
      "geometry": {
        "type": "Polygon",
        "coordinates": [
          [
            [
              -0.0844758241692222,
              -0.996425529144517
            ],
            [
              -0.061670428761847106,
              -0.9980965675806776
            ],
            [
              -0.03883278721755562,
              -0.9992457228514496
            ],
            [
              -0.01597484084648551,
              -0.9998723940883304
            ],
            [
              0.006891458424273092,
              -0.9999762536184479
            ],
            [
              0.029754154300075424,
              -0.9995572471358943
            ],
            [
              0.052601292370417774,
              -0.9986155937301209
            ],
            [
              0.07542092635963377,
              -0.9971517857713813
            ],
            [
              0.0982011243733513,
              -0.9951665886532814
            ],
            [
              0.12092997513741563,
              -0.9926610403925723
            ],
            [
              0.14359559422604481,
              -0.9896364510863922
            ],
            [
              0.16618613027593254,
              -0.9860944022272465
            ],
            [
              0.1567915023691068,
              -0.9303497382498919
            ],
            [
              0.1354780264448267,
              -0.9336915524023011
            ],
            [
              0.11409371198289509,
              -0.9365451593824872
            ],
            [
              0.09264974038006771,
              -0.9389090671009147
            ],
            [
              0.07115732422652916,
              -0.9407820395212297
            ],
            [
              0.049627701443077946,
              -0.9421630973065549
            ],
            [
              0.028072129405053423,
              -0.943051518331565
            ],
            [
              0.006501879056103752,
              -0.9434468380600699
            ],
            [
              -0.015071770985154085,
              -0.9433488497879112
            ],
            [
              -0.036637540322473974,
              -0.9427576047510426
            ],
            [
              -0.05818415268026327,
              -0.9416734120987402
            ],
            [
              -0.07970034179969732,
              -0.940096838731955
            ],
            [
              -0.0844758241692222,
              -0.996425529144517
            ]
          ]
        ]
      }
    },
    {
      "type": "Feature",
      "properties": {
        "cell_id": "CEG2000_f4_r0016_c0105",
        "method": "Regular Topology",
        "view": "annulus"
      },
      "geometry": {
        "type": "Polygon",
        "coordinates": [
          [
            [
              0.12203523580448349,
              -0.9355434847717919
            ],
            [
              0.1387471013975182,
              -0.9332113654101042
            ],
            [
              0.15541458626660715,
              -0.9305807418232892
            ],
            [
              0.17203235902077071,
              -0.9276524554630106
            ],
            [
              0.1885951041703319,
              -0.9244274429936542
            ],
            [
              0.20509752382717006,
              -0.9209067359927212
            ],
            [
              0.22153433939934447,
              -0.9170914606208588
            ],
            [
              0.2379002932795459,
              -0.9129828372616376
            ],
            [
              0.25419015052683536,
              -0.9085821801311914
            ],
            [
              0.2703987005411331,
              -0.9038908968578401
            ],
            [
              0.28652075872992144,
              -0.8989104880318363
            ],
            [
              0.3025511681666291,
              -0.8936425467253739
            ],
            [
              0.282891319102086,
              -0.835573435002101
            ],
            [
              0.26790256959972353,
              -0.8404990641912659
            ],
            [
              0.2528281267036541,
              -0.8451558448310285
            ],
            [
              0.2376728122420967,
              -0.8495422873674162
            ],
            [
              0.22244147391147617,
              -0.8536569887188991
            ],
            [
              0.20713898372580206,
              -0.8574986327251901
            ],
            [
              0.19177023645826796,
              -0.8610659905682424
            ],
            [
              0.17634014807557152,
              -0.8643579211653087
            ],
            [
              0.16085365416545533,
              -0.8673733715339367
            ],
            [
              0.14531570835797142,
              -0.8701113771287843
            ],
            [
              0.12973128074097467,
              -0.8725710621501466
            ],
            [
              0.11410535627035219,
              -0.8747516398240957
            ],
            [
              0.12203523580448349,
              -0.9355434847717919
            ]
          ]
        ]
      }
    },
    {
      "type": "Feature",
      "properties": {
        "cell_id": "CEG2000_f4_r0017_c0101",
        "method": "Regular Topology",
        "view": "annulus"
      },
      "geometry": {
        "type": "Polygon",
        "coordinates": [
          [
            [
              -0.7809981257515727,
              -0.6245333678615824
            ],
            [
              -0.7517927159655433,
              -0.6593995088117308
            ],
            [
              -0.7210321449514091,
              -0.6929016134681534
            ],
            [
              -0.6887800441415839,
              -0.7249703792516752
            ],
            [
              -0.6551031303526044,
              -0.7555394685932818
            ],
            [
              -0.6200710677744721,
              -0.7845456461602639
            ],
            [
              -0.5837563238630488,
              -0.8119289096650638
            ],
            [
              -0.5462340194336088,
              -0.8376326139862296
            ],
            [
              -0.5075817732656351,
              -0.861603588344729
            ],
            [
              -0.46787954154032374,
              -0.8837922462932205
            ],
            [
              -0.42720945244292646,
              -0.9041526882907638
            ],
            [
              -0.3856556362720826,
              -0.9226427966507814
            ],
            [
              -0.36385423084233565,
              -0.8704851000304005
            ],
            [
              -0.4030589782889392,
              -0.8530402515107247
            ],
            [
              -0.44142995642338734,
              -0.8338308007316895
            ],
            [
              -0.47888779089659006,
              -0.8128964844351265
            ],
            [
              -0.5153549962918578,
              -0.7902806074261365
            ],
            [
              -0.5507561364115209,
              -0.7660299529926087
            ],
            [
              -0.5850179803245326,
              -0.7401946861291351
            ],
            [
              -0.6180696538522445,
              -0.7128282497655173
            ],
            [
              -0.6498427861790022,
              -0.683987254214518
            ],
            [
              -0.6802716512842674,
              -0.6537313600675588
            ],
            [
              -0.7092933039037111,
              -0.6221231547805961
            ],
            [
              -0.7368477097380233,
              -0.5892280232054766
            ],
            [
              -0.7809981257515727,
              -0.6245333678615824
            ]
          ]
        ]
      }
    },
    {
      "type": "Feature",
      "properties": {
        "cell_id": "CEG2000_f4_r0017_c0102",
        "method": "Regular Topology",
        "view": "annulus"
      },
      "geometry": {
        "type": "Polygon",
        "coordinates": [
          [
            [
              -0.612953373320944,
              -0.6344277940309707
            ],
            [
              -0.5832933249823253,
              -0.661800091217576
            ],
            [
              -0.5524123188274245,
              -0.6877870991173332
            ],
            [
              -0.520374995413959,
              -0.7123344213587117
            ],
            [
              -0.487248415719244,
              -0.7353906751405102
            ],
            [
              -0.4531019207672066,
              -0.7569075987870623
            ],
            [
              -0.41800698648278073,
              -0.7768401527702549
            ],
            [
              -0.3820370740774897,
              -0.7951466139869044
            ],
            [
              -0.3452674762794011,
              -0.8117886630941464
            ],
            [
              -0.30777515972932945,
              -0.8267314647200228
            ],
            [
              -0.26963860387317656,
              -0.8399437403813738
            ],
            [
              -0.23093763668764544,
              -0.8513978339564022
            ],
            [
              -0.21195345118540704,
              -0.7814088332553442
            ],
            [
              -0.24747301255634635,
              -0.7708963213138129
            ],
            [
              -0.28247455992633846,
              -0.7587701583175925
            ],
            [
              -0.3168848275626685,
              -0.7450557269221282
            ],
            [
              -0.3506317874076991,
              -0.7297817343686845
            ],
            [
              -0.38364479984901884,
              -0.7129801523939424
            ],
            [
              -0.4158547615832773,
              -0.6946861503063082
            ],
            [
              -0.4471942502641908,
              -0.6749380213690227
            ],
            [
              -0.4775976656319506,
              -0.6537771026441616
            ],
            [
              -0.5070013668286136,
              -0.6312476884653128
            ],
            [
              -0.5353438056120412,
              -0.6073969377200548
            ],
            [
              -0.562565655189549,
              -0.5822747751363067
            ],
            [
              -0.612953373320944,
              -0.6344277940309707
            ]
          ]
        ]
      }
    },
    {
      "type": "Feature",
      "properties": {
        "cell_id": "CEG2000_f4_r0017_c0103",
        "method": "Regular Topology",
        "view": "annulus"
      },
      "geometry": {
        "type": "Polygon",
        "coordinates": [
          [
            [
              -0.23093763668764544,
              -0.8513978339564022
            ],
            [
              -0.21821449904522724,
              -0.8547472703150149
            ],
            [
              -0.205442824063402,
              -0.8579065856754933
            ],
            [
              -0.1926254525393048,
              -0.8608750773129377
            ],
            [
              -0.1797652354343269,
              -0.8636520849472717
            ],
            [
              -0.16686503323998025,
              -0.8662369908901079
            ],
            [
              -0.15392771534164199,
              -0.8686292201821391
            ],
            [
              -0.14095615938031333,
              -0.8708282407210277
            ],
            [
              -0.12795325061255333,
              -0.87283356337976
            ],
            [
              -0.11492188126870748,
              -0.8746447421154429
            ],
            [
              -0.10186494990959262,
              -0.8762613740685166
            ],
            [
              -0.0887853607817739,
              -0.8776830996523625
            ],
            [
              -0.08148677670020169,
              -0.805533323570102
            ],
            [
              -0.09349116063471785,
              -0.8042284706736367
            ],
            [
              -0.10547474937819536,
              -0.802744733649801
            ],
            [
              -0.11743487742711811,
              -0.8010824425254623
            ],
            [
              -0.1293688844963225,
              -0.7992419670431854
            ],
            [
              -0.1412741161107211,
              -0.7972237165789899
            ],
            [
              -0.15314792419573398,
              -0.7950281400512945
            ],
            [
              -0.16498766766630363,
              -0.7926557258210631
            ],
            [
              -0.17679071301434449,
              -0.7901070015831797
            ],
            [
              -0.1885544348945178,
              -0.7873825342490727
            ],
            [
              -0.2002762167081835,
              -0.7844829298206174
            ],
            [
              -0.21195345118540704,
              -0.7814088332553442
            ],
            [
              -0.23093763668764544,
              -0.8513978339564022
            ]
          ]
        ]
      }
    },
    {
      "type": "Feature",
      "properties": {
        "cell_id": "CEG2000_f4_r0017_c0104",
        "method": "Regular Topology",
        "view": "annulus"
      },
      "geometry": {
        "type": "Polygon",
        "coordinates": [
          [
            [
              -0.0887853607817739,
              -0.8776830996523625
            ],
            [
              -0.0734603868236852,
              -0.8790984218346903
            ],
            [
              -0.05811305428980388,
              -0.8802461795575365
            ],
            [
              -0.04274803433029,
              -0.881126023486666
            ],
            [
              -0.027370003478690105,
              -0.8817376858307151
            ],
            [
              -0.011983642228576352,
              -0.8820809804226968
            ],
            [
              0.0034063663910186594,
              -0.882155802776663
            ],
            [
              0.018795338240942743,
              -0.8819621301195064
            ],
            [
              0.03417858949759501,
              -0.8815000213978916
            ],
            [
              0.04955143807850855,
              -0.8807696172603141
            ],
            [
              0.06490920506739928,
              -0.8797711400142919
            ],
            [
              0.08024721613825185,
              -0.8785048935587036
            ],
            [
              0.07365050865021557,
              -0.8062875620611095
            ],
            [
              0.05957335592874624,
              -0.8074497169621586
            ],
            [
              0.04547807132080928,
              -0.8083661145717468
            ],
            [
              0.031368944900318704,
              -0.8090364759729464
            ],
            [
              0.01725027095411508,
              -0.8094605971329876
            ],
            [
              0.0031263466749463327,
              -0.8096383489653582
            ],
            [
              -0.010998529146435239,
              -0.8095696773690935
            ],
            [
              -0.025120057429665863,
              -0.8092546032452416
            ],
            [
              -0.039233940113244194,
              -0.8086932224905025
            ],
            [
              -0.053335881462702246,
              -0.8078857059680408
            ],
            [
              -0.06742158937806453,
              -0.8068322994554809
            ],
            [
              -0.08148677670020169,
              -0.805533323570102
            ],
            [
              -0.0887853607817739,
              -0.8776830996523625
            ]
          ]
        ]
      }
    },
    {
      "type": "Feature",
      "properties": {
        "cell_id": "CEG2000_f4_r0017_c0105",
        "method": "Regular Topology",
        "view": "annulus"
      },
      "geometry": {
        "type": "Polygon",
        "coordinates": [
          [
            [
              -0.08449775162723669,
              -0.939677785544995
            ],
            [
              -0.0657406046622654,
              -0.9411760640684843
            ],
            [
              -0.04695730756098194,
              -0.9422999638880537
            ],
            [
              -0.02815533189719076,
              -0.9430490379415924
            ],
            [
              -0.00934215667460658,
              -0.9434229882642627
            ],
            [
              0.009474734648122072,
              -0.9434216661070233
            ],
            [
              0.0282878571341663,
              -0.9430450719957986
            ],
            [
              0.04708972734585331,
              -0.9422933557312697
            ],
            [
              0.06587286632141487,
              -0.9411668163292866
            ],
            [
              0.08462980254994705,
              -0.9396659019019266
            ],
            [
              0.10335307494341112,
              -0.9377912094792453
            ],
            [
              0.12203523580448349,
              -0.9355434847717919
            ],
            [
              0.11410535627035219,
              -0.8747516398240957
            ],
            [
              0.09663716680114011,
              -0.8768533068291282
            ],
            [
              0.0791305372369878,
              -0.8786061812786854
            ],
            [
              0.061592431322021336,
              -0.8800095659186726
            ],
            [
              0.04402982532094989,
              -0.8810629025141934
            ],
            [
              0.026449705244067572,
              -0.8817657720716031
            ],
            [
              0.008859064068373763,
              -0.882117895005175
            ],
            [
              -0.00873510104407295,
              -0.882119131248313
            ],
            [
              -0.02632579152947342,
              -0.8817694803092672
            ],
            [
              -0.04390601020615633,
              -0.8810690812713299
            ],
            [
              -0.06146876405790151,
              -0.8800182127375107
            ],
            [
              -0.07900706701560163,
              -0.8786172927197146
            ],
            [
              -0.08449775162723669,
              -0.939677785544995
            ]
          ]
        ]
      }
    },
    {
      "type": "Feature",
      "properties": {
        "cell_id": "CEG2000_f4_r0018_c0101",
        "method": "Regular Topology",
        "view": "annulus"
      },
      "geometry": {
        "type": "Polygon",
        "coordinates": [
          [
            [
              -0.5740309160110133,
              -0.7487474328105312
            ],
            [
              -0.5640411250624361,
              -0.7563014081139248
            ],
            [
              -0.5539519394106529,
              -0.7637221088196807
            ],
            [
              -0.5437651369608004,
              -0.7710082272601285
            ],
            [
              -0.5334825128199392,
              -0.7781584794835352
            ],
            [
              -0.5231058789807224,
              -0.7851716054803625
            ],
            [
              -0.5126370640020873,
              -0.7920463694053044
            ],
            [
              -0.5020779126870321,
              -0.7987815597950649
            ],
            [
              -0.49143028575752196,
              -0.8053759897818437
            ],
            [
              -0.48069605952659766,
              -0.8118284973024817
            ],
            [
              -0.46987712556773314,
              -0.8181379453032408
            ],
            [
              -0.4589753903815044,
              -0.8243032219401727
            ],
            [
              -0.42915105701693945,
              -0.7707397965369196
            ],
            [
              -0.4393443947786874,
              -0.7649751410870012
            ],
            [
              -0.44946031175712037,
              -0.7590756825638143
            ],
            [
              -0.4594970253365371,
              -0.7530424605634148
            ],
            [
              -0.4694527668583715,
              -0.7468765382535107
            ],
            [
              -0.4793257819328642,
              -0.7405790021861117
            ],
            [
              -0.4891143307482192,
              -0.7341509621060577
            ],
            [
              -0.4988166883771896,
              -0.7275935507554628
            ],
            [
              -0.5084311450810458,
              -0.7209079236741022
            ],
            [
              -0.5179560066108616,
              -0.7140952589957852
            ],
            [
              -0.5273895945060729,
              -0.7071567572407468
            ],
            [
              -0.536730246390255,
              -0.7000936411040917
            ],
            [
              -0.5740309160110133,
              -0.7487474328105312
            ]
          ]
        ]
      }
    },
    {
      "type": "Feature",
      "properties": {
        "cell_id": "CEG2000_f4_r0018_c0102",
        "method": "Regular Topology",
        "view": "annulus"
      },
      "geometry": {
        "type": "Polygon",
        "coordinates": [
          [
            [
              -0.4589753903815044,
              -0.8243032219401727
            ],
            [
              -0.4475946261759911,
              -0.8305379348923075
            ],
            [
              -0.4361291871004441,
              -0.8366155286844189
            ],
            [
              -0.4245812421589271,
              -0.8425348535719971
            ],
            [
              -0.41295297596376596,
              -0.8482947897514598
            ],
            [
              -0.4012465883222675,
              -0.8538942475719957
            ],
            [
              -0.38946429382056275,
              -0.8593321677417031
            ],
            [
              -0.3776083214046621,
              -0.8646075215279806
            ],
            [
              -0.3656809139587829,
              -0.8697193109521446
            ],
            [
              -0.3536843278810509,
              -0.8746665689782211
            ],
            [
              -0.34162083265663856,
              -0.8794483596958885
            ],
            [
              -0.3294927104284266,
              -0.8840637784975319
            ],
            [
              -0.308082193344181,
              -0.8266170974815167
            ],
            [
              -0.3194222272173295,
              -0.8223015897248706
            ],
            [
              -0.33070183356522576,
              -0.8178305209400821
            ],
            [
              -0.34191887853919267,
              -0.8132047369531423
            ],
            [
              -0.3530712401257608,
              -0.8084251128586901
            ],
            [
              -0.36415680854810745,
              -0.8034925528544652
            ],
            [
              -0.3751734866651816,
              -0.7984079900702518
            ],
            [
              -0.3861191903684308,
              -0.7931723863913545
            ],
            [
              -0.39699184897607376,
              -0.7877867322766275
            ],
            [
              -0.4077894056248216,
              -0.7822520465711057
            ],
            [
              -0.4185098176589928,
              -0.7765693763132597
            ],
            [
              -0.42915105701693945,
              -0.7707397965369196
            ],
            [
              -0.4589753903815044,
              -0.8243032219401727
            ]
          ]
        ]
      }
    },
    {
      "type": "Feature",
      "properties": {
        "cell_id": "CEG2000_f4_r0018_c0103",
        "method": "Regular Topology",
        "view": "annulus"
      },
      "geometry": {
        "type": "Polygon",
        "coordinates": [
          [
            [
              -0.30473603729548454,
              -0.7501066442395562
            ],
            [
              -0.2870475449702115,
              -0.7570520042146758
            ],
            [
              -0.26920092139380425,
              -0.7635803127894341
            ],
            [
              -0.2512059980696639,
              -0.7696879735923559
            ],
            [
              -0.23307268819784807,
              -0.7753716219820737
            ],
            [
              -0.2148109812140006,
              -0.7806281269008704
            ],
            [
              -0.19643093728628536,
              -0.7854545925995432
            ],
            [
              -0.17794268177335007,
              -0.7898483602326407
            ],
            [
              -0.15935639964638498,
              -0.7938070093231885
            ],
            [
              -0.1406823298783344,
              -0.7973283590961044
            ],
            [
              -0.12193075980336272,
              -0.8004104696795624
            ],
            [
              -0.10311201944967834,
              -0.8030516431736456
            ],
            [
              -0.09115904331567737,
              -0.7099600988856456
            ],
            [
              -0.10779627315758938,
              -0.7076250961358561
            ],
            [
              -0.12437411924987281,
              -0.7049002707112287
            ],
            [
              -0.14088344904431527,
              -0.7017871236873209
            ],
            [
              -0.1573151677375592,
              -0.6982873700616737
            ],
            [
              -0.17366022328132621,
              -0.6944029378090397
            ],
            [
              -0.18990961136908782,
              -0.6901359668192836
            ],
            [
              -0.2060543803964386,
              -0.6854888077185397
            ],
            [
              -0.22208563639243026,
              -0.6804640205742802
            ],
            [
              -0.23799454791916225,
              -0.6750643734850025
            ],
            [
              -0.25377235093692063,
              -0.669292841055314
            ],
            [
              -0.2694103536321886,
              -0.6631526027572571
            ],
            [
              -0.30473603729548454,
              -0.7501066442395562
            ]
          ]
        ]
      }
    },
    {
      "type": "Feature",
      "properties": {
        "cell_id": "CEG2000_f4_r0018_c0104",
        "method": "Regular Topology",
        "view": "annulus"
      },
      "geometry": {
        "type": "Polygon",
        "coordinates": [
          [
            [
              -0.017061327678980324,
              -0.8094646016081948
            ],
            [
              -0.006681518862103676,
              -0.809616815206168
            ],
            [
              0.0036993883500922664,
              -0.8096359334199034
            ],
            [
              0.014079687408523795,
              -0.8095219531064993
            ],
            [
              0.024457671864083458,
              -0.8092748930035281
            ],
            [
              0.03483163564816845,
              -0.8088947937259556
            ],
            [
              0.045199873353146444,
              -0.8083817177594645
            ],
            [
              0.055560680512712776,
              -0.8077357494501821
            ],
            [
              0.06591235388209286,
              -0.8069569949908141
            ],
            [
              0.07625319171804379,
              -0.8060455824031879
            ],
            [
              0.0865814940586092,
              -0.8050016615172059
            ],
            [
              0.09689556300258108,
              -0.8038254039462152
            ],
            [
              0.08566321241686038,
              -0.7106441635772218
            ],
            [
              0.07654477343523156,
              -0.7116840667372667
            ],
            [
              0.067413751024207,
              -0.7126069739770945
            ],
            [
              0.05827164626048552,
              -0.7134127335771616
            ],
            [
              0.049119962042627766,
              -0.714101213076183
            ],
            [
              0.03996020284399019,
              -0.7146722992929084
            ],
            [
              0.03079387446540002,
              -0.7151258983447281
            ],
            [
              0.021622483787612043,
              -0.7154619356631069
            ],
            [
              0.012447538523587919,
              -0.7156803560058422
            ],
            [
              0.003270546970638593,
              -0.715781123466146
            ],
            [
              -0.005906982237529288,
              -0.7157642214785472
            ],
            [
              -0.015083540378822292,
              -0.7156296528216154
            ],
            [
              -0.017061327678980324,
              -0.8094646016081948
            ]
          ]
        ]
      }
    },
    {
      "type": "Feature",
      "properties": {
        "cell_id": "CEG2000_f4_r0018_c0105",
        "method": "Regular Topology",
        "view": "annulus"
      },
      "geometry": {
        "type": "Polygon",
        "coordinates": [
          [
            [
              0.08024721613825185,
              -0.8785048935587036
            ],
            [
              0.10812950146988548,
              -0.875510408057153
            ],
            [
              0.13590252095304775,
              -0.8716312112947395
            ],
            [
              0.1635382096979797,
              -0.8668712232352094
            ],
            [
              0.19100864158888722,
              -0.8612352538899557
            ],
            [
              0.21828605750353614,
              -0.8547289984574593
            ],
            [
              0.24534289336409904,
              -0.8473590315682372
            ],
            [
              0.27215180799090505,
              -0.8391328006411202
            ],
            [
              0.29868571073095573,
              -0.8300586183575666
            ],
            [
              0.3249177888332744,
              -0.8201456542616221
            ],
            [
              0.3508215345434364,
              -0.8094039254940125
            ],
            [
              0.3763707718898972,
              -0.7978442866697307
            ],
            [
              0.3454312825383085,
              -0.7322576453700038
            ],
            [
              0.3219823154993765,
              -0.7428670262331901
            ],
            [
              0.29820798239089297,
              -0.7527257331838975
            ],
            [
              0.2741323073935268,
              -0.761823803908741
            ],
            [
              0.24977961919667674,
              -0.770152044724187
            ],
            [
              0.22517452641410884,
              -0.7777020398668534
            ],
            [
              0.2003418927167268,
              -0.7844661599977163
            ],
            [
              0.1753068117076083,
              -0.7904375699116257
            ],
            [
              0.1500945815646859,
              -0.7956102354443443
            ],
            [
              0.1247306794767098,
              -0.799978929570124
            ],
            [
              0.09924073589831556,
              -0.803539237683664
            ],
            [
              0.07365050865021557,
              -0.8062875620611095
            ],
            [
              0.08024721613825185,
              -0.8785048935587036
            ]
          ]
        ]
      }
    },
    {
      "type": "Feature",
      "properties": {
        "cell_id": "CEG2000_f4_r0018_c0106",
        "method": "Regular Topology",
        "view": "annulus"
      },
      "geometry": {
        "type": "Polygon",
        "coordinates": [
          [
            [
              0.16618613027593254,
              -0.9860944022272465
            ],
            [
              0.3017132759438472,
              -0.9533987094176454
            ],
            [
              0.43137613666356855,
              -0.9021721724356245
            ],
            [
              0.5526545052613147,
              -0.8334104617860106
            ],
            [
              0.6631911407131895,
              -0.7484500724026544
            ],
            [
              0.7608375849326968,
              -0.6489423467102308
            ],
            [
              0.8436959215245783,
              -0.5368213781164015
            ],
            [
              0.9101556648561153,
              -0.4142664187818302
            ],
            [
              0.9589250624472055,
              -0.2836595223337707
            ],
            [
              0.9890562022666961,
              -0.1475392448055107
            ],
            [
              0.9999634369340972,
              -0.008551303698729012
            ],
            [
              0.9914347667225613,
              0.13060284581042084
            ],
            [
              0.9353882078925073,
              0.12321976794511277
            ],
            [
              0.9434347459126,
              -0.008067892019099474
            ],
            [
              0.9331441054881872,
              -0.13919873946790945
            ],
            [
              0.904716301840871,
              -0.2676240345338623
            ],
            [
              0.8587038752608246,
              -0.39084762413099855
            ],
            [
              0.7960011515936019,
              -0.5064744587227115
            ],
            [
              0.7178268595725085,
              -0.6122571439787977
            ],
            [
              0.6257004428567623,
              -0.7061396225150205
            ],
            [
              0.5214125271892562,
              -0.7862971366900157
            ],
            [
              0.40699011669241053,
              -0.8511716957180273
            ],
            [
              0.2846571957683503,
              -0.8995023577368227
            ],
            [
              0.1567915023691068,
              -0.9303497382498919
            ],
            [
              0.16618613027593254,
              -0.9860944022272465
            ]
          ]
        ]
      }
    },
    {
      "type": "Feature",
      "properties": {
        "cell_id": "CEG2000_f4_r0019_c0101",
        "method": "Regular Topology",
        "view": "annulus"
      },
      "geometry": {
        "type": "Polygon",
        "coordinates": [
          [
            [
              -0.6863265519840944,
              -0.6473716666015189
            ],
            [
              -0.676806733486573,
              -0.6573179262609828
            ],
            [
              -0.6671427882764225,
              -0.6671242093700127
            ],
            [
              -0.6573367743010381,
              -0.6767884276702063
            ],
            [
              -0.6473907797615095,
              -0.6863085231560139
            ],
            [
              -0.6373069226679352,
              -0.6956824685129922
            ],
            [
              -0.627087350388393,
              -0.7049082675495222
            ],
            [
              -0.6167342391916515,
              -0.7139839556219024
            ],
            [
              -0.6062497937837356,
              -0.7229076000527193
            ],
            [
              -0.595636246838427,
              -0.7316773005424158
            ],
            [
              -0.5848958585218206,
              -0.7402911895739585
            ],
            [
              -0.5740309160110133,
              -0.7487474328105312
            ],
            [
              -0.536730246390255,
              -0.7000936411040917
            ],
            [
              -0.5468891822736485,
              -0.6921868866257065
            ],
            [
              -0.5569316575249093,
              -0.6841327302147483
            ],
            [
              -0.5668555335882688,
              -0.6759328870123776
            ],
            [
              -0.5766586971637789,
              -0.6675891031839132
            ],
            [
              -0.5863390606573476,
              -0.6591031555469808
            ],
            [
              -0.5958945626252877,
              -0.6504768511931424
            ],
            [
              -0.6053231682133087,
              -0.6417120271030697
            ],
            [
              -0.6146228695898369,
              -0.6328105497553616
            ],
            [
              -0.6237916863735888,
              -0.6237743147290714
            ],
            [
              -0.6328276660552938,
              -0.6146052463000441
            ],
            [
              -0.6417288844134826,
              -0.6053052970311391
            ],
            [
              -0.6863265519840944,
              -0.6473716666015189
            ]
          ]
        ]
      }
    },
    {
      "type": "Feature",
      "properties": {
        "cell_id": "CEG2000_f4_r0019_c0102",
        "method": "Regular Topology",
        "view": "annulus"
      },
      "geometry": {
        "type": "Polygon",
        "coordinates": [
          [
            [
              -0.4790812179329163,
              -0.6526907512618795
            ],
            [
              -0.4642877267426973,
              -0.6632955125394574
            ],
            [
              -0.4492595799326876,
              -0.6735650376894484
            ],
            [
              -0.4340043728772659,
              -0.6834941363920354
            ],
            [
              -0.41852981570930964,
              -0.6930777903823022
            ],
            [
              -0.40284372942341795,
              -0.7023111559865151
            ],
            [
              -0.3869540419231023,
              -0.7111895665701635
            ],
            [
              -0.37086878401394835,
              -0.7197085348965222
            ],
            [
              -0.3545960853447631,
              -0.7278637553945466
            ],
            [
              -0.33814417029877275,
              -0.7356511063349511
            ],
            [
              -0.32152135383693675,
              -0.7430666519133706
            ],
            [
              -0.30473603729548454,
              -0.7501066442395562
            ],
            [
              -0.2694103536321886,
              -0.6631526027572571
            ],
            [
              -0.28424987870245794,
              -0.6569287021021255
            ],
            [
              -0.29894574106613303,
              -0.6503727831685193
            ],
            [
              -0.3134905132886885,
              -0.6434881593828591
            ],
            [
              -0.32787684429805414,
              -0.6362783103022568
            ],
            [
              -0.34209746309991956,
              -0.6287468798559118
            ],
            [
              -0.35614518245256743,
              -0.6208976745034344
            ],
            [
              -0.37001290249937435,
              -0.6127346613110227
            ],
            [
              -0.3836936143571524,
              -0.6042619659464677
            ],
            [
              -0.3971804036585053,
              -0.5954838705940002
            ],
            [
              -0.4104664540464197,
              -0.5864048117900328
            ],
            [
              -0.4235450506193187,
              -0.5770293781808895
            ],
            [
              -0.4790812179329163,
              -0.6526907512618795
            ]
          ]
        ]
      }
    },
    {
      "type": "Feature",
      "properties": {
        "cell_id": "CEG2000_f4_r0019_c0103",
        "method": "Regular Topology",
        "view": "annulus"
      },
      "geometry": {
        "type": "Polygon",
        "coordinates": [
          [
            [
              -0.38931527870875926,
              -0.6006554144864311
            ],
            [
              -0.37790927017942183,
              -0.6078962877830412
            ],
            [
              -0.3663686304334254,
              -0.6149205963555632
            ],
            [
              -0.3546974708554133,
              -0.621725837774753
            ],
            [
              -0.34289994932807816,
              -0.6283095876546423
            ],
            [
              -0.33098026875090436,
              -0.6346695005162328
            ],
            [
              -0.31894267554287414,
              -0.6408033106230789
            ],
            [
              -0.3067914581296673,
              -0.6467088327884642
            ],
            [
              -0.29453094541590064,
              -0.6523839631538784
            ],
            [
              -0.2821655052429419,
              -0.6578266799385234
            ],
            [
              -0.2696995428328546,
              -0.6630350441595787
            ],
            [
              -0.2571374992190256,
              -0.6680072003229687
            ],
            [
              -0.17243359342743167,
              -0.44795831933083147
            ],
            [
              -0.18085756242341072,
              -0.4446240458120344
            ],
            [
              -0.18921710041546255,
              -0.44113137375431
            ],
            [
              -0.19750922929519085,
              -0.43748154743168277
            ],
            [
              -0.20573099496888095,
              -0.43367586710481626
            ],
            [
              -0.21387946840990368,
              -0.4297156885577917
            ],
            [
              -0.22195174670218906,
              -0.425602422615106
            ],
            [
              -0.2299449540743994,
              -0.4213375346390615
            ],
            [
              -0.23785624292442864,
              -0.41692254400772716
            ],
            [
              -0.2456827948338699,
              -0.4123590235736555
            ],
            [
              -0.25342182157208426,
              -0.40764859910354984
            ],
            [
              -0.2610705660895158,
              -0.40279294869908006
            ],
            [
              -0.38931527870875926,
              -0.6006554144864311
            ]
          ]
        ]
      }
    },
    {
      "type": "Feature",
      "properties": {
        "cell_id": "CEG2000_f4_r0019_c0104",
        "method": "Regular Topology",
        "view": "annulus"
      },
      "geometry": {
        "type": "Polygon",
        "coordinates": [
          [
            [
              -0.10311201944967834,
              -0.8030516431736456
            ],
            [
              -0.09532300169405689,
              -0.8040134050542428
            ],
            [
              -0.08752502728076998,
              -0.8048996209207603
            ],
            [
              -0.079718828916362,
              -0.8057102075033472
            ],
            [
              -0.07190514008011128,
              -0.8064450886383664
            ],
            [
              -0.06408469495510946,
              -0.8071041952755503
            ],
            [
              -0.05625822835927455,
              -0.8076874654844897
            ],
            [
              -0.0484264756763117,
              -0.8081948444604522
            ],
            [
              -0.040590172786609945,
              -0.8086262845295323
            ],
            [
              -0.032750055998103066,
              -0.8089817451531303
            ],
            [
              -0.024906861977083136,
              -0.8092611929317614
            ],
            [
              -0.017061327678980324,
              -0.8094646016081948
            ],
            [
              -0.015083540378822292,
              -0.7156296528216154
            ],
            [
              -0.022019602777099932,
              -0.7154498237343301
            ],
            [
              -0.028953596188453373,
              -0.7152027701678043
            ],
            [
              -0.03588486908697575,
              -0.7148885153354724
            ],
            [
              -0.042812770202380765,
              -0.7145070887650754
            ],
            [
              -0.04973664858119871,
              -0.7140585262958882
            ],
            [
              -0.05665585364794268,
              -0.7135428700753502
            ],
            [
              -0.06356973526623294,
              -0.7129601685551068
            ],
            [
              -0.07047764379988959,
              -0.7123104764864554
            ],
            [
              -0.07737893017396862,
              -0.7115938549152019
            ],
            [
              -0.0842729459357517,
              -0.7108103711759242
            ],
            [
              -0.09115904331567737,
              -0.7099600988856456
            ],
            [
              -0.10311201944967834,
              -0.8030516431736456
            ]
          ]
        ]
      }
    },
    {
      "type": "Feature",
      "properties": {
        "cell_id": "CEG2000_f4_r0019_c0105",
        "method": "Regular Topology",
        "view": "annulus"
      },
      "geometry": {
        "type": "Polygon",
        "coordinates": [
          [
            [
              0.09689556300258108,
              -0.8038254039462152
            ],
            [
              0.11114638960184053,
              -0.8019791208238273
            ],
            [
              0.1253622042828895,
              -0.7998802084663791
            ],
            [
              0.13953852896108035,
              -0.7975293280464743
            ],
            [
              0.15367089799140266,
              -0.7949272201084819
            ],
            [
              0.16775485957519354,
              -0.7920747043352604
            ],
            [
              0.18178597716248732,
              -0.7889726792899502
            ],
            [
              0.19575983084955806,
              -0.7856221221329218
            ],
            [
              0.20967201877122552,
              -0.782024088313961
            ],
            [
              0.22351815848747178,
              -0.7781797112397962
            ],
            [
              0.23729388836394213,
              -0.774090201917066
            ],
            [
              0.2509948689458919,
              -0.7697568485708443
            ],
            [
              0.2218989818293458,
              -0.6805249114110702
            ],
            [
              0.20978624958917524,
              -0.6843559327362141
            ],
            [
              0.19760743316004797,
              -0.6879713769829691
            ],
            [
              0.18536636895739986,
              -0.6913701052601958
            ],
            [
              0.17306691300516672,
              -0.6945510469438566
            ],
            [
              0.16071293972110848,
              -0.6975132000142682
            ],
            [
              0.14830834069633914,
              -0.7002556313717468
            ],
            [
              0.1358570234694498,
              -0.70277747713054
            ],
            [
              0.12336291029560188,
              -0.7050779428909576
            ],
            [
              0.11082993691099093,
              -0.7071563039896137
            ],
            [
              0.0982620512930604,
              -0.7090119057277002
            ],
            [
              0.08566321241686038,
              -0.7106441635772218
            ],
            [
              0.09689556300258108,
              -0.8038254039462152
            ]
          ]
        ]
      }
    },
    {
      "type": "Feature",
      "properties": {
        "cell_id": "CEG2000_f4_r0019_c0106",
        "method": "Regular Topology",
        "view": "annulus"
      },
      "geometry": {
        "type": "Polygon",
        "coordinates": [
          [
            [
              0.3025511681666291,
              -0.8936425467253739
            ],
            [
              0.331146654130182,
              -0.883445586403141
            ],
            [
              0.35939925788112226,
              -0.8723338719270866
            ],
            [
              0.3872797255672187,
              -0.8603189088014884
            ],
            [
              0.4147591886604969,
              -0.8474131377896441
            ],
            [
              0.4418091938488372,
              -0.8336299220322196
            ],
            [
              0.4684017324976542,
              -0.818983533210528
            ],
            [
              0.494509269651128,
              -0.8034891367690742
            ],
            [
              0.5201047725429813,
              -0.7871627762126571
            ],
            [
              0.5451617385872586,
              -0.7700213564942999
            ],
            [
              0.569654222820146,
              -0.7520826265111962
            ],
            [
              0.5935568647644016,
              -0.7333651607268087
            ],
            [
              0.5549873942077229,
              -0.685710912830655
            ],
            [
              0.5326379517956843,
              -0.7032121131006113
            ],
            [
              0.5097369951915014,
              -0.7199851800125249
            ],
            [
              0.48630823694239145,
              -0.7360127460761201
            ],
            [
              0.4623759361020595,
              -0.751278215721894
            ],
            [
              0.4379648731119297,
              -0.7657657824848142
            ],
            [
              0.4131003241425009,
              -0.779460445370956
            ],
            [
              0.38780803492141475,
              -0.7923480243901155
            ],
            [
              0.3621141940753162,
              -0.8044151752383297
            ],
            [
              0.3360454060131294,
              -0.8156494031150882
            ],
            [
              0.3096286633788058,
              -0.8260390756609415
            ],
            [
              0.282891319102086,
              -0.835573435002101
            ],
            [
              0.3025511681666291,
              -0.8936425467253739
            ]
          ]
        ]
      }
    },
    {
      "type": "Feature",
      "properties": {
        "cell_id": "CEG2000_f4_r0020_c0101",
        "method": "Regular Topology",
        "view": "annulus"
      },
      "geometry": {
        "type": "Polygon",
        "coordinates": [
          [
            [
              -0.9431596640669015,
              -0.02416730754580438
            ],
            [
              -0.9394763011901166,
              -0.08670922776118718
            ],
            [
              -0.931650304745717,
              -0.14886880245376033
            ],
            [
              -0.9197161835717963,
              -0.21037193813085864
            ],
            [
              -0.9037265613384914,
              -0.27094743587661047
            ],
            [
              -0.8837519445031905,
              -0.3303281872072588
            ],
            [
              -0.8598804114113476,
              -0.38825235188966395
            ],
            [
              -0.8322172239138168,
              -0.4444645125293853
            ],
            [
              -0.8008843632132844,
              -0.49871680083716463
            ],
            [
              -0.7660199919864916,
              -0.5507699906075305
            ],
            [
              -0.7277778451540265,
              -0.6003945525900162
            ],
            [
              -0.6863265519840944,
              -0.6473716666015189
            ],
            [
              -0.6417288844134826,
              -0.6053052970311391
            ],
            [
              -0.6804866623932763,
              -0.5613807674024714
            ],
            [
              -0.7162438251511919,
              -0.5149808216208809
            ],
            [
              -0.7488427009902048,
              -0.4663100608803368
            ],
            [
              -0.7781395447225476,
              -0.41558309956435274
            ],
            [
              -0.8040051715160785,
              -0.36302361890093254
            ],
            [
              -0.8263255265365599,
              -0.30886338063714447
            ],
            [
              -0.8450021878740066,
              -0.253341205082534
            ],
            [
              -0.8599528005354407,
              -0.1967019180277128
            ],
            [
              -0.8711114395903564,
              -0.13919527118169395
            ],
            [
              -0.8784289008676012,
              -0.08107484088832217
            ],
            [
              -0.8818729179218386,
              -0.022596909977928414
            ],
            [
              -0.9431596640669015,
              -0.02416730754580438
            ]
          ]
        ]
      }
    },
    {
      "type": "Feature",
      "properties": {
        "cell_id": "CEG2000_f4_r0020_c0102",
        "method": "Regular Topology",
        "view": "annulus"
      },
      "geometry": {
        "type": "Polygon",
        "coordinates": [
          [
            [
              -0.6257229411252213,
              -0.5138042731512517
            ],
            [
              -0.6138796652156897,
              -0.5278975154265796
            ],
            [
              -0.6017190353029689,
              -0.5417178534190539
            ],
            [
              -0.5892473380011999,
              -0.5552581425043516
            ],
            [
              -0.5764710207353253,
              -0.5685113828334972
            ],
            [
              -0.5633966884079992,
              -0.5814707229515368
            ],
            [
              -0.5500310999850885,
              -0.5941294633394953
            ],
            [
              -0.5363811650015246,
              -0.6064810598777923
            ],
            [
              -0.5224539399893223,
              -0.6185191272293175
            ],
            [
              -0.5082566248295994,
              -0.630237442140426
            ],
            [
              -0.4937965590304983,
              -0.6416299466581361
            ],
            [
              -0.4790812179329163,
              -0.6526907512618795
            ],
            [
              -0.4235450506193187,
              -0.5770293781808895
            ],
            [
              -0.4365545564332758,
              -0.5672507668089053
            ],
            [
              -0.44933837903284296,
              -0.557178906919566
            ],
            [
              -0.46188990963537485,
              -0.5468190053070308
            ],
            [
              -0.47420265954494406,
              -0.5361764176728095
            ],
            [
              -0.4862702635067707,
              -0.5252566458570526
            ],
            [
              -0.49808648299782865,
              -0.5140653349942972
            ],
            [
              -0.5096452094519442,
              -0.5026082705951317
            ],
            [
              -0.5209404674177054,
              -0.49089137555529316
            ],
            [
              -0.5319664176475603,
              -0.47892070709373885
            ],
            [
              -0.5427173601164995,
              -0.46670245362128004
            ],
            [
              -0.5531877369687674,
              -0.45424293154139356
            ],
            [
              -0.6257229411252213,
              -0.5138042731512517
            ]
          ]
        ]
      }
    },
    {
      "type": "Feature",
      "properties": {
        "cell_id": "CEG2000_f4_r0020_c0103",
        "method": "Regular Topology",
        "view": "annulus"
      },
      "geometry": {
        "type": "Polygon",
        "coordinates": [
          [
            [
              -0.2571374992190256,
              -0.6680072003229687
            ],
            [
              -0.24604131927445333,
              -0.6721733276452078
            ],
            [
              -0.23487767741840432,
              -0.6761551521939926
            ],
            [
              -0.22364963460267673,
              -0.6799515821954049
            ],
            [
              -0.21236026943712658,
              -0.6835615767087383
            ],
            [
              -0.2010126773455455,
              -0.6869841459119133
            ],
            [
              -0.18960996971692878,
              -0.6902183513728758
            ],
            [
              -0.17815527305236528,
              -0.6932633063069056
            ],
            [
              -0.1666517281077844,
              -0.6961181758197629
            ],
            [
              -0.15510248903279403,
              -0.6987821771366076
            ],
            [
              -0.1435107225058464,
              -0.7012545798166278
            ],
            [
              -0.13187960686596847,
              -0.7035347059533189
            ],
            [
              -0.08843702136313444,
              -0.4717826758714403
            ],
            [
              -0.09623672024581596,
              -0.470253648232875
            ],
            [
              -0.10401003204391682,
              -0.468595682048206
            ],
            [
              -0.11175482539806228,
              -0.4668092319141178
            ],
            [
              -0.11946897676833151,
              -0.4648947876562264
            ],
            [
              -0.1271503710165095,
              -0.4628528741947747
            ],
            [
              -0.1347969019860356,
              -0.4606840514007047
            ],
            [
              -0.14240647307948914,
              -0.45838891394214665
            ],
            [
              -0.14997699783345414,
              -0.45596809112136794
            ],
            [
              -0.1575064004906054,
              -0.4534222467022246
            ],
            [
              -0.16499261656885908,
              -0.45075207872816453
            ],
            [
              -0.17243359342743167,
              -0.44795831933083147
            ],
            [
              -0.2571374992190256,
              -0.6680072003229687
            ]
          ]
        ]
      }
    },
    {
      "type": "Feature",
      "properties": {
        "cell_id": "CEG2000_f4_r0020_c0104",
        "method": "Regular Topology",
        "view": "annulus"
      },
      "geometry": {
        "type": "Polygon",
        "coordinates": [
          [
            [
              -0.13187960686596847,
              -0.7035347059533189
            ],
            [
              -0.1233351204378199,
              -0.7050828045375478
            ],
            [
              -0.11477248234177378,
              -0.7065271335801991
            ],
            [
              -0.10619295277170268,
              -0.707867480514236
            ],
            [
              -0.09759779440745739,
              -0.7091036480760375
            ],
            [
              -0.08898827222903387,
              -0.7102354543344317
            ],
            [
              -0.08036565333040105,
              -0.7112627327174699
            ],
            [
              -0.07173120673302057,
              -0.7121853320369423
            ],
            [
              -0.06308620319907662,
              -0.7130031165106293
            ],
            [
              -0.05443191504445595,
              -0.713715965782284
            ],
            [
              -0.045769615951495826,
              -0.7143237749393463
            ],
            [
              -0.03710058078153185,
              -0.7148264545283829
            ],
            [
              -0.02487924352470682,
              -0.4793547989137465
            ],
            [
              -0.030692603654776374,
              -0.47901770748156147
            ],
            [
              -0.036501446645312,
              -0.4786101173113659
            ],
            [
              -0.04230491758825133,
              -0.4781320883896533
            ],
            [
              -0.04810216236615537,
              -0.4775836910696386
            ],
            [
              -0.05389232777791191,
              -0.47696500606090386
            ],
            [
              -0.05967456166430467,
              -0.4762761244175201
            ],
            [
              -0.06544801303342684,
              -0.4755171475246464
            ],
            [
              -0.07121183218592719,
              -0.47468818708360894
            ],
            [
              -0.07696517084006156,
              -0.4737893650954611
            ],
            [
              -0.08270718225653803,
              -0.4728208138430285
            ],
            [
              -0.08843702136313444,
              -0.4717826758714403
            ],
            [
              -0.13187960686596847,
              -0.7035347059533189
            ]
          ]
        ]
      }
    },
    {
      "type": "Feature",
      "properties": {
        "cell_id": "CEG2000_f4_r0020_c0105",
        "method": "Regular Topology",
        "view": "annulus"
      },
      "geometry": {
        "type": "Polygon",
        "coordinates": [
          [
            [
              0.2509948689458919,
              -0.7697568485708443
            ],
            [
              0.3457762191915221,
              -0.7320948274646527
            ],
            [
              0.43507075183956334,
              -0.6828158397786626
            ],
            [
              0.5174615307737974,
              -0.6227018502687472
            ],
            [
              0.5916411694515861,
              -0.5527067547704142
            ],
            [
              0.6564325766668545,
              -0.4739412436678172
            ],
            [
              0.7108076347713952,
              -0.38765517732848354
            ],
            [
              0.7539035139662834,
              -0.2952177531724219
            ],
            [
              0.7850363637863167,
              -0.19809577908688705
            ],
            [
              0.8037121645193963,
              -0.0978303979468028
            ],
            [
              0.8096345663692552,
              0.003987367421117344
            ],
            [
              0.8027095919687809,
              0.10574186077517433
            ],
            [
              0.7096576990222072,
              0.09348402754723192
            ],
            [
              0.7157799148870694,
              0.003525142863044669
            ],
            [
              0.7105440511182717,
              -0.08648967920151013
            ],
            [
              0.6940331910161416,
              -0.1751320728932802
            ],
            [
              0.6665093308451171,
              -0.2609954503134863
            ],
            [
              0.6284092224462967,
              -0.34271732131946003
            ],
            [
              0.5803374428080039,
              -0.41900091367801573
            ],
            [
              0.5230568005672339,
              -0.4886357503993278
            ],
            [
              0.45747623167274193,
              -0.5505168577277657
            ],
            [
              0.3846363762828117,
              -0.6036622989950363
            ],
            [
              0.30569306576518074,
              -0.6472287561063941
            ],
            [
              0.2218989818293458,
              -0.6805249114110702
            ],
            [
              0.2509948689458919,
              -0.7697568485708443
            ]
          ]
        ]
      }
    },
    {
      "type": "Feature",
      "properties": {
        "cell_id": "CEG2000_f4_r0020_c0106",
        "method": "Regular Topology",
        "view": "annulus"
      },
      "geometry": {
        "type": "Polygon",
        "coordinates": [
          [
            [
              0.3763707718898972,
              -0.7978442866697307
            ],
            [
              0.4053676379680354,
              -0.7835097585816939
            ],
            [
              0.4338194909191404,
              -0.76812180870171
            ],
            [
              0.46168807748396223,
              -0.7517011259893731
            ],
            [
              0.4889359285996376,
              -0.7342697879042407
            ],
            [
              0.515526409776507,
              -0.715851230722888
            ],
            [
              0.5414237703528539,
              -0.6964702180290472
            ],
            [
              0.5665931915613495,
              -0.6761528074191901
            ],
            [
              0.5910008333425664,
              -0.6549263154683286
            ],
            [
              0.6146138798426359,
              -0.6328192810031237
            ],
            [
              0.6374005835338662,
              -0.6098614267316924
            ],
            [
              0.6593303078990063,
              -0.5860836192816945
            ],
            [
              0.6051301824801585,
              -0.53790472428713
            ],
            [
              0.585003187030634,
              -0.559727881495003
            ],
            [
              0.5640896600812441,
              -0.5807984896229583
            ],
            [
              0.5424177196800327,
              -0.6010882194287261
            ],
            [
              0.5200165035550787,
              -0.6205697915538863
            ],
            [
              0.4969161299390825,
              -0.6392170132007188
            ],
            [
              0.4731476570756755,
              -0.657004813348184
            ],
            [
              0.44874304146188987,
              -0.6739092764596847
            ],
            [
              0.42373509488294014,
              -0.6899076746372871
            ],
            [
              0.3981574402970723,
              -0.7049784981791759
            ],
            [
              0.3720444666298007,
              -0.7191014844992535
            ],
            [
              0.3454312825383085,
              -0.7322576453700038
            ],
            [
              0.3763707718898972,
              -0.7978442866697307
            ]
          ]
        ]
      }
    },
    {
      "type": "Feature",
      "properties": {
        "cell_id": "CEG2000_f4_r0020_c0107",
        "method": "Regular Topology",
        "view": "annulus"
      },
      "geometry": {
        "type": "Polygon",
        "coordinates": [
          [
            [
              0.5935568647644016,
              -0.7333651607268087
            ],
            [
              0.6162581290838091,
              -0.7143949391022639
            ],
            [
              0.6383534629649837,
              -0.6947222948757419
            ],
            [
              0.6598211413633235,
              -0.6743665710033416
            ],
            [
              0.6806400563710115,
              -0.653347782073277
            ],
            [
              0.7007897379711845,
              -0.6316865946267046
            ],
            [
              0.7202503741649002,
              -0.6094043068375258
            ],
            [
              0.739002830451109,
              -0.586522827571147
            ],
            [
              0.7570286686404898,
              -0.5630646548427733
            ],
            [
              0.7743101649846349,
              -0.5390528536964362
            ],
            [
              0.7908303276027738,
              -0.5145110335264866
            ],
            [
              0.8065729131888925,
              -0.48946332486386285
            ],
            [
              0.7541616075941008,
              -0.4576578780438617
            ],
            [
              0.7394419790779686,
              -0.481077980458247
            ],
            [
              0.7239953006759456,
              -0.5040250671382084
            ],
            [
              0.7078367602000397,
              -0.5264765755606226
            ],
            [
              0.6909822453944442,
              -0.54841043047537
            ],
            [
              0.6734483283140509,
              -0.569805065610634
            ],
            [
              0.6552522490301195,
              -0.5906394448777518
            ],
            [
              0.6364118986791315,
              -0.6108930830547612
            ],
            [
              0.6169458018714818,
              -0.6305460659283211
            ],
            [
              0.5968730984773208,
              -0.6495790698741848
            ],
            [
              0.5762135248074415,
              -0.6679733808569863
            ],
            [
              0.5549873942077229,
              -0.685710912830655
            ],
            [
              0.5935568647644016,
              -0.7333651607268087
            ]
          ]
        ]
      }
    },
    {
      "type": "Feature",
      "properties": {
        "cell_id": "CEG2000_f4_r0021_c0100",
        "method": "Regular Topology",
        "view": "annulus"
      },
      "geometry": {
        "type": "Polygon",
        "coordinates": [
          [
            [
              -0.9883226078859008,
              -0.15237592572848252
            ],
            [
              -0.9799897065061733,
              -0.19904817291787513
            ],
            [
              -0.9694540470784517,
              -0.24527301238255098
            ],
            [
              -0.9567393109826947,
              -0.2909465428912305
            ],
            [
              -0.9418740775877232,
              -0.3359661024095667
            ],
            [
              -0.9248917600123472,
              -0.38023049885728877
            ],
            [
              -0.9058305300214992,
              -0.42364023756127067
            ],
            [
              -0.8847332322261867,
              -0.4660977448932836
            ],
            [
              -0.8616472877801232,
              -0.5075075875897399
            ],
            [
              -0.836624587789497,
              -0.5477766872604695
            ],
            [
              -0.8097213766754701,
              -0.5868145296043559
            ],
            [
              -0.7809981257515727,
              -0.6245333678615824
            ],
            [
              -0.7368477097380233,
              -0.5892280232054766
            ],
            [
              -0.7639472135161371,
              -0.553641459464276
            ],
            [
              -0.7893295657143481,
              -0.5168104559371864
            ],
            [
              -0.8129377135083155,
              -0.4788177989931829
            ],
            [
              -0.834718592016636,
              -0.4397488860913337
            ],
            [
              -0.8546232435766858,
              -0.3996915338298631
            ],
            [
              -0.8726069277885142,
              -0.3587357805576336
            ],
            [
              -0.8886292220794483,
              -0.3169736839917134
            ],
            [
              -0.9026541125633597,
              -0.2744991142959437
            ],
            [
              -0.9146500749903708,
              -0.23140754308559824
            ],
            [
              -0.924590145605042,
              -0.18779582883240825
            ],
            [
              -0.9324519817537731,
              -0.14376199915229745
            ],
            [
              -0.9883226078859008,
              -0.15237592572848252
            ]
          ]
        ]
      }
    },
    {
      "type": "Feature",
      "properties": {
        "cell_id": "CEG2000_f4_r0021_c0101",
        "method": "Regular Topology",
        "view": "annulus"
      },
      "geometry": {
        "type": "Polygon",
        "coordinates": [
          [
            [
              -0.8638622451550817,
              -0.17875258068109123
            ],
            [
              -0.8528615086358643,
              -0.22547219516358544
            ],
            [
              -0.8393360438411536,
              -0.27152434368507283
            ],
            [
              -0.823325890241673,
              -0.31677269794331264
            ],
            [
              -0.8048784427392657,
              -0.3610833091104366
            ],
            [
              -0.7840483113636357,
              -0.4043250043620352
            ],
            [
              -0.7608971596101267,
              -0.44636977518843035
            ],
            [
              -0.7354935218971057,
              -0.48709315633862105
            ],
            [
              -0.7079126006833366,
              -0.5263745942751069
            ],
            [
              -0.6782360438459337,
              -0.5640978040488592
            ],
            [
              -0.6465517029779262,
              -0.6001511135379755
            ],
            [
              -0.612953373320944,
              -0.6344277940309707
            ],
            [
              -0.562565655189549,
              -0.5822747751363067
            ],
            [
              -0.5934020404016064,
              -0.5508158027926335
            ],
            [
              -0.6224817759173561,
              -0.5177262489092643
            ],
            [
              -0.6497187769155738,
              -0.4831040685837929
            ],
            [
              -0.6750324136271072,
              -0.4470517539520958
            ],
            [
              -0.6983477500234055,
              -0.40967603078057935
            ],
            [
              -0.7195957656498503,
              -0.37108754252559967
            ],
            [
              -0.7387135599471988,
              -0.3314005227953321
            ],
            [
              -0.7556445384562813,
              -0.29073245718370805
            ],
            [
              -0.7703385803547361,
              -0.24920373547748603
            ],
            [
              -0.7827521868298171,
              -0.20693729526603488
            ],
            [
              -0.7928486098480501,
              -0.1640582580088474
            ],
            [
              -0.8638622451550817,
              -0.17875258068109123
            ]
          ]
        ]
      }
    },
    {
      "type": "Feature",
      "properties": {
        "cell_id": "CEG2000_f4_r0021_c0102",
        "method": "Regular Topology",
        "view": "annulus"
      },
      "geometry": {
        "type": "Polygon",
        "coordinates": [
          [
            [
              -0.776296657320526,
              -0.22997288968889523
            ],
            [
              -0.7674346111585765,
              -0.2580080381592163
            ],
            [
              -0.7575604718556814,
              -0.2857029255024881
            ],
            [
              -0.7466872614315886,
              -0.31302102768772183
            ],
            [
              -0.7348293194815286,
              -0.3399263175883807
            ],
            [
              -0.7220022842651512,
              -0.3663833124949699
            ],
            [
              -0.70822307208278,
              -0.39235712090965347
            ],
            [
              -0.6935098549661879,
              -0.41781348856117617
            ],
            [
              -0.6778820367133117,
              -0.44271884357941604
            ],
            [
              -0.6613602272985153,
              -0.4670403407699801
            ],
            [
              -0.6439662156921442,
              -0.490745904930466
            ],
            [
              -0.6257229411252213,
              -0.5138042731512517
            ],
            [
              -0.5531877369687674,
              -0.45424293154139356
            ],
            [
              -0.5693162103062286,
              -0.433857540986093
            ],
            [
              -0.584693869146791,
              -0.4128999788933156
            ],
            [
              -0.5993004334264462,
              -0.391397884106211
            ],
            [
              -0.6131166400010709,
              -0.3693796135979116
            ],
            [
              -0.6261242680506695,
              -0.3468742050743449
            ],
            [
              -0.6383061631090017,
              -0.32391133867929023
            ],
            [
              -0.6496462596868997,
              -0.300521297852193
            ],
            [
              -0.6601296024594447,
              -0.27673492939034755
            ],
            [
              -0.6697423659890553,
              -0.2525836027681282
            ],
            [
              -0.678471872958482,
              -0.22809916876690886
            ],
            [
              -0.6863066108896594,
              -0.20331391747023816
            ],
            [
              -0.776296657320526,
              -0.22997288968889523
            ]
          ]
        ]
      }
    },
    {
      "type": "Feature",
      "properties": {
        "cell_id": "CEG2000_f4_r0021_c0103",
        "method": "Regular Topology",
        "view": "annulus"
      },
      "geometry": {
        "type": "Polygon",
        "coordinates": [
          [
            [
              -0.6392907872391771,
              -0.3219636664890285
            ],
            [
              -0.627708339108969,
              -0.34399935203573423
            ],
            [
              -0.6153666370555834,
              -0.3656189480686786
            ],
            [
              -0.6022806091676229,
              -0.3867963042851137
            ],
            [
              -0.5884660838440329,
              -0.40750580530001396
            ],
            [
              -0.5739397706486273,
              -0.4277224016295456
            ],
            [
              -0.5587192400987875,
              -0.447421639990042
            ],
            [
              -0.5428229024127834,
              -0.4665796928758335
            ],
            [
              -0.526269985241421,
              -0.4851733873801611
            ],
            [
              -0.5090805104109516,
              -0.5031802332243094
            ],
            [
              -0.4912752697053766,
              -0.5205784499610552
            ],
            [
              -0.47287579971743554,
              -0.537346993319532
            ],
            [
              -0.31710533717485406,
              -0.360339014173073
            ],
            [
              -0.32944382042532083,
              -0.3490942124750408
            ],
            [
              -0.34138382002097495,
              -0.33742715869930595
            ],
            [
              -0.35291089375837453,
              -0.3253519649036491
            ],
            [
              -0.364011098894668,
              -0.31288323681766045
            ],
            [
              -0.37467100901224587,
              -0.30003605617616286
            ],
            [
              -0.3848777302588633,
              -0.286825962476875
            ],
            [
              -0.3946189169435892,
              -0.27326893418438297
            ],
            [
              -0.403882786469721,
              -0.25938136940315065
            ],
            [
              -0.4126581335865979,
              -0.24518006604295034
            ],
            [
              -0.4209343439430783,
              -0.2306822015007015
            ],
            [
              -0.42870140692628583,
              -0.21590531188329543
            ],
            [
              -0.6392907872391771,
              -0.3219636664890285
            ]
          ]
        ]
      }
    },
    {
      "type": "Feature",
      "properties": {
        "cell_id": "CEG2000_f4_r0021_c0104",
        "method": "Regular Topology",
        "view": "annulus"
      },
      "geometry": {
        "type": "Polygon",
        "coordinates": [
          [
            [
              -0.03710058078153185,
              -0.7148264545283829
            ],
            [
              -0.013949499011195257,
              -0.7156526564369631
            ],
            [
              0.009216193909189117,
              -0.7157292609344497
            ],
            [
              0.03237223349421201,
              -0.7150561877828494
            ],
            [
              0.05549436536967796,
              -0.7136341419804423
            ],
            [
              0.07855837067740508,
              -0.711464613023344
            ],
            [
              0.10154009144283448,
              -0.7085498733453602
            ],
            [
              0.124415455878858,
              -0.7048929759377669
            ],
            [
              0.14716050359938057,
              -0.7004977511515094
            ],
            [
              0.1697514107161877,
              -0.6953688026851718
            ],
            [
              0.19216451479284982,
              -0.6895115027629154
            ],
            [
              0.21437633962951086,
              -0.6829319865074398
            ],
            [
              0.14375842769105143,
              -0.45796671764201025
            ],
            [
              0.1288634209930838,
              -0.4623788692511361
            ],
            [
              0.11383343863912918,
              -0.4663067104895571
            ],
            [
              0.09868422351194026,
              -0.46974612721111964
            ],
            [
              0.08343164338247647,
              -0.4726935168610833
            ],
            [
              0.06809167428949807,
              -0.47514579224955034
            ],
            [
              0.0526803838057505,
              -0.47710038478508776
            ],
            [
              0.03721391420827965,
              -0.478555247165151
            ],
            [
              0.021708465570492816,
              -0.47950885552049477
            ],
            [
              0.0061802787936887,
              -0.4799602110113215
            ],
            [
              -0.009354381404183466,
              -0.4799088408734986
            ],
            [
              -0.02487924352470682,
              -0.4793547989137465
            ],
            [
              -0.03710058078153185,
              -0.7148264545283829
            ]
          ]
        ]
      }
    },
    {
      "type": "Feature",
      "properties": {
        "cell_id": "CEG2000_f4_r0021_c0105",
        "method": "Regular Topology",
        "view": "annulus"
      },
      "geometry": {
        "type": "Polygon",
        "coordinates": [
          [
            [
              0.21437633962951086,
              -0.6829319865074398
            ],
            [
              0.26048021388449677,
              -0.6667108603904934
            ],
            [
              0.3053696780300606,
              -0.6473813968038952
            ],
            [
              0.3488354485346347,
              -0.6250337135175873
            ],
            [
              0.3906748794070818,
              -0.5997719998367774
            ],
            [
              0.4306929069722513,
              -0.571714030850859
            ],
            [
              0.4687029592962935,
              -0.5409906183427234
            ],
            [
              0.5045278260217926,
              -0.5077450009184424
            ],
            [
              0.5380004845573925,
              -0.4721321762006442
            ],
            [
              0.5689648787700423,
              -0.43431817819904367
            ],
            [
              0.597276646549457,
              -0.39447930322715313
            ],
            [
              0.6228037928527342,
              -0.352801287974114
            ],
            [
              0.41764540888824514,
              -0.23658468343189615
            ],
            [
              0.40052718389037156,
              -0.26453350442779167
            ],
            [
              0.3815416221993901,
              -0.29124901807466724
            ],
            [
              0.3607772382468074,
              -0.3166066713810787
            ],
            [
              0.3383308396841981,
              -0.3404882419681852
            ],
            [
              0.3143070760468501,
              -0.3627823892457841
            ],
            [
              0.28881795085699774,
              -0.38338517350409473
            ],
            [
              0.2619822994413227,
              -0.40220054050117476
            ],
            [
              0.23392523489723044,
              -0.41914076928673444
            ],
            [
              0.2047775647909279,
              -0.4341268811744987
            ],
            [
              0.17467518130675888,
              -0.44708900795641454
            ],
            [
              0.14375842769105143,
              -0.45796671764201025
            ],
            [
              0.21437633962951086,
              -0.6829319865074398
            ]
          ]
        ]
      }
    },
    {
      "type": "Feature",
      "properties": {
        "cell_id": "CEG2000_f4_r0021_c0106",
        "method": "Regular Topology",
        "view": "annulus"
      },
      "geometry": {
        "type": "Polygon",
        "coordinates": [
          [
            [
              0.6593303078990063,
              -0.5860836192816945
            ],
            [
              0.6815593353735493,
              -0.5600779732052441
            ],
            [
              0.7027633022031128,
              -0.5332299736334267
            ],
            [
              0.7229103177645537,
              -0.505579999776574
            ],
            [
              0.7419700810823088,
              -0.47716963700893694
            ],
            [
              0.759913926400859,
              -0.4480416143245608
            ],
            [
              0.7767148662978313,
              -0.4182397400731675
            ],
            [
              0.792347632272902,
              -0.38780883607269034
            ],
            [
              0.8067887127514481,
              -0.3567946701975659
            ],
            [
              0.8200163884457995,
              -0.3252438875441569
            ],
            [
              0.8320107650208991,
              -0.2932039402768434
            ],
            [
              0.8427538030152508,
              -0.26072301626028405
            ],
            [
              0.7734753832711454,
              -0.239290329166136
            ],
            [
              0.7636154747184369,
              -0.2691011648607624
            ],
            [
              0.7526070936404394,
              -0.29850727421785556
            ],
            [
              0.7404667965680692,
              -0.32746443064721487
            ],
            [
              0.7272128424262677,
              -0.355929082780814
            ],
            [
              0.7128651650726989,
              -0.383858419973767
            ],
            [
              0.6974453433173636,
              -0.4112104366912493
            ],
            [
              0.6809765684682128,
              -0.43794399568454023
            ],
            [
              0.6634836094515791,
              -0.4640188898611645
            ],
            [
              0.644992775559877,
              -0.48939590275609096
            ],
            [
              0.6255318768826053,
              -0.5140368675130298
            ],
            [
              0.6051301824801585,
              -0.53790472428713
            ],
            [
              0.6593303078990063,
              -0.5860836192816945
            ]
          ]
        ]
      }
    },
    {
      "type": "Feature",
      "properties": {
        "cell_id": "CEG2000_f4_r0021_c0107",
        "method": "Regular Topology",
        "view": "annulus"
      },
      "geometry": {
        "type": "Polygon",
        "coordinates": [
          [
            [
              0.8065729131888925,
              -0.48946332486386285
            ],
            [
              0.8214610271931786,
              -0.4640430922657204
            ],
            [
              0.8355482505566943,
              -0.4381704367805427
            ],
            [
              0.8488208488173377,
              -0.41187058318095304
            ],
            [
              0.861265881738903,
              -0.38516917274012724
            ],
            [
              0.8728712159272778,
              -0.35809223823260916
            ],
            [
              0.8836255366600018,
              -0.33066617855342845
            ],
            [
              0.8935183589176555,
              -0.30291773298026603
            ],
            [
              0.9025400376063212,
              -0.27487395510376095
            ],
            [
              0.9106817769611523,
              -0.24656218645137407
            ],
            [
              0.9179356391218815,
              -0.21801002983052625
            ],
            [
              0.9242945518719075,
              -0.18924532241699882
            ],
            [
              0.8642336653412255,
              -0.1769481149811977
            ],
            [
              0.8582879563003032,
              -0.2038436846565947
            ],
            [
              0.8515054518807426,
              -0.23054051514191784
            ],
            [
              0.8438927647447767,
              -0.2570125781278912
            ],
            [
              0.8354573169485672,
              -0.28323406444428567
            ],
            [
              0.826207332706005,
              -0.3091794092227963
            ],
            [
              0.8161518303704407,
              -0.3348233168217349
            ],
            [
              0.8053006136421624,
              -0.3601407854882381
            ],
            [
              0.7936642620101914,
              -0.3851071317339459
            ],
            [
              0.7812541204377168,
              -0.409698014400385
            ],
            [
              0.7680822883012237,
              -0.43388945839059545
            ],
            [
              0.7541616075941008,
              -0.4576578780438617
            ],
            [
              0.8065729131888925,
              -0.48946332486386285
            ]
          ]
        ]
      }
    },
    {
      "type": "Feature",
      "properties": {
        "cell_id": "CEG2000_f4_r0022_c0100",
        "method": "Regular Topology",
        "view": "annulus"
      },
      "geometry": {
        "type": "Polygon",
        "coordinates": [
          [
            [
              -0.993256750198992,
              0.11593544835009356
            ],
            [
              -0.9957960388982372,
              0.0915983019197431
            ],
            [
              -0.9977391000133713,
              0.06720631149310283
            ],
            [
              -0.9990847701468817,
              0.042774081644760834
            ],
            [
              -0.9998322435859304,
              0.018316241042443723
            ],
            [
              -0.9999810727847696,
              -0.0061525663118191624
            ],
            [
              -0.999531168632708,
              -0.030617689849712703
            ],
            [
              -0.9984828005074644,
              -0.055064481208589026
            ],
            [
              -0.9968365961138804,
              -0.0794783030020932
            ],
            [
              -0.9945935411080844,
              -0.10384453758422363
            ],
            [
              -0.9917549785073358,
              -0.12814859580156848
            ],
            [
              -0.9883226078859008,
              -0.15237592572848252
            ],
            [
              -0.9324519817537731,
              -0.14376199915229745
            ],
            [
              -0.9356903178623811,
              -0.12090425854948252
            ],
            [
              -0.9383684143677944,
              -0.09797412716465176
            ],
            [
              -0.9404846677739683,
              -0.0749853342920639
            ],
            [
              -0.942037810985427,
              -0.05195164434923043
            ],
            [
              -0.9430269140659302,
              -0.028886848635544884
            ],
            [
              -0.9434513847952667,
              -0.005804757074817011
            ],
            [
              -0.9433109690238444,
              0.017280810053348666
            ],
            [
              -0.9426057508248595,
              0.040356030388368415
            ],
            [
              -0.9413361524439597,
              0.06340708776474717
            ],
            [
              -0.9395029340464255,
              0.08642018048443284
            ],
            [
              -0.9371071932620261,
              0.1093815295805085
            ],
            [
              -0.993256750198992,
              0.11593544835009356
            ]
          ]
        ]
      }
    },
    {
      "type": "Feature",
      "properties": {
        "cell_id": "CEG2000_f4_r0022_c0101",
        "method": "Regular Topology",
        "view": "annulus"
      },
      "geometry": {
        "type": "Polygon",
        "coordinates": [
          [
            [
              -0.8728116602226078,
              0.12810257407243444
            ],
            [
              -0.8764431105794102,
              0.10028926972720657
            ],
            [
              -0.8791884808352295,
              0.07237457337469984
            ],
            [
              -0.8810449954329029,
              0.04438670664922725
            ],
            [
              -0.882010777444399,
              0.016353965160024662
            ],
            [
              -0.8820848504683838,
              -0.011695310115485217
            ],
            [
              -0.8812671396173584,
              -0.03973276148429378
            ],
            [
              -0.8795584715933696,
              -0.0677300432073109
            ],
            [
              -0.8769605738522178,
              -0.09565885015677991
            ],
            [
              -0.8734760728570075,
              -0.12349094643263682
            ],
            [
              -0.8691084914228034,
              -0.15119819390888004
            ],
            [
              -0.8638622451550817,
              -0.17875258068109123
            ],
            [
              -0.7928486098480501,
              -0.1640582580088474
            ],
            [
              -0.7976635894163919,
              -0.1387689744800352
            ],
            [
              -0.8016721346305484,
              -0.1133393961329555
            ],
            [
              -0.8048701928690708,
              -0.08779523215863015
            ],
            [
              -0.807254530909252,
              -0.062162307593642524
            ],
            [
              -0.808822738195899,
              -0.036466537211139335
            ],
            [
              -0.8095732292783941,
              -0.010733899321111493
            ],
            [
              -0.8095052454135789,
              0.015009590493564496
            ],
            [
              -0.8086188553328392,
              0.04073790567876401
            ],
            [
              -0.8069149551726189,
              0.06642503502184559
            ],
            [
              -0.8043952675684295,
              0.09204500894887166
            ],
            [
              -0.801062339913273,
              0.11757192577973267
            ],
            [
              -0.8728116602226078,
              0.12810257407243444
            ]
          ]
        ]
      }
    },
    {
      "type": "Feature",
      "properties": {
        "cell_id": "CEG2000_f4_r0022_c0102",
        "method": "Regular Topology",
        "view": "annulus"
      },
      "geometry": {
        "type": "Polygon",
        "coordinates": [
          [
            [
              -0.7924120893541589,
              0.1661538768860348
            ],
            [
              -0.7990806798179264,
              0.1303614103199397
            ],
            [
              -0.8041334058180889,
              0.09430533286237724
            ],
            [
              -0.8075600499628435,
              0.05805855546681136
            ],
            [
              -0.8093536830488658,
              0.021694374711413975
            ],
            [
              -0.809510678073229,
              -0.014713675417929482
            ],
            [
              -0.8080307175677635,
              -0.05109197222468982
            ],
            [
              -0.8049167942410262,
              -0.08736695317814674
            ],
            [
              -0.8001752049265828,
              -0.12346526466818245
            ],
            [
              -0.7938155378498372,
              -0.15931391033759992
            ],
            [
              -0.7858506532391609,
              -0.1948403986920246
            ],
            [
              -0.776296657320526,
              -0.22997288968889523
            ],
            [
              -0.6863066108896594,
              -0.20331391747023816
            ],
            [
              -0.6947530862126423,
              -0.17225406348168976
            ],
            [
              -0.7017946635680674,
              -0.14084588519132643
            ],
            [
              -0.7074171037997348,
              -0.10915289478314572
            ],
            [
              -0.7116090374657363,
              -0.07723918037520583
            ],
            [
              -0.714361987829222,
              -0.045169276423558724
            ],
            [
              -0.7156703879996702,
              -0.01300803322361887
            ],
            [
              -0.7155315921899998,
              0.019179514227141096
            ],
            [
              -0.7139458810667594,
              0.05132827773999362
            ],
            [
              -0.7109164611825767,
              0.0833732475533204
            ],
            [
              -0.706449458492014,
              0.1152496237923817
            ],
            [
              -0.7005539059639426,
              0.1468929475046667
            ],
            [
              -0.7924120893541589,
              0.1661538768860348
            ]
          ]
        ]
      }
    },
    {
      "type": "Feature",
      "properties": {
        "cell_id": "CEG2000_f4_r0022_c0103",
        "method": "Regular Topology",
        "view": "annulus"
      },
      "geometry": {
        "type": "Polygon",
        "coordinates": [
          [
            [
              -0.6757334284377033,
              0.2360882184264446
            ],
            [
              -0.6911472444475816,
              0.1861955952230346
            ],
            [
              -0.7028826193658805,
              0.13531199718171338
            ],
            [
              -0.7108770948877,
              0.08370823825627413
            ],
            [
              -0.7150881226161518,
              0.03165896525871888
            ],
            [
              -0.7154932905144974,
              -0.020558803872851406
            ],
            [
              -0.7120904421880493,
              -0.07266715442601111
            ],
            [
              -0.7048976883609881,
              -0.12438875403862094
            ],
            [
              -0.6939533104870153,
              -0.17544832872403637
            ],
            [
              -0.6793155570068453,
              -0.22557412794118203
            ],
            [
              -0.6610623333369038,
              -0.2744993709120542
            ],
            [
              -0.6392907872391771,
              -0.3219636664890285
            ],
            [
              -0.42870140692628583,
              -0.21590531188329543
            ],
            [
              -0.4433011675193694,
              -0.18407627461453027
            ],
            [
              -0.4555415795891846,
              -0.1512675420088214
            ],
            [
              -0.46535749690951544,
              -0.11765372952061609
            ],
            [
              -0.4726966769605331,
              -0.08341373742057988
            ],
            [
              -0.47752005897523725,
              -0.04872979864811596
            ],
            [
              -0.47980197182964424,
              -0.013786508926673385
            ],
            [
              -0.4795302706702826,
              0.02123015569621437
            ],
            [
              -0.47670640155183486,
              0.0561338286552838
            ],
            [
              -0.47134539374090967,
              0.09073874475232095
            ],
            [
              -0.46347577972690385,
              0.12486072884033027
            ],
            [
              -0.45313944336567685,
              0.15831817604509132
            ],
            [
              -0.6757334284377033,
              0.2360882184264446
            ]
          ]
        ]
      }
    },
    {
      "type": "Feature",
      "properties": {
        "cell_id": "CEG2000_f4_r0022_c0104",
        "method": "Regular Topology",
        "view": "annulus"
      },
      "geometry": {
        "type": "Polygon",
        "coordinates": [
          [
            [
              -0.47287579971743554,
              -0.537346993319532
            ],
            [
              -0.46567305938910714,
              -0.5436008783539026
            ],
            [
              -0.45838761861762367,
              -0.5497582234819314
            ],
            [
              -0.45102077124888895,
              -0.5558179352000101
            ],
            [
              -0.44357382558607783,
              -0.5617789373435756
            ],
            [
              -0.43604810415729034,
              -0.56764017127823
            ],
            [
              -0.4284449434806789,
              -0.5734005960877466
            ],
            [
              -0.4207656938270937,
              -0.5790591887589296
            ],
            [
              -0.41301171898028055,
              -0.5846149443632954
            ],
            [
              -0.40518439599468364,
              -0.5900668762355404
            ],
            [
              -0.3972851149508899,
              -0.5954140161487663
            ],
            [
              -0.38931527870875926,
              -0.6006554144864311
            ],
            [
              -0.2610705660895158,
              -0.40279294869908006
            ],
            [
              -0.2664150510690799,
              -0.3992781243242102
            ],
            [
              -0.2717122225046407,
              -0.395692390805773
            ],
            [
              -0.2769611396537258,
              -0.39203638494623094
            ],
            [
              -0.28216087034350373,
              -0.38831075602794785
            ],
            [
              -0.2873104911363316,
              -0.3845161656978805
            ],
            [
              -0.2924090874937518,
              -0.3806532878500742
            ],
            [
              -0.2974557539389065,
              -0.37672280850598455
            ],
            [
              -0.30244959421734663,
              -0.3727254256926435
            ],
            [
              -0.30738972145619925,
              -0.36866184931869506
            ],
            [
              -0.3122752583216704,
              -0.3645328010483199
            ],
            [
              -0.31710533717485406,
              -0.360339014173073
            ],
            [
              -0.47287579971743554,
              -0.537346993319532
            ]
          ]
        ]
      }
    },
    {
      "type": "Feature",
      "properties": {
        "cell_id": "CEG2000_f4_r0022_c0105",
        "method": "Regular Topology",
        "view": "annulus"
      },
      "geometry": {
        "type": "Polygon",
        "coordinates": [
          [
            [
              0.6228037928527342,
              -0.352801287974114
            ],
            [
              0.6363712449505912,
              -0.3276964323699298
            ],
            [
              0.648927254584202,
              -0.30207073914193594
            ],
            [
              0.6604518653500907,
              -0.27596493752564105
            ],
            [
              0.6709267601404288,
              -0.24942051983630523
            ],
            [
              0.6803352902560752,
              -0.22247967552144463
            ],
            [
              0.6886625018678604,
              -0.1951852241053211
            ],
            [
              0.6958951597840634,
              -0.1675805471319934
            ],
            [
              0.702021768486299,
              -0.13970951921509972
            ],
            [
              0.7070325904003886,
              -0.1116164383039597
            ],
            [
              0.7109196613731665,
              -0.08334595527683109
            ],
            [
              0.713676803330632,
              -0.05494300297322429
            ],
            [
              0.47858385539979603,
              -0.03684417661811865
            ],
            [
              0.4767349461712344,
              -0.05589088565329968
            ],
            [
              0.4741283189084693,
              -0.07484876224112767
            ],
            [
              0.47076811656032636,
              -0.0936876749110734
            ],
            [
              0.466659679800776,
              -0.1123776812727385
            ],
            [
              0.46180953854051615,
              -0.13088907560600882
            ],
            [
              0.4562254015483939,
              -0.14919243607504615
            ],
            [
              0.44991614419916065,
              -0.16725867149107718
            ],
            [
              0.4428917943670353,
              -0.18505906754965482
            ],
            [
              0.43516351648749524,
              -0.20256533246890357
            ],
            [
              0.42674359381262783,
              -0.2197496419562109
            ],
            [
              0.41764540888824514,
              -0.23658468343189615
            ],
            [
              0.6228037928527342,
              -0.352801287974114
            ]
          ]
        ]
      }
    },
    {
      "type": "Feature",
      "properties": {
        "cell_id": "CEG2000_f4_r0022_c0106",
        "method": "Regular Topology",
        "view": "annulus"
      },
      "geometry": {
        "type": "Polygon",
        "coordinates": [
          [
            [
              0.713676803330632,
              -0.05494300297322429
            ],
            [
              0.7145873675402514,
              -0.041451264634977406
            ],
            [
              0.7152428993774483,
              -0.027944732564235405
            ],
            [
              0.7156431648864501,
              -0.014428227169354409
            ],
            [
              0.7157880212146582,
              -0.0009065724181141279
            ],
            [
              0.7156774166636314,
              0.01261540588392633
            ],
            [
              0.7153113907075366,
              0.026132881815734966
            ],
            [
              0.7146900739790608,
              0.039641031063151394
            ],
            [
              0.7138136882227892,
              0.053135032640658525
            ],
            [
              0.7126825462160654,
              0.06661007061196562
            ],
            [
              0.7112970516573628,
              0.08006133580879252
            ],
            [
              0.7096576990222072,
              0.09348402754723192
            ],
            [
              0.4758886880268294,
              0.062689365989002
            ],
            [
              0.4769880199664849,
              0.053688255777704766
            ],
            [
              0.47791711745773696,
              0.044667984517858146
            ],
            [
              0.47867564891070863,
              0.0356317714955622
            ],
            [
              0.47926334360962075,
              0.02658284168644463
            ],
            [
              0.47967999180940896,
              0.017524424604686957
            ],
            [
              0.4799254448105808,
              0.00845975315042665
            ],
            [
              0.4799996150122857,
              -0.0006079375440470518
            ],
            [
              0.4799024759435793,
              -0.009675411268894386
            ],
            [
              0.47963406227287064,
              -0.018739431891710446
            ],
            [
              0.4791944697955491,
              -0.02779676451248508
            ],
            [
              0.47858385539979603,
              -0.03684417661811865
            ],
            [
              0.713676803330632,
              -0.05494300297322429
            ]
          ]
        ]
      }
    },
    {
      "type": "Feature",
      "properties": {
        "cell_id": "CEG2000_f4_r0022_c0107",
        "method": "Regular Topology",
        "view": "annulus"
      },
      "geometry": {
        "type": "Polygon",
        "coordinates": [
          [
            [
              0.8427538030152508,
              -0.26072301626028405
            ],
            [
              0.852320137516531,
              -0.22751010282695167
            ],
            [
              0.8605780956455851,
              -0.1939479440456813
            ],
            [
              0.8675150008072894,
              -0.16008806038820425
            ],
            [
              0.8731202043235119,
              -0.12598242935662618
            ],
            [
              0.8773851017796445,
              -0.09168340569400442
            ],
            [
              0.8803031462330348,
              -0.057243641015823875
            ],
            [
              0.8818698582630431,
              -0.022716002985755247
            ],
            [
              0.8820828328472932,
              0.01184650584023824
            ],
            [
              0.8809417430535661,
              0.04639082937686307
            ],
            [
              0.8784483405416654,
              0.08086393945463329
            ],
            [
              0.8746064528744864,
              0.11521291722214758
            ],
            [
              0.8027095919687809,
              0.10574186077517433
            ],
            [
              0.8062356579743262,
              0.074216534340997
            ],
            [
              0.8085240907961555,
              0.0425772798700573
            ],
            [
              0.8095713775154701,
              0.01087266602941253
            ],
            [
              0.8093759104673353,
              -0.02084863818226824
            ],
            [
              0.8079379897085676,
              -0.05253793814532213
            ],
            [
              0.8052598225571254,
              -0.0841465883690479
            ],
            [
              0.8013455202037078,
              -0.11562606716624102
            ],
            [
              0.7962010914007628,
              -0.14692805113768176
            ],
            [
              0.7898344332385953,
              -0.17800448935223528
            ],
            [
              0.7822553190227304,
              -0.20880767710869608
            ],
            [
              0.7734753832711454,
              -0.239290329166136
            ],
            [
              0.8427538030152508,
              -0.26072301626028405
            ]
          ]
        ]
      }
    },
    {
      "type": "Feature",
      "properties": {
        "cell_id": "CEG2000_f4_r0022_c0108",
        "method": "Regular Topology",
        "view": "annulus"
      },
      "geometry": {
        "type": "Polygon",
        "coordinates": [
          [
            [
              0.9242945518719075,
              -0.18924532241699882
            ],
            [
              0.9295981487128239,
              -0.16118775569656205
            ],
            [
              0.9340502417402499,
              -0.13298254239480017
            ],
            [
              0.937646752875721,
              -0.10465551824161352
            ],
            [
              0.940384387746339,
              -0.07623263054458465
            ],
            [
              0.9422606387023895,
              -0.04773991442146541
            ],
            [
              0.9432737871143269,
              -0.01920346895223907
            ],
            [
              0.9434229049470233,
              0.009350566727410692
            ],
            [
              0.9427078556098423,
              0.03789603736932053
            ],
            [
              0.9411292940817528,
              0.06640679557082796
            ],
            [
              0.9386886663113759,
              0.0948567257255613
            ],
            [
              0.9353882078925073,
              0.12321976794511277
            ],
            [
              0.8746064528744864,
              0.11521291722214758
            ],
            [
              0.877692446696335,
              0.08869291243797145
            ],
            [
              0.8799744818759805,
              0.06209166571793835
            ],
            [
              0.8814504680890599,
              0.03543354357251984
            ],
            [
              0.8821190533450483,
              0.008742964609584498
            ],
            [
              0.88197962522567,
              -0.01795562283283909
            ],
            [
              0.881032311445869,
              -0.04463776308102404
            ],
            [
              0.8792779797368229,
              -0.07127901552673023
            ],
            [
              0.8767182370511081,
              -0.09785497701458878
            ],
            [
              0.873355428090746,
              -0.1243413041951807
            ],
            [
              0.8691926331594764,
              -0.15071373582332998
            ],
            [
              0.8642336653412255,
              -0.1769481149811977
            ],
            [
              0.9242945518719075,
              -0.18924532241699882
            ]
          ]
        ]
      }
    },
    {
      "type": "Feature",
      "properties": {
        "cell_id": "CEG2000_f4_r0023_c0100",
        "method": "Regular Topology",
        "view": "annulus"
      },
      "geometry": {
        "type": "Polygon",
        "coordinates": [
          [
            [
              -0.9430408950604423,
              0.3326768255283194
            ],
            [
              -0.9495893208289036,
              0.31349660567173887
            ],
            [
              -0.9557476907109533,
              0.29418761309864805
            ],
            [
              -0.9615134750778663,
              0.2747577792232373
            ],
            [
              -0.9668843055604092,
              0.255215085096797
            ],
            [
              -0.9718579760216772,
              0.23556755812940178
            ],
            [
              -0.9764324434632944,
              0.21582326879254798
            ],
            [
              -0.9806058288646002,
              0.1959903273041055
            ],
            [
              -0.9843764179544815,
              0.17607688029694268
            ],
            [
              -0.9877426619155312,
              0.15609110747259353
            ],
            [
              -0.9907031780202444,
              0.13604121824133972
            ],
            [
              -0.993256750198992,
              0.11593544835009356
            ],
            [
              -0.9371071932620261,
              0.1093815295805085
            ],
            [
              -0.934697976454047,
              0.1283507050604467
            ],
            [
              -0.931904820568684,
              0.14726715885645722
            ],
            [
              -0.9287288729302284,
              0.166123120794643
            ],
            [
              -0.9251714380995514,
              0.18491084554890805
            ],
            [
              -0.9212339773382376,
              0.20362261582244592
            ],
            [
              -0.9169181080083554,
              0.22225074551771912
            ],
            [
              -0.9122256029081027,
              0.2407875828936212
            ],
            [
              -0.9071583895436091,
              0.25922551370852653
            ],
            [
              -0.9017185493371878,
              0.27755696434793653
            ],
            [
              -0.8959083167723642,
              0.29577440493543955
            ],
            [
              -0.8897300784760344,
              0.31387035242570105
            ],
            [
              -0.9430408950604423,
              0.3326768255283194
            ]
          ]
        ]
      }
    },
    {
      "type": "Feature",
      "properties": {
        "cell_id": "CEG2000_f4_r0023_c0101",
        "method": "Regular Topology",
        "view": "annulus"
      },
      "geometry": {
        "type": "Polygon",
        "coordinates": [
          [
            [
              -0.6598185334785629,
              0.585533915826169
            ],
            [
              -0.6897653330885998,
              0.5499402230912933
            ],
            [
              -0.7177943221106514,
              0.5128174868803119
            ],
            [
              -0.7438275692696333,
              0.4742689225523398
            ],
            [
              -0.7677926922136843,
              0.43440170981223264
            ],
            [
              -0.7896230587647001,
              0.39332669471014486
            ],
            [
              -0.8092579721811907,
              0.3511580814472532
            ],
            [
              -0.826642839918362,
              0.3080131148445369
            ],
            [
              -0.8417293254162017,
              0.2640117543574802
            ],
            [
              -0.8544754824935448,
              0.21927634054305195
            ],
            [
              -0.8648458719744473,
              0.17393125490631736
            ],
            [
              -0.8728116602226078,
              0.12810257407243444
            ],
            [
              -0.801062339913273,
              0.11757192577973267
            ],
            [
              -0.7937513778075449,
              0.15963326842330558
            ],
            [
              -0.7842334842664973,
              0.20125076972303152
            ],
            [
              -0.7725351226627186,
              0.2423087171592913
            ],
            [
              -0.7586888189012807,
              0.28269295398552624
            ],
            [
              -0.7427330709853222,
              0.32229119662751504
            ],
            [
              -0.7247122419769231,
              0.3609933468745162
            ],
            [
              -0.7046764366508793,
              0.398691797994268
            ],
            [
              -0.6826813621843278,
              0.4352817339207259
            ],
            [
              -0.6587881732695557,
              0.4706614206826865
            ],
            [
              -0.6330633020806425,
              0.5047324892630117
            ],
            [
              -0.6055782735666884,
              0.5374002091019989
            ],
            [
              -0.6598185334785629,
              0.585533915826169
            ]
          ]
        ]
      }
    },
    {
      "type": "Feature",
      "properties": {
        "cell_id": "CEG2000_f4_r0023_c0102",
        "method": "Regular Topology",
        "view": "annulus"
      },
      "geometry": {
        "type": "Polygon",
        "coordinates": [
          [
            [
              -0.653813869080497,
              0.4775473324780213
            ],
            [
              -0.6717372567196478,
              0.45198792914595076
            ],
            [
              -0.6886620101382503,
              0.4257565806317354
            ],
            [
              -0.7045629682517152,
              0.3988922836145312
            ],
            [
              -0.7194164919946894,
              0.37143497574264345
            ],
            [
              -0.733200499463933,
              0.34342547626045805
            ],
            [
              -0.7458944987462502,
              0.31490542532475224
            ],
            [
              -0.7574796183826712,
              0.28591722210060366
            ],
            [
              -0.7679386354235939,
              0.25650396172892065
            ],
            [
              -0.7772560010331814,
              0.22670937125930685
            ],
            [
              -0.7854178636049461,
              0.19657774464350072
            ],
            [
              -0.7924120893541589,
              0.1661538768860348
            ],
            [
              -0.7005539059639426,
              0.1468929475046667
            ],
            [
              -0.6943704665217224,
              0.17379001240103198
            ],
            [
              -0.6871547453314376,
              0.200428713403126
            ],
            [
              -0.6789174696023272,
              0.2267694482436254
            ],
            [
              -0.669670885231645,
              0.25277305762483915
            ],
            [
              -0.6594287385993681,
              0.2784008834346462
            ],
            [
              -0.6482062561322229,
              0.3036148262173509
            ],
            [
              -0.636020121667408,
              0.32837740181401165
            ],
            [
              -0.6228884516496654,
              0.352651797088045
            ],
            [
              -0.6088307681985764,
              0.3764019246532575
            ],
            [
              -0.5938679700861168,
              0.399592476522945
            ],
            [
              -0.5780223016676216,
              0.42218897660030197
            ],
            [
              -0.653813869080497,
              0.4775473324780213
            ]
          ]
        ]
      }
    },
    {
      "type": "Feature",
      "properties": {
        "cell_id": "CEG2000_f4_r0023_c0103",
        "method": "Regular Topology",
        "view": "annulus"
      },
      "geometry": {
        "type": "Polygon",
        "coordinates": [
          [
            [
              -0.42639534184426353,
              0.574926365408179
            ],
            [
              -0.4569317977562231,
              0.5509688243332932
            ],
            [
              -0.48612476700873436,
              0.5253913056842956
            ],
            [
              -0.5138884154249401,
              0.4982690133652598
            ],
            [
              -0.5401411113664903,
              0.4696816932771788
            ],
            [
              -0.5648056657497077,
              0.43971339884631067
            ],
            [
              -0.587809558999597,
              0.40845224388739093
            ],
            [
              -0.6090851542744052,
              0.37599014352835003
            ],
            [
              -0.6285698963338019,
              0.34242254395827804
            ],
            [
              -0.646206495465956,
              0.3078481417932429
            ],
            [
              -0.6619430959327285,
              0.2723685938850879
            ],
            [
              -0.6757334284377033,
              0.2360882184264446
            ],
            [
              -0.45313944336567685,
              0.15831817604509132
            ],
            [
              -0.4438917972789952,
              0.18264739885479728
            ],
            [
              -0.4333390051928202,
              0.20643959547164617
            ],
            [
              -0.42151209479105844,
              0.22962481125708897
            ],
            [
              -0.40844583996431105,
              0.2521348762385886
            ],
            [
              -0.39417865856647843,
              0.2739036055453298
            ],
            [
              -0.3787524994572592,
              0.2948669940072623
            ],
            [
              -0.3622127191626634,
              0.3149634043453136
            ],
            [
              -0.3446079485161876,
              0.3341337483994465
            ],
            [
              -0.3259899496727582,
              0.35232166086170824
            ],
            [
              -0.30641346391585467,
              0.36947366500345763
            ],
            [
              -0.28593605070529665,
              0.38553932990948925
            ],
            [
              -0.42639534184426353,
              0.574926365408179
            ]
          ]
        ]
      }
    },
    {
      "type": "Feature",
      "properties": {
        "cell_id": "CEG2000_f4_r0023_c0104",
        "method": "Regular Topology",
        "view": "annulus"
      },
      "geometry": {
        "type": "Polygon",
        "coordinates": [
          [
            [
              -0.04272617697399774,
              0.7145122721053375
            ],
            [
              -0.05658576870041199,
              0.7135484314106006
            ],
            [
              -0.07042404304600555,
              0.7123157778324158
            ],
            [
              -0.08423578676068183,
              0.7108147757445354
            ],
            [
              -0.09801579658914693,
              0.7090459906148121
            ],
            [
              -0.11175888123111473,
              0.707010088792172
            ],
            [
              -0.12545986329701048,
              0.7047078372555826
            ],
            [
              -0.1391135812584315,
              0.702140103325112
            ],
            [
              -0.15271489139263494,
              0.6993078543351855
            ],
            [
              -0.16625866972031522,
              0.6962121572701646
            ],
            [
              -0.17973981393594596,
              0.6928541783623858
            ],
            [
              -0.19315324532995518,
              0.6892351826528094
            ],
            [
              -0.12952645287276768,
              0.4621935720087404
            ],
            [
              -0.12053155254712054,
              0.46462043093323036
            ],
            [
              -0.11149124474419442,
              0.46687225484643025
            ],
            [
              -0.10240893519105831,
              0.468948195425714
            ],
            [
              -0.0932880454379697,
              0.47084747060843735
            ],
            [
              -0.0841320115693853,
              0.4725693648865622
            ],
            [
              -0.07494428290949483,
              0.47411322957620744
            ],
            [
              -0.06572832072276873,
              0.47547848306202545
            ],
            [
              -0.05648759691000577,
              0.4766646110163127
            ],
            [
              -0.047225592700375664,
              0.4776711665927704
            ],
            [
              -0.03794579733994557,
              0.4784977705948438
            ],
            [
              -0.02865170677718757,
              0.4791441116185756
            ],
            [
              -0.04272617697399774,
              0.7145122721053375
            ]
          ]
        ]
      }
    },
    {
      "type": "Feature",
      "properties": {
        "cell_id": "CEG2000_f4_r0023_c0105",
        "method": "Regular Topology",
        "view": "annulus"
      },
      "geometry": {
        "type": "Polygon",
        "coordinates": [
          [
            [
              0.6046013100833256,
              0.38315867344152804
            ],
            [
              0.5984208643441847,
              0.3927413682125987
            ],
            [
              0.592088550277951,
              0.4022243923703527
            ],
            [
              0.5856059749107179,
              0.4116053392958028
            ],
            [
              0.5789747834021628,
              0.4208818282753056
            ],
            [
              0.5721966586280364,
              0.4300515051047441
            ],
            [
              0.5652733207530778,
              0.4391120426869813
            ],
            [
              0.5582065267944696,
              0.44806114162243565
            ],
            [
              0.5509980701759382,
              0.45689653079262615
            ],
            [
              0.5436497802726152,
              0.4656159679365415
            ],
            [
              0.5361635219467761,
              0.4742172402196849
            ],
            [
              0.5285411950745709,
              0.48269816479565125
            ],
            [
              0.35443394222134555,
              0.32369210772188417
            ],
            [
              0.35954539121981804,
              0.31800489249787967
            ],
            [
              0.3645655941399333,
              0.31223697341826356
            ],
            [
              0.36949327694553297,
              0.30638981427595086
            ],
            [
              0.3743271890803802,
              0.3004648989735427
            ],
            [
              0.3790661037855284,
              0.29446373114673896
            ],
            [
              0.3837088184106499,
              0.2883878337827428
            ],
            [
              0.3882541547192472,
              0.28223874883375394
            ],
            [
              0.3927009591876676,
              0.27601803682564985
            ],
            [
              0.39704810329784673,
              0.26972727646195227
            ],
            [
              0.4012944838237057,
              0.263368064223181
            ],
            [
              0.4054390231111301,
              0.25694201396169614
            ],
            [
              0.6046013100833256,
              0.38315867344152804
            ]
          ]
        ]
      }
    },
    {
      "type": "Feature",
      "properties": {
        "cell_id": "CEG2000_f4_r0023_c0106",
        "method": "Regular Topology",
        "view": "annulus"
      },
      "geometry": {
        "type": "Polygon",
        "coordinates": [
          [
            [
              0.6546379271097488,
              0.28948661035943696
            ],
            [
              0.6506702658225054,
              0.2982977009003177
            ],
            [
              0.646584018277534,
              0.30705442595087745
            ],
            [
              0.6423799292035087,
              0.31575518957641907
            ],
            [
              0.6380587648060129,
              0.3243984060413528
            ],
            [
              0.6336213126278954,
              0.3329825000982004
            ],
            [
              0.6290683814057397,
              0.3415059072746884
            ],
            [
              0.6244008009224691,
              0.3499670741588763
            ],
            [
              0.6196194218561171,
              0.35836445868227024
            ],
            [
              0.6147251156247888,
              0.3666965304008687
            ],
            [
              0.6097187742278437,
              0.3749617707740896
            ],
            [
              0.6046013100833256,
              0.38315867344152804
            ],
            [
              0.4054390231111301,
              0.25694201396169614
            ],
            [
              0.4088707385721398,
              0.25144526072183765
            ],
            [
              0.41222793633451066,
              0.24590268096421927
            ],
            [
              0.41551000454068593,
              0.24031528483764644
            ],
            [
              0.41871634502565547,
              0.23468409065881782
            ],
            [
              0.42184637342597275,
              0.2290101247267351
            ],
            [
              0.42489951928625636,
              0.22329442113565717
            ],
            [
              0.4278752261631573,
              0.21753802158663418
            ],
            [
              0.43077295172677194,
              0.21174197519765464
            ],
            [
              0.4335921678594827,
              0.20590733831244135
            ],
            [
              0.4363323607522092,
              0.20003517430793
            ],
            [
              0.4389930309980512,
              0.1941265534004661
            ],
            [
              0.6546379271097488,
              0.28948661035943696
            ]
          ]
        ]
      }
    },
    {
      "type": "Feature",
      "properties": {
        "cell_id": "CEG2000_f4_r0023_c0107",
        "method": "Regular Topology",
        "view": "annulus"
      },
      "geometry": {
        "type": "Polygon",
        "coordinates": [
          [
            [
              0.7096576990222072,
              0.0934840275472321
            ],
            [
              0.706993855194818,
              0.11186153004815311
            ],
            [
              0.7038541839668242,
              0.13016374649010856
            ],
            [
              0.70024079842816,
              0.1483783589498083
            ],
            [
              0.6961561304922512,
              0.16649310846398696
            ],
            [
              0.691602929259266,
              0.1844958032800421
            ],
            [
              0.6865842591658909,
              0.20237432706143804
            ],
            [
              0.6811034979228764,
              0.22011664704235223
            ],
            [
              0.6751643342417387,
              0.23771082212607614
            ],
            [
              0.6687707653521501,
              0.2551450109217202
            ],
            [
              0.6619270943116873,
              0.2724074797138139
            ],
            [
              0.6546379271097488,
              0.28948661035943696
            ],
            [
              0.4389930309980512,
              0.1941265534004661
            ],
            [
              0.44388106676701167,
              0.18267347526605973
            ],
            [
              0.4484703576846194,
              0.17109745257668077
            ],
            [
              0.45275781502478174,
              0.159406276331848
            ],
            [
              0.45674055320417095,
              0.14760781503276796
            ],
            [
              0.4604158917243057,
              0.13571000938660496
            ],
            [
              0.46378135697560424,
              0.12372086696215459
            ],
            [
              0.46683468390219574,
              0.11164845680051723
            ],
            [
              0.4695738175263686,
              0.0995009039843991
            ],
            [
              0.4719969143316302,
              0.08728638416969557
            ],
            [
              0.4741023435034468,
              0.07501311808303725
            ],
            [
              0.4758886880268294,
              0.06268936598900211
            ],
            [
              0.7096576990222072,
              0.0934840275472321
            ]
          ]
        ]
      }
    },
    {
      "type": "Feature",
      "properties": {
        "cell_id": "CEG2000_f4_r0023_c0108",
        "method": "Regular Topology",
        "view": "annulus"
      },
      "geometry": {
        "type": "Polygon",
        "coordinates": [
          [
            [
              0.8027095919687809,
              0.10574186077517453
            ],
            [
              0.7999387541773585,
              0.12498807832772918
            ],
            [
              0.7967065261468332,
              0.14416220501202237
            ],
            [
              0.7930147721680098,
              0.16325318153776555
            ],
            [
              0.788865621577968,
              0.18224999657418137
            ],
            [
              0.7842614675319002,
              0.20114169310114036
            ],
            [
              0.7792049656227812,
              0.21991737472897255
            ],
            [
              0.7736990323496716,
              0.2385662119833083
            ],
            [
              0.7677468434355328,
              0.2570774485513239
            ],
            [
              0.7613518319955275,
              0.2754404074857886
            ],
            [
              0.7545176865568608,
              0.2936444973633351
            ],
            [
              0.7472483489313051,
              0.3116792183934014
            ],
            [
              0.6606256474400739,
              0.275548665633366
            ],
            [
              0.6670523071740316,
              0.25960456983987507
            ],
            [
              0.6730942231736797,
              0.24351073881487403
            ],
            [
              0.6787479105708916,
              0.22727645518969672
            ],
            [
              0.6840101084207929,
              0.21091108260620253
            ],
            [
              0.6888777815826165,
              0.19442406031599643
            ],
            [
              0.6933481224703161,
              0.1778248977360392
            ],
            [
              0.6974185526719318,
              0.16112316896378737
            ],
            [
              0.7010867244367712,
              0.1443285072550263
            ],
            [
              0.7043505220295497,
              0.1274505994675823
            ],
            [
              0.7072080629507087,
              0.11049918047411772
            ],
            [
              0.7096576990222072,
              0.0934840275472321
            ],
            [
              0.8027095919687809,
              0.10574186077517453
            ]
          ]
        ]
      }
    },
    {
      "type": "Feature",
      "properties": {
        "cell_id": "CEG2000_f4_r0024_c0100",
        "method": "Regular Topology",
        "view": "annulus"
      },
      "geometry": {
        "type": "Polygon",
        "coordinates": [
          [
            [
              -0.7351593134309515,
              0.677894375161597
            ],
            [
              -0.759658864824675,
              0.6503217735039217
            ],
            [
              -0.7831249182754406,
              0.6218644244335613
            ],
            [
              -0.8055255487717808,
              0.5925610435017824
            ],
            [
              -0.8268302807849939,
              0.562451497266216
            ],
            [
              -0.847010129730379,
              0.5315767490533483
            ],
            [
              -0.8660376414000808,
              0.49997880322888205
            ],
            [
              -0.8838869293138895,
              0.467700648051789
            ],
            [
              -0.9005337099371865,
              0.43478619718979944
            ],
            [
              -0.9159553357181203,
              0.40128022997589297
            ],
            [
              -0.930130825899064,
              0.3672283304870758
            ],
            [
              -0.9430408950604423,
              0.3326768255283194
            ],
            [
              -0.8897300784760344,
              0.31387035242570105
            ],
            [
              -0.8775498253096561,
              0.3464686346205036
            ],
            [
              -0.8641756863330861,
              0.37859555442126314
            ],
            [
              -0.8496258567465138,
              0.4102074039124068
            ],
            [
              -0.8339201312494341,
              0.44126117591935343
            ],
            [
              -0.8170798771104273,
              0.4717146225187567
            ],
            [
              -0.7991280050974937,
              0.5015263125158081
            ],
            [
              -0.7800889383084959,
              0.5306556878103991
            ],
            [
              -0.7599885789441104,
              0.5590631185754572
            ],
            [
              -0.7388542730684948,
              0.586709957172392
            ],
            [
              -0.7167147734056151,
              0.613558590730292
            ],
            [
              -0.6936002002218422,
              0.6395724923173483
            ],
            [
              -0.7351593134309515,
              0.677894375161597
            ]
          ]
        ]
      }
    },
    {
      "type": "Feature",
      "properties": {
        "cell_id": "CEG2000_f4_r0024_c0101",
        "method": "Regular Topology",
        "view": "annulus"
      },
      "geometry": {
        "type": "Polygon",
        "coordinates": [
          [
            [
              -0.6996970745984018,
              0.632896685467101
            ],
            [
              -0.7417696471259638,
              0.5830197263210115
            ],
            [
              -0.7802940850317469,
              0.5303539870136481
            ],
            [
              -0.8150861129245324,
              0.47515138555452047
            ],
            [
              -0.8459793087901456,
              0.41767597462117867
            ],
            [
              -0.872825900044129,
              0.3582026785061222
            ],
            [
              -0.8954974703778964,
              0.2970159780611012
            ],
            [
              -0.9138855740172873,
              0.23440854992917215
            ],
            [
              -0.9279022544553127,
              0.17067986657351258
            ],
            [
              -0.9374804651778192,
              0.10613476379953782
            ],
            [
              -0.9425743903695992,
              0.041081982622341445
            ],
            [
              -0.9431596640669015,
              -0.02416730754580438
            ],
            [
              -0.8818729179218386,
              -0.022596909977928414
            ],
            [
              -0.8813256754528411,
              0.03841246532210549
            ],
            [
              -0.876562754768574,
              0.09923810083358774
            ],
            [
              -0.867606938526492,
              0.1595890470089239
            ],
            [
              -0.8545010654189005,
              0.2191766248998566
            ],
            [
              -0.8373078252610299,
              0.2777158070063231
            ],
            [
              -0.8161094591244862,
              0.3349265806592055
            ],
            [
              -0.7910073659504444,
              0.39053528741544996
            ],
            [
              -0.7621216175242832,
              0.4442759320587811
            ],
            [
              -0.7295903841317021,
              0.49589145494461184
            ],
            [
              -0.6935692736436038,
              0.5451349616030992
            ],
            [
              -0.6542305871911185,
              0.5917709037187389
            ],
            [
              -0.6996970745984018,
              0.632896685467101
            ]
          ]
        ]
      }
    },
    {
      "type": "Feature",
      "properties": {
        "cell_id": "CEG2000_f4_r0024_c0102",
        "method": "Regular Topology",
        "view": "annulus"
      },
      "geometry": {
        "type": "Polygon",
        "coordinates": [
          [
            [
              -0.5008703377277964,
              0.6361233645632947
            ],
            [
              -0.5164995246848817,
              0.6235000169680626
            ],
            [
              -0.5318106916614436,
              0.610492766864162
            ],
            [
              -0.5467944112392736,
              0.5971096230981202
            ],
            [
              -0.5614414576166415,
              0.5833588259623609
            ],
            [
              -0.575742812288823,
              0.5692488421214753
            ],
            [
              -0.5896896696009877,
              0.5547883593991146
            ],
            [
              -0.6032734421700331,
              0.5399862814287071
            ],
            [
              -0.6164857661720227,
              0.5248517221712979
            ],
            [
              -0.6293185064919739,
              0.5093940003038852
            ],
            [
              -0.6417637617328247,
              0.49362263348170865
            ],
            [
              -0.653813869080497,
              0.4775473324780213
            ],
            [
              -0.5780223016676216,
              0.42218897660030197
            ],
            [
              -0.5673690697405609,
              0.4364007927234732
            ],
            [
              -0.556366496348726,
              0.45034390739587926
            ],
            [
              -0.5450213560156326,
              0.46400973553884234
            ],
            [
              -0.5333406341907058,
              0.47738986280502543
            ],
            [
              -0.5213315229481873,
              0.4904760507593302
            ],
            [
              -0.5090014165588185,
              0.5032602419514792
            ],
            [
              -0.496357906937028,
              0.5157345648771642
            ],
            [
              -0.4834087789664248,
              0.5278913388247012
            ],
            [
              -0.4701620057064755,
              0.5397230786042129
            ],
            [
              -0.45662574348331986,
              0.5512224991564211
            ],
            [
              -0.44280832686774213,
              0.5623825200382175
            ],
            [
              -0.5008703377277964,
              0.6361233645632947
            ]
          ]
        ]
      }
    },
    {
      "type": "Feature",
      "properties": {
        "cell_id": "CEG2000_f4_r0024_c0103",
        "method": "Regular Topology",
        "view": "annulus"
      },
      "geometry": {
        "type": "Polygon",
        "coordinates": [
          [
            [
              -0.19315324532995518,
              0.6892351826528094
            ],
            [
              -0.21590678945841016,
              0.6824496841919607
            ],
            [
              -0.2384227610603063,
              0.674913253830687
            ],
            [
              -0.2606763847393961,
              0.6666341842623611
            ],
            [
              -0.2826431737733499,
              0.6576215853416562
            ],
            [
              -0.3042989570576635,
              0.6478853740605383
            ],
            [
              -0.3256199057022757,
              0.6374362636361273
            ],
            [
              -0.3465825592516315,
              0.6262857517224343
            ],
            [
              -0.36716385149933867,
              0.6144461077589448
            ],
            [
              -0.3873411358690141,
              0.6019303594699699
            ],
            [
              -0.4070922103333902,
              0.5887522785296208
            ],
            [
              -0.42639534184426353,
              0.574926365408179
            ],
            [
              -0.28593605070529665,
              0.38553932990948925
            ],
            [
              -0.2729915819252413,
              0.3948108359682574
            ],
            [
              -0.25974672750187233,
              0.4036479128548394
            ],
            [
              -0.24621606137951602,
              0.41204083671252584
            ],
            [
              -0.2324144719947278,
              0.4199803724073446
            ],
            [
              -0.21835714589383576,
              0.4274577836899196
            ],
            [
              -0.20405955102246046,
              0.43446484280838177
            ],
            [
              -0.18953741970539736,
              0.44099383956175625
            ],
            [
              -0.17480673133559035,
              0.44703758978386454
            ],
            [
              -0.15988369479124445,
              0.4525894432484039
            ],
            [
              -0.14478473060042488,
              0.4576432909865088
            ],
            [
              -0.12952645287276768,
              0.4621935720087404
            ],
            [
              -0.19315324532995518,
              0.6892351826528094
            ]
          ]
        ]
      }
    },
    {
      "type": "Feature",
      "properties": {
        "cell_id": "CEG2000_f4_r0024_c0104",
        "method": "Regular Topology",
        "view": "annulus"
      },
      "geometry": {
        "type": "Polygon",
        "coordinates": [
          [
            [
              0.08345325927260774,
              0.7109070731851838
            ],
            [
              0.07203089758330279,
              0.7121550835185333
            ],
            [
              0.06058997431511278,
              0.7132195792323983
            ],
            [
              0.04913343766953021,
              0.7141002860178111
            ],
            [
              0.0376642398714451,
              0.7147969769262119
            ],
            [
              0.026185336408388618,
              0.7153094724279309
            ],
            [
              0.014699685268936707,
              0.7156376404584511
            ],
            [
              0.003210246180467648,
              0.7157813964524407
            ],
            [
              -0.00828002015352685,
              0.7157407033655431
            ],
            [
              -0.019768152816382906,
              0.7155155716839245
            ],
            [
              -0.031251191441260484,
              0.7151060594215707
            ],
            [
              -0.04272617697399774,
              0.7145122721053375
            ],
            [
              -0.02865170677718757,
              0.4791441116185756
            ],
            [
              -0.02095670703600912,
              0.4795422988957354
            ],
            [
              -0.013256306979356744,
              0.47981691333806586
            ],
            [
              -0.005552490916573983,
              0.4799678841804119
            ],
            [
              0.0021527559627280003,
              0.4799951725192295
            ],
            [
              0.00985744810023229,
              0.4798987713226105
            ],
            [
              0.01755960008057258,
              0.4796787054320948
            ],
            [
              0.025257227142953764,
              0.47933503155626883
            ],
            [
              0.032948345692602764,
              0.4788678382561526
            ],
            [
              0.04063097381191944,
              0.47827724592237825
            ],
            [
              0.04830313177119523,
              0.47756340674416686
            ],
            [
              0.05596284253876791,
              0.4767265046701107
            ],
            [
              0.08345325927260774,
              0.7109070731851838
            ]
          ]
        ]
      }
    },
    {
      "type": "Feature",
      "properties": {
        "cell_id": "CEG2000_f4_r0024_c0105",
        "method": "Regular Topology",
        "view": "annulus"
      },
      "geometry": {
        "type": "Polygon",
        "coordinates": [
          [
            [
              0.23681285858261666,
              0.6754798170174109
            ],
            [
              0.2232357466534184,
              0.6800875786279559
            ],
            [
              0.20956906675380033,
              0.6844224714661891
            ],
            [
              0.19581830231013705,
              0.6884827562606932
            ],
            [
              0.18198897048570314,
              0.6922668039199187
            ],
            [
              0.16808661996704327,
              0.6957730961858184
            ],
            [
              0.15411682873769586,
              0.6990002262430113
            ],
            [
              0.14008520184016127,
              0.701946899283234
            ],
            [
              0.12599736912701337,
              0.7046119330248505
            ],
            [
              0.11185898300205718,
              0.7069942581872153
            ],
            [
              0.09767571615243695,
              0.7090929189196955
            ],
            [
              0.08345325927260774,
              0.7109070731851838
            ],
            [
              0.05596284253876791,
              0.4767265046701107
            ],
            [
              0.06550026650300546,
              0.4755099526697998
            ],
            [
              0.0750114100617946,
              0.4741026137457389
            ],
            [
              0.08449245709770037,
              0.4725050525587988
            ],
            [
              0.09393960356879295,
              0.4707179100919552
            ],
            [
              0.10334905903492853,
              0.4687419033931091
            ],
            [
              0.11271704817857173,
              0.4665778252873893
            ],
            [
              0.12203981231955109,
              0.4642265440590496
            ],
            [
              0.13131361092313906,
              0.4616890031030915
            ],
            [
              0.14053472310085116,
              0.458966220546749
            ],
            [
              0.14969944910336347,
              0.4560592888409899
            ],
            [
              0.15880411180494772,
              0.4529693743221959
            ],
            [
              0.23681285858261666,
              0.6754798170174109
            ]
          ]
        ]
      }
    },
    {
      "type": "Feature",
      "properties": {
        "cell_id": "CEG2000_f4_r0024_c0106",
        "method": "Regular Topology",
        "view": "annulus"
      },
      "geometry": {
        "type": "Polygon",
        "coordinates": [
          [
            [
              0.47569611350956126,
              0.534851868071753
            ],
            [
              0.47085048467484497,
              0.5391225595997712
            ],
            [
              0.4659665163280803,
              0.5433493524878982
            ],
            [
              0.4610446061516936,
              0.5475319025649327
            ],
            [
              0.45608515491756624,
              0.5516698692621927
            ],
            [
              0.4510885664544008,
              0.5557629156412461
            ],
            [
              0.446055247614839,
              0.5598107084213465
            ],
            [
              0.4409856082423335,
              0.5638129180065711
            ],
            [
              0.4358800611377758,
              0.5677692185126578
            ],
            [
              0.43073902202588327,
              0.5716792877935416
            ],
            [
              0.4255629095213487,
              0.575542807467585
            ],
            [
              0.4203521450947539,
              0.579359462943503
            ],
            [
              0.281883549088567,
              0.38851211661058066
            ],
            [
              0.28537783069786365,
              0.385952709209537
            ],
            [
              0.28884887510738133,
              0.38336187519000947
            ],
            [
              0.2922963996835596,
              0.3807398255134716
            ],
            [
              0.2957201237079658,
              0.3780867736831657
            ],
            [
              0.2991197684001532,
              0.3754029357267184
            ],
            [
              0.30249505694036083,
              0.3726885301785498
            ],
            [
              0.30584571449205383,
              0.36994377806207945
            ],
            [
              0.3091714682243022,
              0.36716890287172915
            ],
            [
              0.3124720473339967,
              0.36436413055472483
            ],
            [
              0.31574718306789884,
              0.3615296894926982
            ],
            [
              0.31899660874452485,
              0.35866581048309093
            ],
            [
              0.47569611350956126,
              0.534851868071753
            ]
          ]
        ]
      }
    },
    {
      "type": "Feature",
      "properties": {
        "cell_id": "CEG2000_f4_r0024_c0107",
        "method": "Regular Topology",
        "view": "annulus"
      },
      "geometry": {
        "type": "Polygon",
        "coordinates": [
          [
            [
              0.5285411950745709,
              0.48269816479565125
            ],
            [
              0.5239639655016322,
              0.4876628712991688
            ],
            [
              0.5193401032417568,
              0.4925841759057904
            ],
            [
              0.5146700198177505,
              0.4974616406204016
            ],
            [
              0.5099541308660933,
              0.5022948313496293
            ],
            [
              0.5051928560999481,
              0.5070833179404765
            ],
            [
              0.5003866192718058,
              0.5118266742186052
            ],
            [
              0.49553584813577173,
              0.5165244780262661
            ],
            [
              0.49064097440949583,
              0.5211763112598707
            ],
            [
              0.4857024337357496,
              0.5257817599072023
            ],
            [
              0.480720665643654,
              0.5303404140842629
            ],
            [
              0.47569611350956126,
              0.534851868071753
            ],
            [
              0.31899660874452485,
              0.35866581048309093
            ],
            [
              0.3223660184279686,
              0.3556404788025382
            ],
            [
              0.3257067376009837,
              0.3525834951913148
            ],
            [
              0.32901846894023984,
              0.34949513172034374
            ],
            [
              0.3323009177023176,
              0.3463756632533491
            ],
            [
              0.33555379174994127,
              0.3432253674223935
            ],
            [
              0.33877680157797857,
              0.3400445246031686
            ],
            [
              0.3419696603392068,
              0.3368334178900418
            ],
            [
              0.3451320838698421,
              0.33359233307086106
            ],
            [
              0.34826379071482993,
              0.3303215586015195
            ],
            [
              0.35136450215289466,
              0.3270213855802835
            ],
            [
              0.35443394222134555,
              0.32369210772188417
            ],
            [
              0.5285411950745709,
              0.48269816479565125
            ]
          ]
        ]
      }
    },
    {
      "type": "Feature",
      "properties": {
        "cell_id": "CEG2000_f4_r0024_c0108",
        "method": "Regular Topology",
        "view": "annulus"
      },
      "geometry": {
        "type": "Polygon",
        "coordinates": [
          [
            [
              0.7472483489313051,
              0.3116792183934014
            ],
            [
              0.7413066288200032,
              0.3255587692359169
            ],
            [
              0.7351071334778824,
              0.33932511323038556
            ],
            [
              0.7286520186611175,
              0.352973463393442
            ],
            [
              0.7219435290126772,
              0.36649907377182384
            ],
            [
              0.7149839972817915,
              0.37989724109268586
            ],
            [
              0.7077758435127828,
              0.39316330639907365
            ],
            [
              0.700321574203542,
              0.406292656669987
            ],
            [
              0.6926237814339413,
              0.4192807264244695
            ],
            [
              0.6846851419644885,
              0.43212299930916814
            ],
            [
              0.6765084163055336,
              0.4448150096688082
            ],
            [
              0.6680964477573551,
              0.45735234409904
            ],
            [
              0.5906492118495009,
              0.4043350364852255
            ],
            [
              0.5980860461714953,
              0.3932510579297827
            ],
            [
              0.6053149074866288,
              0.38203033382494545
            ],
            [
              0.6123332820963567,
              0.3706767659633508
            ],
            [
              0.6191387294948688,
              0.35919430233151656
            ],
            [
              0.6257288832177278,
              0.3475869357370044
            ],
            [
              0.6321014516647633,
              0.3358587024199972
            ],
            [
              0.6382542188969312,
              0.32401368064977365
            ],
            [
              0.6441850454068648,
              0.3120559893065678
            ],
            [
              0.6498918688628472,
              0.29998978644930746
            ],
            [
              0.6553727048259479,
              0.28781926786972795
            ],
            [
              0.6606256474400739,
              0.275548665633366
            ],
            [
              0.7472483489313051,
              0.3116792183934014
            ]
          ]
        ]
      }
    },
    {
      "type": "Feature",
      "properties": {
        "cell_id": "CEG2000_f4_r0024_c0109",
        "method": "Regular Topology",
        "view": "annulus"
      },
      "geometry": {
        "type": "Polygon",
        "coordinates": [
          [
            [
              0.8166504705720906,
              0.33360526467505197
            ],
            [
              0.8142494042696895,
              0.3394235869101973
            ],
            [
              0.8118068852642988,
              0.34522462939658005
            ],
            [
              0.8093230379023588,
              0.3510080968083579
            ],
            [
              0.8067979886342992,
              0.3567736947144196
            ],
            [
              0.804231866008101,
              0.36252112959337457
            ],
            [
              0.801624800662754,
              0.36825010884849513
            ],
            [
              0.7989769253216037,
              0.37396034082261326
            ],
            [
              0.7962883747855964,
              0.3796515348129678
            ],
            [
              0.7935592859264157,
              0.3853234010860042
            ],
            [
              0.7907897976795147,
              0.39097565089212477
            ],
            [
              0.7879800510370429,
              0.3966079964803883
            ],
            [
              0.7232042973941515,
              0.3640049098425938
            ],
            [
              0.7257830693360935,
              0.3588355701765955
            ],
            [
              0.7283248923163902,
              0.35364796251526975
            ],
            [
              0.7308296369331257,
              0.348442350955045
            ],
            [
              0.7332971756720099,
              0.3432190005089121
            ],
            [
              0.7357273829128704,
              0.33797817709293254
            ],
            [
              0.7381201349360479,
              0.33272014751270096
            ],
            [
              0.7404753099286945,
              0.3274451794497622
            ],
            [
              0.7427927879909746,
              0.32215354144798425
            ],
            [
              0.7450724511421699,
              0.3168455028998864
            ],
            [
              0.7473141833266848,
              0.311521334032925
            ],
            [
              0.749517870419955,
              0.3061813058957365
            ],
            [
              0.8166504705720906,
              0.33360526467505197
            ]
          ]
        ]
      }
    },
    {
      "type": "Feature",
      "properties": {
        "cell_id": "CEG2000_f4_r0024_c0110",
        "method": "Regular Topology",
        "view": "annulus"
      },
      "geometry": {
        "type": "Polygon",
        "coordinates": [
          [
            [
              0.8746064528744864,
              0.11521291722214778
            ],
            [
              0.8716781929602985,
              0.13560085406072134
            ],
            [
              0.8682747362898724,
              0.15591486787757286
            ],
            [
              0.8643979382630366,
              0.17614388445569212
            ],
            [
              0.8600499123224143,
              0.19627687591444906
            ],
            [
              0.8552330288012775,
              0.21630286672146043
            ],
            [
              0.8499499136313551,
              0.23621093967591889
            ],
            [
              0.8442034469113027,
              0.25599024186012226
            ],
            [
              0.8379967613366118,
              0.27562999055595916
            ],
            [
              0.8313332404918162,
              0.29511947912312475
            ],
            [
              0.8242165170059254,
              0.31444808283586284
            ],
            [
              0.8166504705720906,
              0.33360526467505197
            ],
            [
              0.749517870419955,
              0.3061813058957365
            ],
            [
              0.7564619514129087,
              0.2885989366291172
            ],
            [
              0.7629936459673439,
              0.27085923719220395
            ],
            [
              0.7691093933195635,
              0.25297187841041957
            ],
            [
              0.7748058594601507,
              0.2349466116059142
            ],
            [
              0.7800799389515095,
              0.21679326328161638
            ],
            [
              0.7849287566207991,
              0.19852172976429922
            ],
            [
              0.7893496691273385,
              0.18014197180958225
            ],
            [
              0.7933402664036284,
              0.16166400917180945
            ],
            [
              0.7968983729692033,
              0.14309791514176448
            ],
            [
              0.8000220491165976,
              0.12445381105519977
            ],
            [
              0.8027095919687809,
              0.10574186077517453
            ],
            [
              0.8746064528744864,
              0.11521291722214778
            ]
          ]
        ]
      }
    },
    {
      "type": "Feature",
      "properties": {
        "cell_id": "CEG2000_f4_r0024_c0111",
        "method": "Regular Topology",
        "view": "annulus"
      },
      "geometry": {
        "type": "Polygon",
        "coordinates": [
          [
            [
              0.9914347667225613,
              0.1306028458104211
            ],
            [
              0.9881330118357496,
              0.15360062148445336
            ],
            [
              0.9842978634692158,
              0.1765154836549393
            ],
            [
              0.9799313918332531,
              0.19933506289597763
            ],
            [
              0.9750359539460689,
              0.22204704121532307
            ],
            [
              0.9696141923614673,
              0.24463915870362932
            ],
            [
              0.9636690337424006,
              0.26709922015233933
            ],
            [
              0.9572036872811593,
              0.2894151016366502
            ],
            [
              0.9502216429670516,
              0.31157475705999854
            ],
            [
              0.9427266697025104,
              0.3335662246565349
            ],
            [
              0.9347228132686421,
              0.3553776334480761
            ],
            [
              0.9262143941413175,
              0.3769972096520508
            ],
            [
              0.8738547924076709,
              0.35568527164186947
            ],
            [
              0.8818822241526924,
              0.33528786646746483
            ],
            [
              0.8894336165157564,
              0.31470947314707015
            ],
            [
              0.8965048932607682,
              0.293961199882404
            ],
            [
              0.9030922373176938,
              0.273054246576255
            ],
            [
              0.9091920928430115,
              0.25199989878678275
            ],
            [
              0.9148011671391538,
              0.23080952163558133
            ],
            [
              0.9199164324319032,
              0.20949455367279515
            ],
            [
              0.9245351275047821,
              0.18806650070259812
            ],
            [
              0.9286547591895559,
              0.16653692957236854
            ],
            [
              0.9322731037120431,
              0.14491746192891367
            ],
            [
              0.9353882078925073,
              0.12321976794511301
            ],
            [
              0.9914347667225613,
              0.1306028458104211
            ]
          ]
        ]
      }
    },
    {
      "type": "Feature",
      "properties": {
        "cell_id": "CEG2000_f4_r0025_c0101",
        "method": "Regular Topology",
        "view": "annulus"
      },
      "geometry": {
        "type": "Polygon",
        "coordinates": [
          [
            [
              -0.5732381382010134,
              0.7493545539920604
            ],
            [
              -0.5855889546669099,
              0.7397430546135055
            ],
            [
              -0.5977786442533293,
              0.7299280123076902
            ],
            [
              -0.6098038529239144,
              0.7199121277183439
            ],
            [
              -0.6216612718998141,
              0.709698156751664
            ],
            [
              -0.633347638570109,
              0.699288909818017
            ],
            [
              -0.6448597373895273,
              0.6886872510586456
            ],
            [
              -0.6561944007632163,
              0.6778960975575886
            ],
            [
              -0.6673485099183145,
              0.6669184185390363
            ],
            [
              -0.6783189957620961,
              0.6557572345503367
            ],
            [
              -0.6891028397264404,
              0.644415616630882
            ],
            [
              -0.6996970745984018,
              0.632896685467101
            ],
            [
              -0.6542305871911185,
              0.5917709037187389
            ],
            [
              -0.6443247682978462,
              0.6025413319121397
            ],
            [
              -0.6342416611574891,
              0.6131459687192905
            ],
            [
              -0.6239840401727672,
              0.6235818962367324
            ],
            [
              -0.6135547277645051,
              0.6338462429819652
            ],
            [
              -0.6029565935950314,
              0.6439361846835482
            ],
            [
              -0.5921925537785822,
              0.6538489450582066
            ],
            [
              -0.5812655700789204,
              0.6635817965747374
            ],
            [
              -0.570178649094398,
              0.673132061204498
            ],
            [
              -0.5589348414306771,
              0.6824971111582762
            ],
            [
              -0.5475372408613477,
              0.691674369609335
            ],
            [
              -0.5359889834766635,
              0.700661311402436
            ],
            [
              -0.5732381382010134,
              0.7493545539920604
            ]
          ]
        ]
      }
    },
    {
      "type": "Feature",
      "properties": {
        "cell_id": "CEG2000_f4_r0025_c0102",
        "method": "Regular Topology",
        "view": "annulus"
      },
      "geometry": {
        "type": "Polygon",
        "coordinates": [
          [
            [
              -0.3465310512378329,
              0.7317378360361623
            ],
            [
              -0.36140609272605023,
              0.7245064984521343
            ],
            [
              -0.3761303145313474,
              0.7169728144423837
            ],
            [
              -0.39069757203549954,
              0.709139927915816
            ],
            [
              -0.40510178612362174,
              0.7010111076426211
            ],
            [
              -0.41933694572106633,
              0.6925897458901703
            ],
            [
              -0.4333971103019262,
              0.6838793570073768
            ],
            [
              -0.44727641236809745,
              0.6748835759581105
            ],
            [
              -0.4609690598978655,
              0.6656061568042779
            ],
            [
              -0.47446933876299535,
              0.6560509711392012
            ],
            [
              -0.48777161511331474,
              0.6462220064719488
            ],
            [
              -0.5008703377277964,
              0.6361233645632947
            ],
            [
              -0.44280832686774213,
              0.5623825200382175
            ],
            [
              -0.43122803750316113,
              0.5713105047687445
            ],
            [
              -0.41946779080750146,
              0.5800000738474259
            ],
            [
              -0.4075324944918213,
              0.5884476009987796
            ],
            [
              -0.395427129317768,
              0.5966495609547152
            ],
            [
              -0.3831567470190396,
              0.604602530925676
            ],
            [
              -0.3707264681932266,
              0.6123031920290158
            ],
            [
              -0.3581414801649169,
              0.6197483306740146
            ],
            [
              -0.34540703482095547,
              0.6269348399029524
            ],
            [
              -0.3325284464187595,
              0.6338597206876861
            ],
            [
              -0.31951108936860706,
              0.6405200831811843
            ],
            [
              -0.30636039599082227,
              0.6469131479234997
            ],
            [
              -0.3465310512378329,
              0.7317378360361623
            ]
          ]
        ]
      }
    },
    {
      "type": "Feature",
      "properties": {
        "cell_id": "CEG2000_f4_r0025_c0103",
        "method": "Regular Topology",
        "view": "annulus"
      },
      "geometry": {
        "type": "Polygon",
        "coordinates": [
          [
            [
              -0.13869135111814646,
              0.7976770896070076
            ],
            [
              -0.15823670152485977,
              0.7940309669335419
            ],
            [
              -0.1776866270070933,
              0.7899060024722722
            ],
            [
              -0.19702939825266824,
              0.7853046837903582
            ],
            [
              -0.21625335056895947,
              0.7802297857212206
            ],
            [
              -0.2353468909173081,
              0.774684368691172
            ],
            [
              -0.25429850490422523,
              0.768671776873822
            ],
            [
              -0.2730967637251661,
              0.7621956361733672
            ],
            [
              -0.2917303310566925,
              0.7552598520379828
            ],
            [
              -0.3101879698928613,
              0.747868607104636
            ],
            [
              -0.32845854932172197,
              0.7400263586767386
            ],
            [
              -0.3465310512378329,
              0.7317378360361623
            ],
            [
              -0.30636039599082227,
              0.6469131479234997
            ],
            [
              -0.2903828989561782,
              0.6542408464638625
            ],
            [
              -0.2742302859975029,
              0.6611740038973651
            ],
            [
              -0.2579122979767893,
              0.6677084391710779
            ],
            [
              -0.24143877548575535,
              0.6738402116821793
            ],
            [
              -0.2248196529114587,
              0.6795656236543433
            ],
            [
              -0.20806495244534573,
              0.68488122236769
            ],
            [
              -0.1911847780393524,
              0.6897838022409549
            ],
            [
              -0.17418930931269683,
              0.6942704067646199
            ],
            [
              -0.157088795413043,
              0.6983383302838421
            ],
            [
              -0.1398935488357329,
              0.7019851196301028
            ],
            [
              -0.12261393920481858,
              0.7052085756005966
            ],
            [
              -0.13869135111814646,
              0.7976770896070076
            ]
          ]
        ]
      }
    },
    {
      "type": "Feature",
      "properties": {
        "cell_id": "CEG2000_f4_r0025_c0104",
        "method": "Regular Topology",
        "view": "annulus"
      },
      "geometry": {
        "type": "Polygon",
        "coordinates": [
          [
            [
              0.07262552875808376,
              0.8063805322126097
            ],
            [
              0.05340247735330657,
              0.807881306610948
            ],
            [
              0.03414913893101919,
              0.8089238941143679
            ],
            [
              0.014876432950895347,
              0.809507703423223
            ],
            [
              -0.004404710143153035,
              0.809632403432223
            ],
            [
              -0.02368335512213551,
              0.8092979234182193
            ],
            [
              -0.042948568173858545,
              0.8085044530803145
            ],
            [
              -0.06218942310399646,
              0.8072524424322761
            ],
            [
              -0.08139500753284197,
              0.805542601547312
            ],
            [
              -0.10055442908422266,
              0.8033759001553563
            ],
            [
              -0.11965682156307082,
              0.8007535670930892
            ],
            [
              -0.13869135111814646,
              0.7976770896070076
            ],
            [
              -0.12261393920481858,
              0.7052085756005966
            ],
            [
              -0.10578593492883315,
              0.7079284209291064
            ],
            [
              -0.08889793455112528,
              0.7102467672721144
            ],
            [
              -0.07195951603864538,
              0.7121622997880674
            ],
            [
              -0.054980285952802035,
              0.7136739320897839
            ],
            [
              -0.03796987400113719,
              0.7147808068605949
            ],
            [
              -0.02093792757587249,
              0.7154822963405684
            ],
            [
              -0.0038941062824266463,
              0.7157780026825401
            ],
            [
              0.013151923538993911,
              0.7156677581777523
            ],
            [
              0.030190494295624756,
              0.7151516253509679
            ],
            [
              0.047211942625082,
              0.7142298969250106
            ],
            [
              0.06420661487590314,
              0.712903095654748
            ],
            [
              0.07262552875808376,
              0.8063805322126097
            ]
          ]
        ]
      }
    },
    {
      "type": "Feature",
      "properties": {
        "cell_id": "CEG2000_f4_r0025_c0105",
        "method": "Regular Topology",
        "view": "annulus"
      },
      "geometry": {
        "type": "Polygon",
        "coordinates": [
          [
            [
              0.3211764947415586,
              0.6396866204740184
            ],
            [
              0.3137043941356552,
              0.6433839182695872
            ],
            [
              0.30618973856647497,
              0.646993939063218
            ],
            [
              0.2986335474200951,
              0.6505161931445174
            ],
            [
              0.29103684571702154,
              0.6539502027089156
            ],
            [
              0.28340066397314134,
              0.6572955019224822
            ],
            [
              0.2757260380599301,
              0.6605516369851181
            ],
            [
              0.2680140090639332,
              0.6637181661921144
            ],
            [
              0.26026562314553847,
              0.6667946599940718
            ],
            [
              0.2524819313970622,
              0.6697807010551695
            ],
            [
              0.24466398970016465,
              0.6726758843097789
            ],
            [
              0.23681285858261666,
              0.6754798170174109
            ],
            [
              0.15880411180494772,
              0.4529693743221959
            ],
            [
              0.16406899442681525,
              0.45108908772854794
            ],
            [
              0.16931162058634686,
              0.4491476095165429
            ],
            [
              0.17453127910522345,
              0.44714520305365524
            ],
            [
              0.17972726192075691,
              0.44508213997246354
            ],
            [
              0.18489886418194088,
              0.44295870013380273
            ],
            [
              0.19004538434506604,
              0.44077517158880003
            ],
            [
              0.1951661242688865,
              0.43853185053980004
            ],
            [
              0.20026038930932502,
              0.4362290413001839
            ],
            [
              0.20532748841370338,
              0.4338670562530883
            ],
            [
              0.21036673421448598,
              0.4314462158090297
            ],
            [
              0.2153774431225233,
              0.42896684836243953
            ],
            [
              0.3211764947415586,
              0.6396866204740184
            ]
          ]
        ]
      }
    },
    {
      "type": "Feature",
      "properties": {
        "cell_id": "CEG2000_f4_r0025_c0106",
        "method": "Regular Topology",
        "view": "annulus"
      },
      "geometry": {
        "type": "Polygon",
        "coordinates": [
          [
            [
              0.4203521450947539,
              0.579359462943503
            ],
            [
              0.4117557108114992,
              0.5855002543142593
            ],
            [
              0.4030695821110917,
              0.5915135037889966
            ],
            [
              0.3942956511281894,
              0.5973979014771833
            ],
            [
              0.3854358291237779,
              0.6031521655565958
            ],
            [
              0.3764920460688326,
              0.608775042552542
            ],
            [
              0.36746625022390467,
              0.6142653076109117
            ],
            [
              0.3583604077147248,
              0.6196217647649906
            ],
            [
              0.349176502103913,
              0.6248432471959838
            ],
            [
              0.3399165339588914,
              0.6299286174871873
            ],
            [
              0.3305825204160926,
              0.6348767678717572
            ],
            [
              0.3211764947415586,
              0.6396866204740184
            ],
            [
              0.2153774431225233,
              0.42896684836243953
            ],
            [
              0.2216850210209497,
              0.4257414138358413
            ],
            [
              0.22794430837177743,
              0.4224232383296544
            ],
            [
              0.23415394168904616,
              0.41901304465551276
            ],
            [
              0.24031256830313538,
              0.41551157566974095
            ],
            [
              0.24641884665542155,
              0.4119195941115351
            ],
            [
              0.2524714465905155,
              0.40823788243681214
            ],
            [
              0.2584690496460153,
              0.40446724264776457
            ],
            [
              0.26441034933971264,
              0.4006084961181566
            ],
            [
              0.2702940514541889,
              0.3966624834144014
            ],
            [
              0.2761188743187398,
              0.3926300641124568
            ],
            [
              0.281883549088567,
              0.38851211661058066
            ],
            [
              0.4203521450947539,
              0.579359462943503
            ]
          ]
        ]
      }
    },
    {
      "type": "Feature",
      "properties": {
        "cell_id": "CEG2000_f4_r0025_c0107",
        "method": "Regular Topology",
        "view": "annulus"
      },
      "geometry": {
        "type": "Polygon",
        "coordinates": [
          [
            [
              0.5807992121159401,
              0.5640889161864344
            ],
            [
              0.5733447491792668,
              0.5716640873340276
            ],
            [
              0.5657914941797493,
              0.5791407560107731
            ],
            [
              0.5581407486059662,
              0.5865176339245519
            ],
            [
              0.5503938307449314,
              0.5937934499780229
            ],
            [
              0.5425520754549434,
              0.6009669504876424
            ],
            [
              0.5346168339355772,
              0.6080368993996847
            ],
            [
              0.5265894734948617,
              0.6150020785032253
            ],
            [
              0.518471377313681,
              0.6218612876400473
            ],
            [
              0.5102639442074411,
              0.6286133449114395
            ],
            [
              0.5019685883850424,
              0.6352570868818473
            ],
            [
              0.4935867392051993,
              0.6417913687793422
            ],
            [
              0.4363690593918542,
              0.5673934765164416
            ],
            [
              0.44377926585011956,
              0.5616166632049606
            ],
            [
              0.45111300545457034,
              0.5557430786772697
            ],
            [
              0.45836901454095413,
              0.5497737350007728
            ],
            [
              0.4655460428386323,
              0.54370966074297
            ],
            [
              0.47264285368601244,
              0.5375519007942283
            ],
            [
              0.47965822424363486,
              0.531301516187737
            ],
            [
              0.4865909457048785,
              0.5249595839166833
            ],
            [
              0.49343982350424787,
              0.5185271967486778
            ],
            [
              0.5002036775232074,
              0.5120054630374606
            ],
            [
              0.5068813422935246,
              0.5053955065319241
            ],
            [
              0.5134716671980906,
              0.4986984661824804
            ],
            [
              0.5807992121159401,
              0.5640889161864344
            ]
          ]
        ]
      }
    },
    {
      "type": "Feature",
      "properties": {
        "cell_id": "CEG2000_f4_r0025_c0108",
        "method": "Regular Topology",
        "view": "annulus"
      },
      "geometry": {
        "type": "Polygon",
        "coordinates": [
          [
            [
              0.6680964477573551,
              0.45735234409904
            ],
            [
              0.6609268717769363,
              0.467653397637648
            ],
            [
              0.6535984830350503,
              0.47784207970119597
            ],
            [
              0.6461130424551861,
              0.4879159420721831
            ],
            [
              0.6384723486984969,
              0.4978725641228967
            ],
            [
              0.6306782377316031,
              0.5077095533970604
            ],
            [
              0.6227325823854314,
              0.5174245461847118
            ],
            [
              0.6146372919051964,
              0.527015208090174
            ],
            [
              0.6063943114916321,
              0.5364792345929826
            ],
            [
              0.5980056218335834,
              0.545814351601634
            ],
            [
              0.5894732386320706,
              0.5550183160000227
            ],
            [
              0.5807992121159401,
              0.5640889161864344
            ],
            [
              0.5134716671980906,
              0.4986984661824804
            ],
            [
              0.5211401811417163,
              0.4906793502762516
            ],
            [
              0.5286834713808554,
              0.48254233003606384
            ],
            [
              0.5360997253537788,
              0.4742893606898095
            ],
            [
              0.5433871610240413,
              0.4659224253265536
            ],
            [
              0.5505440273086831,
              0.45744353442002145
            ],
            [
              0.557568604498994,
              0.44885472534550597
            ],
            [
              0.5644592046737391,
              0.4401580618903113
            ],
            [
              0.5712141721047452,
              0.4313556337578492
            ],
            [
              0.5778318836547531,
              0.4224495560655084
            ],
            [
              0.584310749167437,
              0.4134419688364181
            ],
            [
              0.5906492118495009,
              0.4043350364852255
            ],
            [
              0.6680964477573551,
              0.45735234409904
            ]
          ]
        ]
      }
    },
    {
      "type": "Feature",
      "properties": {
        "cell_id": "CEG2000_f4_r0025_c0109",
        "method": "Regular Topology",
        "view": "annulus"
      },
      "geometry": {
        "type": "Polygon",
        "coordinates": [
          [
            [
              0.7532320285571441,
              0.4591862093532625
            ],
            [
              0.7485086310257889,
              0.4668461127442617
            ],
            [
              0.7437073398165019,
              0.47445743371517596
            ],
            [
              0.7388286545764692,
              0.4820193801925944
            ],
            [
              0.7338730830068995,
              0.48953116524127127
            ],
            [
              0.7288411408101907,
              0.49699200714601866
            ],
            [
              0.7237333516362628,
              0.5044011294930554
            ],
            [
              0.7185502470280646,
              0.511757761250805
            ],
            [
              0.7132923663662581,
              0.5190611368501327
            ],
            [
              0.7079602568130885,
              0.5263104962640155
            ],
            [
              0.7025544732554426,
              0.5335050850866335
            ],
            [
              0.6970755782471054,
              0.5406441546118779
            ],
            [
              0.6397726098945627,
              0.49620060236519536
            ],
            [
              0.6448011133570375,
              0.4896483987234186
            ],
            [
              0.6497625154820367,
              0.4830452397377901
            ],
            [
              0.6546562999604046,
              0.47639181256717217
            ],
            [
              0.6594819575196279,
              0.46968880960159437
            ],
            [
              0.664238985976832,
              0.46293692839019984
            ],
            [
              0.668926890291042,
              0.4561368715686546
            ],
            [
              0.6735451826146985,
              0.4492893467860277
            ],
            [
              0.6780933823444256,
              0.44239506663114997
            ],
            [
              0.6825710161710455,
              0.43545474855845745
            ],
            [
              0.6869776181288327,
              0.4284691148133302
            ],
            [
              0.6913127296440053,
              0.4214388923569317
            ],
            [
              0.7532320285571441,
              0.4591862093532625
            ]
          ]
        ]
      }
    },
    {
      "type": "Feature",
      "properties": {
        "cell_id": "CEG2000_f4_r0025_c0110",
        "method": "Regular Topology",
        "view": "annulus"
      },
      "geometry": {
        "type": "Polygon",
        "coordinates": [
          [
            [
              0.7879800510370429,
              0.3966079964803883
            ],
            [
              0.7850323140676085,
              0.40241114494281105
            ],
            [
              0.7820418400321318,
              0.40819238619024484
            ],
            [
              0.7790087917316646,
              0.413951405492602
            ],
            [
              0.7759333342849962,
              0.419687889329555
            ],
            [
              0.7728156351196654,
              0.4254015254076043
            ],
            [
              0.769655863962845,
              0.43109200267707953
            ],
            [
              0.7664541928321016,
              0.4367590113490735
            ],
            [
              0.7632107960260319,
              0.4424022429123063
            ],
            [
              0.7599258501147731,
              0.4480213901499212
            ],
            [
              0.7565995339303911,
              0.453616147156209
            ],
            [
              0.7532320285571441,
              0.4591862093532625
            ],
            [
              0.6913127296440053,
              0.4214388923569317
            ],
            [
              0.6944034098639232,
              0.41632671608754496
            ],
            [
              0.6974562868445916,
              0.41119187504112714
            ],
            [
              0.7004711943877496,
              0.40603464875781536
            ],
            [
              0.7034479683621885,
              0.4008553179963969
            ],
            [
              0.7063864467126862,
              0.39565416471902376
            ],
            [
              0.7092864694688299,
              0.3904314720758635
            ],
            [
              0.7121478787537248,
              0.3851875243896837
            ],
            [
              0.7149705187925889,
              0.37992260714037446
            ],
            [
              0.7177542359212334,
              0.3746370069494062
            ],
            [
              0.7204988785944281,
              0.36933101156422626
            ],
            [
              0.7232042973941515,
              0.3640049098425938
            ],
            [
              0.7879800510370429,
              0.3966079964803883
            ]
          ]
        ]
      }
    },
    {
      "type": "Feature",
      "properties": {
        "cell_id": "CEG2000_f4_r0025_c0111",
        "method": "Regular Topology",
        "view": "annulus"
      },
      "geometry": {
        "type": "Polygon",
        "coordinates": [
          [
            [
              0.9262143941413175,
              0.3769972096520508
            ],
            [
              0.9223572036374229,
              0.38633817944665205
            ],
            [
              0.9184058112840022,
              0.3956396918912127
            ],
            [
              0.914360620643218,
              0.40490079700705595
            ],
            [
              0.9102220448570055,
              0.41412054894237194
            ],
            [
              0.9059905066048775,
              0.42329800606881846
            ],
            [
              0.9016664380607554,
              0.43243223107769146
            ],
            [
              0.8972502808488309,
              0.44152229107565366
            ],
            [
              0.8927424859984614,
              0.45056725768001277
            ],
            [
              0.8881435138981068,
              0.4595662071135382
            ],
            [
              0.8834538342483083,
              0.4685182202988084
            ],
            [
              0.8786739260137173,
              0.4774223829520778
            ],
            [
              0.8290018229770652,
              0.45043333377704925
            ],
            [
              0.8335115193761787,
              0.44203253018756233
            ],
            [
              0.8379360878807877,
              0.43358658109291726
            ],
            [
              0.8422750766024755,
              0.42509634909170674
            ],
            [
              0.8465280423932283,
              0.41656270130520884
            ],
            [
              0.8506945508906953,
              0.4079865092888272
            ],
            [
              0.8547741765625501,
              0.3993686489430768
            ],
            [
              0.8587665027499515,
              0.3907100004241275
            ],
            [
              0.8626711217100972,
              0.3820114480539119
            ],
            [
              0.8664876346578679,
              0.3732738802298082
            ],
            [
              0.870215651806555,
              0.3644981893339067
            ],
            [
              0.8738547924076709,
              0.35568527164186947
            ],
            [
              0.9262143941413175,
              0.3769972096520508
            ]
          ]
        ]
      }
    },
    {
      "type": "Feature",
      "properties": {
        "cell_id": "CEG2000_f4_r0026_c0101",
        "method": "Regular Topology",
        "view": "annulus"
      },
      "geometry": {
        "type": "Polygon",
        "coordinates": [
          [
            [
              -0.2847159360753805,
              0.8994837666247923
            ],
            [
              -0.3129007113767357,
              0.8900715451561951
            ],
            [
              -0.3407751038186008,
              0.8797764143770994
            ],
            [
              -0.36831146330841313,
              0.8686085865753455
            ],
            [
              -0.395482475066475,
              0.8565791397133712
            ],
            [
              -0.4222611867209379,
              0.8437000064393915
            ],
            [
              -0.4486210350432933,
              0.8299839622507704
            ],
            [
              -0.4745358722978526,
              0.8154446128213247
            ],
            [
              -0.49997999217907524,
              0.8000963805051339
            ],
            [
              -0.5249281553110228,
              0.7839544900302381
            ],
            [
              -0.5493556142836374,
              0.7670349533964221
            ],
            [
              -0.5732381382010134,
              0.7493545539920604
            ],
            [
              -0.5359889834766635,
              0.700661311402436
            ],
            [
              -0.5136583518171859,
              0.7171928341199322
            ],
            [
              -0.49081819511592606,
              0.7330129351162047
            ],
            [
              -0.4674911697392344,
              0.7481059215915691
            ],
            [
              -0.44370041500439744,
              0.7624568220099116
            ],
            [
              -0.41946953022651884,
              0.7760514009497517
            ],
            [
              -0.3948225513091043,
              0.7888761732251128
            ],
            [
              -0.3697839269015686,
              0.8009184172621978
            ],
            [
              -0.3443784941473208,
              0.8121661877185926
            ],
            [
              -0.3186314540464806,
              0.8226083273324882
            ],
            [
              -0.29256834645766583,
              0.8322344779901609
            ],
            [
              -0.2662150247636473,
              0.8410350910007377
            ],
            [
              -0.2847159360753805,
              0.8994837666247923
            ]
          ]
        ]
      }
    },
    {
      "type": "Feature",
      "properties": {
        "cell_id": "CEG2000_f4_r0026_c0102",
        "method": "Regular Topology",
        "view": "annulus"
      },
      "geometry": {
        "type": "Polygon",
        "coordinates": [
          [
            [
              -0.29528680263753704,
              0.8312738224511997
            ],
            [
              -0.3330256146587266,
              0.8168870201476491
            ],
            [
              -0.37006637551465565,
              0.8007879503451425
            ],
            [
              -0.4063314444919996,
              0.7830103581189546
            ],
            [
              -0.4417448067962691,
              0.7635915068759314
            ],
            [
              -0.47623223288554867,
              0.7425721002470892
            ],
            [
              -0.5097214340621861,
              0.7199961967692031
            ],
            [
              -0.5421422139963015,
              0.6959111175342129
            ],
            [
              -0.5734266158635086,
              0.6703673470000255
            ],
            [
              -0.6035090647884322,
              0.6434184271706246
            ],
            [
              -0.6323265052954528,
              0.615120845367289
            ],
            [
              -0.6598185334785629,
              0.585533915826169
            ],
            [
              -0.6055782735666884,
              0.5374002091019989
            ],
            [
              -0.58034622245075,
              0.5645549505991668
            ],
            [
              -0.5538977142846495,
              0.5905263349496988
            ],
            [
              -0.5262881874825274,
              0.6152599238332034
            ],
            [
              -0.4975755140563494,
              0.6387038734581486
            ],
            [
              -0.46781987831104765,
              0.6608090432310378
            ],
            [
              -0.43708365069289074,
              0.6815290987594427
            ],
            [
              -0.4054312570555071,
              0.7008206089729914
            ],
            [
              -0.3729290436175938,
              0.718643137158736
            ],
            [
              -0.3396451378953695,
              0.7349593257200826
            ],
            [
              -0.3056493059012704,
              0.7497349744816195
            ],
            [
              -0.2710128059082124,
              0.7629391123757129
            ],
            [
              -0.29528680263753704,
              0.8312738224511997
            ]
          ]
        ]
      }
    },
    {
      "type": "Feature",
      "properties": {
        "cell_id": "CEG2000_f4_r0026_c0103",
        "method": "Regular Topology",
        "view": "annulus"
      },
      "geometry": {
        "type": "Polygon",
        "coordinates": [
          [
            [
              -0.11434438319188797,
              0.8747204271863068
            ],
            [
              -0.13112764454883732,
              0.872362312654325
            ],
            [
              -0.14786250650956992,
              0.8696822079778543
            ],
            [
              -0.1645427922132305,
              0.8666811023872634
            ],
            [
              -0.18116234494313588,
              0.8633601035948052
            ],
            [
              -0.19771503039922853,
              0.859720437385759
            ],
            [
              -0.21419473896225463,
              0.8557634471659912
            ],
            [
              -0.23059538794883322,
              0.8514905934661026
            ],
            [
              -0.2469109238565834,
              0.8469034534023444
            ],
            [
              -0.2631353245984795,
              0.8420037200945025
            ],
            [
              -0.2792626017256131,
              0.8367932020409643
            ],
            [
              -0.29528680263753704,
              0.8312738224511997
            ],
            [
              -0.2710128059082124,
              0.7629391123757129
            ],
            [
              -0.25630587145402295,
              0.7680047723921232
            ],
            [
              -0.24150433414573755,
              0.7727869607774882
            ],
            [
              -0.22661365725138982,
              0.7772839124194149
            ],
            [
              -0.21163933694055911,
              0.7814939674867897
            ],
            [
              -0.19658690025572598,
              0.7854155720424242
            ],
            [
              -0.1814619030722333,
              0.7890472786166153
            ],
            [
              -0.1662699280476053,
              0.792387746741409
            ],
            [
              -0.1510165825609805,
              0.7954357434453682
            ],
            [
              -0.13570749664342027,
              0.7981901437086649
            ],
            [
              -0.12034832089985724,
              0.8006499308783259
            ],
            [
              -0.104944724423448,
              0.8028141970434813
            ],
            [
              -0.11434438319188797,
              0.8747204271863068
            ]
          ]
        ]
      }
    },
    {
      "type": "Feature",
      "properties": {
        "cell_id": "CEG2000_f4_r0026_c0104",
        "method": "Regular Topology",
        "view": "annulus"
      },
      "geometry": {
        "type": "Polygon",
        "coordinates": [
          [
            [
              0.13816723711415546,
              0.8712750876116964
            ],
            [
              0.11537016524236815,
              0.8745857240296557
            ],
            [
              0.09249442170116373,
              0.8772999747285394
            ],
            [
              0.06955560560951479,
              0.8794159888430629
            ],
            [
              0.046569359095978737,
              0.8809323234493773
            ],
            [
              0.02355135663222732,
              0.881847944549008
            ],
            [
              0.0005172943445224186,
              0.882162227773945
            ],
            [
              -0.022517120689575808,
              0.8818749588124042
            ],
            [
              -0.04553618115196653,
              0.880986333554967
            ],
            [
              -0.0685241901949319,
              0.8794969579610025
            ],
            [
              -0.09146547214491962,
              0.8774078476454582
            ],
            [
              -0.11434438319188797,
              0.8747204271863068
            ],
            [
              -0.104944724423448,
              0.8028141970434813
            ],
            [
              -0.08394657000686087,
              0.8052806986032673
            ],
            [
              -0.06289117187574493,
              0.8071980739936008
            ],
            [
              -0.041792887843644946,
              0.8085650157436763
            ],
            [
              -0.02066610496828231,
              0.8093805917269842
            ],
            [
              0.0004747702590743848,
              0.8096442457969328
            ],
            [
              0.021615321737489458,
              0.8093557981660896
            ],
            [
              0.042741133586794294,
              0.8085154455287783
            ],
            [
              0.06383779997786912,
              0.8071237609269527
            ],
            [
              0.08489093495607271,
              0.8051816933594348
            ],
            [
              0.10588618225111852,
              0.802690567134787
            ],
            [
              0.12680922506670989,
              0.7996520809682568
            ],
            [
              0.13816723711415546,
              0.8712750876116964
            ]
          ]
        ]
      }
    },
    {
      "type": "Feature",
      "properties": {
        "cell_id": "CEG2000_f4_r0026_c0105",
        "method": "Regular Topology",
        "view": "annulus"
      },
      "geometry": {
        "type": "Polygon",
        "coordinates": [
          [
            [
              0.2451606923285112,
              0.7716348003400885
            ],
            [
              0.2298346712133791,
              0.7763375902705736
            ],
            [
              0.2144185416762467,
              0.7807360111742732
            ],
            [
              0.19891834772735245,
              0.784828338616989
            ],
            [
              0.1833401663350232,
              0.7886129681707809
            ],
            [
              0.16769010504315351,
              0.7920884160429941
            ],
            [
              0.1519742995766964,
              0.7952533196579914
            ],
            [
              0.13619891143610588,
              0.7981064381913624
            ],
            [
              0.1203701254816745,
              0.800646653056396
            ],
            [
              0.10449414750871124,
              0.8028729683426331
            ],
            [
              0.08857720181451352,
              0.8047845112063191
            ],
            [
              0.07262552875808376,
              0.8063805322126097
            ],
            [
              0.06420661487590314,
              0.712903095654748
            ],
            [
              0.0783091342802318,
              0.7114920889765577
            ],
            [
              0.09238095199590336,
              0.7098021364410478
            ],
            [
              0.10641655106030125,
              0.7078339006068978
            ],
            [
              0.12041042871060571,
              0.7055881531358598
            ],
            [
              0.13435709854119257,
              0.7030657744902232
            ],
            [
              0.14825109265462075,
              0.7002677535876233
            ],
            [
              0.16208696380536278,
              0.6971951874133271
            ],
            [
              0.17585928753543822,
              0.6938492805901534
            ],
            [
              0.18956266430111432,
              0.6902313449061904
            ],
            [
              0.20319172158983695,
              0.6863427988004999
            ],
            [
              0.21674111602656546,
              0.6821851668070071
            ],
            [
              0.2451606923285112,
              0.7716348003400885
            ]
          ]
        ]
      }
    },
    {
      "type": "Feature",
      "properties": {
        "cell_id": "CEG2000_f4_r0026_c0106",
        "method": "Regular Topology",
        "view": "annulus"
      },
      "geometry": {
        "type": "Polygon",
        "coordinates": [
          [
            [
              0.3863212911165668,
              0.7115334779115541
            ],
            [
              0.37398861523936455,
              0.7180922961780231
            ],
            [
              0.3615446237824259,
              0.7244373783653817
            ],
            [
              0.3489930206288823,
              0.7305668358960812
            ],
            [
              0.33633754169187285,
              0.7364788443720233
            ],
            [
              0.3235819538025722,
              0.7421716441175809
            ],
            [
              0.31073005358901346,
              0.7476435407033568
            ],
            [
              0.29778566634604453,
              0.7528929054505198
            ],
            [
              0.28475264489675,
              0.7579181759155723
            ],
            [
              0.2716348684456816,
              0.7627178563554025
            ],
            [
              0.25843624142423344,
              0.7672905181724836
            ],
            [
              0.2451606923285112,
              0.7716348003400885
            ],
            [
              0.21674111602656546,
              0.6821851668070071
            ],
            [
              0.22847773375081565,
              0.6783444835539216
            ],
            [
              0.2401463463798493,
              0.6743018949316061
            ],
            [
              0.2517434808176236,
              0.6700586041935228
            ],
            [
              0.26326568524317273,
              0.6656158743309748
            ],
            [
              0.2747095301380211,
              0.6609750276971839
            ],
            [
              0.2860716093069615,
              0.6561374456136995
            ],
            [
              0.2973485408918885,
              0.6511045679592566
            ],
            [
              0.3085369683783903,
              0.6458778927412034
            ],
            [
              0.3196335615947948,
              0.6404589756496288
            ],
            [
              0.33063501770337766,
              0.6348494295943191
            ],
            [
              0.34153806218343236,
              0.6290509242246857
            ],
            [
              0.3863212911165668,
              0.7115334779115541
            ]
          ]
        ]
      }
    },
    {
      "type": "Feature",
      "properties": {
        "cell_id": "CEG2000_f4_r0026_c0107",
        "method": "Regular Topology",
        "view": "annulus"
      },
      "geometry": {
        "type": "Polygon",
        "coordinates": [
          [
            [
              0.4935867392051993,
              0.6417913687793422
            ],
            [
              0.484306437118195,
              0.6488230152551332
            ],
            [
              0.4749259762565094,
              0.6557204794999806
            ],
            [
              0.4654472965808655,
              0.6624823350584126
            ],
            [
              0.45587235836448936,
              0.669107183520011
            ],
            [
              0.4462031417877088,
              0.6755936548086141
            ],
            [
              0.4364416465284347,
              0.6819404074656611
            ],
            [
              0.4265898913486107,
              0.6881461289276163
            ],
            [
              0.416649913676715,
              0.6942095357974197
            ],
            [
              0.40662376918640325,
              0.7001293741099038
            ],
            [
              0.396513531371377,
              0.705904419591125
            ],
            [
              0.3863212911165668,
              0.7115334779115541
            ],
            [
              0.34153806218343236,
              0.6290509242246857
            ],
            [
              0.3505487951302879,
              0.624074398946671
            ],
            [
              0.35948703154376016,
              0.6189688096663682
            ],
            [
              0.36835092291898064,
              0.6137352122639538
            ],
            [
              0.3771386361262796,
              0.6083746890927949
            ],
            [
              0.3858483537902937,
              0.6028883487556096
            ],
            [
              0.3944782746658151,
              0.5972773258751976
            ],
            [
              0.40302661401030415,
              0.5915427808597908
            ],
            [
              0.41149160395299006,
              0.5856858996630709
            ],
            [
              0.41987149386048195,
              0.5797078935389034
            ],
            [
              0.4281645506988142,
              0.5736099987908403
            ],
            [
              0.4363690593918542,
              0.5673934765164416
            ],
            [
              0.4935867392051993,
              0.6417913687793422
            ]
          ]
        ]
      }
    },
    {
      "type": "Feature",
      "properties": {
        "cell_id": "CEG2000_f4_r0026_c0108",
        "method": "Regular Topology",
        "view": "annulus"
      },
      "geometry": {
        "type": "Polygon",
        "coordinates": [
          [
            [
              0.622442090712544,
              0.6251210342117162
            ],
            [
              0.6160454661356385,
              0.6314257259236848
            ],
            [
              0.6095849849400933,
              0.6376649667655537
            ],
            [
              0.6030613167915525,
              0.6438381100045004
            ],
            [
              0.5964751379053478,
              0.6499445157590953
            ],
            [
              0.5898271309764044,
              0.6559835510656286
            ],
            [
              0.5831179851084757,
              0.6619545899437212
            ],
            [
              0.5763483957427147,
              0.6678570134612106
            ],
            [
              0.5695190645855864,
              0.6736902097983072
            ],
            [
              0.562630699536133,
              0.679453574311012
            ],
            [
              0.5556840146125953,
              0.685146509593793
            ],
            [
              0.548679729878401,
              0.6907684255415077
            ],
            [
              0.503575614660412,
              0.6339839355048922
            ],
            [
              0.5100041134698362,
              0.6288241681127797
            ],
            [
              0.5163797474503333,
              0.6235992195168408
            ],
            [
              0.522701855731156,
              0.6183096313127339
            ],
            [
              0.5289697829898002,
              0.6129559517963805
            ],
            [
              0.535182879519933,
              0.6075387359071321
            ],
            [
              0.5413405012987388,
              0.602058545170246
            ],
            [
              0.5474420100536755,
              0.5965159476386817
            ],
            [
              0.5534867733286356,
              0.5909115178342174
            ],
            [
              0.5594741645495033,
              0.5852458366878985
            ],
            [
              0.5654035630891026,
              0.5795194914798211
            ],
            [
              0.5712743543315291,
              0.5737330757782556
            ],
            [
              0.622442090712544,
              0.6251210342117162
            ]
          ]
        ]
      }
    },
    {
      "type": "Feature",
      "properties": {
        "cell_id": "CEG2000_f4_r0026_c0109",
        "method": "Regular Topology",
        "view": "annulus"
      },
      "geometry": {
        "type": "Polygon",
        "coordinates": [
          [
            [
              0.6970755782471054,
              0.5406441546118779
            ],
            [
              0.6907440019045195,
              0.5487104769707406
            ],
            [
              0.6843190899090678,
              0.5567026557243586
            ],
            [
              0.6778017104164693,
              0.564619610942657
            ],
            [
              0.6711927440769624,
              0.5724602728600177
            ],
            [
              0.6644930839163083,
              0.5802235820198302
            ],
            [
              0.6577036352151224,
              0.5879084894176488
            ],
            [
              0.6508253153865495,
              0.5955139566429378
            ],
            [
              0.6438590538523004,
              0.6030389560193845
            ],
            [
              0.6368057919170643,
              0.6104824707437627
            ],
            [
              0.6296664826413181,
              0.6178434950233265
            ],
            [
              0.622442090712544,
              0.6251210342117162
            ],
            [
              0.5712743543315291,
              0.5737330757782556
            ],
            [
              0.5779048664645113,
              0.5670537853462566
            ],
            [
              0.5844572901481444,
              0.5602978726994873
            ],
            [
              0.5909307399969015,
              0.5534662507195878
            ],
            [
              0.5973243412964651,
              0.5465598425182985
            ],
            [
              0.6036372301219227,
              0.5395795813127253
            ],
            [
              0.6098685534545027,
              0.5325264102992407
            ],
            [
              0.6160174692968375,
              0.5254012825260355
            ],
            [
              0.6220831467867363,
              0.5182051607643396
            ],
            [
              0.6280647663094546,
              0.5109390173783298
            ],
            [
              0.6339615196084433,
              0.5036038341937404
            ],
            [
              0.6397726098945627,
              0.49620060236519536
            ],
            [
              0.6970755782471054,
              0.5406441546118779
            ]
          ]
        ]
      }
    },
    {
      "type": "Feature",
      "properties": {
        "cell_id": "CEG2000_f4_r0026_c0110",
        "method": "Regular Topology",
        "view": "annulus"
      },
      "geometry": {
        "type": "Polygon",
        "coordinates": [
          [
            [
              0.8274002777428923,
              0.5616126604618034
            ],
            [
              0.8233096257799444,
              0.567592512369647
            ],
            [
              0.8191757565968101,
              0.5735425701759581
            ],
            [
              0.814998887188808,
              0.5794625215499313
            ],
            [
              0.8107792368084275,
              0.5853520557411103
            ],
            [
              0.8065170269538192,
              0.5912108635956992
            ],
            [
              0.8022124813571687,
              0.5970386375727909
            ],
            [
              0.7978658259729514,
              0.6028350717605105
            ],
            [
              0.7934772889660728,
              0.6085998618920737
            ],
            [
              0.789047100699891,
              0.6143327053617575
            ],
            [
              0.7845754937241245,
              0.6200333012407852
            ],
            [
              0.7800627027626453,
              0.6257013502931225
            ],
            [
              0.7359651669196726,
              0.5903299787048786
            ],
            [
              0.7402228463875874,
              0.5849823487616205
            ],
            [
              0.7444416700317176,
              0.5796040118884541
            ],
            [
              0.7486214163973096,
              0.5741952504053737
            ],
            [
              0.7527618660808568,
              0.5687563482294242
            ],
            [
              0.7568628017416164,
              0.5632875908597976
            ],
            [
              0.7609240081130179,
              0.5577892653628466
            ],
            [
              0.7649452720139632,
              0.5522616603570157
            ],
            [
              0.7689263823600175,
              0.5467050659976914
            ],
            [
              0.7728671301744882,
              0.5411197739619713
            ],
            [
              0.7767673085993951,
              0.5355060774333528
            ],
            [
              0.7806267129063298,
              0.529864271086344
            ],
            [
              0.8274002777428923,
              0.5616126604618034
            ]
          ]
        ]
      }
    },
    {
      "type": "Feature",
      "properties": {
        "cell_id": "CEG2000_f4_r0026_c0111",
        "method": "Regular Topology",
        "view": "annulus"
      },
      "geometry": {
        "type": "Polygon",
        "coordinates": [
          [
            [
              0.8786739260137173,
              0.4774223829520778
            ],
            [
              0.8743585930215052,
              0.48528038370559956
            ],
            [
              0.8699729875890065,
              0.4930993823413879
            ],
            [
              0.8655174621885346,
              0.500878750444375
            ],
            [
              0.8609923749118897,
              0.5086178627846095
            ],
            [
              0.8563980894415792,
              0.5163160973675069
            ],
            [
              0.8517349750215883,
              0.5239728354838391
            ],
            [
              0.8470034064277037,
              0.5315874617594608
            ],
            [
              0.8422037639373929,
              0.5391593642047665
            ],
            [
              0.8373364332992413,
              0.546687934263877
            ],
            [
              0.8324018057019493,
              0.5541725668635485
            ],
            [
              0.8274002777428923,
              0.5616126604618034
            ],
            [
              0.7806267129063298,
              0.529864271086344
            ],
            [
              0.7853455006989065,
              0.5228447716184869
            ],
            [
              0.7900011700578766,
              0.5157832509727218
            ],
            [
              0.794593346805815,
              0.5086802766854028
            ],
            [
              0.7991216618682145,
              0.5015364196245243
            ],
            [
              0.8035857513031505,
              0.49435225394384047
            ],
            [
              0.8079852563305282,
              0.48712835703672064
            ],
            [
              0.8123198233609205,
              0.4798653094897431
            ],
            [
              0.8165891040239845,
              0.47256369503603446
            ],
            [
              0.8207927551964608,
              0.4652241005083538
            ],
            [
              0.8249304390297497,
              0.4578471157919295
            ],
            [
              0.8290018229770652,
              0.45043333377704925
            ],
            [
              0.8786739260137173,
              0.4774223829520778
            ]
          ]
        ]
      }
    },
    {
      "type": "Feature",
      "properties": {
        "cell_id": "CEG2000_f4_r0027_c0101",
        "method": "Regular Topology",
        "view": "annulus"
      },
      "geometry": {
        "type": "Polygon",
        "coordinates": [
          [
            [
              -0.4274673317345208,
              0.9040307961014211
            ],
            [
              -0.45877652384645545,
              0.8885516873921082
            ],
            [
              -0.4895260690123033,
              0.8719886626312074
            ],
            [
              -0.5196784568361509,
              0.8543619265278602
            ],
            [
              -0.5491969053754052,
              0.8356929813789741
            ],
            [
              -0.5780454060099229,
              0.8160046008392499
            ],
            [
              -0.6061887673677823,
              0.7953208021403242
            ],
            [
              -0.6335926582541258,
              0.7736668167929076
            ],
            [
              -0.6602236495306945,
              0.7510690598076656
            ],
            [
              -0.6860492548949765,
              0.7275550974723822
            ],
            [
              -0.7110379705092168,
              0.703153613724721
            ],
            [
              -0.7351593134309515,
              0.677894375161597
            ],
            [
              -0.6936002002218422,
              0.6395724923173483
            ],
            [
              -0.6708424550984697,
              0.6634038069790237
            ],
            [
              -0.6472663705183327,
              0.6864258563550972
            ],
            [
              -0.6229007062000519,
              0.7086105565769399
            ],
            [
              -0.5977751850455559,
              0.7299308452316255
            ],
            [
              -0.5719204568820521,
              0.7503607143745126
            ],
            [
              -0.5453680610732757,
              0.7698752422555099
            ],
            [
              -0.5181503880456173,
              0.7884506237203318
            ],
            [
              -0.4903006397760704,
              0.8060641992496503
            ],
            [
              -0.46185278929018847,
              0.8226944826007263
            ],
            [
              -0.43284153921947016,
              0.8383211870177945
            ],
            [
              -0.4033022794687177,
              0.8529252499792349
            ],
            [
              -0.4274673317345208,
              0.9040307961014211
            ]
          ]
        ]
      }
    },
    {
      "type": "Feature",
      "properties": {
        "cell_id": "CEG2000_f4_r0027_c0102",
        "method": "Regular Topology",
        "view": "annulus"
      },
      "geometry": {
        "type": "Polygon",
        "coordinates": [
          [
            [
              -0.2753276464727393,
              0.9613504496736777
            ],
            [
              -0.28952138245498754,
              0.9571715463287408
            ],
            [
              -0.3036517348602142,
              0.9527830938447545
            ],
            [
              -0.31771561019572947,
              0.9481860529653214
            ],
            [
              -0.33170992952236167,
              0.9433814300993368
            ],
            [
              -0.34563162912851414,
              0.9383702771006599
            ],
            [
              -0.35947766120088986,
              0.9331536910378366
            ],
            [
              -0.3732449944917345,
              0.9277328139539234
            ],
            [
              -0.3869306149824544,
              0.9221088326164649
            ],
            [
              -0.4005315265434613,
              0.9162829782576802
            ],
            [
              -0.41404475159010046,
              0.9102565263049159
            ],
            [
              -0.4274673317345208,
              0.9040307961014211
            ],
            [
              -0.4033022794687177,
              0.8529252499792349
            ],
            [
              -0.39063848795363126,
              0.8587990349354759
            ],
            [
              -0.37788917576135334,
              0.8644848069915451
            ],
            [
              -0.36505713403982815,
              0.8699813213876669
            ],
            [
              -0.3521451720485923,
              0.8752873747973697
            ],
            [
              -0.33915611654375777,
              0.8804018055909251
            ],
            [
              -0.3260928111591626,
              0.8853234940896569
            ],
            [
              -0.312958115783828,
              0.8900513628110684
            ],
            [
              -0.29975490593585513,
              0.8945843767047302
            ],
            [
              -0.2864860721329018,
              0.898921543378879
            ],
            [
              -0.27315451925937523,
              0.903061913317677
            ],
            [
              -0.259763165930478,
              0.9070045800890858
            ],
            [
              -0.2753276464727393,
              0.9613504496736777
            ]
          ]
        ]
      }
    },
    {
      "type": "Feature",
      "properties": {
        "cell_id": "CEG2000_f4_r0027_c0103",
        "method": "Regular Topology",
        "view": "annulus"
      },
      "geometry": {
        "type": "Polygon",
        "coordinates": [
          [
            [
              -0.09337081919310351,
              0.9956314027405969
            ],
            [
              -0.11013979920313095,
              0.9939161054291725
            ],
            [
              -0.1268774839875835,
              0.9919183958657993
            ],
            [
              -0.1435791176850489,
              0.9896388416815414
            ],
            [
              -0.16023995467770538,
              0.987078090591057
            ],
            [
              -0.1768552609397441,
              0.9842368702085565
            ],
            [
              -0.1934203153825016,
              0.9811159878410572
            ],
            [
              -0.20993041119591233,
              0.9777163302589945
            ],
            [
              -0.22638085718590809,
              0.9740388634442537
            ],
            [
              -0.24276697910737635,
              0.9700846323156957
            ],
            [
              -0.2590841209923063,
              0.9658547604322526
            ],
            [
              -0.2753276464727393,
              0.9613504496736777
            ],
            [
              -0.259763165930478,
              0.9070045800890858
            ],
            [
              -0.24443789925738574,
              0.9112542587463941
            ],
            [
              -0.22904317777094052,
              0.9152450127661954
            ],
            [
              -0.21358337574170677,
              0.9189757082119097
            ],
            [
              -0.19806288593229443,
              0.9224452850402429
            ],
            [
              -0.1824861183491969,
              0.9256527574023895
            ],
            [
              -0.166857498989726,
              0.9285972139241522
            ],
            [
              -0.15118146858440665,
              0.9312778179649004
            ],
            [
              -0.13546248133518185,
              0.9336938078552944
            ],
            [
              -0.11970500364979317,
              0.935844497113707
            ],
            [
              -0.10391351287269021,
              0.9377292746412801
            ],
            [
              -0.0880924960128342,
              0.939347604895564
            ],
            [
              -0.09337081919310351,
              0.9956314027405969
            ]
          ]
        ]
      }
    },
    {
      "type": "Feature",
      "properties": {
        "cell_id": "CEG2000_f4_r0027_c0104",
        "method": "Regular Topology",
        "view": "annulus"
      },
      "geometry": {
        "type": "Polygon",
        "coordinates": [
          [
            [
              0.0702698619037625,
              0.9408487429894511
            ],
            [
              0.03763775674210967,
              0.9427182028285154
            ],
            [
              0.004960478318273422,
              0.943456201596904
            ],
            [
              -0.027722753727856334,
              0.9430618535401316
            ],
            [
              -0.060372712610785584,
              0.941535631959205
            ],
            [
              -0.09295021147984703,
              0.9388793686425619
            ],
            [
              -0.125416150451704,
              0.9350962516675381
            ],
            [
              -0.15773156353847198,
              0.930190821574
            ],
            [
              -0.18985766541514035,
              0.9241689659147383
            ],
            [
              -0.2217558979701575,
              0.9170379121891598
            ],
            [
              -0.2533879765833149,
              0.9088062191687607
            ],
            [
              -0.2847159360753805,
              0.8994837666247923
            ],
            [
              -0.2662150247636473,
              0.8410350910007377
            ],
            [
              -0.23692276375804378,
              0.8497517682934108
            ],
            [
              -0.20734614536637835,
              0.8574485638837079
            ],
            [
              -0.1775206677812311,
              0.864116239990335
            ],
            [
              -0.14748212787880569,
              0.8697467939928656
            ],
            [
              -0.1172665782551142,
              0.8743334680365756
            ],
            [
              -0.0869102839552416,
              0.8778707571432983
            ],
            [
              -0.05644967894762885,
              0.88035441581856
            ],
            [
              -0.025921322395609802,
              0.8817814631470722
            ],
            [
              0.004638145221309526,
              0.8821501863704585
            ],
            [
              0.035192046083771245,
              0.8814601429429275
            ],
            [
              0.06570370905369846,
              0.8797121610624213
            ],
            [
              0.0702698619037625,
              0.9408487429894511
            ]
          ]
        ]
      }
    },
    {
      "type": "Feature",
      "properties": {
        "cell_id": "CEG2000_f4_r0027_c0105",
        "method": "Regular Topology",
        "view": "annulus"
      },
      "geometry": {
        "type": "Polygon",
        "coordinates": [
          [
            [
              0.2653753528542733,
              0.9053784472662655
            ],
            [
              0.24799602001248738,
              0.9102923622302727
            ],
            [
              0.23052580956163907,
              0.9148727025126254
            ],
            [
              0.2129711234228379,
              0.9191177896574618
            ],
            [
              0.19533839447312784,
              0.9230260680617123
            ],
            [
              0.17763408418817314,
              0.9265961055451469
            ],
            [
              0.1598646802744653,
              0.9298265938751952
            ],
            [
              0.14203669429191565,
              0.9327163492463445
            ],
            [
              0.12415665926770915,
              0.935264312713944
            ],
            [
              0.10623112730229023,
              0.9374695505822515
            ],
            [
              0.08826666716835978,
              0.9393312547465852
            ],
            [
              0.0702698619037625,
              0.9408487429894511
            ],
            [
              0.06570370905369846,
              0.8797121610624213
            ],
            [
              0.08253107750107912,
              0.8782932795775221
            ],
            [
              0.09932820261231164,
              0.8765525494061015
            ],
            [
              0.11608892911696404,
              0.8744906084349934
            ],
            [
              0.13280711508279558,
              0.8721082122580394
            ],
            [
              0.14947663416645465,
              0.8694062338992035
            ],
            [
              0.16609137785846428,
              0.8663856634926534
            ],
            [
              0.18264525772167156,
              0.8630476079199297
            ],
            [
              0.19913220762234363,
              0.8593932904043295
            ],
            [
              0.21554618595308836,
              0.8554240500626605
            ],
            [
              0.23188117784678897,
              0.8511413414145234
            ],
            [
              0.24813119738073872,
              0.846546733849307
            ],
            [
              0.2653753528542733,
              0.9053784472662655
            ]
          ]
        ]
      }
    },
    {
      "type": "Feature",
      "properties": {
        "cell_id": "CEG2000_f4_r0027_c0106",
        "method": "Regular Topology",
        "view": "annulus"
      },
      "geometry": {
        "type": "Polygon",
        "coordinates": [
          [
            [
              0.40323270419194057,
              0.7846106359045762
            ],
            [
              0.38042434052597746,
              0.7959194587644554
            ],
            [
              0.35729915103497434,
              0.8065654222530341
            ],
            [
              0.3338763948894395,
              0.8165396601758911
            ],
            [
              0.3101755790799882,
              0.8258338657665489
            ],
            [
              0.286216442171489,
              0.8344402986045336
            ],
            [
              0.2620189378643485,
              0.8423517910617673
            ],
            [
              0.23760321837662768,
              0.8495617542719287
            ],
            [
              0.2129896176608281,
              0.8560641836178072
            ],
            [
              0.18819863446932505,
              0.8618536637320804
            ],
            [
              0.16325091528255234,
              0.8669253730073525
            ],
            [
              0.13816723711415546,
              0.8712750876116964
            ],
            [
              0.12680922506670989,
              0.7996520809682568
            ],
            [
              0.1498309041332827,
              0.7956599338445326
            ],
            [
              0.1727278007010467,
              0.7910051434876151
            ],
            [
              0.19548084572690144,
              0.7856915865101131
            ],
            [
              0.21807108997049995,
              0.7797236881600822
            ],
            [
              0.24047971977559604,
              0.7731064186355807
            ],
            [
              0.26268807273847433,
              0.7658452889453777
            ],
            [
              0.28467765325041416,
              0.7579463463192628
            ],
            [
              0.30643014790124207,
              0.74941616917178
            ],
            [
              0.32792744073114616,
              0.7402618616235769
            ],
            [
              0.349151628318049,
              0.7304910475849365
            ],
            [
              0.37008503468797466,
              0.7201118644064155
            ],
            [
              0.40323270419194057,
              0.7846106359045762
            ]
          ]
        ]
      }
    },
    {
      "type": "Feature",
      "properties": {
        "cell_id": "CEG2000_f4_r0027_c0107",
        "method": "Regular Topology",
        "view": "annulus"
      },
      "geometry": {
        "type": "Polygon",
        "coordinates": [
          [
            [
              0.4697436659952657,
              0.8182145800058396
            ],
            [
              0.4641117953700513,
              0.8214222130397933
            ],
            [
              0.45845802255683077,
              0.8245910818278867
            ],
            [
              0.45278261436630846,
              0.8277210368260642
            ],
            [
              0.4470858386301976,
              0.8308119303266758
            ],
            [
              0.4413679641885801,
              0.8338636164654459
            ],
            [
              0.43562926087722065,
              0.8368759512283588
            ],
            [
              0.42986999951483124,
              0.8398487924584538
            ],
            [
              0.4240904518902922,
              0.8427819998625338
            ],
            [
              0.4182908907498253,
              0.8456754350177861
            ],
            [
              0.4124715897841225,
              0.8485289613783153
            ],
            [
              0.40663282361543035,
              0.8513424442815866
            ],
            [
              0.38020972306879663,
              0.7960220035831154
            ],
            [
              0.38566908478073114,
              0.7933913414885001
            ],
            [
              0.39111024614333756,
              0.7907232379702941
            ],
            [
              0.39653295037939035,
              0.7880178189406281
            ],
            [
              0.4019369415826856,
              0.7852752120726116
            ],
            [
              0.407321964730118,
              0.7824955467943092
            ],
            [
              0.41268776569371535,
              0.7796789542826315
            ],
            [
              0.41803409125263175,
              0.7768255674571447
            ],
            [
              0.4233606891050968,
              0.7739355209737993
            ],
            [
              0.428667307880323,
              0.7710089512185736
            ],
            [
              0.43395369715036736,
              0.7680459963010391
            ],
            [
              0.4392196074419506,
              0.7650467960478413
            ],
            [
              0.4697436659952657,
              0.8182145800058396
            ]
          ]
        ]
      }
    },
    {
      "type": "Feature",
      "properties": {
        "cell_id": "CEG2000_f4_r0027_c0108",
        "method": "Regular Topology",
        "view": "annulus"
      },
      "geometry": {
        "type": "Polygon",
        "coordinates": [
          [
            [
              0.548679729878401,
              0.6907684255415077
            ],
            [
              0.5362512587215729,
              0.7004605993373626
            ],
            [
              0.5236516159230425,
              0.7099291857965235
            ],
            [
              0.5108848232944282,
              0.7191711625419566
            ],
            [
              0.49795495600164896,
              0.7281835795305497
            ],
            [
              0.48486614126412936,
              0.7369635599947678
            ],
            [
              0.4716225570373895,
              0.745508301360919
            ],
            [
              0.45822843067943997,
              0.7538150761437358
            ],
            [
              0.4446880376014065,
              0.7618812328169914
            ],
            [
              0.4310056999028175,
              0.7697041966598668
            ],
            [
              0.41718578499198794,
              0.7772814705788035
            ],
            [
              0.40323270419194057,
              0.7846106359045762
            ],
            [
              0.37008503468797466,
              0.7201118644064155
            ],
            [
              0.3828911050741496,
              0.7133851917540618
            ],
            [
              0.3955749564482799,
              0.7064308062293323
            ],
            [
              0.408132540119332,
              0.6992509276751979
            ],
            [
              0.4205598477009797,
              0.6918478479121054
            ],
            [
              0.43285291239108314,
              0.6842239300064272
            ],
            [
              0.44500781023789354,
              0.6763816075161698
            ],
            [
              0.4570206613925798,
              0.6683233837141807
            ],
            [
              0.46888763134767886,
              0.6600518307891027
            ],
            [
              0.48060493216107186,
              0.6515695890243302
            ],
            [
              0.4921688236650968,
              0.6428793659552294
            ],
            [
              0.503575614660412,
              0.6339839355048922
            ],
            [
              0.548679729878401,
              0.6907684255415077
            ]
          ]
        ]
      }
    },
    {
      "type": "Feature",
      "properties": {
        "cell_id": "CEG2000_f4_r0027_c0109",
        "method": "Regular Topology",
        "view": "annulus"
      },
      "geometry": {
        "type": "Polygon",
        "coordinates": [
          [
            [
              0.6586033822225585,
              0.675555915969811
            ],
            [
              0.6505212500076344,
              0.6833420182934083
            ],
            [
              0.6423470761541513,
              0.6910314351988749
            ],
            [
              0.6340820172182637,
              0.6986230787178601
            ],
            [
              0.6257272426153712,
              0.7061158747158772
            ],
            [
              0.6172839344546576,
              0.7135087630442825
            ],
            [
              0.6087532873718372,
              0.7208006976902738
            ],
            [
              0.6001365083601256,
              0.7279906469248908
            ],
            [
              0.5914348165994641,
              0.7350775934489925
            ],
            [
              0.5826494432840187,
              0.7420605345371947
            ],
            [
              0.5737816314479797,
              0.748938482179744
            ],
            [
              0.5648326357896862,
              0.7557104632223108
            ],
            [
              0.5281296726722624,
              0.706604212093034
            ],
            [
              0.5364971603992285,
              0.7002722760384655
            ],
            [
              0.5447887396486086,
              0.6938412591195547
            ],
            [
              0.5530032372526695,
              0.687312071254824
            ],
            [
              0.5611394909498872,
              0.6806856362529107
            ],
            [
              0.5691963495493946,
              0.6739628916818581
            ],
            [
              0.5771726730938613,
              0.6671447887364594
            ],
            [
              0.5850673330207872,
              0.6602322921036745
            ],
            [
              0.5928792123221793,
              0.6532263798261371
            ],
            [
              0.6006072057025982,
              0.6461280431637721
            ],
            [
              0.6082502197355437,
              0.6389382864535442
            ],
            [
              0.6158071730181638,
              0.6316581269673538
            ],
            [
              0.6586033822225585,
              0.675555915969811
            ]
          ]
        ]
      }
    },
    {
      "type": "Feature",
      "properties": {
        "cell_id": "CEG2000_f4_r0027_c0110",
        "method": "Regular Topology",
        "view": "annulus"
      },
      "geometry": {
        "type": "Polygon",
        "coordinates": [
          [
            [
              0.9353882078925073,
              0.12321976794511301
            ],
            [
              0.9262000362717652,
              0.17968779448528185
            ],
            [
              0.9136061885910269,
              0.23549510153075565
            ],
            [
              0.897652972952074,
              0.2904364832921428
            ],
            [
              0.8783990499924077,
              0.3443099180233408
            ],
            [
              0.8559152171876454,
              0.39691731086390003
            ],
            [
              0.8302841485262576,
              0.4480652222420653
            ],
            [
              0.8016000905138736,
              0.49756557916012806
            ],
            [
              0.7699685156249595,
              0.5452363667466621
            ],
            [
              0.7355057344761428,
              0.5909022975327763
            ],
            [
              0.6983384681472367,
              0.6343954559914304
            ],
            [
              0.6586033822225585,
              0.675555915969811
            ],
            [
              0.6158071730181638,
              0.6316581269673538
            ],
            [
              0.6529602633201524,
              0.5931722837670399
            ],
            [
              0.68771239157309,
              0.5525053214054588
            ],
            [
              0.7199357727558258,
              0.5098067739948151
            ],
            [
              0.7495119201553727,
              0.46523364587004523
            ],
            [
              0.7763320810474803,
              0.4189498342773476
            ],
            [
              0.8002976365849249,
              0.37112552671719024
            ],
            [
              0.8213204644231138,
              0.3219365751577928
            ],
            [
              0.8393232627496109,
              0.2715638494201245
            ],
            [
              0.8542398345261175,
              0.220192572112049
            ],
            [
              0.8660153308977351,
              0.16801163755709012
            ],
            [
              0.8746064528744864,
              0.11521291722214778
            ],
            [
              0.9353882078925073,
              0.12321976794511301
            ]
          ]
        ]
      }
    },
    {
      "type": "Feature",
      "properties": {
        "cell_id": "CEG2000_f4_r0027_c0111",
        "method": "Regular Topology",
        "view": "annulus"
      },
      "geometry": {
        "type": "Polygon",
        "coordinates": [
          [
            [
              0.7800627027626453,
              0.6257013502931225
            ],
            [
              0.7751617436615846,
              0.6317628282540305
            ],
            [
              0.7702136850235659,
              0.6377859197273167
            ],
            [
              0.7652188274971603,
              0.6437702587444307
            ],
            [
              0.7601774745744823,
              0.6497154816914573
            ],
            [
              0.7550899325727494,
              0.6556212273312091
            ],
            [
              0.7499565106156694,
              0.6614871368251762
            ],
            [
              0.7447775206146586,
              0.6673128537553294
            ],
            [
              0.7395532772498892,
              0.6730980241457767
            ],
            [
              0.734284097951169,
              0.6788422964842703
            ],
            [
              0.7289703028786547,
              0.6845453217435661
            ],
            [
              0.7236122149033978,
              0.69020675340263
            ],
            [
              0.6827058679262821,
              0.6511888424841338
            ],
            [
              0.6877610591270849,
              0.6458474558478917
            ],
            [
              0.6927744613365094,
              0.640466826929165
            ],
            [
              0.6977457699356494,
              0.6350472826598913
            ],
            [
              0.7026746828632445,
              0.6295891523365399
            ],
            [
              0.7075609006340343,
              0.6240927676001047
            ],
            [
              0.7124041263569555,
              0.6185584624159522
            ],
            [
              0.7172040657531805,
              0.6129865730535307
            ],
            [
              0.7219604271739991,
              0.6073774380659367
            ],
            [
              0.7266729216185382,
              0.6017313982693456
            ],
            [
              0.7313412627513225,
              0.5960487967223028
            ],
            [
              0.7359651669196726,
              0.5903299787048786
            ],
            [
              0.7800627027626453,
              0.6257013502931225
            ]
          ]
        ]
      }
    },
    {
      "type": "Feature",
      "properties": {
        "cell_id": "CEG2000_f4_r0028_c0104",
        "method": "Regular Topology",
        "view": "annulus"
      },
      "geometry": {
        "type": "Polygon",
        "coordinates": [
          [
            [
              0.06869722562680117,
              0.9976375550224542
            ],
            [
              0.05397437005504031,
              0.998542321274948
            ],
            [
              0.03923977068164996,
              0.9992298236125919
            ],
            [
              0.02449663347664821,
              0.9996999124478859
            ],
            [
              0.009748166267723136,
              0.9999524854983944
            ],
            [
              -0.005002421957728537,
              0.9999874878090009
            ],
            [
              -0.019751921750817244,
              0.9998049117638649
            ],
            [
              -0.03449712389947571,
              0.9994047970880789
            ],
            [
              -0.04923482012672275,
              0.9987872308390258
            ],
            [
              -0.06396180378872345,
              0.9979523473874355
            ],
            [
              -0.07867487057249506,
              0.9969003283881499
            ],
            [
              -0.09337081919310351,
              0.9956314027405969
            ],
            [
              -0.0880924960128342,
              0.939347604895564
            ],
            [
              -0.07422732050668004,
              0.9405447972144668
            ],
            [
              -0.06034599454010122,
              0.9415373447823353
            ],
            [
              -0.04645153842696804,
              0.9423250316395994
            ],
            [
              -0.03254697533802157,
              0.9429076864005035
            ],
            [
              -0.01863533064309025,
              0.9432851822903966
            ],
            [
              -0.0047196312528257674,
              0.9434574371733159
            ],
            [
              0.009197095039895214,
              0.9434244135698583
            ],
            [
              0.02311182021876149,
              0.9431861186653352
            ],
            [
              0.03702151670286615,
              0.9427426043082086
            ],
            [
              0.05092315800545174,
              0.9420939669988104
            ],
            [
              0.06481371939241527,
              0.9412403478683461
            ],
            [
              0.06869722562680117,
              0.9976375550224542
            ]
          ]
        ]
      }
    },
    {
      "type": "Feature",
      "properties": {
        "cell_id": "CEG2000_f4_r0028_c0105",
        "method": "Regular Topology",
        "view": "annulus"
      },
      "geometry": {
        "type": "Polygon",
        "coordinates": [
          [
            [
              0.20912140046117214,
              0.9778896869632884
            ],
            [
              0.19648734222451844,
              0.9805063611958593
            ],
            [
              0.1838205754450864,
              0.9829598140529638
            ],
            [
              0.1711232087140881,
              0.9852496371171088
            ],
            [
              0.15839735571659921,
              0.9873754492096657
            ],
            [
              0.14564513487970254,
              0.9893368964543238
            ],
            [
              0.13286866901984032,
              0.9911336523359986
            ],
            [
              0.12007008498943675,
              0.9927654177551862
            ],
            [
              0.10725151332284849,
              0.9942319210777528
            ],
            [
              0.09441508788170251,
              0.9955329181801525
            ],
            [
              0.08156294549967891,
              0.9966681924900666
            ],
            [
              0.06869722562680117,
              0.9976375550224542
            ],
            [
              0.06481371939241527,
              0.9412403478683461
            ],
            [
              0.07695213036918687,
              0.9403257841346517
            ],
            [
              0.0890777314009535,
              0.939254687741969
            ],
            [
              0.10118850398242313,
              0.9380272369918707
            ],
            [
              0.11328243207674321,
              0.9366436362136787
            ],
            [
              0.12535750245110194,
              0.9351041157304496
            ],
            [
              0.1374117050118647,
              0.9334089318206337
            ],
            [
              0.1494430331391869,
              0.9315583666754134
            ],
            [
              0.16144948402104875,
              0.9295527283517278
            ],
            [
              0.1734290589866562,
              0.9273923507209917
            ],
            [
              0.18537976383915294,
              0.9250775934135168
            ],
            [
              0.19729960918758635,
              0.9226088417586457
            ],
            [
              0.20912140046117214,
              0.9778896869632884
            ]
          ]
        ]
      }
    },
    {
      "type": "Feature",
      "properties": {
        "cell_id": "CEG2000_f4_r0028_c0106",
        "method": "Regular Topology",
        "view": "annulus"
      },
      "geometry": {
        "type": "Polygon",
        "coordinates": [
          [
            [
              0.4472132434019787,
              0.8944273670488189
            ],
            [
              0.42652734537507997,
              0.9044746672225195
            ],
            [
              0.40561587639189334,
              0.9140436317916318
            ],
            [
              0.3844898955793593,
              0.9231292001650546
            ],
            [
              0.36316057550998926,
              0.9317265673979965
            ],
            [
              0.34163919629319983,
              0.9398311867330944
            ],
            [
              0.31993713960977455,
              0.9474387720049859
            ],
            [
              0.29806588269261,
              0.9545452999070685
            ],
            [
              0.27603699225692724,
              0.9611470121192435
            ],
            [
              0.2538621183831617,
              0.967240417295521
            ],
            [
              0.23155298835576396,
              0.9728222929104346
            ],
            [
              0.20912140046117214,
              0.9778896869632884
            ],
            [
              0.19729960918758635,
              0.9226088417586457
            ],
            [
              0.21846312241626564,
              0.9178279113324784
            ],
            [
              0.23951110041380144,
              0.9125615833769105
            ],
            [
              0.26043241185983057,
              0.9068126430138012
            ],
            [
              0.2812159924221812,
              0.9005841305968099
            ],
            [
              0.3018508506082953,
              0.8938793401034911
            ],
            [
              0.3223260735781303,
              0.8867018173932598
            ],
            [
              0.34263083291546453,
              0.8790553583321468
            ],
            [
              0.36275439035455603,
              0.8709440067853378
            ],
            [
              0.38268610345912335,
              0.8623720524785559
            ],
            [
              0.4024154312506475,
              0.8533440287294214
            ],
            [
              0.42193193978301635,
              0.8438647100499849
            ],
            [
              0.4472132434019787,
              0.8944273670488189
            ]
          ]
        ]
      }
    },
    {
      "type": "Feature",
      "properties": {
        "cell_id": "CEG2000_f4_r0028_c0107",
        "method": "Regular Topology",
        "view": "annulus"
      },
      "geometry": {
        "type": "Polygon",
        "coordinates": [
          [
            [
              0.40663282361543035,
              0.8513424442815866
            ],
            [
              0.394170129332062,
              0.8571838308199411
            ],
            [
              0.38162354679519067,
              0.8628427893934462
            ],
            [
              0.3689957461992783,
              0.8683181156486612
            ],
            [
              0.3562894150238135,
              0.8736086443132262
            ],
            [
              0.3435072574613553,
              0.8787132494438571
            ],
            [
              0.3306519938420204,
              0.8836308446659729
            ],
            [
              0.3177263600545357,
              0.8883603834048993
            ],
            [
              0.30473310696398,
              0.8929008591086042
            ],
            [
              0.2916749998263378,
              0.8972513054619145
            ],
            [
              0.2785548176999912,
              0.901410796592169
            ],
            [
              0.2653753528542733,
              0.9053784472662655
            ],
            [
              0.24813119738073872,
              0.846546733849307
            ],
            [
              0.2604542573704173,
              0.8428369020885078
            ],
            [
              0.2727218868463599,
              0.838947695711413
            ],
            [
              0.284931474981579,
              0.834879942428461
            ],
            [
              0.2970804233015874,
              0.8306345079488802
            ],
            [
              0.3091661462374123,
              0.826212295796447
            ],
            [
              0.3211860716758619,
              0.8216142471171959
            ],
            [
              0.33313764150692937,
              0.8168413404791222
            ],
            [
              0.34501831216821577,
              0.8118945916639204
            ],
            [
              0.35682555518625736,
              0.806775053450804
            ],
            [
              0.3685568577146414,
              0.8014838153924494
            ],
            [
              0.38020972306879663,
              0.7960220035831154
            ],
            [
              0.40663282361543035,
              0.8513424442815866
            ]
          ]
        ]
      }
    },
    {
      "type": "Feature",
      "properties": {
        "cell_id": "CEG2000_f4_r0028_c0108",
        "method": "Regular Topology",
        "view": "annulus"
      },
      "geometry": {
        "type": "Polygon",
        "coordinates": [
          [
            [
              0.5648326357896862,
              0.7557104632223108
            ],
            [
              0.5565077250882511,
              0.7618617739419031
            ],
            [
              0.5481158292357127,
              0.7679213816648492
            ],
            [
              0.5396579583391843,
              0.7738885570145014
            ],
            [
              0.5311351304469957,
              0.7797625817400171
            ],
            [
              0.5225483714261536,
              0.7855427488028125
            ],
            [
              0.5138987148388613,
              0.7912283624616667
            ],
            [
              0.5051872018181118,
              0.7968187383564661
            ],
            [
              0.49641488094237024,
              0.8023132035905782
            ],
            [
              0.4875828081093586,
              0.8077110968118467
            ],
            [
              0.47869204640896174,
              0.8130117682921967
            ],
            [
              0.4697436659952657,
              0.8182145800058396
            ],
            [
              0.4392196074419506,
              0.7650467960478413
            ],
            [
              0.44758651990306386,
              0.7601820643145908
            ],
            [
              0.4558995577289908,
              0.7552258317662598
            ],
            [
              0.46415772030452024,
              0.7501786949695648
            ],
            [
              0.47236001361960855,
              0.7450412614330911
            ],
            [
              0.48050545038902653,
              0.73981414953417
            ],
            [
              0.4885930501711947,
              0.7344979884444456
            ],
            [
              0.49662183948619726,
              0.7290934180541436
            ],
            [
              0.504590851932956,
              0.72360108889505
            ],
            [
              0.512499128305554,
              0.7180216620622082
            ],
            [
              0.5203457167086913,
              0.7123558091343446
            ],
            [
              0.5281296726722624,
              0.706604212093034
            ],
            [
              0.5648326357896862,
              0.7557104632223108
            ]
          ]
        ]
      }
    },
    {
      "type": "Feature",
      "properties": {
        "cell_id": "CEG2000_f4_r0028_c0109",
        "method": "Regular Topology",
        "view": "annulus"
      },
      "geometry": {
        "type": "Polygon",
        "coordinates": [
          [
            [
              0.6443662354204343,
              0.7647170422124104
            ],
            [
              0.6277738348778562,
              0.7783957940808456
            ],
            [
              0.6108911416643487,
              0.7917146032731927
            ],
            [
              0.5937259626075191,
              0.8046673109588676
            ],
            [
              0.5762862351609513,
              0.8172479275984839
            ],
            [
              0.5585800237337994,
              0.8294506357135113
            ],
            [
              0.5406155159616763,
              0.8412697925763711
            ],
            [
              0.5224010189205596,
              0.8526999328197237
            ],
            [
              0.5039449552854666,
              0.8637357709637415
            ],
            [
              0.4852558594356753,
              0.8743722038602005
            ],
            [
              0.4663423735082899,
              0.8846043130522565
            ],
            [
              0.4472132434019787,
              0.8944273670488189
            ],
            [
              0.42193193978301635,
              0.8438647100499849
            ],
            [
              0.4399796856653152,
              0.8345969607413236
            ],
            [
              0.45782397789757245,
              0.8249432804374172
            ],
            [
              0.4754565649934005,
              0.8149081331545784
            ],
            [
              0.49286929336225616,
              0.8044961593055584
            ],
            [
              0.5100541110797907,
              0.7937121735537439
            ],
            [
              0.5270030716111895,
              0.7825611625867818
            ],
            [
              0.5437083374857764,
              0.7710482828106532
            ],
            [
              0.5601621839211857,
              0.7591788579652702
            ],
            [
              0.5763570023954251,
              0.746958376662692
            ],
            [
              0.5922853041651782,
              0.734392489849104
            ],
            [
              0.6079397237287196,
              0.7214870081917291
            ],
            [
              0.6443662354204343,
              0.7647170422124104
            ]
          ]
        ]
      }
    },
    {
      "type": "Feature",
      "properties": {
        "cell_id": "CEG2000_f4_r0028_c0110",
        "method": "Regular Topology",
        "view": "annulus"
      },
      "geometry": {
        "type": "Polygon",
        "coordinates": [
          [
            [
              0.7236122149033978,
              0.69020675340263
            ],
            [
              0.7167484247618763,
              0.6973318403754191
            ],
            [
              0.7098144803743719,
              0.7043886735679815
            ],
            [
              0.7028110604248179,
              0.7113765622682144
            ],
            [
              0.6957388503973103,
              0.7182948225121973
            ],
            [
              0.6885985425090128,
              0.7251427771511368
            ],
            [
              0.6813908356424048,
              0.7319197559176451
            ],
            [
              0.6741164352768747,
              0.7386250954913455
            ],
            [
              0.6667760534196695,
              0.7452581395637957
            ],
            [
              0.6593704085362042,
              0.7518182389027278
            ],
            [
              0.6519002254797394,
              0.7583047514155934
            ],
            [
              0.6443662354204343,
              0.7647170422124104
            ],
            [
              0.6079397237287196,
              0.7214870081917291
            ],
            [
              0.6150478116195142,
              0.7154372090539116
            ],
            [
              0.6220956995657022,
              0.7093173840099111
            ],
            [
              0.6290826977307276,
              0.7031281320588972
            ],
            [
              0.6360081222378341,
              0.6968700589954402
            ],
            [
              0.6428712952370012,
              0.6905437773502158
            ],
            [
              0.6496715449712911,
              0.6841499063300525
            ],
            [
              0.6564082058426002,
              0.6776890717573234
            ],
            [
              0.6630806184768053,
              0.6711619060086926
            ],
            [
              0.6696881297883036,
              0.6645690479532192
            ],
            [
              0.6762300930439346,
              0.6579111428898249
            ],
            [
              0.6827058679262821,
              0.6511888424841338
            ],
            [
              0.7236122149033978,
              0.69020675340263
            ]
          ]
        ]
      }
    }
  ]
}