dataset,cell_id,month,value,previous_value,delta,relative_delta,value_bin,value_reconstructed,delta_bin,delta_reconstructed,theta,rho
湖南,CEG2000_f4_r0016_c0094,1,42.32655392763191,,,,4,44.50084922822303,4,,-1.5522542097139531,0.911221401301028
湖南,CEG2000_f4_r0016_c0094,2,37.989414871441106,42.32655392763191,-4.337139056190807,-0.10246851334994711,3,39.864959320964054,3,-3.335098400800444,-1.5522542097139531,0.911221401301028
湖南,CEG2000_f4_r0016_c0094,3,42.07270649804098,37.989414871441106,4.083291626599873,0.10748498339387495,3,39.864959320964054,5,3.3350984008004456,-1.5522542097139531,0.911221401301028
湖南,CEG2000_f4_r0016_c0094,4,35.486473635541415,42.07270649804098,-6.586232862499564,-0.15654407359807568,2,35.229069413705076,2,-6.670196801600889,-1.5522542097139531,0.911221401301028
湖南,CEG2000_f4_r0016_c0094,5,31.59085295674335,35.486473635541415,-3.895620678798064,-0.1097776217160223,1,30.593179506446095,3,-3.335098400800444,-1.5522542097139531,0.911221401301028
湖南,CEG2000_f4_r0016_c0094,6,23.82900047474374,31.59085295674335,-7.761852481999611,-0.24569936407313034,0,25.957289599187117,2,-6.670196801600889,-1.5522542097139531,0.911221401301028
湖南,CEG2000_f4_r0016_c0094,7,26.82403087261773,23.82900047474374,2.9950303978739896,0.125688461043442,0,25.957289599187117,5,3.3350984008004456,-1.5522542097139531,0.911221401301028
湖南,CEG2000_f4_r0016_c0094,8,29.84648664329468,26.82403087261773,3.022455770676949,0.11267716567394445,1,30.593179506446095,5,3.3350984008004456,-1.5522542097139531,0.911221401301028
湖南,CEG2000_f4_r0016_c0094,9,39.047423715128694,29.84648664329468,9.200937071834016,0.3082753820172366,3,39.864959320964054,7,10.005295202401335,-1.5522542097139531,0.911221401301028
湖南,CEG2000_f4_r0016_c0094,10,28.5071127690304,39.047423715128694,-10.540310946098295,-0.2699361428552971,1,30.593179506446095,1,-10.005295202401333,-1.5522542097139531,0.911221401301028
湖南,CEG2000_f4_r0016_c0094,11,32.45115497585512,28.5071127690304,3.9440422068247187,0.13835291699934807,1,30.593179506446095,5,3.3350984008004456,-1.5522542097139531,0.911221401301028
湖南,CEG2000_f4_r0016_c0094,12,42.499008907324935,32.45115497585512,10.047853931469817,0.30963008678568754,4,44.50084922822303,7,10.005295202401335,-1.5522542097139531,0.911221401301028
湖南,CEG2000_f4_r0016_c0095,1,38.640372632695666,,,,3,39.864959320964054,4,,-1.458284434061293,0.940354900962442
湖南,CEG2000_f4_r0016_c0095,2,34.49555806119292,38.640372632695666,-4.144814571502749,-0.10726642340906418,2,35.229069413705076,3,-3.335098400800444,-1.458284434061293,0.940354900962442
湖南,CEG2000_f4_r0016_c0095,3,36.17224364398926,34.49555806119292,1.6766855827963454,0.048605840201860546,2,35.229069413705076,5,3.3350984008004456,-1.458284434061293,0.940354900962442
湖南,CEG2000_f4_r0016_c0095,4,31.204804533746096,36.17224364398926,-4.967439110243166,-0.137327370652846,1,30.593179506446095,3,-3.335098400800444,-1.458284434061293,0.940354900962442
湖南,CEG2000_f4_r0016_c0095,5,29.06981101089472,31.204804533746096,-2.1349935228513743,-0.06841874367591404,1,30.593179506446095,3,-3.335098400800444,-1.458284434061293,0.940354900962442
湖南,CEG2000_f4_r0016_c0095,6,21.616461784359327,29.06981101089472,-7.453349226535394,-0.2563948291147144,0,25.957289599187117,2,-6.670196801600889,-1.458284434061293,0.940354900962442
湖南,CEG2000_f4_r0016_c0095,7,23.87906913217069,21.616461784359327,2.2626073478113646,0.10467056867967554,0,25.957289599187117,5,3.3350984008004456,-1.458284434061293,0.940354900962442
湖南,CEG2000_f4_r0016_c0095,8,25.73718616493621,23.87906913217069,1.85811703276552,0.07781362927008749,0,25.957289599187117,5,3.3350984008004456,-1.458284434061293,0.940354900962442
湖南,CEG2000_f4_r0016_c0095,9,33.76155611676999,25.73718616493621,8.024369951833776,0.3117811675452698,2,35.229069413705076,6,6.670196801600891,-1.458284434061293,0.940354900962442
湖南,CEG2000_f4_r0016_c0095,10,26.03525756607529,33.76155611676999,-7.726298550694697,-0.22884900577366757,0,25.957289599187117,2,-6.670196801600889,-1.458284434061293,0.940354900962442
湖南,CEG2000_f4_r0016_c0095,11,27.765674128818585,26.03525756607529,1.7304165627432937,0.0664643535156755,0,25.957289599187117,5,3.3350984008004456,-1.458284434061293,0.940354900962442
湖南,CEG2000_f4_r0016_c0095,12,33.30409057386925,27.765674128818585,5.538416445050668,0.19946990731632291,2,35.229069413705076,6,6.670196801600891,-1.458284434061293,0.940354900962442
湖南,CEG2000_f4_r0016_c0096,1,37.6027511649794,,,,3,39.864959320964054,4,,-1.3587007492588343,0.956646180329747
湖南,CEG2000_f4_r0016_c0096,2,36.55629572445958,37.6027511649794,-1.0464554405198214,-0.027829225471523944,2,35.229069413705076,4,0.0,-1.3587007492588343,0.956646180329747
湖南,CEG2000_f4_r0016_c0096,3,35.232567512690835,36.55629572445958,-1.3237282117687457,-0.03621067686250956,2,35.229069413705076,4,0.0,-1.3587007492588343,0.956646180329747
湖南,CEG2000_f4_r0016_c0096,4,30.10097732980002,35.232567512690835,-5.131590182890815,-0.14564905555186708,1,30.593179506446095,2,-6.670196801600889,-1.3587007492588343,0.956646180329747
湖南,CEG2000_f4_r0016_c0096,5,28.854677802239713,30.10097732980002,-1.246299527560307,-0.04140395555616955,1,30.593179506446095,4,0.0,-1.3587007492588343,0.956646180329747
湖南,CEG2000_f4_r0016_c0096,6,21.099956408646797,28.854677802239713,-7.7547213935929165,-0.26875092651323906,0,25.957289599187117,2,-6.670196801600889,-1.3587007492588343,0.956646180329747
湖南,CEG2000_f4_r0016_c0096,7,23.30808494451439,21.099956408646797,2.208128535867594,0.10465085771280075,0,25.957289599187117,5,3.3350984008004456,-1.3587007492588343,0.956646180329747
湖南,CEG2000_f4_r0016_c0096,8,24.574247931920116,23.30808494451439,1.2661629874057247,0.05432290942906139,0,25.957289599187117,4,0.0,-1.3587007492588343,0.956646180329747
湖南,CEG2000_f4_r0016_c0096,9,33.63526620752359,24.574247931920116,9.061018275603477,0.36872006421949904,2,35.229069413705076,7,10.005295202401335,-1.3587007492588343,0.956646180329747
湖南,CEG2000_f4_r0016_c0096,10,26.60443500856135,33.63526620752359,-7.030831198962243,-0.2090315312381733,0,25.957289599187117,2,-6.670196801600889,-1.3587007492588343,0.956646180329747
湖南,CEG2000_f4_r0016_c0096,11,27.22506011125221,26.60443500856135,0.6206251026908589,0.023327881328475526,0,25.957289599187117,4,0.0,-1.3587007492588343,0.956646180329747
湖南,CEG2000_f4_r0016_c0096,12,32.48788263874638,27.22506011125221,5.262822527494169,0.19330802231430252,1,30.593179506446095,6,6.670196801600891,-1.3587007492588343,0.956646180329747
湖南,CEG2000_f4_r0016_c0098,1,38.62344631462812,,,,3,39.864959320964054,4,,-1.0973441507924722,0.9756978136220962
湖南,CEG2000_f4_r0016_c0098,2,36.525595068499165,38.62344631462812,-2.097851246128954,-0.05431548570367789,2,35.229069413705076,3,-3.335098400800444,-1.0973441507924722,0.9756978136220962
湖南,CEG2000_f4_r0016_c0098,3,34.04129629944868,36.525595068499165,-2.4842987690504827,-0.06801528529217642,2,35.229069413705076,3,-3.335098400800444,-1.0973441507924722,0.9756978136220962
湖南,CEG2000_f4_r0016_c0098,4,29.5696282923437,34.04129629944868,-4.471668007104981,-0.1313600976816327,1,30.593179506446095,3,-3.335098400800444,-1.0973441507924722,0.9756978136220962
湖南,CEG2000_f4_r0016_c0098,5,27.92539837755681,29.5696282923437,-1.6442299147868908,-0.055605362993779064,0,25.957289599187117,4,0.0,-1.0973441507924722,0.9756978136220962
湖南,CEG2000_f4_r0016_c0098,6,21.046738368673395,27.92539837755681,-6.878660008883415,-0.24632271725841098,0,25.957289599187117,2,-6.670196801600889,-1.0973441507924722,0.9756978136220962
湖南,CEG2000_f4_r0016_c0098,7,23.645252825558995,21.046738368673395,2.5985144568855993,0.12346399766879353,0,25.957289599187117,5,3.3350984008004456,-1.0973441507924722,0.9756978136220962
湖南,CEG2000_f4_r0016_c0098,8,24.05346289357597,23.645252825558995,0.4082100680169738,0.017263933315854633,0,25.957289599187117,4,0.0,-1.0973441507924722,0.9756978136220962
湖南,CEG2000_f4_r0016_c0098,9,31.94765114417256,24.05346289357597,7.894188250596592,0.3281934200295508,1,30.593179506446095,6,6.670196801600891,-1.0973441507924722,0.9756978136220962
湖南,CEG2000_f4_r0016_c0098,10,25.714074565448392,31.94765114417256,-6.233576578724168,-0.1951184627186969,0,25.957289599187117,2,-6.670196801600889,-1.0973441507924722,0.9756978136220962
湖南,CEG2000_f4_r0016_c0098,11,26.131186418330813,25.714074565448392,0.4171118528824209,0.01622114969841799,0,25.957289599187117,4,0.0,-1.0973441507924722,0.9756978136220962
湖南,CEG2000_f4_r0016_c0098,12,31.6179249339117,26.131186418330813,5.486738515580885,0.2099689783595889,1,30.593179506446095,6,6.670196801600891,-1.0973441507924722,0.9756978136220962
湖南,CEG2000_f4_r0017_c0094,1,42.18329997633446,,,,4,44.50084922822303,4,,-1.5964439143617493,0.8938604782356598
湖南,CEG2000_f4_r0017_c0094,2,38.75010946259191,42.18329997633446,-3.4331905137425522,-0.08138743331291363,3,39.864959320964054,3,-3.335098400800444,-1.5964439143617493,0.8938604782356598
湖南,CEG2000_f4_r0017_c0094,3,41.62536345937312,38.75010946259191,2.875253996781211,0.07419989353983342,3,39.864959320964054,5,3.3350984008004456,-1.5964439143617493,0.8938604782356598
湖南,CEG2000_f4_r0017_c0094,4,36.02008285084508,41.62536345937312,-5.605280608528041,-0.1346602201803923,2,35.229069413705076,2,-6.670196801600889,-1.5964439143617493,0.8938604782356598
湖南,CEG2000_f4_r0017_c0094,5,32.016864019302666,36.02008285084508,-4.003218831542412,-0.11113852369855089,1,30.593179506446095,3,-3.335098400800444,-1.5964439143617493,0.8938604782356598
湖南,CEG2000_f4_r0017_c0094,6,24.06396841633606,32.016864019302666,-7.952895602966606,-0.2483970821805621,0,25.957289599187117,2,-6.670196801600889,-1.5964439143617493,0.8938604782356598
湖南,CEG2000_f4_r0017_c0094,7,27.26668270439685,24.06396841633606,3.2027142880607897,0.13309169263564175,0,25.957289599187117,5,3.3350984008004456,-1.5964439143617493,0.8938604782356598
湖南,CEG2000_f4_r0017_c0094,8,30.399964679169564,27.26668270439685,3.1332819747727143,0.11491247427276738,1,30.593179506446095,5,3.3350984008004456,-1.5964439143617493,0.8938604782356598
湖南,CEG2000_f4_r0017_c0094,9,39.3713073823859,30.399964679169564,8.971342703216337,0.2951103002222767,3,39.864959320964054,7,10.005295202401335,-1.5964439143617493,0.8938604782356598
湖南,CEG2000_f4_r0017_c0094,10,27.932493930542563,39.3713073823859,-11.438813451843338,-0.2905367947461374,0,25.957289599187117,1,-10.005295202401333,-1.5964439143617493,0.8938604782356598
湖南,CEG2000_f4_r0017_c0094,11,31.38062108361311,27.932493930542563,3.4481271530705477,0.12344501574563024,1,30.593179506446095,5,3.3350984008004456,-1.5964439143617493,0.8938604782356598
湖南,CEG2000_f4_r0017_c0094,12,42.23435162561129,31.38062108361311,10.853730541998178,0.3458736687549493,4,44.50084922822303,7,10.005295202401335,-1.5964439143617493,0.8938604782356598
湖南,CEG2000_f4_r0017_c0095,1,40.99224439906706,,,,3,39.864959320964054,4,,-1.4350972260095023,0.8030601666175193
湖南,CEG2000_f4_r0017_c0095,2,36.96247946636604,40.99224439906706,-4.0297649327010205,-0.09830554515313959,2,35.229069413705076,3,-3.335098400800444,-1.4350972260095023,0.8030601666175193
湖南,CEG2000_f4_r0017_c0095,3,37.85625933725537,36.96247946636604,0.8937798708893325,0.024180733646470505,3,39.864959320964054,4,0.0,-1.4350972260095023,0.8030601666175193
湖南,CEG2000_f4_r0017_c0095,4,33.388106284787675,37.85625933725537,-4.468153052467699,-0.11802943900668146,2,35.229069413705076,3,-3.335098400800444,-1.4350972260095023,0.8030601666175193
湖南,CEG2000_f4_r0017_c0095,5,30.371713850078866,33.388106284787675,-3.016392434708809,-0.09034332192967594,1,30.593179506446095,3,-3.335098400800444,-1.4350972260095023,0.8030601666175193
湖南,CEG2000_f4_r0017_c0095,6,23.15518256369589,30.371713850078866,-7.216531286382974,-0.23760698266832364,0,25.957289599187117,2,-6.670196801600889,-1.4350972260095023,0.8030601666175193
湖南,CEG2000_f4_r0017_c0095,7,26.055903703002624,23.15518256369589,2.9007211393067323,0.12527308438736562,0,25.957289599187117,5,3.3350984008004456,-1.4350972260095023,0.8030601666175193
湖南,CEG2000_f4_r0017_c0095,8,28.045900211152222,26.055903703002624,1.9899965081495985,0.07637411201824007,0,25.957289599187117,5,3.3350984008004456,-1.4350972260095023,0.8030601666175193
湖南,CEG2000_f4_r0017_c0095,9,36.22035469429979,28.045900211152222,8.17445448314757,0.2914670030772293,2,35.229069413705076,6,6.670196801600891,-1.4350972260095023,0.8030601666175193
湖南,CEG2000_f4_r0017_c0095,10,26.49863590765833,36.22035469429979,-9.721718786641464,-0.2684048477352826,0,25.957289599187117,1,-10.005295202401333,-1.4350972260095023,0.8030601666175193
湖南,CEG2000_f4_r0017_c0095,11,29.9423613019716,26.49863590765833,3.4437253943132724,0.1299585913144309,1,30.593179506446095,5,3.3350984008004456,-1.4350972260095023,0.8030601666175193
湖南,CEG2000_f4_r0017_c0095,12,38.81407038815185,29.9423613019716,8.871709086180246,0.2962929007738636,3,39.864959320964054,7,10.005295202401335,-1.4350972260095023,0.8030601666175193
湖南,CEG2000_f4_r0017_c0096,1,40.08796401320188,,,,3,39.864959320964054,4,,-1.2831649509502785,0.9366049346765734
湖南,CEG2000_f4_r0017_c0096,2,37.994180291202674,40.08796401320188,-2.093783721999209,-0.05222973462333178,3,39.864959320964054,3,-3.335098400800444,-1.2831649509502785,0.9366049346765734
湖南,CEG2000_f4_r0017_c0096,3,36.34556202786895,37.994180291202674,-1.6486182633337236,-0.04339133653359673,2,35.229069413705076,4,0.0,-1.2831649509502785,0.9366049346765734
湖南,CEG2000_f4_r0017_c0096,4,32.4110596312392,36.34556202786895,-3.934502396629753,-0.10825262224897957,1,30.593179506446095,3,-3.335098400800444,-1.2831649509502785,0.9366049346765734
湖南,CEG2000_f4_r0017_c0096,5,29.51705789369425,32.4110596312392,-2.894001737544947,-0.0892905622485598,1,30.593179506446095,3,-3.335098400800444,-1.2831649509502785,0.9366049346765734
湖南,CEG2000_f4_r0017_c0096,6,22.561946933363867,29.51705789369425,-6.955110960330384,-0.23563022389898178,0,25.957289599187117,2,-6.670196801600889,-1.2831649509502785,0.9366049346765734
湖南,CEG2000_f4_r0017_c0096,7,24.945687782434717,22.561946933363867,2.3837408490708505,0.10565315378638059,0,25.957289599187117,5,3.3350984008004456,-1.2831649509502785,0.9366049346765734
湖南,CEG2000_f4_r0017_c0096,8,25.817732224794177,24.945687782434717,0.87204444235946,0.03495772295256186,0,25.957289599187117,4,0.0,-1.2831649509502785,0.9366049346765734
湖南,CEG2000_f4_r0017_c0096,9,33.64015074557723,25.817732224794177,7.822418520783053,0.30298627519541615,2,35.229069413705076,6,6.670196801600891,-1.2831649509502785,0.9366049346765734
湖南,CEG2000_f4_r0017_c0096,10,25.087888935742853,33.64015074557723,-8.552261809834377,-0.25422780874306183,0,25.957289599187117,1,-10.005295202401333,-1.2831649509502785,0.9366049346765734
湖南,CEG2000_f4_r0017_c0096,11,28.70703894048397,25.087888935742853,3.6191500047411154,0.14425884991801333,1,30.593179506446095,5,3.3350984008004456,-1.2831649509502785,0.9366049346765734
湖南,CEG2000_f4_r0017_c0096,12,36.86035259849569,28.70703894048397,8.153313658011719,0.2840179258792709,2,35.229069413705076,6,6.670196801600891,-1.2831649509502785,0.9366049346765734
湖南,CEG2000_f4_r0017_c0097,1,40.3754017488422,,,,3,39.864959320964054,4,,-1.1338039549037169,0.8644304713917595
湖南,CEG2000_f4_r0017_c0097,2,37.33843754680768,40.3754017488422,-3.0369642020345182,-0.07521817915091349,2,35.229069413705076,3,-3.335098400800444,-1.1338039549037169,0.8644304713917595
湖南,CEG2000_f4_r0017_c0097,3,37.86933379832245,37.33843754680768,0.5308962515147684,0.014218491356239364,3,39.864959320964054,4,0.0,-1.1338039549037169,0.8644304713917595
湖南,CEG2000_f4_r0017_c0097,4,32.77616259271195,37.86933379832245,-5.093171205610503,-0.13449328770172667,1,30.593179506446095,2,-6.670196801600889,-1.1338039549037169,0.8644304713917595
湖南,CEG2000_f4_r0017_c0097,5,30.184260630322253,32.77616259271195,-2.591901962389695,-0.07907887188007866,1,30.593179506446095,3,-3.335098400800444,-1.1338039549037169,0.8644304713917595
湖南,CEG2000_f4_r0017_c0097,6,22.95552856132067,30.184260630322253,-7.228732069001584,-0.23948680265965516,0,25.957289599187117,2,-6.670196801600889,-1.1338039549037169,0.8644304713917595
湖南,CEG2000_f4_r0017_c0097,7,25.59039535692467,22.95552856132067,2.634866795604001,0.11478136034051803,0,25.957289599187117,5,3.3350984008004456,-1.1338039549037169,0.8644304713917595
湖南,CEG2000_f4_r0017_c0097,8,25.883171655935023,25.59039535692467,0.2927762990103524,0.011440866580090884,0,25.957289599187117,4,0.0,-1.1338039549037169,0.8644304713917595
湖南,CEG2000_f4_r0017_c0097,9,35.76261579359454,25.883171655935023,9.879444137659519,0.3816937224304255,2,35.229069413705076,7,10.005295202401335,-1.1338039549037169,0.8644304713917595
湖南,CEG2000_f4_r0017_c0097,10,26.098313490738608,35.76261579359454,-9.664302302855933,-0.2702347713778507,0,25.957289599187117,1,-10.005295202401333,-1.1338039549037169,0.8644304713917595
湖南,CEG2000_f4_r0017_c0097,11,29.56513781456213,26.098313490738608,3.4668243238235235,0.1328371017174646,1,30.593179506446095,5,3.3350984008004456,-1.1338039549037169,0.8644304713917595
湖南,CEG2000_f4_r0017_c0097,12,38.15788335678666,29.56513781456213,8.592745542224531,0.2906377638460466,3,39.864959320964054,7,10.005295202401335,-1.1338039549037169,0.8644304713917595
湖南,CEG2000_f4_r0017_c0098,1,40.61275868451688,,,,3,39.864959320964054,4,,-1.0468715294550923,0.9140430574322562
湖南,CEG2000_f4_r0017_c0098,2,36.47631797820707,40.61275868451688,-4.136440706309813,-0.1018507690758466,2,35.229069413705076,3,-3.335098400800444,-1.0468715294550923,0.9140430574322562
湖南,CEG2000_f4_r0017_c0098,3,36.2691420457126,36.47631797820707,-0.2071759324944722,-0.005679738087003472,2,35.229069413705076,4,0.0,-1.0468715294550923,0.9140430574322562
湖南,CEG2000_f4_r0017_c0098,4,32.653536798391215,36.2691420457126,-3.6156052473213833,-0.0996881934169928,1,30.593179506446095,3,-3.335098400800444,-1.0468715294550923,0.9140430574322562
湖南,CEG2000_f4_r0017_c0098,5,30.525235542730588,32.653536798391215,-2.1283012556606273,-0.06517827666880743,1,30.593179506446095,3,-3.335098400800444,-1.0468715294550923,0.9140430574322562
湖南,CEG2000_f4_r0017_c0098,6,23.17230910813332,30.525235542730588,-7.3529264345972685,-0.2408802521541337,0,25.957289599187117,2,-6.670196801600889,-1.0468715294550923,0.9140430574322562
湖南,CEG2000_f4_r0017_c0098,7,26.028226980001463,23.17230910813332,2.8559178718681437,0.1232470125675018,0,25.957289599187117,5,3.3350984008004456,-1.0468715294550923,0.9140430574322562
湖南,CEG2000_f4_r0017_c0098,8,25.476547193885533,26.028226980001463,-0.5516797861159297,-0.021195442414875493,0,25.957289599187117,4,0.0,-1.0468715294550923,0.9140430574322562
湖南,CEG2000_f4_r0017_c0098,9,35.12714147738056,25.476547193885533,9.650594283495028,0.3788030697429519,2,35.229069413705076,7,10.005295202401335,-1.0468715294550923,0.9140430574322562
湖南,CEG2000_f4_r0017_c0098,10,26.346051708014414,35.12714147738056,-8.781089769366147,-0.24998019764917562,0,25.957289599187117,1,-10.005295202401333,-1.0468715294550923,0.9140430574322562
湖南,CEG2000_f4_r0017_c0098,11,29.041076862986287,26.346051708014414,2.695025154971873,0.10229332215847932,1,30.593179506446095,5,3.3350984008004456,-1.0468715294550923,0.9140430574322562
湖南,CEG2000_f4_r0017_c0098,12,38.09145572616808,29.041076862986287,9.050378863181791,0.3116406084347639,3,39.864959320964054,7,10.005295202401335,-1.0468715294550923,0.9140430574322562
湖南,CEG2000_f4_r0017_c0100,1,37.92626516177957,,,,3,39.864959320964054,4,,-0.7992569990492364,0.978154321322052
湖南,CEG2000_f4_r0017_c0100,2,38.92324035254739,37.92626516177957,0.9969751907678202,0.026287196656857425,3,39.864959320964054,4,0.0,-0.7992569990492364,0.978154321322052
湖南,CEG2000_f4_r0017_c0100,3,33.70065951510836,38.92324035254739,-5.2225808374390255,-0.13417641465960903,2,35.229069413705076,2,-6.670196801600889,-0.7992569990492364,0.978154321322052
湖南,CEG2000_f4_r0017_c0100,4,29.405918121576203,33.70065951510836,-4.29474139353216,-0.12743790345131917,1,30.593179506446095,3,-3.335098400800444,-0.7992569990492364,0.978154321322052
湖南,CEG2000_f4_r0017_c0100,5,29.254497246601332,29.405918121576203,-0.1514208749748711,-0.005149333353539063,1,30.593179506446095,4,0.0,-0.7992569990492364,0.978154321322052
湖南,CEG2000_f4_r0017_c0100,6,19.657944265753898,29.254497246601332,-9.596552980847434,-0.3280368450687466,0,25.957289599187117,1,-10.005295202401333,-0.7992569990492364,0.978154321322052
湖南,CEG2000_f4_r0017_c0100,7,22.424519738248616,19.657944265753898,2.7665754724947185,0.14073574709001332,0,25.957289599187117,5,3.3350984008004456,-0.7992569990492364,0.978154321322052
湖南,CEG2000_f4_r0017_c0100,8,19.88713606927754,22.424519738248616,-2.537383668971078,-0.11315219672879606,0,25.957289599187117,3,-3.335098400800444,-0.7992569990492364,0.978154321322052
湖南,CEG2000_f4_r0017_c0100,9,29.461541058655214,19.88713606927754,9.574404989377676,0.48143709360789305,1,30.593179506446095,7,10.005295202401335,-0.7992569990492364,0.978154321322052
湖南,CEG2000_f4_r0017_c0100,10,25.697200438556106,29.461541058655214,-3.7643406200991087,-0.12777134137703977,0,25.957289599187117,3,-3.335098400800444,-0.7992569990492364,0.978154321322052
湖南,CEG2000_f4_r0017_c0100,11,26.023983451394496,25.697200438556106,0.3267830128383906,0.01271667758593987,0,25.957289599187117,4,0.0,-0.7992569990492364,0.978154321322052
湖南,CEG2000_f4_r0017_c0100,12,30.21167051624712,26.023983451394496,4.187687064852625,0.16091645126788717,1,30.593179506446095,5,3.3350984008004456,-0.7992569990492364,0.978154321322052
湖南,CEG2000_f4_r0018_c0094,1,41.64960933603296,,,,3,39.864959320964054,4,,-1.5674921628779628,0.677193303007665
湖南,CEG2000_f4_r0018_c0094,2,39.96308957082667,41.64960933603296,-1.6865197652062918,-0.040493051245674164,3,39.864959320964054,3,-3.335098400800444,-1.5674921628779628,0.677193303007665
湖南,CEG2000_f4_r0018_c0094,3,42.22687331165361,39.96308957082667,2.263783740826945,0.056646865023156835,4,44.50084922822303,5,3.3350984008004456,-1.5674921628779628,0.677193303007665
湖南,CEG2000_f4_r0018_c0094,4,36.87047507083814,42.22687331165361,-5.356398240815473,-0.12684809034480973,2,35.229069413705076,2,-6.670196801600889,-1.5674921628779628,0.677193303007665
湖南,CEG2000_f4_r0018_c0094,5,32.07998130262027,36.87047507083814,-4.790493768217871,-0.12992763882250064,1,30.593179506446095,3,-3.335098400800444,-1.5674921628779628,0.677193303007665
湖南,CEG2000_f4_r0018_c0094,6,24.926250225426617,32.07998130262027,-7.153731077193651,-0.22299673462120564,0,25.957289599187117,2,-6.670196801600889,-1.5674921628779628,0.677193303007665
湖南,CEG2000_f4_r0018_c0094,7,27.8983679126593,24.926250225426617,2.972117687232682,0.11923645395330672,0,25.957289599187117,5,3.3350984008004456,-1.5674921628779628,0.677193303007665
湖南,CEG2000_f4_r0018_c0094,8,30.058539229229563,27.8983679126593,2.1601713165702634,0.07743002470012067,1,30.593179506446095,5,3.3350984008004456,-1.5674921628779628,0.677193303007665
湖南,CEG2000_f4_r0018_c0094,9,39.38275588470304,30.058539229229563,9.324216655473474,0.3102019224675565,3,39.864959320964054,7,10.005295202401335,-1.5674921628779628,0.677193303007665
湖南,CEG2000_f4_r0018_c0094,10,27.678826292019465,39.38275588470304,-11.703929592683572,-0.2971841185250722,0,25.957289599187117,0,-13.340393603201779,-1.5674921628779628,0.677193303007665
湖南,CEG2000_f4_r0018_c0094,11,31.562066252023833,27.678826292019465,3.883239960004367,0.14029640993570625,1,30.593179506446095,5,3.3350984008004456,-1.5674921628779628,0.677193303007665
湖南,CEG2000_f4_r0018_c0094,12,43.44520432801302,31.562066252023833,11.883138075989187,0.3765006378575488,4,44.50084922822303,8,13.340393603201779,-1.5674921628779628,0.677193303007665
湖南,CEG2000_f4_r0018_c0095,1,43.00058769708885,,,,4,44.50084922822303,4,,-1.4052386054430828,0.6533505907172868
湖南,CEG2000_f4_r0018_c0095,2,38.76198763580517,43.00058769708885,-4.238600061283677,-0.09857074724517384,3,39.864959320964054,3,-3.335098400800444,-1.4052386054430828,0.6533505907172868
湖南,CEG2000_f4_r0018_c0095,3,41.76425259271512,38.76198763580517,3.002264956909947,0.07745384434663766,3,39.864959320964054,5,3.3350984008004456,-1.4052386054430828,0.6533505907172868
湖南,CEG2000_f4_r0018_c0095,4,37.149919144510555,41.76425259271512,-4.614333448204562,-0.11048523945115286,2,35.229069413705076,3,-3.335098400800444,-1.4052386054430828,0.6533505907172868
湖南,CEG2000_f4_r0018_c0095,5,33.12704269839491,37.149919144510555,-4.022876446115646,-0.10828762319688884,2,35.229069413705076,3,-3.335098400800444,-1.4052386054430828,0.6533505907172868
湖南,CEG2000_f4_r0018_c0095,6,24.91469457540774,33.12704269839491,-8.21234812298717,-0.24790465595605607,0,25.957289599187117,2,-6.670196801600889,-1.4052386054430828,0.6533505907172868
湖南,CEG2000_f4_r0018_c0095,7,27.938450453857687,24.91469457540774,3.023755878449947,0.12136435665699755,0,25.957289599187117,5,3.3350984008004456,-1.4052386054430828,0.6533505907172868
湖南,CEG2000_f4_r0018_c0095,8,29.53471524606246,27.938450453857687,1.5962647922047744,0.05713505102371793,1,30.593179506446095,4,0.0,-1.4052386054430828,0.6533505907172868
湖南,CEG2000_f4_r0018_c0095,9,40.04262438764312,29.53471524606246,10.507909141580662,0.355781630330144,3,39.864959320964054,7,10.005295202401335,-1.4052386054430828,0.6533505907172868
湖南,CEG2000_f4_r0018_c0095,10,28.74421758290979,40.04262438764312,-11.298406804733332,-0.28215949822259756,1,30.593179506446095,1,-10.005295202401333,-1.4052386054430828,0.6533505907172868
湖南,CEG2000_f4_r0018_c0095,11,33.00070744361376,28.74421758290979,4.256489860703972,0.14808160453233968,2,35.229069413705076,5,3.3350984008004456,-1.4052386054430828,0.6533505907172868
湖南,CEG2000_f4_r0018_c0095,12,45.06321248762789,33.00070744361376,12.062505044014124,0.3655226199203326,4,44.50084922822303,8,13.340393603201779,-1.4052386054430828,0.6533505907172868
湖南,CEG2000_f4_r0018_c0096,1,43.74589400409577,,,,4,44.50084922822303,4,,-1.2203205349694906,0.7671159469305627
湖南,CEG2000_f4_r0018_c0096,2,38.98753999340227,43.74589400409577,-4.758354010693495,-0.10877258583966731,3,39.864959320964054,3,-3.335098400800444,-1.2203205349694906,0.7671159469305627
湖南,CEG2000_f4_r0018_c0096,3,42.100184237744536,38.98753999340227,3.1126442443422633,0.0798368977593612,3,39.864959320964054,5,3.3350984008004456,-1.2203205349694906,0.7671159469305627
湖南,CEG2000_f4_r0018_c0096,4,36.82754323055707,42.100184237744536,-5.272641007187467,-0.1252403309546643,2,35.229069413705076,2,-6.670196801600889,-1.2203205349694906,0.7671159469305627
湖南,CEG2000_f4_r0018_c0096,5,34.3320917233066,36.82754323055707,-2.495451507250472,-0.06776046644295053,2,35.229069413705076,3,-3.335098400800444,-1.2203205349694906,0.7671159469305627
湖南,CEG2000_f4_r0018_c0096,6,25.199055602314907,34.3320917233066,-9.13303612099169,-0.2660203810067203,0,25.957289599187117,1,-10.005295202401333,-1.2203205349694906,0.7671159469305627
湖南,CEG2000_f4_r0018_c0096,7,28.43603434005458,25.199055602314907,3.2369787377396726,0.12845635125477908,1,30.593179506446095,5,3.3350984008004456,-1.2203205349694906,0.7671159469305627
湖南,CEG2000_f4_r0018_c0096,8,29.323766898085992,28.43603434005458,0.8877325580314128,0.03121857806948017,1,30.593179506446095,4,0.0,-1.2203205349694906,0.7671159469305627
湖南,CEG2000_f4_r0018_c0096,9,39.58068036022303,29.323766898085992,10.256913462137035,0.34978157812346133,3,39.864959320964054,7,10.005295202401335,-1.2203205349694906,0.7671159469305627
湖南,CEG2000_f4_r0018_c0096,10,28.66919532526315,39.58068036022303,-10.911485034959878,-0.27567704586314984,1,30.593179506446095,1,-10.005295202401333,-1.2203205349694906,0.7671159469305627
湖南,CEG2000_f4_r0018_c0096,11,34.05620224481018,28.66919532526315,5.38700691954703,0.18790227135534657,2,35.229069413705076,6,6.670196801600891,-1.2203205349694906,0.7671159469305627
湖南,CEG2000_f4_r0018_c0096,12,45.73500704257027,34.05620224481018,11.678804797760087,0.3429273973007316,4,44.50084922822303,8,13.340393603201779,-1.2203205349694906,0.7671159469305627
湖南,CEG2000_f4_r0018_c0097,1,42.66936095596329,,,,4,44.50084922822303,4,,-1.0572319360798257,0.7267949523074569
湖南,CEG2000_f4_r0018_c0097,2,38.760579902595914,42.66936095596329,-3.9087810533673775,-0.09160627123995169,3,39.864959320964054,3,-3.335098400800444,-1.0572319360798257,0.7267949523074569
湖南,CEG2000_f4_r0018_c0097,3,41.0155848828008,38.760579902595914,2.2550049802048875,0.05817779264065817,3,39.864959320964054,5,3.3350984008004456,-1.0572319360798257,0.7267949523074569
湖南,CEG2000_f4_r0018_c0097,4,35.39212060763842,41.0155848828008,-5.623464275162384,-0.13710554881104448,2,35.229069413705076,2,-6.670196801600889,-1.0572319360798257,0.7267949523074569
湖南,CEG2000_f4_r0018_c0097,5,33.52036686043091,35.39212060763842,-1.8717537472075065,-0.05288617113277863,2,35.229069413705076,3,-3.335098400800444,-1.0572319360798257,0.7267949523074569
湖南,CEG2000_f4_r0018_c0097,6,25.16687781431268,33.52036686043091,-8.35348904611823,-0.24920637297615916,0,25.957289599187117,1,-10.005295202401333,-1.0572319360798257,0.7267949523074569
湖南,CEG2000_f4_r0018_c0097,7,27.945239999655147,25.16687781431268,2.7783621853424663,0.11039757119821915,0,25.957289599187117,5,3.3350984008004456,-1.0572319360798257,0.7267949523074569
湖南,CEG2000_f4_r0018_c0097,8,27.56575056631457,27.945239999655147,-0.37948943334057716,-0.013579752163347324,0,25.957289599187117,4,0.0,-1.0572319360798257,0.7267949523074569
湖南,CEG2000_f4_r0018_c0097,9,38.034299029066645,27.56575056631457,10.468548462752075,0.37976649456970246,3,39.864959320964054,7,10.005295202401335,-1.0572319360798257,0.7267949523074569
湖南,CEG2000_f4_r0018_c0097,10,27.560256343154578,38.034299029066645,-10.474042685912067,-0.2753841388770587,0,25.957289599187117,1,-10.005295202401333,-1.0572319360798257,0.7267949523074569
湖南,CEG2000_f4_r0018_c0097,11,33.09475661797519,27.560256343154578,5.534500274820616,0.20081454272087262,2,35.229069413705076,6,6.670196801600891,-1.0572319360798257,0.7267949523074569
湖南,CEG2000_f4_r0018_c0097,12,45.31573261249868,33.09475661797519,12.220975994523485,0.3692722728133237,4,44.50084922822303,8,13.340393603201779,-1.0572319360798257,0.7267949523074569
湖南,CEG2000_f4_r0018_c0098,1,41.24962889596252,,,,3,39.864959320964054,4,,-0.9193246795286368,0.904670231332976
湖南,CEG2000_f4_r0018_c0098,2,38.1635992816714,41.24962889596252,-3.086029614291121,-0.0748135121912134,3,39.864959320964054,3,-3.335098400800444,-0.9193246795286368,0.904670231332976
湖南,CEG2000_f4_r0018_c0098,3,38.2091840170141,38.1635992816714,0.045584735342700355,0.0011944558742024382,3,39.864959320964054,4,0.0,-0.9193246795286368,0.904670231332976
湖南,CEG2000_f4_r0018_c0098,4,32.95245083483443,38.2091840170141,-5.256733182179673,-0.13757773994437858,2,35.229069413705076,2,-6.670196801600889,-0.9193246795286368,0.904670231332976
湖南,CEG2000_f4_r0018_c0098,5,32.28554032558039,32.95245083483443,-0.6669105092540377,-0.020238570799991563,1,30.593179506446095,4,0.0,-0.9193246795286368,0.904670231332976
湖南,CEG2000_f4_r0018_c0098,6,24.10394747761043,32.28554032558039,-8.181592847969963,-0.2534135332865266,0,25.957289599187117,2,-6.670196801600889,-0.9193246795286368,0.904670231332976
湖南,CEG2000_f4_r0018_c0098,7,27.00538808833956,24.10394747761043,2.901440610729132,0.12037201016241053,0,25.957289599187117,5,3.3350984008004456,-0.9193246795286368,0.904670231332976
湖南,CEG2000_f4_r0018_c0098,8,25.630664434882497,27.00538808833956,-1.374723653457064,-0.050905532220462506,0,25.957289599187117,4,0.0,-0.9193246795286368,0.904670231332976
湖南,CEG2000_f4_r0018_c0098,9,35.077655352409934,25.630664434882497,9.446990917527437,0.3685815848250266,2,35.229069413705076,7,10.005295202401335,-0.9193246795286368,0.904670231332976
湖南,CEG2000_f4_r0018_c0098,10,25.770556433471473,35.077655352409934,-9.307098918938461,-0.26532842133928536,0,25.957289599187117,1,-10.005295202401333,-0.9193246795286368,0.904670231332976
湖南,CEG2000_f4_r0018_c0098,11,29.371351519034135,25.770556433471473,3.6007950855626625,0.13972515862660442,1,30.593179506446095,5,3.3350984008004456,-0.9193246795286368,0.904670231332976
湖南,CEG2000_f4_r0018_c0098,12,40.58235177701529,29.371351519034135,11.211000257981155,0.38169848094037667,3,39.864959320964054,7,10.005295202401335,-0.9193246795286368,0.904670231332976
湖南,CEG2000_f4_r0018_c0099,1,38.471036502683184,,,,3,39.864959320964054,4,,-0.8052778696529979,0.8441582147089203
湖南,CEG2000_f4_r0018_c0099,2,37.22692436447943,38.471036502683184,-1.2441121382037537,-0.032338929524734335,2,35.229069413705076,4,0.0,-0.8052778696529979,0.8441582147089203
湖南,CEG2000_f4_r0018_c0099,3,35.30351205786271,37.22692436447943,-1.9234123066167186,-0.051667236535177435,2,35.229069413705076,3,-3.335098400800444,-0.8052778696529979,0.8441582147089203
湖南,CEG2000_f4_r0018_c0099,4,29.418265852556203,35.30351205786271,-5.885246205306508,-0.1667042699791609,1,30.593179506446095,2,-6.670196801600889,-0.8052778696529979,0.8441582147089203
湖南,CEG2000_f4_r0018_c0099,5,28.54518061055834,29.418265852556203,-0.8730852419978632,-0.029678338158127676,1,30.593179506446095,4,0.0,-0.8052778696529979,0.8441582147089203
湖南,CEG2000_f4_r0018_c0099,6,20.990439055634763,28.54518061055834,-7.554741554923577,-0.26465909107365104,0,25.957289599187117,2,-6.670196801600889,-0.8052778696529979,0.8441582147089203
湖南,CEG2000_f4_r0018_c0099,7,23.284489846619262,20.990439055634763,2.2940507909844996,0.10929027186635598,0,25.957289599187117,5,3.3350984008004456,-0.8052778696529979,0.8441582147089203
湖南,CEG2000_f4_r0018_c0099,8,21.082396039880344,23.284489846619262,-2.202093806738919,-0.09457341866816321,0,25.957289599187117,3,-3.335098400800444,-0.8052778696529979,0.8441582147089203
湖南,CEG2000_f4_r0018_c0099,9,30.108257674892325,21.082396039880344,9.025861635011982,0.42812314207257485,1,30.593179506446095,7,10.005295202401335,-0.8052778696529979,0.8441582147089203
湖南,CEG2000_f4_r0018_c0099,10,24.783365782158555,30.108257674892325,-5.3248918927337705,-0.17685818788425836,0,25.957289599187117,2,-6.670196801600889,-0.8052778696529979,0.8441582147089203
湖南,CEG2000_f4_r0018_c0099,11,25.67799267460791,24.783365782158555,0.8946268924493559,0.03609787711293815,0,25.957289599187117,4,0.0,-0.8052778696529979,0.8441582147089203
湖南,CEG2000_f4_r0018_c0099,12,32.84599143000674,25.67799267460791,7.1679987553988305,0.2791494976352657,1,30.593179506446095,6,6.670196801600891,-0.8052778696529979,0.8441582147089203
湖南,CEG2000_f4_r0018_c0100,1,37.64840433252274,,,,3,39.864959320964054,4,,-0.7158578633873286,0.9345253188568804
湖南,CEG2000_f4_r0018_c0100,2,38.08724160966937,37.64840433252274,0.43883727714663223,0.011656198580706932,3,39.864959320964054,4,0.0,-0.7158578633873286,0.9345253188568804
湖南,CEG2000_f4_r0018_c0100,3,34.1995958906732,38.08724160966937,-3.8876457189961684,-0.10207212585353503,2,35.229069413705076,3,-3.335098400800444,-0.7158578633873286,0.9345253188568804
湖南,CEG2000_f4_r0018_c0100,4,28.676665279723004,34.1995958906732,-5.522930610950198,-0.16149110733955757,1,30.593179506446095,2,-6.670196801600889,-0.7158578633873286,0.9345253188568804
湖南,CEG2000_f4_r0018_c0100,5,28.369306906114904,28.676665279723004,-0.3073583736080998,-0.010718065389054492,1,30.593179506446095,4,0.0,-0.7158578633873286,0.9345253188568804
湖南,CEG2000_f4_r0018_c0100,6,19.65185141232955,28.369306906114904,-8.717455493785355,-0.30728475399962407,0,25.957289599187117,1,-10.005295202401333,-0.7158578633873286,0.9345253188568804
湖南,CEG2000_f4_r0018_c0100,7,22.53483919470647,19.65185141232955,2.8829877823769223,0.14670311320225732,0,25.957289599187117,5,3.3350984008004456,-0.7158578633873286,0.9345253188568804
湖南,CEG2000_f4_r0018_c0100,8,19.65584740422292,22.53483919470647,-2.87899179048355,-0.12775737007077634,0,25.957289599187117,3,-3.335098400800444,-0.7158578633873286,0.9345253188568804
湖南,CEG2000_f4_r0018_c0100,9,28.8766406124692,19.65584740422292,9.220793208246278,0.4691119654431818,1,30.593179506446095,7,10.005295202401335,-0.7158578633873286,0.9345253188568804
湖南,CEG2000_f4_r0018_c0100,10,25.229472579204018,28.8766406124692,-3.6471680332651815,-0.12630167346025356,0,25.957289599187117,3,-3.335098400800444,-0.7158578633873286,0.9345253188568804
湖南,CEG2000_f4_r0018_c0100,11,25.523340468753247,25.229472579204018,0.2938678895492295,0.01164780153951601,0,25.957289599187117,4,0.0,-0.7158578633873286,0.9345253188568804
湖南,CEG2000_f4_r0018_c0100,12,30.86548935521558,25.523340468753247,5.342148886462333,0.2093044557785223,1,30.593179506446095,6,6.670196801600891,-0.7158578633873286,0.9345253188568804
湖南,CEG2000_f4_r0019_c0089,1,42.699268436762246,,,,4,44.50084922822303,4,,-2.489509007860417,0.9727988085046736
湖南,CEG2000_f4_r0019_c0089,2,37.55793328453571,42.699268436762246,-5.141335152226539,-0.12040803836817188,3,39.864959320964054,2,-6.670196801600889,-2.489509007860417,0.9727988085046736
湖南,CEG2000_f4_r0019_c0089,3,36.96823707941903,37.55793328453571,-0.5896962051166739,-0.015700975893673,2,35.229069413705076,4,0.0,-2.489509007860417,0.9727988085046736
湖南,CEG2000_f4_r0019_c0089,4,32.61421899623663,36.96823707941903,-4.354018083182403,-0.11777727117007625,1,30.593179506446095,3,-3.335098400800444,-2.489509007860417,0.9727988085046736
湖南,CEG2000_f4_r0019_c0089,5,30.63991335832083,32.61421899623663,-1.9743056379158013,-0.06053511930313638,1,30.593179506446095,3,-3.335098400800444,-2.489509007860417,0.9727988085046736
湖南,CEG2000_f4_r0019_c0089,6,20.886456082768856,30.63991335832083,-9.753457275551973,-0.31832522375273764,0,25.957289599187117,1,-10.005295202401333,-2.489509007860417,0.9727988085046736
湖南,CEG2000_f4_r0019_c0089,7,25.947231126327083,20.886456082768856,5.060775043558227,0.24229936488523404,0,25.957289599187117,6,6.670196801600891,-2.489509007860417,0.9727988085046736
湖南,CEG2000_f4_r0019_c0089,8,25.59862987709814,25.947231126327083,-0.34860124922894187,-0.01343500767121303,0,25.957289599187117,4,0.0,-2.489509007860417,0.9727988085046736
湖南,CEG2000_f4_r0019_c0089,9,37.706134876401215,25.59862987709814,12.107504999303075,0.4729747278441287,3,39.864959320964054,8,13.340393603201779,-2.489509007860417,0.9727988085046736
湖南,CEG2000_f4_r0019_c0089,10,26.01883300729257,37.706134876401215,-11.687301869108644,-0.30995756810977904,0,25.957289599187117,0,-13.340393603201779,-2.489509007860417,0.9727988085046736
湖南,CEG2000_f4_r0019_c0089,11,28.647586950655576,26.01883300729257,2.628753943363005,0.10103273819491507,1,30.593179506446095,5,3.3350984008004456,-2.489509007860417,0.9727988085046736
湖南,CEG2000_f4_r0019_c0089,12,38.44103683909309,28.647586950655576,9.793449888437511,0.34185950479202215,3,39.864959320964054,7,10.005295202401335,-2.489509007860417,0.9727988085046736
湖南,CEG2000_f4_r0019_c0090,1,43.760587887114006,,,,4,44.50084922822303,4,,-2.4081997894216203,0.9049400080731445
湖南,CEG2000_f4_r0019_c0090,2,37.81021007102508,43.760587887114006,-5.950377816088924,-0.1359757284668725,3,39.864959320964054,2,-6.670196801600889,-2.4081997894216203,0.9049400080731445
湖南,CEG2000_f4_r0019_c0090,3,37.50543478271748,37.81021007102508,-0.3047752883076029,-0.00806066106840173,2,35.229069413705076,4,0.0,-2.4081997894216203,0.9049400080731445
湖南,CEG2000_f4_r0019_c0090,4,32.779038391134755,37.50543478271748,-4.726396391582725,-0.12601897348916083,1,30.593179506446095,3,-3.335098400800444,-2.4081997894216203,0.9049400080731445
湖南,CEG2000_f4_r0019_c0090,5,29.995129602868083,32.779038391134755,-2.7839087882666718,-0.08492954415098379,1,30.593179506446095,3,-3.335098400800444,-2.4081997894216203,0.9049400080731445
湖南,CEG2000_f4_r0019_c0090,6,20.80279230419323,29.995129602868083,-9.192337298674854,-0.3064609961810566,0,25.957289599187117,1,-10.005295202401333,-2.4081997894216203,0.9049400080731445
湖南,CEG2000_f4_r0019_c0090,7,25.9221657950602,20.80279230419323,5.11937349086697,0.2460906889809718,0,25.957289599187117,6,6.670196801600891,-2.4081997894216203,0.9049400080731445
湖南,CEG2000_f4_r0019_c0090,8,25.45378857923077,25.9221657950602,-0.4683772158294275,-0.018068598879136973,0,25.957289599187117,4,0.0,-2.4081997894216203,0.9049400080731445
湖南,CEG2000_f4_r0019_c0090,9,37.33005836726221,25.45378857923077,11.87626978803144,0.46658161519114605,2,35.229069413705076,8,13.340393603201779,-2.4081997894216203,0.9049400080731445
湖南,CEG2000_f4_r0019_c0090,10,26.396047428848824,37.33005836726221,-10.934010938413387,-0.2929009869430667,0,25.957289599187117,1,-10.005295202401333,-2.4081997894216203,0.9049400080731445
湖南,CEG2000_f4_r0019_c0090,11,29.143994032006287,26.396047428848824,2.7479466031574624,0.10410447285960589,1,30.593179506446095,5,3.3350984008004456,-2.4081997894216203,0.9049400080731445
湖南,CEG2000_f4_r0019_c0090,12,38.05269809668941,29.143994032006287,8.908704064683125,0.3056789009392288,3,39.864959320964054,7,10.005295202401335,-2.4081997894216203,0.9049400080731445
湖南,CEG2000_f4_r0019_c0091,1,39.64096947092169,,,,3,39.864959320964054,4,,-2.275522772391425,0.9272621345702254
湖南,CEG2000_f4_r0019_c0091,2,39.664686092089205,39.64096947092169,0.02371662116751594,0.0005982855990672245,3,39.864959320964054,4,0.0,-2.275522772391425,0.9272621345702254
湖南,CEG2000_f4_r0019_c0091,3,33.98957285979347,39.664686092089205,-5.675113232295736,-0.14307722539691523,2,35.229069413705076,2,-6.670196801600889,-2.275522772391425,0.9272621345702254
湖南,CEG2000_f4_r0019_c0091,4,30.076159018943105,33.98957285979347,-3.913413840850364,-0.11513571697394208,1,30.593179506446095,3,-3.335098400800444,-2.275522772391425,0.9272621345702254
湖南,CEG2000_f4_r0019_c0091,5,27.20040854194274,30.076159018943105,-2.8757504770003663,-0.09561561618254212,0,25.957289599187117,3,-3.335098400800444,-2.275522772391425,0.9272621345702254
湖南,CEG2000_f4_r0019_c0091,6,20.006476761237774,27.20040854194274,-7.193931780704965,-0.264478813603553,0,25.957289599187117,2,-6.670196801600889,-2.275522772391425,0.9272621345702254
湖南,CEG2000_f4_r0019_c0091,7,23.936964733806068,20.006476761237774,3.9304879725682937,0.1964607771511049,0,25.957289599187117,5,3.3350984008004456,-2.275522772391425,0.9272621345702254
湖南,CEG2000_f4_r0019_c0091,8,23.161549203569848,23.936964733806068,-0.77541553023622,-0.032394062441053945,0,25.957289599187117,4,0.0,-2.275522772391425,0.9272621345702254
湖南,CEG2000_f4_r0019_c0091,9,30.861799498976875,23.161549203569848,7.700250295407027,0.332458344117163,1,30.593179506446095,6,6.670196801600891,-2.275522772391425,0.9272621345702254
湖南,CEG2000_f4_r0019_c0091,10,24.26218204120048,30.861799498976875,-6.599617457776397,-0.21384422052237056,0,25.957289599187117,2,-6.670196801600889,-2.275522772391425,0.9272621345702254
湖南,CEG2000_f4_r0019_c0091,11,27.23378686338566,24.26218204120048,2.9716048221851814,0.12247887750322675,0,25.957289599187117,5,3.3350984008004456,-2.275522772391425,0.9272621345702254
湖南,CEG2000_f4_r0019_c0091,12,35.31832560677902,27.23378686338566,8.08453874339336,0.2968569440580656,2,35.229069413705076,6,6.670196801600891,-2.275522772391425,0.9272621345702254
湖南,CEG2000_f4_r0019_c0094,1,46.32960601738504,,,,4,44.50084922822303,4,,-1.579275868427618,0.5390482255473751
湖南,CEG2000_f4_r0019_c0094,2,43.20528534668557,46.32960601738504,-3.1243206706994684,-0.06743680638093656,4,44.50084922822303,3,-3.335098400800444,-1.579275868427618,0.5390482255473751
湖南,CEG2000_f4_r0019_c0094,3,49.462005812291224,43.20528534668557,6.256720465605653,0.1448137748750137,5,49.13673913548202,6,6.670196801600891,-1.579275868427618,0.5390482255473751
湖南,CEG2000_f4_r0019_c0094,4,41.332825186635766,49.462005812291224,-8.129180625655458,-0.1643520211555062,3,39.864959320964054,2,-6.670196801600889,-1.579275868427618,0.5390482255473751
湖南,CEG2000_f4_r0019_c0094,5,36.29619209146176,41.332825186635766,-5.036633095174004,-0.12185552457233215,2,35.229069413705076,2,-6.670196801600889,-1.579275868427618,0.5390482255473751
湖南,CEG2000_f4_r0019_c0094,6,27.41326815337458,36.29619209146176,-8.882923938087181,-0.24473432132228495,0,25.957289599187117,1,-10.005295202401333,-1.579275868427618,0.5390482255473751
湖南,CEG2000_f4_r0019_c0094,7,30.91187742073935,27.41326815337458,3.4986092673647704,0.12762466874764403,1,30.593179506446095,5,3.3350984008004456,-1.579275868427618,0.5390482255473751
湖南,CEG2000_f4_r0019_c0094,8,33.642129094426984,30.91187742073935,2.7302516736876328,0.08832370925021385,2,35.229069413705076,5,3.3350984008004456,-1.579275868427618,0.5390482255473751
湖南,CEG2000_f4_r0019_c0094,9,43.09882463954698,33.642129094426984,9.456695545119999,0.28109682114877077,4,44.50084922822303,7,10.005295202401335,-1.579275868427618,0.5390482255473751
湖南,CEG2000_f4_r0019_c0094,10,31.535632664904025,43.09882463954698,-11.563191974642958,-0.26829483335916093,1,30.593179506446095,1,-10.005295202401333,-1.579275868427618,0.5390482255473751
湖南,CEG2000_f4_r0019_c0094,11,37.58182066189264,31.535632664904025,6.046187996988618,0.19172559692190397,3,39.864959320964054,6,6.670196801600891,-1.579275868427618,0.5390482255473751
湖南,CEG2000_f4_r0019_c0094,12,50.06637606474419,37.58182066189264,12.484555402851548,0.33219666272077886,5,49.13673913548202,8,13.340393603201779,-1.579275868427618,0.5390482255473751
湖南,CEG2000_f4_r0019_c0095,1,44.1889631642324,,,,4,44.50084922822303,4,,-1.3587850850903709,0.5196732163789395
湖南,CEG2000_f4_r0019_c0095,2,39.97990961309552,44.1889631642324,-4.209053551136876,-0.095251240349169,3,39.864959320964054,3,-3.335098400800444,-1.3587850850903709,0.5196732163789395
湖南,CEG2000_f4_r0019_c0095,3,44.31088346741014,39.97990961309552,4.330973854314621,0.10832875552314904,4,44.50084922822303,5,3.3350984008004456,-1.3587850850903709,0.5196732163789395
湖南,CEG2000_f4_r0019_c0095,4,37.12145385283507,44.31088346741014,-7.189429614575076,-0.16224974660825195,2,35.229069413705076,2,-6.670196801600889,-1.3587850850903709,0.5196732163789395
湖南,CEG2000_f4_r0019_c0095,5,33.34499824473549,37.12145385283507,-3.7764556080995746,-0.10173242737396603,2,35.229069413705076,3,-3.335098400800444,-1.3587850850903709,0.5196732163789395
湖南,CEG2000_f4_r0019_c0095,6,26.056321973467025,33.34499824473549,-7.288676271268468,-0.2185837953198634,0,25.957289599187117,2,-6.670196801600889,-1.3587850850903709,0.5196732163789395
湖南,CEG2000_f4_r0019_c0095,7,28.534572648722214,26.056321973467025,2.4782506752551896,0.09511130073456935,1,30.593179506446095,5,3.3350984008004456,-1.3587850850903709,0.5196732163789395
湖南,CEG2000_f4_r0019_c0095,8,29.133292234700285,28.534572648722214,0.5987195859780705,0.02098225171789567,1,30.593179506446095,4,0.0,-1.3587850850903709,0.5196732163789395
湖南,CEG2000_f4_r0019_c0095,9,38.37037520883346,29.133292234700285,9.237082974133173,0.31706279193296955,3,39.864959320964054,7,10.005295202401335,-1.3587850850903709,0.5196732163789395
湖南,CEG2000_f4_r0019_c0095,10,28.060696296167837,38.37037520883346,-10.309678912665621,-0.26868850920936976,0,25.957289599187117,1,-10.005295202401333,-1.3587850850903709,0.5196732163789395
湖南,CEG2000_f4_r0019_c0095,11,34.46489030105729,28.060696296167837,6.404194004889451,0.2282264822403588,2,35.229069413705076,6,6.670196801600891,-1.3587850850903709,0.5196732163789395
湖南,CEG2000_f4_r0019_c0095,12,45.853477462177814,34.46489030105729,11.388587161120526,0.33044025562359486,4,44.50084922822303,7,10.005295202401335,-1.3587850850903709,0.5196732163789395
湖南,CEG2000_f4_r0019_c0096,1,42.586270612973316,,,,4,44.50084922822303,4,,-1.1306707521997523,0.5473339050941379
湖南,CEG2000_f4_r0019_c0096,2,39.46947192851037,42.586270612973316,-3.1167986844629425,-0.07318787580130233,3,39.864959320964054,3,-3.335098400800444,-1.1306707521997523,0.5473339050941379
湖南,CEG2000_f4_r0019_c0096,3,42.01762836559335,39.46947192851037,2.54815643708298,0.06456018569740087,3,39.864959320964054,5,3.3350984008004456,-1.1306707521997523,0.5473339050941379
湖南,CEG2000_f4_r0019_c0096,4,34.96631376302494,42.01762836559335,-7.051314602568411,-0.16781800584305387,2,35.229069413705076,2,-6.670196801600889,-1.1306707521997523,0.5473339050941379
湖南,CEG2000_f4_r0019_c0096,5,32.49789057385285,34.96631376302494,-2.4684231891720927,-0.0705943213202623,1,30.593179506446095,3,-3.335098400800444,-1.1306707521997523,0.5473339050941379
湖南,CEG2000_f4_r0019_c0096,6,25.567707899151458,32.49789057385285,-6.930182674701392,-0.21325023108660712,0,25.957289599187117,2,-6.670196801600889,-1.1306707521997523,0.5473339050941379
湖南,CEG2000_f4_r0019_c0096,7,28.152851240349246,25.567707899151458,2.5851433411977887,0.10110970257461305,0,25.957289599187117,5,3.3350984008004456,-1.1306707521997523,0.5473339050941379
湖南,CEG2000_f4_r0019_c0096,8,27.44967257462003,28.152851240349246,-0.7031786657292152,-0.024977174060487523,0,25.957289599187117,4,0.0,-1.1306707521997523,0.5473339050941379
湖南,CEG2000_f4_r0019_c0096,9,36.84008811697527,27.44967257462003,9.390415542355235,0.3420957214272062,2,35.229069413705076,7,10.005295202401335,-1.1306707521997523,0.5473339050941379
湖南,CEG2000_f4_r0019_c0096,10,26.8015564678303,36.84008811697527,-10.038531649144968,-0.27248934957132714,0,25.957289599187117,1,-10.005295202401333,-1.1306707521997523,0.5473339050941379
湖南,CEG2000_f4_r0019_c0096,11,32.57519432426154,26.8015564678303,5.77363785643124,0.2154217372920596,1,30.593179506446095,6,6.670196801600891,-1.1306707521997523,0.5473339050941379
湖南,CEG2000_f4_r0019_c0096,12,43.501008907053425,32.57519432426154,10.925814582791887,0.33540289810810114,4,44.50084922822303,7,10.005295202401335,-1.1306707521997523,0.5473339050941379
湖南,CEG2000_f4_r0019_c0097,1,43.81937617008333,,,,4,44.50084922822303,4,,-0.9424264599449624,0.692317843174721
湖南,CEG2000_f4_r0019_c0097,2,38.89068704993358,43.81937617008333,-4.928689120149748,-0.11247739130331794,3,39.864959320964054,3,-3.335098400800444,-0.9424264599449624,0.692317843174721
湖南,CEG2000_f4_r0019_c0097,3,43.500713037875094,38.89068704993358,4.610025987941512,0.11853804439151416,4,44.50084922822303,5,3.3350984008004456,-0.9424264599449624,0.692317843174721
湖南,CEG2000_f4_r0019_c0097,4,36.038000109690174,43.500713037875094,-7.462712928184921,-0.17155380698443504,2,35.229069413705076,2,-6.670196801600889,-0.9424264599449624,0.692317843174721
湖南,CEG2000_f4_r0019_c0097,5,35.20979676646003,36.038000109690174,-0.8282033432301432,-0.022981390218916438,2,35.229069413705076,4,0.0,-0.9424264599449624,0.692317843174721
湖南,CEG2000_f4_r0019_c0097,6,26.019683270906523,35.20979676646003,-9.190113495553508,-0.2610101261449989,0,25.957289599187117,1,-10.005295202401333,-0.9424264599449624,0.692317843174721
湖南,CEG2000_f4_r0019_c0097,7,28.8521969978439,26.019683270906523,2.8325137269373784,0.10886042299002566,1,30.593179506446095,5,3.3350984008004456,-0.9424264599449624,0.692317843174721
湖南,CEG2000_f4_r0019_c0097,8,28.57441787382315,28.8521969978439,-0.2777791240207499,-0.009627659343983686,1,30.593179506446095,4,0.0,-0.9424264599449624,0.692317843174721
湖南,CEG2000_f4_r0019_c0097,9,38.788972453869995,28.57441787382315,10.214554580046844,0.357472009583941,3,39.864959320964054,7,10.005295202401335,-0.9424264599449624,0.692317843174721
湖南,CEG2000_f4_r0019_c0097,10,27.848590408819117,38.788972453869995,-10.940382045050878,-0.2820487719302642,0,25.957289599187117,1,-10.005295202401333,-0.9424264599449624,0.692317843174721
湖南,CEG2000_f4_r0019_c0097,11,34.2802926229767,27.848590408819117,6.4317022141575855,0.2309525229011515,2,35.229069413705076,6,6.670196801600891,-0.9424264599449624,0.692317843174721
湖南,CEG2000_f4_r0019_c0097,12,47.374834512807006,34.2802926229767,13.094541889830303,0.38198454236804147,5,49.13673913548202,8,13.340393603201779,-0.9424264599449624,0.692317843174721
湖南,CEG2000_f4_r0019_c0098,1,43.62296165425545,,,,4,44.50084922822303,4,,-0.7943219064349275,0.6603888209840199
湖南,CEG2000_f4_r0019_c0098,2,37.52742753547853,43.62296165425545,-6.095534118776918,-0.13973223934423754,2,35.229069413705076,2,-6.670196801600889,-0.7943219064349275,0.6603888209840199
湖南,CEG2000_f4_r0019_c0098,3,41.711289080197375,37.52742753547853,4.1838615447188445,0.11148809869164122,3,39.864959320964054,5,3.3350984008004456,-0.7943219064349275,0.6603888209840199
湖南,CEG2000_f4_r0019_c0098,4,36.63443874464063,41.711289080197375,-5.076850335556742,-0.12171405985069399,2,35.229069413705076,2,-6.670196801600889,-0.7943219064349275,0.6603888209840199
湖南,CEG2000_f4_r0019_c0098,5,36.3842357783383,36.63443874464063,-0.2502029663023322,-0.006829720199792474,2,35.229069413705076,4,0.0,-0.7943219064349275,0.6603888209840199
湖南,CEG2000_f4_r0019_c0098,6,26.25049540040261,36.3842357783383,-10.133740377935691,-0.2785200832490457,0,25.957289599187117,1,-10.005295202401333,-0.7943219064349275,0.6603888209840199
湖南,CEG2000_f4_r0019_c0098,7,29.25600045579477,26.25049540040261,3.0055050553921596,0.11449326991924363,1,30.593179506446095,5,3.3350984008004456,-0.7943219064349275,0.6603888209840199
湖南,CEG2000_f4_r0019_c0098,8,28.24513610505507,29.25600045579477,-1.0108643507396984,-0.03455237677710233,0,25.957289599187117,4,0.0,-0.7943219064349275,0.6603888209840199
湖南,CEG2000_f4_r0019_c0098,9,38.07948016858509,28.24513610505507,9.834344063530022,0.34817832093115514,3,39.864959320964054,7,10.005295202401335,-0.7943219064349275,0.6603888209840199
湖南,CEG2000_f4_r0019_c0098,10,27.579754978778823,38.07948016858509,-10.49972518980627,-0.275731841488434,0,25.957289599187117,1,-10.005295202401333,-0.7943219064349275,0.6603888209840199
湖南,CEG2000_f4_r0019_c0098,11,32.60079517919214,27.579754978778823,5.021040200413317,0.1820552867230599,1,30.593179506446095,6,6.670196801600891,-0.7943219064349275,0.6603888209840199
湖南,CEG2000_f4_r0019_c0098,12,46.747822089996106,32.60079517919214,14.147026910803966,0.43394729585717223,4,44.50084922822303,8,13.340393603201779,-0.7943219064349275,0.6603888209840199
湖南,CEG2000_f4_r0019_c0099,1,41.37319424756838,,,,3,39.864959320964054,4,,-0.6794518631930978,0.7806417241007537
湖南,CEG2000_f4_r0019_c0099,2,37.38295591565862,41.37319424756838,-3.990238331909758,-0.09644501480917868,2,35.229069413705076,3,-3.335098400800444,-0.6794518631930978,0.7806417241007537
湖南,CEG2000_f4_r0019_c0099,3,38.846740351398275,37.38295591565862,1.4637844357396546,0.03915646582475085,3,39.864959320964054,4,0.0,-0.6794518631930978,0.7806417241007537
湖南,CEG2000_f4_r0019_c0099,4,32.77374116839813,38.846740351398275,-6.072999183000142,-0.15633227210482145,1,30.593179506446095,2,-6.670196801600889,-0.6794518631930978,0.7806417241007537
湖南,CEG2000_f4_r0019_c0099,5,31.435056117157934,32.77374116839813,-1.3386850512401978,-0.04084626910189357,1,30.593179506446095,4,0.0,-0.6794518631930978,0.7806417241007537
湖南,CEG2000_f4_r0019_c0099,6,23.58259244087541,31.435056117157934,-7.852463676282525,-0.24979957557627774,0,25.957289599187117,2,-6.670196801600889,-0.6794518631930978,0.7806417241007537
湖南,CEG2000_f4_r0019_c0099,7,26.137755155166715,23.58259244087541,2.5551627142913063,0.10834952606238808,0,25.957289599187117,5,3.3350984008004456,-0.6794518631930978,0.7806417241007537
湖南,CEG2000_f4_r0019_c0099,8,24.240749086520836,26.137755155166715,-1.8970060686458794,-0.07257723769253739,0,25.957289599187117,3,-3.335098400800444,-0.6794518631930978,0.7806417241007537
湖南,CEG2000_f4_r0019_c0099,9,33.04647993963147,24.240749086520836,8.805730853110632,0.3632614991261591,2,35.229069413705076,7,10.005295202401335,-0.6794518631930978,0.7806417241007537
湖南,CEG2000_f4_r0019_c0099,10,25.455275235686784,33.04647993963147,-7.591204703944683,-0.22971295937758326,0,25.957289599187117,2,-6.670196801600889,-0.6794518631930978,0.7806417241007537
湖南,CEG2000_f4_r0019_c0099,11,28.39099375839855,25.455275235686784,2.935718522711767,0.11532849264171631,1,30.593179506446095,5,3.3350984008004456,-0.6794518631930978,0.7806417241007537
湖南,CEG2000_f4_r0019_c0099,12,38.11777572349472,28.39099375839855,9.726781965096166,0.3426009687392085,3,39.864959320964054,7,10.005295202401335,-0.6794518631930978,0.7806417241007537
湖南,CEG2000_f4_r0019_c0100,1,37.98408507538752,,,,3,39.864959320964054,4,,-0.5899510886772891,0.9269133191784332
湖南,CEG2000_f4_r0019_c0100,2,36.45277265948075,37.98408507538752,-1.5313124159067684,-0.04031457945788486,2,35.229069413705076,4,0.0,-0.5899510886772891,0.9269133191784332
湖南,CEG2000_f4_r0019_c0100,3,34.272951761196715,36.45277265948075,-2.179820898284035,-0.05979849375647151,2,35.229069413705076,3,-3.335098400800444,-0.5899510886772891,0.9269133191784332
湖南,CEG2000_f4_r0019_c0100,4,27.81702830840599,34.272951761196715,-6.455923452790724,-0.18836788549097241,0,25.957289599187117,2,-6.670196801600889,-0.5899510886772891,0.9269133191784332
湖南,CEG2000_f4_r0019_c0100,5,27.012954208033157,27.81702830840599,-0.8040741003728336,-0.028905823133158027,0,25.957289599187117,4,0.0,-0.5899510886772891,0.9269133191784332
湖南,CEG2000_f4_r0019_c0100,6,19.474650007585296,27.012954208033157,-7.538304200447861,-0.27906256170256666,0,25.957289599187117,2,-6.670196801600889,-0.5899510886772891,0.9269133191784332
湖南,CEG2000_f4_r0019_c0100,7,22.61847798561975,19.474650007585296,3.143827978034455,0.16143180888025957,0,25.957289599187117,5,3.3350984008004456,-0.5899510886772891,0.9269133191784332
湖南,CEG2000_f4_r0019_c0100,8,20.60304752584251,22.61847798561975,-2.0154304597772423,-0.08910548539378296,0,25.957289599187117,3,-3.335098400800444,-0.5899510886772891,0.9269133191784332
湖南,CEG2000_f4_r0019_c0100,9,28.051929891329127,20.60304752584251,7.448882365486618,0.36154274537023934,0,25.957289599187117,6,6.670196801600891,-0.5899510886772891,0.9269133191784332
湖南,CEG2000_f4_r0019_c0100,10,23.678803187422595,28.051929891329127,-4.373126703906532,-0.15589396953605922,0,25.957289599187117,3,-3.335098400800444,-0.5899510886772891,0.9269133191784332
湖南,CEG2000_f4_r0019_c0100,11,24.3053881065755,23.678803187422595,0.6265849191529043,0.026461849198768865,0,25.957289599187117,4,0.0,-0.5899510886772891,0.9269133191784332
湖南,CEG2000_f4_r0019_c0100,12,30.390086138591236,24.3053881065755,6.084698032015737,0.25034358658809497,1,30.593179506446095,6,6.670196801600891,-0.5899510886772891,0.9269133191784332
湖南,CEG2000_f4_r0020_c0089,1,42.220540464062246,,,,4,44.50084922822303,4,,-2.623566827391719,0.9183610874798886
湖南,CEG2000_f4_r0020_c0089,2,38.04961908334446,42.220540464062246,-4.170921380717786,-0.09878891494219591,3,39.864959320964054,3,-3.335098400800444,-2.623566827391719,0.9183610874798886
湖南,CEG2000_f4_r0020_c0089,3,37.28720324383625,38.04961908334446,-0.7624158395082077,-0.020037410567454055,2,35.229069413705076,4,0.0,-2.623566827391719,0.9183610874798886
湖南,CEG2000_f4_r0020_c0089,4,33.25567757170679,37.28720324383625,-4.031525672129462,-0.10812089192545948,2,35.229069413705076,3,-3.335098400800444,-2.623566827391719,0.9183610874798886
湖南,CEG2000_f4_r0020_c0089,5,31.727034007918103,33.25567757170679,-1.5286435637886875,-0.045966393572724085,1,30.593179506446095,4,0.0,-2.623566827391719,0.9183610874798886
湖南,CEG2000_f4_r0020_c0089,6,21.640879122563433,31.727034007918103,-10.08615488535467,-0.317904121855118,0,25.957289599187117,1,-10.005295202401333,-2.623566827391719,0.9183610874798886
湖南,CEG2000_f4_r0020_c0089,7,25.98969491770878,21.640879122563433,4.348815795145345,0.20095374917607384,0,25.957289599187117,5,3.3350984008004456,-2.623566827391719,0.9183610874798886
湖南,CEG2000_f4_r0020_c0089,8,25.773224648490135,25.98969491770878,-0.2164702692186431,-0.008329080810838808,0,25.957289599187117,4,0.0,-2.623566827391719,0.9183610874798886
湖南,CEG2000_f4_r0020_c0089,9,37.82832365694773,25.773224648490135,12.055099008457596,0.46773731936425794,3,39.864959320964054,8,13.340393603201779,-2.623566827391719,0.9183610874798886
湖南,CEG2000_f4_r0020_c0089,10,26.74048157618985,37.82832365694773,-11.08784208075788,-0.2931095276996615,0,25.957289599187117,1,-10.005295202401333,-2.623566827391719,0.9183610874798886
湖南,CEG2000_f4_r0020_c0089,11,29.66071444572901,26.74048157618985,2.9202328695391593,0.10920644271939295,1,30.593179506446095,5,3.3350984008004456,-2.623566827391719,0.9183610874798886
湖南,CEG2000_f4_r0020_c0089,12,39.94972310334389,29.66071444572901,10.289008657614882,0.3468901154232462,3,39.864959320964054,7,10.005295202401335,-2.623566827391719,0.9183610874798886
湖南,CEG2000_f4_r0020_c0090,1,42.97978167193649,,,,4,44.50084922822303,4,,-2.5516534313363652,0.815843004481989
湖南,CEG2000_f4_r0020_c0090,2,37.838735220260055,42.97978167193649,-5.141046451676438,-0.1196154622403135,3,39.864959320964054,2,-6.670196801600889,-2.5516534313363652,0.815843004481989
湖南,CEG2000_f4_r0020_c0090,3,36.63196115618067,37.838735220260055,-1.206774064079383,-0.031892558169683165,2,35.229069413705076,4,0.0,-2.5516534313363652,0.815843004481989
湖南,CEG2000_f4_r0020_c0090,4,32.92851306044759,36.63196115618067,-3.70344809573308,-0.10109882132554679,2,35.229069413705076,3,-3.335098400800444,-2.5516534313363652,0.815843004481989
湖南,CEG2000_f4_r0020_c0090,5,30.88963216469854,32.92851306044759,-2.0388808957490525,-0.06191840159943555,1,30.593179506446095,3,-3.335098400800444,-2.5516534313363652,0.815843004481989
湖南,CEG2000_f4_r0020_c0090,6,21.68067449198704,30.88963216469854,-9.208957672711499,-0.29812454948025346,0,25.957289599187117,1,-10.005295202401333,-2.5516534313363652,0.815843004481989
湖南,CEG2000_f4_r0020_c0090,7,27.233051680293975,21.68067449198704,5.552377188306934,0.25609799134058475,0,25.957289599187117,6,6.670196801600891,-2.5516534313363652,0.815843004481989
湖南,CEG2000_f4_r0020_c0090,8,26.25440125139435,27.233051680293975,-0.978650428899627,-0.035936127922372545,0,25.957289599187117,4,0.0,-2.5516534313363652,0.815843004481989
湖南,CEG2000_f4_r0020_c0090,9,37.89236915745373,26.25440125139435,11.63796790605938,0.4432768355530979,3,39.864959320964054,7,10.005295202401335,-2.5516534313363652,0.815843004481989
湖南,CEG2000_f4_r0020_c0090,10,27.173233093845816,37.89236915745373,-10.719136063607912,-0.2828837653055371,0,25.957289599187117,1,-10.005295202401333,-2.5516534313363652,0.815843004481989
湖南,CEG2000_f4_r0020_c0090,11,29.476651373792546,27.173233093845816,2.3034182799467295,0.08476791377719448,1,30.593179506446095,5,3.3350984008004456,-2.5516534313363652,0.815843004481989
湖南,CEG2000_f4_r0020_c0090,12,39.334929114542646,29.476651373792546,9.8582777407501,0.33444361151263663,3,39.864959320964054,7,10.005295202401335,-2.5516534313363652,0.815843004481989
湖南,CEG2000_f4_r0020_c0091,1,42.91005215829385,,,,4,44.50084922822303,4,,-2.4191227506814776,0.661539751437028
湖南,CEG2000_f4_r0020_c0091,2,39.28656190986603,42.91005215829385,-3.623490248427821,-0.08444385560429704,3,39.864959320964054,3,-3.335098400800444,-2.4191227506814776,0.661539751437028
湖南,CEG2000_f4_r0020_c0091,3,36.55845127937308,39.28656190986603,-2.7281106304929494,-0.06944131779085101,2,35.229069413705076,3,-3.335098400800444,-2.4191227506814776,0.661539751437028
湖南,CEG2000_f4_r0020_c0091,4,32.2795266779368,36.55845127937308,-4.27892460143628,-0.11704337715888212,1,30.593179506446095,3,-3.335098400800444,-2.4191227506814776,0.661539751437028
湖南,CEG2000_f4_r0020_c0091,5,30.66558817618816,32.2795266779368,-1.6139385017486418,-0.04999882798318031,1,30.593179506446095,4,0.0,-2.4191227506814776,0.661539751437028
湖南,CEG2000_f4_r0020_c0091,6,21.89113064692698,30.66558817618816,-8.774457529261177,-0.2861336778817941,0,25.957289599187117,1,-10.005295202401333,-2.4191227506814776,0.661539751437028
湖南,CEG2000_f4_r0020_c0091,7,26.70478622725057,21.89113064692698,4.813655580323587,0.21989067892202796,0,25.957289599187117,5,3.3350984008004456,-2.4191227506814776,0.661539751437028
湖南,CEG2000_f4_r0020_c0091,8,25.427159391108095,26.70478622725057,-1.277626836142474,-0.04784261612394918,0,25.957289599187117,4,0.0,-2.4191227506814776,0.661539751437028
湖南,CEG2000_f4_r0020_c0091,9,33.79055962592669,25.427159391108095,8.363400234818595,0.32891602660670327,2,35.229069413705076,7,10.005295202401335,-2.4191227506814776,0.661539751437028
湖南,CEG2000_f4_r0020_c0091,10,26.586547800706633,33.79055962592669,-7.204011825220057,-0.2131959903881731,0,25.957289599187117,2,-6.670196801600889,-2.4191227506814776,0.661539751437028
湖南,CEG2000_f4_r0020_c0091,11,28.689181253817935,26.586547800706633,2.1026334531113022,0.0790863661154013,1,30.593179506446095,5,3.3350984008004456,-2.4191227506814776,0.661539751437028
湖南,CEG2000_f4_r0020_c0091,12,38.792279045282086,28.689181253817935,10.103097791464151,0.3521570623462682,3,39.864959320964054,7,10.005295202401335,-2.4191227506814776,0.661539751437028
湖南,CEG2000_f4_r0020_c0092,1,42.394096768669726,,,,4,44.50084922822303,4,,-2.2302767868574027,0.6677884223746784
湖南,CEG2000_f4_r0020_c0092,2,40.172941204251075,42.394096768669726,-2.221155564418652,-0.052393038977543216,3,39.864959320964054,3,-3.335098400800444,-2.2302767868574027,0.6677884223746784
湖南,CEG2000_f4_r0020_c0092,3,40.01736273820272,40.172941204251075,-0.1555784660483539,-0.0038727178390386484,3,39.864959320964054,4,0.0,-2.2302767868574027,0.6677884223746784
湖南,CEG2000_f4_r0020_c0092,4,36.593192181302214,40.01736273820272,-3.4241705569005063,-0.0855671219340901,2,35.229069413705076,3,-3.335098400800444,-2.2302767868574027,0.6677884223746784
湖南,CEG2000_f4_r0020_c0092,5,32.46377625329222,36.593192181302214,-4.129415928009998,-0.11284656193837002,1,30.593179506446095,3,-3.335098400800444,-2.2302767868574027,0.6677884223746784
湖南,CEG2000_f4_r0020_c0092,6,23.717170555648423,32.46377625329222,-8.746605697643794,-0.2694266258305912,0,25.957289599187117,1,-10.005295202401333,-2.2302767868574027,0.6677884223746784
湖南,CEG2000_f4_r0020_c0092,7,28.247564759824105,23.717170555648423,4.530394204175682,0.19101748218852077,0,25.957289599187117,5,3.3350984008004456,-2.2302767868574027,0.6677884223746784
湖南,CEG2000_f4_r0020_c0092,8,27.03624991445237,28.247564759824105,-1.211314845371735,-0.04288209817982475,0,25.957289599187117,4,0.0,-2.2302767868574027,0.6677884223746784
湖南,CEG2000_f4_r0020_c0092,9,35.03494605002333,27.03624991445237,7.99869613557096,0.29585079886745735,2,35.229069413705076,6,6.670196801600891,-2.2302767868574027,0.6677884223746784
湖南,CEG2000_f4_r0020_c0092,10,27.657328321225013,35.03494605002333,-7.377617728798317,-0.21057882373400727,0,25.957289599187117,2,-6.670196801600889,-2.2302767868574027,0.6677884223746784
湖南,CEG2000_f4_r0020_c0092,11,30.71519915967722,27.657328321225013,3.0578708384522066,0.11056277030581839,1,30.593179506446095,5,3.3350984008004456,-2.2302767868574027,0.6677884223746784
湖南,CEG2000_f4_r0020_c0092,12,41.61467411663117,30.71519915967722,10.899474956953952,0.3548560730565842,3,39.864959320964054,7,10.005295202401335,-2.2302767868574027,0.6677884223746784
湖南,CEG2000_f4_r0020_c0093,1,43.52873597584392,,,,4,44.50084922822303,4,,-1.96505764868844,0.8481877897990706
湖南,CEG2000_f4_r0020_c0093,2,39.62599383241781,43.52873597584392,-3.90274214342611,-0.08965898172627662,3,39.864959320964054,3,-3.335098400800444,-1.96505764868844,0.8481877897990706
湖南,CEG2000_f4_r0020_c0093,3,43.93766372530202,39.62599383241781,4.311669892884211,0.10880912945978549,4,44.50084922822303,5,3.3350984008004456,-1.96505764868844,0.8481877897990706
湖南,CEG2000_f4_r0020_c0093,4,37.731211153808175,43.93766372530202,-6.206452571493848,-0.14125586217547997,3,39.864959320964054,2,-6.670196801600889,-1.96505764868844,0.8481877897990706
湖南,CEG2000_f4_r0020_c0093,5,32.75249801798704,37.731211153808175,-4.978713135821138,-0.13195211559803433,1,30.593179506446095,3,-3.335098400800444,-1.96505764868844,0.8481877897990706
湖南,CEG2000_f4_r0020_c0093,6,25.147938911953307,32.75249801798704,-7.604559106033729,-0.23218256823822883,0,25.957289599187117,2,-6.670196801600889,-1.96505764868844,0.8481877897990706
湖南,CEG2000_f4_r0020_c0093,7,28.90769065740088,25.147938911953307,3.7597517454475735,0.14950536338628093,1,30.593179506446095,5,3.3350984008004456,-1.96505764868844,0.8481877897990706
湖南,CEG2000_f4_r0020_c0093,8,27.990230882346488,28.90769065740088,-0.9174597750543931,-0.03173756720755233,0,25.957289599187117,4,0.0,-1.96505764868844,0.8481877897990706
湖南,CEG2000_f4_r0020_c0093,9,37.00153817267566,27.990230882346488,9.01130729032917,0.3219447287950964,2,35.229069413705076,7,10.005295202401335,-1.96505764868844,0.8481877897990706
湖南,CEG2000_f4_r0020_c0093,10,28.856231168390917,37.00153817267566,-8.145307004284742,-0.22013428107428698,1,30.593179506446095,2,-6.670196801600889,-1.96505764868844,0.8481877897990706
湖南,CEG2000_f4_r0020_c0093,11,32.169638141690015,28.856231168390917,3.3134069732990987,0.1148246614037595,1,30.593179506446095,5,3.3350984008004456,-1.96505764868844,0.8481877897990706
湖南,CEG2000_f4_r0020_c0093,12,44.39477128297885,32.169638141690015,12.225133141288836,0.38002084721760554,4,44.50084922822303,8,13.340393603201779,-1.96505764868844,0.8481877897990706
湖南,CEG2000_f4_r0020_c0094,1,47.33563475998031,,,,5,49.13673913548202,4,,-1.6275525908845727,0.4146494974133035
湖南,CEG2000_f4_r0020_c0094,2,42.43135930834536,47.33563475998031,-4.904275451634952,-0.1036064156845584,4,44.50084922822303,3,-3.335098400800444,-1.6275525908845727,0.4146494974133035
湖南,CEG2000_f4_r0020_c0094,3,52.027976158497744,42.43135930834536,9.596616850152387,0.22616802776490202,6,53.77262904274099,7,10.005295202401335,-1.6275525908845727,0.4146494974133035
湖南,CEG2000_f4_r0020_c0094,4,42.82037363338553,52.027976158497744,-9.207602525112215,-0.1769740667417511,4,44.50084922822303,1,-10.005295202401333,-1.6275525908845727,0.4146494974133035
湖南,CEG2000_f4_r0020_c0094,5,37.71987247021607,42.82037363338553,-5.1005011631694614,-0.11911388739477932,3,39.864959320964054,2,-6.670196801600889,-1.6275525908845727,0.4146494974133035
湖南,CEG2000_f4_r0020_c0094,6,28.233286764698295,37.71987247021607,-9.486585705517772,-0.25150100157439453,0,25.957289599187117,1,-10.005295202401333,-1.6275525908845727,0.4146494974133035
湖南,CEG2000_f4_r0020_c0094,7,31.7496130050631,28.233286764698295,3.516326240364805,0.12454540874644003,1,30.593179506446095,5,3.3350984008004456,-1.6275525908845727,0.4146494974133035
湖南,CEG2000_f4_r0020_c0094,8,32.52982804130361,31.7496130050631,0.7802150362405094,0.02457400145683945,1,30.593179506446095,4,0.0,-1.6275525908845727,0.4146494974133035
湖南,CEG2000_f4_r0020_c0094,9,43.26311801118568,32.52982804130361,10.733289969882073,0.3299522504777416,4,44.50084922822303,7,10.005295202401335,-1.6275525908845727,0.4146494974133035
湖南,CEG2000_f4_r0020_c0094,10,33.57280830417164,43.26311801118568,-9.690309707014045,-0.22398546735601937,2,35.229069413705076,1,-10.005295202401333,-1.6275525908845727,0.4146494974133035
湖南,CEG2000_f4_r0020_c0094,11,38.99263590418764,33.57280830417164,5.419827600015999,0.16143503846660784,3,39.864959320964054,6,6.670196801600891,-1.6275525908845727,0.4146494974133035
湖南,CEG2000_f4_r0020_c0094,12,53.75576170913986,38.99263590418764,14.763125804952224,0.3786131781710795,6,53.77262904274099,8,13.340393603201779,-1.6275525908845727,0.4146494974133035
湖南,CEG2000_f4_r0020_c0095,1,49.99458532954504,,,,5,49.13673913548202,4,,-1.277132042226166,0.4278305978856125
湖南,CEG2000_f4_r0020_c0095,2,44.787061992878435,49.99458532954504,-5.207523336666604,-0.10416174676398689,4,44.50084922822303,2,-6.670196801600889,-1.277132042226166,0.4278305978856125
湖南,CEG2000_f4_r0020_c0095,3,54.40236108675154,44.787061992878435,9.615299093873105,0.2146892130455449,6,53.77262904274099,7,10.005295202401335,-1.277132042226166,0.4278305978856125
湖南,CEG2000_f4_r0020_c0095,4,44.16288696364294,54.40236108675154,-10.2394741231086,-0.18821745818679533,4,44.50084922822303,1,-10.005295202401333,-1.277132042226166,0.4278305978856125
湖南,CEG2000_f4_r0020_c0095,5,39.952145033134535,44.16288696364294,-4.210741930508405,-0.09534571265630562,3,39.864959320964054,3,-3.335098400800444,-1.277132042226166,0.4278305978856125
湖南,CEG2000_f4_r0020_c0095,6,30.21431127275861,39.952145033134535,-9.737833760375924,-0.2437374451934883,1,30.593179506446095,1,-10.005295202401333,-1.277132042226166,0.4278305978856125
湖南,CEG2000_f4_r0020_c0095,7,33.04301697719455,30.21431127275861,2.8287057044359365,0.09362138620006583,2,35.229069413705076,5,3.3350984008004456,-1.277132042226166,0.4278305978856125
湖南,CEG2000_f4_r0020_c0095,8,34.550508304180816,33.04301697719455,1.507491326986269,0.04562208493330683,2,35.229069413705076,4,0.0,-1.277132042226166,0.4278305978856125
湖南,CEG2000_f4_r0020_c0095,9,43.90672847487992,34.550508304180816,9.356220170699103,0.27079833640441536,4,44.50084922822303,7,10.005295202401335,-1.277132042226166,0.4278305978856125
湖南,CEG2000_f4_r0020_c0095,10,35.17321618443085,43.90672847487992,-8.73351229044907,-0.19891056778338018,2,35.229069413705076,1,-10.005295202401333,-1.277132042226166,0.4278305978856125
湖南,CEG2000_f4_r0020_c0095,11,43.180834169138166,35.17321618443085,8.007617984707316,0.227662376471897,4,44.50084922822303,6,6.670196801600891,-1.277132042226166,0.4278305978856125
湖南,CEG2000_f4_r0020_c0095,12,59.45150583598352,43.180834169138166,16.270671666845352,0.3768030882199628,7,58.40851894999997,8,13.340393603201779,-1.277132042226166,0.4278305978856125
湖南,CEG2000_f4_r0020_c0096,1,49.48518916277969,,,,5,49.13673913548202,4,,-0.9862858650175436,0.4799659859974544
湖南,CEG2000_f4_r0020_c0096,2,43.40307680495223,49.48518916277969,-6.082112357827462,-0.12290773180275374,4,44.50084922822303,2,-6.670196801600889,-0.9862858650175436,0.4799659859974544
湖南,CEG2000_f4_r0020_c0096,3,52.155165882054945,43.40307680495223,8.752089077102717,0.20164674307384853,6,53.77262904274099,7,10.005295202401335,-0.9862858650175436,0.4799659859974544
湖南,CEG2000_f4_r0020_c0096,4,42.8920493021973,52.155165882054945,-9.263116579857645,-0.1776068855922249,4,44.50084922822303,1,-10.005295202401333,-0.9862858650175436,0.4799659859974544
湖南,CEG2000_f4_r0020_c0096,5,39.251465572681234,42.8920493021973,-3.6405837295160666,-0.08487782208460636,3,39.864959320964054,3,-3.335098400800444,-0.9862858650175436,0.4799659859974544
湖南,CEG2000_f4_r0020_c0096,6,30.416242767159396,39.251465572681234,-8.835222805521838,-0.22509281313743087,1,30.593179506446095,1,-10.005295202401333,-0.9862858650175436,0.4799659859974544
湖南,CEG2000_f4_r0020_c0096,7,33.215571965522784,30.416242767159396,2.799329198363388,0.09203402339311419,2,35.229069413705076,5,3.3350984008004456,-0.9862858650175436,0.4799659859974544
湖南,CEG2000_f4_r0020_c0096,8,33.26907115669937,33.215571965522784,0.053499191176584304,0.0016106659621010163,2,35.229069413705076,4,0.0,-0.9862858650175436,0.4799659859974544
湖南,CEG2000_f4_r0020_c0096,9,43.020397893348445,33.26907115669937,9.751326736649077,0.29310486880501496,4,44.50084922822303,7,10.005295202401335,-0.9862858650175436,0.4799659859974544
湖南,CEG2000_f4_r0020_c0096,10,33.03358101829872,43.020397893348445,-9.986816875049726,-0.23214143439137805,2,35.229069413705076,1,-10.005295202401333,-0.9862858650175436,0.4799659859974544
湖南,CEG2000_f4_r0020_c0096,11,42.60138783100067,33.03358101829872,9.567806812701953,0.28963880141853027,4,44.50084922822303,7,10.005295202401335,-0.9862858650175436,0.4799659859974544
湖南,CEG2000_f4_r0020_c0096,12,60.36575930994504,42.60138783100067,17.76437147894437,0.4169904405324886,7,58.40851894999997,8,13.340393603201779,-0.9862858650175436,0.4799659859974544
湖南,CEG2000_f4_r0020_c0097,1,49.749568412213954,,,,5,49.13673913548202,4,,-0.7750765810604056,0.4766194272591189
湖南,CEG2000_f4_r0020_c0097,2,42.61552276376888,49.749568412213954,-7.134045648445074,-0.14339914648774327,4,44.50084922822303,2,-6.670196801600889,-0.7750765810604056,0.4766194272591189
湖南,CEG2000_f4_r0020_c0097,3,49.814156562794885,42.61552276376888,7.198633799026005,0.16892046212668269,5,49.13673913548202,6,6.670196801600891,-0.7750765810604056,0.4766194272591189
湖南,CEG2000_f4_r0020_c0097,4,42.70570911716126,49.814156562794885,-7.108447445633622,-0.14269934364286252,4,44.50084922822303,2,-6.670196801600889,-0.7750765810604056,0.4766194272591189
湖南,CEG2000_f4_r0020_c0097,5,39.602135760722504,42.70570911716126,-3.1035733564387584,-0.07267350011503707,3,39.864959320964054,3,-3.335098400800444,-0.7750765810604056,0.4766194272591189
湖南,CEG2000_f4_r0020_c0097,6,30.112527907642058,39.602135760722504,-9.489607853080447,-0.2396236382405482,1,30.593179506446095,1,-10.005295202401333,-0.7750765810604056,0.4766194272591189
湖南,CEG2000_f4_r0020_c0097,7,32.963362450391074,30.112527907642058,2.8508345427490163,0.09467270736926481,2,35.229069413705076,5,3.3350984008004456,-0.7750765810604056,0.4766194272591189
湖南,CEG2000_f4_r0020_c0097,8,33.277672443153826,32.963362450391074,0.31430999276275173,0.009535131412512282,2,35.229069413705076,4,0.0,-0.7750765810604056,0.4766194272591189
湖南,CEG2000_f4_r0020_c0097,9,42.909999222231136,33.277672443153826,9.63232677907731,0.2894531399553744,4,44.50084922822303,7,10.005295202401335,-0.7750765810604056,0.4766194272591189
湖南,CEG2000_f4_r0020_c0097,10,32.3488523642859,42.909999222231136,-10.56114685794524,-0.2461232125232396,1,30.593179506446095,1,-10.005295202401333,-0.7750765810604056,0.4766194272591189
湖南,CEG2000_f4_r0020_c0097,11,42.22397405308216,32.3488523642859,9.875121688796263,0.3052696144392032,4,44.50084922822303,7,10.005295202401335,-0.7750765810604056,0.4766194272591189
湖南,CEG2000_f4_r0020_c0097,12,60.173464917632195,42.22397405308216,17.949490864550036,0.42510188268836824,7,58.40851894999997,8,13.340393603201779,-0.7750765810604056,0.4766194272591189
湖南,CEG2000_f4_r0020_c0098,1,46.53141947039193,,,,4,44.50084922822303,4,,-0.6270407273591453,0.6134967839600164
湖南,CEG2000_f4_r0020_c0098,2,39.41009033515008,46.53141947039193,-7.121329135241851,-0.15304345356954288,3,39.864959320964054,2,-6.670196801600889,-0.6270407273591453,0.6134967839600164
湖南,CEG2000_f4_r0020_c0098,3,44.20985687237126,39.41009033515008,4.799766537221181,0.12179029523665523,4,44.50084922822303,5,3.3350984008004456,-0.6270407273591453,0.6134967839600164
湖南,CEG2000_f4_r0020_c0098,4,39.09714111648158,44.20985687237126,-5.112715755889681,-0.11564651228456811,3,39.864959320964054,2,-6.670196801600889,-0.6270407273591453,0.6134967839600164
湖南,CEG2000_f4_r0020_c0098,5,37.49040236568413,39.09714111648158,-1.6067387507974473,-0.0410960675106784,2,35.229069413705076,4,0.0,-0.6270407273591453,0.6134967839600164
湖南,CEG2000_f4_r0020_c0098,6,27.826858963825792,37.49040236568413,-9.663543401858341,-0.25776046113347706,0,25.957289599187117,1,-10.005295202401333,-0.6270407273591453,0.6134967839600164
湖南,CEG2000_f4_r0020_c0098,7,31.000211980111867,27.826858963825792,3.1733530162860752,0.11403921011751104,1,30.593179506446095,5,3.3350984008004456,-0.6270407273591453,0.6134967839600164
湖南,CEG2000_f4_r0020_c0098,8,30.64178872332673,31.000211980111867,-0.3584232567851373,-0.011561961479975786,1,30.593179506446095,4,0.0,-0.6270407273591453,0.6134967839600164
湖南,CEG2000_f4_r0020_c0098,9,39.65115188628392,30.64178872332673,9.00936316295719,0.2940221030927811,3,39.864959320964054,7,10.005295202401335,-0.6270407273591453,0.6134967839600164
湖南,CEG2000_f4_r0020_c0098,10,29.67791149019484,39.65115188628392,-9.973240396089079,-0.2515246070200299,1,30.593179506446095,1,-10.005295202401333,-0.6270407273591453,0.6134967839600164
湖南,CEG2000_f4_r0020_c0098,11,36.50457177121031,29.67791149019484,6.826660281015467,0.2300249558757158,2,35.229069413705076,6,6.670196801600891,-0.6270407273591453,0.6134967839600164
湖南,CEG2000_f4_r0020_c0098,12,52.0268450460188,36.50457177121031,15.52227327480849,0.4252145011340822,6,53.77262904274099,8,13.340393603201779,-0.6270407273591453,0.6134967839600164
湖南,CEG2000_f4_r0020_c0099,1,43.077674887657686,,,,4,44.50084922822303,4,,-0.5217885010480325,0.7189760039636481
湖南,CEG2000_f4_r0020_c0099,2,37.96221243032704,43.077674887657686,-5.1154624573306435,-0.11874973453584167,3,39.864959320964054,2,-6.670196801600889,-0.5217885010480325,0.7189760039636481
湖南,CEG2000_f4_r0020_c0099,3,42.26333815018944,37.96221243032704,4.301125719862398,0.11330018575066869,4,44.50084922822303,5,3.3350984008004456,-0.5217885010480325,0.7189760039636481
湖南,CEG2000_f4_r0020_c0099,4,36.24597284151528,42.26333815018944,-6.017365308674158,-0.1423778994288265,2,35.229069413705076,2,-6.670196801600889,-0.5217885010480325,0.7189760039636481
湖南,CEG2000_f4_r0020_c0099,5,34.24627422224898,36.24597284151528,-1.9996986192663044,-0.05517022892473993,2,35.229069413705076,3,-3.335098400800444,-0.5217885010480325,0.7189760039636481
湖南,CEG2000_f4_r0020_c0099,6,26.25384110303912,34.24627422224898,-7.992433119209856,-0.23338109913332894,0,25.957289599187117,2,-6.670196801600889,-0.5217885010480325,0.7189760039636481
湖南,CEG2000_f4_r0020_c0099,7,29.3276917803456,26.25384110303912,3.0738506773064778,0.11708194108597128,1,30.593179506446095,5,3.3350984008004456,-0.5217885010480325,0.7189760039636481
湖南,CEG2000_f4_r0020_c0099,8,27.54743142972594,29.3276917803456,-1.7802603506196597,-0.06070236839479909,0,25.957289599187117,3,-3.335098400800444,-0.5217885010480325,0.7189760039636481
湖南,CEG2000_f4_r0020_c0099,9,36.12611686248021,27.54743142972594,8.57868543275427,0.311415075290728,2,35.229069413705076,7,10.005295202401335,-0.5217885010480325,0.7189760039636481
湖南,CEG2000_f4_r0020_c0099,10,27.528202301692872,36.12611686248021,-8.597914560787338,-0.2379971972497532,0,25.957289599187117,1,-10.005295202401333,-0.5217885010480325,0.7189760039636481
湖南,CEG2000_f4_r0020_c0099,11,30.16648262519428,27.528202301692872,2.6382803235014087,0.09583917956528405,1,30.593179506446095,5,3.3350984008004456,-0.5217885010480325,0.7189760039636481
湖南,CEG2000_f4_r0020_c0099,12,43.225714594165154,30.16648262519428,13.059231968970874,0.43290535828211324,4,44.50084922822303,8,13.340393603201779,-0.5217885010480325,0.7189760039636481
湖南,CEG2000_f4_r0020_c0100,1,40.358447418144024,,,,3,39.864959320964054,4,,-0.450291567236214,0.9040553007775206
湖南,CEG2000_f4_r0020_c0100,2,36.446876106069965,40.358447418144024,-3.9115713120740594,-0.0969207579158639,2,35.229069413705076,3,-3.335098400800444,-0.450291567236214,0.9040553007775206
湖南,CEG2000_f4_r0020_c0100,3,37.66479123610189,36.446876106069965,1.2179151300319262,0.033416173350151436,3,39.864959320964054,4,0.0,-0.450291567236214,0.9040553007775206
湖南,CEG2000_f4_r0020_c0100,4,31.598551583778963,37.66479123610189,-6.066239652322928,-0.16105862937873944,1,30.593179506446095,2,-6.670196801600889,-0.450291567236214,0.9040553007775206
湖南,CEG2000_f4_r0020_c0100,5,29.672361359027285,31.598551583778963,-1.9261902247516787,-0.06095818093575161,1,30.593179506446095,3,-3.335098400800444,-0.450291567236214,0.9040553007775206
湖南,CEG2000_f4_r0020_c0100,6,22.877721376262397,29.672361359027285,-6.794639982764888,-0.22898885264140734,0,25.957289599187117,2,-6.670196801600889,-0.450291567236214,0.9040553007775206
湖南,CEG2000_f4_r0020_c0100,7,25.74011856760157,22.877721376262397,2.8623971913391735,0.12511723279876802,0,25.957289599187117,5,3.3350984008004456,-0.450291567236214,0.9040553007775206
湖南,CEG2000_f4_r0020_c0100,8,23.710096745907137,25.74011856760157,-2.030021821694433,-0.07886606335409696,0,25.957289599187117,3,-3.335098400800444,-0.450291567236214,0.9040553007775206
湖南,CEG2000_f4_r0020_c0100,9,30.750397667336134,23.710096745907137,7.040300921428997,0.29693261047719266,1,30.593179506446095,6,6.670196801600891,-0.450291567236214,0.9040553007775206
湖南,CEG2000_f4_r0020_c0100,10,25.18359719524577,30.750397667336134,-5.566800472090364,-0.18103182054141573,0,25.957289599187117,2,-6.670196801600889,-0.450291567236214,0.9040553007775206
湖南,CEG2000_f4_r0020_c0100,11,25.7387399730922,25.18359719524577,0.5551427778464308,0.02204382374537154,0,25.957289599187117,4,0.0,-0.450291567236214,0.9040553007775206
湖南,CEG2000_f4_r0020_c0100,12,34.90862104772889,25.7387399730922,9.169881074636692,0.3562676760487526,2,35.229069413705076,7,10.005295202401335,-0.450291567236214,0.9040553007775206
湖南,CEG2000_f4_r0021_c0089,1,43.2614848181338,,,,4,44.50084922822303,4,,-2.795834236254529,0.9906229236403378
湖南,CEG2000_f4_r0021_c0089,2,40.807306589910745,43.2614848181338,-2.454178228223057,-0.056728941194231636,3,39.864959320964054,3,-3.335098400800444,-2.795834236254529,0.9906229236403378
湖南,CEG2000_f4_r0021_c0089,3,41.17616838338745,40.807306589910745,0.3688617934767038,0.009039111480293132,3,39.864959320964054,4,0.0,-2.795834236254529,0.9906229236403378
湖南,CEG2000_f4_r0021_c0089,4,34.96793678251619,41.17616838338745,-6.208231600871258,-0.15077244543656892,2,35.229069413705076,2,-6.670196801600889,-2.795834236254529,0.9906229236403378
湖南,CEG2000_f4_r0021_c0089,5,33.30758605574105,34.96793678251619,-1.6603507267751425,-0.047482090153094486,2,35.229069413705076,4,0.0,-2.795834236254529,0.9906229236403378
湖南,CEG2000_f4_r0021_c0089,6,23.583033136631155,33.30758605574105,-9.724552919109893,-0.2919621044537908,0,25.957289599187117,1,-10.005295202401333,-2.795834236254529,0.9906229236403378
湖南,CEG2000_f4_r0021_c0089,7,27.32988191421466,23.583033136631155,3.746848777583505,0.15887900236902028,0,25.957289599187117,5,3.3350984008004456,-2.795834236254529,0.9906229236403378
湖南,CEG2000_f4_r0021_c0089,8,26.165307467502757,27.32988191421466,-1.164574446711903,-0.042611762845056106,0,25.957289599187117,4,0.0,-2.795834236254529,0.9906229236403378
湖南,CEG2000_f4_r0021_c0089,9,37.52798144467026,26.165307467502757,11.362673977167503,0.434264875017422,2,35.229069413705076,7,10.005295202401335,-2.795834236254529,0.9906229236403378
湖南,CEG2000_f4_r0021_c0089,10,28.750802885694945,37.52798144467026,-8.777178558975315,-0.23388357756241254,1,30.593179506446095,1,-10.005295202401333,-2.795834236254529,0.9906229236403378
湖南,CEG2000_f4_r0021_c0089,11,33.13800219982731,28.750802885694945,4.387199314132367,0.1525939756039033,2,35.229069413705076,5,3.3350984008004456,-2.795834236254529,0.9906229236403378
湖南,CEG2000_f4_r0021_c0089,12,46.228592740260225,33.13800219982731,13.090590540432913,0.3950325810679417,4,44.50084922822303,8,13.340393603201779,-2.795834236254529,0.9906229236403378
湖南,CEG2000_f4_r0021_c0090,1,44.1033882373529,,,,4,44.50084922822303,4,,-2.7624892825879055,0.8276302327896718
湖南,CEG2000_f4_r0021_c0090,2,41.38070739286612,44.1033882373529,-2.7226808444867814,-0.06173405158429155,3,39.864959320964054,3,-3.335098400800444,-2.7624892825879055,0.8276302327896718
湖南,CEG2000_f4_r0021_c0090,3,41.952584337837536,41.38070739286612,0.5718769449714145,0.013819892916330472,3,39.864959320964054,4,0.0,-2.7624892825879055,0.8276302327896718
湖南,CEG2000_f4_r0021_c0090,4,35.606332936683536,41.952584337837536,-6.346251401153999,-0.15127200150647788,2,35.229069413705076,2,-6.670196801600889,-2.7624892825879055,0.8276302327896718
湖南,CEG2000_f4_r0021_c0090,5,34.14484606200623,35.606332936683536,-1.4614868746773055,-0.041045700417287403,2,35.229069413705076,4,0.0,-2.7624892825879055,0.8276302327896718
湖南,CEG2000_f4_r0021_c0090,6,24.22106362801844,34.14484606200623,-9.923782433987789,-0.29063778515698785,0,25.957289599187117,1,-10.005295202401333,-2.7624892825879055,0.8276302327896718
湖南,CEG2000_f4_r0021_c0090,7,28.55366030104403,24.22106362801844,4.332596673025588,0.17887722601965864,1,30.593179506446095,5,3.3350984008004456,-2.7624892825879055,0.8276302327896718
湖南,CEG2000_f4_r0021_c0090,8,27.241587601570703,28.55366030104403,-1.312072699473326,-0.04595112099955016,0,25.957289599187117,4,0.0,-2.7624892825879055,0.8276302327896718
湖南,CEG2000_f4_r0021_c0090,9,38.769365517565824,27.241587601570703,11.52777791599512,0.423168358782821,3,39.864959320964054,7,10.005295202401335,-2.7624892825879055,0.8276302327896718
湖南,CEG2000_f4_r0021_c0090,10,30.038102362777597,38.769365517565824,-8.731263154788227,-0.22521037004931693,1,30.593179506446095,1,-10.005295202401333,-2.7624892825879055,0.8276302327896718
湖南,CEG2000_f4_r0021_c0090,11,33.4411991769271,30.038102362777597,3.403096814149503,0.11329266985808426,2,35.229069413705076,5,3.3350984008004456,-2.7624892825879055,0.8276302327896718
湖南,CEG2000_f4_r0021_c0090,12,45.55560281428061,33.4411991769271,12.114403637353512,0.36225984520650495,4,44.50084922822303,8,13.340393603201779,-2.7624892825879055,0.8276302327896718
湖南,CEG2000_f4_r0021_c0091,1,43.565912270810394,,,,4,44.50084922822303,4,,-2.658526689012388,0.6056158331482022
湖南,CEG2000_f4_r0021_c0091,2,41.5190552498855,43.565912270810394,-2.0468570209248966,-0.046982994599112565,3,39.864959320964054,3,-3.335098400800444,-2.658526689012388,0.6056158331482022
湖南,CEG2000_f4_r0021_c0091,3,41.69066483184733,41.5190552498855,0.17160958196183174,0.004133272805197199,3,39.864959320964054,4,0.0,-2.658526689012388,0.6056158331482022
湖南,CEG2000_f4_r0021_c0091,4,35.1037363937764,41.69066483184733,-6.586928438070927,-0.15799528418743755,2,35.229069413705076,2,-6.670196801600889,-2.658526689012388,0.6056158331482022
湖南,CEG2000_f4_r0021_c0091,5,33.50805611204962,35.1037363937764,-1.5956802817267786,-0.045456137883079575,2,35.229069413705076,4,0.0,-2.658526689012388,0.6056158331482022
湖南,CEG2000_f4_r0021_c0091,6,23.8454753413693,33.50805611204962,-9.662580770680322,-0.2883659003783756,0,25.957289599187117,1,-10.005295202401333,-2.658526689012388,0.6056158331482022
湖南,CEG2000_f4_r0021_c0091,7,28.311196465762965,23.8454753413693,4.465721124393664,0.18727750487096073,1,30.593179506446095,5,3.3350984008004456,-2.658526689012388,0.6056158331482022
湖南,CEG2000_f4_r0021_c0091,8,26.315990620940216,28.311196465762965,-1.995205844822749,-0.07047409130997247,0,25.957289599187117,3,-3.335098400800444,-2.658526689012388,0.6056158331482022
湖南,CEG2000_f4_r0021_c0091,9,34.50387662787559,26.315990620940216,8.187886006935376,0.31113729005588314,2,35.229069413705076,6,6.670196801600891,-2.658526689012388,0.6056158331482022
湖南,CEG2000_f4_r0021_c0091,10,28.260247740364942,34.50387662787559,-6.243628887510649,-0.18095441723398806,0,25.957289599187117,2,-6.670196801600889,-2.658526689012388,0.6056158331482022
湖南,CEG2000_f4_r0021_c0091,11,30.945695818873936,28.260247740364942,2.685448078508994,0.09502563824567219,1,30.593179506446095,5,3.3350984008004456,-2.658526689012388,0.6056158331482022
湖南,CEG2000_f4_r0021_c0091,12,41.795609163096664,30.945695818873936,10.849913344222728,0.3506113873712063,3,39.864959320964054,7,10.005295202401335,-2.658526689012388,0.6056158331482022
湖南,CEG2000_f4_r0021_c0092,1,45.61587980494715,,,,4,44.50084922822303,4,,-2.486954307479563,0.4336904249302466
湖南,CEG2000_f4_r0021_c0092,2,44.248811945531926,45.61587980494715,-1.3670678594152221,-0.029969121833466433,4,44.50084922822303,4,0.0,-2.486954307479563,0.4336904249302466
湖南,CEG2000_f4_r0021_c0092,3,46.43903462974171,44.248811945531926,2.190222684209786,0.049497886788595374,4,44.50084922822303,5,3.3350984008004456,-2.486954307479563,0.4336904249302466
湖南,CEG2000_f4_r0021_c0092,4,41.25629906123428,46.43903462974171,-5.182735568507432,-0.11160299971412774,3,39.864959320964054,2,-6.670196801600889,-2.486954307479563,0.4336904249302466
湖南,CEG2000_f4_r0021_c0092,5,37.12495656978287,41.25629906123428,-4.131342491451413,-0.10013846577269343,2,35.229069413705076,3,-3.335098400800444,-2.486954307479563,0.4336904249302466
湖南,CEG2000_f4_r0021_c0092,6,26.418887440195068,37.12495656978287,-10.7060691295878,-0.28837930381046684,0,25.957289599187117,1,-10.005295202401333,-2.486954307479563,0.4336904249302466
湖南,CEG2000_f4_r0021_c0092,7,30.831190972624583,26.418887440195068,4.412303532429515,0.1670132227338388,1,30.593179506446095,5,3.3350984008004456,-2.486954307479563,0.4336904249302466
湖南,CEG2000_f4_r0021_c0092,8,28.229807831935553,30.831190972624583,-2.6013831406890304,-0.08437504548555495,0,25.957289599187117,3,-3.335098400800444,-2.486954307479563,0.4336904249302466
湖南,CEG2000_f4_r0021_c0092,9,37.57216374044205,28.229807831935553,9.342355908506498,0.33093940858987236,3,39.864959320964054,7,10.005295202401335,-2.486954307479563,0.4336904249302466
湖南,CEG2000_f4_r0021_c0092,10,31.545041544713143,37.57216374044205,-6.027122195728907,-0.1604145621573935,1,30.593179506446095,2,-6.670196801600889,-2.486954307479563,0.4336904249302466
湖南,CEG2000_f4_r0021_c0092,11,36.07505916714583,31.545041544713143,4.530017622432688,0.1436047442198378,2,35.229069413705076,5,3.3350984008004456,-2.486954307479563,0.4336904249302466
湖南,CEG2000_f4_r0021_c0092,12,50.31445528367213,36.07505916714583,14.2393961165263,0.39471580768727776,5,49.13673913548202,8,13.340393603201779,-2.486954307479563,0.4336904249302466
湖南,CEG2000_f4_r0021_c0093,1,47.61629306216808,,,,5,49.13673913548202,4,,-2.180961534814512,0.4651861651595642
湖南,CEG2000_f4_r0021_c0093,2,46.11369136931116,47.61629306216808,-1.5026016928569206,-0.03155646095539432,4,44.50084922822303,4,0.0,-2.180961534814512,0.4651861651595642
湖南,CEG2000_f4_r0021_c0093,3,50.77521215179906,46.11369136931116,4.661520782487898,0.10108756519089161,5,49.13673913548202,5,3.3350984008004456,-2.180961534814512,0.4651861651595642
湖南,CEG2000_f4_r0021_c0093,4,43.231563731217165,50.77521215179906,-7.543648420581896,-0.14856951061138227,4,44.50084922822303,2,-6.670196801600889,-2.180961534814512,0.4651861651595642
湖南,CEG2000_f4_r0021_c0093,5,37.80482865392195,43.231563731217165,-5.426735077295213,-0.12552715212974383,3,39.864959320964054,2,-6.670196801600889,-2.180961534814512,0.4651861651595642
湖南,CEG2000_f4_r0021_c0093,6,27.708178859834167,37.80482865392195,-10.096649794087785,-0.2670730209232237,0,25.957289599187117,1,-10.005295202401333,-2.180961534814512,0.4651861651595642
湖南,CEG2000_f4_r0021_c0093,7,32.2674919247584,27.708178859834167,4.559313064924236,0.1645475542794848,1,30.593179506446095,5,3.3350984008004456,-2.180961534814512,0.4651861651595642
湖南,CEG2000_f4_r0021_c0093,8,30.524389432118134,32.2674919247584,-1.7431024926402685,-0.05402038983088146,1,30.593179506446095,3,-3.335098400800444,-2.180961534814512,0.4651861651595642
湖南,CEG2000_f4_r0021_c0093,9,40.93540860471998,30.524389432118134,10.411019172601847,0.3410721513612733,3,39.864959320964054,7,10.005295202401335,-2.180961534814512,0.4651861651595642
湖南,CEG2000_f4_r0021_c0093,10,34.38681888275555,40.93540860471998,-6.548589721964433,-0.15997372312070582,2,35.229069413705076,2,-6.670196801600889,-2.180961534814512,0.4651861651595642
湖南,CEG2000_f4_r0021_c0093,11,38.60039540976499,34.38681888275555,4.213576527009444,0.12253464158391478,3,39.864959320964054,5,3.3350984008004456,-2.180961534814512,0.4651861651595642
湖南,CEG2000_f4_r0021_c0093,12,53.54340880822059,38.60039540976499,14.943013398455598,0.387120733863658,6,53.77262904274099,8,13.340393603201779,-2.180961534814512,0.4651861651595642
湖南,CEG2000_f4_r0021_c0094,1,47.66015122636688,,,,5,49.13673913548202,4,,-1.6659893459571162,0.2392491783844641
湖南,CEG2000_f4_r0021_c0094,2,45.98755121907973,47.66015122636688,-1.6726000072871514,-0.03509430759761887,4,44.50084922822303,3,-3.335098400800444,-1.6659893459571162,0.2392491783844641
湖南,CEG2000_f4_r0021_c0094,3,53.245180420146184,45.98755121907973,7.257629201066457,0.15781725725059584,6,53.77262904274099,6,6.670196801600891,-1.6659893459571162,0.2392491783844641
湖南,CEG2000_f4_r0021_c0094,4,42.59441534337319,53.245180420146184,-10.650765076772991,-0.20003247228631985,4,44.50084922822303,1,-10.005295202401333,-1.6659893459571162,0.2392491783844641
湖南,CEG2000_f4_r0021_c0094,5,37.71097262541073,42.59441534337319,-4.88344271796246,-0.11464983563208415,3,39.864959320964054,3,-3.335098400800444,-1.6659893459571162,0.2392491783844641
湖南,CEG2000_f4_r0021_c0094,6,27.987720449711603,37.71097262541073,-9.72325217569913,-0.2578361548051753,0,25.957289599187117,1,-10.005295202401333,-1.6659893459571162,0.2392491783844641
湖南,CEG2000_f4_r0021_c0094,7,30.94934753816906,27.987720449711603,2.9616270884574583,0.10581880342055425,1,30.593179506446095,5,3.3350984008004456,-1.6659893459571162,0.2392491783844641
湖南,CEG2000_f4_r0021_c0094,8,30.174639808343677,30.94934753816906,-0.7747077298253835,-0.025031472113263637,1,30.593179506446095,4,0.0,-1.6659893459571162,0.2392491783844641
湖南,CEG2000_f4_r0021_c0094,9,40.72503201494473,30.174639808343677,10.550392206601053,0.3496443461666022,3,39.864959320964054,7,10.005295202401335,-1.6659893459571162,0.2392491783844641
湖南,CEG2000_f4_r0021_c0094,10,33.14566789677881,40.72503201494473,-7.57936411816592,-0.18611069760201895,2,35.229069413705076,2,-6.670196801600889,-1.6659893459571162,0.2392491783844641
湖南,CEG2000_f4_r0021_c0094,11,38.03608552867299,33.14566789677881,4.890417631894181,0.14754319168115015,3,39.864959320964054,5,3.3350984008004456,-1.6659893459571162,0.2392491783844641
湖南,CEG2000_f4_r0021_c0094,12,52.70285199392707,38.03608552867299,14.666766465254078,0.3856013641098197,6,53.77262904274099,8,13.340393603201779,-1.6659893459571162,0.2392491783844641
湖南,CEG2000_f4_r0021_c0095,1,48.81312392997613,,,,5,49.13673913548202,4,,-1.1006125873956016,0.2302973165600695
湖南,CEG2000_f4_r0021_c0095,2,45.583540692119506,48.81312392997613,-3.229583237856623,-0.06616219118632022,4,44.50084922822303,3,-3.335098400800444,-1.1006125873956016,0.2302973165600695
湖南,CEG2000_f4_r0021_c0095,3,54.22184552933145,45.583540692119506,8.638304837211948,0.18950491133536146,6,53.77262904274099,7,10.005295202401335,-1.1006125873956016,0.2302973165600695
湖南,CEG2000_f4_r0021_c0095,4,43.227319557180365,54.22184552933145,-10.994525972151088,-0.20276930570730148,4,44.50084922822303,1,-10.005295202401333,-1.1006125873956016,0.2302973165600695
湖南,CEG2000_f4_r0021_c0095,5,40.194553509403875,43.227319557180365,-3.032766047776491,-0.07015854970523443,3,39.864959320964054,3,-3.335098400800444,-1.1006125873956016,0.2302973165600695
湖南,CEG2000_f4_r0021_c0095,6,29.881792699164706,40.194553509403875,-10.312760810239169,-0.2565711000577829,1,30.593179506446095,1,-10.005295202401333,-1.1006125873956016,0.2302973165600695
湖南,CEG2000_f4_r0021_c0095,7,32.300399038853094,29.881792699164706,2.418606339688388,0.08093913119730585,1,30.593179506446095,5,3.3350984008004456,-1.1006125873956016,0.2302973165600695
湖南,CEG2000_f4_r0021_c0095,8,32.877978795007444,32.300399038853094,0.5775797561543499,0.017881505286036808,1,30.593179506446095,4,0.0,-1.1006125873956016,0.2302973165600695
湖南,CEG2000_f4_r0021_c0095,9,43.015215821111056,32.877978795007444,10.137237026103612,0.3083290821892909,4,44.50084922822303,7,10.005295202401335,-1.1006125873956016,0.2302973165600695
湖南,CEG2000_f4_r0021_c0095,10,34.44524073476137,43.015215821111056,-8.569975086349686,-0.19923124696130676,2,35.229069413705076,1,-10.005295202401333,-1.1006125873956016,0.2302973165600695
湖南,CEG2000_f4_r0021_c0095,11,41.49679516439026,34.44524073476137,7.051554429628887,0.20471781526881927,3,39.864959320964054,6,6.670196801600891,-1.1006125873956016,0.2302973165600695
湖南,CEG2000_f4_r0021_c0095,12,56.00583860768388,41.49679516439026,14.50904344329362,0.34964250578426115,6,53.77262904274099,8,13.340393603201779,-1.1006125873956016,0.2302973165600695
湖南,CEG2000_f4_r0021_c0096,1,48.825171352356655,,,,5,49.13673913548202,4,,-0.732472037995227,0.3000802748319091
湖南,CEG2000_f4_r0021_c0096,2,45.096361181099795,48.825171352356655,-3.7288101712568604,-0.07637065202182605,4,44.50084922822303,3,-3.335098400800444,-0.732472037995227,0.3000802748319091
湖南,CEG2000_f4_r0021_c0096,3,52.23020727885021,45.096361181099795,7.133846097750414,0.15819116910790265,6,53.77262904274099,6,6.670196801600891,-0.732472037995227,0.3000802748319091
湖南,CEG2000_f4_r0021_c0096,4,43.20395175010432,52.23020727885021,-9.026255528745885,-0.17281676636962004,4,44.50084922822303,1,-10.005295202401333,-0.732472037995227,0.3000802748319091
湖南,CEG2000_f4_r0021_c0096,5,40.18197517818113,43.20395175010432,-3.02197657192319,-0.06994676295822623,3,39.864959320964054,3,-3.335098400800444,-0.732472037995227,0.3000802748319091
湖南,CEG2000_f4_r0021_c0096,6,30.571894880537208,40.18197517818113,-9.610080297643925,-0.23916395983595679,1,30.593179506446095,1,-10.005295202401333,-0.732472037995227,0.3000802748319091
湖南,CEG2000_f4_r0021_c0096,7,33.064822507580146,30.571894880537208,2.4929276270429384,0.08154311784677747,2,35.229069413705076,5,3.3350984008004456,-0.732472037995227,0.3000802748319091
湖南,CEG2000_f4_r0021_c0096,8,33.31864543273468,33.064822507580146,0.2538229251545303,0.007676524653847488,2,35.229069413705076,4,0.0,-0.732472037995227,0.3000802748319091
湖南,CEG2000_f4_r0021_c0096,9,43.28703578543183,33.31864543273468,9.968390352697156,0.29918354192465096,4,44.50084922822303,7,10.005295202401335,-0.732472037995227,0.3000802748319091
湖南,CEG2000_f4_r0021_c0096,10,34.289991590327894,43.28703578543183,-8.997044195103939,-0.207846160677324,2,35.229069413705076,1,-10.005295202401333,-0.732472037995227,0.3000802748319091
湖南,CEG2000_f4_r0021_c0096,11,42.16476955856594,34.289991590327894,7.87477796823805,0.22965237385649495,3,39.864959320964054,6,6.670196801600891,-0.732472037995227,0.3000802748319091
湖南,CEG2000_f4_r0021_c0096,12,59.60556185620114,42.16476955856594,17.4407922976352,0.4136342373082419,7,58.40851894999997,8,13.340393603201779,-0.732472037995227,0.3000802748319091
湖南,CEG2000_f4_r0021_c0097,1,50.08016611900546,,,,5,49.13673913548202,4,,-0.527751948063531,0.4255241094256148
湖南,CEG2000_f4_r0021_c0097,2,45.1109941192956,50.08016611900546,-4.9691719997098645,-0.09922435137099235,4,44.50084922822303,3,-3.335098400800444,-0.527751948063531,0.4255241094256148
湖南,CEG2000_f4_r0021_c0097,3,52.62205531752807,45.1109941192956,7.5110611982324755,0.16650178841923868,6,53.77262904274099,6,6.670196801600891,-0.527751948063531,0.4255241094256148
湖南,CEG2000_f4_r0021_c0097,4,44.98604393577827,52.62205531752807,-7.636011381749803,-0.1451104738435843,4,44.50084922822303,2,-6.670196801600889,-0.527751948063531,0.4255241094256148
湖南,CEG2000_f4_r0021_c0097,5,42.02661104049044,44.98604393577827,-2.959432895287833,-0.065785577845269,3,39.864959320964054,3,-3.335098400800444,-0.527751948063531,0.4255241094256148
湖南,CEG2000_f4_r0021_c0097,6,31.399627476689098,42.02661104049044,-10.626983563801339,-0.2528632050193816,1,30.593179506446095,1,-10.005295202401333,-0.527751948063531,0.4255241094256148
湖南,CEG2000_f4_r0021_c0097,7,34.13210487593344,31.399627476689098,2.7324773992443454,0.08702260564310582,2,35.229069413705076,5,3.3350984008004456,-0.527751948063531,0.4255241094256148
湖南,CEG2000_f4_r0021_c0097,8,33.93393932790614,34.13210487593344,-0.1981655480273048,-0.005805840241837279,2,35.229069413705076,4,0.0,-0.527751948063531,0.4255241094256148
湖南,CEG2000_f4_r0021_c0097,9,44.25689484200071,33.93393932790614,10.322955514094573,0.3042074017502978,4,44.50084922822303,7,10.005295202401335,-0.527751948063531,0.4255241094256148
湖南,CEG2000_f4_r0021_c0097,10,34.403479297534595,44.25689484200071,-9.853415544466117,-0.2226413664953968,2,35.229069413705076,1,-10.005295202401333,-0.527751948063531,0.4255241094256148
湖南,CEG2000_f4_r0021_c0097,11,43.68982014472682,34.403479297534595,9.286340847192228,0.26992446801326,4,44.50084922822303,7,10.005295202401335,-0.527751948063531,0.4255241094256148
湖南,CEG2000_f4_r0021_c0097,12,63.00318834639447,43.68982014472682,19.313368201667643,0.4420564822123372,8,63.044408857258944,8,13.340393603201779,-0.527751948063531,0.4255241094256148
湖南,CEG2000_f4_r0021_c0098,1,46.62969436626161,,,,4,44.50084922822303,4,,-0.4070899158270622,0.591484952252863
湖南,CEG2000_f4_r0021_c0098,2,41.03000254519155,46.62969436626161,-5.59969182107006,-0.12008853794078594,3,39.864959320964054,2,-6.670196801600889,-0.4070899158270622,0.591484952252863
湖南,CEG2000_f4_r0021_c0098,3,46.2079665445372,41.03000254519155,5.17796399934565,0.12619945596256057,4,44.50084922822303,6,6.670196801600891,-0.4070899158270622,0.591484952252863
湖南,CEG2000_f4_r0021_c0098,4,41.089849952063965,46.2079665445372,-5.1181165924732355,-0.11076264495517624,3,39.864959320964054,2,-6.670196801600889,-0.4070899158270622,0.591484952252863
湖南,CEG2000_f4_r0021_c0098,5,37.971292474272765,41.089849952063965,-3.1185574777911995,-0.07589605416980971,3,39.864959320964054,3,-3.335098400800444,-0.4070899158270622,0.591484952252863
湖南,CEG2000_f4_r0021_c0098,6,28.385017182014312,37.971292474272765,-9.586275292258453,-0.25246112701466716,1,30.593179506446095,1,-10.005295202401333,-0.4070899158270622,0.591484952252863
湖南,CEG2000_f4_r0021_c0098,7,32.21723063369833,28.385017182014312,3.832213451684016,0.135008318899741,1,30.593179506446095,5,3.3350984008004456,-0.4070899158270622,0.591484952252863
湖南,CEG2000_f4_r0021_c0098,8,31.124902451211323,32.21723063369833,-1.0923281824870053,-0.033905092430398416,1,30.593179506446095,4,0.0,-0.4070899158270622,0.591484952252863
湖南,CEG2000_f4_r0021_c0098,9,39.33471332121105,31.124902451211323,8.209810869999725,0.26376985061619734,3,39.864959320964054,6,6.670196801600891,-0.4070899158270622,0.591484952252863
湖南,CEG2000_f4_r0021_c0098,10,30.879108477550695,39.33471332121105,-8.455604843660353,-0.21496546255748888,1,30.593179506446095,1,-10.005295202401333,-0.4070899158270622,0.591484952252863
湖南,CEG2000_f4_r0021_c0098,11,36.72545587305727,30.879108477550695,5.846347395506577,0.18933018742289492,2,35.229069413705076,6,6.670196801600891,-0.4070899158270622,0.591484952252863
湖南,CEG2000_f4_r0021_c0098,12,53.59379031534009,36.72545587305727,16.868334442282816,0.45930905529365684,6,53.77262904274099,8,13.340393603201779,-0.4070899158270622,0.591484952252863
湖南,CEG2000_f4_r0021_c0099,1,45.127924011736695,,,,4,44.50084922822303,4,,-0.3296405279206563,0.7927581577618888
湖南,CEG2000_f4_r0021_c0099,2,39.284702067620266,45.127924011736695,-5.843221944116429,-0.12948129283759535,3,39.864959320964054,2,-6.670196801600889,-0.3296405279206563,0.7927581577618888
湖南,CEG2000_f4_r0021_c0099,3,43.00736532868658,39.284702067620266,3.722663261066316,0.09476114276388153,4,44.50084922822303,5,3.3350984008004456,-0.3296405279206563,0.7927581577618888
湖南,CEG2000_f4_r0021_c0099,4,38.640643848020005,43.00736532868658,-4.366721480666577,-0.10153427086950396,3,39.864959320964054,3,-3.335098400800444,-0.3296405279206563,0.7927581577618888
湖南,CEG2000_f4_r0021_c0099,5,34.90339831476817,38.640643848020005,-3.737245533251837,-0.09671799331168075,2,35.229069413705076,3,-3.335098400800444,-0.3296405279206563,0.7927581577618888
湖南,CEG2000_f4_r0021_c0099,6,27.060423175843084,34.90339831476817,-7.842975138925084,-0.22470520114388404,0,25.957289599187117,2,-6.670196801600889,-0.3296405279206563,0.7927581577618888
湖南,CEG2000_f4_r0021_c0099,7,31.079015105004395,27.060423175843084,4.01859192916131,0.14850440080141536,1,30.593179506446095,5,3.3350984008004456,-0.3296405279206563,0.7927581577618888
湖南,CEG2000_f4_r0021_c0099,8,28.413527416769305,31.079015105004395,-2.665487688235089,-0.08576486993649576,1,30.593179506446095,3,-3.335098400800444,-0.3296405279206563,0.7927581577618888
湖南,CEG2000_f4_r0021_c0099,9,36.591888185778465,28.413527416769305,8.17836076900916,0.28783334955386053,2,35.229069413705076,6,6.670196801600891,-0.3296405279206563,0.7927581577618888
湖南,CEG2000_f4_r0021_c0099,10,29.526373045500645,36.591888185778465,-7.065515140277821,-0.19308965704108846,1,30.593179506446095,2,-6.670196801600889,-0.3296405279206563,0.7927581577618888
湖南,CEG2000_f4_r0021_c0099,11,32.711113918215986,29.526373045500645,3.1847408727153415,0.10786088991721406,1,30.593179506446095,5,3.3350984008004456,-0.3296405279206563,0.7927581577618888
湖南,CEG2000_f4_r0021_c0099,12,47.52901119177874,32.711113918215986,14.817897273562757,0.45299274462527694,5,49.13673913548202,8,13.340393603201779,-0.3296405279206563,0.7927581577618888
湖南,CEG2000_f4_r0021_c0100,1,43.225969079630666,,,,4,44.50084922822303,4,,-0.2893129855849361,0.9323007480163614
湖南,CEG2000_f4_r0021_c0100,2,38.05481355789582,43.225969079630666,-5.171155521734846,-0.1196307597455726,3,39.864959320964054,2,-6.670196801600889,-0.2893129855849361,0.9323007480163614
湖南,CEG2000_f4_r0021_c0100,3,41.42843510147799,38.05481355789582,3.3736215435821677,0.08865163768177732,3,39.864959320964054,5,3.3350984008004456,-0.2893129855849361,0.9323007480163614
湖南,CEG2000_f4_r0021_c0100,4,35.808050686763835,41.42843510147799,-5.620384414714152,-0.13566489781588784,2,35.229069413705076,2,-6.670196801600889,-0.2893129855849361,0.9323007480163614
湖南,CEG2000_f4_r0021_c0100,5,31.603484410648996,35.808050686763835,-4.204566276114839,-0.11741958010769417,1,30.593179506446095,3,-3.335098400800444,-0.2893129855849361,0.9323007480163614
湖南,CEG2000_f4_r0021_c0100,6,24.971833410663404,31.603484410648996,-6.631650999985592,-0.20983923525062365,0,25.957289599187117,2,-6.670196801600889,-0.2893129855849361,0.9323007480163614
湖南,CEG2000_f4_r0021_c0100,7,28.11694737615696,24.971833410663404,3.1451139654935574,0.12594645790607187,0,25.957289599187117,5,3.3350984008004456,-0.2893129855849361,0.9323007480163614
湖南,CEG2000_f4_r0021_c0100,8,25.580802001130756,28.11694737615696,-2.536145375026205,-0.09019988340472708,0,25.957289599187117,3,-3.335098400800444,-0.2893129855849361,0.9323007480163614
湖南,CEG2000_f4_r0021_c0100,9,33.3881199029954,25.580802001130756,7.807317901864643,0.3052022333592017,2,35.229069413705076,6,6.670196801600891,-0.2893129855849361,0.9323007480163614
湖南,CEG2000_f4_r0021_c0100,10,27.506306437157782,33.3881199029954,-5.881813465837617,-0.17616485992402145,0,25.957289599187117,2,-6.670196801600889,-0.2893129855849361,0.9323007480163614
湖南,CEG2000_f4_r0021_c0100,11,28.123898457750013,27.506306437157782,0.6175920205922303,0.02245274268296292,0,25.957289599187117,4,0.0,-0.2893129855849361,0.9323007480163614
湖南,CEG2000_f4_r0021_c0100,12,39.696638575410134,28.123898457750013,11.572740117660121,0.4114913206305884,3,39.864959320964054,7,10.005295202401335,-0.2893129855849361,0.9323007480163614
湖南,CEG2000_f4_r0022_c0088,1,42.21104515829316,,,,4,44.50084922822303,4,,-3.0138699425763207,0.9337173512552372
湖南,CEG2000_f4_r0022_c0088,2,40.9317851728446,42.21104515829316,-1.2792599854485616,-0.030306285491185633,3,39.864959320964054,4,0.0,-3.0138699425763207,0.9337173512552372
湖南,CEG2000_f4_r0022_c0088,3,40.02543708798533,40.9317851728446,-0.9063480848592675,-0.022142891667978525,3,39.864959320964054,4,0.0,-3.0138699425763207,0.9337173512552372
湖南,CEG2000_f4_r0022_c0088,4,36.671387115776426,40.02543708798533,-3.354049972208905,-0.08379795990324637,2,35.229069413705076,3,-3.335098400800444,-3.0138699425763207,0.9337173512552372
湖南,CEG2000_f4_r0022_c0088,5,33.34840825860953,36.671387115776426,-3.322978857166895,-0.0906150303689307,2,35.229069413705076,3,-3.335098400800444,-3.0138699425763207,0.9337173512552372
湖南,CEG2000_f4_r0022_c0088,6,23.603051539834947,33.34840825860953,-9.745356718774584,-0.292228541860274,0,25.957289599187117,1,-10.005295202401333,-3.0138699425763207,0.9337173512552372
湖南,CEG2000_f4_r0022_c0088,7,25.12728562929072,23.603051539834947,1.5242340894557742,0.06457784015271582,0,25.957289599187117,4,0.0,-3.0138699425763207,0.9337173512552372
湖南,CEG2000_f4_r0022_c0088,8,24.601255193569745,25.12728562929072,-0.5260304357209762,-0.020934630325043377,0,25.957289599187117,4,0.0,-3.0138699425763207,0.9337173512552372
湖南,CEG2000_f4_r0022_c0088,9,33.7737619888698,24.601255193569745,9.172506795300055,0.3728471056914835,2,35.229069413705076,7,10.005295202401335,-3.0138699425763207,0.9337173512552372
湖南,CEG2000_f4_r0022_c0088,10,27.51637320159793,33.7737619888698,-6.257388787271871,-0.18527366863466393,0,25.957289599187117,2,-6.670196801600889,-3.0138699425763207,0.9337173512552372
湖南,CEG2000_f4_r0022_c0088,11,32.71932569734599,27.51637320159793,5.2029524957480575,0.18908569300280867,1,30.593179506446095,6,6.670196801600891,-3.0138699425763207,0.9337173512552372
湖南,CEG2000_f4_r0022_c0088,12,45.02385457149282,32.71932569734599,12.304528874146833,0.37606303344891084,4,44.50084922822303,8,13.340393603201779,-3.0138699425763207,0.9337173512552372
湖南,CEG2000_f4_r0022_c0089,1,42.37960643302027,,,,4,44.50084922822303,4,,-3.0393469653895235,0.8370742315156146
湖南,CEG2000_f4_r0022_c0089,2,42.73965044674296,42.37960643302027,0.36004401372268546,0.008495690357382731,4,44.50084922822303,4,0.0,-3.0393469653895235,0.8370742315156146
湖南,CEG2000_f4_r0022_c0089,3,42.18621865452367,42.73965044674296,-0.5534317922192855,-0.012948907780818331,4,44.50084922822303,4,0.0,-3.0393469653895235,0.8370742315156146
湖南,CEG2000_f4_r0022_c0089,4,36.53440035823781,42.18621865452367,-5.65181829628586,-0.13397309539805863,2,35.229069413705076,2,-6.670196801600889,-3.0393469653895235,0.8370742315156146
湖南,CEG2000_f4_r0022_c0089,5,34.49986761955388,36.53440035823781,-2.0345327386839287,-0.055688138267888126,2,35.229069413705076,3,-3.335098400800444,-3.0393469653895235,0.8370742315156146
湖南,CEG2000_f4_r0022_c0089,6,24.770919790957738,34.49986761955388,-9.728947828596144,-0.2819995698500002,0,25.957289599187117,1,-10.005295202401333,-3.0393469653895235,0.8370742315156146
湖南,CEG2000_f4_r0022_c0089,7,26.644103580166956,24.770919790957738,1.873183789209218,0.0756202759129274,0,25.957289599187117,5,3.3350984008004456,-3.0393469653895235,0.8370742315156146
湖南,CEG2000_f4_r0022_c0089,8,25.975364111382753,26.644103580166956,-0.668739468784203,-0.025098966710292776,0,25.957289599187117,4,0.0,-3.0393469653895235,0.8370742315156146
湖南,CEG2000_f4_r0022_c0089,9,35.484984763419355,25.975364111382753,9.509620652036602,0.3661015341790477,2,35.229069413705076,7,10.005295202401335,-3.0393469653895235,0.8370742315156146
湖南,CEG2000_f4_r0022_c0089,10,29.90701539303907,35.484984763419355,-5.577969370380284,-0.15719238454148873,1,30.593179506446095,2,-6.670196801600889,-3.0393469653895235,0.8370742315156146
湖南,CEG2000_f4_r0022_c0089,11,33.59002895624386,29.90701539303907,3.683013563204792,0.12314881691812089,2,35.229069413705076,5,3.3350984008004456,-3.0393469653895235,0.8370742315156146
湖南,CEG2000_f4_r0022_c0089,12,45.92262665339174,33.59002895624386,12.332597697147875,0.36715055271946817,4,44.50084922822303,8,13.340393603201779,-3.0393469653895235,0.8370742315156146
湖南,CEG2000_f4_r0022_c0090,1,46.61860519376851,,,,4,44.50084922822303,4,,-3.014994799283554,0.6535324591842058
湖南,CEG2000_f4_r0022_c0090,2,45.6498784619427,46.61860519376851,-0.9687267318258108,-0.020779830880811083,4,44.50084922822303,4,0.0,-3.014994799283554,0.6535324591842058
湖南,CEG2000_f4_r0022_c0090,3,46.47244234533336,45.6498784619427,0.8225638833906643,0.01801897203464447,4,44.50084922822303,4,0.0,-3.014994799283554,0.6535324591842058
湖南,CEG2000_f4_r0022_c0090,4,40.10416737376075,46.47244234533336,-6.36827497157261,-0.13703336106698286,3,39.864959320964054,2,-6.670196801600889,-3.014994799283554,0.6535324591842058
湖南,CEG2000_f4_r0022_c0090,5,37.3732199454122,40.10416737376075,-2.73094742834855,-0.06809635025948318,2,35.229069413705076,3,-3.335098400800444,-3.014994799283554,0.6535324591842058
湖南,CEG2000_f4_r0022_c0090,6,26.804022309426212,37.3732199454122,-10.56919763598599,-0.2828013655613162,0,25.957289599187117,1,-10.005295202401333,-3.014994799283554,0.6535324591842058
湖南,CEG2000_f4_r0022_c0090,7,30.029203303153256,26.804022309426212,3.2251809937270437,0.1203245153468194,1,30.593179506446095,5,3.3350984008004456,-3.014994799283554,0.6535324591842058
湖南,CEG2000_f4_r0022_c0090,8,28.801911213480633,30.029203303153256,-1.2272920896726234,-0.04086995173607386,1,30.593179506446095,4,0.0,-3.014994799283554,0.6535324591842058
湖南,CEG2000_f4_r0022_c0090,9,40.18937728048938,28.801911213480633,11.387466067008749,0.3953718898237172,3,39.864959320964054,7,10.005295202401335,-3.014994799283554,0.6535324591842058
湖南,CEG2000_f4_r0022_c0090,10,33.72646494291997,40.18937728048938,-6.4629123375694135,-0.16081145752678644,2,35.229069413705076,2,-6.670196801600889,-3.014994799283554,0.6535324591842058
湖南,CEG2000_f4_r0022_c0090,11,38.66288590585216,33.72646494291997,4.936420962932189,0.1463663912386545,3,39.864959320964054,5,3.3350984008004456,-3.014994799283554,0.6535324591842058
湖南,CEG2000_f4_r0022_c0090,12,53.093825873697334,38.66288590585216,14.430939967845177,0.37325046048000404,6,53.77262904274099,8,13.340393603201779,-3.014994799283554,0.6535324591842058
湖南,CEG2000_f4_r0022_c0091,1,46.76299429712803,,,,4,44.50084922822303,4,,-2.9755555423128093,0.4791898534672656
湖南,CEG2000_f4_r0022_c0091,2,46.19503638615031,46.76299429712803,-0.567957910977718,-0.012145456455781304,4,44.50084922822303,4,0.0,-2.9755555423128093,0.4791898534672656
湖南,CEG2000_f4_r0022_c0091,3,44.735676878022176,46.19503638615031,-1.4593595081281379,-0.03159126222846026,4,44.50084922822303,4,0.0,-2.9755555423128093,0.4791898534672656
湖南,CEG2000_f4_r0022_c0091,4,37.750769314040085,44.735676878022176,-6.984907563982091,-0.15613729469272095,3,39.864959320964054,2,-6.670196801600889,-2.9755555423128093,0.4791898534672656
湖南,CEG2000_f4_r0022_c0091,5,36.87912140064526,37.750769314040085,-0.8716479133948241,-0.023089540404959242,2,35.229069413705076,4,0.0,-2.9755555423128093,0.4791898534672656
湖南,CEG2000_f4_r0022_c0091,6,25.49104588385193,36.87912140064526,-11.388075516793332,-0.30879465356769803,0,25.957289599187117,1,-10.005295202401333,-2.9755555423128093,0.4791898534672656
湖南,CEG2000_f4_r0022_c0091,7,29.04457080129579,25.49104588385193,3.5535249174438626,0.13940286850666062,1,30.593179506446095,5,3.3350984008004456,-2.9755555423128093,0.4791898534672656
湖南,CEG2000_f4_r0022_c0091,8,27.19210919043095,29.04457080129579,-1.8524616108648395,-0.06377996161617214,0,25.957289599187117,3,-3.335098400800444,-2.9755555423128093,0.4791898534672656
湖南,CEG2000_f4_r0022_c0091,9,36.17024618384085,27.19210919043095,8.978136993409901,0.3301743506005542,2,35.229069413705076,7,10.005295202401335,-2.9755555423128093,0.4791898534672656
湖南,CEG2000_f4_r0022_c0091,10,31.36661939726095,36.17024618384085,-4.803626786579901,-0.13280602963454347,1,30.593179506446095,3,-3.335098400800444,-2.9755555423128093,0.4791898534672656
湖南,CEG2000_f4_r0022_c0091,11,35.032817307519444,31.36661939726095,3.666197910258493,0.11688214990036952,2,35.229069413705076,5,3.3350984008004456,-2.9755555423128093,0.4791898534672656
湖南,CEG2000_f4_r0022_c0091,12,47.42130652790539,35.032817307519444,12.388489220385942,0.3536252626113195,5,49.13673913548202,8,13.340393603201779,-2.9755555423128093,0.4791898534672656
湖南,CEG2000_f4_r0022_c0092,1,44.685045346834194,,,,4,44.50084922822303,4,,-2.9011097471248104,0.4338773255997349
湖南,CEG2000_f4_r0022_c0092,2,45.99293274047901,44.685045346834194,1.307887393644819,0.029269017934150515,4,44.50084922822303,4,0.0,-2.9011097471248104,0.4338773255997349
湖南,CEG2000_f4_r0022_c0092,3,44.655700099254425,45.99293274047901,-1.3372326412245883,-0.029074741738477388,4,44.50084922822303,4,0.0,-2.9011097471248104,0.4338773255997349
湖南,CEG2000_f4_r0022_c0092,4,38.10987738967999,44.655700099254425,-6.545822709574438,-0.14658425900893507,3,39.864959320964054,2,-6.670196801600889,-2.9011097471248104,0.4338773255997349
湖南,CEG2000_f4_r0022_c0092,5,36.76021511506856,38.10987738967999,-1.3496622746114255,-0.0354150253702183,2,35.229069413705076,4,0.0,-2.9011097471248104,0.4338773255997349
湖南,CEG2000_f4_r0022_c0092,6,25.2133248514215,36.76021511506856,-11.546890263647061,-0.31411378381498695,0,25.957289599187117,1,-10.005295202401333,-2.9011097471248104,0.4338773255997349
湖南,CEG2000_f4_r0022_c0092,7,28.430635266526107,25.2133248514215,3.217310415104606,0.12760357604813147,1,30.593179506446095,5,3.3350984008004456,-2.9011097471248104,0.4338773255997349
湖南,CEG2000_f4_r0022_c0092,8,25.987305936248557,28.430635266526107,-2.4433293302775496,-0.08594001883434159,0,25.957289599187117,3,-3.335098400800444,-2.9011097471248104,0.4338773255997349
湖南,CEG2000_f4_r0022_c0092,9,34.14215135502725,25.987305936248557,8.154845418778695,0.31380110884844964,2,35.229069413705076,6,6.670196801600891,-2.9011097471248104,0.4338773255997349
湖南,CEG2000_f4_r0022_c0092,10,29.276375509758477,34.14215135502725,-4.865775845268775,-0.14251520926938646,1,30.593179506446095,3,-3.335098400800444,-2.9011097471248104,0.4338773255997349
湖南,CEG2000_f4_r0022_c0092,11,32.90333729322238,29.276375509758477,3.6269617834639014,0.1238869812369688,1,30.593179506446095,5,3.3350984008004456,-2.9011097471248104,0.4338773255997349
湖南,CEG2000_f4_r0022_c0092,12,45.03139278202516,32.90333729322238,12.12805548880278,0.36859651593156134,4,44.50084922822303,8,13.340393603201779,-2.9011097471248104,0.4338773255997349
湖南,CEG2000_f4_r0022_c0093,1,46.15143838008133,,,,4,44.50084922822303,4,,-2.7129596983354376,0.2228998556085134
湖南,CEG2000_f4_r0022_c0093,2,45.73305755674548,46.15143838008133,-0.4183808233358519,-0.00906539076616131,4,44.50084922822303,4,0.0,-2.7129596983354376,0.2228998556085134
湖南,CEG2000_f4_r0022_c0093,3,50.03593230891354,45.73305755674548,4.302874752168059,0.09408674998012238,5,49.13673913548202,5,3.3350984008004456,-2.7129596983354376,0.2228998556085134
湖南,CEG2000_f4_r0022_c0093,4,41.46163320446032,50.03593230891354,-8.574299104453218,-0.17136283284414325,3,39.864959320964054,1,-10.005295202401333,-2.7129596983354376,0.2228998556085134
湖南,CEG2000_f4_r0022_c0093,5,38.4155977135391,41.46163320446032,-3.04603549092122,-0.07346636529970403,3,39.864959320964054,3,-3.335098400800444,-2.7129596983354376,0.2228998556085134
湖南,CEG2000_f4_r0022_c0093,6,27.491928885223796,38.4155977135391,-10.923668828315304,-0.28435504010042756,0,25.957289599187117,1,-10.005295202401333,-2.7129596983354376,0.2228998556085134
湖南,CEG2000_f4_r0022_c0093,7,30.85082090774166,27.491928885223796,3.358892022517864,0.12217738655373803,1,30.593179506446095,5,3.3350984008004456,-2.7129596983354376,0.2228998556085134
湖南,CEG2000_f4_r0022_c0093,8,27.98327410485829,30.85082090774166,-2.8675468028833713,-0.0929488006642894,0,25.957289599187117,3,-3.335098400800444,-2.7129596983354376,0.2228998556085134
湖南,CEG2000_f4_r0022_c0093,9,38.83204020171559,27.98327410485829,10.848766096857304,0.38768751848711674,3,39.864959320964054,7,10.005295202401335,-2.7129596983354376,0.2228998556085134
湖南,CEG2000_f4_r0022_c0093,10,33.45802766618913,38.83204020171559,-5.374012535526461,-0.13839119725903656,2,35.229069413705076,2,-6.670196801600889,-2.7129596983354376,0.2228998556085134
湖南,CEG2000_f4_r0022_c0093,11,36.84878992642053,33.45802766618913,3.390762260231398,0.10134375803801245,2,35.229069413705076,5,3.3350984008004456,-2.7129596983354376,0.2228998556085134
湖南,CEG2000_f4_r0022_c0093,12,50.51341316765009,36.84878992642053,13.664623241229563,0.37082963290015797,5,49.13673913548202,8,13.340393603201779,-2.7129596983354376,0.2228998556085134
湖南,CEG2000_f4_r0022_c0094,1,48.389746912481534,,,,5,49.13673913548202,4,,-1.8611987454917356,0.161256654645369
湖南,CEG2000_f4_r0022_c0094,2,47.5656429147453,48.389746912481534,-0.8241039977362377,-0.017030549864762164,5,49.13673913548202,4,0.0,-1.8611987454917356,0.161256654645369
湖南,CEG2000_f4_r0022_c0094,3,54.773505708077394,47.5656429147453,7.207862793332097,0.1515350650521254,6,53.77262904274099,6,6.670196801600891,-1.8611987454917356,0.161256654645369
湖南,CEG2000_f4_r0022_c0094,4,44.193903209161235,54.773505708077394,-10.57960249891616,-0.19315182335236206,4,44.50084922822303,1,-10.005295202401333,-1.8611987454917356,0.161256654645369
湖南,CEG2000_f4_r0022_c0094,5,41.00333823922399,44.193903209161235,-3.190564969937242,-0.07219468610493425,3,39.864959320964054,3,-3.335098400800444,-1.8611987454917356,0.161256654645369
湖南,CEG2000_f4_r0022_c0094,6,29.7680021115851,41.00333823922399,-11.235336127638892,-0.27401027843364995,1,30.593179506446095,1,-10.005295202401333,-1.8611987454917356,0.161256654645369
湖南,CEG2000_f4_r0022_c0094,7,32.83944998072624,29.7680021115851,3.071447869141142,0.10317950991900116,1,30.593179506446095,5,3.3350984008004456,-1.8611987454917356,0.161256654645369
湖南,CEG2000_f4_r0022_c0094,8,30.536983882327583,32.83944998072624,-2.3024660983986607,-0.07011280943347097,1,30.593179506446095,3,-3.335098400800444,-1.8611987454917356,0.161256654645369
湖南,CEG2000_f4_r0022_c0094,9,41.26676209040217,30.536983882327583,10.729778208074585,0.35136994044405745,3,39.864959320964054,7,10.005295202401335,-1.8611987454917356,0.161256654645369
湖南,CEG2000_f4_r0022_c0094,10,35.48245254584823,41.26676209040217,-5.784309544553935,-0.1401687278464537,2,35.229069413705076,2,-6.670196801600889,-1.8611987454917356,0.161256654645369
湖南,CEG2000_f4_r0022_c0094,11,40.027829836032794,35.48245254584823,4.545377290184561,0.12810211707635782,3,39.864959320964054,5,3.3350984008004456,-1.8611987454917356,0.161256654645369
湖南,CEG2000_f4_r0022_c0094,12,54.381186974394254,40.027829836032794,14.35335713836146,0.3585844448014681,6,53.77262904274099,8,13.340393603201779,-1.8611987454917356,0.161256654645369
湖南,CEG2000_f4_r0022_c0095,1,48.16422497311566,,,,5,49.13673913548202,4,,-0.5612443963083742,0.132072434976338
湖南,CEG2000_f4_r0022_c0095,2,46.44565663105157,48.16422497311566,-1.7185683420640885,-0.03568142834278679,4,44.50084922822303,3,-3.335098400800444,-0.5612443963083742,0.132072434976338
湖南,CEG2000_f4_r0022_c0095,3,54.580160644113384,46.44565663105157,8.134504013061814,0.17514025213766565,6,53.77262904274099,6,6.670196801600891,-0.5612443963083742,0.132072434976338
湖南,CEG2000_f4_r0022_c0095,4,43.955567281092,54.580160644113384,-10.624593363021383,-0.19466035346246774,4,44.50084922822303,1,-10.005295202401333,-0.5612443963083742,0.132072434976338
湖南,CEG2000_f4_r0022_c0095,5,41.14092140236585,43.955567281092,-2.8146458787261537,-0.06403388814724514,3,39.864959320964054,3,-3.335098400800444,-0.5612443963083742,0.132072434976338
湖南,CEG2000_f4_r0022_c0095,6,29.44433084705614,41.14092140236585,-11.696590555309708,-0.28430550791303094,1,30.593179506446095,0,-13.340393603201779,-0.5612443963083742,0.132072434976338
湖南,CEG2000_f4_r0022_c0095,7,33.10102066440594,29.44433084705614,3.656689817349797,0.12418994462274882,2,35.229069413705076,5,3.3350984008004456,-0.5612443963083742,0.132072434976338
湖南,CEG2000_f4_r0022_c0095,8,30.90141832278709,33.10102066440594,-2.1996023416188457,-0.06645119387463824,1,30.593179506446095,3,-3.335098400800444,-0.5612443963083742,0.132072434976338
湖南,CEG2000_f4_r0022_c0095,9,41.43829300624306,30.90141832278709,10.536874683455967,0.3409835294092616,3,39.864959320964054,7,10.005295202401335,-0.5612443963083742,0.132072434976338
湖南,CEG2000_f4_r0022_c0095,10,33.75680173315809,41.43829300624306,-7.681491273084966,-0.18537180747111565,2,35.229069413705076,2,-6.670196801600889,-0.5612443963083742,0.132072434976338
湖南,CEG2000_f4_r0022_c0095,11,41.12092498008688,33.75680173315809,7.364123246928791,0.21815227950624475,3,39.864959320964054,6,6.670196801600891,-0.5612443963083742,0.132072434976338
湖南,CEG2000_f4_r0022_c0095,12,55.24317083988468,41.12092498008688,14.122245859797793,0.3434321058350851,6,53.77262904274099,8,13.340393603201779,-0.5612443963083742,0.132072434976338
湖南,CEG2000_f4_r0022_c0096,1,49.135753419855554,,,,5,49.13673913548202,4,,-0.279809135942544,0.3015646789178935
湖南,CEG2000_f4_r0022_c0096,2,42.975338411126785,49.135753419855554,-6.160415008728769,-0.12537540548303408,4,44.50084922822303,2,-6.670196801600889,-0.279809135942544,0.3015646789178935
湖南,CEG2000_f4_r0022_c0096,3,53.1490363445944,42.975338411126785,10.173697933467615,0.23673339895872778,6,53.77262904274099,7,10.005295202401335,-0.279809135942544,0.3015646789178935
湖南,CEG2000_f4_r0022_c0096,4,44.32411556557254,53.1490363445944,-8.82492077902186,-0.16604103076874338,4,44.50084922822303,1,-10.005295202401333,-0.279809135942544,0.3015646789178935
湖南,CEG2000_f4_r0022_c0096,5,41.34522091976744,44.32411556557254,-2.9788946458050987,-0.06720708598004983,3,39.864959320964054,3,-3.335098400800444,-0.279809135942544,0.3015646789178935
湖南,CEG2000_f4_r0022_c0096,6,30.19940489459604,41.34522091976744,-11.145816025171403,-0.26957930752868486,1,30.593179506446095,1,-10.005295202401333,-0.279809135942544,0.3015646789178935
湖南,CEG2000_f4_r0022_c0096,7,34.050926884603335,30.19940489459604,3.8515219900072957,0.12753635389340062,2,35.229069413705076,5,3.3350984008004456,-0.279809135942544,0.3015646789178935
湖南,CEG2000_f4_r0022_c0096,8,32.51116633771468,34.050926884603335,-1.5397605468886582,-0.04521934313585118,1,30.593179506446095,4,0.0,-0.279809135942544,0.3015646789178935
湖南,CEG2000_f4_r0022_c0096,9,42.076089190476765,32.51116633771468,9.564922852762088,0.2942042359663446,3,39.864959320964054,7,10.005295202401335,-0.279809135942544,0.3015646789178935
湖南,CEG2000_f4_r0022_c0096,10,34.10887990471177,42.076089190476765,-7.967209285764994,-0.18935241936810615,2,35.229069413705076,2,-6.670196801600889,-0.279809135942544,0.3015646789178935
湖南,CEG2000_f4_r0022_c0096,11,42.293276829608224,34.10887990471177,8.184396924896454,0.23994915540354256,4,44.50084922822303,6,6.670196801600891,-0.279809135942544,0.3015646789178935
湖南,CEG2000_f4_r0022_c0096,12,57.79051187965053,42.293276829608224,15.497235050042306,0.36642313416569244,7,58.40851894999997,8,13.340393603201779,-0.279809135942544,0.3015646789178935
湖南,CEG2000_f4_r0022_c0097,1,48.1396257185778,,,,5,49.13673913548202,4,,-0.1841250016246666,0.5010905000114919
湖南,CEG2000_f4_r0022_c0097,2,41.67087343839934,48.1396257185778,-6.468752280178457,-0.13437479381319886,3,39.864959320964054,2,-6.670196801600889,-0.1841250016246666,0.5010905000114919
湖南,CEG2000_f4_r0022_c0097,3,50.99296951823699,41.67087343839934,9.32209607983765,0.22370771982061266,5,49.13673913548202,7,10.005295202401335,-0.1841250016246666,0.5010905000114919
湖南,CEG2000_f4_r0022_c0097,4,42.77351653096857,50.99296951823699,-8.219452987268419,-0.16118796502582253,4,44.50084922822303,2,-6.670196801600889,-0.1841250016246666,0.5010905000114919
湖南,CEG2000_f4_r0022_c0097,5,40.23360852396722,42.77351653096857,-2.539908007001351,-0.05938038798288715,3,39.864959320964054,3,-3.335098400800444,-0.1841250016246666,0.5010905000114919
湖南,CEG2000_f4_r0022_c0097,6,29.545419973001707,40.23360852396722,-10.688188550965513,-0.2656532422290321,1,30.593179506446095,1,-10.005295202401333,-0.1841250016246666,0.5010905000114919
湖南,CEG2000_f4_r0022_c0097,7,33.28677052072284,29.545419973001707,3.741350547721133,0.1266304744065219,2,35.229069413705076,5,3.3350984008004456,-0.1841250016246666,0.5010905000114919
湖南,CEG2000_f4_r0022_c0097,8,32.223418188502514,33.28677052072284,-1.063352332220326,-0.03194519370866365,1,30.593179506446095,4,0.0,-0.1841250016246666,0.5010905000114919
湖南,CEG2000_f4_r0022_c0097,9,40.79019414712229,32.223418188502514,8.566775958619779,0.26585559323673646,3,39.864959320964054,7,10.005295202401335,-0.1841250016246666,0.5010905000114919
湖南,CEG2000_f4_r0022_c0097,10,33.227936015888645,40.79019414712229,-7.562258131233648,-0.185394021513064,2,35.229069413705076,2,-6.670196801600889,-0.1841250016246666,0.5010905000114919
湖南,CEG2000_f4_r0022_c0097,11,40.477202510526595,33.227936015888645,7.249266494637951,0.21816782394102238,3,39.864959320964054,6,6.670196801600891,-0.1841250016246666,0.5010905000114919
湖南,CEG2000_f4_r0022_c0097,12,56.83614496646803,40.477202510526595,16.35894245594143,0.40415200264116785,7,58.40851894999997,8,13.340393603201779,-0.1841250016246666,0.5010905000114919
湖南,CEG2000_f4_r0022_c0098,1,47.94289300357273,,,,5,49.13673913548202,4,,-0.1368970986043015,0.6644770188722509
湖南,CEG2000_f4_r0022_c0098,2,41.397480874145046,47.94289300357273,-6.545412129427682,-0.1365251806756825,3,39.864959320964054,2,-6.670196801600889,-0.1368970986043015,0.6644770188722509
湖南,CEG2000_f4_r0022_c0098,3,49.89582256343484,41.397480874145046,8.498341689289795,0.20528644520970035,5,49.13673913548202,7,10.005295202401335,-0.1368970986043015,0.6644770188722509
湖南,CEG2000_f4_r0022_c0098,4,43.00860658819606,49.89582256343484,-6.887215975238782,-0.13803191572766937,4,44.50084922822303,2,-6.670196801600889,-0.1368970986043015,0.6644770188722509
湖南,CEG2000_f4_r0022_c0098,5,39.374446731962095,43.00860658819606,-3.634159856233964,-0.08449843286090972,3,39.864959320964054,3,-3.335098400800444,-0.1368970986043015,0.6644770188722509
湖南,CEG2000_f4_r0022_c0098,6,29.233982562984423,39.374446731962095,-10.140464168977672,-0.25753921669066093,1,30.593179506446095,1,-10.005295202401333,-0.1368970986043015,0.6644770188722509
湖南,CEG2000_f4_r0022_c0098,7,33.08876903762182,29.233982562984423,3.8547864746374003,0.1318597788150242,2,35.229069413705076,5,3.3350984008004456,-0.1368970986043015,0.6644770188722509
湖南,CEG2000_f4_r0022_c0098,8,31.073037114904963,33.08876903762182,-2.01573192271686,-0.06091891543094212,1,30.593179506446095,3,-3.335098400800444,-0.1368970986043015,0.6644770188722509
湖南,CEG2000_f4_r0022_c0098,9,39.311481575157366,31.073037114904963,8.238444460252403,0.265131613295072,3,39.864959320964054,6,6.670196801600891,-0.1368970986043015,0.6644770188722509
湖南,CEG2000_f4_r0022_c0098,10,31.790646042711117,39.311481575157366,-7.520835532446249,-0.19131396811050214,1,30.593179506446095,2,-6.670196801600889,-0.1368970986043015,0.6644770188722509
湖南,CEG2000_f4_r0022_c0098,11,38.384915821608246,31.790646042711117,6.594269778897129,0.20742798903921764,3,39.864959320964054,6,6.670196801600891,-0.1368970986043015,0.6644770188722509
湖南,CEG2000_f4_r0022_c0098,12,56.08821398942718,38.384915821608246,17.703298167818936,0.46120455884530337,6,53.77262904274099,8,13.340393603201779,-0.1368970986043015,0.6644770188722509
湖南,CEG2000_f4_r0022_c0099,1,46.127129222665864,,,,4,44.50084922822303,4,,-0.1088746334718271,0.8274709357077624
湖南,CEG2000_f4_r0022_c0099,2,39.21648305248814,46.127129222665864,-6.910646170177728,-0.14981739134075545,3,39.864959320964054,2,-6.670196801600889,-0.1088746334718271,0.8274709357077624
湖南,CEG2000_f4_r0022_c0099,3,44.28129048224719,39.21648305248814,5.064807429759057,0.12914996541072324,4,44.50084922822303,6,6.670196801600891,-0.1088746334718271,0.8274709357077624
湖南,CEG2000_f4_r0022_c0099,4,40.20240617389744,44.28129048224719,-4.078884308349757,-0.0921130406076359,3,39.864959320964054,3,-3.335098400800444,-0.1088746334718271,0.8274709357077624
湖南,CEG2000_f4_r0022_c0099,5,36.02807157848364,40.20240617389744,-4.1743345954137965,-0.10383295411119205,2,35.229069413705076,3,-3.335098400800444,-0.1088746334718271,0.8274709357077624
湖南,CEG2000_f4_r0022_c0099,6,27.476497162321603,36.02807157848364,-8.551574416162037,-0.2373586495611697,0,25.957289599187117,1,-10.005295202401333,-0.1088746334718271,0.8274709357077624
湖南,CEG2000_f4_r0022_c0099,7,31.508727920028267,27.476497162321603,4.032230757706664,0.14675199440036496,1,30.593179506446095,5,3.3350984008004456,-0.1088746334718271,0.8274709357077624
湖南,CEG2000_f4_r0022_c0099,8,28.40024034946434,31.508727920028267,-3.108487570563927,-0.0986548101355765,1,30.593179506446095,3,-3.335098400800444,-0.1088746334718271,0.8274709357077624
湖南,CEG2000_f4_r0022_c0099,9,36.46951391810446,28.40024034946434,8.06927356864012,0.2841269464394627,2,35.229069413705076,6,6.670196801600891,-0.1088746334718271,0.8274709357077624
湖南,CEG2000_f4_r0022_c0099,10,30.227875318348,36.46951391810446,-6.24163859975646,-0.17114674502579372,1,30.593179506446095,2,-6.670196801600889,-0.1088746334718271,0.8274709357077624
湖南,CEG2000_f4_r0022_c0099,11,33.393436648956495,30.227875318348,3.1655613306084938,0.10472324955922493,2,35.229069413705076,5,3.3350984008004456,-0.1088746334718271,0.8274709357077624
湖南,CEG2000_f4_r0022_c0099,12,50.00746992530091,33.393436648956495,16.614033276344415,0.49752391318680234,5,49.13673913548202,8,13.340393603201779,-0.1088746334718271,0.8274709357077624
湖南,CEG2000_f4_r0022_c0100,1,44.081450757351185,,,,4,44.50084922822303,4,,-0.1206116138632214,0.9497192680136344
湖南,CEG2000_f4_r0022_c0100,2,38.44592015956324,44.081450757351185,-5.635530597787948,-0.12784358275341348,3,39.864959320964054,2,-6.670196801600889,-0.1206116138632214,0.9497192680136344
湖南,CEG2000_f4_r0022_c0100,3,40.28260671229243,38.44592015956324,1.8366865527291907,0.04777324993409798,3,39.864959320964054,5,3.3350984008004456,-0.1206116138632214,0.9497192680136344
湖南,CEG2000_f4_r0022_c0100,4,35.72981411360124,40.28260671229243,-4.552792598691184,-0.11302130051335227,2,35.229069413705076,3,-3.335098400800444,-0.1206116138632214,0.9497192680136344
湖南,CEG2000_f4_r0022_c0100,5,31.848698139718007,35.72981411360124,-3.8811159738832366,-0.10862401806915124,1,30.593179506446095,3,-3.335098400800444,-0.1206116138632214,0.9497192680136344
湖南,CEG2000_f4_r0022_c0100,6,24.647083298047946,31.848698139718007,-7.201614841670061,-0.22611959867486833,0,25.957289599187117,2,-6.670196801600889,-0.1206116138632214,0.9497192680136344
湖南,CEG2000_f4_r0022_c0100,7,28.460501850931767,24.647083298047946,3.813418552883821,0.15472088550071336,1,30.593179506446095,5,3.3350984008004456,-0.1206116138632214,0.9497192680136344
湖南,CEG2000_f4_r0022_c0100,8,24.940718061965345,28.460501850931767,-3.5197837889664214,-0.12367258340706973,0,25.957289599187117,3,-3.335098400800444,-0.1206116138632214,0.9497192680136344
湖南,CEG2000_f4_r0022_c0100,9,32.002783590379785,24.940718061965345,7.06206552841444,0.2831540579893771,1,30.593179506446095,6,6.670196801600891,-0.1206116138632214,0.9497192680136344
湖南,CEG2000_f4_r0022_c0100,10,27.67139220645674,32.002783590379785,-4.3313913839230445,-0.13534420753403104,0,25.957289599187117,3,-3.335098400800444,-0.1206116138632214,0.9497192680136344
湖南,CEG2000_f4_r0022_c0100,11,28.504356859022565,27.67139220645674,0.8329646525658241,0.030102014613181016,1,30.593179506446095,4,0.0,-0.1206116138632214,0.9497192680136344
湖南,CEG2000_f4_r0022_c0100,12,41.611130323738934,28.504356859022565,13.106773464716369,0.45981649505512856,3,39.864959320964054,8,13.340393603201779,-0.1206116138632214,0.9497192680136344
湖南,CEG2000_f4_r0023_c0089,1,44.03342665057197,,,,4,44.50084922822303,4,,3.0203502649155305,0.9474949327200402
湖南,CEG2000_f4_r0023_c0089,2,43.29870054994996,44.03342665057197,-0.7347261006220052,-0.016685644441265884,4,44.50084922822303,4,0.0,3.0203502649155305,0.9474949327200402
湖南,CEG2000_f4_r0023_c0089,3,45.063397977146664,43.29870054994996,1.764697427196701,0.040756360001171915,4,44.50084922822303,5,3.3350984008004456,3.0203502649155305,0.9474949327200402
湖南,CEG2000_f4_r0023_c0089,4,37.73088809250877,45.063397977146664,-7.3325098846378935,-0.16271542346532508,3,39.864959320964054,2,-6.670196801600889,3.0203502649155305,0.9474949327200402
湖南,CEG2000_f4_r0023_c0089,5,37.59035768382627,37.73088809250877,-0.14053040868250122,-0.0037245454795007235,3,39.864959320964054,4,0.0,3.0203502649155305,0.9474949327200402
湖南,CEG2000_f4_r0023_c0089,6,26.1555141621987,37.59035768382627,-11.43484352162757,-0.3041961882301417,0,25.957289599187117,1,-10.005295202401333,3.0203502649155305,0.9474949327200402
湖南,CEG2000_f4_r0023_c0089,7,26.708270410143214,26.1555141621987,0.5527562479445152,0.0211334498919309,0,25.957289599187117,4,0.0,3.0203502649155305,0.9474949327200402
湖南,CEG2000_f4_r0023_c0089,8,27.06543783498157,26.708270410143214,0.3571674248383552,0.013372914807044594,0,25.957289599187117,4,0.0,3.0203502649155305,0.9474949327200402
湖南,CEG2000_f4_r0023_c0089,9,35.77108770959727,27.06543783498157,8.705649874615698,0.32165191369503027,2,35.229069413705076,7,10.005295202401335,3.0203502649155305,0.9474949327200402
湖南,CEG2000_f4_r0023_c0089,10,30.493432167286464,35.77108770959727,-5.277655542310804,-0.14753969980328066,1,30.593179506446095,2,-6.670196801600889,3.0203502649155305,0.9474949327200402
湖南,CEG2000_f4_r0023_c0089,11,35.31427277074542,30.493432167286464,4.820840603458954,0.15809439150738763,2,35.229069413705076,5,3.3350984008004456,3.0203502649155305,0.9474949327200402
湖南,CEG2000_f4_r0023_c0089,12,48.278218425923825,35.31427277074542,12.963945655178406,0.3671021555317947,5,49.13673913548202,8,13.340393603201779,3.0203502649155305,0.9474949327200402
湖南,CEG2000_f4_r0023_c0090,1,47.066632587477685,,,,5,49.13673913548202,4,,2.9987560535477757,0.7980972047059945
湖南,CEG2000_f4_r0023_c0090,2,44.45208801823423,47.066632587477685,-2.6145445692434564,-0.05554985401566776,4,44.50084922822303,3,-3.335098400800444,2.9987560535477757,0.7980972047059945
湖南,CEG2000_f4_r0023_c0090,3,49.93362715663364,44.45208801823423,5.4815391383994125,0.12331342312088664,5,49.13673913548202,6,6.670196801600891,2.9987560535477757,0.7980972047059945
湖南,CEG2000_f4_r0023_c0090,4,41.172907444378126,49.93362715663364,-8.760719712255515,-0.1754472929590027,3,39.864959320964054,1,-10.005295202401333,2.9987560535477757,0.7980972047059945
湖南,CEG2000_f4_r0023_c0090,5,40.861425385135355,41.172907444378126,-0.3114820592427705,-0.007565218940721205,3,39.864959320964054,4,0.0,2.9987560535477757,0.7980972047059945
湖南,CEG2000_f4_r0023_c0090,6,28.237586311170972,40.861425385135355,-12.623839073964383,-0.3089426997462675,0,25.957289599187117,0,-13.340393603201779,2.9987560535477757,0.7980972047059945
湖南,CEG2000_f4_r0023_c0090,7,30.440991227617964,28.237586311170972,2.203404916446992,0.07803092276252063,1,30.593179506446095,5,3.3350984008004456,2.9987560535477757,0.7980972047059945
湖南,CEG2000_f4_r0023_c0090,8,30.192096520805215,30.440991227617964,-0.24889470681274872,-0.008176300993344,1,30.593179506446095,4,0.0,2.9987560535477757,0.7980972047059945
湖南,CEG2000_f4_r0023_c0090,9,39.92068744325399,30.192096520805215,9.728590922448774,0.3222230995368226,3,39.864959320964054,7,10.005295202401335,2.9987560535477757,0.7980972047059945
湖南,CEG2000_f4_r0023_c0090,10,34.02868026830562,39.92068744325399,-5.892007174948368,-0.14759282848832883,2,35.229069413705076,2,-6.670196801600889,2.9987560535477757,0.7980972047059945
湖南,CEG2000_f4_r0023_c0090,11,39.82664191440349,34.02868026830562,5.797961646097868,0.17038455797823285,3,39.864959320964054,6,6.670196801600891,2.9987560535477757,0.7980972047059945
湖南,CEG2000_f4_r0023_c0090,12,54.044490949034056,39.82664191440349,14.217849034630568,0.3569934182547441,6,53.77262904274099,8,13.340393603201779,2.9987560535477757,0.7980972047059945
湖南,CEG2000_f4_r0023_c0091,1,47.108575239036504,,,,5,49.13673913548202,4,,2.9544545032586416,0.5989002340205972
湖南,CEG2000_f4_r0023_c0091,2,45.43362058949504,47.108575239036504,-1.674954649541462,-0.035555196501750944,4,44.50084922822303,3,-3.335098400800444,2.9544545032586416,0.5989002340205972
湖南,CEG2000_f4_r0023_c0091,3,50.133013417127266,45.43362058949504,4.699392827632224,0.1034342578614304,5,49.13673913548202,5,3.3350984008004456,2.9544545032586416,0.5989002340205972
湖南,CEG2000_f4_r0023_c0091,4,40.881270671037825,50.133013417127266,-9.251742746089441,-0.18454391857738814,3,39.864959320964054,1,-10.005295202401333,2.9544545032586416,0.5989002340205972
湖南,CEG2000_f4_r0023_c0091,5,41.67971777468005,40.881270671037825,0.7984471036422249,0.019530877845435505,3,39.864959320964054,4,0.0,2.9544545032586416,0.5989002340205972
湖南,CEG2000_f4_r0023_c0091,6,27.926051319959143,41.67971777468005,-13.753666454720907,-0.32998463495057784,0,25.957289599187117,0,-13.340393603201779,2.9544545032586416,0.5989002340205972
湖南,CEG2000_f4_r0023_c0091,7,30.10757114799868,27.926051319959143,2.181519828039537,0.07811773326078414,1,30.593179506446095,5,3.3350984008004456,2.9544545032586416,0.5989002340205972
湖南,CEG2000_f4_r0023_c0091,8,30.07155528898305,30.10757114799868,-0.03601585901563098,-0.0011962392727925195,1,30.593179506446095,4,0.0,2.9544545032586416,0.5989002340205972
湖南,CEG2000_f4_r0023_c0091,9,38.63794635279601,30.07155528898305,8.566391063812958,0.2848669109891806,3,39.864959320964054,7,10.005295202401335,2.9544545032586416,0.5989002340205972
湖南,CEG2000_f4_r0023_c0091,10,34.96310398900088,38.63794635279601,-3.674842363795129,-0.09510967094992101,2,35.229069413705076,3,-3.335098400800444,2.9544545032586416,0.5989002340205972
湖南,CEG2000_f4_r0023_c0091,11,39.72047511044757,34.96310398900088,4.757371121446695,0.13606832857126552,3,39.864959320964054,5,3.3350984008004456,2.9544545032586416,0.5989002340205972
湖南,CEG2000_f4_r0023_c0091,12,53.8045198901828,39.72047511044757,14.08404477973523,0.354578960613458,6,53.77262904274099,8,13.340393603201779,2.9544545032586416,0.5989002340205972
湖南,CEG2000_f4_r0023_c0092,1,46.563794604486255,,,,4,44.50084922822303,4,,2.87128311212975,0.4057922105202659
湖南,CEG2000_f4_r0023_c0092,2,46.22286860542355,46.563794604486255,-0.34092599906270493,-0.007321697081574575,4,44.50084922822303,4,0.0,2.87128311212975,0.4057922105202659
湖南,CEG2000_f4_r0023_c0092,3,46.656797723877226,46.22286860542355,0.4339291184536762,0.009387758301153149,4,44.50084922822303,4,0.0,2.87128311212975,0.4057922105202659
湖南,CEG2000_f4_r0023_c0092,4,37.83292699724121,46.656797723877226,-8.823870726636017,-0.18912293935938698,3,39.864959320964054,1,-10.005295202401333,2.87128311212975,0.4057922105202659
湖南,CEG2000_f4_r0023_c0092,5,38.32287121056992,37.83292699724121,0.4899442133287124,0.012950206399955238,3,39.864959320964054,4,0.0,2.87128311212975,0.4057922105202659
湖南,CEG2000_f4_r0023_c0092,6,26.322932270730977,38.32287121056992,-11.999938939838945,-0.3131273456496447,0,25.957289599187117,0,-13.340393603201779,2.87128311212975,0.4057922105202659
湖南,CEG2000_f4_r0023_c0092,7,27.911244287978015,26.322932270730977,1.5883120172470377,0.060339478934613805,0,25.957289599187117,4,0.0,2.87128311212975,0.4057922105202659
湖南,CEG2000_f4_r0023_c0092,8,26.48006045638083,27.911244287978015,-1.4311838315971848,-0.051276246118974605,0,25.957289599187117,4,0.0,2.87128311212975,0.4057922105202659
湖南,CEG2000_f4_r0023_c0092,9,33.70759724553706,26.48006045638083,7.227536789156229,0.27294260906472473,2,35.229069413705076,6,6.670196801600891,2.87128311212975,0.4057922105202659
湖南,CEG2000_f4_r0023_c0092,10,30.819762279672908,33.70759724553706,-2.887834965864151,-0.08567311828334205,1,30.593179506446095,3,-3.335098400800444,2.87128311212975,0.4057922105202659
湖南,CEG2000_f4_r0023_c0092,11,35.06673539093457,30.819762279672908,4.24697311126166,0.13780032022059885,2,35.229069413705076,5,3.3350984008004456,2.87128311212975,0.4057922105202659
湖南,CEG2000_f4_r0023_c0092,12,47.56200996499158,35.06673539093457,12.495274574057014,0.35632842449563423,5,49.13673913548202,8,13.340393603201779,2.87128311212975,0.4057922105202659
湖南,CEG2000_f4_r0023_c0093,1,46.744816627307486,,,,4,44.50084922822303,4,,2.6649572551936975,0.209124953761479
湖南,CEG2000_f4_r0023_c0093,2,47.010965707919816,46.744816627307486,0.26614908061232967,0.005693659742732848,5,49.13673913548202,4,0.0,2.6649572551936975,0.209124953761479
湖南,CEG2000_f4_r0023_c0093,3,50.42257440910444,47.010965707919816,3.411608701184626,0.07257048754073736,5,49.13673913548202,5,3.3350984008004456,2.6649572551936975,0.209124953761479
湖南,CEG2000_f4_r0023_c0093,4,39.01916116568612,50.42257440910444,-11.40341324341832,-0.2261569024797609,3,39.864959320964054,1,-10.005295202401333,2.6649572551936975,0.209124953761479
湖南,CEG2000_f4_r0023_c0093,5,38.15688506420325,39.01916116568612,-0.8622761014828697,-0.022098786230216674,3,39.864959320964054,4,0.0,2.6649572551936975,0.209124953761479
湖南,CEG2000_f4_r0023_c0093,6,26.994548097123488,38.15688506420325,-11.162336967079764,-0.29253795083896067,0,25.957289599187117,1,-10.005295202401333,2.6649572551936975,0.209124953761479
湖南,CEG2000_f4_r0023_c0093,7,28.532275183335877,26.994548097123488,1.5377270862123886,0.05696435742060995,1,30.593179506446095,4,0.0,2.6649572551936975,0.209124953761479
湖南,CEG2000_f4_r0023_c0093,8,26.863436185008787,28.532275183335877,-1.6688389983270895,-0.05848951713818343,0,25.957289599187117,3,-3.335098400800444,2.6649572551936975,0.209124953761479
湖南,CEG2000_f4_r0023_c0093,9,34.49723232830272,26.863436185008787,7.633796143293935,0.2841705018940948,2,35.229069413705076,6,6.670196801600891,2.6649572551936975,0.209124953761479
湖南,CEG2000_f4_r0023_c0093,10,30.8633913997001,34.49723232830272,-3.6338409286026234,-0.10533717296564961,1,30.593179506446095,3,-3.335098400800444,2.6649572551936975,0.209124953761479
湖南,CEG2000_f4_r0023_c0093,11,35.39702884721111,30.8633913997001,4.533637447511012,0.14689368996419058,2,35.229069413705076,5,3.3350984008004456,2.6649572551936975,0.209124953761479
湖南,CEG2000_f4_r0023_c0093,12,47.62070298716456,35.39702884721111,12.223674139953452,0.3453305132675434,5,49.13673913548202,8,13.340393603201779,2.6649572551936975,0.209124953761479
湖南,CEG2000_f4_r0023_c0094,1,48.84465122070947,,,,5,49.13673913548202,4,,1.8293618311218585,0.0814626306490616
湖南,CEG2000_f4_r0023_c0094,2,47.68146297354447,48.84465122070947,-1.163188247165003,-0.023814035274999097,5,49.13673913548202,4,0.0,1.8293618311218585,0.0814626306490616
湖南,CEG2000_f4_r0023_c0094,3,56.93345202693606,47.68146297354447,9.25198905339159,0.19403744089238523,7,58.40851894999997,7,10.005295202401335,1.8293618311218585,0.0814626306490616
湖南,CEG2000_f4_r0023_c0094,4,43.202254449448034,56.93345202693606,-13.731197577488025,-0.24117978251154684,4,44.50084922822303,0,-13.340393603201779,1.8293618311218585,0.0814626306490616
湖南,CEG2000_f4_r0023_c0094,5,41.48850339704818,43.202254449448034,-1.7137510523998571,-0.03966809311780609,3,39.864959320964054,3,-3.335098400800444,1.8293618311218585,0.0814626306490616
湖南,CEG2000_f4_r0023_c0094,6,29.987333556911317,41.48850339704818,-11.50116984013686,-0.2772134181382678,1,30.593179506446095,1,-10.005295202401333,1.8293618311218585,0.0814626306490616
湖南,CEG2000_f4_r0023_c0094,7,32.36848352563355,29.987333556911317,2.3811499687222337,0.07940519166878174,1,30.593179506446095,5,3.3350984008004456,1.8293618311218585,0.0814626306490616
湖南,CEG2000_f4_r0023_c0094,8,30.03532907362233,32.36848352563355,-2.3331544520112217,-0.07208105533160145,1,30.593179506446095,3,-3.335098400800444,1.8293618311218585,0.0814626306490616
湖南,CEG2000_f4_r0023_c0094,9,39.68007941882529,30.03532907362233,9.644750345202958,0.32111352339645866,3,39.864959320964054,7,10.005295202401335,1.8293618311218585,0.0814626306490616
湖南,CEG2000_f4_r0023_c0094,10,35.18761335770939,39.68007941882529,-4.492466061115898,-0.11321716405095078,2,35.229069413705076,3,-3.335098400800444,1.8293618311218585,0.0814626306490616
湖南,CEG2000_f4_r0023_c0094,11,41.08073524546948,35.18761335770939,5.893121887760088,0.16747716953269698,3,39.864959320964054,6,6.670196801600891,1.8293618311218585,0.0814626306490616
湖南,CEG2000_f4_r0023_c0094,12,55.52530782947282,41.08073524546948,14.444572584003346,0.3516142663390218,6,53.77262904274099,8,13.340393603201779,1.8293618311218585,0.0814626306490616
湖南,CEG2000_f4_r0023_c0095,1,49.265305645093584,,,,5,49.13673913548202,4,,0.6176519012979195,0.1370459179021791
湖南,CEG2000_f4_r0023_c0095,2,44.36068117827281,49.265305645093584,-4.904624466820771,-0.09955534432595631,4,44.50084922822303,3,-3.335098400800444,0.6176519012979195,0.1370459179021791
湖南,CEG2000_f4_r0023_c0095,3,55.72556133679274,44.36068117827281,11.364880158519924,0.25619264304909434,6,53.77262904274099,7,10.005295202401335,0.6176519012979195,0.1370459179021791
湖南,CEG2000_f4_r0023_c0095,4,44.98139301315505,55.72556133679274,-10.744168323637687,-0.19280502638102387,4,44.50084922822303,1,-10.005295202401333,0.6176519012979195,0.1370459179021791
湖南,CEG2000_f4_r0023_c0095,5,43.92972388399533,44.98139301315505,-1.0516691291597198,-0.023380092494070904,4,44.50084922822303,4,0.0,0.6176519012979195,0.1370459179021791
湖南,CEG2000_f4_r0023_c0095,6,31.307211031158083,43.92972388399533,-12.622512852837247,-0.2873342178559865,1,30.593179506446095,0,-13.340393603201779,0.6176519012979195,0.1370459179021791
湖南,CEG2000_f4_r0023_c0095,7,33.961164600152095,31.307211031158083,2.6539535689940124,0.08477131886173765,2,35.229069413705076,5,3.3350984008004456,0.6176519012979195,0.1370459179021791
湖南,CEG2000_f4_r0023_c0095,8,31.412495996972726,33.961164600152095,-2.548668603179369,-0.07504656077571482,1,30.593179506446095,3,-3.335098400800444,0.6176519012979195,0.1370459179021791
湖南,CEG2000_f4_r0023_c0095,9,41.610161623712905,31.412495996972726,10.197665626740179,0.3246372280548144,3,39.864959320964054,7,10.005295202401335,0.6176519012979195,0.1370459179021791
湖南,CEG2000_f4_r0023_c0095,10,34.87741621523745,41.610161623712905,-6.732745408475452,-0.16180531739724313,2,35.229069413705076,2,-6.670196801600889,0.6176519012979195,0.1370459179021791
湖南,CEG2000_f4_r0023_c0095,11,43.032557466362135,34.87741621523745,8.155141251124682,0.23382297589928167,4,44.50084922822303,6,6.670196801600891,0.6176519012979195,0.1370459179021791
湖南,CEG2000_f4_r0023_c0095,12,57.55382150721246,43.032557466362135,14.521264040850326,0.33744831578279694,7,58.40851894999997,8,13.340393603201779,0.6176519012979195,0.1370459179021791
湖南,CEG2000_f4_r0023_c0096,1,50.77063794219276,,,,5,49.13673913548202,4,,0.3139452464822203,0.2746952657186919
湖南,CEG2000_f4_r0023_c0096,2,43.459048430764746,50.77063794219276,-7.311589511428011,-0.14401216545186918,4,44.50084922822303,2,-6.670196801600889,0.3139452464822203,0.2746952657186919
湖南,CEG2000_f4_r0023_c0096,3,57.01788245905273,43.459048430764746,13.558834028287983,0.3119910471553182,7,58.40851894999997,8,13.340393603201779,0.3139452464822203,0.2746952657186919
湖南,CEG2000_f4_r0023_c0096,4,46.26593992947277,57.01788245905273,-10.751942529579956,-0.18857141068508534,4,44.50084922822303,1,-10.005295202401333,0.3139452464822203,0.2746952657186919
湖南,CEG2000_f4_r0023_c0096,5,44.24569396419063,46.26593992947277,-2.020245965282143,-0.0436659445017605,4,44.50084922822303,3,-3.335098400800444,0.3139452464822203,0.2746952657186919
湖南,CEG2000_f4_r0023_c0096,6,31.891535086403188,44.24569396419063,-12.354158877787441,-0.27921720219341645,1,30.593179506446095,0,-13.340393603201779,0.3139452464822203,0.2746952657186919
湖南,CEG2000_f4_r0023_c0096,7,35.66667159120326,31.891535086403188,3.7751365048000736,0.11837424867044377,2,35.229069413705076,5,3.3350984008004456,0.3139452464822203,0.2746952657186919
湖南,CEG2000_f4_r0023_c0096,8,33.0212387821092,35.66667159120326,-2.6454328090940606,-0.07417100309821238,2,35.229069413705076,3,-3.335098400800444,0.3139452464822203,0.2746952657186919
湖南,CEG2000_f4_r0023_c0096,9,42.34347996654062,33.0212387821092,9.32224118443142,0.2823104622435358,4,44.50084922822303,7,10.005295202401335,0.3139452464822203,0.2746952657186919
湖南,CEG2000_f4_r0023_c0096,10,34.809705734824526,42.34347996654062,-7.5337742317160945,-0.1779205260802656,2,35.229069413705076,2,-6.670196801600889,0.3139452464822203,0.2746952657186919
湖南,CEG2000_f4_r0023_c0096,11,45.17713470775706,34.809705734824526,10.367428972932537,0.29783156030993657,4,44.50084922822303,7,10.005295202401335,0.3139452464822203,0.2746952657186919
湖南,CEG2000_f4_r0023_c0096,12,61.913182852596904,45.17713470775706,16.73604814483984,0.3704539531579945,8,63.044408857258944,8,13.340393603201779,0.3139452464822203,0.2746952657186919
湖南,CEG2000_f4_r0023_c0097,1,50.14154220926988,,,,5,49.13673913548202,4,,0.2074058972051815,0.503597280424845
湖南,CEG2000_f4_r0023_c0097,2,42.97676061660224,50.14154220926988,-7.164781592667637,-0.1428911293307419,4,44.50084922822303,2,-6.670196801600889,0.2074058972051815,0.503597280424845
湖南,CEG2000_f4_r0023_c0097,3,56.56933901005687,42.97676061660224,13.59257839345463,0.3162774066364536,7,58.40851894999997,8,13.340393603201779,0.2074058972051815,0.503597280424845
湖南,CEG2000_f4_r0023_c0097,4,45.96109658454251,56.56933901005687,-10.608242425514362,-0.18752636341797158,4,44.50084922822303,1,-10.005295202401333,0.2074058972051815,0.503597280424845
湖南,CEG2000_f4_r0023_c0097,5,43.84276716145131,45.96109658454251,-2.118329423091197,-0.04608961884089656,4,44.50084922822303,3,-3.335098400800444,0.2074058972051815,0.503597280424845
湖南,CEG2000_f4_r0023_c0097,6,31.653174767699863,43.84276716145131,-12.18959239375145,-0.2780297226418941,1,30.593179506446095,0,-13.340393603201779,0.2074058972051815,0.503597280424845
湖南,CEG2000_f4_r0023_c0097,7,35.62968455809443,31.653174767699863,3.9765097903945694,0.1256275182372024,2,35.229069413705076,5,3.3350984008004456,0.2074058972051815,0.503597280424845
湖南,CEG2000_f4_r0023_c0097,8,32.693555714624715,35.62968455809443,-2.9361288434697173,-0.08240681554961117,1,30.593179506446095,3,-3.335098400800444,0.2074058972051815,0.503597280424845
湖南,CEG2000_f4_r0023_c0097,9,40.60917684330442,32.693555714624715,7.915621128679703,0.24211563886698415,3,39.864959320964054,6,6.670196801600891,0.2074058972051815,0.503597280424845
湖南,CEG2000_f4_r0023_c0097,10,35.38413206595873,40.60917684330442,-5.225044777345687,-0.1286666015789282,2,35.229069413705076,2,-6.670196801600889,0.2074058972051815,0.503597280424845
湖南,CEG2000_f4_r0023_c0097,11,45.77449778565516,35.38413206595873,10.390365719696426,0.29364478123493293,4,44.50084922822303,7,10.005295202401335,0.2074058972051815,0.503597280424845
湖南,CEG2000_f4_r0023_c0097,12,64.17473475119797,45.77449778565516,18.400236965542817,0.40197572569128426,8,63.044408857258944,8,13.340393603201779,0.2074058972051815,0.503597280424845
湖南,CEG2000_f4_r0023_c0098,1,51.4684189992762,,,,6,53.77262904274099,4,,0.1544186957363652,0.6894845908861305
湖南,CEG2000_f4_r0023_c0098,2,43.62122690264603,51.4684189992762,-7.847192096630174,-0.152466157873249,4,44.50084922822303,2,-6.670196801600889,0.1544186957363652,0.6894845908861305
湖南,CEG2000_f4_r0023_c0098,3,56.820435252507906,43.62122690264603,13.199208349861877,0.3025868203872373,7,58.40851894999997,8,13.340393603201779,0.1544186957363652,0.6894845908861305
湖南,CEG2000_f4_r0023_c0098,4,46.961711873975645,56.820435252507906,-9.858723378532261,-0.1735066501113633,5,49.13673913548202,1,-10.005295202401333,0.1544186957363652,0.6894845908861305
湖南,CEG2000_f4_r0023_c0098,5,43.48060809683827,46.961711873975645,-3.4811037771373776,-0.07412642423425944,4,44.50084922822303,3,-3.335098400800444,0.1544186957363652,0.6894845908861305
湖南,CEG2000_f4_r0023_c0098,6,31.450835572745017,43.48060809683827,-12.02977252409325,-0.2766698316937294,1,30.593179506446095,0,-13.340393603201779,0.1544186957363652,0.6894845908861305
湖南,CEG2000_f4_r0023_c0098,7,34.46842519747027,31.450835572745017,3.0175896247252503,0.09594624657095799,2,35.229069413705076,5,3.3350984008004456,0.1544186957363652,0.6894845908861305
湖南,CEG2000_f4_r0023_c0098,8,31.884832076731264,34.46842519747027,-2.5835931207390033,-0.0749553571402682,1,30.593179506446095,3,-3.335098400800444,0.1544186957363652,0.6894845908861305
湖南,CEG2000_f4_r0023_c0098,9,40.139750267326335,31.884832076731264,8.25491819059507,0.2588979666171521,3,39.864959320964054,6,6.670196801600891,0.1544186957363652,0.6894845908861305
湖南,CEG2000_f4_r0023_c0098,10,35.38317646954978,40.139750267326335,-4.756573797776554,-0.11850033361190077,2,35.229069413705076,3,-3.335098400800444,0.1544186957363652,0.6894845908861305
湖南,CEG2000_f4_r0023_c0098,11,44.69823452164518,35.38317646954978,9.315058052095402,0.2632623461636294,4,44.50084922822303,7,10.005295202401335,0.1544186957363652,0.6894845908861305
湖南,CEG2000_f4_r0023_c0098,12,63.65687188361537,44.69823452164518,18.95863736197019,0.42414734194455583,8,63.044408857258944,8,13.340393603201779,0.1544186957363652,0.6894845908861305
湖南,CEG2000_f4_r0023_c0099,1,48.201151890323075,,,,5,49.13673913548202,4,,0.1228868972809884,0.8753719013474164
湖南,CEG2000_f4_r0023_c0099,2,39.8168686517839,48.201151890323075,-8.384283238539176,-0.17394362810284655,3,39.864959320964054,1,-10.005295202401333,0.1228868972809884,0.8753719013474164
湖南,CEG2000_f4_r0023_c0099,3,50.12555869379681,39.8168686517839,10.308690042012913,0.2589025805159858,5,49.13673913548202,7,10.005295202401335,0.1228868972809884,0.8753719013474164
湖南,CEG2000_f4_r0023_c0099,4,42.8468807690889,50.12555869379681,-7.278677924707914,-0.14520891366361313,4,44.50084922822303,2,-6.670196801600889,0.1228868972809884,0.8753719013474164
湖南,CEG2000_f4_r0023_c0099,5,39.29710241198441,42.8468807690889,-3.5497783571044863,-0.08284799951331367,3,39.864959320964054,3,-3.335098400800444,0.1228868972809884,0.8753719013474164
湖南,CEG2000_f4_r0023_c0099,6,29.385973548317494,39.29710241198441,-9.911128863666917,-0.25221016958859355,1,30.593179506446095,1,-10.005295202401333,0.1228868972809884,0.8753719013474164
湖南,CEG2000_f4_r0023_c0099,7,32.57728802722102,29.385973548317494,3.1913144789035286,0.10859992348581722,1,30.593179506446095,5,3.3350984008004456,0.1228868972809884,0.8753719013474164
湖南,CEG2000_f4_r0023_c0099,8,29.145277839517853,32.57728802722102,-3.4320101877031703,-0.10534978187366123,1,30.593179506446095,3,-3.335098400800444,0.1228868972809884,0.8753719013474164
湖南,CEG2000_f4_r0023_c0099,9,38.14533554920081,29.145277839517853,9.000057709682956,0.30879985976595664,3,39.864959320964054,7,10.005295202401335,0.1228868972809884,0.8753719013474164
湖南,CEG2000_f4_r0023_c0099,10,33.44730195734275,38.14533554920081,-4.6980335918580565,-0.12316141735857626,2,35.229069413705076,3,-3.335098400800444,0.1228868972809884,0.8753719013474164
湖南,CEG2000_f4_r0023_c0099,11,37.71230850070353,33.44730195734275,4.2650065433607764,0.12751421770282645,3,39.864959320964054,5,3.3350984008004456,0.1228868972809884,0.8753719013474164
湖南,CEG2000_f4_r0023_c0099,12,54.69333307233094,37.71230850070353,16.981024571627408,0.45027804572903896,6,53.77262904274099,8,13.340393603201779,0.1228868972809884,0.8753719013474164
湖南,CEG2000_f4_r0024_c0089,1,45.35438275983591,,,,4,44.50084922822303,4,,2.811364296867061,0.9463647040201302
湖南,CEG2000_f4_r0024_c0089,2,39.85208149236614,45.35438275983591,-5.502301267469768,-0.12131796163131546,3,39.864959320964054,2,-6.670196801600889,2.811364296867061,0.9463647040201302
湖南,CEG2000_f4_r0024_c0089,3,48.03763600896152,39.85208149236614,8.185554516595381,0.20539841860363967,5,49.13673913548202,6,6.670196801600891,2.811364296867061,0.9463647040201302
湖南,CEG2000_f4_r0024_c0089,4,37.10385117607469,48.03763600896152,-10.933784832886829,-0.22760871977228664,2,35.229069413705076,1,-10.005295202401333,2.811364296867061,0.9463647040201302
湖南,CEG2000_f4_r0024_c0089,5,37.262312810455725,37.10385117607469,0.1584616343810339,0.004270759755613001,2,35.229069413705076,4,0.0,2.811364296867061,0.9463647040201302
湖南,CEG2000_f4_r0024_c0089,6,25.61863488800572,37.262312810455725,-11.643677922450006,-0.31247866931069335,0,25.957289599187117,1,-10.005295202401333,2.811364296867061,0.9463647040201302
湖南,CEG2000_f4_r0024_c0089,7,25.800851036451807,25.61863488800572,0.1822161484460878,0.007112640827376747,0,25.957289599187117,4,0.0,2.811364296867061,0.9463647040201302
湖南,CEG2000_f4_r0024_c0089,8,26.086689706102092,25.800851036451807,0.2858386696502855,0.011078652764067687,0,25.957289599187117,4,0.0,2.811364296867061,0.9463647040201302
湖南,CEG2000_f4_r0024_c0089,9,34.02141422800447,26.086689706102092,7.934724521902375,0.30416755101151516,2,35.229069413705076,6,6.670196801600891,2.811364296867061,0.9463647040201302
湖南,CEG2000_f4_r0024_c0089,10,28.65531622111404,34.02141422800447,-5.366098006890425,-0.15772707068930023,1,30.593179506446095,2,-6.670196801600889,2.811364296867061,0.9463647040201302
湖南,CEG2000_f4_r0024_c0089,11,36.27248416741578,28.65531622111404,7.617167946301741,0.2658204113863241,2,35.229069413705076,6,6.670196801600891,2.811364296867061,0.9463647040201302
湖南,CEG2000_f4_r0024_c0089,12,48.767579351842656,36.27248416741578,12.495095184426873,0.34447861709045663,5,49.13673913548202,8,13.340393603201779,2.811364296867061,0.9463647040201302
湖南,CEG2000_f4_r0024_c0090,1,47.17586884663857,,,,5,49.13673913548202,4,,2.7482988190829256,0.7794339253110697
湖南,CEG2000_f4_r0024_c0090,2,41.39865226565653,47.17586884663857,-5.777216580982042,-0.12246126509641776,3,39.864959320964054,2,-6.670196801600889,2.7482988190829256,0.7794339253110697
湖南,CEG2000_f4_r0024_c0090,3,50.216938758741385,41.39865226565653,8.818286493084855,0.213009023494234,5,49.13673913548202,7,10.005295202401335,2.7482988190829256,0.7794339253110697
湖南,CEG2000_f4_r0024_c0090,4,40.14955771552336,50.216938758741385,-10.067381043218028,-0.2004777927938822,3,39.864959320964054,1,-10.005295202401333,2.7482988190829256,0.7794339253110697
湖南,CEG2000_f4_r0024_c0090,5,40.44198591949764,40.14955771552336,0.29242820397428204,0.007283472611236713,3,39.864959320964054,4,0.0,2.7482988190829256,0.7794339253110697
湖南,CEG2000_f4_r0024_c0090,6,28.05689755259235,40.44198591949764,-12.38508836690529,-0.306243328197547,0,25.957289599187117,0,-13.340393603201779,2.7482988190829256,0.7794339253110697
湖南,CEG2000_f4_r0024_c0090,7,29.33122895300416,28.05689755259235,1.2743314004118105,0.04541954070378203,1,30.593179506446095,4,0.0,2.7482988190829256,0.7794339253110697
湖南,CEG2000_f4_r0024_c0090,8,29.62857232695217,29.33122895300416,0.29734337394801,0.010137433191920706,1,30.593179506446095,4,0.0,2.7482988190829256,0.7794339253110697
湖南,CEG2000_f4_r0024_c0090,9,38.54615246101424,29.62857232695217,8.917580134062067,0.30097906965129156,3,39.864959320964054,7,10.005295202401335,2.7482988190829256,0.7794339253110697
湖南,CEG2000_f4_r0024_c0090,10,32.922042636762995,38.54615246101424,-5.624109824251242,-0.14590586777602496,2,35.229069413705076,2,-6.670196801600889,2.7482988190829256,0.7794339253110697
湖南,CEG2000_f4_r0024_c0090,11,39.41870128998564,32.922042636762995,6.496658653222646,0.19733461635117483,3,39.864959320964054,6,6.670196801600891,2.7482988190829256,0.7794339253110697
湖南,CEG2000_f4_r0024_c0090,12,53.801805235302865,39.41870128998564,14.383103945317224,0.3648802084956377,6,53.77262904274099,8,13.340393603201779,2.7482988190829256,0.7794339253110697
湖南,CEG2000_f4_r0024_c0091,1,48.39624392770926,,,,5,49.13673913548202,4,,2.641604246409779,0.57025511186126
湖南,CEG2000_f4_r0024_c0091,2,44.43174370662434,48.39624392770926,-3.9645002210849185,-0.08191751878527591,4,44.50084922822303,3,-3.335098400800444,2.641604246409779,0.57025511186126
湖南,CEG2000_f4_r0024_c0091,3,52.279976875717566,44.43174370662434,7.848233169093227,0.176635722894736,6,53.77262904274099,6,6.670196801600891,2.641604246409779,0.57025511186126
湖南,CEG2000_f4_r0024_c0091,4,43.04153122154695,52.279976875717566,-9.238445654170619,-0.17671097437806235,4,44.50084922822303,1,-10.005295202401333,2.641604246409779,0.57025511186126
湖南,CEG2000_f4_r0024_c0091,5,43.42776156797107,43.04153122154695,0.3862303464241208,0.008973434156793443,4,44.50084922822303,4,0.0,2.641604246409779,0.57025511186126
湖南,CEG2000_f4_r0024_c0091,6,30.211951374494333,43.42776156797107,-13.215810193476734,-0.30431709386614314,1,30.593179506446095,0,-13.340393603201779,2.641604246409779,0.57025511186126
湖南,CEG2000_f4_r0024_c0091,7,31.433973012627675,30.211951374494333,1.2220216381333415,0.04044828561338815,1,30.593179506446095,4,0.0,2.641604246409779,0.57025511186126
湖南,CEG2000_f4_r0024_c0091,8,31.512836131655416,31.433973012627675,0.07886311902774068,0.002508849867500355,1,30.593179506446095,4,0.0,2.641604246409779,0.57025511186126
湖南,CEG2000_f4_r0024_c0091,9,40.39125140018559,31.512836131655416,8.878415268530173,0.28173964512231214,3,39.864959320964054,7,10.005295202401335,2.641604246409779,0.57025511186126
湖南,CEG2000_f4_r0024_c0091,10,35.8166113861673,40.39125140018559,-4.574640014018286,-0.11325818971771859,2,35.229069413705076,3,-3.335098400800444,2.641604246409779,0.57025511186126
湖南,CEG2000_f4_r0024_c0091,11,42.66509061849039,35.8166113861673,6.848479232323086,0.19120958033925092,4,44.50084922822303,6,6.670196801600891,2.641604246409779,0.57025511186126
湖南,CEG2000_f4_r0024_c0091,12,57.1800347366673,42.66509061849039,14.514944118176913,0.3402065695340715,7,58.40851894999997,8,13.340393603201779,2.641604246409779,0.57025511186126
湖南,CEG2000_f4_r0024_c0092,1,46.117431124801016,,,,4,44.50084922822303,4,,2.4672107048691547,0.3896907099304175
湖南,CEG2000_f4_r0024_c0092,2,40.799522735374055,46.117431124801016,-5.317908389426961,-0.11531232897677811,3,39.864959320964054,2,-6.670196801600889,2.4672107048691547,0.3896907099304175
湖南,CEG2000_f4_r0024_c0092,3,50.30792347067767,40.799522735374055,9.508400735303617,0.2330517637908453,5,49.13673913548202,7,10.005295202401335,2.4672107048691547,0.3896907099304175
湖南,CEG2000_f4_r0024_c0092,4,40.02629062784804,50.30792347067767,-10.28163284282963,-0.20437402567057558,3,39.864959320964054,1,-10.005295202401333,2.4672107048691547,0.3896907099304175
湖南,CEG2000_f4_r0024_c0092,5,41.272527873941925,40.02629062784804,1.2462372460938838,0.03113546687803296,3,39.864959320964054,4,0.0,2.4672107048691547,0.3896907099304175
湖南,CEG2000_f4_r0024_c0092,6,28.565358548496707,41.272527873941925,-12.707169325445218,-0.307884444690583,1,30.593179506446095,0,-13.340393603201779,2.4672107048691547,0.3896907099304175
湖南,CEG2000_f4_r0024_c0092,7,30.38302724603581,28.565358548496707,1.8176686975391014,0.06363192306699608,1,30.593179506446095,5,3.3350984008004456,2.4672107048691547,0.3896907099304175
湖南,CEG2000_f4_r0024_c0092,8,28.78975452464678,30.38302724603581,-1.5932727213890274,-0.05243956464532045,1,30.593179506446095,4,0.0,2.4672107048691547,0.3896907099304175
湖南,CEG2000_f4_r0024_c0092,9,36.674094328889645,28.78975452464678,7.884339804242863,0.2738592229917457,2,35.229069413705076,6,6.670196801600891,2.4672107048691547,0.3896907099304175
湖南,CEG2000_f4_r0024_c0092,10,33.25623530699084,36.674094328889645,-3.4178590218988063,-0.09319545811405144,2,35.229069413705076,3,-3.335098400800444,2.4672107048691547,0.3896907099304175
湖南,CEG2000_f4_r0024_c0092,11,38.21312947024067,33.25623530699084,4.956894163249835,0.14905157235905891,3,39.864959320964054,5,3.3350984008004456,2.4672107048691547,0.3896907099304175
湖南,CEG2000_f4_r0024_c0092,12,51.36831483771243,38.21312947024067,13.15518536747176,0.3442582575634548,5,49.13673913548202,8,13.340393603201779,2.4672107048691547,0.3896907099304175
湖南,CEG2000_f4_r0024_c0093,1,46.68974254401233,,,,4,44.50084922822303,4,,2.161998499199681,0.2725971848125014
湖南,CEG2000_f4_r0024_c0093,2,44.01454536146115,46.68974254401233,-2.67519718255118,-0.05729732135552882,4,44.50084922822303,3,-3.335098400800444,2.161998499199681,0.2725971848125014
湖南,CEG2000_f4_r0024_c0093,3,52.2146743119783,44.01454536146115,8.200128950517147,0.18630497902852647,6,53.77262904274099,6,6.670196801600891,2.161998499199681,0.2725971848125014
湖南,CEG2000_f4_r0024_c0093,4,39.60487926458654,52.2146743119783,-12.609795047391756,-0.24149906541692262,3,39.864959320964054,0,-13.340393603201779,2.161998499199681,0.2725971848125014
湖南,CEG2000_f4_r0024_c0093,5,40.72953254013495,39.60487926458654,1.124653275548404,0.028396836360363158,3,39.864959320964054,4,0.0,2.161998499199681,0.2725971848125014
湖南,CEG2000_f4_r0024_c0093,6,28.591550582899753,40.72953254013495,-12.137981957235194,-0.2980142712238204,1,30.593179506446095,0,-13.340393603201779,2.161998499199681,0.2725971848125014
湖南,CEG2000_f4_r0024_c0093,7,29.882194448905476,28.591550582899753,1.2906438660057233,0.045140744020285534,1,30.593179506446095,4,0.0,2.161998499199681,0.2725971848125014
湖南,CEG2000_f4_r0024_c0093,8,28.218819809169418,29.882194448905476,-1.663374639736059,-0.0556644071967407,0,25.957289599187117,4,0.0,2.161998499199681,0.2725971848125014
湖南,CEG2000_f4_r0024_c0093,9,35.50682150442387,28.218819809169418,7.288001695254451,0.25826741672896925,2,35.229069413705076,6,6.670196801600891,2.161998499199681,0.2725971848125014
湖南,CEG2000_f4_r0024_c0093,10,32.41661086506702,35.50682150442387,-3.0902106393568474,-0.08703146348855337,1,30.593179506446095,3,-3.335098400800444,2.161998499199681,0.2725971848125014
湖南,CEG2000_f4_r0024_c0093,11,37.536534594436,32.41661086506702,5.119923729368978,0.15794136378662396,2,35.229069413705076,6,6.670196801600891,2.161998499199681,0.2725971848125014
湖南,CEG2000_f4_r0024_c0093,12,51.110427937807394,37.536534594436,13.573893343371395,0.36161818052813643,5,49.13673913548202,8,13.340393603201779,2.161998499199681,0.2725971848125014
湖南,CEG2000_f4_r0024_c0094,1,46.737152805609135,,,,4,44.50084922822303,4,,1.6622167726660473,0.2377205983743017
湖南,CEG2000_f4_r0024_c0094,2,43.42620602866943,46.737152805609135,-3.3109467769397085,-0.07084185873946405,4,44.50084922822303,3,-3.335098400800444,1.6622167726660473,0.2377205983743017
湖南,CEG2000_f4_r0024_c0094,3,53.91643608139766,43.42620602866943,10.490230052728236,0.24156450705831223,6,53.77262904274099,7,10.005295202401335,1.6622167726660473,0.2377205983743017
湖南,CEG2000_f4_r0024_c0094,4,40.7435270146883,53.91643608139766,-13.172909066709366,-0.2443208421050349,3,39.864959320964054,0,-13.340393603201779,1.6622167726660473,0.2377205983743017
湖南,CEG2000_f4_r0024_c0094,5,40.430545279404704,40.7435270146883,-0.31298173528359285,-0.007681753599062766,3,39.864959320964054,4,0.0,1.6622167726660473,0.2377205983743017
湖南,CEG2000_f4_r0024_c0094,6,28.83477762139704,40.430545279404704,-11.595767658007663,-0.28680710531783354,1,30.593179506446095,1,-10.005295202401333,1.6622167726660473,0.2377205983743017
湖南,CEG2000_f4_r0024_c0094,7,30.270914420772584,28.83477762139704,1.436136799375543,0.04980571788109952,1,30.593179506446095,4,0.0,1.6622167726660473,0.2377205983743017
湖南,CEG2000_f4_r0024_c0094,8,28.032393572769603,30.270914420772584,-2.238520848002981,-0.07394956151264653,0,25.957289599187117,3,-3.335098400800444,1.6622167726660473,0.2377205983743017
湖南,CEG2000_f4_r0024_c0094,9,36.23347088795279,28.032393572769603,8.201077315183188,0.2925571551317557,2,35.229069413705076,6,6.670196801600891,1.6622167726660473,0.2377205983743017
湖南,CEG2000_f4_r0024_c0094,10,31.40682307842689,36.23347088795279,-4.826647809525902,-0.13320964542568034,1,30.593179506446095,3,-3.335098400800444,1.6622167726660473,0.2377205983743017
湖南,CEG2000_f4_r0024_c0094,11,38.9334985239293,31.40682307842689,7.526675445502413,0.23965096459158997,3,39.864959320964054,6,6.670196801600891,1.6622167726660473,0.2377205983743017
湖南,CEG2000_f4_r0024_c0094,12,52.15691943662042,38.9334985239293,13.223420912691118,0.33964121936187525,6,53.77262904274099,8,13.340393603201779,1.6622167726660473,0.2377205983743017
湖南,CEG2000_f4_r0024_c0095,1,46.45099937657816,,,,4,44.50084922822303,4,,1.1168416976940072,0.2913108629725258
湖南,CEG2000_f4_r0024_c0095,2,41.82507667193269,46.45099937657816,-4.625922704645468,-0.09958715133646796,3,39.864959320964054,3,-3.335098400800444,1.1168416976940072,0.2913108629725258
湖南,CEG2000_f4_r0024_c0095,3,52.42921272574913,41.82507667193269,10.60413605381644,0.2535353643698756,6,53.77262904274099,7,10.005295202401335,1.1168416976940072,0.2913108629725258
湖南,CEG2000_f4_r0024_c0095,4,40.26925134760802,52.42921272574913,-12.159961378141112,-0.23193103130783976,3,39.864959320964054,0,-13.340393603201779,1.1168416976940072,0.2913108629725258
湖南,CEG2000_f4_r0024_c0095,5,39.6496597371376,40.26925134760802,-0.6195916104704224,-0.01538622124166274,3,39.864959320964054,4,0.0,1.1168416976940072,0.2913108629725258
湖南,CEG2000_f4_r0024_c0095,6,29.64534104641099,39.6496597371376,-10.004318690726606,-0.2523178952114973,1,30.593179506446095,1,-10.005295202401333,1.1168416976940072,0.2913108629725258
湖南,CEG2000_f4_r0024_c0095,7,30.875445494506536,29.64534104641099,1.2301044480955454,0.04149402248973175,1,30.593179506446095,4,0.0,1.1168416976940072,0.2913108629725258
湖南,CEG2000_f4_r0024_c0095,8,27.878182517742385,30.875445494506536,-2.9972629767641514,-0.09707594267093035,0,25.957289599187117,3,-3.335098400800444,1.1168416976940072,0.2913108629725258
湖南,CEG2000_f4_r0024_c0095,9,37.22347015334737,27.878182517742385,9.345287635604986,0.33521868327167337,2,35.229069413705076,7,10.005295202401335,1.1168416976940072,0.2913108629725258
湖南,CEG2000_f4_r0024_c0095,10,31.434016790571516,37.22347015334737,-5.7894533627758555,-0.15553233857363058,1,30.593179506446095,2,-6.670196801600889,1.1168416976940072,0.2913108629725258
湖南,CEG2000_f4_r0024_c0095,11,39.84973444242452,31.434016790571516,8.415717651853004,0.2677264476863567,3,39.864959320964054,7,10.005295202401335,1.1168416976940072,0.2913108629725258
湖南,CEG2000_f4_r0024_c0095,12,53.57311414374694,39.84973444242452,13.723379701322422,0.34437819707807993,6,53.77262904274099,8,13.340393603201779,1.1168416976940072,0.2913108629725258
湖南,CEG2000_f4_r0024_c0096,1,50.18456992409028,,,,5,49.13673913548202,4,,0.7527327294766658,0.3374614992477974
湖南,CEG2000_f4_r0024_c0096,2,43.22391458050332,50.18456992409028,-6.960655343586964,-0.1387011058202895,4,44.50084922822303,2,-6.670196801600889,0.7527327294766658,0.3374614992477974
湖南,CEG2000_f4_r0024_c0096,3,55.308038388061355,43.22391458050332,12.084123807558036,0.27957032408648913,6,53.77262904274099,8,13.340393603201779,0.7527327294766658,0.3374614992477974
湖南,CEG2000_f4_r0024_c0096,4,45.04026685767971,55.308038388061355,-10.267771530381644,-0.185647002309849,4,44.50084922822303,1,-10.005295202401333,0.7527327294766658,0.3374614992477974
湖南,CEG2000_f4_r0024_c0096,5,44.07643265815619,45.04026685767971,-0.963834199523518,-0.02139938918588305,4,44.50084922822303,4,0.0,0.7527327294766658,0.3374614992477974
湖南,CEG2000_f4_r0024_c0096,6,32.59592615474195,44.07643265815619,-11.48050650341424,-0.26046814161331205,1,30.593179506446095,1,-10.005295202401333,0.7527327294766658,0.3374614992477974
湖南,CEG2000_f4_r0024_c0096,7,35.08845945436702,32.59592615474195,2.492533299625066,0.07646763242106744,2,35.229069413705076,5,3.3350984008004456,0.7527327294766658,0.3374614992477974
湖南,CEG2000_f4_r0024_c0096,8,31.981905409609087,35.08845945436702,-3.1065540447579316,-0.08853492268014912,1,30.593179506446095,3,-3.335098400800444,0.7527327294766658,0.3374614992477974
湖南,CEG2000_f4_r0024_c0096,9,40.60821214712343,31.981905409609087,8.626306737514344,0.26972460292883416,3,39.864959320964054,7,10.005295202401335,0.7527327294766658,0.3374614992477974
湖南,CEG2000_f4_r0024_c0096,10,34.800824286894375,40.60821214712343,-5.807387860229056,-0.14301018324049597,2,35.229069413705076,2,-6.670196801600889,0.7527327294766658,0.3374614992477974
湖南,CEG2000_f4_r0024_c0096,11,45.664397797890835,34.800824286894375,10.86357351099646,0.3121642585657825,4,44.50084922822303,7,10.005295202401335,0.7527327294766658,0.3374614992477974
湖南,CEG2000_f4_r0024_c0096,12,61.92125328756636,45.664397797890835,16.256855489675523,0.3560072238689722,8,63.044408857258944,8,13.340393603201779,0.7527327294766658,0.3374614992477974
湖南,CEG2000_f4_r0024_c0097,1,50.761968122048174,,,,5,49.13673913548202,4,,0.5456225098300514,0.4336853263603732
湖南,CEG2000_f4_r0024_c0097,2,44.47834377448704,50.761968122048174,-6.283624347561137,-0.12378606622291069,4,44.50084922822303,2,-6.670196801600889,0.5456225098300514,0.4336853263603732
湖南,CEG2000_f4_r0024_c0097,3,57.749693468165376,44.47834377448704,13.271349693678339,0.29837778495005113,7,58.40851894999997,8,13.340393603201779,0.5456225098300514,0.4336853263603732
湖南,CEG2000_f4_r0024_c0097,4,47.73173800813023,57.749693468165376,-10.017955460035147,-0.17347201099097717,5,49.13673913548202,1,-10.005295202401333,0.5456225098300514,0.4336853263603732
湖南,CEG2000_f4_r0024_c0097,5,45.97041853382778,47.73173800813023,-1.7613194743024465,-0.03690038426848061,4,44.50084922822303,3,-3.335098400800444,0.5456225098300514,0.4336853263603732
湖南,CEG2000_f4_r0024_c0097,6,33.09167708772535,45.97041853382778,-12.878741446102431,-0.2801527994926886,2,35.229069413705076,0,-13.340393603201779,0.5456225098300514,0.4336853263603732
湖南,CEG2000_f4_r0024_c0097,7,37.12271807557263,33.09167708772535,4.031040987847277,0.12181434555767816,2,35.229069413705076,5,3.3350984008004456,0.5456225098300514,0.4336853263603732
湖南,CEG2000_f4_r0024_c0097,8,33.584498522141764,37.12271807557263,-3.5382195534308636,-0.09531143560738004,2,35.229069413705076,3,-3.335098400800444,0.5456225098300514,0.4336853263603732
湖南,CEG2000_f4_r0024_c0097,9,40.36874405361962,33.584498522141764,6.784245531477858,0.20200526522690535,3,39.864959320964054,6,6.670196801600891,0.5456225098300514,0.4336853263603732
湖南,CEG2000_f4_r0024_c0097,10,36.51199842986414,40.36874405361962,-3.8567456237554794,-0.09553791464586495,2,35.229069413705076,3,-3.335098400800444,0.5456225098300514,0.4336853263603732
湖南,CEG2000_f4_r0024_c0097,11,48.51477905792828,36.51199842986414,12.002780628064137,0.3287352416800813,5,49.13673913548202,8,13.340393603201779,0.5456225098300514,0.4336853263603732
湖南,CEG2000_f4_r0024_c0097,12,67.69914622582753,48.51477905792828,19.184367167899254,0.3954334646148233,8,63.044408857258944,8,13.340393603201779,0.5456225098300514,0.4336853263603732
湖南,CEG2000_f4_r0024_c0098,1,52.47921335401006,,,,6,53.77262904274099,4,,0.422084042748224,0.5823108080555521
湖南,CEG2000_f4_r0024_c0098,2,45.40772275645128,52.47921335401006,-7.071490597558778,-0.13474841076325755,4,44.50084922822303,2,-6.670196801600889,0.422084042748224,0.5823108080555521
湖南,CEG2000_f4_r0024_c0098,3,58.43676650534194,45.40772275645128,13.029043748890665,0.28693453355441767,7,58.40851894999997,8,13.340393603201779,0.422084042748224,0.5823108080555521
湖南,CEG2000_f4_r0024_c0098,4,49.55837648212006,58.43676650534194,-8.878390023221883,-0.1519315758583301,5,49.13673913548202,1,-10.005295202401333,0.422084042748224,0.5823108080555521
湖南,CEG2000_f4_r0024_c0098,5,47.74946621086132,49.55837648212006,-1.808910271258739,-0.036500595856108556,5,49.13673913548202,3,-3.335098400800444,0.422084042748224,0.5823108080555521
湖南,CEG2000_f4_r0024_c0098,6,33.60611482164732,47.74946621086132,-14.143351389214004,-0.2961991517718137,2,35.229069413705076,0,-13.340393603201779,0.422084042748224,0.5823108080555521
湖南,CEG2000_f4_r0024_c0098,7,36.732210171133225,33.60611482164732,3.126095349485908,0.09302162318008386,2,35.229069413705076,5,3.3350984008004456,0.422084042748224,0.5823108080555521
湖南,CEG2000_f4_r0024_c0098,8,33.26483831090134,36.732210171133225,-3.4673718602318857,-0.09439594960601615,2,35.229069413705076,3,-3.335098400800444,0.422084042748224,0.5823108080555521
湖南,CEG2000_f4_r0024_c0098,9,40.920378358769554,33.26483831090134,7.6555400478682145,0.23013910292656947,3,39.864959320964054,6,6.670196801600891,0.422084042748224,0.5823108080555521
湖南,CEG2000_f4_r0024_c0098,10,37.5951554405026,40.920378358769554,-3.3252229182669524,-0.0812608057802655,3,39.864959320964054,3,-3.335098400800444,0.422084042748224,0.5823108080555521
湖南,CEG2000_f4_r0024_c0098,11,47.714359029477535,37.5951554405026,10.119203588974933,0.2691624351703878,5,49.13673913548202,7,10.005295202401335,0.422084042748224,0.5823108080555521
湖南,CEG2000_f4_r0024_c0098,12,68.83785192299378,47.714359029477535,21.123492893516243,0.44270725465401983,8,63.044408857258944,8,13.340393603201779,0.422084042748224,0.5823108080555521
湖南,CEG2000_f4_r0024_c0099,1,48.52369777723189,,,,5,49.13673913548202,4,,0.3422987185070435,0.697257193483214
湖南,CEG2000_f4_r0024_c0099,2,41.271804527133014,48.52369777723189,-7.251893250098874,-0.1494505485421101,3,39.864959320964054,2,-6.670196801600889,0.3422987185070435,0.697257193483214
湖南,CEG2000_f4_r0024_c0099,3,50.50280923273401,41.271804527133014,9.231004705600995,0.22366370483103845,5,49.13673913548202,7,10.005295202401335,0.3422987185070435,0.697257193483214
湖南,CEG2000_f4_r0024_c0099,4,43.839240766741035,50.50280923273401,-6.663568465992974,-0.1319445109535392,4,44.50084922822303,2,-6.670196801600889,0.3422987185070435,0.697257193483214
湖南,CEG2000_f4_r0024_c0099,5,42.520155574318906,43.839240766741035,-1.3190851924221292,-0.03008914318203391,4,44.50084922822303,4,0.0,0.3422987185070435,0.697257193483214
湖南,CEG2000_f4_r0024_c0099,6,30.416090682084665,42.520155574318906,-12.104064892234241,-0.28466652411650134,1,30.593179506446095,0,-13.340393603201779,0.3422987185070435,0.697257193483214
湖南,CEG2000_f4_r0024_c0099,7,33.286097325569095,30.416090682084665,2.8700066434844302,0.09435816961102396,2,35.229069413705076,5,3.3350984008004456,0.3422987185070435,0.697257193483214
湖南,CEG2000_f4_r0024_c0099,8,30.29815292772472,33.286097325569095,-2.9879443978443767,-0.08976553690327503,1,30.593179506446095,3,-3.335098400800444,0.3422987185070435,0.697257193483214
湖南,CEG2000_f4_r0024_c0099,9,38.44530542187549,30.29815292772472,8.14715249415077,0.26889931256157906,3,39.864959320964054,6,6.670196801600891,0.3422987185070435,0.697257193483214
湖南,CEG2000_f4_r0024_c0099,10,35.46482909742233,38.44530542187549,-2.980476324453157,-0.0775251046063288,2,35.229069413705076,3,-3.335098400800444,0.3422987185070435,0.697257193483214
湖南,CEG2000_f4_r0024_c0099,11,38.03143872265701,35.46482909742233,2.566609625234676,0.07237056234457431,3,39.864959320964054,5,3.3350984008004456,0.3422987185070435,0.697257193483214
湖南,CEG2000_f4_r0024_c0099,12,55.588442362811584,38.03143872265701,17.557003640154576,0.4616444770388109,6,53.77262904274099,8,13.340393603201779,0.3422987185070435,0.697257193483214
湖南,CEG2000_f4_r0024_c0100,1,47.010112166770625,,,,5,49.13673913548202,4,,0.3086519108367918,0.871611223375331
湖南,CEG2000_f4_r0024_c0100,2,39.053387533307294,47.010112166770625,-7.956724633463331,-0.16925559771558232,3,39.864959320964054,2,-6.670196801600889,0.3086519108367918,0.871611223375331
湖南,CEG2000_f4_r0024_c0100,3,46.5476682567681,39.053387533307294,7.494280723460804,0.1918983524046202,4,44.50084922822303,6,6.670196801600891,0.3086519108367918,0.871611223375331
湖南,CEG2000_f4_r0024_c0100,4,39.66952717078411,46.5476682567681,-6.878141085983991,-0.14776553463521558,3,39.864959320964054,2,-6.670196801600889,0.3086519108367918,0.871611223375331
湖南,CEG2000_f4_r0024_c0100,5,39.56433743838099,39.66952717078411,-0.1051897324031188,-0.002651650773407482,3,39.864959320964054,4,0.0,0.3086519108367918,0.871611223375331
湖南,CEG2000_f4_r0024_c0100,6,28.0775023027503,39.56433743838099,-11.486835135630688,-0.29033305950139376,0,25.957289599187117,1,-10.005295202401333,0.3086519108367918,0.871611223375331
湖南,CEG2000_f4_r0024_c0100,7,30.66030616094656,28.0775023027503,2.582803858196261,0.09198837668489,1,30.593179506446095,5,3.3350984008004456,0.3086519108367918,0.871611223375331
湖南,CEG2000_f4_r0024_c0100,8,28.668671627078073,30.66030616094656,-1.9916345338684884,-0.06495807717684583,1,30.593179506446095,3,-3.335098400800444,0.3086519108367918,0.871611223375331
湖南,CEG2000_f4_r0024_c0100,9,35.39267795955853,28.668671627078073,6.72400633248046,0.2345419564584749,2,35.229069413705076,6,6.670196801600891,0.3086519108367918,0.871611223375331
湖南,CEG2000_f4_r0024_c0100,10,34.44489962228621,35.39267795955853,-0.9477783372723252,-0.026778938241274218,2,35.229069413705076,4,0.0,0.3086519108367918,0.871611223375331
湖南,CEG2000_f4_r0024_c0100,11,33.124231458929295,34.44489962228621,-1.3206681633569133,-0.03834147225972542,2,35.229069413705076,4,0.0,0.3086519108367918,0.871611223375331
湖南,CEG2000_f4_r0024_c0100,12,48.81832254950488,33.124231458929295,15.694091090575583,0.4737948746081754,5,49.13673913548202,8,13.340393603201779,0.3086519108367918,0.871611223375331
湖南,CEG2000_f4_r0025_c0089,1,51.15667244744024,,,,5,49.13673913548202,4,,2.626016720533437,0.9217113668758856
湖南,CEG2000_f4_r0025_c0089,2,43.584075483001385,51.15667244744024,-7.572596964438858,-0.14802755148351665,4,44.50084922822303,2,-6.670196801600889,2.626016720533437,0.9217113668758856
湖南,CEG2000_f4_r0025_c0089,3,50.903207177423305,43.584075483001385,7.31913169442192,0.167931328433857,5,49.13673913548202,6,6.670196801600891,2.626016720533437,0.9217113668758856
湖南,CEG2000_f4_r0025_c0089,4,39.39464485886946,50.903207177423305,-11.508562318553842,-0.22608717518408436,3,39.864959320964054,1,-10.005295202401333,2.626016720533437,0.9217113668758856
湖南,CEG2000_f4_r0025_c0089,5,38.55248686877184,39.39464485886946,-0.8421579900976255,-0.021377473844849722,3,39.864959320964054,4,0.0,2.626016720533437,0.9217113668758856
湖南,CEG2000_f4_r0025_c0089,6,26.33584632503699,38.55248686877184,-12.216640543734847,-0.3168833332417404,0,25.957289599187117,0,-13.340393603201779,2.626016720533437,0.9217113668758856
湖南,CEG2000_f4_r0025_c0089,7,26.561102781843687,26.33584632503699,0.22525645680669726,0.008553226428594027,0,25.957289599187117,4,0.0,2.626016720533437,0.9217113668758856
湖南,CEG2000_f4_r0025_c0089,8,27.50600546609178,26.561102781843687,0.9449026842480919,0.035574678205529814,0,25.957289599187117,4,0.0,2.626016720533437,0.9217113668758856
湖南,CEG2000_f4_r0025_c0089,9,34.3680146536072,27.50600546609178,6.862009187515419,0.2494731267313463,2,35.229069413705076,6,6.670196801600891,2.626016720533437,0.9217113668758856
湖南,CEG2000_f4_r0025_c0089,10,31.92170361326251,34.3680146536072,-2.446311040344689,-0.07117987655094092,1,30.593179506446095,3,-3.335098400800444,2.626016720533437,0.9217113668758856
湖南,CEG2000_f4_r0025_c0089,11,40.02555636387653,31.92170361326251,8.103852750614024,0.25386654950480514,3,39.864959320964054,6,6.670196801600891,2.626016720533437,0.9217113668758856
湖南,CEG2000_f4_r0025_c0089,12,55.57354136991442,40.02555636387653,15.54798500603789,0.38845143999222714,6,53.77262904274099,8,13.340393603201779,2.626016720533437,0.9217113668758856
湖南,CEG2000_f4_r0025_c0090,1,48.56732742186029,,,,5,49.13673913548202,4,,2.540321141508058,0.7508201909111538
湖南,CEG2000_f4_r0025_c0090,2,41.55500747982544,48.56732742186029,-7.01231994203485,-0.14438348400613424,3,39.864959320964054,2,-6.670196801600889,2.540321141508058,0.7508201909111538
湖南,CEG2000_f4_r0025_c0090,3,48.64518198237259,41.55500747982544,7.09017450254715,0.17062142284511347,5,49.13673913548202,6,6.670196801600891,2.540321141508058,0.7508201909111538
湖南,CEG2000_f4_r0025_c0090,4,38.56949243889134,48.64518198237259,-10.075689543481253,-0.20712615582633345,3,39.864959320964054,1,-10.005295202401333,2.540321141508058,0.7508201909111538
湖南,CEG2000_f4_r0025_c0090,5,38.85373577648557,38.56949243889134,0.2842433375942335,0.007369641642149749,3,39.864959320964054,4,0.0,2.540321141508058,0.7508201909111538
湖南,CEG2000_f4_r0025_c0090,6,26.74410750147847,38.85373577648557,-12.1096282750071,-0.31167217342163256,0,25.957289599187117,0,-13.340393603201779,2.540321141508058,0.7508201909111538
湖南,CEG2000_f4_r0025_c0090,7,27.401368972137167,26.74410750147847,0.6572614706586961,0.024575935862595575,0,25.957289599187117,4,0.0,2.540321141508058,0.7508201909111538
湖南,CEG2000_f4_r0025_c0090,8,27.955358304207376,27.401368972137167,0.5539893320702092,0.02021757864118133,0,25.957289599187117,4,0.0,2.540321141508058,0.7508201909111538
湖南,CEG2000_f4_r0025_c0090,9,35.26108556789614,27.955358304207376,7.3057272636887625,0.26133549011207724,2,35.229069413705076,6,6.670196801600891,2.540321141508058,0.7508201909111538
湖南,CEG2000_f4_r0025_c0090,10,30.94303571166932,35.26108556789614,-4.318049856226818,-0.12245935672945464,1,30.593179506446095,3,-3.335098400800444,2.540321141508058,0.7508201909111538
湖南,CEG2000_f4_r0025_c0090,11,38.50371802284022,30.94303571166932,7.560682311170897,0.24434197024565343,3,39.864959320964054,6,6.670196801600891,2.540321141508058,0.7508201909111538
湖南,CEG2000_f4_r0025_c0090,12,52.12317829079014,38.50371802284022,13.619460267949925,0.3537180554841724,6,53.77262904274099,8,13.340393603201779,2.540321141508058,0.7508201909111538
湖南,CEG2000_f4_r0025_c0091,1,47.226599622120176,,,,5,49.13673913548202,4,,2.407000778861391,0.5829507830572352
湖南,CEG2000_f4_r0025_c0091,2,42.17743529381702,47.226599622120176,-5.049164328303156,-0.10691356923224703,3,39.864959320964054,2,-6.670196801600889,2.407000778861391,0.5829507830572352
湖南,CEG2000_f4_r0025_c0091,3,50.28456028498026,42.17743529381702,8.10712499116324,0.19221474550757475,5,49.13673913548202,6,6.670196801600891,2.407000778861391,0.5829507830572352
湖南,CEG2000_f4_r0025_c0091,4,40.1289077241244,50.28456028498026,-10.155652560855856,-0.2019636346286058,3,39.864959320964054,1,-10.005295202401333,2.407000778861391,0.5829507830572352
湖南,CEG2000_f4_r0025_c0091,5,42.21750963547358,40.1289077241244,2.08860191134918,0.05204731525980632,4,44.50084922822303,5,3.3350984008004456,2.407000778861391,0.5829507830572352
湖南,CEG2000_f4_r0025_c0091,6,28.94550172484896,42.21750963547358,-13.272007910624623,-0.31437211775923224,1,30.593179506446095,0,-13.340393603201779,2.407000778861391,0.5829507830572352
湖南,CEG2000_f4_r0025_c0091,7,29.65180604591964,28.94550172484896,0.7063043210706788,0.02440117734992774,1,30.593179506446095,4,0.0,2.407000778861391,0.5829507830572352
湖南,CEG2000_f4_r0025_c0091,8,29.400323240224196,29.65180604591964,-0.2514828056954421,-0.00848119690604979,1,30.593179506446095,4,0.0,2.407000778861391,0.5829507830572352
湖南,CEG2000_f4_r0025_c0091,9,37.31107217761864,29.400323240224196,7.910748937394445,0.2690701347994472,2,35.229069413705076,6,6.670196801600891,2.407000778861391,0.5829507830572352
湖南,CEG2000_f4_r0025_c0091,10,32.76252922668772,37.31107217761864,-4.548542950930923,-0.12190866371455829,1,30.593179506446095,3,-3.335098400800444,2.407000778861391,0.5829507830572352
湖南,CEG2000_f4_r0025_c0091,11,40.03628278615615,32.76252922668772,7.273753559468432,0.22201440887364013,3,39.864959320964054,6,6.670196801600891,2.407000778861391,0.5829507830572352
湖南,CEG2000_f4_r0025_c0091,12,52.22723979291283,40.03628278615615,12.190957006756683,0.30449772452331925,6,53.77262904274099,8,13.340393603201779,2.407000778861391,0.5829507830572352
湖南,CEG2000_f4_r0025_c0092,1,47.2814342703472,,,,5,49.13673913548202,4,,2.2184974880981545,0.4749216440670027
湖南,CEG2000_f4_r0025_c0092,2,45.42457374394063,47.2814342703472,-1.856860526406571,-0.03927250843934552,4,44.50084922822303,3,-3.335098400800444,2.2184974880981545,0.4749216440670027
湖南,CEG2000_f4_r0025_c0092,3,51.28967653769093,45.42457374394063,5.865102793750303,0.12911739858720575,5,49.13673913548202,6,6.670196801600891,2.2184974880981545,0.4749216440670027
湖南,CEG2000_f4_r0025_c0092,4,40.66483860640283,51.28967653769093,-10.624837931288099,-0.20715353748585819,3,39.864959320964054,1,-10.005295202401333,2.2184974880981545,0.4749216440670027
湖南,CEG2000_f4_r0025_c0092,5,43.40982457902622,40.66483860640283,2.7449859726233896,0.06750268946576321,4,44.50084922822303,5,3.3350984008004456,2.2184974880981545,0.4749216440670027
湖南,CEG2000_f4_r0025_c0092,6,30.064294305532677,43.40982457902622,-13.345530273493544,-0.30743110350972336,1,30.593179506446095,0,-13.340393603201779,2.2184974880981545,0.4749216440670027
湖南,CEG2000_f4_r0025_c0092,7,30.287956766523397,30.064294305532677,0.2236624609907203,0.007439471511212558,1,30.593179506446095,4,0.0,2.2184974880981545,0.4749216440670027
湖南,CEG2000_f4_r0025_c0092,8,29.498655406538447,30.287956766523397,-0.7893013599849503,-0.026059907773552674,1,30.593179506446095,4,0.0,2.2184974880981545,0.4749216440670027
湖南,CEG2000_f4_r0025_c0092,9,37.38028841597433,29.498655406538447,7.88163300943588,0.2671861785160858,2,35.229069413705076,6,6.670196801600891,2.2184974880981545,0.4749216440670027
湖南,CEG2000_f4_r0025_c0092,10,32.921834416853876,37.38028841597433,-4.458453999120451,-0.11927286246446261,2,35.229069413705076,3,-3.335098400800444,2.2184974880981545,0.4749216440670027
湖南,CEG2000_f4_r0025_c0092,11,41.15798053480587,32.921834416853876,8.236146117951996,0.2501727581053508,3,39.864959320964054,6,6.670196801600891,2.2184974880981545,0.4749216440670027
湖南,CEG2000_f4_r0025_c0092,12,53.343025542749395,41.15798053480587,12.185045007943522,0.296055463596885,6,53.77262904274099,8,13.340393603201779,2.2184974880981545,0.4749216440670027
湖南,CEG2000_f4_r0025_c0093,1,47.598629604693514,,,,5,49.13673913548202,4,,1.9564776800854988,0.4650083132091641
湖南,CEG2000_f4_r0025_c0093,2,45.86380672170397,47.598629604693514,-1.7348228829895405,-0.036446908186165014,4,44.50084922822303,3,-3.335098400800444,1.9564776800854988,0.4650083132091641
湖南,CEG2000_f4_r0025_c0093,3,50.97456442719269,45.86380672170397,5.110757705488716,0.11143335171675074,5,49.13673913548202,6,6.670196801600891,1.9564776800854988,0.4650083132091641
湖南,CEG2000_f4_r0025_c0093,4,39.5358981035633,50.97456442719269,-11.438666323629391,-0.22439949123974007,3,39.864959320964054,1,-10.005295202401333,1.9564776800854988,0.4650083132091641
湖南,CEG2000_f4_r0025_c0093,5,41.77186372579656,39.5358981035633,2.235965622233259,0.05655532641186505,3,39.864959320964054,5,3.3350984008004456,1.9564776800854988,0.4650083132091641
湖南,CEG2000_f4_r0025_c0093,6,29.36607826927042,41.77186372579656,-12.405785456526136,-0.2969890340053188,1,30.593179506446095,0,-13.340393603201779,1.9564776800854988,0.4650083132091641
湖南,CEG2000_f4_r0025_c0093,7,28.949170233141015,29.36607826927042,-0.4169080361294064,-0.014196925864822473,1,30.593179506446095,4,0.0,1.9564776800854988,0.4650083132091641
湖南,CEG2000_f4_r0025_c0093,8,28.767874010484352,28.949170233141015,-0.18129622265666256,-0.006262570608988116,1,30.593179506446095,4,0.0,1.9564776800854988,0.4650083132091641
湖南,CEG2000_f4_r0025_c0093,9,35.448164688086145,28.767874010484352,6.680290677601793,0.2322135683424915,2,35.229069413705076,6,6.670196801600891,1.9564776800854988,0.4650083132091641
湖南,CEG2000_f4_r0025_c0093,10,31.892070351305687,35.448164688086145,-3.5560943367804576,-0.10031815096976328,1,30.593179506446095,3,-3.335098400800444,1.9564776800854988,0.4650083132091641
湖南,CEG2000_f4_r0025_c0093,11,40.61407974337903,31.892070351305687,8.722009392073343,0.2734852048172613,3,39.864959320964054,7,10.005295202401335,1.9564776800854988,0.4650083132091641
湖南,CEG2000_f4_r0025_c0093,12,53.42289550103611,40.61407974337903,12.80881575765708,0.3153787021296523,6,53.77262904274099,8,13.340393603201779,1.9564776800854988,0.4650083132091641
湖南,CEG2000_f4_r0025_c0094,1,49.51113859401397,,,,5,49.13673913548202,4,,1.626187205519776,0.3967779547937449
湖南,CEG2000_f4_r0025_c0094,2,47.65951220667156,49.51113859401397,-1.8516263873424137,-0.037398178267026974,5,49.13673913548202,3,-3.335098400800444,1.626187205519776,0.3967779547937449
湖南,CEG2000_f4_r0025_c0094,3,54.83575636127005,47.65951220667156,7.176244154598493,0.15057317673498838,6,53.77262904274099,6,6.670196801600891,1.626187205519776,0.3967779547937449
湖南,CEG2000_f4_r0025_c0094,4,41.83082327079567,54.83575636127005,-13.004933090474381,-0.23716155212294357,3,39.864959320964054,0,-13.340393603201779,1.626187205519776,0.3967779547937449
湖南,CEG2000_f4_r0025_c0094,5,42.32650405817342,41.83082327079567,0.4956807873777507,0.011849654121529373,4,44.50084922822303,4,0.0,1.626187205519776,0.3967779547937449
湖南,CEG2000_f4_r0025_c0094,6,31.61959762581702,42.32650405817342,-10.706906432356401,-0.25295985743686417,1,30.593179506446095,1,-10.005295202401333,1.626187205519776,0.3967779547937449
湖南,CEG2000_f4_r0025_c0094,7,30.455550739661422,31.61959762581702,-1.164046886155596,-0.03681409548378205,1,30.593179506446095,4,0.0,1.626187205519776,0.3967779547937449
湖南,CEG2000_f4_r0025_c0094,8,31.001729123356306,30.455550739661422,0.5461783836948833,0.01793362360653719,1,30.593179506446095,4,0.0,1.626187205519776,0.3967779547937449
湖南,CEG2000_f4_r0025_c0094,9,36.846547978129095,31.001729123356306,5.8448188547727895,0.18853202773032998,2,35.229069413705076,6,6.670196801600891,1.626187205519776,0.3967779547937449
湖南,CEG2000_f4_r0025_c0094,10,32.958486459097955,36.846547978129095,-3.8880615190311403,-0.10552037388519994,2,35.229069413705076,3,-3.335098400800444,1.626187205519776,0.3967779547937449
湖南,CEG2000_f4_r0025_c0094,11,43.93875432985147,32.958486459097955,10.980267870753515,0.333154493741095,4,44.50084922822303,7,10.005295202401335,1.626187205519776,0.3967779547937449
湖南,CEG2000_f4_r0025_c0094,12,58.52269659231753,43.93875432985147,14.58394226246606,0.33191524167898184,7,58.40851894999997,8,13.340393603201779,1.626187205519776,0.3967779547937449
湖南,CEG2000_f4_r0025_c0095,1,51.5184690074195,,,,6,53.77262904274099,4,,1.283824746050809,0.4801556818160942
湖南,CEG2000_f4_r0025_c0095,2,47.51142912098831,51.5184690074195,-4.007039886431187,-0.07777870661983585,5,49.13673913548202,3,-3.335098400800444,1.283824746050809,0.4801556818160942
湖南,CEG2000_f4_r0025_c0095,3,58.58200536358048,47.51142912098831,11.070576242592168,0.23300869806296162,7,58.40851894999997,7,10.005295202401335,1.283824746050809,0.4801556818160942
湖南,CEG2000_f4_r0025_c0095,4,44.68634816102155,58.58200536358048,-13.89565720255893,-0.23720009440301004,4,44.50084922822303,0,-13.340393603201779,1.283824746050809,0.4801556818160942
湖南,CEG2000_f4_r0025_c0095,5,44.7806989324912,44.68634816102155,0.09435077146964943,0.0021114003572113003,4,44.50084922822303,4,0.0,1.283824746050809,0.4801556818160942
湖南,CEG2000_f4_r0025_c0095,6,34.118680772842175,44.7806989324912,-10.662018159649023,-0.2380940542201556,2,35.229069413705076,1,-10.005295202401333,1.283824746050809,0.4801556818160942
湖南,CEG2000_f4_r0025_c0095,7,32.64440182700829,34.118680772842175,-1.4742789458338876,-0.04321031506609088,1,30.593179506446095,4,0.0,1.283824746050809,0.4801556818160942
湖南,CEG2000_f4_r0025_c0095,8,32.34848245665904,32.64440182700829,-0.295919370349246,-0.009064934683668108,1,30.593179506446095,4,0.0,1.283824746050809,0.4801556818160942
湖南,CEG2000_f4_r0025_c0095,9,39.45843525283146,32.34848245665904,7.109952796172415,0.21979246802994332,3,39.864959320964054,6,6.670196801600891,1.283824746050809,0.4801556818160942
湖南,CEG2000_f4_r0025_c0095,10,34.630109713827984,39.45843525283146,-4.8283255390034725,-0.12236485071102766,2,35.229069413705076,3,-3.335098400800444,1.283824746050809,0.4801556818160942
湖南,CEG2000_f4_r0025_c0095,11,49.141386485449715,34.630109713827984,14.51127677162173,0.4190364076677268,5,49.13673913548202,8,13.340393603201779,1.283824746050809,0.4801556818160942
湖南,CEG2000_f4_r0025_c0095,12,65.38636986960813,49.141386485449715,16.244983384158417,0.3305764152374577,8,63.044408857258944,8,13.340393603201779,1.283824746050809,0.4801556818160942
湖南,CEG2000_f4_r0025_c0096,1,53.807436884088226,,,,6,53.77262904274099,4,,0.9974610322180636,0.4931777974769259
湖南,CEG2000_f4_r0025_c0096,2,47.44861252256488,53.807436884088226,-6.358824361523347,-0.11817742545926321,5,49.13673913548202,2,-6.670196801600889,0.9974610322180636,0.4931777974769259
湖南,CEG2000_f4_r0025_c0096,3,61.23853942755594,47.44861252256488,13.789926904991063,0.2906286648199262,8,63.044408857258944,8,13.340393603201779,0.9974610322180636,0.4931777974769259
湖南,CEG2000_f4_r0025_c0096,4,48.083458287295144,61.23853942755594,-13.155081140260798,-0.21481702965536947,5,49.13673913548202,0,-13.340393603201779,0.9974610322180636,0.4931777974769259
湖南,CEG2000_f4_r0025_c0096,5,47.77433719735959,48.083458287295144,-0.30912108993555165,-0.00642884478251493,5,49.13673913548202,4,0.0,0.9974610322180636,0.4931777974769259
湖南,CEG2000_f4_r0025_c0096,6,34.96681047489903,47.77433719735959,-12.807526722460565,-0.2680838180873479,2,35.229069413705076,0,-13.340393603201779,0.9974610322180636,0.4931777974769259
湖南,CEG2000_f4_r0025_c0096,7,35.10809263325909,34.96681047489903,0.1412821583600632,0.004040464555996115,2,35.229069413705076,4,0.0,0.9974610322180636,0.4931777974769259
湖南,CEG2000_f4_r0025_c0096,8,33.503684503219,35.10809263325909,-1.6044081300400919,-0.045699096980283724,2,35.229069413705076,4,0.0,0.9974610322180636,0.4931777974769259
湖南,CEG2000_f4_r0025_c0096,9,40.33336376047531,33.503684503219,6.829679257256309,0.20384860228134374,3,39.864959320964054,6,6.670196801600891,0.9974610322180636,0.4931777974769259
湖南,CEG2000_f4_r0025_c0096,10,37.21723892640854,40.33336376047531,-3.116124834066767,-0.07725923512286903,2,35.229069413705076,3,-3.335098400800444,0.9974610322180636,0.4931777974769259
湖南,CEG2000_f4_r0025_c0096,11,52.71115294039219,37.21723892640854,15.493914013983648,0.41631014177651704,6,53.77262904274099,8,13.340393603201779,0.9974610322180636,0.4931777974769259
湖南,CEG2000_f4_r0025_c0096,12,70.0367221802848,52.71115294039219,17.32556923989261,0.3286888689284606,8,63.044408857258944,8,13.340393603201779,0.9974610322180636,0.4931777974769259
湖南,CEG2000_f4_r0025_c0097,1,54.40577090381013,,,,6,53.77262904274099,4,,0.7872769488986343,0.5086637196894123
湖南,CEG2000_f4_r0025_c0097,2,48.43634105127519,54.40577090381013,-5.969429852534937,-0.10972052694720455,5,49.13673913548202,2,-6.670196801600889,0.7872769488986343,0.5086637196894123
湖南,CEG2000_f4_r0025_c0097,3,62.54496539151113,48.43634105127519,14.108624340235934,0.29128179449600466,8,63.044408857258944,8,13.340393603201779,0.7872769488986343,0.5086637196894123
湖南,CEG2000_f4_r0025_c0097,4,53.220281865546326,62.54496539151113,-9.3246835259648,-0.14908767584401586,6,53.77262904274099,1,-10.005295202401333,0.7872769488986343,0.5086637196894123
湖南,CEG2000_f4_r0025_c0097,5,51.762623664293216,53.220281865546326,-1.4576582012531105,-0.027389148462905216,6,53.77262904274099,4,0.0,0.7872769488986343,0.5086637196894123
湖南,CEG2000_f4_r0025_c0097,6,36.12597635491509,51.762623664293216,-15.636647309378127,-0.30208374696749707,2,35.229069413705076,0,-13.340393603201779,0.7872769488986343,0.5086637196894123
湖南,CEG2000_f4_r0025_c0097,7,38.56431036699382,36.12597635491509,2.438334012078734,0.06749531107820117,3,39.864959320964054,5,3.3350984008004456,0.7872769488986343,0.5086637196894123
湖南,CEG2000_f4_r0025_c0097,8,34.28334869004897,38.56431036699382,-4.280961676944855,-0.11100838148550991,2,35.229069413705076,3,-3.335098400800444,0.7872769488986343,0.5086637196894123
湖南,CEG2000_f4_r0025_c0097,9,41.51910586309813,34.28334869004897,7.235757173049166,0.2110574797831638,3,39.864959320964054,6,6.670196801600891,0.7872769488986343,0.5086637196894123
湖南,CEG2000_f4_r0025_c0097,10,38.92357510660551,41.51910586309813,-2.5955307564926215,-0.06251412939987008,3,39.864959320964054,3,-3.335098400800444,0.7872769488986343,0.5086637196894123
湖南,CEG2000_f4_r0025_c0097,11,55.79265073669519,38.92357510660551,16.869075630089675,0.4333896766647963,6,53.77262904274099,8,13.340393603201779,0.7872769488986343,0.5086637196894123
湖南,CEG2000_f4_r0025_c0097,12,75.3283025348611,55.79265073669519,19.535651798165908,0.3501474036492979,8,63.044408857258944,8,13.340393603201779,0.7872769488986343,0.5086637196894123
湖南,CEG2000_f4_r0025_c0098,1,50.32386520215464,,,,5,49.13673913548202,4,,0.6386781158615322,0.6432449289111607
湖南,CEG2000_f4_r0025_c0098,2,44.70055365647461,50.32386520215464,-5.623311545680032,-0.11174244114776913,4,44.50084922822303,2,-6.670196801600889,0.6386781158615322,0.6432449289111607
湖南,CEG2000_f4_r0025_c0098,3,57.17761469829848,44.70055365647461,12.477061041823866,0.2791254251057053,7,58.40851894999997,8,13.340393603201779,0.6386781158615322,0.6432449289111607
湖南,CEG2000_f4_r0025_c0098,4,49.8938925572388,57.17761469829848,-7.283722141059677,-0.12738765300883442,5,49.13673913548202,2,-6.670196801600889,0.6386781158615322,0.6432449289111607
湖南,CEG2000_f4_r0025_c0098,5,48.31874379623765,49.8938925572388,-1.5751487610011523,-0.031569971398686225,5,49.13673913548202,4,0.0,0.6386781158615322,0.6432449289111607
湖南,CEG2000_f4_r0025_c0098,6,33.91777566148764,48.31874379623765,-14.40096813475001,-0.2980410292841956,2,35.229069413705076,0,-13.340393603201779,0.6386781158615322,0.6432449289111607
湖南,CEG2000_f4_r0025_c0098,7,36.8269057690393,33.91777566148764,2.909130107551661,0.08577007338529187,2,35.229069413705076,5,3.3350984008004456,0.6386781158615322,0.6432449289111607
湖南,CEG2000_f4_r0025_c0098,8,33.04851055964153,36.8269057690393,-3.7783952093977717,-0.10259876930997286,2,35.229069413705076,3,-3.335098400800444,0.6386781158615322,0.6432449289111607
湖南,CEG2000_f4_r0025_c0098,9,40.39556471662727,33.04851055964153,7.347054156985742,0.22231120351783362,3,39.864959320964054,6,6.670196801600891,0.6386781158615322,0.6432449289111607
湖南,CEG2000_f4_r0025_c0098,10,36.77301740235034,40.39556471662727,-3.622547314276929,-0.08967685783548032,2,35.229069413705076,3,-3.335098400800444,0.6386781158615322,0.6432449289111607
湖南,CEG2000_f4_r0025_c0098,11,46.33646072224947,36.77301740235034,9.563443319899129,0.2600668641156405,4,44.50084922822303,7,10.005295202401335,0.6386781158615322,0.6432449289111607
湖南,CEG2000_f4_r0025_c0098,12,66.98491818251806,46.33646072224947,20.648457460268588,0.44562008272577835,8,63.044408857258944,8,13.340393603201779,0.6386781158615322,0.6432449289111607
湖南,CEG2000_f4_r0025_c0099,1,48.206015603111965,,,,5,49.13673913548202,4,,0.5323970129652471,0.7303257779299978
湖南,CEG2000_f4_r0025_c0099,2,41.73662592578919,48.206015603111965,-6.4693896773227735,-0.1342029536435104,3,39.864959320964054,2,-6.670196801600889,0.5323970129652471,0.7303257779299978
湖南,CEG2000_f4_r0025_c0099,3,50.34031630766945,41.73662592578919,8.603690381880256,0.20614245140894363,5,49.13673913548202,7,10.005295202401335,0.5323970129652471,0.7303257779299978
湖南,CEG2000_f4_r0025_c0099,4,44.684038015885235,50.34031630766945,-5.656278291784211,-0.11236080157332,4,44.50084922822303,2,-6.670196801600889,0.5323970129652471,0.7303257779299978
湖南,CEG2000_f4_r0025_c0099,5,44.0034098663408,44.684038015885235,-0.6806281495444324,-0.015232019749478957,4,44.50084922822303,4,0.0,0.5323970129652471,0.7303257779299978
湖南,CEG2000_f4_r0025_c0099,6,30.604577223718955,44.0034098663408,-13.398832642621848,-0.30449532623313624,1,30.593179506446095,0,-13.340393603201779,0.5323970129652471,0.7303257779299978
湖南,CEG2000_f4_r0025_c0099,7,33.46926704249682,30.604577223718955,2.8646898187778618,0.09360331292397953,2,35.229069413705076,5,3.3350984008004456,0.5323970129652471,0.7303257779299978
湖南,CEG2000_f4_r0025_c0099,8,30.728452142591284,33.46926704249682,-2.7408148999055335,-0.08189049662860702,1,30.593179506446095,3,-3.335098400800444,0.5323970129652471,0.7303257779299978
湖南,CEG2000_f4_r0025_c0099,9,37.79269558619513,30.728452142591284,7.064243443603846,0.22989258979994068,3,39.864959320964054,6,6.670196801600891,0.5323970129652471,0.7303257779299978
湖南,CEG2000_f4_r0025_c0099,10,34.43242100572348,37.79269558619513,-3.3602745804716534,-0.08891333439838281,2,35.229069413705076,3,-3.335098400800444,0.5323970129652471,0.7303257779299978
湖南,CEG2000_f4_r0025_c0099,11,36.96741521566624,34.43242100572348,2.5349942099427665,0.07362230525473044,2,35.229069413705076,5,3.3350984008004456,0.5323970129652471,0.7303257779299978
湖南,CEG2000_f4_r0025_c0099,12,54.4287480486557,36.96741521566624,17.461332832989456,0.47234389342941135,6,53.77262904274099,8,13.340393603201779,0.5323970129652471,0.7303257779299978
湖南,CEG2000_f4_r0025_c0100,1,45.01570842036932,,,,4,44.50084922822303,4,,0.4542382683139889,0.8847225460495242
湖南,CEG2000_f4_r0025_c0100,2,38.13187575855219,45.01570842036932,-6.883832661817131,-0.15292067821156938,3,39.864959320964054,2,-6.670196801600889,0.4542382683139889,0.8847225460495242
湖南,CEG2000_f4_r0025_c0100,3,45.1620732291819,38.13187575855219,7.030197470629709,0.1843653722975582,4,44.50084922822303,6,6.670196801600891,0.4542382683139889,0.8847225460495242
湖南,CEG2000_f4_r0025_c0100,4,38.76297790877791,45.1620732291819,-6.399095320403987,-0.1416917971841282,3,39.864959320964054,2,-6.670196801600889,0.4542382683139889,0.8847225460495242
湖南,CEG2000_f4_r0025_c0100,5,38.75760937564479,38.76297790877791,-0.005368533133122355,-0.00013849640617798474,3,39.864959320964054,4,0.0,0.4542382683139889,0.8847225460495242
湖南,CEG2000_f4_r0025_c0100,6,27.37173910746493,38.75760937564479,-11.385870268179861,-0.2937712220025294,0,25.957289599187117,1,-10.005295202401333,0.4542382683139889,0.8847225460495242
湖南,CEG2000_f4_r0025_c0100,7,29.396238422712617,27.37173910746493,2.024499315247688,0.07396312332582326,1,30.593179506446095,5,3.3350984008004456,0.4542382683139889,0.8847225460495242
湖南,CEG2000_f4_r0025_c0100,8,27.640617156834256,29.396238422712617,-1.7556212658783608,-0.05972265024636292,0,25.957289599187117,3,-3.335098400800444,0.4542382683139889,0.8847225460495242
湖南,CEG2000_f4_r0025_c0100,9,32.985769232620406,27.640617156834256,5.3451520757861495,0.1933803447823718,2,35.229069413705076,6,6.670196801600891,0.4542382683139889,0.8847225460495242
湖南,CEG2000_f4_r0025_c0100,10,31.73985798907912,32.985769232620406,-1.2459112435412862,-0.03777117443449447,1,30.593179506446095,4,0.0,0.4542382683139889,0.8847225460495242
湖南,CEG2000_f4_r0025_c0100,11,30.683534265951263,31.73985798907912,-1.056323723127857,-0.0332806694816124,1,30.593179506446095,4,0.0,0.4542382683139889,0.8847225460495242
湖南,CEG2000_f4_r0025_c0100,12,46.05668283478719,30.683534265951263,15.373148568835926,0.5010227451501609,4,44.50084922822303,8,13.340393603201779,0.4542382683139889,0.8847225460495242
湖南,CEG2000_f4_r0025_c0101,1,43.435850595101776,,,,4,44.50084922822303,4,,0.3893105803232655,0.98090811162313
湖南,CEG2000_f4_r0025_c0101,2,35.2243184507642,43.435850595101776,-8.211532144337575,-0.18904964520859602,2,35.229069413705076,2,-6.670196801600889,0.3893105803232655,0.98090811162313
湖南,CEG2000_f4_r0025_c0101,3,41.60552415734558,35.2243184507642,6.381205706581376,0.1811590965344266,3,39.864959320964054,6,6.670196801600891,0.3893105803232655,0.98090811162313
湖南,CEG2000_f4_r0025_c0101,4,34.44486049938753,41.60552415734558,-7.160663657958047,-0.17210848326000022,2,35.229069413705076,2,-6.670196801600889,0.3893105803232655,0.98090811162313
湖南,CEG2000_f4_r0025_c0101,5,35.51676440575074,34.44486049938753,1.071903906363211,0.03111941493803613,2,35.229069413705076,4,0.0,0.3893105803232655,0.98090811162313
湖南,CEG2000_f4_r0025_c0101,6,24.40771325143271,35.51676440575074,-11.109051154318031,-0.31278331064750076,0,25.957289599187117,1,-10.005295202401333,0.3893105803232655,0.98090811162313
湖南,CEG2000_f4_r0025_c0101,7,26.091224245225735,24.40771325143271,1.6835109937930248,0.06897454818690171,0,25.957289599187117,5,3.3350984008004456,0.3893105803232655,0.98090811162313
湖南,CEG2000_f4_r0025_c0101,8,24.621819848428444,26.091224245225735,-1.469404396797291,-0.05631795514793323,0,25.957289599187117,4,0.0,0.3893105803232655,0.98090811162313
湖南,CEG2000_f4_r0025_c0101,9,30.125935079885373,24.621819848428444,5.504115231456929,0.22354623928451187,1,30.593179506446095,6,6.670196801600891,0.3893105803232655,0.98090811162313
湖南,CEG2000_f4_r0025_c0101,10,30.048287882614503,30.125935079885373,-0.07764719727087055,-0.002577420321227287,1,30.593179506446095,4,0.0,0.3893105803232655,0.98090811162313
湖南,CEG2000_f4_r0025_c0101,11,27.32986627803925,30.048287882614503,-2.7184216045752514,-0.09046843584549422,0,25.957289599187117,3,-3.335098400800444,0.3893105803232655,0.98090811162313
湖南,CEG2000_f4_r0025_c0101,12,40.94657219428049,27.32986627803925,13.61670591624124,0.49823536557816467,3,39.864959320964054,8,13.340393603201779,0.3893105803232655,0.98090811162313
湖南,CEG2000_f4_r0026_c0089,1,52.28439814161569,,,,6,53.77262904274099,4,,2.48444181633847,0.9313845928419968
湖南,CEG2000_f4_r0026_c0089,2,43.563226694302514,52.28439814161569,-8.721171447313175,-0.16680255979405778,4,44.50084922822303,1,-10.005295202401333,2.48444181633847,0.9313845928419968
湖南,CEG2000_f4_r0026_c0089,3,51.096151761470054,43.563226694302514,7.53292506716754,0.17291935512556386,5,49.13673913548202,6,6.670196801600891,2.48444181633847,0.9313845928419968
湖南,CEG2000_f4_r0026_c0089,4,38.19484511715463,51.096151761470054,-12.901306644315426,-0.25249076886537436,3,39.864959320964054,0,-13.340393603201779,2.48444181633847,0.9313845928419968
湖南,CEG2000_f4_r0026_c0089,5,38.12305383633466,38.19484511715463,-0.07179128081996566,-0.0018796065437563906,3,39.864959320964054,4,0.0,2.48444181633847,0.9313845928419968
湖南,CEG2000_f4_r0026_c0089,6,27.290699117558187,38.12305383633466,-10.832354718776475,-0.28414184145059956,0,25.957289599187117,1,-10.005295202401333,2.48444181633847,0.9313845928419968
湖南,CEG2000_f4_r0026_c0089,7,27.200486709217905,27.290699117558187,-0.09021240834028177,-0.003305610015766919,0,25.957289599187117,4,0.0,2.48444181633847,0.9313845928419968
湖南,CEG2000_f4_r0026_c0089,8,26.883818202842267,27.200486709217905,-0.31666850637563826,-0.011642016180112073,0,25.957289599187117,4,0.0,2.48444181633847,0.9313845928419968
湖南,CEG2000_f4_r0026_c0089,9,33.14453930285021,26.883818202842267,6.260721100007945,0.23288065157895005,2,35.229069413705076,6,6.670196801600891,2.48444181633847,0.9313845928419968
湖南,CEG2000_f4_r0026_c0089,10,32.60793524034177,33.14453930285021,-0.5366040625084452,-0.016189818105641938,1,30.593179506446095,4,0.0,2.48444181633847,0.9313845928419968
湖南,CEG2000_f4_r0026_c0089,11,38.31790739522082,32.60793524034177,5.709972154879054,0.17510989618915862,3,39.864959320964054,6,6.670196801600891,2.48444181633847,0.9313845928419968
湖南,CEG2000_f4_r0026_c0089,12,56.856118866160855,38.31790739522082,18.538211470940034,0.48380020546874125,7,58.40851894999997,8,13.340393603201779,2.48444181633847,0.9313845928419968
湖南,CEG2000_f4_r0026_c0090,1,51.37895267274072,,,,5,49.13673913548202,4,,2.378111549892746,0.7814611799840798
湖南,CEG2000_f4_r0026_c0090,2,42.09893713105474,51.37895267274072,-9.280015541685984,-0.18061900951534046,3,39.864959320964054,1,-10.005295202401333,2.378111549892746,0.7814611799840798
湖南,CEG2000_f4_r0026_c0090,3,49.77452330881435,42.09893713105474,7.675586177759612,0.18232256443589956,5,49.13673913548202,6,6.670196801600891,2.378111549892746,0.7814611799840798
湖南,CEG2000_f4_r0026_c0090,4,38.01115556788113,49.77452330881435,-11.76336774093322,-0.23633310695815535,3,39.864959320964054,0,-13.340393603201779,2.378111549892746,0.7814611799840798
湖南,CEG2000_f4_r0026_c0090,5,39.32827528340371,38.01115556788113,1.3171197155225798,0.03465087277261117,3,39.864959320964054,4,0.0,2.378111549892746,0.7814611799840798
湖南,CEG2000_f4_r0026_c0090,6,26.52910015869507,39.32827528340371,-12.799175124708643,-0.32544460779112316,0,25.957289599187117,0,-13.340393603201779,2.378111549892746,0.7814611799840798
湖南,CEG2000_f4_r0026_c0090,7,26.3310505572907,26.52910015869507,-0.1980496014043709,-0.0074653719960214695,0,25.957289599187117,4,0.0,2.378111549892746,0.7814611799840798
湖南,CEG2000_f4_r0026_c0090,8,26.601266869569127,26.3310505572907,0.27021631227842846,0.010262268559717963,0,25.957289599187117,4,0.0,2.378111549892746,0.7814611799840798
湖南,CEG2000_f4_r0026_c0090,9,32.61679061531038,26.601266869569127,6.015523745741252,0.2261367390972943,1,30.593179506446095,6,6.670196801600891,2.378111549892746,0.7814611799840798
湖南,CEG2000_f4_r0026_c0090,10,32.226744927171765,32.61679061531038,-0.3900456881386134,-0.011958432475435682,1,30.593179506446095,4,0.0,2.378111549892746,0.7814611799840798
湖南,CEG2000_f4_r0026_c0090,11,38.74016425081977,32.226744927171765,6.513419323648002,0.20211223126528846,3,39.864959320964054,6,6.670196801600891,2.378111549892746,0.7814611799840798
湖南,CEG2000_f4_r0026_c0090,12,55.11327065290715,38.74016425081977,16.37310640208738,0.42263905480836766,6,53.77262904274099,8,13.340393603201779,2.378111549892746,0.7814611799840798
湖南,CEG2000_f4_r0026_c0091,1,49.08421766708022,,,,5,49.13673913548202,4,,2.2415941506705264,0.6626002909022662
湖南,CEG2000_f4_r0026_c0091,2,42.21598878390392,49.08421766708022,-6.8682288831763,-0.13992743919768494,4,44.50084922822303,2,-6.670196801600889,2.2415941506705264,0.6626002909022662
湖南,CEG2000_f4_r0026_c0091,3,49.86225073149512,42.21598878390392,7.646261947591206,0.18112241754495084,5,49.13673913548202,6,6.670196801600891,2.2415941506705264,0.6626002909022662
湖南,CEG2000_f4_r0026_c0091,4,38.285128202951725,49.86225073149512,-11.577122528543399,-0.2321821088840419,3,39.864959320964054,1,-10.005295202401333,2.2415941506705264,0.6626002909022662
湖南,CEG2000_f4_r0026_c0091,5,40.55878828770126,38.285128202951725,2.2736600847495367,0.059387553117145914,3,39.864959320964054,5,3.3350984008004456,2.2415941506705264,0.6626002909022662
湖南,CEG2000_f4_r0026_c0091,6,26.89037081549169,40.55878828770126,-13.668417472209573,-0.3370026090339163,0,25.957289599187117,0,-13.340393603201779,2.2415941506705264,0.6626002909022662
湖南,CEG2000_f4_r0026_c0091,7,26.820214360041923,26.89037081549169,-0.07015645544976579,-0.0026089805875547196,0,25.957289599187117,4,0.0,2.2415941506705264,0.6626002909022662
湖南,CEG2000_f4_r0026_c0091,8,26.895035403370148,26.820214360041923,0.07482104332822459,0.0027897257763792025,0,25.957289599187117,4,0.0,2.2415941506705264,0.6626002909022662
湖南,CEG2000_f4_r0026_c0091,9,33.159533805484216,26.895035403370148,6.264498402114068,0.2329239693556633,2,35.229069413705076,6,6.670196801600891,2.2415941506705264,0.6626002909022662
湖南,CEG2000_f4_r0026_c0091,10,30.660041639552333,33.159533805484216,-2.4994921659318834,-0.07537778367434392,1,30.593179506446095,3,-3.335098400800444,2.2415941506705264,0.6626002909022662
湖南,CEG2000_f4_r0026_c0091,11,37.88787922093109,30.660041639552333,7.227837581378758,0.23574128392750257,3,39.864959320964054,6,6.670196801600891,2.2415941506705264,0.6626002909022662
湖南,CEG2000_f4_r0026_c0091,12,48.93226106588977,37.88787922093109,11.044381844958679,0.29150171696222127,5,49.13673913548202,7,10.005295202401335,2.2415941506705264,0.6626002909022662
湖南,CEG2000_f4_r0026_c0092,1,48.73938147201052,,,,5,49.13673913548202,4,,2.0676965730932713,0.6355543125627292
湖南,CEG2000_f4_r0026_c0092,2,42.54891159265195,48.73938147201052,-6.190469879358574,-0.12701166269238692,4,44.50084922822303,2,-6.670196801600889,2.0676965730932713,0.6355543125627292
湖南,CEG2000_f4_r0026_c0092,3,51.41335863376244,42.54891159265195,8.864447041110495,0.20833545934090014,5,49.13673913548202,7,10.005295202401335,2.0676965730932713,0.6355543125627292
湖南,CEG2000_f4_r0026_c0092,4,39.310569314681445,51.41335863376244,-12.102789319080998,-0.23540164736744632,3,39.864959320964054,0,-13.340393603201779,2.0676965730932713,0.6355543125627292
湖南,CEG2000_f4_r0026_c0092,5,42.54509065508419,39.310569314681445,3.2345213404027433,0.08228121334266039,4,44.50084922822303,5,3.3350984008004456,2.0676965730932713,0.6355543125627292
湖南,CEG2000_f4_r0026_c0092,6,29.232279985951475,42.54509065508419,-13.312810669132713,-0.3129106193957966,1,30.593179506446095,0,-13.340393603201779,2.0676965730932713,0.6355543125627292
湖南,CEG2000_f4_r0026_c0092,7,28.29738107119877,29.232279985951475,-0.9348989147527043,-0.03198173099060355,1,30.593179506446095,4,0.0,2.0676965730932713,0.6355543125627292
湖南,CEG2000_f4_r0026_c0092,8,28.71992816895602,28.29738107119877,0.4225470977572492,0.014932374720264128,1,30.593179506446095,4,0.0,2.0676965730932713,0.6355543125627292
湖南,CEG2000_f4_r0026_c0092,9,34.8770986542461,28.71992816895602,6.157170485290077,0.2143866951570406,2,35.229069413705076,6,6.670196801600891,2.0676965730932713,0.6355543125627292
湖南,CEG2000_f4_r0026_c0092,10,30.534288075884103,34.8770986542461,-4.342810578361995,-0.12451754147942237,1,30.593179506446095,3,-3.335098400800444,2.0676965730932713,0.6355543125627292
湖南,CEG2000_f4_r0026_c0092,11,39.52274651792949,30.534288075884103,8.988458442045388,0.29437262200799263,3,39.864959320964054,7,10.005295202401335,2.0676965730932713,0.6355543125627292
湖南,CEG2000_f4_r0026_c0092,12,51.32691475392685,39.52274651792949,11.80416823599736,0.29866771102667167,5,49.13673913548202,8,13.340393603201779,2.0676965730932713,0.6355543125627292
湖南,CEG2000_f4_r0026_c0093,1,51.34784672689868,,,,5,49.13673913548202,4,,1.8539882447921283,0.5476058233362817
湖南,CEG2000_f4_r0026_c0093,2,45.2323799427427,51.34784672689868,-6.115466784155977,-0.11909879720335724,4,44.50084922822303,2,-6.670196801600889,1.8539882447921283,0.5476058233362817
湖南,CEG2000_f4_r0026_c0093,3,55.78505207526792,45.2323799427427,10.552672132525217,0.23329906907138848,6,53.77262904274099,7,10.005295202401335,1.8539882447921283,0.5476058233362817
湖南,CEG2000_f4_r0026_c0093,4,41.87913094129221,55.78505207526792,-13.90592113397571,-0.24927683342866044,3,39.864959320964054,0,-13.340393603201779,1.8539882447921283,0.5476058233362817
湖南,CEG2000_f4_r0026_c0093,5,45.5989457772984,41.87913094129221,3.7198148360061865,0.08882263677392846,4,44.50084922822303,5,3.3350984008004456,1.8539882447921283,0.5476058233362817
湖南,CEG2000_f4_r0026_c0093,6,31.83125687439219,45.5989457772984,-13.767688902906208,-0.3019299825514936,1,30.593179506446095,0,-13.340393603201779,1.8539882447921283,0.5476058233362817
湖南,CEG2000_f4_r0026_c0093,7,30.960807897784665,31.83125687439219,-0.8704489766075234,-0.027345730645898174,1,30.593179506446095,4,0.0,1.8539882447921283,0.5476058233362817
湖南,CEG2000_f4_r0026_c0093,8,31.987134816903612,30.960807897784665,1.0263269191189472,0.033149229261306964,1,30.593179506446095,4,0.0,1.8539882447921283,0.5476058233362817
湖南,CEG2000_f4_r0026_c0093,9,37.31806891449042,31.987134816903612,5.330934097586805,0.16665869350604268,2,35.229069413705076,6,6.670196801600891,1.8539882447921283,0.5476058233362817
湖南,CEG2000_f4_r0026_c0093,10,32.638852205513274,37.31806891449042,-4.679216708977144,-0.12538742880021392,1,30.593179506446095,3,-3.335098400800444,1.8539882447921283,0.5476058233362817
湖南,CEG2000_f4_r0026_c0093,11,45.272464245966454,32.638852205513274,12.63361204045318,0.3870728039363817,4,44.50084922822303,8,13.340393603201779,1.8539882447921283,0.5476058233362817
湖南,CEG2000_f4_r0026_c0093,12,58.90612739355288,45.272464245966454,13.633663147586425,0.30114691953842815,7,58.40851894999997,8,13.340393603201779,1.8539882447921283,0.5476058233362817
湖南,CEG2000_f4_r0026_c0094,1,55.58915571887464,,,,6,53.77262904274099,4,,1.6105177299029731,0.5558351123914919
湖南,CEG2000_f4_r0026_c0094,2,50.516200583788,55.58915571887464,-5.072955135086644,-0.09125799932529255,5,49.13673913548202,2,-6.670196801600889,1.6105177299029731,0.5558351123914919
湖南,CEG2000_f4_r0026_c0094,3,62.95540784368114,50.516200583788,12.439207259893138,0.24624194052878182,8,63.044408857258944,8,13.340393603201779,1.6105177299029731,0.5558351123914919
湖南,CEG2000_f4_r0026_c0094,4,48.499675468064645,62.95540784368114,-14.455732375616492,-0.2296185962532434,5,49.13673913548202,0,-13.340393603201779,1.6105177299029731,0.5558351123914919
湖南,CEG2000_f4_r0026_c0094,5,49.652062982286175,48.499675468064645,1.1523875142215303,0.02376072629558805,5,49.13673913548202,4,0.0,1.6105177299029731,0.5558351123914919
湖南,CEG2000_f4_r0026_c0094,6,35.60522002400911,49.652062982286175,-14.046842958277068,-0.28290552526062024,2,35.229069413705076,0,-13.340393603201779,1.6105177299029731,0.5558351123914919
湖南,CEG2000_f4_r0026_c0094,7,35.3774769446222,35.60522002400911,-0.2277430793869044,-0.006396339616307216,2,35.229069413705076,4,0.0,1.6105177299029731,0.5558351123914919
湖南,CEG2000_f4_r0026_c0094,8,36.11830517582566,35.3774769446222,0.7408282312034586,0.020940674552996166,2,35.229069413705076,4,0.0,1.6105177299029731,0.5558351123914919
湖南,CEG2000_f4_r0026_c0094,9,41.21401615417242,36.11830517582566,5.095710978346759,0.14108388955518789,3,39.864959320964054,6,6.670196801600891,1.6105177299029731,0.5558351123914919
湖南,CEG2000_f4_r0026_c0094,10,38.820357125165735,41.21401615417242,-2.3936590290066846,-0.058078761847730184,3,39.864959320964054,3,-3.335098400800444,1.6105177299029731,0.5558351123914919
湖南,CEG2000_f4_r0026_c0094,11,55.38200705707557,38.820357125165735,16.561649931909834,0.42662281231754967,6,53.77262904274099,8,13.340393603201779,1.6105177299029731,0.5558351123914919
湖南,CEG2000_f4_r0026_c0094,12,71.23042960168804,55.38200705707557,15.848422544612475,0.2861655506323455,8,63.044408857258944,8,13.340393603201779,1.6105177299029731,0.5558351123914919
湖南,CEG2000_f4_r0026_c0095,1,58.25717156301666,,,,7,58.40851894999997,4,,1.3623422096455238,0.6261782389404722
湖南,CEG2000_f4_r0026_c0095,2,53.95166423927307,58.25717156301666,-4.305507323743591,-0.07390518983720884,6,53.77262904274099,3,-3.335098400800444,1.3623422096455238,0.6261782389404722
湖南,CEG2000_f4_r0026_c0095,3,67.7105355176989,53.95166423927307,13.75887127842583,0.25502218462447956,8,63.044408857258944,8,13.340393603201779,1.3623422096455238,0.6261782389404722
湖南,CEG2000_f4_r0026_c0095,4,52.50661104922308,67.7105355176989,-15.203924468475819,-0.2245429659096649,6,53.77262904274099,0,-13.340393603201779,1.3623422096455238,0.6261782389404722
湖南,CEG2000_f4_r0026_c0095,5,51.239294126396295,52.50661104922308,-1.2673169228267867,-0.024136330597278922,5,49.13673913548202,4,0.0,1.3623422096455238,0.6261782389404722
湖南,CEG2000_f4_r0026_c0095,6,38.09113317327478,51.239294126396295,-13.148160953121518,-0.25660308513789903,3,39.864959320964054,0,-13.340393603201779,1.3623422096455238,0.6261782389404722
湖南,CEG2000_f4_r0026_c0095,7,36.95221253944498,38.09113317327478,-1.1389206338297981,-0.02989988847664105,2,35.229069413705076,4,0.0,1.3623422096455238,0.6261782389404722
湖南,CEG2000_f4_r0026_c0095,8,36.70869138516512,36.95221253944498,-0.2435211542798612,-0.006590164364851288,2,35.229069413705076,4,0.0,1.3623422096455238,0.6261782389404722
湖南,CEG2000_f4_r0026_c0095,9,42.43532767163327,36.70869138516512,5.72663628646815,0.15600219104466426,4,44.50084922822303,6,6.670196801600891,1.3623422096455238,0.6261782389404722
湖南,CEG2000_f4_r0026_c0095,10,41.89674649747468,42.43532767163327,-0.5385811741585869,-0.012691811368257965,3,39.864959320964054,4,0.0,1.3623422096455238,0.6261782389404722
湖南,CEG2000_f4_r0026_c0095,11,62.24379981492999,41.89674649747468,20.347053317455313,0.485647574536169,8,63.044408857258944,8,13.340393603201779,1.3623422096455238,0.6261782389404722
湖南,CEG2000_f4_r0026_c0095,12,79.08219357057126,62.24379981492999,16.83839375564127,0.270523229714558,8,63.044408857258944,8,13.340393603201779,1.3623422096455238,0.6261782389404722
湖南,CEG2000_f4_r0026_c0096,1,57.35280974454707,,,,7,58.40851894999997,4,,1.137351540809019,0.667802444586727
湖南,CEG2000_f4_r0026_c0096,2,52.348132687858474,57.35280974454707,-5.0046770566886,-0.08726123583098609,6,53.77262904274099,2,-6.670196801600889,1.137351540809019,0.667802444586727
湖南,CEG2000_f4_r0026_c0096,3,66.3729635014365,52.348132687858474,14.024830813578028,0.26791463407501676,8,63.044408857258944,8,13.340393603201779,1.137351540809019,0.667802444586727
湖南,CEG2000_f4_r0026_c0096,4,51.480824218494504,66.3729635014365,-14.892139282941997,-0.22437056441844258,6,53.77262904274099,0,-13.340393603201779,1.137351540809019,0.667802444586727
湖南,CEG2000_f4_r0026_c0096,5,52.752716423286586,51.480824218494504,1.2718922047920813,0.024706135228020565,6,53.77262904274099,4,0.0,1.137351540809019,0.667802444586727
湖南,CEG2000_f4_r0026_c0096,6,37.74748524745285,52.752716423286586,-15.005231175833735,-0.2844447109686657,3,39.864959320964054,0,-13.340393603201779,1.137351540809019,0.667802444586727
湖南,CEG2000_f4_r0026_c0096,7,36.645592820557255,37.74748524745285,-1.1018924268955956,-0.029191147957861638,2,35.229069413705076,4,0.0,1.137351540809019,0.667802444586727
湖南,CEG2000_f4_r0026_c0096,8,36.47763235407771,36.645592820557255,-0.167960466479542,-0.0045833742491763,2,35.229069413705076,4,0.0,1.137351540809019,0.667802444586727
湖南,CEG2000_f4_r0026_c0096,9,42.11194315472564,36.47763235407771,5.634310800647924,0.1544593340367411,3,39.864959320964054,6,6.670196801600891,1.137351540809019,0.667802444586727
湖南,CEG2000_f4_r0026_c0096,10,41.268616724459335,42.11194315472564,-0.8433264302663019,-0.02002582562309683,3,39.864959320964054,4,0.0,1.137351540809019,0.667802444586727
湖南,CEG2000_f4_r0026_c0096,11,62.03325247952212,41.268616724459335,20.764635755062784,0.5031580266841335,8,63.044408857258944,8,13.340393603201779,1.137351540809019,0.667802444586727
湖南,CEG2000_f4_r0026_c0096,12,78.41073709539624,62.03325247952212,16.377484615874124,0.264011380368626,8,63.044408857258944,8,13.340393603201779,1.137351540809019,0.667802444586727
湖南,CEG2000_f4_r0026_c0097,1,55.350656554654094,,,,6,53.77262904274099,4,,0.9506922451058006,0.7151430705355203
湖南,CEG2000_f4_r0026_c0097,2,49.75292130256614,55.350656554654094,-5.597735252087951,-0.10113222860438269,5,49.13673913548202,2,-6.670196801600889,0.9506922451058006,0.7151430705355203
湖南,CEG2000_f4_r0026_c0097,3,63.80488858988805,49.75292130256614,14.051967287321908,0.2824350192799059,8,63.044408857258944,8,13.340393603201779,0.9506922451058006,0.7151430705355203
湖南,CEG2000_f4_r0026_c0097,4,52.668306473741445,63.80488858988805,-11.136582116146606,-0.1745412046360278,6,53.77262904274099,1,-10.005295202401333,0.9506922451058006,0.7151430705355203
湖南,CEG2000_f4_r0026_c0097,5,53.75369490278636,52.668306473741445,1.0853884290449116,0.02060799941585454,6,53.77262904274099,4,0.0,0.9506922451058006,0.7151430705355203
湖南,CEG2000_f4_r0026_c0097,6,36.44234603837872,53.75369490278636,-17.311348864407634,-0.3220494683335766,2,35.229069413705076,0,-13.340393603201779,0.9506922451058006,0.7151430705355203
湖南,CEG2000_f4_r0026_c0097,7,37.40074206899813,36.44234603837872,0.9583960306194044,0.026298966307220825,2,35.229069413705076,4,0.0,0.9506922451058006,0.7151430705355203
湖南,CEG2000_f4_r0026_c0097,8,35.222460967264624,37.40074206899813,-2.1782811017335035,-0.058241654609818665,2,35.229069413705076,3,-3.335098400800444,0.9506922451058006,0.7151430705355203
湖南,CEG2000_f4_r0026_c0097,9,41.31740479108099,35.222460967264624,6.094943823816365,0.17304139621251735,3,39.864959320964054,6,6.670196801600891,0.9506922451058006,0.7151430705355203
湖南,CEG2000_f4_r0026_c0097,10,40.21625660086707,41.31740479108099,-1.1011481902139195,-0.02665095244441925,3,39.864959320964054,4,0.0,0.9506922451058006,0.7151430705355203
湖南,CEG2000_f4_r0026_c0097,11,59.77922789746227,40.21625660086707,19.5629712965952,0.48644436230729193,7,58.40851894999997,8,13.340393603201779,0.9506922451058006,0.7151430705355203
湖南,CEG2000_f4_r0026_c0097,12,78.01732435862849,59.77922789746227,18.238096461166215,0.30509086688857107,8,63.044408857258944,8,13.340393603201779,0.9506922451058006,0.7151430705355203
湖南,CEG2000_f4_r0026_c0098,1,52.46166996123229,,,,6,53.77262904274099,4,,0.8030334091389797,0.6783613549014716
湖南,CEG2000_f4_r0026_c0098,2,46.88780210259431,52.46166996123229,-5.573867858637982,-0.10624648172192984,5,49.13673913548202,2,-6.670196801600889,0.8030334091389797,0.6783613549014716
湖南,CEG2000_f4_r0026_c0098,3,60.82970362876602,46.88780210259431,13.941901526171712,0.2973460239331693,8,63.044408857258944,8,13.340393603201779,0.8030334091389797,0.6783613549014716
湖南,CEG2000_f4_r0026_c0098,4,51.37125040493003,60.82970362876602,-9.458453223835988,-0.15549070042424373,5,49.13673913548202,1,-10.005295202401333,0.8030334091389797,0.6783613549014716
湖南,CEG2000_f4_r0026_c0098,5,51.379517240406415,51.37125040493003,0.00826683547638396,0.00016092338440706132,5,49.13673913548202,4,0.0,0.8030334091389797,0.6783613549014716
湖南,CEG2000_f4_r0026_c0098,6,34.734993333250415,51.379517240406415,-16.644523907156,-0.3239525165111174,2,35.229069413705076,0,-13.340393603201779,0.8030334091389797,0.6783613549014716
湖南,CEG2000_f4_r0026_c0098,7,35.92773501599951,34.734993333250415,1.1927416827490944,0.034338330550572775,2,35.229069413705076,4,0.0,0.8030334091389797,0.6783613549014716
湖南,CEG2000_f4_r0026_c0098,8,33.23428762123095,35.92773501599951,-2.6934473947685618,-0.07496847194984886,2,35.229069413705076,3,-3.335098400800444,0.8030334091389797,0.6783613549014716
湖南,CEG2000_f4_r0026_c0098,9,40.443545963657805,33.23428762123095,7.209258342426857,0.21692230700384835,3,39.864959320964054,6,6.670196801600891,0.8030334091389797,0.6783613549014716
湖南,CEG2000_f4_r0026_c0098,10,37.429401222751224,40.443545963657805,-3.0141447409065805,-0.07452721241641529,2,35.229069413705076,3,-3.335098400800444,0.8030334091389797,0.6783613549014716
湖南,CEG2000_f4_r0026_c0098,11,51.281858463213965,37.429401222751224,13.85245724046274,0.3700956143547018,5,49.13673913548202,8,13.340393603201779,0.8030334091389797,0.6783613549014716
湖南,CEG2000_f4_r0026_c0098,12,71.38983063886324,51.281858463213965,20.10797217564928,0.39210693173441324,8,63.044408857258944,8,13.340393603201779,0.8030334091389797,0.6783613549014716
湖南,CEG2000_f4_r0026_c0099,1,48.0300402058511,,,,5,49.13673913548202,4,,0.6879868623954979,0.8600072171229736
湖南,CEG2000_f4_r0026_c0099,2,41.67599230854322,48.0300402058511,-6.354047897307879,-0.13229320379652354,3,39.864959320964054,2,-6.670196801600889,0.6879868623954979,0.8600072171229736
湖南,CEG2000_f4_r0026_c0099,3,51.27825288162225,41.67599230854322,9.602260573079029,0.23040268608338926,5,49.13673913548202,7,10.005295202401335,0.6879868623954979,0.8600072171229736
湖南,CEG2000_f4_r0026_c0099,4,44.27287096854787,51.27825288162225,-7.00538191307438,-0.1366150662201102,4,44.50084922822303,2,-6.670196801600889,0.6879868623954979,0.8600072171229736
湖南,CEG2000_f4_r0026_c0099,5,43.94204725483072,44.27287096854787,-0.3308237137171517,-0.007472379958195482,4,44.50084922822303,4,0.0,0.6879868623954979,0.8600072171229736
湖南,CEG2000_f4_r0026_c0099,6,30.611541529472714,43.94204725483072,-13.330505725358005,-0.3033656044301061,1,30.593179506446095,0,-13.340393603201779,0.6879868623954979,0.8600072171229736
湖南,CEG2000_f4_r0026_c0099,7,31.982310185962497,30.611541529472714,1.3707686564897834,0.044779471663327075,1,30.593179506446095,4,0.0,0.6879868623954979,0.8600072171229736
湖南,CEG2000_f4_r0026_c0099,8,29.643402413329156,31.982310185962497,-2.338907772633341,-0.07313129536402038,1,30.593179506446095,3,-3.335098400800444,0.6879868623954979,0.8600072171229736
湖南,CEG2000_f4_r0026_c0099,9,36.50982699989341,29.643402413329156,6.866424586564257,0.23163415895459993,2,35.229069413705076,6,6.670196801600891,0.6879868623954979,0.8600072171229736
湖南,CEG2000_f4_r0026_c0099,10,33.058835227723584,36.50982699989341,-3.4509917721698287,-0.09452227128273995,2,35.229069413705076,3,-3.335098400800444,0.6879868623954979,0.8600072171229736
湖南,CEG2000_f4_r0026_c0099,11,37.45960683549245,33.058835227723584,4.400771607768867,0.13311937875168453,2,35.229069413705076,5,3.3350984008004456,0.6879868623954979,0.8600072171229736
湖南,CEG2000_f4_r0026_c0099,12,54.51749793812973,37.45960683549245,17.057891102637278,0.45536759575584135,6,53.77262904274099,8,13.340393603201779,0.6879868623954979,0.8600072171229736
湖南,CEG2000_f4_r0026_c0100,1,45.60314152948775,,,,4,44.50084922822303,4,,0.5967244783837653,0.9291460629518612
湖南,CEG2000_f4_r0026_c0100,2,38.184764250630806,45.60314152948775,-7.418377278856944,-0.16267250522773957,3,39.864959320964054,2,-6.670196801600889,0.5967244783837653,0.9291460629518612
湖南,CEG2000_f4_r0026_c0100,3,46.21187911559308,38.184764250630806,8.027114864962272,0.21021774056990977,4,44.50084922822303,6,6.670196801600891,0.5967244783837653,0.9291460629518612
湖南,CEG2000_f4_r0026_c0100,4,38.99365012005258,46.21187911559308,-7.2182289955405,-0.1561985604931803,3,39.864959320964054,2,-6.670196801600889,0.5967244783837653,0.9291460629518612
湖南,CEG2000_f4_r0026_c0100,5,39.084719367948765,38.99365012005258,0.09106924789618631,0.002335489178771539,3,39.864959320964054,4,0.0,0.5967244783837653,0.9291460629518612
湖南,CEG2000_f4_r0026_c0100,6,27.172584155552403,39.084719367948765,-11.912135212396361,-0.30477729928809083,0,25.957289599187117,0,-13.340393603201779,0.5967244783837653,0.9291460629518612
湖南,CEG2000_f4_r0026_c0100,7,27.940582916671424,27.172584155552403,0.7679987611190207,0.02826373659282932,0,25.957289599187117,4,0.0,0.5967244783837653,0.9291460629518612
湖南,CEG2000_f4_r0026_c0100,8,26.56437106593429,27.940582916671424,-1.3762118507371355,-0.049254944137761186,0,25.957289599187117,4,0.0,0.5967244783837653,0.9291460629518612
湖南,CEG2000_f4_r0026_c0100,9,32.25601622369608,26.56437106593429,5.691645157761791,0.21425860765288973,1,30.593179506446095,6,6.670196801600891,0.5967244783837653,0.9291460629518612
湖南,CEG2000_f4_r0026_c0100,10,30.4243180037616,32.25601622369608,-1.8316982199344807,-0.05678625057823691,1,30.593179506446095,3,-3.335098400800444,0.5967244783837653,0.9291460629518612
湖南,CEG2000_f4_r0026_c0100,11,31.001036190409664,30.4243180037616,0.5767181866480655,0.018955829562942422,1,30.593179506446095,4,0.0,0.5967244783837653,0.9291460629518612
湖南,CEG2000_f4_r0026_c0100,12,45.798195448083426,31.001036190409664,14.797159257673762,0.4773117636065127,4,44.50084922822303,8,13.340393603201779,0.5967244783837653,0.9291460629518612
湖南,CEG2000_f4_r0027_c0089,1,53.5593775819632,,,,6,53.77262904274099,4,,2.349466326900625,0.9539904510903676
湖南,CEG2000_f4_r0027_c0089,2,43.70665376589437,53.5593775819632,-9.852723816068824,-0.18395889311803457,4,44.50084922822303,1,-10.005295202401333,2.349466326900625,0.9539904510903676
湖南,CEG2000_f4_r0027_c0089,3,50.79898167814917,43.70665376589437,7.092327912254795,0.16227112581629743,5,49.13673913548202,6,6.670196801600891,2.349466326900625,0.9539904510903676
湖南,CEG2000_f4_r0027_c0089,4,38.21649425619216,50.79898167814917,-12.582487421957005,-0.2476917254301827,3,39.864959320964054,0,-13.340393603201779,2.349466326900625,0.9539904510903676
湖南,CEG2000_f4_r0027_c0089,5,37.59592846312797,38.21649425619216,-0.6205657930641948,-0.01623816640281298,3,39.864959320964054,4,0.0,2.349466326900625,0.9539904510903676
湖南,CEG2000_f4_r0027_c0089,6,27.00143937923249,37.59592846312797,-10.594489083895478,-0.28179884144332207,0,25.957289599187117,1,-10.005295202401333,2.349466326900625,0.9539904510903676
湖南,CEG2000_f4_r0027_c0089,7,26.211106910870107,27.00143937923249,-0.7903324683623829,-0.029270012507934973,0,25.957289599187117,4,0.0,2.349466326900625,0.9539904510903676
湖南,CEG2000_f4_r0027_c0089,8,25.887690677315064,26.211106910870107,-0.3234162335550437,-0.01233890024770066,0,25.957289599187117,4,0.0,2.349466326900625,0.9539904510903676
湖南,CEG2000_f4_r0027_c0089,9,30.95239752541924,25.887690677315064,5.064706848104176,0.19564150820692136,1,30.593179506446095,6,6.670196801600891,2.349466326900625,0.9539904510903676
湖南,CEG2000_f4_r0027_c0089,10,30.43074356709108,30.95239752541924,-0.5216539583281588,-0.016853426552814122,1,30.593179506446095,4,0.0,2.349466326900625,0.9539904510903676
湖南,CEG2000_f4_r0027_c0089,11,37.65653611752691,30.43074356709108,7.2257925504358305,0.23745041045431656,3,39.864959320964054,6,6.670196801600891,2.349466326900625,0.9539904510903676
湖南,CEG2000_f4_r0027_c0089,12,53.177567337805435,37.65653611752691,15.521031220278523,0.4121736309425017,6,53.77262904274099,8,13.340393603201779,2.349466326900625,0.9539904510903676
湖南,CEG2000_f4_r0027_c0090,1,53.311571085662685,,,,6,53.77262904274099,4,,2.2541381480591003,0.8515284804787013
湖南,CEG2000_f4_r0027_c0090,2,42.844609255261666,53.311571085662685,-10.466961830401019,-0.19633564753854993,4,44.50084922822303,1,-10.005295202401333,2.2541381480591003,0.8515284804787013
湖南,CEG2000_f4_r0027_c0090,3,49.75418235933584,42.844609255261666,6.909573104074177,0.1612705361112758,5,49.13673913548202,6,6.670196801600891,2.2541381480591003,0.8515284804787013
湖南,CEG2000_f4_r0027_c0090,4,37.5449449072052,49.75418235933584,-12.209237452130644,-0.24539117865414403,2,35.229069413705076,0,-13.340393603201779,2.2541381480591003,0.8515284804787013
湖南,CEG2000_f4_r0027_c0090,5,37.28633047019263,37.5449449072052,-0.25861443701256803,-0.006888129351414701,2,35.229069413705076,4,0.0,2.2541381480591003,0.8515284804787013
湖南,CEG2000_f4_r0027_c0090,6,26.82239794912376,37.28633047019263,-10.46393252106887,-0.28063723056453427,0,25.957289599187117,1,-10.005295202401333,2.2541381480591003,0.8515284804787013
湖南,CEG2000_f4_r0027_c0090,7,25.61275436698129,26.82239794912376,-1.2096435821424727,-0.04509826393735947,0,25.957289599187117,4,0.0,2.2541381480591003,0.8515284804787013
湖南,CEG2000_f4_r0027_c0090,8,26.334899795291356,25.61275436698129,0.7221454283100677,0.028194758672305163,0,25.957289599187117,4,0.0,2.2541381480591003,0.8515284804787013
湖南,CEG2000_f4_r0027_c0090,9,30.295975331372095,26.334899795291356,3.961075536080738,0.15041164260624879,1,30.593179506446095,5,3.3350984008004456,2.2541381480591003,0.8515284804787013
湖南,CEG2000_f4_r0027_c0090,10,30.062872612373106,30.295975331372095,-0.23310271899898893,-0.007694181040529379,1,30.593179506446095,4,0.0,2.2541381480591003,0.8515284804787013
湖南,CEG2000_f4_r0027_c0090,11,37.21694284286902,30.062872612373106,7.154070230495911,0.2379702805762973,2,35.229069413705076,6,6.670196801600891,2.2541381480591003,0.8515284804787013
湖南,CEG2000_f4_r0027_c0090,12,52.22604777265742,37.21694284286902,15.0091049297884,0.4032868845019663,6,53.77262904274099,8,13.340393603201779,2.2541381480591003,0.8515284804787013
湖南,CEG2000_f4_r0027_c0091,1,53.46098856078378,,,,6,53.77262904274099,4,,2.1246321324984594,0.8061009819593541
湖南,CEG2000_f4_r0027_c0091,2,43.60011401194209,53.46098856078378,-9.860874548841693,-0.18444991037960567,4,44.50084922822303,1,-10.005295202401333,2.1246321324984594,0.8061009819593541
湖南,CEG2000_f4_r0027_c0091,3,52.57092482355704,43.60011401194209,8.970810811614953,0.20575200351902392,6,53.77262904274099,7,10.005295202401335,2.1246321324984594,0.8061009819593541
湖南,CEG2000_f4_r0027_c0091,4,39.43210291366051,52.57092482355704,-13.138821909896535,-0.249925637678891,3,39.864959320964054,0,-13.340393603201779,2.1246321324984594,0.8061009819593541
湖南,CEG2000_f4_r0027_c0091,5,40.1583384834405,39.43210291366051,0.7262355697799947,0.01841736849211773,3,39.864959320964054,4,0.0,2.1246321324984594,0.8061009819593541
湖南,CEG2000_f4_r0027_c0091,6,28.119246751148175,40.1583384834405,-12.039091732292327,-0.2997905836481932,0,25.957289599187117,0,-13.340393603201779,2.1246321324984594,0.8061009819593541
湖南,CEG2000_f4_r0027_c0091,7,25.739247687875288,28.119246751148175,-2.379999063272887,-0.08463950276960054,0,25.957289599187117,3,-3.335098400800444,2.1246321324984594,0.8061009819593541
湖南,CEG2000_f4_r0027_c0091,8,27.74905413099672,25.739247687875288,2.0098064431214304,0.07808334056586154,0,25.957289599187117,5,3.3350984008004456,2.1246321324984594,0.8061009819593541
湖南,CEG2000_f4_r0027_c0091,9,32.35541905588774,27.74905413099672,4.606364924891018,0.1660007906267889,1,30.593179506446095,5,3.3350984008004456,2.1246321324984594,0.8061009819593541
湖南,CEG2000_f4_r0027_c0091,10,32.355693868239165,32.35541905588774,0.00027481235142801097,8.493549440769898e-06,1,30.593179506446095,4,0.0,2.1246321324984594,0.8061009819593541
湖南,CEG2000_f4_r0027_c0091,11,39.21525218880476,32.355693868239165,6.859558320565597,0.21200467369049508,3,39.864959320964054,6,6.670196801600891,2.1246321324984594,0.8061009819593541
湖南,CEG2000_f4_r0027_c0091,12,54.90602728061549,39.21525218880476,15.690775091810728,0.40011919383474365,6,53.77262904274099,8,13.340393603201779,2.1246321324984594,0.8061009819593541
湖南,CEG2000_f4_r0027_c0092,1,51.974319087677465,,,,6,53.77262904274099,4,,1.9706221546268832,0.830468612933403
湖南,CEG2000_f4_r0027_c0092,2,44.538826570376656,51.974319087677465,-7.435492517300808,-0.14306089329920016,4,44.50084922822303,2,-6.670196801600889,1.9706221546268832,0.830468612933403
湖南,CEG2000_f4_r0027_c0092,3,53.50206560452441,44.538826570376656,8.963239034147755,0.20124551373136804,6,53.77262904274099,7,10.005295202401335,1.9706221546268832,0.830468612933403
湖南,CEG2000_f4_r0027_c0092,4,40.62197030951816,53.50206560452441,-12.88009529500625,-0.24074014992641785,3,39.864959320964054,0,-13.340393603201779,1.9706221546268832,0.830468612933403
湖南,CEG2000_f4_r0027_c0092,5,41.18995697379215,40.62197030951816,0.5679866642739881,0.013982252951942678,3,39.864959320964054,4,0.0,1.9706221546268832,0.830468612933403
湖南,CEG2000_f4_r0027_c0092,6,29.42936295537265,41.18995697379215,-11.7605940184195,-0.28552091049530326,1,30.593179506446095,0,-13.340393603201779,1.9706221546268832,0.830468612933403
湖南,CEG2000_f4_r0027_c0092,7,26.97004177377569,29.42936295537265,-2.459321181596959,-0.0835669187038241,0,25.957289599187117,3,-3.335098400800444,1.9706221546268832,0.830468612933403
湖南,CEG2000_f4_r0027_c0092,8,28.91606073638226,26.97004177377569,1.9460189626065691,0.07215483679742683,1,30.593179506446095,5,3.3350984008004456,1.9706221546268832,0.830468612933403
湖南,CEG2000_f4_r0027_c0092,9,33.752560719570994,28.91606073638226,4.836499983188734,0.16725998839473447,2,35.229069413705076,5,3.3350984008004456,1.9706221546268832,0.830468612933403
湖南,CEG2000_f4_r0027_c0092,10,30.93267451932219,33.752560719570994,-2.8198862002488028,-0.08354584482278192,1,30.593179506446095,3,-3.335098400800444,1.9706221546268832,0.830468612933403
湖南,CEG2000_f4_r0027_c0092,11,40.26089773112446,30.93267451932219,9.328223211802268,0.30156536273562,3,39.864959320964054,7,10.005295202401335,1.9706221546268832,0.830468612933403
湖南,CEG2000_f4_r0027_c0092,12,54.37900268839578,40.26089773112446,14.11810495727132,0.3506654285643772,6,53.77262904274099,8,13.340393603201779,1.9706221546268832,0.830468612933403
湖南,CEG2000_f4_r0027_c0093,1,53.52609899516048,,,,6,53.77262904274099,4,,1.793803428122467,0.6857166717439654
湖南,CEG2000_f4_r0027_c0093,2,46.617200736155226,53.52609899516048,-6.908898259005255,-0.12907531818505805,4,44.50084922822303,2,-6.670196801600889,1.793803428122467,0.6857166717439654
湖南,CEG2000_f4_r0027_c0093,3,56.085128516579,46.617200736155226,9.467927780423771,0.20309944893539403,6,53.77262904274099,7,10.005295202401335,1.793803428122467,0.6857166717439654
湖南,CEG2000_f4_r0027_c0093,4,42.329263296157315,56.085128516579,-13.755865220421683,-0.24526760630236216,4,44.50084922822303,0,-13.340393603201779,1.793803428122467,0.6857166717439654
湖南,CEG2000_f4_r0027_c0093,5,43.6164766157204,42.329263296157315,1.2872133195630866,0.030409537500264996,4,44.50084922822303,4,0.0,1.793803428122467,0.6857166717439654
湖南,CEG2000_f4_r0027_c0093,6,31.892157624985035,43.6164766157204,-11.724318990735366,-0.26880481644658216,1,30.593179506446095,0,-13.340393603201779,1.793803428122467,0.6857166717439654
湖南,CEG2000_f4_r0027_c0093,7,29.01790718892802,31.892157624985035,-2.8742504360570145,-0.09012405086714051,1,30.593179506446095,3,-3.335098400800444,1.793803428122467,0.6857166717439654
湖南,CEG2000_f4_r0027_c0093,8,31.479701399488565,29.01790718892802,2.4617942105605444,0.08483706955613458,1,30.593179506446095,5,3.3350984008004456,1.793803428122467,0.6857166717439654
湖南,CEG2000_f4_r0027_c0093,9,36.426590083244655,31.479701399488565,4.9468886837560895,0.1571453496644812,2,35.229069413705076,5,3.3350984008004456,1.793803428122467,0.6857166717439654
湖南,CEG2000_f4_r0027_c0093,10,32.85384569706729,36.426590083244655,-3.5727443861773622,-0.09808067068623966,1,30.593179506446095,3,-3.335098400800444,1.793803428122467,0.6857166717439654
湖南,CEG2000_f4_r0027_c0093,11,43.75962730961149,32.85384569706729,10.905781612544196,0.3319484030302639,4,44.50084922822303,7,10.005295202401335,1.793803428122467,0.6857166717439654
湖南,CEG2000_f4_r0027_c0093,12,58.31696427558861,43.75962730961149,14.557336965977122,0.3326659265852501,7,58.40851894999997,8,13.340393603201779,1.793803428122467,0.6857166717439654
湖南,CEG2000_f4_r0027_c0094,1,57.1148040452556,,,,7,58.40851894999997,4,,1.6017565612972402,0.7148926676326306
湖南,CEG2000_f4_r0027_c0094,2,50.17094242328818,57.1148040452556,-6.943861621967422,-0.12157726421446477,5,49.13673913548202,2,-6.670196801600889,1.6017565612972402,0.7148926676326306
湖南,CEG2000_f4_r0027_c0094,3,61.56271394392621,50.17094242328818,11.39177152063803,0.2270591495875556,8,63.044408857258944,7,10.005295202401335,1.6017565612972402,0.7148926676326306
湖南,CEG2000_f4_r0027_c0094,4,48.531388924242215,61.56271394392621,-13.031325019683997,-0.21167560987570253,5,49.13673913548202,0,-13.340393603201779,1.6017565612972402,0.7148926676326306
湖南,CEG2000_f4_r0027_c0094,5,50.28511097544085,48.531388924242215,1.7537220511986362,0.036135830646351515,5,49.13673913548202,5,3.3350984008004456,1.6017565612972402,0.7148926676326306
湖南,CEG2000_f4_r0027_c0094,6,35.463706506394786,50.28511097544085,-14.821404469046065,-0.2947473751481787,2,35.229069413705076,0,-13.340393603201779,1.6017565612972402,0.7148926676326306
湖南,CEG2000_f4_r0027_c0094,7,34.12221151262129,35.463706506394786,-1.3414949937734946,-0.03782726415050828,2,35.229069413705076,4,0.0,1.6017565612972402,0.7148926676326306
湖南,CEG2000_f4_r0027_c0094,8,36.9887801401056,34.12221151262129,2.8665686274843054,0.08400887575601614,2,35.229069413705076,5,3.3350984008004456,1.6017565612972402,0.7148926676326306
湖南,CEG2000_f4_r0027_c0094,9,41.23501856585778,36.9887801401056,4.246238425752182,0.11479801198277796,3,39.864959320964054,5,3.3350984008004456,1.6017565612972402,0.7148926676326306
湖南,CEG2000_f4_r0027_c0094,10,38.79732777833104,41.23501856585778,-2.4376907875267406,-0.05911700472823666,3,39.864959320964054,3,-3.335098400800444,1.6017565612972402,0.7148926676326306
湖南,CEG2000_f4_r0027_c0094,11,54.64514895839211,38.79732777833104,15.847821180061075,0.408477131997538,6,53.77262904274099,8,13.340393603201779,1.6017565612972402,0.7148926676326306
湖南,CEG2000_f4_r0027_c0094,12,69.6038541857657,54.64514895839211,14.958705227373585,0.273742601356315,8,63.044408857258944,8,13.340393603201779,1.6017565612972402,0.7148926676326306
湖南,CEG2000_f4_r0027_c0095,1,59.13964528351054,,,,7,58.40851894999997,4,,1.4074281004008906,0.7722011611217006
湖南,CEG2000_f4_r0027_c0095,2,53.921977582980915,59.13964528351054,-5.217667700529624,-0.08822622583406714,6,53.77262904274099,2,-6.670196801600889,1.4074281004008906,0.7722011611217006
湖南,CEG2000_f4_r0027_c0095,3,65.53414713945047,53.921977582980915,11.612169556469553,0.2153513294018103,8,63.044408857258944,7,10.005295202401335,1.4074281004008906,0.7722011611217006
湖南,CEG2000_f4_r0027_c0095,4,51.7844223048744,65.53414713945047,-13.749724834576071,-0.20981008275453644,6,53.77262904274099,0,-13.340393603201779,1.4074281004008906,0.7722011611217006
湖南,CEG2000_f4_r0027_c0095,5,52.64226488147333,51.7844223048744,0.8578425765989337,0.016565649251593297,6,53.77262904274099,4,0.0,1.4074281004008906,0.7722011611217006
湖南,CEG2000_f4_r0027_c0095,6,37.615462384430835,52.64226488147333,-15.026802497042496,-0.28545129148367926,3,39.864959320964054,0,-13.340393603201779,1.4074281004008906,0.7722011611217006
湖南,CEG2000_f4_r0027_c0095,7,35.79844225858986,37.615462384430835,-1.8170201258409762,-0.04830513864939347,2,35.229069413705076,3,-3.335098400800444,1.4074281004008906,0.7722011611217006
湖南,CEG2000_f4_r0027_c0095,8,38.03852255496115,35.79844225858986,2.240080296371289,0.06257479809289133,3,39.864959320964054,5,3.3350984008004456,1.4074281004008906,0.7722011611217006
湖南,CEG2000_f4_r0027_c0095,9,42.504124020004014,38.03852255496115,4.465601465042866,0.11739681683458136,4,44.50084922822303,5,3.3350984008004456,1.4074281004008906,0.7722011611217006
湖南,CEG2000_f4_r0027_c0095,10,41.759499531867895,42.504124020004014,-0.7446244881361181,-0.017518876233884276,3,39.864959320964054,4,0.0,1.4074281004008906,0.7722011611217006
湖南,CEG2000_f4_r0027_c0095,11,64.56831058901872,41.759499531867895,22.808811057150827,0.5461945500506958,8,63.044408857258944,8,13.340393603201779,1.4074281004008906,0.7722011611217006
湖南,CEG2000_f4_r0027_c0095,12,79.58975601510551,64.56831058901872,15.021445426086785,0.23264423815730928,8,63.044408857258944,8,13.340393603201779,1.4074281004008906,0.7722011611217006
湖南,CEG2000_f4_r0027_c0096,1,59.10635483832703,,,,7,58.40851894999997,4,,1.2246694545123316,0.8772681630108915
湖南,CEG2000_f4_r0027_c0096,2,53.60340078189505,59.10635483832703,-5.502954056431982,-0.093102578757972,6,53.77262904274099,2,-6.670196801600889,1.2246694545123316,0.8772681630108915
湖南,CEG2000_f4_r0027_c0096,3,65.91009641525235,53.60340078189505,12.306695633357307,0.2295879637083397,8,63.044408857258944,8,13.340393603201779,1.2246694545123316,0.8772681630108915
湖南,CEG2000_f4_r0027_c0096,4,51.93298313511251,65.91009641525235,-13.977113280139847,-0.21206331109091478,6,53.77262904274099,0,-13.340393603201779,1.2246694545123316,0.8772681630108915
湖南,CEG2000_f4_r0027_c0096,5,54.34781189823048,51.93298313511251,2.414828763117974,0.04649894185426216,6,53.77262904274099,5,3.3350984008004456,1.2246694545123316,0.8772681630108915
湖南,CEG2000_f4_r0027_c0096,6,38.398403319307455,54.34781189823048,-15.949408578923027,-0.2934691944689373,3,39.864959320964054,0,-13.340393603201779,1.2246694545123316,0.8772681630108915
湖南,CEG2000_f4_r0027_c0096,7,35.24272288235415,38.398403319307455,-3.155680436953304,-0.0821825952165716,2,35.229069413705076,3,-3.335098400800444,1.2246694545123316,0.8772681630108915
湖南,CEG2000_f4_r0027_c0096,8,37.01637530421313,35.24272288235415,1.7736524218589764,0.050326770374119846,2,35.229069413705076,5,3.3350984008004456,1.2246694545123316,0.8772681630108915
湖南,CEG2000_f4_r0027_c0096,9,42.329759855815816,37.01637530421313,5.313384551602688,0.14354145990620346,4,44.50084922822303,6,6.670196801600891,1.2246694545123316,0.8772681630108915
湖南,CEG2000_f4_r0027_c0096,10,41.84610005587071,42.329759855815816,-0.48365979994510866,-0.011425999145578833,3,39.864959320964054,4,0.0,1.2246694545123316,0.8772681630108915
湖南,CEG2000_f4_r0027_c0096,11,65.882732599925,41.84610005587071,24.0366325440543,0.5744055601827137,8,63.044408857258944,8,13.340393603201779,1.2246694545123316,0.8772681630108915
湖南,CEG2000_f4_r0027_c0096,12,80.63126683986057,65.882732599925,14.748534239935566,0.22386039039237352,8,63.044408857258944,8,13.340393603201779,1.2246694545123316,0.8772681630108915
湖南,CEG2000_f4_r0027_c0097,1,56.91958679298029,,,,7,58.40851894999997,4,,1.0630123816226569,0.8031483135520193
湖南,CEG2000_f4_r0027_c0097,2,52.20769659991459,56.91958679298029,-4.711890193065699,-0.08278152492924985,6,53.77262904274099,3,-3.335098400800444,1.0630123816226569,0.8031483135520193
湖南,CEG2000_f4_r0027_c0097,3,65.48785589771475,52.20769659991459,13.28015929780016,0.25437167626012225,8,63.044408857258944,8,13.340393603201779,1.0630123816226569,0.8031483135520193
湖南,CEG2000_f4_r0027_c0097,4,52.170693365630065,65.48785589771475,-13.317162532084687,-0.2033531614301851,6,53.77262904274099,0,-13.340393603201779,1.0630123816226569,0.8031483135520193
湖南,CEG2000_f4_r0027_c0097,5,54.77519323716531,52.170693365630065,2.6044998715352463,0.04992266162310745,6,53.77262904274099,5,3.3350984008004456,1.0630123816226569,0.8031483135520193
湖南,CEG2000_f4_r0027_c0097,6,36.36747756667219,54.77519323716531,-18.40771567049312,-0.33605934698927487,2,35.229069413705076,0,-13.340393603201779,1.0630123816226569,0.8031483135520193
湖南,CEG2000_f4_r0027_c0097,7,35.52644418195904,36.36747756667219,-0.8410333847131497,-0.023125975211541416,2,35.229069413705076,4,0.0,1.0630123816226569,0.8031483135520193
湖南,CEG2000_f4_r0027_c0097,8,35.07689961288788,35.52644418195904,-0.4495445690711648,-0.012653801398436929,2,35.229069413705076,4,0.0,1.0630123816226569,0.8031483135520193
湖南,CEG2000_f4_r0027_c0097,9,41.28820438583649,35.07689961288788,6.211304772948608,0.1770767896107461,3,39.864959320964054,6,6.670196801600891,1.0630123816226569,0.8031483135520193
湖南,CEG2000_f4_r0027_c0097,10,40.42075892079685,41.28820438583649,-0.867445465039637,-0.02100952264558169,3,39.864959320964054,4,0.0,1.0630123816226569,0.8031483135520193
湖南,CEG2000_f4_r0027_c0097,11,62.09247787739853,40.42075892079685,21.67171895660168,0.5361531929439203,8,63.044408857258944,8,13.340393603201779,1.0630123816226569,0.8031483135520193
湖南,CEG2000_f4_r0027_c0097,12,77.28312145452568,62.09247787739853,15.190643577127155,0.24464547230859507,8,63.044408857258944,8,13.340393603201779,1.0630123816226569,0.8031483135520193
湖南,CEG2000_f4_r0027_c0098,1,54.978820819666005,,,,6,53.77262904274099,4,,0.9258492415893184,0.8429496582892542
湖南,CEG2000_f4_r0027_c0098,2,49.259960024786494,54.978820819666005,-5.718860794879511,-0.10401934253260423,5,49.13673913548202,2,-6.670196801600889,0.9258492415893184,0.8429496582892542
湖南,CEG2000_f4_r0027_c0098,3,62.86873153683155,49.259960024786494,13.608771512045053,0.2762643636981725,8,63.044408857258944,8,13.340393603201779,0.9258492415893184,0.8429496582892542
湖南,CEG2000_f4_r0027_c0098,4,52.26489538535144,62.86873153683155,-10.60383615148011,-0.16866629709663966,6,53.77262904274099,1,-10.005295202401333,0.9258492415893184,0.8429496582892542
湖南,CEG2000_f4_r0027_c0098,5,53.847471498336326,52.26489538535144,1.5825761129848885,0.030279905877864735,6,53.77262904274099,4,0.0,0.9258492415893184,0.8429496582892542
湖南,CEG2000_f4_r0027_c0098,6,35.532078364800874,53.847471498336326,-18.31539313353545,-0.3401346920087292,2,35.229069413705076,0,-13.340393603201779,0.9258492415893184,0.8429496582892542
湖南,CEG2000_f4_r0027_c0098,7,34.83953429818396,35.532078364800874,-0.6925440666169109,-0.01949067148582464,2,35.229069413705076,4,0.0,0.9258492415893184,0.8429496582892542
湖南,CEG2000_f4_r0027_c0098,8,33.045198724530664,34.83953429818396,-1.7943355736532993,-0.05150285759551127,2,35.229069413705076,3,-3.335098400800444,0.9258492415893184,0.8429496582892542
湖南,CEG2000_f4_r0027_c0098,9,40.78678208432728,33.045198724530664,7.741583359796614,0.23427256178216754,3,39.864959320964054,6,6.670196801600891,0.9258492415893184,0.8429496582892542
湖南,CEG2000_f4_r0027_c0098,10,39.58999777287472,40.78678208432728,-1.1967843114525607,-0.029342454841820846,3,39.864959320964054,4,0.0,0.9258492415893184,0.8429496582892542
湖南,CEG2000_f4_r0027_c0098,11,55.614047403784205,39.58999777287472,16.024049630909488,0.4047499502990234,6,53.77262904274099,8,13.340393603201779,0.9258492415893184,0.8429496582892542
湖南,CEG2000_f4_r0027_c0098,12,72.54041216830385,55.614047403784205,16.92636476451964,0.30435412552562935,8,63.044408857258944,8,13.340393603201779,0.9258492415893184,0.8429496582892542
湖南,CEG2000_f4_r0027_c0099,1,50.48305406853291,,,,5,49.13673913548202,4,,0.8120486408229559,0.8619079452926097
湖南,CEG2000_f4_r0027_c0099,2,44.19175878623743,50.48305406853291,-6.291295282295479,-0.12462192310621256,4,44.50084922822303,2,-6.670196801600889,0.8120486408229559,0.8619079452926097
湖南,CEG2000_f4_r0027_c0099,3,56.08403327896902,44.19175878623743,11.892274492731588,0.26910615959542167,6,53.77262904274099,8,13.340393603201779,0.8120486408229559,0.8619079452926097
湖南,CEG2000_f4_r0027_c0099,4,47.12405206786353,56.08403327896902,-8.959981211105486,-0.1597599296494497,5,49.13673913548202,1,-10.005295202401333,0.8120486408229559,0.8619079452926097
湖南,CEG2000_f4_r0027_c0099,5,47.196086341081,47.12405206786353,0.07203427321746858,0.0015286094904090961,5,49.13673913548202,4,0.0,0.8120486408229559,0.8619079452926097
湖南,CEG2000_f4_r0027_c0099,6,31.658297061012465,47.196086341081,-15.537789280068534,-0.3292177484331776,1,30.593179506446095,0,-13.340393603201779,0.8120486408229559,0.8619079452926097
湖南,CEG2000_f4_r0027_c0099,7,32.14437182686851,31.658297061012465,0.48607476585604203,0.015353787505350323,1,30.593179506446095,4,0.0,0.8120486408229559,0.8619079452926097
湖南,CEG2000_f4_r0027_c0099,8,30.680452722671895,32.14437182686851,-1.4639191041966129,-0.04554200380960524,1,30.593179506446095,4,0.0,0.8120486408229559,0.8619079452926097
湖南,CEG2000_f4_r0027_c0099,9,37.25568591264912,30.680452722671895,6.575233189977226,0.21431343433593905,2,35.229069413705076,6,6.670196801600891,0.8120486408229559,0.8619079452926097
湖南,CEG2000_f4_r0027_c0099,10,34.72954382081076,37.25568591264912,-2.5261420918383592,-0.06780554511226107,2,35.229069413705076,3,-3.335098400800444,0.8120486408229559,0.8619079452926097
湖南,CEG2000_f4_r0027_c0099,11,43.36076719866673,34.72954382081076,8.631223377855967,0.2485268284083805,4,44.50084922822303,7,10.005295202401335,0.8120486408229559,0.8619079452926097
湖南,CEG2000_f4_r0027_c0099,12,60.85621807757247,43.36076719866673,17.495450878905743,0.4034857316695194,8,63.044408857258944,8,13.340393603201779,0.8120486408229559,0.8619079452926097
湖南,CEG2000_f4_r0027_c0100,1,46.5473670836967,,,,4,44.50084922822303,4,,0.751386207749496,1.0
湖南,CEG2000_f4_r0027_c0100,2,40.20611638200419,46.5473670836967,-6.341250701692509,-0.13623221030504953,3,39.864959320964054,2,-6.670196801600889,0.751386207749496,1.0
湖南,CEG2000_f4_r0027_c0100,3,51.25678571390742,40.20611638200419,11.05066933190323,0.27485045376950124,5,49.13673913548202,7,10.005295202401335,0.751386207749496,1.0
湖南,CEG2000_f4_r0027_c0100,4,41.24882591469688,51.25678571390742,-10.00795979921054,-0.19525141227291387,3,39.864959320964054,1,-10.005295202401333,0.751386207749496,1.0
湖南,CEG2000_f4_r0027_c0100,5,41.79019850630207,41.24882591469688,0.5413725916051888,0.013124557598918198,3,39.864959320964054,4,0.0,0.751386207749496,1.0
湖南,CEG2000_f4_r0027_c0100,6,28.472691347727615,41.79019850630207,-13.317507158574454,-0.3186753744796436,1,30.593179506446095,0,-13.340393603201779,0.751386207749496,1.0
湖南,CEG2000_f4_r0027_c0100,7,28.714182577995484,28.472691347727615,0.24149123026786867,0.008481503463041681,1,30.593179506446095,4,0.0,0.751386207749496,1.0
湖南,CEG2000_f4_r0027_c0100,8,27.72386035977317,28.714182577995484,-0.9903222182223139,-0.034488957348248764,0,25.957289599187117,4,0.0,0.751386207749496,1.0
湖南,CEG2000_f4_r0027_c0100,9,33.277634171309714,27.72386035977317,5.553773811536544,0.20032469286257737,2,35.229069413705076,6,6.670196801600891,0.751386207749496,1.0
湖南,CEG2000_f4_r0027_c0100,10,30.974418521972236,33.277634171309714,-2.303215649337478,-0.06921212119469698,1,30.593179506446095,3,-3.335098400800444,0.751386207749496,1.0
湖南,CEG2000_f4_r0027_c0100,11,34.43242813267923,30.974418521972236,3.4580096107069913,0.11164082412891764,2,35.229069413705076,5,3.3350984008004456,0.751386207749496,1.0
湖南,CEG2000_f4_r0027_c0100,12,51.35452543076245,34.43242813267923,16.922097298083223,0.4914581461660774,5,49.13673913548202,8,13.340393603201779,0.751386207749496,1.0
湖南,CEG2000_f4_r0028_c0090,1,51.968627353553835,,,,6,53.77262904274099,4,,2.1760653885115016,0.9526242416053472
湖南,CEG2000_f4_r0028_c0090,2,42.31947426995042,51.968627353553835,-9.649153083603416,-0.1856726562731422,4,44.50084922822303,1,-10.005295202401333,2.1760653885115016,0.9526242416053472
湖南,CEG2000_f4_r0028_c0090,3,50.142225593140374,42.31947426995042,7.822751323189955,0.18484991739948475,5,49.13673913548202,6,6.670196801600891,2.1760653885115016,0.9526242416053472
湖南,CEG2000_f4_r0028_c0090,4,36.45525763484928,50.142225593140374,-13.686967958291092,-0.272962912921909,2,35.229069413705076,0,-13.340393603201779,2.1760653885115016,0.9526242416053472
湖南,CEG2000_f4_r0028_c0090,5,35.07519974811704,36.45525763484928,-1.3800578867322386,-0.037856209947971314,2,35.229069413705076,4,0.0,2.1760653885115016,0.9526242416053472
湖南,CEG2000_f4_r0028_c0090,6,27.915459669678,35.07519974811704,-7.159740078439043,-0.20412542565273353,0,25.957289599187117,2,-6.670196801600889,2.1760653885115016,0.9526242416053472
湖南,CEG2000_f4_r0028_c0090,7,25.404075964204363,27.915459669678,-2.511383705473637,-0.08996390298389113,0,25.957289599187117,3,-3.335098400800444,2.1760653885115016,0.9526242416053472
湖南,CEG2000_f4_r0028_c0090,8,25.087249891132057,25.404075964204363,-0.31682607307230626,-0.012471466134754531,0,25.957289599187117,4,0.0,2.1760653885115016,0.9526242416053472
湖南,CEG2000_f4_r0028_c0090,9,28.08248519953887,25.087249891132057,2.995235308406812,0.11939273222074374,0,25.957289599187117,5,3.3350984008004456,2.1760653885115016,0.9526242416053472
湖南,CEG2000_f4_r0028_c0090,10,27.005821874326006,28.08248519953887,-1.0766633252128628,-0.03833931781901348,0,25.957289599187117,4,0.0,2.1760653885115016,0.9526242416053472
湖南,CEG2000_f4_r0028_c0090,11,34.387234435039886,27.005821874326006,7.38141256071388,0.27332671433085576,2,35.229069413705076,6,6.670196801600891,2.1760653885115016,0.9526242416053472
湖南,CEG2000_f4_r0028_c0090,12,45.57556150304888,34.387234435039886,11.188327068008995,0.3253628054662145,4,44.50084922822303,7,10.005295202401335,2.1760653885115016,0.9526242416053472
湖南,CEG2000_f4_r0028_c0091,1,53.35247443323989,,,,6,53.77262904274099,4,,2.0585945888481474,0.9522867681480012
湖南,CEG2000_f4_r0028_c0091,2,43.06776093610598,53.35247443323989,-10.284713497133914,-0.19276919405121887,4,44.50084922822303,1,-10.005295202401333,2.0585945888481474,0.9522867681480012
湖南,CEG2000_f4_r0028_c0091,3,51.3382359208434,43.06776093610598,8.270474984737426,0.19203401349346327,5,49.13673913548202,6,6.670196801600891,2.0585945888481474,0.9522867681480012
湖南,CEG2000_f4_r0028_c0091,4,38.00072216820568,51.3382359208434,-13.337513752637726,-0.2597968845910943,3,39.864959320964054,0,-13.340393603201779,2.0585945888481474,0.9522867681480012
湖南,CEG2000_f4_r0028_c0091,5,37.852618656109016,38.00072216820568,-0.14810351209666095,-0.0038973867770485614,3,39.864959320964054,4,0.0,2.0585945888481474,0.9522867681480012
湖南,CEG2000_f4_r0028_c0091,6,28.229625148943835,37.852618656109016,-9.62299350716518,-0.2542226627592152,0,25.957289599187117,1,-10.005295202401333,2.0585945888481474,0.9522867681480012
湖南,CEG2000_f4_r0028_c0091,7,25.649113646236,28.229625148943835,-2.580511502707836,-0.09141146894769807,0,25.957289599187117,3,-3.335098400800444,2.0585945888481474,0.9522867681480012
湖南,CEG2000_f4_r0028_c0091,8,26.370811938690085,25.649113646236,0.7216982924540858,0.028137357976890355,0,25.957289599187117,4,0.0,2.0585945888481474,0.9522867681480012
湖南,CEG2000_f4_r0028_c0091,9,29.859368379081996,26.370811938690085,3.4885564403919105,0.13228854873723683,1,30.593179506446095,5,3.3350984008004456,2.0585945888481474,0.9522867681480012
湖南,CEG2000_f4_r0028_c0091,10,29.96291084464744,29.859368379081996,0.10354246556544311,0.0034676709919282773,1,30.593179506446095,4,0.0,2.0585945888481474,0.9522867681480012
湖南,CEG2000_f4_r0028_c0091,11,36.14219590615143,29.96291084464744,6.17928506150399,0.20623113333489274,2,35.229069413705076,6,6.670196801600891,2.0585945888481474,0.9522867681480012
湖南,CEG2000_f4_r0028_c0091,12,48.21501940931319,36.14219590615143,12.072823503161764,0.33403680104304234,5,49.13673913548202,8,13.340393603201779,2.0585945888481474,0.9522867681480012
湖南,CEG2000_f4_r0028_c0092,1,50.274528002760064,,,,5,49.13673913548202,4,,1.8982659805719395,0.8573924852111191
湖南,CEG2000_f4_r0028_c0092,2,41.750183380063675,50.274528002760064,-8.52434462269639,-0.16955593540785513,3,39.864959320964054,1,-10.005295202401333,1.8982659805719395,0.8573924852111191
湖南,CEG2000_f4_r0028_c0092,3,50.26964529115385,41.750183380063675,8.519461911090175,0.20405807163851508,5,49.13673913548202,7,10.005295202401335,1.8982659805719395,0.8573924852111191
湖南,CEG2000_f4_r0028_c0092,4,37.522168050258294,50.26964529115385,-12.747477240895556,-0.25358200096826183,2,35.229069413705076,0,-13.340393603201779,1.8982659805719395,0.8573924852111191
湖南,CEG2000_f4_r0028_c0092,5,37.81101019118665,37.522168050258294,0.28884214092835236,0.007697906489344345,3,39.864959320964054,4,0.0,1.8982659805719395,0.8573924852111191
湖南,CEG2000_f4_r0028_c0092,6,28.181515188149923,37.81101019118665,-9.629495003036723,-0.25467436480396544,0,25.957289599187117,1,-10.005295202401333,1.8982659805719395,0.8573924852111191
湖南,CEG2000_f4_r0028_c0092,7,24.41404728704061,28.181515188149923,-3.7674679011093133,-0.1336857821858173,0,25.957289599187117,3,-3.335098400800444,1.8982659805719395,0.8573924852111191
湖南,CEG2000_f4_r0028_c0092,8,26.237500350921845,24.41404728704061,1.8234530638812352,0.07468868403679856,0,25.957289599187117,5,3.3350984008004456,1.8982659805719395,0.8573924852111191
湖南,CEG2000_f4_r0028_c0092,9,29.91109535632317,26.237500350921845,3.6735950054013244,0.14001314745184001,1,30.593179506446095,5,3.3350984008004456,1.8982659805719395,0.8573924852111191
湖南,CEG2000_f4_r0028_c0092,10,28.404981285856465,29.91109535632317,-1.5061140704667046,-0.05035302293429097,1,30.593179506446095,4,0.0,1.8982659805719395,0.8573924852111191
湖南,CEG2000_f4_r0028_c0092,11,34.697538681273144,28.404981285856465,6.292557395416679,0.22153006657849472,2,35.229069413705076,6,6.670196801600891,1.8982659805719395,0.8573924852111191
湖南,CEG2000_f4_r0028_c0092,12,46.81471806757152,34.697538681273144,12.117179386298375,0.3492230240768699,4,44.50084922822303,8,13.340393603201779,1.8982659805719395,0.8573924852111191
湖南,CEG2000_f4_r0028_c0093,1,55.04405925413888,,,,6,53.77262904274099,4,,1.7544762596190622,0.837804976215155
湖南,CEG2000_f4_r0028_c0093,2,45.32620516139719,55.04405925413888,-9.717854092741689,-0.17654682856644485,4,44.50084922822303,1,-10.005295202401333,1.7544762596190622,0.837804976215155
湖南,CEG2000_f4_r0028_c0093,3,54.685291885203064,45.32620516139719,9.359086723805873,0.2064829096210484,6,53.77262904274099,7,10.005295202401335,1.7544762596190622,0.837804976215155
湖南,CEG2000_f4_r0028_c0093,4,41.83753780153178,54.685291885203064,-12.847754083671283,-0.23493984654304595,3,39.864959320964054,0,-13.340393603201779,1.7544762596190622,0.837804976215155
湖南,CEG2000_f4_r0028_c0093,5,41.94132931933763,41.83753780153178,0.1037915178058526,0.002480822803153883,3,39.864959320964054,4,0.0,1.7544762596190622,0.837804976215155
湖南,CEG2000_f4_r0028_c0093,6,30.90621023723605,41.94132931933763,-11.035119082101584,-0.26310847226803774,1,30.593179506446095,1,-10.005295202401333,1.7544762596190622,0.837804976215155
湖南,CEG2000_f4_r0028_c0093,7,27.087189815003033,30.90621023723605,-3.8190204222330166,-0.12356805939383116,0,25.957289599187117,3,-3.335098400800444,1.7544762596190622,0.837804976215155
湖南,CEG2000_f4_r0028_c0093,8,30.32710549656061,27.087189815003033,3.2399156815575765,0.1196106241985669,1,30.593179506446095,5,3.3350984008004456,1.7544762596190622,0.837804976215155
湖南,CEG2000_f4_r0028_c0093,9,34.5404504499703,30.32710549656061,4.213344953409692,0.1389300061586005,2,35.229069413705076,5,3.3350984008004456,1.7544762596190622,0.837804976215155
湖南,CEG2000_f4_r0028_c0093,10,31.838901639083815,34.5404504499703,-2.701548810886486,-0.07821405846456785,1,30.593179506446095,3,-3.335098400800444,1.7544762596190622,0.837804976215155
湖南,CEG2000_f4_r0028_c0093,11,41.97044279243723,31.838901639083815,10.131541153353417,0.31821264653540854,3,39.864959320964054,7,10.005295202401335,1.7544762596190622,0.837804976215155
湖南,CEG2000_f4_r0028_c0093,12,56.69925774028138,41.97044279243723,14.72881494784415,0.3509330368679878,7,58.40851894999997,8,13.340393603201779,1.7544762596190622,0.837804976215155
湖南,CEG2000_f4_r0028_c0094,1,57.09887668621817,,,,7,58.40851894999997,4,,1.59616113850301,0.873950024052073
湖南,CEG2000_f4_r0028_c0094,2,49.152066491030325,57.09887668621817,-7.946810195187844,-0.13917629656462135,5,49.13673913548202,2,-6.670196801600889,1.59616113850301,0.873950024052073
湖南,CEG2000_f4_r0028_c0094,3,59.28177146873249,49.152066491030325,10.129704977702161,0.20608909657034896,7,58.40851894999997,7,10.005295202401335,1.59616113850301,0.873950024052073
湖南,CEG2000_f4_r0028_c0094,4,46.45760830100458,59.28177146873249,-12.824163167727903,-0.21632557276888842,4,44.50084922822303,0,-13.340393603201779,1.59616113850301,0.873950024052073
湖南,CEG2000_f4_r0028_c0094,5,48.2216223563367,46.45760830100458,1.7640140553321189,0.03797040183177003,5,49.13673913548202,5,3.3350984008004456,1.59616113850301,0.873950024052073
湖南,CEG2000_f4_r0028_c0094,6,34.85818152853972,48.2216223563367,-13.363440827796985,-0.27712549215053367,2,35.229069413705076,0,-13.340393603201779,1.59616113850301,0.873950024052073
湖南,CEG2000_f4_r0028_c0094,7,32.6563001049261,34.85818152853972,-2.2018814236136137,-0.06316684712341777,1,30.593179506446095,3,-3.335098400800444,1.59616113850301,0.873950024052073
湖南,CEG2000_f4_r0028_c0094,8,36.16549601033258,32.6563001049261,3.5091959054064787,0.10745846572120175,2,35.229069413705076,5,3.3350984008004456,1.59616113850301,0.873950024052073
湖南,CEG2000_f4_r0028_c0094,9,39.36260514990497,36.16549601033258,3.1971091395723903,0.0884021924836581,3,39.864959320964054,5,3.3350984008004456,1.59616113850301,0.873950024052073
湖南,CEG2000_f4_r0028_c0094,10,37.13007882234934,39.36260514990497,-2.2325263275556324,-0.056716935249927734,2,35.229069413705076,3,-3.335098400800444,1.59616113850301,0.873950024052073
湖南,CEG2000_f4_r0028_c0094,11,50.70800012262604,37.13007882234934,13.5779213002767,0.3656852269353082,5,49.13673913548202,8,13.340393603201779,1.59616113850301,0.873950024052073
湖南,CEG2000_f4_r0028_c0094,12,67.12770960405142,50.70800012262604,16.41970948142538,0.3238090526488514,8,63.044408857258944,8,13.340393603201779,1.59616113850301,0.873950024052073
湖南,CEG2000_f4_r0028_c0095,1,63.09644853284327,,,,8,63.044408857258944,4,,1.4399314732832815,0.9112875004865262
湖南,CEG2000_f4_r0028_c0095,2,55.37950056203676,63.09644853284327,-7.716947970806508,-0.12230399888180149,6,53.77262904274099,2,-6.670196801600889,1.4399314732832815,0.9112875004865262
湖南,CEG2000_f4_r0028_c0095,3,66.87626757196897,55.37950056203676,11.496767009932206,0.20759968748821406,8,63.044408857258944,7,10.005295202401335,1.4399314732832815,0.9112875004865262
湖南,CEG2000_f4_r0028_c0095,4,52.459022427086566,66.87626757196897,-14.4172451448824,-0.21558088793408314,6,53.77262904274099,0,-13.340393603201779,1.4399314732832815,0.9112875004865262
湖南,CEG2000_f4_r0028_c0095,5,54.379520780000874,52.459022427086566,1.9204983529143078,0.03660949564173888,6,53.77262904274099,5,3.3350984008004456,1.4399314732832815,0.9112875004865262
湖南,CEG2000_f4_r0028_c0095,6,38.4788168765099,54.379520780000874,-15.900703903490971,-0.2924024278886026,3,39.864959320964054,0,-13.340393603201779,1.4399314732832815,0.9112875004865262
湖南,CEG2000_f4_r0028_c0095,7,36.276027949188446,38.4788168765099,-2.202788927321457,-0.057246794629649586,2,35.229069413705076,3,-3.335098400800444,1.4399314732832815,0.9112875004865262
湖南,CEG2000_f4_r0028_c0095,8,38.8995600568112,36.276027949188446,2.6235321076227507,0.07232137187945471,3,39.864959320964054,5,3.3350984008004456,1.4399314732832815,0.9112875004865262
湖南,CEG2000_f4_r0028_c0095,9,43.17933718797232,38.8995600568112,4.279777131161126,0.11002122196011185,4,44.50084922822303,5,3.3350984008004456,1.4399314732832815,0.9112875004865262
湖南,CEG2000_f4_r0028_c0095,10,43.77512896219278,43.17933718797232,0.5957917742204586,0.01379807595533026,4,44.50084922822303,4,0.0,1.4399314732832815,0.9112875004865262
湖南,CEG2000_f4_r0028_c0095,11,66.52444769494763,43.77512896219278,22.749318732754844,0.519685932905023,8,63.044408857258944,8,13.340393603201779,1.4399314732832815,0.9112875004865262
湖南,CEG2000_f4_r0028_c0095,12,82.42600753521036,66.52444769494763,15.901559840262735,0.23903332370650288,8,63.044408857258944,8,13.340393603201779,1.4399314732832815,0.9112875004865262
湖南,CEG2000_f4_r0028_c0096,1,61.321543237677254,,,,8,63.044408857258944,4,,1.28680811468947,0.9875963334156596
湖南,CEG2000_f4_r0028_c0096,2,54.681116069205245,61.321543237677254,-6.640427168472009,-0.10828865057642564,6,53.77262904274099,2,-6.670196801600889,1.28680811468947,0.9875963334156596
湖南,CEG2000_f4_r0028_c0096,3,66.68987919765826,54.681116069205245,12.008763128453012,0.21961444812601374,8,63.044408857258944,8,13.340393603201779,1.28680811468947,0.9875963334156596
湖南,CEG2000_f4_r0028_c0096,4,52.27605995423751,66.68987919765826,-14.413819243420747,-0.21613203407822146,6,53.77262904274099,0,-13.340393603201779,1.28680811468947,0.9875963334156596
湖南,CEG2000_f4_r0028_c0096,5,55.03329651803042,52.27605995423751,2.757236563792908,0.05274377155062173,6,53.77262904274099,5,3.3350984008004456,1.28680811468947,0.9875963334156596
湖南,CEG2000_f4_r0028_c0096,6,38.47742246704468,55.03329651803042,-16.555874050985736,-0.30083376970815434,3,39.864959320964054,0,-13.340393603201779,1.28680811468947,0.9875963334156596
湖南,CEG2000_f4_r0028_c0096,7,35.341138687758374,38.47742246704468,-3.136283779286309,-0.0815097160412054,2,35.229069413705076,3,-3.335098400800444,1.28680811468947,0.9875963334156596
湖南,CEG2000_f4_r0028_c0096,8,37.6477408284025,35.341138687758374,2.3066021406441237,0.06526677482078684,3,39.864959320964054,5,3.3350984008004456,1.28680811468947,0.9875963334156596
湖南,CEG2000_f4_r0028_c0096,9,42.24621647023116,37.6477408284025,4.598475641828664,0.12214479649093436,4,44.50084922822303,5,3.3350984008004456,1.28680811468947,0.9875963334156596
湖南,CEG2000_f4_r0028_c0096,10,42.45303352785676,42.24621647023116,0.20681705762559943,0.004895516685413315,4,44.50084922822303,4,0.0,1.28680811468947,0.9875963334156596
湖南,CEG2000_f4_r0028_c0096,11,68.87002147632798,42.45303352785676,26.416987948471217,0.6222638467316349,8,63.044408857258944,8,13.340393603201779,1.28680811468947,0.9875963334156596
湖南,CEG2000_f4_r0028_c0096,12,82.01634293134502,68.87002147632798,13.146321455017045,0.19088597873511193,8,63.044408857258944,8,13.340393603201779,1.28680811468947,0.9875963334156596
湖南,CEG2000_f4_r0028_c0097,1,58.55664368354382,,,,7,58.40851894999997,4,,1.1159919133424072,0.981537514052858
湖南,CEG2000_f4_r0028_c0097,2,52.6698472413837,58.55664368354382,-5.886796442160119,-0.10053165741489528,6,53.77262904274099,2,-6.670196801600889,1.1159919133424072,0.981537514052858
湖南,CEG2000_f4_r0028_c0097,3,65.43299459697657,52.6698472413837,12.76314735559287,0.2423236068466252,8,63.044408857258944,8,13.340393603201779,1.1159919133424072,0.981537514052858
湖南,CEG2000_f4_r0028_c0097,4,52.17303734936788,65.43299459697657,-13.259957247608689,-0.20264940232800205,6,53.77262904274099,0,-13.340393603201779,1.1159919133424072,0.981537514052858
湖南,CEG2000_f4_r0028_c0097,5,53.958825293415416,52.17303734936788,1.7857879440475344,0.034228176751322885,6,53.77262904274099,5,3.3350984008004456,1.1159919133424072,0.981537514052858
湖南,CEG2000_f4_r0028_c0097,6,35.60449820399923,53.958825293415416,-18.354327089416188,-0.340154311914866,2,35.229069413705076,0,-13.340393603201779,1.1159919133424072,0.981537514052858
湖南,CEG2000_f4_r0028_c0097,7,35.086185554180105,35.60449820399923,-0.5183126498191228,-0.014557504696440408,2,35.229069413705076,4,0.0,1.1159919133424072,0.981537514052858
湖南,CEG2000_f4_r0028_c0097,8,34.632742865965874,35.086185554180105,-0.4534426882142313,-0.012923681530271361,2,35.229069413705076,4,0.0,1.1159919133424072,0.981537514052858
湖南,CEG2000_f4_r0028_c0097,9,41.398427008463095,34.632742865965874,6.765684142497221,0.1953551345523361,3,39.864959320964054,6,6.670196801600891,1.1159919133424072,0.981537514052858
湖南,CEG2000_f4_r0028_c0097,10,41.13596106233573,41.398427008463095,-0.26246594612736374,-0.006339998040836376,3,39.864959320964054,4,0.0,1.1159919133424072,0.981537514052858
湖南,CEG2000_f4_r0028_c0097,11,63.66197502816335,41.13596106233573,22.526013965827616,0.5475990686516994,8,63.044408857258944,8,13.340393603201779,1.1159919133424072,0.981537514052858
湖南,CEG2000_f4_r0028_c0097,12,77.00155013215551,63.66197502816335,13.339575103992168,0.2095375630129428,8,63.044408857258944,8,13.340393603201779,1.1159919133424072,0.981537514052858
湖南,CEG2000_f4_r0028_c0098,1,57.672794569680214,,,,7,58.40851894999997,4,,1.0310323257071123,0.9410064858405291
湖南,CEG2000_f4_r0028_c0098,2,52.044936149560414,57.672794569680214,-5.6278584201198,-0.09758255104701449,6,53.77262904274099,2,-6.670196801600889,1.0310323257071123,0.9410064858405291
湖南,CEG2000_f4_r0028_c0098,3,65.03561851272131,52.044936149560414,12.9906823631609,0.24960511673661884,8,63.044408857258944,8,13.340393603201779,1.0310323257071123,0.9410064858405291
湖南,CEG2000_f4_r0028_c0098,4,51.74293691377299,65.03561851272131,-13.29268159894832,-0.20439079235247376,6,53.77262904274099,0,-13.340393603201779,1.0310323257071123,0.9410064858405291
湖南,CEG2000_f4_r0028_c0098,5,54.94479614449967,51.74293691377299,3.2018592307266758,0.06188012164949998,6,53.77262904274099,5,3.3350984008004456,1.0310323257071123,0.9410064858405291
湖南,CEG2000_f4_r0028_c0098,6,36.49301116382841,54.94479614449967,-18.451784980671256,-0.33582406843670487,2,35.229069413705076,0,-13.340393603201779,1.0310323257071123,0.9410064858405291
湖南,CEG2000_f4_r0028_c0098,7,35.018085853869735,36.49301116382841,-1.474925309958678,-0.04041665137845935,2,35.229069413705076,4,0.0,1.0310323257071123,0.9410064858405291
湖南,CEG2000_f4_r0028_c0098,8,34.11071685611392,35.018085853869735,-0.9073689977558175,-0.025911439064438387,2,35.229069413705076,4,0.0,1.0310323257071123,0.9410064858405291
湖南,CEG2000_f4_r0028_c0098,9,42.034597060102875,34.11071685611392,7.923880203988958,0.23229884723365765,3,39.864959320964054,6,6.670196801600891,1.0310323257071123,0.9410064858405291
湖南,CEG2000_f4_r0028_c0098,10,40.98301221318587,42.034597060102875,-1.0515848469170024,-0.025017126854181594,3,39.864959320964054,4,0.0,1.0310323257071123,0.9410064858405291
湖南,CEG2000_f4_r0028_c0098,11,61.74214038405942,40.98301221318587,20.759128170873545,0.5065300730675552,8,63.044408857258944,8,13.340393603201779,1.0310323257071123,0.9410064858405291
湖南,CEG2000_f4_r0028_c0098,12,75.21727130457892,61.74214038405942,13.475130920519497,0.21824852259249675,8,63.044408857258944,8,13.340393603201779,1.0310323257071123,0.9410064858405291
湖南,CEG2000_f4_r0028_c0099,1,53.67897040761169,,,,6,53.77262904274099,4,,0.8845907930296417,0.944626569240684
湖南,CEG2000_f4_r0028_c0099,2,48.41254802349927,53.67897040761169,-5.266422384112424,-0.09810960128560223,5,49.13673913548202,2,-6.670196801600889,0.8845907930296417,0.944626569240684
湖南,CEG2000_f4_r0028_c0099,3,61.53642194551635,48.41254802349927,13.123873922017083,0.27108413950132937,8,63.044408857258944,8,13.340393603201779,0.8845907930296417,0.944626569240684
湖南,CEG2000_f4_r0028_c0099,4,50.41382058944092,61.53642194551635,-11.122601356075435,-0.1807482626455477,5,49.13673913548202,1,-10.005295202401333,0.8845907930296417,0.944626569240684
湖南,CEG2000_f4_r0028_c0099,5,52.1577258624315,50.41382058944092,1.743905272990581,0.03459180940069118,6,53.77262904274099,5,3.3350984008004456,0.8845907930296417,0.944626569240684
湖南,CEG2000_f4_r0028_c0099,6,34.13693311612637,52.1577258624315,-18.020792746305126,-0.34550572227469867,2,35.229069413705076,0,-13.340393603201779,0.8845907930296417,0.944626569240684
湖南,CEG2000_f4_r0028_c0099,7,33.54818663163128,34.13693311612637,-0.5887464844950898,-0.017246613293944807,2,35.229069413705076,4,0.0,0.8845907930296417,0.944626569240684
湖南,CEG2000_f4_r0028_c0099,8,32.80357227610358,33.54818663163128,-0.7446143555277018,-0.022195368223736835,1,30.593179506446095,4,0.0,0.8845907930296417,0.944626569240684
湖南,CEG2000_f4_r0028_c0099,9,39.887879220685505,32.80357227610358,7.084306944581925,0.2159614472763575,3,39.864959320964054,6,6.670196801600891,0.8845907930296417,0.944626569240684
湖南,CEG2000_f4_r0028_c0099,10,38.15431310541297,39.887879220685505,-1.733566115272538,-0.043460974841037066,3,39.864959320964054,3,-3.335098400800444,0.8845907930296417,0.944626569240684
湖南,CEG2000_f4_r0028_c0099,11,51.983342555806225,38.15431310541297,13.829029450393257,0.3624499650193238,6,53.77262904274099,8,13.340393603201779,0.8845907930296417,0.944626569240684
湖南,CEG2000_f4_r0028_c0099,12,69.1803691623218,51.983342555806225,17.19702660651557,0.3308180228705737,8,63.044408857258944,8,13.340393603201779,0.8845907930296417,0.944626569240684
湖南,CEG2000_f4_r0029_c0092,1,48.14945523992012,,,,5,49.13673913548202,4,,1.8449539498093823,0.9667019192483428
湖南,CEG2000_f4_r0029_c0092,2,42.10405885606973,48.14945523992012,-6.045396383850395,-0.12555482411435948,3,39.864959320964054,2,-6.670196801600889,1.8449539498093823,0.9667019192483428
湖南,CEG2000_f4_r0029_c0092,3,46.489341845273294,42.10405885606973,4.385282989203567,0.10415345000809546,4,44.50084922822303,5,3.3350984008004456,1.8449539498093823,0.9667019192483428
湖南,CEG2000_f4_r0029_c0092,4,35.398623775294745,46.489341845273294,-11.09071806997855,-0.23856474688092782,2,35.229069413705076,1,-10.005295202401333,1.8449539498093823,0.9667019192483428
湖南,CEG2000_f4_r0029_c0092,5,34.92396619399416,35.398623775294745,-0.47465758130058333,-0.013408927542314633,2,35.229069413705076,4,0.0,1.8449539498093823,0.9667019192483428
湖南,CEG2000_f4_r0029_c0092,6,26.393010523127277,34.92396619399416,-8.530955670866884,-0.24427224627006838,0,25.957289599187117,1,-10.005295202401333,1.8449539498093823,0.9667019192483428
湖南,CEG2000_f4_r0029_c0092,7,23.17255396815104,26.393010523127277,-3.220456554976238,-0.12201929568263022,0,25.957289599187117,3,-3.335098400800444,1.8449539498093823,0.9667019192483428
湖南,CEG2000_f4_r0029_c0092,8,23.452894076042632,23.17255396815104,0.28034010789159325,0.012097937425322215,0,25.957289599187117,4,0.0,1.8449539498093823,0.9667019192483428
湖南,CEG2000_f4_r0029_c0092,9,26.445281941429155,23.452894076042632,2.9923878653865223,0.12759141177562716,0,25.957289599187117,5,3.3350984008004456,1.8449539498093823,0.9667019192483428
湖南,CEG2000_f4_r0029_c0092,10,24.29167017730083,26.445281941429155,-2.153611764128325,-0.08143652122515202,0,25.957289599187117,3,-3.335098400800444,1.8449539498093823,0.9667019192483428
湖南,CEG2000_f4_r0029_c0092,11,31.312073122473752,24.29167017730083,7.020402945172922,0.28900453916639646,1,30.593179506446095,6,6.670196801600891,1.8449539498093823,0.9667019192483428
湖南,CEG2000_f4_r0029_c0092,12,41.0399874148228,31.312073122473752,9.727914292349045,0.3106761489186414,3,39.864959320964054,7,10.005295202401335,1.8449539498093823,0.9667019192483428
湖南,CEG2000_f4_r0029_c0093,1,51.64406686619509,,,,6,53.77262904274099,4,,1.7329493354262857,0.9570977947080412
湖南,CEG2000_f4_r0029_c0093,2,43.41986996308611,51.64406686619509,-8.224196903108982,-0.1592476619708727,4,44.50084922822303,2,-6.670196801600889,1.7329493354262857,0.9570977947080412
湖南,CEG2000_f4_r0029_c0093,3,52.00776770716995,43.41986996308611,8.58789774408384,0.19778727461378715,6,53.77262904274099,7,10.005295202401335,1.7329493354262857,0.9570977947080412
湖南,CEG2000_f4_r0029_c0093,4,38.76828698656086,52.00776770716995,-13.239480720609087,-0.25456737145793423,3,39.864959320964054,0,-13.340393603201779,1.7329493354262857,0.9570977947080412
湖南,CEG2000_f4_r0029_c0093,5,37.875688410178945,38.76828698656086,-0.8925985763819142,-0.023023936463618732,3,39.864959320964054,4,0.0,1.7329493354262857,0.9570977947080412
湖南,CEG2000_f4_r0029_c0093,6,28.07578452059041,37.875688410178945,-9.799903889588535,-0.2587386342251894,0,25.957289599187117,1,-10.005295202401333,1.7329493354262857,0.9570977947080412
湖南,CEG2000_f4_r0029_c0093,7,24.717830362862692,28.07578452059041,-3.3579541577277183,-0.11960321733004607,0,25.957289599187117,3,-3.335098400800444,1.7329493354262857,0.9570977947080412
湖南,CEG2000_f4_r0029_c0093,8,28.092439395337127,24.717830362862692,3.374609032474435,0.1365252929943486,0,25.957289599187117,5,3.3350984008004456,1.7329493354262857,0.9570977947080412
湖南,CEG2000_f4_r0029_c0093,9,30.31796755243637,28.092439395337127,2.2255281570992445,0.07922160570607638,1,30.593179506446095,5,3.3350984008004456,1.7329493354262857,0.9570977947080412
湖南,CEG2000_f4_r0029_c0093,10,28.376210963637508,30.31796755243637,-1.9417565887988637,-0.06404639708913544,1,30.593179506446095,3,-3.335098400800444,1.7329493354262857,0.9570977947080412
湖南,CEG2000_f4_r0029_c0093,11,35.64225451689185,28.376210963637508,7.266043553254345,0.25606109154479306,2,35.229069413705076,6,6.670196801600891,1.7329493354262857,0.9570977947080412
湖南,CEG2000_f4_r0029_c0093,12,48.69395273152443,35.64225451689185,13.05169821463258,0.36618610106291166,5,49.13673913548202,8,13.340393603201779,1.7329493354262857,0.9570977947080412
湖南,CEG2000_f4_r0029_c0094,1,57.02337263826539,,,,7,58.40851894999997,4,,1.6041163673425198,0.9786026452828044
湖南,CEG2000_f4_r0029_c0094,2,48.639656359645485,57.02337263826539,-8.383716278619907,-0.14702245571834233,5,49.13673913548202,1,-10.005295202401333,1.6041163673425198,0.9786026452828044
湖南,CEG2000_f4_r0029_c0094,3,57.91591463478246,48.639656359645485,9.276258275136975,0.19071389416379886,7,58.40851894999997,7,10.005295202401335,1.6041163673425198,0.9786026452828044
湖南,CEG2000_f4_r0029_c0094,4,45.33311384941782,57.91591463478246,-12.58280078536464,-0.2172598130360495,4,44.50084922822303,0,-13.340393603201779,1.6041163673425198,0.9786026452828044
湖南,CEG2000_f4_r0029_c0094,5,46.51417102109712,45.33311384941782,1.1810571716792992,0.026052857864615156,4,44.50084922822303,4,0.0,1.6041163673425198,0.9786026452828044
湖南,CEG2000_f4_r0029_c0094,6,33.78906238095892,46.51417102109712,-12.725108640138203,-0.2735748775220902,2,35.229069413705076,0,-13.340393603201779,1.6041163673425198,0.9786026452828044
湖南,CEG2000_f4_r0029_c0094,7,31.279828066293156,33.78906238095892,-2.509234314665761,-0.07426173258006073,1,30.593179506446095,3,-3.335098400800444,1.6041163673425198,0.9786026452828044
湖南,CEG2000_f4_r0029_c0094,8,34.934517054861836,31.279828066293156,3.6546889885686795,0.11683852548112109,2,35.229069413705076,5,3.3350984008004456,1.6041163673425198,0.9786026452828044
湖南,CEG2000_f4_r0029_c0094,9,37.8142215600918,34.934517054861836,2.8797045052299666,0.08243149606756044,3,39.864959320964054,5,3.3350984008004456,1.6041163673425198,0.9786026452828044
湖南,CEG2000_f4_r0029_c0094,10,35.65257860785249,37.8142215600918,-2.161642952239312,-0.05716481426978935,2,35.229069413705076,3,-3.335098400800444,1.6041163673425198,0.9786026452828044
湖南,CEG2000_f4_r0029_c0094,11,47.82969762213502,35.65257860785249,12.177119014282532,0.3415494612106547,5,49.13673913548202,8,13.340393603201779,1.6041163673425198,0.9786026452828044
湖南,CEG2000_f4_r0029_c0094,12,65.35844421993407,47.82969762213502,17.52874659779905,0.36648248827077995,8,63.044408857258944,8,13.340393603201779,1.6041163673425198,0.9786026452828044
