{
  "type": "FeatureCollection",
  "features": [
    {
      "type": "Feature",
      "properties": {
        "cell_id": "CEG2000_f4_r0016_c0094",
        "method": "GeoAnnulus-Final",
        "view": "annulus"
      },
      "geometry": {
        "type": "Polygon",
        "coordinates": [
          [
            [
              0.020803863020354797,
              -0.9634202431355202
            ],
            [
              0.06390081703774221,
              -0.9425406263384083
            ],
            [
              0.06713486187041463,
              -0.9481816934307892
            ],
            [
              0.07062643855177049,
              -0.9974951052444877
            ],
            [
              0.06540312923014327,
              -0.9978589232386035
            ],
            [
              0.057237317287568784,
              -0.9983606009402225
            ],
            [
              0.049067674327418126,
              -0.9987954562051724
            ],
            [
              0.04089474716158352,
              -0.9991634599276488
            ],
            [
              0.03271908282177639,
              -0.9994645874763657
            ],
            [
              0.024541228522912486,
              -0.9996988186962042
            ],
            [
              0.020313737525425243,
              -0.9997852959547854
            ],
            [
              0.020803863020354797,
              -0.9634202431355202
            ]
          ]
        ]
      }
    },
    {
      "type": "Feature",
      "properties": {
        "cell_id": "CEG2000_f4_r0016_c0095",
        "method": "GeoAnnulus-Final",
        "view": "annulus"
      },
      "geometry": {
        "type": "Polygon",
        "coordinates": [
          [
            [
              0.06713486187041466,
              -0.9481816934307894
            ],
            [
              0.17063783734618115,
              -0.9629367410254857
            ],
            [
              0.17455762698303864,
              -0.9846385601404852
            ],
            [
              0.17096188876030136,
              -0.9852776423889412
            ],
            [
              0.16289547339458882,
              -0.986643332084879
            ],
            [
              0.15481815508214108,
              -0.9879429836063224
            ],
            [
              0.14673047445536197,
              -0.9891765099647809
            ],
            [
              0.13863297284022685,
              -0.9903438285976648
            ],
            [
              0.1305261922200517,
              -0.9914448613738104
            ],
            [
              0.12241067519921628,
              -0.99247953459871
            ],
            [
              0.11428696496684666,
              -0.9934477790194444
            ],
            [
              0.1061556052604577,
              -0.994349529829318
            ],
            [
              0.09801714032956077,
              -0.9951847266721968
            ],
            [
              0.08987211489923509,
              -0.9959533136465477
            ],
            [
              0.0817210741336683,
              -0.9966552393091803
            ],
            [
              0.07356456359966768,
              -0.9972904566786902
            ],
            [
              0.0706264385517705,
              -0.9974951052444877
            ],
            [
              0.06713486187041466,
              -0.9481816934307894
            ]
          ]
        ]
      }
    },
    {
      "type": "Feature",
      "properties": {
        "cell_id": "CEG2000_f4_r0016_c0096",
        "method": "GeoAnnulus-Final",
        "view": "annulus"
      },
      "geometry": {
        "type": "Polygon",
        "coordinates": [
          [
            [
              0.17063783734618113,
              -0.9629367410254857
            ],
            [
              0.17732353362527822,
              -0.9337305066139159
            ],
            [
              0.30229554190588753,
              -0.9532055214907409
            ],
            [
              0.29810382504274,
              -0.9545334512183884
            ],
            [
              0.2902846772544625,
              -0.9569403357322088
            ],
            [
              0.2824461000842126,
              -0.9592831701573936
            ],
            [
              0.2745886181849324,
              -0.9615617976829619
            ],
            [
              0.26671275747489864,
              -0.9637760657954398
            ],
            [
              0.25881904510252096,
              -0.9659258262890682
            ],
            [
              0.2509080094110602,
              -0.9680109352757227
            ],
            [
              0.24298017990326398,
              -0.970031253194544
            ],
            [
              0.23503608720592675,
              -0.9719866448212794
            ],
            [
              0.22707626303437345,
              -0.9738769792773336
            ],
            [
              0.21910124015687,
              -0.9757021300385285
            ],
            [
              0.2111115523589653,
              -0.9774619749435718
            ],
            [
              0.20310773440776297,
              -0.9791563962022337
            ],
            [
              0.19509032201612833,
              -0.9807852804032304
            ],
            [
              0.1870598518068322,
              -0.9823485185218156
            ],
            [
              0.17901686127663285,
              -0.9838460059270774
            ],
            [
              0.17455762698303862,
              -0.9846385601404852
            ],
            [
              0.17063783734618113,
              -0.9629367410254857
            ]
          ]
        ]
      }
    },
    {
      "type": "Feature",
      "properties": {
        "cell_id": "CEG2000_f4_r0016_c0098",
        "method": "GeoAnnulus-Final",
        "view": "annulus"
      },
      "geometry": {
        "type": "Polygon",
        "coordinates": [
          [
            [
              0.4440176008087388,
              -0.7954156582526486
            ],
            [
              0.46433283092504,
              -0.7860573237389672
            ],
            [
              0.5468953111100967,
              -0.8371931173045766
            ],
            [
              0.5418915805747517,
              -0.840448401094438
            ],
            [
              0.5349976198870973,
              -0.844853565249707
            ],
            [
              0.5280678506503681,
              -0.8492021815265789
            ],
            [
              0.5211027366890234,
              -0.8534939588627504
            ],
            [
              0.5141027441932219,
              -0.857728610000272
            ],
            [
              0.5070683416876172,
              -0.8619058515047742
            ],
            [
              0.5000000000000001,
              -0.8660254037844386
            ],
            [
              0.4928981922297841,
              -0.8700869911087113
            ],
            [
              0.48741738706558235,
              -0.873162282464463
            ],
            [
              0.4440176008087388,
              -0.7954156582526486
            ]
          ]
        ]
      }
    },
    {
      "type": "Feature",
      "properties": {
        "cell_id": "CEG2000_f4_r0017_c0094",
        "method": "GeoAnnulus-Final",
        "view": "annulus"
      },
      "geometry": {
        "type": "Polygon",
        "coordinates": [
          [
            [
              0.02080386302035493,
              -0.9634202431355203
            ],
            [
              0.020313737525425386,
              -0.9997852959547854
            ],
            [
              0.016361731626486936,
              -0.9998661379095618
            ],
            [
              0.008181139603937236,
              -0.9999665339174011
            ],
            [
              6.123233995736766e-17,
              -1.0
            ],
            [
              -0.008181139603936892,
              -0.9999665339174011
            ],
            [
              -0.01636173162648659,
              -0.9998661379095618
            ],
            [
              -0.024541228522912142,
              -0.9996988186962042
            ],
            [
              -0.03271908282177604,
              -0.9994645874763657
            ],
            [
              -0.04089474716158317,
              -0.9991634599276488
            ],
            [
              -0.049067674327417786,
              -0.9987954562051724
            ],
            [
              -0.057237317287568444,
              -0.9983606009402225
            ],
            [
              -0.06540312923014292,
              -0.9978589232386035
            ],
            [
              -0.07356456359966733,
              -0.9972904566786902
            ],
            [
              -0.08172107413366796,
              -0.9966552393091803
            ],
            [
              -0.08987211489923475,
              -0.9959533136465477
            ],
            [
              -0.09801714032956042,
              -0.9951847266721969
            ],
            [
              -0.10615560526045735,
              -0.9943495298293181
            ],
            [
              -0.11428696496684632,
              -0.9934477790194444
            ],
            [
              -0.12241067519921595,
              -0.9924795345987101
            ],
            [
              -0.13052619222005138,
              -0.9914448613738105
            ],
            [
              -0.13729399526074287,
              -0.9905256835497857
            ],
            [
              0.02080386302035493,
              -0.9634202431355203
            ]
          ]
        ]
      }
    },
    {
      "type": "Feature",
      "properties": {
        "cell_id": "CEG2000_f4_r0017_c0095",
        "method": "GeoAnnulus-Final",
        "view": "annulus"
      },
      "geometry": {
        "type": "Polygon",
        "coordinates": [
          [
            [
              0.17602216458024944,
              -0.8962304692226577
            ],
            [
              0.17732353362527822,
              -0.933730506613916
            ],
            [
              0.17063783734618115,
              -0.9629367410254857
            ],
            [
              0.0671348618704144,
              -0.9481816934307896
            ],
            [
              0.06390081703774221,
              -0.9425406263384091
            ],
            [
              0.0608329953892997,
              -0.9182395067764776
            ],
            [
              0.06185691219181397,
              -0.9073498749156955
            ],
            [
              0.17602216458024944,
              -0.8962304692226577
            ]
          ]
        ]
      }
    },
    {
      "type": "Feature",
      "properties": {
        "cell_id": "CEG2000_f4_r0017_c0096",
        "method": "GeoAnnulus-Final",
        "view": "annulus"
      },
      "geometry": {
        "type": "Polygon",
        "coordinates": [
          [
            [
              0.17732353362527825,
              -0.9337305066139159
            ],
            [
              0.17602216458024947,
              -0.8962304692226577
            ],
            [
              0.189668390219626,
              -0.8660387245402166
            ],
            [
              0.3287776350194282,
              -0.8881167136045458
            ],
            [
              0.3399285555329484,
              -0.9404427580080894
            ],
            [
              0.3368898533922203,
              -0.9415440651830207
            ],
            [
              0.32917567556803906,
              -0.9442686983133165
            ],
            [
              0.3214394653031617,
              -0.9469301294951056
            ],
            [
              0.3136817403988916,
              -0.9495281805930367
            ],
            [
              0.3059030200965535,
              -0.9520626777139243
            ],
            [
              0.30229554190588837,
              -0.9532055214907407
            ],
            [
              0.17732353362527825,
              -0.9337305066139159
            ]
          ]
        ]
      }
    },
    {
      "type": "Feature",
      "properties": {
        "cell_id": "CEG2000_f4_r0017_c0097",
        "method": "GeoAnnulus-Final",
        "view": "annulus"
      },
      "geometry": {
        "type": "Polygon",
        "coordinates": [
          [
            [
              0.3287776350194282,
              -0.8881167136045458
            ],
            [
              0.3568308493363641,
              -0.8105904889751426
            ],
            [
              0.4198928290150542,
              -0.8062097281881937
            ],
            [
              0.46192413544875954,
              -0.8869113877397493
            ],
            [
              0.45690387563042073,
              -0.889516075421856
            ],
            [
              0.4496113296546066,
              -0.8932243011955153
            ],
            [
              0.44228869021900147,
              -0.8968727415326883
            ],
            [
              0.43493644744371723,
              -0.9004611522353636
            ],
            [
              0.4275550934302822,
              -0.9039892931234433
            ],
            [
              0.4201451222287025,
              -0.9074569280508187
            ],
            [
              0.41270702980439494,
              -0.9108638249211757
            ],
            [
              0.40524131400499,
              -0.9142097557035306
            ],
            [
              0.3977484745270112,
              -0.9174944964474913
            ],
            [
              0.3902290128824281,
              -0.9207178272982476
            ],
            [
              0.38268343236508984,
              -0.9238795325112867
            ],
            [
              0.3751122380170382,
              -0.9269794004668328
            ],
            [
              0.3675159365947037,
              -0.9300172236840121
            ],
            [
              0.3598950365349883,
              -0.9329927988347388
            ],
            [
              0.3522500479212336,
              -0.9359059267573256
            ],
            [
              0.3445814824490805,
              -0.9387564124698132
            ],
            [
              0.3399285555329484,
              -0.9404427580080894
            ],
            [
              0.3287776350194282,
              -0.8881167136045458
            ]
          ]
        ]
      }
    },
    {
      "type": "Feature",
      "properties": {
        "cell_id": "CEG2000_f4_r0017_c0098",
        "method": "GeoAnnulus-Final",
        "view": "annulus"
      },
      "geometry": {
        "type": "Polygon",
        "coordinates": [
          [
            [
              0.419892829015054,
              -0.8062097281881937
            ],
            [
              0.4440176008087384,
              -0.7954156582526486
            ],
            [
              0.4874173870655821,
              -0.8731622824644631
            ],
            [
              0.4857633937163401,
              -0.8740903416267588
            ],
            [
              0.478596082007181,
              -0.8780351873856627
            ],
            [
              0.4713967368259978,
              -0.8819212643483549
            ],
            [
              0.46416584004055167,
              -0.8857483124112905
            ],
            [
              0.4619241354487594,
              -0.8869113877397494
            ],
            [
              0.419892829015054,
              -0.8062097281881937
            ]
          ]
        ]
      }
    },
    {
      "type": "Feature",
      "properties": {
        "cell_id": "CEG2000_f4_r0017_c0100",
        "method": "GeoAnnulus-Final",
        "view": "annulus"
      },
      "geometry": {
        "type": "Polygon",
        "coordinates": [
          [
            [
              0.5967396811852487,
              -0.6887254216052687
            ],
            [
              0.5976681819880987,
              -0.6876023562180523
            ],
            [
              0.6900160364700652,
              -0.672015145809056
            ],
            [
              0.7163838158793825,
              -0.6976950520545132
            ],
            [
              0.71286805638438,
              -0.7012981778008243
            ],
            [
              0.7071067811865476,
              -0.7071067811865475
            ],
            [
              0.7012981778008244,
              -0.7128680563843798
            ],
            [
              0.6954426350096117,
              -0.7185816177796981
            ],
            [
              0.689540544737067,
              -0.7242470829514669
            ],
            [
              0.6835923020228714,
              -0.7298640726978356
            ],
            [
              0.6775983049957888,
              -0.7354322110615186
            ],
            [
              0.6715589548470184,
              -0.740951125354959
            ],
            [
              0.6654746558033422,
              -0.7464204461852738
            ],
            [
              0.659345815100069,
              -0.7518398074789774
            ],
            [
              0.6531728429537769,
              -0.7572088465064845
            ],
            [
              0.6469561525348575,
              -0.7625272039063881
            ],
            [
              0.6406961599398608,
              -0.767794523709512
            ],
            [
              0.6343932841636456,
              -0.7730104533627369
            ],
            [
              0.634330633239628,
              -0.7730614421904415
            ],
            [
              0.5967396811852487,
              -0.6887254216052687
            ]
          ]
        ]
      }
    },
    {
      "type": "Feature",
      "properties": {
        "cell_id": "CEG2000_f4_r0018_c0094",
        "method": "GeoAnnulus-Final",
        "view": "annulus"
      },
      "geometry": {
        "type": "Polygon",
        "coordinates": [
          [
            [
              0.060832995389299704,
              -0.9182395067764777
            ],
            [
              0.06390081703774211,
              -0.9425406263384082
            ],
            [
              0.020803863020355085,
              -0.9634202431355199
            ],
            [
              -0.13729399526074373,
              -0.9905256835497855
            ],
            [
              -0.13863297284022652,
              -0.9903438285976649
            ],
            [
              -0.14673047445536164,
              -0.989176509964781
            ],
            [
              -0.15481815508214075,
              -0.9879429836063224
            ],
            [
              -0.16289547339458849,
              -0.9866433320848791
            ],
            [
              -0.17096188876030102,
              -0.9852776423889413
            ],
            [
              -0.17901686127663252,
              -0.9838460059270775
            ],
            [
              -0.18408804177775134,
              -0.9829018261594001
            ],
            [
              0.060832995389299704,
              -0.9182395067764777
            ]
          ]
        ]
      }
    },
    {
      "type": "Feature",
      "properties": {
        "cell_id": "CEG2000_f4_r0018_c0095",
        "method": "GeoAnnulus-Final",
        "view": "annulus"
      },
      "geometry": {
        "type": "Polygon",
        "coordinates": [
          [
            [
              0.18638955579925567,
              -0.8570878916091038
            ],
            [
              0.1896683902196261,
              -0.8660387245402164
            ],
            [
              0.17602216458024947,
              -0.8962304692226577
            ],
            [
              0.06185691219181396,
              -0.9073498749156955
            ],
            [
              0.025567020975485466,
              -0.8226920996658533
            ],
            [
              0.18638955579925567,
              -0.8570878916091038
            ]
          ]
        ]
      }
    },
    {
      "type": "Feature",
      "properties": {
        "cell_id": "CEG2000_f4_r0018_c0096",
        "method": "GeoAnnulus-Final",
        "view": "annulus"
      },
      "geometry": {
        "type": "Polygon",
        "coordinates": [
          [
            [
              0.3568308493363642,
              -0.8105904889751426
            ],
            [
              0.3287776350194282,
              -0.8881167136045458
            ],
            [
              0.18966839021962612,
              -0.8660387245402166
            ],
            [
              0.1863895557992556,
              -0.8570878916091038
            ],
            [
              0.19355272047114858,
              -0.7503446994164044
            ],
            [
              0.34256137105310747,
              -0.7857539981896093
            ],
            [
              0.3568308493363642,
              -0.8105904889751426
            ]
          ]
        ]
      }
    },
    {
      "type": "Feature",
      "properties": {
        "cell_id": "CEG2000_f4_r0018_c0097",
        "method": "GeoAnnulus-Final",
        "view": "annulus"
      },
      "geometry": {
        "type": "Polygon",
        "coordinates": [
          [
            [
              0.49543592802442893,
              -0.6990035208065143
            ],
            [
              0.46433283092504,
              -0.7860573237389672
            ],
            [
              0.4440176008087336,
              -0.7954156582526511
            ],
            [
              0.4198928290150538,
              -0.8062097281881937
            ],
            [
              0.35683084933636416,
              -0.8105904889751425
            ],
            [
              0.3425613710531075,
              -0.7857539981896093
            ],
            [
              0.35421428057080734,
              -0.6556867533721626
            ],
            [
              0.49543592802442893,
              -0.6990035208065143
            ]
          ]
        ]
      }
    },
    {
      "type": "Feature",
      "properties": {
        "cell_id": "CEG2000_f4_r0018_c0098",
        "method": "GeoAnnulus-Final",
        "view": "annulus"
      },
      "geometry": {
        "type": "Polygon",
        "coordinates": [
          [
            [
              0.46433283092504,
              -0.7860573237389671
            ],
            [
              0.4954359280244289,
              -0.6990035208065144
            ],
            [
              0.5289621828972819,
              -0.6763716425304168
            ],
            [
              0.5967396811852488,
              -0.6887254216052688
            ],
            [
              0.6343306332396281,
              -0.7730614421904415
            ],
            [
              0.6280479470713343,
              -0.7781746437525978
            ],
            [
              0.6216605733700774,
              -0.7832867492286504
            ],
            [
              0.6152315905806269,
              -0.7883464276266062
            ],
            [
              0.6087614290087207,
              -0.7933533402912352
            ],
            [
              0.6022505217162821,
              -0.7983071520990314
            ],
            [
              0.5956993044924335,
              -0.8032075314806448
            ],
            [
              0.5891082158243284,
              -0.808054150443073
            ],
            [
              0.5824776968678023,
              -0.8128466845916151
            ],
            [
              0.5758081914178453,
              -0.8175848131515837
            ],
            [
              0.5691001458788983,
              -0.822268218989775
            ],
            [
              0.5623540092349731,
              -0.8268965886356962
            ],
            [
              0.5555702330196024,
              -0.8314696123025451
            ],
            [
              0.548749271285616,
              -0.8359869839079467
            ],
            [
              0.5468953111100968,
              -0.8371931173045766
            ],
            [
              0.46433283092504,
              -0.7860573237389671
            ]
          ]
        ]
      }
    },
    {
      "type": "Feature",
      "properties": {
        "cell_id": "CEG2000_f4_r0018_c0099",
        "method": "GeoAnnulus-Final",
        "view": "annulus"
      },
      "geometry": {
        "type": "Polygon",
        "coordinates": [
          [
            [
              0.7426749126955008,
              -0.6214777363231238
            ],
            [
              0.690016036470065,
              -0.672015145809056
            ],
            [
              0.5976681819880986,
              -0.6876023562180523
            ],
            [
              0.6371342054387057,
              -0.599253734468078
            ],
            [
              0.7426749126955008,
              -0.6214777363231238
            ]
          ]
        ]
      }
    },
    {
      "type": "Feature",
      "properties": {
        "cell_id": "CEG2000_f4_r0018_c0100",
        "method": "GeoAnnulus-Final",
        "view": "annulus"
      },
      "geometry": {
        "type": "Polygon",
        "coordinates": [
          [
            [
              0.6900160364700649,
              -0.672015145809056
            ],
            [
              0.7426749126955006,
              -0.6214777363231239
            ],
            [
              0.7640228514617189,
              -0.6183464874983423
            ],
            [
              0.777314993877973,
              -0.6291042149127694
            ],
            [
              0.773010453362737,
              -0.6343932841636455
            ],
            [
              0.7677945237095121,
              -0.6406961599398607
            ],
            [
              0.7625272039063882,
              -0.6469561525348573
            ],
            [
              0.7572088465064847,
              -0.6531728429537766
            ],
            [
              0.7518398074789775,
              -0.6593458151000688
            ],
            [
              0.7464204461852738,
              -0.6654746558033421
            ],
            [
              0.7409511253549592,
              -0.6715589548470183
            ],
            [
              0.7354322110615187,
              -0.6775983049957887
            ],
            [
              0.7298640726978357,
              -0.6835923020228711
            ],
            [
              0.724247082951467,
              -0.6895405447370668
            ],
            [
              0.7185816177796982,
              -0.6954426350096116
            ],
            [
              0.7163838158793824,
              -0.6976950520545133
            ],
            [
              0.6900160364700649,
              -0.672015145809056
            ]
          ]
        ]
      }
    },
    {
      "type": "Feature",
      "properties": {
        "cell_id": "CEG2000_f4_r0019_c0089",
        "method": "GeoAnnulus-Final",
        "view": "annulus"
      },
      "geometry": {
        "type": "Polygon",
        "coordinates": [
          [
            [
              -0.8114787543738371,
              -0.5547927209227801
            ],
            [
              -0.7141301659667585,
              -0.5764908241754649
            ],
            [
              -0.7781041071886218,
              -0.628134616663656
            ],
            [
              -0.7781746437525977,
              -0.6280479470713344
            ],
            [
              -0.7832867492286502,
              -0.6216605733700776
            ],
            [
              -0.7883464276266062,
              -0.6152315905806269
            ],
            [
              -0.793353340291235,
              -0.6087614290087209
            ],
            [
              -0.7983071520990312,
              -0.6022505217162823
            ],
            [
              -0.8032075314806448,
              -0.5956993044924335
            ],
            [
              -0.8080541504430729,
              -0.5891082158243285
            ],
            [
              -0.8128466845916151,
              -0.5824776968678022
            ],
            [
              -0.8175848131515836,
              -0.5758081914178454
            ],
            [
              -0.8222682189897749,
              -0.5691001458788986
            ],
            [
              -0.8255050633687657,
              -0.5643822438645172
            ],
            [
              -0.8114787543738371,
              -0.5547927209227801
            ]
          ]
        ]
      }
    },
    {
      "type": "Feature",
      "properties": {
        "cell_id": "CEG2000_f4_r0019_c0090",
        "method": "GeoAnnulus-Final",
        "view": "annulus"
      },
      "geometry": {
        "type": "Polygon",
        "coordinates": [
          [
            [
              -0.7141301659667587,
              -0.5764908241754652
            ],
            [
              -0.6992182276480085,
              -0.5775157969872929
            ],
            [
              -0.6980297678392471,
              -0.654106956320083
            ],
            [
              -0.7296908214877864,
              -0.68377577044536
            ],
            [
              -0.7298640726978354,
              -0.6835923020228716
            ],
            [
              -0.7354322110615186,
              -0.6775983049957888
            ],
            [
              -0.7409511253549589,
              -0.6715589548470186
            ],
            [
              -0.7464204461852735,
              -0.6654746558033425
            ],
            [
              -0.7518398074789773,
              -0.659345815100069
            ],
            [
              -0.7572088465064843,
              -0.6531728429537771
            ],
            [
              -0.7625272039063881,
              -0.6469561525348574
            ],
            [
              -0.7677945237095118,
              -0.640696159939861
            ],
            [
              -0.7730104533627367,
              -0.6343932841636458
            ],
            [
              -0.7781041071886218,
              -0.628134616663656
            ],
            [
              -0.7141301659667587,
              -0.5764908241754652
            ]
          ]
        ]
      }
    },
    {
      "type": "Feature",
      "properties": {
        "cell_id": "CEG2000_f4_r0019_c0091",
        "method": "GeoAnnulus-Final",
        "view": "annulus"
      },
      "geometry": {
        "type": "Polygon",
        "coordinates": [
          [
            [
              -0.6980297678392471,
              -0.6541069563200833
            ],
            [
              -0.6232588823083234,
              -0.6843815729518008
            ],
            [
              -0.6304426204254656,
              -0.776225724578982
            ],
            [
              -0.6343932841636454,
              -0.7730104533627371
            ],
            [
              -0.6406961599398605,
              -0.7677945237095122
            ],
            [
              -0.6469561525348573,
              -0.7625272039063882
            ],
            [
              -0.6531728429537765,
              -0.7572088465064848
            ],
            [
              -0.6593458151000685,
              -0.7518398074789777
            ],
            [
              -0.6654746558033421,
              -0.7464204461852739
            ],
            [
              -0.6715589548470181,
              -0.7409511253549593
            ],
            [
              -0.6775983049957887,
              -0.7354322110615187
            ],
            [
              -0.6835923020228711,
              -0.7298640726978358
            ],
            [
              -0.6895405447370666,
              -0.7242470829514672
            ],
            [
              -0.6954426350096116,
              -0.7185816177796982
            ],
            [
              -0.701298177800824,
              -0.7128680563843801
            ],
            [
              -0.7071067811865475,
              -0.7071067811865476
            ],
            [
              -0.7128680563843797,
              -0.7012981778008245
            ],
            [
              -0.7185816177796978,
              -0.695442635009612
            ],
            [
              -0.7242470829514668,
              -0.689540544737067
            ],
            [
              -0.7296908214877862,
              -0.6837757704453601
            ],
            [
              -0.6980297678392471,
              -0.6541069563200833
            ]
          ]
        ]
      }
    },
    {
      "type": "Feature",
      "properties": {
        "cell_id": "CEG2000_f4_r0019_c0094",
        "method": "GeoAnnulus-Final",
        "view": "annulus"
      },
      "geometry": {
        "type": "Polygon",
        "coordinates": [
          [
            [
              -0.1918571251814057,
              -0.906835318937562
            ],
            [
              0.011640556534018243,
              -0.8065017528971584
            ],
            [
              0.025567020975485424,
              -0.8226920996658533
            ],
            [
              0.06185691219181396,
              -0.9073498749156956
            ],
            [
              0.06083299538929969,
              -0.9182395067764776
            ],
            [
              -0.18408804177775154,
              -0.9829018261594001
            ],
            [
              -0.18705985180683188,
              -0.9823485185218157
            ],
            [
              -0.19509032201612797,
              -0.9807852804032305
            ],
            [
              -0.19612014693061502,
              -0.9805760526061484
            ],
            [
              -0.1918571251814057,
              -0.906835318937562
            ]
          ]
        ]
      }
    },
    {
      "type": "Feature",
      "properties": {
        "cell_id": "CEG2000_f4_r0019_c0095",
        "method": "GeoAnnulus-Final",
        "view": "annulus"
      },
      "geometry": {
        "type": "Polygon",
        "coordinates": [
          [
            [
              0.19355272047114858,
              -0.7503446994164044
            ],
            [
              0.1863895557992556,
              -0.8570878916091038
            ],
            [
              0.025567020975485636,
              -0.8226920996658534
            ],
            [
              0.011640556534018326,
              -0.8065017528971584
            ],
            [
              0.04287299940425109,
              -0.709138464784888
            ],
            [
              0.17561711574590042,
              -0.723125466258115
            ],
            [
              0.19355272047114858,
              -0.7503446994164044
            ]
          ]
        ]
      }
    },
    {
      "type": "Feature",
      "properties": {
        "cell_id": "CEG2000_f4_r0019_c0096",
        "method": "GeoAnnulus-Final",
        "view": "annulus"
      },
      "geometry": {
        "type": "Polygon",
        "coordinates": [
          [
            [
              0.35421428057080734,
              -0.6556867533721626
            ],
            [
              0.34256137105310747,
              -0.7857539981896092
            ],
            [
              0.19355272047114858,
              -0.7503446994164044
            ],
            [
              0.1756171157459005,
              -0.7231254662581151
            ],
            [
              0.2537805554955154,
              -0.6062155826283484
            ],
            [
              0.34353926535894874,
              -0.632795215629661
            ],
            [
              0.35421428057080734,
              -0.6556867533721626
            ]
          ]
        ]
      }
    },
    {
      "type": "Feature",
      "properties": {
        "cell_id": "CEG2000_f4_r0019_c0097",
        "method": "GeoAnnulus-Final",
        "view": "annulus"
      },
      "geometry": {
        "type": "Polygon",
        "coordinates": [
          [
            [
              0.5289621828972818,
              -0.6763716425304168
            ],
            [
              0.49543592802442893,
              -0.6990035208065143
            ],
            [
              0.35421428057080734,
              -0.6556867533721626
            ],
            [
              0.3435392653589488,
              -0.6327952156296611
            ],
            [
              0.4184633565493852,
              -0.5502256122571978
            ],
            [
              0.4919821699549773,
              -0.5646644702664686
            ],
            [
              0.5289621828972818,
              -0.6763716425304168
            ]
          ]
        ]
      }
    },
    {
      "type": "Feature",
      "properties": {
        "cell_id": "CEG2000_f4_r0019_c0098",
        "method": "GeoAnnulus-Final",
        "view": "annulus"
      },
      "geometry": {
        "type": "Polygon",
        "coordinates": [
          [
            [
              0.6281854781168976,
              -0.5309134549815531
            ],
            [
              0.6371342054387059,
              -0.599253734468078
            ],
            [
              0.5976681819880983,
              -0.6876023562180529
            ],
            [
              0.5967396811852489,
              -0.6887254216052687
            ],
            [
              0.5289621828972818,
              -0.6763716425304168
            ],
            [
              0.4919821699549773,
              -0.5646644702664686
            ],
            [
              0.5589131163135567,
              -0.5084400035253989
            ],
            [
              0.6281854781168976,
              -0.5309134549815531
            ]
          ]
        ]
      }
    },
    {
      "type": "Feature",
      "properties": {
        "cell_id": "CEG2000_f4_r0019_c0099",
        "method": "GeoAnnulus-Final",
        "view": "annulus"
      },
      "geometry": {
        "type": "Polygon",
        "coordinates": [
          [
            [
              0.7463815669070717,
              -0.5063196019490942
            ],
            [
              0.7640228514617189,
              -0.6183464874983423
            ],
            [
              0.7426749126955011,
              -0.6214777363231238
            ],
            [
              0.6371342054387059,
              -0.5992537344680776
            ],
            [
              0.6281854781168976,
              -0.530913454981553
            ],
            [
              0.6952009232639997,
              -0.487995145302063
            ],
            [
              0.7463815669070717,
              -0.5063196019490942
            ]
          ]
        ]
      }
    },
    {
      "type": "Feature",
      "properties": {
        "cell_id": "CEG2000_f4_r0019_c0100",
        "method": "GeoAnnulus-Final",
        "view": "annulus"
      },
      "geometry": {
        "type": "Polygon",
        "coordinates": [
          [
            [
              0.7640228514617189,
              -0.6183464874983423
            ],
            [
              0.7463815669070718,
              -0.5063196019490942
            ],
            [
              0.8121752544979652,
              -0.4796391350674002
            ],
            [
              0.8610530427601228,
              -0.5085044568760044
            ],
            [
              0.8577286100002721,
              -0.5141027441932217
            ],
            [
              0.8534939588627505,
              -0.5211027366890234
            ],
            [
              0.849202181526579,
              -0.5280678506503679
            ],
            [
              0.8448535652497071,
              -0.5349976198870972
            ],
            [
              0.8404484010944381,
              -0.5418915805747516
            ],
            [
              0.8359869839079467,
              -0.5487492712856158
            ],
            [
              0.8314696123025452,
              -0.5555702330196022
            ],
            [
              0.8268965886356963,
              -0.562354009234973
            ],
            [
              0.8222682189897751,
              -0.5691001458788982
            ],
            [
              0.8175848131515837,
              -0.5758081914178452
            ],
            [
              0.8128466845916152,
              -0.582477696867802
            ],
            [
              0.8080541504430732,
              -0.5891082158243282
            ],
            [
              0.8032075314806449,
              -0.5956993044924332
            ],
            [
              0.7983071520990315,
              -0.6022505217162819
            ],
            [
              0.7933533402912353,
              -0.6087614290087205
            ],
            [
              0.7883464276266062,
              -0.6152315905806268
            ],
            [
              0.7832867492286505,
              -0.6216605733700773
            ],
            [
              0.7781746437525979,
              -0.6280479470713342
            ],
            [
              0.777314993877973,
              -0.6291042149127694
            ],
            [
              0.7640228514617189,
              -0.6183464874983423
            ]
          ]
        ]
      }
    },
    {
      "type": "Feature",
      "properties": {
        "cell_id": "CEG2000_f4_r0020_c0089",
        "method": "GeoAnnulus-Final",
        "view": "annulus"
      },
      "geometry": {
        "type": "Polygon",
        "coordinates": [
          [
            [
              -0.8503201343602186,
              -0.4113457622431595
            ],
            [
              -0.7866393781373174,
              -0.44601481311768554
            ],
            [
              -0.8114787543738373,
              -0.5547927209227801
            ],
            [
              -0.8255050633687658,
              -0.5643822438645171
            ],
            [
              -0.8268965886356962,
              -0.5623540092349733
            ],
            [
              -0.831469612302545,
              -0.5555702330196025
            ],
            [
              -0.8359869839079465,
              -0.5487492712856163
            ],
            [
              -0.8404484010944379,
              -0.541891580574752
            ],
            [
              -0.8448535652497069,
              -0.5349976198870976
            ],
            [
              -0.8492021815265788,
              -0.5280678506503681
            ],
            [
              -0.8534939588627503,
              -0.5211027366890236
            ],
            [
              -0.8577286100002718,
              -0.5141027441932221
            ],
            [
              -0.8619058515047742,
              -0.5070683416876173
            ],
            [
              -0.8660254037844385,
              -0.5000000000000003
            ],
            [
              -0.8700869911087113,
              -0.49289819222978415
            ],
            [
              -0.8740903416267587,
              -0.4857633937163403
            ],
            [
              -0.8780351873856626,
              -0.47859608200718123
            ],
            [
              -0.8819212643483549,
              -0.47139673682599786
            ],
            [
              -0.8857483124112904,
              -0.4641658400405519
            ],
            [
              -0.889516075421856,
              -0.4569038756304208
            ],
            [
              -0.8932243011955152,
              -0.4496113296546069
            ],
            [
              -0.8968727415326881,
              -0.4422886902190017
            ],
            [
              -0.9001984885142521,
              -0.43547461534195436
            ],
            [
              -0.8503201343602186,
              -0.4113457622431595
            ]
          ]
        ]
      }
    },
    {
      "type": "Feature",
      "properties": {
        "cell_id": "CEG2000_f4_r0020_c0090",
        "method": "GeoAnnulus-Final",
        "view": "annulus"
      },
      "geometry": {
        "type": "Polygon",
        "coordinates": [
          [
            [
              -0.6451442363040787,
              -0.5174188795043855
            ],
            [
              -0.6992182276480085,
              -0.577515796987293
            ],
            [
              -0.7141301659667574,
              -0.5764908241754654
            ],
            [
              -0.8114787543738373,
              -0.5547927209227799
            ],
            [
              -0.7866393781373175,
              -0.44601481311768565
            ],
            [
              -0.7349297967911422,
              -0.4380300623490675
            ],
            [
              -0.6451442363040787,
              -0.5174188795043855
            ]
          ]
        ]
      }
    },
    {
      "type": "Feature",
      "properties": {
        "cell_id": "CEG2000_f4_r0020_c0091",
        "method": "GeoAnnulus-Final",
        "view": "annulus"
      },
      "geometry": {
        "type": "Polygon",
        "coordinates": [
          [
            [
              -0.47395765869809514,
              -0.596445133158884
            ],
            [
              -0.6232588823083235,
              -0.6843815729518007
            ],
            [
              -0.6980297678392472,
              -0.6541069563200832
            ],
            [
              -0.6992182276480085,
              -0.577515796987293
            ],
            [
              -0.6451442363040787,
              -0.5174188795043854
            ],
            [
              -0.6226183970899712,
              -0.515503036728215
            ],
            [
              -0.47395765869809514,
              -0.596445133158884
            ]
          ]
        ]
      }
    },
    {
      "type": "Feature",
      "properties": {
        "cell_id": "CEG2000_f4_r0020_c0092",
        "method": "GeoAnnulus-Final",
        "view": "annulus"
      },
      "geometry": {
        "type": "Polygon",
        "coordinates": [
          [
            [
              -0.6232588823083235,
              -0.6843815729518007
            ],
            [
              -0.47395765869809514,
              -0.596445133158884
            ],
            [
              -0.43533265539650823,
              -0.6018087452669116
            ],
            [
              -0.3721162294779098,
              -0.6900395829366136
            ],
            [
              -0.5196729742888538,
              -0.8543588947863097
            ],
            [
              -0.5211027366890232,
              -0.8534939588627506
            ],
            [
              -0.528067850650368,
              -0.8492021815265789
            ],
            [
              -0.534997619887097,
              -0.8448535652497072
            ],
            [
              -0.5418915805747514,
              -0.8404484010944382
            ],
            [
              -0.5487492712856158,
              -0.8359869839079468
            ],
            [
              -0.555570233019602,
              -0.8314696123025453
            ],
            [
              -0.562354009234973,
              -0.8268965886356963
            ],
            [
              -0.569100145878898,
              -0.8222682189897752
            ],
            [
              -0.575808191417845,
              -0.8175848131515839
            ],
            [
              -0.582477696867802,
              -0.8128466845916152
            ],
            [
              -0.5891082158243279,
              -0.8080541504430734
            ],
            [
              -0.5956993044924334,
              -0.8032075314806449
            ],
            [
              -0.6022505217162818,
              -0.7983071520990316
            ],
            [
              -0.6087614290087203,
              -0.7933533402912354
            ],
            [
              -0.6152315905806268,
              -0.7883464276266063
            ],
            [
              -0.6216605733700772,
              -0.7832867492286506
            ],
            [
              -0.6280479470713338,
              -0.7781746437525981
            ],
            [
              -0.6304426204254657,
              -0.7762257245789819
            ],
            [
              -0.6232588823083235,
              -0.6843815729518007
            ]
          ]
        ]
      }
    },
    {
      "type": "Feature",
      "properties": {
        "cell_id": "CEG2000_f4_r0020_c0093",
        "method": "GeoAnnulus-Final",
        "view": "annulus"
      },
      "geometry": {
        "type": "Polygon",
        "coordinates": [
          [
            [
              -0.37211622947790995,
              -0.6900395829366138
            ],
            [
              -0.2903662401110649,
              -0.7135324590303711
            ],
            [
              -0.1918571251814057,
              -0.906835318937562
            ],
            [
              -0.19612014693061505,
              -0.9805760526061484
            ],
            [
              -0.20310773440776264,
              -0.9791563962022337
            ],
            [
              -0.21111155235896498,
              -0.9774619749435719
            ],
            [
              -0.21910124015686966,
              -0.9757021300385286
            ],
            [
              -0.22707626303437312,
              -0.9738769792773336
            ],
            [
              -0.23503608720592642,
              -0.9719866448212795
            ],
            [
              -0.24298017990326365,
              -0.9700312531945441
            ],
            [
              -0.25090800941105984,
              -0.9680109352757228
            ],
            [
              -0.25881904510252063,
              -0.9659258262890683
            ],
            [
              -0.2667127574748983,
              -0.9637760657954398
            ],
            [
              -0.2745886181849321,
              -0.961561797682962
            ],
            [
              -0.2824461000842123,
              -0.9592831701573937
            ],
            [
              -0.29028467725446216,
              -0.9569403357322089
            ],
            [
              -0.2981038250427397,
              -0.9545334512183885
            ],
            [
              -0.3059030200965532,
              -0.9520626777139244
            ],
            [
              -0.31368174039889124,
              -0.9495281805930368
            ],
            [
              -0.32143946530316136,
              -0.9469301294951057
            ],
            [
              -0.32917567556803873,
              -0.9442686983133166
            ],
            [
              -0.33688985339221994,
              -0.9415440651830208
            ],
            [
              -0.34458148244908016,
              -0.9387564124698133
            ],
            [
              -0.35225004792123327,
              -0.9359059267573258
            ],
            [
              -0.35989503653498794,
              -0.932992798834739
            ],
            [
              -0.3675159365947034,
              -0.9300172236840122
            ],
            [
              -0.3751122380170379,
              -0.926979400466833
            ],
            [
              -0.3826834323650895,
              -0.9238795325112868
            ],
            [
              -0.3902290128824278,
              -0.9207178272982478
            ],
            [
              -0.39774847452701084,
              -0.9174944964474914
            ],
            [
              -0.40524131400498975,
              -0.9142097557035307
            ],
            [
              -0.4127070298043946,
              -0.9108638249211759
            ],
            [
              -0.4201451222287024,
              -0.9074569280508187
            ],
            [
              -0.42755509343028186,
              -0.9039892931234434
            ],
            [
              -0.43493644744371673,
              -0.9004611522353638
            ],
            [
              -0.44228869021900113,
              -0.8968727415326884
            ],
            [
              -0.4496113296546063,
              -0.8932243011955154
            ],
            [
              -0.4569038756304206,
              -0.8895160754218561
            ],
            [
              -0.46416584004055134,
              -0.8857483124112906
            ],
            [
              -0.4713967368259973,
              -0.8819212643483553
            ],
            [
              -0.4785960820071807,
              -0.8780351873856628
            ],
            [
              -0.4857633937163398,
              -0.874090341626759
            ],
            [
              -0.492898192229784,
              -0.8700869911087115
            ],
            [
              -0.49999999999999983,
              -0.8660254037844387
            ],
            [
              -0.5070683416876167,
              -0.8619058515047745
            ],
            [
              -0.5141027441932217,
              -0.8577286100002721
            ],
            [
              -0.5196729742888538,
              -0.8543588947863097
            ],
            [
              -0.37211622947790995,
              -0.6900395829366138
            ]
          ]
        ]
      }
    },
    {
      "type": "Feature",
      "properties": {
        "cell_id": "CEG2000_f4_r0020_c0094",
        "method": "GeoAnnulus-Final",
        "view": "annulus"
      },
      "geometry": {
        "type": "Polygon",
        "coordinates": [
          [
            [
              0.042872999404251114,
              -0.7091384647848881
            ],
            [
              0.011640556534018354,
              -0.8065017528971585
            ],
            [
              -0.19185712518140574,
              -0.906835318937562
            ],
            [
              -0.29036624011106504,
              -0.713532459030371
            ],
            [
              -0.17268135483694916,
              -0.621145912376659
            ],
            [
              -0.15697920851578248,
              -0.6172005682013975
            ],
            [
              -0.0052993762836750224,
              -0.6168882353498104
            ],
            [
              0.042872999404251114,
              -0.7091384647848881
            ]
          ]
        ]
      }
    },
    {
      "type": "Feature",
      "properties": {
        "cell_id": "CEG2000_f4_r0020_c0095",
        "method": "GeoAnnulus-Final",
        "view": "annulus"
      },
      "geometry": {
        "type": "Polygon",
        "coordinates": [
          [
            [
              0.21544621156583377,
              -0.5309913096484109
            ],
            [
              0.2537805554955154,
              -0.6062155826283484
            ],
            [
              0.1756171157459005,
              -0.7231254662581151
            ],
            [
              0.042872999404251044,
              -0.709138464784888
            ],
            [
              -0.005299376283675071,
              -0.6168882353498104
            ],
            [
              0.07893271204675059,
              -0.4734630248039324
            ],
            [
              0.08206170660494465,
              -0.47293326834669175
            ],
            [
              0.08592809341278376,
              -0.47224608284499714
            ],
            [
              0.08978872886727945,
              -0.47152728889047146
            ],
            [
              0.0936433545677416,
              -0.4707769345935506
            ],
            [
              0.09749171251572622,
              -0.46999507017707215
            ],
            [
              0.10133354513230335,
              -0.46918174797291445
            ],
            [
              0.10330584369709032,
              -0.4687473205374175
            ],
            [
              0.21544621156583377,
              -0.5309913096484109
            ]
          ]
        ]
      }
    },
    {
      "type": "Feature",
      "properties": {
        "cell_id": "CEG2000_f4_r0020_c0096",
        "method": "GeoAnnulus-Final",
        "view": "annulus"
      },
      "geometry": {
        "type": "Polygon",
        "coordinates": [
          [
            [
              0.41846335654938527,
              -0.5502256122571978
            ],
            [
              0.34353926535894885,
              -0.632795215629661
            ],
            [
              0.25378055549551537,
              -0.6062155826283484
            ],
            [
              0.21544621156583366,
              -0.5309913096484108
            ],
            [
              0.37095598434728044,
              -0.42384572515110713
            ],
            [
              0.3787302131176268,
              -0.42621596685442564
            ],
            [
              0.41846335654938527,
              -0.5502256122571978
            ]
          ]
        ]
      }
    },
    {
      "type": "Feature",
      "properties": {
        "cell_id": "CEG2000_f4_r0020_c0097",
        "method": "GeoAnnulus-Final",
        "view": "annulus"
      },
      "geometry": {
        "type": "Polygon",
        "coordinates": [
          [
            [
              0.5589131163135566,
              -0.5084400035253989
            ],
            [
              0.49198216995497734,
              -0.5646644702664686
            ],
            [
              0.41846335654938527,
              -0.5502256122571978
            ],
            [
              0.37873021311762683,
              -0.42621596685442564
            ],
            [
              0.49108393025249053,
              -0.3738019798243096
            ],
            [
              0.5262154642393413,
              -0.38696132161680535
            ],
            [
              0.5589131163135566,
              -0.5084400035253989
            ]
          ]
        ]
      }
    },
    {
      "type": "Feature",
      "properties": {
        "cell_id": "CEG2000_f4_r0020_c0098",
        "method": "GeoAnnulus-Final",
        "view": "annulus"
      },
      "geometry": {
        "type": "Polygon",
        "coordinates": [
          [
            [
              0.6768896001302641,
              -0.37328233332565636
            ],
            [
              0.6952009232639997,
              -0.48799514530206295
            ],
            [
              0.6281854781168975,
              -0.5309134549815531
            ],
            [
              0.5589131163135566,
              -0.5084400035253989
            ],
            [
              0.5262154642393414,
              -0.3869613216168055
            ],
            [
              0.612130228742259,
              -0.35283622049973545
            ],
            [
              0.6768896001302641,
              -0.37328233332565636
            ]
          ]
        ]
      }
    },
    {
      "type": "Feature",
      "properties": {
        "cell_id": "CEG2000_f4_r0020_c0099",
        "method": "GeoAnnulus-Final",
        "view": "annulus"
      },
      "geometry": {
        "type": "Polygon",
        "coordinates": [
          [
            [
              0.8279090687054064,
              -0.36167034572890683
            ],
            [
              0.8121752544979649,
              -0.47963913506740025
            ],
            [
              0.7463815669070718,
              -0.5063196019490942
            ],
            [
              0.6952009232639997,
              -0.487995145302063
            ],
            [
              0.6768896001302641,
              -0.37328233332565636
            ],
            [
              0.7424640653738195,
              -0.3338935280202459
            ],
            [
              0.8279090687054064,
              -0.36167034572890683
            ]
          ]
        ]
      }
    },
    {
      "type": "Feature",
      "properties": {
        "cell_id": "CEG2000_f4_r0020_c0100",
        "method": "GeoAnnulus-Final",
        "view": "annulus"
      },
      "geometry": {
        "type": "Polygon",
        "coordinates": [
          [
            [
              0.8121752544979649,
              -0.4796391350674002
            ],
            [
              0.8279090687054064,
              -0.3616703457289068
            ],
            [
              0.8616214334943391,
              -0.34684089070168955
            ],
            [
              0.9280035616174699,
              -0.3725512473835847
            ],
            [
              0.9269794004668329,
              -0.37511223801703797
            ],
            [
              0.9238795325112867,
              -0.3826834323650898
            ],
            [
              0.9207178272982477,
              -0.390229012882428
            ],
            [
              0.9174944964474914,
              -0.397748474527011
            ],
            [
              0.9142097557035307,
              -0.4052413140049898
            ],
            [
              0.9108638249211758,
              -0.41270702980439467
            ],
            [
              0.9074569280508187,
              -0.4201451222287024
            ],
            [
              0.9039892931234433,
              -0.42755509343028203
            ],
            [
              0.9004611522353636,
              -0.43493644744371707
            ],
            [
              0.8968727415326884,
              -0.44228869021900125
            ],
            [
              0.8932243011955153,
              -0.44961132965460654
            ],
            [
              0.8895160754218561,
              -0.4569038756304206
            ],
            [
              0.8857483124112906,
              -0.4641658400405515
            ],
            [
              0.881921264348355,
              -0.4713967368259976
            ],
            [
              0.8780351873856628,
              -0.4785960820071808
            ],
            [
              0.8740903416267589,
              -0.48576339371634003
            ],
            [
              0.8700869911087115,
              -0.4928981922297839
            ],
            [
              0.8660254037844387,
              -0.49999999999999994
            ],
            [
              0.8619058515047743,
              -0.507068341687617
            ],
            [
              0.8610530427601227,
              -0.5085044568760045
            ],
            [
              0.8121752544979649,
              -0.4796391350674002
            ]
          ]
        ]
      }
    },
    {
      "type": "Feature",
      "properties": {
        "cell_id": "CEG2000_f4_r0021_c0089",
        "method": "GeoAnnulus-Final",
        "view": "annulus"
      },
      "geometry": {
        "type": "Polygon",
        "coordinates": [
          [
            [
              -0.9658583784721143,
              -0.24472863192400843
            ],
            [
              -0.857057005595923,
              -0.24169154138454627
            ],
            [
              -0.84124795800061,
              -0.25099339784325503
            ],
            [
              -0.8503201343602187,
              -0.41134576224315944
            ],
            [
              -0.9001984885142522,
              -0.43547461534195425
            ],
            [
              -0.9004611522353635,
              -0.4349364474437173
            ],
            [
              -0.9039892931234431,
              -0.4275550934302824
            ],
            [
              -0.9074569280508186,
              -0.42014512222870254
            ],
            [
              -0.9108638249211757,
              -0.412707029804395
            ],
            [
              -0.9142097557035305,
              -0.4052413140049903
            ],
            [
              -0.9174944964474913,
              -0.39774847452701123
            ],
            [
              -0.9207178272982475,
              -0.3902290128824284
            ],
            [
              -0.9238795325112867,
              -0.3826834323650899
            ],
            [
              -0.9269794004668328,
              -0.37511223801703825
            ],
            [
              -0.930017223684012,
              -0.367515936594704
            ],
            [
              -0.9329927988347388,
              -0.35989503653498833
            ],
            [
              -0.9359059267573255,
              -0.3522500479212339
            ],
            [
              -0.9387564124698131,
              -0.34458148244908055
            ],
            [
              -0.9415440651830207,
              -0.33688985339222033
            ],
            [
              -0.9442686983133164,
              -0.32917567556803934
            ],
            [
              -0.9469301294951056,
              -0.32143946530316175
            ],
            [
              -0.9495281805930366,
              -0.3136817403988918
            ],
            [
              -0.9520626777139243,
              -0.30590302009655357
            ],
            [
              -0.9545334512183884,
              -0.2981038250427401
            ],
            [
              -0.9569403357322087,
              -0.2902846772544628
            ],
            [
              -0.9592831701573936,
              -0.28244610008421267
            ],
            [
              -0.9615617976829619,
              -0.2745886181849327
            ],
            [
              -0.9637760657954397,
              -0.2667127574748989
            ],
            [
              -0.9659258262890682,
              -0.258819045102521
            ],
            [
              -0.9680109352757226,
              -0.25090800941106045
            ],
            [
              -0.9693840134371344,
              -0.2455199813867867
            ],
            [
              -0.9658583784721143,
              -0.24472863192400843
            ]
          ]
        ]
      }
    },
    {
      "type": "Feature",
      "properties": {
        "cell_id": "CEG2000_f4_r0021_c0090",
        "method": "GeoAnnulus-Final",
        "view": "annulus"
      },
      "geometry": {
        "type": "Polygon",
        "coordinates": [
          [
            [
              -0.6748544700129127,
              -0.27783387130210385
            ],
            [
              -0.7349297967911422,
              -0.4380300623490675
            ],
            [
              -0.7866393781373173,
              -0.44601481311768565
            ],
            [
              -0.8503201343602185,
              -0.41134576224315955
            ],
            [
              -0.8412479580006098,
              -0.2509933978432552
            ],
            [
              -0.7285609461688524,
              -0.2464204529965313
            ],
            [
              -0.6748544700129127,
              -0.27783387130210385
            ]
          ]
        ]
      }
    },
    {
      "type": "Feature",
      "properties": {
        "cell_id": "CEG2000_f4_r0021_c0091",
        "method": "GeoAnnulus-Final",
        "view": "annulus"
      },
      "geometry": {
        "type": "Polygon",
        "coordinates": [
          [
            [
              -0.6226183970899714,
              -0.5155030367282151
            ],
            [
              -0.6451442363040788,
              -0.5174188795043855
            ],
            [
              -0.7349297967911423,
              -0.4380300623490677
            ],
            [
              -0.6748544700129127,
              -0.27783387130210385
            ],
            [
              -0.6387981305552641,
              -0.27866701592861104
            ],
            [
              -0.5662703190346631,
              -0.3218798787736675
            ],
            [
              -0.6226183970899714,
              -0.5155030367282151
            ]
          ]
        ]
      }
    },
    {
      "type": "Feature",
      "properties": {
        "cell_id": "CEG2000_f4_r0021_c0092",
        "method": "GeoAnnulus-Final",
        "view": "annulus"
      },
      "geometry": {
        "type": "Polygon",
        "coordinates": [
          [
            [
              -0.3802110561667858,
              -0.3671800953029509
            ],
            [
              -0.4353326553965084,
              -0.6018087452669116
            ],
            [
              -0.47395765869809514,
              -0.596445133158884
            ],
            [
              -0.6226183970899714,
              -0.5155030367282151
            ],
            [
              -0.5662703190346631,
              -0.3218798787736676
            ],
            [
              -0.4964819854034681,
              -0.3241312588742774
            ],
            [
              -0.3802110561667858,
              -0.3671800953029509
            ]
          ]
        ]
      }
    },
    {
      "type": "Feature",
      "properties": {
        "cell_id": "CEG2000_f4_r0021_c0093",
        "method": "GeoAnnulus-Final",
        "view": "annulus"
      },
      "geometry": {
        "type": "Polygon",
        "coordinates": [
          [
            [
              -0.1726813548369493,
              -0.6211459123766591
            ],
            [
              -0.29036624011106504,
              -0.713532459030371
            ],
            [
              -0.3721162294779097,
              -0.6900395829366137
            ],
            [
              -0.43533265539650834,
              -0.6018087452669116
            ],
            [
              -0.38021105616678574,
              -0.3671800953029508
            ],
            [
              -0.33707432967756185,
              -0.34172913911996855
            ],
            [
              -0.33662312534439554,
              -0.34217666706450245
            ],
            [
              -0.3338124648046135,
              -0.34491917653425513
            ],
            [
              -0.330979461473792,
              -0.34763859981670425
            ],
            [
              -0.3281243049709781,
              -0.3503347548949612
            ],
            [
              -0.32524718639797856,
              -0.353007461309529
            ],
            [
              -0.3223482983265687,
              -0.35565654017038045
            ],
            [
              -0.3194278347856042,
              -0.35828181416893146
            ],
            [
              -0.3164859912480329,
              -0.36088310758990927
            ],
            [
              -0.3135229646178127,
              -0.3634602463231127
            ],
            [
              -0.3105389532167315,
              -0.3660130578750663
            ],
            [
              -0.30753415677113305,
              -0.3685413713805658
            ],
            [
              -0.3045087763985498,
              -0.3710450176141138
            ],
            [
              -0.30146301459424024,
              -0.3735238290012471
            ],
            [
              -0.29839707521763703,
              -0.3759776396297523
            ],
            [
              -0.29531116347870084,
              -0.378406285260771
            ],
            [
              -0.29220548592418577,
              -0.38080960333979297
            ],
            [
              -0.28908025042381524,
              -0.38318743300753516
            ],
            [
              -0.285935666156368,
              -0.38553961511070955
            ],
            [
              -0.2827719435956774,
              -0.3878659922126752
            ],
            [
              -0.27958929449654496,
              -0.3901664086039753
            ],
            [
              -0.2763879318805656,
              -0.3924407103127603
            ],
            [
              -0.27316807002187105,
              -0.39468874511509205
            ],
            [
              -0.26992992443278707,
              -0.3969103625451342
            ],
            [
              -0.2666737118494089,
              -0.39910541390522175
            ],
            [
              -0.26339965021709555,
              -0.40127375227581447
            ],
            [
              -0.26010795867588066,
              -0.4034152325253303
            ],
            [
              -0.25679885754580656,
              -0.40552971131985943
            ],
            [
              -0.2534725683121766,
              -0.40761704713275787
            ],
            [
              -0.2501293136107311,
              -0.40967710025412024
            ],
            [
              -0.2467693172127464,
              -0.4117097328001306
            ],
            [
              -0.24339280401005603,
              -0.41371480872229177
            ],
            [
              -0.2399999999999999,
              -0.41569219381653055
            ],
            [
              -0.2365911322702963,
              -0.4176417557321815
            ],
            [
              -0.23501927551402413,
              -0.41852372787864944
            ],
            [
              -0.1726813548369493,
              -0.6211459123766591
            ]
          ]
        ]
      }
    },
    {
      "type": "Feature",
      "properties": {
        "cell_id": "CEG2000_f4_r0021_c0094",
        "method": "GeoAnnulus-Final",
        "view": "annulus"
      },
      "geometry": {
        "type": "Polygon",
        "coordinates": [
          [
            [
              -0.005299376283675106,
              -0.6168882353498104
            ],
            [
              -0.15697920851578248,
              -0.6172005682013975
            ],
            [
              -0.11635190175963993,
              -0.46568357349031264
            ],
            [
              -0.11281732185884467,
              -0.46655358951421416
            ],
            [
              -0.1089966062564991,
              -0.4674609500531201
            ],
            [
              -0.10516859527529743,
              -0.4683370224184937
            ],
            [
              -0.10133354513230318,
              -0.4691817479729145
            ],
            [
              -0.09749171251572607,
              -0.46999507017707215
            ],
            [
              -0.09364335456774142,
              -0.47077693459355063
            ],
            [
              -0.0897887288672793,
              -0.4715272888904715
            ],
            [
              -0.08592809341278361,
              -0.4722460828449972
            ],
            [
              -0.08206170660494448,
              -0.4729332683466918
            ],
            [
              -0.07818982722940247,
              -0.47358879940074194
            ],
            [
              -0.07431271443942755,
              -0.4742126321310347
            ],
            [
              -0.07043062773857359,
              -0.4748047247830949
            ],
            [
              -0.06654382696330872,
              -0.47536503772687916
            ],
            [
              -0.06265257226562466,
              -0.47589353345942903
            ],
            [
              -0.05875712409562365,
              -0.4763901766073808
            ],
            [
              -0.05485774318408623,
              -0.47685493392933326
            ],
            [
              -0.050954690525019525,
              -0.4772877743180727
            ],
            [
              -0.047048227358189004,
              -0.4776886688026545
            ],
            [
              -0.04313861515163268,
              -0.47805759055034286
            ],
            [
              -0.039226115584160615,
              -0.47839451486840656
            ],
            [
              -0.035310990527840314,
              -0.4786994192057713
            ],
            [
              -0.031393502030468604,
              -0.47897228315452967
            ],
            [
              -0.02747391229803285,
              -0.4792130884513068
            ],
            [
              -0.023552483677160535,
              -0.47942181897848274
            ],
            [
              -0.019629478637559924,
              -0.4795984607652714
            ],
            [
              -0.015705159754452497,
              -0.4797430019886555
            ],
            [
              -0.011779789690997827,
              -0.47985543297417804
            ],
            [
              -0.007853631180713562,
              -0.47993574619658963
            ],
            [
              -0.003926947009889708,
              -0.4799839362803525
            ],
            [
              2.9391523179536474e-17,
              -0.48
            ],
            [
              0.003926947009889873,
              -0.4799839362803525
            ],
            [
              0.007853631180713729,
              -0.47993574619658963
            ],
            [
              0.011779789690997992,
              -0.47985543297417804
            ],
            [
              0.015705159754452663,
              -0.4797430019886555
            ],
            [
              0.01962947863756009,
              -0.4795984607652714
            ],
            [
              0.023552483677160698,
              -0.47942181897848274
            ],
            [
              0.027473912298033015,
              -0.4792130884513068
            ],
            [
              0.03139350203046877,
              -0.47897228315452967
            ],
            [
              0.03531099052784048,
              -0.4786994192057713
            ],
            [
              0.03922611558416078,
              -0.47839451486840656
            ],
            [
              0.04313861515163284,
              -0.47805759055034286
            ],
            [
              0.04704822735818917,
              -0.4776886688026545
            ],
            [
              0.05095469052501969,
              -0.4772877743180726
            ],
            [
              0.0548577431840864,
              -0.47685493392933326
            ],
            [
              0.05875712409562381,
              -0.47639017660738076
            ],
            [
              0.06265257226562482,
              -0.475893533459429
            ],
            [
              0.06654382696330889,
              -0.4753650377268791
            ],
            [
              0.07043062773857374,
              -0.4748047247830948
            ],
            [
              0.07431271443942772,
              -0.4742126321310347
            ],
            [
              0.07818982722940263,
              -0.4735887994007419
            ],
            [
              0.07893271204675048,
              -0.4734630248039324
            ],
            [
              -0.005299376283675106,
              -0.6168882353498104
            ]
          ]
        ]
      }
    },
    {
      "type": "Feature",
      "properties": {
        "cell_id": "CEG2000_f4_r0021_c0095",
        "method": "GeoAnnulus-Final",
        "view": "annulus"
      },
      "geometry": {
        "type": "Polygon",
        "coordinates": [
          [
            [
              0.21544621156583366,
              -0.5309913096484109
            ],
            [
              0.1033058436970903,
              -0.4687473205374175
            ],
            [
              0.1051685952752976,
              -0.4683370224184936
            ],
            [
              0.10899660625649925,
              -0.4674609500531201
            ],
            [
              0.11281732185884484,
              -0.4665535895142141
            ],
            [
              0.11663048635356671,
              -0.4656150015333811
            ],
            [
              0.12043584451730888,
              -0.4646452489323469
            ],
            [
              0.12423314164921005,
              -0.46364439661875273
            ],
            [
              0.12802212358795134,
              -0.4626125115818111
            ],
            [
              0.13180253672876754,
              -0.4615496628878217
            ],
            [
              0.13557412804042204,
              -0.46045592167554894
            ],
            [
              0.139336645082142,
              -0.4593313611514602
            ],
            [
              0.1430898360205152,
              -0.4581760565848264
            ],
            [
              0.14683344964634568,
              -0.45699008530268365
            ],
            [
              0.15056723539146796,
              -0.4557735266846576
            ],
            [
              0.1542909433455176,
              -0.45452646215765063
            ],
            [
              0.15800432427265873,
              -0.4532489751903919
            ],
            [
              0.16170712962826572,
              -0.4519411512878499
            ],
            [
              0.16539911157555862,
              -0.45060307798551036
            ],
            [
              0.16908002300219213,
              -0.4492348448435163
            ],
            [
              0.17274961753679435,
              -0.44783654344067464
            ],
            [
              0.1764076495654578,
              -0.4464082673683258
            ],
            [
              0.1800538742481783,
              -0.4449501122240797
            ],
            [
              0.18368804753524312,
              -0.4434621756054176
            ],
            [
              0.18730992618356548,
              -0.44194455710315883
            ],
            [
              0.19091926777296536,
              -0.4403973582947958
            ],
            [
              0.1945158307223952,
              -0.43882068273769465
            ],
            [
              0.19809937430610958,
              -0.4372146359621643
            ],
            [
              0.20166965866977718,
              -0.43557932546439293
            ],
            [
              0.20522644484653543,
              -0.4339148606992528
            ],
            [
              0.20876949477298426,
              -0.4322213530729745
            ],
            [
              0.2122985713051207,
              -0.43049891593569034
            ],
            [
              0.21581343823421115,
              -0.42874766457384733
            ],
            [
              0.21931386030260194,
              -0.42696771620249085
            ],
            [
              0.2227996032194648,
              -0.4251591899574194
            ],
            [
              0.22627043367647895,
              -0.42332220688721034
            ],
            [
              0.2297261193634469,
              -0.42145688994511804
            ],
            [
              0.23316642898384324,
              -0.4195633639808442
            ],
            [
              0.23659113227029635,
              -0.41764175573218143
            ],
            [
              0.24000000000000005,
              -0.4156921938165305
            ],
            [
              0.24339280401005622,
              -0.4137148087222916
            ],
            [
              0.2467693172127465,
              -0.41170973280013057
            ],
            [
              0.2501293136107312,
              -0.4096771002541202
            ],
            [
              0.2534725683121767,
              -0.40761704713275787
            ],
            [
              0.25679885754580667,
              -0.4055297113198593
            ],
            [
              0.2601079586758808,
              -0.40341523252533024
            ],
            [
              0.26339965021709566,
              -0.4012737522758144
            ],
            [
              0.26667371184940913,
              -0.39910541390522164
            ],
            [
              0.26992992443278707,
              -0.3969103625451341
            ],
            [
              0.2731680700218712,
              -0.394688745115092
            ],
            [
              0.27638793188056576,
              -0.3924407103127602
            ],
            [
              0.27958929449654507,
              -0.3901664086039752
            ],
            [
              0.2827719435956776,
              -0.38786599221267504
            ],
            [
              0.28593566615636806,
              -0.3855396151107095
            ],
            [
              0.2890802504238154,
              -0.38318743300753505
            ],
            [
              0.2922054859241859,
              -0.38080960333979286
            ],
            [
              0.2953111634787009,
              -0.37840628526077097
            ],
            [
              0.29839707521763714,
              -0.37597763962975217
            ],
            [
              0.30146301459424046,
              -0.3735238290012469
            ],
            [
              0.3045087763985499,
              -0.3710450176141137
            ],
            [
              0.3075341567711332,
              -0.36854137138056575
            ],
            [
              0.3105389532167316,
              -0.36601305787506627
            ],
            [
              0.31352296461781287,
              -0.3634602463231125
            ],
            [
              0.31648599124803306,
              -0.36088310758990916
            ],
            [
              0.31942783478560427,
              -0.3582818141689314
            ],
            [
              0.3199199745407226,
              -0.3578394180613811
            ],
            [
              0.3709559843472805,
              -0.4238457251511072
            ],
            [
              0.21544621156583366,
              -0.5309913096484109
            ]
          ]
        ]
      }
    },
    {
      "type": "Feature",
      "properties": {
        "cell_id": "CEG2000_f4_r0021_c0096",
        "method": "GeoAnnulus-Final",
        "view": "annulus"
      },
      "geometry": {
        "type": "Polygon",
        "coordinates": [
          [
            [
              0.4788455214954502,
              -0.31577658931443325
            ],
            [
              0.49108393025249053,
              -0.3738019798243097
            ],
            [
              0.3787302131176269,
              -0.42621596685442564
            ],
            [
              0.37095598434728033,
              -0.423845725151107
            ],
            [
              0.3199199745407225,
              -0.3578394180613811
            ],
            [
              0.32234829832656886,
              -0.3556565401703803
            ],
            [
              0.3252471863979786,
              -0.3530074613095289
            ],
            [
              0.3281243049709782,
              -0.3503347548949611
            ],
            [
              0.33097946147379215,
              -0.3476385998167041
            ],
            [
              0.3338124648046136,
              -0.3449191765342551
            ],
            [
              0.3366231253443957,
              -0.3421766670645023
            ],
            [
              0.33941125496954283,
              -0.3394112549695428
            ],
            [
              0.3421766670645024,
              -0.33662312534439565
            ],
            [
              0.34491917653425513,
              -0.3338124648046135
            ],
            [
              0.34763859981670414,
              -0.3309794614737921
            ],
            [
              0.35033475489496113,
              -0.3281243049709781
            ],
            [
              0.353007461309529,
              -0.32524718639797856
            ],
            [
              0.3556565401703804,
              -0.3223482983265688
            ],
            [
              0.3582818141689314,
              -0.3194278347856042
            ],
            [
              0.36088310758990916,
              -0.31648599124803306
            ],
            [
              0.36346024632311263,
              -0.31352296461781276
            ],
            [
              0.3660130578750663,
              -0.3105389532167315
            ],
            [
              0.36854137138056575,
              -0.30753415677113316
            ],
            [
              0.37104501761411374,
              -0.30450877639854984
            ],
            [
              0.373523829001247,
              -0.3014630145942404
            ],
            [
              0.3759776396297522,
              -0.2983970752176371
            ],
            [
              0.37745119962402923,
              -0.29652472462589646
            ],
            [
              0.4788455214954502,
              -0.31577658931443325
            ]
          ]
        ]
      }
    },
    {
      "type": "Feature",
      "properties": {
        "cell_id": "CEG2000_f4_r0021_c0097",
        "method": "GeoAnnulus-Final",
        "view": "annulus"
      },
      "geometry": {
        "type": "Polygon",
        "coordinates": [
          [
            [
              0.6098202907085326,
              -0.2036422196082807
            ],
            [
              0.6121302287422589,
              -0.35283622049973545
            ],
            [
              0.5262154642393414,
              -0.38696132161680546
            ],
            [
              0.49108393025249053,
              -0.3738019798243097
            ],
            [
              0.47884552149545023,
              -0.31577658931443353
            ],
            [
              0.4756190254427811,
              -0.2314000107880334
            ],
            [
              0.5247399368132268,
              -0.20463209832203086
            ],
            [
              0.6098202907085326,
              -0.2036422196082807
            ]
          ]
        ]
      }
    },
    {
      "type": "Feature",
      "properties": {
        "cell_id": "CEG2000_f4_r0021_c0098",
        "method": "GeoAnnulus-Final",
        "view": "annulus"
      },
      "geometry": {
        "type": "Polygon",
        "coordinates": [
          [
            [
              0.7424640653738195,
              -0.3338935280202459
            ],
            [
              0.676889600130264,
              -0.37328233332565636
            ],
            [
              0.6121302287422588,
              -0.35283622049973545
            ],
            [
              0.6098202907085325,
              -0.20364221960828074
            ],
            [
              0.6450835808014791,
              -0.1761786479972661
            ],
            [
              0.7315861186369932,
              -0.19363188118424657
            ],
            [
              0.7424640653738195,
              -0.3338935280202459
            ]
          ]
        ]
      }
    },
    {
      "type": "Feature",
      "properties": {
        "cell_id": "CEG2000_f4_r0021_c0099",
        "method": "GeoAnnulus-Final",
        "view": "annulus"
      },
      "geometry": {
        "type": "Polygon",
        "coordinates": [
          [
            [
              0.8860691189478052,
              -0.19688144753230652
            ],
            [
              0.8616214334943393,
              -0.3468408907016895
            ],
            [
              0.8279090687054064,
              -0.36167034572890683
            ],
            [
              0.7424640653738194,
              -0.3338935280202459
            ],
            [
              0.7315861186369931,
              -0.19363188118424662
            ],
            [
              0.7904681066791349,
              -0.1614339424229237
            ],
            [
              0.8858192962904701,
              -0.19658729358815855
            ],
            [
              0.8860691189478052,
              -0.19688144753230652
            ]
          ]
        ]
      }
    },
    {
      "type": "Feature",
      "properties": {
        "cell_id": "CEG2000_f4_r0021_c0100",
        "method": "GeoAnnulus-Final",
        "view": "annulus"
      },
      "geometry": {
        "type": "Polygon",
        "coordinates": [
          [
            [
              0.8616214334943392,
              -0.34684089070168944
            ],
            [
              0.886069118947805,
              -0.19688144753230644
            ],
            [
              0.9766878518437788,
              -0.21462606768174614
            ],
            [
              0.9757021300385286,
              -0.21910124015686977
            ],
            [
              0.9738769792773336,
              -0.2270762630343732
            ],
            [
              0.9719866448212794,
              -0.23503608720592667
            ],
            [
              0.970031253194544,
              -0.24298017990326384
            ],
            [
              0.9680109352757227,
              -0.25090800941106
            ],
            [
              0.9659258262890683,
              -0.25881904510252074
            ],
            [
              0.9637760657954398,
              -0.26671275747489837
            ],
            [
              0.9615617976829619,
              -0.2745886181849323
            ],
            [
              0.9592831701573936,
              -0.28244610008421245
            ],
            [
              0.9569403357322088,
              -0.29028467725446233
            ],
            [
              0.9545334512183885,
              -0.2981038250427398
            ],
            [
              0.9520626777139243,
              -0.30590302009655346
            ],
            [
              0.9495281805930367,
              -0.31368174039889146
            ],
            [
              0.9469301294951057,
              -0.32143946530316153
            ],
            [
              0.9442686983133165,
              -0.32917567556803884
            ],
            [
              0.9415440651830208,
              -0.33688985339222005
            ],
            [
              0.9387564124698132,
              -0.34458148244908043
            ],
            [
              0.9359059267573258,
              -0.3522500479212335
            ],
            [
              0.932992798834739,
              -0.3598950365349881
            ],
            [
              0.9300172236840122,
              -0.3675159365947035
            ],
            [
              0.9280035616174699,
              -0.3725512473835845
            ],
            [
              0.8616214334943392,
              -0.34684089070168944
            ]
          ]
        ]
      }
    },
    {
      "type": "Feature",
      "properties": {
        "cell_id": "CEG2000_f4_r0022_c0088",
        "method": "GeoAnnulus-Final",
        "view": "annulus"
      },
      "geometry": {
        "type": "Polygon",
        "coordinates": [
          [
            [
              -0.9273408514229964,
              0.003213372088855221
            ],
            [
              -0.9658583784721149,
              -0.24472863192400857
            ],
            [
              -0.9693840134371344,
              -0.24551998138678674
            ],
            [
              -0.970031253194544,
              -0.24298017990326407
            ],
            [
              -0.9719866448212794,
              -0.23503608720592703
            ],
            [
              -0.9738769792773335,
              -0.22707626303437373
            ],
            [
              -0.9757021300385285,
              -0.21910124015687005
            ],
            [
              -0.9774619749435718,
              -0.2111115523589656
            ],
            [
              -0.9791563962022337,
              -0.20310773440776303
            ],
            [
              -0.9807852804032304,
              -0.1950903220161286
            ],
            [
              -0.9823485185218156,
              -0.1870598518068325
            ],
            [
              -0.9838460059270774,
              -0.1790168612766329
            ],
            [
              -0.9852776423889412,
              -0.17096188876030163
            ],
            [
              -0.986643332084879,
              -0.1628954733945889
            ],
            [
              -0.9879429836063223,
              -0.15481815508214136
            ],
            [
              -0.9891765099647809,
              -0.14673047445536225
            ],
            [
              -0.9903438285976648,
              -0.1386329728402269
            ],
            [
              -0.9914448613738104,
              -0.130526192220052
            ],
            [
              -0.99247953459871,
              -0.12241067519921635
            ],
            [
              -0.9934477790194444,
              -0.11428696496684672
            ],
            [
              -0.994349529829318,
              -0.10615560526045797
            ],
            [
              -0.9951847266721968,
              -0.09801714032956083
            ],
            [
              -0.9959533136465477,
              -0.08987211489923537
            ],
            [
              -0.9966552393091803,
              -0.08172107413366836
            ],
            [
              -0.9972904566786902,
              -0.07356456359966773
            ],
            [
              -0.9978589232386035,
              -0.06540312923014356
            ],
            [
              -0.9983606009402225,
              -0.05723731728756885
            ],
            [
              -0.9987954562051724,
              -0.04906767432741841
            ],
            [
              -0.9991634599276488,
              -0.04089474716158358
            ],
            [
              -0.9994645874763657,
              -0.03271908282177645
            ],
            [
              -0.9996988186962042,
              -0.02454122852291277
            ],
            [
              -0.9998661379095618,
              -0.016361731626486995
            ],
            [
              -0.9999665339174011,
              -0.00818113960393752
            ],
            [
              -1.0,
              -1.2246467991473532e-16
            ],
            [
              -0.9999890152404075,
              0.0026853412399461046
            ],
            [
              -0.9273408514229964,
              0.003213372088855221
            ]
          ]
        ]
      }
    },
    {
      "type": "Feature",
      "properties": {
        "cell_id": "CEG2000_f4_r0022_c0089",
        "method": "GeoAnnulus-Final",
        "view": "annulus"
      },
      "geometry": {
        "type": "Polygon",
        "coordinates": [
          [
            [
              -0.857057005595923,
              -0.24169154138454627
            ],
            [
              -0.9658583784721144,
              -0.24472863192400846
            ],
            [
              -0.9273408514229959,
              0.003213372088855082
            ],
            [
              -0.8936181550076714,
              0.009451807968012378
            ],
            [
              -0.8535320145760098,
              -0.01676477761952988
            ],
            [
              -0.857057005595923,
              -0.24169154138454627
            ]
          ]
        ]
      }
    },
    {
      "type": "Feature",
      "properties": {
        "cell_id": "CEG2000_f4_r0022_c0090",
        "method": "GeoAnnulus-Final",
        "view": "annulus"
      },
      "geometry": {
        "type": "Polygon",
        "coordinates": [
          [
            [
              -0.705672647244061,
              -0.022134755942220252
            ],
            [
              -0.7285609461688524,
              -0.24642045299653131
            ],
            [
              -0.8412479580006096,
              -0.25099339784325525
            ],
            [
              -0.857057005595923,
              -0.24169154138454615
            ],
            [
              -0.8535320145760099,
              -0.01676477761952993
            ],
            [
              -0.705672647244061,
              -0.022134755942220252
            ]
          ]
        ]
      }
    },
    {
      "type": "Feature",
      "properties": {
        "cell_id": "CEG2000_f4_r0022_c0091",
        "method": "GeoAnnulus-Final",
        "view": "annulus"
      },
      "geometry": {
        "type": "Polygon",
        "coordinates": [
          [
            [
              -0.5262791138852656,
              -0.03748808060104339
            ],
            [
              -0.638798130555264,
              -0.278667015928611
            ],
            [
              -0.6748544700129129,
              -0.2778338713021038
            ],
            [
              -0.7285609461688524,
              -0.24642045299653148
            ],
            [
              -0.705672647244061,
              -0.022134755942220252
            ],
            [
              -0.7050811028830858,
              -0.021817283103873597
            ],
            [
              -0.5262791138852656,
              -0.03748808060104339
            ]
          ]
        ]
      }
    },
    {
      "type": "Feature",
      "properties": {
        "cell_id": "CEG2000_f4_r0022_c0092",
        "method": "GeoAnnulus-Final",
        "view": "annulus"
      },
      "geometry": {
        "type": "Polygon",
        "coordinates": [
          [
            [
              -0.49648198540346816,
              -0.32413125887427735
            ],
            [
              -0.5662703190346632,
              -0.32187987877366747
            ],
            [
              -0.638798130555264,
              -0.27866701592861104
            ],
            [
              -0.5262791138852656,
              -0.0374880806010434
            ],
            [
              -0.5193094356527732,
              -0.03516861376047128
            ],
            [
              -0.4825238625670482,
              -0.03901266409355236
            ],
            [
              -0.49648198540346816,
              -0.32413125887427735
            ]
          ]
        ]
      }
    },
    {
      "type": "Feature",
      "properties": {
        "cell_id": "CEG2000_f4_r0022_c0093",
        "method": "GeoAnnulus-Final",
        "view": "annulus"
      },
      "geometry": {
        "type": "Polygon",
        "coordinates": [
          [
            [
              -0.4784544679155826,
              -0.0384562883024946
            ],
            [
              -0.47839451486840656,
              -0.03922611558416081
            ],
            [
              -0.47805759055034286,
              -0.043138615151632975
            ],
            [
              -0.4776886688026545,
              -0.04704822735818919
            ],
            [
              -0.4772877743180726,
              -0.05095469052501982
            ],
            [
              -0.47685493392933326,
              -0.05485774318408642
            ],
            [
              -0.47639017660738076,
              -0.05875712409562384
            ],
            [
              -0.475893533459429,
              -0.06265257226562496
            ],
            [
              -0.4753650377268791,
              -0.06654382696330892
            ],
            [
              -0.4748047247830948,
              -0.07043062773857388
            ],
            [
              -0.47421263213103465,
              -0.07431271443942786
            ],
            [
              -0.4735887994007419,
              -0.07818982722940267
            ],
            [
              -0.47293326834669175,
              -0.08206170660494479
            ],
            [
              -0.47224608284499714,
              -0.08592809341278379
            ],
            [
              -0.47152728889047146,
              -0.0897887288672796
            ],
            [
              -0.4707769345935506,
              -0.09364335456774173
            ],
            [
              -0.46999507017707215,
              -0.09749171251572625
            ],
            [
              -0.46918174797291445,
              -0.10133354513230348
            ],
            [
              -0.4683370224184936,
              -0.10516859527529762
            ],
            [
              -0.46746095005312005,
              -0.10899660625649939
            ],
            [
              -0.4665535895142141,
              -0.11281732185884497
            ],
            [
              -0.4656150015333811,
              -0.11663048635356675
            ],
            [
              -0.4646452489323468,
              -0.12043584451730902
            ],
            [
              -0.46364439661875273,
              -0.12423314164921008
            ],
            [
              -0.46261251158181105,
              -0.12802212358795148
            ],
            [
              -0.4615496628878217,
              -0.13180253672876768
            ],
            [
              -0.46045592167554894,
              -0.13557412804042207
            ],
            [
              -0.45933136115146017,
              -0.13933664508214214
            ],
            [
              -0.4581760565848264,
              -0.14308983602051523
            ],
            [
              -0.45699008530268365,
              -0.1468334496463457
            ],
            [
              -0.45577352668465754,
              -0.15056723539146805
            ],
            [
              -0.45452646215765063,
              -0.15429094334551763
            ],
            [
              -0.45324897519039187,
              -0.15800432427265887
            ],
            [
              -0.4519411512878499,
              -0.16170712962826575
            ],
            [
              -0.4506030779855103,
              -0.16539911157555864
            ],
            [
              -0.4492348448435162,
              -0.16908002300219224
            ],
            [
              -0.44783654344067464,
              -0.17274961753679438
            ],
            [
              -0.44640826736832573,
              -0.1764076495654579
            ],
            [
              -0.4449501122240797,
              -0.18005387424817834
            ],
            [
              -0.4434621756054176,
              -0.18368804753524315
            ],
            [
              -0.4419445571031588,
              -0.18730992618356562
            ],
            [
              -0.4403973582947958,
              -0.1909192677729654
            ],
            [
              -0.4388206827376946,
              -0.19451583072239534
            ],
            [
              -0.4372146359621643,
              -0.1980993743061096
            ],
            [
              -0.4355793254643929,
              -0.2016696586697772
            ],
            [
              -0.43391486069925267,
              -0.20522644484653554
            ],
            [
              -0.43222135307297443,
              -0.2087694947729843
            ],
            [
              -0.4304989159356903,
              -0.2122985713051208
            ],
            [
              -0.4287476645738473,
              -0.21581343823421129
            ],
            [
              -0.42696771620249085,
              -0.21931386030260197
            ],
            [
              -0.42515918995741936,
              -0.2227996032194649
            ],
            [
              -0.42332220688721034,
              -0.22627043367647898
            ],
            [
              -0.421456889945118,
              -0.22972611936344697
            ],
            [
              -0.41956336398084415,
              -0.23316642898384335
            ],
            [
              -0.41764175573218143,
              -0.23659113227029638
            ],
            [
              -0.41569219381653044,
              -0.24000000000000016
            ],
            [
              -0.4137148087222916,
              -0.24339280401005628
            ],
            [
              -0.41170973280013046,
              -0.24676931721274661
            ],
            [
              -0.40967710025412013,
              -0.2501293136107313
            ],
            [
              -0.4076170471327578,
              -0.2534725683121767
            ],
            [
              -0.4055297113198593,
              -0.25679885754580684
            ],
            [
              -0.4034152325253302,
              -0.26010795867588093
            ],
            [
              -0.4012737522758143,
              -0.2633996502170958
            ],
            [
              -0.3991054139052216,
              -0.2666737118494092
            ],
            [
              -0.3969103625451341,
              -0.2699299244327871
            ],
            [
              -0.39468874511509194,
              -0.2731680700218713
            ],
            [
              -0.3924407103127601,
              -0.2763879318805658
            ],
            [
              -0.3901664086039752,
              -0.279589294496545
            ],
            [
              -0.387865992212675,
              -0.28277194359567764
            ],
            [
              -0.3855396151107095,
              -0.28593566615636806
            ],
            [
              -0.383187433007535,
              -0.2890802504238155
            ],
            [
              -0.3808096033397928,
              -0.292205485924186
            ],
            [
              -0.37840628526077097,
              -0.2953111634787009
            ],
            [
              -0.37597763962975206,
              -0.29839707521763725
            ],
            [
              -0.37352382900124687,
              -0.30146301459424046
            ],
            [
              -0.37104501761411357,
              -0.30450877639855
            ],
            [
              -0.3685413713805657,
              -0.30753415677113327
            ],
            [
              -0.36601305787506627,
              -0.31053895321673153
            ],
            [
              -0.36346024632311247,
              -0.313522964617813
            ],
            [
              -0.3608831075899091,
              -0.31648599124803306
            ],
            [
              -0.35828181416893123,
              -0.3194278347856044
            ],
            [
              -0.35565654017038023,
              -0.3223482983265689
            ],
            [
              -0.3530074613095289,
              -0.3252471863979786
            ],
            [
              -0.35033475489496096,
              -0.32812430497097833
            ],
            [
              -0.34763859981670403,
              -0.33097946147379215
            ],
            [
              -0.3449191765342549,
              -0.33381246480461374
            ],
            [
              -0.3421766670645022,
              -0.33662312534439576
            ],
            [
              -0.3394112549695428,
              -0.33941125496954283
            ],
            [
              -0.33707432967756185,
              -0.34172913911996855
            ],
            [
              -0.38021105616678585,
              -0.36718009530295087
            ],
            [
              -0.4964819854034682,
              -0.3241312588742774
            ],
            [
              -0.4825238625670482,
              -0.03901266409355236
            ],
            [
              -0.4784544679155826,
              -0.0384562883024946
            ]
          ]
        ]
      }
    },
    {
      "type": "Feature",
      "properties": {
        "cell_id": "CEG2000_f4_r0022_c0094",
        "method": "GeoAnnulus-Final",
        "view": "annulus"
      },
      "geometry": {
        "type": "Polygon",
        "coordinates": [
          [
            [
              -0.1569792085157825,
              -0.6172005682013975
            ],
            [
              -0.1726813548369493,
              -0.6211459123766591
            ],
            [
              -0.23501927551402418,
              -0.41852372787864944
            ],
            [
              -0.2331664289838431,
              -0.4195633639808443
            ],
            [
              -0.22972611936344672,
              -0.4214568899451181
            ],
            [
              -0.2262704336764787,
              -0.4233222068872105
            ],
            [
              -0.22279960321946463,
              -0.42515918995741947
            ],
            [
              -0.2193138603026019,
              -0.4269677162024909
            ],
            [
              -0.21581343823421104,
              -0.4287476645738474
            ],
            [
              -0.21229857130512053,
              -0.4304989159356904
            ],
            [
              -0.20876949477298404,
              -0.4322213530729746
            ],
            [
              -0.2052264448465353,
              -0.43391486069925284
            ],
            [
              -0.20166965866977712,
              -0.43557932546439293
            ],
            [
              -0.1980993743061094,
              -0.4372146359621644
            ],
            [
              -0.19451583072239506,
              -0.4388206827376947
            ],
            [
              -0.1909192677729652,
              -0.4403973582947958
            ],
            [
              -0.18730992618356532,
              -0.44194455710315894
            ],
            [
              -0.18368804753524295,
              -0.4434621756054177
            ],
            [
              -0.1800538742481782,
              -0.4449501122240798
            ],
            [
              -0.17640764956545762,
              -0.44640826736832584
            ],
            [
              -0.17274961753679421,
              -0.4478365434406747
            ],
            [
              -0.16908002300219196,
              -0.44923484484351633
            ],
            [
              -0.16539911157555848,
              -0.45060307798551036
            ],
            [
              -0.16170712962826556,
              -0.45194115128784995
            ],
            [
              -0.1580043242726586,
              -0.453248975190392
            ],
            [
              -0.15429094334551746,
              -0.4545264621576507
            ],
            [
              -0.1505672353914678,
              -0.45577352668465765
            ],
            [
              -0.1468334496463455,
              -0.4569900853026837
            ],
            [
              -0.14308983602051503,
              -0.45817605658482646
            ],
            [
              -0.13933664508214183,
              -0.4593313611514603
            ],
            [
              -0.13557412804042188,
              -0.460455921675549
            ],
            [
              -0.1318025367287674,
              -0.46154966288782173
            ],
            [
              -0.12802212358795118,
              -0.4626125115818111
            ],
            [
              -0.1242331416492099,
              -0.4636443966187528
            ],
            [
              -0.12043584451730872,
              -0.46464524893234693
            ],
            [
              -0.11663048635356654,
              -0.46561500153338115
            ],
            [
              -0.11635190175963997,
              -0.46568357349031264
            ],
            [
              -0.1569792085157825,
              -0.6172005682013975
            ]
          ]
        ]
      }
    },
    {
      "type": "Feature",
      "properties": {
        "cell_id": "CEG2000_f4_r0022_c0095",
        "method": "GeoAnnulus-Final",
        "view": "annulus"
      },
      "geometry": {
        "type": "Polygon",
        "coordinates": [
          [
            [
              0.4756190254427812,
              -0.23140001078803335
            ],
            [
              0.4788455214954503,
              -0.3157765893144333
            ],
            [
              0.3774511996240292,
              -0.2965247246258965
            ],
            [
              0.37840628526077097,
              -0.29531116347870084
            ],
            [
              0.3808096033397929,
              -0.2922054859241858
            ],
            [
              0.3831874330075351,
              -0.2890802504238153
            ],
            [
              0.38553961511070955,
              -0.28593566615636795
            ],
            [
              0.3878659922126751,
              -0.2827719435956775
            ],
            [
              0.3901664086039753,
              -0.27958929449654496
            ],
            [
              0.3924407103127602,
              -0.2763879318805657
            ],
            [
              0.39468874511509205,
              -0.27316807002187116
            ],
            [
              0.3969103625451342,
              -0.26992992443278707
            ],
            [
              0.3991054139052217,
              -0.266673711849409
            ],
            [
              0.4012737522758144,
              -0.26339965021709555
            ],
            [
              0.40341523252533024,
              -0.26010795867588077
            ],
            [
              0.4055297113198594,
              -0.2567988575458066
            ],
            [
              0.4076170471327579,
              -0.25347256831217657
            ],
            [
              0.40967710025412024,
              -0.2501293136107312
            ],
            [
              0.4117097328001306,
              -0.2467693172127464
            ],
            [
              0.41371480872229166,
              -0.24339280401005617
            ],
            [
              0.41569219381653055,
              -0.23999999999999996
            ],
            [
              0.4176417557321815,
              -0.23659113227029627
            ],
            [
              0.41956336398084426,
              -0.2331664289838432
            ],
            [
              0.4214568899451181,
              -0.22972611936344678
            ],
            [
              0.4233222068872104,
              -0.22627043367647884
            ],
            [
              0.42515918995741947,
              -0.2227996032194647
            ],
            [
              0.4269677162024909,
              -0.2193138603026019
            ],
            [
              0.42874766457384733,
              -0.21581343823421112
            ],
            [
              0.4304989159356904,
              -0.2122985713051206
            ],
            [
              0.4316232199554538,
              -0.20999500106429903
            ],
            [
              0.4756190254427812,
              -0.23140001078803335
            ]
          ]
        ]
      }
    },
    {
      "type": "Feature",
      "properties": {
        "cell_id": "CEG2000_f4_r0022_c0096",
        "method": "GeoAnnulus-Final",
        "view": "annulus"
      },
      "geometry": {
        "type": "Polygon",
        "coordinates": [
          [
            [
              0.4316232199554538,
              -0.20999500106429903
            ],
            [
              0.4322213530729745,
              -0.20876949477298418
            ],
            [
              0.4339148606992528,
              -0.20522644484653538
            ],
            [
              0.43557932546439293,
              -0.20166965866977712
            ],
            [
              0.43721463596216437,
              -0.19809937430610944
            ],
            [
              0.4388206827376947,
              -0.1945158307223951
            ],
            [
              0.4403973582947958,
              -0.19091926777296528
            ],
            [
              0.4419445571031589,
              -0.18730992618356543
            ],
            [
              0.4434621756054176,
              -0.1836880475352431
            ],
            [
              0.44495011222407976,
              -0.18005387424817823
            ],
            [
              0.44640826736832584,
              -0.17640764956545768
            ],
            [
              0.4478365434406747,
              -0.1727496175367943
            ],
            [
              0.44923484484351633,
              -0.16908002300219208
            ],
            [
              0.45060307798551036,
              -0.1653991115755586
            ],
            [
              0.45194115128784995,
              -0.1617071296282656
            ],
            [
              0.4532489751903919,
              -0.15800432427265865
            ],
            [
              0.4545264621576507,
              -0.15429094334551752
            ],
            [
              0.4557735266846576,
              -0.1505672353914679
            ],
            [
              0.45699008530268365,
              -0.14683344964634565
            ],
            [
              0.45817605658482646,
              -0.1430898360205151
            ],
            [
              0.4593313611514602,
              -0.1393366450821419
            ],
            [
              0.46045592167554894,
              -0.13557412804042196
            ],
            [
              0.4615496628878217,
              -0.1318025367287675
            ],
            [
              0.4626125115818111,
              -0.1280221235879512
            ],
            [
              0.4636443966187528,
              -0.12423314164920995
            ],
            [
              0.4646452489323469,
              -0.1204358445173088
            ],
            [
              0.4656150015333811,
              -0.11663048635356664
            ],
            [
              0.4665535895142141,
              -0.1128173218588448
            ],
            [
              0.4674609500531201,
              -0.10899660625649914
            ],
            [
              0.4683370224184937,
              -0.10516859527529748
            ],
            [
              0.4691817479729145,
              -0.10133354513230326
            ],
            [
              0.46999507017707215,
              -0.09749171251572616
            ],
            [
              0.4707769345935506,
              -0.09364335456774156
            ],
            [
              0.4715272888904715,
              -0.08978872886727934
            ],
            [
              0.47224608284499714,
              -0.08592809341278368
            ],
            [
              0.47293326834669175,
              -0.08206170660494458
            ],
            [
              0.4735887994007419,
              -0.07818982722940258
            ],
            [
              0.4742126321310347,
              -0.07431271443942769
            ],
            [
              0.4748047247830949,
              -0.07043062773857364
            ],
            [
              0.47536503772687916,
              -0.0665438269633088
            ],
            [
              0.475893533459429,
              -0.06265257226562475
            ],
            [
              0.47639017660738076,
              -0.05875712409562377
            ],
            [
              0.47685493392933326,
              -0.05485774318408626
            ],
            [
              0.4772877743180727,
              -0.05095469052501959
            ],
            [
              0.4776886688026545,
              -0.04704822735818909
            ],
            [
              0.47805759055034286,
              -0.04313861515163278
            ],
            [
              0.47839451486840656,
              -0.03922611558416074
            ],
            [
              0.4786994192057713,
              -0.03531099052784036
            ],
            [
              0.47897228315452967,
              -0.031393502030468666
            ],
            [
              0.4792130884513068,
              -0.027473912298032938
            ],
            [
              0.47942181897848274,
              -0.023552483677160646
            ],
            [
              0.4795984607652714,
              -0.019629478637560052
            ],
            [
              0.4797430019886555,
              -0.015705159754452545
            ],
            [
              0.47985543297417804,
              -0.011779789690997898
            ],
            [
              0.47993574619658963,
              -0.007853631180713654
            ],
            [
              0.4799839362803525,
              -0.003926947009889822
            ],
            [
              0.47999723604306543,
              -0.0006756786508907426
            ],
            [
              0.48312681748954805,
              -0.0006800840749449391
            ],
            [
              0.4907728105787279,
              -0.0031826174868922197
            ],
            [
              0.5247399368132267,
              -0.20463209832203091
            ],
            [
              0.4756190254427812,
              -0.23140001078803335
            ],
            [
              0.4316232199554538,
              -0.20999500106429903
            ]
          ]
        ]
      }
    },
    {
      "type": "Feature",
      "properties": {
        "cell_id": "CEG2000_f4_r0022_c0097",
        "method": "GeoAnnulus-Final",
        "view": "annulus"
      },
      "geometry": {
        "type": "Polygon",
        "coordinates": [
          [
            [
              0.6450835808014791,
              -0.1761786479972661
            ],
            [
              0.6098202907085326,
              -0.20364221960828063
            ],
            [
              0.5247399368132267,
              -0.20463209832203078
            ],
            [
              0.4907728105787279,
              -0.003182617486892226
            ],
            [
              0.605550379290144,
              -0.007020090797874384
            ],
            [
              0.6450835808014791,
              -0.1761786479972661
            ]
          ]
        ]
      }
    },
    {
      "type": "Feature",
      "properties": {
        "cell_id": "CEG2000_f4_r0022_c0098",
        "method": "GeoAnnulus-Final",
        "view": "annulus"
      },
      "geometry": {
        "type": "Polygon",
        "coordinates": [
          [
            [
              0.7898219490434045,
              0.0017179477538458165
            ],
            [
              0.7904681066791348,
              -0.16143394242292372
            ],
            [
              0.7315861186369932,
              -0.19363188118424657
            ],
            [
              0.6450835808014792,
              -0.17617864799726612
            ],
            [
              0.605550379290144,
              -0.007020090797874405
            ],
            [
              0.6281894663045704,
              0.009365152954457598
            ],
            [
              0.7898219490434045,
              0.0017179477538458165
            ]
          ]
        ]
      }
    },
    {
      "type": "Feature",
      "properties": {
        "cell_id": "CEG2000_f4_r0022_c0099",
        "method": "GeoAnnulus-Final",
        "view": "annulus"
      },
      "geometry": {
        "type": "Polygon",
        "coordinates": [
          [
            [
              0.9637136326606117,
              -0.006302489152390345
            ],
            [
              0.8858192962904698,
              -0.1965872935881585
            ],
            [
              0.7904681066791349,
              -0.1614339424229237
            ],
            [
              0.7898219490434046,
              0.001717947753845761
            ],
            [
              0.8484516925338236,
              0.049574098520979104
            ],
            [
              0.9637136326606117,
              -0.006302489152390345
            ]
          ]
        ]
      }
    },
    {
      "type": "Feature",
      "properties": {
        "cell_id": "CEG2000_f4_r0022_c0100",
        "method": "GeoAnnulus-Final",
        "view": "annulus"
      },
      "geometry": {
        "type": "Polygon",
        "coordinates": [
          [
            [
              0.8860691189478052,
              -0.19688144753230644
            ],
            [
              0.88581929629047,
              -0.1965872935881585
            ],
            [
              0.9637136326606117,
              -0.006302489152390345
            ],
            [
              0.9999731045404439,
              -0.0065748809616462695
            ],
            [
              0.9999665339174011,
              -0.008181139603937128
            ],
            [
              0.9998661379095618,
              -0.01636173162648678
            ],
            [
              0.9996988186962042,
              -0.024541228522912288
            ],
            [
              0.9994645874763657,
              -0.03271908282177614
            ],
            [
              0.9991634599276488,
              -0.04089474716158344
            ],
            [
              0.9987954562051724,
              -0.049067674327418015
            ],
            [
              0.9983606009402225,
              -0.057237317287568625
            ],
            [
              0.9978589232386035,
              -0.06540312923014306
            ],
            [
              0.9972904566786902,
              -0.07356456359966743
            ],
            [
              0.9966552393091803,
              -0.0817210741336682
            ],
            [
              0.9959533136465477,
              -0.08987211489923497
            ],
            [
              0.9951847266721969,
              -0.0980171403295606
            ],
            [
              0.9943495298293181,
              -0.10615560526045748
            ],
            [
              0.9934477790194444,
              -0.11428696496684639
            ],
            [
              0.99247953459871,
              -0.12241067519921618
            ],
            [
              0.9914448613738104,
              -0.13052619222005157
            ],
            [
              0.9903438285976649,
              -0.13863297284022666
            ],
            [
              0.989176509964781,
              -0.14673047445536175
            ],
            [
              0.9879429836063224,
              -0.15481815508214103
            ],
            [
              0.986643332084879,
              -0.1628954733945887
            ],
            [
              0.9852776423889412,
              -0.17096188876030122
            ],
            [
              0.9838460059270774,
              -0.17901686127663266
            ],
            [
              0.9823485185218157,
              -0.18705985180683196
            ],
            [
              0.9807852804032304,
              -0.19509032201612825
            ],
            [
              0.9791563962022337,
              -0.20310773440776286
            ],
            [
              0.9774619749435719,
              -0.21111155235896514
            ],
            [
              0.9766878518437788,
              -0.2146260676817461
            ],
            [
              0.8860691189478052,
              -0.19688144753230644
            ]
          ]
        ]
      }
    },
    {
      "type": "Feature",
      "properties": {
        "cell_id": "CEG2000_f4_r0023_c0089",
        "method": "GeoAnnulus-Final",
        "view": "annulus"
      },
      "geometry": {
        "type": "Polygon",
        "coordinates": [
          [
            [
              -0.8584772919768628,
              0.20413025111199498
            ],
            [
              -0.8584151046873782,
              0.20404393397747442
            ],
            [
              -0.8936181550076715,
              0.009451807968012389
            ],
            [
              -0.927340851422995,
              0.00321337208885533
            ],
            [
              -0.9999890152404075,
              0.002685341239946219
            ],
            [
              -0.9999665339174011,
              0.008181139603936832
            ],
            [
              -0.9998661379095618,
              0.016361731626486308
            ],
            [
              -0.9996988186962042,
              0.02454122852291208
            ],
            [
              -0.9994645874763657,
              0.03271908282177576
            ],
            [
              -0.9991634599276488,
              0.04089474716158289
            ],
            [
              -0.9987954562051724,
              0.049067674327417724
            ],
            [
              -0.9983606009402225,
              0.05723731728756816
            ],
            [
              -0.9978589232386035,
              0.06540312923014287
            ],
            [
              -0.9972904566786902,
              0.07356456359966705
            ],
            [
              -0.9966552393091803,
              0.08172107413366768
            ],
            [
              -0.9959533136465478,
              0.08987211489923469
            ],
            [
              -0.9951847266721969,
              0.09801714032956015
            ],
            [
              -0.9943495298293181,
              0.1061556052604573
            ],
            [
              -0.9934477790194445,
              0.11428696496684604
            ],
            [
              -0.9924795345987101,
              0.12241067519921565
            ],
            [
              -0.9914448613738105,
              0.13052619222005132
            ],
            [
              -0.9903438285976649,
              0.13863297284022622
            ],
            [
              -0.989176509964781,
              0.14673047445536158
            ],
            [
              -0.9879429836063224,
              0.15481815508214067
            ],
            [
              -0.9866433320848791,
              0.1628954733945882
            ],
            [
              -0.9852776423889413,
              0.17096188876030097
            ],
            [
              -0.9838460059270775,
              0.17901686127663224
            ],
            [
              -0.9823485185218157,
              0.1870598518068318
            ],
            [
              -0.9807852804032305,
              0.19509032201612792
            ],
            [
              -0.9791563962022338,
              0.20310773440776236
            ],
            [
              -0.9774619749435719,
              0.21111155235896492
            ],
            [
              -0.9757021300385287,
              0.21910124015686938
            ],
            [
              -0.9738769792773336,
              0.22707626303437303
            ],
            [
              -0.9728536980891941,
              0.23138509754223652
            ],
            [
              -0.8584772919768628,
              0.20413025111199498
            ]
          ]
        ]
      }
    },
    {
      "type": "Feature",
      "properties": {
        "cell_id": "CEG2000_f4_r0023_c0090",
        "method": "GeoAnnulus-Final",
        "view": "annulus"
      },
      "geometry": {
        "type": "Polygon",
        "coordinates": [
          [
            [
              -0.7050811028830857,
              -0.021817283103873635
            ],
            [
              -0.7056726472440609,
              -0.022134755942220273
            ],
            [
              -0.8535320145760099,
              -0.016764777619529936
            ],
            [
              -0.8936181550076715,
              0.009451807968012323
            ],
            [
              -0.8584151046873781,
              0.2040439339774744
            ],
            [
              -0.7015854929385655,
              0.18233961601835885
            ],
            [
              -0.7050811028830857,
              -0.021817283103873635
            ]
          ]
        ]
      }
    },
    {
      "type": "Feature",
      "properties": {
        "cell_id": "CEG2000_f4_r0023_c0091",
        "method": "GeoAnnulus-Final",
        "view": "annulus"
      },
      "geometry": {
        "type": "Polygon",
        "coordinates": [
          [
            [
              -0.5193094356527732,
              -0.03516861376047129
            ],
            [
              -0.5262791138852656,
              -0.037488080601043396
            ],
            [
              -0.7050811028830858,
              -0.02181728310387359
            ],
            [
              -0.7015854929385655,
              0.18233961601835888
            ],
            [
              -0.6800463885206383,
              0.1957468189166728
            ],
            [
              -0.5844512706730494,
              0.18605540285026256
            ],
            [
              -0.5193094356527732,
              -0.03516861376047129
            ]
          ]
        ]
      }
    },
    {
      "type": "Feature",
      "properties": {
        "cell_id": "CEG2000_f4_r0023_c0092",
        "method": "GeoAnnulus-Final",
        "view": "annulus"
      },
      "geometry": {
        "type": "Polygon",
        "coordinates": [
          [
            [
              -0.4825238625670482,
              -0.039012664093552356
            ],
            [
              -0.5193094356527732,
              -0.03516861376047129
            ],
            [
              -0.5844512706730494,
              0.18605540285026254
            ],
            [
              -0.5307986917214863,
              0.22419038037099082
            ],
            [
              -0.5158060718802588,
              0.22085778468125528
            ],
            [
              -0.4449268640577224,
              0.18011065614606925
            ],
            [
              -0.4449501122240799,
              0.18005387424817806
            ],
            [
              -0.44640826736832584,
              0.1764076495654576
            ],
            [
              -0.44783654344067475,
              0.17274961753679408
            ],
            [
              -0.4492348448435164,
              0.16908002300219194
            ],
            [
              -0.4506030779855104,
              0.16539911157555837
            ],
            [
              -0.45194115128785,
              0.16170712962826544
            ],
            [
              -0.453248975190392,
              0.15800432427265856
            ],
            [
              -0.45452646215765075,
              0.15429094334551732
            ],
            [
              -0.45577352668465765,
              0.15056723539146777
            ],
            [
              -0.4569900853026837,
              0.1468334496463454
            ],
            [
              -0.4581760565848265,
              0.14308983602051495
            ],
            [
              -0.4593313611514603,
              0.1393366450821418
            ],
            [
              -0.460455921675549,
              0.13557412804042177
            ],
            [
              -0.46154966288782173,
              0.13180253672876738
            ],
            [
              -0.46261251158181116,
              0.12802212358795115
            ],
            [
              -0.46364439661875284,
              0.12423314164920976
            ],
            [
              -0.46464524893234693,
              0.12043584451730867
            ],
            [
              -0.46561500153338115,
              0.11663048635356642
            ],
            [
              -0.46655358951421416,
              0.11281732185884465
            ],
            [
              -0.4674609500531201,
              0.10899660625649905
            ],
            [
              -0.46833702241849373,
              0.1051685952752973
            ],
            [
              -0.4691817479729145,
              0.10133354513230315
            ],
            [
              -0.4699950701770722,
              0.09749171251572593
            ],
            [
              -0.47077693459355063,
              0.0936433545677414
            ],
            [
              -0.4715272888904715,
              0.08978872886727926
            ],
            [
              -0.4722460828449972,
              0.08592809341278347
            ],
            [
              -0.4729332683466918,
              0.08206170660494447
            ],
            [
              -0.47358879940074194,
              0.07818982722940233
            ],
            [
              -0.4742126321310347,
              0.07431271443942752
            ],
            [
              -0.4748047247830949,
              0.07043062773857356
            ],
            [
              -0.47536503772687916,
              0.06654382696330859
            ],
            [
              -0.47589353345942903,
              0.06265257226562464
            ],
            [
              -0.4763901766073808,
              0.05875712409562351
            ],
            [
              -0.4768549339293333,
              0.054857743184086094
            ],
            [
              -0.4772877743180727,
              0.0509546905250195
            ],
            [
              -0.4776886688026545,
              0.047048227358188865
            ],
            [
              -0.4780575905503429,
              0.04313861515163265
            ],
            [
              -0.47839451486840656,
              0.03922611558416048
            ],
            [
              -0.4786994192057713,
              0.03531099052784018
            ],
            [
              -0.47897228315452967,
              0.031393502030468576
            ],
            [
              -0.4792130884513068,
              0.027473912298032716
            ],
            [
              -0.47942181897848274,
              0.023552483677160507
            ],
            [
              -0.4795984607652714,
              0.019629478637559785
            ],
            [
              -0.4797430019886555,
              0.015705159754452365
            ],
            [
              -0.47985543297417804,
              0.011779789690997798
            ],
            [
              -0.47993574619658963,
              0.007853631180713428
            ],
            [
              -0.4799839362803525,
              0.003926947009889679
            ],
            [
              -0.48,
              -5.878304635907295e-17
            ],
            [
              -0.4799839362803525,
              -0.00392694700989001
            ],
            [
              -0.47993574619658963,
              -0.007853631180713758
            ],
            [
              -0.47985543297417804,
              -0.011779789690998129
            ],
            [
              -0.4797430019886555,
              -0.015705159754452695
            ],
            [
              -0.4795984607652714,
              -0.019629478637560118
            ],
            [
              -0.47942181897848274,
              -0.023552483677160837
            ],
            [
              -0.4792130884513068,
              -0.027473912298033046
            ],
            [
              -0.47897228315452967,
              -0.03139350203046891
            ],
            [
              -0.4786994192057713,
              -0.03531099052784051
            ],
            [
              -0.4784544679155826,
              -0.03845628830249459
            ],
            [
              -0.4825238625670482,
              -0.039012664093552356
            ]
          ]
        ]
      }
    },
    {
      "type": "Feature",
      "properties": {
        "cell_id": "CEG2000_f4_r0023_c0093",
        "method": "GeoAnnulus-Final",
        "view": "annulus"
      },
      "geometry": {
        "type": "Polygon",
        "coordinates": [
          [
            [
              -0.3455706664150628,
              0.3331337646499754
            ],
            [
              -0.34763859981670425,
              0.330979461473792
            ],
            [
              -0.3503347548949612,
              0.32812430497097805
            ],
            [
              -0.35300746130952915,
              0.32524718639797834
            ],
            [
              -0.35565654017038045,
              0.3223482983265687
            ],
            [
              -0.35828181416893146,
              0.3194278347856042
            ],
            [
              -0.36088310758990927,
              0.3164859912480329
            ],
            [
              -0.3634602463231127,
              0.3135229646178127
            ],
            [
              -0.3660130578750665,
              0.3105389532167313
            ],
            [
              -0.36854137138056586,
              0.307534156771133
            ],
            [
              -0.3710450176141138,
              0.30450877639854973
            ],
            [
              -0.3735238290012471,
              0.30146301459424024
            ],
            [
              -0.3759776396297523,
              0.29839707521763703
            ],
            [
              -0.3784062852607712,
              0.2953111634787006
            ],
            [
              -0.38080960333979297,
              0.29220548592418577
            ],
            [
              -0.38318743300753516,
              0.28908025042381524
            ],
            [
              -0.3855396151107097,
              0.2859356661563678
            ],
            [
              -0.3878659922126752,
              0.2827719435956774
            ],
            [
              -0.39016640860397545,
              0.27958929449654474
            ],
            [
              -0.3924407103127603,
              0.27638793188056554
            ],
            [
              -0.3946887451150921,
              0.27316807002187105
            ],
            [
              -0.3969103625451343,
              0.2699299244327869
            ],
            [
              -0.3991054139052218,
              0.2666737118494089
            ],
            [
              -0.40127375227581447,
              0.2633996502170955
            ],
            [
              -0.40341523252533035,
              0.2601079586758806
            ],
            [
              -0.40552971131985943,
              0.2567988575458065
            ],
            [
              -0.40761704713275804,
              0.2534725683121764
            ],
            [
              -0.40967710025412024,
              0.25012931361073104
            ],
            [
              -0.4117097328001307,
              0.24676931721274634
            ],
            [
              -0.41371480872229177,
              0.24339280401005603
            ],
            [
              -0.4156921938165306,
              0.23999999999999988
            ],
            [
              -0.4176417557321816,
              0.2365911322702961
            ],
            [
              -0.4195633639808443,
              0.23316642898384304
            ],
            [
              -0.4214568899451181,
              0.2297261193634467
            ],
            [
              -0.4233222068872105,
              0.22627043367647867
            ],
            [
              -0.4251591899574195,
              0.2227996032194646
            ],
            [
              -0.426967716202491,
              0.21931386030260167
            ],
            [
              -0.42874766457384744,
              0.215813438234211
            ],
            [
              -0.4304989159356904,
              0.2122985713051205
            ],
            [
              -0.4322213530729746,
              0.208769494772984
            ],
            [
              -0.43391486069925284,
              0.20522644484653527
            ],
            [
              -0.43557932546439304,
              0.20166965866977693
            ],
            [
              -0.4372146359621645,
              0.1980993743061093
            ],
            [
              -0.43882068273769476,
              0.19451583072239503
            ],
            [
              -0.44039735829479587,
              0.19091926777296508
            ],
            [
              -0.44194455710315894,
              0.1873099261835653
            ],
            [
              -0.44346217560541773,
              0.18368804753524282
            ],
            [
              -0.4449268640577224,
              0.18011065614606925
            ],
            [
              -0.515806071880259,
              0.22085778468125533
            ],
            [
              -0.3507329762436123,
              0.33811028573411367
            ],
            [
              -0.3455706664150628,
              0.3331337646499754
            ]
          ]
        ]
      }
    },
    {
      "type": "Feature",
      "properties": {
        "cell_id": "CEG2000_f4_r0023_c0094",
        "method": "GeoAnnulus-Final",
        "view": "annulus"
      },
      "geometry": {
        "type": "Polygon",
        "coordinates": [
          [
            [
              -0.20353720284582966,
              0.45171273481589175
            ],
            [
              -0.1293773930257414,
              0.5578373764237662
            ],
            [
              -0.10037560964342494,
              0.5166661264052859
            ],
            [
              -0.0915400055916334,
              0.47118637952148684
            ],
            [
              -0.09364335456774175,
              0.4707769345935505
            ],
            [
              -0.0974917125157265,
              0.4699950701770721
            ],
            [
              -0.10133354513230372,
              0.4691817479729144
            ],
            [
              -0.10516859527529765,
              0.4683370224184936
            ],
            [
              -0.10899660625649941,
              0.46746095005312005
            ],
            [
              -0.11281732185884522,
              0.46655358951421405
            ],
            [
              -0.11663048635356678,
              0.4656150015333811
            ],
            [
              -0.12043584451730904,
              0.4646452489323468
            ],
            [
              -0.12423314164921033,
              0.4636443966187527
            ],
            [
              -0.1280221235879513,
              0.4626125115818111
            ],
            [
              -0.1318025367287677,
              0.4615496628878216
            ],
            [
              -0.13557412804042232,
              0.46045592167554883
            ],
            [
              -0.13933664508214197,
              0.4593313611514602
            ],
            [
              -0.14308983602051525,
              0.4581760565848264
            ],
            [
              -0.14683344964634593,
              0.45699008530268354
            ],
            [
              -0.1505672353914683,
              0.4557735266846575
            ],
            [
              -0.15429094334551766,
              0.45452646215765063
            ],
            [
              -0.1580043242726589,
              0.45324897519039187
            ],
            [
              -0.16170712962826597,
              0.4519411512878498
            ],
            [
              -0.16539911157555867,
              0.4506030779855103
            ],
            [
              -0.16908002300219227,
              0.4492348448435162
            ],
            [
              -0.1727496175367946,
              0.44783654344067453
            ],
            [
              -0.17640764956545776,
              0.4464082673683258
            ],
            [
              -0.18005387424817837,
              0.4449501122240797
            ],
            [
              -0.18368804753524334,
              0.4434621756054175
            ],
            [
              -0.18730992618356584,
              0.4419445571031587
            ],
            [
              -0.19091926777296542,
              0.4403973582947958
            ],
            [
              -0.19451583072239537,
              0.4388206827376946
            ],
            [
              -0.1971884580890825,
              0.43762288383719594
            ],
            [
              -0.20353720284582966,
              0.45171273481589175
            ]
          ]
        ]
      }
    },
    {
      "type": "Feature",
      "properties": {
        "cell_id": "CEG2000_f4_r0023_c0095",
        "method": "GeoAnnulus-Final",
        "view": "annulus"
      },
      "geometry": {
        "type": "Polygon",
        "coordinates": [
          [
            [
              0.4277562155516298,
              0.21776320829097412
            ],
            [
              0.42696771620249074,
              0.21931386030260222
            ],
            [
              0.4251591899574192,
              0.22279960321946515
            ],
            [
              0.4233222068872103,
              0.22627043367647903
            ],
            [
              0.42145688994511793,
              0.22972611936344703
            ],
            [
              0.41956336398084404,
              0.23316642898384357
            ],
            [
              0.4176417557321814,
              0.23659113227029643
            ],
            [
              0.4156921938165304,
              0.2400000000000002
            ],
            [
              0.4137148087222915,
              0.2433928040100565
            ],
            [
              0.41170973280013035,
              0.24676931721274686
            ],
            [
              0.40967710025412013,
              0.2501293136107314
            ],
            [
              0.4076170471327577,
              0.25347256831217696
            ],
            [
              0.40552971131985915,
              0.25679885754580706
            ],
            [
              0.4034152325253302,
              0.260107958675881
            ],
            [
              0.40127375227581424,
              0.2633996502170959
            ],
            [
              0.3991054139052215,
              0.2666737118494094
            ],
            [
              0.39691036254513407,
              0.2699299244327872
            ],
            [
              0.3946887451150919,
              0.2731680700218714
            ],
            [
              0.39244071031275995,
              0.2763879318805661
            ],
            [
              0.3901664086039752,
              0.27958929449654507
            ],
            [
              0.387865992212675,
              0.2827719435956777
            ],
            [
              0.38553961511070933,
              0.2859356661563683
            ],
            [
              0.38318743300753483,
              0.28908025042381574
            ],
            [
              0.38080960333979275,
              0.292205485924186
            ],
            [
              0.3784062852607708,
              0.2953111634787011
            ],
            [
              0.3759776396297519,
              0.29839707521763753
            ],
            [
              0.374079723583177,
              0.3007684462896692
            ],
            [
              0.47139052812953264,
              0.34783573127242445
            ],
            [
              0.46782008304560074,
              0.23815902255349897
            ],
            [
              0.4277562155516298,
              0.21776320829097412
            ]
          ]
        ]
      }
    },
    {
      "type": "Feature",
      "properties": {
        "cell_id": "CEG2000_f4_r0023_c0096",
        "method": "GeoAnnulus-Final",
        "view": "annulus"
      },
      "geometry": {
        "type": "Polygon",
        "coordinates": [
          [
            [
              0.5378245150989036,
              0.20615359002594225
            ],
            [
              0.4831268174895479,
              -0.000680084074944906
            ],
            [
              0.47999723604306543,
              -0.00067567865089071
            ],
            [
              0.48,
              0.0
            ],
            [
              0.4799839362803525,
              0.003926947009890068
            ],
            [
              0.47993574619658963,
              0.00785363118071403
            ],
            [
              0.479855432974178,
              0.011779789690998401
            ],
            [
              0.4797430019886555,
              0.015705159754452754
            ],
            [
              0.4795984607652714,
              0.01962947863756039
            ],
            [
              0.4794218189784827,
              0.02355248367716111
            ],
            [
              0.4792130884513068,
              0.027473912298033105
            ],
            [
              0.47897228315452967,
              0.031393502030468964
            ],
            [
              0.47869941920577125,
              0.035310990527840785
            ],
            [
              0.47839451486840656,
              0.03922611558416087
            ],
            [
              0.47805759055034286,
              0.04313861515163304
            ],
            [
              0.4776886688026545,
              0.04704822735818947
            ],
            [
              0.4772877743180726,
              0.0509546905250201
            ],
            [
              0.47685493392933326,
              0.05485774318408648
            ],
            [
              0.4763901766073807,
              0.058757124095624114
            ],
            [
              0.4758935334594289,
              0.06265257226562523
            ],
            [
              0.4753650377268791,
              0.06654382696330896
            ],
            [
              0.4748047247830948,
              0.07043062773857395
            ],
            [
              0.47421263213103465,
              0.07431271443942812
            ],
            [
              0.4735887994007419,
              0.07818982722940272
            ],
            [
              0.4729332683466917,
              0.08206170660494484
            ],
            [
              0.4722460828449971,
              0.08592809341278407
            ],
            [
              0.4715272888904714,
              0.08978872886727986
            ],
            [
              0.4707769345935505,
              0.09364335456774178
            ],
            [
              0.4699950701770721,
              0.09749171251572651
            ],
            [
              0.4691817479729144,
              0.10133354513230375
            ],
            [
              0.4683370224184936,
              0.10516859527529768
            ],
            [
              0.46746095005312005,
              0.10899660625649944
            ],
            [
              0.466553589514214,
              0.11281732185884524
            ],
            [
              0.4656150015333811,
              0.1166304863535668
            ],
            [
              0.4646452489323468,
              0.12043584451730907
            ],
            [
              0.4636443966187527,
              0.12423314164921034
            ],
            [
              0.462612511581811,
              0.12802212358795173
            ],
            [
              0.4615496628878216,
              0.13180253672876774
            ],
            [
              0.46045592167554883,
              0.13557412804042235
            ],
            [
              0.4593313611514601,
              0.13933664508214239
            ],
            [
              0.45817605658482635,
              0.14308983602051528
            ],
            [
              0.45699008530268354,
              0.14683344964634595
            ],
            [
              0.4557735266846574,
              0.15056723539146832
            ],
            [
              0.45452646215765063,
              0.15429094334551768
            ],
            [
              0.45324897519039187,
              0.15800432427265892
            ],
            [
              0.4519411512878498,
              0.161707129628266
            ],
            [
              0.4506030779855103,
              0.1653991115755587
            ],
            [
              0.4492348448435162,
              0.1690800230021923
            ],
            [
              0.44783654344067453,
              0.17274961753679463
            ],
            [
              0.4464082673683256,
              0.17640764956545815
            ],
            [
              0.4449501122240797,
              0.1800538742481784
            ],
            [
              0.4434621756054175,
              0.18368804753524337
            ],
            [
              0.4419445571031587,
              0.18730992618356587
            ],
            [
              0.44039735829479576,
              0.19091926777296545
            ],
            [
              0.43882068273769453,
              0.1945158307223954
            ],
            [
              0.4372146359621642,
              0.19809937430610983
            ],
            [
              0.4355793254643929,
              0.20166965866977726
            ],
            [
              0.43391486069925267,
              0.2052264448465356
            ],
            [
              0.4322213530729744,
              0.20876949477298454
            ],
            [
              0.4304989159356901,
              0.21229857130512106
            ],
            [
              0.4287476645738472,
              0.21581343823421134
            ],
            [
              0.4277562155516298,
              0.21776320829097404
            ],
            [
              0.46782008304560074,
              0.23815902255349888
            ],
            [
              0.5378245150989036,
              0.20615359002594225
            ]
          ]
        ]
      }
    },
    {
      "type": "Feature",
      "properties": {
        "cell_id": "CEG2000_f4_r0023_c0097",
        "method": "GeoAnnulus-Final",
        "view": "annulus"
      },
      "geometry": {
        "type": "Polygon",
        "coordinates": [
          [
            [
              0.6281894663045704,
              0.009365152954457626
            ],
            [
              0.605550379290144,
              -0.007020090797874399
            ],
            [
              0.490772810578728,
              -0.0031826174868922474
            ],
            [
              0.483126817489548,
              -0.000680084074944888
            ],
            [
              0.5378245150989037,
              0.2061535900259422
            ],
            [
              0.6011761332936749,
              0.20979526605249493
            ],
            [
              0.6443733593823614,
              0.175575684898433
            ],
            [
              0.6281894663045704,
              0.009365152954457626
            ]
          ]
        ]
      }
    },
    {
      "type": "Feature",
      "properties": {
        "cell_id": "CEG2000_f4_r0023_c0098",
        "method": "GeoAnnulus-Final",
        "view": "annulus"
      },
      "geometry": {
        "type": "Polygon",
        "coordinates": [
          [
            [
              0.8484516925338235,
              0.049574098520979104
            ],
            [
              0.7898219490434046,
              0.001717947753845813
            ],
            [
              0.6281894663045704,
              0.009365152954457626
            ],
            [
              0.6443733593823613,
              0.17557568489843306
            ],
            [
              0.752898105420949,
              0.19740637544566153
            ],
            [
              0.8433379313506626,
              0.1308330389211754
            ],
            [
              0.8484516925338235,
              0.049574098520979104
            ]
          ]
        ]
      }
    },
    {
      "type": "Feature",
      "properties": {
        "cell_id": "CEG2000_f4_r0023_c0099",
        "method": "GeoAnnulus-Final",
        "view": "annulus"
      },
      "geometry": {
        "type": "Polygon",
        "coordinates": [
          [
            [
              0.9637136326606117,
              -0.006302489152390345
            ],
            [
              0.8484516925338235,
              0.04957409852097916
            ],
            [
              0.8433379313506626,
              0.1308330389211753
            ],
            [
              0.9176667563091603,
              0.2023268092665118
            ],
            [
              0.9752972775002663,
              0.22087024922905374
            ],
            [
              0.9757021300385285,
              0.21910124015687016
            ],
            [
              0.9774619749435717,
              0.21111155235896614
            ],
            [
              0.9791563962022336,
              0.20310773440776358
            ],
            [
              0.9807852804032303,
              0.19509032201612872
            ],
            [
              0.9823485185218155,
              0.18705985180683304
            ],
            [
              0.9838460059270773,
              0.1790168612766335
            ],
            [
              0.9852776423889411,
              0.17096188876030177
            ],
            [
              0.986643332084879,
              0.162895473394589
            ],
            [
              0.9879429836063223,
              0.15481815508214192
            ],
            [
              0.9891765099647809,
              0.1467304744553624
            ],
            [
              0.9903438285976648,
              0.13863297284022702
            ],
            [
              0.9914448613738103,
              0.13052619222005257
            ],
            [
              0.9924795345987099,
              0.1224106751992169
            ],
            [
              0.9934477790194444,
              0.11428696496684684
            ],
            [
              0.994349529829318,
              0.10615560526045854
            ],
            [
              0.9951847266721968,
              0.0980171403295614
            ],
            [
              0.9959533136465477,
              0.0898721148992355
            ],
            [
              0.9966552393091803,
              0.08172107413366848
            ],
            [
              0.9972904566786901,
              0.0735645635996683
            ],
            [
              0.9978589232386035,
              0.06540312923014367
            ],
            [
              0.9983606009402225,
              0.05723731728756897
            ],
            [
              0.9987954562051723,
              0.04906767432741898
            ],
            [
              0.9991634599276488,
              0.040894747161584144
            ],
            [
              0.9994645874763657,
              0.032719082821776574
            ],
            [
              0.9996988186962041,
              0.024541228522913336
            ],
            [
              0.9998661379095618,
              0.016361731626487564
            ],
            [
              0.9999665339174011,
              0.008181139603937642
            ],
            [
              1.0,
              0.0
            ],
            [
              0.9999731045404439,
              -0.006574880961646272
            ],
            [
              0.9637136326606117,
              -0.006302489152390345
            ]
          ]
        ]
      }
    },
    {
      "type": "Feature",
      "properties": {
        "cell_id": "CEG2000_f4_r0024_c0089",
        "method": "GeoAnnulus-Final",
        "view": "annulus"
      },
      "geometry": {
        "type": "Polygon",
        "coordinates": [
          [
            [
              -0.8240837327784827,
              0.37987775233319443
            ],
            [
              -0.8584772919768631,
              0.20413025111199495
            ],
            [
              -0.9728536980891941,
              0.23138509754223643
            ],
            [
              -0.9719866448212795,
              0.23503608720592636
            ],
            [
              -0.9700312531945441,
              0.24298017990326337
            ],
            [
              -0.9680109352757228,
              0.25090800941105973
            ],
            [
              -0.9659258262890684,
              0.25881904510252035
            ],
            [
              -0.96377606579544,
              0.26671275747489825
            ],
            [
              -0.961561797682962,
              0.274588618184932
            ],
            [
              -0.9592831701573937,
              0.282446100084212
            ],
            [
              -0.9569403357322089,
              0.2902846772544621
            ],
            [
              -0.9545334512183886,
              0.29810382504273947
            ],
            [
              -0.9520626777139244,
              0.3059030200965529
            ],
            [
              -0.9495281805930368,
              0.3136817403988912
            ],
            [
              -0.9469301294951058,
              0.3214394653031611
            ],
            [
              -0.9442686983133166,
              0.3291756755680387
            ],
            [
              -0.9415440651830209,
              0.33688985339221966
            ],
            [
              -0.9387564124698135,
              0.34458148244907993
            ],
            [
              -0.9359059267573259,
              0.3522500479212332
            ],
            [
              -0.9329927988347391,
              0.35989503653498767
            ],
            [
              -0.9300172236840122,
              0.36751593659470333
            ],
            [
              -0.9269794004668331,
              0.37511223801703764
            ],
            [
              -0.923879532511287,
              0.3826834323650892
            ],
            [
              -0.9207178272982478,
              0.39022901288242773
            ],
            [
              -0.9174944964474915,
              0.3977484745270106
            ],
            [
              -0.9142097557035308,
              0.40524131400498964
            ],
            [
              -0.910863824921176,
              0.4127070298043944
            ],
            [
              -0.909087729931921,
              0.41658468128230464
            ],
            [
              -0.8240837327784827,
              0.37987775233319443
            ]
          ]
        ]
      }
    },
    {
      "type": "Feature",
      "properties": {
        "cell_id": "CEG2000_f4_r0024_c0090",
        "method": "GeoAnnulus-Final",
        "view": "annulus"
      },
      "geometry": {
        "type": "Polygon",
        "coordinates": [
          [
            [
              -0.6800463885206383,
              0.1957468189166728
            ],
            [
              -0.7015854929385652,
              0.18233961601835907
            ],
            [
              -0.8584151046873785,
              0.2040439339774749
            ],
            [
              -0.8584772919768626,
              0.2041302511119949
            ],
            [
              -0.8240837327784822,
              0.37987775233319443
            ],
            [
              -0.8002264060419824,
              0.391678224361534
            ],
            [
              -0.6794258443355313,
              0.3546888120599684
            ],
            [
              -0.6800463885206383,
              0.1957468189166728
            ]
          ]
        ]
      }
    },
    {
      "type": "Feature",
      "properties": {
        "cell_id": "CEG2000_f4_r0024_c0091",
        "method": "GeoAnnulus-Final",
        "view": "annulus"
      },
      "geometry": {
        "type": "Polygon",
        "coordinates": [
          [
            [
              -0.5368790815461115,
              0.35363677323560694
            ],
            [
              -0.5307986917214862,
              0.22419038037099076
            ],
            [
              -0.5844512706730494,
              0.18605540285026256
            ],
            [
              -0.6800463885206383,
              0.1957468189166728
            ],
            [
              -0.6794258443355313,
              0.35468881205996844
            ],
            [
              -0.6242029983314186,
              0.3865105534377534
            ],
            [
              -0.5368790815461115,
              0.35363677323560694
            ]
          ]
        ]
      }
    },
    {
      "type": "Feature",
      "properties": {
        "cell_id": "CEG2000_f4_r0024_c0092",
        "method": "GeoAnnulus-Final",
        "view": "annulus"
      },
      "geometry": {
        "type": "Polygon",
        "coordinates": [
          [
            [
              -0.3507329762436122,
              0.3381102857341137
            ],
            [
              -0.5158060718802591,
              0.22085778468125533
            ],
            [
              -0.5307986917214862,
              0.2241903803709908
            ],
            [
              -0.5368790815461115,
              0.35363677323560705
            ],
            [
              -0.4513973669252152,
              0.40182840771860073
            ],
            [
              -0.36707284992500394,
              0.36389851889845437
            ],
            [
              -0.3507329762436122,
              0.3381102857341137
            ]
          ]
        ]
      }
    },
    {
      "type": "Feature",
      "properties": {
        "cell_id": "CEG2000_f4_r0024_c0093",
        "method": "GeoAnnulus-Final",
        "view": "annulus"
      },
      "geometry": {
        "type": "Polygon",
        "coordinates": [
          [
            [
              -0.2910249361378804,
              0.5032791723147594
            ],
            [
              -0.20353720284582935,
              0.4517127348158915
            ],
            [
              -0.19718845808908234,
              0.437622883837196
            ],
            [
              -0.1980993743061098,
              0.4372146359621642
            ],
            [
              -0.20166965866977724,
              0.4355793254643929
            ],
            [
              -0.20522644484653557,
              0.43391486069925267
            ],
            [
              -0.2087694947729845,
              0.4322213530729744
            ],
            [
              -0.21229857130512064,
              0.43049891593569034
            ],
            [
              -0.2158134382342113,
              0.4287476645738472
            ],
            [
              -0.2193138603026022,
              0.42696771620249074
            ],
            [
              -0.22279960321946513,
              0.42515918995741925
            ],
            [
              -0.226270433676479,
              0.42332220688721034
            ],
            [
              -0.229726119363447,
              0.42145688994511793
            ],
            [
              -0.23316642898384354,
              0.41956336398084404
            ],
            [
              -0.2365911322702964,
              0.41764175573218143
            ],
            [
              -0.2400000000000002,
              0.4156921938165304
            ],
            [
              -0.2433928040100565,
              0.4137148087222915
            ],
            [
              -0.24676931721274645,
              0.41170973280013057
            ],
            [
              -0.2501293136107314,
              0.40967710025412013
            ],
            [
              -0.2534725683121769,
              0.4076170471327577
            ],
            [
              -0.25679885754580667,
              0.4055297113198593
            ],
            [
              -0.26010795867588093,
              0.4034152325253302
            ],
            [
              -0.2633996502170958,
              0.40127375227581424
            ],
            [
              -0.2666737118494094,
              0.3991054139052215
            ],
            [
              -0.2699299244327871,
              0.39691036254513407
            ],
            [
              -0.2731680700218713,
              0.39468874511509194
            ],
            [
              -0.27638793188056604,
              0.39244071031275995
            ],
            [
              -0.27958929449654507,
              0.3901664086039752
            ],
            [
              -0.28277194359567764,
              0.387865992212675
            ],
            [
              -0.2859356661563683,
              0.38553961511070933
            ],
            [
              -0.28908025042381535,
              0.3831874330075351
            ],
            [
              -0.292205485924186,
              0.38080960333979275
            ],
            [
              -0.29531116347870107,
              0.3784062852607708
            ],
            [
              -0.2983970752176375,
              0.3759776396297519
            ],
            [
              -0.30146301459424046,
              0.37352382900124687
            ],
            [
              -0.30450877639855,
              0.37104501761411357
            ],
            [
              -0.30753415677113344,
              0.36854137138056553
            ],
            [
              -0.3105389532167316,
              0.36601305787506627
            ],
            [
              -0.313522964617813,
              0.36346024632311247
            ],
            [
              -0.3164859912480331,
              0.3608831075899091
            ],
            [
              -0.31942783478560444,
              0.35828181416893123
            ],
            [
              -0.32234829832656897,
              0.35565654017038023
            ],
            [
              -0.3252471863979788,
              0.35300746130952876
            ],
            [
              -0.32812430497097833,
              0.35033475489496096
            ],
            [
              -0.33097946147379215,
              0.34763859981670403
            ],
            [
              -0.33381246480461374,
              0.3449191765342549
            ],
            [
              -0.3366231253443958,
              0.3421766670645022
            ],
            [
              -0.339411254969543,
              0.3394112549695426
            ],
            [
              -0.34217666706450245,
              0.33662312534439554
            ],
            [
              -0.3449191765342552,
              0.33381246480461346
            ],
            [
              -0.34557066641506284,
              0.3331337646499754
            ],
            [
              -0.350732976243612,
              0.3381102857341133
            ],
            [
              -0.36707284992500405,
              0.3638985188984545
            ],
            [
              -0.2910249361378804,
              0.5032791723147594
            ]
          ]
        ]
      }
    },
    {
      "type": "Feature",
      "properties": {
        "cell_id": "CEG2000_f4_r0024_c0094",
        "method": "GeoAnnulus-Final",
        "view": "annulus"
      },
      "geometry": {
        "type": "Polygon",
        "coordinates": [
          [
            [
              0.06330463211931324,
              0.47580497311660525
            ],
            [
              0.06265257226562461,
              0.47589353345942903
            ],
            [
              0.05875712409562348,
              0.4763901766073808
            ],
            [
              0.05485774318408585,
              0.4768549339293333
            ],
            [
              0.05095469052501947,
              0.4772877743180727
            ],
            [
              0.047048227358188845,
              0.4776886688026545
            ],
            [
              0.043138615151632406,
              0.4780575905503429
            ],
            [
              0.03922611558416066,
              0.47839451486840656
            ],
            [
              0.03531099052784015,
              0.4786994192057713
            ],
            [
              0.03139350203046833,
              0.4789722831545297
            ],
            [
              0.0274739122980329,
              0.4792130884513068
            ],
            [
              0.023552483677160476,
              0.47942181897848274
            ],
            [
              0.019629478637559757,
              0.4795984607652714
            ],
            [
              0.015705159754452122,
              0.4797430019886555
            ],
            [
              0.01177978969099777,
              0.47985543297417804
            ],
            [
              0.007853631180713397,
              0.47993574619658963
            ],
            [
              0.003926947009889436,
              0.4799839362803525
            ],
            [
              -8.817456953860942e-17,
              0.48
            ],
            [
              -0.0039269470098900385,
              0.4799839362803525
            ],
            [
              -0.007853631180714,
              0.47993574619658963
            ],
            [
              -0.011779789690997947,
              0.47985543297417804
            ],
            [
              -0.015705159754452726,
              0.4797430019886555
            ],
            [
              -0.019629478637560357,
              0.4795984607652714
            ],
            [
              -0.02355248367716108,
              0.4794218189784827
            ],
            [
              -0.027473912298033077,
              0.4792130884513068
            ],
            [
              -0.03139350203046894,
              0.47897228315452967
            ],
            [
              -0.03531099052784076,
              0.4786994192057713
            ],
            [
              -0.039226115584160844,
              0.47839451486840656
            ],
            [
              -0.04313861515163301,
              0.47805759055034286
            ],
            [
              -0.04704822735818944,
              0.4776886688026545
            ],
            [
              -0.05095469052501964,
              0.4772877743180727
            ],
            [
              -0.05485774318408645,
              0.47685493392933326
            ],
            [
              -0.058757124095624086,
              0.47639017660738076
            ],
            [
              -0.06265257226562519,
              0.4758935334594289
            ],
            [
              -0.06654382696330895,
              0.4753650377268791
            ],
            [
              -0.0704306277385739,
              0.4748047247830948
            ],
            [
              -0.0743127144394281,
              0.47421263213103465
            ],
            [
              -0.0781898272294027,
              0.4735887994007419
            ],
            [
              -0.08206170660494481,
              0.4729332683466917
            ],
            [
              -0.08592809341278404,
              0.4722460828449971
            ],
            [
              -0.0897887288672794,
              0.4715272888904715
            ],
            [
              -0.09154000559163335,
              0.47118637952148684
            ],
            [
              -0.10037560964342489,
              0.5166661264052859
            ],
            [
              0.05923172279979727,
              0.5117246664115518
            ],
            [
              0.06330463211931324,
              0.47580497311660525
            ]
          ]
        ]
      }
    },
    {
      "type": "Feature",
      "properties": {
        "cell_id": "CEG2000_f4_r0024_c0095",
        "method": "GeoAnnulus-Final",
        "view": "annulus"
      },
      "geometry": {
        "type": "Polygon",
        "coordinates": [
          [
            [
              0.2491910113011343,
              0.5163626983565578
            ],
            [
              0.28996691515997225,
              0.3825128157779776
            ],
            [
              0.2890802504238152,
              0.3831874330075352
            ],
            [
              0.2859356661563678,
              0.3855396151107097
            ],
            [
              0.2827719435956772,
              0.38786599221267537
            ],
            [
              0.2795892944965449,
              0.39016640860397533
            ],
            [
              0.27638793188056554,
              0.3924407103127603
            ],
            [
              0.2731680700218708,
              0.3946887451150922
            ],
            [
              0.26992992443278707,
              0.3969103625451342
            ],
            [
              0.26667371184940886,
              0.3991054139052218
            ],
            [
              0.2633996502170954,
              0.4012737522758146
            ],
            [
              0.26010795867588044,
              0.40341523252533046
            ],
            [
              0.2567988575458065,
              0.40552971131985943
            ],
            [
              0.25347256831217635,
              0.40761704713275804
            ],
            [
              0.2501293136107309,
              0.4096771002541204
            ],
            [
              0.24676931721274634,
              0.4117097328001307
            ],
            [
              0.24339280401005597,
              0.41371480872229177
            ],
            [
              0.23999999999999966,
              0.4156921938165307
            ],
            [
              0.23659113227029624,
              0.4176417557321815
            ],
            [
              0.23316642898384304,
              0.4195633639808443
            ],
            [
              0.22972611936344647,
              0.42145688994511826
            ],
            [
              0.22627043367647845,
              0.4233222068872106
            ],
            [
              0.22279960321946457,
              0.4251591899574195
            ],
            [
              0.21931386030260164,
              0.426967716202491
            ],
            [
              0.21581343823421079,
              0.42874766457384755
            ],
            [
              0.21229857130512048,
              0.43049891593569045
            ],
            [
              0.20876949477298398,
              0.4322213530729746
            ],
            [
              0.20522644484653504,
              0.43391486069925295
            ],
            [
              0.20166965866977707,
              0.435579325464393
            ],
            [
              0.19809937430610927,
              0.4372146359621645
            ],
            [
              0.1945158307223948,
              0.4388206827376948
            ],
            [
              0.19091926777296486,
              0.440397358294796
            ],
            [
              0.1873099261835653,
              0.44194455710315894
            ],
            [
              0.1836880475352428,
              0.44346217560541773
            ],
            [
              0.18005387424817781,
              0.44495011222407993
            ],
            [
              0.17640764956545757,
              0.44640826736832584
            ],
            [
              0.17274961753679405,
              0.44783654344067475
            ],
            [
              0.1690800230021917,
              0.44923484484351645
            ],
            [
              0.16539911157555853,
              0.45060307798551036
            ],
            [
              0.16170712962826542,
              0.45194115128785
            ],
            [
              0.15800432427265834,
              0.45324897519039203
            ],
            [
              0.1542909433455175,
              0.4545264621576507
            ],
            [
              0.15056723539146774,
              0.45577352668465765
            ],
            [
              0.14683344964634537,
              0.45699008530268376
            ],
            [
              0.1445702703657033,
              0.4577070571650208
            ],
            [
              0.2491910113011343,
              0.5163626983565578
            ]
          ]
        ]
      }
    },
    {
      "type": "Feature",
      "properties": {
        "cell_id": "CEG2000_f4_r0024_c0096",
        "method": "GeoAnnulus-Final",
        "view": "annulus"
      },
      "geometry": {
        "type": "Polygon",
        "coordinates": [
          [
            [
              0.393510985396016,
              0.41349689295288056
            ],
            [
              0.4725554510087022,
              0.3602053862718546
            ],
            [
              0.4713905281295327,
              0.3478357312724244
            ],
            [
              0.37407972358317704,
              0.30076844628966914
            ],
            [
              0.37352382900124687,
              0.3014630145942405
            ],
            [
              0.37104501761411357,
              0.30450877639855006
            ],
            [
              0.3685413713805655,
              0.30753415677113344
            ],
            [
              0.3660130578750662,
              0.3105389532167316
            ],
            [
              0.3634602463231124,
              0.313522964617813
            ],
            [
              0.36088310758990894,
              0.3164859912480333
            ],
            [
              0.3582818141689311,
              0.3194278347856046
            ],
            [
              0.3556565401703802,
              0.32234829832656897
            ],
            [
              0.35300746130952876,
              0.32524718639797884
            ],
            [
              0.3503347548949608,
              0.32812430497097855
            ],
            [
              0.347638599816704,
              0.3309794614737922
            ],
            [
              0.34491917653425486,
              0.3338124648046138
            ],
            [
              0.34217666706450206,
              0.336623125344396
            ],
            [
              0.3394112549695427,
              0.3394112549695429
            ],
            [
              0.33662312534439554,
              0.3421766670645025
            ],
            [
              0.33381246480461335,
              0.34491917653425536
            ],
            [
              0.33097946147379176,
              0.3476385998167045
            ],
            [
              0.32812430497097805,
              0.35033475489496124
            ],
            [
              0.32524718639797834,
              0.35300746130952915
            ],
            [
              0.32234829832656847,
              0.3556565401703807
            ],
            [
              0.31942783478560416,
              0.3582818141689315
            ],
            [
              0.31648599124803284,
              0.3608831075899093
            ],
            [
              0.31352296461781254,
              0.36346024632311286
            ],
            [
              0.3105389532167314,
              0.3660130578750664
            ],
            [
              0.307534156771133,
              0.36854137138056586
            ],
            [
              0.30450877639854956,
              0.37104501761411396
            ],
            [
              0.30146301459424,
              0.37352382900124725
            ],
            [
              0.298397075217637,
              0.3759776396297523
            ],
            [
              0.2981697130014308,
              0.3761565761320769
            ],
            [
              0.393510985396016,
              0.41349689295288056
            ]
          ]
        ]
      }
    },
    {
      "type": "Feature",
      "properties": {
        "cell_id": "CEG2000_f4_r0024_c0097",
        "method": "GeoAnnulus-Final",
        "view": "annulus"
      },
      "geometry": {
        "type": "Polygon",
        "coordinates": [
          [
            [
              0.6011761332936749,
              0.20979526605249493
            ],
            [
              0.5378245150989036,
              0.2061535900259422
            ],
            [
              0.46782008304560074,
              0.23815902255349886
            ],
            [
              0.4713905281295327,
              0.3478357312724249
            ],
            [
              0.47255545100870217,
              0.3602053862718546
            ],
            [
              0.5425744223539803,
              0.38834250500327155
            ],
            [
              0.6258769657268343,
              0.3411894986963434
            ],
            [
              0.6011761332936749,
              0.20979526605249493
            ]
          ]
        ]
      }
    },
    {
      "type": "Feature",
      "properties": {
        "cell_id": "CEG2000_f4_r0024_c0098",
        "method": "GeoAnnulus-Final",
        "view": "annulus"
      },
      "geometry": {
        "type": "Polygon",
        "coordinates": [
          [
            [
              0.7528981054209489,
              0.19740637544566156
            ],
            [
              0.6443733593823613,
              0.17557568489843312
            ],
            [
              0.6011761332936749,
              0.2097952660524949
            ],
            [
              0.6258769657268343,
              0.34118949869634346
            ],
            [
              0.6831386866527305,
              0.36279199958155905
            ],
            [
              0.7630063742763934,
              0.32271753098087075
            ],
            [
              0.7528981054209489,
              0.19740637544566156
            ]
          ]
        ]
      }
    },
    {
      "type": "Feature",
      "properties": {
        "cell_id": "CEG2000_f4_r0024_c0099",
        "method": "GeoAnnulus-Final",
        "view": "annulus"
      },
      "geometry": {
        "type": "Polygon",
        "coordinates": [
          [
            [
              0.9176667563091603,
              0.20232680926651184
            ],
            [
              0.8433379313506626,
              0.13083303892117545
            ],
            [
              0.7528981054209489,
              0.19740637544566153
            ],
            [
              0.7630063742763935,
              0.32271753098087075
            ],
            [
              0.8118924600564773,
              0.34745270547702006
            ],
            [
              0.8422964981136839,
              0.33789810372350326
            ],
            [
              0.9176667563091603,
              0.20232680926651184
            ]
          ]
        ]
      }
    },
    {
      "type": "Feature",
      "properties": {
        "cell_id": "CEG2000_f4_r0024_c0100",
        "method": "GeoAnnulus-Final",
        "view": "annulus"
      },
      "geometry": {
        "type": "Polygon",
        "coordinates": [
          [
            [
              0.9176667563091605,
              0.20232680926651186
            ],
            [
              0.8422964981136838,
              0.3378981037235032
            ],
            [
              0.8907636978073317,
              0.3530926349586325
            ],
            [
              0.9332012724001958,
              0.3593479345619407
            ],
            [
              0.9359059267573255,
              0.352250047921234
            ],
            [
              0.9387564124698131,
              0.34458148244908066
            ],
            [
              0.9415440651830205,
              0.33688985339222083
            ],
            [
              0.9442686983133164,
              0.32917567556803945
            ],
            [
              0.9469301294951056,
              0.32143946530316186
            ],
            [
              0.9495281805930363,
              0.31368174039889235
            ],
            [
              0.952062677713924,
              0.30590302009655407
            ],
            [
              0.9545334512183883,
              0.2981038250427402
            ],
            [
              0.9569403357322086,
              0.29028467725446333
            ],
            [
              0.9592831701573934,
              0.2824461000842132
            ],
            [
              0.9615617976829618,
              0.2745886181849328
            ],
            [
              0.9637760657954396,
              0.2667127574748994
            ],
            [
              0.9659258262890681,
              0.25881904510252157
            ],
            [
              0.9680109352757226,
              0.25090800941106056
            ],
            [
              0.970031253194544,
              0.24298017990326418
            ],
            [
              0.9719866448212792,
              0.23503608720592759
            ],
            [
              0.9738769792773335,
              0.22707626303437384
            ],
            [
              0.9752972775002663,
              0.22087024922905374
            ],
            [
              0.9176667563091605,
              0.20232680926651186
            ]
          ]
        ]
      }
    },
    {
      "type": "Feature",
      "properties": {
        "cell_id": "CEG2000_f4_r0025_c0089",
        "method": "GeoAnnulus-Final",
        "view": "annulus"
      },
      "geometry": {
        "type": "Polygon",
        "coordinates": [
          [
            [
              -0.7636987656658587,
              0.5176584657006918
            ],
            [
              -0.8002264060419823,
              0.3916782243615338
            ],
            [
              -0.8240837327784822,
              0.3798777523331942
            ],
            [
              -0.909087729931921,
              0.4165846812823046
            ],
            [
              -0.9074569280508189,
              0.42014512222870193
            ],
            [
              -0.9039892931234434,
              0.4275550934302818
            ],
            [
              -0.9004611522353638,
              0.4349364474437167
            ],
            [
              -0.8968727415326884,
              0.4422886902190011
            ],
            [
              -0.8932243011955155,
              0.44961132965460626
            ],
            [
              -0.8895160754218563,
              0.4569038756304202
            ],
            [
              -0.8857483124112907,
              0.4641658400405513
            ],
            [
              -0.8819212643483553,
              0.47139673682599725
            ],
            [
              -0.8780351873856628,
              0.4785960820071806
            ],
            [
              -0.874090341626759,
              0.4857633937163397
            ],
            [
              -0.8700869911087117,
              0.49289819222978354
            ],
            [
              -0.8660254037844388,
              0.4999999999999998
            ],
            [
              -0.8619058515047745,
              0.5070683416876167
            ],
            [
              -0.8577286100002722,
              0.5141027441932216
            ],
            [
              -0.8534939588627506,
              0.5211027366890231
            ],
            [
              -0.8492021815265792,
              0.5280678506503675
            ],
            [
              -0.8448535652497072,
              0.5349976198870969
            ],
            [
              -0.8404484010944383,
              0.5418915805747513
            ],
            [
              -0.8359869839079468,
              0.5487492712856157
            ],
            [
              -0.8314696123025455,
              0.555570233019602
            ],
            [
              -0.8277563258563613,
              0.5610786462948475
            ],
            [
              -0.7636987656658587,
              0.5176584657006918
            ]
          ]
        ]
      }
    },
    {
      "type": "Feature",
      "properties": {
        "cell_id": "CEG2000_f4_r0025_c0090",
        "method": "GeoAnnulus-Final",
        "view": "annulus"
      },
      "geometry": {
        "type": "Polygon",
        "coordinates": [
          [
            [
              -0.6242029983314185,
              0.3865105534377534
            ],
            [
              -0.6794258443355313,
              0.3546888120599684
            ],
            [
              -0.8002264060419824,
              0.3916782243615339
            ],
            [
              -0.7636987656658588,
              0.5176584657006917
            ],
            [
              -0.724927971020923,
              0.5352910895308185
            ],
            [
              -0.6245558129851385,
              0.49359444509279676
            ],
            [
              -0.6242029983314185,
              0.3865105534377534
            ]
          ]
        ]
      }
    },
    {
      "type": "Feature",
      "properties": {
        "cell_id": "CEG2000_f4_r0025_c0091",
        "method": "GeoAnnulus-Final",
        "view": "annulus"
      },
      "geometry": {
        "type": "Polygon",
        "coordinates": [
          [
            [
              -0.45139736692521526,
              0.4018284077186008
            ],
            [
              -0.5368790815461115,
              0.353636773235607
            ],
            [
              -0.6242029983314185,
              0.3865105534377535
            ],
            [
              -0.6245558129851386,
              0.4935944450927967
            ],
            [
              -0.5729183030854009,
              0.5339137675842003
            ],
            [
              -0.4684888419011873,
              0.5033060265419078
            ],
            [
              -0.45139736692521526,
              0.4018284077186008
            ]
          ]
        ]
      }
    },
    {
      "type": "Feature",
      "properties": {
        "cell_id": "CEG2000_f4_r0025_c0092",
        "method": "GeoAnnulus-Final",
        "view": "annulus"
      },
      "geometry": {
        "type": "Polygon",
        "coordinates": [
          [
            [
              -0.2910249361378803,
              0.5032791723147594
            ],
            [
              -0.367072849925004,
              0.36389851889845437
            ],
            [
              -0.45139736692521515,
              0.40182840771860073
            ],
            [
              -0.4684888419011872,
              0.5033060265419081
            ],
            [
              -0.4269878431036086,
              0.5514407547641414
            ],
            [
              -0.2987737625615086,
              0.5344710586842226
            ],
            [
              -0.2910249361378803,
              0.5032791723147594
            ]
          ]
        ]
      }
    },
    {
      "type": "Feature",
      "properties": {
        "cell_id": "CEG2000_f4_r0025_c0093",
        "method": "GeoAnnulus-Final",
        "view": "annulus"
      },
      "geometry": {
        "type": "Polygon",
        "coordinates": [
          [
            [
              -0.13159568600043686,
              0.5794283821649756
            ],
            [
              -0.12937739302574142,
              0.5578373764237664
            ],
            [
              -0.2035372028458298,
              0.4517127348158918
            ],
            [
              -0.29102493613788033,
              0.5032791723147594
            ],
            [
              -0.29877376256150867,
              0.5344710586842226
            ],
            [
              -0.2718146881740724,
              0.5830152326840935
            ],
            [
              -0.13159568600043686,
              0.5794283821649756
            ]
          ]
        ]
      }
    },
    {
      "type": "Feature",
      "properties": {
        "cell_id": "CEG2000_f4_r0025_c0094",
        "method": "GeoAnnulus-Final",
        "view": "annulus"
      },
      "geometry": {
        "type": "Polygon",
        "coordinates": [
          [
            [
              0.06389700608025706,
              0.5621824781471796
            ],
            [
              0.05923172279979727,
              0.5117246664115517
            ],
            [
              -0.10037560964342479,
              0.5166661264052858
            ],
            [
              -0.12937739302574144,
              0.5578373764237663
            ],
            [
              -0.1315956860004369,
              0.5794283821649756
            ],
            [
              -0.1088334943071021,
              0.6130231207216571
            ],
            [
              0.06389700608025706,
              0.5621824781471796
            ]
          ]
        ]
      }
    },
    {
      "type": "Feature",
      "properties": {
        "cell_id": "CEG2000_f4_r0025_c0095",
        "method": "GeoAnnulus-Final",
        "view": "annulus"
      },
      "geometry": {
        "type": "Polygon",
        "coordinates": [
          [
            [
              0.0592317227997973,
              0.5117246664115517
            ],
            [
              0.06389700608025708,
              0.5621824781471797
            ],
            [
              0.06420996256200512,
              0.5626488288291634
            ],
            [
              0.2248185729016786,
              0.5905921002006167
            ],
            [
              0.2578217111748471,
              0.5533122568870472
            ],
            [
              0.2491910113011344,
              0.5163626983565581
            ],
            [
              0.1445702703657028,
              0.45770705716502097
            ],
            [
              0.1430898360205147,
              0.4581760565848266
            ],
            [
              0.13933664508214177,
              0.4593313611514603
            ],
            [
              0.13557412804042174,
              0.460455921675549
            ],
            [
              0.13180253672876713,
              0.4615496628878218
            ],
            [
              0.12802212358795112,
              0.46261251158181116
            ],
            [
              0.12423314164920973,
              0.46364439661875284
            ],
            [
              0.12043584451730845,
              0.464645248932347
            ],
            [
              0.1166304863535666,
              0.4656150015333811
            ],
            [
              0.11281732185884462,
              0.46655358951421416
            ],
            [
              0.10899660625649883,
              0.4674609500531202
            ],
            [
              0.10516859527529705,
              0.4683370224184938
            ],
            [
              0.10133354513230314,
              0.4691817479729145
            ],
            [
              0.0974917125157259,
              0.4699950701770722
            ],
            [
              0.09364335456774116,
              0.4707769345935507
            ],
            [
              0.08978872886727923,
              0.4715272888904715
            ],
            [
              0.08592809341278344,
              0.4722460828449972
            ],
            [
              0.08206170660494422,
              0.4729332683466918
            ],
            [
              0.07818982722940253,
              0.4735887994007419
            ],
            [
              0.0743127144394275,
              0.4742126321310347
            ],
            [
              0.07043062773857332,
              0.47480472478309493
            ],
            [
              0.06654382696330834,
              0.4753650377268792
            ],
            [
              0.06330463211931325,
              0.47580497311660525
            ],
            [
              0.0592317227997973,
              0.5117246664115517
            ]
          ]
        ]
      }
    },
    {
      "type": "Feature",
      "properties": {
        "cell_id": "CEG2000_f4_r0025_c0096",
        "method": "GeoAnnulus-Final",
        "view": "annulus"
      },
      "geometry": {
        "type": "Polygon",
        "coordinates": [
          [
            [
              0.2491910113011343,
              0.5163626983565578
            ],
            [
              0.2578217111748471,
              0.5533122568870472
            ],
            [
              0.3615410914420304,
              0.5643123772472012
            ],
            [
              0.40828265791670315,
              0.5105643162975719
            ],
            [
              0.39351098539601603,
              0.41349689295288056
            ],
            [
              0.29816971300143086,
              0.37615657613207687
            ],
            [
              0.2953111634787006,
              0.3784062852607712
            ],
            [
              0.29220548592418555,
              0.38080960333979313
            ],
            [
              0.28996691515997225,
              0.3825128157779776
            ],
            [
              0.2491910113011343,
              0.5163626983565578
            ]
          ]
        ]
      }
    },
    {
      "type": "Feature",
      "properties": {
        "cell_id": "CEG2000_f4_r0025_c0097",
        "method": "GeoAnnulus-Final",
        "view": "annulus"
      },
      "geometry": {
        "type": "Polygon",
        "coordinates": [
          [
            [
              0.562327850470943,
              0.4882313545142992
            ],
            [
              0.5425744223539805,
              0.3883425050032716
            ],
            [
              0.4725554510087022,
              0.3602053862718547
            ],
            [
              0.39351098539601603,
              0.4134968929528807
            ],
            [
              0.40828265791670315,
              0.510564316297572
            ],
            [
              0.5042019107907462,
              0.5357139849162837
            ],
            [
              0.562327850470943,
              0.4882313545142992
            ]
          ]
        ]
      }
    },
    {
      "type": "Feature",
      "properties": {
        "cell_id": "CEG2000_f4_r0025_c0098",
        "method": "GeoAnnulus-Final",
        "view": "annulus"
      },
      "geometry": {
        "type": "Polygon",
        "coordinates": [
          [
            [
              0.6831386866527305,
              0.36279199958155905
            ],
            [
              0.6258769657268342,
              0.3411894986963434
            ],
            [
              0.5425744223539805,
              0.3883425050032716
            ],
            [
              0.5623278504709431,
              0.4882313545142993
            ],
            [
              0.6340073905795784,
              0.5117928345972065
            ],
            [
              0.6934704381379707,
              0.468817503623627
            ],
            [
              0.6831386866527305,
              0.36279199958155905
            ]
          ]
        ]
      }
    },
    {
      "type": "Feature",
      "properties": {
        "cell_id": "CEG2000_f4_r0025_c0099",
        "method": "GeoAnnulus-Final",
        "view": "annulus"
      },
      "geometry": {
        "type": "Polygon",
        "coordinates": [
          [
            [
              0.823999097425265,
              0.4825352884684262
            ],
            [
              0.8118924600564773,
              0.34745270547702
            ],
            [
              0.7630063742763935,
              0.32271753098087075
            ],
            [
              0.6831386866527306,
              0.36279199958155905
            ],
            [
              0.6934704381379708,
              0.46881750362362706
            ],
            [
              0.7726490642393158,
              0.4972590020406016
            ],
            [
              0.823999097425265,
              0.4825352884684262
            ]
          ]
        ]
      }
    },
    {
      "type": "Feature",
      "properties": {
        "cell_id": "CEG2000_f4_r0025_c0100",
        "method": "GeoAnnulus-Final",
        "view": "annulus"
      },
      "geometry": {
        "type": "Polygon",
        "coordinates": [
          [
            [
              0.8907636978073318,
              0.3530926349586326
            ],
            [
              0.842296498113684,
              0.3378981037235032
            ],
            [
              0.8118924600564773,
              0.34745270547702006
            ],
            [
              0.823999097425265,
              0.48253528846842614
            ],
            [
              0.8648776773559761,
              0.5019692728747074
            ],
            [
              0.8660254037844384,
              0.5000000000000004
            ],
            [
              0.8700869911087112,
              0.49289819222978426
            ],
            [
              0.8740903416267585,
              0.4857633937163408
            ],
            [
              0.8780351873856624,
              0.47859608200718134
            ],
            [
              0.8819212643483548,
              0.471396736825998
            ],
            [
              0.88574831241129,
              0.4641658400405524
            ],
            [
              0.8864650868841631,
              0.46278433310991507
            ],
            [
              0.8907636978073318,
              0.3530926349586326
            ]
          ]
        ]
      }
    },
    {
      "type": "Feature",
      "properties": {
        "cell_id": "CEG2000_f4_r0025_c0101",
        "method": "GeoAnnulus-Final",
        "view": "annulus"
      },
      "geometry": {
        "type": "Polygon",
        "coordinates": [
          [
            [
              0.8907636978073318,
              0.35309263495863263
            ],
            [
              0.8864650868841631,
              0.46278433310991507
            ],
            [
              0.8895160754218557,
              0.4569038756304213
            ],
            [
              0.8932243011955151,
              0.449611329654607
            ],
            [
              0.8968727415326878,
              0.44228869021900225
            ],
            [
              0.9004611522353633,
              0.4349364474437178
            ],
            [
              0.9039892931234431,
              0.42755509343028253
            ],
            [
              0.9074569280508186,
              0.42014512222870265
            ],
            [
              0.9108638249211755,
              0.4127070298043955
            ],
            [
              0.9142097557035304,
              0.4052413140049904
            ],
            [
              0.9174944964474911,
              0.39774847452701134
            ],
            [
              0.9207178272982474,
              0.3902290128824289
            ],
            [
              0.9238795325112865,
              0.3826834323650904
            ],
            [
              0.9269794004668328,
              0.37511223801703836
            ],
            [
              0.9300172236840117,
              0.3675159365947045
            ],
            [
              0.9329927988347386,
              0.35989503653498883
            ],
            [
              0.9332012724001958,
              0.3593479345619408
            ],
            [
              0.8907636978073318,
              0.35309263495863263
            ]
          ]
        ]
      }
    },
    {
      "type": "Feature",
      "properties": {
        "cell_id": "CEG2000_f4_r0026_c0089",
        "method": "GeoAnnulus-Final",
        "view": "annulus"
      },
      "geometry": {
        "type": "Polygon",
        "coordinates": [
          [
            [
              -0.7013635277367064,
              0.634712941563045
            ],
            [
              -0.7249279710209231,
              0.5352910895308187
            ],
            [
              -0.7636987656658589,
              0.517658465700692
            ],
            [
              -0.8277563258563613,
              0.5610786462948474
            ],
            [
              -0.8268965886356965,
              0.5623540092349727
            ],
            [
              -0.8222682189897753,
              0.569100145878898
            ],
            [
              -0.8175848131515839,
              0.5758081914178449
            ],
            [
              -0.8128466845916156,
              0.5824776968678016
            ],
            [
              -0.8080541504430734,
              0.5891082158243279
            ],
            [
              -0.8032075314806453,
              0.5956993044924329
            ],
            [
              -0.7983071520990316,
              0.6022505217162818
            ],
            [
              -0.7933533402912354,
              0.6087614290087203
            ],
            [
              -0.7883464276266067,
              0.6152315905806264
            ],
            [
              -0.7832867492286506,
              0.6216605733700772
            ],
            [
              -0.7781746437525981,
              0.6280479470713338
            ],
            [
              -0.7730104533627371,
              0.6343932841636453
            ],
            [
              -0.7677945237095123,
              0.6406961599398604
            ],
            [
              -0.7625272039063885,
              0.6469561525348569
            ],
            [
              -0.7572088465064848,
              0.6531728429537765
            ],
            [
              -0.7518398074789777,
              0.6593458151000685
            ],
            [
              -0.7464204461852739,
              0.6654746558033421
            ],
            [
              -0.7414569347477928,
              0.6709962715266246
            ],
            [
              -0.7013635277367064,
              0.634712941563045
            ]
          ]
        ]
      }
    },
    {
      "type": "Feature",
      "properties": {
        "cell_id": "CEG2000_f4_r0026_c0090",
        "method": "GeoAnnulus-Final",
        "view": "annulus"
      },
      "geometry": {
        "type": "Polygon",
        "coordinates": [
          [
            [
              -0.572918303085401,
              0.5339137675842003
            ],
            [
              -0.6245558129851385,
              0.49359444509279693
            ],
            [
              -0.7249279710209231,
              0.5352910895308187
            ],
            [
              -0.7013635277367064,
              0.6347129415630451
            ],
            [
              -0.6318086335594745,
              0.6534985315628113
            ],
            [
              -0.5813036459453765,
              0.6390889979504806
            ],
            [
              -0.572918303085401,
              0.5339137675842003
            ]
          ]
        ]
      }
    },
    {
      "type": "Feature",
      "properties": {
        "cell_id": "CEG2000_f4_r0026_c0091",
        "method": "GeoAnnulus-Final",
        "view": "annulus"
      },
      "geometry": {
        "type": "Polygon",
        "coordinates": [
          [
            [
              -0.42698784310360843,
              0.5514407547641413
            ],
            [
              -0.4684888419011873,
              0.5033060265419078
            ],
            [
              -0.5729183030854009,
              0.5339137675842002
            ],
            [
              -0.5813036459453763,
              0.6390889979504805
            ],
            [
              -0.5363238735087632,
              0.672537317026403
            ],
            [
              -0.43810123336271767,
              0.6423582950731621
            ],
            [
              -0.42698784310360843,
              0.5514407547641413
            ]
          ]
        ]
      }
    },
    {
      "type": "Feature",
      "properties": {
        "cell_id": "CEG2000_f4_r0026_c0092",
        "method": "GeoAnnulus-Final",
        "view": "annulus"
      },
      "geometry": {
        "type": "Polygon",
        "coordinates": [
          [
            [
              -0.27181468817407234,
              0.5830152326840936
            ],
            [
              -0.29877376256150867,
              0.5344710586842226
            ],
            [
              -0.42698784310360854,
              0.5514407547641413
            ],
            [
              -0.4381012333627178,
              0.6423582950731621
            ],
            [
              -0.393882185753905,
              0.6829306462110705
            ],
            [
              -0.28733628753454793,
              0.6594972254891669
            ],
            [
              -0.27181468817407234,
              0.5830152326840936
            ]
          ]
        ]
      }
    },
    {
      "type": "Feature",
      "properties": {
        "cell_id": "CEG2000_f4_r0026_c0093",
        "method": "GeoAnnulus-Final",
        "view": "annulus"
      },
      "geometry": {
        "type": "Polygon",
        "coordinates": [
          [
            [
              -0.11004875307002437,
              0.6799744871689684
            ],
            [
              -0.10883349430710211,
              0.613023120721657
            ],
            [
              -0.13159568600043686,
              0.5794283821649756
            ],
            [
              -0.27181468817407234,
              0.5830152326840935
            ],
            [
              -0.28733628753454793,
              0.6594972254891668
            ],
            [
              -0.251613026512458,
              0.7082952900763525
            ],
            [
              -0.11004875307002437,
              0.6799744871689684
            ]
          ]
        ]
      }
    },
    {
      "type": "Feature",
      "properties": {
        "cell_id": "CEG2000_f4_r0026_c0094",
        "method": "GeoAnnulus-Final",
        "view": "annulus"
      },
      "geometry": {
        "type": "Polygon",
        "coordinates": [
          [
            [
              0.06663293214598727,
              0.7049588186965061
            ],
            [
              0.06420996256200509,
              0.5626488288291632
            ],
            [
              0.06389700608025714,
              0.5621824781471796
            ],
            [
              -0.1088334943071021,
              0.6130231207216572
            ],
            [
              -0.11004875307002435,
              0.6799744871689684
            ],
            [
              -0.09076293744986152,
              0.7088687101179267
            ],
            [
              0.06637492200072292,
              0.7052655075466986
            ],
            [
              0.06663293214598727,
              0.7049588186965061
            ]
          ]
        ]
      }
    },
    {
      "type": "Feature",
      "properties": {
        "cell_id": "CEG2000_f4_r0026_c0095",
        "method": "GeoAnnulus-Final",
        "view": "annulus"
      },
      "geometry": {
        "type": "Polygon",
        "coordinates": [
          [
            [
              0.22860779804533393,
              0.6983568106594387
            ],
            [
              0.22481857290167861,
              0.5905921002006167
            ],
            [
              0.06420996256200509,
              0.5626488288291634
            ],
            [
              0.06663293214598724,
              0.7049588186965062
            ],
            [
              0.2128043389403885,
              0.7132751488767453
            ],
            [
              0.22860779804533393,
              0.6983568106594387
            ]
          ]
        ]
      }
    },
    {
      "type": "Feature",
      "properties": {
        "cell_id": "CEG2000_f4_r0026_c0096",
        "method": "GeoAnnulus-Final",
        "view": "annulus"
      },
      "geometry": {
        "type": "Polygon",
        "coordinates": [
          [
            [
              0.38845714697966205,
              0.6573833570667964
            ],
            [
              0.3615410914420303,
              0.5643123772472012
            ],
            [
              0.2578217111748471,
              0.5533122568870472
            ],
            [
              0.22481857290167861,
              0.5905921002006167
            ],
            [
              0.22860779804533393,
              0.6983568106594387
            ],
            [
              0.3397596494532009,
              0.7157443761324283
            ],
            [
              0.38845714697966205,
              0.6573833570667964
            ]
          ]
        ]
      }
    },
    {
      "type": "Feature",
      "properties": {
        "cell_id": "CEG2000_f4_r0026_c0097",
        "method": "GeoAnnulus-Final",
        "view": "annulus"
      },
      "geometry": {
        "type": "Polygon",
        "coordinates": [
          [
            [
              0.5042019107907462,
              0.5357139849162836
            ],
            [
              0.40828265791670326,
              0.5105643162975719
            ],
            [
              0.3615410914420303,
              0.5643123772472012
            ],
            [
              0.3884571469796621,
              0.6573833570667964
            ],
            [
              0.461343906119919,
              0.6692771275612217
            ],
            [
              0.521314361874966,
              0.6320776024504074
            ],
            [
              0.5042019107907462,
              0.5357139849162836
            ]
          ]
        ]
      }
    },
    {
      "type": "Feature",
      "properties": {
        "cell_id": "CEG2000_f4_r0026_c0098",
        "method": "GeoAnnulus-Final",
        "view": "annulus"
      },
      "geometry": {
        "type": "Polygon",
        "coordinates": [
          [
            [
              0.6517251018111316,
              0.611861881197771
            ],
            [
              0.6340073905795784,
              0.5117928345972065
            ],
            [
              0.562327850470943,
              0.48823135451429917
            ],
            [
              0.5042019107907462,
              0.5357139849162836
            ],
            [
              0.521314361874966,
              0.6320776024504074
            ],
            [
              0.5849860083394508,
              0.6559005564918043
            ],
            [
              0.6517251018111316,
              0.611861881197771
            ]
          ]
        ]
      }
    },
    {
      "type": "Feature",
      "properties": {
        "cell_id": "CEG2000_f4_r0026_c0099",
        "method": "GeoAnnulus-Final",
        "view": "annulus"
      },
      "geometry": {
        "type": "Polygon",
        "coordinates": [
          [
            [
              0.7726490642393158,
              0.49725900204060164
            ],
            [
              0.6934704381379707,
              0.46881750362362706
            ],
            [
              0.6340073905795784,
              0.5117928345972065
            ],
            [
              0.6517251018111316,
              0.611861881197771
            ],
            [
              0.666085234120544,
              0.6165282174031764
            ],
            [
              0.7378971101642546,
              0.6172491424813675
            ],
            [
              0.7726490642393158,
              0.49725900204060164
            ]
          ]
        ]
      }
    },
    {
      "type": "Feature",
      "properties": {
        "cell_id": "CEG2000_f4_r0026_c0100",
        "method": "GeoAnnulus-Final",
        "view": "annulus"
      },
      "geometry": {
        "type": "Polygon",
        "coordinates": [
          [
            [
              0.8239990974252649,
              0.4825352884684262
            ],
            [
              0.7726490642393159,
              0.4972590020406015
            ],
            [
              0.7378971101642549,
              0.6172491424813675
            ],
            [
              0.7670231014426159,
              0.6416129635247733
            ],
            [
              0.7677945237095114,
              0.6406961599398614
            ],
            [
              0.7730104533627367,
              0.6343932841636459
            ],
            [
              0.7781746437525977,
              0.6280479470713345
            ],
            [
              0.7832867492286498,
              0.6216605733700782
            ],
            [
              0.7883464276266059,
              0.6152315905806274
            ],
            [
              0.7933533402912349,
              0.6087614290087209
            ],
            [
              0.7983071520990309,
              0.6022505217162828
            ],
            [
              0.8032075314806445,
              0.5956993044924339
            ],
            [
              0.8080541504430729,
              0.5891082158243286
            ],
            [
              0.8128466845916151,
              0.5824776968678023
            ],
            [
              0.8175848131515833,
              0.575808191417846
            ],
            [
              0.8222682189897748,
              0.5691001458788987
            ],
            [
              0.826896588635696,
              0.5623540092349734
            ],
            [
              0.8314696123025448,
              0.555570233019603
            ],
            [
              0.8359869839079463,
              0.5487492712856165
            ],
            [
              0.8404484010944379,
              0.5418915805747521
            ],
            [
              0.8448535652497066,
              0.534997619887098
            ],
            [
              0.8492021815265786,
              0.5280678506503687
            ],
            [
              0.8534939588627503,
              0.5211027366890237
            ],
            [
              0.8577286100002716,
              0.5141027441932227
            ],
            [
              0.861905851504774,
              0.5070683416876177
            ],
            [
              0.8648776773559761,
              0.5019692728747074
            ],
            [
              0.8239990974252649,
              0.4825352884684262
            ]
          ]
        ]
      }
    },
    {
      "type": "Feature",
      "properties": {
        "cell_id": "CEG2000_f4_r0027_c0089",
        "method": "GeoAnnulus-Final",
        "view": "annulus"
      },
      "geometry": {
        "type": "Polygon",
        "coordinates": [
          [
            [
              -0.6318086335594745,
              0.6534985315628111
            ],
            [
              -0.7013635277367063,
              0.6347129415630448
            ],
            [
              -0.7414569347477928,
              0.6709962715266244
            ],
            [
              -0.7409511253549593,
              0.6715589548470181
            ],
            [
              -0.7354322110615191,
              0.6775983049957882
            ],
            [
              -0.7298640726978358,
              0.683592302022871
            ],
            [
              -0.7242470829514672,
              0.6895405447370666
            ],
            [
              -0.7185816177796983,
              0.6954426350096115
            ],
            [
              -0.7128680563843801,
              0.701298177800824
            ],
            [
              -0.7071067811865479,
              0.7071067811865471
            ],
            [
              -0.7012981778008246,
              0.7128680563843797
            ],
            [
              -0.695442635009612,
              0.7185816177796978
            ],
            [
              -0.689540544737067,
              0.7242470829514668
            ],
            [
              -0.6835923020228716,
              0.7298640726978354
            ],
            [
              -0.6775983049957891,
              0.7354322110615182
            ],
            [
              -0.6715589548470187,
              0.7409511253549589
            ],
            [
              -0.6654746558033426,
              0.7464204461852735
            ],
            [
              -0.6593458151000691,
              0.7518398074789773
            ],
            [
              -0.6531728429537771,
              0.7572088465064843
            ],
            [
              -0.6527477473898414,
              0.7575725143081241
            ],
            [
              -0.6318086335594745,
              0.6534985315628111
            ]
          ]
        ]
      }
    },
    {
      "type": "Feature",
      "properties": {
        "cell_id": "CEG2000_f4_r0027_c0090",
        "method": "GeoAnnulus-Final",
        "view": "annulus"
      },
      "geometry": {
        "type": "Polygon",
        "coordinates": [
          [
            [
              -0.5355339719528962,
              0.74049960638791
            ],
            [
              -0.5363238735087633,
              0.6725373170264028
            ],
            [
              -0.5813036459453763,
              0.6390889979504805
            ],
            [
              -0.6318086335594745,
              0.6534985315628113
            ],
            [
              -0.6527477473898413,
              0.7575725143081242
            ],
            [
              -0.6469561525348575,
              0.7625272039063881
            ],
            [
              -0.6406961599398614,
              0.7677945237095115
            ],
            [
              -0.6343932841636458,
              0.7730104533627367
            ],
            [
              -0.6280479470713344,
              0.7781746437525977
            ],
            [
              -0.621761895709055,
              0.7832056563557169
            ],
            [
              -0.5355339719528962,
              0.74049960638791
            ]
          ]
        ]
      }
    },
    {
      "type": "Feature",
      "properties": {
        "cell_id": "CEG2000_f4_r0027_c0091",
        "method": "GeoAnnulus-Final",
        "view": "annulus"
      },
      "geometry": {
        "type": "Polygon",
        "coordinates": [
          [
            [
              -0.39388218575390505,
              0.6829306462110704
            ],
            [
              -0.4381012333627177,
              0.6423582950731621
            ],
            [
              -0.5363238735087634,
              0.672537317026403
            ],
            [
              -0.5355339719528963,
              0.7404996063879099
            ],
            [
              -0.49080989325718033,
              0.7951541996017762
            ],
            [
              -0.4046763824313506,
              0.7960895224850479
            ],
            [
              -0.39388218575390505,
              0.6829306462110704
            ]
          ]
        ]
      }
    },
    {
      "type": "Feature",
      "properties": {
        "cell_id": "CEG2000_f4_r0027_c0092",
        "method": "GeoAnnulus-Final",
        "view": "annulus"
      },
      "geometry": {
        "type": "Polygon",
        "coordinates": [
          [
            [
              -0.2604355707465379,
              0.7980006689662287
            ],
            [
              -0.25161302651245804,
              0.7082952900763525
            ],
            [
              -0.2873362875345479,
              0.6594972254891669
            ],
            [
              -0.393882185753905,
              0.6829306462110705
            ],
            [
              -0.40467638243135057,
              0.7960895224850478
            ],
            [
              -0.3934019927626877,
              0.8077211093974614
            ],
            [
              -0.2604355707465379,
              0.7980006689662287
            ]
          ]
        ]
      }
    },
    {
      "type": "Feature",
      "properties": {
        "cell_id": "CEG2000_f4_r0027_c0093",
        "method": "GeoAnnulus-Final",
        "view": "annulus"
      },
      "geometry": {
        "type": "Polygon",
        "coordinates": [
          [
            [
              -0.10131838370097165,
              0.7990762326047406
            ],
            [
              -0.09076293744986151,
              0.7088687101179266
            ],
            [
              -0.11004875307002429,
              0.6799744871689684
            ],
            [
              -0.2516130265124581,
              0.7082952900763526
            ],
            [
              -0.2604355707465379,
              0.7980006689662286
            ],
            [
              -0.24679954931105585,
              0.8145045186009214
            ],
            [
              -0.10131838370097165,
              0.7990762326047406
            ]
          ]
        ]
      }
    },
    {
      "type": "Feature",
      "properties": {
        "cell_id": "CEG2000_f4_r0027_c0094",
        "method": "GeoAnnulus-Final",
        "view": "annulus"
      },
      "geometry": {
        "type": "Polygon",
        "coordinates": [
          [
            [
              0.059874414104826315,
              0.8431888562063825
            ],
            [
              0.066374922000723,
              0.7052655075466985
            ],
            [
              -0.09076293744986151,
              0.7088687101179267
            ],
            [
              -0.10131838370097163,
              0.7990762326047405
            ],
            [
              -0.08005673541163963,
              0.8343341165074998
            ],
            [
              0.059874414104826315,
              0.8431888562063825
            ]
          ]
        ]
      }
    },
    {
      "type": "Feature",
      "properties": {
        "cell_id": "CEG2000_f4_r0027_c0095",
        "method": "GeoAnnulus-Final",
        "view": "annulus"
      },
      "geometry": {
        "type": "Polygon",
        "coordinates": [
          [
            [
              0.20923596803400057,
              0.8631882213748454
            ],
            [
              0.2128043389403884,
              0.7132751488767451
            ],
            [
              0.06663293214598731,
              0.7049588186965061
            ],
            [
              0.066374922000723,
              0.7052655075466984
            ],
            [
              0.05987441410482631,
              0.8431888562063826
            ],
            [
              0.08357101410507901,
              0.873658369001014
            ],
            [
              0.20160260178444545,
              0.869737346262204
            ],
            [
              0.20923596803400057,
              0.8631882213748454
            ]
          ]
        ]
      }
    },
    {
      "type": "Feature",
      "properties": {
        "cell_id": "CEG2000_f4_r0027_c0096",
        "method": "GeoAnnulus-Final",
        "view": "annulus"
      },
      "geometry": {
        "type": "Polygon",
        "coordinates": [
          [
            [
              0.37071519844284206,
              0.8157424498546171
            ],
            [
              0.33975964945320103,
              0.7157443761324283
            ],
            [
              0.22860779804533393,
              0.6983568106594387
            ],
            [
              0.21280433894038836,
              0.7132751488767453
            ],
            [
              0.20923596803400055,
              0.8631882213748454
            ],
            [
              0.34237501386306346,
              0.8614649861523415
            ],
            [
              0.37071519844284206,
              0.8157424498546171
            ]
          ]
        ]
      }
    },
    {
      "type": "Feature",
      "properties": {
        "cell_id": "CEG2000_f4_r0027_c0097",
        "method": "GeoAnnulus-Final",
        "view": "annulus"
      },
      "geometry": {
        "type": "Polygon",
        "coordinates": [
          [
            [
              0.461343906119919,
              0.6692771275612216
            ],
            [
              0.3884571469796621,
              0.6573833570667963
            ],
            [
              0.339759649453201,
              0.7157443761324283
            ],
            [
              0.37071519844284206,
              0.8157424498546171
            ],
            [
              0.44534342088132683,
              0.807156952289767
            ],
            [
              0.485303534121847,
              0.7754700938062037
            ],
            [
              0.461343906119919,
              0.6692771275612216
            ]
          ]
        ]
      }
    },
    {
      "type": "Feature",
      "properties": {
        "cell_id": "CEG2000_f4_r0027_c0098",
        "method": "GeoAnnulus-Final",
        "view": "annulus"
      },
      "geometry": {
        "type": "Polygon",
        "coordinates": [
          [
            [
              0.5849860083394507,
              0.6559005564918043
            ],
            [
              0.5213143618749659,
              0.6320776024504074
            ],
            [
              0.461343906119919,
              0.6692771275612216
            ],
            [
              0.48530353412184696,
              0.7754700938062036
            ],
            [
              0.5616571300625368,
              0.7835921257835102
            ],
            [
              0.5906671225757271,
              0.6999569058025872
            ],
            [
              0.5849860083394507,
              0.6559005564918043
            ]
          ]
        ]
      }
    },
    {
      "type": "Feature",
      "properties": {
        "cell_id": "CEG2000_f4_r0027_c0099",
        "method": "GeoAnnulus-Final",
        "view": "annulus"
      },
      "geometry": {
        "type": "Polygon",
        "coordinates": [
          [
            [
              0.6660852341205441,
              0.6165282174031764
            ],
            [
              0.6517251018111315,
              0.611861881197771
            ],
            [
              0.5849860083394507,
              0.6559005564918043
            ],
            [
              0.590667122575727,
              0.699956905802587
            ],
            [
              0.6753486319936601,
              0.737488020408745
            ],
            [
              0.6775983049957882,
              0.7354322110615191
            ],
            [
              0.683592302022871,
              0.7298640726978359
            ],
            [
              0.6895405447370662,
              0.7242470829514677
            ],
            [
              0.6905355796237993,
              0.7232919407501183
            ],
            [
              0.6660852341205441,
              0.6165282174031764
            ]
          ]
        ]
      }
    },
    {
      "type": "Feature",
      "properties": {
        "cell_id": "CEG2000_f4_r0027_c0100",
        "method": "GeoAnnulus-Final",
        "view": "annulus"
      },
      "geometry": {
        "type": "Polygon",
        "coordinates": [
          [
            [
              0.7378971101642547,
              0.6172491424813675
            ],
            [
              0.6660852341205441,
              0.6165282174031764
            ],
            [
              0.6905355796237993,
              0.7232919407501183
            ],
            [
              0.6954426350096111,
              0.7185816177796986
            ],
            [
              0.701298177800824,
              0.7128680563843802
            ],
            [
              0.7071067811865474,
              0.7071067811865477
            ],
            [
              0.7128680563843793,
              0.7012981778008249
            ],
            [
              0.7185816177796976,
              0.6954426350096121
            ],
            [
              0.7242470829514667,
              0.6895405447370672
            ],
            [
              0.729864072697835,
              0.683592302022872
            ],
            [
              0.7354322110615182,
              0.6775983049957892
            ],
            [
              0.7409511253549588,
              0.6715589548470187
            ],
            [
              0.7464204461852731,
              0.665474655803343
            ],
            [
              0.7518398074789769,
              0.6593458151000694
            ],
            [
              0.7572088465064842,
              0.6531728429537771
            ],
            [
              0.762527203906388,
              0.6469561525348575
            ],
            [
              0.7670231014426159,
              0.6416129635247734
            ],
            [
              0.7378971101642547,
              0.6172491424813675
            ]
          ]
        ]
      }
    },
    {
      "type": "Feature",
      "properties": {
        "cell_id": "CEG2000_f4_r0028_c0090",
        "method": "GeoAnnulus-Final",
        "view": "annulus"
      },
      "geometry": {
        "type": "Polygon",
        "coordinates": [
          [
            [
              -0.49080989325718055,
              0.795154199601776
            ],
            [
              -0.5355339719528964,
              0.7404996063879099
            ],
            [
              -0.6217618957090552,
              0.7832056563557169
            ],
            [
              -0.6216605733700781,
              0.7832867492286498
            ],
            [
              -0.6152315905806273,
              0.7883464276266059
            ],
            [
              -0.6087614290087209,
              0.7933533402912349
            ],
            [
              -0.602250521716282,
              0.7983071520990315
            ],
            [
              -0.5956993044924339,
              0.8032075314806445
            ],
            [
              -0.5891082158243285,
              0.8080541504430729
            ],
            [
              -0.5824776968678023,
              0.8128466845916151
            ],
            [
              -0.5758081914178459,
              0.8175848131515833
            ],
            [
              -0.5691001458788986,
              0.8222682189897749
            ],
            [
              -0.5623540092349733,
              0.826896588635696
            ],
            [
              -0.555570233019603,
              0.8314696123025448
            ],
            [
              -0.5487492712856163,
              0.8359869839079463
            ],
            [
              -0.541891580574752,
              0.8404484010944379
            ],
            [
              -0.5349976198870973,
              0.844853565249707
            ],
            [
              -0.5280678506503685,
              0.8492021815265786
            ],
            [
              -0.5252447941828866,
              0.8509416978981862
            ],
            [
              -0.49080989325718055,
              0.795154199601776
            ]
          ]
        ]
      }
    },
    {
      "type": "Feature",
      "properties": {
        "cell_id": "CEG2000_f4_r0028_c0091",
        "method": "GeoAnnulus-Final",
        "view": "annulus"
      },
      "geometry": {
        "type": "Polygon",
        "coordinates": [
          [
            [
              -0.3934019927626879,
              0.8077211093974613
            ],
            [
              -0.4046763824313506,
              0.7960895224850478
            ],
            [
              -0.49080989325718044,
              0.795154199601776
            ],
            [
              -0.5252447941828865,
              0.8509416978981862
            ],
            [
              -0.5211027366890237,
              0.8534939588627503
            ],
            [
              -0.5141027441932218,
              0.857728610000272
            ],
            [
              -0.5070683416876177,
              0.861905851504774
            ],
            [
              -0.5000000000000004,
              0.8660254037844384
            ],
            [
              -0.4928981922297842,
              0.8700869911087113
            ],
            [
              -0.48576339371634075,
              0.8740903416267585
            ],
            [
              -0.4785960820071813,
              0.8780351873856624
            ],
            [
              -0.4713967368259979,
              0.8819212643483549
            ],
            [
              -0.46416584004055234,
              0.8857483124112902
            ],
            [
              -0.45690387563042123,
              0.8895160754218557
            ],
            [
              -0.44961132965460693,
              0.8932243011955151
            ],
            [
              -0.44228869021900136,
              0.8968727415326883
            ],
            [
              -0.43493644744371773,
              0.9004611522353633
            ],
            [
              -0.4275550934302825,
              0.9039892931234431
            ],
            [
              -0.4201451222287026,
              0.9074569280508186
            ],
            [
              -0.41270702980439544,
              0.9108638249211755
            ],
            [
              -0.40524131400499036,
              0.9142097557035305
            ],
            [
              -0.3977484745270113,
              0.9174944964474913
            ],
            [
              -0.394989118669328,
              0.918677336028925
            ],
            [
              -0.3934019927626879,
              0.8077211093974613
            ]
          ]
        ]
      }
    },
    {
      "type": "Feature",
      "properties": {
        "cell_id": "CEG2000_f4_r0028_c0092",
        "method": "GeoAnnulus-Final",
        "view": "annulus"
      },
      "geometry": {
        "type": "Polygon",
        "coordinates": [
          [
            [
              -0.24387377861043863,
              0.8758372372439808
            ],
            [
              -0.2467995493110559,
              0.8145045186009215
            ],
            [
              -0.2604355707465379,
              0.7980006689662288
            ],
            [
              -0.39340199276268784,
              0.8077211093974614
            ],
            [
              -0.39498911866932795,
              0.918677336028925
            ],
            [
              -0.39022901288242884,
              0.9207178272982474
            ],
            [
              -0.38268343236509034,
              0.9238795325112865
            ],
            [
              -0.3751122380170383,
              0.9269794004668328
            ],
            [
              -0.36751593659470366,
              0.9300172236840121
            ],
            [
              -0.3598950365349888,
              0.9329927988347386
            ],
            [
              -0.35596731475589144,
              0.9344894597932984
            ],
            [
              -0.24387377861043863,
              0.8758372372439808
            ]
          ]
        ]
      }
    },
    {
      "type": "Feature",
      "properties": {
        "cell_id": "CEG2000_f4_r0028_c0093",
        "method": "GeoAnnulus-Final",
        "view": "annulus"
      },
      "geometry": {
        "type": "Polygon",
        "coordinates": [
          [
            [
              -0.08005673541163957,
              0.8343341165074999
            ],
            [
              -0.10131838370097174,
              0.7990762326047404
            ],
            [
              -0.2467995493110559,
              0.8145045186009214
            ],
            [
              -0.24387377861043863,
              0.8758372372439805
            ],
            [
              -0.21781684575561866,
              0.9129916676348643
            ],
            [
              -0.10586153384717094,
              0.9186587825873016
            ],
            [
              -0.08005673541163957,
              0.8343341165074999
            ]
          ]
        ]
      }
    },
    {
      "type": "Feature",
      "properties": {
        "cell_id": "CEG2000_f4_r0028_c0094",
        "method": "GeoAnnulus-Final",
        "view": "annulus"
      },
      "geometry": {
        "type": "Polygon",
        "coordinates": [
          [
            [
              0.08357101410507911,
              0.873658369001014
            ],
            [
              0.05987441410482619,
              0.8431888562063824
            ],
            [
              -0.08005673541163949,
              0.8343341165074997
            ],
            [
              -0.1058615338471709,
              0.9186587825873015
            ],
            [
              -0.10514555401181518,
              0.9203539015773543
            ],
            [
              0.04975313299691055,
              0.970781747508521
            ],
            [
              0.08357101410507911,
              0.873658369001014
            ]
          ]
        ]
      }
    },
    {
      "type": "Feature",
      "properties": {
        "cell_id": "CEG2000_f4_r0028_c0095",
        "method": "GeoAnnulus-Final",
        "view": "annulus"
      },
      "geometry": {
        "type": "Polygon",
        "coordinates": [
          [
            [
              0.2016026017844454,
              0.8697373462622041
            ],
            [
              0.08357101410507908,
              0.873658369001014
            ],
            [
              0.04975313299691056,
              0.9707817475085208
            ],
            [
              0.05182855833839278,
              0.9986484993609205
            ],
            [
              0.05723731728756854,
              0.9983606009402225
            ],
            [
              0.06540312923014237,
              0.9978589232386036
            ],
            [
              0.07356456359966698,
              0.9972904566786902
            ],
            [
              0.08172107413366805,
              0.9966552393091803
            ],
            [
              0.08987211489923418,
              0.9959533136465478
            ],
            [
              0.09801714032956009,
              0.9951847266721969
            ],
            [
              0.10615560526045723,
              0.9943495298293181
            ],
            [
              0.11428696496684553,
              0.9934477790194445
            ],
            [
              0.1224106751992156,
              0.9924795345987101
            ],
            [
              0.13052619222005127,
              0.9914448613738105
            ],
            [
              0.13863297284022572,
              0.990343828597665
            ],
            [
              0.14673047445536108,
              0.9891765099647811
            ],
            [
              0.1548181550821406,
              0.9879429836063224
            ],
            [
              0.1628954733945886,
              0.986643332084879
            ],
            [
              0.17096188876030047,
              0.9852776423889413
            ],
            [
              0.1790168612766322,
              0.9838460059270775
            ],
            [
              0.18705985180683174,
              0.9823485185218157
            ],
            [
              0.19509032201612742,
              0.9807852804032307
            ],
            [
              0.2031077344077623,
              0.9791563962022338
            ],
            [
              0.21111155235896487,
              0.9774619749435719
            ],
            [
              0.2188691767912723,
              0.97575324536893
            ],
            [
              0.2016026017844454,
              0.8697373462622041
            ]
          ]
        ]
      }
    },
    {
      "type": "Feature",
      "properties": {
        "cell_id": "CEG2000_f4_r0028_c0096",
        "method": "GeoAnnulus-Final",
        "view": "annulus"
      },
      "geometry": {
        "type": "Polygon",
        "coordinates": [
          [
            [
              0.3423750138630634,
              0.8614649861523415
            ],
            [
              0.2092359680340008,
              0.8631882213748454
            ],
            [
              0.2016026017844454,
              0.8697373462622042
            ],
            [
              0.2188691767912723,
              0.97575324536893
            ],
            [
              0.21910124015686888,
              0.9757021300385288
            ],
            [
              0.22707626303437256,
              0.9738769792773339
            ],
            [
              0.2350360872059263,
              0.9719866448212795
            ],
            [
              0.24298017990326376,
              0.970031253194544
            ],
            [
              0.2509080094110593,
              0.9680109352757229
            ],
            [
              0.2588190451025203,
              0.9659258262890684
            ],
            [
              0.2667127574748982,
              0.96377606579544
            ],
            [
              0.2745886181849315,
              0.9615617976829621
            ],
            [
              0.28244610008421195,
              0.9592831701573937
            ],
            [
              0.29028467725446205,
              0.9569403357322089
            ],
            [
              0.29810382504273897,
              0.9545334512183887
            ],
            [
              0.30590302009655285,
              0.9520626777139245
            ],
            [
              0.31368174039889113,
              0.9495281805930368
            ],
            [
              0.3214394653031615,
              0.9469301294951057
            ],
            [
              0.32917567556803823,
              0.9442686983133167
            ],
            [
              0.3368898533922196,
              0.9415440651830209
            ],
            [
              0.34458148244908027,
              0.9387564124698132
            ],
            [
              0.3522500479212327,
              0.935905926757326
            ],
            [
              0.3598950365349876,
              0.9329927988347391
            ],
            [
              0.3675159365947033,
              0.9300172236840122
            ],
            [
              0.3693314198347014,
              0.9292911970520712
            ],
            [
              0.3423750138630634,
              0.8614649861523415
            ]
          ]
        ]
      }
    },
    {
      "type": "Feature",
      "properties": {
        "cell_id": "CEG2000_f4_r0028_c0097",
        "method": "GeoAnnulus-Final",
        "view": "annulus"
      },
      "geometry": {
        "type": "Polygon",
        "coordinates": [
          [
            [
              0.44534342088132695,
              0.8071569522897669
            ],
            [
              0.37071519844284206,
              0.8157424498546171
            ],
            [
              0.34237501386306335,
              0.8614649861523415
            ],
            [
              0.36933141983470136,
              0.9292911970520712
            ],
            [
              0.37511223801703714,
              0.9269794004668332
            ],
            [
              0.38268343236508917,
              0.923879532511287
            ],
            [
              0.3902290128824277,
              0.9207178272982478
            ],
            [
              0.3977484745270101,
              0.9174944964474917
            ],
            [
              0.4052413140049892,
              0.9142097557035309
            ],
            [
              0.41270702980439433,
              0.910863824921176
            ],
            [
              0.42014512222870226,
              0.9074569280508188
            ],
            [
              0.42755509343028136,
              0.9039892931234437
            ],
            [
              0.4349364474437166,
              0.9004611522353638
            ],
            [
              0.442288690219001,
              0.8968727415326885
            ],
            [
              0.4496113296546058,
              0.8932243011955158
            ],
            [
              0.4569038756304201,
              0.8895160754218563
            ],
            [
              0.4641658400405512,
              0.8857483124112907
            ],
            [
              0.4713967368259968,
              0.8819212643483555
            ],
            [
              0.4785960820071802,
              0.8780351873856631
            ],
            [
              0.48308640590637825,
              0.8755637398041075
            ],
            [
              0.44534342088132695,
              0.8071569522897669
            ]
          ]
        ]
      }
    },
    {
      "type": "Feature",
      "properties": {
        "cell_id": "CEG2000_f4_r0028_c0098",
        "method": "GeoAnnulus-Final",
        "view": "annulus"
      },
      "geometry": {
        "type": "Polygon",
        "coordinates": [
          [
            [
              0.5616571300625369,
              0.7835921257835102
            ],
            [
              0.4853035341218469,
              0.7754700938062037
            ],
            [
              0.44534342088132695,
              0.8071569522897669
            ],
            [
              0.48308640590637825,
              0.8755637398041075
            ],
            [
              0.4857633937163397,
              0.874090341626759
            ],
            [
              0.49289819222978387,
              0.8700869911087115
            ],
            [
              0.49999999999999933,
              0.866025403784439
            ],
            [
              0.5070683416876166,
              0.8619058515047746
            ],
            [
              0.5141027441932216,
              0.8577286100002722
            ],
            [
              0.5211027366890226,
              0.8534939588627509
            ],
            [
              0.5280678506503674,
              0.8492021815265792
            ],
            [
              0.5349976198870969,
              0.8448535652497072
            ],
            [
              0.541891580574751,
              0.8404484010944385
            ],
            [
              0.5487492712856153,
              0.835986983907947
            ],
            [
              0.5555702330196018,
              0.8314696123025455
            ],
            [
              0.562354009234973,
              0.8268965886356963
            ],
            [
              0.5691001458788976,
              0.8222682189897755
            ],
            [
              0.5758081914178449,
              0.8175848131515839
            ],
            [
              0.5824776968678019,
              0.8128466845916154
            ],
            [
              0.5825753796955951,
              0.812776079516659
            ],
            [
              0.5616571300625369,
              0.7835921257835102
            ]
          ]
        ]
      }
    },
    {
      "type": "Feature",
      "properties": {
        "cell_id": "CEG2000_f4_r0028_c0099",
        "method": "GeoAnnulus-Final",
        "view": "annulus"
      },
      "geometry": {
        "type": "Polygon",
        "coordinates": [
          [
            [
              0.5906671225757271,
              0.699956905802587
            ],
            [
              0.5616571300625368,
              0.7835921257835101
            ],
            [
              0.582575379695595,
              0.8127760795166591
            ],
            [
              0.5891082158243275,
              0.8080541504430737
            ],
            [
              0.5956993044924329,
              0.8032075314806453
            ],
            [
              0.6022505217162817,
              0.7983071520990317
            ],
            [
              0.6087614290087199,
              0.7933533402912357
            ],
            [
              0.6152315905806264,
              0.7883464276266067
            ],
            [
              0.6216605733700771,
              0.7832867492286506
            ],
            [
              0.6280479470713334,
              0.7781746437525985
            ],
            [
              0.6343932841636449,
              0.7730104533627374
            ],
            [
              0.6406961599398604,
              0.7677945237095123
            ],
            [
              0.6469561525348572,
              0.7625272039063883
            ],
            [
              0.6531728429537761,
              0.7572088465064851
            ],
            [
              0.6593458151000684,
              0.7518398074789778
            ],
            [
              0.665474655803342,
              0.746420446185274
            ],
            [
              0.6715589548470177,
              0.7409511253549598
            ],
            [
              0.6753486319936601,
              0.737488020408745
            ],
            [
              0.5906671225757271,
              0.699956905802587
            ]
          ]
        ]
      }
    },
    {
      "type": "Feature",
      "properties": {
        "cell_id": "CEG2000_f4_r0029_c0092",
        "method": "GeoAnnulus-Final",
        "view": "annulus"
      },
      "geometry": {
        "type": "Polygon",
        "coordinates": [
          [
            [
              -0.21781684575561874,
              0.9129916676348641
            ],
            [
              -0.2438737786104386,
              0.8758372372439805
            ],
            [
              -0.3559673147558918,
              0.9344894597932983
            ],
            [
              -0.35225004792123393,
              0.9359059267573255
            ],
            [
              -0.3445814824490806,
              0.9387564124698131
            ],
            [
              -0.3368898533922208,
              0.9415440651830205
            ],
            [
              -0.3291756755680394,
              0.9442686983133164
            ],
            [
              -0.3214394653031618,
              0.9469301294951056
            ],
            [
              -0.3136817403988923,
              0.9495281805930365
            ],
            [
              -0.305903020096554,
              0.952062677713924
            ],
            [
              -0.29810382504274013,
              0.9545334512183884
            ],
            [
              -0.29028467725446244,
              0.9569403357322088
            ],
            [
              -0.28244610008421317,
              0.9592831701573934
            ],
            [
              -0.27458861818493274,
              0.9615617976829618
            ],
            [
              -0.26671275747489853,
              0.9637760657954398
            ],
            [
              -0.2588190451025215,
              0.9659258262890681
            ],
            [
              -0.2509080094110605,
              0.9680109352757226
            ],
            [
              -0.24298017990326412,
              0.970031253194544
            ],
            [
              -0.23503608720592753,
              0.9719866448212793
            ],
            [
              -0.23151348059225701,
              0.9728232091113227
            ],
            [
              -0.21781684575561874,
              0.9129916676348641
            ]
          ]
        ]
      }
    },
    {
      "type": "Feature",
      "properties": {
        "cell_id": "CEG2000_f4_r0029_c0093",
        "method": "GeoAnnulus-Final",
        "view": "annulus"
      },
      "geometry": {
        "type": "Polygon",
        "coordinates": [
          [
            [
              -0.10514555401181533,
              0.9203539015773542
            ],
            [
              -0.10586153384717101,
              0.9186587825873015
            ],
            [
              -0.21781684575561877,
              0.9129916676348642
            ],
            [
              -0.23151348059225701,
              0.9728232091113227
            ],
            [
              -0.22707626303437378,
              0.9738769792773335
            ],
            [
              -0.2191012401568701,
              0.9757021300385285
            ],
            [
              -0.2111115523589661,
              0.9774619749435717
            ],
            [
              -0.20310773440776353,
              0.9791563962022336
            ],
            [
              -0.19509032201612866,
              0.9807852804032303
            ],
            [
              -0.1870598518068321,
              0.9823485185218157
            ],
            [
              -0.1790168612766334,
              0.9838460059270773
            ],
            [
              -0.1709618887603017,
              0.9852776423889411
            ],
            [
              -0.16289547339458896,
              0.986643332084879
            ],
            [
              -0.15481815508214186,
              0.9879429836063223
            ],
            [
              -0.1467304744553623,
              0.9891765099647809
            ],
            [
              -0.13863297284022696,
              0.9903438285976648
            ],
            [
              -0.1305261922200525,
              0.9914448613738103
            ],
            [
              -0.12241067519921685,
              0.99247953459871
            ],
            [
              -0.11428696496684677,
              0.9934477790194444
            ],
            [
              -0.11175838230082284,
              0.9937281935564041
            ],
            [
              -0.10514555401181533,
              0.9203539015773542
            ]
          ]
        ]
      }
    },
    {
      "type": "Feature",
      "properties": {
        "cell_id": "CEG2000_f4_r0029_c0094",
        "method": "GeoAnnulus-Final",
        "view": "annulus"
      },
      "geometry": {
        "type": "Polygon",
        "coordinates": [
          [
            [
              0.04975313299691056,
              0.9707817475085209
            ],
            [
              -0.10514555401181531,
              0.9203539015773542
            ],
            [
              -0.11175838230082283,
              0.9937281935564041
            ],
            [
              -0.1061556052604576,
              0.9943495298293181
            ],
            [
              -0.09801714032956134,
              0.9951847266721968
            ],
            [
              -0.08987211489923544,
              0.9959533136465477
            ],
            [
              -0.08172107413366843,
              0.9966552393091803
            ],
            [
              -0.07356456359966825,
              0.9972904566786902
            ],
            [
              -0.06540312923014362,
              0.9978589232386035
            ],
            [
              -0.05723731728756891,
              0.9983606009402225
            ],
            [
              -0.04906767432741892,
              0.9987954562051723
            ],
            [
              -0.04089474716158408,
              0.9991634599276488
            ],
            [
              -0.03271908282177651,
              0.9994645874763657
            ],
            [
              -0.02454122852291239,
              0.9996988186962042
            ],
            [
              -0.0163617316264875,
              0.9998661379095618
            ],
            [
              -0.008181139603937581,
              0.9999665339174011
            ],
            [
              -1.8369701987210297e-16,
              1.0
            ],
            [
              0.008181139603936325,
              0.9999665339174011
            ],
            [
              0.016361731626486246,
              0.9998661379095618
            ],
            [
              0.02454122852291202,
              0.9996988186962042
            ],
            [
              0.032719082821775256,
              0.9994645874763657
            ],
            [
              0.04089474716158283,
              0.9991634599276488
            ],
            [
              0.04906767432741766,
              0.9987954562051724
            ],
            [
              0.051828558338392776,
              0.9986484993609205
            ],
            [
              0.04975313299691056,
              0.9707817475085209
            ]
          ]
        ]
      }
    }
  ]
}