dataset,cell_id,month,value,previous_value,delta,relative_delta,value_bin,value_reconstructed,delta_bin,delta_reconstructed,theta,rho
广西,CEG2000_f4_r0008_c0085,1,38.90330050186586,,,,6,38.59594544396056,4,,-2.054557375488477,0.930532633158289
广西,CEG2000_f4_r0008_c0085,2,39.27029147239618,38.90330050186586,0.36699097053032403,0.009433414795043485,6,38.59594544396056,4,0.0,-2.054557375488477,0.930532633158289
广西,CEG2000_f4_r0008_c0085,3,38.23612279745215,39.27029147239618,-1.0341686749440342,-0.026334632012369213,6,38.59594544396056,4,0.0,-2.054557375488477,0.930532633158289
广西,CEG2000_f4_r0008_c0085,4,31.131088913719523,38.23612279745215,-7.105033883732624,-0.18581993580703915,3,29.72611939732228,1,-6.267525694015651,-2.054557375488477,0.930532633158289
广西,CEG2000_f4_r0008_c0085,5,20.45782834943206,31.131088913719523,-10.673260564287464,-0.342848931300432,0,20.856293350684005,0,-8.3567009253542,-2.054557375488477,0.930532633158289
广西,CEG2000_f4_r0008_c0085,6,19.15338235543523,20.45782834943206,-1.3044459939968291,-0.06376268153765415,0,20.856293350684005,3,-2.0891752313385505,-2.054557375488477,0.930532633158289
广西,CEG2000_f4_r0008_c0085,7,16.35545585508239,19.15338235543523,-2.7979265003528404,-0.14608002119055813,0,20.856293350684005,3,-2.0891752313385505,-2.054557375488477,0.930532633158289
广西,CEG2000_f4_r0008_c0085,8,21.412475545961023,16.35545585508239,5.057019690878633,0.3091946648070457,0,20.856293350684005,6,4.178350462677099,-2.054557375488477,0.930532633158289
广西,CEG2000_f4_r0008_c0085,9,24.686284731336364,21.412475545961023,3.2738091853753417,0.15289260591790244,1,23.812902032896766,6,4.178350462677099,-2.054557375488477,0.930532633158289
广西,CEG2000_f4_r0008_c0085,10,26.350936691575235,24.686284731336364,1.6646519602388707,0.06743225958687048,2,26.769510715109526,5,2.08917523133855,-2.054557375488477,0.930532633158289
广西,CEG2000_f4_r0008_c0085,11,31.785198805969216,26.350936691575235,5.434262114393981,0.20622652537931946,4,32.68272807953504,7,6.267525694015649,-2.054557375488477,0.930532633158289
广西,CEG2000_f4_r0008_c0085,12,37.597833773835745,31.785198805969216,5.812634967866529,0.18287238042302018,6,38.59594544396056,7,6.267525694015649,-2.054557375488477,0.930532633158289
广西,CEG2000_f4_r0008_c0086,1,40.172816619896594,,,,7,41.552554126173305,4,,-1.877715029163539,0.9098289281322216
广西,CEG2000_f4_r0008_c0086,2,40.833734101865325,40.172816619896594,0.6609174819687311,0.016451858186149568,7,41.552554126173305,4,0.0,-1.877715029163539,0.9098289281322216
广西,CEG2000_f4_r0008_c0086,3,40.24057964839438,40.833734101865325,-0.5931544534709445,-0.014526088943794358,7,41.552554126173305,4,0.0,-1.877715029163539,0.9098289281322216
广西,CEG2000_f4_r0008_c0086,4,31.2219305134842,40.24057964839438,-9.01864913491018,-0.224118271001845,4,32.68272807953504,0,-8.3567009253542,-1.877715029163539,0.9098289281322216
广西,CEG2000_f4_r0008_c0086,5,20.878955856885632,31.2219305134842,-10.342974656598567,-0.33127274599921425,0,20.856293350684005,0,-8.3567009253542,-1.877715029163539,0.9098289281322216
广西,CEG2000_f4_r0008_c0086,6,20.45198035113001,20.878955856885632,-0.42697550575562104,-0.020450041117109293,0,20.856293350684005,4,0.0,-1.877715029163539,0.9098289281322216
广西,CEG2000_f4_r0008_c0086,7,15.752112463998996,20.45198035113001,-4.699867887131015,-0.2298001370254269,0,20.856293350684005,2,-4.1783504626771,-1.877715029163539,0.9098289281322216
广西,CEG2000_f4_r0008_c0086,8,21.62476791944252,15.752112463998996,5.872655455443523,0.37281700907515164,0,20.856293350684005,7,6.267525694015649,-1.877715029163539,0.9098289281322216
广西,CEG2000_f4_r0008_c0086,9,26.25891505341667,21.62476791944252,4.63414713397415,0.21429812108215296,2,26.769510715109526,6,4.178350462677099,-1.877715029163539,0.9098289281322216
广西,CEG2000_f4_r0008_c0086,10,27.73532240207472,26.25891505341667,1.47640734865805,0.0562249942792647,2,26.769510715109526,5,2.08917523133855,-1.877715029163539,0.9098289281322216
广西,CEG2000_f4_r0008_c0086,11,36.00590563529548,27.73532240207472,8.270583233220759,0.29819675839074017,5,35.6393367617478,8,8.3567009253542,-1.877715029163539,0.9098289281322216
广西,CEG2000_f4_r0008_c0086,12,44.416602333301434,36.00590563529548,8.410696698005957,0.2335921441109708,8,44.509162808386066,8,8.3567009253542,-1.877715029163539,0.9098289281322216
广西,CEG2000_f4_r0008_c0088,1,40.47945008655248,,,,7,41.552554126173305,4,,-1.495838731508198,0.7090055613455017
广西,CEG2000_f4_r0008_c0088,2,41.73460796822938,40.47945008655248,1.255157881676901,0.03100728589427829,7,41.552554126173305,5,2.08917523133855,-1.495838731508198,0.7090055613455017
广西,CEG2000_f4_r0008_c0088,3,39.655737362413525,41.73460796822938,-2.078870605815858,-0.049811672063588226,6,38.59594544396056,3,-2.0891752313385505,-1.495838731508198,0.7090055613455017
广西,CEG2000_f4_r0008_c0088,4,30.72003822412382,39.655737362413525,-8.935699138289706,-0.22533181155166554,3,29.72611939732228,0,-8.3567009253542,-1.495838731508198,0.7090055613455017
广西,CEG2000_f4_r0008_c0088,5,20.478309538885693,30.72003822412382,-10.241728685238126,-0.3333891908114719,0,20.856293350684005,0,-8.3567009253542,-1.495838731508198,0.7090055613455017
广西,CEG2000_f4_r0008_c0088,6,21.02790418853293,20.478309538885693,0.5495946496472364,0.026837891506797783,0,20.856293350684005,4,0.0,-1.495838731508198,0.7090055613455017
广西,CEG2000_f4_r0008_c0088,7,16.054962390419785,21.02790418853293,-4.972941798113144,-0.236492507932627,0,20.856293350684005,2,-4.1783504626771,-1.495838731508198,0.7090055613455017
广西,CEG2000_f4_r0008_c0088,8,21.350748191911283,16.054962390419785,5.295785801491498,0.32985351648357425,0,20.856293350684005,7,6.267525694015649,-1.495838731508198,0.7090055613455017
广西,CEG2000_f4_r0008_c0088,9,27.060151279854036,21.350748191911283,5.7094030879427535,0.26740997723469745,2,26.769510715109526,7,6.267525694015649,-1.495838731508198,0.7090055613455017
广西,CEG2000_f4_r0008_c0088,10,27.81671248564624,27.060151279854036,0.7565612057922024,0.027958498752202222,2,26.769510715109526,4,0.0,-1.495838731508198,0.7090055613455017
广西,CEG2000_f4_r0008_c0088,11,38.810223605949425,27.81671248564624,10.993511120303186,0.39521245100318636,6,38.59594544396056,8,8.3567009253542,-1.495838731508198,0.7090055613455017
广西,CEG2000_f4_r0008_c0088,12,47.01358935682793,38.810223605949425,8.203365750878504,0.21137125707312251,8,44.509162808386066,8,8.3567009253542,-1.495838731508198,0.7090055613455017
广西,CEG2000_f4_r0008_c0089,1,38.831212515465715,,,,6,38.59594544396056,4,,-1.317307777193507,0.8732159732959957
广西,CEG2000_f4_r0008_c0089,2,40.214710495025265,38.831212515465715,1.3834979795595501,0.035628503204954774,7,41.552554126173305,5,2.08917523133855,-1.317307777193507,0.8732159732959957
广西,CEG2000_f4_r0008_c0089,3,38.13130412113613,40.214710495025265,-2.083406373889133,-0.05180707129911726,6,38.59594544396056,3,-2.0891752313385505,-1.317307777193507,0.8732159732959957
广西,CEG2000_f4_r0008_c0089,4,29.47502425697838,38.13130412113613,-8.656279864157753,-0.22701242623798928,3,29.72611939732228,0,-8.3567009253542,-1.317307777193507,0.8732159732959957
广西,CEG2000_f4_r0008_c0089,5,19.41982530560671,29.47502425697838,-10.055198951371668,-0.34114302548847075,0,20.856293350684005,0,-8.3567009253542,-1.317307777193507,0.8732159732959957
广西,CEG2000_f4_r0008_c0089,6,20.886286530608484,19.41982530560671,1.4664612250017726,0.07551361569552274,0,20.856293350684005,5,2.08917523133855,-1.317307777193507,0.8732159732959957
广西,CEG2000_f4_r0008_c0089,7,16.639830155266218,20.886286530608484,-4.246456375342266,-0.2033131341523616,0,20.856293350684005,2,-4.1783504626771,-1.317307777193507,0.8732159732959957
广西,CEG2000_f4_r0008_c0089,8,20.927334025228383,16.639830155266218,4.2875038699621655,0.2576651221770581,0,20.856293350684005,6,4.178350462677099,-1.317307777193507,0.8732159732959957
广西,CEG2000_f4_r0008_c0089,9,26.48333778844313,20.927334025228383,5.556003763214747,0.26549027967522554,2,26.769510715109526,7,6.267525694015649,-1.317307777193507,0.8732159732959957
广西,CEG2000_f4_r0008_c0089,10,27.137176260292865,26.48333778844313,0.6538384718497348,0.024688673197947826,2,26.769510715109526,4,0.0,-1.317307777193507,0.8732159732959957
广西,CEG2000_f4_r0008_c0089,11,37.96478789720289,27.137176260292865,10.827611636910024,0.398995515710785,6,38.59594544396056,8,8.3567009253542,-1.317307777193507,0.8732159732959957
广西,CEG2000_f4_r0008_c0089,12,45.19053024358982,37.96478789720289,7.22574234638693,0.190327478345251,8,44.509162808386066,7,6.267525694015649,-1.317307777193507,0.8732159732959957
广西,CEG2000_f4_r0008_c0090,1,38.00376256062791,,,,6,38.59594544396056,4,,-1.161997665808046,0.9497989687491564
广西,CEG2000_f4_r0008_c0090,2,39.2647683487552,38.00376256062791,1.2610057881272851,0.03318107742925679,6,38.59594544396056,5,2.08917523133855,-1.161997665808046,0.9497989687491564
广西,CEG2000_f4_r0008_c0090,3,37.856272530514744,39.2647683487552,-1.4084958182404534,-0.03587174654209074,6,38.59594544396056,3,-2.0891752313385505,-1.161997665808046,0.9497989687491564
广西,CEG2000_f4_r0008_c0090,4,29.158336556492944,37.856272530514744,-8.6979359740218,-0.22976208148889113,3,29.72611939732228,0,-8.3567009253542,-1.161997665808046,0.9497989687491564
广西,CEG2000_f4_r0008_c0090,5,19.623622398940856,29.158336556492944,-9.534714157552088,-0.32699787723071977,0,20.856293350684005,0,-8.3567009253542,-1.161997665808046,0.9497989687491564
广西,CEG2000_f4_r0008_c0090,6,21.46602752630683,19.623622398940856,1.842405127365975,0.09388710656526977,0,20.856293350684005,5,2.08917523133855,-1.161997665808046,0.9497989687491564
广西,CEG2000_f4_r0008_c0090,7,17.61714501588845,21.46602752630683,-3.848882510418381,-0.17930110756177578,0,20.856293350684005,2,-4.1783504626771,-1.161997665808046,0.9497989687491564
广西,CEG2000_f4_r0008_c0090,8,21.09192322621977,17.61714501588845,3.474778210331319,0.19723844057578602,0,20.856293350684005,6,4.178350462677099,-1.161997665808046,0.9497989687491564
广西,CEG2000_f4_r0008_c0090,9,26.208841911907175,21.09192322621977,5.116918685687406,0.2426008586702263,2,26.769510715109526,6,4.178350462677099,-1.161997665808046,0.9497989687491564
广西,CEG2000_f4_r0008_c0090,10,26.599884851975027,26.208841911907175,0.3910429400678517,0.014920267800546862,2,26.769510715109526,4,0.0,-1.161997665808046,0.9497989687491564
广西,CEG2000_f4_r0008_c0090,11,37.35257416056387,26.599884851975027,10.752689308588842,0.4042381900683476,6,38.59594544396056,8,8.3567009253542,-1.161997665808046,0.9497989687491564
广西,CEG2000_f4_r0008_c0090,12,44.7147080852919,37.35257416056387,7.362133924728035,0.1970984353871074,8,44.509162808386066,8,8.3567009253542,-1.161997665808046,0.9497989687491564
广西,CEG2000_f4_r0009_c0083,1,38.85520565802909,,,,6,38.59594544396056,4,,-2.4205783743217277,0.9085114555023728
广西,CEG2000_f4_r0009_c0083,2,40.475705572920944,38.85520565802909,1.6204999148918517,0.041706121160550065,7,41.552554126173305,5,2.08917523133855,-2.4205783743217277,0.9085114555023728
广西,CEG2000_f4_r0009_c0083,3,39.177057466450734,40.475705572920944,-1.2986481064702105,-0.03208463170902775,6,38.59594544396056,3,-2.0891752313385505,-2.4205783743217277,0.9085114555023728
广西,CEG2000_f4_r0009_c0083,4,33.75816521261665,39.177057466450734,-5.4188922538340805,-0.13831800048981596,4,32.68272807953504,1,-6.267525694015651,-2.4205783743217277,0.9085114555023728
广西,CEG2000_f4_r0009_c0083,5,22.465695208088412,33.75816521261665,-11.29247000452824,-0.33451077490158837,1,23.812902032896766,0,-8.3567009253542,-2.4205783743217277,0.9085114555023728
广西,CEG2000_f4_r0009_c0083,6,20.06346346079311,22.465695208088412,-2.4022317472953034,-0.10692888535363101,0,20.856293350684005,3,-2.0891752313385505,-2.4205783743217277,0.9085114555023728
广西,CEG2000_f4_r0009_c0083,7,19.10489428491956,20.06346346079311,-0.9585691758735493,-0.04777685456684641,0,20.856293350684005,4,0.0,-2.4205783743217277,0.9085114555023728
广西,CEG2000_f4_r0009_c0083,8,24.143646527287377,19.10489428491956,5.038752242367817,0.2637414354260601,1,23.812902032896766,6,4.178350462677099,-2.4205783743217277,0.9085114555023728
广西,CEG2000_f4_r0009_c0083,9,28.046008835903663,24.143646527287377,3.9023623086162864,0.1616310238888645,2,26.769510715109526,6,4.178350462677099,-2.4205783743217277,0.9085114555023728
广西,CEG2000_f4_r0009_c0083,10,26.94171926583451,28.046008835903663,-1.1042895700691524,-0.0393742145818436,2,26.769510715109526,3,-2.0891752313385505,-2.4205783743217277,0.9085114555023728
广西,CEG2000_f4_r0009_c0083,11,33.4367406268566,26.94171926583451,6.495021361022086,0.2410767218281645,4,32.68272807953504,7,6.267525694015649,-2.4205783743217277,0.9085114555023728
广西,CEG2000_f4_r0009_c0083,12,42.992806536471974,33.4367406268566,9.556065909615377,0.28579537749381845,7,41.552554126173305,8,8.3567009253542,-2.4205783743217277,0.9085114555023728
广西,CEG2000_f4_r0009_c0084,1,38.7476533274642,,,,6,38.59594544396056,4,,-2.2912482676656403,0.8248096835510484
广西,CEG2000_f4_r0009_c0084,2,39.9835615717259,38.7476533274642,1.2359082442617009,0.03189633792314575,6,38.59594544396056,5,2.08917523133855,-2.2912482676656403,0.8248096835510484
广西,CEG2000_f4_r0009_c0084,3,39.669038572955074,39.9835615717259,-0.31452299877082623,-0.007866307712648565,6,38.59594544396056,4,0.0,-2.2912482676656403,0.8248096835510484
广西,CEG2000_f4_r0009_c0084,4,33.66141100302617,39.669038572955074,-6.007627569928907,-0.15144374015720893,4,32.68272807953504,1,-6.267525694015651,-2.2912482676656403,0.8248096835510484
广西,CEG2000_f4_r0009_c0084,5,21.87572164771352,33.66141100302617,-11.785689355312648,-0.35012463839537544,0,20.856293350684005,0,-8.3567009253542,-2.2912482676656403,0.8248096835510484
广西,CEG2000_f4_r0009_c0084,6,20.49923276508471,21.87572164771352,-1.3764888826288093,-0.06292313025351928,0,20.856293350684005,3,-2.0891752313385505,-2.2912482676656403,0.8248096835510484
广西,CEG2000_f4_r0009_c0084,7,19.421418505960837,20.49923276508471,-1.0778142591238726,-0.052578273122477946,0,20.856293350684005,3,-2.0891752313385505,-2.2912482676656403,0.8248096835510484
广西,CEG2000_f4_r0009_c0084,8,24.231893373661155,19.421418505960837,4.810474867700318,0.24768916164511276,1,23.812902032896766,6,4.178350462677099,-2.2912482676656403,0.8248096835510484
广西,CEG2000_f4_r0009_c0084,9,29.19063553066231,24.231893373661155,4.958742157001154,0.20463700795213371,3,29.72611939732228,6,4.178350462677099,-2.2912482676656403,0.8248096835510484
广西,CEG2000_f4_r0009_c0084,10,27.93607410708335,29.19063553066231,-1.2545614235789593,-0.04297821547123042,2,26.769510715109526,3,-2.0891752313385505,-2.2912482676656403,0.8248096835510484
广西,CEG2000_f4_r0009_c0084,11,34.06162719008826,27.93607410708335,6.12555308300491,0.21927036202455308,4,32.68272807953504,7,6.267525694015649,-2.2912482676656403,0.8248096835510484
广西,CEG2000_f4_r0009_c0084,12,43.6386981354991,34.06162719008826,9.577070945410838,0.2811689204383551,8,44.509162808386066,8,8.3567009253542,-2.2912482676656403,0.8248096835510484
广西,CEG2000_f4_r0009_c0085,1,39.450022235378874,,,,6,38.59594544396056,4,,-2.1378736067246646,0.7604901225306322
广西,CEG2000_f4_r0009_c0085,2,39.098014617514,39.450022235378874,-0.3520076178648708,-0.008922875018032043,6,38.59594544396056,4,0.0,-2.1378736067246646,0.7604901225306322
广西,CEG2000_f4_r0009_c0085,3,39.96146707347946,39.098014617514,0.8634524559654579,0.022084304392752295,6,38.59594544396056,4,0.0,-2.1378736067246646,0.7604901225306322
广西,CEG2000_f4_r0009_c0085,4,32.934287207601095,39.96146707347946,-7.027179865878367,-0.17584889596162934,4,32.68272807953504,1,-6.267525694015651,-2.1378736067246646,0.7604901225306322
广西,CEG2000_f4_r0009_c0085,5,22.193841049692836,32.934287207601095,-10.74044615790826,-0.32611746202994824,0,20.856293350684005,0,-8.3567009253542,-2.1378736067246646,0.7604901225306322
广西,CEG2000_f4_r0009_c0085,6,20.562011991910065,22.193841049692836,-1.6318290577827703,-0.07352621180484462,0,20.856293350684005,3,-2.0891752313385505,-2.1378736067246646,0.7604901225306322
广西,CEG2000_f4_r0009_c0085,7,18.72171488854048,20.562011991910065,-1.8402971033695863,-0.08949985556343583,0,20.856293350684005,3,-2.0891752313385505,-2.1378736067246646,0.7604901225306322
广西,CEG2000_f4_r0009_c0085,8,24.027750091543552,18.72171488854048,5.3060352030030735,0.2834160884615803,1,23.812902032896766,7,6.267525694015649,-2.1378736067246646,0.7604901225306322
广西,CEG2000_f4_r0009_c0085,9,28.89372934962422,24.027750091543552,4.865979258080667,0.20251497703870427,3,29.72611939732228,6,4.178350462677099,-2.1378736067246646,0.7604901225306322
广西,CEG2000_f4_r0009_c0085,10,28.92266001401948,28.89372934962422,0.028930664395261374,0.0010012783066246046,3,29.72611939732228,4,0.0,-2.1378736067246646,0.7604901225306322
广西,CEG2000_f4_r0009_c0085,11,34.749098270393844,28.92266001401948,5.826438256374363,0.20144890731178094,5,35.6393367617478,7,6.267525694015649,-2.1378736067246646,0.7604901225306322
广西,CEG2000_f4_r0009_c0085,12,43.61044674301512,34.749098270393844,8.861348472621273,0.25500945099836225,8,44.509162808386066,8,8.3567009253542,-2.1378736067246646,0.7604901225306322
广西,CEG2000_f4_r0009_c0086,1,40.36934034542135,,,,7,41.552554126173305,4,,-1.9477093753080077,0.7455134065625318
广西,CEG2000_f4_r0009_c0086,2,40.50174803232191,40.36934034542135,0.1324076869005637,0.0032799071217813757,7,41.552554126173305,4,0.0,-1.9477093753080077,0.7455134065625318
广西,CEG2000_f4_r0009_c0086,3,39.60552335393709,40.50174803232191,-0.8962246783848258,-0.022128049329367336,6,38.59594544396056,4,0.0,-1.9477093753080077,0.7455134065625318
广西,CEG2000_f4_r0009_c0086,4,31.615140512123595,39.60552335393709,-7.990382841813492,-0.20174920478658914,4,32.68272807953504,0,-8.3567009253542,-1.9477093753080077,0.7455134065625318
广西,CEG2000_f4_r0009_c0086,5,22.218471695016408,31.615140512123595,-9.396668817107187,-0.29722052993893244,0,20.856293350684005,0,-8.3567009253542,-1.9477093753080077,0.7455134065625318
广西,CEG2000_f4_r0009_c0086,6,20.931576698831673,22.218471695016408,-1.286894996184735,-0.057920050210896586,0,20.856293350684005,3,-2.0891752313385505,-1.9477093753080077,0.7455134065625318
广西,CEG2000_f4_r0009_c0086,7,17.553018519226484,20.931576698831673,-3.3785581796051893,-0.16140963617871026,0,20.856293350684005,2,-4.1783504626771,-1.9477093753080077,0.7455134065625318
广西,CEG2000_f4_r0009_c0086,8,23.09577662899044,17.553018519226484,5.542758109763955,0.31577236152817606,1,23.812902032896766,7,6.267525694015649,-1.9477093753080077,0.7455134065625318
广西,CEG2000_f4_r0009_c0086,9,27.880572670034994,23.09577662899044,4.7847960410445545,0.2071719049723814,2,26.769510715109526,6,4.178350462677099,-1.9477093753080077,0.7455134065625318
广西,CEG2000_f4_r0009_c0086,10,28.86859962343545,27.880572670034994,0.9880269534004569,0.03543782852288223,3,29.72611939732228,4,0.0,-1.9477093753080077,0.7455134065625318
广西,CEG2000_f4_r0009_c0086,11,35.88061097880077,28.86859962343545,7.012011355365317,0.242894059525942,5,35.6393367617478,7,6.267525694015649,-1.9477093753080077,0.7455134065625318
广西,CEG2000_f4_r0009_c0086,12,43.28670073986451,35.88061097880077,7.40608976106374,0.20640924329408597,8,44.509162808386066,8,8.3567009253542,-1.9477093753080077,0.7455134065625318
广西,CEG2000_f4_r0009_c0087,1,42.1959539030676,,,,7,41.552554126173305,4,,-1.724399432159873,0.7551496997104682
广西,CEG2000_f4_r0009_c0087,2,42.460594219039656,42.1959539030676,0.26464031597205917,0.0062716988595634075,7,41.552554126173305,4,0.0,-1.724399432159873,0.7551496997104682
广西,CEG2000_f4_r0009_c0087,3,41.42243028573255,42.460594219039656,-1.0381639333071035,-0.024450056632546676,7,41.552554126173305,4,0.0,-1.724399432159873,0.7551496997104682
广西,CEG2000_f4_r0009_c0087,4,32.12984886188641,41.42243028573255,-9.292581423846144,-0.22433694401187415,4,32.68272807953504,0,-8.3567009253542,-1.724399432159873,0.7551496997104682
广西,CEG2000_f4_r0009_c0087,5,22.531615996606003,32.12984886188641,-9.598232865280405,-0.29873258683971515,1,23.812902032896766,0,-8.3567009253542,-1.724399432159873,0.7551496997104682
广西,CEG2000_f4_r0009_c0087,6,21.412744597411653,22.531615996606003,-1.1188713991943509,-0.04965784075864285,0,20.856293350684005,3,-2.0891752313385505,-1.724399432159873,0.7551496997104682
广西,CEG2000_f4_r0009_c0087,7,17.42957580436429,21.412744597411653,-3.983168793047362,-0.1860186009750867,0,20.856293350684005,2,-4.1783504626771,-1.724399432159873,0.7551496997104682
广西,CEG2000_f4_r0009_c0087,8,22.767365985625755,17.42957580436429,5.3377901812614645,0.3062490011905456,1,23.812902032896766,7,6.267525694015649,-1.724399432159873,0.7551496997104682
广西,CEG2000_f4_r0009_c0087,9,29.168700861453832,22.767365985625755,6.401334875828077,0.28116273440983813,3,29.72611939732228,7,6.267525694015649,-1.724399432159873,0.7551496997104682
广西,CEG2000_f4_r0009_c0087,10,29.92432844094573,29.168700861453832,0.7556275794918967,0.025905424553564933,3,29.72611939732228,4,0.0,-1.724399432159873,0.7551496997104682
广西,CEG2000_f4_r0009_c0087,11,40.24929367284421,29.92432844094573,10.324965231898481,0.34503582101347136,7,41.552554126173305,8,8.3567009253542,-1.724399432159873,0.7551496997104682
广西,CEG2000_f4_r0009_c0087,12,49.93462728412099,40.24929367284421,9.685333611276782,0.2406336292507756,8,44.509162808386066,8,8.3567009253542,-1.724399432159873,0.7551496997104682
广西,CEG2000_f4_r0009_c0088,1,41.40167260292593,,,,7,41.552554126173305,4,,-1.48481731690568,0.5680344447180874
广西,CEG2000_f4_r0009_c0088,2,41.817717282905065,41.40167260292593,0.4160446799791373,0.010048982415984196,7,41.552554126173305,4,0.0,-1.48481731690568,0.5680344447180874
广西,CEG2000_f4_r0009_c0088,3,40.6104626019554,41.817717282905065,-1.2072546809496671,-0.02886945436983928,7,41.552554126173305,3,-2.0891752313385505,-1.48481731690568,0.5680344447180874
广西,CEG2000_f4_r0009_c0088,4,32.15040921875654,40.6104626019554,-8.460053383198854,-0.20832201460299302,4,32.68272807953504,0,-8.3567009253542,-1.48481731690568,0.5680344447180874
广西,CEG2000_f4_r0009_c0088,5,22.254526791342307,32.15040921875654,-9.895882427414236,-0.307799579161841,0,20.856293350684005,0,-8.3567009253542,-1.48481731690568,0.5680344447180874
广西,CEG2000_f4_r0009_c0088,6,21.81156438444749,22.254526791342307,-0.4429624068948179,-0.019904373211258028,0,20.856293350684005,4,0.0,-1.48481731690568,0.5680344447180874
广西,CEG2000_f4_r0009_c0088,7,17.85093930958678,21.81156438444749,-3.960625074860708,-0.18158372343456441,0,20.856293350684005,2,-4.1783504626771,-1.48481731690568,0.5680344447180874
广西,CEG2000_f4_r0009_c0088,8,22.606726319276028,17.85093930958678,4.7557870096892465,0.26641662532207305,1,23.812902032896766,6,4.178350462677099,-1.48481731690568,0.5680344447180874
广西,CEG2000_f4_r0009_c0088,9,28.409397836469413,22.606726319276028,5.802671517193385,0.2566789828497032,3,29.72611939732228,7,6.267525694015649,-1.48481731690568,0.5680344447180874
广西,CEG2000_f4_r0009_c0088,10,28.864368719123995,28.409397836469413,0.45497088265458174,0.01601480204802269,3,29.72611939732228,4,0.0,-1.48481731690568,0.5680344447180874
广西,CEG2000_f4_r0009_c0088,11,39.39502542504963,28.864368719123995,10.530656705925637,0.3648323927815052,6,38.59594544396056,8,8.3567009253542,-1.48481731690568,0.5680344447180874
广西,CEG2000_f4_r0009_c0088,12,48.06771257845262,39.39502542504963,8.67268715340299,0.22014675862827074,8,44.509162808386066,8,8.3567009253542,-1.48481731690568,0.5680344447180874
广西,CEG2000_f4_r0009_c0089,1,39.70667506715423,,,,6,38.59594544396056,4,,-1.254568336576526,0.6960286169002922
广西,CEG2000_f4_r0009_c0089,2,40.10593322512052,39.70667506715423,0.39925815796629394,0.01005518989668728,7,41.552554126173305,4,0.0,-1.254568336576526,0.6960286169002922
广西,CEG2000_f4_r0009_c0089,3,39.343450881987,40.10593322512052,-0.7624823431335201,-0.0190117092863441,6,38.59594544396056,4,0.0,-1.254568336576526,0.6960286169002922
广西,CEG2000_f4_r0009_c0089,4,31.361490740550327,39.343450881987,-7.9819601414366765,-0.20287900431965247,4,32.68272807953504,0,-8.3567009253542,-1.254568336576526,0.6960286169002922
广西,CEG2000_f4_r0009_c0089,5,21.116774640624467,31.361490740550327,-10.24471609992586,-0.32666546959387577,0,20.856293350684005,0,-8.3567009253542,-1.254568336576526,0.6960286169002922
广西,CEG2000_f4_r0009_c0089,6,22.648752016159417,21.116774640624467,1.5319773755349502,0.07254788676807351,1,23.812902032896766,5,2.08917523133855,-1.254568336576526,0.6960286169002922
广西,CEG2000_f4_r0009_c0089,7,18.253957155163658,22.648752016159417,-4.394794860995759,-0.1940413696021822,0,20.856293350684005,2,-4.1783504626771,-1.254568336576526,0.6960286169002922
广西,CEG2000_f4_r0009_c0089,8,22.49623253897275,18.253957155163658,4.242275383809094,0.23240305363645736,1,23.812902032896766,6,4.178350462677099,-1.254568336576526,0.6960286169002922
广西,CEG2000_f4_r0009_c0089,9,27.4983862301893,22.49623253897275,5.002153691216549,0.2223551735852106,2,26.769510715109526,6,4.178350462677099,-1.254568336576526,0.6960286169002922
广西,CEG2000_f4_r0009_c0089,10,27.856840964824528,27.4983862301893,0.35845473463522737,0.01303548257830837,2,26.769510715109526,4,0.0,-1.254568336576526,0.6960286169002922
广西,CEG2000_f4_r0009_c0089,11,38.28210885078855,27.856840964824528,10.425267885964026,0.3742444413969355,6,38.59594544396056,8,8.3567009253542,-1.254568336576526,0.6960286169002922
广西,CEG2000_f4_r0009_c0089,12,45.24367240964014,38.28210885078855,6.961563558851587,0.18184900904977677,8,44.509162808386066,7,6.267525694015649,-1.254568336576526,0.6960286169002922
广西,CEG2000_f4_r0009_c0090,1,38.28553522443975,,,,6,38.59594544396056,4,,-1.054070423976914,0.8548985748009165
广西,CEG2000_f4_r0009_c0090,2,38.69766413412353,38.28553522443975,0.4121289096837799,0.010764611419633374,6,38.59594544396056,4,0.0,-1.054070423976914,0.8548985748009165
广西,CEG2000_f4_r0009_c0090,3,38.419958125018496,38.69766413412353,-0.2777060091050316,-0.007176299017494211,6,38.59594544396056,4,0.0,-1.054070423976914,0.8548985748009165
广西,CEG2000_f4_r0009_c0090,4,31.087125411907103,38.419958125018496,-7.332832713111394,-0.1908599871257112,3,29.72611939732228,0,-8.3567009253542,-1.054070423976914,0.8548985748009165
广西,CEG2000_f4_r0009_c0090,5,20.895357590979735,31.087125411907103,-10.191767820927367,-0.32784529562915715,0,20.856293350684005,0,-8.3567009253542,-1.054070423976914,0.8548985748009165
广西,CEG2000_f4_r0009_c0090,6,22.5365183229775,20.895357590979735,1.6411607319977648,0.07854188304038565,1,23.812902032896766,5,2.08917523133855,-1.054070423976914,0.8548985748009165
广西,CEG2000_f4_r0009_c0090,7,18.943759245189337,22.5365183229775,-3.5927590777881626,-0.15941943765666333,0,20.856293350684005,2,-4.1783504626771,-1.054070423976914,0.8548985748009165
广西,CEG2000_f4_r0009_c0090,8,21.852681624145145,18.943759245189337,2.9089223789558076,0.15355570883822928,0,20.856293350684005,5,2.08917523133855,-1.054070423976914,0.8548985748009165
广西,CEG2000_f4_r0009_c0090,9,27.12859678456413,21.852681624145145,5.275915160418986,0.24143101753652052,2,26.769510715109526,7,6.267525694015649,-1.054070423976914,0.8548985748009165
广西,CEG2000_f4_r0009_c0090,10,27.38914101781014,27.12859678456413,0.2605442332460086,0.009604043855090042,2,26.769510715109526,4,0.0,-1.054070423976914,0.8548985748009165
广西,CEG2000_f4_r0009_c0090,11,36.567267667297166,27.38914101781014,9.178126649487027,0.33510093082213976,5,35.6393367617478,8,8.3567009253542,-1.054070423976914,0.8548985748009165
广西,CEG2000_f4_r0009_c0090,12,43.55362209913998,36.567267667297166,6.986354431842813,0.19105486621005727,8,44.509162808386066,7,6.267525694015649,-1.054070423976914,0.8548985748009165
广西,CEG2000_f4_r0009_c0091,1,38.65562906798418,,,,6,38.59594544396056,4,,-0.8936953452644393,0.9141417848542944
广西,CEG2000_f4_r0009_c0091,2,39.03036831454776,38.65562906798418,0.3747392465635784,0.009694299526325632,6,38.59594544396056,4,0.0,-0.8936953452644393,0.9141417848542944
广西,CEG2000_f4_r0009_c0091,3,38.48329917715702,39.03036831454776,-0.5470691373907357,-0.01401649948526945,6,38.59594544396056,4,0.0,-0.8936953452644393,0.9141417848542944
广西,CEG2000_f4_r0009_c0091,4,30.776778823507993,38.48329917715702,-7.706520353649029,-0.20025622850505181,3,29.72611939732228,0,-8.3567009253542,-0.8936953452644393,0.9141417848542944
广西,CEG2000_f4_r0009_c0091,5,21.013034236445662,30.776778823507993,-9.76374458706233,-0.31724387542482396,0,20.856293350684005,0,-8.3567009253542,-0.8936953452644393,0.9141417848542944
广西,CEG2000_f4_r0009_c0091,6,21.89871129231983,21.013034236445662,0.8856770558741687,0.04214893698398029,0,20.856293350684005,4,0.0,-0.8936953452644393,0.9141417848542944
广西,CEG2000_f4_r0009_c0091,7,18.839754644192432,21.89871129231983,-3.058956648127399,-0.1396866056314563,0,20.856293350684005,3,-2.0891752313385505,-0.8936953452644393,0.9141417848542944
广西,CEG2000_f4_r0009_c0091,8,21.29883704837188,18.839754644192432,2.4590824041794477,0.1305262436067599,0,20.856293350684005,5,2.08917523133855,-0.8936953452644393,0.9141417848542944
广西,CEG2000_f4_r0009_c0091,9,26.535394640350148,21.29883704837188,5.2365575919782685,0.24586119796519876,2,26.769510715109526,7,6.267525694015649,-0.8936953452644393,0.9141417848542944
广西,CEG2000_f4_r0009_c0091,10,26.966402863039733,26.535394640350148,0.4310082226895844,0.016242766634199077,2,26.769510715109526,4,0.0,-0.8936953452644393,0.9141417848542944
广西,CEG2000_f4_r0009_c0091,11,36.147419691664666,26.966402863039733,9.181016828624934,0.34046130940246666,5,35.6393367617478,8,8.3567009253542,-0.8936953452644393,0.9141417848542944
广西,CEG2000_f4_r0009_c0091,12,43.77057463637256,36.147419691664666,7.623154944707892,0.21089070837511914,8,44.509162808386066,8,8.3567009253542,-0.8936953452644393,0.9141417848542944
广西,CEG2000_f4_r0009_c0092,1,38.45550124262505,,,,6,38.59594544396056,4,,-0.7414795519352841,0.9649504143458758
广西,CEG2000_f4_r0009_c0092,2,39.28148062368896,38.45550124262505,0.8259793810639096,0.021478835390874407,6,38.59594544396056,4,0.0,-0.7414795519352841,0.9649504143458758
广西,CEG2000_f4_r0009_c0092,3,38.24818629654966,39.28148062368896,-1.033294327139295,-0.026304872187433787,6,38.59594544396056,4,0.0,-0.7414795519352841,0.9649504143458758
广西,CEG2000_f4_r0009_c0092,4,30.02086080754249,38.24818629654966,-8.227325489007171,-0.21510367642581138,3,29.72611939732228,0,-8.3567009253542,-0.7414795519352841,0.9649504143458758
广西,CEG2000_f4_r0009_c0092,5,21.13727128989151,30.02086080754249,-8.883589517650982,-0.2959138838357045,0,20.856293350684005,0,-8.3567009253542,-0.7414795519352841,0.9649504143458758
广西,CEG2000_f4_r0009_c0092,6,20.868927312195066,21.13727128989151,-0.2683439776964427,-0.01269529893505095,0,20.856293350684005,4,0.0,-0.7414795519352841,0.9649504143458758
广西,CEG2000_f4_r0009_c0092,7,18.371255476076794,20.868927312195066,-2.497671836118272,-0.11968376710281226,0,20.856293350684005,3,-2.0891752313385505,-0.7414795519352841,0.9649504143458758
广西,CEG2000_f4_r0009_c0092,8,19.868600194114517,18.371255476076794,1.4973447180377235,0.08150475725448261,0,20.856293350684005,5,2.08917523133855,-0.7414795519352841,0.9649504143458758
广西,CEG2000_f4_r0009_c0092,9,26.21979232148949,19.868600194114517,6.351192127374972,0.3196597679415948,2,26.769510715109526,7,6.267525694015649,-0.7414795519352841,0.9649504143458758
广西,CEG2000_f4_r0009_c0092,10,27.089369214069137,26.21979232148949,0.8695768925796479,0.03316490389845502,2,26.769510715109526,4,0.0,-0.7414795519352841,0.9649504143458758
广西,CEG2000_f4_r0009_c0092,11,35.37000831887226,27.089369214069137,8.280639104803122,0.30567855011191947,5,35.6393367617478,8,8.3567009253542,-0.7414795519352841,0.9649504143458758
广西,CEG2000_f4_r0009_c0092,12,42.13685812690543,35.37000831887226,6.766849808033172,0.19131603665534355,7,41.552554126173305,7,6.267525694015649,-0.7414795519352841,0.9649504143458758
广西,CEG2000_f4_r0010_c0083,1,39.99392782639845,,,,6,38.59594544396056,4,,-2.559164504506549,0.8376305681852712
广西,CEG2000_f4_r0010_c0083,2,41.18195999273781,39.99392782639845,1.1880321663393616,0.02970531355400375,7,41.552554126173305,5,2.08917523133855,-2.559164504506549,0.8376305681852712
广西,CEG2000_f4_r0010_c0083,3,40.72663752627592,41.18195999273781,-0.4553224664618867,-0.011056357359926047,7,41.552554126173305,4,0.0,-2.559164504506549,0.8376305681852712
广西,CEG2000_f4_r0010_c0083,4,35.108374691227674,40.72663752627592,-5.618262835048249,-0.13795056936442324,5,35.6393367617478,1,-6.267525694015651,-2.559164504506549,0.8376305681852712
广西,CEG2000_f4_r0010_c0083,5,23.912147486290785,35.108374691227674,-11.19622720493689,-0.3189047429112241,1,23.812902032896766,0,-8.3567009253542,-2.559164504506549,0.8376305681852712
广西,CEG2000_f4_r0010_c0083,6,20.981776522818635,23.912147486290785,-2.93037096347215,-0.1225473774428741,0,20.856293350684005,3,-2.0891752313385505,-2.559164504506549,0.8376305681852712
广西,CEG2000_f4_r0010_c0083,7,20.28868446978732,20.981776522818635,-0.6930920530313145,-0.03303304904985264,0,20.856293350684005,4,0.0,-2.559164504506549,0.8376305681852712
广西,CEG2000_f4_r0010_c0083,8,24.817286099535053,20.28868446978732,4.528601629747733,0.22320824381154197,1,23.812902032896766,6,4.178350462677099,-2.559164504506549,0.8376305681852712
广西,CEG2000_f4_r0010_c0083,9,29.57589447678205,24.817286099535053,4.758608377246997,0.191745719421599,3,29.72611939732228,6,4.178350462677099,-2.559164504506549,0.8376305681852712
广西,CEG2000_f4_r0010_c0083,10,27.742585396279477,29.57589447678205,-1.8333090805025734,-0.06198659796888899,2,26.769510715109526,3,-2.0891752313385505,-2.559164504506549,0.8376305681852712
广西,CEG2000_f4_r0010_c0083,11,33.83790246670927,27.742585396279477,6.09531707042979,0.21970977049771379,4,32.68272807953504,7,6.267525694015649,-2.559164504506549,0.8376305681852712
广西,CEG2000_f4_r0010_c0083,12,43.621363893978554,33.83790246670927,9.783461427269287,0.28912730146008747,8,44.509162808386066,8,8.3567009253542,-2.559164504506549,0.8376305681852712
广西,CEG2000_f4_r0010_c0084,1,40.13553298475788,,,,7,41.552554126173305,4,,-2.443242147710047,0.6927365864041958
广西,CEG2000_f4_r0010_c0084,2,41.94751413396653,40.13553298475788,1.8119811492086484,0.045146557537850004,7,41.552554126173305,5,2.08917523133855,-2.443242147710047,0.6927365864041958
广西,CEG2000_f4_r0010_c0084,3,40.55564141455312,41.94751413396653,-1.3918727194134064,-0.03318129210155872,7,41.552554126173305,3,-2.0891752313385505,-2.443242147710047,0.6927365864041958
广西,CEG2000_f4_r0010_c0084,4,35.480596972495924,40.55564141455312,-5.075044442057198,-0.12513781720725176,5,35.6393367617478,2,-4.1783504626771,-2.443242147710047,0.6927365864041958
广西,CEG2000_f4_r0010_c0084,5,24.526223565365186,35.480596972495924,-10.954373407130738,-0.3087426464561016,1,23.812902032896766,0,-8.3567009253542,-2.443242147710047,0.6927365864041958
广西,CEG2000_f4_r0010_c0084,6,22.33975268621636,24.526223565365186,-2.1864708791488248,-0.08914828951638765,1,23.812902032896766,3,-2.0891752313385505,-2.443242147710047,0.6927365864041958
广西,CEG2000_f4_r0010_c0084,7,21.30167035306336,22.33975268621636,-1.0380823331529996,-0.046467942046354745,0,20.856293350684005,4,0.0,-2.443242147710047,0.6927365864041958
广西,CEG2000_f4_r0010_c0084,8,26.313963376110287,21.30167035306336,5.012293023046926,0.23530046892900658,2,26.769510715109526,6,4.178350462677099,-2.443242147710047,0.6927365864041958
广西,CEG2000_f4_r0010_c0084,9,30.98655713758172,26.313963376110287,4.672593761471433,0.17757088488287362,3,29.72611939732228,6,4.178350462677099,-2.443242147710047,0.6927365864041958
广西,CEG2000_f4_r0010_c0084,10,29.474164887902976,30.98655713758172,-1.5123922496787436,-0.04880801190540961,3,29.72611939732228,3,-2.0891752313385505,-2.443242147710047,0.6927365864041958
广西,CEG2000_f4_r0010_c0084,11,36.313847788263146,29.474164887902976,6.83968290036017,0.23205688528828744,5,35.6393367617478,7,6.267525694015649,-2.443242147710047,0.6927365864041958
广西,CEG2000_f4_r0010_c0084,12,45.51826653109831,36.313847788263146,9.204418742835166,0.2534685609881884,8,44.509162808386066,8,8.3567009253542,-2.443242147710047,0.6927365864041958
广西,CEG2000_f4_r0010_c0085,1,41.07039752460789,,,,7,41.552554126173305,4,,-2.283464304101203,0.6047694323436275
广西,CEG2000_f4_r0010_c0085,2,41.80180612483514,41.07039752460789,0.7314086002272475,0.017808656460873408,7,41.552554126173305,4,0.0,-2.283464304101203,0.6047694323436275
广西,CEG2000_f4_r0010_c0085,3,40.9990134261951,41.80180612483514,-0.8027926986400402,-0.0192047371408454,7,41.552554126173305,4,0.0,-2.283464304101203,0.6047694323436275
广西,CEG2000_f4_r0010_c0085,4,35.48529357655924,40.9990134261951,-5.513719849635855,-0.1344842080056743,5,35.6393367617478,1,-6.267525694015651,-2.283464304101203,0.6047694323436275
广西,CEG2000_f4_r0010_c0085,5,25.04697045617206,35.48529357655924,-10.438323120387185,-0.29415913096129764,1,23.812902032896766,0,-8.3567009253542,-2.283464304101203,0.6047694323436275
广西,CEG2000_f4_r0010_c0085,6,23.036009174273424,25.04697045617206,-2.010961281898634,-0.08028760545781274,1,23.812902032896766,3,-2.0891752313385505,-2.283464304101203,0.6047694323436275
广西,CEG2000_f4_r0010_c0085,7,21.464484277436945,23.036009174273424,-1.571524896836479,-0.06822036251798143,0,20.856293350684005,3,-2.0891752313385505,-2.283464304101203,0.6047694323436275
广西,CEG2000_f4_r0010_c0085,8,26.802488950845177,21.464484277436945,5.338004673408232,0.2486900968321629,2,26.769510715109526,7,6.267525694015649,-2.283464304101203,0.6047694323436275
广西,CEG2000_f4_r0010_c0085,9,32.081748008300714,26.802488950845177,5.279259057455537,0.19696898549748543,4,32.68272807953504,7,6.267525694015649,-2.283464304101203,0.6047694323436275
广西,CEG2000_f4_r0010_c0085,10,31.197598239305357,32.081748008300714,-0.884149768995357,-0.02755927665682666,3,29.72611939732228,4,0.0,-2.283464304101203,0.6047694323436275
广西,CEG2000_f4_r0010_c0085,11,37.946545755847986,31.197598239305357,6.7489475165426285,0.21632907330794898,6,38.59594544396056,7,6.267525694015649,-2.283464304101203,0.6047694323436275
广西,CEG2000_f4_r0010_c0085,12,47.38084621304229,37.946545755847986,9.434300457194304,0.24862079721025393,8,44.509162808386066,8,8.3567009253542,-2.283464304101203,0.6047694323436275
广西,CEG2000_f4_r0010_c0086,1,41.65288698321214,,,,7,41.552554126173305,4,,-2.0637069062673192,0.5604401100275062
广西,CEG2000_f4_r0010_c0086,2,42.480257976551506,41.65288698321214,0.8273709933393647,0.019863472937009862,7,41.552554126173305,4,0.0,-2.0637069062673192,0.5604401100275062
广西,CEG2000_f4_r0010_c0086,3,40.89721235085975,42.480257976551506,-1.583045625691753,-0.037265442845605394,7,41.552554126173305,3,-2.0891752313385505,-2.0637069062673192,0.5604401100275062
广西,CEG2000_f4_r0010_c0086,4,34.68180549439408,40.89721235085975,-6.215406856465677,-0.15197629616276315,5,35.6393367617478,1,-6.267525694015651,-2.0637069062673192,0.5604401100275062
广西,CEG2000_f4_r0010_c0086,5,24.35084585080496,34.68180549439408,-10.330959643589118,-0.29787836868120954,1,23.812902032896766,0,-8.3567009253542,-2.0637069062673192,0.5604401100275062
广西,CEG2000_f4_r0010_c0086,6,22.759063499477215,24.35084585080496,-1.591782351327744,-0.06536866772844054,1,23.812902032896766,3,-2.0891752313385505,-2.0637069062673192,0.5604401100275062
广西,CEG2000_f4_r0010_c0086,7,20.42242283394342,22.759063499477215,-2.336640665533796,-0.10266857709621795,0,20.856293350684005,3,-2.0891752313385505,-2.0637069062673192,0.5604401100275062
广西,CEG2000_f4_r0010_c0086,8,25.408297642014738,20.42242283394342,4.985874808071319,0.2441372822711547,2,26.769510715109526,6,4.178350462677099,-2.0637069062673192,0.5604401100275062
广西,CEG2000_f4_r0010_c0086,9,31.366678001008022,25.408297642014738,5.958380358993285,0.23450529598412,4,32.68272807953504,7,6.267525694015649,-2.0637069062673192,0.5604401100275062
广西,CEG2000_f4_r0010_c0086,10,30.74833397781414,31.366678001008022,-0.618344023193881,-0.019713404880619154,3,29.72611939732228,4,0.0,-2.0637069062673192,0.5604401100275062
广西,CEG2000_f4_r0010_c0086,11,38.31877956397012,30.74833397781414,7.5704455861559765,0.24620669177127721,6,38.59594544396056,8,8.3567009253542,-2.0637069062673192,0.5604401100275062
广西,CEG2000_f4_r0010_c0086,12,47.30389348473751,38.31877956397012,8.98511392076739,0.23448330095606165,8,44.509162808386066,8,8.3567009253542,-2.0637069062673192,0.5604401100275062
广西,CEG2000_f4_r0010_c0087,1,42.06085147054075,,,,7,41.552554126173305,4,,-1.7778716977967288,0.5381777625244664
广西,CEG2000_f4_r0010_c0087,2,42.92388747839909,42.06085147054075,0.8630360078583408,0.02051874790178244,7,41.552554126173305,4,0.0,-1.7778716977967288,0.5381777625244664
广西,CEG2000_f4_r0010_c0087,3,41.193900537580205,42.92388747839909,-1.7299869408188826,-0.04030359416279518,7,41.552554126173305,3,-2.0891752313385505,-1.7778716977967288,0.5381777625244664
广西,CEG2000_f4_r0010_c0087,4,34.51096252538514,41.193900537580205,-6.682938012195066,-0.16223125086439394,5,35.6393367617478,1,-6.267525694015651,-1.7778716977967288,0.5381777625244664
广西,CEG2000_f4_r0010_c0087,5,24.19500797253259,34.51096252538514,-10.31595455285255,-0.29891819288623056,1,23.812902032896766,0,-8.3567009253542,-1.7778716977967288,0.5381777625244664
广西,CEG2000_f4_r0010_c0087,6,23.088946792646155,24.19500797253259,-1.106061179886435,-0.04571443750471553,1,23.812902032896766,3,-2.0891752313385505,-1.7778716977967288,0.5381777625244664
广西,CEG2000_f4_r0010_c0087,7,20.00775763947548,23.088946792646155,-3.0811891531706763,-0.13344866618827486,0,20.856293350684005,3,-2.0891752313385505,-1.7778716977967288,0.5381777625244664
广西,CEG2000_f4_r0010_c0087,8,24.673852582728873,20.00775763947548,4.666094943253395,0.23321428754450468,1,23.812902032896766,6,4.178350462677099,-1.7778716977967288,0.5381777625244664
广西,CEG2000_f4_r0010_c0087,9,30.87273812089736,24.673852582728873,6.198885538168486,0.2512329810427563,3,29.72611939732228,7,6.267525694015649,-1.7778716977967288,0.5381777625244664
广西,CEG2000_f4_r0010_c0087,10,31.1404807934859,30.87273812089736,0.2677426725885397,0.00867246279031234,3,29.72611939732228,4,0.0,-1.7778716977967288,0.5381777625244664
广西,CEG2000_f4_r0010_c0087,11,39.45828405142185,31.1404807934859,8.31780325793595,0.2671058071677527,6,38.59594544396056,8,8.3567009253542,-1.7778716977967288,0.5381777625244664
广西,CEG2000_f4_r0010_c0087,12,49.14217043856488,39.45828405142185,9.683886387143033,0.24542086965877782,8,44.509162808386066,8,8.3567009253542,-1.7778716977967288,0.5381777625244664
广西,CEG2000_f4_r0010_c0088,1,41.45610513861169,,,,7,41.552554126173305,4,,-1.4543675852972888,0.4112309908510236
广西,CEG2000_f4_r0010_c0088,2,41.76176767252132,41.45610513861169,0.3056625339096328,0.007373160910501036,7,41.552554126173305,4,0.0,-1.4543675852972888,0.4112309908510236
广西,CEG2000_f4_r0010_c0088,3,40.960764952397,41.76176767252132,-0.8010027201243233,-0.019180287731244007,7,41.552554126173305,4,0.0,-1.4543675852972888,0.4112309908510236
广西,CEG2000_f4_r0010_c0088,4,34.21809167975237,40.960764952397,-6.74267327264463,-0.16461297245011663,5,35.6393367617478,1,-6.267525694015651,-1.4543675852972888,0.4112309908510236
广西,CEG2000_f4_r0010_c0088,5,24.29377294766011,34.21809167975237,-9.92431873209226,-0.2900313326930709,1,23.812902032896766,0,-8.3567009253542,-1.4543675852972888,0.4112309908510236
广西,CEG2000_f4_r0010_c0088,6,23.487104470744043,24.29377294766011,-0.8066684769160659,-0.03320474257555624,1,23.812902032896766,4,0.0,-1.4543675852972888,0.4112309908510236
广西,CEG2000_f4_r0010_c0088,7,20.234881693195284,23.487104470744043,-3.2522227775487593,-0.13846844261282978,0,20.856293350684005,2,-4.1783504626771,-1.4543675852972888,0.4112309908510236
广西,CEG2000_f4_r0010_c0088,8,24.95910368339949,20.234881693195284,4.724221990204207,0.2334692172572918,1,23.812902032896766,6,4.178350462677099,-1.4543675852972888,0.4112309908510236
广西,CEG2000_f4_r0010_c0088,9,30.211646097557857,24.95910368339949,5.252542414158366,0.21044595514268713,3,29.72611939732228,7,6.267525694015649,-1.4543675852972888,0.4112309908510236
广西,CEG2000_f4_r0010_c0088,10,30.127892963977,30.211646097557857,-0.08375313358085634,-0.0027722135136366,3,29.72611939732228,4,0.0,-1.4543675852972888,0.4112309908510236
广西,CEG2000_f4_r0010_c0088,11,39.85028064053037,30.127892963977,9.722387676553371,0.32270387073460904,6,38.59594544396056,8,8.3567009253542,-1.4543675852972888,0.4112309908510236
广西,CEG2000_f4_r0010_c0088,12,49.06408480296645,39.85028064053037,9.213804162436077,0.23121052133984293,8,44.509162808386066,8,8.3567009253542,-1.4543675852972888,0.4112309908510236
广西,CEG2000_f4_r0010_c0089,1,40.306654222717775,,,,7,41.552554126173305,4,,-1.1529382442819494,0.5661928161799347
广西,CEG2000_f4_r0010_c0089,2,39.98675970442807,40.306654222717775,-0.3198945182897077,-0.007936518782286019,6,38.59594544396056,4,0.0,-1.1529382442819494,0.5661928161799347
广西,CEG2000_f4_r0010_c0089,3,40.04189218553635,39.98675970442807,0.05513248110828073,0.0013787684102389384,6,38.59594544396056,4,0.0,-1.1529382442819494,0.5661928161799347
广西,CEG2000_f4_r0010_c0089,4,32.81885177418704,40.04189218553635,-7.223040411349309,-0.18038709004761683,4,32.68272807953504,1,-6.267525694015651,-1.1529382442819494,0.5661928161799347
广西,CEG2000_f4_r0010_c0089,5,23.40602362521757,32.81885177418704,-9.412828148969467,-0.2868116232016662,1,23.812902032896766,0,-8.3567009253542,-1.1529382442819494,0.5661928161799347
广西,CEG2000_f4_r0010_c0089,6,23.702803489203525,23.40602362521757,0.2967798639859538,0.012679636179902176,1,23.812902032896766,4,0.0,-1.1529382442819494,0.5661928161799347
广西,CEG2000_f4_r0010_c0089,7,20.11213565759097,23.702803489203525,-3.5906678316125564,-0.151487052291012,0,20.856293350684005,2,-4.1783504626771,-1.1529382442819494,0.5661928161799347
广西,CEG2000_f4_r0010_c0089,8,24.421008766183824,20.11213565759097,4.308873108592856,0.21424244455941446,1,23.812902032896766,6,4.178350462677099,-1.1529382442819494,0.5661928161799347
广西,CEG2000_f4_r0010_c0089,9,29.006766984174536,24.421008766183824,4.585758217990712,0.18777922983839584,3,29.72611939732228,6,4.178350462677099,-1.1529382442819494,0.5661928161799347
广西,CEG2000_f4_r0010_c0089,10,29.862453001272197,29.006766984174536,0.8556860170976606,0.029499530835839248,3,29.72611939732228,4,0.0,-1.1529382442819494,0.5661928161799347
广西,CEG2000_f4_r0010_c0089,11,38.12919641134384,29.862453001272197,8.266743410071644,0.2768273393253885,6,38.59594544396056,8,8.3567009253542,-1.1529382442819494,0.5661928161799347
广西,CEG2000_f4_r0010_c0089,12,46.71485405277187,38.12919641134384,8.585657641428028,0.22517279275452298,8,44.509162808386066,8,8.3567009253542,-1.1529382442819494,0.5661928161799347
广西,CEG2000_f4_r0010_c0090,1,39.045174736352934,,,,6,38.59594544396056,4,,-0.9139584740653428,0.6522909575072844
广西,CEG2000_f4_r0010_c0090,2,38.85143328134996,39.045174736352934,-0.19374145500297146,-0.004961982019831733,6,38.59594544396056,4,0.0,-0.9139584740653428,0.6522909575072844
广西,CEG2000_f4_r0010_c0090,3,39.410362073098355,38.85143328134996,0.5589287917483929,0.014386310736615686,6,38.59594544396056,4,0.0,-0.9139584740653428,0.6522909575072844
广西,CEG2000_f4_r0010_c0090,4,32.10335568601609,39.410362073098355,-7.307006387082268,-0.18540825312716563,4,32.68272807953504,1,-6.267525694015651,-0.9139584740653428,0.6522909575072844
广西,CEG2000_f4_r0010_c0090,5,22.68654054910437,32.10335568601609,-9.416815136911715,-0.29332806292937125,1,23.812902032896766,0,-8.3567009253542,-0.9139584740653428,0.6522909575072844
广西,CEG2000_f4_r0010_c0090,6,23.457859993644227,22.68654054910437,0.7713194445398557,0.033998989086518355,1,23.812902032896766,4,0.0,-0.9139584740653428,0.6522909575072844
广西,CEG2000_f4_r0010_c0090,7,20.09061798625973,23.457859993644227,-3.3672420073844975,-0.14354429638069424,0,20.856293350684005,2,-4.1783504626771,-0.9139584740653428,0.6522909575072844
广西,CEG2000_f4_r0010_c0090,8,23.623906820407143,20.09061798625973,3.533288834147413,0.17586760330438225,1,23.812902032896766,6,4.178350462677099,-0.9139584740653428,0.6522909575072844
广西,CEG2000_f4_r0010_c0090,9,28.73965857899321,23.623906820407143,5.115751758586068,0.21654977720141133,3,29.72611939732228,6,4.178350462677099,-0.9139584740653428,0.6522909575072844
广西,CEG2000_f4_r0010_c0090,10,29.346396807056937,28.73965857899321,0.6067382280637261,0.02111153221935669,3,29.72611939732228,4,0.0,-0.9139584740653428,0.6522909575072844
广西,CEG2000_f4_r0010_c0090,11,36.03751354792891,29.346396807056937,6.691116740871973,0.22800471161294178,5,35.6393367617478,7,6.267525694015649,-0.9139584740653428,0.6522909575072844
广西,CEG2000_f4_r0010_c0090,12,42.86138493592989,36.03751354792891,6.823871388000981,0.18935466729482928,7,41.552554126173305,7,6.267525694015649,-0.9139584740653428,0.6522909575072844
广西,CEG2000_f4_r0010_c0091,1,40.3496612257092,,,,7,41.552554126173305,4,,-0.7386773064357038,0.7611737535660917
广西,CEG2000_f4_r0010_c0091,2,39.32890955793727,40.3496612257092,-1.0207516677719255,-0.025297651498534593,6,38.59594544396056,4,0.0,-0.7386773064357038,0.7611737535660917
广西,CEG2000_f4_r0010_c0091,3,40.89585148195929,39.32890955793727,1.566941924022018,0.039841987526088966,7,41.552554126173305,5,2.08917523133855,-0.7386773064357038,0.7611737535660917
广西,CEG2000_f4_r0010_c0091,4,33.120165956400626,40.89585148195929,-7.775685525558664,-0.19013384594740163,4,32.68272807953504,0,-8.3567009253542,-0.7386773064357038,0.7611737535660917
广西,CEG2000_f4_r0010_c0091,5,23.355220405653068,33.120165956400626,-9.764945550747559,-0.2948338351807213,1,23.812902032896766,0,-8.3567009253542,-0.7386773064357038,0.7611737535660917
广西,CEG2000_f4_r0010_c0091,6,22.870364991259994,23.355220405653068,-0.4848554143930741,-0.020760044477067585,1,23.812902032896766,4,0.0,-0.7386773064357038,0.7611737535660917
广西,CEG2000_f4_r0010_c0091,7,20.4567419602846,22.870364991259994,-2.413623030975394,-0.10553495896973093,0,20.856293350684005,3,-2.0891752313385505,-0.7386773064357038,0.7611737535660917
广西,CEG2000_f4_r0010_c0091,8,23.18644435003241,20.4567419602846,2.7297023897478105,0.13343778765198025,1,23.812902032896766,5,2.08917523133855,-0.7386773064357038,0.7611737535660917
广西,CEG2000_f4_r0010_c0091,9,28.99835989618646,23.18644435003241,5.811915546154051,0.25066006061192075,3,29.72611939732228,7,6.267525694015649,-0.7386773064357038,0.7611737535660917
广西,CEG2000_f4_r0010_c0091,10,29.861811013064713,28.99835989618646,0.8634511168782524,0.029775860426913447,3,29.72611939732228,4,0.0,-0.7386773064357038,0.7611737535660917
广西,CEG2000_f4_r0010_c0091,11,37.46691662715298,29.861811013064713,7.60510561408827,0.25467663735334045,6,38.59594544396056,8,8.3567009253542,-0.7386773064357038,0.7611737535660917
广西,CEG2000_f4_r0010_c0091,12,45.497446606478114,37.46691662715298,8.03052997932513,0.21433655881640534,8,44.509162808386066,8,8.3567009253542,-0.7386773064357038,0.7611737535660917
广西,CEG2000_f4_r0010_c0092,1,38.27996957488783,,,,6,38.59594544396056,4,,-0.6116396341744327,0.9132049475518718
广西,CEG2000_f4_r0010_c0092,2,37.88029912506789,38.27996957488783,-0.3996704498199364,-0.010440720153605492,6,38.59594544396056,4,0.0,-0.6116396341744327,0.9132049475518718
广西,CEG2000_f4_r0010_c0092,3,39.37304872701101,37.88029912506789,1.4927496019431175,0.039407017273400215,6,38.59594544396056,5,2.08917523133855,-0.6116396341744327,0.9132049475518718
广西,CEG2000_f4_r0010_c0092,4,31.00398436055908,39.37304872701101,-8.36906436645193,-0.21255820001336392,3,29.72611939732228,0,-8.3567009253542,-0.6116396341744327,0.9132049475518718
广西,CEG2000_f4_r0010_c0092,5,22.472321867843075,31.00398436055908,-8.531662492716006,-0.27517955090860324,1,23.812902032896766,0,-8.3567009253542,-0.6116396341744327,0.9132049475518718
广西,CEG2000_f4_r0010_c0092,6,21.251802671695817,22.472321867843075,-1.220519196147258,-0.05431210906131459,0,20.856293350684005,3,-2.0891752313385505,-0.6116396341744327,0.9132049475518718
广西,CEG2000_f4_r0010_c0092,7,18.908626161326985,21.251802671695817,-2.3431765103688313,-0.11025777655509608,0,20.856293350684005,3,-2.0891752313385505,-0.6116396341744327,0.9132049475518718
广西,CEG2000_f4_r0010_c0092,8,20.903186096820892,18.908626161326985,1.994559935493907,0.10548412763975927,0,20.856293350684005,5,2.08917523133855,-0.6116396341744327,0.9132049475518718
广西,CEG2000_f4_r0010_c0092,9,26.623246228000763,20.903186096820892,5.720060131179871,0.27364537179572923,2,26.769510715109526,7,6.267525694015649,-0.6116396341744327,0.9132049475518718
广西,CEG2000_f4_r0010_c0092,10,27.98362376108088,26.623246228000763,1.3603775330801184,0.05109735760357253,2,26.769510715109526,5,2.08917523133855,-0.6116396341744327,0.9132049475518718
广西,CEG2000_f4_r0010_c0092,11,33.62341554646407,27.98362376108088,5.639791785383185,0.20153900844060466,4,32.68272807953504,7,6.267525694015649,-0.6116396341744327,0.9132049475518718
广西,CEG2000_f4_r0010_c0092,12,39.711044032919936,33.62341554646407,6.08762848645587,0.1810532448151616,6,38.59594544396056,7,6.267525694015649,-0.6116396341744327,0.9132049475518718
广西,CEG2000_f4_r0011_c0081,1,38.79074536203405,,,,6,38.59594544396056,4,,-2.9113537429890193,0.8769167953183337
广西,CEG2000_f4_r0011_c0081,2,37.26164726636164,38.79074536203405,-1.5290980956724098,-0.03941914705173454,6,38.59594544396056,3,-2.0891752313385505,-2.9113537429890193,0.8769167953183337
广西,CEG2000_f4_r0011_c0081,3,35.97785347810963,37.26164726636164,-1.2837937882520123,-0.034453489913500716,5,35.6393367617478,3,-2.0891752313385505,-2.9113537429890193,0.8769167953183337
广西,CEG2000_f4_r0011_c0081,4,31.096106345042713,35.97785347810963,-4.881747133066916,-0.13568755946035432,3,29.72611939732228,2,-4.1783504626771,-2.9113537429890193,0.8769167953183337
广西,CEG2000_f4_r0011_c0081,5,22.682037152004977,31.096106345042713,-8.414069193037736,-0.27058272504200814,1,23.812902032896766,0,-8.3567009253542,-2.9113537429890193,0.8769167953183337
广西,CEG2000_f4_r0011_c0081,6,17.568727447396178,22.682037152004977,-5.113309704608799,-0.2254343236606862,0,20.856293350684005,2,-4.1783504626771,-2.9113537429890193,0.8769167953183337
广西,CEG2000_f4_r0011_c0081,7,18.597019011892993,17.568727447396178,1.028291564496815,0.058529655467403574,0,20.856293350684005,4,0.0,-2.9113537429890193,0.8769167953183337
广西,CEG2000_f4_r0011_c0081,8,21.60413849162056,18.597019011892993,3.0071194797275673,0.16169900551289873,0,20.856293350684005,5,2.08917523133855,-2.9113537429890193,0.8769167953183337
广西,CEG2000_f4_r0011_c0081,9,25.470339929898355,21.60413849162056,3.8662014382777947,0.17895651982500252,2,26.769510715109526,6,4.178350462677099,-2.9113537429890193,0.8769167953183337
广西,CEG2000_f4_r0011_c0081,10,24.811532299481694,25.470339929898355,-0.6588076304166606,-0.02586567875536358,1,23.812902032896766,4,0.0,-2.9113537429890193,0.8769167953183337
广西,CEG2000_f4_r0011_c0081,11,28.64468282462672,24.811532299481694,3.833150525145026,0.1544906811428611,3,29.72611939732228,6,4.178350462677099,-2.9113537429890193,0.8769167953183337
广西,CEG2000_f4_r0011_c0081,12,33.08885600049414,28.64468282462672,4.4441731758674194,0.15514827666538608,4,32.68272807953504,6,4.178350462677099,-2.9113537429890193,0.8769167953183337
广西,CEG2000_f4_r0011_c0082,1,37.54208944200808,,,,6,38.59594544396056,4,,-2.872355215496004,0.8237164457406906
广西,CEG2000_f4_r0011_c0082,2,38.03327090608259,37.54208944200808,0.4911814640745149,0.013083487663446424,6,38.59594544396056,4,0.0,-2.872355215496004,0.8237164457406906
广西,CEG2000_f4_r0011_c0082,3,36.42013563022177,38.03327090608259,-1.6131352758608202,-0.04241379290895631,5,35.6393367617478,3,-2.0891752313385505,-2.872355215496004,0.8237164457406906
广西,CEG2000_f4_r0011_c0082,4,30.913269245684937,36.42013563022177,-5.506866384536835,-0.15120389557163497,3,29.72611939732228,1,-6.267525694015651,-2.872355215496004,0.8237164457406906
广西,CEG2000_f4_r0011_c0082,5,22.76873460577604,30.913269245684937,-8.144534639908898,-0.26346403465708373,1,23.812902032896766,0,-8.3567009253542,-2.872355215496004,0.8237164457406906
广西,CEG2000_f4_r0011_c0082,6,17.865850325151236,22.76873460577604,-4.902884280624804,-0.21533406952624523,0,20.856293350684005,2,-4.1783504626771,-2.872355215496004,0.8237164457406906
广西,CEG2000_f4_r0011_c0082,7,18.38883624776077,17.865850325151236,0.5229859226095357,0.0292729376487211,0,20.856293350684005,4,0.0,-2.872355215496004,0.8237164457406906
广西,CEG2000_f4_r0011_c0082,8,22.00341001138244,18.38883624776077,3.6145737636216673,0.19656348639581897,0,20.856293350684005,6,4.178350462677099,-2.872355215496004,0.8237164457406906
广西,CEG2000_f4_r0011_c0082,9,26.510957685685145,22.00341001138244,4.507547674302707,0.20485677774358324,2,26.769510715109526,6,4.178350462677099,-2.872355215496004,0.8237164457406906
广西,CEG2000_f4_r0011_c0082,10,25.263915701076545,26.510957685685145,-1.2470419846086003,-0.04703873769456292,1,23.812902032896766,3,-2.0891752313385505,-2.872355215496004,0.8237164457406906
广西,CEG2000_f4_r0011_c0082,11,28.96330438140962,25.263915701076545,3.699388680333076,0.14642974288326324,3,29.72611939732228,6,4.178350462677099,-2.872355215496004,0.8237164457406906
广西,CEG2000_f4_r0011_c0082,12,34.18760225293221,28.96330438140962,5.224297871522587,0.18037644471519118,5,35.6393367617478,7,6.267525694015649,-2.872355215496004,0.8237164457406906
广西,CEG2000_f4_r0011_c0083,1,38.36138475819003,,,,6,38.59594544396056,4,,-2.7409591106400377,0.8849819470866637
广西,CEG2000_f4_r0011_c0083,2,39.61167193681967,38.36138475819003,1.250287178629641,0.03259233696882407,6,38.59594544396056,5,2.08917523133855,-2.7409591106400377,0.8849819470866637
广西,CEG2000_f4_r0011_c0083,3,38.92265040590579,39.61167193681967,-0.6890215309138767,-0.017394406679244974,6,38.59594544396056,4,0.0,-2.7409591106400377,0.8849819470866637
广西,CEG2000_f4_r0011_c0083,4,33.088286829468785,38.92265040590579,-5.834363576437006,-0.14989635894763603,4,32.68272807953504,1,-6.267525694015651,-2.7409591106400377,0.8849819470866637
广西,CEG2000_f4_r0011_c0083,5,23.59075939089554,33.088286829468785,-9.497527438573247,-0.2870359377480567,1,23.812902032896766,0,-8.3567009253542,-2.7409591106400377,0.8849819470866637
广西,CEG2000_f4_r0011_c0083,6,19.69528397167762,23.59075939089554,-3.89547541921792,-0.1651271735119012,0,20.856293350684005,2,-4.1783504626771,-2.7409591106400377,0.8849819470866637
广西,CEG2000_f4_r0011_c0083,7,19.690176976494783,19.69528397167762,-0.0051069951828353055,-0.00025930040867546317,0,20.856293350684005,4,0.0,-2.7409591106400377,0.8849819470866637
广西,CEG2000_f4_r0011_c0083,8,23.849405804220293,19.690176976494783,4.15922882772551,0.21123369448078622,1,23.812902032896766,6,4.178350462677099,-2.7409591106400377,0.8849819470866637
广西,CEG2000_f4_r0011_c0083,9,28.892805175574654,23.849405804220293,5.0433993713543614,0.21146855451056573,3,29.72611939732228,6,4.178350462677099,-2.7409591106400377,0.8849819470866637
广西,CEG2000_f4_r0011_c0083,10,27.09570746174969,28.892805175574654,-1.7970977138249644,-0.062198796652122634,2,26.769510715109526,3,-2.0891752313385505,-2.7409591106400377,0.8849819470866637
广西,CEG2000_f4_r0011_c0083,11,31.437241779337626,27.09570746174969,4.341534317587936,0.16022959812792367,4,32.68272807953504,6,4.178350462677099,-2.7409591106400377,0.8849819470866637
广西,CEG2000_f4_r0011_c0083,12,39.09820235434146,31.437241779337626,7.660960575003834,0.2436906083802511,6,38.59594544396056,8,8.3567009253542,-2.7409591106400377,0.8849819470866637
广西,CEG2000_f4_r0011_c0084,1,39.67414668279555,,,,6,38.59594544396056,4,,-2.6465976316171917,0.6681188816463379
广西,CEG2000_f4_r0011_c0084,2,39.80305225546097,39.67414668279555,0.1289055726654169,0.0032491076291079,6,38.59594544396056,4,0.0,-2.6465976316171917,0.6681188816463379
广西,CEG2000_f4_r0011_c0084,3,39.80654518786365,39.80305225546097,0.0034929324026791164,8.775539072383292e-05,6,38.59594544396056,4,0.0,-2.6465976316171917,0.6681188816463379
广西,CEG2000_f4_r0011_c0084,4,33.968524916563645,39.80654518786365,-5.838020271300003,-0.14665980792223884,4,32.68272807953504,1,-6.267525694015651,-2.6465976316171917,0.6681188816463379
广西,CEG2000_f4_r0011_c0084,5,24.36443138957766,33.968524916563645,-9.604093526985984,-0.2827350775630196,1,23.812902032896766,0,-8.3567009253542,-2.6465976316171917,0.6681188816463379
广西,CEG2000_f4_r0011_c0084,6,21.422280284878138,24.36443138957766,-2.942151104699523,-0.12075599293312804,0,20.856293350684005,3,-2.0891752313385505,-2.6465976316171917,0.6681188816463379
广西,CEG2000_f4_r0011_c0084,7,20.573602458040604,21.422280284878138,-0.8486778268375339,-0.039616596158374914,0,20.856293350684005,4,0.0,-2.6465976316171917,0.6681188816463379
广西,CEG2000_f4_r0011_c0084,8,25.1291530228418,20.573602458040604,4.5555505648011945,0.22142697537255018,1,23.812902032896766,6,4.178350462677099,-2.6465976316171917,0.6681188816463379
广西,CEG2000_f4_r0011_c0084,9,29.66348231648352,25.1291530228418,4.534329293641722,0.18044099176443096,3,29.72611939732228,6,4.178350462677099,-2.6465976316171917,0.6681188816463379
广西,CEG2000_f4_r0011_c0084,10,27.84007384848963,29.66348231648352,-1.8234084679938896,-0.06146980481049761,2,26.769510715109526,3,-2.0891752313385505,-2.6465976316171917,0.6681188816463379
广西,CEG2000_f4_r0011_c0084,11,33.54901448213077,27.84007384848963,5.7089406336411415,0.20506197881191543,4,32.68272807953504,7,6.267525694015649,-2.6465976316171917,0.6681188816463379
广西,CEG2000_f4_r0011_c0084,12,41.21563397727541,33.54901448213077,7.666619495144637,0.228519961420271,7,41.552554126173305,8,8.3567009253542,-2.6465976316171917,0.6681188816463379
广西,CEG2000_f4_r0011_c0085,1,41.56956840113879,,,,7,41.552554126173305,4,,-2.501868399482013,0.4840843885412753
广西,CEG2000_f4_r0011_c0085,2,42.26196971217777,41.56956840113879,0.6924013110389851,0.016656446955557444,7,41.552554126173305,4,0.0,-2.501868399482013,0.4840843885412753
广西,CEG2000_f4_r0011_c0085,3,41.70041872412653,42.26196971217777,-0.5615509880512448,-0.013287383240195596,7,41.552554126173305,4,0.0,-2.501868399482013,0.4840843885412753
广西,CEG2000_f4_r0011_c0085,4,35.706406750106204,41.70041872412653,-5.994011974020324,-0.14373985099944286,5,35.6393367617478,1,-6.267525694015651,-2.501868399482013,0.4840843885412753
广西,CEG2000_f4_r0011_c0085,5,25.47005633431478,35.706406750106204,-10.236350415791424,-0.2866810566358929,2,26.769510715109526,0,-8.3567009253542,-2.501868399482013,0.4840843885412753
广西,CEG2000_f4_r0011_c0085,6,23.584870681580643,25.47005633431478,-1.8851856527341369,-0.07401576298024524,1,23.812902032896766,3,-2.0891752313385505,-2.501868399482013,0.4840843885412753
广西,CEG2000_f4_r0011_c0085,7,22.11477349268965,23.584870681580643,-1.4700971888909926,-0.062332213253944696,0,20.856293350684005,3,-2.0891752313385505,-2.501868399482013,0.4840843885412753
广西,CEG2000_f4_r0011_c0085,8,27.286887229441007,22.11477349268965,5.172113736751356,0.2338759534869788,2,26.769510715109526,6,4.178350462677099,-2.501868399482013,0.4840843885412753
广西,CEG2000_f4_r0011_c0085,9,32.60004084453059,27.286887229441007,5.313153615089583,0.19471453707467926,4,32.68272807953504,7,6.267525694015649,-2.501868399482013,0.4840843885412753
广西,CEG2000_f4_r0011_c0085,10,29.94024377836729,32.60004084453059,-2.6597970661633,-0.08158876483768401,3,29.72611939732228,3,-2.0891752313385505,-2.501868399482013,0.4840843885412753
广西,CEG2000_f4_r0011_c0085,11,37.88006298202763,29.94024377836729,7.939819203660342,0.26518886293761895,6,38.59594544396056,8,8.3567009253542,-2.501868399482013,0.4840843885412753
广西,CEG2000_f4_r0011_c0085,12,47.02605445355364,37.88006298202763,9.14599147152601,0.2414460471162724,8,44.509162808386066,8,8.3567009253542,-2.501868399482013,0.4840843885412753
广西,CEG2000_f4_r0011_c0086,1,43.83770272208334,,,,8,44.509162808386066,4,,-2.2666889313903145,0.3847291811362138
广西,CEG2000_f4_r0011_c0086,2,44.93803413284793,43.83770272208334,1.1003314107645892,0.02510011570953728,8,44.509162808386066,5,2.08917523133855,-2.2666889313903145,0.3847291811362138
广西,CEG2000_f4_r0011_c0086,3,43.379633936772095,44.93803413284793,-1.5584001960758371,-0.034678868939144535,8,44.509162808386066,3,-2.0891752313385505,-2.2666889313903145,0.3847291811362138
广西,CEG2000_f4_r0011_c0086,4,36.66251153154351,43.379633936772095,-6.7171224052285865,-0.154845068886914,5,35.6393367617478,1,-6.267525694015651,-2.2666889313903145,0.3847291811362138
广西,CEG2000_f4_r0011_c0086,5,26.292520137049696,36.66251153154351,-10.369991394493812,-0.2828500002126622,2,26.769510715109526,0,-8.3567009253542,-2.2666889313903145,0.3847291811362138
广西,CEG2000_f4_r0011_c0086,6,24.90063492948841,26.292520137049696,-1.391885207561284,-0.052938447904806604,1,23.812902032896766,3,-2.0891752313385505,-2.2666889313903145,0.3847291811362138
广西,CEG2000_f4_r0011_c0086,7,23.349671700001377,24.90063492948841,-1.550963229487035,-0.06228609165504921,1,23.812902032896766,3,-2.0891752313385505,-2.2666889313903145,0.3847291811362138
广西,CEG2000_f4_r0011_c0086,8,27.609263076950924,23.349671700001377,4.2595913769495475,0.18242617847810239,2,26.769510715109526,6,4.178350462677099,-2.2666889313903145,0.3847291811362138
广西,CEG2000_f4_r0011_c0086,9,33.59287071967208,27.609263076950924,5.983607642721154,0.21672464151049567,4,32.68272807953504,7,6.267525694015649,-2.2666889313903145,0.3847291811362138
广西,CEG2000_f4_r0011_c0086,10,31.90887995798384,33.59287071967208,-1.6839907616882392,-0.050129409175563244,4,32.68272807953504,3,-2.0891752313385505,-2.2666889313903145,0.3847291811362138
广西,CEG2000_f4_r0011_c0086,11,41.14556070691874,31.90887995798384,9.236680748934898,0.2894705411502171,7,41.552554126173305,8,8.3567009253542,-2.2666889313903145,0.3847291811362138
广西,CEG2000_f4_r0011_c0086,12,51.67094425102249,41.14556070691874,10.525383544103754,0.25580848488313057,8,44.509162808386066,8,8.3567009253542,-2.2666889313903145,0.3847291811362138
广西,CEG2000_f4_r0011_c0087,1,42.31140523413155,,,,7,41.552554126173305,4,,-1.8865691865046328,0.3462154378009374
广西,CEG2000_f4_r0011_c0087,2,42.448590215009126,42.31140523413155,0.1371849808775778,0.0032422695516364963,7,41.552554126173305,4,0.0,-1.8865691865046328,0.3462154378009374
广西,CEG2000_f4_r0011_c0087,3,40.6291599135239,42.448590215009126,-1.8194303014852267,-0.042861972382816756,7,41.552554126173305,3,-2.0891752313385505,-1.8865691865046328,0.3462154378009374
广西,CEG2000_f4_r0011_c0087,4,35.14356567353004,40.6291599135239,-5.485594239993858,-0.1350161866912713,5,35.6393367617478,1,-6.267525694015651,-1.8865691865046328,0.3462154378009374
广西,CEG2000_f4_r0011_c0087,5,25.450764517789946,35.14356567353004,-9.692801155740096,-0.2758058543570229,2,26.769510715109526,0,-8.3567009253542,-1.8865691865046328,0.3462154378009374
广西,CEG2000_f4_r0011_c0087,6,24.34533323120181,25.450764517789946,-1.1054312865881357,-0.04343410925103822,1,23.812902032896766,3,-2.0891752313385505,-1.8865691865046328,0.3462154378009374
广西,CEG2000_f4_r0011_c0087,7,22.39557296163452,24.34533323120181,-1.9497602695672889,-0.08008763942768339,1,23.812902032896766,3,-2.0891752313385505,-1.8865691865046328,0.3462154378009374
广西,CEG2000_f4_r0011_c0087,8,26.4254964787192,22.39557296163452,4.029923517084679,0.17994286299297962,2,26.769510715109526,6,4.178350462677099,-1.8865691865046328,0.3462154378009374
广西,CEG2000_f4_r0011_c0087,9,32.33770961439991,26.4254964787192,5.912213135680712,0.22373139291600047,4,32.68272807953504,7,6.267525694015649,-1.8865691865046328,0.3462154378009374
广西,CEG2000_f4_r0011_c0087,10,30.61154237225964,32.33770961439991,-1.7261672421402743,-0.053379390894512074,3,29.72611939732228,3,-2.0891752313385505,-1.8865691865046328,0.3462154378009374
广西,CEG2000_f4_r0011_c0087,11,39.34704175292742,30.61154237225964,8.735499380667779,0.28536619535329066,6,38.59594544396056,8,8.3567009253542,-1.8865691865046328,0.3462154378009374
广西,CEG2000_f4_r0011_c0087,12,48.71831759198469,39.34704175292742,9.371275839057276,0.23816976884571134,8,44.509162808386066,8,8.3567009253542,-1.8865691865046328,0.3462154378009374
广西,CEG2000_f4_r0011_c0088,1,41.724407964650034,,,,7,41.552554126173305,4,,-1.3908828943105451,0.3224010264320943
广西,CEG2000_f4_r0011_c0088,2,41.83906599071853,41.724407964650034,0.11465802606849707,0.0027479844930487266,7,41.552554126173305,4,0.0,-1.3908828943105451,0.3224010264320943
广西,CEG2000_f4_r0011_c0088,3,40.427464999843906,41.83906599071853,-1.411600990874625,-0.03373882655955491,7,41.552554126173305,3,-2.0891752313385505,-1.3908828943105451,0.3224010264320943
广西,CEG2000_f4_r0011_c0088,4,35.466756555364135,40.427464999843906,-4.960708444479771,-0.12270639389580634,5,35.6393367617478,2,-4.1783504626771,-1.3908828943105451,0.3224010264320943
广西,CEG2000_f4_r0011_c0088,5,25.422571612971,35.466756555364135,-10.044184942393134,-0.28319998550513104,2,26.769510715109526,0,-8.3567009253542,-1.3908828943105451,0.3224010264320943
广西,CEG2000_f4_r0011_c0088,6,24.89378017821306,25.422571612971,-0.5287914347579417,-0.02080007651500306,1,23.812902032896766,4,0.0,-1.3908828943105451,0.3224010264320943
广西,CEG2000_f4_r0011_c0088,7,22.27854414981297,24.89378017821306,-2.6152360284000906,-0.10505580147642402,0,20.856293350684005,3,-2.0891752313385505,-1.3908828943105451,0.3224010264320943
广西,CEG2000_f4_r0011_c0088,8,27.109314894946852,22.27854414981297,4.830770745133883,0.2168351177998513,2,26.769510715109526,6,4.178350462677099,-1.3908828943105451,0.3224010264320943
广西,CEG2000_f4_r0011_c0088,9,32.28071047006083,27.109314894946852,5.17139557511398,0.19076083608730085,4,32.68272807953504,6,4.178350462677099,-1.3908828943105451,0.3224010264320943
广西,CEG2000_f4_r0011_c0088,10,30.555998076615783,32.28071047006083,-1.7247123934450492,-0.0534285760235871,3,29.72611939732228,3,-2.0891752313385505,-1.3908828943105451,0.3224010264320943
广西,CEG2000_f4_r0011_c0088,11,40.34624879433646,30.555998076615783,9.790250717720678,0.320403565060212,7,41.552554126173305,8,8.3567009253542,-1.3908828943105451,0.3224010264320943
广西,CEG2000_f4_r0011_c0088,12,48.758167680808405,40.34624879433646,8.411918886471945,0.20849320910480168,8,44.509162808386066,8,8.3567009253542,-1.3908828943105451,0.3224010264320943
广西,CEG2000_f4_r0011_c0089,1,41.98608910318658,,,,7,41.552554126173305,4,,-0.9664946773096182,0.4114085309310029
广西,CEG2000_f4_r0011_c0089,2,42.10785385195489,41.98608910318658,0.12176474876831378,0.0029001212394195656,7,41.552554126173305,4,0.0,-0.9664946773096182,0.4114085309310029
广西,CEG2000_f4_r0011_c0089,3,41.30160013550413,42.10785385195489,-0.8062537164507617,-0.019147347648859826,7,41.552554126173305,4,0.0,-0.9664946773096182,0.4114085309310029
广西,CEG2000_f4_r0011_c0089,4,35.55973355288084,41.30160013550413,-5.741866582623288,-0.1390228602229724,5,35.6393367617478,1,-6.267525694015651,-0.9664946773096182,0.4114085309310029
广西,CEG2000_f4_r0011_c0089,5,26.08310652101928,35.55973355288084,-9.476627031861565,-0.26649882001418496,2,26.769510715109526,0,-8.3567009253542,-0.9664946773096182,0.4114085309310029
广西,CEG2000_f4_r0011_c0089,6,25.279410760187268,26.08310652101928,-0.8036957608320101,-0.030812884967683796,1,23.812902032896766,4,0.0,-0.9664946773096182,0.4114085309310029
广西,CEG2000_f4_r0011_c0089,7,22.892726509054395,25.279410760187268,-2.3866842511328734,-0.0944121788982392,1,23.812902032896766,3,-2.0891752313385505,-0.9664946773096182,0.4114085309310029
广西,CEG2000_f4_r0011_c0089,8,27.97033153341796,22.892726509054395,5.077605024363564,0.2217999250703187,2,26.769510715109526,6,4.178350462677099,-0.9664946773096182,0.4114085309310029
广西,CEG2000_f4_r0011_c0089,9,32.27191241629221,27.97033153341796,4.301580882874251,0.1537908436206727,4,32.68272807953504,6,4.178350462677099,-0.9664946773096182,0.4114085309310029
广西,CEG2000_f4_r0011_c0089,10,32.02393410657559,32.27191241629221,-0.24797830971662194,-0.007684028963571186,4,32.68272807953504,4,0.0,-0.9664946773096182,0.4114085309310029
广西,CEG2000_f4_r0011_c0089,11,41.946850091562766,32.02393410657559,9.922915984987178,0.30985936805777,7,41.552554126173305,8,8.3567009253542,-0.9664946773096182,0.4114085309310029
广西,CEG2000_f4_r0011_c0089,12,50.6447438452879,41.946850091562766,8.697893753725133,0.20735511092582937,8,44.509162808386066,8,8.3567009253542,-0.9664946773096182,0.4114085309310029
广西,CEG2000_f4_r0011_c0090,1,41.41205508891546,,,,7,41.552554126173305,4,,-0.6951256815532483,0.5122532927785939
广西,CEG2000_f4_r0011_c0090,2,40.79709883933929,41.41205508891546,-0.6149562495761671,-0.014849691672045737,7,41.552554126173305,4,0.0,-0.6951256815532483,0.5122532927785939
广西,CEG2000_f4_r0011_c0090,3,42.22908849990022,40.79709883933929,1.4319896605609301,0.03510028166954141,7,41.552554126173305,5,2.08917523133855,-0.6951256815532483,0.5122532927785939
广西,CEG2000_f4_r0011_c0090,4,35.11898498018856,42.22908849990022,-7.110103519711664,-0.16836980792821196,5,35.6393367617478,1,-6.267525694015651,-0.6951256815532483,0.5122532927785939
广西,CEG2000_f4_r0011_c0090,5,26.516160459927857,35.11898498018856,-8.6028245202607,-0.24496221986807862,2,26.769510715109526,0,-8.3567009253542,-0.6951256815532483,0.5122532927785939
广西,CEG2000_f4_r0011_c0090,6,24.92552810130397,26.516160459927857,-1.5906323586238855,-0.05998728062562845,1,23.812902032896766,3,-2.0891752313385505,-0.6951256815532483,0.5122532927785939
广西,CEG2000_f4_r0011_c0090,7,23.37918956425957,24.92552810130397,-1.5463385370444023,-0.06203834601857467,1,23.812902032896766,3,-2.0891752313385505,-0.6951256815532483,0.5122532927785939
广西,CEG2000_f4_r0011_c0090,8,27.764336014832764,23.37918956425957,4.385146450573195,0.187566230151831,2,26.769510715109526,6,4.178350462677099,-0.6951256815532483,0.5122532927785939
广西,CEG2000_f4_r0011_c0090,9,33.07050331902895,27.764336014832764,5.306167304196187,0.1911145039219173,4,32.68272807953504,7,6.267525694015649,-0.6951256815532483,0.5122532927785939
广西,CEG2000_f4_r0011_c0090,10,32.49466301767718,33.07050331902895,-0.5758403013517679,-0.017412504907974177,4,32.68272807953504,4,0.0,-0.6951256815532483,0.5122532927785939
广西,CEG2000_f4_r0011_c0090,11,40.58240245768026,32.49466301767718,8.087739440003077,0.24889439338402508,7,41.552554126173305,8,8.3567009253542,-0.6951256815532483,0.5122532927785939
广西,CEG2000_f4_r0011_c0090,12,48.90102682305393,40.58240245768026,8.318624365373672,0.20498107212968522,8,44.509162808386066,8,8.3567009253542,-0.6951256815532483,0.5122532927785939
广西,CEG2000_f4_r0011_c0091,1,39.28788204050151,,,,6,38.59594544396056,4,,-0.5297661473866452,0.6894031199959039
广西,CEG2000_f4_r0011_c0091,2,39.42860871775893,39.28788204050151,0.14072667725741894,0.0035819359545099716,6,38.59594544396056,4,0.0,-0.5297661473866452,0.6894031199959039
广西,CEG2000_f4_r0011_c0091,3,40.01699417560512,39.42860871775893,0.5883854578461936,0.014922805469957669,6,38.59594544396056,4,0.0,-0.5297661473866452,0.6894031199959039
广西,CEG2000_f4_r0011_c0091,4,33.19049158220325,40.01699417560512,-6.8265025934018695,-0.17059008888687083,4,32.68272807953504,1,-6.267525694015651,-0.5297661473866452,0.6894031199959039
广西,CEG2000_f4_r0011_c0091,5,24.871080531628454,33.19049158220325,-8.319411050574796,-0.2506564577379043,1,23.812902032896766,0,-8.3567009253542,-0.5297661473866452,0.6894031199959039
广西,CEG2000_f4_r0011_c0091,6,23.861349964664825,24.871080531628454,-1.0097305669636292,-0.0405985805755226,1,23.812902032896766,4,0.0,-0.5297661473866452,0.6894031199959039
广西,CEG2000_f4_r0011_c0091,7,21.57243606353464,23.861349964664825,-2.2889139011301864,-0.09592558277380507,0,20.856293350684005,3,-2.0891752313385505,-0.5297661473866452,0.6894031199959039
广西,CEG2000_f4_r0011_c0091,8,25.520286337348576,21.57243606353464,3.9478502738139376,0.18300437939353814,2,26.769510715109526,6,4.178350462677099,-0.5297661473866452,0.6894031199959039
广西,CEG2000_f4_r0011_c0091,9,30.239867148881217,25.520286337348576,4.719580811532641,0.18493447718984254,3,29.72611939732228,6,4.178350462677099,-0.5297661473866452,0.6894031199959039
广西,CEG2000_f4_r0011_c0091,10,30.823142018993455,30.239867148881217,0.5832748701122377,0.019288274886942323,3,29.72611939732228,4,0.0,-0.5297661473866452,0.6894031199959039
广西,CEG2000_f4_r0011_c0091,11,36.285893699903255,30.823142018993455,5.4627516809098005,0.1772289040988622,5,35.6393367617478,7,6.267525694015649,-0.5297661473866452,0.6894031199959039
广西,CEG2000_f4_r0011_c0091,12,42.77074627200894,36.285893699903255,6.484852572105687,0.1787155258111495,7,41.552554126173305,7,6.267525694015649,-0.5297661473866452,0.6894031199959039
广西,CEG2000_f4_r0011_c0092,1,38.35673336262623,,,,6,38.59594544396056,4,,-0.4238658828871,0.7884557843454577
广西,CEG2000_f4_r0011_c0092,2,38.53146967674923,38.35673336262623,0.1747363141230025,0.0045555577549067534,6,38.59594544396056,4,0.0,-0.4238658828871,0.7884557843454577
广西,CEG2000_f4_r0011_c0092,3,39.57860669223082,38.53146967674923,1.0471370154815887,0.027176150410724017,6,38.59594544396056,5,2.08917523133855,-0.4238658828871,0.7884557843454577
广西,CEG2000_f4_r0011_c0092,4,32.28645745801765,39.57860669223082,-7.29214923421317,-0.18424471813568416,4,32.68272807953504,1,-6.267525694015651,-0.4238658828871,0.7884557843454577
广西,CEG2000_f4_r0011_c0092,5,24.608048577684293,32.28645745801765,-7.6784088803333574,-0.2378213494099703,1,23.812902032896766,0,-8.3567009253542,-0.4238658828871,0.7884557843454577
广西,CEG2000_f4_r0011_c0092,6,22.76388085772715,24.608048577684293,-1.8441677199571451,-0.0749416482227494,1,23.812902032896766,3,-2.0891752313385505,-0.4238658828871,0.7884557843454577
广西,CEG2000_f4_r0011_c0092,7,21.17171871037246,22.76388085772715,-1.5921621473546885,-0.06994247410209198,0,20.856293350684005,3,-2.0891752313385505,-0.4238658828871,0.7884557843454577
广西,CEG2000_f4_r0011_c0092,8,24.741655847469627,21.17171871037246,3.569937137097167,0.16861820175932063,1,23.812902032896766,6,4.178350462677099,-0.4238658828871,0.7884557843454577
广西,CEG2000_f4_r0011_c0092,9,29.6236932136588,24.741655847469627,4.882037366189174,0.19732055915281305,3,29.72611939732228,6,4.178350462677099,-0.4238658828871,0.7884557843454577
广西,CEG2000_f4_r0011_c0092,10,29.733364650295876,29.6236932136588,0.10967143663707546,0.0037021527277533543,3,29.72611939732228,4,0.0,-0.4238658828871,0.7884557843454577
广西,CEG2000_f4_r0011_c0092,11,35.02308698723266,29.733364650295876,5.289722336936784,0.17790527238174997,5,35.6393367617478,7,6.267525694015649,-0.4238658828871,0.7884557843454577
广西,CEG2000_f4_r0011_c0092,12,41.53718773928029,35.02308698723266,6.514100752047632,0.18599447714081535,7,41.552554126173305,7,6.267525694015649,-0.4238658828871,0.7884557843454577
广西,CEG2000_f4_r0011_c0093,1,39.18077636011011,,,,6,38.59594544396056,4,,-0.3517363034308118,0.8878792213083692
广西,CEG2000_f4_r0011_c0093,2,39.19567967203374,39.18077636011011,0.014903311923632145,0.0003803730632250867,6,38.59594544396056,4,0.0,-0.3517363034308118,0.8878792213083692
广西,CEG2000_f4_r0011_c0093,3,40.30876771907906,39.19567967203374,1.1130880470453164,0.028398233079741916,7,41.552554126173305,5,2.08917523133855,-0.3517363034308118,0.8878792213083692
广西,CEG2000_f4_r0011_c0093,4,31.722288713923863,40.30876771907906,-8.586479005155194,-0.21301765077504511,4,32.68272807953504,0,-8.3567009253542,-0.3517363034308118,0.8878792213083692
广西,CEG2000_f4_r0011_c0093,5,24.588356347258784,31.722288713923863,-7.1339323666650785,-0.22488706382442644,1,23.812902032896766,1,-6.267525694015651,-0.3517363034308118,0.8878792213083692
广西,CEG2000_f4_r0011_c0093,6,22.067799075816023,24.588356347258784,-2.5205572714427618,-0.1025101977474702,0,20.856293350684005,3,-2.0891752313385505,-0.3517363034308118,0.8878792213083692
广西,CEG2000_f4_r0011_c0093,7,20.5152155699466,22.067799075816023,-1.5525835058694213,-0.07035515868779542,0,20.856293350684005,3,-2.0891752313385505,-0.3517363034308118,0.8878792213083692
广西,CEG2000_f4_r0011_c0093,8,24.979697742403495,20.5152155699466,4.4644821724568935,0.21761809702828847,1,23.812902032896766,6,4.178350462677099,-0.3517363034308118,0.8878792213083692
广西,CEG2000_f4_r0011_c0093,9,29.321818845232432,24.979697742403495,4.342121102828937,0.1738260065276173,3,29.72611939732228,6,4.178350462677099,-0.3517363034308118,0.8878792213083692
广西,CEG2000_f4_r0011_c0093,10,29.40940742752372,29.321818845232432,0.08758858229128919,0.0029871469690745537,3,29.72611939732228,4,0.0,-0.3517363034308118,0.8878792213083692
广西,CEG2000_f4_r0011_c0093,11,33.93433389366357,29.40940742752372,4.524926466139849,0.15385983132407674,4,32.68272807953504,6,4.178350462677099,-0.3517363034308118,0.8878792213083692
广西,CEG2000_f4_r0011_c0093,12,40.09963088289293,33.93433389366357,6.165296989229361,0.18168315926132217,7,41.552554126173305,7,6.267525694015649,-0.3517363034308118,0.8878792213083692
广西,CEG2000_f4_r0011_c0094,1,39.69723541941836,,,,6,38.59594544396056,4,,-0.2839654835514452,0.9642691149103796
广西,CEG2000_f4_r0011_c0094,2,38.66545768693808,39.69723541941836,-1.031777732480279,-0.025991173480447785,6,38.59594544396056,4,0.0,-0.2839654835514452,0.9642691149103796
广西,CEG2000_f4_r0011_c0094,3,39.77465240527429,38.66545768693808,1.1091947183362052,0.028686967249088376,6,38.59594544396056,5,2.08917523133855,-0.2839654835514452,0.9642691149103796
广西,CEG2000_f4_r0011_c0094,4,31.630220146877793,39.77465240527429,-8.144432258396495,-0.2047643855038821,4,32.68272807953504,0,-8.3567009253542,-0.2839654835514452,0.9642691149103796
广西,CEG2000_f4_r0011_c0094,5,25.38382474254351,31.630220146877793,-6.246395404334283,-0.19748188205230885,2,26.769510715109526,1,-6.267525694015651,-0.2839654835514452,0.9642691149103796
广西,CEG2000_f4_r0011_c0094,6,22.39304349639409,25.38382474254351,-2.990781246149421,-0.11782232490507412,1,23.812902032896766,3,-2.0891752313385505,-0.2839654835514452,0.9642691149103796
广西,CEG2000_f4_r0011_c0094,7,20.729432564374285,22.39304349639409,-1.6636109320198038,-0.07429141698794503,0,20.856293350684005,3,-2.0891752313385505,-0.2839654835514452,0.9642691149103796
广西,CEG2000_f4_r0011_c0094,8,25.693180438607275,20.729432564374285,4.96374787423299,0.23945411235055772,2,26.769510715109526,6,4.178350462677099,-0.2839654835514452,0.9642691149103796
广西,CEG2000_f4_r0011_c0094,9,29.51686484823638,25.693180438607275,3.823684409629106,0.14882098457081372,3,29.72611939732228,6,4.178350462677099,-0.2839654835514452,0.9642691149103796
广西,CEG2000_f4_r0011_c0094,10,30.004273679520157,29.51686484823638,0.4874088312837763,0.016512893011836886,3,29.72611939732228,4,0.0,-0.2839654835514452,0.9642691149103796
广西,CEG2000_f4_r0011_c0094,11,33.750565301617456,30.004273679520157,3.7462916220972993,0.12485860054844067,4,32.68272807953504,6,4.178350462677099,-0.2839654835514452,0.9642691149103796
广西,CEG2000_f4_r0011_c0094,12,40.238843892735666,33.750565301617456,6.48827859111821,0.1922420715959761,7,41.552554126173305,7,6.267525694015649,-0.2839654835514452,0.9642691149103796
广西,CEG2000_f4_r0012_c0080,1,39.50680615955529,,,,6,38.59594544396056,4,,-3.0230867261839616,0.9203265666509932
广西,CEG2000_f4_r0012_c0080,2,36.72312511694751,39.50680615955529,-2.783681042607782,-0.07046079684005305,5,35.6393367617478,3,-2.0891752313385505,-3.0230867261839616,0.9203265666509932
广西,CEG2000_f4_r0012_c0080,3,35.597273184040866,36.72312511694751,-1.1258519329066417,-0.03065784650193258,5,35.6393367617478,3,-2.0891752313385505,-3.0230867261839616,0.9203265666509932
广西,CEG2000_f4_r0012_c0080,4,31.71747724747287,35.597273184040866,-3.8797959365679944,-0.10899138022480336,4,32.68272807953504,2,-4.1783504626771,-3.0230867261839616,0.9203265666509932
广西,CEG2000_f4_r0012_c0080,5,22.608959622305537,31.71747724747287,-9.108517625167334,-0.28717661099270014,1,23.812902032896766,0,-8.3567009253542,-3.0230867261839616,0.9203265666509932
广西,CEG2000_f4_r0012_c0080,6,17.351560081388506,22.608959622305537,-5.2573995409170315,-0.23253611084917808,0,20.856293350684005,1,-6.267525694015651,-3.0230867261839616,0.9203265666509932
广西,CEG2000_f4_r0012_c0080,7,18.797585643399717,17.351560081388506,1.4460255620112115,0.08333691928728852,0,20.856293350684005,5,2.08917523133855,-3.0230867261839616,0.9203265666509932
广西,CEG2000_f4_r0012_c0080,8,22.26080459955375,18.797585643399717,3.4632189561540336,0.18423743462874195,0,20.856293350684005,6,4.178350462677099,-3.0230867261839616,0.9203265666509932
广西,CEG2000_f4_r0012_c0080,9,25.587869406442476,22.26080459955375,3.3270648068887247,0.1494584255483479,2,26.769510715109526,6,4.178350462677099,-3.0230867261839616,0.9203265666509932
广西,CEG2000_f4_r0012_c0080,10,24.171110509064626,25.587869406442476,-1.41675889737785,-0.055368380808647574,1,23.812902032896766,3,-2.0891752313385505,-3.0230867261839616,0.9203265666509932
广西,CEG2000_f4_r0012_c0080,11,28.443646250879624,24.171110509064626,4.272535741814998,0.17676207885495027,3,29.72611939732228,6,4.178350462677099,-3.0230867261839616,0.9203265666509932
广西,CEG2000_f4_r0012_c0080,12,32.42863776801859,28.443646250879624,3.9849915171389654,0.14010128947570247,4,32.68272807953504,6,4.178350462677099,-3.0230867261839616,0.9203265666509932
广西,CEG2000_f4_r0012_c0081,1,38.01967164752087,,,,6,38.59594544396056,4,,-3.01064794957376,0.8070304647793541
广西,CEG2000_f4_r0012_c0081,2,34.54745856337416,38.01967164752087,-3.4722130841467163,-0.09132675096033152,5,35.6393367617478,2,-4.1783504626771,-3.01064794957376,0.8070304647793541
广西,CEG2000_f4_r0012_c0081,3,34.53684865741858,34.54745856337416,-0.010609905955575982,-0.0003071110407763592,5,35.6393367617478,4,0.0,-3.01064794957376,0.8070304647793541
广西,CEG2000_f4_r0012_c0081,4,30.781927824708863,34.53684865741858,-3.7549208327097183,-0.10872216136324164,3,29.72611939732228,2,-4.1783504626771,-3.01064794957376,0.8070304647793541
广西,CEG2000_f4_r0012_c0081,5,22.59188377775359,30.781927824708863,-8.190044046955272,-0.2660666379829878,1,23.812902032896766,0,-8.3567009253542,-3.01064794957376,0.8070304647793541
广西,CEG2000_f4_r0012_c0081,6,17.138405687803715,22.59188377775359,-5.453478089949876,-0.2413910297874301,0,20.856293350684005,1,-6.267525694015651,-3.01064794957376,0.8070304647793541
广西,CEG2000_f4_r0012_c0081,7,18.29390630442476,17.138405687803715,1.155500616621044,0.06742170991105306,0,20.856293350684005,5,2.08917523133855,-3.01064794957376,0.8070304647793541
广西,CEG2000_f4_r0012_c0081,8,21.625672247543697,18.29390630442476,3.3317659431189384,0.18212435811552627,0,20.856293350684005,6,4.178350462677099,-3.01064794957376,0.8070304647793541
广西,CEG2000_f4_r0012_c0081,9,24.919590844098764,21.625672247543697,3.2939185965550664,0.15231520014038863,1,23.812902032896766,6,4.178350462677099,-3.01064794957376,0.8070304647793541
广西,CEG2000_f4_r0012_c0081,10,24.16874493123111,24.919590844098764,-0.7508459128676535,-0.030130748035353965,1,23.812902032896766,4,0.0,-3.01064794957376,0.8070304647793541
广西,CEG2000_f4_r0012_c0081,11,28.04747531230192,24.16874493123111,3.8787303810708096,0.16048538689564606,2,26.769510715109526,6,4.178350462677099,-3.01064794957376,0.8070304647793541
广西,CEG2000_f4_r0012_c0081,12,32.233461953648785,28.04747531230192,4.185986641346865,0.14924646852299206,4,32.68272807953504,6,4.178350462677099,-3.01064794957376,0.8070304647793541
广西,CEG2000_f4_r0012_c0082,1,36.86296027324195,,,,5,35.6393367617478,4,,-2.9877780643932277,0.6838518086202676
广西,CEG2000_f4_r0012_c0082,2,35.82730737374498,36.86296027324195,-1.0356528994969736,-0.028094675300635915,5,35.6393367617478,4,0.0,-2.9877780643932277,0.6838518086202676
广西,CEG2000_f4_r0012_c0082,3,35.01337181073525,35.82730737374498,-0.8139355630097285,-0.02271830128116739,5,35.6393367617478,4,0.0,-2.9877780643932277,0.6838518086202676
广西,CEG2000_f4_r0012_c0082,4,31.25449211016412,35.01337181073525,-3.758879700571132,-0.10735554750024513,4,32.68272807953504,2,-4.1783504626771,-2.9877780643932277,0.6838518086202676
广西,CEG2000_f4_r0012_c0082,5,23.04300461346325,31.25449211016412,-8.211487496700869,-0.2627298331311054,1,23.812902032896766,0,-8.3567009253542,-2.9877780643932277,0.6838518086202676
广西,CEG2000_f4_r0012_c0082,6,18.06309449358895,23.04300461346325,-4.979910119874301,-0.2161137492011223,0,20.856293350684005,2,-4.1783504626771,-2.9877780643932277,0.6838518086202676
广西,CEG2000_f4_r0012_c0082,7,19.025672079200852,18.06309449358895,0.9625775856119034,0.053289738696409225,0,20.856293350684005,4,0.0,-2.9877780643932277,0.6838518086202676
广西,CEG2000_f4_r0012_c0082,8,22.68500599459938,19.025672079200852,3.659333915398527,0.19233664388649718,1,23.812902032896766,6,4.178350462677099,-2.9877780643932277,0.6838518086202676
广西,CEG2000_f4_r0012_c0082,9,26.619568351979453,22.68500599459938,3.9345623573800736,0.1734433025195927,2,26.769510715109526,6,4.178350462677099,-2.9877780643932277,0.6838518086202676
广西,CEG2000_f4_r0012_c0082,10,24.84101213857092,26.619568351979453,-1.7785562134085318,-0.0668138637671139,1,23.812902032896766,3,-2.0891752313385505,-2.9877780643932277,0.6838518086202676
广西,CEG2000_f4_r0012_c0082,11,28.895238029114516,24.84101213857092,4.054225890543595,0.16320695259628945,3,29.72611939732228,6,4.178350462677099,-2.9877780643932277,0.6838518086202676
广西,CEG2000_f4_r0012_c0082,12,34.118142720382345,28.895238029114516,5.2229046912678285,0.1807531291490068,4,32.68272807953504,6,4.178350462677099,-2.9877780643932277,0.6838518086202676
广西,CEG2000_f4_r0012_c0083,1,38.31270742847624,,,,6,38.59594544396056,4,,-2.95534091644223,0.5691091596794716
广西,CEG2000_f4_r0012_c0083,2,40.09798203356245,38.31270742847624,1.7852746050862152,0.04659745355817101,7,41.552554126173305,5,2.08917523133855,-2.95534091644223,0.5691091596794716
广西,CEG2000_f4_r0012_c0083,3,38.60347669103022,40.09798203356245,-1.4945053425322357,-0.03727133553208035,6,38.59594544396056,3,-2.0891752313385505,-2.95534091644223,0.5691091596794716
广西,CEG2000_f4_r0012_c0083,4,33.550843030632,38.60347669103022,-5.0526336603982145,-0.1308854562721867,4,32.68272807953504,2,-4.1783504626771,-2.95534091644223,0.5691091596794716
广西,CEG2000_f4_r0012_c0083,5,24.469333449048236,33.550843030632,-9.081509581583767,-0.2706790280438654,1,23.812902032896766,0,-8.3567009253542,-2.95534091644223,0.5691091596794716
广西,CEG2000_f4_r0012_c0083,6,20.08113432456508,24.469333449048236,-4.388199124483155,-0.17933464079111802,0,20.856293350684005,2,-4.1783504626771,-2.95534091644223,0.5691091596794716
广西,CEG2000_f4_r0012_c0083,7,20.36906336040866,20.08113432456508,0.2879290358435789,0.014338285436961484,0,20.856293350684005,4,0.0,-2.95534091644223,0.5691091596794716
广西,CEG2000_f4_r0012_c0083,8,24.647515036499485,20.36906336040866,4.278451676090825,0.21004655935269215,1,23.812902032896766,6,4.178350462677099,-2.95534091644223,0.5691091596794716
广西,CEG2000_f4_r0012_c0083,9,28.97679799258163,24.647515036499485,4.329282956082146,0.1756478472442796,3,29.72611939732228,6,4.178350462677099,-2.95534091644223,0.5691091596794716
广西,CEG2000_f4_r0012_c0083,10,26.668473038475835,28.97679799258163,-2.308324954105796,-0.07966114664210834,2,26.769510715109526,3,-2.0891752313385505,-2.95534091644223,0.5691091596794716
广西,CEG2000_f4_r0012_c0083,11,31.258308488037365,26.668473038475835,4.58983544956153,0.17210717100073794,4,32.68272807953504,6,4.178350462677099,-2.95534091644223,0.5691091596794716
广西,CEG2000_f4_r0012_c0083,12,38.55446906874809,31.258308488037365,7.296160580710726,0.23341508013790913,6,38.59594544396056,7,6.267525694015649,-2.95534091644223,0.5691091596794716
广西,CEG2000_f4_r0012_c0084,1,40.422199600529865,,,,7,41.552554126173305,4,,-2.905886953040873,0.485176172219752
广西,CEG2000_f4_r0012_c0084,2,41.17680579574512,40.422199600529865,0.7546061952152527,0.018668113132699518,7,41.552554126173305,4,0.0,-2.905886953040873,0.485176172219752
广西,CEG2000_f4_r0012_c0084,3,41.24176378153172,41.17680579574512,0.06495798578660583,0.0015775382410385527,7,41.552554126173305,4,0.0,-2.905886953040873,0.485176172219752
广西,CEG2000_f4_r0012_c0084,4,35.34489631489617,41.24176378153172,-5.896867466635555,-0.14298291163958907,5,35.6393367617478,1,-6.267525694015651,-2.905886953040873,0.485176172219752
广西,CEG2000_f4_r0012_c0084,5,26.004452360074993,35.34489631489617,-9.340443954821176,-0.2642657053398861,2,26.769510715109526,0,-8.3567009253542,-2.905886953040873,0.485176172219752
广西,CEG2000_f4_r0012_c0084,6,22.67625005975588,26.004452360074993,-3.328202300319113,-0.12798586389109848,1,23.812902032896766,2,-4.1783504626771,-2.905886953040873,0.485176172219752
广西,CEG2000_f4_r0012_c0084,7,21.932387627945033,22.67625005975588,-0.7438624318108467,-0.03280359097516738,0,20.856293350684005,4,0.0,-2.905886953040873,0.485176172219752
广西,CEG2000_f4_r0012_c0084,8,26.580347041600664,21.932387627945033,4.647959413655631,0.21192218068102436,2,26.769510715109526,6,4.178350462677099,-2.905886953040873,0.485176172219752
广西,CEG2000_f4_r0012_c0084,9,31.30399987034249,26.580347041600664,4.723652828741827,0.17771223307765244,4,32.68272807953504,6,4.178350462677099,-2.905886953040873,0.485176172219752
广西,CEG2000_f4_r0012_c0084,10,28.04736143774273,31.30399987034249,-3.256638432599761,-0.10403266183517687,2,26.769510715109526,2,-4.1783504626771,-2.905886953040873,0.485176172219752
广西,CEG2000_f4_r0012_c0084,11,34.292040405106405,28.04736143774273,6.244678967363676,0.22264764481411595,5,35.6393367617478,7,6.267525694015649,-2.905886953040873,0.485176172219752
广西,CEG2000_f4_r0012_c0084,12,42.9658538350143,34.292040405106405,8.673813429907895,0.2529395547025042,7,41.552554126173305,8,8.3567009253542,-2.905886953040873,0.485176172219752
广西,CEG2000_f4_r0012_c0085,1,41.03085378335075,,,,7,41.552554126173305,4,,-2.821888043166379,0.4489188159803701
广西,CEG2000_f4_r0012_c0085,2,41.6250510982388,41.03085378335075,0.5941973148880493,0.014481719489082605,7,41.552554126173305,4,0.0,-2.821888043166379,0.4489188159803701
广西,CEG2000_f4_r0012_c0085,3,41.97241447628048,41.6250510982388,0.3473633780416776,0.00834505589487132,7,41.552554126173305,4,0.0,-2.821888043166379,0.4489188159803701
广西,CEG2000_f4_r0012_c0085,4,35.72316380717013,41.97241447628048,-6.249250669110346,-0.14888947293327462,5,35.6393367617478,1,-6.267525694015651,-2.821888043166379,0.4489188159803701
广西,CEG2000_f4_r0012_c0085,5,26.582718241901663,35.72316380717013,-9.140445565268468,-0.25586887025481925,2,26.769510715109526,0,-8.3567009253542,-2.821888043166379,0.4489188159803701
广西,CEG2000_f4_r0012_c0085,6,23.827192999456212,26.582718241901663,-2.755525242445451,-0.10365852044814539,1,23.812902032896766,3,-2.0891752313385505,-2.821888043166379,0.4489188159803701
广西,CEG2000_f4_r0012_c0085,7,22.90929769891728,23.827192999456212,-0.9178953005389339,-0.03852301446334372,1,23.812902032896766,4,0.0,-2.821888043166379,0.4489188159803701
广西,CEG2000_f4_r0012_c0085,8,27.478291264386783,22.90929769891728,4.568993565469505,0.19943839507945463,2,26.769510715109526,6,4.178350462677099,-2.821888043166379,0.4489188159803701
广西,CEG2000_f4_r0012_c0085,9,32.88138457344278,27.478291264386783,5.403093309055997,0.19663134279600097,4,32.68272807953504,7,6.267525694015649,-2.821888043166379,0.4489188159803701
广西,CEG2000_f4_r0012_c0085,10,29.756883920379877,32.88138457344278,-3.1245006530629027,-0.09502339069950418,3,29.72611939732228,3,-2.0891752313385505,-2.821888043166379,0.4489188159803701
广西,CEG2000_f4_r0012_c0085,11,36.559640992227955,29.756883920379877,6.802757071848077,0.2286112043871976,5,35.6393367617478,7,6.267525694015649,-2.821888043166379,0.4489188159803701
广西,CEG2000_f4_r0012_c0085,12,46.005998989403054,36.559640992227955,9.446357997175099,0.2583821323405024,8,44.509162808386066,8,8.3567009253542,-2.821888043166379,0.4489188159803701
广西,CEG2000_f4_r0012_c0086,1,42.822704137792094,,,,7,41.552554126173305,4,,-2.652178219279244,0.3025776461403054
广西,CEG2000_f4_r0012_c0086,2,42.46634279059063,42.822704137792094,-0.35636134720146373,-0.00832178523931575,7,41.552554126173305,4,0.0,-2.652178219279244,0.3025776461403054
广西,CEG2000_f4_r0012_c0086,3,42.5742202217113,42.46634279059063,0.10787743112067005,0.0025403042511250276,7,41.552554126173305,4,0.0,-2.652178219279244,0.3025776461403054
广西,CEG2000_f4_r0012_c0086,4,36.626006926472,42.5742202217113,-5.948213295239299,-0.1397139692579954,5,35.6393367617478,1,-6.267525694015651,-2.652178219279244,0.3025776461403054
广西,CEG2000_f4_r0012_c0086,5,26.992989834501305,36.626006926472,-9.633017091970697,-0.26301030061260344,2,26.769510715109526,0,-8.3567009253542,-2.652178219279244,0.3025776461403054
广西,CEG2000_f4_r0012_c0086,6,25.029198219964652,26.992989834501305,-1.9637916145366532,-0.07275191175846024,1,23.812902032896766,3,-2.0891752313385505,-2.652178219279244,0.3025776461403054
广西,CEG2000_f4_r0012_c0086,7,23.93760404842109,25.029198219964652,-1.0915941715435622,-0.0436128301813858,1,23.812902032896766,3,-2.0891752313385505,-2.652178219279244,0.3025776461403054
广西,CEG2000_f4_r0012_c0086,8,27.62887033647815,23.93760404842109,3.6912662880570615,0.15420366552100837,2,26.769510715109526,6,4.178350462677099,-2.652178219279244,0.3025776461403054
广西,CEG2000_f4_r0012_c0086,9,32.757904757350666,27.62887033647815,5.1290344208725145,0.18564039565890958,4,32.68272807953504,6,4.178350462677099,-2.652178219279244,0.3025776461403054
广西,CEG2000_f4_r0012_c0086,10,30.5668521386153,32.757904757350666,-2.191052618735366,-0.06688622593432834,3,29.72611939732228,3,-2.0891752313385505,-2.652178219279244,0.3025776461403054
广西,CEG2000_f4_r0012_c0086,11,38.37395722539491,30.5668521386153,7.807105086779611,0.2554108303784689,6,38.59594544396056,8,8.3567009253542,-2.652178219279244,0.3025776461403054
广西,CEG2000_f4_r0012_c0086,12,47.76729484301997,38.37395722539491,9.393337617625058,0.24478417908405822,8,44.509162808386066,8,8.3567009253542,-2.652178219279244,0.3025776461403054
广西,CEG2000_f4_r0012_c0087,1,41.534983624222576,,,,7,41.552554126173305,4,,-2.204187887298685,0.164688746579307
广西,CEG2000_f4_r0012_c0087,2,42.14285012328973,41.534983624222576,0.607866499067157,0.014635048482664103,7,41.552554126173305,4,0.0,-2.204187887298685,0.164688746579307
广西,CEG2000_f4_r0012_c0087,3,40.69748740518018,42.14285012328973,-1.4453627181095499,-0.03429674817628881,7,41.552554126173305,3,-2.0891752313385505,-2.204187887298685,0.164688746579307
广西,CEG2000_f4_r0012_c0087,4,35.0777133872753,40.69748740518018,-5.619774017904881,-0.13808651040185757,5,35.6393367617478,1,-6.267525694015651,-2.204187887298685,0.164688746579307
广西,CEG2000_f4_r0012_c0087,5,26.57704414878614,35.0777133872753,-8.500669238489163,-0.24233818050331762,2,26.769510715109526,0,-8.3567009253542,-2.204187887298685,0.164688746579307
广西,CEG2000_f4_r0012_c0087,6,24.612273234454708,26.57704414878614,-1.9647709143314316,-0.07392736766858135,1,23.812902032896766,3,-2.0891752313385505,-2.204187887298685,0.164688746579307
广西,CEG2000_f4_r0012_c0087,7,23.27597645680556,24.612273234454708,-1.3362967776491494,-0.054293919335271654,1,23.812902032896766,3,-2.0891752313385505,-2.204187887298685,0.164688746579307
广西,CEG2000_f4_r0012_c0087,8,27.164121135639267,23.27597645680556,3.888144678833708,0.16704539489671424,2,26.769510715109526,6,4.178350462677099,-2.204187887298685,0.164688746579307
广西,CEG2000_f4_r0012_c0087,9,31.92028296015683,27.164121135639267,4.756161824517562,0.1750898474045416,4,32.68272807953504,6,4.178350462677099,-2.204187887298685,0.164688746579307
广西,CEG2000_f4_r0012_c0087,10,29.689679376290503,31.92028296015683,-2.2306035838663263,-0.06988044519062017,3,29.72611939732228,3,-2.0891752313385505,-2.204187887298685,0.164688746579307
广西,CEG2000_f4_r0012_c0087,11,38.04161924564871,29.689679376290503,8.351939869358208,0.2813078498930465,6,38.59594544396056,8,8.3567009253542,-2.204187887298685,0.164688746579307
广西,CEG2000_f4_r0012_c0087,12,45.94387472664874,38.04161924564871,7.902255481000026,0.20772658045842526,8,44.509162808386066,8,8.3567009253542,-2.204187887298685,0.164688746579307
广西,CEG2000_f4_r0012_c0088,1,43.2962934659928,,,,8,44.509162808386066,4,,-1.1827222357762852,0.1557489842627914
广西,CEG2000_f4_r0012_c0088,2,43.12292841374807,43.2962934659928,-0.17336505224472631,-0.004004154590759516,8,44.509162808386066,4,0.0,-1.1827222357762852,0.1557489842627914
广西,CEG2000_f4_r0012_c0088,3,42.10827518194329,43.12292841374807,-1.014653231804779,-0.023529321155315978,7,41.552554126173305,4,0.0,-1.1827222357762852,0.1557489842627914
广西,CEG2000_f4_r0012_c0088,4,37.29521866468321,42.10827518194329,-4.81305651726008,-0.11430191563210824,6,38.59594544396056,2,-4.1783504626771,-1.1827222357762852,0.1557489842627914
广西,CEG2000_f4_r0012_c0088,5,28.01505585877554,37.29521866468321,-9.280162805907672,-0.2488298269369189,2,26.769510715109526,0,-8.3567009253542,-1.1827222357762852,0.1557489842627914
广西,CEG2000_f4_r0012_c0088,6,26.009319411735696,28.01505585877554,-2.005736447039844,-0.07159494727230964,2,26.769510715109526,3,-2.0891752313385505,-1.1827222357762852,0.1557489842627914
广西,CEG2000_f4_r0012_c0088,7,23.933041592879473,26.009319411735696,-2.076277818856223,-0.0798282256443582,1,23.812902032896766,3,-2.0891752313385505,-1.1827222357762852,0.1557489842627914
广西,CEG2000_f4_r0012_c0088,8,28.964507518238964,23.933041592879473,5.031465925359491,0.21023094393720715,3,29.72611939732228,6,4.178350462677099,-1.1827222357762852,0.1557489842627914
广西,CEG2000_f4_r0012_c0088,9,34.452687342556615,28.964507518238964,5.488179824317651,0.1894794800450773,5,35.6393367617478,7,6.267525694015649,-1.1827222357762852,0.1557489842627914
广西,CEG2000_f4_r0012_c0088,10,30.894765264136844,34.452687342556615,-3.5579220784197716,-0.10326979846431192,3,29.72611939732228,2,-4.1783504626771,-1.1827222357762852,0.1557489842627914
广西,CEG2000_f4_r0012_c0088,11,41.94977334549893,30.894765264136844,11.05500808136209,0.35782787105992114,7,41.552554126173305,8,8.3567009253542,-1.1827222357762852,0.1557489842627914
广西,CEG2000_f4_r0012_c0088,12,50.16610725373884,41.94977334549893,8.21633390823991,0.19586122290983712,8,44.509162808386066,8,8.3567009253542,-1.1827222357762852,0.1557489842627914
广西,CEG2000_f4_r0012_c0089,1,42.55617934144094,,,,7,41.552554126173305,4,,-0.5723947844624407,0.2880523999895171
广西,CEG2000_f4_r0012_c0089,2,43.20998383606234,42.55617934144094,0.6538044946214043,0.015363326894920138,8,44.509162808386066,4,0.0,-0.5723947844624407,0.2880523999895171
广西,CEG2000_f4_r0012_c0089,3,41.82644514481334,43.20998383606234,-1.3835386912490009,-0.03201895877809429,7,41.552554126173305,3,-2.0891752313385505,-0.5723947844624407,0.2880523999895171
广西,CEG2000_f4_r0012_c0089,4,36.142367760696416,41.82644514481334,-5.684077384116925,-0.13589673624993145,5,35.6393367617478,1,-6.267525694015651,-0.5723947844624407,0.2880523999895171
广西,CEG2000_f4_r0012_c0089,5,27.158855348414285,36.142367760696416,-8.983512412282131,-0.2485590449348311,2,26.769510715109526,0,-8.3567009253542,-0.5723947844624407,0.2880523999895171
广西,CEG2000_f4_r0012_c0089,6,26.024168719472236,27.158855348414285,-1.134686628942049,-0.0417796190003383,2,26.769510715109526,3,-2.0891752313385505,-0.5723947844624407,0.2880523999895171
广西,CEG2000_f4_r0012_c0089,7,24.05645123720089,26.024168719472236,-1.9677174822713468,-0.07561115605583316,1,23.812902032896766,3,-2.0891752313385505,-0.5723947844624407,0.2880523999895171
广西,CEG2000_f4_r0012_c0089,8,28.899454428113053,24.05645123720089,4.843003190912164,0.20131827189136464,3,29.72611939732228,6,4.178350462677099,-0.5723947844624407,0.2880523999895171
广西,CEG2000_f4_r0012_c0089,9,33.68544955448318,28.899454428113053,4.785995126370125,0.16560849403836372,4,32.68272807953504,6,4.178350462677099,-0.5723947844624407,0.2880523999895171
广西,CEG2000_f4_r0012_c0089,10,31.971781443403096,33.68544955448318,-1.7136681110800822,-0.05087265076597474,4,32.68272807953504,3,-2.0891752313385505,-0.5723947844624407,0.2880523999895171
广西,CEG2000_f4_r0012_c0089,11,42.14174553775267,31.971781443403096,10.169964094349574,0.31809188087791074,7,41.552554126173305,8,8.3567009253542,-0.5723947844624407,0.2880523999895171
广西,CEG2000_f4_r0012_c0089,12,50.04684780041069,42.14174553775267,7.905102262658019,0.18758364566499117,8,44.509162808386066,8,8.3567009253542,-0.5723947844624407,0.2880523999895171
广西,CEG2000_f4_r0012_c0090,1,42.49097135842598,,,,7,41.552554126173305,4,,-0.3553009002177427,0.3922813277892347
广西,CEG2000_f4_r0012_c0090,2,42.81323070657871,42.49097135842598,0.32225934815272694,0.007584184071349142,7,41.552554126173305,4,0.0,-0.3553009002177427,0.3922813277892347
广西,CEG2000_f4_r0012_c0090,3,41.57922001116536,42.81323070657871,-1.234010695413346,-0.028823115542731682,7,41.552554126173305,3,-2.0891752313385505,-0.3553009002177427,0.3922813277892347
广西,CEG2000_f4_r0012_c0090,4,36.712342347828766,41.57922001116536,-4.866877663336595,-0.11705072057700172,5,35.6393367617478,2,-4.1783504626771,-0.3553009002177427,0.3922813277892347
广西,CEG2000_f4_r0012_c0090,5,28.004392795020618,36.712342347828766,-8.707949552808149,-0.23719406052344008,2,26.769510715109526,0,-8.3567009253542,-0.3553009002177427,0.3922813277892347
广西,CEG2000_f4_r0012_c0090,6,26.13490282249801,28.004392795020618,-1.869489972522608,-0.06675702580685901,2,26.769510715109526,3,-2.0891752313385505,-0.3553009002177427,0.3922813277892347
广西,CEG2000_f4_r0012_c0090,7,24.73292662404848,26.13490282249801,-1.4019761984495283,-0.05364382672365053,1,23.812902032896766,3,-2.0891752313385505,-0.3553009002177427,0.3922813277892347
广西,CEG2000_f4_r0012_c0090,8,29.62956647095384,24.73292662404848,4.896639846905359,0.19798060784865734,3,29.72611939732228,6,4.178350462677099,-0.3553009002177427,0.3922813277892347
广西,CEG2000_f4_r0012_c0090,9,34.31212748137893,29.62956647095384,4.68256101042509,0.15803677097386665,5,35.6393367617478,6,4.178350462677099,-0.3553009002177427,0.3922813277892347
广西,CEG2000_f4_r0012_c0090,10,33.677001880015645,34.31212748137893,-0.6351256013632849,-0.01851023670006954,4,32.68272807953504,4,0.0,-0.3553009002177427,0.3922813277892347
广西,CEG2000_f4_r0012_c0090,11,41.78353057314567,33.677001880015645,8.106528693130024,0.24071408500115146,7,41.552554126173305,8,8.3567009253542,-0.3553009002177427,0.3922813277892347
广西,CEG2000_f4_r0012_c0090,12,50.16823543528857,41.78353057314567,8.384704862142904,0.20067009051484427,8,44.509162808386066,8,8.3567009253542,-0.3553009002177427,0.3922813277892347
广西,CEG2000_f4_r0012_c0091,1,42.80533146654485,,,,7,41.552554126173305,4,,-0.2548723438232446,0.5222123097320378
广西,CEG2000_f4_r0012_c0091,2,42.74238359222375,42.80533146654485,-0.06294787432109672,-0.0014705615437248646,7,41.552554126173305,4,0.0,-0.2548723438232446,0.5222123097320378
广西,CEG2000_f4_r0012_c0091,3,42.761731677163304,42.74238359222375,0.019348084939551313,0.00045266743015874686,7,41.552554126173305,4,0.0,-0.2548723438232446,0.5222123097320378
广西,CEG2000_f4_r0012_c0091,4,36.59952359710285,42.761731677163304,-6.162208080060452,-0.1441056720196238,5,35.6393367617478,1,-6.267525694015651,-0.2548723438232446,0.5222123097320378
广西,CEG2000_f4_r0012_c0091,5,28.431098355350432,36.59952359710285,-8.16842524175242,-0.22318392260163236,3,29.72611939732228,0,-8.3567009253542,-0.2548723438232446,0.5222123097320378
广西,CEG2000_f4_r0012_c0091,6,25.73182201816267,28.431098355350432,-2.6992763371877615,-0.0949409798893607,2,26.769510715109526,3,-2.0891752313385505,-0.2548723438232446,0.5222123097320378
广西,CEG2000_f4_r0012_c0091,7,25.29941604733847,25.73182201816267,-0.43240597082419896,-0.01680432775102313,2,26.769510715109526,4,0.0,-0.2548723438232446,0.5222123097320378
广西,CEG2000_f4_r0012_c0091,8,30.21747944649238,25.29941604733847,4.918063399153908,0.19439434451576182,3,29.72611939732228,6,4.178350462677099,-0.2548723438232446,0.5222123097320378
广西,CEG2000_f4_r0012_c0091,9,34.84991982326585,30.21747944649238,4.63244037677347,0.15330333507718163,5,35.6393367617478,6,4.178350462677099,-0.2548723438232446,0.5222123097320378
广西,CEG2000_f4_r0012_c0091,10,34.321371219038454,34.84991982326585,-0.5285486042273959,-0.015166422387994597,5,35.6393367617478,4,0.0,-0.2548723438232446,0.5222123097320378
广西,CEG2000_f4_r0012_c0091,11,41.771980068118,34.321371219038454,7.4506088490795435,0.2170836590860509,7,41.552554126173305,8,8.3567009253542,-0.2548723438232446,0.5222123097320378
广西,CEG2000_f4_r0012_c0091,12,49.352947050717525,41.771980068118,7.580966982599527,0.1814845015782629,8,44.509162808386066,8,8.3567009253542,-0.2548723438232446,0.5222123097320378
广西,CEG2000_f4_r0012_c0092,1,42.416567542155846,,,,7,41.552554126173305,4,,-0.1981161204716212,0.6798133690366596
广西,CEG2000_f4_r0012_c0092,2,40.70937841321485,42.416567542155846,-1.7071891289409962,-0.04024816782367646,7,41.552554126173305,3,-2.0891752313385505,-0.1981161204716212,0.6798133690366596
广西,CEG2000_f4_r0012_c0092,3,41.5077756318915,40.70937841321485,0.7983972186766479,0.019612120100990702,7,41.552554126173305,4,0.0,-0.1981161204716212,0.6798133690366596
广西,CEG2000_f4_r0012_c0092,4,35.57831564478641,41.5077756318915,-5.929459987105091,-0.14285178853451577,5,35.6393367617478,1,-6.267525694015651,-0.1981161204716212,0.6798133690366596
广西,CEG2000_f4_r0012_c0092,5,28.49062223997953,35.57831564478641,-7.087693404806878,-0.19921385474147643,3,29.72611939732228,1,-6.267525694015651,-0.1981161204716212,0.6798133690366596
广西,CEG2000_f4_r0012_c0092,6,25.75511893892281,28.49062223997953,-2.7355033010567205,-0.0960141648720511,2,26.769510715109526,3,-2.0891752313385505,-0.1981161204716212,0.6798133690366596
广西,CEG2000_f4_r0012_c0092,7,25.236313953299337,25.75511893892281,-0.518804985623472,-0.020143761978106037,1,23.812902032896766,4,0.0,-0.1981161204716212,0.6798133690366596
广西,CEG2000_f4_r0012_c0092,8,29.924114290029753,25.236313953299337,4.687800336730415,0.1857561427316743,3,29.72611939732228,6,4.178350462677099,-0.1981161204716212,0.6798133690366596
广西,CEG2000_f4_r0012_c0092,9,34.171792663784785,29.924114290029753,4.247678373755033,0.14194834081255642,5,35.6393367617478,6,4.178350462677099,-0.1981161204716212,0.6798133690366596
广西,CEG2000_f4_r0012_c0092,10,33.056336125361376,34.171792663784785,-1.115456538423409,-0.03264261109735598,4,32.68272807953504,3,-2.0891752313385505,-0.1981161204716212,0.6798133690366596
广西,CEG2000_f4_r0012_c0092,11,38.885498796733664,33.056336125361376,5.829162671372288,0.1763402528721281,6,38.59594544396056,7,6.267525694015649,-0.1981161204716212,0.6798133690366596
广西,CEG2000_f4_r0012_c0092,12,47.45874598754686,38.885498796733664,8.573247190813198,0.22047414733261286,8,44.509162808386066,8,8.3567009253542,-0.1981161204716212,0.6798133690366596
广西,CEG2000_f4_r0012_c0093,1,42.614157634015115,,,,7,41.552554126173305,4,,-0.1618512245163363,0.8417776893300917
广西,CEG2000_f4_r0012_c0093,2,40.740507269620366,42.614157634015115,-1.8736503643947486,-0.043967790716087723,7,41.552554126173305,3,-2.0891752313385505,-0.1618512245163363,0.8417776893300917
广西,CEG2000_f4_r0012_c0093,3,42.5778400995443,40.740507269620366,1.8373328299239304,0.045098427905290325,7,41.552554126173305,5,2.08917523133855,-0.1618512245163363,0.8417776893300917
广西,CEG2000_f4_r0012_c0093,4,34.814668643044655,42.5778400995443,-7.7631714564996415,-0.18232891659957004,5,35.6393367617478,0,-8.3567009253542,-0.1618512245163363,0.8417776893300917
广西,CEG2000_f4_r0012_c0093,5,28.51986167828436,34.814668643044655,-6.294806964760294,-0.18080904429397415,3,29.72611939732228,1,-6.267525694015651,-0.1618512245163363,0.8417776893300917
广西,CEG2000_f4_r0012_c0093,6,24.936633571565856,28.51986167828436,-3.5832281067185043,-0.12563974352816906,1,23.812902032896766,2,-4.1783504626771,-0.1618512245163363,0.8417776893300917
广西,CEG2000_f4_r0012_c0093,7,24.72486058435346,24.936633571565856,-0.21177298721239524,-0.008492444924637728,1,23.812902032896766,4,0.0,-0.1618512245163363,0.8417776893300917
广西,CEG2000_f4_r0012_c0093,8,29.37039102659129,24.72486058435346,4.645530442237828,0.1878890449711025,3,29.72611939732228,6,4.178350462677099,-0.1618512245163363,0.8417776893300917
广西,CEG2000_f4_r0012_c0093,9,33.796170898233065,29.37039102659129,4.425779871641776,0.15068848990245906,4,32.68272807953504,6,4.178350462677099,-0.1618512245163363,0.8417776893300917
广西,CEG2000_f4_r0012_c0093,10,32.29822612821855,33.796170898233065,-1.497944770014513,-0.04432291381544732,4,32.68272807953504,3,-2.0891752313385505,-0.1618512245163363,0.8417776893300917
广西,CEG2000_f4_r0012_c0093,11,37.81450734911253,32.29822612821855,5.51628122089398,0.1707920800044952,6,38.59594544396056,7,6.267525694015649,-0.1618512245163363,0.8417776893300917
广西,CEG2000_f4_r0012_c0093,12,46.06377203028173,37.81450734911253,8.249264681169201,0.21815079078011057,8,44.509162808386066,8,8.3567009253542,-0.1618512245163363,0.8417776893300917
广西,CEG2000_f4_r0012_c0094,1,43.27529251537144,,,,8,44.509162808386066,4,,-0.1422614571227858,0.9632516887550734
广西,CEG2000_f4_r0012_c0094,2,41.344287892075485,43.27529251537144,-1.931004623295955,-0.04462141122697345,7,41.552554126173305,3,-2.0891752313385505,-0.1422614571227858,0.9632516887550734
广西,CEG2000_f4_r0012_c0094,3,42.796489809180805,41.344287892075485,1.4522019171053202,0.03512460828678744,7,41.552554126173305,5,2.08917523133855,-0.1422614571227858,0.9632516887550734
广西,CEG2000_f4_r0012_c0094,4,35.10822906852075,42.796489809180805,-7.688260740660056,-0.17964699382917035,5,35.6393367617478,0,-8.3567009253542,-0.1422614571227858,0.9632516887550734
广西,CEG2000_f4_r0012_c0094,5,29.375154374148273,35.10822906852075,-5.733074694372476,-0.16329717694342347,3,29.72611939732228,1,-6.267525694015651,-0.1422614571227858,0.9632516887550734
广西,CEG2000_f4_r0012_c0094,6,25.284708808059563,29.375154374148273,-4.090445566088711,-0.13924847896930626,1,23.812902032896766,2,-4.1783504626771,-0.1422614571227858,0.9632516887550734
广西,CEG2000_f4_r0012_c0094,7,24.62459499998768,25.284708808059563,-0.660113808071884,-0.02610723394455194,1,23.812902032896766,4,0.0,-0.1422614571227858,0.9632516887550734
广西,CEG2000_f4_r0012_c0094,8,29.532453648001947,24.62459499998768,4.907858648014269,0.19930718243352732,3,29.72611939732228,6,4.178350462677099,-0.1422614571227858,0.9632516887550734
广西,CEG2000_f4_r0012_c0094,9,33.427509693628515,29.532453648001947,3.8950560456265677,0.13189070207480347,4,32.68272807953504,6,4.178350462677099,-0.1422614571227858,0.9632516887550734
广西,CEG2000_f4_r0012_c0094,10,32.730752322962125,33.427509693628515,-0.6967573706663899,-0.020843831235181604,4,32.68272807953504,4,0.0,-0.1422614571227858,0.9632516887550734
广西,CEG2000_f4_r0012_c0094,11,37.65380636039907,32.730752322962125,4.923054037436941,0.15041065933529407,6,38.59594544396056,6,4.178350462677099,-0.1422614571227858,0.9632516887550734
广西,CEG2000_f4_r0012_c0094,12,45.99024964456758,37.65380636039907,8.33644328416851,0.22139709341406827,8,44.509162808386066,8,8.3567009253542,-0.1422614571227858,0.9632516887550734
广西,CEG2000_f4_r0013_c0081,1,38.91789735680498,,,,6,38.59594544396056,4,,3.1077132732366883,0.9522914090142583
广西,CEG2000_f4_r0013_c0081,2,38.225716582029634,38.91789735680498,-0.6921807747753448,-0.0177856673095499,6,38.59594544396056,4,0.0,3.1077132732366883,0.9522914090142583
广西,CEG2000_f4_r0013_c0081,3,35.38016801235009,38.225716582029634,-2.8455485696795435,-0.074440686116981,5,35.6393367617478,3,-2.0891752313385505,3.1077132732366883,0.9522914090142583
广西,CEG2000_f4_r0013_c0081,4,32.88164690638567,35.38016801235009,-2.4985211059644215,-0.07061925497618517,4,32.68272807953504,3,-2.0891752313385505,3.1077132732366883,0.9522914090142583
广西,CEG2000_f4_r0013_c0081,5,24.26567584236841,32.88164690638567,-8.615971064017259,-0.2620297909209658,1,23.812902032896766,0,-8.3567009253542,3.1077132732366883,0.9522914090142583
广西,CEG2000_f4_r0013_c0081,6,18.428350209796477,24.26567584236841,-5.8373256325719325,-0.24055895539409755,0,20.856293350684005,1,-6.267525694015651,3.1077132732366883,0.9522914090142583
广西,CEG2000_f4_r0013_c0081,7,20.394130783504373,18.428350209796477,1.965780573707896,0.106671544187547,0,20.856293350684005,5,2.08917523133855,3.1077132732366883,0.9522914090142583
广西,CEG2000_f4_r0013_c0081,8,24.33920142054247,20.394130783504373,3.9450706370380964,0.19344146994629624,1,23.812902032896766,6,4.178350462677099,3.1077132732366883,0.9522914090142583
广西,CEG2000_f4_r0013_c0081,9,26.330689034095865,24.33920142054247,1.9914876135533959,0.08182222494253921,2,26.769510715109526,5,2.08917523133855,3.1077132732366883,0.9522914090142583
广西,CEG2000_f4_r0013_c0081,10,25.228637607343824,26.330689034095865,-1.1020514267520412,-0.041854257035392584,1,23.812902032896766,3,-2.0891752313385505,3.1077132732366883,0.9522914090142583
广西,CEG2000_f4_r0013_c0081,11,30.064479148030657,25.228637607343824,4.8358415406868325,0.19168064546137695,3,29.72611939732228,6,4.178350462677099,3.1077132732366883,0.9522914090142583
广西,CEG2000_f4_r0013_c0081,12,34.86738394838577,30.064479148030657,4.802904800355115,0.1597534677619627,5,35.6393367617478,6,4.178350462677099,3.1077132732366883,0.9522914090142583
广西,CEG2000_f4_r0013_c0082,1,40.4673801271808,,,,7,41.552554126173305,4,,3.1032140965813304,0.8405616877361786
广西,CEG2000_f4_r0013_c0082,2,41.74780395251991,40.4673801271808,1.2804238253391063,0.03164088758192383,7,41.552554126173305,5,2.08917523133855,3.1032140965813304,0.8405616877361786
广西,CEG2000_f4_r0013_c0082,3,38.39589131481038,41.74780395251991,-3.351912637709532,-0.08028955586554175,6,38.59594544396056,2,-4.1783504626771,3.1032140965813304,0.8405616877361786
广西,CEG2000_f4_r0013_c0082,4,34.848052504950985,38.39589131481038,-3.5478388098593925,-0.09240152236004719,5,35.6393367617478,2,-4.1783504626771,3.1032140965813304,0.8405616877361786
广西,CEG2000_f4_r0013_c0082,5,25.67381994982439,34.848052504950985,-9.174232555126594,-0.26326385251580925,2,26.769510715109526,0,-8.3567009253542,3.1032140965813304,0.8405616877361786
广西,CEG2000_f4_r0013_c0082,6,20.400197122044062,25.67381994982439,-5.273622827780329,-0.2054085772232893,0,20.856293350684005,1,-6.267525694015651,3.1032140965813304,0.8405616877361786
广西,CEG2000_f4_r0013_c0082,7,21.60742265552812,20.400197122044062,1.2072255334840563,0.05917715040996106,0,20.856293350684005,5,2.08917523133855,3.1032140965813304,0.8405616877361786
广西,CEG2000_f4_r0013_c0082,8,25.528423605298556,21.60742265552812,3.9210009497704377,0.1814654626921585,2,26.769510715109526,6,4.178350462677099,3.1032140965813304,0.8405616877361786
广西,CEG2000_f4_r0013_c0082,9,29.212117443427093,25.528423605298556,3.683693838128537,0.14429774023978384,3,29.72611939732228,6,4.178350462677099,3.1032140965813304,0.8405616877361786
广西,CEG2000_f4_r0013_c0082,10,26.953196330865115,29.212117443427093,-2.2589211125619784,-0.07732822233570232,2,26.769510715109526,3,-2.0891752313385505,3.1032140965813304,0.8405616877361786
广西,CEG2000_f4_r0013_c0082,11,32.13433990019982,26.953196330865115,5.181143569334704,0.19222742660029463,4,32.68272807953504,6,4.178350462677099,3.1032140965813304,0.8405616877361786
广西,CEG2000_f4_r0013_c0082,12,39.843379895177264,32.13433990019982,7.709039994977445,0.2399003688552354,6,38.59594544396056,8,8.3567009253542,3.1032140965813304,0.8405616877361786
广西,CEG2000_f4_r0013_c0083,1,41.00096092645494,,,,7,41.552554126173305,4,,3.0949580129535126,0.6915887260320687
广西,CEG2000_f4_r0013_c0083,2,42.8399206849051,41.00096092645494,1.8389597584501658,0.044851625837471994,7,41.552554126173305,5,2.08917523133855,3.0949580129535126,0.6915887260320687
广西,CEG2000_f4_r0013_c0083,3,40.0897101093014,42.8399206849051,-2.7502105756037025,-0.06419737785772221,7,41.552554126173305,3,-2.0891752313385505,3.0949580129535126,0.6915887260320687
广西,CEG2000_f4_r0013_c0083,4,36.51307426875542,40.0897101093014,-3.5766358405459826,-0.08921580701867313,5,35.6393367617478,2,-4.1783504626771,3.0949580129535126,0.6915887260320687
广西,CEG2000_f4_r0013_c0083,5,27.006204871758943,36.51307426875542,-9.506869396996475,-0.2603689113390157,2,26.769510715109526,0,-8.3567009253542,3.0949580129535126,0.6915887260320687
广西,CEG2000_f4_r0013_c0083,6,22.19557846125788,27.006204871758943,-4.810626410501062,-0.1781304123754039,0,20.856293350684005,2,-4.1783504626771,3.0949580129535126,0.6915887260320687
广西,CEG2000_f4_r0013_c0083,7,22.228918564231513,22.19557846125788,0.03334010297363221,0.0015021056122428602,0,20.856293350684005,4,0.0,3.0949580129535126,0.6915887260320687
广西,CEG2000_f4_r0013_c0083,8,27.135469745120776,22.228918564231513,4.906551180889263,0.22072828989460513,2,26.769510715109526,6,4.178350462677099,3.0949580129535126,0.6915887260320687
广西,CEG2000_f4_r0013_c0083,9,31.20141306018421,27.135469745120776,4.065943315063432,0.14983869279781045,3,29.72611939732228,6,4.178350462677099,3.0949580129535126,0.6915887260320687
广西,CEG2000_f4_r0013_c0083,10,28.03179608415462,31.20141306018421,-3.1696169760295874,-0.10158568683782793,2,26.769510715109526,2,-4.1783504626771,3.0949580129535126,0.6915887260320687
广西,CEG2000_f4_r0013_c0083,11,34.0617964530739,28.03179608415462,6.030000368919282,0.21511287934660123,4,32.68272807953504,7,6.267525694015649,3.0949580129535126,0.6915887260320687
广西,CEG2000_f4_r0013_c0083,12,44.12239838380872,34.0617964530739,10.06060193073482,0.295363221508151,8,44.509162808386066,8,8.3567009253542,3.0949580129535126,0.6915887260320687
广西,CEG2000_f4_r0013_c0084,1,39.805712925481146,,,,6,38.59594544396056,4,,3.082181534837942,0.5426157643279587
广西,CEG2000_f4_r0013_c0084,2,41.950916977907454,39.805712925481146,2.1452040524263083,0.05389186362375341,7,41.552554126173305,5,2.08917523133855,3.082181534837942,0.5426157643279587
广西,CEG2000_f4_r0013_c0084,3,40.51158596437252,41.950916977907454,-1.4393310135349324,-0.034309882053184325,7,41.552554126173305,3,-2.0891752313385505,3.082181534837942,0.5426157643279587
广西,CEG2000_f4_r0013_c0084,4,35.34565412287813,40.51158596437252,-5.165931841494391,-0.12751739332144424,5,35.6393367617478,2,-4.1783504626771,3.082181534837942,0.5426157643279587
广西,CEG2000_f4_r0013_c0084,5,26.531654129975,35.34565412287813,-8.813999992903131,-0.2493658757102505,2,26.769510715109526,0,-8.3567009253542,3.082181534837942,0.5426157643279587
广西,CEG2000_f4_r0013_c0084,6,22.500414999374964,26.531654129975,-4.031239130600035,-0.15194073881905507,1,23.812902032896766,2,-4.1783504626771,3.082181534837942,0.5426157643279587
广西,CEG2000_f4_r0013_c0084,7,22.220636802215317,22.500414999374964,-0.27977819715964714,-0.012434357195963678,0,20.856293350684005,4,0.0,3.082181534837942,0.5426157643279587
广西,CEG2000_f4_r0013_c0084,8,26.402751908168383,22.220636802215317,4.182115105953066,0.1882086073040051,2,26.769510715109526,6,4.178350462677099,3.082181534837942,0.5426157643279587
广西,CEG2000_f4_r0013_c0084,9,30.962976319087595,26.402751908168383,4.560224410919211,0.17271776922269932,3,29.72611939732228,6,4.178350462677099,3.082181534837942,0.5426157643279587
广西,CEG2000_f4_r0013_c0084,10,27.560955768527982,30.962976319087595,-3.4020205505596124,-0.10987382206091038,2,26.769510715109526,2,-4.1783504626771,3.082181534837942,0.5426157643279587
广西,CEG2000_f4_r0013_c0084,11,33.17942971525865,27.560955768527982,5.618473946730667,0.20385628110714635,4,32.68272807953504,7,6.267525694015649,3.082181534837942,0.5426157643279587
广西,CEG2000_f4_r0013_c0084,12,42.682924665817346,33.17942971525865,9.503494950558697,0.28642731451735,7,41.552554126173305,8,8.3567009253542,3.082181534837942,0.5426157643279587
广西,CEG2000_f4_r0013_c0085,1,39.29805930297878,,,,6,38.59594544396056,4,,3.05978407593561,0.3933010560770849
广西,CEG2000_f4_r0013_c0085,2,39.85092519203068,39.29805930297878,0.5528658890519011,0.01406852905354525,6,38.59594544396056,4,0.0,3.05978407593561,0.3933010560770849
广西,CEG2000_f4_r0013_c0085,3,40.742790706016706,39.85092519203068,0.8918655139860263,0.0223800453738118,7,41.552554126173305,4,0.0,3.05978407593561,0.3933010560770849
广西,CEG2000_f4_r0013_c0085,4,35.01754614907978,40.742790706016706,-5.725244556936929,-0.14052165935927044,5,35.6393367617478,1,-6.267525694015651,3.05978407593561,0.3933010560770849
广西,CEG2000_f4_r0013_c0085,5,27.013840788060712,35.01754614907978,-8.003705361019065,-0.22856271330221103,2,26.769510715109526,0,-8.3567009253542,3.05978407593561,0.3933010560770849
广西,CEG2000_f4_r0013_c0085,6,23.288141506660317,27.013840788060712,-3.725699281400395,-0.1379181624201709,1,23.812902032896766,2,-4.1783504626771,3.05978407593561,0.3933010560770849
广西,CEG2000_f4_r0013_c0085,7,23.644561076918457,23.288141506660317,0.3564195702581401,0.015304766597892988,1,23.812902032896766,4,0.0,3.05978407593561,0.3933010560770849
广西,CEG2000_f4_r0013_c0085,8,26.76953554783474,23.644561076918457,3.124974470916282,0.1321646217390284,2,26.769510715109526,5,2.08917523133855,3.05978407593561,0.3933010560770849
广西,CEG2000_f4_r0013_c0085,9,31.505189419020994,26.76953554783474,4.735653871186255,0.17690459599958577,4,32.68272807953504,6,4.178350462677099,3.05978407593561,0.3933010560770849
广西,CEG2000_f4_r0013_c0085,10,28.490484039586445,31.505189419020994,-3.014705379434549,-0.09568916851566192,3,29.72611939732228,3,-2.0891752313385505,3.05978407593561,0.3933010560770849
广西,CEG2000_f4_r0013_c0085,11,33.85471408165361,28.490484039586445,5.364230042067167,0.1882814638955861,4,32.68272807953504,7,6.267525694015649,3.05978407593561,0.3933010560770849
广西,CEG2000_f4_r0013_c0085,12,42.16232291146827,33.85471408165361,8.307608829814662,0.24539001598943297,7,41.552554126173305,8,8.3567009253542,3.05978407593561,0.3933010560770849
广西,CEG2000_f4_r0013_c0086,1,40.114681742735826,,,,7,41.552554126173305,4,,3.010435860554119,0.2377803060738217
广西,CEG2000_f4_r0013_c0086,2,39.446391904447275,40.114681742735826,-0.6682898382885512,-0.01665948249507348,6,38.59594544396056,4,0.0,3.010435860554119,0.2377803060738217
广西,CEG2000_f4_r0013_c0086,3,40.321801855100624,39.446391904447275,0.8754099506533493,0.022192396018725698,7,41.552554126173305,4,0.0,3.010435860554119,0.2377803060738217
广西,CEG2000_f4_r0013_c0086,4,35.100292423759775,40.321801855100624,-5.2215094313408486,-0.12949593498090012,5,35.6393367617478,2,-4.1783504626771,3.010435860554119,0.2377803060738217
广西,CEG2000_f4_r0013_c0086,5,26.72742726234807,35.100292423759775,-8.372865161411706,-0.23854117966675462,2,26.769510715109526,0,-8.3567009253542,3.010435860554119,0.2377803060738217
广西,CEG2000_f4_r0013_c0086,6,23.74058302450352,26.72742726234807,-2.9868442378445508,-0.1117520294238058,1,23.812902032896766,3,-2.0891752313385505,3.010435860554119,0.2377803060738217
广西,CEG2000_f4_r0013_c0086,7,24.41449573612867,23.74058302450352,0.6739127116251531,0.028386527446675733,1,23.812902032896766,4,0.0,3.010435860554119,0.2377803060738217
广西,CEG2000_f4_r0013_c0086,8,26.671934495350857,24.41449573612867,2.257438759222186,0.09246305078837319,2,26.769510715109526,5,2.08917523133855,3.010435860554119,0.2377803060738217
广西,CEG2000_f4_r0013_c0086,9,31.211505467823113,26.671934495350857,4.539570972472255,0.17020028949394506,4,32.68272807953504,6,4.178350462677099,3.010435860554119,0.2377803060738217
广西,CEG2000_f4_r0013_c0086,10,28.80755947998469,31.211505467823113,-2.403945987838423,-0.0770211481889819,3,29.72611939732228,3,-2.0891752313385505,3.010435860554119,0.2377803060738217
广西,CEG2000_f4_r0013_c0086,11,34.49787474896964,28.80755947998469,5.690315268984953,0.19752854360809524,5,35.6393367617478,7,6.267525694015649,3.010435860554119,0.2377803060738217
广西,CEG2000_f4_r0013_c0086,12,42.96521237687349,34.49787474896964,8.467337627903845,0.24544519595824496,7,41.552554126173305,8,8.3567009253542,3.010435860554119,0.2377803060738217
广西,CEG2000_f4_r0013_c0087,1,41.38369237202578,,,,7,41.552554126173305,4,,2.816306051332054,0.0664125148668283
广西,CEG2000_f4_r0013_c0087,2,40.82173859444528,41.38369237202578,-0.5619537775804986,-0.013579111610648925,7,41.552554126173305,4,0.0,2.816306051332054,0.0664125148668283
广西,CEG2000_f4_r0013_c0087,3,40.98378713505988,40.82173859444528,0.16204854061459883,0.003969662885368856,7,41.552554126173305,4,0.0,2.816306051332054,0.0664125148668283
广西,CEG2000_f4_r0013_c0087,4,35.45191616553459,40.98378713505988,-5.531870969525286,-0.1349770569346191,5,35.6393367617478,1,-6.267525694015651,2.816306051332054,0.0664125148668283
广西,CEG2000_f4_r0013_c0087,5,27.73720013110896,35.45191616553459,-7.714716034425631,-0.217610692702858,2,26.769510715109526,0,-8.3567009253542,2.816306051332054,0.0664125148668283
广西,CEG2000_f4_r0013_c0087,6,24.39330848837703,27.73720013110896,-3.343891642731929,-0.12055620707663103,1,23.812902032896766,2,-4.1783504626771,2.816306051332054,0.0664125148668283
广西,CEG2000_f4_r0013_c0087,7,24.38618296365087,24.39330848837703,-0.007125524726159682,-0.00029210981075219317,1,23.812902032896766,4,0.0,2.816306051332054,0.0664125148668283
广西,CEG2000_f4_r0013_c0087,8,27.16384155837845,24.38618296365087,2.77765859472758,0.1139029670558879,2,26.769510715109526,5,2.08917523133855,2.816306051332054,0.0664125148668283
广西,CEG2000_f4_r0013_c0087,9,32.25223636872495,27.16384155837845,5.0883948103465,0.18732235642778697,4,32.68272807953504,6,4.178350462677099,2.816306051332054,0.0664125148668283
广西,CEG2000_f4_r0013_c0087,10,29.259679217618675,32.25223636872495,-2.9925571511062756,-0.0927860355757582,3,29.72611939732228,3,-2.0891752313385505,2.816306051332054,0.0664125148668283
广西,CEG2000_f4_r0013_c0087,11,36.994637316019634,29.259679217618675,7.734958098400959,0.264355533116828,5,35.6393367617478,8,8.3567009253542,2.816306051332054,0.0664125148668283
广西,CEG2000_f4_r0013_c0087,12,44.25989075257199,36.994637316019634,7.2652534365523564,0.19638666476144406,8,44.509162808386066,7,6.267525694015649,2.816306051332054,0.0664125148668283
广西,CEG2000_f4_r0013_c0088,1,42.96718395224404,,,,7,41.552554126173305,4,,0.5446881273102004,0.0563348000332681
广西,CEG2000_f4_r0013_c0088,2,41.90845729955031,42.96718395224404,-1.0587266526937356,-0.024640354691861103,7,41.552554126173305,3,-2.0891752313385505,0.5446881273102004,0.0563348000332681
广西,CEG2000_f4_r0013_c0088,3,43.14839697210263,41.90845729955031,1.2399396725523246,0.029586860324864062,8,44.509162808386066,5,2.08917523133855,0.5446881273102004,0.0563348000332681
广西,CEG2000_f4_r0013_c0088,4,37.57290185093094,43.14839697210263,-5.575495121171691,-0.12921673833622366,6,38.59594544396056,1,-6.267525694015651,0.5446881273102004,0.0563348000332681
广西,CEG2000_f4_r0013_c0088,5,30.026136776006705,37.57290185093094,-7.5467650749242345,-0.20085659353290672,3,29.72611939732228,0,-8.3567009253542,0.5446881273102004,0.0563348000332681
广西,CEG2000_f4_r0013_c0088,6,26.451558934875955,30.026136776006705,-3.5745778411307505,-0.11904887624395041,2,26.769510715109526,2,-4.1783504626771,0.5446881273102004,0.0563348000332681
广西,CEG2000_f4_r0013_c0088,7,25.41210447625058,26.451558934875955,-1.039454458625375,-0.0392965292210007,2,26.769510715109526,4,0.0,0.5446881273102004,0.0563348000332681
广西,CEG2000_f4_r0013_c0088,8,28.79730003025999,25.41210447625058,3.3851955540094103,0.1332119328083637,3,29.72611939732228,6,4.178350462677099,0.5446881273102004,0.0563348000332681
广西,CEG2000_f4_r0013_c0088,9,35.018091842581185,28.79730003025999,6.220791812321195,0.21601996735056528,5,35.6393367617478,7,6.267525694015649,0.5446881273102004,0.0563348000332681
广西,CEG2000_f4_r0013_c0088,10,31.529189020434035,35.018091842581185,-3.48890282214715,-0.09963143731049118,4,32.68272807953504,2,-4.1783504626771,0.5446881273102004,0.0563348000332681
广西,CEG2000_f4_r0013_c0088,11,41.3956488399144,31.529189020434035,9.866459819480365,0.3129309736792127,7,41.552554126173305,8,8.3567009253542,0.5446881273102004,0.0563348000332681
广西,CEG2000_f4_r0013_c0088,12,49.09187944343886,41.3956488399144,7.696230603524462,0.18591883009944812,8,44.509162808386066,8,8.3567009253542,0.5446881273102004,0.0563348000332681
广西,CEG2000_f4_r0013_c0089,1,43.85682621689955,,,,8,44.509162808386066,4,,0.1582476518541364,0.1793519091868206
广西,CEG2000_f4_r0013_c0089,2,42.43791571978389,43.85682621689955,-1.418910497115661,-0.03235324166181697,7,41.552554126173305,3,-2.0891752313385505,0.1582476518541364,0.1793519091868206
广西,CEG2000_f4_r0013_c0089,3,42.85492543146137,42.43791571978389,0.4170097116774798,0.009826347609316648,7,41.552554126173305,4,0.0,0.1582476518541364,0.1793519091868206
广西,CEG2000_f4_r0013_c0089,4,37.86193434439532,42.85492543146137,-4.992991087066045,-0.11650915354062213,6,38.59594544396056,2,-4.1783504626771,0.1582476518541364,0.1793519091868206
广西,CEG2000_f4_r0013_c0089,5,30.25994786816758,37.86193434439532,-7.601986476227744,-0.2007817774728422,3,29.72611939732228,0,-8.3567009253542,0.1582476518541364,0.1793519091868206
广西,CEG2000_f4_r0013_c0089,6,26.97487115708655,30.25994786816758,-3.285076711081029,-0.10856187609420227,2,26.769510715109526,2,-4.1783504626771,0.1582476518541364,0.1793519091868206
广西,CEG2000_f4_r0013_c0089,7,25.92498938107337,26.97487115708655,-1.04988177601318,-0.03892073366724372,2,26.769510715109526,3,-2.0891752313385505,0.1582476518541364,0.1793519091868206
广西,CEG2000_f4_r0013_c0089,8,29.99720927782861,25.92498938107337,4.072219896755239,0.15707701310489938,3,29.72611939732228,6,4.178350462677099,0.1582476518541364,0.1793519091868206
广西,CEG2000_f4_r0013_c0089,9,36.71218019346726,29.99720927782861,6.714970915638652,0.2238531875897465,5,35.6393367617478,7,6.267525694015649,0.1582476518541364,0.1793519091868206
广西,CEG2000_f4_r0013_c0089,10,32.506488614560475,36.71218019346726,-4.205691578906787,-0.11455848050275064,4,32.68272807953504,2,-4.1783504626771,0.1582476518541364,0.1793519091868206
广西,CEG2000_f4_r0013_c0089,11,43.64477707680711,32.506488614560475,11.138288462246635,0.3426481584743519,8,44.509162808386066,8,8.3567009253542,0.1582476518541364,0.1793519091868206
广西,CEG2000_f4_r0013_c0089,12,52.87357234896552,43.64477707680711,9.228795272158408,0.2114524552598208,8,44.509162808386066,8,8.3567009253542,0.1582476518541364,0.1793519091868206
广西,CEG2000_f4_r0013_c0090,1,42.97141187808445,,,,7,41.552554126173305,4,,0.0916371937936802,0.3179614471156285
广西,CEG2000_f4_r0013_c0090,2,42.6847426383471,42.97141187808445,-0.2866692397373498,-0.006671161761002132,7,41.552554126173305,4,0.0,0.0916371937936802,0.3179614471156285
广西,CEG2000_f4_r0013_c0090,3,41.6305669882353,42.6847426383471,-1.0541756501118016,-0.02469677887116395,7,41.552554126173305,3,-2.0891752313385505,0.0916371937936802,0.3179614471156285
广西,CEG2000_f4_r0013_c0090,4,35.44382375716568,41.6305669882353,-6.18674323106962,-0.14861059261618942,5,35.6393367617478,1,-6.267525694015651,0.0916371937936802,0.3179614471156285
广西,CEG2000_f4_r0013_c0090,5,27.36403473108372,35.44382375716568,-8.079789026081961,-0.22796042214402643,2,26.769510715109526,0,-8.3567009253542,0.0916371937936802,0.3179614471156285
广西,CEG2000_f4_r0013_c0090,6,25.4568759208047,27.36403473108372,-1.9071588102790216,-0.06969581894707275,2,26.769510715109526,3,-2.0891752313385505,0.0916371937936802,0.3179614471156285
广西,CEG2000_f4_r0013_c0090,7,23.98083080634744,25.4568759208047,-1.476045114457257,-0.05798217813722207,1,23.812902032896766,3,-2.0891752313385505,0.0916371937936802,0.3179614471156285
广西,CEG2000_f4_r0013_c0090,8,28.556309047172626,23.98083080634744,4.575478240825184,0.19079731964974747,3,29.72611939732228,6,4.178350462677099,0.0916371937936802,0.3179614471156285
广西,CEG2000_f4_r0013_c0090,9,33.40800595646235,28.556309047172626,4.851696909289721,0.16989929970554407,4,32.68272807953504,6,4.178350462677099,0.0916371937936802,0.3179614471156285
广西,CEG2000_f4_r0013_c0090,10,31.686768290530633,33.40800595646235,-1.7212376659317137,-0.05152171213615228,4,32.68272807953504,3,-2.0891752313385505,0.0916371937936802,0.3179614471156285
广西,CEG2000_f4_r0013_c0090,11,39.38305847721634,31.686768290530633,7.6962901866857045,0.24288656123337407,6,38.59594544396056,8,8.3567009253542,0.0916371937936802,0.3179614471156285
广西,CEG2000_f4_r0013_c0090,12,47.726170054086275,39.38305847721634,8.343111576869937,0.21184519180237224,8,44.509162808386066,8,8.3567009253542,0.0916371937936802,0.3179614471156285
广西,CEG2000_f4_r0013_c0091,1,42.30036354291691,,,,7,41.552554126173305,4,,0.0644362952106021,0.4858815495467045
广西,CEG2000_f4_r0013_c0091,2,43.95423748143266,42.30036354291691,1.6538739385157513,0.03909833864282919,8,44.509162808386066,5,2.08917523133855,0.0644362952106021,0.4858815495467045
广西,CEG2000_f4_r0013_c0091,3,42.79518343107488,43.95423748143266,-1.1590540503577813,-0.02636956336342756,7,41.552554126173305,3,-2.0891752313385505,0.0644362952106021,0.4858815495467045
广西,CEG2000_f4_r0013_c0091,4,35.853710181876274,42.79518343107488,-6.941473249198609,-0.1622022081148084,5,35.6393367617478,1,-6.267525694015651,0.0644362952106021,0.4858815495467045
广西,CEG2000_f4_r0013_c0091,5,28.423519839392053,35.853710181876274,-7.43019034248422,-0.20723630287612785,3,29.72611939732228,0,-8.3567009253542,0.0644362952106021,0.4858815495467045
广西,CEG2000_f4_r0013_c0091,6,24.891759298388713,28.423519839392053,-3.53176054100334,-0.12425486220424699,1,23.812902032896766,2,-4.1783504626771,0.0644362952106021,0.4858815495467045
广西,CEG2000_f4_r0013_c0091,7,24.622643716697997,24.891759298388713,-0.26911558169071625,-0.010811432750281198,1,23.812902032896766,4,0.0,0.0644362952106021,0.4858815495467045
广西,CEG2000_f4_r0013_c0091,8,28.792036270332627,24.622643716697997,4.16939255363463,0.1693316364240421,3,29.72611939732228,6,4.178350462677099,0.0644362952106021,0.4858815495467045
广西,CEG2000_f4_r0013_c0091,9,33.41886691928887,28.792036270332627,4.62683064895624,0.16069827800695485,4,32.68272807953504,6,4.178350462677099,0.0644362952106021,0.4858815495467045
广西,CEG2000_f4_r0013_c0091,10,33.363324180688565,33.41886691928887,-0.05554273860030179,-0.001662017408742346,4,32.68272807953504,4,0.0,0.0644362952106021,0.4858815495467045
广西,CEG2000_f4_r0013_c0091,11,39.5819353737918,33.363324180688565,6.218611193103236,0.18639063540025505,6,38.59594544396056,7,6.267525694015649,0.0644362952106021,0.4858815495467045
广西,CEG2000_f4_r0013_c0091,12,47.09923088885903,39.5819353737918,7.517295515067232,0.18991733082472323,8,44.509162808386066,8,8.3567009253542,0.0644362952106021,0.4858815495467045
广西,CEG2000_f4_r0013_c0092,1,42.83847851758566,,,,7,41.552554126173305,4,,0.0496772320250741,0.6305910063081152
广西,CEG2000_f4_r0013_c0092,2,42.71047728982598,42.83847851758566,-0.12800122775968248,-0.0029879965906617475,7,41.552554126173305,4,0.0,0.0496772320250741,0.6305910063081152
广西,CEG2000_f4_r0013_c0092,3,42.63334944275088,42.71047728982598,-0.07712784707510423,-0.0018058296691869742,7,41.552554126173305,4,0.0,0.0496772320250741,0.6305910063081152
广西,CEG2000_f4_r0013_c0092,4,36.5295025596433,42.63334944275088,-6.103846883107579,-0.1431707093833661,5,35.6393367617478,1,-6.267525694015651,0.0496772320250741,0.6305910063081152
广西,CEG2000_f4_r0013_c0092,5,29.51296096039466,36.5295025596433,-7.016541599248637,-0.19207876120931092,3,29.72611939732228,1,-6.267525694015651,0.0496772320250741,0.6305910063081152
广西,CEG2000_f4_r0013_c0092,6,25.21590706777261,29.51296096039466,-4.297053892622053,-0.1455988742840322,1,23.812902032896766,2,-4.1783504626771,0.0496772320250741,0.6305910063081152
广西,CEG2000_f4_r0013_c0092,7,25.086122168336352,25.21590706777261,-0.12978489943625604,-0.005146945501005937,1,23.812902032896766,4,0.0,0.0496772320250741,0.6305910063081152
广西,CEG2000_f4_r0013_c0092,8,30.116428102590348,25.086122168336352,5.030305934253995,0.20052146364029258,3,29.72611939732228,6,4.178350462677099,0.0496772320250741,0.6305910063081152
广西,CEG2000_f4_r0013_c0092,9,34.329149494047094,30.116428102590348,4.212721391456746,0.13988117638341066,5,35.6393367617478,6,4.178350462677099,0.0496772320250741,0.6305910063081152
广西,CEG2000_f4_r0013_c0092,10,33.857913287930536,34.329149494047094,-0.4712362061165578,-0.013726999155579818,4,32.68272807953504,4,0.0,0.0496772320250741,0.6305910063081152
广西,CEG2000_f4_r0013_c0092,11,39.10576192848633,33.857913287930536,5.2478486405557945,0.15499622188549098,6,38.59594544396056,7,6.267525694015649,0.0496772320250741,0.6305910063081152
广西,CEG2000_f4_r0013_c0092,12,47.046140490647176,39.10576192848633,7.940378562160845,0.20304881354010212,8,44.509162808386066,8,8.3567009253542,0.0496772320250741,0.6305910063081152
广西,CEG2000_f4_r0013_c0093,1,41.81838421632842,,,,7,41.552554126173305,4,,0.0404161938466617,0.7753015483945238
广西,CEG2000_f4_r0013_c0093,2,40.69742520077082,41.81838421632842,-1.1209590155575953,-0.02680541193937152,7,41.552554126173305,3,-2.0891752313385505,0.0404161938466617,0.7753015483945238
广西,CEG2000_f4_r0013_c0093,3,41.19305874745395,40.69742520077082,0.4956335466831234,0.012178498866649087,7,41.552554126173305,4,0.0,0.0404161938466617,0.7753015483945238
广西,CEG2000_f4_r0013_c0093,4,34.16891599235596,41.19305874745395,-7.024142755097984,-0.17051763012214116,5,35.6393367617478,1,-6.267525694015651,0.0404161938466617,0.7753015483945238
广西,CEG2000_f4_r0013_c0093,5,28.88912541352127,34.16891599235596,-5.279790578834692,-0.15452028328952114,3,29.72611939732228,1,-6.267525694015651,0.0404161938466617,0.7753015483945238
广西,CEG2000_f4_r0013_c0093,6,24.56145299676415,28.88912541352127,-4.327672416757121,-0.14980281870117107,1,23.812902032896766,2,-4.1783504626771,0.0404161938466617,0.7753015483945238
广西,CEG2000_f4_r0013_c0093,7,24.122200125603392,24.56145299676415,-0.4392528711607575,-0.017883830863696333,1,23.812902032896766,4,0.0,0.0404161938466617,0.7753015483945238
广西,CEG2000_f4_r0013_c0093,8,29.26321349707208,24.122200125603392,5.141013371468688,0.21312373434842694,3,29.72611939732228,6,4.178350462677099,0.0404161938466617,0.7753015483945238
广西,CEG2000_f4_r0013_c0093,9,33.819601687143496,29.26321349707208,4.5563881900714165,0.15570361712076852,4,32.68272807953504,6,4.178350462677099,0.0404161938466617,0.7753015483945238
广西,CEG2000_f4_r0013_c0093,10,31.965983286198178,33.819601687143496,-1.8536184009453187,-0.05480899562604757,4,32.68272807953504,3,-2.0891752313385505,0.0404161938466617,0.7753015483945238
广西,CEG2000_f4_r0013_c0093,11,36.66472534401305,31.965983286198178,4.698742057814872,0.14699194502312177,5,35.6393367617478,6,4.178350462677099,0.0404161938466617,0.7753015483945238
广西,CEG2000_f4_r0013_c0093,12,43.73074124137859,36.66472534401305,7.0660158973655385,0.19271972805107462,8,44.509162808386066,7,6.267525694015649,0.0404161938466617,0.7753015483945238
广西,CEG2000_f4_r0013_c0094,1,42.38522822002683,,,,7,41.552554126173305,4,,0.0385019216306962,0.9163943766728306
广西,CEG2000_f4_r0013_c0094,2,40.5953381323056,42.38522822002683,-1.7898900877212327,-0.04222910110167857,7,41.552554126173305,3,-2.0891752313385505,0.0385019216306962,0.9163943766728306
广西,CEG2000_f4_r0013_c0094,3,42.186609874165576,40.5953381323056,1.5912717418599769,0.039198386195819106,7,41.552554126173305,5,2.08917523133855,0.0385019216306962,0.9163943766728306
广西,CEG2000_f4_r0013_c0094,4,34.0746191668185,42.186609874165576,-8.111990707347076,-0.1922882813182562,4,32.68272807953504,0,-8.3567009253542,0.0385019216306962,0.9163943766728306
广西,CEG2000_f4_r0013_c0094,5,30.348055092063618,34.0746191668185,-3.726564074754883,-0.10936480482762874,3,29.72611939732228,2,-4.1783504626771,0.0385019216306962,0.9163943766728306
广西,CEG2000_f4_r0013_c0094,6,24.70328406662265,30.348055092063618,-5.644771025440967,-0.1860010800796636,1,23.812902032896766,1,-6.267525694015651,0.0385019216306962,0.9163943766728306
广西,CEG2000_f4_r0013_c0094,7,24.70749586006237,24.70328406662265,0.004211793439719003,0.0001704952842852859,1,23.812902032896766,4,0.0,0.0385019216306962,0.9163943766728306
广西,CEG2000_f4_r0013_c0094,8,29.45265667602032,24.70749586006237,4.745160815957952,0.1920534902781513,3,29.72611939732228,6,4.178350462677099,0.0385019216306962,0.9163943766728306
广西,CEG2000_f4_r0013_c0094,9,33.959358145075505,29.45265667602032,4.506701469055184,0.15301510891288922,4,32.68272807953504,6,4.178350462677099,0.0385019216306962,0.9163943766728306
广西,CEG2000_f4_r0013_c0094,10,32.12609669083415,33.959358145075505,-1.8332614542413523,-0.05398398422047904,4,32.68272807953504,3,-2.0891752313385505,0.0385019216306962,0.9163943766728306
广西,CEG2000_f4_r0013_c0094,11,36.00344055065099,32.12609669083415,3.8773438598168397,0.12069140851845468,5,35.6393367617478,6,4.178350462677099,0.0385019216306962,0.9163943766728306
广西,CEG2000_f4_r0013_c0094,12,42.77888528238312,36.00344055065099,6.775444731732129,0.18818881273860977,7,41.552554126173305,7,6.267525694015649,0.0385019216306962,0.9163943766728306
广西,CEG2000_f4_r0014_c0079,1,38.162314472256135,,,,6,38.59594544396056,4,,2.9654815404996095,0.9265970234677078
广西,CEG2000_f4_r0014_c0079,2,39.97966300839412,38.162314472256135,1.8173485361379846,0.04762154919768272,6,38.59594544396056,5,2.08917523133855,2.9654815404996095,0.9265970234677078
广西,CEG2000_f4_r0014_c0079,3,35.82068854071255,39.97966300839412,-4.158974467681567,-0.10402725172566736,5,35.6393367617478,2,-4.1783504626771,2.9654815404996095,0.9265970234677078
广西,CEG2000_f4_r0014_c0079,4,32.79051869256929,35.82068854071255,-3.0301698481432595,-0.08459273039096592,4,32.68272807953504,3,-2.0891752313385505,2.9654815404996095,0.9265970234677078
广西,CEG2000_f4_r0014_c0079,5,24.30147763158728,32.79051869256929,-8.489041060982014,-0.258887062463752,1,23.812902032896766,0,-8.3567009253542,2.9654815404996095,0.9265970234677078
广西,CEG2000_f4_r0014_c0079,6,18.77288541389384,24.30147763158728,-5.52859221769344,-0.22750024922383016,0,20.856293350684005,1,-6.267525694015651,2.9654815404996095,0.9265970234677078
广西,CEG2000_f4_r0014_c0079,7,19.37531860770343,18.77288541389384,0.6024331938095919,0.032090601978730995,0,20.856293350684005,4,0.0,2.9654815404996095,0.9265970234677078
广西,CEG2000_f4_r0014_c0079,8,23.297749989718262,19.37531860770343,3.9224313820148318,0.2024447422740864,1,23.812902032896766,6,4.178350462677099,2.9654815404996095,0.9265970234677078
广西,CEG2000_f4_r0014_c0079,9,24.991416792978963,23.297749989718262,1.693666803260701,0.07269658246002932,1,23.812902032896766,5,2.08917523133855,2.9654815404996095,0.9265970234677078
广西,CEG2000_f4_r0014_c0079,10,23.359301736285413,24.991416792978963,-1.63211505669355,-0.0653070240160243,1,23.812902032896766,3,-2.0891752313385505,2.9654815404996095,0.9265970234677078
广西,CEG2000_f4_r0014_c0079,11,30.069603404595178,23.359301736285413,6.710301668309764,0.2872646513181619,3,29.72611939732228,7,6.267525694015649,2.9654815404996095,0.9265970234677078
广西,CEG2000_f4_r0014_c0079,12,33.90488144157082,30.069603404595178,3.8352780369756445,0.1275466784636589,4,32.68272807953504,6,4.178350462677099,2.9654815404996095,0.9265970234677078
广西,CEG2000_f4_r0014_c0080,1,40.48086529288637,,,,7,41.552554126173305,4,,2.9376028388325226,0.7258131348462236
广西,CEG2000_f4_r0014_c0080,2,41.448811326109,40.48086529288637,0.9679460332226313,0.023911199185574886,7,41.552554126173305,4,0.0,2.9376028388325226,0.7258131348462236
广西,CEG2000_f4_r0014_c0080,3,35.97081357371869,41.448811326109,-5.477997752390316,-0.13216296383726867,5,35.6393367617478,1,-6.267525694015651,2.9376028388325226,0.7258131348462236
广西,CEG2000_f4_r0014_c0080,4,33.94052133580086,35.97081357371869,-2.030292237917827,-0.056442766682408795,4,32.68272807953504,3,-2.0891752313385505,2.9376028388325226,0.7258131348462236
广西,CEG2000_f4_r0014_c0080,5,24.91634311238667,33.94052133580086,-9.02417822341419,-0.26588213345725425,1,23.812902032896766,0,-8.3567009253542,2.9376028388325226,0.7258131348462236
广西,CEG2000_f4_r0014_c0080,6,19.60846767688993,24.91634311238667,-5.30787543549674,-0.21302786735417983,0,20.856293350684005,1,-6.267525694015651,2.9376028388325226,0.7258131348462236
广西,CEG2000_f4_r0014_c0080,7,19.950235679994243,19.60846767688993,0.3417680031043133,0.017429612998628795,0,20.856293350684005,4,0.0,2.9376028388325226,0.7258131348462236
广西,CEG2000_f4_r0014_c0080,8,24.691857607181028,19.950235679994243,4.7416219271867845,0.23767247681898826,1,23.812902032896766,6,4.178350462677099,2.9376028388325226,0.7258131348462236
广西,CEG2000_f4_r0014_c0080,9,26.66410618902579,24.691857607181028,1.972248581844763,0.07987445145768143,2,26.769510715109526,5,2.08917523133855,2.9376028388325226,0.7258131348462236
广西,CEG2000_f4_r0014_c0080,10,24.53797502198404,26.66410618902579,-2.126131167041752,-0.07973757499948785,1,23.812902032896766,3,-2.0891752313385505,2.9376028388325226,0.7258131348462236
广西,CEG2000_f4_r0014_c0080,11,31.044027996229097,24.53797502198404,6.506052974245058,0.2651422119558016,3,29.72611939732228,7,6.267525694015649,2.9376028388325226,0.7258131348462236
广西,CEG2000_f4_r0014_c0080,12,36.72165003389951,31.044027996229097,5.67762203767041,0.18288934794028883,5,35.6393367617478,7,6.267525694015649,2.9376028388325226,0.7258131348462236
广西,CEG2000_f4_r0014_c0081,1,41.63683063564282,,,,7,41.552554126173305,4,,2.9424677248550046,0.6298822779001169
广西,CEG2000_f4_r0014_c0081,2,43.065688409679574,41.63683063564282,1.42885777403675,0.03431715988520965,8,44.509162808386066,5,2.08917523133855,2.9424677248550046,0.6298822779001169
广西,CEG2000_f4_r0014_c0081,3,37.24555788129496,43.065688409679574,-5.820130528384617,-0.13514541955113543,6,38.59594544396056,1,-6.267525694015651,2.9424677248550046,0.6298822779001169
广西,CEG2000_f4_r0014_c0081,4,34.58960336405543,37.24555788129496,-2.655954517239529,-0.07130929615027655,5,35.6393367617478,3,-2.0891752313385505,2.9424677248550046,0.6298822779001169
广西,CEG2000_f4_r0014_c0081,5,26.38303597123234,34.58960336405543,-8.20656739282309,-0.23725531936428998,2,26.769510715109526,0,-8.3567009253542,2.9424677248550046,0.6298822779001169
广西,CEG2000_f4_r0014_c0081,6,20.42476076971349,26.38303597123234,-5.958275201518848,-0.22583736034077584,0,20.856293350684005,1,-6.267525694015651,2.9424677248550046,0.6298822779001169
广西,CEG2000_f4_r0014_c0081,7,20.942427235395368,20.42476076971349,0.5176664656818772,0.025345044258706335,0,20.856293350684005,4,0.0,2.9424677248550046,0.6298822779001169
广西,CEG2000_f4_r0014_c0081,8,26.099037378812948,20.942427235395368,5.156610143417581,0.24622791262238472,2,26.769510715109526,6,4.178350462677099,2.9424677248550046,0.6298822779001169
广西,CEG2000_f4_r0014_c0081,9,28.75893964470079,26.099037378812948,2.6599022658878404,0.1019157230698146,3,29.72611939732228,5,2.08917523133855,2.9424677248550046,0.6298822779001169
广西,CEG2000_f4_r0014_c0081,10,26.077076963114404,28.75893964470079,-2.6818626815863844,-0.09325318369589307,2,26.769510715109526,3,-2.0891752313385505,2.9424677248550046,0.6298822779001169
广西,CEG2000_f4_r0014_c0081,11,32.418719505273586,26.077076963114404,6.341642542159182,0.24318839688701807,4,32.68272807953504,7,6.267525694015649,2.9424677248550046,0.6298822779001169
广西,CEG2000_f4_r0014_c0081,12,39.14413698264255,32.418719505273586,6.725417477368964,0.20745475392002863,6,38.59594544396056,7,6.267525694015649,2.9424677248550046,0.6298822779001169
广西,CEG2000_f4_r0014_c0082,1,39.90759777906065,,,,6,38.59594544396056,4,,2.9137830796917226,0.5299225114065753
广西,CEG2000_f4_r0014_c0082,2,42.651989220597216,39.90759777906065,2.744391441536564,0.06876864542762669,7,41.552554126173305,5,2.08917523133855,2.9137830796917226,0.5299225114065753
广西,CEG2000_f4_r0014_c0082,3,37.25528512132886,42.651989220597216,-5.396704099268355,-0.12652877856074798,6,38.59594544396056,1,-6.267525694015651,2.9137830796917226,0.5299225114065753
广西,CEG2000_f4_r0014_c0082,4,34.60359279115924,37.25528512132886,-2.651692330169624,-0.07117627261565407,5,35.6393367617478,3,-2.0891752313385505,2.9137830796917226,0.5299225114065753
广西,CEG2000_f4_r0014_c0082,5,26.295036066954967,34.60359279115924,-8.30855672420427,-0.24010676505033304,2,26.769510715109526,0,-8.3567009253542,2.9137830796917226,0.5299225114065753
广西,CEG2000_f4_r0014_c0082,6,20.755366138850437,26.295036066954967,-5.53966992810453,-0.2106736006750052,0,20.856293350684005,1,-6.267525694015651,2.9137830796917226,0.5299225114065753
广西,CEG2000_f4_r0014_c0082,7,21.61604561624254,20.755366138850437,0.8606794773921038,0.04146780507914343,0,20.856293350684005,4,0.0,2.9137830796917226,0.5299225114065753
广西,CEG2000_f4_r0014_c0082,8,26.309758988114584,21.61604561624254,4.693713371872043,0.2171402418000605,2,26.769510715109526,6,4.178350462677099,2.9137830796917226,0.5299225114065753
广西,CEG2000_f4_r0014_c0082,9,29.208604306493186,26.309758988114584,2.8988453183786014,0.11018137109078623,3,29.72611939732228,5,2.08917523133855,2.9137830796917226,0.5299225114065753
广西,CEG2000_f4_r0014_c0082,10,26.86662027427111,29.208604306493186,-2.3419840322220757,-0.08018130574289178,2,26.769510715109526,3,-2.0891752313385505,2.9137830796917226,0.5299225114065753
广西,CEG2000_f4_r0014_c0082,11,31.83686986538627,26.86662027427111,4.970249591115159,0.1849972024905169,4,32.68272807953504,6,4.178350462677099,2.9137830796917226,0.5299225114065753
广西,CEG2000_f4_r0014_c0082,12,39.31760513674252,31.83686986538627,7.480735271356252,0.23497081537809936,6,38.59594544396056,8,8.3567009253542,2.9137830796917226,0.5299225114065753
广西,CEG2000_f4_r0014_c0083,1,38.05776549699153,,,,6,38.59594544396056,4,,2.866940908535642,0.4549380408412992
广西,CEG2000_f4_r0014_c0083,2,40.984295226742226,38.05776549699153,2.9265297297506976,0.076897045623502,7,41.552554126173305,5,2.08917523133855,2.866940908535642,0.4549380408412992
广西,CEG2000_f4_r0014_c0083,3,37.26479740944352,40.984295226742226,-3.719497817298709,-0.09075422175057286,6,38.59594544396056,2,-4.1783504626771,2.866940908535642,0.4549380408412992
广西,CEG2000_f4_r0014_c0083,4,33.3382288650135,37.26479740944352,-3.926568544430019,-0.10536937853940838,4,32.68272807953504,2,-4.1783504626771,2.866940908535642,0.4549380408412992
广西,CEG2000_f4_r0014_c0083,5,25.621421859120733,33.3382288650135,-7.716807005892765,-0.23147021508365423,2,26.769510715109526,0,-8.3567009253542,2.866940908535642,0.4549380408412992
广西,CEG2000_f4_r0014_c0083,6,20.869096163518986,25.621421859120733,-4.752325695601748,-0.18548251231849613,0,20.856293350684005,2,-4.1783504626771,2.866940908535642,0.4549380408412992
广西,CEG2000_f4_r0014_c0083,7,21.12182460417101,20.869096163518986,0.2527284406520245,0.012110176630160726,0,20.856293350684005,4,0.0,2.866940908535642,0.4549380408412992
广西,CEG2000_f4_r0014_c0083,8,25.44395726200553,21.12182460417101,4.322132657834519,0.20462875432556193,2,26.769510715109526,6,4.178350462677099,2.866940908535642,0.4549380408412992
广西,CEG2000_f4_r0014_c0083,9,28.69089666132983,25.44395726200553,3.246939399324301,0.12761141538988627,3,29.72611939732228,6,4.178350462677099,2.866940908535642,0.4549380408412992
广西,CEG2000_f4_r0014_c0083,10,26.420470231271572,28.69089666132983,-2.270426430058258,-0.07913403533039051,2,26.769510715109526,3,-2.0891752313385505,2.866940908535642,0.4549380408412992
广西,CEG2000_f4_r0014_c0083,11,30.009662609093837,26.420470231271572,3.5891923778222647,0.13584892117378197,3,29.72611939732228,6,4.178350462677099,2.866940908535642,0.4549380408412992
广西,CEG2000_f4_r0014_c0083,12,38.70268308430874,30.009662609093837,8.693020475214901,0.28967404893717974,6,38.59594544396056,8,8.3567009253542,2.866940908535642,0.4549380408412992
广西,CEG2000_f4_r0014_c0084,1,38.56434204639816,,,,6,38.59594544396056,4,,2.7968055037255186,0.3843025166972891
广西,CEG2000_f4_r0014_c0084,2,40.31463990222929,38.56434204639816,1.7502978558311284,0.04538643116807961,7,41.552554126173305,5,2.08917523133855,2.7968055037255186,0.3843025166972891
广西,CEG2000_f4_r0014_c0084,3,39.540623923980846,40.31463990222929,-0.7740159782484426,-0.01919937720206802,6,38.59594544396056,4,0.0,2.7968055037255186,0.3843025166972891
广西,CEG2000_f4_r0014_c0084,4,34.41762081295913,39.540623923980846,-5.123003111021717,-0.1295630317030654,5,35.6393367617478,2,-4.1783504626771,2.7968055037255186,0.3843025166972891
广西,CEG2000_f4_r0014_c0084,5,26.94920200436665,34.41762081295913,-7.468418808592478,-0.21699404642695186,2,26.769510715109526,0,-8.3567009253542,2.7968055037255186,0.3843025166972891
广西,CEG2000_f4_r0014_c0084,6,21.745280836403715,26.94920200436665,-5.203921167962935,-0.19310112288741352,0,20.856293350684005,2,-4.1783504626771,2.7968055037255186,0.3843025166972891
广西,CEG2000_f4_r0014_c0084,7,22.317528622637084,21.745280836403715,0.572247786233369,0.02631595289748434,0,20.856293350684005,4,0.0,2.7968055037255186,0.3843025166972891
广西,CEG2000_f4_r0014_c0084,8,25.9352831234177,22.317528622637084,3.6177545007806167,0.16210372402574455,2,26.769510715109526,6,4.178350462677099,2.7968055037255186,0.3843025166972891
广西,CEG2000_f4_r0014_c0084,9,29.915583138855983,25.9352831234177,3.9803000154382815,0.15347046710449658,3,29.72611939732228,6,4.178350462677099,2.7968055037255186,0.3843025166972891
广西,CEG2000_f4_r0014_c0084,10,27.111985502690267,29.915583138855983,-2.8035976361657156,-0.09371696427084689,2,26.769510715109526,3,-2.0891752313385505,2.7968055037255186,0.3843025166972891
广西,CEG2000_f4_r0014_c0084,11,31.17350375712896,27.111985502690267,4.061518254438692,0.14980526800723154,3,29.72611939732228,6,4.178350462677099,2.7968055037255186,0.3843025166972891
广西,CEG2000_f4_r0014_c0084,12,40.04458407935525,31.17350375712896,8.871080322226295,0.28457116631291723,6,38.59594544396056,8,8.3567009253542,2.7968055037255186,0.3843025166972891
广西,CEG2000_f4_r0014_c0085,1,37.64996550993805,,,,6,38.59594544396056,4,,2.6819170936161334,0.3936428026238488
广西,CEG2000_f4_r0014_c0085,2,39.10262541373781,37.64996550993805,1.4526599037997627,0.03858329972218222,6,38.59594544396056,5,2.08917523133855,2.6819170936161334,0.3936428026238488
广西,CEG2000_f4_r0014_c0085,3,39.85334433689977,39.10262541373781,0.7507189231619549,0.019198683342070606,6,38.59594544396056,4,0.0,2.6819170936161334,0.3936428026238488
广西,CEG2000_f4_r0014_c0085,4,33.284893989451895,39.85334433689977,-6.568450347447872,-0.16481553698283274,4,32.68272807953504,1,-6.267525694015651,2.6819170936161334,0.3936428026238488
广西,CEG2000_f4_r0014_c0085,5,26.365674664099377,33.284893989451895,-6.919219325352518,-0.20787866494468163,2,26.769510715109526,1,-6.267525694015651,2.6819170936161334,0.3936428026238488
广西,CEG2000_f4_r0014_c0085,6,22.256482012605037,26.365674664099377,-4.1091926514943395,-0.1558538783416603,0,20.856293350684005,2,-4.1783504626771,2.6819170936161334,0.3936428026238488
广西,CEG2000_f4_r0014_c0085,7,22.877153198369303,22.256482012605037,0.6206711857642659,0.02788720991092602,1,23.812902032896766,4,0.0,2.6819170936161334,0.3936428026238488
广西,CEG2000_f4_r0014_c0085,8,25.63620854382236,22.877153198369303,2.7590553454530564,0.12060308909631831,2,26.769510715109526,5,2.08917523133855,2.6819170936161334,0.3936428026238488
广西,CEG2000_f4_r0014_c0085,9,29.535392195926978,25.63620854382236,3.899183652104618,0.1520967363578503,3,29.72611939732228,6,4.178350462677099,2.6819170936161334,0.3936428026238488
广西,CEG2000_f4_r0014_c0085,10,27.221746603314863,29.535392195926978,-2.313645592612115,-0.07833468325946842,2,26.769510715109526,3,-2.0891752313385505,2.6819170936161334,0.3936428026238488
广西,CEG2000_f4_r0014_c0085,11,30.28482987894303,27.221746603314863,3.0630832756281663,0.11252339242828624,3,29.72611939732228,5,2.08917523133855,2.6819170936161334,0.3936428026238488
广西,CEG2000_f4_r0014_c0085,12,37.95225554630054,30.28482987894303,7.667425667357513,0.25317710873748894,6,38.59594544396056,8,8.3567009253542,2.6819170936161334,0.3936428026238488
广西,CEG2000_f4_r0014_c0086,1,38.69752033464253,,,,6,38.59594544396056,4,,2.4690113205113744,0.3141611910927649
广西,CEG2000_f4_r0014_c0086,2,39.017319007572645,38.69752033464253,0.3197986729301121,0.008264061112045572,6,38.59594544396056,4,0.0,2.4690113205113744,0.3141611910927649
广西,CEG2000_f4_r0014_c0086,3,40.027099020260806,39.017319007572645,1.0097800126881609,0.025880302347072552,6,38.59594544396056,4,0.0,2.4690113205113744,0.3141611910927649
广西,CEG2000_f4_r0014_c0086,4,35.214094118939535,40.027099020260806,-4.813004901321271,-0.1202436603982976,5,35.6393367617478,2,-4.1783504626771,2.4690113205113744,0.3141611910927649
广西,CEG2000_f4_r0014_c0086,5,27.09996021286727,35.214094118939535,-8.114133906072265,-0.23042290619959926,2,26.769510715109526,0,-8.3567009253542,2.4690113205113744,0.3141611910927649
广西,CEG2000_f4_r0014_c0086,6,23.034368916756637,27.09996021286727,-4.065591296110632,-0.1500220393010119,1,23.812902032896766,2,-4.1783504626771,2.4690113205113744,0.3141611910927649
广西,CEG2000_f4_r0014_c0086,7,24.10491805794358,23.034368916756637,1.070549141186941,0.046476165466298354,1,23.812902032896766,5,2.08917523133855,2.4690113205113744,0.3141611910927649
广西,CEG2000_f4_r0014_c0086,8,26.066473080735,24.10491805794358,1.9615550227914227,0.08137571835242179,2,26.769510715109526,5,2.08917523133855,2.4690113205113744,0.3141611910927649
广西,CEG2000_f4_r0014_c0086,9,30.814163759741753,26.066473080735,4.747690679006752,0.1821378237209865,3,29.72611939732228,6,4.178350462677099,2.4690113205113744,0.3141611910927649
广西,CEG2000_f4_r0014_c0086,10,28.439421358693377,30.814163759741753,-2.374742401048376,-0.0770665859883221,3,29.72611939732228,3,-2.0891752313385505,2.4690113205113744,0.3141611910927649
广西,CEG2000_f4_r0014_c0086,11,32.44232395003427,28.439421358693377,4.002902591340895,0.1407519000071809,4,32.68272807953504,6,4.178350462677099,2.4690113205113744,0.3141611910927649
广西,CEG2000_f4_r0014_c0086,12,39.88605353082913,32.44232395003427,7.443729580794859,0.22944501732549266,6,38.59594544396056,8,8.3567009253542,2.4690113205113744,0.3141611910927649
广西,CEG2000_f4_r0014_c0087,1,40.49286550607878,,,,7,41.552554126173305,4,,2.027281367225557,0.3046944245486215
广西,CEG2000_f4_r0014_c0087,2,39.97618532139642,40.49286550607878,-0.5166801846823574,-0.01275978319204882,6,38.59594544396056,4,0.0,2.027281367225557,0.3046944245486215
广西,CEG2000_f4_r0014_c0087,3,41.249691853701925,39.97618532139642,1.273506532305504,0.03185662969257565,7,41.552554126173305,5,2.08917523133855,2.027281367225557,0.3046944245486215
广西,CEG2000_f4_r0014_c0087,4,35.125296661782095,41.249691853701925,-6.124395191919831,-0.14847129558302874,5,35.6393367617478,1,-6.267525694015651,2.027281367225557,0.3046944245486215
广西,CEG2000_f4_r0014_c0087,5,27.977147190094033,35.125296661782095,-7.148149471688061,-0.2035043160066907,2,26.769510715109526,1,-6.267525694015651,2.027281367225557,0.3046944245486215
广西,CEG2000_f4_r0014_c0087,6,23.616193996152543,27.977147190094033,-4.360953193941491,-0.1558755495801798,1,23.812902032896766,2,-4.1783504626771,2.027281367225557,0.3046944245486215
广西,CEG2000_f4_r0014_c0087,7,24.57082187797967,23.616193996152543,0.954627881827129,0.04042259654466986,1,23.812902032896766,4,0.0,2.027281367225557,0.3046944245486215
广西,CEG2000_f4_r0014_c0087,8,26.359747723195433,24.57082187797967,1.7889258452157613,0.07280691928416906,2,26.769510715109526,5,2.08917523133855,2.027281367225557,0.3046944245486215
广西,CEG2000_f4_r0014_c0087,9,31.894129891276712,26.359747723195433,5.5343821680812795,0.20995580937260883,4,32.68272807953504,7,6.267525694015649,2.027281367225557,0.3046944245486215
广西,CEG2000_f4_r0014_c0087,10,28.587008720325517,31.894129891276712,-3.307121170951195,-0.10369059078346947,3,29.72611939732228,2,-4.1783504626771,2.027281367225557,0.3046944245486215
广西,CEG2000_f4_r0014_c0087,11,34.38701213536424,28.587008720325517,5.80000341503872,0.20288948283402897,5,35.6393367617478,7,6.267525694015649,2.027281367225557,0.3046944245486215
广西,CEG2000_f4_r0014_c0087,12,42.90047142463517,34.38701213536424,8.513459289270934,0.24757775568746013,7,41.552554126173305,8,8.3567009253542,2.027281367225557,0.3046944245486215
广西,CEG2000_f4_r0014_c0088,1,40.3279932595846,,,,7,41.552554126173305,4,,1.3039285158664886,0.2023682816717436
广西,CEG2000_f4_r0014_c0088,2,39.53633296611633,40.3279932595846,-0.7916602934682686,-0.01963054021489447,6,38.59594544396056,4,0.0,1.3039285158664886,0.2023682816717436
广西,CEG2000_f4_r0014_c0088,3,40.27534274942721,39.53633296611633,0.7390097833108769,0.01869191520478714,7,41.552554126173305,4,0.0,1.3039285158664886,0.2023682816717436
广西,CEG2000_f4_r0014_c0088,4,35.57481662422517,40.27534274942721,-4.700526125202039,-0.1167097733828445,5,35.6393367617478,2,-4.1783504626771,1.3039285158664886,0.2023682816717436
广西,CEG2000_f4_r0014_c0088,5,28.421936788754618,35.57481662422517,-7.152879835470554,-0.20106582448550697,3,29.72611939732228,1,-6.267525694015651,1.3039285158664886,0.2023682816717436
广西,CEG2000_f4_r0014_c0088,6,24.447845796391803,28.421936788754618,-3.9740909923628145,-0.1398247776673403,1,23.812902032896766,2,-4.1783504626771,1.3039285158664886,0.2023682816717436
广西,CEG2000_f4_r0014_c0088,7,25.329951306035543,24.447845796391803,0.8821055096437398,0.036081113934951586,2,26.769510715109526,4,0.0,1.3039285158664886,0.2023682816717436
广西,CEG2000_f4_r0014_c0088,8,26.890870766560607,25.329951306035543,1.5609194605250636,0.061623468662299896,2,26.769510715109526,5,2.08917523133855,1.3039285158664886,0.2023682816717436
广西,CEG2000_f4_r0014_c0088,9,33.0305682877482,26.890870766560607,6.139697521187596,0.22831902969919612,4,32.68272807953504,7,6.267525694015649,1.3039285158664886,0.2023682816717436
广西,CEG2000_f4_r0014_c0088,10,29.086633704781185,33.0305682877482,-3.9439345829670174,-0.11940256518171724,3,29.72611939732228,2,-4.1783504626771,1.3039285158664886,0.2023682816717436
广西,CEG2000_f4_r0014_c0088,11,35.82676515444037,29.086633704781185,6.740131449659188,0.23172607452856472,5,35.6393367617478,7,6.267525694015649,1.3039285158664886,0.2023682816717436
广西,CEG2000_f4_r0014_c0088,12,43.462287321376635,35.82676515444037,7.635522166936262,0.2131234046395594,8,44.509162808386066,8,8.3567009253542,1.3039285158664886,0.2023682816717436
广西,CEG2000_f4_r0014_c0089,1,43.3679764763125,,,,8,44.509162808386066,4,,0.7668195424753059,0.2146189574773309
广西,CEG2000_f4_r0014_c0089,2,41.00304343337031,43.3679764763125,-2.364933042942191,-0.05453178209119147,7,41.552554126173305,3,-2.0891752313385505,0.7668195424753059,0.2146189574773309
广西,CEG2000_f4_r0014_c0089,3,42.794407633407374,41.00304343337031,1.7913642000370658,0.043688566751100354,7,41.552554126173305,5,2.08917523133855,0.7668195424753059,0.2146189574773309
广西,CEG2000_f4_r0014_c0089,4,37.82113363785766,42.794407633407374,-4.973273995549711,-0.11621317528571967,6,38.59594544396056,2,-4.1783504626771,0.7668195424753059,0.2146189574773309
广西,CEG2000_f4_r0014_c0089,5,30.973910496339837,37.82113363785766,-6.847223141517826,-0.18104225026888116,3,29.72611939732228,1,-6.267525694015651,0.7668195424753059,0.2146189574773309
广西,CEG2000_f4_r0014_c0089,6,26.563816263924085,30.973910496339837,-4.4100942324157515,-0.14238093162104568,2,26.769510715109526,2,-4.1783504626771,0.7668195424753059,0.2146189574773309
广西,CEG2000_f4_r0014_c0089,7,27.544755880613227,26.563816263924085,0.9809396166891418,0.03692766155822802,2,26.769510715109526,4,0.0,0.7668195424753059,0.2146189574773309
广西,CEG2000_f4_r0014_c0089,8,30.35765753166504,27.544755880613227,2.8129016510518134,0.10212113199491496,3,29.72611939732228,5,2.08917523133855,0.7668195424753059,0.2146189574773309
广西,CEG2000_f4_r0014_c0089,9,37.15646901922481,30.35765753166504,6.798811487559767,0.2239570520376336,6,38.59594544396056,7,6.267525694015649,0.7668195424753059,0.2146189574773309
广西,CEG2000_f4_r0014_c0089,10,31.769171464534782,37.15646901922481,-5.387297554690026,-0.1449894916522512,4,32.68272807953504,1,-6.267525694015651,0.7668195424753059,0.2146189574773309
广西,CEG2000_f4_r0014_c0089,11,41.590076250184914,31.769171464534782,9.820904785650132,0.30913317322781325,7,41.552554126173305,8,8.3567009253542,0.7668195424753059,0.2146189574773309
广西,CEG2000_f4_r0014_c0089,12,51.40557460991353,41.590076250184914,9.815498359728615,0.2360057793759148,8,44.509162808386066,8,8.3567009253542,0.7668195424753059,0.2146189574773309
广西,CEG2000_f4_r0014_c0090,1,43.31524860034644,,,,8,44.509162808386066,4,,0.5065489042418432,0.3661409498788135
广西,CEG2000_f4_r0014_c0090,2,41.75434586754749,43.31524860034644,-1.5609027327989509,-0.03603587150568649,7,41.552554126173305,3,-2.0891752313385505,0.5065489042418432,0.3661409498788135
广西,CEG2000_f4_r0014_c0090,3,42.17358216462514,41.75434586754749,0.41923629707764576,0.01004054280738922,7,41.552554126173305,4,0.0,0.5065489042418432,0.3661409498788135
广西,CEG2000_f4_r0014_c0090,4,36.44737037372345,42.17358216462514,-5.7262117909016865,-0.1357772211179345,5,35.6393367617478,1,-6.267525694015651,0.5065489042418432,0.3661409498788135
广西,CEG2000_f4_r0014_c0090,5,28.895166396731188,36.44737037372345,-7.5522039769922635,-0.20720847346608542,3,29.72611939732228,0,-8.3567009253542,0.5065489042418432,0.3661409498788135
广西,CEG2000_f4_r0014_c0090,6,25.541881592907373,28.895166396731188,-3.353284803823815,-0.1160500257303644,2,26.769510715109526,2,-4.1783504626771,0.5065489042418432,0.3661409498788135
广西,CEG2000_f4_r0014_c0090,7,26.165106056222164,25.541881592907373,0.6232244633147914,0.024400099931864542,2,26.769510715109526,4,0.0,0.5065489042418432,0.3661409498788135
广西,CEG2000_f4_r0014_c0090,8,30.829708415766017,26.165106056222164,4.664602359543853,0.17827569089614265,3,29.72611939732228,6,4.178350462677099,0.5065489042418432,0.3661409498788135
广西,CEG2000_f4_r0014_c0090,9,35.68195307222966,30.829708415766017,4.852244656463643,0.1573886003405161,5,35.6393367617478,6,4.178350462677099,0.5065489042418432,0.3661409498788135
广西,CEG2000_f4_r0014_c0090,10,31.45812218706715,35.68195307222966,-4.22383088516251,-0.11837443081135063,4,32.68272807953504,2,-4.1783504626771,0.5065489042418432,0.3661409498788135
广西,CEG2000_f4_r0014_c0090,11,39.20852205096119,31.45812218706715,7.750399863894042,0.24637198043182418,6,38.59594544396056,8,8.3567009253542,0.5065489042418432,0.3661409498788135
广西,CEG2000_f4_r0014_c0090,12,48.00764924909229,39.20852205096119,8.799127198131096,0.2244187420962833,8,44.509162808386066,8,8.3567009253542,0.5065489042418432,0.3661409498788135
广西,CEG2000_f4_r0014_c0091,1,39.6703363737337,,,,6,38.59594544396056,4,,0.3714998868688678,0.425548629579604
广西,CEG2000_f4_r0014_c0091,2,40.937367064922434,39.6703363737337,1.2670306911887366,0.0319389954058382,7,41.552554126173305,5,2.08917523133855,0.3714998868688678,0.425548629579604
广西,CEG2000_f4_r0014_c0091,3,38.411734155330976,40.937367064922434,-2.525632909591458,-0.061695050040371804,6,38.59594544396056,3,-2.0891752313385505,0.3714998868688678,0.425548629579604
广西,CEG2000_f4_r0014_c0091,4,33.042020654930226,38.411734155330976,-5.369713500400749,-0.1397935713781231,4,32.68272807953504,1,-6.267525694015651,0.3714998868688678,0.425548629579604
广西,CEG2000_f4_r0014_c0091,5,26.41112769614933,33.042020654930226,-6.630892958780898,-0.20068061296945824,2,26.769510715109526,1,-6.267525694015651,0.3714998868688678,0.425548629579604
广西,CEG2000_f4_r0014_c0091,6,22.953203184517733,26.41112769614933,-3.457924511631596,-0.1309268029526718,1,23.812902032896766,2,-4.1783504626771,0.3714998868688678,0.425548629579604
广西,CEG2000_f4_r0014_c0091,7,23.098599949345843,22.953203184517733,0.14539676482811004,0.006334486897505541,1,23.812902032896766,4,0.0,0.3714998868688678,0.425548629579604
广西,CEG2000_f4_r0014_c0091,8,26.64775587288273,23.098599949345843,3.549155923536887,0.15365242617821084,2,26.769510715109526,6,4.178350462677099,0.3714998868688678,0.425548629579604
广西,CEG2000_f4_r0014_c0091,9,31.54264007938153,26.64775587288273,4.894884206498801,0.1836884212632678,4,32.68272807953504,6,4.178350462677099,0.3714998868688678,0.425548629579604
广西,CEG2000_f4_r0014_c0091,10,28.76041233586187,31.54264007938153,-2.7822277435196625,-0.08820529088617159,3,29.72611939732228,3,-2.0891752313385505,0.3714998868688678,0.425548629579604
广西,CEG2000_f4_r0014_c0091,11,33.167463382346604,28.76041233586187,4.407051046484735,0.15323323584584025,4,32.68272807953504,6,4.178350462677099,0.3714998868688678,0.425548629579604
广西,CEG2000_f4_r0014_c0091,12,39.31191147407432,33.167463382346604,6.1444480917277176,0.1852552913346428,6,38.59594544396056,7,6.267525694015649,0.3714998868688678,0.425548629579604
广西,CEG2000_f4_r0014_c0092,1,40.96129012719478,,,,7,41.552554126173305,4,,0.2916272131804144,0.557499579691832
广西,CEG2000_f4_r0014_c0092,2,41.99102634146486,40.96129012719478,1.0297362142700806,0.025139252476484478,7,41.552554126173305,4,0.0,0.2916272131804144,0.557499579691832
广西,CEG2000_f4_r0014_c0092,3,42.008483297478186,41.99102634146486,0.01745695601332642,0.00041573063424001636,7,41.552554126173305,4,0.0,0.2916272131804144,0.557499579691832
广西,CEG2000_f4_r0014_c0092,4,34.0591208761002,42.008483297478186,-7.949362421377984,-0.18923231208052665,4,32.68272807953504,0,-8.3567009253542,0.2916272131804144,0.557499579691832
广西,CEG2000_f4_r0014_c0092,5,28.31602326721646,34.0591208761002,-5.743097608883744,-0.16862142830332894,3,29.72611939732228,1,-6.267525694015651,0.2916272131804144,0.557499579691832
广西,CEG2000_f4_r0014_c0092,6,23.58411097818612,28.31602326721646,-4.731912289030337,-0.16711076426147806,1,23.812902032896766,2,-4.1783504626771,0.2916272131804144,0.557499579691832
广西,CEG2000_f4_r0014_c0092,7,23.76444243896994,23.58411097818612,0.1803314607838189,0.007646311576069779,1,23.812902032896766,4,0.0,0.2916272131804144,0.557499579691832
广西,CEG2000_f4_r0014_c0092,8,28.037289132772028,23.76444243896994,4.272846693802087,0.17979999761304274,2,26.769510715109526,6,4.178350462677099,0.2916272131804144,0.557499579691832
广西,CEG2000_f4_r0014_c0092,9,33.48804271197858,28.037289132772028,5.450753579206552,0.19441086309714992,4,32.68272807953504,7,6.267525694015649,0.2916272131804144,0.557499579691832
广西,CEG2000_f4_r0014_c0092,10,31.08396945727087,33.48804271197858,-2.4040732547077077,-0.07178900467204007,3,29.72611939732228,3,-2.0891752313385505,0.2916272131804144,0.557499579691832
广西,CEG2000_f4_r0014_c0092,11,35.26007010352829,31.08396945727087,4.176100646257421,0.13434901395068083,5,35.6393367617478,6,4.178350462677099,0.2916272131804144,0.557499579691832
广西,CEG2000_f4_r0014_c0092,12,41.56055766292589,35.26007010352829,6.300487559397595,0.17868618924745525,7,41.552554126173305,7,6.267525694015649,0.2916272131804144,0.557499579691832
广西,CEG2000_f4_r0014_c0093,1,41.29319158255994,,,,7,41.552554126173305,4,,0.2394708117802078,0.6723357344801404
广西,CEG2000_f4_r0014_c0093,2,41.40199149584532,41.29319158255994,0.10879991328538097,0.002634814823355342,7,41.552554126173305,4,0.0,0.2394708117802078,0.6723357344801404
广西,CEG2000_f4_r0014_c0093,3,41.30326729559533,41.40199149584532,-0.09872420024998974,-0.0023845278133516035,7,41.552554126173305,4,0.0,0.2394708117802078,0.6723357344801404
广西,CEG2000_f4_r0014_c0093,4,33.67626863312968,41.30326729559533,-7.6269986624656525,-0.18465848253314845,4,32.68272807953504,0,-8.3567009253542,0.2394708117802078,0.6723357344801404
广西,CEG2000_f4_r0014_c0093,5,28.854220316966934,33.67626863312968,-4.822048316162746,-0.1431883196055445,3,29.72611939732228,2,-4.1783504626771,0.2394708117802078,0.6723357344801404
广西,CEG2000_f4_r0014_c0093,6,23.912688802222867,28.854220316966934,-4.941531514744067,-0.17125853550921752,1,23.812902032896766,2,-4.1783504626771,0.2394708117802078,0.6723357344801404
广西,CEG2000_f4_r0014_c0093,7,23.784513861668156,23.912688802222867,-0.12817494055471101,-0.005360122469489762,1,23.812902032896766,4,0.0,0.2394708117802078,0.6723357344801404
广西,CEG2000_f4_r0014_c0093,8,28.4744383307592,23.784513861668156,4.689924469091043,0.197183953238139,3,29.72611939732228,6,4.178350462677099,0.2394708117802078,0.6723357344801404
广西,CEG2000_f4_r0014_c0093,9,33.68923942721819,28.4744383307592,5.2148010964589915,0.1831397352208967,4,32.68272807953504,6,4.178350462677099,0.2394708117802078,0.6723357344801404
广西,CEG2000_f4_r0014_c0093,10,29.943188560049386,33.68923942721819,-3.7460508671688046,-0.11119428431329612,3,29.72611939732228,2,-4.1783504626771,0.2394708117802078,0.6723357344801404
广西,CEG2000_f4_r0014_c0093,11,33.99193426786838,29.943188560049386,4.048745707818995,0.1352142474639754,4,32.68272807953504,6,4.178350462677099,0.2394708117802078,0.6723357344801404
广西,CEG2000_f4_r0014_c0093,12,39.91516404326677,33.99193426786838,5.92322977539839,0.174253978273824,6,38.59594544396056,7,6.267525694015649,0.2394708117802078,0.6723357344801404
广西,CEG2000_f4_r0014_c0094,1,41.0815563700064,,,,7,41.552554126173305,4,,0.2029202832882771,0.8398868304797791
广西,CEG2000_f4_r0014_c0094,2,41.724544838216715,41.0815563700064,0.6429884682103122,0.015651511895487906,7,41.552554126173305,4,0.0,0.2029202832882771,0.8398868304797791
广西,CEG2000_f4_r0014_c0094,3,41.54053076789081,41.724544838216715,-0.1840140703259081,-0.004410211568260519,7,41.552554126173305,4,0.0,0.2029202832882771,0.8398868304797791
广西,CEG2000_f4_r0014_c0094,4,33.65606792249649,41.54053076789081,-7.884462845394317,-0.18980168764450878,4,32.68272807953504,0,-8.3567009253542,0.2029202832882771,0.8398868304797791
广西,CEG2000_f4_r0014_c0094,5,29.35002524206626,33.65606792249649,-4.306042680430231,-0.12794253595952523,3,29.72611939732228,2,-4.1783504626771,0.2029202832882771,0.8398868304797791
广西,CEG2000_f4_r0014_c0094,6,24.155376468019195,29.35002524206626,-5.194648774047064,-0.17698958454733368,1,23.812902032896766,2,-4.1783504626771,0.2029202832882771,0.8398868304797791
广西,CEG2000_f4_r0014_c0094,7,24.17121852307131,24.155376468019195,0.015842055052115,0.0006558397081117441,1,23.812902032896766,4,0.0,0.2029202832882771,0.8398868304797791
广西,CEG2000_f4_r0014_c0094,8,28.82176027709107,24.17121852307131,4.650541754019759,0.19239997146113422,3,29.72611939732228,6,4.178350462677099,0.2029202832882771,0.8398868304797791
广西,CEG2000_f4_r0014_c0094,9,34.37561316841461,28.82176027709107,5.55385289132354,0.19269651950224606,5,35.6393367617478,7,6.267525694015649,0.2029202832882771,0.8398868304797791
广西,CEG2000_f4_r0014_c0094,10,30.63933976220791,34.37561316841461,-3.736273406206699,-0.10868965123332561,3,29.72611939732228,2,-4.1783504626771,0.2029202832882771,0.8398868304797791
广西,CEG2000_f4_r0014_c0094,11,33.53029264292755,30.63933976220791,2.890952880719638,0.09435428123309247,4,32.68272807953504,5,2.08917523133855,0.2029202832882771,0.8398868304797791
广西,CEG2000_f4_r0014_c0094,12,39.89839648969512,33.53029264292755,6.368103846767575,0.18992091463629923,6,38.59594544396056,7,6.267525694015649,0.2029202832882771,0.8398868304797791
广西,CEG2000_f4_r0014_c0095,1,40.88810103095099,,,,7,41.552554126173305,4,,0.1789262274261221,0.955479946304855
广西,CEG2000_f4_r0014_c0095,2,41.8297370862397,40.88810103095099,0.9416360552887113,0.023029586396685987,7,41.552554126173305,4,0.0,0.1789262274261221,0.955479946304855
广西,CEG2000_f4_r0014_c0095,3,42.534318486971586,41.8297370862397,0.7045814007318825,0.016844031299533588,7,41.552554126173305,4,0.0,0.1789262274261221,0.955479946304855
广西,CEG2000_f4_r0014_c0095,4,34.90319282630681,42.534318486971586,-7.631125660664779,-0.17941102460598304,5,35.6393367617478,0,-8.3567009253542,0.1789262274261221,0.955479946304855
广西,CEG2000_f4_r0014_c0095,5,30.98615466286071,34.90319282630681,-3.9170381634460973,-0.11222578355335433,3,29.72611939732228,2,-4.1783504626771,0.1789262274261221,0.955479946304855
广西,CEG2000_f4_r0014_c0095,6,24.613284657667045,30.98615466286071,-6.372870005193665,-0.20566830813737724,1,23.812902032896766,1,-6.267525694015651,0.1789262274261221,0.955479946304855
广西,CEG2000_f4_r0014_c0095,7,25.01213415829436,24.613284657667045,0.39884950062731406,0.016204643393789065,1,23.812902032896766,4,0.0,0.1789262274261221,0.955479946304855
广西,CEG2000_f4_r0014_c0095,8,28.447480411212435,25.01213415829436,3.4353462529180767,0.13734718641667248,3,29.72611939732228,6,4.178350462677099,0.1789262274261221,0.955479946304855
广西,CEG2000_f4_r0014_c0095,9,34.83964694993569,28.447480411212435,6.392166538723256,0.22470062185907383,5,35.6393367617478,7,6.267525694015649,0.1789262274261221,0.955479946304855
广西,CEG2000_f4_r0014_c0095,10,32.01060368945782,34.83964694993569,-2.8290432604778744,-0.08120183492511242,4,32.68272807953504,3,-2.0891752313385505,0.1789262274261221,0.955479946304855
广西,CEG2000_f4_r0014_c0095,11,33.59595020790762,32.01060368945782,1.5853465184498035,0.04952566761406978,4,32.68272807953504,5,2.08917523133855,0.1789262274261221,0.955479946304855
广西,CEG2000_f4_r0014_c0095,12,40.11548783912804,33.59595020790762,6.519537631220423,0.19405724770022703,7,41.552554126173305,7,6.267525694015649,0.1789262274261221,0.955479946304855
广西,CEG2000_f4_r0015_c0077,1,37.97455190984899,,,,6,38.59594544396056,4,,2.8989804769983283,0.9761622741967346
广西,CEG2000_f4_r0015_c0077,2,34.52426379395325,37.97455190984899,-3.450288115895738,-0.09085790199938816,5,35.6393367617478,2,-4.1783504626771,2.8989804769983283,0.9761622741967346
广西,CEG2000_f4_r0015_c0077,3,37.34657698044562,34.52426379395325,2.822313186492366,0.08174868560084052,6,38.59594544396056,5,2.08917523133855,2.8989804769983283,0.9761622741967346
广西,CEG2000_f4_r0015_c0077,4,34.161648303981494,37.34657698044562,-3.184928676464125,-0.08528033715464015,5,35.6393367617478,2,-4.1783504626771,2.8989804769983283,0.9761622741967346
广西,CEG2000_f4_r0015_c0077,5,25.88907150482187,34.161648303981494,-8.272576799159623,-0.2421597671619219,2,26.769510715109526,0,-8.3567009253542,2.8989804769983283,0.9761622741967346
广西,CEG2000_f4_r0015_c0077,6,19.791767433268895,25.88907150482187,-6.097304071552976,-0.23551652172683543,0,20.856293350684005,1,-6.267525694015651,2.8989804769983283,0.9761622741967346
广西,CEG2000_f4_r0015_c0077,7,20.27943426199345,19.791767433268895,0.48766682872455647,0.024639882737547473,0,20.856293350684005,4,0.0,2.8989804769983283,0.9761622741967346
广西,CEG2000_f4_r0015_c0077,8,24.024241112381283,20.27943426199345,3.744806850387832,0.18466032148668632,1,23.812902032896766,6,4.178350462677099,2.8989804769983283,0.9761622741967346
广西,CEG2000_f4_r0015_c0077,9,25.53780680764242,24.024241112381283,1.5135656952611356,0.06300160276368084,2,26.769510715109526,5,2.08917523133855,2.8989804769983283,0.9761622741967346
广西,CEG2000_f4_r0015_c0077,10,23.609390127720527,25.53780680764242,-1.9284166799218916,-0.07551222759445402,1,23.812902032896766,3,-2.0891752313385505,2.8989804769983283,0.9761622741967346
广西,CEG2000_f4_r0015_c0077,11,30.93460106920344,23.609390127720527,7.325210941482911,0.3102668430592856,3,29.72611939732228,8,8.3567009253542,2.8989804769983283,0.9761622741967346
广西,CEG2000_f4_r0015_c0077,12,33.113187419913686,30.93460106920344,2.1785863507102476,0.07042555182258718,4,32.68272807953504,5,2.08917523133855,2.8989804769983283,0.9761622741967346
广西,CEG2000_f4_r0015_c0078,1,38.00702745266493,,,,6,38.59594544396056,4,,2.8850296330568796,0.8873881876080241
广西,CEG2000_f4_r0015_c0078,2,37.543889390661946,38.00702745266493,-0.463138062002983,-0.012185590219592648,6,38.59594544396056,4,0.0,2.8850296330568796,0.8873881876080241
广西,CEG2000_f4_r0015_c0078,3,35.85450688676395,37.543889390661946,-1.6893825038979955,-0.04499753571930629,5,35.6393367617478,3,-2.0891752313385505,2.8850296330568796,0.8873881876080241
广西,CEG2000_f4_r0015_c0078,4,32.55582997857287,35.85450688676395,-3.2986769081910765,-0.09200173686976061,4,32.68272807953504,2,-4.1783504626771,2.8850296330568796,0.8873881876080241
广西,CEG2000_f4_r0015_c0078,5,24.888000403705444,32.55582997857287,-7.667829574867429,-0.23552861591653879,1,23.812902032896766,0,-8.3567009253542,2.8850296330568796,0.8873881876080241
广西,CEG2000_f4_r0015_c0078,6,18.972415634991364,24.888000403705444,-5.91558476871408,-0.23768823018153518,0,20.856293350684005,1,-6.267525694015651,2.8850296330568796,0.8873881876080241
广西,CEG2000_f4_r0015_c0078,7,19.671035350144756,18.972415634991364,0.6986197151533915,0.03682291852519335,0,20.856293350684005,4,0.0,2.8850296330568796,0.8873881876080241
广西,CEG2000_f4_r0015_c0078,8,23.290982898737347,19.671035350144756,3.6199475485925916,0.18402425109596243,1,23.812902032896766,6,4.178350462677099,2.8850296330568796,0.8873881876080241
广西,CEG2000_f4_r0015_c0078,9,24.709398153362525,23.290982898737347,1.4184152546251774,0.060899759395816336,1,23.812902032896766,5,2.08917523133855,2.8850296330568796,0.8873881876080241
广西,CEG2000_f4_r0015_c0078,10,23.3210260656069,24.709398153362525,-1.3883720877556236,-0.056188017172190415,1,23.812902032896766,3,-2.0891752313385505,2.8850296330568796,0.8873881876080241
广西,CEG2000_f4_r0015_c0078,11,30.16051052782568,23.3210260656069,6.839484462218778,0.29327545207393035,3,29.72611939732228,7,6.267525694015649,2.8850296330568796,0.8873881876080241
广西,CEG2000_f4_r0015_c0078,12,33.07033735118863,30.16051052782568,2.9098268233629483,0.09647803609552237,4,32.68272807953504,5,2.08917523133855,2.8850296330568796,0.8873881876080241
广西,CEG2000_f4_r0015_c0079,1,38.30604551054209,,,,6,38.59594544396056,4,,2.870766425592771,0.7949645759685818
广西,CEG2000_f4_r0015_c0079,2,38.02238065739227,38.30604551054209,-0.2836648531498227,-0.007405224145931643,6,38.59594544396056,4,0.0,2.870766425592771,0.7949645759685818
广西,CEG2000_f4_r0015_c0079,3,34.99995045368666,38.02238065739227,-3.0224302037056106,-0.07949081965539664,5,35.6393367617478,3,-2.0891752313385505,2.870766425592771,0.7949645759685818
广西,CEG2000_f4_r0015_c0079,4,32.26580242216104,34.99995045368666,-2.7341480315256206,-0.07811862577187231,4,32.68272807953504,3,-2.0891752313385505,2.870766425592771,0.7949645759685818
广西,CEG2000_f4_r0015_c0079,5,24.27508456548212,32.26580242216104,-7.990717856678916,-0.24765284780863445,1,23.812902032896766,0,-8.3567009253542,2.870766425592771,0.7949645759685818
广西,CEG2000_f4_r0015_c0079,6,18.966117925435015,24.27508456548212,-5.308966640047107,-0.21870023256669413,0,20.856293350684005,1,-6.267525694015651,2.870766425592771,0.7949645759685818
广西,CEG2000_f4_r0015_c0079,7,19.44323866220452,18.966117925435015,0.47712073676950695,0.025156478444629492,0,20.856293350684005,4,0.0,2.870766425592771,0.7949645759685818
广西,CEG2000_f4_r0015_c0079,8,22.876764805070337,19.44323866220452,3.4335261428658157,0.17659229527127113,1,23.812902032896766,6,4.178350462677099,2.870766425592771,0.7949645759685818
广西,CEG2000_f4_r0015_c0079,9,24.59295668329589,22.876764805070337,1.7161918782255512,0.0750189938502659,1,23.812902032896766,5,2.08917523133855,2.870766425592771,0.7949645759685818
广西,CEG2000_f4_r0015_c0079,10,22.924959964407776,24.59295668329589,-1.6679967188881122,-0.06782416365662347,1,23.812902032896766,3,-2.0891752313385505,2.870766425592771,0.7949645759685818
广西,CEG2000_f4_r0015_c0079,11,30.333088042031097,22.924959964407776,7.408128077623321,0.32314682726272304,3,29.72611939732228,8,8.3567009253542,2.870766425592771,0.7949645759685818
广西,CEG2000_f4_r0015_c0079,12,33.61921067634383,30.333088042031097,3.2861226343127363,0.10833458926962249,4,32.68272807953504,6,4.178350462677099,2.870766425592771,0.7949645759685818
广西,CEG2000_f4_r0015_c0080,1,39.662793295411554,,,,6,38.59594544396056,4,,2.8373619482035175,0.7728280426717611
广西,CEG2000_f4_r0015_c0080,2,40.5137635129109,39.662793295411554,0.850970217499345,0.0214551257436977,7,41.552554126173305,4,0.0,2.8373619482035175,0.7728280426717611
广西,CEG2000_f4_r0015_c0080,3,35.032060937071876,40.5137635129109,-5.481702575839023,-0.13530469895970335,5,35.6393367617478,1,-6.267525694015651,2.8373619482035175,0.7728280426717611
广西,CEG2000_f4_r0015_c0080,4,33.18535766309928,35.032060937071876,-1.8467032739725937,-0.05271466264259555,4,32.68272807953504,3,-2.0891752313385505,2.8373619482035175,0.7728280426717611
广西,CEG2000_f4_r0015_c0080,5,25.05411728882481,33.18535766309928,-8.131240374274473,-0.24502494313376255,1,23.812902032896766,0,-8.3567009253542,2.8373619482035175,0.7728280426717611
广西,CEG2000_f4_r0015_c0080,6,19.425267093736178,25.05411728882481,-5.628850195088631,-0.22466767159261825,0,20.856293350684005,1,-6.267525694015651,2.8373619482035175,0.7728280426717611
广西,CEG2000_f4_r0015_c0080,7,19.63860937821669,19.425267093736178,0.21334228448051107,0.010982720775525649,0,20.856293350684005,4,0.0,2.8373619482035175,0.7728280426717611
广西,CEG2000_f4_r0015_c0080,8,24.22110204961222,19.63860937821669,4.582492671395531,0.23334099595048063,1,23.812902032896766,6,4.178350462677099,2.8373619482035175,0.7728280426717611
广西,CEG2000_f4_r0015_c0080,9,26.363477588241132,24.22110204961222,2.1423755386289116,0.08845078701376476,2,26.769510715109526,5,2.08917523133855,2.8373619482035175,0.7728280426717611
广西,CEG2000_f4_r0015_c0080,10,23.789099694212787,26.363477588241132,-2.574377894028345,-0.09764940476504477,1,23.812902032896766,3,-2.0891752313385505,2.8373619482035175,0.7728280426717611
广西,CEG2000_f4_r0015_c0080,11,30.910946780817252,23.789099694212787,7.121847086604465,0.2993743848295784,3,29.72611939732228,7,6.267525694015649,2.8373619482035175,0.7728280426717611
广西,CEG2000_f4_r0015_c0080,12,35.44503240649319,30.910946780817252,4.534085625675939,0.14668219831071969,5,35.6393367617478,6,4.178350462677099,2.8373619482035175,0.7728280426717611
广西,CEG2000_f4_r0015_c0081,1,39.67848217091188,,,,6,38.59594544396056,4,,2.794933766721382,0.7021925185277562
广西,CEG2000_f4_r0015_c0081,2,40.23741921855444,39.67848217091188,0.5589370476425657,0.014086653951000172,7,41.552554126173305,4,0.0,2.794933766721382,0.7021925185277562
广西,CEG2000_f4_r0015_c0081,3,35.10832362697754,40.23741921855444,-5.129095591576906,-0.12747078940917156,5,35.6393367617478,2,-4.1783504626771,2.794933766721382,0.7021925185277562
广西,CEG2000_f4_r0015_c0081,4,33.29578853224654,35.10832362697754,-1.8125350947309968,-0.0516269336579269,4,32.68272807953504,3,-2.0891752313385505,2.794933766721382,0.7021925185277562
广西,CEG2000_f4_r0015_c0081,5,25.11657163449558,33.29578853224654,-8.179216897750962,-0.2456531969449979,1,23.812902032896766,0,-8.3567009253542,2.794933766721382,0.7021925185277562
广西,CEG2000_f4_r0015_c0081,6,18.709917870968685,25.11657163449558,-6.406653763526894,-0.2550767619386347,0,20.856293350684005,1,-6.267525694015651,2.794933766721382,0.7021925185277562
广西,CEG2000_f4_r0015_c0081,7,19.22926432707295,18.709917870968685,0.519346456104266,0.02775781591805445,0,20.856293350684005,4,0.0,2.794933766721382,0.7021925185277562
广西,CEG2000_f4_r0015_c0081,8,24.333264831730276,19.22926432707295,5.104000504657325,0.26542879737065056,1,23.812902032896766,6,4.178350462677099,2.794933766721382,0.7021925185277562
广西,CEG2000_f4_r0015_c0081,9,26.46507465730759,24.333264831730276,2.1318098255773137,0.08760886959967082,2,26.769510715109526,5,2.08917523133855,2.794933766721382,0.7021925185277562
广西,CEG2000_f4_r0015_c0081,10,24.05665079233558,26.46507465730759,-2.4084238649720078,-0.09100385682482814,1,23.812902032896766,3,-2.0891752313385505,2.794933766721382,0.7021925185277562
广西,CEG2000_f4_r0015_c0081,11,30.420887352846993,24.05665079233558,6.3642365605114115,0.2645520615254992,3,29.72611939732228,7,6.267525694015649,2.794933766721382,0.7021925185277562
广西,CEG2000_f4_r0015_c0081,12,35.69875816340331,30.420887352846993,5.277870810556319,0.17349496578910215,5,35.6393367617478,7,6.267525694015649,2.794933766721382,0.7021925185277562
广西,CEG2000_f4_r0015_c0082,1,37.461896105014866,,,,6,38.59594544396056,4,,2.7394927846029766,0.8092584835726226
广西,CEG2000_f4_r0015_c0082,2,37.8275238300481,37.461896105014866,0.36562772503323515,0.009759989830954928,6,38.59594544396056,4,0.0,2.7394927846029766,0.8092584835726226
广西,CEG2000_f4_r0015_c0082,3,33.99012872883037,37.8275238300481,-3.83739510121773,-0.10144452273583698,4,32.68272807953504,2,-4.1783504626771,2.7394927846029766,0.8092584835726226
广西,CEG2000_f4_r0015_c0082,4,31.13417402724815,33.99012872883037,-2.8559547015822204,-0.08402306223570741,3,29.72611939732228,3,-2.0891752313385505,2.7394927846029766,0.8092584835726226
广西,CEG2000_f4_r0015_c0082,5,24.187217975523325,31.13417402724815,-6.946956051724825,-0.22312960818054645,1,23.812902032896766,1,-6.267525694015651,2.7394927846029766,0.8092584835726226
广西,CEG2000_f4_r0015_c0082,6,18.418061871172675,24.187217975523325,-5.76915610435065,-0.23852086296939348,0,20.856293350684005,1,-6.267525694015651,2.7394927846029766,0.8092584835726226
广西,CEG2000_f4_r0015_c0082,7,19.69575376941612,18.418061871172675,1.2776918982434466,0.06937168021154531,0,20.856293350684005,5,2.08917523133855,2.7394927846029766,0.8092584835726226
广西,CEG2000_f4_r0015_c0082,8,23.7205052129762,19.69575376941612,4.024751443560078,0.20434614946343285,1,23.812902032896766,6,4.178350462677099,2.7394927846029766,0.8092584835726226
广西,CEG2000_f4_r0015_c0082,9,25.854298560674724,23.7205052129762,2.133793347698525,0.08995564506489695,2,26.769510715109526,5,2.08917523133855,2.7394927846029766,0.8092584835726226
广西,CEG2000_f4_r0015_c0082,10,23.37874486304926,25.854298560674724,-2.4755536976254646,-0.09575017832395835,1,23.812902032896766,3,-2.0891752313385505,2.7394927846029766,0.8092584835726226
广西,CEG2000_f4_r0015_c0082,11,28.833131533715196,23.37874486304926,5.4543866706659365,0.23330536787228226,3,29.72611939732228,7,6.267525694015649,2.7394927846029766,0.8092584835726226
广西,CEG2000_f4_r0015_c0082,12,33.8835616589178,28.833131533715196,5.0504301252026025,0.17516065222735264,4,32.68272807953504,6,4.178350462677099,2.7394927846029766,0.8092584835726226
广西,CEG2000_f4_r0015_c0083,1,37.62192405550997,,,,6,38.59594544396056,4,,2.6645348863484313,0.6915887260320683
广西,CEG2000_f4_r0015_c0083,2,39.51745805040428,37.62192405550997,1.8955339948943077,0.050383760067600654,6,38.59594544396056,5,2.08917523133855,2.6645348863484313,0.6915887260320683
广西,CEG2000_f4_r0015_c0083,3,35.225782417443114,39.51745805040428,-4.291675632961166,-0.10860201654385662,5,35.6393367617478,2,-4.1783504626771,2.6645348863484313,0.6915887260320683
广西,CEG2000_f4_r0015_c0083,4,32.618802969878274,35.225782417443114,-2.6069794475648393,-0.0740077088046145,4,32.68272807953504,3,-2.0891752313385505,2.6645348863484313,0.6915887260320683
广西,CEG2000_f4_r0015_c0083,5,24.94541502398288,32.618802969878274,-7.673387945895396,-0.2352443145440181,1,23.812902032896766,0,-8.3567009253542,2.6645348863484313,0.6915887260320683
广西,CEG2000_f4_r0015_c0083,6,20.25136264319129,24.94541502398288,-4.6940523807915895,-0.1881729518742687,0,20.856293350684005,2,-4.1783504626771,2.6645348863484313,0.6915887260320683
广西,CEG2000_f4_r0015_c0083,7,20.476867564536047,20.25136264319129,0.22550492134475775,0.011135296193047768,0,20.856293350684005,4,0.0,2.6645348863484313,0.6915887260320683
广西,CEG2000_f4_r0015_c0083,8,24.83220674364857,20.476867564536047,4.355339179112523,0.2126955778458786,1,23.812902032896766,6,4.178350462677099,2.6645348863484313,0.6915887260320683
广西,CEG2000_f4_r0015_c0083,9,27.46686871144694,24.83220674364857,2.634661967798369,0.10609858378664823,2,26.769510715109526,5,2.08917523133855,2.6645348863484313,0.6915887260320683
广西,CEG2000_f4_r0015_c0083,10,24.699978416840526,27.46686871144694,-2.7668902946064122,-0.10073555612305012,1,23.812902032896766,3,-2.0891752313385505,2.6645348863484313,0.6915887260320683
广西,CEG2000_f4_r0015_c0083,11,28.546546039760234,24.699978416840526,3.846567622919707,0.15573161878947656,3,29.72611939732228,6,4.178350462677099,2.6645348863484313,0.6915887260320683
广西,CEG2000_f4_r0015_c0083,12,36.37962749588131,28.546546039760234,7.833081456121075,0.2743968200289798,5,35.6393367617478,8,8.3567009253542,2.6645348863484313,0.6915887260320683
广西,CEG2000_f4_r0015_c0084,1,38.42911056015163,,,,6,38.59594544396056,4,,2.559067625067191,0.6124113225511562
广西,CEG2000_f4_r0015_c0084,2,39.7631212908768,38.42911056015163,1.3340107307251756,0.03471354687319914,6,38.59594544396056,5,2.08917523133855,2.559067625067191,0.6124113225511562
广西,CEG2000_f4_r0015_c0084,3,38.64708047844899,39.7631212908768,-1.116040812427812,-0.02806723356206634,6,38.59594544396056,3,-2.0891752313385505,2.559067625067191,0.6124113225511562
广西,CEG2000_f4_r0015_c0084,4,34.172215688764446,38.64708047844899,-4.4748647896845455,-0.1157879129363961,5,35.6393367617478,2,-4.1783504626771,2.559067625067191,0.6124113225511562
广西,CEG2000_f4_r0015_c0084,5,26.601643380215663,34.172215688764446,-7.570572308548783,-0.2215417454197425,2,26.769510715109526,0,-8.3567009253542,2.559067625067191,0.6124113225511562
广西,CEG2000_f4_r0015_c0084,6,21.44111954510415,26.601643380215663,-5.160523835111512,-0.19399267035319812,0,20.856293350684005,2,-4.1783504626771,2.559067625067191,0.6124113225511562
广西,CEG2000_f4_r0015_c0084,7,21.86231730711054,21.44111954510415,0.4211977620063898,0.019644392221233885,0,20.856293350684005,4,0.0,2.559067625067191,0.6124113225511562
广西,CEG2000_f4_r0015_c0084,8,25.954594441183666,21.86231730711054,4.092277134073125,0.1871840517446952,2,26.769510715109526,6,4.178350462677099,2.559067625067191,0.6124113225511562
广西,CEG2000_f4_r0015_c0084,9,29.29454705644621,25.954594441183666,3.3399526152625434,0.12868444632534293,3,29.72611939732228,6,4.178350462677099,2.559067625067191,0.6124113225511562
广西,CEG2000_f4_r0015_c0084,10,26.31443803223164,29.29454705644621,-2.9801090242145705,-0.10172913813865585,2,26.769510715109526,3,-2.0891752313385505,2.559067625067191,0.6124113225511562
广西,CEG2000_f4_r0015_c0084,11,29.48630047609819,26.31443803223164,3.1718624438665515,0.12053696301556764,3,29.72611939732228,6,4.178350462677099,2.559067625067191,0.6124113225511562
广西,CEG2000_f4_r0015_c0084,12,38.59032304435245,29.48630047609819,9.104022568254262,0.3087543171322577,6,38.59594544396056,8,8.3567009253542,2.559067625067191,0.6124113225511562
广西,CEG2000_f4_r0015_c0085,1,39.18613849151543,,,,6,38.59594544396056,4,,2.404321526784689,0.5518754738172013
广西,CEG2000_f4_r0015_c0085,2,40.47311648753105,39.18613849151543,1.2869779960156222,0.03284268482576507,7,41.552554126173305,5,2.08917523133855,2.404321526784689,0.5518754738172013
广西,CEG2000_f4_r0015_c0085,3,39.55989432946534,40.47311648753105,-0.9132221580657145,-0.02256367281098948,6,38.59594544396056,4,0.0,2.404321526784689,0.5518754738172013
广西,CEG2000_f4_r0015_c0085,4,34.594239963079445,39.55989432946534,-4.965654366385891,-0.1255224375735334,5,35.6393367617478,2,-4.1783504626771,2.404321526784689,0.5518754738172013
广西,CEG2000_f4_r0015_c0085,5,27.32776087996795,34.594239963079445,-7.266479083111495,-0.2100488142207088,2,26.769510715109526,1,-6.267525694015651,2.404321526784689,0.5518754738172013
广西,CEG2000_f4_r0015_c0085,6,22.26074624379036,27.32776087996795,-5.067014636177589,-0.18541638513427786,0,20.856293350684005,2,-4.1783504626771,2.404321526784689,0.5518754738172013
广西,CEG2000_f4_r0015_c0085,7,23.553646953633663,22.26074624379036,1.2929007098433019,0.0580798458274487,1,23.812902032896766,5,2.08917523133855,2.404321526784689,0.5518754738172013
广西,CEG2000_f4_r0015_c0085,8,26.16964720047573,23.553646953633663,2.6160002468420664,0.11106561340550668,2,26.769510715109526,5,2.08917523133855,2.404321526784689,0.5518754738172013
广西,CEG2000_f4_r0015_c0085,9,30.479183163071845,26.16964720047573,4.309535962596115,0.16467688423853774,3,29.72611939732228,6,4.178350462677099,2.404321526784689,0.5518754738172013
广西,CEG2000_f4_r0015_c0085,10,27.55884030666377,30.479183163071845,-2.920342856408073,-0.09581434124344644,2,26.769510715109526,3,-2.0891752313385505,2.404321526784689,0.5518754738172013
广西,CEG2000_f4_r0015_c0085,11,30.934695274476688,27.55884030666377,3.3758549678129164,0.12249626363982483,3,29.72611939732228,6,4.178350462677099,2.404321526784689,0.5518754738172013
广西,CEG2000_f4_r0015_c0085,12,39.61660410518178,30.934695274476688,8.68190883070509,0.2806527995078807,6,38.59594544396056,8,8.3567009253542,2.404321526784689,0.5518754738172013
广西,CEG2000_f4_r0015_c0086,1,41.69693228285601,,,,7,41.552554126173305,4,,2.1710136152366064,0.5482546758104767
广西,CEG2000_f4_r0015_c0086,2,42.94626990344528,41.69693228285601,1.249337620589266,0.029962339006482257,7,41.552554126173305,5,2.08917523133855,2.1710136152366064,0.5482546758104767
广西,CEG2000_f4_r0015_c0086,3,43.90689320920619,42.94626990344528,0.9606233057609117,0.022368026557851247,8,44.509162808386066,4,0.0,2.1710136152366064,0.5482546758104767
广西,CEG2000_f4_r0015_c0086,4,37.15942480851915,43.90689320920619,-6.7474684006870405,-0.15367674429928155,6,38.59594544396056,1,-6.267525694015651,2.1710136152366064,0.5482546758104767
广西,CEG2000_f4_r0015_c0086,5,29.46458855218787,37.15942480851915,-7.694836256331278,-0.20707630153002704,3,29.72611939732228,0,-8.3567009253542,2.1710136152366064,0.5482546758104767
广西,CEG2000_f4_r0015_c0086,6,24.28695758401799,29.46458855218787,-5.177630968169879,-0.1757238509880844,1,23.812902032896766,2,-4.1783504626771,2.1710136152366064,0.5482546758104767
广西,CEG2000_f4_r0015_c0086,7,26.13609261143149,24.28695758401799,1.8491350274134994,0.07613695626620277,2,26.769510715109526,5,2.08917523133855,2.1710136152366064,0.5482546758104767
广西,CEG2000_f4_r0015_c0086,8,27.806763602675492,26.13609261143149,1.6706709912440019,0.0639219877309923,2,26.769510715109526,5,2.08917523133855,2.1710136152366064,0.5482546758104767
广西,CEG2000_f4_r0015_c0086,9,32.926755203031185,27.806763602675492,5.119991600355693,0.18412756239863387,4,32.68272807953504,6,4.178350462677099,2.1710136152366064,0.5482546758104767
广西,CEG2000_f4_r0015_c0086,10,30.56100691291269,32.926755203031185,-2.3657482901184963,-0.07184881338993006,3,29.72611939732228,3,-2.0891752313385505,2.1710136152366064,0.5482546758104767
广西,CEG2000_f4_r0015_c0086,11,34.3252507501567,30.56100691291269,3.7642438372440097,0.12317145989236156,5,35.6393367617478,6,4.178350462677099,2.1710136152366064,0.5482546758104767
广西,CEG2000_f4_r0015_c0086,12,43.98710270410609,34.3252507501567,9.661851953949395,0.28147942819923283,8,44.509162808386066,8,8.3567009253542,2.1710136152366064,0.5482546758104767
广西,CEG2000_f4_r0015_c0087,1,42.85879754476495,,,,7,41.552554126173305,4,,1.832371483545557,0.4675816675642303
广西,CEG2000_f4_r0015_c0087,2,42.86322206463346,42.85879754476495,0.004424519868514665,0.00010323481110017993,7,41.552554126173305,4,0.0,1.832371483545557,0.4675816675642303
广西,CEG2000_f4_r0015_c0087,3,43.797532297374886,42.86322206463346,0.9343102327414243,0.021797480164523743,8,44.509162808386066,4,0.0,1.832371483545557,0.4675816675642303
广西,CEG2000_f4_r0015_c0087,4,37.71721187182682,43.797532297374886,-6.0803204255480665,-0.13882792263874888,6,38.59594544396056,1,-6.267525694015651,1.832371483545557,0.4675816675642303
广西,CEG2000_f4_r0015_c0087,5,30.146201519750537,37.71721187182682,-7.571010352076282,-0.20073091239629806,3,29.72611939732228,0,-8.3567009253542,1.832371483545557,0.4675816675642303
广西,CEG2000_f4_r0015_c0087,6,24.788112561669045,30.146201519750537,-5.358088958081492,-0.1777367856633976,1,23.812902032896766,1,-6.267525694015651,1.832371483545557,0.4675816675642303
广西,CEG2000_f4_r0015_c0087,7,26.93994458037426,24.788112561669045,2.151832018705214,0.0868090304718354,2,26.769510715109526,5,2.08917523133855,1.832371483545557,0.4675816675642303
广西,CEG2000_f4_r0015_c0087,8,28.07410939308717,26.93994458037426,1.1341648127129105,0.04209974557776742,2,26.769510715109526,5,2.08917523133855,1.832371483545557,0.4675816675642303
广西,CEG2000_f4_r0015_c0087,9,33.861528269012595,28.07410939308717,5.787418875925425,0.20614790641766506,4,32.68272807953504,7,6.267525694015649,1.832371483545557,0.4675816675642303
广西,CEG2000_f4_r0015_c0087,10,30.610292580146073,33.861528269012595,-3.2512356888665224,-0.096015621711965,3,29.72611939732228,2,-4.1783504626771,1.832371483545557,0.4675816675642303
广西,CEG2000_f4_r0015_c0087,11,35.71972599601477,30.610292580146073,5.1094334158687005,0.16691880361779665,5,35.6393367617478,6,4.178350462677099,1.832371483545557,0.4675816675642303
广西,CEG2000_f4_r0015_c0087,12,45.121257680402266,35.71972599601477,9.401531684387493,0.2632027940370096,8,44.509162808386066,8,8.3567009253542,1.832371483545557,0.4675816675642303
广西,CEG2000_f4_r0015_c0088,1,41.66971074760867,,,,7,41.552554126173305,4,,1.4228487827367455,0.417866342368165
广西,CEG2000_f4_r0015_c0088,2,40.2418181229902,41.66971074760867,-1.4278926246184653,-0.034266919520203505,7,41.552554126173305,3,-2.0891752313385505,1.4228487827367455,0.417866342368165
广西,CEG2000_f4_r0015_c0088,3,42.44294120497529,40.2418181229902,2.201123081985088,0.05469740644564922,7,41.552554126173305,5,2.08917523133855,1.4228487827367455,0.417866342368165
广西,CEG2000_f4_r0015_c0088,4,36.95870956190357,42.44294120497529,-5.484231643071723,-0.12921422237412813,5,35.6393367617478,1,-6.267525694015651,1.4228487827367455,0.417866342368165
广西,CEG2000_f4_r0015_c0088,5,30.624349433023472,36.95870956190357,-6.334360128880096,-0.1713901866154291,3,29.72611939732228,1,-6.267525694015651,1.4228487827367455,0.417866342368165
广西,CEG2000_f4_r0015_c0088,6,25.2035082704622,30.624349433023472,-5.4208411625612705,-0.17701081861075418,1,23.812902032896766,1,-6.267525694015651,1.4228487827367455,0.417866342368165
广西,CEG2000_f4_r0015_c0088,7,27.35800988401141,25.2035082704622,2.1545016135492077,0.08548419491560318,2,26.769510715109526,5,2.08917523133855,1.4228487827367455,0.417866342368165
广西,CEG2000_f4_r0015_c0088,8,28.318315274085208,27.35800988401141,0.960305390073799,0.035101434429812874,3,29.72611939732228,4,0.0,1.4228487827367455,0.417866342368165
广西,CEG2000_f4_r0015_c0088,9,34.8640032536194,28.318315274085208,6.545687979534193,0.23114680079589037,5,35.6393367617478,7,6.267525694015649,1.4228487827367455,0.417866342368165
广西,CEG2000_f4_r0015_c0088,10,30.009740361477306,34.8640032536194,-4.854262892142096,-0.13923423701029372,3,29.72611939732228,2,-4.1783504626771,1.4228487827367455,0.417866342368165
广西,CEG2000_f4_r0015_c0088,11,35.45894675753231,30.009740361477306,5.449206396055004,0.18158125763227206,5,35.6393367617478,7,6.267525694015649,1.4228487827367455,0.417866342368165
广西,CEG2000_f4_r0015_c0088,12,44.616582705497855,35.45894675753231,9.157635947965545,0.2582602357195014,8,44.509162808386066,8,8.3567009253542,1.4228487827367455,0.417866342368165
广西,CEG2000_f4_r0015_c0089,1,43.723177443251906,,,,8,44.509162808386066,4,,1.0559137107821577,0.3386592762777343
广西,CEG2000_f4_r0015_c0089,2,41.029945887010655,43.723177443251906,-2.693231556241251,-0.06159734295927562,7,41.552554126173305,3,-2.0891752313385505,1.0559137107821577,0.3386592762777343
广西,CEG2000_f4_r0015_c0089,3,43.66890857952366,41.029945887010655,2.6389626925130045,0.06431796668170729,8,44.509162808386066,5,2.08917523133855,1.0559137107821577,0.3386592762777343
广西,CEG2000_f4_r0015_c0089,4,38.591665704860766,43.66890857952366,-5.077242874662893,-0.11626676827557836,6,38.59594544396056,2,-4.1783504626771,1.0559137107821577,0.3386592762777343
广西,CEG2000_f4_r0015_c0089,5,32.73012003158649,38.591665704860766,-5.861545673274279,-0.15188630929024644,4,32.68272807953504,1,-6.267525694015651,1.0559137107821577,0.3386592762777343
广西,CEG2000_f4_r0015_c0089,6,26.601964539764023,32.73012003158649,-6.128155491822465,-0.18723290613992358,2,26.769510715109526,1,-6.267525694015651,1.0559137107821577,0.3386592762777343
广西,CEG2000_f4_r0015_c0089,7,28.900910410543514,26.601964539764023,2.298945870779491,0.08642015394551324,3,29.72611939732228,5,2.08917523133855,1.0559137107821577,0.3386592762777343
广西,CEG2000_f4_r0015_c0089,8,30.792813423782786,28.900910410543514,1.891903013239272,0.06546170990340414,3,29.72611939732228,5,2.08917523133855,1.0559137107821577,0.3386592762777343
广西,CEG2000_f4_r0015_c0089,9,37.86194148944242,30.792813423782786,7.069128065659637,0.22957071081396563,6,38.59594544396056,7,6.267525694015649,1.0559137107821577,0.3386592762777343
广西,CEG2000_f4_r0015_c0089,10,31.267211274491903,37.86194148944242,-6.59473021495052,-0.17417834256569809,4,32.68272807953504,1,-6.267525694015651,1.0559137107821577,0.3386592762777343
广西,CEG2000_f4_r0015_c0089,11,38.51684375469635,31.267211274491903,7.2496324802044505,0.23186053967399298,6,38.59594544396056,7,6.267525694015649,1.0559137107821577,0.3386592762777343
广西,CEG2000_f4_r0015_c0089,12,49.09524972579092,38.51684375469635,10.578405971094568,0.2746436348332603,8,44.509162808386066,8,8.3567009253542,1.0559137107821577,0.3386592762777343
广西,CEG2000_f4_r0015_c0090,1,42.254698173060795,,,,7,41.552554126173305,4,,0.7942088766708827,0.3890554088901293
广西,CEG2000_f4_r0015_c0090,2,39.11672657380731,42.254698173060795,-3.1379715992534827,-0.074263259115032,6,38.59594544396056,2,-4.1783504626771,0.7942088766708827,0.3890554088901293
广西,CEG2000_f4_r0015_c0090,3,41.37258540453152,39.11672657380731,2.2558588307242076,0.057669928654887445,7,41.552554126173305,5,2.08917523133855,0.7942088766708827,0.3890554088901293
广西,CEG2000_f4_r0015_c0090,4,37.197893867363405,41.37258540453152,-4.1746915371681155,-0.10090477779788119,6,38.59594544396056,2,-4.1783504626771,0.7942088766708827,0.3890554088901293
广西,CEG2000_f4_r0015_c0090,5,30.851061342244613,37.197893867363405,-6.346832525118792,-0.17062343765347854,3,29.72611939732228,1,-6.267525694015651,0.7942088766708827,0.3890554088901293
广西,CEG2000_f4_r0015_c0090,6,25.699480313175577,30.851061342244613,-5.151581029069035,-0.16698229509579085,2,26.769510715109526,2,-4.1783504626771,0.7942088766708827,0.3890554088901293
广西,CEG2000_f4_r0015_c0090,7,27.49318434396519,25.699480313175577,1.7937040307896126,0.0697953425100981,2,26.769510715109526,5,2.08917523133855,0.7942088766708827,0.3890554088901293
广西,CEG2000_f4_r0015_c0090,8,31.866242076543028,27.49318434396519,4.373057732577838,0.15905970286551158,4,32.68272807953504,6,4.178350462677099,0.7942088766708827,0.3890554088901293
广西,CEG2000_f4_r0015_c0090,9,37.68257009564661,31.866242076543028,5.816328019103583,0.1825231856687935,6,38.59594544396056,7,6.267525694015649,0.7942088766708827,0.3890554088901293
广西,CEG2000_f4_r0015_c0090,10,30.84339146968632,37.68257009564661,-6.83917862596029,-0.18149448428281187,3,29.72611939732228,1,-6.267525694015651,0.7942088766708827,0.3890554088901293
广西,CEG2000_f4_r0015_c0090,11,37.529375040215214,30.84339146968632,6.685983570528894,0.21677199723966967,6,38.59594544396056,7,6.267525694015649,0.7942088766708827,0.3890554088901293
广西,CEG2000_f4_r0015_c0090,12,46.71372548355408,37.529375040215214,9.184350443338865,0.24472431084976032,8,44.509162808386066,8,8.3567009253542,0.7942088766708827,0.3890554088901293
广西,CEG2000_f4_r0015_c0091,1,40.63836260227458,,,,7,41.552554126173305,4,,0.6204931519830537,0.6197027124926644
广西,CEG2000_f4_r0015_c0091,2,39.46920259765148,40.63836260227458,-1.1691600046231017,-0.02876986004740413,6,38.59594544396056,3,-2.0891752313385505,0.6204931519830537,0.6197027124926644
广西,CEG2000_f4_r0015_c0091,3,39.89912901792275,39.46920259765148,0.42992642027127204,0.010892706008123249,6,38.59594544396056,4,0.0,0.6204931519830537,0.6197027124926644
广西,CEG2000_f4_r0015_c0091,4,34.9321386948383,39.89912901792275,-4.9669903230844525,-0.12448869048878917,5,35.6393367617478,2,-4.1783504626771,0.6204931519830537,0.6197027124926644
广西,CEG2000_f4_r0015_c0091,5,28.92705645973095,34.9321386948383,-6.005082235107352,-0.1719070878415665,3,29.72611939732228,1,-6.267525694015651,0.6204931519830537,0.6197027124926644
广西,CEG2000_f4_r0015_c0091,6,24.284453086412142,28.92705645973095,-4.642603373318806,-0.16049345980921792,1,23.812902032896766,2,-4.1783504626771,0.6204931519830537,0.6197027124926644
广西,CEG2000_f4_r0015_c0091,7,25.130013026576425,24.284453086412142,0.8455599401642822,0.03481898221695581,1,23.812902032896766,4,0.0,0.6204931519830537,0.6197027124926644
广西,CEG2000_f4_r0015_c0091,8,29.917574218237537,25.130013026576425,4.787561191661112,0.19051168762220666,3,29.72611939732228,6,4.178350462677099,0.6204931519830537,0.6197027124926644
广西,CEG2000_f4_r0015_c0091,9,35.57018598816056,29.917574218237537,5.652611769923023,0.18893950855404687,5,35.6393367617478,7,6.267525694015649,0.6204931519830537,0.6197027124926644
广西,CEG2000_f4_r0015_c0091,10,28.82983601879744,35.57018598816056,-6.74034996936312,-0.1894943695713772,3,29.72611939732228,1,-6.267525694015651,0.6204931519830537,0.6197027124926644
广西,CEG2000_f4_r0015_c0091,11,34.19369831580612,28.82983601879744,5.3638622970086764,0.18605247333045413,5,35.6393367617478,7,6.267525694015649,0.6204931519830537,0.6197027124926644
广西,CEG2000_f4_r0015_c0091,12,43.20064876062701,34.19369831580612,9.006950444820895,0.26340965992138415,8,44.509162808386066,8,8.3567009253542,0.6204931519830537,0.6197027124926644
广西,CEG2000_f4_r0015_c0092,1,43.20269086006281,,,,8,44.509162808386066,4,,0.5033447189054733,0.6759461167028201
广西,CEG2000_f4_r0015_c0092,2,44.10817997515023,43.20269086006281,0.9054891150874198,0.02095909067378178,8,44.509162808386066,4,0.0,0.5033447189054733,0.6759461167028201
广西,CEG2000_f4_r0015_c0092,3,44.391393357507845,44.10817997515023,0.28321338235761573,0.006420881172543804,8,44.509162808386066,4,0.0,0.5033447189054733,0.6759461167028201
广西,CEG2000_f4_r0015_c0092,4,36.85975274573163,44.391393357507845,-7.531640611776211,-0.1696644336238749,5,35.6393367617478,0,-8.3567009253542,0.5033447189054733,0.6759461167028201
广西,CEG2000_f4_r0015_c0092,5,30.709143295236796,36.85975274573163,-6.150609450494837,-0.16686518471578948,3,29.72611939732228,1,-6.267525694015651,0.5033447189054733,0.6759461167028201
广西,CEG2000_f4_r0015_c0092,6,24.885073433110502,30.709143295236796,-5.824069862126294,-0.18965263231650126,1,23.812902032896766,1,-6.267525694015651,0.5033447189054733,0.6759461167028201
广西,CEG2000_f4_r0015_c0092,7,25.59318414133501,24.885073433110502,0.7081107082245062,0.028455238845401153,2,26.769510715109526,4,0.0,0.5033447189054733,0.6759461167028201
广西,CEG2000_f4_r0015_c0092,8,30.395340002557937,25.59318414133501,4.8021558612229285,0.18763416989084483,3,29.72611939732228,6,4.178350462677099,0.5033447189054733,0.6759461167028201
广西,CEG2000_f4_r0015_c0092,9,37.30614663962042,30.395340002557937,6.910806637062485,0.2273640181843961,6,38.59594544396056,7,6.267525694015649,0.5033447189054733,0.6759461167028201
广西,CEG2000_f4_r0015_c0092,10,31.95624330667541,37.30614663962042,-5.349903332945011,-0.14340541210609054,4,32.68272807953504,1,-6.267525694015651,0.5033447189054733,0.6759461167028201
广西,CEG2000_f4_r0015_c0092,11,36.49148672476813,31.95624330667541,4.535243418092719,0.14192041832230454,5,35.6393367617478,6,4.178350462677099,0.5033447189054733,0.6759461167028201
广西,CEG2000_f4_r0015_c0092,12,45.68817729374981,36.49148672476813,9.19669056898168,0.25202290710560565,8,44.509162808386066,8,8.3567009253542,0.5033447189054733,0.6759461167028201
广西,CEG2000_f4_r0015_c0093,1,40.97722254885433,,,,7,41.552554126173305,4,,0.4210841849808588,0.8070161471940145
广西,CEG2000_f4_r0015_c0093,2,41.34189609073705,40.97722254885433,0.3646735418827234,0.008899420682989144,7,41.552554126173305,4,0.0,0.4210841849808588,0.8070161471940145
广西,CEG2000_f4_r0015_c0093,3,41.65614289614602,41.34189609073705,0.31424680540897043,0.007601170607155091,7,41.552554126173305,4,0.0,0.4210841849808588,0.8070161471940145
广西,CEG2000_f4_r0015_c0093,4,34.873535857536325,41.65614289614602,-6.782607038609697,-0.16282369338706143,5,35.6393367617478,1,-6.267525694015651,0.4210841849808588,0.8070161471940145
广西,CEG2000_f4_r0015_c0093,5,30.29415047854551,34.873535857536325,-4.579385378990814,-0.13131405423580497,3,29.72611939732228,2,-4.1783504626771,0.4210841849808588,0.8070161471940145
广西,CEG2000_f4_r0015_c0093,6,24.524775691842873,30.29415047854551,-5.769374786702638,-0.19044517491218452,1,23.812902032896766,1,-6.267525694015651,0.4210841849808588,0.8070161471940145
广西,CEG2000_f4_r0015_c0093,7,25.194320488678585,24.524775691842873,0.6695447968357122,0.027300751095489444,1,23.812902032896766,4,0.0,0.4210841849808588,0.8070161471940145
广西,CEG2000_f4_r0015_c0093,8,29.61634282738842,25.194320488678585,4.422022338709834,0.175516634421513,3,29.72611939732228,6,4.178350462677099,0.4210841849808588,0.8070161471940145
广西,CEG2000_f4_r0015_c0093,9,36.00298134783207,29.61634282738842,6.38663852044365,0.21564575199803043,5,35.6393367617478,7,6.267525694015649,0.4210841849808588,0.8070161471940145
广西,CEG2000_f4_r0015_c0093,10,29.61127165973648,36.00298134783207,-6.391709688095588,-0.17753278891945062,3,29.72611939732228,1,-6.267525694015651,0.4210841849808588,0.8070161471940145
广西,CEG2000_f4_r0015_c0093,11,33.605727081056536,29.61127165973648,3.9944554213200547,0.13489644981209842,4,32.68272807953504,6,4.178350462677099,0.4210841849808588,0.8070161471940145
广西,CEG2000_f4_r0015_c0093,12,41.79533740529627,33.605727081056536,8.189610324239737,0.2436968646590063,7,41.552554126173305,8,8.3567009253542,0.4210841849808588,0.8070161471940145
广西,CEG2000_f4_r0015_c0094,1,41.72627700647339,,,,7,41.552554126173305,4,,0.3608964420880589,0.8148926046488117
广西,CEG2000_f4_r0015_c0094,2,40.66329516734603,41.72627700647339,-1.0629818391273602,-0.025475118208184495,7,41.552554126173305,3,-2.0891752313385505,0.3608964420880589,0.8148926046488117
广西,CEG2000_f4_r0015_c0094,3,42.34658279500765,40.66329516734603,1.6832876276616204,0.041395750657545236,7,41.552554126173305,5,2.08917523133855,0.3608964420880589,0.8148926046488117
广西,CEG2000_f4_r0015_c0094,4,35.82393786130731,42.34658279500765,-6.522644933700342,-0.15403001855605014,5,35.6393367617478,1,-6.267525694015651,0.3608964420880589,0.8148926046488117
广西,CEG2000_f4_r0015_c0094,5,31.161788423628895,35.82393786130731,-4.662149437678412,-0.1301406187038389,3,29.72611939732228,2,-4.1783504626771,0.3608964420880589,0.8148926046488117
广西,CEG2000_f4_r0015_c0094,6,24.84073285729284,31.161788423628895,-6.321055566336057,-0.20284636685175042,1,23.812902032896766,1,-6.267525694015651,0.3608964420880589,0.8148926046488117
广西,CEG2000_f4_r0015_c0094,7,26.54416711958264,24.84073285729284,1.7034342622898002,0.06857423539296666,2,26.769510715109526,5,2.08917523133855,0.3608964420880589,0.8148926046488117
广西,CEG2000_f4_r0015_c0094,8,30.146145755693233,26.54416711958264,3.6019786361105943,0.13569755720281304,3,29.72611939732228,6,4.178350462677099,0.3608964420880589,0.8148926046488117
广西,CEG2000_f4_r0015_c0094,9,38.08881514485727,30.146145755693233,7.942669389164038,0.2634721351622215,6,38.59594544396056,8,8.3567009253542,0.3608964420880589,0.8148926046488117
广西,CEG2000_f4_r0015_c0094,10,30.359963842597644,38.08881514485727,-7.728851302259628,-0.2029165589127855,3,29.72611939732228,0,-8.3567009253542,0.3608964420880589,0.8148926046488117
广西,CEG2000_f4_r0015_c0094,11,34.289332662774754,30.359963842597644,3.9293688201771104,0.12942600460755055,5,35.6393367617478,6,4.178350462677099,0.3608964420880589,0.8148926046488117
广西,CEG2000_f4_r0015_c0094,12,43.354975957707865,34.289332662774754,9.06564329493311,0.26438669378873536,8,44.509162808386066,8,8.3567009253542,0.3608964420880589,0.8148926046488117
广西,CEG2000_f4_r0015_c0095,1,39.95674662047071,,,,6,38.59594544396056,4,,0.312589112420512,0.9441768621519896
广西,CEG2000_f4_r0015_c0095,2,39.379928018643675,39.95674662047071,-0.5768186018270356,-0.014436075271741941,6,38.59594544396056,4,0.0,0.312589112420512,0.9441768621519896
广西,CEG2000_f4_r0015_c0095,3,39.78130649254641,39.379928018643675,0.4013784739027386,0.01019246337151032,6,38.59594544396056,4,0.0,0.312589112420512,0.9441768621519896
广西,CEG2000_f4_r0015_c0095,4,33.140481907231404,39.78130649254641,-6.640824585315009,-0.16693329532953527,4,32.68272807953504,1,-6.267525694015651,0.312589112420512,0.9441768621519896
广西,CEG2000_f4_r0015_c0095,5,29.671812786977217,33.140481907231404,-3.4686691202541873,-0.10466562103604497,3,29.72611939732228,2,-4.1783504626771,0.312589112420512,0.9441768621519896
广西,CEG2000_f4_r0015_c0095,6,22.97810057248127,29.671812786977217,-6.693712214495946,-0.22559161661446506,1,23.812902032896766,1,-6.267525694015651,0.312589112420512,0.9441768621519896
广西,CEG2000_f4_r0015_c0095,7,24.637829040652655,22.97810057248127,1.6597284681713838,0.0722308818753751,1,23.812902032896766,5,2.08917523133855,0.312589112420512,0.9441768621519896
广西,CEG2000_f4_r0015_c0095,8,27.662999136233463,24.637829040652655,3.0251700955808083,0.12278557865586487,2,26.769510715109526,5,2.08917523133855,0.312589112420512,0.9441768621519896
广西,CEG2000_f4_r0015_c0095,9,35.123572354081475,27.662999136233463,7.460573217848012,0.269695024068306,5,35.6393367617478,8,8.3567009253542,0.312589112420512,0.9441768621519896
广西,CEG2000_f4_r0015_c0095,10,29.313981372922143,35.123572354081475,-5.809590981159332,-0.16540433081785424,3,29.72611939732228,1,-6.267525694015651,0.312589112420512,0.9441768621519896
广西,CEG2000_f4_r0015_c0095,11,31.181266662773837,29.313981372922143,1.8672852898516936,0.06369947725956253,3,29.72611939732228,5,2.08917523133855,0.312589112420512,0.9441768621519896
广西,CEG2000_f4_r0015_c0095,12,37.15662607898858,31.181266662773837,5.975359416214744,0.19163299172026596,6,38.59594544396056,7,6.267525694015649,0.312589112420512,0.9441768621519896
广西,CEG2000_f4_r0016_c0078,1,38.59263014488738,,,,6,38.59594544396056,4,,2.8165148403031126,0.9785757280691556
广西,CEG2000_f4_r0016_c0078,2,38.703823530552185,38.59263014488738,0.11119338566480508,0.002881207765507415,6,38.59594544396056,4,0.0,2.8165148403031126,0.9785757280691556
广西,CEG2000_f4_r0016_c0078,3,36.406262808740216,38.703823530552185,-2.297560721811969,-0.059362629121081825,5,35.6393367617478,3,-2.0891752313385505,2.8165148403031126,0.9785757280691556
广西,CEG2000_f4_r0016_c0078,4,33.77715694125123,36.406262808740216,-2.6291058674889882,-0.0722157580771462,4,32.68272807953504,3,-2.0891752313385505,2.8165148403031126,0.9785757280691556
广西,CEG2000_f4_r0016_c0078,5,26.18755181846167,33.77715694125123,-7.589605122789557,-0.2246963868507404,2,26.769510715109526,0,-8.3567009253542,2.8165148403031126,0.9785757280691556
广西,CEG2000_f4_r0016_c0078,6,20.28183440541576,26.18755181846167,-5.90571741304591,-0.22551620915104037,0,20.856293350684005,1,-6.267525694015651,2.8165148403031126,0.9785757280691556
广西,CEG2000_f4_r0016_c0078,7,20.899652188517113,20.28183440541576,0.6178177831013514,0.030461632352958096,0,20.856293350684005,4,0.0,2.8165148403031126,0.9785757280691556
广西,CEG2000_f4_r0016_c0078,8,24.185452985678516,20.899652188517113,3.2858007971614036,0.15721796552034104,1,23.812902032896766,6,4.178350462677099,2.8165148403031126,0.9785757280691556
广西,CEG2000_f4_r0016_c0078,9,25.42479695655987,24.185452985678516,1.2393439708813538,0.051243364001295935,2,26.769510715109526,5,2.08917523133855,2.8165148403031126,0.9785757280691556
广西,CEG2000_f4_r0016_c0078,10,23.646665640776213,25.42479695655987,-1.7781313157836571,-0.06993689345176383,1,23.812902032896766,3,-2.0891752313385505,2.8165148403031126,0.9785757280691556
广西,CEG2000_f4_r0016_c0078,11,32.332894738785235,23.646665640776213,8.686229098009022,0.36733420389852023,4,32.68272807953504,8,8.3567009253542,2.8165148403031126,0.9785757280691556
广西,CEG2000_f4_r0016_c0078,12,35.09028412567496,32.332894738785235,2.7573893868897272,0.08528124095186795,5,35.6393367617478,5,2.08917523133855,2.8165148403031126,0.9785757280691556
广西,CEG2000_f4_r0016_c0079,1,40.263198390004725,,,,7,41.552554126173305,4,,2.78912307631215,0.9248424910823364
广西,CEG2000_f4_r0016_c0079,2,40.25965432376756,40.263198390004725,-0.003544066237161303,-8.802247160874115e-05,7,41.552554126173305,4,0.0,2.78912307631215,0.9248424910823364
广西,CEG2000_f4_r0016_c0079,3,35.77761163507906,40.25965432376756,-4.482042688688502,-0.11132839474089813,5,35.6393367617478,2,-4.1783504626771,2.78912307631215,0.9248424910823364
广西,CEG2000_f4_r0016_c0079,4,34.251090811239514,35.77761163507906,-1.5265208238395473,-0.042666929235232444,5,35.6393367617478,3,-2.0891752313385505,2.78912307631215,0.9248424910823364
广西,CEG2000_f4_r0016_c0079,5,25.70629359871276,34.251090811239514,-8.544797212526753,-0.2494751848814921,2,26.769510715109526,0,-8.3567009253542,2.78912307631215,0.9248424910823364
广西,CEG2000_f4_r0016_c0079,6,19.847660246003738,25.70629359871276,-5.858633352709024,-0.227906575882351,0,20.856293350684005,1,-6.267525694015651,2.78912307631215,0.9248424910823364
广西,CEG2000_f4_r0016_c0079,7,20.305611486873993,19.847660246003738,0.45795124087025485,0.023073311170895415,0,20.856293350684005,4,0.0,2.78912307631215,0.9248424910823364
广西,CEG2000_f4_r0016_c0079,8,23.693066594998275,20.305611486873993,3.387455108124282,0.1668235950596223,1,23.812902032896766,6,4.178350462677099,2.78912307631215,0.9248424910823364
广西,CEG2000_f4_r0016_c0079,9,25.17519121264832,23.693066594998275,1.4821246176500438,0.06255520414410719,1,23.812902032896766,5,2.08917523133855,2.78912307631215,0.9248424910823364
广西,CEG2000_f4_r0016_c0079,10,23.86379207780624,25.17519121264832,-1.3113991348420768,-0.05209093046265381,1,23.812902032896766,3,-2.0891752313385505,2.78912307631215,0.9248424910823364
广西,CEG2000_f4_r0016_c0079,11,33.121016504267274,23.86379207780624,9.257224426461033,0.387919254252572,4,32.68272807953504,8,8.3567009253542,2.78912307631215,0.9248424910823364
广西,CEG2000_f4_r0016_c0079,12,36.75374906747082,33.121016504267274,3.6327325632035468,0.10968058793532226,5,35.6393367617478,6,4.178350462677099,2.78912307631215,0.9248424910823364
广西,CEG2000_f4_r0016_c0081,1,39.64642451751037,,,,6,38.59594544396056,4,,2.6665194785239392,0.9602721033912586
广西,CEG2000_f4_r0016_c0081,2,40.133502710297904,39.64642451751037,0.4870781927875356,0.012285551565246725,7,41.552554126173305,4,0.0,2.6665194785239392,0.9602721033912586
广西,CEG2000_f4_r0016_c0081,3,35.801199912833944,40.133502710297904,-4.33230279746396,-0.10794728854684117,5,35.6393367617478,2,-4.1783504626771,2.6665194785239392,0.9602721033912586
广西,CEG2000_f4_r0016_c0081,4,33.516499714117806,35.801199912833944,-2.2847001987161377,-0.0638163023663663,4,32.68272807953504,3,-2.0891752313385505,2.6665194785239392,0.9602721033912586
广西,CEG2000_f4_r0016_c0081,5,25.37430169873705,33.516499714117806,-8.142198015380757,-0.24293103649934852,2,26.769510715109526,0,-8.3567009253542,2.6665194785239392,0.9602721033912586
广西,CEG2000_f4_r0016_c0081,6,19.09303864179947,25.37430169873705,-6.281263056937579,-0.24754427260751832,0,20.856293350684005,1,-6.267525694015651,2.6665194785239392,0.9602721033912586
广西,CEG2000_f4_r0016_c0081,7,19.726702344147466,19.09303864179947,0.6336637023479952,0.033188206143402746,0,20.856293350684005,4,0.0,2.6665194785239392,0.9602721033912586
广西,CEG2000_f4_r0016_c0081,8,24.81446645403574,19.726702344147466,5.087764109888273,0.2579125502645258,1,23.812902032896766,6,4.178350462677099,2.6665194785239392,0.9602721033912586
广西,CEG2000_f4_r0016_c0081,9,26.505198302573465,24.81446645403574,1.6907318485377267,0.06813492652237751,2,26.769510715109526,5,2.08917523133855,2.6665194785239392,0.9602721033912586
广西,CEG2000_f4_r0016_c0081,10,23.85929346316939,26.505198302573465,-2.645904839404075,-0.09982588355685595,1,23.812902032896766,3,-2.0891752313385505,2.6665194785239392,0.9602721033912586
广西,CEG2000_f4_r0016_c0081,11,31.54381702348691,23.85929346316939,7.684523560317519,0.3220767443168341,4,32.68272807953504,8,8.3567009253542,2.6665194785239392,0.9602721033912586
广西,CEG2000_f4_r0016_c0081,12,36.37061136022348,31.54381702348691,4.826794336736569,0.15301871467053693,5,35.6393367617478,6,4.178350462677099,2.6665194785239392,0.9602721033912586
广西,CEG2000_f4_r0016_c0082,1,38.77585119849008,,,,6,38.59594544396056,4,,2.5890543348829484,0.90463919245126
广西,CEG2000_f4_r0016_c0082,2,39.477541590599934,38.77585119849008,0.7016903921098532,0.018096066763769115,6,38.59594544396056,4,0.0,2.5890543348829484,0.90463919245126
广西,CEG2000_f4_r0016_c0082,3,35.4266141393671,39.477541590599934,-4.05092745123283,-0.10261346801284617,5,35.6393367617478,2,-4.1783504626771,2.5890543348829484,0.90463919245126
广西,CEG2000_f4_r0016_c0082,4,32.242849745386714,35.4266141393671,-3.1837643939803897,-0.08986928249636186,4,32.68272807953504,2,-4.1783504626771,2.5890543348829484,0.90463919245126
广西,CEG2000_f4_r0016_c0082,5,25.348523604497476,32.242849745386714,-6.894326140889238,-0.2138249625988991,2,26.769510715109526,1,-6.267525694015651,2.5890543348829484,0.90463919245126
广西,CEG2000_f4_r0016_c0082,6,19.500562835242384,25.348523604497476,-5.847960769255092,-0.2307022239440215,0,20.856293350684005,1,-6.267525694015651,2.5890543348829484,0.90463919245126
广西,CEG2000_f4_r0016_c0082,7,20.142994074876732,19.500562835242384,0.6424312396343481,0.03294424089510455,0,20.856293350684005,4,0.0,2.5890543348829484,0.90463919245126
广西,CEG2000_f4_r0016_c0082,8,25.309153826666755,20.142994074876732,5.166159751790023,0.25647427252304533,2,26.769510715109526,6,4.178350462677099,2.5890543348829484,0.90463919245126
广西,CEG2000_f4_r0016_c0082,9,27.37401370422047,25.309153826666755,2.0648598775537153,0.08158549636606557,2,26.769510715109526,5,2.08917523133855,2.5890543348829484,0.90463919245126
广西,CEG2000_f4_r0016_c0082,10,23.880325430706343,27.37401370422047,-3.4936882735141275,-0.12762791424245826,1,23.812902032896766,2,-4.1783504626771,2.5890543348829484,0.90463919245126
广西,CEG2000_f4_r0016_c0082,11,30.619233728102344,23.880325430706343,6.7389082973960015,0.28219499424119343,3,29.72611939732228,7,6.267525694015649,2.5890543348829484,0.90463919245126
广西,CEG2000_f4_r0016_c0082,12,36.52697420799662,30.619233728102344,5.907740479894279,0.1929421399749842,5,35.6393367617478,7,6.267525694015649,2.5890543348829484,0.90463919245126
广西,CEG2000_f4_r0016_c0083,1,38.915998811632385,,,,6,38.59594544396056,4,,2.496825054890169,0.8532923798701092
广西,CEG2000_f4_r0016_c0083,2,39.93399734747327,38.915998811632385,1.0179985358408885,0.0261588695376514,6,38.59594544396056,4,0.0,2.496825054890169,0.8532923798701092
广西,CEG2000_f4_r0016_c0083,3,36.142648655218466,39.93399734747327,-3.7913486922548074,-0.09494037522128237,5,35.6393367617478,2,-4.1783504626771,2.496825054890169,0.8532923798701092
广西,CEG2000_f4_r0016_c0083,4,33.051805184618615,36.142648655218466,-3.09084347059985,-0.08551790158172533,4,32.68272807953504,3,-2.0891752313385505,2.496825054890169,0.8532923798701092
广西,CEG2000_f4_r0016_c0083,5,25.80335073199105,33.051805184618615,-7.248454452627566,-0.21930585673428796,2,26.769510715109526,1,-6.267525694015651,2.496825054890169,0.8532923798701092
广西,CEG2000_f4_r0016_c0083,6,20.200391056735196,25.80335073199105,-5.602959675255853,-0.2171407788644012,0,20.856293350684005,1,-6.267525694015651,2.496825054890169,0.8532923798701092
广西,CEG2000_f4_r0016_c0083,7,20.69402931422681,20.200391056735196,0.4936382574916145,0.024437064416484456,0,20.856293350684005,4,0.0,2.496825054890169,0.8532923798701092
广西,CEG2000_f4_r0016_c0083,8,25.785965990980102,20.69402931422681,5.091936676753292,0.24605825184816318,2,26.769510715109526,6,4.178350462677099,2.496825054890169,0.8532923798701092
广西,CEG2000_f4_r0016_c0083,9,28.034470507938902,25.785965990980102,2.2485045169588,0.08719876997221372,2,26.769510715109526,5,2.08917523133855,2.496825054890169,0.8532923798701092
广西,CEG2000_f4_r0016_c0083,10,24.624387641116773,28.034470507938902,-3.4100828668221297,-0.12163892540279832,1,23.812902032896766,2,-4.1783504626771,2.496825054890169,0.8532923798701092
广西,CEG2000_f4_r0016_c0083,11,29.520013757540784,24.624387641116773,4.895626116424012,0.19881209586911716,3,29.72611939732228,6,4.178350462677099,2.496825054890169,0.8532923798701092
广西,CEG2000_f4_r0016_c0083,12,37.67725373782531,29.520013757540784,8.157239980284526,0.2763291388440084,6,38.59594544396056,8,8.3567009253542,2.496825054890169,0.8532923798701092
广西,CEG2000_f4_r0016_c0084,1,38.85237227127912,,,,6,38.59594544396056,4,,2.377415378386906,0.7870701984889823
广西,CEG2000_f4_r0016_c0084,2,39.36619323998204,38.85237227127912,0.513820968702916,0.013224957413546365,6,38.59594544396056,4,0.0,2.377415378386906,0.7870701984889823
广西,CEG2000_f4_r0016_c0084,3,37.34189717480827,39.36619323998204,-2.024296065173772,-0.051422194999485187,6,38.59594544396056,3,-2.0891752313385505,2.377415378386906,0.7870701984889823
广西,CEG2000_f4_r0016_c0084,4,33.22287320783628,37.34189717480827,-4.119023966971987,-0.11030569624488118,4,32.68272807953504,2,-4.1783504626771,2.377415378386906,0.7870701984889823
广西,CEG2000_f4_r0016_c0084,5,26.387781033840163,33.22287320783628,-6.835092173996117,-0.2057345290769109,2,26.769510715109526,1,-6.267525694015651,2.377415378386906,0.7870701984889823
广西,CEG2000_f4_r0016_c0084,6,21.025181335499635,26.387781033840163,-5.362599698340528,-0.20322283603397473,0,20.856293350684005,1,-6.267525694015651,2.377415378386906,0.7870701984889823
广西,CEG2000_f4_r0016_c0084,7,21.992517670833376,21.025181335499635,0.9673363353337407,0.046008465748661916,0,20.856293350684005,4,0.0,2.377415378386906,0.7870701984889823
广西,CEG2000_f4_r0016_c0084,8,25.97448967665595,21.992517670833376,3.9819720058225734,0.18106030721091526,2,26.769510715109526,6,4.178350462677099,2.377415378386906,0.7870701984889823
广西,CEG2000_f4_r0016_c0084,9,28.418267287951437,25.97448967665595,2.443777611295488,0.09408375839975727,3,29.72611939732228,5,2.08917523133855,2.377415378386906,0.7870701984889823
广西,CEG2000_f4_r0016_c0084,10,25.998274595382608,28.418267287951437,-2.4199926925688295,-0.08515623658712085,2,26.769510715109526,3,-2.0891752313385505,2.377415378386906,0.7870701984889823
广西,CEG2000_f4_r0016_c0084,11,29.40632274365847,25.998274595382608,3.4080481482758636,0.131087474123423,3,29.72611939732228,6,4.178350462677099,2.377415378386906,0.7870701984889823
广西,CEG2000_f4_r0016_c0084,12,38.15025931046601,29.40632274365847,8.743936566807541,0.2973488607545528,6,38.59594544396056,8,8.3567009253542,2.377415378386906,0.7870701984889823
广西,CEG2000_f4_r0016_c0085,1,39.140821865538264,,,,6,38.59594544396056,4,,2.2187089886890643,0.6423026907896087
广西,CEG2000_f4_r0016_c0085,2,39.90821805954957,39.140821865538264,0.7673961940113045,0.01960603169365134,6,38.59594544396056,4,0.0,2.2187089886890643,0.6423026907896087
广西,CEG2000_f4_r0016_c0085,3,39.08833340340557,39.90821805954957,-0.8198846561439979,-0.0205442561960696,6,38.59594544396056,4,0.0,2.2187089886890643,0.6423026907896087
广西,CEG2000_f4_r0016_c0085,4,33.254109913560924,39.08833340340557,-5.834223489844646,-0.1492574121703623,4,32.68272807953504,1,-6.267525694015651,2.2187089886890643,0.6423026907896087
广西,CEG2000_f4_r0016_c0085,5,27.301417227379048,33.254109913560924,-5.9526926861818765,-0.1790062251449523,2,26.769510715109526,1,-6.267525694015651,2.2187089886890643,0.6423026907896087
广西,CEG2000_f4_r0016_c0085,6,21.284669779762115,27.301417227379048,-6.0167474476169325,-0.22038223867671883,0,20.856293350684005,1,-6.267525694015651,2.2187089886890643,0.6423026907896087
广西,CEG2000_f4_r0016_c0085,7,23.688281892427945,21.284669779762115,2.4036121126658294,0.11292691582893295,1,23.812902032896766,5,2.08917523133855,2.2187089886890643,0.6423026907896087
广西,CEG2000_f4_r0016_c0085,8,25.795182775073584,23.688281892427945,2.1069008826456397,0.08894274781993029,2,26.769510715109526,5,2.08917523133855,2.2187089886890643,0.6423026907896087
广西,CEG2000_f4_r0016_c0085,9,29.429969004831477,25.795182775073584,3.634786229757893,0.14090949699609268,3,29.72611939732228,6,4.178350462677099,2.2187089886890643,0.6423026907896087
广西,CEG2000_f4_r0016_c0085,10,26.611280255303516,29.429969004831477,-2.8186887495279613,-0.0957761372111952,2,26.769510715109526,3,-2.0891752313385505,2.2187089886890643,0.6423026907896087
广西,CEG2000_f4_r0016_c0085,11,29.928776012567145,26.611280255303516,3.3174957572636288,0.12466501894821336,3,29.72611939732228,6,4.178350462677099,2.2187089886890643,0.6423026907896087
广西,CEG2000_f4_r0016_c0085,12,38.3041608244604,29.928776012567145,8.375384811893259,0.27984388029688956,6,38.59594544396056,8,8.3567009253542,2.2187089886890643,0.6423026907896087
广西,CEG2000_f4_r0016_c0086,1,42.25069274322791,,,,7,41.552554126173305,4,,2.0105366627491774,0.8079788965989332
广西,CEG2000_f4_r0016_c0086,2,42.364973333027265,42.25069274322791,0.11428058979935685,0.0027048216817148907,7,41.552554126173305,4,0.0,2.0105366627491774,0.8079788965989332
广西,CEG2000_f4_r0016_c0086,3,42.1924439314741,42.364973333027265,-0.1725294015531631,-0.004072453916043447,7,41.552554126173305,4,0.0,2.0105366627491774,0.8079788965989332
广西,CEG2000_f4_r0016_c0086,4,36.13234350173366,42.1924439314741,-6.060100429740444,-0.14362999307607824,5,35.6393367617478,1,-6.267525694015651,2.0105366627491774,0.8079788965989332
广西,CEG2000_f4_r0016_c0086,5,29.26228627671812,36.13234350173366,-6.870057225015536,-0.19013594356773192,3,29.72611939732228,1,-6.267525694015651,2.0105366627491774,0.8079788965989332
广西,CEG2000_f4_r0016_c0086,6,22.730555040562106,29.26228627671812,-6.531731236156016,-0.22321329148340815,1,23.812902032896766,1,-6.267525694015651,2.0105366627491774,0.8079788965989332
广西,CEG2000_f4_r0016_c0086,7,25.330849689038537,22.730555040562106,2.6002946484764315,0.11439644319446977,2,26.769510715109526,5,2.08917523133855,2.0105366627491774,0.8079788965989332
广西,CEG2000_f4_r0016_c0086,8,26.475796374586917,25.330849689038537,1.1449466855483799,0.04519969521763949,2,26.769510715109526,5,2.08917523133855,2.0105366627491774,0.8079788965989332
广西,CEG2000_f4_r0016_c0086,9,31.572568008225243,26.475796374586917,5.096771633638326,0.19250683006953923,4,32.68272807953504,6,4.178350462677099,2.0105366627491774,0.8079788965989332
广西,CEG2000_f4_r0016_c0086,10,29.38057934140136,31.572568008225243,-2.1919886668238817,-0.06942699961095429,3,29.72611939732228,3,-2.0891752313385505,2.0105366627491774,0.8079788965989332
广西,CEG2000_f4_r0016_c0086,11,32.43126854335698,29.38057934140136,3.050689201955617,0.10383352780442853,4,32.68272807953504,5,2.08917523133855,2.0105366627491774,0.8079788965989332
广西,CEG2000_f4_r0016_c0086,12,41.8378524137344,32.43126854335698,9.406583870377425,0.2900467447889642,7,41.552554126173305,8,8.3567009253542,2.0105366627491774,0.8079788965989332
广西,CEG2000_f4_r0016_c0087,1,41.963473837135794,,,,7,41.552554126173305,4,,1.75277138538956,0.7077851947348327
广西,CEG2000_f4_r0016_c0087,2,42.2640684072867,41.963473837135794,0.3005945701509063,0.007163243236666779,7,41.552554126173305,4,0.0,1.75277138538956,0.7077851947348327
广西,CEG2000_f4_r0016_c0087,3,41.5610205403892,42.2640684072867,-0.7030478668974993,-0.016634647193034726,7,41.552554126173305,4,0.0,1.75277138538956,0.7077851947348327
广西,CEG2000_f4_r0016_c0087,4,34.907258459335516,41.5610205403892,-6.653762081053685,-0.16009621502406388,5,35.6393367617478,1,-6.267525694015651,1.75277138538956,0.7077851947348327
广西,CEG2000_f4_r0016_c0087,5,28.89687436419533,34.907258459335516,-6.010384095140186,-0.1721814992186183,3,29.72611939732228,1,-6.267525694015651,1.75277138538956,0.7077851947348327
广西,CEG2000_f4_r0016_c0087,6,22.78745461457358,28.89687436419533,-6.10941974962175,-0.21142147322312568,1,23.812902032896766,1,-6.267525694015651,1.75277138538956,0.7077851947348327
广西,CEG2000_f4_r0016_c0087,7,25.440562889321715,22.78745461457358,2.653108274748135,0.1164284611696541,2,26.769510715109526,5,2.08917523133855,1.75277138538956,0.7077851947348327
广西,CEG2000_f4_r0016_c0087,8,25.948658018993612,25.440562889321715,0.5080951296718972,0.01997185093279372,2,26.769510715109526,4,0.0,1.75277138538956,0.7077851947348327
广西,CEG2000_f4_r0016_c0087,9,31.727753152204457,25.948658018993612,5.779095133210845,0.22271267858941787,4,32.68272807953504,7,6.267525694015649,1.75277138538956,0.7077851947348327
广西,CEG2000_f4_r0016_c0087,10,29.07070993362035,31.727753152204457,-2.657043218584107,-0.08374507976778982,3,29.72611939732228,3,-2.0891752313385505,1.75277138538956,0.7077851947348327
广西,CEG2000_f4_r0016_c0087,11,31.514899042642735,29.07070993362035,2.4441891090223855,0.08407737941740716,4,32.68272807953504,5,2.08917523133855,1.75277138538956,0.7077851947348327
广西,CEG2000_f4_r0016_c0087,12,39.43008589303993,31.514899042642735,7.915186850397195,0.25115697942383297,6,38.59594544396056,8,8.3567009253542,1.75277138538956,0.7077851947348327
广西,CEG2000_f4_r0016_c0088,1,42.385758283273375,,,,7,41.552554126173305,4,,1.4687115998438922,0.6041418888210036
广西,CEG2000_f4_r0016_c0088,2,39.65381686414333,42.385758283273375,-2.7319414191300453,-0.06445423014192357,6,38.59594544396056,3,-2.0891752313385505,1.4687115998438922,0.6041418888210036
广西,CEG2000_f4_r0016_c0088,3,43.29068307335996,39.65381686414333,3.6368662092166275,0.0917154134664206,8,44.509162808386066,6,4.178350462677099,1.4687115998438922,0.6041418888210036
广西,CEG2000_f4_r0016_c0088,4,37.08534827284029,43.29068307335996,-6.205334800519665,-0.14334111545443085,5,35.6393367617478,1,-6.267525694015651,1.4687115998438922,0.6041418888210036
广西,CEG2000_f4_r0016_c0088,5,30.97820521795721,37.08534827284029,-6.107143054883082,-0.164678055871345,3,29.72611939732228,1,-6.267525694015651,1.4687115998438922,0.6041418888210036
广西,CEG2000_f4_r0016_c0088,6,24.765607007324867,30.97820521795721,-6.212598210632343,-0.2005473902352184,1,23.812902032896766,1,-6.267525694015651,1.4687115998438922,0.6041418888210036
广西,CEG2000_f4_r0016_c0088,7,27.45427316711079,24.765607007324867,2.6886661597859245,0.10856451687175299,2,26.769510715109526,5,2.08917523133855,1.4687115998438922,0.6041418888210036
广西,CEG2000_f4_r0016_c0088,8,27.925363050886457,27.45427316711079,0.4710898837756652,0.01715907323090285,2,26.769510715109526,4,0.0,1.4687115998438922,0.6041418888210036
广西,CEG2000_f4_r0016_c0088,9,35.435989136127596,27.925363050886457,7.510626085241139,0.26895356996988884,5,35.6393367617478,8,8.3567009253542,1.4687115998438922,0.6041418888210036
广西,CEG2000_f4_r0016_c0088,10,29.839399813138083,35.435989136127596,-5.596589322989512,-0.15793518000838572,3,29.72611939732228,1,-6.267525694015651,1.4687115998438922,0.6041418888210036
广西,CEG2000_f4_r0016_c0088,11,33.82997911129285,29.839399813138083,3.990579298154767,0.13373524009010873,4,32.68272807953504,6,4.178350462677099,1.4687115998438922,0.6041418888210036
广西,CEG2000_f4_r0016_c0088,12,42.2007404575707,33.82997911129285,8.370761346277853,0.24743619612474407,7,41.552554126173305,8,8.3567009253542,1.4687115998438922,0.6041418888210036
广西,CEG2000_f4_r0016_c0089,1,41.19292897483802,,,,7,41.552554126173305,4,,1.1998992034869065,0.5017195743201022
广西,CEG2000_f4_r0016_c0089,2,38.39410877042911,41.19292897483802,-2.798820204408905,-0.0679441902788344,6,38.59594544396056,3,-2.0891752313385505,1.1998992034869065,0.5017195743201022
广西,CEG2000_f4_r0016_c0089,3,41.01251521084011,38.39410877042911,2.6184064404109932,0.0681981305014084,7,41.552554126173305,5,2.08917523133855,1.1998992034869065,0.5017195743201022
广西,CEG2000_f4_r0016_c0089,4,35.8866739723551,41.01251521084011,-5.125841238485009,-0.12498236726359535,5,35.6393367617478,2,-4.1783504626771,1.1998992034869065,0.5017195743201022
广西,CEG2000_f4_r0016_c0089,5,30.425534838391695,35.8866739723551,-5.461139133963403,-0.15217735525366133,3,29.72611939732228,1,-6.267525694015651,1.1998992034869065,0.5017195743201022
广西,CEG2000_f4_r0016_c0089,6,24.501182647684956,30.425534838391695,-5.924352190706738,-0.1947164518939284,1,23.812902032896766,1,-6.267525694015651,1.1998992034869065,0.5017195743201022
广西,CEG2000_f4_r0016_c0089,7,26.958077850827017,24.501182647684956,2.456895203142061,0.10027659637785712,2,26.769510715109526,5,2.08917523133855,1.1998992034869065,0.5017195743201022
广西,CEG2000_f4_r0016_c0089,8,28.334667620222383,26.958077850827017,1.3765897693953661,0.05106409206964788,3,29.72611939732228,5,2.08917523133855,1.1998992034869065,0.5017195743201022
广西,CEG2000_f4_r0016_c0089,9,36.442389577227445,28.334667620222383,8.107721957005062,0.28614141749164546,5,35.6393367617478,8,8.3567009253542,1.1998992034869065,0.5017195743201022
广西,CEG2000_f4_r0016_c0089,10,29.29589186089014,36.442389577227445,-7.146497716337304,-0.19610398218241684,3,29.72611939732228,1,-6.267525694015651,1.1998992034869065,0.5017195743201022
广西,CEG2000_f4_r0016_c0089,11,33.395146639318206,29.29589186089014,4.099254778428065,0.13992592537865517,4,32.68272807953504,6,4.178350462677099,1.1998992034869065,0.5017195743201022
广西,CEG2000_f4_r0016_c0089,12,42.18416158045963,33.395146639318206,8.789014941141424,0.26318240300204476,7,41.552554126173305,8,8.3567009253542,1.1998992034869065,0.5017195743201022
广西,CEG2000_f4_r0016_c0090,1,39.82964738097895,,,,6,38.59594544396056,4,,0.976808203475832,0.4733959890475851
广西,CEG2000_f4_r0016_c0090,2,36.19327298926149,39.82964738097895,-3.6363743917174602,-0.09129818190291204,5,35.6393367617478,2,-4.1783504626771,0.976808203475832,0.4733959890475851
广西,CEG2000_f4_r0016_c0090,3,37.216362276150626,36.19327298926149,1.0230892868891388,0.028267387898096106,6,38.59594544396056,4,0.0,0.976808203475832,0.4733959890475851
广西,CEG2000_f4_r0016_c0090,4,34.37662642670578,37.216362276150626,-2.8397358494448426,-0.07630342343439168,5,35.6393367617478,3,-2.0891752313385505,0.976808203475832,0.4733959890475851
广西,CEG2000_f4_r0016_c0090,5,29.37480809354097,34.37662642670578,-5.001818333164813,-0.14550055817225588,3,29.72611939732228,2,-4.1783504626771,0.976808203475832,0.4733959890475851
广西,CEG2000_f4_r0016_c0090,6,23.79008877661095,29.37480809354097,-5.58471931693002,-0.1901193464531265,1,23.812902032896766,1,-6.267525694015651,0.976808203475832,0.4733959890475851
广西,CEG2000_f4_r0016_c0090,7,26.01939907815749,23.79008877661095,2.2293103015465405,0.09370752343464436,2,26.769510715109526,5,2.08917523133855,0.976808203475832,0.4733959890475851
广西,CEG2000_f4_r0016_c0090,8,28.47598956578618,26.01939907815749,2.456590487628688,0.09441380564745334,3,29.72611939732228,5,2.08917523133855,0.976808203475832,0.4733959890475851
广西,CEG2000_f4_r0016_c0090,9,36.05228782118198,28.47598956578618,7.576298255395798,0.26605917374329635,5,35.6393367617478,8,8.3567009253542,0.976808203475832,0.4733959890475851
广西,CEG2000_f4_r0016_c0090,10,27.371105076863017,36.05228782118198,-8.68118274431896,-0.24079422608011194,2,26.769510715109526,0,-8.3567009253542,0.976808203475832,0.4733959890475851
广西,CEG2000_f4_r0016_c0090,11,32.18820132993569,27.371105076863017,4.81709625307267,0.1759920266114719,4,32.68272807953504,6,4.178350462677099,0.976808203475832,0.4733959890475851
广西,CEG2000_f4_r0016_c0090,12,40.24536128554925,32.18820132993569,8.057159955613564,0.250314078535362,7,41.552554126173305,8,8.3567009253542,0.976808203475832,0.4733959890475851
广西,CEG2000_f4_r0016_c0091,1,42.39075502927884,,,,7,41.552554126173305,4,,0.8048677271961369,0.5566929415297556
广西,CEG2000_f4_r0016_c0091,2,39.31708543978206,42.39075502927884,-3.073669589496781,-0.07250801707527574,6,38.59594544396056,3,-2.0891752313385505,0.8048677271961369,0.5566929415297556
广西,CEG2000_f4_r0016_c0091,3,41.0368912681048,39.31708543978206,1.719805828322741,0.0437419460035203,7,41.552554126173305,5,2.08917523133855,0.8048677271961369,0.5566929415297556
广西,CEG2000_f4_r0016_c0091,4,36.51708215447387,41.0368912681048,-4.519809113630934,-0.11014014400120693,5,35.6393367617478,2,-4.1783504626771,0.8048677271961369,0.5566929415297556
广西,CEG2000_f4_r0016_c0091,5,31.433434092034865,36.51708215447387,-5.0836480624390035,-0.139212876892361,4,32.68272807953504,2,-4.1783504626771,0.8048677271961369,0.5566929415297556
广西,CEG2000_f4_r0016_c0091,6,25.578772743371736,31.433434092034865,-5.854661348663129,-0.18625586156196283,2,26.769510715109526,1,-6.267525694015651,0.8048677271961369,0.5566929415297556
广西,CEG2000_f4_r0016_c0091,7,26.72454406811168,25.578772743371736,1.1457713247399433,0.044793834959765556,2,26.769510715109526,5,2.08917523133855,0.8048677271961369,0.5566929415297556
广西,CEG2000_f4_r0016_c0091,8,31.273797747465913,26.72454406811168,4.5492536793542335,0.1702275506650272,4,32.68272807953504,6,4.178350462677099,0.8048677271961369,0.5566929415297556
广西,CEG2000_f4_r0016_c0091,9,38.14207352303818,31.273797747465913,6.868275775572265,0.21961757989973554,6,38.59594544396056,7,6.267525694015649,0.8048677271961369,0.5566929415297556
广西,CEG2000_f4_r0016_c0091,10,29.39007484849932,38.14207352303818,-8.751998674538857,-0.2294578628309907,3,29.72611939732228,0,-8.3567009253542,0.8048677271961369,0.5566929415297556
广西,CEG2000_f4_r0016_c0091,11,35.53710747210638,29.39007484849932,6.147032623607057,0.2091533504182596,5,35.6393367617478,7,6.267525694015649,0.8048677271961369,0.5566929415297556
广西,CEG2000_f4_r0016_c0091,12,44.69088089705967,35.53710747210638,9.153773424953293,0.2575835253935124,8,44.509162808386066,8,8.3567009253542,0.8048677271961369,0.5566929415297556
广西,CEG2000_f4_r0016_c0092,1,44.27552480635011,,,,8,44.509162808386066,4,,0.6754239284154694,0.7531030731893029
广西,CEG2000_f4_r0016_c0092,2,43.09251687938694,44.27552480635011,-1.183007926963171,-0.026719229916242593,8,44.509162808386066,3,-2.0891752313385505,0.6754239284154694,0.7531030731893029
广西,CEG2000_f4_r0016_c0092,3,43.1601056807841,43.09251687938694,0.06758880139715728,0.00156845796652662,8,44.509162808386066,4,0.0,0.6754239284154694,0.7531030731893029
广西,CEG2000_f4_r0016_c0092,4,36.82827766413938,43.1601056807841,-6.331828016644721,-0.14670557258305789,5,35.6393367617478,1,-6.267525694015651,0.6754239284154694,0.7531030731893029
广西,CEG2000_f4_r0016_c0092,5,31.912446527282786,36.82827766413938,-4.915831136856593,-0.13347979999736076,4,32.68272807953504,2,-4.1783504626771,0.6754239284154694,0.7531030731893029
广西,CEG2000_f4_r0016_c0092,6,25.214000350604177,31.912446527282786,-6.698446176678608,-0.20990074110901938,1,23.812902032896766,1,-6.267525694015651,0.6754239284154694,0.7531030731893029
广西,CEG2000_f4_r0016_c0092,7,26.13315704402728,25.214000350604177,0.9191566934231012,0.03645421911010152,2,26.769510715109526,4,0.0,0.6754239284154694,0.7531030731893029
广西,CEG2000_f4_r0016_c0092,8,31.7878400190889,26.13315704402728,5.654682975061622,0.21637963471214042,4,32.68272807953504,7,6.267525694015649,0.6754239284154694,0.7531030731893029
广西,CEG2000_f4_r0016_c0092,9,38.27683884159019,31.7878400190889,6.488998822501291,0.20413462564944915,6,38.59594544396056,7,6.267525694015649,0.6754239284154694,0.7531030731893029
广西,CEG2000_f4_r0016_c0092,10,31.01117184313085,38.27683884159019,-7.265666998459341,-0.1898188883499109,3,29.72611939732228,1,-6.267525694015651,0.6754239284154694,0.7531030731893029
广西,CEG2000_f4_r0016_c0092,11,35.72036126319289,31.01117184313085,4.709189420062042,0.1518546104572683,5,35.6393367617478,6,4.178350462677099,0.6754239284154694,0.7531030731893029
广西,CEG2000_f4_r0016_c0092,12,45.44239699099949,35.72036126319289,9.722035727806599,0.27217069995942106,8,44.509162808386066,8,8.3567009253542,0.6754239284154694,0.7531030731893029
广西,CEG2000_f4_r0016_c0093,1,40.25137078133583,,,,7,41.552554126173305,4,,0.572835926569371,0.8474481866470334
广西,CEG2000_f4_r0016_c0093,2,39.30319744369047,40.25137078133583,-0.9481733376453576,-0.023556299307078914,6,38.59594544396056,4,0.0,0.572835926569371,0.8474481866470334
广西,CEG2000_f4_r0016_c0093,3,39.4193879985557,39.30319744369047,0.11619055486522711,0.002956262147162272,6,38.59594544396056,4,0.0,0.572835926569371,0.8474481866470334
广西,CEG2000_f4_r0016_c0093,4,32.751988419754944,39.4193879985557,-6.6673995788007545,-0.16914010889882522,4,32.68272807953504,1,-6.267525694015651,0.572835926569371,0.8474481866470334
广西,CEG2000_f4_r0016_c0093,5,30.244759475242866,32.751988419754944,-2.507228944512079,-0.0765519611322224,3,29.72611939732228,3,-2.0891752313385505,0.572835926569371,0.8474481866470334
广西,CEG2000_f4_r0016_c0093,6,23.774705701211147,30.244759475242866,-6.470053774031719,-0.2139231353229257,1,23.812902032896766,1,-6.267525694015651,0.572835926569371,0.8474481866470334
广西,CEG2000_f4_r0016_c0093,7,25.489674054618824,23.774705701211147,1.7149683534076772,0.07213415698854737,2,26.769510715109526,5,2.08917523133855,0.572835926569371,0.8474481866470334
广西,CEG2000_f4_r0016_c0093,8,29.37902552353866,25.489674054618824,3.8893514689198376,0.15258537479081938,3,29.72611939732228,6,4.178350462677099,0.572835926569371,0.8474481866470334
广西,CEG2000_f4_r0016_c0093,9,35.22268442604244,29.37902552353866,5.84365890250378,0.19890581114822217,5,35.6393367617478,7,6.267525694015649,0.572835926569371,0.8474481866470334
广西,CEG2000_f4_r0016_c0093,10,27.75826536220924,35.22268442604244,-7.464419063833201,-0.21192078870383504,2,26.769510715109526,0,-8.3567009253542,0.572835926569371,0.8474481866470334
广西,CEG2000_f4_r0016_c0093,11,31.1899536583398,27.75826536220924,3.4316882961305595,0.12362762050695507,3,29.72611939732228,6,4.178350462677099,0.572835926569371,0.8474481866470334
广西,CEG2000_f4_r0016_c0093,12,38.688351457132725,31.1899536583398,7.498397798792926,0.24041067456950033,6,38.59594544396056,8,8.3567009253542,0.572835926569371,0.8474481866470334
广西,CEG2000_f4_r0016_c0094,1,42.17319661940972,,,,7,41.552554126173305,4,,0.5072978301325444,0.9604324950420996
广西,CEG2000_f4_r0016_c0094,2,40.108811127308215,42.17319661940972,-2.0643854921015077,-0.04895017825495823,7,41.552554126173305,3,-2.0891752313385505,0.5072978301325444,0.9604324950420996
广西,CEG2000_f4_r0016_c0094,3,42.94293927114244,40.108811127308215,2.834128143834228,0.07066098605711607,7,41.552554126173305,5,2.08917523133855,0.5072978301325444,0.9604324950420996
广西,CEG2000_f4_r0016_c0094,4,36.5878466864057,42.94293927114244,-6.355092584736745,-0.147989231584978,5,35.6393367617478,1,-6.267525694015651,0.5072978301325444,0.9604324950420996
广西,CEG2000_f4_r0016_c0094,5,32.10558188059066,36.5878466864057,-4.482264805815035,-0.1225069309006488,4,32.68272807953504,2,-4.1783504626771,0.5072978301325444,0.9604324950420996
广西,CEG2000_f4_r0016_c0094,6,24.31235835755971,32.10558188059066,-7.793223523030953,-0.24273733932049754,1,23.812902032896766,0,-8.3567009253542,0.5072978301325444,0.9604324950420996
广西,CEG2000_f4_r0016_c0094,7,27.15819328252141,24.31235835755971,2.8458349249617,0.11705301818557694,2,26.769510715109526,5,2.08917523133855,0.5072978301325444,0.9604324950420996
广西,CEG2000_f4_r0016_c0094,8,30.761802148192817,27.15819328252141,3.603608865671408,0.13268956547233332,3,29.72611939732228,6,4.178350462677099,0.5072978301325444,0.9604324950420996
广西,CEG2000_f4_r0016_c0094,9,39.29037795460218,30.761802148192817,8.52857580640936,0.27724564917632416,6,38.59594544396056,8,8.3567009253542,0.5072978301325444,0.9604324950420996
广西,CEG2000_f4_r0016_c0094,10,28.941565413186897,39.29037795460218,-10.348812541415281,-0.263393051432917,3,29.72611939732228,0,-8.3567009253542,0.5072978301325444,0.9604324950420996
广西,CEG2000_f4_r0016_c0094,11,33.203610343409125,28.941565413186897,4.262044930222228,0.14726380102025424,4,32.68272807953504,6,4.178350462677099,0.5072978301325444,0.9604324950420996
广西,CEG2000_f4_r0016_c0094,12,43.72105608817049,33.203610343409125,10.517445744761368,0.31675608875012196,8,44.509162808386066,8,8.3567009253542,0.5072978301325444,0.9604324950420996
广西,CEG2000_f4_r0017_c0083,1,39.86852143601537,,,,6,38.59594544396056,4,,2.355284048278619,0.9914889787317848
广西,CEG2000_f4_r0017_c0083,2,40.04070522597467,39.86852143601537,0.1721837899592984,0.004318790458172235,6,38.59594544396056,4,0.0,2.355284048278619,0.9914889787317848
广西,CEG2000_f4_r0017_c0083,3,39.759576077245775,40.04070522597467,-0.28112914872889405,-0.007021083848106745,6,38.59594544396056,4,0.0,2.355284048278619,0.9914889787317848
广西,CEG2000_f4_r0017_c0083,4,34.10919484372785,39.759576077245775,-5.650381233517926,-0.14211371928463828,4,32.68272807953504,1,-6.267525694015651,2.355284048278619,0.9914889787317848
广西,CEG2000_f4_r0017_c0083,5,26.735883922565996,34.10919484372785,-7.373310921161853,-0.21616783846534243,2,26.769510715109526,0,-8.3567009253542,2.355284048278619,0.9914889787317848
广西,CEG2000_f4_r0017_c0083,6,20.953699858720256,26.735883922565996,-5.78218406384574,-0.21627054039404248,0,20.856293350684005,1,-6.267525694015651,2.355284048278619,0.9914889787317848
广西,CEG2000_f4_r0017_c0083,7,22.037182566451353,20.953699858720256,1.083482707731097,0.051708419755768634,0,20.856293350684005,5,2.08917523133855,2.355284048278619,0.9914889787317848
广西,CEG2000_f4_r0017_c0083,8,26.518478733820345,22.037182566451353,4.481296167368992,0.20335159242139977,2,26.769510715109526,6,4.178350462677099,2.355284048278619,0.9914889787317848
广西,CEG2000_f4_r0017_c0083,9,28.93372027062275,26.518478733820345,2.415241536802405,0.09107768062585456,3,29.72611939732228,5,2.08917523133855,2.355284048278619,0.9914889787317848
广西,CEG2000_f4_r0017_c0083,10,25.622680341351273,28.93372027062275,-3.3110399292714767,-0.11443533352443695,2,26.769510715109526,2,-4.1783504626771,2.355284048278619,0.9914889787317848
广西,CEG2000_f4_r0017_c0083,11,30.675966950371553,25.622680341351273,5.0532866090202795,0.19721928157785315,3,29.72611939732228,6,4.178350462677099,2.355284048278619,0.9914889787317848
广西,CEG2000_f4_r0017_c0083,12,38.16651790445618,30.675966950371553,7.490550954084625,0.24418304290792367,6,38.59594544396056,8,8.3567009253542,2.355284048278619,0.9914889787317848
广西,CEG2000_f4_r0017_c0084,1,38.74153263942201,,,,6,38.59594544396056,4,,2.2737584769758103,0.8465815230457281
广西,CEG2000_f4_r0017_c0084,2,39.15501453313696,38.74153263942201,0.4134818937149518,0.010672832630638037,6,38.59594544396056,4,0.0,2.2737584769758103,0.8465815230457281
广西,CEG2000_f4_r0017_c0084,3,37.40243550168329,39.15501453313696,-1.7525790314536707,-0.04476001483719179,6,38.59594544396056,3,-2.0891752313385505,2.2737584769758103,0.8465815230457281
广西,CEG2000_f4_r0017_c0084,4,32.603102165092224,37.40243550168329,-4.799333336591069,-0.12831606477538274,4,32.68272807953504,2,-4.1783504626771,2.2737584769758103,0.8465815230457281
广西,CEG2000_f4_r0017_c0084,5,26.24946387490181,32.603102165092224,-6.353638290190414,-0.19487833574908045,2,26.769510715109526,1,-6.267525694015651,2.2737584769758103,0.8465815230457281
广西,CEG2000_f4_r0017_c0084,6,20.633640972396616,26.24946387490181,-5.615822902505194,-0.2139404800520407,0,20.856293350684005,1,-6.267525694015651,2.2737584769758103,0.8465815230457281
广西,CEG2000_f4_r0017_c0084,7,21.923578350956497,20.633640972396616,1.2899373785598804,0.0625162267912648,0,20.856293350684005,5,2.08917523133855,2.2737584769758103,0.8465815230457281
广西,CEG2000_f4_r0017_c0084,8,25.20546276782888,21.923578350956497,3.2818844168723835,0.14969656706288548,1,23.812902032896766,6,4.178350462677099,2.2737584769758103,0.8465815230457281
广西,CEG2000_f4_r0017_c0084,9,27.766102181307204,25.20546276782888,2.5606394134783237,0.10159065267179339,2,26.769510715109526,5,2.08917523133855,2.2737584769758103,0.8465815230457281
广西,CEG2000_f4_r0017_c0084,10,25.061458028173124,27.766102181307204,-2.7046441531340797,-0.09740813224244742,1,23.812902032896766,3,-2.0891752313385505,2.2737584769758103,0.8465815230457281
广西,CEG2000_f4_r0017_c0084,11,29.299871170651507,25.061458028173124,4.238413142478382,0.16912077253102042,3,29.72611939732228,6,4.178350462677099,2.2737584769758103,0.8465815230457281
广西,CEG2000_f4_r0017_c0084,12,37.042193626009855,29.299871170651507,7.742322455358348,0.264244249070744,5,35.6393367617478,8,8.3567009253542,2.2737584769758103,0.8465815230457281
广西,CEG2000_f4_r0017_c0086,1,40.141742193980654,,,,7,41.552554126173305,4,,1.896314394819491,0.908797526368186
广西,CEG2000_f4_r0017_c0086,2,39.775923450946294,40.141742193980654,-0.36581874303436024,-0.009113175538485114,6,38.59594544396056,4,0.0,1.896314394819491,0.908797526368186
广西,CEG2000_f4_r0017_c0086,3,38.740094715528386,39.775923450946294,-1.0358287354179083,-0.02604160118860208,6,38.59594544396056,4,0.0,1.896314394819491,0.908797526368186
广西,CEG2000_f4_r0017_c0086,4,33.13777267663213,38.740094715528386,-5.602322038896254,-0.14461301863184778,4,32.68272807953504,1,-6.267525694015651,1.896314394819491,0.908797526368186
广西,CEG2000_f4_r0017_c0086,5,27.799099752293245,33.13777267663213,-5.338672924338887,-0.16110536385276056,2,26.769510715109526,1,-6.267525694015651,1.896314394819491,0.908797526368186
广西,CEG2000_f4_r0017_c0086,6,20.642091575948783,27.799099752293245,-7.157008176344462,-0.2574546744361409,0,20.856293350684005,1,-6.267525694015651,1.896314394819491,0.908797526368186
广西,CEG2000_f4_r0017_c0086,7,24.157881910646527,20.642091575948783,3.515790334697744,0.1703214193078274,1,23.812902032896766,6,4.178350462677099,1.896314394819491,0.908797526368186
广西,CEG2000_f4_r0017_c0086,8,24.62249749003711,24.157881910646527,0.46461557939058196,0.01923246338851516,1,23.812902032896766,4,0.0,1.896314394819491,0.908797526368186
广西,CEG2000_f4_r0017_c0086,9,29.383024648677413,24.62249749003711,4.760527158640304,0.1933405480319994,3,29.72611939732228,6,4.178350462677099,1.896314394819491,0.908797526368186
广西,CEG2000_f4_r0017_c0086,10,26.33211176449446,29.383024648677413,-3.050912884182953,-0.10383249922911801,2,26.769510715109526,3,-2.0891752313385505,1.896314394819491,0.908797526368186
广西,CEG2000_f4_r0017_c0086,11,28.892589262269578,26.33211176449446,2.5604774977751177,0.0972378334360406,3,29.72611939732228,5,2.08917523133855,1.896314394819491,0.908797526368186
广西,CEG2000_f4_r0017_c0086,12,36.70577791308047,28.892589262269578,7.81318865081089,0.2704218919214008,5,35.6393367617478,8,8.3567009253542,1.896314394819491,0.908797526368186
广西,CEG2000_f4_r0017_c0087,1,39.28551558465555,,,,6,38.59594544396056,4,,1.7091009225793323,0.9687410324119888
广西,CEG2000_f4_r0017_c0087,2,39.057285660675824,39.28551558465555,-0.2282299239797254,-0.005809518357673515,6,38.59594544396056,4,0.0,1.7091009225793323,0.9687410324119888
广西,CEG2000_f4_r0017_c0087,3,36.47378290076539,39.057285660675824,-2.5835027599104308,-0.06614650035733506,5,35.6393367617478,3,-2.0891752313385505,1.7091009225793323,0.9687410324119888
广西,CEG2000_f4_r0017_c0087,4,31.806119106380923,36.47378290076539,-4.66766379438447,-0.12797311995533428,4,32.68272807953504,2,-4.1783504626771,1.7091009225793323,0.9687410324119888
广西,CEG2000_f4_r0017_c0087,5,27.26712939001275,31.806119106380923,-4.538989716368171,-0.14270806511120565,2,26.769510715109526,2,-4.1783504626771,1.7091009225793323,0.9687410324119888
广西,CEG2000_f4_r0017_c0087,6,20.79306962377274,27.26712939001275,-6.474059766240011,-0.23743092547950032,0,20.856293350684005,1,-6.267525694015651,1.7091009225793323,0.9687410324119888
广西,CEG2000_f4_r0017_c0087,7,23.965681837598492,20.79306962377274,3.172612213825751,0.1525802717554747,1,23.812902032896766,6,4.178350462677099,1.7091009225793323,0.9687410324119888
广西,CEG2000_f4_r0017_c0087,8,24.61557627621763,23.965681837598492,0.649894438619139,0.027117711193159293,1,23.812902032896766,4,0.0,1.7091009225793323,0.9687410324119888
广西,CEG2000_f4_r0017_c0087,9,29.216369629275516,24.61557627621763,4.600793353057885,0.18690577467824496,3,29.72611939732228,6,4.178350462677099,1.7091009225793323,0.9687410324119888
广西,CEG2000_f4_r0017_c0087,10,25.24198056546313,29.216369629275516,-3.974389063812385,-0.13603295393107123,1,23.812902032896766,2,-4.1783504626771,1.7091009225793323,0.9687410324119888
广西,CEG2000_f4_r0017_c0087,11,27.84978595849608,25.24198056546313,2.607805393032951,0.1033122336129611,2,26.769510715109526,5,2.08917523133855,1.7091009225793323,0.9687410324119888
广西,CEG2000_f4_r0017_c0087,12,35.38326162827657,27.84978595849608,7.53347566978049,0.2705038983426107,5,35.6393367617478,8,8.3567009253542,1.7091009225793323,0.9687410324119888
广西,CEG2000_f4_r0017_c0088,1,40.79938931824393,,,,7,41.552554126173305,4,,1.492912767814992,0.7904179009632919
广西,CEG2000_f4_r0017_c0088,2,38.83159032457919,40.79938931824393,-1.9677989936647435,-0.04823108939978224,6,38.59594544396056,3,-2.0891752313385505,1.492912767814992,0.7904179009632919
广西,CEG2000_f4_r0017_c0088,3,37.86909768984381,38.83159032457919,-0.9624926347353764,-0.024786330580083105,6,38.59594544396056,4,0.0,1.492912767814992,0.7904179009632919
广西,CEG2000_f4_r0017_c0088,4,33.870272679218644,37.86909768984381,-3.9988250106251684,-0.10559599395201912,4,32.68272807953504,2,-4.1783504626771,1.492912767814992,0.7904179009632919
广西,CEG2000_f4_r0017_c0088,5,28.73161959076676,33.870272679218644,-5.1386530884518855,-0.15171572833556618,3,29.72611939732228,2,-4.1783504626771,1.492912767814992,0.7904179009632919
广西,CEG2000_f4_r0017_c0088,6,22.157215886234003,28.73161959076676,-6.574403704532756,-0.2288212011078386,0,20.856293350684005,1,-6.267525694015651,1.492912767814992,0.7904179009632919
广西,CEG2000_f4_r0017_c0088,7,25.539182427027256,22.157215886234003,3.381966540793254,0.1526349952159119,2,26.769510715109526,6,4.178350462677099,1.492912767814992,0.7904179009632919
广西,CEG2000_f4_r0017_c0088,8,25.4160195307475,25.539182427027256,-0.12316289627975507,-0.004822507401388697,2,26.769510715109526,4,0.0,1.492912767814992,0.7904179009632919
广西,CEG2000_f4_r0017_c0088,9,32.818369551199794,25.4160195307475,7.4023500204522925,0.29124741628000256,4,32.68272807953504,8,8.3567009253542,1.492912767814992,0.7904179009632919
广西,CEG2000_f4_r0017_c0088,10,25.758932823290728,32.818369551199794,-7.059436727909066,-0.21510625983096662,2,26.769510715109526,1,-6.267525694015651,1.492912767814992,0.7904179009632919
广西,CEG2000_f4_r0017_c0088,11,28.838306901772945,25.758932823290728,3.0793740784822177,0.11954587170233649,3,29.72611939732228,5,2.08917523133855,1.492912767814992,0.7904179009632919
广西,CEG2000_f4_r0017_c0088,12,36.72898176246521,28.838306901772945,7.890674860692265,0.273617826718085,5,35.6393367617478,8,8.3567009253542,1.492912767814992,0.7904179009632919
广西,CEG2000_f4_r0017_c0089,1,41.763694663251705,,,,7,41.552554126173305,4,,1.2827666677386207,0.7166213716770083
广西,CEG2000_f4_r0017_c0089,2,38.76792564377449,41.763694663251705,-2.9957690194772155,-0.07173141752981023,6,38.59594544396056,3,-2.0891752313385505,1.2827666677386207,0.7166213716770083
广西,CEG2000_f4_r0017_c0089,3,39.69902569566597,38.76792564377449,0.9311000518914838,0.024017278108894733,6,38.59594544396056,4,0.0,1.2827666677386207,0.7166213716770083
广西,CEG2000_f4_r0017_c0089,4,35.686204494878346,39.69902569566597,-4.012821200787627,-0.10108110036629225,5,35.6393367617478,2,-4.1783504626771,1.2827666677386207,0.7166213716770083
广西,CEG2000_f4_r0017_c0089,5,30.41600261058431,35.686204494878346,-5.2702018842940355,-0.14768177111831576,3,29.72611939732228,1,-6.267525694015651,1.2827666677386207,0.7166213716770083
广西,CEG2000_f4_r0017_c0089,6,23.08277806185238,30.41600261058431,-7.3332245487319305,-0.24109757756859473,1,23.812902032896766,0,-8.3567009253542,1.2827666677386207,0.7166213716770083
广西,CEG2000_f4_r0017_c0089,7,27.054234114042668,23.08277806185238,3.9714560521902875,0.17205277638369237,2,26.769510715109526,6,4.178350462677099,1.2827666677386207,0.7166213716770083
广西,CEG2000_f4_r0017_c0089,8,27.526507334038243,27.054234114042668,0.47227321999557503,0.01745653630425408,2,26.769510715109526,4,0.0,1.2827666677386207,0.7166213716770083
广西,CEG2000_f4_r0017_c0089,9,36.58804094860048,27.526507334038243,9.061533614562236,0.3291930031151132,5,35.6393367617478,8,8.3567009253542,1.2827666677386207,0.7166213716770083
广西,CEG2000_f4_r0017_c0089,10,27.61268131314211,36.58804094860048,-8.975359635458368,-0.24530855992172715,2,26.769510715109526,0,-8.3567009253542,1.2827666677386207,0.7166213716770083
广西,CEG2000_f4_r0017_c0089,11,31.74689765930291,27.61268131314211,4.134216346160798,0.14972165503511387,4,32.68272807953504,6,4.178350462677099,1.2827666677386207,0.7166213716770083
广西,CEG2000_f4_r0017_c0089,12,40.52181713742355,31.74689765930291,8.774919478120637,0.27640242433418655,7,41.552554126173305,8,8.3567009253542,1.2827666677386207,0.7166213716770083
广西,CEG2000_f4_r0017_c0090,1,40.14661487655233,,,,7,41.552554126173305,4,,1.0956219600934278,0.7078744236744163
广西,CEG2000_f4_r0017_c0090,2,38.571402877482335,40.14661487655233,-1.5752119990699924,-0.03923648367150369,6,38.59594544396056,3,-2.0891752313385505,1.0956219600934278,0.7078744236744163
广西,CEG2000_f4_r0017_c0090,3,36.86902020529202,38.571402877482335,-1.7023826721903177,-0.04413587645742993,5,35.6393367617478,3,-2.0891752313385505,1.0956219600934278,0.7078744236744163
广西,CEG2000_f4_r0017_c0090,4,34.811130106250076,36.86902020529202,-2.0578900990419413,-0.05581624050716056,5,35.6393367617478,3,-2.0891752313385505,1.0956219600934278,0.7078744236744163
广西,CEG2000_f4_r0017_c0090,5,29.302744145087143,34.811130106250076,-5.508385961162933,-0.15823634407588347,3,29.72611939732228,1,-6.267525694015651,1.0956219600934278,0.7078744236744163
广西,CEG2000_f4_r0017_c0090,6,22.837682315186665,29.302744145087143,-6.465061829900478,-0.22062991090151537,1,23.812902032896766,1,-6.267525694015651,1.0956219600934278,0.7078744236744163
广西,CEG2000_f4_r0017_c0090,7,26.066789248480248,22.837682315186665,3.2291069332935827,0.14139381083982774,2,26.769510715109526,6,4.178350462677099,1.0956219600934278,0.7078744236744163
广西,CEG2000_f4_r0017_c0090,8,27.356762315551386,26.066789248480248,1.2899730670711378,0.0494872250960615,2,26.769510715109526,5,2.08917523133855,1.0956219600934278,0.7078744236744163
广西,CEG2000_f4_r0017_c0090,9,35.291579414283596,27.356762315551386,7.934817098732211,0.29004956826420714,5,35.6393367617478,8,8.3567009253542,1.0956219600934278,0.7078744236744163
广西,CEG2000_f4_r0017_c0090,10,27.00104757623243,35.291579414283596,-8.290531838051166,-0.23491529638641592,2,26.769510715109526,0,-8.3567009253542,1.0956219600934278,0.7078744236744163
广西,CEG2000_f4_r0017_c0090,11,30.10775223442277,27.00104757623243,3.1067046581903384,0.11505867131336799,3,29.72611939732228,5,2.08917523133855,1.0956219600934278,0.7078744236744163
广西,CEG2000_f4_r0017_c0090,12,38.73694352567949,30.10775223442277,8.629191291256724,0.28661027977342013,6,38.59594544396056,8,8.3567009253542,1.0956219600934278,0.7078744236744163
广西,CEG2000_f4_r0017_c0091,1,44.79659017309901,,,,8,44.509162808386066,4,,0.9384478808457932,0.6214017982683361
广西,CEG2000_f4_r0017_c0091,2,40.59739177412695,44.79659017309901,-4.199198398972065,-0.09373924182054694,7,41.552554126173305,2,-4.1783504626771,0.9384478808457932,0.6214017982683361
广西,CEG2000_f4_r0017_c0091,3,42.50456300156942,40.59739177412695,1.9071712274424755,0.04697767871526001,7,41.552554126173305,5,2.08917523133855,0.9384478808457932,0.6214017982683361
广西,CEG2000_f4_r0017_c0091,4,39.36501986130586,42.50456300156942,-3.1395431402635623,-0.07386367294607026,6,38.59594544396056,2,-4.1783504626771,0.9384478808457932,0.6214017982683361
广西,CEG2000_f4_r0017_c0091,5,33.98227112524339,39.36501986130586,-5.382748736062467,-0.13673938829517726,4,32.68272807953504,1,-6.267525694015651,0.9384478808457932,0.6214017982683361
广西,CEG2000_f4_r0017_c0091,6,26.07219825600264,33.98227112524339,-7.910072869240754,-0.23277057734274959,2,26.769510715109526,0,-8.3567009253542,0.9384478808457932,0.6214017982683361
广西,CEG2000_f4_r0017_c0091,7,29.08949299126252,26.07219825600264,3.017294735259881,0.11572843630725327,3,29.72611939732228,5,2.08917523133855,0.9384478808457932,0.6214017982683361
广西,CEG2000_f4_r0017_c0091,8,32.40728272427518,29.08949299126252,3.3177897330126562,0.11405457406937981,4,32.68272807953504,6,4.178350462677099,0.9384478808457932,0.6214017982683361
广西,CEG2000_f4_r0017_c0091,9,40.416909098607114,32.40728272427518,8.009626374331937,0.24715513616117535,7,41.552554126173305,8,8.3567009253542,0.9384478808457932,0.6214017982683361
广西,CEG2000_f4_r0017_c0091,10,31.167103114270624,40.416909098607114,-9.24980598433649,-0.22885980622044316,3,29.72611939732228,0,-8.3567009253542,0.9384478808457932,0.6214017982683361
广西,CEG2000_f4_r0017_c0091,11,37.90489565570695,31.167103114270624,6.7377925414363276,0.21618282959224605,6,38.59594544396056,7,6.267525694015649,0.9384478808457932,0.6214017982683361
广西,CEG2000_f4_r0017_c0091,12,48.39672318694479,37.90489565570695,10.491827531237838,0.27679346822468276,8,44.509162808386066,8,8.3567009253542,0.9384478808457932,0.6214017982683361
广西,CEG2000_f4_r0017_c0092,1,42.00600181985803,,,,7,41.552554126173305,4,,0.8105385746079008,0.7224920611440704
广西,CEG2000_f4_r0017_c0092,2,40.231820939938416,42.00600181985803,-1.7741808799196122,-0.04223636630613298,7,41.552554126173305,3,-2.0891752313385505,0.8105385746079008,0.7224920611440704
广西,CEG2000_f4_r0017_c0092,3,39.81496622329404,40.231820939938416,-0.416854716644373,-0.010361318650395919,6,38.59594544396056,4,0.0,0.8105385746079008,0.7224920611440704
广西,CEG2000_f4_r0017_c0092,4,35.282922464789976,39.81496622329404,-4.5320437585040665,-0.11382764292921993,5,35.6393367617478,2,-4.1783504626771,0.8105385746079008,0.7224920611440704
广西,CEG2000_f4_r0017_c0092,5,30.718840423176708,35.282922464789976,-4.564082041613268,-0.12935668937764214,3,29.72611939732228,2,-4.1783504626771,0.8105385746079008,0.7224920611440704
广西,CEG2000_f4_r0017_c0092,6,24.44155456308655,30.718840423176708,-6.277285860090156,-0.20434644581681796,1,23.812902032896766,1,-6.267525694015651,0.8105385746079008,0.7224920611440704
广西,CEG2000_f4_r0017_c0092,7,25.98341514855848,24.44155456308655,1.5418605854719267,0.06308357275279695,2,26.769510715109526,5,2.08917523133855,0.8105385746079008,0.7224920611440704
广西,CEG2000_f4_r0017_c0092,8,29.665944468125453,25.98341514855848,3.6825293195669744,0.14172614717935858,3,29.72611939732228,6,4.178350462677099,0.8105385746079008,0.7224920611440704
广西,CEG2000_f4_r0017_c0092,9,36.7259319625861,29.665944468125453,7.05998749446065,0.2379828999560842,5,35.6393367617478,7,6.267525694015649,0.8105385746079008,0.7224920611440704
广西,CEG2000_f4_r0017_c0092,10,27.380526124036805,36.7259319625861,-9.345405838549297,-0.25446340879980295,2,26.769510715109526,0,-8.3567009253542,0.8105385746079008,0.7224920611440704
广西,CEG2000_f4_r0017_c0092,11,32.192948984078654,27.380526124036805,4.812422860041849,0.1757607884611509,4,32.68272807953504,6,4.178350462677099,0.8105385746079008,0.7224920611440704
广西,CEG2000_f4_r0017_c0092,12,40.61301843232013,32.192948984078654,8.420069448241478,0.2615501131134556,7,41.552554126173305,8,8.3567009253542,0.8105385746079008,0.7224920611440704
广西,CEG2000_f4_r0017_c0093,1,39.52396568914271,,,,6,38.59594544396056,4,,0.7167285149219016,0.8661264001392706
广西,CEG2000_f4_r0017_c0093,2,37.88217610753348,39.52396568914271,-1.6417895816092312,-0.04153909034639793,6,38.59594544396056,3,-2.0891752313385505,0.7167285149219016,0.8661264001392706
广西,CEG2000_f4_r0017_c0093,3,37.83670305432967,37.88217610753348,-0.04547305320381412,-0.001200381231393174,6,38.59594544396056,4,0.0,0.7167285149219016,0.8661264001392706
广西,CEG2000_f4_r0017_c0093,4,32.52471196046291,37.83670305432967,-5.311991093866759,-0.1403925465239209,4,32.68272807953504,1,-6.267525694015651,0.7167285149219016,0.8661264001392706
广西,CEG2000_f4_r0017_c0093,5,29.487727411317152,32.52471196046291,-3.0369845491457568,-0.09337467931576211,3,29.72611939732228,3,-2.0891752313385505,0.7167285149219016,0.8661264001392706
广西,CEG2000_f4_r0017_c0093,6,23.450580573540257,29.487727411317152,-6.037146837776895,-0.20473421886896195,1,23.812902032896766,1,-6.267525694015651,0.7167285149219016,0.8661264001392706
广西,CEG2000_f4_r0017_c0093,7,25.241767219823313,23.450580573540257,1.7911866462830552,0.07638133481028123,1,23.812902032896766,5,2.08917523133855,0.7167285149219016,0.8661264001392706
广西,CEG2000_f4_r0017_c0093,8,27.552687481089414,25.241767219823313,2.3109202612661015,0.09155144491829592,2,26.769510715109526,5,2.08917523133855,0.7167285149219016,0.8661264001392706
广西,CEG2000_f4_r0017_c0093,9,33.94976490961827,27.552687481089414,6.397077428528853,0.23217616912758293,4,32.68272807953504,7,6.267525694015649,0.7167285149219016,0.8661264001392706
广西,CEG2000_f4_r0017_c0093,10,25.455395766476872,33.94976490961827,-8.494369143141395,-0.2502040637322606,2,26.769510715109526,0,-8.3567009253542,0.7167285149219016,0.8661264001392706
广西,CEG2000_f4_r0017_c0093,11,28.84160446067665,25.455395766476872,3.3862086941997767,0.1330251835510331,3,29.72611939732228,6,4.178350462677099,0.7167285149219016,0.8661264001392706
广西,CEG2000_f4_r0017_c0093,12,37.21551072896041,28.84160446067665,8.373906268283761,0.2903412076017113,6,38.59594544396056,8,8.3567009253542,0.7167285149219016,0.8661264001392706
广西,CEG2000_f4_r0018_c0088,1,42.40736148478479,,,,7,41.552554126173305,4,,1.4816765116112631,0.9330395800895294
广西,CEG2000_f4_r0018_c0088,2,40.385230672759455,42.40736148478479,-2.0221308120253383,-0.047683485631400395,7,41.552554126173305,3,-2.0891752313385505,1.4816765116112631,0.9330395800895294
广西,CEG2000_f4_r0018_c0088,3,37.71637239197086,40.385230672759455,-2.668858280788598,-0.06608500772013144,6,38.59594544396056,3,-2.0891752313385505,1.4816765116112631,0.9330395800895294
广西,CEG2000_f4_r0018_c0088,4,34.271049241560874,37.71637239197086,-3.4453231504099833,-0.09134821118542756,5,35.6393367617478,2,-4.1783504626771,1.4816765116112631,0.9330395800895294
广西,CEG2000_f4_r0018_c0088,5,28.87679261217752,34.271049241560874,-5.394256629383353,-0.15739980971582507,3,29.72611939732228,1,-6.267525694015651,1.4816765116112631,0.9330395800895294
广西,CEG2000_f4_r0018_c0088,6,22.01039084636856,28.87679261217752,-6.866401765808963,-0.23778270177115718,0,20.856293350684005,1,-6.267525694015651,1.4816765116112631,0.9330395800895294
广西,CEG2000_f4_r0018_c0088,7,26.196484340705613,22.01039084636856,4.1860934943370545,0.19018714949479001,2,26.769510715109526,6,4.178350462677099,1.4816765116112631,0.9330395800895294
广西,CEG2000_f4_r0018_c0088,8,26.011654048530517,26.196484340705613,-0.1848302921750964,-0.007055538055077734,2,26.769510715109526,4,0.0,1.4816765116112631,0.9330395800895294
广西,CEG2000_f4_r0018_c0088,9,34.129866524488214,26.011654048530517,8.118212475957698,0.312099048403895,4,32.68272807953504,8,8.3567009253542,1.4816765116112631,0.9330395800895294
广西,CEG2000_f4_r0018_c0088,10,25.79897772990357,34.129866524488214,-8.330888794584645,-0.24409379944709786,2,26.769510715109526,0,-8.3567009253542,1.4816765116112631,0.9330395800895294
广西,CEG2000_f4_r0018_c0088,11,28.950194383032528,25.79897772990357,3.1512166531289587,0.12214502009032654,3,29.72611939732228,6,4.178350462677099,1.4816765116112631,0.9330395800895294
广西,CEG2000_f4_r0018_c0088,12,38.06959729934095,28.950194383032528,9.11940291630842,0.3150031670133872,6,38.59594544396056,8,8.3567009253542,1.4816765116112631,0.9330395800895294
广西,CEG2000_f4_r0018_c0089,1,43.30199432089748,,,,8,44.509162808386066,4,,1.3182073050226646,0.8574338907732633
广西,CEG2000_f4_r0018_c0089,2,40.07389027971229,43.30199432089748,-3.2281040411851905,-0.07454862280159028,6,38.59594544396056,2,-4.1783504626771,1.3182073050226646,0.8574338907732633
广西,CEG2000_f4_r0018_c0089,3,38.98678737217056,40.07389027971229,-1.087102907541727,-0.02712746129596709,6,38.59594544396056,3,-2.0891752313385505,1.3182073050226646,0.8574338907732633
广西,CEG2000_f4_r0018_c0089,4,35.44248850906563,38.98678737217056,-3.5442988631049275,-0.09091025708968543,5,35.6393367617478,2,-4.1783504626771,1.3182073050226646,0.8574338907732633
广西,CEG2000_f4_r0018_c0089,5,30.032422391101218,35.44248850906563,-5.410066117964416,-0.15264351758428604,3,29.72611939732228,1,-6.267525694015651,1.3182073050226646,0.8574338907732633
广西,CEG2000_f4_r0018_c0089,6,21.84282331616625,30.032422391101218,-8.189599074934968,-0.27269192502305756,0,20.856293350684005,0,-8.3567009253542,1.3182073050226646,0.8574338907732633
广西,CEG2000_f4_r0018_c0089,7,27.26005065054972,21.84282331616625,5.417227334383469,0.24800948375451473,2,26.769510715109526,7,6.267525694015649,1.3182073050226646,0.8574338907732633
广西,CEG2000_f4_r0018_c0089,8,27.31733919562193,27.26005065054972,0.05728854507221115,0.002101556809508565,2,26.769510715109526,4,0.0,1.3182073050226646,0.8574338907732633
广西,CEG2000_f4_r0018_c0089,9,37.27451064774745,27.31733919562193,9.957171452125518,0.36450004814968673,6,38.59594544396056,8,8.3567009253542,1.3182073050226646,0.8574338907732633
广西,CEG2000_f4_r0018_c0089,10,27.09203879606582,37.27451064774745,-10.182471851681626,-0.27317519867419016,2,26.769510715109526,0,-8.3567009253542,1.3182073050226646,0.8574338907732633
广西,CEG2000_f4_r0018_c0089,11,31.15978438110427,27.09203879606582,4.067745585038448,0.15014542152616242,3,29.72611939732228,6,4.178350462677099,1.3182073050226646,0.8574338907732633
广西,CEG2000_f4_r0018_c0089,12,40.40836908346159,31.15978438110427,9.248584702357316,0.29681157575550454,7,41.552554126173305,8,8.3567009253542,1.3182073050226646,0.8574338907732633
广西,CEG2000_f4_r0018_c0090,1,42.50376418716798,,,,7,41.552554126173305,4,,1.1769799149200206,0.8227241308128357
广西,CEG2000_f4_r0018_c0090,2,40.97568879720812,42.50376418716798,-1.5280753899598594,-0.035951530862793325,7,41.552554126173305,3,-2.0891752313385505,1.1769799149200206,0.8227241308128357
广西,CEG2000_f4_r0018_c0090,3,36.34894836732227,40.97568879720812,-4.626740429885849,-0.11291428077716884,5,35.6393367617478,2,-4.1783504626771,1.1769799149200206,0.8227241308128357
广西,CEG2000_f4_r0018_c0090,4,33.394351538726625,36.34894836732227,-2.9545968285956477,-0.08128424511042615,4,32.68272807953504,3,-2.0891752313385505,1.1769799149200206,0.8227241308128357
广西,CEG2000_f4_r0018_c0090,5,28.95274170091463,33.394351538726625,-4.4416098378119955,-0.13300482366489935,3,29.72611939732228,2,-4.1783504626771,1.1769799149200206,0.8227241308128357
广西,CEG2000_f4_r0018_c0090,6,21.356644784325383,28.95274170091463,-7.5960969165892465,-0.2623619205067989,0,20.856293350684005,0,-8.3567009253542,1.1769799149200206,0.8227241308128357
广西,CEG2000_f4_r0018_c0090,7,26.024561582953403,21.356644784325383,4.667916798628021,0.21856976345151455,2,26.769510715109526,6,4.178350462677099,1.1769799149200206,0.8227241308128357
广西,CEG2000_f4_r0018_c0090,8,26.346996897004416,26.024561582953403,0.3224353140510132,0.012389654020616227,2,26.769510715109526,4,0.0,1.1769799149200206,0.8227241308128357
广西,CEG2000_f4_r0018_c0090,9,35.219215633049345,26.346996897004416,8.872218736044928,0.3367449721396398,5,35.6393367617478,8,8.3567009253542,1.1769799149200206,0.8227241308128357
广西,CEG2000_f4_r0018_c0090,10,26.454670959039984,35.219215633049345,-8.764544674009361,-0.24885689577324951,2,26.769510715109526,0,-8.3567009253542,1.1769799149200206,0.8227241308128357
广西,CEG2000_f4_r0018_c0090,11,30.04281201204682,26.454670959039984,3.5881410530068365,0.1356335544132221,3,29.72611939732228,6,4.178350462677099,1.1769799149200206,0.8227241308128357
广西,CEG2000_f4_r0018_c0090,12,38.22899915534839,30.04281201204682,8.18618714330157,0.27248405175983537,6,38.59594544396056,8,8.3567009253542,1.1769799149200206,0.8227241308128357
广西,CEG2000_f4_r0018_c0091,1,40.733427339405864,,,,7,41.552554126173305,4,,1.0364503410763428,0.7694074224820553
广西,CEG2000_f4_r0018_c0091,2,40.01552227752678,40.733427339405864,-0.7179050618790868,-0.01762446984628223,6,38.59594544396056,4,0.0,1.0364503410763428,0.7694074224820553
广西,CEG2000_f4_r0018_c0091,3,36.03708686505707,40.01552227752678,-3.9784354124697074,-0.09942230379694549,5,35.6393367617478,2,-4.1783504626771,1.0364503410763428,0.7694074224820553
广西,CEG2000_f4_r0018_c0091,4,34.04379970121338,36.03708686505707,-1.9932871638436893,-0.05531210586770421,4,32.68272807953504,3,-2.0891752313385505,1.0364503410763428,0.7694074224820553
广西,CEG2000_f4_r0018_c0091,5,29.36291602307939,34.04379970121338,-4.680883678133991,-0.13749592346377118,3,29.72611939732228,2,-4.1783504626771,1.0364503410763428,0.7694074224820553
广西,CEG2000_f4_r0018_c0091,6,22.16617141505217,29.36291602307939,-7.19674460802722,-0.2450963862843372,0,20.856293350684005,1,-6.267525694015651,1.0364503410763428,0.7694074224820553
广西,CEG2000_f4_r0018_c0091,7,25.521117874833024,22.16617141505217,3.354946459780855,0.15135434969625128,2,26.769510715109526,6,4.178350462677099,1.0364503410763428,0.7694074224820553
广西,CEG2000_f4_r0018_c0091,8,26.479297422357615,25.521117874833024,0.9581795475245904,0.03754457591645991,2,26.769510715109526,4,0.0,1.0364503410763428,0.7694074224820553
广西,CEG2000_f4_r0018_c0091,9,34.70355511352126,26.479297422357615,8.224257691163647,0.31059199041359575,5,35.6393367617478,8,8.3567009253542,1.0364503410763428,0.7694074224820553
广西,CEG2000_f4_r0018_c0091,10,26.473896570990497,34.70355511352126,-8.229658542530764,-0.23714165639831838,2,26.769510715109526,0,-8.3567009253542,1.0364503410763428,0.7694074224820553
广西,CEG2000_f4_r0018_c0091,11,30.131662784180268,26.473896570990497,3.6577662131897704,0.1381650110848385,3,29.72611939732228,6,4.178350462677099,1.0364503410763428,0.7694074224820553
广西,CEG2000_f4_r0018_c0091,12,38.08265980447599,30.131662784180268,7.95099702029572,0.26387514944811324,6,38.59594544396056,8,8.3567009253542,1.0364503410763428,0.7694074224820553
广西,CEG2000_f4_r0018_c0092,1,41.010430834731274,,,,7,41.552554126173305,4,,0.9158643578946358,0.7694074224820544
广西,CEG2000_f4_r0018_c0092,2,39.42991084533051,41.010430834731274,-1.5805199894007629,-0.0385394631860887,6,38.59594544396056,3,-2.0891752313385505,0.9158643578946358,0.7694074224820544
广西,CEG2000_f4_r0018_c0092,3,39.45732964959326,39.42991084533051,0.02741880426275145,0.0006953808333553086,6,38.59594544396056,4,0.0,0.9158643578946358,0.7694074224820544
广西,CEG2000_f4_r0018_c0092,4,36.467772417074976,39.45732964959326,-2.989557232518287,-0.07576684127049393,5,35.6393367617478,3,-2.0891752313385505,0.9158643578946358,0.7694074224820544
广西,CEG2000_f4_r0018_c0092,5,31.176370252237383,36.467772417074976,-5.291402164837592,-0.14509803626941706,3,29.72611939732228,1,-6.267525694015651,0.9158643578946358,0.7694074224820544
广西,CEG2000_f4_r0018_c0092,6,23.944183788871843,31.176370252237383,-7.23218646336554,-0.2319765387969281,1,23.812902032896766,1,-6.267525694015651,0.9158643578946358,0.7694074224820544
广西,CEG2000_f4_r0018_c0092,7,27.21598386280022,23.944183788871843,3.2718000739283752,0.1366427898640236,2,26.769510715109526,6,4.178350462677099,0.9158643578946358,0.7694074224820544
广西,CEG2000_f4_r0018_c0092,8,28.988326320159707,27.21598386280022,1.772342457359489,0.06512138110803299,3,29.72611939732228,5,2.08917523133855,0.9158643578946358,0.7694074224820544
广西,CEG2000_f4_r0018_c0092,9,38.35957368134557,28.988326320159707,9.371247361185866,0.3232765927113462,6,38.59594544396056,8,8.3567009253542,0.9158643578946358,0.7694074224820544
广西,CEG2000_f4_r0018_c0092,10,27.57965666592999,38.35957368134557,-10.779917015415585,-0.28102285768253743,2,26.769510715109526,0,-8.3567009253542,0.9158643578946358,0.7694074224820544
广西,CEG2000_f4_r0018_c0092,11,31.71436183151747,27.57965666592999,4.13470516558748,0.14991865981766228,4,32.68272807953504,6,4.178350462677099,0.9158643578946358,0.7694074224820544
广西,CEG2000_f4_r0018_c0092,12,41.2844809872368,31.71436183151747,9.570119155719329,0.30175978966755135,7,41.552554126173305,8,8.3567009253542,0.9158643578946358,0.7694074224820544
广西,CEG2000_f4_r0018_c0093,1,41.78753654919879,,,,7,41.552554126173305,4,,0.8140575599515557,0.8882924242564477
广西,CEG2000_f4_r0018_c0093,2,38.99325943517453,41.78753654919879,-2.7942771140242613,-0.06686867292917359,6,38.59594544396056,3,-2.0891752313385505,0.8140575599515557,0.8882924242564477
广西,CEG2000_f4_r0018_c0093,3,42.34052550101671,38.99325943517453,3.3472660658421773,0.08584217155293049,7,41.552554126173305,6,4.178350462677099,0.8140575599515557,0.8882924242564477
广西,CEG2000_f4_r0018_c0093,4,37.01576392010386,42.34052550101671,-5.324761580912849,-0.12576040372444097,5,35.6393367617478,1,-6.267525694015651,0.8140575599515557,0.8882924242564477
广西,CEG2000_f4_r0018_c0093,5,31.892882965975325,37.01576392010386,-5.122880954128533,-0.13839727758113926,4,32.68272807953504,2,-4.1783504626771,0.8140575599515557,0.8882924242564477
广西,CEG2000_f4_r0018_c0093,6,24.676698329198302,31.892882965975325,-7.216184636777022,-0.2262631648720987,1,23.812902032896766,1,-6.267525694015651,0.8140575599515557,0.8882924242564477
广西,CEG2000_f4_r0018_c0093,7,27.939905929450873,24.676698329198302,3.2632076002525707,0.1322384200965586,2,26.769510715109526,6,4.178350462677099,0.8140575599515557,0.8882924242564477
广西,CEG2000_f4_r0018_c0093,8,29.77449457490445,27.939905929450873,1.8345886454535751,0.06566194782781189,3,29.72611939732228,5,2.08917523133855,0.8140575599515557,0.8882924242564477
广西,CEG2000_f4_r0018_c0093,9,38.19546562963538,29.77449457490445,8.42097105473093,0.2828249874585136,6,38.59594544396056,8,8.3567009253542,0.8140575599515557,0.8882924242564477
广西,CEG2000_f4_r0018_c0093,10,27.593592407524905,38.19546562963538,-10.601873222110473,-0.27756889587136263,2,26.769510715109526,0,-8.3567009253542,0.8140575599515557,0.8882924242564477
广西,CEG2000_f4_r0018_c0093,11,32.315857680659335,27.593592407524905,4.722265273134429,0.171136298724433,4,32.68272807953504,6,4.178350462677099,0.8140575599515557,0.8882924242564477
广西,CEG2000_f4_r0018_c0093,12,42.64693222727493,32.315857680659335,10.331074546615596,0.31969055714707595,7,41.552554126173305,8,8.3567009253542,0.8140575599515557,0.8882924242564477
广西,CEG2000_f4_r0018_c0094,1,41.48368026262504,,,,7,41.552554126173305,4,,0.7599494683957922,0.9487260674647572
广西,CEG2000_f4_r0018_c0094,2,39.63328323888282,41.48368026262504,-1.8503970237422251,-0.04460542102406837,6,38.59594544396056,3,-2.0891752313385505,0.7599494683957922,0.9487260674647572
广西,CEG2000_f4_r0018_c0094,3,43.32481186007848,39.63328323888282,3.6915286211956655,0.0931421350824157,8,44.509162808386066,6,4.178350462677099,0.7599494683957922,0.9487260674647572
广西,CEG2000_f4_r0018_c0094,4,36.58971760712315,43.32481186007848,-6.735094252955335,-0.1554558222827822,5,35.6393367617478,1,-6.267525694015651,0.7599494683957922,0.9487260674647572
广西,CEG2000_f4_r0018_c0094,5,31.580593474610087,36.58971760712315,-5.009124132513062,-0.13689977567735873,4,32.68272807953504,2,-4.1783504626771,0.7599494683957922,0.9487260674647572
广西,CEG2000_f4_r0018_c0094,6,24.850651197964226,31.580593474610087,-6.729942276645861,-0.21310373036708594,1,23.812902032896766,1,-6.267525694015651,0.7599494683957922,0.9487260674647572
广西,CEG2000_f4_r0018_c0094,7,27.481777651075223,24.850651197964226,2.6311264531109977,0.10587756562800014,2,26.769510715109526,5,2.08917523133855,0.7599494683957922,0.9487260674647572
广西,CEG2000_f4_r0018_c0094,8,29.80694958387133,27.481777651075223,2.3251719327961062,0.08460777036761791,3,29.72611939732228,5,2.08917523133855,0.7599494683957922,0.9487260674647572
广西,CEG2000_f4_r0018_c0094,9,37.922490306252634,29.80694958387133,8.115540722381304,0.2722700858585227,6,38.59594544396056,8,8.3567009253542,0.7599494683957922,0.9487260674647572
广西,CEG2000_f4_r0018_c0094,10,26.802509814134577,37.922490306252634,-11.119980492118057,-0.2932291735673435,2,26.769510715109526,0,-8.3567009253542,0.7599494683957922,0.9487260674647572
广西,CEG2000_f4_r0018_c0094,11,31.080485024247334,26.802509814134577,4.277975210112757,0.15961099314127378,3,29.72611939732228,6,4.178350462677099,0.7599494683957922,0.9487260674647572
广西,CEG2000_f4_r0018_c0094,12,42.31298593526335,31.080485024247334,11.232500911016015,0.3614004383217642,7,41.552554126173305,8,8.3567009253542,0.7599494683957922,0.9487260674647572
广西,CEG2000_f4_r0019_c0090,1,43.29430304452563,,,,8,44.509162808386066,4,,1.1842783242282493,0.9459531932327724
广西,CEG2000_f4_r0019_c0090,2,40.250338811017905,43.29430304452563,-3.0439642335077224,-0.07030865539923775,7,41.552554126173305,3,-2.0891752313385505,1.1842783242282493,0.9459531932327724
广西,CEG2000_f4_r0019_c0090,3,36.14018387036147,40.250338811017905,-4.110154940656436,-0.10211479113143129,5,35.6393367617478,2,-4.1783504626771,1.1842783242282493,0.9459531932327724
广西,CEG2000_f4_r0019_c0090,4,32.353358713301944,36.14018387036147,-3.786825157059525,-0.10478156864511962,4,32.68272807953504,2,-4.1783504626771,1.1842783242282493,0.9459531932327724
广西,CEG2000_f4_r0019_c0090,5,28.92444957247067,32.353358713301944,-3.428909140831273,-0.10598309656862587,3,29.72611939732228,2,-4.1783504626771,1.1842783242282493,0.9459531932327724
广西,CEG2000_f4_r0019_c0090,6,20.256335467028684,28.92444957247067,-8.668114105441987,-0.29968121203910514,0,20.856293350684005,0,-8.3567009253542,1.1842783242282493,0.9459531932327724
广西,CEG2000_f4_r0019_c0090,7,24.595431081324524,20.256335467028684,4.3390956142958395,0.21420930855724632,1,23.812902032896766,6,4.178350462677099,1.1842783242282493,0.9459531932327724
广西,CEG2000_f4_r0019_c0090,8,24.96072053559077,24.595431081324524,0.3652894542662466,0.014851923231531134,1,23.812902032896766,4,0.0,1.1842783242282493,0.9459531932327724
广西,CEG2000_f4_r0019_c0090,9,33.85814034942634,24.96072053559077,8.897419813835572,0.35645684991941634,4,32.68272807953504,8,8.3567009253542,1.1842783242282493,0.9459531932327724
广西,CEG2000_f4_r0019_c0090,10,25.11240677748488,33.85814034942634,-8.745733571941464,-0.2583051957869754,1,23.812902032896766,0,-8.3567009253542,1.1842783242282493,0.9459531932327724
广西,CEG2000_f4_r0019_c0090,11,28.479395320834083,25.11240677748488,3.366988543349205,0.1340766965581315,3,29.72611939732228,6,4.178350462677099,1.1842783242282493,0.9459531932327724
广西,CEG2000_f4_r0019_c0090,12,36.6857349694976,28.479395320834083,8.20633964866352,0.28815006625720657,5,35.6393367617478,8,8.3567009253542,1.1842783242282493,0.9459531932327724
广西,CEG2000_f4_r0019_c0091,1,39.39598061111195,,,,6,38.59594544396056,4,,1.0906421765999814,0.9997987149595094
广西,CEG2000_f4_r0019_c0091,2,39.53361607212947,39.39598061111195,0.137635461017517,0.003493642216350767,6,38.59594544396056,4,0.0,1.0906421765999814,0.9997987149595094
广西,CEG2000_f4_r0019_c0091,3,34.99902751690563,39.53361607212947,-4.534588555223841,-0.11470209421142857,5,35.6393367617478,2,-4.1783504626771,1.0906421765999814,0.9997987149595094
广西,CEG2000_f4_r0019_c0091,4,31.13835857457368,34.99902751690563,-3.860668942331948,-0.11030789185405578,3,29.72611939732228,2,-4.1783504626771,1.0906421765999814,0.9997987149595094
广西,CEG2000_f4_r0019_c0091,5,26.61557411145229,31.13835857457368,-4.52278446312139,-0.14524800503821395,2,26.769510715109526,2,-4.1783504626771,1.0906421765999814,0.9997987149595094
广西,CEG2000_f4_r0019_c0091,6,20.103785917765073,26.61557411145229,-6.511788193687217,-0.24466082025580993,0,20.856293350684005,1,-6.267525694015651,1.0906421765999814,0.9997987149595094
广西,CEG2000_f4_r0019_c0091,7,23.584759872372494,20.103785917765073,3.480973954607421,0.17315017026377086,1,23.812902032896766,6,4.178350462677099,1.0906421765999814,0.9997987149595094
广西,CEG2000_f4_r0019_c0091,8,23.466971686285056,23.584759872372494,-0.11778818608743791,-0.004994249961621046,1,23.812902032896766,4,0.0,1.0906421765999814,0.9997987149595094
广西,CEG2000_f4_r0019_c0091,9,31.44284446027277,23.466971686285056,7.975872773987714,0.3398765243599412,4,32.68272807953504,8,8.3567009253542,1.0906421765999814,0.9997987149595094
广西,CEG2000_f4_r0019_c0091,10,23.771988388120803,31.44284446027277,-7.670856072151967,-0.2439618998797611,1,23.812902032896766,0,-8.3567009253542,1.0906421765999814,0.9997987149595094
广西,CEG2000_f4_r0019_c0091,11,27.672271103608452,23.771988388120803,3.9002827154876485,0.16407052922155535,2,26.769510715109526,6,4.178350462677099,1.0906421765999814,0.9997987149595094
广西,CEG2000_f4_r0019_c0091,12,35.50947733927961,27.672271103608452,7.837206235671161,0.28321514364786604,5,35.6393367617478,8,8.3567009253542,1.0906421765999814,0.9997987149595094
广西,CEG2000_f4_r0019_c0092,1,40.086125315579686,,,,7,41.552554126173305,4,,0.9941181205742644,0.9137129184242332
广西,CEG2000_f4_r0019_c0092,2,39.09592803238561,40.086125315579686,-0.9901972831940782,-0.02470174593824444,6,38.59594544396056,4,0.0,0.9941181205742644,0.9137129184242332
广西,CEG2000_f4_r0019_c0092,3,36.76717969027844,39.09592803238561,-2.3287483421071684,-0.059564984368144946,5,35.6393367617478,3,-2.0891752313385505,0.9941181205742644,0.9137129184242332
广西,CEG2000_f4_r0019_c0092,4,33.89981563657052,36.76717969027844,-2.8673640537079166,-0.07798705470101838,4,32.68272807953504,3,-2.0891752313385505,0.9941181205742644,0.9137129184242332
广西,CEG2000_f4_r0019_c0092,5,28.7179161834687,33.89981563657052,-5.181899453101824,-0.1528592222640787,3,29.72611939732228,2,-4.1783504626771,0.9941181205742644,0.9137129184242332
广西,CEG2000_f4_r0019_c0092,6,21.7307011799249,28.7179161834687,-6.987215003543799,-0.2433050837987315,0,20.856293350684005,1,-6.267525694015651,0.9941181205742644,0.9137129184242332
广西,CEG2000_f4_r0019_c0092,7,25.596750879491893,21.7307011799249,3.866049699566993,0.1779072689627935,2,26.769510715109526,6,4.178350462677099,0.9941181205742644,0.9137129184242332
广西,CEG2000_f4_r0019_c0092,8,25.95476878906998,25.596750879491893,0.35801790957808777,0.013986849786663024,2,26.769510715109526,4,0.0,0.9941181205742644,0.9137129184242332
广西,CEG2000_f4_r0019_c0092,9,35.273415485814894,25.95476878906998,9.318646696744914,0.3590340862781703,5,35.6393367617478,8,8.3567009253542,0.9941181205742644,0.9137129184242332
广西,CEG2000_f4_r0019_c0092,10,25.67768143136553,35.273415485814894,-9.595734054449363,-0.27203869889799187,2,26.769510715109526,0,-8.3567009253542,0.9941181205742644,0.9137129184242332
广西,CEG2000_f4_r0019_c0092,11,28.60533154088416,25.67768143136553,2.927650109518627,0.1140153606681355,3,29.72611939732228,5,2.08917523133855,0.9941181205742644,0.9137129184242332
广西,CEG2000_f4_r0019_c0092,12,37.94120209546371,28.60533154088416,9.33587055457955,0.32636819962167757,6,38.59594544396056,8,8.3567009253542,0.9941181205742644,0.9137129184242332
广西,CEG2000_f4_r0019_c0093,1,42.17319574048392,,,,7,41.552554126173305,4,,0.9009980039019518,0.9194776595984714
广西,CEG2000_f4_r0019_c0093,2,39.7342040652809,42.17319574048392,-2.4389916752030203,-0.05783274500257338,6,38.59594544396056,3,-2.0891752313385505,0.9009980039019518,0.9194776595984714
广西,CEG2000_f4_r0019_c0093,3,43.30823452220874,39.7342040652809,3.5740304569278436,0.08994845979690262,8,44.509162808386066,6,4.178350462677099,0.9009980039019518,0.9194776595984714
广西,CEG2000_f4_r0019_c0093,4,38.338052974549754,43.30823452220874,-4.970181547658989,-0.11476296834751477,6,38.59594544396056,2,-4.1783504626771,0.9009980039019518,0.9194776595984714
广西,CEG2000_f4_r0019_c0093,5,33.244624354260516,38.338052974549754,-5.093428620289238,-0.13285569362821967,4,32.68272807953504,2,-4.1783504626771,0.9009980039019518,0.9194776595984714
广西,CEG2000_f4_r0019_c0093,6,24.813614976077872,33.244624354260516,-8.431009378182644,-0.2536051930784459,1,23.812902032896766,0,-8.3567009253542,0.9009980039019518,0.9194776595984714
广西,CEG2000_f4_r0019_c0093,7,29.115801068019337,24.813614976077872,4.302186091941465,0.17338006155447663,3,29.72611939732228,6,4.178350462677099,0.9009980039019518,0.9194776595984714
广西,CEG2000_f4_r0019_c0093,8,29.727417834744283,29.115801068019337,0.6116167667249464,0.02100635202500897,3,29.72611939732228,4,0.0,0.9009980039019518,0.9194776595984714
广西,CEG2000_f4_r0019_c0093,9,40.31613383019933,29.727417834744283,10.588715995455043,0.3561936006120031,7,41.552554126173305,8,8.3567009253542,0.9009980039019518,0.9194776595984714
广西,CEG2000_f4_r0019_c0093,10,29.115370361277076,40.31613383019933,-11.20076346892225,-0.2778233527077979,3,29.72611939732228,0,-8.3567009253542,0.9009980039019518,0.9194776595984714
广西,CEG2000_f4_r0019_c0093,11,32.76492476571952,29.115370361277076,3.649554404442444,0.1253480329859134,4,32.68272807953504,6,4.178350462677099,0.9009980039019518,0.9194776595984714
广西,CEG2000_f4_r0019_c0093,12,44.06105987385078,32.76492476571952,11.29613510813126,0.3447630412370091,8,44.509162808386066,8,8.3567009253542,0.9009980039019518,0.9194776595984714
广西,CEG2000_f4_r0019_c0094,1,45.02191412961235,,,,8,44.509162808386066,4,,0.8467182016908347,0.9919172626085396
广西,CEG2000_f4_r0019_c0094,2,40.71534261306795,45.02191412961235,-4.306571516544395,-0.09565500711822969,7,41.552554126173305,2,-4.1783504626771,0.8467182016908347,0.9919172626085396
广西,CEG2000_f4_r0019_c0094,3,47.75335666117458,40.71534261306795,7.038014048106625,0.1728590157030316,8,44.509162808386066,7,6.267525694015649,0.8467182016908347,0.9919172626085396
广西,CEG2000_f4_r0019_c0094,4,40.11969657122639,47.75335666117458,-7.633660089948187,-0.15985598968699644,7,41.552554126173305,0,-8.3567009253542,0.8467182016908347,0.9919172626085396
广西,CEG2000_f4_r0019_c0094,5,36.09302022215018,40.11969657122639,-4.026676349076212,-0.10036657036843394,5,35.6393367617478,2,-4.1783504626771,0.8467182016908347,0.9919172626085396
广西,CEG2000_f4_r0019_c0094,6,27.202158965306104,36.09302022215018,-8.890861256844076,-0.24633187253716662,2,26.769510715109526,0,-8.3567009253542,0.8467182016908347,0.9919172626085396
广西,CEG2000_f4_r0019_c0094,7,30.635555161210146,27.202158965306104,3.4333961959040415,0.12621778294447247,3,29.72611939732228,6,4.178350462677099,0.8467182016908347,0.9919172626085396
广西,CEG2000_f4_r0019_c0094,8,32.596626058194694,30.635555161210146,1.9610708969845483,0.0640129054840044,4,32.68272807953504,5,2.08917523133855,0.8467182016908347,0.9919172626085396
广西,CEG2000_f4_r0019_c0094,9,43.08838514571222,32.596626058194694,10.49175908751753,0.32186641245589687,8,44.509162808386066,8,8.3567009253542,0.8467182016908347,0.9919172626085396
广西,CEG2000_f4_r0019_c0094,10,30.89675269354784,43.08838514571222,-12.191632452164384,-0.2829447520703288,3,29.72611939732228,0,-8.3567009253542,0.8467182016908347,0.9919172626085396
广西,CEG2000_f4_r0019_c0094,11,36.55179429678058,30.89675269354784,5.655041603232739,0.18303028992472986,5,35.6393367617478,7,6.267525694015649,0.8467182016908347,0.9919172626085396
广西,CEG2000_f4_r0019_c0094,12,49.13292593670727,36.55179429678058,12.581131639926689,0.344200110609476,8,44.509162808386066,8,8.3567009253542,0.8467182016908347,0.9919172626085396
