pl_name,ra,dec,pl_rade,disc_year,discoverymethod
"HD 2039 b",6.0851069,-56.6499880,12.70000000,2002,"Radial Velocity"
"KOI-142 b",291.1481028,40.6694130,3.43800000,2013,"Transit"
"HAT-P-8 b",343.0414932,35.4471778,15.69260000,2008,"Transit"
"K2-43 b",169.1170280,-3.9754405,4.51000000,2016,"Transit"
"Kepler-1753 b",288.2366640,46.6058744,2.22678077,2021,"Transit"
"Kepler-1176 b",297.9197240,45.2742038,2.45000000,2016,"Transit"
"K2-126 b",203.5467021,-13.5769705,1.97000000,2017,"Transit"
"Kepler-1263 b",286.4836260,46.7526182,1.14000000,2016,"Transit"
"Kepler-1416 b",298.6634624,43.8940593,0.88000000,2016,"Transit"
"Kepler-1542 c",285.7284757,42.6544651,0.65000000,2016,"Transit"
"K2-85 b",59.4648290,18.4649505,1.40000000,2016,"Transit"
"Kepler-368 c",291.8800180,45.3878419,3.88000000,2014,"Transit"
"K2-123 b",134.4441404,21.4532748,2.76000000,2017,"Transit"
"Kepler-770 b",286.4904589,38.3748720,2.30000000,2016,"Transit"
"Kepler-1399 b",293.3116962,46.0416516,1.25000000,2016,"Transit"
"Kepler-723 b",284.8304434,44.6580932,12.19000000,2016,"Transit"
"K2-107 b",284.9853550,-22.2934206,15.98000000,2017,"Transit"
"K2-45 b",169.6327547,-1.7740582,6.71000000,2016,"Transit"
"K2-365 b",238.8197061,-21.0269691,2.90600000,2022,"Transit"
"K2-127 b",207.0782895,-11.5889878,8.37000000,2017,"Transit"
"K2-195 b",199.8315191,-8.5095364,3.13000000,2018,"Transit"
"K2-80 c",59.0374860,13.5590288,1.47000000,2016,"Transit"
"K2-229 c",186.8729195,-6.7218474,2.03000000,2018,"Transit"
"HAT-P-3 b",206.0940142,48.0285650,10.53646000,2007,"Transit"
"WASP-32 b",3.9617073,1.2005122,10.76064000,2010,"Transit"
"WASP-24 b",227.2154975,2.3432860,15.46842000,2010,"Transit"
"Kepler-65 c",288.6887221,41.1511076,2.58000000,2012,"Transit"
"TrES-2 b",286.8085258,49.3164211,15.24424000,2006,"Transit"
"Kepler-939 b",293.8656181,47.0268148,1.75000000,2016,"Transit"
"Kepler-1028 b",289.5931004,49.7812447,1.33000000,2016,"Transit"
"HAT-P-67 b",256.6107279,44.7768849,23.98721870,2017,"Transit"
"Kepler-1101 b",294.5693544,45.6711623,2.47000000,2016,"Transit"
"Kepler-1388 b",283.3360156,47.1744499,2.59000000,2016,"Transit"
"Kepler-768 b",294.1156858,38.3934378,1.79000000,2016,"Transit"
"Kepler-796 b",287.3078999,39.1447097,1.30000000,2016,"Transit"
"Kepler-110 b",292.9291693,48.6028303,1.83000000,2014,"Transit"
"Kepler-1042 b",288.6689428,39.8239935,2.19000000,2016,"Transit"
"Kepler-334 c",287.1406177,47.1151153,1.43000000,2014,"Transit"
"Kepler-937 b",294.1688142,46.7146161,3.72000000,2016,"Transit"
"Kepler-1117 b",292.0847866,49.2374206,1.11000000,2016,"Transit"
"Kepler-1789 b",282.8631419,41.7966332,2.83137505,2021,"Transit"
"Kepler-1831 b",295.3024604,49.5890456,1.97019818,2021,"Transit"
"Kepler-1245 b",290.7443078,43.2607530,1.44000000,2016,"Transit"
"Kepler-114 b",294.1214820,48.3497977,1.26000000,2014,"Transit"
"Kepler-1105 b",281.1117588,42.4549698,2.01000000,2016,"Transit"
"Kepler-187 b",299.7964955,44.0892448,1.41000000,2014,"Transit"
"Kepler-1379 b",293.6704404,41.4102105,1.30000000,2016,"Transit"
"Kepler-304 c",294.4418031,40.5575408,2.17000000,2014,"Transit"
"Kepler-1291 b",289.3770051,40.0010791,1.66000000,2016,"Transit"
"Kepler-304 e",294.4418031,40.5575408,1.20000000,2016,"Transit"
"Kepler-461 b",292.2490563,46.1647909,2.58000000,2016,"Transit"
"Kepler-1894 b",295.5864604,49.6668523,1.20117759,2021,"Transit"
"Kepler-576 b",295.1828896,38.6542028,3.27000000,2016,"Transit"
"Kepler-1893 b",298.4012866,44.8381709,1.70557445,2021,"Transit"
"Kepler-1601 b",285.5129496,38.0798390,0.82000000,2016,"Transit"
"Kepler-1922 b",292.3303706,37.9970696,2.29064904,2021,"Transit"
"HD 80653 b",140.3390845,14.3678691,1.62100000,2020,"Transit"
"Kepler-1542 d",285.7284757,42.6544651,0.87000000,2016,"Transit"
"Kepler-666 b",298.4568899,48.7915925,2.40000000,2016,"Transit"
"Kepler-211 c",285.4391183,43.1685051,1.29000000,2014,"Transit"
"Kepler-203 c",297.0899590,41.3880686,2.47000000,2014,"Transit"
"GJ 674 b",262.1700476,-46.8989826,3.33000000,2007,"Radial Velocity"
"OGLE-TR-182 b",167.3279228,-61.0952624,12.66600000,2007,"Transit"
"HD 69830 c",124.6010091,-12.6364246,3.46000000,2006,"Radial Velocity"
"GJ 3021 b",4.0634323,-79.8514218,13.10000000,2000,"Radial Velocity"
"HD 221287 b",352.8362230,-58.2097540,13.10000000,2007,"Radial Velocity"
"HD 47536 b",99.4489580,-32.3394531,12.60000000,2002,"Radial Velocity"
"HD 107148 b",184.8059773,-3.3199927,9.60000000,2005,"Radial Velocity"
"HD 179949 b",288.8890182,-24.1797939,13.90000000,2000,"Radial Velocity"
"HD 188015 b",298.0191857,28.0999769,13.60000000,2004,"Radial Velocity"
"HD 27442 b",64.1205476,-59.3028771,13.50000000,2000,"Radial Velocity"
"HD 46375 b",98.3030763,5.4625071,10.00000000,2000,"Radial Velocity"
"HAT-P-2 b",245.1514324,41.0479601,10.65975900,2007,"Transit"
"HD 109749 b",189.3173489,-40.8121458,11.10000000,2005,"Radial Velocity"
"HD 149143 b",248.2126715,2.0844547,13.60000000,2005,"Radial Velocity"
"HD 224693 b",359.9749837,-22.4279999,14.00000000,2006,"Radial Velocity"
"HD 231701 b",293.0176220,16.4743566,13.70000000,2007,"Radial Velocity"
"HIP 14810 b",47.8092750,21.0971302,13.00000000,2005,"Radial Velocity"
"HIP 14810 d",47.8092750,21.0971302,14.10000000,2009,"Radial Velocity"
"HD 207832 b",328.1517893,-26.0271749,14.20000000,2012,"Radial Velocity"
"HD 37605 c",85.0074276,6.0595116,13.10000000,2012,"Radial Velocity"
"HD 1605 c",5.1317548,30.9750611,13.00000000,2015,"Radial Velocity"
"HD 55696 b",108.0622029,-38.1746390,12.90000000,2018,"Radial Velocity"
"HD 148164 c",246.4351678,11.9190729,12.80000000,2018,"Radial Velocity"
"HD 211810 b",334.5286724,61.1349912,14.00000000,2018,"Radial Velocity"
"HD 221416 b",353.0331863,-21.8012007,9.17000000,2019,"Transit"
"Kepler-595 c",294.5703593,50.6730147,1.00900000,2020,"Transit"
"Kepler-595 b",294.5703593,50.6730147,3.70800000,2016,"Transit"
"PSR B1257+12 b",195.0149029,12.6823534,0.33800000,1994,"Pulsar Timing"
"PSR B1257+12 c",195.0149029,12.6823534,1.91000000,1992,"Pulsar Timing"
"OGLE-TR-211 b",160.0598236,-62.4555353,15.24400000,2007,"Transit"
"Lupus-TR-3 b",232.5774696,-42.9799461,9.97600000,2007,"Transit"
"2MASS J04414489+2301513 b",70.4371079,23.0308544,12.60000000,2010,"Imaging"
"WASP-21 b",347.4928024,18.3961597,11.99000000,2010,"Transit"
"CoRoT-10 b",291.0636813,0.7460143,10.87000000,2010,"Transit"
"CoRoT-12 b",100.7656871,-1.2964437,16.14000000,2010,"Transit"
"CoRoT-11 b",280.6872998,5.9376586,16.03000000,2010,"Transit"
"CoRoT-13 b",102.7211432,-5.0864557,9.92000000,2010,"Transit"
"HD 285968 b",70.7353853,18.9533580,2.83000000,2008,"Radial Velocity"
"HD 205739 b",324.5351273,-31.7378373,13.60000000,2008,"Radial Velocity"
"CoRoT-3 b",292.0552827,0.1218359,11.32000000,2008,"Transit"
"HD 16417 b",39.2441029,-34.5790905,5.00000000,2008,"Radial Velocity"
"AB Pic b",94.8039208,-58.0541184,12.30000000,2005,"Imaging"
"CT Cha b",166.0375038,-76.4553693,24.66000000,2007,"Imaging"
"HD 9446 b",23.3350424,29.2649187,14.00000000,2009,"Radial Velocity"
"Kepler-4 b",285.6154492,50.1357712,4.00200000,2009,"Transit"
"GJ 876 c",343.3239737,-14.2665958,14.00000000,2000,"Radial Velocity"
"HIP 79431 b",243.1742467,-18.8764247,13.40000000,2009,"Radial Velocity"
"WASP-31 b",169.4388603,-19.0547781,17.36300000,2010,"Transit"
"24 Sex b",155.8684866,-0.9023998,13.40000000,2010,"Radial Velocity"
"WASP-37 b",221.9438866,1.0650227,13.00200000,2010,"Transit"
"Kepler-9 d",285.5739904,38.4008192,1.64000000,2010,"Transit"
"KOI-217 b",294.8654667,46.2858128,12.44200000,2010,"Transit"
"HD 90156 b",155.9801144,-29.6451030,4.43000000,2011,"Radial Velocity"
"HD 177830 c",286.3363574,25.9204327,7.87000000,2010,"Radial Velocity"
"ups And b",24.1983534,41.4038147,14.00000000,1996,"Radial Velocity"
"ups And d",24.1983534,41.4038147,12.50000000,1999,"Radial Velocity"
"OGLE-2017-BLG-0373L b",269.3294067,-31.9517231,14.00000000,2018,"Microlensing"
"Kepler-1737 b",297.0148111,47.4864170,5.39500000,2021,"Transit"
"K2-269 b",130.1551381,13.0146799,1.57000000,2018,"Transit"
"TOI-1249 b",200.5615762,66.3085331,3.27103010,2024,"Transit"
"Kepler-106 d",300.8640060,44.3375497,0.95000000,2014,"Transit"
"Kepler-1031 b",296.0898796,48.9554121,0.87000000,2016,"Transit"
"CD-35 2722 b",92.3300147,-35.8255375,17.37392009,2011,"Imaging"
"Kepler-948 b",293.3002774,41.5233244,1.85000000,2016,"Transit"
"OGLE-2014-BLG-0319L b",266.9611667,-33.9350444,14.10000000,2022,"Microlensing"
"OGLE-2018-BLG-1011L b",269.0140000,-29.0828889,13.50000000,2019,"Microlensing"
"WASP-61 b",75.2996637,-26.0541438,15.80469000,2012,"Transit"
"KMT-2022-BLG-0303L b",268.0331250,-22.6890806,14.20000000,2024,"Microlensing"
"OGLE-2019-BLG-0954L b",267.9132500,-29.6110000,12.30000000,2021,"Microlensing"
"WASP-123 b",289.4792124,-32.8601244,15.13212395,2016,"Transit"
"Kepler-1882 b",290.6640856,43.4997866,1.48674404,2021,"Transit"
"KOI-984 b",291.0489438,36.8400772,4.30000000,2022,"Transit"
"Kepler-1573 b",292.9883129,49.4849664,1.20000000,2016,"Transit"
"Kepler-802 b",286.0157998,45.0077413,3.54000000,2016,"Transit"
"KMT-2023-BLG-1454L b",267.6200833,-29.6227500,14.10000000,2024,"Microlensing"
"Kepler-1440 b",285.3469737,48.3122283,1.26000000,2016,"Transit"
"WASP-130 b",203.1060194,-42.4752733,9.97601000,2016,"Transit"
"OGLE-2017-BLG-1049L b",269.5335420,-27.1442222,12.80000000,2020,"Microlensing"
"Kepler-949 b",298.6079128,46.4536600,2.91000000,2016,"Transit"
"Kepler-1964 b",297.0588033,49.4784362,1.78105870,2021,"Transit"
"KMT-2023-BLG-1592L b",268.6786667,-29.0084194,14.10000000,2026,"Microlensing"
"OGLE-2019-BLG-0362L b",263.4652500,-24.8103611,13.10000000,2022,"Microlensing"
"KMT-2017-BLG-1057L b",265.4860000,-22.3351111,5.19000000,2024,"Microlensing"
"KMT-2025-BLG-1616L b",267.7788750,-30.1391111,7.34000000,2026,"Microlensing"
"Wolf 327 b",148.3783199,35.5705480,1.24000000,2024,"Transit"
"Kepler-62 f",283.2125621,45.3496992,1.41000000,2013,"Transit"
"WASP-53 c",31.9091639,-20.6618430,,2017,"Radial Velocity"
"KMT-2023-BLG-1743L b",269.1652500,-28.8549194,12.10000000,2024,"Microlensing"
"TOI-5789 c",302.7734475,16.1897138,2.86000000,2026,"Transit"
"MOA-2019-BLG-008L b",267.9828750,-29.9897306,12.20000000,2022,"Microlensing"
"OGLE-2016-BLG-1598L b",270.1907500,-29.1754389,13.60000000,2024,"Microlensing"
"OGLE-2017-BLG-1275L b",267.9154167,-29.4979694,12.80000000,2024,"Microlensing"
"HATS-44 b",84.3267559,-27.9725758,11.96000300,2018,"Transit"
"HD 160691 b",266.0361585,-51.8348751,,2000,"Radial Velocity"
"Kepler-132 b",283.2358100,41.3430370,1.21000000,2014,"Transit"
"KMT-2021-BLG-0192L b",268.1049583,-30.0086889,6.56000000,2022,"Microlensing"
"Kepler-49 b",292.2945208,40.5918123,2.57900000,2012,"Transit"
"KMT-2016-BLG-2364L b",265.7156670,-27.4355611,13.00000000,2020,"Microlensing"
"Kepler-218 c",295.4128785,46.2665801,3.14000000,2014,"Transit"
"GJ 328 c",133.7819507,1.5420011,4.91000000,2023,"Radial Velocity"
"K2-212 b",18.4241015,3.0970732,2.65000000,2018,"Transit"
"Kepler-138 d",290.3814122,43.2930645,1.51000000,2014,"Transit"
"KMT-2022-BLG-1818L c",270.7986250,-27.4811111,13.20000000,2026,"Microlensing"
"Qatar-8 b",157.4123405,70.5270835,14.40356500,2019,"Transit"
"KMT-2018-BLG-0885L b",268.9663333,-28.5133611,11.90000000,2023,"Microlensing"
"KMT-2016-BLG-2321L b",264.0579167,-25.5248806,13.80000000,2024,"Microlensing"
"Kepler-74 b",293.0925275,41.3555095,10.76000000,2013,"Transit"
"OGLE-2017-BLG-0482L b",269.0488890,-30.5283604,2.95000000,2018,"Microlensing"
"PSR B0329+54 b",53.2472749,54.5791636,1.22000000,2017,"Pulsar Timing"
"K2-140 b",188.1373172,-9.6076115,13.56286665,2017,"Transit"
"HD 184010 c",292.8401421,26.6172796,11.80000000,2022,"Radial Velocity"
"EPIC 201595106 b",183.7203635,1.9681688,1.56500000,2021,"Transit"
"TOI-1203 e",168.2267358,-34.4069371,7.31000000,2025,"Radial Velocity"
"Kepler-1503 b",293.7271604,42.8067119,2.27000000,2016,"Transit"
"Kepler-1781 b",291.7114906,42.3415097,2.38091029,2021,"Transit"
"Kepler-57 c",293.6413146,44.6570692,2.19600000,2012,"Transit"
"Kepler-1124 b",286.5942529,37.8912836,1.28000000,2016,"Transit"
"Kepler-1581 b",287.3713199,39.6036225,0.80000000,2016,"Transit"
"Kepler-464 b",294.8351052,48.9823204,3.30000000,2016,"Transit"
"Kepler-1580 b",285.9687099,41.3635264,2.11000000,2016,"Transit"
"Kepler-198 d",290.6731326,38.6910045,1.53000000,2016,"Transit"
"TOI-1422 b",354.2408290,39.6392793,3.83000000,2022,"Transit"
"HD 73267 c",129.0735123,-34.4594469,12.80000000,2022,"Radial Velocity"
"Kepler-580 b",283.4997537,40.5528053,2.57000000,2016,"Transit"
"KOI-12 b",297.4537402,41.0110188,13.78707000,2015,"Transit"
"Kepler-637 b",292.4172566,41.4168384,4.75000000,2016,"Transit"
"HD 29985 b",70.5216589,-33.9210696,12.80000000,2022,"Radial Velocity"
"HD 165155 b",271.4893395,-29.9172536,13.20000000,2016,"Radial Velocity"
"HD 22946 d",54.8195380,-42.7630276,2.60700000,2023,"Transit"
"Kepler-1697 b",287.6633310,43.4713782,1.25954761,2020,"Transit"
"Kepler-674 b",285.1761864,50.1496897,1.69000000,2016,"Transit"
"Kepler-873 b",296.4031319,51.2712773,3.75000000,2016,"Transit"
"Kepler-783 b",291.0628615,47.4847890,0.78000000,2016,"Transit"
"HD 31527 c",73.9096193,-23.2413163,3.85000000,2019,"Radial Velocity"
"Kepler-1955 b",299.5347603,40.4777528,1.16654878,2021,"Transit"
"Kepler-1684 b",294.0054181,46.3106625,2.87084792,2020,"Transit"
"Kepler-322 c",281.3487514,44.2952525,1.67000000,2014,"Transit"
"Qatar-5 b",7.0539375,42.0613451,12.40836300,2017,"Transit"
"Kepler-399 c",299.5017242,40.6707669,1.43000000,2014,"Transit"
"DMPP-2 c",27.4077310,-34.4590985,8.26000000,2026,"Radial Velocity"
"Kepler-682 b",289.1122204,51.7373589,7.37000000,2016,"Transit"
"TOI-220 b",91.7996988,-61.9972098,3.03000000,2021,"Transit"
"TOI-5624 f",180.8443476,49.2512257,3.66000000,2026,"Transit Timing Variations"
"Kepler-242 b",286.5656932,41.8084168,2.61000000,2014,"Transit"
"Kepler-258 b",294.0684116,46.5791357,4.06000000,2014,"Transit"
"TOI-4898 b",197.3416711,-32.8294537,3.71979540,2026,"Transit"
"Kepler-1292 b",284.9057222,43.9491434,1.82000000,2016,"Transit"
"HD 128717 b",219.0881687,57.5609512,12.10000000,2025,"Astrometry"
"Kepler-1058 b",294.5956256,45.8750556,2.72000000,2016,"Transit"
"Kepler-160 b",287.7735730,42.8692755,1.71500000,2014,"Transit"
"Kepler-1365 b",292.1996573,42.0459944,0.92000000,2016,"Transit"
"Kepler-346 c",288.0119248,46.1176003,3.07000000,2014,"Transit"
"Kepler-1489 b",281.2957984,44.4654063,1.77000000,2016,"Transit"
"Kepler-1126 b",285.6919550,45.6893993,1.73000000,2016,"Transit"
"Kepler-1914 b",291.4314024,38.6543635,2.94298030,2021,"Transit"
"HATS-43 b",80.5382418,-30.9708179,13.22662000,2018,"Transit"
"Kepler-685 b",293.8719143,38.4229184,10.58000000,2016,"Transit"
"Kepler-1303 b",284.2871470,42.3555784,1.42000000,2016,"Transit"
"Kepler-1016 b",294.6136890,45.9846265,2.18000000,2016,"Transit"
"HIP 54373 c",166.8643532,-19.2916857,3.57000000,2019,"Radial Velocity"
"L 363-38 b",10.8555443,-41.2952926,2.00000000,2023,"Radial Velocity"
"Kepler-417 c",293.8241813,42.7796480,2.69000000,2014,"Transit Timing Variations"
"K2-396 c",74.6928607,17.2690562,3.12400000,2022,"Transit"
"Kepler-1992 b",295.0902409,45.0811045,0.91000000,2023,"Transit"
"Kepler-134 b",284.7391156,49.5984448,2.00000000,2014,"Transit"
"Kepler-559 b",296.6368878,43.8027948,3.61000000,2016,"Transit"
"WASP-34 b",165.3993679,-23.8609457,11.20900000,2010,"Transit"
"Kepler-1426 b",292.5457096,49.4168981,1.56000000,2016,"Transit"
"Kepler-156 b",290.2964214,37.7494271,2.30000000,2014,"Transit"
"HATS-64 b",144.2876092,-29.8004440,18.81991100,2018,"Transit"
"Kepler-610 b",293.1713241,45.0655934,4.19000000,2016,"Transit"
"Kepler-524 c",296.8591787,49.1620125,0.96000000,2016,"Transit"
"Kepler-398 c",291.4688524,40.3437001,1.01000000,2014,"Transit"
"Kepler-1916 b",293.0705754,48.3876790,2.61757235,2021,"Transit"
"TIC 320419023 b",118.0726215,11.8241773,2.77280763,2026,"Transit"
"HD 108236 f",186.5740627,-51.3630519,2.01700000,2021,"Transit"
"Kepler-1617 b",287.9371747,46.4184781,1.20000000,2016,"Transit"
"HD 206893 c",326.3416874,-12.7833522,16.36511182,2022,"Imaging"
"TOI-4527.01",19.4722574,5.4711996,0.90866170,2024,"Transit"
"K2-255 b",189.9128532,-3.3705631,2.90000000,2018,"Transit"
"Kepler-1678 b",292.5916297,38.3995629,3.30422249,2020,"Transit"
"HD 224018 b",358.6390056,-4.7233362,0.91000000,2025,"Radial Velocity"
"Kepler-1334 b",289.3115320,51.3209059,2.29000000,2016,"Transit"
"Kepler-480 b",294.4639165,49.7650473,2.78000000,2016,"Transit"
"Kepler-1382 b",295.3774182,39.0480365,1.88000000,2016,"Transit"
"TOI-2068 b",186.2735600,60.4183455,1.82100000,2024,"Transit"
"Kepler-1030 b",293.6819098,45.8175241,2.48000000,2016,"Transit"
"HD 153950 b",256.1292826,-43.3103753,13.20000000,2008,"Radial Velocity"
"HAT-P-52 b",42.7217412,29.0222492,11.30988100,2015,"Transit"
"TOI-4747 b",86.4276650,-45.0292291,3.95803201,2026,"Transit"
"Kepler-891 b",291.0837644,40.3552252,6.41000000,2016,"Transit"
"Kepler-1159 b",294.2663250,45.2042317,2.37000000,2016,"Transit"
"HATS-18 b",173.9574203,-29.1560639,14.89676100,2016,"Transit"
"GJ 676 A e",262.5448903,-51.6377777,2.47000000,2012,"Radial Velocity"
"Kepler-48 c",299.1393094,40.9489390,2.71000000,2012,"Transit"
"Kepler-889 b",291.4674540,50.7595597,1.09000000,2016,"Transit"
"HR 2562 b",102.5042716,-60.2486775,12.44199000,2016,"Imaging"
"Kepler-1804 b",301.3428675,44.6721750,1.59615726,2021,"Transit"
"Kepler-1188 b",283.1038438,43.1480487,2.08000000,2016,"Transit"
"HD 21411 b",51.5474155,-30.6168403,9.52000000,2019,"Radial Velocity"
"Kepler-1281 b",295.3543571,48.5153932,1.64000000,2016,"Transit"
"Kepler-128 b",282.4922622,43.9802442,1.42100000,2013,"Transit"
"Kepler-1693 b",290.2015581,48.1857799,1.28938413,2020,"Transit"
"Kepler-104 b",287.6046621,42.1665104,3.10000000,2014,"Transit"
"Kepler-1849 b",285.2919300,41.2557275,2.38685349,2021,"Transit"
"Kepler-1036 b",295.1817093,49.9458172,3.01000000,2016,"Transit"
"Kepler-37 b",284.0592503,44.5183733,0.30980000,2013,"Transit"
"2MASS J22362452+4751425 b",339.1025931,47.8616830,12.30000000,2016,"Imaging"
"Kepler-1191 b",291.6577923,48.0092619,1.51000000,2016,"Transit"
"Kepler-511 c",282.9455384,47.5749181,4.20964327,2021,"Transit"
"XO-5 b",116.7163868,39.0944695,12.78000000,2008,"Transit"
"Kepler-1825 b",292.5140647,42.6517554,1.42200732,2021,"Transit"
"Kepler-1074 b",284.4766869,46.2526781,1.25000000,2016,"Transit"
"TIC 183374187 b",357.6160382,-41.4124228,14.03364384,2026,"Transit"
"GJ 1061 d",54.0032486,-44.5143104,1.16000000,2020,"Radial Velocity"
"Kepler-1987 d",295.8254663,42.9433716,2.66000000,2023,"Transit"
"Kepler-245 b",291.6389972,42.4363482,2.57000000,2014,"Transit"
"Kepler-131 c",288.5308924,40.9423730,0.84000000,2014,"Transit"
"Kepler-144 c",281.9156128,42.7755535,1.35000000,2014,"Transit"
"HD 93385 c",161.5627065,-41.4646040,2.56000000,2021,"Radial Velocity"
"Kepler-431 c",281.1123072,43.2277663,0.66800000,2015,"Transit"
"HD 106270 b",183.4049258,-9.5135645,12.40000000,2011,"Radial Velocity"
"TOI-5720 b",170.3135774,25.2732942,1.09000000,2024,"Transit"
"Kepler-203 d",297.0899590,41.3880686,1.44000000,2014,"Transit"
"Kepler-230 c",285.7185682,48.5058038,2.04000000,2014,"Transit"
"Kepler-1091 b",299.7854426,43.6707235,1.46000000,2016,"Transit"
"Kepler-1129 b",291.6044965,41.3093275,2.96000000,2016,"Transit"
"Kepler-472 b",296.5245187,39.2498503,3.22000000,2016,"Transit"
"Kepler-1275 b",293.5004955,44.9324455,1.48000000,2016,"Transit"
"Kepler-1690 b",288.1566649,41.8779417,2.81109223,2020,"Transit"
"HD 75898 c",133.4611999,33.0566885,12.60000000,2024,"Radial Velocity"
"K2-386 b",18.2999964,7.0130302,2.32000000,2022,"Transit"
"TOI-7510 c",273.7281880,-54.4340547,10.81000000,2025,"Transit"
"Kepler-718 b",299.5618676,43.5035173,16.56000000,2016,"Transit"
"Kepler-1342 b",297.0200549,43.4325382,1.66000000,2016,"Transit"
"WASP-174 b",195.7940145,-41.3848617,16.10730527,2018,"Transit"
"Kepler-1713 b",287.3456737,43.3783894,1.71673535,2021,"Transit"
"Kepler-1121 b",297.7865467,47.8861542,1.91000000,2016,"Transit"
"Kepler-197 c",295.2264739,50.5592348,1.23000000,2014,"Transit"
"TOI-1294 b",223.0926408,70.4765573,10.12369881,2024,"Transit"
"Kepler-1195 b",284.3510523,40.8529319,2.08000000,2016,"Transit"
"GJ 328 b",133.7819507,1.5420011,13.30000000,2013,"Radial Velocity"
"EPIC 212737443 c",204.2215065,-7.3180577,2.69000000,2019,"Transit"
"Kepler-1783 b",297.0210984,41.3771655,1.31946731,2021,"Transit"
"HD 50499 c",103.0080750,-33.9152670,13.20000000,2019,"Radial Velocity"
"Kepler-874 b",294.9568477,43.0142991,3.94000000,2016,"Transit"
"Kepler-235 b",286.0790779,39.2782370,2.23000000,2014,"Transit"
"HD 98219 b",169.4475218,-23.9754880,13.40000000,2011,"Radial Velocity"
"Kepler-625 b",292.1504723,39.6375254,1.99000000,2016,"Transit"
"Kepler-1178 b",288.4561183,45.8022258,1.07000000,2016,"Transit"
"K2-407 b",232.5552584,-23.0067371,1.28300000,2022,"Transit"
"KOI-351 b",284.4334642,49.3051239,1.31000000,2013,"Transit"
"WASP-151 b",349.0634651,0.3066895,13.30506009,2017,"Transit"
"K2-289 b",246.6429443,-15.7925384,9.10000000,2019,"Transit"
"GJ 1002 b",1.6764641,-7.5462123,1.03000000,2022,"Radial Velocity"
"Kepler-1143 c",287.3027720,39.2896399,3.60000000,2016,"Transit"
"TOI-261.02",15.2181412,-24.4239934,3.34822227,2021,"Transit"
"TOI-2587 A b",115.9317105,-1.0733330,12.07207221,2023,"Transit"
"Kepler-1154 b",297.4771158,39.8772345,2.34000000,2016,"Transit"
"Kepler-60 b",288.9612535,42.2650472,1.71000000,2012,"Transit"
"Kepler-85 c",290.9734395,45.2902761,1.97800000,2012,"Transit"
"HD 127195 b",217.8714193,-47.7292571,14.00000000,2026,"Radial Velocity"
"Kepler-1780 b",294.0839282,42.8095104,3.60600667,2021,"Transit"
"Kepler-1818 b",284.3284866,40.5688741,1.71360684,2021,"Transit"
"TOI-871 b",74.7376264,-50.6274153,1.66400000,2024,"Transit"
"GJ 251 c",103.7002499,33.2664632,1.80000000,2025,"Radial Velocity"
"Kepler-1518 c",300.3323404,44.9861065,2.90000000,2023,"Transit"
"Kepler-1718 b",292.2349191,42.9094618,2.56852070,2021,"Transit"
"TOI-4914 b",204.5426717,-28.1429206,12.87000000,2024,"Transit"
"USco1556 b",239.1037198,-25.6890476,12.30000000,2019,"Imaging"
"Kepler-109 c",290.3926795,40.2849074,2.65000000,2014,"Transit"
"Kepler-101 c",283.2555070,48.3552474,1.25000000,2014,"Transit"
"Kepler-1200 b",296.6034317,44.1292537,1.06000000,2016,"Transit"
"NY Vir b",204.7005847,-2.0303873,13.30000000,2011,"Eclipse Timing Variations"
"TOI-4137 b",77.6128790,70.3910790,13.57407563,2022,"Transit"
"Kepler-1630 b",297.5083004,43.7110543,2.19000000,2016,"Transit"
"Kepler-475 b",287.0516940,40.2114232,2.49000000,2016,"Transit"
"Kepler-1978 b",286.0067312,38.0095407,2.67000000,2023,"Transit"
"Kepler-1836 b",292.3150933,40.8387799,2.55303229,2021,"Transit"
"Kepler-887 c",290.0907893,39.8169085,1.13000000,2016,"Transit"
"Kepler-350 c",285.4195845,39.7061009,3.10000000,2013,"Transit"
"Kepler-816 b",293.3628165,39.2124394,10.24000000,2016,"Transit"
"HD 51608 b",103.7137102,-55.2600189,3.62000000,2019,"Radial Velocity"
"HD 125390 b",214.5387463,38.9669132,11.90000000,2019,"Radial Velocity"
"Kepler-1947 b",296.1040313,42.3425818,1.01016660,2021,"Transit"
"Kepler-81 d",293.6369437,42.8248275,1.21000000,2014,"Transit"
"Kepler-1827 b",292.2525301,40.7927895,1.85644292,2021,"Transit"
"TOI-1768.01",152.1027826,55.5399599,3.45300000,2024,"Transit"
"HIP 10090 c",32.4351198,-30.7470844,13.90000000,2026,"Radial Velocity"
"Kepler-855 b",295.0949565,43.5375650,8.35000000,2016,"Transit"
"TOI-205 b",7.9754636,-56.9650808,2.50121142,2026,"Transit"
"Kepler-1886 b",296.2645118,39.4059745,2.58158428,2021,"Transit"
"Kepler-279 c",287.3912950,42.1948220,4.30000000,2013,"Transit"
"K2-401 b",154.9876040,3.9548275,2.26200000,2022,"Transit"
"TOI-3807 b",139.1125648,69.0741284,18.49481816,2023,"Transit"
"Kepler-931 b",297.1326937,42.7682885,1.33000000,2016,"Transit"
"TOI-1759 b",326.8516615,62.7538164,3.14000000,2022,"Transit"
"Kepler-106 e",300.8640060,44.3375497,2.56000000,2014,"Transit"
"GSC 06214-00210 b",245.4776921,-20.7193398,20.17620000,2010,"Imaging"
"HD 89839 b",155.1688790,-53.6640291,12.80000000,2023,"Radial Velocity"
"Kepler-520 b",293.1802903,41.6177408,1.66000000,2016,"Transit"
"Kepler-19 b",290.4209694,37.8516556,2.20900000,2011,"Transit"
"Kepler-1102 b",281.3225917,48.0664955,2.66000000,2016,"Transit"
"Kepler-371 c",292.3264835,38.6575441,1.78000000,2014,"Transit"
"K2-338 b",124.3609294,17.0241557,1.03000000,2021,"Transit"
"TOI-286 b",90.9842762,-60.6663348,1.42000000,2024,"Transit"
"KELT-16 b",314.2685227,31.6610186,15.86073500,2017,"Transit"
"Kepler-1681 b",296.6972773,46.3716969,2.55321772,2020,"Transit"
"TOI-544 c",82.2900716,-0.3428983,4.92000000,2023,"Radial Velocity"
"Kepler-251 d",296.5662171,44.1058077,2.77000000,2014,"Transit"
"WASP-63 b",94.3363562,-38.3233826,15.80469000,2012,"Transit"
"WASP-52 b",348.4947931,8.7610793,14.24000000,2012,"Transit"
"WASP-77 A b",37.1555223,-7.0606675,13.56000000,2012,"Transit"
"55 Cnc b",133.1468373,28.3298154,13.90000000,1996,"Radial Velocity"
"55 Cnc c",133.1468373,28.3298154,8.51000000,2004,"Radial Velocity"
"55 Cnc d",133.1468373,28.3298154,13.00000000,2002,"Radial Velocity"
"55 Cnc e",133.1468373,28.3298154,1.87500000,2004,"Radial Velocity"
"55 Cnc f",133.1468373,28.3298154,7.59000000,2007,"Radial Velocity"
"GJ 1214 b",258.8313991,4.9606795,2.73300000,2009,"Transit"
"GJ 436 b",175.5505363,26.7030669,4.17000000,2004,"Radial Velocity"
"HAT-P-12 b",209.3886452,43.4933100,10.74900000,2009,"Transit"
"HAT-P-13 b",129.8823772,47.3519076,14.25800000,2009,"Transit"
"HAT-P-13 c",129.8823772,47.3519076,12.30000000,2009,"Radial Velocity"
"HAT-P-14 b",260.1161719,38.2421682,15.91678000,2010,"Transit"
"HAT-P-17 b",324.5359781,30.4881882,11.76945000,2012,"Transit"
"HAT-P-17 c",324.5359781,30.4881882,13.10000000,2012,"Radial Velocity"
"HAT-P-18 b",256.3463760,33.0123251,11.15300000,2010,"Transit"
"HAT-P-1 b",344.4453632,38.6749190,14.78467100,2006,"Transit"
"HAT-P-26 b",213.1565508,4.0594175,7.06167000,2010,"Transit"
"HAT-P-30 b",123.9498431,5.8368669,16.14096000,2011,"Transit"
"HAT-P-32 b",31.0427614,46.6878512,22.19382000,2011,"Transit"
"HD 149026 b",247.6229827,38.3475349,8.29466000,2005,"Radial Velocity"
"HD 189733 b",300.1821223,22.7097759,12.66617000,2005,"Radial Velocity"
"HD 202206 c",318.7405221,-20.7897284,13.10000000,2004,"Radial Velocity"
"HD 209458 b",330.7950219,18.8842419,15.58051000,1999,"Radial Velocity"
"HD 80606 b",140.6569501,50.6037764,11.56766808,2001,"Radial Velocity"
"HD 86226 b",149.1235154,-24.0991859,14.30000000,2009,"Radial Velocity"
"TrES-4 b",268.3043361,37.2117397,18.04649000,2007,"Transit"
"WASP-12 b",97.6366450,29.6722662,22.02564708,2008,"Transit"
"WASP-15 b",208.9280111,-32.1597118,15.80469000,2009,"Transit"
"WASP-17 b",239.9622479,-28.0617941,20.96083000,2009,"Transit"
"WASP-18 b",24.3544618,-45.6777937,13.89913607,2009,"Transit"
"WASP-19 b",148.4167672,-45.6591078,15.86070769,2009,"Transit"
"WASP-25 b",195.3597581,-27.5222273,13.80946422,2010,"Transit"
"WASP-39 b",217.3266477,-3.4444994,14.33631100,2011,"Transit"
"WASP-43 b",154.9081869,-9.8064431,10.42400000,2011,"Transit"
"WASP-6 b",348.1571282,-22.6741248,12.54284940,2009,"Transit"
"GJ 3470 b",119.7735021,15.3912090,4.57000000,2012,"Radial Velocity"
"WASP-47 b",331.2030920,-12.0190670,12.86000000,2012,"Transit"
"WASP-80 b",303.1667996,-2.1444369,11.19779100,2012,"Transit"
"WASP-103 b",249.3148604,7.1833758,17.12700000,2014,"Transit"
"WASP-96 b",1.0465696,-47.3606352,13.45000000,2014,"Transit"
"WASP-94 A b",313.7832393,-34.1357512,17.71022000,2014,"Transit"
"WASP-94 B b",313.7882932,-34.1357240,14.10000000,2014,"Radial Velocity"
"WASP-69 b",315.0259661,-5.0948570,11.21000000,2014,"Transit"
"WASP-84 b",131.1069959,1.8598933,10.72000000,2014,"Transit"
"WASP-20 b",5.1605621,-23.9357894,15.46839337,2015,"Transit"
"HATS-6 b",88.1468079,-19.0316268,11.18658200,2015,"Transit"
"KELT-7 b",78.2955912,33.3179532,17.93440000,2015,"Transit"
"K2-18 b",172.5601410,7.5878315,2.37000000,2015,"Transit"
"KELT-8 b",283.3054489,24.1272483,18.15858000,2015,"Transit"
"K2-22 b",169.4827046,2.6190363,2.30000000,2015,"Transit"
"WASP-47 c",331.2030920,-12.0190670,,2015,"Radial Velocity"
"WASP-47 d",331.2030920,-12.0190670,3.65000000,2015,"Transit"
"WASP-47 e",331.2030920,-12.0190670,1.83000000,2015,"Transit"
"GJ 1132 b",153.7090696,-47.1549358,1.19151465,2015,"Transit"
"WASP-76 b",26.6329360,2.7003890,20.78145022,2016,"Transit"
"KELT-4 A b",157.0626200,25.5731366,19.04409100,2016,"Transit"
"TRAPPIST-1 b",346.6263919,-5.0434618,1.11600000,2016,"Transit"
"TRAPPIST-1 c",346.6263919,-5.0434618,1.09700000,2016,"Transit"
"TRAPPIST-1 d",346.6263919,-5.0434618,0.78800000,2016,"Transit"
"K2-34 b",127.5787231,22.2359194,13.75000000,2016,"Transit"
"WASP-121 b",107.6002312,-39.0972705,19.52604438,2016,"Transit"
"HIP 41378 b",126.6158279,10.0803708,2.64000000,2016,"Transit"
"HIP 41378 c",126.6158279,10.0803708,2.74000000,2016,"Transit"
"HIP 41378 d",126.6158279,10.0803708,3.65000000,2016,"Transit"
"HIP 41378 e",126.6158279,10.0803708,5.19000000,2016,"Transit"
"HIP 41378 f",126.6158279,10.0803708,9.47000000,2016,"Transit"
"HD 3167 b",8.7401487,4.3807215,1.60100000,2016,"Transit"
"HD 3167 c",8.7401487,4.3807215,2.98300000,2016,"Transit"
"HAT-P-65 b",315.9054895,11.9893675,18.05766791,2016,"Transit"
"WASP-131 b",210.1935714,-30.5836084,13.74221034,2016,"Transit"
"WASP-139 b",49.5621730,-41.3020235,8.96720000,2016,"Transit"
"WASP-127 b",160.5587646,-3.8349989,14.69499900,2016,"Transit"
"TRAPPIST-1 e",346.6263919,-5.0434618,0.92000000,2017,"Transit"
"TRAPPIST-1 f",346.6263919,-5.0434618,1.04500000,2017,"Transit"
"TRAPPIST-1 g",346.6263919,-5.0434618,1.12900000,2017,"Transit"
"TRAPPIST-1 h",346.6263919,-5.0434618,0.75500000,2017,"Transit"
"HD 106315 b",183.4724742,-0.3934357,2.44000000,2017,"Transit"
"HD 106315 c",183.4724742,-0.3934357,4.35000000,2017,"Transit"
"LHS 1140 b",11.2486320,-15.2741085,1.73000000,2017,"Transit"
"KELT-11 b",161.7069053,-9.3993646,15.13212395,2017,"Transit"
"KELT-9 b",307.8598998,39.9389161,21.70058664,2017,"Transit"
"HD 3167 d",8.7401487,4.3807215,2.61000000,2017,"Radial Velocity"
"WASP-107 b",188.3864277,-10.1462141,10.53646000,2017,"Transit"
"GJ 9827 b",351.7717763,-1.2853435,1.44000000,2017,"Transit"
"GJ 9827 c",351.7717763,-1.2853435,1.13000000,2017,"Transit"
"GJ 9827 d",351.7717763,-1.2853435,1.98000000,2017,"Transit"
"KELT-20 b",294.6614126,31.2192001,19.51486900,2017,"Transit"
"K2-18 c",172.5601410,7.5878315,2.65000000,2017,"Radial Velocity"
"K2-141 b",350.9170464,-1.1891827,1.51000000,2018,"Transit"
"K2-141 c",350.9170464,-1.1891827,7.00000000,2018,"Transit"
"K2-232 b",73.7667927,18.6543230,11.20900000,2018,"Transit"
"GJ 1132 c",153.7090696,-47.1549358,1.52000000,2018,"Radial Velocity"
"HAT-P-11 c",297.7101763,48.0818635,13.20000000,2018,"Radial Velocity"
"NGTS-2 b",215.1227617,-31.2020698,17.87835500,2018,"Transit"
"WASP-164 b",344.8735878,-60.4478194,12.64375200,2018,"Transit"
"LHS 1140 c",11.2486320,-15.2741085,1.27200000,2018,"Transit"
"K2-287 b",233.0743401,-22.3583447,9.49402300,2018,"Transit"
"LHS 3844 b",340.4962038,-69.1721081,1.28600000,2019,"Transit"
"HD 15337 b",36.8678846,-27.6361171,1.77000000,2019,"Transit"
"HD 15337 c",36.8678846,-27.6361171,2.52600000,2019,"Transit"
"L 98-59 b",124.5328604,-68.3144658,0.83700000,2019,"Transit"
"L 98-59 c",124.5328604,-68.3144658,1.32900000,2019,"Transit"
"L 98-59 d",124.5328604,-68.3144658,1.62700000,2019,"Transit"
"V1298 Tau b",61.3316540,20.1570318,9.41000000,2019,"Transit"
"WASP-166 b",144.8751047,-20.9824191,7.06167000,2019,"Transit"
"TOI-270 b",68.4160804,-51.9573937,1.28000000,2019,"Transit"
"TOI-270 c",68.4160804,-51.9573937,2.33000000,2019,"Transit"
"TOI-270 d",68.4160804,-51.9573937,2.00000000,2019,"Transit"
"GJ 357 b",144.0074644,-21.6650634,1.20000000,2019,"Transit"
"GJ 357 c",144.0074644,-21.6650634,1.66000000,2019,"Radial Velocity"
"GJ 357 d",144.0074644,-21.6650634,2.34000000,2019,"Radial Velocity"
"LTT 1445 A b",45.4624781,-16.5944956,1.34000000,2019,"Transit"
"WASP-178 b",227.2703290,-42.7049658,20.28829000,2019,"Transit"
"V1298 Tau c",61.3316540,20.1570318,5.08000000,2019,"Transit"
"V1298 Tau d",61.3316540,20.1570318,6.53000000,2019,"Transit"
"V1298 Tau e",61.3316540,20.1570318,10.17000000,2019,"Transit"
"LP 791-18 b",165.6904843,-16.4064445,1.21200000,2019,"Transit"
"LP 791-18 c",165.6904843,-16.4064445,2.48800000,2019,"Transit"
"TOI-125 b",23.5934253,-66.6763495,2.72600000,2019,"Transit"
"TOI-125 c",23.5934253,-66.6763495,2.75900000,2019,"Transit"
"L 168-9 b",350.0285917,-60.0657292,1.63000000,2020,"Transit"
"TOI-125 d",23.5934253,-66.6763495,2.93000000,2020,"Transit"
"HATS-48 A b",288.6720048,-59.5793505,8.96720000,2020,"Transit"
"HATS-72 b",339.0258401,-17.0003046,8.09738160,2020,"Transit"
"TOI-1130 b",286.3760037,-41.4376399,3.66000000,2020,"Transit"
"TOI-1130 c",286.3760037,-41.4376399,13.00000000,2020,"Transit"
"TOI-677 b",144.1193594,-50.4630933,13.11450742,2020,"Transit"
"LTT 3780 b",154.6449033,-11.7178010,1.32500000,2020,"Transit"
"LTT 3780 c",154.6449033,-11.7178010,2.39000000,2020,"Transit"
"TOI-1338 b",92.1330955,-59.5409853,7.66100000,2020,"Transit"
"AU Mic b",311.2911369,-31.3424500,4.79000000,2020,"Transit"
"WASP-148 b",254.1305022,44.3025361,8.47398941,2020,"Transit"
"WASP-148 c",254.1305022,44.3025361,13.90000000,2020,"Radial Velocity"
"NGTS-11 b",23.5214497,-14.4191493,9.15775300,2020,"Transit"
"TOI-849 b",28.7157956,-29.4217086,3.64000000,2020,"Transit"
"TOI-700 b",97.0957165,-65.5786149,0.91400000,2020,"Transit"
"TOI-700 c",97.0957165,-65.5786149,2.60000000,2020,"Transit"
"TOI-700 d",97.0957165,-65.5786149,1.07300000,2020,"Transit"
"TOI-1899 b",299.4268472,40.1433462,11.09689089,2020,"Transit"
"HD 86226 c",149.1235154,-24.0991859,2.16000000,2020,"Transit"
"WD 1856+534 b",284.4156750,53.5090244,10.40000000,2020,"Transit"
"LTT 9779 b",358.6688767,-37.6282237,4.72000000,2020,"Transit"
"TOI-824 b",222.1654705,-57.5888666,2.92600000,2020,"Transit"
"TOI-421 b",81.8532824,-14.2767404,2.64000000,2020,"Transit"
"TOI-421 c",81.8532824,-14.2767404,5.09000000,2020,"Transit"
"GJ 3473 b",120.5936065,3.3371629,1.26400000,2020,"Transit"
"GJ 3473 c",120.5936065,3.3371629,2.63000000,2020,"Radial Velocity"
"WASP-107 c",188.3864277,-10.1462141,13.00000000,2020,"Radial Velocity"
"TOI-776 b",178.5779970,-37.5533568,1.79800000,2020,"Transit"
"TOI-776 c",178.5779970,-37.5533568,2.04700000,2020,"Transit"
"TOI-561 b",148.1851516,6.2161030,1.39700000,2020,"Transit"
"TOI-561 c",148.1851516,6.2161030,2.86500000,2020,"Transit"
"TOI-561 d",148.1851516,6.2161030,2.61500000,2020,"Transit"
"TOI-561 e",148.1851516,6.2161030,2.51700000,2020,"Transit"
"TOI-451 b",62.9663850,-37.9397300,1.84000000,2020,"Transit"
"TOI-451 c",62.9663850,-37.9397300,2.93000000,2020,"Transit"
"TOI-451 d",62.9663850,-37.9397300,3.93000000,2020,"Transit"
"TOI-178 b",7.3020115,-30.4541159,1.20000000,2021,"Transit"
"TOI-178 c",7.3020115,-30.4541159,1.75400000,2021,"Transit"
"TOI-178 d",7.3020115,-30.4541159,2.69500000,2021,"Transit"
"TOI-178 e",7.3020115,-30.4541159,2.30100000,2021,"Transit"
"TOI-178 f",7.3020115,-30.4541159,2.41700000,2021,"Transit"
"TOI-178 g",7.3020115,-30.4541159,2.93900000,2021,"Transit"
"GJ 486 b",191.9815310,9.7494181,1.28900000,2021,"Radial Velocity"
"LHS 1478 b",44.3388743,76.5514045,1.24200000,2021,"Transit"
"TOI-1231 b",156.7472600,-52.4678724,3.65000000,2021,"Transit"
"TOI-674 b",164.5865592,-36.8581092,5.25000000,2021,"Transit"
"TOI-1685 b",68.5939529,43.0370395,1.42100000,2021,"Transit"
"TOI-1807 b",201.2826259,38.9223671,1.49681583,2021,"Transit"
"TOI-2076 b",217.3920159,39.7903991,2.59000000,2021,"Transit"
"TOI-2076 c",217.3920159,39.7903991,3.54000000,2021,"Transit"
"TOI-2076 d",217.3920159,39.7903991,3.27000000,2021,"Transit"
"AU Mic c",311.2911369,-31.3424500,2.79000000,2021,"Transit"
"TOI-2406 b",8.8060544,-3.3720833,2.86000000,2021,"Transit"
"TOI-431 b",83.2692502,-26.7238698,1.28000000,2021,"Transit"
"TOI-431 c",83.2692502,-26.7238698,1.49000000,2021,"Radial Velocity"
"TOI-431 d",83.2692502,-26.7238698,3.29000000,2021,"Transit"
"L 98-59 e",124.5328604,-68.3144658,1.49000000,2021,"Radial Velocity"
"HD 63935 b",117.9246417,9.3852412,2.91575244,2021,"Transit"
"HD 63935 c",117.9246417,9.3852412,3.06451296,2021,"Radial Velocity"
"GJ 367 b",146.1214640,-45.7790165,0.73600000,2021,"Transit"
"HATS-75 b",60.9493919,-25.4089214,9.90873894,2021,"Transit"
"LTT 1445 A c",45.4624781,-16.5944956,1.14700000,2022,"Transit"
"TOI-500 b",106.5590980,-47.5878156,1.16600000,2022,"Transit"
"TOI-1075 b",309.9712091,-65.4496994,1.79100000,2022,"Transit"
"TOI-1442 b",287.2921006,74.1742762,1.17000000,2022,"Transit"
"TOI-2260 b",247.6669998,49.0467891,1.62000000,2022,"Transit"
"TOI-2445 b",43.3161555,0.0523366,1.25000000,2022,"Transit"
"GJ 3929 b",239.5775678,35.4081141,1.09000000,2022,"Transit"
"WASP-189 b",225.6867320,-3.0314874,18.14733975,2020,"Transit"
"TOI-1670 b",259.0172522,72.1611806,2.06000000,2022,"Transit"
"TOI-1670 c",259.0172522,72.1611806,11.06326395,2022,"Transit"
"TOI-500 c",106.5590980,-47.5878156,2.09000000,2022,"Radial Velocity"
"TOI-500 d",106.5590980,-47.5878156,6.35000000,2022,"Radial Velocity"
"TOI-500 e",106.5590980,-47.5878156,3.99000000,2022,"Radial Velocity"
"HD 260655 b",99.2915429,17.5662696,1.24000000,2022,"Transit"
"HD 260655 c",99.2915429,17.5662696,1.53300000,2022,"Transit"
"TOI-3714 b",69.5523415,39.4580035,11.32107051,2022,"Transit"
"GJ 3929 c",239.5775678,35.4081141,2.26000000,2022,"Radial Velocity"
"GJ 3090 b",20.4384281,-46.7147234,2.18000000,2022,"Transit"
"TOI-181 b",352.1725409,-34.4914099,6.95590000,2023,"Transit"
"TOI-199 b",80.1058735,-59.8954326,9.07927437,2023,"Transit"
"TOI-603 b",141.1078542,5.7660562,7.37000000,2026,"Transit"
"TOI-700 e",97.0957165,-65.5786149,0.95300000,2023,"Transit"
"TOI-771 b",164.1138903,-72.9851736,1.36000000,2024,"Transit"
"TOI-836.01",225.0798831,-24.4542022,2.58700000,2021,"Transit"
"TOI-836 b",225.0798831,-24.4542022,1.70400000,2023,"Transit"
"TOI-1136 d",192.1848981,64.8552755,4.62700000,2022,"Transit"
"TOI-1136 c",192.1848981,64.8552755,2.87900000,2022,"Transit"
"TOI-1136 f",192.1848981,64.8552755,3.73591482,2022,"Transit"
"TOI-1136 e",192.1848981,64.8552755,2.63900000,2022,"Transit"
"TOI-1173 b",197.6830975,70.7680117,9.19000000,2024,"Transit"
"TOI-1416 b",216.9234892,41.9529862,1.62000000,2023,"Transit"
"TOI-1420 b",322.9418092,66.3490054,11.89000000,2023,"Transit"
"TOI-1468 c",16.6538724,19.2249195,2.12600000,2022,"Transit"
"TOI-1468 b",16.6538724,19.2249195,1.40100000,2022,"Transit"
"HIP 9618 b",30.9050061,21.2813274,3.82838127,2023,"Transit"
"HIP 9618 c",30.9050061,21.2813274,3.42855926,2023,"Transit"
"TOI-1801 b",175.5755995,23.0270335,2.07900000,2023,"Transit"
"TOI-1823 b",196.2197201,63.7532610,7.54062410,2024,"Transit"
"TOI-2031 A b",331.1178077,81.5659509,14.20177855,2025,"Transit"
"TOI-2114 b",261.0963946,33.2050726,14.54925695,2026,"Transit"
"TOI-2134 b",271.9355015,39.0729269,2.73500000,2023,"Transit"
"TOI-2134 c",271.9355015,39.0729269,7.35000000,2023,"Transit"
"TOI-2374 b",319.4982407,-22.0498228,7.48759911,2024,"Transit"
"TOI-2431 b",37.7652989,8.3816255,1.53400000,2026,"Transit"
"TOI-3235 b",207.4738488,-46.0665139,11.39953337,2023,"Transit"
"TOI-3757 b",91.0036423,55.0199793,12.00000000,2022,"Transit"
"TOI-3884 b",181.5718341,12.5070258,6.43000000,2022,"Transit"
"TOI-3984 A b",226.3371468,36.7869747,7.90000000,2023,"Transit"
"TOI-4010 c",20.2148196,66.0722009,5.93000000,2023,"Transit"
"TOI-4010 d",20.2148196,66.0722009,6.18000000,2023,"Transit"
"TOI-4010 b",20.2148196,66.0722009,3.02000000,2023,"Transit"
"LP 890-9 b",64.1309096,-28.3157909,1.32000000,2022,"Transit"
"TOI-4336 A b",206.1070129,-40.3373505,2.13700000,2024,"Transit"
"TOI-4492 b",308.6508000,29.2381016,11.78063872,2026,"Transit"
"HD 20329 b",49.1781240,15.6563542,1.72000000,2022,"Transit"
"Kepler-167 e",292.6585253,38.3455558,10.16000000,2016,"Transit"
"TOI-5205 b",313.7706819,24.3609770,11.60000000,2023,"Transit"
"Kepler-167 c",292.6585253,38.3455558,1.67400000,2014,"Transit"
"TOI-5293 A b",355.8286820,-2.0450945,11.90000000,2023,"Transit"
"KOI-94 d",297.3330716,41.8911186,11.27000000,2013,"Transit"
"LP 890-9 c",64.1309096,-28.3157909,1.36700000,2022,"Transit"
"HD 3167 e",8.7401487,4.3807215,3.97000000,2022,"Radial Velocity"
"TOI-5806 b",329.1018029,20.6779808,15.13212395,2026,"Transit"
"TOI-5916 b",325.2995114,9.5990534,11.80000000,2026,"Transit"
"TOI-1136 b",192.1848981,64.8552755,1.90000000,2022,"Transit"
"TOI-1136 g",192.1848981,64.8552755,2.53000000,2022,"Transit"
"TOI-1338 c",92.1330955,-59.5409853,10.30000000,2023,"Radial Velocity"
"WASP-84 c",131.1069959,1.8598933,1.95000000,2023,"Transit"
"TOI-6109 c",50.1319206,42.6069564,4.83260000,2025,"Transit"
"TOI-6255 b",331.5031606,39.2988284,1.07900000,2024,"Transit"
"WASP-193 b",164.3491401,-29.9971229,14.78464554,2023,"Transit"
"LP 791-18 d",165.6904843,-16.4064445,1.03200000,2023,"Transit"
"TOI-6324 b",330.8445430,67.4986773,1.05900000,2025,"Transit"
"HD 207496 b",328.7181708,-77.3388025,2.25000000,2023,"Transit"
"TOI-4010 e",20.2148196,66.0722009,13.30000000,2023,"Radial Velocity"
"GJ 367 c",146.1214640,-45.7790165,1.86000000,2023,"Radial Velocity"
"GJ 367 d",146.1214640,-45.7790165,2.33000000,2023,"Radial Velocity"
"TOI-6109 b",50.1319206,42.6069564,4.87040000,2025,"Transit"
"TOI-199 c",80.1058735,-59.8954326,11.40000000,2023,"Transit Timing Variations"
"AU Mic e",311.2911369,-31.3424500,4.87000000,2025,"Radial Velocity"
"AU Mic d",311.2911369,-31.3424500,1.02000000,2023,"Transit Timing Variations"
"GJ 806 b",311.2697002,44.5002351,1.33100000,2023,"Transit"
"GJ 806 c",311.2697002,44.5002351,2.28000000,2023,"Radial Velocity"
"HD 110067 b",189.8392243,20.0273377,2.20000000,2023,"Transit"
"HD 110067 c",189.8392243,20.0273377,2.38800000,2023,"Transit"
"HD 110067 d",189.8392243,20.0273377,2.85200000,2023,"Transit"
"HD 110067 e",189.8392243,20.0273377,1.94000000,2023,"Transit"
"HD 110067 f",189.8392243,20.0273377,2.60100000,2023,"Transit"
"HD 110067 g",189.8392243,20.0273377,2.60700000,2023,"Transit"
"GJ 341 b",140.3993759,-60.2811692,0.88000000,2025,"Transit"
"TOI-6894 b",173.4691418,12.4510906,9.58367850,2025,"Transit"
"IRAS 04125+2902 b",63.9283394,29.1665420,10.73820351,2024,"Transit"
"Kepler-51 e",296.4797624,49.9376486,2.18000000,2024,"Transit Timing Variations"
"TOI-7169 b",351.0546897,36.8175661,16.53324653,2026,"Transit"
"Gl 725 A b",280.6834312,59.6381090,1.48000000,2025,"Radial Velocity"
"TOI-7189 b",273.0378977,2.1882623,10.90000000,2026,"Transit"
"TOI-7265 B b",318.7040182,45.9259093,10.70000000,2026,"Transit"
"BD+05 4868 A b",326.8614036,6.6053185,,2025,"Transit"
"TOI-771 c",164.1138903,-72.9851736,1.50000000,2025,"Radial Velocity"
"TOI-7393 b",227.3598373,55.9810558,11.30000000,2026,"Transit"
"TOI-2076 e",217.3920159,39.7903991,1.30100000,2025,"Transit"
"L 98-59 f",124.5328604,-68.3144658,1.48000000,2025,"Radial Velocity"
"HIP 41378 g",126.6158279,10.0803708,2.50000000,2025,"Radial Velocity"
"55 Cnc B b",133.1679080,28.3152863,1.69000000,2025,"Radial Velocity"
"55 Cnc B c",133.1679080,28.3152863,2.16000000,2025,"Radial Velocity"
"GJ 3090 c",20.4384281,-46.7147234,3.14000000,2026,"Radial Velocity"
"TOI-4336 A c",206.1070129,-40.3373505,1.25100000,2026,"Transit"
"TOI-260 b",4.7730178,-9.9661505,1.71000000,2024,"Transit"
"MOA-2020-BLG-108L b",269.7155833,-26.9165083,12.40000000,2026,"Microlensing"
"HD 202206 b",318.7405221,-20.7897284,12.10000000,2026,"Radial Velocity"
"HIP 81991 b",251.2490143,6.0870480,12.50000000,2026,"Radial Velocity"
"Gl 725 B c",280.6953530,59.6270600,1.66000000,2026,"Radial Velocity"
"Kepler-12 b",286.2434458,50.0403671,19.66058600,2011,"Transit"
"KOI-94 b",297.3330716,41.8911186,1.71000000,2013,"Transit"
"Kepler-167 d",292.6585253,38.3455558,1.23800000,2016,"Transit"
"Kepler-51 d",296.4797624,49.9376486,9.70000000,2014,"Transit"
"Kepler-51 c",296.4797624,49.9376486,9.00000000,2012,"Transit"
"Kepler-51 b",296.4797624,49.9376486,7.10000000,2012,"Transit"
"Kepler-167 b",292.6585253,38.3455558,1.71800000,2014,"Transit"
"KOI-94 c",297.3330716,41.8911186,4.32000000,2013,"Transit"
"KOI-94 e",297.3330716,41.8911186,6.56000000,2013,"Transit"
"PH2 b",289.7636212,51.9626830,9.33708092,2013,"Transit"
"K2-33 b",242.5613635,-19.3193831,5.04000000,2016,"Transit"
"HAT-P-11 b",297.7101763,48.0818635,4.36000000,2010,"Transit"
"HD 180902 b",289.8239604,-23.5582432,13.50000000,2009,"Radial Velocity"
"TOI-5624 e",180.8443476,49.2512257,3.24700000,2026,"Transit"
"KOINTREAU-1 b",68.3592880,22.7580560,12.40000000,2026,"Imaging"
"K2-414 c",351.6361913,-4.6066569,1.92870000,2022,"Transit"
"Kepler-1154 c",297.4771158,39.8772345,2.36000000,2016,"Transit"
"Kepler-863 b",297.6644677,43.2489903,2.90000000,2016,"Transit"
"Kepler-278 c",290.1072124,38.7022694,3.26800000,2014,"Transit"
"GJ 180 d",73.4600970,-17.7761940,2.66000000,2020,"Radial Velocity"
"K2-86 b",51.5531053,18.6355718,1.96000000,2016,"Transit"
"HD 196050 b",309.4637796,-60.6347649,12.90000000,2002,"Radial Velocity"
"Kepler-564 b",296.8383661,46.6263912,4.63000000,2016,"Transit"
"Kepler-878 b",285.2962562,46.6034497,1.93000000,2016,"Transit"
"HD 120084 b",205.6619890,78.0646376,12.70000000,2013,"Radial Velocity"
"TOI-1694 c",97.7487104,66.3605956,13.80000000,2023,"Radial Velocity"
"K2-87 b",66.2363638,18.8273617,7.60000000,2016,"Transit"
"Kepler-983 b",285.1042243,45.0080745,2.36000000,2016,"Transit"
"Kepler-1948 b",287.3640804,47.7853043,1.03283226,2021,"Transit"
"Kepler-444 c",289.7528323,41.6318840,0.49700000,2015,"Transit"
"Kepler-1173 b",293.1311803,45.6634153,0.89000000,2016,"Transit"
"HD 219077 b",348.5319387,-62.7018297,12.50000000,2012,"Radial Velocity"
"Kepler-458 c",297.0454037,46.3286653,4.20000000,2016,"Transit"
"Kepler-1608 b",295.5635550,39.4175700,1.73000000,2016,"Transit"
"TOI-2093 b",302.7375229,70.8696532,3.25000000,2025,"Radial Velocity"
"EPIC 212499991 b",202.4887520,-12.7347749,1.60000000,2019,"Transit"
"Kepler-759 b",290.1314231,41.3814345,2.27000000,2016,"Transit"
"Kepler-563 b",292.4461832,46.2897548,3.09000000,2016,"Transit"
"Kepler-296 f",286.5400278,49.4372614,1.80000000,2014,"Transit"
"Kepler-534 b",296.4185696,49.5401480,2.24000000,2016,"Transit"
"TOI-512 b",96.6467023,-38.6072095,1.54000000,2025,"Transit"
"HD 75784 b",133.0992289,13.2330548,13.80000000,2014,"Radial Velocity"
"Kepler-172 c",283.3684093,41.8218390,2.86000000,2014,"Transit"
"Kepler-1340 b",296.2328099,42.4727965,1.55000000,2016,"Transit"
"Kepler-1115 b",294.9917723,40.1443964,1.70000000,2016,"Transit"
"KIC 5437945 b",288.4749028,40.6512848,6.40000000,2015,"Transit"
"Kepler-1859 c",293.9886751,46.7179996,1.66000000,2023,"Transit"
"Kepler-1201 b",294.6147908,40.8331158,2.29000000,2016,"Transit"
"Kepler-232 c",295.8161668,51.1217249,3.83000000,2014,"Transit"
"tau Cet g",26.0093029,-15.9337987,1.18000000,2017,"Radial Velocity"
"Kepler-151 b",292.1627933,41.0231947,3.06000000,2014,"Transit"
"TOI-201 b",87.4017825,-54.9104230,11.40000000,2021,"Transit"
"Kepler-207 d",290.0305195,42.1660555,3.31000000,2014,"Transit"
"GJ 887 e",346.5027573,-35.8473489,1.12000000,2026,"Radial Velocity"
"WASP-108 b",195.8281644,-49.6397727,15.13212395,2020,"Transit"
"Kepler-1521 b",292.6903779,37.8350549,2.50000000,2016,"Transit"
"Kepler-238 c",287.8971066,40.6378141,2.39000000,2014,"Transit"
"GJ 676 A d",262.5448903,-51.6377777,1.78000000,2012,"Radial Velocity"
"Kepler-620 b",291.1593939,51.3348228,3.32000000,2016,"Transit"
"TOI-2989 b",171.2316754,-27.0623619,12.55405838,2025,"Transit"
"Kepler-349 c",293.6764689,44.6155972,1.96000000,2014,"Transit"
"Kepler-1231 b",288.5882888,42.6056644,1.42000000,2016,"Transit"
"Kepler-274 b",292.9227926,38.4772173,1.54000000,2014,"Transit"
"Kepler-832 b",295.9261101,45.3838690,2.06000000,2016,"Transit"
"Kepler-1889 b",297.1992577,41.2264404,2.94360686,2021,"Transit"
"Kepler-988 b",290.7082585,42.2372245,2.07000000,2016,"Transit"
"TOI-880 c",94.1644734,-13.9873370,4.95000000,2025,"Transit"
"HD 12235 b",30.0391601,3.0959098,3.23000000,2022,"Radial Velocity"
"Kepler-444 f",289.7528323,41.6318840,0.74100000,2015,"Transit"
"GJ 887 c",346.5027573,-35.8473489,2.43000000,2020,"Radial Velocity"
"Kepler-524 b",296.8591787,49.1620125,1.91000000,2016,"Transit"
"Kepler-1075 b",287.5011404,47.4691157,1.42000000,2016,"Transit"
"Kepler-368 b",291.8800180,45.3878419,3.26000000,2014,"Transit"
"Kepler-115 b",297.7119299,45.2619850,1.09000000,2014,"Transit"
"Kepler-1735 b",281.0503476,47.1882005,1.19429134,2021,"Transit"
"TOI-1898 b",144.5553000,23.5467464,9.39553231,2024,"Transit"
"Kepler-1130 c",285.2074210,45.3843330,0.79239584,2021,"Transit"
"HD 20782 b",50.0166232,-28.8543535,13.60000000,2006,"Radial Velocity"
"Kepler-1376 b",286.9584368,42.5414090,1.05000000,2016,"Transit"
"Kepler-1190 b",284.9996582,49.4799506,1.33000000,2016,"Transit"
"Kepler-450 b",295.4865821,51.0135237,6.14000000,2015,"Transit"
"Kepler-758 d",293.0846115,41.1354049,2.12000000,2016,"Transit"
"HAT-P-47 b",38.3080745,30.3604530,14.71739166,2026,"Transit"
"HD 135625 b",229.4511514,-45.9225871,13.30000000,2023,"Radial Velocity"
"TOI-2211.01",308.5390859,-29.6726127,1.56100000,2024,"Transit"
"Kepler-124 b",286.7527322,49.0648788,0.73000000,2014,"Transit"
"Kepler-1259 b",297.8414628,46.9676288,1.43000000,2016,"Transit"
"TOI-1859 b",279.8317644,69.5228726,9.75181321,2023,"Transit"
"Kepler-616 b",294.9891370,46.8383058,2.43000000,2016,"Transit"
"HD 141399 e",236.7235392,46.9862880,14.10000000,2014,"Radial Velocity"
"Kepler-1008 b",296.5476395,44.9418307,1.28000000,2016,"Transit"
"TOI-2133 b",261.2438308,32.7983974,2.37000000,2026,"Transit"
"Kepler-1979 b",289.8429062,38.3096220,29.33000000,2023,"Transit"
"WASP-157 b",201.6551525,-8.3176353,11.19000000,2016,"Transit"
"Kepler-1183 b",292.2324228,38.8921946,2.82000000,2016,"Transit"
"Kepler-331 d",291.8343455,39.3073462,1.64000000,2014,"Transit"
"TOI-5322 b",6.5293373,14.3364283,16.61170940,2025,"Transit"
"HD 457 b",2.2492922,-39.7372401,11.90000000,2022,"Radial Velocity"
"HD 112640 b",194.2415171,67.2429122,12.90000000,2020,"Radial Velocity"
"Kepler-1647 b",298.1500570,40.6561751,11.87390000,2016,"Transit"
"Kepler-1197 b",291.6693437,42.5907441,1.25000000,2016,"Transit"
"HD 153557 b",254.4706516,47.3678558,4.77000000,2022,"Radial Velocity"
"Kepler-1939 b",285.6899312,40.9946659,1.16480773,2021,"Transit"
"TIC 117642575 b",9.4800698,-37.0662905,2.82716337,2026,"Transit"
"Kepler-621 b",290.9272450,39.9141166,2.30000000,2016,"Transit"
"Kepler-1113 b",289.4066969,39.3388130,2.81000000,2016,"Transit"
"Kepler-142 b",295.1190067,48.4813635,1.99000000,2014,"Transit"
"Kepler-662 b",290.4650801,47.9291252,2.18000000,2016,"Transit"
"Kepler-1336 c",296.2776587,46.8998006,1.71000000,2016,"Transit"
"TOI-216.02",73.9800129,-63.2603301,8.00000000,2019,"Transit"
"Kepler-236 c",283.8664285,39.8981928,2.00000000,2014,"Transit"
"HD 196067 b",310.4364195,-75.3514992,12.40000000,2012,"Radial Velocity"
"Kepler-1210 b",292.8321598,48.2193376,1.70000000,2016,"Transit"
"Kepler-91 b",285.6729033,44.1167513,15.32270300,2013,"Transit"
"K2-290 b",234.8578846,-20.1988975,3.06000000,2019,"Transit"
"Kepler-1766 b",294.2772343,46.6752351,2.27904508,2021,"Transit"
"HD 176986 c",285.7739138,-11.0449410,,2017,"Radial Velocity"
"K2-170 c",335.4506923,-14.5933554,1.80176470,2018,"Transit"
"HD 72490 b",128.4028287,13.5507189,13.50000000,2018,"Radial Velocity"
"HD 12661 c",31.1423525,25.4135632,13.20000000,2002,"Radial Velocity"
"Kepler-1061 b",296.2300306,50.2752091,1.98000000,2016,"Transit"
"Kepler-1904 b",288.8744026,51.1542215,1.39049940,2021,"Transit"
"Kepler-473 b",286.6300796,38.9455907,4.08000000,2016,"Transit"
"HD 14787 b",35.8085099,10.8367972,13.70000000,2018,"Radial Velocity"
"WASP-106 b",166.4296276,-5.0794854,12.10569916,2014,"Transit"
"Kepler-1840 b",298.5948803,41.4359643,2.77771129,2021,"Transit"
"kap And b",355.1025974,44.3338511,15.91675259,2012,"Imaging"
"Kepler-1751 b",284.8465476,49.6923412,1.82417378,2021,"Transit"
"Kepler-1067 b",285.3873706,45.0490265,0.80000000,2016,"Transit"
"TOI-2578 b",68.0521023,52.2526547,19.66055215,2026,"Transit"
"Kepler-624 b",295.1933631,39.5396946,2.31000000,2016,"Transit"
"TOI-5349 b",52.7125703,20.8796279,10.20000000,2026,"Transit"
"TOI-1294 c",223.0926408,70.4765573,14.30000000,2024,"Radial Velocity"
"Kepler-1039 b",298.3266169,45.3154212,1.46000000,2016,"Transit"
"HAT-P-60 b",28.2825719,52.0539209,18.28184752,2021,"Transit"
"HD 88986 b",154.1166869,28.6820708,2.49000000,2023,"Radial Velocity"
"HD 215152 e",340.8380941,-6.4020685,,2018,"Radial Velocity"
"Kepler-704 b",283.3163671,41.8370942,2.61000000,2016,"Transit"
"K2-385 b",12.6140752,5.8712567,1.53900000,2022,"Transit"
"Kepler-1432 b",295.5241011,49.8295211,2.22000000,2016,"Transit"
"Kepler-135 c",290.4950939,38.7954956,1.16000000,2014,"Transit"
"Kepler-950 b",287.9565768,41.1302834,8.98000000,2016,"Transit"
"HD 73526 b",129.3183310,-41.3184231,13.10000000,2002,"Radial Velocity"
"HD 207897 b",325.2016451,84.3337613,2.34302132,2021,"Transit"
"Kepler-1459 b",282.4229401,46.0139761,1.36000000,2016,"Transit"
"Kepler-1358 b",286.1705469,43.0089000,1.12000000,2016,"Transit"
"Kepler-411 b",287.6057027,49.5233937,2.40100000,2013,"Transit"
"HD 360 b",2.0729030,-8.8242618,14.00000000,2021,"Radial Velocity"
"TOI-4030 b",277.6228367,56.7704522,5.84625590,2026,"Transit"
"Kepler-741 b",289.4317294,46.6174978,2.97000000,2016,"Transit"
"Kepler-1299 b",286.1501263,37.4113438,2.98000000,2016,"Transit"
"Kepler-1806 b",287.5349528,49.8016283,2.35560189,2021,"Transit"
"TOI-375 c",47.1499034,-77.3833275,13.40000000,2026,"Radial Velocity"
"Kepler-1048 b",281.8983042,42.1657112,1.61000000,2016,"Transit"
"Kepler-749 b",299.8973341,43.9040667,3.10000000,2016,"Transit"
"HD 102329 b",176.6941567,3.4742143,12.60000000,2011,"Radial Velocity"
"TOI-1194 b",167.8214811,69.9647749,8.71664516,2023,"Transit"
"Barnard d",269.4486144,4.7379808,0.69400000,2025,"Radial Velocity"
"Kepler-1951 b",290.4999139,40.2877161,2.32107188,2021,"Transit"
"HIP 114933 b",349.2071949,-21.2033101,13.40000000,2021,"Radial Velocity"
"Kepler-1305 b",297.3394624,46.3472165,1.88000000,2016,"Transit"
"Kepler-598 b",293.1234493,40.9348005,1.50000000,2016,"Transit"
"HD 185283 b",295.3233609,-56.3221096,13.60000000,2023,"Radial Velocity"
"Kepler-1920 b",291.0620355,38.8632881,2.95415848,2021,"Transit"
"HD 65216 b",118.4209646,-63.6466892,13.60000000,2003,"Radial Velocity"
"Kepler-954 b",295.8594318,47.9396001,2.32000000,2016,"Transit"
"EPIC 206042996 c",337.5136198,-13.6101475,1.20000000,2021,"Transit"
"HATS-38 b",154.2710615,-25.2762982,6.88232600,2020,"Transit"
"Kepler-1388 c",283.3360156,47.1744499,2.26000000,2016,"Transit"
"TIC 178172313 b",43.4062672,-32.0770480,2.80405322,2026,"Transit"
"Gliese 12 b",3.9579137,13.5576175,0.93000000,2024,"Transit"
"Kepler-266 c",294.4843821,44.1669355,3.89000000,2014,"Transit"
"NGTS-30 b",173.7148670,-24.6054801,10.40193409,2024,"Transit"
"Kepler-1388 e",283.3360156,47.1744499,2.46000000,2016,"Transit"
"Kepler-1311 b",289.6512597,43.8244445,1.24000000,2016,"Transit"
"Kepler-1991 c",285.0360506,45.0709909,2.57000000,2023,"Transit"
"Kepler-126 d",289.3473634,44.2084445,2.50000000,2014,"Transit"
"TOI-4029 b",239.2337189,16.9802854,6.73756618,2026,"Transit"
"Kepler-2001 b",291.6594558,50.5838585,1.04000000,2023,"Transit"
"Kepler-1247 b",294.5335974,46.6182365,2.33000000,2016,"Transit"
"Kepler-68 e",291.0323102,49.0402129,11.20000000,2023,"Radial Velocity"
"Kepler-1406 b",292.0818824,38.9149472,1.10000000,2016,"Transit"
"Kepler-1682 b",293.9835827,39.5728474,2.88940836,2020,"Transit"
"Kepler-174 d",287.4389454,43.8320052,2.19000000,2014,"Transit"
"Kepler-326 b",294.3255898,46.0022646,1.52000000,2014,"Transit"
"GJ 3998 d",259.0020507,11.0561751,2.34000000,2025,"Radial Velocity"
"HD 205158 b",323.9186227,-59.6933144,13.90000000,2022,"Radial Velocity"
"HD 219134 h",348.3372026,57.1696255,12.70000000,2015,"Radial Velocity"
"K2-183 c",125.0071770,14.0194586,2.30000000,2018,"Transit"
"NGTS-21 b",311.2583112,-35.4278412,14.90794433,2022,"Transit"
"Kepler-1519 b",296.6679448,49.4617774,7.06000000,2016,"Transit"
"TCP J05074264+2447555 b",76.9280000,24.7989611,4.72000000,2018,"Microlensing"
"TOI-2459 b",82.1433321,-39.3730456,2.95310000,2023,"Transit"
"Kepler-784 b",295.9206663,47.4486164,1.58000000,2016,"Transit"
"TOI-2641 b",171.1303716,-42.7321394,18.10250383,2023,"Transit"
"Kepler-255 c",296.0642702,45.9767647,2.99000000,2014,"Transit"
"HD 51608 c",103.7137102,-55.2600189,3.87000000,2019,"Radial Velocity"
"TIC 434398831 c",93.9592639,16.0238459,5.63000000,2025,"Transit"
"TOI-3082 b",195.9080719,-19.2189845,3.66210000,2023,"Transit"
"Kepler-1037 b",296.3410342,47.1709335,1.28000000,2016,"Transit"
"TOI-2141 d",258.7623456,18.3403449,3.97000000,2025,"Radial Velocity"
"HD 88133 b",152.5319349,18.1857284,13.80000000,2004,"Radial Velocity"
"TOI-1448 b",316.3240030,57.7710946,2.74900000,2024,"Transit"
"TIC 294329732 b",109.1177907,-58.2371507,2.07692266,2026,"Transit"
"WISPIT 2 c",290.8209991,-7.6820823,17.93436912,2026,"Imaging"
"K2-272 b",132.6211743,17.5423852,3.13000000,2018,"Transit"
"TOI-3474 b",233.5033482,-47.9636597,14.67255574,2025,"Transit"
"Kepler-825 c",294.7698250,39.3984081,1.84000000,2016,"Transit"
"Kepler-382 b",299.1362435,45.8699582,1.32000000,2014,"Transit"
"Kepler-266 b",294.4843821,44.1669355,2.48000000,2014,"Transit"
"Kepler-1962 b",289.5483989,40.1641457,1.21463929,2021,"Transit"
"TOI-1266 d",197.9965833,65.8336973,1.74000000,2025,"Transit Timing Variations"
"Kepler-691 b",288.8117314,40.0332311,2.09000000,2016,"Transit"
"HD 142415 b",239.4189890,-60.2006948,13.50000000,2003,"Radial Velocity"
"WASP-167 b",196.0437932,-35.5495292,17.71022000,2017,"Transit"
"K2-412 b",76.2621295,21.5801620,2.11600000,2022,"Transit"
"Kepler-1441 b",293.7191177,43.1245756,1.31000000,2016,"Transit"
"CoRoT-28 b",278.6883216,5.5736911,10.70459500,2015,"Transit"
"Kepler-88 d",291.1481028,40.6694130,13.10000000,2020,"Radial Velocity"
"Kepler-1755 b",296.8460920,40.1385777,5.91688317,2021,"Transit"
"Teegarden's Star c",43.2691449,16.8649024,1.02000000,2019,"Radial Velocity"
"HD 219828 b",349.6947029,18.6457524,4.59000000,2007,"Radial Velocity"
"Kepler-835 b",283.5742181,45.7348003,2.79000000,2016,"Transit"
"Kepler-1666 c",297.9516071,46.2647024,3.23564749,2020,"Transit"
"Kepler-1143 b",287.3027720,39.2896399,1.67000000,2016,"Transit"
"KOI-4777.01",287.2621474,42.0322257,0.51000000,2022,"Transit"
"Kepler-79 d",300.5171067,44.3815508,7.15000000,2014,"Transit"
"Kepler-190 b",288.5839761,44.7337701,1.56000000,2014,"Transit"
"NGTS-17 b",72.9005729,-34.2262128,13.89913607,2021,"Transit"
"Kepler-354 c",285.7515347,41.3356739,1.31000000,2014,"Transit"
"TIC 198190129 b",246.3322839,60.3771414,2.92284949,2026,"Transit"
"Kepler-1933 b",283.9950850,39.9170121,1.17984089,2021,"Transit"
"OGLE-2014-BLG-0676L b",268.1020833,-30.5483889,13.10000000,2016,"Microlensing"
"Kepler-1041 b",293.8817361,49.6831419,2.94000000,2016,"Transit"
"KIC 10525077 b",287.3781164,47.7711541,5.50000000,2015,"Transit"
"K2-70 b",338.4759328,-10.0849917,2.89000000,2016,"Transit"
"TOI-5704 b",169.8248694,44.9890782,3.22740000,2023,"Transit"
"HATS-4 b",94.1120914,-22.5468824,11.43300000,2014,"Transit"
"Kepler-121 b",286.1621273,39.6780204,2.34000000,2014,"Transit"
"HD 163607 b",268.4181383,56.3924701,13.90000000,2012,"Radial Velocity"
"TOI-1453 b",258.2232705,57.1977779,1.17300000,2025,"Transit"
"Kepler-395 c",293.5111889,45.1366252,1.32000000,2014,"Transit"
"Kepler-1965 b",292.5147146,38.0219872,1.35415138,2021,"Transit"
"DMPP-8 b",305.3083517,-81.6166664,10.80000000,2026,"Radial Velocity"
"Kepler-501 b",297.2014919,41.7301534,4.30000000,2016,"Transit"
"TOI-892 b",86.7382280,-11.2353401,11.99363000,2020,"Transit"
"Kepler-1898 b",287.2058009,38.4981903,0.93353523,2021,"Transit"
"Kepler-1274 b",284.5936858,46.4497364,1.42000000,2016,"Transit"
"G 9-40 b",134.7188514,21.0747961,1.90000000,2019,"Transit"
"K2-46 b",174.2662454,-0.9072100,2.05000000,2016,"Transit"
"K2-199 c",208.9014508,-6.1360833,2.85000000,2018,"Transit"
"TOI-2005 b",164.0316540,-43.3766967,11.99360935,2025,"Transit"
"Kepler-1065 b",294.5113190,38.7904648,3.73000000,2016,"Transit"
"TOI-7394 B b",236.0551933,58.5527617,11.50000000,2026,"Transit"
"TOI-5811 B b",310.9101344,19.7291680,21.96960217,2026,"Transit"
"HD 112300 b",193.8988441,3.3972376,12.20000000,2023,"Radial Velocity"
"TOI-5614 b",189.4323154,69.4584273,3.21759316,2026,"Transit"
"Kepler-793 b",295.2167334,38.7744269,1.37000000,2016,"Transit"
"Kepler-307 c",297.7950939,40.4176403,2.20000000,2013,"Transit"
"Kepler-613 b",282.7868415,46.2449846,2.29000000,2016,"Transit"
"K2-138 g",348.9490311,-10.8497391,3.01300000,2021,"Transit"
"HD 128311 b",219.0032292,9.7454368,13.50000000,2002,"Radial Velocity"
"Kepler-20 b",287.6979913,42.3385782,1.77300000,2011,"Transit"
"Kepler-1634 b",294.0433990,45.1398201,3.19000000,2016,"Transit"
"Kepler-445 d",298.7363395,46.4991236,1.25000000,2015,"Transit"
"Kepler-1701 b",286.6088625,41.8892986,2.22186207,2020,"Transit"
"Kepler-1835 b",280.3148152,43.9856885,3.53387773,2021,"Transit"
"Kepler-1024 b",291.9510277,38.2516419,3.91000000,2016,"Transit"
"Kepler-1545 b",298.8988313,47.4630696,2.70000000,2016,"Transit"
"Kepler-1774 b",288.5743991,40.9886069,3.18179549,2021,"Transit"
"KOBE-1 b",19.1660378,25.3310358,2.91000000,2025,"Radial Velocity"
"Kepler-1852 b",288.0297157,40.3441934,1.88610592,2021,"Transit"
"Kepler-1196 b",292.3695850,43.9108663,2.23000000,2016,"Transit"
"TOI-1221 b",107.9210254,-65.5088568,2.91000000,2023,"Transit"
"Kepler-324 c",286.4714473,49.6490933,3.15000000,2014,"Transit"
"Kepler-1122 b",288.2805801,46.3408747,2.04000000,2016,"Transit"
"Kepler-1826 b",292.7700072,48.8998469,1.47519116,2021,"Transit"
"HD 134606 c",228.8103897,-70.5203328,3.37000000,2024,"Radial Velocity"
"TIC 150070085 b",110.1432005,53.5469842,3.62000000,2026,"Transit"
"HIP 75092 b",230.1724206,-25.9910525,13.50000000,2021,"Radial Velocity"
"Kepler-828 b",286.8872555,42.4712271,1.51000000,2016,"Transit"
"CoRoT-8 b",291.5885696,1.4262972,6.39000000,2010,"Transit"
"HD 39091 b",84.2992798,-80.4646041,12.30000000,2001,"Radial Velocity"
"K2-136 b",67.4128615,22.8825674,1.01400000,2017,"Transit"
"K2-136 c",67.4128615,22.8825674,3.00000000,2017,"Transit"
"K2-136 d",67.4128615,22.8825674,1.56500000,2017,"Transit"
"pi Men c",84.2992798,-80.4646041,2.01890000,2018,"Transit"
"LHS 1815 b",91.0899861,-55.3115376,1.08800000,2020,"Transit"
"HIP 67522 b",207.5260010,-40.8358961,9.98720180,2020,"Transit"
"HD 5278 b",12.5467785,-83.7437671,2.45000000,2021,"Transit"
"HD 5278 c",12.5467785,-83.7437671,4.49000000,2021,"Radial Velocity"
"TOI-1062 b",38.1209678,-78.0236828,2.26500000,2021,"Transit"
"TOI-1062 c",38.1209678,-78.0236828,3.10000000,2021,"Radial Velocity"
"TOI-2285 b",332.5632644,58.7060934,1.77000000,2021,"Transit"
"TOI-2109 b",253.1862971,16.5799153,15.09849700,2021,"Transit"
"pi Men d",84.2992798,-80.4646041,3.72000000,2022,"Radial Velocity"
"TOI-1107 b",155.6078632,-82.2188693,14.57167491,2022,"Transit"
"TOI-707 b",98.7295889,-67.5372743,2.41600000,2026,"Transit"
"TOI-907.01",262.1834072,-62.8403830,9.61588510,2024,"Transit"
"LHS 475 b",290.2379403,-82.5597883,0.99100000,2023,"Transit"
"TOI-912 b",229.3285665,-80.4733446,1.93000000,2025,"Transit"
"TOI-913 b",234.5723244,-80.8034265,2.45280000,2023,"Transit"
"TOI-1105 b",146.0539694,-89.4715133,3.05823658,2026,"Transit"
"TOI-1230.01",118.1295936,-83.8250629,2.38627705,2021,"Transit"
"TOI-2322 c",116.9731027,-71.0019671,1.87400000,2025,"Transit"
"TOI-2322 b",116.9731027,-71.0019671,0.99400000,2025,"Transit"
"TOI-3353.01",106.5298146,-75.8195594,2.66675550,2024,"Transit"
"NGTS-26 b",217.6832961,-31.7324526,14.88552637,2024,"Transit"
"TIC 46432937 b",83.8689794,-14.5971909,13.31626907,2024,"Transit"
"HIP 67522 c",207.5260010,-40.8358961,7.93595834,2024,"Transit"
"Kepler-103 c",288.9845512,40.0644857,5.45390000,2014,"Transit"
"Kepler-546 b",283.2575730,40.9904095,7.00000000,2016,"Transit"
"Kepler-103 b",288.9845512,40.0644857,3.48570000,2014,"Transit"
"Kepler-433 b",297.5936232,40.9772546,16.25000000,2015,"Transit"
"Kepler-1976 b",292.1670600,48.7275345,12.21000000,2023,"Transit Timing Variations"
"Kepler-1157 b",283.1209268,43.5255701,1.09000000,2016,"Transit"
"Kepler-1610 b",295.9049795,45.4054296,1.61000000,2016,"Transit"
"Kepler-1245 c",290.7443078,43.2607530,1.44000000,2016,"Transit"
"Kepler-297 d",283.2091605,48.7776156,32.60000000,2023,"Transit"
"Kepler-431 b",281.1123072,43.2277663,0.76400000,2015,"Transit"
"DMPP-4 b",293.5826648,51.2358069,3.53000000,2023,"Radial Velocity"
"Kepler-184 d",291.9518784,43.0746172,2.49000000,2014,"Transit"
"Kepler-1140 b",281.6940529,46.9465210,2.77000000,2016,"Transit"
"TOI-1799 b",167.2329152,34.3030149,1.64200000,2024,"Transit"
"Kepler-1696 b",295.5761011,42.0233639,2.80982017,2020,"Transit"
"Kepler-928 b",289.9206760,41.5427758,1.59000000,2016,"Transit"
"Kepler-153 c",282.4605020,48.2570293,2.53000000,2014,"Transit"
"HD 73256 c",129.0949961,-30.0373339,12.20000000,2023,"Radial Velocity"
"HD 175541 b",283.9203211,4.2649344,14.10000000,2007,"Radial Velocity"
"HD 219134 g",348.3372026,57.1696255,3.28000000,2015,"Radial Velocity"
"Kepler-708 b",293.8164588,42.2125159,2.93000000,2016,"Transit"
"WASP-54 b",205.4542456,-0.1281712,17.71022000,2012,"Transit"
"K2-250 b",185.0315429,-8.9757427,2.71257333,2018,"Transit"
"Kepler-1325 b",285.0171505,42.0853120,2.86000000,2016,"Transit"
"Kepler-703 b",299.1868586,41.7426990,8.20000000,2016,"Transit"
"TOI-1533 c",355.2467209,57.4852417,7.50000000,2026,"Transit"
"Kepler-957 b",290.1563633,48.8189710,5.50000000,2016,"Transit"
"TOI-3856 b",145.2229223,27.9501580,13.59649359,2025,"Transit"
"Kepler-1740 b",293.8736630,38.9224548,3.32321414,2021,"Transit"
"Kepler-176 d",294.6679021,43.8532104,2.51000000,2014,"Transit"
"K2-150 b",18.3443908,8.9874328,2.00000000,2018,"Transit"
"Kepler-307 b",297.7950939,40.4176403,2.43000000,2013,"Transit"
"Kepler-755 c",296.8609348,41.0973178,1.26000000,2016,"Transit"
"Kepler-607 c",291.0571451,44.6323060,2.76001201,2021,"Transit"
"TOI-540 b",76.3096949,-47.9375391,0.90300000,2020,"Transit"
"K2-320 b",163.2519122,5.3064776,2.62000000,2020,"Transit"
"Kepler-1523 b",296.0540705,45.8270447,1.58000000,2016,"Transit"
"GJ 463 b",185.7440496,64.0324311,13.10000000,2022,"Radial Velocity"
"Kepler-62 c",283.2125621,45.3496992,0.54000000,2013,"Transit"
"HD 222582 b",355.4640788,-5.9862379,12.60000000,1999,"Radial Velocity"
"Kepler-210 c",292.5034196,43.0832188,3.62000000,2014,"Transit"
"Kepler-1551 b",295.7855238,39.9078956,2.66000000,2016,"Transit"
"TIC 188624430 b",258.5566927,53.7060189,3.64811843,2026,"Transit"
"Kepler-1174 b",281.8314296,42.2988910,1.59000000,2016,"Transit"
"Kepler-269 c",290.2151459,41.7759810,1.69000000,2014,"Transit"
"Kepler-607 b",291.0571451,44.6323060,0.87000000,2016,"Transit"
"Kepler-1981 b",287.9754691,38.7402988,9.23000000,2023,"Transit"
"TOI-6041 c",46.0610334,43.5576668,10.50000000,2025,"Radial Velocity"
"HD 109833 c",189.7758591,-74.5740205,2.59000000,2022,"Transit"
"Kepler-1082 b",289.3586737,50.5984489,1.12000000,2016,"Transit"
"Kepler-431 d",281.1123072,43.2277663,1.11000000,2015,"Transit"
"WASP-170 b",135.4163028,-20.7203686,12.28506400,2018,"Transit"
"K2-74 b",339.9192984,-8.7145697,2.31000000,2016,"Transit"
"TOI-1246 d",251.1158702,70.4299917,3.43139739,2022,"Transit"
"Kepler-372 d",291.2562253,49.2589288,1.69000000,2014,"Transit"
"HD 25723 b",61.0947182,-12.7922241,13.30000000,2020,"Radial Velocity"
"TOI-7155 b",12.4454481,79.2878555,2.40821473,2026,"Transit"
"Kepler-84 b",298.2520208,40.4960842,2.23000000,2012,"Transit"
"Kepler-1555 b",287.6354587,45.7160327,1.61000000,2016,"Transit"
"Kepler-1725 b",294.3735518,40.1946345,2.81251770,2021,"Transit"
"TOI-2104 b",151.6122146,83.0878397,1.52898127,2026,"Transit"
"Kepler-120 b",287.8915707,39.3390979,2.15000000,2014,"Transit"
"Kepler-627 b",292.1042198,39.7678585,3.73000000,2016,"Transit"
"Kepler-1326 b",296.2221990,39.2689420,4.18000000,2016,"Transit"
"TOI-1184 b",272.2045196,60.6787845,2.39000000,2024,"Transit"
"G 192-15 b",90.6220931,49.8619390,1.02000000,2025,"Radial Velocity"
"HATS-61 b",61.6578005,-25.3496674,13.39475500,2018,"Transit"
"Kepler-684 b",290.8704935,38.2735978,3.36000000,2016,"Transit"
"WASP-159 b",68.1364792,-38.9682973,15.46842000,2018,"Transit"
"K2-26 b",94.2064312,24.5958335,2.67000000,2016,"Transit"
"TIC 9344899 b",72.7939340,-8.4473205,9.16000000,2026,"Transit"
"WASP-194 b",295.3877064,56.2178049,15.47960235,2025,"Transit"
"Kepler-1956 b",294.6208506,49.8942190,1.08940238,2021,"Transit"
"K2-335 b",129.3896679,16.5220648,2.21000000,2021,"Transit"
"Kepler-352 c",299.8966237,46.0519022,1.24000000,2014,"Transit"
"Kepler-1175 b",289.1426847,46.8129656,2.99000000,2016,"Transit"
"TOI-2453 b",74.8374845,12.9363528,3.24380341,2026,"Transit"
"TOI-3523 A b",304.2834581,42.9065338,15.97279750,2025,"Transit"
"Kepler-1586 b",298.2026236,44.9258585,1.52000000,2016,"Transit"
"Kepler-30 b",285.2836483,38.9472625,3.90000000,2012,"Transit"
"Kepler-1285 b",281.8353366,44.1558825,0.97000000,2016,"Transit"
"NGTS-10 b",91.8722801,-25.5948963,13.89913607,2020,"Transit"
"TOI-6158 b",333.8944061,16.2853919,10.40000000,2026,"Transit"
"Kepler-361 c",296.8034146,46.7411011,2.52000000,2014,"Transit"
"TOI-5728 b",260.3509363,67.5504212,1.31000000,2025,"Transit"
"Kepler-568 b",298.1061315,48.4016448,2.26000000,2016,"Transit"
"Kepler-1923 b",298.0834457,40.3462551,1.95958179,2021,"Transit"
"Kepler-1208 b",291.8812445,44.5557587,2.32000000,2016,"Transit"
"Kepler-406 c",291.8481764,44.9682807,0.85000000,2014,"Transit"
"Kepler-1910 b",296.6171677,41.2811677,1.18400000,2021,"Transit"
"Kepler-1655 b",286.6895986,39.2120802,2.21300000,2018,"Transit"
"HD 191939 g",302.0256247,66.8503014,3.74000000,2022,"Radial Velocity"
"HD 87816 c",151.5296524,-52.1878679,12.40000000,2025,"Radial Velocity"
"Kepler-185 c",282.4681674,43.8899464,2.02000000,2014,"Transit"
"Kepler-738 b",287.5696516,46.5679011,2.50000000,2016,"Transit"
"TOI-1883 b",134.0892456,-12.9306438,5.65000000,2024,"Transit"
"Kepler-658 b",282.9836210,47.5783897,1.63000000,2016,"Transit"
"HD 235088 b",300.6154535,53.3774418,1.98200000,2023,"Transit"
"Kepler-93 b",291.4181275,38.6723124,1.47800000,2014,"Transit"
"Kepler-596 b",289.5006797,51.6857106,3.46000000,2016,"Transit"
"K2-174 b",60.7929729,16.3471660,2.60000000,2018,"Transit"
"Kepler-1357 b",291.5480665,50.3532584,1.28000000,2016,"Transit"
"Kepler-1807 b",291.5494119,44.5272788,2.70393215,2021,"Transit"
"GJ 3378 b",90.2951302,59.5931917,1.32000000,2026,"Radial Velocity"
"Kepler-256 b",292.5804200,46.0973588,1.59000000,2014,"Transit"
"NGTS-31 b",80.4212533,-38.6568270,18.04645893,2025,"Transit"
"TOI-2525 c",86.8509737,-60.5213081,10.13291855,2023,"Transit"
"Kepler-574 b",290.2470519,52.1491051,2.39000000,2016,"Transit"
"Kepler-1062 b",283.8994187,41.2215940,1.76000000,2016,"Transit"
"HD 28185 c",66.6100461,-10.5510754,12.80000000,2022,"Radial Velocity"
"Kepler-725 c",283.9774949,44.8115613,3.08000000,2025,"Transit Timing Variations"
"K2-317 b",228.6188638,-21.0227209,2.93000000,2020,"Transit"
"Kepler-1375 b",296.2935173,43.4032189,1.74000000,2016,"Transit"
"TOI-6478 b",149.9918059,-16.1597935,4.60000000,2025,"Transit"
"Kepler-1338 b",284.0422701,41.6990348,0.92000000,2016,"Transit"
"WASP-59 b",349.6229547,24.8892770,8.68700000,2012,"Transit"
"K2-63 c",333.4267738,-12.0663429,3.90000000,2016,"Transit"
"KOI-4978 b",286.5907635,38.5582993,0.70000000,2024,"Transit"
"Kepler-1539 b",284.2194566,44.2685146,2.70000000,2016,"Transit"
"Kepler-614 b",298.3848866,46.2759867,2.39000000,2016,"Transit"
"Kepler-257 c",297.3159994,46.0232642,5.41000000,2014,"Transit"
"TOI-5398 b",161.8795569,36.3294345,10.30000000,2022,"Transit"
"TOI-1820 b",187.6867207,27.4520016,12.77823800,2022,"Transit"
"Kepler-1220 b",297.0703980,42.9777396,1.52000000,2016,"Transit"
"TOI-938 b",63.0323442,-12.1188357,4.82401567,2026,"Transit"
"Kepler-192 d",287.9179379,45.5928829,1.02000000,2016,"Transit"
"Kepler-825 b",294.7698250,39.3984081,1.53000000,2016,"Transit"
"Kepler-1414 b",284.9285796,42.4223085,1.23000000,2016,"Transit"
"HD 86950 b",150.4066612,-17.3330699,13.00000000,2016,"Radial Velocity"
"Kepler-1150 b",296.7244553,49.5326846,1.02000000,2016,"Transit"
"Kepler-1765 b",298.0144601,42.9574314,2.49508857,2021,"Transit"
"Kepler-831 b",294.9855607,42.7277355,1.27000000,2016,"Transit"
"K2-257 b",188.2782840,-1.9532879,0.83000000,2018,"Transit"
"Kepler-27 d",292.2367608,41.0858710,2.70619460,2021,"Transit"
"HIP 29442 d",93.0578446,-14.6493167,1.53800000,2023,"Radial Velocity"
"Kepler-196 b",284.9685077,42.0791214,1.90000000,2014,"Transit"
"Kepler-806 b",296.0071956,44.8535698,1.14000000,2016,"Transit"
"Kepler-1854 b",286.2859300,37.3869915,2.58746104,2021,"Transit"
"TOI-5624 b",180.8443476,49.2512257,2.31400000,2026,"Transit"
"Kepler-739 b",290.0679940,46.5791535,3.32000000,2016,"Transit"
"HD 204313 b",322.0510568,-21.7274194,12.90000000,2010,"Radial Velocity"
"Kepler-129 d",285.3111845,47.8484775,12.60000000,2021,"Radial Velocity"
"Kepler-389 c",291.9600082,44.9000587,1.46000000,2014,"Transit"
"K2-158 c",179.9397081,-5.7216879,1.28000000,2018,"Transit"
"Kepler-864 c",285.0570943,46.3206074,1.62000000,2023,"Transit"
"TOI-5800 b",305.0655462,-7.4119237,2.46000000,2025,"Transit"
"TOI-2803 A b",93.1147397,-23.4924956,18.11371281,2023,"Transit"
"Kepler-1462 b",296.3975420,42.3969273,3.82000000,2016,"Transit"
"HD 191939 b",302.0256247,66.8503014,3.41000000,2020,"Transit"
"HD 212771 b",336.7624130,-17.2641046,13.30000000,2009,"Radial Velocity"
"Kepler-1695 b",293.6193001,46.4134015,1.11948901,2020,"Transit"
"TOI-1782.02",213.0787718,74.4117909,1.83900000,2024,"Transit"
"WASP-119 b",55.9336392,-65.1937800,15.69260000,2016,"Transit"
"Kepler-893 b",284.9630591,43.9130282,3.03000000,2016,"Transit"
"Kepler-1487 c",295.4980737,38.6444499,7.97000000,2023,"Transit"
"KOI-7913 b",286.7485252,45.1587234,2.34000000,2022,"Transit"
"TOI-1472 c",14.1142611,48.6375168,3.33400000,2025,"Radial Velocity"
"Kepler-1239 b",293.1273357,42.3200578,2.90000000,2016,"Transit"
"Kepler-1902 b",292.7376545,42.0147792,1.17563613,2021,"Transit"
"Kepler-297 b",283.2091605,48.7776156,2.87000000,2014,"Transit"
"Kepler-351 d",286.4527949,42.6577891,2.72000000,2016,"Transit"
"Kepler-789 b",295.9751549,38.9466396,2.12000000,2016,"Transit"
"K2-279 b",204.7792935,-6.0417592,1.21000000,2018,"Transit"
"nu Oph c",269.7566013,-9.7741342,12.00000000,2012,"Radial Velocity"
"KOI-1599.02",298.3738383,40.6184483,1.90000000,2019,"Transit"
"HD 109833 b",189.7758591,-74.5740205,2.88800000,2022,"Transit"
"HIP 71135 b",218.2158073,-52.6464757,4.55000000,2019,"Radial Velocity"
"K2-147 b",293.8330329,-28.4984750,1.47286006,2018,"Transit"
"Kepler-11 d",297.1150949,41.9091092,3.12000000,2010,"Transit"
"K2-131 b",182.7514040,-9.7652392,1.69000000,2017,"Transit"
"Kepler-218 d",295.4128785,46.2665801,2.66000000,2016,"Transit"
"TOI-6054.01",56.3370070,60.3509170,2.64000000,2024,"Transit"
"Kepler-1937 b",290.6583922,40.7785383,3.02291330,2021,"Transit"
"HAT-P-56 b",100.8480137,27.2521823,16.92559000,2015,"Transit"
"HD 8574 b",21.3033807,28.5660169,13.40000000,2002,"Radial Velocity"
"HATS-71 b",15.5518893,-61.7561333,11.47801600,2020,"Transit"
"K2-341 b",130.4971951,19.9166357,3.21000000,2021,"Transit"
"GJ 1061 b",54.0032486,-44.5143104,1.04000000,2020,"Radial Velocity"
"Kepler-102 b",281.4824731,47.2078263,0.46000000,2014,"Transit"
"Kepler-731 b",296.3931945,45.5685330,13.88000000,2016,"Transit"
"K2-194 b",204.6089755,-8.9271609,3.64229858,2018,"Transit"
"Kepler-915 b",290.5921293,45.7372184,1.50000000,2016,"Transit"
"TIC 241249530 b",95.3088995,53.2950203,13.29385111,2024,"Transit"
"TOI-5795 b",304.8687820,-7.5476595,5.62000000,2025,"Transit"
"K2-196 b",200.4562487,-8.4717104,3.59970536,2018,"Transit"
"Kepler-1315 b",295.8215678,46.0530562,1.38000000,2016,"Transit"
"Kepler-93 c",291.4181275,38.6723124,,2014,"Radial Velocity"
"TOI-5599 b",199.3262375,55.6815392,7.18882120,2026,"Transit"
"Kepler-1912 b",282.1178211,46.2239547,1.35670508,2021,"Transit"
"TOI-1260 c",157.1440712,65.8541986,2.76000000,2021,"Transit"
"Kepler-306 e",288.5387145,40.6160545,2.27000000,2014,"Transit"
"K2-396 b",74.6928607,17.2690562,1.57900000,2022,"Transit"
"HD 10442 b",25.4715240,2.7044193,13.60000000,2014,"Radial Velocity"
"Kepler-198 c",290.6731326,38.6910045,2.47000000,2014,"Transit"
"Kepler-129 b",285.3111845,47.8484775,2.40000000,2014,"Transit"
"Kepler-1549 b",286.0524399,39.0960281,2.57000000,2016,"Transit"
"HD 8326 b",20.5314418,-26.8940678,9.58000000,2019,"Radial Velocity"
"Kepler-1800 b",297.6513317,40.3524154,0.99679734,2021,"Transit"
"TOI-1742 b",257.3288678,71.8766724,2.36507598,2024,"Transit"
"BD+45 564 b",32.9470485,45.9242187,13.60000000,2021,"Radial Velocity"
"HD 11343 c",27.5271962,-54.4651633,13.90000000,2022,"Radial Velocity"
"TOI-2295 b",281.5761962,50.4924657,16.47720163,2024,"Transit"
"Kepler-656 c",288.3278778,47.3815380,1.41000000,2023,"Transit"
"Kepler-1941 b",296.6270184,49.3538910,2.64976949,2021,"Transit"
"Kepler-1311 d",289.6512597,43.8244445,9.65837605,2021,"Transit"
"Kepler-1316 b",298.8358277,40.2930714,3.54000000,2016,"Transit"
"TOI-6954 b",168.3240591,-2.7877643,3.63524486,2026,"Transit"
"Kepler-256 d",292.5804200,46.0973588,2.48000000,2014,"Transit"
"K2-90 c",59.1527391,22.4724517,1.30000000,2016,"Transit"
"HD 11506 d",28.2106607,-19.5073960,12.30000000,2022,"Radial Velocity"
"Kepler-1118 b",299.9656619,44.1608805,2.74000000,2016,"Transit"
"K2-247 c",188.8935189,-10.0692793,2.19000000,2018,"Transit"
"K2-322 b",156.6226981,4.7640203,1.92000000,2020,"Transit"
"HD 141004 b",236.6099205,7.3527684,3.77000000,2021,"Radial Velocity"
"Kepler-168 c",294.7101832,39.8250437,2.69000000,2014,"Transit"
"Kepler-1515 b",290.9739057,48.1782059,9.55000000,2016,"Transit"
"TOI-4155 b",325.6362269,77.7343836,3.21000000,2025,"Transit"
"GJ 9689 b",303.4677310,13.3888921,3.07000000,2020,"Radial Velocity"
"Kepler-169 d",285.9999204,40.9193822,1.25000000,2014,"Transit"
"Kepler-191 d",291.1833211,45.3230937,2.28000000,2016,"Transit"
"K2-8 b",169.7935178,-0.2844389,3.58000000,2015,"Transit"
"HATS-33 b",294.6336944,-55.3302692,13.78707000,2016,"Transit"
"Kepler-1464 b",287.2356828,38.7540824,1.66000000,2016,"Transit"
"Kepler-805 b",293.2300178,45.0533640,2.89000000,2016,"Transit"
"17 Sco b",243.4620874,-11.8377905,12.90000000,2020,"Radial Velocity"
"Kepler-264 c",292.0446280,37.3761861,2.83000000,2014,"Transit"
"HR 858 b",42.9849779,-30.8140609,2.00400000,2019,"Transit"
"Kepler-941 b",294.3262617,47.2175461,3.08000000,2016,"Transit"
"Kepler-1832 b",299.8517779,43.7320611,1.22719556,2021,"Transit"
"TOI-833 b",145.6454720,-62.4758857,1.27000000,2022,"Transit"
"HD 38283 b",84.2605324,-73.6998131,14.00000000,2010,"Radial Velocity"
"Kepler-341 b",289.8615609,43.4727412,1.18000000,2014,"Transit"
"TIC 153919886 b",171.8440734,68.1810449,2.70601108,2026,"Transit"
"Kepler-1669 b",297.4303826,39.8478795,2.78043818,2020,"Transit"
"Kepler-295 c",285.3458383,45.3677754,1.17000000,2014,"Transit"
"NN Ser c",238.2337015,12.9120871,12.60000000,2010,"Eclipse Timing Variations"
"Kepler-1802 b",300.2420869,44.1412854,1.67100000,2021,"Transit"
"TOI-6008 b",310.4487344,49.6468992,1.03000000,2024,"Transit"
"Kepler-1437 b",291.8649164,49.3258690,1.37000000,2016,"Transit"
"Kepler-330 b",288.4474035,44.8017616,1.35000000,2014,"Transit"
"Kepler-100 c",291.3861294,41.9901394,2.20000000,2014,"Transit"
"K2-377 b",202.8978870,-12.0951142,1.69300000,2022,"Transit"
"Kepler-554 b",296.4068982,51.3581938,4.29000000,2016,"Transit"
"Kepler-208 e",293.8901979,42.5279413,1.48000000,2014,"Transit"
"Kepler-1287 b",289.1346298,47.0630180,1.54000000,2016,"Transit"
"Kepler-646 b",290.4714596,44.3870422,1.99000000,2016,"Transit"
"Kepler-1880 b",287.8264561,40.6965988,2.11686218,2021,"Transit"
"Kepler-587 b",288.6706571,47.3991249,2.23000000,2016,"Transit"
"EPIC 201238110 b",179.7058532,-3.3894613,1.87000000,2019,"Transit"
"K2-240 c",227.8493710,-17.8754464,1.80000000,2018,"Transit"
"Kepler-1495 b",286.1306907,38.7795494,2.94000000,2016,"Transit"
"Kepler-508 b",295.4042546,42.9812789,1.64000000,2016,"Transit"
"HD 191939 f",302.0256247,66.8503014,13.20000000,2022,"Radial Velocity"
"HN Peg b",326.1315705,14.7714524,11.77680000,2006,"Imaging"
"K2-413 b",353.4175668,-7.6120272,0.75990000,2022,"Transit"
"KOI-351 h",284.4334642,49.3051239,11.25200000,2013,"Transit"
"HD 60779 c",114.0047579,-3.1512910,5.79000000,2026,"Radial Velocity"
"K2-19 c",174.9602543,0.6035960,4.10000000,2015,"Transit"
"TOI-3160 A b",224.5658555,-27.6825503,13.76462830,2025,"Transit"
"Kepler-1333 b",293.5275797,41.1113940,2.81000000,2016,"Transit"
"Kepler-1715 b",293.9297337,41.6029048,4.14042267,2021,"Transit"
"Kepler-1885 b",288.7507112,47.4909206,1.51110555,2021,"Transit"
"TOI-1803 c",178.0461054,35.1718001,4.29000000,2025,"Transit"
"Kepler-1116 b",291.9336573,44.1154992,2.54000000,2016,"Transit"
"Kepler-232 b",295.8161668,51.1217249,3.08000000,2014,"Transit"
"HD 141399 d",236.7235392,46.9862880,13.70000000,2014,"Radial Velocity"
"HIP 57274 b",176.1705487,30.9576484,,2011,"Radial Velocity"
"Kepler-398 d",291.4688524,40.3437001,0.88000000,2016,"Transit"
"HD 158259 b",261.3495847,52.7904721,1.28228000,2020,"Radial Velocity"
"Kepler-577 b",294.7119855,39.0737317,2.55000000,2016,"Transit"
"Kepler-953 b",288.9716297,44.6246451,4.21000000,2016,"Transit"
"HD 124330 b",212.8207093,54.4089731,14.00000000,2021,"Radial Velocity"
"Kepler-1966 b",292.4637788,41.2990438,1.10479327,2021,"Transit"
"Kepler-212 c",287.6208165,43.1416239,2.74000000,2014,"Transit"
"HD 238914 b",279.5842102,59.2538819,12.80000000,2018,"Radial Velocity"
"Kepler-44 b",300.1023512,45.7621918,12.22000000,2011,"Transit"
"Kepler-158 b",284.0323723,39.7815365,2.12000000,2014,"Transit"
"Kepler-1080 b",296.4644914,49.1828952,3.28000000,2016,"Transit"
"Kepler-1228 b",296.5527610,46.9661945,1.54000000,2016,"Transit"
"TOI-5786 b",293.3223259,30.7042468,8.54000000,2025,"Transit"
"Kepler-1850 b",287.1428295,43.6161177,0.72909663,2021,"Transit"
"75 Cet c",38.0391598,-1.0350269,13.90000000,2023,"Radial Velocity"
"TOI-2345 b",43.8847940,-34.9779745,1.50400000,2025,"Transit"
"DMPP-1 e",86.7761233,-10.6303217,1.86000000,2019,"Radial Velocity"
"Kepler-548 b",299.9059167,45.4396103,11.99000000,2016,"Transit"
"Kepler-260 c",291.9259658,38.0140525,1.74000000,2014,"Transit"
"Kepler-1460 b",285.5577888,44.0108221,1.96000000,2016,"Transit"
"HD 133131 B b",225.8999745,-27.8415947,13.30000000,2016,"Radial Velocity"
"HD 158259 d",261.3495847,52.7904721,2.18000000,2020,"Radial Velocity"
"WASP-138 b",41.6391598,-0.4641252,12.21781000,2016,"Transit"
"TOI-5181 A b",280.6774738,21.6998203,13.34989601,2025,"Transit"
"Kepler-599 b",285.9115968,41.0695091,2.84000000,2016,"Transit"
"Kepler-158 d",284.0323723,39.7815365,0.43000000,2024,"Transit"
"Kepler-575 b",286.9638856,37.8296147,2.39000000,2016,"Transit"
"EPIC 246851721 b",78.9198197,16.2786991,11.78065900,2018,"Transit"
"HD 1461 b",4.6762645,-8.0536206,2.42000000,2010,"Radial Velocity"
"Kepler-1218 b",291.5788505,44.5316825,1.44000000,2016,"Transit"
"Kepler-1891 b",290.0438524,44.3705375,1.52139156,2021,"Transit"
"Kepler-782 b",288.8682460,47.7594700,3.21000000,2016,"Transit"
"Kepler-330 c",288.4474035,44.8017616,1.95000000,2014,"Transit"
"Kepler-987 b",289.4110582,46.1308443,3.26000000,2016,"Transit"
"Kepler-385 d",294.3385109,50.3365178,2.61864480,2020,"Transit"
"Kepler-115 c",297.7119299,45.2619850,2.60000000,2014,"Transit"
"TOI-2120 b",23.5073150,65.5139877,2.12200000,2024,"Transit"
"K2-395 b",70.4438684,16.6743415,2.59700000,2022,"Transit"
"KOI-1833 d",285.6025889,50.1120401,2.58000000,2021,"Transit"
"Kepler-734 b",297.0456122,46.0273893,3.56000000,2016,"Transit"
"HD 104067 c",179.7923543,-20.3556058,3.69000000,2024,"Radial Velocity"
"Kepler-514 b",286.2471739,50.2423694,1.72000000,2016,"Transit"
"Kepler-1456 b",286.9453381,43.8228023,1.14000000,2016,"Transit"
"TOI-1411 b",232.9460470,47.0555507,1.19880592,2022,"Transit"
"Kepler-1614 b",284.8713893,49.7758867,1.49000000,2016,"Transit"
"CoRoT-20 b",97.7204249,0.2268931,9.41556000,2011,"Transit"
"K2-187 d",132.5235618,23.1924709,2.40000000,2018,"Transit"
"HD 44219 b",95.0599971,-10.7250799,14.10000000,2010,"Radial Velocity"
"Kepler-142 c",295.1190067,48.4813635,2.86000000,2014,"Transit"
"HD 72659 b",128.5128072,-1.5686323,13.20000000,2002,"Radial Velocity"
"Kepler-652 b",288.0080899,46.4736108,2.49000000,2016,"Transit"
"TOI-332 b",348.0589516,-44.8764852,3.20000000,2023,"Transit"
"K2-62 b",334.3645089,-12.1874776,2.02000000,2016,"Transit"
"K2-380 b",283.4346389,-26.5387308,2.72900000,2022,"Transit"
"Kepler-785 b",292.0683108,38.8422004,13.02000000,2016,"Transit"
"K2-224 b",189.7041426,-10.0605942,1.56000000,2018,"Transit"
"Kepler-1066 b",298.8666210,46.5022325,2.36000000,2016,"Transit"
"Kepler-1315 c",295.8215678,46.0530562,1.84398883,2021,"Transit"
"TOI-375 d",47.1499034,-77.3833275,13.60000000,2026,"Radial Velocity"
"KIC 9663113 b",297.0454037,46.3286653,4.60000000,2015,"Transit"
"NGTS-12 b",176.2499418,-35.6405630,11.74703200,2020,"Transit"
"Kepler-1240 b",282.9997682,40.5574322,1.15000000,2016,"Transit"
"KIC 7917485 b",299.4346094,43.6326069,12.40000000,2016,"Pulsation Timing Variations"
"HD 26161 b",62.4122255,31.6524346,11.90000000,2021,"Radial Velocity"
"Kepler-1323 b",292.8722515,46.0987290,1.52000000,2016,"Transit"
"TOI-2379 b",358.0920465,-53.0431560,11.72459381,2024,"Transit"
"Kepler-657 b",291.1973006,47.3077545,3.52000000,2016,"Transit"
"K2-198 c",198.8436817,-6.4649888,1.42300000,2019,"Transit"
"HD 170469 b",277.2955423,11.6954244,14.10000000,2007,"Radial Velocity"
"Kepler-139 d",282.3919451,43.8894167,1.69500000,2023,"Transit"
"Kepler-1639 b",283.0686510,48.8021209,2.58000000,2016,"Transit"
"TOI-2580 b",62.1992072,67.1165264,17.37392009,2024,"Transit"
"Kepler-1000 b",286.6854729,47.0981948,4.76000000,2016,"Transit"
"TOI-2088 b",261.3748943,75.8822796,3.68311790,2024,"Transit"
"HIP 98599 b",300.4090608,-22.1110649,12.70000000,2026,"Radial Velocity"
"K2-154 b",189.0015173,-2.6696217,1.99000000,2018,"Transit"
"Kepler-240 b",291.1587635,40.7502108,1.37000000,2014,"Transit"
"HIP 38594 c",118.5439118,-25.3023073,7.94000000,2020,"Radial Velocity"
"Kepler-145 c",291.3877397,44.5290465,4.32000000,2013,"Transit"
"Kepler-144 b",281.9156128,42.7755535,1.33000000,2014,"Transit"
"TOI-1846 b",257.9549645,54.5278483,1.79200000,2025,"Transit"
"Kepler-1957 b",293.7114360,47.8874467,0.94374867,2021,"Transit"
"Kepler-219 b",288.7389481,46.7625929,2.95000000,2014,"Transit"
"TIC 365102760 b",305.8398236,54.3943194,6.21000000,2024,"Transit"
"Kepler-1153 b",289.1471849,45.8661300,1.73000000,2016,"Transit"
"Kepler-327 b",292.6422963,44.0876251,1.11000000,2014,"Transit"
"K2-72 b",334.6227504,-9.6120084,1.08000000,2016,"Transit"
"TOI-5126 c",151.6597827,18.6340631,3.86000000,2023,"Transit"
"Kepler-405 b",291.4094615,38.3400107,2.08000000,2014,"Transit"
"Kepler-451 d",294.6359173,46.0664076,13.50000000,2022,"Eclipse Timing Variations"
"Kepler-1421 b",286.5806115,48.5442312,0.93000000,2016,"Transit"
"K2-332 b",135.8832666,14.2504994,2.20000000,2021,"Transit"
"Kepler-1288 b",285.7135000,41.6058799,1.12000000,2016,"Transit"
"GJ 1151 c",177.7304866,48.3732334,3.25000000,2023,"Radial Velocity"
"Kepler-80 c",296.1125759,39.9787451,2.74000000,2012,"Transit"
"Kepler-925 b",290.1065581,40.4906242,2.34000000,2016,"Transit"
"Kepler-194 d",291.9714290,47.8640498,2.40000000,2014,"Transit"
"Kepler-945 b",291.2697354,42.0960305,2.63000000,2016,"Transit"
"HD 156846 b",260.1423366,-19.3343650,12.40000000,2007,"Radial Velocity"
"TOI-2025 b",282.7952558,82.2454143,11.89272852,2022,"Transit"
"Kepler-1878 b",300.7324154,44.1070231,2.92019781,2021,"Transit"
"Kepler-1447 b",289.6434285,50.7270160,2.90000000,2016,"Transit"
"Kepler-1805 b",285.0865387,40.8990506,1.54502915,2021,"Transit"
"HD 158259 f",261.3495847,52.7904721,2.35000000,2020,"Radial Velocity"
"TOI-261.01",15.2181412,-24.4239934,3.04498630,2021,"Transit"
"Kepler-370 b",292.1710683,40.9162381,1.59000000,2014,"Transit"
"Kepler-956 b",292.5308289,49.0616555,3.00000000,2016,"Transit"
"HD 63433 b",117.4793699,27.3631342,2.14000000,2020,"Transit"
"Kepler-1142 b",292.7144796,44.0822816,1.47000000,2016,"Transit"
"Kepler-853 b",283.9367810,49.1102748,1.69000000,2016,"Transit"
"Kepler-451 c",294.6359173,46.0664076,13.50000000,2022,"Eclipse Timing Variations"
"WISPIT 1 b",117.7985550,-50.1376852,12.40000000,2025,"Imaging"
"TOI-2529 b",118.9945352,-52.3548332,11.54525012,2024,"Transit"
"KOI-1599.01",298.3738383,40.6184483,1.90000000,2019,"Transit"
"Kepler-1759 b",298.4656275,48.5593334,0.90377910,2021,"Transit"
"Kepler-1215 b",297.4636477,48.1813978,1.22000000,2016,"Transit"
"Kepler-1733 b",291.1384628,37.8592447,3.63582354,2021,"Transit"
"Kepler-357 c",291.2429746,44.0086337,2.67000000,2014,"Transit"
"Kepler-194 c",291.9714290,47.8640498,2.59000000,2014,"Transit"
"Kepler-1056 b",299.5259832,46.8992561,3.01000000,2016,"Transit"
"Kepler-1424 b",290.9916648,40.2293347,1.16000000,2016,"Transit"
"Kepler-1642 c",297.2121215,43.6437890,2.66000000,2016,"Transit"
"HD 164595 b",270.1613723,29.5726698,4.16000000,2015,"Radial Velocity"
"K2-24 c",242.5734559,-24.9906029,7.93000000,2016,"Transit"
"Kepler-235 d",286.0790779,39.2782370,2.05000000,2014,"Transit"
"HD 97037 b",167.5545621,-7.3901483,12.10000000,2022,"Radial Velocity"
"Kepler-776 b",287.2726117,41.6356009,1.28000000,2016,"Transit"
"K2-352 b",140.4451478,18.4696280,1.37000000,2021,"Transit"
"TOI-3288 b",297.1103158,-43.0180008,12.24020692,2025,"Transit"
"Kepler-1420 b",296.2038586,42.7778165,1.28000000,2016,"Transit"
"K2-333 b",136.7892752,15.2056765,6.18000000,2021,"Transit"
"Kepler-79 e",300.5171067,44.3815508,3.53000000,2014,"Transit"
"Kepler-20 d",287.6979913,42.3385782,2.60600000,2011,"Transit"
"DMPP-1 c",86.7761233,-10.6303217,3.31000000,2019,"Radial Velocity"
"Kepler-947 b",294.3667312,42.2526408,2.28000000,2016,"Transit"
"Kepler-689 b",294.7106347,39.5216975,2.89000000,2016,"Transit"
"NGC 2682 YBP 1194 b",132.7533077,11.8146537,12.30000000,2014,"Radial Velocity"
"HD 211970 b",335.5661579,-54.5596006,3.66000000,2019,"Radial Velocity"
"Kepler-336 c",290.2376224,41.3313637,2.10000000,2014,"Transit"
"Kepler-423 b",292.8557189,46.3911883,13.36100000,2014,"Transit"
"2M0437 b",69.3405531,26.8502997,13.00000000,2021,"Imaging"
"Kepler-561 b",293.7471107,45.1071981,6.96000000,2016,"Transit"
"24 Boo b",217.1555242,49.8446488,13.90000000,2018,"Radial Velocity"
"HD 74156 c",130.6047813,4.5772338,12.50000000,2003,"Radial Velocity"
"Kepler-1365 c",292.1996573,42.0459944,0.80000000,2016,"Transit"
"HD 20003 c",46.9090081,-72.3219221,3.89000000,2019,"Radial Velocity"
"Kepler-716 b",290.3931809,43.3638577,2.90000000,2016,"Transit"
"Kepler-411 c",287.6057027,49.5233937,4.42100000,2016,"Transit"
"HD 134606 b",228.8103897,-70.5203328,2.97000000,2024,"Radial Velocity"
"K2-66 b",331.5266563,-10.7115362,2.49000000,2016,"Transit"
"TIC 437041147 b",132.9480195,6.7648369,2.21526814,2026,"Transit"
"Kepler-583 b",282.1113206,42.3545514,2.28000000,2016,"Transit"
"Kepler-1649 c",292.5029676,41.8299933,1.06000000,2020,"Transit"
"WASP-57 b",223.8199788,-2.0576866,11.76945000,2012,"Transit"
"Kepler-381 d",285.1828685,43.8310283,1.06678650,2021,"Transit"
"TOI-1199 b",166.8806581,61.3525723,10.51402390,2024,"Transit"
"TOI-4961 b",192.5018624,-59.8919345,12.34108775,2025,"Transit"
"Kepler-118 c",299.2131881,41.4248195,7.68000000,2014,"Transit"
"Kepler-278 b",290.1072124,38.7022694,3.95500000,2014,"Transit"
"K2-268 e",133.7094899,11.8482712,1.33000000,2021,"Transit"
"Kepler-1254 d",285.1733174,48.7700099,1.31000000,2016,"Transit"
"HD 167768 b",274.2213308,-3.0085807,13.90000000,2022,"Radial Velocity"
"TOI-1036 b",157.8671116,-42.2404483,6.28499593,2026,"Transit"
"EPIC 212424622 b",202.3313765,-14.3594358,2.17000000,2019,"Transit"
"Kepler-1915 b",301.2786852,44.2505116,3.21798413,2021,"Transit"
"Kepler-1734 b",294.1631670,41.4517316,3.08851092,2021,"Transit"
"Kepler-960 b",281.4572217,46.7465538,2.29000000,2016,"Transit"
"HD 208897 b",329.7490639,19.0201591,13.70000000,2017,"Radial Velocity"
"Kepler-1386 b",280.8233646,42.6360518,1.24000000,2016,"Transit"
"Kepler-1921 c",300.3161723,45.4953271,1.41000000,2023,"Transit"
"Kepler-1225 b",290.6332748,40.1369671,1.82000000,2016,"Transit"
"Kepler-1708 b",296.8241065,43.6248197,9.96000000,2021,"Transit"
"HD 96700 b",166.9742616,-30.1751383,2.93000000,2021,"Radial Velocity"
"Kepler-208 b",293.8901979,42.5279413,1.63000000,2014,"Transit"
"Kepler-1146 b",286.7167120,47.4256580,1.23000000,2016,"Transit"
"WASP-100 b",68.9598159,-64.0270390,14.90797000,2014,"Transit"
"Kepler-1643 b",300.4310076,44.7510129,2.32000000,2016,"Transit"
"Kepler-215 d",294.9735313,45.2136867,2.39000000,2014,"Transit"
"EPIC 212737443 b",204.2215065,-7.3180577,2.58600000,2019,"Transit"
"TOI-2169 A b",279.1701117,23.2586193,12.50922246,2025,"Transit"
"K2-259 b",186.8026947,1.5668631,2.32000000,2018,"Transit"
"Kepler-416 c",291.5569554,39.2272923,2.35200000,2014,"Transit Timing Variations"
"Kepler-401 c",290.0827494,50.8634361,2.15000000,2014,"Transit"
"Kepler-888 b",295.5212866,49.7386804,1.76000000,2016,"Transit"
"Kepler-740 b",286.4822566,46.6924560,4.57000000,2016,"Transit"
"Kepler-1673 b",285.6671724,48.7195865,2.93551940,2020,"Transit"
"Kepler-1322 c",293.2045009,45.4353919,2.15492527,2021,"Transit"
"Kepler-1211 b",285.7207618,40.8569116,2.55000000,2016,"Transit"
"HIP 78530 b",240.4810052,-21.9804920,12.00000000,2010,"Imaging"
"Kepler-48 f",299.1393094,40.9489390,13.80000000,2023,"Radial Velocity"
"Kepler-1750 b",292.3514917,48.5110714,6.00434637,2021,"Transit"
"TOI-4308 b",327.7530693,-43.5623642,2.41890000,2023,"Transit"
"HD 18015 b",43.3636339,-8.8480392,13.10000000,2018,"Radial Velocity"
"TOI-1798.02",211.0939367,46.5192825,1.46400000,2024,"Transit"
"Kepler-24 b",290.4132621,38.3437283,2.34800000,2011,"Transit"
"Kepler-1875 b",296.7727406,50.1883667,3.22686692,2021,"Transit"
"Kepler-1642 b",297.2121215,43.6437890,3.20000000,2016,"Transit"
"HD 33142 c",76.8980559,-13.9863374,13.90000000,2016,"Radial Velocity"
"Kepler-864 b",285.0570943,46.3206074,2.40000000,2016,"Transit"
"HD 181720 b",290.7212224,-32.9208401,14.00000000,2009,"Radial Velocity"
"TOI-6677 b",290.4719117,-46.8749591,5.83507112,2026,"Transit"
"Kepler-1394 b",283.4532068,45.0840729,1.39000000,2016,"Transit"
"Kepler-1672 b",297.9400971,40.2785566,2.97022762,2020,"Transit"
"HD 331093 b",295.6200054,31.7395451,13.60000000,2021,"Radial Velocity"
"Kepler-58 d",296.3586251,39.1152033,2.94000000,2014,"Transit"
"Kepler-404 c",286.3985796,45.3435241,1.72000000,2014,"Transit"
"Kepler-1254 b",285.1733174,48.7700099,1.55000000,2016,"Transit"
"HD 37124 d",84.2599947,20.7289784,14.00000000,2005,"Radial Velocity"
"WASP-3 b",278.6317411,35.6614312,15.91678000,2007,"Transit"
"Kepler-1936 b",290.7300141,44.8361280,3.16615594,2021,"Transit"
"Kepler-1615 b",286.3592066,42.2273971,2.06000000,2016,"Transit"
"Kepler-327 d",292.6422963,44.0876251,1.73000000,2014,"Transit"
"Kepler-1301 b",286.6041816,42.4403309,1.40000000,2016,"Transit"
"Kepler-784 c",295.9206663,47.4486164,1.55000000,2023,"Transit"
"Kepler-1553 b",291.9191348,39.0221769,1.15000000,2016,"Transit"
"TOI-2227 b",337.5177563,-67.8501459,3.09885187,2026,"Transit"
"Kepler-1862 b",296.7533555,49.3780726,2.20300000,2021,"Transit"
"Kepler-990 b",297.9381813,46.8813194,2.60000000,2016,"Transit"
"Kepler-1537 b",294.3853917,43.8254461,1.18000000,2016,"Transit"
"HATS-28 b",284.3997616,-49.1385126,13.38354600,2016,"Transit"
"HR 858 d",42.9849779,-30.8140609,2.00100000,2019,"Transit"
"TOI-2193 A b",313.6912320,-72.8046404,19.83989584,2022,"Transit"
"GJ 9773 b",333.1502333,8.5503355,14.20000000,2025,"Radial Velocity"
"Kepler-1785 b",295.7921797,47.6000699,2.70422447,2021,"Transit"
"Kepler-130 d",288.4505905,40.2452006,1.64000000,2014,"Transit"
"HD 125136 b",215.3703435,-72.3175327,13.30000000,2026,"Radial Velocity"
"HD 13808 c",33.1780708,-53.7437591,3.13000000,2021,"Radial Velocity"
"Kepler-340 b",295.9334710,40.3005515,2.53000000,2014,"Transit"
"HD 125271 b",216.6474037,-81.4542756,12.40000000,2022,"Radial Velocity"
"Kepler-1085 b",287.4776359,46.1411685,7.22000000,2016,"Transit"
"Kepler-1404 b",296.0094827,50.4983929,2.01000000,2016,"Transit"
"K2-99 c",208.7737624,-5.4424943,12.60000000,2022,"Radial Velocity"
"TOI-1728 b",120.6116787,64.7971531,5.05000000,2020,"Transit"
"HATS-74 A b",171.0147921,-19.5569588,11.56766808,2021,"Transit"
"Kepler-1207 b",295.0641963,49.3589615,1.62000000,2016,"Transit"
"Kepler-1636 b",294.0575681,46.4409844,3.23000000,2016,"Transit"
"Kepler-1267 b",299.1695093,43.4410533,3.01000000,2016,"Transit"
"K2-73 c",335.0256620,-9.0560881,13.00000000,2025,"Radial Velocity"
"Kepler-1795 b",286.4792568,39.2698793,1.66301611,2021,"Transit"
"K2-285 b",349.3843458,1.3001522,2.59000000,2018,"Transit"
"WISPIT 1 c",117.7985550,-50.1376852,12.80000000,2025,"Imaging"
"TIC 349520724 b",111.2314215,-64.6398433,2.82626313,2026,"Transit"
"LP 714-47 b",64.1902212,-12.0848643,4.25000000,2020,"Transit"
"Kepler-963 b",296.7529742,45.0411049,2.66000000,2016,"Transit"
"XO-2 S b",117.0309753,50.2169068,10.90000000,2014,"Radial Velocity"
"Kepler-1748 b",285.9678970,45.7390789,2.71275017,2021,"Transit"
"Kepler-336 d",290.2376224,41.3313637,2.37000000,2014,"Transit"
"Kepler-712 b",294.9096739,42.9351987,3.41000000,2016,"Transit"
"TOI-4364 b",80.0669270,-4.2392481,2.01000000,2025,"Transit"
"TOI-5628 A b",185.7279551,18.8367047,8.29464572,2026,"Transit"
"EPIC 201427007 b",184.6021322,-0.5512886,1.50000000,2021,"Transit"
"TOI-2992 b",164.3165643,-32.3224375,13.75341932,2025,"Transit"
"K2-268 b",133.7094899,11.8482712,1.50000000,2018,"Transit"
"Kepler-1096 b",294.7094688,45.9695533,1.24000000,2016,"Transit"
"TOI-615 b",133.4086892,-40.5437010,18.97680433,2023,"Transit"
"HAT-P-28 b",13.0009159,34.7284020,13.58500000,2011,"Transit"
"Kepler-667 b",295.5549918,49.0172956,4.73000000,2016,"Transit"
"Kepler-557 b",293.7084179,41.6151084,2.67000000,2016,"Transit"
"EPIC 206024342 d",331.2771441,-14.1218019,2.60000000,2021,"Transit"
"rho CrB c",240.2600639,33.3001861,5.68000000,2016,"Radial Velocity"
"Kepler-483 b",291.6467764,41.8846843,3.21000000,2016,"Transit"
"HD 73534 b",129.8153421,12.9599703,13.70000000,2008,"Radial Velocity"
"HD 35843 b",81.3488924,-44.4312849,2.29000000,2025,"Radial Velocity"
"Kepler-116 b",294.7420605,43.5367842,3.42000000,2014,"Transit"
"HAT-P-62 b",74.5043816,48.3008551,12.02723629,2021,"Transit"
"TOI-3896 b",187.9302395,63.9085462,3.14949237,2026,"Transit"
"Kepler-443 b",288.6104839,49.9685458,2.33000000,2015,"Transit"
"TOI-4504 d",114.4673065,-62.0782776,11.26000000,2024,"Transit Timing Variations"
"HD 150010 b",247.8670682,72.6125804,13.30000000,2022,"Radial Velocity"
"Kepler-552 b",290.7476903,48.2419838,3.95000000,2016,"Transit"
"TOI-2719 b",71.5549449,-0.8048725,5.98000000,2025,"Transit"
"HD 23596 b",57.0018601,40.5307308,12.40000000,2003,"Radial Velocity"
"K2-347 b",126.3726821,23.2974061,2.41000000,2021,"Transit"
"Kepler-812 b",288.8552821,48.2085170,3.55000000,2016,"Transit"
"TOI-2266 b",245.2800398,31.5770413,1.54000000,2024,"Transit"
"Kepler-1187 b",286.8919996,38.3185034,2.61000000,2016,"Transit"
"Kepler-1547 b",283.7640396,42.2220992,0.90000000,2016,"Transit"
"Kepler-170 b",284.5211975,41.6296562,3.20000000,2014,"Transit"
"GJ 15 A b",4.6126677,44.0247296,1.55000000,2014,"Radial Velocity"
"Kepler-100 b",291.3861294,41.9901394,1.34000000,2014,"Transit"
"Kepler-1258 b",285.4049723,49.9948186,0.86000000,2016,"Transit"
"NSVS 14256825 b",305.0019460,4.6323715,12.30000000,2019,"Eclipse Timing Variations"
"TOI-1266 b",197.9965833,65.8336973,2.52000000,2020,"Transit"
"Kepler-659 b",287.6081777,47.5096893,2.50000000,2016,"Transit"
"GJ 27.1 b",9.9980016,-44.2541679,3.66000000,2014,"Radial Velocity"
"TOI-4495 c",286.3624951,37.0259902,4.03000000,2024,"Transit"
"Kepler-798 b",292.4782785,42.1422821,2.39000000,2016,"Transit"
"TOI-5082.01",106.5695780,22.6831477,2.54811000,2024,"Transit"
"Kepler-364 c",281.5699998,47.3986233,2.15000000,2014,"Transit"
"TOI-1260 d",157.1440712,65.8541986,3.12000000,2022,"Transit"
"HD 50499 b",103.0080750,-33.9152670,13.50000000,2005,"Radial Velocity"
"HD 20794 f",49.9997666,-43.0666533,2.28000000,2025,"Radial Velocity"
"Kepler-1595 b",285.7227502,43.0094855,1.23000000,2016,"Transit"
"HD 99109 b",171.0715576,-1.5297610,14.30000000,2005,"Radial Velocity"
"KOI-3503 b",293.1507654,41.7291532,1.19000000,2021,"Transit"
"Kepler-526 b",297.6509281,47.3962246,1.99000000,2016,"Transit"
"HD 28109 c",65.2383065,-68.1026875,4.13000000,2022,"Transit"
"K2-11 b",169.0418328,1.9866832,7.55000000,2015,"Transit"
"KOI-319 c",290.1174980,44.8729586,11.90000000,2014,"Transit Timing Variations"
"KOI-319 b",290.1174980,44.8729586,10.67000000,2014,"Transit"
"TOI-1743 b",257.7473322,71.8722039,1.83000000,2025,"Transit"
"Kepler-1837 b",288.2076012,45.6834463,2.06673842,2021,"Transit"
"Kepler-1986 b",292.9582727,42.8548909,1.89000000,2023,"Transit"
"Kepler-696 b",293.4965906,41.1375635,6.14000000,2016,"Transit"
"Kepler-189 c",287.5646296,44.3050662,2.38000000,2014,"Transit"
"HD 105618 b",182.4021288,11.2115695,5.44000000,2022,"Radial Velocity"
"TOI-1301.01",275.8625432,71.5817479,2.47700000,2024,"Transit"
"Kepler-1497 b",296.1961550,45.6343124,1.66000000,2016,"Transit"
"EPIC 212624936 b",210.6376171,-10.0236852,1.20000000,2021,"Transit"
"Kepler-194 b",291.9714290,47.8640498,1.51000000,2014,"Transit"
"Kepler-661 b",283.7107463,47.8631748,3.07000000,2016,"Transit"
"Kepler-529 c",285.8884067,47.8803640,2.00000000,2016,"Transit"
"HAT-P-61 b",75.4801665,50.1311784,10.07687365,2021,"Transit"
"TOI-2589 b",107.4881501,-37.2309480,12.10569916,2023,"Transit"
"HD 95872 b",165.8658796,-22.0943303,13.00000000,2015,"Radial Velocity"
"Kepler-1412 b",292.1801539,49.2024810,0.83000000,2016,"Transit"
"Kepler-760 c",287.5931997,44.1794278,1.48000000,2016,"Transit"
"2MASS J0249-0557 c",42.4851627,-5.9599921,17.37392009,2018,"Imaging"
"TOI-4504 c",114.4673065,-62.0782776,11.17000000,2024,"Transit"
"Kepler-1540 b",283.3445555,41.2017544,2.49000000,2016,"Transit"
"TIC 445839811 b",200.1188173,48.4072699,2.47771211,2026,"Transit"
"Kepler-225 c",292.1939846,47.4570808,1.84000000,2014,"Transit"
"Kepler-180 b",295.5712566,49.7745140,1.50000000,2014,"Transit"
"HD 18438 b",46.5318358,79.4185800,12.10000000,2023,"Radial Velocity"
"HD 154088 b",256.1164214,-28.5838342,2.46000000,2021,"Radial Velocity"
"HD 24064 b",59.1510071,74.0800789,12.30000000,2015,"Radial Velocity"
"Kepler-1349 b",286.3385562,48.7442697,0.70000000,2016,"Transit"
"HD 29399 b",68.3903471,-62.8237576,13.50000000,2022,"Radial Velocity"
"TOI-4511 b",49.3052786,15.5017268,2.75304932,2026,"Transit"
"KOI-134 c",295.5865980,45.3649371,9.86000000,2025,"Transit Timing Variations"
"Kepler-1306 b",294.4783627,46.9458638,1.91000000,2016,"Transit"
"TOI-2200 b",98.7835071,-72.4567778,6.96310517,2026,"Transit"
"K2-285 c",349.3843458,1.3001522,3.53000000,2018,"Transit"
"Kepler-345 b",295.2288521,45.9710432,0.74000000,2014,"Transit"
"Kepler-539 c",299.1224639,41.8667953,13.30000000,2016,"Transit Timing Variations"
"HD 33844 b",78.1505649,-14.9509775,13.40000000,2015,"Radial Velocity"
"GJ 317 c",130.2445254,-23.4528090,13.60000000,2016,"Radial Velocity"
"Kepler-467 b",287.3629145,38.6497341,2.25000000,2016,"Transit"
"Kepler-964 b",295.3000650,40.5565792,2.12000000,2016,"Transit"
"TOI-1386 c",334.5041029,54.3190454,10.30000000,2024,"Radial Velocity"
"HD 99706 c",172.1261621,43.9662025,12.80000000,2016,"Radial Velocity"
"Kepler-1262 b",288.7718287,42.2131694,1.82000000,2016,"Transit"
"BEBOP-3 b",110.9026550,79.1323952,14.20000000,2025,"Radial Velocity"
"Kepler-1071 b",293.0579794,45.2487472,2.38000000,2016,"Transit"
"TOI-1806.01",166.1181474,30.4585763,3.40953670,2024,"Transit"
"Kepler-1809 b",290.2651662,40.5484937,1.51300000,2021,"Transit"
"K2-242 b",179.8358421,-6.5178542,2.54000000,2018,"Transit"
"TIC 77319217 b",71.0406969,-39.8976018,3.10879526,2026,"Transit"
"Kepler-649 b",285.6558336,45.0794516,2.26000000,2016,"Transit"
"HAT-P-55 b",264.2735096,25.7311468,14.84069045,2015,"Transit"
"Kepler-344 c",292.4996101,46.3243406,2.95000000,2014,"Transit"
"HIP 65891 b",202.6050857,-58.6643937,12.70000000,2015,"Radial Velocity"
"GJ 4274 c",335.7805478,-17.6104078,2.83000000,2026,"Radial Velocity"
"Kepler-1111 b",295.4634045,45.8127697,2.00000000,2016,"Transit"
"Kepler-172 b",283.3684093,41.8218390,2.35000000,2014,"Transit"
"K2-139 b",289.0667070,-17.9107147,9.11000000,2017,"Transit"
"HD 64121 b",117.3651424,-54.8126136,13.20000000,2022,"Radial Velocity"
"Kepler-902 b",289.7317067,46.9538750,2.54000000,2016,"Transit"
"Kepler-894 b",288.7340513,46.9393630,2.78000000,2016,"Transit"
"Kepler-1794 b",300.6196594,45.7888068,1.79426276,2021,"Transit"
"TOI-1064 b",296.0039349,-47.5620305,2.58700000,2022,"Transit"
"Kepler-884 b",292.5844328,49.9232012,1.23000000,2016,"Transit"
"Kepler-1019 b",283.7175909,47.2043818,1.46000000,2016,"Transit"
"WASP-28 b",353.6162694,-1.5799849,13.66374747,2014,"Transit"
"GJ 3341 b",78.9471415,-31.2948458,2.46000000,2015,"Radial Velocity"
"TOI-4552 b",264.7142556,-47.6370457,1.11000000,2026,"Transit"
"GJ 1289 b",355.7813464,36.5363314,2.38000000,2024,"Radial Velocity"
"Kepler-555 b",285.5168720,38.9324587,2.83000000,2016,"Transit"
"Kepler-683 b",291.4399598,37.9056293,1.97000000,2016,"Transit"
"HATS-10 b",294.3068385,-22.2044872,10.86152100,2015,"Transit"
"Kepler-1977 b",290.6178587,37.2891002,1.66000000,2023,"Transit"
"Kepler-715 b",283.6307971,43.3793638,3.75000000,2016,"Transit"
"HD 127195 c",217.8714193,-47.7292571,14.10000000,2026,"Radial Velocity"
"Kepler-164 d",287.7808115,47.6298453,2.45000000,2014,"Transit"
"Kepler-786 b",293.7439223,38.9392217,2.43000000,2016,"Transit"
"TOI-3785 b",130.9002258,63.0780768,5.14000000,2023,"Transit"
"WASP-145 A b",322.2537644,-58.8361466,10.08810000,2018,"Transit"
"WASP-136 b",0.3257610,-8.9262512,16.81347105,2016,"Transit"
"HATS-12 b",289.2024020,-19.3559227,7.76000000,2016,"Transit"
"TOI-1296 b",256.7706392,70.2384806,14.11645916,2021,"Transit"
"HD 98736 b",170.4549045,18.1896082,13.30000000,2018,"Radial Velocity"
"Kepler-1136 b",284.1078441,44.2458047,1.64000000,2016,"Transit"
"GJ 667 C f",259.7510609,-34.9977651,1.45000000,2013,"Radial Velocity"
"Kepler-635 b",289.7732613,40.8007019,2.64000000,2016,"Transit"
"TOI-1279 b",185.0628734,56.2014094,2.66146528,2024,"Transit"
"Kepler-468 b",288.9022829,49.3704079,13.34000000,2016,"Transit"
"DE CVn b",201.7207198,45.5455449,12.40000000,2018,"Eclipse Timing Variations"
"TOI-682.01",167.8854300,-22.0727803,3.74186000,2021,"Transit"
"USco CTIO 108 b",241.4752653,-18.3124167,12.30000000,2008,"Imaging"
"Kepler-1496 b",293.9739359,45.3507167,2.22000000,2016,"Transit"
"HD 102272 b",176.5980316,14.1240201,12.90000000,2008,"Radial Velocity"
"Kepler-366 c",296.8520316,49.0844359,1.79000000,2014,"Transit"
"KOI-2513.01",293.6688776,46.3792321,2.80224517,2023,"Transit"
"Kepler-537 b",289.8805804,51.2769907,1.41000000,2016,"Transit"
"GJ 3323 b",75.4868824,-6.9485133,1.23000000,2017,"Radial Velocity"
"HAT-P-46 b",270.4441831,-2.9709800,14.39200000,2014,"Transit"
"TOI-4495 b",286.3624951,37.0259902,2.48300000,2026,"Transit"
"Kepler-1761 b",284.1329728,49.1426325,1.39109603,2021,"Transit"
"NGTS-6 b",75.7953820,-30.3994612,14.86313400,2019,"Transit"
"Kepler-920 c",284.2969363,49.1585983,3.80000000,2016,"Transit"
"Kepler-818 b",296.2351072,39.3702865,5.11000000,2016,"Transit"
"Kepler-139 c",282.3919451,43.8894167,3.38000000,2014,"Transit"
"Kepler-959 b",292.1711850,40.8113849,4.38000000,2016,"Transit"
"BD-210397 c",33.3024198,-21.1962147,12.90000000,2023,"Radial Velocity"
"Kepler-1436 b",297.7115530,46.7679816,1.31000000,2016,"Transit"
"HU Aqr AB c",316.9921976,-5.2948694,12.90000000,2011,"Eclipse Timing Variations"
"Kepler-1597 b",288.1639687,42.4810124,1.06000000,2016,"Transit"
"WASP-83 b",190.1519558,-19.2843527,11.65736000,2015,"Transit"
"HD 116029 c",200.1646905,24.6484725,13.70000000,2016,"Radial Velocity"
"Kepler-282 e",284.6772402,44.7976401,3.10000000,2013,"Transit"
"XO-2 S c",117.0309753,50.2169068,13.60000000,2014,"Radial Velocity"
"Kepler-850 b",293.0844515,48.5753645,1.78000000,2016,"Transit"
"Kepler-65 d",288.6887221,41.1511076,1.52000000,2012,"Transit"
"Kepler-1090 b",295.6629002,44.5258237,2.25000000,2016,"Transit"
"TOI-715 b",113.8523276,-73.5774089,1.55000000,2023,"Transit"
"GJ 393 b",157.2288672,0.8378485,1.17000000,2021,"Radial Velocity"
"Kepler-1680 b",297.0746571,39.9338893,1.35954736,2020,"Transit"
"Gaia-2 b",110.7353308,67.2526565,14.81827249,2022,"Transit"
"WASP-124 b",332.7143373,-30.7497189,13.89916000,2016,"Transit"
"TOI-1439 b",241.7639371,67.8776404,4.24278610,2024,"Transit"
"GJ 1061 c",54.0032486,-44.5143104,1.19000000,2020,"Radial Velocity"
"K2-50 b",169.4836540,5.9882890,1.59000000,2016,"Transit"
"Kepler-23 b",294.2189131,49.4792536,1.63800000,2011,"Transit"
"Kepler-257 b",297.3159994,46.0232642,2.61000000,2014,"Transit"
"TOI-1736 c",43.4344615,69.1013450,12.50000000,2023,"Radial Velocity"
"Kepler-310 d",288.8392780,46.9867472,2.47000000,2014,"Transit"
"WASP-192 b",223.6587187,-38.7445469,13.78707000,2019,"Transit"
"Kepler-184 b",291.9518784,43.0746172,2.36000000,2014,"Transit"
"Kepler-1744 b",291.0206823,42.4624633,3.76754004,2021,"Transit"
"Kepler-1107 b",291.0499340,39.1416740,1.34000000,2016,"Transit"
"Kepler-40 b",296.8136883,47.5265446,13.11000000,2010,"Transit"
"TOI-908 b",53.1594266,-81.2507450,3.18600000,2023,"Transit"
"Kepler-851 b",294.6802199,49.1401106,1.68000000,2016,"Transit"
"HD 99492 c",171.6896870,3.0071331,4.42000000,2023,"Radial Velocity"
"G 264-012 c",326.6719598,66.8038480,1.76000000,2021,"Radial Velocity"
"Kepler-827 b",294.9660027,42.7085608,5.63000000,2016,"Transit"
"Kepler-228 c",296.2860853,48.2246328,2.70000000,2014,"Transit"
"K2-346 b",125.9864854,22.6632260,2.26000000,2021,"Transit"
"Kepler-77 b",289.6079433,44.3454347,10.76100000,2013,"Transit"
"Kepler-1509 b",283.7977792,46.9310139,1.85000000,2016,"Transit"
"GJ 581 b",229.8564725,-7.7226935,4.79000000,2005,"Radial Velocity"
"K2-403 b",164.1893864,9.6739464,5.33300000,2022,"Transit"
"HD 43691 b",94.8946124,41.0920773,13.20000000,2007,"Radial Velocity"
"Kepler-1574 b",292.1586689,49.6377914,1.29000000,2016,"Transit"
"Kepler-238 f",287.8971066,40.6378141,2.00000000,2013,"Transit"
"K2-253 b",186.0853062,-6.3789537,12.67000000,2018,"Transit"
"Kepler-1290 b",290.6852287,43.8596155,1.42000000,2016,"Transit"
"Kepler-68 d",291.0323102,49.0402129,13.90000000,2013,"Radial Velocity"
"Kepler-218 b",295.4128785,46.2665801,1.48000000,2014,"Transit"
"Kepler-645 b",290.3227098,44.0358625,2.10000000,2016,"Transit"
"TOI-1450 A b",286.8540627,59.0866254,1.13000000,2024,"Transit"
"HD 206610 b",325.8537599,-7.4082451,13.40000000,2009,"Radial Velocity"
"Kepler-99 b",297.3539994,41.3000452,1.48000000,2014,"Transit"
"Kepler-1010 b",289.1926026,44.1493165,2.32000000,2016,"Transit"
"TOI-1422 c",354.2408290,39.6392793,2.61000000,2025,"Radial Velocity"
"Kepler-687 b",289.3154576,39.1532911,3.52000000,2016,"Transit"
"Kepler-1855 b",283.4018628,41.5161554,1.21620500,2021,"Transit"
"UCAC4 328-061594 b",152.6991091,-24.4532674,12.10000000,2024,"Imaging"
"Kepler-1363 b",296.9964872,49.2563228,1.25000000,2016,"Transit"
"Kepler-296 b",286.5400278,49.4372614,1.61000000,2014,"Transit"
"BD+48 738 b",40.7102869,49.5869395,13.90000000,2011,"Radial Velocity"
"HR 8799 c",346.8701486,21.1340376,13.00000000,2008,"Imaging"
"Kepler-1773 b",286.2232284,38.2581676,3.50469499,2021,"Transit"
"Kepler-989 b",281.5827983,47.2334674,2.21000000,2016,"Transit"
"Kepler-1508 b",298.1188802,40.3750316,1.33000000,2016,"Transit"
"TOI-7041 b",357.8021716,-50.8698618,11.43316031,2025,"Transit"
"K2-37 c",243.4509662,-24.7870527,2.41000000,2016,"Transit"
"2MASS J19383260+4603591 b",294.6359173,46.0664076,13.40000000,2015,"Eclipse Timing Variations"
"TOI-1260 b",157.1440712,65.8541986,2.41000000,2021,"Transit"
"HIP 39330 b",120.6116831,-46.3353155,13.50000000,2026,"Radial Velocity"
"Kepler-52 c",286.7380152,49.9757383,1.84000000,2012,"Transit"
"Kepler-1637 b",282.2368006,48.1542016,0.89000000,2016,"Transit"
"Kepler-1990 b",299.7047433,44.4357068,3.27000000,2023,"Transit"
"TOI-1749 c",282.7372281,64.4194660,2.12000000,2021,"Transit"
"GJ 9714 b",315.4141767,-32.5250028,12.50000000,2022,"Radial Velocity"
"Kepler-312 b",298.3957687,42.4597712,1.29000000,2014,"Transit"
"Kepler-1671 b",291.7484295,39.4467817,1.32557381,2020,"Transit"
"Kepler-466 b",295.6486585,48.4955191,2.85000000,2016,"Transit"
"UZ For c",53.8694682,-25.7393857,,2011,"Eclipse Timing Variations"
"HD 63765 b",116.9582617,-54.2653450,14.20000000,2011,"Radial Velocity"
"TOI-7008 b",216.9882531,79.4503960,4.94735276,2026,"Transit"
"Kepler-1038 c",298.9721472,44.1323499,1.41623380,2021,"Transit"
"TOI-3877 b",170.4544727,33.9913822,11.67975789,2025,"Transit"
"Kepler-1699 b",292.1373281,48.9171579,1.56671124,2020,"Transit"
"HD 143105 b",238.4023547,68.7199779,13.70000000,2016,"Radial Velocity"
"HD 191939 e",302.0256247,66.8503014,13.00000000,2022,"Radial Velocity"
"Kepler-1569 b",292.2046748,37.2212065,1.68000000,2016,"Transit"
"Kepler-859 b",286.7418337,43.1901197,3.09000000,2016,"Transit"
"HD 83443 b",144.2994103,-43.2727210,14.10000000,2002,"Radial Velocity"
"Kepler-106 b",300.8640060,44.3375497,0.82000000,2014,"Transit"
"Kepler-834 b",287.0544674,45.1803351,2.02000000,2016,"Transit"
"K2-249 b",183.3667344,-8.9952309,2.79000000,2018,"Transit"
"Kepler-454 c",287.4786474,38.2290751,12.90000000,2015,"Radial Velocity"
"HD 33283 b",77.0044889,-26.7976689,12.50000000,2006,"Radial Velocity"
"Kepler-169 e",285.9999204,40.9193822,2.20000000,2014,"Transit"
"GJ 536 b",210.2597264,-2.6522901,2.41000000,2016,"Radial Velocity"
"Kepler-37 e",284.0592503,44.5183733,0.37000000,2014,"Transit Timing Variations"
"TOI-2236 b",20.1660113,-86.9799650,14.36991326,2022,"Transit"
"HD 159868 c",264.7466665,-43.1462347,14.00000000,2012,"Radial Velocity"
"Kepler-1665 b",290.3962400,41.0399229,2.83910787,2020,"Transit"
"HIP 111909 b",340.0304354,-49.5985391,13.70000000,2025,"Radial Velocity"
"Kepler-1125 b",295.4812018,40.7319316,1.84000000,2016,"Transit"
"Kepler-384 b",286.0261113,44.7828571,1.12000000,2014,"Transit"
"HD 37605 b",85.0074276,6.0595116,13.20000000,2004,"Radial Velocity"
"Kepler-1618 b",295.1753619,45.9308594,1.26000000,2016,"Transit"
"Kepler-352 d",299.8966237,46.0519022,0.80628032,2021,"Transit"
"K2-148 c",14.5176494,-0.1932580,1.73000000,2018,"Transit"
"NGTS-9 b",141.9206435,-19.3476477,11.99363000,2019,"Transit"
"Kepler-584 b",288.2306150,42.4136181,4.21000000,2016,"Transit"
"Kepler-92 b",289.0860607,41.5630224,3.51000000,2013,"Transit"
"TOI-277 b",19.0766985,-20.9532772,2.65000000,2022,"Transit"
"EPIC 212297394 b",207.2061241,-17.6098985,1.48000000,2019,"Transit"
"TIC 67686059 b",19.8843370,-35.2930148,2.59125922,2026,"Transit"
"K2-270 b",131.2665588,13.5497322,1.38000000,2018,"Transit"
"TIC 160113658 b",59.4555606,-41.6320332,3.49015778,2026,"Transit"
"Kepler-533 b",293.6856893,48.8249915,3.38000000,2016,"Transit"
"VHS J125601.92-125723.9 b",194.0089640,-12.9560310,13.67495645,2015,"Imaging"
"HD 23079 c",54.9281897,-52.9162344,2.80000000,2025,"Radial Velocity"
"Kepler-55 e",285.1683291,44.0264898,1.55000000,2014,"Transit"
"GJ 887 b",346.5027573,-35.8473489,1.80000000,2020,"Radial Velocity"
"Kepler-1467 b",295.0485389,45.3426781,3.30000000,2016,"Transit"
"Kepler-199 c",295.5594278,40.2362490,3.25000000,2014,"Transit"
"HD 222076 b",354.5319820,-70.9032461,13.50000000,2016,"Radial Velocity"
"Kepler-282 b",284.6772402,44.7976401,1.01000000,2014,"Transit"
"K2-388 b",352.7139342,-11.0773564,3.90000000,2022,"Transit"
"TOI-1224 b",37.1978356,-80.8991053,2.10400000,2024,"Transit"
"Kepler-623 b",296.9867284,47.4773531,3.01000000,2016,"Transit"
"WASP-176 b",313.6872928,9.1790688,16.86954500,2020,"Transit"
"Kepler-363 d",283.1920779,41.3054172,2.05000000,2014,"Transit"
"HD 4917 b",12.7762624,-12.9276648,13.50000000,2018,"Radial Velocity"
"KOBE-1 c",19.1660378,25.3310358,3.56000000,2025,"Radial Velocity"
"Kepler-970 b",289.6252192,40.7087351,2.60900000,2016,"Transit"
"HAT-P-70 b",74.5523332,9.9979794,20.96083000,2019,"Transit"
"Kepler-943 b",284.2739322,41.5349809,5.93000000,2016,"Transit"
"Kepler-10 b",285.6792980,50.2414842,1.47000000,2011,"Transit"
"Kepler-271 d",283.0029316,44.2841080,0.66000000,2016,"Transit"
"TOI-1233.01",186.5740627,-51.3630519,2.53900000,2021,"Transit"
"HD 221585 b",353.2293802,63.1556146,13.50000000,2016,"Radial Velocity"
"TIC 18942729 b",119.2150697,16.6772341,2.00021315,2026,"Transit"
"HD 22496 b",53.7565398,-48.4178173,2.22000000,2021,"Radial Velocity"
"Kepler-1640 b",294.5577857,40.8504949,4.82000000,2016,"Transit"
"Kepler-589 c",280.6414331,47.7520581,1.11727238,2021,"Transit"
"Kepler-647 b",284.7882977,44.5916225,1.17000000,2016,"Transit"
"Gaia-1 b",90.6436658,-0.5771099,13.77583728,2022,"Transit"
"Kepler-1527 b",297.4144457,46.0608077,4.77000000,2016,"Transit"
"Kepler-1980 b",295.1672065,38.6370390,2.21000000,2023,"Transit"
"TOI-122 b",332.9482355,-58.9460850,2.72000000,2020,"Transit"
"HATS-52 b",140.0875894,-31.2692116,15.49083800,2017,"Transit"
"Kepler-250 d",289.5947633,44.1418114,2.18000000,2014,"Transit"
"Kepler-1298 b",284.4227535,49.1061907,1.31000000,2016,"Transit"
"Kepler-1361 b",283.5653603,46.9042278,0.86000000,2016,"Transit"
"Kepler-619 b",290.8490899,48.4159782,3.16000000,2016,"Transit"
"K2-99 b",208.7737624,-5.4424943,11.88151954,2016,"Transit"
"TOI-532 b",85.0800537,11.5626373,5.82000000,2021,"Transit"
"HD 210277 b",332.3748117,-7.5505962,13.60000000,1998,"Radial Velocity"
"Kepler-178 b",287.1010275,46.8964033,2.90000000,2014,"Transit"
"Kepler-1604 b",285.4106549,44.4122318,1.41000000,2016,"Transit"
"Kepler-984 b",296.9588566,46.3940661,2.12000000,2016,"Transit"
"HD 13724 c",33.0859626,-46.8166738,8.18000000,2022,"Radial Velocity"
"Kepler-1286 b",280.2583709,43.8357433,2.15000000,2016,"Transit"
"Kepler-318 b",298.4828337,46.7936357,4.71000000,2014,"Transit"
"Kepler-732 b",283.7317274,45.9585288,2.18000000,2016,"Transit"
"HIP 109600 b",333.0270790,29.0662082,13.20000000,2016,"Radial Velocity"
"Kepler-407 b",286.0363025,49.6145027,1.19000000,2014,"Transit"
"GJ 1148 c",175.4326081,42.7515862,9.71000000,2017,"Radial Velocity"
"Kepler-897 b",290.5867992,51.6957731,2.39000000,2016,"Transit"
"Kepler-435 b",292.2873012,43.1972542,22.31000000,2015,"Transit"
"HD 184010 d",292.8401421,26.6172796,14.30000000,2022,"Radial Velocity"
"WASP-70 A b",315.4771912,-13.4333821,13.04700000,2014,"Transit"
"TOI-1798.01",211.0939367,46.5192825,2.44800000,2024,"Transit"
"TOI-444 b",64.1839982,-26.7664071,2.77000000,2023,"Transit"
"TOI-2202 b",51.2284214,-73.9575458,10.95117414,2021,"Transit"
"TrES-1 b",286.0408755,36.6325360,12.66617000,2004,"Transit"
"Kepler-1052 c",295.3427300,46.6022134,2.30000000,2023,"Transit"
"Kepler-206 b",291.6346564,41.8338415,1.20000000,2014,"Transit"
"Kepler-763 b",292.1445534,47.1573604,1.22000000,2016,"Transit"
"Kepler-155 b",288.4957831,51.0819286,2.09000000,2014,"Transit"
"ups And c",24.1983534,41.4038147,12.30000000,1999,"Radial Velocity"
"NGTS-34 b",162.4997176,-44.5478575,3.65000000,2025,"Transit"
"K2-274 b",129.2823699,20.3992512,2.08000000,2018,"Transit"
"DH Tau b",67.4231674,26.5493897,30.26430000,2004,"Imaging"
"HD 200964 c",316.6664183,3.8033357,13.70000000,2010,"Radial Velocity"
"TOI-1011 b",113.9847611,-32.8419988,1.45000000,2025,"Transit"
"Kepler-1583 b",286.3869335,47.0165188,0.60000000,2016,"Transit"
"HATS-32 b",346.0750861,-21.2720168,14.00004100,2016,"Transit"
"ZTF J1828+2308 b",277.2031946,23.1439121,11.13051784,2025,"Transit"
"Kepler-1876 b",299.1604859,41.1437964,0.85300000,2021,"Transit"
"TOI-6564 b",205.8178791,-56.1564491,16.39873876,2026,"Transit"
"K2-219 c",12.8452963,8.8675474,1.43839723,2018,"Transit"
"HD 37124 b",84.2599947,20.7289784,14.00000000,2002,"Radial Velocity"
"Kepler-881 b",288.9925529,46.6706513,1.78000000,2016,"Transit"
"TOI-333 b",353.3574989,-41.1715206,4.26000000,2025,"Transit"
"Kepler-60 c",288.9612535,42.2650472,1.90000000,2012,"Transit"
"Kepler-665 b",297.0255947,48.4785669,2.60000000,2016,"Transit"
"Kepler-1848 b",299.3814921,45.5920846,1.40885390,2021,"Transit"
"TOI-2096 c",151.6186989,74.8272107,1.91400000,2023,"Transit"
"Kepler-1698 b",293.3450181,39.2577469,1.07315686,2020,"Transit"
"HIP 14810 c",47.8092750,21.0971302,13.60000000,2006,"Radial Velocity"
"HD 25463 c",60.7483361,9.2077676,1.36354953,2023,"Transit"
"Kepler-1869 c",292.6149958,42.7643438,0.74000000,2023,"Transit"
"Kepler-292 b",295.7661979,42.4242822,1.32000000,2014,"Transit"
"Kepler-33 b",289.0775348,46.0051696,1.74000000,2011,"Transit"
"Kepler-601 b",282.0046852,42.1764657,1.90000000,2016,"Transit"
"TOI-1347 b",280.3266806,70.2900536,1.80000000,2024,"Transit"
"K2-417 b",350.1417675,-10.0365901,3.31000000,2023,"Transit"
"Kepler-1020 b",292.6724710,46.3772776,2.28000000,2016,"Transit"
"Kepler-1346 b",291.8413410,45.1791850,1.58000000,2016,"Transit"
"TOI-1750 b",240.3019781,68.9373001,2.78943837,2026,"Transit"
"HD 180314 b",288.7094401,31.8604391,12.00000000,2010,"Radial Velocity"
"Kepler-181 c",296.1512831,50.0957806,1.99000000,2014,"Transit"
"Kepler-953 c",288.9716297,44.6246451,1.19000000,2016,"Transit"
"TOI-1696 b",65.2806480,48.8198312,3.09000000,2022,"Transit"
"TIC 77552382 b",152.5133767,-4.9035250,5.69176189,2026,"Transit"
"HD 96167 b",166.3125657,-10.2913450,14.00000000,2009,"Radial Velocity"
"Kepler-1770 b",299.2502851,43.4103663,2.84141754,2021,"Transit"
"Kepler-292 e",295.7661979,42.4242822,2.67000000,2014,"Transit"
"Kepler-154 b",289.7805393,49.8965624,2.26000000,2014,"Transit"
"Kepler-1660 AB b",290.5519537,40.2350445,12.90000000,2023,"Eclipse Timing Variations"
"Kepler-379 b",295.7010981,38.9458209,1.66000000,2014,"Transit"
"HAT-P-33 b",113.1842383,33.8350214,20.73665000,2011,"Transit"
"Kepler-567 b",297.6726072,48.3023458,2.25000000,2016,"Transit"
"KIC 8121913 b",298.9677981,43.9093780,13.40000000,2021,"Orbital Brightness Modulation"
"K2-198 d",198.8436817,-6.4649888,2.43800000,2019,"Transit"
"Kepler-176 e",294.6679021,43.8532104,1.45000000,2016,"Transit"
"HD 109246 b",188.0271840,74.4893379,13.90000000,2010,"Radial Velocity"
"TOI-5489 c",128.6912940,11.4895882,1.28000000,2025,"Transit"
"K2-415 b",137.2015437,11.8622503,1.01500000,2023,"Transit"
"Kepler-800 b",286.5747697,44.7951858,2.85000000,2016,"Transit"
"Kepler-327 c",292.6422963,44.0876251,1.03000000,2014,"Transit"
"Kepler-28 c",292.1370409,42.4294835,1.85700000,2011,"Transit"
"K2-271 b",125.2239144,16.0907958,7.28000000,2018,"Transit"
"KMT-2018-BLG-0748L b",267.8745000,-30.6463889,9.01000000,2020,"Microlensing"
"KMT-2024-BLG-1870L b",272.4653333,-26.8828889,13.80000000,2026,"Microlensing"
"KMT-2017-BLG-0849L b",265.3594583,-25.2812194,2.41000000,2024,"Microlensing"
"Kepler-1418 b",282.9975322,41.6785900,1.66000000,2016,"Transit"
"OGLE-2016-BLG-0613L AB b",269.2604060,-28.1161671,13.00000000,2017,"Microlensing"
"KOI-142 c",291.1481028,40.6694130,14.00000000,2013,"Transit Timing Variations"
"HD 9446 c",23.3350424,29.2649187,13.40000000,2009,"Radial Velocity"
"MASCARA-4 b",147.5800667,-66.1139253,16.98160576,2020,"Transit"
"Kepler-1846 b",294.3909489,44.7629523,1.76378826,2021,"Transit"
"HD 147873 b",246.4380471,-33.5672217,12.80000000,2016,"Radial Velocity"
"Kepler-224 e",290.9342679,47.3575414,1.97000000,2014,"Transit"
"Kepler-1670 b",290.3264599,43.1217550,3.35648010,2020,"Transit"
"Kepler-92 c",289.0860607,41.5630224,2.60000000,2013,"Transit"
"Kepler-1799 b",288.3086994,51.4783348,4.12801189,2021,"Transit"
"KMT-2021-BLG-0736L b",268.3225833,-29.7124194,4.86000000,2025,"Microlensing"
"PSR B1620-26 b",245.9092617,-26.5315944,13.30000000,2003,"Pulsar Timing"
"TYC 8998-760-1 b",201.3001096,-64.9391566,21.18497352,2020,"Imaging"
"OGLE-2017-BLG-1434L b",268.2804667,-30.2456583,1.94000000,2018,"Microlensing"
"KMT-2019-BLG-2783L b",269.2919167,-33.7885194,13.70000000,2023,"Microlensing"
"OGLE-2016-BLG-1093L b",269.0042917,-32.7134722,14.00000000,2022,"Microlensing"
"MOA-2010-BLG-117L b",271.9569700,-25.3446388,14.20000000,2018,"Microlensing"
"OGLE-2006-BLG-109L b",268.1437920,-30.0877778,14.00000000,2008,"Microlensing"
"OGLE-2012-BLG-0406L b",268.3257080,-30.4711667,13.20000000,2013,"Microlensing"
"Kepler-1265 b",284.5858364,47.0795646,1.35000000,2016,"Transit"
"HD 332231 b",306.7411340,33.7443882,9.07303305,2020,"Transit"
"HD 233604 b",137.4535054,53.5682016,12.70000000,2013,"Radial Velocity"
"Kepler-1591 b",296.5166659,44.6086233,1.27000000,2016,"Transit"
"HD 22532 b",53.8148478,-49.4172669,13.40000000,2022,"Radial Velocity"
"KMT-2021-BLG-0322L b",270.9116667,-29.6043889,12.70000000,2021,"Microlensing"
"MOA-2016-BLG-526L b",266.6682917,-34.3860806,3.97000000,2024,"Microlensing"
"TOI-6695 c",129.5720221,-23.5502170,13.60000000,2025,"Radial Velocity"
"Kepler-249 b",296.9853002,43.6586043,1.09000000,2014,"Transit"
"OGLE-2018-BLG-1185L b",269.7927500,-27.8350833,2.83000000,2021,"Microlensing"
"WISEP J121756.91+162640.2 A b",184.4871250,16.4445000,10.46800000,2012,"Imaging"
"KMT-2024-BLG-0176L b",266.5324583,-34.2105806,14.00000000,2026,"Microlensing"
"KMT-2021-BLG-1150L b",268.7901250,-31.3133306,13.90000000,2023,"Microlensing"
"KMT-2017-BLG-1146L b",269.1058330,-33.1424694,14.00000000,2019,"Microlensing"
"MOA-2007-BLG-400L b",272.4249167,-29.2241528,13.50000000,2008,"Microlensing"
"UZ For b",53.8694682,-25.7393857,,2011,"Eclipse Timing Variations"
"TWA 7 b",160.6248102,-33.6712596,12.70000000,2025,"Imaging"
"Kepler-1222 b",294.8896160,49.3798215,0.79000000,2016,"Transit"
"Kepler-463 b",298.9368228,44.8578644,3.05000000,2016,"Transit"
"TOI-2337 b",290.6198948,60.8539035,10.08808263,2022,"Transit"
"MOA-2010-BLG-477L b",271.5310060,-31.4544773,13.60000000,2012,"Microlensing"
"OGLE-2017-BLG-1522L b",270.3193660,-28.4619713,14.00000000,2018,"Microlensing"
"Kepler-566 b",291.5544735,47.8144362,2.15000000,2016,"Transit"
"Kepler-1224 b",286.6257591,37.5373130,1.33000000,2016,"Transit"
"WASP-149 b",124.0736810,-8.6865813,15.24421375,2025,"Transit"
"KMT-2019-BLG-1042L b",270.5440417,-27.5806694,9.05000000,2022,"Microlensing"
"KMT-2019-BLG-0298L b",264.8780000,-27.6381389,13.40000000,2023,"Microlensing"
"WASP-60 b",356.6667136,31.1559115,9.86392000,2012,"Transit"
"KMT-2019-BLG-0371L b",268.3839167,-31.5550222,12.60000000,2021,"Microlensing"
"OGLE-2017-BLG-1237L b",271.6499583,-28.3288306,13.00000000,2024,"Microlensing"
"OGLE-2017-BLG-0640L b",267.4651250,-29.4615000,13.50000000,2024,"Microlensing"
"MXB 1658-298 b",255.5272522,-29.9455833,12.00000000,2017,"Eclipse Timing Variations"
"KMT-2018-BLG-0029L b",264.4694580,-27.9847000,2.67000000,2020,"Microlensing"
"Kepler-619 c",290.8490899,48.4159782,1.69000000,2016,"Transit"
"Kepler-186 b",298.6527360,43.9549884,1.07000000,2014,"Transit"
"K2-183 d",125.0071770,14.0194586,2.30000000,2018,"Transit"
"Kepler-1677 b",298.4932730,47.0130566,2.70216183,2020,"Transit"
"KMT-2018-BLG-0087L b",264.3270000,-27.8320611,10.10000000,2022,"Microlensing"
"KOI-55 c",296.3561853,41.0927315,0.86700000,2011,"Orbital Brightness Modulation"
"KMT-2024-BLG-1044L b",271.5640000,-27.5925806,2.70000000,2024,"Microlensing"
"KMT-2019-BLG-0297L b",270.0632917,-28.9652806,12.10000000,2023,"Microlensing"
"OGLE-2012-BLG-0724L b",268.9682917,-29.8185278,14.30000000,2016,"Microlensing"
"Kepler-1620 b",297.2709026,46.9284743,1.61000000,2016,"Transit"
"KMT-2019-BLG-0578L b",269.4846667,-27.7948611,13.70000000,2025,"Microlensing"
"Kepler-85 e",290.9734395,45.2902761,1.27000000,2014,"Transit"
"TOI-2128 b",256.9817998,32.1053027,2.08874836,2024,"Transit"
"Kepler-1693 c",290.2015581,48.1857799,0.97698289,2021,"Transit"
"TOI-5174 b",174.1094967,-2.0233506,5.35100000,2022,"Transit"
"WASP-172 b",199.4337420,-47.2375748,17.59813000,2018,"Transit"
"Kepler-403 b",289.9214256,46.7445267,1.25000000,2014,"Transit"
"KMT-2022-BLG-2286L b",269.1652500,-28.8549194,12.10000000,2024,"Microlensing"
"Kepler-1493 b",288.5493683,38.5651973,1.41000000,2016,"Transit"
"OGLE-2019-BLG-0249L b",265.4035000,-34.7017500,12.70000000,2023,"Microlensing"
"Kepler-137 c",282.1355875,43.0391951,1.88000000,2014,"Transit"
"OGLE-2018-BLG-1011L c",269.0140000,-29.0828889,13.20000000,2019,"Microlensing"
"OGLE-2018-BLG-0677L b",268.7511250,-32.0165306,1.82000000,2020,"Microlensing"
"OGLE-2019-BLG-0679L b",265.7404167,-27.7728806,13.10000000,2023,"Microlensing"
"MOA-bin-1L b",261.7925000,-29.7939722,13.00000000,2012,"Microlensing"
"Kepler-365 b",295.6265640,49.1304110,2.04000000,2014,"Transit"
"KMT-2020-BLG-0414L c",271.9150000,-28.4852222,11.90000000,2021,"Microlensing"
"HD 11977 b",28.7347403,-67.6469871,12.70000000,2005,"Radial Velocity"
"Kepler-1038 b",298.9721472,44.1323499,3.53000000,2016,"Transit"
"Kepler-250 c",289.5947633,44.1418114,2.28000000,2014,"Transit"
"eps CrB b",239.3965057,26.8776171,12.70000000,2012,"Radial Velocity"
"TOI-521 b",123.3442567,12.2221079,1.98000000,2025,"Transit"
"OGLE-2015-BLG-0954L b",270.1843330,-28.6608889,13.10000000,2016,"Microlensing"
"Kepler-247 b",288.6425609,43.0393769,1.64000000,2014,"Transit"
"KOI-884 e",288.6425609,43.0393769,13.30000000,2014,"Transit Timing Variations"
"Kepler-247 c",288.6425609,43.0393769,4.09000000,2014,"Transit"
"Kepler-247 d",288.6425609,43.0393769,4.50000000,2014,"Transit"
"KMT-2019-BLG-0953L b",269.3385833,-28.6746389,4.06000000,2022,"Microlensing"
"OGLE-2017-BLG-1691L b",263.5938333,-29.2848306,3.92000000,2022,"Microlensing"
"alf Ari b",31.7932860,23.4624210,13.40000000,2010,"Radial Velocity"
"TOI-2180 b",277.9436300,56.6506789,11.32107051,2022,"Transit"
"KMT-2024-BLG-0404L c",271.1470833,-27.9535000,4.33000000,2025,"Microlensing"
"OGLE-2018-BLG-1428L b",265.5487080,-26.1378889,14.00000000,2021,"Microlensing"
"KMT-2021-BLG-1689L b",269.5791667,-30.1452778,7.71000000,2022,"Microlensing"
"MOA-2010-BLG-073L b",272.5472580,-26.5229319,12.40000000,2012,"Microlensing"
"KMT-2017-BLG-2197L b",262.6113333,-30.1593111,12.50000000,2025,"Microlensing"
"KMT-2018-BLG-1988L b",265.2825417,-35.5947000,2.22000000,2022,"Microlensing"
"Kepler-302 b",294.3169307,43.6292436,4.06000000,2014,"Transit"
"GJ 3779 b",200.7335358,24.4639425,2.75000000,2018,"Radial Velocity"
"Kepler-985 b",290.1443390,44.0498808,2.98000000,2016,"Transit"
"Kepler-248 b",293.0613138,43.5813577,3.02000000,2014,"Transit"
"Kepler-836 b",287.4527659,45.7043964,2.73000000,2016,"Transit"
"TOI-1224 c",37.1978356,-80.8991053,2.88400000,2024,"Transit"
"Kepler-142 d",295.1190067,48.4813635,2.16000000,2014,"Transit"
"OGLE-2019-BLG-0304L b",264.0267083,-26.1459889,14.20000000,2021,"Microlensing"
"MOA-2022-BLG-563L b",270.3002083,-27.8358306,14.00000000,2024,"Microlensing"
"KMT-2021-BLG-2010L b",268.0085000,-32.2697500,13.80000000,2023,"Microlensing"
"KMT-2024-BLG-1005L b",269.8055833,-28.7557806,12.10000000,2025,"Microlensing"
"KMT-2021-BLG-1077L c",266.4891250,-33.8428111,10.60000000,2022,"Microlensing"
"Kepler-1676 b",287.2368778,43.5671665,3.37695960,2020,"Transit"
"K2-65 b",333.2125206,-10.9261373,1.58000000,2016,"Transit"
"OGLE-2018-BLG-0799L b",273.4590000,-25.4857222,10.90000000,2022,"Microlensing"
"KMT-2023-BLG-0466L b",270.6100000,-33.0029694,13.10000000,2026,"Microlensing"
"BD+63 1405 b",271.3979337,63.6700064,12.40000000,2021,"Radial Velocity"
"WASP-73 b",319.9496969,-58.1489328,15.91678000,2014,"Transit"
"Kepler-733 b",293.0181882,45.9147063,2.82000000,2016,"Transit"
"Kepler-124 d",286.7527322,49.0648788,1.11000000,2014,"Transit"
"Kepler-244 c",287.2426410,42.3014185,2.05000000,2014,"Transit"
"Kepler-2001 c",291.6594558,50.5838585,1.82000000,2023,"Transit"
"KMT-2021-BLG-0852L b",265.8311667,-33.8918389,14.20000000,2026,"Microlensing"
"Kepler-32 b",297.8423073,46.5743595,2.20000000,2011,"Transit"
"TOI-5108 b",166.2695041,11.2464069,6.60000000,2025,"Transit"
"KMT-2016-BLG-2605L b",269.8230833,-26.9820000,14.00000000,2021,"Microlensing"
"OGLE-2018-BLG-0977L b",268.5061250,-30.6048056,2.41000000,2022,"Microlensing"
"OGLE-2007-BLG-368L b",269.1081670,-32.2374167,4.72000000,2009,"Microlensing"
"MOA-2011-BLG-262L b",270.0978330,-31.2452583,4.29000000,2014,"Microlensing"
"Kepler-132 c",283.2358100,41.3430370,1.28000000,2014,"Transit"
"KMT-2025-BLG-0481L b",265.3560000,-34.3717500,14.10000000,2026,"Microlensing"
"KMT-2019-BLG-1339L b",265.7434170,-25.5739167,13.70000000,2020,"Microlensing"
"OGLE-2017-BLG-1140L b",266.8830570,-24.5226669,13.50000000,2018,"Microlensing"
"KMT-2022-BLG-1790L b",271.0562500,-27.0347500,13.50000000,2025,"Microlensing"
"KMT-2018-BLG-1996L b",268.6785000,-22.8204111,13.70000000,2021,"Microlensing"
"Kepler-47 b",295.2978883,46.9204303,3.05000000,2012,"Transit"
"HD 190007 b",300.6956339,3.3266992,4.06000000,2020,"Radial Velocity"
"Kepler-1219 b",297.2158443,47.3785082,2.12000000,2016,"Transit"
"Kepler-1808 b",287.2924737,39.3832039,3.02511302,2021,"Transit"
"Kepler-824 b",290.4774060,39.7319975,1.87000000,2016,"Transit"
"HD 95089 b",164.6987480,1.7290087,13.70000000,2009,"Radial Velocity"
"Kepler-610 c",293.1713241,45.0655934,3.30000000,2016,"Transit"
"Kepler-410 A b",283.1510448,45.1400838,2.83800000,2013,"Transit"
"DMPP-6 b",120.3857827,-70.0234291,2.28000000,2026,"Radial Velocity"
"Gaia22dkvL b",151.7690000,-66.1808889,14.10000000,2024,"Microlensing"
"MOA-2022-BLG-249L b",268.8655417,-28.3060611,2.04000000,2023,"Microlensing"
"Kepler-1063 b",290.5267975,38.1428283,1.49000000,2016,"Transit"
"KMT-2021-BLG-1303L b",271.8638750,-29.2815806,13.60000000,2022,"Microlensing"
"OGLE-2018-BLG-0596L b",269.0555417,-29.1990833,3.81000000,2019,"Microlensing"
"KMT-2023-BLG-0830L b",271.6579583,-28.3323111,4.41000000,2025,"Microlensing"
"KMT-2023-BLG-0735L b",267.5759583,-29.2029194,6.97000000,2024,"Microlensing"
"KMT-2021-BLG-0320L b",269.3881250,-30.5039389,6.20000000,2022,"Microlensing"
"OGLE-2023-BLG-0766L b",269.8296250,-28.3246889,13.70000000,2026,"Microlensing"
"Kepler-1628 b",281.6336936,43.4115547,6.43000000,2016,"Transit"
"OGLE2-TR-L9 b",166.9798793,-61.1462496,18.04600000,2008,"Transit"
"TOI-5736 b",213.7583971,49.5009379,1.56000000,2025,"Transit"
"Kepler-1577 b",292.9552704,47.5730433,1.13000000,2016,"Transit"
"K2-13 b",170.1554763,2.5027534,1.89000000,2015,"Transit"
"Kepler-416 b",291.5569554,39.2272923,2.48000000,2014,"Transit Timing Variations"
"TOI-1533 b",355.2467209,57.4852417,2.89000000,2026,"Transit"
"Kepler-675 b",293.8334488,50.2303479,2.44000000,2016,"Transit"
"Kepler-1489 c",281.2957984,44.4654063,0.51000000,2024,"Transit"
"K2-190 c",205.3630485,-13.1608686,1.09308317,2018,"Transit"
"Kepler-276 c",293.5681970,39.0363123,2.90000000,2013,"Transit"
"HD 148164 b",246.4351678,11.9190729,13.70000000,2018,"Radial Velocity"
"Kepler-1996 b",285.2537555,46.5822183,2.26000000,2023,"Transit"
"HIP 107772 b",327.4977057,-41.2440371,3.64000000,2020,"Radial Velocity"
"Kepler-446 c",282.2501047,44.9210020,1.11000000,2015,"Transit"
"KIC 3526061 b",285.1863974,38.6111112,12.10000000,2022,"Radial Velocity"
"HD 11964 c",29.2884252,-10.2434693,5.38000000,2008,"Radial Velocity"
"Kepler-1482 b",285.3138209,48.7252700,1.01000000,2016,"Transit"
"TOI-5515 b",139.6163639,16.9899558,2.65362762,2026,"Transit"
"TOI-2184 b",100.8331246,-66.9476563,11.39953337,2022,"Transit"
"HD 102329 c",176.6941567,3.4742143,13.50000000,2016,"Radial Velocity"
"HD 39194 b",86.1290710,-70.1382377,1.99000000,2021,"Radial Velocity"
"HD 199509 b",317.3445632,-82.0274926,7.43000000,2022,"Radial Velocity"
"Kepler-325 d",289.8354219,49.8256070,2.79000000,2014,"Transit"
"Kepler-1940 b",291.2042027,45.2383344,1.54732469,2021,"Transit"
"TOI-2545 b",135.5458029,-3.4208194,2.75000000,2022,"Transit"
"Kepler-1612 b",291.2503022,45.6550536,1.03000000,2016,"Transit"
"HD 136352 c",230.4401147,-48.3188174,2.91600000,2019,"Radial Velocity"
"EPIC 201615463 c",185.1880932,2.2823788,1.22000000,2019,"Transit"
"Kepler-225 b",292.1939846,47.4570808,1.20000000,2014,"Transit"
"HD 20868 b",50.1794053,-33.7296900,13.70000000,2008,"Radial Velocity"
"Kepler-1930 b",297.5771450,40.0276768,1.52955541,2021,"Transit"
"Kepler-1439 b",285.7396971,40.9798688,1.46000000,2016,"Transit"
"HD 155193 b",257.4208876,10.0381003,14.00000000,2021,"Radial Velocity"
"TOI-1266 c",197.9965833,65.8336973,1.98000000,2020,"Transit"
"Kepler-1536 b",291.5852554,45.7158742,3.14000000,2016,"Transit"
"HD 134987 b",228.3675397,-25.3096721,13.50000000,1999,"Radial Velocity"
"Kepler-961 b",282.0354942,43.6312491,2.55000000,2016,"Transit"
"TOI-262 b",32.5346870,-31.0706272,2.07000000,2023,"Transit"
"Kepler-539 b",299.1224639,41.8667953,8.37312300,2016,"Transit"
"Kepler-319 c",288.8119782,39.7706431,2.63000000,2014,"Transit"
"HD 179079 b",287.7903733,-2.6387703,,2008,"Radial Velocity"
"Kepler-1099 b",288.7499866,48.2771163,2.83000000,2016,"Transit"
"Kepler-244 d",287.2426410,42.3014185,2.31000000,2014,"Transit"
"NY Vir c",204.7005847,-2.0303873,12.80000000,2019,"Eclipse Timing Variations"
"Kepler-377 b",295.4220717,38.7356737,1.39000000,2014,"Transit"
"Kepler-879 b",295.8065515,50.9097521,2.57000000,2016,"Transit"
"Kepler-705 b",289.5085612,41.8120234,2.11000000,2016,"Transit"
"Kepler-163 c",295.0027458,46.9873389,2.26000000,2014,"Transit"
"TOI-778 b",199.3338503,-15.2737046,15.40000000,2023,"Transit"
"Kepler-1355 b",283.7414249,49.0679833,1.46000000,2016,"Transit"
"Kepler-411 d",287.6057027,49.5233937,3.31900000,2018,"Transit"
"Kepler-1542 e",285.7284757,42.6544651,0.76000000,2016,"Transit"
"Kepler-1579 b",293.2880220,43.5149061,0.84000000,2016,"Transit"
"K2-264 c",131.3583524,19.6984010,2.66800000,2018,"Transit"
"Kepler-1073 d",294.1527259,38.2330886,1.48770949,2021,"Transit"
"Kepler-510 b",287.6550196,39.2441716,2.47000000,2016,"Transit"
"HD 164509 b",270.3800811,0.1044685,14.30000000,2012,"Radial Velocity"
"TIC 34085383 b",59.2353630,-7.3757198,3.91982296,2026,"Transit"
"TYC 3667-1280-1 b",12.8875757,58.4261485,12.80000000,2016,"Radial Velocity"
"HATS-59 c",170.3243250,-22.3881770,12.30000000,2018,"Radial Velocity"
"Kepler-1605 b",287.1349405,47.4886251,1.08000000,2016,"Transit"
"Ross 458 c",195.1912147,12.3755996,14.01125000,2010,"Imaging"
"SR 12 AB c",246.8312363,-24.6946687,12.30000000,2010,"Imaging"
"HD 187123 b",296.7428786,34.4189900,14.20000000,1998,"Radial Velocity"
"OGLE-TR-132 b",162.6440933,-61.9572476,13.45000000,2004,"Transit"
"OGLE-TR-56 b",269.1479583,-29.5392222,15.27800000,2002,"Transit"
"WASP-156 b",32.7820850,2.4181937,6.15000000,2017,"Transit"
"HD 22781 b",55.2065581,31.8258855,12.30000000,2011,"Radial Velocity"
"Kepler-16 b",289.0758307,51.7572290,8.44930000,2011,"Transit"
"Kepler-27 c",292.2367608,41.0858710,4.90000000,2011,"Transit"
"WASP-23 b",101.1275033,-42.7622296,10.78300000,2010,"Transit"
"Kepler-27 b",292.2367608,41.0858710,4.00000000,2011,"Transit"
"HD 114783 b",198.1818436,-2.2649921,13.70000000,2001,"Radial Velocity"
"HD 19994 b",48.1943193,-1.1963955,13.60000000,2003,"Radial Velocity"
"47 UMa b",164.8647611,40.4304931,13.20000000,1996,"Radial Velocity"
"Kepler-18 c",298.0794448,44.7462480,5.49000000,2011,"Transit"
"Kepler-18 b",298.0794448,44.7462480,2.00000000,2011,"Transit"
"Kepler-31 c",294.0230229,45.8530535,5.30000000,2011,"Transit"
"Kepler-32 e",297.8423073,46.5743595,1.50000000,2012,"Transit"
"61 Vir b",199.5964550,-18.3157745,2.11000000,2009,"Radial Velocity"
"61 Vir c",199.5964550,-18.3157745,4.46000000,2009,"Radial Velocity"
"47 UMa d",164.8647611,40.4304931,13.50000000,2009,"Radial Velocity"
"47 UMa c",164.8647611,40.4304931,14.20000000,2001,"Radial Velocity"
"BD-08 2823 c",150.1971964,-9.5165689,12.50000000,2009,"Radial Velocity"
"CoRoT-23 b",279.7826586,4.3577516,11.77000000,2011,"Transit"
"Kepler-18 d",298.0794448,44.7462480,6.98000000,2011,"Transit"
"HATS-1 b",175.5252399,-23.3548451,14.59400000,2012,"Transit"
"HD 47186 c",99.0367212,-27.6234285,13.00000000,2008,"Radial Velocity"
"HD 196885 A b",309.9664609,11.2500236,13.20000000,2007,"Radial Velocity"
"CoRoT-6 b",281.0725563,6.6632062,13.06800000,2009,"Transit"
"HR 8799 b",346.8701486,21.1340376,13.00000000,2008,"Imaging"
"HAT-P-37 b",284.2960393,51.2691212,13.20400000,2011,"Transit"
"Kepler-42 b",292.2196000,44.6173667,0.78000000,2011,"Transit"
"Kepler-32 d",297.8423073,46.5743595,2.70000000,2012,"Transit"
"Kepler-32 f",297.8423073,46.5743595,0.82000000,2012,"Transit"
"BD+20 2457 b",154.1867820,19.8912626,12.10000000,2009,"Radial Velocity"
"HR 8799 d",346.8701486,21.1340376,13.00000000,2008,"Imaging"
"GJ 179 b",73.0245495,6.4752347,13.80000000,2009,"Radial Velocity"
"SWEEPS-4 b",269.7246667,-29.1890556,9.07900000,2006,"Transit"
"Kepler-42 c",292.2196000,44.6173667,0.73000000,2011,"Transit"
"Kepler-33 c",289.0775348,46.0051696,3.20000000,2011,"Transit"
"Kepler-35 b",294.4969550,46.6896733,8.16000000,2011,"Transit"
"CoRoT-16 b",278.5246658,-6.0026026,13.11000000,2011,"Transit"
"HD 240210 b",347.6219227,57.0294818,12.80000000,2009,"Radial Velocity"
"BD+20 2457 c",154.1867820,19.8912626,12.40000000,2009,"Radial Velocity"
"HD 110014 b",189.8111935,-7.9956702,12.40000000,2009,"Radial Velocity"
"HIP 5158 b",16.5094891,-22.4536134,13.60000000,2009,"Radial Velocity"
"Kepler-33 e",289.0775348,46.0051696,4.02000000,2011,"Transit"
"Kepler-33 d",289.0775348,46.0051696,5.35000000,2011,"Transit"
"BD+20 274 b",25.9203179,21.0052692,13.00000000,2012,"Radial Velocity"
"KELT-1 b",0.3620995,39.3837953,12.44200000,2012,"Transit"
"CoRoT-5 b",101.2772396,0.8152163,15.55800000,2009,"Transit"
"HD 134987 c",228.3675397,-25.3096721,13.90000000,2009,"Radial Velocity"
"HD 147018 b",245.7490012,-61.6901291,13.40000000,2009,"Radial Velocity"
"Kepler-33 f",289.0775348,46.0051696,4.46000000,2011,"Transit"
"Kepler-31 b",294.0230229,45.8530535,5.50000000,2011,"Transit"
"Kepler-34 b",296.4358022,44.6415369,8.56400000,2011,"Transit"
"HD 45350 b",97.1902262,38.9627315,13.50000000,2004,"Radial Velocity"
"HD 147018 c",245.7490012,-61.6901291,12.70000000,2009,"Radial Velocity"
"CFBDSIR J145829+101343 b",224.6208333,10.2286111,12.40000000,2011,"Imaging"
"HD 220773 b",351.6144715,8.6428871,13.60000000,2011,"Radial Velocity"
"HD 147513 b",246.0057894,-39.1929661,13.70000000,2003,"Radial Velocity"
"HD 129445 b",221.5104196,-68.7629901,13.30000000,2009,"Radial Velocity"
"WASP-5 b",359.3490277,-41.2772202,12.18400000,2008,"Transit"
"OGLE-TR-111 b",163.3241150,-61.4056976,11.42197100,2004,"Transit"
"HD 8535 b",20.9054804,-41.2701007,14.00000000,2010,"Radial Velocity"
"MOA-2009-BLG-266L b",267.0081250,-35.0054111,3.21000000,2011,"Microlensing"
"GJ 667 C b",259.7510609,-34.9977651,2.25000000,2012,"Radial Velocity"
"HIP 5158 c",16.5094891,-22.4536134,12.20000000,2011,"Radial Velocity"
"HAT-P-23 b",306.1239076,16.7621462,15.33400000,2010,"Transit"
"HAT-P-20 b",111.9164295,24.3361185,9.71800000,2010,"Transit"
"CoRoT-17 b",278.6992360,-6.6122880,11.43000000,2011,"Transit"
"HD 132563 b",224.5892892,44.0428571,13.60000000,2011,"Radial Velocity"
"Kepler-45 b",292.8729292,41.0641727,10.76000000,2011,"Transit"
"HU Aqr AB b",316.9921976,-5.2948694,12.80000000,2011,"Eclipse Timing Variations"
"Kepler-419 b",295.4179125,51.1847629,10.80000000,2014,"Transit"
"GJ 3634 b",164.6433493,-31.1443383,2.83000000,2010,"Radial Velocity"
"Kepler-14 b",287.7088140,47.3330500,12.73300000,2011,"Transit"
"CoRoT-18 b",98.1724172,-0.0316045,14.68000000,2011,"Transit"
"Kepler-15 b",296.2005506,49.1400304,10.76000000,2011,"Transit"
"KOI-55 b",296.3561853,41.0927315,0.75900000,2011,"Orbital Brightness Modulation"
"PSR J1719-1438 b",259.7919708,-14.6336000,,2011,"Pulsar Timing"
"CoRoT-14 b",103.4242023,-5.5360385,12.22000000,2010,"Transit"
"HD 11964 b",29.2884252,-10.2434693,14.10000000,2005,"Radial Velocity"
"HAT-P-4 b",229.9912200,36.2295450,14.28000000,2007,"Transit"
"OGLE-TR-10 b",267.8677483,-29.8764758,14.01100000,2004,"Transit"
"OGLE-TR-113 b",163.1010355,-61.4468591,12.25100000,2004,"Transit"
"HD 192310 b",303.8284712,-27.0337556,4.27000000,2011,"Radial Velocity"
"OGLE-2014-BLG-1760L b",269.4090000,-28.9620472,13.80000000,2016,"Microlensing"
"OGLE-2013-BLG-0132L b",269.7646180,-28.4210281,11.60000000,2017,"Microlensing"
"Kepler-277 b",286.5831894,39.0772582,2.92000000,2013,"Transit"
"KMT-2017-BLG-1194L b",274.3221250,-25.3239389,1.70000000,2023,"Microlensing"
"KMT-2017-BLG-2331L b",264.4072083,-29.4612111,14.20000000,2024,"Microlensing"
"HD 41004 A b",89.9566041,-48.2394189,13.20000000,2004,"Radial Velocity"
"OGLE-2019-BLG-0299L b",266.6794583,-23.5843111,12.70000000,2021,"Microlensing"
"Kepler-476 b",295.1637592,43.9630716,3.08000000,2016,"Transit"
"KMT-2021-BLG-2294L b",270.0624167,-28.6124389,5.02000000,2022,"Microlensing"
"KMT-2022-BLG-1013L b",264.7092500,-28.3556694,12.10000000,2023,"Microlensing"
"HD 114082 b",197.3171237,-60.3084347,11.20898070,2022,"Radial Velocity"
"WASP-155 b",347.9797230,33.0476125,13.45077684,2025,"Transit"
"KMT-2019-BLG-0414L b",268.8529167,-21.8955389,12.90000000,2022,"Microlensing"
"HD 62509 b",116.3288240,28.0261270,13.30000000,2006,"Radial Velocity"
"Kepler-65 b",288.6887221,41.1511076,1.42000000,2012,"Transit"
"RR Cae b",65.2733756,-48.6542601,13.00000000,2012,"Eclipse Timing Variations"
"WASP-65 b",133.3242982,8.5230171,12.46400000,2013,"Transit"
"Kepler-30 c",285.2836483,38.9472625,12.30000000,2012,"Transit"
"Kepler-38 b",286.8303120,42.2791434,4.30000000,2012,"Transit"
"WASP-8 c",359.9008737,-35.0313349,12.50000000,2013,"Radial Velocity"
"ROXs 42 B b",247.8125493,-24.5455770,12.50000000,2013,"Imaging"
"WASP-1 b",5.1669536,31.9899732,16.62300000,2007,"Transit"
"Kepler-50 c",288.1009312,50.0336844,2.17000000,2012,"Transit"
"BD+15 2940 b",240.0956400,15.5467507,13.70000000,2013,"Radial Velocity"
"Kepler-87 b",297.9168433,46.9651146,13.49000000,2013,"Transit"
"WASP-75 b",342.3858995,-10.6754686,14.23500000,2013,"Transit"
"Kepler-87 c",297.9168433,46.9651146,6.14000000,2013,"Transit"
"HD 40307 b",88.5172191,-60.0237289,,2009,"Radial Velocity"
"WTS-1 b",293.9850284,36.2962939,16.70000000,2012,"Transit"
"HD 40307 c",88.5172191,-60.0237289,,2009,"Radial Velocity"
"CoRoT-26 b",279.7504991,6.9697828,14.12000000,2013,"Transit"
"91 Aqr b",348.9745031,-9.0878076,13.10000000,2013,"Radial Velocity"
"tau Gem b",107.7847232,30.2449545,12.10000000,2013,"Radial Velocity"
"HAT-P-42 b",135.3443583,6.0970828,14.34800000,2012,"Transit"
"Kepler-56 c",293.7583002,41.8718070,9.80000000,2012,"Transit"
"HD 40307 d",88.5172191,-60.0237289,,2009,"Radial Velocity"
"HD 40307 f",88.5172191,-60.0237289,2.13000000,2013,"Radial Velocity"
"Kepler-186 e",298.6527360,43.9549884,1.27000000,2014,"Transit"
"Kepler-186 c",298.6527360,43.9549884,1.25000000,2014,"Transit"
"GJ 163 c",62.3228353,-53.3711768,2.50000000,2013,"Radial Velocity"
"GJ 163 d",62.3228353,-53.3711768,5.92000000,2013,"Radial Velocity"
"Kepler-56 b",293.7583002,41.8718070,6.51000000,2012,"Transit"
"HD 208527 b",329.0999413,21.2399220,12.50000000,2012,"Radial Velocity"
"HD 40307 g",88.5172191,-60.0237289,2.56000000,2013,"Radial Velocity"
"Kepler-186 d",298.6527360,43.9549884,1.40000000,2014,"Transit"
"GU Psc b",18.1464850,17.0650029,14.17900000,2014,"Imaging"
"HIP 63242 b",194.3824825,-65.6463263,12.50000000,2013,"Radial Velocity"
"Kepler-11 b",297.1150949,41.9091092,1.80000000,2010,"Transit"
"KOI-351 f",284.4334642,49.3051239,2.88000000,2013,"Transit"
"CoRoT-1 b",102.0798591,-3.1021394,16.70000000,2008,"Transit"
"HAT-P-45 b",274.3732697,-3.3810594,15.98400000,2014,"Transit"
"HAT-P-44 b",213.1438604,47.0147826,13.92200000,2014,"Transit"
"Kepler-11 e",297.1150949,41.9091092,4.19000000,2010,"Transit"
"HD 95086 b",164.2621032,-68.6672917,12.90000000,2013,"Imaging"
"BD-06 1339 b",88.2511811,-5.9963378,,2013,"Radial Velocity"
"HD 103774 b",179.2310729,-12.1079951,13.30000000,2013,"Radial Velocity"
"HAT-P-44 c",213.1438604,47.0147826,13.00000000,2014,"Radial Velocity"
"HATS-5 b",67.2228465,-21.4820568,10.22300000,2014,"Transit"
"Kepler-11 g",297.1150949,41.9091092,3.33000000,2010,"Transit"
"KOI-351 e",284.4334642,49.3051239,2.66000000,2013,"Transit"
"KOI-351 c",284.4334642,49.3051239,1.19000000,2013,"Transit"
"HD 109271 b",188.3973970,-11.6215204,4.31000000,2013,"Radial Velocity"
"HD 109271 c",188.3973970,-11.6215204,5.27000000,2013,"Radial Velocity"
"bet Cnc b",124.1286379,9.1853306,12.60000000,2014,"Radial Velocity"
"mu Leo b",148.1898673,26.0067142,13.30000000,2014,"Radial Velocity"
"Kepler-11 c",297.1150949,41.9091092,2.87000000,2010,"Transit"
"OGLE-2012-BLG-0358L b",265.6948750,-24.2610000,13.40000000,2013,"Microlensing"
"HD 166724 b",273.4988604,-42.5757218,13.00000000,2012,"Radial Velocity"
"WASP-64 b",101.1149223,-32.8583878,14.24700000,2012,"Transit"
"Kepler-415 c",293.8045041,38.6390517,2.01000000,2014,"Transit Timing Variations"
"Kepler-67 b",294.1533505,46.1663976,2.94000000,2013,"Transit"
"GJ 667 C c",259.7510609,-34.9977651,1.77000000,2013,"Radial Velocity"
"HAT-P-38 b",35.3834942,32.2460441,9.24700000,2012,"Transit"
"WASP-7 b",311.0427558,-39.2254856,14.90797000,2008,"Transit"
"OGLE-2011-BLG-0251L b",264.5590830,-27.1361389,14.20000000,2012,"Microlensing"
"PH1 b",298.2150641,39.9550863,6.18000000,2012,"Transit"
"Kepler-414 c",297.9615616,48.2443363,3.01000000,2014,"Transit Timing Variations"
"Kepler-122 f",291.1118647,39.9490248,1.75000000,2014,"Transit Timing Variations"
"Kepler-1544 b",297.2852168,49.2124526,1.78000000,2016,"Transit"
"GJ 667 C e",259.7510609,-34.9977651,1.45000000,2013,"Radial Velocity"
"HD 207832 c",328.1517893,-26.0271749,14.00000000,2012,"Radial Velocity"
"HAT-P-39 b",113.7582526,17.8300283,17.60900000,2012,"Transit"
"HD 150706 b",247.8255687,79.7894032,13.30000000,2012,"Radial Velocity"
"HIP 57274 d",176.1705487,30.9576484,14.20000000,2011,"Radial Velocity"
"Kepler-415 b",293.8045041,38.6390517,1.21000000,2014,"Transit Timing Variations"
"CoRoT-2 b",291.7770457,1.3836634,16.43200000,2008,"Transit"
"Kepler-46 c",289.2687388,42.6041819,13.50000000,2012,"Transit Timing Variations"
"Oph 11 b",245.6049610,-24.0872219,12.30000000,2006,"Imaging"
"Kepler-338 e",282.9790593,40.7844188,1.56000000,2014,"Transit Timing Variations"
"Kepler-418 b",294.4335228,38.3554729,13.45000000,2014,"Transit"
"DP Leo b",169.3162193,17.9615717,12.70000000,2009,"Eclipse Timing Variations"
"Kepler-58 b",296.3586251,39.1152033,2.78000000,2012,"Transit"
"Kepler-59 c",287.0394932,46.6401677,1.98000000,2012,"Transit"
"Kepler-130 c",288.4505905,40.2452006,2.90000000,2014,"Transit"
"CoRoT-27 b",278.4958319,5.5383811,11.28700000,2014,"Transit"
"HIP 105854 b",321.5962275,-37.8294782,12.60000000,2014,"Radial Velocity"
"Kapteyn c",77.9586613,-45.0430198,2.54000000,2014,"Radial Velocity"
"2MASS J01225093-2439505 b",20.7128012,-24.6646128,11.20900000,2013,"Imaging"
"Kepler-63 b",289.2262876,49.5482814,6.11000000,2013,"Transit"
"Kepler-53 c",290.4617926,40.5624966,3.17000000,2012,"Transit"
"Kepler-54 c",294.7739245,43.0561976,1.23000000,2012,"Transit"
"Kepler-83 c",282.2325197,43.6655662,2.36000000,2012,"Transit"
"Kepler-81 b",293.6369437,42.8248275,2.42000000,2012,"Transit"
"Kepler-55 c",285.1683291,44.0264898,2.21000000,2012,"Transit"
"Kepler-59 b",287.0394932,46.6401677,1.10000000,2012,"Transit"
"HD 82943 b",143.7114034,-12.1302976,13.50000000,2003,"Radial Velocity"
"HD 154857 c",257.8161940,-56.6810380,13.20000000,2014,"Radial Velocity"
"Kepler-62 d",283.2125621,45.3496992,1.95000000,2013,"Transit"
"Kepler-62 b",283.2125621,45.3496992,1.31000000,2013,"Transit"
"Kepler-83 b",282.2325197,43.6655662,2.83000000,2012,"Transit"
"POTS-1 b",203.6087259,-66.5811639,10.54800000,2013,"Transit"
"Kepler-54 b",294.7739245,43.0561976,2.10000000,2012,"Transit"
"Kepler-55 b",285.1683291,44.0264898,2.43000000,2012,"Transit"
"HD 82943 c",143.7114034,-12.1302976,13.40000000,2003,"Radial Velocity"
"Kepler-413 b",288.5106679,51.1624235,4.34700000,2014,"Transit"
"Kepler-61 b",295.3044942,42.4753193,2.15000000,2013,"Transit"
"HAT-P-27 b",222.7673221,5.9473626,11.43000000,2011,"Transit"
"Qatar-4 b",4.8592750,44.0275965,12.72221500,2017,"Transit"
"WTS-2 b",293.7327826,36.8154936,15.27786700,2014,"Transit"
"HD 4203 c",11.1722288,20.4483925,13.30000000,2014,"Radial Velocity"
"Kepler-193 c",296.4985951,46.5772484,2.75000000,2014,"Transit"
"Kepler-207 b",290.0305195,42.1660555,1.57000000,2014,"Transit"
"Kepler-313 b",298.2948708,48.7754000,2.53000000,2014,"Transit"
"Kepler-120 c",287.8915707,39.3390979,1.53000000,2014,"Transit"
"Kepler-238 e",287.8971066,40.6378141,5.60000000,2013,"Transit"
"Kepler-328 b",295.8092756,40.0084866,2.30000000,2013,"Transit"
"Kepler-280 b",291.3905325,42.1804735,1.45000000,2014,"Transit"
"Kepler-275 c",292.4797004,38.5149018,3.38000000,2014,"Transit"
"Kepler-214 b",284.7548499,44.9560500,2.61000000,2014,"Transit"
"Kepler-219 c",288.7389481,46.7625929,3.58000000,2014,"Transit"
"Kepler-331 b",291.8343455,39.3073462,1.82000000,2014,"Transit"
"Kepler-340 c",295.9334710,40.3005515,3.37000000,2014,"Transit"
"TOI-4438 b",270.3172389,35.5948992,2.40000000,2024,"Transit"
"Kepler-293 b",286.3580611,42.4064917,3.07000000,2014,"Transit"
"Kepler-291 b",287.9163029,42.4372666,2.16000000,2014,"Transit"
"Kepler-224 d",290.9342679,47.3575414,2.30000000,2014,"Transit"
"Kepler-124 c",286.7527322,49.0648788,1.75000000,2014,"Transit"
"Kepler-338 b",282.9790593,40.7844188,2.44000000,2014,"Transit"
"Kepler-111 b",291.6531630,44.6882613,1.58000000,2014,"Transit"
"Kepler-148 c",289.7861626,46.8588176,3.60000000,2014,"Transit"
"Kepler-179 b",298.6636163,47.7619329,1.64000000,2014,"Transit"
"Kepler-290 c",286.4100307,42.6815137,2.70000000,2014,"Transit"
"Kepler-302 c",294.3169307,43.6292436,12.45000000,2014,"Transit"
"Kepler-226 b",292.3760942,47.8809596,1.55000000,2014,"Transit"
"Kepler-333 b",292.2861201,40.9135429,1.32000000,2014,"Transit"
"Kepler-343 b",291.9606620,42.4329567,2.41000000,2014,"Transit"
"Kepler-197 d",295.2264739,50.5592348,1.22000000,2014,"Transit"
"TOI-762 A b",166.0747423,-47.8214964,8.33948164,2024,"Transit"
"Kepler-125 b",298.2581101,47.6050031,2.37000000,2014,"Transit"
"Kepler-306 c",288.5387145,40.6160545,2.35000000,2014,"Transit"
"Kepler-53 d",290.4617926,40.5624966,2.12000000,2014,"Transit"
"Kepler-238 d",287.8971066,40.6378141,3.07000000,2014,"Transit"
"Kepler-127 d",285.1899439,46.0280596,2.64000000,2014,"Transit"
"Kepler-222 c",287.9060885,46.9377479,4.64000000,2014,"Transit"
"Kepler-257 d",297.3159994,46.0232642,4.95000000,2014,"Transit"
"Kepler-308 b",295.7852423,40.4395753,2.12000000,2014,"Transit"
"Kepler-310 c",288.8392780,46.9867472,3.38000000,2014,"Transit"
"Kepler-242 c",286.5656932,41.8084168,2.00000000,2014,"Transit"
"Kepler-241 c",292.9131121,41.0609786,2.57000000,2014,"Transit"
"Kepler-351 c",286.4527949,42.6577891,3.19000000,2014,"Transit"
"Kepler-341 c",289.8615609,43.4727412,1.70000000,2014,"Transit"
"Kepler-166 c",293.1600977,48.8812074,2.38000000,2014,"Transit"
"Kepler-108 c",294.5589885,46.0623952,8.18000000,2014,"Transit"
"Kepler-311 b",282.0612731,47.0854984,1.70000000,2014,"Transit"
"Kepler-276 b",293.5681970,39.0363123,2.87000000,2014,"Transit"
"Kepler-254 c",288.1646541,45.8164257,2.15000000,2014,"Transit"
"Kepler-268 c",291.9761559,38.0550327,3.38000000,2014,"Transit"
"Kepler-321 c",294.4536991,44.1457626,2.32000000,2014,"Transit"
"Kepler-349 b",293.6764689,44.6155972,1.90000000,2014,"Transit"
"Kepler-108 b",294.5589885,46.0623952,8.65000000,2014,"Transit"
"Kepler-264 b",292.0446280,37.3761861,3.33000000,2014,"Transit"
"Kepler-279 b",287.3912950,42.1948220,3.62000000,2014,"Transit"
"Kepler-286 c",290.6761874,48.2942362,1.37000000,2014,"Transit"
"Kepler-171 c",296.7719082,41.7555958,2.56000000,2014,"Transit"
"Kepler-238 b",287.8971066,40.6378141,1.73000000,2014,"Transit"
"Kepler-329 c",299.2681646,45.2272852,1.93000000,2014,"Transit"
"Kepler-345 c",295.2288521,45.9710432,1.20000000,2014,"Transit"
"Kepler-263 b",292.4698022,37.5677941,2.67000000,2014,"Transit"
"Kepler-268 b",291.9761559,38.0550327,2.55000000,2014,"Transit"
"Kepler-287 b",290.9274282,48.4434588,2.33000000,2014,"Transit"
"Kepler-290 b",286.4100307,42.6815137,2.25000000,2014,"Transit"
"Kepler-82 d",292.8733696,42.9661583,1.77000000,2014,"Transit"
"Kepler-148 b",289.7861626,46.8588176,1.80000000,2014,"Transit"
"HD 13908 c",34.5609102,65.5941901,12.80000000,2013,"Radial Velocity"
"HD 159243 b",263.3395365,5.7008254,13.70000000,2013,"Radial Velocity"
"Kepler-292 d",295.7661979,42.4242822,2.23000000,2014,"Transit"
"Kepler-297 c",283.2091605,48.7776156,6.54000000,2014,"Transit"
"Kepler-150 e",288.2341025,40.5208970,3.12000000,2014,"Transit"
"Kepler-178 c",287.1010275,46.8964033,2.88000000,2014,"Transit"
"HD 73526 c",129.3183310,-41.3184231,13.30000000,2005,"Radial Velocity"
"HD 106906 b",184.4713308,-55.9755805,12.40000000,2013,"Imaging"
"Kepler-267 b",299.8305655,47.1575741,1.98000000,2014,"Transit"
"Kepler-273 b",291.3021458,47.6976573,1.50000000,2014,"Transit"
"Kepler-306 b",288.5387145,40.6160545,1.52000000,2014,"Transit"
"Kepler-309 c",297.5098911,46.9614121,2.51000000,2014,"Transit"
"Kepler-207 c",290.0305195,42.1660555,1.50000000,2014,"Transit"
"Kepler-224 b",290.9342679,47.3575414,1.39000000,2014,"Transit"
"Kepler-265 c",290.5104788,41.2447430,2.63000000,2014,"Transit"
"Kepler-269 b",290.2151459,41.7759810,2.47000000,2014,"Transit"
"Kepler-119 c",295.9463854,42.6588324,0.92000000,2014,"Transit"
"Kepler-130 b",288.4505905,40.2452006,1.02000000,2014,"Transit"
"Kepler-235 e",286.0790779,39.2782370,2.22000000,2014,"Transit"
"Kepler-228 b",296.2860853,48.2246328,1.53000000,2014,"Transit"
"Kepler-305 b",299.2242557,40.3431670,3.60000000,2013,"Transit"
"Kepler-277 c",286.5831894,39.0772582,3.36000000,2013,"Transit"
"Kepler-301 b",283.9829040,49.2329512,1.35000000,2014,"Transit"
"Kepler-300 c",295.2886934,48.5997243,2.25000000,2014,"Transit"
"Kepler-133 b",297.2778906,48.3203542,1.76000000,2014,"Transit"
"Kepler-152 c",286.8653826,41.9889571,2.39000000,2014,"Transit"
"Kepler-82 e",292.8733696,42.9661583,2.47000000,2014,"Transit"
"Kepler-299 c",283.2070156,48.5805222,2.65000000,2014,"Transit"
"Kepler-298 b",283.0398448,48.8253303,1.96000000,2014,"Transit"
"Kepler-157 b",291.0972257,38.8756049,1.32000000,2014,"Transit"
"Kepler-162 b",297.2789115,43.7239693,1.26000000,2014,"Transit"
"Kepler-249 d",296.9853002,43.6586043,1.57000000,2014,"Transit"
"Kepler-254 d",288.1646541,45.8164257,2.50000000,2014,"Transit"
"Kepler-114 c",294.1214820,48.3497977,1.60000000,2013,"Transit"
"Kepler-145 b",291.3877397,44.5290465,2.65000000,2013,"Transit"
"Kepler-295 b",285.3458383,45.3677754,1.22000000,2014,"Transit"
"Kepler-288 c",288.9163997,39.5947523,2.85000000,2014,"Transit"
"Kepler-286 d",290.6761874,48.2942362,1.33000000,2014,"Transit"
"Kepler-312 c",298.3957687,42.4597712,3.15000000,2014,"Transit"
"Kepler-287 c",290.9274282,48.4434588,3.26000000,2014,"Transit"
"Kepler-285 b",291.3908469,48.0655392,1.34000000,2014,"Transit"
"Kepler-178 d",287.1010275,46.8964033,3.95000000,2014,"Transit"
"Kepler-183 b",293.5308112,39.3159329,2.06000000,2014,"Transit"
"Kepler-315 b",298.0230967,43.3634761,3.77000000,2014,"Transit"
"Kepler-316 c",290.8258350,44.1838993,1.16000000,2014,"Transit"
"Kepler-284 b",293.1465698,47.7297053,2.24000000,2014,"Transit"
"Kepler-281 c",294.1081465,44.7706524,5.31000000,2014,"Transit"
"Kepler-85 d",290.9734395,45.2902761,1.20000000,2014,"Transit"
"Kepler-353 b",296.8565596,41.7580749,0.89000000,2014,"Transit"
"Kepler-372 c",291.2562253,49.2589288,2.09000000,2014,"Transit"
"Kepler-374 c",294.1378921,42.3704075,1.10000000,2014,"Transit"
"Kepler-151 c",292.1627933,41.0231947,2.09000000,2014,"Transit"
"Kepler-386 c",289.8589165,48.6938077,1.58000000,2014,"Transit"
"Kepler-213 c",290.8241931,44.6472832,2.34000000,2014,"Transit"
"Kepler-211 b",285.4391183,43.1685051,1.26000000,2014,"Transit"
"Kepler-355 b",285.7994917,42.8117427,1.46000000,2014,"Transit"
"Kepler-356 b",292.4210998,37.6827919,1.57000000,2014,"Transit"
"Kepler-355 c",285.7994917,42.8117427,2.71000000,2014,"Transit"
"Kepler-356 c",292.4210998,37.6827919,1.81000000,2014,"Transit"
"Kepler-387 b",287.7982699,45.6567655,1.03000000,2014,"Transit"
"Kepler-388 b",284.8280577,44.6086451,0.81000000,2014,"Transit"
"Kepler-404 b",286.3985796,45.3435241,1.27000000,2014,"Transit"
"Kepler-221 d",296.6547477,46.8352242,2.73000000,2014,"Transit"
"Kepler-357 b",291.2429746,44.0086337,1.84000000,2014,"Transit"
"Kepler-358 b",293.2302333,48.2813901,2.72000000,2014,"Transit"
"Kepler-376 c",291.6071451,38.4103192,1.79000000,2014,"Transit"
"Kepler-378 b",294.9489697,46.4388673,0.75000000,2014,"Transit"
"Kepler-389 b",291.9600082,44.9000587,1.51000000,2014,"Transit"
"Kepler-118 b",299.2131881,41.4248195,1.96000000,2014,"Transit"
"Kepler-359 b",293.2936129,42.1963497,3.53000000,2014,"Transit"
"Kepler-363 c",283.1920779,41.3054172,1.69000000,2014,"Transit"
"Kepler-379 c",295.7010981,38.9458209,2.29000000,2014,"Transit"
"Kepler-112 c",296.9811361,43.2097025,2.40000000,2014,"Transit"
"Kepler-163 b",295.0027458,46.9873389,1.05000000,2014,"Transit"
"Kepler-390 b",291.6288086,41.2088351,0.82000000,2014,"Transit"
"Kepler-52 d",286.7380152,49.9757383,1.95000000,2014,"Transit"
"Kepler-231 b",293.9733913,50.5318460,1.73000000,2014,"Transit"
"Kepler-357 d",291.2429746,44.0086337,3.43000000,2014,"Transit"
"Kepler-358 c",293.2302333,48.2813901,2.85000000,2014,"Transit"
"Kepler-139 b",282.3919451,43.8894167,2.94000000,2014,"Transit"
"Kepler-172 d",283.3684093,41.8218390,2.25000000,2014,"Transit"
"Kepler-237 b",283.2213438,40.4217620,1.41000000,2014,"Transit"
"Kepler-235 c",286.0790779,39.2782370,1.28000000,2014,"Transit"
"Kepler-363 b",283.1920779,41.3054172,1.16000000,2014,"Transit"
"Kepler-272 b",299.1275257,47.5938319,1.43000000,2014,"Transit"
"Kepler-353 c",296.8565596,41.7580749,1.38000000,2014,"Transit"
"Kepler-359 c",293.2936129,42.1963497,4.30000000,2014,"Transit"
"Kepler-173 b",294.6466171,41.8840952,1.29000000,2014,"Transit"
"Kepler-175 c",289.5532320,43.8761160,3.10000000,2014,"Transit"
"Kepler-141 c",297.9707271,47.7316041,1.41000000,2014,"Transit"
"Kepler-239 c",294.2020505,40.6633313,2.51000000,2014,"Transit"
"Kepler-367 c",297.2925580,49.9817499,1.20000000,2014,"Transit"
"Kepler-143 c",298.0676519,49.4125410,3.37000000,2014,"Transit"
"Kepler-360 b",286.2847077,44.7815817,1.65000000,2014,"Transit"
"Kepler-49 e",292.2945208,40.5918123,1.56000000,2014,"Transit"
"Kepler-140 b",287.3694056,46.7681473,1.61000000,2014,"Transit"
"Kepler-392 b",288.6608260,43.3681938,1.00000000,2014,"Transit"
"Kepler-46 d",289.2687388,42.6041819,1.64000000,2014,"Transit"
"Kepler-243 c",285.1104819,42.0339619,1.99000000,2014,"Transit"
"Kepler-374 d",294.1378921,42.3704075,1.31000000,2014,"Transit"
"Kepler-375 b",288.6178715,48.0983639,1.45000000,2014,"Transit"
"Kepler-116 c",294.7420605,43.5367842,2.30000000,2014,"Transit"
"Kepler-280 c",291.3905325,42.1804735,2.01000000,2014,"Transit"
"Kepler-122 d",291.1118647,39.9490248,2.20000000,2014,"Transit"
"Kepler-133 c",297.2778906,48.3203542,2.84000000,2014,"Transit"
"Kepler-246 c",296.4834007,42.6633806,1.50000000,2014,"Transit"
"Kepler-251 e",296.5662171,44.1058077,2.77000000,2014,"Transit"
"Kepler-326 c",294.3255898,46.0022646,1.40000000,2014,"Transit"
"K2-24 b",242.5734559,-24.9906029,5.63800000,2016,"Transit"
"Kepler-281 b",294.1081465,44.7706524,2.82000000,2014,"Transit"
"Kepler-288 b",288.9163997,39.5947523,1.67000000,2014,"Transit"
"Kepler-393 b",290.9952050,45.1921880,1.29000000,2014,"Transit"
"Kepler-394 b",296.3019792,50.6723115,1.60000000,2014,"Transit"
"Kepler-26 e",284.9410627,46.5664505,2.41000000,2014,"Transit"
"Kepler-255 b",296.0642702,45.9767647,1.55000000,2014,"Transit"
"Kepler-344 b",292.4996101,46.3243406,2.61000000,2014,"Transit"
"Kepler-342 b",292.6780488,46.7266813,2.25000000,2014,"Transit"
"Kepler-291 c",287.9163029,42.4372666,1.88000000,2014,"Transit"
"Kepler-293 c",286.3580611,42.4064917,3.83000000,2014,"Transit"
"Kepler-189 b",287.5646296,44.3050662,1.21000000,2014,"Transit"
"Kepler-191 c",291.1833211,45.3230937,1.86000000,2014,"Transit"
"Kepler-258 c",294.0684116,46.5791357,3.61000000,2014,"Transit"
"Kepler-337 c",290.0605123,47.1639533,2.05000000,2014,"Transit"
"Kepler-298 c",283.0398448,48.8253303,1.93000000,2014,"Transit"
"Kepler-300 b",295.2886934,48.5997243,1.67000000,2014,"Transit"
"Kepler-137 b",282.1355875,43.0391951,1.47000000,2014,"Transit"
"Kepler-261 c",291.3647333,37.6092390,2.00000000,2014,"Transit"
"Kepler-265 b",290.5104788,41.2447430,1.86000000,2014,"Transit"
"Kepler-339 b",293.3517010,48.4445922,1.42000000,2014,"Transit"
"Kepler-325 b",289.8354219,49.8256070,2.91000000,2014,"Transit"
"Kepler-126 b",289.3473634,44.2084445,1.52000000,2014,"Transit"
"Kepler-380 b",282.3947017,48.7591334,1.19000000,2014,"Transit"
"Kepler-397 c",295.8940373,42.3805156,6.18000000,2014,"Transit"
"Kepler-122 e",291.1118647,39.9490248,2.60000000,2014,"Transit"
"TOI-4504 b",114.4673065,-62.0782776,2.65000000,2024,"Transit"
"TOI-2384 b",36.1561463,-65.0001957,11.48920522,2024,"Transit"
"Kepler-188 b",281.2797173,44.3154743,1.68000000,2014,"Transit"
"Kepler-362 c",291.7716030,47.5299192,1.45000000,2014,"Transit"
"Kepler-136 c",296.4673039,42.5987984,1.99000000,2014,"Transit"
"Kepler-381 c",285.1828685,43.8310283,1.12000000,2014,"Transit"
"Kepler-398 b",291.4688524,40.3437001,0.93000000,2014,"Transit"
"Kepler-136 b",296.4673039,42.5987984,2.05000000,2014,"Transit"
"Kepler-272 d",299.1275257,47.5938319,2.25000000,2014,"Transit"
"Kepler-206 d",291.6346564,41.8338415,1.19000000,2014,"Transit"
"Kepler-141 b",297.9707271,47.7316041,0.69000000,2014,"Transit"
"Kepler-399 d",299.5017242,40.6707669,1.89000000,2014,"Transit"
"Kepler-400 b",290.9444679,40.4800528,1.65000000,2014,"Transit"
"Kepler-366 b",296.8520316,49.0844359,1.46000000,2014,"Transit"
"Kepler-367 b",297.2925580,49.9817499,1.30000000,2014,"Transit"
"Kepler-135 b",290.4950939,38.7954956,1.81000000,2014,"Transit"
"Kepler-383 b",291.3426078,38.3631616,1.32000000,2014,"Transit"
"Kepler-401 b",290.0827494,50.8634361,1.71000000,2014,"Transit"
"Kepler-402 c",288.3701976,43.3546109,1.56000000,2014,"Transit"
"Kepler-351 b",286.4527949,42.6577891,3.06000000,2014,"Transit"
"Kepler-350 b",285.4195845,39.7061009,1.85000000,2014,"Transit"
"Kepler-369 c",293.6743322,47.9084727,1.41000000,2014,"Transit"
"Kepler-371 b",292.3264835,38.6575441,1.89000000,2014,"Transit"
"Kepler-147 b",287.9757213,39.0871680,1.53000000,2014,"Transit"
"Kepler-132 d",283.2358100,41.3430370,1.55000000,2014,"Transit"
"Kepler-200 c",284.4099503,41.2374928,1.59000000,2014,"Transit"
"Kepler-215 e",294.9735313,45.2136867,1.75000000,2014,"Transit"
"Kepler-347 c",289.1995995,49.3056404,1.75000000,2014,"Transit"
"Kepler-202 b",282.9734874,41.3217991,1.63000000,2014,"Transit"
"Kepler-84 f",298.2520208,40.4960842,2.20000000,2014,"Transit"
"Kepler-310 b",288.8392780,46.9867472,1.19000000,2014,"Transit"
"Kepler-270 c",282.2001207,44.4222795,1.77000000,2014,"Transit"
"Kepler-24 d",290.4132621,38.3437283,1.67000000,2014,"Transit"
"Kepler-217 c",293.0377331,46.2775223,1.85000000,2014,"Transit"
"Kepler-220 e",291.5060432,46.8956262,1.33000000,2014,"Transit"
"Kepler-313 c",298.2948708,48.7754000,2.57000000,2014,"Transit"
"Kepler-311 c",282.0612731,47.0854984,1.43000000,2014,"Transit"
"Kepler-282 c",284.6772402,44.7976401,1.20000000,2014,"Transit"
"Kepler-286 e",290.6761874,48.2942362,1.77000000,2014,"Transit"
"Kepler-204 b",285.3471620,41.7618450,2.53000000,2014,"Transit"
"Kepler-359 d",293.2936129,42.1963497,4.01000000,2014,"Transit"
"Kepler-314 b",294.6741507,42.0756037,0.83000000,2014,"Transit"
"Kepler-316 b",290.8258350,44.1838993,1.06000000,2014,"Transit"
"Kepler-288 d",288.9163997,39.5947523,2.67000000,2014,"Transit"
"Kepler-149 b",285.8537014,38.3840916,4.21000000,2014,"Transit"
"Kepler-372 b",291.2562253,49.2589288,1.36000000,2014,"Transit"
"Kepler-205 b",285.2866912,41.8609357,1.51000000,2014,"Transit"
"Kepler-361 b",296.8034146,46.7411011,1.45000000,2014,"Transit"
"Kepler-317 c",294.9438822,39.0320499,1.72000000,2014,"Transit"
"Kepler-319 d",288.8119782,39.7706431,2.29000000,2014,"Transit"
"Kepler-295 d",285.3458383,45.3677754,1.36000000,2014,"Transit"
"Kepler-308 c",295.7852423,40.4395753,2.16000000,2014,"Transit"
"Kepler-234 b",291.6535379,38.4946597,3.70000000,2014,"Transit"
"Kepler-378 c",294.9489697,46.4388673,0.70000000,2014,"Transit"
"Kepler-321 b",294.4536991,44.1457626,1.77000000,2014,"Transit"
"Kepler-322 b",281.3487514,44.2952525,1.01000000,2014,"Transit"
"Kepler-397 b",295.8940373,42.3805156,2.46000000,2014,"Transit"
"Kepler-198 b",290.6731326,38.6910045,2.82000000,2014,"Transit"
"Kepler-386 b",289.8589165,48.6938077,1.39000000,2014,"Transit"
"Kepler-206 c",291.6346564,41.8338415,1.77000000,2014,"Transit"
"Kepler-173 c",294.6466171,41.8840952,2.43000000,2014,"Transit"
"Kepler-250 b",289.5947633,44.1418114,1.13000000,2014,"Transit"
"Kepler-325 c",289.8354219,49.8256070,2.54000000,2014,"Transit"
"Kepler-157 c",291.0972257,38.8756049,2.24000000,2014,"Transit"
"Kepler-392 c",288.6608260,43.3681938,1.10000000,2014,"Transit"
"Kepler-365 c",295.6265640,49.1304110,1.64000000,2014,"Transit"
"Kepler-243 b",285.1104819,42.0339619,2.45000000,2014,"Transit"
"Kepler-402 e",288.3701976,43.3546109,1.46000000,2014,"Transit"
"Kepler-402 d",288.3701976,43.3546109,1.38000000,2014,"Transit"
"Kepler-147 c",287.9757213,39.0871680,2.43000000,2014,"Transit"
"Kepler-183 c",293.5308112,39.3159329,2.27000000,2014,"Transit"
"Kepler-244 b",287.2426410,42.3014185,2.76000000,2014,"Transit"
"Kepler-209 b",291.1694567,42.6407281,2.26000000,2014,"Transit"
"Kepler-127 b",285.1899439,46.0280596,1.40000000,2014,"Transit"
"Kepler-403 c",289.9214256,46.7445267,1.75000000,2014,"Transit"
"Kepler-376 b",291.6071451,38.4103192,1.07000000,2014,"Transit"
"Kepler-331 c",291.8343455,39.3073462,1.84000000,2014,"Transit"
"Kepler-256 e",292.5804200,46.0973588,2.35000000,2014,"Transit"
"Kepler-209 c",291.1694567,42.6407281,3.10000000,2014,"Transit"
"Kepler-229 d",286.9994758,48.3757867,3.85000000,2014,"Transit"
"Kepler-237 c",283.2213438,40.4217620,2.08000000,2014,"Transit"
"Kepler-383 c",291.3426078,38.3631616,1.24000000,2014,"Transit"
"Kepler-333 c",292.2861201,40.9135429,1.11000000,2014,"Transit"
"Kepler-334 d",287.1406177,47.1151153,1.41000000,2014,"Transit"
"Kepler-156 c",290.2964214,37.7494271,2.55000000,2014,"Transit"
"Kepler-405 c",291.4094615,38.3400107,4.66000000,2014,"Transit"
"Kepler-274 c",292.9227926,38.4772173,1.84000000,2014,"Transit"
"Kepler-315 c",298.0230967,43.3634761,4.15000000,2014,"Transit"
"Kepler-387 c",287.7982699,45.6567655,0.89000000,2014,"Transit"
"Kepler-388 c",284.8280577,44.6086451,0.86000000,2014,"Transit"
"Kepler-337 b",290.0605123,47.1639533,1.54000000,2014,"Transit"
"Kepler-134 c",284.7391156,49.5984448,1.26000000,2014,"Transit"
"Kepler-140 c",287.3694056,46.7681473,1.80000000,2014,"Transit"
"Kepler-159 b",297.0702037,40.8687340,2.38000000,2014,"Transit"
"Kepler-320 c",293.2135155,46.1751457,1.37000000,2014,"Transit"
"Kepler-292 c",295.7661979,42.4242822,1.47000000,2014,"Transit"
"Kepler-338 d",282.9790593,40.7844188,3.00000000,2014,"Transit"
"Kepler-338 c",282.9790593,40.7844188,2.34000000,2014,"Transit"
"Kepler-149 c",285.8537014,38.3840916,1.61000000,2014,"Transit"
"Kepler-164 b",287.7808115,47.6298453,1.41000000,2014,"Transit"
"Kepler-320 b",293.2135155,46.1751457,1.14000000,2014,"Transit"
"TOI-5292 A b",344.2223631,-8.1197473,12.64373023,2026,"Transit"
"Kepler-395 b",293.5111889,45.1366252,1.03000000,2014,"Transit"
"Kepler-341 d",289.8615609,43.4727412,1.85000000,2014,"Transit"
"Kepler-341 e",289.8615609,43.4727412,1.99000000,2014,"Transit"
"Kepler-169 b",285.9999204,40.9193822,1.13000000,2014,"Transit"
"Kepler-169 f",285.9999204,40.9193822,2.58000000,2014,"Transit"
"Kepler-332 c",286.6627811,47.4136938,1.09000000,2014,"Transit"
"Kepler-143 b",298.0676519,49.4125410,2.41000000,2014,"Transit"
"Kepler-299 b",283.2070156,48.5805222,1.32000000,2014,"Transit"
"Kepler-301 c",283.9829040,49.2329512,1.35000000,2014,"Transit"
"Kepler-342 d",292.6780488,46.7266813,2.49000000,2014,"Transit"
"Kepler-233 c",296.3665054,51.3194548,2.71000000,2014,"Transit"
"Kepler-171 d",296.7719082,41.7555958,1.89000000,2014,"Transit"
"HD 60779 b",114.0047579,-3.1512910,3.24600000,2026,"Transit"
"Kepler-335 c",296.0642944,45.4285986,3.07000000,2014,"Transit"
"Kepler-332 d",286.6627811,47.4136938,1.18000000,2014,"Transit"
"Kepler-262 b",290.7287168,37.2526575,1.36000000,2014,"Transit"
"Kepler-263 c",292.4698022,37.5677941,2.47000000,2014,"Transit"
"Kepler-191 b",291.1833211,45.3230937,1.34000000,2014,"Transit"
"Kepler-197 e",295.2264739,50.5592348,0.91000000,2014,"Transit"
"Kepler-200 b",284.4099503,41.2374928,2.13000000,2014,"Transit"
"Kepler-201 b",293.6260590,41.2728004,2.46000000,2014,"Transit"
"Kepler-84 e",298.2520208,40.4960842,2.60000000,2014,"Transit"
"Kepler-265 e",290.5104788,41.2447430,2.59000000,2014,"Transit"
"Kepler-24 e",290.4132621,38.3437283,2.78000000,2014,"Transit"
"Kepler-441 b",284.5669540,49.0127077,1.64000000,2015,"Transit"
"Kepler-253 c",291.8419337,44.8581240,2.65000000,2014,"Transit"
"Kepler-214 c",284.7548499,44.9560500,2.13000000,2014,"Transit"
"Kepler-170 c",284.5211975,41.6296562,2.86000000,2014,"Transit"
"Kepler-205 c",285.2866912,41.8609357,1.64000000,2014,"Transit"
"CoRoT-22 b",280.6671392,6.2191669,4.88000000,2014,"Transit"
"Kepler-437 b",297.3473326,44.0269249,2.14000000,2015,"Transit"
"Kepler-192 b",287.9179379,45.5928829,2.74000000,2014,"Transit"
"Kepler-254 b",288.1646541,45.8164257,3.87000000,2014,"Transit"
"Kepler-196 c",284.9685077,42.0791214,2.24000000,2014,"Transit"
"Kepler-101 b",283.2555070,48.3552474,5.77000000,2014,"Transit"
"Kepler-439 b",280.8015188,44.0339733,2.24000000,2015,"Transit"
"Kepler-256 c",292.5804200,46.0973588,2.15000000,2014,"Transit"
"Kepler-216 c",293.7280695,46.1291139,3.04000000,2014,"Transit"
"Kepler-184 c",291.9518784,43.0746172,1.97000000,2014,"Transit"
"KIC 10001893 d",287.3892308,46.9844491,,2014,"Orbital Brightness Modulation"
"KIC 10001893 b",287.3892308,46.9844491,,2014,"Orbital Brightness Modulation"
"HD 113538 c",196.2339330,-52.4463502,13.80000000,2010,"Radial Velocity"
"HD 30669 b",72.1198522,-28.4190757,14.30000000,2014,"Radial Velocity"
"Kepler-217 b",293.0377331,46.2775223,2.23000000,2014,"Transit"
"Kepler-83 d",282.2325197,43.6655662,1.94000000,2014,"Transit"
"Kepler-253 d",291.8419337,44.8581240,3.17000000,2014,"Transit"
"Kepler-424 c",298.6249797,48.5774500,12.70000000,2014,"Radial Velocity"
"Kepler-422 b",282.6296334,46.3232807,12.89000000,2014,"Transit"
"Kepler-445 c",298.7363395,46.4991236,2.51000000,2015,"Transit"
"Kepler-446 b",282.2501047,44.9210020,1.50000000,2015,"Transit"
"Kepler-259 b",288.2119707,46.6150461,2.80000000,2014,"Transit"
"Kepler-193 b",296.4985951,46.5772484,2.39000000,2014,"Transit"
"Kepler-215 b",294.9735313,45.2136867,1.62000000,2014,"Transit"
"Kepler-192 c",287.9179379,45.5928829,2.79000000,2014,"Transit"
"Kepler-426 b",289.4346668,49.4734550,12.22000000,2014,"Transit"
"Kepler-424 b",298.6249797,48.5774500,9.98000000,2014,"Transit"
"Kepler-427 b",288.2545808,43.7048379,13.79000000,2014,"Transit"
"HD 103720 b",179.1713308,-2.7791393,14.10000000,2014,"Radial Velocity"
"Kepler-434 b",293.5863887,42.9288624,12.67000000,2015,"Transit"
"Kepler-221 c",296.6547477,46.8352242,2.93000000,2014,"Transit"
"Kepler-222 b",287.9060885,46.9377479,3.16000000,2014,"Transit"
"Kepler-94 c",281.1947316,47.4972606,12.50000000,2014,"Radial Velocity"
"Kepler-48 e",299.1393094,40.9489390,13.40000000,2014,"Radial Velocity"
"Kepler-428 b",290.5817432,40.5773106,12.11000000,2014,"Transit"
"Kepler-425 b",290.3579781,40.5676965,10.96200000,2014,"Transit"
"Kepler-224 c",290.9342679,47.3575414,3.12000000,2014,"Transit"
"Kepler-407 c",286.0363025,49.6145027,12.30000000,2014,"Radial Velocity"
"Kepler-106 c",300.8640060,44.3375497,2.50000000,2014,"Transit"
"TYC 1422-614-1 b",154.2777769,19.5584068,13.30000000,2014,"Radial Velocity"
"TYC 1422-614-1 c",154.2777769,19.5584068,12.50000000,2014,"Radial Velocity"
"Kepler-445 b",298.7363395,46.4991236,1.58000000,2015,"Transit"
"Kepler-446 d",282.2501047,44.9210020,1.35000000,2015,"Transit"
"Kepler-164 c",287.7808115,47.6298453,2.73000000,2014,"Transit"
"Kepler-165 b",280.6909200,47.8096702,2.32000000,2014,"Transit"
"OGLE-2005-BLG-071L b",267.5407080,-34.6731944,13.00000000,2005,"Microlensing"
"OGLE-2008-BLG-092L b",267.5407080,-34.6731944,8.74000000,2014,"Microlensing"
"Kepler-246 b",296.4834007,42.6633806,2.34000000,2014,"Transit"
"Kepler-226 c",292.3760942,47.8809596,2.27000000,2014,"Transit"
"Kepler-227 b",291.9342748,48.1416760,3.11000000,2014,"Transit"
"Kepler-113 b",287.9978721,50.9441847,1.82000000,2014,"Transit"
"Kepler-48 d",299.1393094,40.9489390,2.04000000,2014,"Transit"
"Qatar-2 b",207.6554928,-6.8040714,14.05600000,2011,"Transit"
"Kepler-117 c",288.7930651,48.0401760,12.34100000,2014,"Transit"
"Kepler-161 b",290.5164698,43.0838642,2.12000000,2014,"Transit"
"Kepler-153 b",282.4605020,48.2570293,2.92000000,2014,"Transit"
"Kepler-229 c",286.9994758,48.3757867,4.92000000,2014,"Transit"
"Kepler-100 d",291.3861294,41.9901394,1.61000000,2014,"Transit"
"Kepler-98 b",285.6616933,37.9645672,1.99000000,2014,"Transit"
"Kepler-117 b",288.7930651,48.0401760,8.05900000,2014,"Transit"
"Kepler-430 b",292.8085984,49.5794242,3.25000000,2015,"Transit"
"Kepler-230 b",285.7185682,48.5058038,4.26000000,2014,"Transit"
"Kepler-166 b",293.1600977,48.8812074,2.27000000,2014,"Transit"
"Kepler-131 b",288.5308924,40.9423730,2.41000000,2014,"Transit"
"Kepler-406 b",291.8481764,44.9682807,1.43000000,2014,"Transit"
"Kepler-249 c",296.9853002,43.6586043,1.51000000,2014,"Transit"
"Kepler-162 c",297.2789115,43.7239693,3.03000000,2014,"Transit"
"Kepler-180 c",295.5712566,49.7745140,3.01000000,2014,"Transit"
"Kepler-182 c",289.8301128,50.5862025,3.43000000,2014,"Transit"
"HD 10180 c",24.4731133,-60.5114881,,2010,"Radial Velocity"
"HD 50554 b",103.6782730,24.2451409,12.80000000,2002,"Radial Velocity"
"Kepler-174 b",287.4389454,43.8320052,1.96000000,2014,"Transit"
"Kepler-176 c",294.6679021,43.8532104,2.60000000,2014,"Transit"
"Kepler-96 b",297.0698263,40.5252039,2.67000000,2014,"Transit"
"Kepler-48 b",299.1393094,40.9489390,1.88000000,2012,"Transit"
"HD 10180 d",24.4731133,-60.5114881,,2010,"Radial Velocity"
"HD 10180 e",24.4731133,-60.5114881,5.39000000,2010,"Radial Velocity"
"Kepler-55 d",285.1683291,44.0264898,1.59000000,2014,"Transit"
"Kepler-187 c",299.7964955,44.0892448,2.67000000,2014,"Transit"
"Kepler-233 b",296.3665054,51.3194548,2.43000000,2014,"Transit"
"Kepler-234 c",291.6535379,38.4946597,3.51000000,2014,"Transit"
"MOA-2011-BLG-322L b",271.2233330,-27.2209444,12.40000000,2013,"Microlensing"
"CoRoT-24 b",101.9225430,-3.7192892,3.70000000,2014,"Transit"
"HD 10180 h",24.4731133,-60.5114881,9.40000000,2010,"Radial Velocity"
"Kepler-440 b",285.3500664,41.4523695,1.86000000,2015,"Transit"
"Kepler-251 c",296.5662171,44.1058077,2.77000000,2014,"Transit"
"Kepler-146 c",294.1107631,38.7102222,3.13000000,2014,"Transit"
"Kepler-150 d",288.2341025,40.5208970,2.79000000,2014,"Transit"
"OGLE-2008-BLG-355L b",269.7867080,-30.7594722,12.90000000,2014,"Microlensing"
"CoRoT-24 c",101.9225430,-3.7192892,5.00000000,2014,"Transit"
"Kepler-186 f",298.6527360,43.9549884,1.17000000,2014,"Transit"
"Kepler-252 c",295.5793290,44.5459052,2.15000000,2014,"Transit"
"Kepler-213 b",290.8241931,44.6472832,1.62000000,2014,"Transit"
"Kepler-159 c",297.0702037,40.8687340,3.41000000,2014,"Transit"
"Kepler-202 c",282.9734874,41.3217991,1.85000000,2014,"Transit"
"HD 35759 b",82.8886636,64.3183753,13.00000000,2016,"Radial Velocity"
"Kepler-477 b",288.0674450,42.3553050,2.07000000,2016,"Transit"
"HD 67087 c",121.9155672,31.5511553,12.90000000,2015,"Radial Velocity"
"Kepler-6 b",296.8372475,48.2399695,14.61653600,2009,"Transit"
"HD 220842 b",351.6534162,56.8871415,13.10000000,2016,"Radial Velocity"
"HIP 65407 c",201.0876630,48.8847322,13.90000000,2016,"Radial Velocity"
"Kepler-505 b",287.8579530,42.5426758,2.60000000,2016,"Transit"
"CoRoT-29 b",278.9020691,6.4795703,10.08810000,2015,"Transit"
"tau Boo b",206.8134593,17.4571647,12.80000000,1996,"Radial Velocity"
"Kepler-412 b",286.1103053,43.6809612,15.03126900,2014,"Transit"
"HD 141399 b",236.7235392,46.9862880,14.30000000,2014,"Radial Velocity"
"HD 141399 c",236.7235392,46.9862880,13.60000000,2014,"Radial Velocity"
"Kepler-754 b",293.2541121,37.8461519,2.01000000,2016,"Transit"
"Kepler-753 b",291.9032411,37.9023677,1.91000000,2016,"Transit"
"HAT-P-54 b",99.8979924,25.4824005,10.58129600,2015,"Transit"
"TrES-5 b",305.2219454,59.4489033,13.38354600,2011,"Transit"
"KOI-13 b",286.9713876,46.8682463,16.94800800,2011,"Transit"
"WASP-42 b",192.9812030,-42.0736165,12.57649800,2012,"Transit"
"Kepler-766 b",293.1845144,37.9698357,3.39000000,2016,"Transit"
"Kepler-771 b",287.4441104,38.0884183,1.82000000,2016,"Transit"
"HD 100546 b",173.3555116,-70.1947897,77.34210000,2014,"Imaging"
"Kepler-432 c",293.2822344,48.2859173,13.30000000,2015,"Radial Velocity"
"Kepler-76 b",294.1921185,39.6189727,15.24424000,2013,"Orbital Brightness Modulation"
"OGLE-2003-BLG-235L b",271.3181250,-28.8950000,13.20000000,2004,"Microlensing"
"Kepler-765 b",283.1846044,47.1557114,2.43000000,2016,"Transit"
"Kepler-432 b",293.2822344,48.2859173,12.83430500,2015,"Transit"
"Kepler-5 b",299.4070341,44.0350387,15.98403400,2009,"Transit"
"Kepler-7 b",288.5814928,41.0897335,18.18099800,2009,"Transit"
"HIP 74890 b",229.5714974,-41.4210961,13.30000000,2016,"Radial Velocity"
"K2-29 b",62.6704220,24.4016558,13.33871000,2016,"Transit"
"Kepler-767 b",291.5791562,38.0358066,6.64000000,2016,"Transit"
"Kepler-773 b",290.8846217,38.0575539,1.43000000,2016,"Transit"
"Kepler-774 b",291.0318604,38.2118940,3.17000000,2016,"Transit"
"2MASS J02192210-3925225 b",34.8427046,-39.4230767,16.14096000,2015,"Imaging"
"HD 7924 d",20.4956562,76.7101475,,2015,"Radial Velocity"
"WASP-41 c",190.6188034,-30.6398176,13.10000000,2015,"Radial Velocity"
"HAT-P-50 b",118.0634379,12.1393474,14.43719200,2015,"Transit"
"HD 133131 A b",225.8984524,-27.8431369,13.60000000,2016,"Radial Velocity"
"HATS-17 b",192.1895676,-47.6136789,8.70939300,2016,"Transit"
"Kepler-772 b",291.4235820,38.2165603,1.82000000,2016,"Transit"
"Kepler-769 b",292.7130925,38.3581685,2.92000000,2016,"Transit"
"Kepler-449 c",293.7327870,41.9006366,2.76400000,2015,"Transit"
"HD 133131 A c",225.8984524,-27.8431369,14.30000000,2016,"Radial Velocity"
"WASP-92 b",246.6920395,51.0411328,16.37634900,2016,"Transit"
"Kepler-762 b",291.2756631,47.3295107,12.68000000,2016,"Transit"
"Kepler-781 b",287.6535874,47.4147762,2.89000000,2016,"Transit"
"Kepler-92 d",289.0860607,41.5630224,2.06700000,2015,"Transit"
"Kepler-449 b",293.7327870,41.9006366,2.05600000,2015,"Transit"
"HD 175607 b",285.2742901,-66.1943379,,2015,"Radial Velocity"
"HD 1461 c",4.6762645,-8.0536206,2.23000000,2015,"Radial Velocity"
"WASP-93 b",9.4587443,51.2887780,17.90077300,2016,"Transit"
"HD 128311 c",219.0032292,9.7454368,13.00000000,2005,"Radial Velocity"
"alf Tau b",68.9801740,16.5092010,12.70000000,2015,"Radial Velocity"
"Kepler-450 d",295.4865821,51.0135237,0.83700000,2015,"Transit"
"OGLE-2005-BLG-169L b",271.5221670,-30.7326389,3.84000000,2006,"Microlensing"
"WASP-46 b",318.7370122,-55.8718634,13.15936600,2011,"Transit"
"HD 60532 b",113.5130656,-22.2958661,13.80000000,2008,"Radial Velocity"
"HD 60532 c",113.5130656,-22.2958661,13.30000000,2008,"Radial Velocity"
"OGLE-2013-BLG-0102L b",268.0295000,-31.6905833,12.30000000,2014,"Microlensing"
"Kepler-41 b",294.5132465,45.9816453,14.46000000,2011,"Transit"
"HIP 107773 b",327.5005089,-64.7126993,13.40000000,2015,"Radial Velocity"
"HATS-8 b",294.9416887,-25.7483655,9.78545700,2015,"Transit"
"LkCa 15 b",69.8241791,22.3508662,,2015,"Imaging"
"LkCa 15 c",69.8241791,22.3508662,,2015,"Imaging"
"Qatar-1 b",303.3818697,65.1623313,12.81188700,2010,"Transit"
"HAT-P-66 b",150.5726262,53.9508237,17.82231000,2016,"Transit"
"Kepler-75 b",291.1376203,36.5773443,11.77000000,2013,"Transit"
"Kepler-453 b",283.2413322,46.3784691,6.20400000,2015,"Transit"
"WASP-89 b",313.9000261,-18.9714084,11.65736000,2015,"Transit"
"KIC 3558849 b",294.9498381,38.6051867,6.90000000,2015,"Transit"
"KIC 8540376 c",282.3775397,44.6945690,2.40000000,2015,"Transit"
"OGLE-2007-BLG-349L AB c",271.3518070,-26.4219437,10.70000000,2016,"Microlensing"
"Kepler-56 d",293.7583002,41.8718070,12.80000000,2016,"Radial Velocity"
"Kepler-444 b",289.7528323,41.6318840,0.40300000,2015,"Transit"
"K2-6 b",178.1921152,-1.1984418,2.50000000,2015,"Transit"
"HD 42618 b",93.0032173,6.7819742,3.89000000,2016,"Radial Velocity"
"OGLE-2012-BLG-0950L b",272.0192570,-29.7315826,6.56000000,2016,"Microlensing"
"Kepler-444 e",289.7528323,41.6318840,0.54600000,2015,"Transit"
"K2-15 b",178.1105741,4.2546649,2.48000000,2015,"Transit"
"K2-14 b",178.0568745,2.5941222,4.81000000,2015,"Transit"
"K2-17 b",178.3296746,6.4123178,2.23000000,2015,"Transit"
"K2-9 b",176.2637240,0.0054085,2.25000000,2015,"Transit"
"WASP-36 b",131.5803897,-8.0269855,14.87434300,2011,"Transit"
"Kepler-26 b",284.9410627,46.5664505,2.78000000,2011,"Transit"
"HATS-13 b",316.9614798,-26.0967205,13.58530800,2015,"Transit"
"HATS-14 b",313.2154754,-25.6873756,11.64615100,2015,"Transit"
"WASP-90 b",315.5319489,7.0562793,18.27067000,2016,"Transit"
"HD 5583 b",14.4869460,34.9853306,12.80000000,2016,"Radial Velocity"
"Kepler-26 c",284.9410627,46.5664505,2.72000000,2011,"Transit"
"Kepler-447 b",285.2685283,48.5598835,18.49000000,2015,"Transit"
"OGLE-2011-BLG-0265L b",269.4488330,-27.3945278,13.90000000,2015,"Microlensing"
"HD 130322 b",221.8857975,-0.2820782,13.70000000,1999,"Radial Velocity"
"OGLE-2012-BLG-0563L b",271.4905000,-27.7120000,13.60000000,2015,"Microlensing"
"Kepler-296 d",286.5400278,49.4372614,2.09000000,2014,"Transit"
"Pr0211 c",130.5477440,19.2769570,12.60000000,2016,"Radial Velocity"
"BD+15 2375 b",176.4820239,14.6163182,13.80000000,2016,"Radial Velocity"
"Kepler-60 d",288.9612535,42.2650472,1.99000000,2012,"Transit"
"HD 1666 b",5.2180424,-19.9314823,12.70000000,2015,"Radial Velocity"
"HD 67087 b",121.9155672,31.5511553,13.10000000,2015,"Radial Velocity"
"Kepler-296 e",286.5400278,49.4372614,1.53000000,2014,"Transit"
"Kepler-872 b",295.4174725,43.6056117,1.99000000,2016,"Transit"
"Kepler-871 b",294.5270634,43.3681317,3.74000000,2016,"Transit"
"Kepler-603 c",294.2809679,42.2909295,6.50000000,2016,"Transit"
"Kepler-908 b",295.3225434,39.3764624,1.22000000,2016,"Transit"
"Kepler-499 b",295.1099549,43.9151012,2.17000000,2016,"Transit"
"Kepler-801 b",286.0751815,44.6646277,2.00000000,2016,"Transit"
"Kepler-799 b",287.1748966,44.8784754,6.88000000,2016,"Transit"
"Kepler-870 b",295.4025625,50.4785992,2.78000000,2016,"Transit"
"Kepler-869 b",289.4245955,50.9941198,3.61000000,2016,"Transit"
"Kepler-907 b",285.4764959,41.6326615,1.20000000,2016,"Transit"
"Kepler-912 b",298.1111779,41.7583240,2.80000000,2016,"Transit"
"Kepler-797 b",297.2089078,41.7816450,2.17000000,2016,"Transit"
"Kepler-867 b",287.2852554,51.2499499,4.64000000,2016,"Transit"
"Kepler-868 b",282.3635315,46.6752384,2.05000000,2016,"Transit"
"Kepler-866 b",290.1222112,43.0854070,1.63000000,2016,"Transit"
"Kepler-913 b",297.5830564,41.9523531,2.06000000,2016,"Transit"
"Kepler-910 b",296.0472937,42.7429414,0.82000000,2016,"Transit"
"Kepler-847 b",283.5048144,49.4509371,1.18000000,2016,"Transit"
"Kepler-846 b",287.0570731,49.0460112,2.48000000,2016,"Transit"
"Kepler-795 b",291.0189951,38.5455728,1.68000000,2016,"Transit"
"Kepler-794 b",288.1336793,38.9968923,2.11000000,2016,"Transit"
"Kepler-865 b",297.7242257,43.5272796,2.49000000,2016,"Transit"
"Kepler-909 b",289.5063796,45.3709728,1.47000000,2016,"Transit"
"Kepler-916 b",290.9833818,45.9733334,1.76000000,2016,"Transit"
"Kepler-845 b",290.9576363,49.2037262,2.04000000,2016,"Transit"
"Kepler-844 b",287.8578541,48.7739646,1.68000000,2016,"Transit"
"Kepler-792 b",292.0068239,38.8207001,1.96000000,2016,"Transit"
"Kepler-791 b",293.5958044,39.0294267,3.05000000,2016,"Transit"
"Kepler-862 b",297.7792466,46.4926688,2.21000000,2016,"Transit"
"Kepler-861 b",292.3539624,46.2262465,2.28000000,2016,"Transit"
"Kepler-930 b",298.3144494,42.2473698,2.13000000,2016,"Transit"
"Kepler-842 b",292.3285976,49.6535171,1.60000000,2016,"Transit"
"Kepler-841 b",284.2513637,48.8095962,5.23000000,2016,"Transit"
"Kepler-790 b",286.9171489,38.8722123,2.18000000,2016,"Transit"
"Kepler-788 b",290.0004154,38.5398551,2.55000000,2016,"Transit"
"Kepler-860 b",295.5772681,46.2547028,3.24000000,2016,"Transit"
"Kepler-924 b",290.6685136,40.3977086,3.07000000,2016,"Transit"
"Kepler-923 b",294.1710831,40.0551372,1.38000000,2016,"Transit"
"Kepler-838 b",285.4354695,45.9759590,2.73000000,2016,"Transit"
"Kepler-837 b",285.2467607,45.9501100,2.56000000,2016,"Transit"
"Kepler-787 b",291.6924773,38.5729105,1.28000000,2016,"Transit"
"Kepler-465 b",284.5557853,46.0638865,2.95000000,2016,"Transit"
"Kepler-856 b",289.6038379,46.3149097,9.30000000,2016,"Transit"
"Kepler-890 b",288.4357180,43.7634712,8.89000000,2016,"Transit"
"Kepler-927 b",289.3834807,41.3926651,1.72000000,2016,"Transit"
"Kepler-926 b",289.6793396,40.7004265,2.31000000,2016,"Transit"
"Kepler-892 b",283.1296399,43.8880983,2.81000000,2016,"Transit"
"Kepler-933 b",289.5685257,43.5385438,2.46000000,2016,"Transit"
"Kepler-826 b",284.8601128,39.2405076,1.25000000,2016,"Transit"
"Kepler-830 b",295.0542380,42.7568316,1.70000000,2016,"Transit"
"Kepler-829 b",282.3328312,42.4638125,2.11000000,2016,"Transit"
"Kepler-895 b",289.2906978,51.4089936,1.54000000,2016,"Transit"
"Kepler-743 b",295.5742300,42.8064255,1.21000000,2016,"Transit"
"Kepler-823 b",284.5825682,39.2201737,1.57000000,2016,"Transit"
"Kepler-487 c",295.2872318,41.2220033,2.68000000,2016,"Transit"
"Kepler-898 b",286.5854116,46.8708877,1.49000000,2016,"Transit"
"Kepler-899 b",297.4825612,40.6807412,2.68000000,2016,"Transit"
"Kepler-747 b",288.4165196,41.0298175,5.27000000,2016,"Transit"
"Kepler-821 b",285.6173937,39.3794684,1.31000000,2016,"Transit"
"Kepler-498 b",290.3581592,44.5187225,3.03000000,2016,"Transit"
"Kepler-887 b",290.0907893,39.8169085,1.84000000,2016,"Transit"
"Kepler-901 b",291.1528056,40.8876814,1.37000000,2016,"Transit"
"Kepler-900 b",296.1772720,46.9989635,2.08000000,2016,"Transit"
"Kepler-751 b",294.8438103,44.0776872,2.46000000,2016,"Transit"
"Kepler-755 b",296.8609348,41.0973178,1.76000000,2016,"Transit"
"Kepler-820 b",291.0201523,39.2206091,6.09000000,2016,"Transit"
"Kepler-817 b",296.0818498,39.1616140,9.03000000,2016,"Transit"
"Kepler-886 b",286.2717162,43.5952037,1.52000000,2016,"Transit"
"Kepler-885 b",288.6615682,49.7371538,2.50000000,2016,"Transit"
"Kepler-904 b",288.8229001,40.3890100,1.77000000,2016,"Transit"
"Kepler-905 b",290.0511468,46.7134077,1.41000000,2016,"Transit"
"Kepler-756 b",290.6079736,41.2010940,1.12000000,2016,"Transit"
"Kepler-757 b",296.6804876,41.3865279,1.36000000,2016,"Transit"
"Kepler-815 b",285.2211238,47.8813037,4.11000000,2016,"Transit"
"Kepler-852 b",297.3915863,48.5606875,2.54000000,2016,"Transit"
"Kepler-883 b",286.4337260,50.3002266,1.78000000,2016,"Transit"
"Kepler-509 b",289.6643940,48.7061650,2.49000000,2016,"Transit"
"Kepler-466 c",295.6486585,48.4955191,1.25000000,2016,"Transit"
"Kepler-502 b",291.0801330,43.8601911,4.77000000,2016,"Transit"
"Kepler-758 b",293.0846115,41.1354049,2.48000000,2016,"Transit"
"Kepler-813 b",285.6626752,48.4353251,2.14000000,2016,"Transit"
"Kepler-811 b",285.4241593,47.8345586,2.70000000,2016,"Transit"
"Kepler-882 b",294.6500256,43.3356106,1.23000000,2016,"Transit"
"Kepler-880 b",281.9712347,43.6727839,2.66000000,2016,"Transit"
"Kepler-474 b",292.3215174,43.8811723,3.06000000,2016,"Transit"
"Kepler-760 b",287.5931997,44.1794278,3.06000000,2016,"Transit"
"Kepler-810 b",296.6148615,48.0825642,1.93000000,2016,"Transit"
"Kepler-809 b",289.0836324,48.0180689,3.01000000,2016,"Transit"
"Kepler-877 b",289.8591023,46.5227429,2.12000000,2016,"Transit"
"Kepler-750 c",289.0968274,44.0043640,1.62000000,2016,"Transit"
"Kepler-255 d",296.0642702,45.9767647,1.32000000,2016,"Transit"
"Kepler-775 b",291.4332781,41.7033162,1.19000000,2016,"Transit"
"Kepler-500 b",295.9513472,43.8519884,2.58000000,2016,"Transit"
"Kepler-808 b",291.5941514,48.4454907,1.46000000,2016,"Transit"
"Kepler-875 b",297.3012497,43.1418313,2.90000000,2016,"Transit"
"Kepler-732 c",283.7317274,45.9585288,1.27000000,2016,"Transit"
"Kepler-777 b",282.7241098,44.3465098,1.47000000,2016,"Transit"
"Kepler-779 b",285.6285208,44.3107855,0.92000000,2016,"Transit"
"Kepler-804 b",293.3722109,44.7851812,1.94000000,2016,"Transit"
"Kepler-803 b",299.2216728,44.6939033,3.79000000,2016,"Transit"
"Kepler-1049 b",287.3469567,47.7729078,0.95000000,2016,"Transit"
"Kepler-969 b",288.3724989,47.9335642,2.07000000,2016,"Transit"
"Kepler-1137 b",287.1302407,48.6653470,2.20000000,2016,"Transit"
"Kepler-975 b",290.5485100,38.4952415,1.48000000,2016,"Transit"
"Kepler-995 b",284.6157154,39.1309980,2.70000000,2016,"Transit"
"Kepler-1054 b",290.6011085,44.5563604,2.63000000,2016,"Transit"
"Kepler-1033 b",283.8450963,44.6090251,2.51000000,2016,"Transit"
"Kepler-1040 b",283.1137663,48.1312774,2.08000000,2016,"Transit"
"Kepler-1138 b",285.8993164,48.3072850,1.70000000,2016,"Transit"
"Kepler-1139 b",287.9455985,39.2305281,1.19000000,2016,"Transit"
"Kepler-1060 b",286.0252285,39.6309204,2.38000000,2016,"Transit"
"Kepler-1003 b",292.0204349,44.8762427,1.78000000,2016,"Transit"
"Kepler-1055 b",290.4867838,44.9325410,1.23000000,2016,"Transit"
"Kepler-998 b",296.7541629,49.2087085,2.32000000,2016,"Transit"
"Kepler-1017 b",283.4692990,40.1325185,1.99000000,2016,"Transit"
"Kepler-974 b",285.0131082,40.2209547,1.57000000,2016,"Transit"
"Kepler-1045 b",284.1832668,45.0740897,2.69000000,2016,"Transit"
"Kepler-980 b",294.6129869,45.0601740,2.67000000,2016,"Transit"
"Kepler-991 b",297.0905543,49.6264867,2.54000000,2016,"Transit"
"Kepler-1072 b",292.0443891,46.3289723,1.58000000,2016,"Transit"
"Kepler-490 b",295.0256620,46.9559536,11.65000000,2016,"Transit"
"Kepler-1018 b",283.5967317,45.4078654,2.58000000,2016,"Transit"
"Kepler-1004 b",297.3593427,49.7975464,6.28000000,2016,"Transit"
"Kepler-997 b",289.2333767,49.9388952,1.36000000,2016,"Transit"
"Kepler-1151 b",292.2477819,47.8784257,2.22000000,2016,"Transit"
"Kepler-1064 b",291.7415821,37.6888103,1.55000000,2016,"Transit"
"Kepler-971 b",284.0945699,41.1828131,2.13000000,2016,"Transit"
"Kepler-1051 b",295.1581062,40.8988186,3.40000000,2016,"Transit"
"Kepler-1007 b",295.9065297,45.8090893,1.44000000,2016,"Transit"
"Kepler-968 b",285.6025889,50.1120401,2.00000000,2016,"Transit"
"Kepler-1145 b",295.3081524,43.0444026,1.40000000,2016,"Transit"
"Kepler-1147 b",292.5474753,41.6429221,2.61000000,2016,"Transit"
"Kepler-1029 b",292.1328738,41.5474786,1.26000000,2016,"Transit"
"Kepler-996 b",291.9127633,41.5335891,1.98000000,2016,"Transit"
"Kepler-966 b",297.2705760,50.1218365,4.13000000,2016,"Transit"
"Kepler-1047 b",288.6462564,50.7889645,2.09000000,2016,"Transit"
"Kepler-1149 b",294.1891824,45.1515263,1.44000000,2016,"Transit"
"Kepler-1148 b",290.9536059,45.7195545,1.69000000,2016,"Transit"
"Kepler-1057 b",297.4521311,41.5580816,3.36000000,2016,"Transit"
"Kepler-1059 b",289.2202147,41.7064385,1.73000000,2016,"Transit"
"Kepler-965 b",298.5153169,41.8912305,3.38000000,2016,"Transit"
"Kepler-999 b",299.6604865,46.1984679,2.34000000,2016,"Transit"
"Kepler-1112 b",296.9687937,47.7514799,3.02000000,2016,"Transit"
"Kepler-952 b",285.3718781,41.9938697,7.65000000,2016,"Transit"
"Kepler-479 b",291.0218899,37.7698734,2.12000000,2016,"Transit"
"Kepler-934 b",290.2884494,43.7552623,2.09000000,2016,"Transit"
"Kepler-977 b",291.5161959,42.2480736,2.62000000,2016,"Transit"
"Kepler-1021 b",295.2048999,42.5596699,2.33000000,2016,"Transit"
"Kepler-979 b",300.3712023,46.4081872,2.72000000,2016,"Transit"
"Kepler-982 b",288.4176803,46.5904531,2.25000000,2016,"Transit"
"Kepler-936 b",293.5777958,46.7362953,1.45000000,2016,"Transit"
"Kepler-938 b",294.7890593,46.9839352,2.22000000,2016,"Transit"
"Kepler-1006 b",295.7542063,42.5373065,1.54000000,2016,"Transit"
"Kepler-1009 b",282.8598614,42.6658336,2.17000000,2016,"Transit"
"Kepler-976 b",289.8696232,46.7296855,3.96000000,2016,"Transit"
"Kepler-1052 b",295.3427300,46.6022134,2.93000000,2016,"Transit"
"Kepler-1120 b",290.9144516,42.2865522,1.38000000,2016,"Transit"
"Kepler-1123 b",294.5177291,50.6703927,1.67000000,2016,"Transit"
"Kepler-940 b",294.2413053,47.2759642,3.34000000,2016,"Transit"
"Kepler-1035 b",289.0422430,42.8824991,1.17000000,2016,"Transit"
"Kepler-1027 b",287.5711746,42.8138159,0.89000000,2016,"Transit"
"Kepler-986 b",293.0940391,42.8964457,2.36000000,2016,"Transit"
"Kepler-1011 b",297.4015491,46.8239976,2.87000000,2016,"Transit"
"Kepler-1068 b",294.6481708,46.3923173,3.63000000,2016,"Transit"
"Kepler-917 b",299.0512562,47.9492677,1.91000000,2016,"Transit"
"Kepler-918 b",298.2007268,48.2677925,1.74000000,2016,"Transit"
"Kepler-978 b",286.7107166,43.0433585,2.99000000,2016,"Transit"
"Kepler-1002 b",293.0794629,43.0736770,1.71000000,2016,"Transit"
"Kepler-493 b",295.3075252,38.8815716,15.13000000,2016,"Transit"
"Kepler-1128 b",293.0633150,39.4034052,3.65000000,2016,"Transit"
"Kepler-920 b",284.2969363,49.1585983,2.42000000,2016,"Transit"
"Kepler-919 b",298.1147862,48.4943834,2.25000000,2016,"Transit"
"Kepler-921 b",284.6162253,49.1907438,2.87000000,2016,"Transit"
"Kepler-1015 b",292.7573088,43.4268439,3.55000000,2016,"Transit"
"Kepler-1005 b",286.2858998,43.3205085,1.50000000,2016,"Transit"
"Kepler-972 b",295.8286790,43.4254371,4.65000000,2016,"Transit"
"Kepler-1130 b",285.2074210,45.3843330,0.80000000,2016,"Transit"
"Kepler-1131 b",295.6514492,49.2612954,1.59000000,2016,"Transit"
"Kepler-1025 b",284.5102140,43.9615628,1.98000000,2016,"Transit"
"Kepler-497 b",290.7659557,38.9279468,6.04000000,2016,"Transit"
"Kepler-994 b",289.0720752,47.4069180,1.60000000,2016,"Transit"
"Kepler-1132 b",286.3675188,48.4238906,2.35000000,2016,"Transit"
"Kepler-1069 b",290.9792378,47.9889097,1.60000000,2016,"Transit"
"Kepler-1034 b",286.1154093,37.9669464,2.26000000,2016,"Transit"
"Kepler-944 b",293.6012911,42.3797910,2.63000000,2016,"Transit"
"Kepler-942 b",294.9550809,44.1499518,2.13000000,2016,"Transit"
"Kepler-946 b",300.9295551,44.0286710,1.93000000,2016,"Transit"
"Kepler-992 b",284.4304085,47.6416613,1.62000000,2016,"Transit"
"Kepler-1134 b",295.5678578,42.4781064,2.64000000,2016,"Transit"
"Kepler-1135 b",286.0029904,44.7565551,1.85000000,2016,"Transit"
"Kepler-951 b",287.7375794,38.1146488,5.59000000,2016,"Transit"
"Kepler-967 b",286.5580128,38.4052418,2.35000000,2016,"Transit"
"Kepler-1013 b",290.2481023,44.4352935,2.15000000,2016,"Transit"
"Kepler-1233 b",297.3750954,46.6622201,2.60000000,2016,"Transit"
"Kepler-1234 b",287.5220359,51.3759464,2.81000000,2016,"Transit"
"Kepler-523 b",284.0611224,45.5068127,1.96000000,2016,"Transit"
"Kepler-1180 b",295.8874773,43.1559952,1.99000000,2016,"Transit"
"Kepler-1181 b",289.7473165,39.5234131,1.57000000,2016,"Transit"
"Kepler-1189 b",298.4264116,47.9468194,1.77000000,2016,"Transit"
"Kepler-1236 b",295.6247375,42.5458739,2.14000000,2016,"Transit"
"Kepler-1235 b",284.9030677,43.9540616,0.79000000,2016,"Transit"
"Kepler-518 b",287.0900190,41.3737576,2.11000000,2016,"Transit"
"Kepler-1276 b",287.8570173,40.5471909,1.19000000,2016,"Transit"
"Kepler-1277 b",295.1025166,40.5723736,1.60000000,2016,"Transit"
"Kepler-1182 b",296.3079895,43.8213706,2.41000000,2016,"Transit"
"Kepler-549 b",283.0228527,47.2611431,2.57000000,2016,"Transit"
"Kepler-1237 b",295.6292745,44.6905815,2.86000000,2016,"Transit"
"Kepler-1279 b",288.0955917,40.3659090,1.75000000,2016,"Transit"
"Kepler-1280 b",293.5738933,45.3844919,1.87000000,2016,"Transit"
"Kepler-1076 b",287.5902594,51.0606047,0.80000000,2016,"Transit"
"Kepler-1077 b",291.0336333,42.2678448,2.77000000,2016,"Transit"
"Kepler-1193 b",288.1447323,51.2756446,1.32000000,2016,"Transit"
"Kepler-1194 b",291.6994841,38.1452065,1.51000000,2016,"Transit"
"Kepler-1238 b",297.9057655,40.1628378,1.93000000,2016,"Transit"
"Kepler-1282 b",290.1761688,46.6983036,1.55000000,2016,"Transit"
"Kepler-1078 b",293.2005664,43.0500379,1.90000000,2016,"Transit"
"Kepler-1079 b",299.5495794,45.7696769,1.63000000,2016,"Transit"
"Kepler-1242 b",284.6062174,41.1963440,2.26000000,2016,"Transit"
"Kepler-1243 b",294.0093970,42.8807779,1.75000000,2016,"Transit"
"Kepler-1081 b",289.4447520,41.3179652,1.01000000,2016,"Transit"
"Kepler-1199 b",293.7258092,47.2469219,1.15000000,2016,"Transit"
"Kepler-1202 b",292.2906060,44.6532281,2.94000000,2016,"Transit"
"Kepler-519 b",299.3196708,41.3847447,2.10000000,2016,"Transit"
"Kepler-1284 b",291.2789549,47.6875766,1.21000000,2016,"Transit"
"Kepler-1083 b",283.1618831,45.1983360,3.36000000,2016,"Transit"
"Kepler-1203 b",292.7734523,44.1780880,1.06000000,2016,"Transit"
"Kepler-1204 b",289.4415238,42.4981476,3.05000000,2016,"Transit"
"Kepler-1246 b",287.6572346,48.9822053,1.36000000,2016,"Transit"
"Kepler-1289 b",296.3887670,41.0405090,1.52000000,2016,"Transit"
"Kepler-1087 b",294.9789253,46.0056741,0.61000000,2016,"Transit"
"Kepler-1086 b",295.2511870,45.8429537,2.44000000,2016,"Transit"
"Kepler-1088 b",281.5614578,42.4504087,1.42000000,2016,"Transit"
"Kepler-1206 b",295.9383737,49.7911337,1.64000000,2016,"Transit"
"Kepler-1205 b",290.2796734,41.5150499,1.41000000,2016,"Transit"
"Kepler-1249 b",296.8948517,44.3717429,2.38000000,2016,"Transit"
"Kepler-1250 b",287.7938184,45.9802492,1.92000000,2016,"Transit"
"Kepler-1293 b",290.0258783,48.3359227,0.97000000,2016,"Transit"
"Kepler-513 b",285.0416235,50.0753913,2.20000000,2016,"Transit"
"Kepler-1092 b",297.7232008,47.1126833,2.07000000,2016,"Transit"
"Kepler-1209 b",287.5849352,49.1547328,1.51000000,2016,"Transit"
"Kepler-1252 b",298.9503634,46.6928437,1.67000000,2016,"Transit"
"Kepler-1253 b",283.8852196,47.6371507,1.33000000,2016,"Transit"
"Kepler-1156 b",288.9240901,46.0575865,1.32000000,2016,"Transit"
"Kepler-1155 b",288.8206058,39.5228712,2.03000000,2016,"Transit"
"Kepler-1093 b",284.9780251,41.4202077,1.95000000,2016,"Transit"
"Kepler-1094 b",292.3012109,38.2669983,3.18000000,2016,"Transit"
"Kepler-1213 b",289.4858423,50.9441967,1.19000000,2016,"Transit"
"Kepler-1255 b",295.2392569,42.7264842,2.32000000,2016,"Transit"
"Kepler-1256 b",291.4742443,44.6834119,1.49000000,2016,"Transit"
"Kepler-1160 b",287.8793899,43.3640752,2.14000000,2016,"Transit"
"Kepler-1158 b",292.2339048,41.5751832,2.34000000,2016,"Transit"
"Kepler-1097 b",281.5941261,42.5963949,3.26000000,2016,"Transit"
"Kepler-1095 b",293.2624215,41.3650155,1.21000000,2016,"Transit"
"Kepler-1217 b",289.1866841,50.9375614,1.99000000,2016,"Transit"
"Kepler-1216 b",287.4052661,45.9179790,1.39000000,2016,"Transit"
"Kepler-1257 b",296.0756231,45.6270165,1.52000000,2016,"Transit"
"Kepler-1260 b",295.5912652,42.5552261,1.77000000,2016,"Transit"
"Kepler-1163 b",290.2358630,50.0300654,1.03000000,2016,"Transit"
"Kepler-1100 b",291.8713535,44.0873907,1.75000000,2016,"Transit"
"Kepler-1098 b",295.5026730,43.2326992,1.30000000,2016,"Transit"
"Kepler-1261 b",285.2324786,48.8066963,2.26000000,2016,"Transit"
"Kepler-1166 b",290.3484956,50.9028387,1.69000000,2016,"Transit"
"Kepler-1167 b",298.3026595,47.6939654,1.71000000,2016,"Transit"
"Kepler-1103 b",287.3821348,49.4524247,2.27000000,2016,"Transit"
"Kepler-1221 b",285.8223636,45.7118423,1.88000000,2016,"Transit"
"Kepler-522 b",288.1539730,44.0688154,6.91000000,2016,"Transit"
"Kepler-1264 b",289.8844102,45.2115075,1.18000000,2016,"Transit"
"Kepler-1169 b",294.9115874,46.4914718,0.94000000,2016,"Transit"
"Kepler-1168 b",287.2977834,47.4554880,2.50000000,2016,"Transit"
"Kepler-1106 b",291.1451576,44.0624715,1.65000000,2016,"Transit"
"Kepler-1226 b",296.3768521,50.6214592,1.45000000,2016,"Transit"
"Kepler-1266 b",285.8693277,42.7279996,2.58000000,2016,"Transit"
"Kepler-1268 b",287.8384190,43.1531776,2.03000000,2016,"Transit"
"Kepler-1171 b",294.9589285,38.5915968,2.56000000,2016,"Transit"
"Kepler-1172 b",290.4744875,37.7665499,3.20000000,2016,"Transit"
"Kepler-1109 b",291.6462654,39.3966122,2.19000000,2016,"Transit"
"Kepler-1110 b",291.8080645,38.6226615,2.66000000,2016,"Transit"
"Kepler-1229 b",297.4868347,46.9966782,1.40000000,2016,"Transit"
"Kepler-436 c",301.7207775,44.4120856,2.33000000,2016,"Transit"
"Kepler-1270 b",286.7156676,48.6452552,3.32000000,2016,"Transit"
"Kepler-804 c",293.3722109,44.7851812,1.14000000,2016,"Transit"
"Kepler-1230 b",283.2645129,41.7114526,2.71000000,2016,"Transit"
"Kepler-1271 b",286.3442954,37.4119347,1.48000000,2016,"Transit"
"Kepler-1273 b",285.8032016,44.8733983,2.49000000,2016,"Transit"
"Kepler-1177 b",286.6714813,49.4062964,1.90000000,2016,"Transit"
"Kepler-1179 b",284.0974305,47.8104856,1.32000000,2016,"Transit"
"Kepler-1152 b",290.4341483,44.1077802,0.87000000,2016,"Transit"
"Kepler-1186 b",288.4796333,47.1017438,2.23000000,2016,"Transit"
"Kepler-535 b",296.5666587,49.6961742,2.36000000,2016,"Transit"
"Kepler-1411 b",286.3615236,42.9638889,2.82000000,2016,"Transit"
"Kepler-1413 b",294.3416065,46.4987624,1.82000000,2016,"Transit"
"Kepler-1317 b",291.6118842,42.1159787,1.56000000,2016,"Transit"
"Kepler-1318 b",290.3763246,41.1507928,3.11000000,2016,"Transit"
"Kepler-1362 b",288.5385574,40.8771276,2.60000000,2016,"Transit"
"Kepler-536 b",297.7363605,49.6371010,3.10000000,2016,"Transit"
"Kepler-1415 b",285.1568015,47.8732512,1.29000000,2016,"Transit"
"Kepler-1320 b",288.4335977,40.3808519,1.70000000,2016,"Transit"
"Kepler-1321 b",294.5285970,46.6408737,4.92000000,2016,"Transit"
"Kepler-1366 b",285.0648845,41.5548464,1.43000000,2016,"Transit"
"Kepler-903 c",288.7710137,40.6641771,2.53000000,2016,"Transit"
"Kepler-758 e",293.0846115,41.1354049,1.53000000,2016,"Transit"
"Kepler-1417 b",290.9498966,40.6051970,1.00000000,2016,"Transit"
"Kepler-1322 b",293.2045009,45.4353919,1.61000000,2016,"Transit"
"Kepler-525 b",296.1834239,47.3587776,2.63000000,2016,"Transit"
"Kepler-722 c",290.2632874,44.5564051,2.82000000,2016,"Transit"
"Kepler-1422 b",293.8902214,48.3360926,2.02000000,2016,"Transit"
"Kepler-1327 b",289.0648073,50.4609183,1.80000000,2016,"Transit"
"Kepler-1368 b",294.7669795,41.6446434,1.65000000,2016,"Transit"
"Kepler-769 c",292.7130925,38.3581685,1.79000000,2016,"Transit"
"Kepler-770 c",286.4904589,38.3748720,1.20000000,2016,"Transit"
"Kepler-1430 b",289.6975391,43.3719581,1.18000000,2016,"Transit"
"Kepler-1431 b",292.6583919,49.8651522,1.47000000,2016,"Transit"
"Kepler-1328 b",284.6753857,44.4177225,0.98000000,2016,"Transit"
"Kepler-1329 b",281.6476437,48.2709523,2.17000000,2016,"Transit"
"Kepler-527 b",290.9579130,47.4062673,2.84000000,2016,"Transit"
"Kepler-1371 b",288.8314251,47.5519753,0.73000000,2016,"Transit"
"Kepler-770 d",286.4904589,38.3748720,1.40000000,2016,"Transit"
"Kepler-896 b",282.4391402,43.7344291,2.53000000,2016,"Transit"
"Kepler-1427 b",295.3496546,45.1145372,1.10000000,2016,"Transit"
"Kepler-1332 b",291.0286411,43.9137055,1.37000000,2016,"Transit"
"Kepler-1330 b",290.5767116,39.9568913,1.65000000,2016,"Transit"
"Kepler-1373 b",285.7520229,39.2491731,1.16000000,2016,"Transit"
"Kepler-1374 b",291.3499783,45.1722521,2.29000000,2016,"Transit"
"Kepler-1311 c",289.6512597,43.8244445,1.22000000,2016,"Transit"
"Kepler-1428 b",297.6422563,49.5949580,1.64000000,2016,"Transit"
"Kepler-1429 b",285.3662532,49.0448172,1.29000000,2016,"Transit"
"Kepler-1335 b",284.8384394,42.0703371,1.45000000,2016,"Transit"
"Kepler-528 b",295.6848595,47.7480914,2.08000000,2016,"Transit"
"Kepler-1321 c",294.5285970,46.6408737,2.40000000,2016,"Transit"
"Kepler-1433 b",287.3634559,49.4568649,1.56000000,2016,"Transit"
"Kepler-1337 b",287.0091176,46.7961229,2.41000000,2016,"Transit"
"Kepler-1339 b",283.7457695,48.3734690,0.71000000,2016,"Transit"
"Kepler-1377 b",289.1954229,46.6516055,1.25000000,2016,"Transit"
"Kepler-1378 b",297.3734030,40.3663986,2.20000000,2016,"Transit"
"Kepler-1370 c",284.5656897,41.7784781,1.27000000,2016,"Transit"
"Kepler-1295 b",291.3978451,45.5885530,1.55000000,2016,"Transit"
"Kepler-1296 b",292.1251038,41.4077928,0.91000000,2016,"Transit"
"Kepler-1341 b",280.5116813,44.1593503,2.99000000,2016,"Transit"
"Kepler-529 b",285.8884067,47.8803640,1.86000000,2016,"Transit"
"Kepler-1380 b",288.1160421,42.4403832,1.43000000,2016,"Transit"
"Kepler-1391 b",294.8309749,46.6595768,1.68000000,2016,"Transit"
"Kepler-1392 b",288.7669819,46.3944497,1.96000000,2016,"Transit"
"Kepler-1297 b",289.9564415,47.0203466,0.97000000,2016,"Transit"
"Kepler-1343 b",294.2944830,50.7253850,1.93000000,2016,"Transit"
"Kepler-1344 b",287.0862799,46.9457998,1.84000000,2016,"Transit"
"Kepler-1383 b",297.9447714,42.1918449,1.41000000,2016,"Transit"
"Kepler-1381 b",287.5357911,48.7277830,2.25000000,2016,"Transit"
"Kepler-1393 b",284.4594558,40.1424756,0.80000000,2016,"Transit"
"Kepler-1300 b",289.0330532,40.0869182,1.37000000,2016,"Transit"
"Kepler-616 c",294.9891370,46.8383058,3.41000000,2016,"Transit"
"Kepler-1347 b",299.6595903,40.8438526,1.03000000,2016,"Transit"
"Kepler-1345 b",292.4779428,46.0228210,2.36000000,2016,"Transit"
"Kepler-1385 b",282.6313559,46.4810220,0.85000000,2016,"Transit"
"Kepler-1384 b",296.2151275,39.5270248,1.94000000,2016,"Transit"
"Kepler-1397 b",299.6758812,47.0758234,1.72000000,2016,"Transit"
"Kepler-1398 b",294.8661073,48.6389923,0.90000000,2016,"Transit"
"Kepler-1396 b",294.3363936,44.9182296,2.07000000,2016,"Transit"
"Kepler-1302 b",290.9892462,50.3080640,1.43000000,2016,"Transit"
"Kepler-1304 b",285.2763652,39.4468274,2.29000000,2016,"Transit"
"Kepler-1350 b",288.2506110,46.6794847,2.52000000,2016,"Transit"
"Kepler-1348 b",292.0874126,49.7887090,1.94000000,2016,"Transit"
"Kepler-1387 b",292.4403029,43.2093456,0.93000000,2016,"Transit"
"Kepler-1398 c",294.8661073,48.6389923,1.03000000,2016,"Transit"
"Kepler-1400 b",286.2716827,45.4408055,1.62000000,2016,"Transit"
"Kepler-1307 b",292.8698348,46.7418679,2.47000000,2016,"Transit"
"Kepler-1351 b",293.6084289,42.1978746,0.65000000,2016,"Transit"
"Kepler-521 b",298.8163801,43.9980203,3.18000000,2016,"Transit"
"Kepler-1390 b",298.6624419,48.2488659,1.18000000,2016,"Transit"
"Kepler-531 b",286.5246582,48.6835481,2.78000000,2016,"Transit"
"Kepler-1389 b",285.7174414,44.7583487,1.77000000,2016,"Transit"
"Kepler-1401 b",287.4660334,40.7584200,1.68000000,2016,"Transit"
"Kepler-1402 b",291.8478341,48.9681664,0.76000000,2016,"Transit"
"Kepler-1308 b",285.9287514,38.5207097,0.52000000,2016,"Transit"
"Kepler-1309 b",298.7351131,40.7641262,2.37000000,2016,"Transit"
"Kepler-1352 b",290.6937988,48.7014417,0.89000000,2016,"Transit"
"Kepler-1353 b",295.7353911,42.5762317,1.80000000,2016,"Transit"
"Kepler-532 b",298.6609094,48.6063022,2.57000000,2016,"Transit"
"Kepler-1403 b",290.8676391,38.9600779,2.14000000,2016,"Transit"
"Kepler-1405 b",295.6848822,39.2561274,3.96000000,2016,"Transit"
"Kepler-1310 b",283.9200236,40.7400419,1.44000000,2016,"Transit"
"Kepler-1312 b",292.9712801,41.0357494,2.10000000,2016,"Transit"
"Kepler-517 b",293.6755138,41.2952061,2.67000000,2016,"Transit"
"Kepler-1356 b",290.9953825,43.2438792,1.53000000,2016,"Transit"
"Kepler-1354 b",291.2451266,37.7590079,2.97000000,2016,"Transit"
"Kepler-1050 c",282.9249847,48.6264015,1.48000000,2016,"Transit"
"Kepler-1407 b",283.9424274,41.4715535,2.25000000,2016,"Transit"
"Kepler-1313 b",292.3885820,42.2332767,1.76000000,2016,"Transit"
"Kepler-1359 b",289.5388180,41.8928154,2.83000000,2016,"Transit"
"Kepler-1360 b",300.3440482,45.6231826,3.40000000,2016,"Transit"
"Kepler-1611 b",296.5120204,49.7277506,0.81000000,2016,"Transit"
"Kepler-1463 b",294.4872785,42.0069064,1.86000000,2016,"Transit"
"Kepler-1543 b",297.1242915,47.0369876,2.71000000,2016,"Transit"
"Kepler-1578 b",288.3021104,47.7756227,1.04000000,2016,"Transit"
"Kepler-626 b",288.6986828,39.7082044,2.29000000,2016,"Transit"
"Kepler-1465 b",289.8194222,51.9048541,1.77000000,2016,"Transit"
"Kepler-1466 b",289.8312418,44.6098415,1.55000000,2016,"Transit"
"Kepler-1546 b",297.5839183,41.5411993,3.13000000,2016,"Transit"
"Kepler-1548 b",287.4711817,46.0805706,2.64000000,2016,"Transit"
"Kepler-1613 b",289.8750066,43.4209318,2.08000000,2016,"Transit"
"Kepler-1468 c",293.5198289,41.2773671,1.15000000,2016,"Transit"
"Kepler-1582 b",289.3765441,41.1580845,1.49000000,2016,"Transit"
"Kepler-1469 b",293.8213286,39.3913385,2.80000000,2016,"Transit"
"Kepler-633 b",295.2173259,40.5921599,1.63000000,2016,"Transit"
"Kepler-1550 b",287.7646113,38.2947076,3.02000000,2016,"Transit"
"Kepler-1552 b",291.6768669,38.8749152,2.47000000,2016,"Transit"
"Kepler-1584 b",287.7626791,43.2743929,1.61000000,2016,"Transit"
"Kepler-556 b",290.5294799,38.9427306,2.24000000,2016,"Transit"
"Kepler-629 b",289.4179128,39.9450757,1.38000000,2016,"Transit"
"Kepler-630 b",293.4270647,39.9423967,3.18000000,2016,"Transit"
"Kepler-1470 b",288.6949475,39.8830802,1.07000000,2016,"Transit"
"Kepler-1475 b",295.9482766,44.7530960,2.92000000,2016,"Transit"
"Kepler-1476 b",284.5320743,43.9898971,1.67000000,2016,"Transit"
"Kepler-154 f",289.7805393,49.8965624,1.50000000,2016,"Transit"
"Kepler-1165 b",286.9712284,44.7082669,1.55000000,2016,"Transit"
"Kepler-1587 b",292.6777294,49.6638666,1.33000000,2016,"Transit"
"Kepler-579 b",295.0020771,39.9528613,2.00000000,2016,"Transit"
"Kepler-1619 b",285.7035950,44.4221528,0.76000000,2016,"Transit"
"Kepler-132 e",283.2358100,41.3430370,1.18000000,2016,"Transit"
"Kepler-1471 b",289.6649171,50.0200612,1.41000000,2016,"Transit"
"Kepler-1554 b",286.5760160,41.7415762,2.90000000,2016,"Transit"
"Kepler-541 b",294.1496529,38.4582070,3.36000000,2016,"Transit"
"Kepler-1589 b",294.4418236,40.5716114,1.09000000,2016,"Transit"
"Kepler-686 b",285.2138190,39.0274660,12.15000000,2016,"Transit"
"Kepler-1473 b",290.6365144,48.9961494,1.19000000,2016,"Transit"
"Kepler-1472 b",294.8526163,49.0574468,1.90000000,2016,"Transit"
"Kepler-1474 b",294.6940261,45.8668090,2.16000000,2016,"Transit"
"Kepler-1556 b",288.3969751,40.2131892,1.96000000,2016,"Transit"
"Kepler-542 b",292.2149697,38.5485469,1.57000000,2016,"Transit"
"Kepler-1592 b",293.8506230,38.3977379,1.54000000,2016,"Transit"
"Kepler-1623 b",294.0826970,39.5560655,1.31000000,2016,"Transit"
"Kepler-1622 b",297.3288329,47.8154590,1.47000000,2016,"Transit"
"Kepler-631 b",296.8857240,40.2281717,2.90000000,2016,"Transit"
"Kepler-1477 b",281.2985305,42.6856727,1.18000000,2016,"Transit"
"Kepler-1478 b",293.1650085,41.7461840,1.73000000,2016,"Transit"
"Kepler-1558 b",286.8194349,46.9117837,0.68000000,2016,"Transit"
"Kepler-1557 b",293.8813592,46.8388172,1.53000000,2016,"Transit"
"Kepler-544 b",294.0290734,39.0517893,2.12000000,2016,"Transit"
"Kepler-1442 b",291.2556226,48.8469171,3.93000000,2016,"Transit"
"Kepler-1435 b",291.1732806,44.9210836,0.86000000,2016,"Transit"
"Kepler-1559 b",292.2866565,42.0725948,0.72000000,2016,"Transit"
"Kepler-1596 b",285.5575066,49.3300866,1.90000000,2016,"Transit"
"Kepler-403 d",289.9214256,46.7445267,1.42000000,2016,"Transit"
"Kepler-1443 b",283.4357392,47.0667983,0.97000000,2016,"Transit"
"Kepler-1438 b",289.2898190,40.6816262,0.94000000,2016,"Transit"
"Kepler-1562 b",294.4556567,46.7435353,3.55000000,2016,"Transit"
"Kepler-1561 b",296.9235822,43.5664628,1.09000000,2016,"Transit"
"Kepler-1598 b",288.4691070,46.7836464,0.95000000,2016,"Transit"
"Kepler-1445 b",280.2495197,43.9150665,0.96000000,2016,"Transit"
"Kepler-511 b",282.9455384,47.5749181,6.35000000,2016,"Transit"
"Kepler-1564 b",290.5861316,46.6427486,1.47000000,2016,"Transit"
"Kepler-1563 b",288.5735936,51.4727698,0.75000000,2016,"Transit"
"Kepler-1565 b",297.9529793,40.8067876,1.19000000,2016,"Transit"
"Kepler-1602 b",293.5808607,40.4275396,1.34000000,2016,"Transit"
"Kepler-1448 b",287.8674123,50.5955846,1.61000000,2016,"Transit"
"Kepler-1449 b",288.2317293,50.5678345,1.68000000,2016,"Transit"
"Kepler-1566 b",283.5875459,40.5749018,0.79000000,2016,"Transit"
"Kepler-1567 b",286.6951530,40.2918894,2.73000000,2016,"Transit"
"Kepler-597 b",293.4700919,39.2528182,2.37000000,2016,"Transit"
"Kepler-1603 b",295.3298254,42.5349698,1.29000000,2016,"Transit"
"Kepler-1450 b",294.5536825,45.0813011,1.71000000,2016,"Transit"
"Kepler-1451 b",293.4464227,40.4098813,3.35000000,2016,"Transit"
"Kepler-603 d",294.2809679,42.2909295,1.32000000,2016,"Transit"
"Kepler-605 c",287.2954015,43.2798677,0.86000000,2016,"Transit"
"Kepler-1568 b",289.1826808,47.8733301,1.30000000,2016,"Transit"
"Kepler-1606 b",286.3782987,43.0732287,2.07000000,2016,"Transit"
"Kepler-1452 b",292.4227920,38.2662824,2.70000000,2016,"Transit"
"Kepler-1571 b",300.9354067,45.5964836,1.52000000,2016,"Transit"
"Kepler-1570 b",299.8617842,45.8274232,1.07000000,2016,"Transit"
"Kepler-1572 b",281.8973341,46.7227061,0.94000000,2016,"Transit"
"Kepler-1607 b",296.0598685,42.6560582,0.92000000,2016,"Transit"
"Kepler-1609 b",290.1465356,39.6658026,2.22000000,2016,"Transit"
"Kepler-1457 b",283.7705481,42.0272030,1.99000000,2016,"Transit"
"Kepler-1458 b",283.2115971,41.0380135,2.76000000,2016,"Transit"
"Kepler-217 d",293.0377331,46.2775223,1.32000000,2016,"Transit"
"Kepler-625 c",292.1504723,39.6375254,1.05000000,2016,"Transit"
"Kepler-653 c",282.2130447,46.7177898,0.78000000,2016,"Transit"
"Kepler-1575 b",293.7432102,45.7615507,1.31000000,2016,"Transit"
"Kepler-578 b",288.7549882,39.5636960,2.00000000,2016,"Transit"
"Kepler-1461 b",285.8305091,43.1983770,2.03000000,2016,"Transit"
"Kepler-1541 b",283.7870875,48.0296019,1.16000000,2016,"Transit"
"Kepler-1576 b",289.0739641,40.3660239,1.04000000,2016,"Transit"
"Kepler-603 b",294.2809679,42.2909295,2.65000000,2016,"Transit"
"Kepler-640 b",296.0322000,42.1317392,2.56000000,2016,"Transit"
"Kepler-722 b",290.2632874,44.5564051,2.63000000,2016,"Transit"
"Kepler-634 b",291.1950900,40.7027352,1.89000000,2016,"Transit"
"Kepler-701 b",288.9941800,41.6333125,2.84000000,2016,"Transit"
"Kepler-709 b",292.1052720,42.3803077,2.92000000,2016,"Transit"
"Kepler-1625 b",295.4293220,39.8865068,6.06000000,2016,"Transit"
"Kepler-1501 b",289.9185890,42.0014280,1.56000000,2016,"Transit"
"Kepler-1500 b",288.8834740,39.7446547,1.20000000,2016,"Transit"
"Kepler-1522 b",289.8432347,52.0702094,1.73000000,2016,"Transit"
"Kepler-702 b",293.8781041,41.6617245,9.17000000,2016,"Transit"
"Kepler-641 b",291.8235292,42.5161945,1.85000000,2016,"Transit"
"Kepler-1626 b",296.5004384,40.7212069,2.02000000,2016,"Transit"
"Kepler-609 b",292.2203009,44.6999902,3.35000000,2016,"Transit"
"Kepler-724 b",293.4548441,44.7927823,3.29000000,2016,"Transit"
"Kepler-1504 b",289.7119947,50.1282265,2.13000000,2016,"Transit"
"Kepler-1505 b",292.0020614,41.7869639,0.93000000,2016,"Transit"
"Kepler-1524 b",293.8853557,39.5198348,3.54000000,2016,"Transit"
"Kepler-495 b",285.9307362,39.0981201,5.23000000,2016,"Transit"
"Kepler-710 b",291.9641255,42.6961308,1.88000000,2016,"Transit"
"Kepler-540 b",290.6249953,44.8737757,2.71000000,2016,"Transit"
"Kepler-1644 b",285.4750512,48.0348356,1.88000000,2016,"Transit"
"Kepler-1507 b",288.5616269,46.5361247,0.84000000,2016,"Transit"
"Kepler-1506 b",290.1498822,41.4645625,1.32000000,2016,"Transit"
"Kepler-1086 c",295.2511870,45.8429537,2.94000000,2016,"Transit"
"Kepler-604 b",292.3159795,42.6262429,2.59000000,2016,"Transit"
"Kepler-1627 b",284.0566675,41.5767277,3.69000000,2016,"Transit"
"Kepler-1510 b",298.9591432,48.2578295,3.36000000,2016,"Transit"
"Kepler-1511 b",288.4211892,43.1797730,1.68000000,2016,"Transit"
"Kepler-1526 b",285.1197266,38.8664618,2.43000000,2016,"Transit"
"Kepler-643 b",290.3272423,42.8982283,10.16000000,2016,"Transit"
"Kepler-642 b",293.8345542,42.6249480,2.90000000,2016,"Transit"
"Kepler-711 b",297.4600468,42.8398172,3.41000000,2016,"Transit"
"Kepler-726 b",291.7172776,44.8873466,3.26000000,2016,"Transit"
"Kepler-401 d",290.0827494,50.8634361,2.27000000,2016,"Transit"
"Kepler-1512 b",289.2744976,44.4704056,1.18000000,2016,"Transit"
"Kepler-1528 b",287.4029864,46.5740084,1.46000000,2016,"Transit"
"Kepler-1529 b",289.8707469,41.0407482,2.10000000,2016,"Transit"
"Kepler-1388 d",283.3360156,47.1744499,2.86000000,2016,"Transit"
"Kepler-622 b",284.4784454,40.9331723,2.13000000,2016,"Transit"
"Kepler-1530 b",288.1624396,48.1651530,1.64000000,2016,"Transit"
"Kepler-1530 c",288.1624396,48.1651530,1.65000000,2016,"Transit"
"Kepler-1632 b",294.4948769,43.9135575,2.47000000,2016,"Transit"
"Kepler-1631 b",294.6325781,43.8076687,1.35000000,2016,"Transit"
"Kepler-1534 b",292.3953730,43.8691326,1.89000000,2016,"Transit"
"Kepler-1531 b",285.1466220,39.3708055,1.11000000,2016,"Transit"
"Kepler-1093 c",284.9780251,41.4202077,1.96000000,2016,"Transit"
"Kepler-714 b",282.6994685,43.2727437,9.67000000,2016,"Transit"
"Kepler-1633 b",288.5151733,44.9232545,1.58000000,2016,"Transit"
"Kepler-713 b",295.6513819,43.0297781,2.48000000,2016,"Transit"
"Kepler-1480 b",291.9998055,49.3018321,1.67000000,2016,"Transit"
"Kepler-1479 b",285.7119953,49.7067574,1.83000000,2016,"Transit"
"Kepler-1481 b",289.4390075,49.7312226,1.23000000,2016,"Transit"
"Kepler-990 c",297.9381813,46.8813194,1.53000000,2016,"Transit"
"Kepler-969 c",288.3724989,47.9335642,0.99000000,2016,"Transit"
"Kepler-489 b",290.8332412,38.1841851,7.72000000,2016,"Transit"
"Kepler-1532 b",296.9027840,41.1981424,1.35000000,2016,"Transit"
"Kepler-605 b",287.2954015,43.2798677,1.44000000,2016,"Transit"
"Kepler-1635 b",285.3490542,45.5561768,3.64000000,2016,"Transit"
"Kepler-1483 b",295.4097409,42.1507935,1.52000000,2016,"Transit"
"Kepler-545 b",290.5663221,40.6920756,2.69000000,2016,"Transit"
"Kepler-636 b",293.5920614,41.0950891,4.45000000,2016,"Transit"
"Kepler-1016 c",294.6136890,45.9846265,3.68000000,2016,"Transit"
"Kepler-1535 b",286.6136850,38.8919507,2.55000000,2016,"Transit"
"Kepler-600 b",283.8330588,41.9786358,2.90000000,2016,"Transit"
"Kepler-717 b",292.9655071,43.3463450,2.42000000,2016,"Transit"
"Kepler-1485 b",298.0954404,44.7370612,1.47000000,2016,"Transit"
"Kepler-1484 b",292.6842738,38.1262604,2.11000000,2016,"Transit"
"Kepler-1486 b",290.5903907,45.4396955,2.32000000,2016,"Transit"
"Kepler-342 e",292.6780488,46.7266813,0.88000000,2016,"Transit"
"Kepler-582 b",297.5037180,41.0570326,3.68000000,2016,"Transit"
"Kepler-1129 c",291.6044965,41.3093275,2.73000000,2016,"Transit"
"Kepler-1538 b",283.3456110,45.2743573,2.82000000,2016,"Transit"
"Kepler-644 b",295.4757022,43.4931119,3.15000000,2016,"Transit"
"Kepler-1487 b",295.4980737,38.6444499,2.13000000,2016,"Transit"
"Kepler-581 b",295.4326552,40.6481874,2.63000000,2016,"Transit"
"Kepler-1516 b",291.4945795,44.5234227,1.75000000,2016,"Transit"
"Kepler-1047 c",288.6462564,50.7889645,0.99000000,2016,"Transit"
"Kepler-1409 b",290.0847389,51.2086144,1.04000000,2016,"Transit"
"Kepler-585 b",286.5284924,43.8733751,2.83000000,2016,"Transit"
"Kepler-1488 b",286.6464265,49.9377735,1.86000000,2016,"Transit"
"Kepler-697 b",283.8643937,41.3463859,4.13000000,2016,"Transit"
"Kepler-1425 b",294.9510368,43.0124348,0.94000000,2016,"Transit"
"Kepler-1350 c",288.2506110,46.6794847,1.73000000,2016,"Transit"
"Kepler-719 b",295.5360628,43.8844116,8.52000000,2016,"Transit"
"Kepler-1491 b",293.6297645,45.7406293,1.51000000,2016,"Transit"
"Kepler-1492 b",288.5970695,41.0363254,1.49000000,2016,"Transit"
"Kepler-698 b",288.5099994,41.3017465,3.68000000,2016,"Transit"
"Kepler-1454 b",284.2233265,48.8317229,1.88000000,2016,"Transit"
"Kepler-460 c",288.4749028,40.6512848,5.52000000,2016,"Transit"
"Kepler-720 b",298.6356478,44.1709388,8.41000000,2016,"Transit"
"Kepler-547 b",286.1185888,44.3452063,4.00000000,2016,"Transit"
"Kepler-1494 b",282.6573891,43.1625334,3.07000000,2016,"Transit"
"Kepler-1520 b",290.9662102,51.5047656,5.77000000,2016,"Transit"
"Kepler-1065 c",294.5113190,38.7904648,1.60000000,2016,"Transit"
"Kepler-707 b",290.0075640,42.1164698,1.33000000,2016,"Transit"
"Kepler-602 b",296.0318985,42.1418634,2.09000000,2016,"Transit"
"Kepler-606 b",292.4273700,44.3812406,3.31000000,2016,"Transit"
"Kepler-721 b",284.4305132,44.4803776,2.64000000,2016,"Transit"
"Kepler-937 c",294.1688142,46.7146161,2.67000000,2016,"Transit"
"Kepler-638 b",284.9194213,41.6172093,1.83000000,2016,"Transit"
"Kepler-1073 c",294.1527259,38.2330886,1.64000000,2016,"Transit"
"MOA-2010-BLG-353L b",271.3039170,-27.2932333,11.10000000,2015,"Microlensing"
"HATS-30 b",5.6185250,-59.9425892,13.17057500,2016,"Transit"
"K2-84 c",55.8093566,16.6344396,2.03000000,2016,"Transit"
"K2-88 b",54.7514566,19.1199667,1.23000000,2016,"Transit"
"Kepler-615 b",282.4506927,46.3213671,1.74000000,2016,"Transit"
"Kepler-506 b",284.6351885,40.7198296,2.73000000,2016,"Transit"
"Kepler-668 b",285.4992845,49.2772713,2.70000000,2016,"Transit"
"Kepler-669 b",291.9361615,49.2539473,4.83000000,2016,"Transit"
"HATS-15 b",311.0920041,-19.4375266,12.38594500,2016,"Transit"
"HATS-16 b",358.5588439,-30.0130385,14.57170000,2016,"Transit"
"K2-89 b",57.0671234,20.4594885,0.61500000,2016,"Transit"
"K2-91 b",63.2182348,24.2047218,1.10000000,2016,"Transit"
"Kepler-737 b",291.8629793,46.4291614,1.96000000,2016,"Transit"
"Kepler-670 b",297.0154644,49.2252988,13.18000000,2016,"Transit"
"Kepler-671 b",294.2657519,49.3140933,2.69000000,2016,"Transit"
"K2-5 c",169.3034598,-1.8778254,2.26000000,2015,"Transit"
"K2-5 b",169.3034598,-1.8778254,1.91000000,2015,"Transit"
"Kepler-223 c",298.3183909,47.2794824,3.44000000,2014,"Transit"
"WASP-98 b",58.4290113,-34.3282716,12.82309600,2014,"Transit"
"Kepler-223 b",298.3183909,47.2794824,2.99000000,2014,"Transit"
"Kepler-672 b",291.7219993,49.4808492,2.50000000,2016,"Transit"
"Kepler-571 b",286.5510448,49.4187310,2.64000000,2016,"Transit"
"K2-16 b",175.0972238,4.5574311,2.02000000,2015,"Transit"
"K2-16 c",175.0972238,4.5574311,2.54000000,2015,"Transit"
"K2-8 c",169.7935178,-0.2844389,2.41000000,2016,"Transit"
"Kepler-223 d",298.3183909,47.2794824,5.24000000,2014,"Transit"
"Kepler-653 b",282.2130447,46.7177898,1.95000000,2016,"Transit"
"Kepler-742 b",283.8659676,46.7896522,3.24000000,2016,"Transit"
"Kepler-673 b",290.7857595,50.0540561,6.54000000,2016,"Transit"
"Kepler-154 d",289.7805393,49.8965624,3.84000000,2016,"Transit"
"HD 87646 b",151.6695435,17.8949795,12.40000000,2016,"Radial Velocity"
"Kepler-80 e",296.1125759,39.9787451,1.60000000,2014,"Transit"
"Kepler-654 b",297.0683931,46.8342497,2.07000000,2016,"Transit"
"Kepler-148 d",289.7861626,46.8588176,8.68000000,2016,"Transit"
"Kepler-676 b",296.2220259,50.2873626,3.04000000,2016,"Transit"
"OGLE-2012-BLG-0026L b",263.5779170,-27.1427500,7.72000000,2012,"Microlensing"
"WASP-85 A b",175.9080328,6.5637842,13.89916000,2016,"Transit"
"Kepler-80 f",296.1125759,39.9787451,1.21000000,2016,"Transit"
"Kepler-656 b",288.3278778,47.3815380,3.12000000,2016,"Transit"
"Kepler-655 b",297.2590664,46.8431650,2.71000000,2016,"Transit"
"Kepler-678 b",295.4552577,50.4945093,5.14000000,2016,"Transit"
"Kepler-572 b",291.2211720,50.5813487,2.58000000,2016,"Transit"
"WASP-114 b",327.6656953,10.4629385,15.00885100,2016,"Transit"
"WASP-113 b",224.8728589,46.9600996,15.79348100,2016,"Transit"
"HD 59686 A b",112.9518629,17.0857195,12.70000000,2016,"Radial Velocity"
"Kepler-679 b",296.0213374,50.5678019,3.01000000,2016,"Transit"
"Kepler-680 b",291.6223810,50.6181793,2.42000000,2016,"Transit"
"K2-47 b",168.5825696,2.7805614,1.89000000,2016,"Transit"
"K2-48 b",176.1233077,3.2723812,2.24000000,2016,"Transit"
"Kepler-617 b",283.7407247,47.5161237,1.32000000,2016,"Transit"
"Kepler-588 b",284.2572531,47.6889081,2.63000000,2016,"Transit"
"Kepler-573 b",289.5211955,51.2374057,2.79000000,2016,"Transit"
"Kepler-681 b",289.3997364,51.2502428,3.08000000,2016,"Transit"
"K2-49 b",177.3202331,3.4755183,1.93000000,2016,"Transit"
"K2-58 b",333.8218395,-14.0498570,2.68000000,2016,"Transit"
"Kepler-1600 b",291.3993802,38.7877563,3.13000000,2016,"Transit"
"Kepler-727 b",294.8469333,45.0344155,2.53000000,2016,"Transit"
"Kepler-589 b",280.6414331,47.7520581,2.27000000,2016,"Transit"
"Kepler-660 b",288.1382985,47.7245642,2.57000000,2016,"Transit"
"K2-58 c",333.8218395,-14.0498570,1.62000000,2016,"Transit"
"K2-58 d",333.8218395,-14.0498570,1.71000000,2016,"Transit"
"Kepler-560 b",300.2066441,45.0182402,1.72000000,2016,"Transit"
"Kepler-550 b",297.7001786,47.8637046,4.42000000,2016,"Transit"
"Kepler-496 b",291.6408978,41.2411044,2.32000000,2016,"Transit"
"KELT-10 b",284.5483823,-47.0033072,15.68139100,2016,"Transit"
"Kepler-712 c",294.9096739,42.9351987,4.85000000,2016,"Transit"
"K2-59 c",338.9425500,-14.0277270,2.30000000,2016,"Transit"
"K2-59 b",338.9425500,-14.0277270,2.41000000,2016,"Transit"
"Kepler-650 b",289.0009451,45.1542968,2.96000000,2016,"Transit"
"Kepler-728 b",291.0923621,45.1155087,3.34000000,2016,"Transit"
"Kepler-663 b",297.8082232,47.9466342,2.60000000,2016,"Transit"
"Kepler-1629 b",280.2066276,43.7743281,0.77000000,2016,"Transit"
"K2-64 b",332.4138478,-11.4286687,2.07000000,2016,"Transit"
"K2-63 b",333.4267738,-12.0663429,3.22000000,2016,"Transit"
"Kepler-729 b",286.3600604,45.4142664,3.58000000,2016,"Transit"
"Kepler-487 b",295.2872318,41.2220033,11.42000000,2016,"Transit"
"Kepler-618 b",286.2498525,48.0609256,2.60000000,2016,"Transit"
"WASP-129 b",176.2990518,-42.0639575,10.42437000,2016,"Transit"
"WASP-133 b",314.5754375,-35.7966224,13.56289000,2016,"Transit"
"K2-69 b",335.7596816,-10.4886817,2.32000000,2016,"Transit"
"K2-68 b",334.0195539,-10.5673649,1.58000000,2016,"Transit"
"Kepler-590 b",296.3855467,48.2334177,4.02000000,2016,"Transit"
"Kepler-664 b",288.7549029,48.2262030,2.66000000,2016,"Transit"
"MOA-2013-BLG-605L b",272.0192570,-29.7315826,1.62000000,2016,"Microlensing"
"K2-75 b",338.8448960,-7.4698950,2.67000000,2016,"Transit"
"K2-71 b",341.7248656,-9.8816109,2.15000000,2016,"Transit"
"Kepler-591 b",286.0240520,48.4317290,3.39000000,2016,"Transit"
"HATS-25 b",207.9076746,-23.7812403,14.12334000,2016,"Transit"
"HATS-26 b",144.9268593,-28.5856004,19.61575000,2016,"Transit"
"K2-80 b",59.0374860,13.5590288,2.01000000,2016,"Transit"
"K2-75 c",338.8448960,-7.4698950,2.77000000,2016,"Transit"
"Kepler-736 b",285.3913092,46.1809293,2.93000000,2016,"Transit"
"Kepler-735 b",284.6888328,46.1721391,2.95000000,2016,"Transit"
"Kepler-569 b",283.5072190,48.5526330,3.16000000,2016,"Transit"
"Kepler-592 b",285.7907395,48.6832431,2.39000000,2016,"Transit"
"HATS-27 b",193.5524603,-46.5877159,16.81350000,2016,"Transit"
"K2-83 c",59.9013782,15.5587994,1.48300000,2016,"Transit"
"K2-84 b",55.8093566,16.6344396,2.41000000,2016,"Transit"
"Kepler-562 b",290.1196007,46.2737393,5.21000000,2016,"Transit"
"Kepler-651 b",287.3327284,46.2034366,2.37000000,2016,"Transit"
"Kepler-593 b",294.9513923,48.6511709,2.87000000,2016,"Transit"
"Kepler-570 b",290.4376111,48.7918597,2.45000000,2016,"Transit"
"MOA-2016-BLG-227L b",271.4737550,-27.7142868,13.20000000,2017,"Microlensing"
"Kepler-1650 b",297.7292296,42.8666919,0.96000000,2017,"Transit"
"K2-178 b",52.8888524,22.4348186,3.55790985,2018,"Transit"
"K2-72 c",334.6227504,-9.6120084,1.16000000,2016,"Transit"
"WASP-53 b",31.9091639,-20.6618430,12.03846600,2017,"Transit"
"K2-60 b",338.6062312,-13.7318044,7.65574700,2016,"Transit"
"Kepler-1651 b",283.6282602,48.3908081,1.84000000,2017,"Transit"
"BD+03 2562 b",177.5647268,2.7601075,12.70000000,2017,"Radial Velocity"
"K2-72 e",334.6227504,-9.6120084,1.29000000,2016,"Transit"
"K2-72 d",334.6227504,-9.6120084,1.01000000,2016,"Transit"
"K2-81 b",57.4854562,14.5020556,1.97000000,2016,"Transit"
"WASP-81 b",304.2079924,3.2939492,16.01766100,2017,"Transit"
"HD 177565 b",286.7175787,-37.8122394,4.00000000,2017,"Radial Velocity"
"MOA-2012-BLG-505L b",268.1430970,-32.0400925,2.48000000,2017,"Microlensing"
"K2-201 c",293.5607117,-23.1312775,3.28568401,2018,"Transit"
"K2-201 b",293.5607117,-23.1312775,1.40006712,2018,"Transit"
"GJ 1148 b",175.4326081,42.7515862,11.90000000,2010,"Radial Velocity"
"HD 17674 b",42.7684964,30.2865981,13.90000000,2017,"Radial Velocity"
"HATS-22 b",174.0098693,-29.5433642,10.68217700,2017,"Transit"
"TYC 4282-00605-1 b",343.8721029,62.2391907,12.40000000,2017,"Radial Velocity"
"K2-206 b",11.2564264,0.5931866,2.79522879,2018,"Transit"
"K2-207 b",11.6996481,0.6406182,2.60585269,2018,"Transit"
"K2-132 b",182.1662666,-8.7472172,14.57170000,2017,"Transit"
"WASP-153 b",279.2624729,40.0186905,17.37395000,2017,"Transit"
"HATS-23 b",286.3667500,-50.0673496,20.84874000,2017,"Transit"
"HD 219134 b",348.3372026,57.1696255,1.60200000,2015,"Radial Velocity"
"HD 40956 b",91.6628015,63.4538750,13.20000000,2017,"Radial Velocity"
"Ross 128 b",176.9376036,0.7992898,1.11000000,2017,"Radial Velocity"
"K2-219 b",12.8452963,8.8675474,1.34762583,2018,"Transit"
"OGLE-2013-BLG-1721L b",268.1265560,-30.2926941,14.10000000,2017,"Microlensing"
"HD 34445 c",79.4207483,7.3527156,8.42000000,2017,"Radial Velocity"
"HD 219134 d",348.3372026,57.1696255,1.61000000,2015,"Radial Velocity"
"HD 219134 f",348.3372026,57.1696255,1.31000000,2015,"Radial Velocity"
"OGLE-2016-BLG-1190L b",269.7179260,-27.6135559,12.30000000,2017,"Microlensing"
"HD 113996 b",196.7948740,27.6244384,12.70000000,2017,"Radial Velocity"
"K2-213 b",13.1403998,3.5077702,1.51398464,2018,"Transit"
"K2-215 b",18.4700795,6.1238647,2.12381238,2018,"Transit"
"HD 34445 d",79.4207483,7.3527156,6.07000000,2017,"Radial Velocity"
"HD 34445 g",79.4207483,7.3527156,13.60000000,2017,"Radial Velocity"
"Kepler-20 g",287.6979913,42.3385782,4.71000000,2016,"Radial Velocity"
"NGC 2682 Sand 978 b",132.8228085,11.7562959,13.30000000,2017,"Radial Velocity"
"Kepler-80 g",296.1125759,39.9787451,1.13000000,2017,"Transit"
"K2-217 b",11.2983678,6.4815879,3.57854073,2018,"Transit"
"K2-218 b",12.8096130,6.8464327,2.56948149,2018,"Transit"
"GJ 3293 c",67.1484425,-25.1713396,4.87000000,2015,"Radial Velocity"
"GJ 3293 b",67.1484425,-25.1713396,5.19000000,2015,"Radial Velocity"
"Wolf 1061 b",247.5748276,-12.6676866,1.21000000,2015,"Radial Velocity"
"K2-80 d",59.0374860,13.5590288,2.55211506,2018,"Transit"
"Kepler-1652 b",294.3660313,49.9150219,1.60000000,2017,"Transit"
"Wolf 1061 c",247.5748276,-12.6676866,1.66000000,2015,"Radial Velocity"
"PSR J2322-2650 b",350.6443481,-26.8495331,13.90000000,2017,"Pulsar Timing"
"HATS-50 b",300.4280761,-26.0775640,12.66617000,2017,"Transit"
"tau Cet f",26.0093029,-15.9337987,1.81000000,2017,"Radial Velocity"
"WASP-91 b",357.8464340,-70.1528621,11.54527000,2017,"Transit"
"HD 9174 b",22.5043352,-19.6052945,13.70000000,2016,"Radial Velocity"
"HD 68402 b",121.3474609,-74.4100732,12.60000000,2016,"Radial Velocity"
"GJ 3138 b",32.2977385,-16.3392495,1.18000000,2017,"Radial Velocity"
"MOA-2012-BLG-006L b",270.4429630,-29.1087780,12.60000000,2017,"Microlensing"
"WASP-105 b",24.1678686,-50.6593080,10.76064000,2017,"Transit"
"HD 147873 c",246.4380471,-33.5672217,13.30000000,2016,"Radial Velocity"
"HD 128356 b",219.2702793,-25.8031728,13.90000000,2016,"Radial Velocity"
"GJ 3138 d",32.2977385,-16.3392495,3.23000000,2017,"Radial Velocity"
"TYC 3318-01333-1 b",45.5825716,49.7441421,13.10000000,2018,"Radial Velocity"
"GJ 625 b",246.3557854,54.3033625,1.49000000,2017,"Radial Velocity"
"GJ 3323 c",75.4868824,-6.9485133,1.32000000,2017,"Radial Velocity"
"BD+48 740 b",40.7425426,48.9300579,13.50000000,2018,"Radial Velocity"
"K2-21 b",340.3037846,-14.4893256,1.84000000,2015,"Transit"
"K2-4 b",174.7455392,-3.9055746,2.10000000,2015,"Transit"
"K2-21 c",340.3037846,-14.4893256,2.49000000,2015,"Transit"
"WASP-141 b",71.8244347,-17.1151736,13.56289000,2016,"Transit"
"K2-31 b",245.4405531,-23.5482730,11.88154000,2016,"Transit"
"GJ 3293 e",67.1484425,-25.1713396,1.63000000,2017,"Radial Velocity"
"GJ 3293 d",67.1484425,-25.1713396,2.67000000,2017,"Radial Velocity"
"K2-149 b",9.8217519,7.2769939,1.64000000,2018,"Transit"
"KELT-21 b",304.8000322,32.5810446,17.77747400,2018,"Transit"
"K2-125 b",204.1418754,-14.9478195,2.18000000,2017,"Transit"
"V830 Tau b",68.2918259,24.5619241,14.00000000,2016,"Radial Velocity"
"HATS-31 b",191.7028214,-24.4273897,18.38276000,2016,"Transit"
"Kepler-150 f",288.2341025,40.5208970,3.64000000,2017,"Transit"
"Qatar-3 b",359.1519716,36.2129562,12.28506400,2017,"Transit"
"K2-160 b",184.0545174,-3.5530888,3.17824034,2018,"Transit"
"K2-128 b",204.4376666,-8.5970858,1.42000000,2017,"Transit"
"HATS-34 b",0.7744866,-62.4693167,16.02887000,2016,"Transit"
"KELT-18 b",216.5238248,59.4442735,17.59813000,2017,"Transit"
"K2-163 b",182.3292517,-0.5393421,2.46610713,2018,"Transit"
"K2-165 b",184.9004881,0.9683270,1.27443657,2018,"Transit"
"K2-35 c",170.1031027,1.2858679,1.93000000,2016,"Transit"
"HATS-35 b",296.6884420,-63.5656488,16.40997600,2016,"Transit"
"OGLE-2016-BLG-1195L b",268.8479310,-30.2072506,1.11000000,2017,"Microlensing"
"K2-175 b",52.5035514,17.5841081,2.03803688,2018,"Transit"
"K2-165 c",184.9004881,0.9683270,1.55409035,2018,"Transit"
"K2-116 b",336.1523363,-11.5793181,0.69000000,2017,"Transit"
"K2-102 b",130.0558953,19.7787519,1.30000000,2016,"Transit"
"XO-6 b",94.7929552,73.8275672,23.20263000,2016,"Transit"
"HD 6434 b",16.1663441,-39.4904909,14.20000000,2003,"Radial Velocity"
"HD 68988 b",124.5935429,61.4608518,13.40000000,2001,"Radial Velocity"
"HD 220074 b",350.0599827,61.9701062,12.20000000,2012,"Radial Velocity"
"WASP-58 b",274.7012534,45.1722194,16.02887000,2012,"Transit"
"K2-231 b",289.0918242,-15.7712178,2.50000000,2018,"Transit"
"HATS-39 b",112.4192251,-29.9379163,17.59813000,2018,"Transit"
"HD 137388 b",233.9150820,-80.2044169,9.32000000,2011,"Radial Velocity"
"HD 13931 b",34.1979991,43.7722065,13.20000000,2009,"Radial Velocity"
"HD 7199 b",17.6979344,-66.1886947,,2011,"Radial Velocity"
"HD 75289 b",131.9181715,-41.7377748,14.20000000,1999,"Radial Velocity"
"WASP-72 b",41.0400779,-30.1690785,14.45961000,2012,"Transit"
"HATS-40 b",100.5712467,-29.7767800,17.71022000,2018,"Transit"
"HATS-41 b",103.5173558,-27.0504156,14.90797000,2018,"Transit"
"HD 142022 A b",242.5481731,-84.2317494,12.90000000,2005,"Radial Velocity"
"HD 145377 b",242.9019658,-27.0781199,12.80000000,2008,"Radial Velocity"
"HD 76700 b",133.4782248,-66.8004747,9.60000000,2002,"Radial Velocity"
"HD 82886 b",143.9383526,34.7805902,13.30000000,2011,"Radial Velocity"
"HD 24040 b",57.5962104,17.4752873,12.90000000,2006,"Radial Velocity"
"HD 222155 b",354.5025617,48.9960191,13.40000000,2011,"Radial Velocity"
"HD 158996 b",259.9051092,80.1364033,12.30000000,2018,"Radial Velocity"
"KPS-1 b",165.1671980,64.9638452,11.54527000,2018,"Transit"
"HD 154672 b",257.5206970,-56.4498041,12.80000000,2008,"Radial Velocity"
"KELT-6 b",195.9818362,30.6401450,14.57170000,2014,"Transit"
"HAT-P-49 b",305.4413294,26.6926759,17.82231000,2014,"Transit"
"K2-155 c",65.4696140,21.3532633,2.60000000,2018,"Transit"
"HD 158038 b",261.4395312,27.3030721,13.50000000,2011,"Radial Velocity"
"HR 810 b",40.6417178,-50.7993484,12.70000000,1999,"Radial Velocity"
"BD-13 2130 b",114.2884692,-13.9066703,12.50000000,2007,"Radial Velocity"
"HD 285507 b",61.7556630,15.3349441,13.80000000,2013,"Radial Velocity"
"WASP-117 b",36.7758112,-50.2844247,11.88154000,2014,"Transit"
"K2-155 d",65.4696140,21.3532633,1.90000000,2018,"Transit"
"HD 16175 b",39.2577379,42.0624526,12.80000000,2009,"Radial Velocity"
"HD 16141 b",38.8323674,-3.5624887,10.90000000,2000,"Radial Velocity"
"WASP-11 b",47.3689472,30.6733817,12.44199000,2008,"Transit"
"WASP-13 b",140.1029654,33.8823291,13.67498000,2009,"Transit"
"WASP-95 b",337.4578243,-48.0030988,13.78707000,2014,"Transit"
"WASP-97 b",24.6051389,-55.7720006,12.77826000,2014,"Transit"
"11 UMi b",229.2745954,71.8239428,12.30000000,2009,"Radial Velocity"
"BD-08 2823 b",150.1971964,-9.5165689,,2009,"Radial Velocity"
"HD 1690 b",5.3055886,-8.2811442,12.50000000,2010,"Radial Velocity"
"WASP-14 b",218.2766247,21.8946875,15.46842000,2008,"Transit"
"WASP-101 b",98.3511016,-23.4860860,16.02887000,2014,"Transit"
"BD-10 3166 b",164.6191243,-10.7704227,14.10000000,2000,"Radial Velocity"
"GJ 86 b",32.6224785,-50.8209945,12.90000000,1999,"Radial Velocity"
"WASP-22 b",52.8180374,-23.8197924,13.78707000,2010,"Transit"
"HD 95127 b",164.8961152,43.8144094,12.40000000,2015,"Radial Velocity"
"WASP-82 b",72.6605916,1.8938365,18.15858000,2015,"Transit"
"HD 204941 b",323.0966714,-20.9579570,10.10000000,2011,"Radial Velocity"
"WASP-29 b",357.8791976,-39.9071215,8.63093000,2010,"Transit"
"WASP-26 b",4.6030424,-15.2674044,13.56289000,2010,"Transit"
"K2-164 b",171.9336590,-0.0628488,3.24925008,2018,"Transit"
"K2-169 b",337.0442461,-14.5993376,1.27328671,2018,"Transit"
"HAT-P-22 b",155.6814593,50.1287115,12.89035000,2010,"Transit"
"HAT-P-24 b",108.8251171,14.2626064,14.57170000,2010,"Transit"
"HD 212301 b",336.8803957,-77.7183219,14.20000000,2005,"Radial Velocity"
"WASP-38 b",243.9597194,10.0324103,13.78707000,2010,"Transit"
"K2-170 b",335.4506923,-14.5933554,1.41817537,2018,"Transit"
"K2-171 b",332.3407712,-13.4288624,2.68657205,2018,"Transit"
"HAT-P-29 b",33.1310921,51.7787754,13.11453000,2011,"Transit"
"HD 213240 b",337.7506266,-49.4341037,12.80000000,2001,"Radial Velocity"
"HD 215497 b",341.6527140,-56.5997984,,2009,"Radial Velocity"
"WASP-41 b",190.6188034,-30.6398176,12.32990000,2011,"Transit"
"WASP-48 b",291.1623865,55.4730273,16.81350000,2011,"Transit"
"K2-172 b",335.3081368,-12.5569819,1.66608079,2018,"Transit"
"K2-172 c",335.3081368,-12.5569819,3.20569097,2018,"Transit"
"K2-190 b",205.3630485,-13.1608686,1.35673729,2018,"Transit"
"HAT-P-5 b",274.4055335,36.6214617,13.56289000,2007,"Transit"
"HAT-P-6 b",354.7740917,42.4659866,16.58932000,2007,"Transit"
"HD 218566 b",347.2974170,-2.2611645,9.32000000,2010,"Radial Velocity"
"HD 240237 b",348.9259334,58.0432233,12.20000000,2011,"Radial Velocity"
"XO-1 b",240.5492745,28.1696248,12.77826000,2006,"Transit"
"XO-4 b",110.3880285,58.2681094,14.01125000,2010,"Transit"
"K2-191 b",201.6391407,-12.8066737,1.57889322,2018,"Transit"
"K2-200 b",202.2512060,-4.6100532,1.36439870,2018,"Transit"
"HD 101930 b",175.8756080,-58.0053798,10.60000000,2005,"Radial Velocity"
"HD 2638 b",7.4990038,-5.7649600,14.30000000,2005,"Radial Velocity"
"HD 30562 b",72.1529519,-5.6751152,13.60000000,2009,"Radial Velocity"
"KELT-2 A b",92.6640226,30.9571333,15.13215000,2012,"Transit"
"Pr0201 b",130.4324005,20.2268164,14.20000000,2012,"Radial Velocity"
"K2-173 b",60.3752402,15.6251296,1.60826194,2018,"Transit"
"HD 102195 b",176.4254063,2.8209912,14.20000000,2006,"Radial Velocity"
"HD 102117 b",176.2097267,-58.7040134,8.47000000,2005,"Radial Velocity"
"HD 330075 b",237.4054997,-49.9639199,14.30000000,2004,"Radial Velocity"
"HD 34445 b",79.4207483,7.3527156,13.90000000,2009,"Radial Velocity"
"HD 77338 b",135.3022475,-25.5282343,4.12000000,2012,"Radial Velocity"
"HAT-P-40 b",335.5129199,45.4573423,17.03768000,2012,"Transit"
"HD 215152 c",340.8380941,-6.4020685,,2018,"Radial Velocity"
"HD 215152 d",340.8380941,-6.4020685,,2018,"Radial Velocity"
"HD 103197 b",178.2201971,-50.2927911,5.83000000,2011,"Radial Velocity"
"HD 108874 b",187.6126029,22.8794399,13.60000000,2002,"Radial Velocity"
"HD 40979 b",91.1253346,44.2597855,12.90000000,2002,"Radial Velocity"
"HD 4203 b",11.1722288,20.4483925,13.30000000,2001,"Radial Velocity"
"WASP-49 b",91.0897193,-16.9653901,12.44199000,2012,"Transit"
"UKIRT-2017-BLG-001L b",266.6540830,-29.2113609,13.70000000,2018,"Microlensing"
"HD 121504 b",209.3199062,-56.0404085,13.60000000,2003,"Radial Velocity"
"HD 47186 b",99.0367212,-27.6234285,5.02000000,2008,"Radial Velocity"
"WASP-66 b",158.2250301,-34.9899074,15.69260000,2012,"Transit"
"WASP-67 b",295.7438485,-19.9497314,12.89035000,2012,"Transit"
"K2-197 b",202.3934779,-7.3739779,2.56000000,2018,"Transit"
"HD 185269 b",294.2987668,28.4995140,13.80000000,2006,"Radial Velocity"
"HD 181342 b",290.2674078,-23.6196996,13.20000000,2009,"Radial Velocity"
"K2-240 b",227.8493710,-17.8754464,2.00000000,2018,"Transit"
"CoRoT-20 c",97.7204249,0.2268931,12.20000000,2018,"Radial Velocity"
"HD 89345 b",154.6710977,10.1288464,7.39794000,2018,"Transit"
"WASP-158 b",4.1463468,-10.9764226,11.99363000,2018,"Transit"
"HD 200964 b",316.6664183,3.8033357,13.50000000,2010,"Radial Velocity"
"K2-238 b",347.7043164,-7.8575592,14.57170000,2018,"Transit"
"WASP-162 b",168.2929079,-17.6577794,11.20900000,2018,"Transit"
"WASP-168 b",96.7446427,-46.8213635,16.81350000,2018,"Transit"
"HD 28678 b",67.8560643,4.5752495,13.50000000,2011,"Radial Velocity"
"HD 30856 b",72.5745099,-24.3689282,13.50000000,2011,"Radial Velocity"
"OGLE-2014-BLG-1722L c",268.7523800,-31.4690552,11.00000000,2018,"Microlensing"
"K2-244 b",183.4686492,-3.8318097,1.75000000,2018,"Transit"
"K2-266 b",157.9356855,0.9372782,3.30000000,2018,"Transit"
"K2-266 c",157.9356855,0.9372782,0.70500000,2018,"Transit"
"WASP-173 A b",354.1686959,-34.6113042,13.45080000,2018,"Transit"
"OGLE-2011-BLG-0173L b",269.3157350,-28.2338619,9.01000000,2018,"Microlensing"
"HD 5319 b",13.7558096,0.7893425,13.50000000,2007,"Radial Velocity"
"K2-159 b",180.5408896,-3.5809053,2.26000000,2018,"Transit"
"K2-266 e",157.9356855,0.9372782,2.73000000,2018,"Transit"
"K2-266 d",157.9356855,0.9372782,2.93000000,2018,"Transit"
"WASP-147 b",359.1915117,-22.1532316,12.49803500,2018,"Transit"
"WASP-160 B b",87.6795610,-27.6233218,12.21781000,2018,"Transit"
"HD 95089 c",164.6987480,1.7290087,13.10000000,2016,"Radial Velocity"
"K2-166 b",185.1880932,2.2823788,2.19000000,2018,"Transit"
"HATS-36 b",291.4787013,-23.2028183,12.92000000,2018,"Transit"
"WASP-165 b",357.5806472,-17.0775947,14.12334000,2018,"Transit"
"HD 96063 b",166.1853484,-2.5132966,13.70000000,2011,"Radial Velocity"
"K2-228 b",187.2947047,-6.8342028,1.21000000,2018,"Transit"
"K2-283 b",13.1943679,9.6929181,3.52000000,2018,"Transit"
"K2-151 b",19.3047733,9.5012663,1.49000000,2018,"Transit"
"K2-281 b",16.2274724,7.2692169,8.18000000,2018,"Transit"
"K2-216 b",11.4802354,6.3470302,1.75000000,2018,"Transit"
"HD 5319 c",13.7558096,0.7893425,13.80000000,2014,"Radial Velocity"
"K2-230 b",191.3631170,-6.5760510,1.96000000,2018,"Transit"
"K2-188 b",129.8137008,23.3574367,1.35000000,2018,"Transit"
"GJ 96 b",35.5624031,47.8802075,4.67000000,2018,"Radial Velocity"
"KMT-2016-BLG-1820L b",268.7647400,-29.5169201,12.90000000,2018,"Microlensing"
"HD 94834 b",164.3126363,24.1429374,13.70000000,2018,"Radial Velocity"
"K2-153 b",183.8088709,2.0208765,2.00000000,2018,"Transit"
"HATS-11 b",289.4007603,-22.3900092,18.03000000,2016,"Transit"
"KMT-2016-BLG-2142L b",268.1120000,-29.3845615,12.20000000,2018,"Microlensing"
"MOA-2015-BLG-337L b",271.9487000,-28.1702785,6.42000000,2018,"Microlensing"
"K2-241 b",181.2386829,-6.8052985,2.55000000,2018,"Transit"
"K2-117 c",133.8557342,10.4692176,2.06000000,2017,"Transit"
"K2-284 b",79.1407971,20.2549034,2.78000000,2018,"Transit"
"MOA-2016-BLG-319L b",268.7422180,-29.7504635,14.10000000,2018,"Microlensing"
"HD 12648 b",34.7480718,85.7365329,13.40000000,2015,"Radial Velocity"
"K2-243 b",181.1211419,-4.8991358,2.17000000,2018,"Transit"
"K2-117 b",133.8557342,10.4692176,2.03000000,2017,"Transit"
"K2-312 c",140.3390845,14.3678691,12.80000000,2023,"Radial Velocity"
"K2-245 b",185.1815630,-1.5909138,4.34000000,2018,"Transit"
"K2-270 c",131.2665588,13.5497322,2.95000000,2018,"Transit"
"HATS-59 b",170.3243250,-22.3881770,12.62133400,2018,"Transit"
"KELT-15 b",117.4149764,-52.1204471,19.50366000,2016,"Transit"
"K2-247 b",188.8935189,-10.0692793,2.12000000,2018,"Transit"
"EPIC 211945201 b",136.5741931,19.4020565,5.76000000,2018,"Transit"
"CoRoT-21 b",101.0526207,-0.2991544,14.57170000,2012,"Transit"
"70 Vir b",202.1064898,13.7763085,12.60000000,1996,"Radial Velocity"
"K2-39 b",338.3682095,-9.0229405,6.27704000,2016,"Transit"
"K2-248 b",182.8173343,-9.4141696,2.57000000,2018,"Transit"
"K2-276 b",125.9528309,22.6339399,3.77000000,2018,"Transit"
"HD 102956 b",177.8436988,57.6406584,13.80000000,2010,"Radial Velocity"
"HD 108863 b",187.5826081,21.9480993,13.30000000,2011,"Radial Velocity"
"HATS-46 b",6.7026401,-56.3161021,10.12172700,2018,"Transit"
"HATS-7 b",208.8567465,-21.2078587,6.31066700,2015,"Transit"
"K2-252 b",182.3663818,-8.3096141,1.74000000,2018,"Transit"
"K2-188 c",129.8137008,23.3574367,2.83000000,2018,"Transit"
"HD 131496 b",223.3461495,18.2352618,13.40000000,2011,"Radial Velocity"
"HD 1502 b",4.8214389,14.0546830,13.20000000,2011,"Radial Velocity"
"NGTS-3 A b",94.4447595,-35.7063640,16.58932000,2018,"Transit"
"K2-254 b",185.5507926,-4.7172908,1.63000000,2018,"Transit"
"K2-192 b",206.5823122,-11.5563527,1.52000000,2018,"Transit"
"K2-239 c",160.5941265,4.4413751,1.00000000,2018,"Transit"
"K2-258 b",187.6314027,-1.1609171,3.00000000,2018,"Transit"
"HD 70642 b",125.3661079,-39.7044432,13.00000000,2003,"Radial Velocity"
"HATS-69 b",289.2974275,-60.8917599,10.59250500,2018,"Transit"
"HD 202696 b",319.2250346,27.2582799,,2019,"Radial Velocity"
"HD 202696 c",319.2250346,27.2582799,,2019,"Radial Velocity"
"KMT-2017-BLG-1038L b",266.1709170,-25.1430306,13.40000000,2019,"Microlensing"
"HD 117618 b",203.1066418,-47.2719049,8.59000000,2004,"Radial Velocity"
"NGTS-4 b",89.5988945,-30.8117992,3.18000000,2019,"Transit"
"K2-295 b",19.6101417,6.8167277,10.05447300,2018,"Transit"
"HIP 79098 AB b",242.1821202,-23.6855244,12.10000000,2019,"Imaging"
"Kepler-411 e",287.6057027,49.5233937,3.28000000,2018,"Transit Timing Variations"
"Kepler-730 b",285.5547895,45.5788420,12.32990000,2016,"Transit"
"K2-133 c",70.1493775,25.0098135,1.60300000,2017,"Transit"
"K2-133 d",70.1493775,25.0098135,2.00300000,2017,"Transit"
"HAT-P-25 b",48.4354731,25.1973548,12.72221500,2012,"Transit"
"HD 89744 b",155.5433193,41.2289354,12.60000000,1999,"Radial Velocity"
"HD 65216 c",118.4209646,-63.6466892,13.40000000,2013,"Radial Velocity"
"K2-133 e",70.1493775,25.0098135,1.73000000,2019,"Transit"
"EPIC 201497682 b",168.9366786,0.4880606,0.69200000,2019,"Transit"
"OGLE-2015-BLG-1670L b",268.1587917,-28.5519167,4.42000000,2019,"Microlensing"
"K2-290 c",234.8578846,-20.1988975,11.27625400,2019,"Transit"
"HAT-P-34 b",303.1954355,18.1047776,13.41717300,2011,"Transit"
"EPIC 201754305 d",175.0972238,4.5574311,1.03000000,2019,"Transit"
"EPIC 201833600 c",169.4836540,5.9882890,1.00000000,2019,"Transit"
"HAT-P-36 b",188.2662048,44.9153672,14.31389300,2011,"Transit"
"K2-52 b",246.6114157,-24.9699462,18.00000000,2016,"Transit"
"K2-53 b",244.1419684,-20.4005984,2.60000000,2016,"Transit"
"K2-293 b",351.6064952,-6.0279068,2.45000000,2019,"Transit"
"TOI-172 b",316.6318791,-26.6928654,10.81668500,2019,"Transit"
"EPIC 206024342 b",331.2771441,-14.1218019,1.70000000,2019,"Transit"
"EPIC 206032309 b",341.2404563,-13.9011223,1.01000000,2019,"Transit"
"HAT-P-9 b",110.1685157,37.1405946,15.61413700,2008,"Transit"
"HATS-24 b",268.8907069,-61.7474000,15.63655500,2017,"Transit"
"K2-90 b",59.1527391,22.4724517,2.60000000,2016,"Transit"
"K2-294 b",352.0516724,-7.6037856,1.66000000,2019,"Transit"
"GJ 685 b",263.8960378,61.6793482,2.95000000,2019,"Radial Velocity"
"EPIC 206317286 b",337.6178427,-7.9724560,0.96000000,2019,"Transit"
"K2-308 b",78.3391194,16.4141986,9.91600000,2019,"Transit"
"Kepler-9 c",285.5739904,38.4008192,8.08000000,2010,"Transit"
"K2-124 b",133.6410515,23.1329509,2.90000000,2017,"Transit"
"HD 92788 b",160.7021351,-2.1847173,13.00000000,2000,"Radial Velocity"
"Kepler-25 c",286.6383905,39.4879038,5.21700000,2011,"Transit"
"WASP-33 b",36.7127375,37.5504441,17.85593700,2010,"Transit"
"HD 134060 c",227.6847587,-61.4223747,5.91000000,2019,"Radial Velocity"
"WASP-177 b",334.7969885,-1.8344301,17.71022000,2019,"Transit"
"WASP-181 b",26.7932253,3.1329325,13.27145600,2019,"Transit"
"Kepler-25 b",286.6383905,39.4879038,2.74800000,2011,"Transit"
"WASP-161 b",126.3378248,-11.5009889,12.81188700,2018,"Transit"
"WASP-163 b",256.5375549,-10.4130071,13.47321800,2018,"Transit"
"HD 20781 b",50.0139757,-28.7841175,1.21000000,2019,"Radial Velocity"
"HD 20003 b",46.9090081,-72.3219221,3.43000000,2019,"Radial Velocity"
"Kepler-47 c",295.2978883,46.9204303,4.65000000,2012,"Transit"
"Gl 49 b",15.6687321,62.3454386,2.24000000,2019,"Radial Velocity"
"HD 21693 b",51.8040469,-58.3232726,2.80000000,2019,"Radial Velocity"
"HD 20781 c",50.0139757,-28.7841175,2.17000000,2019,"Radial Velocity"
"Kepler-47 d",295.2978883,46.9204303,7.04000000,2019,"Transit"
"LSPM J2116+0234 b",319.1147513,2.5807711,3.71000000,2019,"Radial Velocity"
"K2-285 e",349.3843458,1.3001522,1.95000000,2018,"Transit"
"K2-285 d",349.3843458,1.3001522,2.48000000,2018,"Transit"
"HD 31527 b",73.9096193,-23.2413163,3.22000000,2019,"Radial Velocity"
"HD 31527 d",73.9096193,-23.2413163,3.46000000,2019,"Radial Velocity"
"HD 21749 c",51.7501882,-63.5001660,0.89200000,2019,"Transit"
"HD 114729 b",198.1833997,-31.8746756,13.90000000,2002,"Radial Velocity"
"K2-286 b",233.3698192,-16.7737113,2.10000000,2018,"Transit"
"Qatar-9 b",160.7480950,60.9641194,11.30988100,2019,"Transit"
"NGTS-5 b",221.0582692,5.6053735,12.73342400,2019,"Transit"
"HD 126525 b",216.8852514,-51.9329118,10.30000000,2018,"Radial Velocity"
"HD 117207 b",202.3368806,-35.5713041,13.40000000,2004,"Radial Velocity"
"HD 143361 b",240.4588405,-44.4350575,12.90000000,2008,"Radial Velocity"
"K2-288 B b",55.4442857,18.2684913,1.90000000,2018,"Transit"
"HATS-60 b",341.3640336,-14.9917747,12.92397700,2018,"Transit"
"HD 20781 e",50.0139757,-28.7841175,3.83000000,2019,"Radial Velocity"
"HD 45184 c",96.1820205,-28.7806402,2.91000000,2019,"Radial Velocity"
"HD 152079 b",253.3732313,-46.3333582,13.20000000,2009,"Radial Velocity"
"HATS-62 b",312.4493079,-24.3035060,11.82549500,2018,"Transit"
"HATS-63 b",67.4185820,-28.1972149,13.52926300,2018,"Transit"
"HATS-70 b",109.1045212,-31.2443947,15.51325600,2019,"Transit"
"K2-264 b",131.3583524,19.6984010,2.23100000,2018,"Transit"
"KMT-2016-BLG-1107L b",266.4177500,-26.0318000,13.10000000,2019,"Microlensing"
"HD 103949 b",179.5479558,-23.9241221,3.35000000,2019,"Radial Velocity"
"HIP 35173 b",109.0449329,-3.6661273,3.61000000,2019,"Radial Velocity"
"HD 23127 b",54.8491271,-60.0772290,13.50000000,2006,"Radial Velocity"
"HD 25171 b",58.9574779,-65.1863239,13.90000000,2010,"Radial Velocity"
"HATS-65 b",292.9397825,-26.7402021,16.82470900,2018,"Transit"
"HATS-66 b",101.3948048,-33.8816918,15.81589900,2018,"Transit"
"HD 1397 b",4.4471631,-66.3589285,11.50043400,2018,"Transit"
"HD 64114 b",117.9825560,-11.0337221,4.41000000,2019,"Radial Velocity"
"HD 206255 b",325.5917768,-50.0935884,6.47000000,2019,"Radial Velocity"
"HD 38801 b",86.9963141,-8.3280256,12.50000000,2009,"Radial Velocity"
"HATS-67 b",180.2087883,-46.1364201,18.88716500,2018,"Transit"
"HATS-68 b",15.0060770,-58.9047242,13.80948800,2018,"Transit"
"Gl 378 b",150.5865513,48.0824515,3.66000000,2019,"Radial Velocity"
"WASP-190 b",7.7095292,-40.5734613,12.89035000,2019,"Transit"
"Kepler-1610 c",295.9049795,45.4054296,2.09000000,2023,"Transit"
"XO-7 b",277.4780753,85.2333208,15.38995700,2019,"Transit"
"WASP-126 c",63.3747060,-69.2265926,9.38000000,2019,"Transit Timing Variations"
"HATS-55 b",114.2833819,-32.7554188,14.02245900,2019,"Transit"
"Kepler-1996 c",285.2537555,46.5822183,2.81000000,2023,"Transit"
"Kepler-1988 b",298.6738034,43.7955099,1.53000000,2023,"Transit"
"TOI-813 b",72.6940102,-60.9054608,6.71000000,2020,"Transit"
"GJ 433 b",173.8619194,-32.5436302,2.33000000,2013,"Radial Velocity"
"HATS-58 A b",186.7873036,-48.9784105,12.27385500,2019,"Transit"
"HR 5183 b",206.7357992,6.3498994,13.10000000,2019,"Radial Velocity"
"Kepler-1991 b",285.0360506,45.0709909,1.47000000,2023,"Transit"
"Kepler-1471 c",289.6649171,50.0200612,1.88000000,2023,"Transit"
"GJ 180 b",73.4600970,-17.7761940,2.43000000,2014,"Radial Velocity"
"WASP-169 b",127.3872297,-12.9447683,14.61653600,2019,"Transit"
"Kepler-1998 b",283.4291536,47.5923973,0.60000000,2023,"Transit"
"Kepler-164 e",287.7808115,47.6298453,4.24000000,2023,"Transit"
"Kepler-1994 b",297.1487941,46.2969247,0.51000000,2023,"Transit"
"Kepler-1984 b",291.2850446,40.7300225,6.81000000,2023,"Transit"
"GJ 433 d",173.8619194,-32.5436302,2.14000000,2020,"Radial Velocity"
"GJ 3082 b",18.6432425,-53.9407751,2.79000000,2020,"Radial Velocity"
"WASP-175 b",166.3187996,-34.1227453,13.54047200,2019,"Transit"
"Kepler-619 d",290.8490899,48.4159782,4.17000000,2023,"Transit"
"Kepler-1126 c",285.6919550,45.6893993,1.45000000,2023,"Transit"
"EPIC 249893012 b",228.2482353,-16.7246474,1.95000000,2020,"Transit"
"Kepler-1661 b",285.1670927,41.9669383,3.87000000,2020,"Transit"
"OGLE-2016-BLG-1067L b",273.2045000,-27.0126389,14.30000000,2019,"Microlensing"
"Kepler-1987 c",295.8254663,42.9433716,1.33000000,2023,"Transit"
"Kepler-1985 b",293.5663715,42.1325825,2.27000000,2023,"Transit"
"Kepler-1987 b",295.8254663,42.9433716,1.23000000,2023,"Transit"
"Kepler-1801 c",295.1640095,39.2014024,2.91000000,2023,"Transit"
"EPIC 249893012 c",228.2482353,-16.7246474,3.67000000,2020,"Transit"
"EPIC 249893012 d",228.2482353,-16.7246474,3.94000000,2020,"Transit"
"WASP-180 A b",123.3922465,-1.9827874,13.89916000,2019,"Transit"
"WASP-2 b",307.7255587,6.4293305,12.11692900,2007,"Transit"
"Kepler-949 c",298.6079128,46.4536600,2.97000000,2023,"Transit"
"Kepler-311 d",282.0612731,47.0854984,2.05000000,2023,"Transit"
"WASP-44 b",3.9032733,-11.9382645,12.32990000,2011,"Transit"
"WASP-45 b",5.2377567,-35.9984650,10.60371400,2011,"Transit"
"Kepler-416 d",291.5569554,39.2272923,1.61000000,2023,"Transit"
"Kepler-1834 c",294.6646789,39.7838461,1.22000000,2023,"Transit"
"HATS-47 b",287.4844021,-49.6649424,12.52045300,2020,"Transit"
"GJ 15 A c",4.6126677,44.0247296,6.67000000,2018,"Radial Velocity"
"Kepler-763 c",292.1445534,47.1573604,1.42000000,2023,"Transit"
"Kepler-347 d",289.1995995,49.3056404,3.04000000,2023,"Transit"
"EPIC 248847494 b",159.3890808,11.8427484,12.44199000,2018,"Transit"
"WASP-184 b",209.5170100,-30.3481530,14.90797000,2019,"Transit"
"WASP-185 b",214.0595791,-19.5423062,14.01125000,2019,"Transit"
"Kepler-290 d",286.4100307,42.6815137,0.86000000,2023,"Transit"
"Kepler-549 d",283.0228527,47.2611431,4.20000000,2023,"Transit"
"KMT-2017-BLG-0165L b",269.6496667,-28.1336694,6.45000000,2018,"Microlensing"
"Kepler-865 c",297.7242257,43.5272796,0.89000000,2023,"Transit"
"TOI-150.01",112.9654210,-73.6060358,14.06729500,2019,"Transit"
"GJ 682 c",264.2610245,-44.3232519,2.89000000,2014,"Radial Velocity"
"OGLE-2015-BLG-1649L b",271.2050417,-32.6330278,13.20000000,2019,"Microlensing"
"Kepler-2000 c",285.5743032,49.9621218,1.57000000,2023,"Transit"
"Kepler-448 c",297.4537402,41.0110188,12.00000000,2017,"Transit Timing Variations"
"MOA-bin-29 b",269.3759583,-29.7365639,14.10000000,2019,"Microlensing"
"Kepler-82 c",292.8733696,42.9661583,5.34000000,2012,"Transit"
"Kepler-82 b",292.8733696,42.9661583,4.07000000,2012,"Transit"
"HD 97048 b",167.0133422,-77.6548530,13.30000000,2019,"Disk Kinematics"
"7 CMa b",99.1712760,-19.2561808,13.40000000,2011,"Radial Velocity"
"Kepler-1983 b",297.0420150,39.9121864,2.33000000,2023,"Transit"
"NGTS-8 b",328.9759206,-14.0684399,12.21781000,2019,"Transit"
"EPIC 205950854 c",333.1100738,-16.3418863,1.31000000,2019,"Transit"
"7 CMa c",99.1712760,-19.2561808,13.90000000,2019,"Radial Velocity"
"Kepler-1990 c",299.7047433,44.4357068,0.98000000,2023,"Transit"
"HD 220197 b",350.4946927,16.6323305,9.32000000,2018,"Radial Velocity"
"K2-43 c",169.1170280,-3.9754405,2.42000000,2019,"Transit"
"Kepler-763 d",292.1445534,47.1573604,1.67000000,2023,"Transit"
"Kepler-1162 c",283.2920273,45.4339813,1.81000000,2023,"Transit"
"HD 213885 b",338.9837166,-59.8648290,1.74500000,2019,"Transit"
"Kepler-896 c",282.4391402,43.7344291,3.15000000,2023,"Transit"
"Kepler-1982 b",287.4099905,39.6586267,0.77000000,2023,"Transit"
"HD 213885 c",338.9837166,-59.8648290,4.71000000,2019,"Radial Velocity"
"WASP-126 b",63.3747060,-69.2265926,10.51358773,2016,"Transit"
"HAT-P-69 b",130.5056385,3.7105662,18.78628400,2019,"Transit"
"Kepler-2000 b",285.5743032,49.9621218,2.73000000,2023,"Transit"
"TOI-763 c",194.4680980,-39.7580613,2.63000000,2020,"Transit"
"TOI-905 b",227.6586754,-71.3616316,13.12573900,2020,"Transit"
"TOI-564 b",130.2951535,-16.0363275,11.43318000,2020,"Transit"
"Kepler-29 b",298.3483820,47.4913021,2.55000000,2011,"Transit"
"Kepler-1674 b",294.8160447,45.3060844,3.20577490,2020,"Transit"
"Kepler-1675 b",283.8095478,41.0412517,3.12483349,2020,"Transit"
"HD 108236 b",186.5740627,-51.3630519,1.61500000,2020,"Transit"
"HD 164922 c",270.6304652,26.3104077,3.66000000,2016,"Radial Velocity"
"KMT-2019-BLG-0842L b",268.4584580,-29.8774389,3.19000000,2020,"Microlensing"
"HD 108236 e",186.5740627,-51.3630519,3.08300000,2020,"Transit"
"WASP-150 b",264.2630197,53.0212751,11.99363000,2020,"Transit"
"NGTS-13 b",176.2402326,-38.1397158,12.80067800,2021,"Transit"
"MOA-2009-BLG-319L b",271.7422080,-26.8196917,9.64000000,2010,"Microlensing"
"Kepler-1685 b",296.1882618,43.9368118,2.57673985,2020,"Transit"
"Kepler-1686 b",291.6067189,42.0359783,1.42553017,2020,"Transit"
"KMT-2016-BLG-2397L b",266.2125420,-23.2013806,13.20000000,2020,"Microlensing"
"OGLE-2017-BLG-0604L b",267.8916670,-30.9465556,14.20000000,2020,"Microlensing"
"OGLE-2017-BLG-1375L b",269.1548750,-30.3114167,12.40000000,2020,"Microlensing"
"NGTS-14 A b",328.5174799,-38.3774193,4.97679600,2021,"Transit"
"HD 13808 b",33.1780708,-53.7437591,3.35000000,2021,"Radial Velocity"
"OGLE-2015-BLG-1771L b",268.7990000,-28.8627500,14.30000000,2020,"Microlensing"
"OGLE-2018-BLG-1700L b",269.9560420,-28.5286389,12.90000000,2020,"Microlensing"
"Kepler-1687 b",289.7428363,50.7870626,1.65623882,2020,"Transit"
"Kepler-1689 b",291.5741663,38.6559433,0.94678642,2020,"Transit"
"Kepler-462 b",299.8211502,43.8142793,3.00000000,2016,"Transit"
"HD 4760 b",12.4161652,6.4071412,12.30000000,2021,"Radial Velocity"
"HD 110113 c",190.0365636,-44.3120777,2.11384817,2021,"Radial Velocity"
"HD 96992 b",167.5966158,43.9189897,13.70000000,2021,"Radial Velocity"
"KMT-2018-BLG-1292L b",263.4275830,-33.5206694,12.90000000,2020,"Microlensing"
"OGLE-2012-BLG-0838L b",273.0030830,-25.7116111,8.39000000,2020,"Microlensing"
"Kepler-1691 b",286.2543962,41.0218373,1.83470985,2020,"Transit"
"Kepler-1692 b",286.9241804,47.0537092,1.11177184,2020,"Transit"
"EPIC 201170410.02",170.1408561,-4.8070039,1.04700000,2020,"Transit"
"Kepler-160 d",287.7735730,42.8692755,,2020,"Transit Timing Variations"
"Kepler-160 c",287.7735730,42.8692755,3.76000000,2014,"Transit"
"Kepler-1694 b",293.7936339,40.2410230,1.17986031,2020,"Transit"
"Kepler-716 c",290.3931809,43.3638577,1.39281536,2020,"Transit"
"EPIC 201757695.02",173.9385102,4.6164303,0.90819000,2020,"Transit"
"HD 110082 b",192.5892855,-88.1211107,3.20000000,2021,"Transit"
"Kepler-1664 b",286.8527157,49.2616668,3.03320653,2020,"Transit"
"Kepler-1001 c",286.2739151,48.6186972,1.57799279,2020,"Transit"
"TOI-954 b",61.9410587,-25.2088028,9.55006800,2020,"Transit"
"K2-329 b",351.1353785,-5.1641451,8.67576600,2020,"Transit"
"HATS-49 b",6.6135927,-56.3442798,8.57488500,2020,"Transit"
"TYC 8998-760-1 c",201.3001096,-64.9391566,12.32990000,2020,"Imaging"
"Wendelstein-1 b",299.0506412,17.5699627,11.56096260,2020,"Transit"
"MOA-2013-BLG-220L b",270.9854170,-29.5447222,13.20000000,2014,"Microlensing"
"KMT-2016-BLG-1836L b",268.2503330,-30.0407500,13.30000000,2019,"Microlensing"
"OGLE-2013-BLG-0911L b",268.8832500,-29.2538333,12.50000000,2019,"Microlensing"
"BD-11 4672 c",278.3688659,-11.6370481,4.04000000,2020,"Radial Velocity"
"BD-11 4672 b",278.3688659,-11.6370481,14.10000000,2014,"Radial Velocity"
"HIP 65 A b",0.1856063,-54.8308228,22.75427000,2020,"Transit"
"TOI-481 b",110.5126861,-57.3849980,11.09691000,2020,"Transit"
"TIC 237913194 b",22.4458116,-60.7399096,12.52045300,2020,"Transit"
"OGLE-2016-BLG-1227L b",265.5971250,-33.7597778,13.90000000,2020,"Microlensing"
"TOI-157 b",73.7014398,-76.6806061,14.41477400,2020,"Transit"
"TOI-169 b",16.7786879,-75.1989452,12.17297400,2020,"Transit"
"Kepler-1700 b",286.9497376,45.3537626,2.90129941,2020,"Transit"
"Kepler-1666 b",297.9516071,46.2647024,2.88273782,2020,"Transit"
"Gl 686 b",264.4764878,18.5959509,2.46000000,2018,"Radial Velocity"
"HD 180617 b",289.2277322,5.1631615,3.53000000,2018,"Radial Velocity"
"HD 158259 e",261.3495847,52.7904721,2.34000000,2020,"Radial Velocity"
"HD 158259 c",261.3495847,52.7904721,2.23000000,2020,"Radial Velocity"
"HATS-37 A b",199.8018300,-22.9868431,6.79265400,2020,"Transit"
"GJ 687 b",264.1041731,68.3336741,4.32000000,2014,"Radial Velocity"
"GJ 2056 b",108.0194945,-24.8921008,4.17000000,2020,"Radial Velocity"
"TOI-237 b",353.2435381,-29.4164870,1.44000000,2020,"Transit"
"HD 216520 c",341.8768719,83.6975307,3.03000000,2020,"Radial Velocity"
"CoRoT-30 b",277.6011767,6.8359338,11.30988100,2020,"Transit"
"CoRoT-31 b",94.8207350,-4.4222978,16.36514000,2020,"Transit"
"HIP 38594 b",118.5439118,-25.3023073,2.77000000,2020,"Radial Velocity"
"WASP-186 b",18.9953122,21.6169065,12.44199000,2020,"Transit"
"Kepler-29 c",298.3483820,47.4913021,2.34000000,2011,"Transit"
"Kepler-783 c",291.0628615,47.4847890,2.33153725,2020,"Transit"
"Kepler-1667 b",283.5329505,48.0943604,2.98385261,2020,"Transit"
"HIP 4845 b",15.5881733,-10.4246208,3.89000000,2020,"Radial Velocity"
"HIP 48714 b",149.0332672,62.7859505,5.11000000,2020,"Radial Velocity"
"TOI-251 b",353.0620655,-37.2558629,2.74000000,2021,"Transit"
"HAT-P-68 b",118.4831501,23.9382192,12.01604800,2020,"Transit"
"Kepler-177 b",286.0471442,45.0532038,3.50000000,2013,"Transit"
"Kepler-36 b",291.2501859,49.2318073,1.49800000,2012,"Transit"
"KOI-1783.01",289.3414629,46.9881550,8.86000000,2020,"Transit"
"Kepler-1668 b",297.3523076,46.0959309,4.34764405,2020,"Transit"
"Kepler-598 c",293.1234493,40.9348005,3.02420941,2020,"Transit"
"KMT-2019-BLG-1953L b",269.1162500,-28.2011111,14.10000000,2020,"Microlensing"
"Kepler-1514 c",292.6274943,37.8601653,1.17582410,2020,"Transit"
"KOI-1783.02",289.3414629,46.9881550,5.44000000,2020,"Transit"
"HD 156668 c",259.4183491,29.2281610,6.17000000,2021,"Radial Velocity"
"HD 211403 b",333.8158177,58.2755601,12.80000000,2021,"Radial Velocity"
"K2-344 b",136.3614923,21.6685886,1.59000000,2021,"Transit"
"HD 24040 c",57.5962104,17.4752873,9.35000000,2021,"Radial Velocity"
"HD 3765 b",10.2072994,40.1842918,8.56000000,2021,"Radial Velocity"
"HD 213472 b",337.7069969,40.7222277,13.10000000,2021,"Radial Velocity"
"K2-348 c",130.8783479,24.4229559,2.67000000,2021,"Transit"
"CD Cet b",48.3530155,4.7751881,1.82000000,2020,"Radial Velocity"
"G 264-012 b",326.6719598,66.8038480,1.39000000,2021,"Radial Velocity"
"K2-352 d",140.4451478,18.4696280,2.23000000,2021,"Transit"
"K2-339 b",130.0825420,18.6929046,1.92000000,2021,"Transit"
"K2-282 b",13.4321524,7.9952914,2.50000000,2018,"Transit"
"K2-156 b",182.6996730,-6.2943552,1.10000000,2018,"Transit"
"TOI-257 b",47.5172608,-50.8322632,7.16253867,2021,"Transit"
"HAT-P-58 b",68.8465093,56.8682691,14.93036229,2021,"Transit"
"HAT-P-59 b",292.4588212,62.5291892,12.58768533,2021,"Transit"
"K2-268 d",133.7094899,11.8482712,1.49000000,2021,"Transit"
"TOI-269 b",75.8462827,-54.1777213,2.77000000,2021,"Transit"
"K2-268 f",133.7094899,11.8482712,2.23000000,2021,"Transit"
"K2-187 b",132.5235618,23.1924709,1.20000000,2018,"Transit"
"K2-210 b",17.6412694,1.5784137,0.86000000,2018,"Transit"
"K2-32 b",252.4260080,-19.5430504,5.29900000,2016,"Transit"
"K2-32 e",252.4260080,-19.5430504,1.21200000,2019,"Transit"
"HAT-P-64 b",68.9743955,2.4312732,19.08889413,2021,"Transit"
"Kepler-129 c",285.3111845,47.8484775,2.52000000,2014,"Transit"
"K2-331 b",132.7376431,13.1702690,1.79000000,2021,"Transit"
"EPIC 228836835 b",189.5748998,-5.2446247,1.10000000,2021,"Transit"
"K2-223 c",185.3061830,-10.2820915,1.50000000,2018,"Transit"
"K2-32 c",252.4260080,-19.5430504,3.13400000,2016,"Transit"
"K2-32 d",252.4260080,-19.5430504,3.48400000,2016,"Transit"
"KIC 10068024 b",288.8470423,47.0228607,13.40000000,2021,"Orbital Brightness Modulation"
"K2-350 b",204.0355092,-14.0092516,1.54000000,2021,"Transit"
"K2-353 b",201.6168564,-2.2819018,5.55000000,2021,"Transit"
"K2-137 b",186.8704260,-6.1952168,0.64000000,2017,"Transit"
"EPIC 206042996 b",337.5136198,-13.6101475,1.70000000,2019,"Transit"
"NGTS-15 b",73.3553101,-32.8003484,12.32987877,2021,"Transit"
"K2-354 b",129.1299193,10.1472175,1.56000000,2021,"Transit"
"K2-330 b",126.8968265,11.6674131,2.77000000,2021,"Transit"
"TOI-1333 b",325.0145363,48.4067674,15.64776400,2021,"Transit"
"HD 238090 b",183.0886375,54.4861530,2.52000000,2020,"Radial Velocity"
"NGTS-18 b",180.5462193,-35.5486091,13.56286665,2021,"Transit"
"HD 136352 b",230.4401147,-48.3188174,1.66400000,2019,"Radial Velocity"
"K2-336 b",133.8382032,16.7940663,1.22000000,2021,"Transit"
"GJ 414 A b",167.7745044,30.4451688,2.63000000,2021,"Radial Velocity"
"BD+55 362 b",23.9636676,56.6982282,14.00000000,2021,"Radial Velocity"
"HD 136352 d",230.4401147,-48.3188174,2.56200000,2019,"Radial Velocity"
"K2-337 b",127.7611370,16.9004702,2.62000000,2021,"Transit"
"K2-138 c",348.9490311,-10.8497391,2.29900000,2017,"Transit"
"KOI-1831 d",286.4714473,49.6490933,1.13000000,2018,"Transit"
"K2-340 b",127.9373409,19.0745863,3.36000000,2021,"Transit"
"K2-138 d",348.9490311,-10.8497391,2.39000000,2017,"Transit"
"K2-138 e",348.9490311,-10.8497391,3.39000000,2017,"Transit"
"EPIC 212297394 c",207.2061241,-17.6098985,2.27000000,2021,"Transit"
"K2-138 f",348.9490311,-10.8497391,2.90400000,2017,"Transit"
"K2-100 b",129.6010863,20.1060074,3.88000000,2016,"Transit"
"TOI-2202 c",51.2284214,-73.9575458,13.40000000,2021,"Transit Timing Variations"
"KMT-2019-BLG-1715L b",270.3717083,-28.7771389,13.20000000,2021,"Microlensing"
"K2-349 b",199.0996546,-14.4447454,1.38000000,2021,"Transit"
"K2-350 c",204.0355092,-14.0092516,2.74000000,2016,"Transit"
"K2-351 b",206.6522408,-11.8049588,2.54000000,2021,"Transit"
"GJ 740 b",284.4997178,5.9028670,1.53000000,2021,"Radial Velocity"
"HD 60292 b",114.6201698,66.2350517,12.70000000,2020,"Radial Velocity"
"TOI-1749 b",282.7372281,64.4194660,1.39000000,2021,"Transit"
"TOI-1749 d",282.7372281,64.4194660,2.52000000,2021,"Transit"
"KMT-2018-BLG-1025L b",269.8664167,-27.8780611,2.34000000,2021,"Microlensing"
"K2-185 b",130.2596625,14.6902225,1.15000000,2018,"Transit"
"EPIC 212587672 c",205.4445125,-10.8625468,2.32000000,2021,"Transit"
"HD 221420 b",353.3319001,-77.3853286,12.00000000,2019,"Radial Velocity"
"K2-185 c",130.2596625,14.6902225,2.39000000,2018,"Transit"
"TOI-1201 b",42.2476999,-14.5372835,2.41500000,2021,"Transit"
"HD 136925 b",230.7157509,13.3663117,13.90000000,2021,"Radial Velocity"
"HD 109286 b",188.3958418,7.2809064,13.20000000,2021,"Radial Velocity"
"Kepler-1771 b",292.0134714,49.0191267,4.05537256,2021,"Transit"
"Kepler-1786 b",292.5877743,38.5219827,3.16305828,2021,"Transit"
"Kepler-1834 b",294.6646789,39.7838461,1.45938340,2021,"Transit"
"TOI-559 b",46.8186159,-31.1629951,12.22899794,2021,"Transit"
"Kepler-418 c",294.4335228,38.3554729,5.22108654,2021,"Transit"
"Kepler-1801 b",295.1640095,39.2014024,2.70926154,2021,"Transit"
"Kepler-1838 b",298.9917165,40.1422600,1.66049425,2021,"Transit"
"Kepler-1839 b",294.2244432,50.0755761,1.94937590,2021,"Transit"
"TOI-530 b",103.4128333,12.8815784,9.30345398,2021,"Transit"
"Kepler-1749 b",290.2945805,45.5645196,1.61301783,2021,"Transit"
"Kepler-1841 b",287.7069031,40.6852161,1.48912557,2021,"Transit"
"Kepler-1842 b",286.2516039,42.3784353,2.35388681,2021,"Transit"
"HAT-P-43 b",128.9256885,10.2065866,13.63000000,2012,"Transit"
"Kepler-1742 b",286.9668086,44.9924315,2.17824130,2021,"Transit"
"Kepler-1743 b",290.5523552,48.1262575,1.59887007,2021,"Transit"
"Kepler-1741 b",292.5770730,39.1209390,1.27300000,2021,"Transit"
"Kepler-1810 b",291.8129995,38.0880964,3.91815325,2021,"Transit"
"Kepler-1812 b",298.0845087,40.2832525,2.32494240,2021,"Transit"
"Kepler-1845 b",292.9016226,38.2970320,2.43836702,2021,"Transit"
"Kepler-1716 b",297.2717207,43.3330644,2.42476850,2021,"Transit"
"K2-95 b",129.3625717,18.9766197,3.31000000,2016,"Transit"
"Kepler-1746 b",288.3203979,42.2613874,8.93504475,2021,"Transit"
"Kepler-1745 b",293.4689924,42.8223582,1.92872921,2021,"Transit"
"Kepler-1814 b",285.2166767,41.2824449,2.36961357,2021,"Transit"
"Kepler-1813 b",292.2399069,48.5115214,1.41300000,2021,"Transit"
"Kepler-1815 b",300.1704720,43.9849048,2.74892620,2021,"Transit"
"Kepler-1856 b",295.9091695,51.3478777,1.73447868,2021,"Transit"
"K2-101 b",130.3439097,18.9338205,2.00000000,2016,"Transit"
"Kepler-1669 c",297.4303826,39.8478795,1.90120972,2021,"Transit"
"Kepler-1165 c",286.9712284,44.7082669,3.36093385,2021,"Transit"
"Kepler-1816 b",296.8509823,50.6987736,1.96793970,2021,"Transit"
"Kepler-1847 b",296.6014013,44.3252289,2.74516914,2021,"Transit"
"K2-355 b",124.6426189,13.5027816,2.25000000,2021,"Transit"
"K2-356 b",128.3219134,13.6613758,2.29000000,2021,"Transit"
"Kepler-1757 b",297.7397823,46.9418957,2.94660251,2021,"Transit"
"Kepler-1758 b",297.7968197,39.9213378,2.57059831,2021,"Transit"
"Kepler-1819 b",296.5600307,46.8574644,3.90351256,2021,"Transit"
"Kepler-1817 b",282.0333419,44.4779955,2.27349126,2021,"Transit"
"K2-357 b",131.9386628,16.3289144,3.72000000,2021,"Transit"
"K2-358 b",133.8081054,18.9497263,2.68000000,2021,"Transit"
"Kepler-1731 b",291.2544229,36.7434302,2.93295657,2021,"Transit"
"Kepler-1762 b",290.4931471,39.7855117,2.76022913,2021,"Transit"
"Kepler-1820 b",296.7127400,48.2722828,3.11883067,2021,"Transit"
"Kepler-1821 b",294.5254573,49.8724840,2.59248115,2021,"Transit"
"Kepler-1788 b",291.2243829,45.7780993,2.37850461,2021,"Transit"
"Kepler-1859 b",293.9886751,46.7179996,1.58313575,2021,"Transit"
"Kepler-1860 b",294.3508497,50.0809627,1.13863767,2021,"Transit"
"K2-184 b",129.1405227,14.4618826,1.47000000,2018,"Transit"
"Kepler-1712 b",284.9986980,50.1466922,2.28372556,2021,"Transit"
"Kepler-1763 b",294.1130368,40.3628861,1.14651332,2021,"Transit"
"Kepler-1764 b",293.8799047,41.3938374,4.55527871,2021,"Transit"
"Kepler-1790 b",294.5668577,46.0757312,3.14461450,2021,"Transit"
"Kepler-1791 b",284.4903166,42.6482636,3.12103321,2021,"Transit"
"EPIC 220554210 c",13.4321524,7.9952914,1.60000000,2019,"Transit"
"K2-273 b",129.7768928,19.0100046,3.05000000,2018,"Transit"
"K2-104 b",129.6366594,19.7737202,1.79000000,2016,"Transit"
"Kepler-1792 b",294.8400788,39.0859757,2.51990972,2021,"Transit"
"Kepler-1090 c",295.6629002,44.5258237,3.29265785,2021,"Transit"
"EPIC 220492298 b",16.7615005,6.5887980,0.99000000,2021,"Transit"
"EPIC 206024342 c",331.2771441,-14.1218019,1.40000000,2021,"Transit"
"Kepler-1760 b",284.1326058,48.8251452,2.28995546,2021,"Transit"
"Kepler-1777 b",290.3286455,37.7231188,2.13189678,2021,"Transit"
"K2-275 c",132.1698795,20.4550162,2.21000000,2018,"Transit"
"K2-275 b",132.1698795,20.4550162,2.34000000,2018,"Transit"
"Kepler-1775 b",286.4023452,38.7385674,3.64762153,2021,"Transit"
"Kepler-1797 b",292.4642406,45.9682799,3.05774442,2021,"Transit"
"Kepler-1798 b",291.7262251,37.5289680,2.30911251,2021,"Transit"
"TIC 172900988 b",128.6616644,31.5539793,11.25000000,2021,"Transit"
"HD 93385 d",161.5627065,-41.4646040,2.89000000,2021,"Radial Velocity"
"OGLE-2018-BLG-0567L b",269.0184167,-27.9871111,12.30000000,2021,"Microlensing"
"OGLE-2018-BLG-0962L b",268.1747917,-32.3092500,13.60000000,2021,"Microlensing"
"Kepler-487 d",295.2872318,41.2220033,2.77513568,2021,"Transit"
"Kepler-1822 b",297.2855000,41.3055733,2.64755943,2021,"Transit"
"Kepler-1823 b",283.7547770,45.3351250,2.08612680,2021,"Transit"
"HD 96700 c",166.9742616,-30.1751383,1.69000000,2021,"Radial Velocity"
"HD 96700 d",166.9742616,-30.1751383,3.61000000,2021,"Radial Velocity"
"TOI-2257 b",194.7396141,77.6617157,2.19400000,2021,"Transit"
"Kepler-1769 b",294.7433755,43.4611633,4.46500000,2021,"Transit"
"Kepler-1778 b",287.3612976,43.7388000,3.01665969,2021,"Transit"
"Kepler-1824 b",296.7071957,41.2036197,2.38127597,2021,"Transit"
"HD 189567 b",301.3959616,-67.3237992,2.85000000,2021,"Radial Velocity"
"HD 189567 c",301.3959616,-67.3237992,2.54000000,2021,"Radial Velocity"
"HD 137496 c",231.7420543,-16.5090014,12.60000000,2021,"Radial Velocity"
"Kepler-1782 b",280.9261620,44.0878036,2.22927435,2021,"Transit"
"Kepler-1784 b",297.9541684,44.6674491,2.79936489,2021,"Transit"
"Kepler-1828 b",292.4275963,37.3207616,2.11598626,2021,"Transit"
"Kepler-1829 b",288.6644840,51.4983798,2.47887001,2021,"Transit"
"Kepler-1776 b",291.5344017,47.0424958,2.61157023,2021,"Transit"
"Kepler-1709 b",283.3748873,43.7883708,3.12424875,2021,"Transit"
"Kepler-1833 b",290.8714239,45.4102813,1.30027362,2021,"Transit"
"TOI-3362 b",155.9841428,-56.8431169,12.80065596,2021,"Transit"
"Kepler-1738 b",296.1313474,47.4388098,2.82472883,2021,"Transit"
"Kepler-1739 b",296.2320536,47.6788626,2.43056832,2021,"Transit"
"Kepler-1924 b",293.7673860,42.8291562,2.65446572,2021,"Transit"
"Kepler-1925 b",289.8287452,45.1026883,3.00177922,2021,"Transit"
"HATS-76 b",70.3397665,-32.3204175,12.09449018,2021,"Transit"
"Kepler-1130 d",285.2074210,45.3843330,0.64472273,2021,"Transit"
"Kepler-1802 c",300.2420869,44.1412854,2.32200000,2021,"Transit"
"Kepler-1942 b",294.9805416,44.4252384,2.11702870,2021,"Transit"
"Kepler-1943 b",293.3182976,41.1166697,1.54869189,2021,"Transit"
"Kepler-1927 b",296.3546093,41.3355698,3.40627075,2021,"Transit"
"Kepler-1722 b",296.6627402,41.2611985,2.86719266,2021,"Transit"
"HD 69123 b",123.5549900,-35.4899246,13.10000000,2022,"Radial Velocity"
"Kepler-1266 c",285.8693277,42.7279996,1.68023962,2021,"Transit"
"Kepler-394 d",296.3019792,50.6723115,1.50066814,2021,"Transit"
"Kepler-1944 b",296.5105045,39.1732645,2.75971163,2021,"Transit"
"Kepler-1945 b",281.8980828,42.2858185,1.28900000,2021,"Transit"
"Kepler-1946 b",282.3355387,42.8453417,2.48812698,2021,"Transit"
"Kepler-1929 b",299.5833362,47.4481244,3.07250761,2021,"Transit"
"Kepler-913 c",297.5830564,41.9523531,3.85807090,2021,"Transit"
"Kepler-324 e",286.4714473,49.6490933,2.03862444,2021,"Transit"
"Kepler-1727 b",290.3336142,38.7282722,3.17321625,2021,"Transit"
"Kepler-1931 b",290.8723061,43.3330104,2.65323514,2021,"Transit"
"Kepler-1530 d",288.1624396,48.1651530,3.27870115,2021,"Transit"
"Kepler-1932 b",285.3314903,41.0638435,1.51482218,2021,"Transit"
"YZ Cet b",18.1330792,-16.9962434,0.91300000,2017,"Radial Velocity"
"YZ Cet c",18.1330792,-16.9962434,1.05000000,2017,"Radial Velocity"
"Kepler-281 d",294.1081465,44.7706524,5.93747806,2021,"Transit"
"Kepler-495 c",285.9307362,39.0981201,1.21936414,2021,"Transit"
"Kepler-501 c",297.2014919,41.7301534,1.68119739,2021,"Transit"
"Kepler-196 d",284.9685077,42.0791214,2.66065673,2021,"Transit"
"Kepler-1950 b",287.0874563,42.6686537,1.52696349,2021,"Transit"
"Kepler-1899 b",292.0333777,37.9744551,1.55098292,2021,"Transit"
"Kepler-1869 b",292.6149958,42.7643438,1.11955354,2021,"Transit"
"Kepler-1312 c",292.9712801,41.0357494,1.02732734,2021,"Transit"
"Kepler-1952 b",288.0764082,43.9584839,1.23923346,2021,"Transit"
"Kepler-1728 b",287.0940046,39.0607801,2.95501875,2021,"Transit"
"Kepler-1926 b",291.1987905,44.1662033,2.31495961,2021,"Transit"
"Kepler-1729 b",296.6939428,42.6261145,3.89404186,2021,"Transit"
"Kepler-1972 b",288.3953074,39.8725067,0.80200000,2022,"Transit"
"Kepler-1321 d",294.5285970,46.6408737,2.62843782,2021,"Transit"
"Kepler-1600 c",291.3993802,38.7877563,1.94206512,2021,"Transit"
"Kepler-1954 b",298.0029203,43.3545882,1.80235934,2021,"Transit"
"Kepler-1730 b",281.9605834,43.7030386,4.48524519,2021,"Transit"
"Kepler-1721 b",283.5441984,45.2256548,3.11856756,2021,"Transit"
"Kepler-1887 b",288.9555263,44.7057070,2.92454357,2021,"Transit"
"Kepler-1958 b",289.1041643,41.6901138,2.05124311,2021,"Transit"
"Kepler-1726 b",284.3861498,45.7197342,2.50861954,2021,"Transit"
"Kepler-1723 b",294.4627362,46.8214022,2.88046569,2021,"Transit"
"Kepler-1705 b",301.5785316,44.3121639,2.03000000,2021,"Transit"
"OGLE-2019-BLG-0960L b",274.0142917,-25.7746667,1.39000000,2021,"Microlensing"
"Kepler-1890 b",292.5778203,40.6679032,0.86867375,2021,"Transit"
"Kepler-1892 b",299.0810070,42.0180957,1.83707938,2021,"Transit"
"Kepler-1959 b",296.0223010,44.7326691,1.14315727,2021,"Transit"
"Kepler-1960 b",294.6969361,46.7202043,1.30749704,2021,"Transit"
"Kepler-457 d",282.3775397,44.6945690,2.98467257,2021,"Transit"
"Kepler-633 c",295.2173259,40.5921599,2.29600000,2021,"Transit"
"Kepler-1861 b",295.8465148,49.9361586,2.20677414,2021,"Transit"
"Kepler-1863 b",282.2397185,43.2440854,2.26309256,2021,"Transit"
"Kepler-1895 b",291.6756005,48.7625419,2.11934728,2021,"Transit"
"Kepler-1911 b",299.3035590,41.4410233,1.01100000,2021,"Transit"
"Kepler-1865 b",293.9412380,41.5904136,1.57686072,2021,"Transit"
"Kepler-1866 b",286.2246453,44.6544869,2.08215108,2021,"Transit"
"Kepler-1897 b",294.2901043,39.1268710,2.81407954,2021,"Transit"
"Kepler-1896 b",289.6785786,40.2496475,3.09935997,2021,"Transit"
"Kepler-1967 b",299.1376276,43.4984724,0.73022577,2021,"Transit"
"b Cen AB b",220.4897992,-37.7936323,12.40000000,2021,"Imaging"
"OGLE-2018-BLG-0532L b",269.9834167,-28.9977500,2.37000000,2020,"Microlensing"
"Kepler-1867 b",294.9971007,43.4358698,1.15985997,2021,"Transit"
"Kepler-1868 b",293.2983733,43.5558025,3.14950109,2021,"Transit"
"Kepler-1903 b",290.8882981,51.2481617,2.28642395,2021,"Transit"
"Kepler-1969 b",294.7842662,49.4920557,1.68161001,2021,"Transit"
"Kepler-1968 b",291.5080318,45.3700933,1.50004034,2021,"Transit"
"Kepler-1871 b",292.4275044,38.4728824,2.42172881,2021,"Transit"
"Kepler-1872 b",281.0491988,43.3225996,2.38421141,2021,"Transit"
"Kepler-1906 b",293.8266166,38.8565906,2.77615754,2021,"Transit"
"Kepler-1907 b",280.7085829,47.3279236,0.86973029,2021,"Transit"
"Kepler-1913 b",290.2166890,44.7795863,1.51852059,2021,"Transit"
"HD 79181 b",137.9944736,-19.7474341,14.10000000,2021,"Radial Velocity"
"HD 10975 b",27.1628025,37.9527542,14.30000000,2021,"Radial Velocity"
"HD 99283 b",171.4874082,55.8506653,13.80000000,2021,"Radial Velocity"
"Kepler-1873 b",294.5965570,46.0483705,1.62573811,2021,"Transit"
"Kepler-1874 b",286.3718158,43.6920810,2.21110724,2021,"Transit"
"Kepler-1909 b",290.8894090,42.4596251,1.09217411,2021,"Transit"
"Kepler-1717 b",295.2126472,49.5621600,2.98929758,2021,"Transit"
"Kepler-1917 b",294.1038932,45.0013533,1.88971288,2021,"Transit"
"Kepler-1918 b",292.5305460,42.2145765,2.29763023,2021,"Transit"
"ups Leo b",174.2372188,-0.8235643,14.20000000,2021,"Radial Velocity"
"HD 219139 b",348.3604055,11.0649832,14.00000000,2021,"Radial Velocity"
"Kepler-616 d",294.9891370,46.8383058,2.65300000,2021,"Transit"
"Kepler-534 c",296.4185696,49.5401480,1.22700000,2021,"Transit"
"Kepler-1919 b",283.1319153,43.9560050,2.62390658,2021,"Transit"
"Kepler-1488 c",286.6464265,49.9377735,1.65156749,2021,"Transit"
"gam Psc b",349.2946794,3.2823664,13.60000000,2021,"Radial Velocity"
"HIP 34222 b",106.4257786,27.4704132,13.90000000,2021,"Radial Velocity"
"Kepler-1881 b",293.6393065,44.9825447,2.98104391,2021,"Transit"
"Kepler-1879 b",289.3644209,41.5332589,2.06512018,2021,"Transit"
"Kepler-1934 b",290.9193265,37.2871677,0.91307734,2021,"Transit"
"Kepler-1935 b",296.4037783,39.7227036,2.50271696,2021,"Transit"
"Kepler-1921 b",300.3161723,45.4953271,2.89459458,2021,"Transit"
"HIP 86221 b",264.2948750,27.8963910,14.00000000,2021,"Radial Velocity"
"Kepler-1883 b",291.9225570,42.0025220,3.25107395,2021,"Transit"
"Kepler-1938 b",299.3518920,41.1957285,1.82828927,2021,"Transit"
"TOI-1268 b",198.3885831,62.3053799,9.10000000,2022,"Transit"
"K2-25 b",63.2739346,15.2477027,3.44000000,2015,"Transit"
"TOI-2136 b",281.1763433,36.5631318,2.19000000,2022,"Transit"
"K2-382 b",287.4125267,-19.6269336,2.07200000,2022,"Transit"
"K2-376 b",132.7193327,25.0380824,1.73600000,2022,"Transit"
"iot Dra b",231.2323227,58.9661403,12.40000000,2002,"Radial Velocity"
"CoRoT-35 b",289.3143526,-2.7747085,18.83108758,2022,"Transit"
"CoRoT-36 b",277.7510149,7.1833465,15.80466279,2022,"Transit"
"K2-383 b",282.0087650,-18.3795798,1.56400000,2022,"Transit"
"K2-366 b",243.6800912,-19.3468837,2.35900000,2022,"Transit"
"iot Dra c",231.2323227,58.9661403,12.20000000,2021,"Radial Velocity"
"K2-373 b",123.1361518,13.6884986,2.06100000,2022,"Transit"
"K2-367 b",337.8588454,-13.2644554,2.41300000,2022,"Transit"
"HD 160691 c",266.0361585,-51.8348751,,2004,"Radial Velocity"
"HD 160691 d",266.0361585,-51.8348751,3.23000000,2004,"Radial Velocity"
"K2-384 f",20.4998403,0.7509701,2.22200000,2022,"Transit"
"K2-369 b",329.7262534,-10.8750666,1.31300000,2022,"Transit"
"TOI-620 b",142.1734459,-12.1671652,3.76000000,2022,"Transit"
"AB Aur b",73.9410446,30.5510888,12.50000000,2022,"Imaging"
"HD 33142 b",76.8980559,-13.9863374,13.70000000,2011,"Radial Velocity"
"K2-384 e",20.4998403,0.7509701,1.34500000,2022,"Transit"
"K2-371 b",128.0670932,11.6307099,13.02400000,2022,"Transit"
"K2-372 b",130.7988719,13.0094226,2.94500000,2022,"Transit"
"TYC 2187-512-1 b",320.5266829,22.9319351,12.50000000,2022,"Radial Velocity"
"TOI-1246 b",251.1158702,70.4299917,3.01000000,2022,"Transit"
"HD 160691 e",266.0361585,-51.8348751,,2006,"Radial Velocity"
"K2-393 b",348.5159113,-0.0821031,2.35200000,2022,"Transit"
"K2-375 b",130.5013137,20.3593003,2.24300000,2022,"Transit"
"HIP 94235 b",287.7411441,-60.2726358,3.00000000,2022,"Transit"
"KOI-984 c",291.0489438,36.8400772,14.10000000,2022,"Transit Timing Variations"
"TOI-2081 b",264.3022634,53.0255666,2.04000000,2022,"Transit"
"K2-389 c",355.6304152,-9.7135814,2.04000000,2022,"Transit"
"K2-390 b",355.7023860,-9.5887124,4.66200000,2022,"Transit"
"HD 73583 b",129.6883026,-13.2565267,2.79000000,2022,"Transit"
"HD 103891 b",179.4382907,-8.5486195,13.20000000,2022,"Radial Velocity"
"HD 105779 b",182.6612053,-16.9564908,14.10000000,2022,"Radial Velocity"
"HD 33142 d",76.8980559,-13.9863374,9.32000000,2022,"Radial Velocity"
"HD 19615 b",48.7813299,73.8680150,12.60000000,2022,"Radial Velocity"
"K2-391 b",356.2260152,-7.7015151,1.37100000,2022,"Transit"
"HD 73583 c",129.6883026,-13.2565267,2.39000000,2022,"Transit"
"GJ 411 b",165.8344710,35.9723170,1.45000000,2019,"Radial Velocity"
"TOI-1064 c",296.0039349,-47.5620305,2.65100000,2022,"Transit"
"K2-316 b",233.6247336,-23.2594663,1.33000000,2020,"Transit"
"HD 95735 c",165.8344710,35.9723170,3.76000000,2021,"Radial Velocity"
"TOI-2669 b",134.7226445,-13.3125792,19.72780603,2022,"Transit"
"TOI-4329 b",329.5639152,71.1316048,16.81347105,2022,"Transit"
"K2-397 b",79.9516586,21.2591617,2.41700000,2022,"Transit"
"K2-316 c",233.6247336,-23.2594663,1.83000000,2020,"Transit"
"TOI-2046 b",16.1849423,74.3313055,16.14093221,2022,"Transit"
"Kepler-1656 c",284.4722473,39.9118890,14.00000000,2022,"Radial Velocity"
"TOI-206 b",73.7382202,-62.5218740,1.30000000,2022,"Transit"
"K2-398 c",161.7349738,1.9367044,5.09800000,2022,"Transit"
"K2-319 b",166.8010058,3.0399357,2.79000000,2020,"Transit"
"mu2 Sco b",253.0838724,-38.0176339,12.30000000,2022,"Imaging"
"TOI-1693 b",90.3083455,34.7730904,1.41000000,2022,"Transit"
"K2-402 b",161.4519130,6.4193180,2.67800000,2022,"Transit"
"K2-323 b",159.4209874,6.2858689,2.10000000,2020,"Transit"
"HD 81040 b",140.9455027,20.3646078,12.60000000,2005,"Radial Velocity"
"HD 171238 b",278.6818389,-28.0727849,12.50000000,2009,"Radial Velocity"
"HD 87883 b",152.1794175,34.2419984,12.70000000,2009,"Radial Velocity"
"TOI-2411 b",20.9224567,-8.7017944,1.68000000,2022,"Transit"
"TOI-2427 b",52.2917315,-31.3628665,1.80000000,2022,"Transit"
"K2-404 b",160.3249517,12.1911149,2.53000000,2022,"Transit"
"K2-325 b",353.9169507,-7.6867213,2.20000000,2020,"Transit"
"HD 106515 A b",183.7762699,-7.2575413,12.10000000,2012,"Radial Velocity"
"KMT-2017-BLG-2509L b",265.5898750,-26.3171500,13.40000000,2021,"Microlensing"
"K2-406 b",230.8872242,-25.3706149,4.60200000,2022,"Transit"
"K2-326 b",351.6122620,1.3375909,2.28000000,2020,"Transit"
"TOI-5153 b",91.5403204,-19.9534443,11.88151954,2022,"Transit"
"NGTS-20 b",46.2926368,-21.9336472,11.99360935,2022,"Transit"
"HD 29021 b",69.4681379,60.6762985,12.90000000,2017,"Radial Velocity"
"KMT-2021-BLG-0912L b",269.8211667,-31.9976389,1.49000000,2022,"Microlensing"
"K2-407 c",232.5552584,-23.0067371,1.36000000,2022,"Transit"
"K2-199 b",208.9014508,-6.1360833,1.73000000,2018,"Transit"
"Ross 508 b",230.9613022,17.4605347,1.83000000,2022,"Radial Velocity"
"K2-387 b",19.4418282,11.3684915,7.32200000,2022,"Transit"
"K2-374 b",137.3794986,16.3558324,1.59300000,2022,"Transit"
"HD 136118 b",229.7306046,-1.5922913,12.30000000,2022,"Radial Velocity"
"HD 140901 b",236.8689866,-37.9172333,4.07000000,2022,"Radial Velocity"
"HD 93351 c",161.6779279,-1.6885763,12.30000000,2022,"Radial Velocity"
"GJ 2030 b",50.8237604,-7.7950429,2.03000000,2022,"Radial Velocity"
"TOI-2570 b",87.1880397,32.0840435,13.64132951,2022,"Transit"
"HD 113337 b",195.4438496,63.6103280,13.10000000,2013,"Radial Velocity"
"HIP 97233 b",296.4221207,-0.6968794,12.10000000,2014,"Radial Velocity"
"HD 144899 b",242.5721002,-47.9146826,4.77000000,2022,"Radial Velocity"
"HD 142 A d",1.5836771,-49.0753625,10.90000000,2022,"Radial Velocity"
"GJ 2030 c",50.8237604,-7.7950429,12.30000000,2022,"Radial Velocity"
"GJ 3222 b",50.8972464,-40.0762325,3.40000000,2022,"Radial Velocity"
"GJ 680 b",263.8072214,-48.6788427,12.00000000,2022,"Radial Velocity"
"TOI-3540 A b",328.9113712,28.1794996,23.53885947,2022,"Transit"
"TOI-3331 A b",271.3241672,-34.1071710,12.97999965,2022,"Transit"
"TOI-3693 b",15.6543938,51.3038918,12.59889431,2022,"Transit"
"HD 145934 b",243.2912249,13.2394527,13.40000000,2015,"Radial Velocity"
"HD 151450 b",252.0080127,-15.9643450,6.94000000,2022,"Radial Velocity"
"HD 149806 b",249.2855187,0.2546794,12.30000000,2022,"Radial Velocity"
"HD 151450 c",252.0080127,-15.9643450,12.80000000,2022,"Radial Velocity"
"HD 115404 A b",199.2155793,17.0160384,6.09000000,2022,"Radial Velocity"
"TOI-2196 b",312.3400744,-70.4850723,3.51000000,2022,"Transit"
"HD 191806 b",302.3687580,52.2767265,12.50000000,2016,"Radial Velocity"
"HD 153557 c",254.4706516,47.3678558,4.36000000,2022,"Radial Velocity"
"HD 153557 d",254.4706516,47.3678558,11.90000000,2022,"Radial Velocity"
"HD 12235 c",30.0391601,3.0959098,12.50000000,2022,"Radial Velocity"
"HD 56414 b",107.8436846,-68.8333403,3.71000000,2022,"Transit"
"GJ 896 A b",352.9700384,19.9370011,13.30000000,2022,"Astrometry"
"GJ 676 A c",262.5448903,-51.6377777,12.30000000,2016,"Radial Velocity"
"HD 219828 c",349.6947029,18.6457524,12.20000000,2016,"Radial Velocity"
"HD 72892 b",128.7195554,-14.4574311,12.80000000,2016,"Radial Velocity"
"HD 155918 b",260.5364025,-75.3492390,2.67000000,2022,"Radial Velocity"
"TOI-2048 b",237.9241066,52.3063083,2.61000000,2022,"Transit"
"HD 111232 b",192.2159553,-68.4246679,12.60000000,2003,"Radial Velocity"
"HD 10697 b",26.2324076,20.0826974,12.80000000,1999,"Radial Velocity"
"HD 125612 b",215.2227183,-17.4818147,13.20000000,2007,"Radial Velocity"
"HIP 67537 b",207.5808445,-39.9008996,12.30000000,2017,"Radial Velocity"
"HD 156098 c",259.2646870,-32.6630768,12.80000000,2022,"Radial Velocity"
"HD 156098 b",259.2646870,-32.6630768,4.12000000,2022,"Radial Velocity"
"HD 168863 b",275.6642157,-18.0219726,12.70000000,2022,"Radial Velocity"
"HIP 19976 b",64.2597881,-40.7985198,4.94000000,2022,"Radial Velocity"
"HD 203387 c",320.5617820,-16.8345229,12.60000000,2022,"Radial Velocity"
"HIP 35965 b",111.2025182,-51.3257507,12.60000000,2022,"Radial Velocity"
"HD 125612 c",215.2227183,-17.4818147,4.07000000,2009,"Radial Velocity"
"HD 125612 d",215.2227183,-17.4818147,12.70000000,2009,"Radial Velocity"
"HD 156279 c",258.0966686,63.3527828,12.50000000,2016,"Radial Velocity"
"HD 27894 d",65.1975693,-59.4096776,12.70000000,2017,"Radial Velocity"
"HD 181234 b",289.9998695,-9.3249700,12.50000000,2019,"Radial Velocity"
"HD 18143 b",43.9140248,26.8723829,3.28000000,2022,"Radial Velocity"
"HIP 948 b",2.9276336,-39.2304879,12.10000000,2022,"Radial Velocity"
"HD 139357 b",233.8173564,53.9221505,12.10000000,2008,"Radial Velocity"
"HD 25015 b",59.4335463,-20.2673347,12.50000000,2019,"Radial Velocity"
"HD 188641 b",299.4048303,-37.7448845,11.90000000,2022,"Radial Velocity"
"HD 168443 b",275.0159879,-9.5966905,12.60000000,1998,"Radial Velocity"
"HD 156279 b",258.0966686,63.3527828,12.50000000,2011,"Radial Velocity"
"HD 168443 c",275.0159879,-9.5966905,12.20000000,2000,"Radial Velocity"
"GJ 229 A c",92.6435993,-21.8677233,2.87000000,2020,"Radial Velocity"
"HD 81817 b",144.2715659,81.3263096,12.00000000,2020,"Radial Velocity"
"HD 204313 e",322.0510568,-21.7274194,12.20000000,2022,"Radial Velocity"
"HD 169830 c",276.9561859,-29.8167919,12.60000000,2003,"Radial Velocity"
"HIP 56640 b",174.2008941,-37.0391349,12.70000000,2021,"Radial Velocity"
"HD 213519 b",337.7727845,45.1452472,2.99000000,2022,"Radial Velocity"
"HD 217786 c",345.7838088,-0.4303594,2.61000000,2022,"Radial Velocity"
"TOI-3629 b",359.7933851,39.3142556,8.29464572,2022,"Transit"
"HD 183263 c",292.1022982,8.3579183,12.50000000,2008,"Radial Velocity"
"HD 66428 c",120.8691654,-1.1636019,13.50000000,2021,"Radial Velocity"
"HD 80869 b",140.7912931,33.9048294,12.80000000,2021,"Radial Velocity"
"HD 25912 b",60.9074988,-51.9315058,6.90000000,2022,"Radial Velocity"
"HD 217958 b",346.1365770,-25.6917758,14.20000000,2022,"Radial Velocity"
"HD 25912 c",60.9074988,-51.9315058,12.20000000,2022,"Radial Velocity"
"HD 109988 b",189.8154662,-32.7263607,12.10000000,2022,"Radial Velocity"
"HD 28192 b",66.7032517,-1.7244842,12.20000000,2022,"Radial Velocity"
"HD 43197 c",93.3993231,-29.8971929,12.60000000,2022,"Radial Velocity"
"HD 38529 b",86.6451363,1.1675866,14.10000000,2000,"Radial Velocity"
"HD 38529 c",86.6451363,1.1675866,12.50000000,2000,"Radial Velocity"
"HD 110537 b",190.7462412,-4.0501059,11.90000000,2022,"Radial Velocity"
"HD 56957 b",109.3253986,-40.6560651,12.80000000,2022,"Radial Velocity"
"HD 62364 c",113.9052658,-75.5442707,12.00000000,2022,"Radial Velocity"
"TOI-712 c",92.9361063,-65.8258386,2.70100000,2022,"Transit"
"TOI-712 d",92.9361063,-65.8258386,2.47400000,2022,"Transit"
"HD 43197 b",93.3993231,-29.8971929,14.20000000,2010,"Radial Velocity"
"HD 4113 b",10.8027515,-37.9831248,13.50000000,2007,"Radial Velocity"
"HD 111232 c",192.2159553,-68.4246679,12.20000000,2022,"Radial Velocity"
"HD 62549 b",116.0821439,-5.0541223,12.60000000,2022,"Radial Velocity"
"TOI-1452 b",290.1739741,73.1951082,1.67200000,2022,"Transit"
"KMT-2021-BLG-0171L b",269.2416667,-30.0930556,3.35000000,2022,"Microlensing"
"HD 73267 b",129.0735123,-34.4594469,13.00000000,2008,"Radial Velocity"
"HD 11505 b",28.2750265,-1.3284416,12.60000000,2022,"Radial Velocity"
"HD 80913 b",138.1021548,-81.7684510,12.00000000,2022,"Radial Velocity"
"HD 81817 c",144.2715659,81.3263096,12.00000000,2022,"Radial Velocity"
"TOI-2207 b",307.5966925,-44.8876181,11.15293580,2022,"Transit"
"HD 86264 b",149.2409308,-15.8953993,12.50000000,2009,"Radial Velocity"
"HD 7449 b",18.6214650,-5.0479716,12.60000000,2011,"Radial Velocity"
"HD 8673 b",21.5378455,34.5793389,12.30000000,2009,"Radial Velocity"
"HD 127506 b",217.6848544,35.4546059,5.67000000,2022,"Radial Velocity"
"HD 135872 b",229.4213643,-5.2024735,12.80000000,2022,"Radial Velocity"
"HD 86065 b",148.9256674,-18.1069385,12.50000000,2022,"Radial Velocity"
"HD 88072 b",152.3467466,2.3710540,12.60000000,2022,"Radial Velocity"
"HD 93351 b",161.6779279,-1.6885763,1.69000000,2022,"Radial Velocity"
"TOI-2421 b",33.1540208,-35.3909182,10.36830715,2022,"Transit"
"HD 142 c",1.5836771,-49.0753625,12.40000000,2012,"Radial Velocity"
"TOI-2583 A b",272.2670293,45.3368996,14.45958510,2023,"Transit"
"OGLE-2018-BLG-1119L b",270.0292500,-32.3752778,13.90000000,2022,"Microlensing"
"KMT-2021-BLG-1554L b",267.8034167,-31.8643611,6.90000000,2022,"Microlensing"
"TOI-2796 b",84.1527191,0.8962788,17.26183028,2023,"Transit"
"TOI-2096 b",151.6186989,74.8272107,1.24300000,2023,"Transit"
"KMT-2021-BLG-1898L b",265.6918750,-27.3758389,14.00000000,2022,"Microlensing"
"GJ 338 B b",138.5916722,52.6835211,3.25000000,2020,"Radial Velocity"
"TOI-2842 b",108.0442066,-10.6393400,12.84549188,2023,"Transit"
"TOI-4603 b",83.8659288,21.2942417,11.67975789,2023,"Transit"
"KMT-2021-BLG-0712L b",269.2856667,-31.1844694,6.91000000,2023,"Microlensing"
"KMT-2021-BLG-0909L b",265.6202083,-27.6391389,13.70000000,2023,"Microlensing"
"MASCARA-1 b",317.5515264,10.7388967,17.90074218,2017,"Transit"
"K2-38 b",240.0333095,-23.1894196,1.54000000,2016,"Transit"
"TOI-3364 b",144.5377709,-49.3352226,12.22899794,2023,"Transit"
"KMT-2021-BLG-2478L b",269.3092083,-29.1019694,13.90000000,2023,"Microlensing"
"KMT-2021-BLG-1105L b",265.7322500,-25.5089111,13.60000000,2023,"Microlensing"
"K2-414 b",351.6361913,-4.6066569,1.21900000,2022,"Transit"
"TOI-4582 b",256.8601374,68.8656263,10.53644186,2023,"Transit"
"TOI-3688 A b",39.2823371,54.8512152,13.08088048,2023,"Transit"
"TOI-942 c",76.6496172,-20.2456126,4.67000000,2020,"Transit"
"TOI-733 b",159.4093183,-40.8882590,1.99200000,2023,"Transit"
"Kepler-20 c",287.6979913,42.3385782,2.89400000,2011,"Transit"
"HIP 21152 b",68.0205209,5.4100745,12.00000000,2022,"Imaging"
"OGLE-2019-BLG-0468L c",266.4060000,-24.4472778,12.50000000,2022,"Microlensing"
"OGLE-2019-BLG-0468L b",266.4060000,-24.4472778,13.10000000,2022,"Microlensing"
"TOI-3976 A b",224.3560083,44.2743223,12.27383387,2023,"Transit"
"KMT-2017-BLG-1003L b",265.4115000,-24.3739389,2.13000000,2023,"Microlensing"
"TOI-4087 b",217.9257785,83.3727061,13.04725353,2023,"Transit"
"TOI-942 b",76.6496172,-20.2456126,3.89000000,2020,"Transit"
"KMT-2021-BLG-0240L b",267.5772917,-30.0049694,9.60000000,2022,"Microlensing"
"KMT-2017-BLG-0673L b",264.7570417,-33.8080278,13.00000000,2022,"Microlensing"
"KMT-2019-BLG-1367L b",272.4713333,-29.7622111,1.85000000,2023,"Microlensing"
"OGLE-2017-BLG-1806L b",266.6232500,-24.2722694,2.15000000,2023,"Microlensing"
"TOI-4791 b",109.3883818,-19.8289392,12.44196858,2023,"Transit"
"EPIC 229004835 b",186.4860415,-1.4047214,2.33200000,2023,"Transit"
"OGLE-2019-BLG-1053L b",270.1663750,-27.3415833,1.38000000,2021,"Microlensing"
"KMT-2019-BLG-2974L b",267.8520833,-29.4231611,11.40000000,2022,"Microlensing"
"OGLE-2019-BLG-1470L AB c",271.9492083,-27.0335556,13.30000000,2022,"Microlensing"
"HD 23472 b",55.4590314,-62.7672667,2.00000000,2019,"Transit"
"HD 191939 c",302.0256247,66.8503014,3.19500000,2020,"Transit"
"OGLE-2018-BLG-0506L b",267.6298333,-31.9240556,4.18000000,2022,"Microlensing"
"TIC 279401253 b",57.6572277,-15.0262251,11.20898070,2023,"Transit"
"HD 23472 c",55.4590314,-62.7672667,1.87000000,2019,"Transit"
"HD 23472 f",55.4590314,-62.7672667,1.13700000,2022,"Transit"
"OGLE-2019-BLG-1492L b",270.0964583,-28.6311389,6.79000000,2022,"Microlensing"
"TIC 279401253 c",57.6572277,-15.0262251,12.60000000,2023,"Transit"
"TOI-1811 b",188.9223576,27.2143766,11.14172682,2023,"Transit"
"HD 23472 d",55.4590314,-62.7672667,0.75000000,2022,"Transit"
"HD 23472 e",55.4590314,-62.7672667,0.81800000,2022,"Transit"
"HATS-54 b",200.6348641,-44.6888393,11.37711541,2019,"Transit"
"HD 45364 c",96.4105736,-31.4810037,14.20000000,2008,"Radial Velocity"
"KMT-2021-BLG-1253L b",267.6172083,-29.2792806,4.59000000,2022,"Microlensing"
"TOI-2152 A b",26.3389717,77.7901231,14.35870428,2023,"Transit"
"NGTS-23 b",70.4322947,-40.0445299,14.20177855,2022,"Transit"
"NGTS-24 b",168.5638892,-37.9101328,13.60770257,2022,"Transit"
"NGTS-25 b",307.4182976,-39.0323568,11.46678726,2022,"Transit"
"KMT-2021-BLG-1372L b",264.4885417,-28.1483889,9.12000000,2022,"Microlensing"
"TOI-2154 b",71.0281482,84.3642652,16.28664896,2023,"Transit"
"TOI-2497 b",90.0625878,11.8840577,11.14172682,2023,"Transit"
"TOI-5542 b",302.7984228,-61.1354659,11.30986153,2022,"Transit"
"TOI-2338 b",81.3445824,-34.6682491,11.20898070,2023,"Transit"
"KMT-2021-BLG-1077L b",266.4891250,-33.8428111,9.86000000,2022,"Microlensing"
"PZ Tel b",283.2745823,-50.1808952,11.90000000,2023,"Imaging"
"KMT-2018-BLG-0030L b",264.5166667,-28.0416250,13.60000000,2022,"Microlensing"
"Kepler-138 b",290.3814122,43.2930645,0.64000000,2014,"Transit"
"MOA-2020-BLG-135L b",268.4235000,-29.8075667,3.37000000,2022,"Microlensing"
"TOI-2364 b",89.1300265,-5.0120298,8.60849718,2023,"Transit"
"OGLE-2018-BLG-0298L b",264.2845000,-29.7091111,7.56000000,2022,"Microlensing"
"TOI-969 c",115.1366858,2.0985879,12.40000000,2022,"Radial Velocity"
"OGLE-2006-BLG-284L A b",269.6592500,-29.1366667,14.30000000,2020,"Microlensing"
"Kepler-138 c",290.3814122,43.2930645,1.51000000,2014,"Transit"
"K2-3 d",172.3353708,-1.4551364,1.45800000,2015,"Transit"
"K2-3 c",172.3353708,-1.4551364,1.58200000,2015,"Transit"
"HD 111998 b",193.2953521,-3.5531133,12.90000000,2016,"Radial Velocity"
"HIP 70849 b",217.3270762,-46.4646840,12.90000000,2011,"Radial Velocity"
"HD 114783 c",198.1818436,-2.2649921,13.40000000,2016,"Radial Velocity"
"Kepler-409 b",293.6792058,46.8527337,1.19900000,2014,"Transit"
"Kepler-20 f",287.6979913,42.3385782,0.95200000,2011,"Transit"
"KMT-2022-BLG-0440L b",269.5835833,-32.2953056,4.05000000,2023,"Microlensing"
"TOI-411 c",54.8195380,-42.7630276,2.32800000,2022,"Transit"
"HD 140901 c",236.8689866,-37.9172333,13.40000000,2022,"Radial Velocity"
"Kepler-102 c",281.4824731,47.2078263,0.56700000,2014,"Transit"
"Kepler-37 c",284.0592503,44.5183733,0.75500000,2013,"Transit"
"K2-416 b",349.2211822,-5.2015032,2.66000000,2023,"Transit"
"TOI-411 b",54.8195380,-42.7630276,1.36200000,2022,"Transit"
"HIP 54597 b",167.6082179,-29.4143018,13.30000000,2023,"Radial Velocity"
"HD 75302 b",132.3015641,3.4850141,12.80000000,2023,"Radial Velocity"
"Kepler-68 c",291.0323102,49.0402129,0.97900000,2013,"Transit"
"MOA-2020-BLG-208L b",268.4325000,-32.5893111,7.71000000,2023,"Microlensing"
"HD 15906 b",38.2712534,-10.3521780,2.24000000,2023,"Transit"
"HIP 81208 C b",248.8075000,-35.7247583,12.30000000,2023,"Imaging"
"HD 108202 b",186.4613189,-1.1109233,13.10000000,2023,"Radial Velocity"
"Kepler-323 b",291.3822988,38.1274595,1.38100000,2014,"Transit"
"HD 15906 c",38.2712534,-10.3521780,2.93000000,2023,"Transit"
"TOI-622 b",125.3050544,-46.4842959,9.23620010,2023,"Transit"
"TOI-4201 b",90.4747237,-13.4613710,13.67495645,2023,"Transit"
"HD 99492 b",171.6896870,3.0071331,5.44000000,2004,"Radial Velocity"
"Kepler-454 b",287.4786474,38.2290751,2.37000000,2015,"Transit"
"Kepler-109 b",290.3926795,40.2849074,2.49000000,2014,"Transit"
"GJ 1252 b",306.9286462,-56.4622865,1.19300000,2020,"Transit"
"HAT-P-2 c",245.1514324,41.0479601,12.40000000,2023,"Radial Velocity"
"TOI-4600 b",258.4503674,64.5661727,6.80000000,2023,"Transit"
"TOI-858 B b",60.1998256,-54.5929177,14.06727078,2023,"Transit"
"K2-36 b",169.4490102,3.8665038,1.43000000,2016,"Transit"
"K2-36 c",169.4490102,3.8665038,3.20000000,2016,"Transit"
"Kepler-538 b",297.4865503,49.6233975,2.21500000,2016,"Transit"
"TOI-1235 b",152.2182549,69.2766204,1.69000000,2020,"Transit"
"TOI-1052 b",337.5102738,-75.6465606,2.87000000,2023,"Transit"
"K2-110 b",207.3497402,-12.2849182,2.59200000,2017,"Transit"
"TOI-1634 c",56.3906096,37.1122803,,2022,"Radial Velocity"
"TOI-2018 b",229.8374423,29.2078771,2.26800000,2023,"Transit"
"TOI-1052 c",337.5102738,-75.6465606,6.48000000,2023,"Radial Velocity"
"TOI-519 b",124.6067582,-19.6627918,11.54525012,2021,"Transit"
"TOI-244 b",10.5697537,-36.7179743,1.52000000,2023,"Transit"
"TOI-2084 b",259.2545389,72.7470231,2.47000000,2023,"Transit"
"TOI-4184 b",43.8284749,-79.4147039,2.43000000,2023,"Transit"
"TOI-470 b",94.0099043,-25.0314111,4.34000000,2023,"Transit"
"TOI-1470 b",10.0891431,61.2133868,2.18000000,2023,"Transit"
"Kepler-21 b",287.3619673,38.7141384,1.63900000,2012,"Transit"
"Kepler-78 b",293.7419543,44.4482521,1.20100000,2013,"Transit"
"WISE J033605.05-014350.4 b",54.0210417,-1.7306944,12.60000000,2023,"Imaging"
"OGLE-2018-BLG-1126L b",268.3558750,-31.7247194,4.41000000,2022,"Microlensing"
"HD 6860 b",17.4329790,35.6204990,11.90000000,2023,"Radial Velocity"
"TOI-1470 c",10.0891431,61.2133868,2.47000000,2023,"Transit"
"K2-12 b",173.1919022,2.2446794,2.44000000,2015,"Transit"
"OGLE-2018-BLG-1212L b",271.0776250,-28.1940833,9.32000000,2022,"Microlensing"
"GJ 649 b",254.5363221,25.7419719,10.80000000,2009,"Radial Velocity"
"HD 36384 b",84.9319998,75.0439884,12.70000000,2023,"Radial Velocity"
"MWC 758 c",82.6147199,25.3324076,,2023,"Imaging"
"K2-2016-BLG-0005L b",269.8798333,-27.6074722,13.70000000,2023,"Microlensing"
"GJ 849 b",332.4229938,-4.6408317,13.90000000,2006,"Radial Velocity"
"GJ 849 c",332.4229938,-4.6408317,13.80000000,2014,"Radial Velocity"
"TOI-2095 b",285.6365235,75.4185135,1.25000000,2023,"Transit"
"TOI-2095 c",285.6365235,75.4185135,1.33000000,2023,"Transit"
"Kepler-68 b",291.0323102,49.0402129,2.35700000,2013,"Transit"
"Kepler-107 d",297.0281620,48.2086019,0.86000000,2014,"Transit"
"TOI-139 b",336.4024144,-34.9097131,2.45660000,2023,"Transit"
"HD 62364 b",113.9052658,-75.5442707,12.10000000,2022,"Radial Velocity"
"BD-210397 b",33.3024198,-21.1962147,14.00000000,2023,"Radial Velocity"
"KMT-2022-BLG-0371L b",265.3619167,-34.6986694,10.90000000,2023,"Microlensing"
"WASP-79 b",66.3709016,-30.6004362,17.14974047,2012,"Transit"
"Kepler-454 d",287.4786474,38.2290751,13.30000000,2023,"Radial Velocity"
"HD 74698 b",130.0744755,-71.8768726,5.12000000,2023,"Radial Velocity"
"HD 74698 c",130.0744755,-71.8768726,14.00000000,2023,"Radial Velocity"
"GJ 9404 b",184.8472095,28.3827126,3.48000000,2023,"Radial Velocity"
"GJ 832 b",323.3912616,-49.0125169,13.80000000,2008,"Radial Velocity"
"Kepler-323 c",291.3822988,38.1274595,1.57000000,2014,"Transit"
"TOI-5803 b",327.2487497,6.2781777,3.27320000,2023,"Transit"
"KMT-2019-BLG-1216L b",268.4806250,-35.1366389,5.98000000,2023,"Microlensing"
"TOI-1680 b",292.3139790,65.9738018,1.46600000,2023,"Transit"
"HD 100777 b",173.9646303,-4.7555425,13.70000000,2007,"Radial Velocity"
"HD 215497 c",341.6527140,-56.5997984,13.00000000,2009,"Radial Velocity"
"Kepler-107 c",297.0281620,48.2086019,1.59700000,2014,"Transit"
"K2-3 b",172.3353708,-1.4551364,2.07800000,2015,"Transit"
"Kepler-107 b",297.0281620,48.2086019,1.53600000,2014,"Transit"
"Kepler-37 d",284.0592503,44.5183733,2.03000000,2013,"Transit"
"HD 167677 b",274.2067844,-11.4067857,13.20000000,2023,"Radial Velocity"
"HD 165131 b",271.3444007,-21.6737039,12.10000000,2023,"Radial Velocity"
"HIP 39017 b",119.7665756,-4.3326006,12.00000000,2024,"Imaging"
"omi UMa b",127.5649503,60.7177048,13.00000000,2012,"Radial Velocity"
"omi CrB b",230.0350768,29.6160222,13.70000000,2012,"Radial Velocity"
"TOI-544 b",82.2900716,-0.3428983,2.01800000,2022,"Transit"
"Teegarden's Star d",43.2691449,16.8649024,0.95400000,2024,"Radial Velocity"
"TOI-782 b",183.9203614,-18.9103377,2.73400000,2024,"Transit"
"HD 4732 c",12.3085089,-24.1369079,13.10000000,2012,"Radial Velocity"
"HD 4732 b",12.3085089,-24.1369079,13.40000000,2012,"Radial Velocity"
"ome Ser b",237.5732422,2.1963040,14.00000000,2013,"Radial Velocity"
"TOI-2010 b",292.1669417,53.4873694,11.81426566,2023,"Transit"
"TOI-1273 b",214.1208564,58.3902534,11.09689089,2024,"Transit"
"TOI-904 b",89.3712733,-83.1297264,2.42600000,2023,"Transit"
"KMT-2023-BLG-0469L b",269.4067917,-28.7150611,7.04000000,2024,"Microlensing"
"HD 2952 b",8.2938367,54.8948177,13.90000000,2013,"Radial Velocity"
"TOI-2416 b",57.3389409,-60.7871861,9.86390302,2023,"Transit"
"TOI-2373 b",61.6862197,-16.7557546,10.42435205,2023,"Transit"
"TOI-904 c",89.3712733,-83.1297264,2.16700000,2023,"Transit"
"TOI-4860 b",183.5639610,-13.1748411,8.70000000,2023,"Transit"
"TOI-4633 c",256.8431021,62.4755480,3.20000000,2024,"Transit"
"gam Lib b",233.8818636,-14.7895020,13.70000000,2018,"Radial Velocity"
"KMT-2021-BLG-1770L b",270.4399583,-27.4186694,12.10000000,2023,"Microlensing"
"OGLE-2019-BLG-1180L b",269.2465417,-27.9754444,13.50000000,2023,"Microlensing"
"HD 47366 b",99.4200181,-12.9856593,13.40000000,2016,"Radial Velocity"
"HD 47366 c",99.4200181,-12.9856593,13.50000000,2016,"Radial Velocity"
"Kepler-100 e",291.3861294,41.9901394,5.27000000,2023,"Radial Velocity"
"NGTS-27 b",206.0265266,-32.5229747,15.64773706,2024,"Transit"
"HD 134606 d",228.8103897,-70.5203328,7.59000000,2024,"Radial Velocity"
"HATS-2 b",176.7388264,-22.5630097,12.57647635,2013,"Transit"
"gam Cep b",354.8358233,77.6331009,12.70000000,2003,"Radial Velocity"
"TOI-5398 c",161.8795569,36.3294345,3.52000000,2023,"Transit"
"HD 134606 f",228.8103897,-70.5203328,2.24000000,2024,"Radial Velocity"
"HD 134606 e",228.8103897,-70.5203328,1.33000000,2024,"Radial Velocity"
"TOI-238 c",349.2310814,-18.6066463,2.18000000,2024,"Radial Velocity"
"2MASS J11550485-7919108 b",178.7691634,-79.3197558,12.10000000,2024,"Imaging"
"2MASS J21252752-8138278 b",321.3662989,-81.6414894,12.40000000,2024,"Imaging"
"Kepler-1513 c",289.7917561,39.2852655,11.00000000,2023,"Transit Timing Variations"
"HIP 66074 b",203.1635632,75.0071038,12.90000000,2023,"Astrometry"
"HAT-P-19 b",9.5165832,34.7114025,11.29865255,2010,"Transit"
"Kepler-849 b",290.8517961,48.5213243,8.08167508,2016,"Transit"
"TOI-1853 b",211.4593468,16.9923703,3.46000000,2023,"Transit"
"TOI-5126 b",151.6597827,18.6340631,4.74000000,2023,"Transit"
"Kepler-1513 b",289.7917561,39.2852655,8.59400000,2016,"Transit"
"HAT-P-51 b",21.0651251,32.8107000,13.50682174,2015,"Transit"
"Kepler-553 c",298.5508922,48.3325405,11.57887706,2016,"Transit"
"Kepler-111 c",291.6531630,44.6882613,7.08407580,2014,"Transit"
"14 And b",352.8241500,39.2358367,13.10000000,2008,"Radial Velocity"
"18 Del b",314.6078375,10.8391378,12.50000000,2008,"Radial Velocity"
"GJ 724 b",280.2383650,-13.3824997,3.27000000,2023,"Radial Velocity"
"KMT-2019-BLG-0335L b",262.8401250,-29.5906889,12.10000000,2023,"Microlensing"
"Kepler-553 b",298.5508922,48.3325405,4.74139884,2016,"Transit"
"6 Lyn b",97.6960311,58.1611753,13.40000000,2008,"Radial Velocity"
"4 UMa b",130.0528099,64.3280504,12.60000000,2006,"Radial Velocity"
"TOI-4641 b",42.5582023,25.3335334,8.18255591,2023,"Transit"
"CI Tau c",68.4667685,22.8416192,13.00000000,2024,"Radial Velocity"
"TOI-1994 b",147.1745753,-51.7565640,13.67495645,2024,"Transit"
"TOI-4515 b",21.1861778,21.5130638,12.17000000,2024,"Transit"
"M62H b",255.3074504,-30.1069833,,2024,"Pulsar Timing"
"HD 145457 b",242.5162215,26.7429068,13.20000000,2010,"Radial Velocity"
"HD 167042 b",272.6326268,54.2876184,13.60000000,2007,"Radial Velocity"
"LHS 1678 c",68.1789866,-39.7908744,0.94100000,2021,"Transit"
"HD 173416 b",280.9005676,36.5568570,13.40000000,2008,"Radial Velocity"
"HD 32518 b",77.4037569,69.6391355,13.20000000,2009,"Radial Velocity"
"HS Psc b",24.3473790,26.9528036,13.60000000,2024,"Radial Velocity"
"HD 81688 b",142.1665753,45.6009241,13.50000000,2007,"Radial Velocity"
"kap CrB b",237.8080012,35.6558818,13.30000000,2007,"Radial Velocity"
"KMT-2021-BLG-1547L b",272.3995833,-29.0839389,13.60000000,2023,"Microlensing"
"TOI-4559 b",211.0135378,-30.0141252,1.41500000,2024,"Transit"
"11 Com b",185.1787793,17.7932516,12.20000000,2007,"Radial Velocity"
"nu Oph b",269.7566013,-9.7741342,12.00000000,2012,"Radial Velocity"
"TOI-4377 b",164.9324709,-82.2213501,15.10970598,2023,"Transit"
"KMT-2023-BLG-0416L b",266.3240417,-25.0794889,3.67000000,2024,"Microlensing"
"HD 76920 b",133.8203530,-67.2653621,13.10000000,2017,"Radial Velocity"
"75 Cet b",38.0391598,-1.0350269,13.30000000,2012,"Radial Velocity"
"LHS 3154 b",241.6367309,40.9068221,3.69000000,2023,"Radial Velocity"
"TOI-1269 b",249.6966397,64.5591810,2.40144286,2024,"Transit"
"Kepler-23 d",294.2189131,49.4792536,2.20600000,2014,"Transit"
"TOI-4153 b",335.3934698,82.2160792,16.11851425,2024,"Transit"
"TOI-3919 b",208.9447534,40.3918061,12.31866979,2024,"Transit"
"TOI-1288 b",313.1670294,65.6087833,4.96846551,2022,"Transit"
"GJ 238 b",98.4548810,-58.5250316,0.56600000,2024,"Transit"
"Kepler-49 c",292.2945208,40.5918123,2.44400000,2012,"Transit"
"TOI-5301 b",12.9908008,13.0783712,13.09208946,2024,"Transit"
"TOI-5232 b",294.3374248,35.2764934,12.77823800,2024,"Transit"
"TOI-1410.01",334.8828486,42.5603141,3.10083009,2024,"Transit"
"TOI-1386 b",334.5041029,54.3190454,6.21638650,2024,"Transit"
"TOI-6029 b",8.3862555,61.8607659,14.39233122,2024,"Transit"
"OGLE-2017-BLG-0448L b",268.6686250,-31.0319167,4.08000000,2024,"Microlensing"
"Kepler-128 c",282.4922622,43.9802442,1.52100000,2013,"Transit"
"TOI-1451 b",186.5242821,61.2589289,2.61143902,2024,"Transit"
"TIC 4672985 b",38.4706782,-10.6573827,11.50041420,2024,"Transit"
"TOI-5218 b",292.6634642,71.7629612,9.86000000,2024,"Transit"
"Kepler-305 d",299.2242557,40.3431670,2.76000000,2014,"Transit"
"TOI-1601 b",38.3615690,41.0134321,14.19902343,2021,"Transit"
"TOI-1444 b",305.4749252,70.9437054,1.41792246,2021,"Transit"
"TOI-1736 b",43.4344615,69.1013450,3.18175535,2023,"Transit"
"TOI-5634 A b",175.6436366,20.9652921,10.42000000,2024,"Transit"
"TOI-1683.01",65.9796504,27.8223701,2.63820000,2024,"Transit"
"TOI-1298 b",241.3229012,70.1900397,9.65807033,2021,"Transit"
"TOI-1751 b",243.4888534,63.5335297,2.95078450,2024,"Transit"
"K2-419 A b",135.0194934,13.2737056,10.55000000,2024,"Transit"
"TOI-4443.01",274.2686643,21.9095459,1.71932650,2024,"Transit"
"HIP 97166 b",296.2446203,74.0628577,2.48013380,2021,"Transit"
"TOI-1776 b",164.7772913,40.9837182,1.21612741,2024,"Transit"
"Kepler-963 c",296.7529742,45.0411049,0.60000000,2024,"Transit"
"OGLE-2023-BLG-0836L b",267.1868750,-23.7415194,12.90000000,2024,"Microlensing"
"BD-14 3065 b",153.6696689,-15.6428372,21.59000000,2024,"Transit"
"HIP 97166 c",296.2446203,74.0628577,2.75000000,2021,"Radial Velocity"
"TOI-1794 b",203.3974857,49.0608433,3.29701268,2024,"Transit"
"2MASS J03590986+2009361 b",59.7911026,20.1599759,12.20000000,2024,"Imaging"
"TOI-663 c",160.0658525,-8.5110827,2.26000000,2024,"Transit"
"TOI-1246 c",251.1158702,70.4299917,2.45109846,2022,"Transit"
"TOI-1842 b",201.9626552,9.0306437,12.34850230,2021,"Transit"
"TOI-1824 b",197.7312286,61.7448492,2.74382690,2024,"Transit"
"HIP 77900 b",238.6253901,-27.3387434,12.10000000,2024,"Imaging"
"2MASS J11011926-7732383 b",165.3295388,-77.5440912,11.90000000,2024,"Imaging"
"SPECULOOS-3 b",312.3632611,33.6123832,0.97700000,2024,"Transit"
"KMT-2023-BLG-1431L b",271.1835417,-29.7439194,3.76000000,2024,"Microlensing"
"TOI-3071 b",173.2790517,-56.5033871,7.16000000,2024,"Transit"
"TOI-1246 e",251.1158702,70.4299917,3.51418750,2022,"Transit"
"TOI-2019 b",234.4317651,48.9552060,5.33275337,2024,"Transit"
"TIC 139270665 c",124.0338967,33.2914532,12.90000000,2024,"Radial Velocity"
"HD 48948 b",102.4898110,60.3373133,2.06000000,2024,"Radial Velocity"
"HD 93963 A c",162.7766969,25.6410650,3.11976057,2022,"Transit"
"HD 93963 A b",162.7766969,25.6410650,1.46954368,2022,"Transit"
"TOI-815 c",155.8719377,-43.8349248,2.62000000,2024,"Transit"
"HD 48948 c",102.4898110,60.3373133,2.60000000,2024,"Radial Velocity"
"HD 48948 d",102.4898110,60.3373133,3.24000000,2024,"Radial Velocity"
"HIP 8152 c",26.2092533,-18.4013844,2.52442508,2023,"Transit"
"HIP 8152 b",26.2092533,-18.4013844,2.53625843,2023,"Transit"
"TOI-1669 b",45.9564744,83.5874273,14.10000000,2023,"Radial Velocity"
"OGLE-2014-BLG-0221L b",270.3037500,-27.4267639,12.90000000,2024,"Microlensing"
"TOI-329 b",351.3210955,-15.6346313,4.94057819,2024,"Transit"
"TOI-480 b",88.3784618,-16.2653974,2.85372018,2024,"Transit"
"TOI-1410 c",334.8828486,42.5603141,5.63000000,2024,"Radial Velocity"
"TOI-757 b",187.9948428,-35.5544523,2.50000000,2024,"Transit"
"GJ 900 b",353.7526177,1.6055211,12.40000000,2024,"Imaging"
"TOI-1450 A c",286.8540627,59.0866254,1.13000000,2024,"Transit"
"TOI-1855 b",205.3539534,17.6868719,18.49481816,2024,"Transit"
"TOI-3261 b",47.7285242,-73.5319720,3.82000000,2024,"Transit"
"TOI-669 b",158.9007013,-5.1813735,2.58606487,2023,"Transit"
"HD 25463 b",60.7483361,9.2077676,2.54535814,2023,"Transit"
"HD 73344 b",129.6894456,23.6852651,2.88400000,2024,"Transit"
"TOI-2368 b",134.9576234,-48.4884929,10.83908434,2024,"Transit"
"TOI-2107 b",286.7965405,-58.6968348,13.57407563,2024,"Transit"
"TOI-1248 b",259.0235918,63.1056072,6.80848590,2024,"Transit"
"TOI-837 b",157.0372806,-64.5052107,9.16894621,2020,"Transit"
"SWEEPS-11 b",269.7583333,-29.1981944,12.66600000,2006,"Transit"
"Kepler-24 c",290.4132621,38.3437283,2.51400000,2011,"Transit"
"Kepler-57 b",293.6413146,44.6570692,3.13500000,2012,"Transit"
"TOI-3894 b",201.3748265,52.7681036,15.27784069,2024,"Transit"
"TOI-3321 b",265.7603351,-65.0082516,15.55806521,2024,"Transit"
"TOI-1744.01",294.2910707,60.8813020,2.68000000,2024,"Transit"
"K2-360 c",183.7203635,1.9681688,4.02000000,2024,"Radial Velocity"
"WASP-132 b",217.6091998,-46.1595160,10.09929161,2016,"Transit"
"TOI-469.01",93.0578446,-14.6493167,3.41000000,2021,"Transit"
"K2-260 b",76.8673317,16.8676948,18.41635529,2018,"Transit"
"K2-237 b",253.7688479,-28.7105836,16.06246934,2018,"Transit"
"TOI-1772.01",156.8377040,34.3909497,2.90500000,2024,"Transit"
"WASP-132 c",217.6091998,-46.1595160,1.84100000,2022,"Transit"
"BD-17 63 b",7.1413494,-16.2273254,12.80000000,2008,"Radial Velocity"
"K2-261 b",163.0323119,0.4931670,9.26982704,2018,"Transit"
"K2-321 b",156.4054989,2.5138829,2.05124347,2020,"Transit"
"TOI-1777.01",151.8070320,46.1148814,2.24600000,2024,"Transit"
"HD 20794 d",49.9997666,-43.0666533,2.04000000,2011,"Radial Velocity"
"HD 175167 b",285.0033888,-69.9450664,12.30000000,2009,"Radial Velocity"
"Kepler-289 d",297.4653351,42.8828517,3.03000000,2014,"Transit"
"Kepler-289 c",297.4653351,42.8828517,11.23000000,2014,"Transit"
"K2-167 b",336.5761233,-18.0116650,2.36509493,2018,"Transit"
"K2-265 b",342.0316493,-14.4947789,1.70824866,2018,"Transit"
"Kepler-289 b",297.4653351,42.8828517,2.49000000,2014,"Transit"
"KELT-24 b",161.9090273,71.6557270,12.71098411,2019,"Transit"
"TOI-3568 b",322.6023682,34.7395805,5.30000000,2024,"Transit"
"K2-57 b",342.6918241,-14.0700007,2.30905002,2016,"Transit"
"K2-54 b",338.0541631,-17.5440636,2.61169250,2016,"Transit"
"TOI-4638.01",12.8206627,12.7879858,2.93300000,2024,"Transit"
"TOI-5076 b",50.5104166,17.2392094,3.48935569,2024,"Transit"
"TOI-4562 b",112.0100593,-63.5177788,12.53000000,2023,"Transit"
"K2-77 b",55.2285210,12.5724480,2.49960270,2016,"Transit"
"K2-180 b",126.4643579,10.2465770,2.46597575,2018,"Transit"
"TOI-2458 c",79.6215290,1.2534390,3.18000000,2024,"Radial Velocity"
"TOI-4562 c",112.0100593,-63.5177788,12.80000000,2024,"Transit Timing Variations"
"K2-97 b",127.7628370,10.8475571,13.45077684,2016,"Transit"
"K2-182 b",130.1800460,10.9829509,2.71257333,2018,"Transit"
"NGTS-33 b",107.8333348,-35.8505185,18.38272835,2024,"Transit"
"Kepler-105 b",287.8872376,46.2761224,2.53000000,2013,"Transit"
"TOI-2537 b",54.3882661,10.0577464,11.25381662,2024,"Transit"
"K2-98 b",126.4882114,11.5110933,5.06645928,2016,"Transit"
"K2-114 b",127.8829120,11.9222550,10.59248676,2017,"Transit"
"TOI-4994 b",283.1325335,-78.4344302,8.54124329,2024,"Transit"
"Kepler-105 c",287.8872376,46.2761224,1.44000000,2014,"Transit"
"TOI-2295 c",281.5761962,50.4924657,12.80000000,2024,"Radial Velocity"
"TOI-5110 b",94.4042694,31.6103309,11.98240037,2024,"Transit"
"TOI-2537 c",54.3882661,10.0577464,12.70000000,2024,"Radial Velocity"
"MOA-2008-BLG-310L b",268.5605420,-34.7780528,5.18000000,2009,"Microlensing"
"K2-115 b",126.5535002,12.2818510,11.80305668,2017,"Transit"
"K2-277 b",202.0161895,-15.9379749,2.18575124,2018,"Transit"
"TOI-406 c",49.2626428,-42.2441492,1.32000000,2024,"Transit"
"TOI-5005 b",238.1081940,-48.1451000,6.25000000,2024,"Transit"
"HD 86728 b",150.2500540,31.9218216,3.03000000,2025,"Radial Velocity"
"KMT-2021-BLG-2609L b",263.5188750,-27.5969389,3.17000000,2024,"Microlensing"
"TOI-5688 A b",266.9231001,47.7050486,10.30000000,2024,"Transit"
"HD 222237 b",354.9078642,-72.7253271,12.80000000,2024,"Radial Velocity"
"HD 21520 b",51.6403449,-43.6136649,2.69700000,2024,"Transit"
"TOI-2768 b",99.3641336,-15.4812031,2.63000000,2024,"Transit"
"TOI-1174 b",209.2171751,68.6182106,2.56200000,2024,"Transit"
"TOI-2981 b",163.4873940,-25.5245988,13.40000000,2024,"Transit"
"TOI-1180 b",214.5557741,82.1937642,3.07200000,2024,"Transit"
"OGLE-2016-BLG-1800L b",269.9032083,-30.8653611,13.20000000,2024,"Microlensing"
"TOI-5713 b",208.4587323,52.6027628,1.77000000,2024,"Transit"
"TOI-6002 b",299.6142524,32.2871702,1.65000000,2024,"Transit"
"HD 135694 b",227.8678636,71.8412965,2.85700000,2023,"Transit"
"TOI-1295 b",256.6722026,67.8715032,15.69257298,2024,"Transit"
"TOI-6130 b",339.2050832,16.8271941,14.34749530,2024,"Transit"
"TOI-1437 b",256.1387513,56.8425490,2.24000000,2024,"Transit"
"HD 183579 b",293.2866147,-54.5327284,3.49000000,2021,"Transit"
"KMT-2023-BLG-1866L b",273.4822500,-28.4473889,1.43000000,2024,"Microlensing"
"K2-203 b",12.7736909,-1.1958844,1.26549392,2018,"Transit"
"TOI-6651 b",15.7885904,35.3890405,5.09000000,2024,"Transit"
"TOI-1630.01",352.0166759,75.5526069,2.41700000,2024,"Transit"
"TOI-1467 b",19.1146441,49.2331382,1.92000000,2024,"Transit"
"TOI-1659.01",277.9251938,82.3059487,2.25500000,2024,"Transit"
"HD 101581 c",175.2563039,-44.4041485,0.99000000,2025,"Transit"
"K2-208 b",20.7789809,0.8890076,1.67462172,2018,"Transit"
"TOI-1716.01",105.0833291,56.8241941,3.14300000,2024,"Transit"
"TOI-6038 A b",51.6572691,40.8172704,6.41000000,2025,"Transit"
"HIP 116454 b",353.9543517,0.4447043,2.46900000,2014,"Transit"
"TOI-2420 b",14.8268138,-19.7711643,15.02003414,2024,"Transit"
"K2-225 b",186.5410958,-9.6248232,3.60929179,2018,"Transit"
"TOI-1739 b",240.1724810,83.2586589,1.94600000,2024,"Transit"
"HD 73344 d",129.6894456,23.6852651,13.20000000,2025,"Radial Velocity"
"TOI-2485 b",205.2043217,22.9839692,12.13932610,2024,"Transit"
"K2-7 b",167.0937488,-1.0658550,4.03523305,2015,"Transit"
"HD 118203 c",203.5099560,53.7281876,12.40000000,2024,"Radial Velocity"
"TOI-4734 b",90.3581219,12.5478825,10.91754720,2025,"Transit"
"TOI-1453 c",258.2232705,57.1977779,2.22400000,2025,"Transit"
"TOI-3493 b",205.7990331,-22.5854441,3.22000000,2025,"Transit"
"TOI-2969 b",150.0626247,-47.4452436,12.32987877,2025,"Transit"
"TOI-5300 b",356.4811370,0.4587978,9.86390302,2025,"Transit"
"TOI-4794 b",110.4835517,-12.5654781,14.35870428,2025,"Transit"
"TOI-2443 b",40.1798608,1.1996757,2.36300000,2023,"Transit"
"OGLE-2016-BLG-0007L b",268.3560417,-29.6422500,1.09000000,2025,"Microlensing"
"TOI-5340 b",59.3094816,22.3783373,15.07607904,2025,"Transit"
"AT2021ueyL b",324.5450417,26.4665694,13.60000000,2025,"Microlensing"
"Kepler-10 c",285.6792980,50.2414842,2.35500000,2011,"Transit"
"TOI-2407 b",49.7465450,-46.4580250,4.26000000,2025,"Transit"
"TOI-5386 A b",226.1069193,60.5362318,14.70618268,2025,"Transit"
"TOI-2015 c",232.1326528,27.3610730,2.93000000,2025,"Transit Timing Variations"
"TOI-2015 b",232.1326528,27.3610730,3.30900000,2023,"Transit"
"GJ 3998 b",259.0020507,11.0561751,1.39000000,2016,"Radial Velocity"
"Kepler-725 b",283.9774949,44.8115613,10.80000000,2016,"Transit"
"TOI-1117 b",273.6020606,-66.4199742,2.46000000,2025,"Transit"
"GJ 3998 c",259.0020507,11.0561751,2.50000000,2016,"Radial Velocity"
"TOI-640 b",99.7345935,-36.6461300,19.27944680,2021,"Transit"
"K2-157 d",183.7514959,-5.7820178,5.16000000,2025,"Radial Velocity"
"TOI-1117 c",273.6020606,-66.4199742,2.91000000,2025,"Radial Velocity"
"TOI-1117 d",273.6020606,-66.4199742,3.27000000,2025,"Radial Velocity"
"Proxima Cen d",217.3934657,-62.6761821,0.69200000,2025,"Radial Velocity"
"Proxima Cen b",217.3934657,-62.6761821,1.02000000,2016,"Radial Velocity"
"LP 261-75 b",147.7685281,35.9685562,12.10000000,2006,"Imaging"
"KOI-134 b",295.5865980,45.3649371,12.03844527,2025,"Transit"
"TIC 88785435 b",224.2838576,-30.8800273,5.03000000,2025,"Transit"
"TOI-1238 c",201.3823387,68.8360678,2.11000000,2022,"Transit"
"TOI-1238 b",201.3823387,68.8360678,1.21000000,2022,"Transit"
"KOI-1843.03",285.0131082,40.2209547,0.61000000,2013,"Transit"
"TOI-5143 c",165.3651202,5.1394812,16.25302201,2025,"Transit"
"TOI-1803 b",178.0461054,35.1718001,2.99000000,2025,"Transit"
"TOI-5882 b",311.8886385,34.7374918,11.46678726,2025,"Transit"
"TOI-4465 b",276.1340312,15.8418856,14.01122587,2025,"Transit"
"TOI-1478 b",126.4337428,-13.5595485,11.99360935,2021,"Transit"
"HIP 67851 b",208.4653640,-35.3146536,13.70000000,2015,"Radial Velocity"
"HIP 67851 c",208.4653640,-35.3146536,12.70000000,2015,"Radial Velocity"
"TOI-2346 b",88.0929073,-13.3724686,16.11851425,2025,"Transit"
"HD 94890 b",164.1797804,-37.1383035,13.30000000,2025,"Radial Velocity"
"HD 87816 b",151.5296524,-52.1878679,12.70000000,2025,"Radial Velocity"
"TOI-2886 b",110.0076569,-10.5698414,18.64053490,2025,"Transit"
"TOI-2876 b",110.2473528,-21.1146384,9.63972340,2025,"Transit"
"TOI-2986 b",163.7715605,-6.4784524,9.29224500,2025,"Transit"
"WASP-116 b",35.2157609,-1.8260419,13.67495645,2025,"Transit"
"HD 102888 b",177.6545263,-27.2779074,12.80000000,2025,"Radial Velocity"
"HD 94890 c",164.1797804,-37.1383035,12.50000000,2025,"Radial Velocity"
"TOI-3135 b",207.8592276,-69.7725635,13.65253849,2025,"Transit"
"Gaia-4 b",209.5063762,31.6954898,12.40000000,2025,"Astrometry"
"WASP-188 b",278.7819771,36.6156327,14.81827249,2025,"Transit"
"WASP-154 b",327.7191734,-8.6359458,10.76062147,2025,"Transit"
"TIC 434398831 b",93.9592639,16.0238459,3.51000000,2025,"Transit"
"TOI-3464 b",234.4830357,-44.7899772,13.76462830,2025,"Transit"
"HR 858 c",42.9849779,-30.8140609,1.97900000,2019,"Transit"
"WASP-197 b",160.6307133,28.1986255,14.44837612,2025,"Transit"
"WASP-102 b",336.4643016,15.8566392,14.90794433,2025,"Transit"
"TOI-3486 b",249.4432035,-59.3051077,10.57006880,2025,"Transit"
"TOI-2328 b",31.6907424,-81.2473760,9.97599282,2025,"Transit"
"TOI-3837 b",152.6662832,24.2731213,10.87271128,2025,"Transit"
"Gl 410 b",165.6604212,21.9669164,2.83000000,2025,"Radial Velocity"
"HD 219666 b",349.5592665,-56.9039857,4.89800000,2018,"Transit"
"TOI-3682 b",50.2752271,25.2972658,12.80065596,2025,"Transit"
"TOI-6628 b",225.8370504,-35.2305793,10.98480109,2025,"Transit"
"Kepler-289 e",297.4653351,42.8828517,2.94000000,2025,"Transit"
"KMT-2022-BLG-2076L b",268.0511250,-29.0279306,13.90000000,2025,"Microlensing"
"TOI-4214 b",110.2495104,-13.9262649,10.68215861,2025,"Transit"
"GJ 581 c",229.8564725,-7.7226935,2.50000000,2007,"Radial Velocity"
"G 192-15 c",90.6220931,49.8619390,3.87000000,2025,"Radial Velocity"
"G 268-110 b",16.2236880,-18.1248020,1.13000000,2025,"Radial Velocity"
"TOI-2449 b",67.9843710,-34.4555327,11.24000000,2025,"Transit"
"KMT-2024-BLG-2242L b",268.4150000,-29.5603111,3.82000000,2025,"Microlensing"
"GJ 508.2 b",200.2443854,34.2776644,,2025,"Radial Velocity"
"GJ 3512 c",130.3316616,59.4918364,14.30000000,2020,"Radial Velocity"
"HD 28471 b",66.2875166,-64.0786861,1.75000000,2025,"Radial Velocity"
"HD 28471 c",66.2875166,-64.0786861,2.26000000,2025,"Radial Velocity"
"NGTS-32 b",223.8576228,-18.4323191,15.91675259,2025,"Transit"
"HD 143811 AB b",240.8891972,-30.1371574,15.69257298,2025,"Imaging"
"AF Lep b",81.7699216,-11.9011752,13.00000000,2023,"Imaging"
"TOI-238 b",349.2310814,-18.6066463,1.55900000,2024,"Transit"
"HD 152843 b",253.7848853,20.4915240,3.05000000,2021,"Transit"
"MOA-2022-BLG-033L b",272.8756667,-25.0530806,3.52000000,2025,"Microlensing"
"HD 28471 d",66.2875166,-64.0786861,2.06000000,2025,"Radial Velocity"
"HD 152843 c",253.7848853,20.4915240,5.94000000,2021,"Transit"
"KMT-2023-BLG-1896L b",271.0317500,-26.9589194,4.19000000,2025,"Microlensing"
"KMT-2023-BLG-0119L b",266.8150417,-34.5721889,11.00000000,2025,"Microlensing"
"TOI-6054.02",56.3370070,60.3509170,2.82000000,2024,"Transit"
"WASP-110 b",305.8724366,-44.0587001,13.19297028,2021,"Transit"
"K2-233 d",230.4799011,-20.2317975,2.36300000,2018,"Transit"
"K2-233 c",230.4799011,-20.2317975,1.27200000,2018,"Transit"
"BEBOP-4 AB b",192.5772651,26.1595358,,2025,"Radial Velocity"
"2MASS J22501512+2325342 b",342.5634097,23.4259058,11.90000000,2018,"Imaging"
"WASP-4 b",353.5629149,-42.0617794,15.12091496,2007,"Transit"
"Kepler-391 b",290.6218844,51.0573453,2.50000000,2014,"Transit"
"GJ 251 b",103.7002499,33.2664632,1.79000000,2020,"Radial Velocity"
"TOI-1438 b",280.9237844,74.9378327,3.04000000,2025,"Transit"
"GJ 536 c",210.2597264,-2.6522901,2.30000000,2025,"Radial Velocity"
"TOI-1438 c",280.9237844,74.9378327,2.75000000,2025,"Transit"
"Kepler-391 c",290.6218844,51.0573453,2.88000000,2014,"Transit"
"TOI-756 b",192.1037380,-45.4704709,2.81000000,2025,"Transit"
"TOI-756 c",192.1037380,-45.4704709,13.00000000,2025,"Radial Velocity"
"HD 224018 d",358.6390056,-4.7233362,2.40000000,2025,"Transit"
"TOI-2141 c",258.7623456,18.3403449,2.35000000,2025,"Radial Velocity"
"TOI-6448 b",110.1704109,-33.9223285,8.47398941,2025,"Transit"
"K2-214 b",14.8759777,4.2277722,2.51000000,2018,"Transit"
"51 Eri b",69.4007424,-2.4738245,,2015,"Imaging"
"TOI-1203.01",168.2267358,-34.4069371,2.91800000,2021,"Transit"
"TOI-2093 c",302.7375229,70.8696532,2.30000000,2025,"Transit"
"KMT-2024-BLG-1209L b",261.6129583,-28.1205611,13.20000000,2025,"Microlensing"
"HD 135344 A b",228.9538416,-37.1489176,16.25302201,2025,"Imaging"
"K2-10 b",172.1216476,1.6906217,3.77300000,2015,"Transit"
"TOI-1203 b",168.2267358,-34.4069371,1.52000000,2025,"Radial Velocity"
"TOI-1203 c",168.2267358,-34.4069371,2.20000000,2025,"Radial Velocity"
"HIP 18606 b",59.7181058,-5.4706979,14.00000000,2025,"Radial Velocity"
"HIP 111909 c",340.0304354,-49.5985391,13.90000000,2025,"Radial Velocity"
"TIC 257060897 b",227.5321527,72.7103128,17.26183028,2021,"Transit"
"OGLE-2016-BLG-1266L b",267.8535833,-29.7422500,12.40000000,2018,"Microlensing"
"BD+37 3172 b",278.8155071,38.1153886,12.40000000,2023,"Radial Velocity"
"TOI-654.01",164.7245509,-5.5475446,2.37800000,2024,"Transit"
"K2-37 b",243.4509662,-24.7870527,1.39000000,2016,"Transit"
"K2-37 d",243.4509662,-24.7870527,2.31000000,2016,"Transit"
"K2-55 b",333.7518786,-17.2508002,4.43000000,2016,"Transit"
"TOI-5261 b",305.4585453,19.4358468,11.60129502,2025,"Transit"
"TOI-4773 b",114.9426489,-21.4856184,15.22179579,2025,"Transit"
"BD+42 2315 b",187.5887597,41.2695674,14.20000000,2023,"Radial Velocity"
"Ross 176 b",305.6897438,47.3086191,1.84000000,2025,"Transit"
"K2-62 c",334.3645089,-12.1874776,1.99000000,2016,"Transit"
"K2-61 b",339.6748444,-13.5600447,1.92000000,2016,"Transit"
"TOI-6420 b",125.5443036,-19.1242852,11.93756445,2025,"Transit"
"TOI-5350 b",74.4023015,21.6019759,12.41955062,2025,"Transit"
"TOI-5817 b",322.3777987,21.4745270,3.08000000,2025,"Transit"
"K2-73 b",335.0256620,-9.0560881,2.58000000,2016,"Transit"
"TOI-5799 b",301.6301790,15.9891418,1.73300000,2024,"Transit"
"TOI-1346 b",256.6226752,68.8433031,2.39000000,2025,"Transit"
"TOI-1346 c",256.6226752,68.8433031,2.23000000,2025,"Transit"
"K2-105 b",125.4202985,13.4975122,3.40000000,2017,"Transit"
"TOI-5799 c",301.6301790,15.9891418,1.76000000,2025,"Transit"
"TOI-6223 b",355.9505977,33.0672361,5.07000000,2025,"Transit"
"KOI-351 g",284.4334642,49.3051239,7.71800000,2013,"Transit"
"HD 63433 c",117.4793699,27.3631342,2.69200000,2020,"Transit"
"HD 17156 b",42.4366123,71.7530882,12.26262489,2007,"Radial Velocity"
"TOI-6000 b",292.6062979,68.1545924,0.94000000,2025,"Transit"
"K2-189 c",203.6214411,-15.0365158,2.31000000,2018,"Transit"
"KMT-2024-BLG-0404L b",271.1470833,-27.9535000,11.90000000,2025,"Microlensing"
"KMT-2024-BLG-1281L b",270.1693750,-32.7142500,4.59000000,2025,"Microlensing"
"GJ 317 b",130.2445254,-23.4528090,13.30000000,2007,"Radial Velocity"
"TOI-6303 b",46.7806502,40.1471740,11.59000000,2025,"Transit"
"LHS 1903 d",107.8658260,48.3279327,2.50000000,2026,"Transit"
"LHS 1903 e",107.8658260,48.3279327,1.73200000,2026,"Transit"
"WASP-120 b",62.6160813,-45.8982434,15.58048317,2016,"Transit"
"WASP-140 b",60.3855387,-20.4509991,14.23540549,2016,"Transit"
"HD 85426 c",148.1619305,35.1110080,3.19000000,2026,"Radial Velocity"
"TOI-1774.01",148.1619305,35.1110080,2.78000000,2021,"Transit"
"HD 176986 b",285.7739138,-11.0449410,,2017,"Radial Velocity"
"KOINTREAU-3 b",246.7687845,-24.7166830,13.10000000,2026,"Imaging"
"PDS 70 b",212.0421402,-41.3980405,21.96960217,2018,"Imaging"
"HD 176986 d",285.7739138,-11.0449410,2.49000000,2026,"Radial Velocity"
"TOI-6692 b",312.6940436,-81.2723982,11.67975789,2026,"Transit"
"TOI-4342 b",324.3894196,-77.9791468,2.32900000,2023,"Transit"
"PDS 70 c",212.0421402,-41.3980405,22.19378179,2019,"Imaging"
"V2376 Ori b",83.8398180,-5.3515552,87.20586985,2025,"Imaging"
"TOI-5489 b",128.6912940,11.4895882,1.40000000,2025,"Transit"
"HD 208487 b",329.3332489,-37.7641354,14.30000000,2004,"Radial Velocity"
"HD 181433 b",291.2873731,-66.4677838,,2008,"Radial Velocity"
"TOI-1135 b",193.3963704,85.1294952,9.91994792,2024,"Transit"
"TOI-5716 b",201.9007989,73.1774325,0.96000000,2025,"Transit"
"HD 181433 d",291.2873731,-66.4677838,13.20000000,2008,"Radial Velocity"
"HD 181433 c",291.2873731,-66.4677838,,2008,"Radial Velocity"
"DMPP-1 b",86.7761233,-10.6303217,4.26000000,2019,"Radial Velocity"
"TOI-4940 b",58.2511684,-62.4079681,6.61000000,2025,"Transit"
"TOI-5734 b",111.2558179,37.2311218,2.10000000,2026,"Transit"
"GJ 480 b",189.7134226,11.6950708,2.91000000,2020,"Radial Velocity"
"DMPP-1 d",86.7761233,-10.6303217,2.02000000,2019,"Radial Velocity"
"DMPP-2 b",27.4077310,-34.4590985,14.20000000,2019,"Radial Velocity"
"K2-19 d",174.9602543,0.6035960,1.04400000,2016,"Transit"
"NGTS-35 b",170.2763360,-26.0666162,10.90000000,2025,"Transit"
"TOI-2267 c",65.0614963,84.9008238,1.14000000,2025,"Transit"
"TOI-2267 b",65.0614963,84.9008238,1.00000000,2025,"Transit"
"HD 39194 c",86.1290710,-70.1382377,2.65000000,2021,"Radial Velocity"
"DMPP-3 A b",91.6243532,-72.5143057,1.44000000,2019,"Radial Velocity"
"TOI-5007 b",236.0638704,-61.0413649,11.07447293,2026,"Transit"
"TOI-7166 b",320.6806363,8.8893975,2.01000000,2025,"Transit"
"TOI-375 b",47.1499034,-77.3833275,10.77183045,2026,"Transit"
"TOI-5422 b",86.8436173,25.6260342,9.10169233,2026,"Transit"
"HD 28185 b",66.6100461,-10.5510754,12.80000000,2001,"Radial Velocity"
"XO-3 b",65.4695814,57.8172095,14.79585452,2007,"Transit"
"DMPP-6 c",120.3857827,-70.0234291,3.74000000,2026,"Radial Velocity"
"TOI-7510 b",273.7281880,-54.4340547,7.31000000,2025,"Transit"
"TOI-5788 c",287.4249017,31.7615284,2.27200000,2026,"Transit"
"TOI-5788 b",287.4249017,31.7615284,1.52800000,2026,"Transit"
"DMPP-9 b",316.3060007,-66.9581622,3.89000000,2026,"Radial Velocity"
"HD 72659 c",128.5128072,-1.5686323,12.10000000,2022,"Radial Velocity"
"KMT-2020-BLG-0202L b",267.0404583,-24.4744500,12.40000000,2026,"Microlensing"
"KMT-2022-BLG-1551L b",265.2537500,-27.5518806,13.20000000,2026,"Microlensing"
"HD 95338 b",164.8563364,-56.6235564,4.27174254,2020,"Radial Velocity"
"KMT-2022-BLG-1818L b",270.7986250,-27.4811111,13.00000000,2026,"Microlensing"
"TOI-1243 b",135.7326412,71.6364158,2.33000000,2026,"Transit"
"TOI-5938 b",303.9088422,28.6592261,3.82000000,2026,"Transit"
"TOI-7009 b",299.5131334,55.6510291,3.71000000,2026,"Transit"
"KMT-2025-BLG-0121L b",267.1583750,-23.9988000,12.60000000,2026,"Microlensing"
"HD 28109 b",65.2383065,-68.1026875,2.69000000,2022,"Transit"
"TOI-5388.01",152.1765169,35.5475571,0.99000000,2024,"Transit"
"KMT-2024-BLG-2087L b",268.4500417,-29.2631889,12.90000000,2026,"Microlensing"
"HD 100508 b",173.3014057,-67.0546386,13.70000000,2026,"Radial Velocity"
"HD 114386 c",197.6652124,-35.0561807,13.40000000,2026,"Radial Velocity"
"HD 28109 d",65.2383065,-68.1026875,3.11000000,2022,"Transit"
"KMT-2020-BLG-0414L b",271.9150000,-28.4852222,1.20000000,2021,"Microlensing"
"TOI-6716 b",111.6570820,-30.5521801,0.98200000,2026,"Transit"
"HD 154345 b",255.6524619,47.0855544,13.70000000,2006,"Radial Velocity"
"HD 217107 b",344.5647243,-2.3954489,13.60000000,1998,"Radial Velocity"
"TOI-1472 b",14.1142611,48.6375168,4.05800000,2024,"Transit"
"TOI-1648 b",45.4011794,69.2299235,2.54000000,2025,"Transit"
"HD 164604 b",270.7787177,-28.5608343,12.30000000,2009,"Radial Velocity"
"HD 164604 c",270.7787177,-28.5608343,12.50000000,2026,"Radial Velocity"
"HIP 54515 b",167.3066308,-1.3332838,12.20000000,2026,"Imaging"
"TOI-1518 b",352.2675207,67.0348062,21.05046575,2021,"Transit"
"GJ 4274 b",335.7805478,-17.6104078,1.53000000,2026,"Radial Velocity"
"LHS 1903 b",107.8658260,48.3279327,1.38200000,2026,"Transit"
"LHS 1903 c",107.8658260,48.3279327,2.04600000,2026,"Transit"
"TOI-1080 b",276.3683249,-52.2145730,1.20000000,2026,"Transit"
"TOI-2145 b",263.7580753,40.6950428,12.24020692,2023,"Transit"
"TIC 231949697 b",94.2576817,-43.3661845,1.52831855,2026,"Transit"
"CWISEP J193518.59-154620.3 b",293.8262172,-15.7725727,12.20000000,2025,"Imaging"
"HD 202772 A b",319.6995877,-26.6163743,18.23701160,2019,"Transit"
"TOI-4588 b",282.0004201,48.5422560,2.92922558,2026,"Transit"
"TOI-4513 b",18.0905179,13.7550796,2.34587608,2026,"Transit"
"TIC 24750448 b",26.1958598,-68.6447552,2.43722231,2026,"Transit"
"TOI-4127 b",105.4045516,72.4149297,12.07000000,2023,"Transit"
"TOI-697 b",69.7042208,-36.6813257,2.35859364,2026,"Transit"
"TOI-4561 b",60.9618951,-76.0214574,1.77789214,2026,"Transit"
"TIC 24750448 c",26.1958598,-68.6447552,3.09028272,2026,"Transit"
"GJ 1137 c",161.0866672,-33.5776794,2.11000000,2026,"Radial Velocity"
"TIC 87422071 b",273.0346013,-44.2434042,10.86150230,2026,"Transit"
"TOI-883 b",103.3690609,-6.5078349,7.17166228,2026,"Transit"
"TOI-4640 b",38.2053190,10.0724659,2.84326517,2026,"Transit"
"TIC 38828280 b",68.3926457,-62.1697135,2.62701629,2026,"Transit"
"TIC 147027702 b",161.7728559,-43.9317971,10.92875618,2026,"Transit"
"TIC 245076932 b",198.0634857,-51.2144330,10.87271128,2026,"Transit"
"TOI-921 b",99.6742038,-56.2205396,3.53409617,2026,"Transit"
"TOI-4930 b",208.6418883,-45.1544786,6.93277225,2026,"Transit"
"TIC 62895484 b",116.6385519,22.5903733,3.49391667,2026,"Transit"
"TOI-941 b",78.3005249,6.5459146,6.51165317,2026,"Transit"
"TOI-5159 b",142.7859562,20.0193431,1.54732112,2026,"Transit"
"TIC 86380416 b",145.1603760,65.7327948,2.41236120,2026,"Transit"
"K2-19 b",174.9602543,0.6035960,7.00000000,2015,"Transit"
"TOI-5335 b",46.9523734,15.3590831,4.02422162,2026,"Transit"
"TIC 88692598 b",149.2109097,47.7706699,1.81295951,2026,"Transit"
"TOI-1752 b",253.4614861,60.7096197,1.69300000,2026,"Transit"
"TOI-1269 c",249.6966397,64.5591810,2.22999162,2026,"Transit"
"TOI-5486 b",190.5495041,3.7886012,3.96824928,2026,"Transit"
"TIC 139702105 b",66.4980340,-18.2145450,2.45316949,2026,"Transit"
"TOI-5624 c",180.8443476,49.2512257,2.47400000,2026,"Transit"
"TOI-1718 b",112.0180254,30.3217322,4.10824994,2026,"Transit"
"TOI-5532 b",41.3804035,5.1507331,2.52763693,2026,"Transit"
"TIC 161045582 b",223.6258514,49.0977250,2.24566738,2026,"Transit"
"TOI-1232 c",116.5013990,-61.8797935,8.88000000,2026,"Transit Timing Variations"
"TOI-1732 b",111.8014509,53.0452684,2.49549787,2026,"Transit"
"TOI-5605 b",150.5380078,50.1453867,2.52611303,2026,"Transit"
"TOI-1756 b",306.3287741,77.6364119,1.94225664,2026,"Transit"
"TOI-5630 b",236.4538532,40.3748618,2.37117553,2026,"Transit"
"TIC 206466666 b",56.7694828,-52.3667509,2.14817673,2026,"Transit"
"TOI-198 b",2.2715087,-27.1217452,1.36000000,2023,"Transit"
"KMT-2024-BLG-2005L b",268.4080833,-28.9009806,8.18000000,2026,"Microlensing"
"TOI-1839 b",196.8331106,5.8520458,2.21895097,2026,"Transit"
"TOI-5926 b",308.0784435,15.5030795,7.56807148,2026,"Transit"
"TIC 290487717 b",139.0870563,2.5508053,6.63777941,2026,"Transit"
"TOI-672 b",167.9908627,-39.3281151,5.31000000,2023,"Transit"
"TOI-2071 b",256.6011813,57.6610327,2.56484195,2026,"Transit"
"TOI-4156 c",230.7808336,76.3318816,2.92303762,2026,"Transit"
"TIC 356227008 b",267.2508238,50.1308080,2.39024009,2026,"Transit"
"TOI-2518 b",105.4448495,-34.9196867,2.26838675,2026,"Transit"
"TOI-6393 b",141.2436918,68.7883127,2.75958542,2026,"Transit"
"EPIC 220674823 b",13.0800239,10.7947051,1.60600000,2016,"Transit"
"EPIC 220674823 c",13.0800239,10.7947051,2.71200000,2016,"Transit"
"TOI-2654 b",52.9815377,-47.9946912,7.94454164,2026,"Transit"
"TOI-6699 b",317.0695839,-63.2504996,2.32645266,2026,"Transit"
"TOI-1839 c",196.8331106,5.8520458,2.40867246,2026,"Transit"
"K2-111 c",59.8903081,21.2985263,3.34000000,2020,"Radial Velocity"
"TOI-4156 b",230.7808336,76.3318816,2.53823825,2026,"Transit"
"TOI-7333 b",243.5319622,75.9166315,2.09469416,2026,"Transit"
"rho CrB e",240.2600639,33.3001861,1.75000000,2023,"Radial Velocity"
"MOA-2007-BLG-192L b",272.0158333,-27.1500750,3.58000000,2008,"Microlensing"
"K2-79 b",55.2559307,13.5191871,4.15000000,2016,"Transit"
"K2-111 b",59.8903081,21.2985263,1.83700000,2017,"Transit"
"TOI-4363 b",37.1105554,-12.5493631,1.76689273,2026,"Transit"
"HD 5388 b",13.7990300,-47.4067326,13.10000000,2010,"Radial Velocity"
"Kepler-79 b",300.5171067,44.3815508,3.51000000,2012,"Transit"
"Kepler-79 c",300.5171067,44.3815508,3.76000000,2012,"Transit"
"eps Ind A b",330.8714021,-56.7969023,12.70000000,2019,"Radial Velocity"
"HD 16760 b",40.5892123,38.6182163,12.10000000,2009,"Radial Velocity"
"TOI-3457 b",183.2082686,-79.7572043,10.64000000,2026,"Transit"
"TOI-6884 b",193.0087935,26.6739510,10.39072511,2026,"Transit"
"TOI-4602.01",60.6003316,31.3298354,2.45000000,2024,"Transit"
"TOI-791 b",118.4347574,-69.7017359,11.13051784,2026,"Transit"
"eps Eri b",53.2284306,-9.4581715,13.80000000,2000,"Radial Velocity"
"TOI-791 c",118.4347574,-69.7017359,12.94637271,2026,"Transit"
"HD 190360 b",300.9092476,29.8945410,13.50000000,2003,"Radial Velocity"
"HD 190360 c",300.9092476,29.8945410,5.53000000,2005,"Radial Velocity"
"HD 190360 d",300.9092476,29.8945410,3.48000000,2026,"Radial Velocity"
"TOI-3664 b",35.3084940,59.7118568,13.69737442,2026,"Transit"
"TOI-4034 b",335.1469845,71.7673462,17.71018951,2026,"Transit"
"HD 126105 b",216.0016789,-19.8010960,13.50000000,2026,"Radial Velocity"
"TIC 52059926 b",16.7726869,-68.3681031,10.71000000,2026,"Transit"
"TOI-4427 b",135.0492615,72.1477473,13.09208946,2026,"Transit"
"TOI-2049 b",346.9098199,56.6945130,16.64533634,2026,"Transit"
"TOI-4458 b",252.1259976,74.7637501,12.40834163,2026,"Transit"
"TOI-159 b",51.7822676,-78.5498308,18.18000000,2026,"Transit"
"COCONUTS-2 b",117.3009140,-76.7026960,12.57647635,2021,"Imaging"
"HD 30177 c",70.4770964,-58.0208085,12.90000000,2016,"Radial Velocity"
"TOI-1710 b",94.2838373,76.2110200,5.06000000,2022,"Transit"
"K2-370 b",67.8205302,19.8316901,2.67000000,2022,"Transit"
"HIP 8923 b",28.7250931,-11.5113361,12.50000000,2026,"Radial Velocity"
"TOI-201 c",87.4017825,-54.9104230,10.40000000,2025,"Transit Timing Variations"
"KMT-2023-BLG-0332L b",270.8901250,-27.2223889,12.00000000,2026,"Microlensing"
"XO-2 S d",117.0309753,50.2169068,13.00000000,2024,"Radial Velocity"
"TOI-237 c",353.2435381,-29.4164870,1.20600000,2026,"Transit"
"bet Pic b",86.8212337,-51.0661480,18.49485000,2008,"Imaging"
"bet Pic c",86.8212337,-51.0661480,12.50000000,2019,"Radial Velocity"
"bet Pic d",86.8212337,-51.0661480,14.12331568,2026,"Imaging"
"Kepler-484 b",284.3942844,46.2491109,2.28000000,2016,"Transit"
"Kepler-758 c",293.0846115,41.1354049,1.69000000,2016,"Transit"
"TOI-4311 b",41.6855224,-31.1793201,1.37600000,2026,"Transit"
"TOI-2147 b",155.6415937,83.0837241,10.50000000,2026,"Transit"
"TOI-6019 b",355.0913498,35.9408402,12.30000000,2026,"Transit"
"Kepler-929 b",298.4811022,41.6152603,1.11000000,2016,"Transit"
"Kepler-1767 b",293.6441248,46.9896696,3.01299077,2021,"Transit"
"Kepler-223 e",298.3183909,47.2794824,4.60000000,2014,"Transit"
"Kepler-1127 b",293.2173563,42.7205846,1.96000000,2016,"Transit"
"Kepler-1793 b",291.9129477,40.9539265,3.79037518,2021,"Transit"
"HD 141937 b",238.0735585,-18.4359716,12.40000000,2002,"Radial Velocity"
"TOI-1272 b",199.1962036,49.8610591,4.26000000,2022,"Transit"
"Kepler-1367 b",288.4166786,47.8787308,0.92000000,2016,"Transit"
"Kepler-1900 b",291.8863206,44.4790319,1.62314676,2021,"Transit"
"Kepler-1364 b",295.1521334,49.5876179,2.15000000,2016,"Transit"
"Kepler-482 b",296.8229326,48.1077628,2.36000000,2016,"Transit"
"Kepler-1646 b",287.5264859,42.9129356,1.23000000,2016,"Transit"
"HD 6718 b",16.9536005,-8.2336165,13.30000000,2009,"Radial Velocity"
"Kepler-32 c",297.8423073,46.5743595,2.00000000,2011,"Transit"
"K2-177 b",55.2296156,20.7360891,2.11620480,2018,"Transit"
"Kepler-259 c",288.2119707,46.6150461,2.70000000,2014,"Transit"
"K2-183 b",125.0071770,14.0194586,1.10000000,2018,"Transit"
"Kepler-222 d",287.9060885,46.9377479,3.69000000,2014,"Transit"
"Kepler-165 c",280.6909200,47.8096702,2.23000000,2014,"Transit"
"K2-263 b",129.6821253,15.6806039,2.51300000,2018,"Transit"
"Kepler-166 d",293.1600977,48.8812074,1.73000000,2016,"Transit"
"Kepler-52 b",286.7380152,49.9757383,2.10000000,2012,"Transit"
"K2-186 b",135.3350487,18.8252879,3.17207779,2018,"Transit"
"K2-195 c",199.8315191,-8.5095364,2.57581891,2018,"Transit"
"K2-187 e",132.5235618,23.1924709,1.90000000,2018,"Transit"
"K2-187 c",132.5235618,23.1924709,1.40000000,2018,"Transit"
"K2-189 b",203.6214411,-15.0365158,1.40300000,2018,"Transit"
"K2-280 b",291.5953596,-22.2477071,7.50000000,2018,"Transit"
"K2-381 c",288.0267612,-21.0075789,2.00000000,2022,"Transit"
"Kepler-229 b",286.9994758,48.3757867,2.20000000,2014,"Transit"
"K2-222 b",16.4625203,11.7537171,2.27500000,2018,"Transit"
"K2-220 b",12.7700071,9.5167694,2.37000000,2018,"Transit"
"Kepler-491 b",287.1305782,42.3501533,8.92000000,2016,"Transit"
"Kepler-197 b",295.2264739,50.5592348,1.02000000,2014,"Transit"
"Kepler-216 b",293.7280695,46.1291139,2.35000000,2014,"Transit"
"K2-176 b",58.2691796,17.9069486,1.49090097,2018,"Transit"
"K2-223 b",185.3061830,-10.2820915,0.89000000,2018,"Transit"
"Kepler-1732 b",292.2910129,37.5807686,4.09903273,2021,"Transit"
"14 Her b",242.6021014,43.8163621,12.50000000,2002,"Radial Velocity"
"16 Cyg B b",295.4656422,50.5168243,13.50000000,1996,"Radial Velocity"
"K2-368 d",332.6357627,-11.1661157,1.94800000,2022,"Transit"
"Kepler-261 b",291.3647333,37.6092390,2.18000000,2014,"Transit"
"1RXS J160929.1-210524 b",242.3762343,-21.0831403,18.64700000,2008,"Imaging"
"CoRoT-4 b",102.1946233,-0.6727861,13.34000000,2008,"Transit"
"K2-224 c",189.7041426,-10.0605942,2.41000000,2018,"Transit"
"K2-368 c",332.6357627,-11.1661157,1.36100000,2022,"Transit"
"24 Sex c",155.8684866,-0.9023998,13.90000000,2010,"Radial Velocity"
"CoRoT-7 b",100.9561682,-1.0630076,1.68135000,2009,"Transit"
"K2-226 b",183.6456643,-9.5626286,1.53899305,2018,"Transit"
"K2-227 b",190.9484237,-8.4784159,1.66551298,2018,"Transit"
"2MASS J12073346-3932539 b",181.8890906,-39.5484399,15.69257298,2004,"Imaging"
"CoRoT-7 c",100.9561682,-1.0630076,2.83000000,2009,"Radial Velocity"
"eps Tau b",67.1546573,19.1802782,12.70000000,2006,"Radial Velocity"
"gam1 Leo b",154.9932080,19.8413890,12.50000000,2009,"Radial Velocity"
"K2-229 b",186.8729195,-6.7218474,1.00000000,2018,"Transit"
"Kepler-752 b",292.2681469,37.9556720,2.81000000,2016,"Transit"
"CoRoT-9 b",280.7866461,6.2040783,11.94879400,2009,"Transit"
"K2-343 b",134.2021746,21.5026882,1.65000000,2021,"Transit"
"51 Peg b",344.3675399,20.7690958,14.10000000,1995,"Radial Velocity"
"K2-331 c",132.7376431,13.1702690,2.72000000,2021,"Transit"
"EPIC 212624936 c",210.6376171,-10.0236852,2.30000000,2021,"Transit"
"K2-334 b",136.4894259,16.3255146,5.65000000,2021,"Transit"
"K2-379 b",283.0317641,-27.1807287,2.18100000,2022,"Transit"
"61 Vir d",199.5964550,-18.3157745,5.11000000,2009,"Radial Velocity"
"K2-202 b",283.2643203,-22.4070553,2.30165603,2018,"Transit"
"K2-343 c",134.2021746,21.5026882,2.02000000,2021,"Transit"
"K2-342 b",133.1218996,21.2386816,2.03000000,2021,"Transit"
"Kepler-260 b",291.9259658,38.0140525,2.01000000,2014,"Transit"
"K2-381 d",288.0267612,-21.0075789,1.68900000,2022,"Transit"
"K2-381 b",288.0267612,-21.0075789,1.07500000,2022,"Transit"
"K2-348 b",130.8783479,24.4229559,3.26000000,2021,"Transit"
"K2-384 d",20.4998403,0.7509701,1.39200000,2022,"Transit"
"81 Cet b",39.4243555,-3.3963607,13.10000000,2008,"Radial Velocity"
"K2-352 c",140.4451478,18.4696280,1.92000000,2021,"Transit"
"K2-384 c",20.4998403,0.7509701,1.19100000,2022,"Transit"
"BD+14 4559 b",318.4010002,14.6893834,13.80000000,2009,"Radial Velocity"
"K2-204 b",17.3825067,-0.5177539,3.17214154,2018,"Transit"
"Kepler-1736 b",289.7766991,38.2622374,3.87658560,2021,"Transit"
"K2-205 b",15.2175909,0.4259660,1.99552771,2018,"Transit"
"Kepler-8 b",281.2881335,42.4510975,15.87194400,2010,"Transit"
"K2-209 b",14.6903464,1.3828070,0.86850263,2018,"Transit"
"Kepler-745 b",291.4994412,37.0592571,2.16000000,2016,"Transit"
"K2-211 b",21.1061587,1.7049101,1.33162691,2018,"Transit"
"Kepler-262 c",290.7287168,37.2526575,1.64000000,2014,"Transit"
"Kepler-119 b",295.9463854,42.6588324,3.60000000,2014,"Transit"
"K2-394 b",71.1100020,16.5185817,1.69200000,2022,"Transit"
"CoRoT-19 b",97.0335983,-0.1707293,14.46000000,2011,"Transit"
"Kepler-748 b",292.2628779,37.2369732,2.52000000,2016,"Transit"
"HD 113538 b",196.2339330,-52.4463502,13.20000000,2010,"Radial Velocity"
"Kepler-112 b",296.9811361,43.2097025,2.36000000,2014,"Transit"
"HD 114386 b",197.6652124,-35.0561807,13.60000000,2003,"Radial Velocity"
"HD 136418 b",229.7756438,41.7324230,13.30000000,2009,"Radial Velocity"
"GJ 676 A b",262.5448903,-51.6377777,12.80000000,2010,"Radial Velocity"
"HAT-P-31 b",271.5376722,26.4266061,12.21781000,2011,"Transit"
"HD 11506 b",28.2106607,-19.5073960,12.90000000,2007,"Radial Velocity"
"HD 11506 c",28.2106607,-19.5073960,14.00000000,2008,"Radial Velocity"
"GJ 581 e",229.8564725,-7.7226935,1.38000000,2009,"Radial Velocity"
"HAT-P-35 b",123.2507030,4.7870288,14.93038800,2011,"Transit"
"HD 116029 b",200.1646905,24.6484725,13.60000000,2011,"Radial Velocity"
"HD 142245 b",238.2342443,15.4306118,13.10000000,2011,"Radial Velocity"
"GJ 876 b",343.3239737,-14.2665958,13.30000000,1998,"Radial Velocity"
"HD 118203 b",203.5099560,53.7281876,12.77823800,2005,"Radial Velocity"
"HD 142 b",1.5836771,-49.0753625,12.70000000,2001,"Radial Velocity"
"GJ 876 d",343.3239737,-14.2665958,2.51000000,2005,"Radial Velocity"
"HD 125595 b",215.3434326,-40.3942443,,2011,"Radial Velocity"
"GQ Lup b",237.3003643,-35.6515055,33.60000000,2004,"Imaging"
"GJ 876 e",343.3239737,-14.2665958,3.92000000,2010,"Radial Velocity"
"HD 100655 b",173.7653631,20.4415410,13.50000000,2011,"Radial Velocity"
"Kepler-744 b",296.4960493,47.1827848,1.62000000,2016,"Transit"
"HD 10180 f",24.4731133,-60.5114881,5.24000000,2010,"Radial Velocity"
"HD 126614 b",216.7005171,-5.1784093,12.70000000,2009,"Radial Velocity"
"HD 10180 g",24.4731133,-60.5114881,,2010,"Radial Velocity"
"HD 12661 b",31.1423525,25.4135632,13.30000000,2000,"Radial Velocity"
"HAT-P-15 b",66.2481420,39.4606020,11.88154000,2010,"Transit"
"HAT-P-16 b",9.5730343,42.4630961,14.68376472,2010,"Transit"
"Kepler-764 b",297.3931183,47.1645814,1.64000000,2016,"Transit"
"Kepler-123 b",296.9985853,42.7819633,2.94000000,2014,"Transit"
"HD 104985 b",181.3157854,76.9053359,12.80000000,2003,"Radial Velocity"
"HD 104067 b",179.7923543,-20.3556058,9.20000000,2011,"Radial Velocity"
"HD 13189 b",32.4173964,32.3164548,12.40000000,2005,"Radial Velocity"
"HD 106252 b",183.3730583,10.0404302,12.50000000,2002,"Radial Velocity"
"HD 132406 b",224.2276121,53.3809615,12.80000000,2007,"Radial Velocity"
"HD 108874 c",187.6126029,22.8794399,13.80000000,2005,"Radial Velocity"
"HD 10647 b",25.6233526,-53.7412852,13.80000000,2006,"Radial Velocity"
"HD 134060 b",227.6847587,-61.4223747,3.16000000,2019,"Radial Velocity"
"HAT-P-21 b",171.2749348,41.0280207,12.44199000,2010,"Transit"
"HD 215152 b",340.8380941,-6.4020685,,2018,"Radial Velocity"
"HD 37124 c",84.2599947,20.7289784,14.10000000,2002,"Radial Velocity"
"HD 159868 b",264.7466665,-43.1462347,13.30000000,2006,"Radial Velocity"
"HD 187085 b",297.3915731,-37.7809929,13.90000000,2006,"Radial Velocity"
"HD 216437 b",343.6639631,-70.0733957,13.00000000,2002,"Radial Velocity"
"HD 187123 c",296.7428786,34.4189900,13.20000000,2008,"Radial Velocity"
"HD 216770 b",343.9748751,-26.6595286,14.10000000,2003,"Radial Velocity"
"HD 18742 b",45.0443115,-20.8027024,13.10000000,2011,"Radial Velocity"
"HD 21693 c",51.8040469,-58.3232726,4.34000000,2019,"Radial Velocity"
"HD 162020 b",267.6599252,-40.3184646,12.50000000,2002,"Radial Velocity"
"HD 190647 b",301.8318167,-35.5395236,13.40000000,2007,"Radial Velocity"
"HD 190984 b",302.8779827,-64.6202728,13.00000000,2009,"Radial Velocity"
"HD 192263 b",303.4990864,-0.8657574,14.20000000,1999,"Radial Velocity"
"HD 217786 b",345.7838088,-0.4303594,12.30000000,2011,"Radial Velocity"
"HD 217107 c",344.5647243,-2.3954489,12.90000000,2005,"Radial Velocity"
"HD 41004 B b",89.9565956,-48.2394114,12.10000000,2003,"Radial Velocity"
"HD 163607 c",268.4181383,56.3924701,13.30000000,2012,"Radial Velocity"
"HD 192310 c",303.8284712,-27.0337556,5.25000000,2011,"Radial Velocity"
"HD 4208 b",11.1125532,-26.5150392,13.90000000,2001,"Radial Velocity"
"HD 164922 b",270.6304652,26.3104077,13.30000000,2005,"Radial Velocity"
"HD 197037 b",309.8869681,42.2475930,13.90000000,2012,"Radial Velocity"
"HD 4308 b",11.1652594,-65.6527159,4.12000000,2005,"Radial Velocity"
"Kepler-272 c",299.1275257,47.5938319,1.79000000,2014,"Transit"
"HD 4313 b",11.4181301,7.8450492,13.40000000,2009,"Radial Velocity"
"HD 168746 b",275.4573269,-11.9229757,11.10000000,2002,"Radial Velocity"
"HD 148156 b",247.0723035,-46.3175085,13.90000000,2009,"Radial Velocity"
"HD 17092 b",41.5924261,49.6530375,12.50000000,2007,"Radial Velocity"
"HD 27894 b",65.1975693,-59.4096776,14.10000000,2005,"Radial Velocity"
"HD 28254 b",66.2108141,-50.6228081,13.00000000,2010,"Radial Velocity"
"HD 148427 b",247.1171311,-13.3996231,13.70000000,2009,"Radial Velocity"
"HD 171028 b",278.0643694,6.9456827,13.20000000,2007,"Radial Velocity"
"HD 204313 c",322.0510568,-21.7274194,4.31000000,2015,"Radial Velocity"
"HD 30177 b",70.4770964,-58.0208085,12.60000000,2002,"Radial Velocity"
"HD 290327 b",80.8399887,-2.2780391,13.30000000,2009,"Radial Velocity"
"HD 152581 b",253.4316451,11.9736828,13.40000000,2011,"Radial Velocity"
"HD 177830 b",286.3363574,25.9204327,13.50000000,1999,"Radial Velocity"
"HD 20794 b",49.9997666,-43.0666533,1.45000000,2011,"Radial Velocity"
"HD 31253 b",73.6822877,12.3520103,14.10000000,2010,"Radial Velocity"
"HD 178911 B b",287.2632091,34.6006972,12.60000000,2001,"Radial Velocity"
"HD 155358 b",257.3930947,33.3549277,13.80000000,2007,"Radial Velocity"
"HD 154857 b",257.8161940,-56.6810380,13.30000000,2004,"Radial Velocity"
"HD 155358 c",257.3930947,33.3549277,13.90000000,2007,"Radial Velocity"
"HD 210702 b",332.9638643,16.0404806,13.60000000,2007,"Radial Velocity"
"HD 3651 b",9.8387218,21.2488844,10.10000000,2003,"Radial Velocity"
"HD 156668 b",259.4183491,29.2281610,1.87000000,2010,"Radial Velocity"
"HD 156411 b",259.9639522,-48.5502313,14.00000000,2009,"Radial Velocity"
"HD 183263 b",292.1022982,8.3579183,13.10000000,2004,"Radial Velocity"
"HD 63454 b",114.8406393,-78.2791464,12.31000000,2005,"Radial Velocity"
"HD 89307 b",154.5874958,12.6209392,13.40000000,2009,"Radial Velocity"
"rho CrB b",240.2600639,33.3001861,13.70000000,1997,"Radial Velocity"
"HD 66428 b",120.8691654,-1.1636019,12.40000000,2005,"Radial Velocity"
"HD 93083 b",161.0866672,-33.5776794,14.30000000,2005,"Radial Velocity"
"HD 69830 b",124.6010091,-12.6364246,3.17000000,2006,"Radial Velocity"
"TrES-3 b",268.0291106,37.5463268,14.97500000,2007,"Transit"
"WASP-50 b",43.6880738,-10.8980242,13.06969400,2011,"Transit"
"HD 69830 d",124.6010091,-12.6364246,4.45000000,2006,"Radial Velocity"
"HD 96127 b",166.4415020,44.3015500,13.00000000,2011,"Radial Velocity"
"HD 70573 b",125.7079153,1.8591088,12.80000000,2007,"Radial Velocity"
"HD 97658 b",168.6376584,25.7105962,2.12000000,2010,"Radial Velocity"
"V0391 Peg b",331.0504119,26.4188227,13.10000000,2007,"Pulsation Timing Variations"
"WASP-8 b",359.9008737,-35.0313349,12.66617000,2010,"Transit"
"WASP-10 b",348.9930457,31.4627508,12.10600000,2008,"Transit"
"XO-2 N b",117.0267691,50.2251472,11.13053700,2007,"Transit"
"HD 74156 b",130.6047813,4.5772338,13.50000000,2003,"Radial Velocity"
"HD 99706 b",172.1261621,43.9662025,13.70000000,2011,"Radial Velocity"
"HIP 12961 b",41.6800749,-23.0860048,13.20000000,2010,"Radial Velocity"
"HD 45184 b",96.1820205,-28.7806402,3.52000000,2019,"Radial Velocity"
"WASP-16 b",214.6830109,-20.2754374,13.67498000,2009,"Transit"
"HD 45364 b",96.4105736,-31.4810037,9.03000000,2008,"Radial Velocity"
"HD 75898 b",133.4611999,33.0566885,13.20000000,2007,"Radial Velocity"
"HD 7924 b",20.4956562,76.7101475,,2008,"Radial Velocity"
"Kepler-746 b",290.6822097,37.3551593,1.11000000,2016,"Transit"
"HD 79498 b",138.7885794,23.3748792,13.60000000,2011,"Radial Velocity"
"HD 48265 b",100.0073683,-48.5418284,12.60000000,2008,"Radial Velocity"
"HD 49674 b",102.8773483,40.8672284,6.20000000,2002,"Radial Velocity"
"HIP 57274 c",176.1705487,30.9576484,14.20000000,2011,"Radial Velocity"
"HD 52265 b",105.0746449,-5.3668142,13.70000000,2000,"Radial Velocity"
"HR 8799 e",346.8701486,21.1340376,13.11453000,2010,"Imaging"
"HD 5891 b",15.1383168,20.2923139,12.60000000,2011,"Radial Velocity"
"HD 85390 b",147.5105663,-49.7905254,6.16000000,2011,"Radial Velocity"
"xi Aql b",298.5624491,8.4611051,13.40000000,2007,"Radial Velocity"
"WASP-35 b",76.0818912,-6.2297801,14.57170000,2011,"Transit"
"TOI-1408 b",313.5110469,72.5806455,25.00000000,2023,"Transit"
"TOI-2524 b",160.8868435,-1.9126984,11.20898070,2023,"Transit"
"HD 219415 b",348.7243579,56.7303001,13.80000000,2012,"Radial Velocity"
"WD 0806-661 b",121.7275683,-66.3058835,12.10569916,2011,"Imaging"
"WASP-99 b",39.8976689,-50.0081934,11.43318000,2014,"Transit"
"HD 32963 b",76.9820146,26.3276805,13.40000000,2015,"Radial Velocity"
"K2-133 b",70.1493775,25.0098135,1.34000000,2017,"Transit"
"HATS-53 b",176.6283230,-33.8600764,15.02006000,2017,"Transit"
"Kepler-286 b",290.6761874,48.2942362,1.24000000,2014,"Transit"
"TOI-283 b",118.5693065,-65.4414820,2.34000000,2025,"Transit"
"TOI-286 c",90.9842762,-60.6663348,1.88000000,2024,"Transit"
"Kepler-69 b",293.2609013,44.8688656,2.24000000,2013,"Transit"
"TOI-2525 b",86.8509737,-60.5213081,8.67575106,2023,"Transit"
"HD 169830 b",276.9561859,-29.8167919,13.20000000,2000,"Radial Velocity"
"HD 192699 b",304.0248392,4.5805708,13.40000000,2007,"Radial Velocity"
"Pr0211 b",130.5477440,19.2769570,13.40000000,2012,"Radial Velocity"
"HATS-3 b",312.4574879,-24.4286938,15.48000000,2013,"Transit"
"HD 33844 c",78.1505649,-14.9509775,13.50000000,2015,"Radial Velocity"
"HATS-29 b",285.0965172,-54.8933408,14.02245900,2016,"Transit"
"K2-138 b",348.9490311,-10.8497391,1.51000000,2017,"Transit"
"gam Lib c",233.8818636,-14.7895020,12.80000000,2018,"Radial Velocity"
"TOI-406.01",49.2626428,-42.2441492,2.08000000,2024,"Transit"
"Kepler-282 d",284.6772402,44.7976401,2.46000000,2013,"Transit"
"TOI-663 b",160.0658525,-8.5110827,2.27000000,2024,"Transit"
"Kepler-283 b",293.6137413,47.8389380,2.13000000,2014,"Transit"
"HD 195019 b",307.0792427,18.7692509,13.00000000,1998,"Radial Velocity"
"BD-06 1339 c",88.2511811,-5.9963378,8.38000000,2013,"Radial Velocity"
"CoRoT-25 b",280.6296561,6.5138223,12.11000000,2013,"Transit"
"HD 564 b",2.4694459,-50.2678998,12.50000000,2014,"Radial Velocity"
"HATS-45 b",101.9942455,-21.9107112,14.41477400,2018,"Transit"
"Kepler-421 b",283.2568116,45.0876823,4.16000000,2014,"Transit"
"TOI-663 d",160.0658525,-8.5110827,1.92000000,2024,"Transit"
"TOI-1443 b",297.3986780,76.1391776,2.30381001,2024,"Transit"
"HAT-P-41 b",297.3226523,4.6724124,22.97845000,2012,"Transit"
"HD 5608 b",14.5594349,33.9505774,13.70000000,2012,"Radial Velocity"
"HD 13908 b",34.5609102,65.5941901,13.90000000,2013,"Radial Velocity"
"HD 108341 b",186.8791724,-71.4224896,13.30000000,2014,"Radial Velocity"
"KELT-12 b",267.6404906,36.5701761,19.95202000,2017,"Transit"
"HD 34445 f",79.4207483,7.3527156,6.88000000,2017,"Radial Velocity"
"HD 34445 e",79.4207483,7.3527156,4.26000000,2017,"Radial Velocity"
"KELT-19 A b",111.5095293,7.6157759,21.40919000,2017,"Transit"
"KOI-1257 b",291.2250888,44.9272918,10.54000000,2014,"Transit"
"TOI-1226 b",103.7548364,-69.8671293,2.41011120,2026,"Transit"
"K2-219 d",12.8452963,8.8675474,2.57634456,2018,"Transit"
"HD 216435 b",343.4094703,-48.5986332,13.70000000,2002,"Radial Velocity"
"HD 23079 b",54.9281897,-52.9162344,13.20000000,2001,"Radial Velocity"
"BD+49 828 b",45.6406187,49.7299481,13.50000000,2015,"Radial Velocity"
"HD 20794 e",49.9997666,-43.0666533,2.03000000,2017,"Radial Velocity"
"K2-239 b",160.5941265,4.4413751,1.10000000,2018,"Transit"
"TOI-880.02",94.1644734,-13.9873370,2.19000000,2024,"Transit"
"TOI-1232 b",116.5013990,-61.8797935,10.92875618,2026,"Transit"
"WASP-71 b",29.2634506,0.7588247,13.22662000,2012,"Transit"
"HD 159243 c",263.3395365,5.7008254,13.40000000,2013,"Radial Velocity"
"HIP 91258 b",279.2211173,61.7015065,13.70000000,2013,"Radial Velocity"
"HIP 109384 b",332.4089720,71.3139560,13.50000000,2016,"Radial Velocity"
"HD 27894 c",65.1975693,-59.4096776,8.24000000,2017,"Radial Velocity"
"K2-239 d",160.5941265,4.4413751,1.10000000,2018,"Transit"
"Kepler-778 b",287.4774867,44.2374702,1.68000000,2016,"Transit"
"TOI-1244 b",256.2795590,69.5190930,2.46700000,2024,"Transit"
"TOI-1466 b",307.3965319,61.5507253,2.46741991,2026,"Transit"
"K2-157 b",183.7514959,-5.7820178,0.93500000,2018,"Transit"
"HD 33564 b",80.6378979,79.2318488,12.50000000,2005,"Radial Velocity"
"WASP-55 b",203.7581951,-17.5034961,14.72860064,2012,"Transit"
"ROXs 12 b",246.6167993,-25.4466950,12.20000000,2013,"Imaging"
"bet UMi b",222.6764950,74.1555480,12.70000000,2014,"Radial Velocity"
"HD 216536 b",343.2665641,44.4777303,13.80000000,2015,"Radial Velocity"
"HIP 65407 b",201.0876630,48.8847322,14.30000000,2016,"Radial Velocity"
"HD 12484 b",30.6115322,2.8158078,13.20000000,2016,"Radial Velocity"
"NGTS-1 b",82.7142134,-36.6309812,14.90797000,2017,"Transit"
"K2-148 b",14.5176494,-0.1932580,1.33000000,2018,"Transit"
"K2-158 b",179.9397081,-5.7216879,2.64000000,2018,"Transit"
"HD 86081 b",149.0243714,-3.8083543,13.60000000,2006,"Radial Velocity"
"HD 45652 b",97.3058709,10.9336212,14.30000000,2008,"Radial Velocity"
"WASP-62 b",87.1398205,-63.9883286,14.79588000,2012,"Transit"
"Kepler-419 c",295.4179125,51.1847629,12.60000000,2014,"Transit Timing Variations"
"HIP 65426 b",201.1501727,-51.5045384,16.81350000,2017,"Imaging"
"K2-148 d",14.5176494,-0.1932580,1.64000000,2018,"Transit"
"GJ 1265 b",333.4324675,-17.6870623,2.63000000,2018,"Radial Velocity"
"HD 6061 b",15.5981441,37.1854394,2.42763557,2023,"Transit"
"FU Tau b",65.8974962,25.0506711,12.20000000,2008,"Imaging"
"Kepler-19 c",290.4209694,37.8516556,3.68000000,2011,"Transit Timing Variations"
"Kepler-25 d",286.6383905,39.4879038,10.00000000,2014,"Radial Velocity"
"HIP 8541 b",27.5271962,-54.4651633,12.60000000,2016,"Radial Velocity"
"K2-113 b",19.4493823,6.8688469,12.14000000,2017,"Transit"
"K2-152 b",181.6324078,-5.8274311,2.29000000,2018,"Transit"
"K2-243 c",181.1211419,-4.8991358,2.01000000,2018,"Transit"
"HD 13167 b",32.0576350,-24.6955750,13.10000000,2018,"Radial Velocity"
"TOI-929 b",45.9071657,-39.9307758,2.68983343,2026,"Transit"
"K2-162 b",186.0383865,-1.1114790,1.44000000,2018,"Transit"
"K2-161 b",183.7938491,-3.4956913,6.11721229,2018,"Transit"
"KELT-3 b",148.6431193,40.3879446,17.48604000,2013,"Transit"
"Kepler-97 c",287.3265292,48.6733443,,2014,"Radial Velocity"
"KELT-14 b",108.3014090,-42.4097623,19.53728700,2016,"Transit"
"tau Cet h",26.0093029,-15.9337987,1.19000000,2017,"Radial Velocity"
"K2-154 c",189.0015173,-2.6696217,2.07000000,2018,"Transit"
"K2-246 b",181.6296115,-1.1606000,3.49000000,2018,"Transit"
"TOI-969 b",115.1366858,2.0985879,2.76500000,2022,"Transit"
"TOI-1291 b",245.8180089,62.9251213,5.63826391,2026,"Transit"
"HD 220689 b",351.4707282,-20.6167923,13.70000000,2012,"Radial Velocity"
"GJ 163 b",62.3228353,-53.3711768,3.25000000,2013,"Radial Velocity"
"WASP-104 b",160.6023689,7.4350768,12.74500000,2014,"Transit"
"HAT-P-53 b",21.8711012,38.9681137,14.77346200,2015,"Transit"
"HD 111591 b",192.5725483,22.8631285,12.90000000,2017,"Radial Velocity"
"K2-155 b",65.4696140,21.3532633,1.80000000,2018,"Transit"
"HD 180053 b",288.4008374,34.9146658,13.30000000,2018,"Radial Velocity"
"TOI-1669 c",45.9564744,83.5874273,2.29639770,2024,"Transit"
"K2-165 d",184.9004881,0.9683270,2.64809498,2018,"Transit"
"DENIS-P J082303.1-491201 b",125.7620668,-49.2003008,11.90000000,2013,"Astrometry"
"NGC 2682 YBP 1514 b",132.7531307,11.8865128,14.00000000,2014,"Radial Velocity"
"HD 14067 b",34.2933480,23.7676546,12.20000000,2014,"Radial Velocity"
"K2-30 b",52.3420548,22.2993491,11.64615100,2016,"Transit"
"YZ Cet d",18.1330792,-16.9962434,1.03000000,2017,"Radial Velocity"
"Kepler-90 i",284.4334642,49.3051239,1.32000000,2017,"Transit"
"HD 75784 c",133.0992289,13.2330548,12.80000000,2018,"Radial Velocity"
"WASP-56 b",183.3660401,23.0556870,10.53646000,2012,"Transit"
"GJ 667 C g",259.7510609,-34.9977651,1.99000000,2013,"Radial Velocity"
"WASP-135 b",267.2848846,29.8790428,14.57170000,2015,"Transit"
"CoRoT-32 b",100.1951714,9.2573953,6.38913000,2018,"Transit"
"TOI-1054.01",302.1141738,-54.3175014,2.43432000,2021,"Transit"
"Kepler-504 b",284.9219608,45.9723265,1.59000000,2016,"Transit"
"TOI-1694 b",97.7487104,66.3605956,5.27000000,2023,"Transit"
"TOI-1691 b",272.4041179,86.8603430,3.66000000,2024,"Transit"
"K2-221 b",16.6550286,10.1897385,1.67890272,2018,"Transit"
"GJ 504 b",199.1923480,9.4249781,12.10569916,2013,"Imaging"
"WASP-68 b",305.0957239,-19.3147271,14.79588000,2014,"Transit"
"psi1 Dra B b",265.4925754,72.1557114,13.50000000,2015,"Radial Velocity"
"K2-118 b",132.1268608,15.6558964,2.54000000,2017,"Transit"
"GJ 3942 b",242.2645452,52.9441443,2.57000000,2017,"Radial Velocity"
"Kepler-1654 b",282.1856949,44.4344617,9.18017100,2018,"Transit"
"TOI-1695 b",21.9217346,72.2966148,1.90000000,2022,"Transit"
"Kepler-750 b",289.0968274,44.0043640,3.07000000,2016,"Transit"
"WASP-78 b",63.7562662,-22.1163901,21.63337000,2012,"Transit"
"HD 66141 b",120.5662825,2.3350265,12.80000000,2012,"Radial Velocity"
"HD 203030 b",319.7432238,26.2305846,14.45958510,2006,"Imaging"
"WASP-88 b",309.5112337,-48.4620833,16.36514000,2014,"Transit"
"KIC 10001893 c",287.3892308,46.9844491,,2014,"Orbital Brightness Modulation"
"Wolf 1061 d",247.5748276,-12.6676866,2.69000000,2015,"Radial Velocity"
"K2-130 b",290.2705419,-19.6908744,1.25000000,2017,"Transit"
"K2-129 b",289.1485491,-25.6463233,1.04000000,2017,"Transit"
"HD 147379 b",244.1725686,67.2392041,4.94000000,2017,"Radial Velocity"
"HATS-42 b",108.4523991,-33.4373462,15.69260000,2018,"Transit"
"WASP-144 b",320.7628761,-40.0484393,9.52765000,2018,"Transit"
"TOI-128.01",79.5209381,-80.9643840,2.21898000,2024,"Transit"
"HD 83443 c",144.2994103,-43.2727210,13.60000000,2022,"Radial Velocity"
"TOI-1347 c",280.3266806,70.2900536,1.60000000,2024,"Transit"
"HD 108147 b",186.4409852,-64.0223492,10.90000000,2002,"Radial Velocity"
"CHXR 73 b",166.6193985,-77.6258725,12.30000000,2006,"Imaging"
"KIC 8540376 b",282.3775397,44.6945690,4.10000000,2015,"Transit"
"HATS-51 b",102.8474248,-29.0586551,15.80469000,2017,"Transit"
"K2-233 b",230.4799011,-20.2317975,1.31500000,2018,"Transit"
"Kepler-814 b",284.9105256,48.4315896,2.12000000,2016,"Transit"
"TOI-209 b",19.3941777,-66.9030660,2.39472090,2026,"Transit"
"HD 18599 b",44.2620144,-56.1918694,2.60000000,2022,"Transit"
"Kepler-127 c",285.1899439,46.0280596,2.66000000,2014,"Transit"
"HIP 55507 b",170.5227246,46.9078030,12.60000000,2022,"Radial Velocity"
"NGC 2682 Sand 1429 b",133.0147781,11.6899626,13.40000000,2024,"Radial Velocity"
"Kepler-955 b",288.4714969,40.2698157,3.13000000,2016,"Transit"
"Kepler-962 b",295.3131906,46.2375024,1.97000000,2016,"Transit"
"TOI-5678 b",47.3841872,-34.1984808,4.91000000,2023,"Transit"
"HD 155918 c",260.5364025,-75.3492390,12.80000000,2022,"Radial Velocity"
"TOI-6034 b",317.9001392,68.4020762,11.92000000,2024,"Transit"
"HD 101581 b",175.2563039,-44.4041485,0.95600000,2025,"Transit"
"Kepler-922 b",284.7316084,49.5331490,1.42000000,2016,"Transit"
"Barnard c",269.4486144,4.7379808,0.74300000,2025,"Radial Velocity"
"TIC 32032563 b",56.0905221,-68.8580554,3.47739942,2026,"Transit"
"Kepler-911 b",298.5891948,40.7506921,2.60000000,2016,"Transit"
"HD 16905 b",40.0136203,-61.3550396,12.40000000,2022,"Radial Velocity"
"HD 184010 b",292.8401421,26.6172796,12.10000000,2022,"Radial Velocity"
"TOI-6041 b",46.0610334,43.5576668,4.55000000,2025,"Transit"
"TOI-6281 b",172.3785238,-40.6094246,1.92416074,2026,"Transit"
"TOI-4600 c",258.4503674,64.5661727,9.42000000,2023,"Transit"
"Luhman 16 b",162.3282594,-53.3193715,11.90000000,2017,"Imaging"
"Barnard b",269.4486144,4.7379808,0.72000000,2024,"Radial Velocity"
"Barnard e",269.4486144,4.7379808,0.63700000,2025,"Radial Velocity"
"HD 224018 c",358.6390056,-4.7233362,2.42000000,2025,"Transit"
"TIC 38825265 b",68.2492759,-65.2039666,2.18869476,2026,"Transit"
"Kepler-1012 b",289.2962253,46.4579889,1.29000000,2016,"Transit"
"Kepler-1754 b",295.4570818,50.0771838,2.43996509,2021,"Transit"
"LHS 1678 d",68.1789866,-39.7908744,0.98100000,2024,"Transit"
"HD 18143 c",43.9140248,26.8723829,12.50000000,2022,"Radial Velocity"
"Kepler-935 b",295.0217193,46.6192011,1.35000000,2016,"Transit"
"Kepler-879 c",295.8065515,50.9097521,0.40000000,2024,"Transit"
"ZTF J1230-2655 b",187.5689308,-26.9309608,13.78704626,2025,"Transit"
"TIC 270471727 b",97.2114071,-78.4730589,2.75029559,2026,"Transit"
"TIC 65612701 b",310.4738195,36.3388288,5.07802804,2026,"Transit"
"Kepler-1014 b",285.1219875,44.1105331,2.39000000,2016,"Transit"
"Kepler-1044 b",293.1444017,46.6662155,2.67000000,2016,"Transit"
"Kepler-66 b",293.9815378,46.6877280,2.80000000,2013,"Transit"
"Kepler-857 b",294.6323978,43.4004526,6.80000000,2016,"Transit"
"TOI-6080 b",266.6044226,38.0787076,3.32424168,2026,"Transit"
"Wolf 1069 b",306.5242477,58.5753044,1.08000000,2023,"Radial Velocity"
"TOI-6330 b",22.1679816,53.6860778,10.89000000,2025,"Transit"
"ITG 15 b",69.9370379,26.0312128,12.10000000,2024,"Imaging"
"WISPIT 2 b",290.8209991,-7.6820823,17.93436912,2025,"Imaging"
"NGTS-38 b",108.7147541,-29.4306223,12.11690814,2026,"Transit"
"TOI-5210 b",314.3169230,21.9502055,10.72699453,2025,"Transit"
"TOI-5726.01",123.3950504,68.5745899,2.55400000,2024,"Transit"
"HD 194490 b",306.9980087,-51.6644646,12.40000000,2022,"Radial Velocity"
"HD 190228 b",300.7537294,28.3065564,12.90000000,2022,"Radial Velocity"
"HD 206893 b",326.3416874,-12.7833522,14.01122587,2021,"Imaging"
"HD 112570 b",194.2824262,46.1765638,13.10000000,2023,"Radial Velocity"
"HD 154391 b",255.3201345,60.6489226,12.50000000,2023,"Radial Velocity"
"G 196-3 b",151.0884754,50.3861806,12.00000000,2024,"Imaging"
"Kepler-1026 b",283.6053012,39.9979286,2.21000000,2016,"Transit"
"G 261-6 b",291.0743200,75.5558405,1.10000000,2025,"Radial Velocity"
"TOI-5789 d",302.7734475,16.1897138,1.91000000,2026,"Radial Velocity"
"TOI-5789 b",302.7734475,16.1897138,1.26000000,2026,"Radial Velocity"
"TIC 142589416 b",168.2439697,73.8301439,2.67899519,2026,"Transit"
"NGTS-39 b",109.9386973,9.9412647,12.19537100,2026,"Transit"
"Gliese 48 b",15.6582402,71.6781735,2.77000000,2026,"Radial Velocity"
"Kepler-993 b",292.6141076,44.3946644,2.97000000,2016,"Transit"
"Kepler-80 d",296.1125759,39.9787451,1.53000000,2014,"Transit"
"K2-411 b",58.0036310,19.3909877,0.98980000,2022,"Transit"
"HD 169142 b",276.1240717,-29.7805318,13.10000000,2023,"Imaging"
"TOI-6383 A b",60.4246951,60.8913677,11.29000000,2024,"Transit"
"TIC 139270665 b",124.0338967,33.2914532,7.22979255,2024,"Transit"
"TOI-7149 b",244.7384657,19.1758116,13.20000000,2025,"Transit"
"Kepler-348 b",297.2550814,40.5483883,1.52000000,2014,"Transit"
"TOI-5789 e",302.7734475,16.1897138,3.43000000,2026,"Radial Velocity"
"TIC 154870955 b",191.7456685,88.8298759,3.09467466,2026,"Transit"
"Kepler-332 b",286.6627811,47.4136938,1.17000000,2014,"Transit"
"TOI-5238 b",223.3588909,68.8594720,5.22000000,2022,"Transit"
"Kepler-914 b",290.4120774,44.8993227,1.38000000,2016,"Transit"
"K2-413 c",353.4175668,-7.6120272,1.23270000,2022,"Transit"
"TOI-6086 b",265.3704236,30.3037755,1.18000000,2024,"Transit"
"Kepler-314 c",294.6741507,42.0756037,2.90000000,2014,"Transit"
"HIP 29442 c",93.0578446,-14.6493167,1.55100000,2023,"Radial Velocity"
"HD 63433 d",117.4793699,27.3631342,1.07300000,2023,"Transit"
"Kepler-317 b",294.9438822,39.0320499,2.09000000,2014,"Transit"
"TOI-7384 b",83.1031834,-39.8342501,3.56000000,2026,"Transit"
"Kepler-1768 b",299.9572335,44.7718851,2.23346338,2021,"Transit"
"Kepler-981 b",289.2489051,47.6501141,2.31000000,2016,"Transit"
"Kepler-1043 b",281.6629579,47.5685927,2.55000000,2016,"Transit"
"TOI-5777 b",141.0022390,82.8586961,3.09551273,2026,"Transit"
"HIP 113103 b",343.5723794,-43.0102291,1.82900000,2023,"Transit"
"UCAC3 113-933 b",5.2758121,-33.8031679,12.10000000,2024,"Imaging"
"HD 73344 c",129.6894456,23.6852651,13.50000000,2025,"Radial Velocity"
"Kepler-139 f",282.3919451,43.8894167,6.67000000,2025,"Transit Timing Variations"
"TIC 249022743 b",78.5762192,-3.4466123,4.79568155,2026,"Transit"
"TIC 260969020 b",74.9407148,-79.5859489,2.22686612,2026,"Transit"
"Kepler-62 e",283.2125621,45.3496992,1.61000000,2013,"Transit"
"HD 105618 c",182.4021288,11.2115695,11.90000000,2022,"Radial Velocity"
"HIP 113103 c",343.5723794,-43.0102291,2.40000000,2023,"Transit"
"Kepler-1053 b",291.4186349,39.1273664,0.98000000,2016,"Transit"
"Kepler-102 d",281.4824731,47.2078263,1.15400000,2014,"Transit"
"HD 196067 c",310.4364195,-75.3514992,3.21000000,2025,"Radial Velocity"
"GJ 887 d",346.5027573,-35.8473489,2.34000000,2026,"Radial Velocity"
"Kepler-347 b",289.1995995,49.3056404,1.97000000,2014,"Transit"
"HD 11112 b",27.0881399,-41.4944106,12.60000000,2022,"Radial Velocity"
"Kepler-485 b",294.9963415,50.4700458,14.41000000,2016,"Transit"
"TIC 393818343 b",310.2917002,3.6382967,12.18416202,2024,"Transit"
"Kepler-1032 b",289.9308779,40.0977109,1.87000000,2016,"Transit"
"HD 284149 AB b",61.6616887,20.3030344,12.00000000,2017,"Imaging"
"WASP-132 d",217.6091998,-46.1595160,12.80000000,2024,"Radial Velocity"
"K2-157 c",183.7514959,-5.7820178,6.08000000,2025,"Radial Velocity"
"KOINTREAU-4 b",246.6160467,-26.4209954,12.20000000,2026,"Imaging"
"TIC 390586021 b",199.8225789,-31.4655097,2.86009388,2026,"Transit"
"HD 113337 c",195.4438496,63.6103280,12.10000000,2020,"Radial Velocity"
"HD 94771 b",163.9746776,-35.1145225,14.20000000,2023,"Radial Velocity"
"TOI-6695 b",129.5720221,-23.5502170,9.52763359,2025,"Transit"
"Gaia-5 b",302.0408173,41.9415455,12.10000000,2025,"Astrometry"
"DMPP-2 d",27.4077310,-34.4590985,11.60000000,2026,"Radial Velocity"
"TIC 423703298 b",22.9360486,-17.0135676,2.77230429,2026,"Transit"
"Kepler-335 b",296.0642944,45.4285986,3.39000000,2014,"Transit"
"Kepler-1023 b",289.0297232,49.7697034,2.63000000,2016,"Transit"
"TOI-5592 b",106.6800684,65.8572490,17.14974047,2025,"Transit"
"HD 122562 c",210.5886904,20.8810286,10.10000000,2022,"Radial Velocity"
"HD 115404 A c",199.2155793,17.0160384,12.50000000,2022,"Radial Velocity"
"GJ 1002 c",1.6764641,-7.5462123,1.10000000,2022,"Radial Velocity"
"Kepler-932 b",296.9520797,43.2720233,1.37000000,2016,"Transit"
"TOI-6707 b",109.7634707,-58.1155263,5.72673066,2026,"Transit"
"Kepler-139 e",282.3919451,43.8894167,13.70000000,2023,"Radial Velocity"
"Kepler-328 c",295.8092756,40.0084866,5.40000000,2013,"Transit"
"TOI-7510 d",273.7281880,-54.4340547,10.52000000,2025,"Transit"
"DMPP-7 b",203.5284651,0.4988127,9.13000000,2026,"Radial Velocity"
"Kepler-1779 b",300.4174607,45.6054854,3.03295685,2021,"Transit"
"Kepler-973 b",290.1653203,49.9238126,1.96000000,2016,"Transit"
"TOI-5595 b",110.4601649,35.2219829,4.73740402,2026,"Transit"
"HD 203387 b",320.5617820,-16.8345229,13.10000000,2022,"Radial Velocity"
"TOI-6016 b",4.5239602,59.7661983,13.67495645,2024,"Transit"
"HIP 99770 b",303.6338344,36.8066046,12.20000000,2023,"Imaging"
"Kepler-1772 b",289.4381201,39.2703594,2.68609988,2021,"Transit"
"GJ 2126 b",257.3606793,-35.3917190,13.60000000,2025,"Radial Velocity"
"TOI-5616 b",184.9016378,48.6832895,10.78000000,2024,"Transit"
"Kepler-408 b",284.7862158,48.4232622,0.82000000,2014,"Transit"
"Kepler-138 e",290.3814122,43.2930645,0.79700000,2022,"Transit Timing Variations"
"Kepler-10 d",285.6792980,50.2414842,3.49000000,2023,"Radial Velocity"
"GJ 3988 b",255.8503747,51.4089795,1.74000000,2023,"Radial Velocity"
"TOI-1408 c",313.5110469,72.5806455,2.22000000,2024,"Transit Timing Variations"
"HD 68475 b",122.7192621,-42.8128841,12.80000000,2026,"Radial Velocity"
"HD 48265 c",100.0073683,-48.5418284,12.90000000,2026,"Radial Velocity"
"Kepler-958 b",287.2566578,46.0667247,2.06000000,2016,"Transit"
"TOI-5624 d",180.8443476,49.2512257,3.58400000,2026,"Transit"
"KOI-351 d",284.4334642,49.3051239,2.87000000,2013,"Transit"
"Kepler-20 e",287.6979913,42.3385782,0.82100000,2011,"Transit"
"nu Oct A b",325.3702792,-77.3910853,13.30000000,2016,"Radial Velocity"
"TOI-1288 c",313.1670294,65.6087833,11.10000000,2022,"Radial Velocity"
"Kepler-104 c",287.6046621,42.1665104,3.13000000,2014,"Transit"
"Kepler-507 b",297.0188074,50.4090460,1.30000000,2016,"Transit"
"HN Lib b",218.5684823,-12.5170062,2.20000000,2023,"Radial Velocity"
"Kepler-49 d",292.2945208,40.5918123,1.60000000,2014,"Transit"
"HIP 10090 b",32.4351198,-30.7470844,13.00000000,2026,"Radial Velocity"
"Kepler-346 b",288.0119248,46.1176003,2.66000000,2014,"Transit"
"Kepler-265 d",290.5104788,41.2447430,2.49000000,2014,"Transit"
"Kepler-399 b",299.5017242,40.6707669,0.96000000,2014,"Transit"
"Kepler-110 c",292.9291693,48.6028303,2.21000000,2014,"Transit"
"Kepler-1248 b",288.0592191,51.3544564,1.18000000,2016,"Transit"
"Kepler-1269 b",287.8055442,45.3405371,1.63000000,2016,"Transit"
"Kepler-1314 b",294.2373599,45.1968274,5.11000000,2016,"Transit"
"Kepler-1870 b",293.9335076,40.5907040,2.10143764,2021,"Transit"
"Kepler-236 b",283.8664285,39.8981928,1.57000000,2014,"Transit"
"Kepler-125 c",298.2581101,47.6050031,0.74000000,2014,"Transit"
"Kepler-304 d",294.4418031,40.5575408,2.75000000,2014,"Transit"
"Kepler-326 d",294.3255898,46.0022646,1.21000000,2014,"Transit"
"Kepler-126 c",289.3473634,44.2084445,1.58000000,2014,"Transit"
"Kepler-400 c",290.9444679,40.4800528,1.49000000,2014,"Transit"
"Kepler-1089 b",291.0926509,49.1901729,1.83000000,2016,"Transit"
"Kepler-102 f",281.4824731,47.2078263,0.86100000,2014,"Transit"
"Kepler-1223 b",285.2956462,44.5527542,1.22000000,2016,"Transit"
"Kepler-1853 b",284.7478834,46.3735415,1.51862272,2021,"Transit"
"Kepler-512 b",298.2689217,48.9167391,2.69000000,2016,"Transit"
"Kepler-369 b",293.6743322,47.9084727,1.13000000,2014,"Transit"
"Kepler-305 c",299.2242557,40.3431670,3.30000000,2013,"Transit"
"Kepler-975 c",290.5485100,38.4952415,10.69000000,2023,"Transit"
"Kepler-22 b",289.2172051,47.8841427,2.10000000,2011,"Transit"
"Kepler-1995 b",284.3427250,46.3165907,4.28000000,2023,"Transit"
"Kepler-1227 b",287.0664109,41.8749712,2.29000000,2016,"Transit"
"Kepler-1272 b",285.2197605,38.8058393,2.37000000,2016,"Transit"
"Kepler-201 c",293.6260590,41.2728004,2.85000000,2014,"Transit"
"Kepler-215 c",294.9735313,45.2136867,1.77000000,2014,"Transit"
"Kepler-267 c",299.8305655,47.1575741,2.13000000,2014,"Transit"
"Kepler-373 c",289.3879904,50.5970115,1.24000000,2014,"Transit"
"Kepler-54 d",294.7739245,43.0561976,1.53000000,2014,"Transit"
"Kepler-329 b",299.2681646,45.2272852,1.40000000,2014,"Transit"
"Kepler-279 d",287.3912950,42.1948220,3.10000000,2013,"Transit"
"HD 219134 c",348.3372026,57.1696255,1.51100000,2015,"Radial Velocity"
"Kepler-1198 b",288.8339659,44.8381980,1.47000000,2016,"Transit"
"Kepler-161 c",290.5164698,43.0838642,2.05000000,2014,"Transit"
"Kepler-1294 b",291.2681037,44.4881624,3.19000000,2016,"Transit"
"Kepler-1319 b",290.9564463,49.3667933,1.34000000,2016,"Transit"
"Kepler-275 d",292.4797004,38.5149018,3.33000000,2014,"Transit"
"Kepler-374 b",294.1378921,42.3704075,1.03000000,2014,"Transit"
"Kepler-306 d",288.5387145,40.6160545,2.47000000,2014,"Transit"
"Kepler-305 e",299.2242557,40.3431670,1.79381530,2020,"Transit"
"Kepler-11 f",297.1150949,41.9091092,2.49000000,2010,"Transit"
"Kepler-276 d",293.5681970,39.0363123,2.80000000,2013,"Transit"
"Kepler-36 c",291.2501859,49.2318073,3.67900000,2012,"Transit"
"Kepler-1251 b",292.1151093,49.2563792,1.84000000,2016,"Transit"
"Kepler-1843 b",292.8852302,41.2791690,2.70909809,2021,"Transit"
"Kepler-1857 b",296.4557129,39.5985370,1.96065412,2021,"Transit"
"Kepler-190 c",288.5839761,44.7337701,1.46000000,2014,"Transit"
"Kepler-123 c",296.9985853,42.7819633,1.48000000,2014,"Transit"
"Kepler-380 c",282.3947017,48.7591334,1.27000000,2014,"Transit"
"Kepler-283 c",293.6137413,47.8389380,1.82000000,2014,"Transit"
"KELT-6 c",195.9818362,30.6401450,13.00000000,2015,"Radial Velocity"
"Kepler-85 b",290.9734395,45.2902761,1.77800000,2012,"Transit"
"Kepler-799 c",287.1748966,44.8784754,2.78068551,2021,"Transit"
"Kepler-1884 b",296.7463986,43.0454207,1.81406781,2021,"Transit"
"Kepler-381 b",285.1828685,43.8310283,0.99000000,2014,"Transit"
"Kepler-84 d",298.2520208,40.4960842,1.38000000,2014,"Transit"
"Kepler-334 b",287.1406177,47.1151153,1.12000000,2014,"Transit"
"Kepler-285 c",291.3908469,48.0655392,1.12000000,2014,"Transit"
"Kepler-1232 b",296.5500966,49.1023070,1.93000000,2016,"Transit"
"Kepler-1858 b",292.3074315,46.6265790,2.42168247,2021,"Transit"
"Kepler-204 c",285.3471620,41.7618450,1.79000000,2014,"Transit"
"Kepler-515 b",290.4939130,52.0556110,1.46000000,2016,"Transit"
"Kepler-221 e",296.6547477,46.8352242,2.63000000,2014,"Transit"
"Kepler-1877 b",294.8669240,46.7904816,0.62408600,2021,"Transit"
"Kepler-350 d",285.4195845,39.7061009,2.80000000,2013,"Transit"
"Kepler-414 b",297.9615616,48.2443363,1.71000000,2014,"Transit Timing Variations"
"Kepler-58 e",296.3586251,39.1152033,1.61000000,2023,"Transit"
"Kepler-1679 b",293.9005786,50.4270507,2.06920360,2020,"Transit"
"Kepler-58 c",296.3586251,39.1152033,2.86000000,2012,"Transit"
"Kepler-1844 b",292.6903973,37.9345682,3.03648191,2021,"Transit"
"Kepler-1278 b",282.9569197,42.8255589,1.01000000,2016,"Transit"
"Kepler-1864 b",289.6867653,41.5889178,0.75408365,2021,"Transit"
"Kepler-1324 b",291.1849503,40.3112023,1.51000000,2016,"Transit"
"Kepler-462 c",299.8211502,43.8142793,4.00000000,2018,"Transit"
"Kepler-226 d",292.3760942,47.8809596,1.22000000,2014,"Transit"
"Kepler-221 b",296.6547477,46.8352242,1.71000000,2014,"Transit"
"Kepler-245 c",291.6389972,42.4363482,2.18000000,2014,"Transit"
"Kepler-352 b",299.8966237,46.0519022,0.86000000,2014,"Transit"
"Kepler-382 c",299.1362435,45.8699582,1.59000000,2014,"Transit"
"Kepler-336 b",290.2376224,41.3313637,1.02000000,2014,"Transit"
"HD 11755 b",29.7078360,73.1521372,12.80000000,2015,"Radial Velocity"
"Kepler-385 c",294.3385109,50.3365178,3.04000000,2014,"Transit"
"Kepler-267 d",299.8305655,47.1575741,2.27000000,2014,"Transit"
"Kepler-384 c",286.0261113,44.7828571,1.13000000,2014,"Transit"
"Kepler-299 e",283.2070156,48.5805222,1.87000000,2014,"Transit"
"8 UMi b",224.2016850,74.9009379,13.50000000,2015,"Radial Velocity"
"Kepler-1104 b",294.4685197,49.3309789,1.23000000,2016,"Transit"
"Kepler-1987 e",295.8254663,42.9433716,1.92000000,2023,"Transit"
"Kepler-1830 b",295.1390408,40.9790527,3.32992941,2021,"Transit"
"Kepler-182 b",289.8301128,50.5862025,2.58000000,2014,"Transit"
"Kepler-1688 b",289.5530051,41.2978532,1.26174569,2020,"Transit"
"Kepler-385 b",294.3385109,50.3365178,2.73000000,2014,"Transit"
"Kepler-55 f",285.1683291,44.0264898,1.59000000,2014,"Transit"
"Kepler-339 d",293.3517010,48.4445922,1.17000000,2014,"Transit"
"Kepler-1669 d",297.4303826,39.8478795,1.22000000,2023,"Transit"
"Kepler-69 c",293.2609013,44.8688656,1.71000000,2013,"Transit"
"HAT-P-57 b",274.7434180,10.5971968,19.50366000,2015,"Transit"
"Kepler-1067 c",285.3873706,45.0490265,1.74682428,2021,"Transit"
"Kepler-299 d",283.2070156,48.5805222,1.86000000,2014,"Transit"
"Kepler-208 c",293.8901979,42.5279413,1.39000000,2014,"Transit"
"Kepler-530 b",283.3402948,48.5490620,3.01000000,2016,"Transit"
"Kepler-354 d",285.7515347,41.3356739,1.24000000,2014,"Transit"
"Kepler-339 c",293.3517010,48.4445922,1.15000000,2014,"Transit"
"Kepler-1114 b",299.2370531,45.8347781,1.35000000,2016,"Transit"
"Kepler-114 d",294.1214820,48.3497977,2.53000000,2013,"Transit"
"Kepler-303 c",283.1354742,43.6567036,1.14000000,2014,"Transit"
"Kepler-1212 b",296.8534096,50.0373196,2.14000000,2016,"Transit"
"Kepler-394 c",296.3019792,50.6723115,1.66000000,2014,"Transit"
"Kepler-393 c",290.9952050,45.1921880,1.33000000,2014,"Transit"
"Kepler-318 c",298.4828337,46.7936357,3.68000000,2014,"Transit"
"Kepler-1241 b",294.5762033,38.4569588,2.63000000,2016,"Transit"
"Kepler-185 b",282.4681674,43.8899464,1.17000000,2014,"Transit"
"Kepler-1283 b",295.4623336,40.7769335,1.91000000,2016,"Transit"
"Kepler-1714 b",293.7164655,46.2266878,3.26437302,2021,"Transit"
"Kepler-1331 b",297.0737928,41.2244613,1.05000000,2016,"Transit"
"Kepler-319 b",288.8119782,39.7706431,1.63000000,2014,"Transit"
"Kepler-396 b",296.1328135,48.9773095,3.50000000,2013,"Transit"
"Kepler-1085 c",287.4776359,46.1411685,3.26817741,2020,"Transit"
"Kepler-1084 b",290.1019809,48.2511460,1.11000000,2016,"Transit"
"Kepler-1108 b",296.0422962,45.9851400,1.46000000,2016,"Transit"
"Kepler-1214 b",285.1427113,49.8006565,2.36000000,2016,"Transit"
"Kepler-155 c",288.4957831,51.0819286,2.24000000,2014,"Transit"
"Kepler-396 c",296.1328135,48.9773095,5.30000000,2013,"Transit"
"Kepler-1369 b",285.7972604,40.9361923,2.69000000,2016,"Transit"
"Kepler-1370 b",284.5656897,41.7784781,1.84000000,2016,"Transit"
"Kepler-252 b",295.5793290,44.5459052,1.23000000,2014,"Transit"
"Kepler-360 c",286.2847077,44.7815817,2.10000000,2014,"Transit"
"Kepler-245 e",291.6389972,42.4363482,1.75000000,2016,"Transit"
"Kepler-298 d",283.0398448,48.8253303,2.50000000,2014,"Transit"
"Kepler-324 b",286.4714473,49.6490933,1.14000000,2014,"Transit"
"Kepler-1796 b",301.5430397,44.6056251,2.75047868,2021,"Transit"
"Kepler-520 c",293.1802903,41.6177408,1.07000000,2016,"Transit"
"Kepler-1244 b",282.3012505,46.5161814,1.35000000,2016,"Transit"
"Kepler-169 c",285.9999204,40.9193822,1.21000000,2014,"Transit"
"Kepler-97 b",287.3265292,48.6733443,1.48000000,2014,"Transit"
"Kepler-1336 b",296.2776587,46.8998006,1.98000000,2016,"Transit"
"Kepler-417 b",293.8241813,42.7796480,2.31000000,2014,"Transit Timing Variations"
"Kepler-301 d",283.9829040,49.2329512,1.75000000,2014,"Transit"
"Kepler-104 d",287.6046621,42.1665104,3.58000000,2014,"Transit"
"Kepler-1192 b",282.1405603,43.8964934,2.36000000,2016,"Transit"
"Kepler-516 b",295.6087625,38.7357368,5.74000000,2016,"Transit"
"Kepler-1851 b",285.6737597,45.6398375,3.90012032,2021,"Transit"
"Kepler-212 b",287.6208165,43.1416239,1.09000000,2014,"Transit"
"Kepler-1372 b",288.8865895,44.8394672,1.27000000,2016,"Transit"
"Kepler-364 b",281.5699998,47.3986233,1.55000000,2014,"Transit"
"KELT-23 A b",232.1466406,66.3587097,14.82950700,2019,"Transit"
"HD 191939 d",302.0256247,66.8503014,2.99500000,2020,"Transit"
"HATS-77 b",149.8236672,-27.3928174,13.05846252,2021,"Transit"
"TOI-4479 b",316.0969388,24.6536739,2.82000000,2022,"Transit"
"TOI-1752 c",253.4614861,60.7096197,2.29000000,2026,"Transit"
"Kepler-1705 c",301.5785316,44.3121639,2.05000000,2021,"Transit"
"TOI-1753 b",252.4698351,61.1735768,2.47852533,2024,"Transit"
"TOI-2274 b",277.4593110,40.5414117,2.45000000,2024,"Transit"
"Kepler-43 b",285.2408288,46.6682411,13.66377100,2011,"Transit"
"Kepler-858 b",288.8488552,51.2090375,4.87000000,2016,"Transit"
"TOI-3023 b",165.3158231,-72.3567044,16.43236571,2023,"Transit"
"Kepler-1752 b",290.8541401,51.2227435,4.54060463,2021,"Transit"
"Kepler-1408 b",282.6998783,45.4257884,0.89000000,2016,"Transit"
"HIP 54373 b",166.8643532,-19.2916857,2.87000000,2019,"Radial Velocity"
"Teegarden's Star b",43.2691449,16.8649024,1.05000000,2019,"Radial Velocity"
"BD+60 1417 b",190.8875453,60.0143636,14.68376472,2021,"Imaging"
"TOI-1227 b",186.7673635,-72.4518501,9.57246952,2022,"Transit"
"CoRoT-7 d",100.9561682,-1.0630076,4.31000000,2022,"Radial Velocity"
"TOI-1758 b",354.7415810,75.6852317,3.62000000,2024,"Transit"
"TOI-2040 b",352.2747299,71.5064737,10.32347122,2026,"Transit"
"TOI-2567 b",288.4656683,66.3479375,10.92875618,2022,"Transit"
"Kepler-1410 b",290.5102933,38.7435010,1.78000000,2016,"Transit"
"HD 24085 b",56.2563447,-70.0245193,3.46000000,2019,"Radial Velocity"
"WASP-87 b",185.3246821,-52.8408163,15.52446500,2016,"Transit"
"TOI-163 b",79.7682532,-71.8955269,16.69020100,2019,"Transit"
"K2-315 b",228.0210932,-20.1081634,0.95000000,2020,"Transit"
"HD 216520 b",341.8768719,83.6975307,3.18000000,2020,"Radial Velocity"
"TOI-1775 b",150.1151015,39.4577506,8.04728896,2024,"Transit"
"DS Tuc A b",354.9154673,-69.1960430,5.70000000,2019,"Transit"
"Kepler-296 c",286.5400278,49.4372614,2.00000000,2014,"Transit"
"WASP-187 b",17.4747400,25.6816494,18.38276000,2020,"Transit"
"HD 161178 b",264.2873565,72.4558590,14.10000000,2021,"Radial Velocity"
"GJ 514 b",202.5040424,10.3725387,2.13000000,2022,"Radial Velocity"
"HD 77946 b",136.7776440,46.6724251,2.89646124,2024,"Transit"
"TOI-2345 c",43.8847940,-34.9779745,2.45100000,2025,"Transit"
"Kepler-876 b",283.4781717,43.3837235,1.43000000,2016,"Transit"
"Kepler-1894 c",295.5864604,49.6668523,1.21000000,2023,"Transit"
"HD 233832 b",171.5196515,50.3763099,13.50000000,2018,"Radial Velocity"
"GJ 687 c",264.1041731,68.3336741,4.14000000,2020,"Radial Velocity"
"HIP 5763 b",18.4953430,16.4942738,14.20000000,2021,"Radial Velocity"
"TOI-712 b",92.9361063,-65.8258386,2.04900000,2022,"Transit"
"TOI-1782.01",213.0787718,74.4117909,2.36800000,2024,"Transit"
"TOI-2092 b",212.5474866,45.5638685,2.94892961,2026,"Transit"
"Kepler-303 b",283.1354742,43.6567036,0.89000000,2014,"Transit"
"Kepler-271 c",283.0029316,44.2841080,0.95000000,2014,"Transit"
"Kepler-82 f",292.8733696,42.9661583,4.84000000,2019,"Transit Timing Variations"
"Qatar-6 b",222.2100773,22.1526136,11.90395800,2017,"Transit"
"GJ 9066 c",30.0588307,13.0443172,9.60000000,2020,"Radial Velocity"
"K2-400 b",154.5110307,3.6969271,1.16300000,2022,"Transit"
"TOI-2094 b",254.1425333,70.0273157,1.90000000,2026,"Transit"
"TOI-2714 b",61.4012482,-14.9267458,13.72000000,2024,"Transit"
"HD 164922 d",270.6304652,26.3104077,1.83000000,2020,"Radial Velocity"
"2MASS J01033563-5515561 AB b",15.8992489,-55.2658291,12.30000000,2013,"Imaging"
"TOI-2382 b",356.3751852,-16.1141240,12.25141591,2025,"Transit"
"Kepler-402 b",288.3701976,43.3546109,1.22000000,2014,"Transit"
"EPIC 201841433 b",175.2067520,6.1348146,1.04000000,2019,"Transit"
"USco1621 b",245.3730855,-25.4954265,12.20000000,2019,"Imaging"
"K2-318 b",232.4461375,-17.5574630,1.66000000,2020,"Transit"
"K2-405 b",164.3759959,12.5356140,4.56900000,2022,"Transit"
"TOI-784 b",159.3412205,-63.6556923,1.93000000,2023,"Transit"
"TOI-1814 b",236.8168817,77.2326429,5.18536642,2026,"Transit"
"Kepler-1419 b",292.2545917,37.9713760,2.86000000,2016,"Transit"
"EPIC 206215704 b",335.0949721,-9.5097112,1.00000000,2019,"Transit"
"Kepler-848 b",293.2882949,48.8116114,1.70000000,2016,"Transit"
"Kepler-819 b",295.3708312,39.1772925,2.76000000,2016,"Transit"
"TOI-799 b",98.4691249,-52.4602958,2.06631784,2026,"Transit"
"K2-146 c",130.0266951,19.0923416,2.19000000,2019,"Transit"
"K2-324 b",157.6222171,6.8636732,2.43000000,2020,"Transit"
"Kepler-822 b",292.2760929,39.5501136,1.77000000,2016,"Transit"
"TOI-1181 b",297.2158166,64.3543506,17.02644168,2022,"Transit"
"TOI-808 b",133.7485497,-44.2886304,2.20344362,2026,"Transit"
"TOI-815 b",155.8719377,-43.8349248,2.94000000,2024,"Transit"
"TOI-1836 b",245.9079242,54.6900774,8.00321222,2024,"Transit"
"TOI-1836 c",245.9079242,54.6900774,2.59987579,2024,"Transit"
"TOI-2141 b",258.7623456,18.3403449,3.14700000,2023,"Transit"
"TOI-2447 b",70.9975864,-31.9066369,9.60609646,2024,"Transit"
"TOI-2818 b",119.0598183,-35.1167104,15.27784069,2023,"Transit"
"Kepler-1371 c",288.8314251,47.5519753,0.64000000,2016,"Transit"
"EPIC 212587672 b",205.4445125,-10.8625468,1.26000000,2019,"Transit"
"Kepler-843 b",296.3219786,48.9714373,2.59000000,2016,"Transit"
"K2-408 b",227.9168555,-17.6842698,1.67700000,2022,"Transit"
"TOI-1516 b",340.0846204,69.5037313,15.24421375,2022,"Transit"
"TOI-2458 b",79.6215290,1.2534390,2.83000000,2024,"Transit"
"Kepler-1423 b",288.2437481,41.1100655,1.06000000,2016,"Transit"
"HATS-57 b",60.9482779,-19.0568182,12.76705100,2019,"Transit"
"HATS-56 b",180.1650720,-45.7994559,18.92079200,2019,"Transit"
"TOI-763 b",194.4680980,-39.7580613,2.28000000,2020,"Transit"
"K2-409 b",228.4551125,-16.3512966,2.48200000,2022,"Transit"
"TOI-1722 b",114.3452126,61.1539249,4.38298108,2026,"Transit"
"TOI-1873 b",212.5684755,84.3718582,2.86356397,2026,"Transit"
"TOI-2158 b",276.8100527,20.5268868,10.76062147,2022,"Transit"
"Kepler-1888 b",289.3945523,41.7822597,1.32578716,2021,"Transit"
"Kepler-1901 b",291.1643587,45.3183061,1.47418907,2021,"Transit"
"GJ 433 c",173.8619194,-32.5436302,6.27000000,2014,"Radial Velocity"
"K2-374 c",137.3794986,16.3558324,2.21300000,2022,"Transit"
"TOI-1860 b",226.4567308,64.0476821,1.31000000,2022,"Transit"
"TOI-1723 b",116.7971978,68.4766845,3.43500000,2024,"Transit"
"TOI-1937 A b",116.3707214,-52.3832587,13.97759893,2023,"Transit"
"Kepler-292 f",295.7661979,42.4242822,2.35000000,2014,"Transit"
"Kepler-1395 b",292.3374945,47.6641732,0.80000000,2016,"Transit"
"Kepler-1905 b",292.5733475,46.3668273,1.44607340,2021,"Transit"
"Kepler-65 e",288.6887221,41.1511076,13.90000000,2019,"Radial Velocity"
"GJ 682 b",264.2610245,-44.3232519,1.93000000,2014,"Radial Velocity"
"TOI-132 b",338.3996623,-43.4368720,3.42000000,2020,"Transit"
"TOI-2000 c",146.3970631,-66.6866307,8.14000000,2023,"Transit"
"TOI-2000 b",146.3970631,-66.6866307,2.70000000,2023,"Transit"
"TOI-2194 b",299.1563393,-31.3351812,1.98920000,2023,"Transit"
"TOI-2498 b",95.4162204,11.2516477,6.06000000,2023,"Transit"
"Kepler-102 e",281.4824731,47.2078263,2.17000000,2013,"Transit"
"HD 2685 b",7.3289156,-76.3040320,16.14096000,2019,"Transit"
"Kepler-95 b",284.4824281,44.3978910,3.42000000,2014,"Transit"
"Wendelstein-2 b",297.7909214,16.9125679,12.99347280,2020,"Transit"
"K2-384 b",20.4998403,0.7509701,1.07600000,2022,"Transit"
"HD 174205 b",280.7932014,70.7928237,13.00000000,2022,"Radial Velocity"
"TOI-2977 b",143.9265177,-60.3574758,13.15934334,2023,"Transit"
"Kepler-430 c",292.8085984,49.5794242,1.75000000,2015,"Transit"
"Kepler-1656 b",284.4722473,39.9118890,4.57400000,2018,"Transit"
"Kepler-647 c",284.7882977,44.5916225,4.00135002,2020,"Transit"
"Kepler-210 b",292.5034196,43.0832188,2.94000000,2014,"Transit"
"OGLE-2006-BLG-109L c",268.1437920,-30.0877778,11.10000000,2008,"Microlensing"
"KMT-2016-BLG-1397L b",272.6646120,-24.8577385,12.70000000,2018,"Microlensing"
"KMT-2019-BLG-0253L b",267.8825833,-29.5654722,2.99000000,2022,"Microlensing"
"KMT-2023-BLG-0548L b",270.3476250,-27.1067500,13.10000000,2025,"Microlensing"
"Kepler-1963 b",296.5875182,47.2071290,0.74437023,2021,"Transit"
"Kepler-1517 b",287.8072115,43.1888008,9.76000000,2016,"Transit"
"Kepler-1711 b",298.1772916,42.2370289,1.92300000,2021,"Transit"
"MOA-2010-BLG-328L b",269.4963330,-30.7151750,2.99000000,2013,"Microlensing"
"MOA-2011-BLG-291L b",268.8678890,-29.1706657,4.43000000,2018,"Microlensing"
"KMT-2018-BLG-1743L b",274.2833750,-26.3596389,10.50000000,2021,"Microlensing"
"OGLE-2018-BLG-0516L b",269.6401250,-31.2623889,4.73000000,2022,"Microlensing"
"KMT-2023-BLG-0949L b",263.4194167,-28.0914611,12.80000000,2025,"Microlensing"
"KMT-2024-BLG-2059L b",270.9297500,-28.5681889,2.54000000,2025,"Microlensing"
"Kepler-146 b",294.1107631,38.7102222,3.71000000,2014,"Transit"
"Kepler-1468 d",293.5198289,41.2773671,3.33187146,2021,"Transit"
"Kepler-348 c",297.2550814,40.5483883,1.33000000,2014,"Transit"
"Kepler-1641 c",296.3594560,41.5745321,2.95000000,2016,"Transit"
"Kepler-1641 b",296.3594560,41.5745321,3.11000000,2016,"Transit"
"Kepler-39 b",296.9603348,46.0342954,13.90000000,2011,"Transit"
"Kepler-174 c",287.4389454,43.8320052,1.49000000,2014,"Transit"
"KMT-2023-BLG-1642L b",261.3660000,-29.0584694,13.80000000,2024,"Microlensing"
"Kepler-1468 b",293.5198289,41.2773671,1.73000000,2016,"Transit"
"Kepler-203 b",297.0899590,41.3880686,2.57000000,2014,"Transit"
"Kepler-152 b",286.8653826,41.9889571,2.79000000,2014,"Transit"
"OGLE-2015-BLG-0966L b",268.7542500,-29.0471111,4.86000000,2016,"Microlensing"
"MOA-2011-BLG-028L b",270.8540000,-29.2134167,5.99000000,2016,"Microlensing"
"OGLE-2018-BLG-0383L b",268.6807500,-28.7392778,2.41000000,2022,"Microlensing"
"KMT-2021-BLG-1391L b",270.6835833,-28.0605000,1.97000000,2022,"Microlensing"
"Kepler-195 c",288.1209339,47.9666141,1.55000000,2014,"Transit"
"Kepler-880 c",281.9712347,43.6727839,2.87000000,2023,"Transit"
"Kepler-608 b",293.8829010,44.6380717,3.64000000,2016,"Transit"
"Kepler-1704 b",291.2012559,51.1442437,11.94877343,2021,"Transit"
"Kepler-561 c",293.7471107,45.1071981,2.68000000,2016,"Transit"
"OGLE-2015-BLG-0051L b",269.6625370,-28.0316944,14.00000000,2016,"Microlensing"
"OGLE-2018-BLG-0740L b",272.1769583,-29.8358056,12.90000000,2019,"Microlensing"
"OGLE-2017-BLG-1099L b",263.9642500,-29.5858611,13.10000000,2021,"Microlensing"
"KMT-2021-BLG-0748L b",272.4213333,-25.7465806,14.30000000,2022,"Microlensing"
"TOI-2267 d",65.0615000,84.9008250,1.77000000,2025,"Transit"
"Kepler-1719 b",284.7068546,38.9367566,3.95000623,2021,"Transit"
"Kepler-1254 c",285.1733174,48.7700099,1.30000000,2016,"Transit"
"Kepler-639 b",292.1868271,41.7269440,2.38000000,2016,"Transit"
"KMT-2016-BLG-0212L b",268.4392500,-29.0868889,12.20000000,2018,"Microlensing"
"KMT-2019-BLG-1552L b",269.5957917,-27.5669389,13.00000000,2022,"Microlensing"
"KMT-2024-BLG-0349L b",261.3715417,-30.2470194,12.40000000,2026,"Microlensing"
"Kepler-208 d",293.8901979,42.5279413,1.20000000,2014,"Transit"
"Kepler-171 b",296.7719082,41.7555958,2.34000000,2014,"Transit"
"Kepler-1525 b",290.5594479,49.9428629,0.91000000,2016,"Transit"
"Kepler-1645 b",297.4795142,48.4185820,1.78000000,2016,"Transit"
"KMT-2018-BLG-1990L b",268.4353750,-22.1525389,12.90000000,2019,"Microlensing"
"KMT-2018-BLG-0247L b",264.5600417,-27.1504111,13.40000000,2022,"Microlensing"
"Kepler-30 d",285.2836483,38.9472625,8.80000000,2012,"Transit"
"PSR B1257+12 d",195.0149029,12.6823534,1.80000000,1992,"Pulsar Timing"
"OGLE-2016-BLG-0263L b",269.8954160,-31.8186111,13.00000000,2017,"Microlensing"
"OGLE-2012-BLG-0026L c",263.5779170,-27.1427500,13.90000000,2012,"Microlensing"
"KMT-2018-BLG-2602L b",267.3970417,-21.9762000,13.70000000,2022,"Microlensing"
"KMT-2016-BLG-1337L b",269.1300417,-33.0341889,11.40000000,2026,"Microlensing"
"Kepler-220 d",291.5060432,46.8956262,0.98000000,2014,"Transit"
"Kepler-1949 b",293.5422586,43.0260555,2.21964541,2021,"Transit"
"Kepler-695 b",299.3160934,40.8223815,9.21000000,2016,"Transit"
"Kepler-529 d",285.8884067,47.8803640,2.79502603,2021,"Transit"
"OGLE-2005-BLG-390L b",268.5799580,-30.3773056,2.21000000,2005,"Microlensing"
"Kepler-220 b",291.5060432,46.8956262,0.81000000,2014,"Transit"
"Kepler-1993 b",293.7968548,45.1607261,4.15000000,2023,"Transit"
"Kepler-154 e",289.7805393,49.8965624,1.50000000,2016,"Transit"
"MOA-2009-BLG-387L b",268.4616250,-33.9903333,13.20000000,2010,"Microlensing"
"OGLE-2018-BLG-1647L b",268.9623750,-31.8170000,13.80000000,2022,"Microlensing"
"Kepler-154 c",289.7805393,49.8965624,2.95000000,2014,"Transit"
"Kepler-390 c",291.6288086,41.2088351,0.79000000,2014,"Transit"
"Kepler-967 c",286.5580128,38.4052418,3.65000000,2016,"Transit"
"Kepler-248 c",293.0613138,43.5813577,4.07000000,2014,"Transit"
"Kepler-648 b",283.8996207,45.0169137,3.22000000,2016,"Transit"
"OGLE-2017-BLG-0406L b",268.9996670,-29.8631389,14.20000000,2020,"Microlensing"
"OGLE-2018-BLG-1367L b",269.7556250,-29.1683611,13.80000000,2022,"Microlensing"
"OGLE-2018-BLG-0932L b",268.3512083,-29.0218056,13.90000000,2022,"Microlensing"
"OGLE-2017-BLG-0364L b",265.2278750,-34.6175833,10.30000000,2024,"Microlensing"
"Gaia23braL b",155.6294583,-63.2639167,13.50000000,2026,"Microlensing"
"Kepler-1814 c",285.2166767,41.2824449,1.76000000,2023,"Transit"
"Kepler-1588 b",288.2327232,48.0021967,0.76000000,2016,"Transit"
"Kepler-436 b",301.7207775,44.4120856,2.73000000,2015,"Transit"
"KOI-3503 c",293.1507654,41.7291532,1.21000000,2021,"Transit"
"Kepler-1491 c",293.6297645,45.7406293,2.44000000,2023,"Transit"
"Kepler-158 c",284.0323723,39.7815365,1.90000000,2014,"Transit"
"MOA-2011-BLG-293L b",268.9139580,-28.4768472,12.90000000,2012,"Microlensing"
"OGLE-2017-BLG-0173L b",267.9706120,-29.2713604,1.62000000,2018,"Microlensing"
"OGLE-2018-BLG-1269L b",269.6934170,-27.6179444,14.10000000,2020,"Microlensing"
"KMT-2021-BLG-0119L b",274.0005417,-29.7438889,12.80000000,2022,"Microlensing"
"Kepler-968 c",285.6025889,50.1120401,1.69000000,2016,"Transit"
"Kepler-28 b",292.1370409,42.4294835,1.95900000,2011,"Transit"
"Kepler-122 c",291.1118647,39.9490248,5.87000000,2014,"Transit"
"MOA-2008-BLG-379L b",269.7060000,-30.1969306,13.00000000,2013,"Microlensing"
"MOA-2022-BLG-091L b",268.9422083,-32.3414389,13.00000000,2025,"Microlensing"
"KMT-2023-BLG-2209L b",268.9942083,-29.3056694,13.90000000,2025,"Microlensing"
"Kepler-1533 b",295.9755645,44.7133739,3.46000000,2016,"Transit"
"Kepler-558 b",284.6579709,42.6526751,2.37000000,2016,"Transit"
"Kepler-177 c",286.0471442,45.0532038,8.73000000,2013,"Transit"
"OGLE-2014-BLG-1722L b",268.7523800,-31.4690552,8.59000000,2018,"Microlensing"
"OGLE-2015-BLG-1609L b",270.8237917,-26.9071111,10.40000000,2025,"Microlensing"
"Kepler-690 b",294.4899225,39.7714758,5.95000000,2016,"Transit"
"Kepler-46 b",289.2687388,42.6041819,9.05700000,2012,"Transit"
"Kepler-188 c",281.2797173,44.3154743,3.19000000,2014,"Transit"
"Kepler-586 b",293.0571982,45.5511266,2.79000000,2016,"Transit"
"Kepler-245 d",291.6389972,42.4363482,3.03000000,2014,"Transit"
"OGLE-2013-BLG-0341L B b",268.0312080,-29.8461111,1.16000000,2014,"Microlensing"
"KMT-2018-BLG-1976L b",266.3546667,-35.7003306,13.30000000,2021,"Microlensing"
"KMT-2017-BLG-0428L b",271.3852500,-28.4902806,2.23000000,2023,"Microlensing"
"KMT-2019-BLG-1806L b",270.5375417,-29.4148889,2.00000000,2023,"Microlensing"
"OGLE-2014-BLG-0124L b",270.6217083,-28.3962500,14.10000000,2015,"Microlensing"
"Kepler-1616 b",286.5436691,45.3048716,1.02000000,2016,"Transit"
"Kepler-362 b",291.7716030,47.5299192,0.88000000,2014,"Transit"
"Kepler-612 b",291.3546278,45.7478551,2.84000000,2016,"Transit"
"Kepler-81 c",293.6369437,42.8248275,2.37000000,2012,"Transit"
"OGLE-2013-BLG-1761L b",268.4094850,-28.8952713,13.20000000,2017,"Microlensing"
"KMT-2016-BLG-1105L b",266.4472500,-26.2663694,1.33000000,2023,"Microlensing"
"TOI-5573 b",136.4259999,55.3071309,9.75000000,2025,"Transit"
"Kepler-1144 b",290.0432936,47.2578857,1.99000000,2016,"Transit"
"Kepler-172 e",283.3684093,41.8218390,2.76000000,2014,"Transit"
"Kepler-694 b",291.1495269,40.4204569,2.80000000,2016,"Transit"
"K2-108 b",123.3818484,16.4195160,5.33000000,2017,"Transit"
"TOI-201 d",87.4017825,-54.9104230,1.39000000,2026,"Transit"
"Kepler-373 b",289.3879904,50.5970115,1.36000000,2014,"Transit"
"Kepler-377 c",295.4220717,38.7356737,2.06000000,2014,"Transit"
"Kepler-444 d",289.7528323,41.6318840,0.53000000,2015,"Transit"
"Kepler-1649 b",292.5029676,41.8299933,1.01700000,2017,"Transit"
"Kepler-179 c",298.6636163,47.7619329,2.00000000,2014,"Transit"
"K2-179 b",58.7967878,23.7567524,2.51267885,2018,"Transit"
"Kepler-219 d",288.7389481,46.7625929,2.81000000,2014,"Transit"
"Kepler-50 b",288.1009312,50.0336844,1.71000000,2012,"Transit"
"Kepler-1787 b",289.0643042,47.1174041,2.31898181,2021,"Transit"
"Kepler-1542 b",285.7284757,42.6544651,0.76000000,2016,"Transit"
"Kepler-1444 b",285.3306799,42.0405016,2.18000000,2016,"Transit"
"Kepler-1997 b",297.4808253,46.5891373,2.28000000,2023,"Transit"
"Kepler-241 b",292.9131121,41.0609786,2.33000000,2014,"Transit"
"Kepler-1624 b",292.5798564,37.3762616,6.59000000,2016,"Transit"
"K2-168 b",333.1100738,-16.3418863,1.86000000,2018,"Transit"
"K2-119 b",132.0098683,16.9017663,2.53000000,2017,"Transit"
"Kepler-730 c",285.5547895,45.5788420,1.56926000,2018,"Transit"
"TOI-5319 b",35.2135563,23.5204408,2.83000000,2024,"Transit"
"HD 80883 b",139.9331831,-59.4780815,12.80000000,2022,"Radial Velocity"
"Kepler-1585 b",296.1589897,44.5630457,1.79000000,2016,"Transit"
"Kepler-1961 b",286.3300783,39.6831276,1.61878080,2021,"Transit"
"Kepler-1446 b",289.4240357,46.7260823,0.82000000,2016,"Transit"
"Kepler-342 c",292.6780488,46.7266813,1.96000000,2014,"Transit"
"K2-121 b",126.9366624,17.5793267,7.16000000,2017,"Transit"
"Kepler-279 e",287.3912950,42.1948220,4.13000000,2025,"Transit"
"KOI-3680 b",293.2815266,45.3096572,11.09691000,2018,"Transit"
"Kepler-1638 b",295.4823299,48.5244695,1.87000000,2016,"Transit"
"K2-146 b",130.0266951,19.0923416,2.05000000,2018,"Transit"
"Kepler-677 b",290.0980478,50.3215731,5.38000000,2016,"Transit"
"TOI-5344 b",63.2662165,20.9151568,10.60369574,2023,"Transit"
"Kepler-1811 b",289.9793241,40.1427848,3.84829873,2021,"Transit"
"Kepler-481 b",291.9069862,49.2620760,2.50000000,2016,"Transit"
"Kepler-375 c",288.6178715,48.0983639,2.65000000,2014,"Transit"
"Kepler-113 c",287.9978721,50.9441847,2.18000000,2014,"Transit"
"Kepler-9 b",285.5739904,38.4008192,8.29000000,2010,"Transit"
"Kepler-1590 b",291.4079141,48.0178915,1.14000000,2016,"Transit"
"Kepler-1514 b",292.6274943,37.8601653,12.41957200,2016,"Transit"
"Kepler-175 b",289.5532320,43.8761160,2.56000000,2014,"Transit"
"K2-83 b",59.9013782,15.5587994,1.24400000,2016,"Transit"
"Kepler-231 c",293.9733913,50.5318460,1.93000000,2014,"Transit"
"Kepler-1683 b",298.4501035,44.2840193,1.87477762,2020,"Transit"
"Kepler-1653 b",296.4577020,41.2660210,2.17000000,2017,"Transit"
"Kepler-150 c",288.2341025,40.5208970,3.69000000,2014,"Transit"
"Kepler-239 b",294.2020505,40.6633313,2.33000000,2014,"Transit"
"Kepler-343 c",291.9606620,42.4329567,2.02000000,2014,"Transit"
"TOI-5380 b",112.7611492,73.1287844,3.48093238,2026,"Transit"
"Kepler-1022 b",289.3520595,46.9736345,2.36000000,2016,"Transit"
"Kepler-354 b",285.7515347,41.3356739,1.84000000,2014,"Transit"
"Kepler-1434 b",295.5384415,51.2030002,1.11000000,2016,"Transit"
"Kepler-1593 b",300.4882018,44.4606698,3.17000000,2016,"Transit"
"Kepler-1453 b",286.1255037,47.9475586,2.67000000,2016,"Transit"
"Kepler-1989 b",290.7351869,44.0912620,4.62000000,2023,"Transit"
"K2-122 b",126.4762179,20.3593384,1.16000000,2017,"Transit"
"Kepler-1046 b",296.7558056,46.9982799,1.71000000,2016,"Transit"
"Kepler-122 b",291.1118647,39.9490248,2.34000000,2014,"Transit"
"Kepler-1907 c",280.7085829,47.3279236,1.15547044,2021,"Transit"
"Kepler-1594 b",293.6230451,47.9619127,1.06000000,2016,"Transit"
"Kepler-80 b",296.1125759,39.9787451,2.67000000,2012,"Transit"
"Kepler-438 b",281.6457236,41.9510686,1.12000000,2015,"Transit"
"Kepler-1455 b",294.0830662,50.5027572,2.16000000,2016,"Transit"
"Kepler-1490 b",295.6935734,42.6094543,3.04000000,2016,"Transit"
"Kepler-700 b",287.1542240,41.5657775,5.99000000,2016,"Transit"
"K2-345 b",132.7075876,21.7890367,2.11000000,2021,"Transit"
"Kepler-1133 b",293.3224114,42.8674925,1.97000000,2016,"Transit"
"Kepler-1953 b",287.9680995,46.4705959,1.28574667,2021,"Transit"
"Kepler-53 b",290.4617926,40.5624966,2.89000000,2012,"Transit"
"Kepler-1518 b",300.3323404,44.9861065,3.05000000,2016,"Transit"
"Kepler-251 b",296.5662171,44.1058077,1.33000000,2014,"Transit"
"Kepler-370 c",292.1710683,40.9162381,1.91000000,2014,"Transit"
"Kepler-1161 b",299.0770621,45.4405583,2.13000000,2016,"Transit"
"Kepler-1184 b",291.2820310,46.9659514,2.68000000,2016,"Transit"
"Kepler-1181 c",289.7473165,39.5234131,1.83000000,2023,"Transit"
"Kepler-1599 b",286.2208685,41.1511886,1.62000000,2016,"Transit"
"Kepler-442 b",285.3666029,39.2800704,1.34000000,2015,"Transit"
"Kepler-1185 b",287.2411783,39.3326977,1.33000000,2016,"Transit"
"K2-181 b",127.5541103,10.9101444,2.69000000,2018,"Transit"
"Kepler-31 d",294.0230229,45.8530535,3.90000000,2014,"Transit"
"Kepler-1070 b",293.1953923,49.3165410,1.73000000,2016,"Transit"
"Kepler-1162 b",283.2920273,45.4339813,2.21000000,2016,"Transit"
"Kepler-1560 b",292.7846013,43.2160100,0.89000000,2016,"Transit"
"Kepler-1702 b",284.9724842,44.5674794,1.60190793,2020,"Transit"
"Kepler-1621 b",297.5885341,43.8411937,2.16000000,2016,"Transit"
"Kepler-240 c",291.1587635,40.7502108,2.20000000,2014,"Transit"
"Kepler-1972 c",288.3953074,39.8725067,0.86800000,2022,"Transit"
"K2-278 b",203.3018653,-14.5041057,2.98000000,2018,"Transit"
"Kepler-42 d",292.2196000,44.6173667,0.57000000,2011,"Transit"
"Kepler-1050 b",282.9249847,48.6264015,1.60000000,2016,"Transit"
"Kepler-1001 b",286.2739151,48.6186972,3.15000000,2016,"Transit"
"Kepler-478 b",292.4870063,46.1961870,2.71000000,2016,"Transit"
"Kepler-1164 b",287.5296372,38.8945065,1.12000000,2016,"Transit"
"Kepler-692 b",294.7768068,40.1537027,3.11000000,2016,"Transit"
"Kepler-1464 c",287.2356828,38.7540824,1.00000000,2016,"Transit"
"K2-268 c",133.7094899,11.8482712,2.69000000,2018,"Transit"
"Kepler-594 b",288.9217259,49.7620237,2.18000000,2016,"Transit"
"Kepler-23 c",294.2189131,49.4792536,3.00500000,2011,"Transit"
"Kepler-150 b",288.2341025,40.5208970,1.25000000,2014,"Transit"
"Kepler-199 b",295.5594278,40.2362490,3.11000000,2014,"Transit"
"Kepler-1499 b",283.9863480,41.6505091,1.19000000,2016,"Transit"
"Kepler-1498 b",284.7780883,44.9167513,1.33000000,2016,"Transit"
"Kepler-611 b",286.0049121,45.4803043,1.65000000,2016,"Transit"
"TOI-5502 b",135.2040560,27.9983339,4.12873780,2026,"Transit"
"Kepler-1141 b",290.5436836,47.7259073,0.82000000,2016,"Transit"
"Kepler-1073 b",294.1527259,38.2330886,2.30000000,2016,"Transit"
"Kepler-1170 b",292.1685422,43.7795963,2.41000000,2016,"Transit"
"Kepler-157 d",291.0972257,38.8756049,1.46000000,2016,"Transit"
"Kepler-549 c",283.0228527,47.2611431,2.93000000,2016,"Transit"
"Kepler-688 b",294.6552312,39.3083446,9.76000000,2016,"Transit"
"Kepler-632 b",297.2526130,40.2886050,2.21000000,2016,"Transit"
"Kepler-1502 b",296.1079271,39.3199201,3.18000000,2016,"Transit"
"Kepler-253 b",291.8419337,44.8581240,1.63000000,2014,"Transit"
"Kepler-1119 b",297.0191018,44.3274936,1.92000000,2016,"Transit"
"Kepler-543 b",287.2187273,38.8625366,2.50000000,2016,"Transit"
"Kepler-693 b",283.2535270,40.3582155,10.18000000,2016,"Transit"
"Kepler-1710 b",291.6832878,37.7514726,3.19744103,2021,"Transit"
"Kepler-1928 b",290.4406294,38.5235721,1.99200000,2021,"Transit"
"Kepler-1999 b",282.3705675,48.2592340,3.29000000,2023,"Transit"
"KOI-7368 b",293.9476365,48.0652589,2.22000000,2022,"Transit"
"K2-198 b",198.8436817,-6.4649888,4.18900000,2018,"Transit"
"Kepler-227 c",291.9342748,48.1416760,3.04000000,2014,"Transit"
"Kepler-26 d",284.9410627,46.5664505,1.07000000,2014,"Transit"
"KELT-17 b",125.6174070,13.7353093,17.09372500,2016,"Transit"
"IC 4651 9122 b",261.2086139,-49.9489317,12.70000000,2018,"Radial Velocity"
"GJ 229 b",92.6435993,-21.8677233,3.97000000,2014,"Radial Velocity"
"GJ 180 c",73.4600970,-17.7761940,2.41000000,2014,"Radial Velocity"
"HD 68988 c",124.5935429,61.4608518,12.20000000,2021,"Radial Velocity"
"KIC 5479689 b",299.3254983,40.6381229,14.20000000,2021,"Orbital Brightness Modulation"
"HD 93385 b",161.5627065,-41.4646040,1.88000000,2021,"Radial Velocity"
"Kepler-294 c",287.3920392,46.0592578,2.71000000,2014,"Transit"
"TOI-4311 c",41.6855224,-31.1793201,2.47000000,2026,"Transit"
"WASP-118 b",19.5505861,2.7027847,16.14096000,2016,"Transit"
"TAP 26 b",64.7154450,17.3878826,13.50000000,2017,"Radial Velocity"
"HD 92788 c",160.7021351,-2.1847173,13.00000000,2019,"Radial Velocity"
"GJ 422 b",168.9810458,-57.5425629,3.33000000,2014,"Radial Velocity"
"GJ 414 A c",167.7745044,30.4451688,8.40000000,2021,"Radial Velocity"
"TOI-3593 b",331.5063640,34.2116583,11.02963701,2025,"Transit"
"WASP-195 b",247.5496427,49.8957910,10.31226224,2025,"Transit"
"TOI-4529 b",16.9688462,12.8809549,1.77000000,2026,"Transit"
"HD 27631 b",64.9392168,-41.9606604,13.50000000,2012,"Radial Velocity"
"Wolf 503 b",206.8461979,-6.1393369,2.04300000,2018,"Transit"
"WASP-183 b",163.7888521,-0.7370663,16.47723000,2019,"Transit"
"Kepler-1747 b",284.2096557,45.2580820,4.26508000,2021,"Transit"
"Kepler-906 b",291.4055614,40.1254254,2.11000000,2016,"Transit"
"TOI-4551 b",184.9787579,-25.8278531,11.85910158,2023,"Transit"
"HD 98649 b",170.2147665,-23.2181063,12.50000000,2012,"Radial Velocity"
"Kepler-780 b",281.7663511,44.2924898,0.89000000,2016,"Transit"
"NGTS-16 b",58.2639299,-30.8046405,14.57167491,2021,"Transit"
"TOI-1634 b",56.3906096,37.1122803,1.75900000,2021,"Transit"
"Kepler-275 b",292.4797004,38.5149018,2.34000000,2014,"Transit"
"Kepler-121 c",286.1621273,39.6780204,2.27000000,2014,"Transit"
"TOI-4342 c",324.3894196,-77.9791468,2.34900000,2023,"Transit"
"Kepler-168 b",294.7101832,39.8250437,1.46000000,2014,"Transit"
"Kepler-471 b",299.0975167,43.4975851,14.96000000,2016,"Transit"
"HD 42012 b",92.4854730,34.1341722,13.50000000,2017,"Radial Velocity"
"Qatar-10 b",284.4439052,69.5708373,17.29548700,2019,"Transit"
"GJ 720 A b",278.8294172,45.7456038,3.77000000,2021,"Radial Velocity"
"HD 137496 b",231.7420543,-16.5090014,1.31000000,2021,"Transit"
"K2-389 b",355.6304152,-9.7135814,2.33000000,2022,"Transit"
"Kepler-17 b",298.3952437,47.8149865,14.68000000,2011,"Transit"
"Kepler-176 b",294.6679021,43.8532104,1.43000000,2014,"Transit"
"NN Ser d",238.2337015,12.9120871,13.30000000,2010,"Eclipse Timing Variations"
"HD 214823 b",340.0832062,31.7875183,12.10000000,2016,"Radial Velocity"
"Kepler-761 b",290.5035990,44.1436249,2.03000000,2016,"Transit"
"TOI-216.01",73.9800129,-63.2603301,10.10000000,2019,"Transit"
"TOI-1259 A b",282.1001665,79.2564761,11.60000000,2021,"Transit"
"Kepler-107 e",297.0281620,48.2086019,2.90300000,2014,"Transit"
"Kepler-450 c",295.4865821,51.0135237,2.62000000,2015,"Transit"
"TOI-4578 b",184.2109675,75.1402358,2.26974262,2026,"Transit"
"HD 1605 b",5.1317548,30.9750611,13.80000000,2015,"Radial Velocity"
"HD 210193 b",332.3951324,-41.2252050,14.30000000,2019,"Radial Velocity"
"HD 108236 c",186.5740627,-51.3630519,2.07100000,2020,"Transit"
"K2-392 b",354.6499065,-7.4788816,1.85000000,2022,"Transit"
"TOI-4145 A b",39.4297435,80.2673838,13.30506009,2023,"Transit"
"TOI-4379 b",252.0478813,-32.4337532,16.69017226,2024,"Transit"
"Kepler-1663 b",290.4015156,48.8227234,3.30395896,2020,"Transit"
"Kepler-273 c",291.3021458,47.6976573,1.98000000,2014,"Transit"
"GJ 3138 c",32.2977385,-16.3392495,1.88000000,2017,"Radial Velocity"
"K2-291 b",76.4459400,21.5481990,1.58900000,2019,"Transit"
"HD 39855 b",88.6260731,-19.7044472,2.85000000,2019,"Radial Velocity"
"HIP 90988 b",278.3892816,-50.2116920,13.40000000,2021,"Radial Velocity"
"TOI-558 b",42.2915093,-58.0246828,12.17295304,2021,"Transit"
"GPX-1 b",38.3691648,56.0257080,16.47720163,2021,"Transit"
"TOI-3819 b",121.8632568,29.3886446,13.13692538,2023,"Transit"
"Kepler-181 b",296.1512831,50.0957806,1.27000000,2014,"Transit"
"K2-38 c",240.0333095,-23.1894196,2.29000000,2016,"Transit"
"HD 224538 b",359.7164302,-61.5868613,12.70000000,2016,"Radial Velocity"
"GJ 273 b",111.8520910,5.2258070,1.51000000,2017,"Radial Velocity"
"K2-292 b",205.3758786,-9.9460704,2.63000000,2019,"Transit"
"GJ 4276 b",336.3221454,59.4125030,4.22000000,2019,"Radial Velocity"
"HD 102843 b",177.5854673,-1.2522989,13.10000000,2019,"Radial Velocity"
"Kepler-271 b",283.0029316,44.2841080,1.23000000,2014,"Transit"
"CFHTWIR-Oph 98 b",246.9342770,-23.9811500,20.84870410,2020,"Imaging"
"TOI-1431 b",316.2036922,55.5880221,16.70138124,2021,"Transit"
"K2-395 c",70.4438684,16.6743415,3.39500000,2022,"Transit"
"TOI-4406 b",18.0485164,-56.9253875,11.20898070,2023,"Transit"
"Kepler-149 d",285.8537014,38.3840916,3.96000000,2014,"Transit"
"TOI-4405 b",101.5953368,-75.4441271,2.55505441,2026,"Transit"
"TOI-5027 b",243.8850212,-69.2170972,10.76062147,2025,"Transit"
"GJ 273 c",111.8520910,5.2258070,1.06000000,2017,"Radial Velocity"
"HD 20781 d",50.0139757,-28.7841175,3.25000000,2019,"Radial Velocity"
"HD 110113 b",190.0365636,-44.3120777,2.05000000,2021,"Transit"
"HAT-P-63 b",269.5720695,5.7613709,12.54284940,2021,"Transit"
"K2-398 b",161.7349738,1.9367044,2.27400000,2022,"Transit"
"TOI-3862 b",185.9005633,50.5446246,5.53000000,2026,"Transit"
"Kepler-284 c",293.1465698,47.7297053,2.61000000,2014,"Transit"
"TOI-4662 b",57.5160311,-31.0940247,2.87998299,2026,"Transit"
"HD 7924 c",20.4956562,76.7101475,,2015,"Radial Velocity"
"NGC 2682 YBP 401 b",132.8293081,11.6710271,14.30000000,2016,"Radial Velocity"
"WASP-142 b",140.5063164,-23.9461020,17.14977000,2016,"Transit"
"WASP-171 b",171.8450533,-44.0887035,10.98482000,2019,"Transit"
"TOI-1789 b",142.7434060,26.5399951,16.14093221,2021,"Transit"
"HD 35843 c",81.3488924,-44.4312849,2.54000000,2025,"Transit"
"TOI-4666 b",56.2898862,-39.0631799,12.53164042,2025,"Transit"
"BD+20 594 b",53.6511231,20.5990205,2.57807000,2016,"Transit"
"Kepler-19 d",290.4209694,37.8516556,5.06000000,2017,"Radial Velocity"
"GJ 143 b",51.7501882,-63.5001660,2.61000000,2019,"Transit"
"WASP-182 b",311.6733450,-41.8209828,9.52765000,2019,"Transit"
"HD 107148 c",184.8059773,-3.3199927,4.70000000,2021,"Radial Velocity"
"Kepler-833 b",290.4799052,45.6005798,2.02000000,2016,"Transit"
"Kepler-94 b",281.1947316,47.4972606,3.51000000,2014,"Transit"
"TOI-4463 A b",279.3581286,18.7299522,13.26022417,2023,"Transit"
"HATS-9 b",290.8101704,-20.1663771,13.85000000,2015,"Transit"
"TYC 0434-04538-1 b",271.3396528,2.0622774,12.70000000,2021,"Radial Velocity"
"Kepler-839 b",291.0746840,45.2425440,2.57000000,2016,"Transit"
"HD 27969 b",66.7068364,42.9087200,12.90000000,2021,"Radial Velocity"
"TOI-3912 b",215.8014956,24.0765639,14.28024141,2023,"Transit"
"Kepler-294 b",287.3920392,46.0592578,1.77000000,2014,"Transit"
"TOI-4487 A b",306.4220814,45.9710306,14.60530185,2025,"Transit"
"K2-251 b",190.6892403,-8.5359826,2.35000000,2018,"Transit"
"GJ 3512 b",130.3316616,59.4918364,14.30000000,2019,"Radial Velocity"
"HD 145675 c",242.6021014,43.8163621,12.60000000,2021,"Radial Velocity"
"HD 95544 b",166.3231784,81.0389868,12.80000000,2021,"Radial Velocity"
"Kepler-309 b",297.5098911,46.9614121,1.56000000,2014,"Transit"
"WASP-74 b",304.5388430,-1.0760033,15.24424000,2015,"Transit"
"Qatar-7 b",358.5151344,37.0218242,19.05530000,2019,"Transit"
"Kepler-270 b",282.2001207,44.4222795,2.01000000,2014,"Transit"
"TOI-628 b",99.2630608,1.7675497,11.88154000,2021,"Transit"
"HD 168009 b",273.8847918,45.2088229,3.05000000,2021,"Radial Velocity"
"HD 164922 e",270.6304652,26.3104077,3.23000000,2021,"Radial Velocity"
"HD 115954 b",199.9853694,38.3691383,12.60000000,2021,"Radial Velocity"
"TOI-1278 b",320.4784442,35.6486250,12.21778896,2021,"Transit"
"LHS 1678 b",68.1789866,-39.7908744,0.68500000,2021,"Transit"
"TOI-3980 b",12.8419374,59.5758606,14.45958510,2025,"Transit"
"Kepler-903 b",288.7710137,40.6641771,2.01000000,2016,"Transit"
"Kepler-84 c",298.2520208,40.4960842,2.36000000,2012,"Transit"
"TOI-4507 b",80.4513677,-69.9882175,8.20000000,2025,"Transit"
"TOI-5160 b",114.6393985,31.3944536,2.39729851,2026,"Transit"
"EPIC 211822797 b",130.4102091,17.6399744,1.92000000,2016,"Transit"
"K2-254 c",185.5507926,-4.7172908,2.19000000,2018,"Transit"
"GJ 160.2 b",61.6454173,-20.8564724,3.17000000,2014,"Radial Velocity"
"HD 39194 d",86.1290710,-70.1382377,2.12000000,2021,"Radial Velocity"
"Kepler-304 b",294.4418031,40.5575408,2.86000000,2014,"Transit"
"Kepler-1756 b",294.3649040,40.7208898,1.47199944,2021,"Transit"
"EPIC 206317286 c",337.6178427,-7.9724560,2.09400000,2022,"Transit"
"Kepler-195 b",288.1209339,47.9666141,2.03000000,2014,"Transit"
"K2-28 b",335.6233145,-7.9563525,2.32000000,2016,"Transit"
"Kepler-1724 b",296.1207272,47.9214736,2.83677238,2021,"Transit"
"HAT-P-7 b",292.2471900,47.9695429,16.92559000,2008,"Transit"
"Kepler-551 b",285.4850450,48.0543774,2.73000000,2016,"Transit"
"K2-44 b",174.0116610,-2.5209338,2.43300000,2016,"Transit"
"K2-27 b",171.5151874,1.2306237,4.74000000,2016,"Transit"
"K2-378 b",205.1596569,-11.1172332,2.88000000,2022,"Transit"
"K2-42 b",176.6657559,-5.1720463,2.15000000,2016,"Transit"
"K2-193 b",205.2371043,-11.0093342,3.95000000,2018,"Transit"
"Kepler-452 b",296.0037520,44.2775861,1.63000000,2015,"Transit"
"Kepler-220 c",291.5060432,46.8956262,1.57000000,2014,"Transit"
"Kepler-228 d",296.2860853,48.2246328,4.04000000,2014,"Transit"
"Kepler-565 b",283.6180825,47.1967793,3.64000000,2016,"Transit"
"K2-35 b",170.1031027,1.2858679,1.32000000,2016,"Transit"
"Kepler-1720 b",296.8086813,47.1718557,3.21585295,2021,"Transit"
"K2-368 b",332.6357627,-11.1661157,1.33200000,2022,"Transit"
